[0.000000] (-) TimerEvent: {}
[0.000504] (as2_cli) JobQueued: {'identifier': 'as2_cli', 'dependencies': OrderedDict()}
[0.000541] (as2_msgs) JobQueued: {'identifier': 'as2_msgs', 'dependencies': OrderedDict()}
[0.000596] (as2_core) JobQueued: {'identifier': 'as2_core', 'dependencies': OrderedDict([('as2_msgs', '/home/developer/aerostack2_ws/install/as2_msgs')])}
[0.000616] (as2_alphanumeric_viewer) JobQueued: {'identifier': 'as2_alphanumeric_viewer', 'dependencies': OrderedDict([('as2_msgs', '/home/developer/aerostack2_ws/install/as2_msgs'), ('as2_core', '/home/developer/aerostack2_ws/install/as2_core')])}
[0.000679] (as2_behavior) JobQueued: {'identifier': 'as2_behavior', 'dependencies': OrderedDict([('as2_msgs', '/home/developer/aerostack2_ws/install/as2_msgs'), ('as2_core', '/home/developer/aerostack2_ws/install/as2_core')])}
[0.000704] (as2_behavior_tree) JobQueued: {'identifier': 'as2_behavior_tree', 'dependencies': OrderedDict([('as2_msgs', '/home/developer/aerostack2_ws/install/as2_msgs'), ('as2_core', '/home/developer/aerostack2_ws/install/as2_core')])}
[0.000722] (as2_external_object_to_tf) JobQueued: {'identifier': 'as2_external_object_to_tf', 'dependencies': OrderedDict([('as2_msgs', '/home/developer/aerostack2_ws/install/as2_msgs'), ('as2_core', '/home/developer/aerostack2_ws/install/as2_core')])}
[0.000738] (as2_gazebo_assets) JobQueued: {'identifier': 'as2_gazebo_assets', 'dependencies': OrderedDict([('as2_msgs', '/home/developer/aerostack2_ws/install/as2_msgs'), ('as2_core', '/home/developer/aerostack2_ws/install/as2_core')])}
[0.000753] (as2_geozones) JobQueued: {'identifier': 'as2_geozones', 'dependencies': OrderedDict([('as2_msgs', '/home/developer/aerostack2_ws/install/as2_msgs'), ('as2_core', '/home/developer/aerostack2_ws/install/as2_core')])}
[0.000768] (as2_map_server) JobQueued: {'identifier': 'as2_map_server', 'dependencies': OrderedDict([('as2_msgs', '/home/developer/aerostack2_ws/install/as2_msgs'), ('as2_core', '/home/developer/aerostack2_ws/install/as2_core')])}
[0.000783] (as2_motion_reference_handlers) JobQueued: {'identifier': 'as2_motion_reference_handlers', 'dependencies': OrderedDict([('as2_msgs', '/home/developer/aerostack2_ws/install/as2_msgs'), ('as2_core', '/home/developer/aerostack2_ws/install/as2_core')])}
[0.000799] (as2_platform_multirotor_simulator) JobQueued: {'identifier': 'as2_platform_multirotor_simulator', 'dependencies': OrderedDict([('as2_msgs', '/home/developer/aerostack2_ws/install/as2_msgs'), ('as2_core', '/home/developer/aerostack2_ws/install/as2_core')])}
[0.000816] (as2_realsense_interface) JobQueued: {'identifier': 'as2_realsense_interface', 'dependencies': OrderedDict([('as2_msgs', '/home/developer/aerostack2_ws/install/as2_msgs'), ('as2_core', '/home/developer/aerostack2_ws/install/as2_core')])}
[0.000832] (as2_state_estimator) JobQueued: {'identifier': 'as2_state_estimator', 'dependencies': OrderedDict([('as2_msgs', '/home/developer/aerostack2_ws/install/as2_msgs'), ('as2_core', '/home/developer/aerostack2_ws/install/as2_core')])}
[0.000848] (as2_usb_camera_interface) JobQueued: {'identifier': 'as2_usb_camera_interface', 'dependencies': OrderedDict([('as2_msgs', '/home/developer/aerostack2_ws/install/as2_msgs'), ('as2_core', '/home/developer/aerostack2_ws/install/as2_core')])}
[0.000863] (as2_behaviors_motion) JobQueued: {'identifier': 'as2_behaviors_motion', 'dependencies': OrderedDict([('as2_msgs', '/home/developer/aerostack2_ws/install/as2_msgs'), ('as2_core', '/home/developer/aerostack2_ws/install/as2_core'), ('as2_behavior', '/home/developer/aerostack2_ws/install/as2_behavior'), ('as2_motion_reference_handlers', '/home/developer/aerostack2_ws/install/as2_motion_reference_handlers')])}
[0.000885] (as2_behaviors_param_estimation) JobQueued: {'identifier': 'as2_behaviors_param_estimation', 'dependencies': OrderedDict([('as2_msgs', '/home/developer/aerostack2_ws/install/as2_msgs'), ('as2_core', '/home/developer/aerostack2_ws/install/as2_core'), ('as2_behavior', '/home/developer/aerostack2_ws/install/as2_behavior')])}
[0.000904] (as2_behaviors_path_planning) JobQueued: {'identifier': 'as2_behaviors_path_planning', 'dependencies': OrderedDict([('as2_msgs', '/home/developer/aerostack2_ws/install/as2_msgs'), ('as2_core', '/home/developer/aerostack2_ws/install/as2_core'), ('as2_behavior', '/home/developer/aerostack2_ws/install/as2_behavior')])}
[0.000926] (as2_behaviors_payload) JobQueued: {'identifier': 'as2_behaviors_payload', 'dependencies': OrderedDict([('as2_msgs', '/home/developer/aerostack2_ws/install/as2_msgs'), ('as2_core', '/home/developer/aerostack2_ws/install/as2_core'), ('as2_behavior', '/home/developer/aerostack2_ws/install/as2_behavior')])}
[0.000949] (as2_behaviors_perception) JobQueued: {'identifier': 'as2_behaviors_perception', 'dependencies': OrderedDict([('as2_msgs', '/home/developer/aerostack2_ws/install/as2_msgs'), ('as2_core', '/home/developer/aerostack2_ws/install/as2_core'), ('as2_behavior', '/home/developer/aerostack2_ws/install/as2_behavior')])}
[0.000966] (as2_behaviors_platform) JobQueued: {'identifier': 'as2_behaviors_platform', 'dependencies': OrderedDict([('as2_msgs', '/home/developer/aerostack2_ws/install/as2_msgs'), ('as2_core', '/home/developer/aerostack2_ws/install/as2_core'), ('as2_behavior', '/home/developer/aerostack2_ws/install/as2_behavior')])}
[0.000985] (as2_behaviors_swarm_flocking) JobQueued: {'identifier': 'as2_behaviors_swarm_flocking', 'dependencies': OrderedDict([('as2_msgs', '/home/developer/aerostack2_ws/install/as2_msgs'), ('as2_core', '/home/developer/aerostack2_ws/install/as2_core'), ('as2_behavior', '/home/developer/aerostack2_ws/install/as2_behavior'), ('as2_motion_reference_handlers', '/home/developer/aerostack2_ws/install/as2_motion_reference_handlers')])}
[0.001015] (as2_behaviors_trajectory_generation) JobQueued: {'identifier': 'as2_behaviors_trajectory_generation', 'dependencies': OrderedDict([('as2_msgs', '/home/developer/aerostack2_ws/install/as2_msgs'), ('as2_core', '/home/developer/aerostack2_ws/install/as2_core'), ('as2_behavior', '/home/developer/aerostack2_ws/install/as2_behavior'), ('as2_motion_reference_handlers', '/home/developer/aerostack2_ws/install/as2_motion_reference_handlers')])}
[0.001036] (as2_motion_controller) JobQueued: {'identifier': 'as2_motion_controller', 'dependencies': OrderedDict([('as2_msgs', '/home/developer/aerostack2_ws/install/as2_msgs'), ('as2_core', '/home/developer/aerostack2_ws/install/as2_core'), ('as2_motion_reference_handlers', '/home/developer/aerostack2_ws/install/as2_motion_reference_handlers')])}
[0.001052] (as2_platform_gazebo) JobQueued: {'identifier': 'as2_platform_gazebo', 'dependencies': OrderedDict([('as2_msgs', '/home/developer/aerostack2_ws/install/as2_msgs'), ('as2_core', '/home/developer/aerostack2_ws/install/as2_core'), ('as2_gazebo_assets', '/home/developer/aerostack2_ws/install/as2_gazebo_assets')])}
[0.001068] (as2_python_api) JobQueued: {'identifier': 'as2_python_api', 'dependencies': OrderedDict([('as2_msgs', '/home/developer/aerostack2_ws/install/as2_msgs'), ('as2_core', '/home/developer/aerostack2_ws/install/as2_core'), ('as2_motion_reference_handlers', '/home/developer/aerostack2_ws/install/as2_motion_reference_handlers')])}
[0.001083] (as2_rviz_plugins) JobQueued: {'identifier': 'as2_rviz_plugins', 'dependencies': OrderedDict([('as2_msgs', '/home/developer/aerostack2_ws/install/as2_msgs'), ('as2_core', '/home/developer/aerostack2_ws/install/as2_core'), ('as2_motion_reference_handlers', '/home/developer/aerostack2_ws/install/as2_motion_reference_handlers')])}
[0.001099] (as2_visualization) JobQueued: {'identifier': 'as2_visualization', 'dependencies': OrderedDict([('as2_msgs', '/home/developer/aerostack2_ws/install/as2_msgs'), ('as2_core', '/home/developer/aerostack2_ws/install/as2_core'), ('as2_gazebo_assets', '/home/developer/aerostack2_ws/install/as2_gazebo_assets')])}
[0.001115] (as2_keyboard_teleoperation) JobQueued: {'identifier': 'as2_keyboard_teleoperation', 'dependencies': OrderedDict([('as2_msgs', '/home/developer/aerostack2_ws/install/as2_msgs'), ('as2_core', '/home/developer/aerostack2_ws/install/as2_core'), ('as2_motion_reference_handlers', '/home/developer/aerostack2_ws/install/as2_motion_reference_handlers'), ('as2_python_api', '/home/developer/aerostack2_ws/install/as2_python_api')])}
[0.001135] (aerostack2) JobQueued: {'identifier': 'aerostack2', 'dependencies': OrderedDict([('as2_cli', '/home/developer/aerostack2_ws/install/as2_cli'), ('as2_msgs', '/home/developer/aerostack2_ws/install/as2_msgs'), ('as2_core', '/home/developer/aerostack2_ws/install/as2_core'), ('as2_alphanumeric_viewer', '/home/developer/aerostack2_ws/install/as2_alphanumeric_viewer'), ('as2_behavior', '/home/developer/aerostack2_ws/install/as2_behavior'), ('as2_behavior_tree', '/home/developer/aerostack2_ws/install/as2_behavior_tree'), ('as2_external_object_to_tf', '/home/developer/aerostack2_ws/install/as2_external_object_to_tf'), ('as2_gazebo_assets', '/home/developer/aerostack2_ws/install/as2_gazebo_assets'), ('as2_geozones', '/home/developer/aerostack2_ws/install/as2_geozones'), ('as2_map_server', '/home/developer/aerostack2_ws/install/as2_map_server'), ('as2_motion_reference_handlers', '/home/developer/aerostack2_ws/install/as2_motion_reference_handlers'), ('as2_platform_multirotor_simulator', '/home/developer/aerostack2_ws/install/as2_platform_multirotor_simulator'), ('as2_realsense_interface', '/home/developer/aerostack2_ws/install/as2_realsense_interface'), ('as2_state_estimator', '/home/developer/aerostack2_ws/install/as2_state_estimator'), ('as2_usb_camera_interface', '/home/developer/aerostack2_ws/install/as2_usb_camera_interface'), ('as2_behaviors_motion', '/home/developer/aerostack2_ws/install/as2_behaviors_motion'), ('as2_behaviors_path_planning', '/home/developer/aerostack2_ws/install/as2_behaviors_path_planning'), ('as2_behaviors_perception', '/home/developer/aerostack2_ws/install/as2_behaviors_perception'), ('as2_behaviors_platform', '/home/developer/aerostack2_ws/install/as2_behaviors_platform'), ('as2_behaviors_trajectory_generation', '/home/developer/aerostack2_ws/install/as2_behaviors_trajectory_generation'), ('as2_motion_controller', '/home/developer/aerostack2_ws/install/as2_motion_controller'), ('as2_platform_gazebo', '/home/developer/aerostack2_ws/install/as2_platform_gazebo'), ('as2_python_api', '/home/developer/aerostack2_ws/install/as2_python_api'), ('as2_rviz_plugins', '/home/developer/aerostack2_ws/install/as2_rviz_plugins'), ('as2_visualization', '/home/developer/aerostack2_ws/install/as2_visualization'), ('as2_keyboard_teleoperation', '/home/developer/aerostack2_ws/install/as2_keyboard_teleoperation')])}
[0.001178] (as2_msgs) JobStarted: {'identifier': 'as2_msgs'}
[0.004602] (as2_cli) JobStarted: {'identifier': 'as2_cli'}
[0.006955] (as2_msgs) JobProgress: {'identifier': 'as2_msgs', 'progress': 'cmake'}
[0.007315] (as2_msgs) JobProgress: {'identifier': 'as2_msgs', 'progress': 'build'}
[0.007704] (as2_msgs) Command: {'cmd': ['/usr/bin/cmake', '--build', '/home/developer/aerostack2_ws/build/as2_msgs', '--', '-j20', '-l20'], 'cwd': '/home/developer/aerostack2_ws/build/as2_msgs', 'env': OrderedDict([('HOSTNAME', 'lead-Predator-PHN16-71'), ('SHLVL', '1'), ('LD_LIBRARY_PATH', '/opt/ros/humble/opt/rviz_ogre_vendor/lib:/opt/ros/humble/lib/x86_64-linux-gnu:/opt/ros/humble/lib'), ('HOME', '/home/developer'), ('ROS_PYTHON_VERSION', '3'), ('ROS_DISTRO', 'humble'), ('_', '/usr/bin/colcon'), ('ROS_VERSION', '2'), ('TERM', 'xterm'), ('ROS_LOCALHOST_ONLY', '0'), ('QT_X11_NO_MITSHM', '1'), ('PATH', '/opt/ros/humble/bin:/usr/local/sbin:/usr/local/bin:/usr/sbin:/usr/bin:/sbin:/bin'), ('DISPLAY', ':1'), ('LANG', 'C.UTF-8'), ('LS_COLORS', 'rs=0:di=01;34:ln=01;36:mh=00:pi=40;33:so=01;35:do=01;35:bd=40;33;01:cd=40;33;01:or=40;31;01:mi=00:su=37;41:sg=30;43:ca=30;41:tw=30;42:ow=34;42:st=37;44:ex=01;32:*.tar=01;31:*.tgz=01;31:*.arc=01;31:*.arj=01;31:*.taz=01;31:*.lha=01;31:*.lz4=01;31:*.lzh=01;31:*.lzma=01;31:*.tlz=01;31:*.txz=01;31:*.tzo=01;31:*.t7z=01;31:*.zip=01;31:*.z=01;31:*.dz=01;31:*.gz=01;31:*.lrz=01;31:*.lz=01;31:*.lzo=01;31:*.xz=01;31:*.zst=01;31:*.tzst=01;31:*.bz2=01;31:*.bz=01;31:*.tbz=01;31:*.tbz2=01;31:*.tz=01;31:*.deb=01;31:*.rpm=01;31:*.jar=01;31:*.war=01;31:*.ear=01;31:*.sar=01;31:*.rar=01;31:*.alz=01;31:*.ace=01;31:*.zoo=01;31:*.cpio=01;31:*.7z=01;31:*.rz=01;31:*.cab=01;31:*.wim=01;31:*.swm=01;31:*.dwm=01;31:*.esd=01;31:*.jpg=01;35:*.jpeg=01;35:*.mjpg=01;35:*.mjpeg=01;35:*.gif=01;35:*.bmp=01;35:*.pbm=01;35:*.pgm=01;35:*.ppm=01;35:*.tga=01;35:*.xbm=01;35:*.xpm=01;35:*.tif=01;35:*.tiff=01;35:*.png=01;35:*.svg=01;35:*.svgz=01;35:*.mng=01;35:*.pcx=01;35:*.mov=01;35:*.mpg=01;35:*.mpeg=01;35:*.m2v=01;35:*.mkv=01;35:*.webm=01;35:*.webp=01;35:*.ogm=01;35:*.mp4=01;35:*.m4v=01;35:*.mp4v=01;35:*.vob=01;35:*.qt=01;35:*.nuv=01;35:*.wmv=01;35:*.asf=01;35:*.rm=01;35:*.rmvb=01;35:*.flc=01;35:*.avi=01;35:*.fli=01;35:*.flv=01;35:*.gl=01;35:*.dl=01;35:*.xcf=01;35:*.xwd=01;35:*.yuv=01;35:*.cgm=01;35:*.emf=01;35:*.ogv=01;35:*.ogx=01;35:*.aac=00;36:*.au=00;36:*.flac=00;36:*.m4a=00;36:*.mid=00;36:*.midi=00;36:*.mka=00;36:*.mp3=00;36:*.mpc=00;36:*.ogg=00;36:*.ra=00;36:*.wav=00;36:*.oga=00;36:*.opus=00;36:*.spx=00;36:*.xspf=00;36:'), ('AMENT_PREFIX_PATH', '/opt/ros/humble'), ('GZ_VERSION', 'harmonic'), ('PWD', '/home/developer/aerostack2_ws/build/as2_msgs'), ('LC_ALL', 'C.UTF-8'), ('PYTHONPATH', '/opt/ros/humble/lib/python3.10/site-packages:/opt/ros/humble/local/lib/python3.10/dist-packages'), ('COLCON', '1'), ('CMAKE_PREFIX_PATH', '/opt/ros/humble')]), 'shell': False}
[0.009744] (as2_cli) JobProgress: {'identifier': 'as2_cli', 'progress': 'cmake'}
[0.010105] (as2_cli) JobProgress: {'identifier': 'as2_cli', 'progress': 'build'}
[0.010413] (as2_cli) Command: {'cmd': ['/usr/bin/cmake', '--build', '/home/developer/aerostack2_ws/build/as2_cli', '--', '-j20', '-l20'], 'cwd': '/home/developer/aerostack2_ws/build/as2_cli', 'env': OrderedDict([('HOSTNAME', 'lead-Predator-PHN16-71'), ('SHLVL', '1'), ('LD_LIBRARY_PATH', '/opt/ros/humble/opt/rviz_ogre_vendor/lib:/opt/ros/humble/lib/x86_64-linux-gnu:/opt/ros/humble/lib'), ('HOME', '/home/developer'), ('ROS_PYTHON_VERSION', '3'), ('ROS_DISTRO', 'humble'), ('_', '/usr/bin/colcon'), ('ROS_VERSION', '2'), ('TERM', 'xterm'), ('ROS_LOCALHOST_ONLY', '0'), ('QT_X11_NO_MITSHM', '1'), ('PATH', '/opt/ros/humble/bin:/usr/local/sbin:/usr/local/bin:/usr/sbin:/usr/bin:/sbin:/bin'), ('DISPLAY', ':1'), ('LANG', 'C.UTF-8'), ('LS_COLORS', 'rs=0:di=01;34:ln=01;36:mh=00:pi=40;33:so=01;35:do=01;35:bd=40;33;01:cd=40;33;01:or=40;31;01:mi=00:su=37;41:sg=30;43:ca=30;41:tw=30;42:ow=34;42:st=37;44:ex=01;32:*.tar=01;31:*.tgz=01;31:*.arc=01;31:*.arj=01;31:*.taz=01;31:*.lha=01;31:*.lz4=01;31:*.lzh=01;31:*.lzma=01;31:*.tlz=01;31:*.txz=01;31:*.tzo=01;31:*.t7z=01;31:*.zip=01;31:*.z=01;31:*.dz=01;31:*.gz=01;31:*.lrz=01;31:*.lz=01;31:*.lzo=01;31:*.xz=01;31:*.zst=01;31:*.tzst=01;31:*.bz2=01;31:*.bz=01;31:*.tbz=01;31:*.tbz2=01;31:*.tz=01;31:*.deb=01;31:*.rpm=01;31:*.jar=01;31:*.war=01;31:*.ear=01;31:*.sar=01;31:*.rar=01;31:*.alz=01;31:*.ace=01;31:*.zoo=01;31:*.cpio=01;31:*.7z=01;31:*.rz=01;31:*.cab=01;31:*.wim=01;31:*.swm=01;31:*.dwm=01;31:*.esd=01;31:*.jpg=01;35:*.jpeg=01;35:*.mjpg=01;35:*.mjpeg=01;35:*.gif=01;35:*.bmp=01;35:*.pbm=01;35:*.pgm=01;35:*.ppm=01;35:*.tga=01;35:*.xbm=01;35:*.xpm=01;35:*.tif=01;35:*.tiff=01;35:*.png=01;35:*.svg=01;35:*.svgz=01;35:*.mng=01;35:*.pcx=01;35:*.mov=01;35:*.mpg=01;35:*.mpeg=01;35:*.m2v=01;35:*.mkv=01;35:*.webm=01;35:*.webp=01;35:*.ogm=01;35:*.mp4=01;35:*.m4v=01;35:*.mp4v=01;35:*.vob=01;35:*.qt=01;35:*.nuv=01;35:*.wmv=01;35:*.asf=01;35:*.rm=01;35:*.rmvb=01;35:*.flc=01;35:*.avi=01;35:*.fli=01;35:*.flv=01;35:*.gl=01;35:*.dl=01;35:*.xcf=01;35:*.xwd=01;35:*.yuv=01;35:*.cgm=01;35:*.emf=01;35:*.ogv=01;35:*.ogx=01;35:*.aac=00;36:*.au=00;36:*.flac=00;36:*.m4a=00;36:*.mid=00;36:*.midi=00;36:*.mka=00;36:*.mp3=00;36:*.mpc=00;36:*.ogg=00;36:*.ra=00;36:*.wav=00;36:*.oga=00;36:*.opus=00;36:*.spx=00;36:*.xspf=00;36:'), ('AMENT_PREFIX_PATH', '/opt/ros/humble'), ('GZ_VERSION', 'harmonic'), ('PWD', '/home/developer/aerostack2_ws/build/as2_cli'), ('LC_ALL', 'C.UTF-8'), ('PYTHONPATH', '/opt/ros/humble/lib/python3.10/site-packages:/opt/ros/humble/local/lib/python3.10/dist-packages'), ('COLCON', '1'), ('CMAKE_PREFIX_PATH', '/opt/ros/humble')]), 'shell': False}
[0.037954] (as2_cli) CommandEnded: {'returncode': 0}
[0.038761] (as2_cli) JobProgress: {'identifier': 'as2_cli', 'progress': 'install'}
[0.043645] (as2_cli) Command: {'cmd': ['/usr/bin/cmake', '--install', '/home/developer/aerostack2_ws/build/as2_cli'], 'cwd': '/home/developer/aerostack2_ws/build/as2_cli', 'env': OrderedDict([('HOSTNAME', 'lead-Predator-PHN16-71'), ('SHLVL', '1'), ('LD_LIBRARY_PATH', '/opt/ros/humble/opt/rviz_ogre_vendor/lib:/opt/ros/humble/lib/x86_64-linux-gnu:/opt/ros/humble/lib'), ('HOME', '/home/developer'), ('ROS_PYTHON_VERSION', '3'), ('ROS_DISTRO', 'humble'), ('_', '/usr/bin/colcon'), ('ROS_VERSION', '2'), ('TERM', 'xterm'), ('ROS_LOCALHOST_ONLY', '0'), ('QT_X11_NO_MITSHM', '1'), ('PATH', '/opt/ros/humble/bin:/usr/local/sbin:/usr/local/bin:/usr/sbin:/usr/bin:/sbin:/bin'), ('DISPLAY', ':1'), ('LANG', 'C.UTF-8'), ('LS_COLORS', 'rs=0:di=01;34:ln=01;36:mh=00:pi=40;33:so=01;35:do=01;35:bd=40;33;01:cd=40;33;01:or=40;31;01:mi=00:su=37;41:sg=30;43:ca=30;41:tw=30;42:ow=34;42:st=37;44:ex=01;32:*.tar=01;31:*.tgz=01;31:*.arc=01;31:*.arj=01;31:*.taz=01;31:*.lha=01;31:*.lz4=01;31:*.lzh=01;31:*.lzma=01;31:*.tlz=01;31:*.txz=01;31:*.tzo=01;31:*.t7z=01;31:*.zip=01;31:*.z=01;31:*.dz=01;31:*.gz=01;31:*.lrz=01;31:*.lz=01;31:*.lzo=01;31:*.xz=01;31:*.zst=01;31:*.tzst=01;31:*.bz2=01;31:*.bz=01;31:*.tbz=01;31:*.tbz2=01;31:*.tz=01;31:*.deb=01;31:*.rpm=01;31:*.jar=01;31:*.war=01;31:*.ear=01;31:*.sar=01;31:*.rar=01;31:*.alz=01;31:*.ace=01;31:*.zoo=01;31:*.cpio=01;31:*.7z=01;31:*.rz=01;31:*.cab=01;31:*.wim=01;31:*.swm=01;31:*.dwm=01;31:*.esd=01;31:*.jpg=01;35:*.jpeg=01;35:*.mjpg=01;35:*.mjpeg=01;35:*.gif=01;35:*.bmp=01;35:*.pbm=01;35:*.pgm=01;35:*.ppm=01;35:*.tga=01;35:*.xbm=01;35:*.xpm=01;35:*.tif=01;35:*.tiff=01;35:*.png=01;35:*.svg=01;35:*.svgz=01;35:*.mng=01;35:*.pcx=01;35:*.mov=01;35:*.mpg=01;35:*.mpeg=01;35:*.m2v=01;35:*.mkv=01;35:*.webm=01;35:*.webp=01;35:*.ogm=01;35:*.mp4=01;35:*.m4v=01;35:*.mp4v=01;35:*.vob=01;35:*.qt=01;35:*.nuv=01;35:*.wmv=01;35:*.asf=01;35:*.rm=01;35:*.rmvb=01;35:*.flc=01;35:*.avi=01;35:*.fli=01;35:*.flv=01;35:*.gl=01;35:*.dl=01;35:*.xcf=01;35:*.xwd=01;35:*.yuv=01;35:*.cgm=01;35:*.emf=01;35:*.ogv=01;35:*.ogx=01;35:*.aac=00;36:*.au=00;36:*.flac=00;36:*.m4a=00;36:*.mid=00;36:*.midi=00;36:*.mka=00;36:*.mp3=00;36:*.mpc=00;36:*.ogg=00;36:*.ra=00;36:*.wav=00;36:*.oga=00;36:*.opus=00;36:*.spx=00;36:*.xspf=00;36:'), ('AMENT_PREFIX_PATH', '/opt/ros/humble'), ('GZ_VERSION', 'harmonic'), ('PWD', '/home/developer/aerostack2_ws/build/as2_cli'), ('LC_ALL', 'C.UTF-8'), ('PYTHONPATH', '/opt/ros/humble/lib/python3.10/site-packages:/opt/ros/humble/local/lib/python3.10/dist-packages'), ('COLCON', '1'), ('CMAKE_PREFIX_PATH', '/opt/ros/humble')]), 'shell': False}
[0.048288] (as2_cli) StdoutLine: {'line': b'-- Install configuration: ""\n'}
[0.048477] (as2_cli) StdoutLine: {'line': b'-- Execute custom install script\n'}
[0.048558] (as2_cli) StdoutLine: {'line': b'-- Up-to-date symlink: /home/developer/aerostack2_ws/install/as2_cli/share/ament_index/resource_index/package_run_dependencies/as2_cli\n'}
[0.048641] (as2_cli) StdoutLine: {'line': b'-- Up-to-date symlink: /home/developer/aerostack2_ws/install/as2_cli/share/ament_index/resource_index/parent_prefix_path/as2_cli\n'}
[0.048717] (as2_cli) StdoutLine: {'line': b'-- Up-to-date symlink: /home/developer/aerostack2_ws/install/as2_cli/share/as2_cli/environment/ament_prefix_path.sh\n'}
[0.048781] (as2_cli) StdoutLine: {'line': b'-- Up-to-date symlink: /home/developer/aerostack2_ws/install/as2_cli/share/as2_cli/environment/ament_prefix_path.dsv\n'}
[0.048849] (as2_cli) StdoutLine: {'line': b'-- Up-to-date symlink: /home/developer/aerostack2_ws/install/as2_cli/share/as2_cli/environment/path.sh\n'}
[0.048911] (as2_cli) StdoutLine: {'line': b'-- Up-to-date symlink: /home/developer/aerostack2_ws/install/as2_cli/share/as2_cli/environment/path.dsv\n'}
[0.048972] (as2_cli) StdoutLine: {'line': b'-- Up-to-date symlink: /home/developer/aerostack2_ws/install/as2_cli/share/as2_cli/local_setup.bash\n'}
[0.049034] (as2_cli) StdoutLine: {'line': b'-- Up-to-date symlink: /home/developer/aerostack2_ws/install/as2_cli/share/as2_cli/local_setup.sh\n'}
[0.049092] (as2_cli) StdoutLine: {'line': b'-- Up-to-date symlink: /home/developer/aerostack2_ws/install/as2_cli/share/as2_cli/local_setup.zsh\n'}
[0.049148] (as2_cli) StdoutLine: {'line': b'-- Up-to-date symlink: /home/developer/aerostack2_ws/install/as2_cli/share/as2_cli/local_setup.dsv\n'}
[0.049198] (as2_cli) StdoutLine: {'line': b'-- Symlinking: /home/developer/aerostack2_ws/install/as2_cli/share/as2_cli/package.dsv\n'}
[0.055287] (as2_cli) StdoutLine: {'line': b'-- Up-to-date symlink: /home/developer/aerostack2_ws/install/as2_cli/share/ament_index/resource_index/packages/as2_cli\n'}
[0.055329] (as2_cli) StdoutLine: {'line': b'-- Up-to-date symlink: /home/developer/aerostack2_ws/install/as2_cli/share/as2_cli/cmake/as2_cliConfig.cmake\n'}
[0.055370] (as2_cli) StdoutLine: {'line': b'-- Up-to-date symlink: /home/developer/aerostack2_ws/install/as2_cli/share/as2_cli/cmake/as2_cliConfig-version.cmake\n'}
[0.055415] (as2_cli) StdoutLine: {'line': b'-- Up-to-date symlink: /home/developer/aerostack2_ws/install/as2_cli/share/as2_cli/package.xml\n'}
[0.056523] (as2_cli) CommandEnded: {'returncode': 0}
[0.067947] (as2_cli) JobEnded: {'identifier': 'as2_cli', 'rc': 0}
[0.068685] (as2_msgs) StdoutLine: {'line': b'\x1b[35m\x1b[1mConsolidate compiler generated dependencies of target as2_msgs__rosidl_generator_c\x1b[0m\n'}
[0.068971] (as2_msgs) StdoutLine: {'line': b'[  1%] Built target as2_msgs__rs\n'}
[0.070518] (as2_msgs) StdoutLine: {'line': b'[  1%] Built target ament_cmake_python_symlink_as2_msgs\n'}
[0.077081] (as2_msgs) StdoutLine: {'line': b'[  1%] Built target as2_msgs__cpp\n'}
[0.090361] (as2_msgs) StdoutLine: {'line': b'[ 13%] Built target as2_msgs__rosidl_generator_c\n'}
[0.090921] (as2_msgs) StdoutLine: {'line': b'\x1b[35m\x1b[1mConsolidate compiler generated dependencies of target as2_msgs__rosidl_typesupport_cpp\x1b[0m\n'}
[0.099741] (as2_msgs) StdoutLine: {'line': b'\x1b[35m\x1b[1mConsolidate compiler generated dependencies of target as2_msgs__rosidl_typesupport_introspection_cpp\x1b[0m\n'}
[0.099914] (-) TimerEvent: {}
[0.100016] (as2_msgs) StdoutLine: {'line': b'\x1b[35m\x1b[1mConsolidate compiler generated dependencies of target as2_msgs__rosidl_typesupport_c\x1b[0m\n'}
[0.101502] (as2_msgs) StdoutLine: {'line': b'\x1b[35m\x1b[1mConsolidate compiler generated dependencies of target as2_msgs__rosidl_typesupport_fastrtps_cpp\x1b[0m\n'}
[0.105774] (as2_msgs) StdoutLine: {'line': b'\x1b[35m\x1b[1mConsolidate compiler generated dependencies of target as2_msgs__rosidl_typesupport_fastrtps_c\x1b[0m\n'}
[0.105938] (as2_msgs) StdoutLine: {'line': b'\x1b[35m\x1b[1mConsolidate compiler generated dependencies of target as2_msgs__rosidl_typesupport_introspection_c\x1b[0m\n'}
[0.113559] (as2_msgs) StdoutLine: {'line': b'[ 25%] Built target as2_msgs__rosidl_typesupport_cpp\n'}
[0.114526] (as2_msgs) StdoutLine: {'line': b'[ 38%] Built target as2_msgs__rosidl_typesupport_c\n'}
[0.121700] (as2_msgs) StdoutLine: {'line': b'[ 51%] Built target as2_msgs__rosidl_typesupport_introspection_c\n'}
[0.134137] (as2_msgs) StdoutLine: {'line': b'[ 64%] Built target as2_msgs__rosidl_typesupport_fastrtps_c\n'}
[0.134650] (as2_msgs) StdoutLine: {'line': b'[ 76%] Built target as2_msgs__rosidl_typesupport_introspection_cpp\n'}
[0.141078] (as2_msgs) StdoutLine: {'line': b'[ 88%] Built target as2_msgs__rosidl_typesupport_fastrtps_cpp\n'}
[0.157260] (as2_msgs) StdoutLine: {'line': b'[ 88%] Built target as2_msgs\n'}
[0.175492] (as2_msgs) StdoutLine: {'line': b'[ 88%] Built target as2_msgs__py\n'}
[0.189130] (as2_msgs) StdoutLine: {'line': b'\x1b[35m\x1b[1mConsolidate compiler generated dependencies of target as2_msgs__rosidl_generator_py\x1b[0m\n'}
[0.200092] (-) TimerEvent: {}
[0.212399] (as2_msgs) StdoutLine: {'line': b'running egg_info\n'}
[0.212705] (as2_msgs) StdoutLine: {'line': b'writing as2_msgs.egg-info/PKG-INFO\n'}
[0.212757] (as2_msgs) StdoutLine: {'line': b'writing dependency_links to as2_msgs.egg-info/dependency_links.txt\n'}
[0.212798] (as2_msgs) StdoutLine: {'line': b'writing top-level names to as2_msgs.egg-info/top_level.txt\n'}
[0.214370] (as2_msgs) StdoutLine: {'line': b"reading manifest file 'as2_msgs.egg-info/SOURCES.txt'\n"}
[0.214982] (as2_msgs) StdoutLine: {'line': b"writing manifest file 'as2_msgs.egg-info/SOURCES.txt'\n"}
[0.215670] (as2_msgs) StdoutLine: {'line': b'[100%] Built target as2_msgs__rosidl_generator_py\n'}
[0.223723] (as2_msgs) StdoutLine: {'line': b'\x1b[35m\x1b[1mConsolidate compiler generated dependencies of target as2_msgs__rosidl_typesupport_introspection_c__pyext\x1b[0m\n'}
[0.224519] (as2_msgs) StdoutLine: {'line': b'\x1b[35m\x1b[1mConsolidate compiler generated dependencies of target as2_msgs__rosidl_typesupport_fastrtps_c__pyext\x1b[0m\n'}
[0.224583] (as2_msgs) StdoutLine: {'line': b'\x1b[35m\x1b[1mConsolidate compiler generated dependencies of target as2_msgs__rosidl_typesupport_c__pyext\x1b[0m\n'}
[0.232112] (as2_msgs) StdoutLine: {'line': b'[100%] Built target ament_cmake_python_build_as2_msgs_egg\n'}
[0.233182] (as2_msgs) StdoutLine: {'line': b'[100%] Built target as2_msgs__rosidl_typesupport_introspection_c__pyext\n'}
[0.236115] (as2_msgs) StdoutLine: {'line': b'[100%] Built target as2_msgs__rosidl_typesupport_c__pyext\n'}
[0.236187] (as2_msgs) StdoutLine: {'line': b'[100%] Built target as2_msgs__rosidl_typesupport_fastrtps_c__pyext\n'}
[0.244891] (as2_msgs) CommandEnded: {'returncode': 0}
[0.245609] (as2_msgs) JobProgress: {'identifier': 'as2_msgs', 'progress': 'install'}
[0.245841] (as2_msgs) Command: {'cmd': ['/usr/bin/cmake', '--install', '/home/developer/aerostack2_ws/build/as2_msgs'], 'cwd': '/home/developer/aerostack2_ws/build/as2_msgs', 'env': OrderedDict([('HOSTNAME', 'lead-Predator-PHN16-71'), ('SHLVL', '1'), ('LD_LIBRARY_PATH', '/opt/ros/humble/opt/rviz_ogre_vendor/lib:/opt/ros/humble/lib/x86_64-linux-gnu:/opt/ros/humble/lib'), ('HOME', '/home/developer'), ('ROS_PYTHON_VERSION', '3'), ('ROS_DISTRO', 'humble'), ('_', '/usr/bin/colcon'), ('ROS_VERSION', '2'), ('TERM', 'xterm'), ('ROS_LOCALHOST_ONLY', '0'), ('QT_X11_NO_MITSHM', '1'), ('PATH', '/opt/ros/humble/bin:/usr/local/sbin:/usr/local/bin:/usr/sbin:/usr/bin:/sbin:/bin'), ('DISPLAY', ':1'), ('LANG', 'C.UTF-8'), ('LS_COLORS', 'rs=0:di=01;34:ln=01;36:mh=00:pi=40;33:so=01;35:do=01;35:bd=40;33;01:cd=40;33;01:or=40;31;01:mi=00:su=37;41:sg=30;43:ca=30;41:tw=30;42:ow=34;42:st=37;44:ex=01;32:*.tar=01;31:*.tgz=01;31:*.arc=01;31:*.arj=01;31:*.taz=01;31:*.lha=01;31:*.lz4=01;31:*.lzh=01;31:*.lzma=01;31:*.tlz=01;31:*.txz=01;31:*.tzo=01;31:*.t7z=01;31:*.zip=01;31:*.z=01;31:*.dz=01;31:*.gz=01;31:*.lrz=01;31:*.lz=01;31:*.lzo=01;31:*.xz=01;31:*.zst=01;31:*.tzst=01;31:*.bz2=01;31:*.bz=01;31:*.tbz=01;31:*.tbz2=01;31:*.tz=01;31:*.deb=01;31:*.rpm=01;31:*.jar=01;31:*.war=01;31:*.ear=01;31:*.sar=01;31:*.rar=01;31:*.alz=01;31:*.ace=01;31:*.zoo=01;31:*.cpio=01;31:*.7z=01;31:*.rz=01;31:*.cab=01;31:*.wim=01;31:*.swm=01;31:*.dwm=01;31:*.esd=01;31:*.jpg=01;35:*.jpeg=01;35:*.mjpg=01;35:*.mjpeg=01;35:*.gif=01;35:*.bmp=01;35:*.pbm=01;35:*.pgm=01;35:*.ppm=01;35:*.tga=01;35:*.xbm=01;35:*.xpm=01;35:*.tif=01;35:*.tiff=01;35:*.png=01;35:*.svg=01;35:*.svgz=01;35:*.mng=01;35:*.pcx=01;35:*.mov=01;35:*.mpg=01;35:*.mpeg=01;35:*.m2v=01;35:*.mkv=01;35:*.webm=01;35:*.webp=01;35:*.ogm=01;35:*.mp4=01;35:*.m4v=01;35:*.mp4v=01;35:*.vob=01;35:*.qt=01;35:*.nuv=01;35:*.wmv=01;35:*.asf=01;35:*.rm=01;35:*.rmvb=01;35:*.flc=01;35:*.avi=01;35:*.fli=01;35:*.flv=01;35:*.gl=01;35:*.dl=01;35:*.xcf=01;35:*.xwd=01;35:*.yuv=01;35:*.cgm=01;35:*.emf=01;35:*.ogv=01;35:*.ogx=01;35:*.aac=00;36:*.au=00;36:*.flac=00;36:*.m4a=00;36:*.mid=00;36:*.midi=00;36:*.mka=00;36:*.mp3=00;36:*.mpc=00;36:*.ogg=00;36:*.ra=00;36:*.wav=00;36:*.oga=00;36:*.opus=00;36:*.spx=00;36:*.xspf=00;36:'), ('AMENT_PREFIX_PATH', '/opt/ros/humble'), ('GZ_VERSION', 'harmonic'), ('PWD', '/home/developer/aerostack2_ws/build/as2_msgs'), ('LC_ALL', 'C.UTF-8'), ('PYTHONPATH', '/opt/ros/humble/lib/python3.10/site-packages:/opt/ros/humble/local/lib/python3.10/dist-packages'), ('COLCON', '1'), ('CMAKE_PREFIX_PATH', '/opt/ros/humble')]), 'shell': False}
[0.250773] (as2_msgs) StdoutLine: {'line': b'-- Install configuration: ""\n'}
[0.251515] (as2_msgs) StdoutLine: {'line': b'-- Execute custom install script\n'}
[0.251580] (as2_msgs) StdoutLine: {'line': b'-- Up-to-date symlink: /home/developer/aerostack2_ws/install/as2_msgs/share/ament_index/resource_index/rosidl_interfaces/as2_msgs\n'}
[0.253284] (as2_msgs) StdoutLine: {'line': b'-- Up-to-date symlink: /home/developer/aerostack2_ws/install/as2_msgs/include/as2_msgs/as2_msgs/action/detail/detect_aruco_markers__functions.h\n'}
[0.253348] (as2_msgs) StdoutLine: {'line': b'-- Up-to-date symlink: /home/developer/aerostack2_ws/install/as2_msgs/include/as2_msgs/as2_msgs/action/detail/detect_aruco_markers__struct.h\n'}
[0.253378] (as2_msgs) StdoutLine: {'line': b'-- Up-to-date symlink: /home/developer/aerostack2_ws/install/as2_msgs/include/as2_msgs/as2_msgs/action/detail/detect_aruco_markers__type_support.h\n'}
[0.253402] (as2_msgs) StdoutLine: {'line': b'-- Up-to-date symlink: /home/developer/aerostack2_ws/install/as2_msgs/include/as2_msgs/as2_msgs/action/detail/follow_path__functions.h\n'}
[0.253427] (as2_msgs) StdoutLine: {'line': b'-- Up-to-date symlink: /home/developer/aerostack2_ws/install/as2_msgs/include/as2_msgs/as2_msgs/action/detail/follow_path__struct.h\n'}
[0.253529] (as2_msgs) StdoutLine: {'line': b'-- Up-to-date symlink: /home/developer/aerostack2_ws/install/as2_msgs/include/as2_msgs/as2_msgs/action/detail/follow_path__type_support.h\n'}
[0.253556] (as2_msgs) StdoutLine: {'line': b'-- Up-to-date symlink: /home/developer/aerostack2_ws/install/as2_msgs/include/as2_msgs/as2_msgs/action/detail/follow_reference__functions.h\n'}
[0.253580] (as2_msgs) StdoutLine: {'line': b'-- Up-to-date symlink: /home/developer/aerostack2_ws/install/as2_msgs/include/as2_msgs/as2_msgs/action/detail/follow_reference__struct.h\n'}
[0.253631] (as2_msgs) StdoutLine: {'line': b'-- Up-to-date symlink: /home/developer/aerostack2_ws/install/as2_msgs/include/as2_msgs/as2_msgs/action/detail/follow_reference__type_support.h\n'}
[0.253656] (as2_msgs) StdoutLine: {'line': b'-- Up-to-date symlink: /home/developer/aerostack2_ws/install/as2_msgs/include/as2_msgs/as2_msgs/action/detail/force_estimation__functions.h\n'}
[0.253679] (as2_msgs) StdoutLine: {'line': b'-- Up-to-date symlink: /home/developer/aerostack2_ws/install/as2_msgs/include/as2_msgs/as2_msgs/action/detail/force_estimation__struct.h\n'}
[0.253704] (as2_msgs) StdoutLine: {'line': b'-- Up-to-date symlink: /home/developer/aerostack2_ws/install/as2_msgs/include/as2_msgs/as2_msgs/action/detail/force_estimation__type_support.h\n'}
[0.253744] (as2_msgs) StdoutLine: {'line': b'-- Up-to-date symlink: /home/developer/aerostack2_ws/install/as2_msgs/include/as2_msgs/as2_msgs/action/detail/generate_polynomial_trajectory__functions.h\n'}
[0.253768] (as2_msgs) StdoutLine: {'line': b'-- Up-to-date symlink: /home/developer/aerostack2_ws/install/as2_msgs/include/as2_msgs/as2_msgs/action/detail/generate_polynomial_trajectory__struct.h\n'}
[0.253795] (as2_msgs) StdoutLine: {'line': b'-- Up-to-date symlink: /home/developer/aerostack2_ws/install/as2_msgs/include/as2_msgs/as2_msgs/action/detail/generate_polynomial_trajectory__type_support.h\n'}
[0.253838] (as2_msgs) StdoutLine: {'line': b'-- Up-to-date symlink: /home/developer/aerostack2_ws/install/as2_msgs/include/as2_msgs/as2_msgs/action/detail/go_to_waypoint__functions.h\n'}
[0.253865] (as2_msgs) StdoutLine: {'line': b'-- Up-to-date symlink: /home/developer/aerostack2_ws/install/as2_msgs/include/as2_msgs/as2_msgs/action/detail/go_to_waypoint__struct.h\n'}
[0.253905] (as2_msgs) StdoutLine: {'line': b'-- Up-to-date symlink: /home/developer/aerostack2_ws/install/as2_msgs/include/as2_msgs/as2_msgs/action/detail/go_to_waypoint__type_support.h\n'}
[0.253931] (as2_msgs) StdoutLine: {'line': b'-- Up-to-date symlink: /home/developer/aerostack2_ws/install/as2_msgs/include/as2_msgs/as2_msgs/action/detail/gripper_handler__functions.h\n'}
[0.253972] (as2_msgs) StdoutLine: {'line': b'-- Up-to-date symlink: /home/developer/aerostack2_ws/install/as2_msgs/include/as2_msgs/as2_msgs/action/detail/gripper_handler__struct.h\n'}
[0.253999] (as2_msgs) StdoutLine: {'line': b'-- Up-to-date symlink: /home/developer/aerostack2_ws/install/as2_msgs/include/as2_msgs/as2_msgs/action/detail/gripper_handler__type_support.h\n'}
[0.254036] (as2_msgs) StdoutLine: {'line': b'-- Up-to-date symlink: /home/developer/aerostack2_ws/install/as2_msgs/include/as2_msgs/as2_msgs/action/detail/land__functions.h\n'}
[0.254075] (as2_msgs) StdoutLine: {'line': b'-- Up-to-date symlink: /home/developer/aerostack2_ws/install/as2_msgs/include/as2_msgs/as2_msgs/action/detail/land__struct.h\n'}
[0.254116] (as2_msgs) StdoutLine: {'line': b'-- Up-to-date symlink: /home/developer/aerostack2_ws/install/as2_msgs/include/as2_msgs/as2_msgs/action/detail/land__type_support.h\n'}
[0.254141] (as2_msgs) StdoutLine: {'line': b'-- Up-to-date symlink: /home/developer/aerostack2_ws/install/as2_msgs/include/as2_msgs/as2_msgs/action/detail/mass_estimation__functions.h\n'}
[0.254185] (as2_msgs) StdoutLine: {'line': b'-- Up-to-date symlink: /home/developer/aerostack2_ws/install/as2_msgs/include/as2_msgs/as2_msgs/action/detail/mass_estimation__struct.h\n'}
[0.254217] (as2_msgs) StdoutLine: {'line': b'-- Up-to-date symlink: /home/developer/aerostack2_ws/install/as2_msgs/include/as2_msgs/as2_msgs/action/detail/mass_estimation__type_support.h\n'}
[0.254239] (as2_msgs) StdoutLine: {'line': b'-- Up-to-date symlink: /home/developer/aerostack2_ws/install/as2_msgs/include/as2_msgs/as2_msgs/action/detail/navigate_to_point__functions.h\n'}
[0.254270] (as2_msgs) StdoutLine: {'line': b'-- Up-to-date symlink: /home/developer/aerostack2_ws/install/as2_msgs/include/as2_msgs/as2_msgs/action/detail/navigate_to_point__struct.h\n'}
[0.254307] (as2_msgs) StdoutLine: {'line': b'-- Up-to-date symlink: /home/developer/aerostack2_ws/install/as2_msgs/include/as2_msgs/as2_msgs/action/detail/navigate_to_point__type_support.h\n'}
[0.254347] (as2_msgs) StdoutLine: {'line': b'-- Up-to-date symlink: /home/developer/aerostack2_ws/install/as2_msgs/include/as2_msgs/as2_msgs/action/detail/point_gimbal__functions.h\n'}
[0.254384] (as2_msgs) StdoutLine: {'line': b'-- Up-to-date symlink: /home/developer/aerostack2_ws/install/as2_msgs/include/as2_msgs/as2_msgs/action/detail/point_gimbal__struct.h\n'}
[0.254427] (as2_msgs) StdoutLine: {'line': b'-- Up-to-date symlink: /home/developer/aerostack2_ws/install/as2_msgs/include/as2_msgs/as2_msgs/action/detail/point_gimbal__type_support.h\n'}
[0.254470] (as2_msgs) StdoutLine: {'line': b'-- Up-to-date symlink: /home/developer/aerostack2_ws/install/as2_msgs/include/as2_msgs/as2_msgs/action/detail/precision_landing__functions.h\n'}
[0.254516] (as2_msgs) StdoutLine: {'line': b'-- Up-to-date symlink: /home/developer/aerostack2_ws/install/as2_msgs/include/as2_msgs/as2_msgs/action/detail/precision_landing__struct.h\n'}
[0.254560] (as2_msgs) StdoutLine: {'line': b'-- Up-to-date symlink: /home/developer/aerostack2_ws/install/as2_msgs/include/as2_msgs/as2_msgs/action/detail/precision_landing__type_support.h\n'}
[0.254603] (as2_msgs) StdoutLine: {'line': b'-- Up-to-date symlink: /home/developer/aerostack2_ws/install/as2_msgs/include/as2_msgs/as2_msgs/action/detail/set_arming_state__functions.h\n'}
[0.254650] (as2_msgs) StdoutLine: {'line': b'-- Up-to-date symlink: /home/developer/aerostack2_ws/install/as2_msgs/include/as2_msgs/as2_msgs/action/detail/set_arming_state__struct.h\n'}
[0.254694] (as2_msgs) StdoutLine: {'line': b'-- Up-to-date symlink: /home/developer/aerostack2_ws/install/as2_msgs/include/as2_msgs/as2_msgs/action/detail/set_arming_state__type_support.h\n'}
[0.254734] (as2_msgs) StdoutLine: {'line': b'-- Up-to-date symlink: /home/developer/aerostack2_ws/install/as2_msgs/include/as2_msgs/as2_msgs/action/detail/set_offboard_mode__functions.h\n'}
[0.254778] (as2_msgs) StdoutLine: {'line': b'-- Up-to-date symlink: /home/developer/aerostack2_ws/install/as2_msgs/include/as2_msgs/as2_msgs/action/detail/set_offboard_mode__struct.h\n'}
[0.254822] (as2_msgs) StdoutLine: {'line': b'-- Up-to-date symlink: /home/developer/aerostack2_ws/install/as2_msgs/include/as2_msgs/as2_msgs/action/detail/set_offboard_mode__type_support.h\n'}
[0.254866] (as2_msgs) StdoutLine: {'line': b'-- Up-to-date symlink: /home/developer/aerostack2_ws/install/as2_msgs/include/as2_msgs/as2_msgs/action/detail/swarm_flocking__functions.h\n'}
[0.254909] (as2_msgs) StdoutLine: {'line': b'-- Up-to-date symlink: /home/developer/aerostack2_ws/install/as2_msgs/include/as2_msgs/as2_msgs/action/detail/swarm_flocking__struct.h\n'}
[0.254952] (as2_msgs) StdoutLine: {'line': b'-- Up-to-date symlink: /home/developer/aerostack2_ws/install/as2_msgs/include/as2_msgs/as2_msgs/action/detail/swarm_flocking__type_support.h\n'}
[0.254998] (as2_msgs) StdoutLine: {'line': b'-- Up-to-date symlink: /home/developer/aerostack2_ws/install/as2_msgs/include/as2_msgs/as2_msgs/action/detail/takeoff__functions.h\n'}
[0.255041] (as2_msgs) StdoutLine: {'line': b'-- Up-to-date symlink: /home/developer/aerostack2_ws/install/as2_msgs/include/as2_msgs/as2_msgs/action/detail/takeoff__struct.h\n'}
[0.255085] (as2_msgs) StdoutLine: {'line': b'-- Up-to-date symlink: /home/developer/aerostack2_ws/install/as2_msgs/include/as2_msgs/as2_msgs/action/detail/takeoff__type_support.h\n'}
[0.255127] (as2_msgs) StdoutLine: {'line': b'-- Up-to-date symlink: /home/developer/aerostack2_ws/install/as2_msgs/include/as2_msgs/as2_msgs/action/detect_aruco_markers.h\n'}
[0.255172] (as2_msgs) StdoutLine: {'line': b'-- Up-to-date symlink: /home/developer/aerostack2_ws/install/as2_msgs/include/as2_msgs/as2_msgs/action/follow_path.h\n'}
[0.255219] (as2_msgs) StdoutLine: {'line': b'-- Up-to-date symlink: /home/developer/aerostack2_ws/install/as2_msgs/include/as2_msgs/as2_msgs/action/follow_reference.h\n'}
[0.255260] (as2_msgs) StdoutLine: {'line': b'-- Up-to-date symlink: /home/developer/aerostack2_ws/install/as2_msgs/include/as2_msgs/as2_msgs/action/force_estimation.h\n'}
[0.255303] (as2_msgs) StdoutLine: {'line': b'-- Up-to-date symlink: /home/developer/aerostack2_ws/install/as2_msgs/include/as2_msgs/as2_msgs/action/generate_polynomial_trajectory.h\n'}
[0.255352] (as2_msgs) StdoutLine: {'line': b'-- Up-to-date symlink: /home/developer/aerostack2_ws/install/as2_msgs/include/as2_msgs/as2_msgs/action/go_to_waypoint.h\n'}
[0.255393] (as2_msgs) StdoutLine: {'line': b'-- Up-to-date symlink: /home/developer/aerostack2_ws/install/as2_msgs/include/as2_msgs/as2_msgs/action/gripper_handler.h\n'}
[0.255437] (as2_msgs) StdoutLine: {'line': b'-- Up-to-date symlink: /home/developer/aerostack2_ws/install/as2_msgs/include/as2_msgs/as2_msgs/action/land.h\n'}
[0.255479] (as2_msgs) StdoutLine: {'line': b'-- Up-to-date symlink: /home/developer/aerostack2_ws/install/as2_msgs/include/as2_msgs/as2_msgs/action/mass_estimation.h\n'}
[0.255521] (as2_msgs) StdoutLine: {'line': b'-- Up-to-date symlink: /home/developer/aerostack2_ws/install/as2_msgs/include/as2_msgs/as2_msgs/action/navigate_to_point.h\n'}
[0.255563] (as2_msgs) StdoutLine: {'line': b'-- Up-to-date symlink: /home/developer/aerostack2_ws/install/as2_msgs/include/as2_msgs/as2_msgs/action/point_gimbal.h\n'}
[0.255604] (as2_msgs) StdoutLine: {'line': b'-- Up-to-date symlink: /home/developer/aerostack2_ws/install/as2_msgs/include/as2_msgs/as2_msgs/action/precision_landing.h\n'}
[0.255646] (as2_msgs) StdoutLine: {'line': b'-- Up-to-date symlink: /home/developer/aerostack2_ws/install/as2_msgs/include/as2_msgs/as2_msgs/action/set_arming_state.h\n'}
[0.255692] (as2_msgs) StdoutLine: {'line': b'-- Up-to-date symlink: /home/developer/aerostack2_ws/install/as2_msgs/include/as2_msgs/as2_msgs/action/set_offboard_mode.h\n'}
[0.255733] (as2_msgs) StdoutLine: {'line': b'-- Up-to-date symlink: /home/developer/aerostack2_ws/install/as2_msgs/include/as2_msgs/as2_msgs/action/swarm_flocking.h\n'}
[0.255773] (as2_msgs) StdoutLine: {'line': b'-- Up-to-date symlink: /home/developer/aerostack2_ws/install/as2_msgs/include/as2_msgs/as2_msgs/action/takeoff.h\n'}
[0.255816] (as2_msgs) StdoutLine: {'line': b'-- Up-to-date symlink: /home/developer/aerostack2_ws/install/as2_msgs/include/as2_msgs/as2_msgs/msg/acro.h\n'}
[0.255858] (as2_msgs) StdoutLine: {'line': b'-- Up-to-date symlink: /home/developer/aerostack2_ws/install/as2_msgs/include/as2_msgs/as2_msgs/msg/alert_event.h\n'}
[0.255899] (as2_msgs) StdoutLine: {'line': b'-- Up-to-date symlink: /home/developer/aerostack2_ws/install/as2_msgs/include/as2_msgs/as2_msgs/msg/behavior_status.h\n'}
[0.255941] (as2_msgs) StdoutLine: {'line': b'-- Up-to-date symlink: /home/developer/aerostack2_ws/install/as2_msgs/include/as2_msgs/as2_msgs/msg/control_mode.h\n'}
[0.255982] (as2_msgs) StdoutLine: {'line': b'-- Up-to-date symlink: /home/developer/aerostack2_ws/install/as2_msgs/include/as2_msgs/as2_msgs/msg/controller_info.h\n'}
[0.256032] (as2_msgs) StdoutLine: {'line': b'-- Up-to-date symlink: /home/developer/aerostack2_ws/install/as2_msgs/include/as2_msgs/as2_msgs/msg/detail/acro__functions.h\n'}
[0.256076] (as2_msgs) StdoutLine: {'line': b'-- Up-to-date symlink: /home/developer/aerostack2_ws/install/as2_msgs/include/as2_msgs/as2_msgs/msg/detail/acro__struct.h\n'}
[0.256121] (as2_msgs) StdoutLine: {'line': b'-- Up-to-date symlink: /home/developer/aerostack2_ws/install/as2_msgs/include/as2_msgs/as2_msgs/msg/detail/acro__type_support.h\n'}
[0.256166] (as2_msgs) StdoutLine: {'line': b'-- Up-to-date symlink: /home/developer/aerostack2_ws/install/as2_msgs/include/as2_msgs/as2_msgs/msg/detail/alert_event__functions.h\n'}
[0.256212] (as2_msgs) StdoutLine: {'line': b'-- Up-to-date symlink: /home/developer/aerostack2_ws/install/as2_msgs/include/as2_msgs/as2_msgs/msg/detail/alert_event__struct.h\n'}
[0.256257] (as2_msgs) StdoutLine: {'line': b'-- Up-to-date symlink: /home/developer/aerostack2_ws/install/as2_msgs/include/as2_msgs/as2_msgs/msg/detail/alert_event__type_support.h\n'}
[0.256301] (as2_msgs) StdoutLine: {'line': b'-- Up-to-date symlink: /home/developer/aerostack2_ws/install/as2_msgs/include/as2_msgs/as2_msgs/msg/detail/behavior_status__functions.h\n'}
[0.256346] (as2_msgs) StdoutLine: {'line': b'-- Up-to-date symlink: /home/developer/aerostack2_ws/install/as2_msgs/include/as2_msgs/as2_msgs/msg/detail/behavior_status__struct.h\n'}
[0.256390] (as2_msgs) StdoutLine: {'line': b'-- Up-to-date symlink: /home/developer/aerostack2_ws/install/as2_msgs/include/as2_msgs/as2_msgs/msg/detail/behavior_status__type_support.h\n'}
[0.256435] (as2_msgs) StdoutLine: {'line': b'-- Up-to-date symlink: /home/developer/aerostack2_ws/install/as2_msgs/include/as2_msgs/as2_msgs/msg/detail/control_mode__functions.h\n'}
[0.256483] (as2_msgs) StdoutLine: {'line': b'-- Up-to-date symlink: /home/developer/aerostack2_ws/install/as2_msgs/include/as2_msgs/as2_msgs/msg/detail/control_mode__struct.h\n'}
[0.256527] (as2_msgs) StdoutLine: {'line': b'-- Up-to-date symlink: /home/developer/aerostack2_ws/install/as2_msgs/include/as2_msgs/as2_msgs/msg/detail/control_mode__type_support.h\n'}
[0.256571] (as2_msgs) StdoutLine: {'line': b'-- Up-to-date symlink: /home/developer/aerostack2_ws/install/as2_msgs/include/as2_msgs/as2_msgs/msg/detail/controller_info__functions.h\n'}
[0.256613] (as2_msgs) StdoutLine: {'line': b'-- Up-to-date symlink: /home/developer/aerostack2_ws/install/as2_msgs/include/as2_msgs/as2_msgs/msg/detail/controller_info__struct.h\n'}
[0.256655] (as2_msgs) StdoutLine: {'line': b'-- Up-to-date symlink: /home/developer/aerostack2_ws/install/as2_msgs/include/as2_msgs/as2_msgs/msg/detail/controller_info__type_support.h\n'}
[0.256697] (as2_msgs) StdoutLine: {'line': b'-- Up-to-date symlink: /home/developer/aerostack2_ws/install/as2_msgs/include/as2_msgs/as2_msgs/msg/detail/follow_target_info__functions.h\n'}
[0.256740] (as2_msgs) StdoutLine: {'line': b'-- Up-to-date symlink: /home/developer/aerostack2_ws/install/as2_msgs/include/as2_msgs/as2_msgs/msg/detail/follow_target_info__struct.h\n'}
[0.256784] (as2_msgs) StdoutLine: {'line': b'-- Up-to-date symlink: /home/developer/aerostack2_ws/install/as2_msgs/include/as2_msgs/as2_msgs/msg/detail/follow_target_info__type_support.h\n'}
[0.256827] (as2_msgs) StdoutLine: {'line': b'-- Up-to-date symlink: /home/developer/aerostack2_ws/install/as2_msgs/include/as2_msgs/as2_msgs/msg/detail/geozone__functions.h\n'}
[0.256874] (as2_msgs) StdoutLine: {'line': b'-- Up-to-date symlink: /home/developer/aerostack2_ws/install/as2_msgs/include/as2_msgs/as2_msgs/msg/detail/geozone__struct.h\n'}
[0.256920] (as2_msgs) StdoutLine: {'line': b'-- Up-to-date symlink: /home/developer/aerostack2_ws/install/as2_msgs/include/as2_msgs/as2_msgs/msg/detail/geozone__type_support.h\n'}
[0.256964] (as2_msgs) StdoutLine: {'line': b'-- Up-to-date symlink: /home/developer/aerostack2_ws/install/as2_msgs/include/as2_msgs/as2_msgs/msg/detail/gimbal_control__functions.h\n'}
[0.257011] (as2_msgs) StdoutLine: {'line': b'-- Up-to-date symlink: /home/developer/aerostack2_ws/install/as2_msgs/include/as2_msgs/as2_msgs/msg/detail/gimbal_control__struct.h\n'}
[0.257053] (as2_msgs) StdoutLine: {'line': b'-- Up-to-date symlink: /home/developer/aerostack2_ws/install/as2_msgs/include/as2_msgs/as2_msgs/msg/detail/gimbal_control__type_support.h\n'}
[0.257095] (as2_msgs) StdoutLine: {'line': b'-- Up-to-date symlink: /home/developer/aerostack2_ws/install/as2_msgs/include/as2_msgs/as2_msgs/msg/detail/mission_event__functions.h\n'}
[0.257137] (as2_msgs) StdoutLine: {'line': b'-- Up-to-date symlink: /home/developer/aerostack2_ws/install/as2_msgs/include/as2_msgs/as2_msgs/msg/detail/mission_event__struct.h\n'}
[0.257187] (as2_msgs) StdoutLine: {'line': b'-- Up-to-date symlink: /home/developer/aerostack2_ws/install/as2_msgs/include/as2_msgs/as2_msgs/msg/detail/mission_event__type_support.h\n'}
[0.257228] (as2_msgs) StdoutLine: {'line': b'-- Up-to-date symlink: /home/developer/aerostack2_ws/install/as2_msgs/include/as2_msgs/as2_msgs/msg/detail/mission_update__functions.h\n'}
[0.257271] (as2_msgs) StdoutLine: {'line': b'-- Up-to-date symlink: /home/developer/aerostack2_ws/install/as2_msgs/include/as2_msgs/as2_msgs/msg/detail/mission_update__struct.h\n'}
[0.257313] (as2_msgs) StdoutLine: {'line': b'-- Up-to-date symlink: /home/developer/aerostack2_ws/install/as2_msgs/include/as2_msgs/as2_msgs/msg/detail/mission_update__type_support.h\n'}
[0.257356] (as2_msgs) StdoutLine: {'line': b'-- Up-to-date symlink: /home/developer/aerostack2_ws/install/as2_msgs/include/as2_msgs/as2_msgs/msg/detail/node_status__functions.h\n'}
[0.257398] (as2_msgs) StdoutLine: {'line': b'-- Up-to-date symlink: /home/developer/aerostack2_ws/install/as2_msgs/include/as2_msgs/as2_msgs/msg/detail/node_status__struct.h\n'}
[0.257441] (as2_msgs) StdoutLine: {'line': b'-- Up-to-date symlink: /home/developer/aerostack2_ws/install/as2_msgs/include/as2_msgs/as2_msgs/msg/detail/node_status__type_support.h\n'}
[0.257488] (as2_msgs) StdoutLine: {'line': b'-- Up-to-date symlink: /home/developer/aerostack2_ws/install/as2_msgs/include/as2_msgs/as2_msgs/msg/detail/platform_info__functions.h\n'}
[0.257531] (as2_msgs) StdoutLine: {'line': b'-- Up-to-date symlink: /home/developer/aerostack2_ws/install/as2_msgs/include/as2_msgs/as2_msgs/msg/detail/platform_info__struct.h\n'}
[0.257572] (as2_msgs) StdoutLine: {'line': b'-- Up-to-date symlink: /home/developer/aerostack2_ws/install/as2_msgs/include/as2_msgs/as2_msgs/msg/detail/platform_info__type_support.h\n'}
[0.257617] (as2_msgs) StdoutLine: {'line': b'-- Up-to-date symlink: /home/developer/aerostack2_ws/install/as2_msgs/include/as2_msgs/as2_msgs/msg/detail/platform_state_machine_event__functions.h\n'}
[0.257660] (as2_msgs) StdoutLine: {'line': b'-- Up-to-date symlink: /home/developer/aerostack2_ws/install/as2_msgs/include/as2_msgs/as2_msgs/msg/detail/platform_state_machine_event__struct.h\n'}
[0.257705] (as2_msgs) StdoutLine: {'line': b'-- Up-to-date symlink: /home/developer/aerostack2_ws/install/as2_msgs/include/as2_msgs/as2_msgs/msg/detail/platform_state_machine_event__type_support.h\n'}
[0.257751] (as2_msgs) StdoutLine: {'line': b'-- Up-to-date symlink: /home/developer/aerostack2_ws/install/as2_msgs/include/as2_msgs/as2_msgs/msg/detail/platform_status__functions.h\n'}
[0.257796] (as2_msgs) StdoutLine: {'line': b'-- Up-to-date symlink: /home/developer/aerostack2_ws/install/as2_msgs/include/as2_msgs/as2_msgs/msg/detail/platform_status__struct.h\n'}
[0.257842] (as2_msgs) StdoutLine: {'line': b'-- Up-to-date symlink: /home/developer/aerostack2_ws/install/as2_msgs/include/as2_msgs/as2_msgs/msg/detail/platform_status__type_support.h\n'}
[0.257887] (as2_msgs) StdoutLine: {'line': b'-- Up-to-date symlink: /home/developer/aerostack2_ws/install/as2_msgs/include/as2_msgs/as2_msgs/msg/detail/polygon_list__functions.h\n'}
[0.257929] (as2_msgs) StdoutLine: {'line': b'-- Up-to-date symlink: /home/developer/aerostack2_ws/install/as2_msgs/include/as2_msgs/as2_msgs/msg/detail/polygon_list__struct.h\n'}
[0.257973] (as2_msgs) StdoutLine: {'line': b'-- Up-to-date symlink: /home/developer/aerostack2_ws/install/as2_msgs/include/as2_msgs/as2_msgs/msg/detail/polygon_list__type_support.h\n'}
[0.258022] (as2_msgs) StdoutLine: {'line': b'-- Up-to-date symlink: /home/developer/aerostack2_ws/install/as2_msgs/include/as2_msgs/as2_msgs/msg/detail/pose_stamped_with_id__functions.h\n'}
[0.258061] (as2_msgs) StdoutLine: {'line': b'-- Up-to-date symlink: /home/developer/aerostack2_ws/install/as2_msgs/include/as2_msgs/as2_msgs/msg/detail/pose_stamped_with_id__struct.h\n'}
[0.258106] (as2_msgs) StdoutLine: {'line': b'-- Up-to-date symlink: /home/developer/aerostack2_ws/install/as2_msgs/include/as2_msgs/as2_msgs/msg/detail/pose_stamped_with_id__type_support.h\n'}
[0.258149] (as2_msgs) StdoutLine: {'line': b'-- Up-to-date symlink: /home/developer/aerostack2_ws/install/as2_msgs/include/as2_msgs/as2_msgs/msg/detail/pose_stamped_with_id_array__functions.h\n'}
[0.258204] (as2_msgs) StdoutLine: {'line': b'-- Up-to-date symlink: /home/developer/aerostack2_ws/install/as2_msgs/include/as2_msgs/as2_msgs/msg/detail/pose_stamped_with_id_array__struct.h\n'}
[0.258247] (as2_msgs) StdoutLine: {'line': b'-- Up-to-date symlink: /home/developer/aerostack2_ws/install/as2_msgs/include/as2_msgs/as2_msgs/msg/detail/pose_stamped_with_id_array__type_support.h\n'}
[0.258292] (as2_msgs) StdoutLine: {'line': b'-- Up-to-date symlink: /home/developer/aerostack2_ws/install/as2_msgs/include/as2_msgs/as2_msgs/msg/detail/pose_with_id__functions.h\n'}
[0.258341] (as2_msgs) StdoutLine: {'line': b'-- Up-to-date symlink: /home/developer/aerostack2_ws/install/as2_msgs/include/as2_msgs/as2_msgs/msg/detail/pose_with_id__struct.h\n'}
[0.258384] (as2_msgs) StdoutLine: {'line': b'-- Up-to-date symlink: /home/developer/aerostack2_ws/install/as2_msgs/include/as2_msgs/as2_msgs/msg/detail/pose_with_id__type_support.h\n'}
[0.258429] (as2_msgs) StdoutLine: {'line': b'-- Up-to-date symlink: /home/developer/aerostack2_ws/install/as2_msgs/include/as2_msgs/as2_msgs/msg/detail/pose_with_id_array__functions.h\n'}
[0.258472] (as2_msgs) StdoutLine: {'line': b'-- Up-to-date symlink: /home/developer/aerostack2_ws/install/as2_msgs/include/as2_msgs/as2_msgs/msg/detail/pose_with_id_array__struct.h\n'}
[0.258515] (as2_msgs) StdoutLine: {'line': b'-- Up-to-date symlink: /home/developer/aerostack2_ws/install/as2_msgs/include/as2_msgs/as2_msgs/msg/detail/pose_with_id_array__type_support.h\n'}
[0.258559] (as2_msgs) StdoutLine: {'line': b'-- Up-to-date symlink: /home/developer/aerostack2_ws/install/as2_msgs/include/as2_msgs/as2_msgs/msg/detail/speed__functions.h\n'}
[0.258603] (as2_msgs) StdoutLine: {'line': b'-- Up-to-date symlink: /home/developer/aerostack2_ws/install/as2_msgs/include/as2_msgs/as2_msgs/msg/detail/speed__struct.h\n'}
[0.258647] (as2_msgs) StdoutLine: {'line': b'-- Up-to-date symlink: /home/developer/aerostack2_ws/install/as2_msgs/include/as2_msgs/as2_msgs/msg/detail/speed__type_support.h\n'}
[0.258691] (as2_msgs) StdoutLine: {'line': b'-- Up-to-date symlink: /home/developer/aerostack2_ws/install/as2_msgs/include/as2_msgs/as2_msgs/msg/detail/thrust__functions.h\n'}
[0.258734] (as2_msgs) StdoutLine: {'line': b'-- Up-to-date symlink: /home/developer/aerostack2_ws/install/as2_msgs/include/as2_msgs/as2_msgs/msg/detail/thrust__struct.h\n'}
[0.258778] (as2_msgs) StdoutLine: {'line': b'-- Up-to-date symlink: /home/developer/aerostack2_ws/install/as2_msgs/include/as2_msgs/as2_msgs/msg/detail/thrust__type_support.h\n'}
[0.258823] (as2_msgs) StdoutLine: {'line': b'-- Up-to-date symlink: /home/developer/aerostack2_ws/install/as2_msgs/include/as2_msgs/as2_msgs/msg/detail/traj_gen_info__functions.h\n'}
[0.258866] (as2_msgs) StdoutLine: {'line': b'-- Up-to-date symlink: /home/developer/aerostack2_ws/install/as2_msgs/include/as2_msgs/as2_msgs/msg/detail/traj_gen_info__struct.h\n'}
[0.258908] (as2_msgs) StdoutLine: {'line': b'-- Up-to-date symlink: /home/developer/aerostack2_ws/install/as2_msgs/include/as2_msgs/as2_msgs/msg/detail/traj_gen_info__type_support.h\n'}
[0.258951] (as2_msgs) StdoutLine: {'line': b'-- Up-to-date symlink: /home/developer/aerostack2_ws/install/as2_msgs/include/as2_msgs/as2_msgs/msg/detail/trajectory_point__functions.h\n'}
[0.258995] (as2_msgs) StdoutLine: {'line': b'-- Up-to-date symlink: /home/developer/aerostack2_ws/install/as2_msgs/include/as2_msgs/as2_msgs/msg/detail/trajectory_point__struct.h\n'}
[0.259038] (as2_msgs) StdoutLine: {'line': b'-- Up-to-date symlink: /home/developer/aerostack2_ws/install/as2_msgs/include/as2_msgs/as2_msgs/msg/detail/trajectory_point__type_support.h\n'}
[0.259080] (as2_msgs) StdoutLine: {'line': b'-- Up-to-date symlink: /home/developer/aerostack2_ws/install/as2_msgs/include/as2_msgs/as2_msgs/msg/detail/trajectory_setpoints__functions.h\n'}
[0.259123] (as2_msgs) StdoutLine: {'line': b'-- Up-to-date symlink: /home/developer/aerostack2_ws/install/as2_msgs/include/as2_msgs/as2_msgs/msg/detail/trajectory_setpoints__struct.h\n'}
[0.259169] (as2_msgs) StdoutLine: {'line': b'-- Up-to-date symlink: /home/developer/aerostack2_ws/install/as2_msgs/include/as2_msgs/as2_msgs/msg/detail/trajectory_setpoints__type_support.h\n'}
[0.259224] (as2_msgs) StdoutLine: {'line': b'-- Up-to-date symlink: /home/developer/aerostack2_ws/install/as2_msgs/include/as2_msgs/as2_msgs/msg/detail/u_int16_multi_array_stamped__functions.h\n'}
[0.259267] (as2_msgs) StdoutLine: {'line': b'-- Up-to-date symlink: /home/developer/aerostack2_ws/install/as2_msgs/include/as2_msgs/as2_msgs/msg/detail/u_int16_multi_array_stamped__struct.h\n'}
[0.259356] (as2_msgs) StdoutLine: {'line': b'-- Up-to-date symlink: /home/developer/aerostack2_ws/install/as2_msgs/include/as2_msgs/as2_msgs/msg/detail/u_int16_multi_array_stamped__type_support.h\n'}
[0.259395] (as2_msgs) StdoutLine: {'line': b'-- Up-to-date symlink: /home/developer/aerostack2_ws/install/as2_msgs/include/as2_msgs/as2_msgs/msg/detail/yaw_mode__functions.h\n'}
[0.259473] (as2_msgs) StdoutLine: {'line': b'-- Up-to-date symlink: /home/developer/aerostack2_ws/install/as2_msgs/include/as2_msgs/as2_msgs/msg/detail/yaw_mode__struct.h\n'}
[0.259507] (as2_msgs) StdoutLine: {'line': b'-- Up-to-date symlink: /home/developer/aerostack2_ws/install/as2_msgs/include/as2_msgs/as2_msgs/msg/detail/yaw_mode__type_support.h\n'}
[0.259530] (as2_msgs) StdoutLine: {'line': b'-- Up-to-date symlink: /home/developer/aerostack2_ws/install/as2_msgs/include/as2_msgs/as2_msgs/msg/follow_target_info.h\n'}
[0.259566] (as2_msgs) StdoutLine: {'line': b'-- Up-to-date symlink: /home/developer/aerostack2_ws/install/as2_msgs/include/as2_msgs/as2_msgs/msg/geozone.h\n'}
[0.259605] (as2_msgs) StdoutLine: {'line': b'-- Up-to-date symlink: /home/developer/aerostack2_ws/install/as2_msgs/include/as2_msgs/as2_msgs/msg/gimbal_control.h\n'}
[0.259644] (as2_msgs) StdoutLine: {'line': b'-- Up-to-date symlink: /home/developer/aerostack2_ws/install/as2_msgs/include/as2_msgs/as2_msgs/msg/mission_event.h\n'}
[0.259681] (as2_msgs) StdoutLine: {'line': b'-- Up-to-date symlink: /home/developer/aerostack2_ws/install/as2_msgs/include/as2_msgs/as2_msgs/msg/mission_update.h\n'}
[0.259714] (as2_msgs) StdoutLine: {'line': b'-- Up-to-date symlink: /home/developer/aerostack2_ws/install/as2_msgs/include/as2_msgs/as2_msgs/msg/node_status.h\n'}
[0.259751] (as2_msgs) StdoutLine: {'line': b'-- Up-to-date symlink: /home/developer/aerostack2_ws/install/as2_msgs/include/as2_msgs/as2_msgs/msg/platform_info.h\n'}
[0.259795] (as2_msgs) StdoutLine: {'line': b'-- Up-to-date symlink: /home/developer/aerostack2_ws/install/as2_msgs/include/as2_msgs/as2_msgs/msg/platform_state_machine_event.h\n'}
[0.259837] (as2_msgs) StdoutLine: {'line': b'-- Up-to-date symlink: /home/developer/aerostack2_ws/install/as2_msgs/include/as2_msgs/as2_msgs/msg/platform_status.h\n'}
[0.259878] (as2_msgs) StdoutLine: {'line': b'-- Up-to-date symlink: /home/developer/aerostack2_ws/install/as2_msgs/include/as2_msgs/as2_msgs/msg/polygon_list.h\n'}
[0.259921] (as2_msgs) StdoutLine: {'line': b'-- Up-to-date symlink: /home/developer/aerostack2_ws/install/as2_msgs/include/as2_msgs/as2_msgs/msg/pose_stamped_with_id.h\n'}
[0.259963] (as2_msgs) StdoutLine: {'line': b'-- Up-to-date symlink: /home/developer/aerostack2_ws/install/as2_msgs/include/as2_msgs/as2_msgs/msg/pose_stamped_with_id_array.h\n'}
[0.260008] (as2_msgs) StdoutLine: {'line': b'-- Up-to-date symlink: /home/developer/aerostack2_ws/install/as2_msgs/include/as2_msgs/as2_msgs/msg/pose_with_id.h\n'}
[0.260048] (as2_msgs) StdoutLine: {'line': b'-- Up-to-date symlink: /home/developer/aerostack2_ws/install/as2_msgs/include/as2_msgs/as2_msgs/msg/pose_with_id_array.h\n'}
[0.260095] (as2_msgs) StdoutLine: {'line': b'-- Up-to-date symlink: /home/developer/aerostack2_ws/install/as2_msgs/include/as2_msgs/as2_msgs/msg/rosidl_generator_c__visibility_control.h\n'}
[0.260135] (as2_msgs) StdoutLine: {'line': b'-- Up-to-date symlink: /home/developer/aerostack2_ws/install/as2_msgs/include/as2_msgs/as2_msgs/msg/speed.h\n'}
[0.260184] (as2_msgs) StdoutLine: {'line': b'-- Up-to-date symlink: /home/developer/aerostack2_ws/install/as2_msgs/include/as2_msgs/as2_msgs/msg/thrust.h\n'}
[0.260226] (as2_msgs) StdoutLine: {'line': b'-- Up-to-date symlink: /home/developer/aerostack2_ws/install/as2_msgs/include/as2_msgs/as2_msgs/msg/traj_gen_info.h\n'}
[0.260267] (as2_msgs) StdoutLine: {'line': b'-- Up-to-date symlink: /home/developer/aerostack2_ws/install/as2_msgs/include/as2_msgs/as2_msgs/msg/trajectory_point.h\n'}
[0.260309] (as2_msgs) StdoutLine: {'line': b'-- Up-to-date symlink: /home/developer/aerostack2_ws/install/as2_msgs/include/as2_msgs/as2_msgs/msg/trajectory_setpoints.h\n'}
[0.260353] (as2_msgs) StdoutLine: {'line': b'-- Up-to-date symlink: /home/developer/aerostack2_ws/install/as2_msgs/include/as2_msgs/as2_msgs/msg/u_int16_multi_array_stamped.h\n'}
[0.260395] (as2_msgs) StdoutLine: {'line': b'-- Up-to-date symlink: /home/developer/aerostack2_ws/install/as2_msgs/include/as2_msgs/as2_msgs/msg/yaw_mode.h\n'}
[0.260437] (as2_msgs) StdoutLine: {'line': b'-- Up-to-date symlink: /home/developer/aerostack2_ws/install/as2_msgs/include/as2_msgs/as2_msgs/srv/add_static_transform.h\n'}
[0.260478] (as2_msgs) StdoutLine: {'line': b'-- Up-to-date symlink: /home/developer/aerostack2_ws/install/as2_msgs/include/as2_msgs/as2_msgs/srv/add_static_transform_gps.h\n'}
[0.260523] (as2_msgs) StdoutLine: {'line': b'-- Up-to-date symlink: /home/developer/aerostack2_ws/install/as2_msgs/include/as2_msgs/as2_msgs/srv/detail/add_static_transform__functions.h\n'}
[0.260566] (as2_msgs) StdoutLine: {'line': b'-- Up-to-date symlink: /home/developer/aerostack2_ws/install/as2_msgs/include/as2_msgs/as2_msgs/srv/detail/add_static_transform__struct.h\n'}
[0.260610] (as2_msgs) StdoutLine: {'line': b'-- Up-to-date symlink: /home/developer/aerostack2_ws/install/as2_msgs/include/as2_msgs/as2_msgs/srv/detail/add_static_transform__type_support.h\n'}
[0.260654] (as2_msgs) StdoutLine: {'line': b'-- Up-to-date symlink: /home/developer/aerostack2_ws/install/as2_msgs/include/as2_msgs/as2_msgs/srv/detail/add_static_transform_gps__functions.h\n'}
[0.260699] (as2_msgs) StdoutLine: {'line': b'-- Up-to-date symlink: /home/developer/aerostack2_ws/install/as2_msgs/include/as2_msgs/as2_msgs/srv/detail/add_static_transform_gps__struct.h\n'}
[0.260744] (as2_msgs) StdoutLine: {'line': b'-- Up-to-date symlink: /home/developer/aerostack2_ws/install/as2_msgs/include/as2_msgs/as2_msgs/srv/detail/add_static_transform_gps__type_support.h\n'}
[0.260787] (as2_msgs) StdoutLine: {'line': b'-- Up-to-date symlink: /home/developer/aerostack2_ws/install/as2_msgs/include/as2_msgs/as2_msgs/srv/detail/dynamic_follower__functions.h\n'}
[0.260832] (as2_msgs) StdoutLine: {'line': b'-- Up-to-date symlink: /home/developer/aerostack2_ws/install/as2_msgs/include/as2_msgs/as2_msgs/srv/detail/dynamic_follower__struct.h\n'}
[0.260875] (as2_msgs) StdoutLine: {'line': b'-- Up-to-date symlink: /home/developer/aerostack2_ws/install/as2_msgs/include/as2_msgs/as2_msgs/srv/detail/dynamic_follower__type_support.h\n'}
[0.260920] (as2_msgs) StdoutLine: {'line': b'-- Up-to-date symlink: /home/developer/aerostack2_ws/install/as2_msgs/include/as2_msgs/as2_msgs/srv/detail/dynamic_land__functions.h\n'}
[0.260962] (as2_msgs) StdoutLine: {'line': b'-- Up-to-date symlink: /home/developer/aerostack2_ws/install/as2_msgs/include/as2_msgs/as2_msgs/srv/detail/dynamic_land__struct.h\n'}
[0.261007] (as2_msgs) StdoutLine: {'line': b'-- Up-to-date symlink: /home/developer/aerostack2_ws/install/as2_msgs/include/as2_msgs/as2_msgs/srv/detail/dynamic_land__type_support.h\n'}
[0.261049] (as2_msgs) StdoutLine: {'line': b'-- Up-to-date symlink: /home/developer/aerostack2_ws/install/as2_msgs/include/as2_msgs/as2_msgs/srv/detail/geopath_to_path__functions.h\n'}
[0.261092] (as2_msgs) StdoutLine: {'line': b'-- Up-to-date symlink: /home/developer/aerostack2_ws/install/as2_msgs/include/as2_msgs/as2_msgs/srv/detail/geopath_to_path__struct.h\n'}
[0.261138] (as2_msgs) StdoutLine: {'line': b'-- Up-to-date symlink: /home/developer/aerostack2_ws/install/as2_msgs/include/as2_msgs/as2_msgs/srv/detail/geopath_to_path__type_support.h\n'}
[0.261183] (as2_msgs) StdoutLine: {'line': b'-- Up-to-date symlink: /home/developer/aerostack2_ws/install/as2_msgs/include/as2_msgs/as2_msgs/srv/detail/get_geozone__functions.h\n'}
[0.261225] (as2_msgs) StdoutLine: {'line': b'-- Up-to-date symlink: /home/developer/aerostack2_ws/install/as2_msgs/include/as2_msgs/as2_msgs/srv/detail/get_geozone__struct.h\n'}
[0.261268] (as2_msgs) StdoutLine: {'line': b'-- Up-to-date symlink: /home/developer/aerostack2_ws/install/as2_msgs/include/as2_msgs/as2_msgs/srv/detail/get_geozone__type_support.h\n'}
[0.261311] (as2_msgs) StdoutLine: {'line': b'-- Up-to-date symlink: /home/developer/aerostack2_ws/install/as2_msgs/include/as2_msgs/as2_msgs/srv/detail/get_origin__functions.h\n'}
[0.261353] (as2_msgs) StdoutLine: {'line': b'-- Up-to-date symlink: /home/developer/aerostack2_ws/install/as2_msgs/include/as2_msgs/as2_msgs/srv/detail/get_origin__struct.h\n'}
[0.261396] (as2_msgs) StdoutLine: {'line': b'-- Up-to-date symlink: /home/developer/aerostack2_ws/install/as2_msgs/include/as2_msgs/as2_msgs/srv/detail/get_origin__type_support.h\n'}
[0.261439] (as2_msgs) StdoutLine: {'line': b'-- Up-to-date symlink: /home/developer/aerostack2_ws/install/as2_msgs/include/as2_msgs/as2_msgs/srv/detail/list_control_modes__functions.h\n'}
[0.261482] (as2_msgs) StdoutLine: {'line': b'-- Up-to-date symlink: /home/developer/aerostack2_ws/install/as2_msgs/include/as2_msgs/as2_msgs/srv/detail/list_control_modes__struct.h\n'}
[0.261524] (as2_msgs) StdoutLine: {'line': b'-- Up-to-date symlink: /home/developer/aerostack2_ws/install/as2_msgs/include/as2_msgs/as2_msgs/srv/detail/list_control_modes__type_support.h\n'}
[0.261567] (as2_msgs) StdoutLine: {'line': b'-- Up-to-date symlink: /home/developer/aerostack2_ws/install/as2_msgs/include/as2_msgs/as2_msgs/srv/detail/modify_swarm__functions.h\n'}
[0.261610] (as2_msgs) StdoutLine: {'line': b'-- Up-to-date symlink: /home/developer/aerostack2_ws/install/as2_msgs/include/as2_msgs/as2_msgs/srv/detail/modify_swarm__struct.h\n'}
[0.261652] (as2_msgs) StdoutLine: {'line': b'-- Up-to-date symlink: /home/developer/aerostack2_ws/install/as2_msgs/include/as2_msgs/as2_msgs/srv/detail/modify_swarm__type_support.h\n'}
[0.261695] (as2_msgs) StdoutLine: {'line': b'-- Up-to-date symlink: /home/developer/aerostack2_ws/install/as2_msgs/include/as2_msgs/as2_msgs/srv/detail/package_pick_up__functions.h\n'}
[0.261737] (as2_msgs) StdoutLine: {'line': b'-- Up-to-date symlink: /home/developer/aerostack2_ws/install/as2_msgs/include/as2_msgs/as2_msgs/srv/detail/package_pick_up__struct.h\n'}
[0.261781] (as2_msgs) StdoutLine: {'line': b'-- Up-to-date symlink: /home/developer/aerostack2_ws/install/as2_msgs/include/as2_msgs/as2_msgs/srv/detail/package_pick_up__type_support.h\n'}
[0.261824] (as2_msgs) StdoutLine: {'line': b'-- Up-to-date symlink: /home/developer/aerostack2_ws/install/as2_msgs/include/as2_msgs/as2_msgs/srv/detail/package_un_pick__functions.h\n'}
[0.261866] (as2_msgs) StdoutLine: {'line': b'-- Up-to-date symlink: /home/developer/aerostack2_ws/install/as2_msgs/include/as2_msgs/as2_msgs/srv/detail/package_un_pick__struct.h\n'}
[0.261910] (as2_msgs) StdoutLine: {'line': b'-- Up-to-date symlink: /home/developer/aerostack2_ws/install/as2_msgs/include/as2_msgs/as2_msgs/srv/detail/package_un_pick__type_support.h\n'}
[0.261952] (as2_msgs) StdoutLine: {'line': b'-- Up-to-date symlink: /home/developer/aerostack2_ws/install/as2_msgs/include/as2_msgs/as2_msgs/srv/detail/path_to_geopath__functions.h\n'}
[0.261997] (as2_msgs) StdoutLine: {'line': b'-- Up-to-date symlink: /home/developer/aerostack2_ws/install/as2_msgs/include/as2_msgs/as2_msgs/srv/detail/path_to_geopath__struct.h\n'}
[0.262040] (as2_msgs) StdoutLine: {'line': b'-- Up-to-date symlink: /home/developer/aerostack2_ws/install/as2_msgs/include/as2_msgs/as2_msgs/srv/detail/path_to_geopath__type_support.h\n'}
[0.262085] (as2_msgs) StdoutLine: {'line': b'-- Up-to-date symlink: /home/developer/aerostack2_ws/install/as2_msgs/include/as2_msgs/as2_msgs/srv/detail/set_control_mode__functions.h\n'}
[0.262126] (as2_msgs) StdoutLine: {'line': b'-- Up-to-date symlink: /home/developer/aerostack2_ws/install/as2_msgs/include/as2_msgs/as2_msgs/srv/detail/set_control_mode__struct.h\n'}
[0.262169] (as2_msgs) StdoutLine: {'line': b'-- Up-to-date symlink: /home/developer/aerostack2_ws/install/as2_msgs/include/as2_msgs/as2_msgs/srv/detail/set_control_mode__type_support.h\n'}
[0.262212] (as2_msgs) StdoutLine: {'line': b'-- Up-to-date symlink: /home/developer/aerostack2_ws/install/as2_msgs/include/as2_msgs/as2_msgs/srv/detail/set_geozone__functions.h\n'}
[0.262255] (as2_msgs) StdoutLine: {'line': b'-- Up-to-date symlink: /home/developer/aerostack2_ws/install/as2_msgs/include/as2_msgs/as2_msgs/srv/detail/set_geozone__struct.h\n'}
[0.262297] (as2_msgs) StdoutLine: {'line': b'-- Up-to-date symlink: /home/developer/aerostack2_ws/install/as2_msgs/include/as2_msgs/as2_msgs/srv/detail/set_geozone__type_support.h\n'}
[0.262342] (as2_msgs) StdoutLine: {'line': b'-- Up-to-date symlink: /home/developer/aerostack2_ws/install/as2_msgs/include/as2_msgs/as2_msgs/srv/detail/set_origin__functions.h\n'}
[0.262385] (as2_msgs) StdoutLine: {'line': b'-- Up-to-date symlink: /home/developer/aerostack2_ws/install/as2_msgs/include/as2_msgs/as2_msgs/srv/detail/set_origin__struct.h\n'}
[0.262428] (as2_msgs) StdoutLine: {'line': b'-- Up-to-date symlink: /home/developer/aerostack2_ws/install/as2_msgs/include/as2_msgs/as2_msgs/srv/detail/set_origin__type_support.h\n'}
[0.262473] (as2_msgs) StdoutLine: {'line': b'-- Up-to-date symlink: /home/developer/aerostack2_ws/install/as2_msgs/include/as2_msgs/as2_msgs/srv/detail/set_platform_state_machine_event__functions.h\n'}
[0.262518] (as2_msgs) StdoutLine: {'line': b'-- Up-to-date symlink: /home/developer/aerostack2_ws/install/as2_msgs/include/as2_msgs/as2_msgs/srv/detail/set_platform_state_machine_event__struct.h\n'}
[0.262562] (as2_msgs) StdoutLine: {'line': b'-- Up-to-date symlink: /home/developer/aerostack2_ws/install/as2_msgs/include/as2_msgs/as2_msgs/srv/detail/set_platform_state_machine_event__type_support.h\n'}
[0.262608] (as2_msgs) StdoutLine: {'line': b'-- Up-to-date symlink: /home/developer/aerostack2_ws/install/as2_msgs/include/as2_msgs/as2_msgs/srv/detail/set_speed__functions.h\n'}
[0.262653] (as2_msgs) StdoutLine: {'line': b'-- Up-to-date symlink: /home/developer/aerostack2_ws/install/as2_msgs/include/as2_msgs/as2_msgs/srv/detail/set_speed__struct.h\n'}
[0.262697] (as2_msgs) StdoutLine: {'line': b'-- Up-to-date symlink: /home/developer/aerostack2_ws/install/as2_msgs/include/as2_msgs/as2_msgs/srv/detail/set_speed__type_support.h\n'}
[0.262743] (as2_msgs) StdoutLine: {'line': b'-- Up-to-date symlink: /home/developer/aerostack2_ws/install/as2_msgs/include/as2_msgs/as2_msgs/srv/dynamic_follower.h\n'}
[0.262785] (as2_msgs) StdoutLine: {'line': b'-- Up-to-date symlink: /home/developer/aerostack2_ws/install/as2_msgs/include/as2_msgs/as2_msgs/srv/dynamic_land.h\n'}
[0.262826] (as2_msgs) StdoutLine: {'line': b'-- Up-to-date symlink: /home/developer/aerostack2_ws/install/as2_msgs/include/as2_msgs/as2_msgs/srv/geopath_to_path.h\n'}
[0.262867] (as2_msgs) StdoutLine: {'line': b'-- Up-to-date symlink: /home/developer/aerostack2_ws/install/as2_msgs/include/as2_msgs/as2_msgs/srv/get_geozone.h\n'}
[0.262908] (as2_msgs) StdoutLine: {'line': b'-- Up-to-date symlink: /home/developer/aerostack2_ws/install/as2_msgs/include/as2_msgs/as2_msgs/srv/get_origin.h\n'}
[0.262950] (as2_msgs) StdoutLine: {'line': b'-- Up-to-date symlink: /home/developer/aerostack2_ws/install/as2_msgs/include/as2_msgs/as2_msgs/srv/list_control_modes.h\n'}
[0.262993] (as2_msgs) StdoutLine: {'line': b'-- Up-to-date symlink: /home/developer/aerostack2_ws/install/as2_msgs/include/as2_msgs/as2_msgs/srv/modify_swarm.h\n'}
[0.263034] (as2_msgs) StdoutLine: {'line': b'-- Up-to-date symlink: /home/developer/aerostack2_ws/install/as2_msgs/include/as2_msgs/as2_msgs/srv/package_pick_up.h\n'}
[0.263075] (as2_msgs) StdoutLine: {'line': b'-- Up-to-date symlink: /home/developer/aerostack2_ws/install/as2_msgs/include/as2_msgs/as2_msgs/srv/package_un_pick.h\n'}
[0.263115] (as2_msgs) StdoutLine: {'line': b'-- Up-to-date symlink: /home/developer/aerostack2_ws/install/as2_msgs/include/as2_msgs/as2_msgs/srv/path_to_geopath.h\n'}
[0.263159] (as2_msgs) StdoutLine: {'line': b'-- Up-to-date symlink: /home/developer/aerostack2_ws/install/as2_msgs/include/as2_msgs/as2_msgs/srv/set_control_mode.h\n'}
[0.263209] (as2_msgs) StdoutLine: {'line': b'-- Up-to-date symlink: /home/developer/aerostack2_ws/install/as2_msgs/include/as2_msgs/as2_msgs/srv/set_geozone.h\n'}
[0.263250] (as2_msgs) StdoutLine: {'line': b'-- Up-to-date symlink: /home/developer/aerostack2_ws/install/as2_msgs/include/as2_msgs/as2_msgs/srv/set_origin.h\n'}
[0.263293] (as2_msgs) StdoutLine: {'line': b'-- Up-to-date symlink: /home/developer/aerostack2_ws/install/as2_msgs/include/as2_msgs/as2_msgs/srv/set_platform_state_machine_event.h\n'}
[0.263335] (as2_msgs) StdoutLine: {'line': b'-- Up-to-date symlink: /home/developer/aerostack2_ws/install/as2_msgs/include/as2_msgs/as2_msgs/srv/set_speed.h\n'}
[0.263423] (as2_msgs) StdoutLine: {'line': b'-- Up-to-date symlink: /home/developer/aerostack2_ws/install/as2_msgs/share/as2_msgs/environment/library_path.sh\n'}
[0.263496] (as2_msgs) StdoutLine: {'line': b'-- Up-to-date symlink: /home/developer/aerostack2_ws/install/as2_msgs/share/as2_msgs/environment/library_path.dsv\n'}
[0.264867] (as2_msgs) StdoutLine: {'line': b'-- Up-to-date symlink: /home/developer/aerostack2_ws/install/as2_msgs/include/as2_msgs/as2_msgs/action/detail/detect_aruco_markers__rosidl_typesupport_fastrtps_c.h\n'}
[0.264948] (as2_msgs) StdoutLine: {'line': b'-- Up-to-date symlink: /home/developer/aerostack2_ws/install/as2_msgs/include/as2_msgs/as2_msgs/action/detail/follow_path__rosidl_typesupport_fastrtps_c.h\n'}
[0.264985] (as2_msgs) StdoutLine: {'line': b'-- Up-to-date symlink: /home/developer/aerostack2_ws/install/as2_msgs/include/as2_msgs/as2_msgs/action/detail/follow_reference__rosidl_typesupport_fastrtps_c.h\n'}
[0.265026] (as2_msgs) StdoutLine: {'line': b'-- Up-to-date symlink: /home/developer/aerostack2_ws/install/as2_msgs/include/as2_msgs/as2_msgs/action/detail/force_estimation__rosidl_typesupport_fastrtps_c.h\n'}
[0.265064] (as2_msgs) StdoutLine: {'line': b'-- Up-to-date symlink: /home/developer/aerostack2_ws/install/as2_msgs/include/as2_msgs/as2_msgs/action/detail/generate_polynomial_trajectory__rosidl_typesupport_fastrtps_c.h\n'}
[0.265105] (as2_msgs) StdoutLine: {'line': b'-- Up-to-date symlink: /home/developer/aerostack2_ws/install/as2_msgs/include/as2_msgs/as2_msgs/action/detail/go_to_waypoint__rosidl_typesupport_fastrtps_c.h\n'}
[0.265144] (as2_msgs) StdoutLine: {'line': b'-- Up-to-date symlink: /home/developer/aerostack2_ws/install/as2_msgs/include/as2_msgs/as2_msgs/action/detail/gripper_handler__rosidl_typesupport_fastrtps_c.h\n'}
[0.265183] (as2_msgs) StdoutLine: {'line': b'-- Up-to-date symlink: /home/developer/aerostack2_ws/install/as2_msgs/include/as2_msgs/as2_msgs/action/detail/land__rosidl_typesupport_fastrtps_c.h\n'}
[0.265222] (as2_msgs) StdoutLine: {'line': b'-- Up-to-date symlink: /home/developer/aerostack2_ws/install/as2_msgs/include/as2_msgs/as2_msgs/action/detail/mass_estimation__rosidl_typesupport_fastrtps_c.h\n'}
[0.265260] (as2_msgs) StdoutLine: {'line': b'-- Up-to-date symlink: /home/developer/aerostack2_ws/install/as2_msgs/include/as2_msgs/as2_msgs/action/detail/navigate_to_point__rosidl_typesupport_fastrtps_c.h\n'}
[0.265297] (as2_msgs) StdoutLine: {'line': b'-- Up-to-date symlink: /home/developer/aerostack2_ws/install/as2_msgs/include/as2_msgs/as2_msgs/action/detail/point_gimbal__rosidl_typesupport_fastrtps_c.h\n'}
[0.265334] (as2_msgs) StdoutLine: {'line': b'-- Up-to-date symlink: /home/developer/aerostack2_ws/install/as2_msgs/include/as2_msgs/as2_msgs/action/detail/precision_landing__rosidl_typesupport_fastrtps_c.h\n'}
[0.265380] (as2_msgs) StdoutLine: {'line': b'-- Up-to-date symlink: /home/developer/aerostack2_ws/install/as2_msgs/include/as2_msgs/as2_msgs/action/detail/set_arming_state__rosidl_typesupport_fastrtps_c.h\n'}
[0.265432] (as2_msgs) StdoutLine: {'line': b'-- Up-to-date symlink: /home/developer/aerostack2_ws/install/as2_msgs/include/as2_msgs/as2_msgs/action/detail/set_offboard_mode__rosidl_typesupport_fastrtps_c.h\n'}
[0.265476] (as2_msgs) StdoutLine: {'line': b'-- Up-to-date symlink: /home/developer/aerostack2_ws/install/as2_msgs/include/as2_msgs/as2_msgs/action/detail/swarm_flocking__rosidl_typesupport_fastrtps_c.h\n'}
[0.265522] (as2_msgs) StdoutLine: {'line': b'-- Up-to-date symlink: /home/developer/aerostack2_ws/install/as2_msgs/include/as2_msgs/as2_msgs/action/detail/takeoff__rosidl_typesupport_fastrtps_c.h\n'}
[0.265569] (as2_msgs) StdoutLine: {'line': b'-- Up-to-date symlink: /home/developer/aerostack2_ws/install/as2_msgs/include/as2_msgs/as2_msgs/msg/detail/acro__rosidl_typesupport_fastrtps_c.h\n'}
[0.265613] (as2_msgs) StdoutLine: {'line': b'-- Up-to-date symlink: /home/developer/aerostack2_ws/install/as2_msgs/include/as2_msgs/as2_msgs/msg/detail/alert_event__rosidl_typesupport_fastrtps_c.h\n'}
[0.265660] (as2_msgs) StdoutLine: {'line': b'-- Up-to-date symlink: /home/developer/aerostack2_ws/install/as2_msgs/include/as2_msgs/as2_msgs/msg/detail/behavior_status__rosidl_typesupport_fastrtps_c.h\n'}
[0.265704] (as2_msgs) StdoutLine: {'line': b'-- Up-to-date symlink: /home/developer/aerostack2_ws/install/as2_msgs/include/as2_msgs/as2_msgs/msg/detail/control_mode__rosidl_typesupport_fastrtps_c.h\n'}
[0.265747] (as2_msgs) StdoutLine: {'line': b'-- Up-to-date symlink: /home/developer/aerostack2_ws/install/as2_msgs/include/as2_msgs/as2_msgs/msg/detail/controller_info__rosidl_typesupport_fastrtps_c.h\n'}
[0.265790] (as2_msgs) StdoutLine: {'line': b'-- Up-to-date symlink: /home/developer/aerostack2_ws/install/as2_msgs/include/as2_msgs/as2_msgs/msg/detail/follow_target_info__rosidl_typesupport_fastrtps_c.h\n'}
[0.265837] (as2_msgs) StdoutLine: {'line': b'-- Up-to-date symlink: /home/developer/aerostack2_ws/install/as2_msgs/include/as2_msgs/as2_msgs/msg/detail/geozone__rosidl_typesupport_fastrtps_c.h\n'}
[0.265881] (as2_msgs) StdoutLine: {'line': b'-- Up-to-date symlink: /home/developer/aerostack2_ws/install/as2_msgs/include/as2_msgs/as2_msgs/msg/detail/gimbal_control__rosidl_typesupport_fastrtps_c.h\n'}
[0.265925] (as2_msgs) StdoutLine: {'line': b'-- Up-to-date symlink: /home/developer/aerostack2_ws/install/as2_msgs/include/as2_msgs/as2_msgs/msg/detail/mission_event__rosidl_typesupport_fastrtps_c.h\n'}
[0.265968] (as2_msgs) StdoutLine: {'line': b'-- Up-to-date symlink: /home/developer/aerostack2_ws/install/as2_msgs/include/as2_msgs/as2_msgs/msg/detail/mission_update__rosidl_typesupport_fastrtps_c.h\n'}
[0.266046] (as2_msgs) StdoutLine: {'line': b'-- Up-to-date symlink: /home/developer/aerostack2_ws/install/as2_msgs/include/as2_msgs/as2_msgs/msg/detail/node_status__rosidl_typesupport_fastrtps_c.h\n'}
[0.266277] (as2_msgs) StdoutLine: {'line': b'-- Up-to-date symlink: /home/developer/aerostack2_ws/install/as2_msgs/include/as2_msgs/as2_msgs/msg/detail/platform_info__rosidl_typesupport_fastrtps_c.h\n'}
[0.266343] (as2_msgs) StdoutLine: {'line': b'-- Up-to-date symlink: /home/developer/aerostack2_ws/install/as2_msgs/include/as2_msgs/as2_msgs/msg/detail/platform_state_machine_event__rosidl_typesupport_fastrtps_c.h\n'}
[0.266372] (as2_msgs) StdoutLine: {'line': b'-- Up-to-date symlink: /home/developer/aerostack2_ws/install/as2_msgs/include/as2_msgs/as2_msgs/msg/detail/platform_status__rosidl_typesupport_fastrtps_c.h\n'}
[0.266397] (as2_msgs) StdoutLine: {'line': b'-- Up-to-date symlink: /home/developer/aerostack2_ws/install/as2_msgs/include/as2_msgs/as2_msgs/msg/detail/polygon_list__rosidl_typesupport_fastrtps_c.h\n'}
[0.266456] (as2_msgs) StdoutLine: {'line': b'-- Up-to-date symlink: /home/developer/aerostack2_ws/install/as2_msgs/include/as2_msgs/as2_msgs/msg/detail/pose_stamped_with_id__rosidl_typesupport_fastrtps_c.h\n'}
[0.266489] (as2_msgs) StdoutLine: {'line': b'-- Up-to-date symlink: /home/developer/aerostack2_ws/install/as2_msgs/include/as2_msgs/as2_msgs/msg/detail/pose_stamped_with_id_array__rosidl_typesupport_fastrtps_c.h\n'}
[0.266514] (as2_msgs) StdoutLine: {'line': b'-- Up-to-date symlink: /home/developer/aerostack2_ws/install/as2_msgs/include/as2_msgs/as2_msgs/msg/detail/pose_with_id__rosidl_typesupport_fastrtps_c.h\n'}
[0.266639] (as2_msgs) StdoutLine: {'line': b'-- Up-to-date symlink: /home/developer/aerostack2_ws/install/as2_msgs/include/as2_msgs/as2_msgs/msg/detail/pose_with_id_array__rosidl_typesupport_fastrtps_c.h\n'}
[0.266704] (as2_msgs) StdoutLine: {'line': b'-- Up-to-date symlink: /home/developer/aerostack2_ws/install/as2_msgs/include/as2_msgs/as2_msgs/msg/detail/speed__rosidl_typesupport_fastrtps_c.h\n'}
[0.266734] (as2_msgs) StdoutLine: {'line': b'-- Up-to-date symlink: /home/developer/aerostack2_ws/install/as2_msgs/include/as2_msgs/as2_msgs/msg/detail/thrust__rosidl_typesupport_fastrtps_c.h\n'}
[0.266759] (as2_msgs) StdoutLine: {'line': b'-- Up-to-date symlink: /home/developer/aerostack2_ws/install/as2_msgs/include/as2_msgs/as2_msgs/msg/detail/traj_gen_info__rosidl_typesupport_fastrtps_c.h\n'}
[0.266784] (as2_msgs) StdoutLine: {'line': b'-- Up-to-date symlink: /home/developer/aerostack2_ws/install/as2_msgs/include/as2_msgs/as2_msgs/msg/detail/trajectory_point__rosidl_typesupport_fastrtps_c.h\n'}
[0.266906] (as2_msgs) StdoutLine: {'line': b'-- Up-to-date symlink: /home/developer/aerostack2_ws/install/as2_msgs/include/as2_msgs/as2_msgs/msg/detail/trajectory_setpoints__rosidl_typesupport_fastrtps_c.h\n'}
[0.266966] (as2_msgs) StdoutLine: {'line': b'-- Up-to-date symlink: /home/developer/aerostack2_ws/install/as2_msgs/include/as2_msgs/as2_msgs/msg/detail/u_int16_multi_array_stamped__rosidl_typesupport_fastrtps_c.h\n'}
[0.267000] (as2_msgs) StdoutLine: {'line': b'-- Up-to-date symlink: /home/developer/aerostack2_ws/install/as2_msgs/include/as2_msgs/as2_msgs/msg/detail/yaw_mode__rosidl_typesupport_fastrtps_c.h\n'}
[0.267027] (as2_msgs) StdoutLine: {'line': b'-- Up-to-date symlink: /home/developer/aerostack2_ws/install/as2_msgs/include/as2_msgs/as2_msgs/msg/rosidl_typesupport_fastrtps_c__visibility_control.h\n'}
[0.267054] (as2_msgs) StdoutLine: {'line': b'-- Up-to-date symlink: /home/developer/aerostack2_ws/install/as2_msgs/include/as2_msgs/as2_msgs/srv/detail/add_static_transform__rosidl_typesupport_fastrtps_c.h\n'}
[0.267254] (as2_msgs) StdoutLine: {'line': b'-- Up-to-date symlink: /home/developer/aerostack2_ws/install/as2_msgs/include/as2_msgs/as2_msgs/srv/detail/add_static_transform_gps__rosidl_typesupport_fastrtps_c.h\n'}
[0.267298] (as2_msgs) StdoutLine: {'line': b'-- Up-to-date symlink: /home/developer/aerostack2_ws/install/as2_msgs/include/as2_msgs/as2_msgs/srv/detail/dynamic_follower__rosidl_typesupport_fastrtps_c.h\n'}
[0.267326] (as2_msgs) StdoutLine: {'line': b'-- Up-to-date symlink: /home/developer/aerostack2_ws/install/as2_msgs/include/as2_msgs/as2_msgs/srv/detail/dynamic_land__rosidl_typesupport_fastrtps_c.h\n'}
[0.267353] (as2_msgs) StdoutLine: {'line': b'-- Up-to-date symlink: /home/developer/aerostack2_ws/install/as2_msgs/include/as2_msgs/as2_msgs/srv/detail/geopath_to_path__rosidl_typesupport_fastrtps_c.h\n'}
[0.267390] (as2_msgs) StdoutLine: {'line': b'-- Up-to-date symlink: /home/developer/aerostack2_ws/install/as2_msgs/include/as2_msgs/as2_msgs/srv/detail/get_geozone__rosidl_typesupport_fastrtps_c.h\n'}
[0.267415] (as2_msgs) StdoutLine: {'line': b'-- Up-to-date symlink: /home/developer/aerostack2_ws/install/as2_msgs/include/as2_msgs/as2_msgs/srv/detail/get_origin__rosidl_typesupport_fastrtps_c.h\n'}
[0.267439] (as2_msgs) StdoutLine: {'line': b'-- Up-to-date symlink: /home/developer/aerostack2_ws/install/as2_msgs/include/as2_msgs/as2_msgs/srv/detail/list_control_modes__rosidl_typesupport_fastrtps_c.h\n'}
[0.267462] (as2_msgs) StdoutLine: {'line': b'-- Up-to-date symlink: /home/developer/aerostack2_ws/install/as2_msgs/include/as2_msgs/as2_msgs/srv/detail/modify_swarm__rosidl_typesupport_fastrtps_c.h\n'}
[0.267485] (as2_msgs) StdoutLine: {'line': b'-- Up-to-date symlink: /home/developer/aerostack2_ws/install/as2_msgs/include/as2_msgs/as2_msgs/srv/detail/package_pick_up__rosidl_typesupport_fastrtps_c.h\n'}
[0.267506] (as2_msgs) StdoutLine: {'line': b'-- Up-to-date symlink: /home/developer/aerostack2_ws/install/as2_msgs/include/as2_msgs/as2_msgs/srv/detail/package_un_pick__rosidl_typesupport_fastrtps_c.h\n'}
[0.267528] (as2_msgs) StdoutLine: {'line': b'-- Up-to-date symlink: /home/developer/aerostack2_ws/install/as2_msgs/include/as2_msgs/as2_msgs/srv/detail/path_to_geopath__rosidl_typesupport_fastrtps_c.h\n'}
[0.267550] (as2_msgs) StdoutLine: {'line': b'-- Up-to-date symlink: /home/developer/aerostack2_ws/install/as2_msgs/include/as2_msgs/as2_msgs/srv/detail/set_control_mode__rosidl_typesupport_fastrtps_c.h\n'}
[0.267597] (as2_msgs) StdoutLine: {'line': b'-- Up-to-date symlink: /home/developer/aerostack2_ws/install/as2_msgs/include/as2_msgs/as2_msgs/srv/detail/set_geozone__rosidl_typesupport_fastrtps_c.h\n'}
[0.267631] (as2_msgs) StdoutLine: {'line': b'-- Up-to-date symlink: /home/developer/aerostack2_ws/install/as2_msgs/include/as2_msgs/as2_msgs/srv/detail/set_origin__rosidl_typesupport_fastrtps_c.h\n'}
[0.267653] (as2_msgs) StdoutLine: {'line': b'-- Up-to-date symlink: /home/developer/aerostack2_ws/install/as2_msgs/include/as2_msgs/as2_msgs/srv/detail/set_platform_state_machine_event__rosidl_typesupport_fastrtps_c.h\n'}
[0.267675] (as2_msgs) StdoutLine: {'line': b'-- Up-to-date symlink: /home/developer/aerostack2_ws/install/as2_msgs/include/as2_msgs/as2_msgs/srv/detail/set_speed__rosidl_typesupport_fastrtps_c.h\n'}
[0.268354] (as2_msgs) StdoutLine: {'line': b'-- Up-to-date symlink: /home/developer/aerostack2_ws/install/as2_msgs/include/as2_msgs/as2_msgs/action/detail/detect_aruco_markers__rosidl_typesupport_introspection_c.h\n'}
[0.268419] (as2_msgs) StdoutLine: {'line': b'-- Up-to-date symlink: /home/developer/aerostack2_ws/install/as2_msgs/include/as2_msgs/as2_msgs/action/detail/follow_path__rosidl_typesupport_introspection_c.h\n'}
[0.268451] (as2_msgs) StdoutLine: {'line': b'-- Up-to-date symlink: /home/developer/aerostack2_ws/install/as2_msgs/include/as2_msgs/as2_msgs/action/detail/follow_reference__rosidl_typesupport_introspection_c.h\n'}
[0.268503] (as2_msgs) StdoutLine: {'line': b'-- Up-to-date symlink: /home/developer/aerostack2_ws/install/as2_msgs/include/as2_msgs/as2_msgs/action/detail/force_estimation__rosidl_typesupport_introspection_c.h\n'}
[0.268539] (as2_msgs) StdoutLine: {'line': b'-- Up-to-date symlink: /home/developer/aerostack2_ws/install/as2_msgs/include/as2_msgs/as2_msgs/action/detail/generate_polynomial_trajectory__rosidl_typesupport_introspection_c.h\n'}
[0.268565] (as2_msgs) StdoutLine: {'line': b'-- Up-to-date symlink: /home/developer/aerostack2_ws/install/as2_msgs/include/as2_msgs/as2_msgs/action/detail/go_to_waypoint__rosidl_typesupport_introspection_c.h\n'}
[0.268604] (as2_msgs) StdoutLine: {'line': b'-- Up-to-date symlink: /home/developer/aerostack2_ws/install/as2_msgs/include/as2_msgs/as2_msgs/action/detail/gripper_handler__rosidl_typesupport_introspection_c.h\n'}
[0.268637] (as2_msgs) StdoutLine: {'line': b'-- Up-to-date symlink: /home/developer/aerostack2_ws/install/as2_msgs/include/as2_msgs/as2_msgs/action/detail/land__rosidl_typesupport_introspection_c.h\n'}
[0.268660] (as2_msgs) StdoutLine: {'line': b'-- Up-to-date symlink: /home/developer/aerostack2_ws/install/as2_msgs/include/as2_msgs/as2_msgs/action/detail/mass_estimation__rosidl_typesupport_introspection_c.h\n'}
[0.268704] (as2_msgs) StdoutLine: {'line': b'-- Up-to-date symlink: /home/developer/aerostack2_ws/install/as2_msgs/include/as2_msgs/as2_msgs/action/detail/navigate_to_point__rosidl_typesupport_introspection_c.h\n'}
[0.268739] (as2_msgs) StdoutLine: {'line': b'-- Up-to-date symlink: /home/developer/aerostack2_ws/install/as2_msgs/include/as2_msgs/as2_msgs/action/detail/point_gimbal__rosidl_typesupport_introspection_c.h\n'}
[0.268783] (as2_msgs) StdoutLine: {'line': b'-- Up-to-date symlink: /home/developer/aerostack2_ws/install/as2_msgs/include/as2_msgs/as2_msgs/action/detail/precision_landing__rosidl_typesupport_introspection_c.h\n'}
[0.268825] (as2_msgs) StdoutLine: {'line': b'-- Up-to-date symlink: /home/developer/aerostack2_ws/install/as2_msgs/include/as2_msgs/as2_msgs/action/detail/set_arming_state__rosidl_typesupport_introspection_c.h\n'}
[0.268859] (as2_msgs) StdoutLine: {'line': b'-- Up-to-date symlink: /home/developer/aerostack2_ws/install/as2_msgs/include/as2_msgs/as2_msgs/action/detail/set_offboard_mode__rosidl_typesupport_introspection_c.h\n'}
[0.268891] (as2_msgs) StdoutLine: {'line': b'-- Up-to-date symlink: /home/developer/aerostack2_ws/install/as2_msgs/include/as2_msgs/as2_msgs/action/detail/swarm_flocking__rosidl_typesupport_introspection_c.h\n'}
[0.268923] (as2_msgs) StdoutLine: {'line': b'-- Up-to-date symlink: /home/developer/aerostack2_ws/install/as2_msgs/include/as2_msgs/as2_msgs/action/detail/takeoff__rosidl_typesupport_introspection_c.h\n'}
[0.268965] (as2_msgs) StdoutLine: {'line': b'-- Up-to-date symlink: /home/developer/aerostack2_ws/install/as2_msgs/include/as2_msgs/as2_msgs/msg/detail/acro__rosidl_typesupport_introspection_c.h\n'}
[0.269012] (as2_msgs) StdoutLine: {'line': b'-- Up-to-date symlink: /home/developer/aerostack2_ws/install/as2_msgs/include/as2_msgs/as2_msgs/msg/detail/alert_event__rosidl_typesupport_introspection_c.h\n'}
[0.269055] (as2_msgs) StdoutLine: {'line': b'-- Up-to-date symlink: /home/developer/aerostack2_ws/install/as2_msgs/include/as2_msgs/as2_msgs/msg/detail/behavior_status__rosidl_typesupport_introspection_c.h\n'}
[0.269102] (as2_msgs) StdoutLine: {'line': b'-- Up-to-date symlink: /home/developer/aerostack2_ws/install/as2_msgs/include/as2_msgs/as2_msgs/msg/detail/control_mode__rosidl_typesupport_introspection_c.h\n'}
[0.269144] (as2_msgs) StdoutLine: {'line': b'-- Up-to-date symlink: /home/developer/aerostack2_ws/install/as2_msgs/include/as2_msgs/as2_msgs/msg/detail/controller_info__rosidl_typesupport_introspection_c.h\n'}
[0.269188] (as2_msgs) StdoutLine: {'line': b'-- Up-to-date symlink: /home/developer/aerostack2_ws/install/as2_msgs/include/as2_msgs/as2_msgs/msg/detail/follow_target_info__rosidl_typesupport_introspection_c.h\n'}
[0.269232] (as2_msgs) StdoutLine: {'line': b'-- Up-to-date symlink: /home/developer/aerostack2_ws/install/as2_msgs/include/as2_msgs/as2_msgs/msg/detail/geozone__rosidl_typesupport_introspection_c.h\n'}
[0.269275] (as2_msgs) StdoutLine: {'line': b'-- Up-to-date symlink: /home/developer/aerostack2_ws/install/as2_msgs/include/as2_msgs/as2_msgs/msg/detail/gimbal_control__rosidl_typesupport_introspection_c.h\n'}
[0.269319] (as2_msgs) StdoutLine: {'line': b'-- Up-to-date symlink: /home/developer/aerostack2_ws/install/as2_msgs/include/as2_msgs/as2_msgs/msg/detail/mission_event__rosidl_typesupport_introspection_c.h\n'}
[0.269362] (as2_msgs) StdoutLine: {'line': b'-- Up-to-date symlink: /home/developer/aerostack2_ws/install/as2_msgs/include/as2_msgs/as2_msgs/msg/detail/mission_update__rosidl_typesupport_introspection_c.h\n'}
[0.269406] (as2_msgs) StdoutLine: {'line': b'-- Up-to-date symlink: /home/developer/aerostack2_ws/install/as2_msgs/include/as2_msgs/as2_msgs/msg/detail/node_status__rosidl_typesupport_introspection_c.h\n'}
[0.269450] (as2_msgs) StdoutLine: {'line': b'-- Up-to-date symlink: /home/developer/aerostack2_ws/install/as2_msgs/include/as2_msgs/as2_msgs/msg/detail/platform_info__rosidl_typesupport_introspection_c.h\n'}
[0.269494] (as2_msgs) StdoutLine: {'line': b'-- Up-to-date symlink: /home/developer/aerostack2_ws/install/as2_msgs/include/as2_msgs/as2_msgs/msg/detail/platform_state_machine_event__rosidl_typesupport_introspection_c.h\n'}
[0.269538] (as2_msgs) StdoutLine: {'line': b'-- Up-to-date symlink: /home/developer/aerostack2_ws/install/as2_msgs/include/as2_msgs/as2_msgs/msg/detail/platform_status__rosidl_typesupport_introspection_c.h\n'}
[0.269581] (as2_msgs) StdoutLine: {'line': b'-- Up-to-date symlink: /home/developer/aerostack2_ws/install/as2_msgs/include/as2_msgs/as2_msgs/msg/detail/polygon_list__rosidl_typesupport_introspection_c.h\n'}
[0.269625] (as2_msgs) StdoutLine: {'line': b'-- Up-to-date symlink: /home/developer/aerostack2_ws/install/as2_msgs/include/as2_msgs/as2_msgs/msg/detail/pose_stamped_with_id__rosidl_typesupport_introspection_c.h\n'}
[0.269669] (as2_msgs) StdoutLine: {'line': b'-- Up-to-date symlink: /home/developer/aerostack2_ws/install/as2_msgs/include/as2_msgs/as2_msgs/msg/detail/pose_stamped_with_id_array__rosidl_typesupport_introspection_c.h\n'}
[0.269712] (as2_msgs) StdoutLine: {'line': b'-- Up-to-date symlink: /home/developer/aerostack2_ws/install/as2_msgs/include/as2_msgs/as2_msgs/msg/detail/pose_with_id__rosidl_typesupport_introspection_c.h\n'}
[0.269756] (as2_msgs) StdoutLine: {'line': b'-- Up-to-date symlink: /home/developer/aerostack2_ws/install/as2_msgs/include/as2_msgs/as2_msgs/msg/detail/pose_with_id_array__rosidl_typesupport_introspection_c.h\n'}
[0.269800] (as2_msgs) StdoutLine: {'line': b'-- Up-to-date symlink: /home/developer/aerostack2_ws/install/as2_msgs/include/as2_msgs/as2_msgs/msg/detail/speed__rosidl_typesupport_introspection_c.h\n'}
[0.269845] (as2_msgs) StdoutLine: {'line': b'-- Up-to-date symlink: /home/developer/aerostack2_ws/install/as2_msgs/include/as2_msgs/as2_msgs/msg/detail/thrust__rosidl_typesupport_introspection_c.h\n'}
[0.269890] (as2_msgs) StdoutLine: {'line': b'-- Up-to-date symlink: /home/developer/aerostack2_ws/install/as2_msgs/include/as2_msgs/as2_msgs/msg/detail/traj_gen_info__rosidl_typesupport_introspection_c.h\n'}
[0.269933] (as2_msgs) StdoutLine: {'line': b'-- Up-to-date symlink: /home/developer/aerostack2_ws/install/as2_msgs/include/as2_msgs/as2_msgs/msg/detail/trajectory_point__rosidl_typesupport_introspection_c.h\n'}
[0.269978] (as2_msgs) StdoutLine: {'line': b'-- Up-to-date symlink: /home/developer/aerostack2_ws/install/as2_msgs/include/as2_msgs/as2_msgs/msg/detail/trajectory_setpoints__rosidl_typesupport_introspection_c.h\n'}
[0.270025] (as2_msgs) StdoutLine: {'line': b'-- Up-to-date symlink: /home/developer/aerostack2_ws/install/as2_msgs/include/as2_msgs/as2_msgs/msg/detail/u_int16_multi_array_stamped__rosidl_typesupport_introspection_c.h\n'}
[0.270069] (as2_msgs) StdoutLine: {'line': b'-- Up-to-date symlink: /home/developer/aerostack2_ws/install/as2_msgs/include/as2_msgs/as2_msgs/msg/detail/yaw_mode__rosidl_typesupport_introspection_c.h\n'}
[0.270116] (as2_msgs) StdoutLine: {'line': b'-- Up-to-date symlink: /home/developer/aerostack2_ws/install/as2_msgs/include/as2_msgs/as2_msgs/msg/rosidl_typesupport_introspection_c__visibility_control.h\n'}
[0.270163] (as2_msgs) StdoutLine: {'line': b'-- Up-to-date symlink: /home/developer/aerostack2_ws/install/as2_msgs/include/as2_msgs/as2_msgs/srv/detail/add_static_transform__rosidl_typesupport_introspection_c.h\n'}
[0.270208] (as2_msgs) StdoutLine: {'line': b'-- Up-to-date symlink: /home/developer/aerostack2_ws/install/as2_msgs/include/as2_msgs/as2_msgs/srv/detail/add_static_transform_gps__rosidl_typesupport_introspection_c.h\n'}
[0.270252] (as2_msgs) StdoutLine: {'line': b'-- Up-to-date symlink: /home/developer/aerostack2_ws/install/as2_msgs/include/as2_msgs/as2_msgs/srv/detail/dynamic_follower__rosidl_typesupport_introspection_c.h\n'}
[0.270295] (as2_msgs) StdoutLine: {'line': b'-- Up-to-date symlink: /home/developer/aerostack2_ws/install/as2_msgs/include/as2_msgs/as2_msgs/srv/detail/dynamic_land__rosidl_typesupport_introspection_c.h\n'}
[0.270338] (as2_msgs) StdoutLine: {'line': b'-- Up-to-date symlink: /home/developer/aerostack2_ws/install/as2_msgs/include/as2_msgs/as2_msgs/srv/detail/geopath_to_path__rosidl_typesupport_introspection_c.h\n'}
[0.270383] (as2_msgs) StdoutLine: {'line': b'-- Up-to-date symlink: /home/developer/aerostack2_ws/install/as2_msgs/include/as2_msgs/as2_msgs/srv/detail/get_geozone__rosidl_typesupport_introspection_c.h\n'}
[0.270427] (as2_msgs) StdoutLine: {'line': b'-- Up-to-date symlink: /home/developer/aerostack2_ws/install/as2_msgs/include/as2_msgs/as2_msgs/srv/detail/get_origin__rosidl_typesupport_introspection_c.h\n'}
[0.270471] (as2_msgs) StdoutLine: {'line': b'-- Up-to-date symlink: /home/developer/aerostack2_ws/install/as2_msgs/include/as2_msgs/as2_msgs/srv/detail/list_control_modes__rosidl_typesupport_introspection_c.h\n'}
[0.270515] (as2_msgs) StdoutLine: {'line': b'-- Up-to-date symlink: /home/developer/aerostack2_ws/install/as2_msgs/include/as2_msgs/as2_msgs/srv/detail/modify_swarm__rosidl_typesupport_introspection_c.h\n'}
[0.270562] (as2_msgs) StdoutLine: {'line': b'-- Up-to-date symlink: /home/developer/aerostack2_ws/install/as2_msgs/include/as2_msgs/as2_msgs/srv/detail/package_pick_up__rosidl_typesupport_introspection_c.h\n'}
[0.270604] (as2_msgs) StdoutLine: {'line': b'-- Up-to-date symlink: /home/developer/aerostack2_ws/install/as2_msgs/include/as2_msgs/as2_msgs/srv/detail/package_un_pick__rosidl_typesupport_introspection_c.h\n'}
[0.270648] (as2_msgs) StdoutLine: {'line': b'-- Up-to-date symlink: /home/developer/aerostack2_ws/install/as2_msgs/include/as2_msgs/as2_msgs/srv/detail/path_to_geopath__rosidl_typesupport_introspection_c.h\n'}
[0.270692] (as2_msgs) StdoutLine: {'line': b'-- Up-to-date symlink: /home/developer/aerostack2_ws/install/as2_msgs/include/as2_msgs/as2_msgs/srv/detail/set_control_mode__rosidl_typesupport_introspection_c.h\n'}
[0.270734] (as2_msgs) StdoutLine: {'line': b'-- Up-to-date symlink: /home/developer/aerostack2_ws/install/as2_msgs/include/as2_msgs/as2_msgs/srv/detail/set_geozone__rosidl_typesupport_introspection_c.h\n'}
[0.270778] (as2_msgs) StdoutLine: {'line': b'-- Up-to-date symlink: /home/developer/aerostack2_ws/install/as2_msgs/include/as2_msgs/as2_msgs/srv/detail/set_origin__rosidl_typesupport_introspection_c.h\n'}
[0.270823] (as2_msgs) StdoutLine: {'line': b'-- Up-to-date symlink: /home/developer/aerostack2_ws/install/as2_msgs/include/as2_msgs/as2_msgs/srv/detail/set_platform_state_machine_event__rosidl_typesupport_introspection_c.h\n'}
[0.270867] (as2_msgs) StdoutLine: {'line': b'-- Up-to-date symlink: /home/developer/aerostack2_ws/install/as2_msgs/include/as2_msgs/as2_msgs/srv/detail/set_speed__rosidl_typesupport_introspection_c.h\n'}
[0.272553] (as2_msgs) StdoutLine: {'line': b'-- Up-to-date symlink: /home/developer/aerostack2_ws/install/as2_msgs/include/as2_msgs/as2_msgs/action/detail/detect_aruco_markers__builder.hpp\n'}
[0.272631] (as2_msgs) StdoutLine: {'line': b'-- Up-to-date symlink: /home/developer/aerostack2_ws/install/as2_msgs/include/as2_msgs/as2_msgs/action/detail/detect_aruco_markers__struct.hpp\n'}
[0.272654] (as2_msgs) StdoutLine: {'line': b'-- Up-to-date symlink: /home/developer/aerostack2_ws/install/as2_msgs/include/as2_msgs/as2_msgs/action/detail/detect_aruco_markers__traits.hpp\n'}
[0.272685] (as2_msgs) StdoutLine: {'line': b'-- Up-to-date symlink: /home/developer/aerostack2_ws/install/as2_msgs/include/as2_msgs/as2_msgs/action/detail/detect_aruco_markers__type_support.hpp\n'}
[0.272729] (as2_msgs) StdoutLine: {'line': b'-- Up-to-date symlink: /home/developer/aerostack2_ws/install/as2_msgs/include/as2_msgs/as2_msgs/action/detail/follow_path__builder.hpp\n'}
[0.272771] (as2_msgs) StdoutLine: {'line': b'-- Up-to-date symlink: /home/developer/aerostack2_ws/install/as2_msgs/include/as2_msgs/as2_msgs/action/detail/follow_path__struct.hpp\n'}
[0.272807] (as2_msgs) StdoutLine: {'line': b'-- Up-to-date symlink: /home/developer/aerostack2_ws/install/as2_msgs/include/as2_msgs/as2_msgs/action/detail/follow_path__traits.hpp\n'}
[0.272850] (as2_msgs) StdoutLine: {'line': b'-- Up-to-date symlink: /home/developer/aerostack2_ws/install/as2_msgs/include/as2_msgs/as2_msgs/action/detail/follow_path__type_support.hpp\n'}
[0.272894] (as2_msgs) StdoutLine: {'line': b'-- Up-to-date symlink: /home/developer/aerostack2_ws/install/as2_msgs/include/as2_msgs/as2_msgs/action/detail/follow_reference__builder.hpp\n'}
[0.272936] (as2_msgs) StdoutLine: {'line': b'-- Up-to-date symlink: /home/developer/aerostack2_ws/install/as2_msgs/include/as2_msgs/as2_msgs/action/detail/follow_reference__struct.hpp\n'}
[0.272980] (as2_msgs) StdoutLine: {'line': b'-- Up-to-date symlink: /home/developer/aerostack2_ws/install/as2_msgs/include/as2_msgs/as2_msgs/action/detail/follow_reference__traits.hpp\n'}
[0.273027] (as2_msgs) StdoutLine: {'line': b'-- Up-to-date symlink: /home/developer/aerostack2_ws/install/as2_msgs/include/as2_msgs/as2_msgs/action/detail/follow_reference__type_support.hpp\n'}
[0.273072] (as2_msgs) StdoutLine: {'line': b'-- Up-to-date symlink: /home/developer/aerostack2_ws/install/as2_msgs/include/as2_msgs/as2_msgs/action/detail/force_estimation__builder.hpp\n'}
[0.273117] (as2_msgs) StdoutLine: {'line': b'-- Up-to-date symlink: /home/developer/aerostack2_ws/install/as2_msgs/include/as2_msgs/as2_msgs/action/detail/force_estimation__struct.hpp\n'}
[0.273164] (as2_msgs) StdoutLine: {'line': b'-- Up-to-date symlink: /home/developer/aerostack2_ws/install/as2_msgs/include/as2_msgs/as2_msgs/action/detail/force_estimation__traits.hpp\n'}
[0.273207] (as2_msgs) StdoutLine: {'line': b'-- Up-to-date symlink: /home/developer/aerostack2_ws/install/as2_msgs/include/as2_msgs/as2_msgs/action/detail/force_estimation__type_support.hpp\n'}
[0.273254] (as2_msgs) StdoutLine: {'line': b'-- Up-to-date symlink: /home/developer/aerostack2_ws/install/as2_msgs/include/as2_msgs/as2_msgs/action/detail/generate_polynomial_trajectory__builder.hpp\n'}
[0.273304] (as2_msgs) StdoutLine: {'line': b'-- Up-to-date symlink: /home/developer/aerostack2_ws/install/as2_msgs/include/as2_msgs/as2_msgs/action/detail/generate_polynomial_trajectory__struct.hpp\n'}
[0.273349] (as2_msgs) StdoutLine: {'line': b'-- Up-to-date symlink: /home/developer/aerostack2_ws/install/as2_msgs/include/as2_msgs/as2_msgs/action/detail/generate_polynomial_trajectory__traits.hpp\n'}
[0.273398] (as2_msgs) StdoutLine: {'line': b'-- Up-to-date symlink: /home/developer/aerostack2_ws/install/as2_msgs/include/as2_msgs/as2_msgs/action/detail/generate_polynomial_trajectory__type_support.hpp\n'}
[0.273442] (as2_msgs) StdoutLine: {'line': b'-- Up-to-date symlink: /home/developer/aerostack2_ws/install/as2_msgs/include/as2_msgs/as2_msgs/action/detail/go_to_waypoint__builder.hpp\n'}
[0.273486] (as2_msgs) StdoutLine: {'line': b'-- Up-to-date symlink: /home/developer/aerostack2_ws/install/as2_msgs/include/as2_msgs/as2_msgs/action/detail/go_to_waypoint__struct.hpp\n'}
[0.273528] (as2_msgs) StdoutLine: {'line': b'-- Up-to-date symlink: /home/developer/aerostack2_ws/install/as2_msgs/include/as2_msgs/as2_msgs/action/detail/go_to_waypoint__traits.hpp\n'}
[0.273573] (as2_msgs) StdoutLine: {'line': b'-- Up-to-date symlink: /home/developer/aerostack2_ws/install/as2_msgs/include/as2_msgs/as2_msgs/action/detail/go_to_waypoint__type_support.hpp\n'}
[0.273618] (as2_msgs) StdoutLine: {'line': b'-- Up-to-date symlink: /home/developer/aerostack2_ws/install/as2_msgs/include/as2_msgs/as2_msgs/action/detail/gripper_handler__builder.hpp\n'}
[0.273659] (as2_msgs) StdoutLine: {'line': b'-- Up-to-date symlink: /home/developer/aerostack2_ws/install/as2_msgs/include/as2_msgs/as2_msgs/action/detail/gripper_handler__struct.hpp\n'}
[0.273699] (as2_msgs) StdoutLine: {'line': b'-- Up-to-date symlink: /home/developer/aerostack2_ws/install/as2_msgs/include/as2_msgs/as2_msgs/action/detail/gripper_handler__traits.hpp\n'}
[0.273742] (as2_msgs) StdoutLine: {'line': b'-- Up-to-date symlink: /home/developer/aerostack2_ws/install/as2_msgs/include/as2_msgs/as2_msgs/action/detail/gripper_handler__type_support.hpp\n'}
[0.273786] (as2_msgs) StdoutLine: {'line': b'-- Up-to-date symlink: /home/developer/aerostack2_ws/install/as2_msgs/include/as2_msgs/as2_msgs/action/detail/land__builder.hpp\n'}
[0.273829] (as2_msgs) StdoutLine: {'line': b'-- Up-to-date symlink: /home/developer/aerostack2_ws/install/as2_msgs/include/as2_msgs/as2_msgs/action/detail/land__struct.hpp\n'}
[0.273870] (as2_msgs) StdoutLine: {'line': b'-- Up-to-date symlink: /home/developer/aerostack2_ws/install/as2_msgs/include/as2_msgs/as2_msgs/action/detail/land__traits.hpp\n'}
[0.273912] (as2_msgs) StdoutLine: {'line': b'-- Up-to-date symlink: /home/developer/aerostack2_ws/install/as2_msgs/include/as2_msgs/as2_msgs/action/detail/land__type_support.hpp\n'}
[0.273955] (as2_msgs) StdoutLine: {'line': b'-- Up-to-date symlink: /home/developer/aerostack2_ws/install/as2_msgs/include/as2_msgs/as2_msgs/action/detail/mass_estimation__builder.hpp\n'}
[0.273999] (as2_msgs) StdoutLine: {'line': b'-- Up-to-date symlink: /home/developer/aerostack2_ws/install/as2_msgs/include/as2_msgs/as2_msgs/action/detail/mass_estimation__struct.hpp\n'}
[0.274040] (as2_msgs) StdoutLine: {'line': b'-- Up-to-date symlink: /home/developer/aerostack2_ws/install/as2_msgs/include/as2_msgs/as2_msgs/action/detail/mass_estimation__traits.hpp\n'}
[0.274084] (as2_msgs) StdoutLine: {'line': b'-- Up-to-date symlink: /home/developer/aerostack2_ws/install/as2_msgs/include/as2_msgs/as2_msgs/action/detail/mass_estimation__type_support.hpp\n'}
[0.274127] (as2_msgs) StdoutLine: {'line': b'-- Up-to-date symlink: /home/developer/aerostack2_ws/install/as2_msgs/include/as2_msgs/as2_msgs/action/detail/navigate_to_point__builder.hpp\n'}
[0.274171] (as2_msgs) StdoutLine: {'line': b'-- Up-to-date symlink: /home/developer/aerostack2_ws/install/as2_msgs/include/as2_msgs/as2_msgs/action/detail/navigate_to_point__struct.hpp\n'}
[0.274215] (as2_msgs) StdoutLine: {'line': b'-- Up-to-date symlink: /home/developer/aerostack2_ws/install/as2_msgs/include/as2_msgs/as2_msgs/action/detail/navigate_to_point__traits.hpp\n'}
[0.274257] (as2_msgs) StdoutLine: {'line': b'-- Up-to-date symlink: /home/developer/aerostack2_ws/install/as2_msgs/include/as2_msgs/as2_msgs/action/detail/navigate_to_point__type_support.hpp\n'}
[0.274302] (as2_msgs) StdoutLine: {'line': b'-- Up-to-date symlink: /home/developer/aerostack2_ws/install/as2_msgs/include/as2_msgs/as2_msgs/action/detail/point_gimbal__builder.hpp\n'}
[0.274345] (as2_msgs) StdoutLine: {'line': b'-- Up-to-date symlink: /home/developer/aerostack2_ws/install/as2_msgs/include/as2_msgs/as2_msgs/action/detail/point_gimbal__struct.hpp\n'}
[0.274387] (as2_msgs) StdoutLine: {'line': b'-- Up-to-date symlink: /home/developer/aerostack2_ws/install/as2_msgs/include/as2_msgs/as2_msgs/action/detail/point_gimbal__traits.hpp\n'}
[0.274428] (as2_msgs) StdoutLine: {'line': b'-- Up-to-date symlink: /home/developer/aerostack2_ws/install/as2_msgs/include/as2_msgs/as2_msgs/action/detail/point_gimbal__type_support.hpp\n'}
[0.274470] (as2_msgs) StdoutLine: {'line': b'-- Up-to-date symlink: /home/developer/aerostack2_ws/install/as2_msgs/include/as2_msgs/as2_msgs/action/detail/precision_landing__builder.hpp\n'}
[0.274514] (as2_msgs) StdoutLine: {'line': b'-- Up-to-date symlink: /home/developer/aerostack2_ws/install/as2_msgs/include/as2_msgs/as2_msgs/action/detail/precision_landing__struct.hpp\n'}
[0.274555] (as2_msgs) StdoutLine: {'line': b'-- Up-to-date symlink: /home/developer/aerostack2_ws/install/as2_msgs/include/as2_msgs/as2_msgs/action/detail/precision_landing__traits.hpp\n'}
[0.274594] (as2_msgs) StdoutLine: {'line': b'-- Up-to-date symlink: /home/developer/aerostack2_ws/install/as2_msgs/include/as2_msgs/as2_msgs/action/detail/precision_landing__type_support.hpp\n'}
[0.274637] (as2_msgs) StdoutLine: {'line': b'-- Up-to-date symlink: /home/developer/aerostack2_ws/install/as2_msgs/include/as2_msgs/as2_msgs/action/detail/set_arming_state__builder.hpp\n'}
[0.274678] (as2_msgs) StdoutLine: {'line': b'-- Up-to-date symlink: /home/developer/aerostack2_ws/install/as2_msgs/include/as2_msgs/as2_msgs/action/detail/set_arming_state__struct.hpp\n'}
[0.274719] (as2_msgs) StdoutLine: {'line': b'-- Up-to-date symlink: /home/developer/aerostack2_ws/install/as2_msgs/include/as2_msgs/as2_msgs/action/detail/set_arming_state__traits.hpp\n'}
[0.274761] (as2_msgs) StdoutLine: {'line': b'-- Up-to-date symlink: /home/developer/aerostack2_ws/install/as2_msgs/include/as2_msgs/as2_msgs/action/detail/set_arming_state__type_support.hpp\n'}
[0.274802] (as2_msgs) StdoutLine: {'line': b'-- Up-to-date symlink: /home/developer/aerostack2_ws/install/as2_msgs/include/as2_msgs/as2_msgs/action/detail/set_offboard_mode__builder.hpp\n'}
[0.274844] (as2_msgs) StdoutLine: {'line': b'-- Up-to-date symlink: /home/developer/aerostack2_ws/install/as2_msgs/include/as2_msgs/as2_msgs/action/detail/set_offboard_mode__struct.hpp\n'}
[0.274885] (as2_msgs) StdoutLine: {'line': b'-- Up-to-date symlink: /home/developer/aerostack2_ws/install/as2_msgs/include/as2_msgs/as2_msgs/action/detail/set_offboard_mode__traits.hpp\n'}
[0.274927] (as2_msgs) StdoutLine: {'line': b'-- Up-to-date symlink: /home/developer/aerostack2_ws/install/as2_msgs/include/as2_msgs/as2_msgs/action/detail/set_offboard_mode__type_support.hpp\n'}
[0.274971] (as2_msgs) StdoutLine: {'line': b'-- Up-to-date symlink: /home/developer/aerostack2_ws/install/as2_msgs/include/as2_msgs/as2_msgs/action/detail/swarm_flocking__builder.hpp\n'}
[0.275020] (as2_msgs) StdoutLine: {'line': b'-- Up-to-date symlink: /home/developer/aerostack2_ws/install/as2_msgs/include/as2_msgs/as2_msgs/action/detail/swarm_flocking__struct.hpp\n'}
[0.275064] (as2_msgs) StdoutLine: {'line': b'-- Up-to-date symlink: /home/developer/aerostack2_ws/install/as2_msgs/include/as2_msgs/as2_msgs/action/detail/swarm_flocking__traits.hpp\n'}
[0.275108] (as2_msgs) StdoutLine: {'line': b'-- Up-to-date symlink: /home/developer/aerostack2_ws/install/as2_msgs/include/as2_msgs/as2_msgs/action/detail/swarm_flocking__type_support.hpp\n'}
[0.275152] (as2_msgs) StdoutLine: {'line': b'-- Up-to-date symlink: /home/developer/aerostack2_ws/install/as2_msgs/include/as2_msgs/as2_msgs/action/detail/takeoff__builder.hpp\n'}
[0.275195] (as2_msgs) StdoutLine: {'line': b'-- Up-to-date symlink: /home/developer/aerostack2_ws/install/as2_msgs/include/as2_msgs/as2_msgs/action/detail/takeoff__struct.hpp\n'}
[0.275237] (as2_msgs) StdoutLine: {'line': b'-- Up-to-date symlink: /home/developer/aerostack2_ws/install/as2_msgs/include/as2_msgs/as2_msgs/action/detail/takeoff__traits.hpp\n'}
[0.275280] (as2_msgs) StdoutLine: {'line': b'-- Up-to-date symlink: /home/developer/aerostack2_ws/install/as2_msgs/include/as2_msgs/as2_msgs/action/detail/takeoff__type_support.hpp\n'}
[0.275325] (as2_msgs) StdoutLine: {'line': b'-- Up-to-date symlink: /home/developer/aerostack2_ws/install/as2_msgs/include/as2_msgs/as2_msgs/action/detect_aruco_markers.hpp\n'}
[0.275365] (as2_msgs) StdoutLine: {'line': b'-- Up-to-date symlink: /home/developer/aerostack2_ws/install/as2_msgs/include/as2_msgs/as2_msgs/action/follow_path.hpp\n'}
[0.275406] (as2_msgs) StdoutLine: {'line': b'-- Up-to-date symlink: /home/developer/aerostack2_ws/install/as2_msgs/include/as2_msgs/as2_msgs/action/follow_reference.hpp\n'}
[0.275448] (as2_msgs) StdoutLine: {'line': b'-- Up-to-date symlink: /home/developer/aerostack2_ws/install/as2_msgs/include/as2_msgs/as2_msgs/action/force_estimation.hpp\n'}
[0.275537] (as2_msgs) StdoutLine: {'line': b'-- Up-to-date symlink: /home/developer/aerostack2_ws/install/as2_msgs/include/as2_msgs/as2_msgs/action/generate_polynomial_trajectory.hpp\n'}
[0.275572] (as2_msgs) StdoutLine: {'line': b'-- Up-to-date symlink: /home/developer/aerostack2_ws/install/as2_msgs/include/as2_msgs/as2_msgs/action/go_to_waypoint.hpp\n'}
[0.275609] (as2_msgs) StdoutLine: {'line': b'-- Up-to-date symlink: /home/developer/aerostack2_ws/install/as2_msgs/include/as2_msgs/as2_msgs/action/gripper_handler.hpp\n'}
[0.275646] (as2_msgs) StdoutLine: {'line': b'-- Up-to-date symlink: /home/developer/aerostack2_ws/install/as2_msgs/include/as2_msgs/as2_msgs/action/land.hpp\n'}
[0.275685] (as2_msgs) StdoutLine: {'line': b'-- Up-to-date symlink: /home/developer/aerostack2_ws/install/as2_msgs/include/as2_msgs/as2_msgs/action/mass_estimation.hpp\n'}
[0.275722] (as2_msgs) StdoutLine: {'line': b'-- Up-to-date symlink: /home/developer/aerostack2_ws/install/as2_msgs/include/as2_msgs/as2_msgs/action/navigate_to_point.hpp\n'}
[0.275759] (as2_msgs) StdoutLine: {'line': b'-- Up-to-date symlink: /home/developer/aerostack2_ws/install/as2_msgs/include/as2_msgs/as2_msgs/action/point_gimbal.hpp\n'}
[0.275796] (as2_msgs) StdoutLine: {'line': b'-- Up-to-date symlink: /home/developer/aerostack2_ws/install/as2_msgs/include/as2_msgs/as2_msgs/action/precision_landing.hpp\n'}
[0.275832] (as2_msgs) StdoutLine: {'line': b'-- Up-to-date symlink: /home/developer/aerostack2_ws/install/as2_msgs/include/as2_msgs/as2_msgs/action/set_arming_state.hpp\n'}
[0.275863] (as2_msgs) StdoutLine: {'line': b'-- Up-to-date symlink: /home/developer/aerostack2_ws/install/as2_msgs/include/as2_msgs/as2_msgs/action/set_offboard_mode.hpp\n'}
[0.275894] (as2_msgs) StdoutLine: {'line': b'-- Up-to-date symlink: /home/developer/aerostack2_ws/install/as2_msgs/include/as2_msgs/as2_msgs/action/swarm_flocking.hpp\n'}
[0.275927] (as2_msgs) StdoutLine: {'line': b'-- Up-to-date symlink: /home/developer/aerostack2_ws/install/as2_msgs/include/as2_msgs/as2_msgs/action/takeoff.hpp\n'}
[0.275969] (as2_msgs) StdoutLine: {'line': b'-- Up-to-date symlink: /home/developer/aerostack2_ws/install/as2_msgs/include/as2_msgs/as2_msgs/msg/acro.hpp\n'}
[0.276011] (as2_msgs) StdoutLine: {'line': b'-- Up-to-date symlink: /home/developer/aerostack2_ws/install/as2_msgs/include/as2_msgs/as2_msgs/msg/alert_event.hpp\n'}
[0.276050] (as2_msgs) StdoutLine: {'line': b'-- Up-to-date symlink: /home/developer/aerostack2_ws/install/as2_msgs/include/as2_msgs/as2_msgs/msg/behavior_status.hpp\n'}
[0.276092] (as2_msgs) StdoutLine: {'line': b'-- Up-to-date symlink: /home/developer/aerostack2_ws/install/as2_msgs/include/as2_msgs/as2_msgs/msg/control_mode.hpp\n'}
[0.276138] (as2_msgs) StdoutLine: {'line': b'-- Up-to-date symlink: /home/developer/aerostack2_ws/install/as2_msgs/include/as2_msgs/as2_msgs/msg/controller_info.hpp\n'}
[0.276179] (as2_msgs) StdoutLine: {'line': b'-- Up-to-date symlink: /home/developer/aerostack2_ws/install/as2_msgs/include/as2_msgs/as2_msgs/msg/detail/acro__builder.hpp\n'}
[0.276222] (as2_msgs) StdoutLine: {'line': b'-- Up-to-date symlink: /home/developer/aerostack2_ws/install/as2_msgs/include/as2_msgs/as2_msgs/msg/detail/acro__struct.hpp\n'}
[0.276265] (as2_msgs) StdoutLine: {'line': b'-- Up-to-date symlink: /home/developer/aerostack2_ws/install/as2_msgs/include/as2_msgs/as2_msgs/msg/detail/acro__traits.hpp\n'}
[0.276309] (as2_msgs) StdoutLine: {'line': b'-- Up-to-date symlink: /home/developer/aerostack2_ws/install/as2_msgs/include/as2_msgs/as2_msgs/msg/detail/acro__type_support.hpp\n'}
[0.276354] (as2_msgs) StdoutLine: {'line': b'-- Up-to-date symlink: /home/developer/aerostack2_ws/install/as2_msgs/include/as2_msgs/as2_msgs/msg/detail/alert_event__builder.hpp\n'}
[0.276397] (as2_msgs) StdoutLine: {'line': b'-- Up-to-date symlink: /home/developer/aerostack2_ws/install/as2_msgs/include/as2_msgs/as2_msgs/msg/detail/alert_event__struct.hpp\n'}
[0.276437] (as2_msgs) StdoutLine: {'line': b'-- Up-to-date symlink: /home/developer/aerostack2_ws/install/as2_msgs/include/as2_msgs/as2_msgs/msg/detail/alert_event__traits.hpp\n'}
[0.276479] (as2_msgs) StdoutLine: {'line': b'-- Up-to-date symlink: /home/developer/aerostack2_ws/install/as2_msgs/include/as2_msgs/as2_msgs/msg/detail/alert_event__type_support.hpp\n'}
[0.276520] (as2_msgs) StdoutLine: {'line': b'-- Up-to-date symlink: /home/developer/aerostack2_ws/install/as2_msgs/include/as2_msgs/as2_msgs/msg/detail/behavior_status__builder.hpp\n'}
[0.276561] (as2_msgs) StdoutLine: {'line': b'-- Up-to-date symlink: /home/developer/aerostack2_ws/install/as2_msgs/include/as2_msgs/as2_msgs/msg/detail/behavior_status__struct.hpp\n'}
[0.276602] (as2_msgs) StdoutLine: {'line': b'-- Up-to-date symlink: /home/developer/aerostack2_ws/install/as2_msgs/include/as2_msgs/as2_msgs/msg/detail/behavior_status__traits.hpp\n'}
[0.276645] (as2_msgs) StdoutLine: {'line': b'-- Up-to-date symlink: /home/developer/aerostack2_ws/install/as2_msgs/include/as2_msgs/as2_msgs/msg/detail/behavior_status__type_support.hpp\n'}
[0.276686] (as2_msgs) StdoutLine: {'line': b'-- Up-to-date symlink: /home/developer/aerostack2_ws/install/as2_msgs/include/as2_msgs/as2_msgs/msg/detail/control_mode__builder.hpp\n'}
[0.276727] (as2_msgs) StdoutLine: {'line': b'-- Up-to-date symlink: /home/developer/aerostack2_ws/install/as2_msgs/include/as2_msgs/as2_msgs/msg/detail/control_mode__struct.hpp\n'}
[0.276768] (as2_msgs) StdoutLine: {'line': b'-- Up-to-date symlink: /home/developer/aerostack2_ws/install/as2_msgs/include/as2_msgs/as2_msgs/msg/detail/control_mode__traits.hpp\n'}
[0.276809] (as2_msgs) StdoutLine: {'line': b'-- Up-to-date symlink: /home/developer/aerostack2_ws/install/as2_msgs/include/as2_msgs/as2_msgs/msg/detail/control_mode__type_support.hpp\n'}
[0.276850] (as2_msgs) StdoutLine: {'line': b'-- Up-to-date symlink: /home/developer/aerostack2_ws/install/as2_msgs/include/as2_msgs/as2_msgs/msg/detail/controller_info__builder.hpp\n'}
[0.276891] (as2_msgs) StdoutLine: {'line': b'-- Up-to-date symlink: /home/developer/aerostack2_ws/install/as2_msgs/include/as2_msgs/as2_msgs/msg/detail/controller_info__struct.hpp\n'}
[0.276931] (as2_msgs) StdoutLine: {'line': b'-- Up-to-date symlink: /home/developer/aerostack2_ws/install/as2_msgs/include/as2_msgs/as2_msgs/msg/detail/controller_info__traits.hpp\n'}
[0.276973] (as2_msgs) StdoutLine: {'line': b'-- Up-to-date symlink: /home/developer/aerostack2_ws/install/as2_msgs/include/as2_msgs/as2_msgs/msg/detail/controller_info__type_support.hpp\n'}
[0.277015] (as2_msgs) StdoutLine: {'line': b'-- Up-to-date symlink: /home/developer/aerostack2_ws/install/as2_msgs/include/as2_msgs/as2_msgs/msg/detail/follow_target_info__builder.hpp\n'}
[0.277057] (as2_msgs) StdoutLine: {'line': b'-- Up-to-date symlink: /home/developer/aerostack2_ws/install/as2_msgs/include/as2_msgs/as2_msgs/msg/detail/follow_target_info__struct.hpp\n'}
[0.277098] (as2_msgs) StdoutLine: {'line': b'-- Up-to-date symlink: /home/developer/aerostack2_ws/install/as2_msgs/include/as2_msgs/as2_msgs/msg/detail/follow_target_info__traits.hpp\n'}
[0.277145] (as2_msgs) StdoutLine: {'line': b'-- Up-to-date symlink: /home/developer/aerostack2_ws/install/as2_msgs/include/as2_msgs/as2_msgs/msg/detail/follow_target_info__type_support.hpp\n'}
[0.277186] (as2_msgs) StdoutLine: {'line': b'-- Up-to-date symlink: /home/developer/aerostack2_ws/install/as2_msgs/include/as2_msgs/as2_msgs/msg/detail/geozone__builder.hpp\n'}
[0.277228] (as2_msgs) StdoutLine: {'line': b'-- Up-to-date symlink: /home/developer/aerostack2_ws/install/as2_msgs/include/as2_msgs/as2_msgs/msg/detail/geozone__struct.hpp\n'}
[0.277270] (as2_msgs) StdoutLine: {'line': b'-- Up-to-date symlink: /home/developer/aerostack2_ws/install/as2_msgs/include/as2_msgs/as2_msgs/msg/detail/geozone__traits.hpp\n'}
[0.277313] (as2_msgs) StdoutLine: {'line': b'-- Up-to-date symlink: /home/developer/aerostack2_ws/install/as2_msgs/include/as2_msgs/as2_msgs/msg/detail/geozone__type_support.hpp\n'}
[0.277355] (as2_msgs) StdoutLine: {'line': b'-- Up-to-date symlink: /home/developer/aerostack2_ws/install/as2_msgs/include/as2_msgs/as2_msgs/msg/detail/gimbal_control__builder.hpp\n'}
[0.277398] (as2_msgs) StdoutLine: {'line': b'-- Up-to-date symlink: /home/developer/aerostack2_ws/install/as2_msgs/include/as2_msgs/as2_msgs/msg/detail/gimbal_control__struct.hpp\n'}
[0.277442] (as2_msgs) StdoutLine: {'line': b'-- Up-to-date symlink: /home/developer/aerostack2_ws/install/as2_msgs/include/as2_msgs/as2_msgs/msg/detail/gimbal_control__traits.hpp\n'}
[0.277484] (as2_msgs) StdoutLine: {'line': b'-- Up-to-date symlink: /home/developer/aerostack2_ws/install/as2_msgs/include/as2_msgs/as2_msgs/msg/detail/gimbal_control__type_support.hpp\n'}
[0.277525] (as2_msgs) StdoutLine: {'line': b'-- Up-to-date symlink: /home/developer/aerostack2_ws/install/as2_msgs/include/as2_msgs/as2_msgs/msg/detail/mission_event__builder.hpp\n'}
[0.277567] (as2_msgs) StdoutLine: {'line': b'-- Up-to-date symlink: /home/developer/aerostack2_ws/install/as2_msgs/include/as2_msgs/as2_msgs/msg/detail/mission_event__struct.hpp\n'}
[0.277607] (as2_msgs) StdoutLine: {'line': b'-- Up-to-date symlink: /home/developer/aerostack2_ws/install/as2_msgs/include/as2_msgs/as2_msgs/msg/detail/mission_event__traits.hpp\n'}
[0.277649] (as2_msgs) StdoutLine: {'line': b'-- Up-to-date symlink: /home/developer/aerostack2_ws/install/as2_msgs/include/as2_msgs/as2_msgs/msg/detail/mission_event__type_support.hpp\n'}
[0.277692] (as2_msgs) StdoutLine: {'line': b'-- Up-to-date symlink: /home/developer/aerostack2_ws/install/as2_msgs/include/as2_msgs/as2_msgs/msg/detail/mission_update__builder.hpp\n'}
[0.277737] (as2_msgs) StdoutLine: {'line': b'-- Up-to-date symlink: /home/developer/aerostack2_ws/install/as2_msgs/include/as2_msgs/as2_msgs/msg/detail/mission_update__struct.hpp\n'}
[0.277778] (as2_msgs) StdoutLine: {'line': b'-- Up-to-date symlink: /home/developer/aerostack2_ws/install/as2_msgs/include/as2_msgs/as2_msgs/msg/detail/mission_update__traits.hpp\n'}
[0.277819] (as2_msgs) StdoutLine: {'line': b'-- Up-to-date symlink: /home/developer/aerostack2_ws/install/as2_msgs/include/as2_msgs/as2_msgs/msg/detail/mission_update__type_support.hpp\n'}
[0.277860] (as2_msgs) StdoutLine: {'line': b'-- Up-to-date symlink: /home/developer/aerostack2_ws/install/as2_msgs/include/as2_msgs/as2_msgs/msg/detail/node_status__builder.hpp\n'}
[0.277902] (as2_msgs) StdoutLine: {'line': b'-- Up-to-date symlink: /home/developer/aerostack2_ws/install/as2_msgs/include/as2_msgs/as2_msgs/msg/detail/node_status__struct.hpp\n'}
[0.277942] (as2_msgs) StdoutLine: {'line': b'-- Up-to-date symlink: /home/developer/aerostack2_ws/install/as2_msgs/include/as2_msgs/as2_msgs/msg/detail/node_status__traits.hpp\n'}
[0.277984] (as2_msgs) StdoutLine: {'line': b'-- Up-to-date symlink: /home/developer/aerostack2_ws/install/as2_msgs/include/as2_msgs/as2_msgs/msg/detail/node_status__type_support.hpp\n'}
[0.278029] (as2_msgs) StdoutLine: {'line': b'-- Up-to-date symlink: /home/developer/aerostack2_ws/install/as2_msgs/include/as2_msgs/as2_msgs/msg/detail/platform_info__builder.hpp\n'}
[0.278069] (as2_msgs) StdoutLine: {'line': b'-- Up-to-date symlink: /home/developer/aerostack2_ws/install/as2_msgs/include/as2_msgs/as2_msgs/msg/detail/platform_info__struct.hpp\n'}
[0.278113] (as2_msgs) StdoutLine: {'line': b'-- Up-to-date symlink: /home/developer/aerostack2_ws/install/as2_msgs/include/as2_msgs/as2_msgs/msg/detail/platform_info__traits.hpp\n'}
[0.278157] (as2_msgs) StdoutLine: {'line': b'-- Up-to-date symlink: /home/developer/aerostack2_ws/install/as2_msgs/include/as2_msgs/as2_msgs/msg/detail/platform_info__type_support.hpp\n'}
[0.278204] (as2_msgs) StdoutLine: {'line': b'-- Up-to-date symlink: /home/developer/aerostack2_ws/install/as2_msgs/include/as2_msgs/as2_msgs/msg/detail/platform_state_machine_event__builder.hpp\n'}
[0.278246] (as2_msgs) StdoutLine: {'line': b'-- Up-to-date symlink: /home/developer/aerostack2_ws/install/as2_msgs/include/as2_msgs/as2_msgs/msg/detail/platform_state_machine_event__struct.hpp\n'}
[0.278288] (as2_msgs) StdoutLine: {'line': b'-- Up-to-date symlink: /home/developer/aerostack2_ws/install/as2_msgs/include/as2_msgs/as2_msgs/msg/detail/platform_state_machine_event__traits.hpp\n'}
[0.278332] (as2_msgs) StdoutLine: {'line': b'-- Up-to-date symlink: /home/developer/aerostack2_ws/install/as2_msgs/include/as2_msgs/as2_msgs/msg/detail/platform_state_machine_event__type_support.hpp\n'}
[0.278375] (as2_msgs) StdoutLine: {'line': b'-- Up-to-date symlink: /home/developer/aerostack2_ws/install/as2_msgs/include/as2_msgs/as2_msgs/msg/detail/platform_status__builder.hpp\n'}
[0.278417] (as2_msgs) StdoutLine: {'line': b'-- Up-to-date symlink: /home/developer/aerostack2_ws/install/as2_msgs/include/as2_msgs/as2_msgs/msg/detail/platform_status__struct.hpp\n'}
[0.278458] (as2_msgs) StdoutLine: {'line': b'-- Up-to-date symlink: /home/developer/aerostack2_ws/install/as2_msgs/include/as2_msgs/as2_msgs/msg/detail/platform_status__traits.hpp\n'}
[0.278500] (as2_msgs) StdoutLine: {'line': b'-- Up-to-date symlink: /home/developer/aerostack2_ws/install/as2_msgs/include/as2_msgs/as2_msgs/msg/detail/platform_status__type_support.hpp\n'}
[0.278540] (as2_msgs) StdoutLine: {'line': b'-- Up-to-date symlink: /home/developer/aerostack2_ws/install/as2_msgs/include/as2_msgs/as2_msgs/msg/detail/polygon_list__builder.hpp\n'}
[0.278581] (as2_msgs) StdoutLine: {'line': b'-- Up-to-date symlink: /home/developer/aerostack2_ws/install/as2_msgs/include/as2_msgs/as2_msgs/msg/detail/polygon_list__struct.hpp\n'}
[0.278623] (as2_msgs) StdoutLine: {'line': b'-- Up-to-date symlink: /home/developer/aerostack2_ws/install/as2_msgs/include/as2_msgs/as2_msgs/msg/detail/polygon_list__traits.hpp\n'}
[0.278664] (as2_msgs) StdoutLine: {'line': b'-- Up-to-date symlink: /home/developer/aerostack2_ws/install/as2_msgs/include/as2_msgs/as2_msgs/msg/detail/polygon_list__type_support.hpp\n'}
[0.278706] (as2_msgs) StdoutLine: {'line': b'-- Up-to-date symlink: /home/developer/aerostack2_ws/install/as2_msgs/include/as2_msgs/as2_msgs/msg/detail/pose_stamped_with_id__builder.hpp\n'}
[0.278747] (as2_msgs) StdoutLine: {'line': b'-- Up-to-date symlink: /home/developer/aerostack2_ws/install/as2_msgs/include/as2_msgs/as2_msgs/msg/detail/pose_stamped_with_id__struct.hpp\n'}
[0.278788] (as2_msgs) StdoutLine: {'line': b'-- Up-to-date symlink: /home/developer/aerostack2_ws/install/as2_msgs/include/as2_msgs/as2_msgs/msg/detail/pose_stamped_with_id__traits.hpp\n'}
[0.278830] (as2_msgs) StdoutLine: {'line': b'-- Up-to-date symlink: /home/developer/aerostack2_ws/install/as2_msgs/include/as2_msgs/as2_msgs/msg/detail/pose_stamped_with_id__type_support.hpp\n'}
[0.278872] (as2_msgs) StdoutLine: {'line': b'-- Up-to-date symlink: /home/developer/aerostack2_ws/install/as2_msgs/include/as2_msgs/as2_msgs/msg/detail/pose_stamped_with_id_array__builder.hpp\n'}
[0.278913] (as2_msgs) StdoutLine: {'line': b'-- Up-to-date symlink: /home/developer/aerostack2_ws/install/as2_msgs/include/as2_msgs/as2_msgs/msg/detail/pose_stamped_with_id_array__struct.hpp\n'}
[0.278956] (as2_msgs) StdoutLine: {'line': b'-- Up-to-date symlink: /home/developer/aerostack2_ws/install/as2_msgs/include/as2_msgs/as2_msgs/msg/detail/pose_stamped_with_id_array__traits.hpp\n'}
[0.279001] (as2_msgs) StdoutLine: {'line': b'-- Up-to-date symlink: /home/developer/aerostack2_ws/install/as2_msgs/include/as2_msgs/as2_msgs/msg/detail/pose_stamped_with_id_array__type_support.hpp\n'}
[0.279043] (as2_msgs) StdoutLine: {'line': b'-- Up-to-date symlink: /home/developer/aerostack2_ws/install/as2_msgs/include/as2_msgs/as2_msgs/msg/detail/pose_with_id__builder.hpp\n'}
[0.279085] (as2_msgs) StdoutLine: {'line': b'-- Up-to-date symlink: /home/developer/aerostack2_ws/install/as2_msgs/include/as2_msgs/as2_msgs/msg/detail/pose_with_id__struct.hpp\n'}
[0.279129] (as2_msgs) StdoutLine: {'line': b'-- Up-to-date symlink: /home/developer/aerostack2_ws/install/as2_msgs/include/as2_msgs/as2_msgs/msg/detail/pose_with_id__traits.hpp\n'}
[0.279173] (as2_msgs) StdoutLine: {'line': b'-- Up-to-date symlink: /home/developer/aerostack2_ws/install/as2_msgs/include/as2_msgs/as2_msgs/msg/detail/pose_with_id__type_support.hpp\n'}
[0.279215] (as2_msgs) StdoutLine: {'line': b'-- Up-to-date symlink: /home/developer/aerostack2_ws/install/as2_msgs/include/as2_msgs/as2_msgs/msg/detail/pose_with_id_array__builder.hpp\n'}
[0.279256] (as2_msgs) StdoutLine: {'line': b'-- Up-to-date symlink: /home/developer/aerostack2_ws/install/as2_msgs/include/as2_msgs/as2_msgs/msg/detail/pose_with_id_array__struct.hpp\n'}
[0.279297] (as2_msgs) StdoutLine: {'line': b'-- Up-to-date symlink: /home/developer/aerostack2_ws/install/as2_msgs/include/as2_msgs/as2_msgs/msg/detail/pose_with_id_array__traits.hpp\n'}
[0.279339] (as2_msgs) StdoutLine: {'line': b'-- Up-to-date symlink: /home/developer/aerostack2_ws/install/as2_msgs/include/as2_msgs/as2_msgs/msg/detail/pose_with_id_array__type_support.hpp\n'}
[0.279382] (as2_msgs) StdoutLine: {'line': b'-- Up-to-date symlink: /home/developer/aerostack2_ws/install/as2_msgs/include/as2_msgs/as2_msgs/msg/detail/speed__builder.hpp\n'}
[0.279424] (as2_msgs) StdoutLine: {'line': b'-- Up-to-date symlink: /home/developer/aerostack2_ws/install/as2_msgs/include/as2_msgs/as2_msgs/msg/detail/speed__struct.hpp\n'}
[0.279465] (as2_msgs) StdoutLine: {'line': b'-- Up-to-date symlink: /home/developer/aerostack2_ws/install/as2_msgs/include/as2_msgs/as2_msgs/msg/detail/speed__traits.hpp\n'}
[0.279507] (as2_msgs) StdoutLine: {'line': b'-- Up-to-date symlink: /home/developer/aerostack2_ws/install/as2_msgs/include/as2_msgs/as2_msgs/msg/detail/speed__type_support.hpp\n'}
[0.279549] (as2_msgs) StdoutLine: {'line': b'-- Up-to-date symlink: /home/developer/aerostack2_ws/install/as2_msgs/include/as2_msgs/as2_msgs/msg/detail/thrust__builder.hpp\n'}
[0.279591] (as2_msgs) StdoutLine: {'line': b'-- Up-to-date symlink: /home/developer/aerostack2_ws/install/as2_msgs/include/as2_msgs/as2_msgs/msg/detail/thrust__struct.hpp\n'}
[0.279632] (as2_msgs) StdoutLine: {'line': b'-- Up-to-date symlink: /home/developer/aerostack2_ws/install/as2_msgs/include/as2_msgs/as2_msgs/msg/detail/thrust__traits.hpp\n'}
[0.279676] (as2_msgs) StdoutLine: {'line': b'-- Up-to-date symlink: /home/developer/aerostack2_ws/install/as2_msgs/include/as2_msgs/as2_msgs/msg/detail/thrust__type_support.hpp\n'}
[0.279718] (as2_msgs) StdoutLine: {'line': b'-- Up-to-date symlink: /home/developer/aerostack2_ws/install/as2_msgs/include/as2_msgs/as2_msgs/msg/detail/traj_gen_info__builder.hpp\n'}
[0.279759] (as2_msgs) StdoutLine: {'line': b'-- Up-to-date symlink: /home/developer/aerostack2_ws/install/as2_msgs/include/as2_msgs/as2_msgs/msg/detail/traj_gen_info__struct.hpp\n'}
[0.279800] (as2_msgs) StdoutLine: {'line': b'-- Up-to-date symlink: /home/developer/aerostack2_ws/install/as2_msgs/include/as2_msgs/as2_msgs/msg/detail/traj_gen_info__traits.hpp\n'}
[0.279842] (as2_msgs) StdoutLine: {'line': b'-- Up-to-date symlink: /home/developer/aerostack2_ws/install/as2_msgs/include/as2_msgs/as2_msgs/msg/detail/traj_gen_info__type_support.hpp\n'}
[0.279883] (as2_msgs) StdoutLine: {'line': b'-- Up-to-date symlink: /home/developer/aerostack2_ws/install/as2_msgs/include/as2_msgs/as2_msgs/msg/detail/trajectory_point__builder.hpp\n'}
[0.279925] (as2_msgs) StdoutLine: {'line': b'-- Up-to-date symlink: /home/developer/aerostack2_ws/install/as2_msgs/include/as2_msgs/as2_msgs/msg/detail/trajectory_point__struct.hpp\n'}
[0.279967] (as2_msgs) StdoutLine: {'line': b'-- Up-to-date symlink: /home/developer/aerostack2_ws/install/as2_msgs/include/as2_msgs/as2_msgs/msg/detail/trajectory_point__traits.hpp\n'}
[0.280011] (as2_msgs) StdoutLine: {'line': b'-- Up-to-date symlink: /home/developer/aerostack2_ws/install/as2_msgs/include/as2_msgs/as2_msgs/msg/detail/trajectory_point__type_support.hpp\n'}
[0.280055] (as2_msgs) StdoutLine: {'line': b'-- Up-to-date symlink: /home/developer/aerostack2_ws/install/as2_msgs/include/as2_msgs/as2_msgs/msg/detail/trajectory_setpoints__builder.hpp\n'}
[0.280096] (as2_msgs) StdoutLine: {'line': b'-- Up-to-date symlink: /home/developer/aerostack2_ws/install/as2_msgs/include/as2_msgs/as2_msgs/msg/detail/trajectory_setpoints__struct.hpp\n'}
[0.280138] (as2_msgs) StdoutLine: {'line': b'-- Up-to-date symlink: /home/developer/aerostack2_ws/install/as2_msgs/include/as2_msgs/as2_msgs/msg/detail/trajectory_setpoints__traits.hpp\n'}
[0.280180] (as2_msgs) StdoutLine: {'line': b'-- Up-to-date symlink: /home/developer/aerostack2_ws/install/as2_msgs/include/as2_msgs/as2_msgs/msg/detail/trajectory_setpoints__type_support.hpp\n'}
[0.280222] (as2_msgs) StdoutLine: {'line': b'-- Up-to-date symlink: /home/developer/aerostack2_ws/install/as2_msgs/include/as2_msgs/as2_msgs/msg/detail/u_int16_multi_array_stamped__builder.hpp\n'}
[0.280264] (as2_msgs) StdoutLine: {'line': b'-- Up-to-date symlink: /home/developer/aerostack2_ws/install/as2_msgs/include/as2_msgs/as2_msgs/msg/detail/u_int16_multi_array_stamped__struct.hpp\n'}
[0.280305] (as2_msgs) StdoutLine: {'line': b'-- Up-to-date symlink: /home/developer/aerostack2_ws/install/as2_msgs/include/as2_msgs/as2_msgs/msg/detail/u_int16_multi_array_stamped__traits.hpp\n'}
[0.280349] (as2_msgs) StdoutLine: {'line': b'-- Up-to-date symlink: /home/developer/aerostack2_ws/install/as2_msgs/include/as2_msgs/as2_msgs/msg/detail/u_int16_multi_array_stamped__type_support.hpp\n'}
[0.280393] (as2_msgs) StdoutLine: {'line': b'-- Up-to-date symlink: /home/developer/aerostack2_ws/install/as2_msgs/include/as2_msgs/as2_msgs/msg/detail/yaw_mode__builder.hpp\n'}
[0.280436] (as2_msgs) StdoutLine: {'line': b'-- Up-to-date symlink: /home/developer/aerostack2_ws/install/as2_msgs/include/as2_msgs/as2_msgs/msg/detail/yaw_mode__struct.hpp\n'}
[0.280478] (as2_msgs) StdoutLine: {'line': b'-- Up-to-date symlink: /home/developer/aerostack2_ws/install/as2_msgs/include/as2_msgs/as2_msgs/msg/detail/yaw_mode__traits.hpp\n'}
[0.280520] (as2_msgs) StdoutLine: {'line': b'-- Up-to-date symlink: /home/developer/aerostack2_ws/install/as2_msgs/include/as2_msgs/as2_msgs/msg/detail/yaw_mode__type_support.hpp\n'}
[0.280560] (as2_msgs) StdoutLine: {'line': b'-- Up-to-date symlink: /home/developer/aerostack2_ws/install/as2_msgs/include/as2_msgs/as2_msgs/msg/follow_target_info.hpp\n'}
[0.280601] (as2_msgs) StdoutLine: {'line': b'-- Up-to-date symlink: /home/developer/aerostack2_ws/install/as2_msgs/include/as2_msgs/as2_msgs/msg/geozone.hpp\n'}
[0.280641] (as2_msgs) StdoutLine: {'line': b'-- Up-to-date symlink: /home/developer/aerostack2_ws/install/as2_msgs/include/as2_msgs/as2_msgs/msg/gimbal_control.hpp\n'}
[0.280681] (as2_msgs) StdoutLine: {'line': b'-- Up-to-date symlink: /home/developer/aerostack2_ws/install/as2_msgs/include/as2_msgs/as2_msgs/msg/mission_event.hpp\n'}
[0.280720] (as2_msgs) StdoutLine: {'line': b'-- Up-to-date symlink: /home/developer/aerostack2_ws/install/as2_msgs/include/as2_msgs/as2_msgs/msg/mission_update.hpp\n'}
[0.280759] (as2_msgs) StdoutLine: {'line': b'-- Up-to-date symlink: /home/developer/aerostack2_ws/install/as2_msgs/include/as2_msgs/as2_msgs/msg/node_status.hpp\n'}
[0.280799] (as2_msgs) StdoutLine: {'line': b'-- Up-to-date symlink: /home/developer/aerostack2_ws/install/as2_msgs/include/as2_msgs/as2_msgs/msg/platform_info.hpp\n'}
[0.280839] (as2_msgs) StdoutLine: {'line': b'-- Up-to-date symlink: /home/developer/aerostack2_ws/install/as2_msgs/include/as2_msgs/as2_msgs/msg/platform_state_machine_event.hpp\n'}
[0.280880] (as2_msgs) StdoutLine: {'line': b'-- Up-to-date symlink: /home/developer/aerostack2_ws/install/as2_msgs/include/as2_msgs/as2_msgs/msg/platform_status.hpp\n'}
[0.280920] (as2_msgs) StdoutLine: {'line': b'-- Up-to-date symlink: /home/developer/aerostack2_ws/install/as2_msgs/include/as2_msgs/as2_msgs/msg/polygon_list.hpp\n'}
[0.280960] (as2_msgs) StdoutLine: {'line': b'-- Up-to-date symlink: /home/developer/aerostack2_ws/install/as2_msgs/include/as2_msgs/as2_msgs/msg/pose_stamped_with_id.hpp\n'}
[0.281004] (as2_msgs) StdoutLine: {'line': b'-- Up-to-date symlink: /home/developer/aerostack2_ws/install/as2_msgs/include/as2_msgs/as2_msgs/msg/pose_stamped_with_id_array.hpp\n'}
[0.281043] (as2_msgs) StdoutLine: {'line': b'-- Up-to-date symlink: /home/developer/aerostack2_ws/install/as2_msgs/include/as2_msgs/as2_msgs/msg/pose_with_id.hpp\n'}
[0.281083] (as2_msgs) StdoutLine: {'line': b'-- Up-to-date symlink: /home/developer/aerostack2_ws/install/as2_msgs/include/as2_msgs/as2_msgs/msg/pose_with_id_array.hpp\n'}
[0.281126] (as2_msgs) StdoutLine: {'line': b'-- Up-to-date symlink: /home/developer/aerostack2_ws/install/as2_msgs/include/as2_msgs/as2_msgs/msg/rosidl_generator_cpp__visibility_control.hpp\n'}
[0.281173] (as2_msgs) StdoutLine: {'line': b'-- Up-to-date symlink: /home/developer/aerostack2_ws/install/as2_msgs/include/as2_msgs/as2_msgs/msg/speed.hpp\n'}
[0.281213] (as2_msgs) StdoutLine: {'line': b'-- Up-to-date symlink: /home/developer/aerostack2_ws/install/as2_msgs/include/as2_msgs/as2_msgs/msg/thrust.hpp\n'}
[0.281255] (as2_msgs) StdoutLine: {'line': b'-- Up-to-date symlink: /home/developer/aerostack2_ws/install/as2_msgs/include/as2_msgs/as2_msgs/msg/traj_gen_info.hpp\n'}
[0.281296] (as2_msgs) StdoutLine: {'line': b'-- Up-to-date symlink: /home/developer/aerostack2_ws/install/as2_msgs/include/as2_msgs/as2_msgs/msg/trajectory_point.hpp\n'}
[0.281335] (as2_msgs) StdoutLine: {'line': b'-- Up-to-date symlink: /home/developer/aerostack2_ws/install/as2_msgs/include/as2_msgs/as2_msgs/msg/trajectory_setpoints.hpp\n'}
[0.281376] (as2_msgs) StdoutLine: {'line': b'-- Up-to-date symlink: /home/developer/aerostack2_ws/install/as2_msgs/include/as2_msgs/as2_msgs/msg/u_int16_multi_array_stamped.hpp\n'}
[0.281416] (as2_msgs) StdoutLine: {'line': b'-- Up-to-date symlink: /home/developer/aerostack2_ws/install/as2_msgs/include/as2_msgs/as2_msgs/msg/yaw_mode.hpp\n'}
[0.281457] (as2_msgs) StdoutLine: {'line': b'-- Up-to-date symlink: /home/developer/aerostack2_ws/install/as2_msgs/include/as2_msgs/as2_msgs/srv/add_static_transform.hpp\n'}
[0.281498] (as2_msgs) StdoutLine: {'line': b'-- Up-to-date symlink: /home/developer/aerostack2_ws/install/as2_msgs/include/as2_msgs/as2_msgs/srv/add_static_transform_gps.hpp\n'}
[0.281541] (as2_msgs) StdoutLine: {'line': b'-- Up-to-date symlink: /home/developer/aerostack2_ws/install/as2_msgs/include/as2_msgs/as2_msgs/srv/detail/add_static_transform__builder.hpp\n'}
[0.281582] (as2_msgs) StdoutLine: {'line': b'-- Up-to-date symlink: /home/developer/aerostack2_ws/install/as2_msgs/include/as2_msgs/as2_msgs/srv/detail/add_static_transform__struct.hpp\n'}
[0.281624] (as2_msgs) StdoutLine: {'line': b'-- Up-to-date symlink: /home/developer/aerostack2_ws/install/as2_msgs/include/as2_msgs/as2_msgs/srv/detail/add_static_transform__traits.hpp\n'}
[0.281666] (as2_msgs) StdoutLine: {'line': b'-- Up-to-date symlink: /home/developer/aerostack2_ws/install/as2_msgs/include/as2_msgs/as2_msgs/srv/detail/add_static_transform__type_support.hpp\n'}
[0.281708] (as2_msgs) StdoutLine: {'line': b'-- Up-to-date symlink: /home/developer/aerostack2_ws/install/as2_msgs/include/as2_msgs/as2_msgs/srv/detail/add_static_transform_gps__builder.hpp\n'}
[0.281750] (as2_msgs) StdoutLine: {'line': b'-- Up-to-date symlink: /home/developer/aerostack2_ws/install/as2_msgs/include/as2_msgs/as2_msgs/srv/detail/add_static_transform_gps__struct.hpp\n'}
[0.281791] (as2_msgs) StdoutLine: {'line': b'-- Up-to-date symlink: /home/developer/aerostack2_ws/install/as2_msgs/include/as2_msgs/as2_msgs/srv/detail/add_static_transform_gps__traits.hpp\n'}
[0.281833] (as2_msgs) StdoutLine: {'line': b'-- Up-to-date symlink: /home/developer/aerostack2_ws/install/as2_msgs/include/as2_msgs/as2_msgs/srv/detail/add_static_transform_gps__type_support.hpp\n'}
[0.281877] (as2_msgs) StdoutLine: {'line': b'-- Up-to-date symlink: /home/developer/aerostack2_ws/install/as2_msgs/include/as2_msgs/as2_msgs/srv/detail/dynamic_follower__builder.hpp\n'}
[0.281920] (as2_msgs) StdoutLine: {'line': b'-- Up-to-date symlink: /home/developer/aerostack2_ws/install/as2_msgs/include/as2_msgs/as2_msgs/srv/detail/dynamic_follower__struct.hpp\n'}
[0.281963] (as2_msgs) StdoutLine: {'line': b'-- Up-to-date symlink: /home/developer/aerostack2_ws/install/as2_msgs/include/as2_msgs/as2_msgs/srv/detail/dynamic_follower__traits.hpp\n'}
[0.282005] (as2_msgs) StdoutLine: {'line': b'-- Up-to-date symlink: /home/developer/aerostack2_ws/install/as2_msgs/include/as2_msgs/as2_msgs/srv/detail/dynamic_follower__type_support.hpp\n'}
[0.282047] (as2_msgs) StdoutLine: {'line': b'-- Up-to-date symlink: /home/developer/aerostack2_ws/install/as2_msgs/include/as2_msgs/as2_msgs/srv/detail/dynamic_land__builder.hpp\n'}
[0.282089] (as2_msgs) StdoutLine: {'line': b'-- Up-to-date symlink: /home/developer/aerostack2_ws/install/as2_msgs/include/as2_msgs/as2_msgs/srv/detail/dynamic_land__struct.hpp\n'}
[0.282131] (as2_msgs) StdoutLine: {'line': b'-- Up-to-date symlink: /home/developer/aerostack2_ws/install/as2_msgs/include/as2_msgs/as2_msgs/srv/detail/dynamic_land__traits.hpp\n'}
[0.282172] (as2_msgs) StdoutLine: {'line': b'-- Up-to-date symlink: /home/developer/aerostack2_ws/install/as2_msgs/include/as2_msgs/as2_msgs/srv/detail/dynamic_land__type_support.hpp\n'}
[0.282214] (as2_msgs) StdoutLine: {'line': b'-- Up-to-date symlink: /home/developer/aerostack2_ws/install/as2_msgs/include/as2_msgs/as2_msgs/srv/detail/geopath_to_path__builder.hpp\n'}
[0.282255] (as2_msgs) StdoutLine: {'line': b'-- Up-to-date symlink: /home/developer/aerostack2_ws/install/as2_msgs/include/as2_msgs/as2_msgs/srv/detail/geopath_to_path__struct.hpp\n'}
[0.282296] (as2_msgs) StdoutLine: {'line': b'-- Up-to-date symlink: /home/developer/aerostack2_ws/install/as2_msgs/include/as2_msgs/as2_msgs/srv/detail/geopath_to_path__traits.hpp\n'}
[0.282338] (as2_msgs) StdoutLine: {'line': b'-- Up-to-date symlink: /home/developer/aerostack2_ws/install/as2_msgs/include/as2_msgs/as2_msgs/srv/detail/geopath_to_path__type_support.hpp\n'}
[0.282380] (as2_msgs) StdoutLine: {'line': b'-- Up-to-date symlink: /home/developer/aerostack2_ws/install/as2_msgs/include/as2_msgs/as2_msgs/srv/detail/get_geozone__builder.hpp\n'}
[0.282422] (as2_msgs) StdoutLine: {'line': b'-- Up-to-date symlink: /home/developer/aerostack2_ws/install/as2_msgs/include/as2_msgs/as2_msgs/srv/detail/get_geozone__struct.hpp\n'}
[0.282463] (as2_msgs) StdoutLine: {'line': b'-- Up-to-date symlink: /home/developer/aerostack2_ws/install/as2_msgs/include/as2_msgs/as2_msgs/srv/detail/get_geozone__traits.hpp\n'}
[0.282504] (as2_msgs) StdoutLine: {'line': b'-- Up-to-date symlink: /home/developer/aerostack2_ws/install/as2_msgs/include/as2_msgs/as2_msgs/srv/detail/get_geozone__type_support.hpp\n'}
[0.282545] (as2_msgs) StdoutLine: {'line': b'-- Up-to-date symlink: /home/developer/aerostack2_ws/install/as2_msgs/include/as2_msgs/as2_msgs/srv/detail/get_origin__builder.hpp\n'}
[0.282586] (as2_msgs) StdoutLine: {'line': b'-- Up-to-date symlink: /home/developer/aerostack2_ws/install/as2_msgs/include/as2_msgs/as2_msgs/srv/detail/get_origin__struct.hpp\n'}
[0.282628] (as2_msgs) StdoutLine: {'line': b'-- Up-to-date symlink: /home/developer/aerostack2_ws/install/as2_msgs/include/as2_msgs/as2_msgs/srv/detail/get_origin__traits.hpp\n'}
[0.282668] (as2_msgs) StdoutLine: {'line': b'-- Up-to-date symlink: /home/developer/aerostack2_ws/install/as2_msgs/include/as2_msgs/as2_msgs/srv/detail/get_origin__type_support.hpp\n'}
[0.282710] (as2_msgs) StdoutLine: {'line': b'-- Up-to-date symlink: /home/developer/aerostack2_ws/install/as2_msgs/include/as2_msgs/as2_msgs/srv/detail/list_control_modes__builder.hpp\n'}
[0.282751] (as2_msgs) StdoutLine: {'line': b'-- Up-to-date symlink: /home/developer/aerostack2_ws/install/as2_msgs/include/as2_msgs/as2_msgs/srv/detail/list_control_modes__struct.hpp\n'}
[0.282793] (as2_msgs) StdoutLine: {'line': b'-- Up-to-date symlink: /home/developer/aerostack2_ws/install/as2_msgs/include/as2_msgs/as2_msgs/srv/detail/list_control_modes__traits.hpp\n'}
[0.282835] (as2_msgs) StdoutLine: {'line': b'-- Up-to-date symlink: /home/developer/aerostack2_ws/install/as2_msgs/include/as2_msgs/as2_msgs/srv/detail/list_control_modes__type_support.hpp\n'}
[0.282877] (as2_msgs) StdoutLine: {'line': b'-- Up-to-date symlink: /home/developer/aerostack2_ws/install/as2_msgs/include/as2_msgs/as2_msgs/srv/detail/modify_swarm__builder.hpp\n'}
[0.282919] (as2_msgs) StdoutLine: {'line': b'-- Up-to-date symlink: /home/developer/aerostack2_ws/install/as2_msgs/include/as2_msgs/as2_msgs/srv/detail/modify_swarm__struct.hpp\n'}
[0.282961] (as2_msgs) StdoutLine: {'line': b'-- Up-to-date symlink: /home/developer/aerostack2_ws/install/as2_msgs/include/as2_msgs/as2_msgs/srv/detail/modify_swarm__traits.hpp\n'}
[0.283004] (as2_msgs) StdoutLine: {'line': b'-- Up-to-date symlink: /home/developer/aerostack2_ws/install/as2_msgs/include/as2_msgs/as2_msgs/srv/detail/modify_swarm__type_support.hpp\n'}
[0.283045] (as2_msgs) StdoutLine: {'line': b'-- Up-to-date symlink: /home/developer/aerostack2_ws/install/as2_msgs/include/as2_msgs/as2_msgs/srv/detail/package_pick_up__builder.hpp\n'}
[0.283087] (as2_msgs) StdoutLine: {'line': b'-- Up-to-date symlink: /home/developer/aerostack2_ws/install/as2_msgs/include/as2_msgs/as2_msgs/srv/detail/package_pick_up__struct.hpp\n'}
[0.283130] (as2_msgs) StdoutLine: {'line': b'-- Up-to-date symlink: /home/developer/aerostack2_ws/install/as2_msgs/include/as2_msgs/as2_msgs/srv/detail/package_pick_up__traits.hpp\n'}
[0.283171] (as2_msgs) StdoutLine: {'line': b'-- Up-to-date symlink: /home/developer/aerostack2_ws/install/as2_msgs/include/as2_msgs/as2_msgs/srv/detail/package_pick_up__type_support.hpp\n'}
[0.283216] (as2_msgs) StdoutLine: {'line': b'-- Up-to-date symlink: /home/developer/aerostack2_ws/install/as2_msgs/include/as2_msgs/as2_msgs/srv/detail/package_un_pick__builder.hpp\n'}
[0.283257] (as2_msgs) StdoutLine: {'line': b'-- Up-to-date symlink: /home/developer/aerostack2_ws/install/as2_msgs/include/as2_msgs/as2_msgs/srv/detail/package_un_pick__struct.hpp\n'}
[0.283297] (as2_msgs) StdoutLine: {'line': b'-- Up-to-date symlink: /home/developer/aerostack2_ws/install/as2_msgs/include/as2_msgs/as2_msgs/srv/detail/package_un_pick__traits.hpp\n'}
[0.283339] (as2_msgs) StdoutLine: {'line': b'-- Up-to-date symlink: /home/developer/aerostack2_ws/install/as2_msgs/include/as2_msgs/as2_msgs/srv/detail/package_un_pick__type_support.hpp\n'}
[0.283379] (as2_msgs) StdoutLine: {'line': b'-- Up-to-date symlink: /home/developer/aerostack2_ws/install/as2_msgs/include/as2_msgs/as2_msgs/srv/detail/path_to_geopath__builder.hpp\n'}
[0.283420] (as2_msgs) StdoutLine: {'line': b'-- Up-to-date symlink: /home/developer/aerostack2_ws/install/as2_msgs/include/as2_msgs/as2_msgs/srv/detail/path_to_geopath__struct.hpp\n'}
[0.283462] (as2_msgs) StdoutLine: {'line': b'-- Up-to-date symlink: /home/developer/aerostack2_ws/install/as2_msgs/include/as2_msgs/as2_msgs/srv/detail/path_to_geopath__traits.hpp\n'}
[0.283502] (as2_msgs) StdoutLine: {'line': b'-- Up-to-date symlink: /home/developer/aerostack2_ws/install/as2_msgs/include/as2_msgs/as2_msgs/srv/detail/path_to_geopath__type_support.hpp\n'}
[0.283544] (as2_msgs) StdoutLine: {'line': b'-- Up-to-date symlink: /home/developer/aerostack2_ws/install/as2_msgs/include/as2_msgs/as2_msgs/srv/detail/set_control_mode__builder.hpp\n'}
[0.283585] (as2_msgs) StdoutLine: {'line': b'-- Up-to-date symlink: /home/developer/aerostack2_ws/install/as2_msgs/include/as2_msgs/as2_msgs/srv/detail/set_control_mode__struct.hpp\n'}
[0.283626] (as2_msgs) StdoutLine: {'line': b'-- Up-to-date symlink: /home/developer/aerostack2_ws/install/as2_msgs/include/as2_msgs/as2_msgs/srv/detail/set_control_mode__traits.hpp\n'}
[0.283667] (as2_msgs) StdoutLine: {'line': b'-- Up-to-date symlink: /home/developer/aerostack2_ws/install/as2_msgs/include/as2_msgs/as2_msgs/srv/detail/set_control_mode__type_support.hpp\n'}
[0.283710] (as2_msgs) StdoutLine: {'line': b'-- Up-to-date symlink: /home/developer/aerostack2_ws/install/as2_msgs/include/as2_msgs/as2_msgs/srv/detail/set_geozone__builder.hpp\n'}
[0.283753] (as2_msgs) StdoutLine: {'line': b'-- Up-to-date symlink: /home/developer/aerostack2_ws/install/as2_msgs/include/as2_msgs/as2_msgs/srv/detail/set_geozone__struct.hpp\n'}
[0.283793] (as2_msgs) StdoutLine: {'line': b'-- Up-to-date symlink: /home/developer/aerostack2_ws/install/as2_msgs/include/as2_msgs/as2_msgs/srv/detail/set_geozone__traits.hpp\n'}
[0.283840] (as2_msgs) StdoutLine: {'line': b'-- Up-to-date symlink: /home/developer/aerostack2_ws/install/as2_msgs/include/as2_msgs/as2_msgs/srv/detail/set_geozone__type_support.hpp\n'}
[0.283881] (as2_msgs) StdoutLine: {'line': b'-- Up-to-date symlink: /home/developer/aerostack2_ws/install/as2_msgs/include/as2_msgs/as2_msgs/srv/detail/set_origin__builder.hpp\n'}
[0.283922] (as2_msgs) StdoutLine: {'line': b'-- Up-to-date symlink: /home/developer/aerostack2_ws/install/as2_msgs/include/as2_msgs/as2_msgs/srv/detail/set_origin__struct.hpp\n'}
[0.283963] (as2_msgs) StdoutLine: {'line': b'-- Up-to-date symlink: /home/developer/aerostack2_ws/install/as2_msgs/include/as2_msgs/as2_msgs/srv/detail/set_origin__traits.hpp\n'}
[0.284005] (as2_msgs) StdoutLine: {'line': b'-- Up-to-date symlink: /home/developer/aerostack2_ws/install/as2_msgs/include/as2_msgs/as2_msgs/srv/detail/set_origin__type_support.hpp\n'}
[0.284052] (as2_msgs) StdoutLine: {'line': b'-- Up-to-date symlink: /home/developer/aerostack2_ws/install/as2_msgs/include/as2_msgs/as2_msgs/srv/detail/set_platform_state_machine_event__builder.hpp\n'}
[0.284099] (as2_msgs) StdoutLine: {'line': b'-- Up-to-date symlink: /home/developer/aerostack2_ws/install/as2_msgs/include/as2_msgs/as2_msgs/srv/detail/set_platform_state_machine_event__struct.hpp\n'}
[0.284140] (as2_msgs) StdoutLine: {'line': b'-- Up-to-date symlink: /home/developer/aerostack2_ws/install/as2_msgs/include/as2_msgs/as2_msgs/srv/detail/set_platform_state_machine_event__traits.hpp\n'}
[0.284184] (as2_msgs) StdoutLine: {'line': b'-- Up-to-date symlink: /home/developer/aerostack2_ws/install/as2_msgs/include/as2_msgs/as2_msgs/srv/detail/set_platform_state_machine_event__type_support.hpp\n'}
[0.284228] (as2_msgs) StdoutLine: {'line': b'-- Up-to-date symlink: /home/developer/aerostack2_ws/install/as2_msgs/include/as2_msgs/as2_msgs/srv/detail/set_speed__builder.hpp\n'}
[0.284269] (as2_msgs) StdoutLine: {'line': b'-- Up-to-date symlink: /home/developer/aerostack2_ws/install/as2_msgs/include/as2_msgs/as2_msgs/srv/detail/set_speed__struct.hpp\n'}
[0.284312] (as2_msgs) StdoutLine: {'line': b'-- Up-to-date symlink: /home/developer/aerostack2_ws/install/as2_msgs/include/as2_msgs/as2_msgs/srv/detail/set_speed__traits.hpp\n'}
[0.284353] (as2_msgs) StdoutLine: {'line': b'-- Up-to-date symlink: /home/developer/aerostack2_ws/install/as2_msgs/include/as2_msgs/as2_msgs/srv/detail/set_speed__type_support.hpp\n'}
[0.284393] (as2_msgs) StdoutLine: {'line': b'-- Up-to-date symlink: /home/developer/aerostack2_ws/install/as2_msgs/include/as2_msgs/as2_msgs/srv/dynamic_follower.hpp\n'}
[0.284434] (as2_msgs) StdoutLine: {'line': b'-- Up-to-date symlink: /home/developer/aerostack2_ws/install/as2_msgs/include/as2_msgs/as2_msgs/srv/dynamic_land.hpp\n'}
[0.284475] (as2_msgs) StdoutLine: {'line': b'-- Up-to-date symlink: /home/developer/aerostack2_ws/install/as2_msgs/include/as2_msgs/as2_msgs/srv/geopath_to_path.hpp\n'}
[0.284515] (as2_msgs) StdoutLine: {'line': b'-- Up-to-date symlink: /home/developer/aerostack2_ws/install/as2_msgs/include/as2_msgs/as2_msgs/srv/get_geozone.hpp\n'}
[0.284555] (as2_msgs) StdoutLine: {'line': b'-- Up-to-date symlink: /home/developer/aerostack2_ws/install/as2_msgs/include/as2_msgs/as2_msgs/srv/get_origin.hpp\n'}
[0.284595] (as2_msgs) StdoutLine: {'line': b'-- Up-to-date symlink: /home/developer/aerostack2_ws/install/as2_msgs/include/as2_msgs/as2_msgs/srv/list_control_modes.hpp\n'}
[0.284634] (as2_msgs) StdoutLine: {'line': b'-- Up-to-date symlink: /home/developer/aerostack2_ws/install/as2_msgs/include/as2_msgs/as2_msgs/srv/modify_swarm.hpp\n'}
[0.284674] (as2_msgs) StdoutLine: {'line': b'-- Up-to-date symlink: /home/developer/aerostack2_ws/install/as2_msgs/include/as2_msgs/as2_msgs/srv/package_pick_up.hpp\n'}
[0.284713] (as2_msgs) StdoutLine: {'line': b'-- Up-to-date symlink: /home/developer/aerostack2_ws/install/as2_msgs/include/as2_msgs/as2_msgs/srv/package_un_pick.hpp\n'}
[0.284752] (as2_msgs) StdoutLine: {'line': b'-- Up-to-date symlink: /home/developer/aerostack2_ws/install/as2_msgs/include/as2_msgs/as2_msgs/srv/path_to_geopath.hpp\n'}
[0.284792] (as2_msgs) StdoutLine: {'line': b'-- Up-to-date symlink: /home/developer/aerostack2_ws/install/as2_msgs/include/as2_msgs/as2_msgs/srv/set_control_mode.hpp\n'}
[0.284831] (as2_msgs) StdoutLine: {'line': b'-- Up-to-date symlink: /home/developer/aerostack2_ws/install/as2_msgs/include/as2_msgs/as2_msgs/srv/set_geozone.hpp\n'}
[0.284870] (as2_msgs) StdoutLine: {'line': b'-- Up-to-date symlink: /home/developer/aerostack2_ws/install/as2_msgs/include/as2_msgs/as2_msgs/srv/set_origin.hpp\n'}
[0.284912] (as2_msgs) StdoutLine: {'line': b'-- Up-to-date symlink: /home/developer/aerostack2_ws/install/as2_msgs/include/as2_msgs/as2_msgs/srv/set_platform_state_machine_event.hpp\n'}
[0.284952] (as2_msgs) StdoutLine: {'line': b'-- Up-to-date symlink: /home/developer/aerostack2_ws/install/as2_msgs/include/as2_msgs/as2_msgs/srv/set_speed.hpp\n'}
[0.286322] (as2_msgs) StdoutLine: {'line': b'-- Up-to-date symlink: /home/developer/aerostack2_ws/install/as2_msgs/include/as2_msgs/as2_msgs/action/detail/detect_aruco_markers__rosidl_typesupport_fastrtps_cpp.hpp\n'}
[0.286381] (as2_msgs) StdoutLine: {'line': b'-- Up-to-date symlink: /home/developer/aerostack2_ws/install/as2_msgs/include/as2_msgs/as2_msgs/action/detail/follow_path__rosidl_typesupport_fastrtps_cpp.hpp\n'}
[0.286417] (as2_msgs) StdoutLine: {'line': b'-- Up-to-date symlink: /home/developer/aerostack2_ws/install/as2_msgs/include/as2_msgs/as2_msgs/action/detail/follow_reference__rosidl_typesupport_fastrtps_cpp.hpp\n'}
[0.286454] (as2_msgs) StdoutLine: {'line': b'-- Up-to-date symlink: /home/developer/aerostack2_ws/install/as2_msgs/include/as2_msgs/as2_msgs/action/detail/force_estimation__rosidl_typesupport_fastrtps_cpp.hpp\n'}
[0.286491] (as2_msgs) StdoutLine: {'line': b'-- Up-to-date symlink: /home/developer/aerostack2_ws/install/as2_msgs/include/as2_msgs/as2_msgs/action/detail/generate_polynomial_trajectory__rosidl_typesupport_fastrtps_cpp.hpp\n'}
[0.286535] (as2_msgs) StdoutLine: {'line': b'-- Up-to-date symlink: /home/developer/aerostack2_ws/install/as2_msgs/include/as2_msgs/as2_msgs/action/detail/go_to_waypoint__rosidl_typesupport_fastrtps_cpp.hpp\n'}
[0.286578] (as2_msgs) StdoutLine: {'line': b'-- Up-to-date symlink: /home/developer/aerostack2_ws/install/as2_msgs/include/as2_msgs/as2_msgs/action/detail/gripper_handler__rosidl_typesupport_fastrtps_cpp.hpp\n'}
[0.286621] (as2_msgs) StdoutLine: {'line': b'-- Up-to-date symlink: /home/developer/aerostack2_ws/install/as2_msgs/include/as2_msgs/as2_msgs/action/detail/land__rosidl_typesupport_fastrtps_cpp.hpp\n'}
[0.286664] (as2_msgs) StdoutLine: {'line': b'-- Up-to-date symlink: /home/developer/aerostack2_ws/install/as2_msgs/include/as2_msgs/as2_msgs/action/detail/mass_estimation__rosidl_typesupport_fastrtps_cpp.hpp\n'}
[0.286707] (as2_msgs) StdoutLine: {'line': b'-- Up-to-date symlink: /home/developer/aerostack2_ws/install/as2_msgs/include/as2_msgs/as2_msgs/action/detail/navigate_to_point__rosidl_typesupport_fastrtps_cpp.hpp\n'}
[0.286749] (as2_msgs) StdoutLine: {'line': b'-- Up-to-date symlink: /home/developer/aerostack2_ws/install/as2_msgs/include/as2_msgs/as2_msgs/action/detail/point_gimbal__rosidl_typesupport_fastrtps_cpp.hpp\n'}
[0.286792] (as2_msgs) StdoutLine: {'line': b'-- Up-to-date symlink: /home/developer/aerostack2_ws/install/as2_msgs/include/as2_msgs/as2_msgs/action/detail/precision_landing__rosidl_typesupport_fastrtps_cpp.hpp\n'}
[0.286835] (as2_msgs) StdoutLine: {'line': b'-- Up-to-date symlink: /home/developer/aerostack2_ws/install/as2_msgs/include/as2_msgs/as2_msgs/action/detail/set_arming_state__rosidl_typesupport_fastrtps_cpp.hpp\n'}
[0.286877] (as2_msgs) StdoutLine: {'line': b'-- Up-to-date symlink: /home/developer/aerostack2_ws/install/as2_msgs/include/as2_msgs/as2_msgs/action/detail/set_offboard_mode__rosidl_typesupport_fastrtps_cpp.hpp\n'}
[0.286919] (as2_msgs) StdoutLine: {'line': b'-- Up-to-date symlink: /home/developer/aerostack2_ws/install/as2_msgs/include/as2_msgs/as2_msgs/action/detail/swarm_flocking__rosidl_typesupport_fastrtps_cpp.hpp\n'}
[0.286962] (as2_msgs) StdoutLine: {'line': b'-- Up-to-date symlink: /home/developer/aerostack2_ws/install/as2_msgs/include/as2_msgs/as2_msgs/action/detail/takeoff__rosidl_typesupport_fastrtps_cpp.hpp\n'}
[0.287008] (as2_msgs) StdoutLine: {'line': b'-- Up-to-date symlink: /home/developer/aerostack2_ws/install/as2_msgs/include/as2_msgs/as2_msgs/msg/detail/acro__rosidl_typesupport_fastrtps_cpp.hpp\n'}
[0.287053] (as2_msgs) StdoutLine: {'line': b'-- Up-to-date symlink: /home/developer/aerostack2_ws/install/as2_msgs/include/as2_msgs/as2_msgs/msg/detail/alert_event__rosidl_typesupport_fastrtps_cpp.hpp\n'}
[0.287094] (as2_msgs) StdoutLine: {'line': b'-- Up-to-date symlink: /home/developer/aerostack2_ws/install/as2_msgs/include/as2_msgs/as2_msgs/msg/detail/behavior_status__rosidl_typesupport_fastrtps_cpp.hpp\n'}
[0.287139] (as2_msgs) StdoutLine: {'line': b'-- Up-to-date symlink: /home/developer/aerostack2_ws/install/as2_msgs/include/as2_msgs/as2_msgs/msg/detail/control_mode__rosidl_typesupport_fastrtps_cpp.hpp\n'}
[0.287186] (as2_msgs) StdoutLine: {'line': b'-- Up-to-date symlink: /home/developer/aerostack2_ws/install/as2_msgs/include/as2_msgs/as2_msgs/msg/detail/controller_info__rosidl_typesupport_fastrtps_cpp.hpp\n'}
[0.287229] (as2_msgs) StdoutLine: {'line': b'-- Up-to-date symlink: /home/developer/aerostack2_ws/install/as2_msgs/include/as2_msgs/as2_msgs/msg/detail/follow_target_info__rosidl_typesupport_fastrtps_cpp.hpp\n'}
[0.287271] (as2_msgs) StdoutLine: {'line': b'-- Up-to-date symlink: /home/developer/aerostack2_ws/install/as2_msgs/include/as2_msgs/as2_msgs/msg/detail/geozone__rosidl_typesupport_fastrtps_cpp.hpp\n'}
[0.287313] (as2_msgs) StdoutLine: {'line': b'-- Up-to-date symlink: /home/developer/aerostack2_ws/install/as2_msgs/include/as2_msgs/as2_msgs/msg/detail/gimbal_control__rosidl_typesupport_fastrtps_cpp.hpp\n'}
[0.287354] (as2_msgs) StdoutLine: {'line': b'-- Up-to-date symlink: /home/developer/aerostack2_ws/install/as2_msgs/include/as2_msgs/as2_msgs/msg/detail/mission_event__rosidl_typesupport_fastrtps_cpp.hpp\n'}
[0.287399] (as2_msgs) StdoutLine: {'line': b'-- Up-to-date symlink: /home/developer/aerostack2_ws/install/as2_msgs/include/as2_msgs/as2_msgs/msg/detail/mission_update__rosidl_typesupport_fastrtps_cpp.hpp\n'}
[0.287440] (as2_msgs) StdoutLine: {'line': b'-- Up-to-date symlink: /home/developer/aerostack2_ws/install/as2_msgs/include/as2_msgs/as2_msgs/msg/detail/node_status__rosidl_typesupport_fastrtps_cpp.hpp\n'}
[0.287486] (as2_msgs) StdoutLine: {'line': b'-- Up-to-date symlink: /home/developer/aerostack2_ws/install/as2_msgs/include/as2_msgs/as2_msgs/msg/detail/platform_info__rosidl_typesupport_fastrtps_cpp.hpp\n'}
[0.287528] (as2_msgs) StdoutLine: {'line': b'-- Up-to-date symlink: /home/developer/aerostack2_ws/install/as2_msgs/include/as2_msgs/as2_msgs/msg/detail/platform_state_machine_event__rosidl_typesupport_fastrtps_cpp.hpp\n'}
[0.287573] (as2_msgs) StdoutLine: {'line': b'-- Up-to-date symlink: /home/developer/aerostack2_ws/install/as2_msgs/include/as2_msgs/as2_msgs/msg/detail/platform_status__rosidl_typesupport_fastrtps_cpp.hpp\n'}
[0.287615] (as2_msgs) StdoutLine: {'line': b'-- Up-to-date symlink: /home/developer/aerostack2_ws/install/as2_msgs/include/as2_msgs/as2_msgs/msg/detail/polygon_list__rosidl_typesupport_fastrtps_cpp.hpp\n'}
[0.287658] (as2_msgs) StdoutLine: {'line': b'-- Up-to-date symlink: /home/developer/aerostack2_ws/install/as2_msgs/include/as2_msgs/as2_msgs/msg/detail/pose_stamped_with_id__rosidl_typesupport_fastrtps_cpp.hpp\n'}
[0.287700] (as2_msgs) StdoutLine: {'line': b'-- Up-to-date symlink: /home/developer/aerostack2_ws/install/as2_msgs/include/as2_msgs/as2_msgs/msg/detail/pose_stamped_with_id_array__rosidl_typesupport_fastrtps_cpp.hpp\n'}
[0.287742] (as2_msgs) StdoutLine: {'line': b'-- Up-to-date symlink: /home/developer/aerostack2_ws/install/as2_msgs/include/as2_msgs/as2_msgs/msg/detail/pose_with_id__rosidl_typesupport_fastrtps_cpp.hpp\n'}
[0.287783] (as2_msgs) StdoutLine: {'line': b'-- Up-to-date symlink: /home/developer/aerostack2_ws/install/as2_msgs/include/as2_msgs/as2_msgs/msg/detail/pose_with_id_array__rosidl_typesupport_fastrtps_cpp.hpp\n'}
[0.287826] (as2_msgs) StdoutLine: {'line': b'-- Up-to-date symlink: /home/developer/aerostack2_ws/install/as2_msgs/include/as2_msgs/as2_msgs/msg/detail/speed__rosidl_typesupport_fastrtps_cpp.hpp\n'}
[0.287869] (as2_msgs) StdoutLine: {'line': b'-- Up-to-date symlink: /home/developer/aerostack2_ws/install/as2_msgs/include/as2_msgs/as2_msgs/msg/detail/thrust__rosidl_typesupport_fastrtps_cpp.hpp\n'}
[0.287910] (as2_msgs) StdoutLine: {'line': b'-- Up-to-date symlink: /home/developer/aerostack2_ws/install/as2_msgs/include/as2_msgs/as2_msgs/msg/detail/traj_gen_info__rosidl_typesupport_fastrtps_cpp.hpp\n'}
[0.287953] (as2_msgs) StdoutLine: {'line': b'-- Up-to-date symlink: /home/developer/aerostack2_ws/install/as2_msgs/include/as2_msgs/as2_msgs/msg/detail/trajectory_point__rosidl_typesupport_fastrtps_cpp.hpp\n'}
[0.287997] (as2_msgs) StdoutLine: {'line': b'-- Up-to-date symlink: /home/developer/aerostack2_ws/install/as2_msgs/include/as2_msgs/as2_msgs/msg/detail/trajectory_setpoints__rosidl_typesupport_fastrtps_cpp.hpp\n'}
[0.288039] (as2_msgs) StdoutLine: {'line': b'-- Up-to-date symlink: /home/developer/aerostack2_ws/install/as2_msgs/include/as2_msgs/as2_msgs/msg/detail/u_int16_multi_array_stamped__rosidl_typesupport_fastrtps_cpp.hpp\n'}
[0.288081] (as2_msgs) StdoutLine: {'line': b'-- Up-to-date symlink: /home/developer/aerostack2_ws/install/as2_msgs/include/as2_msgs/as2_msgs/msg/detail/yaw_mode__rosidl_typesupport_fastrtps_cpp.hpp\n'}
[0.288126] (as2_msgs) StdoutLine: {'line': b'-- Up-to-date symlink: /home/developer/aerostack2_ws/install/as2_msgs/include/as2_msgs/as2_msgs/msg/rosidl_typesupport_fastrtps_cpp__visibility_control.h\n'}
[0.288169] (as2_msgs) StdoutLine: {'line': b'-- Up-to-date symlink: /home/developer/aerostack2_ws/install/as2_msgs/include/as2_msgs/as2_msgs/srv/detail/add_static_transform__rosidl_typesupport_fastrtps_cpp.hpp\n'}
[0.288212] (as2_msgs) StdoutLine: {'line': b'-- Up-to-date symlink: /home/developer/aerostack2_ws/install/as2_msgs/include/as2_msgs/as2_msgs/srv/detail/add_static_transform_gps__rosidl_typesupport_fastrtps_cpp.hpp\n'}
[0.288253] (as2_msgs) StdoutLine: {'line': b'-- Up-to-date symlink: /home/developer/aerostack2_ws/install/as2_msgs/include/as2_msgs/as2_msgs/srv/detail/dynamic_follower__rosidl_typesupport_fastrtps_cpp.hpp\n'}
[0.288294] (as2_msgs) StdoutLine: {'line': b'-- Up-to-date symlink: /home/developer/aerostack2_ws/install/as2_msgs/include/as2_msgs/as2_msgs/srv/detail/dynamic_land__rosidl_typesupport_fastrtps_cpp.hpp\n'}
[0.288338] (as2_msgs) StdoutLine: {'line': b'-- Up-to-date symlink: /home/developer/aerostack2_ws/install/as2_msgs/include/as2_msgs/as2_msgs/srv/detail/geopath_to_path__rosidl_typesupport_fastrtps_cpp.hpp\n'}
[0.288380] (as2_msgs) StdoutLine: {'line': b'-- Up-to-date symlink: /home/developer/aerostack2_ws/install/as2_msgs/include/as2_msgs/as2_msgs/srv/detail/get_geozone__rosidl_typesupport_fastrtps_cpp.hpp\n'}
[0.288421] (as2_msgs) StdoutLine: {'line': b'-- Up-to-date symlink: /home/developer/aerostack2_ws/install/as2_msgs/include/as2_msgs/as2_msgs/srv/detail/get_origin__rosidl_typesupport_fastrtps_cpp.hpp\n'}
[0.288463] (as2_msgs) StdoutLine: {'line': b'-- Up-to-date symlink: /home/developer/aerostack2_ws/install/as2_msgs/include/as2_msgs/as2_msgs/srv/detail/list_control_modes__rosidl_typesupport_fastrtps_cpp.hpp\n'}
[0.288505] (as2_msgs) StdoutLine: {'line': b'-- Up-to-date symlink: /home/developer/aerostack2_ws/install/as2_msgs/include/as2_msgs/as2_msgs/srv/detail/modify_swarm__rosidl_typesupport_fastrtps_cpp.hpp\n'}
[0.288546] (as2_msgs) StdoutLine: {'line': b'-- Up-to-date symlink: /home/developer/aerostack2_ws/install/as2_msgs/include/as2_msgs/as2_msgs/srv/detail/package_pick_up__rosidl_typesupport_fastrtps_cpp.hpp\n'}
[0.288589] (as2_msgs) StdoutLine: {'line': b'-- Up-to-date symlink: /home/developer/aerostack2_ws/install/as2_msgs/include/as2_msgs/as2_msgs/srv/detail/package_un_pick__rosidl_typesupport_fastrtps_cpp.hpp\n'}
[0.288630] (as2_msgs) StdoutLine: {'line': b'-- Up-to-date symlink: /home/developer/aerostack2_ws/install/as2_msgs/include/as2_msgs/as2_msgs/srv/detail/path_to_geopath__rosidl_typesupport_fastrtps_cpp.hpp\n'}
[0.288672] (as2_msgs) StdoutLine: {'line': b'-- Up-to-date symlink: /home/developer/aerostack2_ws/install/as2_msgs/include/as2_msgs/as2_msgs/srv/detail/set_control_mode__rosidl_typesupport_fastrtps_cpp.hpp\n'}
[0.288713] (as2_msgs) StdoutLine: {'line': b'-- Up-to-date symlink: /home/developer/aerostack2_ws/install/as2_msgs/include/as2_msgs/as2_msgs/srv/detail/set_geozone__rosidl_typesupport_fastrtps_cpp.hpp\n'}
[0.288755] (as2_msgs) StdoutLine: {'line': b'-- Up-to-date symlink: /home/developer/aerostack2_ws/install/as2_msgs/include/as2_msgs/as2_msgs/srv/detail/set_origin__rosidl_typesupport_fastrtps_cpp.hpp\n'}
[0.288798] (as2_msgs) StdoutLine: {'line': b'-- Up-to-date symlink: /home/developer/aerostack2_ws/install/as2_msgs/include/as2_msgs/as2_msgs/srv/detail/set_platform_state_machine_event__rosidl_typesupport_fastrtps_cpp.hpp\n'}
[0.288839] (as2_msgs) StdoutLine: {'line': b'-- Up-to-date symlink: /home/developer/aerostack2_ws/install/as2_msgs/include/as2_msgs/as2_msgs/srv/detail/set_speed__rosidl_typesupport_fastrtps_cpp.hpp\n'}
[0.289561] (as2_msgs) StdoutLine: {'line': b'-- Up-to-date symlink: /home/developer/aerostack2_ws/install/as2_msgs/include/as2_msgs/as2_msgs/action/detail/detect_aruco_markers__rosidl_typesupport_introspection_cpp.hpp\n'}
[0.289612] (as2_msgs) StdoutLine: {'line': b'-- Up-to-date symlink: /home/developer/aerostack2_ws/install/as2_msgs/include/as2_msgs/as2_msgs/action/detail/follow_path__rosidl_typesupport_introspection_cpp.hpp\n'}
[0.289650] (as2_msgs) StdoutLine: {'line': b'-- Up-to-date symlink: /home/developer/aerostack2_ws/install/as2_msgs/include/as2_msgs/as2_msgs/action/detail/follow_reference__rosidl_typesupport_introspection_cpp.hpp\n'}
[0.289689] (as2_msgs) StdoutLine: {'line': b'-- Up-to-date symlink: /home/developer/aerostack2_ws/install/as2_msgs/include/as2_msgs/as2_msgs/action/detail/force_estimation__rosidl_typesupport_introspection_cpp.hpp\n'}
[0.289727] (as2_msgs) StdoutLine: {'line': b'-- Up-to-date symlink: /home/developer/aerostack2_ws/install/as2_msgs/include/as2_msgs/as2_msgs/action/detail/generate_polynomial_trajectory__rosidl_typesupport_introspection_cpp.hpp\n'}
[0.289766] (as2_msgs) StdoutLine: {'line': b'-- Up-to-date symlink: /home/developer/aerostack2_ws/install/as2_msgs/include/as2_msgs/as2_msgs/action/detail/go_to_waypoint__rosidl_typesupport_introspection_cpp.hpp\n'}
[0.289799] (as2_msgs) StdoutLine: {'line': b'-- Up-to-date symlink: /home/developer/aerostack2_ws/install/as2_msgs/include/as2_msgs/as2_msgs/action/detail/gripper_handler__rosidl_typesupport_introspection_cpp.hpp\n'}
[0.289837] (as2_msgs) StdoutLine: {'line': b'-- Up-to-date symlink: /home/developer/aerostack2_ws/install/as2_msgs/include/as2_msgs/as2_msgs/action/detail/land__rosidl_typesupport_introspection_cpp.hpp\n'}
[0.289869] (as2_msgs) StdoutLine: {'line': b'-- Up-to-date symlink: /home/developer/aerostack2_ws/install/as2_msgs/include/as2_msgs/as2_msgs/action/detail/mass_estimation__rosidl_typesupport_introspection_cpp.hpp\n'}
[0.289913] (as2_msgs) StdoutLine: {'line': b'-- Up-to-date symlink: /home/developer/aerostack2_ws/install/as2_msgs/include/as2_msgs/as2_msgs/action/detail/navigate_to_point__rosidl_typesupport_introspection_cpp.hpp\n'}
[0.289956] (as2_msgs) StdoutLine: {'line': b'-- Up-to-date symlink: /home/developer/aerostack2_ws/install/as2_msgs/include/as2_msgs/as2_msgs/action/detail/point_gimbal__rosidl_typesupport_introspection_cpp.hpp\n'}
[0.290001] (as2_msgs) StdoutLine: {'line': b'-- Up-to-date symlink: /home/developer/aerostack2_ws/install/as2_msgs/include/as2_msgs/as2_msgs/action/detail/precision_landing__rosidl_typesupport_introspection_cpp.hpp\n'}
[0.290048] (as2_msgs) StdoutLine: {'line': b'-- Up-to-date symlink: /home/developer/aerostack2_ws/install/as2_msgs/include/as2_msgs/as2_msgs/action/detail/set_arming_state__rosidl_typesupport_introspection_cpp.hpp\n'}
[0.290139] (as2_msgs) StdoutLine: {'line': b'-- Up-to-date symlink: /home/developer/aerostack2_ws/install/as2_msgs/include/as2_msgs/as2_msgs/action/detail/set_offboard_mode__rosidl_typesupport_introspection_cpp.hpp\n'}
[0.290162] (as2_msgs) StdoutLine: {'line': b'-- Up-to-date symlink: /home/developer/aerostack2_ws/install/as2_msgs/include/as2_msgs/as2_msgs/action/detail/swarm_flocking__rosidl_typesupport_introspection_cpp.hpp\n'}
[0.290255] (as2_msgs) StdoutLine: {'line': b'-- Up-to-date symlink: /home/developer/aerostack2_ws/install/as2_msgs/include/as2_msgs/as2_msgs/action/detail/takeoff__rosidl_typesupport_introspection_cpp.hpp\n'}
[0.290278] (as2_msgs) StdoutLine: {'line': b'-- Up-to-date symlink: /home/developer/aerostack2_ws/install/as2_msgs/include/as2_msgs/as2_msgs/msg/detail/acro__rosidl_typesupport_introspection_cpp.hpp\n'}
[0.290343] (as2_msgs) StdoutLine: {'line': b'-- Up-to-date symlink: /home/developer/aerostack2_ws/install/as2_msgs/include/as2_msgs/as2_msgs/msg/detail/alert_event__rosidl_typesupport_introspection_cpp.hpp\n'}
[0.290367] (as2_msgs) StdoutLine: {'line': b'-- Up-to-date symlink: /home/developer/aerostack2_ws/install/as2_msgs/include/as2_msgs/as2_msgs/msg/detail/behavior_status__rosidl_typesupport_introspection_cpp.hpp\n'}
[0.290405] (as2_msgs) StdoutLine: {'line': b'-- Up-to-date symlink: /home/developer/aerostack2_ws/install/as2_msgs/include/as2_msgs/as2_msgs/msg/detail/control_mode__rosidl_typesupport_introspection_cpp.hpp\n'}
[0.290443] (as2_msgs) StdoutLine: {'line': b'-- Up-to-date symlink: /home/developer/aerostack2_ws/install/as2_msgs/include/as2_msgs/as2_msgs/msg/detail/controller_info__rosidl_typesupport_introspection_cpp.hpp\n'}
[0.290486] (as2_msgs) StdoutLine: {'line': b'-- Up-to-date symlink: /home/developer/aerostack2_ws/install/as2_msgs/include/as2_msgs/as2_msgs/msg/detail/follow_target_info__rosidl_typesupport_introspection_cpp.hpp\n'}
[0.290508] (as2_msgs) StdoutLine: {'line': b'-- Up-to-date symlink: /home/developer/aerostack2_ws/install/as2_msgs/include/as2_msgs/as2_msgs/msg/detail/geozone__rosidl_typesupport_introspection_cpp.hpp\n'}
[0.290544] (as2_msgs) StdoutLine: {'line': b'-- Up-to-date symlink: /home/developer/aerostack2_ws/install/as2_msgs/include/as2_msgs/as2_msgs/msg/detail/gimbal_control__rosidl_typesupport_introspection_cpp.hpp\n'}
[0.290576] (as2_msgs) StdoutLine: {'line': b'-- Up-to-date symlink: /home/developer/aerostack2_ws/install/as2_msgs/include/as2_msgs/as2_msgs/msg/detail/mission_event__rosidl_typesupport_introspection_cpp.hpp\n'}
[0.290613] (as2_msgs) StdoutLine: {'line': b'-- Up-to-date symlink: /home/developer/aerostack2_ws/install/as2_msgs/include/as2_msgs/as2_msgs/msg/detail/mission_update__rosidl_typesupport_introspection_cpp.hpp\n'}
[0.290649] (as2_msgs) StdoutLine: {'line': b'-- Up-to-date symlink: /home/developer/aerostack2_ws/install/as2_msgs/include/as2_msgs/as2_msgs/msg/detail/node_status__rosidl_typesupport_introspection_cpp.hpp\n'}
[0.290693] (as2_msgs) StdoutLine: {'line': b'-- Up-to-date symlink: /home/developer/aerostack2_ws/install/as2_msgs/include/as2_msgs/as2_msgs/msg/detail/platform_info__rosidl_typesupport_introspection_cpp.hpp\n'}
[0.290736] (as2_msgs) StdoutLine: {'line': b'-- Up-to-date symlink: /home/developer/aerostack2_ws/install/as2_msgs/include/as2_msgs/as2_msgs/msg/detail/platform_state_machine_event__rosidl_typesupport_introspection_cpp.hpp\n'}
[0.290778] (as2_msgs) StdoutLine: {'line': b'-- Up-to-date symlink: /home/developer/aerostack2_ws/install/as2_msgs/include/as2_msgs/as2_msgs/msg/detail/platform_status__rosidl_typesupport_introspection_cpp.hpp\n'}
[0.290820] (as2_msgs) StdoutLine: {'line': b'-- Up-to-date symlink: /home/developer/aerostack2_ws/install/as2_msgs/include/as2_msgs/as2_msgs/msg/detail/polygon_list__rosidl_typesupport_introspection_cpp.hpp\n'}
[0.290862] (as2_msgs) StdoutLine: {'line': b'-- Up-to-date symlink: /home/developer/aerostack2_ws/install/as2_msgs/include/as2_msgs/as2_msgs/msg/detail/pose_stamped_with_id__rosidl_typesupport_introspection_cpp.hpp\n'}
[0.290905] (as2_msgs) StdoutLine: {'line': b'-- Up-to-date symlink: /home/developer/aerostack2_ws/install/as2_msgs/include/as2_msgs/as2_msgs/msg/detail/pose_stamped_with_id_array__rosidl_typesupport_introspection_cpp.hpp\n'}
[0.290953] (as2_msgs) StdoutLine: {'line': b'-- Up-to-date symlink: /home/developer/aerostack2_ws/install/as2_msgs/include/as2_msgs/as2_msgs/msg/detail/pose_with_id__rosidl_typesupport_introspection_cpp.hpp\n'}
[0.290989] (as2_msgs) StdoutLine: {'line': b'-- Up-to-date symlink: /home/developer/aerostack2_ws/install/as2_msgs/include/as2_msgs/as2_msgs/msg/detail/pose_with_id_array__rosidl_typesupport_introspection_cpp.hpp\n'}
[0.291044] (as2_msgs) StdoutLine: {'line': b'-- Up-to-date symlink: /home/developer/aerostack2_ws/install/as2_msgs/include/as2_msgs/as2_msgs/msg/detail/speed__rosidl_typesupport_introspection_cpp.hpp\n'}
[0.291145] (as2_msgs) StdoutLine: {'line': b'-- Up-to-date symlink: /home/developer/aerostack2_ws/install/as2_msgs/include/as2_msgs/as2_msgs/msg/detail/thrust__rosidl_typesupport_introspection_cpp.hpp\n'}
[0.291169] (as2_msgs) StdoutLine: {'line': b'-- Up-to-date symlink: /home/developer/aerostack2_ws/install/as2_msgs/include/as2_msgs/as2_msgs/msg/detail/traj_gen_info__rosidl_typesupport_introspection_cpp.hpp\n'}
[0.291233] (as2_msgs) StdoutLine: {'line': b'-- Up-to-date symlink: /home/developer/aerostack2_ws/install/as2_msgs/include/as2_msgs/as2_msgs/msg/detail/trajectory_point__rosidl_typesupport_introspection_cpp.hpp\n'}
[0.291256] (as2_msgs) StdoutLine: {'line': b'-- Up-to-date symlink: /home/developer/aerostack2_ws/install/as2_msgs/include/as2_msgs/as2_msgs/msg/detail/trajectory_setpoints__rosidl_typesupport_introspection_cpp.hpp\n'}
[0.291339] (as2_msgs) StdoutLine: {'line': b'-- Up-to-date symlink: /home/developer/aerostack2_ws/install/as2_msgs/include/as2_msgs/as2_msgs/msg/detail/u_int16_multi_array_stamped__rosidl_typesupport_introspection_cpp.hpp\n'}
[0.291363] (as2_msgs) StdoutLine: {'line': b'-- Up-to-date symlink: /home/developer/aerostack2_ws/install/as2_msgs/include/as2_msgs/as2_msgs/msg/detail/yaw_mode__rosidl_typesupport_introspection_cpp.hpp\n'}
[0.291434] (as2_msgs) StdoutLine: {'line': b'-- Up-to-date symlink: /home/developer/aerostack2_ws/install/as2_msgs/include/as2_msgs/as2_msgs/srv/detail/add_static_transform__rosidl_typesupport_introspection_cpp.hpp\n'}
[0.291458] (as2_msgs) StdoutLine: {'line': b'-- Up-to-date symlink: /home/developer/aerostack2_ws/install/as2_msgs/include/as2_msgs/as2_msgs/srv/detail/add_static_transform_gps__rosidl_typesupport_introspection_cpp.hpp\n'}
[0.291527] (as2_msgs) StdoutLine: {'line': b'-- Up-to-date symlink: /home/developer/aerostack2_ws/install/as2_msgs/include/as2_msgs/as2_msgs/srv/detail/dynamic_follower__rosidl_typesupport_introspection_cpp.hpp\n'}
[0.291551] (as2_msgs) StdoutLine: {'line': b'-- Up-to-date symlink: /home/developer/aerostack2_ws/install/as2_msgs/include/as2_msgs/as2_msgs/srv/detail/dynamic_land__rosidl_typesupport_introspection_cpp.hpp\n'}
[0.291651] (as2_msgs) StdoutLine: {'line': b'-- Up-to-date symlink: /home/developer/aerostack2_ws/install/as2_msgs/include/as2_msgs/as2_msgs/srv/detail/geopath_to_path__rosidl_typesupport_introspection_cpp.hpp\n'}
[0.291675] (as2_msgs) StdoutLine: {'line': b'-- Up-to-date symlink: /home/developer/aerostack2_ws/install/as2_msgs/include/as2_msgs/as2_msgs/srv/detail/get_geozone__rosidl_typesupport_introspection_cpp.hpp\n'}
[0.291699] (as2_msgs) StdoutLine: {'line': b'-- Up-to-date symlink: /home/developer/aerostack2_ws/install/as2_msgs/include/as2_msgs/as2_msgs/srv/detail/get_origin__rosidl_typesupport_introspection_cpp.hpp\n'}
[0.291745] (as2_msgs) StdoutLine: {'line': b'-- Up-to-date symlink: /home/developer/aerostack2_ws/install/as2_msgs/include/as2_msgs/as2_msgs/srv/detail/list_control_modes__rosidl_typesupport_introspection_cpp.hpp\n'}
[0.291770] (as2_msgs) StdoutLine: {'line': b'-- Up-to-date symlink: /home/developer/aerostack2_ws/install/as2_msgs/include/as2_msgs/as2_msgs/srv/detail/modify_swarm__rosidl_typesupport_introspection_cpp.hpp\n'}
[0.291809] (as2_msgs) StdoutLine: {'line': b'-- Up-to-date symlink: /home/developer/aerostack2_ws/install/as2_msgs/include/as2_msgs/as2_msgs/srv/detail/package_pick_up__rosidl_typesupport_introspection_cpp.hpp\n'}
[0.291855] (as2_msgs) StdoutLine: {'line': b'-- Up-to-date symlink: /home/developer/aerostack2_ws/install/as2_msgs/include/as2_msgs/as2_msgs/srv/detail/package_un_pick__rosidl_typesupport_introspection_cpp.hpp\n'}
[0.291878] (as2_msgs) StdoutLine: {'line': b'-- Up-to-date symlink: /home/developer/aerostack2_ws/install/as2_msgs/include/as2_msgs/as2_msgs/srv/detail/path_to_geopath__rosidl_typesupport_introspection_cpp.hpp\n'}
[0.291915] (as2_msgs) StdoutLine: {'line': b'-- Up-to-date symlink: /home/developer/aerostack2_ws/install/as2_msgs/include/as2_msgs/as2_msgs/srv/detail/set_control_mode__rosidl_typesupport_introspection_cpp.hpp\n'}
[0.291952] (as2_msgs) StdoutLine: {'line': b'-- Up-to-date symlink: /home/developer/aerostack2_ws/install/as2_msgs/include/as2_msgs/as2_msgs/srv/detail/set_geozone__rosidl_typesupport_introspection_cpp.hpp\n'}
[0.291984] (as2_msgs) StdoutLine: {'line': b'-- Up-to-date symlink: /home/developer/aerostack2_ws/install/as2_msgs/include/as2_msgs/as2_msgs/srv/detail/set_origin__rosidl_typesupport_introspection_cpp.hpp\n'}
[0.292029] (as2_msgs) StdoutLine: {'line': b'-- Up-to-date symlink: /home/developer/aerostack2_ws/install/as2_msgs/include/as2_msgs/as2_msgs/srv/detail/set_platform_state_machine_event__rosidl_typesupport_introspection_cpp.hpp\n'}
[0.292074] (as2_msgs) StdoutLine: {'line': b'-- Up-to-date symlink: /home/developer/aerostack2_ws/install/as2_msgs/include/as2_msgs/as2_msgs/srv/detail/set_speed__rosidl_typesupport_introspection_cpp.hpp\n'}
[0.292152] (as2_msgs) StdoutLine: {'line': b'-- Up-to-date symlink: /home/developer/aerostack2_ws/install/as2_msgs/share/as2_msgs/environment/pythonpath.sh\n'}
[0.292218] (as2_msgs) StdoutLine: {'line': b'-- Up-to-date symlink: /home/developer/aerostack2_ws/install/as2_msgs/share/as2_msgs/environment/pythonpath.dsv\n'}
[0.292367] (as2_msgs) StdoutLine: {'line': b'-- Up-to-date symlink: /home/developer/aerostack2_ws/install/as2_msgs/local/lib/python3.10/dist-packages/as2_msgs-1.1.3-py3.10.egg-info/PKG-INFO\n'}
[0.292414] (as2_msgs) StdoutLine: {'line': b'-- Up-to-date symlink: /home/developer/aerostack2_ws/install/as2_msgs/local/lib/python3.10/dist-packages/as2_msgs-1.1.3-py3.10.egg-info/SOURCES.txt\n'}
[0.292460] (as2_msgs) StdoutLine: {'line': b'-- Up-to-date symlink: /home/developer/aerostack2_ws/install/as2_msgs/local/lib/python3.10/dist-packages/as2_msgs-1.1.3-py3.10.egg-info/dependency_links.txt\n'}
[0.292504] (as2_msgs) StdoutLine: {'line': b'-- Up-to-date symlink: /home/developer/aerostack2_ws/install/as2_msgs/local/lib/python3.10/dist-packages/as2_msgs-1.1.3-py3.10.egg-info/top_level.txt\n'}
[0.294016] (as2_msgs) StdoutLine: {'line': b'-- Up-to-date symlink: /home/developer/aerostack2_ws/install/as2_msgs/local/lib/python3.10/dist-packages/as2_msgs/__init__.py\n'}
[0.294103] (as2_msgs) StdoutLine: {'line': b'-- Up-to-date symlink: /home/developer/aerostack2_ws/install/as2_msgs/local/lib/python3.10/dist-packages/as2_msgs/_as2_msgs_s.ep.rosidl_typesupport_c.c\n'}
[0.294144] (as2_msgs) StdoutLine: {'line': b'-- Up-to-date symlink: /home/developer/aerostack2_ws/install/as2_msgs/local/lib/python3.10/dist-packages/as2_msgs/_as2_msgs_s.ep.rosidl_typesupport_fastrtps_c.c\n'}
[0.294170] (as2_msgs) StdoutLine: {'line': b'-- Up-to-date symlink: /home/developer/aerostack2_ws/install/as2_msgs/local/lib/python3.10/dist-packages/as2_msgs/_as2_msgs_s.ep.rosidl_typesupport_introspection_c.c\n'}
[0.294208] (as2_msgs) StdoutLine: {'line': b'-- Up-to-date symlink: /home/developer/aerostack2_ws/install/as2_msgs/local/lib/python3.10/dist-packages/as2_msgs/action/__init__.py\n'}
[0.294253] (as2_msgs) StdoutLine: {'line': b'-- Up-to-date symlink: /home/developer/aerostack2_ws/install/as2_msgs/local/lib/python3.10/dist-packages/as2_msgs/action/_detect_aruco_markers.py\n'}
[0.294277] (as2_msgs) StdoutLine: {'line': b'-- Up-to-date symlink: /home/developer/aerostack2_ws/install/as2_msgs/local/lib/python3.10/dist-packages/as2_msgs/action/_detect_aruco_markers_s.c\n'}
[0.294321] (as2_msgs) StdoutLine: {'line': b'-- Up-to-date symlink: /home/developer/aerostack2_ws/install/as2_msgs/local/lib/python3.10/dist-packages/as2_msgs/action/_follow_path.py\n'}
[0.294345] (as2_msgs) StdoutLine: {'line': b'-- Up-to-date symlink: /home/developer/aerostack2_ws/install/as2_msgs/local/lib/python3.10/dist-packages/as2_msgs/action/_follow_path_s.c\n'}
[0.294380] (as2_msgs) StdoutLine: {'line': b'-- Up-to-date symlink: /home/developer/aerostack2_ws/install/as2_msgs/local/lib/python3.10/dist-packages/as2_msgs/action/_follow_reference.py\n'}
[0.294417] (as2_msgs) StdoutLine: {'line': b'-- Up-to-date symlink: /home/developer/aerostack2_ws/install/as2_msgs/local/lib/python3.10/dist-packages/as2_msgs/action/_follow_reference_s.c\n'}
[0.294456] (as2_msgs) StdoutLine: {'line': b'-- Up-to-date symlink: /home/developer/aerostack2_ws/install/as2_msgs/local/lib/python3.10/dist-packages/as2_msgs/action/_force_estimation.py\n'}
[0.294501] (as2_msgs) StdoutLine: {'line': b'-- Up-to-date symlink: /home/developer/aerostack2_ws/install/as2_msgs/local/lib/python3.10/dist-packages/as2_msgs/action/_force_estimation_s.c\n'}
[0.294546] (as2_msgs) StdoutLine: {'line': b'-- Up-to-date symlink: /home/developer/aerostack2_ws/install/as2_msgs/local/lib/python3.10/dist-packages/as2_msgs/action/_generate_polynomial_trajectory.py\n'}
[0.294589] (as2_msgs) StdoutLine: {'line': b'-- Up-to-date symlink: /home/developer/aerostack2_ws/install/as2_msgs/local/lib/python3.10/dist-packages/as2_msgs/action/_generate_polynomial_trajectory_s.c\n'}
[0.294633] (as2_msgs) StdoutLine: {'line': b'-- Up-to-date symlink: /home/developer/aerostack2_ws/install/as2_msgs/local/lib/python3.10/dist-packages/as2_msgs/action/_go_to_waypoint.py\n'}
[0.294678] (as2_msgs) StdoutLine: {'line': b'-- Up-to-date symlink: /home/developer/aerostack2_ws/install/as2_msgs/local/lib/python3.10/dist-packages/as2_msgs/action/_go_to_waypoint_s.c\n'}
[0.294724] (as2_msgs) StdoutLine: {'line': b'-- Up-to-date symlink: /home/developer/aerostack2_ws/install/as2_msgs/local/lib/python3.10/dist-packages/as2_msgs/action/_gripper_handler.py\n'}
[0.294767] (as2_msgs) StdoutLine: {'line': b'-- Up-to-date symlink: /home/developer/aerostack2_ws/install/as2_msgs/local/lib/python3.10/dist-packages/as2_msgs/action/_gripper_handler_s.c\n'}
[0.294811] (as2_msgs) StdoutLine: {'line': b'-- Up-to-date symlink: /home/developer/aerostack2_ws/install/as2_msgs/local/lib/python3.10/dist-packages/as2_msgs/action/_land.py\n'}
[0.294854] (as2_msgs) StdoutLine: {'line': b'-- Up-to-date symlink: /home/developer/aerostack2_ws/install/as2_msgs/local/lib/python3.10/dist-packages/as2_msgs/action/_land_s.c\n'}
[0.294898] (as2_msgs) StdoutLine: {'line': b'-- Up-to-date symlink: /home/developer/aerostack2_ws/install/as2_msgs/local/lib/python3.10/dist-packages/as2_msgs/action/_mass_estimation.py\n'}
[0.294941] (as2_msgs) StdoutLine: {'line': b'-- Up-to-date symlink: /home/developer/aerostack2_ws/install/as2_msgs/local/lib/python3.10/dist-packages/as2_msgs/action/_mass_estimation_s.c\n'}
[0.294984] (as2_msgs) StdoutLine: {'line': b'-- Up-to-date symlink: /home/developer/aerostack2_ws/install/as2_msgs/local/lib/python3.10/dist-packages/as2_msgs/action/_navigate_to_point.py\n'}
[0.295040] (as2_msgs) StdoutLine: {'line': b'-- Up-to-date symlink: /home/developer/aerostack2_ws/install/as2_msgs/local/lib/python3.10/dist-packages/as2_msgs/action/_navigate_to_point_s.c\n'}
[0.295082] (as2_msgs) StdoutLine: {'line': b'-- Up-to-date symlink: /home/developer/aerostack2_ws/install/as2_msgs/local/lib/python3.10/dist-packages/as2_msgs/action/_point_gimbal.py\n'}
[0.295125] (as2_msgs) StdoutLine: {'line': b'-- Up-to-date symlink: /home/developer/aerostack2_ws/install/as2_msgs/local/lib/python3.10/dist-packages/as2_msgs/action/_point_gimbal_s.c\n'}
[0.295168] (as2_msgs) StdoutLine: {'line': b'-- Up-to-date symlink: /home/developer/aerostack2_ws/install/as2_msgs/local/lib/python3.10/dist-packages/as2_msgs/action/_precision_landing.py\n'}
[0.295211] (as2_msgs) StdoutLine: {'line': b'-- Up-to-date symlink: /home/developer/aerostack2_ws/install/as2_msgs/local/lib/python3.10/dist-packages/as2_msgs/action/_precision_landing_s.c\n'}
[0.295255] (as2_msgs) StdoutLine: {'line': b'-- Up-to-date symlink: /home/developer/aerostack2_ws/install/as2_msgs/local/lib/python3.10/dist-packages/as2_msgs/action/_set_arming_state.py\n'}
[0.295298] (as2_msgs) StdoutLine: {'line': b'-- Up-to-date symlink: /home/developer/aerostack2_ws/install/as2_msgs/local/lib/python3.10/dist-packages/as2_msgs/action/_set_arming_state_s.c\n'}
[0.295339] (as2_msgs) StdoutLine: {'line': b'-- Up-to-date symlink: /home/developer/aerostack2_ws/install/as2_msgs/local/lib/python3.10/dist-packages/as2_msgs/action/_set_offboard_mode.py\n'}
[0.295388] (as2_msgs) StdoutLine: {'line': b'-- Up-to-date symlink: /home/developer/aerostack2_ws/install/as2_msgs/local/lib/python3.10/dist-packages/as2_msgs/action/_set_offboard_mode_s.c\n'}
[0.295430] (as2_msgs) StdoutLine: {'line': b'-- Up-to-date symlink: /home/developer/aerostack2_ws/install/as2_msgs/local/lib/python3.10/dist-packages/as2_msgs/action/_swarm_flocking.py\n'}
[0.295471] (as2_msgs) StdoutLine: {'line': b'-- Up-to-date symlink: /home/developer/aerostack2_ws/install/as2_msgs/local/lib/python3.10/dist-packages/as2_msgs/action/_swarm_flocking_s.c\n'}
[0.295513] (as2_msgs) StdoutLine: {'line': b'-- Up-to-date symlink: /home/developer/aerostack2_ws/install/as2_msgs/local/lib/python3.10/dist-packages/as2_msgs/action/_takeoff.py\n'}
[0.295555] (as2_msgs) StdoutLine: {'line': b'-- Up-to-date symlink: /home/developer/aerostack2_ws/install/as2_msgs/local/lib/python3.10/dist-packages/as2_msgs/action/_takeoff_s.c\n'}
[0.295601] (as2_msgs) StdoutLine: {'line': b'-- Up-to-date symlink: /home/developer/aerostack2_ws/install/as2_msgs/local/lib/python3.10/dist-packages/as2_msgs/as2_msgs_s__rosidl_typesupport_c.cpython-310-x86_64-linux-gnu.so\n'}
[0.295646] (as2_msgs) StdoutLine: {'line': b'-- Up-to-date symlink: /home/developer/aerostack2_ws/install/as2_msgs/local/lib/python3.10/dist-packages/as2_msgs/as2_msgs_s__rosidl_typesupport_fastrtps_c.cpython-310-x86_64-linux-gnu.so\n'}
[0.295690] (as2_msgs) StdoutLine: {'line': b'-- Up-to-date symlink: /home/developer/aerostack2_ws/install/as2_msgs/local/lib/python3.10/dist-packages/as2_msgs/as2_msgs_s__rosidl_typesupport_introspection_c.cpython-310-x86_64-linux-gnu.so\n'}
[0.295733] (as2_msgs) StdoutLine: {'line': b'-- Up-to-date symlink: /home/developer/aerostack2_ws/install/as2_msgs/local/lib/python3.10/dist-packages/as2_msgs/libas2_msgs__rosidl_generator_py.so\n'}
[0.295776] (as2_msgs) StdoutLine: {'line': b'-- Up-to-date symlink: /home/developer/aerostack2_ws/install/as2_msgs/local/lib/python3.10/dist-packages/as2_msgs/msg/__init__.py\n'}
[0.295819] (as2_msgs) StdoutLine: {'line': b'-- Up-to-date symlink: /home/developer/aerostack2_ws/install/as2_msgs/local/lib/python3.10/dist-packages/as2_msgs/msg/_acro.py\n'}
[0.295863] (as2_msgs) StdoutLine: {'line': b'-- Up-to-date symlink: /home/developer/aerostack2_ws/install/as2_msgs/local/lib/python3.10/dist-packages/as2_msgs/msg/_acro_s.c\n'}
[0.295907] (as2_msgs) StdoutLine: {'line': b'-- Up-to-date symlink: /home/developer/aerostack2_ws/install/as2_msgs/local/lib/python3.10/dist-packages/as2_msgs/msg/_alert_event.py\n'}
[0.295950] (as2_msgs) StdoutLine: {'line': b'-- Up-to-date symlink: /home/developer/aerostack2_ws/install/as2_msgs/local/lib/python3.10/dist-packages/as2_msgs/msg/_alert_event_s.c\n'}
[0.295999] (as2_msgs) StdoutLine: {'line': b'-- Up-to-date symlink: /home/developer/aerostack2_ws/install/as2_msgs/local/lib/python3.10/dist-packages/as2_msgs/msg/_behavior_status.py\n'}
[0.296041] (as2_msgs) StdoutLine: {'line': b'-- Up-to-date symlink: /home/developer/aerostack2_ws/install/as2_msgs/local/lib/python3.10/dist-packages/as2_msgs/msg/_behavior_status_s.c\n'}
[0.296090] (as2_msgs) StdoutLine: {'line': b'-- Up-to-date symlink: /home/developer/aerostack2_ws/install/as2_msgs/local/lib/python3.10/dist-packages/as2_msgs/msg/_control_mode.py\n'}
[0.296134] (as2_msgs) StdoutLine: {'line': b'-- Up-to-date symlink: /home/developer/aerostack2_ws/install/as2_msgs/local/lib/python3.10/dist-packages/as2_msgs/msg/_control_mode_s.c\n'}
[0.296173] (as2_msgs) StdoutLine: {'line': b'-- Up-to-date symlink: /home/developer/aerostack2_ws/install/as2_msgs/local/lib/python3.10/dist-packages/as2_msgs/msg/_controller_info.py\n'}
[0.296216] (as2_msgs) StdoutLine: {'line': b'-- Up-to-date symlink: /home/developer/aerostack2_ws/install/as2_msgs/local/lib/python3.10/dist-packages/as2_msgs/msg/_controller_info_s.c\n'}
[0.296259] (as2_msgs) StdoutLine: {'line': b'-- Up-to-date symlink: /home/developer/aerostack2_ws/install/as2_msgs/local/lib/python3.10/dist-packages/as2_msgs/msg/_follow_target_info.py\n'}
[0.296302] (as2_msgs) StdoutLine: {'line': b'-- Up-to-date symlink: /home/developer/aerostack2_ws/install/as2_msgs/local/lib/python3.10/dist-packages/as2_msgs/msg/_follow_target_info_s.c\n'}
[0.296346] (as2_msgs) StdoutLine: {'line': b'-- Up-to-date symlink: /home/developer/aerostack2_ws/install/as2_msgs/local/lib/python3.10/dist-packages/as2_msgs/msg/_geozone.py\n'}
[0.296389] (as2_msgs) StdoutLine: {'line': b'-- Up-to-date symlink: /home/developer/aerostack2_ws/install/as2_msgs/local/lib/python3.10/dist-packages/as2_msgs/msg/_geozone_s.c\n'}
[0.296431] (as2_msgs) StdoutLine: {'line': b'-- Up-to-date symlink: /home/developer/aerostack2_ws/install/as2_msgs/local/lib/python3.10/dist-packages/as2_msgs/msg/_gimbal_control.py\n'}
[0.296480] (as2_msgs) StdoutLine: {'line': b'-- Up-to-date symlink: /home/developer/aerostack2_ws/install/as2_msgs/local/lib/python3.10/dist-packages/as2_msgs/msg/_gimbal_control_s.c\n'}
[0.296520] (as2_msgs) StdoutLine: {'line': b'-- Up-to-date symlink: /home/developer/aerostack2_ws/install/as2_msgs/local/lib/python3.10/dist-packages/as2_msgs/msg/_mission_event.py\n'}
[0.296563] (as2_msgs) StdoutLine: {'line': b'-- Up-to-date symlink: /home/developer/aerostack2_ws/install/as2_msgs/local/lib/python3.10/dist-packages/as2_msgs/msg/_mission_event_s.c\n'}
[0.296604] (as2_msgs) StdoutLine: {'line': b'-- Up-to-date symlink: /home/developer/aerostack2_ws/install/as2_msgs/local/lib/python3.10/dist-packages/as2_msgs/msg/_mission_update.py\n'}
[0.296648] (as2_msgs) StdoutLine: {'line': b'-- Up-to-date symlink: /home/developer/aerostack2_ws/install/as2_msgs/local/lib/python3.10/dist-packages/as2_msgs/msg/_mission_update_s.c\n'}
[0.296690] (as2_msgs) StdoutLine: {'line': b'-- Up-to-date symlink: /home/developer/aerostack2_ws/install/as2_msgs/local/lib/python3.10/dist-packages/as2_msgs/msg/_node_status.py\n'}
[0.296733] (as2_msgs) StdoutLine: {'line': b'-- Up-to-date symlink: /home/developer/aerostack2_ws/install/as2_msgs/local/lib/python3.10/dist-packages/as2_msgs/msg/_node_status_s.c\n'}
[0.296775] (as2_msgs) StdoutLine: {'line': b'-- Up-to-date symlink: /home/developer/aerostack2_ws/install/as2_msgs/local/lib/python3.10/dist-packages/as2_msgs/msg/_platform_info.py\n'}
[0.296825] (as2_msgs) StdoutLine: {'line': b'-- Up-to-date symlink: /home/developer/aerostack2_ws/install/as2_msgs/local/lib/python3.10/dist-packages/as2_msgs/msg/_platform_info_s.c\n'}
[0.296865] (as2_msgs) StdoutLine: {'line': b'-- Up-to-date symlink: /home/developer/aerostack2_ws/install/as2_msgs/local/lib/python3.10/dist-packages/as2_msgs/msg/_platform_state_machine_event.py\n'}
[0.296908] (as2_msgs) StdoutLine: {'line': b'-- Up-to-date symlink: /home/developer/aerostack2_ws/install/as2_msgs/local/lib/python3.10/dist-packages/as2_msgs/msg/_platform_state_machine_event_s.c\n'}
[0.296951] (as2_msgs) StdoutLine: {'line': b'-- Up-to-date symlink: /home/developer/aerostack2_ws/install/as2_msgs/local/lib/python3.10/dist-packages/as2_msgs/msg/_platform_status.py\n'}
[0.296995] (as2_msgs) StdoutLine: {'line': b'-- Up-to-date symlink: /home/developer/aerostack2_ws/install/as2_msgs/local/lib/python3.10/dist-packages/as2_msgs/msg/_platform_status_s.c\n'}
[0.297039] (as2_msgs) StdoutLine: {'line': b'-- Up-to-date symlink: /home/developer/aerostack2_ws/install/as2_msgs/local/lib/python3.10/dist-packages/as2_msgs/msg/_polygon_list.py\n'}
[0.297080] (as2_msgs) StdoutLine: {'line': b'-- Up-to-date symlink: /home/developer/aerostack2_ws/install/as2_msgs/local/lib/python3.10/dist-packages/as2_msgs/msg/_polygon_list_s.c\n'}
[0.297129] (as2_msgs) StdoutLine: {'line': b'-- Up-to-date symlink: /home/developer/aerostack2_ws/install/as2_msgs/local/lib/python3.10/dist-packages/as2_msgs/msg/_pose_stamped_with_id.py\n'}
[0.297173] (as2_msgs) StdoutLine: {'line': b'-- Up-to-date symlink: /home/developer/aerostack2_ws/install/as2_msgs/local/lib/python3.10/dist-packages/as2_msgs/msg/_pose_stamped_with_id_array.py\n'}
[0.297214] (as2_msgs) StdoutLine: {'line': b'-- Up-to-date symlink: /home/developer/aerostack2_ws/install/as2_msgs/local/lib/python3.10/dist-packages/as2_msgs/msg/_pose_stamped_with_id_array_s.c\n'}
[0.297258] (as2_msgs) StdoutLine: {'line': b'-- Up-to-date symlink: /home/developer/aerostack2_ws/install/as2_msgs/local/lib/python3.10/dist-packages/as2_msgs/msg/_pose_stamped_with_id_s.c\n'}
[0.297303] (as2_msgs) StdoutLine: {'line': b'-- Up-to-date symlink: /home/developer/aerostack2_ws/install/as2_msgs/local/lib/python3.10/dist-packages/as2_msgs/msg/_pose_with_id.py\n'}
[0.297345] (as2_msgs) StdoutLine: {'line': b'-- Up-to-date symlink: /home/developer/aerostack2_ws/install/as2_msgs/local/lib/python3.10/dist-packages/as2_msgs/msg/_pose_with_id_array.py\n'}
[0.297387] (as2_msgs) StdoutLine: {'line': b'-- Up-to-date symlink: /home/developer/aerostack2_ws/install/as2_msgs/local/lib/python3.10/dist-packages/as2_msgs/msg/_pose_with_id_array_s.c\n'}
[0.297431] (as2_msgs) StdoutLine: {'line': b'-- Up-to-date symlink: /home/developer/aerostack2_ws/install/as2_msgs/local/lib/python3.10/dist-packages/as2_msgs/msg/_pose_with_id_s.c\n'}
[0.297474] (as2_msgs) StdoutLine: {'line': b'-- Up-to-date symlink: /home/developer/aerostack2_ws/install/as2_msgs/local/lib/python3.10/dist-packages/as2_msgs/msg/_speed.py\n'}
[0.297518] (as2_msgs) StdoutLine: {'line': b'-- Up-to-date symlink: /home/developer/aerostack2_ws/install/as2_msgs/local/lib/python3.10/dist-packages/as2_msgs/msg/_speed_s.c\n'}
[0.297560] (as2_msgs) StdoutLine: {'line': b'-- Up-to-date symlink: /home/developer/aerostack2_ws/install/as2_msgs/local/lib/python3.10/dist-packages/as2_msgs/msg/_thrust.py\n'}
[0.297602] (as2_msgs) StdoutLine: {'line': b'-- Up-to-date symlink: /home/developer/aerostack2_ws/install/as2_msgs/local/lib/python3.10/dist-packages/as2_msgs/msg/_thrust_s.c\n'}
[0.297646] (as2_msgs) StdoutLine: {'line': b'-- Up-to-date symlink: /home/developer/aerostack2_ws/install/as2_msgs/local/lib/python3.10/dist-packages/as2_msgs/msg/_traj_gen_info.py\n'}
[0.297687] (as2_msgs) StdoutLine: {'line': b'-- Up-to-date symlink: /home/developer/aerostack2_ws/install/as2_msgs/local/lib/python3.10/dist-packages/as2_msgs/msg/_traj_gen_info_s.c\n'}
[0.297728] (as2_msgs) StdoutLine: {'line': b'-- Up-to-date symlink: /home/developer/aerostack2_ws/install/as2_msgs/local/lib/python3.10/dist-packages/as2_msgs/msg/_trajectory_point.py\n'}
[0.297769] (as2_msgs) StdoutLine: {'line': b'-- Up-to-date symlink: /home/developer/aerostack2_ws/install/as2_msgs/local/lib/python3.10/dist-packages/as2_msgs/msg/_trajectory_point_s.c\n'}
[0.297810] (as2_msgs) StdoutLine: {'line': b'-- Up-to-date symlink: /home/developer/aerostack2_ws/install/as2_msgs/local/lib/python3.10/dist-packages/as2_msgs/msg/_trajectory_setpoints.py\n'}
[0.297851] (as2_msgs) StdoutLine: {'line': b'-- Up-to-date symlink: /home/developer/aerostack2_ws/install/as2_msgs/local/lib/python3.10/dist-packages/as2_msgs/msg/_trajectory_setpoints_s.c\n'}
[0.297892] (as2_msgs) StdoutLine: {'line': b'-- Up-to-date symlink: /home/developer/aerostack2_ws/install/as2_msgs/local/lib/python3.10/dist-packages/as2_msgs/msg/_u_int16_multi_array_stamped.py\n'}
[0.297933] (as2_msgs) StdoutLine: {'line': b'-- Up-to-date symlink: /home/developer/aerostack2_ws/install/as2_msgs/local/lib/python3.10/dist-packages/as2_msgs/msg/_u_int16_multi_array_stamped_s.c\n'}
[0.297975] (as2_msgs) StdoutLine: {'line': b'-- Up-to-date symlink: /home/developer/aerostack2_ws/install/as2_msgs/local/lib/python3.10/dist-packages/as2_msgs/msg/_yaw_mode.py\n'}
[0.298017] (as2_msgs) StdoutLine: {'line': b'-- Up-to-date symlink: /home/developer/aerostack2_ws/install/as2_msgs/local/lib/python3.10/dist-packages/as2_msgs/msg/_yaw_mode_s.c\n'}
[0.298060] (as2_msgs) StdoutLine: {'line': b'-- Up-to-date symlink: /home/developer/aerostack2_ws/install/as2_msgs/local/lib/python3.10/dist-packages/as2_msgs/srv/__init__.py\n'}
[0.298101] (as2_msgs) StdoutLine: {'line': b'-- Up-to-date symlink: /home/developer/aerostack2_ws/install/as2_msgs/local/lib/python3.10/dist-packages/as2_msgs/srv/_add_static_transform.py\n'}
[0.298143] (as2_msgs) StdoutLine: {'line': b'-- Up-to-date symlink: /home/developer/aerostack2_ws/install/as2_msgs/local/lib/python3.10/dist-packages/as2_msgs/srv/_add_static_transform_gps.py\n'}
[0.298186] (as2_msgs) StdoutLine: {'line': b'-- Up-to-date symlink: /home/developer/aerostack2_ws/install/as2_msgs/local/lib/python3.10/dist-packages/as2_msgs/srv/_add_static_transform_gps_s.c\n'}
[0.298229] (as2_msgs) StdoutLine: {'line': b'-- Up-to-date symlink: /home/developer/aerostack2_ws/install/as2_msgs/local/lib/python3.10/dist-packages/as2_msgs/srv/_add_static_transform_s.c\n'}
[0.298272] (as2_msgs) StdoutLine: {'line': b'-- Up-to-date symlink: /home/developer/aerostack2_ws/install/as2_msgs/local/lib/python3.10/dist-packages/as2_msgs/srv/_dynamic_follower.py\n'}
[0.298315] (as2_msgs) StdoutLine: {'line': b'-- Up-to-date symlink: /home/developer/aerostack2_ws/install/as2_msgs/local/lib/python3.10/dist-packages/as2_msgs/srv/_dynamic_follower_s.c\n'}
[0.298360] (as2_msgs) StdoutLine: {'line': b'-- Up-to-date symlink: /home/developer/aerostack2_ws/install/as2_msgs/local/lib/python3.10/dist-packages/as2_msgs/srv/_dynamic_land.py\n'}
[0.298401] (as2_msgs) StdoutLine: {'line': b'-- Up-to-date symlink: /home/developer/aerostack2_ws/install/as2_msgs/local/lib/python3.10/dist-packages/as2_msgs/srv/_dynamic_land_s.c\n'}
[0.298442] (as2_msgs) StdoutLine: {'line': b'-- Up-to-date symlink: /home/developer/aerostack2_ws/install/as2_msgs/local/lib/python3.10/dist-packages/as2_msgs/srv/_geopath_to_path.py\n'}
[0.298483] (as2_msgs) StdoutLine: {'line': b'-- Up-to-date symlink: /home/developer/aerostack2_ws/install/as2_msgs/local/lib/python3.10/dist-packages/as2_msgs/srv/_geopath_to_path_s.c\n'}
[0.298523] (as2_msgs) StdoutLine: {'line': b'-- Up-to-date symlink: /home/developer/aerostack2_ws/install/as2_msgs/local/lib/python3.10/dist-packages/as2_msgs/srv/_get_geozone.py\n'}
[0.298563] (as2_msgs) StdoutLine: {'line': b'-- Up-to-date symlink: /home/developer/aerostack2_ws/install/as2_msgs/local/lib/python3.10/dist-packages/as2_msgs/srv/_get_geozone_s.c\n'}
[0.298604] (as2_msgs) StdoutLine: {'line': b'-- Up-to-date symlink: /home/developer/aerostack2_ws/install/as2_msgs/local/lib/python3.10/dist-packages/as2_msgs/srv/_get_origin.py\n'}
[0.298645] (as2_msgs) StdoutLine: {'line': b'-- Up-to-date symlink: /home/developer/aerostack2_ws/install/as2_msgs/local/lib/python3.10/dist-packages/as2_msgs/srv/_get_origin_s.c\n'}
[0.298686] (as2_msgs) StdoutLine: {'line': b'-- Up-to-date symlink: /home/developer/aerostack2_ws/install/as2_msgs/local/lib/python3.10/dist-packages/as2_msgs/srv/_list_control_modes.py\n'}
[0.298726] (as2_msgs) StdoutLine: {'line': b'-- Up-to-date symlink: /home/developer/aerostack2_ws/install/as2_msgs/local/lib/python3.10/dist-packages/as2_msgs/srv/_list_control_modes_s.c\n'}
[0.298766] (as2_msgs) StdoutLine: {'line': b'-- Up-to-date symlink: /home/developer/aerostack2_ws/install/as2_msgs/local/lib/python3.10/dist-packages/as2_msgs/srv/_modify_swarm.py\n'}
[0.298808] (as2_msgs) StdoutLine: {'line': b'-- Up-to-date symlink: /home/developer/aerostack2_ws/install/as2_msgs/local/lib/python3.10/dist-packages/as2_msgs/srv/_modify_swarm_s.c\n'}
[0.298848] (as2_msgs) StdoutLine: {'line': b'-- Up-to-date symlink: /home/developer/aerostack2_ws/install/as2_msgs/local/lib/python3.10/dist-packages/as2_msgs/srv/_package_pick_up.py\n'}
[0.298889] (as2_msgs) StdoutLine: {'line': b'-- Up-to-date symlink: /home/developer/aerostack2_ws/install/as2_msgs/local/lib/python3.10/dist-packages/as2_msgs/srv/_package_pick_up_s.c\n'}
[0.298929] (as2_msgs) StdoutLine: {'line': b'-- Up-to-date symlink: /home/developer/aerostack2_ws/install/as2_msgs/local/lib/python3.10/dist-packages/as2_msgs/srv/_package_un_pick.py\n'}
[0.298970] (as2_msgs) StdoutLine: {'line': b'-- Up-to-date symlink: /home/developer/aerostack2_ws/install/as2_msgs/local/lib/python3.10/dist-packages/as2_msgs/srv/_package_un_pick_s.c\n'}
[0.299016] (as2_msgs) StdoutLine: {'line': b'-- Up-to-date symlink: /home/developer/aerostack2_ws/install/as2_msgs/local/lib/python3.10/dist-packages/as2_msgs/srv/_path_to_geopath.py\n'}
[0.299056] (as2_msgs) StdoutLine: {'line': b'-- Up-to-date symlink: /home/developer/aerostack2_ws/install/as2_msgs/local/lib/python3.10/dist-packages/as2_msgs/srv/_path_to_geopath_s.c\n'}
[0.299106] (as2_msgs) StdoutLine: {'line': b'-- Up-to-date symlink: /home/developer/aerostack2_ws/install/as2_msgs/local/lib/python3.10/dist-packages/as2_msgs/srv/_set_control_mode.py\n'}
[0.299148] (as2_msgs) StdoutLine: {'line': b'-- Up-to-date symlink: /home/developer/aerostack2_ws/install/as2_msgs/local/lib/python3.10/dist-packages/as2_msgs/srv/_set_control_mode_s.c\n'}
[0.299190] (as2_msgs) StdoutLine: {'line': b'-- Up-to-date symlink: /home/developer/aerostack2_ws/install/as2_msgs/local/lib/python3.10/dist-packages/as2_msgs/srv/_set_geozone.py\n'}
[0.299233] (as2_msgs) StdoutLine: {'line': b'-- Up-to-date symlink: /home/developer/aerostack2_ws/install/as2_msgs/local/lib/python3.10/dist-packages/as2_msgs/srv/_set_geozone_s.c\n'}
[0.299275] (as2_msgs) StdoutLine: {'line': b'-- Up-to-date symlink: /home/developer/aerostack2_ws/install/as2_msgs/local/lib/python3.10/dist-packages/as2_msgs/srv/_set_origin.py\n'}
[0.299320] (as2_msgs) StdoutLine: {'line': b'-- Up-to-date symlink: /home/developer/aerostack2_ws/install/as2_msgs/local/lib/python3.10/dist-packages/as2_msgs/srv/_set_origin_s.c\n'}
[0.299362] (as2_msgs) StdoutLine: {'line': b'-- Up-to-date symlink: /home/developer/aerostack2_ws/install/as2_msgs/local/lib/python3.10/dist-packages/as2_msgs/srv/_set_platform_state_machine_event.py\n'}
[0.299404] (as2_msgs) StdoutLine: {'line': b'-- Up-to-date symlink: /home/developer/aerostack2_ws/install/as2_msgs/local/lib/python3.10/dist-packages/as2_msgs/srv/_set_platform_state_machine_event_s.c\n'}
[0.299445] (as2_msgs) StdoutLine: {'line': b'-- Up-to-date symlink: /home/developer/aerostack2_ws/install/as2_msgs/local/lib/python3.10/dist-packages/as2_msgs/srv/_set_speed.py\n'}
[0.299486] (as2_msgs) StdoutLine: {'line': b'-- Up-to-date symlink: /home/developer/aerostack2_ws/install/as2_msgs/local/lib/python3.10/dist-packages/as2_msgs/srv/_set_speed_s.c\n'}
[0.299612] (as2_msgs) StdoutLine: {'line': b'-- Up-to-date symlink: /home/developer/aerostack2_ws/install/as2_msgs/local/lib/python3.10/dist-packages/as2_msgs/as2_msgs_s__rosidl_typesupport_fastrtps_c.cpython-310-x86_64-linux-gnu.so\n'}
[0.299718] (as2_msgs) StdoutLine: {'line': b'-- Up-to-date symlink: /home/developer/aerostack2_ws/install/as2_msgs/local/lib/python3.10/dist-packages/as2_msgs/as2_msgs_s__rosidl_typesupport_introspection_c.cpython-310-x86_64-linux-gnu.so\n'}
[0.299823] (as2_msgs) StdoutLine: {'line': b'-- Up-to-date symlink: /home/developer/aerostack2_ws/install/as2_msgs/local/lib/python3.10/dist-packages/as2_msgs/as2_msgs_s__rosidl_typesupport_c.cpython-310-x86_64-linux-gnu.so\n'}
[0.299896] (as2_msgs) StdoutLine: {'line': b'-- Up-to-date symlink: /home/developer/aerostack2_ws/install/as2_msgs/share/ament_index/resource_index/rust_packages/as2_msgs\n'}
[0.300110] (as2_msgs) StdoutLine: {'line': b'-- Up-to-date symlink: /home/developer/aerostack2_ws/install/as2_msgs/share/as2_msgs/rust/Cargo.toml\n'}
[0.300133] (-) TimerEvent: {}
[0.300297] (as2_msgs) StdoutLine: {'line': b'-- Up-to-date symlink: /home/developer/aerostack2_ws/install/as2_msgs/share/as2_msgs/rust/build.rs\n'}
[0.300371] (as2_msgs) StdoutLine: {'line': b'-- Up-to-date symlink: /home/developer/aerostack2_ws/install/as2_msgs/share/as2_msgs/rust/src/action.rs\n'}
[0.300403] (as2_msgs) StdoutLine: {'line': b'-- Up-to-date symlink: /home/developer/aerostack2_ws/install/as2_msgs/share/as2_msgs/rust/src/action/rmw.rs\n'}
[0.300433] (as2_msgs) StdoutLine: {'line': b'-- Up-to-date symlink: /home/developer/aerostack2_ws/install/as2_msgs/share/as2_msgs/rust/src/lib.rs\n'}
[0.300488] (as2_msgs) StdoutLine: {'line': b'-- Up-to-date symlink: /home/developer/aerostack2_ws/install/as2_msgs/share/as2_msgs/rust/src/msg.rs\n'}
[0.300523] (as2_msgs) StdoutLine: {'line': b'-- Up-to-date symlink: /home/developer/aerostack2_ws/install/as2_msgs/share/as2_msgs/rust/src/msg/rmw.rs\n'}
[0.300560] (as2_msgs) StdoutLine: {'line': b'-- Up-to-date symlink: /home/developer/aerostack2_ws/install/as2_msgs/share/as2_msgs/rust/src/srv.rs\n'}
[0.300709] (as2_msgs) StdoutLine: {'line': b'-- Up-to-date symlink: /home/developer/aerostack2_ws/install/as2_msgs/share/as2_msgs/rust/src/srv/rmw.rs\n'}
[0.300771] (as2_msgs) StdoutLine: {'line': b'-- Up-to-date symlink: /home/developer/aerostack2_ws/install/as2_msgs/share/as2_msgs/msg/Acro.idl\n'}
[0.300802] (as2_msgs) StdoutLine: {'line': b'-- Up-to-date symlink: /home/developer/aerostack2_ws/install/as2_msgs/share/as2_msgs/msg/AlertEvent.idl\n'}
[0.300828] (as2_msgs) StdoutLine: {'line': b'-- Up-to-date symlink: /home/developer/aerostack2_ws/install/as2_msgs/share/as2_msgs/msg/BehaviorStatus.idl\n'}
[0.300871] (as2_msgs) StdoutLine: {'line': b'-- Up-to-date symlink: /home/developer/aerostack2_ws/install/as2_msgs/share/as2_msgs/msg/ControlMode.idl\n'}
[0.300896] (as2_msgs) StdoutLine: {'line': b'-- Up-to-date symlink: /home/developer/aerostack2_ws/install/as2_msgs/share/as2_msgs/msg/ControllerInfo.idl\n'}
[0.300936] (as2_msgs) StdoutLine: {'line': b'-- Up-to-date symlink: /home/developer/aerostack2_ws/install/as2_msgs/share/as2_msgs/msg/FollowTargetInfo.idl\n'}
[0.300976] (as2_msgs) StdoutLine: {'line': b'-- Up-to-date symlink: /home/developer/aerostack2_ws/install/as2_msgs/share/as2_msgs/msg/Geozone.idl\n'}
[0.301013] (as2_msgs) StdoutLine: {'line': b'-- Up-to-date symlink: /home/developer/aerostack2_ws/install/as2_msgs/share/as2_msgs/msg/GimbalControl.idl\n'}
[0.301055] (as2_msgs) StdoutLine: {'line': b'-- Up-to-date symlink: /home/developer/aerostack2_ws/install/as2_msgs/share/as2_msgs/msg/MissionEvent.idl\n'}
[0.301106] (as2_msgs) StdoutLine: {'line': b'-- Up-to-date symlink: /home/developer/aerostack2_ws/install/as2_msgs/share/as2_msgs/msg/MissionUpdate.idl\n'}
[0.301165] (as2_msgs) StdoutLine: {'line': b'-- Up-to-date symlink: /home/developer/aerostack2_ws/install/as2_msgs/share/as2_msgs/msg/NodeStatus.idl\n'}
[0.301225] (as2_msgs) StdoutLine: {'line': b'-- Up-to-date symlink: /home/developer/aerostack2_ws/install/as2_msgs/share/as2_msgs/msg/PlatformInfo.idl\n'}
[0.301286] (as2_msgs) StdoutLine: {'line': b'-- Up-to-date symlink: /home/developer/aerostack2_ws/install/as2_msgs/share/as2_msgs/msg/PlatformStateMachineEvent.idl\n'}
[0.301350] (as2_msgs) StdoutLine: {'line': b'-- Up-to-date symlink: /home/developer/aerostack2_ws/install/as2_msgs/share/as2_msgs/msg/PlatformStatus.idl\n'}
[0.301408] (as2_msgs) StdoutLine: {'line': b'-- Up-to-date symlink: /home/developer/aerostack2_ws/install/as2_msgs/share/as2_msgs/msg/PolygonList.idl\n'}
[0.301475] (as2_msgs) StdoutLine: {'line': b'-- Up-to-date symlink: /home/developer/aerostack2_ws/install/as2_msgs/share/as2_msgs/msg/PoseStampedWithID.idl\n'}
[0.301529] (as2_msgs) StdoutLine: {'line': b'-- Up-to-date symlink: /home/developer/aerostack2_ws/install/as2_msgs/share/as2_msgs/msg/PoseStampedWithIDArray.idl\n'}
[0.301587] (as2_msgs) StdoutLine: {'line': b'-- Up-to-date symlink: /home/developer/aerostack2_ws/install/as2_msgs/share/as2_msgs/msg/PoseWithID.idl\n'}
[0.301648] (as2_msgs) StdoutLine: {'line': b'-- Up-to-date symlink: /home/developer/aerostack2_ws/install/as2_msgs/share/as2_msgs/msg/PoseWithIDArray.idl\n'}
[0.301705] (as2_msgs) StdoutLine: {'line': b'-- Up-to-date symlink: /home/developer/aerostack2_ws/install/as2_msgs/share/as2_msgs/msg/Speed.idl\n'}
[0.301763] (as2_msgs) StdoutLine: {'line': b'-- Up-to-date symlink: /home/developer/aerostack2_ws/install/as2_msgs/share/as2_msgs/msg/Thrust.idl\n'}
[0.301819] (as2_msgs) StdoutLine: {'line': b'-- Up-to-date symlink: /home/developer/aerostack2_ws/install/as2_msgs/share/as2_msgs/msg/TrajGenInfo.idl\n'}
[0.301877] (as2_msgs) StdoutLine: {'line': b'-- Up-to-date symlink: /home/developer/aerostack2_ws/install/as2_msgs/share/as2_msgs/msg/TrajectoryPoint.idl\n'}
[0.301936] (as2_msgs) StdoutLine: {'line': b'-- Up-to-date symlink: /home/developer/aerostack2_ws/install/as2_msgs/share/as2_msgs/msg/TrajectorySetpoints.idl\n'}
[0.301998] (as2_msgs) StdoutLine: {'line': b'-- Up-to-date symlink: /home/developer/aerostack2_ws/install/as2_msgs/share/as2_msgs/msg/UInt16MultiArrayStamped.idl\n'}
[0.302056] (as2_msgs) StdoutLine: {'line': b'-- Up-to-date symlink: /home/developer/aerostack2_ws/install/as2_msgs/share/as2_msgs/msg/YawMode.idl\n'}
[0.302115] (as2_msgs) StdoutLine: {'line': b'-- Up-to-date symlink: /home/developer/aerostack2_ws/install/as2_msgs/share/as2_msgs/srv/AddStaticTransform.idl\n'}
[0.302174] (as2_msgs) StdoutLine: {'line': b'-- Up-to-date symlink: /home/developer/aerostack2_ws/install/as2_msgs/share/as2_msgs/srv/AddStaticTransformGps.idl\n'}
[0.302230] (as2_msgs) StdoutLine: {'line': b'-- Up-to-date symlink: /home/developer/aerostack2_ws/install/as2_msgs/share/as2_msgs/srv/DynamicFollower.idl\n'}
[0.302291] (as2_msgs) StdoutLine: {'line': b'-- Up-to-date symlink: /home/developer/aerostack2_ws/install/as2_msgs/share/as2_msgs/srv/DynamicLand.idl\n'}
[0.302349] (as2_msgs) StdoutLine: {'line': b'-- Up-to-date symlink: /home/developer/aerostack2_ws/install/as2_msgs/share/as2_msgs/srv/GeopathToPath.idl\n'}
[0.302407] (as2_msgs) StdoutLine: {'line': b'-- Up-to-date symlink: /home/developer/aerostack2_ws/install/as2_msgs/share/as2_msgs/srv/GetGeozone.idl\n'}
[0.302474] (as2_msgs) StdoutLine: {'line': b'-- Up-to-date symlink: /home/developer/aerostack2_ws/install/as2_msgs/share/as2_msgs/srv/GetOrigin.idl\n'}
[0.302532] (as2_msgs) StdoutLine: {'line': b'-- Up-to-date symlink: /home/developer/aerostack2_ws/install/as2_msgs/share/as2_msgs/srv/ListControlModes.idl\n'}
[0.302589] (as2_msgs) StdoutLine: {'line': b'-- Up-to-date symlink: /home/developer/aerostack2_ws/install/as2_msgs/share/as2_msgs/srv/ModifySwarm.idl\n'}
[0.302645] (as2_msgs) StdoutLine: {'line': b'-- Up-to-date symlink: /home/developer/aerostack2_ws/install/as2_msgs/share/as2_msgs/srv/PackagePickUp.idl\n'}
[0.302701] (as2_msgs) StdoutLine: {'line': b'-- Up-to-date symlink: /home/developer/aerostack2_ws/install/as2_msgs/share/as2_msgs/srv/PackageUnPick.idl\n'}
[0.302756] (as2_msgs) StdoutLine: {'line': b'-- Up-to-date symlink: /home/developer/aerostack2_ws/install/as2_msgs/share/as2_msgs/srv/PathToGeopath.idl\n'}
[0.302809] (as2_msgs) StdoutLine: {'line': b'-- Up-to-date symlink: /home/developer/aerostack2_ws/install/as2_msgs/share/as2_msgs/srv/SetControlMode.idl\n'}
[0.302864] (as2_msgs) StdoutLine: {'line': b'-- Up-to-date symlink: /home/developer/aerostack2_ws/install/as2_msgs/share/as2_msgs/srv/SetGeozone.idl\n'}
[0.302918] (as2_msgs) StdoutLine: {'line': b'-- Up-to-date symlink: /home/developer/aerostack2_ws/install/as2_msgs/share/as2_msgs/srv/SetOrigin.idl\n'}
[0.302975] (as2_msgs) StdoutLine: {'line': b'-- Up-to-date symlink: /home/developer/aerostack2_ws/install/as2_msgs/share/as2_msgs/srv/SetPlatformStateMachineEvent.idl\n'}
[0.303033] (as2_msgs) StdoutLine: {'line': b'-- Up-to-date symlink: /home/developer/aerostack2_ws/install/as2_msgs/share/as2_msgs/srv/SetSpeed.idl\n'}
[0.303095] (as2_msgs) StdoutLine: {'line': b'-- Up-to-date symlink: /home/developer/aerostack2_ws/install/as2_msgs/share/as2_msgs/action/DetectArucoMarkers.idl\n'}
[0.303155] (as2_msgs) StdoutLine: {'line': b'-- Up-to-date symlink: /home/developer/aerostack2_ws/install/as2_msgs/share/as2_msgs/action/FollowPath.idl\n'}
[0.303216] (as2_msgs) StdoutLine: {'line': b'-- Up-to-date symlink: /home/developer/aerostack2_ws/install/as2_msgs/share/as2_msgs/action/FollowReference.idl\n'}
[0.303275] (as2_msgs) StdoutLine: {'line': b'-- Up-to-date symlink: /home/developer/aerostack2_ws/install/as2_msgs/share/as2_msgs/action/ForceEstimation.idl\n'}
[0.303340] (as2_msgs) StdoutLine: {'line': b'-- Up-to-date symlink: /home/developer/aerostack2_ws/install/as2_msgs/share/as2_msgs/action/GeneratePolynomialTrajectory.idl\n'}
[0.303395] (as2_msgs) StdoutLine: {'line': b'-- Up-to-date symlink: /home/developer/aerostack2_ws/install/as2_msgs/share/as2_msgs/action/GoToWaypoint.idl\n'}
[0.303449] (as2_msgs) StdoutLine: {'line': b'-- Up-to-date symlink: /home/developer/aerostack2_ws/install/as2_msgs/share/as2_msgs/action/GripperHandler.idl\n'}
[0.303504] (as2_msgs) StdoutLine: {'line': b'-- Up-to-date symlink: /home/developer/aerostack2_ws/install/as2_msgs/share/as2_msgs/action/Land.idl\n'}
[0.303559] (as2_msgs) StdoutLine: {'line': b'-- Up-to-date symlink: /home/developer/aerostack2_ws/install/as2_msgs/share/as2_msgs/action/MassEstimation.idl\n'}
[0.303614] (as2_msgs) StdoutLine: {'line': b'-- Up-to-date symlink: /home/developer/aerostack2_ws/install/as2_msgs/share/as2_msgs/action/NavigateToPoint.idl\n'}
[0.303668] (as2_msgs) StdoutLine: {'line': b'-- Up-to-date symlink: /home/developer/aerostack2_ws/install/as2_msgs/share/as2_msgs/action/PointGimbal.idl\n'}
[0.303722] (as2_msgs) StdoutLine: {'line': b'-- Up-to-date symlink: /home/developer/aerostack2_ws/install/as2_msgs/share/as2_msgs/action/PrecisionLanding.idl\n'}
[0.303777] (as2_msgs) StdoutLine: {'line': b'-- Up-to-date symlink: /home/developer/aerostack2_ws/install/as2_msgs/share/as2_msgs/action/SetArmingState.idl\n'}
[0.303832] (as2_msgs) StdoutLine: {'line': b'-- Up-to-date symlink: /home/developer/aerostack2_ws/install/as2_msgs/share/as2_msgs/action/SetOffboardMode.idl\n'}
[0.303888] (as2_msgs) StdoutLine: {'line': b'-- Up-to-date symlink: /home/developer/aerostack2_ws/install/as2_msgs/share/as2_msgs/action/SwarmFlocking.idl\n'}
[0.303944] (as2_msgs) StdoutLine: {'line': b'-- Up-to-date symlink: /home/developer/aerostack2_ws/install/as2_msgs/share/as2_msgs/action/Takeoff.idl\n'}
[0.304002] (as2_msgs) StdoutLine: {'line': b'-- Up-to-date symlink: /home/developer/aerostack2_ws/install/as2_msgs/share/as2_msgs/msg/Acro.msg\n'}
[0.304060] (as2_msgs) StdoutLine: {'line': b'-- Up-to-date symlink: /home/developer/aerostack2_ws/install/as2_msgs/share/as2_msgs/msg/AlertEvent.msg\n'}
[0.304115] (as2_msgs) StdoutLine: {'line': b'-- Up-to-date symlink: /home/developer/aerostack2_ws/install/as2_msgs/share/as2_msgs/msg/BehaviorStatus.msg\n'}
[0.304189] (as2_msgs) StdoutLine: {'line': b'-- Up-to-date symlink: /home/developer/aerostack2_ws/install/as2_msgs/share/as2_msgs/msg/ControlMode.msg\n'}
[0.304231] (as2_msgs) StdoutLine: {'line': b'-- Up-to-date symlink: /home/developer/aerostack2_ws/install/as2_msgs/share/as2_msgs/msg/ControllerInfo.msg\n'}
[0.304297] (as2_msgs) StdoutLine: {'line': b'-- Up-to-date symlink: /home/developer/aerostack2_ws/install/as2_msgs/share/as2_msgs/msg/FollowTargetInfo.msg\n'}
[0.304355] (as2_msgs) StdoutLine: {'line': b'-- Up-to-date symlink: /home/developer/aerostack2_ws/install/as2_msgs/share/as2_msgs/msg/Geozone.msg\n'}
[0.304408] (as2_msgs) StdoutLine: {'line': b'-- Up-to-date symlink: /home/developer/aerostack2_ws/install/as2_msgs/share/as2_msgs/msg/GimbalControl.msg\n'}
[0.304462] (as2_msgs) StdoutLine: {'line': b'-- Up-to-date symlink: /home/developer/aerostack2_ws/install/as2_msgs/share/as2_msgs/msg/MissionEvent.msg\n'}
[0.304519] (as2_msgs) StdoutLine: {'line': b'-- Up-to-date symlink: /home/developer/aerostack2_ws/install/as2_msgs/share/as2_msgs/msg/MissionUpdate.msg\n'}
[0.304575] (as2_msgs) StdoutLine: {'line': b'-- Up-to-date symlink: /home/developer/aerostack2_ws/install/as2_msgs/share/as2_msgs/msg/NodeStatus.msg\n'}
[0.304633] (as2_msgs) StdoutLine: {'line': b'-- Up-to-date symlink: /home/developer/aerostack2_ws/install/as2_msgs/share/as2_msgs/msg/PlatformInfo.msg\n'}
[0.304690] (as2_msgs) StdoutLine: {'line': b'-- Up-to-date symlink: /home/developer/aerostack2_ws/install/as2_msgs/share/as2_msgs/msg/PlatformStateMachineEvent.msg\n'}
[0.304750] (as2_msgs) StdoutLine: {'line': b'-- Up-to-date symlink: /home/developer/aerostack2_ws/install/as2_msgs/share/as2_msgs/msg/PlatformStatus.msg\n'}
[0.304807] (as2_msgs) StdoutLine: {'line': b'-- Up-to-date symlink: /home/developer/aerostack2_ws/install/as2_msgs/share/as2_msgs/msg/PolygonList.msg\n'}
[0.304863] (as2_msgs) StdoutLine: {'line': b'-- Up-to-date symlink: /home/developer/aerostack2_ws/install/as2_msgs/share/as2_msgs/msg/PoseStampedWithID.msg\n'}
[0.304921] (as2_msgs) StdoutLine: {'line': b'-- Up-to-date symlink: /home/developer/aerostack2_ws/install/as2_msgs/share/as2_msgs/msg/PoseStampedWithIDArray.msg\n'}
[0.304981] (as2_msgs) StdoutLine: {'line': b'-- Up-to-date symlink: /home/developer/aerostack2_ws/install/as2_msgs/share/as2_msgs/msg/PoseWithID.msg\n'}
[0.305047] (as2_msgs) StdoutLine: {'line': b'-- Up-to-date symlink: /home/developer/aerostack2_ws/install/as2_msgs/share/as2_msgs/msg/PoseWithIDArray.msg\n'}
[0.305105] (as2_msgs) StdoutLine: {'line': b'-- Up-to-date symlink: /home/developer/aerostack2_ws/install/as2_msgs/share/as2_msgs/msg/Speed.msg\n'}
[0.305160] (as2_msgs) StdoutLine: {'line': b'-- Up-to-date symlink: /home/developer/aerostack2_ws/install/as2_msgs/share/as2_msgs/msg/Thrust.msg\n'}
[0.305214] (as2_msgs) StdoutLine: {'line': b'-- Up-to-date symlink: /home/developer/aerostack2_ws/install/as2_msgs/share/as2_msgs/msg/TrajGenInfo.msg\n'}
[0.305270] (as2_msgs) StdoutLine: {'line': b'-- Up-to-date symlink: /home/developer/aerostack2_ws/install/as2_msgs/share/as2_msgs/msg/TrajectoryPoint.msg\n'}
[0.305327] (as2_msgs) StdoutLine: {'line': b'-- Up-to-date symlink: /home/developer/aerostack2_ws/install/as2_msgs/share/as2_msgs/msg/TrajectorySetpoints.msg\n'}
[0.305383] (as2_msgs) StdoutLine: {'line': b'-- Up-to-date symlink: /home/developer/aerostack2_ws/install/as2_msgs/share/as2_msgs/msg/UInt16MultiArrayStamped.msg\n'}
[0.305436] (as2_msgs) StdoutLine: {'line': b'-- Up-to-date symlink: /home/developer/aerostack2_ws/install/as2_msgs/share/as2_msgs/msg/YawMode.msg\n'}
[0.305489] (as2_msgs) StdoutLine: {'line': b'-- Up-to-date symlink: /home/developer/aerostack2_ws/install/as2_msgs/share/as2_msgs/srv/AddStaticTransform.srv\n'}
[0.305545] (as2_msgs) StdoutLine: {'line': b'-- Up-to-date symlink: /home/developer/aerostack2_ws/install/as2_msgs/share/as2_msgs/srv/AddStaticTransform_Request.msg\n'}
[0.305598] (as2_msgs) StdoutLine: {'line': b'-- Up-to-date symlink: /home/developer/aerostack2_ws/install/as2_msgs/share/as2_msgs/srv/AddStaticTransform_Response.msg\n'}
[0.305650] (as2_msgs) StdoutLine: {'line': b'-- Up-to-date symlink: /home/developer/aerostack2_ws/install/as2_msgs/share/as2_msgs/srv/AddStaticTransformGps.srv\n'}
[0.305705] (as2_msgs) StdoutLine: {'line': b'-- Up-to-date symlink: /home/developer/aerostack2_ws/install/as2_msgs/share/as2_msgs/srv/AddStaticTransformGps_Request.msg\n'}
[0.305759] (as2_msgs) StdoutLine: {'line': b'-- Up-to-date symlink: /home/developer/aerostack2_ws/install/as2_msgs/share/as2_msgs/srv/AddStaticTransformGps_Response.msg\n'}
[0.305813] (as2_msgs) StdoutLine: {'line': b'-- Up-to-date symlink: /home/developer/aerostack2_ws/install/as2_msgs/share/as2_msgs/srv/DynamicFollower.srv\n'}
[0.305869] (as2_msgs) StdoutLine: {'line': b'-- Up-to-date symlink: /home/developer/aerostack2_ws/install/as2_msgs/share/as2_msgs/srv/DynamicFollower_Request.msg\n'}
[0.305923] (as2_msgs) StdoutLine: {'line': b'-- Up-to-date symlink: /home/developer/aerostack2_ws/install/as2_msgs/share/as2_msgs/srv/DynamicFollower_Response.msg\n'}
[0.305978] (as2_msgs) StdoutLine: {'line': b'-- Up-to-date symlink: /home/developer/aerostack2_ws/install/as2_msgs/share/as2_msgs/srv/DynamicLand.srv\n'}
[0.306036] (as2_msgs) StdoutLine: {'line': b'-- Up-to-date symlink: /home/developer/aerostack2_ws/install/as2_msgs/share/as2_msgs/srv/DynamicLand_Request.msg\n'}
[0.306090] (as2_msgs) StdoutLine: {'line': b'-- Up-to-date symlink: /home/developer/aerostack2_ws/install/as2_msgs/share/as2_msgs/srv/DynamicLand_Response.msg\n'}
[0.306143] (as2_msgs) StdoutLine: {'line': b'-- Up-to-date symlink: /home/developer/aerostack2_ws/install/as2_msgs/share/as2_msgs/srv/GeopathToPath.srv\n'}
[0.306201] (as2_msgs) StdoutLine: {'line': b'-- Up-to-date symlink: /home/developer/aerostack2_ws/install/as2_msgs/share/as2_msgs/srv/GeopathToPath_Request.msg\n'}
[0.306255] (as2_msgs) StdoutLine: {'line': b'-- Up-to-date symlink: /home/developer/aerostack2_ws/install/as2_msgs/share/as2_msgs/srv/GeopathToPath_Response.msg\n'}
[0.306310] (as2_msgs) StdoutLine: {'line': b'-- Up-to-date symlink: /home/developer/aerostack2_ws/install/as2_msgs/share/as2_msgs/srv/GetGeozone.srv\n'}
[0.306362] (as2_msgs) StdoutLine: {'line': b'-- Up-to-date symlink: /home/developer/aerostack2_ws/install/as2_msgs/share/as2_msgs/srv/GetGeozone_Request.msg\n'}
[0.306417] (as2_msgs) StdoutLine: {'line': b'-- Up-to-date symlink: /home/developer/aerostack2_ws/install/as2_msgs/share/as2_msgs/srv/GetGeozone_Response.msg\n'}
[0.306471] (as2_msgs) StdoutLine: {'line': b'-- Up-to-date symlink: /home/developer/aerostack2_ws/install/as2_msgs/share/as2_msgs/srv/GetOrigin.srv\n'}
[0.306524] (as2_msgs) StdoutLine: {'line': b'-- Up-to-date symlink: /home/developer/aerostack2_ws/install/as2_msgs/share/as2_msgs/srv/GetOrigin_Request.msg\n'}
[0.306577] (as2_msgs) StdoutLine: {'line': b'-- Up-to-date symlink: /home/developer/aerostack2_ws/install/as2_msgs/share/as2_msgs/srv/GetOrigin_Response.msg\n'}
[0.306631] (as2_msgs) StdoutLine: {'line': b'-- Up-to-date symlink: /home/developer/aerostack2_ws/install/as2_msgs/share/as2_msgs/srv/ListControlModes.srv\n'}
[0.306685] (as2_msgs) StdoutLine: {'line': b'-- Up-to-date symlink: /home/developer/aerostack2_ws/install/as2_msgs/share/as2_msgs/srv/ListControlModes_Request.msg\n'}
[0.306739] (as2_msgs) StdoutLine: {'line': b'-- Up-to-date symlink: /home/developer/aerostack2_ws/install/as2_msgs/share/as2_msgs/srv/ListControlModes_Response.msg\n'}
[0.306795] (as2_msgs) StdoutLine: {'line': b'-- Up-to-date symlink: /home/developer/aerostack2_ws/install/as2_msgs/share/as2_msgs/srv/ModifySwarm.srv\n'}
[0.306849] (as2_msgs) StdoutLine: {'line': b'-- Up-to-date symlink: /home/developer/aerostack2_ws/install/as2_msgs/share/as2_msgs/srv/ModifySwarm_Request.msg\n'}
[0.306971] (as2_msgs) StdoutLine: {'line': b'-- Up-to-date symlink: /home/developer/aerostack2_ws/install/as2_msgs/share/as2_msgs/srv/ModifySwarm_Response.msg\n'}
[0.307019] (as2_msgs) StdoutLine: {'line': b'-- Up-to-date symlink: /home/developer/aerostack2_ws/install/as2_msgs/share/as2_msgs/srv/PackagePickUp.srv\n'}
[0.307136] (as2_msgs) StdoutLine: {'line': b'-- Up-to-date symlink: /home/developer/aerostack2_ws/install/as2_msgs/share/as2_msgs/srv/PackagePickUp_Request.msg\n'}
[0.307229] (as2_msgs) StdoutLine: {'line': b'-- Up-to-date symlink: /home/developer/aerostack2_ws/install/as2_msgs/share/as2_msgs/srv/PackagePickUp_Response.msg\n'}
[0.307254] (as2_msgs) StdoutLine: {'line': b'-- Up-to-date symlink: /home/developer/aerostack2_ws/install/as2_msgs/share/as2_msgs/srv/PackageUnPick.srv\n'}
[0.307295] (as2_msgs) StdoutLine: {'line': b'-- Up-to-date symlink: /home/developer/aerostack2_ws/install/as2_msgs/share/as2_msgs/srv/PackageUnPick_Request.msg\n'}
[0.307319] (as2_msgs) StdoutLine: {'line': b'-- Up-to-date symlink: /home/developer/aerostack2_ws/install/as2_msgs/share/as2_msgs/srv/PackageUnPick_Response.msg\n'}
[0.307366] (as2_msgs) StdoutLine: {'line': b'-- Up-to-date symlink: /home/developer/aerostack2_ws/install/as2_msgs/share/as2_msgs/srv/PathToGeopath.srv\n'}
[0.307389] (as2_msgs) StdoutLine: {'line': b'-- Up-to-date symlink: /home/developer/aerostack2_ws/install/as2_msgs/share/as2_msgs/srv/PathToGeopath_Request.msg\n'}
[0.307425] (as2_msgs) StdoutLine: {'line': b'-- Up-to-date symlink: /home/developer/aerostack2_ws/install/as2_msgs/share/as2_msgs/srv/PathToGeopath_Response.msg\n'}
[0.307463] (as2_msgs) StdoutLine: {'line': b'-- Up-to-date symlink: /home/developer/aerostack2_ws/install/as2_msgs/share/as2_msgs/srv/SetControlMode.srv\n'}
[0.307510] (as2_msgs) StdoutLine: {'line': b'-- Up-to-date symlink: /home/developer/aerostack2_ws/install/as2_msgs/share/as2_msgs/srv/SetControlMode_Request.msg\n'}
[0.307566] (as2_msgs) StdoutLine: {'line': b'-- Up-to-date symlink: /home/developer/aerostack2_ws/install/as2_msgs/share/as2_msgs/srv/SetControlMode_Response.msg\n'}
[0.307622] (as2_msgs) StdoutLine: {'line': b'-- Up-to-date symlink: /home/developer/aerostack2_ws/install/as2_msgs/share/as2_msgs/srv/SetGeozone.srv\n'}
[0.307676] (as2_msgs) StdoutLine: {'line': b'-- Up-to-date symlink: /home/developer/aerostack2_ws/install/as2_msgs/share/as2_msgs/srv/SetGeozone_Request.msg\n'}
[0.307731] (as2_msgs) StdoutLine: {'line': b'-- Up-to-date symlink: /home/developer/aerostack2_ws/install/as2_msgs/share/as2_msgs/srv/SetGeozone_Response.msg\n'}
[0.307787] (as2_msgs) StdoutLine: {'line': b'-- Up-to-date symlink: /home/developer/aerostack2_ws/install/as2_msgs/share/as2_msgs/srv/SetOrigin.srv\n'}
[0.307840] (as2_msgs) StdoutLine: {'line': b'-- Up-to-date symlink: /home/developer/aerostack2_ws/install/as2_msgs/share/as2_msgs/srv/SetOrigin_Request.msg\n'}
[0.307892] (as2_msgs) StdoutLine: {'line': b'-- Up-to-date symlink: /home/developer/aerostack2_ws/install/as2_msgs/share/as2_msgs/srv/SetOrigin_Response.msg\n'}
[0.307948] (as2_msgs) StdoutLine: {'line': b'-- Up-to-date symlink: /home/developer/aerostack2_ws/install/as2_msgs/share/as2_msgs/srv/SetPlatformStateMachineEvent.srv\n'}
[0.308068] (as2_msgs) StdoutLine: {'line': b'-- Up-to-date symlink: /home/developer/aerostack2_ws/install/as2_msgs/share/as2_msgs/srv/SetPlatformStateMachineEvent_Request.msg\n'}
[0.308131] (as2_msgs) StdoutLine: {'line': b'-- Up-to-date symlink: /home/developer/aerostack2_ws/install/as2_msgs/share/as2_msgs/srv/SetPlatformStateMachineEvent_Response.msg\n'}
[0.308166] (as2_msgs) StdoutLine: {'line': b'-- Up-to-date symlink: /home/developer/aerostack2_ws/install/as2_msgs/share/as2_msgs/srv/SetSpeed.srv\n'}
[0.308201] (as2_msgs) StdoutLine: {'line': b'-- Up-to-date symlink: /home/developer/aerostack2_ws/install/as2_msgs/share/as2_msgs/srv/SetSpeed_Request.msg\n'}
[0.308235] (as2_msgs) StdoutLine: {'line': b'-- Up-to-date symlink: /home/developer/aerostack2_ws/install/as2_msgs/share/as2_msgs/srv/SetSpeed_Response.msg\n'}
[0.308283] (as2_msgs) StdoutLine: {'line': b'-- Up-to-date symlink: /home/developer/aerostack2_ws/install/as2_msgs/share/as2_msgs/action/DetectArucoMarkers.action\n'}
[0.308341] (as2_msgs) StdoutLine: {'line': b'-- Up-to-date symlink: /home/developer/aerostack2_ws/install/as2_msgs/share/as2_msgs/action/FollowPath.action\n'}
[0.308397] (as2_msgs) StdoutLine: {'line': b'-- Up-to-date symlink: /home/developer/aerostack2_ws/install/as2_msgs/share/as2_msgs/action/FollowReference.action\n'}
[0.308453] (as2_msgs) StdoutLine: {'line': b'-- Up-to-date symlink: /home/developer/aerostack2_ws/install/as2_msgs/share/as2_msgs/action/ForceEstimation.action\n'}
[0.308531] (as2_msgs) StdoutLine: {'line': b'-- Up-to-date symlink: /home/developer/aerostack2_ws/install/as2_msgs/share/as2_msgs/action/GeneratePolynomialTrajectory.action\n'}
[0.308566] (as2_msgs) StdoutLine: {'line': b'-- Up-to-date symlink: /home/developer/aerostack2_ws/install/as2_msgs/share/as2_msgs/action/GoToWaypoint.action\n'}
[0.308621] (as2_msgs) StdoutLine: {'line': b'-- Up-to-date symlink: /home/developer/aerostack2_ws/install/as2_msgs/share/as2_msgs/action/GripperHandler.action\n'}
[0.308677] (as2_msgs) StdoutLine: {'line': b'-- Up-to-date symlink: /home/developer/aerostack2_ws/install/as2_msgs/share/as2_msgs/action/Land.action\n'}
[0.308733] (as2_msgs) StdoutLine: {'line': b'-- Up-to-date symlink: /home/developer/aerostack2_ws/install/as2_msgs/share/as2_msgs/action/MassEstimation.action\n'}
[0.308788] (as2_msgs) StdoutLine: {'line': b'-- Up-to-date symlink: /home/developer/aerostack2_ws/install/as2_msgs/share/as2_msgs/action/NavigateToPoint.action\n'}
[0.308845] (as2_msgs) StdoutLine: {'line': b'-- Up-to-date symlink: /home/developer/aerostack2_ws/install/as2_msgs/share/as2_msgs/action/PointGimbal.action\n'}
[0.308900] (as2_msgs) StdoutLine: {'line': b'-- Up-to-date symlink: /home/developer/aerostack2_ws/install/as2_msgs/share/as2_msgs/action/PrecisionLanding.action\n'}
[0.308955] (as2_msgs) StdoutLine: {'line': b'-- Up-to-date symlink: /home/developer/aerostack2_ws/install/as2_msgs/share/as2_msgs/action/SetArmingState.action\n'}
[0.309017] (as2_msgs) StdoutLine: {'line': b'-- Up-to-date symlink: /home/developer/aerostack2_ws/install/as2_msgs/share/as2_msgs/action/SetOffboardMode.action\n'}
[0.309072] (as2_msgs) StdoutLine: {'line': b'-- Up-to-date symlink: /home/developer/aerostack2_ws/install/as2_msgs/share/as2_msgs/action/SwarmFlocking.action\n'}
[0.309128] (as2_msgs) StdoutLine: {'line': b'-- Up-to-date symlink: /home/developer/aerostack2_ws/install/as2_msgs/share/as2_msgs/action/Takeoff.action\n'}
[0.309200] (as2_msgs) StdoutLine: {'line': b'-- Up-to-date symlink: /home/developer/aerostack2_ws/install/as2_msgs/share/ament_index/resource_index/package_run_dependencies/as2_msgs\n'}
[0.309287] (as2_msgs) StdoutLine: {'line': b'-- Up-to-date symlink: /home/developer/aerostack2_ws/install/as2_msgs/share/ament_index/resource_index/parent_prefix_path/as2_msgs\n'}
[0.309338] (as2_msgs) StdoutLine: {'line': b'-- Up-to-date symlink: /home/developer/aerostack2_ws/install/as2_msgs/share/as2_msgs/environment/ament_prefix_path.sh\n'}
[0.309391] (as2_msgs) StdoutLine: {'line': b'-- Up-to-date symlink: /home/developer/aerostack2_ws/install/as2_msgs/share/as2_msgs/environment/ament_prefix_path.dsv\n'}
[0.309452] (as2_msgs) StdoutLine: {'line': b'-- Up-to-date symlink: /home/developer/aerostack2_ws/install/as2_msgs/share/as2_msgs/environment/path.sh\n'}
[0.309508] (as2_msgs) StdoutLine: {'line': b'-- Up-to-date symlink: /home/developer/aerostack2_ws/install/as2_msgs/share/as2_msgs/environment/path.dsv\n'}
[0.309564] (as2_msgs) StdoutLine: {'line': b'-- Up-to-date symlink: /home/developer/aerostack2_ws/install/as2_msgs/share/as2_msgs/local_setup.bash\n'}
[0.309620] (as2_msgs) StdoutLine: {'line': b'-- Up-to-date symlink: /home/developer/aerostack2_ws/install/as2_msgs/share/as2_msgs/local_setup.sh\n'}
[0.309673] (as2_msgs) StdoutLine: {'line': b'-- Up-to-date symlink: /home/developer/aerostack2_ws/install/as2_msgs/share/as2_msgs/local_setup.zsh\n'}
[0.309727] (as2_msgs) StdoutLine: {'line': b'-- Up-to-date symlink: /home/developer/aerostack2_ws/install/as2_msgs/share/as2_msgs/local_setup.dsv\n'}
[0.309768] (as2_msgs) StdoutLine: {'line': b'-- Symlinking: /home/developer/aerostack2_ws/install/as2_msgs/share/as2_msgs/package.dsv\n'}
[0.314784] (as2_msgs) StdoutLine: {'line': b'-- Up-to-date symlink: /home/developer/aerostack2_ws/install/as2_msgs/share/ament_index/resource_index/packages/as2_msgs\n'}
[0.314848] (as2_msgs) StdoutLine: {'line': b'-- Up-to-date symlink: /home/developer/aerostack2_ws/install/as2_msgs/share/as2_msgs/cmake/rosidl_cmake-extras.cmake\n'}
[0.314883] (as2_msgs) StdoutLine: {'line': b'-- Up-to-date symlink: /home/developer/aerostack2_ws/install/as2_msgs/share/as2_msgs/cmake/ament_cmake_export_dependencies-extras.cmake\n'}
[0.314907] (as2_msgs) StdoutLine: {'line': b'-- Up-to-date symlink: /home/developer/aerostack2_ws/install/as2_msgs/share/as2_msgs/cmake/ament_cmake_export_include_directories-extras.cmake\n'}
[0.314945] (as2_msgs) StdoutLine: {'line': b'-- Up-to-date symlink: /home/developer/aerostack2_ws/install/as2_msgs/share/as2_msgs/cmake/ament_cmake_export_libraries-extras.cmake\n'}
[0.315071] (as2_msgs) StdoutLine: {'line': b'-- Up-to-date symlink: /home/developer/aerostack2_ws/install/as2_msgs/share/as2_msgs/cmake/ament_cmake_export_targets-extras.cmake\n'}
[0.315136] (as2_msgs) StdoutLine: {'line': b'-- Up-to-date symlink: /home/developer/aerostack2_ws/install/as2_msgs/share/as2_msgs/cmake/rosidl_cmake_export_typesupport_targets-extras.cmake\n'}
[0.315164] (as2_msgs) StdoutLine: {'line': b'-- Up-to-date symlink: /home/developer/aerostack2_ws/install/as2_msgs/share/as2_msgs/cmake/rosidl_cmake_export_typesupport_libraries-extras.cmake\n'}
[0.315200] (as2_msgs) StdoutLine: {'line': b'-- Up-to-date symlink: /home/developer/aerostack2_ws/install/as2_msgs/share/as2_msgs/cmake/as2_msgsConfig.cmake\n'}
[0.315242] (as2_msgs) StdoutLine: {'line': b'-- Up-to-date symlink: /home/developer/aerostack2_ws/install/as2_msgs/share/as2_msgs/cmake/as2_msgsConfig-version.cmake\n'}
[0.315293] (as2_msgs) StdoutLine: {'line': b'-- Up-to-date symlink: /home/developer/aerostack2_ws/install/as2_msgs/share/as2_msgs/package.xml\n'}
[0.315493] (as2_msgs) StdoutLine: {'line': b'-- Up-to-date: /home/developer/aerostack2_ws/install/as2_msgs/lib/libas2_msgs__rosidl_generator_c.so\n'}
[0.315650] (as2_msgs) StdoutLine: {'line': b'-- Up-to-date: /home/developer/aerostack2_ws/install/as2_msgs/lib/libas2_msgs__rosidl_typesupport_fastrtps_c.so\n'}
[0.315822] (as2_msgs) StdoutLine: {'line': b'-- Up-to-date: /home/developer/aerostack2_ws/install/as2_msgs/lib/libas2_msgs__rosidl_typesupport_introspection_c.so\n'}
[0.315886] (as2_msgs) StdoutLine: {'line': b'-- Up-to-date: /home/developer/aerostack2_ws/install/as2_msgs/lib/libas2_msgs__rosidl_typesupport_c.so\n'}
[0.315938] (as2_msgs) StdoutLine: {'line': b'-- Up-to-date: /home/developer/aerostack2_ws/install/as2_msgs/lib/libas2_msgs__rosidl_typesupport_fastrtps_cpp.so\n'}
[0.316161] (as2_msgs) StdoutLine: {'line': b'-- Up-to-date: /home/developer/aerostack2_ws/install/as2_msgs/lib/libas2_msgs__rosidl_typesupport_introspection_cpp.so\n'}
[0.316221] (as2_msgs) StdoutLine: {'line': b'-- Up-to-date: /home/developer/aerostack2_ws/install/as2_msgs/lib/libas2_msgs__rosidl_typesupport_cpp.so\n'}
[0.346194] (as2_msgs) StdoutLine: {'line': b"Listing '/home/developer/aerostack2_ws/install/as2_msgs/local/lib/python3.10/dist-packages/as2_msgs'...\n"}
[0.346300] (as2_msgs) StdoutLine: {'line': b"Listing '/home/developer/aerostack2_ws/install/as2_msgs/local/lib/python3.10/dist-packages/as2_msgs/action'...\n"}
[0.346330] (as2_msgs) StdoutLine: {'line': b"Listing '/home/developer/aerostack2_ws/install/as2_msgs/local/lib/python3.10/dist-packages/as2_msgs/msg'...\n"}
[0.346352] (as2_msgs) StdoutLine: {'line': b"Listing '/home/developer/aerostack2_ws/install/as2_msgs/local/lib/python3.10/dist-packages/as2_msgs/srv'...\n"}
[0.348804] (as2_msgs) StdoutLine: {'line': b'-- Up-to-date: /home/developer/aerostack2_ws/install/as2_msgs/lib/libas2_msgs__rosidl_generator_py.so\n'}
[0.348999] (as2_msgs) StdoutLine: {'line': b'-- Up-to-date: /home/developer/aerostack2_ws/install/as2_msgs/share/as2_msgs/cmake/export_as2_msgs__rosidl_generator_cExport.cmake\n'}
[0.349031] (as2_msgs) StdoutLine: {'line': b'-- Up-to-date: /home/developer/aerostack2_ws/install/as2_msgs/share/as2_msgs/cmake/export_as2_msgs__rosidl_generator_cExport-noconfig.cmake\n'}
[0.349056] (as2_msgs) StdoutLine: {'line': b'-- Up-to-date: /home/developer/aerostack2_ws/install/as2_msgs/share/as2_msgs/cmake/export_as2_msgs__rosidl_typesupport_fastrtps_cExport.cmake\n'}
[0.349081] (as2_msgs) StdoutLine: {'line': b'-- Up-to-date: /home/developer/aerostack2_ws/install/as2_msgs/share/as2_msgs/cmake/export_as2_msgs__rosidl_typesupport_fastrtps_cExport-noconfig.cmake\n'}
[0.349105] (as2_msgs) StdoutLine: {'line': b'-- Up-to-date: /home/developer/aerostack2_ws/install/as2_msgs/share/as2_msgs/cmake/as2_msgs__rosidl_typesupport_introspection_cExport.cmake\n'}
[0.349129] (as2_msgs) StdoutLine: {'line': b'-- Up-to-date: /home/developer/aerostack2_ws/install/as2_msgs/share/as2_msgs/cmake/as2_msgs__rosidl_typesupport_introspection_cExport-noconfig.cmake\n'}
[0.349155] (as2_msgs) StdoutLine: {'line': b'-- Up-to-date: /home/developer/aerostack2_ws/install/as2_msgs/share/as2_msgs/cmake/as2_msgs__rosidl_typesupport_cExport.cmake\n'}
[0.349177] (as2_msgs) StdoutLine: {'line': b'-- Up-to-date: /home/developer/aerostack2_ws/install/as2_msgs/share/as2_msgs/cmake/as2_msgs__rosidl_typesupport_cExport-noconfig.cmake\n'}
[0.349201] (as2_msgs) StdoutLine: {'line': b'-- Up-to-date: /home/developer/aerostack2_ws/install/as2_msgs/share/as2_msgs/cmake/export_as2_msgs__rosidl_generator_cppExport.cmake\n'}
[0.349223] (as2_msgs) StdoutLine: {'line': b'-- Up-to-date: /home/developer/aerostack2_ws/install/as2_msgs/share/as2_msgs/cmake/export_as2_msgs__rosidl_typesupport_fastrtps_cppExport.cmake\n'}
[0.349245] (as2_msgs) StdoutLine: {'line': b'-- Up-to-date: /home/developer/aerostack2_ws/install/as2_msgs/share/as2_msgs/cmake/export_as2_msgs__rosidl_typesupport_fastrtps_cppExport-noconfig.cmake\n'}
[0.349292] (as2_msgs) StdoutLine: {'line': b'-- Up-to-date: /home/developer/aerostack2_ws/install/as2_msgs/share/as2_msgs/cmake/as2_msgs__rosidl_typesupport_introspection_cppExport.cmake\n'}
[0.349336] (as2_msgs) StdoutLine: {'line': b'-- Up-to-date: /home/developer/aerostack2_ws/install/as2_msgs/share/as2_msgs/cmake/as2_msgs__rosidl_typesupport_introspection_cppExport-noconfig.cmake\n'}
[0.349357] (as2_msgs) StdoutLine: {'line': b'-- Up-to-date: /home/developer/aerostack2_ws/install/as2_msgs/share/as2_msgs/cmake/as2_msgs__rosidl_typesupport_cppExport.cmake\n'}
[0.349383] (as2_msgs) StdoutLine: {'line': b'-- Up-to-date: /home/developer/aerostack2_ws/install/as2_msgs/share/as2_msgs/cmake/as2_msgs__rosidl_typesupport_cppExport-noconfig.cmake\n'}
[0.349404] (as2_msgs) StdoutLine: {'line': b'-- Up-to-date: /home/developer/aerostack2_ws/install/as2_msgs/share/as2_msgs/cmake/export_as2_msgs__rosidl_generator_pyExport.cmake\n'}
[0.349429] (as2_msgs) StdoutLine: {'line': b'-- Up-to-date: /home/developer/aerostack2_ws/install/as2_msgs/share/as2_msgs/cmake/export_as2_msgs__rosidl_generator_pyExport-noconfig.cmake\n'}
[0.350898] (as2_msgs) CommandEnded: {'returncode': 0}
[0.366702] (as2_msgs) JobEnded: {'identifier': 'as2_msgs', 'rc': 0}
[0.366898] (as2_core) JobStarted: {'identifier': 'as2_core'}
[0.371216] (as2_core) JobProgress: {'identifier': 'as2_core', 'progress': 'cmake'}
[0.371532] (as2_core) JobProgress: {'identifier': 'as2_core', 'progress': 'build'}
[0.371659] (as2_core) Command: {'cmd': ['/usr/bin/cmake', '--build', '/home/developer/aerostack2_ws/build/as2_core', '--', '-j20', '-l20'], 'cwd': '/home/developer/aerostack2_ws/build/as2_core', 'env': OrderedDict([('HOSTNAME', 'lead-Predator-PHN16-71'), ('SHLVL', '1'), ('LD_LIBRARY_PATH', '/home/developer/aerostack2_ws/install/as2_msgs/lib:/opt/ros/humble/opt/rviz_ogre_vendor/lib:/opt/ros/humble/lib/x86_64-linux-gnu:/opt/ros/humble/lib'), ('HOME', '/home/developer'), ('ROS_PYTHON_VERSION', '3'), ('ROS_DISTRO', 'humble'), ('_', '/usr/bin/colcon'), ('ROS_VERSION', '2'), ('TERM', 'xterm'), ('ROS_LOCALHOST_ONLY', '0'), ('QT_X11_NO_MITSHM', '1'), ('PATH', '/opt/ros/humble/bin:/usr/local/sbin:/usr/local/bin:/usr/sbin:/usr/bin:/sbin:/bin'), ('DISPLAY', ':1'), ('LANG', 'C.UTF-8'), ('LS_COLORS', 'rs=0:di=01;34:ln=01;36:mh=00:pi=40;33:so=01;35:do=01;35:bd=40;33;01:cd=40;33;01:or=40;31;01:mi=00:su=37;41:sg=30;43:ca=30;41:tw=30;42:ow=34;42:st=37;44:ex=01;32:*.tar=01;31:*.tgz=01;31:*.arc=01;31:*.arj=01;31:*.taz=01;31:*.lha=01;31:*.lz4=01;31:*.lzh=01;31:*.lzma=01;31:*.tlz=01;31:*.txz=01;31:*.tzo=01;31:*.t7z=01;31:*.zip=01;31:*.z=01;31:*.dz=01;31:*.gz=01;31:*.lrz=01;31:*.lz=01;31:*.lzo=01;31:*.xz=01;31:*.zst=01;31:*.tzst=01;31:*.bz2=01;31:*.bz=01;31:*.tbz=01;31:*.tbz2=01;31:*.tz=01;31:*.deb=01;31:*.rpm=01;31:*.jar=01;31:*.war=01;31:*.ear=01;31:*.sar=01;31:*.rar=01;31:*.alz=01;31:*.ace=01;31:*.zoo=01;31:*.cpio=01;31:*.7z=01;31:*.rz=01;31:*.cab=01;31:*.wim=01;31:*.swm=01;31:*.dwm=01;31:*.esd=01;31:*.jpg=01;35:*.jpeg=01;35:*.mjpg=01;35:*.mjpeg=01;35:*.gif=01;35:*.bmp=01;35:*.pbm=01;35:*.pgm=01;35:*.ppm=01;35:*.tga=01;35:*.xbm=01;35:*.xpm=01;35:*.tif=01;35:*.tiff=01;35:*.png=01;35:*.svg=01;35:*.svgz=01;35:*.mng=01;35:*.pcx=01;35:*.mov=01;35:*.mpg=01;35:*.mpeg=01;35:*.m2v=01;35:*.mkv=01;35:*.webm=01;35:*.webp=01;35:*.ogm=01;35:*.mp4=01;35:*.m4v=01;35:*.mp4v=01;35:*.vob=01;35:*.qt=01;35:*.nuv=01;35:*.wmv=01;35:*.asf=01;35:*.rm=01;35:*.rmvb=01;35:*.flc=01;35:*.avi=01;35:*.fli=01;35:*.flv=01;35:*.gl=01;35:*.dl=01;35:*.xcf=01;35:*.xwd=01;35:*.yuv=01;35:*.cgm=01;35:*.emf=01;35:*.ogv=01;35:*.ogx=01;35:*.aac=00;36:*.au=00;36:*.flac=00;36:*.m4a=00;36:*.mid=00;36:*.midi=00;36:*.mka=00;36:*.mp3=00;36:*.mpc=00;36:*.ogg=00;36:*.ra=00;36:*.wav=00;36:*.oga=00;36:*.opus=00;36:*.spx=00;36:*.xspf=00;36:'), ('AMENT_PREFIX_PATH', '/home/developer/aerostack2_ws/install/as2_msgs:/opt/ros/humble'), ('GZ_VERSION', 'harmonic'), ('PWD', '/home/developer/aerostack2_ws/build/as2_core'), ('LC_ALL', 'C.UTF-8'), ('PYTHONPATH', '/home/developer/aerostack2_ws/install/as2_msgs/local/lib/python3.10/dist-packages:/opt/ros/humble/lib/python3.10/site-packages:/opt/ros/humble/local/lib/python3.10/dist-packages'), ('COLCON', '1'), ('CMAKE_PREFIX_PATH', '/home/developer/aerostack2_ws/install/as2_msgs:/opt/ros/humble')]), 'shell': False}
[0.400332] (-) TimerEvent: {}
[0.405009] (as2_core) StdoutLine: {'line': b'\x1b[35m\x1b[1mConsolidate compiler generated dependencies of target gtest\x1b[0m\n'}
[0.406573] (as2_core) StdoutLine: {'line': b'\x1b[35m\x1b[1mConsolidate compiler generated dependencies of target as2_names\x1b[0m\n'}
[0.407036] (as2_core) StdoutLine: {'line': b'\x1b[35m\x1b[1mConsolidate compiler generated dependencies of target gtest_main\x1b[0m\n'}
[0.412680] (as2_core) StdoutLine: {'line': b'\x1b[35m\x1b[1mConsolidate compiler generated dependencies of target as2_core\x1b[0m\n'}
[0.412767] (as2_core) StdoutLine: {'line': b'[  6%] Built target gtest\n'}
[0.417745] (as2_core) StdoutLine: {'line': b'[ 12%] Built target gtest_main\n'}
[0.419216] (as2_core) StdoutLine: {'line': b'[ 12%] Built target ament_cmake_python_symlink_as2_core\n'}
[0.421217] (as2_core) StdoutLine: {'line': b'[ 19%] Built target as2_names\n'}
[0.441312] (as2_core) StdoutLine: {'line': b'[ 58%] Built target as2_core\n'}
[0.452911] (as2_core) StdoutLine: {'line': b'\x1b[35m\x1b[1mConsolidate compiler generated dependencies of target mocks\x1b[0m\n'}
[0.453317] (as2_core) StdoutLine: {'line': b'\x1b[35m\x1b[1mConsolidate compiler generated dependencies of target tf_utils_gtest\x1b[0m\n'}
[0.454283] (as2_core) StdoutLine: {'line': b'\x1b[35m\x1b[1mConsolidate compiler generated dependencies of target sensor_test\x1b[0m\n'}
[0.455712] (as2_core) StdoutLine: {'line': b'\x1b[35m\x1b[1mConsolidate compiler generated dependencies of target frame_test\x1b[0m\n'}
[0.455793] (as2_core) StdoutLine: {'line': b'\x1b[35m\x1b[1mConsolidate compiler generated dependencies of target platform_state_machine_test\x1b[0m\n'}
[0.455822] (as2_core) StdoutLine: {'line': b'\x1b[35m\x1b[1mConsolidate compiler generated dependencies of target tf2_namespace_test\x1b[0m\n'}
[0.465387] (as2_core) StdoutLine: {'line': b'[ 64%] Built target sensor_test\n'}
[0.466375] (as2_core) StdoutLine: {'line': b'[ 70%] Built target tf2_namespace_test\n'}
[0.466680] (as2_core) StdoutLine: {'line': b'[ 80%] Built target mocks\n'}
[0.468140] (as2_core) StdoutLine: {'line': b'[ 87%] Built target tf_utils_gtest\n'}
[0.470425] (as2_core) StdoutLine: {'line': b'[ 93%] Built target platform_state_machine_test\n'}
[0.472110] (as2_core) StdoutLine: {'line': b'[100%] Built target frame_test\n'}
[0.500532] (-) TimerEvent: {}
[0.539710] (as2_core) StdoutLine: {'line': b'running egg_info\n'}
[0.539973] (as2_core) StdoutLine: {'line': b'writing as2_core.egg-info/PKG-INFO\n'}
[0.540661] (as2_core) StdoutLine: {'line': b'writing dependency_links to as2_core.egg-info/dependency_links.txt\n'}
[0.540696] (as2_core) StdoutLine: {'line': b'writing top-level names to as2_core.egg-info/top_level.txt\n'}
[0.541184] (as2_core) StdoutLine: {'line': b"reading manifest file 'as2_core.egg-info/SOURCES.txt'\n"}
[0.541448] (as2_core) StdoutLine: {'line': b"writing manifest file 'as2_core.egg-info/SOURCES.txt'\n"}
[0.558398] (as2_core) StdoutLine: {'line': b'[100%] Built target ament_cmake_python_build_as2_core_egg\n'}
[0.567181] (as2_core) CommandEnded: {'returncode': 0}
[0.567615] (as2_core) JobProgress: {'identifier': 'as2_core', 'progress': 'install'}
[0.567858] (as2_core) Command: {'cmd': ['/usr/bin/cmake', '--install', '/home/developer/aerostack2_ws/build/as2_core'], 'cwd': '/home/developer/aerostack2_ws/build/as2_core', 'env': OrderedDict([('HOSTNAME', 'lead-Predator-PHN16-71'), ('SHLVL', '1'), ('LD_LIBRARY_PATH', '/home/developer/aerostack2_ws/install/as2_msgs/lib:/opt/ros/humble/opt/rviz_ogre_vendor/lib:/opt/ros/humble/lib/x86_64-linux-gnu:/opt/ros/humble/lib'), ('HOME', '/home/developer'), ('ROS_PYTHON_VERSION', '3'), ('ROS_DISTRO', 'humble'), ('_', '/usr/bin/colcon'), ('ROS_VERSION', '2'), ('TERM', 'xterm'), ('ROS_LOCALHOST_ONLY', '0'), ('QT_X11_NO_MITSHM', '1'), ('PATH', '/opt/ros/humble/bin:/usr/local/sbin:/usr/local/bin:/usr/sbin:/usr/bin:/sbin:/bin'), ('DISPLAY', ':1'), ('LANG', 'C.UTF-8'), ('LS_COLORS', 'rs=0:di=01;34:ln=01;36:mh=00:pi=40;33:so=01;35:do=01;35:bd=40;33;01:cd=40;33;01:or=40;31;01:mi=00:su=37;41:sg=30;43:ca=30;41:tw=30;42:ow=34;42:st=37;44:ex=01;32:*.tar=01;31:*.tgz=01;31:*.arc=01;31:*.arj=01;31:*.taz=01;31:*.lha=01;31:*.lz4=01;31:*.lzh=01;31:*.lzma=01;31:*.tlz=01;31:*.txz=01;31:*.tzo=01;31:*.t7z=01;31:*.zip=01;31:*.z=01;31:*.dz=01;31:*.gz=01;31:*.lrz=01;31:*.lz=01;31:*.lzo=01;31:*.xz=01;31:*.zst=01;31:*.tzst=01;31:*.bz2=01;31:*.bz=01;31:*.tbz=01;31:*.tbz2=01;31:*.tz=01;31:*.deb=01;31:*.rpm=01;31:*.jar=01;31:*.war=01;31:*.ear=01;31:*.sar=01;31:*.rar=01;31:*.alz=01;31:*.ace=01;31:*.zoo=01;31:*.cpio=01;31:*.7z=01;31:*.rz=01;31:*.cab=01;31:*.wim=01;31:*.swm=01;31:*.dwm=01;31:*.esd=01;31:*.jpg=01;35:*.jpeg=01;35:*.mjpg=01;35:*.mjpeg=01;35:*.gif=01;35:*.bmp=01;35:*.pbm=01;35:*.pgm=01;35:*.ppm=01;35:*.tga=01;35:*.xbm=01;35:*.xpm=01;35:*.tif=01;35:*.tiff=01;35:*.png=01;35:*.svg=01;35:*.svgz=01;35:*.mng=01;35:*.pcx=01;35:*.mov=01;35:*.mpg=01;35:*.mpeg=01;35:*.m2v=01;35:*.mkv=01;35:*.webm=01;35:*.webp=01;35:*.ogm=01;35:*.mp4=01;35:*.m4v=01;35:*.mp4v=01;35:*.vob=01;35:*.qt=01;35:*.nuv=01;35:*.wmv=01;35:*.asf=01;35:*.rm=01;35:*.rmvb=01;35:*.flc=01;35:*.avi=01;35:*.fli=01;35:*.flv=01;35:*.gl=01;35:*.dl=01;35:*.xcf=01;35:*.xwd=01;35:*.yuv=01;35:*.cgm=01;35:*.emf=01;35:*.ogv=01;35:*.ogx=01;35:*.aac=00;36:*.au=00;36:*.flac=00;36:*.m4a=00;36:*.mid=00;36:*.midi=00;36:*.mka=00;36:*.mp3=00;36:*.mpc=00;36:*.ogg=00;36:*.ra=00;36:*.wav=00;36:*.oga=00;36:*.opus=00;36:*.spx=00;36:*.xspf=00;36:'), ('AMENT_PREFIX_PATH', '/home/developer/aerostack2_ws/install/as2_msgs:/opt/ros/humble'), ('GZ_VERSION', 'harmonic'), ('PWD', '/home/developer/aerostack2_ws/build/as2_core'), ('LC_ALL', 'C.UTF-8'), ('PYTHONPATH', '/home/developer/aerostack2_ws/install/as2_msgs/local/lib/python3.10/dist-packages:/opt/ros/humble/lib/python3.10/site-packages:/opt/ros/humble/local/lib/python3.10/dist-packages'), ('COLCON', '1'), ('CMAKE_PREFIX_PATH', '/home/developer/aerostack2_ws/install/as2_msgs:/opt/ros/humble')]), 'shell': False}
[0.572924] (as2_core) StdoutLine: {'line': b'-- Install configuration: "Release"\n'}
[0.573249] (as2_core) StdoutLine: {'line': b'-- Execute custom install script\n'}
[0.573330] (as2_core) StdoutLine: {'line': b'-- Up-to-date symlink: /home/developer/aerostack2_ws/install/as2_core/share/as2_core/environment/pythonpath.sh\n'}
[0.573367] (as2_core) StdoutLine: {'line': b'-- Up-to-date symlink: /home/developer/aerostack2_ws/install/as2_core/share/as2_core/environment/pythonpath.dsv\n'}
[0.573503] (as2_core) StdoutLine: {'line': b'-- Up-to-date symlink: /home/developer/aerostack2_ws/install/as2_core/local/lib/python3.10/dist-packages/as2_core-1.1.3-py3.10.egg-info/PKG-INFO\n'}
[0.573570] (as2_core) StdoutLine: {'line': b'-- Up-to-date symlink: /home/developer/aerostack2_ws/install/as2_core/local/lib/python3.10/dist-packages/as2_core-1.1.3-py3.10.egg-info/SOURCES.txt\n'}
[0.573593] (as2_core) StdoutLine: {'line': b'-- Up-to-date symlink: /home/developer/aerostack2_ws/install/as2_core/local/lib/python3.10/dist-packages/as2_core-1.1.3-py3.10.egg-info/dependency_links.txt\n'}
[0.573657] (as2_core) StdoutLine: {'line': b'-- Up-to-date symlink: /home/developer/aerostack2_ws/install/as2_core/local/lib/python3.10/dist-packages/as2_core-1.1.3-py3.10.egg-info/top_level.txt\n'}
[0.573809] (as2_core) StdoutLine: {'line': b'-- Up-to-date symlink: /home/developer/aerostack2_ws/install/as2_core/local/lib/python3.10/dist-packages/as2_core/__init__.py\n'}
[0.573859] (as2_core) StdoutLine: {'line': b'-- Up-to-date symlink: /home/developer/aerostack2_ws/install/as2_core/local/lib/python3.10/dist-packages/as2_core/declare_launch_arguments_from_config_file.py\n'}
[0.573901] (as2_core) StdoutLine: {'line': b'-- Up-to-date symlink: /home/developer/aerostack2_ws/install/as2_core/local/lib/python3.10/dist-packages/as2_core/launch_configuration_from_config_file.py\n'}
[0.573944] (as2_core) StdoutLine: {'line': b'-- Up-to-date symlink: /home/developer/aerostack2_ws/install/as2_core/local/lib/python3.10/dist-packages/as2_core/launch_param_utils.py\n'}
[0.573986] (as2_core) StdoutLine: {'line': b'-- Up-to-date symlink: /home/developer/aerostack2_ws/install/as2_core/local/lib/python3.10/dist-packages/as2_core/launch_plugin_utils.py\n'}
[0.574097] (as2_core) StdoutLine: {'line': b'-- Up-to-date symlink: /home/developer/aerostack2_ws/install/as2_core/share/as2_core/environment/library_path.sh\n'}
[0.574133] (as2_core) StdoutLine: {'line': b'-- Up-to-date symlink: /home/developer/aerostack2_ws/install/as2_core/share/as2_core/environment/library_path.dsv\n'}
[0.574237] (as2_core) StdoutLine: {'line': b'-- Up-to-date symlink: /home/developer/aerostack2_ws/install/as2_core/local/lib/python3.10/dist-packages/as2_core/as2_names.cpython-310-x86_64-linux-gnu.so\n'}
[0.574486] (as2_core) StdoutLine: {'line': b'-- Up-to-date symlink: /home/developer/aerostack2_ws/install/as2_core/include/as2_core/aerial_platform.hpp\n'}
[0.574530] (as2_core) StdoutLine: {'line': b'-- Up-to-date symlink: /home/developer/aerostack2_ws/install/as2_core/include/as2_core/as2_basic_behavior.hpp\n'}
[0.574575] (as2_core) StdoutLine: {'line': b'-- Up-to-date symlink: /home/developer/aerostack2_ws/install/as2_core/include/as2_core/core_functions.hpp\n'}
[0.574618] (as2_core) StdoutLine: {'line': b'-- Up-to-date symlink: /home/developer/aerostack2_ws/install/as2_core/include/as2_core/custom/cv_bridge.hpp\n'}
[0.574658] (as2_core) StdoutLine: {'line': b'-- Up-to-date symlink: /home/developer/aerostack2_ws/install/as2_core/include/as2_core/custom/cv_bridge.hpp.in\n'}
[0.574700] (as2_core) StdoutLine: {'line': b'-- Up-to-date symlink: /home/developer/aerostack2_ws/install/as2_core/include/as2_core/custom/tf2_geometry_msgs.hpp\n'}
[0.574741] (as2_core) StdoutLine: {'line': b'-- Up-to-date symlink: /home/developer/aerostack2_ws/install/as2_core/include/as2_core/custom/tf2_geometry_msgs.hpp.in\n'}
[0.574783] (as2_core) StdoutLine: {'line': b'-- Up-to-date symlink: /home/developer/aerostack2_ws/install/as2_core/include/as2_core/names/actions.hpp\n'}
[0.574826] (as2_core) StdoutLine: {'line': b'-- Up-to-date symlink: /home/developer/aerostack2_ws/install/as2_core/include/as2_core/names/services.hpp\n'}
[0.574867] (as2_core) StdoutLine: {'line': b'-- Up-to-date symlink: /home/developer/aerostack2_ws/install/as2_core/include/as2_core/names/topics.hpp\n'}
[0.574907] (as2_core) StdoutLine: {'line': b'-- Up-to-date symlink: /home/developer/aerostack2_ws/install/as2_core/include/as2_core/node.hpp\n'}
[0.574948] (as2_core) StdoutLine: {'line': b'-- Up-to-date symlink: /home/developer/aerostack2_ws/install/as2_core/include/as2_core/platform_state_machine.hpp\n'}
[0.574988] (as2_core) StdoutLine: {'line': b'-- Up-to-date symlink: /home/developer/aerostack2_ws/install/as2_core/include/as2_core/rate.hpp\n'}
[0.575033] (as2_core) StdoutLine: {'line': b'-- Up-to-date symlink: /home/developer/aerostack2_ws/install/as2_core/include/as2_core/sensor.hpp\n'}
[0.575072] (as2_core) StdoutLine: {'line': b'-- Up-to-date symlink: /home/developer/aerostack2_ws/install/as2_core/include/as2_core/synchronous_service_client.hpp\n'}
[0.575113] (as2_core) StdoutLine: {'line': b'-- Up-to-date symlink: /home/developer/aerostack2_ws/install/as2_core/include/as2_core/utils/control_mode_utils.hpp\n'}
[0.575159] (as2_core) StdoutLine: {'line': b'-- Up-to-date symlink: /home/developer/aerostack2_ws/install/as2_core/include/as2_core/utils/frame_utils.hpp\n'}
[0.575200] (as2_core) StdoutLine: {'line': b'-- Up-to-date symlink: /home/developer/aerostack2_ws/install/as2_core/include/as2_core/utils/gps_utils.hpp\n'}
[0.575241] (as2_core) StdoutLine: {'line': b'-- Up-to-date symlink: /home/developer/aerostack2_ws/install/as2_core/include/as2_core/utils/tf_utils.hpp\n'}
[0.575282] (as2_core) StdoutLine: {'line': b'-- Up-to-date symlink: /home/developer/aerostack2_ws/install/as2_core/include/as2_core/utils/yaml_utils.hpp\n'}
[0.575363] (as2_core) StdoutLine: {'line': b'-- Up-to-date symlink: /home/developer/aerostack2_ws/install/as2_core/share/ament_index/resource_index/package_run_dependencies/as2_core\n'}
[0.575424] (as2_core) StdoutLine: {'line': b'-- Up-to-date symlink: /home/developer/aerostack2_ws/install/as2_core/share/ament_index/resource_index/parent_prefix_path/as2_core\n'}
[0.575490] (as2_core) StdoutLine: {'line': b'-- Up-to-date symlink: /home/developer/aerostack2_ws/install/as2_core/share/as2_core/environment/ament_prefix_path.sh\n'}
[0.575547] (as2_core) StdoutLine: {'line': b'-- Up-to-date symlink: /home/developer/aerostack2_ws/install/as2_core/share/as2_core/environment/ament_prefix_path.dsv\n'}
[0.575608] (as2_core) StdoutLine: {'line': b'-- Up-to-date symlink: /home/developer/aerostack2_ws/install/as2_core/share/as2_core/environment/path.sh\n'}
[0.575665] (as2_core) StdoutLine: {'line': b'-- Up-to-date symlink: /home/developer/aerostack2_ws/install/as2_core/share/as2_core/environment/path.dsv\n'}
[0.575721] (as2_core) StdoutLine: {'line': b'-- Up-to-date symlink: /home/developer/aerostack2_ws/install/as2_core/share/as2_core/local_setup.bash\n'}
[0.575776] (as2_core) StdoutLine: {'line': b'-- Up-to-date symlink: /home/developer/aerostack2_ws/install/as2_core/share/as2_core/local_setup.sh\n'}
[0.575832] (as2_core) StdoutLine: {'line': b'-- Up-to-date symlink: /home/developer/aerostack2_ws/install/as2_core/share/as2_core/local_setup.zsh\n'}
[0.575884] (as2_core) StdoutLine: {'line': b'-- Up-to-date symlink: /home/developer/aerostack2_ws/install/as2_core/share/as2_core/local_setup.dsv\n'}
[0.575923] (as2_core) StdoutLine: {'line': b'-- Symlinking: /home/developer/aerostack2_ws/install/as2_core/share/as2_core/package.dsv\n'}
[0.581398] (as2_core) StdoutLine: {'line': b'-- Up-to-date symlink: /home/developer/aerostack2_ws/install/as2_core/share/ament_index/resource_index/packages/as2_core\n'}
[0.581460] (as2_core) StdoutLine: {'line': b'-- Up-to-date symlink: /home/developer/aerostack2_ws/install/as2_core/share/as2_core/cmake/yaml-cpp-extras.cmake\n'}
[0.581495] (as2_core) StdoutLine: {'line': b'-- Up-to-date symlink: /home/developer/aerostack2_ws/install/as2_core/share/as2_core/cmake/GeographicLib-extras.cmake\n'}
[0.581547] (as2_core) StdoutLine: {'line': b'-- Up-to-date symlink: /home/developer/aerostack2_ws/install/as2_core/share/as2_core/cmake/ament_cmake_export_targets-extras.cmake\n'}
[0.581606] (as2_core) StdoutLine: {'line': b'-- Up-to-date symlink: /home/developer/aerostack2_ws/install/as2_core/share/as2_core/cmake/ament_cmake_export_dependencies-extras.cmake\n'}
[0.581664] (as2_core) StdoutLine: {'line': b'-- Up-to-date symlink: /home/developer/aerostack2_ws/install/as2_core/share/as2_core/cmake/ament_cmake_export_include_directories-extras.cmake\n'}
[0.581723] (as2_core) StdoutLine: {'line': b'-- Up-to-date symlink: /home/developer/aerostack2_ws/install/as2_core/share/as2_core/cmake/ament_cmake_export_libraries-extras.cmake\n'}
[0.581783] (as2_core) StdoutLine: {'line': b'-- Up-to-date symlink: /home/developer/aerostack2_ws/install/as2_core/share/as2_core/cmake/as2_coreConfig.cmake\n'}
[0.581824] (as2_core) StdoutLine: {'line': b'-- Up-to-date symlink: /home/developer/aerostack2_ws/install/as2_core/share/as2_core/cmake/as2_coreConfig-version.cmake\n'}
[0.581882] (as2_core) StdoutLine: {'line': b'-- Up-to-date symlink: /home/developer/aerostack2_ws/install/as2_core/share/as2_core/package.xml\n'}
[0.600712] (-) TimerEvent: {}
[0.601076] (as2_core) StdoutLine: {'line': b"Listing '/home/developer/aerostack2_ws/install/as2_core/local/lib/python3.10/dist-packages/as2_core'...\n"}
[0.603579] (as2_core) StdoutLine: {'line': b'-- Up-to-date: /home/developer/aerostack2_ws/install/as2_core/include/as2_core/mocks/\n'}
[0.603693] (as2_core) StdoutLine: {'line': b'-- Up-to-date: /home/developer/aerostack2_ws/install/as2_core/include/as2_core/mocks//aerial_platform\n'}
[0.603755] (as2_core) StdoutLine: {'line': b'-- Up-to-date: /home/developer/aerostack2_ws/install/as2_core/include/as2_core/mocks//aerial_platform/mock_aerial_platform.hpp\n'}
[0.603812] (as2_core) StdoutLine: {'line': b'-- Up-to-date: /home/developer/aerostack2_ws/install/as2_core/include/as2_core/mocks//executor_thread_util\n'}
[0.603867] (as2_core) StdoutLine: {'line': b'-- Up-to-date: /home/developer/aerostack2_ws/install/as2_core/include/as2_core/mocks//executor_thread_util/executor_thread_util.hpp\n'}
[0.603921] (as2_core) StdoutLine: {'line': b'-- Up-to-date: /home/developer/aerostack2_ws/install/as2_core/lib/libas2_core.a\n'}
[0.603974] (as2_core) StdoutLine: {'line': b'-- Up-to-date: /home/developer/aerostack2_ws/install/as2_core/lib/libmocks.so\n'}
[0.604054] (as2_core) StdoutLine: {'line': b'-- Up-to-date: /home/developer/aerostack2_ws/install/as2_core/share/as2_core/cmake/export_as2_coreExport.cmake\n'}
[0.604107] (as2_core) StdoutLine: {'line': b'-- Up-to-date: /home/developer/aerostack2_ws/install/as2_core/share/as2_core/cmake/export_as2_coreExport-release.cmake\n'}
[0.605343] (as2_core) CommandEnded: {'returncode': 0}
[0.613945] (as2_core) JobEnded: {'identifier': 'as2_core', 'rc': 0}
[0.614434] (as2_behavior) JobStarted: {'identifier': 'as2_behavior'}
[0.615711] (as2_motion_reference_handlers) JobStarted: {'identifier': 'as2_motion_reference_handlers'}
[0.617377] (as2_gazebo_assets) JobStarted: {'identifier': 'as2_gazebo_assets'}
[0.620249] (as2_alphanumeric_viewer) JobStarted: {'identifier': 'as2_alphanumeric_viewer'}
[0.623510] (as2_behavior_tree) JobStarted: {'identifier': 'as2_behavior_tree'}
[0.626814] (as2_external_object_to_tf) JobStarted: {'identifier': 'as2_external_object_to_tf'}
[0.629945] (as2_geozones) JobStarted: {'identifier': 'as2_geozones'}
[0.633065] (as2_map_server) JobStarted: {'identifier': 'as2_map_server'}
[0.636059] (as2_platform_multirotor_simulator) JobStarted: {'identifier': 'as2_platform_multirotor_simulator'}
[0.639305] (as2_realsense_interface) JobStarted: {'identifier': 'as2_realsense_interface'}
[0.642373] (as2_state_estimator) JobStarted: {'identifier': 'as2_state_estimator'}
[0.645380] (as2_usb_camera_interface) JobStarted: {'identifier': 'as2_usb_camera_interface'}
[0.649291] (as2_behavior) JobProgress: {'identifier': 'as2_behavior', 'progress': 'cmake'}
[0.649772] (as2_behavior) JobProgress: {'identifier': 'as2_behavior', 'progress': 'build'}
[0.649907] (as2_behavior) Command: {'cmd': ['/usr/bin/cmake', '--build', '/home/developer/aerostack2_ws/build/as2_behavior', '--', '-j20', '-l20'], 'cwd': '/home/developer/aerostack2_ws/build/as2_behavior', 'env': OrderedDict([('HOSTNAME', 'lead-Predator-PHN16-71'), ('SHLVL', '1'), ('LD_LIBRARY_PATH', '/home/developer/aerostack2_ws/install/as2_core/lib:/home/developer/aerostack2_ws/install/as2_msgs/lib:/opt/ros/humble/opt/rviz_ogre_vendor/lib:/opt/ros/humble/lib/x86_64-linux-gnu:/opt/ros/humble/lib'), ('HOME', '/home/developer'), ('ROS_PYTHON_VERSION', '3'), ('ROS_DISTRO', 'humble'), ('_', '/usr/bin/colcon'), ('ROS_VERSION', '2'), ('TERM', 'xterm'), ('ROS_LOCALHOST_ONLY', '0'), ('QT_X11_NO_MITSHM', '1'), ('PATH', '/opt/ros/humble/bin:/usr/local/sbin:/usr/local/bin:/usr/sbin:/usr/bin:/sbin:/bin'), ('DISPLAY', ':1'), ('LANG', 'C.UTF-8'), ('LS_COLORS', 'rs=0:di=01;34:ln=01;36:mh=00:pi=40;33:so=01;35:do=01;35:bd=40;33;01:cd=40;33;01:or=40;31;01:mi=00:su=37;41:sg=30;43:ca=30;41:tw=30;42:ow=34;42:st=37;44:ex=01;32:*.tar=01;31:*.tgz=01;31:*.arc=01;31:*.arj=01;31:*.taz=01;31:*.lha=01;31:*.lz4=01;31:*.lzh=01;31:*.lzma=01;31:*.tlz=01;31:*.txz=01;31:*.tzo=01;31:*.t7z=01;31:*.zip=01;31:*.z=01;31:*.dz=01;31:*.gz=01;31:*.lrz=01;31:*.lz=01;31:*.lzo=01;31:*.xz=01;31:*.zst=01;31:*.tzst=01;31:*.bz2=01;31:*.bz=01;31:*.tbz=01;31:*.tbz2=01;31:*.tz=01;31:*.deb=01;31:*.rpm=01;31:*.jar=01;31:*.war=01;31:*.ear=01;31:*.sar=01;31:*.rar=01;31:*.alz=01;31:*.ace=01;31:*.zoo=01;31:*.cpio=01;31:*.7z=01;31:*.rz=01;31:*.cab=01;31:*.wim=01;31:*.swm=01;31:*.dwm=01;31:*.esd=01;31:*.jpg=01;35:*.jpeg=01;35:*.mjpg=01;35:*.mjpeg=01;35:*.gif=01;35:*.bmp=01;35:*.pbm=01;35:*.pgm=01;35:*.ppm=01;35:*.tga=01;35:*.xbm=01;35:*.xpm=01;35:*.tif=01;35:*.tiff=01;35:*.png=01;35:*.svg=01;35:*.svgz=01;35:*.mng=01;35:*.pcx=01;35:*.mov=01;35:*.mpg=01;35:*.mpeg=01;35:*.m2v=01;35:*.mkv=01;35:*.webm=01;35:*.webp=01;35:*.ogm=01;35:*.mp4=01;35:*.m4v=01;35:*.mp4v=01;35:*.vob=01;35:*.qt=01;35:*.nuv=01;35:*.wmv=01;35:*.asf=01;35:*.rm=01;35:*.rmvb=01;35:*.flc=01;35:*.avi=01;35:*.fli=01;35:*.flv=01;35:*.gl=01;35:*.dl=01;35:*.xcf=01;35:*.xwd=01;35:*.yuv=01;35:*.cgm=01;35:*.emf=01;35:*.ogv=01;35:*.ogx=01;35:*.aac=00;36:*.au=00;36:*.flac=00;36:*.m4a=00;36:*.mid=00;36:*.midi=00;36:*.mka=00;36:*.mp3=00;36:*.mpc=00;36:*.ogg=00;36:*.ra=00;36:*.wav=00;36:*.oga=00;36:*.opus=00;36:*.spx=00;36:*.xspf=00;36:'), ('AMENT_PREFIX_PATH', '/home/developer/aerostack2_ws/install/as2_core:/home/developer/aerostack2_ws/install/as2_msgs:/opt/ros/humble'), ('GZ_VERSION', 'harmonic'), ('PWD', '/home/developer/aerostack2_ws/build/as2_behavior'), ('LC_ALL', 'C.UTF-8'), ('PYTHONPATH', '/home/developer/aerostack2_ws/install/as2_core/local/lib/python3.10/dist-packages:/home/developer/aerostack2_ws/install/as2_msgs/local/lib/python3.10/dist-packages:/opt/ros/humble/lib/python3.10/site-packages:/opt/ros/humble/local/lib/python3.10/dist-packages'), ('COLCON', '1'), ('CMAKE_PREFIX_PATH', '/home/developer/aerostack2_ws/install/as2_core:/home/developer/aerostack2_ws/install/as2_msgs:/opt/ros/humble')]), 'shell': False}
[0.650576] (as2_motion_reference_handlers) JobProgress: {'identifier': 'as2_motion_reference_handlers', 'progress': 'cmake'}
[0.650832] (as2_motion_reference_handlers) JobProgress: {'identifier': 'as2_motion_reference_handlers', 'progress': 'build'}
[0.651024] (as2_motion_reference_handlers) Command: {'cmd': ['/usr/bin/cmake', '--build', '/home/developer/aerostack2_ws/build/as2_motion_reference_handlers', '--', '-j20', '-l20'], 'cwd': '/home/developer/aerostack2_ws/build/as2_motion_reference_handlers', 'env': OrderedDict([('HOSTNAME', 'lead-Predator-PHN16-71'), ('SHLVL', '1'), ('LD_LIBRARY_PATH', '/home/developer/aerostack2_ws/install/as2_core/lib:/home/developer/aerostack2_ws/install/as2_msgs/lib:/opt/ros/humble/opt/rviz_ogre_vendor/lib:/opt/ros/humble/lib/x86_64-linux-gnu:/opt/ros/humble/lib'), ('HOME', '/home/developer'), ('ROS_PYTHON_VERSION', '3'), ('ROS_DISTRO', 'humble'), ('_', '/usr/bin/colcon'), ('ROS_VERSION', '2'), ('TERM', 'xterm'), ('ROS_LOCALHOST_ONLY', '0'), ('QT_X11_NO_MITSHM', '1'), ('PATH', '/opt/ros/humble/bin:/usr/local/sbin:/usr/local/bin:/usr/sbin:/usr/bin:/sbin:/bin'), ('DISPLAY', ':1'), ('LANG', 'C.UTF-8'), ('LS_COLORS', 'rs=0:di=01;34:ln=01;36:mh=00:pi=40;33:so=01;35:do=01;35:bd=40;33;01:cd=40;33;01:or=40;31;01:mi=00:su=37;41:sg=30;43:ca=30;41:tw=30;42:ow=34;42:st=37;44:ex=01;32:*.tar=01;31:*.tgz=01;31:*.arc=01;31:*.arj=01;31:*.taz=01;31:*.lha=01;31:*.lz4=01;31:*.lzh=01;31:*.lzma=01;31:*.tlz=01;31:*.txz=01;31:*.tzo=01;31:*.t7z=01;31:*.zip=01;31:*.z=01;31:*.dz=01;31:*.gz=01;31:*.lrz=01;31:*.lz=01;31:*.lzo=01;31:*.xz=01;31:*.zst=01;31:*.tzst=01;31:*.bz2=01;31:*.bz=01;31:*.tbz=01;31:*.tbz2=01;31:*.tz=01;31:*.deb=01;31:*.rpm=01;31:*.jar=01;31:*.war=01;31:*.ear=01;31:*.sar=01;31:*.rar=01;31:*.alz=01;31:*.ace=01;31:*.zoo=01;31:*.cpio=01;31:*.7z=01;31:*.rz=01;31:*.cab=01;31:*.wim=01;31:*.swm=01;31:*.dwm=01;31:*.esd=01;31:*.jpg=01;35:*.jpeg=01;35:*.mjpg=01;35:*.mjpeg=01;35:*.gif=01;35:*.bmp=01;35:*.pbm=01;35:*.pgm=01;35:*.ppm=01;35:*.tga=01;35:*.xbm=01;35:*.xpm=01;35:*.tif=01;35:*.tiff=01;35:*.png=01;35:*.svg=01;35:*.svgz=01;35:*.mng=01;35:*.pcx=01;35:*.mov=01;35:*.mpg=01;35:*.mpeg=01;35:*.m2v=01;35:*.mkv=01;35:*.webm=01;35:*.webp=01;35:*.ogm=01;35:*.mp4=01;35:*.m4v=01;35:*.mp4v=01;35:*.vob=01;35:*.qt=01;35:*.nuv=01;35:*.wmv=01;35:*.asf=01;35:*.rm=01;35:*.rmvb=01;35:*.flc=01;35:*.avi=01;35:*.fli=01;35:*.flv=01;35:*.gl=01;35:*.dl=01;35:*.xcf=01;35:*.xwd=01;35:*.yuv=01;35:*.cgm=01;35:*.emf=01;35:*.ogv=01;35:*.ogx=01;35:*.aac=00;36:*.au=00;36:*.flac=00;36:*.m4a=00;36:*.mid=00;36:*.midi=00;36:*.mka=00;36:*.mp3=00;36:*.mpc=00;36:*.ogg=00;36:*.ra=00;36:*.wav=00;36:*.oga=00;36:*.opus=00;36:*.spx=00;36:*.xspf=00;36:'), ('AMENT_PREFIX_PATH', '/home/developer/aerostack2_ws/install/as2_core:/home/developer/aerostack2_ws/install/as2_msgs:/opt/ros/humble'), ('GZ_VERSION', 'harmonic'), ('PWD', '/home/developer/aerostack2_ws/build/as2_motion_reference_handlers'), ('LC_ALL', 'C.UTF-8'), ('PYTHONPATH', '/home/developer/aerostack2_ws/install/as2_core/local/lib/python3.10/dist-packages:/home/developer/aerostack2_ws/install/as2_msgs/local/lib/python3.10/dist-packages:/opt/ros/humble/lib/python3.10/site-packages:/opt/ros/humble/local/lib/python3.10/dist-packages'), ('COLCON', '1'), ('CMAKE_PREFIX_PATH', '/home/developer/aerostack2_ws/install/as2_core:/home/developer/aerostack2_ws/install/as2_msgs:/opt/ros/humble')]), 'shell': False}
[0.651553] (as2_gazebo_assets) JobProgress: {'identifier': 'as2_gazebo_assets', 'progress': 'cmake'}
[0.651977] (as2_gazebo_assets) JobProgress: {'identifier': 'as2_gazebo_assets', 'progress': 'build'}
[0.652219] (as2_gazebo_assets) Command: {'cmd': ['/usr/bin/cmake', '--build', '/home/developer/aerostack2_ws/build/as2_gazebo_assets', '--', '-j20', '-l20'], 'cwd': '/home/developer/aerostack2_ws/build/as2_gazebo_assets', 'env': OrderedDict([('HOSTNAME', 'lead-Predator-PHN16-71'), ('SHLVL', '1'), ('LD_LIBRARY_PATH', '/home/developer/aerostack2_ws/install/as2_core/lib:/home/developer/aerostack2_ws/install/as2_msgs/lib:/opt/ros/humble/opt/rviz_ogre_vendor/lib:/opt/ros/humble/lib/x86_64-linux-gnu:/opt/ros/humble/lib'), ('HOME', '/home/developer'), ('ROS_PYTHON_VERSION', '3'), ('ROS_DISTRO', 'humble'), ('_', '/usr/bin/colcon'), ('ROS_VERSION', '2'), ('TERM', 'xterm'), ('ROS_LOCALHOST_ONLY', '0'), ('QT_X11_NO_MITSHM', '1'), ('PATH', '/opt/ros/humble/bin:/usr/local/sbin:/usr/local/bin:/usr/sbin:/usr/bin:/sbin:/bin'), ('DISPLAY', ':1'), ('LANG', 'C.UTF-8'), ('LS_COLORS', 'rs=0:di=01;34:ln=01;36:mh=00:pi=40;33:so=01;35:do=01;35:bd=40;33;01:cd=40;33;01:or=40;31;01:mi=00:su=37;41:sg=30;43:ca=30;41:tw=30;42:ow=34;42:st=37;44:ex=01;32:*.tar=01;31:*.tgz=01;31:*.arc=01;31:*.arj=01;31:*.taz=01;31:*.lha=01;31:*.lz4=01;31:*.lzh=01;31:*.lzma=01;31:*.tlz=01;31:*.txz=01;31:*.tzo=01;31:*.t7z=01;31:*.zip=01;31:*.z=01;31:*.dz=01;31:*.gz=01;31:*.lrz=01;31:*.lz=01;31:*.lzo=01;31:*.xz=01;31:*.zst=01;31:*.tzst=01;31:*.bz2=01;31:*.bz=01;31:*.tbz=01;31:*.tbz2=01;31:*.tz=01;31:*.deb=01;31:*.rpm=01;31:*.jar=01;31:*.war=01;31:*.ear=01;31:*.sar=01;31:*.rar=01;31:*.alz=01;31:*.ace=01;31:*.zoo=01;31:*.cpio=01;31:*.7z=01;31:*.rz=01;31:*.cab=01;31:*.wim=01;31:*.swm=01;31:*.dwm=01;31:*.esd=01;31:*.jpg=01;35:*.jpeg=01;35:*.mjpg=01;35:*.mjpeg=01;35:*.gif=01;35:*.bmp=01;35:*.pbm=01;35:*.pgm=01;35:*.ppm=01;35:*.tga=01;35:*.xbm=01;35:*.xpm=01;35:*.tif=01;35:*.tiff=01;35:*.png=01;35:*.svg=01;35:*.svgz=01;35:*.mng=01;35:*.pcx=01;35:*.mov=01;35:*.mpg=01;35:*.mpeg=01;35:*.m2v=01;35:*.mkv=01;35:*.webm=01;35:*.webp=01;35:*.ogm=01;35:*.mp4=01;35:*.m4v=01;35:*.mp4v=01;35:*.vob=01;35:*.qt=01;35:*.nuv=01;35:*.wmv=01;35:*.asf=01;35:*.rm=01;35:*.rmvb=01;35:*.flc=01;35:*.avi=01;35:*.fli=01;35:*.flv=01;35:*.gl=01;35:*.dl=01;35:*.xcf=01;35:*.xwd=01;35:*.yuv=01;35:*.cgm=01;35:*.emf=01;35:*.ogv=01;35:*.ogx=01;35:*.aac=00;36:*.au=00;36:*.flac=00;36:*.m4a=00;36:*.mid=00;36:*.midi=00;36:*.mka=00;36:*.mp3=00;36:*.mpc=00;36:*.ogg=00;36:*.ra=00;36:*.wav=00;36:*.oga=00;36:*.opus=00;36:*.spx=00;36:*.xspf=00;36:'), ('AMENT_PREFIX_PATH', '/home/developer/aerostack2_ws/install/as2_core:/home/developer/aerostack2_ws/install/as2_msgs:/opt/ros/humble'), ('GZ_VERSION', 'harmonic'), ('PWD', '/home/developer/aerostack2_ws/build/as2_gazebo_assets'), ('LC_ALL', 'C.UTF-8'), ('PYTHONPATH', '/home/developer/aerostack2_ws/install/as2_core/local/lib/python3.10/dist-packages:/home/developer/aerostack2_ws/install/as2_msgs/local/lib/python3.10/dist-packages:/opt/ros/humble/lib/python3.10/site-packages:/opt/ros/humble/local/lib/python3.10/dist-packages'), ('COLCON', '1'), ('CMAKE_PREFIX_PATH', '/home/developer/aerostack2_ws/install/as2_core:/home/developer/aerostack2_ws/install/as2_msgs:/opt/ros/humble')]), 'shell': False}
[0.652979] (as2_alphanumeric_viewer) JobProgress: {'identifier': 'as2_alphanumeric_viewer', 'progress': 'cmake'}
[0.653139] (as2_alphanumeric_viewer) JobProgress: {'identifier': 'as2_alphanumeric_viewer', 'progress': 'build'}
[0.653325] (as2_alphanumeric_viewer) Command: {'cmd': ['/usr/bin/cmake', '--build', '/home/developer/aerostack2_ws/build/as2_alphanumeric_viewer', '--', '-j20', '-l20'], 'cwd': '/home/developer/aerostack2_ws/build/as2_alphanumeric_viewer', 'env': OrderedDict([('HOSTNAME', 'lead-Predator-PHN16-71'), ('SHLVL', '1'), ('LD_LIBRARY_PATH', '/home/developer/aerostack2_ws/install/as2_core/lib:/home/developer/aerostack2_ws/install/as2_msgs/lib:/opt/ros/humble/opt/rviz_ogre_vendor/lib:/opt/ros/humble/lib/x86_64-linux-gnu:/opt/ros/humble/lib'), ('HOME', '/home/developer'), ('ROS_PYTHON_VERSION', '3'), ('ROS_DISTRO', 'humble'), ('_', '/usr/bin/colcon'), ('ROS_VERSION', '2'), ('TERM', 'xterm'), ('ROS_LOCALHOST_ONLY', '0'), ('QT_X11_NO_MITSHM', '1'), ('PATH', '/opt/ros/humble/bin:/usr/local/sbin:/usr/local/bin:/usr/sbin:/usr/bin:/sbin:/bin'), ('DISPLAY', ':1'), ('LANG', 'C.UTF-8'), ('LS_COLORS', 'rs=0:di=01;34:ln=01;36:mh=00:pi=40;33:so=01;35:do=01;35:bd=40;33;01:cd=40;33;01:or=40;31;01:mi=00:su=37;41:sg=30;43:ca=30;41:tw=30;42:ow=34;42:st=37;44:ex=01;32:*.tar=01;31:*.tgz=01;31:*.arc=01;31:*.arj=01;31:*.taz=01;31:*.lha=01;31:*.lz4=01;31:*.lzh=01;31:*.lzma=01;31:*.tlz=01;31:*.txz=01;31:*.tzo=01;31:*.t7z=01;31:*.zip=01;31:*.z=01;31:*.dz=01;31:*.gz=01;31:*.lrz=01;31:*.lz=01;31:*.lzo=01;31:*.xz=01;31:*.zst=01;31:*.tzst=01;31:*.bz2=01;31:*.bz=01;31:*.tbz=01;31:*.tbz2=01;31:*.tz=01;31:*.deb=01;31:*.rpm=01;31:*.jar=01;31:*.war=01;31:*.ear=01;31:*.sar=01;31:*.rar=01;31:*.alz=01;31:*.ace=01;31:*.zoo=01;31:*.cpio=01;31:*.7z=01;31:*.rz=01;31:*.cab=01;31:*.wim=01;31:*.swm=01;31:*.dwm=01;31:*.esd=01;31:*.jpg=01;35:*.jpeg=01;35:*.mjpg=01;35:*.mjpeg=01;35:*.gif=01;35:*.bmp=01;35:*.pbm=01;35:*.pgm=01;35:*.ppm=01;35:*.tga=01;35:*.xbm=01;35:*.xpm=01;35:*.tif=01;35:*.tiff=01;35:*.png=01;35:*.svg=01;35:*.svgz=01;35:*.mng=01;35:*.pcx=01;35:*.mov=01;35:*.mpg=01;35:*.mpeg=01;35:*.m2v=01;35:*.mkv=01;35:*.webm=01;35:*.webp=01;35:*.ogm=01;35:*.mp4=01;35:*.m4v=01;35:*.mp4v=01;35:*.vob=01;35:*.qt=01;35:*.nuv=01;35:*.wmv=01;35:*.asf=01;35:*.rm=01;35:*.rmvb=01;35:*.flc=01;35:*.avi=01;35:*.fli=01;35:*.flv=01;35:*.gl=01;35:*.dl=01;35:*.xcf=01;35:*.xwd=01;35:*.yuv=01;35:*.cgm=01;35:*.emf=01;35:*.ogv=01;35:*.ogx=01;35:*.aac=00;36:*.au=00;36:*.flac=00;36:*.m4a=00;36:*.mid=00;36:*.midi=00;36:*.mka=00;36:*.mp3=00;36:*.mpc=00;36:*.ogg=00;36:*.ra=00;36:*.wav=00;36:*.oga=00;36:*.opus=00;36:*.spx=00;36:*.xspf=00;36:'), ('AMENT_PREFIX_PATH', '/home/developer/aerostack2_ws/install/as2_core:/home/developer/aerostack2_ws/install/as2_msgs:/opt/ros/humble'), ('GZ_VERSION', 'harmonic'), ('PWD', '/home/developer/aerostack2_ws/build/as2_alphanumeric_viewer'), ('LC_ALL', 'C.UTF-8'), ('PYTHONPATH', '/home/developer/aerostack2_ws/install/as2_core/local/lib/python3.10/dist-packages:/home/developer/aerostack2_ws/install/as2_msgs/local/lib/python3.10/dist-packages:/opt/ros/humble/lib/python3.10/site-packages:/opt/ros/humble/local/lib/python3.10/dist-packages'), ('COLCON', '1'), ('CMAKE_PREFIX_PATH', '/home/developer/aerostack2_ws/install/as2_core:/home/developer/aerostack2_ws/install/as2_msgs:/opt/ros/humble')]), 'shell': False}
[0.654075] (as2_behavior_tree) JobProgress: {'identifier': 'as2_behavior_tree', 'progress': 'cmake'}
[0.654287] (as2_behavior_tree) Command: {'cmd': ['/usr/bin/cmake', '/home/developer/aerostack2_ws/src/aerostack2-tcc_lucca/as2_behavior_tree', '-DAMENT_CMAKE_SYMLINK_INSTALL=1', '-DCMAKE_INSTALL_PREFIX=/home/developer/aerostack2_ws/install/as2_behavior_tree'], 'cwd': '/home/developer/aerostack2_ws/build/as2_behavior_tree', 'env': OrderedDict([('HOSTNAME', 'lead-Predator-PHN16-71'), ('SHLVL', '1'), ('LD_LIBRARY_PATH', '/home/developer/aerostack2_ws/install/as2_core/lib:/home/developer/aerostack2_ws/install/as2_msgs/lib:/opt/ros/humble/opt/rviz_ogre_vendor/lib:/opt/ros/humble/lib/x86_64-linux-gnu:/opt/ros/humble/lib'), ('HOME', '/home/developer'), ('ROS_PYTHON_VERSION', '3'), ('ROS_DISTRO', 'humble'), ('_', '/usr/bin/colcon'), ('ROS_VERSION', '2'), ('TERM', 'xterm'), ('ROS_LOCALHOST_ONLY', '0'), ('QT_X11_NO_MITSHM', '1'), ('PATH', '/opt/ros/humble/bin:/usr/local/sbin:/usr/local/bin:/usr/sbin:/usr/bin:/sbin:/bin'), ('DISPLAY', ':1'), ('LANG', 'C.UTF-8'), ('LS_COLORS', 'rs=0:di=01;34:ln=01;36:mh=00:pi=40;33:so=01;35:do=01;35:bd=40;33;01:cd=40;33;01:or=40;31;01:mi=00:su=37;41:sg=30;43:ca=30;41:tw=30;42:ow=34;42:st=37;44:ex=01;32:*.tar=01;31:*.tgz=01;31:*.arc=01;31:*.arj=01;31:*.taz=01;31:*.lha=01;31:*.lz4=01;31:*.lzh=01;31:*.lzma=01;31:*.tlz=01;31:*.txz=01;31:*.tzo=01;31:*.t7z=01;31:*.zip=01;31:*.z=01;31:*.dz=01;31:*.gz=01;31:*.lrz=01;31:*.lz=01;31:*.lzo=01;31:*.xz=01;31:*.zst=01;31:*.tzst=01;31:*.bz2=01;31:*.bz=01;31:*.tbz=01;31:*.tbz2=01;31:*.tz=01;31:*.deb=01;31:*.rpm=01;31:*.jar=01;31:*.war=01;31:*.ear=01;31:*.sar=01;31:*.rar=01;31:*.alz=01;31:*.ace=01;31:*.zoo=01;31:*.cpio=01;31:*.7z=01;31:*.rz=01;31:*.cab=01;31:*.wim=01;31:*.swm=01;31:*.dwm=01;31:*.esd=01;31:*.jpg=01;35:*.jpeg=01;35:*.mjpg=01;35:*.mjpeg=01;35:*.gif=01;35:*.bmp=01;35:*.pbm=01;35:*.pgm=01;35:*.ppm=01;35:*.tga=01;35:*.xbm=01;35:*.xpm=01;35:*.tif=01;35:*.tiff=01;35:*.png=01;35:*.svg=01;35:*.svgz=01;35:*.mng=01;35:*.pcx=01;35:*.mov=01;35:*.mpg=01;35:*.mpeg=01;35:*.m2v=01;35:*.mkv=01;35:*.webm=01;35:*.webp=01;35:*.ogm=01;35:*.mp4=01;35:*.m4v=01;35:*.mp4v=01;35:*.vob=01;35:*.qt=01;35:*.nuv=01;35:*.wmv=01;35:*.asf=01;35:*.rm=01;35:*.rmvb=01;35:*.flc=01;35:*.avi=01;35:*.fli=01;35:*.flv=01;35:*.gl=01;35:*.dl=01;35:*.xcf=01;35:*.xwd=01;35:*.yuv=01;35:*.cgm=01;35:*.emf=01;35:*.ogv=01;35:*.ogx=01;35:*.aac=00;36:*.au=00;36:*.flac=00;36:*.m4a=00;36:*.mid=00;36:*.midi=00;36:*.mka=00;36:*.mp3=00;36:*.mpc=00;36:*.ogg=00;36:*.ra=00;36:*.wav=00;36:*.oga=00;36:*.opus=00;36:*.spx=00;36:*.xspf=00;36:'), ('AMENT_PREFIX_PATH', '/home/developer/aerostack2_ws/install/as2_core:/home/developer/aerostack2_ws/install/as2_msgs:/opt/ros/humble'), ('GZ_VERSION', 'harmonic'), ('PWD', '/home/developer/aerostack2_ws/build/as2_behavior_tree'), ('LC_ALL', 'C.UTF-8'), ('PYTHONPATH', '/home/developer/aerostack2_ws/install/as2_core/local/lib/python3.10/dist-packages:/home/developer/aerostack2_ws/install/as2_msgs/local/lib/python3.10/dist-packages:/opt/ros/humble/lib/python3.10/site-packages:/opt/ros/humble/local/lib/python3.10/dist-packages'), ('COLCON', '1'), ('CMAKE_PREFIX_PATH', '/home/developer/aerostack2_ws/install/as2_core:/home/developer/aerostack2_ws/install/as2_msgs:/opt/ros/humble')]), 'shell': False}
[0.654902] (as2_external_object_to_tf) JobProgress: {'identifier': 'as2_external_object_to_tf', 'progress': 'cmake'}
[0.655158] (as2_external_object_to_tf) JobProgress: {'identifier': 'as2_external_object_to_tf', 'progress': 'build'}
[0.655342] (as2_external_object_to_tf) Command: {'cmd': ['/usr/bin/cmake', '--build', '/home/developer/aerostack2_ws/build/as2_external_object_to_tf', '--', '-j20', '-l20'], 'cwd': '/home/developer/aerostack2_ws/build/as2_external_object_to_tf', 'env': OrderedDict([('HOSTNAME', 'lead-Predator-PHN16-71'), ('SHLVL', '1'), ('LD_LIBRARY_PATH', '/home/developer/aerostack2_ws/install/as2_core/lib:/home/developer/aerostack2_ws/install/as2_msgs/lib:/opt/ros/humble/opt/rviz_ogre_vendor/lib:/opt/ros/humble/lib/x86_64-linux-gnu:/opt/ros/humble/lib'), ('HOME', '/home/developer'), ('ROS_PYTHON_VERSION', '3'), ('ROS_DISTRO', 'humble'), ('_', '/usr/bin/colcon'), ('ROS_VERSION', '2'), ('TERM', 'xterm'), ('ROS_LOCALHOST_ONLY', '0'), ('QT_X11_NO_MITSHM', '1'), ('PATH', '/opt/ros/humble/bin:/usr/local/sbin:/usr/local/bin:/usr/sbin:/usr/bin:/sbin:/bin'), ('DISPLAY', ':1'), ('LANG', 'C.UTF-8'), ('LS_COLORS', 'rs=0:di=01;34:ln=01;36:mh=00:pi=40;33:so=01;35:do=01;35:bd=40;33;01:cd=40;33;01:or=40;31;01:mi=00:su=37;41:sg=30;43:ca=30;41:tw=30;42:ow=34;42:st=37;44:ex=01;32:*.tar=01;31:*.tgz=01;31:*.arc=01;31:*.arj=01;31:*.taz=01;31:*.lha=01;31:*.lz4=01;31:*.lzh=01;31:*.lzma=01;31:*.tlz=01;31:*.txz=01;31:*.tzo=01;31:*.t7z=01;31:*.zip=01;31:*.z=01;31:*.dz=01;31:*.gz=01;31:*.lrz=01;31:*.lz=01;31:*.lzo=01;31:*.xz=01;31:*.zst=01;31:*.tzst=01;31:*.bz2=01;31:*.bz=01;31:*.tbz=01;31:*.tbz2=01;31:*.tz=01;31:*.deb=01;31:*.rpm=01;31:*.jar=01;31:*.war=01;31:*.ear=01;31:*.sar=01;31:*.rar=01;31:*.alz=01;31:*.ace=01;31:*.zoo=01;31:*.cpio=01;31:*.7z=01;31:*.rz=01;31:*.cab=01;31:*.wim=01;31:*.swm=01;31:*.dwm=01;31:*.esd=01;31:*.jpg=01;35:*.jpeg=01;35:*.mjpg=01;35:*.mjpeg=01;35:*.gif=01;35:*.bmp=01;35:*.pbm=01;35:*.pgm=01;35:*.ppm=01;35:*.tga=01;35:*.xbm=01;35:*.xpm=01;35:*.tif=01;35:*.tiff=01;35:*.png=01;35:*.svg=01;35:*.svgz=01;35:*.mng=01;35:*.pcx=01;35:*.mov=01;35:*.mpg=01;35:*.mpeg=01;35:*.m2v=01;35:*.mkv=01;35:*.webm=01;35:*.webp=01;35:*.ogm=01;35:*.mp4=01;35:*.m4v=01;35:*.mp4v=01;35:*.vob=01;35:*.qt=01;35:*.nuv=01;35:*.wmv=01;35:*.asf=01;35:*.rm=01;35:*.rmvb=01;35:*.flc=01;35:*.avi=01;35:*.fli=01;35:*.flv=01;35:*.gl=01;35:*.dl=01;35:*.xcf=01;35:*.xwd=01;35:*.yuv=01;35:*.cgm=01;35:*.emf=01;35:*.ogv=01;35:*.ogx=01;35:*.aac=00;36:*.au=00;36:*.flac=00;36:*.m4a=00;36:*.mid=00;36:*.midi=00;36:*.mka=00;36:*.mp3=00;36:*.mpc=00;36:*.ogg=00;36:*.ra=00;36:*.wav=00;36:*.oga=00;36:*.opus=00;36:*.spx=00;36:*.xspf=00;36:'), ('AMENT_PREFIX_PATH', '/home/developer/aerostack2_ws/install/as2_core:/home/developer/aerostack2_ws/install/as2_msgs:/opt/ros/humble'), ('GZ_VERSION', 'harmonic'), ('PWD', '/home/developer/aerostack2_ws/build/as2_external_object_to_tf'), ('LC_ALL', 'C.UTF-8'), ('PYTHONPATH', '/home/developer/aerostack2_ws/install/as2_core/local/lib/python3.10/dist-packages:/home/developer/aerostack2_ws/install/as2_msgs/local/lib/python3.10/dist-packages:/opt/ros/humble/lib/python3.10/site-packages:/opt/ros/humble/local/lib/python3.10/dist-packages'), ('COLCON', '1'), ('CMAKE_PREFIX_PATH', '/home/developer/aerostack2_ws/install/as2_core:/home/developer/aerostack2_ws/install/as2_msgs:/opt/ros/humble')]), 'shell': False}
[0.656240] (as2_geozones) JobProgress: {'identifier': 'as2_geozones', 'progress': 'cmake'}
[0.656344] (as2_geozones) JobProgress: {'identifier': 'as2_geozones', 'progress': 'build'}
[0.656548] (as2_geozones) Command: {'cmd': ['/usr/bin/cmake', '--build', '/home/developer/aerostack2_ws/build/as2_geozones', '--', '-j20', '-l20'], 'cwd': '/home/developer/aerostack2_ws/build/as2_geozones', 'env': OrderedDict([('HOSTNAME', 'lead-Predator-PHN16-71'), ('SHLVL', '1'), ('LD_LIBRARY_PATH', '/home/developer/aerostack2_ws/install/as2_core/lib:/home/developer/aerostack2_ws/install/as2_msgs/lib:/opt/ros/humble/opt/rviz_ogre_vendor/lib:/opt/ros/humble/lib/x86_64-linux-gnu:/opt/ros/humble/lib'), ('HOME', '/home/developer'), ('ROS_PYTHON_VERSION', '3'), ('ROS_DISTRO', 'humble'), ('_', '/usr/bin/colcon'), ('ROS_VERSION', '2'), ('TERM', 'xterm'), ('ROS_LOCALHOST_ONLY', '0'), ('QT_X11_NO_MITSHM', '1'), ('PATH', '/opt/ros/humble/bin:/usr/local/sbin:/usr/local/bin:/usr/sbin:/usr/bin:/sbin:/bin'), ('DISPLAY', ':1'), ('LANG', 'C.UTF-8'), ('LS_COLORS', 'rs=0:di=01;34:ln=01;36:mh=00:pi=40;33:so=01;35:do=01;35:bd=40;33;01:cd=40;33;01:or=40;31;01:mi=00:su=37;41:sg=30;43:ca=30;41:tw=30;42:ow=34;42:st=37;44:ex=01;32:*.tar=01;31:*.tgz=01;31:*.arc=01;31:*.arj=01;31:*.taz=01;31:*.lha=01;31:*.lz4=01;31:*.lzh=01;31:*.lzma=01;31:*.tlz=01;31:*.txz=01;31:*.tzo=01;31:*.t7z=01;31:*.zip=01;31:*.z=01;31:*.dz=01;31:*.gz=01;31:*.lrz=01;31:*.lz=01;31:*.lzo=01;31:*.xz=01;31:*.zst=01;31:*.tzst=01;31:*.bz2=01;31:*.bz=01;31:*.tbz=01;31:*.tbz2=01;31:*.tz=01;31:*.deb=01;31:*.rpm=01;31:*.jar=01;31:*.war=01;31:*.ear=01;31:*.sar=01;31:*.rar=01;31:*.alz=01;31:*.ace=01;31:*.zoo=01;31:*.cpio=01;31:*.7z=01;31:*.rz=01;31:*.cab=01;31:*.wim=01;31:*.swm=01;31:*.dwm=01;31:*.esd=01;31:*.jpg=01;35:*.jpeg=01;35:*.mjpg=01;35:*.mjpeg=01;35:*.gif=01;35:*.bmp=01;35:*.pbm=01;35:*.pgm=01;35:*.ppm=01;35:*.tga=01;35:*.xbm=01;35:*.xpm=01;35:*.tif=01;35:*.tiff=01;35:*.png=01;35:*.svg=01;35:*.svgz=01;35:*.mng=01;35:*.pcx=01;35:*.mov=01;35:*.mpg=01;35:*.mpeg=01;35:*.m2v=01;35:*.mkv=01;35:*.webm=01;35:*.webp=01;35:*.ogm=01;35:*.mp4=01;35:*.m4v=01;35:*.mp4v=01;35:*.vob=01;35:*.qt=01;35:*.nuv=01;35:*.wmv=01;35:*.asf=01;35:*.rm=01;35:*.rmvb=01;35:*.flc=01;35:*.avi=01;35:*.fli=01;35:*.flv=01;35:*.gl=01;35:*.dl=01;35:*.xcf=01;35:*.xwd=01;35:*.yuv=01;35:*.cgm=01;35:*.emf=01;35:*.ogv=01;35:*.ogx=01;35:*.aac=00;36:*.au=00;36:*.flac=00;36:*.m4a=00;36:*.mid=00;36:*.midi=00;36:*.mka=00;36:*.mp3=00;36:*.mpc=00;36:*.ogg=00;36:*.ra=00;36:*.wav=00;36:*.oga=00;36:*.opus=00;36:*.spx=00;36:*.xspf=00;36:'), ('AMENT_PREFIX_PATH', '/home/developer/aerostack2_ws/install/as2_core:/home/developer/aerostack2_ws/install/as2_msgs:/opt/ros/humble'), ('GZ_VERSION', 'harmonic'), ('PWD', '/home/developer/aerostack2_ws/build/as2_geozones'), ('LC_ALL', 'C.UTF-8'), ('PYTHONPATH', '/home/developer/aerostack2_ws/install/as2_core/local/lib/python3.10/dist-packages:/home/developer/aerostack2_ws/install/as2_msgs/local/lib/python3.10/dist-packages:/opt/ros/humble/lib/python3.10/site-packages:/opt/ros/humble/local/lib/python3.10/dist-packages'), ('COLCON', '1'), ('CMAKE_PREFIX_PATH', '/home/developer/aerostack2_ws/install/as2_core:/home/developer/aerostack2_ws/install/as2_msgs:/opt/ros/humble')]), 'shell': False}
[0.657375] (as2_map_server) JobProgress: {'identifier': 'as2_map_server', 'progress': 'cmake'}
[0.657545] (as2_map_server) JobProgress: {'identifier': 'as2_map_server', 'progress': 'build'}
[0.657739] (as2_map_server) Command: {'cmd': ['/usr/bin/cmake', '--build', '/home/developer/aerostack2_ws/build/as2_map_server', '--', '-j20', '-l20'], 'cwd': '/home/developer/aerostack2_ws/build/as2_map_server', 'env': OrderedDict([('HOSTNAME', 'lead-Predator-PHN16-71'), ('SHLVL', '1'), ('LD_LIBRARY_PATH', '/home/developer/aerostack2_ws/install/as2_core/lib:/home/developer/aerostack2_ws/install/as2_msgs/lib:/opt/ros/humble/opt/rviz_ogre_vendor/lib:/opt/ros/humble/lib/x86_64-linux-gnu:/opt/ros/humble/lib'), ('HOME', '/home/developer'), ('ROS_PYTHON_VERSION', '3'), ('ROS_DISTRO', 'humble'), ('_', '/usr/bin/colcon'), ('ROS_VERSION', '2'), ('TERM', 'xterm'), ('ROS_LOCALHOST_ONLY', '0'), ('QT_X11_NO_MITSHM', '1'), ('PATH', '/opt/ros/humble/bin:/usr/local/sbin:/usr/local/bin:/usr/sbin:/usr/bin:/sbin:/bin'), ('DISPLAY', ':1'), ('LANG', 'C.UTF-8'), ('LS_COLORS', 'rs=0:di=01;34:ln=01;36:mh=00:pi=40;33:so=01;35:do=01;35:bd=40;33;01:cd=40;33;01:or=40;31;01:mi=00:su=37;41:sg=30;43:ca=30;41:tw=30;42:ow=34;42:st=37;44:ex=01;32:*.tar=01;31:*.tgz=01;31:*.arc=01;31:*.arj=01;31:*.taz=01;31:*.lha=01;31:*.lz4=01;31:*.lzh=01;31:*.lzma=01;31:*.tlz=01;31:*.txz=01;31:*.tzo=01;31:*.t7z=01;31:*.zip=01;31:*.z=01;31:*.dz=01;31:*.gz=01;31:*.lrz=01;31:*.lz=01;31:*.lzo=01;31:*.xz=01;31:*.zst=01;31:*.tzst=01;31:*.bz2=01;31:*.bz=01;31:*.tbz=01;31:*.tbz2=01;31:*.tz=01;31:*.deb=01;31:*.rpm=01;31:*.jar=01;31:*.war=01;31:*.ear=01;31:*.sar=01;31:*.rar=01;31:*.alz=01;31:*.ace=01;31:*.zoo=01;31:*.cpio=01;31:*.7z=01;31:*.rz=01;31:*.cab=01;31:*.wim=01;31:*.swm=01;31:*.dwm=01;31:*.esd=01;31:*.jpg=01;35:*.jpeg=01;35:*.mjpg=01;35:*.mjpeg=01;35:*.gif=01;35:*.bmp=01;35:*.pbm=01;35:*.pgm=01;35:*.ppm=01;35:*.tga=01;35:*.xbm=01;35:*.xpm=01;35:*.tif=01;35:*.tiff=01;35:*.png=01;35:*.svg=01;35:*.svgz=01;35:*.mng=01;35:*.pcx=01;35:*.mov=01;35:*.mpg=01;35:*.mpeg=01;35:*.m2v=01;35:*.mkv=01;35:*.webm=01;35:*.webp=01;35:*.ogm=01;35:*.mp4=01;35:*.m4v=01;35:*.mp4v=01;35:*.vob=01;35:*.qt=01;35:*.nuv=01;35:*.wmv=01;35:*.asf=01;35:*.rm=01;35:*.rmvb=01;35:*.flc=01;35:*.avi=01;35:*.fli=01;35:*.flv=01;35:*.gl=01;35:*.dl=01;35:*.xcf=01;35:*.xwd=01;35:*.yuv=01;35:*.cgm=01;35:*.emf=01;35:*.ogv=01;35:*.ogx=01;35:*.aac=00;36:*.au=00;36:*.flac=00;36:*.m4a=00;36:*.mid=00;36:*.midi=00;36:*.mka=00;36:*.mp3=00;36:*.mpc=00;36:*.ogg=00;36:*.ra=00;36:*.wav=00;36:*.oga=00;36:*.opus=00;36:*.spx=00;36:*.xspf=00;36:'), ('AMENT_PREFIX_PATH', '/home/developer/aerostack2_ws/install/as2_core:/home/developer/aerostack2_ws/install/as2_msgs:/opt/ros/humble'), ('GZ_VERSION', 'harmonic'), ('PWD', '/home/developer/aerostack2_ws/build/as2_map_server'), ('LC_ALL', 'C.UTF-8'), ('PYTHONPATH', '/home/developer/aerostack2_ws/install/as2_core/local/lib/python3.10/dist-packages:/home/developer/aerostack2_ws/install/as2_msgs/local/lib/python3.10/dist-packages:/opt/ros/humble/lib/python3.10/site-packages:/opt/ros/humble/local/lib/python3.10/dist-packages'), ('COLCON', '1'), ('CMAKE_PREFIX_PATH', '/home/developer/aerostack2_ws/install/as2_core:/home/developer/aerostack2_ws/install/as2_msgs:/opt/ros/humble')]), 'shell': False}
[0.658678] (as2_platform_multirotor_simulator) JobProgress: {'identifier': 'as2_platform_multirotor_simulator', 'progress': 'cmake'}
[0.658790] (as2_platform_multirotor_simulator) JobProgress: {'identifier': 'as2_platform_multirotor_simulator', 'progress': 'build'}
[0.659820] (as2_platform_multirotor_simulator) Command: {'cmd': ['/usr/bin/cmake', '--build', '/home/developer/aerostack2_ws/build/as2_platform_multirotor_simulator', '--', '-j20', '-l20'], 'cwd': '/home/developer/aerostack2_ws/build/as2_platform_multirotor_simulator', 'env': OrderedDict([('HOSTNAME', 'lead-Predator-PHN16-71'), ('SHLVL', '1'), ('LD_LIBRARY_PATH', '/home/developer/aerostack2_ws/install/as2_core/lib:/home/developer/aerostack2_ws/install/as2_msgs/lib:/opt/ros/humble/opt/rviz_ogre_vendor/lib:/opt/ros/humble/lib/x86_64-linux-gnu:/opt/ros/humble/lib'), ('HOME', '/home/developer'), ('ROS_PYTHON_VERSION', '3'), ('ROS_DISTRO', 'humble'), ('_', '/usr/bin/colcon'), ('ROS_VERSION', '2'), ('TERM', 'xterm'), ('ROS_LOCALHOST_ONLY', '0'), ('QT_X11_NO_MITSHM', '1'), ('PATH', '/opt/ros/humble/bin:/usr/local/sbin:/usr/local/bin:/usr/sbin:/usr/bin:/sbin:/bin'), ('DISPLAY', ':1'), ('LANG', 'C.UTF-8'), ('LS_COLORS', 'rs=0:di=01;34:ln=01;36:mh=00:pi=40;33:so=01;35:do=01;35:bd=40;33;01:cd=40;33;01:or=40;31;01:mi=00:su=37;41:sg=30;43:ca=30;41:tw=30;42:ow=34;42:st=37;44:ex=01;32:*.tar=01;31:*.tgz=01;31:*.arc=01;31:*.arj=01;31:*.taz=01;31:*.lha=01;31:*.lz4=01;31:*.lzh=01;31:*.lzma=01;31:*.tlz=01;31:*.txz=01;31:*.tzo=01;31:*.t7z=01;31:*.zip=01;31:*.z=01;31:*.dz=01;31:*.gz=01;31:*.lrz=01;31:*.lz=01;31:*.lzo=01;31:*.xz=01;31:*.zst=01;31:*.tzst=01;31:*.bz2=01;31:*.bz=01;31:*.tbz=01;31:*.tbz2=01;31:*.tz=01;31:*.deb=01;31:*.rpm=01;31:*.jar=01;31:*.war=01;31:*.ear=01;31:*.sar=01;31:*.rar=01;31:*.alz=01;31:*.ace=01;31:*.zoo=01;31:*.cpio=01;31:*.7z=01;31:*.rz=01;31:*.cab=01;31:*.wim=01;31:*.swm=01;31:*.dwm=01;31:*.esd=01;31:*.jpg=01;35:*.jpeg=01;35:*.mjpg=01;35:*.mjpeg=01;35:*.gif=01;35:*.bmp=01;35:*.pbm=01;35:*.pgm=01;35:*.ppm=01;35:*.tga=01;35:*.xbm=01;35:*.xpm=01;35:*.tif=01;35:*.tiff=01;35:*.png=01;35:*.svg=01;35:*.svgz=01;35:*.mng=01;35:*.pcx=01;35:*.mov=01;35:*.mpg=01;35:*.mpeg=01;35:*.m2v=01;35:*.mkv=01;35:*.webm=01;35:*.webp=01;35:*.ogm=01;35:*.mp4=01;35:*.m4v=01;35:*.mp4v=01;35:*.vob=01;35:*.qt=01;35:*.nuv=01;35:*.wmv=01;35:*.asf=01;35:*.rm=01;35:*.rmvb=01;35:*.flc=01;35:*.avi=01;35:*.fli=01;35:*.flv=01;35:*.gl=01;35:*.dl=01;35:*.xcf=01;35:*.xwd=01;35:*.yuv=01;35:*.cgm=01;35:*.emf=01;35:*.ogv=01;35:*.ogx=01;35:*.aac=00;36:*.au=00;36:*.flac=00;36:*.m4a=00;36:*.mid=00;36:*.midi=00;36:*.mka=00;36:*.mp3=00;36:*.mpc=00;36:*.ogg=00;36:*.ra=00;36:*.wav=00;36:*.oga=00;36:*.opus=00;36:*.spx=00;36:*.xspf=00;36:'), ('AMENT_PREFIX_PATH', '/home/developer/aerostack2_ws/install/as2_core:/home/developer/aerostack2_ws/install/as2_msgs:/opt/ros/humble'), ('GZ_VERSION', 'harmonic'), ('PWD', '/home/developer/aerostack2_ws/build/as2_platform_multirotor_simulator'), ('LC_ALL', 'C.UTF-8'), ('PYTHONPATH', '/home/developer/aerostack2_ws/install/as2_core/local/lib/python3.10/dist-packages:/home/developer/aerostack2_ws/install/as2_msgs/local/lib/python3.10/dist-packages:/opt/ros/humble/lib/python3.10/site-packages:/opt/ros/humble/local/lib/python3.10/dist-packages'), ('COLCON', '1'), ('CMAKE_PREFIX_PATH', '/home/developer/aerostack2_ws/install/as2_core:/home/developer/aerostack2_ws/install/as2_msgs:/opt/ros/humble')]), 'shell': False}
[0.661018] (as2_realsense_interface) JobProgress: {'identifier': 'as2_realsense_interface', 'progress': 'cmake'}
[0.661570] (as2_realsense_interface) JobProgress: {'identifier': 'as2_realsense_interface', 'progress': 'build'}
[0.661828] (as2_realsense_interface) Command: {'cmd': ['/usr/bin/cmake', '--build', '/home/developer/aerostack2_ws/build/as2_realsense_interface', '--', '-j20', '-l20'], 'cwd': '/home/developer/aerostack2_ws/build/as2_realsense_interface', 'env': OrderedDict([('HOSTNAME', 'lead-Predator-PHN16-71'), ('SHLVL', '1'), ('LD_LIBRARY_PATH', '/home/developer/aerostack2_ws/install/as2_core/lib:/home/developer/aerostack2_ws/install/as2_msgs/lib:/opt/ros/humble/opt/rviz_ogre_vendor/lib:/opt/ros/humble/lib/x86_64-linux-gnu:/opt/ros/humble/lib'), ('HOME', '/home/developer'), ('ROS_PYTHON_VERSION', '3'), ('ROS_DISTRO', 'humble'), ('_', '/usr/bin/colcon'), ('ROS_VERSION', '2'), ('TERM', 'xterm'), ('ROS_LOCALHOST_ONLY', '0'), ('QT_X11_NO_MITSHM', '1'), ('PATH', '/opt/ros/humble/bin:/usr/local/sbin:/usr/local/bin:/usr/sbin:/usr/bin:/sbin:/bin'), ('DISPLAY', ':1'), ('LANG', 'C.UTF-8'), ('LS_COLORS', 'rs=0:di=01;34:ln=01;36:mh=00:pi=40;33:so=01;35:do=01;35:bd=40;33;01:cd=40;33;01:or=40;31;01:mi=00:su=37;41:sg=30;43:ca=30;41:tw=30;42:ow=34;42:st=37;44:ex=01;32:*.tar=01;31:*.tgz=01;31:*.arc=01;31:*.arj=01;31:*.taz=01;31:*.lha=01;31:*.lz4=01;31:*.lzh=01;31:*.lzma=01;31:*.tlz=01;31:*.txz=01;31:*.tzo=01;31:*.t7z=01;31:*.zip=01;31:*.z=01;31:*.dz=01;31:*.gz=01;31:*.lrz=01;31:*.lz=01;31:*.lzo=01;31:*.xz=01;31:*.zst=01;31:*.tzst=01;31:*.bz2=01;31:*.bz=01;31:*.tbz=01;31:*.tbz2=01;31:*.tz=01;31:*.deb=01;31:*.rpm=01;31:*.jar=01;31:*.war=01;31:*.ear=01;31:*.sar=01;31:*.rar=01;31:*.alz=01;31:*.ace=01;31:*.zoo=01;31:*.cpio=01;31:*.7z=01;31:*.rz=01;31:*.cab=01;31:*.wim=01;31:*.swm=01;31:*.dwm=01;31:*.esd=01;31:*.jpg=01;35:*.jpeg=01;35:*.mjpg=01;35:*.mjpeg=01;35:*.gif=01;35:*.bmp=01;35:*.pbm=01;35:*.pgm=01;35:*.ppm=01;35:*.tga=01;35:*.xbm=01;35:*.xpm=01;35:*.tif=01;35:*.tiff=01;35:*.png=01;35:*.svg=01;35:*.svgz=01;35:*.mng=01;35:*.pcx=01;35:*.mov=01;35:*.mpg=01;35:*.mpeg=01;35:*.m2v=01;35:*.mkv=01;35:*.webm=01;35:*.webp=01;35:*.ogm=01;35:*.mp4=01;35:*.m4v=01;35:*.mp4v=01;35:*.vob=01;35:*.qt=01;35:*.nuv=01;35:*.wmv=01;35:*.asf=01;35:*.rm=01;35:*.rmvb=01;35:*.flc=01;35:*.avi=01;35:*.fli=01;35:*.flv=01;35:*.gl=01;35:*.dl=01;35:*.xcf=01;35:*.xwd=01;35:*.yuv=01;35:*.cgm=01;35:*.emf=01;35:*.ogv=01;35:*.ogx=01;35:*.aac=00;36:*.au=00;36:*.flac=00;36:*.m4a=00;36:*.mid=00;36:*.midi=00;36:*.mka=00;36:*.mp3=00;36:*.mpc=00;36:*.ogg=00;36:*.ra=00;36:*.wav=00;36:*.oga=00;36:*.opus=00;36:*.spx=00;36:*.xspf=00;36:'), ('AMENT_PREFIX_PATH', '/home/developer/aerostack2_ws/install/as2_core:/home/developer/aerostack2_ws/install/as2_msgs:/opt/ros/humble'), ('GZ_VERSION', 'harmonic'), ('PWD', '/home/developer/aerostack2_ws/build/as2_realsense_interface'), ('LC_ALL', 'C.UTF-8'), ('PYTHONPATH', '/home/developer/aerostack2_ws/install/as2_core/local/lib/python3.10/dist-packages:/home/developer/aerostack2_ws/install/as2_msgs/local/lib/python3.10/dist-packages:/opt/ros/humble/lib/python3.10/site-packages:/opt/ros/humble/local/lib/python3.10/dist-packages'), ('COLCON', '1'), ('CMAKE_PREFIX_PATH', '/home/developer/aerostack2_ws/install/as2_core:/home/developer/aerostack2_ws/install/as2_msgs:/opt/ros/humble')]), 'shell': False}
[0.664963] (as2_behavior_tree) StdoutLine: {'line': b'-- Found ament_cmake: 1.3.14 (/opt/ros/humble/share/ament_cmake/cmake)\n'}
[0.666892] (as2_state_estimator) JobProgress: {'identifier': 'as2_state_estimator', 'progress': 'cmake'}
[0.667459] (as2_state_estimator) JobProgress: {'identifier': 'as2_state_estimator', 'progress': 'build'}
[0.667690] (as2_state_estimator) Command: {'cmd': ['/usr/bin/cmake', '--build', '/home/developer/aerostack2_ws/build/as2_state_estimator', '--', '-j20', '-l20'], 'cwd': '/home/developer/aerostack2_ws/build/as2_state_estimator', 'env': OrderedDict([('HOSTNAME', 'lead-Predator-PHN16-71'), ('SHLVL', '1'), ('LD_LIBRARY_PATH', '/home/developer/aerostack2_ws/install/as2_core/lib:/home/developer/aerostack2_ws/install/as2_msgs/lib:/opt/ros/humble/opt/rviz_ogre_vendor/lib:/opt/ros/humble/lib/x86_64-linux-gnu:/opt/ros/humble/lib'), ('HOME', '/home/developer'), ('ROS_PYTHON_VERSION', '3'), ('ROS_DISTRO', 'humble'), ('_', '/usr/bin/colcon'), ('ROS_VERSION', '2'), ('TERM', 'xterm'), ('ROS_LOCALHOST_ONLY', '0'), ('QT_X11_NO_MITSHM', '1'), ('PATH', '/opt/ros/humble/bin:/usr/local/sbin:/usr/local/bin:/usr/sbin:/usr/bin:/sbin:/bin'), ('DISPLAY', ':1'), ('LANG', 'C.UTF-8'), ('LS_COLORS', 'rs=0:di=01;34:ln=01;36:mh=00:pi=40;33:so=01;35:do=01;35:bd=40;33;01:cd=40;33;01:or=40;31;01:mi=00:su=37;41:sg=30;43:ca=30;41:tw=30;42:ow=34;42:st=37;44:ex=01;32:*.tar=01;31:*.tgz=01;31:*.arc=01;31:*.arj=01;31:*.taz=01;31:*.lha=01;31:*.lz4=01;31:*.lzh=01;31:*.lzma=01;31:*.tlz=01;31:*.txz=01;31:*.tzo=01;31:*.t7z=01;31:*.zip=01;31:*.z=01;31:*.dz=01;31:*.gz=01;31:*.lrz=01;31:*.lz=01;31:*.lzo=01;31:*.xz=01;31:*.zst=01;31:*.tzst=01;31:*.bz2=01;31:*.bz=01;31:*.tbz=01;31:*.tbz2=01;31:*.tz=01;31:*.deb=01;31:*.rpm=01;31:*.jar=01;31:*.war=01;31:*.ear=01;31:*.sar=01;31:*.rar=01;31:*.alz=01;31:*.ace=01;31:*.zoo=01;31:*.cpio=01;31:*.7z=01;31:*.rz=01;31:*.cab=01;31:*.wim=01;31:*.swm=01;31:*.dwm=01;31:*.esd=01;31:*.jpg=01;35:*.jpeg=01;35:*.mjpg=01;35:*.mjpeg=01;35:*.gif=01;35:*.bmp=01;35:*.pbm=01;35:*.pgm=01;35:*.ppm=01;35:*.tga=01;35:*.xbm=01;35:*.xpm=01;35:*.tif=01;35:*.tiff=01;35:*.png=01;35:*.svg=01;35:*.svgz=01;35:*.mng=01;35:*.pcx=01;35:*.mov=01;35:*.mpg=01;35:*.mpeg=01;35:*.m2v=01;35:*.mkv=01;35:*.webm=01;35:*.webp=01;35:*.ogm=01;35:*.mp4=01;35:*.m4v=01;35:*.mp4v=01;35:*.vob=01;35:*.qt=01;35:*.nuv=01;35:*.wmv=01;35:*.asf=01;35:*.rm=01;35:*.rmvb=01;35:*.flc=01;35:*.avi=01;35:*.fli=01;35:*.flv=01;35:*.gl=01;35:*.dl=01;35:*.xcf=01;35:*.xwd=01;35:*.yuv=01;35:*.cgm=01;35:*.emf=01;35:*.ogv=01;35:*.ogx=01;35:*.aac=00;36:*.au=00;36:*.flac=00;36:*.m4a=00;36:*.mid=00;36:*.midi=00;36:*.mka=00;36:*.mp3=00;36:*.mpc=00;36:*.ogg=00;36:*.ra=00;36:*.wav=00;36:*.oga=00;36:*.opus=00;36:*.spx=00;36:*.xspf=00;36:'), ('AMENT_PREFIX_PATH', '/home/developer/aerostack2_ws/install/as2_core:/home/developer/aerostack2_ws/install/as2_msgs:/opt/ros/humble'), ('GZ_VERSION', 'harmonic'), ('PWD', '/home/developer/aerostack2_ws/build/as2_state_estimator'), ('LC_ALL', 'C.UTF-8'), ('PYTHONPATH', '/home/developer/aerostack2_ws/install/as2_core/local/lib/python3.10/dist-packages:/home/developer/aerostack2_ws/install/as2_msgs/local/lib/python3.10/dist-packages:/opt/ros/humble/lib/python3.10/site-packages:/opt/ros/humble/local/lib/python3.10/dist-packages'), ('COLCON', '1'), ('CMAKE_PREFIX_PATH', '/home/developer/aerostack2_ws/install/as2_core:/home/developer/aerostack2_ws/install/as2_msgs:/opt/ros/humble')]), 'shell': False}
[0.669128] (as2_usb_camera_interface) JobProgress: {'identifier': 'as2_usb_camera_interface', 'progress': 'cmake'}
[0.669474] (as2_usb_camera_interface) JobProgress: {'identifier': 'as2_usb_camera_interface', 'progress': 'build'}
[0.669857] (as2_usb_camera_interface) Command: {'cmd': ['/usr/bin/cmake', '--build', '/home/developer/aerostack2_ws/build/as2_usb_camera_interface', '--', '-j20', '-l20'], 'cwd': '/home/developer/aerostack2_ws/build/as2_usb_camera_interface', 'env': OrderedDict([('HOSTNAME', 'lead-Predator-PHN16-71'), ('SHLVL', '1'), ('LD_LIBRARY_PATH', '/home/developer/aerostack2_ws/install/as2_core/lib:/home/developer/aerostack2_ws/install/as2_msgs/lib:/opt/ros/humble/opt/rviz_ogre_vendor/lib:/opt/ros/humble/lib/x86_64-linux-gnu:/opt/ros/humble/lib'), ('HOME', '/home/developer'), ('ROS_PYTHON_VERSION', '3'), ('ROS_DISTRO', 'humble'), ('_', '/usr/bin/colcon'), ('ROS_VERSION', '2'), ('TERM', 'xterm'), ('ROS_LOCALHOST_ONLY', '0'), ('QT_X11_NO_MITSHM', '1'), ('PATH', '/opt/ros/humble/bin:/usr/local/sbin:/usr/local/bin:/usr/sbin:/usr/bin:/sbin:/bin'), ('DISPLAY', ':1'), ('LANG', 'C.UTF-8'), ('LS_COLORS', 'rs=0:di=01;34:ln=01;36:mh=00:pi=40;33:so=01;35:do=01;35:bd=40;33;01:cd=40;33;01:or=40;31;01:mi=00:su=37;41:sg=30;43:ca=30;41:tw=30;42:ow=34;42:st=37;44:ex=01;32:*.tar=01;31:*.tgz=01;31:*.arc=01;31:*.arj=01;31:*.taz=01;31:*.lha=01;31:*.lz4=01;31:*.lzh=01;31:*.lzma=01;31:*.tlz=01;31:*.txz=01;31:*.tzo=01;31:*.t7z=01;31:*.zip=01;31:*.z=01;31:*.dz=01;31:*.gz=01;31:*.lrz=01;31:*.lz=01;31:*.lzo=01;31:*.xz=01;31:*.zst=01;31:*.tzst=01;31:*.bz2=01;31:*.bz=01;31:*.tbz=01;31:*.tbz2=01;31:*.tz=01;31:*.deb=01;31:*.rpm=01;31:*.jar=01;31:*.war=01;31:*.ear=01;31:*.sar=01;31:*.rar=01;31:*.alz=01;31:*.ace=01;31:*.zoo=01;31:*.cpio=01;31:*.7z=01;31:*.rz=01;31:*.cab=01;31:*.wim=01;31:*.swm=01;31:*.dwm=01;31:*.esd=01;31:*.jpg=01;35:*.jpeg=01;35:*.mjpg=01;35:*.mjpeg=01;35:*.gif=01;35:*.bmp=01;35:*.pbm=01;35:*.pgm=01;35:*.ppm=01;35:*.tga=01;35:*.xbm=01;35:*.xpm=01;35:*.tif=01;35:*.tiff=01;35:*.png=01;35:*.svg=01;35:*.svgz=01;35:*.mng=01;35:*.pcx=01;35:*.mov=01;35:*.mpg=01;35:*.mpeg=01;35:*.m2v=01;35:*.mkv=01;35:*.webm=01;35:*.webp=01;35:*.ogm=01;35:*.mp4=01;35:*.m4v=01;35:*.mp4v=01;35:*.vob=01;35:*.qt=01;35:*.nuv=01;35:*.wmv=01;35:*.asf=01;35:*.rm=01;35:*.rmvb=01;35:*.flc=01;35:*.avi=01;35:*.fli=01;35:*.flv=01;35:*.gl=01;35:*.dl=01;35:*.xcf=01;35:*.xwd=01;35:*.yuv=01;35:*.cgm=01;35:*.emf=01;35:*.ogv=01;35:*.ogx=01;35:*.aac=00;36:*.au=00;36:*.flac=00;36:*.m4a=00;36:*.mid=00;36:*.midi=00;36:*.mka=00;36:*.mp3=00;36:*.mpc=00;36:*.ogg=00;36:*.ra=00;36:*.wav=00;36:*.oga=00;36:*.opus=00;36:*.spx=00;36:*.xspf=00;36:'), ('AMENT_PREFIX_PATH', '/home/developer/aerostack2_ws/install/as2_core:/home/developer/aerostack2_ws/install/as2_msgs:/opt/ros/humble'), ('GZ_VERSION', 'harmonic'), ('PWD', '/home/developer/aerostack2_ws/build/as2_usb_camera_interface'), ('LC_ALL', 'C.UTF-8'), ('PYTHONPATH', '/home/developer/aerostack2_ws/install/as2_core/local/lib/python3.10/dist-packages:/home/developer/aerostack2_ws/install/as2_msgs/local/lib/python3.10/dist-packages:/opt/ros/humble/lib/python3.10/site-packages:/opt/ros/humble/local/lib/python3.10/dist-packages'), ('COLCON', '1'), ('CMAKE_PREFIX_PATH', '/home/developer/aerostack2_ws/install/as2_core:/home/developer/aerostack2_ws/install/as2_msgs:/opt/ros/humble')]), 'shell': False}
[0.682117] (as2_motion_reference_handlers) StdoutLine: {'line': b'[ 25%] \x1b[32mBuilding CXX object CMakeFiles/as2_motion_reference_handlers.dir/src/basic_motion_references.cpp.o\x1b[0m\n'}
[0.682280] (as2_motion_reference_handlers) StdoutLine: {'line': b'[ 25%] \x1b[32mBuilding CXX object CMakeFiles/as2_motion_reference_handlers.dir/src/trajectory_motion.cpp.o\x1b[0m\n'}
[0.682335] (as2_motion_reference_handlers) StdoutLine: {'line': b'[ 37%] \x1b[32mBuilding CXX object CMakeFiles/as2_motion_reference_handlers.dir/src/hover_motion.cpp.o\x1b[0m\n'}
[0.682689] (as2_motion_reference_handlers) StdoutLine: {'line': b'[ 50%] \x1b[32mBuilding CXX object CMakeFiles/as2_motion_reference_handlers.dir/src/speed_motion.cpp.o\x1b[0m\n'}
[0.685079] (as2_motion_reference_handlers) StdoutLine: {'line': b'[ 62%] \x1b[32mBuilding CXX object CMakeFiles/as2_motion_reference_handlers.dir/src/acro_motion.cpp.o\x1b[0m\n'}
[0.685249] (as2_motion_reference_handlers) StdoutLine: {'line': b'[ 75%] \x1b[32mBuilding CXX object CMakeFiles/as2_motion_reference_handlers.dir/src/position_motion.cpp.o\x1b[0m\n'}
[0.685320] (as2_motion_reference_handlers) StdoutLine: {'line': b'[ 87%] \x1b[32mBuilding CXX object CMakeFiles/as2_motion_reference_handlers.dir/src/speed_in_a_plane_motion.cpp.o\x1b[0m\n'}
[0.693101] (as2_motion_reference_handlers) StdoutLine: {'line': b'[ 87%] Built target ament_cmake_python_symlink_as2_motion_reference_handlers\n'}
[0.693740] (as2_behavior) StdoutLine: {'line': b'[ 12%] \x1b[32mBuilding CXX object gtest/CMakeFiles/gtest.dir/src/gtest-all.cc.o\x1b[0m\n'}
[0.698059] (as2_realsense_interface) StdoutLine: {'line': b'[  9%] \x1b[32mBuilding CXX object gtest/CMakeFiles/gtest.dir/src/gtest-all.cc.o\x1b[0m\n'}
[0.698239] (as2_behavior) StdoutLine: {'line': b'[ 25%] \x1b[32mBuilding CXX object CMakeFiles/as2_behavior.dir/src/behavior_server.cpp.o\x1b[0m\n'}
[0.700322] (as2_external_object_to_tf) StdoutLine: {'line': b'[  9%] \x1b[32mBuilding CXX object CMakeFiles/as2_external_object_to_tf.dir/src/as2_external_object_to_tf.cpp.o\x1b[0m\n'}
[0.700782] (-) TimerEvent: {}
[0.702091] (as2_realsense_interface) StdoutLine: {'line': b'[ 18%] \x1b[32mBuilding CXX object gtest/CMakeFiles/gtest_main.dir/src/gtest_main.cc.o\x1b[0m\n'}
[0.706287] (as2_geozones) StdoutLine: {'line': b'[  9%] \x1b[32mBuilding CXX object CMakeFiles/as2_geozones.dir/src/as2_geozones.cpp.o\x1b[0m\n'}
[0.706447] (as2_map_server) StdoutLine: {'line': b'[  7%] \x1b[32mBuilding CXX object CMakeFiles/as2_map_server.dir/src/map_server.cpp.o\x1b[0m\n'}
[0.706511] (as2_map_server) StdoutLine: {'line': b'[ 14%] \x1b[32mBuilding CXX object gtest/CMakeFiles/gtest.dir/src/gtest-all.cc.o\x1b[0m\n'}
[0.706551] (as2_map_server) StdoutLine: {'line': b'[ 21%] \x1b[32m\x1b[1mLinking CXX shared library libas2_map_server_base.so\x1b[0m\n'}
[0.706590] (as2_map_server) StdoutLine: {'line': b'[ 28%] \x1b[32mBuilding CXX object gtest/CMakeFiles/gtest_main.dir/src/gtest_main.cc.o\x1b[0m\n'}
[0.706622] (as2_map_server) StdoutLine: {'line': b'[ 35%] \x1b[32mBuilding CXX object CMakeFiles/as2_map_server.dir/src/map_server_node.cpp.o\x1b[0m\n'}
[0.706766] (as2_behavior) StdoutLine: {'line': b'[ 37%] \x1b[32mBuilding CXX object gtest/CMakeFiles/gtest_main.dir/src/gtest_main.cc.o\x1b[0m\n'}
[0.707104] (as2_alphanumeric_viewer) StdoutLine: {'line': b'[ 33%] \x1b[32mBuilding CXX object CMakeFiles/as2_alphanumeric_viewer_node.dir/src/alphanumeric_viewer.cpp.o\x1b[0m\n'}
[0.710050] (as2_realsense_interface) StdoutLine: {'line': b'[ 27%] \x1b[32mBuilding CXX object CMakeFiles/as2_realsense_interface.dir/src/as2_realsense_interface.cpp.o\x1b[0m\n'}
[0.710259] (as2_alphanumeric_viewer) StdoutLine: {'line': b'[ 66%] \x1b[32mBuilding CXX object CMakeFiles/as2_alphanumeric_viewer_node.dir/src/alphanumeric_viewer_node.cpp.o\x1b[0m\n'}
[0.713506] (as2_external_object_to_tf) StdoutLine: {'line': b'[ 18%] \x1b[32mBuilding CXX object CMakeFiles/as2_external_object_to_tf_node.dir/src/as2_external_object_to_tf.cpp.o\x1b[0m\n'}
[0.716087] (as2_geozones) StdoutLine: {'line': b'[ 18%] \x1b[32mBuilding CXX object gtest/CMakeFiles/gtest_main.dir/src/gtest_main.cc.o\x1b[0m\n'}
[0.722586] (as2_realsense_interface) StdoutLine: {'line': b'[ 36%] \x1b[32mBuilding CXX object CMakeFiles/as2_realsense_interface_node.dir/src/as2_realsense_interface_node.cpp.o\x1b[0m\n'}
[0.722755] (as2_external_object_to_tf) StdoutLine: {'line': b'[ 27%] \x1b[32mBuilding CXX object CMakeFiles/as2_external_object_to_tf_node.dir/src/as2_external_object_to_tf_node.cpp.o\x1b[0m\n'}
[0.722822] (as2_realsense_interface) StdoutLine: {'line': b'[ 45%] \x1b[32mBuilding CXX object CMakeFiles/as2_realsense_interface_node.dir/src/as2_realsense_interface.cpp.o\x1b[0m\n'}
[0.725023] (as2_state_estimator) StdoutLine: {'line': b'[  4%] \x1b[32mBuilding CXX object gtest/CMakeFiles/gtest_main.dir/src/gtest_main.cc.o\x1b[0m\n'}
[0.725238] (as2_external_object_to_tf) StdoutLine: {'line': b'[ 36%] \x1b[32mBuilding CXX object gtest/CMakeFiles/gtest_main.dir/src/gtest_main.cc.o\x1b[0m\n'}
[0.726098] (as2_geozones) StdoutLine: {'line': b'[ 27%] \x1b[32mBuilding CXX object CMakeFiles/as2_geozones_node.dir/src/as2_geozones_node.cpp.o\x1b[0m\n'}
[0.730196] (as2_geozones) StdoutLine: {'line': b'[ 36%] \x1b[32mBuilding CXX object gtest/CMakeFiles/gtest.dir/src/gtest-all.cc.o\x1b[0m\n'}
[0.733804] (as2_platform_multirotor_simulator) StdoutLine: {'line': b'[  2%] \x1b[32mBuilding CXX object gtest/CMakeFiles/gtest_main.dir/src/gtest_main.cc.o\x1b[0m\n'}
[0.740882] (as2_state_estimator) StdoutLine: {'line': b'[  8%] \x1b[32mBuilding CXX object gtest/CMakeFiles/gtest.dir/src/gtest-all.cc.o\x1b[0m\n'}
[0.741072] (as2_state_estimator) StdoutLine: {'line': b'[ 13%] \x1b[32mBuilding CXX object CMakeFiles/as2_state_estimator.dir/src/as2_state_estimator.cpp.o\x1b[0m\n'}
[0.741143] (as2_state_estimator) StdoutLine: {'line': b'[ 17%] \x1b[32m\x1b[1mLinking CXX shared library libas2_state_estimator_plugin_base.so\x1b[0m\n'}
[0.741205] (as2_usb_camera_interface) StdoutLine: {'line': b'[  9%] \x1b[32mBuilding CXX object CMakeFiles/as2_usb_camera_interface.dir/src/as2_usb_camera_interface.cpp.o\x1b[0m\n'}
[0.741288] (as2_usb_camera_interface) StdoutLine: {'line': b'[ 18%] \x1b[32mBuilding CXX object gtest/CMakeFiles/gtest_main.dir/src/gtest_main.cc.o\x1b[0m\n'}
[0.741347] (as2_geozones) StdoutLine: {'line': b'[ 45%] \x1b[32mBuilding CXX object CMakeFiles/as2_geozones_node.dir/src/as2_geozones.cpp.o\x1b[0m\n'}
[0.741465] (as2_platform_multirotor_simulator) StdoutLine: {'line': b'[  4%] \x1b[32mBuilding CXX object gtest/CMakeFiles/gtest.dir/src/gtest-all.cc.o\x1b[0m\n'}
[0.745498] (as2_usb_camera_interface) StdoutLine: {'line': b'[ 27%] \x1b[32mBuilding CXX object CMakeFiles/as2_usb_camera_interface_node.dir/src/as2_usb_camera_interface_node.cpp.o\x1b[0m\n'}
[0.750119] (as2_external_object_to_tf) StdoutLine: {'line': b'[ 45%] \x1b[32mBuilding CXX object gtest/CMakeFiles/gtest.dir/src/gtest-all.cc.o\x1b[0m\n'}
[0.750279] (as2_platform_multirotor_simulator) StdoutLine: {'line': b'[  6%] \x1b[32m\x1b[1mLinking CXX shared library libpid_controller.so\x1b[0m\n'}
[0.760080] (as2_usb_camera_interface) StdoutLine: {'line': b'[ 36%] \x1b[32mBuilding CXX object CMakeFiles/as2_usb_camera_interface_node.dir/src/as2_usb_camera_interface.cpp.o\x1b[0m\n'}
[0.760217] (as2_usb_camera_interface) StdoutLine: {'line': b'[ 45%] \x1b[32mBuilding CXX object gtest/CMakeFiles/gtest.dir/src/gtest-all.cc.o\x1b[0m\n'}
[0.784621] (as2_gazebo_assets) StderrLine: {'line': b'\x1b[0mUsing GAZEBO version: harmonic\x1b[0m\n'}
[0.794098] (as2_gazebo_assets) StdoutLine: {'line': b'-- Looking for gz-sim8 -- found version 8.13.0\n'}
[0.799426] (as2_gazebo_assets) StdoutLine: {'line': b'-- Searching for dependencies of gz-sim8\n'}
[0.800860] (-) TimerEvent: {}
[0.808937] (as2_gazebo_assets) StdoutLine: {'line': b'-- Looking for sdformat14 -- found version 14.9.0\n'}
[0.809139] (as2_gazebo_assets) StdoutLine: {'line': b'-- Searching for dependencies of sdformat14\n'}
[0.817699] (as2_gazebo_assets) StdoutLine: {'line': b"-- Checking for module 'tinyxml2'\n"}
[0.853514] (as2_gazebo_assets) StdoutLine: {'line': b'--   Found tinyxml2, version 9.0.0\n'}
[0.872413] (as2_platform_multirotor_simulator) StdoutLine: {'line': b'[  6%] Built target pid_controller\n'}
[0.878107] (as2_behavior_tree) StdoutLine: {'line': b'-- Override CMake install command with custom implementation using symlinks instead of copying resources\n'}
[0.890341] (as2_behavior_tree) StdoutLine: {'line': b'-- Found ament_cmake_ros: 0.10.0 (/opt/ros/humble/share/ament_cmake_ros/cmake)\n'}
[0.900966] (-) TimerEvent: {}
[0.915475] (as2_behavior_tree) StdoutLine: {'line': b'-- Found behaviortree_cpp: 4.9.0 (/opt/ros/humble/share/behaviortree_cpp/cmake)\n'}
[0.923819] (as2_platform_multirotor_simulator) StdoutLine: {'line': b'[  8%] \x1b[32mBuilding CXX object _deps/multirotor_simulator-build/pid_controller/tests/CMakeFiles/pid_controller_saturate_output_gtest.dir/pid_test/saturate_output_gtest.cpp.o\x1b[0m\n'}
[0.925347] (as2_platform_multirotor_simulator) StdoutLine: {'line': b'[ 10%] \x1b[32mBuilding CXX object _deps/multirotor_simulator-build/pid_controller/tests/CMakeFiles/pid_controller_pid_gtest.dir/pid_test/pid_gtest.cpp.o\x1b[0m\n'}
[0.926519] (as2_platform_multirotor_simulator) StdoutLine: {'line': b'[ 12%] \x1b[32mBuilding CXX object CMakeFiles/as2_platform_multirotor_simulator.dir/src/as2_platform_multirotor_simulator.cpp.o\x1b[0m\n'}
[0.931605] (as2_map_server) StdoutLine: {'line': b'[ 35%] Built target as2_map_server_base\n'}
[0.933179] (as2_platform_multirotor_simulator) StdoutLine: {'line': b'[ 14%] \x1b[32mBuilding CXX object CMakeFiles/as2_platform_multirotor_simulator.dir/src/as2_interface.cpp.o\x1b[0m\n'}
[0.933471] (as2_platform_multirotor_simulator) StdoutLine: {'line': b'[ 16%] \x1b[32mBuilding CXX object CMakeFiles/as2_platform_multirotor_simulator_node.dir/src/as2_platform_multirotor_simulator_node.cpp.o\x1b[0m\n'}
[0.936139] (as2_behavior_tree) StdoutLine: {'line': b'-- Found rclcpp: 16.0.19 (/opt/ros/humble/share/rclcpp/cmake)\n'}
[0.939797] (as2_platform_multirotor_simulator) StdoutLine: {'line': b'[ 20%] \x1b[32mBuilding CXX object _deps/multirotor_simulator-build/tests/CMakeFiles/multirotor_simulator_imu_gtest.dir/imu_simulator/imu_gtest.cpp.o\x1b[0m\n'}
[0.941421] (as2_platform_multirotor_simulator) StdoutLine: {'line': b'[ 22%] \x1b[32mBuilding CXX object _deps/multirotor_simulator-build/pid_controller/tests/CMakeFiles/pid_controller_pid_1d_gtest.dir/pid_1d_test/pid_1d_gtest.cpp.o\x1b[0m\n'}
[0.943177] (as2_platform_multirotor_simulator) StdoutLine: {'line': b'[ 24%] \x1b[32mBuilding CXX object _deps/multirotor_simulator-build/tests/CMakeFiles/multirotor_simulator_indi_controller_gtest.dir/multirotor_controllers/controllers/indi_controller_gtest.cpp.o\x1b[0m\n'}
[0.947688] (as2_platform_multirotor_simulator) StdoutLine: {'line': b'[ 26%] \x1b[32mBuilding CXX object _deps/multirotor_simulator-build/tests/CMakeFiles/multirotor_simulator_utils_gtest.dir/multirotor_dynamic_model/common/utils_gtest.cpp.o\x1b[0m\n'}
[0.953216] (as2_platform_multirotor_simulator) StdoutLine: {'line': b'[ 18%] \x1b[32mBuilding CXX object _deps/multirotor_simulator-build/tests/CMakeFiles/multirotor_simulator_trajectory_controller_gtest.dir/multirotor_controllers/controllers/trajectory_controller_gtest.cpp.o\x1b[0m\n'}
[0.968088] (as2_platform_multirotor_simulator) StdoutLine: {'line': b'[ 28%] \x1b[32mBuilding CXX object _deps/multirotor_simulator-build/tests/CMakeFiles/multirotor_simulator_inertial_odometry_gtest.dir/imu_simulator/inertial_odometry_gtest.cpp.o\x1b[0m\n'}
[0.968267] (as2_platform_multirotor_simulator) StdoutLine: {'line': b'[ 30%] \x1b[32mBuilding CXX object _deps/multirotor_simulator-build/tests/CMakeFiles/multirotor_simulator_state_gtest.dir/multirotor_dynamic_model/common/state_gtest.cpp.o\x1b[0m\n'}
[0.970114] (as2_platform_multirotor_simulator) StdoutLine: {'line': b'[ 32%] \x1b[32mBuilding CXX object _deps/multirotor_simulator-build/tests/CMakeFiles/multirotor_simulator_multirotor_controllers_gtest.dir/multirotor_controllers/multirotor_controllers_gtest.cpp.o\x1b[0m\n'}
[0.971219] (as2_gazebo_assets) StdoutLine: {'line': b'-- Looking for gz-math7 -- found version 7.6.0\n'}
[0.971628] (as2_gazebo_assets) StdoutLine: {'line': b'-- Searching for dependencies of gz-math7\n'}
[0.971861] (as2_platform_multirotor_simulator) StdoutLine: {'line': b'[ 34%] \x1b[32mBuilding CXX object _deps/multirotor_simulator-build/tests/CMakeFiles/multirotor_simulator_dynamics_gtest.dir/multirotor_dynamic_model/multirotor_dynamic_model/dynamics_gtest.cpp.o\x1b[0m\n'}
[0.971974] (as2_gazebo_assets) StdoutLine: {'line': b'-- Looking for gz-utils2 -- found version 2.2.1\n'}
[0.974158] (as2_platform_multirotor_simulator) StdoutLine: {'line': b'[ 36%] \x1b[32mBuilding CXX object _deps/multirotor_simulator-build/tests/CMakeFiles/multirotor_simulator_acro_controller_gtest.dir/multirotor_controllers/controllers/acro_controller_gtest.cpp.o\x1b[0m\n'}
[0.974829] (as2_platform_multirotor_simulator) StdoutLine: {'line': b'[ 38%] \x1b[32mBuilding CXX object _deps/multirotor_simulator-build/tests/CMakeFiles/multirotor_simulator_position_controller_gtest.dir/multirotor_controllers/controllers/position_controller_gtest.cpp.o\x1b[0m\n'}
[0.979518] (as2_platform_multirotor_simulator) StdoutLine: {'line': b'[ 40%] \x1b[32mBuilding CXX object _deps/multirotor_simulator-build/tests/CMakeFiles/multirotor_simulator_model_gtest.dir/multirotor_dynamic_model/multirotor_dynamic_model/model_gtest.cpp.o\x1b[0m\n'}
[0.979737] (as2_platform_multirotor_simulator) StdoutLine: {'line': b'[ 42%] \x1b[32mBuilding CXX object _deps/multirotor_simulator-build/tests/CMakeFiles/multirotor_simulator_velocity_controller_gtest.dir/multirotor_controllers/controllers/velocity_controller_gtest.cpp.o\x1b[0m\n'}
[0.985075] (as2_gazebo_assets) StdoutLine: {'line': b'-- Looking for gz-utils2 -- found version 2.2.1\n'}
[0.985519] (as2_gazebo_assets) StdoutLine: {'line': b'-- Searching for dependencies of gz-utils2\n'}
[0.985595] (as2_gazebo_assets) StdoutLine: {'line': b'-- Searching for <gz-utils2> component [cli]\n'}
[1.002066] (-) TimerEvent: {}
[1.006122] (as2_gazebo_assets) StdoutLine: {'line': b'-- Looking for gz-utils2-cli -- found version 2.2.1\n'}
[1.013055] (as2_map_server) StdoutLine: {'line': b'[ 42%] \x1b[32mBuilding CXX object plugins/scan2occ_grid/CMakeFiles/scan2occ_grid.dir/src/scan2occ_grid.cpp.o\x1b[0m\n'}
[1.015068] (as2_gazebo_assets) StdoutLine: {'line': b'-- Searching for dependencies of gz-utils2-cli\n'}
[1.017834] (as2_state_estimator) StdoutLine: {'line': b'[ 17%] Built target as2_state_estimator_plugin_base\n'}
[1.033166] (as2_gazebo_assets) StdoutLine: {'line': b'-- Looking for gz-plugin2 -- found version 2.0.4\n'}
[1.033635] (as2_gazebo_assets) StdoutLine: {'line': b'-- Searching for dependencies of gz-plugin2\n'}
[1.034438] (as2_gazebo_assets) StdoutLine: {'line': b'-- Looking for gz-utils2 -- found version 2.2.1\n'}
[1.034521] (as2_gazebo_assets) StdoutLine: {'line': b'-- Searching for <gz-plugin2> component [loader]\n'}
[1.049580] (as2_gazebo_assets) StdoutLine: {'line': b'-- Looking for gz-plugin2-loader -- found version 2.0.4\n'}
[1.058102] (as2_gazebo_assets) StdoutLine: {'line': b'-- Searching for dependencies of gz-plugin2-loader\n'}
[1.058844] (as2_gazebo_assets) StdoutLine: {'line': b'-- Searching for <gz-plugin2> component [register]\n'}
[1.074181] (as2_gazebo_assets) StdoutLine: {'line': b'-- Looking for gz-plugin2-register -- found version 2.0.4\n'}
[1.074577] (as2_gazebo_assets) StdoutLine: {'line': b'-- Searching for dependencies of gz-plugin2-register\n'}
[1.099250] (as2_gazebo_assets) StdoutLine: {'line': b'-- Looking for gz-transport13 -- found version 13.5.0\n'}
[1.099692] (as2_gazebo_assets) StdoutLine: {'line': b'-- Searching for dependencies of gz-transport13\n'}
[1.102147] (-) TimerEvent: {}
[1.150817] (as2_behavior_tree) StdoutLine: {'line': b'-- Found rosidl_generator_c: 3.1.8 (/opt/ros/humble/share/rosidl_generator_c/cmake)\n'}
[1.179411] (as2_behavior_tree) StdoutLine: {'line': b'-- Found rosidl_adapter: 3.1.8 (/opt/ros/humble/share/rosidl_adapter/cmake)\n'}
[1.204075] (-) TimerEvent: {}
[1.235109] (as2_behavior_tree) StdoutLine: {'line': b'-- Found rosidl_generator_cpp: 3.1.8 (/opt/ros/humble/share/rosidl_generator_cpp/cmake)\n'}
[1.304188] (-) TimerEvent: {}
[1.322395] (as2_behavior_tree) StdoutLine: {'line': b'-- Using all available rosidl_typesupport_c: rosidl_typesupport_fastrtps_c;rosidl_typesupport_introspection_c\n'}
[1.331961] (as2_gazebo_assets) StdoutLine: {'line': b'-- Config-file not installed for ZeroMQ -- checking for pkg-config\n'}
[1.343933] (as2_gazebo_assets) StdoutLine: {'line': b"-- Checking for module 'libzmq >= 4'\n"}
[1.371901] (as2_gazebo_assets) StdoutLine: {'line': b'--   Found libzmq , version 4.3.4\n'}
[1.390100] (as2_behavior_tree) StdoutLine: {'line': b'-- Using all available rosidl_typesupport_cpp: rosidl_typesupport_fastrtps_cpp;rosidl_typesupport_introspection_cpp\n'}
[1.404306] (-) TimerEvent: {}
[1.451062] (as2_motion_reference_handlers) StdoutLine: {'line': b'running egg_info\n'}
[1.451308] (as2_motion_reference_handlers) StdoutLine: {'line': b'creating as2_motion_reference_handlers.egg-info\n'}
[1.451397] (as2_motion_reference_handlers) StdoutLine: {'line': b'writing as2_motion_reference_handlers.egg-info/PKG-INFO\n'}
[1.451471] (as2_motion_reference_handlers) StdoutLine: {'line': b'writing dependency_links to as2_motion_reference_handlers.egg-info/dependency_links.txt\n'}
[1.451539] (as2_motion_reference_handlers) StdoutLine: {'line': b'writing top-level names to as2_motion_reference_handlers.egg-info/top_level.txt\n'}
[1.451605] (as2_motion_reference_handlers) StdoutLine: {'line': b"writing manifest file 'as2_motion_reference_handlers.egg-info/SOURCES.txt'\n"}
[1.457184] (as2_motion_reference_handlers) StdoutLine: {'line': b"reading manifest file 'as2_motion_reference_handlers.egg-info/SOURCES.txt'\n"}
[1.457703] (as2_motion_reference_handlers) StdoutLine: {'line': b"writing manifest file 'as2_motion_reference_handlers.egg-info/SOURCES.txt'\n"}
[1.460125] (as2_gazebo_assets) StdoutLine: {'line': b"-- Checking for module 'uuid'\n"}
[1.490396] (as2_gazebo_assets) StdoutLine: {'line': b'--   Found uuid, version 2.37.2\n'}
[1.504422] (-) TimerEvent: {}
[1.549467] (as2_gazebo_assets) StdoutLine: {'line': b'-- Looking for gz-utils2 -- found version 2.2.1\n'}
[1.566081] (as2_gazebo_assets) StdoutLine: {'line': b'-- Looking for gz-msgs10 -- found version 10.3.2\n'}
[1.568501] (as2_gazebo_assets) StdoutLine: {'line': b'-- Searching for dependencies of gz-msgs10\n'}
[1.573081] (as2_motion_reference_handlers) StdoutLine: {'line': b'[ 87%] Built target ament_cmake_python_build_as2_motion_reference_handlers_egg\n'}
[1.591389] (as2_behavior_tree) StdoutLine: {'line': b'-- Found rmw_implementation_cmake: 6.1.2 (/opt/ros/humble/share/rmw_implementation_cmake/cmake)\n'}
[1.601513] (as2_behavior_tree) StdoutLine: {'line': b'-- Found rmw_fastrtps_cpp: 6.2.10 (/opt/ros/humble/share/rmw_fastrtps_cpp/cmake)\n'}
[1.608076] (-) TimerEvent: {}
[1.707061] (as2_gazebo_assets) StdoutLine: {'line': b'-- Looking for gz-utils2 -- found version 2.2.1\n'}
[1.707263] (as2_gazebo_assets) StdoutLine: {'line': b'-- Looking for gz-math7 -- found version 7.6.0\n'}
[1.708150] (-) TimerEvent: {}
[1.732304] (as2_state_estimator) StdoutLine: {'line': b'[ 21%] \x1b[32m\x1b[1mLinking CXX static library libgtest_main.a\x1b[0m\n'}
[1.782049] (as2_gazebo_assets) StdoutLine: {'line': b'-- Searching for <gz-transport13> component [log]\n'}
[1.790123] (as2_gazebo_assets) StdoutLine: {'line': b'-- Looking for gz-transport13-log -- found version 13.5.0\n'}
[1.792394] (as2_state_estimator) StdoutLine: {'line': b'[ 21%] Built target gtest_main\n'}
[1.793283] (as2_gazebo_assets) StdoutLine: {'line': b'-- Searching for dependencies of gz-transport13-log\n'}
[1.794144] (as2_gazebo_assets) StdoutLine: {'line': b'-- Searching for <gz-transport13> component [parameters]\n'}
[1.799450] (as2_gazebo_assets) StdoutLine: {'line': b'-- Looking for gz-transport13-parameters -- found version 13.5.0\n'}
[1.800290] (as2_gazebo_assets) StdoutLine: {'line': b'-- Searching for dependencies of gz-transport13-parameters\n'}
[1.801173] (as2_gazebo_assets) StdoutLine: {'line': b'-- Looking for gz-msgs10 -- found version 10.3.2\n'}
[1.801671] (as2_gazebo_assets) StdoutLine: {'line': b'-- Looking for gz-common5 -- found version 5.8.0\n'}
[1.802156] (as2_gazebo_assets) StdoutLine: {'line': b'-- Searching for dependencies of gz-common5\n'}
[1.802539] (as2_gazebo_assets) StdoutLine: {'line': b'-- Looking for gz-utils2 -- found version 2.2.1\n'}
[1.802790] (as2_gazebo_assets) StdoutLine: {'line': b'-- Looking for dlfcn.h - found\n'}
[1.802885] (as2_gazebo_assets) StdoutLine: {'line': b'-- Looking for libdl - found\n'}
[1.810095] (-) TimerEvent: {}
[1.819629] (as2_gazebo_assets) StdoutLine: {'line': b'-- Searching for <gz-common5> component [av]\n'}
[1.827831] (as2_gazebo_assets) StdoutLine: {'line': b'-- Looking for gz-common5-av -- found version 5.8.0\n'}
[1.828092] (as2_gazebo_assets) StdoutLine: {'line': b'-- Searching for dependencies of gz-common5-av\n'}
[1.833517] (as2_gazebo_assets) StdoutLine: {'line': b"-- Checking for module 'libswscale'\n"}
[1.870071] (as2_gazebo_assets) StdoutLine: {'line': b'--   Found libswscale, version 5.9.100\n'}
[1.879677] (as2_behavior_tree) StdoutLine: {'line': b'-- Found OpenSSL: /usr/lib/x86_64-linux-gnu/libcrypto.so (found version "3.0.2")  \n'}
[1.901499] (as2_map_server) StdoutLine: {'line': b'[ 50%] \x1b[32m\x1b[1mLinking CXX static library libgtest_main.a\x1b[0m\n'}
[1.910213] (-) TimerEvent: {}
[1.948220] (as2_gazebo_assets) StdoutLine: {'line': b"-- Checking for module 'libavdevice >= 56.4.100'\n"}
[1.969105] (as2_gazebo_assets) StdoutLine: {'line': b'--   Found libavdevice , version 58.13.100\n'}
[1.990741] (as2_map_server) StdoutLine: {'line': b'[ 50%] Built target gtest_main\n'}
[2.010336] (-) TimerEvent: {}
[2.036076] (as2_behavior_tree) StdoutLine: {'line': b'-- Found FastRTPS: /opt/ros/humble/include  \n'}
[2.036292] (as2_gazebo_assets) StdoutLine: {'line': b"-- Checking for module 'libavformat'\n"}
[2.069417] (as2_gazebo_assets) StdoutLine: {'line': b'--   Found libavformat, version 58.76.100\n'}
[2.110444] (-) TimerEvent: {}
[2.167421] (as2_behavior_tree) StdoutLine: {'line': b"-- Using RMW implementation 'rmw_fastrtps_cpp' as default\n"}
[2.179372] (as2_behavior_tree) StdoutLine: {'line': b'-- Looking for pthread.h\n'}
[2.211073] (-) TimerEvent: {}
[2.224394] (as2_gazebo_assets) StdoutLine: {'line': b"-- Checking for module 'libavcodec'\n"}
[2.237557] (as2_gazebo_assets) StdoutLine: {'line': b'--   Found libavcodec, version 58.134.100\n'}
[2.311212] (-) TimerEvent: {}
[2.349128] (as2_gazebo_assets) StdoutLine: {'line': b"-- Checking for module 'libavutil'\n"}
[2.362173] (as2_gazebo_assets) StdoutLine: {'line': b'--   Found libavutil, version 56.70.100\n'}
[2.388316] (as2_behavior_tree) StdoutLine: {'line': b'-- Looking for pthread.h - found\n'}
[2.388858] (as2_behavior_tree) StdoutLine: {'line': b'-- Performing Test CMAKE_HAVE_LIBC_PTHREAD\n'}
[2.412069] (-) TimerEvent: {}
[2.491067] (as2_gazebo_assets) StdoutLine: {'line': b'-- Searching for <gz-common5> component [events]\n'}
[2.495135] (as2_gazebo_assets) StdoutLine: {'line': b'-- Looking for gz-common5-events -- found version 5.8.0\n'}
[2.495308] (as2_gazebo_assets) StdoutLine: {'line': b'-- Searching for dependencies of gz-common5-events\n'}
[2.495354] (as2_gazebo_assets) StdoutLine: {'line': b'-- Looking for gz-math7 -- found version 7.6.0\n'}
[2.495542] (as2_gazebo_assets) StdoutLine: {'line': b'-- Searching for <gz-common5> component [graphics]\n'}
[2.499233] (as2_gazebo_assets) StdoutLine: {'line': b'-- Looking for gz-common5-graphics -- found version 5.8.0\n'}
[2.499608] (as2_gazebo_assets) StdoutLine: {'line': b'-- Searching for dependencies of gz-common5-graphics\n'}
[2.499973] (as2_gazebo_assets) StdoutLine: {'line': b'-- Looking for gz-math7 -- found version 7.6.0\n'}
[2.512438] (-) TimerEvent: {}
[2.532130] (as2_gazebo_assets) StdoutLine: {'line': b'-- Found GzAssimp: TRUE (found version "5.2.0") \n'}
[2.532267] (as2_gazebo_assets) StdoutLine: {'line': b'-- Searching for <gz-common5> component [io]\n'}
[2.536357] (as2_gazebo_assets) StdoutLine: {'line': b'-- Looking for gz-common5-io -- found version 5.8.0\n'}
[2.536947] (as2_gazebo_assets) StdoutLine: {'line': b'-- Searching for dependencies of gz-common5-io\n'}
[2.537603] (as2_gazebo_assets) StdoutLine: {'line': b'-- Searching for <gz-common5> component [profiler]\n'}
[2.542184] (as2_gazebo_assets) StdoutLine: {'line': b'-- Looking for gz-common5-profiler -- found version 5.8.0\n'}
[2.542381] (as2_gazebo_assets) StdoutLine: {'line': b'-- Searching for dependencies of gz-common5-profiler\n'}
[2.547179] (as2_gazebo_assets) StdoutLine: {'line': b'-- Looking for gz-fuel_tools9 -- found version 9.1.1\n'}
[2.547367] (as2_gazebo_assets) StdoutLine: {'line': b'-- Searching for dependencies of gz-fuel_tools9\n'}
[2.615076] (-) TimerEvent: {}
[2.667203] (as2_behavior_tree) StdoutLine: {'line': b'-- Performing Test CMAKE_HAVE_LIBC_PTHREAD - Success\n'}
[2.667389] (as2_behavior_tree) StdoutLine: {'line': b'-- Found Threads: TRUE  \n'}
[2.715227] (-) TimerEvent: {}
[2.739286] (as2_gazebo_assets) StdoutLine: {'line': b"-- Checking for module 'jsoncpp'\n"}
[2.761719] (as2_gazebo_assets) StdoutLine: {'line': b'--   Found jsoncpp, version 1.9.5\n'}
[2.815609] (-) TimerEvent: {}
[2.819162] (as2_behavior_tree) StdoutLine: {'line': b'-- Found rclcpp_action: 16.0.19 (/opt/ros/humble/share/rclcpp_action/cmake)\n'}
[2.893064] (as2_behavior_tree) StdoutLine: {'line': b'-- Found as2_core: 1.1.3 (/home/developer/aerostack2_ws/install/as2_core/share/as2_core/cmake)\n'}
[2.897215] (as2_behavior_tree) StdoutLine: {'line': b'-- Created yaml-cpp::yaml-cpp alias from yaml-cpp target\n'}
[2.903237] (as2_behavior_tree) StdoutLine: {'line': b'-- Created GeographicLib::GeographicLib target from legacy variables\n'}
[2.910079] (as2_gazebo_assets) StdoutLine: {'line': b"-- Checking for module 'libzip'\n"}
[2.915728] (-) TimerEvent: {}
[2.962466] (as2_gazebo_assets) StdoutLine: {'line': b'--   Found libzip, version 1.7.3\n'}
[3.015871] (-) TimerEvent: {}
[3.107418] (as2_gazebo_assets) StdoutLine: {'line': b'-- Looking for gz-utils2 -- found version 2.2.1\n'}
[3.108188] (as2_gazebo_assets) StdoutLine: {'line': b'-- Looking for gz-common5 -- found version 5.8.0\n'}
[3.112122] (as2_gazebo_assets) StdoutLine: {'line': b'-- Searching for dependencies of gz-common5\n'}
[3.112309] (as2_gazebo_assets) StdoutLine: {'line': b'-- Looking for gz-utils2 -- found version 2.2.1\n'}
[3.112373] (as2_gazebo_assets) StdoutLine: {'line': b'-- Looking for dlfcn.h - found\n'}
[3.112418] (as2_gazebo_assets) StdoutLine: {'line': b'-- Looking for libdl - found\n'}
[3.115985] (-) TimerEvent: {}
[3.117526] (as2_gazebo_assets) StdoutLine: {'line': b'-- Searching for <gz-common5> component [testing]\n'}
[3.120960] (as2_gazebo_assets) StdoutLine: {'line': b'-- Looking for gz-common5-testing -- found version 5.8.0\n'}
[3.121521] (as2_gazebo_assets) StdoutLine: {'line': b'-- Searching for dependencies of gz-common5-testing\n'}
[3.123962] (as2_gazebo_assets) StdoutLine: {'line': b'-- Looking for gz-math7 -- found version 7.6.0\n'}
[3.124230] (as2_gazebo_assets) StdoutLine: {'line': b'-- Looking for gz-msgs10 -- found version 10.3.2\n'}
[3.127339] (as2_gazebo_assets) StdoutLine: {'line': b'-- Looking for gz-gui8 -- found version 8.4.0\n'}
[3.127826] (as2_gazebo_assets) StdoutLine: {'line': b'-- Searching for dependencies of gz-gui8\n'}
[3.215118] (as2_gazebo_assets) StdoutLine: {'line': b'-- Looking for gz-utils2 -- found version 2.2.1\n'}
[3.215324] (as2_gazebo_assets) StdoutLine: {'line': b'-- Looking for gz-math7 -- found version 7.6.0\n'}
[3.217107] (as2_gazebo_assets) StdoutLine: {'line': b'-- Looking for gz-common5 -- found version 5.8.0\n'}
[3.217272] (-) TimerEvent: {}
[3.217443] (as2_gazebo_assets) StdoutLine: {'line': b'-- Looking for gz-plugin2 -- found version 2.0.4\n'}
[3.217519] (as2_gazebo_assets) StdoutLine: {'line': b'-- Looking for gz-transport13 -- found version 13.5.0\n'}
[3.219329] (as2_gazebo_assets) StdoutLine: {'line': b'-- Looking for gz-rendering8 -- found version 8.2.3\n'}
[3.219742] (as2_gazebo_assets) StdoutLine: {'line': b'-- Searching for dependencies of gz-rendering8\n'}
[3.220040] (as2_gazebo_assets) StdoutLine: {'line': b'-- Looking for gz-math7 -- found version 7.6.0\n'}
[3.220421] (as2_gazebo_assets) StdoutLine: {'line': b'-- Searching for dependencies of gz-math7\n'}
[3.220711] (as2_gazebo_assets) StdoutLine: {'line': b'-- Looking for gz-utils2 -- found version 2.2.1\n'}
[3.220853] (as2_gazebo_assets) StdoutLine: {'line': b'-- Searching for <gz-math7> component [eigen3]\n'}
[3.225136] (as2_gazebo_assets) StdoutLine: {'line': b'-- Looking for gz-math7-eigen3 -- found version 7.6.0\n'}
[3.225403] (as2_gazebo_assets) StdoutLine: {'line': b'-- Searching for dependencies of gz-math7-eigen3\n'}
[3.226815] (as2_gazebo_assets) StdoutLine: {'line': b'-- Looking for gz-common5 -- found version 5.8.0\n'}
[3.227238] (as2_gazebo_assets) StdoutLine: {'line': b'-- Searching for dependencies of gz-common5\n'}
[3.227534] (as2_gazebo_assets) StdoutLine: {'line': b'-- Looking for gz-utils2 -- found version 2.2.1\n'}
[3.229097] (as2_gazebo_assets) StdoutLine: {'line': b'-- Looking for dlfcn.h - found\n'}
[3.229258] (as2_gazebo_assets) StdoutLine: {'line': b'-- Looking for libdl - found\n'}
[3.235713] (as2_gazebo_assets) StdoutLine: {'line': b'-- Searching for <gz-common5> component [graphics]\n'}
[3.236179] (as2_gazebo_assets) StdoutLine: {'line': b'-- Searching for <gz-common5> component [events]\n'}
[3.236620] (as2_gazebo_assets) StdoutLine: {'line': b'-- Searching for <gz-common5> component [geospatial]\n'}
[3.239900] (as2_gazebo_assets) StdoutLine: {'line': b'-- Looking for gz-common5-geospatial -- found version 5.8.0\n'}
[3.243118] (as2_gazebo_assets) StdoutLine: {'line': b'-- Searching for dependencies of gz-common5-geospatial\n'}
[3.243300] (as2_gazebo_assets) StdoutLine: {'line': b'-- Looking for gz-math7 -- found version 7.6.0\n'}
[3.243358] (as2_gazebo_assets) StdoutLine: {'line': b'-- Looking for gz-common5 -- found version 5.8.0\n'}
[3.243404] (as2_gazebo_assets) StdoutLine: {'line': b'-- Looking for gz-plugin2 -- found version 2.0.4\n'}
[3.243443] (as2_gazebo_assets) StdoutLine: {'line': b'-- Searching for dependencies of gz-plugin2\n'}
[3.243522] (as2_gazebo_assets) StdoutLine: {'line': b'-- Looking for gz-utils2 -- found version 2.2.1\n'}
[3.243569] (as2_gazebo_assets) StdoutLine: {'line': b'-- Searching for <gz-plugin2> component [all]\n'}
[3.246074] (as2_gazebo_assets) StdoutLine: {'line': b'-- Looking for all libraries of gz-plugin2 -- found version 2.0.4\n'}
[3.247948] (as2_gazebo_assets) StdoutLine: {'line': b'-- Looking for gz-plugin2 -- found version 2.0.4\n'}
[3.248145] (as2_gazebo_assets) StdoutLine: {'line': b'-- Looking for gz-utils2 -- found version 2.2.1\n'}
[3.262162] (as2_behavior_tree) StdoutLine: {'line': b'-- Found eigen3_cmake_module: 0.1.1 (/opt/ros/humble/share/eigen3_cmake_module/cmake)\n'}
[3.262434] (as2_behavior_tree) StdoutLine: {'line': b'-- Found Eigen3: TRUE (found version "3.4.0") \n'}
[3.262506] (as2_behavior_tree) StdoutLine: {'line': b'-- Ensuring Eigen3 include directory is part of orocos-kdl CMake target\n'}
[3.317391] (-) TimerEvent: {}
[3.323880] (as2_gazebo_assets) StdoutLine: {'line': b'-- Found OpenGL: /usr/lib/x86_64-linux-gnu/libOpenGL.so  found components: OpenGL \n'}
[3.329019] (as2_gazebo_assets) StdoutLine: {'line': b'-- Looking for gz-msgs10 -- found version 10.3.2\n'}
[3.417555] (-) TimerEvent: {}
[3.469252] (as2_gazebo_assets) StdoutLine: {'line': b'-- Looking for gz-physics7 -- found version 7.8.0\n'}
[3.469856] (as2_gazebo_assets) StdoutLine: {'line': b'-- Searching for dependencies of gz-physics7\n'}
[3.470149] (as2_gazebo_assets) StdoutLine: {'line': b'-- Looking for gz-common5 -- found version 5.8.0\n'}
[3.470572] (as2_gazebo_assets) StdoutLine: {'line': b'-- Looking for gz-math7 -- found version 7.6.0\n'}
[3.470974] (as2_gazebo_assets) StdoutLine: {'line': b'-- Looking for gz-plugin2 -- found version 2.0.4\n'}
[3.472337] (as2_gazebo_assets) StdoutLine: {'line': b'-- Looking for gz-utils2 -- found version 2.2.1\n'}
[3.482888] (as2_gazebo_assets) StdoutLine: {'line': b'-- Searching for <gz-physics7> component [heightmap]\n'}
[3.488015] (as2_gazebo_assets) StdoutLine: {'line': b'-- Looking for gz-physics7-heightmap -- found version 7.8.0\n'}
[3.488434] (as2_gazebo_assets) StdoutLine: {'line': b'-- Searching for dependencies of gz-physics7-heightmap\n'}
[3.488792] (as2_gazebo_assets) StdoutLine: {'line': b'-- Looking for gz-common5 -- found version 5.8.0\n'}
[3.489442] (as2_gazebo_assets) StdoutLine: {'line': b'-- Searching for <gz-physics7> component [mesh]\n'}
[3.495188] (as2_gazebo_assets) StdoutLine: {'line': b'-- Looking for gz-physics7-mesh -- found version 7.8.0\n'}
[3.495402] (as2_gazebo_assets) StdoutLine: {'line': b'-- Searching for dependencies of gz-physics7-mesh\n'}
[3.495477] (as2_gazebo_assets) StdoutLine: {'line': b'-- Looking for gz-common5 -- found version 5.8.0\n'}
[3.495538] (as2_gazebo_assets) StdoutLine: {'line': b'-- Searching for <gz-physics7> component [sdf]\n'}
[3.510077] (as2_gazebo_assets) StdoutLine: {'line': b'-- Looking for gz-physics7-sdf -- found version 7.8.0\n'}
[3.510620] (as2_gazebo_assets) StdoutLine: {'line': b'-- Searching for dependencies of gz-physics7-sdf\n'}
[3.510979] (as2_gazebo_assets) StdoutLine: {'line': b'-- Looking for sdformat14 -- found version 14.9.0\n'}
[3.511679] (as2_behavior_tree) StdoutLine: {'line': b'-- Found ament_lint_auto: 0.12.15 (/opt/ros/humble/share/ament_lint_auto/cmake)\n'}
[3.517493] (as2_gazebo_assets) StdoutLine: {'line': b'-- Looking for gz-sensors8 -- found version 8.2.2\n'}
[3.517710] (-) TimerEvent: {}
[3.517944] (as2_gazebo_assets) StdoutLine: {'line': b'-- Searching for dependencies of gz-sensors8\n'}
[3.565292] (as2_gazebo_assets) StdoutLine: {'line': b'-- Looking for gz-math7 -- found version 7.6.0\n'}
[3.567373] (as2_gazebo_assets) StdoutLine: {'line': b'-- Looking for gz-common5 -- found version 5.8.0\n'}
[3.567572] (as2_gazebo_assets) StdoutLine: {'line': b'-- Looking for gz-transport13 -- found version 13.5.0\n'}
[3.567664] (as2_gazebo_assets) StdoutLine: {'line': b'-- Looking for gz-rendering8 -- found version 8.2.3\n'}
[3.567709] (as2_gazebo_assets) StdoutLine: {'line': b'-- Looking for gz-msgs10 -- found version 10.3.2\n'}
[3.567746] (as2_gazebo_assets) StdoutLine: {'line': b'-- Looking for sdformat14 -- found version 14.9.0\n'}
[3.569092] (as2_gazebo_assets) StdoutLine: {'line': b'-- Searching for <gz-sensors8> component [air_pressure]\n'}
[3.570882] (as2_gazebo_assets) StdoutLine: {'line': b'-- Looking for gz-sensors8-air_pressure -- found version 8.2.2\n'}
[3.571696] (as2_gazebo_assets) StdoutLine: {'line': b'-- Searching for dependencies of gz-sensors8-air_pressure\n'}
[3.574096] (as2_gazebo_assets) StdoutLine: {'line': b'-- Searching for <gz-sensors8> component [air_speed]\n'}
[3.575737] (as2_gazebo_assets) StdoutLine: {'line': b'-- Looking for gz-sensors8-air_speed -- found version 8.2.2\n'}
[3.576279] (as2_gazebo_assets) StdoutLine: {'line': b'-- Searching for dependencies of gz-sensors8-air_speed\n'}
[3.576731] (as2_gazebo_assets) StdoutLine: {'line': b'-- Searching for <gz-sensors8> component [altimeter]\n'}
[3.580349] (as2_gazebo_assets) StdoutLine: {'line': b'-- Looking for gz-sensors8-altimeter -- found version 8.2.2\n'}
[3.581076] (as2_gazebo_assets) StdoutLine: {'line': b'-- Searching for dependencies of gz-sensors8-altimeter\n'}
[3.581277] (as2_gazebo_assets) StdoutLine: {'line': b'-- Searching for <gz-sensors8> component [imu]\n'}
[3.597071] (as2_gazebo_assets) StdoutLine: {'line': b'-- Looking for gz-sensors8-imu -- found version 8.2.2\n'}
[3.597767] (as2_gazebo_assets) StdoutLine: {'line': b'-- Searching for dependencies of gz-sensors8-imu\n'}
[3.597931] (as2_gazebo_assets) StdoutLine: {'line': b'-- Searching for <gz-sensors8> component [force_torque]\n'}
[3.598018] (as2_gazebo_assets) StdoutLine: {'line': b'-- Looking for gz-sensors8-force_torque -- found version 8.2.2\n'}
[3.598105] (as2_gazebo_assets) StdoutLine: {'line': b'-- Searching for dependencies of gz-sensors8-force_torque\n'}
[3.608200] (as2_gazebo_assets) StdoutLine: {'line': b'-- Searching for <gz-sensors8> component [logical_camera]\n'}
[3.609698] (as2_gazebo_assets) StdoutLine: {'line': b'-- Looking for gz-sensors8-logical_camera -- found version 8.2.2\n'}
[3.610028] (as2_gazebo_assets) StdoutLine: {'line': b'-- Searching for dependencies of gz-sensors8-logical_camera\n'}
[3.610410] (as2_gazebo_assets) StdoutLine: {'line': b'-- Searching for <gz-sensors8> component [magnetometer]\n'}
[3.615054] (as2_gazebo_assets) StdoutLine: {'line': b'-- Looking for gz-sensors8-magnetometer -- found version 8.2.2\n'}
[3.615272] (as2_gazebo_assets) StdoutLine: {'line': b'-- Searching for dependencies of gz-sensors8-magnetometer\n'}
[3.615337] (as2_gazebo_assets) StdoutLine: {'line': b'-- Searching for <gz-sensors8> component [navsat]\n'}
[3.619047] (as2_gazebo_assets) StdoutLine: {'line': b'-- Looking for gz-sensors8-navsat -- found version 8.2.2\n'}
[3.619249] (-) TimerEvent: {}
[3.619445] (as2_gazebo_assets) StdoutLine: {'line': b'-- Searching for dependencies of gz-sensors8-navsat\n'}
[3.620055] (as2_gazebo_assets) StdoutLine: {'line': b'-- Searching for <gz-sensors8> component [dvl]\n'}
[3.622879] (as2_gazebo_assets) StdoutLine: {'line': b'-- Looking for gz-sensors8-dvl -- found version 8.2.2\n'}
[3.623412] (as2_gazebo_assets) StdoutLine: {'line': b'-- Searching for dependencies of gz-sensors8-dvl\n'}
[3.623760] (as2_gazebo_assets) StdoutLine: {'line': b'-- Looking for gz-sensors8 -- found version 8.2.2\n'}
[3.624204] (as2_gazebo_assets) StdoutLine: {'line': b'-- Searching for dependencies of gz-sensors8\n'}
[3.677629] (as2_gazebo_assets) StdoutLine: {'line': b'-- Looking for gz-math7 -- found version 7.6.0\n'}
[3.677750] (as2_gazebo_assets) StdoutLine: {'line': b'-- Looking for gz-common5 -- found version 5.8.0\n'}
[3.677941] (as2_gazebo_assets) StdoutLine: {'line': b'-- Looking for gz-transport13 -- found version 13.5.0\n'}
[3.678472] (as2_gazebo_assets) StdoutLine: {'line': b'-- Looking for gz-rendering8 -- found version 8.2.3\n'}
[3.678833] (as2_gazebo_assets) StdoutLine: {'line': b'-- Looking for gz-msgs10 -- found version 10.3.2\n'}
[3.679232] (as2_gazebo_assets) StdoutLine: {'line': b'-- Looking for sdformat14 -- found version 14.9.0\n'}
[3.679310] (as2_gazebo_assets) StdoutLine: {'line': b'-- Searching for <gz-sensors8> component [rendering]\n'}
[3.681602] (as2_gazebo_assets) StdoutLine: {'line': b'-- Looking for gz-sensors8-rendering -- found version 8.2.2\n'}
[3.681834] (as2_gazebo_assets) StdoutLine: {'line': b'-- Searching for dependencies of gz-sensors8-rendering\n'}
[3.682848] (as2_gazebo_assets) StdoutLine: {'line': b'-- Searching for <gz-sensors8> component [rendering]\n'}
[3.683863] (as2_gazebo_assets) StdoutLine: {'line': b'-- Searching for <gz-sensors8> component [lidar]\n'}
[3.687169] (as2_gazebo_assets) StdoutLine: {'line': b'-- Looking for gz-sensors8-lidar -- found version 8.2.2\n'}
[3.687316] (as2_gazebo_assets) StdoutLine: {'line': b'-- Searching for dependencies of gz-sensors8-lidar\n'}
[3.687368] (as2_gazebo_assets) StdoutLine: {'line': b'-- Looking for gz-sensors8 -- found version 8.2.2\n'}
[3.687468] (as2_gazebo_assets) StdoutLine: {'line': b'-- Searching for <gz-sensors8> component [gpu_lidar]\n'}
[3.692316] (as2_gazebo_assets) StdoutLine: {'line': b'-- Looking for gz-sensors8-gpu_lidar -- found version 8.2.2\n'}
[3.692472] (as2_gazebo_assets) StdoutLine: {'line': b'-- Searching for dependencies of gz-sensors8-gpu_lidar\n'}
[3.692525] (as2_gazebo_assets) StdoutLine: {'line': b'-- Looking for gz-sensors8 -- found version 8.2.2\n'}
[3.692593] (as2_gazebo_assets) StdoutLine: {'line': b'-- Searching for <gz-sensors8> component [camera]\n'}
[3.705269] (as2_gazebo_assets) StdoutLine: {'line': b'-- Looking for gz-sensors8-camera -- found version 8.2.2\n'}
[3.705573] (as2_gazebo_assets) StdoutLine: {'line': b'-- Searching for dependencies of gz-sensors8-camera\n'}
[3.712101] (as2_gazebo_assets) StdoutLine: {'line': b'-- Looking for gz-sensors8 -- found version 8.2.2\n'}
[3.712258] (as2_gazebo_assets) StdoutLine: {'line': b'-- Searching for <gz-sensors8> component [boundingbox_camera]\n'}
[3.712312] (as2_gazebo_assets) StdoutLine: {'line': b'-- Looking for gz-sensors8-boundingbox_camera -- found version 8.2.2\n'}
[3.712355] (as2_gazebo_assets) StdoutLine: {'line': b'-- Searching for dependencies of gz-sensors8-boundingbox_camera\n'}
[3.712395] (as2_gazebo_assets) StdoutLine: {'line': b'-- Searching for <gz-sensors8> component [segmentation_camera]\n'}
[3.715037] (as2_gazebo_assets) StdoutLine: {'line': b'-- Looking for gz-sensors8-segmentation_camera -- found version 8.2.2\n'}
[3.715221] (as2_gazebo_assets) StdoutLine: {'line': b'-- Searching for dependencies of gz-sensors8-segmentation_camera\n'}
[3.715281] (as2_gazebo_assets) StdoutLine: {'line': b'-- Searching for <gz-sensors8> component [depth_camera]\n'}
[3.718367] (as2_gazebo_assets) StdoutLine: {'line': b'-- Looking for gz-sensors8-depth_camera -- found version 8.2.2\n'}
[3.718858] (as2_gazebo_assets) StdoutLine: {'line': b'-- Searching for dependencies of gz-sensors8-depth_camera\n'}
[3.719270] (as2_gazebo_assets) StdoutLine: {'line': b'-- Looking for gz-sensors8 -- found version 8.2.2\n'}
[3.719362] (-) TimerEvent: {}
[3.719949] (as2_gazebo_assets) StdoutLine: {'line': b'-- Searching for <gz-sensors8> component [rgbd_camera]\n'}
[3.723264] (as2_gazebo_assets) StdoutLine: {'line': b'-- Looking for gz-sensors8-rgbd_camera -- found version 8.2.2\n'}
[3.723714] (as2_gazebo_assets) StdoutLine: {'line': b'-- Searching for dependencies of gz-sensors8-rgbd_camera\n'}
[3.724110] (as2_gazebo_assets) StdoutLine: {'line': b'-- Looking for gz-sensors8 -- found version 8.2.2\n'}
[3.724780] (as2_gazebo_assets) StdoutLine: {'line': b'-- Searching for <gz-sensors8> component [thermal_camera]\n'}
[3.728239] (as2_gazebo_assets) StdoutLine: {'line': b'-- Looking for gz-sensors8-thermal_camera -- found version 8.2.2\n'}
[3.728734] (as2_gazebo_assets) StdoutLine: {'line': b'-- Searching for dependencies of gz-sensors8-thermal_camera\n'}
[3.729107] (as2_gazebo_assets) StdoutLine: {'line': b'-- Looking for gz-sensors8 -- found version 8.2.2\n'}
[3.729683] (as2_gazebo_assets) StdoutLine: {'line': b'-- Searching for <gz-sensors8> component [wide_angle_camera]\n'}
[3.732908] (as2_gazebo_assets) StdoutLine: {'line': b'-- Looking for gz-sensors8-wide_angle_camera -- found version 8.2.2\n'}
[3.733394] (as2_gazebo_assets) StdoutLine: {'line': b'-- Searching for dependencies of gz-sensors8-wide_angle_camera\n'}
[3.734504] (as2_gazebo_assets) StdoutLine: {'line': b'-- Looking for gz-rendering8 -- found version 8.2.3\n'}
[3.734896] (as2_gazebo_assets) StdoutLine: {'line': b'-- Looking for gz-math7 -- found version 7.6.0\n'}
[3.735270] (as2_gazebo_assets) StdoutLine: {'line': b'-- Looking for gz-utils2 -- found version 2.2.1\n'}
[3.745087] (as2_usb_camera_interface) StdoutLine: {'line': b'[ 54%] \x1b[32m\x1b[1mLinking CXX static library libgtest_main.a\x1b[0m\n'}
[3.772355] (as2_behavior) StdoutLine: {'line': b'[ 50%] \x1b[32m\x1b[1mLinking CXX static library libgtest_main.a\x1b[0m\n'}
[3.780069] (as2_gazebo_assets) StdoutLine: {'line': b'-- Looking for gz-common5 -- found version 5.8.0\n'}
[3.781623] (as2_gazebo_assets) StdoutLine: {'line': b'-- Looking for gz-math7 -- found version 7.6.0\n'}
[3.781780] (as2_gazebo_assets) StdoutLine: {'line': b'-- Looking for gz-transport13 -- found version 13.5.0\n'}
[3.781837] (as2_gazebo_assets) StdoutLine: {'line': b'-- Looking for gz-plugin2 -- found version 2.0.4\n'}
[3.781876] (as2_gazebo_assets) StdoutLine: {'line': b'-- Looking for gz-rendering8 -- found version 8.2.3\n'}
[3.781908] (as2_gazebo_assets) StdoutLine: {'line': b'-- Looking for gz-msgs10 -- found version 10.3.2\n'}
[3.797157] (as2_gazebo_assets) StdoutLine: {'line': b'-- Found ament_cmake: 1.3.14 (/opt/ros/humble/share/ament_cmake/cmake)\n'}
[3.817236] (as2_usb_camera_interface) StdoutLine: {'line': b'[ 54%] Built target gtest_main\n'}
[3.819493] (-) TimerEvent: {}
[3.823292] (as2_realsense_interface) StdoutLine: {'line': b'[ 54%] \x1b[32m\x1b[1mLinking CXX static library libgtest_main.a\x1b[0m\n'}
[3.919664] (-) TimerEvent: {}
[3.930421] (as2_realsense_interface) StdoutLine: {'line': b'[ 54%] Built target gtest_main\n'}
[3.954105] (as2_geozones) StdoutLine: {'line': b'[ 54%] \x1b[32m\x1b[1mLinking CXX static library libgtest_main.a\x1b[0m\n'}
[3.981120] (as2_behavior_tree) StdoutLine: {'line': b"-- Added test 'copyright' to check source files copyright and LICENSE\n"}
[4.012076] (as2_behavior) StdoutLine: {'line': b'[ 50%] Built target gtest_main\n'}
[4.019817] (-) TimerEvent: {}
[4.021167] (as2_behavior_tree) StdoutLine: {'line': b"-- Added test 'cppcheck' to perform static code analysis on C / C++ code\n"}
[4.021614] (as2_behavior_tree) StdoutLine: {'line': b'-- Configured cppcheck include dirs: /home/developer/aerostack2_ws/src/aerostack2-tcc_lucca/as2_behavior_tree/include;/home/developer/aerostack2_ws/src/aerostack2-tcc_lucca/as2_behavior_tree/include/as2_behavior_tree\n'}
[4.021744] (as2_behavior_tree) StdoutLine: {'line': b'-- Configured cppcheck exclude dirs and/or files: \n'}
[4.023906] (as2_gazebo_assets) StdoutLine: {'line': b'-- Override CMake install command with custom implementation using symlinks instead of copying resources\n'}
[4.028540] (as2_behavior_tree) StdoutLine: {'line': b"-- Added test 'cpplint' to check C / C++ code against the Google style\n"}
[4.028768] (as2_behavior_tree) StdoutLine: {'line': b'-- Configured cpplint exclude dirs and/or files: \n'}
[4.031321] (as2_behavior_tree) StdoutLine: {'line': b"-- Added test 'flake8' to check Python code syntax and style conventions\n"}
[4.033055] (as2_behavior_tree) StdoutLine: {'line': b"-- Added test 'lint_cmake' to check CMake code style\n"}
[4.035687] (as2_behavior_tree) StdoutLine: {'line': b"-- Added test 'pep257' to check Python code against some of the docstring style conventions in PEP 257\n"}
[4.042363] (as2_behavior_tree) StdoutLine: {'line': b"-- Added test 'uncrustify' to check C / C++ code style\n"}
[4.042566] (as2_geozones) StdoutLine: {'line': b'[ 54%] Built target gtest_main\n'}
[4.042659] (as2_behavior_tree) StdoutLine: {'line': b'-- Configured uncrustify additional arguments: \n'}
[4.043468] (as2_behavior_tree) StdoutLine: {'line': b"-- Added test 'xmllint' to check XML markup files\n"}
[4.045857] (as2_behavior_tree) StdoutLine: {'line': b'-- Configuring done\n'}
[4.119932] (-) TimerEvent: {}
[4.158855] (as2_gazebo_assets) StdoutLine: {'line': b'-- Found ros_gz_sim: 0.244.12 (/opt/ros/humble/share/ros_gz_sim/cmake)\n'}
[4.207350] (as2_gazebo_assets) StdoutLine: {'line': b'-- Found rosidl_generator_c: 3.1.8 (/opt/ros/humble/share/rosidl_generator_c/cmake)\n'}
[4.220082] (-) TimerEvent: {}
[4.226799] (as2_gazebo_assets) StdoutLine: {'line': b'-- Found rosidl_adapter: 3.1.8 (/opt/ros/humble/share/rosidl_adapter/cmake)\n'}
[4.250380] (as2_gazebo_assets) StdoutLine: {'line': b'-- Found rosidl_generator_cpp: 3.1.8 (/opt/ros/humble/share/rosidl_generator_cpp/cmake)\n'}
[4.274714] (as2_gazebo_assets) StdoutLine: {'line': b'-- Using all available rosidl_typesupport_c: rosidl_typesupport_fastrtps_c;rosidl_typesupport_introspection_c\n'}
[4.288990] (as2_behavior_tree) StdoutLine: {'line': b'-- Generating done\n'}
[4.296342] (as2_gazebo_assets) StdoutLine: {'line': b'-- Using all available rosidl_typesupport_cpp: rosidl_typesupport_fastrtps_cpp;rosidl_typesupport_introspection_cpp\n'}
[4.321325] (-) TimerEvent: {}
[4.327563] (as2_behavior_tree) StdoutLine: {'line': b'-- Build files have been written to: /home/developer/aerostack2_ws/build/as2_behavior_tree\n'}
[4.350584] (as2_behavior_tree) CommandEnded: {'returncode': 0}
[4.351238] (as2_behavior_tree) JobProgress: {'identifier': 'as2_behavior_tree', 'progress': 'build'}
[4.351296] (as2_behavior_tree) Command: {'cmd': ['/usr/bin/cmake', '--build', '/home/developer/aerostack2_ws/build/as2_behavior_tree', '--', '-j20', '-l20'], 'cwd': '/home/developer/aerostack2_ws/build/as2_behavior_tree', 'env': OrderedDict([('HOSTNAME', 'lead-Predator-PHN16-71'), ('SHLVL', '1'), ('LD_LIBRARY_PATH', '/home/developer/aerostack2_ws/install/as2_core/lib:/home/developer/aerostack2_ws/install/as2_msgs/lib:/opt/ros/humble/opt/rviz_ogre_vendor/lib:/opt/ros/humble/lib/x86_64-linux-gnu:/opt/ros/humble/lib'), ('HOME', '/home/developer'), ('ROS_PYTHON_VERSION', '3'), ('ROS_DISTRO', 'humble'), ('_', '/usr/bin/colcon'), ('ROS_VERSION', '2'), ('TERM', 'xterm'), ('ROS_LOCALHOST_ONLY', '0'), ('QT_X11_NO_MITSHM', '1'), ('PATH', '/opt/ros/humble/bin:/usr/local/sbin:/usr/local/bin:/usr/sbin:/usr/bin:/sbin:/bin'), ('DISPLAY', ':1'), ('LANG', 'C.UTF-8'), ('LS_COLORS', 'rs=0:di=01;34:ln=01;36:mh=00:pi=40;33:so=01;35:do=01;35:bd=40;33;01:cd=40;33;01:or=40;31;01:mi=00:su=37;41:sg=30;43:ca=30;41:tw=30;42:ow=34;42:st=37;44:ex=01;32:*.tar=01;31:*.tgz=01;31:*.arc=01;31:*.arj=01;31:*.taz=01;31:*.lha=01;31:*.lz4=01;31:*.lzh=01;31:*.lzma=01;31:*.tlz=01;31:*.txz=01;31:*.tzo=01;31:*.t7z=01;31:*.zip=01;31:*.z=01;31:*.dz=01;31:*.gz=01;31:*.lrz=01;31:*.lz=01;31:*.lzo=01;31:*.xz=01;31:*.zst=01;31:*.tzst=01;31:*.bz2=01;31:*.bz=01;31:*.tbz=01;31:*.tbz2=01;31:*.tz=01;31:*.deb=01;31:*.rpm=01;31:*.jar=01;31:*.war=01;31:*.ear=01;31:*.sar=01;31:*.rar=01;31:*.alz=01;31:*.ace=01;31:*.zoo=01;31:*.cpio=01;31:*.7z=01;31:*.rz=01;31:*.cab=01;31:*.wim=01;31:*.swm=01;31:*.dwm=01;31:*.esd=01;31:*.jpg=01;35:*.jpeg=01;35:*.mjpg=01;35:*.mjpeg=01;35:*.gif=01;35:*.bmp=01;35:*.pbm=01;35:*.pgm=01;35:*.ppm=01;35:*.tga=01;35:*.xbm=01;35:*.xpm=01;35:*.tif=01;35:*.tiff=01;35:*.png=01;35:*.svg=01;35:*.svgz=01;35:*.mng=01;35:*.pcx=01;35:*.mov=01;35:*.mpg=01;35:*.mpeg=01;35:*.m2v=01;35:*.mkv=01;35:*.webm=01;35:*.webp=01;35:*.ogm=01;35:*.mp4=01;35:*.m4v=01;35:*.mp4v=01;35:*.vob=01;35:*.qt=01;35:*.nuv=01;35:*.wmv=01;35:*.asf=01;35:*.rm=01;35:*.rmvb=01;35:*.flc=01;35:*.avi=01;35:*.fli=01;35:*.flv=01;35:*.gl=01;35:*.dl=01;35:*.xcf=01;35:*.xwd=01;35:*.yuv=01;35:*.cgm=01;35:*.emf=01;35:*.ogv=01;35:*.ogx=01;35:*.aac=00;36:*.au=00;36:*.flac=00;36:*.m4a=00;36:*.mid=00;36:*.midi=00;36:*.mka=00;36:*.mp3=00;36:*.mpc=00;36:*.ogg=00;36:*.ra=00;36:*.wav=00;36:*.oga=00;36:*.opus=00;36:*.spx=00;36:*.xspf=00;36:'), ('AMENT_PREFIX_PATH', '/home/developer/aerostack2_ws/install/as2_core:/home/developer/aerostack2_ws/install/as2_msgs:/opt/ros/humble'), ('GZ_VERSION', 'harmonic'), ('PWD', '/home/developer/aerostack2_ws/build/as2_behavior_tree'), ('LC_ALL', 'C.UTF-8'), ('PYTHONPATH', '/home/developer/aerostack2_ws/install/as2_core/local/lib/python3.10/dist-packages:/home/developer/aerostack2_ws/install/as2_msgs/local/lib/python3.10/dist-packages:/opt/ros/humble/lib/python3.10/site-packages:/opt/ros/humble/local/lib/python3.10/dist-packages'), ('COLCON', '1'), ('CMAKE_PREFIX_PATH', '/home/developer/aerostack2_ws/install/as2_core:/home/developer/aerostack2_ws/install/as2_msgs:/opt/ros/humble')]), 'shell': False}
[4.400483] (as2_gazebo_assets) StdoutLine: {'line': b'-- Found rmw_implementation_cmake: 6.1.2 (/opt/ros/humble/share/rmw_implementation_cmake/cmake)\n'}
[4.402516] (as2_gazebo_assets) StdoutLine: {'line': b'-- Found rmw_fastrtps_cpp: 6.2.10 (/opt/ros/humble/share/rmw_fastrtps_cpp/cmake)\n'}
[4.421450] (-) TimerEvent: {}
[4.523037] (-) TimerEvent: {}
[4.531151] (as2_external_object_to_tf) StdoutLine: {'line': b'[ 54%] \x1b[32m\x1b[1mLinking CXX static library libgtest_main.a\x1b[0m\n'}
[4.566164] (as2_behavior_tree) StdoutLine: {'line': b'[  2%] \x1b[32mBuilding CXX object tests/node_emulators/CMakeFiles/takeoff_emulator.dir/src/takeoff_emulator.cpp.o\x1b[0m\n'}
[4.566322] (as2_behavior_tree) StdoutLine: {'line': b'[  5%] \x1b[32mBuilding CXX object tests/node_emulators/CMakeFiles/follow_path_emulator.dir/src/follow_path_emulator.cpp.o\x1b[0m\n'}
[4.566886] (as2_behavior_tree) StdoutLine: {'line': b'[  8%] \x1b[32mBuilding CXX object tests/node_emulators/CMakeFiles/land_emulator.dir/src/land_emulator.cpp.o\x1b[0m\n'}
[4.579332] (as2_behavior_tree) StdoutLine: {'line': b'[ 11%] \x1b[32mBuilding CXX object tests/node_emulators/CMakeFiles/go_to_emulator.dir/src/go_to_emulator.cpp.o\x1b[0m\n'}
[4.580854] (as2_behavior_tree) StdoutLine: {'line': b'[ 14%] \x1b[32mBuilding CXX object tests/node_emulators/CMakeFiles/platform_emulator.dir/src/platform_emulator.cpp.o\x1b[0m\n'}
[4.607621] (as2_behavior_tree) StdoutLine: {'line': b'[ 17%] \x1b[32mBuilding CXX object CMakeFiles/as2_behavior_tree.dir/plugins/action/takeoff_action.cpp.o\x1b[0m\n'}
[4.615122] (as2_behavior_tree) StdoutLine: {'line': b'[ 20%] \x1b[32mBuilding CXX object CMakeFiles/as2_behavior_tree.dir/plugins/action/land_action.cpp.o\x1b[0m\n'}
[4.615413] (as2_behavior_tree) StdoutLine: {'line': b'[ 23%] \x1b[32mBuilding CXX object CMakeFiles/as2_behavior_tree.dir/plugins/action/echo.cpp.o\x1b[0m\n'}
[4.615493] (as2_behavior_tree) StdoutLine: {'line': b'[ 26%] \x1b[32mBuilding CXX object CMakeFiles/as2_behavior_tree.dir/plugins/action/send_event.cpp.o\x1b[0m\n'}
[4.615590] (as2_behavior_tree) StdoutLine: {'line': b'[ 29%] \x1b[32mBuilding CXX object CMakeFiles/as2_behavior_tree.dir/plugins/action/go_to_action.cpp.o\x1b[0m\n'}
[4.617940] (as2_behavior_tree) StdoutLine: {'line': b'[ 32%] \x1b[32mBuilding CXX object CMakeFiles/as2_behavior_tree.dir/plugins/action/get_origin.cpp.o\x1b[0m\n'}
[4.619419] (as2_external_object_to_tf) StdoutLine: {'line': b'[ 54%] Built target gtest_main\n'}
[4.623353] (-) TimerEvent: {}
[4.631683] (as2_behavior_tree) StdoutLine: {'line': b'[ 35%] \x1b[32mBuilding CXX object CMakeFiles/as2_behavior_tree.dir/plugins/action/arm_service.cpp.o\x1b[0m\n'}
[4.644729] (as2_behavior_tree) StdoutLine: {'line': b'[ 41%] \x1b[32mBuilding CXX object CMakeFiles/as2_behavior_tree.dir/plugins/condition/is_flying_condition.cpp.o\x1b[0m\n'}
[4.644942] (as2_behavior_tree) StdoutLine: {'line': b'[ 41%] \x1b[32mBuilding CXX object CMakeFiles/as2_behavior_tree.dir/plugins/decorator/wait_for_event.cpp.o\x1b[0m\n'}
[4.647117] (as2_behavior_tree) StdoutLine: {'line': b'[ 44%] \x1b[32mBuilding CXX object CMakeFiles/as2_behavior_tree.dir/plugins/action/precision_landing_action.cpp.o\x1b[0m\n'}
[4.650135] (as2_behavior_tree) StdoutLine: {'line': b'[ 47%] \x1b[32mBuilding CXX object CMakeFiles/as2_behavior_tree.dir/plugins/action/set_origin.cpp.o\x1b[0m\n'}
[4.652422] (as2_behavior_tree) StdoutLine: {'line': b'[ 50%] \x1b[32mBuilding CXX object CMakeFiles/as2_behavior_tree.dir/plugins/action/go_to_gps_action.cpp.o\x1b[0m\n'}
[4.652639] (as2_behavior_tree) StdoutLine: {'line': b'[ 52%] \x1b[32mBuilding CXX object CMakeFiles/as2_behavior_tree.dir/plugins/action/offboard_service.cpp.o\x1b[0m\n'}
[4.657669] (as2_behavior_tree) StdoutLine: {'line': b'[ 55%] \x1b[32mBuilding CXX object CMakeFiles/as2_behavior_tree.dir/plugins/action/gps_to_cartesian.cpp.o\x1b[0m\n'}
[4.668570] (as2_behavior_tree) StdoutLine: {'line': b'[ 58%] \x1b[32mBuilding CXX object CMakeFiles/as2_behavior_tree.dir/plugins/decorator/wait_for_alert.cpp.o\x1b[0m\n'}
[4.713046] (as2_platform_multirotor_simulator) StdoutLine: {'line': b'[ 44%] \x1b[32m\x1b[1mLinking CXX static library libgtest_main.a\x1b[0m\n'}
[4.723880] (-) TimerEvent: {}
[4.755301] (as2_gazebo_assets) StdoutLine: {'line': b"-- Using RMW implementation 'rmw_fastrtps_cpp' as default\n"}
[4.816714] (as2_gazebo_assets) StdoutLine: {'line': b'-- Found ros_gz_bridge: 0.244.12 (/opt/ros/humble/share/ros_gz_bridge/cmake)\n'}
[4.823980] (-) TimerEvent: {}
[4.837862] (as2_platform_multirotor_simulator) StdoutLine: {'line': b'[ 44%] Built target gtest_main\n'}
[4.879974] (as2_platform_multirotor_simulator) StdoutLine: {'line': b'[ 46%] \x1b[32mBuilding CXX object _deps/multirotor_simulator-build/tests/CMakeFiles/multirotor_simulator_multirotor_simulator_fly_gtest.dir/multirotor_simulator/multirotor_simulator_fly_gtest.cpp.o\x1b[0m\n'}
[4.924152] (-) TimerEvent: {}
[5.026218] (-) TimerEvent: {}
[5.132071] (-) TimerEvent: {}
[5.180938] (as2_gazebo_assets) StdoutLine: {'line': b'-- Found as2_core: 1.1.3 (/home/developer/aerostack2_ws/install/as2_core/share/as2_core/cmake)\n'}
[5.183260] (as2_gazebo_assets) StdoutLine: {'line': b'-- Created yaml-cpp::yaml-cpp alias from yaml-cpp target\n'}
[5.184063] (as2_gazebo_assets) StdoutLine: {'line': b'-- Created GeographicLib::GeographicLib target from legacy variables\n'}
[5.232175] (-) TimerEvent: {}
[5.332529] (-) TimerEvent: {}
[5.356310] (as2_gazebo_assets) StdoutLine: {'line': b'-- Found eigen3_cmake_module: 0.1.1 (/opt/ros/humble/share/eigen3_cmake_module/cmake)\n'}
[5.369140] (as2_gazebo_assets) StdoutLine: {'line': b'-- Ensuring Eigen3 include directory is part of orocos-kdl CMake target\n'}
[5.435064] (-) TimerEvent: {}
[5.535481] (-) TimerEvent: {}
[5.636020] (-) TimerEvent: {}
[5.736353] (-) TimerEvent: {}
[5.836683] (-) TimerEvent: {}
[5.937055] (-) TimerEvent: {}
[6.037443] (-) TimerEvent: {}
[6.137777] (-) TimerEvent: {}
[6.238122] (-) TimerEvent: {}
[6.257373] (as2_gazebo_assets) StdoutLine: {'line': b'-- Found ament_lint_auto: 0.12.15 (/opt/ros/humble/share/ament_lint_auto/cmake)\n'}
[6.338230] (-) TimerEvent: {}
[6.449057] (-) TimerEvent: {}
[6.549422] (-) TimerEvent: {}
[6.634894] (as2_gazebo_assets) StdoutLine: {'line': b'-- Found ament_cmake_pytest: 1.3.14 (/opt/ros/humble/share/ament_cmake_pytest/cmake)\n'}
[6.649558] (-) TimerEvent: {}
[6.749974] (-) TimerEvent: {}
[6.851059] (-) TimerEvent: {}
[6.951423] (-) TimerEvent: {}
[7.053582] (-) TimerEvent: {}
[7.154004] (-) TimerEvent: {}
[7.254765] (-) TimerEvent: {}
[7.357024] (-) TimerEvent: {}
[7.463071] (-) TimerEvent: {}
[7.563806] (-) TimerEvent: {}
[7.665151] (-) TimerEvent: {}
[7.789712] (-) TimerEvent: {}
[7.904141] (-) TimerEvent: {}
[8.216635] (-) TimerEvent: {}
[65.249927] (-) TimerEvent: {}
[65.359100] (-) TimerEvent: {}
[65.466419] (-) TimerEvent: {}
[65.566879] (-) TimerEvent: {}
[65.667374] (-) TimerEvent: {}
[65.767820] (-) TimerEvent: {}
[65.868284] (-) TimerEvent: {}
[65.969659] (-) TimerEvent: {}
[66.070381] (-) TimerEvent: {}
[66.170888] (-) TimerEvent: {}
[66.273209] (-) TimerEvent: {}
[66.373920] (-) TimerEvent: {}
[66.902649] (-) TimerEvent: {}
