[0.071s] DEBUG:colcon:Command line arguments: ['/usr/bin/colcon', 'build', '--symlink-install']
[0.071s] DEBUG:colcon:Parsed command line arguments: Namespace(log_base=None, log_level=None, verb_name='build', build_base='build', install_base='install', merge_install=False, symlink_install=True, test_result_base=None, continue_on_error=False, executor='parallel', parallel_workers=20, event_handlers=None, ignore_user_meta=False, metas=['./colcon.meta'], base_paths=['.'], packages_ignore=None, packages_ignore_regex=None, paths=None, packages_up_to=None, packages_up_to_regex=None, packages_above=None, packages_above_and_dependencies=None, packages_above_depth=None, packages_select_by_dep=None, packages_skip_by_dep=None, packages_skip_up_to=None, packages_select_build_failed=False, packages_skip_build_finished=False, packages_select_test_failures=False, packages_skip_test_passed=False, packages_select=None, packages_skip=None, packages_select_regex=None, packages_skip_regex=None, packages_start=None, packages_end=None, cmake_args=None, cmake_target=None, cmake_target_skip_unavailable=False, cmake_clean_cache=False, cmake_clean_first=False, cmake_force_configure=False, ament_cmake_args=None, catkin_cmake_args=None, catkin_skip_building_tests=False, mixin_files=None, mixin=None, verb_parser=<colcon_mixin.mixin.mixin_argument.MixinArgumentDecorator object at 0x7537f6152590>, verb_extension=<colcon_core.verb.build.BuildVerb object at 0x7537f6151ff0>, main=<bound method BuildVerb.main of <colcon_core.verb.build.BuildVerb object at 0x7537f6151ff0>>, mixin_verb=('build',))
[0.147s] Level 1:colcon.colcon_core.package_discovery:discover_packages(colcon_meta) check parameters
[0.147s] Level 1:colcon.colcon_core.package_discovery:discover_packages(recursive) check parameters
[0.147s] Level 1:colcon.colcon_core.package_discovery:discover_packages(ignore) check parameters
[0.147s] Level 1:colcon.colcon_core.package_discovery:discover_packages(path) check parameters
[0.148s] Level 1:colcon.colcon_core.package_discovery:discover_packages(colcon_meta) discover
[0.148s] Level 1:colcon.colcon_core.package_discovery:discover_packages(recursive) discover
[0.148s] INFO:colcon.colcon_core.package_discovery:Crawling recursively for packages in '/home/developer/aerostack2_ws'
[0.148s] Level 1:colcon.colcon_core.package_identification:_identify(.) by extensions ['ignore', 'ignore_ament_install']
[0.148s] Level 1:colcon.colcon_core.package_identification:_identify(.) by extension 'ignore'
[0.148s] Level 1:colcon.colcon_core.package_identification:_identify(.) by extension 'ignore_ament_install'
[0.148s] Level 1:colcon.colcon_core.package_identification:_identify(.) by extensions ['colcon_pkg']
[0.148s] Level 1:colcon.colcon_core.package_identification:_identify(.) by extension 'colcon_pkg'
[0.148s] Level 1:colcon.colcon_core.package_identification:_identify(.) by extensions ['colcon_meta']
[0.148s] Level 1:colcon.colcon_core.package_identification:_identify(.) by extension 'colcon_meta'
[0.148s] Level 1:colcon.colcon_core.package_identification:_identify(.) by extensions ['ros']
[0.148s] Level 1:colcon.colcon_core.package_identification:_identify(.) by extension 'ros'
[0.154s] Level 1:colcon.colcon_core.package_identification:_identify(.) by extensions ['cmake', 'python']
[0.154s] Level 1:colcon.colcon_core.package_identification:_identify(.) by extension 'cmake'
[0.154s] Level 1:colcon.colcon_core.package_identification:_identify(.) by extension 'python'
[0.154s] Level 1:colcon.colcon_core.package_identification:_identify(.) by extensions ['python_setup_py']
[0.154s] Level 1:colcon.colcon_core.package_identification:_identify(.) by extension 'python_setup_py'
[0.154s] Level 1:colcon.colcon_core.package_identification:_identify(build) by extensions ['ignore', 'ignore_ament_install']
[0.154s] Level 1:colcon.colcon_core.package_identification:_identify(build) by extension 'ignore'
[0.154s] Level 1:colcon.colcon_core.package_identification:_identify(build) ignored
[0.154s] Level 1:colcon.colcon_core.package_identification:_identify(install) by extensions ['ignore', 'ignore_ament_install']
[0.154s] Level 1:colcon.colcon_core.package_identification:_identify(install) by extension 'ignore'
[0.154s] Level 1:colcon.colcon_core.package_identification:_identify(install) ignored
[0.154s] Level 1:colcon.colcon_core.package_identification:_identify(log) by extensions ['ignore', 'ignore_ament_install']
[0.154s] Level 1:colcon.colcon_core.package_identification:_identify(log) by extension 'ignore'
[0.154s] Level 1:colcon.colcon_core.package_identification:_identify(log) ignored
[0.154s] Level 1:colcon.colcon_core.package_identification:_identify(src) by extensions ['ignore', 'ignore_ament_install']
[0.154s] Level 1:colcon.colcon_core.package_identification:_identify(src) by extension 'ignore'
[0.154s] Level 1:colcon.colcon_core.package_identification:_identify(src) by extension 'ignore_ament_install'
[0.154s] Level 1:colcon.colcon_core.package_identification:_identify(src) by extensions ['colcon_pkg']
[0.154s] Level 1:colcon.colcon_core.package_identification:_identify(src) by extension 'colcon_pkg'
[0.154s] Level 1:colcon.colcon_core.package_identification:_identify(src) by extensions ['colcon_meta']
[0.154s] Level 1:colcon.colcon_core.package_identification:_identify(src) by extension 'colcon_meta'
[0.154s] Level 1:colcon.colcon_core.package_identification:_identify(src) by extensions ['ros']
[0.154s] Level 1:colcon.colcon_core.package_identification:_identify(src) by extension 'ros'
[0.154s] Level 1:colcon.colcon_core.package_identification:_identify(src) by extensions ['cmake', 'python']
[0.154s] Level 1:colcon.colcon_core.package_identification:_identify(src) by extension 'cmake'
[0.154s] Level 1:colcon.colcon_core.package_identification:_identify(src) by extension 'python'
[0.154s] Level 1:colcon.colcon_core.package_identification:_identify(src) by extensions ['python_setup_py']
[0.154s] Level 1:colcon.colcon_core.package_identification:_identify(src) by extension 'python_setup_py'
[0.154s] Level 1:colcon.colcon_core.package_identification:_identify(src/aerostack2-tcc_lucca) by extensions ['ignore', 'ignore_ament_install']
[0.154s] Level 1:colcon.colcon_core.package_identification:_identify(src/aerostack2-tcc_lucca) by extension 'ignore'
[0.154s] Level 1:colcon.colcon_core.package_identification:_identify(src/aerostack2-tcc_lucca) by extension 'ignore_ament_install'
[0.154s] Level 1:colcon.colcon_core.package_identification:_identify(src/aerostack2-tcc_lucca) by extensions ['colcon_pkg']
[0.155s] Level 1:colcon.colcon_core.package_identification:_identify(src/aerostack2-tcc_lucca) by extension 'colcon_pkg'
[0.155s] Level 1:colcon.colcon_core.package_identification:_identify(src/aerostack2-tcc_lucca) by extensions ['colcon_meta']
[0.155s] Level 1:colcon.colcon_core.package_identification:_identify(src/aerostack2-tcc_lucca) by extension 'colcon_meta'
[0.155s] Level 1:colcon.colcon_core.package_identification:_identify(src/aerostack2-tcc_lucca) by extensions ['ros']
[0.155s] Level 1:colcon.colcon_core.package_identification:_identify(src/aerostack2-tcc_lucca) by extension 'ros'
[0.155s] Level 1:colcon.colcon_core.package_identification:_identify(src/aerostack2-tcc_lucca) by extensions ['cmake', 'python']
[0.155s] Level 1:colcon.colcon_core.package_identification:_identify(src/aerostack2-tcc_lucca) by extension 'cmake'
[0.155s] Level 1:colcon.colcon_core.package_identification:_identify(src/aerostack2-tcc_lucca) by extension 'python'
[0.155s] Level 1:colcon.colcon_core.package_identification:_identify(src/aerostack2-tcc_lucca) by extensions ['python_setup_py']
[0.155s] Level 1:colcon.colcon_core.package_identification:_identify(src/aerostack2-tcc_lucca) by extension 'python_setup_py'
[0.155s] Level 1:colcon.colcon_core.package_identification:_identify(src/aerostack2-tcc_lucca/aerostack2) by extensions ['ignore', 'ignore_ament_install']
[0.155s] Level 1:colcon.colcon_core.package_identification:_identify(src/aerostack2-tcc_lucca/aerostack2) by extension 'ignore'
[0.155s] Level 1:colcon.colcon_core.package_identification:_identify(src/aerostack2-tcc_lucca/aerostack2) by extension 'ignore_ament_install'
[0.155s] Level 1:colcon.colcon_core.package_identification:_identify(src/aerostack2-tcc_lucca/aerostack2) by extensions ['colcon_pkg']
[0.155s] Level 1:colcon.colcon_core.package_identification:_identify(src/aerostack2-tcc_lucca/aerostack2) by extension 'colcon_pkg'
[0.155s] Level 1:colcon.colcon_core.package_identification:_identify(src/aerostack2-tcc_lucca/aerostack2) by extensions ['colcon_meta']
[0.155s] Level 1:colcon.colcon_core.package_identification:_identify(src/aerostack2-tcc_lucca/aerostack2) by extension 'colcon_meta'
[0.155s] Level 1:colcon.colcon_core.package_identification:_identify(src/aerostack2-tcc_lucca/aerostack2) by extensions ['ros']
[0.155s] Level 1:colcon.colcon_core.package_identification:_identify(src/aerostack2-tcc_lucca/aerostack2) by extension 'ros'
[0.156s] DEBUG:colcon.colcon_core.package_identification:Package 'src/aerostack2-tcc_lucca/aerostack2' with type 'ros.ament_cmake' and name 'aerostack2'
[0.156s] Level 1:colcon.colcon_core.package_identification:_identify(src/aerostack2-tcc_lucca/as2_aerial_platforms) by extensions ['ignore', 'ignore_ament_install']
[0.156s] Level 1:colcon.colcon_core.package_identification:_identify(src/aerostack2-tcc_lucca/as2_aerial_platforms) by extension 'ignore'
[0.157s] Level 1:colcon.colcon_core.package_identification:_identify(src/aerostack2-tcc_lucca/as2_aerial_platforms) by extension 'ignore_ament_install'
[0.157s] Level 1:colcon.colcon_core.package_identification:_identify(src/aerostack2-tcc_lucca/as2_aerial_platforms) by extensions ['colcon_pkg']
[0.157s] Level 1:colcon.colcon_core.package_identification:_identify(src/aerostack2-tcc_lucca/as2_aerial_platforms) by extension 'colcon_pkg'
[0.157s] Level 1:colcon.colcon_core.package_identification:_identify(src/aerostack2-tcc_lucca/as2_aerial_platforms) by extensions ['colcon_meta']
[0.157s] Level 1:colcon.colcon_core.package_identification:_identify(src/aerostack2-tcc_lucca/as2_aerial_platforms) by extension 'colcon_meta'
[0.157s] Level 1:colcon.colcon_core.package_identification:_identify(src/aerostack2-tcc_lucca/as2_aerial_platforms) by extensions ['ros']
[0.157s] Level 1:colcon.colcon_core.package_identification:_identify(src/aerostack2-tcc_lucca/as2_aerial_platforms) by extension 'ros'
[0.157s] Level 1:colcon.colcon_core.package_identification:_identify(src/aerostack2-tcc_lucca/as2_aerial_platforms) by extensions ['cmake', 'python']
[0.157s] Level 1:colcon.colcon_core.package_identification:_identify(src/aerostack2-tcc_lucca/as2_aerial_platforms) by extension 'cmake'
[0.157s] Level 1:colcon.colcon_core.package_identification:_identify(src/aerostack2-tcc_lucca/as2_aerial_platforms) by extension 'python'
[0.157s] Level 1:colcon.colcon_core.package_identification:_identify(src/aerostack2-tcc_lucca/as2_aerial_platforms) by extensions ['python_setup_py']
[0.157s] Level 1:colcon.colcon_core.package_identification:_identify(src/aerostack2-tcc_lucca/as2_aerial_platforms) by extension 'python_setup_py'
[0.157s] Level 1:colcon.colcon_core.package_identification:_identify(src/aerostack2-tcc_lucca/as2_aerial_platforms/as2_platform_gazebo) by extensions ['ignore', 'ignore_ament_install']
[0.157s] Level 1:colcon.colcon_core.package_identification:_identify(src/aerostack2-tcc_lucca/as2_aerial_platforms/as2_platform_gazebo) by extension 'ignore'
[0.157s] Level 1:colcon.colcon_core.package_identification:_identify(src/aerostack2-tcc_lucca/as2_aerial_platforms/as2_platform_gazebo) by extension 'ignore_ament_install'
[0.157s] Level 1:colcon.colcon_core.package_identification:_identify(src/aerostack2-tcc_lucca/as2_aerial_platforms/as2_platform_gazebo) by extensions ['colcon_pkg']
[0.157s] Level 1:colcon.colcon_core.package_identification:_identify(src/aerostack2-tcc_lucca/as2_aerial_platforms/as2_platform_gazebo) by extension 'colcon_pkg'
[0.157s] Level 1:colcon.colcon_core.package_identification:_identify(src/aerostack2-tcc_lucca/as2_aerial_platforms/as2_platform_gazebo) by extensions ['colcon_meta']
[0.157s] Level 1:colcon.colcon_core.package_identification:_identify(src/aerostack2-tcc_lucca/as2_aerial_platforms/as2_platform_gazebo) by extension 'colcon_meta'
[0.157s] Level 1:colcon.colcon_core.package_identification:_identify(src/aerostack2-tcc_lucca/as2_aerial_platforms/as2_platform_gazebo) by extensions ['ros']
[0.157s] Level 1:colcon.colcon_core.package_identification:_identify(src/aerostack2-tcc_lucca/as2_aerial_platforms/as2_platform_gazebo) by extension 'ros'
[0.157s] DEBUG:colcon.colcon_core.package_identification:Package 'src/aerostack2-tcc_lucca/as2_aerial_platforms/as2_platform_gazebo' with type 'ros.ament_cmake' and name 'as2_platform_gazebo'
[0.157s] Level 1:colcon.colcon_core.package_identification:_identify(src/aerostack2-tcc_lucca/as2_aerial_platforms/as2_platform_multirotor_simulator) by extensions ['ignore', 'ignore_ament_install']
[0.157s] Level 1:colcon.colcon_core.package_identification:_identify(src/aerostack2-tcc_lucca/as2_aerial_platforms/as2_platform_multirotor_simulator) by extension 'ignore'
[0.157s] Level 1:colcon.colcon_core.package_identification:_identify(src/aerostack2-tcc_lucca/as2_aerial_platforms/as2_platform_multirotor_simulator) by extension 'ignore_ament_install'
[0.157s] Level 1:colcon.colcon_core.package_identification:_identify(src/aerostack2-tcc_lucca/as2_aerial_platforms/as2_platform_multirotor_simulator) by extensions ['colcon_pkg']
[0.157s] Level 1:colcon.colcon_core.package_identification:_identify(src/aerostack2-tcc_lucca/as2_aerial_platforms/as2_platform_multirotor_simulator) by extension 'colcon_pkg'
[0.158s] Level 1:colcon.colcon_core.package_identification:_identify(src/aerostack2-tcc_lucca/as2_aerial_platforms/as2_platform_multirotor_simulator) by extensions ['colcon_meta']
[0.158s] Level 1:colcon.colcon_core.package_identification:_identify(src/aerostack2-tcc_lucca/as2_aerial_platforms/as2_platform_multirotor_simulator) by extension 'colcon_meta'
[0.158s] Level 1:colcon.colcon_core.package_identification:_identify(src/aerostack2-tcc_lucca/as2_aerial_platforms/as2_platform_multirotor_simulator) by extensions ['ros']
[0.158s] Level 1:colcon.colcon_core.package_identification:_identify(src/aerostack2-tcc_lucca/as2_aerial_platforms/as2_platform_multirotor_simulator) by extension 'ros'
[0.158s] DEBUG:colcon.colcon_core.package_identification:Package 'src/aerostack2-tcc_lucca/as2_aerial_platforms/as2_platform_multirotor_simulator' with type 'ros.ament_cmake' and name 'as2_platform_multirotor_simulator'
[0.158s] Level 1:colcon.colcon_core.package_identification:_identify(src/aerostack2-tcc_lucca/as2_behavior_tree) by extensions ['ignore', 'ignore_ament_install']
[0.158s] Level 1:colcon.colcon_core.package_identification:_identify(src/aerostack2-tcc_lucca/as2_behavior_tree) by extension 'ignore'
[0.158s] Level 1:colcon.colcon_core.package_identification:_identify(src/aerostack2-tcc_lucca/as2_behavior_tree) by extension 'ignore_ament_install'
[0.158s] Level 1:colcon.colcon_core.package_identification:_identify(src/aerostack2-tcc_lucca/as2_behavior_tree) by extensions ['colcon_pkg']
[0.158s] Level 1:colcon.colcon_core.package_identification:_identify(src/aerostack2-tcc_lucca/as2_behavior_tree) by extension 'colcon_pkg'
[0.158s] Level 1:colcon.colcon_core.package_identification:_identify(src/aerostack2-tcc_lucca/as2_behavior_tree) by extensions ['colcon_meta']
[0.158s] Level 1:colcon.colcon_core.package_identification:_identify(src/aerostack2-tcc_lucca/as2_behavior_tree) by extension 'colcon_meta'
[0.158s] Level 1:colcon.colcon_core.package_identification:_identify(src/aerostack2-tcc_lucca/as2_behavior_tree) by extensions ['ros']
[0.158s] Level 1:colcon.colcon_core.package_identification:_identify(src/aerostack2-tcc_lucca/as2_behavior_tree) by extension 'ros'
[0.159s] DEBUG:colcon.colcon_core.package_identification:Package 'src/aerostack2-tcc_lucca/as2_behavior_tree' with type 'ros.ament_cmake' and name 'as2_behavior_tree'
[0.159s] Level 1:colcon.colcon_core.package_identification:_identify(src/aerostack2-tcc_lucca/as2_behaviors) by extensions ['ignore', 'ignore_ament_install']
[0.159s] Level 1:colcon.colcon_core.package_identification:_identify(src/aerostack2-tcc_lucca/as2_behaviors) by extension 'ignore'
[0.159s] Level 1:colcon.colcon_core.package_identification:_identify(src/aerostack2-tcc_lucca/as2_behaviors) by extension 'ignore_ament_install'
[0.159s] Level 1:colcon.colcon_core.package_identification:_identify(src/aerostack2-tcc_lucca/as2_behaviors) by extensions ['colcon_pkg']
[0.159s] Level 1:colcon.colcon_core.package_identification:_identify(src/aerostack2-tcc_lucca/as2_behaviors) by extension 'colcon_pkg'
[0.159s] Level 1:colcon.colcon_core.package_identification:_identify(src/aerostack2-tcc_lucca/as2_behaviors) by extensions ['colcon_meta']
[0.159s] Level 1:colcon.colcon_core.package_identification:_identify(src/aerostack2-tcc_lucca/as2_behaviors) by extension 'colcon_meta'
[0.159s] Level 1:colcon.colcon_core.package_identification:_identify(src/aerostack2-tcc_lucca/as2_behaviors) by extensions ['ros']
[0.159s] Level 1:colcon.colcon_core.package_identification:_identify(src/aerostack2-tcc_lucca/as2_behaviors) by extension 'ros'
[0.159s] Level 1:colcon.colcon_core.package_identification:_identify(src/aerostack2-tcc_lucca/as2_behaviors) by extensions ['cmake', 'python']
[0.159s] Level 1:colcon.colcon_core.package_identification:_identify(src/aerostack2-tcc_lucca/as2_behaviors) by extension 'cmake'
[0.159s] Level 1:colcon.colcon_core.package_identification:_identify(src/aerostack2-tcc_lucca/as2_behaviors) by extension 'python'
[0.159s] Level 1:colcon.colcon_core.package_identification:_identify(src/aerostack2-tcc_lucca/as2_behaviors) by extensions ['python_setup_py']
[0.159s] Level 1:colcon.colcon_core.package_identification:_identify(src/aerostack2-tcc_lucca/as2_behaviors) by extension 'python_setup_py'
[0.159s] Level 1:colcon.colcon_core.package_identification:_identify(src/aerostack2-tcc_lucca/as2_behaviors/as2_behavior) by extensions ['ignore', 'ignore_ament_install']
[0.159s] Level 1:colcon.colcon_core.package_identification:_identify(src/aerostack2-tcc_lucca/as2_behaviors/as2_behavior) by extension 'ignore'
[0.159s] Level 1:colcon.colcon_core.package_identification:_identify(src/aerostack2-tcc_lucca/as2_behaviors/as2_behavior) by extension 'ignore_ament_install'
[0.159s] Level 1:colcon.colcon_core.package_identification:_identify(src/aerostack2-tcc_lucca/as2_behaviors/as2_behavior) by extensions ['colcon_pkg']
[0.159s] Level 1:colcon.colcon_core.package_identification:_identify(src/aerostack2-tcc_lucca/as2_behaviors/as2_behavior) by extension 'colcon_pkg'
[0.159s] Level 1:colcon.colcon_core.package_identification:_identify(src/aerostack2-tcc_lucca/as2_behaviors/as2_behavior) by extensions ['colcon_meta']
[0.159s] Level 1:colcon.colcon_core.package_identification:_identify(src/aerostack2-tcc_lucca/as2_behaviors/as2_behavior) by extension 'colcon_meta'
[0.159s] Level 1:colcon.colcon_core.package_identification:_identify(src/aerostack2-tcc_lucca/as2_behaviors/as2_behavior) by extensions ['ros']
[0.159s] Level 1:colcon.colcon_core.package_identification:_identify(src/aerostack2-tcc_lucca/as2_behaviors/as2_behavior) by extension 'ros'
[0.160s] DEBUG:colcon.colcon_core.package_identification:Package 'src/aerostack2-tcc_lucca/as2_behaviors/as2_behavior' with type 'ros.ament_cmake' and name 'as2_behavior'
[0.160s] Level 1:colcon.colcon_core.package_identification:_identify(src/aerostack2-tcc_lucca/as2_behaviors/as2_behaviors_motion) by extensions ['ignore', 'ignore_ament_install']
[0.160s] Level 1:colcon.colcon_core.package_identification:_identify(src/aerostack2-tcc_lucca/as2_behaviors/as2_behaviors_motion) by extension 'ignore'
[0.160s] Level 1:colcon.colcon_core.package_identification:_identify(src/aerostack2-tcc_lucca/as2_behaviors/as2_behaviors_motion) by extension 'ignore_ament_install'
[0.160s] Level 1:colcon.colcon_core.package_identification:_identify(src/aerostack2-tcc_lucca/as2_behaviors/as2_behaviors_motion) by extensions ['colcon_pkg']
[0.160s] Level 1:colcon.colcon_core.package_identification:_identify(src/aerostack2-tcc_lucca/as2_behaviors/as2_behaviors_motion) by extension 'colcon_pkg'
[0.160s] Level 1:colcon.colcon_core.package_identification:_identify(src/aerostack2-tcc_lucca/as2_behaviors/as2_behaviors_motion) by extensions ['colcon_meta']
[0.160s] Level 1:colcon.colcon_core.package_identification:_identify(src/aerostack2-tcc_lucca/as2_behaviors/as2_behaviors_motion) by extension 'colcon_meta'
[0.160s] Level 1:colcon.colcon_core.package_identification:_identify(src/aerostack2-tcc_lucca/as2_behaviors/as2_behaviors_motion) by extensions ['ros']
[0.160s] Level 1:colcon.colcon_core.package_identification:_identify(src/aerostack2-tcc_lucca/as2_behaviors/as2_behaviors_motion) by extension 'ros'
[0.160s] DEBUG:colcon.colcon_core.package_identification:Package 'src/aerostack2-tcc_lucca/as2_behaviors/as2_behaviors_motion' with type 'ros.ament_cmake' and name 'as2_behaviors_motion'
[0.160s] Level 1:colcon.colcon_core.package_identification:_identify(src/aerostack2-tcc_lucca/as2_behaviors/as2_behaviors_param_estimation) by extensions ['ignore', 'ignore_ament_install']
[0.160s] Level 1:colcon.colcon_core.package_identification:_identify(src/aerostack2-tcc_lucca/as2_behaviors/as2_behaviors_param_estimation) by extension 'ignore'
[0.160s] Level 1:colcon.colcon_core.package_identification:_identify(src/aerostack2-tcc_lucca/as2_behaviors/as2_behaviors_param_estimation) by extension 'ignore_ament_install'
[0.160s] Level 1:colcon.colcon_core.package_identification:_identify(src/aerostack2-tcc_lucca/as2_behaviors/as2_behaviors_param_estimation) by extensions ['colcon_pkg']
[0.161s] Level 1:colcon.colcon_core.package_identification:_identify(src/aerostack2-tcc_lucca/as2_behaviors/as2_behaviors_param_estimation) by extension 'colcon_pkg'
[0.161s] Level 1:colcon.colcon_core.package_identification:_identify(src/aerostack2-tcc_lucca/as2_behaviors/as2_behaviors_param_estimation) by extensions ['colcon_meta']
[0.161s] Level 1:colcon.colcon_core.package_identification:_identify(src/aerostack2-tcc_lucca/as2_behaviors/as2_behaviors_param_estimation) by extension 'colcon_meta'
[0.161s] Level 1:colcon.colcon_core.package_identification:_identify(src/aerostack2-tcc_lucca/as2_behaviors/as2_behaviors_param_estimation) by extensions ['ros']
[0.161s] Level 1:colcon.colcon_core.package_identification:_identify(src/aerostack2-tcc_lucca/as2_behaviors/as2_behaviors_param_estimation) by extension 'ros'
[0.161s] DEBUG:colcon.colcon_core.package_identification:Package 'src/aerostack2-tcc_lucca/as2_behaviors/as2_behaviors_param_estimation' with type 'ros.ament_cmake' and name 'as2_behaviors_param_estimation'
[0.161s] Level 1:colcon.colcon_core.package_identification:_identify(src/aerostack2-tcc_lucca/as2_behaviors/as2_behaviors_path_planning) by extensions ['ignore', 'ignore_ament_install']
[0.161s] Level 1:colcon.colcon_core.package_identification:_identify(src/aerostack2-tcc_lucca/as2_behaviors/as2_behaviors_path_planning) by extension 'ignore'
[0.161s] Level 1:colcon.colcon_core.package_identification:_identify(src/aerostack2-tcc_lucca/as2_behaviors/as2_behaviors_path_planning) by extension 'ignore_ament_install'
[0.161s] Level 1:colcon.colcon_core.package_identification:_identify(src/aerostack2-tcc_lucca/as2_behaviors/as2_behaviors_path_planning) by extensions ['colcon_pkg']
[0.161s] Level 1:colcon.colcon_core.package_identification:_identify(src/aerostack2-tcc_lucca/as2_behaviors/as2_behaviors_path_planning) by extension 'colcon_pkg'
[0.161s] Level 1:colcon.colcon_core.package_identification:_identify(src/aerostack2-tcc_lucca/as2_behaviors/as2_behaviors_path_planning) by extensions ['colcon_meta']
[0.161s] Level 1:colcon.colcon_core.package_identification:_identify(src/aerostack2-tcc_lucca/as2_behaviors/as2_behaviors_path_planning) by extension 'colcon_meta'
[0.161s] Level 1:colcon.colcon_core.package_identification:_identify(src/aerostack2-tcc_lucca/as2_behaviors/as2_behaviors_path_planning) by extensions ['ros']
[0.161s] Level 1:colcon.colcon_core.package_identification:_identify(src/aerostack2-tcc_lucca/as2_behaviors/as2_behaviors_path_planning) by extension 'ros'
[0.162s] DEBUG:colcon.colcon_core.package_identification:Package 'src/aerostack2-tcc_lucca/as2_behaviors/as2_behaviors_path_planning' with type 'ros.ament_cmake' and name 'as2_behaviors_path_planning'
[0.162s] Level 1:colcon.colcon_core.package_identification:_identify(src/aerostack2-tcc_lucca/as2_behaviors/as2_behaviors_payload) by extensions ['ignore', 'ignore_ament_install']
[0.162s] Level 1:colcon.colcon_core.package_identification:_identify(src/aerostack2-tcc_lucca/as2_behaviors/as2_behaviors_payload) by extension 'ignore'
[0.162s] Level 1:colcon.colcon_core.package_identification:_identify(src/aerostack2-tcc_lucca/as2_behaviors/as2_behaviors_payload) by extension 'ignore_ament_install'
[0.162s] Level 1:colcon.colcon_core.package_identification:_identify(src/aerostack2-tcc_lucca/as2_behaviors/as2_behaviors_payload) by extensions ['colcon_pkg']
[0.162s] Level 1:colcon.colcon_core.package_identification:_identify(src/aerostack2-tcc_lucca/as2_behaviors/as2_behaviors_payload) by extension 'colcon_pkg'
[0.162s] Level 1:colcon.colcon_core.package_identification:_identify(src/aerostack2-tcc_lucca/as2_behaviors/as2_behaviors_payload) by extensions ['colcon_meta']
[0.162s] Level 1:colcon.colcon_core.package_identification:_identify(src/aerostack2-tcc_lucca/as2_behaviors/as2_behaviors_payload) by extension 'colcon_meta'
[0.162s] Level 1:colcon.colcon_core.package_identification:_identify(src/aerostack2-tcc_lucca/as2_behaviors/as2_behaviors_payload) by extensions ['ros']
[0.162s] Level 1:colcon.colcon_core.package_identification:_identify(src/aerostack2-tcc_lucca/as2_behaviors/as2_behaviors_payload) by extension 'ros'
[0.163s] DEBUG:colcon.colcon_core.package_identification:Package 'src/aerostack2-tcc_lucca/as2_behaviors/as2_behaviors_payload' with type 'ros.ament_cmake' and name 'as2_behaviors_payload'
[0.163s] Level 1:colcon.colcon_core.package_identification:_identify(src/aerostack2-tcc_lucca/as2_behaviors/as2_behaviors_perception) by extensions ['ignore', 'ignore_ament_install']
[0.163s] Level 1:colcon.colcon_core.package_identification:_identify(src/aerostack2-tcc_lucca/as2_behaviors/as2_behaviors_perception) by extension 'ignore'
[0.163s] Level 1:colcon.colcon_core.package_identification:_identify(src/aerostack2-tcc_lucca/as2_behaviors/as2_behaviors_perception) by extension 'ignore_ament_install'
[0.163s] Level 1:colcon.colcon_core.package_identification:_identify(src/aerostack2-tcc_lucca/as2_behaviors/as2_behaviors_perception) by extensions ['colcon_pkg']
[0.163s] Level 1:colcon.colcon_core.package_identification:_identify(src/aerostack2-tcc_lucca/as2_behaviors/as2_behaviors_perception) by extension 'colcon_pkg'
[0.163s] Level 1:colcon.colcon_core.package_identification:_identify(src/aerostack2-tcc_lucca/as2_behaviors/as2_behaviors_perception) by extensions ['colcon_meta']
[0.163s] Level 1:colcon.colcon_core.package_identification:_identify(src/aerostack2-tcc_lucca/as2_behaviors/as2_behaviors_perception) by extension 'colcon_meta'
[0.163s] Level 1:colcon.colcon_core.package_identification:_identify(src/aerostack2-tcc_lucca/as2_behaviors/as2_behaviors_perception) by extensions ['ros']
[0.163s] Level 1:colcon.colcon_core.package_identification:_identify(src/aerostack2-tcc_lucca/as2_behaviors/as2_behaviors_perception) by extension 'ros'
[0.164s] DEBUG:colcon.colcon_core.package_identification:Package 'src/aerostack2-tcc_lucca/as2_behaviors/as2_behaviors_perception' with type 'ros.ament_cmake' and name 'as2_behaviors_perception'
[0.164s] Level 1:colcon.colcon_core.package_identification:_identify(src/aerostack2-tcc_lucca/as2_behaviors/as2_behaviors_platform) by extensions ['ignore', 'ignore_ament_install']
[0.164s] Level 1:colcon.colcon_core.package_identification:_identify(src/aerostack2-tcc_lucca/as2_behaviors/as2_behaviors_platform) by extension 'ignore'
[0.164s] Level 1:colcon.colcon_core.package_identification:_identify(src/aerostack2-tcc_lucca/as2_behaviors/as2_behaviors_platform) by extension 'ignore_ament_install'
[0.164s] Level 1:colcon.colcon_core.package_identification:_identify(src/aerostack2-tcc_lucca/as2_behaviors/as2_behaviors_platform) by extensions ['colcon_pkg']
[0.164s] Level 1:colcon.colcon_core.package_identification:_identify(src/aerostack2-tcc_lucca/as2_behaviors/as2_behaviors_platform) by extension 'colcon_pkg'
[0.164s] Level 1:colcon.colcon_core.package_identification:_identify(src/aerostack2-tcc_lucca/as2_behaviors/as2_behaviors_platform) by extensions ['colcon_meta']
[0.164s] Level 1:colcon.colcon_core.package_identification:_identify(src/aerostack2-tcc_lucca/as2_behaviors/as2_behaviors_platform) by extension 'colcon_meta'
[0.164s] Level 1:colcon.colcon_core.package_identification:_identify(src/aerostack2-tcc_lucca/as2_behaviors/as2_behaviors_platform) by extensions ['ros']
[0.164s] Level 1:colcon.colcon_core.package_identification:_identify(src/aerostack2-tcc_lucca/as2_behaviors/as2_behaviors_platform) by extension 'ros'
[0.165s] DEBUG:colcon.colcon_core.package_identification:Package 'src/aerostack2-tcc_lucca/as2_behaviors/as2_behaviors_platform' with type 'ros.ament_cmake' and name 'as2_behaviors_platform'
[0.165s] Level 1:colcon.colcon_core.package_identification:_identify(src/aerostack2-tcc_lucca/as2_behaviors/as2_behaviors_swarm_flocking) by extensions ['ignore', 'ignore_ament_install']
[0.165s] Level 1:colcon.colcon_core.package_identification:_identify(src/aerostack2-tcc_lucca/as2_behaviors/as2_behaviors_swarm_flocking) by extension 'ignore'
[0.165s] Level 1:colcon.colcon_core.package_identification:_identify(src/aerostack2-tcc_lucca/as2_behaviors/as2_behaviors_swarm_flocking) by extension 'ignore_ament_install'
[0.165s] Level 1:colcon.colcon_core.package_identification:_identify(src/aerostack2-tcc_lucca/as2_behaviors/as2_behaviors_swarm_flocking) by extensions ['colcon_pkg']
[0.165s] Level 1:colcon.colcon_core.package_identification:_identify(src/aerostack2-tcc_lucca/as2_behaviors/as2_behaviors_swarm_flocking) by extension 'colcon_pkg'
[0.165s] Level 1:colcon.colcon_core.package_identification:_identify(src/aerostack2-tcc_lucca/as2_behaviors/as2_behaviors_swarm_flocking) by extensions ['colcon_meta']
[0.165s] Level 1:colcon.colcon_core.package_identification:_identify(src/aerostack2-tcc_lucca/as2_behaviors/as2_behaviors_swarm_flocking) by extension 'colcon_meta'
[0.165s] Level 1:colcon.colcon_core.package_identification:_identify(src/aerostack2-tcc_lucca/as2_behaviors/as2_behaviors_swarm_flocking) by extensions ['ros']
[0.165s] Level 1:colcon.colcon_core.package_identification:_identify(src/aerostack2-tcc_lucca/as2_behaviors/as2_behaviors_swarm_flocking) by extension 'ros'
[0.165s] DEBUG:colcon.colcon_core.package_identification:Package 'src/aerostack2-tcc_lucca/as2_behaviors/as2_behaviors_swarm_flocking' with type 'ros.ament_cmake' and name 'as2_behaviors_swarm_flocking'
[0.166s] Level 1:colcon.colcon_core.package_identification:_identify(src/aerostack2-tcc_lucca/as2_behaviors/as2_behaviors_trajectory_generation) by extensions ['ignore', 'ignore_ament_install']
[0.166s] Level 1:colcon.colcon_core.package_identification:_identify(src/aerostack2-tcc_lucca/as2_behaviors/as2_behaviors_trajectory_generation) by extension 'ignore'
[0.166s] Level 1:colcon.colcon_core.package_identification:_identify(src/aerostack2-tcc_lucca/as2_behaviors/as2_behaviors_trajectory_generation) by extension 'ignore_ament_install'
[0.166s] Level 1:colcon.colcon_core.package_identification:_identify(src/aerostack2-tcc_lucca/as2_behaviors/as2_behaviors_trajectory_generation) by extensions ['colcon_pkg']
[0.166s] Level 1:colcon.colcon_core.package_identification:_identify(src/aerostack2-tcc_lucca/as2_behaviors/as2_behaviors_trajectory_generation) by extension 'colcon_pkg'
[0.166s] Level 1:colcon.colcon_core.package_identification:_identify(src/aerostack2-tcc_lucca/as2_behaviors/as2_behaviors_trajectory_generation) by extensions ['colcon_meta']
[0.166s] Level 1:colcon.colcon_core.package_identification:_identify(src/aerostack2-tcc_lucca/as2_behaviors/as2_behaviors_trajectory_generation) by extension 'colcon_meta'
[0.166s] Level 1:colcon.colcon_core.package_identification:_identify(src/aerostack2-tcc_lucca/as2_behaviors/as2_behaviors_trajectory_generation) by extensions ['ros']
[0.166s] Level 1:colcon.colcon_core.package_identification:_identify(src/aerostack2-tcc_lucca/as2_behaviors/as2_behaviors_trajectory_generation) by extension 'ros'
[0.166s] DEBUG:colcon.colcon_core.package_identification:Package 'src/aerostack2-tcc_lucca/as2_behaviors/as2_behaviors_trajectory_generation' with type 'ros.ament_cmake' and name 'as2_behaviors_trajectory_generation'
[0.166s] Level 1:colcon.colcon_core.package_identification:_identify(src/aerostack2-tcc_lucca/as2_cli) by extensions ['ignore', 'ignore_ament_install']
[0.166s] Level 1:colcon.colcon_core.package_identification:_identify(src/aerostack2-tcc_lucca/as2_cli) by extension 'ignore'
[0.166s] Level 1:colcon.colcon_core.package_identification:_identify(src/aerostack2-tcc_lucca/as2_cli) by extension 'ignore_ament_install'
[0.166s] Level 1:colcon.colcon_core.package_identification:_identify(src/aerostack2-tcc_lucca/as2_cli) by extensions ['colcon_pkg']
[0.166s] Level 1:colcon.colcon_core.package_identification:_identify(src/aerostack2-tcc_lucca/as2_cli) by extension 'colcon_pkg'
[0.166s] Level 1:colcon.colcon_core.package_identification:_identify(src/aerostack2-tcc_lucca/as2_cli) by extensions ['colcon_meta']
[0.166s] Level 1:colcon.colcon_core.package_identification:_identify(src/aerostack2-tcc_lucca/as2_cli) by extension 'colcon_meta'
[0.167s] Level 1:colcon.colcon_core.package_identification:_identify(src/aerostack2-tcc_lucca/as2_cli) by extensions ['ros']
[0.167s] Level 1:colcon.colcon_core.package_identification:_identify(src/aerostack2-tcc_lucca/as2_cli) by extension 'ros'
[0.167s] DEBUG:colcon.colcon_core.package_identification:Package 'src/aerostack2-tcc_lucca/as2_cli' with type 'ros.ament_cmake' and name 'as2_cli'
[0.167s] Level 1:colcon.colcon_core.package_identification:_identify(src/aerostack2-tcc_lucca/as2_core) by extensions ['ignore', 'ignore_ament_install']
[0.167s] Level 1:colcon.colcon_core.package_identification:_identify(src/aerostack2-tcc_lucca/as2_core) by extension 'ignore'
[0.167s] Level 1:colcon.colcon_core.package_identification:_identify(src/aerostack2-tcc_lucca/as2_core) by extension 'ignore_ament_install'
[0.167s] Level 1:colcon.colcon_core.package_identification:_identify(src/aerostack2-tcc_lucca/as2_core) by extensions ['colcon_pkg']
[0.167s] Level 1:colcon.colcon_core.package_identification:_identify(src/aerostack2-tcc_lucca/as2_core) by extension 'colcon_pkg'
[0.167s] Level 1:colcon.colcon_core.package_identification:_identify(src/aerostack2-tcc_lucca/as2_core) by extensions ['colcon_meta']
[0.167s] Level 1:colcon.colcon_core.package_identification:_identify(src/aerostack2-tcc_lucca/as2_core) by extension 'colcon_meta'
[0.167s] Level 1:colcon.colcon_core.package_identification:_identify(src/aerostack2-tcc_lucca/as2_core) by extensions ['ros']
[0.167s] Level 1:colcon.colcon_core.package_identification:_identify(src/aerostack2-tcc_lucca/as2_core) by extension 'ros'
[0.173s] DEBUG:colcon.colcon_core.package_identification:Package 'src/aerostack2-tcc_lucca/as2_core' with type 'ros.ament_cmake' and name 'as2_core'
[0.173s] Level 1:colcon.colcon_core.package_identification:_identify(src/aerostack2-tcc_lucca/as2_hardware_drivers) by extensions ['ignore', 'ignore_ament_install']
[0.173s] Level 1:colcon.colcon_core.package_identification:_identify(src/aerostack2-tcc_lucca/as2_hardware_drivers) by extension 'ignore'
[0.173s] Level 1:colcon.colcon_core.package_identification:_identify(src/aerostack2-tcc_lucca/as2_hardware_drivers) by extension 'ignore_ament_install'
[0.173s] Level 1:colcon.colcon_core.package_identification:_identify(src/aerostack2-tcc_lucca/as2_hardware_drivers) by extensions ['colcon_pkg']
[0.173s] Level 1:colcon.colcon_core.package_identification:_identify(src/aerostack2-tcc_lucca/as2_hardware_drivers) by extension 'colcon_pkg'
[0.173s] Level 1:colcon.colcon_core.package_identification:_identify(src/aerostack2-tcc_lucca/as2_hardware_drivers) by extensions ['colcon_meta']
[0.173s] Level 1:colcon.colcon_core.package_identification:_identify(src/aerostack2-tcc_lucca/as2_hardware_drivers) by extension 'colcon_meta'
[0.173s] Level 1:colcon.colcon_core.package_identification:_identify(src/aerostack2-tcc_lucca/as2_hardware_drivers) by extensions ['ros']
[0.173s] Level 1:colcon.colcon_core.package_identification:_identify(src/aerostack2-tcc_lucca/as2_hardware_drivers) by extension 'ros'
[0.173s] Level 1:colcon.colcon_core.package_identification:_identify(src/aerostack2-tcc_lucca/as2_hardware_drivers) by extensions ['cmake', 'python']
[0.173s] Level 1:colcon.colcon_core.package_identification:_identify(src/aerostack2-tcc_lucca/as2_hardware_drivers) by extension 'cmake'
[0.173s] Level 1:colcon.colcon_core.package_identification:_identify(src/aerostack2-tcc_lucca/as2_hardware_drivers) by extension 'python'
[0.173s] Level 1:colcon.colcon_core.package_identification:_identify(src/aerostack2-tcc_lucca/as2_hardware_drivers) by extensions ['python_setup_py']
[0.173s] Level 1:colcon.colcon_core.package_identification:_identify(src/aerostack2-tcc_lucca/as2_hardware_drivers) by extension 'python_setup_py'
[0.173s] Level 1:colcon.colcon_core.package_identification:_identify(src/aerostack2-tcc_lucca/as2_hardware_drivers/as2_realsense_interface) by extensions ['ignore', 'ignore_ament_install']
[0.173s] Level 1:colcon.colcon_core.package_identification:_identify(src/aerostack2-tcc_lucca/as2_hardware_drivers/as2_realsense_interface) by extension 'ignore'
[0.173s] Level 1:colcon.colcon_core.package_identification:_identify(src/aerostack2-tcc_lucca/as2_hardware_drivers/as2_realsense_interface) by extension 'ignore_ament_install'
[0.173s] Level 1:colcon.colcon_core.package_identification:_identify(src/aerostack2-tcc_lucca/as2_hardware_drivers/as2_realsense_interface) by extensions ['colcon_pkg']
[0.173s] Level 1:colcon.colcon_core.package_identification:_identify(src/aerostack2-tcc_lucca/as2_hardware_drivers/as2_realsense_interface) by extension 'colcon_pkg'
[0.173s] Level 1:colcon.colcon_core.package_identification:_identify(src/aerostack2-tcc_lucca/as2_hardware_drivers/as2_realsense_interface) by extensions ['colcon_meta']
[0.173s] Level 1:colcon.colcon_core.package_identification:_identify(src/aerostack2-tcc_lucca/as2_hardware_drivers/as2_realsense_interface) by extension 'colcon_meta'
[0.173s] Level 1:colcon.colcon_core.package_identification:_identify(src/aerostack2-tcc_lucca/as2_hardware_drivers/as2_realsense_interface) by extensions ['ros']
[0.173s] Level 1:colcon.colcon_core.package_identification:_identify(src/aerostack2-tcc_lucca/as2_hardware_drivers/as2_realsense_interface) by extension 'ros'
[0.174s] DEBUG:colcon.colcon_core.package_identification:Package 'src/aerostack2-tcc_lucca/as2_hardware_drivers/as2_realsense_interface' with type 'ros.ament_cmake' and name 'as2_realsense_interface'
[0.174s] Level 1:colcon.colcon_core.package_identification:_identify(src/aerostack2-tcc_lucca/as2_hardware_drivers/as2_usb_camera_interface) by extensions ['ignore', 'ignore_ament_install']
[0.174s] Level 1:colcon.colcon_core.package_identification:_identify(src/aerostack2-tcc_lucca/as2_hardware_drivers/as2_usb_camera_interface) by extension 'ignore'
[0.174s] Level 1:colcon.colcon_core.package_identification:_identify(src/aerostack2-tcc_lucca/as2_hardware_drivers/as2_usb_camera_interface) by extension 'ignore_ament_install'
[0.174s] Level 1:colcon.colcon_core.package_identification:_identify(src/aerostack2-tcc_lucca/as2_hardware_drivers/as2_usb_camera_interface) by extensions ['colcon_pkg']
[0.174s] Level 1:colcon.colcon_core.package_identification:_identify(src/aerostack2-tcc_lucca/as2_hardware_drivers/as2_usb_camera_interface) by extension 'colcon_pkg'
[0.174s] Level 1:colcon.colcon_core.package_identification:_identify(src/aerostack2-tcc_lucca/as2_hardware_drivers/as2_usb_camera_interface) by extensions ['colcon_meta']
[0.174s] Level 1:colcon.colcon_core.package_identification:_identify(src/aerostack2-tcc_lucca/as2_hardware_drivers/as2_usb_camera_interface) by extension 'colcon_meta'
[0.174s] Level 1:colcon.colcon_core.package_identification:_identify(src/aerostack2-tcc_lucca/as2_hardware_drivers/as2_usb_camera_interface) by extensions ['ros']
[0.174s] Level 1:colcon.colcon_core.package_identification:_identify(src/aerostack2-tcc_lucca/as2_hardware_drivers/as2_usb_camera_interface) by extension 'ros'
[0.174s] DEBUG:colcon.colcon_core.package_identification:Package 'src/aerostack2-tcc_lucca/as2_hardware_drivers/as2_usb_camera_interface' with type 'ros.ament_cmake' and name 'as2_usb_camera_interface'
[0.174s] Level 1:colcon.colcon_core.package_identification:_identify(src/aerostack2-tcc_lucca/as2_map_server) by extensions ['ignore', 'ignore_ament_install']
[0.175s] Level 1:colcon.colcon_core.package_identification:_identify(src/aerostack2-tcc_lucca/as2_map_server) by extension 'ignore'
[0.175s] Level 1:colcon.colcon_core.package_identification:_identify(src/aerostack2-tcc_lucca/as2_map_server) by extension 'ignore_ament_install'
[0.175s] Level 1:colcon.colcon_core.package_identification:_identify(src/aerostack2-tcc_lucca/as2_map_server) by extensions ['colcon_pkg']
[0.175s] Level 1:colcon.colcon_core.package_identification:_identify(src/aerostack2-tcc_lucca/as2_map_server) by extension 'colcon_pkg'
[0.175s] Level 1:colcon.colcon_core.package_identification:_identify(src/aerostack2-tcc_lucca/as2_map_server) by extensions ['colcon_meta']
[0.175s] Level 1:colcon.colcon_core.package_identification:_identify(src/aerostack2-tcc_lucca/as2_map_server) by extension 'colcon_meta'
[0.175s] Level 1:colcon.colcon_core.package_identification:_identify(src/aerostack2-tcc_lucca/as2_map_server) by extensions ['ros']
[0.175s] Level 1:colcon.colcon_core.package_identification:_identify(src/aerostack2-tcc_lucca/as2_map_server) by extension 'ros'
[0.175s] DEBUG:colcon.colcon_core.package_identification:Package 'src/aerostack2-tcc_lucca/as2_map_server' with type 'ros.ament_cmake' and name 'as2_map_server'
[0.175s] Level 1:colcon.colcon_core.package_identification:_identify(src/aerostack2-tcc_lucca/as2_motion_controller) by extensions ['ignore', 'ignore_ament_install']
[0.175s] Level 1:colcon.colcon_core.package_identification:_identify(src/aerostack2-tcc_lucca/as2_motion_controller) by extension 'ignore'
[0.175s] Level 1:colcon.colcon_core.package_identification:_identify(src/aerostack2-tcc_lucca/as2_motion_controller) by extension 'ignore_ament_install'
[0.175s] Level 1:colcon.colcon_core.package_identification:_identify(src/aerostack2-tcc_lucca/as2_motion_controller) by extensions ['colcon_pkg']
[0.175s] Level 1:colcon.colcon_core.package_identification:_identify(src/aerostack2-tcc_lucca/as2_motion_controller) by extension 'colcon_pkg'
[0.175s] Level 1:colcon.colcon_core.package_identification:_identify(src/aerostack2-tcc_lucca/as2_motion_controller) by extensions ['colcon_meta']
[0.175s] Level 1:colcon.colcon_core.package_identification:_identify(src/aerostack2-tcc_lucca/as2_motion_controller) by extension 'colcon_meta'
[0.175s] Level 1:colcon.colcon_core.package_identification:_identify(src/aerostack2-tcc_lucca/as2_motion_controller) by extensions ['ros']
[0.175s] Level 1:colcon.colcon_core.package_identification:_identify(src/aerostack2-tcc_lucca/as2_motion_controller) by extension 'ros'
[0.176s] DEBUG:colcon.colcon_core.package_identification:Package 'src/aerostack2-tcc_lucca/as2_motion_controller' with type 'ros.ament_cmake' and name 'as2_motion_controller'
[0.176s] Level 1:colcon.colcon_core.package_identification:_identify(src/aerostack2-tcc_lucca/as2_motion_reference_handlers) by extensions ['ignore', 'ignore_ament_install']
[0.176s] Level 1:colcon.colcon_core.package_identification:_identify(src/aerostack2-tcc_lucca/as2_motion_reference_handlers) by extension 'ignore'
[0.176s] Level 1:colcon.colcon_core.package_identification:_identify(src/aerostack2-tcc_lucca/as2_motion_reference_handlers) by extension 'ignore_ament_install'
[0.176s] Level 1:colcon.colcon_core.package_identification:_identify(src/aerostack2-tcc_lucca/as2_motion_reference_handlers) by extensions ['colcon_pkg']
[0.176s] Level 1:colcon.colcon_core.package_identification:_identify(src/aerostack2-tcc_lucca/as2_motion_reference_handlers) by extension 'colcon_pkg'
[0.176s] Level 1:colcon.colcon_core.package_identification:_identify(src/aerostack2-tcc_lucca/as2_motion_reference_handlers) by extensions ['colcon_meta']
[0.176s] Level 1:colcon.colcon_core.package_identification:_identify(src/aerostack2-tcc_lucca/as2_motion_reference_handlers) by extension 'colcon_meta'
[0.176s] Level 1:colcon.colcon_core.package_identification:_identify(src/aerostack2-tcc_lucca/as2_motion_reference_handlers) by extensions ['ros']
[0.176s] Level 1:colcon.colcon_core.package_identification:_identify(src/aerostack2-tcc_lucca/as2_motion_reference_handlers) by extension 'ros'
[0.177s] DEBUG:colcon.colcon_core.package_identification:Package 'src/aerostack2-tcc_lucca/as2_motion_reference_handlers' with type 'ros.ament_cmake' and name 'as2_motion_reference_handlers'
[0.177s] Level 1:colcon.colcon_core.package_identification:_identify(src/aerostack2-tcc_lucca/as2_msgs) by extensions ['ignore', 'ignore_ament_install']
[0.177s] Level 1:colcon.colcon_core.package_identification:_identify(src/aerostack2-tcc_lucca/as2_msgs) by extension 'ignore'
[0.177s] Level 1:colcon.colcon_core.package_identification:_identify(src/aerostack2-tcc_lucca/as2_msgs) by extension 'ignore_ament_install'
[0.177s] Level 1:colcon.colcon_core.package_identification:_identify(src/aerostack2-tcc_lucca/as2_msgs) by extensions ['colcon_pkg']
[0.177s] Level 1:colcon.colcon_core.package_identification:_identify(src/aerostack2-tcc_lucca/as2_msgs) by extension 'colcon_pkg'
[0.177s] Level 1:colcon.colcon_core.package_identification:_identify(src/aerostack2-tcc_lucca/as2_msgs) by extensions ['colcon_meta']
[0.177s] Level 1:colcon.colcon_core.package_identification:_identify(src/aerostack2-tcc_lucca/as2_msgs) by extension 'colcon_meta'
[0.177s] Level 1:colcon.colcon_core.package_identification:_identify(src/aerostack2-tcc_lucca/as2_msgs) by extensions ['ros']
[0.177s] Level 1:colcon.colcon_core.package_identification:_identify(src/aerostack2-tcc_lucca/as2_msgs) by extension 'ros'
[0.177s] DEBUG:colcon.colcon_core.package_identification:Package 'src/aerostack2-tcc_lucca/as2_msgs' with type 'ros.ament_cmake' and name 'as2_msgs'
[0.177s] Level 1:colcon.colcon_core.package_identification:_identify(src/aerostack2-tcc_lucca/as2_python_api) by extensions ['ignore', 'ignore_ament_install']
[0.177s] Level 1:colcon.colcon_core.package_identification:_identify(src/aerostack2-tcc_lucca/as2_python_api) by extension 'ignore'
[0.178s] Level 1:colcon.colcon_core.package_identification:_identify(src/aerostack2-tcc_lucca/as2_python_api) by extension 'ignore_ament_install'
[0.178s] Level 1:colcon.colcon_core.package_identification:_identify(src/aerostack2-tcc_lucca/as2_python_api) by extensions ['colcon_pkg']
[0.178s] Level 1:colcon.colcon_core.package_identification:_identify(src/aerostack2-tcc_lucca/as2_python_api) by extension 'colcon_pkg'
[0.178s] Level 1:colcon.colcon_core.package_identification:_identify(src/aerostack2-tcc_lucca/as2_python_api) by extensions ['colcon_meta']
[0.178s] Level 1:colcon.colcon_core.package_identification:_identify(src/aerostack2-tcc_lucca/as2_python_api) by extension 'colcon_meta'
[0.178s] Level 1:colcon.colcon_core.package_identification:_identify(src/aerostack2-tcc_lucca/as2_python_api) by extensions ['ros']
[0.178s] Level 1:colcon.colcon_core.package_identification:_identify(src/aerostack2-tcc_lucca/as2_python_api) by extension 'ros'
[0.178s] DEBUG:colcon.colcon_core.package_identification:Package 'src/aerostack2-tcc_lucca/as2_python_api' with type 'ros.ament_python' and name 'as2_python_api'
[0.178s] Level 1:colcon.colcon_core.package_identification:_identify(src/aerostack2-tcc_lucca/as2_simulation_assets) by extensions ['ignore', 'ignore_ament_install']
[0.178s] Level 1:colcon.colcon_core.package_identification:_identify(src/aerostack2-tcc_lucca/as2_simulation_assets) by extension 'ignore'
[0.178s] Level 1:colcon.colcon_core.package_identification:_identify(src/aerostack2-tcc_lucca/as2_simulation_assets) by extension 'ignore_ament_install'
[0.179s] Level 1:colcon.colcon_core.package_identification:_identify(src/aerostack2-tcc_lucca/as2_simulation_assets) by extensions ['colcon_pkg']
[0.179s] Level 1:colcon.colcon_core.package_identification:_identify(src/aerostack2-tcc_lucca/as2_simulation_assets) by extension 'colcon_pkg'
[0.179s] Level 1:colcon.colcon_core.package_identification:_identify(src/aerostack2-tcc_lucca/as2_simulation_assets) by extensions ['colcon_meta']
[0.179s] Level 1:colcon.colcon_core.package_identification:_identify(src/aerostack2-tcc_lucca/as2_simulation_assets) by extension 'colcon_meta'
[0.179s] Level 1:colcon.colcon_core.package_identification:_identify(src/aerostack2-tcc_lucca/as2_simulation_assets) by extensions ['ros']
[0.179s] Level 1:colcon.colcon_core.package_identification:_identify(src/aerostack2-tcc_lucca/as2_simulation_assets) by extension 'ros'
[0.179s] Level 1:colcon.colcon_core.package_identification:_identify(src/aerostack2-tcc_lucca/as2_simulation_assets) by extensions ['cmake', 'python']
[0.179s] Level 1:colcon.colcon_core.package_identification:_identify(src/aerostack2-tcc_lucca/as2_simulation_assets) by extension 'cmake'
[0.179s] Level 1:colcon.colcon_core.package_identification:_identify(src/aerostack2-tcc_lucca/as2_simulation_assets) by extension 'python'
[0.179s] Level 1:colcon.colcon_core.package_identification:_identify(src/aerostack2-tcc_lucca/as2_simulation_assets) by extensions ['python_setup_py']
[0.179s] Level 1:colcon.colcon_core.package_identification:_identify(src/aerostack2-tcc_lucca/as2_simulation_assets) by extension 'python_setup_py'
[0.179s] Level 1:colcon.colcon_core.package_identification:_identify(src/aerostack2-tcc_lucca/as2_simulation_assets/as2_gazebo_assets) by extensions ['ignore', 'ignore_ament_install']
[0.179s] Level 1:colcon.colcon_core.package_identification:_identify(src/aerostack2-tcc_lucca/as2_simulation_assets/as2_gazebo_assets) by extension 'ignore'
[0.179s] Level 1:colcon.colcon_core.package_identification:_identify(src/aerostack2-tcc_lucca/as2_simulation_assets/as2_gazebo_assets) by extension 'ignore_ament_install'
[0.179s] Level 1:colcon.colcon_core.package_identification:_identify(src/aerostack2-tcc_lucca/as2_simulation_assets/as2_gazebo_assets) by extensions ['colcon_pkg']
[0.179s] Level 1:colcon.colcon_core.package_identification:_identify(src/aerostack2-tcc_lucca/as2_simulation_assets/as2_gazebo_assets) by extension 'colcon_pkg'
[0.179s] Level 1:colcon.colcon_core.package_identification:_identify(src/aerostack2-tcc_lucca/as2_simulation_assets/as2_gazebo_assets) by extensions ['colcon_meta']
[0.179s] Level 1:colcon.colcon_core.package_identification:_identify(src/aerostack2-tcc_lucca/as2_simulation_assets/as2_gazebo_assets) by extension 'colcon_meta'
[0.179s] Level 1:colcon.colcon_core.package_identification:_identify(src/aerostack2-tcc_lucca/as2_simulation_assets/as2_gazebo_assets) by extensions ['ros']
[0.179s] Level 1:colcon.colcon_core.package_identification:_identify(src/aerostack2-tcc_lucca/as2_simulation_assets/as2_gazebo_assets) by extension 'ros'
[0.179s] DEBUG:colcon.colcon_core.package_identification:Package 'src/aerostack2-tcc_lucca/as2_simulation_assets/as2_gazebo_assets' with type 'ros.ament_cmake' and name 'as2_gazebo_assets'
[0.180s] Level 1:colcon.colcon_core.package_identification:_identify(src/aerostack2-tcc_lucca/as2_state_estimator) by extensions ['ignore', 'ignore_ament_install']
[0.180s] Level 1:colcon.colcon_core.package_identification:_identify(src/aerostack2-tcc_lucca/as2_state_estimator) by extension 'ignore'
[0.180s] Level 1:colcon.colcon_core.package_identification:_identify(src/aerostack2-tcc_lucca/as2_state_estimator) by extension 'ignore_ament_install'
[0.180s] Level 1:colcon.colcon_core.package_identification:_identify(src/aerostack2-tcc_lucca/as2_state_estimator) by extensions ['colcon_pkg']
[0.180s] Level 1:colcon.colcon_core.package_identification:_identify(src/aerostack2-tcc_lucca/as2_state_estimator) by extension 'colcon_pkg'
[0.180s] Level 1:colcon.colcon_core.package_identification:_identify(src/aerostack2-tcc_lucca/as2_state_estimator) by extensions ['colcon_meta']
[0.180s] Level 1:colcon.colcon_core.package_identification:_identify(src/aerostack2-tcc_lucca/as2_state_estimator) by extension 'colcon_meta'
[0.180s] Level 1:colcon.colcon_core.package_identification:_identify(src/aerostack2-tcc_lucca/as2_state_estimator) by extensions ['ros']
[0.180s] Level 1:colcon.colcon_core.package_identification:_identify(src/aerostack2-tcc_lucca/as2_state_estimator) by extension 'ros'
[0.180s] DEBUG:colcon.colcon_core.package_identification:Package 'src/aerostack2-tcc_lucca/as2_state_estimator' with type 'ros.ament_cmake' and name 'as2_state_estimator'
[0.180s] Level 1:colcon.colcon_core.package_identification:_identify(src/aerostack2-tcc_lucca/as2_user_interfaces) by extensions ['ignore', 'ignore_ament_install']
[0.180s] Level 1:colcon.colcon_core.package_identification:_identify(src/aerostack2-tcc_lucca/as2_user_interfaces) by extension 'ignore'
[0.180s] Level 1:colcon.colcon_core.package_identification:_identify(src/aerostack2-tcc_lucca/as2_user_interfaces) by extension 'ignore_ament_install'
[0.180s] Level 1:colcon.colcon_core.package_identification:_identify(src/aerostack2-tcc_lucca/as2_user_interfaces) by extensions ['colcon_pkg']
[0.180s] Level 1:colcon.colcon_core.package_identification:_identify(src/aerostack2-tcc_lucca/as2_user_interfaces) by extension 'colcon_pkg'
[0.180s] Level 1:colcon.colcon_core.package_identification:_identify(src/aerostack2-tcc_lucca/as2_user_interfaces) by extensions ['colcon_meta']
[0.180s] Level 1:colcon.colcon_core.package_identification:_identify(src/aerostack2-tcc_lucca/as2_user_interfaces) by extension 'colcon_meta'
[0.180s] Level 1:colcon.colcon_core.package_identification:_identify(src/aerostack2-tcc_lucca/as2_user_interfaces) by extensions ['ros']
[0.180s] Level 1:colcon.colcon_core.package_identification:_identify(src/aerostack2-tcc_lucca/as2_user_interfaces) by extension 'ros'
[0.180s] Level 1:colcon.colcon_core.package_identification:_identify(src/aerostack2-tcc_lucca/as2_user_interfaces) by extensions ['cmake', 'python']
[0.180s] Level 1:colcon.colcon_core.package_identification:_identify(src/aerostack2-tcc_lucca/as2_user_interfaces) by extension 'cmake'
[0.180s] Level 1:colcon.colcon_core.package_identification:_identify(src/aerostack2-tcc_lucca/as2_user_interfaces) by extension 'python'
[0.180s] Level 1:colcon.colcon_core.package_identification:_identify(src/aerostack2-tcc_lucca/as2_user_interfaces) by extensions ['python_setup_py']
[0.180s] Level 1:colcon.colcon_core.package_identification:_identify(src/aerostack2-tcc_lucca/as2_user_interfaces) by extension 'python_setup_py'
[0.180s] Level 1:colcon.colcon_core.package_identification:_identify(src/aerostack2-tcc_lucca/as2_user_interfaces/as2_alphanumeric_viewer) by extensions ['ignore', 'ignore_ament_install']
[0.181s] Level 1:colcon.colcon_core.package_identification:_identify(src/aerostack2-tcc_lucca/as2_user_interfaces/as2_alphanumeric_viewer) by extension 'ignore'
[0.181s] Level 1:colcon.colcon_core.package_identification:_identify(src/aerostack2-tcc_lucca/as2_user_interfaces/as2_alphanumeric_viewer) by extension 'ignore_ament_install'
[0.181s] Level 1:colcon.colcon_core.package_identification:_identify(src/aerostack2-tcc_lucca/as2_user_interfaces/as2_alphanumeric_viewer) by extensions ['colcon_pkg']
[0.181s] Level 1:colcon.colcon_core.package_identification:_identify(src/aerostack2-tcc_lucca/as2_user_interfaces/as2_alphanumeric_viewer) by extension 'colcon_pkg'
[0.181s] Level 1:colcon.colcon_core.package_identification:_identify(src/aerostack2-tcc_lucca/as2_user_interfaces/as2_alphanumeric_viewer) by extensions ['colcon_meta']
[0.181s] Level 1:colcon.colcon_core.package_identification:_identify(src/aerostack2-tcc_lucca/as2_user_interfaces/as2_alphanumeric_viewer) by extension 'colcon_meta'
[0.181s] Level 1:colcon.colcon_core.package_identification:_identify(src/aerostack2-tcc_lucca/as2_user_interfaces/as2_alphanumeric_viewer) by extensions ['ros']
[0.181s] Level 1:colcon.colcon_core.package_identification:_identify(src/aerostack2-tcc_lucca/as2_user_interfaces/as2_alphanumeric_viewer) by extension 'ros'
[0.181s] DEBUG:colcon.colcon_core.package_identification:Package 'src/aerostack2-tcc_lucca/as2_user_interfaces/as2_alphanumeric_viewer' with type 'ros.ament_cmake' and name 'as2_alphanumeric_viewer'
[0.181s] Level 1:colcon.colcon_core.package_identification:_identify(src/aerostack2-tcc_lucca/as2_user_interfaces/as2_keyboard_teleoperation) by extensions ['ignore', 'ignore_ament_install']
[0.181s] Level 1:colcon.colcon_core.package_identification:_identify(src/aerostack2-tcc_lucca/as2_user_interfaces/as2_keyboard_teleoperation) by extension 'ignore'
[0.181s] Level 1:colcon.colcon_core.package_identification:_identify(src/aerostack2-tcc_lucca/as2_user_interfaces/as2_keyboard_teleoperation) by extension 'ignore_ament_install'
[0.181s] Level 1:colcon.colcon_core.package_identification:_identify(src/aerostack2-tcc_lucca/as2_user_interfaces/as2_keyboard_teleoperation) by extensions ['colcon_pkg']
[0.181s] Level 1:colcon.colcon_core.package_identification:_identify(src/aerostack2-tcc_lucca/as2_user_interfaces/as2_keyboard_teleoperation) by extension 'colcon_pkg'
[0.181s] Level 1:colcon.colcon_core.package_identification:_identify(src/aerostack2-tcc_lucca/as2_user_interfaces/as2_keyboard_teleoperation) by extensions ['colcon_meta']
[0.181s] Level 1:colcon.colcon_core.package_identification:_identify(src/aerostack2-tcc_lucca/as2_user_interfaces/as2_keyboard_teleoperation) by extension 'colcon_meta'
[0.181s] Level 1:colcon.colcon_core.package_identification:_identify(src/aerostack2-tcc_lucca/as2_user_interfaces/as2_keyboard_teleoperation) by extensions ['ros']
[0.181s] Level 1:colcon.colcon_core.package_identification:_identify(src/aerostack2-tcc_lucca/as2_user_interfaces/as2_keyboard_teleoperation) by extension 'ros'
[0.182s] DEBUG:colcon.colcon_core.package_identification:Package 'src/aerostack2-tcc_lucca/as2_user_interfaces/as2_keyboard_teleoperation' with type 'ros.ament_python' and name 'as2_keyboard_teleoperation'
[0.182s] Level 1:colcon.colcon_core.package_identification:_identify(src/aerostack2-tcc_lucca/as2_user_interfaces/as2_visualization) by extensions ['ignore', 'ignore_ament_install']
[0.182s] Level 1:colcon.colcon_core.package_identification:_identify(src/aerostack2-tcc_lucca/as2_user_interfaces/as2_visualization) by extension 'ignore'
[0.182s] Level 1:colcon.colcon_core.package_identification:_identify(src/aerostack2-tcc_lucca/as2_user_interfaces/as2_visualization) by extension 'ignore_ament_install'
[0.182s] Level 1:colcon.colcon_core.package_identification:_identify(src/aerostack2-tcc_lucca/as2_user_interfaces/as2_visualization) by extensions ['colcon_pkg']
[0.182s] Level 1:colcon.colcon_core.package_identification:_identify(src/aerostack2-tcc_lucca/as2_user_interfaces/as2_visualization) by extension 'colcon_pkg'
[0.182s] Level 1:colcon.colcon_core.package_identification:_identify(src/aerostack2-tcc_lucca/as2_user_interfaces/as2_visualization) by extensions ['colcon_meta']
[0.182s] Level 1:colcon.colcon_core.package_identification:_identify(src/aerostack2-tcc_lucca/as2_user_interfaces/as2_visualization) by extension 'colcon_meta'
[0.182s] Level 1:colcon.colcon_core.package_identification:_identify(src/aerostack2-tcc_lucca/as2_user_interfaces/as2_visualization) by extensions ['ros']
[0.182s] Level 1:colcon.colcon_core.package_identification:_identify(src/aerostack2-tcc_lucca/as2_user_interfaces/as2_visualization) by extension 'ros'
[0.182s] Level 1:colcon.colcon_core.package_identification:_identify(src/aerostack2-tcc_lucca/as2_user_interfaces/as2_visualization) by extensions ['cmake', 'python']
[0.182s] Level 1:colcon.colcon_core.package_identification:_identify(src/aerostack2-tcc_lucca/as2_user_interfaces/as2_visualization) by extension 'cmake'
[0.182s] Level 1:colcon.colcon_core.package_identification:_identify(src/aerostack2-tcc_lucca/as2_user_interfaces/as2_visualization) by extension 'python'
[0.182s] Level 1:colcon.colcon_core.package_identification:_identify(src/aerostack2-tcc_lucca/as2_user_interfaces/as2_visualization) by extensions ['python_setup_py']
[0.182s] Level 1:colcon.colcon_core.package_identification:_identify(src/aerostack2-tcc_lucca/as2_user_interfaces/as2_visualization) by extension 'python_setup_py'
[0.182s] Level 1:colcon.colcon_core.package_identification:_identify(src/aerostack2-tcc_lucca/as2_user_interfaces/as2_visualization/as2_rviz_plugins) by extensions ['ignore', 'ignore_ament_install']
[0.182s] Level 1:colcon.colcon_core.package_identification:_identify(src/aerostack2-tcc_lucca/as2_user_interfaces/as2_visualization/as2_rviz_plugins) by extension 'ignore'
[0.182s] Level 1:colcon.colcon_core.package_identification:_identify(src/aerostack2-tcc_lucca/as2_user_interfaces/as2_visualization/as2_rviz_plugins) by extension 'ignore_ament_install'
[0.182s] Level 1:colcon.colcon_core.package_identification:_identify(src/aerostack2-tcc_lucca/as2_user_interfaces/as2_visualization/as2_rviz_plugins) by extensions ['colcon_pkg']
[0.182s] Level 1:colcon.colcon_core.package_identification:_identify(src/aerostack2-tcc_lucca/as2_user_interfaces/as2_visualization/as2_rviz_plugins) by extension 'colcon_pkg'
[0.182s] Level 1:colcon.colcon_core.package_identification:_identify(src/aerostack2-tcc_lucca/as2_user_interfaces/as2_visualization/as2_rviz_plugins) by extensions ['colcon_meta']
[0.182s] Level 1:colcon.colcon_core.package_identification:_identify(src/aerostack2-tcc_lucca/as2_user_interfaces/as2_visualization/as2_rviz_plugins) by extension 'colcon_meta'
[0.182s] Level 1:colcon.colcon_core.package_identification:_identify(src/aerostack2-tcc_lucca/as2_user_interfaces/as2_visualization/as2_rviz_plugins) by extensions ['ros']
[0.182s] Level 1:colcon.colcon_core.package_identification:_identify(src/aerostack2-tcc_lucca/as2_user_interfaces/as2_visualization/as2_rviz_plugins) by extension 'ros'
[0.183s] DEBUG:colcon.colcon_core.package_identification:Package 'src/aerostack2-tcc_lucca/as2_user_interfaces/as2_visualization/as2_rviz_plugins' with type 'ros.ament_cmake' and name 'as2_rviz_plugins'
[0.183s] Level 1:colcon.colcon_core.package_identification:_identify(src/aerostack2-tcc_lucca/as2_user_interfaces/as2_visualization/as2_visualization) by extensions ['ignore', 'ignore_ament_install']
[0.183s] Level 1:colcon.colcon_core.package_identification:_identify(src/aerostack2-tcc_lucca/as2_user_interfaces/as2_visualization/as2_visualization) by extension 'ignore'
[0.183s] Level 1:colcon.colcon_core.package_identification:_identify(src/aerostack2-tcc_lucca/as2_user_interfaces/as2_visualization/as2_visualization) by extension 'ignore_ament_install'
[0.183s] Level 1:colcon.colcon_core.package_identification:_identify(src/aerostack2-tcc_lucca/as2_user_interfaces/as2_visualization/as2_visualization) by extensions ['colcon_pkg']
[0.183s] Level 1:colcon.colcon_core.package_identification:_identify(src/aerostack2-tcc_lucca/as2_user_interfaces/as2_visualization/as2_visualization) by extension 'colcon_pkg'
[0.183s] Level 1:colcon.colcon_core.package_identification:_identify(src/aerostack2-tcc_lucca/as2_user_interfaces/as2_visualization/as2_visualization) by extensions ['colcon_meta']
[0.183s] Level 1:colcon.colcon_core.package_identification:_identify(src/aerostack2-tcc_lucca/as2_user_interfaces/as2_visualization/as2_visualization) by extension 'colcon_meta'
[0.183s] Level 1:colcon.colcon_core.package_identification:_identify(src/aerostack2-tcc_lucca/as2_user_interfaces/as2_visualization/as2_visualization) by extensions ['ros']
[0.183s] Level 1:colcon.colcon_core.package_identification:_identify(src/aerostack2-tcc_lucca/as2_user_interfaces/as2_visualization/as2_visualization) by extension 'ros'
[0.183s] DEBUG:colcon.colcon_core.package_identification:Package 'src/aerostack2-tcc_lucca/as2_user_interfaces/as2_visualization/as2_visualization' with type 'ros.ament_python' and name 'as2_visualization'
[0.183s] Level 1:colcon.colcon_core.package_identification:_identify(src/aerostack2-tcc_lucca/as2_utilities) by extensions ['ignore', 'ignore_ament_install']
[0.183s] Level 1:colcon.colcon_core.package_identification:_identify(src/aerostack2-tcc_lucca/as2_utilities) by extension 'ignore'
[0.183s] Level 1:colcon.colcon_core.package_identification:_identify(src/aerostack2-tcc_lucca/as2_utilities) by extension 'ignore_ament_install'
[0.183s] Level 1:colcon.colcon_core.package_identification:_identify(src/aerostack2-tcc_lucca/as2_utilities) by extensions ['colcon_pkg']
[0.183s] Level 1:colcon.colcon_core.package_identification:_identify(src/aerostack2-tcc_lucca/as2_utilities) by extension 'colcon_pkg'
[0.183s] Level 1:colcon.colcon_core.package_identification:_identify(src/aerostack2-tcc_lucca/as2_utilities) by extensions ['colcon_meta']
[0.183s] Level 1:colcon.colcon_core.package_identification:_identify(src/aerostack2-tcc_lucca/as2_utilities) by extension 'colcon_meta'
[0.184s] Level 1:colcon.colcon_core.package_identification:_identify(src/aerostack2-tcc_lucca/as2_utilities) by extensions ['ros']
[0.184s] Level 1:colcon.colcon_core.package_identification:_identify(src/aerostack2-tcc_lucca/as2_utilities) by extension 'ros'
[0.184s] Level 1:colcon.colcon_core.package_identification:_identify(src/aerostack2-tcc_lucca/as2_utilities) by extensions ['cmake', 'python']
[0.184s] Level 1:colcon.colcon_core.package_identification:_identify(src/aerostack2-tcc_lucca/as2_utilities) by extension 'cmake'
[0.184s] Level 1:colcon.colcon_core.package_identification:_identify(src/aerostack2-tcc_lucca/as2_utilities) by extension 'python'
[0.184s] Level 1:colcon.colcon_core.package_identification:_identify(src/aerostack2-tcc_lucca/as2_utilities) by extensions ['python_setup_py']
[0.184s] Level 1:colcon.colcon_core.package_identification:_identify(src/aerostack2-tcc_lucca/as2_utilities) by extension 'python_setup_py'
[0.184s] Level 1:colcon.colcon_core.package_identification:_identify(src/aerostack2-tcc_lucca/as2_utilities/as2_external_object_to_tf) by extensions ['ignore', 'ignore_ament_install']
[0.184s] Level 1:colcon.colcon_core.package_identification:_identify(src/aerostack2-tcc_lucca/as2_utilities/as2_external_object_to_tf) by extension 'ignore'
[0.184s] Level 1:colcon.colcon_core.package_identification:_identify(src/aerostack2-tcc_lucca/as2_utilities/as2_external_object_to_tf) by extension 'ignore_ament_install'
[0.184s] Level 1:colcon.colcon_core.package_identification:_identify(src/aerostack2-tcc_lucca/as2_utilities/as2_external_object_to_tf) by extensions ['colcon_pkg']
[0.184s] Level 1:colcon.colcon_core.package_identification:_identify(src/aerostack2-tcc_lucca/as2_utilities/as2_external_object_to_tf) by extension 'colcon_pkg'
[0.184s] Level 1:colcon.colcon_core.package_identification:_identify(src/aerostack2-tcc_lucca/as2_utilities/as2_external_object_to_tf) by extensions ['colcon_meta']
[0.184s] Level 1:colcon.colcon_core.package_identification:_identify(src/aerostack2-tcc_lucca/as2_utilities/as2_external_object_to_tf) by extension 'colcon_meta'
[0.184s] Level 1:colcon.colcon_core.package_identification:_identify(src/aerostack2-tcc_lucca/as2_utilities/as2_external_object_to_tf) by extensions ['ros']
[0.184s] Level 1:colcon.colcon_core.package_identification:_identify(src/aerostack2-tcc_lucca/as2_utilities/as2_external_object_to_tf) by extension 'ros'
[0.184s] DEBUG:colcon.colcon_core.package_identification:Package 'src/aerostack2-tcc_lucca/as2_utilities/as2_external_object_to_tf' with type 'ros.ament_cmake' and name 'as2_external_object_to_tf'
[0.184s] Level 1:colcon.colcon_core.package_identification:_identify(src/aerostack2-tcc_lucca/as2_utilities/as2_geozones) by extensions ['ignore', 'ignore_ament_install']
[0.184s] Level 1:colcon.colcon_core.package_identification:_identify(src/aerostack2-tcc_lucca/as2_utilities/as2_geozones) by extension 'ignore'
[0.184s] Level 1:colcon.colcon_core.package_identification:_identify(src/aerostack2-tcc_lucca/as2_utilities/as2_geozones) by extension 'ignore_ament_install'
[0.185s] Level 1:colcon.colcon_core.package_identification:_identify(src/aerostack2-tcc_lucca/as2_utilities/as2_geozones) by extensions ['colcon_pkg']
[0.185s] Level 1:colcon.colcon_core.package_identification:_identify(src/aerostack2-tcc_lucca/as2_utilities/as2_geozones) by extension 'colcon_pkg'
[0.185s] Level 1:colcon.colcon_core.package_identification:_identify(src/aerostack2-tcc_lucca/as2_utilities/as2_geozones) by extensions ['colcon_meta']
[0.185s] Level 1:colcon.colcon_core.package_identification:_identify(src/aerostack2-tcc_lucca/as2_utilities/as2_geozones) by extension 'colcon_meta'
[0.185s] Level 1:colcon.colcon_core.package_identification:_identify(src/aerostack2-tcc_lucca/as2_utilities/as2_geozones) by extensions ['ros']
[0.185s] Level 1:colcon.colcon_core.package_identification:_identify(src/aerostack2-tcc_lucca/as2_utilities/as2_geozones) by extension 'ros'
[0.185s] DEBUG:colcon.colcon_core.package_identification:Package 'src/aerostack2-tcc_lucca/as2_utilities/as2_geozones' with type 'ros.ament_cmake' and name 'as2_geozones'
[0.185s] Level 1:colcon.colcon_core.package_identification:_identify(src/aerostack2-tcc_lucca/build) by extensions ['ignore', 'ignore_ament_install']
[0.185s] Level 1:colcon.colcon_core.package_identification:_identify(src/aerostack2-tcc_lucca/build) by extension 'ignore'
[0.185s] Level 1:colcon.colcon_core.package_identification:_identify(src/aerostack2-tcc_lucca/build) ignored
[0.185s] Level 1:colcon.colcon_core.package_identification:_identify(src/aerostack2-tcc_lucca/docker) by extensions ['ignore', 'ignore_ament_install']
[0.185s] Level 1:colcon.colcon_core.package_identification:_identify(src/aerostack2-tcc_lucca/docker) by extension 'ignore'
[0.185s] Level 1:colcon.colcon_core.package_identification:_identify(src/aerostack2-tcc_lucca/docker) by extension 'ignore_ament_install'
[0.185s] Level 1:colcon.colcon_core.package_identification:_identify(src/aerostack2-tcc_lucca/docker) by extensions ['colcon_pkg']
[0.185s] Level 1:colcon.colcon_core.package_identification:_identify(src/aerostack2-tcc_lucca/docker) by extension 'colcon_pkg'
[0.185s] Level 1:colcon.colcon_core.package_identification:_identify(src/aerostack2-tcc_lucca/docker) by extensions ['colcon_meta']
[0.185s] Level 1:colcon.colcon_core.package_identification:_identify(src/aerostack2-tcc_lucca/docker) by extension 'colcon_meta'
[0.185s] Level 1:colcon.colcon_core.package_identification:_identify(src/aerostack2-tcc_lucca/docker) by extensions ['ros']
[0.185s] Level 1:colcon.colcon_core.package_identification:_identify(src/aerostack2-tcc_lucca/docker) by extension 'ros'
[0.185s] Level 1:colcon.colcon_core.package_identification:_identify(src/aerostack2-tcc_lucca/docker) by extensions ['cmake', 'python']
[0.185s] Level 1:colcon.colcon_core.package_identification:_identify(src/aerostack2-tcc_lucca/docker) by extension 'cmake'
[0.185s] Level 1:colcon.colcon_core.package_identification:_identify(src/aerostack2-tcc_lucca/docker) by extension 'python'
[0.185s] Level 1:colcon.colcon_core.package_identification:_identify(src/aerostack2-tcc_lucca/docker) by extensions ['python_setup_py']
[0.185s] Level 1:colcon.colcon_core.package_identification:_identify(src/aerostack2-tcc_lucca/docker) by extension 'python_setup_py'
[0.185s] Level 1:colcon.colcon_core.package_identification:_identify(src/aerostack2-tcc_lucca/docker/galactic) by extensions ['ignore', 'ignore_ament_install']
[0.186s] Level 1:colcon.colcon_core.package_identification:_identify(src/aerostack2-tcc_lucca/docker/galactic) by extension 'ignore'
[0.186s] Level 1:colcon.colcon_core.package_identification:_identify(src/aerostack2-tcc_lucca/docker/galactic) by extension 'ignore_ament_install'
[0.186s] Level 1:colcon.colcon_core.package_identification:_identify(src/aerostack2-tcc_lucca/docker/galactic) by extensions ['colcon_pkg']
[0.186s] Level 1:colcon.colcon_core.package_identification:_identify(src/aerostack2-tcc_lucca/docker/galactic) by extension 'colcon_pkg'
[0.186s] Level 1:colcon.colcon_core.package_identification:_identify(src/aerostack2-tcc_lucca/docker/galactic) by extensions ['colcon_meta']
[0.186s] Level 1:colcon.colcon_core.package_identification:_identify(src/aerostack2-tcc_lucca/docker/galactic) by extension 'colcon_meta'
[0.186s] Level 1:colcon.colcon_core.package_identification:_identify(src/aerostack2-tcc_lucca/docker/galactic) by extensions ['ros']
[0.186s] Level 1:colcon.colcon_core.package_identification:_identify(src/aerostack2-tcc_lucca/docker/galactic) by extension 'ros'
[0.186s] Level 1:colcon.colcon_core.package_identification:_identify(src/aerostack2-tcc_lucca/docker/galactic) by extensions ['cmake', 'python']
[0.186s] Level 1:colcon.colcon_core.package_identification:_identify(src/aerostack2-tcc_lucca/docker/galactic) by extension 'cmake'
[0.186s] Level 1:colcon.colcon_core.package_identification:_identify(src/aerostack2-tcc_lucca/docker/galactic) by extension 'python'
[0.186s] Level 1:colcon.colcon_core.package_identification:_identify(src/aerostack2-tcc_lucca/docker/galactic) by extensions ['python_setup_py']
[0.186s] Level 1:colcon.colcon_core.package_identification:_identify(src/aerostack2-tcc_lucca/docker/galactic) by extension 'python_setup_py'
[0.186s] Level 1:colcon.colcon_core.package_identification:_identify(src/aerostack2-tcc_lucca/docker/humble) by extensions ['ignore', 'ignore_ament_install']
[0.186s] Level 1:colcon.colcon_core.package_identification:_identify(src/aerostack2-tcc_lucca/docker/humble) by extension 'ignore'
[0.186s] Level 1:colcon.colcon_core.package_identification:_identify(src/aerostack2-tcc_lucca/docker/humble) by extension 'ignore_ament_install'
[0.186s] Level 1:colcon.colcon_core.package_identification:_identify(src/aerostack2-tcc_lucca/docker/humble) by extensions ['colcon_pkg']
[0.186s] Level 1:colcon.colcon_core.package_identification:_identify(src/aerostack2-tcc_lucca/docker/humble) by extension 'colcon_pkg'
[0.186s] Level 1:colcon.colcon_core.package_identification:_identify(src/aerostack2-tcc_lucca/docker/humble) by extensions ['colcon_meta']
[0.186s] Level 1:colcon.colcon_core.package_identification:_identify(src/aerostack2-tcc_lucca/docker/humble) by extension 'colcon_meta'
[0.186s] Level 1:colcon.colcon_core.package_identification:_identify(src/aerostack2-tcc_lucca/docker/humble) by extensions ['ros']
[0.186s] Level 1:colcon.colcon_core.package_identification:_identify(src/aerostack2-tcc_lucca/docker/humble) by extension 'ros'
[0.186s] Level 1:colcon.colcon_core.package_identification:_identify(src/aerostack2-tcc_lucca/docker/humble) by extensions ['cmake', 'python']
[0.186s] Level 1:colcon.colcon_core.package_identification:_identify(src/aerostack2-tcc_lucca/docker/humble) by extension 'cmake'
[0.186s] Level 1:colcon.colcon_core.package_identification:_identify(src/aerostack2-tcc_lucca/docker/humble) by extension 'python'
[0.186s] Level 1:colcon.colcon_core.package_identification:_identify(src/aerostack2-tcc_lucca/docker/humble) by extensions ['python_setup_py']
[0.186s] Level 1:colcon.colcon_core.package_identification:_identify(src/aerostack2-tcc_lucca/docker/humble) by extension 'python_setup_py'
[0.186s] Level 1:colcon.colcon_core.package_identification:_identify(src/aerostack2-tcc_lucca/docker/humble_gzharmonic) by extensions ['ignore', 'ignore_ament_install']
[0.186s] Level 1:colcon.colcon_core.package_identification:_identify(src/aerostack2-tcc_lucca/docker/humble_gzharmonic) by extension 'ignore'
[0.186s] Level 1:colcon.colcon_core.package_identification:_identify(src/aerostack2-tcc_lucca/docker/humble_gzharmonic) by extension 'ignore_ament_install'
[0.186s] Level 1:colcon.colcon_core.package_identification:_identify(src/aerostack2-tcc_lucca/docker/humble_gzharmonic) by extensions ['colcon_pkg']
[0.186s] Level 1:colcon.colcon_core.package_identification:_identify(src/aerostack2-tcc_lucca/docker/humble_gzharmonic) by extension 'colcon_pkg'
[0.186s] Level 1:colcon.colcon_core.package_identification:_identify(src/aerostack2-tcc_lucca/docker/humble_gzharmonic) by extensions ['colcon_meta']
[0.186s] Level 1:colcon.colcon_core.package_identification:_identify(src/aerostack2-tcc_lucca/docker/humble_gzharmonic) by extension 'colcon_meta'
[0.186s] Level 1:colcon.colcon_core.package_identification:_identify(src/aerostack2-tcc_lucca/docker/humble_gzharmonic) by extensions ['ros']
[0.186s] Level 1:colcon.colcon_core.package_identification:_identify(src/aerostack2-tcc_lucca/docker/humble_gzharmonic) by extension 'ros'
[0.186s] Level 1:colcon.colcon_core.package_identification:_identify(src/aerostack2-tcc_lucca/docker/humble_gzharmonic) by extensions ['cmake', 'python']
[0.186s] Level 1:colcon.colcon_core.package_identification:_identify(src/aerostack2-tcc_lucca/docker/humble_gzharmonic) by extension 'cmake'
[0.186s] Level 1:colcon.colcon_core.package_identification:_identify(src/aerostack2-tcc_lucca/docker/humble_gzharmonic) by extension 'python'
[0.186s] Level 1:colcon.colcon_core.package_identification:_identify(src/aerostack2-tcc_lucca/docker/humble_gzharmonic) by extensions ['python_setup_py']
[0.186s] Level 1:colcon.colcon_core.package_identification:_identify(src/aerostack2-tcc_lucca/docker/humble_gzharmonic) by extension 'python_setup_py'
[0.186s] Level 1:colcon.colcon_core.package_identification:_identify(src/aerostack2-tcc_lucca/docker/humble_vnc) by extensions ['ignore', 'ignore_ament_install']
[0.186s] Level 1:colcon.colcon_core.package_identification:_identify(src/aerostack2-tcc_lucca/docker/humble_vnc) by extension 'ignore'
[0.186s] Level 1:colcon.colcon_core.package_identification:_identify(src/aerostack2-tcc_lucca/docker/humble_vnc) by extension 'ignore_ament_install'
[0.186s] Level 1:colcon.colcon_core.package_identification:_identify(src/aerostack2-tcc_lucca/docker/humble_vnc) by extensions ['colcon_pkg']
[0.186s] Level 1:colcon.colcon_core.package_identification:_identify(src/aerostack2-tcc_lucca/docker/humble_vnc) by extension 'colcon_pkg'
[0.186s] Level 1:colcon.colcon_core.package_identification:_identify(src/aerostack2-tcc_lucca/docker/humble_vnc) by extensions ['colcon_meta']
[0.186s] Level 1:colcon.colcon_core.package_identification:_identify(src/aerostack2-tcc_lucca/docker/humble_vnc) by extension 'colcon_meta'
[0.186s] Level 1:colcon.colcon_core.package_identification:_identify(src/aerostack2-tcc_lucca/docker/humble_vnc) by extensions ['ros']
[0.186s] Level 1:colcon.colcon_core.package_identification:_identify(src/aerostack2-tcc_lucca/docker/humble_vnc) by extension 'ros'
[0.186s] Level 1:colcon.colcon_core.package_identification:_identify(src/aerostack2-tcc_lucca/docker/humble_vnc) by extensions ['cmake', 'python']
[0.186s] Level 1:colcon.colcon_core.package_identification:_identify(src/aerostack2-tcc_lucca/docker/humble_vnc) by extension 'cmake'
[0.186s] Level 1:colcon.colcon_core.package_identification:_identify(src/aerostack2-tcc_lucca/docker/humble_vnc) by extension 'python'
[0.186s] Level 1:colcon.colcon_core.package_identification:_identify(src/aerostack2-tcc_lucca/docker/humble_vnc) by extensions ['python_setup_py']
[0.187s] Level 1:colcon.colcon_core.package_identification:_identify(src/aerostack2-tcc_lucca/docker/humble_vnc) by extension 'python_setup_py'
[0.187s] Level 1:colcon.colcon_core.package_identification:_identify(src/aerostack2-tcc_lucca/install) by extensions ['ignore', 'ignore_ament_install']
[0.187s] Level 1:colcon.colcon_core.package_identification:_identify(src/aerostack2-tcc_lucca/install) by extension 'ignore'
[0.187s] Level 1:colcon.colcon_core.package_identification:_identify(src/aerostack2-tcc_lucca/install) ignored
[0.187s] Level 1:colcon.colcon_core.package_identification:_identify(src/aerostack2-tcc_lucca/log) by extensions ['ignore', 'ignore_ament_install']
[0.187s] Level 1:colcon.colcon_core.package_identification:_identify(src/aerostack2-tcc_lucca/log) by extension 'ignore'
[0.187s] Level 1:colcon.colcon_core.package_identification:_identify(src/aerostack2-tcc_lucca/log) ignored
[0.187s] Level 1:colcon.colcon_core.package_identification:_identify(src/project_landing-tcc_lucca) by extensions ['ignore', 'ignore_ament_install']
[0.187s] Level 1:colcon.colcon_core.package_identification:_identify(src/project_landing-tcc_lucca) by extension 'ignore'
[0.187s] Level 1:colcon.colcon_core.package_identification:_identify(src/project_landing-tcc_lucca) by extension 'ignore_ament_install'
[0.187s] Level 1:colcon.colcon_core.package_identification:_identify(src/project_landing-tcc_lucca) by extensions ['colcon_pkg']
[0.187s] Level 1:colcon.colcon_core.package_identification:_identify(src/project_landing-tcc_lucca) by extension 'colcon_pkg'
[0.187s] Level 1:colcon.colcon_core.package_identification:_identify(src/project_landing-tcc_lucca) by extensions ['colcon_meta']
[0.187s] Level 1:colcon.colcon_core.package_identification:_identify(src/project_landing-tcc_lucca) by extension 'colcon_meta'
[0.187s] Level 1:colcon.colcon_core.package_identification:_identify(src/project_landing-tcc_lucca) by extensions ['ros']
[0.187s] Level 1:colcon.colcon_core.package_identification:_identify(src/project_landing-tcc_lucca) by extension 'ros'
[0.187s] Level 1:colcon.colcon_core.package_identification:_identify(src/project_landing-tcc_lucca) by extensions ['cmake', 'python']
[0.187s] Level 1:colcon.colcon_core.package_identification:_identify(src/project_landing-tcc_lucca) by extension 'cmake'
[0.187s] Level 1:colcon.colcon_core.package_identification:_identify(src/project_landing-tcc_lucca) by extension 'python'
[0.187s] Level 1:colcon.colcon_core.package_identification:_identify(src/project_landing-tcc_lucca) by extensions ['python_setup_py']
[0.187s] Level 1:colcon.colcon_core.package_identification:_identify(src/project_landing-tcc_lucca) by extension 'python_setup_py'
[0.187s] Level 1:colcon.colcon_core.package_identification:_identify(src/project_landing-tcc_lucca/config) by extensions ['ignore', 'ignore_ament_install']
[0.187s] Level 1:colcon.colcon_core.package_identification:_identify(src/project_landing-tcc_lucca/config) by extension 'ignore'
[0.187s] Level 1:colcon.colcon_core.package_identification:_identify(src/project_landing-tcc_lucca/config) by extension 'ignore_ament_install'
[0.187s] Level 1:colcon.colcon_core.package_identification:_identify(src/project_landing-tcc_lucca/config) by extensions ['colcon_pkg']
[0.187s] Level 1:colcon.colcon_core.package_identification:_identify(src/project_landing-tcc_lucca/config) by extension 'colcon_pkg'
[0.187s] Level 1:colcon.colcon_core.package_identification:_identify(src/project_landing-tcc_lucca/config) by extensions ['colcon_meta']
[0.187s] Level 1:colcon.colcon_core.package_identification:_identify(src/project_landing-tcc_lucca/config) by extension 'colcon_meta'
[0.187s] Level 1:colcon.colcon_core.package_identification:_identify(src/project_landing-tcc_lucca/config) by extensions ['ros']
[0.187s] Level 1:colcon.colcon_core.package_identification:_identify(src/project_landing-tcc_lucca/config) by extension 'ros'
[0.187s] Level 1:colcon.colcon_core.package_identification:_identify(src/project_landing-tcc_lucca/config) by extensions ['cmake', 'python']
[0.187s] Level 1:colcon.colcon_core.package_identification:_identify(src/project_landing-tcc_lucca/config) by extension 'cmake'
[0.187s] Level 1:colcon.colcon_core.package_identification:_identify(src/project_landing-tcc_lucca/config) by extension 'python'
[0.187s] Level 1:colcon.colcon_core.package_identification:_identify(src/project_landing-tcc_lucca/config) by extensions ['python_setup_py']
[0.187s] Level 1:colcon.colcon_core.package_identification:_identify(src/project_landing-tcc_lucca/config) by extension 'python_setup_py'
[0.187s] Level 1:colcon.colcon_core.package_identification:_identify(src/project_landing-tcc_lucca/examples) by extensions ['ignore', 'ignore_ament_install']
[0.187s] Level 1:colcon.colcon_core.package_identification:_identify(src/project_landing-tcc_lucca/examples) by extension 'ignore'
[0.187s] Level 1:colcon.colcon_core.package_identification:_identify(src/project_landing-tcc_lucca/examples) by extension 'ignore_ament_install'
[0.187s] Level 1:colcon.colcon_core.package_identification:_identify(src/project_landing-tcc_lucca/examples) by extensions ['colcon_pkg']
[0.187s] Level 1:colcon.colcon_core.package_identification:_identify(src/project_landing-tcc_lucca/examples) by extension 'colcon_pkg'
[0.187s] Level 1:colcon.colcon_core.package_identification:_identify(src/project_landing-tcc_lucca/examples) by extensions ['colcon_meta']
[0.187s] Level 1:colcon.colcon_core.package_identification:_identify(src/project_landing-tcc_lucca/examples) by extension 'colcon_meta'
[0.187s] Level 1:colcon.colcon_core.package_identification:_identify(src/project_landing-tcc_lucca/examples) by extensions ['ros']
[0.187s] Level 1:colcon.colcon_core.package_identification:_identify(src/project_landing-tcc_lucca/examples) by extension 'ros'
[0.187s] Level 1:colcon.colcon_core.package_identification:_identify(src/project_landing-tcc_lucca/examples) by extensions ['cmake', 'python']
[0.187s] Level 1:colcon.colcon_core.package_identification:_identify(src/project_landing-tcc_lucca/examples) by extension 'cmake'
[0.187s] Level 1:colcon.colcon_core.package_identification:_identify(src/project_landing-tcc_lucca/examples) by extension 'python'
[0.188s] Level 1:colcon.colcon_core.package_identification:_identify(src/project_landing-tcc_lucca/examples) by extensions ['python_setup_py']
[0.188s] Level 1:colcon.colcon_core.package_identification:_identify(src/project_landing-tcc_lucca/examples) by extension 'python_setup_py'
[0.188s] Level 1:colcon.colcon_core.package_identification:_identify(src/project_landing-tcc_lucca/models) by extensions ['ignore', 'ignore_ament_install']
[0.188s] Level 1:colcon.colcon_core.package_identification:_identify(src/project_landing-tcc_lucca/models) by extension 'ignore'
[0.188s] Level 1:colcon.colcon_core.package_identification:_identify(src/project_landing-tcc_lucca/models) by extension 'ignore_ament_install'
[0.188s] Level 1:colcon.colcon_core.package_identification:_identify(src/project_landing-tcc_lucca/models) by extensions ['colcon_pkg']
[0.188s] Level 1:colcon.colcon_core.package_identification:_identify(src/project_landing-tcc_lucca/models) by extension 'colcon_pkg'
[0.188s] Level 1:colcon.colcon_core.package_identification:_identify(src/project_landing-tcc_lucca/models) by extensions ['colcon_meta']
[0.188s] Level 1:colcon.colcon_core.package_identification:_identify(src/project_landing-tcc_lucca/models) by extension 'colcon_meta'
[0.188s] Level 1:colcon.colcon_core.package_identification:_identify(src/project_landing-tcc_lucca/models) by extensions ['ros']
[0.188s] Level 1:colcon.colcon_core.package_identification:_identify(src/project_landing-tcc_lucca/models) by extension 'ros'
[0.188s] Level 1:colcon.colcon_core.package_identification:_identify(src/project_landing-tcc_lucca/models) by extensions ['cmake', 'python']
[0.188s] Level 1:colcon.colcon_core.package_identification:_identify(src/project_landing-tcc_lucca/models) by extension 'cmake'
[0.188s] Level 1:colcon.colcon_core.package_identification:_identify(src/project_landing-tcc_lucca/models) by extension 'python'
[0.188s] Level 1:colcon.colcon_core.package_identification:_identify(src/project_landing-tcc_lucca/models) by extensions ['python_setup_py']
[0.188s] Level 1:colcon.colcon_core.package_identification:_identify(src/project_landing-tcc_lucca/models) by extension 'python_setup_py'
[0.188s] Level 1:colcon.colcon_core.package_identification:_identify(src/project_landing-tcc_lucca/models/ariel_marker) by extensions ['ignore', 'ignore_ament_install']
[0.188s] Level 1:colcon.colcon_core.package_identification:_identify(src/project_landing-tcc_lucca/models/ariel_marker) by extension 'ignore'
[0.188s] Level 1:colcon.colcon_core.package_identification:_identify(src/project_landing-tcc_lucca/models/ariel_marker) by extension 'ignore_ament_install'
[0.188s] Level 1:colcon.colcon_core.package_identification:_identify(src/project_landing-tcc_lucca/models/ariel_marker) by extensions ['colcon_pkg']
[0.188s] Level 1:colcon.colcon_core.package_identification:_identify(src/project_landing-tcc_lucca/models/ariel_marker) by extension 'colcon_pkg'
[0.188s] Level 1:colcon.colcon_core.package_identification:_identify(src/project_landing-tcc_lucca/models/ariel_marker) by extensions ['colcon_meta']
[0.188s] Level 1:colcon.colcon_core.package_identification:_identify(src/project_landing-tcc_lucca/models/ariel_marker) by extension 'colcon_meta'
[0.188s] Level 1:colcon.colcon_core.package_identification:_identify(src/project_landing-tcc_lucca/models/ariel_marker) by extensions ['ros']
[0.188s] Level 1:colcon.colcon_core.package_identification:_identify(src/project_landing-tcc_lucca/models/ariel_marker) by extension 'ros'
[0.188s] Level 1:colcon.colcon_core.package_identification:_identify(src/project_landing-tcc_lucca/models/ariel_marker) by extensions ['cmake', 'python']
[0.188s] Level 1:colcon.colcon_core.package_identification:_identify(src/project_landing-tcc_lucca/models/ariel_marker) by extension 'cmake'
[0.188s] Level 1:colcon.colcon_core.package_identification:_identify(src/project_landing-tcc_lucca/models/ariel_marker) by extension 'python'
[0.188s] Level 1:colcon.colcon_core.package_identification:_identify(src/project_landing-tcc_lucca/models/ariel_marker) by extensions ['python_setup_py']
[0.188s] Level 1:colcon.colcon_core.package_identification:_identify(src/project_landing-tcc_lucca/models/ariel_marker) by extension 'python_setup_py'
[0.188s] Level 1:colcon.colcon_core.package_identification:_identify(src/project_landing-tcc_lucca/models/aruco_marker_1) by extensions ['ignore', 'ignore_ament_install']
[0.188s] Level 1:colcon.colcon_core.package_identification:_identify(src/project_landing-tcc_lucca/models/aruco_marker_1) by extension 'ignore'
[0.188s] Level 1:colcon.colcon_core.package_identification:_identify(src/project_landing-tcc_lucca/models/aruco_marker_1) by extension 'ignore_ament_install'
[0.188s] Level 1:colcon.colcon_core.package_identification:_identify(src/project_landing-tcc_lucca/models/aruco_marker_1) by extensions ['colcon_pkg']
[0.188s] Level 1:colcon.colcon_core.package_identification:_identify(src/project_landing-tcc_lucca/models/aruco_marker_1) by extension 'colcon_pkg'
[0.188s] Level 1:colcon.colcon_core.package_identification:_identify(src/project_landing-tcc_lucca/models/aruco_marker_1) by extensions ['colcon_meta']
[0.188s] Level 1:colcon.colcon_core.package_identification:_identify(src/project_landing-tcc_lucca/models/aruco_marker_1) by extension 'colcon_meta'
[0.188s] Level 1:colcon.colcon_core.package_identification:_identify(src/project_landing-tcc_lucca/models/aruco_marker_1) by extensions ['ros']
[0.188s] Level 1:colcon.colcon_core.package_identification:_identify(src/project_landing-tcc_lucca/models/aruco_marker_1) by extension 'ros'
[0.188s] Level 1:colcon.colcon_core.package_identification:_identify(src/project_landing-tcc_lucca/models/aruco_marker_1) by extensions ['cmake', 'python']
[0.188s] Level 1:colcon.colcon_core.package_identification:_identify(src/project_landing-tcc_lucca/models/aruco_marker_1) by extension 'cmake'
[0.188s] Level 1:colcon.colcon_core.package_identification:_identify(src/project_landing-tcc_lucca/models/aruco_marker_1) by extension 'python'
[0.188s] Level 1:colcon.colcon_core.package_identification:_identify(src/project_landing-tcc_lucca/models/aruco_marker_1) by extensions ['python_setup_py']
[0.188s] Level 1:colcon.colcon_core.package_identification:_identify(src/project_landing-tcc_lucca/models/aruco_marker_1) by extension 'python_setup_py'
[0.188s] Level 1:colcon.colcon_core.package_identification:_identify(src/project_landing-tcc_lucca/models/aruco_marker_2) by extensions ['ignore', 'ignore_ament_install']
[0.188s] Level 1:colcon.colcon_core.package_identification:_identify(src/project_landing-tcc_lucca/models/aruco_marker_2) by extension 'ignore'
[0.188s] Level 1:colcon.colcon_core.package_identification:_identify(src/project_landing-tcc_lucca/models/aruco_marker_2) by extension 'ignore_ament_install'
[0.188s] Level 1:colcon.colcon_core.package_identification:_identify(src/project_landing-tcc_lucca/models/aruco_marker_2) by extensions ['colcon_pkg']
[0.188s] Level 1:colcon.colcon_core.package_identification:_identify(src/project_landing-tcc_lucca/models/aruco_marker_2) by extension 'colcon_pkg'
[0.188s] Level 1:colcon.colcon_core.package_identification:_identify(src/project_landing-tcc_lucca/models/aruco_marker_2) by extensions ['colcon_meta']
[0.188s] Level 1:colcon.colcon_core.package_identification:_identify(src/project_landing-tcc_lucca/models/aruco_marker_2) by extension 'colcon_meta'
[0.188s] Level 1:colcon.colcon_core.package_identification:_identify(src/project_landing-tcc_lucca/models/aruco_marker_2) by extensions ['ros']
[0.189s] Level 1:colcon.colcon_core.package_identification:_identify(src/project_landing-tcc_lucca/models/aruco_marker_2) by extension 'ros'
[0.189s] Level 1:colcon.colcon_core.package_identification:_identify(src/project_landing-tcc_lucca/models/aruco_marker_2) by extensions ['cmake', 'python']
[0.189s] Level 1:colcon.colcon_core.package_identification:_identify(src/project_landing-tcc_lucca/models/aruco_marker_2) by extension 'cmake'
[0.189s] Level 1:colcon.colcon_core.package_identification:_identify(src/project_landing-tcc_lucca/models/aruco_marker_2) by extension 'python'
[0.189s] Level 1:colcon.colcon_core.package_identification:_identify(src/project_landing-tcc_lucca/models/aruco_marker_2) by extensions ['python_setup_py']
[0.189s] Level 1:colcon.colcon_core.package_identification:_identify(src/project_landing-tcc_lucca/models/aruco_marker_2) by extension 'python_setup_py'
[0.189s] Level 1:colcon.colcon_core.package_identification:_identify(src/project_landing-tcc_lucca/models/aruco_marker_3) by extensions ['ignore', 'ignore_ament_install']
[0.189s] Level 1:colcon.colcon_core.package_identification:_identify(src/project_landing-tcc_lucca/models/aruco_marker_3) by extension 'ignore'
[0.189s] Level 1:colcon.colcon_core.package_identification:_identify(src/project_landing-tcc_lucca/models/aruco_marker_3) by extension 'ignore_ament_install'
[0.189s] Level 1:colcon.colcon_core.package_identification:_identify(src/project_landing-tcc_lucca/models/aruco_marker_3) by extensions ['colcon_pkg']
[0.189s] Level 1:colcon.colcon_core.package_identification:_identify(src/project_landing-tcc_lucca/models/aruco_marker_3) by extension 'colcon_pkg'
[0.189s] Level 1:colcon.colcon_core.package_identification:_identify(src/project_landing-tcc_lucca/models/aruco_marker_3) by extensions ['colcon_meta']
[0.189s] Level 1:colcon.colcon_core.package_identification:_identify(src/project_landing-tcc_lucca/models/aruco_marker_3) by extension 'colcon_meta'
[0.189s] Level 1:colcon.colcon_core.package_identification:_identify(src/project_landing-tcc_lucca/models/aruco_marker_3) by extensions ['ros']
[0.189s] Level 1:colcon.colcon_core.package_identification:_identify(src/project_landing-tcc_lucca/models/aruco_marker_3) by extension 'ros'
[0.189s] Level 1:colcon.colcon_core.package_identification:_identify(src/project_landing-tcc_lucca/models/aruco_marker_3) by extensions ['cmake', 'python']
[0.189s] Level 1:colcon.colcon_core.package_identification:_identify(src/project_landing-tcc_lucca/models/aruco_marker_3) by extension 'cmake'
[0.189s] Level 1:colcon.colcon_core.package_identification:_identify(src/project_landing-tcc_lucca/models/aruco_marker_3) by extension 'python'
[0.189s] Level 1:colcon.colcon_core.package_identification:_identify(src/project_landing-tcc_lucca/models/aruco_marker_3) by extensions ['python_setup_py']
[0.189s] Level 1:colcon.colcon_core.package_identification:_identify(src/project_landing-tcc_lucca/models/aruco_marker_3) by extension 'python_setup_py'
[0.189s] Level 1:colcon.colcon_core.package_identification:_identify(src/project_landing-tcc_lucca/models/aruco_marker_4) by extensions ['ignore', 'ignore_ament_install']
[0.189s] Level 1:colcon.colcon_core.package_identification:_identify(src/project_landing-tcc_lucca/models/aruco_marker_4) by extension 'ignore'
[0.189s] Level 1:colcon.colcon_core.package_identification:_identify(src/project_landing-tcc_lucca/models/aruco_marker_4) by extension 'ignore_ament_install'
[0.189s] Level 1:colcon.colcon_core.package_identification:_identify(src/project_landing-tcc_lucca/models/aruco_marker_4) by extensions ['colcon_pkg']
[0.189s] Level 1:colcon.colcon_core.package_identification:_identify(src/project_landing-tcc_lucca/models/aruco_marker_4) by extension 'colcon_pkg'
[0.189s] Level 1:colcon.colcon_core.package_identification:_identify(src/project_landing-tcc_lucca/models/aruco_marker_4) by extensions ['colcon_meta']
[0.189s] Level 1:colcon.colcon_core.package_identification:_identify(src/project_landing-tcc_lucca/models/aruco_marker_4) by extension 'colcon_meta'
[0.189s] Level 1:colcon.colcon_core.package_identification:_identify(src/project_landing-tcc_lucca/models/aruco_marker_4) by extensions ['ros']
[0.189s] Level 1:colcon.colcon_core.package_identification:_identify(src/project_landing-tcc_lucca/models/aruco_marker_4) by extension 'ros'
[0.189s] Level 1:colcon.colcon_core.package_identification:_identify(src/project_landing-tcc_lucca/models/aruco_marker_4) by extensions ['cmake', 'python']
[0.189s] Level 1:colcon.colcon_core.package_identification:_identify(src/project_landing-tcc_lucca/models/aruco_marker_4) by extension 'cmake'
[0.189s] Level 1:colcon.colcon_core.package_identification:_identify(src/project_landing-tcc_lucca/models/aruco_marker_4) by extension 'python'
[0.189s] Level 1:colcon.colcon_core.package_identification:_identify(src/project_landing-tcc_lucca/models/aruco_marker_4) by extensions ['python_setup_py']
[0.189s] Level 1:colcon.colcon_core.package_identification:_identify(src/project_landing-tcc_lucca/models/aruco_marker_4) by extension 'python_setup_py'
[0.189s] Level 1:colcon.colcon_core.package_identification:_identify(src/project_landing-tcc_lucca/models/aruco_marker_5) by extensions ['ignore', 'ignore_ament_install']
[0.189s] Level 1:colcon.colcon_core.package_identification:_identify(src/project_landing-tcc_lucca/models/aruco_marker_5) by extension 'ignore'
[0.189s] Level 1:colcon.colcon_core.package_identification:_identify(src/project_landing-tcc_lucca/models/aruco_marker_5) by extension 'ignore_ament_install'
[0.189s] Level 1:colcon.colcon_core.package_identification:_identify(src/project_landing-tcc_lucca/models/aruco_marker_5) by extensions ['colcon_pkg']
[0.189s] Level 1:colcon.colcon_core.package_identification:_identify(src/project_landing-tcc_lucca/models/aruco_marker_5) by extension 'colcon_pkg'
[0.189s] Level 1:colcon.colcon_core.package_identification:_identify(src/project_landing-tcc_lucca/models/aruco_marker_5) by extensions ['colcon_meta']
[0.189s] Level 1:colcon.colcon_core.package_identification:_identify(src/project_landing-tcc_lucca/models/aruco_marker_5) by extension 'colcon_meta'
[0.189s] Level 1:colcon.colcon_core.package_identification:_identify(src/project_landing-tcc_lucca/models/aruco_marker_5) by extensions ['ros']
[0.189s] Level 1:colcon.colcon_core.package_identification:_identify(src/project_landing-tcc_lucca/models/aruco_marker_5) by extension 'ros'
[0.189s] Level 1:colcon.colcon_core.package_identification:_identify(src/project_landing-tcc_lucca/models/aruco_marker_5) by extensions ['cmake', 'python']
[0.189s] Level 1:colcon.colcon_core.package_identification:_identify(src/project_landing-tcc_lucca/models/aruco_marker_5) by extension 'cmake'
[0.189s] Level 1:colcon.colcon_core.package_identification:_identify(src/project_landing-tcc_lucca/models/aruco_marker_5) by extension 'python'
[0.189s] Level 1:colcon.colcon_core.package_identification:_identify(src/project_landing-tcc_lucca/models/aruco_marker_5) by extensions ['python_setup_py']
[0.189s] Level 1:colcon.colcon_core.package_identification:_identify(src/project_landing-tcc_lucca/models/aruco_marker_5) by extension 'python_setup_py'
[0.189s] Level 1:colcon.colcon_core.package_identification:_identify(src/project_landing-tcc_lucca/models/logitech_brio) by extensions ['ignore', 'ignore_ament_install']
[0.189s] Level 1:colcon.colcon_core.package_identification:_identify(src/project_landing-tcc_lucca/models/logitech_brio) by extension 'ignore'
[0.190s] Level 1:colcon.colcon_core.package_identification:_identify(src/project_landing-tcc_lucca/models/logitech_brio) by extension 'ignore_ament_install'
[0.190s] Level 1:colcon.colcon_core.package_identification:_identify(src/project_landing-tcc_lucca/models/logitech_brio) by extensions ['colcon_pkg']
[0.190s] Level 1:colcon.colcon_core.package_identification:_identify(src/project_landing-tcc_lucca/models/logitech_brio) by extension 'colcon_pkg'
[0.190s] Level 1:colcon.colcon_core.package_identification:_identify(src/project_landing-tcc_lucca/models/logitech_brio) by extensions ['colcon_meta']
[0.190s] Level 1:colcon.colcon_core.package_identification:_identify(src/project_landing-tcc_lucca/models/logitech_brio) by extension 'colcon_meta'
[0.190s] Level 1:colcon.colcon_core.package_identification:_identify(src/project_landing-tcc_lucca/models/logitech_brio) by extensions ['ros']
[0.190s] Level 1:colcon.colcon_core.package_identification:_identify(src/project_landing-tcc_lucca/models/logitech_brio) by extension 'ros'
[0.190s] Level 1:colcon.colcon_core.package_identification:_identify(src/project_landing-tcc_lucca/models/logitech_brio) by extensions ['cmake', 'python']
[0.190s] Level 1:colcon.colcon_core.package_identification:_identify(src/project_landing-tcc_lucca/models/logitech_brio) by extension 'cmake'
[0.190s] Level 1:colcon.colcon_core.package_identification:_identify(src/project_landing-tcc_lucca/models/logitech_brio) by extension 'python'
[0.190s] Level 1:colcon.colcon_core.package_identification:_identify(src/project_landing-tcc_lucca/models/logitech_brio) by extensions ['python_setup_py']
[0.190s] Level 1:colcon.colcon_core.package_identification:_identify(src/project_landing-tcc_lucca/models/logitech_brio) by extension 'python_setup_py'
[0.190s] Level 1:colcon.colcon_core.package_identification:_identify(src/project_landing-tcc_lucca/models/logitech_brio/meshes) by extensions ['ignore', 'ignore_ament_install']
[0.190s] Level 1:colcon.colcon_core.package_identification:_identify(src/project_landing-tcc_lucca/models/logitech_brio/meshes) by extension 'ignore'
[0.190s] Level 1:colcon.colcon_core.package_identification:_identify(src/project_landing-tcc_lucca/models/logitech_brio/meshes) by extension 'ignore_ament_install'
[0.190s] Level 1:colcon.colcon_core.package_identification:_identify(src/project_landing-tcc_lucca/models/logitech_brio/meshes) by extensions ['colcon_pkg']
[0.190s] Level 1:colcon.colcon_core.package_identification:_identify(src/project_landing-tcc_lucca/models/logitech_brio/meshes) by extension 'colcon_pkg'
[0.190s] Level 1:colcon.colcon_core.package_identification:_identify(src/project_landing-tcc_lucca/models/logitech_brio/meshes) by extensions ['colcon_meta']
[0.190s] Level 1:colcon.colcon_core.package_identification:_identify(src/project_landing-tcc_lucca/models/logitech_brio/meshes) by extension 'colcon_meta'
[0.190s] Level 1:colcon.colcon_core.package_identification:_identify(src/project_landing-tcc_lucca/models/logitech_brio/meshes) by extensions ['ros']
[0.190s] Level 1:colcon.colcon_core.package_identification:_identify(src/project_landing-tcc_lucca/models/logitech_brio/meshes) by extension 'ros'
[0.190s] Level 1:colcon.colcon_core.package_identification:_identify(src/project_landing-tcc_lucca/models/logitech_brio/meshes) by extensions ['cmake', 'python']
[0.190s] Level 1:colcon.colcon_core.package_identification:_identify(src/project_landing-tcc_lucca/models/logitech_brio/meshes) by extension 'cmake'
[0.190s] Level 1:colcon.colcon_core.package_identification:_identify(src/project_landing-tcc_lucca/models/logitech_brio/meshes) by extension 'python'
[0.190s] Level 1:colcon.colcon_core.package_identification:_identify(src/project_landing-tcc_lucca/models/logitech_brio/meshes) by extensions ['python_setup_py']
[0.190s] Level 1:colcon.colcon_core.package_identification:_identify(src/project_landing-tcc_lucca/models/logitech_brio/meshes) by extension 'python_setup_py'
[0.190s] Level 1:colcon.colcon_core.package_identification:_identify(src/project_landing-tcc_lucca/models/logitech_c920) by extensions ['ignore', 'ignore_ament_install']
[0.190s] Level 1:colcon.colcon_core.package_identification:_identify(src/project_landing-tcc_lucca/models/logitech_c920) by extension 'ignore'
[0.190s] Level 1:colcon.colcon_core.package_identification:_identify(src/project_landing-tcc_lucca/models/logitech_c920) by extension 'ignore_ament_install'
[0.190s] Level 1:colcon.colcon_core.package_identification:_identify(src/project_landing-tcc_lucca/models/logitech_c920) by extensions ['colcon_pkg']
[0.190s] Level 1:colcon.colcon_core.package_identification:_identify(src/project_landing-tcc_lucca/models/logitech_c920) by extension 'colcon_pkg'
[0.190s] Level 1:colcon.colcon_core.package_identification:_identify(src/project_landing-tcc_lucca/models/logitech_c920) by extensions ['colcon_meta']
[0.190s] Level 1:colcon.colcon_core.package_identification:_identify(src/project_landing-tcc_lucca/models/logitech_c920) by extension 'colcon_meta'
[0.190s] Level 1:colcon.colcon_core.package_identification:_identify(src/project_landing-tcc_lucca/models/logitech_c920) by extensions ['ros']
[0.190s] Level 1:colcon.colcon_core.package_identification:_identify(src/project_landing-tcc_lucca/models/logitech_c920) by extension 'ros'
[0.190s] Level 1:colcon.colcon_core.package_identification:_identify(src/project_landing-tcc_lucca/models/logitech_c920) by extensions ['cmake', 'python']
[0.190s] Level 1:colcon.colcon_core.package_identification:_identify(src/project_landing-tcc_lucca/models/logitech_c920) by extension 'cmake'
[0.190s] Level 1:colcon.colcon_core.package_identification:_identify(src/project_landing-tcc_lucca/models/logitech_c920) by extension 'python'
[0.190s] Level 1:colcon.colcon_core.package_identification:_identify(src/project_landing-tcc_lucca/models/logitech_c920) by extensions ['python_setup_py']
[0.190s] Level 1:colcon.colcon_core.package_identification:_identify(src/project_landing-tcc_lucca/models/logitech_c920) by extension 'python_setup_py'
[0.190s] Level 1:colcon.colcon_core.package_identification:_identify(src/project_landing-tcc_lucca/models/logitech_c920/meshes) by extensions ['ignore', 'ignore_ament_install']
[0.190s] Level 1:colcon.colcon_core.package_identification:_identify(src/project_landing-tcc_lucca/models/logitech_c920/meshes) by extension 'ignore'
[0.190s] Level 1:colcon.colcon_core.package_identification:_identify(src/project_landing-tcc_lucca/models/logitech_c920/meshes) by extension 'ignore_ament_install'
[0.190s] Level 1:colcon.colcon_core.package_identification:_identify(src/project_landing-tcc_lucca/models/logitech_c920/meshes) by extensions ['colcon_pkg']
[0.190s] Level 1:colcon.colcon_core.package_identification:_identify(src/project_landing-tcc_lucca/models/logitech_c920/meshes) by extension 'colcon_pkg'
[0.190s] Level 1:colcon.colcon_core.package_identification:_identify(src/project_landing-tcc_lucca/models/logitech_c920/meshes) by extensions ['colcon_meta']
[0.190s] Level 1:colcon.colcon_core.package_identification:_identify(src/project_landing-tcc_lucca/models/logitech_c920/meshes) by extension 'colcon_meta'
[0.190s] Level 1:colcon.colcon_core.package_identification:_identify(src/project_landing-tcc_lucca/models/logitech_c920/meshes) by extensions ['ros']
[0.190s] Level 1:colcon.colcon_core.package_identification:_identify(src/project_landing-tcc_lucca/models/logitech_c920/meshes) by extension 'ros'
[0.190s] Level 1:colcon.colcon_core.package_identification:_identify(src/project_landing-tcc_lucca/models/logitech_c920/meshes) by extensions ['cmake', 'python']
[0.190s] Level 1:colcon.colcon_core.package_identification:_identify(src/project_landing-tcc_lucca/models/logitech_c920/meshes) by extension 'cmake'
[0.190s] Level 1:colcon.colcon_core.package_identification:_identify(src/project_landing-tcc_lucca/models/logitech_c920/meshes) by extension 'python'
[0.190s] Level 1:colcon.colcon_core.package_identification:_identify(src/project_landing-tcc_lucca/models/logitech_c920/meshes) by extensions ['python_setup_py']
[0.190s] Level 1:colcon.colcon_core.package_identification:_identify(src/project_landing-tcc_lucca/models/logitech_c920/meshes) by extension 'python_setup_py'
[0.191s] Level 1:colcon.colcon_core.package_identification:_identify(src/project_landing-tcc_lucca/models/x500) by extensions ['ignore', 'ignore_ament_install']
[0.191s] Level 1:colcon.colcon_core.package_identification:_identify(src/project_landing-tcc_lucca/models/x500) by extension 'ignore'
[0.191s] Level 1:colcon.colcon_core.package_identification:_identify(src/project_landing-tcc_lucca/models/x500) by extension 'ignore_ament_install'
[0.191s] Level 1:colcon.colcon_core.package_identification:_identify(src/project_landing-tcc_lucca/models/x500) by extensions ['colcon_pkg']
[0.191s] Level 1:colcon.colcon_core.package_identification:_identify(src/project_landing-tcc_lucca/models/x500) by extension 'colcon_pkg'
[0.191s] Level 1:colcon.colcon_core.package_identification:_identify(src/project_landing-tcc_lucca/models/x500) by extensions ['colcon_meta']
[0.191s] Level 1:colcon.colcon_core.package_identification:_identify(src/project_landing-tcc_lucca/models/x500) by extension 'colcon_meta'
[0.191s] Level 1:colcon.colcon_core.package_identification:_identify(src/project_landing-tcc_lucca/models/x500) by extensions ['ros']
[0.191s] Level 1:colcon.colcon_core.package_identification:_identify(src/project_landing-tcc_lucca/models/x500) by extension 'ros'
[0.191s] Level 1:colcon.colcon_core.package_identification:_identify(src/project_landing-tcc_lucca/models/x500) by extensions ['cmake', 'python']
[0.191s] Level 1:colcon.colcon_core.package_identification:_identify(src/project_landing-tcc_lucca/models/x500) by extension 'cmake'
[0.191s] Level 1:colcon.colcon_core.package_identification:_identify(src/project_landing-tcc_lucca/models/x500) by extension 'python'
[0.191s] Level 1:colcon.colcon_core.package_identification:_identify(src/project_landing-tcc_lucca/models/x500) by extensions ['python_setup_py']
[0.191s] Level 1:colcon.colcon_core.package_identification:_identify(src/project_landing-tcc_lucca/models/x500) by extension 'python_setup_py'
[0.191s] Level 1:colcon.colcon_core.package_identification:_identify(src/project_landing-tcc_lucca/models/x500/materials) by extensions ['ignore', 'ignore_ament_install']
[0.191s] Level 1:colcon.colcon_core.package_identification:_identify(src/project_landing-tcc_lucca/models/x500/materials) by extension 'ignore'
[0.191s] Level 1:colcon.colcon_core.package_identification:_identify(src/project_landing-tcc_lucca/models/x500/materials) by extension 'ignore_ament_install'
[0.191s] Level 1:colcon.colcon_core.package_identification:_identify(src/project_landing-tcc_lucca/models/x500/materials) by extensions ['colcon_pkg']
[0.191s] Level 1:colcon.colcon_core.package_identification:_identify(src/project_landing-tcc_lucca/models/x500/materials) by extension 'colcon_pkg'
[0.191s] Level 1:colcon.colcon_core.package_identification:_identify(src/project_landing-tcc_lucca/models/x500/materials) by extensions ['colcon_meta']
[0.191s] Level 1:colcon.colcon_core.package_identification:_identify(src/project_landing-tcc_lucca/models/x500/materials) by extension 'colcon_meta'
[0.191s] Level 1:colcon.colcon_core.package_identification:_identify(src/project_landing-tcc_lucca/models/x500/materials) by extensions ['ros']
[0.191s] Level 1:colcon.colcon_core.package_identification:_identify(src/project_landing-tcc_lucca/models/x500/materials) by extension 'ros'
[0.191s] Level 1:colcon.colcon_core.package_identification:_identify(src/project_landing-tcc_lucca/models/x500/materials) by extensions ['cmake', 'python']
[0.191s] Level 1:colcon.colcon_core.package_identification:_identify(src/project_landing-tcc_lucca/models/x500/materials) by extension 'cmake'
[0.191s] Level 1:colcon.colcon_core.package_identification:_identify(src/project_landing-tcc_lucca/models/x500/materials) by extension 'python'
[0.191s] Level 1:colcon.colcon_core.package_identification:_identify(src/project_landing-tcc_lucca/models/x500/materials) by extensions ['python_setup_py']
[0.191s] Level 1:colcon.colcon_core.package_identification:_identify(src/project_landing-tcc_lucca/models/x500/materials) by extension 'python_setup_py'
[0.191s] Level 1:colcon.colcon_core.package_identification:_identify(src/project_landing-tcc_lucca/models/x500/materials/textures) by extensions ['ignore', 'ignore_ament_install']
[0.191s] Level 1:colcon.colcon_core.package_identification:_identify(src/project_landing-tcc_lucca/models/x500/materials/textures) by extension 'ignore'
[0.191s] Level 1:colcon.colcon_core.package_identification:_identify(src/project_landing-tcc_lucca/models/x500/materials/textures) by extension 'ignore_ament_install'
[0.191s] Level 1:colcon.colcon_core.package_identification:_identify(src/project_landing-tcc_lucca/models/x500/materials/textures) by extensions ['colcon_pkg']
[0.191s] Level 1:colcon.colcon_core.package_identification:_identify(src/project_landing-tcc_lucca/models/x500/materials/textures) by extension 'colcon_pkg'
[0.191s] Level 1:colcon.colcon_core.package_identification:_identify(src/project_landing-tcc_lucca/models/x500/materials/textures) by extensions ['colcon_meta']
[0.191s] Level 1:colcon.colcon_core.package_identification:_identify(src/project_landing-tcc_lucca/models/x500/materials/textures) by extension 'colcon_meta'
[0.191s] Level 1:colcon.colcon_core.package_identification:_identify(src/project_landing-tcc_lucca/models/x500/materials/textures) by extensions ['ros']
[0.191s] Level 1:colcon.colcon_core.package_identification:_identify(src/project_landing-tcc_lucca/models/x500/materials/textures) by extension 'ros'
[0.191s] Level 1:colcon.colcon_core.package_identification:_identify(src/project_landing-tcc_lucca/models/x500/materials/textures) by extensions ['cmake', 'python']
[0.191s] Level 1:colcon.colcon_core.package_identification:_identify(src/project_landing-tcc_lucca/models/x500/materials/textures) by extension 'cmake'
[0.191s] Level 1:colcon.colcon_core.package_identification:_identify(src/project_landing-tcc_lucca/models/x500/materials/textures) by extension 'python'
[0.191s] Level 1:colcon.colcon_core.package_identification:_identify(src/project_landing-tcc_lucca/models/x500/materials/textures) by extensions ['python_setup_py']
[0.191s] Level 1:colcon.colcon_core.package_identification:_identify(src/project_landing-tcc_lucca/models/x500/materials/textures) by extension 'python_setup_py'
[0.191s] Level 1:colcon.colcon_core.package_identification:_identify(src/project_landing-tcc_lucca/models/x500/meshes) by extensions ['ignore', 'ignore_ament_install']
[0.191s] Level 1:colcon.colcon_core.package_identification:_identify(src/project_landing-tcc_lucca/models/x500/meshes) by extension 'ignore'
[0.191s] Level 1:colcon.colcon_core.package_identification:_identify(src/project_landing-tcc_lucca/models/x500/meshes) by extension 'ignore_ament_install'
[0.191s] Level 1:colcon.colcon_core.package_identification:_identify(src/project_landing-tcc_lucca/models/x500/meshes) by extensions ['colcon_pkg']
[0.191s] Level 1:colcon.colcon_core.package_identification:_identify(src/project_landing-tcc_lucca/models/x500/meshes) by extension 'colcon_pkg'
[0.191s] Level 1:colcon.colcon_core.package_identification:_identify(src/project_landing-tcc_lucca/models/x500/meshes) by extensions ['colcon_meta']
[0.191s] Level 1:colcon.colcon_core.package_identification:_identify(src/project_landing-tcc_lucca/models/x500/meshes) by extension 'colcon_meta'
[0.191s] Level 1:colcon.colcon_core.package_identification:_identify(src/project_landing-tcc_lucca/models/x500/meshes) by extensions ['ros']
[0.191s] Level 1:colcon.colcon_core.package_identification:_identify(src/project_landing-tcc_lucca/models/x500/meshes) by extension 'ros'
[0.192s] Level 1:colcon.colcon_core.package_identification:_identify(src/project_landing-tcc_lucca/models/x500/meshes) by extensions ['cmake', 'python']
[0.192s] Level 1:colcon.colcon_core.package_identification:_identify(src/project_landing-tcc_lucca/models/x500/meshes) by extension 'cmake'
[0.192s] Level 1:colcon.colcon_core.package_identification:_identify(src/project_landing-tcc_lucca/models/x500/meshes) by extension 'python'
[0.192s] Level 1:colcon.colcon_core.package_identification:_identify(src/project_landing-tcc_lucca/models/x500/meshes) by extensions ['python_setup_py']
[0.192s] Level 1:colcon.colcon_core.package_identification:_identify(src/project_landing-tcc_lucca/models/x500/meshes) by extension 'python_setup_py'
[0.192s] Level 1:colcon.colcon_core.package_identification:_identify(src/project_landing-tcc_lucca/models/x500/thumbnails) by extensions ['ignore', 'ignore_ament_install']
[0.192s] Level 1:colcon.colcon_core.package_identification:_identify(src/project_landing-tcc_lucca/models/x500/thumbnails) by extension 'ignore'
[0.192s] Level 1:colcon.colcon_core.package_identification:_identify(src/project_landing-tcc_lucca/models/x500/thumbnails) by extension 'ignore_ament_install'
[0.192s] Level 1:colcon.colcon_core.package_identification:_identify(src/project_landing-tcc_lucca/models/x500/thumbnails) by extensions ['colcon_pkg']
[0.192s] Level 1:colcon.colcon_core.package_identification:_identify(src/project_landing-tcc_lucca/models/x500/thumbnails) by extension 'colcon_pkg'
[0.192s] Level 1:colcon.colcon_core.package_identification:_identify(src/project_landing-tcc_lucca/models/x500/thumbnails) by extensions ['colcon_meta']
[0.192s] Level 1:colcon.colcon_core.package_identification:_identify(src/project_landing-tcc_lucca/models/x500/thumbnails) by extension 'colcon_meta'
[0.192s] Level 1:colcon.colcon_core.package_identification:_identify(src/project_landing-tcc_lucca/models/x500/thumbnails) by extensions ['ros']
[0.192s] Level 1:colcon.colcon_core.package_identification:_identify(src/project_landing-tcc_lucca/models/x500/thumbnails) by extension 'ros'
[0.192s] Level 1:colcon.colcon_core.package_identification:_identify(src/project_landing-tcc_lucca/models/x500/thumbnails) by extensions ['cmake', 'python']
[0.192s] Level 1:colcon.colcon_core.package_identification:_identify(src/project_landing-tcc_lucca/models/x500/thumbnails) by extension 'cmake'
[0.192s] Level 1:colcon.colcon_core.package_identification:_identify(src/project_landing-tcc_lucca/models/x500/thumbnails) by extension 'python'
[0.192s] Level 1:colcon.colcon_core.package_identification:_identify(src/project_landing-tcc_lucca/models/x500/thumbnails) by extensions ['python_setup_py']
[0.192s] Level 1:colcon.colcon_core.package_identification:_identify(src/project_landing-tcc_lucca/models/x500/thumbnails) by extension 'python_setup_py'
[0.192s] Level 1:colcon.colcon_core.package_identification:_identify(src/project_landing-tcc_lucca/models/x500_as2) by extensions ['ignore', 'ignore_ament_install']
[0.192s] Level 1:colcon.colcon_core.package_identification:_identify(src/project_landing-tcc_lucca/models/x500_as2) by extension 'ignore'
[0.192s] Level 1:colcon.colcon_core.package_identification:_identify(src/project_landing-tcc_lucca/models/x500_as2) by extension 'ignore_ament_install'
[0.192s] Level 1:colcon.colcon_core.package_identification:_identify(src/project_landing-tcc_lucca/models/x500_as2) by extensions ['colcon_pkg']
[0.192s] Level 1:colcon.colcon_core.package_identification:_identify(src/project_landing-tcc_lucca/models/x500_as2) by extension 'colcon_pkg'
[0.192s] Level 1:colcon.colcon_core.package_identification:_identify(src/project_landing-tcc_lucca/models/x500_as2) by extensions ['colcon_meta']
[0.192s] Level 1:colcon.colcon_core.package_identification:_identify(src/project_landing-tcc_lucca/models/x500_as2) by extension 'colcon_meta'
[0.192s] Level 1:colcon.colcon_core.package_identification:_identify(src/project_landing-tcc_lucca/models/x500_as2) by extensions ['ros']
[0.192s] Level 1:colcon.colcon_core.package_identification:_identify(src/project_landing-tcc_lucca/models/x500_as2) by extension 'ros'
[0.192s] Level 1:colcon.colcon_core.package_identification:_identify(src/project_landing-tcc_lucca/models/x500_as2) by extensions ['cmake', 'python']
[0.192s] Level 1:colcon.colcon_core.package_identification:_identify(src/project_landing-tcc_lucca/models/x500_as2) by extension 'cmake'
[0.192s] Level 1:colcon.colcon_core.package_identification:_identify(src/project_landing-tcc_lucca/models/x500_as2) by extension 'python'
[0.192s] Level 1:colcon.colcon_core.package_identification:_identify(src/project_landing-tcc_lucca/models/x500_as2) by extensions ['python_setup_py']
[0.192s] Level 1:colcon.colcon_core.package_identification:_identify(src/project_landing-tcc_lucca/models/x500_as2) by extension 'python_setup_py'
[0.192s] Level 1:colcon.colcon_core.package_identification:_identify(src/project_landing-tcc_lucca/models/x500_as2/materials) by extensions ['ignore', 'ignore_ament_install']
[0.192s] Level 1:colcon.colcon_core.package_identification:_identify(src/project_landing-tcc_lucca/models/x500_as2/materials) by extension 'ignore'
[0.192s] Level 1:colcon.colcon_core.package_identification:_identify(src/project_landing-tcc_lucca/models/x500_as2/materials) by extension 'ignore_ament_install'
[0.192s] Level 1:colcon.colcon_core.package_identification:_identify(src/project_landing-tcc_lucca/models/x500_as2/materials) by extensions ['colcon_pkg']
[0.192s] Level 1:colcon.colcon_core.package_identification:_identify(src/project_landing-tcc_lucca/models/x500_as2/materials) by extension 'colcon_pkg'
[0.192s] Level 1:colcon.colcon_core.package_identification:_identify(src/project_landing-tcc_lucca/models/x500_as2/materials) by extensions ['colcon_meta']
[0.192s] Level 1:colcon.colcon_core.package_identification:_identify(src/project_landing-tcc_lucca/models/x500_as2/materials) by extension 'colcon_meta'
[0.192s] Level 1:colcon.colcon_core.package_identification:_identify(src/project_landing-tcc_lucca/models/x500_as2/materials) by extensions ['ros']
[0.192s] Level 1:colcon.colcon_core.package_identification:_identify(src/project_landing-tcc_lucca/models/x500_as2/materials) by extension 'ros'
[0.192s] Level 1:colcon.colcon_core.package_identification:_identify(src/project_landing-tcc_lucca/models/x500_as2/materials) by extensions ['cmake', 'python']
[0.192s] Level 1:colcon.colcon_core.package_identification:_identify(src/project_landing-tcc_lucca/models/x500_as2/materials) by extension 'cmake'
[0.192s] Level 1:colcon.colcon_core.package_identification:_identify(src/project_landing-tcc_lucca/models/x500_as2/materials) by extension 'python'
[0.192s] Level 1:colcon.colcon_core.package_identification:_identify(src/project_landing-tcc_lucca/models/x500_as2/materials) by extensions ['python_setup_py']
[0.192s] Level 1:colcon.colcon_core.package_identification:_identify(src/project_landing-tcc_lucca/models/x500_as2/materials) by extension 'python_setup_py'
[0.193s] Level 1:colcon.colcon_core.package_identification:_identify(src/project_landing-tcc_lucca/models/x500_as2/materials/textures) by extensions ['ignore', 'ignore_ament_install']
[0.193s] Level 1:colcon.colcon_core.package_identification:_identify(src/project_landing-tcc_lucca/models/x500_as2/materials/textures) by extension 'ignore'
[0.193s] Level 1:colcon.colcon_core.package_identification:_identify(src/project_landing-tcc_lucca/models/x500_as2/materials/textures) by extension 'ignore_ament_install'
[0.193s] Level 1:colcon.colcon_core.package_identification:_identify(src/project_landing-tcc_lucca/models/x500_as2/materials/textures) by extensions ['colcon_pkg']
[0.193s] Level 1:colcon.colcon_core.package_identification:_identify(src/project_landing-tcc_lucca/models/x500_as2/materials/textures) by extension 'colcon_pkg'
[0.193s] Level 1:colcon.colcon_core.package_identification:_identify(src/project_landing-tcc_lucca/models/x500_as2/materials/textures) by extensions ['colcon_meta']
[0.193s] Level 1:colcon.colcon_core.package_identification:_identify(src/project_landing-tcc_lucca/models/x500_as2/materials/textures) by extension 'colcon_meta'
[0.193s] Level 1:colcon.colcon_core.package_identification:_identify(src/project_landing-tcc_lucca/models/x500_as2/materials/textures) by extensions ['ros']
[0.193s] Level 1:colcon.colcon_core.package_identification:_identify(src/project_landing-tcc_lucca/models/x500_as2/materials/textures) by extension 'ros'
[0.193s] Level 1:colcon.colcon_core.package_identification:_identify(src/project_landing-tcc_lucca/models/x500_as2/materials/textures) by extensions ['cmake', 'python']
[0.193s] Level 1:colcon.colcon_core.package_identification:_identify(src/project_landing-tcc_lucca/models/x500_as2/materials/textures) by extension 'cmake'
[0.193s] Level 1:colcon.colcon_core.package_identification:_identify(src/project_landing-tcc_lucca/models/x500_as2/materials/textures) by extension 'python'
[0.193s] Level 1:colcon.colcon_core.package_identification:_identify(src/project_landing-tcc_lucca/models/x500_as2/materials/textures) by extensions ['python_setup_py']
[0.193s] Level 1:colcon.colcon_core.package_identification:_identify(src/project_landing-tcc_lucca/models/x500_as2/materials/textures) by extension 'python_setup_py'
[0.193s] Level 1:colcon.colcon_core.package_identification:_identify(src/project_landing-tcc_lucca/models/x500_as2/meshes) by extensions ['ignore', 'ignore_ament_install']
[0.193s] Level 1:colcon.colcon_core.package_identification:_identify(src/project_landing-tcc_lucca/models/x500_as2/meshes) by extension 'ignore'
[0.193s] Level 1:colcon.colcon_core.package_identification:_identify(src/project_landing-tcc_lucca/models/x500_as2/meshes) by extension 'ignore_ament_install'
[0.193s] Level 1:colcon.colcon_core.package_identification:_identify(src/project_landing-tcc_lucca/models/x500_as2/meshes) by extensions ['colcon_pkg']
[0.193s] Level 1:colcon.colcon_core.package_identification:_identify(src/project_landing-tcc_lucca/models/x500_as2/meshes) by extension 'colcon_pkg'
[0.193s] Level 1:colcon.colcon_core.package_identification:_identify(src/project_landing-tcc_lucca/models/x500_as2/meshes) by extensions ['colcon_meta']
[0.193s] Level 1:colcon.colcon_core.package_identification:_identify(src/project_landing-tcc_lucca/models/x500_as2/meshes) by extension 'colcon_meta'
[0.193s] Level 1:colcon.colcon_core.package_identification:_identify(src/project_landing-tcc_lucca/models/x500_as2/meshes) by extensions ['ros']
[0.193s] Level 1:colcon.colcon_core.package_identification:_identify(src/project_landing-tcc_lucca/models/x500_as2/meshes) by extension 'ros'
[0.193s] Level 1:colcon.colcon_core.package_identification:_identify(src/project_landing-tcc_lucca/models/x500_as2/meshes) by extensions ['cmake', 'python']
[0.193s] Level 1:colcon.colcon_core.package_identification:_identify(src/project_landing-tcc_lucca/models/x500_as2/meshes) by extension 'cmake'
[0.193s] Level 1:colcon.colcon_core.package_identification:_identify(src/project_landing-tcc_lucca/models/x500_as2/meshes) by extension 'python'
[0.193s] Level 1:colcon.colcon_core.package_identification:_identify(src/project_landing-tcc_lucca/models/x500_as2/meshes) by extensions ['python_setup_py']
[0.193s] Level 1:colcon.colcon_core.package_identification:_identify(src/project_landing-tcc_lucca/models/x500_as2/meshes) by extension 'python_setup_py'
[0.193s] Level 1:colcon.colcon_core.package_identification:_identify(src/project_landing-tcc_lucca/models/x500_as2/thumbnails) by extensions ['ignore', 'ignore_ament_install']
[0.193s] Level 1:colcon.colcon_core.package_identification:_identify(src/project_landing-tcc_lucca/models/x500_as2/thumbnails) by extension 'ignore'
[0.193s] Level 1:colcon.colcon_core.package_identification:_identify(src/project_landing-tcc_lucca/models/x500_as2/thumbnails) by extension 'ignore_ament_install'
[0.193s] Level 1:colcon.colcon_core.package_identification:_identify(src/project_landing-tcc_lucca/models/x500_as2/thumbnails) by extensions ['colcon_pkg']
[0.193s] Level 1:colcon.colcon_core.package_identification:_identify(src/project_landing-tcc_lucca/models/x500_as2/thumbnails) by extension 'colcon_pkg'
[0.193s] Level 1:colcon.colcon_core.package_identification:_identify(src/project_landing-tcc_lucca/models/x500_as2/thumbnails) by extensions ['colcon_meta']
[0.193s] Level 1:colcon.colcon_core.package_identification:_identify(src/project_landing-tcc_lucca/models/x500_as2/thumbnails) by extension 'colcon_meta'
[0.193s] Level 1:colcon.colcon_core.package_identification:_identify(src/project_landing-tcc_lucca/models/x500_as2/thumbnails) by extensions ['ros']
[0.193s] Level 1:colcon.colcon_core.package_identification:_identify(src/project_landing-tcc_lucca/models/x500_as2/thumbnails) by extension 'ros'
[0.193s] Level 1:colcon.colcon_core.package_identification:_identify(src/project_landing-tcc_lucca/models/x500_as2/thumbnails) by extensions ['cmake', 'python']
[0.193s] Level 1:colcon.colcon_core.package_identification:_identify(src/project_landing-tcc_lucca/models/x500_as2/thumbnails) by extension 'cmake'
[0.193s] Level 1:colcon.colcon_core.package_identification:_identify(src/project_landing-tcc_lucca/models/x500_as2/thumbnails) by extension 'python'
[0.193s] Level 1:colcon.colcon_core.package_identification:_identify(src/project_landing-tcc_lucca/models/x500_as2/thumbnails) by extensions ['python_setup_py']
[0.193s] Level 1:colcon.colcon_core.package_identification:_identify(src/project_landing-tcc_lucca/models/x500_as2/thumbnails) by extension 'python_setup_py'
[0.193s] Level 1:colcon.colcon_core.package_identification:_identify(src/project_landing-tcc_lucca/models/x500_px4) by extensions ['ignore', 'ignore_ament_install']
[0.193s] Level 1:colcon.colcon_core.package_identification:_identify(src/project_landing-tcc_lucca/models/x500_px4) by extension 'ignore'
[0.193s] Level 1:colcon.colcon_core.package_identification:_identify(src/project_landing-tcc_lucca/models/x500_px4) by extension 'ignore_ament_install'
[0.193s] Level 1:colcon.colcon_core.package_identification:_identify(src/project_landing-tcc_lucca/models/x500_px4) by extensions ['colcon_pkg']
[0.193s] Level 1:colcon.colcon_core.package_identification:_identify(src/project_landing-tcc_lucca/models/x500_px4) by extension 'colcon_pkg'
[0.193s] Level 1:colcon.colcon_core.package_identification:_identify(src/project_landing-tcc_lucca/models/x500_px4) by extensions ['colcon_meta']
[0.193s] Level 1:colcon.colcon_core.package_identification:_identify(src/project_landing-tcc_lucca/models/x500_px4) by extension 'colcon_meta'
[0.193s] Level 1:colcon.colcon_core.package_identification:_identify(src/project_landing-tcc_lucca/models/x500_px4) by extensions ['ros']
[0.193s] Level 1:colcon.colcon_core.package_identification:_identify(src/project_landing-tcc_lucca/models/x500_px4) by extension 'ros'
[0.194s] Level 1:colcon.colcon_core.package_identification:_identify(src/project_landing-tcc_lucca/models/x500_px4) by extensions ['cmake', 'python']
[0.194s] Level 1:colcon.colcon_core.package_identification:_identify(src/project_landing-tcc_lucca/models/x500_px4) by extension 'cmake'
[0.194s] Level 1:colcon.colcon_core.package_identification:_identify(src/project_landing-tcc_lucca/models/x500_px4) by extension 'python'
[0.194s] Level 1:colcon.colcon_core.package_identification:_identify(src/project_landing-tcc_lucca/models/x500_px4) by extensions ['python_setup_py']
[0.194s] Level 1:colcon.colcon_core.package_identification:_identify(src/project_landing-tcc_lucca/models/x500_px4) by extension 'python_setup_py'
[0.194s] Level 1:colcon.colcon_core.package_identification:_identify(src/project_landing-tcc_lucca/models/x500_px4/materials) by extensions ['ignore', 'ignore_ament_install']
[0.194s] Level 1:colcon.colcon_core.package_identification:_identify(src/project_landing-tcc_lucca/models/x500_px4/materials) by extension 'ignore'
[0.194s] Level 1:colcon.colcon_core.package_identification:_identify(src/project_landing-tcc_lucca/models/x500_px4/materials) by extension 'ignore_ament_install'
[0.194s] Level 1:colcon.colcon_core.package_identification:_identify(src/project_landing-tcc_lucca/models/x500_px4/materials) by extensions ['colcon_pkg']
[0.194s] Level 1:colcon.colcon_core.package_identification:_identify(src/project_landing-tcc_lucca/models/x500_px4/materials) by extension 'colcon_pkg'
[0.194s] Level 1:colcon.colcon_core.package_identification:_identify(src/project_landing-tcc_lucca/models/x500_px4/materials) by extensions ['colcon_meta']
[0.194s] Level 1:colcon.colcon_core.package_identification:_identify(src/project_landing-tcc_lucca/models/x500_px4/materials) by extension 'colcon_meta'
[0.194s] Level 1:colcon.colcon_core.package_identification:_identify(src/project_landing-tcc_lucca/models/x500_px4/materials) by extensions ['ros']
[0.194s] Level 1:colcon.colcon_core.package_identification:_identify(src/project_landing-tcc_lucca/models/x500_px4/materials) by extension 'ros'
[0.194s] Level 1:colcon.colcon_core.package_identification:_identify(src/project_landing-tcc_lucca/models/x500_px4/materials) by extensions ['cmake', 'python']
[0.194s] Level 1:colcon.colcon_core.package_identification:_identify(src/project_landing-tcc_lucca/models/x500_px4/materials) by extension 'cmake'
[0.194s] Level 1:colcon.colcon_core.package_identification:_identify(src/project_landing-tcc_lucca/models/x500_px4/materials) by extension 'python'
[0.194s] Level 1:colcon.colcon_core.package_identification:_identify(src/project_landing-tcc_lucca/models/x500_px4/materials) by extensions ['python_setup_py']
[0.194s] Level 1:colcon.colcon_core.package_identification:_identify(src/project_landing-tcc_lucca/models/x500_px4/materials) by extension 'python_setup_py'
[0.194s] Level 1:colcon.colcon_core.package_identification:_identify(src/project_landing-tcc_lucca/models/x500_px4/materials/textures) by extensions ['ignore', 'ignore_ament_install']
[0.194s] Level 1:colcon.colcon_core.package_identification:_identify(src/project_landing-tcc_lucca/models/x500_px4/materials/textures) by extension 'ignore'
[0.194s] Level 1:colcon.colcon_core.package_identification:_identify(src/project_landing-tcc_lucca/models/x500_px4/materials/textures) by extension 'ignore_ament_install'
[0.194s] Level 1:colcon.colcon_core.package_identification:_identify(src/project_landing-tcc_lucca/models/x500_px4/materials/textures) by extensions ['colcon_pkg']
[0.194s] Level 1:colcon.colcon_core.package_identification:_identify(src/project_landing-tcc_lucca/models/x500_px4/materials/textures) by extension 'colcon_pkg'
[0.194s] Level 1:colcon.colcon_core.package_identification:_identify(src/project_landing-tcc_lucca/models/x500_px4/materials/textures) by extensions ['colcon_meta']
[0.194s] Level 1:colcon.colcon_core.package_identification:_identify(src/project_landing-tcc_lucca/models/x500_px4/materials/textures) by extension 'colcon_meta'
[0.194s] Level 1:colcon.colcon_core.package_identification:_identify(src/project_landing-tcc_lucca/models/x500_px4/materials/textures) by extensions ['ros']
[0.194s] Level 1:colcon.colcon_core.package_identification:_identify(src/project_landing-tcc_lucca/models/x500_px4/materials/textures) by extension 'ros'
[0.194s] Level 1:colcon.colcon_core.package_identification:_identify(src/project_landing-tcc_lucca/models/x500_px4/materials/textures) by extensions ['cmake', 'python']
[0.194s] Level 1:colcon.colcon_core.package_identification:_identify(src/project_landing-tcc_lucca/models/x500_px4/materials/textures) by extension 'cmake'
[0.194s] Level 1:colcon.colcon_core.package_identification:_identify(src/project_landing-tcc_lucca/models/x500_px4/materials/textures) by extension 'python'
[0.194s] Level 1:colcon.colcon_core.package_identification:_identify(src/project_landing-tcc_lucca/models/x500_px4/materials/textures) by extensions ['python_setup_py']
[0.194s] Level 1:colcon.colcon_core.package_identification:_identify(src/project_landing-tcc_lucca/models/x500_px4/materials/textures) by extension 'python_setup_py'
[0.194s] Level 1:colcon.colcon_core.package_identification:_identify(src/project_landing-tcc_lucca/models/x500_px4/meshes) by extensions ['ignore', 'ignore_ament_install']
[0.194s] Level 1:colcon.colcon_core.package_identification:_identify(src/project_landing-tcc_lucca/models/x500_px4/meshes) by extension 'ignore'
[0.194s] Level 1:colcon.colcon_core.package_identification:_identify(src/project_landing-tcc_lucca/models/x500_px4/meshes) by extension 'ignore_ament_install'
[0.194s] Level 1:colcon.colcon_core.package_identification:_identify(src/project_landing-tcc_lucca/models/x500_px4/meshes) by extensions ['colcon_pkg']
[0.194s] Level 1:colcon.colcon_core.package_identification:_identify(src/project_landing-tcc_lucca/models/x500_px4/meshes) by extension 'colcon_pkg'
[0.194s] Level 1:colcon.colcon_core.package_identification:_identify(src/project_landing-tcc_lucca/models/x500_px4/meshes) by extensions ['colcon_meta']
[0.194s] Level 1:colcon.colcon_core.package_identification:_identify(src/project_landing-tcc_lucca/models/x500_px4/meshes) by extension 'colcon_meta'
[0.194s] Level 1:colcon.colcon_core.package_identification:_identify(src/project_landing-tcc_lucca/models/x500_px4/meshes) by extensions ['ros']
[0.194s] Level 1:colcon.colcon_core.package_identification:_identify(src/project_landing-tcc_lucca/models/x500_px4/meshes) by extension 'ros'
[0.194s] Level 1:colcon.colcon_core.package_identification:_identify(src/project_landing-tcc_lucca/models/x500_px4/meshes) by extensions ['cmake', 'python']
[0.194s] Level 1:colcon.colcon_core.package_identification:_identify(src/project_landing-tcc_lucca/models/x500_px4/meshes) by extension 'cmake'
[0.194s] Level 1:colcon.colcon_core.package_identification:_identify(src/project_landing-tcc_lucca/models/x500_px4/meshes) by extension 'python'
[0.194s] Level 1:colcon.colcon_core.package_identification:_identify(src/project_landing-tcc_lucca/models/x500_px4/meshes) by extensions ['python_setup_py']
[0.194s] Level 1:colcon.colcon_core.package_identification:_identify(src/project_landing-tcc_lucca/models/x500_px4/meshes) by extension 'python_setup_py'
[0.194s] Level 1:colcon.colcon_core.package_identification:_identify(src/project_landing-tcc_lucca/models/x500_px4/thumbnails) by extensions ['ignore', 'ignore_ament_install']
[0.194s] Level 1:colcon.colcon_core.package_identification:_identify(src/project_landing-tcc_lucca/models/x500_px4/thumbnails) by extension 'ignore'
[0.195s] Level 1:colcon.colcon_core.package_identification:_identify(src/project_landing-tcc_lucca/models/x500_px4/thumbnails) by extension 'ignore_ament_install'
[0.195s] Level 1:colcon.colcon_core.package_identification:_identify(src/project_landing-tcc_lucca/models/x500_px4/thumbnails) by extensions ['colcon_pkg']
[0.195s] Level 1:colcon.colcon_core.package_identification:_identify(src/project_landing-tcc_lucca/models/x500_px4/thumbnails) by extension 'colcon_pkg'
[0.195s] Level 1:colcon.colcon_core.package_identification:_identify(src/project_landing-tcc_lucca/models/x500_px4/thumbnails) by extensions ['colcon_meta']
[0.195s] Level 1:colcon.colcon_core.package_identification:_identify(src/project_landing-tcc_lucca/models/x500_px4/thumbnails) by extension 'colcon_meta'
[0.195s] Level 1:colcon.colcon_core.package_identification:_identify(src/project_landing-tcc_lucca/models/x500_px4/thumbnails) by extensions ['ros']
[0.195s] Level 1:colcon.colcon_core.package_identification:_identify(src/project_landing-tcc_lucca/models/x500_px4/thumbnails) by extension 'ros'
[0.195s] Level 1:colcon.colcon_core.package_identification:_identify(src/project_landing-tcc_lucca/models/x500_px4/thumbnails) by extensions ['cmake', 'python']
[0.195s] Level 1:colcon.colcon_core.package_identification:_identify(src/project_landing-tcc_lucca/models/x500_px4/thumbnails) by extension 'cmake'
[0.195s] Level 1:colcon.colcon_core.package_identification:_identify(src/project_landing-tcc_lucca/models/x500_px4/thumbnails) by extension 'python'
[0.195s] Level 1:colcon.colcon_core.package_identification:_identify(src/project_landing-tcc_lucca/models/x500_px4/thumbnails) by extensions ['python_setup_py']
[0.195s] Level 1:colcon.colcon_core.package_identification:_identify(src/project_landing-tcc_lucca/models/x500_px4/thumbnails) by extension 'python_setup_py'
[0.195s] Level 1:colcon.colcon_core.package_identification:_identify(src/project_landing-tcc_lucca/tmuxinator) by extensions ['ignore', 'ignore_ament_install']
[0.195s] Level 1:colcon.colcon_core.package_identification:_identify(src/project_landing-tcc_lucca/tmuxinator) by extension 'ignore'
[0.195s] Level 1:colcon.colcon_core.package_identification:_identify(src/project_landing-tcc_lucca/tmuxinator) by extension 'ignore_ament_install'
[0.195s] Level 1:colcon.colcon_core.package_identification:_identify(src/project_landing-tcc_lucca/tmuxinator) by extensions ['colcon_pkg']
[0.195s] Level 1:colcon.colcon_core.package_identification:_identify(src/project_landing-tcc_lucca/tmuxinator) by extension 'colcon_pkg'
[0.195s] Level 1:colcon.colcon_core.package_identification:_identify(src/project_landing-tcc_lucca/tmuxinator) by extensions ['colcon_meta']
[0.195s] Level 1:colcon.colcon_core.package_identification:_identify(src/project_landing-tcc_lucca/tmuxinator) by extension 'colcon_meta'
[0.195s] Level 1:colcon.colcon_core.package_identification:_identify(src/project_landing-tcc_lucca/tmuxinator) by extensions ['ros']
[0.195s] Level 1:colcon.colcon_core.package_identification:_identify(src/project_landing-tcc_lucca/tmuxinator) by extension 'ros'
[0.195s] Level 1:colcon.colcon_core.package_identification:_identify(src/project_landing-tcc_lucca/tmuxinator) by extensions ['cmake', 'python']
[0.195s] Level 1:colcon.colcon_core.package_identification:_identify(src/project_landing-tcc_lucca/tmuxinator) by extension 'cmake'
[0.195s] Level 1:colcon.colcon_core.package_identification:_identify(src/project_landing-tcc_lucca/tmuxinator) by extension 'python'
[0.195s] Level 1:colcon.colcon_core.package_identification:_identify(src/project_landing-tcc_lucca/tmuxinator) by extensions ['python_setup_py']
[0.195s] Level 1:colcon.colcon_core.package_identification:_identify(src/project_landing-tcc_lucca/tmuxinator) by extension 'python_setup_py'
[0.195s] Level 1:colcon.colcon_core.package_identification:_identify(src/project_landing-tcc_lucca/trees) by extensions ['ignore', 'ignore_ament_install']
[0.195s] Level 1:colcon.colcon_core.package_identification:_identify(src/project_landing-tcc_lucca/trees) by extension 'ignore'
[0.195s] Level 1:colcon.colcon_core.package_identification:_identify(src/project_landing-tcc_lucca/trees) by extension 'ignore_ament_install'
[0.195s] Level 1:colcon.colcon_core.package_identification:_identify(src/project_landing-tcc_lucca/trees) by extensions ['colcon_pkg']
[0.195s] Level 1:colcon.colcon_core.package_identification:_identify(src/project_landing-tcc_lucca/trees) by extension 'colcon_pkg'
[0.195s] Level 1:colcon.colcon_core.package_identification:_identify(src/project_landing-tcc_lucca/trees) by extensions ['colcon_meta']
[0.195s] Level 1:colcon.colcon_core.package_identification:_identify(src/project_landing-tcc_lucca/trees) by extension 'colcon_meta'
[0.195s] Level 1:colcon.colcon_core.package_identification:_identify(src/project_landing-tcc_lucca/trees) by extensions ['ros']
[0.195s] Level 1:colcon.colcon_core.package_identification:_identify(src/project_landing-tcc_lucca/trees) by extension 'ros'
[0.195s] Level 1:colcon.colcon_core.package_identification:_identify(src/project_landing-tcc_lucca/trees) by extensions ['cmake', 'python']
[0.195s] Level 1:colcon.colcon_core.package_identification:_identify(src/project_landing-tcc_lucca/trees) by extension 'cmake'
[0.195s] Level 1:colcon.colcon_core.package_identification:_identify(src/project_landing-tcc_lucca/trees) by extension 'python'
[0.195s] Level 1:colcon.colcon_core.package_identification:_identify(src/project_landing-tcc_lucca/trees) by extensions ['python_setup_py']
[0.195s] Level 1:colcon.colcon_core.package_identification:_identify(src/project_landing-tcc_lucca/trees) by extension 'python_setup_py'
[0.195s] Level 1:colcon.colcon_core.package_identification:_identify(src/project_landing-tcc_lucca/utils) by extensions ['ignore', 'ignore_ament_install']
[0.195s] Level 1:colcon.colcon_core.package_identification:_identify(src/project_landing-tcc_lucca/utils) by extension 'ignore'
[0.195s] Level 1:colcon.colcon_core.package_identification:_identify(src/project_landing-tcc_lucca/utils) by extension 'ignore_ament_install'
[0.195s] Level 1:colcon.colcon_core.package_identification:_identify(src/project_landing-tcc_lucca/utils) by extensions ['colcon_pkg']
[0.195s] Level 1:colcon.colcon_core.package_identification:_identify(src/project_landing-tcc_lucca/utils) by extension 'colcon_pkg'
[0.195s] Level 1:colcon.colcon_core.package_identification:_identify(src/project_landing-tcc_lucca/utils) by extensions ['colcon_meta']
[0.195s] Level 1:colcon.colcon_core.package_identification:_identify(src/project_landing-tcc_lucca/utils) by extension 'colcon_meta'
[0.195s] Level 1:colcon.colcon_core.package_identification:_identify(src/project_landing-tcc_lucca/utils) by extensions ['ros']
[0.195s] Level 1:colcon.colcon_core.package_identification:_identify(src/project_landing-tcc_lucca/utils) by extension 'ros'
[0.195s] Level 1:colcon.colcon_core.package_identification:_identify(src/project_landing-tcc_lucca/utils) by extensions ['cmake', 'python']
[0.195s] Level 1:colcon.colcon_core.package_identification:_identify(src/project_landing-tcc_lucca/utils) by extension 'cmake'
[0.195s] Level 1:colcon.colcon_core.package_identification:_identify(src/project_landing-tcc_lucca/utils) by extension 'python'
[0.195s] Level 1:colcon.colcon_core.package_identification:_identify(src/project_landing-tcc_lucca/utils) by extensions ['python_setup_py']
[0.195s] Level 1:colcon.colcon_core.package_identification:_identify(src/project_landing-tcc_lucca/utils) by extension 'python_setup_py'
[0.196s] Level 1:colcon.colcon_core.package_discovery:discover_packages(recursive) using defaults
[0.196s] Level 1:colcon.colcon_core.package_discovery:discover_packages(ignore) discover
[0.196s] Level 1:colcon.colcon_core.package_discovery:discover_packages(ignore) using defaults
[0.196s] Level 1:colcon.colcon_core.package_discovery:discover_packages(path) discover
[0.196s] Level 1:colcon.colcon_core.package_discovery:discover_packages(path) using defaults
[0.205s] INFO:colcon.colcon_metadata.metadata.colcon_pkg:Updating descriptor of package 'src/aerostack2-tcc_lucca/as2_python_api' from colcon.pkg: {'hooks': ['share/as2_python_api/hooks/resource_paths.sh']}
[0.213s] Level 5:colcon.colcon_core.verb:set package 'as2_cli' build argument 'cmake_args' from command line to 'None'
[0.213s] Level 5:colcon.colcon_core.verb:set package 'as2_cli' build argument 'cmake_target' from command line to 'None'
[0.213s] Level 5:colcon.colcon_core.verb:set package 'as2_cli' build argument 'cmake_target_skip_unavailable' from command line to 'False'
[0.213s] Level 5:colcon.colcon_core.verb:set package 'as2_cli' build argument 'cmake_clean_cache' from command line to 'False'
[0.213s] Level 5:colcon.colcon_core.verb:set package 'as2_cli' build argument 'cmake_clean_first' from command line to 'False'
[0.213s] Level 5:colcon.colcon_core.verb:set package 'as2_cli' build argument 'cmake_force_configure' from command line to 'False'
[0.213s] Level 5:colcon.colcon_core.verb:set package 'as2_cli' build argument 'ament_cmake_args' from command line to 'None'
[0.213s] Level 5:colcon.colcon_core.verb:set package 'as2_cli' build argument 'catkin_cmake_args' from command line to 'None'
[0.213s] Level 5:colcon.colcon_core.verb:set package 'as2_cli' build argument 'catkin_skip_building_tests' from command line to 'False'
[0.213s] DEBUG:colcon.colcon_core.verb:Building package 'as2_cli' with the following arguments: {'ament_cmake_args': None, 'build_base': '/home/developer/aerostack2_ws/build/as2_cli', 'catkin_cmake_args': None, 'catkin_skip_building_tests': False, 'cmake_args': None, 'cmake_clean_cache': False, 'cmake_clean_first': False, 'cmake_force_configure': False, 'cmake_target': None, 'cmake_target_skip_unavailable': False, 'install_base': '/home/developer/aerostack2_ws/install/as2_cli', 'merge_install': False, 'path': '/home/developer/aerostack2_ws/src/aerostack2-tcc_lucca/as2_cli', 'symlink_install': True, 'test_result_base': None}
[0.213s] Level 5:colcon.colcon_core.verb:set package 'as2_msgs' build argument 'cmake_args' from command line to 'None'
[0.213s] Level 5:colcon.colcon_core.verb:set package 'as2_msgs' build argument 'cmake_target' from command line to 'None'
[0.213s] Level 5:colcon.colcon_core.verb:set package 'as2_msgs' build argument 'cmake_target_skip_unavailable' from command line to 'False'
[0.213s] Level 5:colcon.colcon_core.verb:set package 'as2_msgs' build argument 'cmake_clean_cache' from command line to 'False'
[0.213s] Level 5:colcon.colcon_core.verb:set package 'as2_msgs' build argument 'cmake_clean_first' from command line to 'False'
[0.213s] Level 5:colcon.colcon_core.verb:set package 'as2_msgs' build argument 'cmake_force_configure' from command line to 'False'
[0.213s] Level 5:colcon.colcon_core.verb:set package 'as2_msgs' build argument 'ament_cmake_args' from command line to 'None'
[0.213s] Level 5:colcon.colcon_core.verb:set package 'as2_msgs' build argument 'catkin_cmake_args' from command line to 'None'
[0.213s] Level 5:colcon.colcon_core.verb:set package 'as2_msgs' build argument 'catkin_skip_building_tests' from command line to 'False'
[0.213s] DEBUG:colcon.colcon_core.verb:Building package 'as2_msgs' with the following arguments: {'ament_cmake_args': None, 'build_base': '/home/developer/aerostack2_ws/build/as2_msgs', 'catkin_cmake_args': None, 'catkin_skip_building_tests': False, 'cmake_args': None, 'cmake_clean_cache': False, 'cmake_clean_first': False, 'cmake_force_configure': False, 'cmake_target': None, 'cmake_target_skip_unavailable': False, 'install_base': '/home/developer/aerostack2_ws/install/as2_msgs', 'merge_install': False, 'path': '/home/developer/aerostack2_ws/src/aerostack2-tcc_lucca/as2_msgs', 'symlink_install': True, 'test_result_base': None}
[0.213s] Level 5:colcon.colcon_core.verb:set package 'as2_core' build argument 'cmake_args' from command line to 'None'
[0.213s] Level 5:colcon.colcon_core.verb:set package 'as2_core' build argument 'cmake_target' from command line to 'None'
[0.213s] Level 5:colcon.colcon_core.verb:set package 'as2_core' build argument 'cmake_target_skip_unavailable' from command line to 'False'
[0.213s] Level 5:colcon.colcon_core.verb:set package 'as2_core' build argument 'cmake_clean_cache' from command line to 'False'
[0.213s] Level 5:colcon.colcon_core.verb:set package 'as2_core' build argument 'cmake_clean_first' from command line to 'False'
[0.213s] Level 5:colcon.colcon_core.verb:set package 'as2_core' build argument 'cmake_force_configure' from command line to 'False'
[0.213s] Level 5:colcon.colcon_core.verb:set package 'as2_core' build argument 'ament_cmake_args' from command line to 'None'
[0.213s] Level 5:colcon.colcon_core.verb:set package 'as2_core' build argument 'catkin_cmake_args' from command line to 'None'
[0.213s] Level 5:colcon.colcon_core.verb:set package 'as2_core' build argument 'catkin_skip_building_tests' from command line to 'False'
[0.213s] DEBUG:colcon.colcon_core.verb:Building package 'as2_core' with the following arguments: {'ament_cmake_args': None, 'build_base': '/home/developer/aerostack2_ws/build/as2_core', 'catkin_cmake_args': None, 'catkin_skip_building_tests': False, 'cmake_args': None, 'cmake_clean_cache': False, 'cmake_clean_first': False, 'cmake_force_configure': False, 'cmake_target': None, 'cmake_target_skip_unavailable': False, 'install_base': '/home/developer/aerostack2_ws/install/as2_core', 'merge_install': False, 'path': '/home/developer/aerostack2_ws/src/aerostack2-tcc_lucca/as2_core', 'symlink_install': True, 'test_result_base': None}
[0.213s] Level 5:colcon.colcon_core.verb:set package 'as2_alphanumeric_viewer' build argument 'cmake_args' from command line to 'None'
[0.213s] Level 5:colcon.colcon_core.verb:set package 'as2_alphanumeric_viewer' build argument 'cmake_target' from command line to 'None'
[0.213s] Level 5:colcon.colcon_core.verb:set package 'as2_alphanumeric_viewer' build argument 'cmake_target_skip_unavailable' from command line to 'False'
[0.214s] Level 5:colcon.colcon_core.verb:set package 'as2_alphanumeric_viewer' build argument 'cmake_clean_cache' from command line to 'False'
[0.214s] Level 5:colcon.colcon_core.verb:set package 'as2_alphanumeric_viewer' build argument 'cmake_clean_first' from command line to 'False'
[0.214s] Level 5:colcon.colcon_core.verb:set package 'as2_alphanumeric_viewer' build argument 'cmake_force_configure' from command line to 'False'
[0.214s] Level 5:colcon.colcon_core.verb:set package 'as2_alphanumeric_viewer' build argument 'ament_cmake_args' from command line to 'None'
[0.214s] Level 5:colcon.colcon_core.verb:set package 'as2_alphanumeric_viewer' build argument 'catkin_cmake_args' from command line to 'None'
[0.214s] Level 5:colcon.colcon_core.verb:set package 'as2_alphanumeric_viewer' build argument 'catkin_skip_building_tests' from command line to 'False'
[0.214s] DEBUG:colcon.colcon_core.verb:Building package 'as2_alphanumeric_viewer' with the following arguments: {'ament_cmake_args': None, 'build_base': '/home/developer/aerostack2_ws/build/as2_alphanumeric_viewer', 'catkin_cmake_args': None, 'catkin_skip_building_tests': False, 'cmake_args': None, 'cmake_clean_cache': False, 'cmake_clean_first': False, 'cmake_force_configure': False, 'cmake_target': None, 'cmake_target_skip_unavailable': False, 'install_base': '/home/developer/aerostack2_ws/install/as2_alphanumeric_viewer', 'merge_install': False, 'path': '/home/developer/aerostack2_ws/src/aerostack2-tcc_lucca/as2_user_interfaces/as2_alphanumeric_viewer', 'symlink_install': True, 'test_result_base': None}
[0.214s] Level 5:colcon.colcon_core.verb:set package 'as2_behavior' build argument 'cmake_args' from command line to 'None'
[0.214s] Level 5:colcon.colcon_core.verb:set package 'as2_behavior' build argument 'cmake_target' from command line to 'None'
[0.214s] Level 5:colcon.colcon_core.verb:set package 'as2_behavior' build argument 'cmake_target_skip_unavailable' from command line to 'False'
[0.214s] Level 5:colcon.colcon_core.verb:set package 'as2_behavior' build argument 'cmake_clean_cache' from command line to 'False'
[0.214s] Level 5:colcon.colcon_core.verb:set package 'as2_behavior' build argument 'cmake_clean_first' from command line to 'False'
[0.214s] Level 5:colcon.colcon_core.verb:set package 'as2_behavior' build argument 'cmake_force_configure' from command line to 'False'
[0.214s] Level 5:colcon.colcon_core.verb:set package 'as2_behavior' build argument 'ament_cmake_args' from command line to 'None'
[0.214s] Level 5:colcon.colcon_core.verb:set package 'as2_behavior' build argument 'catkin_cmake_args' from command line to 'None'
[0.214s] Level 5:colcon.colcon_core.verb:set package 'as2_behavior' build argument 'catkin_skip_building_tests' from command line to 'False'
[0.214s] DEBUG:colcon.colcon_core.verb:Building package 'as2_behavior' with the following arguments: {'ament_cmake_args': None, 'build_base': '/home/developer/aerostack2_ws/build/as2_behavior', 'catkin_cmake_args': None, 'catkin_skip_building_tests': False, 'cmake_args': None, 'cmake_clean_cache': False, 'cmake_clean_first': False, 'cmake_force_configure': False, 'cmake_target': None, 'cmake_target_skip_unavailable': False, 'install_base': '/home/developer/aerostack2_ws/install/as2_behavior', 'merge_install': False, 'path': '/home/developer/aerostack2_ws/src/aerostack2-tcc_lucca/as2_behaviors/as2_behavior', 'symlink_install': True, 'test_result_base': None}
[0.214s] Level 5:colcon.colcon_core.verb:set package 'as2_behavior_tree' build argument 'cmake_args' from command line to 'None'
[0.214s] Level 5:colcon.colcon_core.verb:set package 'as2_behavior_tree' build argument 'cmake_target' from command line to 'None'
[0.214s] Level 5:colcon.colcon_core.verb:set package 'as2_behavior_tree' build argument 'cmake_target_skip_unavailable' from command line to 'False'
[0.214s] Level 5:colcon.colcon_core.verb:set package 'as2_behavior_tree' build argument 'cmake_clean_cache' from command line to 'False'
[0.214s] Level 5:colcon.colcon_core.verb:set package 'as2_behavior_tree' build argument 'cmake_clean_first' from command line to 'False'
[0.214s] Level 5:colcon.colcon_core.verb:set package 'as2_behavior_tree' build argument 'cmake_force_configure' from command line to 'False'
[0.214s] Level 5:colcon.colcon_core.verb:set package 'as2_behavior_tree' build argument 'ament_cmake_args' from command line to 'None'
[0.214s] Level 5:colcon.colcon_core.verb:set package 'as2_behavior_tree' build argument 'catkin_cmake_args' from command line to 'None'
[0.214s] Level 5:colcon.colcon_core.verb:set package 'as2_behavior_tree' build argument 'catkin_skip_building_tests' from command line to 'False'
[0.214s] DEBUG:colcon.colcon_core.verb:Building package 'as2_behavior_tree' with the following arguments: {'ament_cmake_args': None, 'build_base': '/home/developer/aerostack2_ws/build/as2_behavior_tree', 'catkin_cmake_args': None, 'catkin_skip_building_tests': False, 'cmake_args': None, 'cmake_clean_cache': False, 'cmake_clean_first': False, 'cmake_force_configure': False, 'cmake_target': None, 'cmake_target_skip_unavailable': False, 'install_base': '/home/developer/aerostack2_ws/install/as2_behavior_tree', 'merge_install': False, 'path': '/home/developer/aerostack2_ws/src/aerostack2-tcc_lucca/as2_behavior_tree', 'symlink_install': True, 'test_result_base': None}
[0.214s] Level 5:colcon.colcon_core.verb:set package 'as2_external_object_to_tf' build argument 'cmake_args' from command line to 'None'
[0.214s] Level 5:colcon.colcon_core.verb:set package 'as2_external_object_to_tf' build argument 'cmake_target' from command line to 'None'
[0.214s] Level 5:colcon.colcon_core.verb:set package 'as2_external_object_to_tf' build argument 'cmake_target_skip_unavailable' from command line to 'False'
[0.214s] Level 5:colcon.colcon_core.verb:set package 'as2_external_object_to_tf' build argument 'cmake_clean_cache' from command line to 'False'
[0.214s] Level 5:colcon.colcon_core.verb:set package 'as2_external_object_to_tf' build argument 'cmake_clean_first' from command line to 'False'
[0.214s] Level 5:colcon.colcon_core.verb:set package 'as2_external_object_to_tf' build argument 'cmake_force_configure' from command line to 'False'
[0.214s] Level 5:colcon.colcon_core.verb:set package 'as2_external_object_to_tf' build argument 'ament_cmake_args' from command line to 'None'
[0.214s] Level 5:colcon.colcon_core.verb:set package 'as2_external_object_to_tf' build argument 'catkin_cmake_args' from command line to 'None'
[0.214s] Level 5:colcon.colcon_core.verb:set package 'as2_external_object_to_tf' build argument 'catkin_skip_building_tests' from command line to 'False'
[0.214s] DEBUG:colcon.colcon_core.verb:Building package 'as2_external_object_to_tf' with the following arguments: {'ament_cmake_args': None, 'build_base': '/home/developer/aerostack2_ws/build/as2_external_object_to_tf', 'catkin_cmake_args': None, 'catkin_skip_building_tests': False, 'cmake_args': None, 'cmake_clean_cache': False, 'cmake_clean_first': False, 'cmake_force_configure': False, 'cmake_target': None, 'cmake_target_skip_unavailable': False, 'install_base': '/home/developer/aerostack2_ws/install/as2_external_object_to_tf', 'merge_install': False, 'path': '/home/developer/aerostack2_ws/src/aerostack2-tcc_lucca/as2_utilities/as2_external_object_to_tf', 'symlink_install': True, 'test_result_base': None}
[0.214s] Level 5:colcon.colcon_core.verb:set package 'as2_gazebo_assets' build argument 'cmake_args' from command line to 'None'
[0.214s] Level 5:colcon.colcon_core.verb:set package 'as2_gazebo_assets' build argument 'cmake_target' from command line to 'None'
[0.214s] Level 5:colcon.colcon_core.verb:set package 'as2_gazebo_assets' build argument 'cmake_target_skip_unavailable' from command line to 'False'
[0.214s] Level 5:colcon.colcon_core.verb:set package 'as2_gazebo_assets' build argument 'cmake_clean_cache' from command line to 'False'
[0.215s] Level 5:colcon.colcon_core.verb:set package 'as2_gazebo_assets' build argument 'cmake_clean_first' from command line to 'False'
[0.215s] Level 5:colcon.colcon_core.verb:set package 'as2_gazebo_assets' build argument 'cmake_force_configure' from command line to 'False'
[0.215s] Level 5:colcon.colcon_core.verb:set package 'as2_gazebo_assets' build argument 'ament_cmake_args' from command line to 'None'
[0.215s] Level 5:colcon.colcon_core.verb:set package 'as2_gazebo_assets' build argument 'catkin_cmake_args' from command line to 'None'
[0.215s] Level 5:colcon.colcon_core.verb:set package 'as2_gazebo_assets' build argument 'catkin_skip_building_tests' from command line to 'False'
[0.215s] DEBUG:colcon.colcon_core.verb:Building package 'as2_gazebo_assets' with the following arguments: {'ament_cmake_args': None, 'build_base': '/home/developer/aerostack2_ws/build/as2_gazebo_assets', 'catkin_cmake_args': None, 'catkin_skip_building_tests': False, 'cmake_args': None, 'cmake_clean_cache': False, 'cmake_clean_first': False, 'cmake_force_configure': False, 'cmake_target': None, 'cmake_target_skip_unavailable': False, 'install_base': '/home/developer/aerostack2_ws/install/as2_gazebo_assets', 'merge_install': False, 'path': '/home/developer/aerostack2_ws/src/aerostack2-tcc_lucca/as2_simulation_assets/as2_gazebo_assets', 'symlink_install': True, 'test_result_base': None}
[0.215s] Level 5:colcon.colcon_core.verb:set package 'as2_geozones' build argument 'cmake_args' from command line to 'None'
[0.215s] Level 5:colcon.colcon_core.verb:set package 'as2_geozones' build argument 'cmake_target' from command line to 'None'
[0.215s] Level 5:colcon.colcon_core.verb:set package 'as2_geozones' build argument 'cmake_target_skip_unavailable' from command line to 'False'
[0.215s] Level 5:colcon.colcon_core.verb:set package 'as2_geozones' build argument 'cmake_clean_cache' from command line to 'False'
[0.215s] Level 5:colcon.colcon_core.verb:set package 'as2_geozones' build argument 'cmake_clean_first' from command line to 'False'
[0.215s] Level 5:colcon.colcon_core.verb:set package 'as2_geozones' build argument 'cmake_force_configure' from command line to 'False'
[0.215s] Level 5:colcon.colcon_core.verb:set package 'as2_geozones' build argument 'ament_cmake_args' from command line to 'None'
[0.215s] Level 5:colcon.colcon_core.verb:set package 'as2_geozones' build argument 'catkin_cmake_args' from command line to 'None'
[0.215s] Level 5:colcon.colcon_core.verb:set package 'as2_geozones' build argument 'catkin_skip_building_tests' from command line to 'False'
[0.215s] DEBUG:colcon.colcon_core.verb:Building package 'as2_geozones' with the following arguments: {'ament_cmake_args': None, 'build_base': '/home/developer/aerostack2_ws/build/as2_geozones', 'catkin_cmake_args': None, 'catkin_skip_building_tests': False, 'cmake_args': None, 'cmake_clean_cache': False, 'cmake_clean_first': False, 'cmake_force_configure': False, 'cmake_target': None, 'cmake_target_skip_unavailable': False, 'install_base': '/home/developer/aerostack2_ws/install/as2_geozones', 'merge_install': False, 'path': '/home/developer/aerostack2_ws/src/aerostack2-tcc_lucca/as2_utilities/as2_geozones', 'symlink_install': True, 'test_result_base': None}
[0.215s] Level 5:colcon.colcon_core.verb:set package 'as2_map_server' build argument 'cmake_args' from command line to 'None'
[0.215s] Level 5:colcon.colcon_core.verb:set package 'as2_map_server' build argument 'cmake_target' from command line to 'None'
[0.215s] Level 5:colcon.colcon_core.verb:set package 'as2_map_server' build argument 'cmake_target_skip_unavailable' from command line to 'False'
[0.215s] Level 5:colcon.colcon_core.verb:set package 'as2_map_server' build argument 'cmake_clean_cache' from command line to 'False'
[0.215s] Level 5:colcon.colcon_core.verb:set package 'as2_map_server' build argument 'cmake_clean_first' from command line to 'False'
[0.215s] Level 5:colcon.colcon_core.verb:set package 'as2_map_server' build argument 'cmake_force_configure' from command line to 'False'
[0.215s] Level 5:colcon.colcon_core.verb:set package 'as2_map_server' build argument 'ament_cmake_args' from command line to 'None'
[0.215s] Level 5:colcon.colcon_core.verb:set package 'as2_map_server' build argument 'catkin_cmake_args' from command line to 'None'
[0.215s] Level 5:colcon.colcon_core.verb:set package 'as2_map_server' build argument 'catkin_skip_building_tests' from command line to 'False'
[0.215s] DEBUG:colcon.colcon_core.verb:Building package 'as2_map_server' with the following arguments: {'ament_cmake_args': None, 'build_base': '/home/developer/aerostack2_ws/build/as2_map_server', 'catkin_cmake_args': None, 'catkin_skip_building_tests': False, 'cmake_args': None, 'cmake_clean_cache': False, 'cmake_clean_first': False, 'cmake_force_configure': False, 'cmake_target': None, 'cmake_target_skip_unavailable': False, 'install_base': '/home/developer/aerostack2_ws/install/as2_map_server', 'merge_install': False, 'path': '/home/developer/aerostack2_ws/src/aerostack2-tcc_lucca/as2_map_server', 'symlink_install': True, 'test_result_base': None}
[0.215s] Level 5:colcon.colcon_core.verb:set package 'as2_motion_reference_handlers' build argument 'cmake_args' from command line to 'None'
[0.215s] Level 5:colcon.colcon_core.verb:set package 'as2_motion_reference_handlers' build argument 'cmake_target' from command line to 'None'
[0.215s] Level 5:colcon.colcon_core.verb:set package 'as2_motion_reference_handlers' build argument 'cmake_target_skip_unavailable' from command line to 'False'
[0.215s] Level 5:colcon.colcon_core.verb:set package 'as2_motion_reference_handlers' build argument 'cmake_clean_cache' from command line to 'False'
[0.215s] Level 5:colcon.colcon_core.verb:set package 'as2_motion_reference_handlers' build argument 'cmake_clean_first' from command line to 'False'
[0.215s] Level 5:colcon.colcon_core.verb:set package 'as2_motion_reference_handlers' build argument 'cmake_force_configure' from command line to 'False'
[0.215s] Level 5:colcon.colcon_core.verb:set package 'as2_motion_reference_handlers' build argument 'ament_cmake_args' from command line to 'None'
[0.215s] Level 5:colcon.colcon_core.verb:set package 'as2_motion_reference_handlers' build argument 'catkin_cmake_args' from command line to 'None'
[0.215s] Level 5:colcon.colcon_core.verb:set package 'as2_motion_reference_handlers' build argument 'catkin_skip_building_tests' from command line to 'False'
[0.215s] DEBUG:colcon.colcon_core.verb:Building package 'as2_motion_reference_handlers' with the following arguments: {'ament_cmake_args': None, 'build_base': '/home/developer/aerostack2_ws/build/as2_motion_reference_handlers', 'catkin_cmake_args': None, 'catkin_skip_building_tests': False, 'cmake_args': None, 'cmake_clean_cache': False, 'cmake_clean_first': False, 'cmake_force_configure': False, 'cmake_target': None, 'cmake_target_skip_unavailable': False, 'install_base': '/home/developer/aerostack2_ws/install/as2_motion_reference_handlers', 'merge_install': False, 'path': '/home/developer/aerostack2_ws/src/aerostack2-tcc_lucca/as2_motion_reference_handlers', 'symlink_install': True, 'test_result_base': None}
[0.215s] Level 5:colcon.colcon_core.verb:set package 'as2_platform_multirotor_simulator' build argument 'cmake_args' from command line to 'None'
[0.215s] Level 5:colcon.colcon_core.verb:set package 'as2_platform_multirotor_simulator' build argument 'cmake_target' from command line to 'None'
[0.215s] Level 5:colcon.colcon_core.verb:set package 'as2_platform_multirotor_simulator' build argument 'cmake_target_skip_unavailable' from command line to 'False'
[0.215s] Level 5:colcon.colcon_core.verb:set package 'as2_platform_multirotor_simulator' build argument 'cmake_clean_cache' from command line to 'False'
[0.215s] Level 5:colcon.colcon_core.verb:set package 'as2_platform_multirotor_simulator' build argument 'cmake_clean_first' from command line to 'False'
[0.215s] Level 5:colcon.colcon_core.verb:set package 'as2_platform_multirotor_simulator' build argument 'cmake_force_configure' from command line to 'False'
[0.215s] Level 5:colcon.colcon_core.verb:set package 'as2_platform_multirotor_simulator' build argument 'ament_cmake_args' from command line to 'None'
[0.215s] Level 5:colcon.colcon_core.verb:set package 'as2_platform_multirotor_simulator' build argument 'catkin_cmake_args' from command line to 'None'
[0.215s] Level 5:colcon.colcon_core.verb:set package 'as2_platform_multirotor_simulator' build argument 'catkin_skip_building_tests' from command line to 'False'
[0.216s] DEBUG:colcon.colcon_core.verb:Building package 'as2_platform_multirotor_simulator' with the following arguments: {'ament_cmake_args': None, 'build_base': '/home/developer/aerostack2_ws/build/as2_platform_multirotor_simulator', 'catkin_cmake_args': None, 'catkin_skip_building_tests': False, 'cmake_args': None, 'cmake_clean_cache': False, 'cmake_clean_first': False, 'cmake_force_configure': False, 'cmake_target': None, 'cmake_target_skip_unavailable': False, 'install_base': '/home/developer/aerostack2_ws/install/as2_platform_multirotor_simulator', 'merge_install': False, 'path': '/home/developer/aerostack2_ws/src/aerostack2-tcc_lucca/as2_aerial_platforms/as2_platform_multirotor_simulator', 'symlink_install': True, 'test_result_base': None}
[0.216s] Level 5:colcon.colcon_core.verb:set package 'as2_realsense_interface' build argument 'cmake_args' from command line to 'None'
[0.216s] Level 5:colcon.colcon_core.verb:set package 'as2_realsense_interface' build argument 'cmake_target' from command line to 'None'
[0.216s] Level 5:colcon.colcon_core.verb:set package 'as2_realsense_interface' build argument 'cmake_target_skip_unavailable' from command line to 'False'
[0.216s] Level 5:colcon.colcon_core.verb:set package 'as2_realsense_interface' build argument 'cmake_clean_cache' from command line to 'False'
[0.216s] Level 5:colcon.colcon_core.verb:set package 'as2_realsense_interface' build argument 'cmake_clean_first' from command line to 'False'
[0.216s] Level 5:colcon.colcon_core.verb:set package 'as2_realsense_interface' build argument 'cmake_force_configure' from command line to 'False'
[0.216s] Level 5:colcon.colcon_core.verb:set package 'as2_realsense_interface' build argument 'ament_cmake_args' from command line to 'None'
[0.216s] Level 5:colcon.colcon_core.verb:set package 'as2_realsense_interface' build argument 'catkin_cmake_args' from command line to 'None'
[0.216s] Level 5:colcon.colcon_core.verb:set package 'as2_realsense_interface' build argument 'catkin_skip_building_tests' from command line to 'False'
[0.216s] DEBUG:colcon.colcon_core.verb:Building package 'as2_realsense_interface' with the following arguments: {'ament_cmake_args': None, 'build_base': '/home/developer/aerostack2_ws/build/as2_realsense_interface', 'catkin_cmake_args': None, 'catkin_skip_building_tests': False, 'cmake_args': None, 'cmake_clean_cache': False, 'cmake_clean_first': False, 'cmake_force_configure': False, 'cmake_target': None, 'cmake_target_skip_unavailable': False, 'install_base': '/home/developer/aerostack2_ws/install/as2_realsense_interface', 'merge_install': False, 'path': '/home/developer/aerostack2_ws/src/aerostack2-tcc_lucca/as2_hardware_drivers/as2_realsense_interface', 'symlink_install': True, 'test_result_base': None}
[0.216s] Level 5:colcon.colcon_core.verb:set package 'as2_state_estimator' build argument 'cmake_args' from command line to 'None'
[0.216s] Level 5:colcon.colcon_core.verb:set package 'as2_state_estimator' build argument 'cmake_target' from command line to 'None'
[0.216s] Level 5:colcon.colcon_core.verb:set package 'as2_state_estimator' build argument 'cmake_target_skip_unavailable' from command line to 'False'
[0.216s] Level 5:colcon.colcon_core.verb:set package 'as2_state_estimator' build argument 'cmake_clean_cache' from command line to 'False'
[0.216s] Level 5:colcon.colcon_core.verb:set package 'as2_state_estimator' build argument 'cmake_clean_first' from command line to 'False'
[0.216s] Level 5:colcon.colcon_core.verb:set package 'as2_state_estimator' build argument 'cmake_force_configure' from command line to 'False'
[0.216s] Level 5:colcon.colcon_core.verb:set package 'as2_state_estimator' build argument 'ament_cmake_args' from command line to 'None'
[0.216s] Level 5:colcon.colcon_core.verb:set package 'as2_state_estimator' build argument 'catkin_cmake_args' from command line to 'None'
[0.216s] Level 5:colcon.colcon_core.verb:set package 'as2_state_estimator' build argument 'catkin_skip_building_tests' from command line to 'False'
[0.216s] DEBUG:colcon.colcon_core.verb:Building package 'as2_state_estimator' with the following arguments: {'ament_cmake_args': None, 'build_base': '/home/developer/aerostack2_ws/build/as2_state_estimator', 'catkin_cmake_args': None, 'catkin_skip_building_tests': False, 'cmake_args': None, 'cmake_clean_cache': False, 'cmake_clean_first': False, 'cmake_force_configure': False, 'cmake_target': None, 'cmake_target_skip_unavailable': False, 'install_base': '/home/developer/aerostack2_ws/install/as2_state_estimator', 'merge_install': False, 'path': '/home/developer/aerostack2_ws/src/aerostack2-tcc_lucca/as2_state_estimator', 'symlink_install': True, 'test_result_base': None}
[0.216s] Level 5:colcon.colcon_core.verb:set package 'as2_usb_camera_interface' build argument 'cmake_args' from command line to 'None'
[0.216s] Level 5:colcon.colcon_core.verb:set package 'as2_usb_camera_interface' build argument 'cmake_target' from command line to 'None'
[0.216s] Level 5:colcon.colcon_core.verb:set package 'as2_usb_camera_interface' build argument 'cmake_target_skip_unavailable' from command line to 'False'
[0.216s] Level 5:colcon.colcon_core.verb:set package 'as2_usb_camera_interface' build argument 'cmake_clean_cache' from command line to 'False'
[0.216s] Level 5:colcon.colcon_core.verb:set package 'as2_usb_camera_interface' build argument 'cmake_clean_first' from command line to 'False'
[0.216s] Level 5:colcon.colcon_core.verb:set package 'as2_usb_camera_interface' build argument 'cmake_force_configure' from command line to 'False'
[0.216s] Level 5:colcon.colcon_core.verb:set package 'as2_usb_camera_interface' build argument 'ament_cmake_args' from command line to 'None'
[0.216s] Level 5:colcon.colcon_core.verb:set package 'as2_usb_camera_interface' build argument 'catkin_cmake_args' from command line to 'None'
[0.216s] Level 5:colcon.colcon_core.verb:set package 'as2_usb_camera_interface' build argument 'catkin_skip_building_tests' from command line to 'False'
[0.216s] DEBUG:colcon.colcon_core.verb:Building package 'as2_usb_camera_interface' with the following arguments: {'ament_cmake_args': None, 'build_base': '/home/developer/aerostack2_ws/build/as2_usb_camera_interface', 'catkin_cmake_args': None, 'catkin_skip_building_tests': False, 'cmake_args': None, 'cmake_clean_cache': False, 'cmake_clean_first': False, 'cmake_force_configure': False, 'cmake_target': None, 'cmake_target_skip_unavailable': False, 'install_base': '/home/developer/aerostack2_ws/install/as2_usb_camera_interface', 'merge_install': False, 'path': '/home/developer/aerostack2_ws/src/aerostack2-tcc_lucca/as2_hardware_drivers/as2_usb_camera_interface', 'symlink_install': True, 'test_result_base': None}
[0.216s] Level 5:colcon.colcon_core.verb:set package 'as2_behaviors_motion' build argument 'cmake_args' from command line to 'None'
[0.216s] Level 5:colcon.colcon_core.verb:set package 'as2_behaviors_motion' build argument 'cmake_target' from command line to 'None'
[0.216s] Level 5:colcon.colcon_core.verb:set package 'as2_behaviors_motion' build argument 'cmake_target_skip_unavailable' from command line to 'False'
[0.216s] Level 5:colcon.colcon_core.verb:set package 'as2_behaviors_motion' build argument 'cmake_clean_cache' from command line to 'False'
[0.216s] Level 5:colcon.colcon_core.verb:set package 'as2_behaviors_motion' build argument 'cmake_clean_first' from command line to 'False'
[0.216s] Level 5:colcon.colcon_core.verb:set package 'as2_behaviors_motion' build argument 'cmake_force_configure' from command line to 'False'
[0.216s] Level 5:colcon.colcon_core.verb:set package 'as2_behaviors_motion' build argument 'ament_cmake_args' from command line to 'None'
[0.216s] Level 5:colcon.colcon_core.verb:set package 'as2_behaviors_motion' build argument 'catkin_cmake_args' from command line to 'None'
[0.216s] Level 5:colcon.colcon_core.verb:set package 'as2_behaviors_motion' build argument 'catkin_skip_building_tests' from command line to 'False'
[0.216s] DEBUG:colcon.colcon_core.verb:Building package 'as2_behaviors_motion' with the following arguments: {'ament_cmake_args': None, 'build_base': '/home/developer/aerostack2_ws/build/as2_behaviors_motion', 'catkin_cmake_args': None, 'catkin_skip_building_tests': False, 'cmake_args': None, 'cmake_clean_cache': False, 'cmake_clean_first': False, 'cmake_force_configure': False, 'cmake_target': None, 'cmake_target_skip_unavailable': False, 'install_base': '/home/developer/aerostack2_ws/install/as2_behaviors_motion', 'merge_install': False, 'path': '/home/developer/aerostack2_ws/src/aerostack2-tcc_lucca/as2_behaviors/as2_behaviors_motion', 'symlink_install': True, 'test_result_base': None}
[0.217s] Level 5:colcon.colcon_core.verb:set package 'as2_behaviors_param_estimation' build argument 'cmake_args' from command line to 'None'
[0.217s] Level 5:colcon.colcon_core.verb:set package 'as2_behaviors_param_estimation' build argument 'cmake_target' from command line to 'None'
[0.217s] Level 5:colcon.colcon_core.verb:set package 'as2_behaviors_param_estimation' build argument 'cmake_target_skip_unavailable' from command line to 'False'
[0.217s] Level 5:colcon.colcon_core.verb:set package 'as2_behaviors_param_estimation' build argument 'cmake_clean_cache' from command line to 'False'
[0.217s] Level 5:colcon.colcon_core.verb:set package 'as2_behaviors_param_estimation' build argument 'cmake_clean_first' from command line to 'False'
[0.217s] Level 5:colcon.colcon_core.verb:set package 'as2_behaviors_param_estimation' build argument 'cmake_force_configure' from command line to 'False'
[0.217s] Level 5:colcon.colcon_core.verb:set package 'as2_behaviors_param_estimation' build argument 'ament_cmake_args' from command line to 'None'
[0.217s] Level 5:colcon.colcon_core.verb:set package 'as2_behaviors_param_estimation' build argument 'catkin_cmake_args' from command line to 'None'
[0.217s] Level 5:colcon.colcon_core.verb:set package 'as2_behaviors_param_estimation' build argument 'catkin_skip_building_tests' from command line to 'False'
[0.217s] DEBUG:colcon.colcon_core.verb:Building package 'as2_behaviors_param_estimation' with the following arguments: {'ament_cmake_args': None, 'build_base': '/home/developer/aerostack2_ws/build/as2_behaviors_param_estimation', 'catkin_cmake_args': None, 'catkin_skip_building_tests': False, 'cmake_args': None, 'cmake_clean_cache': False, 'cmake_clean_first': False, 'cmake_force_configure': False, 'cmake_target': None, 'cmake_target_skip_unavailable': False, 'install_base': '/home/developer/aerostack2_ws/install/as2_behaviors_param_estimation', 'merge_install': False, 'path': '/home/developer/aerostack2_ws/src/aerostack2-tcc_lucca/as2_behaviors/as2_behaviors_param_estimation', 'symlink_install': True, 'test_result_base': None}
[0.217s] Level 5:colcon.colcon_core.verb:set package 'as2_behaviors_path_planning' build argument 'cmake_args' from command line to 'None'
[0.217s] Level 5:colcon.colcon_core.verb:set package 'as2_behaviors_path_planning' build argument 'cmake_target' from command line to 'None'
[0.217s] Level 5:colcon.colcon_core.verb:set package 'as2_behaviors_path_planning' build argument 'cmake_target_skip_unavailable' from command line to 'False'
[0.217s] Level 5:colcon.colcon_core.verb:set package 'as2_behaviors_path_planning' build argument 'cmake_clean_cache' from command line to 'False'
[0.217s] Level 5:colcon.colcon_core.verb:set package 'as2_behaviors_path_planning' build argument 'cmake_clean_first' from command line to 'False'
[0.217s] Level 5:colcon.colcon_core.verb:set package 'as2_behaviors_path_planning' build argument 'cmake_force_configure' from command line to 'False'
[0.217s] Level 5:colcon.colcon_core.verb:set package 'as2_behaviors_path_planning' build argument 'ament_cmake_args' from command line to 'None'
[0.217s] Level 5:colcon.colcon_core.verb:set package 'as2_behaviors_path_planning' build argument 'catkin_cmake_args' from command line to 'None'
[0.217s] Level 5:colcon.colcon_core.verb:set package 'as2_behaviors_path_planning' build argument 'catkin_skip_building_tests' from command line to 'False'
[0.217s] DEBUG:colcon.colcon_core.verb:Building package 'as2_behaviors_path_planning' with the following arguments: {'ament_cmake_args': None, 'build_base': '/home/developer/aerostack2_ws/build/as2_behaviors_path_planning', 'catkin_cmake_args': None, 'catkin_skip_building_tests': False, 'cmake_args': None, 'cmake_clean_cache': False, 'cmake_clean_first': False, 'cmake_force_configure': False, 'cmake_target': None, 'cmake_target_skip_unavailable': False, 'install_base': '/home/developer/aerostack2_ws/install/as2_behaviors_path_planning', 'merge_install': False, 'path': '/home/developer/aerostack2_ws/src/aerostack2-tcc_lucca/as2_behaviors/as2_behaviors_path_planning', 'symlink_install': True, 'test_result_base': None}
[0.217s] Level 5:colcon.colcon_core.verb:set package 'as2_behaviors_payload' build argument 'cmake_args' from command line to 'None'
[0.217s] Level 5:colcon.colcon_core.verb:set package 'as2_behaviors_payload' build argument 'cmake_target' from command line to 'None'
[0.217s] Level 5:colcon.colcon_core.verb:set package 'as2_behaviors_payload' build argument 'cmake_target_skip_unavailable' from command line to 'False'
[0.217s] Level 5:colcon.colcon_core.verb:set package 'as2_behaviors_payload' build argument 'cmake_clean_cache' from command line to 'False'
[0.217s] Level 5:colcon.colcon_core.verb:set package 'as2_behaviors_payload' build argument 'cmake_clean_first' from command line to 'False'
[0.217s] Level 5:colcon.colcon_core.verb:set package 'as2_behaviors_payload' build argument 'cmake_force_configure' from command line to 'False'
[0.217s] Level 5:colcon.colcon_core.verb:set package 'as2_behaviors_payload' build argument 'ament_cmake_args' from command line to 'None'
[0.217s] Level 5:colcon.colcon_core.verb:set package 'as2_behaviors_payload' build argument 'catkin_cmake_args' from command line to 'None'
[0.217s] Level 5:colcon.colcon_core.verb:set package 'as2_behaviors_payload' build argument 'catkin_skip_building_tests' from command line to 'False'
[0.217s] DEBUG:colcon.colcon_core.verb:Building package 'as2_behaviors_payload' with the following arguments: {'ament_cmake_args': None, 'build_base': '/home/developer/aerostack2_ws/build/as2_behaviors_payload', 'catkin_cmake_args': None, 'catkin_skip_building_tests': False, 'cmake_args': None, 'cmake_clean_cache': False, 'cmake_clean_first': False, 'cmake_force_configure': False, 'cmake_target': None, 'cmake_target_skip_unavailable': False, 'install_base': '/home/developer/aerostack2_ws/install/as2_behaviors_payload', 'merge_install': False, 'path': '/home/developer/aerostack2_ws/src/aerostack2-tcc_lucca/as2_behaviors/as2_behaviors_payload', 'symlink_install': True, 'test_result_base': None}
[0.217s] Level 5:colcon.colcon_core.verb:set package 'as2_behaviors_perception' build argument 'cmake_args' from command line to 'None'
[0.217s] Level 5:colcon.colcon_core.verb:set package 'as2_behaviors_perception' build argument 'cmake_target' from command line to 'None'
[0.217s] Level 5:colcon.colcon_core.verb:set package 'as2_behaviors_perception' build argument 'cmake_target_skip_unavailable' from command line to 'False'
[0.217s] Level 5:colcon.colcon_core.verb:set package 'as2_behaviors_perception' build argument 'cmake_clean_cache' from command line to 'False'
[0.217s] Level 5:colcon.colcon_core.verb:set package 'as2_behaviors_perception' build argument 'cmake_clean_first' from command line to 'False'
[0.217s] Level 5:colcon.colcon_core.verb:set package 'as2_behaviors_perception' build argument 'cmake_force_configure' from command line to 'False'
[0.217s] Level 5:colcon.colcon_core.verb:set package 'as2_behaviors_perception' build argument 'ament_cmake_args' from command line to 'None'
[0.217s] Level 5:colcon.colcon_core.verb:set package 'as2_behaviors_perception' build argument 'catkin_cmake_args' from command line to 'None'
[0.217s] Level 5:colcon.colcon_core.verb:set package 'as2_behaviors_perception' build argument 'catkin_skip_building_tests' from command line to 'False'
[0.217s] DEBUG:colcon.colcon_core.verb:Building package 'as2_behaviors_perception' with the following arguments: {'ament_cmake_args': None, 'build_base': '/home/developer/aerostack2_ws/build/as2_behaviors_perception', 'catkin_cmake_args': None, 'catkin_skip_building_tests': False, 'cmake_args': None, 'cmake_clean_cache': False, 'cmake_clean_first': False, 'cmake_force_configure': False, 'cmake_target': None, 'cmake_target_skip_unavailable': False, 'install_base': '/home/developer/aerostack2_ws/install/as2_behaviors_perception', 'merge_install': False, 'path': '/home/developer/aerostack2_ws/src/aerostack2-tcc_lucca/as2_behaviors/as2_behaviors_perception', 'symlink_install': True, 'test_result_base': None}
[0.218s] Level 5:colcon.colcon_core.verb:set package 'as2_behaviors_platform' build argument 'cmake_args' from command line to 'None'
[0.218s] Level 5:colcon.colcon_core.verb:set package 'as2_behaviors_platform' build argument 'cmake_target' from command line to 'None'
[0.218s] Level 5:colcon.colcon_core.verb:set package 'as2_behaviors_platform' build argument 'cmake_target_skip_unavailable' from command line to 'False'
[0.218s] Level 5:colcon.colcon_core.verb:set package 'as2_behaviors_platform' build argument 'cmake_clean_cache' from command line to 'False'
[0.218s] Level 5:colcon.colcon_core.verb:set package 'as2_behaviors_platform' build argument 'cmake_clean_first' from command line to 'False'
[0.218s] Level 5:colcon.colcon_core.verb:set package 'as2_behaviors_platform' build argument 'cmake_force_configure' from command line to 'False'
[0.218s] Level 5:colcon.colcon_core.verb:set package 'as2_behaviors_platform' build argument 'ament_cmake_args' from command line to 'None'
[0.218s] Level 5:colcon.colcon_core.verb:set package 'as2_behaviors_platform' build argument 'catkin_cmake_args' from command line to 'None'
[0.218s] Level 5:colcon.colcon_core.verb:set package 'as2_behaviors_platform' build argument 'catkin_skip_building_tests' from command line to 'False'
[0.218s] DEBUG:colcon.colcon_core.verb:Building package 'as2_behaviors_platform' with the following arguments: {'ament_cmake_args': None, 'build_base': '/home/developer/aerostack2_ws/build/as2_behaviors_platform', 'catkin_cmake_args': None, 'catkin_skip_building_tests': False, 'cmake_args': None, 'cmake_clean_cache': False, 'cmake_clean_first': False, 'cmake_force_configure': False, 'cmake_target': None, 'cmake_target_skip_unavailable': False, 'install_base': '/home/developer/aerostack2_ws/install/as2_behaviors_platform', 'merge_install': False, 'path': '/home/developer/aerostack2_ws/src/aerostack2-tcc_lucca/as2_behaviors/as2_behaviors_platform', 'symlink_install': True, 'test_result_base': None}
[0.218s] Level 5:colcon.colcon_core.verb:set package 'as2_behaviors_swarm_flocking' build argument 'cmake_args' from command line to 'None'
[0.218s] Level 5:colcon.colcon_core.verb:set package 'as2_behaviors_swarm_flocking' build argument 'cmake_target' from command line to 'None'
[0.218s] Level 5:colcon.colcon_core.verb:set package 'as2_behaviors_swarm_flocking' build argument 'cmake_target_skip_unavailable' from command line to 'False'
[0.218s] Level 5:colcon.colcon_core.verb:set package 'as2_behaviors_swarm_flocking' build argument 'cmake_clean_cache' from command line to 'False'
[0.218s] Level 5:colcon.colcon_core.verb:set package 'as2_behaviors_swarm_flocking' build argument 'cmake_clean_first' from command line to 'False'
[0.218s] Level 5:colcon.colcon_core.verb:set package 'as2_behaviors_swarm_flocking' build argument 'cmake_force_configure' from command line to 'False'
[0.218s] Level 5:colcon.colcon_core.verb:set package 'as2_behaviors_swarm_flocking' build argument 'ament_cmake_args' from command line to 'None'
[0.218s] Level 5:colcon.colcon_core.verb:set package 'as2_behaviors_swarm_flocking' build argument 'catkin_cmake_args' from command line to 'None'
[0.218s] Level 5:colcon.colcon_core.verb:set package 'as2_behaviors_swarm_flocking' build argument 'catkin_skip_building_tests' from command line to 'False'
[0.218s] DEBUG:colcon.colcon_core.verb:Building package 'as2_behaviors_swarm_flocking' with the following arguments: {'ament_cmake_args': None, 'build_base': '/home/developer/aerostack2_ws/build/as2_behaviors_swarm_flocking', 'catkin_cmake_args': None, 'catkin_skip_building_tests': False, 'cmake_args': None, 'cmake_clean_cache': False, 'cmake_clean_first': False, 'cmake_force_configure': False, 'cmake_target': None, 'cmake_target_skip_unavailable': False, 'install_base': '/home/developer/aerostack2_ws/install/as2_behaviors_swarm_flocking', 'merge_install': False, 'path': '/home/developer/aerostack2_ws/src/aerostack2-tcc_lucca/as2_behaviors/as2_behaviors_swarm_flocking', 'symlink_install': True, 'test_result_base': None}
[0.218s] Level 5:colcon.colcon_core.verb:set package 'as2_behaviors_trajectory_generation' build argument 'cmake_args' from command line to 'None'
[0.218s] Level 5:colcon.colcon_core.verb:set package 'as2_behaviors_trajectory_generation' build argument 'cmake_target' from command line to 'None'
[0.218s] Level 5:colcon.colcon_core.verb:set package 'as2_behaviors_trajectory_generation' build argument 'cmake_target_skip_unavailable' from command line to 'False'
[0.218s] Level 5:colcon.colcon_core.verb:set package 'as2_behaviors_trajectory_generation' build argument 'cmake_clean_cache' from command line to 'False'
[0.218s] Level 5:colcon.colcon_core.verb:set package 'as2_behaviors_trajectory_generation' build argument 'cmake_clean_first' from command line to 'False'
[0.218s] Level 5:colcon.colcon_core.verb:set package 'as2_behaviors_trajectory_generation' build argument 'cmake_force_configure' from command line to 'False'
[0.218s] Level 5:colcon.colcon_core.verb:set package 'as2_behaviors_trajectory_generation' build argument 'ament_cmake_args' from command line to 'None'
[0.218s] Level 5:colcon.colcon_core.verb:set package 'as2_behaviors_trajectory_generation' build argument 'catkin_cmake_args' from command line to 'None'
[0.218s] Level 5:colcon.colcon_core.verb:set package 'as2_behaviors_trajectory_generation' build argument 'catkin_skip_building_tests' from command line to 'False'
[0.218s] DEBUG:colcon.colcon_core.verb:Building package 'as2_behaviors_trajectory_generation' with the following arguments: {'ament_cmake_args': None, 'build_base': '/home/developer/aerostack2_ws/build/as2_behaviors_trajectory_generation', 'catkin_cmake_args': None, 'catkin_skip_building_tests': False, 'cmake_args': None, 'cmake_clean_cache': False, 'cmake_clean_first': False, 'cmake_force_configure': False, 'cmake_target': None, 'cmake_target_skip_unavailable': False, 'install_base': '/home/developer/aerostack2_ws/install/as2_behaviors_trajectory_generation', 'merge_install': False, 'path': '/home/developer/aerostack2_ws/src/aerostack2-tcc_lucca/as2_behaviors/as2_behaviors_trajectory_generation', 'symlink_install': True, 'test_result_base': None}
[0.218s] Level 5:colcon.colcon_core.verb:set package 'as2_motion_controller' build argument 'cmake_args' from command line to 'None'
[0.218s] Level 5:colcon.colcon_core.verb:set package 'as2_motion_controller' build argument 'cmake_target' from command line to 'None'
[0.218s] Level 5:colcon.colcon_core.verb:set package 'as2_motion_controller' build argument 'cmake_target_skip_unavailable' from command line to 'False'
[0.218s] Level 5:colcon.colcon_core.verb:set package 'as2_motion_controller' build argument 'cmake_clean_cache' from command line to 'False'
[0.218s] Level 5:colcon.colcon_core.verb:set package 'as2_motion_controller' build argument 'cmake_clean_first' from command line to 'False'
[0.218s] Level 5:colcon.colcon_core.verb:set package 'as2_motion_controller' build argument 'cmake_force_configure' from command line to 'False'
[0.218s] Level 5:colcon.colcon_core.verb:set package 'as2_motion_controller' build argument 'ament_cmake_args' from command line to 'None'
[0.218s] Level 5:colcon.colcon_core.verb:set package 'as2_motion_controller' build argument 'catkin_cmake_args' from command line to 'None'
[0.218s] Level 5:colcon.colcon_core.verb:set package 'as2_motion_controller' build argument 'catkin_skip_building_tests' from command line to 'False'
[0.218s] DEBUG:colcon.colcon_core.verb:Building package 'as2_motion_controller' with the following arguments: {'ament_cmake_args': None, 'build_base': '/home/developer/aerostack2_ws/build/as2_motion_controller', 'catkin_cmake_args': None, 'catkin_skip_building_tests': False, 'cmake_args': None, 'cmake_clean_cache': False, 'cmake_clean_first': False, 'cmake_force_configure': False, 'cmake_target': None, 'cmake_target_skip_unavailable': False, 'install_base': '/home/developer/aerostack2_ws/install/as2_motion_controller', 'merge_install': False, 'path': '/home/developer/aerostack2_ws/src/aerostack2-tcc_lucca/as2_motion_controller', 'symlink_install': True, 'test_result_base': None}
[0.218s] Level 5:colcon.colcon_core.verb:set package 'as2_platform_gazebo' build argument 'cmake_args' from command line to 'None'
[0.218s] Level 5:colcon.colcon_core.verb:set package 'as2_platform_gazebo' build argument 'cmake_target' from command line to 'None'
[0.218s] Level 5:colcon.colcon_core.verb:set package 'as2_platform_gazebo' build argument 'cmake_target_skip_unavailable' from command line to 'False'
[0.218s] Level 5:colcon.colcon_core.verb:set package 'as2_platform_gazebo' build argument 'cmake_clean_cache' from command line to 'False'
[0.218s] Level 5:colcon.colcon_core.verb:set package 'as2_platform_gazebo' build argument 'cmake_clean_first' from command line to 'False'
[0.218s] Level 5:colcon.colcon_core.verb:set package 'as2_platform_gazebo' build argument 'cmake_force_configure' from command line to 'False'
[0.219s] Level 5:colcon.colcon_core.verb:set package 'as2_platform_gazebo' build argument 'ament_cmake_args' from command line to 'None'
[0.219s] Level 5:colcon.colcon_core.verb:set package 'as2_platform_gazebo' build argument 'catkin_cmake_args' from command line to 'None'
[0.219s] Level 5:colcon.colcon_core.verb:set package 'as2_platform_gazebo' build argument 'catkin_skip_building_tests' from command line to 'False'
[0.219s] DEBUG:colcon.colcon_core.verb:Building package 'as2_platform_gazebo' with the following arguments: {'ament_cmake_args': None, 'build_base': '/home/developer/aerostack2_ws/build/as2_platform_gazebo', 'catkin_cmake_args': None, 'catkin_skip_building_tests': False, 'cmake_args': None, 'cmake_clean_cache': False, 'cmake_clean_first': False, 'cmake_force_configure': False, 'cmake_target': None, 'cmake_target_skip_unavailable': False, 'install_base': '/home/developer/aerostack2_ws/install/as2_platform_gazebo', 'merge_install': False, 'path': '/home/developer/aerostack2_ws/src/aerostack2-tcc_lucca/as2_aerial_platforms/as2_platform_gazebo', 'symlink_install': True, 'test_result_base': None}
[0.219s] Level 5:colcon.colcon_core.verb:set package 'as2_python_api' build argument 'cmake_args' from command line to 'None'
[0.219s] Level 5:colcon.colcon_core.verb:set package 'as2_python_api' build argument 'cmake_target' from command line to 'None'
[0.219s] Level 5:colcon.colcon_core.verb:set package 'as2_python_api' build argument 'cmake_target_skip_unavailable' from command line to 'False'
[0.219s] Level 5:colcon.colcon_core.verb:set package 'as2_python_api' build argument 'cmake_clean_cache' from command line to 'False'
[0.219s] Level 5:colcon.colcon_core.verb:set package 'as2_python_api' build argument 'cmake_clean_first' from command line to 'False'
[0.219s] Level 5:colcon.colcon_core.verb:set package 'as2_python_api' build argument 'cmake_force_configure' from command line to 'False'
[0.219s] Level 5:colcon.colcon_core.verb:set package 'as2_python_api' build argument 'ament_cmake_args' from command line to 'None'
[0.219s] Level 5:colcon.colcon_core.verb:set package 'as2_python_api' build argument 'catkin_cmake_args' from command line to 'None'
[0.219s] Level 5:colcon.colcon_core.verb:set package 'as2_python_api' build argument 'catkin_skip_building_tests' from command line to 'False'
[0.219s] DEBUG:colcon.colcon_core.verb:Building package 'as2_python_api' with the following arguments: {'ament_cmake_args': None, 'build_base': '/home/developer/aerostack2_ws/build/as2_python_api', 'catkin_cmake_args': None, 'catkin_skip_building_tests': False, 'cmake_args': None, 'cmake_clean_cache': False, 'cmake_clean_first': False, 'cmake_force_configure': False, 'cmake_target': None, 'cmake_target_skip_unavailable': False, 'install_base': '/home/developer/aerostack2_ws/install/as2_python_api', 'merge_install': False, 'path': '/home/developer/aerostack2_ws/src/aerostack2-tcc_lucca/as2_python_api', 'symlink_install': True, 'test_result_base': None}
[0.219s] Level 5:colcon.colcon_core.verb:set package 'as2_rviz_plugins' build argument 'cmake_args' from command line to 'None'
[0.219s] Level 5:colcon.colcon_core.verb:set package 'as2_rviz_plugins' build argument 'cmake_target' from command line to 'None'
[0.219s] Level 5:colcon.colcon_core.verb:set package 'as2_rviz_plugins' build argument 'cmake_target_skip_unavailable' from command line to 'False'
[0.219s] Level 5:colcon.colcon_core.verb:set package 'as2_rviz_plugins' build argument 'cmake_clean_cache' from command line to 'False'
[0.219s] Level 5:colcon.colcon_core.verb:set package 'as2_rviz_plugins' build argument 'cmake_clean_first' from command line to 'False'
[0.219s] Level 5:colcon.colcon_core.verb:set package 'as2_rviz_plugins' build argument 'cmake_force_configure' from command line to 'False'
[0.219s] Level 5:colcon.colcon_core.verb:set package 'as2_rviz_plugins' build argument 'ament_cmake_args' from command line to 'None'
[0.219s] Level 5:colcon.colcon_core.verb:set package 'as2_rviz_plugins' build argument 'catkin_cmake_args' from command line to 'None'
[0.219s] Level 5:colcon.colcon_core.verb:set package 'as2_rviz_plugins' build argument 'catkin_skip_building_tests' from command line to 'False'
[0.219s] DEBUG:colcon.colcon_core.verb:Building package 'as2_rviz_plugins' with the following arguments: {'ament_cmake_args': None, 'build_base': '/home/developer/aerostack2_ws/build/as2_rviz_plugins', 'catkin_cmake_args': None, 'catkin_skip_building_tests': False, 'cmake_args': None, 'cmake_clean_cache': False, 'cmake_clean_first': False, 'cmake_force_configure': False, 'cmake_target': None, 'cmake_target_skip_unavailable': False, 'install_base': '/home/developer/aerostack2_ws/install/as2_rviz_plugins', 'merge_install': False, 'path': '/home/developer/aerostack2_ws/src/aerostack2-tcc_lucca/as2_user_interfaces/as2_visualization/as2_rviz_plugins', 'symlink_install': True, 'test_result_base': None}
[0.219s] Level 5:colcon.colcon_core.verb:set package 'as2_visualization' build argument 'cmake_args' from command line to 'None'
[0.219s] Level 5:colcon.colcon_core.verb:set package 'as2_visualization' build argument 'cmake_target' from command line to 'None'
[0.219s] Level 5:colcon.colcon_core.verb:set package 'as2_visualization' build argument 'cmake_target_skip_unavailable' from command line to 'False'
[0.219s] Level 5:colcon.colcon_core.verb:set package 'as2_visualization' build argument 'cmake_clean_cache' from command line to 'False'
[0.219s] Level 5:colcon.colcon_core.verb:set package 'as2_visualization' build argument 'cmake_clean_first' from command line to 'False'
[0.219s] Level 5:colcon.colcon_core.verb:set package 'as2_visualization' build argument 'cmake_force_configure' from command line to 'False'
[0.219s] Level 5:colcon.colcon_core.verb:set package 'as2_visualization' build argument 'ament_cmake_args' from command line to 'None'
[0.219s] Level 5:colcon.colcon_core.verb:set package 'as2_visualization' build argument 'catkin_cmake_args' from command line to 'None'
[0.219s] Level 5:colcon.colcon_core.verb:set package 'as2_visualization' build argument 'catkin_skip_building_tests' from command line to 'False'
[0.219s] DEBUG:colcon.colcon_core.verb:Building package 'as2_visualization' with the following arguments: {'ament_cmake_args': None, 'build_base': '/home/developer/aerostack2_ws/build/as2_visualization', 'catkin_cmake_args': None, 'catkin_skip_building_tests': False, 'cmake_args': None, 'cmake_clean_cache': False, 'cmake_clean_first': False, 'cmake_force_configure': False, 'cmake_target': None, 'cmake_target_skip_unavailable': False, 'install_base': '/home/developer/aerostack2_ws/install/as2_visualization', 'merge_install': False, 'path': '/home/developer/aerostack2_ws/src/aerostack2-tcc_lucca/as2_user_interfaces/as2_visualization/as2_visualization', 'symlink_install': True, 'test_result_base': None}
[0.219s] Level 5:colcon.colcon_core.verb:set package 'as2_keyboard_teleoperation' build argument 'cmake_args' from command line to 'None'
[0.219s] Level 5:colcon.colcon_core.verb:set package 'as2_keyboard_teleoperation' build argument 'cmake_target' from command line to 'None'
[0.219s] Level 5:colcon.colcon_core.verb:set package 'as2_keyboard_teleoperation' build argument 'cmake_target_skip_unavailable' from command line to 'False'
[0.219s] Level 5:colcon.colcon_core.verb:set package 'as2_keyboard_teleoperation' build argument 'cmake_clean_cache' from command line to 'False'
[0.219s] Level 5:colcon.colcon_core.verb:set package 'as2_keyboard_teleoperation' build argument 'cmake_clean_first' from command line to 'False'
[0.219s] Level 5:colcon.colcon_core.verb:set package 'as2_keyboard_teleoperation' build argument 'cmake_force_configure' from command line to 'False'
[0.219s] Level 5:colcon.colcon_core.verb:set package 'as2_keyboard_teleoperation' build argument 'ament_cmake_args' from command line to 'None'
[0.219s] Level 5:colcon.colcon_core.verb:set package 'as2_keyboard_teleoperation' build argument 'catkin_cmake_args' from command line to 'None'
[0.219s] Level 5:colcon.colcon_core.verb:set package 'as2_keyboard_teleoperation' build argument 'catkin_skip_building_tests' from command line to 'False'
[0.219s] DEBUG:colcon.colcon_core.verb:Building package 'as2_keyboard_teleoperation' with the following arguments: {'ament_cmake_args': None, 'build_base': '/home/developer/aerostack2_ws/build/as2_keyboard_teleoperation', 'catkin_cmake_args': None, 'catkin_skip_building_tests': False, 'cmake_args': None, 'cmake_clean_cache': False, 'cmake_clean_first': False, 'cmake_force_configure': False, 'cmake_target': None, 'cmake_target_skip_unavailable': False, 'install_base': '/home/developer/aerostack2_ws/install/as2_keyboard_teleoperation', 'merge_install': False, 'path': '/home/developer/aerostack2_ws/src/aerostack2-tcc_lucca/as2_user_interfaces/as2_keyboard_teleoperation', 'symlink_install': True, 'test_result_base': None}
[0.220s] Level 5:colcon.colcon_core.verb:set package 'aerostack2' build argument 'cmake_args' from command line to 'None'
[0.220s] Level 5:colcon.colcon_core.verb:set package 'aerostack2' build argument 'cmake_target' from command line to 'None'
[0.220s] Level 5:colcon.colcon_core.verb:set package 'aerostack2' build argument 'cmake_target_skip_unavailable' from command line to 'False'
[0.220s] Level 5:colcon.colcon_core.verb:set package 'aerostack2' build argument 'cmake_clean_cache' from command line to 'False'
[0.220s] Level 5:colcon.colcon_core.verb:set package 'aerostack2' build argument 'cmake_clean_first' from command line to 'False'
[0.220s] Level 5:colcon.colcon_core.verb:set package 'aerostack2' build argument 'cmake_force_configure' from command line to 'False'
[0.220s] Level 5:colcon.colcon_core.verb:set package 'aerostack2' build argument 'ament_cmake_args' from command line to 'None'
[0.220s] Level 5:colcon.colcon_core.verb:set package 'aerostack2' build argument 'catkin_cmake_args' from command line to 'None'
[0.220s] Level 5:colcon.colcon_core.verb:set package 'aerostack2' build argument 'catkin_skip_building_tests' from command line to 'False'
[0.220s] DEBUG:colcon.colcon_core.verb:Building package 'aerostack2' with the following arguments: {'ament_cmake_args': None, 'build_base': '/home/developer/aerostack2_ws/build/aerostack2', 'catkin_cmake_args': None, 'catkin_skip_building_tests': False, 'cmake_args': None, 'cmake_clean_cache': False, 'cmake_clean_first': False, 'cmake_force_configure': False, 'cmake_target': None, 'cmake_target_skip_unavailable': False, 'install_base': '/home/developer/aerostack2_ws/install/aerostack2', 'merge_install': False, 'path': '/home/developer/aerostack2_ws/src/aerostack2-tcc_lucca/aerostack2', 'symlink_install': True, 'test_result_base': None}
[0.220s] INFO:colcon.colcon_core.executor:Executing jobs using 'parallel' executor
[0.220s] DEBUG:colcon.colcon_parallel_executor.executor.parallel:run_until_complete
[0.221s] INFO:colcon.colcon_ros.task.ament_cmake.build:Building ROS package in '/home/developer/aerostack2_ws/src/aerostack2-tcc_lucca/as2_msgs' with build type 'ament_cmake'
[0.221s] INFO:colcon.colcon_cmake.task.cmake.build:Building CMake package in '/home/developer/aerostack2_ws/src/aerostack2-tcc_lucca/as2_msgs'
[0.222s] INFO:colcon.colcon_core.plugin_system:Skipping extension 'colcon_core.shell.bat': Not used on non-Windows systems
[0.223s] INFO:colcon.colcon_core.shell:Skip shell extension 'powershell' for command environment: Not usable outside of PowerShell
[0.223s] DEBUG:colcon.colcon_core.shell:Skip shell extension 'dsv' for command environment
[0.225s] INFO:colcon.colcon_ros.task.ament_cmake.build:Building ROS package in '/home/developer/aerostack2_ws/src/aerostack2-tcc_lucca/as2_cli' with build type 'ament_cmake'
[0.225s] INFO:colcon.colcon_cmake.task.cmake.build:Building CMake package in '/home/developer/aerostack2_ws/src/aerostack2-tcc_lucca/as2_cli'
[0.225s] INFO:colcon.colcon_core.shell:Skip shell extension 'powershell' for command environment: Not usable outside of PowerShell
[0.225s] DEBUG:colcon.colcon_core.shell:Skip shell extension 'dsv' for command environment
[0.230s] DEBUG:colcon.colcon_core.event_handler.log_command:Invoking command in '/home/developer/aerostack2_ws/build/as2_msgs': CMAKE_PREFIX_PATH=/opt/ros/humble /usr/bin/cmake --build /home/developer/aerostack2_ws/build/as2_msgs -- -j20 -l20
[0.231s] DEBUG:colcon.colcon_core.event_handler.log_command:Invoking command in '/home/developer/aerostack2_ws/build/as2_cli': CMAKE_PREFIX_PATH=/opt/ros/humble /usr/bin/cmake --build /home/developer/aerostack2_ws/build/as2_cli -- -j20 -l20
[0.258s] DEBUG:colcon.colcon_core.event_handler.log_command:Invoked command in '/home/developer/aerostack2_ws/build/as2_cli' returned '0': CMAKE_PREFIX_PATH=/opt/ros/humble /usr/bin/cmake --build /home/developer/aerostack2_ws/build/as2_cli -- -j20 -l20
[0.264s] DEBUG:colcon.colcon_core.event_handler.log_command:Invoking command in '/home/developer/aerostack2_ws/build/as2_cli': CMAKE_PREFIX_PATH=/opt/ros/humble /usr/bin/cmake --install /home/developer/aerostack2_ws/build/as2_cli
[0.277s] Level 1:colcon.colcon_core.environment:create_environment_scripts_only(as2_cli)
[0.277s] DEBUG:colcon.colcon_core.event_handler.log_command:Invoked command in '/home/developer/aerostack2_ws/build/as2_cli' returned '0': CMAKE_PREFIX_PATH=/opt/ros/humble /usr/bin/cmake --install /home/developer/aerostack2_ws/build/as2_cli
[0.279s] Level 1:colcon.colcon_core.environment:checking '/home/developer/aerostack2_ws/install/as2_cli' for CMake module files
[0.280s] Level 1:colcon.colcon_core.environment:checking '/home/developer/aerostack2_ws/install/as2_cli' for CMake config files
[0.280s] Level 1:colcon.colcon_core.shell:create_environment_hook('as2_cli', 'cmake_prefix_path')
[0.280s] INFO:colcon.colcon_core.shell:Creating environment hook '/home/developer/aerostack2_ws/install/as2_cli/share/as2_cli/hook/cmake_prefix_path.ps1'
[0.281s] INFO:colcon.colcon_core.shell:Creating environment descriptor '/home/developer/aerostack2_ws/install/as2_cli/share/as2_cli/hook/cmake_prefix_path.dsv'
[0.281s] INFO:colcon.colcon_core.shell:Creating environment hook '/home/developer/aerostack2_ws/install/as2_cli/share/as2_cli/hook/cmake_prefix_path.sh'
[0.282s] Level 1:colcon.colcon_core.environment:checking '/home/developer/aerostack2_ws/install/as2_cli/bin'
[0.282s] Level 1:colcon.colcon_core.environment:checking '/home/developer/aerostack2_ws/install/as2_cli/lib/pkgconfig/as2_cli.pc'
[0.283s] Level 1:colcon.colcon_core.environment:checking '/home/developer/aerostack2_ws/install/as2_cli/lib/python3.10/site-packages'
[0.283s] Level 1:colcon.colcon_core.environment:checking '/home/developer/aerostack2_ws/install/as2_cli/bin'
[0.283s] INFO:colcon.colcon_core.shell:Creating package script '/home/developer/aerostack2_ws/install/as2_cli/share/as2_cli/package.ps1'
[0.284s] INFO:colcon.colcon_core.shell:Creating package descriptor '/home/developer/aerostack2_ws/install/as2_cli/share/as2_cli/package.dsv'
[0.284s] INFO:colcon.colcon_core.shell:Creating package script '/home/developer/aerostack2_ws/install/as2_cli/share/as2_cli/package.sh'
[0.285s] INFO:colcon.colcon_core.shell:Creating package script '/home/developer/aerostack2_ws/install/as2_cli/share/as2_cli/package.bash'
[0.285s] INFO:colcon.colcon_core.shell:Creating package script '/home/developer/aerostack2_ws/install/as2_cli/share/as2_cli/package.zsh'
[0.285s] Level 1:colcon.colcon_core.environment:create_file_with_runtime_dependencies(/home/developer/aerostack2_ws/install/as2_cli/share/colcon-core/packages/as2_cli)
[0.286s] Level 1:colcon.colcon_core.environment:create_environment_scripts_only(as2_cli)
[0.286s] Level 1:colcon.colcon_core.environment:checking '/home/developer/aerostack2_ws/install/as2_cli' for CMake module files
[0.286s] Level 1:colcon.colcon_core.environment:checking '/home/developer/aerostack2_ws/install/as2_cli' for CMake config files
[0.286s] Level 1:colcon.colcon_core.shell:create_environment_hook('as2_cli', 'cmake_prefix_path')
[0.286s] INFO:colcon.colcon_core.shell:Creating environment hook '/home/developer/aerostack2_ws/install/as2_cli/share/as2_cli/hook/cmake_prefix_path.ps1'
[0.286s] INFO:colcon.colcon_core.shell:Creating environment descriptor '/home/developer/aerostack2_ws/install/as2_cli/share/as2_cli/hook/cmake_prefix_path.dsv'
[0.286s] INFO:colcon.colcon_core.shell:Creating environment hook '/home/developer/aerostack2_ws/install/as2_cli/share/as2_cli/hook/cmake_prefix_path.sh'
[0.287s] Level 1:colcon.colcon_core.environment:checking '/home/developer/aerostack2_ws/install/as2_cli/bin'
[0.287s] Level 1:colcon.colcon_core.environment:checking '/home/developer/aerostack2_ws/install/as2_cli/lib/pkgconfig/as2_cli.pc'
[0.287s] Level 1:colcon.colcon_core.environment:checking '/home/developer/aerostack2_ws/install/as2_cli/lib/python3.10/site-packages'
[0.287s] Level 1:colcon.colcon_core.environment:checking '/home/developer/aerostack2_ws/install/as2_cli/bin'
[0.287s] INFO:colcon.colcon_core.shell:Creating package script '/home/developer/aerostack2_ws/install/as2_cli/share/as2_cli/package.ps1'
[0.287s] INFO:colcon.colcon_core.shell:Creating package descriptor '/home/developer/aerostack2_ws/install/as2_cli/share/as2_cli/package.dsv'
[0.288s] INFO:colcon.colcon_core.shell:Creating package script '/home/developer/aerostack2_ws/install/as2_cli/share/as2_cli/package.sh'
[0.288s] INFO:colcon.colcon_core.shell:Creating package script '/home/developer/aerostack2_ws/install/as2_cli/share/as2_cli/package.bash'
[0.288s] INFO:colcon.colcon_core.shell:Creating package script '/home/developer/aerostack2_ws/install/as2_cli/share/as2_cli/package.zsh'
[0.288s] Level 1:colcon.colcon_core.environment:create_file_with_runtime_dependencies(/home/developer/aerostack2_ws/install/as2_cli/share/colcon-core/packages/as2_cli)
[0.465s] DEBUG:colcon.colcon_core.event_handler.log_command:Invoked command in '/home/developer/aerostack2_ws/build/as2_msgs' returned '0': CMAKE_PREFIX_PATH=/opt/ros/humble /usr/bin/cmake --build /home/developer/aerostack2_ws/build/as2_msgs -- -j20 -l20
[0.466s] DEBUG:colcon.colcon_core.event_handler.log_command:Invoking command in '/home/developer/aerostack2_ws/build/as2_msgs': CMAKE_PREFIX_PATH=/opt/ros/humble /usr/bin/cmake --install /home/developer/aerostack2_ws/build/as2_msgs
[0.571s] Level 1:colcon.colcon_core.environment:create_environment_scripts_only(as2_msgs)
[0.572s] Level 1:colcon.colcon_core.environment:checking '/home/developer/aerostack2_ws/install/as2_msgs' for CMake module files
[0.572s] DEBUG:colcon.colcon_core.event_handler.log_command:Invoked command in '/home/developer/aerostack2_ws/build/as2_msgs' returned '0': CMAKE_PREFIX_PATH=/opt/ros/humble /usr/bin/cmake --install /home/developer/aerostack2_ws/build/as2_msgs
[0.572s] Level 1:colcon.colcon_core.environment:checking '/home/developer/aerostack2_ws/install/as2_msgs' for CMake config files
[0.576s] Level 1:colcon.colcon_core.shell:create_environment_hook('as2_msgs', 'cmake_prefix_path')
[0.576s] INFO:colcon.colcon_core.shell:Creating environment hook '/home/developer/aerostack2_ws/install/as2_msgs/share/as2_msgs/hook/cmake_prefix_path.ps1'
[0.577s] INFO:colcon.colcon_core.shell:Creating environment descriptor '/home/developer/aerostack2_ws/install/as2_msgs/share/as2_msgs/hook/cmake_prefix_path.dsv'
[0.577s] INFO:colcon.colcon_core.shell:Creating environment hook '/home/developer/aerostack2_ws/install/as2_msgs/share/as2_msgs/hook/cmake_prefix_path.sh'
[0.577s] Level 1:colcon.colcon_core.environment:checking '/home/developer/aerostack2_ws/install/as2_msgs/lib'
[0.577s] Level 1:colcon.colcon_core.shell:create_environment_hook('as2_msgs', 'ld_library_path_lib')
[0.577s] INFO:colcon.colcon_core.shell:Creating environment hook '/home/developer/aerostack2_ws/install/as2_msgs/share/as2_msgs/hook/ld_library_path_lib.ps1'
[0.578s] INFO:colcon.colcon_core.shell:Creating environment descriptor '/home/developer/aerostack2_ws/install/as2_msgs/share/as2_msgs/hook/ld_library_path_lib.dsv'
[0.578s] INFO:colcon.colcon_core.shell:Creating environment hook '/home/developer/aerostack2_ws/install/as2_msgs/share/as2_msgs/hook/ld_library_path_lib.sh'
[0.578s] Level 1:colcon.colcon_core.environment:checking '/home/developer/aerostack2_ws/install/as2_msgs/bin'
[0.578s] Level 1:colcon.colcon_core.environment:checking '/home/developer/aerostack2_ws/install/as2_msgs/lib/pkgconfig/as2_msgs.pc'
[0.578s] Level 1:colcon.colcon_core.environment:checking '/home/developer/aerostack2_ws/install/as2_msgs/lib/python3.10/site-packages'
[0.578s] Level 1:colcon.colcon_core.environment:checking '/home/developer/aerostack2_ws/install/as2_msgs/bin'
[0.578s] INFO:colcon.colcon_core.shell:Creating package script '/home/developer/aerostack2_ws/install/as2_msgs/share/as2_msgs/package.ps1'
[0.579s] INFO:colcon.colcon_core.shell:Creating package descriptor '/home/developer/aerostack2_ws/install/as2_msgs/share/as2_msgs/package.dsv'
[0.579s] INFO:colcon.colcon_core.shell:Creating package script '/home/developer/aerostack2_ws/install/as2_msgs/share/as2_msgs/package.sh'
[0.579s] INFO:colcon.colcon_core.shell:Creating package script '/home/developer/aerostack2_ws/install/as2_msgs/share/as2_msgs/package.bash'
[0.579s] INFO:colcon.colcon_core.shell:Creating package script '/home/developer/aerostack2_ws/install/as2_msgs/share/as2_msgs/package.zsh'
[0.580s] Level 1:colcon.colcon_core.environment:create_file_with_runtime_dependencies(/home/developer/aerostack2_ws/install/as2_msgs/share/colcon-core/packages/as2_msgs)
[0.580s] Level 1:colcon.colcon_core.environment:create_environment_scripts_only(as2_msgs)
[0.580s] Level 1:colcon.colcon_core.environment:checking '/home/developer/aerostack2_ws/install/as2_msgs' for CMake module files
[0.580s] Level 1:colcon.colcon_core.environment:checking '/home/developer/aerostack2_ws/install/as2_msgs' for CMake config files
[0.584s] Level 1:colcon.colcon_core.shell:create_environment_hook('as2_msgs', 'cmake_prefix_path')
[0.584s] INFO:colcon.colcon_core.shell:Creating environment hook '/home/developer/aerostack2_ws/install/as2_msgs/share/as2_msgs/hook/cmake_prefix_path.ps1'
[0.584s] INFO:colcon.colcon_core.shell:Creating environment descriptor '/home/developer/aerostack2_ws/install/as2_msgs/share/as2_msgs/hook/cmake_prefix_path.dsv'
[0.584s] INFO:colcon.colcon_core.shell:Creating environment hook '/home/developer/aerostack2_ws/install/as2_msgs/share/as2_msgs/hook/cmake_prefix_path.sh'
[0.584s] Level 1:colcon.colcon_core.environment:checking '/home/developer/aerostack2_ws/install/as2_msgs/lib'
[0.584s] Level 1:colcon.colcon_core.shell:create_environment_hook('as2_msgs', 'ld_library_path_lib')
[0.584s] INFO:colcon.colcon_core.shell:Creating environment hook '/home/developer/aerostack2_ws/install/as2_msgs/share/as2_msgs/hook/ld_library_path_lib.ps1'
[0.585s] INFO:colcon.colcon_core.shell:Creating environment descriptor '/home/developer/aerostack2_ws/install/as2_msgs/share/as2_msgs/hook/ld_library_path_lib.dsv'
[0.585s] INFO:colcon.colcon_core.shell:Creating environment hook '/home/developer/aerostack2_ws/install/as2_msgs/share/as2_msgs/hook/ld_library_path_lib.sh'
[0.585s] Level 1:colcon.colcon_core.environment:checking '/home/developer/aerostack2_ws/install/as2_msgs/bin'
[0.585s] Level 1:colcon.colcon_core.environment:checking '/home/developer/aerostack2_ws/install/as2_msgs/lib/pkgconfig/as2_msgs.pc'
[0.585s] Level 1:colcon.colcon_core.environment:checking '/home/developer/aerostack2_ws/install/as2_msgs/lib/python3.10/site-packages'
[0.585s] Level 1:colcon.colcon_core.environment:checking '/home/developer/aerostack2_ws/install/as2_msgs/bin'
[0.585s] INFO:colcon.colcon_core.shell:Creating package script '/home/developer/aerostack2_ws/install/as2_msgs/share/as2_msgs/package.ps1'
[0.586s] INFO:colcon.colcon_core.shell:Creating package descriptor '/home/developer/aerostack2_ws/install/as2_msgs/share/as2_msgs/package.dsv'
[0.586s] INFO:colcon.colcon_core.shell:Creating package script '/home/developer/aerostack2_ws/install/as2_msgs/share/as2_msgs/package.sh'
[0.586s] INFO:colcon.colcon_core.shell:Creating package script '/home/developer/aerostack2_ws/install/as2_msgs/share/as2_msgs/package.bash'
[0.586s] INFO:colcon.colcon_core.shell:Creating package script '/home/developer/aerostack2_ws/install/as2_msgs/share/as2_msgs/package.zsh'
[0.586s] Level 1:colcon.colcon_core.environment:create_file_with_runtime_dependencies(/home/developer/aerostack2_ws/install/as2_msgs/share/colcon-core/packages/as2_msgs)
[0.587s] INFO:colcon.colcon_ros.task.ament_cmake.build:Building ROS package in '/home/developer/aerostack2_ws/src/aerostack2-tcc_lucca/as2_core' with build type 'ament_cmake'
[0.587s] INFO:colcon.colcon_cmake.task.cmake.build:Building CMake package in '/home/developer/aerostack2_ws/src/aerostack2-tcc_lucca/as2_core'
[0.587s] INFO:colcon.colcon_core.shell:Skip shell extension 'powershell' for command environment: Not usable outside of PowerShell
[0.587s] DEBUG:colcon.colcon_core.shell:Skip shell extension 'dsv' for command environment
[0.593s] DEBUG:colcon.colcon_core.event_handler.log_command:Invoking command in '/home/developer/aerostack2_ws/build/as2_core': AMENT_PREFIX_PATH=/home/developer/aerostack2_ws/install/as2_msgs:${AMENT_PREFIX_PATH} CMAKE_PREFIX_PATH=/home/developer/aerostack2_ws/install/as2_msgs:/opt/ros/humble LD_LIBRARY_PATH=/home/developer/aerostack2_ws/install/as2_msgs/lib:${LD_LIBRARY_PATH} PYTHONPATH=/home/developer/aerostack2_ws/install/as2_msgs/local/lib/python3.10/dist-packages:${PYTHONPATH} /usr/bin/cmake --build /home/developer/aerostack2_ws/build/as2_core -- -j20 -l20
[0.788s] DEBUG:colcon.colcon_core.event_handler.log_command:Invoked command in '/home/developer/aerostack2_ws/build/as2_core' returned '0': AMENT_PREFIX_PATH=/home/developer/aerostack2_ws/install/as2_msgs:${AMENT_PREFIX_PATH} CMAKE_PREFIX_PATH=/home/developer/aerostack2_ws/install/as2_msgs:/opt/ros/humble LD_LIBRARY_PATH=/home/developer/aerostack2_ws/install/as2_msgs/lib:${LD_LIBRARY_PATH} PYTHONPATH=/home/developer/aerostack2_ws/install/as2_msgs/local/lib/python3.10/dist-packages:${PYTHONPATH} /usr/bin/cmake --build /home/developer/aerostack2_ws/build/as2_core -- -j20 -l20
[0.789s] DEBUG:colcon.colcon_core.event_handler.log_command:Invoking command in '/home/developer/aerostack2_ws/build/as2_core': AMENT_PREFIX_PATH=/home/developer/aerostack2_ws/install/as2_msgs:${AMENT_PREFIX_PATH} CMAKE_PREFIX_PATH=/home/developer/aerostack2_ws/install/as2_msgs:/opt/ros/humble LD_LIBRARY_PATH=/home/developer/aerostack2_ws/install/as2_msgs/lib:${LD_LIBRARY_PATH} PYTHONPATH=/home/developer/aerostack2_ws/install/as2_msgs/local/lib/python3.10/dist-packages:${PYTHONPATH} /usr/bin/cmake --install /home/developer/aerostack2_ws/build/as2_core
[0.826s] Level 1:colcon.colcon_core.environment:create_environment_scripts_only(as2_core)
[0.826s] Level 1:colcon.colcon_core.environment:checking '/home/developer/aerostack2_ws/install/as2_core' for CMake module files
[0.826s] DEBUG:colcon.colcon_core.event_handler.log_command:Invoked command in '/home/developer/aerostack2_ws/build/as2_core' returned '0': AMENT_PREFIX_PATH=/home/developer/aerostack2_ws/install/as2_msgs:${AMENT_PREFIX_PATH} CMAKE_PREFIX_PATH=/home/developer/aerostack2_ws/install/as2_msgs:/opt/ros/humble LD_LIBRARY_PATH=/home/developer/aerostack2_ws/install/as2_msgs/lib:${LD_LIBRARY_PATH} PYTHONPATH=/home/developer/aerostack2_ws/install/as2_msgs/local/lib/python3.10/dist-packages:${PYTHONPATH} /usr/bin/cmake --install /home/developer/aerostack2_ws/build/as2_core
[0.826s] Level 1:colcon.colcon_core.environment:checking '/home/developer/aerostack2_ws/install/as2_core' for CMake config files
[0.827s] Level 1:colcon.colcon_core.shell:create_environment_hook('as2_core', 'cmake_prefix_path')
[0.827s] INFO:colcon.colcon_core.shell:Creating environment hook '/home/developer/aerostack2_ws/install/as2_core/share/as2_core/hook/cmake_prefix_path.ps1'
[0.827s] INFO:colcon.colcon_core.shell:Creating environment descriptor '/home/developer/aerostack2_ws/install/as2_core/share/as2_core/hook/cmake_prefix_path.dsv'
[0.827s] INFO:colcon.colcon_core.shell:Creating environment hook '/home/developer/aerostack2_ws/install/as2_core/share/as2_core/hook/cmake_prefix_path.sh'
[0.828s] Level 1:colcon.colcon_core.environment:checking '/home/developer/aerostack2_ws/install/as2_core/lib'
[0.828s] Level 1:colcon.colcon_core.shell:create_environment_hook('as2_core', 'ld_library_path_lib')
[0.828s] INFO:colcon.colcon_core.shell:Creating environment hook '/home/developer/aerostack2_ws/install/as2_core/share/as2_core/hook/ld_library_path_lib.ps1'
[0.828s] INFO:colcon.colcon_core.shell:Creating environment descriptor '/home/developer/aerostack2_ws/install/as2_core/share/as2_core/hook/ld_library_path_lib.dsv'
[0.828s] INFO:colcon.colcon_core.shell:Creating environment hook '/home/developer/aerostack2_ws/install/as2_core/share/as2_core/hook/ld_library_path_lib.sh'
[0.828s] Level 1:colcon.colcon_core.environment:checking '/home/developer/aerostack2_ws/install/as2_core/bin'
[0.828s] Level 1:colcon.colcon_core.environment:checking '/home/developer/aerostack2_ws/install/as2_core/lib/pkgconfig/as2_core.pc'
[0.829s] Level 1:colcon.colcon_core.environment:checking '/home/developer/aerostack2_ws/install/as2_core/lib/python3.10/site-packages'
[0.829s] Level 1:colcon.colcon_core.environment:checking '/home/developer/aerostack2_ws/install/as2_core/bin'
[0.829s] INFO:colcon.colcon_core.shell:Creating package script '/home/developer/aerostack2_ws/install/as2_core/share/as2_core/package.ps1'
[0.829s] INFO:colcon.colcon_core.shell:Creating package descriptor '/home/developer/aerostack2_ws/install/as2_core/share/as2_core/package.dsv'
[0.829s] INFO:colcon.colcon_core.shell:Creating package script '/home/developer/aerostack2_ws/install/as2_core/share/as2_core/package.sh'
[0.830s] INFO:colcon.colcon_core.shell:Creating package script '/home/developer/aerostack2_ws/install/as2_core/share/as2_core/package.bash'
[0.830s] INFO:colcon.colcon_core.shell:Creating package script '/home/developer/aerostack2_ws/install/as2_core/share/as2_core/package.zsh'
[0.830s] Level 1:colcon.colcon_core.environment:create_file_with_runtime_dependencies(/home/developer/aerostack2_ws/install/as2_core/share/colcon-core/packages/as2_core)
[0.830s] Level 1:colcon.colcon_core.environment:create_environment_scripts_only(as2_core)
[0.830s] Level 1:colcon.colcon_core.environment:checking '/home/developer/aerostack2_ws/install/as2_core' for CMake module files
[0.831s] Level 1:colcon.colcon_core.environment:checking '/home/developer/aerostack2_ws/install/as2_core' for CMake config files
[0.831s] Level 1:colcon.colcon_core.shell:create_environment_hook('as2_core', 'cmake_prefix_path')
[0.831s] INFO:colcon.colcon_core.shell:Creating environment hook '/home/developer/aerostack2_ws/install/as2_core/share/as2_core/hook/cmake_prefix_path.ps1'
[0.831s] INFO:colcon.colcon_core.shell:Creating environment descriptor '/home/developer/aerostack2_ws/install/as2_core/share/as2_core/hook/cmake_prefix_path.dsv'
[0.831s] INFO:colcon.colcon_core.shell:Creating environment hook '/home/developer/aerostack2_ws/install/as2_core/share/as2_core/hook/cmake_prefix_path.sh'
[0.832s] Level 1:colcon.colcon_core.environment:checking '/home/developer/aerostack2_ws/install/as2_core/lib'
[0.832s] Level 1:colcon.colcon_core.shell:create_environment_hook('as2_core', 'ld_library_path_lib')
[0.832s] INFO:colcon.colcon_core.shell:Creating environment hook '/home/developer/aerostack2_ws/install/as2_core/share/as2_core/hook/ld_library_path_lib.ps1'
[0.832s] INFO:colcon.colcon_core.shell:Creating environment descriptor '/home/developer/aerostack2_ws/install/as2_core/share/as2_core/hook/ld_library_path_lib.dsv'
[0.832s] INFO:colcon.colcon_core.shell:Creating environment hook '/home/developer/aerostack2_ws/install/as2_core/share/as2_core/hook/ld_library_path_lib.sh'
[0.832s] Level 1:colcon.colcon_core.environment:checking '/home/developer/aerostack2_ws/install/as2_core/bin'
[0.832s] Level 1:colcon.colcon_core.environment:checking '/home/developer/aerostack2_ws/install/as2_core/lib/pkgconfig/as2_core.pc'
[0.833s] Level 1:colcon.colcon_core.environment:checking '/home/developer/aerostack2_ws/install/as2_core/lib/python3.10/site-packages'
[0.833s] Level 1:colcon.colcon_core.environment:checking '/home/developer/aerostack2_ws/install/as2_core/bin'
[0.833s] INFO:colcon.colcon_core.shell:Creating package script '/home/developer/aerostack2_ws/install/as2_core/share/as2_core/package.ps1'
[0.833s] INFO:colcon.colcon_core.shell:Creating package descriptor '/home/developer/aerostack2_ws/install/as2_core/share/as2_core/package.dsv'
[0.833s] INFO:colcon.colcon_core.shell:Creating package script '/home/developer/aerostack2_ws/install/as2_core/share/as2_core/package.sh'
[0.834s] INFO:colcon.colcon_core.shell:Creating package script '/home/developer/aerostack2_ws/install/as2_core/share/as2_core/package.bash'
[0.834s] INFO:colcon.colcon_core.shell:Creating package script '/home/developer/aerostack2_ws/install/as2_core/share/as2_core/package.zsh'
[0.834s] Level 1:colcon.colcon_core.environment:create_file_with_runtime_dependencies(/home/developer/aerostack2_ws/install/as2_core/share/colcon-core/packages/as2_core)
[0.834s] INFO:colcon.colcon_ros.task.ament_cmake.build:Building ROS package in '/home/developer/aerostack2_ws/src/aerostack2-tcc_lucca/as2_behaviors/as2_behavior' with build type 'ament_cmake'
[0.834s] INFO:colcon.colcon_cmake.task.cmake.build:Building CMake package in '/home/developer/aerostack2_ws/src/aerostack2-tcc_lucca/as2_behaviors/as2_behavior'
[0.834s] INFO:colcon.colcon_core.shell:Skip shell extension 'powershell' for command environment: Not usable outside of PowerShell
[0.834s] DEBUG:colcon.colcon_core.shell:Skip shell extension 'dsv' for command environment
[0.836s] INFO:colcon.colcon_ros.task.ament_cmake.build:Building ROS package in '/home/developer/aerostack2_ws/src/aerostack2-tcc_lucca/as2_motion_reference_handlers' with build type 'ament_cmake'
[0.836s] INFO:colcon.colcon_cmake.task.cmake.build:Building CMake package in '/home/developer/aerostack2_ws/src/aerostack2-tcc_lucca/as2_motion_reference_handlers'
[0.836s] INFO:colcon.colcon_core.shell:Skip shell extension 'powershell' for command environment: Not usable outside of PowerShell
[0.836s] DEBUG:colcon.colcon_core.shell:Skip shell extension 'dsv' for command environment
[0.838s] INFO:colcon.colcon_ros.task.ament_cmake.build:Building ROS package in '/home/developer/aerostack2_ws/src/aerostack2-tcc_lucca/as2_simulation_assets/as2_gazebo_assets' with build type 'ament_cmake'
[0.838s] INFO:colcon.colcon_cmake.task.cmake.build:Building CMake package in '/home/developer/aerostack2_ws/src/aerostack2-tcc_lucca/as2_simulation_assets/as2_gazebo_assets'
[0.838s] INFO:colcon.colcon_core.shell:Skip shell extension 'powershell' for command environment: Not usable outside of PowerShell
[0.838s] DEBUG:colcon.colcon_core.shell:Skip shell extension 'dsv' for command environment
[0.841s] INFO:colcon.colcon_ros.task.ament_cmake.build:Building ROS package in '/home/developer/aerostack2_ws/src/aerostack2-tcc_lucca/as2_user_interfaces/as2_alphanumeric_viewer' with build type 'ament_cmake'
[0.841s] INFO:colcon.colcon_cmake.task.cmake.build:Building CMake package in '/home/developer/aerostack2_ws/src/aerostack2-tcc_lucca/as2_user_interfaces/as2_alphanumeric_viewer'
[0.841s] INFO:colcon.colcon_core.shell:Skip shell extension 'powershell' for command environment: Not usable outside of PowerShell
[0.841s] DEBUG:colcon.colcon_core.shell:Skip shell extension 'dsv' for command environment
[0.844s] INFO:colcon.colcon_ros.task.ament_cmake.build:Building ROS package in '/home/developer/aerostack2_ws/src/aerostack2-tcc_lucca/as2_behavior_tree' with build type 'ament_cmake'
[0.844s] INFO:colcon.colcon_cmake.task.cmake.build:Building CMake package in '/home/developer/aerostack2_ws/src/aerostack2-tcc_lucca/as2_behavior_tree'
[0.844s] INFO:colcon.colcon_core.shell:Skip shell extension 'powershell' for command environment: Not usable outside of PowerShell
[0.844s] DEBUG:colcon.colcon_core.shell:Skip shell extension 'dsv' for command environment
[0.847s] INFO:colcon.colcon_ros.task.ament_cmake.build:Building ROS package in '/home/developer/aerostack2_ws/src/aerostack2-tcc_lucca/as2_utilities/as2_external_object_to_tf' with build type 'ament_cmake'
[0.847s] INFO:colcon.colcon_cmake.task.cmake.build:Building CMake package in '/home/developer/aerostack2_ws/src/aerostack2-tcc_lucca/as2_utilities/as2_external_object_to_tf'
[0.848s] INFO:colcon.colcon_core.shell:Skip shell extension 'powershell' for command environment: Not usable outside of PowerShell
[0.848s] DEBUG:colcon.colcon_core.shell:Skip shell extension 'dsv' for command environment
[0.850s] INFO:colcon.colcon_ros.task.ament_cmake.build:Building ROS package in '/home/developer/aerostack2_ws/src/aerostack2-tcc_lucca/as2_utilities/as2_geozones' with build type 'ament_cmake'
[0.850s] INFO:colcon.colcon_cmake.task.cmake.build:Building CMake package in '/home/developer/aerostack2_ws/src/aerostack2-tcc_lucca/as2_utilities/as2_geozones'
[0.851s] INFO:colcon.colcon_core.shell:Skip shell extension 'powershell' for command environment: Not usable outside of PowerShell
[0.851s] DEBUG:colcon.colcon_core.shell:Skip shell extension 'dsv' for command environment
[0.853s] INFO:colcon.colcon_ros.task.ament_cmake.build:Building ROS package in '/home/developer/aerostack2_ws/src/aerostack2-tcc_lucca/as2_map_server' with build type 'ament_cmake'
[0.854s] INFO:colcon.colcon_cmake.task.cmake.build:Building CMake package in '/home/developer/aerostack2_ws/src/aerostack2-tcc_lucca/as2_map_server'
[0.854s] INFO:colcon.colcon_core.shell:Skip shell extension 'powershell' for command environment: Not usable outside of PowerShell
[0.854s] DEBUG:colcon.colcon_core.shell:Skip shell extension 'dsv' for command environment
[0.856s] INFO:colcon.colcon_ros.task.ament_cmake.build:Building ROS package in '/home/developer/aerostack2_ws/src/aerostack2-tcc_lucca/as2_aerial_platforms/as2_platform_multirotor_simulator' with build type 'ament_cmake'
[0.857s] INFO:colcon.colcon_cmake.task.cmake.build:Building CMake package in '/home/developer/aerostack2_ws/src/aerostack2-tcc_lucca/as2_aerial_platforms/as2_platform_multirotor_simulator'
[0.857s] INFO:colcon.colcon_core.shell:Skip shell extension 'powershell' for command environment: Not usable outside of PowerShell
[0.857s] DEBUG:colcon.colcon_core.shell:Skip shell extension 'dsv' for command environment
[0.860s] INFO:colcon.colcon_ros.task.ament_cmake.build:Building ROS package in '/home/developer/aerostack2_ws/src/aerostack2-tcc_lucca/as2_hardware_drivers/as2_realsense_interface' with build type 'ament_cmake'
[0.860s] INFO:colcon.colcon_cmake.task.cmake.build:Building CMake package in '/home/developer/aerostack2_ws/src/aerostack2-tcc_lucca/as2_hardware_drivers/as2_realsense_interface'
[0.860s] INFO:colcon.colcon_core.shell:Skip shell extension 'powershell' for command environment: Not usable outside of PowerShell
[0.860s] DEBUG:colcon.colcon_core.shell:Skip shell extension 'dsv' for command environment
[0.863s] INFO:colcon.colcon_ros.task.ament_cmake.build:Building ROS package in '/home/developer/aerostack2_ws/src/aerostack2-tcc_lucca/as2_state_estimator' with build type 'ament_cmake'
[0.863s] INFO:colcon.colcon_cmake.task.cmake.build:Building CMake package in '/home/developer/aerostack2_ws/src/aerostack2-tcc_lucca/as2_state_estimator'
[0.863s] INFO:colcon.colcon_core.shell:Skip shell extension 'powershell' for command environment: Not usable outside of PowerShell
[0.863s] DEBUG:colcon.colcon_core.shell:Skip shell extension 'dsv' for command environment
[0.866s] INFO:colcon.colcon_ros.task.ament_cmake.build:Building ROS package in '/home/developer/aerostack2_ws/src/aerostack2-tcc_lucca/as2_hardware_drivers/as2_usb_camera_interface' with build type 'ament_cmake'
[0.866s] INFO:colcon.colcon_cmake.task.cmake.build:Building CMake package in '/home/developer/aerostack2_ws/src/aerostack2-tcc_lucca/as2_hardware_drivers/as2_usb_camera_interface'
[0.866s] INFO:colcon.colcon_core.shell:Skip shell extension 'powershell' for command environment: Not usable outside of PowerShell
[0.866s] DEBUG:colcon.colcon_core.shell:Skip shell extension 'dsv' for command environment
[0.871s] DEBUG:colcon.colcon_core.event_handler.log_command:Invoking command in '/home/developer/aerostack2_ws/build/as2_behavior': AMENT_PREFIX_PATH=/home/developer/aerostack2_ws/install/as2_core:/home/developer/aerostack2_ws/install/as2_msgs:${AMENT_PREFIX_PATH} CMAKE_PREFIX_PATH=/home/developer/aerostack2_ws/install/as2_core:/home/developer/aerostack2_ws/install/as2_msgs:/opt/ros/humble LD_LIBRARY_PATH=/home/developer/aerostack2_ws/install/as2_core/lib:/home/developer/aerostack2_ws/install/as2_msgs/lib:${LD_LIBRARY_PATH} PYTHONPATH=/home/developer/aerostack2_ws/install/as2_core/local/lib/python3.10/dist-packages:/home/developer/aerostack2_ws/install/as2_msgs/local/lib/python3.10/dist-packages:${PYTHONPATH} /usr/bin/cmake --build /home/developer/aerostack2_ws/build/as2_behavior -- -j20 -l20
[0.872s] DEBUG:colcon.colcon_core.event_handler.log_command:Invoking command in '/home/developer/aerostack2_ws/build/as2_motion_reference_handlers': AMENT_PREFIX_PATH=/home/developer/aerostack2_ws/install/as2_core:/home/developer/aerostack2_ws/install/as2_msgs:${AMENT_PREFIX_PATH} CMAKE_PREFIX_PATH=/home/developer/aerostack2_ws/install/as2_core:/home/developer/aerostack2_ws/install/as2_msgs:/opt/ros/humble LD_LIBRARY_PATH=/home/developer/aerostack2_ws/install/as2_core/lib:/home/developer/aerostack2_ws/install/as2_msgs/lib:${LD_LIBRARY_PATH} PYTHONPATH=/home/developer/aerostack2_ws/install/as2_core/local/lib/python3.10/dist-packages:/home/developer/aerostack2_ws/install/as2_msgs/local/lib/python3.10/dist-packages:${PYTHONPATH} /usr/bin/cmake --build /home/developer/aerostack2_ws/build/as2_motion_reference_handlers -- -j20 -l20
[0.873s] DEBUG:colcon.colcon_core.event_handler.log_command:Invoking command in '/home/developer/aerostack2_ws/build/as2_gazebo_assets': AMENT_PREFIX_PATH=/home/developer/aerostack2_ws/install/as2_core:/home/developer/aerostack2_ws/install/as2_msgs:${AMENT_PREFIX_PATH} CMAKE_PREFIX_PATH=/home/developer/aerostack2_ws/install/as2_core:/home/developer/aerostack2_ws/install/as2_msgs:/opt/ros/humble LD_LIBRARY_PATH=/home/developer/aerostack2_ws/install/as2_core/lib:/home/developer/aerostack2_ws/install/as2_msgs/lib:${LD_LIBRARY_PATH} PYTHONPATH=/home/developer/aerostack2_ws/install/as2_core/local/lib/python3.10/dist-packages:/home/developer/aerostack2_ws/install/as2_msgs/local/lib/python3.10/dist-packages:${PYTHONPATH} /usr/bin/cmake --build /home/developer/aerostack2_ws/build/as2_gazebo_assets -- -j20 -l20
[0.874s] DEBUG:colcon.colcon_core.event_handler.log_command:Invoking command in '/home/developer/aerostack2_ws/build/as2_alphanumeric_viewer': AMENT_PREFIX_PATH=/home/developer/aerostack2_ws/install/as2_core:/home/developer/aerostack2_ws/install/as2_msgs:${AMENT_PREFIX_PATH} CMAKE_PREFIX_PATH=/home/developer/aerostack2_ws/install/as2_core:/home/developer/aerostack2_ws/install/as2_msgs:/opt/ros/humble LD_LIBRARY_PATH=/home/developer/aerostack2_ws/install/as2_core/lib:/home/developer/aerostack2_ws/install/as2_msgs/lib:${LD_LIBRARY_PATH} PYTHONPATH=/home/developer/aerostack2_ws/install/as2_core/local/lib/python3.10/dist-packages:/home/developer/aerostack2_ws/install/as2_msgs/local/lib/python3.10/dist-packages:${PYTHONPATH} /usr/bin/cmake --build /home/developer/aerostack2_ws/build/as2_alphanumeric_viewer -- -j20 -l20
[0.875s] DEBUG:colcon.colcon_core.event_handler.log_command:Invoking command in '/home/developer/aerostack2_ws/build/as2_behavior_tree': AMENT_PREFIX_PATH=/home/developer/aerostack2_ws/install/as2_core:/home/developer/aerostack2_ws/install/as2_msgs:${AMENT_PREFIX_PATH} CMAKE_PREFIX_PATH=/home/developer/aerostack2_ws/install/as2_core:/home/developer/aerostack2_ws/install/as2_msgs:/opt/ros/humble LD_LIBRARY_PATH=/home/developer/aerostack2_ws/install/as2_core/lib:/home/developer/aerostack2_ws/install/as2_msgs/lib:${LD_LIBRARY_PATH} PYTHONPATH=/home/developer/aerostack2_ws/install/as2_core/local/lib/python3.10/dist-packages:/home/developer/aerostack2_ws/install/as2_msgs/local/lib/python3.10/dist-packages:${PYTHONPATH} /usr/bin/cmake /home/developer/aerostack2_ws/src/aerostack2-tcc_lucca/as2_behavior_tree -DAMENT_CMAKE_SYMLINK_INSTALL=1 -DCMAKE_INSTALL_PREFIX=/home/developer/aerostack2_ws/install/as2_behavior_tree
[0.877s] DEBUG:colcon.colcon_core.event_handler.log_command:Invoking command in '/home/developer/aerostack2_ws/build/as2_external_object_to_tf': AMENT_PREFIX_PATH=/home/developer/aerostack2_ws/install/as2_core:/home/developer/aerostack2_ws/install/as2_msgs:${AMENT_PREFIX_PATH} CMAKE_PREFIX_PATH=/home/developer/aerostack2_ws/install/as2_core:/home/developer/aerostack2_ws/install/as2_msgs:/opt/ros/humble LD_LIBRARY_PATH=/home/developer/aerostack2_ws/install/as2_core/lib:/home/developer/aerostack2_ws/install/as2_msgs/lib:${LD_LIBRARY_PATH} PYTHONPATH=/home/developer/aerostack2_ws/install/as2_core/local/lib/python3.10/dist-packages:/home/developer/aerostack2_ws/install/as2_msgs/local/lib/python3.10/dist-packages:${PYTHONPATH} /usr/bin/cmake --build /home/developer/aerostack2_ws/build/as2_external_object_to_tf -- -j20 -l20
[0.878s] DEBUG:colcon.colcon_core.event_handler.log_command:Invoking command in '/home/developer/aerostack2_ws/build/as2_geozones': AMENT_PREFIX_PATH=/home/developer/aerostack2_ws/install/as2_core:/home/developer/aerostack2_ws/install/as2_msgs:${AMENT_PREFIX_PATH} CMAKE_PREFIX_PATH=/home/developer/aerostack2_ws/install/as2_core:/home/developer/aerostack2_ws/install/as2_msgs:/opt/ros/humble LD_LIBRARY_PATH=/home/developer/aerostack2_ws/install/as2_core/lib:/home/developer/aerostack2_ws/install/as2_msgs/lib:${LD_LIBRARY_PATH} PYTHONPATH=/home/developer/aerostack2_ws/install/as2_core/local/lib/python3.10/dist-packages:/home/developer/aerostack2_ws/install/as2_msgs/local/lib/python3.10/dist-packages:${PYTHONPATH} /usr/bin/cmake --build /home/developer/aerostack2_ws/build/as2_geozones -- -j20 -l20
[0.879s] DEBUG:colcon.colcon_core.event_handler.log_command:Invoking command in '/home/developer/aerostack2_ws/build/as2_map_server': AMENT_PREFIX_PATH=/home/developer/aerostack2_ws/install/as2_core:/home/developer/aerostack2_ws/install/as2_msgs:${AMENT_PREFIX_PATH} CMAKE_PREFIX_PATH=/home/developer/aerostack2_ws/install/as2_core:/home/developer/aerostack2_ws/install/as2_msgs:/opt/ros/humble LD_LIBRARY_PATH=/home/developer/aerostack2_ws/install/as2_core/lib:/home/developer/aerostack2_ws/install/as2_msgs/lib:${LD_LIBRARY_PATH} PYTHONPATH=/home/developer/aerostack2_ws/install/as2_core/local/lib/python3.10/dist-packages:/home/developer/aerostack2_ws/install/as2_msgs/local/lib/python3.10/dist-packages:${PYTHONPATH} /usr/bin/cmake --build /home/developer/aerostack2_ws/build/as2_map_server -- -j20 -l20
[0.881s] DEBUG:colcon.colcon_core.event_handler.log_command:Invoking command in '/home/developer/aerostack2_ws/build/as2_platform_multirotor_simulator': AMENT_PREFIX_PATH=/home/developer/aerostack2_ws/install/as2_core:/home/developer/aerostack2_ws/install/as2_msgs:${AMENT_PREFIX_PATH} CMAKE_PREFIX_PATH=/home/developer/aerostack2_ws/install/as2_core:/home/developer/aerostack2_ws/install/as2_msgs:/opt/ros/humble LD_LIBRARY_PATH=/home/developer/aerostack2_ws/install/as2_core/lib:/home/developer/aerostack2_ws/install/as2_msgs/lib:${LD_LIBRARY_PATH} PYTHONPATH=/home/developer/aerostack2_ws/install/as2_core/local/lib/python3.10/dist-packages:/home/developer/aerostack2_ws/install/as2_msgs/local/lib/python3.10/dist-packages:${PYTHONPATH} /usr/bin/cmake --build /home/developer/aerostack2_ws/build/as2_platform_multirotor_simulator -- -j20 -l20
[0.884s] DEBUG:colcon.colcon_core.event_handler.log_command:Invoking command in '/home/developer/aerostack2_ws/build/as2_realsense_interface': AMENT_PREFIX_PATH=/home/developer/aerostack2_ws/install/as2_core:/home/developer/aerostack2_ws/install/as2_msgs:${AMENT_PREFIX_PATH} CMAKE_PREFIX_PATH=/home/developer/aerostack2_ws/install/as2_core:/home/developer/aerostack2_ws/install/as2_msgs:/opt/ros/humble LD_LIBRARY_PATH=/home/developer/aerostack2_ws/install/as2_core/lib:/home/developer/aerostack2_ws/install/as2_msgs/lib:${LD_LIBRARY_PATH} PYTHONPATH=/home/developer/aerostack2_ws/install/as2_core/local/lib/python3.10/dist-packages:/home/developer/aerostack2_ws/install/as2_msgs/local/lib/python3.10/dist-packages:${PYTHONPATH} /usr/bin/cmake --build /home/developer/aerostack2_ws/build/as2_realsense_interface -- -j20 -l20
[0.889s] DEBUG:colcon.colcon_core.event_handler.log_command:Invoking command in '/home/developer/aerostack2_ws/build/as2_state_estimator': AMENT_PREFIX_PATH=/home/developer/aerostack2_ws/install/as2_core:/home/developer/aerostack2_ws/install/as2_msgs:${AMENT_PREFIX_PATH} CMAKE_PREFIX_PATH=/home/developer/aerostack2_ws/install/as2_core:/home/developer/aerostack2_ws/install/as2_msgs:/opt/ros/humble LD_LIBRARY_PATH=/home/developer/aerostack2_ws/install/as2_core/lib:/home/developer/aerostack2_ws/install/as2_msgs/lib:${LD_LIBRARY_PATH} PYTHONPATH=/home/developer/aerostack2_ws/install/as2_core/local/lib/python3.10/dist-packages:/home/developer/aerostack2_ws/install/as2_msgs/local/lib/python3.10/dist-packages:${PYTHONPATH} /usr/bin/cmake --build /home/developer/aerostack2_ws/build/as2_state_estimator -- -j20 -l20
[0.892s] DEBUG:colcon.colcon_core.event_handler.log_command:Invoking command in '/home/developer/aerostack2_ws/build/as2_usb_camera_interface': AMENT_PREFIX_PATH=/home/developer/aerostack2_ws/install/as2_core:/home/developer/aerostack2_ws/install/as2_msgs:${AMENT_PREFIX_PATH} CMAKE_PREFIX_PATH=/home/developer/aerostack2_ws/install/as2_core:/home/developer/aerostack2_ws/install/as2_msgs:/opt/ros/humble LD_LIBRARY_PATH=/home/developer/aerostack2_ws/install/as2_core/lib:/home/developer/aerostack2_ws/install/as2_msgs/lib:${LD_LIBRARY_PATH} PYTHONPATH=/home/developer/aerostack2_ws/install/as2_core/local/lib/python3.10/dist-packages:/home/developer/aerostack2_ws/install/as2_msgs/local/lib/python3.10/dist-packages:${PYTHONPATH} /usr/bin/cmake --build /home/developer/aerostack2_ws/build/as2_usb_camera_interface -- -j20 -l20
[4.571s] DEBUG:colcon.colcon_core.event_handler.log_command:Invoked command in '/home/developer/aerostack2_ws/build/as2_behavior_tree' returned '0': AMENT_PREFIX_PATH=/home/developer/aerostack2_ws/install/as2_core:/home/developer/aerostack2_ws/install/as2_msgs:${AMENT_PREFIX_PATH} CMAKE_PREFIX_PATH=/home/developer/aerostack2_ws/install/as2_core:/home/developer/aerostack2_ws/install/as2_msgs:/opt/ros/humble LD_LIBRARY_PATH=/home/developer/aerostack2_ws/install/as2_core/lib:/home/developer/aerostack2_ws/install/as2_msgs/lib:${LD_LIBRARY_PATH} PYTHONPATH=/home/developer/aerostack2_ws/install/as2_core/local/lib/python3.10/dist-packages:/home/developer/aerostack2_ws/install/as2_msgs/local/lib/python3.10/dist-packages:${PYTHONPATH} /usr/bin/cmake /home/developer/aerostack2_ws/src/aerostack2-tcc_lucca/as2_behavior_tree -DAMENT_CMAKE_SYMLINK_INSTALL=1 -DCMAKE_INSTALL_PREFIX=/home/developer/aerostack2_ws/install/as2_behavior_tree
[4.572s] DEBUG:colcon.colcon_core.event_handler.log_command:Invoking command in '/home/developer/aerostack2_ws/build/as2_behavior_tree': AMENT_PREFIX_PATH=/home/developer/aerostack2_ws/install/as2_core:/home/developer/aerostack2_ws/install/as2_msgs:${AMENT_PREFIX_PATH} CMAKE_PREFIX_PATH=/home/developer/aerostack2_ws/install/as2_core:/home/developer/aerostack2_ws/install/as2_msgs:/opt/ros/humble LD_LIBRARY_PATH=/home/developer/aerostack2_ws/install/as2_core/lib:/home/developer/aerostack2_ws/install/as2_msgs/lib:${LD_LIBRARY_PATH} PYTHONPATH=/home/developer/aerostack2_ws/install/as2_core/local/lib/python3.10/dist-packages:/home/developer/aerostack2_ws/install/as2_msgs/local/lib/python3.10/dist-packages:${PYTHONPATH} /usr/bin/cmake --build /home/developer/aerostack2_ws/build/as2_behavior_tree -- -j20 -l20
