[0.107s] DEBUG:colcon:Command line arguments: ['/usr/bin/colcon', 'build', '--symlink-install', '--parallel-workers', '1']
[0.107s] DEBUG:colcon:Parsed command line arguments: Namespace(log_base=None, log_level=None, verb_name='build', build_base='build', install_base='install', merge_install=False, symlink_install=True, test_result_base=None, continue_on_error=False, executor='parallel', parallel_workers=1, event_handlers=None, ignore_user_meta=False, metas=['./colcon.meta'], base_paths=['.'], packages_ignore=None, packages_ignore_regex=None, paths=None, packages_up_to=None, packages_up_to_regex=None, packages_above=None, packages_above_and_dependencies=None, packages_above_depth=None, packages_select_by_dep=None, packages_skip_by_dep=None, packages_skip_up_to=None, packages_select_build_failed=False, packages_skip_build_finished=False, packages_select_test_failures=False, packages_skip_test_passed=False, packages_select=None, packages_skip=None, packages_select_regex=None, packages_skip_regex=None, packages_start=None, packages_end=None, cmake_args=None, cmake_target=None, cmake_target_skip_unavailable=False, cmake_clean_cache=False, cmake_clean_first=False, cmake_force_configure=False, ament_cmake_args=None, catkin_cmake_args=None, catkin_skip_building_tests=False, mixin_files=None, mixin=None, verb_parser=<colcon_mixin.mixin.mixin_argument.MixinArgumentDecorator object at 0x79ac944ea5f0>, verb_extension=<colcon_core.verb.build.BuildVerb object at 0x79ac944ea050>, main=<bound method BuildVerb.main of <colcon_core.verb.build.BuildVerb object at 0x79ac944ea050>>, mixin_verb=('build',))
[0.245s] Level 1:colcon.colcon_core.package_discovery:discover_packages(colcon_meta) check parameters
[0.245s] Level 1:colcon.colcon_core.package_discovery:discover_packages(recursive) check parameters
[0.245s] Level 1:colcon.colcon_core.package_discovery:discover_packages(ignore) check parameters
[0.245s] Level 1:colcon.colcon_core.package_discovery:discover_packages(path) check parameters
[0.245s] Level 1:colcon.colcon_core.package_discovery:discover_packages(colcon_meta) discover
[0.245s] Level 1:colcon.colcon_core.package_discovery:discover_packages(recursive) discover
[0.245s] INFO:colcon.colcon_core.package_discovery:Crawling recursively for packages in '/home/developer/aerostack2_ws'
[0.245s] Level 1:colcon.colcon_core.package_identification:_identify(.) by extensions ['ignore', 'ignore_ament_install']
[0.245s] Level 1:colcon.colcon_core.package_identification:_identify(.) by extension 'ignore'
[0.245s] Level 1:colcon.colcon_core.package_identification:_identify(.) by extension 'ignore_ament_install'
[0.245s] Level 1:colcon.colcon_core.package_identification:_identify(.) by extensions ['colcon_pkg']
[0.245s] Level 1:colcon.colcon_core.package_identification:_identify(.) by extension 'colcon_pkg'
[0.245s] Level 1:colcon.colcon_core.package_identification:_identify(.) by extensions ['colcon_meta']
[0.245s] Level 1:colcon.colcon_core.package_identification:_identify(.) by extension 'colcon_meta'
[0.245s] Level 1:colcon.colcon_core.package_identification:_identify(.) by extensions ['ros']
[0.245s] Level 1:colcon.colcon_core.package_identification:_identify(.) by extension 'ros'
[0.251s] Level 1:colcon.colcon_core.package_identification:_identify(.) by extensions ['cmake', 'python']
[0.251s] Level 1:colcon.colcon_core.package_identification:_identify(.) by extension 'cmake'
[0.251s] Level 1:colcon.colcon_core.package_identification:_identify(.) by extension 'python'
[0.251s] Level 1:colcon.colcon_core.package_identification:_identify(.) by extensions ['python_setup_py']
[0.251s] Level 1:colcon.colcon_core.package_identification:_identify(.) by extension 'python_setup_py'
[0.251s] Level 1:colcon.colcon_core.package_identification:_identify(build) by extensions ['ignore', 'ignore_ament_install']
[0.251s] Level 1:colcon.colcon_core.package_identification:_identify(build) by extension 'ignore'
[0.251s] Level 1:colcon.colcon_core.package_identification:_identify(build) ignored
[0.251s] Level 1:colcon.colcon_core.package_identification:_identify(install) by extensions ['ignore', 'ignore_ament_install']
[0.252s] Level 1:colcon.colcon_core.package_identification:_identify(install) by extension 'ignore'
[0.252s] Level 1:colcon.colcon_core.package_identification:_identify(install) ignored
[0.252s] Level 1:colcon.colcon_core.package_identification:_identify(log) by extensions ['ignore', 'ignore_ament_install']
[0.252s] Level 1:colcon.colcon_core.package_identification:_identify(log) by extension 'ignore'
[0.252s] Level 1:colcon.colcon_core.package_identification:_identify(log) ignored
[0.252s] Level 1:colcon.colcon_core.package_identification:_identify(src) by extensions ['ignore', 'ignore_ament_install']
[0.252s] Level 1:colcon.colcon_core.package_identification:_identify(src) by extension 'ignore'
[0.252s] Level 1:colcon.colcon_core.package_identification:_identify(src) by extension 'ignore_ament_install'
[0.252s] Level 1:colcon.colcon_core.package_identification:_identify(src) by extensions ['colcon_pkg']
[0.252s] Level 1:colcon.colcon_core.package_identification:_identify(src) by extension 'colcon_pkg'
[0.252s] Level 1:colcon.colcon_core.package_identification:_identify(src) by extensions ['colcon_meta']
[0.252s] Level 1:colcon.colcon_core.package_identification:_identify(src) by extension 'colcon_meta'
[0.252s] Level 1:colcon.colcon_core.package_identification:_identify(src) by extensions ['ros']
[0.252s] Level 1:colcon.colcon_core.package_identification:_identify(src) by extension 'ros'
[0.252s] Level 1:colcon.colcon_core.package_identification:_identify(src) by extensions ['cmake', 'python']
[0.252s] Level 1:colcon.colcon_core.package_identification:_identify(src) by extension 'cmake'
[0.252s] Level 1:colcon.colcon_core.package_identification:_identify(src) by extension 'python'
[0.252s] Level 1:colcon.colcon_core.package_identification:_identify(src) by extensions ['python_setup_py']
[0.252s] Level 1:colcon.colcon_core.package_identification:_identify(src) by extension 'python_setup_py'
[0.252s] Level 1:colcon.colcon_core.package_identification:_identify(src/aerostack2-tcc_lucca) by extensions ['ignore', 'ignore_ament_install']
[0.252s] Level 1:colcon.colcon_core.package_identification:_identify(src/aerostack2-tcc_lucca) by extension 'ignore'
[0.252s] Level 1:colcon.colcon_core.package_identification:_identify(src/aerostack2-tcc_lucca) by extension 'ignore_ament_install'
[0.252s] Level 1:colcon.colcon_core.package_identification:_identify(src/aerostack2-tcc_lucca) by extensions ['colcon_pkg']
[0.252s] Level 1:colcon.colcon_core.package_identification:_identify(src/aerostack2-tcc_lucca) by extension 'colcon_pkg'
[0.252s] Level 1:colcon.colcon_core.package_identification:_identify(src/aerostack2-tcc_lucca) by extensions ['colcon_meta']
[0.252s] Level 1:colcon.colcon_core.package_identification:_identify(src/aerostack2-tcc_lucca) by extension 'colcon_meta'
[0.252s] Level 1:colcon.colcon_core.package_identification:_identify(src/aerostack2-tcc_lucca) by extensions ['ros']
[0.252s] Level 1:colcon.colcon_core.package_identification:_identify(src/aerostack2-tcc_lucca) by extension 'ros'
[0.252s] Level 1:colcon.colcon_core.package_identification:_identify(src/aerostack2-tcc_lucca) by extensions ['cmake', 'python']
[0.252s] Level 1:colcon.colcon_core.package_identification:_identify(src/aerostack2-tcc_lucca) by extension 'cmake'
[0.252s] Level 1:colcon.colcon_core.package_identification:_identify(src/aerostack2-tcc_lucca) by extension 'python'
[0.252s] Level 1:colcon.colcon_core.package_identification:_identify(src/aerostack2-tcc_lucca) by extensions ['python_setup_py']
[0.252s] Level 1:colcon.colcon_core.package_identification:_identify(src/aerostack2-tcc_lucca) by extension 'python_setup_py'
[0.253s] Level 1:colcon.colcon_core.package_identification:_identify(src/aerostack2-tcc_lucca/aerostack2) by extensions ['ignore', 'ignore_ament_install']
[0.253s] Level 1:colcon.colcon_core.package_identification:_identify(src/aerostack2-tcc_lucca/aerostack2) by extension 'ignore'
[0.253s] Level 1:colcon.colcon_core.package_identification:_identify(src/aerostack2-tcc_lucca/aerostack2) by extension 'ignore_ament_install'
[0.253s] Level 1:colcon.colcon_core.package_identification:_identify(src/aerostack2-tcc_lucca/aerostack2) by extensions ['colcon_pkg']
[0.253s] Level 1:colcon.colcon_core.package_identification:_identify(src/aerostack2-tcc_lucca/aerostack2) by extension 'colcon_pkg'
[0.253s] Level 1:colcon.colcon_core.package_identification:_identify(src/aerostack2-tcc_lucca/aerostack2) by extensions ['colcon_meta']
[0.253s] Level 1:colcon.colcon_core.package_identification:_identify(src/aerostack2-tcc_lucca/aerostack2) by extension 'colcon_meta'
[0.253s] Level 1:colcon.colcon_core.package_identification:_identify(src/aerostack2-tcc_lucca/aerostack2) by extensions ['ros']
[0.253s] Level 1:colcon.colcon_core.package_identification:_identify(src/aerostack2-tcc_lucca/aerostack2) by extension 'ros'
[0.254s] DEBUG:colcon.colcon_core.package_identification:Package 'src/aerostack2-tcc_lucca/aerostack2' with type 'ros.ament_cmake' and name 'aerostack2'
[0.255s] Level 1:colcon.colcon_core.package_identification:_identify(src/aerostack2-tcc_lucca/as2_aerial_platforms) by extensions ['ignore', 'ignore_ament_install']
[0.255s] Level 1:colcon.colcon_core.package_identification:_identify(src/aerostack2-tcc_lucca/as2_aerial_platforms) by extension 'ignore'
[0.255s] Level 1:colcon.colcon_core.package_identification:_identify(src/aerostack2-tcc_lucca/as2_aerial_platforms) by extension 'ignore_ament_install'
[0.255s] Level 1:colcon.colcon_core.package_identification:_identify(src/aerostack2-tcc_lucca/as2_aerial_platforms) by extensions ['colcon_pkg']
[0.255s] Level 1:colcon.colcon_core.package_identification:_identify(src/aerostack2-tcc_lucca/as2_aerial_platforms) by extension 'colcon_pkg'
[0.255s] Level 1:colcon.colcon_core.package_identification:_identify(src/aerostack2-tcc_lucca/as2_aerial_platforms) by extensions ['colcon_meta']
[0.255s] Level 1:colcon.colcon_core.package_identification:_identify(src/aerostack2-tcc_lucca/as2_aerial_platforms) by extension 'colcon_meta'
[0.255s] Level 1:colcon.colcon_core.package_identification:_identify(src/aerostack2-tcc_lucca/as2_aerial_platforms) by extensions ['ros']
[0.255s] Level 1:colcon.colcon_core.package_identification:_identify(src/aerostack2-tcc_lucca/as2_aerial_platforms) by extension 'ros'
[0.255s] Level 1:colcon.colcon_core.package_identification:_identify(src/aerostack2-tcc_lucca/as2_aerial_platforms) by extensions ['cmake', 'python']
[0.255s] Level 1:colcon.colcon_core.package_identification:_identify(src/aerostack2-tcc_lucca/as2_aerial_platforms) by extension 'cmake'
[0.255s] Level 1:colcon.colcon_core.package_identification:_identify(src/aerostack2-tcc_lucca/as2_aerial_platforms) by extension 'python'
[0.255s] Level 1:colcon.colcon_core.package_identification:_identify(src/aerostack2-tcc_lucca/as2_aerial_platforms) by extensions ['python_setup_py']
[0.255s] Level 1:colcon.colcon_core.package_identification:_identify(src/aerostack2-tcc_lucca/as2_aerial_platforms) by extension 'python_setup_py'
[0.255s] Level 1:colcon.colcon_core.package_identification:_identify(src/aerostack2-tcc_lucca/as2_aerial_platforms/as2_platform_gazebo) by extensions ['ignore', 'ignore_ament_install']
[0.255s] Level 1:colcon.colcon_core.package_identification:_identify(src/aerostack2-tcc_lucca/as2_aerial_platforms/as2_platform_gazebo) by extension 'ignore'
[0.255s] Level 1:colcon.colcon_core.package_identification:_identify(src/aerostack2-tcc_lucca/as2_aerial_platforms/as2_platform_gazebo) by extension 'ignore_ament_install'
[0.255s] Level 1:colcon.colcon_core.package_identification:_identify(src/aerostack2-tcc_lucca/as2_aerial_platforms/as2_platform_gazebo) by extensions ['colcon_pkg']
[0.255s] Level 1:colcon.colcon_core.package_identification:_identify(src/aerostack2-tcc_lucca/as2_aerial_platforms/as2_platform_gazebo) by extension 'colcon_pkg'
[0.255s] Level 1:colcon.colcon_core.package_identification:_identify(src/aerostack2-tcc_lucca/as2_aerial_platforms/as2_platform_gazebo) by extensions ['colcon_meta']
[0.255s] Level 1:colcon.colcon_core.package_identification:_identify(src/aerostack2-tcc_lucca/as2_aerial_platforms/as2_platform_gazebo) by extension 'colcon_meta'
[0.255s] Level 1:colcon.colcon_core.package_identification:_identify(src/aerostack2-tcc_lucca/as2_aerial_platforms/as2_platform_gazebo) by extensions ['ros']
[0.255s] Level 1:colcon.colcon_core.package_identification:_identify(src/aerostack2-tcc_lucca/as2_aerial_platforms/as2_platform_gazebo) by extension 'ros'
[0.256s] DEBUG:colcon.colcon_core.package_identification:Package 'src/aerostack2-tcc_lucca/as2_aerial_platforms/as2_platform_gazebo' with type 'ros.ament_cmake' and name 'as2_platform_gazebo'
[0.256s] Level 1:colcon.colcon_core.package_identification:_identify(src/aerostack2-tcc_lucca/as2_aerial_platforms/as2_platform_multirotor_simulator) by extensions ['ignore', 'ignore_ament_install']
[0.256s] Level 1:colcon.colcon_core.package_identification:_identify(src/aerostack2-tcc_lucca/as2_aerial_platforms/as2_platform_multirotor_simulator) by extension 'ignore'
[0.256s] Level 1:colcon.colcon_core.package_identification:_identify(src/aerostack2-tcc_lucca/as2_aerial_platforms/as2_platform_multirotor_simulator) by extension 'ignore_ament_install'
[0.256s] Level 1:colcon.colcon_core.package_identification:_identify(src/aerostack2-tcc_lucca/as2_aerial_platforms/as2_platform_multirotor_simulator) by extensions ['colcon_pkg']
[0.256s] Level 1:colcon.colcon_core.package_identification:_identify(src/aerostack2-tcc_lucca/as2_aerial_platforms/as2_platform_multirotor_simulator) by extension 'colcon_pkg'
[0.256s] Level 1:colcon.colcon_core.package_identification:_identify(src/aerostack2-tcc_lucca/as2_aerial_platforms/as2_platform_multirotor_simulator) by extensions ['colcon_meta']
[0.256s] Level 1:colcon.colcon_core.package_identification:_identify(src/aerostack2-tcc_lucca/as2_aerial_platforms/as2_platform_multirotor_simulator) by extension 'colcon_meta'
[0.256s] Level 1:colcon.colcon_core.package_identification:_identify(src/aerostack2-tcc_lucca/as2_aerial_platforms/as2_platform_multirotor_simulator) by extensions ['ros']
[0.256s] Level 1:colcon.colcon_core.package_identification:_identify(src/aerostack2-tcc_lucca/as2_aerial_platforms/as2_platform_multirotor_simulator) by extension 'ros'
[0.257s] DEBUG:colcon.colcon_core.package_identification:Package 'src/aerostack2-tcc_lucca/as2_aerial_platforms/as2_platform_multirotor_simulator' with type 'ros.ament_cmake' and name 'as2_platform_multirotor_simulator'
[0.257s] Level 1:colcon.colcon_core.package_identification:_identify(src/aerostack2-tcc_lucca/as2_behavior_tree) by extensions ['ignore', 'ignore_ament_install']
[0.257s] Level 1:colcon.colcon_core.package_identification:_identify(src/aerostack2-tcc_lucca/as2_behavior_tree) by extension 'ignore'
[0.257s] Level 1:colcon.colcon_core.package_identification:_identify(src/aerostack2-tcc_lucca/as2_behavior_tree) by extension 'ignore_ament_install'
[0.257s] Level 1:colcon.colcon_core.package_identification:_identify(src/aerostack2-tcc_lucca/as2_behavior_tree) by extensions ['colcon_pkg']
[0.257s] Level 1:colcon.colcon_core.package_identification:_identify(src/aerostack2-tcc_lucca/as2_behavior_tree) by extension 'colcon_pkg'
[0.257s] Level 1:colcon.colcon_core.package_identification:_identify(src/aerostack2-tcc_lucca/as2_behavior_tree) by extensions ['colcon_meta']
[0.257s] Level 1:colcon.colcon_core.package_identification:_identify(src/aerostack2-tcc_lucca/as2_behavior_tree) by extension 'colcon_meta'
[0.257s] Level 1:colcon.colcon_core.package_identification:_identify(src/aerostack2-tcc_lucca/as2_behavior_tree) by extensions ['ros']
[0.257s] Level 1:colcon.colcon_core.package_identification:_identify(src/aerostack2-tcc_lucca/as2_behavior_tree) by extension 'ros'
[0.257s] DEBUG:colcon.colcon_core.package_identification:Package 'src/aerostack2-tcc_lucca/as2_behavior_tree' with type 'ros.ament_cmake' and name 'as2_behavior_tree'
[0.257s] Level 1:colcon.colcon_core.package_identification:_identify(src/aerostack2-tcc_lucca/as2_behaviors) by extensions ['ignore', 'ignore_ament_install']
[0.257s] Level 1:colcon.colcon_core.package_identification:_identify(src/aerostack2-tcc_lucca/as2_behaviors) by extension 'ignore'
[0.258s] Level 1:colcon.colcon_core.package_identification:_identify(src/aerostack2-tcc_lucca/as2_behaviors) by extension 'ignore_ament_install'
[0.258s] Level 1:colcon.colcon_core.package_identification:_identify(src/aerostack2-tcc_lucca/as2_behaviors) by extensions ['colcon_pkg']
[0.258s] Level 1:colcon.colcon_core.package_identification:_identify(src/aerostack2-tcc_lucca/as2_behaviors) by extension 'colcon_pkg'
[0.258s] Level 1:colcon.colcon_core.package_identification:_identify(src/aerostack2-tcc_lucca/as2_behaviors) by extensions ['colcon_meta']
[0.258s] Level 1:colcon.colcon_core.package_identification:_identify(src/aerostack2-tcc_lucca/as2_behaviors) by extension 'colcon_meta'
[0.258s] Level 1:colcon.colcon_core.package_identification:_identify(src/aerostack2-tcc_lucca/as2_behaviors) by extensions ['ros']
[0.258s] Level 1:colcon.colcon_core.package_identification:_identify(src/aerostack2-tcc_lucca/as2_behaviors) by extension 'ros'
[0.258s] Level 1:colcon.colcon_core.package_identification:_identify(src/aerostack2-tcc_lucca/as2_behaviors) by extensions ['cmake', 'python']
[0.258s] Level 1:colcon.colcon_core.package_identification:_identify(src/aerostack2-tcc_lucca/as2_behaviors) by extension 'cmake'
[0.258s] Level 1:colcon.colcon_core.package_identification:_identify(src/aerostack2-tcc_lucca/as2_behaviors) by extension 'python'
[0.258s] Level 1:colcon.colcon_core.package_identification:_identify(src/aerostack2-tcc_lucca/as2_behaviors) by extensions ['python_setup_py']
[0.258s] Level 1:colcon.colcon_core.package_identification:_identify(src/aerostack2-tcc_lucca/as2_behaviors) by extension 'python_setup_py'
[0.258s] Level 1:colcon.colcon_core.package_identification:_identify(src/aerostack2-tcc_lucca/as2_behaviors/as2_behavior) by extensions ['ignore', 'ignore_ament_install']
[0.258s] Level 1:colcon.colcon_core.package_identification:_identify(src/aerostack2-tcc_lucca/as2_behaviors/as2_behavior) by extension 'ignore'
[0.258s] Level 1:colcon.colcon_core.package_identification:_identify(src/aerostack2-tcc_lucca/as2_behaviors/as2_behavior) by extension 'ignore_ament_install'
[0.258s] Level 1:colcon.colcon_core.package_identification:_identify(src/aerostack2-tcc_lucca/as2_behaviors/as2_behavior) by extensions ['colcon_pkg']
[0.258s] Level 1:colcon.colcon_core.package_identification:_identify(src/aerostack2-tcc_lucca/as2_behaviors/as2_behavior) by extension 'colcon_pkg'
[0.258s] Level 1:colcon.colcon_core.package_identification:_identify(src/aerostack2-tcc_lucca/as2_behaviors/as2_behavior) by extensions ['colcon_meta']
[0.258s] Level 1:colcon.colcon_core.package_identification:_identify(src/aerostack2-tcc_lucca/as2_behaviors/as2_behavior) by extension 'colcon_meta'
[0.258s] Level 1:colcon.colcon_core.package_identification:_identify(src/aerostack2-tcc_lucca/as2_behaviors/as2_behavior) by extensions ['ros']
[0.258s] Level 1:colcon.colcon_core.package_identification:_identify(src/aerostack2-tcc_lucca/as2_behaviors/as2_behavior) by extension 'ros'
[0.258s] DEBUG:colcon.colcon_core.package_identification:Package 'src/aerostack2-tcc_lucca/as2_behaviors/as2_behavior' with type 'ros.ament_cmake' and name 'as2_behavior'
[0.259s] Level 1:colcon.colcon_core.package_identification:_identify(src/aerostack2-tcc_lucca/as2_behaviors/as2_behaviors_motion) by extensions ['ignore', 'ignore_ament_install']
[0.259s] Level 1:colcon.colcon_core.package_identification:_identify(src/aerostack2-tcc_lucca/as2_behaviors/as2_behaviors_motion) by extension 'ignore'
[0.259s] Level 1:colcon.colcon_core.package_identification:_identify(src/aerostack2-tcc_lucca/as2_behaviors/as2_behaviors_motion) by extension 'ignore_ament_install'
[0.259s] Level 1:colcon.colcon_core.package_identification:_identify(src/aerostack2-tcc_lucca/as2_behaviors/as2_behaviors_motion) by extensions ['colcon_pkg']
[0.259s] Level 1:colcon.colcon_core.package_identification:_identify(src/aerostack2-tcc_lucca/as2_behaviors/as2_behaviors_motion) by extension 'colcon_pkg'
[0.259s] Level 1:colcon.colcon_core.package_identification:_identify(src/aerostack2-tcc_lucca/as2_behaviors/as2_behaviors_motion) by extensions ['colcon_meta']
[0.259s] Level 1:colcon.colcon_core.package_identification:_identify(src/aerostack2-tcc_lucca/as2_behaviors/as2_behaviors_motion) by extension 'colcon_meta'
[0.259s] Level 1:colcon.colcon_core.package_identification:_identify(src/aerostack2-tcc_lucca/as2_behaviors/as2_behaviors_motion) by extensions ['ros']
[0.259s] Level 1:colcon.colcon_core.package_identification:_identify(src/aerostack2-tcc_lucca/as2_behaviors/as2_behaviors_motion) by extension 'ros'
[0.259s] DEBUG:colcon.colcon_core.package_identification:Package 'src/aerostack2-tcc_lucca/as2_behaviors/as2_behaviors_motion' with type 'ros.ament_cmake' and name 'as2_behaviors_motion'
[0.259s] Level 1:colcon.colcon_core.package_identification:_identify(src/aerostack2-tcc_lucca/as2_behaviors/as2_behaviors_param_estimation) by extensions ['ignore', 'ignore_ament_install']
[0.259s] Level 1:colcon.colcon_core.package_identification:_identify(src/aerostack2-tcc_lucca/as2_behaviors/as2_behaviors_param_estimation) by extension 'ignore'
[0.259s] Level 1:colcon.colcon_core.package_identification:_identify(src/aerostack2-tcc_lucca/as2_behaviors/as2_behaviors_param_estimation) by extension 'ignore_ament_install'
[0.259s] Level 1:colcon.colcon_core.package_identification:_identify(src/aerostack2-tcc_lucca/as2_behaviors/as2_behaviors_param_estimation) by extensions ['colcon_pkg']
[0.259s] Level 1:colcon.colcon_core.package_identification:_identify(src/aerostack2-tcc_lucca/as2_behaviors/as2_behaviors_param_estimation) by extension 'colcon_pkg'
[0.259s] Level 1:colcon.colcon_core.package_identification:_identify(src/aerostack2-tcc_lucca/as2_behaviors/as2_behaviors_param_estimation) by extensions ['colcon_meta']
[0.259s] Level 1:colcon.colcon_core.package_identification:_identify(src/aerostack2-tcc_lucca/as2_behaviors/as2_behaviors_param_estimation) by extension 'colcon_meta'
[0.260s] Level 1:colcon.colcon_core.package_identification:_identify(src/aerostack2-tcc_lucca/as2_behaviors/as2_behaviors_param_estimation) by extensions ['ros']
[0.260s] Level 1:colcon.colcon_core.package_identification:_identify(src/aerostack2-tcc_lucca/as2_behaviors/as2_behaviors_param_estimation) by extension 'ros'
[0.260s] DEBUG:colcon.colcon_core.package_identification:Package 'src/aerostack2-tcc_lucca/as2_behaviors/as2_behaviors_param_estimation' with type 'ros.ament_cmake' and name 'as2_behaviors_param_estimation'
[0.260s] Level 1:colcon.colcon_core.package_identification:_identify(src/aerostack2-tcc_lucca/as2_behaviors/as2_behaviors_path_planning) by extensions ['ignore', 'ignore_ament_install']
[0.260s] Level 1:colcon.colcon_core.package_identification:_identify(src/aerostack2-tcc_lucca/as2_behaviors/as2_behaviors_path_planning) by extension 'ignore'
[0.260s] Level 1:colcon.colcon_core.package_identification:_identify(src/aerostack2-tcc_lucca/as2_behaviors/as2_behaviors_path_planning) by extension 'ignore_ament_install'
[0.260s] Level 1:colcon.colcon_core.package_identification:_identify(src/aerostack2-tcc_lucca/as2_behaviors/as2_behaviors_path_planning) by extensions ['colcon_pkg']
[0.260s] Level 1:colcon.colcon_core.package_identification:_identify(src/aerostack2-tcc_lucca/as2_behaviors/as2_behaviors_path_planning) by extension 'colcon_pkg'
[0.260s] Level 1:colcon.colcon_core.package_identification:_identify(src/aerostack2-tcc_lucca/as2_behaviors/as2_behaviors_path_planning) by extensions ['colcon_meta']
[0.260s] Level 1:colcon.colcon_core.package_identification:_identify(src/aerostack2-tcc_lucca/as2_behaviors/as2_behaviors_path_planning) by extension 'colcon_meta'
[0.260s] Level 1:colcon.colcon_core.package_identification:_identify(src/aerostack2-tcc_lucca/as2_behaviors/as2_behaviors_path_planning) by extensions ['ros']
[0.260s] Level 1:colcon.colcon_core.package_identification:_identify(src/aerostack2-tcc_lucca/as2_behaviors/as2_behaviors_path_planning) by extension 'ros'
[0.261s] DEBUG:colcon.colcon_core.package_identification:Package 'src/aerostack2-tcc_lucca/as2_behaviors/as2_behaviors_path_planning' with type 'ros.ament_cmake' and name 'as2_behaviors_path_planning'
[0.261s] Level 1:colcon.colcon_core.package_identification:_identify(src/aerostack2-tcc_lucca/as2_behaviors/as2_behaviors_payload) by extensions ['ignore', 'ignore_ament_install']
[0.261s] Level 1:colcon.colcon_core.package_identification:_identify(src/aerostack2-tcc_lucca/as2_behaviors/as2_behaviors_payload) by extension 'ignore'
[0.261s] Level 1:colcon.colcon_core.package_identification:_identify(src/aerostack2-tcc_lucca/as2_behaviors/as2_behaviors_payload) by extension 'ignore_ament_install'
[0.261s] Level 1:colcon.colcon_core.package_identification:_identify(src/aerostack2-tcc_lucca/as2_behaviors/as2_behaviors_payload) by extensions ['colcon_pkg']
[0.261s] Level 1:colcon.colcon_core.package_identification:_identify(src/aerostack2-tcc_lucca/as2_behaviors/as2_behaviors_payload) by extension 'colcon_pkg'
[0.261s] Level 1:colcon.colcon_core.package_identification:_identify(src/aerostack2-tcc_lucca/as2_behaviors/as2_behaviors_payload) by extensions ['colcon_meta']
[0.261s] Level 1:colcon.colcon_core.package_identification:_identify(src/aerostack2-tcc_lucca/as2_behaviors/as2_behaviors_payload) by extension 'colcon_meta'
[0.261s] Level 1:colcon.colcon_core.package_identification:_identify(src/aerostack2-tcc_lucca/as2_behaviors/as2_behaviors_payload) by extensions ['ros']
[0.261s] Level 1:colcon.colcon_core.package_identification:_identify(src/aerostack2-tcc_lucca/as2_behaviors/as2_behaviors_payload) by extension 'ros'
[0.262s] DEBUG:colcon.colcon_core.package_identification:Package 'src/aerostack2-tcc_lucca/as2_behaviors/as2_behaviors_payload' with type 'ros.ament_cmake' and name 'as2_behaviors_payload'
[0.262s] Level 1:colcon.colcon_core.package_identification:_identify(src/aerostack2-tcc_lucca/as2_behaviors/as2_behaviors_perception) by extensions ['ignore', 'ignore_ament_install']
[0.262s] Level 1:colcon.colcon_core.package_identification:_identify(src/aerostack2-tcc_lucca/as2_behaviors/as2_behaviors_perception) by extension 'ignore'
[0.262s] Level 1:colcon.colcon_core.package_identification:_identify(src/aerostack2-tcc_lucca/as2_behaviors/as2_behaviors_perception) by extension 'ignore_ament_install'
[0.262s] Level 1:colcon.colcon_core.package_identification:_identify(src/aerostack2-tcc_lucca/as2_behaviors/as2_behaviors_perception) by extensions ['colcon_pkg']
[0.262s] Level 1:colcon.colcon_core.package_identification:_identify(src/aerostack2-tcc_lucca/as2_behaviors/as2_behaviors_perception) by extension 'colcon_pkg'
[0.262s] Level 1:colcon.colcon_core.package_identification:_identify(src/aerostack2-tcc_lucca/as2_behaviors/as2_behaviors_perception) by extensions ['colcon_meta']
[0.262s] Level 1:colcon.colcon_core.package_identification:_identify(src/aerostack2-tcc_lucca/as2_behaviors/as2_behaviors_perception) by extension 'colcon_meta'
[0.262s] Level 1:colcon.colcon_core.package_identification:_identify(src/aerostack2-tcc_lucca/as2_behaviors/as2_behaviors_perception) by extensions ['ros']
[0.262s] Level 1:colcon.colcon_core.package_identification:_identify(src/aerostack2-tcc_lucca/as2_behaviors/as2_behaviors_perception) by extension 'ros'
[0.263s] DEBUG:colcon.colcon_core.package_identification:Package 'src/aerostack2-tcc_lucca/as2_behaviors/as2_behaviors_perception' with type 'ros.ament_cmake' and name 'as2_behaviors_perception'
[0.264s] Level 1:colcon.colcon_core.package_identification:_identify(src/aerostack2-tcc_lucca/as2_behaviors/as2_behaviors_platform) by extensions ['ignore', 'ignore_ament_install']
[0.264s] Level 1:colcon.colcon_core.package_identification:_identify(src/aerostack2-tcc_lucca/as2_behaviors/as2_behaviors_platform) by extension 'ignore'
[0.264s] Level 1:colcon.colcon_core.package_identification:_identify(src/aerostack2-tcc_lucca/as2_behaviors/as2_behaviors_platform) by extension 'ignore_ament_install'
[0.264s] Level 1:colcon.colcon_core.package_identification:_identify(src/aerostack2-tcc_lucca/as2_behaviors/as2_behaviors_platform) by extensions ['colcon_pkg']
[0.264s] Level 1:colcon.colcon_core.package_identification:_identify(src/aerostack2-tcc_lucca/as2_behaviors/as2_behaviors_platform) by extension 'colcon_pkg'
[0.264s] Level 1:colcon.colcon_core.package_identification:_identify(src/aerostack2-tcc_lucca/as2_behaviors/as2_behaviors_platform) by extensions ['colcon_meta']
[0.264s] Level 1:colcon.colcon_core.package_identification:_identify(src/aerostack2-tcc_lucca/as2_behaviors/as2_behaviors_platform) by extension 'colcon_meta'
[0.264s] Level 1:colcon.colcon_core.package_identification:_identify(src/aerostack2-tcc_lucca/as2_behaviors/as2_behaviors_platform) by extensions ['ros']
[0.264s] Level 1:colcon.colcon_core.package_identification:_identify(src/aerostack2-tcc_lucca/as2_behaviors/as2_behaviors_platform) by extension 'ros'
[0.264s] DEBUG:colcon.colcon_core.package_identification:Package 'src/aerostack2-tcc_lucca/as2_behaviors/as2_behaviors_platform' with type 'ros.ament_cmake' and name 'as2_behaviors_platform'
[0.264s] Level 1:colcon.colcon_core.package_identification:_identify(src/aerostack2-tcc_lucca/as2_behaviors/as2_behaviors_swarm_flocking) by extensions ['ignore', 'ignore_ament_install']
[0.264s] Level 1:colcon.colcon_core.package_identification:_identify(src/aerostack2-tcc_lucca/as2_behaviors/as2_behaviors_swarm_flocking) by extension 'ignore'
[0.264s] Level 1:colcon.colcon_core.package_identification:_identify(src/aerostack2-tcc_lucca/as2_behaviors/as2_behaviors_swarm_flocking) by extension 'ignore_ament_install'
[0.264s] Level 1:colcon.colcon_core.package_identification:_identify(src/aerostack2-tcc_lucca/as2_behaviors/as2_behaviors_swarm_flocking) by extensions ['colcon_pkg']
[0.264s] Level 1:colcon.colcon_core.package_identification:_identify(src/aerostack2-tcc_lucca/as2_behaviors/as2_behaviors_swarm_flocking) by extension 'colcon_pkg'
[0.264s] Level 1:colcon.colcon_core.package_identification:_identify(src/aerostack2-tcc_lucca/as2_behaviors/as2_behaviors_swarm_flocking) by extensions ['colcon_meta']
[0.264s] Level 1:colcon.colcon_core.package_identification:_identify(src/aerostack2-tcc_lucca/as2_behaviors/as2_behaviors_swarm_flocking) by extension 'colcon_meta'
[0.264s] Level 1:colcon.colcon_core.package_identification:_identify(src/aerostack2-tcc_lucca/as2_behaviors/as2_behaviors_swarm_flocking) by extensions ['ros']
[0.264s] Level 1:colcon.colcon_core.package_identification:_identify(src/aerostack2-tcc_lucca/as2_behaviors/as2_behaviors_swarm_flocking) by extension 'ros'
[0.265s] DEBUG:colcon.colcon_core.package_identification:Package 'src/aerostack2-tcc_lucca/as2_behaviors/as2_behaviors_swarm_flocking' with type 'ros.ament_cmake' and name 'as2_behaviors_swarm_flocking'
[0.265s] Level 1:colcon.colcon_core.package_identification:_identify(src/aerostack2-tcc_lucca/as2_behaviors/as2_behaviors_trajectory_generation) by extensions ['ignore', 'ignore_ament_install']
[0.265s] Level 1:colcon.colcon_core.package_identification:_identify(src/aerostack2-tcc_lucca/as2_behaviors/as2_behaviors_trajectory_generation) by extension 'ignore'
[0.265s] Level 1:colcon.colcon_core.package_identification:_identify(src/aerostack2-tcc_lucca/as2_behaviors/as2_behaviors_trajectory_generation) by extension 'ignore_ament_install'
[0.265s] Level 1:colcon.colcon_core.package_identification:_identify(src/aerostack2-tcc_lucca/as2_behaviors/as2_behaviors_trajectory_generation) by extensions ['colcon_pkg']
[0.265s] Level 1:colcon.colcon_core.package_identification:_identify(src/aerostack2-tcc_lucca/as2_behaviors/as2_behaviors_trajectory_generation) by extension 'colcon_pkg'
[0.265s] Level 1:colcon.colcon_core.package_identification:_identify(src/aerostack2-tcc_lucca/as2_behaviors/as2_behaviors_trajectory_generation) by extensions ['colcon_meta']
[0.265s] Level 1:colcon.colcon_core.package_identification:_identify(src/aerostack2-tcc_lucca/as2_behaviors/as2_behaviors_trajectory_generation) by extension 'colcon_meta'
[0.265s] Level 1:colcon.colcon_core.package_identification:_identify(src/aerostack2-tcc_lucca/as2_behaviors/as2_behaviors_trajectory_generation) by extensions ['ros']
[0.265s] Level 1:colcon.colcon_core.package_identification:_identify(src/aerostack2-tcc_lucca/as2_behaviors/as2_behaviors_trajectory_generation) by extension 'ros'
[0.266s] DEBUG:colcon.colcon_core.package_identification:Package 'src/aerostack2-tcc_lucca/as2_behaviors/as2_behaviors_trajectory_generation' with type 'ros.ament_cmake' and name 'as2_behaviors_trajectory_generation'
[0.266s] Level 1:colcon.colcon_core.package_identification:_identify(src/aerostack2-tcc_lucca/as2_cli) by extensions ['ignore', 'ignore_ament_install']
[0.266s] Level 1:colcon.colcon_core.package_identification:_identify(src/aerostack2-tcc_lucca/as2_cli) by extension 'ignore'
[0.266s] Level 1:colcon.colcon_core.package_identification:_identify(src/aerostack2-tcc_lucca/as2_cli) by extension 'ignore_ament_install'
[0.266s] Level 1:colcon.colcon_core.package_identification:_identify(src/aerostack2-tcc_lucca/as2_cli) by extensions ['colcon_pkg']
[0.266s] Level 1:colcon.colcon_core.package_identification:_identify(src/aerostack2-tcc_lucca/as2_cli) by extension 'colcon_pkg'
[0.266s] Level 1:colcon.colcon_core.package_identification:_identify(src/aerostack2-tcc_lucca/as2_cli) by extensions ['colcon_meta']
[0.266s] Level 1:colcon.colcon_core.package_identification:_identify(src/aerostack2-tcc_lucca/as2_cli) by extension 'colcon_meta'
[0.266s] Level 1:colcon.colcon_core.package_identification:_identify(src/aerostack2-tcc_lucca/as2_cli) by extensions ['ros']
[0.266s] Level 1:colcon.colcon_core.package_identification:_identify(src/aerostack2-tcc_lucca/as2_cli) by extension 'ros'
[0.267s] DEBUG:colcon.colcon_core.package_identification:Package 'src/aerostack2-tcc_lucca/as2_cli' with type 'ros.ament_cmake' and name 'as2_cli'
[0.267s] Level 1:colcon.colcon_core.package_identification:_identify(src/aerostack2-tcc_lucca/as2_core) by extensions ['ignore', 'ignore_ament_install']
[0.267s] Level 1:colcon.colcon_core.package_identification:_identify(src/aerostack2-tcc_lucca/as2_core) by extension 'ignore'
[0.267s] Level 1:colcon.colcon_core.package_identification:_identify(src/aerostack2-tcc_lucca/as2_core) by extension 'ignore_ament_install'
[0.267s] Level 1:colcon.colcon_core.package_identification:_identify(src/aerostack2-tcc_lucca/as2_core) by extensions ['colcon_pkg']
[0.267s] Level 1:colcon.colcon_core.package_identification:_identify(src/aerostack2-tcc_lucca/as2_core) by extension 'colcon_pkg'
[0.267s] Level 1:colcon.colcon_core.package_identification:_identify(src/aerostack2-tcc_lucca/as2_core) by extensions ['colcon_meta']
[0.267s] Level 1:colcon.colcon_core.package_identification:_identify(src/aerostack2-tcc_lucca/as2_core) by extension 'colcon_meta'
[0.267s] Level 1:colcon.colcon_core.package_identification:_identify(src/aerostack2-tcc_lucca/as2_core) by extensions ['ros']
[0.267s] Level 1:colcon.colcon_core.package_identification:_identify(src/aerostack2-tcc_lucca/as2_core) by extension 'ros'
[0.275s] DEBUG:colcon.colcon_core.package_identification:Package 'src/aerostack2-tcc_lucca/as2_core' with type 'ros.ament_cmake' and name 'as2_core'
[0.275s] Level 1:colcon.colcon_core.package_identification:_identify(src/aerostack2-tcc_lucca/as2_hardware_drivers) by extensions ['ignore', 'ignore_ament_install']
[0.275s] Level 1:colcon.colcon_core.package_identification:_identify(src/aerostack2-tcc_lucca/as2_hardware_drivers) by extension 'ignore'
[0.275s] Level 1:colcon.colcon_core.package_identification:_identify(src/aerostack2-tcc_lucca/as2_hardware_drivers) by extension 'ignore_ament_install'
[0.275s] Level 1:colcon.colcon_core.package_identification:_identify(src/aerostack2-tcc_lucca/as2_hardware_drivers) by extensions ['colcon_pkg']
[0.275s] Level 1:colcon.colcon_core.package_identification:_identify(src/aerostack2-tcc_lucca/as2_hardware_drivers) by extension 'colcon_pkg'
[0.275s] Level 1:colcon.colcon_core.package_identification:_identify(src/aerostack2-tcc_lucca/as2_hardware_drivers) by extensions ['colcon_meta']
[0.275s] Level 1:colcon.colcon_core.package_identification:_identify(src/aerostack2-tcc_lucca/as2_hardware_drivers) by extension 'colcon_meta'
[0.275s] Level 1:colcon.colcon_core.package_identification:_identify(src/aerostack2-tcc_lucca/as2_hardware_drivers) by extensions ['ros']
[0.275s] Level 1:colcon.colcon_core.package_identification:_identify(src/aerostack2-tcc_lucca/as2_hardware_drivers) by extension 'ros'
[0.275s] Level 1:colcon.colcon_core.package_identification:_identify(src/aerostack2-tcc_lucca/as2_hardware_drivers) by extensions ['cmake', 'python']
[0.275s] Level 1:colcon.colcon_core.package_identification:_identify(src/aerostack2-tcc_lucca/as2_hardware_drivers) by extension 'cmake'
[0.275s] Level 1:colcon.colcon_core.package_identification:_identify(src/aerostack2-tcc_lucca/as2_hardware_drivers) by extension 'python'
[0.275s] Level 1:colcon.colcon_core.package_identification:_identify(src/aerostack2-tcc_lucca/as2_hardware_drivers) by extensions ['python_setup_py']
[0.275s] Level 1:colcon.colcon_core.package_identification:_identify(src/aerostack2-tcc_lucca/as2_hardware_drivers) by extension 'python_setup_py'
[0.275s] Level 1:colcon.colcon_core.package_identification:_identify(src/aerostack2-tcc_lucca/as2_hardware_drivers/as2_realsense_interface) by extensions ['ignore', 'ignore_ament_install']
[0.275s] Level 1:colcon.colcon_core.package_identification:_identify(src/aerostack2-tcc_lucca/as2_hardware_drivers/as2_realsense_interface) by extension 'ignore'
[0.275s] Level 1:colcon.colcon_core.package_identification:_identify(src/aerostack2-tcc_lucca/as2_hardware_drivers/as2_realsense_interface) by extension 'ignore_ament_install'
[0.275s] Level 1:colcon.colcon_core.package_identification:_identify(src/aerostack2-tcc_lucca/as2_hardware_drivers/as2_realsense_interface) by extensions ['colcon_pkg']
[0.275s] Level 1:colcon.colcon_core.package_identification:_identify(src/aerostack2-tcc_lucca/as2_hardware_drivers/as2_realsense_interface) by extension 'colcon_pkg'
[0.275s] Level 1:colcon.colcon_core.package_identification:_identify(src/aerostack2-tcc_lucca/as2_hardware_drivers/as2_realsense_interface) by extensions ['colcon_meta']
[0.275s] Level 1:colcon.colcon_core.package_identification:_identify(src/aerostack2-tcc_lucca/as2_hardware_drivers/as2_realsense_interface) by extension 'colcon_meta'
[0.275s] Level 1:colcon.colcon_core.package_identification:_identify(src/aerostack2-tcc_lucca/as2_hardware_drivers/as2_realsense_interface) by extensions ['ros']
[0.275s] Level 1:colcon.colcon_core.package_identification:_identify(src/aerostack2-tcc_lucca/as2_hardware_drivers/as2_realsense_interface) by extension 'ros'
[0.276s] DEBUG:colcon.colcon_core.package_identification:Package 'src/aerostack2-tcc_lucca/as2_hardware_drivers/as2_realsense_interface' with type 'ros.ament_cmake' and name 'as2_realsense_interface'
[0.276s] Level 1:colcon.colcon_core.package_identification:_identify(src/aerostack2-tcc_lucca/as2_hardware_drivers/as2_usb_camera_interface) by extensions ['ignore', 'ignore_ament_install']
[0.276s] Level 1:colcon.colcon_core.package_identification:_identify(src/aerostack2-tcc_lucca/as2_hardware_drivers/as2_usb_camera_interface) by extension 'ignore'
[0.276s] Level 1:colcon.colcon_core.package_identification:_identify(src/aerostack2-tcc_lucca/as2_hardware_drivers/as2_usb_camera_interface) by extension 'ignore_ament_install'
[0.276s] Level 1:colcon.colcon_core.package_identification:_identify(src/aerostack2-tcc_lucca/as2_hardware_drivers/as2_usb_camera_interface) by extensions ['colcon_pkg']
[0.276s] Level 1:colcon.colcon_core.package_identification:_identify(src/aerostack2-tcc_lucca/as2_hardware_drivers/as2_usb_camera_interface) by extension 'colcon_pkg'
[0.276s] Level 1:colcon.colcon_core.package_identification:_identify(src/aerostack2-tcc_lucca/as2_hardware_drivers/as2_usb_camera_interface) by extensions ['colcon_meta']
[0.276s] Level 1:colcon.colcon_core.package_identification:_identify(src/aerostack2-tcc_lucca/as2_hardware_drivers/as2_usb_camera_interface) by extension 'colcon_meta'
[0.276s] Level 1:colcon.colcon_core.package_identification:_identify(src/aerostack2-tcc_lucca/as2_hardware_drivers/as2_usb_camera_interface) by extensions ['ros']
[0.276s] Level 1:colcon.colcon_core.package_identification:_identify(src/aerostack2-tcc_lucca/as2_hardware_drivers/as2_usb_camera_interface) by extension 'ros'
[0.277s] DEBUG:colcon.colcon_core.package_identification:Package 'src/aerostack2-tcc_lucca/as2_hardware_drivers/as2_usb_camera_interface' with type 'ros.ament_cmake' and name 'as2_usb_camera_interface'
[0.277s] Level 1:colcon.colcon_core.package_identification:_identify(src/aerostack2-tcc_lucca/as2_map_server) by extensions ['ignore', 'ignore_ament_install']
[0.277s] Level 1:colcon.colcon_core.package_identification:_identify(src/aerostack2-tcc_lucca/as2_map_server) by extension 'ignore'
[0.277s] Level 1:colcon.colcon_core.package_identification:_identify(src/aerostack2-tcc_lucca/as2_map_server) by extension 'ignore_ament_install'
[0.277s] Level 1:colcon.colcon_core.package_identification:_identify(src/aerostack2-tcc_lucca/as2_map_server) by extensions ['colcon_pkg']
[0.277s] Level 1:colcon.colcon_core.package_identification:_identify(src/aerostack2-tcc_lucca/as2_map_server) by extension 'colcon_pkg'
[0.277s] Level 1:colcon.colcon_core.package_identification:_identify(src/aerostack2-tcc_lucca/as2_map_server) by extensions ['colcon_meta']
[0.277s] Level 1:colcon.colcon_core.package_identification:_identify(src/aerostack2-tcc_lucca/as2_map_server) by extension 'colcon_meta'
[0.277s] Level 1:colcon.colcon_core.package_identification:_identify(src/aerostack2-tcc_lucca/as2_map_server) by extensions ['ros']
[0.277s] Level 1:colcon.colcon_core.package_identification:_identify(src/aerostack2-tcc_lucca/as2_map_server) by extension 'ros'
[0.278s] DEBUG:colcon.colcon_core.package_identification:Package 'src/aerostack2-tcc_lucca/as2_map_server' with type 'ros.ament_cmake' and name 'as2_map_server'
[0.278s] Level 1:colcon.colcon_core.package_identification:_identify(src/aerostack2-tcc_lucca/as2_motion_controller) by extensions ['ignore', 'ignore_ament_install']
[0.278s] Level 1:colcon.colcon_core.package_identification:_identify(src/aerostack2-tcc_lucca/as2_motion_controller) by extension 'ignore'
[0.278s] Level 1:colcon.colcon_core.package_identification:_identify(src/aerostack2-tcc_lucca/as2_motion_controller) by extension 'ignore_ament_install'
[0.278s] Level 1:colcon.colcon_core.package_identification:_identify(src/aerostack2-tcc_lucca/as2_motion_controller) by extensions ['colcon_pkg']
[0.278s] Level 1:colcon.colcon_core.package_identification:_identify(src/aerostack2-tcc_lucca/as2_motion_controller) by extension 'colcon_pkg'
[0.278s] Level 1:colcon.colcon_core.package_identification:_identify(src/aerostack2-tcc_lucca/as2_motion_controller) by extensions ['colcon_meta']
[0.278s] Level 1:colcon.colcon_core.package_identification:_identify(src/aerostack2-tcc_lucca/as2_motion_controller) by extension 'colcon_meta'
[0.278s] Level 1:colcon.colcon_core.package_identification:_identify(src/aerostack2-tcc_lucca/as2_motion_controller) by extensions ['ros']
[0.278s] Level 1:colcon.colcon_core.package_identification:_identify(src/aerostack2-tcc_lucca/as2_motion_controller) by extension 'ros'
[0.279s] DEBUG:colcon.colcon_core.package_identification:Package 'src/aerostack2-tcc_lucca/as2_motion_controller' with type 'ros.ament_cmake' and name 'as2_motion_controller'
[0.279s] Level 1:colcon.colcon_core.package_identification:_identify(src/aerostack2-tcc_lucca/as2_motion_reference_handlers) by extensions ['ignore', 'ignore_ament_install']
[0.279s] Level 1:colcon.colcon_core.package_identification:_identify(src/aerostack2-tcc_lucca/as2_motion_reference_handlers) by extension 'ignore'
[0.279s] Level 1:colcon.colcon_core.package_identification:_identify(src/aerostack2-tcc_lucca/as2_motion_reference_handlers) by extension 'ignore_ament_install'
[0.279s] Level 1:colcon.colcon_core.package_identification:_identify(src/aerostack2-tcc_lucca/as2_motion_reference_handlers) by extensions ['colcon_pkg']
[0.279s] Level 1:colcon.colcon_core.package_identification:_identify(src/aerostack2-tcc_lucca/as2_motion_reference_handlers) by extension 'colcon_pkg'
[0.279s] Level 1:colcon.colcon_core.package_identification:_identify(src/aerostack2-tcc_lucca/as2_motion_reference_handlers) by extensions ['colcon_meta']
[0.279s] Level 1:colcon.colcon_core.package_identification:_identify(src/aerostack2-tcc_lucca/as2_motion_reference_handlers) by extension 'colcon_meta'
[0.279s] Level 1:colcon.colcon_core.package_identification:_identify(src/aerostack2-tcc_lucca/as2_motion_reference_handlers) by extensions ['ros']
[0.279s] Level 1:colcon.colcon_core.package_identification:_identify(src/aerostack2-tcc_lucca/as2_motion_reference_handlers) by extension 'ros'
[0.280s] DEBUG:colcon.colcon_core.package_identification:Package 'src/aerostack2-tcc_lucca/as2_motion_reference_handlers' with type 'ros.ament_cmake' and name 'as2_motion_reference_handlers'
[0.280s] Level 1:colcon.colcon_core.package_identification:_identify(src/aerostack2-tcc_lucca/as2_msgs) by extensions ['ignore', 'ignore_ament_install']
[0.280s] Level 1:colcon.colcon_core.package_identification:_identify(src/aerostack2-tcc_lucca/as2_msgs) by extension 'ignore'
[0.280s] Level 1:colcon.colcon_core.package_identification:_identify(src/aerostack2-tcc_lucca/as2_msgs) by extension 'ignore_ament_install'
[0.280s] Level 1:colcon.colcon_core.package_identification:_identify(src/aerostack2-tcc_lucca/as2_msgs) by extensions ['colcon_pkg']
[0.280s] Level 1:colcon.colcon_core.package_identification:_identify(src/aerostack2-tcc_lucca/as2_msgs) by extension 'colcon_pkg'
[0.280s] Level 1:colcon.colcon_core.package_identification:_identify(src/aerostack2-tcc_lucca/as2_msgs) by extensions ['colcon_meta']
[0.280s] Level 1:colcon.colcon_core.package_identification:_identify(src/aerostack2-tcc_lucca/as2_msgs) by extension 'colcon_meta'
[0.280s] Level 1:colcon.colcon_core.package_identification:_identify(src/aerostack2-tcc_lucca/as2_msgs) by extensions ['ros']
[0.280s] Level 1:colcon.colcon_core.package_identification:_identify(src/aerostack2-tcc_lucca/as2_msgs) by extension 'ros'
[0.281s] DEBUG:colcon.colcon_core.package_identification:Package 'src/aerostack2-tcc_lucca/as2_msgs' with type 'ros.ament_cmake' and name 'as2_msgs'
[0.281s] Level 1:colcon.colcon_core.package_identification:_identify(src/aerostack2-tcc_lucca/as2_python_api) by extensions ['ignore', 'ignore_ament_install']
[0.281s] Level 1:colcon.colcon_core.package_identification:_identify(src/aerostack2-tcc_lucca/as2_python_api) by extension 'ignore'
[0.281s] Level 1:colcon.colcon_core.package_identification:_identify(src/aerostack2-tcc_lucca/as2_python_api) by extension 'ignore_ament_install'
[0.281s] Level 1:colcon.colcon_core.package_identification:_identify(src/aerostack2-tcc_lucca/as2_python_api) by extensions ['colcon_pkg']
[0.281s] Level 1:colcon.colcon_core.package_identification:_identify(src/aerostack2-tcc_lucca/as2_python_api) by extension 'colcon_pkg'
[0.281s] Level 1:colcon.colcon_core.package_identification:_identify(src/aerostack2-tcc_lucca/as2_python_api) by extensions ['colcon_meta']
[0.281s] Level 1:colcon.colcon_core.package_identification:_identify(src/aerostack2-tcc_lucca/as2_python_api) by extension 'colcon_meta'
[0.282s] Level 1:colcon.colcon_core.package_identification:_identify(src/aerostack2-tcc_lucca/as2_python_api) by extensions ['ros']
[0.282s] Level 1:colcon.colcon_core.package_identification:_identify(src/aerostack2-tcc_lucca/as2_python_api) by extension 'ros'
[0.282s] DEBUG:colcon.colcon_core.package_identification:Package 'src/aerostack2-tcc_lucca/as2_python_api' with type 'ros.ament_python' and name 'as2_python_api'
[0.282s] Level 1:colcon.colcon_core.package_identification:_identify(src/aerostack2-tcc_lucca/as2_simulation_assets) by extensions ['ignore', 'ignore_ament_install']
[0.283s] Level 1:colcon.colcon_core.package_identification:_identify(src/aerostack2-tcc_lucca/as2_simulation_assets) by extension 'ignore'
[0.283s] Level 1:colcon.colcon_core.package_identification:_identify(src/aerostack2-tcc_lucca/as2_simulation_assets) by extension 'ignore_ament_install'
[0.283s] Level 1:colcon.colcon_core.package_identification:_identify(src/aerostack2-tcc_lucca/as2_simulation_assets) by extensions ['colcon_pkg']
[0.283s] Level 1:colcon.colcon_core.package_identification:_identify(src/aerostack2-tcc_lucca/as2_simulation_assets) by extension 'colcon_pkg'
[0.283s] Level 1:colcon.colcon_core.package_identification:_identify(src/aerostack2-tcc_lucca/as2_simulation_assets) by extensions ['colcon_meta']
[0.283s] Level 1:colcon.colcon_core.package_identification:_identify(src/aerostack2-tcc_lucca/as2_simulation_assets) by extension 'colcon_meta'
[0.283s] Level 1:colcon.colcon_core.package_identification:_identify(src/aerostack2-tcc_lucca/as2_simulation_assets) by extensions ['ros']
[0.283s] Level 1:colcon.colcon_core.package_identification:_identify(src/aerostack2-tcc_lucca/as2_simulation_assets) by extension 'ros'
[0.283s] Level 1:colcon.colcon_core.package_identification:_identify(src/aerostack2-tcc_lucca/as2_simulation_assets) by extensions ['cmake', 'python']
[0.283s] Level 1:colcon.colcon_core.package_identification:_identify(src/aerostack2-tcc_lucca/as2_simulation_assets) by extension 'cmake'
[0.283s] Level 1:colcon.colcon_core.package_identification:_identify(src/aerostack2-tcc_lucca/as2_simulation_assets) by extension 'python'
[0.283s] Level 1:colcon.colcon_core.package_identification:_identify(src/aerostack2-tcc_lucca/as2_simulation_assets) by extensions ['python_setup_py']
[0.283s] Level 1:colcon.colcon_core.package_identification:_identify(src/aerostack2-tcc_lucca/as2_simulation_assets) by extension 'python_setup_py'
[0.283s] Level 1:colcon.colcon_core.package_identification:_identify(src/aerostack2-tcc_lucca/as2_simulation_assets/as2_gazebo_assets) by extensions ['ignore', 'ignore_ament_install']
[0.283s] Level 1:colcon.colcon_core.package_identification:_identify(src/aerostack2-tcc_lucca/as2_simulation_assets/as2_gazebo_assets) by extension 'ignore'
[0.283s] Level 1:colcon.colcon_core.package_identification:_identify(src/aerostack2-tcc_lucca/as2_simulation_assets/as2_gazebo_assets) by extension 'ignore_ament_install'
[0.283s] Level 1:colcon.colcon_core.package_identification:_identify(src/aerostack2-tcc_lucca/as2_simulation_assets/as2_gazebo_assets) by extensions ['colcon_pkg']
[0.283s] Level 1:colcon.colcon_core.package_identification:_identify(src/aerostack2-tcc_lucca/as2_simulation_assets/as2_gazebo_assets) by extension 'colcon_pkg'
[0.283s] Level 1:colcon.colcon_core.package_identification:_identify(src/aerostack2-tcc_lucca/as2_simulation_assets/as2_gazebo_assets) by extensions ['colcon_meta']
[0.283s] Level 1:colcon.colcon_core.package_identification:_identify(src/aerostack2-tcc_lucca/as2_simulation_assets/as2_gazebo_assets) by extension 'colcon_meta'
[0.283s] Level 1:colcon.colcon_core.package_identification:_identify(src/aerostack2-tcc_lucca/as2_simulation_assets/as2_gazebo_assets) by extensions ['ros']
[0.283s] Level 1:colcon.colcon_core.package_identification:_identify(src/aerostack2-tcc_lucca/as2_simulation_assets/as2_gazebo_assets) by extension 'ros'
[0.284s] DEBUG:colcon.colcon_core.package_identification:Package 'src/aerostack2-tcc_lucca/as2_simulation_assets/as2_gazebo_assets' with type 'ros.ament_cmake' and name 'as2_gazebo_assets'
[0.284s] Level 1:colcon.colcon_core.package_identification:_identify(src/aerostack2-tcc_lucca/as2_state_estimator) by extensions ['ignore', 'ignore_ament_install']
[0.284s] Level 1:colcon.colcon_core.package_identification:_identify(src/aerostack2-tcc_lucca/as2_state_estimator) by extension 'ignore'
[0.284s] Level 1:colcon.colcon_core.package_identification:_identify(src/aerostack2-tcc_lucca/as2_state_estimator) by extension 'ignore_ament_install'
[0.284s] Level 1:colcon.colcon_core.package_identification:_identify(src/aerostack2-tcc_lucca/as2_state_estimator) by extensions ['colcon_pkg']
[0.284s] Level 1:colcon.colcon_core.package_identification:_identify(src/aerostack2-tcc_lucca/as2_state_estimator) by extension 'colcon_pkg'
[0.284s] Level 1:colcon.colcon_core.package_identification:_identify(src/aerostack2-tcc_lucca/as2_state_estimator) by extensions ['colcon_meta']
[0.284s] Level 1:colcon.colcon_core.package_identification:_identify(src/aerostack2-tcc_lucca/as2_state_estimator) by extension 'colcon_meta'
[0.284s] Level 1:colcon.colcon_core.package_identification:_identify(src/aerostack2-tcc_lucca/as2_state_estimator) by extensions ['ros']
[0.284s] Level 1:colcon.colcon_core.package_identification:_identify(src/aerostack2-tcc_lucca/as2_state_estimator) by extension 'ros'
[0.285s] DEBUG:colcon.colcon_core.package_identification:Package 'src/aerostack2-tcc_lucca/as2_state_estimator' with type 'ros.ament_cmake' and name 'as2_state_estimator'
[0.285s] Level 1:colcon.colcon_core.package_identification:_identify(src/aerostack2-tcc_lucca/as2_user_interfaces) by extensions ['ignore', 'ignore_ament_install']
[0.285s] Level 1:colcon.colcon_core.package_identification:_identify(src/aerostack2-tcc_lucca/as2_user_interfaces) by extension 'ignore'
[0.285s] Level 1:colcon.colcon_core.package_identification:_identify(src/aerostack2-tcc_lucca/as2_user_interfaces) by extension 'ignore_ament_install'
[0.285s] Level 1:colcon.colcon_core.package_identification:_identify(src/aerostack2-tcc_lucca/as2_user_interfaces) by extensions ['colcon_pkg']
[0.285s] Level 1:colcon.colcon_core.package_identification:_identify(src/aerostack2-tcc_lucca/as2_user_interfaces) by extension 'colcon_pkg'
[0.285s] Level 1:colcon.colcon_core.package_identification:_identify(src/aerostack2-tcc_lucca/as2_user_interfaces) by extensions ['colcon_meta']
[0.285s] Level 1:colcon.colcon_core.package_identification:_identify(src/aerostack2-tcc_lucca/as2_user_interfaces) by extension 'colcon_meta'
[0.285s] Level 1:colcon.colcon_core.package_identification:_identify(src/aerostack2-tcc_lucca/as2_user_interfaces) by extensions ['ros']
[0.285s] Level 1:colcon.colcon_core.package_identification:_identify(src/aerostack2-tcc_lucca/as2_user_interfaces) by extension 'ros'
[0.285s] Level 1:colcon.colcon_core.package_identification:_identify(src/aerostack2-tcc_lucca/as2_user_interfaces) by extensions ['cmake', 'python']
[0.285s] Level 1:colcon.colcon_core.package_identification:_identify(src/aerostack2-tcc_lucca/as2_user_interfaces) by extension 'cmake'
[0.285s] Level 1:colcon.colcon_core.package_identification:_identify(src/aerostack2-tcc_lucca/as2_user_interfaces) by extension 'python'
[0.285s] Level 1:colcon.colcon_core.package_identification:_identify(src/aerostack2-tcc_lucca/as2_user_interfaces) by extensions ['python_setup_py']
[0.285s] Level 1:colcon.colcon_core.package_identification:_identify(src/aerostack2-tcc_lucca/as2_user_interfaces) by extension 'python_setup_py'
[0.286s] Level 1:colcon.colcon_core.package_identification:_identify(src/aerostack2-tcc_lucca/as2_user_interfaces/as2_alphanumeric_viewer) by extensions ['ignore', 'ignore_ament_install']
[0.286s] Level 1:colcon.colcon_core.package_identification:_identify(src/aerostack2-tcc_lucca/as2_user_interfaces/as2_alphanumeric_viewer) by extension 'ignore'
[0.286s] Level 1:colcon.colcon_core.package_identification:_identify(src/aerostack2-tcc_lucca/as2_user_interfaces/as2_alphanumeric_viewer) by extension 'ignore_ament_install'
[0.286s] Level 1:colcon.colcon_core.package_identification:_identify(src/aerostack2-tcc_lucca/as2_user_interfaces/as2_alphanumeric_viewer) by extensions ['colcon_pkg']
[0.286s] Level 1:colcon.colcon_core.package_identification:_identify(src/aerostack2-tcc_lucca/as2_user_interfaces/as2_alphanumeric_viewer) by extension 'colcon_pkg'
[0.286s] Level 1:colcon.colcon_core.package_identification:_identify(src/aerostack2-tcc_lucca/as2_user_interfaces/as2_alphanumeric_viewer) by extensions ['colcon_meta']
[0.286s] Level 1:colcon.colcon_core.package_identification:_identify(src/aerostack2-tcc_lucca/as2_user_interfaces/as2_alphanumeric_viewer) by extension 'colcon_meta'
[0.286s] Level 1:colcon.colcon_core.package_identification:_identify(src/aerostack2-tcc_lucca/as2_user_interfaces/as2_alphanumeric_viewer) by extensions ['ros']
[0.286s] Level 1:colcon.colcon_core.package_identification:_identify(src/aerostack2-tcc_lucca/as2_user_interfaces/as2_alphanumeric_viewer) by extension 'ros'
[0.287s] DEBUG:colcon.colcon_core.package_identification:Package 'src/aerostack2-tcc_lucca/as2_user_interfaces/as2_alphanumeric_viewer' with type 'ros.ament_cmake' and name 'as2_alphanumeric_viewer'
[0.287s] Level 1:colcon.colcon_core.package_identification:_identify(src/aerostack2-tcc_lucca/as2_user_interfaces/as2_keyboard_teleoperation) by extensions ['ignore', 'ignore_ament_install']
[0.287s] Level 1:colcon.colcon_core.package_identification:_identify(src/aerostack2-tcc_lucca/as2_user_interfaces/as2_keyboard_teleoperation) by extension 'ignore'
[0.287s] Level 1:colcon.colcon_core.package_identification:_identify(src/aerostack2-tcc_lucca/as2_user_interfaces/as2_keyboard_teleoperation) by extension 'ignore_ament_install'
[0.287s] Level 1:colcon.colcon_core.package_identification:_identify(src/aerostack2-tcc_lucca/as2_user_interfaces/as2_keyboard_teleoperation) by extensions ['colcon_pkg']
[0.287s] Level 1:colcon.colcon_core.package_identification:_identify(src/aerostack2-tcc_lucca/as2_user_interfaces/as2_keyboard_teleoperation) by extension 'colcon_pkg'
[0.287s] Level 1:colcon.colcon_core.package_identification:_identify(src/aerostack2-tcc_lucca/as2_user_interfaces/as2_keyboard_teleoperation) by extensions ['colcon_meta']
[0.287s] Level 1:colcon.colcon_core.package_identification:_identify(src/aerostack2-tcc_lucca/as2_user_interfaces/as2_keyboard_teleoperation) by extension 'colcon_meta'
[0.287s] Level 1:colcon.colcon_core.package_identification:_identify(src/aerostack2-tcc_lucca/as2_user_interfaces/as2_keyboard_teleoperation) by extensions ['ros']
[0.287s] Level 1:colcon.colcon_core.package_identification:_identify(src/aerostack2-tcc_lucca/as2_user_interfaces/as2_keyboard_teleoperation) by extension 'ros'
[0.288s] DEBUG:colcon.colcon_core.package_identification:Package 'src/aerostack2-tcc_lucca/as2_user_interfaces/as2_keyboard_teleoperation' with type 'ros.ament_python' and name 'as2_keyboard_teleoperation'
[0.288s] Level 1:colcon.colcon_core.package_identification:_identify(src/aerostack2-tcc_lucca/as2_user_interfaces/as2_visualization) by extensions ['ignore', 'ignore_ament_install']
[0.288s] Level 1:colcon.colcon_core.package_identification:_identify(src/aerostack2-tcc_lucca/as2_user_interfaces/as2_visualization) by extension 'ignore'
[0.288s] Level 1:colcon.colcon_core.package_identification:_identify(src/aerostack2-tcc_lucca/as2_user_interfaces/as2_visualization) by extension 'ignore_ament_install'
[0.288s] Level 1:colcon.colcon_core.package_identification:_identify(src/aerostack2-tcc_lucca/as2_user_interfaces/as2_visualization) by extensions ['colcon_pkg']
[0.288s] Level 1:colcon.colcon_core.package_identification:_identify(src/aerostack2-tcc_lucca/as2_user_interfaces/as2_visualization) by extension 'colcon_pkg'
[0.288s] Level 1:colcon.colcon_core.package_identification:_identify(src/aerostack2-tcc_lucca/as2_user_interfaces/as2_visualization) by extensions ['colcon_meta']
[0.288s] Level 1:colcon.colcon_core.package_identification:_identify(src/aerostack2-tcc_lucca/as2_user_interfaces/as2_visualization) by extension 'colcon_meta'
[0.288s] Level 1:colcon.colcon_core.package_identification:_identify(src/aerostack2-tcc_lucca/as2_user_interfaces/as2_visualization) by extensions ['ros']
[0.288s] Level 1:colcon.colcon_core.package_identification:_identify(src/aerostack2-tcc_lucca/as2_user_interfaces/as2_visualization) by extension 'ros'
[0.288s] Level 1:colcon.colcon_core.package_identification:_identify(src/aerostack2-tcc_lucca/as2_user_interfaces/as2_visualization) by extensions ['cmake', 'python']
[0.288s] Level 1:colcon.colcon_core.package_identification:_identify(src/aerostack2-tcc_lucca/as2_user_interfaces/as2_visualization) by extension 'cmake'
[0.288s] Level 1:colcon.colcon_core.package_identification:_identify(src/aerostack2-tcc_lucca/as2_user_interfaces/as2_visualization) by extension 'python'
[0.288s] Level 1:colcon.colcon_core.package_identification:_identify(src/aerostack2-tcc_lucca/as2_user_interfaces/as2_visualization) by extensions ['python_setup_py']
[0.288s] Level 1:colcon.colcon_core.package_identification:_identify(src/aerostack2-tcc_lucca/as2_user_interfaces/as2_visualization) by extension 'python_setup_py'
[0.288s] Level 1:colcon.colcon_core.package_identification:_identify(src/aerostack2-tcc_lucca/as2_user_interfaces/as2_visualization/as2_rviz_plugins) by extensions ['ignore', 'ignore_ament_install']
[0.288s] Level 1:colcon.colcon_core.package_identification:_identify(src/aerostack2-tcc_lucca/as2_user_interfaces/as2_visualization/as2_rviz_plugins) by extension 'ignore'
[0.288s] Level 1:colcon.colcon_core.package_identification:_identify(src/aerostack2-tcc_lucca/as2_user_interfaces/as2_visualization/as2_rviz_plugins) by extension 'ignore_ament_install'
[0.288s] Level 1:colcon.colcon_core.package_identification:_identify(src/aerostack2-tcc_lucca/as2_user_interfaces/as2_visualization/as2_rviz_plugins) by extensions ['colcon_pkg']
[0.288s] Level 1:colcon.colcon_core.package_identification:_identify(src/aerostack2-tcc_lucca/as2_user_interfaces/as2_visualization/as2_rviz_plugins) by extension 'colcon_pkg'
[0.288s] Level 1:colcon.colcon_core.package_identification:_identify(src/aerostack2-tcc_lucca/as2_user_interfaces/as2_visualization/as2_rviz_plugins) by extensions ['colcon_meta']
[0.288s] Level 1:colcon.colcon_core.package_identification:_identify(src/aerostack2-tcc_lucca/as2_user_interfaces/as2_visualization/as2_rviz_plugins) by extension 'colcon_meta'
[0.288s] Level 1:colcon.colcon_core.package_identification:_identify(src/aerostack2-tcc_lucca/as2_user_interfaces/as2_visualization/as2_rviz_plugins) by extensions ['ros']
[0.288s] Level 1:colcon.colcon_core.package_identification:_identify(src/aerostack2-tcc_lucca/as2_user_interfaces/as2_visualization/as2_rviz_plugins) by extension 'ros'
[0.289s] DEBUG:colcon.colcon_core.package_identification:Package 'src/aerostack2-tcc_lucca/as2_user_interfaces/as2_visualization/as2_rviz_plugins' with type 'ros.ament_cmake' and name 'as2_rviz_plugins'
[0.289s] Level 1:colcon.colcon_core.package_identification:_identify(src/aerostack2-tcc_lucca/as2_user_interfaces/as2_visualization/as2_visualization) by extensions ['ignore', 'ignore_ament_install']
[0.290s] Level 1:colcon.colcon_core.package_identification:_identify(src/aerostack2-tcc_lucca/as2_user_interfaces/as2_visualization/as2_visualization) by extension 'ignore'
[0.290s] Level 1:colcon.colcon_core.package_identification:_identify(src/aerostack2-tcc_lucca/as2_user_interfaces/as2_visualization/as2_visualization) by extension 'ignore_ament_install'
[0.290s] Level 1:colcon.colcon_core.package_identification:_identify(src/aerostack2-tcc_lucca/as2_user_interfaces/as2_visualization/as2_visualization) by extensions ['colcon_pkg']
[0.290s] Level 1:colcon.colcon_core.package_identification:_identify(src/aerostack2-tcc_lucca/as2_user_interfaces/as2_visualization/as2_visualization) by extension 'colcon_pkg'
[0.290s] Level 1:colcon.colcon_core.package_identification:_identify(src/aerostack2-tcc_lucca/as2_user_interfaces/as2_visualization/as2_visualization) by extensions ['colcon_meta']
[0.290s] Level 1:colcon.colcon_core.package_identification:_identify(src/aerostack2-tcc_lucca/as2_user_interfaces/as2_visualization/as2_visualization) by extension 'colcon_meta'
[0.290s] Level 1:colcon.colcon_core.package_identification:_identify(src/aerostack2-tcc_lucca/as2_user_interfaces/as2_visualization/as2_visualization) by extensions ['ros']
[0.290s] Level 1:colcon.colcon_core.package_identification:_identify(src/aerostack2-tcc_lucca/as2_user_interfaces/as2_visualization/as2_visualization) by extension 'ros'
[0.290s] DEBUG:colcon.colcon_core.package_identification:Package 'src/aerostack2-tcc_lucca/as2_user_interfaces/as2_visualization/as2_visualization' with type 'ros.ament_python' and name 'as2_visualization'
[0.290s] Level 1:colcon.colcon_core.package_identification:_identify(src/aerostack2-tcc_lucca/as2_utilities) by extensions ['ignore', 'ignore_ament_install']
[0.290s] Level 1:colcon.colcon_core.package_identification:_identify(src/aerostack2-tcc_lucca/as2_utilities) by extension 'ignore'
[0.291s] Level 1:colcon.colcon_core.package_identification:_identify(src/aerostack2-tcc_lucca/as2_utilities) by extension 'ignore_ament_install'
[0.291s] Level 1:colcon.colcon_core.package_identification:_identify(src/aerostack2-tcc_lucca/as2_utilities) by extensions ['colcon_pkg']
[0.291s] Level 1:colcon.colcon_core.package_identification:_identify(src/aerostack2-tcc_lucca/as2_utilities) by extension 'colcon_pkg'
[0.291s] Level 1:colcon.colcon_core.package_identification:_identify(src/aerostack2-tcc_lucca/as2_utilities) by extensions ['colcon_meta']
[0.291s] Level 1:colcon.colcon_core.package_identification:_identify(src/aerostack2-tcc_lucca/as2_utilities) by extension 'colcon_meta'
[0.291s] Level 1:colcon.colcon_core.package_identification:_identify(src/aerostack2-tcc_lucca/as2_utilities) by extensions ['ros']
[0.291s] Level 1:colcon.colcon_core.package_identification:_identify(src/aerostack2-tcc_lucca/as2_utilities) by extension 'ros'
[0.291s] Level 1:colcon.colcon_core.package_identification:_identify(src/aerostack2-tcc_lucca/as2_utilities) by extensions ['cmake', 'python']
[0.291s] Level 1:colcon.colcon_core.package_identification:_identify(src/aerostack2-tcc_lucca/as2_utilities) by extension 'cmake'
[0.291s] Level 1:colcon.colcon_core.package_identification:_identify(src/aerostack2-tcc_lucca/as2_utilities) by extension 'python'
[0.291s] Level 1:colcon.colcon_core.package_identification:_identify(src/aerostack2-tcc_lucca/as2_utilities) by extensions ['python_setup_py']
[0.291s] Level 1:colcon.colcon_core.package_identification:_identify(src/aerostack2-tcc_lucca/as2_utilities) by extension 'python_setup_py'
[0.291s] Level 1:colcon.colcon_core.package_identification:_identify(src/aerostack2-tcc_lucca/as2_utilities/as2_external_object_to_tf) by extensions ['ignore', 'ignore_ament_install']
[0.291s] Level 1:colcon.colcon_core.package_identification:_identify(src/aerostack2-tcc_lucca/as2_utilities/as2_external_object_to_tf) by extension 'ignore'
[0.291s] Level 1:colcon.colcon_core.package_identification:_identify(src/aerostack2-tcc_lucca/as2_utilities/as2_external_object_to_tf) by extension 'ignore_ament_install'
[0.291s] Level 1:colcon.colcon_core.package_identification:_identify(src/aerostack2-tcc_lucca/as2_utilities/as2_external_object_to_tf) by extensions ['colcon_pkg']
[0.291s] Level 1:colcon.colcon_core.package_identification:_identify(src/aerostack2-tcc_lucca/as2_utilities/as2_external_object_to_tf) by extension 'colcon_pkg'
[0.291s] Level 1:colcon.colcon_core.package_identification:_identify(src/aerostack2-tcc_lucca/as2_utilities/as2_external_object_to_tf) by extensions ['colcon_meta']
[0.291s] Level 1:colcon.colcon_core.package_identification:_identify(src/aerostack2-tcc_lucca/as2_utilities/as2_external_object_to_tf) by extension 'colcon_meta'
[0.291s] Level 1:colcon.colcon_core.package_identification:_identify(src/aerostack2-tcc_lucca/as2_utilities/as2_external_object_to_tf) by extensions ['ros']
[0.291s] Level 1:colcon.colcon_core.package_identification:_identify(src/aerostack2-tcc_lucca/as2_utilities/as2_external_object_to_tf) by extension 'ros'
[0.292s] DEBUG:colcon.colcon_core.package_identification:Package 'src/aerostack2-tcc_lucca/as2_utilities/as2_external_object_to_tf' with type 'ros.ament_cmake' and name 'as2_external_object_to_tf'
[0.292s] Level 1:colcon.colcon_core.package_identification:_identify(src/aerostack2-tcc_lucca/as2_utilities/as2_geozones) by extensions ['ignore', 'ignore_ament_install']
[0.292s] Level 1:colcon.colcon_core.package_identification:_identify(src/aerostack2-tcc_lucca/as2_utilities/as2_geozones) by extension 'ignore'
[0.292s] Level 1:colcon.colcon_core.package_identification:_identify(src/aerostack2-tcc_lucca/as2_utilities/as2_geozones) by extension 'ignore_ament_install'
[0.292s] Level 1:colcon.colcon_core.package_identification:_identify(src/aerostack2-tcc_lucca/as2_utilities/as2_geozones) by extensions ['colcon_pkg']
[0.292s] Level 1:colcon.colcon_core.package_identification:_identify(src/aerostack2-tcc_lucca/as2_utilities/as2_geozones) by extension 'colcon_pkg'
[0.292s] Level 1:colcon.colcon_core.package_identification:_identify(src/aerostack2-tcc_lucca/as2_utilities/as2_geozones) by extensions ['colcon_meta']
[0.292s] Level 1:colcon.colcon_core.package_identification:_identify(src/aerostack2-tcc_lucca/as2_utilities/as2_geozones) by extension 'colcon_meta'
[0.292s] Level 1:colcon.colcon_core.package_identification:_identify(src/aerostack2-tcc_lucca/as2_utilities/as2_geozones) by extensions ['ros']
[0.292s] Level 1:colcon.colcon_core.package_identification:_identify(src/aerostack2-tcc_lucca/as2_utilities/as2_geozones) by extension 'ros'
[0.293s] DEBUG:colcon.colcon_core.package_identification:Package 'src/aerostack2-tcc_lucca/as2_utilities/as2_geozones' with type 'ros.ament_cmake' and name 'as2_geozones'
[0.293s] Level 1:colcon.colcon_core.package_identification:_identify(src/aerostack2-tcc_lucca/build) by extensions ['ignore', 'ignore_ament_install']
[0.293s] Level 1:colcon.colcon_core.package_identification:_identify(src/aerostack2-tcc_lucca/build) by extension 'ignore'
[0.293s] Level 1:colcon.colcon_core.package_identification:_identify(src/aerostack2-tcc_lucca/build) ignored
[0.293s] Level 1:colcon.colcon_core.package_identification:_identify(src/aerostack2-tcc_lucca/docker) by extensions ['ignore', 'ignore_ament_install']
[0.293s] Level 1:colcon.colcon_core.package_identification:_identify(src/aerostack2-tcc_lucca/docker) by extension 'ignore'
[0.293s] Level 1:colcon.colcon_core.package_identification:_identify(src/aerostack2-tcc_lucca/docker) by extension 'ignore_ament_install'
[0.294s] Level 1:colcon.colcon_core.package_identification:_identify(src/aerostack2-tcc_lucca/docker) by extensions ['colcon_pkg']
[0.294s] Level 1:colcon.colcon_core.package_identification:_identify(src/aerostack2-tcc_lucca/docker) by extension 'colcon_pkg'
[0.294s] Level 1:colcon.colcon_core.package_identification:_identify(src/aerostack2-tcc_lucca/docker) by extensions ['colcon_meta']
[0.294s] Level 1:colcon.colcon_core.package_identification:_identify(src/aerostack2-tcc_lucca/docker) by extension 'colcon_meta'
[0.294s] Level 1:colcon.colcon_core.package_identification:_identify(src/aerostack2-tcc_lucca/docker) by extensions ['ros']
[0.294s] Level 1:colcon.colcon_core.package_identification:_identify(src/aerostack2-tcc_lucca/docker) by extension 'ros'
[0.294s] Level 1:colcon.colcon_core.package_identification:_identify(src/aerostack2-tcc_lucca/docker) by extensions ['cmake', 'python']
[0.294s] Level 1:colcon.colcon_core.package_identification:_identify(src/aerostack2-tcc_lucca/docker) by extension 'cmake'
[0.294s] Level 1:colcon.colcon_core.package_identification:_identify(src/aerostack2-tcc_lucca/docker) by extension 'python'
[0.294s] Level 1:colcon.colcon_core.package_identification:_identify(src/aerostack2-tcc_lucca/docker) by extensions ['python_setup_py']
[0.294s] Level 1:colcon.colcon_core.package_identification:_identify(src/aerostack2-tcc_lucca/docker) by extension 'python_setup_py'
[0.294s] Level 1:colcon.colcon_core.package_identification:_identify(src/aerostack2-tcc_lucca/docker/galactic) by extensions ['ignore', 'ignore_ament_install']
[0.294s] Level 1:colcon.colcon_core.package_identification:_identify(src/aerostack2-tcc_lucca/docker/galactic) by extension 'ignore'
[0.294s] Level 1:colcon.colcon_core.package_identification:_identify(src/aerostack2-tcc_lucca/docker/galactic) by extension 'ignore_ament_install'
[0.294s] Level 1:colcon.colcon_core.package_identification:_identify(src/aerostack2-tcc_lucca/docker/galactic) by extensions ['colcon_pkg']
[0.294s] Level 1:colcon.colcon_core.package_identification:_identify(src/aerostack2-tcc_lucca/docker/galactic) by extension 'colcon_pkg'
[0.294s] Level 1:colcon.colcon_core.package_identification:_identify(src/aerostack2-tcc_lucca/docker/galactic) by extensions ['colcon_meta']
[0.294s] Level 1:colcon.colcon_core.package_identification:_identify(src/aerostack2-tcc_lucca/docker/galactic) by extension 'colcon_meta'
[0.294s] Level 1:colcon.colcon_core.package_identification:_identify(src/aerostack2-tcc_lucca/docker/galactic) by extensions ['ros']
[0.294s] Level 1:colcon.colcon_core.package_identification:_identify(src/aerostack2-tcc_lucca/docker/galactic) by extension 'ros'
[0.294s] Level 1:colcon.colcon_core.package_identification:_identify(src/aerostack2-tcc_lucca/docker/galactic) by extensions ['cmake', 'python']
[0.294s] Level 1:colcon.colcon_core.package_identification:_identify(src/aerostack2-tcc_lucca/docker/galactic) by extension 'cmake'
[0.294s] Level 1:colcon.colcon_core.package_identification:_identify(src/aerostack2-tcc_lucca/docker/galactic) by extension 'python'
[0.294s] Level 1:colcon.colcon_core.package_identification:_identify(src/aerostack2-tcc_lucca/docker/galactic) by extensions ['python_setup_py']
[0.294s] Level 1:colcon.colcon_core.package_identification:_identify(src/aerostack2-tcc_lucca/docker/galactic) by extension 'python_setup_py'
[0.294s] Level 1:colcon.colcon_core.package_identification:_identify(src/aerostack2-tcc_lucca/docker/humble) by extensions ['ignore', 'ignore_ament_install']
[0.294s] Level 1:colcon.colcon_core.package_identification:_identify(src/aerostack2-tcc_lucca/docker/humble) by extension 'ignore'
[0.294s] Level 1:colcon.colcon_core.package_identification:_identify(src/aerostack2-tcc_lucca/docker/humble) by extension 'ignore_ament_install'
[0.294s] Level 1:colcon.colcon_core.package_identification:_identify(src/aerostack2-tcc_lucca/docker/humble) by extensions ['colcon_pkg']
[0.294s] Level 1:colcon.colcon_core.package_identification:_identify(src/aerostack2-tcc_lucca/docker/humble) by extension 'colcon_pkg'
[0.294s] Level 1:colcon.colcon_core.package_identification:_identify(src/aerostack2-tcc_lucca/docker/humble) by extensions ['colcon_meta']
[0.294s] Level 1:colcon.colcon_core.package_identification:_identify(src/aerostack2-tcc_lucca/docker/humble) by extension 'colcon_meta'
[0.294s] Level 1:colcon.colcon_core.package_identification:_identify(src/aerostack2-tcc_lucca/docker/humble) by extensions ['ros']
[0.294s] Level 1:colcon.colcon_core.package_identification:_identify(src/aerostack2-tcc_lucca/docker/humble) by extension 'ros'
[0.294s] Level 1:colcon.colcon_core.package_identification:_identify(src/aerostack2-tcc_lucca/docker/humble) by extensions ['cmake', 'python']
[0.295s] Level 1:colcon.colcon_core.package_identification:_identify(src/aerostack2-tcc_lucca/docker/humble) by extension 'cmake'
[0.295s] Level 1:colcon.colcon_core.package_identification:_identify(src/aerostack2-tcc_lucca/docker/humble) by extension 'python'
[0.295s] Level 1:colcon.colcon_core.package_identification:_identify(src/aerostack2-tcc_lucca/docker/humble) by extensions ['python_setup_py']
[0.295s] Level 1:colcon.colcon_core.package_identification:_identify(src/aerostack2-tcc_lucca/docker/humble) by extension 'python_setup_py'
[0.295s] Level 1:colcon.colcon_core.package_identification:_identify(src/aerostack2-tcc_lucca/docker/humble_gzharmonic) by extensions ['ignore', 'ignore_ament_install']
[0.295s] Level 1:colcon.colcon_core.package_identification:_identify(src/aerostack2-tcc_lucca/docker/humble_gzharmonic) by extension 'ignore'
[0.295s] Level 1:colcon.colcon_core.package_identification:_identify(src/aerostack2-tcc_lucca/docker/humble_gzharmonic) by extension 'ignore_ament_install'
[0.295s] Level 1:colcon.colcon_core.package_identification:_identify(src/aerostack2-tcc_lucca/docker/humble_gzharmonic) by extensions ['colcon_pkg']
[0.295s] Level 1:colcon.colcon_core.package_identification:_identify(src/aerostack2-tcc_lucca/docker/humble_gzharmonic) by extension 'colcon_pkg'
[0.295s] Level 1:colcon.colcon_core.package_identification:_identify(src/aerostack2-tcc_lucca/docker/humble_gzharmonic) by extensions ['colcon_meta']
[0.295s] Level 1:colcon.colcon_core.package_identification:_identify(src/aerostack2-tcc_lucca/docker/humble_gzharmonic) by extension 'colcon_meta'
[0.295s] Level 1:colcon.colcon_core.package_identification:_identify(src/aerostack2-tcc_lucca/docker/humble_gzharmonic) by extensions ['ros']
[0.295s] Level 1:colcon.colcon_core.package_identification:_identify(src/aerostack2-tcc_lucca/docker/humble_gzharmonic) by extension 'ros'
[0.295s] Level 1:colcon.colcon_core.package_identification:_identify(src/aerostack2-tcc_lucca/docker/humble_gzharmonic) by extensions ['cmake', 'python']
[0.295s] Level 1:colcon.colcon_core.package_identification:_identify(src/aerostack2-tcc_lucca/docker/humble_gzharmonic) by extension 'cmake'
[0.295s] Level 1:colcon.colcon_core.package_identification:_identify(src/aerostack2-tcc_lucca/docker/humble_gzharmonic) by extension 'python'
[0.295s] Level 1:colcon.colcon_core.package_identification:_identify(src/aerostack2-tcc_lucca/docker/humble_gzharmonic) by extensions ['python_setup_py']
[0.295s] Level 1:colcon.colcon_core.package_identification:_identify(src/aerostack2-tcc_lucca/docker/humble_gzharmonic) by extension 'python_setup_py'
[0.295s] Level 1:colcon.colcon_core.package_identification:_identify(src/aerostack2-tcc_lucca/docker/humble_vnc) by extensions ['ignore', 'ignore_ament_install']
[0.295s] Level 1:colcon.colcon_core.package_identification:_identify(src/aerostack2-tcc_lucca/docker/humble_vnc) by extension 'ignore'
[0.295s] Level 1:colcon.colcon_core.package_identification:_identify(src/aerostack2-tcc_lucca/docker/humble_vnc) by extension 'ignore_ament_install'
[0.295s] Level 1:colcon.colcon_core.package_identification:_identify(src/aerostack2-tcc_lucca/docker/humble_vnc) by extensions ['colcon_pkg']
[0.295s] Level 1:colcon.colcon_core.package_identification:_identify(src/aerostack2-tcc_lucca/docker/humble_vnc) by extension 'colcon_pkg'
[0.295s] Level 1:colcon.colcon_core.package_identification:_identify(src/aerostack2-tcc_lucca/docker/humble_vnc) by extensions ['colcon_meta']
[0.295s] Level 1:colcon.colcon_core.package_identification:_identify(src/aerostack2-tcc_lucca/docker/humble_vnc) by extension 'colcon_meta'
[0.295s] Level 1:colcon.colcon_core.package_identification:_identify(src/aerostack2-tcc_lucca/docker/humble_vnc) by extensions ['ros']
[0.295s] Level 1:colcon.colcon_core.package_identification:_identify(src/aerostack2-tcc_lucca/docker/humble_vnc) by extension 'ros'
[0.295s] Level 1:colcon.colcon_core.package_identification:_identify(src/aerostack2-tcc_lucca/docker/humble_vnc) by extensions ['cmake', 'python']
[0.295s] Level 1:colcon.colcon_core.package_identification:_identify(src/aerostack2-tcc_lucca/docker/humble_vnc) by extension 'cmake'
[0.295s] Level 1:colcon.colcon_core.package_identification:_identify(src/aerostack2-tcc_lucca/docker/humble_vnc) by extension 'python'
[0.295s] Level 1:colcon.colcon_core.package_identification:_identify(src/aerostack2-tcc_lucca/docker/humble_vnc) by extensions ['python_setup_py']
[0.295s] Level 1:colcon.colcon_core.package_identification:_identify(src/aerostack2-tcc_lucca/docker/humble_vnc) by extension 'python_setup_py'
[0.296s] Level 1:colcon.colcon_core.package_identification:_identify(src/aerostack2-tcc_lucca/install) by extensions ['ignore', 'ignore_ament_install']
[0.296s] Level 1:colcon.colcon_core.package_identification:_identify(src/aerostack2-tcc_lucca/install) by extension 'ignore'
[0.296s] Level 1:colcon.colcon_core.package_identification:_identify(src/aerostack2-tcc_lucca/install) ignored
[0.296s] Level 1:colcon.colcon_core.package_identification:_identify(src/aerostack2-tcc_lucca/log) by extensions ['ignore', 'ignore_ament_install']
[0.296s] Level 1:colcon.colcon_core.package_identification:_identify(src/aerostack2-tcc_lucca/log) by extension 'ignore'
[0.296s] Level 1:colcon.colcon_core.package_identification:_identify(src/aerostack2-tcc_lucca/log) ignored
[0.296s] Level 1:colcon.colcon_core.package_identification:_identify(src/project_landing-tcc_lucca) by extensions ['ignore', 'ignore_ament_install']
[0.297s] Level 1:colcon.colcon_core.package_identification:_identify(src/project_landing-tcc_lucca) by extension 'ignore'
[0.297s] Level 1:colcon.colcon_core.package_identification:_identify(src/project_landing-tcc_lucca) by extension 'ignore_ament_install'
[0.297s] Level 1:colcon.colcon_core.package_identification:_identify(src/project_landing-tcc_lucca) by extensions ['colcon_pkg']
[0.297s] Level 1:colcon.colcon_core.package_identification:_identify(src/project_landing-tcc_lucca) by extension 'colcon_pkg'
[0.297s] Level 1:colcon.colcon_core.package_identification:_identify(src/project_landing-tcc_lucca) by extensions ['colcon_meta']
[0.297s] Level 1:colcon.colcon_core.package_identification:_identify(src/project_landing-tcc_lucca) by extension 'colcon_meta'
[0.297s] Level 1:colcon.colcon_core.package_identification:_identify(src/project_landing-tcc_lucca) by extensions ['ros']
[0.297s] Level 1:colcon.colcon_core.package_identification:_identify(src/project_landing-tcc_lucca) by extension 'ros'
[0.297s] Level 1:colcon.colcon_core.package_identification:_identify(src/project_landing-tcc_lucca) by extensions ['cmake', 'python']
[0.297s] Level 1:colcon.colcon_core.package_identification:_identify(src/project_landing-tcc_lucca) by extension 'cmake'
[0.297s] Level 1:colcon.colcon_core.package_identification:_identify(src/project_landing-tcc_lucca) by extension 'python'
[0.297s] Level 1:colcon.colcon_core.package_identification:_identify(src/project_landing-tcc_lucca) by extensions ['python_setup_py']
[0.297s] Level 1:colcon.colcon_core.package_identification:_identify(src/project_landing-tcc_lucca) by extension 'python_setup_py'
[0.297s] Level 1:colcon.colcon_core.package_identification:_identify(src/project_landing-tcc_lucca/config) by extensions ['ignore', 'ignore_ament_install']
[0.297s] Level 1:colcon.colcon_core.package_identification:_identify(src/project_landing-tcc_lucca/config) by extension 'ignore'
[0.297s] Level 1:colcon.colcon_core.package_identification:_identify(src/project_landing-tcc_lucca/config) by extension 'ignore_ament_install'
[0.297s] Level 1:colcon.colcon_core.package_identification:_identify(src/project_landing-tcc_lucca/config) by extensions ['colcon_pkg']
[0.297s] Level 1:colcon.colcon_core.package_identification:_identify(src/project_landing-tcc_lucca/config) by extension 'colcon_pkg'
[0.297s] Level 1:colcon.colcon_core.package_identification:_identify(src/project_landing-tcc_lucca/config) by extensions ['colcon_meta']
[0.297s] Level 1:colcon.colcon_core.package_identification:_identify(src/project_landing-tcc_lucca/config) by extension 'colcon_meta'
[0.297s] Level 1:colcon.colcon_core.package_identification:_identify(src/project_landing-tcc_lucca/config) by extensions ['ros']
[0.297s] Level 1:colcon.colcon_core.package_identification:_identify(src/project_landing-tcc_lucca/config) by extension 'ros'
[0.297s] Level 1:colcon.colcon_core.package_identification:_identify(src/project_landing-tcc_lucca/config) by extensions ['cmake', 'python']
[0.297s] Level 1:colcon.colcon_core.package_identification:_identify(src/project_landing-tcc_lucca/config) by extension 'cmake'
[0.297s] Level 1:colcon.colcon_core.package_identification:_identify(src/project_landing-tcc_lucca/config) by extension 'python'
[0.297s] Level 1:colcon.colcon_core.package_identification:_identify(src/project_landing-tcc_lucca/config) by extensions ['python_setup_py']
[0.297s] Level 1:colcon.colcon_core.package_identification:_identify(src/project_landing-tcc_lucca/config) by extension 'python_setup_py'
[0.297s] Level 1:colcon.colcon_core.package_identification:_identify(src/project_landing-tcc_lucca/examples) by extensions ['ignore', 'ignore_ament_install']
[0.297s] Level 1:colcon.colcon_core.package_identification:_identify(src/project_landing-tcc_lucca/examples) by extension 'ignore'
[0.297s] Level 1:colcon.colcon_core.package_identification:_identify(src/project_landing-tcc_lucca/examples) by extension 'ignore_ament_install'
[0.297s] Level 1:colcon.colcon_core.package_identification:_identify(src/project_landing-tcc_lucca/examples) by extensions ['colcon_pkg']
[0.297s] Level 1:colcon.colcon_core.package_identification:_identify(src/project_landing-tcc_lucca/examples) by extension 'colcon_pkg'
[0.297s] Level 1:colcon.colcon_core.package_identification:_identify(src/project_landing-tcc_lucca/examples) by extensions ['colcon_meta']
[0.297s] Level 1:colcon.colcon_core.package_identification:_identify(src/project_landing-tcc_lucca/examples) by extension 'colcon_meta'
[0.297s] Level 1:colcon.colcon_core.package_identification:_identify(src/project_landing-tcc_lucca/examples) by extensions ['ros']
[0.297s] Level 1:colcon.colcon_core.package_identification:_identify(src/project_landing-tcc_lucca/examples) by extension 'ros'
[0.297s] Level 1:colcon.colcon_core.package_identification:_identify(src/project_landing-tcc_lucca/examples) by extensions ['cmake', 'python']
[0.298s] Level 1:colcon.colcon_core.package_identification:_identify(src/project_landing-tcc_lucca/examples) by extension 'cmake'
[0.298s] Level 1:colcon.colcon_core.package_identification:_identify(src/project_landing-tcc_lucca/examples) by extension 'python'
[0.298s] Level 1:colcon.colcon_core.package_identification:_identify(src/project_landing-tcc_lucca/examples) by extensions ['python_setup_py']
[0.298s] Level 1:colcon.colcon_core.package_identification:_identify(src/project_landing-tcc_lucca/examples) by extension 'python_setup_py'
[0.298s] Level 1:colcon.colcon_core.package_identification:_identify(src/project_landing-tcc_lucca/models) by extensions ['ignore', 'ignore_ament_install']
[0.298s] Level 1:colcon.colcon_core.package_identification:_identify(src/project_landing-tcc_lucca/models) by extension 'ignore'
[0.298s] Level 1:colcon.colcon_core.package_identification:_identify(src/project_landing-tcc_lucca/models) by extension 'ignore_ament_install'
[0.298s] Level 1:colcon.colcon_core.package_identification:_identify(src/project_landing-tcc_lucca/models) by extensions ['colcon_pkg']
[0.298s] Level 1:colcon.colcon_core.package_identification:_identify(src/project_landing-tcc_lucca/models) by extension 'colcon_pkg'
[0.298s] Level 1:colcon.colcon_core.package_identification:_identify(src/project_landing-tcc_lucca/models) by extensions ['colcon_meta']
[0.298s] Level 1:colcon.colcon_core.package_identification:_identify(src/project_landing-tcc_lucca/models) by extension 'colcon_meta'
[0.298s] Level 1:colcon.colcon_core.package_identification:_identify(src/project_landing-tcc_lucca/models) by extensions ['ros']
[0.298s] Level 1:colcon.colcon_core.package_identification:_identify(src/project_landing-tcc_lucca/models) by extension 'ros'
[0.298s] Level 1:colcon.colcon_core.package_identification:_identify(src/project_landing-tcc_lucca/models) by extensions ['cmake', 'python']
[0.298s] Level 1:colcon.colcon_core.package_identification:_identify(src/project_landing-tcc_lucca/models) by extension 'cmake'
[0.298s] Level 1:colcon.colcon_core.package_identification:_identify(src/project_landing-tcc_lucca/models) by extension 'python'
[0.298s] Level 1:colcon.colcon_core.package_identification:_identify(src/project_landing-tcc_lucca/models) by extensions ['python_setup_py']
[0.298s] Level 1:colcon.colcon_core.package_identification:_identify(src/project_landing-tcc_lucca/models) by extension 'python_setup_py'
[0.298s] Level 1:colcon.colcon_core.package_identification:_identify(src/project_landing-tcc_lucca/models/ariel_marker) by extensions ['ignore', 'ignore_ament_install']
[0.298s] Level 1:colcon.colcon_core.package_identification:_identify(src/project_landing-tcc_lucca/models/ariel_marker) by extension 'ignore'
[0.298s] Level 1:colcon.colcon_core.package_identification:_identify(src/project_landing-tcc_lucca/models/ariel_marker) by extension 'ignore_ament_install'
[0.298s] Level 1:colcon.colcon_core.package_identification:_identify(src/project_landing-tcc_lucca/models/ariel_marker) by extensions ['colcon_pkg']
[0.298s] Level 1:colcon.colcon_core.package_identification:_identify(src/project_landing-tcc_lucca/models/ariel_marker) by extension 'colcon_pkg'
[0.298s] Level 1:colcon.colcon_core.package_identification:_identify(src/project_landing-tcc_lucca/models/ariel_marker) by extensions ['colcon_meta']
[0.298s] Level 1:colcon.colcon_core.package_identification:_identify(src/project_landing-tcc_lucca/models/ariel_marker) by extension 'colcon_meta'
[0.298s] Level 1:colcon.colcon_core.package_identification:_identify(src/project_landing-tcc_lucca/models/ariel_marker) by extensions ['ros']
[0.298s] Level 1:colcon.colcon_core.package_identification:_identify(src/project_landing-tcc_lucca/models/ariel_marker) by extension 'ros'
[0.298s] Level 1:colcon.colcon_core.package_identification:_identify(src/project_landing-tcc_lucca/models/ariel_marker) by extensions ['cmake', 'python']
[0.298s] Level 1:colcon.colcon_core.package_identification:_identify(src/project_landing-tcc_lucca/models/ariel_marker) by extension 'cmake'
[0.298s] Level 1:colcon.colcon_core.package_identification:_identify(src/project_landing-tcc_lucca/models/ariel_marker) by extension 'python'
[0.298s] Level 1:colcon.colcon_core.package_identification:_identify(src/project_landing-tcc_lucca/models/ariel_marker) by extensions ['python_setup_py']
[0.298s] Level 1:colcon.colcon_core.package_identification:_identify(src/project_landing-tcc_lucca/models/ariel_marker) by extension 'python_setup_py'
[0.298s] Level 1:colcon.colcon_core.package_identification:_identify(src/project_landing-tcc_lucca/models/aruco_marker_1) by extensions ['ignore', 'ignore_ament_install']
[0.298s] Level 1:colcon.colcon_core.package_identification:_identify(src/project_landing-tcc_lucca/models/aruco_marker_1) by extension 'ignore'
[0.298s] Level 1:colcon.colcon_core.package_identification:_identify(src/project_landing-tcc_lucca/models/aruco_marker_1) by extension 'ignore_ament_install'
[0.299s] Level 1:colcon.colcon_core.package_identification:_identify(src/project_landing-tcc_lucca/models/aruco_marker_1) by extensions ['colcon_pkg']
[0.299s] Level 1:colcon.colcon_core.package_identification:_identify(src/project_landing-tcc_lucca/models/aruco_marker_1) by extension 'colcon_pkg'
[0.299s] Level 1:colcon.colcon_core.package_identification:_identify(src/project_landing-tcc_lucca/models/aruco_marker_1) by extensions ['colcon_meta']
[0.299s] Level 1:colcon.colcon_core.package_identification:_identify(src/project_landing-tcc_lucca/models/aruco_marker_1) by extension 'colcon_meta'
[0.299s] Level 1:colcon.colcon_core.package_identification:_identify(src/project_landing-tcc_lucca/models/aruco_marker_1) by extensions ['ros']
[0.299s] Level 1:colcon.colcon_core.package_identification:_identify(src/project_landing-tcc_lucca/models/aruco_marker_1) by extension 'ros'
[0.299s] Level 1:colcon.colcon_core.package_identification:_identify(src/project_landing-tcc_lucca/models/aruco_marker_1) by extensions ['cmake', 'python']
[0.299s] Level 1:colcon.colcon_core.package_identification:_identify(src/project_landing-tcc_lucca/models/aruco_marker_1) by extension 'cmake'
[0.299s] Level 1:colcon.colcon_core.package_identification:_identify(src/project_landing-tcc_lucca/models/aruco_marker_1) by extension 'python'
[0.299s] Level 1:colcon.colcon_core.package_identification:_identify(src/project_landing-tcc_lucca/models/aruco_marker_1) by extensions ['python_setup_py']
[0.299s] Level 1:colcon.colcon_core.package_identification:_identify(src/project_landing-tcc_lucca/models/aruco_marker_1) by extension 'python_setup_py'
[0.299s] Level 1:colcon.colcon_core.package_identification:_identify(src/project_landing-tcc_lucca/models/aruco_marker_2) by extensions ['ignore', 'ignore_ament_install']
[0.299s] Level 1:colcon.colcon_core.package_identification:_identify(src/project_landing-tcc_lucca/models/aruco_marker_2) by extension 'ignore'
[0.299s] Level 1:colcon.colcon_core.package_identification:_identify(src/project_landing-tcc_lucca/models/aruco_marker_2) by extension 'ignore_ament_install'
[0.299s] Level 1:colcon.colcon_core.package_identification:_identify(src/project_landing-tcc_lucca/models/aruco_marker_2) by extensions ['colcon_pkg']
[0.299s] Level 1:colcon.colcon_core.package_identification:_identify(src/project_landing-tcc_lucca/models/aruco_marker_2) by extension 'colcon_pkg'
[0.299s] Level 1:colcon.colcon_core.package_identification:_identify(src/project_landing-tcc_lucca/models/aruco_marker_2) by extensions ['colcon_meta']
[0.299s] Level 1:colcon.colcon_core.package_identification:_identify(src/project_landing-tcc_lucca/models/aruco_marker_2) by extension 'colcon_meta'
[0.299s] Level 1:colcon.colcon_core.package_identification:_identify(src/project_landing-tcc_lucca/models/aruco_marker_2) by extensions ['ros']
[0.299s] Level 1:colcon.colcon_core.package_identification:_identify(src/project_landing-tcc_lucca/models/aruco_marker_2) by extension 'ros'
[0.299s] Level 1:colcon.colcon_core.package_identification:_identify(src/project_landing-tcc_lucca/models/aruco_marker_2) by extensions ['cmake', 'python']
[0.299s] Level 1:colcon.colcon_core.package_identification:_identify(src/project_landing-tcc_lucca/models/aruco_marker_2) by extension 'cmake'
[0.299s] Level 1:colcon.colcon_core.package_identification:_identify(src/project_landing-tcc_lucca/models/aruco_marker_2) by extension 'python'
[0.299s] Level 1:colcon.colcon_core.package_identification:_identify(src/project_landing-tcc_lucca/models/aruco_marker_2) by extensions ['python_setup_py']
[0.299s] Level 1:colcon.colcon_core.package_identification:_identify(src/project_landing-tcc_lucca/models/aruco_marker_2) by extension 'python_setup_py'
[0.300s] Level 1:colcon.colcon_core.package_identification:_identify(src/project_landing-tcc_lucca/models/aruco_marker_3) by extensions ['ignore', 'ignore_ament_install']
[0.300s] Level 1:colcon.colcon_core.package_identification:_identify(src/project_landing-tcc_lucca/models/aruco_marker_3) by extension 'ignore'
[0.300s] Level 1:colcon.colcon_core.package_identification:_identify(src/project_landing-tcc_lucca/models/aruco_marker_3) by extension 'ignore_ament_install'
[0.300s] Level 1:colcon.colcon_core.package_identification:_identify(src/project_landing-tcc_lucca/models/aruco_marker_3) by extensions ['colcon_pkg']
[0.300s] Level 1:colcon.colcon_core.package_identification:_identify(src/project_landing-tcc_lucca/models/aruco_marker_3) by extension 'colcon_pkg'
[0.300s] Level 1:colcon.colcon_core.package_identification:_identify(src/project_landing-tcc_lucca/models/aruco_marker_3) by extensions ['colcon_meta']
[0.300s] Level 1:colcon.colcon_core.package_identification:_identify(src/project_landing-tcc_lucca/models/aruco_marker_3) by extension 'colcon_meta'
[0.300s] Level 1:colcon.colcon_core.package_identification:_identify(src/project_landing-tcc_lucca/models/aruco_marker_3) by extensions ['ros']
[0.300s] Level 1:colcon.colcon_core.package_identification:_identify(src/project_landing-tcc_lucca/models/aruco_marker_3) by extension 'ros'
[0.300s] Level 1:colcon.colcon_core.package_identification:_identify(src/project_landing-tcc_lucca/models/aruco_marker_3) by extensions ['cmake', 'python']
[0.300s] Level 1:colcon.colcon_core.package_identification:_identify(src/project_landing-tcc_lucca/models/aruco_marker_3) by extension 'cmake'
[0.300s] Level 1:colcon.colcon_core.package_identification:_identify(src/project_landing-tcc_lucca/models/aruco_marker_3) by extension 'python'
[0.300s] Level 1:colcon.colcon_core.package_identification:_identify(src/project_landing-tcc_lucca/models/aruco_marker_3) by extensions ['python_setup_py']
[0.300s] Level 1:colcon.colcon_core.package_identification:_identify(src/project_landing-tcc_lucca/models/aruco_marker_3) by extension 'python_setup_py'
[0.300s] Level 1:colcon.colcon_core.package_identification:_identify(src/project_landing-tcc_lucca/models/aruco_marker_4) by extensions ['ignore', 'ignore_ament_install']
[0.300s] Level 1:colcon.colcon_core.package_identification:_identify(src/project_landing-tcc_lucca/models/aruco_marker_4) by extension 'ignore'
[0.300s] Level 1:colcon.colcon_core.package_identification:_identify(src/project_landing-tcc_lucca/models/aruco_marker_4) by extension 'ignore_ament_install'
[0.300s] Level 1:colcon.colcon_core.package_identification:_identify(src/project_landing-tcc_lucca/models/aruco_marker_4) by extensions ['colcon_pkg']
[0.300s] Level 1:colcon.colcon_core.package_identification:_identify(src/project_landing-tcc_lucca/models/aruco_marker_4) by extension 'colcon_pkg'
[0.300s] Level 1:colcon.colcon_core.package_identification:_identify(src/project_landing-tcc_lucca/models/aruco_marker_4) by extensions ['colcon_meta']
[0.300s] Level 1:colcon.colcon_core.package_identification:_identify(src/project_landing-tcc_lucca/models/aruco_marker_4) by extension 'colcon_meta'
[0.300s] Level 1:colcon.colcon_core.package_identification:_identify(src/project_landing-tcc_lucca/models/aruco_marker_4) by extensions ['ros']
[0.300s] Level 1:colcon.colcon_core.package_identification:_identify(src/project_landing-tcc_lucca/models/aruco_marker_4) by extension 'ros'
[0.300s] Level 1:colcon.colcon_core.package_identification:_identify(src/project_landing-tcc_lucca/models/aruco_marker_4) by extensions ['cmake', 'python']
[0.300s] Level 1:colcon.colcon_core.package_identification:_identify(src/project_landing-tcc_lucca/models/aruco_marker_4) by extension 'cmake'
[0.300s] Level 1:colcon.colcon_core.package_identification:_identify(src/project_landing-tcc_lucca/models/aruco_marker_4) by extension 'python'
[0.300s] Level 1:colcon.colcon_core.package_identification:_identify(src/project_landing-tcc_lucca/models/aruco_marker_4) by extensions ['python_setup_py']
[0.300s] Level 1:colcon.colcon_core.package_identification:_identify(src/project_landing-tcc_lucca/models/aruco_marker_4) by extension 'python_setup_py'
[0.300s] Level 1:colcon.colcon_core.package_identification:_identify(src/project_landing-tcc_lucca/models/aruco_marker_5) by extensions ['ignore', 'ignore_ament_install']
[0.300s] Level 1:colcon.colcon_core.package_identification:_identify(src/project_landing-tcc_lucca/models/aruco_marker_5) by extension 'ignore'
[0.300s] Level 1:colcon.colcon_core.package_identification:_identify(src/project_landing-tcc_lucca/models/aruco_marker_5) by extension 'ignore_ament_install'
[0.300s] Level 1:colcon.colcon_core.package_identification:_identify(src/project_landing-tcc_lucca/models/aruco_marker_5) by extensions ['colcon_pkg']
[0.300s] Level 1:colcon.colcon_core.package_identification:_identify(src/project_landing-tcc_lucca/models/aruco_marker_5) by extension 'colcon_pkg'
[0.300s] Level 1:colcon.colcon_core.package_identification:_identify(src/project_landing-tcc_lucca/models/aruco_marker_5) by extensions ['colcon_meta']
[0.300s] Level 1:colcon.colcon_core.package_identification:_identify(src/project_landing-tcc_lucca/models/aruco_marker_5) by extension 'colcon_meta'
[0.300s] Level 1:colcon.colcon_core.package_identification:_identify(src/project_landing-tcc_lucca/models/aruco_marker_5) by extensions ['ros']
[0.300s] Level 1:colcon.colcon_core.package_identification:_identify(src/project_landing-tcc_lucca/models/aruco_marker_5) by extension 'ros'
[0.300s] Level 1:colcon.colcon_core.package_identification:_identify(src/project_landing-tcc_lucca/models/aruco_marker_5) by extensions ['cmake', 'python']
[0.300s] Level 1:colcon.colcon_core.package_identification:_identify(src/project_landing-tcc_lucca/models/aruco_marker_5) by extension 'cmake'
[0.301s] Level 1:colcon.colcon_core.package_identification:_identify(src/project_landing-tcc_lucca/models/aruco_marker_5) by extension 'python'
[0.301s] Level 1:colcon.colcon_core.package_identification:_identify(src/project_landing-tcc_lucca/models/aruco_marker_5) by extensions ['python_setup_py']
[0.301s] Level 1:colcon.colcon_core.package_identification:_identify(src/project_landing-tcc_lucca/models/aruco_marker_5) by extension 'python_setup_py'
[0.301s] Level 1:colcon.colcon_core.package_identification:_identify(src/project_landing-tcc_lucca/models/logitech_brio) by extensions ['ignore', 'ignore_ament_install']
[0.301s] Level 1:colcon.colcon_core.package_identification:_identify(src/project_landing-tcc_lucca/models/logitech_brio) by extension 'ignore'
[0.301s] Level 1:colcon.colcon_core.package_identification:_identify(src/project_landing-tcc_lucca/models/logitech_brio) by extension 'ignore_ament_install'
[0.301s] Level 1:colcon.colcon_core.package_identification:_identify(src/project_landing-tcc_lucca/models/logitech_brio) by extensions ['colcon_pkg']
[0.301s] Level 1:colcon.colcon_core.package_identification:_identify(src/project_landing-tcc_lucca/models/logitech_brio) by extension 'colcon_pkg'
[0.301s] Level 1:colcon.colcon_core.package_identification:_identify(src/project_landing-tcc_lucca/models/logitech_brio) by extensions ['colcon_meta']
[0.301s] Level 1:colcon.colcon_core.package_identification:_identify(src/project_landing-tcc_lucca/models/logitech_brio) by extension 'colcon_meta'
[0.301s] Level 1:colcon.colcon_core.package_identification:_identify(src/project_landing-tcc_lucca/models/logitech_brio) by extensions ['ros']
[0.301s] Level 1:colcon.colcon_core.package_identification:_identify(src/project_landing-tcc_lucca/models/logitech_brio) by extension 'ros'
[0.301s] Level 1:colcon.colcon_core.package_identification:_identify(src/project_landing-tcc_lucca/models/logitech_brio) by extensions ['cmake', 'python']
[0.301s] Level 1:colcon.colcon_core.package_identification:_identify(src/project_landing-tcc_lucca/models/logitech_brio) by extension 'cmake'
[0.301s] Level 1:colcon.colcon_core.package_identification:_identify(src/project_landing-tcc_lucca/models/logitech_brio) by extension 'python'
[0.301s] Level 1:colcon.colcon_core.package_identification:_identify(src/project_landing-tcc_lucca/models/logitech_brio) by extensions ['python_setup_py']
[0.301s] Level 1:colcon.colcon_core.package_identification:_identify(src/project_landing-tcc_lucca/models/logitech_brio) by extension 'python_setup_py'
[0.301s] Level 1:colcon.colcon_core.package_identification:_identify(src/project_landing-tcc_lucca/models/logitech_brio/meshes) by extensions ['ignore', 'ignore_ament_install']
[0.301s] Level 1:colcon.colcon_core.package_identification:_identify(src/project_landing-tcc_lucca/models/logitech_brio/meshes) by extension 'ignore'
[0.301s] Level 1:colcon.colcon_core.package_identification:_identify(src/project_landing-tcc_lucca/models/logitech_brio/meshes) by extension 'ignore_ament_install'
[0.301s] Level 1:colcon.colcon_core.package_identification:_identify(src/project_landing-tcc_lucca/models/logitech_brio/meshes) by extensions ['colcon_pkg']
[0.301s] Level 1:colcon.colcon_core.package_identification:_identify(src/project_landing-tcc_lucca/models/logitech_brio/meshes) by extension 'colcon_pkg'
[0.301s] Level 1:colcon.colcon_core.package_identification:_identify(src/project_landing-tcc_lucca/models/logitech_brio/meshes) by extensions ['colcon_meta']
[0.301s] Level 1:colcon.colcon_core.package_identification:_identify(src/project_landing-tcc_lucca/models/logitech_brio/meshes) by extension 'colcon_meta'
[0.301s] Level 1:colcon.colcon_core.package_identification:_identify(src/project_landing-tcc_lucca/models/logitech_brio/meshes) by extensions ['ros']
[0.301s] Level 1:colcon.colcon_core.package_identification:_identify(src/project_landing-tcc_lucca/models/logitech_brio/meshes) by extension 'ros'
[0.301s] Level 1:colcon.colcon_core.package_identification:_identify(src/project_landing-tcc_lucca/models/logitech_brio/meshes) by extensions ['cmake', 'python']
[0.301s] Level 1:colcon.colcon_core.package_identification:_identify(src/project_landing-tcc_lucca/models/logitech_brio/meshes) by extension 'cmake'
[0.301s] Level 1:colcon.colcon_core.package_identification:_identify(src/project_landing-tcc_lucca/models/logitech_brio/meshes) by extension 'python'
[0.301s] Level 1:colcon.colcon_core.package_identification:_identify(src/project_landing-tcc_lucca/models/logitech_brio/meshes) by extensions ['python_setup_py']
[0.301s] Level 1:colcon.colcon_core.package_identification:_identify(src/project_landing-tcc_lucca/models/logitech_brio/meshes) by extension 'python_setup_py'
[0.302s] Level 1:colcon.colcon_core.package_identification:_identify(src/project_landing-tcc_lucca/models/logitech_c920) by extensions ['ignore', 'ignore_ament_install']
[0.302s] Level 1:colcon.colcon_core.package_identification:_identify(src/project_landing-tcc_lucca/models/logitech_c920) by extension 'ignore'
[0.302s] Level 1:colcon.colcon_core.package_identification:_identify(src/project_landing-tcc_lucca/models/logitech_c920) by extension 'ignore_ament_install'
[0.302s] Level 1:colcon.colcon_core.package_identification:_identify(src/project_landing-tcc_lucca/models/logitech_c920) by extensions ['colcon_pkg']
[0.302s] Level 1:colcon.colcon_core.package_identification:_identify(src/project_landing-tcc_lucca/models/logitech_c920) by extension 'colcon_pkg'
[0.302s] Level 1:colcon.colcon_core.package_identification:_identify(src/project_landing-tcc_lucca/models/logitech_c920) by extensions ['colcon_meta']
[0.302s] Level 1:colcon.colcon_core.package_identification:_identify(src/project_landing-tcc_lucca/models/logitech_c920) by extension 'colcon_meta'
[0.302s] Level 1:colcon.colcon_core.package_identification:_identify(src/project_landing-tcc_lucca/models/logitech_c920) by extensions ['ros']
[0.302s] Level 1:colcon.colcon_core.package_identification:_identify(src/project_landing-tcc_lucca/models/logitech_c920) by extension 'ros'
[0.302s] Level 1:colcon.colcon_core.package_identification:_identify(src/project_landing-tcc_lucca/models/logitech_c920) by extensions ['cmake', 'python']
[0.302s] Level 1:colcon.colcon_core.package_identification:_identify(src/project_landing-tcc_lucca/models/logitech_c920) by extension 'cmake'
[0.302s] Level 1:colcon.colcon_core.package_identification:_identify(src/project_landing-tcc_lucca/models/logitech_c920) by extension 'python'
[0.302s] Level 1:colcon.colcon_core.package_identification:_identify(src/project_landing-tcc_lucca/models/logitech_c920) by extensions ['python_setup_py']
[0.302s] Level 1:colcon.colcon_core.package_identification:_identify(src/project_landing-tcc_lucca/models/logitech_c920) by extension 'python_setup_py'
[0.302s] Level 1:colcon.colcon_core.package_identification:_identify(src/project_landing-tcc_lucca/models/logitech_c920/meshes) by extensions ['ignore', 'ignore_ament_install']
[0.302s] Level 1:colcon.colcon_core.package_identification:_identify(src/project_landing-tcc_lucca/models/logitech_c920/meshes) by extension 'ignore'
[0.302s] Level 1:colcon.colcon_core.package_identification:_identify(src/project_landing-tcc_lucca/models/logitech_c920/meshes) by extension 'ignore_ament_install'
[0.302s] Level 1:colcon.colcon_core.package_identification:_identify(src/project_landing-tcc_lucca/models/logitech_c920/meshes) by extensions ['colcon_pkg']
[0.302s] Level 1:colcon.colcon_core.package_identification:_identify(src/project_landing-tcc_lucca/models/logitech_c920/meshes) by extension 'colcon_pkg'
[0.302s] Level 1:colcon.colcon_core.package_identification:_identify(src/project_landing-tcc_lucca/models/logitech_c920/meshes) by extensions ['colcon_meta']
[0.302s] Level 1:colcon.colcon_core.package_identification:_identify(src/project_landing-tcc_lucca/models/logitech_c920/meshes) by extension 'colcon_meta'
[0.302s] Level 1:colcon.colcon_core.package_identification:_identify(src/project_landing-tcc_lucca/models/logitech_c920/meshes) by extensions ['ros']
[0.302s] Level 1:colcon.colcon_core.package_identification:_identify(src/project_landing-tcc_lucca/models/logitech_c920/meshes) by extension 'ros'
[0.302s] Level 1:colcon.colcon_core.package_identification:_identify(src/project_landing-tcc_lucca/models/logitech_c920/meshes) by extensions ['cmake', 'python']
[0.302s] Level 1:colcon.colcon_core.package_identification:_identify(src/project_landing-tcc_lucca/models/logitech_c920/meshes) by extension 'cmake'
[0.302s] Level 1:colcon.colcon_core.package_identification:_identify(src/project_landing-tcc_lucca/models/logitech_c920/meshes) by extension 'python'
[0.302s] Level 1:colcon.colcon_core.package_identification:_identify(src/project_landing-tcc_lucca/models/logitech_c920/meshes) by extensions ['python_setup_py']
[0.302s] Level 1:colcon.colcon_core.package_identification:_identify(src/project_landing-tcc_lucca/models/logitech_c920/meshes) by extension 'python_setup_py'
[0.302s] Level 1:colcon.colcon_core.package_identification:_identify(src/project_landing-tcc_lucca/models/x500) by extensions ['ignore', 'ignore_ament_install']
[0.302s] Level 1:colcon.colcon_core.package_identification:_identify(src/project_landing-tcc_lucca/models/x500) by extension 'ignore'
[0.302s] Level 1:colcon.colcon_core.package_identification:_identify(src/project_landing-tcc_lucca/models/x500) by extension 'ignore_ament_install'
[0.302s] Level 1:colcon.colcon_core.package_identification:_identify(src/project_landing-tcc_lucca/models/x500) by extensions ['colcon_pkg']
[0.302s] Level 1:colcon.colcon_core.package_identification:_identify(src/project_landing-tcc_lucca/models/x500) by extension 'colcon_pkg'
[0.303s] Level 1:colcon.colcon_core.package_identification:_identify(src/project_landing-tcc_lucca/models/x500) by extensions ['colcon_meta']
[0.303s] Level 1:colcon.colcon_core.package_identification:_identify(src/project_landing-tcc_lucca/models/x500) by extension 'colcon_meta'
[0.303s] Level 1:colcon.colcon_core.package_identification:_identify(src/project_landing-tcc_lucca/models/x500) by extensions ['ros']
[0.303s] Level 1:colcon.colcon_core.package_identification:_identify(src/project_landing-tcc_lucca/models/x500) by extension 'ros'
[0.303s] Level 1:colcon.colcon_core.package_identification:_identify(src/project_landing-tcc_lucca/models/x500) by extensions ['cmake', 'python']
[0.303s] Level 1:colcon.colcon_core.package_identification:_identify(src/project_landing-tcc_lucca/models/x500) by extension 'cmake'
[0.303s] Level 1:colcon.colcon_core.package_identification:_identify(src/project_landing-tcc_lucca/models/x500) by extension 'python'
[0.303s] Level 1:colcon.colcon_core.package_identification:_identify(src/project_landing-tcc_lucca/models/x500) by extensions ['python_setup_py']
[0.303s] Level 1:colcon.colcon_core.package_identification:_identify(src/project_landing-tcc_lucca/models/x500) by extension 'python_setup_py'
[0.303s] Level 1:colcon.colcon_core.package_identification:_identify(src/project_landing-tcc_lucca/models/x500/materials) by extensions ['ignore', 'ignore_ament_install']
[0.303s] Level 1:colcon.colcon_core.package_identification:_identify(src/project_landing-tcc_lucca/models/x500/materials) by extension 'ignore'
[0.303s] Level 1:colcon.colcon_core.package_identification:_identify(src/project_landing-tcc_lucca/models/x500/materials) by extension 'ignore_ament_install'
[0.303s] Level 1:colcon.colcon_core.package_identification:_identify(src/project_landing-tcc_lucca/models/x500/materials) by extensions ['colcon_pkg']
[0.303s] Level 1:colcon.colcon_core.package_identification:_identify(src/project_landing-tcc_lucca/models/x500/materials) by extension 'colcon_pkg'
[0.303s] Level 1:colcon.colcon_core.package_identification:_identify(src/project_landing-tcc_lucca/models/x500/materials) by extensions ['colcon_meta']
[0.303s] Level 1:colcon.colcon_core.package_identification:_identify(src/project_landing-tcc_lucca/models/x500/materials) by extension 'colcon_meta'
[0.303s] Level 1:colcon.colcon_core.package_identification:_identify(src/project_landing-tcc_lucca/models/x500/materials) by extensions ['ros']
[0.303s] Level 1:colcon.colcon_core.package_identification:_identify(src/project_landing-tcc_lucca/models/x500/materials) by extension 'ros'
[0.303s] Level 1:colcon.colcon_core.package_identification:_identify(src/project_landing-tcc_lucca/models/x500/materials) by extensions ['cmake', 'python']
[0.303s] Level 1:colcon.colcon_core.package_identification:_identify(src/project_landing-tcc_lucca/models/x500/materials) by extension 'cmake'
[0.303s] Level 1:colcon.colcon_core.package_identification:_identify(src/project_landing-tcc_lucca/models/x500/materials) by extension 'python'
[0.303s] Level 1:colcon.colcon_core.package_identification:_identify(src/project_landing-tcc_lucca/models/x500/materials) by extensions ['python_setup_py']
[0.303s] Level 1:colcon.colcon_core.package_identification:_identify(src/project_landing-tcc_lucca/models/x500/materials) by extension 'python_setup_py'
[0.303s] Level 1:colcon.colcon_core.package_identification:_identify(src/project_landing-tcc_lucca/models/x500/materials/textures) by extensions ['ignore', 'ignore_ament_install']
[0.303s] Level 1:colcon.colcon_core.package_identification:_identify(src/project_landing-tcc_lucca/models/x500/materials/textures) by extension 'ignore'
[0.303s] Level 1:colcon.colcon_core.package_identification:_identify(src/project_landing-tcc_lucca/models/x500/materials/textures) by extension 'ignore_ament_install'
[0.303s] Level 1:colcon.colcon_core.package_identification:_identify(src/project_landing-tcc_lucca/models/x500/materials/textures) by extensions ['colcon_pkg']
[0.303s] Level 1:colcon.colcon_core.package_identification:_identify(src/project_landing-tcc_lucca/models/x500/materials/textures) by extension 'colcon_pkg'
[0.303s] Level 1:colcon.colcon_core.package_identification:_identify(src/project_landing-tcc_lucca/models/x500/materials/textures) by extensions ['colcon_meta']
[0.303s] Level 1:colcon.colcon_core.package_identification:_identify(src/project_landing-tcc_lucca/models/x500/materials/textures) by extension 'colcon_meta'
[0.303s] Level 1:colcon.colcon_core.package_identification:_identify(src/project_landing-tcc_lucca/models/x500/materials/textures) by extensions ['ros']
[0.303s] Level 1:colcon.colcon_core.package_identification:_identify(src/project_landing-tcc_lucca/models/x500/materials/textures) by extension 'ros'
[0.303s] Level 1:colcon.colcon_core.package_identification:_identify(src/project_landing-tcc_lucca/models/x500/materials/textures) by extensions ['cmake', 'python']
[0.303s] Level 1:colcon.colcon_core.package_identification:_identify(src/project_landing-tcc_lucca/models/x500/materials/textures) by extension 'cmake'
[0.303s] Level 1:colcon.colcon_core.package_identification:_identify(src/project_landing-tcc_lucca/models/x500/materials/textures) by extension 'python'
[0.303s] Level 1:colcon.colcon_core.package_identification:_identify(src/project_landing-tcc_lucca/models/x500/materials/textures) by extensions ['python_setup_py']
[0.303s] Level 1:colcon.colcon_core.package_identification:_identify(src/project_landing-tcc_lucca/models/x500/materials/textures) by extension 'python_setup_py'
[0.304s] Level 1:colcon.colcon_core.package_identification:_identify(src/project_landing-tcc_lucca/models/x500/meshes) by extensions ['ignore', 'ignore_ament_install']
[0.304s] Level 1:colcon.colcon_core.package_identification:_identify(src/project_landing-tcc_lucca/models/x500/meshes) by extension 'ignore'
[0.304s] Level 1:colcon.colcon_core.package_identification:_identify(src/project_landing-tcc_lucca/models/x500/meshes) by extension 'ignore_ament_install'
[0.304s] Level 1:colcon.colcon_core.package_identification:_identify(src/project_landing-tcc_lucca/models/x500/meshes) by extensions ['colcon_pkg']
[0.304s] Level 1:colcon.colcon_core.package_identification:_identify(src/project_landing-tcc_lucca/models/x500/meshes) by extension 'colcon_pkg'
[0.304s] Level 1:colcon.colcon_core.package_identification:_identify(src/project_landing-tcc_lucca/models/x500/meshes) by extensions ['colcon_meta']
[0.304s] Level 1:colcon.colcon_core.package_identification:_identify(src/project_landing-tcc_lucca/models/x500/meshes) by extension 'colcon_meta'
[0.304s] Level 1:colcon.colcon_core.package_identification:_identify(src/project_landing-tcc_lucca/models/x500/meshes) by extensions ['ros']
[0.304s] Level 1:colcon.colcon_core.package_identification:_identify(src/project_landing-tcc_lucca/models/x500/meshes) by extension 'ros'
[0.304s] Level 1:colcon.colcon_core.package_identification:_identify(src/project_landing-tcc_lucca/models/x500/meshes) by extensions ['cmake', 'python']
[0.304s] Level 1:colcon.colcon_core.package_identification:_identify(src/project_landing-tcc_lucca/models/x500/meshes) by extension 'cmake'
[0.304s] Level 1:colcon.colcon_core.package_identification:_identify(src/project_landing-tcc_lucca/models/x500/meshes) by extension 'python'
[0.304s] Level 1:colcon.colcon_core.package_identification:_identify(src/project_landing-tcc_lucca/models/x500/meshes) by extensions ['python_setup_py']
[0.304s] Level 1:colcon.colcon_core.package_identification:_identify(src/project_landing-tcc_lucca/models/x500/meshes) by extension 'python_setup_py'
[0.304s] Level 1:colcon.colcon_core.package_identification:_identify(src/project_landing-tcc_lucca/models/x500/thumbnails) by extensions ['ignore', 'ignore_ament_install']
[0.304s] Level 1:colcon.colcon_core.package_identification:_identify(src/project_landing-tcc_lucca/models/x500/thumbnails) by extension 'ignore'
[0.304s] Level 1:colcon.colcon_core.package_identification:_identify(src/project_landing-tcc_lucca/models/x500/thumbnails) by extension 'ignore_ament_install'
[0.304s] Level 1:colcon.colcon_core.package_identification:_identify(src/project_landing-tcc_lucca/models/x500/thumbnails) by extensions ['colcon_pkg']
[0.304s] Level 1:colcon.colcon_core.package_identification:_identify(src/project_landing-tcc_lucca/models/x500/thumbnails) by extension 'colcon_pkg'
[0.304s] Level 1:colcon.colcon_core.package_identification:_identify(src/project_landing-tcc_lucca/models/x500/thumbnails) by extensions ['colcon_meta']
[0.304s] Level 1:colcon.colcon_core.package_identification:_identify(src/project_landing-tcc_lucca/models/x500/thumbnails) by extension 'colcon_meta'
[0.304s] Level 1:colcon.colcon_core.package_identification:_identify(src/project_landing-tcc_lucca/models/x500/thumbnails) by extensions ['ros']
[0.304s] Level 1:colcon.colcon_core.package_identification:_identify(src/project_landing-tcc_lucca/models/x500/thumbnails) by extension 'ros'
[0.304s] Level 1:colcon.colcon_core.package_identification:_identify(src/project_landing-tcc_lucca/models/x500/thumbnails) by extensions ['cmake', 'python']
[0.304s] Level 1:colcon.colcon_core.package_identification:_identify(src/project_landing-tcc_lucca/models/x500/thumbnails) by extension 'cmake'
[0.304s] Level 1:colcon.colcon_core.package_identification:_identify(src/project_landing-tcc_lucca/models/x500/thumbnails) by extension 'python'
[0.304s] Level 1:colcon.colcon_core.package_identification:_identify(src/project_landing-tcc_lucca/models/x500/thumbnails) by extensions ['python_setup_py']
[0.304s] Level 1:colcon.colcon_core.package_identification:_identify(src/project_landing-tcc_lucca/models/x500/thumbnails) by extension 'python_setup_py'
[0.304s] Level 1:colcon.colcon_core.package_identification:_identify(src/project_landing-tcc_lucca/models/x500_as2) by extensions ['ignore', 'ignore_ament_install']
[0.304s] Level 1:colcon.colcon_core.package_identification:_identify(src/project_landing-tcc_lucca/models/x500_as2) by extension 'ignore'
[0.304s] Level 1:colcon.colcon_core.package_identification:_identify(src/project_landing-tcc_lucca/models/x500_as2) by extension 'ignore_ament_install'
[0.304s] Level 1:colcon.colcon_core.package_identification:_identify(src/project_landing-tcc_lucca/models/x500_as2) by extensions ['colcon_pkg']
[0.304s] Level 1:colcon.colcon_core.package_identification:_identify(src/project_landing-tcc_lucca/models/x500_as2) by extension 'colcon_pkg'
[0.304s] Level 1:colcon.colcon_core.package_identification:_identify(src/project_landing-tcc_lucca/models/x500_as2) by extensions ['colcon_meta']
[0.304s] Level 1:colcon.colcon_core.package_identification:_identify(src/project_landing-tcc_lucca/models/x500_as2) by extension 'colcon_meta'
[0.305s] Level 1:colcon.colcon_core.package_identification:_identify(src/project_landing-tcc_lucca/models/x500_as2) by extensions ['ros']
[0.305s] Level 1:colcon.colcon_core.package_identification:_identify(src/project_landing-tcc_lucca/models/x500_as2) by extension 'ros'
[0.305s] Level 1:colcon.colcon_core.package_identification:_identify(src/project_landing-tcc_lucca/models/x500_as2) by extensions ['cmake', 'python']
[0.305s] Level 1:colcon.colcon_core.package_identification:_identify(src/project_landing-tcc_lucca/models/x500_as2) by extension 'cmake'
[0.305s] Level 1:colcon.colcon_core.package_identification:_identify(src/project_landing-tcc_lucca/models/x500_as2) by extension 'python'
[0.305s] Level 1:colcon.colcon_core.package_identification:_identify(src/project_landing-tcc_lucca/models/x500_as2) by extensions ['python_setup_py']
[0.305s] Level 1:colcon.colcon_core.package_identification:_identify(src/project_landing-tcc_lucca/models/x500_as2) by extension 'python_setup_py'
[0.305s] Level 1:colcon.colcon_core.package_identification:_identify(src/project_landing-tcc_lucca/models/x500_as2/materials) by extensions ['ignore', 'ignore_ament_install']
[0.305s] Level 1:colcon.colcon_core.package_identification:_identify(src/project_landing-tcc_lucca/models/x500_as2/materials) by extension 'ignore'
[0.305s] Level 1:colcon.colcon_core.package_identification:_identify(src/project_landing-tcc_lucca/models/x500_as2/materials) by extension 'ignore_ament_install'
[0.305s] Level 1:colcon.colcon_core.package_identification:_identify(src/project_landing-tcc_lucca/models/x500_as2/materials) by extensions ['colcon_pkg']
[0.305s] Level 1:colcon.colcon_core.package_identification:_identify(src/project_landing-tcc_lucca/models/x500_as2/materials) by extension 'colcon_pkg'
[0.305s] Level 1:colcon.colcon_core.package_identification:_identify(src/project_landing-tcc_lucca/models/x500_as2/materials) by extensions ['colcon_meta']
[0.305s] Level 1:colcon.colcon_core.package_identification:_identify(src/project_landing-tcc_lucca/models/x500_as2/materials) by extension 'colcon_meta'
[0.305s] Level 1:colcon.colcon_core.package_identification:_identify(src/project_landing-tcc_lucca/models/x500_as2/materials) by extensions ['ros']
[0.305s] Level 1:colcon.colcon_core.package_identification:_identify(src/project_landing-tcc_lucca/models/x500_as2/materials) by extension 'ros'
[0.305s] Level 1:colcon.colcon_core.package_identification:_identify(src/project_landing-tcc_lucca/models/x500_as2/materials) by extensions ['cmake', 'python']
[0.305s] Level 1:colcon.colcon_core.package_identification:_identify(src/project_landing-tcc_lucca/models/x500_as2/materials) by extension 'cmake'
[0.305s] Level 1:colcon.colcon_core.package_identification:_identify(src/project_landing-tcc_lucca/models/x500_as2/materials) by extension 'python'
[0.305s] Level 1:colcon.colcon_core.package_identification:_identify(src/project_landing-tcc_lucca/models/x500_as2/materials) by extensions ['python_setup_py']
[0.305s] Level 1:colcon.colcon_core.package_identification:_identify(src/project_landing-tcc_lucca/models/x500_as2/materials) by extension 'python_setup_py'
[0.305s] Level 1:colcon.colcon_core.package_identification:_identify(src/project_landing-tcc_lucca/models/x500_as2/materials/textures) by extensions ['ignore', 'ignore_ament_install']
[0.305s] Level 1:colcon.colcon_core.package_identification:_identify(src/project_landing-tcc_lucca/models/x500_as2/materials/textures) by extension 'ignore'
[0.305s] Level 1:colcon.colcon_core.package_identification:_identify(src/project_landing-tcc_lucca/models/x500_as2/materials/textures) by extension 'ignore_ament_install'
[0.305s] Level 1:colcon.colcon_core.package_identification:_identify(src/project_landing-tcc_lucca/models/x500_as2/materials/textures) by extensions ['colcon_pkg']
[0.305s] Level 1:colcon.colcon_core.package_identification:_identify(src/project_landing-tcc_lucca/models/x500_as2/materials/textures) by extension 'colcon_pkg'
[0.305s] Level 1:colcon.colcon_core.package_identification:_identify(src/project_landing-tcc_lucca/models/x500_as2/materials/textures) by extensions ['colcon_meta']
[0.305s] Level 1:colcon.colcon_core.package_identification:_identify(src/project_landing-tcc_lucca/models/x500_as2/materials/textures) by extension 'colcon_meta'
[0.305s] Level 1:colcon.colcon_core.package_identification:_identify(src/project_landing-tcc_lucca/models/x500_as2/materials/textures) by extensions ['ros']
[0.305s] Level 1:colcon.colcon_core.package_identification:_identify(src/project_landing-tcc_lucca/models/x500_as2/materials/textures) by extension 'ros'
[0.305s] Level 1:colcon.colcon_core.package_identification:_identify(src/project_landing-tcc_lucca/models/x500_as2/materials/textures) by extensions ['cmake', 'python']
[0.305s] Level 1:colcon.colcon_core.package_identification:_identify(src/project_landing-tcc_lucca/models/x500_as2/materials/textures) by extension 'cmake'
[0.305s] Level 1:colcon.colcon_core.package_identification:_identify(src/project_landing-tcc_lucca/models/x500_as2/materials/textures) by extension 'python'
[0.305s] Level 1:colcon.colcon_core.package_identification:_identify(src/project_landing-tcc_lucca/models/x500_as2/materials/textures) by extensions ['python_setup_py']
[0.306s] Level 1:colcon.colcon_core.package_identification:_identify(src/project_landing-tcc_lucca/models/x500_as2/materials/textures) by extension 'python_setup_py'
[0.306s] Level 1:colcon.colcon_core.package_identification:_identify(src/project_landing-tcc_lucca/models/x500_as2/meshes) by extensions ['ignore', 'ignore_ament_install']
[0.306s] Level 1:colcon.colcon_core.package_identification:_identify(src/project_landing-tcc_lucca/models/x500_as2/meshes) by extension 'ignore'
[0.306s] Level 1:colcon.colcon_core.package_identification:_identify(src/project_landing-tcc_lucca/models/x500_as2/meshes) by extension 'ignore_ament_install'
[0.306s] Level 1:colcon.colcon_core.package_identification:_identify(src/project_landing-tcc_lucca/models/x500_as2/meshes) by extensions ['colcon_pkg']
[0.306s] Level 1:colcon.colcon_core.package_identification:_identify(src/project_landing-tcc_lucca/models/x500_as2/meshes) by extension 'colcon_pkg'
[0.306s] Level 1:colcon.colcon_core.package_identification:_identify(src/project_landing-tcc_lucca/models/x500_as2/meshes) by extensions ['colcon_meta']
[0.306s] Level 1:colcon.colcon_core.package_identification:_identify(src/project_landing-tcc_lucca/models/x500_as2/meshes) by extension 'colcon_meta'
[0.306s] Level 1:colcon.colcon_core.package_identification:_identify(src/project_landing-tcc_lucca/models/x500_as2/meshes) by extensions ['ros']
[0.306s] Level 1:colcon.colcon_core.package_identification:_identify(src/project_landing-tcc_lucca/models/x500_as2/meshes) by extension 'ros'
[0.306s] Level 1:colcon.colcon_core.package_identification:_identify(src/project_landing-tcc_lucca/models/x500_as2/meshes) by extensions ['cmake', 'python']
[0.306s] Level 1:colcon.colcon_core.package_identification:_identify(src/project_landing-tcc_lucca/models/x500_as2/meshes) by extension 'cmake'
[0.306s] Level 1:colcon.colcon_core.package_identification:_identify(src/project_landing-tcc_lucca/models/x500_as2/meshes) by extension 'python'
[0.306s] Level 1:colcon.colcon_core.package_identification:_identify(src/project_landing-tcc_lucca/models/x500_as2/meshes) by extensions ['python_setup_py']
[0.306s] Level 1:colcon.colcon_core.package_identification:_identify(src/project_landing-tcc_lucca/models/x500_as2/meshes) by extension 'python_setup_py'
[0.306s] Level 1:colcon.colcon_core.package_identification:_identify(src/project_landing-tcc_lucca/models/x500_as2/thumbnails) by extensions ['ignore', 'ignore_ament_install']
[0.306s] Level 1:colcon.colcon_core.package_identification:_identify(src/project_landing-tcc_lucca/models/x500_as2/thumbnails) by extension 'ignore'
[0.306s] Level 1:colcon.colcon_core.package_identification:_identify(src/project_landing-tcc_lucca/models/x500_as2/thumbnails) by extension 'ignore_ament_install'
[0.306s] Level 1:colcon.colcon_core.package_identification:_identify(src/project_landing-tcc_lucca/models/x500_as2/thumbnails) by extensions ['colcon_pkg']
[0.306s] Level 1:colcon.colcon_core.package_identification:_identify(src/project_landing-tcc_lucca/models/x500_as2/thumbnails) by extension 'colcon_pkg'
[0.306s] Level 1:colcon.colcon_core.package_identification:_identify(src/project_landing-tcc_lucca/models/x500_as2/thumbnails) by extensions ['colcon_meta']
[0.306s] Level 1:colcon.colcon_core.package_identification:_identify(src/project_landing-tcc_lucca/models/x500_as2/thumbnails) by extension 'colcon_meta'
[0.306s] Level 1:colcon.colcon_core.package_identification:_identify(src/project_landing-tcc_lucca/models/x500_as2/thumbnails) by extensions ['ros']
[0.306s] Level 1:colcon.colcon_core.package_identification:_identify(src/project_landing-tcc_lucca/models/x500_as2/thumbnails) by extension 'ros'
[0.306s] Level 1:colcon.colcon_core.package_identification:_identify(src/project_landing-tcc_lucca/models/x500_as2/thumbnails) by extensions ['cmake', 'python']
[0.306s] Level 1:colcon.colcon_core.package_identification:_identify(src/project_landing-tcc_lucca/models/x500_as2/thumbnails) by extension 'cmake'
[0.306s] Level 1:colcon.colcon_core.package_identification:_identify(src/project_landing-tcc_lucca/models/x500_as2/thumbnails) by extension 'python'
[0.306s] Level 1:colcon.colcon_core.package_identification:_identify(src/project_landing-tcc_lucca/models/x500_as2/thumbnails) by extensions ['python_setup_py']
[0.306s] Level 1:colcon.colcon_core.package_identification:_identify(src/project_landing-tcc_lucca/models/x500_as2/thumbnails) by extension 'python_setup_py'
[0.306s] Level 1:colcon.colcon_core.package_identification:_identify(src/project_landing-tcc_lucca/models/x500_px4) by extensions ['ignore', 'ignore_ament_install']
[0.306s] Level 1:colcon.colcon_core.package_identification:_identify(src/project_landing-tcc_lucca/models/x500_px4) by extension 'ignore'
[0.306s] Level 1:colcon.colcon_core.package_identification:_identify(src/project_landing-tcc_lucca/models/x500_px4) by extension 'ignore_ament_install'
[0.306s] Level 1:colcon.colcon_core.package_identification:_identify(src/project_landing-tcc_lucca/models/x500_px4) by extensions ['colcon_pkg']
[0.306s] Level 1:colcon.colcon_core.package_identification:_identify(src/project_landing-tcc_lucca/models/x500_px4) by extension 'colcon_pkg'
[0.306s] Level 1:colcon.colcon_core.package_identification:_identify(src/project_landing-tcc_lucca/models/x500_px4) by extensions ['colcon_meta']
[0.306s] Level 1:colcon.colcon_core.package_identification:_identify(src/project_landing-tcc_lucca/models/x500_px4) by extension 'colcon_meta'
[0.306s] Level 1:colcon.colcon_core.package_identification:_identify(src/project_landing-tcc_lucca/models/x500_px4) by extensions ['ros']
[0.306s] Level 1:colcon.colcon_core.package_identification:_identify(src/project_landing-tcc_lucca/models/x500_px4) by extension 'ros'
[0.307s] Level 1:colcon.colcon_core.package_identification:_identify(src/project_landing-tcc_lucca/models/x500_px4) by extensions ['cmake', 'python']
[0.307s] Level 1:colcon.colcon_core.package_identification:_identify(src/project_landing-tcc_lucca/models/x500_px4) by extension 'cmake'
[0.307s] Level 1:colcon.colcon_core.package_identification:_identify(src/project_landing-tcc_lucca/models/x500_px4) by extension 'python'
[0.307s] Level 1:colcon.colcon_core.package_identification:_identify(src/project_landing-tcc_lucca/models/x500_px4) by extensions ['python_setup_py']
[0.307s] Level 1:colcon.colcon_core.package_identification:_identify(src/project_landing-tcc_lucca/models/x500_px4) by extension 'python_setup_py'
[0.307s] Level 1:colcon.colcon_core.package_identification:_identify(src/project_landing-tcc_lucca/models/x500_px4/materials) by extensions ['ignore', 'ignore_ament_install']
[0.307s] Level 1:colcon.colcon_core.package_identification:_identify(src/project_landing-tcc_lucca/models/x500_px4/materials) by extension 'ignore'
[0.307s] Level 1:colcon.colcon_core.package_identification:_identify(src/project_landing-tcc_lucca/models/x500_px4/materials) by extension 'ignore_ament_install'
[0.307s] Level 1:colcon.colcon_core.package_identification:_identify(src/project_landing-tcc_lucca/models/x500_px4/materials) by extensions ['colcon_pkg']
[0.307s] Level 1:colcon.colcon_core.package_identification:_identify(src/project_landing-tcc_lucca/models/x500_px4/materials) by extension 'colcon_pkg'
[0.307s] Level 1:colcon.colcon_core.package_identification:_identify(src/project_landing-tcc_lucca/models/x500_px4/materials) by extensions ['colcon_meta']
[0.307s] Level 1:colcon.colcon_core.package_identification:_identify(src/project_landing-tcc_lucca/models/x500_px4/materials) by extension 'colcon_meta'
[0.307s] Level 1:colcon.colcon_core.package_identification:_identify(src/project_landing-tcc_lucca/models/x500_px4/materials) by extensions ['ros']
[0.307s] Level 1:colcon.colcon_core.package_identification:_identify(src/project_landing-tcc_lucca/models/x500_px4/materials) by extension 'ros'
[0.307s] Level 1:colcon.colcon_core.package_identification:_identify(src/project_landing-tcc_lucca/models/x500_px4/materials) by extensions ['cmake', 'python']
[0.307s] Level 1:colcon.colcon_core.package_identification:_identify(src/project_landing-tcc_lucca/models/x500_px4/materials) by extension 'cmake'
[0.307s] Level 1:colcon.colcon_core.package_identification:_identify(src/project_landing-tcc_lucca/models/x500_px4/materials) by extension 'python'
[0.307s] Level 1:colcon.colcon_core.package_identification:_identify(src/project_landing-tcc_lucca/models/x500_px4/materials) by extensions ['python_setup_py']
[0.307s] Level 1:colcon.colcon_core.package_identification:_identify(src/project_landing-tcc_lucca/models/x500_px4/materials) by extension 'python_setup_py'
[0.307s] Level 1:colcon.colcon_core.package_identification:_identify(src/project_landing-tcc_lucca/models/x500_px4/materials/textures) by extensions ['ignore', 'ignore_ament_install']
[0.307s] Level 1:colcon.colcon_core.package_identification:_identify(src/project_landing-tcc_lucca/models/x500_px4/materials/textures) by extension 'ignore'
[0.307s] Level 1:colcon.colcon_core.package_identification:_identify(src/project_landing-tcc_lucca/models/x500_px4/materials/textures) by extension 'ignore_ament_install'
[0.307s] Level 1:colcon.colcon_core.package_identification:_identify(src/project_landing-tcc_lucca/models/x500_px4/materials/textures) by extensions ['colcon_pkg']
[0.307s] Level 1:colcon.colcon_core.package_identification:_identify(src/project_landing-tcc_lucca/models/x500_px4/materials/textures) by extension 'colcon_pkg'
[0.307s] Level 1:colcon.colcon_core.package_identification:_identify(src/project_landing-tcc_lucca/models/x500_px4/materials/textures) by extensions ['colcon_meta']
[0.307s] Level 1:colcon.colcon_core.package_identification:_identify(src/project_landing-tcc_lucca/models/x500_px4/materials/textures) by extension 'colcon_meta'
[0.307s] Level 1:colcon.colcon_core.package_identification:_identify(src/project_landing-tcc_lucca/models/x500_px4/materials/textures) by extensions ['ros']
[0.307s] Level 1:colcon.colcon_core.package_identification:_identify(src/project_landing-tcc_lucca/models/x500_px4/materials/textures) by extension 'ros'
[0.307s] Level 1:colcon.colcon_core.package_identification:_identify(src/project_landing-tcc_lucca/models/x500_px4/materials/textures) by extensions ['cmake', 'python']
[0.307s] Level 1:colcon.colcon_core.package_identification:_identify(src/project_landing-tcc_lucca/models/x500_px4/materials/textures) by extension 'cmake'
[0.307s] Level 1:colcon.colcon_core.package_identification:_identify(src/project_landing-tcc_lucca/models/x500_px4/materials/textures) by extension 'python'
[0.307s] Level 1:colcon.colcon_core.package_identification:_identify(src/project_landing-tcc_lucca/models/x500_px4/materials/textures) by extensions ['python_setup_py']
[0.307s] Level 1:colcon.colcon_core.package_identification:_identify(src/project_landing-tcc_lucca/models/x500_px4/materials/textures) by extension 'python_setup_py'
[0.307s] Level 1:colcon.colcon_core.package_identification:_identify(src/project_landing-tcc_lucca/models/x500_px4/meshes) by extensions ['ignore', 'ignore_ament_install']
[0.307s] Level 1:colcon.colcon_core.package_identification:_identify(src/project_landing-tcc_lucca/models/x500_px4/meshes) by extension 'ignore'
[0.308s] Level 1:colcon.colcon_core.package_identification:_identify(src/project_landing-tcc_lucca/models/x500_px4/meshes) by extension 'ignore_ament_install'
[0.308s] Level 1:colcon.colcon_core.package_identification:_identify(src/project_landing-tcc_lucca/models/x500_px4/meshes) by extensions ['colcon_pkg']
[0.308s] Level 1:colcon.colcon_core.package_identification:_identify(src/project_landing-tcc_lucca/models/x500_px4/meshes) by extension 'colcon_pkg'
[0.308s] Level 1:colcon.colcon_core.package_identification:_identify(src/project_landing-tcc_lucca/models/x500_px4/meshes) by extensions ['colcon_meta']
[0.308s] Level 1:colcon.colcon_core.package_identification:_identify(src/project_landing-tcc_lucca/models/x500_px4/meshes) by extension 'colcon_meta'
[0.308s] Level 1:colcon.colcon_core.package_identification:_identify(src/project_landing-tcc_lucca/models/x500_px4/meshes) by extensions ['ros']
[0.308s] Level 1:colcon.colcon_core.package_identification:_identify(src/project_landing-tcc_lucca/models/x500_px4/meshes) by extension 'ros'
[0.308s] Level 1:colcon.colcon_core.package_identification:_identify(src/project_landing-tcc_lucca/models/x500_px4/meshes) by extensions ['cmake', 'python']
[0.308s] Level 1:colcon.colcon_core.package_identification:_identify(src/project_landing-tcc_lucca/models/x500_px4/meshes) by extension 'cmake'
[0.308s] Level 1:colcon.colcon_core.package_identification:_identify(src/project_landing-tcc_lucca/models/x500_px4/meshes) by extension 'python'
[0.308s] Level 1:colcon.colcon_core.package_identification:_identify(src/project_landing-tcc_lucca/models/x500_px4/meshes) by extensions ['python_setup_py']
[0.308s] Level 1:colcon.colcon_core.package_identification:_identify(src/project_landing-tcc_lucca/models/x500_px4/meshes) by extension 'python_setup_py'
[0.308s] Level 1:colcon.colcon_core.package_identification:_identify(src/project_landing-tcc_lucca/models/x500_px4/thumbnails) by extensions ['ignore', 'ignore_ament_install']
[0.308s] Level 1:colcon.colcon_core.package_identification:_identify(src/project_landing-tcc_lucca/models/x500_px4/thumbnails) by extension 'ignore'
[0.308s] Level 1:colcon.colcon_core.package_identification:_identify(src/project_landing-tcc_lucca/models/x500_px4/thumbnails) by extension 'ignore_ament_install'
[0.308s] Level 1:colcon.colcon_core.package_identification:_identify(src/project_landing-tcc_lucca/models/x500_px4/thumbnails) by extensions ['colcon_pkg']
[0.308s] Level 1:colcon.colcon_core.package_identification:_identify(src/project_landing-tcc_lucca/models/x500_px4/thumbnails) by extension 'colcon_pkg'
[0.308s] Level 1:colcon.colcon_core.package_identification:_identify(src/project_landing-tcc_lucca/models/x500_px4/thumbnails) by extensions ['colcon_meta']
[0.308s] Level 1:colcon.colcon_core.package_identification:_identify(src/project_landing-tcc_lucca/models/x500_px4/thumbnails) by extension 'colcon_meta'
[0.308s] Level 1:colcon.colcon_core.package_identification:_identify(src/project_landing-tcc_lucca/models/x500_px4/thumbnails) by extensions ['ros']
[0.308s] Level 1:colcon.colcon_core.package_identification:_identify(src/project_landing-tcc_lucca/models/x500_px4/thumbnails) by extension 'ros'
[0.308s] Level 1:colcon.colcon_core.package_identification:_identify(src/project_landing-tcc_lucca/models/x500_px4/thumbnails) by extensions ['cmake', 'python']
[0.308s] Level 1:colcon.colcon_core.package_identification:_identify(src/project_landing-tcc_lucca/models/x500_px4/thumbnails) by extension 'cmake'
[0.308s] Level 1:colcon.colcon_core.package_identification:_identify(src/project_landing-tcc_lucca/models/x500_px4/thumbnails) by extension 'python'
[0.308s] Level 1:colcon.colcon_core.package_identification:_identify(src/project_landing-tcc_lucca/models/x500_px4/thumbnails) by extensions ['python_setup_py']
[0.308s] Level 1:colcon.colcon_core.package_identification:_identify(src/project_landing-tcc_lucca/models/x500_px4/thumbnails) by extension 'python_setup_py'
[0.308s] Level 1:colcon.colcon_core.package_identification:_identify(src/project_landing-tcc_lucca/tmuxinator) by extensions ['ignore', 'ignore_ament_install']
[0.308s] Level 1:colcon.colcon_core.package_identification:_identify(src/project_landing-tcc_lucca/tmuxinator) by extension 'ignore'
[0.308s] Level 1:colcon.colcon_core.package_identification:_identify(src/project_landing-tcc_lucca/tmuxinator) by extension 'ignore_ament_install'
[0.308s] Level 1:colcon.colcon_core.package_identification:_identify(src/project_landing-tcc_lucca/tmuxinator) by extensions ['colcon_pkg']
[0.308s] Level 1:colcon.colcon_core.package_identification:_identify(src/project_landing-tcc_lucca/tmuxinator) by extension 'colcon_pkg'
[0.308s] Level 1:colcon.colcon_core.package_identification:_identify(src/project_landing-tcc_lucca/tmuxinator) by extensions ['colcon_meta']
[0.308s] Level 1:colcon.colcon_core.package_identification:_identify(src/project_landing-tcc_lucca/tmuxinator) by extension 'colcon_meta'
[0.308s] Level 1:colcon.colcon_core.package_identification:_identify(src/project_landing-tcc_lucca/tmuxinator) by extensions ['ros']
[0.308s] Level 1:colcon.colcon_core.package_identification:_identify(src/project_landing-tcc_lucca/tmuxinator) by extension 'ros'
[0.308s] Level 1:colcon.colcon_core.package_identification:_identify(src/project_landing-tcc_lucca/tmuxinator) by extensions ['cmake', 'python']
[0.308s] Level 1:colcon.colcon_core.package_identification:_identify(src/project_landing-tcc_lucca/tmuxinator) by extension 'cmake'
[0.308s] Level 1:colcon.colcon_core.package_identification:_identify(src/project_landing-tcc_lucca/tmuxinator) by extension 'python'
[0.308s] Level 1:colcon.colcon_core.package_identification:_identify(src/project_landing-tcc_lucca/tmuxinator) by extensions ['python_setup_py']
[0.308s] Level 1:colcon.colcon_core.package_identification:_identify(src/project_landing-tcc_lucca/tmuxinator) by extension 'python_setup_py'
[0.309s] Level 1:colcon.colcon_core.package_identification:_identify(src/project_landing-tcc_lucca/trees) by extensions ['ignore', 'ignore_ament_install']
[0.309s] Level 1:colcon.colcon_core.package_identification:_identify(src/project_landing-tcc_lucca/trees) by extension 'ignore'
[0.309s] Level 1:colcon.colcon_core.package_identification:_identify(src/project_landing-tcc_lucca/trees) by extension 'ignore_ament_install'
[0.309s] Level 1:colcon.colcon_core.package_identification:_identify(src/project_landing-tcc_lucca/trees) by extensions ['colcon_pkg']
[0.309s] Level 1:colcon.colcon_core.package_identification:_identify(src/project_landing-tcc_lucca/trees) by extension 'colcon_pkg'
[0.309s] Level 1:colcon.colcon_core.package_identification:_identify(src/project_landing-tcc_lucca/trees) by extensions ['colcon_meta']
[0.309s] Level 1:colcon.colcon_core.package_identification:_identify(src/project_landing-tcc_lucca/trees) by extension 'colcon_meta'
[0.309s] Level 1:colcon.colcon_core.package_identification:_identify(src/project_landing-tcc_lucca/trees) by extensions ['ros']
[0.309s] Level 1:colcon.colcon_core.package_identification:_identify(src/project_landing-tcc_lucca/trees) by extension 'ros'
[0.309s] Level 1:colcon.colcon_core.package_identification:_identify(src/project_landing-tcc_lucca/trees) by extensions ['cmake', 'python']
[0.309s] Level 1:colcon.colcon_core.package_identification:_identify(src/project_landing-tcc_lucca/trees) by extension 'cmake'
[0.309s] Level 1:colcon.colcon_core.package_identification:_identify(src/project_landing-tcc_lucca/trees) by extension 'python'
[0.309s] Level 1:colcon.colcon_core.package_identification:_identify(src/project_landing-tcc_lucca/trees) by extensions ['python_setup_py']
[0.309s] Level 1:colcon.colcon_core.package_identification:_identify(src/project_landing-tcc_lucca/trees) by extension 'python_setup_py'
[0.309s] Level 1:colcon.colcon_core.package_identification:_identify(src/project_landing-tcc_lucca/utils) by extensions ['ignore', 'ignore_ament_install']
[0.309s] Level 1:colcon.colcon_core.package_identification:_identify(src/project_landing-tcc_lucca/utils) by extension 'ignore'
[0.309s] Level 1:colcon.colcon_core.package_identification:_identify(src/project_landing-tcc_lucca/utils) by extension 'ignore_ament_install'
[0.309s] Level 1:colcon.colcon_core.package_identification:_identify(src/project_landing-tcc_lucca/utils) by extensions ['colcon_pkg']
[0.309s] Level 1:colcon.colcon_core.package_identification:_identify(src/project_landing-tcc_lucca/utils) by extension 'colcon_pkg'
[0.309s] Level 1:colcon.colcon_core.package_identification:_identify(src/project_landing-tcc_lucca/utils) by extensions ['colcon_meta']
[0.309s] Level 1:colcon.colcon_core.package_identification:_identify(src/project_landing-tcc_lucca/utils) by extension 'colcon_meta'
[0.309s] Level 1:colcon.colcon_core.package_identification:_identify(src/project_landing-tcc_lucca/utils) by extensions ['ros']
[0.309s] Level 1:colcon.colcon_core.package_identification:_identify(src/project_landing-tcc_lucca/utils) by extension 'ros'
[0.309s] Level 1:colcon.colcon_core.package_identification:_identify(src/project_landing-tcc_lucca/utils) by extensions ['cmake', 'python']
[0.309s] Level 1:colcon.colcon_core.package_identification:_identify(src/project_landing-tcc_lucca/utils) by extension 'cmake'
[0.309s] Level 1:colcon.colcon_core.package_identification:_identify(src/project_landing-tcc_lucca/utils) by extension 'python'
[0.309s] Level 1:colcon.colcon_core.package_identification:_identify(src/project_landing-tcc_lucca/utils) by extensions ['python_setup_py']
[0.309s] Level 1:colcon.colcon_core.package_identification:_identify(src/project_landing-tcc_lucca/utils) by extension 'python_setup_py'
[0.309s] Level 1:colcon.colcon_core.package_discovery:discover_packages(recursive) using defaults
[0.309s] Level 1:colcon.colcon_core.package_discovery:discover_packages(ignore) discover
[0.309s] Level 1:colcon.colcon_core.package_discovery:discover_packages(ignore) using defaults
[0.309s] Level 1:colcon.colcon_core.package_discovery:discover_packages(path) discover
[0.309s] Level 1:colcon.colcon_core.package_discovery:discover_packages(path) using defaults
[0.324s] INFO:colcon.colcon_metadata.metadata.colcon_pkg:Updating descriptor of package 'src/aerostack2-tcc_lucca/as2_python_api' from colcon.pkg: {'hooks': ['share/as2_python_api/hooks/resource_paths.sh']}
[0.334s] Level 5:colcon.colcon_core.verb:set package 'as2_cli' build argument 'cmake_args' from command line to 'None'
[0.334s] Level 5:colcon.colcon_core.verb:set package 'as2_cli' build argument 'cmake_target' from command line to 'None'
[0.334s] Level 5:colcon.colcon_core.verb:set package 'as2_cli' build argument 'cmake_target_skip_unavailable' from command line to 'False'
[0.334s] Level 5:colcon.colcon_core.verb:set package 'as2_cli' build argument 'cmake_clean_cache' from command line to 'False'
[0.334s] Level 5:colcon.colcon_core.verb:set package 'as2_cli' build argument 'cmake_clean_first' from command line to 'False'
[0.334s] Level 5:colcon.colcon_core.verb:set package 'as2_cli' build argument 'cmake_force_configure' from command line to 'False'
[0.334s] Level 5:colcon.colcon_core.verb:set package 'as2_cli' build argument 'ament_cmake_args' from command line to 'None'
[0.334s] Level 5:colcon.colcon_core.verb:set package 'as2_cli' build argument 'catkin_cmake_args' from command line to 'None'
[0.334s] Level 5:colcon.colcon_core.verb:set package 'as2_cli' build argument 'catkin_skip_building_tests' from command line to 'False'
[0.334s] DEBUG:colcon.colcon_core.verb:Building package 'as2_cli' with the following arguments: {'ament_cmake_args': None, 'build_base': '/home/developer/aerostack2_ws/build/as2_cli', 'catkin_cmake_args': None, 'catkin_skip_building_tests': False, 'cmake_args': None, 'cmake_clean_cache': False, 'cmake_clean_first': False, 'cmake_force_configure': False, 'cmake_target': None, 'cmake_target_skip_unavailable': False, 'install_base': '/home/developer/aerostack2_ws/install/as2_cli', 'merge_install': False, 'path': '/home/developer/aerostack2_ws/src/aerostack2-tcc_lucca/as2_cli', 'symlink_install': True, 'test_result_base': None}
[0.334s] Level 5:colcon.colcon_core.verb:set package 'as2_msgs' build argument 'cmake_args' from command line to 'None'
[0.334s] Level 5:colcon.colcon_core.verb:set package 'as2_msgs' build argument 'cmake_target' from command line to 'None'
[0.334s] Level 5:colcon.colcon_core.verb:set package 'as2_msgs' build argument 'cmake_target_skip_unavailable' from command line to 'False'
[0.334s] Level 5:colcon.colcon_core.verb:set package 'as2_msgs' build argument 'cmake_clean_cache' from command line to 'False'
[0.334s] Level 5:colcon.colcon_core.verb:set package 'as2_msgs' build argument 'cmake_clean_first' from command line to 'False'
[0.334s] Level 5:colcon.colcon_core.verb:set package 'as2_msgs' build argument 'cmake_force_configure' from command line to 'False'
[0.334s] Level 5:colcon.colcon_core.verb:set package 'as2_msgs' build argument 'ament_cmake_args' from command line to 'None'
[0.334s] Level 5:colcon.colcon_core.verb:set package 'as2_msgs' build argument 'catkin_cmake_args' from command line to 'None'
[0.334s] Level 5:colcon.colcon_core.verb:set package 'as2_msgs' build argument 'catkin_skip_building_tests' from command line to 'False'
[0.334s] DEBUG:colcon.colcon_core.verb:Building package 'as2_msgs' with the following arguments: {'ament_cmake_args': None, 'build_base': '/home/developer/aerostack2_ws/build/as2_msgs', 'catkin_cmake_args': None, 'catkin_skip_building_tests': False, 'cmake_args': None, 'cmake_clean_cache': False, 'cmake_clean_first': False, 'cmake_force_configure': False, 'cmake_target': None, 'cmake_target_skip_unavailable': False, 'install_base': '/home/developer/aerostack2_ws/install/as2_msgs', 'merge_install': False, 'path': '/home/developer/aerostack2_ws/src/aerostack2-tcc_lucca/as2_msgs', 'symlink_install': True, 'test_result_base': None}
[0.334s] Level 5:colcon.colcon_core.verb:set package 'as2_core' build argument 'cmake_args' from command line to 'None'
[0.334s] Level 5:colcon.colcon_core.verb:set package 'as2_core' build argument 'cmake_target' from command line to 'None'
[0.334s] Level 5:colcon.colcon_core.verb:set package 'as2_core' build argument 'cmake_target_skip_unavailable' from command line to 'False'
[0.334s] Level 5:colcon.colcon_core.verb:set package 'as2_core' build argument 'cmake_clean_cache' from command line to 'False'
[0.334s] Level 5:colcon.colcon_core.verb:set package 'as2_core' build argument 'cmake_clean_first' from command line to 'False'
[0.334s] Level 5:colcon.colcon_core.verb:set package 'as2_core' build argument 'cmake_force_configure' from command line to 'False'
[0.334s] Level 5:colcon.colcon_core.verb:set package 'as2_core' build argument 'ament_cmake_args' from command line to 'None'
[0.334s] Level 5:colcon.colcon_core.verb:set package 'as2_core' build argument 'catkin_cmake_args' from command line to 'None'
[0.334s] Level 5:colcon.colcon_core.verb:set package 'as2_core' build argument 'catkin_skip_building_tests' from command line to 'False'
[0.334s] DEBUG:colcon.colcon_core.verb:Building package 'as2_core' with the following arguments: {'ament_cmake_args': None, 'build_base': '/home/developer/aerostack2_ws/build/as2_core', 'catkin_cmake_args': None, 'catkin_skip_building_tests': False, 'cmake_args': None, 'cmake_clean_cache': False, 'cmake_clean_first': False, 'cmake_force_configure': False, 'cmake_target': None, 'cmake_target_skip_unavailable': False, 'install_base': '/home/developer/aerostack2_ws/install/as2_core', 'merge_install': False, 'path': '/home/developer/aerostack2_ws/src/aerostack2-tcc_lucca/as2_core', 'symlink_install': True, 'test_result_base': None}
[0.334s] Level 5:colcon.colcon_core.verb:set package 'as2_alphanumeric_viewer' build argument 'cmake_args' from command line to 'None'
[0.334s] Level 5:colcon.colcon_core.verb:set package 'as2_alphanumeric_viewer' build argument 'cmake_target' from command line to 'None'
[0.334s] Level 5:colcon.colcon_core.verb:set package 'as2_alphanumeric_viewer' build argument 'cmake_target_skip_unavailable' from command line to 'False'
[0.334s] Level 5:colcon.colcon_core.verb:set package 'as2_alphanumeric_viewer' build argument 'cmake_clean_cache' from command line to 'False'
[0.335s] Level 5:colcon.colcon_core.verb:set package 'as2_alphanumeric_viewer' build argument 'cmake_clean_first' from command line to 'False'
[0.335s] Level 5:colcon.colcon_core.verb:set package 'as2_alphanumeric_viewer' build argument 'cmake_force_configure' from command line to 'False'
[0.335s] Level 5:colcon.colcon_core.verb:set package 'as2_alphanumeric_viewer' build argument 'ament_cmake_args' from command line to 'None'
[0.335s] Level 5:colcon.colcon_core.verb:set package 'as2_alphanumeric_viewer' build argument 'catkin_cmake_args' from command line to 'None'
[0.335s] Level 5:colcon.colcon_core.verb:set package 'as2_alphanumeric_viewer' build argument 'catkin_skip_building_tests' from command line to 'False'
[0.335s] DEBUG:colcon.colcon_core.verb:Building package 'as2_alphanumeric_viewer' with the following arguments: {'ament_cmake_args': None, 'build_base': '/home/developer/aerostack2_ws/build/as2_alphanumeric_viewer', 'catkin_cmake_args': None, 'catkin_skip_building_tests': False, 'cmake_args': None, 'cmake_clean_cache': False, 'cmake_clean_first': False, 'cmake_force_configure': False, 'cmake_target': None, 'cmake_target_skip_unavailable': False, 'install_base': '/home/developer/aerostack2_ws/install/as2_alphanumeric_viewer', 'merge_install': False, 'path': '/home/developer/aerostack2_ws/src/aerostack2-tcc_lucca/as2_user_interfaces/as2_alphanumeric_viewer', 'symlink_install': True, 'test_result_base': None}
[0.335s] Level 5:colcon.colcon_core.verb:set package 'as2_behavior' build argument 'cmake_args' from command line to 'None'
[0.335s] Level 5:colcon.colcon_core.verb:set package 'as2_behavior' build argument 'cmake_target' from command line to 'None'
[0.335s] Level 5:colcon.colcon_core.verb:set package 'as2_behavior' build argument 'cmake_target_skip_unavailable' from command line to 'False'
[0.335s] Level 5:colcon.colcon_core.verb:set package 'as2_behavior' build argument 'cmake_clean_cache' from command line to 'False'
[0.335s] Level 5:colcon.colcon_core.verb:set package 'as2_behavior' build argument 'cmake_clean_first' from command line to 'False'
[0.335s] Level 5:colcon.colcon_core.verb:set package 'as2_behavior' build argument 'cmake_force_configure' from command line to 'False'
[0.335s] Level 5:colcon.colcon_core.verb:set package 'as2_behavior' build argument 'ament_cmake_args' from command line to 'None'
[0.335s] Level 5:colcon.colcon_core.verb:set package 'as2_behavior' build argument 'catkin_cmake_args' from command line to 'None'
[0.335s] Level 5:colcon.colcon_core.verb:set package 'as2_behavior' build argument 'catkin_skip_building_tests' from command line to 'False'
[0.335s] DEBUG:colcon.colcon_core.verb:Building package 'as2_behavior' with the following arguments: {'ament_cmake_args': None, 'build_base': '/home/developer/aerostack2_ws/build/as2_behavior', 'catkin_cmake_args': None, 'catkin_skip_building_tests': False, 'cmake_args': None, 'cmake_clean_cache': False, 'cmake_clean_first': False, 'cmake_force_configure': False, 'cmake_target': None, 'cmake_target_skip_unavailable': False, 'install_base': '/home/developer/aerostack2_ws/install/as2_behavior', 'merge_install': False, 'path': '/home/developer/aerostack2_ws/src/aerostack2-tcc_lucca/as2_behaviors/as2_behavior', 'symlink_install': True, 'test_result_base': None}
[0.335s] Level 5:colcon.colcon_core.verb:set package 'as2_behavior_tree' build argument 'cmake_args' from command line to 'None'
[0.335s] Level 5:colcon.colcon_core.verb:set package 'as2_behavior_tree' build argument 'cmake_target' from command line to 'None'
[0.335s] Level 5:colcon.colcon_core.verb:set package 'as2_behavior_tree' build argument 'cmake_target_skip_unavailable' from command line to 'False'
[0.335s] Level 5:colcon.colcon_core.verb:set package 'as2_behavior_tree' build argument 'cmake_clean_cache' from command line to 'False'
[0.335s] Level 5:colcon.colcon_core.verb:set package 'as2_behavior_tree' build argument 'cmake_clean_first' from command line to 'False'
[0.335s] Level 5:colcon.colcon_core.verb:set package 'as2_behavior_tree' build argument 'cmake_force_configure' from command line to 'False'
[0.335s] Level 5:colcon.colcon_core.verb:set package 'as2_behavior_tree' build argument 'ament_cmake_args' from command line to 'None'
[0.335s] Level 5:colcon.colcon_core.verb:set package 'as2_behavior_tree' build argument 'catkin_cmake_args' from command line to 'None'
[0.335s] Level 5:colcon.colcon_core.verb:set package 'as2_behavior_tree' build argument 'catkin_skip_building_tests' from command line to 'False'
[0.335s] DEBUG:colcon.colcon_core.verb:Building package 'as2_behavior_tree' with the following arguments: {'ament_cmake_args': None, 'build_base': '/home/developer/aerostack2_ws/build/as2_behavior_tree', 'catkin_cmake_args': None, 'catkin_skip_building_tests': False, 'cmake_args': None, 'cmake_clean_cache': False, 'cmake_clean_first': False, 'cmake_force_configure': False, 'cmake_target': None, 'cmake_target_skip_unavailable': False, 'install_base': '/home/developer/aerostack2_ws/install/as2_behavior_tree', 'merge_install': False, 'path': '/home/developer/aerostack2_ws/src/aerostack2-tcc_lucca/as2_behavior_tree', 'symlink_install': True, 'test_result_base': None}
[0.335s] Level 5:colcon.colcon_core.verb:set package 'as2_external_object_to_tf' build argument 'cmake_args' from command line to 'None'
[0.335s] Level 5:colcon.colcon_core.verb:set package 'as2_external_object_to_tf' build argument 'cmake_target' from command line to 'None'
[0.335s] Level 5:colcon.colcon_core.verb:set package 'as2_external_object_to_tf' build argument 'cmake_target_skip_unavailable' from command line to 'False'
[0.335s] Level 5:colcon.colcon_core.verb:set package 'as2_external_object_to_tf' build argument 'cmake_clean_cache' from command line to 'False'
[0.335s] Level 5:colcon.colcon_core.verb:set package 'as2_external_object_to_tf' build argument 'cmake_clean_first' from command line to 'False'
[0.335s] Level 5:colcon.colcon_core.verb:set package 'as2_external_object_to_tf' build argument 'cmake_force_configure' from command line to 'False'
[0.335s] Level 5:colcon.colcon_core.verb:set package 'as2_external_object_to_tf' build argument 'ament_cmake_args' from command line to 'None'
[0.335s] Level 5:colcon.colcon_core.verb:set package 'as2_external_object_to_tf' build argument 'catkin_cmake_args' from command line to 'None'
[0.335s] Level 5:colcon.colcon_core.verb:set package 'as2_external_object_to_tf' build argument 'catkin_skip_building_tests' from command line to 'False'
[0.335s] DEBUG:colcon.colcon_core.verb:Building package 'as2_external_object_to_tf' with the following arguments: {'ament_cmake_args': None, 'build_base': '/home/developer/aerostack2_ws/build/as2_external_object_to_tf', 'catkin_cmake_args': None, 'catkin_skip_building_tests': False, 'cmake_args': None, 'cmake_clean_cache': False, 'cmake_clean_first': False, 'cmake_force_configure': False, 'cmake_target': None, 'cmake_target_skip_unavailable': False, 'install_base': '/home/developer/aerostack2_ws/install/as2_external_object_to_tf', 'merge_install': False, 'path': '/home/developer/aerostack2_ws/src/aerostack2-tcc_lucca/as2_utilities/as2_external_object_to_tf', 'symlink_install': True, 'test_result_base': None}
[0.335s] Level 5:colcon.colcon_core.verb:set package 'as2_gazebo_assets' build argument 'cmake_args' from command line to 'None'
[0.336s] Level 5:colcon.colcon_core.verb:set package 'as2_gazebo_assets' build argument 'cmake_target' from command line to 'None'
[0.336s] Level 5:colcon.colcon_core.verb:set package 'as2_gazebo_assets' build argument 'cmake_target_skip_unavailable' from command line to 'False'
[0.336s] Level 5:colcon.colcon_core.verb:set package 'as2_gazebo_assets' build argument 'cmake_clean_cache' from command line to 'False'
[0.336s] Level 5:colcon.colcon_core.verb:set package 'as2_gazebo_assets' build argument 'cmake_clean_first' from command line to 'False'
[0.336s] Level 5:colcon.colcon_core.verb:set package 'as2_gazebo_assets' build argument 'cmake_force_configure' from command line to 'False'
[0.336s] Level 5:colcon.colcon_core.verb:set package 'as2_gazebo_assets' build argument 'ament_cmake_args' from command line to 'None'
[0.336s] Level 5:colcon.colcon_core.verb:set package 'as2_gazebo_assets' build argument 'catkin_cmake_args' from command line to 'None'
[0.336s] Level 5:colcon.colcon_core.verb:set package 'as2_gazebo_assets' build argument 'catkin_skip_building_tests' from command line to 'False'
[0.336s] DEBUG:colcon.colcon_core.verb:Building package 'as2_gazebo_assets' with the following arguments: {'ament_cmake_args': None, 'build_base': '/home/developer/aerostack2_ws/build/as2_gazebo_assets', 'catkin_cmake_args': None, 'catkin_skip_building_tests': False, 'cmake_args': None, 'cmake_clean_cache': False, 'cmake_clean_first': False, 'cmake_force_configure': False, 'cmake_target': None, 'cmake_target_skip_unavailable': False, 'install_base': '/home/developer/aerostack2_ws/install/as2_gazebo_assets', 'merge_install': False, 'path': '/home/developer/aerostack2_ws/src/aerostack2-tcc_lucca/as2_simulation_assets/as2_gazebo_assets', 'symlink_install': True, 'test_result_base': None}
[0.336s] Level 5:colcon.colcon_core.verb:set package 'as2_geozones' build argument 'cmake_args' from command line to 'None'
[0.336s] Level 5:colcon.colcon_core.verb:set package 'as2_geozones' build argument 'cmake_target' from command line to 'None'
[0.336s] Level 5:colcon.colcon_core.verb:set package 'as2_geozones' build argument 'cmake_target_skip_unavailable' from command line to 'False'
[0.336s] Level 5:colcon.colcon_core.verb:set package 'as2_geozones' build argument 'cmake_clean_cache' from command line to 'False'
[0.336s] Level 5:colcon.colcon_core.verb:set package 'as2_geozones' build argument 'cmake_clean_first' from command line to 'False'
[0.336s] Level 5:colcon.colcon_core.verb:set package 'as2_geozones' build argument 'cmake_force_configure' from command line to 'False'
[0.336s] Level 5:colcon.colcon_core.verb:set package 'as2_geozones' build argument 'ament_cmake_args' from command line to 'None'
[0.336s] Level 5:colcon.colcon_core.verb:set package 'as2_geozones' build argument 'catkin_cmake_args' from command line to 'None'
[0.336s] Level 5:colcon.colcon_core.verb:set package 'as2_geozones' build argument 'catkin_skip_building_tests' from command line to 'False'
[0.336s] DEBUG:colcon.colcon_core.verb:Building package 'as2_geozones' with the following arguments: {'ament_cmake_args': None, 'build_base': '/home/developer/aerostack2_ws/build/as2_geozones', 'catkin_cmake_args': None, 'catkin_skip_building_tests': False, 'cmake_args': None, 'cmake_clean_cache': False, 'cmake_clean_first': False, 'cmake_force_configure': False, 'cmake_target': None, 'cmake_target_skip_unavailable': False, 'install_base': '/home/developer/aerostack2_ws/install/as2_geozones', 'merge_install': False, 'path': '/home/developer/aerostack2_ws/src/aerostack2-tcc_lucca/as2_utilities/as2_geozones', 'symlink_install': True, 'test_result_base': None}
[0.336s] Level 5:colcon.colcon_core.verb:set package 'as2_map_server' build argument 'cmake_args' from command line to 'None'
[0.336s] Level 5:colcon.colcon_core.verb:set package 'as2_map_server' build argument 'cmake_target' from command line to 'None'
[0.336s] Level 5:colcon.colcon_core.verb:set package 'as2_map_server' build argument 'cmake_target_skip_unavailable' from command line to 'False'
[0.336s] Level 5:colcon.colcon_core.verb:set package 'as2_map_server' build argument 'cmake_clean_cache' from command line to 'False'
[0.336s] Level 5:colcon.colcon_core.verb:set package 'as2_map_server' build argument 'cmake_clean_first' from command line to 'False'
[0.336s] Level 5:colcon.colcon_core.verb:set package 'as2_map_server' build argument 'cmake_force_configure' from command line to 'False'
[0.336s] Level 5:colcon.colcon_core.verb:set package 'as2_map_server' build argument 'ament_cmake_args' from command line to 'None'
[0.336s] Level 5:colcon.colcon_core.verb:set package 'as2_map_server' build argument 'catkin_cmake_args' from command line to 'None'
[0.336s] Level 5:colcon.colcon_core.verb:set package 'as2_map_server' build argument 'catkin_skip_building_tests' from command line to 'False'
[0.336s] DEBUG:colcon.colcon_core.verb:Building package 'as2_map_server' with the following arguments: {'ament_cmake_args': None, 'build_base': '/home/developer/aerostack2_ws/build/as2_map_server', 'catkin_cmake_args': None, 'catkin_skip_building_tests': False, 'cmake_args': None, 'cmake_clean_cache': False, 'cmake_clean_first': False, 'cmake_force_configure': False, 'cmake_target': None, 'cmake_target_skip_unavailable': False, 'install_base': '/home/developer/aerostack2_ws/install/as2_map_server', 'merge_install': False, 'path': '/home/developer/aerostack2_ws/src/aerostack2-tcc_lucca/as2_map_server', 'symlink_install': True, 'test_result_base': None}
[0.336s] Level 5:colcon.colcon_core.verb:set package 'as2_motion_reference_handlers' build argument 'cmake_args' from command line to 'None'
[0.336s] Level 5:colcon.colcon_core.verb:set package 'as2_motion_reference_handlers' build argument 'cmake_target' from command line to 'None'
[0.336s] Level 5:colcon.colcon_core.verb:set package 'as2_motion_reference_handlers' build argument 'cmake_target_skip_unavailable' from command line to 'False'
[0.336s] Level 5:colcon.colcon_core.verb:set package 'as2_motion_reference_handlers' build argument 'cmake_clean_cache' from command line to 'False'
[0.336s] Level 5:colcon.colcon_core.verb:set package 'as2_motion_reference_handlers' build argument 'cmake_clean_first' from command line to 'False'
[0.336s] Level 5:colcon.colcon_core.verb:set package 'as2_motion_reference_handlers' build argument 'cmake_force_configure' from command line to 'False'
[0.336s] Level 5:colcon.colcon_core.verb:set package 'as2_motion_reference_handlers' build argument 'ament_cmake_args' from command line to 'None'
[0.336s] Level 5:colcon.colcon_core.verb:set package 'as2_motion_reference_handlers' build argument 'catkin_cmake_args' from command line to 'None'
[0.336s] Level 5:colcon.colcon_core.verb:set package 'as2_motion_reference_handlers' build argument 'catkin_skip_building_tests' from command line to 'False'
[0.336s] DEBUG:colcon.colcon_core.verb:Building package 'as2_motion_reference_handlers' with the following arguments: {'ament_cmake_args': None, 'build_base': '/home/developer/aerostack2_ws/build/as2_motion_reference_handlers', 'catkin_cmake_args': None, 'catkin_skip_building_tests': False, 'cmake_args': None, 'cmake_clean_cache': False, 'cmake_clean_first': False, 'cmake_force_configure': False, 'cmake_target': None, 'cmake_target_skip_unavailable': False, 'install_base': '/home/developer/aerostack2_ws/install/as2_motion_reference_handlers', 'merge_install': False, 'path': '/home/developer/aerostack2_ws/src/aerostack2-tcc_lucca/as2_motion_reference_handlers', 'symlink_install': True, 'test_result_base': None}
[0.336s] Level 5:colcon.colcon_core.verb:set package 'as2_platform_multirotor_simulator' build argument 'cmake_args' from command line to 'None'
[0.336s] Level 5:colcon.colcon_core.verb:set package 'as2_platform_multirotor_simulator' build argument 'cmake_target' from command line to 'None'
[0.336s] Level 5:colcon.colcon_core.verb:set package 'as2_platform_multirotor_simulator' build argument 'cmake_target_skip_unavailable' from command line to 'False'
[0.336s] Level 5:colcon.colcon_core.verb:set package 'as2_platform_multirotor_simulator' build argument 'cmake_clean_cache' from command line to 'False'
[0.337s] Level 5:colcon.colcon_core.verb:set package 'as2_platform_multirotor_simulator' build argument 'cmake_clean_first' from command line to 'False'
[0.337s] Level 5:colcon.colcon_core.verb:set package 'as2_platform_multirotor_simulator' build argument 'cmake_force_configure' from command line to 'False'
[0.337s] Level 5:colcon.colcon_core.verb:set package 'as2_platform_multirotor_simulator' build argument 'ament_cmake_args' from command line to 'None'
[0.337s] Level 5:colcon.colcon_core.verb:set package 'as2_platform_multirotor_simulator' build argument 'catkin_cmake_args' from command line to 'None'
[0.337s] Level 5:colcon.colcon_core.verb:set package 'as2_platform_multirotor_simulator' build argument 'catkin_skip_building_tests' from command line to 'False'
[0.337s] DEBUG:colcon.colcon_core.verb:Building package 'as2_platform_multirotor_simulator' with the following arguments: {'ament_cmake_args': None, 'build_base': '/home/developer/aerostack2_ws/build/as2_platform_multirotor_simulator', 'catkin_cmake_args': None, 'catkin_skip_building_tests': False, 'cmake_args': None, 'cmake_clean_cache': False, 'cmake_clean_first': False, 'cmake_force_configure': False, 'cmake_target': None, 'cmake_target_skip_unavailable': False, 'install_base': '/home/developer/aerostack2_ws/install/as2_platform_multirotor_simulator', 'merge_install': False, 'path': '/home/developer/aerostack2_ws/src/aerostack2-tcc_lucca/as2_aerial_platforms/as2_platform_multirotor_simulator', 'symlink_install': True, 'test_result_base': None}
[0.337s] Level 5:colcon.colcon_core.verb:set package 'as2_realsense_interface' build argument 'cmake_args' from command line to 'None'
[0.337s] Level 5:colcon.colcon_core.verb:set package 'as2_realsense_interface' build argument 'cmake_target' from command line to 'None'
[0.337s] Level 5:colcon.colcon_core.verb:set package 'as2_realsense_interface' build argument 'cmake_target_skip_unavailable' from command line to 'False'
[0.337s] Level 5:colcon.colcon_core.verb:set package 'as2_realsense_interface' build argument 'cmake_clean_cache' from command line to 'False'
[0.337s] Level 5:colcon.colcon_core.verb:set package 'as2_realsense_interface' build argument 'cmake_clean_first' from command line to 'False'
[0.337s] Level 5:colcon.colcon_core.verb:set package 'as2_realsense_interface' build argument 'cmake_force_configure' from command line to 'False'
[0.337s] Level 5:colcon.colcon_core.verb:set package 'as2_realsense_interface' build argument 'ament_cmake_args' from command line to 'None'
[0.337s] Level 5:colcon.colcon_core.verb:set package 'as2_realsense_interface' build argument 'catkin_cmake_args' from command line to 'None'
[0.337s] Level 5:colcon.colcon_core.verb:set package 'as2_realsense_interface' build argument 'catkin_skip_building_tests' from command line to 'False'
[0.337s] DEBUG:colcon.colcon_core.verb:Building package 'as2_realsense_interface' with the following arguments: {'ament_cmake_args': None, 'build_base': '/home/developer/aerostack2_ws/build/as2_realsense_interface', 'catkin_cmake_args': None, 'catkin_skip_building_tests': False, 'cmake_args': None, 'cmake_clean_cache': False, 'cmake_clean_first': False, 'cmake_force_configure': False, 'cmake_target': None, 'cmake_target_skip_unavailable': False, 'install_base': '/home/developer/aerostack2_ws/install/as2_realsense_interface', 'merge_install': False, 'path': '/home/developer/aerostack2_ws/src/aerostack2-tcc_lucca/as2_hardware_drivers/as2_realsense_interface', 'symlink_install': True, 'test_result_base': None}
[0.337s] Level 5:colcon.colcon_core.verb:set package 'as2_state_estimator' build argument 'cmake_args' from command line to 'None'
[0.337s] Level 5:colcon.colcon_core.verb:set package 'as2_state_estimator' build argument 'cmake_target' from command line to 'None'
[0.337s] Level 5:colcon.colcon_core.verb:set package 'as2_state_estimator' build argument 'cmake_target_skip_unavailable' from command line to 'False'
[0.337s] Level 5:colcon.colcon_core.verb:set package 'as2_state_estimator' build argument 'cmake_clean_cache' from command line to 'False'
[0.337s] Level 5:colcon.colcon_core.verb:set package 'as2_state_estimator' build argument 'cmake_clean_first' from command line to 'False'
[0.337s] Level 5:colcon.colcon_core.verb:set package 'as2_state_estimator' build argument 'cmake_force_configure' from command line to 'False'
[0.337s] Level 5:colcon.colcon_core.verb:set package 'as2_state_estimator' build argument 'ament_cmake_args' from command line to 'None'
[0.337s] Level 5:colcon.colcon_core.verb:set package 'as2_state_estimator' build argument 'catkin_cmake_args' from command line to 'None'
[0.337s] Level 5:colcon.colcon_core.verb:set package 'as2_state_estimator' build argument 'catkin_skip_building_tests' from command line to 'False'
[0.337s] DEBUG:colcon.colcon_core.verb:Building package 'as2_state_estimator' with the following arguments: {'ament_cmake_args': None, 'build_base': '/home/developer/aerostack2_ws/build/as2_state_estimator', 'catkin_cmake_args': None, 'catkin_skip_building_tests': False, 'cmake_args': None, 'cmake_clean_cache': False, 'cmake_clean_first': False, 'cmake_force_configure': False, 'cmake_target': None, 'cmake_target_skip_unavailable': False, 'install_base': '/home/developer/aerostack2_ws/install/as2_state_estimator', 'merge_install': False, 'path': '/home/developer/aerostack2_ws/src/aerostack2-tcc_lucca/as2_state_estimator', 'symlink_install': True, 'test_result_base': None}
[0.337s] Level 5:colcon.colcon_core.verb:set package 'as2_usb_camera_interface' build argument 'cmake_args' from command line to 'None'
[0.337s] Level 5:colcon.colcon_core.verb:set package 'as2_usb_camera_interface' build argument 'cmake_target' from command line to 'None'
[0.337s] Level 5:colcon.colcon_core.verb:set package 'as2_usb_camera_interface' build argument 'cmake_target_skip_unavailable' from command line to 'False'
[0.337s] Level 5:colcon.colcon_core.verb:set package 'as2_usb_camera_interface' build argument 'cmake_clean_cache' from command line to 'False'
[0.337s] Level 5:colcon.colcon_core.verb:set package 'as2_usb_camera_interface' build argument 'cmake_clean_first' from command line to 'False'
[0.337s] Level 5:colcon.colcon_core.verb:set package 'as2_usb_camera_interface' build argument 'cmake_force_configure' from command line to 'False'
[0.337s] Level 5:colcon.colcon_core.verb:set package 'as2_usb_camera_interface' build argument 'ament_cmake_args' from command line to 'None'
[0.337s] Level 5:colcon.colcon_core.verb:set package 'as2_usb_camera_interface' build argument 'catkin_cmake_args' from command line to 'None'
[0.337s] Level 5:colcon.colcon_core.verb:set package 'as2_usb_camera_interface' build argument 'catkin_skip_building_tests' from command line to 'False'
[0.337s] DEBUG:colcon.colcon_core.verb:Building package 'as2_usb_camera_interface' with the following arguments: {'ament_cmake_args': None, 'build_base': '/home/developer/aerostack2_ws/build/as2_usb_camera_interface', 'catkin_cmake_args': None, 'catkin_skip_building_tests': False, 'cmake_args': None, 'cmake_clean_cache': False, 'cmake_clean_first': False, 'cmake_force_configure': False, 'cmake_target': None, 'cmake_target_skip_unavailable': False, 'install_base': '/home/developer/aerostack2_ws/install/as2_usb_camera_interface', 'merge_install': False, 'path': '/home/developer/aerostack2_ws/src/aerostack2-tcc_lucca/as2_hardware_drivers/as2_usb_camera_interface', 'symlink_install': True, 'test_result_base': None}
[0.338s] Level 5:colcon.colcon_core.verb:set package 'as2_behaviors_motion' build argument 'cmake_args' from command line to 'None'
[0.338s] Level 5:colcon.colcon_core.verb:set package 'as2_behaviors_motion' build argument 'cmake_target' from command line to 'None'
[0.338s] Level 5:colcon.colcon_core.verb:set package 'as2_behaviors_motion' build argument 'cmake_target_skip_unavailable' from command line to 'False'
[0.338s] Level 5:colcon.colcon_core.verb:set package 'as2_behaviors_motion' build argument 'cmake_clean_cache' from command line to 'False'
[0.338s] Level 5:colcon.colcon_core.verb:set package 'as2_behaviors_motion' build argument 'cmake_clean_first' from command line to 'False'
[0.338s] Level 5:colcon.colcon_core.verb:set package 'as2_behaviors_motion' build argument 'cmake_force_configure' from command line to 'False'
[0.338s] Level 5:colcon.colcon_core.verb:set package 'as2_behaviors_motion' build argument 'ament_cmake_args' from command line to 'None'
[0.338s] Level 5:colcon.colcon_core.verb:set package 'as2_behaviors_motion' build argument 'catkin_cmake_args' from command line to 'None'
[0.338s] Level 5:colcon.colcon_core.verb:set package 'as2_behaviors_motion' build argument 'catkin_skip_building_tests' from command line to 'False'
[0.338s] DEBUG:colcon.colcon_core.verb:Building package 'as2_behaviors_motion' with the following arguments: {'ament_cmake_args': None, 'build_base': '/home/developer/aerostack2_ws/build/as2_behaviors_motion', 'catkin_cmake_args': None, 'catkin_skip_building_tests': False, 'cmake_args': None, 'cmake_clean_cache': False, 'cmake_clean_first': False, 'cmake_force_configure': False, 'cmake_target': None, 'cmake_target_skip_unavailable': False, 'install_base': '/home/developer/aerostack2_ws/install/as2_behaviors_motion', 'merge_install': False, 'path': '/home/developer/aerostack2_ws/src/aerostack2-tcc_lucca/as2_behaviors/as2_behaviors_motion', 'symlink_install': True, 'test_result_base': None}
[0.338s] Level 5:colcon.colcon_core.verb:set package 'as2_behaviors_param_estimation' build argument 'cmake_args' from command line to 'None'
[0.338s] Level 5:colcon.colcon_core.verb:set package 'as2_behaviors_param_estimation' build argument 'cmake_target' from command line to 'None'
[0.338s] Level 5:colcon.colcon_core.verb:set package 'as2_behaviors_param_estimation' build argument 'cmake_target_skip_unavailable' from command line to 'False'
[0.338s] Level 5:colcon.colcon_core.verb:set package 'as2_behaviors_param_estimation' build argument 'cmake_clean_cache' from command line to 'False'
[0.338s] Level 5:colcon.colcon_core.verb:set package 'as2_behaviors_param_estimation' build argument 'cmake_clean_first' from command line to 'False'
[0.338s] Level 5:colcon.colcon_core.verb:set package 'as2_behaviors_param_estimation' build argument 'cmake_force_configure' from command line to 'False'
[0.338s] Level 5:colcon.colcon_core.verb:set package 'as2_behaviors_param_estimation' build argument 'ament_cmake_args' from command line to 'None'
[0.338s] Level 5:colcon.colcon_core.verb:set package 'as2_behaviors_param_estimation' build argument 'catkin_cmake_args' from command line to 'None'
[0.338s] Level 5:colcon.colcon_core.verb:set package 'as2_behaviors_param_estimation' build argument 'catkin_skip_building_tests' from command line to 'False'
[0.338s] DEBUG:colcon.colcon_core.verb:Building package 'as2_behaviors_param_estimation' with the following arguments: {'ament_cmake_args': None, 'build_base': '/home/developer/aerostack2_ws/build/as2_behaviors_param_estimation', 'catkin_cmake_args': None, 'catkin_skip_building_tests': False, 'cmake_args': None, 'cmake_clean_cache': False, 'cmake_clean_first': False, 'cmake_force_configure': False, 'cmake_target': None, 'cmake_target_skip_unavailable': False, 'install_base': '/home/developer/aerostack2_ws/install/as2_behaviors_param_estimation', 'merge_install': False, 'path': '/home/developer/aerostack2_ws/src/aerostack2-tcc_lucca/as2_behaviors/as2_behaviors_param_estimation', 'symlink_install': True, 'test_result_base': None}
[0.338s] Level 5:colcon.colcon_core.verb:set package 'as2_behaviors_path_planning' build argument 'cmake_args' from command line to 'None'
[0.338s] Level 5:colcon.colcon_core.verb:set package 'as2_behaviors_path_planning' build argument 'cmake_target' from command line to 'None'
[0.338s] Level 5:colcon.colcon_core.verb:set package 'as2_behaviors_path_planning' build argument 'cmake_target_skip_unavailable' from command line to 'False'
[0.338s] Level 5:colcon.colcon_core.verb:set package 'as2_behaviors_path_planning' build argument 'cmake_clean_cache' from command line to 'False'
[0.338s] Level 5:colcon.colcon_core.verb:set package 'as2_behaviors_path_planning' build argument 'cmake_clean_first' from command line to 'False'
[0.338s] Level 5:colcon.colcon_core.verb:set package 'as2_behaviors_path_planning' build argument 'cmake_force_configure' from command line to 'False'
[0.338s] Level 5:colcon.colcon_core.verb:set package 'as2_behaviors_path_planning' build argument 'ament_cmake_args' from command line to 'None'
[0.338s] Level 5:colcon.colcon_core.verb:set package 'as2_behaviors_path_planning' build argument 'catkin_cmake_args' from command line to 'None'
[0.338s] Level 5:colcon.colcon_core.verb:set package 'as2_behaviors_path_planning' build argument 'catkin_skip_building_tests' from command line to 'False'
[0.338s] DEBUG:colcon.colcon_core.verb:Building package 'as2_behaviors_path_planning' with the following arguments: {'ament_cmake_args': None, 'build_base': '/home/developer/aerostack2_ws/build/as2_behaviors_path_planning', 'catkin_cmake_args': None, 'catkin_skip_building_tests': False, 'cmake_args': None, 'cmake_clean_cache': False, 'cmake_clean_first': False, 'cmake_force_configure': False, 'cmake_target': None, 'cmake_target_skip_unavailable': False, 'install_base': '/home/developer/aerostack2_ws/install/as2_behaviors_path_planning', 'merge_install': False, 'path': '/home/developer/aerostack2_ws/src/aerostack2-tcc_lucca/as2_behaviors/as2_behaviors_path_planning', 'symlink_install': True, 'test_result_base': None}
[0.338s] Level 5:colcon.colcon_core.verb:set package 'as2_behaviors_payload' build argument 'cmake_args' from command line to 'None'
[0.338s] Level 5:colcon.colcon_core.verb:set package 'as2_behaviors_payload' build argument 'cmake_target' from command line to 'None'
[0.338s] Level 5:colcon.colcon_core.verb:set package 'as2_behaviors_payload' build argument 'cmake_target_skip_unavailable' from command line to 'False'
[0.338s] Level 5:colcon.colcon_core.verb:set package 'as2_behaviors_payload' build argument 'cmake_clean_cache' from command line to 'False'
[0.338s] Level 5:colcon.colcon_core.verb:set package 'as2_behaviors_payload' build argument 'cmake_clean_first' from command line to 'False'
[0.338s] Level 5:colcon.colcon_core.verb:set package 'as2_behaviors_payload' build argument 'cmake_force_configure' from command line to 'False'
[0.338s] Level 5:colcon.colcon_core.verb:set package 'as2_behaviors_payload' build argument 'ament_cmake_args' from command line to 'None'
[0.338s] Level 5:colcon.colcon_core.verb:set package 'as2_behaviors_payload' build argument 'catkin_cmake_args' from command line to 'None'
[0.338s] Level 5:colcon.colcon_core.verb:set package 'as2_behaviors_payload' build argument 'catkin_skip_building_tests' from command line to 'False'
[0.339s] DEBUG:colcon.colcon_core.verb:Building package 'as2_behaviors_payload' with the following arguments: {'ament_cmake_args': None, 'build_base': '/home/developer/aerostack2_ws/build/as2_behaviors_payload', 'catkin_cmake_args': None, 'catkin_skip_building_tests': False, 'cmake_args': None, 'cmake_clean_cache': False, 'cmake_clean_first': False, 'cmake_force_configure': False, 'cmake_target': None, 'cmake_target_skip_unavailable': False, 'install_base': '/home/developer/aerostack2_ws/install/as2_behaviors_payload', 'merge_install': False, 'path': '/home/developer/aerostack2_ws/src/aerostack2-tcc_lucca/as2_behaviors/as2_behaviors_payload', 'symlink_install': True, 'test_result_base': None}
[0.339s] Level 5:colcon.colcon_core.verb:set package 'as2_behaviors_perception' build argument 'cmake_args' from command line to 'None'
[0.339s] Level 5:colcon.colcon_core.verb:set package 'as2_behaviors_perception' build argument 'cmake_target' from command line to 'None'
[0.339s] Level 5:colcon.colcon_core.verb:set package 'as2_behaviors_perception' build argument 'cmake_target_skip_unavailable' from command line to 'False'
[0.339s] Level 5:colcon.colcon_core.verb:set package 'as2_behaviors_perception' build argument 'cmake_clean_cache' from command line to 'False'
[0.339s] Level 5:colcon.colcon_core.verb:set package 'as2_behaviors_perception' build argument 'cmake_clean_first' from command line to 'False'
[0.339s] Level 5:colcon.colcon_core.verb:set package 'as2_behaviors_perception' build argument 'cmake_force_configure' from command line to 'False'
[0.339s] Level 5:colcon.colcon_core.verb:set package 'as2_behaviors_perception' build argument 'ament_cmake_args' from command line to 'None'
[0.339s] Level 5:colcon.colcon_core.verb:set package 'as2_behaviors_perception' build argument 'catkin_cmake_args' from command line to 'None'
[0.339s] Level 5:colcon.colcon_core.verb:set package 'as2_behaviors_perception' build argument 'catkin_skip_building_tests' from command line to 'False'
[0.339s] DEBUG:colcon.colcon_core.verb:Building package 'as2_behaviors_perception' with the following arguments: {'ament_cmake_args': None, 'build_base': '/home/developer/aerostack2_ws/build/as2_behaviors_perception', 'catkin_cmake_args': None, 'catkin_skip_building_tests': False, 'cmake_args': None, 'cmake_clean_cache': False, 'cmake_clean_first': False, 'cmake_force_configure': False, 'cmake_target': None, 'cmake_target_skip_unavailable': False, 'install_base': '/home/developer/aerostack2_ws/install/as2_behaviors_perception', 'merge_install': False, 'path': '/home/developer/aerostack2_ws/src/aerostack2-tcc_lucca/as2_behaviors/as2_behaviors_perception', 'symlink_install': True, 'test_result_base': None}
[0.339s] Level 5:colcon.colcon_core.verb:set package 'as2_behaviors_platform' build argument 'cmake_args' from command line to 'None'
[0.339s] Level 5:colcon.colcon_core.verb:set package 'as2_behaviors_platform' build argument 'cmake_target' from command line to 'None'
[0.339s] Level 5:colcon.colcon_core.verb:set package 'as2_behaviors_platform' build argument 'cmake_target_skip_unavailable' from command line to 'False'
[0.339s] Level 5:colcon.colcon_core.verb:set package 'as2_behaviors_platform' build argument 'cmake_clean_cache' from command line to 'False'
[0.339s] Level 5:colcon.colcon_core.verb:set package 'as2_behaviors_platform' build argument 'cmake_clean_first' from command line to 'False'
[0.339s] Level 5:colcon.colcon_core.verb:set package 'as2_behaviors_platform' build argument 'cmake_force_configure' from command line to 'False'
[0.339s] Level 5:colcon.colcon_core.verb:set package 'as2_behaviors_platform' build argument 'ament_cmake_args' from command line to 'None'
[0.339s] Level 5:colcon.colcon_core.verb:set package 'as2_behaviors_platform' build argument 'catkin_cmake_args' from command line to 'None'
[0.339s] Level 5:colcon.colcon_core.verb:set package 'as2_behaviors_platform' build argument 'catkin_skip_building_tests' from command line to 'False'
[0.339s] DEBUG:colcon.colcon_core.verb:Building package 'as2_behaviors_platform' with the following arguments: {'ament_cmake_args': None, 'build_base': '/home/developer/aerostack2_ws/build/as2_behaviors_platform', 'catkin_cmake_args': None, 'catkin_skip_building_tests': False, 'cmake_args': None, 'cmake_clean_cache': False, 'cmake_clean_first': False, 'cmake_force_configure': False, 'cmake_target': None, 'cmake_target_skip_unavailable': False, 'install_base': '/home/developer/aerostack2_ws/install/as2_behaviors_platform', 'merge_install': False, 'path': '/home/developer/aerostack2_ws/src/aerostack2-tcc_lucca/as2_behaviors/as2_behaviors_platform', 'symlink_install': True, 'test_result_base': None}
[0.339s] Level 5:colcon.colcon_core.verb:set package 'as2_behaviors_swarm_flocking' build argument 'cmake_args' from command line to 'None'
[0.339s] Level 5:colcon.colcon_core.verb:set package 'as2_behaviors_swarm_flocking' build argument 'cmake_target' from command line to 'None'
[0.339s] Level 5:colcon.colcon_core.verb:set package 'as2_behaviors_swarm_flocking' build argument 'cmake_target_skip_unavailable' from command line to 'False'
[0.339s] Level 5:colcon.colcon_core.verb:set package 'as2_behaviors_swarm_flocking' build argument 'cmake_clean_cache' from command line to 'False'
[0.339s] Level 5:colcon.colcon_core.verb:set package 'as2_behaviors_swarm_flocking' build argument 'cmake_clean_first' from command line to 'False'
[0.339s] Level 5:colcon.colcon_core.verb:set package 'as2_behaviors_swarm_flocking' build argument 'cmake_force_configure' from command line to 'False'
[0.339s] Level 5:colcon.colcon_core.verb:set package 'as2_behaviors_swarm_flocking' build argument 'ament_cmake_args' from command line to 'None'
[0.339s] Level 5:colcon.colcon_core.verb:set package 'as2_behaviors_swarm_flocking' build argument 'catkin_cmake_args' from command line to 'None'
[0.339s] Level 5:colcon.colcon_core.verb:set package 'as2_behaviors_swarm_flocking' build argument 'catkin_skip_building_tests' from command line to 'False'
[0.339s] DEBUG:colcon.colcon_core.verb:Building package 'as2_behaviors_swarm_flocking' with the following arguments: {'ament_cmake_args': None, 'build_base': '/home/developer/aerostack2_ws/build/as2_behaviors_swarm_flocking', 'catkin_cmake_args': None, 'catkin_skip_building_tests': False, 'cmake_args': None, 'cmake_clean_cache': False, 'cmake_clean_first': False, 'cmake_force_configure': False, 'cmake_target': None, 'cmake_target_skip_unavailable': False, 'install_base': '/home/developer/aerostack2_ws/install/as2_behaviors_swarm_flocking', 'merge_install': False, 'path': '/home/developer/aerostack2_ws/src/aerostack2-tcc_lucca/as2_behaviors/as2_behaviors_swarm_flocking', 'symlink_install': True, 'test_result_base': None}
[0.339s] Level 5:colcon.colcon_core.verb:set package 'as2_behaviors_trajectory_generation' build argument 'cmake_args' from command line to 'None'
[0.339s] Level 5:colcon.colcon_core.verb:set package 'as2_behaviors_trajectory_generation' build argument 'cmake_target' from command line to 'None'
[0.340s] Level 5:colcon.colcon_core.verb:set package 'as2_behaviors_trajectory_generation' build argument 'cmake_target_skip_unavailable' from command line to 'False'
[0.340s] Level 5:colcon.colcon_core.verb:set package 'as2_behaviors_trajectory_generation' build argument 'cmake_clean_cache' from command line to 'False'
[0.340s] Level 5:colcon.colcon_core.verb:set package 'as2_behaviors_trajectory_generation' build argument 'cmake_clean_first' from command line to 'False'
[0.340s] Level 5:colcon.colcon_core.verb:set package 'as2_behaviors_trajectory_generation' build argument 'cmake_force_configure' from command line to 'False'
[0.340s] Level 5:colcon.colcon_core.verb:set package 'as2_behaviors_trajectory_generation' build argument 'ament_cmake_args' from command line to 'None'
[0.340s] Level 5:colcon.colcon_core.verb:set package 'as2_behaviors_trajectory_generation' build argument 'catkin_cmake_args' from command line to 'None'
[0.340s] Level 5:colcon.colcon_core.verb:set package 'as2_behaviors_trajectory_generation' build argument 'catkin_skip_building_tests' from command line to 'False'
[0.340s] DEBUG:colcon.colcon_core.verb:Building package 'as2_behaviors_trajectory_generation' with the following arguments: {'ament_cmake_args': None, 'build_base': '/home/developer/aerostack2_ws/build/as2_behaviors_trajectory_generation', 'catkin_cmake_args': None, 'catkin_skip_building_tests': False, 'cmake_args': None, 'cmake_clean_cache': False, 'cmake_clean_first': False, 'cmake_force_configure': False, 'cmake_target': None, 'cmake_target_skip_unavailable': False, 'install_base': '/home/developer/aerostack2_ws/install/as2_behaviors_trajectory_generation', 'merge_install': False, 'path': '/home/developer/aerostack2_ws/src/aerostack2-tcc_lucca/as2_behaviors/as2_behaviors_trajectory_generation', 'symlink_install': True, 'test_result_base': None}
[0.340s] Level 5:colcon.colcon_core.verb:set package 'as2_motion_controller' build argument 'cmake_args' from command line to 'None'
[0.340s] Level 5:colcon.colcon_core.verb:set package 'as2_motion_controller' build argument 'cmake_target' from command line to 'None'
[0.340s] Level 5:colcon.colcon_core.verb:set package 'as2_motion_controller' build argument 'cmake_target_skip_unavailable' from command line to 'False'
[0.340s] Level 5:colcon.colcon_core.verb:set package 'as2_motion_controller' build argument 'cmake_clean_cache' from command line to 'False'
[0.340s] Level 5:colcon.colcon_core.verb:set package 'as2_motion_controller' build argument 'cmake_clean_first' from command line to 'False'
[0.340s] Level 5:colcon.colcon_core.verb:set package 'as2_motion_controller' build argument 'cmake_force_configure' from command line to 'False'
[0.340s] Level 5:colcon.colcon_core.verb:set package 'as2_motion_controller' build argument 'ament_cmake_args' from command line to 'None'
[0.340s] Level 5:colcon.colcon_core.verb:set package 'as2_motion_controller' build argument 'catkin_cmake_args' from command line to 'None'
[0.340s] Level 5:colcon.colcon_core.verb:set package 'as2_motion_controller' build argument 'catkin_skip_building_tests' from command line to 'False'
[0.340s] DEBUG:colcon.colcon_core.verb:Building package 'as2_motion_controller' with the following arguments: {'ament_cmake_args': None, 'build_base': '/home/developer/aerostack2_ws/build/as2_motion_controller', 'catkin_cmake_args': None, 'catkin_skip_building_tests': False, 'cmake_args': None, 'cmake_clean_cache': False, 'cmake_clean_first': False, 'cmake_force_configure': False, 'cmake_target': None, 'cmake_target_skip_unavailable': False, 'install_base': '/home/developer/aerostack2_ws/install/as2_motion_controller', 'merge_install': False, 'path': '/home/developer/aerostack2_ws/src/aerostack2-tcc_lucca/as2_motion_controller', 'symlink_install': True, 'test_result_base': None}
[0.340s] Level 5:colcon.colcon_core.verb:set package 'as2_platform_gazebo' build argument 'cmake_args' from command line to 'None'
[0.340s] Level 5:colcon.colcon_core.verb:set package 'as2_platform_gazebo' build argument 'cmake_target' from command line to 'None'
[0.340s] Level 5:colcon.colcon_core.verb:set package 'as2_platform_gazebo' build argument 'cmake_target_skip_unavailable' from command line to 'False'
[0.340s] Level 5:colcon.colcon_core.verb:set package 'as2_platform_gazebo' build argument 'cmake_clean_cache' from command line to 'False'
[0.340s] Level 5:colcon.colcon_core.verb:set package 'as2_platform_gazebo' build argument 'cmake_clean_first' from command line to 'False'
[0.340s] Level 5:colcon.colcon_core.verb:set package 'as2_platform_gazebo' build argument 'cmake_force_configure' from command line to 'False'
[0.340s] Level 5:colcon.colcon_core.verb:set package 'as2_platform_gazebo' build argument 'ament_cmake_args' from command line to 'None'
[0.340s] Level 5:colcon.colcon_core.verb:set package 'as2_platform_gazebo' build argument 'catkin_cmake_args' from command line to 'None'
[0.340s] Level 5:colcon.colcon_core.verb:set package 'as2_platform_gazebo' build argument 'catkin_skip_building_tests' from command line to 'False'
[0.340s] DEBUG:colcon.colcon_core.verb:Building package 'as2_platform_gazebo' with the following arguments: {'ament_cmake_args': None, 'build_base': '/home/developer/aerostack2_ws/build/as2_platform_gazebo', 'catkin_cmake_args': None, 'catkin_skip_building_tests': False, 'cmake_args': None, 'cmake_clean_cache': False, 'cmake_clean_first': False, 'cmake_force_configure': False, 'cmake_target': None, 'cmake_target_skip_unavailable': False, 'install_base': '/home/developer/aerostack2_ws/install/as2_platform_gazebo', 'merge_install': False, 'path': '/home/developer/aerostack2_ws/src/aerostack2-tcc_lucca/as2_aerial_platforms/as2_platform_gazebo', 'symlink_install': True, 'test_result_base': None}
[0.340s] Level 5:colcon.colcon_core.verb:set package 'as2_python_api' build argument 'cmake_args' from command line to 'None'
[0.340s] Level 5:colcon.colcon_core.verb:set package 'as2_python_api' build argument 'cmake_target' from command line to 'None'
[0.340s] Level 5:colcon.colcon_core.verb:set package 'as2_python_api' build argument 'cmake_target_skip_unavailable' from command line to 'False'
[0.340s] Level 5:colcon.colcon_core.verb:set package 'as2_python_api' build argument 'cmake_clean_cache' from command line to 'False'
[0.340s] Level 5:colcon.colcon_core.verb:set package 'as2_python_api' build argument 'cmake_clean_first' from command line to 'False'
[0.340s] Level 5:colcon.colcon_core.verb:set package 'as2_python_api' build argument 'cmake_force_configure' from command line to 'False'
[0.340s] Level 5:colcon.colcon_core.verb:set package 'as2_python_api' build argument 'ament_cmake_args' from command line to 'None'
[0.340s] Level 5:colcon.colcon_core.verb:set package 'as2_python_api' build argument 'catkin_cmake_args' from command line to 'None'
[0.340s] Level 5:colcon.colcon_core.verb:set package 'as2_python_api' build argument 'catkin_skip_building_tests' from command line to 'False'
[0.340s] DEBUG:colcon.colcon_core.verb:Building package 'as2_python_api' with the following arguments: {'ament_cmake_args': None, 'build_base': '/home/developer/aerostack2_ws/build/as2_python_api', 'catkin_cmake_args': None, 'catkin_skip_building_tests': False, 'cmake_args': None, 'cmake_clean_cache': False, 'cmake_clean_first': False, 'cmake_force_configure': False, 'cmake_target': None, 'cmake_target_skip_unavailable': False, 'install_base': '/home/developer/aerostack2_ws/install/as2_python_api', 'merge_install': False, 'path': '/home/developer/aerostack2_ws/src/aerostack2-tcc_lucca/as2_python_api', 'symlink_install': True, 'test_result_base': None}
[0.341s] Level 5:colcon.colcon_core.verb:set package 'as2_rviz_plugins' build argument 'cmake_args' from command line to 'None'
[0.341s] Level 5:colcon.colcon_core.verb:set package 'as2_rviz_plugins' build argument 'cmake_target' from command line to 'None'
[0.341s] Level 5:colcon.colcon_core.verb:set package 'as2_rviz_plugins' build argument 'cmake_target_skip_unavailable' from command line to 'False'
[0.341s] Level 5:colcon.colcon_core.verb:set package 'as2_rviz_plugins' build argument 'cmake_clean_cache' from command line to 'False'
[0.341s] Level 5:colcon.colcon_core.verb:set package 'as2_rviz_plugins' build argument 'cmake_clean_first' from command line to 'False'
[0.341s] Level 5:colcon.colcon_core.verb:set package 'as2_rviz_plugins' build argument 'cmake_force_configure' from command line to 'False'
[0.341s] Level 5:colcon.colcon_core.verb:set package 'as2_rviz_plugins' build argument 'ament_cmake_args' from command line to 'None'
[0.341s] Level 5:colcon.colcon_core.verb:set package 'as2_rviz_plugins' build argument 'catkin_cmake_args' from command line to 'None'
[0.341s] Level 5:colcon.colcon_core.verb:set package 'as2_rviz_plugins' build argument 'catkin_skip_building_tests' from command line to 'False'
[0.341s] DEBUG:colcon.colcon_core.verb:Building package 'as2_rviz_plugins' with the following arguments: {'ament_cmake_args': None, 'build_base': '/home/developer/aerostack2_ws/build/as2_rviz_plugins', 'catkin_cmake_args': None, 'catkin_skip_building_tests': False, 'cmake_args': None, 'cmake_clean_cache': False, 'cmake_clean_first': False, 'cmake_force_configure': False, 'cmake_target': None, 'cmake_target_skip_unavailable': False, 'install_base': '/home/developer/aerostack2_ws/install/as2_rviz_plugins', 'merge_install': False, 'path': '/home/developer/aerostack2_ws/src/aerostack2-tcc_lucca/as2_user_interfaces/as2_visualization/as2_rviz_plugins', 'symlink_install': True, 'test_result_base': None}
[0.341s] Level 5:colcon.colcon_core.verb:set package 'as2_visualization' build argument 'cmake_args' from command line to 'None'
[0.341s] Level 5:colcon.colcon_core.verb:set package 'as2_visualization' build argument 'cmake_target' from command line to 'None'
[0.341s] Level 5:colcon.colcon_core.verb:set package 'as2_visualization' build argument 'cmake_target_skip_unavailable' from command line to 'False'
[0.341s] Level 5:colcon.colcon_core.verb:set package 'as2_visualization' build argument 'cmake_clean_cache' from command line to 'False'
[0.341s] Level 5:colcon.colcon_core.verb:set package 'as2_visualization' build argument 'cmake_clean_first' from command line to 'False'
[0.341s] Level 5:colcon.colcon_core.verb:set package 'as2_visualization' build argument 'cmake_force_configure' from command line to 'False'
[0.341s] Level 5:colcon.colcon_core.verb:set package 'as2_visualization' build argument 'ament_cmake_args' from command line to 'None'
[0.341s] Level 5:colcon.colcon_core.verb:set package 'as2_visualization' build argument 'catkin_cmake_args' from command line to 'None'
[0.341s] Level 5:colcon.colcon_core.verb:set package 'as2_visualization' build argument 'catkin_skip_building_tests' from command line to 'False'
[0.341s] DEBUG:colcon.colcon_core.verb:Building package 'as2_visualization' with the following arguments: {'ament_cmake_args': None, 'build_base': '/home/developer/aerostack2_ws/build/as2_visualization', 'catkin_cmake_args': None, 'catkin_skip_building_tests': False, 'cmake_args': None, 'cmake_clean_cache': False, 'cmake_clean_first': False, 'cmake_force_configure': False, 'cmake_target': None, 'cmake_target_skip_unavailable': False, 'install_base': '/home/developer/aerostack2_ws/install/as2_visualization', 'merge_install': False, 'path': '/home/developer/aerostack2_ws/src/aerostack2-tcc_lucca/as2_user_interfaces/as2_visualization/as2_visualization', 'symlink_install': True, 'test_result_base': None}
[0.341s] Level 5:colcon.colcon_core.verb:set package 'as2_keyboard_teleoperation' build argument 'cmake_args' from command line to 'None'
[0.341s] Level 5:colcon.colcon_core.verb:set package 'as2_keyboard_teleoperation' build argument 'cmake_target' from command line to 'None'
[0.341s] Level 5:colcon.colcon_core.verb:set package 'as2_keyboard_teleoperation' build argument 'cmake_target_skip_unavailable' from command line to 'False'
[0.341s] Level 5:colcon.colcon_core.verb:set package 'as2_keyboard_teleoperation' build argument 'cmake_clean_cache' from command line to 'False'
[0.341s] Level 5:colcon.colcon_core.verb:set package 'as2_keyboard_teleoperation' build argument 'cmake_clean_first' from command line to 'False'
[0.341s] Level 5:colcon.colcon_core.verb:set package 'as2_keyboard_teleoperation' build argument 'cmake_force_configure' from command line to 'False'
[0.341s] Level 5:colcon.colcon_core.verb:set package 'as2_keyboard_teleoperation' build argument 'ament_cmake_args' from command line to 'None'
[0.341s] Level 5:colcon.colcon_core.verb:set package 'as2_keyboard_teleoperation' build argument 'catkin_cmake_args' from command line to 'None'
[0.341s] Level 5:colcon.colcon_core.verb:set package 'as2_keyboard_teleoperation' build argument 'catkin_skip_building_tests' from command line to 'False'
[0.341s] DEBUG:colcon.colcon_core.verb:Building package 'as2_keyboard_teleoperation' with the following arguments: {'ament_cmake_args': None, 'build_base': '/home/developer/aerostack2_ws/build/as2_keyboard_teleoperation', 'catkin_cmake_args': None, 'catkin_skip_building_tests': False, 'cmake_args': None, 'cmake_clean_cache': False, 'cmake_clean_first': False, 'cmake_force_configure': False, 'cmake_target': None, 'cmake_target_skip_unavailable': False, 'install_base': '/home/developer/aerostack2_ws/install/as2_keyboard_teleoperation', 'merge_install': False, 'path': '/home/developer/aerostack2_ws/src/aerostack2-tcc_lucca/as2_user_interfaces/as2_keyboard_teleoperation', 'symlink_install': True, 'test_result_base': None}
[0.342s] Level 5:colcon.colcon_core.verb:set package 'aerostack2' build argument 'cmake_args' from command line to 'None'
[0.342s] Level 5:colcon.colcon_core.verb:set package 'aerostack2' build argument 'cmake_target' from command line to 'None'
[0.342s] Level 5:colcon.colcon_core.verb:set package 'aerostack2' build argument 'cmake_target_skip_unavailable' from command line to 'False'
[0.342s] Level 5:colcon.colcon_core.verb:set package 'aerostack2' build argument 'cmake_clean_cache' from command line to 'False'
[0.342s] Level 5:colcon.colcon_core.verb:set package 'aerostack2' build argument 'cmake_clean_first' from command line to 'False'
[0.342s] Level 5:colcon.colcon_core.verb:set package 'aerostack2' build argument 'cmake_force_configure' from command line to 'False'
[0.342s] Level 5:colcon.colcon_core.verb:set package 'aerostack2' build argument 'ament_cmake_args' from command line to 'None'
[0.342s] Level 5:colcon.colcon_core.verb:set package 'aerostack2' build argument 'catkin_cmake_args' from command line to 'None'
[0.342s] Level 5:colcon.colcon_core.verb:set package 'aerostack2' build argument 'catkin_skip_building_tests' from command line to 'False'
[0.342s] DEBUG:colcon.colcon_core.verb:Building package 'aerostack2' with the following arguments: {'ament_cmake_args': None, 'build_base': '/home/developer/aerostack2_ws/build/aerostack2', 'catkin_cmake_args': None, 'catkin_skip_building_tests': False, 'cmake_args': None, 'cmake_clean_cache': False, 'cmake_clean_first': False, 'cmake_force_configure': False, 'cmake_target': None, 'cmake_target_skip_unavailable': False, 'install_base': '/home/developer/aerostack2_ws/install/aerostack2', 'merge_install': False, 'path': '/home/developer/aerostack2_ws/src/aerostack2-tcc_lucca/aerostack2', 'symlink_install': True, 'test_result_base': None}
[0.342s] INFO:colcon.colcon_core.executor:Executing jobs using 'parallel' executor
[0.342s] DEBUG:colcon.colcon_parallel_executor.executor.parallel:run_until_complete
[0.343s] INFO:colcon.colcon_ros.task.ament_cmake.build:Building ROS package in '/home/developer/aerostack2_ws/src/aerostack2-tcc_lucca/as2_msgs' with build type 'ament_cmake'
[0.343s] INFO:colcon.colcon_cmake.task.cmake.build:Building CMake package in '/home/developer/aerostack2_ws/src/aerostack2-tcc_lucca/as2_msgs'
[0.345s] INFO:colcon.colcon_core.plugin_system:Skipping extension 'colcon_core.shell.bat': Not used on non-Windows systems
[0.345s] INFO:colcon.colcon_core.shell:Skip shell extension 'powershell' for command environment: Not usable outside of PowerShell
[0.345s] DEBUG:colcon.colcon_core.shell:Skip shell extension 'dsv' for command environment
[0.352s] DEBUG:colcon.colcon_core.event_handler.log_command:Invoking command in '/home/developer/aerostack2_ws/build/as2_msgs': CMAKE_PREFIX_PATH=/opt/ros/humble /usr/bin/cmake --build /home/developer/aerostack2_ws/build/as2_msgs -- -j20 -l20
[0.593s] DEBUG:colcon.colcon_core.event_handler.log_command:Invoked command in '/home/developer/aerostack2_ws/build/as2_msgs' returned '0': CMAKE_PREFIX_PATH=/opt/ros/humble /usr/bin/cmake --build /home/developer/aerostack2_ws/build/as2_msgs -- -j20 -l20
[0.602s] DEBUG:colcon.colcon_core.event_handler.log_command:Invoking command in '/home/developer/aerostack2_ws/build/as2_msgs': CMAKE_PREFIX_PATH=/opt/ros/humble /usr/bin/cmake --install /home/developer/aerostack2_ws/build/as2_msgs
[0.759s] Level 1:colcon.colcon_core.environment:create_environment_scripts_only(as2_msgs)
[0.759s] DEBUG:colcon.colcon_core.event_handler.log_command:Invoked command in '/home/developer/aerostack2_ws/build/as2_msgs' returned '0': CMAKE_PREFIX_PATH=/opt/ros/humble /usr/bin/cmake --install /home/developer/aerostack2_ws/build/as2_msgs
[0.763s] Level 1:colcon.colcon_core.environment:checking '/home/developer/aerostack2_ws/install/as2_msgs' for CMake module files
[0.764s] Level 1:colcon.colcon_core.environment:checking '/home/developer/aerostack2_ws/install/as2_msgs' for CMake config files
[0.769s] Level 1:colcon.colcon_core.shell:create_environment_hook('as2_msgs', 'cmake_prefix_path')
[0.769s] INFO:colcon.colcon_core.shell:Creating environment hook '/home/developer/aerostack2_ws/install/as2_msgs/share/as2_msgs/hook/cmake_prefix_path.ps1'
[0.769s] INFO:colcon.colcon_core.shell:Creating environment descriptor '/home/developer/aerostack2_ws/install/as2_msgs/share/as2_msgs/hook/cmake_prefix_path.dsv'
[0.770s] INFO:colcon.colcon_core.shell:Creating environment hook '/home/developer/aerostack2_ws/install/as2_msgs/share/as2_msgs/hook/cmake_prefix_path.sh'
[0.770s] Level 1:colcon.colcon_core.environment:checking '/home/developer/aerostack2_ws/install/as2_msgs/lib'
[0.770s] Level 1:colcon.colcon_core.shell:create_environment_hook('as2_msgs', 'ld_library_path_lib')
[0.770s] INFO:colcon.colcon_core.shell:Creating environment hook '/home/developer/aerostack2_ws/install/as2_msgs/share/as2_msgs/hook/ld_library_path_lib.ps1'
[0.771s] INFO:colcon.colcon_core.shell:Creating environment descriptor '/home/developer/aerostack2_ws/install/as2_msgs/share/as2_msgs/hook/ld_library_path_lib.dsv'
[0.771s] INFO:colcon.colcon_core.shell:Creating environment hook '/home/developer/aerostack2_ws/install/as2_msgs/share/as2_msgs/hook/ld_library_path_lib.sh'
[0.771s] Level 1:colcon.colcon_core.environment:checking '/home/developer/aerostack2_ws/install/as2_msgs/bin'
[0.771s] Level 1:colcon.colcon_core.environment:checking '/home/developer/aerostack2_ws/install/as2_msgs/lib/pkgconfig/as2_msgs.pc'
[0.772s] Level 1:colcon.colcon_core.environment:checking '/home/developer/aerostack2_ws/install/as2_msgs/lib/python3.10/site-packages'
[0.772s] Level 1:colcon.colcon_core.environment:checking '/home/developer/aerostack2_ws/install/as2_msgs/bin'
[0.772s] INFO:colcon.colcon_core.shell:Creating package script '/home/developer/aerostack2_ws/install/as2_msgs/share/as2_msgs/package.ps1'
[0.773s] INFO:colcon.colcon_core.shell:Creating package descriptor '/home/developer/aerostack2_ws/install/as2_msgs/share/as2_msgs/package.dsv'
[0.773s] INFO:colcon.colcon_core.shell:Creating package script '/home/developer/aerostack2_ws/install/as2_msgs/share/as2_msgs/package.sh'
[0.774s] INFO:colcon.colcon_core.shell:Creating package script '/home/developer/aerostack2_ws/install/as2_msgs/share/as2_msgs/package.bash'
[0.774s] INFO:colcon.colcon_core.shell:Creating package script '/home/developer/aerostack2_ws/install/as2_msgs/share/as2_msgs/package.zsh'
[0.774s] Level 1:colcon.colcon_core.environment:create_file_with_runtime_dependencies(/home/developer/aerostack2_ws/install/as2_msgs/share/colcon-core/packages/as2_msgs)
[0.775s] Level 1:colcon.colcon_core.environment:create_environment_scripts_only(as2_msgs)
[0.775s] Level 1:colcon.colcon_core.environment:checking '/home/developer/aerostack2_ws/install/as2_msgs' for CMake module files
[0.775s] Level 1:colcon.colcon_core.environment:checking '/home/developer/aerostack2_ws/install/as2_msgs' for CMake config files
[0.779s] Level 1:colcon.colcon_core.shell:create_environment_hook('as2_msgs', 'cmake_prefix_path')
[0.779s] INFO:colcon.colcon_core.shell:Creating environment hook '/home/developer/aerostack2_ws/install/as2_msgs/share/as2_msgs/hook/cmake_prefix_path.ps1'
[0.779s] INFO:colcon.colcon_core.shell:Creating environment descriptor '/home/developer/aerostack2_ws/install/as2_msgs/share/as2_msgs/hook/cmake_prefix_path.dsv'
[0.779s] INFO:colcon.colcon_core.shell:Creating environment hook '/home/developer/aerostack2_ws/install/as2_msgs/share/as2_msgs/hook/cmake_prefix_path.sh'
[0.779s] Level 1:colcon.colcon_core.environment:checking '/home/developer/aerostack2_ws/install/as2_msgs/lib'
[0.779s] Level 1:colcon.colcon_core.shell:create_environment_hook('as2_msgs', 'ld_library_path_lib')
[0.780s] INFO:colcon.colcon_core.shell:Creating environment hook '/home/developer/aerostack2_ws/install/as2_msgs/share/as2_msgs/hook/ld_library_path_lib.ps1'
[0.780s] INFO:colcon.colcon_core.shell:Creating environment descriptor '/home/developer/aerostack2_ws/install/as2_msgs/share/as2_msgs/hook/ld_library_path_lib.dsv'
[0.780s] INFO:colcon.colcon_core.shell:Creating environment hook '/home/developer/aerostack2_ws/install/as2_msgs/share/as2_msgs/hook/ld_library_path_lib.sh'
[0.780s] Level 1:colcon.colcon_core.environment:checking '/home/developer/aerostack2_ws/install/as2_msgs/bin'
[0.780s] Level 1:colcon.colcon_core.environment:checking '/home/developer/aerostack2_ws/install/as2_msgs/lib/pkgconfig/as2_msgs.pc'
[0.780s] Level 1:colcon.colcon_core.environment:checking '/home/developer/aerostack2_ws/install/as2_msgs/lib/python3.10/site-packages'
[0.780s] Level 1:colcon.colcon_core.environment:checking '/home/developer/aerostack2_ws/install/as2_msgs/bin'
[0.781s] INFO:colcon.colcon_core.shell:Creating package script '/home/developer/aerostack2_ws/install/as2_msgs/share/as2_msgs/package.ps1'
[0.781s] INFO:colcon.colcon_core.shell:Creating package descriptor '/home/developer/aerostack2_ws/install/as2_msgs/share/as2_msgs/package.dsv'
[0.781s] INFO:colcon.colcon_core.shell:Creating package script '/home/developer/aerostack2_ws/install/as2_msgs/share/as2_msgs/package.sh'
[0.781s] INFO:colcon.colcon_core.shell:Creating package script '/home/developer/aerostack2_ws/install/as2_msgs/share/as2_msgs/package.bash'
[0.782s] INFO:colcon.colcon_core.shell:Creating package script '/home/developer/aerostack2_ws/install/as2_msgs/share/as2_msgs/package.zsh'
[0.782s] Level 1:colcon.colcon_core.environment:create_file_with_runtime_dependencies(/home/developer/aerostack2_ws/install/as2_msgs/share/colcon-core/packages/as2_msgs)
[0.782s] INFO:colcon.colcon_ros.task.ament_cmake.build:Building ROS package in '/home/developer/aerostack2_ws/src/aerostack2-tcc_lucca/as2_core' with build type 'ament_cmake'
[0.782s] INFO:colcon.colcon_cmake.task.cmake.build:Building CMake package in '/home/developer/aerostack2_ws/src/aerostack2-tcc_lucca/as2_core'
[0.782s] INFO:colcon.colcon_core.shell:Skip shell extension 'powershell' for command environment: Not usable outside of PowerShell
[0.782s] DEBUG:colcon.colcon_core.shell:Skip shell extension 'dsv' for command environment
[0.790s] DEBUG:colcon.colcon_core.event_handler.log_command:Invoking command in '/home/developer/aerostack2_ws/build/as2_core': AMENT_PREFIX_PATH=/home/developer/aerostack2_ws/install/as2_msgs:${AMENT_PREFIX_PATH} CMAKE_PREFIX_PATH=/home/developer/aerostack2_ws/install/as2_msgs:/opt/ros/humble LD_LIBRARY_PATH=/home/developer/aerostack2_ws/install/as2_msgs/lib:${LD_LIBRARY_PATH} PYTHONPATH=/home/developer/aerostack2_ws/install/as2_msgs/local/lib/python3.10/dist-packages:${PYTHONPATH} /usr/bin/cmake --build /home/developer/aerostack2_ws/build/as2_core -- -j20 -l20
[0.998s] DEBUG:colcon.colcon_core.event_handler.log_command:Invoked command in '/home/developer/aerostack2_ws/build/as2_core' returned '0': AMENT_PREFIX_PATH=/home/developer/aerostack2_ws/install/as2_msgs:${AMENT_PREFIX_PATH} CMAKE_PREFIX_PATH=/home/developer/aerostack2_ws/install/as2_msgs:/opt/ros/humble LD_LIBRARY_PATH=/home/developer/aerostack2_ws/install/as2_msgs/lib:${LD_LIBRARY_PATH} PYTHONPATH=/home/developer/aerostack2_ws/install/as2_msgs/local/lib/python3.10/dist-packages:${PYTHONPATH} /usr/bin/cmake --build /home/developer/aerostack2_ws/build/as2_core -- -j20 -l20
[0.999s] DEBUG:colcon.colcon_core.event_handler.log_command:Invoking command in '/home/developer/aerostack2_ws/build/as2_core': AMENT_PREFIX_PATH=/home/developer/aerostack2_ws/install/as2_msgs:${AMENT_PREFIX_PATH} CMAKE_PREFIX_PATH=/home/developer/aerostack2_ws/install/as2_msgs:/opt/ros/humble LD_LIBRARY_PATH=/home/developer/aerostack2_ws/install/as2_msgs/lib:${LD_LIBRARY_PATH} PYTHONPATH=/home/developer/aerostack2_ws/install/as2_msgs/local/lib/python3.10/dist-packages:${PYTHONPATH} /usr/bin/cmake --install /home/developer/aerostack2_ws/build/as2_core
[1.043s] Level 1:colcon.colcon_core.environment:create_environment_scripts_only(as2_core)
[1.044s] Level 1:colcon.colcon_core.environment:checking '/home/developer/aerostack2_ws/install/as2_core' for CMake module files
[1.044s] DEBUG:colcon.colcon_core.event_handler.log_command:Invoked command in '/home/developer/aerostack2_ws/build/as2_core' returned '0': AMENT_PREFIX_PATH=/home/developer/aerostack2_ws/install/as2_msgs:${AMENT_PREFIX_PATH} CMAKE_PREFIX_PATH=/home/developer/aerostack2_ws/install/as2_msgs:/opt/ros/humble LD_LIBRARY_PATH=/home/developer/aerostack2_ws/install/as2_msgs/lib:${LD_LIBRARY_PATH} PYTHONPATH=/home/developer/aerostack2_ws/install/as2_msgs/local/lib/python3.10/dist-packages:${PYTHONPATH} /usr/bin/cmake --install /home/developer/aerostack2_ws/build/as2_core
[1.044s] Level 1:colcon.colcon_core.environment:checking '/home/developer/aerostack2_ws/install/as2_core' for CMake config files
[1.046s] Level 1:colcon.colcon_core.shell:create_environment_hook('as2_core', 'cmake_prefix_path')
[1.047s] INFO:colcon.colcon_core.shell:Creating environment hook '/home/developer/aerostack2_ws/install/as2_core/share/as2_core/hook/cmake_prefix_path.ps1'
[1.047s] INFO:colcon.colcon_core.shell:Creating environment descriptor '/home/developer/aerostack2_ws/install/as2_core/share/as2_core/hook/cmake_prefix_path.dsv'
[1.047s] INFO:colcon.colcon_core.shell:Creating environment hook '/home/developer/aerostack2_ws/install/as2_core/share/as2_core/hook/cmake_prefix_path.sh'
[1.048s] Level 1:colcon.colcon_core.environment:checking '/home/developer/aerostack2_ws/install/as2_core/lib'
[1.048s] Level 1:colcon.colcon_core.shell:create_environment_hook('as2_core', 'ld_library_path_lib')
[1.048s] INFO:colcon.colcon_core.shell:Creating environment hook '/home/developer/aerostack2_ws/install/as2_core/share/as2_core/hook/ld_library_path_lib.ps1'
[1.048s] INFO:colcon.colcon_core.shell:Creating environment descriptor '/home/developer/aerostack2_ws/install/as2_core/share/as2_core/hook/ld_library_path_lib.dsv'
[1.049s] INFO:colcon.colcon_core.shell:Creating environment hook '/home/developer/aerostack2_ws/install/as2_core/share/as2_core/hook/ld_library_path_lib.sh'
[1.049s] Level 1:colcon.colcon_core.environment:checking '/home/developer/aerostack2_ws/install/as2_core/bin'
[1.049s] Level 1:colcon.colcon_core.environment:checking '/home/developer/aerostack2_ws/install/as2_core/lib/pkgconfig/as2_core.pc'
[1.049s] Level 1:colcon.colcon_core.environment:checking '/home/developer/aerostack2_ws/install/as2_core/lib/python3.10/site-packages'
[1.049s] Level 1:colcon.colcon_core.environment:checking '/home/developer/aerostack2_ws/install/as2_core/bin'
[1.049s] INFO:colcon.colcon_core.shell:Creating package script '/home/developer/aerostack2_ws/install/as2_core/share/as2_core/package.ps1'
[1.050s] INFO:colcon.colcon_core.shell:Creating package descriptor '/home/developer/aerostack2_ws/install/as2_core/share/as2_core/package.dsv'
[1.050s] INFO:colcon.colcon_core.shell:Creating package script '/home/developer/aerostack2_ws/install/as2_core/share/as2_core/package.sh'
[1.050s] INFO:colcon.colcon_core.shell:Creating package script '/home/developer/aerostack2_ws/install/as2_core/share/as2_core/package.bash'
[1.050s] INFO:colcon.colcon_core.shell:Creating package script '/home/developer/aerostack2_ws/install/as2_core/share/as2_core/package.zsh'
[1.050s] Level 1:colcon.colcon_core.environment:create_file_with_runtime_dependencies(/home/developer/aerostack2_ws/install/as2_core/share/colcon-core/packages/as2_core)
[1.051s] Level 1:colcon.colcon_core.environment:create_environment_scripts_only(as2_core)
[1.051s] Level 1:colcon.colcon_core.environment:checking '/home/developer/aerostack2_ws/install/as2_core' for CMake module files
[1.051s] Level 1:colcon.colcon_core.environment:checking '/home/developer/aerostack2_ws/install/as2_core' for CMake config files
[1.051s] Level 1:colcon.colcon_core.shell:create_environment_hook('as2_core', 'cmake_prefix_path')
[1.052s] INFO:colcon.colcon_core.shell:Creating environment hook '/home/developer/aerostack2_ws/install/as2_core/share/as2_core/hook/cmake_prefix_path.ps1'
[1.052s] INFO:colcon.colcon_core.shell:Creating environment descriptor '/home/developer/aerostack2_ws/install/as2_core/share/as2_core/hook/cmake_prefix_path.dsv'
[1.052s] INFO:colcon.colcon_core.shell:Creating environment hook '/home/developer/aerostack2_ws/install/as2_core/share/as2_core/hook/cmake_prefix_path.sh'
[1.052s] Level 1:colcon.colcon_core.environment:checking '/home/developer/aerostack2_ws/install/as2_core/lib'
[1.052s] Level 1:colcon.colcon_core.shell:create_environment_hook('as2_core', 'ld_library_path_lib')
[1.052s] INFO:colcon.colcon_core.shell:Creating environment hook '/home/developer/aerostack2_ws/install/as2_core/share/as2_core/hook/ld_library_path_lib.ps1'
[1.053s] INFO:colcon.colcon_core.shell:Creating environment descriptor '/home/developer/aerostack2_ws/install/as2_core/share/as2_core/hook/ld_library_path_lib.dsv'
[1.053s] INFO:colcon.colcon_core.shell:Creating environment hook '/home/developer/aerostack2_ws/install/as2_core/share/as2_core/hook/ld_library_path_lib.sh'
[1.053s] Level 1:colcon.colcon_core.environment:checking '/home/developer/aerostack2_ws/install/as2_core/bin'
[1.053s] Level 1:colcon.colcon_core.environment:checking '/home/developer/aerostack2_ws/install/as2_core/lib/pkgconfig/as2_core.pc'
[1.053s] Level 1:colcon.colcon_core.environment:checking '/home/developer/aerostack2_ws/install/as2_core/lib/python3.10/site-packages'
[1.053s] Level 1:colcon.colcon_core.environment:checking '/home/developer/aerostack2_ws/install/as2_core/bin'
[1.053s] INFO:colcon.colcon_core.shell:Creating package script '/home/developer/aerostack2_ws/install/as2_core/share/as2_core/package.ps1'
[1.054s] INFO:colcon.colcon_core.shell:Creating package descriptor '/home/developer/aerostack2_ws/install/as2_core/share/as2_core/package.dsv'
[1.054s] INFO:colcon.colcon_core.shell:Creating package script '/home/developer/aerostack2_ws/install/as2_core/share/as2_core/package.sh'
[1.054s] INFO:colcon.colcon_core.shell:Creating package script '/home/developer/aerostack2_ws/install/as2_core/share/as2_core/package.bash'
[1.055s] INFO:colcon.colcon_core.shell:Creating package script '/home/developer/aerostack2_ws/install/as2_core/share/as2_core/package.zsh'
[1.055s] Level 1:colcon.colcon_core.environment:create_file_with_runtime_dependencies(/home/developer/aerostack2_ws/install/as2_core/share/colcon-core/packages/as2_core)
[1.055s] INFO:colcon.colcon_ros.task.ament_cmake.build:Building ROS package in '/home/developer/aerostack2_ws/src/aerostack2-tcc_lucca/as2_behaviors/as2_behavior' with build type 'ament_cmake'
[1.055s] INFO:colcon.colcon_cmake.task.cmake.build:Building CMake package in '/home/developer/aerostack2_ws/src/aerostack2-tcc_lucca/as2_behaviors/as2_behavior'
[1.055s] INFO:colcon.colcon_core.shell:Skip shell extension 'powershell' for command environment: Not usable outside of PowerShell
[1.055s] DEBUG:colcon.colcon_core.shell:Skip shell extension 'dsv' for command environment
[1.065s] DEBUG:colcon.colcon_core.event_handler.log_command:Invoking command in '/home/developer/aerostack2_ws/build/as2_behavior': AMENT_PREFIX_PATH=/home/developer/aerostack2_ws/install/as2_core:/home/developer/aerostack2_ws/install/as2_msgs:${AMENT_PREFIX_PATH} CMAKE_PREFIX_PATH=/home/developer/aerostack2_ws/install/as2_core:/home/developer/aerostack2_ws/install/as2_msgs:/opt/ros/humble LD_LIBRARY_PATH=/home/developer/aerostack2_ws/install/as2_core/lib:/home/developer/aerostack2_ws/install/as2_msgs/lib:${LD_LIBRARY_PATH} PYTHONPATH=/home/developer/aerostack2_ws/install/as2_core/local/lib/python3.10/dist-packages:/home/developer/aerostack2_ws/install/as2_msgs/local/lib/python3.10/dist-packages:${PYTHONPATH} /usr/bin/cmake --build /home/developer/aerostack2_ws/build/as2_behavior -- -j20 -l20
[1.148s] DEBUG:colcon.colcon_core.event_handler.log_command:Invoked command in '/home/developer/aerostack2_ws/build/as2_behavior' returned '0': AMENT_PREFIX_PATH=/home/developer/aerostack2_ws/install/as2_core:/home/developer/aerostack2_ws/install/as2_msgs:${AMENT_PREFIX_PATH} CMAKE_PREFIX_PATH=/home/developer/aerostack2_ws/install/as2_core:/home/developer/aerostack2_ws/install/as2_msgs:/opt/ros/humble LD_LIBRARY_PATH=/home/developer/aerostack2_ws/install/as2_core/lib:/home/developer/aerostack2_ws/install/as2_msgs/lib:${LD_LIBRARY_PATH} PYTHONPATH=/home/developer/aerostack2_ws/install/as2_core/local/lib/python3.10/dist-packages:/home/developer/aerostack2_ws/install/as2_msgs/local/lib/python3.10/dist-packages:${PYTHONPATH} /usr/bin/cmake --build /home/developer/aerostack2_ws/build/as2_behavior -- -j20 -l20
[1.150s] DEBUG:colcon.colcon_core.event_handler.log_command:Invoking command in '/home/developer/aerostack2_ws/build/as2_behavior': AMENT_PREFIX_PATH=/home/developer/aerostack2_ws/install/as2_core:/home/developer/aerostack2_ws/install/as2_msgs:${AMENT_PREFIX_PATH} CMAKE_PREFIX_PATH=/home/developer/aerostack2_ws/install/as2_core:/home/developer/aerostack2_ws/install/as2_msgs:/opt/ros/humble LD_LIBRARY_PATH=/home/developer/aerostack2_ws/install/as2_core/lib:/home/developer/aerostack2_ws/install/as2_msgs/lib:${LD_LIBRARY_PATH} PYTHONPATH=/home/developer/aerostack2_ws/install/as2_core/local/lib/python3.10/dist-packages:/home/developer/aerostack2_ws/install/as2_msgs/local/lib/python3.10/dist-packages:${PYTHONPATH} /usr/bin/cmake --install /home/developer/aerostack2_ws/build/as2_behavior
[1.165s] Level 1:colcon.colcon_core.environment:create_environment_scripts_only(as2_behavior)
[1.165s] Level 1:colcon.colcon_core.environment:checking '/home/developer/aerostack2_ws/install/as2_behavior' for CMake module files
[1.166s] DEBUG:colcon.colcon_core.event_handler.log_command:Invoked command in '/home/developer/aerostack2_ws/build/as2_behavior' returned '0': AMENT_PREFIX_PATH=/home/developer/aerostack2_ws/install/as2_core:/home/developer/aerostack2_ws/install/as2_msgs:${AMENT_PREFIX_PATH} CMAKE_PREFIX_PATH=/home/developer/aerostack2_ws/install/as2_core:/home/developer/aerostack2_ws/install/as2_msgs:/opt/ros/humble LD_LIBRARY_PATH=/home/developer/aerostack2_ws/install/as2_core/lib:/home/developer/aerostack2_ws/install/as2_msgs/lib:${LD_LIBRARY_PATH} PYTHONPATH=/home/developer/aerostack2_ws/install/as2_core/local/lib/python3.10/dist-packages:/home/developer/aerostack2_ws/install/as2_msgs/local/lib/python3.10/dist-packages:${PYTHONPATH} /usr/bin/cmake --install /home/developer/aerostack2_ws/build/as2_behavior
[1.166s] Level 1:colcon.colcon_core.environment:checking '/home/developer/aerostack2_ws/install/as2_behavior' for CMake config files
[1.166s] Level 1:colcon.colcon_core.shell:create_environment_hook('as2_behavior', 'cmake_prefix_path')
[1.167s] INFO:colcon.colcon_core.shell:Creating environment hook '/home/developer/aerostack2_ws/install/as2_behavior/share/as2_behavior/hook/cmake_prefix_path.ps1'
[1.167s] INFO:colcon.colcon_core.shell:Creating environment descriptor '/home/developer/aerostack2_ws/install/as2_behavior/share/as2_behavior/hook/cmake_prefix_path.dsv'
[1.167s] INFO:colcon.colcon_core.shell:Creating environment hook '/home/developer/aerostack2_ws/install/as2_behavior/share/as2_behavior/hook/cmake_prefix_path.sh'
[1.167s] Level 1:colcon.colcon_core.environment:checking '/home/developer/aerostack2_ws/install/as2_behavior/lib'
[1.167s] Level 1:colcon.colcon_core.shell:create_environment_hook('as2_behavior', 'ld_library_path_lib')
[1.168s] INFO:colcon.colcon_core.shell:Creating environment hook '/home/developer/aerostack2_ws/install/as2_behavior/share/as2_behavior/hook/ld_library_path_lib.ps1'
[1.168s] INFO:colcon.colcon_core.shell:Creating environment descriptor '/home/developer/aerostack2_ws/install/as2_behavior/share/as2_behavior/hook/ld_library_path_lib.dsv'
[1.168s] INFO:colcon.colcon_core.shell:Creating environment hook '/home/developer/aerostack2_ws/install/as2_behavior/share/as2_behavior/hook/ld_library_path_lib.sh'
[1.168s] Level 1:colcon.colcon_core.environment:checking '/home/developer/aerostack2_ws/install/as2_behavior/bin'
[1.168s] Level 1:colcon.colcon_core.environment:checking '/home/developer/aerostack2_ws/install/as2_behavior/lib/pkgconfig/as2_behavior.pc'
[1.168s] Level 1:colcon.colcon_core.environment:checking '/home/developer/aerostack2_ws/install/as2_behavior/lib/python3.10/site-packages'
[1.168s] Level 1:colcon.colcon_core.environment:checking '/home/developer/aerostack2_ws/install/as2_behavior/bin'
[1.168s] INFO:colcon.colcon_core.shell:Creating package script '/home/developer/aerostack2_ws/install/as2_behavior/share/as2_behavior/package.ps1'
[1.169s] INFO:colcon.colcon_core.shell:Creating package descriptor '/home/developer/aerostack2_ws/install/as2_behavior/share/as2_behavior/package.dsv'
[1.169s] INFO:colcon.colcon_core.shell:Creating package script '/home/developer/aerostack2_ws/install/as2_behavior/share/as2_behavior/package.sh'
[1.169s] INFO:colcon.colcon_core.shell:Creating package script '/home/developer/aerostack2_ws/install/as2_behavior/share/as2_behavior/package.bash'
[1.169s] INFO:colcon.colcon_core.shell:Creating package script '/home/developer/aerostack2_ws/install/as2_behavior/share/as2_behavior/package.zsh'
[1.169s] Level 1:colcon.colcon_core.environment:create_file_with_runtime_dependencies(/home/developer/aerostack2_ws/install/as2_behavior/share/colcon-core/packages/as2_behavior)
[1.170s] Level 1:colcon.colcon_core.environment:create_environment_scripts_only(as2_behavior)
[1.170s] Level 1:colcon.colcon_core.environment:checking '/home/developer/aerostack2_ws/install/as2_behavior' for CMake module files
[1.170s] Level 1:colcon.colcon_core.environment:checking '/home/developer/aerostack2_ws/install/as2_behavior' for CMake config files
[1.170s] Level 1:colcon.colcon_core.shell:create_environment_hook('as2_behavior', 'cmake_prefix_path')
[1.170s] INFO:colcon.colcon_core.shell:Creating environment hook '/home/developer/aerostack2_ws/install/as2_behavior/share/as2_behavior/hook/cmake_prefix_path.ps1'
[1.171s] INFO:colcon.colcon_core.shell:Creating environment descriptor '/home/developer/aerostack2_ws/install/as2_behavior/share/as2_behavior/hook/cmake_prefix_path.dsv'
[1.171s] INFO:colcon.colcon_core.shell:Creating environment hook '/home/developer/aerostack2_ws/install/as2_behavior/share/as2_behavior/hook/cmake_prefix_path.sh'
[1.171s] Level 1:colcon.colcon_core.environment:checking '/home/developer/aerostack2_ws/install/as2_behavior/lib'
[1.171s] Level 1:colcon.colcon_core.shell:create_environment_hook('as2_behavior', 'ld_library_path_lib')
[1.171s] INFO:colcon.colcon_core.shell:Creating environment hook '/home/developer/aerostack2_ws/install/as2_behavior/share/as2_behavior/hook/ld_library_path_lib.ps1'
[1.171s] INFO:colcon.colcon_core.shell:Creating environment descriptor '/home/developer/aerostack2_ws/install/as2_behavior/share/as2_behavior/hook/ld_library_path_lib.dsv'
[1.171s] INFO:colcon.colcon_core.shell:Creating environment hook '/home/developer/aerostack2_ws/install/as2_behavior/share/as2_behavior/hook/ld_library_path_lib.sh'
[1.172s] Level 1:colcon.colcon_core.environment:checking '/home/developer/aerostack2_ws/install/as2_behavior/bin'
[1.172s] Level 1:colcon.colcon_core.environment:checking '/home/developer/aerostack2_ws/install/as2_behavior/lib/pkgconfig/as2_behavior.pc'
[1.172s] Level 1:colcon.colcon_core.environment:checking '/home/developer/aerostack2_ws/install/as2_behavior/lib/python3.10/site-packages'
[1.172s] Level 1:colcon.colcon_core.environment:checking '/home/developer/aerostack2_ws/install/as2_behavior/bin'
[1.172s] INFO:colcon.colcon_core.shell:Creating package script '/home/developer/aerostack2_ws/install/as2_behavior/share/as2_behavior/package.ps1'
[1.172s] INFO:colcon.colcon_core.shell:Creating package descriptor '/home/developer/aerostack2_ws/install/as2_behavior/share/as2_behavior/package.dsv'
[1.173s] INFO:colcon.colcon_core.shell:Creating package script '/home/developer/aerostack2_ws/install/as2_behavior/share/as2_behavior/package.sh'
[1.173s] INFO:colcon.colcon_core.shell:Creating package script '/home/developer/aerostack2_ws/install/as2_behavior/share/as2_behavior/package.bash'
[1.173s] INFO:colcon.colcon_core.shell:Creating package script '/home/developer/aerostack2_ws/install/as2_behavior/share/as2_behavior/package.zsh'
[1.173s] Level 1:colcon.colcon_core.environment:create_file_with_runtime_dependencies(/home/developer/aerostack2_ws/install/as2_behavior/share/colcon-core/packages/as2_behavior)
[1.173s] INFO:colcon.colcon_ros.task.ament_cmake.build:Building ROS package in '/home/developer/aerostack2_ws/src/aerostack2-tcc_lucca/as2_motion_reference_handlers' with build type 'ament_cmake'
[1.173s] INFO:colcon.colcon_cmake.task.cmake.build:Building CMake package in '/home/developer/aerostack2_ws/src/aerostack2-tcc_lucca/as2_motion_reference_handlers'
[1.174s] INFO:colcon.colcon_core.shell:Skip shell extension 'powershell' for command environment: Not usable outside of PowerShell
[1.174s] DEBUG:colcon.colcon_core.shell:Skip shell extension 'dsv' for command environment
[1.183s] DEBUG:colcon.colcon_core.event_handler.log_command:Invoking command in '/home/developer/aerostack2_ws/build/as2_motion_reference_handlers': AMENT_PREFIX_PATH=/home/developer/aerostack2_ws/install/as2_core:/home/developer/aerostack2_ws/install/as2_msgs:${AMENT_PREFIX_PATH} CMAKE_PREFIX_PATH=/home/developer/aerostack2_ws/install/as2_core:/home/developer/aerostack2_ws/install/as2_msgs:/opt/ros/humble LD_LIBRARY_PATH=/home/developer/aerostack2_ws/install/as2_core/lib:/home/developer/aerostack2_ws/install/as2_msgs/lib:${LD_LIBRARY_PATH} PYTHONPATH=/home/developer/aerostack2_ws/install/as2_core/local/lib/python3.10/dist-packages:/home/developer/aerostack2_ws/install/as2_msgs/local/lib/python3.10/dist-packages:${PYTHONPATH} /usr/bin/cmake --build /home/developer/aerostack2_ws/build/as2_motion_reference_handlers -- -j20 -l20
[1.399s] DEBUG:colcon.colcon_core.event_handler.log_command:Invoked command in '/home/developer/aerostack2_ws/build/as2_motion_reference_handlers' returned '0': AMENT_PREFIX_PATH=/home/developer/aerostack2_ws/install/as2_core:/home/developer/aerostack2_ws/install/as2_msgs:${AMENT_PREFIX_PATH} CMAKE_PREFIX_PATH=/home/developer/aerostack2_ws/install/as2_core:/home/developer/aerostack2_ws/install/as2_msgs:/opt/ros/humble LD_LIBRARY_PATH=/home/developer/aerostack2_ws/install/as2_core/lib:/home/developer/aerostack2_ws/install/as2_msgs/lib:${LD_LIBRARY_PATH} PYTHONPATH=/home/developer/aerostack2_ws/install/as2_core/local/lib/python3.10/dist-packages:/home/developer/aerostack2_ws/install/as2_msgs/local/lib/python3.10/dist-packages:${PYTHONPATH} /usr/bin/cmake --build /home/developer/aerostack2_ws/build/as2_motion_reference_handlers -- -j20 -l20
[1.400s] DEBUG:colcon.colcon_core.event_handler.log_command:Invoking command in '/home/developer/aerostack2_ws/build/as2_motion_reference_handlers': AMENT_PREFIX_PATH=/home/developer/aerostack2_ws/install/as2_core:/home/developer/aerostack2_ws/install/as2_msgs:${AMENT_PREFIX_PATH} CMAKE_PREFIX_PATH=/home/developer/aerostack2_ws/install/as2_core:/home/developer/aerostack2_ws/install/as2_msgs:/opt/ros/humble LD_LIBRARY_PATH=/home/developer/aerostack2_ws/install/as2_core/lib:/home/developer/aerostack2_ws/install/as2_msgs/lib:${LD_LIBRARY_PATH} PYTHONPATH=/home/developer/aerostack2_ws/install/as2_core/local/lib/python3.10/dist-packages:/home/developer/aerostack2_ws/install/as2_msgs/local/lib/python3.10/dist-packages:${PYTHONPATH} /usr/bin/cmake --install /home/developer/aerostack2_ws/build/as2_motion_reference_handlers
[1.439s] Level 1:colcon.colcon_core.environment:create_environment_scripts_only(as2_motion_reference_handlers)
[1.440s] Level 1:colcon.colcon_core.environment:checking '/home/developer/aerostack2_ws/install/as2_motion_reference_handlers' for CMake module files
[1.440s] DEBUG:colcon.colcon_core.event_handler.log_command:Invoked command in '/home/developer/aerostack2_ws/build/as2_motion_reference_handlers' returned '0': AMENT_PREFIX_PATH=/home/developer/aerostack2_ws/install/as2_core:/home/developer/aerostack2_ws/install/as2_msgs:${AMENT_PREFIX_PATH} CMAKE_PREFIX_PATH=/home/developer/aerostack2_ws/install/as2_core:/home/developer/aerostack2_ws/install/as2_msgs:/opt/ros/humble LD_LIBRARY_PATH=/home/developer/aerostack2_ws/install/as2_core/lib:/home/developer/aerostack2_ws/install/as2_msgs/lib:${LD_LIBRARY_PATH} PYTHONPATH=/home/developer/aerostack2_ws/install/as2_core/local/lib/python3.10/dist-packages:/home/developer/aerostack2_ws/install/as2_msgs/local/lib/python3.10/dist-packages:${PYTHONPATH} /usr/bin/cmake --install /home/developer/aerostack2_ws/build/as2_motion_reference_handlers
[1.440s] Level 1:colcon.colcon_core.environment:checking '/home/developer/aerostack2_ws/install/as2_motion_reference_handlers' for CMake config files
[1.441s] Level 1:colcon.colcon_core.shell:create_environment_hook('as2_motion_reference_handlers', 'cmake_prefix_path')
[1.441s] INFO:colcon.colcon_core.shell:Creating environment hook '/home/developer/aerostack2_ws/install/as2_motion_reference_handlers/share/as2_motion_reference_handlers/hook/cmake_prefix_path.ps1'
[1.441s] INFO:colcon.colcon_core.shell:Creating environment descriptor '/home/developer/aerostack2_ws/install/as2_motion_reference_handlers/share/as2_motion_reference_handlers/hook/cmake_prefix_path.dsv'
[1.442s] INFO:colcon.colcon_core.shell:Creating environment hook '/home/developer/aerostack2_ws/install/as2_motion_reference_handlers/share/as2_motion_reference_handlers/hook/cmake_prefix_path.sh'
[1.442s] Level 1:colcon.colcon_core.environment:checking '/home/developer/aerostack2_ws/install/as2_motion_reference_handlers/lib'
[1.442s] Level 1:colcon.colcon_core.environment:checking '/home/developer/aerostack2_ws/install/as2_motion_reference_handlers/bin'
[1.442s] Level 1:colcon.colcon_core.environment:checking '/home/developer/aerostack2_ws/install/as2_motion_reference_handlers/lib/pkgconfig/as2_motion_reference_handlers.pc'
[1.442s] Level 1:colcon.colcon_core.environment:checking '/home/developer/aerostack2_ws/install/as2_motion_reference_handlers/lib/python3.10/site-packages'
[1.442s] Level 1:colcon.colcon_core.environment:checking '/home/developer/aerostack2_ws/install/as2_motion_reference_handlers/bin'
[1.442s] INFO:colcon.colcon_core.shell:Creating package script '/home/developer/aerostack2_ws/install/as2_motion_reference_handlers/share/as2_motion_reference_handlers/package.ps1'
[1.443s] INFO:colcon.colcon_core.shell:Creating package descriptor '/home/developer/aerostack2_ws/install/as2_motion_reference_handlers/share/as2_motion_reference_handlers/package.dsv'
[1.443s] INFO:colcon.colcon_core.shell:Creating package script '/home/developer/aerostack2_ws/install/as2_motion_reference_handlers/share/as2_motion_reference_handlers/package.sh'
[1.443s] INFO:colcon.colcon_core.shell:Creating package script '/home/developer/aerostack2_ws/install/as2_motion_reference_handlers/share/as2_motion_reference_handlers/package.bash'
[1.443s] INFO:colcon.colcon_core.shell:Creating package script '/home/developer/aerostack2_ws/install/as2_motion_reference_handlers/share/as2_motion_reference_handlers/package.zsh'
[1.443s] Level 1:colcon.colcon_core.environment:create_file_with_runtime_dependencies(/home/developer/aerostack2_ws/install/as2_motion_reference_handlers/share/colcon-core/packages/as2_motion_reference_handlers)
[1.444s] Level 1:colcon.colcon_core.environment:create_environment_scripts_only(as2_motion_reference_handlers)
[1.444s] Level 1:colcon.colcon_core.environment:checking '/home/developer/aerostack2_ws/install/as2_motion_reference_handlers' for CMake module files
[1.444s] Level 1:colcon.colcon_core.environment:checking '/home/developer/aerostack2_ws/install/as2_motion_reference_handlers' for CMake config files
[1.444s] Level 1:colcon.colcon_core.shell:create_environment_hook('as2_motion_reference_handlers', 'cmake_prefix_path')
[1.444s] INFO:colcon.colcon_core.shell:Creating environment hook '/home/developer/aerostack2_ws/install/as2_motion_reference_handlers/share/as2_motion_reference_handlers/hook/cmake_prefix_path.ps1'
[1.445s] INFO:colcon.colcon_core.shell:Creating environment descriptor '/home/developer/aerostack2_ws/install/as2_motion_reference_handlers/share/as2_motion_reference_handlers/hook/cmake_prefix_path.dsv'
[1.445s] INFO:colcon.colcon_core.shell:Creating environment hook '/home/developer/aerostack2_ws/install/as2_motion_reference_handlers/share/as2_motion_reference_handlers/hook/cmake_prefix_path.sh'
[1.445s] Level 1:colcon.colcon_core.environment:checking '/home/developer/aerostack2_ws/install/as2_motion_reference_handlers/lib'
[1.445s] Level 1:colcon.colcon_core.environment:checking '/home/developer/aerostack2_ws/install/as2_motion_reference_handlers/bin'
[1.445s] Level 1:colcon.colcon_core.environment:checking '/home/developer/aerostack2_ws/install/as2_motion_reference_handlers/lib/pkgconfig/as2_motion_reference_handlers.pc'
[1.445s] Level 1:colcon.colcon_core.environment:checking '/home/developer/aerostack2_ws/install/as2_motion_reference_handlers/lib/python3.10/site-packages'
[1.446s] Level 1:colcon.colcon_core.environment:checking '/home/developer/aerostack2_ws/install/as2_motion_reference_handlers/bin'
[1.446s] INFO:colcon.colcon_core.shell:Creating package script '/home/developer/aerostack2_ws/install/as2_motion_reference_handlers/share/as2_motion_reference_handlers/package.ps1'
[1.446s] INFO:colcon.colcon_core.shell:Creating package descriptor '/home/developer/aerostack2_ws/install/as2_motion_reference_handlers/share/as2_motion_reference_handlers/package.dsv'
[1.446s] INFO:colcon.colcon_core.shell:Creating package script '/home/developer/aerostack2_ws/install/as2_motion_reference_handlers/share/as2_motion_reference_handlers/package.sh'
[1.446s] INFO:colcon.colcon_core.shell:Creating package script '/home/developer/aerostack2_ws/install/as2_motion_reference_handlers/share/as2_motion_reference_handlers/package.bash'
[1.447s] INFO:colcon.colcon_core.shell:Creating package script '/home/developer/aerostack2_ws/install/as2_motion_reference_handlers/share/as2_motion_reference_handlers/package.zsh'
[1.447s] Level 1:colcon.colcon_core.environment:create_file_with_runtime_dependencies(/home/developer/aerostack2_ws/install/as2_motion_reference_handlers/share/colcon-core/packages/as2_motion_reference_handlers)
[1.447s] INFO:colcon.colcon_ros.task.ament_cmake.build:Building ROS package in '/home/developer/aerostack2_ws/src/aerostack2-tcc_lucca/as2_simulation_assets/as2_gazebo_assets' with build type 'ament_cmake'
[1.447s] INFO:colcon.colcon_cmake.task.cmake.build:Building CMake package in '/home/developer/aerostack2_ws/src/aerostack2-tcc_lucca/as2_simulation_assets/as2_gazebo_assets'
[1.447s] INFO:colcon.colcon_core.shell:Skip shell extension 'powershell' for command environment: Not usable outside of PowerShell
[1.447s] DEBUG:colcon.colcon_core.shell:Skip shell extension 'dsv' for command environment
[1.457s] DEBUG:colcon.colcon_core.event_handler.log_command:Invoking command in '/home/developer/aerostack2_ws/build/as2_gazebo_assets': AMENT_PREFIX_PATH=/home/developer/aerostack2_ws/install/as2_core:/home/developer/aerostack2_ws/install/as2_msgs:${AMENT_PREFIX_PATH} CMAKE_PREFIX_PATH=/home/developer/aerostack2_ws/install/as2_core:/home/developer/aerostack2_ws/install/as2_msgs:/opt/ros/humble LD_LIBRARY_PATH=/home/developer/aerostack2_ws/install/as2_core/lib:/home/developer/aerostack2_ws/install/as2_msgs/lib:${LD_LIBRARY_PATH} PYTHONPATH=/home/developer/aerostack2_ws/install/as2_core/local/lib/python3.10/dist-packages:/home/developer/aerostack2_ws/install/as2_msgs/local/lib/python3.10/dist-packages:${PYTHONPATH} /usr/bin/cmake --build /home/developer/aerostack2_ws/build/as2_gazebo_assets -- -j20 -l20
[1.668s] DEBUG:colcon.colcon_core.event_handler.log_command:Invoked command in '/home/developer/aerostack2_ws/build/as2_gazebo_assets' returned '0': AMENT_PREFIX_PATH=/home/developer/aerostack2_ws/install/as2_core:/home/developer/aerostack2_ws/install/as2_msgs:${AMENT_PREFIX_PATH} CMAKE_PREFIX_PATH=/home/developer/aerostack2_ws/install/as2_core:/home/developer/aerostack2_ws/install/as2_msgs:/opt/ros/humble LD_LIBRARY_PATH=/home/developer/aerostack2_ws/install/as2_core/lib:/home/developer/aerostack2_ws/install/as2_msgs/lib:${LD_LIBRARY_PATH} PYTHONPATH=/home/developer/aerostack2_ws/install/as2_core/local/lib/python3.10/dist-packages:/home/developer/aerostack2_ws/install/as2_msgs/local/lib/python3.10/dist-packages:${PYTHONPATH} /usr/bin/cmake --build /home/developer/aerostack2_ws/build/as2_gazebo_assets -- -j20 -l20
[1.670s] DEBUG:colcon.colcon_core.event_handler.log_command:Invoking command in '/home/developer/aerostack2_ws/build/as2_gazebo_assets': AMENT_PREFIX_PATH=/home/developer/aerostack2_ws/install/as2_core:/home/developer/aerostack2_ws/install/as2_msgs:${AMENT_PREFIX_PATH} CMAKE_PREFIX_PATH=/home/developer/aerostack2_ws/install/as2_core:/home/developer/aerostack2_ws/install/as2_msgs:/opt/ros/humble LD_LIBRARY_PATH=/home/developer/aerostack2_ws/install/as2_core/lib:/home/developer/aerostack2_ws/install/as2_msgs/lib:${LD_LIBRARY_PATH} PYTHONPATH=/home/developer/aerostack2_ws/install/as2_core/local/lib/python3.10/dist-packages:/home/developer/aerostack2_ws/install/as2_msgs/local/lib/python3.10/dist-packages:${PYTHONPATH} /usr/bin/cmake --install /home/developer/aerostack2_ws/build/as2_gazebo_assets
[1.743s] Level 1:colcon.colcon_core.environment:create_environment_scripts_only(as2_gazebo_assets)
[1.743s] Level 1:colcon.colcon_core.environment:checking '/home/developer/aerostack2_ws/install/as2_gazebo_assets' for CMake module files
[1.743s] DEBUG:colcon.colcon_core.event_handler.log_command:Invoked command in '/home/developer/aerostack2_ws/build/as2_gazebo_assets' returned '0': AMENT_PREFIX_PATH=/home/developer/aerostack2_ws/install/as2_core:/home/developer/aerostack2_ws/install/as2_msgs:${AMENT_PREFIX_PATH} CMAKE_PREFIX_PATH=/home/developer/aerostack2_ws/install/as2_core:/home/developer/aerostack2_ws/install/as2_msgs:/opt/ros/humble LD_LIBRARY_PATH=/home/developer/aerostack2_ws/install/as2_core/lib:/home/developer/aerostack2_ws/install/as2_msgs/lib:${LD_LIBRARY_PATH} PYTHONPATH=/home/developer/aerostack2_ws/install/as2_core/local/lib/python3.10/dist-packages:/home/developer/aerostack2_ws/install/as2_msgs/local/lib/python3.10/dist-packages:${PYTHONPATH} /usr/bin/cmake --install /home/developer/aerostack2_ws/build/as2_gazebo_assets
[1.744s] Level 1:colcon.colcon_core.environment:checking '/home/developer/aerostack2_ws/install/as2_gazebo_assets' for CMake config files
[1.745s] Level 1:colcon.colcon_core.shell:create_environment_hook('as2_gazebo_assets', 'cmake_prefix_path')
[1.745s] INFO:colcon.colcon_core.shell:Creating environment hook '/home/developer/aerostack2_ws/install/as2_gazebo_assets/share/as2_gazebo_assets/hook/cmake_prefix_path.ps1'
[1.745s] INFO:colcon.colcon_core.shell:Creating environment descriptor '/home/developer/aerostack2_ws/install/as2_gazebo_assets/share/as2_gazebo_assets/hook/cmake_prefix_path.dsv'
[1.746s] INFO:colcon.colcon_core.shell:Creating environment hook '/home/developer/aerostack2_ws/install/as2_gazebo_assets/share/as2_gazebo_assets/hook/cmake_prefix_path.sh'
[1.746s] Level 1:colcon.colcon_core.environment:checking '/home/developer/aerostack2_ws/install/as2_gazebo_assets/lib'
[1.746s] Level 1:colcon.colcon_core.shell:create_environment_hook('as2_gazebo_assets', 'ld_library_path_lib')
[1.746s] INFO:colcon.colcon_core.shell:Creating environment hook '/home/developer/aerostack2_ws/install/as2_gazebo_assets/share/as2_gazebo_assets/hook/ld_library_path_lib.ps1'
[1.747s] INFO:colcon.colcon_core.shell:Creating environment descriptor '/home/developer/aerostack2_ws/install/as2_gazebo_assets/share/as2_gazebo_assets/hook/ld_library_path_lib.dsv'
[1.747s] INFO:colcon.colcon_core.shell:Creating environment hook '/home/developer/aerostack2_ws/install/as2_gazebo_assets/share/as2_gazebo_assets/hook/ld_library_path_lib.sh'
[1.747s] Level 1:colcon.colcon_core.environment:checking '/home/developer/aerostack2_ws/install/as2_gazebo_assets/bin'
[1.748s] Level 1:colcon.colcon_core.environment:checking '/home/developer/aerostack2_ws/install/as2_gazebo_assets/lib/pkgconfig/as2_gazebo_assets.pc'
[1.748s] Level 1:colcon.colcon_core.environment:checking '/home/developer/aerostack2_ws/install/as2_gazebo_assets/lib/python3.10/site-packages'
[1.748s] Level 1:colcon.colcon_core.environment:checking '/home/developer/aerostack2_ws/install/as2_gazebo_assets/bin'
[1.748s] INFO:colcon.colcon_core.shell:Creating package script '/home/developer/aerostack2_ws/install/as2_gazebo_assets/share/as2_gazebo_assets/package.ps1'
[1.749s] INFO:colcon.colcon_core.shell:Creating package descriptor '/home/developer/aerostack2_ws/install/as2_gazebo_assets/share/as2_gazebo_assets/package.dsv'
[1.749s] INFO:colcon.colcon_core.shell:Creating package script '/home/developer/aerostack2_ws/install/as2_gazebo_assets/share/as2_gazebo_assets/package.sh'
[1.750s] INFO:colcon.colcon_core.shell:Creating package script '/home/developer/aerostack2_ws/install/as2_gazebo_assets/share/as2_gazebo_assets/package.bash'
[1.750s] INFO:colcon.colcon_core.shell:Creating package script '/home/developer/aerostack2_ws/install/as2_gazebo_assets/share/as2_gazebo_assets/package.zsh'
[1.750s] Level 1:colcon.colcon_core.environment:create_file_with_runtime_dependencies(/home/developer/aerostack2_ws/install/as2_gazebo_assets/share/colcon-core/packages/as2_gazebo_assets)
[1.751s] Level 1:colcon.colcon_core.environment:create_environment_scripts_only(as2_gazebo_assets)
[1.751s] Level 1:colcon.colcon_core.environment:checking '/home/developer/aerostack2_ws/install/as2_gazebo_assets' for CMake module files
[1.752s] Level 1:colcon.colcon_core.environment:checking '/home/developer/aerostack2_ws/install/as2_gazebo_assets' for CMake config files
[1.752s] Level 1:colcon.colcon_core.shell:create_environment_hook('as2_gazebo_assets', 'cmake_prefix_path')
[1.753s] INFO:colcon.colcon_core.shell:Creating environment hook '/home/developer/aerostack2_ws/install/as2_gazebo_assets/share/as2_gazebo_assets/hook/cmake_prefix_path.ps1'
[1.753s] INFO:colcon.colcon_core.shell:Creating environment descriptor '/home/developer/aerostack2_ws/install/as2_gazebo_assets/share/as2_gazebo_assets/hook/cmake_prefix_path.dsv'
[1.753s] INFO:colcon.colcon_core.shell:Creating environment hook '/home/developer/aerostack2_ws/install/as2_gazebo_assets/share/as2_gazebo_assets/hook/cmake_prefix_path.sh'
[1.754s] Level 1:colcon.colcon_core.environment:checking '/home/developer/aerostack2_ws/install/as2_gazebo_assets/lib'
[1.754s] Level 1:colcon.colcon_core.shell:create_environment_hook('as2_gazebo_assets', 'ld_library_path_lib')
[1.754s] INFO:colcon.colcon_core.shell:Creating environment hook '/home/developer/aerostack2_ws/install/as2_gazebo_assets/share/as2_gazebo_assets/hook/ld_library_path_lib.ps1'
[1.754s] INFO:colcon.colcon_core.shell:Creating environment descriptor '/home/developer/aerostack2_ws/install/as2_gazebo_assets/share/as2_gazebo_assets/hook/ld_library_path_lib.dsv'
[1.754s] INFO:colcon.colcon_core.shell:Creating environment hook '/home/developer/aerostack2_ws/install/as2_gazebo_assets/share/as2_gazebo_assets/hook/ld_library_path_lib.sh'
[1.754s] Level 1:colcon.colcon_core.environment:checking '/home/developer/aerostack2_ws/install/as2_gazebo_assets/bin'
[1.754s] Level 1:colcon.colcon_core.environment:checking '/home/developer/aerostack2_ws/install/as2_gazebo_assets/lib/pkgconfig/as2_gazebo_assets.pc'
[1.754s] Level 1:colcon.colcon_core.environment:checking '/home/developer/aerostack2_ws/install/as2_gazebo_assets/lib/python3.10/site-packages'
[1.754s] Level 1:colcon.colcon_core.environment:checking '/home/developer/aerostack2_ws/install/as2_gazebo_assets/bin'
[1.755s] INFO:colcon.colcon_core.shell:Creating package script '/home/developer/aerostack2_ws/install/as2_gazebo_assets/share/as2_gazebo_assets/package.ps1'
[1.755s] INFO:colcon.colcon_core.shell:Creating package descriptor '/home/developer/aerostack2_ws/install/as2_gazebo_assets/share/as2_gazebo_assets/package.dsv'
[1.755s] INFO:colcon.colcon_core.shell:Creating package script '/home/developer/aerostack2_ws/install/as2_gazebo_assets/share/as2_gazebo_assets/package.sh'
[1.755s] INFO:colcon.colcon_core.shell:Creating package script '/home/developer/aerostack2_ws/install/as2_gazebo_assets/share/as2_gazebo_assets/package.bash'
[1.756s] INFO:colcon.colcon_core.shell:Creating package script '/home/developer/aerostack2_ws/install/as2_gazebo_assets/share/as2_gazebo_assets/package.zsh'
[1.756s] Level 1:colcon.colcon_core.environment:create_file_with_runtime_dependencies(/home/developer/aerostack2_ws/install/as2_gazebo_assets/share/colcon-core/packages/as2_gazebo_assets)
[1.756s] INFO:colcon.colcon_ros.task.ament_python.build:Building ROS package in '/home/developer/aerostack2_ws/src/aerostack2-tcc_lucca/as2_python_api' with build type 'ament_python'
[1.756s] Level 1:colcon.colcon_core.shell:create_environment_hook('as2_python_api', 'ament_prefix_path')
[1.756s] INFO:colcon.colcon_core.shell:Creating environment hook '/home/developer/aerostack2_ws/install/as2_python_api/share/as2_python_api/hook/ament_prefix_path.ps1'
[1.757s] INFO:colcon.colcon_core.shell:Creating environment descriptor '/home/developer/aerostack2_ws/install/as2_python_api/share/as2_python_api/hook/ament_prefix_path.dsv'
[1.757s] INFO:colcon.colcon_core.shell:Creating environment hook '/home/developer/aerostack2_ws/install/as2_python_api/share/as2_python_api/hook/ament_prefix_path.sh'
[1.757s] INFO:colcon.colcon_core.shell:Skip shell extension 'powershell' for command environment: Not usable outside of PowerShell
[1.757s] DEBUG:colcon.colcon_core.shell:Skip shell extension 'dsv' for command environment
[1.918s] INFO:colcon.colcon_core.task.python.build:Building Python package in '/home/developer/aerostack2_ws/src/aerostack2-tcc_lucca/as2_python_api'
[1.918s] INFO:colcon.colcon_core.shell:Skip shell extension 'powershell' for command environment: Not usable outside of PowerShell
[1.918s] DEBUG:colcon.colcon_core.shell:Skip shell extension 'dsv' for command environment
[2.166s] DEBUG:colcon.colcon_core.event_handler.log_command:Invoking command in '/home/developer/aerostack2_ws/build/as2_python_api': AMENT_PREFIX_PATH=/home/developer/aerostack2_ws/install/as2_motion_reference_handlers:/home/developer/aerostack2_ws/install/as2_core:/home/developer/aerostack2_ws/install/as2_msgs:${AMENT_PREFIX_PATH} CMAKE_PREFIX_PATH=/home/developer/aerostack2_ws/install/as2_motion_reference_handlers:/home/developer/aerostack2_ws/install/as2_core:/home/developer/aerostack2_ws/install/as2_msgs LD_LIBRARY_PATH=/home/developer/aerostack2_ws/install/as2_motion_reference_handlers/lib:/home/developer/aerostack2_ws/install/as2_core/lib:/home/developer/aerostack2_ws/install/as2_msgs/lib:${LD_LIBRARY_PATH} PYTHONPATH=/home/developer/aerostack2_ws/build/as2_python_api/prefix_override:/usr/lib/python3/dist-packages/colcon_core/task/python/colcon_distutils_commands:/home/developer/aerostack2_ws/install/as2_python_api/lib/python3.10/site-packages:/home/developer/aerostack2_ws/install/as2_motion_reference_handlers/local/lib/python3.10/dist-packages:/home/developer/aerostack2_ws/install/as2_core/local/lib/python3.10/dist-packages:/home/developer/aerostack2_ws/install/as2_msgs/local/lib/python3.10/dist-packages:${PYTHONPATH} /usr/bin/python3 -W ignore:setup.py install is deprecated -W ignore:easy_install command is deprecated setup.py develop --editable --build-directory /home/developer/aerostack2_ws/build/as2_python_api/build --no-deps symlink_data
[2.410s] Level 1:colcon.colcon_core.shell:create_environment_hook('as2_python_api', 'pythonpath_develop')
[2.411s] INFO:colcon.colcon_core.shell:Creating environment hook '/home/developer/aerostack2_ws/build/as2_python_api/share/as2_python_api/hook/pythonpath_develop.ps1'
[2.411s] DEBUG:colcon.colcon_core.event_handler.log_command:Invoked command in '/home/developer/aerostack2_ws/build/as2_python_api' returned '0': AMENT_PREFIX_PATH=/home/developer/aerostack2_ws/install/as2_motion_reference_handlers:/home/developer/aerostack2_ws/install/as2_core:/home/developer/aerostack2_ws/install/as2_msgs:${AMENT_PREFIX_PATH} CMAKE_PREFIX_PATH=/home/developer/aerostack2_ws/install/as2_motion_reference_handlers:/home/developer/aerostack2_ws/install/as2_core:/home/developer/aerostack2_ws/install/as2_msgs LD_LIBRARY_PATH=/home/developer/aerostack2_ws/install/as2_motion_reference_handlers/lib:/home/developer/aerostack2_ws/install/as2_core/lib:/home/developer/aerostack2_ws/install/as2_msgs/lib:${LD_LIBRARY_PATH} PYTHONPATH=/home/developer/aerostack2_ws/build/as2_python_api/prefix_override:/usr/lib/python3/dist-packages/colcon_core/task/python/colcon_distutils_commands:/home/developer/aerostack2_ws/install/as2_python_api/lib/python3.10/site-packages:/home/developer/aerostack2_ws/install/as2_motion_reference_handlers/local/lib/python3.10/dist-packages:/home/developer/aerostack2_ws/install/as2_core/local/lib/python3.10/dist-packages:/home/developer/aerostack2_ws/install/as2_msgs/local/lib/python3.10/dist-packages:${PYTHONPATH} /usr/bin/python3 -W ignore:setup.py install is deprecated -W ignore:easy_install command is deprecated setup.py develop --editable --build-directory /home/developer/aerostack2_ws/build/as2_python_api/build --no-deps symlink_data
[2.411s] INFO:colcon.colcon_core.shell:Creating environment descriptor '/home/developer/aerostack2_ws/build/as2_python_api/share/as2_python_api/hook/pythonpath_develop.dsv'
[2.411s] INFO:colcon.colcon_core.shell:Creating environment hook '/home/developer/aerostack2_ws/build/as2_python_api/share/as2_python_api/hook/pythonpath_develop.sh'
[2.412s] Level 1:colcon.colcon_core.environment:checking '/home/developer/aerostack2_ws/install/as2_python_api' for CMake module files
[2.412s] Level 1:colcon.colcon_core.environment:checking '/home/developer/aerostack2_ws/install/as2_python_api' for CMake config files
[2.412s] Level 1:colcon.colcon_core.environment:checking '/home/developer/aerostack2_ws/install/as2_python_api/lib'
[2.412s] Level 1:colcon.colcon_core.environment:checking '/home/developer/aerostack2_ws/install/as2_python_api/bin'
[2.412s] Level 1:colcon.colcon_core.environment:checking '/home/developer/aerostack2_ws/install/as2_python_api/lib/pkgconfig/as2_python_api.pc'
[2.412s] Level 1:colcon.colcon_core.environment:checking '/home/developer/aerostack2_ws/install/as2_python_api/lib/python3.10/site-packages'
[2.412s] Level 1:colcon.colcon_core.shell:create_environment_hook('as2_python_api', 'pythonpath')
[2.413s] INFO:colcon.colcon_core.shell:Creating environment hook '/home/developer/aerostack2_ws/install/as2_python_api/share/as2_python_api/hook/pythonpath.ps1'
[2.413s] INFO:colcon.colcon_core.shell:Creating environment descriptor '/home/developer/aerostack2_ws/install/as2_python_api/share/as2_python_api/hook/pythonpath.dsv'
[2.413s] INFO:colcon.colcon_core.shell:Creating environment hook '/home/developer/aerostack2_ws/install/as2_python_api/share/as2_python_api/hook/pythonpath.sh'
[2.413s] Level 1:colcon.colcon_core.environment:checking '/home/developer/aerostack2_ws/install/as2_python_api/bin'
[2.413s] Level 1:colcon.colcon_core.environment:create_environment_scripts_only(as2_python_api)
[2.413s] INFO:colcon.colcon_core.shell:Creating package script '/home/developer/aerostack2_ws/install/as2_python_api/share/as2_python_api/package.ps1'
[2.414s] INFO:colcon.colcon_core.shell:Creating package descriptor '/home/developer/aerostack2_ws/install/as2_python_api/share/as2_python_api/package.dsv'
[2.414s] INFO:colcon.colcon_core.shell:Creating package script '/home/developer/aerostack2_ws/install/as2_python_api/share/as2_python_api/package.sh'
[2.414s] INFO:colcon.colcon_core.shell:Creating package script '/home/developer/aerostack2_ws/install/as2_python_api/share/as2_python_api/package.bash'
[2.414s] INFO:colcon.colcon_core.shell:Creating package script '/home/developer/aerostack2_ws/install/as2_python_api/share/as2_python_api/package.zsh'
[2.415s] Level 1:colcon.colcon_core.environment:create_file_with_runtime_dependencies(/home/developer/aerostack2_ws/install/as2_python_api/share/colcon-core/packages/as2_python_api)
[2.415s] INFO:colcon.colcon_ros.task.ament_cmake.build:Building ROS package in '/home/developer/aerostack2_ws/src/aerostack2-tcc_lucca/as2_cli' with build type 'ament_cmake'
[2.415s] INFO:colcon.colcon_cmake.task.cmake.build:Building CMake package in '/home/developer/aerostack2_ws/src/aerostack2-tcc_lucca/as2_cli'
[2.415s] INFO:colcon.colcon_core.shell:Skip shell extension 'powershell' for command environment: Not usable outside of PowerShell
[2.415s] DEBUG:colcon.colcon_core.shell:Skip shell extension 'dsv' for command environment
[2.420s] DEBUG:colcon.colcon_core.event_handler.log_command:Invoking command in '/home/developer/aerostack2_ws/build/as2_cli': CMAKE_PREFIX_PATH=/opt/ros/humble /usr/bin/cmake --build /home/developer/aerostack2_ws/build/as2_cli -- -j20 -l20
[2.448s] DEBUG:colcon.colcon_core.event_handler.log_command:Invoked command in '/home/developer/aerostack2_ws/build/as2_cli' returned '0': CMAKE_PREFIX_PATH=/opt/ros/humble /usr/bin/cmake --build /home/developer/aerostack2_ws/build/as2_cli -- -j20 -l20
[2.449s] DEBUG:colcon.colcon_core.event_handler.log_command:Invoking command in '/home/developer/aerostack2_ws/build/as2_cli': CMAKE_PREFIX_PATH=/opt/ros/humble /usr/bin/cmake --install /home/developer/aerostack2_ws/build/as2_cli
[2.467s] Level 1:colcon.colcon_core.environment:create_environment_scripts_only(as2_cli)
[2.467s] DEBUG:colcon.colcon_core.event_handler.log_command:Invoked command in '/home/developer/aerostack2_ws/build/as2_cli' returned '0': CMAKE_PREFIX_PATH=/opt/ros/humble /usr/bin/cmake --install /home/developer/aerostack2_ws/build/as2_cli
[2.467s] Level 1:colcon.colcon_core.environment:checking '/home/developer/aerostack2_ws/install/as2_cli' for CMake module files
[2.468s] Level 1:colcon.colcon_core.environment:checking '/home/developer/aerostack2_ws/install/as2_cli' for CMake config files
[2.468s] Level 1:colcon.colcon_core.shell:create_environment_hook('as2_cli', 'cmake_prefix_path')
[2.469s] INFO:colcon.colcon_core.shell:Creating environment hook '/home/developer/aerostack2_ws/install/as2_cli/share/as2_cli/hook/cmake_prefix_path.ps1'
[2.469s] INFO:colcon.colcon_core.shell:Creating environment descriptor '/home/developer/aerostack2_ws/install/as2_cli/share/as2_cli/hook/cmake_prefix_path.dsv'
[2.469s] INFO:colcon.colcon_core.shell:Creating environment hook '/home/developer/aerostack2_ws/install/as2_cli/share/as2_cli/hook/cmake_prefix_path.sh'
[2.470s] Level 1:colcon.colcon_core.environment:checking '/home/developer/aerostack2_ws/install/as2_cli/bin'
[2.470s] Level 1:colcon.colcon_core.environment:checking '/home/developer/aerostack2_ws/install/as2_cli/lib/pkgconfig/as2_cli.pc'
[2.470s] Level 1:colcon.colcon_core.environment:checking '/home/developer/aerostack2_ws/install/as2_cli/lib/python3.10/site-packages'
[2.470s] Level 1:colcon.colcon_core.environment:checking '/home/developer/aerostack2_ws/install/as2_cli/bin'
[2.471s] INFO:colcon.colcon_core.shell:Creating package script '/home/developer/aerostack2_ws/install/as2_cli/share/as2_cli/package.ps1'
[2.471s] INFO:colcon.colcon_core.shell:Creating package descriptor '/home/developer/aerostack2_ws/install/as2_cli/share/as2_cli/package.dsv'
[2.472s] INFO:colcon.colcon_core.shell:Creating package script '/home/developer/aerostack2_ws/install/as2_cli/share/as2_cli/package.sh'
[2.472s] INFO:colcon.colcon_core.shell:Creating package script '/home/developer/aerostack2_ws/install/as2_cli/share/as2_cli/package.bash'
[2.472s] INFO:colcon.colcon_core.shell:Creating package script '/home/developer/aerostack2_ws/install/as2_cli/share/as2_cli/package.zsh'
[2.473s] Level 1:colcon.colcon_core.environment:create_file_with_runtime_dependencies(/home/developer/aerostack2_ws/install/as2_cli/share/colcon-core/packages/as2_cli)
[2.473s] Level 1:colcon.colcon_core.environment:create_environment_scripts_only(as2_cli)
[2.473s] Level 1:colcon.colcon_core.environment:checking '/home/developer/aerostack2_ws/install/as2_cli' for CMake module files
[2.473s] Level 1:colcon.colcon_core.environment:checking '/home/developer/aerostack2_ws/install/as2_cli' for CMake config files
[2.474s] Level 1:colcon.colcon_core.shell:create_environment_hook('as2_cli', 'cmake_prefix_path')
[2.474s] INFO:colcon.colcon_core.shell:Creating environment hook '/home/developer/aerostack2_ws/install/as2_cli/share/as2_cli/hook/cmake_prefix_path.ps1'
[2.474s] INFO:colcon.colcon_core.shell:Creating environment descriptor '/home/developer/aerostack2_ws/install/as2_cli/share/as2_cli/hook/cmake_prefix_path.dsv'
[2.474s] INFO:colcon.colcon_core.shell:Creating environment hook '/home/developer/aerostack2_ws/install/as2_cli/share/as2_cli/hook/cmake_prefix_path.sh'
[2.474s] Level 1:colcon.colcon_core.environment:checking '/home/developer/aerostack2_ws/install/as2_cli/bin'
[2.474s] Level 1:colcon.colcon_core.environment:checking '/home/developer/aerostack2_ws/install/as2_cli/lib/pkgconfig/as2_cli.pc'
[2.474s] Level 1:colcon.colcon_core.environment:checking '/home/developer/aerostack2_ws/install/as2_cli/lib/python3.10/site-packages'
[2.475s] Level 1:colcon.colcon_core.environment:checking '/home/developer/aerostack2_ws/install/as2_cli/bin'
[2.475s] INFO:colcon.colcon_core.shell:Creating package script '/home/developer/aerostack2_ws/install/as2_cli/share/as2_cli/package.ps1'
[2.475s] INFO:colcon.colcon_core.shell:Creating package descriptor '/home/developer/aerostack2_ws/install/as2_cli/share/as2_cli/package.dsv'
[2.475s] INFO:colcon.colcon_core.shell:Creating package script '/home/developer/aerostack2_ws/install/as2_cli/share/as2_cli/package.sh'
[2.475s] INFO:colcon.colcon_core.shell:Creating package script '/home/developer/aerostack2_ws/install/as2_cli/share/as2_cli/package.bash'
[2.476s] INFO:colcon.colcon_core.shell:Creating package script '/home/developer/aerostack2_ws/install/as2_cli/share/as2_cli/package.zsh'
[2.476s] Level 1:colcon.colcon_core.environment:create_file_with_runtime_dependencies(/home/developer/aerostack2_ws/install/as2_cli/share/colcon-core/packages/as2_cli)
[2.476s] INFO:colcon.colcon_ros.task.ament_cmake.build:Building ROS package in '/home/developer/aerostack2_ws/src/aerostack2-tcc_lucca/as2_user_interfaces/as2_alphanumeric_viewer' with build type 'ament_cmake'
[2.476s] INFO:colcon.colcon_cmake.task.cmake.build:Building CMake package in '/home/developer/aerostack2_ws/src/aerostack2-tcc_lucca/as2_user_interfaces/as2_alphanumeric_viewer'
[2.476s] INFO:colcon.colcon_core.shell:Skip shell extension 'powershell' for command environment: Not usable outside of PowerShell
[2.476s] DEBUG:colcon.colcon_core.shell:Skip shell extension 'dsv' for command environment
[2.486s] DEBUG:colcon.colcon_core.event_handler.log_command:Invoking command in '/home/developer/aerostack2_ws/build/as2_alphanumeric_viewer': AMENT_PREFIX_PATH=/home/developer/aerostack2_ws/install/as2_core:/home/developer/aerostack2_ws/install/as2_msgs:${AMENT_PREFIX_PATH} CMAKE_PREFIX_PATH=/home/developer/aerostack2_ws/install/as2_core:/home/developer/aerostack2_ws/install/as2_msgs:/opt/ros/humble LD_LIBRARY_PATH=/home/developer/aerostack2_ws/install/as2_core/lib:/home/developer/aerostack2_ws/install/as2_msgs/lib:${LD_LIBRARY_PATH} PYTHONPATH=/home/developer/aerostack2_ws/install/as2_core/local/lib/python3.10/dist-packages:/home/developer/aerostack2_ws/install/as2_msgs/local/lib/python3.10/dist-packages:${PYTHONPATH} /usr/bin/cmake --build /home/developer/aerostack2_ws/build/as2_alphanumeric_viewer -- -j20 -l20
[2.537s] DEBUG:colcon.colcon_core.event_handler.log_command:Invoked command in '/home/developer/aerostack2_ws/build/as2_alphanumeric_viewer' returned '0': AMENT_PREFIX_PATH=/home/developer/aerostack2_ws/install/as2_core:/home/developer/aerostack2_ws/install/as2_msgs:${AMENT_PREFIX_PATH} CMAKE_PREFIX_PATH=/home/developer/aerostack2_ws/install/as2_core:/home/developer/aerostack2_ws/install/as2_msgs:/opt/ros/humble LD_LIBRARY_PATH=/home/developer/aerostack2_ws/install/as2_core/lib:/home/developer/aerostack2_ws/install/as2_msgs/lib:${LD_LIBRARY_PATH} PYTHONPATH=/home/developer/aerostack2_ws/install/as2_core/local/lib/python3.10/dist-packages:/home/developer/aerostack2_ws/install/as2_msgs/local/lib/python3.10/dist-packages:${PYTHONPATH} /usr/bin/cmake --build /home/developer/aerostack2_ws/build/as2_alphanumeric_viewer -- -j20 -l20
[2.538s] DEBUG:colcon.colcon_core.event_handler.log_command:Invoking command in '/home/developer/aerostack2_ws/build/as2_alphanumeric_viewer': AMENT_PREFIX_PATH=/home/developer/aerostack2_ws/install/as2_core:/home/developer/aerostack2_ws/install/as2_msgs:${AMENT_PREFIX_PATH} CMAKE_PREFIX_PATH=/home/developer/aerostack2_ws/install/as2_core:/home/developer/aerostack2_ws/install/as2_msgs:/opt/ros/humble LD_LIBRARY_PATH=/home/developer/aerostack2_ws/install/as2_core/lib:/home/developer/aerostack2_ws/install/as2_msgs/lib:${LD_LIBRARY_PATH} PYTHONPATH=/home/developer/aerostack2_ws/install/as2_core/local/lib/python3.10/dist-packages:/home/developer/aerostack2_ws/install/as2_msgs/local/lib/python3.10/dist-packages:${PYTHONPATH} /usr/bin/cmake --install /home/developer/aerostack2_ws/build/as2_alphanumeric_viewer
[2.557s] Level 1:colcon.colcon_core.environment:create_environment_scripts_only(as2_alphanumeric_viewer)
[2.557s] Level 1:colcon.colcon_core.environment:checking '/home/developer/aerostack2_ws/install/as2_alphanumeric_viewer' for CMake module files
[2.557s] DEBUG:colcon.colcon_core.event_handler.log_command:Invoked command in '/home/developer/aerostack2_ws/build/as2_alphanumeric_viewer' returned '0': AMENT_PREFIX_PATH=/home/developer/aerostack2_ws/install/as2_core:/home/developer/aerostack2_ws/install/as2_msgs:${AMENT_PREFIX_PATH} CMAKE_PREFIX_PATH=/home/developer/aerostack2_ws/install/as2_core:/home/developer/aerostack2_ws/install/as2_msgs:/opt/ros/humble LD_LIBRARY_PATH=/home/developer/aerostack2_ws/install/as2_core/lib:/home/developer/aerostack2_ws/install/as2_msgs/lib:${LD_LIBRARY_PATH} PYTHONPATH=/home/developer/aerostack2_ws/install/as2_core/local/lib/python3.10/dist-packages:/home/developer/aerostack2_ws/install/as2_msgs/local/lib/python3.10/dist-packages:${PYTHONPATH} /usr/bin/cmake --install /home/developer/aerostack2_ws/build/as2_alphanumeric_viewer
[2.558s] Level 1:colcon.colcon_core.environment:checking '/home/developer/aerostack2_ws/install/as2_alphanumeric_viewer' for CMake config files
[2.558s] Level 1:colcon.colcon_core.shell:create_environment_hook('as2_alphanumeric_viewer', 'cmake_prefix_path')
[2.558s] INFO:colcon.colcon_core.shell:Creating environment hook '/home/developer/aerostack2_ws/install/as2_alphanumeric_viewer/share/as2_alphanumeric_viewer/hook/cmake_prefix_path.ps1'
[2.558s] INFO:colcon.colcon_core.shell:Creating environment descriptor '/home/developer/aerostack2_ws/install/as2_alphanumeric_viewer/share/as2_alphanumeric_viewer/hook/cmake_prefix_path.dsv'
[2.559s] INFO:colcon.colcon_core.shell:Creating environment hook '/home/developer/aerostack2_ws/install/as2_alphanumeric_viewer/share/as2_alphanumeric_viewer/hook/cmake_prefix_path.sh'
[2.559s] Level 1:colcon.colcon_core.environment:checking '/home/developer/aerostack2_ws/install/as2_alphanumeric_viewer/lib'
[2.559s] Level 1:colcon.colcon_core.environment:checking '/home/developer/aerostack2_ws/install/as2_alphanumeric_viewer/bin'
[2.559s] Level 1:colcon.colcon_core.environment:checking '/home/developer/aerostack2_ws/install/as2_alphanumeric_viewer/lib/pkgconfig/as2_alphanumeric_viewer.pc'
[2.559s] Level 1:colcon.colcon_core.environment:checking '/home/developer/aerostack2_ws/install/as2_alphanumeric_viewer/lib/python3.10/site-packages'
[2.559s] Level 1:colcon.colcon_core.environment:checking '/home/developer/aerostack2_ws/install/as2_alphanumeric_viewer/bin'
[2.559s] INFO:colcon.colcon_core.shell:Creating package script '/home/developer/aerostack2_ws/install/as2_alphanumeric_viewer/share/as2_alphanumeric_viewer/package.ps1'
[2.560s] INFO:colcon.colcon_core.shell:Creating package descriptor '/home/developer/aerostack2_ws/install/as2_alphanumeric_viewer/share/as2_alphanumeric_viewer/package.dsv'
[2.560s] INFO:colcon.colcon_core.shell:Creating package script '/home/developer/aerostack2_ws/install/as2_alphanumeric_viewer/share/as2_alphanumeric_viewer/package.sh'
[2.560s] INFO:colcon.colcon_core.shell:Creating package script '/home/developer/aerostack2_ws/install/as2_alphanumeric_viewer/share/as2_alphanumeric_viewer/package.bash'
[2.560s] INFO:colcon.colcon_core.shell:Creating package script '/home/developer/aerostack2_ws/install/as2_alphanumeric_viewer/share/as2_alphanumeric_viewer/package.zsh'
[2.560s] Level 1:colcon.colcon_core.environment:create_file_with_runtime_dependencies(/home/developer/aerostack2_ws/install/as2_alphanumeric_viewer/share/colcon-core/packages/as2_alphanumeric_viewer)
[2.561s] Level 1:colcon.colcon_core.environment:create_environment_scripts_only(as2_alphanumeric_viewer)
[2.561s] Level 1:colcon.colcon_core.environment:checking '/home/developer/aerostack2_ws/install/as2_alphanumeric_viewer' for CMake module files
[2.561s] Level 1:colcon.colcon_core.environment:checking '/home/developer/aerostack2_ws/install/as2_alphanumeric_viewer' for CMake config files
[2.561s] Level 1:colcon.colcon_core.shell:create_environment_hook('as2_alphanumeric_viewer', 'cmake_prefix_path')
[2.561s] INFO:colcon.colcon_core.shell:Creating environment hook '/home/developer/aerostack2_ws/install/as2_alphanumeric_viewer/share/as2_alphanumeric_viewer/hook/cmake_prefix_path.ps1'
[2.561s] INFO:colcon.colcon_core.shell:Creating environment descriptor '/home/developer/aerostack2_ws/install/as2_alphanumeric_viewer/share/as2_alphanumeric_viewer/hook/cmake_prefix_path.dsv'
[2.561s] INFO:colcon.colcon_core.shell:Creating environment hook '/home/developer/aerostack2_ws/install/as2_alphanumeric_viewer/share/as2_alphanumeric_viewer/hook/cmake_prefix_path.sh'
[2.562s] Level 1:colcon.colcon_core.environment:checking '/home/developer/aerostack2_ws/install/as2_alphanumeric_viewer/lib'
[2.562s] Level 1:colcon.colcon_core.environment:checking '/home/developer/aerostack2_ws/install/as2_alphanumeric_viewer/bin'
[2.562s] Level 1:colcon.colcon_core.environment:checking '/home/developer/aerostack2_ws/install/as2_alphanumeric_viewer/lib/pkgconfig/as2_alphanumeric_viewer.pc'
[2.562s] Level 1:colcon.colcon_core.environment:checking '/home/developer/aerostack2_ws/install/as2_alphanumeric_viewer/lib/python3.10/site-packages'
[2.562s] Level 1:colcon.colcon_core.environment:checking '/home/developer/aerostack2_ws/install/as2_alphanumeric_viewer/bin'
[2.562s] INFO:colcon.colcon_core.shell:Creating package script '/home/developer/aerostack2_ws/install/as2_alphanumeric_viewer/share/as2_alphanumeric_viewer/package.ps1'
[2.563s] INFO:colcon.colcon_core.shell:Creating package descriptor '/home/developer/aerostack2_ws/install/as2_alphanumeric_viewer/share/as2_alphanumeric_viewer/package.dsv'
[2.563s] INFO:colcon.colcon_core.shell:Creating package script '/home/developer/aerostack2_ws/install/as2_alphanumeric_viewer/share/as2_alphanumeric_viewer/package.sh'
[2.563s] INFO:colcon.colcon_core.shell:Creating package script '/home/developer/aerostack2_ws/install/as2_alphanumeric_viewer/share/as2_alphanumeric_viewer/package.bash'
[2.563s] INFO:colcon.colcon_core.shell:Creating package script '/home/developer/aerostack2_ws/install/as2_alphanumeric_viewer/share/as2_alphanumeric_viewer/package.zsh'
[2.563s] Level 1:colcon.colcon_core.environment:create_file_with_runtime_dependencies(/home/developer/aerostack2_ws/install/as2_alphanumeric_viewer/share/colcon-core/packages/as2_alphanumeric_viewer)
[2.564s] INFO:colcon.colcon_ros.task.ament_cmake.build:Building ROS package in '/home/developer/aerostack2_ws/src/aerostack2-tcc_lucca/as2_behavior_tree' with build type 'ament_cmake'
[2.564s] INFO:colcon.colcon_cmake.task.cmake.build:Building CMake package in '/home/developer/aerostack2_ws/src/aerostack2-tcc_lucca/as2_behavior_tree'
[2.564s] INFO:colcon.colcon_core.shell:Skip shell extension 'powershell' for command environment: Not usable outside of PowerShell
[2.564s] DEBUG:colcon.colcon_core.shell:Skip shell extension 'dsv' for command environment
[2.572s] DEBUG:colcon.colcon_core.event_handler.log_command:Invoking command in '/home/developer/aerostack2_ws/build/as2_behavior_tree': AMENT_PREFIX_PATH=/home/developer/aerostack2_ws/install/as2_core:/home/developer/aerostack2_ws/install/as2_msgs:${AMENT_PREFIX_PATH} CMAKE_PREFIX_PATH=/home/developer/aerostack2_ws/install/as2_core:/home/developer/aerostack2_ws/install/as2_msgs:/opt/ros/humble LD_LIBRARY_PATH=/home/developer/aerostack2_ws/install/as2_core/lib:/home/developer/aerostack2_ws/install/as2_msgs/lib:${LD_LIBRARY_PATH} PYTHONPATH=/home/developer/aerostack2_ws/install/as2_core/local/lib/python3.10/dist-packages:/home/developer/aerostack2_ws/install/as2_msgs/local/lib/python3.10/dist-packages:${PYTHONPATH} /usr/bin/cmake --build /home/developer/aerostack2_ws/build/as2_behavior_tree -- -j20 -l20
[2.681s] DEBUG:colcon.colcon_core.event_handler.log_command:Invoked command in '/home/developer/aerostack2_ws/build/as2_behavior_tree' returned '0': AMENT_PREFIX_PATH=/home/developer/aerostack2_ws/install/as2_core:/home/developer/aerostack2_ws/install/as2_msgs:${AMENT_PREFIX_PATH} CMAKE_PREFIX_PATH=/home/developer/aerostack2_ws/install/as2_core:/home/developer/aerostack2_ws/install/as2_msgs:/opt/ros/humble LD_LIBRARY_PATH=/home/developer/aerostack2_ws/install/as2_core/lib:/home/developer/aerostack2_ws/install/as2_msgs/lib:${LD_LIBRARY_PATH} PYTHONPATH=/home/developer/aerostack2_ws/install/as2_core/local/lib/python3.10/dist-packages:/home/developer/aerostack2_ws/install/as2_msgs/local/lib/python3.10/dist-packages:${PYTHONPATH} /usr/bin/cmake --build /home/developer/aerostack2_ws/build/as2_behavior_tree -- -j20 -l20
[2.682s] DEBUG:colcon.colcon_core.event_handler.log_command:Invoking command in '/home/developer/aerostack2_ws/build/as2_behavior_tree': AMENT_PREFIX_PATH=/home/developer/aerostack2_ws/install/as2_core:/home/developer/aerostack2_ws/install/as2_msgs:${AMENT_PREFIX_PATH} CMAKE_PREFIX_PATH=/home/developer/aerostack2_ws/install/as2_core:/home/developer/aerostack2_ws/install/as2_msgs:/opt/ros/humble LD_LIBRARY_PATH=/home/developer/aerostack2_ws/install/as2_core/lib:/home/developer/aerostack2_ws/install/as2_msgs/lib:${LD_LIBRARY_PATH} PYTHONPATH=/home/developer/aerostack2_ws/install/as2_core/local/lib/python3.10/dist-packages:/home/developer/aerostack2_ws/install/as2_msgs/local/lib/python3.10/dist-packages:${PYTHONPATH} /usr/bin/cmake --install /home/developer/aerostack2_ws/build/as2_behavior_tree
[2.705s] Level 1:colcon.colcon_core.environment:create_environment_scripts_only(as2_behavior_tree)
[2.705s] Level 1:colcon.colcon_core.environment:checking '/home/developer/aerostack2_ws/install/as2_behavior_tree' for CMake module files
[2.705s] DEBUG:colcon.colcon_core.event_handler.log_command:Invoked command in '/home/developer/aerostack2_ws/build/as2_behavior_tree' returned '0': AMENT_PREFIX_PATH=/home/developer/aerostack2_ws/install/as2_core:/home/developer/aerostack2_ws/install/as2_msgs:${AMENT_PREFIX_PATH} CMAKE_PREFIX_PATH=/home/developer/aerostack2_ws/install/as2_core:/home/developer/aerostack2_ws/install/as2_msgs:/opt/ros/humble LD_LIBRARY_PATH=/home/developer/aerostack2_ws/install/as2_core/lib:/home/developer/aerostack2_ws/install/as2_msgs/lib:${LD_LIBRARY_PATH} PYTHONPATH=/home/developer/aerostack2_ws/install/as2_core/local/lib/python3.10/dist-packages:/home/developer/aerostack2_ws/install/as2_msgs/local/lib/python3.10/dist-packages:${PYTHONPATH} /usr/bin/cmake --install /home/developer/aerostack2_ws/build/as2_behavior_tree
[2.706s] Level 1:colcon.colcon_core.environment:checking '/home/developer/aerostack2_ws/install/as2_behavior_tree' for CMake config files
[2.707s] Level 1:colcon.colcon_core.shell:create_environment_hook('as2_behavior_tree', 'cmake_prefix_path')
[2.707s] INFO:colcon.colcon_core.shell:Creating environment hook '/home/developer/aerostack2_ws/install/as2_behavior_tree/share/as2_behavior_tree/hook/cmake_prefix_path.ps1'
[2.707s] INFO:colcon.colcon_core.shell:Creating environment descriptor '/home/developer/aerostack2_ws/install/as2_behavior_tree/share/as2_behavior_tree/hook/cmake_prefix_path.dsv'
[2.708s] INFO:colcon.colcon_core.shell:Creating environment hook '/home/developer/aerostack2_ws/install/as2_behavior_tree/share/as2_behavior_tree/hook/cmake_prefix_path.sh'
[2.708s] Level 1:colcon.colcon_core.environment:checking '/home/developer/aerostack2_ws/install/as2_behavior_tree/lib'
[2.708s] Level 1:colcon.colcon_core.shell:create_environment_hook('as2_behavior_tree', 'ld_library_path_lib')
[2.709s] INFO:colcon.colcon_core.shell:Creating environment hook '/home/developer/aerostack2_ws/install/as2_behavior_tree/share/as2_behavior_tree/hook/ld_library_path_lib.ps1'
[2.709s] INFO:colcon.colcon_core.shell:Creating environment descriptor '/home/developer/aerostack2_ws/install/as2_behavior_tree/share/as2_behavior_tree/hook/ld_library_path_lib.dsv'
[2.709s] INFO:colcon.colcon_core.shell:Creating environment hook '/home/developer/aerostack2_ws/install/as2_behavior_tree/share/as2_behavior_tree/hook/ld_library_path_lib.sh'
[2.709s] Level 1:colcon.colcon_core.environment:checking '/home/developer/aerostack2_ws/install/as2_behavior_tree/bin'
[2.709s] Level 1:colcon.colcon_core.environment:checking '/home/developer/aerostack2_ws/install/as2_behavior_tree/lib/pkgconfig/as2_behavior_tree.pc'
[2.710s] Level 1:colcon.colcon_core.environment:checking '/home/developer/aerostack2_ws/install/as2_behavior_tree/lib/python3.10/site-packages'
[2.710s] Level 1:colcon.colcon_core.environment:checking '/home/developer/aerostack2_ws/install/as2_behavior_tree/bin'
[2.710s] INFO:colcon.colcon_core.shell:Creating package script '/home/developer/aerostack2_ws/install/as2_behavior_tree/share/as2_behavior_tree/package.ps1'
[2.710s] INFO:colcon.colcon_core.shell:Creating package descriptor '/home/developer/aerostack2_ws/install/as2_behavior_tree/share/as2_behavior_tree/package.dsv'
[2.710s] INFO:colcon.colcon_core.shell:Creating package script '/home/developer/aerostack2_ws/install/as2_behavior_tree/share/as2_behavior_tree/package.sh'
[2.711s] INFO:colcon.colcon_core.shell:Creating package script '/home/developer/aerostack2_ws/install/as2_behavior_tree/share/as2_behavior_tree/package.bash'
[2.711s] INFO:colcon.colcon_core.shell:Creating package script '/home/developer/aerostack2_ws/install/as2_behavior_tree/share/as2_behavior_tree/package.zsh'
[2.711s] Level 1:colcon.colcon_core.environment:create_file_with_runtime_dependencies(/home/developer/aerostack2_ws/install/as2_behavior_tree/share/colcon-core/packages/as2_behavior_tree)
[2.711s] Level 1:colcon.colcon_core.environment:create_environment_scripts_only(as2_behavior_tree)
[2.712s] Level 1:colcon.colcon_core.environment:checking '/home/developer/aerostack2_ws/install/as2_behavior_tree' for CMake module files
[2.712s] Level 1:colcon.colcon_core.environment:checking '/home/developer/aerostack2_ws/install/as2_behavior_tree' for CMake config files
[2.712s] Level 1:colcon.colcon_core.shell:create_environment_hook('as2_behavior_tree', 'cmake_prefix_path')
[2.712s] INFO:colcon.colcon_core.shell:Creating environment hook '/home/developer/aerostack2_ws/install/as2_behavior_tree/share/as2_behavior_tree/hook/cmake_prefix_path.ps1'
[2.712s] INFO:colcon.colcon_core.shell:Creating environment descriptor '/home/developer/aerostack2_ws/install/as2_behavior_tree/share/as2_behavior_tree/hook/cmake_prefix_path.dsv'
[2.713s] INFO:colcon.colcon_core.shell:Creating environment hook '/home/developer/aerostack2_ws/install/as2_behavior_tree/share/as2_behavior_tree/hook/cmake_prefix_path.sh'
[2.713s] Level 1:colcon.colcon_core.environment:checking '/home/developer/aerostack2_ws/install/as2_behavior_tree/lib'
[2.713s] Level 1:colcon.colcon_core.shell:create_environment_hook('as2_behavior_tree', 'ld_library_path_lib')
[2.713s] INFO:colcon.colcon_core.shell:Creating environment hook '/home/developer/aerostack2_ws/install/as2_behavior_tree/share/as2_behavior_tree/hook/ld_library_path_lib.ps1'
[2.713s] INFO:colcon.colcon_core.shell:Creating environment descriptor '/home/developer/aerostack2_ws/install/as2_behavior_tree/share/as2_behavior_tree/hook/ld_library_path_lib.dsv'
[2.713s] INFO:colcon.colcon_core.shell:Creating environment hook '/home/developer/aerostack2_ws/install/as2_behavior_tree/share/as2_behavior_tree/hook/ld_library_path_lib.sh'
[2.713s] Level 1:colcon.colcon_core.environment:checking '/home/developer/aerostack2_ws/install/as2_behavior_tree/bin'
[2.713s] Level 1:colcon.colcon_core.environment:checking '/home/developer/aerostack2_ws/install/as2_behavior_tree/lib/pkgconfig/as2_behavior_tree.pc'
[2.714s] Level 1:colcon.colcon_core.environment:checking '/home/developer/aerostack2_ws/install/as2_behavior_tree/lib/python3.10/site-packages'
[2.714s] Level 1:colcon.colcon_core.environment:checking '/home/developer/aerostack2_ws/install/as2_behavior_tree/bin'
[2.714s] INFO:colcon.colcon_core.shell:Creating package script '/home/developer/aerostack2_ws/install/as2_behavior_tree/share/as2_behavior_tree/package.ps1'
[2.714s] INFO:colcon.colcon_core.shell:Creating package descriptor '/home/developer/aerostack2_ws/install/as2_behavior_tree/share/as2_behavior_tree/package.dsv'
[2.714s] INFO:colcon.colcon_core.shell:Creating package script '/home/developer/aerostack2_ws/install/as2_behavior_tree/share/as2_behavior_tree/package.sh'
[2.715s] INFO:colcon.colcon_core.shell:Creating package script '/home/developer/aerostack2_ws/install/as2_behavior_tree/share/as2_behavior_tree/package.bash'
[2.715s] INFO:colcon.colcon_core.shell:Creating package script '/home/developer/aerostack2_ws/install/as2_behavior_tree/share/as2_behavior_tree/package.zsh'
[2.715s] Level 1:colcon.colcon_core.environment:create_file_with_runtime_dependencies(/home/developer/aerostack2_ws/install/as2_behavior_tree/share/colcon-core/packages/as2_behavior_tree)
[2.715s] INFO:colcon.colcon_ros.task.ament_cmake.build:Building ROS package in '/home/developer/aerostack2_ws/src/aerostack2-tcc_lucca/as2_utilities/as2_external_object_to_tf' with build type 'ament_cmake'
[2.715s] INFO:colcon.colcon_cmake.task.cmake.build:Building CMake package in '/home/developer/aerostack2_ws/src/aerostack2-tcc_lucca/as2_utilities/as2_external_object_to_tf'
[2.716s] INFO:colcon.colcon_core.shell:Skip shell extension 'powershell' for command environment: Not usable outside of PowerShell
[2.716s] DEBUG:colcon.colcon_core.shell:Skip shell extension 'dsv' for command environment
[2.726s] DEBUG:colcon.colcon_core.event_handler.log_command:Invoking command in '/home/developer/aerostack2_ws/build/as2_external_object_to_tf': AMENT_PREFIX_PATH=/home/developer/aerostack2_ws/install/as2_core:/home/developer/aerostack2_ws/install/as2_msgs:${AMENT_PREFIX_PATH} CMAKE_PREFIX_PATH=/home/developer/aerostack2_ws/install/as2_core:/home/developer/aerostack2_ws/install/as2_msgs:/opt/ros/humble LD_LIBRARY_PATH=/home/developer/aerostack2_ws/install/as2_core/lib:/home/developer/aerostack2_ws/install/as2_msgs/lib:${LD_LIBRARY_PATH} PYTHONPATH=/home/developer/aerostack2_ws/install/as2_core/local/lib/python3.10/dist-packages:/home/developer/aerostack2_ws/install/as2_msgs/local/lib/python3.10/dist-packages:${PYTHONPATH} /usr/bin/cmake --build /home/developer/aerostack2_ws/build/as2_external_object_to_tf -- -j20 -l20
[2.813s] DEBUG:colcon.colcon_core.event_handler.log_command:Invoked command in '/home/developer/aerostack2_ws/build/as2_external_object_to_tf' returned '0': AMENT_PREFIX_PATH=/home/developer/aerostack2_ws/install/as2_core:/home/developer/aerostack2_ws/install/as2_msgs:${AMENT_PREFIX_PATH} CMAKE_PREFIX_PATH=/home/developer/aerostack2_ws/install/as2_core:/home/developer/aerostack2_ws/install/as2_msgs:/opt/ros/humble LD_LIBRARY_PATH=/home/developer/aerostack2_ws/install/as2_core/lib:/home/developer/aerostack2_ws/install/as2_msgs/lib:${LD_LIBRARY_PATH} PYTHONPATH=/home/developer/aerostack2_ws/install/as2_core/local/lib/python3.10/dist-packages:/home/developer/aerostack2_ws/install/as2_msgs/local/lib/python3.10/dist-packages:${PYTHONPATH} /usr/bin/cmake --build /home/developer/aerostack2_ws/build/as2_external_object_to_tf -- -j20 -l20
[2.815s] DEBUG:colcon.colcon_core.event_handler.log_command:Invoking command in '/home/developer/aerostack2_ws/build/as2_external_object_to_tf': AMENT_PREFIX_PATH=/home/developer/aerostack2_ws/install/as2_core:/home/developer/aerostack2_ws/install/as2_msgs:${AMENT_PREFIX_PATH} CMAKE_PREFIX_PATH=/home/developer/aerostack2_ws/install/as2_core:/home/developer/aerostack2_ws/install/as2_msgs:/opt/ros/humble LD_LIBRARY_PATH=/home/developer/aerostack2_ws/install/as2_core/lib:/home/developer/aerostack2_ws/install/as2_msgs/lib:${LD_LIBRARY_PATH} PYTHONPATH=/home/developer/aerostack2_ws/install/as2_core/local/lib/python3.10/dist-packages:/home/developer/aerostack2_ws/install/as2_msgs/local/lib/python3.10/dist-packages:${PYTHONPATH} /usr/bin/cmake --install /home/developer/aerostack2_ws/build/as2_external_object_to_tf
[2.832s] Level 1:colcon.colcon_core.environment:create_environment_scripts_only(as2_external_object_to_tf)
[2.832s] Level 1:colcon.colcon_core.environment:checking '/home/developer/aerostack2_ws/install/as2_external_object_to_tf' for CMake module files
[2.833s] DEBUG:colcon.colcon_core.event_handler.log_command:Invoked command in '/home/developer/aerostack2_ws/build/as2_external_object_to_tf' returned '0': AMENT_PREFIX_PATH=/home/developer/aerostack2_ws/install/as2_core:/home/developer/aerostack2_ws/install/as2_msgs:${AMENT_PREFIX_PATH} CMAKE_PREFIX_PATH=/home/developer/aerostack2_ws/install/as2_core:/home/developer/aerostack2_ws/install/as2_msgs:/opt/ros/humble LD_LIBRARY_PATH=/home/developer/aerostack2_ws/install/as2_core/lib:/home/developer/aerostack2_ws/install/as2_msgs/lib:${LD_LIBRARY_PATH} PYTHONPATH=/home/developer/aerostack2_ws/install/as2_core/local/lib/python3.10/dist-packages:/home/developer/aerostack2_ws/install/as2_msgs/local/lib/python3.10/dist-packages:${PYTHONPATH} /usr/bin/cmake --install /home/developer/aerostack2_ws/build/as2_external_object_to_tf
[2.833s] Level 1:colcon.colcon_core.environment:checking '/home/developer/aerostack2_ws/install/as2_external_object_to_tf' for CMake config files
[2.833s] Level 1:colcon.colcon_core.shell:create_environment_hook('as2_external_object_to_tf', 'cmake_prefix_path')
[2.833s] INFO:colcon.colcon_core.shell:Creating environment hook '/home/developer/aerostack2_ws/install/as2_external_object_to_tf/share/as2_external_object_to_tf/hook/cmake_prefix_path.ps1'
[2.833s] INFO:colcon.colcon_core.shell:Creating environment descriptor '/home/developer/aerostack2_ws/install/as2_external_object_to_tf/share/as2_external_object_to_tf/hook/cmake_prefix_path.dsv'
[2.834s] INFO:colcon.colcon_core.shell:Creating environment hook '/home/developer/aerostack2_ws/install/as2_external_object_to_tf/share/as2_external_object_to_tf/hook/cmake_prefix_path.sh'
[2.834s] Level 1:colcon.colcon_core.environment:checking '/home/developer/aerostack2_ws/install/as2_external_object_to_tf/lib'
[2.834s] Level 1:colcon.colcon_core.environment:checking '/home/developer/aerostack2_ws/install/as2_external_object_to_tf/bin'
[2.834s] Level 1:colcon.colcon_core.environment:checking '/home/developer/aerostack2_ws/install/as2_external_object_to_tf/lib/pkgconfig/as2_external_object_to_tf.pc'
[2.834s] Level 1:colcon.colcon_core.environment:checking '/home/developer/aerostack2_ws/install/as2_external_object_to_tf/lib/python3.10/site-packages'
[2.834s] Level 1:colcon.colcon_core.environment:checking '/home/developer/aerostack2_ws/install/as2_external_object_to_tf/bin'
[2.834s] INFO:colcon.colcon_core.shell:Creating package script '/home/developer/aerostack2_ws/install/as2_external_object_to_tf/share/as2_external_object_to_tf/package.ps1'
[2.835s] INFO:colcon.colcon_core.shell:Creating package descriptor '/home/developer/aerostack2_ws/install/as2_external_object_to_tf/share/as2_external_object_to_tf/package.dsv'
[2.835s] INFO:colcon.colcon_core.shell:Creating package script '/home/developer/aerostack2_ws/install/as2_external_object_to_tf/share/as2_external_object_to_tf/package.sh'
[2.835s] INFO:colcon.colcon_core.shell:Creating package script '/home/developer/aerostack2_ws/install/as2_external_object_to_tf/share/as2_external_object_to_tf/package.bash'
[2.835s] INFO:colcon.colcon_core.shell:Creating package script '/home/developer/aerostack2_ws/install/as2_external_object_to_tf/share/as2_external_object_to_tf/package.zsh'
[2.835s] Level 1:colcon.colcon_core.environment:create_file_with_runtime_dependencies(/home/developer/aerostack2_ws/install/as2_external_object_to_tf/share/colcon-core/packages/as2_external_object_to_tf)
[2.836s] Level 1:colcon.colcon_core.environment:create_environment_scripts_only(as2_external_object_to_tf)
[2.836s] Level 1:colcon.colcon_core.environment:checking '/home/developer/aerostack2_ws/install/as2_external_object_to_tf' for CMake module files
[2.836s] Level 1:colcon.colcon_core.environment:checking '/home/developer/aerostack2_ws/install/as2_external_object_to_tf' for CMake config files
[2.836s] Level 1:colcon.colcon_core.shell:create_environment_hook('as2_external_object_to_tf', 'cmake_prefix_path')
[2.836s] INFO:colcon.colcon_core.shell:Creating environment hook '/home/developer/aerostack2_ws/install/as2_external_object_to_tf/share/as2_external_object_to_tf/hook/cmake_prefix_path.ps1'
[2.837s] INFO:colcon.colcon_core.shell:Creating environment descriptor '/home/developer/aerostack2_ws/install/as2_external_object_to_tf/share/as2_external_object_to_tf/hook/cmake_prefix_path.dsv'
[2.837s] INFO:colcon.colcon_core.shell:Creating environment hook '/home/developer/aerostack2_ws/install/as2_external_object_to_tf/share/as2_external_object_to_tf/hook/cmake_prefix_path.sh'
[2.837s] Level 1:colcon.colcon_core.environment:checking '/home/developer/aerostack2_ws/install/as2_external_object_to_tf/lib'
[2.837s] Level 1:colcon.colcon_core.environment:checking '/home/developer/aerostack2_ws/install/as2_external_object_to_tf/bin'
[2.837s] Level 1:colcon.colcon_core.environment:checking '/home/developer/aerostack2_ws/install/as2_external_object_to_tf/lib/pkgconfig/as2_external_object_to_tf.pc'
[2.837s] Level 1:colcon.colcon_core.environment:checking '/home/developer/aerostack2_ws/install/as2_external_object_to_tf/lib/python3.10/site-packages'
[2.837s] Level 1:colcon.colcon_core.environment:checking '/home/developer/aerostack2_ws/install/as2_external_object_to_tf/bin'
[2.837s] INFO:colcon.colcon_core.shell:Creating package script '/home/developer/aerostack2_ws/install/as2_external_object_to_tf/share/as2_external_object_to_tf/package.ps1'
[2.838s] INFO:colcon.colcon_core.shell:Creating package descriptor '/home/developer/aerostack2_ws/install/as2_external_object_to_tf/share/as2_external_object_to_tf/package.dsv'
[2.838s] INFO:colcon.colcon_core.shell:Creating package script '/home/developer/aerostack2_ws/install/as2_external_object_to_tf/share/as2_external_object_to_tf/package.sh'
[2.838s] INFO:colcon.colcon_core.shell:Creating package script '/home/developer/aerostack2_ws/install/as2_external_object_to_tf/share/as2_external_object_to_tf/package.bash'
[2.838s] INFO:colcon.colcon_core.shell:Creating package script '/home/developer/aerostack2_ws/install/as2_external_object_to_tf/share/as2_external_object_to_tf/package.zsh'
[2.839s] Level 1:colcon.colcon_core.environment:create_file_with_runtime_dependencies(/home/developer/aerostack2_ws/install/as2_external_object_to_tf/share/colcon-core/packages/as2_external_object_to_tf)
[2.839s] INFO:colcon.colcon_ros.task.ament_cmake.build:Building ROS package in '/home/developer/aerostack2_ws/src/aerostack2-tcc_lucca/as2_utilities/as2_geozones' with build type 'ament_cmake'
[2.839s] INFO:colcon.colcon_cmake.task.cmake.build:Building CMake package in '/home/developer/aerostack2_ws/src/aerostack2-tcc_lucca/as2_utilities/as2_geozones'
[2.839s] INFO:colcon.colcon_core.shell:Skip shell extension 'powershell' for command environment: Not usable outside of PowerShell
[2.839s] DEBUG:colcon.colcon_core.shell:Skip shell extension 'dsv' for command environment
[2.848s] DEBUG:colcon.colcon_core.event_handler.log_command:Invoking command in '/home/developer/aerostack2_ws/build/as2_geozones': AMENT_PREFIX_PATH=/home/developer/aerostack2_ws/install/as2_core:/home/developer/aerostack2_ws/install/as2_msgs:${AMENT_PREFIX_PATH} CMAKE_PREFIX_PATH=/home/developer/aerostack2_ws/install/as2_core:/home/developer/aerostack2_ws/install/as2_msgs:/opt/ros/humble LD_LIBRARY_PATH=/home/developer/aerostack2_ws/install/as2_core/lib:/home/developer/aerostack2_ws/install/as2_msgs/lib:${LD_LIBRARY_PATH} PYTHONPATH=/home/developer/aerostack2_ws/install/as2_core/local/lib/python3.10/dist-packages:/home/developer/aerostack2_ws/install/as2_msgs/local/lib/python3.10/dist-packages:${PYTHONPATH} /usr/bin/cmake --build /home/developer/aerostack2_ws/build/as2_geozones -- -j20 -l20
[2.925s] DEBUG:colcon.colcon_core.event_handler.log_command:Invoked command in '/home/developer/aerostack2_ws/build/as2_geozones' returned '0': AMENT_PREFIX_PATH=/home/developer/aerostack2_ws/install/as2_core:/home/developer/aerostack2_ws/install/as2_msgs:${AMENT_PREFIX_PATH} CMAKE_PREFIX_PATH=/home/developer/aerostack2_ws/install/as2_core:/home/developer/aerostack2_ws/install/as2_msgs:/opt/ros/humble LD_LIBRARY_PATH=/home/developer/aerostack2_ws/install/as2_core/lib:/home/developer/aerostack2_ws/install/as2_msgs/lib:${LD_LIBRARY_PATH} PYTHONPATH=/home/developer/aerostack2_ws/install/as2_core/local/lib/python3.10/dist-packages:/home/developer/aerostack2_ws/install/as2_msgs/local/lib/python3.10/dist-packages:${PYTHONPATH} /usr/bin/cmake --build /home/developer/aerostack2_ws/build/as2_geozones -- -j20 -l20
[2.926s] DEBUG:colcon.colcon_core.event_handler.log_command:Invoking command in '/home/developer/aerostack2_ws/build/as2_geozones': AMENT_PREFIX_PATH=/home/developer/aerostack2_ws/install/as2_core:/home/developer/aerostack2_ws/install/as2_msgs:${AMENT_PREFIX_PATH} CMAKE_PREFIX_PATH=/home/developer/aerostack2_ws/install/as2_core:/home/developer/aerostack2_ws/install/as2_msgs:/opt/ros/humble LD_LIBRARY_PATH=/home/developer/aerostack2_ws/install/as2_core/lib:/home/developer/aerostack2_ws/install/as2_msgs/lib:${LD_LIBRARY_PATH} PYTHONPATH=/home/developer/aerostack2_ws/install/as2_core/local/lib/python3.10/dist-packages:/home/developer/aerostack2_ws/install/as2_msgs/local/lib/python3.10/dist-packages:${PYTHONPATH} /usr/bin/cmake --install /home/developer/aerostack2_ws/build/as2_geozones
[2.943s] Level 1:colcon.colcon_core.environment:create_environment_scripts_only(as2_geozones)
[2.943s] Level 1:colcon.colcon_core.environment:checking '/home/developer/aerostack2_ws/install/as2_geozones' for CMake module files
[2.944s] DEBUG:colcon.colcon_core.event_handler.log_command:Invoked command in '/home/developer/aerostack2_ws/build/as2_geozones' returned '0': AMENT_PREFIX_PATH=/home/developer/aerostack2_ws/install/as2_core:/home/developer/aerostack2_ws/install/as2_msgs:${AMENT_PREFIX_PATH} CMAKE_PREFIX_PATH=/home/developer/aerostack2_ws/install/as2_core:/home/developer/aerostack2_ws/install/as2_msgs:/opt/ros/humble LD_LIBRARY_PATH=/home/developer/aerostack2_ws/install/as2_core/lib:/home/developer/aerostack2_ws/install/as2_msgs/lib:${LD_LIBRARY_PATH} PYTHONPATH=/home/developer/aerostack2_ws/install/as2_core/local/lib/python3.10/dist-packages:/home/developer/aerostack2_ws/install/as2_msgs/local/lib/python3.10/dist-packages:${PYTHONPATH} /usr/bin/cmake --install /home/developer/aerostack2_ws/build/as2_geozones
[2.944s] Level 1:colcon.colcon_core.environment:checking '/home/developer/aerostack2_ws/install/as2_geozones' for CMake config files
[2.944s] Level 1:colcon.colcon_core.shell:create_environment_hook('as2_geozones', 'cmake_prefix_path')
[2.944s] INFO:colcon.colcon_core.shell:Creating environment hook '/home/developer/aerostack2_ws/install/as2_geozones/share/as2_geozones/hook/cmake_prefix_path.ps1'
[2.944s] INFO:colcon.colcon_core.shell:Creating environment descriptor '/home/developer/aerostack2_ws/install/as2_geozones/share/as2_geozones/hook/cmake_prefix_path.dsv'
[2.944s] INFO:colcon.colcon_core.shell:Creating environment hook '/home/developer/aerostack2_ws/install/as2_geozones/share/as2_geozones/hook/cmake_prefix_path.sh'
[2.945s] Level 1:colcon.colcon_core.environment:checking '/home/developer/aerostack2_ws/install/as2_geozones/lib'
[2.945s] Level 1:colcon.colcon_core.environment:checking '/home/developer/aerostack2_ws/install/as2_geozones/bin'
[2.945s] Level 1:colcon.colcon_core.environment:checking '/home/developer/aerostack2_ws/install/as2_geozones/lib/pkgconfig/as2_geozones.pc'
[2.945s] Level 1:colcon.colcon_core.environment:checking '/home/developer/aerostack2_ws/install/as2_geozones/lib/python3.10/site-packages'
[2.945s] Level 1:colcon.colcon_core.environment:checking '/home/developer/aerostack2_ws/install/as2_geozones/bin'
[2.945s] INFO:colcon.colcon_core.shell:Creating package script '/home/developer/aerostack2_ws/install/as2_geozones/share/as2_geozones/package.ps1'
[2.946s] INFO:colcon.colcon_core.shell:Creating package descriptor '/home/developer/aerostack2_ws/install/as2_geozones/share/as2_geozones/package.dsv'
[2.946s] INFO:colcon.colcon_core.shell:Creating package script '/home/developer/aerostack2_ws/install/as2_geozones/share/as2_geozones/package.sh'
[2.946s] INFO:colcon.colcon_core.shell:Creating package script '/home/developer/aerostack2_ws/install/as2_geozones/share/as2_geozones/package.bash'
[2.946s] INFO:colcon.colcon_core.shell:Creating package script '/home/developer/aerostack2_ws/install/as2_geozones/share/as2_geozones/package.zsh'
[2.946s] Level 1:colcon.colcon_core.environment:create_file_with_runtime_dependencies(/home/developer/aerostack2_ws/install/as2_geozones/share/colcon-core/packages/as2_geozones)
[2.947s] Level 1:colcon.colcon_core.environment:create_environment_scripts_only(as2_geozones)
[2.947s] Level 1:colcon.colcon_core.environment:checking '/home/developer/aerostack2_ws/install/as2_geozones' for CMake module files
[2.947s] Level 1:colcon.colcon_core.environment:checking '/home/developer/aerostack2_ws/install/as2_geozones' for CMake config files
[2.947s] Level 1:colcon.colcon_core.shell:create_environment_hook('as2_geozones', 'cmake_prefix_path')
[2.947s] INFO:colcon.colcon_core.shell:Creating environment hook '/home/developer/aerostack2_ws/install/as2_geozones/share/as2_geozones/hook/cmake_prefix_path.ps1'
[2.948s] INFO:colcon.colcon_core.shell:Creating environment descriptor '/home/developer/aerostack2_ws/install/as2_geozones/share/as2_geozones/hook/cmake_prefix_path.dsv'
[2.948s] INFO:colcon.colcon_core.shell:Creating environment hook '/home/developer/aerostack2_ws/install/as2_geozones/share/as2_geozones/hook/cmake_prefix_path.sh'
[2.948s] Level 1:colcon.colcon_core.environment:checking '/home/developer/aerostack2_ws/install/as2_geozones/lib'
[2.948s] Level 1:colcon.colcon_core.environment:checking '/home/developer/aerostack2_ws/install/as2_geozones/bin'
[2.948s] Level 1:colcon.colcon_core.environment:checking '/home/developer/aerostack2_ws/install/as2_geozones/lib/pkgconfig/as2_geozones.pc'
[2.948s] Level 1:colcon.colcon_core.environment:checking '/home/developer/aerostack2_ws/install/as2_geozones/lib/python3.10/site-packages'
[2.948s] Level 1:colcon.colcon_core.environment:checking '/home/developer/aerostack2_ws/install/as2_geozones/bin'
[2.948s] INFO:colcon.colcon_core.shell:Creating package script '/home/developer/aerostack2_ws/install/as2_geozones/share/as2_geozones/package.ps1'
[2.949s] INFO:colcon.colcon_core.shell:Creating package descriptor '/home/developer/aerostack2_ws/install/as2_geozones/share/as2_geozones/package.dsv'
[2.949s] INFO:colcon.colcon_core.shell:Creating package script '/home/developer/aerostack2_ws/install/as2_geozones/share/as2_geozones/package.sh'
[2.949s] INFO:colcon.colcon_core.shell:Creating package script '/home/developer/aerostack2_ws/install/as2_geozones/share/as2_geozones/package.bash'
[2.949s] INFO:colcon.colcon_core.shell:Creating package script '/home/developer/aerostack2_ws/install/as2_geozones/share/as2_geozones/package.zsh'
[2.950s] Level 1:colcon.colcon_core.environment:create_file_with_runtime_dependencies(/home/developer/aerostack2_ws/install/as2_geozones/share/colcon-core/packages/as2_geozones)
[2.950s] INFO:colcon.colcon_ros.task.ament_cmake.build:Building ROS package in '/home/developer/aerostack2_ws/src/aerostack2-tcc_lucca/as2_map_server' with build type 'ament_cmake'
[2.950s] INFO:colcon.colcon_cmake.task.cmake.build:Building CMake package in '/home/developer/aerostack2_ws/src/aerostack2-tcc_lucca/as2_map_server'
[2.950s] INFO:colcon.colcon_core.shell:Skip shell extension 'powershell' for command environment: Not usable outside of PowerShell
[2.950s] DEBUG:colcon.colcon_core.shell:Skip shell extension 'dsv' for command environment
[2.960s] DEBUG:colcon.colcon_core.event_handler.log_command:Invoking command in '/home/developer/aerostack2_ws/build/as2_map_server': AMENT_PREFIX_PATH=/home/developer/aerostack2_ws/install/as2_core:/home/developer/aerostack2_ws/install/as2_msgs:${AMENT_PREFIX_PATH} CMAKE_PREFIX_PATH=/home/developer/aerostack2_ws/install/as2_core:/home/developer/aerostack2_ws/install/as2_msgs:/opt/ros/humble LD_LIBRARY_PATH=/home/developer/aerostack2_ws/install/as2_core/lib:/home/developer/aerostack2_ws/install/as2_msgs/lib:${LD_LIBRARY_PATH} PYTHONPATH=/home/developer/aerostack2_ws/install/as2_core/local/lib/python3.10/dist-packages:/home/developer/aerostack2_ws/install/as2_msgs/local/lib/python3.10/dist-packages:${PYTHONPATH} /usr/bin/cmake --build /home/developer/aerostack2_ws/build/as2_map_server -- -j20 -l20
[3.047s] DEBUG:colcon.colcon_core.event_handler.log_command:Invoked command in '/home/developer/aerostack2_ws/build/as2_map_server' returned '0': AMENT_PREFIX_PATH=/home/developer/aerostack2_ws/install/as2_core:/home/developer/aerostack2_ws/install/as2_msgs:${AMENT_PREFIX_PATH} CMAKE_PREFIX_PATH=/home/developer/aerostack2_ws/install/as2_core:/home/developer/aerostack2_ws/install/as2_msgs:/opt/ros/humble LD_LIBRARY_PATH=/home/developer/aerostack2_ws/install/as2_core/lib:/home/developer/aerostack2_ws/install/as2_msgs/lib:${LD_LIBRARY_PATH} PYTHONPATH=/home/developer/aerostack2_ws/install/as2_core/local/lib/python3.10/dist-packages:/home/developer/aerostack2_ws/install/as2_msgs/local/lib/python3.10/dist-packages:${PYTHONPATH} /usr/bin/cmake --build /home/developer/aerostack2_ws/build/as2_map_server -- -j20 -l20
[3.047s] DEBUG:colcon.colcon_core.event_handler.log_command:Invoking command in '/home/developer/aerostack2_ws/build/as2_map_server': AMENT_PREFIX_PATH=/home/developer/aerostack2_ws/install/as2_core:/home/developer/aerostack2_ws/install/as2_msgs:${AMENT_PREFIX_PATH} CMAKE_PREFIX_PATH=/home/developer/aerostack2_ws/install/as2_core:/home/developer/aerostack2_ws/install/as2_msgs:/opt/ros/humble LD_LIBRARY_PATH=/home/developer/aerostack2_ws/install/as2_core/lib:/home/developer/aerostack2_ws/install/as2_msgs/lib:${LD_LIBRARY_PATH} PYTHONPATH=/home/developer/aerostack2_ws/install/as2_core/local/lib/python3.10/dist-packages:/home/developer/aerostack2_ws/install/as2_msgs/local/lib/python3.10/dist-packages:${PYTHONPATH} /usr/bin/cmake --install /home/developer/aerostack2_ws/build/as2_map_server
[3.068s] Level 1:colcon.colcon_core.environment:create_environment_scripts_only(as2_map_server)
[3.068s] Level 1:colcon.colcon_core.environment:checking '/home/developer/aerostack2_ws/install/as2_map_server' for CMake module files
[3.068s] DEBUG:colcon.colcon_core.event_handler.log_command:Invoked command in '/home/developer/aerostack2_ws/build/as2_map_server' returned '0': AMENT_PREFIX_PATH=/home/developer/aerostack2_ws/install/as2_core:/home/developer/aerostack2_ws/install/as2_msgs:${AMENT_PREFIX_PATH} CMAKE_PREFIX_PATH=/home/developer/aerostack2_ws/install/as2_core:/home/developer/aerostack2_ws/install/as2_msgs:/opt/ros/humble LD_LIBRARY_PATH=/home/developer/aerostack2_ws/install/as2_core/lib:/home/developer/aerostack2_ws/install/as2_msgs/lib:${LD_LIBRARY_PATH} PYTHONPATH=/home/developer/aerostack2_ws/install/as2_core/local/lib/python3.10/dist-packages:/home/developer/aerostack2_ws/install/as2_msgs/local/lib/python3.10/dist-packages:${PYTHONPATH} /usr/bin/cmake --install /home/developer/aerostack2_ws/build/as2_map_server
[3.068s] Level 1:colcon.colcon_core.environment:checking '/home/developer/aerostack2_ws/install/as2_map_server' for CMake config files
[3.069s] Level 1:colcon.colcon_core.shell:create_environment_hook('as2_map_server', 'cmake_prefix_path')
[3.069s] INFO:colcon.colcon_core.shell:Creating environment hook '/home/developer/aerostack2_ws/install/as2_map_server/share/as2_map_server/hook/cmake_prefix_path.ps1'
[3.069s] INFO:colcon.colcon_core.shell:Creating environment descriptor '/home/developer/aerostack2_ws/install/as2_map_server/share/as2_map_server/hook/cmake_prefix_path.dsv'
[3.069s] INFO:colcon.colcon_core.shell:Creating environment hook '/home/developer/aerostack2_ws/install/as2_map_server/share/as2_map_server/hook/cmake_prefix_path.sh'
[3.070s] Level 1:colcon.colcon_core.environment:checking '/home/developer/aerostack2_ws/install/as2_map_server/lib'
[3.070s] Level 1:colcon.colcon_core.shell:create_environment_hook('as2_map_server', 'ld_library_path_lib')
[3.070s] INFO:colcon.colcon_core.shell:Creating environment hook '/home/developer/aerostack2_ws/install/as2_map_server/share/as2_map_server/hook/ld_library_path_lib.ps1'
[3.070s] INFO:colcon.colcon_core.shell:Creating environment descriptor '/home/developer/aerostack2_ws/install/as2_map_server/share/as2_map_server/hook/ld_library_path_lib.dsv'
[3.070s] INFO:colcon.colcon_core.shell:Creating environment hook '/home/developer/aerostack2_ws/install/as2_map_server/share/as2_map_server/hook/ld_library_path_lib.sh'
[3.070s] Level 1:colcon.colcon_core.environment:checking '/home/developer/aerostack2_ws/install/as2_map_server/bin'
[3.070s] Level 1:colcon.colcon_core.environment:checking '/home/developer/aerostack2_ws/install/as2_map_server/lib/pkgconfig/as2_map_server.pc'
[3.070s] Level 1:colcon.colcon_core.environment:checking '/home/developer/aerostack2_ws/install/as2_map_server/lib/python3.10/site-packages'
[3.071s] Level 1:colcon.colcon_core.environment:checking '/home/developer/aerostack2_ws/install/as2_map_server/bin'
[3.071s] INFO:colcon.colcon_core.shell:Creating package script '/home/developer/aerostack2_ws/install/as2_map_server/share/as2_map_server/package.ps1'
[3.071s] INFO:colcon.colcon_core.shell:Creating package descriptor '/home/developer/aerostack2_ws/install/as2_map_server/share/as2_map_server/package.dsv'
[3.071s] INFO:colcon.colcon_core.shell:Creating package script '/home/developer/aerostack2_ws/install/as2_map_server/share/as2_map_server/package.sh'
[3.071s] INFO:colcon.colcon_core.shell:Creating package script '/home/developer/aerostack2_ws/install/as2_map_server/share/as2_map_server/package.bash'
[3.072s] INFO:colcon.colcon_core.shell:Creating package script '/home/developer/aerostack2_ws/install/as2_map_server/share/as2_map_server/package.zsh'
[3.072s] Level 1:colcon.colcon_core.environment:create_file_with_runtime_dependencies(/home/developer/aerostack2_ws/install/as2_map_server/share/colcon-core/packages/as2_map_server)
[3.072s] Level 1:colcon.colcon_core.environment:create_environment_scripts_only(as2_map_server)
[3.072s] Level 1:colcon.colcon_core.environment:checking '/home/developer/aerostack2_ws/install/as2_map_server' for CMake module files
[3.072s] Level 1:colcon.colcon_core.environment:checking '/home/developer/aerostack2_ws/install/as2_map_server' for CMake config files
[3.073s] Level 1:colcon.colcon_core.shell:create_environment_hook('as2_map_server', 'cmake_prefix_path')
[3.073s] INFO:colcon.colcon_core.shell:Creating environment hook '/home/developer/aerostack2_ws/install/as2_map_server/share/as2_map_server/hook/cmake_prefix_path.ps1'
[3.073s] INFO:colcon.colcon_core.shell:Creating environment descriptor '/home/developer/aerostack2_ws/install/as2_map_server/share/as2_map_server/hook/cmake_prefix_path.dsv'
[3.073s] INFO:colcon.colcon_core.shell:Creating environment hook '/home/developer/aerostack2_ws/install/as2_map_server/share/as2_map_server/hook/cmake_prefix_path.sh'
[3.073s] Level 1:colcon.colcon_core.environment:checking '/home/developer/aerostack2_ws/install/as2_map_server/lib'
[3.073s] Level 1:colcon.colcon_core.shell:create_environment_hook('as2_map_server', 'ld_library_path_lib')
[3.073s] INFO:colcon.colcon_core.shell:Creating environment hook '/home/developer/aerostack2_ws/install/as2_map_server/share/as2_map_server/hook/ld_library_path_lib.ps1'
[3.074s] INFO:colcon.colcon_core.shell:Creating environment descriptor '/home/developer/aerostack2_ws/install/as2_map_server/share/as2_map_server/hook/ld_library_path_lib.dsv'
[3.074s] INFO:colcon.colcon_core.shell:Creating environment hook '/home/developer/aerostack2_ws/install/as2_map_server/share/as2_map_server/hook/ld_library_path_lib.sh'
[3.074s] Level 1:colcon.colcon_core.environment:checking '/home/developer/aerostack2_ws/install/as2_map_server/bin'
[3.074s] Level 1:colcon.colcon_core.environment:checking '/home/developer/aerostack2_ws/install/as2_map_server/lib/pkgconfig/as2_map_server.pc'
[3.074s] Level 1:colcon.colcon_core.environment:checking '/home/developer/aerostack2_ws/install/as2_map_server/lib/python3.10/site-packages'
[3.074s] Level 1:colcon.colcon_core.environment:checking '/home/developer/aerostack2_ws/install/as2_map_server/bin'
[3.074s] INFO:colcon.colcon_core.shell:Creating package script '/home/developer/aerostack2_ws/install/as2_map_server/share/as2_map_server/package.ps1'
[3.075s] INFO:colcon.colcon_core.shell:Creating package descriptor '/home/developer/aerostack2_ws/install/as2_map_server/share/as2_map_server/package.dsv'
[3.075s] INFO:colcon.colcon_core.shell:Creating package script '/home/developer/aerostack2_ws/install/as2_map_server/share/as2_map_server/package.sh'
[3.075s] INFO:colcon.colcon_core.shell:Creating package script '/home/developer/aerostack2_ws/install/as2_map_server/share/as2_map_server/package.bash'
[3.075s] INFO:colcon.colcon_core.shell:Creating package script '/home/developer/aerostack2_ws/install/as2_map_server/share/as2_map_server/package.zsh'
[3.075s] Level 1:colcon.colcon_core.environment:create_file_with_runtime_dependencies(/home/developer/aerostack2_ws/install/as2_map_server/share/colcon-core/packages/as2_map_server)
[3.076s] INFO:colcon.colcon_ros.task.ament_cmake.build:Building ROS package in '/home/developer/aerostack2_ws/src/aerostack2-tcc_lucca/as2_aerial_platforms/as2_platform_multirotor_simulator' with build type 'ament_cmake'
[3.076s] INFO:colcon.colcon_cmake.task.cmake.build:Building CMake package in '/home/developer/aerostack2_ws/src/aerostack2-tcc_lucca/as2_aerial_platforms/as2_platform_multirotor_simulator'
[3.076s] INFO:colcon.colcon_core.shell:Skip shell extension 'powershell' for command environment: Not usable outside of PowerShell
[3.076s] DEBUG:colcon.colcon_core.shell:Skip shell extension 'dsv' for command environment
[3.085s] DEBUG:colcon.colcon_core.event_handler.log_command:Invoking command in '/home/developer/aerostack2_ws/build/as2_platform_multirotor_simulator': AMENT_PREFIX_PATH=/home/developer/aerostack2_ws/install/as2_core:/home/developer/aerostack2_ws/install/as2_msgs:${AMENT_PREFIX_PATH} CMAKE_PREFIX_PATH=/home/developer/aerostack2_ws/install/as2_core:/home/developer/aerostack2_ws/install/as2_msgs:/opt/ros/humble LD_LIBRARY_PATH=/home/developer/aerostack2_ws/install/as2_core/lib:/home/developer/aerostack2_ws/install/as2_msgs/lib:${LD_LIBRARY_PATH} PYTHONPATH=/home/developer/aerostack2_ws/install/as2_core/local/lib/python3.10/dist-packages:/home/developer/aerostack2_ws/install/as2_msgs/local/lib/python3.10/dist-packages:${PYTHONPATH} /usr/bin/cmake --build /home/developer/aerostack2_ws/build/as2_platform_multirotor_simulator -- -j20 -l20
[3.200s] DEBUG:colcon.colcon_core.event_handler.log_command:Invoked command in '/home/developer/aerostack2_ws/build/as2_platform_multirotor_simulator' returned '0': AMENT_PREFIX_PATH=/home/developer/aerostack2_ws/install/as2_core:/home/developer/aerostack2_ws/install/as2_msgs:${AMENT_PREFIX_PATH} CMAKE_PREFIX_PATH=/home/developer/aerostack2_ws/install/as2_core:/home/developer/aerostack2_ws/install/as2_msgs:/opt/ros/humble LD_LIBRARY_PATH=/home/developer/aerostack2_ws/install/as2_core/lib:/home/developer/aerostack2_ws/install/as2_msgs/lib:${LD_LIBRARY_PATH} PYTHONPATH=/home/developer/aerostack2_ws/install/as2_core/local/lib/python3.10/dist-packages:/home/developer/aerostack2_ws/install/as2_msgs/local/lib/python3.10/dist-packages:${PYTHONPATH} /usr/bin/cmake --build /home/developer/aerostack2_ws/build/as2_platform_multirotor_simulator -- -j20 -l20
[3.201s] DEBUG:colcon.colcon_core.event_handler.log_command:Invoking command in '/home/developer/aerostack2_ws/build/as2_platform_multirotor_simulator': AMENT_PREFIX_PATH=/home/developer/aerostack2_ws/install/as2_core:/home/developer/aerostack2_ws/install/as2_msgs:${AMENT_PREFIX_PATH} CMAKE_PREFIX_PATH=/home/developer/aerostack2_ws/install/as2_core:/home/developer/aerostack2_ws/install/as2_msgs:/opt/ros/humble LD_LIBRARY_PATH=/home/developer/aerostack2_ws/install/as2_core/lib:/home/developer/aerostack2_ws/install/as2_msgs/lib:${LD_LIBRARY_PATH} PYTHONPATH=/home/developer/aerostack2_ws/install/as2_core/local/lib/python3.10/dist-packages:/home/developer/aerostack2_ws/install/as2_msgs/local/lib/python3.10/dist-packages:${PYTHONPATH} /usr/bin/cmake --install /home/developer/aerostack2_ws/build/as2_platform_multirotor_simulator
[3.217s] Level 1:colcon.colcon_core.environment:create_environment_scripts_only(as2_platform_multirotor_simulator)
[3.217s] Level 1:colcon.colcon_core.environment:checking '/home/developer/aerostack2_ws/install/as2_platform_multirotor_simulator' for CMake module files
[3.218s] DEBUG:colcon.colcon_core.event_handler.log_command:Invoked command in '/home/developer/aerostack2_ws/build/as2_platform_multirotor_simulator' returned '0': AMENT_PREFIX_PATH=/home/developer/aerostack2_ws/install/as2_core:/home/developer/aerostack2_ws/install/as2_msgs:${AMENT_PREFIX_PATH} CMAKE_PREFIX_PATH=/home/developer/aerostack2_ws/install/as2_core:/home/developer/aerostack2_ws/install/as2_msgs:/opt/ros/humble LD_LIBRARY_PATH=/home/developer/aerostack2_ws/install/as2_core/lib:/home/developer/aerostack2_ws/install/as2_msgs/lib:${LD_LIBRARY_PATH} PYTHONPATH=/home/developer/aerostack2_ws/install/as2_core/local/lib/python3.10/dist-packages:/home/developer/aerostack2_ws/install/as2_msgs/local/lib/python3.10/dist-packages:${PYTHONPATH} /usr/bin/cmake --install /home/developer/aerostack2_ws/build/as2_platform_multirotor_simulator
[3.218s] Level 1:colcon.colcon_core.environment:checking '/home/developer/aerostack2_ws/install/as2_platform_multirotor_simulator' for CMake config files
[3.218s] Level 1:colcon.colcon_core.shell:create_environment_hook('as2_platform_multirotor_simulator', 'cmake_prefix_path')
[3.218s] INFO:colcon.colcon_core.shell:Creating environment hook '/home/developer/aerostack2_ws/install/as2_platform_multirotor_simulator/share/as2_platform_multirotor_simulator/hook/cmake_prefix_path.ps1'
[3.219s] INFO:colcon.colcon_core.shell:Creating environment descriptor '/home/developer/aerostack2_ws/install/as2_platform_multirotor_simulator/share/as2_platform_multirotor_simulator/hook/cmake_prefix_path.dsv'
[3.219s] INFO:colcon.colcon_core.shell:Creating environment hook '/home/developer/aerostack2_ws/install/as2_platform_multirotor_simulator/share/as2_platform_multirotor_simulator/hook/cmake_prefix_path.sh'
[3.219s] Level 1:colcon.colcon_core.environment:checking '/home/developer/aerostack2_ws/install/as2_platform_multirotor_simulator/lib'
[3.219s] Level 1:colcon.colcon_core.environment:checking '/home/developer/aerostack2_ws/install/as2_platform_multirotor_simulator/bin'
[3.219s] Level 1:colcon.colcon_core.environment:checking '/home/developer/aerostack2_ws/install/as2_platform_multirotor_simulator/lib/pkgconfig/as2_platform_multirotor_simulator.pc'
[3.219s] Level 1:colcon.colcon_core.environment:checking '/home/developer/aerostack2_ws/install/as2_platform_multirotor_simulator/lib/python3.10/site-packages'
[3.219s] Level 1:colcon.colcon_core.environment:checking '/home/developer/aerostack2_ws/install/as2_platform_multirotor_simulator/bin'
[3.220s] INFO:colcon.colcon_core.shell:Creating package script '/home/developer/aerostack2_ws/install/as2_platform_multirotor_simulator/share/as2_platform_multirotor_simulator/package.ps1'
[3.220s] INFO:colcon.colcon_core.shell:Creating package descriptor '/home/developer/aerostack2_ws/install/as2_platform_multirotor_simulator/share/as2_platform_multirotor_simulator/package.dsv'
[3.220s] INFO:colcon.colcon_core.shell:Creating package script '/home/developer/aerostack2_ws/install/as2_platform_multirotor_simulator/share/as2_platform_multirotor_simulator/package.sh'
[3.220s] INFO:colcon.colcon_core.shell:Creating package script '/home/developer/aerostack2_ws/install/as2_platform_multirotor_simulator/share/as2_platform_multirotor_simulator/package.bash'
[3.220s] INFO:colcon.colcon_core.shell:Creating package script '/home/developer/aerostack2_ws/install/as2_platform_multirotor_simulator/share/as2_platform_multirotor_simulator/package.zsh'
[3.221s] Level 1:colcon.colcon_core.environment:create_file_with_runtime_dependencies(/home/developer/aerostack2_ws/install/as2_platform_multirotor_simulator/share/colcon-core/packages/as2_platform_multirotor_simulator)
[3.221s] Level 1:colcon.colcon_core.environment:create_environment_scripts_only(as2_platform_multirotor_simulator)
[3.221s] Level 1:colcon.colcon_core.environment:checking '/home/developer/aerostack2_ws/install/as2_platform_multirotor_simulator' for CMake module files
[3.221s] Level 1:colcon.colcon_core.environment:checking '/home/developer/aerostack2_ws/install/as2_platform_multirotor_simulator' for CMake config files
[3.221s] Level 1:colcon.colcon_core.shell:create_environment_hook('as2_platform_multirotor_simulator', 'cmake_prefix_path')
[3.222s] INFO:colcon.colcon_core.shell:Creating environment hook '/home/developer/aerostack2_ws/install/as2_platform_multirotor_simulator/share/as2_platform_multirotor_simulator/hook/cmake_prefix_path.ps1'
[3.222s] INFO:colcon.colcon_core.shell:Creating environment descriptor '/home/developer/aerostack2_ws/install/as2_platform_multirotor_simulator/share/as2_platform_multirotor_simulator/hook/cmake_prefix_path.dsv'
[3.222s] INFO:colcon.colcon_core.shell:Creating environment hook '/home/developer/aerostack2_ws/install/as2_platform_multirotor_simulator/share/as2_platform_multirotor_simulator/hook/cmake_prefix_path.sh'
[3.222s] Level 1:colcon.colcon_core.environment:checking '/home/developer/aerostack2_ws/install/as2_platform_multirotor_simulator/lib'
[3.222s] Level 1:colcon.colcon_core.environment:checking '/home/developer/aerostack2_ws/install/as2_platform_multirotor_simulator/bin'
[3.222s] Level 1:colcon.colcon_core.environment:checking '/home/developer/aerostack2_ws/install/as2_platform_multirotor_simulator/lib/pkgconfig/as2_platform_multirotor_simulator.pc'
[3.222s] Level 1:colcon.colcon_core.environment:checking '/home/developer/aerostack2_ws/install/as2_platform_multirotor_simulator/lib/python3.10/site-packages'
[3.223s] Level 1:colcon.colcon_core.environment:checking '/home/developer/aerostack2_ws/install/as2_platform_multirotor_simulator/bin'
[3.223s] INFO:colcon.colcon_core.shell:Creating package script '/home/developer/aerostack2_ws/install/as2_platform_multirotor_simulator/share/as2_platform_multirotor_simulator/package.ps1'
[3.223s] INFO:colcon.colcon_core.shell:Creating package descriptor '/home/developer/aerostack2_ws/install/as2_platform_multirotor_simulator/share/as2_platform_multirotor_simulator/package.dsv'
[3.223s] INFO:colcon.colcon_core.shell:Creating package script '/home/developer/aerostack2_ws/install/as2_platform_multirotor_simulator/share/as2_platform_multirotor_simulator/package.sh'
[3.224s] INFO:colcon.colcon_core.shell:Creating package script '/home/developer/aerostack2_ws/install/as2_platform_multirotor_simulator/share/as2_platform_multirotor_simulator/package.bash'
[3.224s] INFO:colcon.colcon_core.shell:Creating package script '/home/developer/aerostack2_ws/install/as2_platform_multirotor_simulator/share/as2_platform_multirotor_simulator/package.zsh'
[3.224s] Level 1:colcon.colcon_core.environment:create_file_with_runtime_dependencies(/home/developer/aerostack2_ws/install/as2_platform_multirotor_simulator/share/colcon-core/packages/as2_platform_multirotor_simulator)
[3.224s] INFO:colcon.colcon_ros.task.ament_cmake.build:Building ROS package in '/home/developer/aerostack2_ws/src/aerostack2-tcc_lucca/as2_hardware_drivers/as2_realsense_interface' with build type 'ament_cmake'
[3.224s] INFO:colcon.colcon_cmake.task.cmake.build:Building CMake package in '/home/developer/aerostack2_ws/src/aerostack2-tcc_lucca/as2_hardware_drivers/as2_realsense_interface'
[3.224s] INFO:colcon.colcon_core.shell:Skip shell extension 'powershell' for command environment: Not usable outside of PowerShell
[3.225s] DEBUG:colcon.colcon_core.shell:Skip shell extension 'dsv' for command environment
[3.234s] DEBUG:colcon.colcon_core.event_handler.log_command:Invoking command in '/home/developer/aerostack2_ws/build/as2_realsense_interface': AMENT_PREFIX_PATH=/home/developer/aerostack2_ws/install/as2_core:/home/developer/aerostack2_ws/install/as2_msgs:${AMENT_PREFIX_PATH} CMAKE_PREFIX_PATH=/home/developer/aerostack2_ws/install/as2_core:/home/developer/aerostack2_ws/install/as2_msgs:/opt/ros/humble LD_LIBRARY_PATH=/home/developer/aerostack2_ws/install/as2_core/lib:/home/developer/aerostack2_ws/install/as2_msgs/lib:${LD_LIBRARY_PATH} PYTHONPATH=/home/developer/aerostack2_ws/install/as2_core/local/lib/python3.10/dist-packages:/home/developer/aerostack2_ws/install/as2_msgs/local/lib/python3.10/dist-packages:${PYTHONPATH} /usr/bin/cmake --build /home/developer/aerostack2_ws/build/as2_realsense_interface -- -j20 -l20
[3.316s] DEBUG:colcon.colcon_core.event_handler.log_command:Invoked command in '/home/developer/aerostack2_ws/build/as2_realsense_interface' returned '0': AMENT_PREFIX_PATH=/home/developer/aerostack2_ws/install/as2_core:/home/developer/aerostack2_ws/install/as2_msgs:${AMENT_PREFIX_PATH} CMAKE_PREFIX_PATH=/home/developer/aerostack2_ws/install/as2_core:/home/developer/aerostack2_ws/install/as2_msgs:/opt/ros/humble LD_LIBRARY_PATH=/home/developer/aerostack2_ws/install/as2_core/lib:/home/developer/aerostack2_ws/install/as2_msgs/lib:${LD_LIBRARY_PATH} PYTHONPATH=/home/developer/aerostack2_ws/install/as2_core/local/lib/python3.10/dist-packages:/home/developer/aerostack2_ws/install/as2_msgs/local/lib/python3.10/dist-packages:${PYTHONPATH} /usr/bin/cmake --build /home/developer/aerostack2_ws/build/as2_realsense_interface -- -j20 -l20
[3.318s] DEBUG:colcon.colcon_core.event_handler.log_command:Invoking command in '/home/developer/aerostack2_ws/build/as2_realsense_interface': AMENT_PREFIX_PATH=/home/developer/aerostack2_ws/install/as2_core:/home/developer/aerostack2_ws/install/as2_msgs:${AMENT_PREFIX_PATH} CMAKE_PREFIX_PATH=/home/developer/aerostack2_ws/install/as2_core:/home/developer/aerostack2_ws/install/as2_msgs:/opt/ros/humble LD_LIBRARY_PATH=/home/developer/aerostack2_ws/install/as2_core/lib:/home/developer/aerostack2_ws/install/as2_msgs/lib:${LD_LIBRARY_PATH} PYTHONPATH=/home/developer/aerostack2_ws/install/as2_core/local/lib/python3.10/dist-packages:/home/developer/aerostack2_ws/install/as2_msgs/local/lib/python3.10/dist-packages:${PYTHONPATH} /usr/bin/cmake --install /home/developer/aerostack2_ws/build/as2_realsense_interface
[3.337s] Level 1:colcon.colcon_core.environment:create_environment_scripts_only(as2_realsense_interface)
[3.337s] Level 1:colcon.colcon_core.environment:checking '/home/developer/aerostack2_ws/install/as2_realsense_interface' for CMake module files
[3.337s] DEBUG:colcon.colcon_core.event_handler.log_command:Invoked command in '/home/developer/aerostack2_ws/build/as2_realsense_interface' returned '0': AMENT_PREFIX_PATH=/home/developer/aerostack2_ws/install/as2_core:/home/developer/aerostack2_ws/install/as2_msgs:${AMENT_PREFIX_PATH} CMAKE_PREFIX_PATH=/home/developer/aerostack2_ws/install/as2_core:/home/developer/aerostack2_ws/install/as2_msgs:/opt/ros/humble LD_LIBRARY_PATH=/home/developer/aerostack2_ws/install/as2_core/lib:/home/developer/aerostack2_ws/install/as2_msgs/lib:${LD_LIBRARY_PATH} PYTHONPATH=/home/developer/aerostack2_ws/install/as2_core/local/lib/python3.10/dist-packages:/home/developer/aerostack2_ws/install/as2_msgs/local/lib/python3.10/dist-packages:${PYTHONPATH} /usr/bin/cmake --install /home/developer/aerostack2_ws/build/as2_realsense_interface
[3.338s] Level 1:colcon.colcon_core.environment:checking '/home/developer/aerostack2_ws/install/as2_realsense_interface' for CMake config files
[3.338s] Level 1:colcon.colcon_core.shell:create_environment_hook('as2_realsense_interface', 'cmake_prefix_path')
[3.338s] INFO:colcon.colcon_core.shell:Creating environment hook '/home/developer/aerostack2_ws/install/as2_realsense_interface/share/as2_realsense_interface/hook/cmake_prefix_path.ps1'
[3.338s] INFO:colcon.colcon_core.shell:Creating environment descriptor '/home/developer/aerostack2_ws/install/as2_realsense_interface/share/as2_realsense_interface/hook/cmake_prefix_path.dsv'
[3.338s] INFO:colcon.colcon_core.shell:Creating environment hook '/home/developer/aerostack2_ws/install/as2_realsense_interface/share/as2_realsense_interface/hook/cmake_prefix_path.sh'
[3.339s] Level 1:colcon.colcon_core.environment:checking '/home/developer/aerostack2_ws/install/as2_realsense_interface/lib'
[3.339s] Level 1:colcon.colcon_core.environment:checking '/home/developer/aerostack2_ws/install/as2_realsense_interface/bin'
[3.339s] Level 1:colcon.colcon_core.environment:checking '/home/developer/aerostack2_ws/install/as2_realsense_interface/lib/pkgconfig/as2_realsense_interface.pc'
[3.339s] Level 1:colcon.colcon_core.environment:checking '/home/developer/aerostack2_ws/install/as2_realsense_interface/lib/python3.10/site-packages'
[3.339s] Level 1:colcon.colcon_core.environment:checking '/home/developer/aerostack2_ws/install/as2_realsense_interface/bin'
[3.339s] INFO:colcon.colcon_core.shell:Creating package script '/home/developer/aerostack2_ws/install/as2_realsense_interface/share/as2_realsense_interface/package.ps1'
[3.339s] INFO:colcon.colcon_core.shell:Creating package descriptor '/home/developer/aerostack2_ws/install/as2_realsense_interface/share/as2_realsense_interface/package.dsv'
[3.340s] INFO:colcon.colcon_core.shell:Creating package script '/home/developer/aerostack2_ws/install/as2_realsense_interface/share/as2_realsense_interface/package.sh'
[3.340s] INFO:colcon.colcon_core.shell:Creating package script '/home/developer/aerostack2_ws/install/as2_realsense_interface/share/as2_realsense_interface/package.bash'
[3.340s] INFO:colcon.colcon_core.shell:Creating package script '/home/developer/aerostack2_ws/install/as2_realsense_interface/share/as2_realsense_interface/package.zsh'
[3.340s] Level 1:colcon.colcon_core.environment:create_file_with_runtime_dependencies(/home/developer/aerostack2_ws/install/as2_realsense_interface/share/colcon-core/packages/as2_realsense_interface)
[3.340s] Level 1:colcon.colcon_core.environment:create_environment_scripts_only(as2_realsense_interface)
[3.341s] Level 1:colcon.colcon_core.environment:checking '/home/developer/aerostack2_ws/install/as2_realsense_interface' for CMake module files
[3.341s] Level 1:colcon.colcon_core.environment:checking '/home/developer/aerostack2_ws/install/as2_realsense_interface' for CMake config files
[3.341s] Level 1:colcon.colcon_core.shell:create_environment_hook('as2_realsense_interface', 'cmake_prefix_path')
[3.341s] INFO:colcon.colcon_core.shell:Creating environment hook '/home/developer/aerostack2_ws/install/as2_realsense_interface/share/as2_realsense_interface/hook/cmake_prefix_path.ps1'
[3.341s] INFO:colcon.colcon_core.shell:Creating environment descriptor '/home/developer/aerostack2_ws/install/as2_realsense_interface/share/as2_realsense_interface/hook/cmake_prefix_path.dsv'
[3.341s] INFO:colcon.colcon_core.shell:Creating environment hook '/home/developer/aerostack2_ws/install/as2_realsense_interface/share/as2_realsense_interface/hook/cmake_prefix_path.sh'
[3.342s] Level 1:colcon.colcon_core.environment:checking '/home/developer/aerostack2_ws/install/as2_realsense_interface/lib'
[3.342s] Level 1:colcon.colcon_core.environment:checking '/home/developer/aerostack2_ws/install/as2_realsense_interface/bin'
[3.342s] Level 1:colcon.colcon_core.environment:checking '/home/developer/aerostack2_ws/install/as2_realsense_interface/lib/pkgconfig/as2_realsense_interface.pc'
[3.342s] Level 1:colcon.colcon_core.environment:checking '/home/developer/aerostack2_ws/install/as2_realsense_interface/lib/python3.10/site-packages'
[3.342s] Level 1:colcon.colcon_core.environment:checking '/home/developer/aerostack2_ws/install/as2_realsense_interface/bin'
[3.342s] INFO:colcon.colcon_core.shell:Creating package script '/home/developer/aerostack2_ws/install/as2_realsense_interface/share/as2_realsense_interface/package.ps1'
[3.342s] INFO:colcon.colcon_core.shell:Creating package descriptor '/home/developer/aerostack2_ws/install/as2_realsense_interface/share/as2_realsense_interface/package.dsv'
[3.343s] INFO:colcon.colcon_core.shell:Creating package script '/home/developer/aerostack2_ws/install/as2_realsense_interface/share/as2_realsense_interface/package.sh'
[3.343s] INFO:colcon.colcon_core.shell:Creating package script '/home/developer/aerostack2_ws/install/as2_realsense_interface/share/as2_realsense_interface/package.bash'
[3.343s] INFO:colcon.colcon_core.shell:Creating package script '/home/developer/aerostack2_ws/install/as2_realsense_interface/share/as2_realsense_interface/package.zsh'
[3.343s] Level 1:colcon.colcon_core.environment:create_file_with_runtime_dependencies(/home/developer/aerostack2_ws/install/as2_realsense_interface/share/colcon-core/packages/as2_realsense_interface)
[3.343s] INFO:colcon.colcon_ros.task.ament_cmake.build:Building ROS package in '/home/developer/aerostack2_ws/src/aerostack2-tcc_lucca/as2_state_estimator' with build type 'ament_cmake'
[3.343s] INFO:colcon.colcon_cmake.task.cmake.build:Building CMake package in '/home/developer/aerostack2_ws/src/aerostack2-tcc_lucca/as2_state_estimator'
[3.344s] INFO:colcon.colcon_core.shell:Skip shell extension 'powershell' for command environment: Not usable outside of PowerShell
[3.344s] DEBUG:colcon.colcon_core.shell:Skip shell extension 'dsv' for command environment
[3.352s] DEBUG:colcon.colcon_core.event_handler.log_command:Invoking command in '/home/developer/aerostack2_ws/build/as2_state_estimator': AMENT_PREFIX_PATH=/home/developer/aerostack2_ws/install/as2_core:/home/developer/aerostack2_ws/install/as2_msgs:${AMENT_PREFIX_PATH} CMAKE_PREFIX_PATH=/home/developer/aerostack2_ws/install/as2_core:/home/developer/aerostack2_ws/install/as2_msgs:/opt/ros/humble LD_LIBRARY_PATH=/home/developer/aerostack2_ws/install/as2_core/lib:/home/developer/aerostack2_ws/install/as2_msgs/lib:${LD_LIBRARY_PATH} PYTHONPATH=/home/developer/aerostack2_ws/install/as2_core/local/lib/python3.10/dist-packages:/home/developer/aerostack2_ws/install/as2_msgs/local/lib/python3.10/dist-packages:${PYTHONPATH} /usr/bin/cmake --build /home/developer/aerostack2_ws/build/as2_state_estimator -- -j20 -l20
[3.465s] DEBUG:colcon.colcon_core.event_handler.log_command:Invoked command in '/home/developer/aerostack2_ws/build/as2_state_estimator' returned '0': AMENT_PREFIX_PATH=/home/developer/aerostack2_ws/install/as2_core:/home/developer/aerostack2_ws/install/as2_msgs:${AMENT_PREFIX_PATH} CMAKE_PREFIX_PATH=/home/developer/aerostack2_ws/install/as2_core:/home/developer/aerostack2_ws/install/as2_msgs:/opt/ros/humble LD_LIBRARY_PATH=/home/developer/aerostack2_ws/install/as2_core/lib:/home/developer/aerostack2_ws/install/as2_msgs/lib:${LD_LIBRARY_PATH} PYTHONPATH=/home/developer/aerostack2_ws/install/as2_core/local/lib/python3.10/dist-packages:/home/developer/aerostack2_ws/install/as2_msgs/local/lib/python3.10/dist-packages:${PYTHONPATH} /usr/bin/cmake --build /home/developer/aerostack2_ws/build/as2_state_estimator -- -j20 -l20
[3.466s] DEBUG:colcon.colcon_core.event_handler.log_command:Invoking command in '/home/developer/aerostack2_ws/build/as2_state_estimator': AMENT_PREFIX_PATH=/home/developer/aerostack2_ws/install/as2_core:/home/developer/aerostack2_ws/install/as2_msgs:${AMENT_PREFIX_PATH} CMAKE_PREFIX_PATH=/home/developer/aerostack2_ws/install/as2_core:/home/developer/aerostack2_ws/install/as2_msgs:/opt/ros/humble LD_LIBRARY_PATH=/home/developer/aerostack2_ws/install/as2_core/lib:/home/developer/aerostack2_ws/install/as2_msgs/lib:${LD_LIBRARY_PATH} PYTHONPATH=/home/developer/aerostack2_ws/install/as2_core/local/lib/python3.10/dist-packages:/home/developer/aerostack2_ws/install/as2_msgs/local/lib/python3.10/dist-packages:${PYTHONPATH} /usr/bin/cmake --install /home/developer/aerostack2_ws/build/as2_state_estimator
[3.485s] Level 1:colcon.colcon_core.environment:create_environment_scripts_only(as2_state_estimator)
[3.485s] DEBUG:colcon.colcon_core.event_handler.log_command:Invoked command in '/home/developer/aerostack2_ws/build/as2_state_estimator' returned '0': AMENT_PREFIX_PATH=/home/developer/aerostack2_ws/install/as2_core:/home/developer/aerostack2_ws/install/as2_msgs:${AMENT_PREFIX_PATH} CMAKE_PREFIX_PATH=/home/developer/aerostack2_ws/install/as2_core:/home/developer/aerostack2_ws/install/as2_msgs:/opt/ros/humble LD_LIBRARY_PATH=/home/developer/aerostack2_ws/install/as2_core/lib:/home/developer/aerostack2_ws/install/as2_msgs/lib:${LD_LIBRARY_PATH} PYTHONPATH=/home/developer/aerostack2_ws/install/as2_core/local/lib/python3.10/dist-packages:/home/developer/aerostack2_ws/install/as2_msgs/local/lib/python3.10/dist-packages:${PYTHONPATH} /usr/bin/cmake --install /home/developer/aerostack2_ws/build/as2_state_estimator
[3.486s] Level 1:colcon.colcon_core.environment:checking '/home/developer/aerostack2_ws/install/as2_state_estimator' for CMake module files
[3.486s] Level 1:colcon.colcon_core.environment:checking '/home/developer/aerostack2_ws/install/as2_state_estimator' for CMake config files
[3.486s] Level 1:colcon.colcon_core.shell:create_environment_hook('as2_state_estimator', 'cmake_prefix_path')
[3.486s] INFO:colcon.colcon_core.shell:Creating environment hook '/home/developer/aerostack2_ws/install/as2_state_estimator/share/as2_state_estimator/hook/cmake_prefix_path.ps1'
[3.487s] INFO:colcon.colcon_core.shell:Creating environment descriptor '/home/developer/aerostack2_ws/install/as2_state_estimator/share/as2_state_estimator/hook/cmake_prefix_path.dsv'
[3.487s] INFO:colcon.colcon_core.shell:Creating environment hook '/home/developer/aerostack2_ws/install/as2_state_estimator/share/as2_state_estimator/hook/cmake_prefix_path.sh'
[3.487s] Level 1:colcon.colcon_core.environment:checking '/home/developer/aerostack2_ws/install/as2_state_estimator/lib'
[3.487s] Level 1:colcon.colcon_core.shell:create_environment_hook('as2_state_estimator', 'ld_library_path_lib')
[3.487s] INFO:colcon.colcon_core.shell:Creating environment hook '/home/developer/aerostack2_ws/install/as2_state_estimator/share/as2_state_estimator/hook/ld_library_path_lib.ps1'
[3.488s] INFO:colcon.colcon_core.shell:Creating environment descriptor '/home/developer/aerostack2_ws/install/as2_state_estimator/share/as2_state_estimator/hook/ld_library_path_lib.dsv'
[3.488s] INFO:colcon.colcon_core.shell:Creating environment hook '/home/developer/aerostack2_ws/install/as2_state_estimator/share/as2_state_estimator/hook/ld_library_path_lib.sh'
[3.488s] Level 1:colcon.colcon_core.environment:checking '/home/developer/aerostack2_ws/install/as2_state_estimator/bin'
[3.488s] Level 1:colcon.colcon_core.environment:checking '/home/developer/aerostack2_ws/install/as2_state_estimator/lib/pkgconfig/as2_state_estimator.pc'
[3.488s] Level 1:colcon.colcon_core.environment:checking '/home/developer/aerostack2_ws/install/as2_state_estimator/lib/python3.10/site-packages'
[3.488s] Level 1:colcon.colcon_core.environment:checking '/home/developer/aerostack2_ws/install/as2_state_estimator/bin'
[3.488s] INFO:colcon.colcon_core.shell:Creating package script '/home/developer/aerostack2_ws/install/as2_state_estimator/share/as2_state_estimator/package.ps1'
[3.489s] INFO:colcon.colcon_core.shell:Creating package descriptor '/home/developer/aerostack2_ws/install/as2_state_estimator/share/as2_state_estimator/package.dsv'
[3.489s] INFO:colcon.colcon_core.shell:Creating package script '/home/developer/aerostack2_ws/install/as2_state_estimator/share/as2_state_estimator/package.sh'
[3.489s] INFO:colcon.colcon_core.shell:Creating package script '/home/developer/aerostack2_ws/install/as2_state_estimator/share/as2_state_estimator/package.bash'
[3.489s] INFO:colcon.colcon_core.shell:Creating package script '/home/developer/aerostack2_ws/install/as2_state_estimator/share/as2_state_estimator/package.zsh'
[3.489s] Level 1:colcon.colcon_core.environment:create_file_with_runtime_dependencies(/home/developer/aerostack2_ws/install/as2_state_estimator/share/colcon-core/packages/as2_state_estimator)
[3.490s] Level 1:colcon.colcon_core.environment:create_environment_scripts_only(as2_state_estimator)
[3.490s] Level 1:colcon.colcon_core.environment:checking '/home/developer/aerostack2_ws/install/as2_state_estimator' for CMake module files
[3.490s] Level 1:colcon.colcon_core.environment:checking '/home/developer/aerostack2_ws/install/as2_state_estimator' for CMake config files
[3.490s] Level 1:colcon.colcon_core.shell:create_environment_hook('as2_state_estimator', 'cmake_prefix_path')
[3.490s] INFO:colcon.colcon_core.shell:Creating environment hook '/home/developer/aerostack2_ws/install/as2_state_estimator/share/as2_state_estimator/hook/cmake_prefix_path.ps1'
[3.491s] INFO:colcon.colcon_core.shell:Creating environment descriptor '/home/developer/aerostack2_ws/install/as2_state_estimator/share/as2_state_estimator/hook/cmake_prefix_path.dsv'
[3.491s] INFO:colcon.colcon_core.shell:Creating environment hook '/home/developer/aerostack2_ws/install/as2_state_estimator/share/as2_state_estimator/hook/cmake_prefix_path.sh'
[3.491s] Level 1:colcon.colcon_core.environment:checking '/home/developer/aerostack2_ws/install/as2_state_estimator/lib'
[3.491s] Level 1:colcon.colcon_core.shell:create_environment_hook('as2_state_estimator', 'ld_library_path_lib')
[3.491s] INFO:colcon.colcon_core.shell:Creating environment hook '/home/developer/aerostack2_ws/install/as2_state_estimator/share/as2_state_estimator/hook/ld_library_path_lib.ps1'
[3.492s] INFO:colcon.colcon_core.shell:Creating environment descriptor '/home/developer/aerostack2_ws/install/as2_state_estimator/share/as2_state_estimator/hook/ld_library_path_lib.dsv'
[3.492s] INFO:colcon.colcon_core.shell:Creating environment hook '/home/developer/aerostack2_ws/install/as2_state_estimator/share/as2_state_estimator/hook/ld_library_path_lib.sh'
[3.492s] Level 1:colcon.colcon_core.environment:checking '/home/developer/aerostack2_ws/install/as2_state_estimator/bin'
[3.492s] Level 1:colcon.colcon_core.environment:checking '/home/developer/aerostack2_ws/install/as2_state_estimator/lib/pkgconfig/as2_state_estimator.pc'
[3.492s] Level 1:colcon.colcon_core.environment:checking '/home/developer/aerostack2_ws/install/as2_state_estimator/lib/python3.10/site-packages'
[3.492s] Level 1:colcon.colcon_core.environment:checking '/home/developer/aerostack2_ws/install/as2_state_estimator/bin'
[3.492s] INFO:colcon.colcon_core.shell:Creating package script '/home/developer/aerostack2_ws/install/as2_state_estimator/share/as2_state_estimator/package.ps1'
[3.493s] INFO:colcon.colcon_core.shell:Creating package descriptor '/home/developer/aerostack2_ws/install/as2_state_estimator/share/as2_state_estimator/package.dsv'
[3.493s] INFO:colcon.colcon_core.shell:Creating package script '/home/developer/aerostack2_ws/install/as2_state_estimator/share/as2_state_estimator/package.sh'
[3.493s] INFO:colcon.colcon_core.shell:Creating package script '/home/developer/aerostack2_ws/install/as2_state_estimator/share/as2_state_estimator/package.bash'
[3.493s] INFO:colcon.colcon_core.shell:Creating package script '/home/developer/aerostack2_ws/install/as2_state_estimator/share/as2_state_estimator/package.zsh'
[3.494s] Level 1:colcon.colcon_core.environment:create_file_with_runtime_dependencies(/home/developer/aerostack2_ws/install/as2_state_estimator/share/colcon-core/packages/as2_state_estimator)
[3.494s] INFO:colcon.colcon_ros.task.ament_cmake.build:Building ROS package in '/home/developer/aerostack2_ws/src/aerostack2-tcc_lucca/as2_hardware_drivers/as2_usb_camera_interface' with build type 'ament_cmake'
[3.494s] INFO:colcon.colcon_cmake.task.cmake.build:Building CMake package in '/home/developer/aerostack2_ws/src/aerostack2-tcc_lucca/as2_hardware_drivers/as2_usb_camera_interface'
[3.494s] INFO:colcon.colcon_core.shell:Skip shell extension 'powershell' for command environment: Not usable outside of PowerShell
[3.494s] DEBUG:colcon.colcon_core.shell:Skip shell extension 'dsv' for command environment
[3.504s] DEBUG:colcon.colcon_core.event_handler.log_command:Invoking command in '/home/developer/aerostack2_ws/build/as2_usb_camera_interface': AMENT_PREFIX_PATH=/home/developer/aerostack2_ws/install/as2_core:/home/developer/aerostack2_ws/install/as2_msgs:${AMENT_PREFIX_PATH} CMAKE_PREFIX_PATH=/home/developer/aerostack2_ws/install/as2_core:/home/developer/aerostack2_ws/install/as2_msgs:/opt/ros/humble LD_LIBRARY_PATH=/home/developer/aerostack2_ws/install/as2_core/lib:/home/developer/aerostack2_ws/install/as2_msgs/lib:${LD_LIBRARY_PATH} PYTHONPATH=/home/developer/aerostack2_ws/install/as2_core/local/lib/python3.10/dist-packages:/home/developer/aerostack2_ws/install/as2_msgs/local/lib/python3.10/dist-packages:${PYTHONPATH} /usr/bin/cmake --build /home/developer/aerostack2_ws/build/as2_usb_camera_interface -- -j20 -l20
[3.594s] DEBUG:colcon.colcon_core.event_handler.log_command:Invoked command in '/home/developer/aerostack2_ws/build/as2_usb_camera_interface' returned '0': AMENT_PREFIX_PATH=/home/developer/aerostack2_ws/install/as2_core:/home/developer/aerostack2_ws/install/as2_msgs:${AMENT_PREFIX_PATH} CMAKE_PREFIX_PATH=/home/developer/aerostack2_ws/install/as2_core:/home/developer/aerostack2_ws/install/as2_msgs:/opt/ros/humble LD_LIBRARY_PATH=/home/developer/aerostack2_ws/install/as2_core/lib:/home/developer/aerostack2_ws/install/as2_msgs/lib:${LD_LIBRARY_PATH} PYTHONPATH=/home/developer/aerostack2_ws/install/as2_core/local/lib/python3.10/dist-packages:/home/developer/aerostack2_ws/install/as2_msgs/local/lib/python3.10/dist-packages:${PYTHONPATH} /usr/bin/cmake --build /home/developer/aerostack2_ws/build/as2_usb_camera_interface -- -j20 -l20
[3.595s] DEBUG:colcon.colcon_core.event_handler.log_command:Invoking command in '/home/developer/aerostack2_ws/build/as2_usb_camera_interface': AMENT_PREFIX_PATH=/home/developer/aerostack2_ws/install/as2_core:/home/developer/aerostack2_ws/install/as2_msgs:${AMENT_PREFIX_PATH} CMAKE_PREFIX_PATH=/home/developer/aerostack2_ws/install/as2_core:/home/developer/aerostack2_ws/install/as2_msgs:/opt/ros/humble LD_LIBRARY_PATH=/home/developer/aerostack2_ws/install/as2_core/lib:/home/developer/aerostack2_ws/install/as2_msgs/lib:${LD_LIBRARY_PATH} PYTHONPATH=/home/developer/aerostack2_ws/install/as2_core/local/lib/python3.10/dist-packages:/home/developer/aerostack2_ws/install/as2_msgs/local/lib/python3.10/dist-packages:${PYTHONPATH} /usr/bin/cmake --install /home/developer/aerostack2_ws/build/as2_usb_camera_interface
[3.615s] Level 1:colcon.colcon_core.environment:create_environment_scripts_only(as2_usb_camera_interface)
[3.616s] Level 1:colcon.colcon_core.environment:checking '/home/developer/aerostack2_ws/install/as2_usb_camera_interface' for CMake module files
[3.616s] DEBUG:colcon.colcon_core.event_handler.log_command:Invoked command in '/home/developer/aerostack2_ws/build/as2_usb_camera_interface' returned '0': AMENT_PREFIX_PATH=/home/developer/aerostack2_ws/install/as2_core:/home/developer/aerostack2_ws/install/as2_msgs:${AMENT_PREFIX_PATH} CMAKE_PREFIX_PATH=/home/developer/aerostack2_ws/install/as2_core:/home/developer/aerostack2_ws/install/as2_msgs:/opt/ros/humble LD_LIBRARY_PATH=/home/developer/aerostack2_ws/install/as2_core/lib:/home/developer/aerostack2_ws/install/as2_msgs/lib:${LD_LIBRARY_PATH} PYTHONPATH=/home/developer/aerostack2_ws/install/as2_core/local/lib/python3.10/dist-packages:/home/developer/aerostack2_ws/install/as2_msgs/local/lib/python3.10/dist-packages:${PYTHONPATH} /usr/bin/cmake --install /home/developer/aerostack2_ws/build/as2_usb_camera_interface
[3.616s] Level 1:colcon.colcon_core.environment:checking '/home/developer/aerostack2_ws/install/as2_usb_camera_interface' for CMake config files
[3.616s] Level 1:colcon.colcon_core.shell:create_environment_hook('as2_usb_camera_interface', 'cmake_prefix_path')
[3.616s] INFO:colcon.colcon_core.shell:Creating environment hook '/home/developer/aerostack2_ws/install/as2_usb_camera_interface/share/as2_usb_camera_interface/hook/cmake_prefix_path.ps1'
[3.617s] INFO:colcon.colcon_core.shell:Creating environment descriptor '/home/developer/aerostack2_ws/install/as2_usb_camera_interface/share/as2_usb_camera_interface/hook/cmake_prefix_path.dsv'
[3.617s] INFO:colcon.colcon_core.shell:Creating environment hook '/home/developer/aerostack2_ws/install/as2_usb_camera_interface/share/as2_usb_camera_interface/hook/cmake_prefix_path.sh'
[3.617s] Level 1:colcon.colcon_core.environment:checking '/home/developer/aerostack2_ws/install/as2_usb_camera_interface/lib'
[3.617s] Level 1:colcon.colcon_core.environment:checking '/home/developer/aerostack2_ws/install/as2_usb_camera_interface/bin'
[3.617s] Level 1:colcon.colcon_core.environment:checking '/home/developer/aerostack2_ws/install/as2_usb_camera_interface/lib/pkgconfig/as2_usb_camera_interface.pc'
[3.617s] Level 1:colcon.colcon_core.environment:checking '/home/developer/aerostack2_ws/install/as2_usb_camera_interface/lib/python3.10/site-packages'
[3.617s] Level 1:colcon.colcon_core.environment:checking '/home/developer/aerostack2_ws/install/as2_usb_camera_interface/bin'
[3.618s] INFO:colcon.colcon_core.shell:Creating package script '/home/developer/aerostack2_ws/install/as2_usb_camera_interface/share/as2_usb_camera_interface/package.ps1'
[3.618s] INFO:colcon.colcon_core.shell:Creating package descriptor '/home/developer/aerostack2_ws/install/as2_usb_camera_interface/share/as2_usb_camera_interface/package.dsv'
[3.618s] INFO:colcon.colcon_core.shell:Creating package script '/home/developer/aerostack2_ws/install/as2_usb_camera_interface/share/as2_usb_camera_interface/package.sh'
[3.618s] INFO:colcon.colcon_core.shell:Creating package script '/home/developer/aerostack2_ws/install/as2_usb_camera_interface/share/as2_usb_camera_interface/package.bash'
[3.618s] INFO:colcon.colcon_core.shell:Creating package script '/home/developer/aerostack2_ws/install/as2_usb_camera_interface/share/as2_usb_camera_interface/package.zsh'
[3.618s] Level 1:colcon.colcon_core.environment:create_file_with_runtime_dependencies(/home/developer/aerostack2_ws/install/as2_usb_camera_interface/share/colcon-core/packages/as2_usb_camera_interface)
[3.619s] Level 1:colcon.colcon_core.environment:create_environment_scripts_only(as2_usb_camera_interface)
[3.619s] Level 1:colcon.colcon_core.environment:checking '/home/developer/aerostack2_ws/install/as2_usb_camera_interface' for CMake module files
[3.619s] Level 1:colcon.colcon_core.environment:checking '/home/developer/aerostack2_ws/install/as2_usb_camera_interface' for CMake config files
[3.619s] Level 1:colcon.colcon_core.shell:create_environment_hook('as2_usb_camera_interface', 'cmake_prefix_path')
[3.619s] INFO:colcon.colcon_core.shell:Creating environment hook '/home/developer/aerostack2_ws/install/as2_usb_camera_interface/share/as2_usb_camera_interface/hook/cmake_prefix_path.ps1'
[3.620s] INFO:colcon.colcon_core.shell:Creating environment descriptor '/home/developer/aerostack2_ws/install/as2_usb_camera_interface/share/as2_usb_camera_interface/hook/cmake_prefix_path.dsv'
[3.620s] INFO:colcon.colcon_core.shell:Creating environment hook '/home/developer/aerostack2_ws/install/as2_usb_camera_interface/share/as2_usb_camera_interface/hook/cmake_prefix_path.sh'
[3.620s] Level 1:colcon.colcon_core.environment:checking '/home/developer/aerostack2_ws/install/as2_usb_camera_interface/lib'
[3.620s] Level 1:colcon.colcon_core.environment:checking '/home/developer/aerostack2_ws/install/as2_usb_camera_interface/bin'
[3.620s] Level 1:colcon.colcon_core.environment:checking '/home/developer/aerostack2_ws/install/as2_usb_camera_interface/lib/pkgconfig/as2_usb_camera_interface.pc'
[3.620s] Level 1:colcon.colcon_core.environment:checking '/home/developer/aerostack2_ws/install/as2_usb_camera_interface/lib/python3.10/site-packages'
[3.620s] Level 1:colcon.colcon_core.environment:checking '/home/developer/aerostack2_ws/install/as2_usb_camera_interface/bin'
[3.620s] INFO:colcon.colcon_core.shell:Creating package script '/home/developer/aerostack2_ws/install/as2_usb_camera_interface/share/as2_usb_camera_interface/package.ps1'
[3.621s] INFO:colcon.colcon_core.shell:Creating package descriptor '/home/developer/aerostack2_ws/install/as2_usb_camera_interface/share/as2_usb_camera_interface/package.dsv'
[3.621s] INFO:colcon.colcon_core.shell:Creating package script '/home/developer/aerostack2_ws/install/as2_usb_camera_interface/share/as2_usb_camera_interface/package.sh'
[3.621s] INFO:colcon.colcon_core.shell:Creating package script '/home/developer/aerostack2_ws/install/as2_usb_camera_interface/share/as2_usb_camera_interface/package.bash'
[3.621s] INFO:colcon.colcon_core.shell:Creating package script '/home/developer/aerostack2_ws/install/as2_usb_camera_interface/share/as2_usb_camera_interface/package.zsh'
[3.622s] Level 1:colcon.colcon_core.environment:create_file_with_runtime_dependencies(/home/developer/aerostack2_ws/install/as2_usb_camera_interface/share/colcon-core/packages/as2_usb_camera_interface)
[3.622s] INFO:colcon.colcon_ros.task.ament_cmake.build:Building ROS package in '/home/developer/aerostack2_ws/src/aerostack2-tcc_lucca/as2_behaviors/as2_behaviors_motion' with build type 'ament_cmake'
[3.622s] INFO:colcon.colcon_cmake.task.cmake.build:Building CMake package in '/home/developer/aerostack2_ws/src/aerostack2-tcc_lucca/as2_behaviors/as2_behaviors_motion'
[3.622s] INFO:colcon.colcon_core.shell:Skip shell extension 'powershell' for command environment: Not usable outside of PowerShell
[3.622s] DEBUG:colcon.colcon_core.shell:Skip shell extension 'dsv' for command environment
[3.634s] DEBUG:colcon.colcon_core.event_handler.log_command:Invoking command in '/home/developer/aerostack2_ws/build/as2_behaviors_motion': AMENT_PREFIX_PATH=/home/developer/aerostack2_ws/install/as2_motion_reference_handlers:/home/developer/aerostack2_ws/install/as2_behavior:/home/developer/aerostack2_ws/install/as2_core:/home/developer/aerostack2_ws/install/as2_msgs:${AMENT_PREFIX_PATH} CMAKE_PREFIX_PATH=/home/developer/aerostack2_ws/install/as2_motion_reference_handlers:/home/developer/aerostack2_ws/install/as2_behavior:/home/developer/aerostack2_ws/install/as2_core:/home/developer/aerostack2_ws/install/as2_msgs:/opt/ros/humble LD_LIBRARY_PATH=/home/developer/aerostack2_ws/install/as2_motion_reference_handlers/lib:/home/developer/aerostack2_ws/install/as2_behavior/lib:/home/developer/aerostack2_ws/install/as2_core/lib:/home/developer/aerostack2_ws/install/as2_msgs/lib:${LD_LIBRARY_PATH} PYTHONPATH=/home/developer/aerostack2_ws/install/as2_motion_reference_handlers/local/lib/python3.10/dist-packages:/home/developer/aerostack2_ws/install/as2_core/local/lib/python3.10/dist-packages:/home/developer/aerostack2_ws/install/as2_msgs/local/lib/python3.10/dist-packages:${PYTHONPATH} /usr/bin/cmake --build /home/developer/aerostack2_ws/build/as2_behaviors_motion -- -j20 -l20
[3.734s] DEBUG:colcon.colcon_core.event_handler.log_command:Invoked command in '/home/developer/aerostack2_ws/build/as2_behaviors_motion' returned '0': AMENT_PREFIX_PATH=/home/developer/aerostack2_ws/install/as2_motion_reference_handlers:/home/developer/aerostack2_ws/install/as2_behavior:/home/developer/aerostack2_ws/install/as2_core:/home/developer/aerostack2_ws/install/as2_msgs:${AMENT_PREFIX_PATH} CMAKE_PREFIX_PATH=/home/developer/aerostack2_ws/install/as2_motion_reference_handlers:/home/developer/aerostack2_ws/install/as2_behavior:/home/developer/aerostack2_ws/install/as2_core:/home/developer/aerostack2_ws/install/as2_msgs:/opt/ros/humble LD_LIBRARY_PATH=/home/developer/aerostack2_ws/install/as2_motion_reference_handlers/lib:/home/developer/aerostack2_ws/install/as2_behavior/lib:/home/developer/aerostack2_ws/install/as2_core/lib:/home/developer/aerostack2_ws/install/as2_msgs/lib:${LD_LIBRARY_PATH} PYTHONPATH=/home/developer/aerostack2_ws/install/as2_motion_reference_handlers/local/lib/python3.10/dist-packages:/home/developer/aerostack2_ws/install/as2_core/local/lib/python3.10/dist-packages:/home/developer/aerostack2_ws/install/as2_msgs/local/lib/python3.10/dist-packages:${PYTHONPATH} /usr/bin/cmake --build /home/developer/aerostack2_ws/build/as2_behaviors_motion -- -j20 -l20
[3.735s] DEBUG:colcon.colcon_core.event_handler.log_command:Invoking command in '/home/developer/aerostack2_ws/build/as2_behaviors_motion': AMENT_PREFIX_PATH=/home/developer/aerostack2_ws/install/as2_motion_reference_handlers:/home/developer/aerostack2_ws/install/as2_behavior:/home/developer/aerostack2_ws/install/as2_core:/home/developer/aerostack2_ws/install/as2_msgs:${AMENT_PREFIX_PATH} CMAKE_PREFIX_PATH=/home/developer/aerostack2_ws/install/as2_motion_reference_handlers:/home/developer/aerostack2_ws/install/as2_behavior:/home/developer/aerostack2_ws/install/as2_core:/home/developer/aerostack2_ws/install/as2_msgs:/opt/ros/humble LD_LIBRARY_PATH=/home/developer/aerostack2_ws/install/as2_motion_reference_handlers/lib:/home/developer/aerostack2_ws/install/as2_behavior/lib:/home/developer/aerostack2_ws/install/as2_core/lib:/home/developer/aerostack2_ws/install/as2_msgs/lib:${LD_LIBRARY_PATH} PYTHONPATH=/home/developer/aerostack2_ws/install/as2_motion_reference_handlers/local/lib/python3.10/dist-packages:/home/developer/aerostack2_ws/install/as2_core/local/lib/python3.10/dist-packages:/home/developer/aerostack2_ws/install/as2_msgs/local/lib/python3.10/dist-packages:${PYTHONPATH} /usr/bin/cmake --install /home/developer/aerostack2_ws/build/as2_behaviors_motion
[3.754s] Level 1:colcon.colcon_core.environment:create_environment_scripts_only(as2_behaviors_motion)
[3.754s] Level 1:colcon.colcon_core.environment:checking '/home/developer/aerostack2_ws/install/as2_behaviors_motion' for CMake module files
[3.755s] DEBUG:colcon.colcon_core.event_handler.log_command:Invoked command in '/home/developer/aerostack2_ws/build/as2_behaviors_motion' returned '0': AMENT_PREFIX_PATH=/home/developer/aerostack2_ws/install/as2_motion_reference_handlers:/home/developer/aerostack2_ws/install/as2_behavior:/home/developer/aerostack2_ws/install/as2_core:/home/developer/aerostack2_ws/install/as2_msgs:${AMENT_PREFIX_PATH} CMAKE_PREFIX_PATH=/home/developer/aerostack2_ws/install/as2_motion_reference_handlers:/home/developer/aerostack2_ws/install/as2_behavior:/home/developer/aerostack2_ws/install/as2_core:/home/developer/aerostack2_ws/install/as2_msgs:/opt/ros/humble LD_LIBRARY_PATH=/home/developer/aerostack2_ws/install/as2_motion_reference_handlers/lib:/home/developer/aerostack2_ws/install/as2_behavior/lib:/home/developer/aerostack2_ws/install/as2_core/lib:/home/developer/aerostack2_ws/install/as2_msgs/lib:${LD_LIBRARY_PATH} PYTHONPATH=/home/developer/aerostack2_ws/install/as2_motion_reference_handlers/local/lib/python3.10/dist-packages:/home/developer/aerostack2_ws/install/as2_core/local/lib/python3.10/dist-packages:/home/developer/aerostack2_ws/install/as2_msgs/local/lib/python3.10/dist-packages:${PYTHONPATH} /usr/bin/cmake --install /home/developer/aerostack2_ws/build/as2_behaviors_motion
[3.755s] Level 1:colcon.colcon_core.environment:checking '/home/developer/aerostack2_ws/install/as2_behaviors_motion' for CMake config files
[3.756s] Level 1:colcon.colcon_core.shell:create_environment_hook('as2_behaviors_motion', 'cmake_prefix_path')
[3.756s] INFO:colcon.colcon_core.shell:Creating environment hook '/home/developer/aerostack2_ws/install/as2_behaviors_motion/share/as2_behaviors_motion/hook/cmake_prefix_path.ps1'
[3.756s] INFO:colcon.colcon_core.shell:Creating environment descriptor '/home/developer/aerostack2_ws/install/as2_behaviors_motion/share/as2_behaviors_motion/hook/cmake_prefix_path.dsv'
[3.757s] INFO:colcon.colcon_core.shell:Creating environment hook '/home/developer/aerostack2_ws/install/as2_behaviors_motion/share/as2_behaviors_motion/hook/cmake_prefix_path.sh'
[3.757s] Level 1:colcon.colcon_core.environment:checking '/home/developer/aerostack2_ws/install/as2_behaviors_motion/lib'
[3.757s] Level 1:colcon.colcon_core.shell:create_environment_hook('as2_behaviors_motion', 'ld_library_path_lib')
[3.757s] INFO:colcon.colcon_core.shell:Creating environment hook '/home/developer/aerostack2_ws/install/as2_behaviors_motion/share/as2_behaviors_motion/hook/ld_library_path_lib.ps1'
[3.757s] INFO:colcon.colcon_core.shell:Creating environment descriptor '/home/developer/aerostack2_ws/install/as2_behaviors_motion/share/as2_behaviors_motion/hook/ld_library_path_lib.dsv'
[3.757s] INFO:colcon.colcon_core.shell:Creating environment hook '/home/developer/aerostack2_ws/install/as2_behaviors_motion/share/as2_behaviors_motion/hook/ld_library_path_lib.sh'
[3.757s] Level 1:colcon.colcon_core.environment:checking '/home/developer/aerostack2_ws/install/as2_behaviors_motion/bin'
[3.758s] Level 1:colcon.colcon_core.environment:checking '/home/developer/aerostack2_ws/install/as2_behaviors_motion/lib/pkgconfig/as2_behaviors_motion.pc'
[3.758s] Level 1:colcon.colcon_core.environment:checking '/home/developer/aerostack2_ws/install/as2_behaviors_motion/lib/python3.10/site-packages'
[3.758s] Level 1:colcon.colcon_core.environment:checking '/home/developer/aerostack2_ws/install/as2_behaviors_motion/bin'
[3.758s] INFO:colcon.colcon_core.shell:Creating package script '/home/developer/aerostack2_ws/install/as2_behaviors_motion/share/as2_behaviors_motion/package.ps1'
[3.758s] INFO:colcon.colcon_core.shell:Creating package descriptor '/home/developer/aerostack2_ws/install/as2_behaviors_motion/share/as2_behaviors_motion/package.dsv'
[3.759s] INFO:colcon.colcon_core.shell:Creating package script '/home/developer/aerostack2_ws/install/as2_behaviors_motion/share/as2_behaviors_motion/package.sh'
[3.759s] INFO:colcon.colcon_core.shell:Creating package script '/home/developer/aerostack2_ws/install/as2_behaviors_motion/share/as2_behaviors_motion/package.bash'
[3.759s] INFO:colcon.colcon_core.shell:Creating package script '/home/developer/aerostack2_ws/install/as2_behaviors_motion/share/as2_behaviors_motion/package.zsh'
[3.759s] Level 1:colcon.colcon_core.environment:create_file_with_runtime_dependencies(/home/developer/aerostack2_ws/install/as2_behaviors_motion/share/colcon-core/packages/as2_behaviors_motion)
[3.759s] Level 1:colcon.colcon_core.environment:create_environment_scripts_only(as2_behaviors_motion)
[3.759s] Level 1:colcon.colcon_core.environment:checking '/home/developer/aerostack2_ws/install/as2_behaviors_motion' for CMake module files
[3.760s] Level 1:colcon.colcon_core.environment:checking '/home/developer/aerostack2_ws/install/as2_behaviors_motion' for CMake config files
[3.760s] Level 1:colcon.colcon_core.shell:create_environment_hook('as2_behaviors_motion', 'cmake_prefix_path')
[3.760s] INFO:colcon.colcon_core.shell:Creating environment hook '/home/developer/aerostack2_ws/install/as2_behaviors_motion/share/as2_behaviors_motion/hook/cmake_prefix_path.ps1'
[3.760s] INFO:colcon.colcon_core.shell:Creating environment descriptor '/home/developer/aerostack2_ws/install/as2_behaviors_motion/share/as2_behaviors_motion/hook/cmake_prefix_path.dsv'
[3.761s] INFO:colcon.colcon_core.shell:Creating environment hook '/home/developer/aerostack2_ws/install/as2_behaviors_motion/share/as2_behaviors_motion/hook/cmake_prefix_path.sh'
[3.761s] Level 1:colcon.colcon_core.environment:checking '/home/developer/aerostack2_ws/install/as2_behaviors_motion/lib'
[3.761s] Level 1:colcon.colcon_core.shell:create_environment_hook('as2_behaviors_motion', 'ld_library_path_lib')
[3.761s] INFO:colcon.colcon_core.shell:Creating environment hook '/home/developer/aerostack2_ws/install/as2_behaviors_motion/share/as2_behaviors_motion/hook/ld_library_path_lib.ps1'
[3.761s] INFO:colcon.colcon_core.shell:Creating environment descriptor '/home/developer/aerostack2_ws/install/as2_behaviors_motion/share/as2_behaviors_motion/hook/ld_library_path_lib.dsv'
[3.761s] INFO:colcon.colcon_core.shell:Creating environment hook '/home/developer/aerostack2_ws/install/as2_behaviors_motion/share/as2_behaviors_motion/hook/ld_library_path_lib.sh'
[3.761s] Level 1:colcon.colcon_core.environment:checking '/home/developer/aerostack2_ws/install/as2_behaviors_motion/bin'
[3.761s] Level 1:colcon.colcon_core.environment:checking '/home/developer/aerostack2_ws/install/as2_behaviors_motion/lib/pkgconfig/as2_behaviors_motion.pc'
[3.762s] Level 1:colcon.colcon_core.environment:checking '/home/developer/aerostack2_ws/install/as2_behaviors_motion/lib/python3.10/site-packages'
[3.762s] Level 1:colcon.colcon_core.environment:checking '/home/developer/aerostack2_ws/install/as2_behaviors_motion/bin'
[3.762s] INFO:colcon.colcon_core.shell:Creating package script '/home/developer/aerostack2_ws/install/as2_behaviors_motion/share/as2_behaviors_motion/package.ps1'
[3.762s] INFO:colcon.colcon_core.shell:Creating package descriptor '/home/developer/aerostack2_ws/install/as2_behaviors_motion/share/as2_behaviors_motion/package.dsv'
[3.763s] INFO:colcon.colcon_core.shell:Creating package script '/home/developer/aerostack2_ws/install/as2_behaviors_motion/share/as2_behaviors_motion/package.sh'
[3.763s] INFO:colcon.colcon_core.shell:Creating package script '/home/developer/aerostack2_ws/install/as2_behaviors_motion/share/as2_behaviors_motion/package.bash'
[3.763s] INFO:colcon.colcon_core.shell:Creating package script '/home/developer/aerostack2_ws/install/as2_behaviors_motion/share/as2_behaviors_motion/package.zsh'
[3.763s] Level 1:colcon.colcon_core.environment:create_file_with_runtime_dependencies(/home/developer/aerostack2_ws/install/as2_behaviors_motion/share/colcon-core/packages/as2_behaviors_motion)
[3.764s] INFO:colcon.colcon_ros.task.ament_cmake.build:Building ROS package in '/home/developer/aerostack2_ws/src/aerostack2-tcc_lucca/as2_behaviors/as2_behaviors_path_planning' with build type 'ament_cmake'
[3.764s] INFO:colcon.colcon_cmake.task.cmake.build:Building CMake package in '/home/developer/aerostack2_ws/src/aerostack2-tcc_lucca/as2_behaviors/as2_behaviors_path_planning'
[3.764s] INFO:colcon.colcon_core.shell:Skip shell extension 'powershell' for command environment: Not usable outside of PowerShell
[3.764s] DEBUG:colcon.colcon_core.shell:Skip shell extension 'dsv' for command environment
[3.774s] DEBUG:colcon.colcon_core.event_handler.log_command:Invoking command in '/home/developer/aerostack2_ws/build/as2_behaviors_path_planning': AMENT_PREFIX_PATH=/home/developer/aerostack2_ws/install/as2_behavior:/home/developer/aerostack2_ws/install/as2_core:/home/developer/aerostack2_ws/install/as2_msgs:${AMENT_PREFIX_PATH} CMAKE_PREFIX_PATH=/home/developer/aerostack2_ws/install/as2_behavior:/home/developer/aerostack2_ws/install/as2_core:/home/developer/aerostack2_ws/install/as2_msgs:/opt/ros/humble LD_LIBRARY_PATH=/home/developer/aerostack2_ws/install/as2_behavior/lib:/home/developer/aerostack2_ws/install/as2_core/lib:/home/developer/aerostack2_ws/install/as2_msgs/lib:${LD_LIBRARY_PATH} PYTHONPATH=/home/developer/aerostack2_ws/install/as2_core/local/lib/python3.10/dist-packages:/home/developer/aerostack2_ws/install/as2_msgs/local/lib/python3.10/dist-packages:${PYTHONPATH} /usr/bin/cmake --build /home/developer/aerostack2_ws/build/as2_behaviors_path_planning -- -j20 -l20
[3.854s] DEBUG:colcon.colcon_core.event_handler.log_command:Invoked command in '/home/developer/aerostack2_ws/build/as2_behaviors_path_planning' returned '0': AMENT_PREFIX_PATH=/home/developer/aerostack2_ws/install/as2_behavior:/home/developer/aerostack2_ws/install/as2_core:/home/developer/aerostack2_ws/install/as2_msgs:${AMENT_PREFIX_PATH} CMAKE_PREFIX_PATH=/home/developer/aerostack2_ws/install/as2_behavior:/home/developer/aerostack2_ws/install/as2_core:/home/developer/aerostack2_ws/install/as2_msgs:/opt/ros/humble LD_LIBRARY_PATH=/home/developer/aerostack2_ws/install/as2_behavior/lib:/home/developer/aerostack2_ws/install/as2_core/lib:/home/developer/aerostack2_ws/install/as2_msgs/lib:${LD_LIBRARY_PATH} PYTHONPATH=/home/developer/aerostack2_ws/install/as2_core/local/lib/python3.10/dist-packages:/home/developer/aerostack2_ws/install/as2_msgs/local/lib/python3.10/dist-packages:${PYTHONPATH} /usr/bin/cmake --build /home/developer/aerostack2_ws/build/as2_behaviors_path_planning -- -j20 -l20
[3.855s] DEBUG:colcon.colcon_core.event_handler.log_command:Invoking command in '/home/developer/aerostack2_ws/build/as2_behaviors_path_planning': AMENT_PREFIX_PATH=/home/developer/aerostack2_ws/install/as2_behavior:/home/developer/aerostack2_ws/install/as2_core:/home/developer/aerostack2_ws/install/as2_msgs:${AMENT_PREFIX_PATH} CMAKE_PREFIX_PATH=/home/developer/aerostack2_ws/install/as2_behavior:/home/developer/aerostack2_ws/install/as2_core:/home/developer/aerostack2_ws/install/as2_msgs:/opt/ros/humble LD_LIBRARY_PATH=/home/developer/aerostack2_ws/install/as2_behavior/lib:/home/developer/aerostack2_ws/install/as2_core/lib:/home/developer/aerostack2_ws/install/as2_msgs/lib:${LD_LIBRARY_PATH} PYTHONPATH=/home/developer/aerostack2_ws/install/as2_core/local/lib/python3.10/dist-packages:/home/developer/aerostack2_ws/install/as2_msgs/local/lib/python3.10/dist-packages:${PYTHONPATH} /usr/bin/cmake --install /home/developer/aerostack2_ws/build/as2_behaviors_path_planning
[3.875s] Level 1:colcon.colcon_core.environment:create_environment_scripts_only(as2_behaviors_path_planning)
[3.875s] Level 1:colcon.colcon_core.environment:checking '/home/developer/aerostack2_ws/install/as2_behaviors_path_planning' for CMake module files
[3.875s] DEBUG:colcon.colcon_core.event_handler.log_command:Invoked command in '/home/developer/aerostack2_ws/build/as2_behaviors_path_planning' returned '0': AMENT_PREFIX_PATH=/home/developer/aerostack2_ws/install/as2_behavior:/home/developer/aerostack2_ws/install/as2_core:/home/developer/aerostack2_ws/install/as2_msgs:${AMENT_PREFIX_PATH} CMAKE_PREFIX_PATH=/home/developer/aerostack2_ws/install/as2_behavior:/home/developer/aerostack2_ws/install/as2_core:/home/developer/aerostack2_ws/install/as2_msgs:/opt/ros/humble LD_LIBRARY_PATH=/home/developer/aerostack2_ws/install/as2_behavior/lib:/home/developer/aerostack2_ws/install/as2_core/lib:/home/developer/aerostack2_ws/install/as2_msgs/lib:${LD_LIBRARY_PATH} PYTHONPATH=/home/developer/aerostack2_ws/install/as2_core/local/lib/python3.10/dist-packages:/home/developer/aerostack2_ws/install/as2_msgs/local/lib/python3.10/dist-packages:${PYTHONPATH} /usr/bin/cmake --install /home/developer/aerostack2_ws/build/as2_behaviors_path_planning
[3.875s] Level 1:colcon.colcon_core.environment:checking '/home/developer/aerostack2_ws/install/as2_behaviors_path_planning' for CMake config files
[3.876s] Level 1:colcon.colcon_core.shell:create_environment_hook('as2_behaviors_path_planning', 'cmake_prefix_path')
[3.876s] INFO:colcon.colcon_core.shell:Creating environment hook '/home/developer/aerostack2_ws/install/as2_behaviors_path_planning/share/as2_behaviors_path_planning/hook/cmake_prefix_path.ps1'
[3.876s] INFO:colcon.colcon_core.shell:Creating environment descriptor '/home/developer/aerostack2_ws/install/as2_behaviors_path_planning/share/as2_behaviors_path_planning/hook/cmake_prefix_path.dsv'
[3.876s] INFO:colcon.colcon_core.shell:Creating environment hook '/home/developer/aerostack2_ws/install/as2_behaviors_path_planning/share/as2_behaviors_path_planning/hook/cmake_prefix_path.sh'
[3.877s] Level 1:colcon.colcon_core.environment:checking '/home/developer/aerostack2_ws/install/as2_behaviors_path_planning/lib'
[3.877s] Level 1:colcon.colcon_core.shell:create_environment_hook('as2_behaviors_path_planning', 'ld_library_path_lib')
[3.877s] INFO:colcon.colcon_core.shell:Creating environment hook '/home/developer/aerostack2_ws/install/as2_behaviors_path_planning/share/as2_behaviors_path_planning/hook/ld_library_path_lib.ps1'
[3.877s] INFO:colcon.colcon_core.shell:Creating environment descriptor '/home/developer/aerostack2_ws/install/as2_behaviors_path_planning/share/as2_behaviors_path_planning/hook/ld_library_path_lib.dsv'
[3.877s] INFO:colcon.colcon_core.shell:Creating environment hook '/home/developer/aerostack2_ws/install/as2_behaviors_path_planning/share/as2_behaviors_path_planning/hook/ld_library_path_lib.sh'
[3.877s] Level 1:colcon.colcon_core.environment:checking '/home/developer/aerostack2_ws/install/as2_behaviors_path_planning/bin'
[3.877s] Level 1:colcon.colcon_core.environment:checking '/home/developer/aerostack2_ws/install/as2_behaviors_path_planning/lib/pkgconfig/as2_behaviors_path_planning.pc'
[3.877s] Level 1:colcon.colcon_core.environment:checking '/home/developer/aerostack2_ws/install/as2_behaviors_path_planning/lib/python3.10/site-packages'
[3.877s] Level 1:colcon.colcon_core.environment:checking '/home/developer/aerostack2_ws/install/as2_behaviors_path_planning/bin'
[3.878s] INFO:colcon.colcon_core.shell:Creating package script '/home/developer/aerostack2_ws/install/as2_behaviors_path_planning/share/as2_behaviors_path_planning/package.ps1'
[3.878s] INFO:colcon.colcon_core.shell:Creating package descriptor '/home/developer/aerostack2_ws/install/as2_behaviors_path_planning/share/as2_behaviors_path_planning/package.dsv'
[3.878s] INFO:colcon.colcon_core.shell:Creating package script '/home/developer/aerostack2_ws/install/as2_behaviors_path_planning/share/as2_behaviors_path_planning/package.sh'
[3.878s] INFO:colcon.colcon_core.shell:Creating package script '/home/developer/aerostack2_ws/install/as2_behaviors_path_planning/share/as2_behaviors_path_planning/package.bash'
[3.879s] INFO:colcon.colcon_core.shell:Creating package script '/home/developer/aerostack2_ws/install/as2_behaviors_path_planning/share/as2_behaviors_path_planning/package.zsh'
[3.879s] Level 1:colcon.colcon_core.environment:create_file_with_runtime_dependencies(/home/developer/aerostack2_ws/install/as2_behaviors_path_planning/share/colcon-core/packages/as2_behaviors_path_planning)
[3.879s] Level 1:colcon.colcon_core.environment:create_environment_scripts_only(as2_behaviors_path_planning)
[3.879s] Level 1:colcon.colcon_core.environment:checking '/home/developer/aerostack2_ws/install/as2_behaviors_path_planning' for CMake module files
[3.879s] Level 1:colcon.colcon_core.environment:checking '/home/developer/aerostack2_ws/install/as2_behaviors_path_planning' for CMake config files
[3.880s] Level 1:colcon.colcon_core.shell:create_environment_hook('as2_behaviors_path_planning', 'cmake_prefix_path')
[3.880s] INFO:colcon.colcon_core.shell:Creating environment hook '/home/developer/aerostack2_ws/install/as2_behaviors_path_planning/share/as2_behaviors_path_planning/hook/cmake_prefix_path.ps1'
[3.880s] INFO:colcon.colcon_core.shell:Creating environment descriptor '/home/developer/aerostack2_ws/install/as2_behaviors_path_planning/share/as2_behaviors_path_planning/hook/cmake_prefix_path.dsv'
[3.880s] INFO:colcon.colcon_core.shell:Creating environment hook '/home/developer/aerostack2_ws/install/as2_behaviors_path_planning/share/as2_behaviors_path_planning/hook/cmake_prefix_path.sh'
[3.880s] Level 1:colcon.colcon_core.environment:checking '/home/developer/aerostack2_ws/install/as2_behaviors_path_planning/lib'
[3.880s] Level 1:colcon.colcon_core.shell:create_environment_hook('as2_behaviors_path_planning', 'ld_library_path_lib')
[3.881s] INFO:colcon.colcon_core.shell:Creating environment hook '/home/developer/aerostack2_ws/install/as2_behaviors_path_planning/share/as2_behaviors_path_planning/hook/ld_library_path_lib.ps1'
[3.881s] INFO:colcon.colcon_core.shell:Creating environment descriptor '/home/developer/aerostack2_ws/install/as2_behaviors_path_planning/share/as2_behaviors_path_planning/hook/ld_library_path_lib.dsv'
[3.881s] INFO:colcon.colcon_core.shell:Creating environment hook '/home/developer/aerostack2_ws/install/as2_behaviors_path_planning/share/as2_behaviors_path_planning/hook/ld_library_path_lib.sh'
[3.881s] Level 1:colcon.colcon_core.environment:checking '/home/developer/aerostack2_ws/install/as2_behaviors_path_planning/bin'
[3.881s] Level 1:colcon.colcon_core.environment:checking '/home/developer/aerostack2_ws/install/as2_behaviors_path_planning/lib/pkgconfig/as2_behaviors_path_planning.pc'
[3.881s] Level 1:colcon.colcon_core.environment:checking '/home/developer/aerostack2_ws/install/as2_behaviors_path_planning/lib/python3.10/site-packages'
[3.881s] Level 1:colcon.colcon_core.environment:checking '/home/developer/aerostack2_ws/install/as2_behaviors_path_planning/bin'
[3.882s] INFO:colcon.colcon_core.shell:Creating package script '/home/developer/aerostack2_ws/install/as2_behaviors_path_planning/share/as2_behaviors_path_planning/package.ps1'
[3.882s] INFO:colcon.colcon_core.shell:Creating package descriptor '/home/developer/aerostack2_ws/install/as2_behaviors_path_planning/share/as2_behaviors_path_planning/package.dsv'
[3.882s] INFO:colcon.colcon_core.shell:Creating package script '/home/developer/aerostack2_ws/install/as2_behaviors_path_planning/share/as2_behaviors_path_planning/package.sh'
[3.882s] INFO:colcon.colcon_core.shell:Creating package script '/home/developer/aerostack2_ws/install/as2_behaviors_path_planning/share/as2_behaviors_path_planning/package.bash'
[3.883s] INFO:colcon.colcon_core.shell:Creating package script '/home/developer/aerostack2_ws/install/as2_behaviors_path_planning/share/as2_behaviors_path_planning/package.zsh'
[3.883s] Level 1:colcon.colcon_core.environment:create_file_with_runtime_dependencies(/home/developer/aerostack2_ws/install/as2_behaviors_path_planning/share/colcon-core/packages/as2_behaviors_path_planning)
[3.883s] INFO:colcon.colcon_ros.task.ament_cmake.build:Building ROS package in '/home/developer/aerostack2_ws/src/aerostack2-tcc_lucca/as2_behaviors/as2_behaviors_perception' with build type 'ament_cmake'
[3.883s] INFO:colcon.colcon_cmake.task.cmake.build:Building CMake package in '/home/developer/aerostack2_ws/src/aerostack2-tcc_lucca/as2_behaviors/as2_behaviors_perception'
[3.883s] INFO:colcon.colcon_core.shell:Skip shell extension 'powershell' for command environment: Not usable outside of PowerShell
[3.883s] DEBUG:colcon.colcon_core.shell:Skip shell extension 'dsv' for command environment
[3.894s] DEBUG:colcon.colcon_core.event_handler.log_command:Invoking command in '/home/developer/aerostack2_ws/build/as2_behaviors_perception': AMENT_PREFIX_PATH=/home/developer/aerostack2_ws/install/as2_behavior:/home/developer/aerostack2_ws/install/as2_core:/home/developer/aerostack2_ws/install/as2_msgs:${AMENT_PREFIX_PATH} CMAKE_PREFIX_PATH=/home/developer/aerostack2_ws/install/as2_behavior:/home/developer/aerostack2_ws/install/as2_core:/home/developer/aerostack2_ws/install/as2_msgs:/opt/ros/humble LD_LIBRARY_PATH=/home/developer/aerostack2_ws/install/as2_behavior/lib:/home/developer/aerostack2_ws/install/as2_core/lib:/home/developer/aerostack2_ws/install/as2_msgs/lib:${LD_LIBRARY_PATH} PYTHONPATH=/home/developer/aerostack2_ws/install/as2_core/local/lib/python3.10/dist-packages:/home/developer/aerostack2_ws/install/as2_msgs/local/lib/python3.10/dist-packages:${PYTHONPATH} /usr/bin/cmake --build /home/developer/aerostack2_ws/build/as2_behaviors_perception -- -j20 -l20
[17.908s] DEBUG:colcon.colcon_core.event_handler.log_command:Invoked command in '/home/developer/aerostack2_ws/build/as2_behaviors_perception' returned '0': AMENT_PREFIX_PATH=/home/developer/aerostack2_ws/install/as2_behavior:/home/developer/aerostack2_ws/install/as2_core:/home/developer/aerostack2_ws/install/as2_msgs:${AMENT_PREFIX_PATH} CMAKE_PREFIX_PATH=/home/developer/aerostack2_ws/install/as2_behavior:/home/developer/aerostack2_ws/install/as2_core:/home/developer/aerostack2_ws/install/as2_msgs:/opt/ros/humble LD_LIBRARY_PATH=/home/developer/aerostack2_ws/install/as2_behavior/lib:/home/developer/aerostack2_ws/install/as2_core/lib:/home/developer/aerostack2_ws/install/as2_msgs/lib:${LD_LIBRARY_PATH} PYTHONPATH=/home/developer/aerostack2_ws/install/as2_core/local/lib/python3.10/dist-packages:/home/developer/aerostack2_ws/install/as2_msgs/local/lib/python3.10/dist-packages:${PYTHONPATH} /usr/bin/cmake --build /home/developer/aerostack2_ws/build/as2_behaviors_perception -- -j20 -l20
[17.908s] DEBUG:colcon.colcon_core.event_handler.log_command:Invoking command in '/home/developer/aerostack2_ws/build/as2_behaviors_perception': AMENT_PREFIX_PATH=/home/developer/aerostack2_ws/install/as2_behavior:/home/developer/aerostack2_ws/install/as2_core:/home/developer/aerostack2_ws/install/as2_msgs:${AMENT_PREFIX_PATH} CMAKE_PREFIX_PATH=/home/developer/aerostack2_ws/install/as2_behavior:/home/developer/aerostack2_ws/install/as2_core:/home/developer/aerostack2_ws/install/as2_msgs:/opt/ros/humble LD_LIBRARY_PATH=/home/developer/aerostack2_ws/install/as2_behavior/lib:/home/developer/aerostack2_ws/install/as2_core/lib:/home/developer/aerostack2_ws/install/as2_msgs/lib:${LD_LIBRARY_PATH} PYTHONPATH=/home/developer/aerostack2_ws/install/as2_core/local/lib/python3.10/dist-packages:/home/developer/aerostack2_ws/install/as2_msgs/local/lib/python3.10/dist-packages:${PYTHONPATH} /usr/bin/cmake --install /home/developer/aerostack2_ws/build/as2_behaviors_perception
[18.112s] Level 1:colcon.colcon_core.environment:create_environment_scripts_only(as2_behaviors_perception)
[18.113s] Level 1:colcon.colcon_core.environment:checking '/home/developer/aerostack2_ws/install/as2_behaviors_perception' for CMake module files
[18.113s] DEBUG:colcon.colcon_core.event_handler.log_command:Invoked command in '/home/developer/aerostack2_ws/build/as2_behaviors_perception' returned '0': AMENT_PREFIX_PATH=/home/developer/aerostack2_ws/install/as2_behavior:/home/developer/aerostack2_ws/install/as2_core:/home/developer/aerostack2_ws/install/as2_msgs:${AMENT_PREFIX_PATH} CMAKE_PREFIX_PATH=/home/developer/aerostack2_ws/install/as2_behavior:/home/developer/aerostack2_ws/install/as2_core:/home/developer/aerostack2_ws/install/as2_msgs:/opt/ros/humble LD_LIBRARY_PATH=/home/developer/aerostack2_ws/install/as2_behavior/lib:/home/developer/aerostack2_ws/install/as2_core/lib:/home/developer/aerostack2_ws/install/as2_msgs/lib:${LD_LIBRARY_PATH} PYTHONPATH=/home/developer/aerostack2_ws/install/as2_core/local/lib/python3.10/dist-packages:/home/developer/aerostack2_ws/install/as2_msgs/local/lib/python3.10/dist-packages:${PYTHONPATH} /usr/bin/cmake --install /home/developer/aerostack2_ws/build/as2_behaviors_perception
[18.113s] Level 1:colcon.colcon_core.environment:checking '/home/developer/aerostack2_ws/install/as2_behaviors_perception' for CMake config files
[18.113s] Level 1:colcon.colcon_core.shell:create_environment_hook('as2_behaviors_perception', 'cmake_prefix_path')
[18.113s] INFO:colcon.colcon_core.shell:Creating environment hook '/home/developer/aerostack2_ws/install/as2_behaviors_perception/share/as2_behaviors_perception/hook/cmake_prefix_path.ps1'
[18.114s] INFO:colcon.colcon_core.shell:Creating environment descriptor '/home/developer/aerostack2_ws/install/as2_behaviors_perception/share/as2_behaviors_perception/hook/cmake_prefix_path.dsv'
[18.114s] INFO:colcon.colcon_core.shell:Creating environment hook '/home/developer/aerostack2_ws/install/as2_behaviors_perception/share/as2_behaviors_perception/hook/cmake_prefix_path.sh'
[18.114s] Level 1:colcon.colcon_core.environment:checking '/home/developer/aerostack2_ws/install/as2_behaviors_perception/lib'
[18.114s] Level 1:colcon.colcon_core.shell:create_environment_hook('as2_behaviors_perception', 'ld_library_path_lib')
[18.114s] INFO:colcon.colcon_core.shell:Creating environment hook '/home/developer/aerostack2_ws/install/as2_behaviors_perception/share/as2_behaviors_perception/hook/ld_library_path_lib.ps1'
[18.115s] INFO:colcon.colcon_core.shell:Creating environment descriptor '/home/developer/aerostack2_ws/install/as2_behaviors_perception/share/as2_behaviors_perception/hook/ld_library_path_lib.dsv'
[18.115s] INFO:colcon.colcon_core.shell:Creating environment hook '/home/developer/aerostack2_ws/install/as2_behaviors_perception/share/as2_behaviors_perception/hook/ld_library_path_lib.sh'
[18.115s] Level 1:colcon.colcon_core.environment:checking '/home/developer/aerostack2_ws/install/as2_behaviors_perception/bin'
[18.115s] Level 1:colcon.colcon_core.environment:checking '/home/developer/aerostack2_ws/install/as2_behaviors_perception/lib/pkgconfig/as2_behaviors_perception.pc'
[18.115s] Level 1:colcon.colcon_core.environment:checking '/home/developer/aerostack2_ws/install/as2_behaviors_perception/lib/python3.10/site-packages'
[18.115s] Level 1:colcon.colcon_core.environment:checking '/home/developer/aerostack2_ws/install/as2_behaviors_perception/bin'
[18.115s] INFO:colcon.colcon_core.shell:Creating package script '/home/developer/aerostack2_ws/install/as2_behaviors_perception/share/as2_behaviors_perception/package.ps1'
[18.116s] INFO:colcon.colcon_core.shell:Creating package descriptor '/home/developer/aerostack2_ws/install/as2_behaviors_perception/share/as2_behaviors_perception/package.dsv'
[18.116s] INFO:colcon.colcon_core.shell:Creating package script '/home/developer/aerostack2_ws/install/as2_behaviors_perception/share/as2_behaviors_perception/package.sh'
[18.116s] INFO:colcon.colcon_core.shell:Creating package script '/home/developer/aerostack2_ws/install/as2_behaviors_perception/share/as2_behaviors_perception/package.bash'
[18.116s] INFO:colcon.colcon_core.shell:Creating package script '/home/developer/aerostack2_ws/install/as2_behaviors_perception/share/as2_behaviors_perception/package.zsh'
[18.116s] Level 1:colcon.colcon_core.environment:create_file_with_runtime_dependencies(/home/developer/aerostack2_ws/install/as2_behaviors_perception/share/colcon-core/packages/as2_behaviors_perception)
[18.117s] Level 1:colcon.colcon_core.environment:create_environment_scripts_only(as2_behaviors_perception)
[18.117s] Level 1:colcon.colcon_core.environment:checking '/home/developer/aerostack2_ws/install/as2_behaviors_perception' for CMake module files
[18.117s] Level 1:colcon.colcon_core.environment:checking '/home/developer/aerostack2_ws/install/as2_behaviors_perception' for CMake config files
[18.117s] Level 1:colcon.colcon_core.shell:create_environment_hook('as2_behaviors_perception', 'cmake_prefix_path')
[18.117s] INFO:colcon.colcon_core.shell:Creating environment hook '/home/developer/aerostack2_ws/install/as2_behaviors_perception/share/as2_behaviors_perception/hook/cmake_prefix_path.ps1'
[18.118s] INFO:colcon.colcon_core.shell:Creating environment descriptor '/home/developer/aerostack2_ws/install/as2_behaviors_perception/share/as2_behaviors_perception/hook/cmake_prefix_path.dsv'
[18.118s] INFO:colcon.colcon_core.shell:Creating environment hook '/home/developer/aerostack2_ws/install/as2_behaviors_perception/share/as2_behaviors_perception/hook/cmake_prefix_path.sh'
[18.118s] Level 1:colcon.colcon_core.environment:checking '/home/developer/aerostack2_ws/install/as2_behaviors_perception/lib'
[18.118s] Level 1:colcon.colcon_core.shell:create_environment_hook('as2_behaviors_perception', 'ld_library_path_lib')
[18.118s] INFO:colcon.colcon_core.shell:Creating environment hook '/home/developer/aerostack2_ws/install/as2_behaviors_perception/share/as2_behaviors_perception/hook/ld_library_path_lib.ps1'
[18.118s] INFO:colcon.colcon_core.shell:Creating environment descriptor '/home/developer/aerostack2_ws/install/as2_behaviors_perception/share/as2_behaviors_perception/hook/ld_library_path_lib.dsv'
[18.118s] INFO:colcon.colcon_core.shell:Creating environment hook '/home/developer/aerostack2_ws/install/as2_behaviors_perception/share/as2_behaviors_perception/hook/ld_library_path_lib.sh'
[18.119s] Level 1:colcon.colcon_core.environment:checking '/home/developer/aerostack2_ws/install/as2_behaviors_perception/bin'
[18.119s] Level 1:colcon.colcon_core.environment:checking '/home/developer/aerostack2_ws/install/as2_behaviors_perception/lib/pkgconfig/as2_behaviors_perception.pc'
[18.119s] Level 1:colcon.colcon_core.environment:checking '/home/developer/aerostack2_ws/install/as2_behaviors_perception/lib/python3.10/site-packages'
[18.119s] Level 1:colcon.colcon_core.environment:checking '/home/developer/aerostack2_ws/install/as2_behaviors_perception/bin'
[18.119s] INFO:colcon.colcon_core.shell:Creating package script '/home/developer/aerostack2_ws/install/as2_behaviors_perception/share/as2_behaviors_perception/package.ps1'
[18.123s] INFO:colcon.colcon_core.shell:Creating package descriptor '/home/developer/aerostack2_ws/install/as2_behaviors_perception/share/as2_behaviors_perception/package.dsv'
[18.124s] INFO:colcon.colcon_core.shell:Creating package script '/home/developer/aerostack2_ws/install/as2_behaviors_perception/share/as2_behaviors_perception/package.sh'
[18.124s] INFO:colcon.colcon_core.shell:Creating package script '/home/developer/aerostack2_ws/install/as2_behaviors_perception/share/as2_behaviors_perception/package.bash'
[18.124s] INFO:colcon.colcon_core.shell:Creating package script '/home/developer/aerostack2_ws/install/as2_behaviors_perception/share/as2_behaviors_perception/package.zsh'
[18.124s] Level 1:colcon.colcon_core.environment:create_file_with_runtime_dependencies(/home/developer/aerostack2_ws/install/as2_behaviors_perception/share/colcon-core/packages/as2_behaviors_perception)
[18.124s] INFO:colcon.colcon_ros.task.ament_cmake.build:Building ROS package in '/home/developer/aerostack2_ws/src/aerostack2-tcc_lucca/as2_behaviors/as2_behaviors_platform' with build type 'ament_cmake'
[18.125s] INFO:colcon.colcon_cmake.task.cmake.build:Building CMake package in '/home/developer/aerostack2_ws/src/aerostack2-tcc_lucca/as2_behaviors/as2_behaviors_platform'
[18.125s] INFO:colcon.colcon_core.shell:Skip shell extension 'powershell' for command environment: Not usable outside of PowerShell
[18.125s] DEBUG:colcon.colcon_core.shell:Skip shell extension 'dsv' for command environment
[18.134s] DEBUG:colcon.colcon_core.event_handler.log_command:Invoking command in '/home/developer/aerostack2_ws/build/as2_behaviors_platform': AMENT_PREFIX_PATH=/home/developer/aerostack2_ws/install/as2_behavior:/home/developer/aerostack2_ws/install/as2_core:/home/developer/aerostack2_ws/install/as2_msgs:${AMENT_PREFIX_PATH} CMAKE_PREFIX_PATH=/home/developer/aerostack2_ws/install/as2_behavior:/home/developer/aerostack2_ws/install/as2_core:/home/developer/aerostack2_ws/install/as2_msgs:/opt/ros/humble LD_LIBRARY_PATH=/home/developer/aerostack2_ws/install/as2_behavior/lib:/home/developer/aerostack2_ws/install/as2_core/lib:/home/developer/aerostack2_ws/install/as2_msgs/lib:${LD_LIBRARY_PATH} PYTHONPATH=/home/developer/aerostack2_ws/install/as2_core/local/lib/python3.10/dist-packages:/home/developer/aerostack2_ws/install/as2_msgs/local/lib/python3.10/dist-packages:${PYTHONPATH} /usr/bin/cmake /home/developer/aerostack2_ws/src/aerostack2-tcc_lucca/as2_behaviors/as2_behaviors_platform -DAMENT_CMAKE_SYMLINK_INSTALL=1 -DCMAKE_INSTALL_PREFIX=/home/developer/aerostack2_ws/install/as2_behaviors_platform
[19.109s] DEBUG:colcon.colcon_core.event_handler.log_command:Invoked command in '/home/developer/aerostack2_ws/build/as2_behaviors_platform' returned '0': AMENT_PREFIX_PATH=/home/developer/aerostack2_ws/install/as2_behavior:/home/developer/aerostack2_ws/install/as2_core:/home/developer/aerostack2_ws/install/as2_msgs:${AMENT_PREFIX_PATH} CMAKE_PREFIX_PATH=/home/developer/aerostack2_ws/install/as2_behavior:/home/developer/aerostack2_ws/install/as2_core:/home/developer/aerostack2_ws/install/as2_msgs:/opt/ros/humble LD_LIBRARY_PATH=/home/developer/aerostack2_ws/install/as2_behavior/lib:/home/developer/aerostack2_ws/install/as2_core/lib:/home/developer/aerostack2_ws/install/as2_msgs/lib:${LD_LIBRARY_PATH} PYTHONPATH=/home/developer/aerostack2_ws/install/as2_core/local/lib/python3.10/dist-packages:/home/developer/aerostack2_ws/install/as2_msgs/local/lib/python3.10/dist-packages:${PYTHONPATH} /usr/bin/cmake /home/developer/aerostack2_ws/src/aerostack2-tcc_lucca/as2_behaviors/as2_behaviors_platform -DAMENT_CMAKE_SYMLINK_INSTALL=1 -DCMAKE_INSTALL_PREFIX=/home/developer/aerostack2_ws/install/as2_behaviors_platform
[19.110s] DEBUG:colcon.colcon_core.event_handler.log_command:Invoking command in '/home/developer/aerostack2_ws/build/as2_behaviors_platform': AMENT_PREFIX_PATH=/home/developer/aerostack2_ws/install/as2_behavior:/home/developer/aerostack2_ws/install/as2_core:/home/developer/aerostack2_ws/install/as2_msgs:${AMENT_PREFIX_PATH} CMAKE_PREFIX_PATH=/home/developer/aerostack2_ws/install/as2_behavior:/home/developer/aerostack2_ws/install/as2_core:/home/developer/aerostack2_ws/install/as2_msgs:/opt/ros/humble LD_LIBRARY_PATH=/home/developer/aerostack2_ws/install/as2_behavior/lib:/home/developer/aerostack2_ws/install/as2_core/lib:/home/developer/aerostack2_ws/install/as2_msgs/lib:${LD_LIBRARY_PATH} PYTHONPATH=/home/developer/aerostack2_ws/install/as2_core/local/lib/python3.10/dist-packages:/home/developer/aerostack2_ws/install/as2_msgs/local/lib/python3.10/dist-packages:${PYTHONPATH} /usr/bin/cmake --build /home/developer/aerostack2_ws/build/as2_behaviors_platform -- -j20 -l20
[29.873s] DEBUG:colcon.colcon_core.event_handler.log_command:Invoked command in '/home/developer/aerostack2_ws/build/as2_behaviors_platform' returned '0': AMENT_PREFIX_PATH=/home/developer/aerostack2_ws/install/as2_behavior:/home/developer/aerostack2_ws/install/as2_core:/home/developer/aerostack2_ws/install/as2_msgs:${AMENT_PREFIX_PATH} CMAKE_PREFIX_PATH=/home/developer/aerostack2_ws/install/as2_behavior:/home/developer/aerostack2_ws/install/as2_core:/home/developer/aerostack2_ws/install/as2_msgs:/opt/ros/humble LD_LIBRARY_PATH=/home/developer/aerostack2_ws/install/as2_behavior/lib:/home/developer/aerostack2_ws/install/as2_core/lib:/home/developer/aerostack2_ws/install/as2_msgs/lib:${LD_LIBRARY_PATH} PYTHONPATH=/home/developer/aerostack2_ws/install/as2_core/local/lib/python3.10/dist-packages:/home/developer/aerostack2_ws/install/as2_msgs/local/lib/python3.10/dist-packages:${PYTHONPATH} /usr/bin/cmake --build /home/developer/aerostack2_ws/build/as2_behaviors_platform -- -j20 -l20
[29.874s] DEBUG:colcon.colcon_core.event_handler.log_command:Invoking command in '/home/developer/aerostack2_ws/build/as2_behaviors_platform': AMENT_PREFIX_PATH=/home/developer/aerostack2_ws/install/as2_behavior:/home/developer/aerostack2_ws/install/as2_core:/home/developer/aerostack2_ws/install/as2_msgs:${AMENT_PREFIX_PATH} CMAKE_PREFIX_PATH=/home/developer/aerostack2_ws/install/as2_behavior:/home/developer/aerostack2_ws/install/as2_core:/home/developer/aerostack2_ws/install/as2_msgs:/opt/ros/humble LD_LIBRARY_PATH=/home/developer/aerostack2_ws/install/as2_behavior/lib:/home/developer/aerostack2_ws/install/as2_core/lib:/home/developer/aerostack2_ws/install/as2_msgs/lib:${LD_LIBRARY_PATH} PYTHONPATH=/home/developer/aerostack2_ws/install/as2_core/local/lib/python3.10/dist-packages:/home/developer/aerostack2_ws/install/as2_msgs/local/lib/python3.10/dist-packages:${PYTHONPATH} /usr/bin/cmake --install /home/developer/aerostack2_ws/build/as2_behaviors_platform
[30.004s] Level 1:colcon.colcon_core.environment:create_environment_scripts_only(as2_behaviors_platform)
[30.005s] DEBUG:colcon.colcon_core.event_handler.log_command:Invoked command in '/home/developer/aerostack2_ws/build/as2_behaviors_platform' returned '0': AMENT_PREFIX_PATH=/home/developer/aerostack2_ws/install/as2_behavior:/home/developer/aerostack2_ws/install/as2_core:/home/developer/aerostack2_ws/install/as2_msgs:${AMENT_PREFIX_PATH} CMAKE_PREFIX_PATH=/home/developer/aerostack2_ws/install/as2_behavior:/home/developer/aerostack2_ws/install/as2_core:/home/developer/aerostack2_ws/install/as2_msgs:/opt/ros/humble LD_LIBRARY_PATH=/home/developer/aerostack2_ws/install/as2_behavior/lib:/home/developer/aerostack2_ws/install/as2_core/lib:/home/developer/aerostack2_ws/install/as2_msgs/lib:${LD_LIBRARY_PATH} PYTHONPATH=/home/developer/aerostack2_ws/install/as2_core/local/lib/python3.10/dist-packages:/home/developer/aerostack2_ws/install/as2_msgs/local/lib/python3.10/dist-packages:${PYTHONPATH} /usr/bin/cmake --install /home/developer/aerostack2_ws/build/as2_behaviors_platform
[30.005s] Level 1:colcon.colcon_core.environment:checking '/home/developer/aerostack2_ws/install/as2_behaviors_platform' for CMake module files
[30.006s] Level 1:colcon.colcon_core.environment:checking '/home/developer/aerostack2_ws/install/as2_behaviors_platform' for CMake config files
[30.006s] Level 1:colcon.colcon_core.shell:create_environment_hook('as2_behaviors_platform', 'cmake_prefix_path')
[30.006s] INFO:colcon.colcon_core.shell:Creating environment hook '/home/developer/aerostack2_ws/install/as2_behaviors_platform/share/as2_behaviors_platform/hook/cmake_prefix_path.ps1'
[30.006s] INFO:colcon.colcon_core.shell:Creating environment descriptor '/home/developer/aerostack2_ws/install/as2_behaviors_platform/share/as2_behaviors_platform/hook/cmake_prefix_path.dsv'
[30.007s] INFO:colcon.colcon_core.shell:Creating environment hook '/home/developer/aerostack2_ws/install/as2_behaviors_platform/share/as2_behaviors_platform/hook/cmake_prefix_path.sh'
[30.007s] Level 1:colcon.colcon_core.environment:checking '/home/developer/aerostack2_ws/install/as2_behaviors_platform/lib'
[30.007s] Level 1:colcon.colcon_core.environment:checking '/home/developer/aerostack2_ws/install/as2_behaviors_platform/bin'
[30.007s] Level 1:colcon.colcon_core.environment:checking '/home/developer/aerostack2_ws/install/as2_behaviors_platform/lib/pkgconfig/as2_behaviors_platform.pc'
[30.007s] Level 1:colcon.colcon_core.environment:checking '/home/developer/aerostack2_ws/install/as2_behaviors_platform/lib/python3.10/site-packages'
[30.008s] Level 1:colcon.colcon_core.environment:checking '/home/developer/aerostack2_ws/install/as2_behaviors_platform/bin'
[30.008s] INFO:colcon.colcon_core.shell:Creating package script '/home/developer/aerostack2_ws/install/as2_behaviors_platform/share/as2_behaviors_platform/package.ps1'
[30.008s] INFO:colcon.colcon_core.shell:Creating package descriptor '/home/developer/aerostack2_ws/install/as2_behaviors_platform/share/as2_behaviors_platform/package.dsv'
[30.008s] INFO:colcon.colcon_core.shell:Creating package script '/home/developer/aerostack2_ws/install/as2_behaviors_platform/share/as2_behaviors_platform/package.sh'
[30.008s] INFO:colcon.colcon_core.shell:Creating package script '/home/developer/aerostack2_ws/install/as2_behaviors_platform/share/as2_behaviors_platform/package.bash'
[30.009s] INFO:colcon.colcon_core.shell:Creating package script '/home/developer/aerostack2_ws/install/as2_behaviors_platform/share/as2_behaviors_platform/package.zsh'
[30.009s] Level 1:colcon.colcon_core.environment:create_file_with_runtime_dependencies(/home/developer/aerostack2_ws/install/as2_behaviors_platform/share/colcon-core/packages/as2_behaviors_platform)
[30.009s] Level 1:colcon.colcon_core.environment:create_environment_scripts_only(as2_behaviors_platform)
[30.009s] Level 1:colcon.colcon_core.environment:checking '/home/developer/aerostack2_ws/install/as2_behaviors_platform' for CMake module files
[30.009s] Level 1:colcon.colcon_core.environment:checking '/home/developer/aerostack2_ws/install/as2_behaviors_platform' for CMake config files
[30.009s] Level 1:colcon.colcon_core.shell:create_environment_hook('as2_behaviors_platform', 'cmake_prefix_path')
[30.010s] INFO:colcon.colcon_core.shell:Creating environment hook '/home/developer/aerostack2_ws/install/as2_behaviors_platform/share/as2_behaviors_platform/hook/cmake_prefix_path.ps1'
[30.010s] INFO:colcon.colcon_core.shell:Creating environment descriptor '/home/developer/aerostack2_ws/install/as2_behaviors_platform/share/as2_behaviors_platform/hook/cmake_prefix_path.dsv'
[30.010s] INFO:colcon.colcon_core.shell:Creating environment hook '/home/developer/aerostack2_ws/install/as2_behaviors_platform/share/as2_behaviors_platform/hook/cmake_prefix_path.sh'
[30.010s] Level 1:colcon.colcon_core.environment:checking '/home/developer/aerostack2_ws/install/as2_behaviors_platform/lib'
[30.010s] Level 1:colcon.colcon_core.environment:checking '/home/developer/aerostack2_ws/install/as2_behaviors_platform/bin'
[30.010s] Level 1:colcon.colcon_core.environment:checking '/home/developer/aerostack2_ws/install/as2_behaviors_platform/lib/pkgconfig/as2_behaviors_platform.pc'
[30.011s] Level 1:colcon.colcon_core.environment:checking '/home/developer/aerostack2_ws/install/as2_behaviors_platform/lib/python3.10/site-packages'
[30.011s] Level 1:colcon.colcon_core.environment:checking '/home/developer/aerostack2_ws/install/as2_behaviors_platform/bin'
[30.011s] INFO:colcon.colcon_core.shell:Creating package script '/home/developer/aerostack2_ws/install/as2_behaviors_platform/share/as2_behaviors_platform/package.ps1'
[30.011s] INFO:colcon.colcon_core.shell:Creating package descriptor '/home/developer/aerostack2_ws/install/as2_behaviors_platform/share/as2_behaviors_platform/package.dsv'
[30.011s] INFO:colcon.colcon_core.shell:Creating package script '/home/developer/aerostack2_ws/install/as2_behaviors_platform/share/as2_behaviors_platform/package.sh'
[30.011s] INFO:colcon.colcon_core.shell:Creating package script '/home/developer/aerostack2_ws/install/as2_behaviors_platform/share/as2_behaviors_platform/package.bash'
[30.012s] INFO:colcon.colcon_core.shell:Creating package script '/home/developer/aerostack2_ws/install/as2_behaviors_platform/share/as2_behaviors_platform/package.zsh'
[30.012s] Level 1:colcon.colcon_core.environment:create_file_with_runtime_dependencies(/home/developer/aerostack2_ws/install/as2_behaviors_platform/share/colcon-core/packages/as2_behaviors_platform)
[30.012s] INFO:colcon.colcon_ros.task.ament_cmake.build:Building ROS package in '/home/developer/aerostack2_ws/src/aerostack2-tcc_lucca/as2_behaviors/as2_behaviors_trajectory_generation' with build type 'ament_cmake'
[30.012s] INFO:colcon.colcon_cmake.task.cmake.build:Building CMake package in '/home/developer/aerostack2_ws/src/aerostack2-tcc_lucca/as2_behaviors/as2_behaviors_trajectory_generation'
[30.012s] INFO:colcon.colcon_core.shell:Skip shell extension 'powershell' for command environment: Not usable outside of PowerShell
[30.012s] DEBUG:colcon.colcon_core.shell:Skip shell extension 'dsv' for command environment
[30.024s] DEBUG:colcon.colcon_core.event_handler.log_command:Invoking command in '/home/developer/aerostack2_ws/build/as2_behaviors_trajectory_generation': AMENT_PREFIX_PATH=/home/developer/aerostack2_ws/install/as2_motion_reference_handlers:/home/developer/aerostack2_ws/install/as2_behavior:/home/developer/aerostack2_ws/install/as2_core:/home/developer/aerostack2_ws/install/as2_msgs:${AMENT_PREFIX_PATH} CMAKE_PREFIX_PATH=/home/developer/aerostack2_ws/install/as2_motion_reference_handlers:/home/developer/aerostack2_ws/install/as2_behavior:/home/developer/aerostack2_ws/install/as2_core:/home/developer/aerostack2_ws/install/as2_msgs:/opt/ros/humble LD_LIBRARY_PATH=/home/developer/aerostack2_ws/install/as2_motion_reference_handlers/lib:/home/developer/aerostack2_ws/install/as2_behavior/lib:/home/developer/aerostack2_ws/install/as2_core/lib:/home/developer/aerostack2_ws/install/as2_msgs/lib:${LD_LIBRARY_PATH} PYTHONPATH=/home/developer/aerostack2_ws/install/as2_motion_reference_handlers/local/lib/python3.10/dist-packages:/home/developer/aerostack2_ws/install/as2_core/local/lib/python3.10/dist-packages:/home/developer/aerostack2_ws/install/as2_msgs/local/lib/python3.10/dist-packages:${PYTHONPATH} /usr/bin/cmake /home/developer/aerostack2_ws/src/aerostack2-tcc_lucca/as2_behaviors/as2_behaviors_trajectory_generation -DAMENT_CMAKE_SYMLINK_INSTALL=1 -DCMAKE_INSTALL_PREFIX=/home/developer/aerostack2_ws/install/as2_behaviors_trajectory_generation
[42.399s] DEBUG:colcon.colcon_core.event_handler.log_command:Invoked command in '/home/developer/aerostack2_ws/build/as2_behaviors_trajectory_generation' returned '0': AMENT_PREFIX_PATH=/home/developer/aerostack2_ws/install/as2_motion_reference_handlers:/home/developer/aerostack2_ws/install/as2_behavior:/home/developer/aerostack2_ws/install/as2_core:/home/developer/aerostack2_ws/install/as2_msgs:${AMENT_PREFIX_PATH} CMAKE_PREFIX_PATH=/home/developer/aerostack2_ws/install/as2_motion_reference_handlers:/home/developer/aerostack2_ws/install/as2_behavior:/home/developer/aerostack2_ws/install/as2_core:/home/developer/aerostack2_ws/install/as2_msgs:/opt/ros/humble LD_LIBRARY_PATH=/home/developer/aerostack2_ws/install/as2_motion_reference_handlers/lib:/home/developer/aerostack2_ws/install/as2_behavior/lib:/home/developer/aerostack2_ws/install/as2_core/lib:/home/developer/aerostack2_ws/install/as2_msgs/lib:${LD_LIBRARY_PATH} PYTHONPATH=/home/developer/aerostack2_ws/install/as2_motion_reference_handlers/local/lib/python3.10/dist-packages:/home/developer/aerostack2_ws/install/as2_core/local/lib/python3.10/dist-packages:/home/developer/aerostack2_ws/install/as2_msgs/local/lib/python3.10/dist-packages:${PYTHONPATH} /usr/bin/cmake /home/developer/aerostack2_ws/src/aerostack2-tcc_lucca/as2_behaviors/as2_behaviors_trajectory_generation -DAMENT_CMAKE_SYMLINK_INSTALL=1 -DCMAKE_INSTALL_PREFIX=/home/developer/aerostack2_ws/install/as2_behaviors_trajectory_generation
[42.399s] DEBUG:colcon.colcon_core.event_handler.log_command:Invoking command in '/home/developer/aerostack2_ws/build/as2_behaviors_trajectory_generation': AMENT_PREFIX_PATH=/home/developer/aerostack2_ws/install/as2_motion_reference_handlers:/home/developer/aerostack2_ws/install/as2_behavior:/home/developer/aerostack2_ws/install/as2_core:/home/developer/aerostack2_ws/install/as2_msgs:${AMENT_PREFIX_PATH} CMAKE_PREFIX_PATH=/home/developer/aerostack2_ws/install/as2_motion_reference_handlers:/home/developer/aerostack2_ws/install/as2_behavior:/home/developer/aerostack2_ws/install/as2_core:/home/developer/aerostack2_ws/install/as2_msgs:/opt/ros/humble LD_LIBRARY_PATH=/home/developer/aerostack2_ws/install/as2_motion_reference_handlers/lib:/home/developer/aerostack2_ws/install/as2_behavior/lib:/home/developer/aerostack2_ws/install/as2_core/lib:/home/developer/aerostack2_ws/install/as2_msgs/lib:${LD_LIBRARY_PATH} PYTHONPATH=/home/developer/aerostack2_ws/install/as2_motion_reference_handlers/local/lib/python3.10/dist-packages:/home/developer/aerostack2_ws/install/as2_core/local/lib/python3.10/dist-packages:/home/developer/aerostack2_ws/install/as2_msgs/local/lib/python3.10/dist-packages:${PYTHONPATH} /usr/bin/cmake --build /home/developer/aerostack2_ws/build/as2_behaviors_trajectory_generation -- -j20 -l20
[80.582s] DEBUG:colcon.colcon_core.event_handler.log_command:Invoked command in '/home/developer/aerostack2_ws/build/as2_behaviors_trajectory_generation' returned '0': AMENT_PREFIX_PATH=/home/developer/aerostack2_ws/install/as2_motion_reference_handlers:/home/developer/aerostack2_ws/install/as2_behavior:/home/developer/aerostack2_ws/install/as2_core:/home/developer/aerostack2_ws/install/as2_msgs:${AMENT_PREFIX_PATH} CMAKE_PREFIX_PATH=/home/developer/aerostack2_ws/install/as2_motion_reference_handlers:/home/developer/aerostack2_ws/install/as2_behavior:/home/developer/aerostack2_ws/install/as2_core:/home/developer/aerostack2_ws/install/as2_msgs:/opt/ros/humble LD_LIBRARY_PATH=/home/developer/aerostack2_ws/install/as2_motion_reference_handlers/lib:/home/developer/aerostack2_ws/install/as2_behavior/lib:/home/developer/aerostack2_ws/install/as2_core/lib:/home/developer/aerostack2_ws/install/as2_msgs/lib:${LD_LIBRARY_PATH} PYTHONPATH=/home/developer/aerostack2_ws/install/as2_motion_reference_handlers/local/lib/python3.10/dist-packages:/home/developer/aerostack2_ws/install/as2_core/local/lib/python3.10/dist-packages:/home/developer/aerostack2_ws/install/as2_msgs/local/lib/python3.10/dist-packages:${PYTHONPATH} /usr/bin/cmake --build /home/developer/aerostack2_ws/build/as2_behaviors_trajectory_generation -- -j20 -l20
[80.583s] DEBUG:colcon.colcon_core.event_handler.log_command:Invoking command in '/home/developer/aerostack2_ws/build/as2_behaviors_trajectory_generation': AMENT_PREFIX_PATH=/home/developer/aerostack2_ws/install/as2_motion_reference_handlers:/home/developer/aerostack2_ws/install/as2_behavior:/home/developer/aerostack2_ws/install/as2_core:/home/developer/aerostack2_ws/install/as2_msgs:${AMENT_PREFIX_PATH} CMAKE_PREFIX_PATH=/home/developer/aerostack2_ws/install/as2_motion_reference_handlers:/home/developer/aerostack2_ws/install/as2_behavior:/home/developer/aerostack2_ws/install/as2_core:/home/developer/aerostack2_ws/install/as2_msgs:/opt/ros/humble LD_LIBRARY_PATH=/home/developer/aerostack2_ws/install/as2_motion_reference_handlers/lib:/home/developer/aerostack2_ws/install/as2_behavior/lib:/home/developer/aerostack2_ws/install/as2_core/lib:/home/developer/aerostack2_ws/install/as2_msgs/lib:${LD_LIBRARY_PATH} PYTHONPATH=/home/developer/aerostack2_ws/install/as2_motion_reference_handlers/local/lib/python3.10/dist-packages:/home/developer/aerostack2_ws/install/as2_core/local/lib/python3.10/dist-packages:/home/developer/aerostack2_ws/install/as2_msgs/local/lib/python3.10/dist-packages:${PYTHONPATH} /usr/bin/cmake --install /home/developer/aerostack2_ws/build/as2_behaviors_trajectory_generation
[80.797s] Level 1:colcon.colcon_core.environment:create_environment_scripts_only(as2_behaviors_trajectory_generation)
[80.797s] DEBUG:colcon.colcon_core.event_handler.log_command:Invoked command in '/home/developer/aerostack2_ws/build/as2_behaviors_trajectory_generation' returned '0': AMENT_PREFIX_PATH=/home/developer/aerostack2_ws/install/as2_motion_reference_handlers:/home/developer/aerostack2_ws/install/as2_behavior:/home/developer/aerostack2_ws/install/as2_core:/home/developer/aerostack2_ws/install/as2_msgs:${AMENT_PREFIX_PATH} CMAKE_PREFIX_PATH=/home/developer/aerostack2_ws/install/as2_motion_reference_handlers:/home/developer/aerostack2_ws/install/as2_behavior:/home/developer/aerostack2_ws/install/as2_core:/home/developer/aerostack2_ws/install/as2_msgs:/opt/ros/humble LD_LIBRARY_PATH=/home/developer/aerostack2_ws/install/as2_motion_reference_handlers/lib:/home/developer/aerostack2_ws/install/as2_behavior/lib:/home/developer/aerostack2_ws/install/as2_core/lib:/home/developer/aerostack2_ws/install/as2_msgs/lib:${LD_LIBRARY_PATH} PYTHONPATH=/home/developer/aerostack2_ws/install/as2_motion_reference_handlers/local/lib/python3.10/dist-packages:/home/developer/aerostack2_ws/install/as2_core/local/lib/python3.10/dist-packages:/home/developer/aerostack2_ws/install/as2_msgs/local/lib/python3.10/dist-packages:${PYTHONPATH} /usr/bin/cmake --install /home/developer/aerostack2_ws/build/as2_behaviors_trajectory_generation
[80.797s] Level 1:colcon.colcon_core.environment:checking '/home/developer/aerostack2_ws/install/as2_behaviors_trajectory_generation' for CMake module files
[80.798s] Level 1:colcon.colcon_core.environment:checking '/home/developer/aerostack2_ws/install/as2_behaviors_trajectory_generation' for CMake config files
[80.798s] Level 1:colcon.colcon_core.shell:create_environment_hook('as2_behaviors_trajectory_generation', 'cmake_prefix_path')
[80.798s] INFO:colcon.colcon_core.shell:Creating environment hook '/home/developer/aerostack2_ws/install/as2_behaviors_trajectory_generation/share/as2_behaviors_trajectory_generation/hook/cmake_prefix_path.ps1'
[80.798s] INFO:colcon.colcon_core.shell:Creating environment descriptor '/home/developer/aerostack2_ws/install/as2_behaviors_trajectory_generation/share/as2_behaviors_trajectory_generation/hook/cmake_prefix_path.dsv'
[80.798s] INFO:colcon.colcon_core.shell:Creating environment hook '/home/developer/aerostack2_ws/install/as2_behaviors_trajectory_generation/share/as2_behaviors_trajectory_generation/hook/cmake_prefix_path.sh'
[80.799s] Level 1:colcon.colcon_core.environment:checking '/home/developer/aerostack2_ws/install/as2_behaviors_trajectory_generation/lib'
[80.799s] Level 1:colcon.colcon_core.shell:create_environment_hook('as2_behaviors_trajectory_generation', 'ld_library_path_lib')
[80.799s] INFO:colcon.colcon_core.shell:Creating environment hook '/home/developer/aerostack2_ws/install/as2_behaviors_trajectory_generation/share/as2_behaviors_trajectory_generation/hook/ld_library_path_lib.ps1'
[80.799s] INFO:colcon.colcon_core.shell:Creating environment descriptor '/home/developer/aerostack2_ws/install/as2_behaviors_trajectory_generation/share/as2_behaviors_trajectory_generation/hook/ld_library_path_lib.dsv'
[80.799s] INFO:colcon.colcon_core.shell:Creating environment hook '/home/developer/aerostack2_ws/install/as2_behaviors_trajectory_generation/share/as2_behaviors_trajectory_generation/hook/ld_library_path_lib.sh'
[80.799s] Level 1:colcon.colcon_core.environment:checking '/home/developer/aerostack2_ws/install/as2_behaviors_trajectory_generation/bin'
[80.799s] Level 1:colcon.colcon_core.environment:checking '/home/developer/aerostack2_ws/install/as2_behaviors_trajectory_generation/lib/pkgconfig/as2_behaviors_trajectory_generation.pc'
[80.799s] Level 1:colcon.colcon_core.environment:checking '/home/developer/aerostack2_ws/install/as2_behaviors_trajectory_generation/lib/python3.10/site-packages'
[80.800s] Level 1:colcon.colcon_core.environment:checking '/home/developer/aerostack2_ws/install/as2_behaviors_trajectory_generation/bin'
[80.800s] INFO:colcon.colcon_core.shell:Creating package script '/home/developer/aerostack2_ws/install/as2_behaviors_trajectory_generation/share/as2_behaviors_trajectory_generation/package.ps1'
[80.800s] INFO:colcon.colcon_core.shell:Creating package descriptor '/home/developer/aerostack2_ws/install/as2_behaviors_trajectory_generation/share/as2_behaviors_trajectory_generation/package.dsv'
[80.800s] INFO:colcon.colcon_core.shell:Creating package script '/home/developer/aerostack2_ws/install/as2_behaviors_trajectory_generation/share/as2_behaviors_trajectory_generation/package.sh'
[80.800s] INFO:colcon.colcon_core.shell:Creating package script '/home/developer/aerostack2_ws/install/as2_behaviors_trajectory_generation/share/as2_behaviors_trajectory_generation/package.bash'
[80.801s] INFO:colcon.colcon_core.shell:Creating package script '/home/developer/aerostack2_ws/install/as2_behaviors_trajectory_generation/share/as2_behaviors_trajectory_generation/package.zsh'
[80.801s] Level 1:colcon.colcon_core.environment:create_file_with_runtime_dependencies(/home/developer/aerostack2_ws/install/as2_behaviors_trajectory_generation/share/colcon-core/packages/as2_behaviors_trajectory_generation)
[80.801s] Level 1:colcon.colcon_core.environment:create_environment_scripts_only(as2_behaviors_trajectory_generation)
[80.801s] Level 1:colcon.colcon_core.environment:checking '/home/developer/aerostack2_ws/install/as2_behaviors_trajectory_generation' for CMake module files
[80.802s] Level 1:colcon.colcon_core.environment:checking '/home/developer/aerostack2_ws/install/as2_behaviors_trajectory_generation' for CMake config files
[80.802s] Level 1:colcon.colcon_core.shell:create_environment_hook('as2_behaviors_trajectory_generation', 'cmake_prefix_path')
[80.802s] INFO:colcon.colcon_core.shell:Creating environment hook '/home/developer/aerostack2_ws/install/as2_behaviors_trajectory_generation/share/as2_behaviors_trajectory_generation/hook/cmake_prefix_path.ps1'
[80.802s] INFO:colcon.colcon_core.shell:Creating environment descriptor '/home/developer/aerostack2_ws/install/as2_behaviors_trajectory_generation/share/as2_behaviors_trajectory_generation/hook/cmake_prefix_path.dsv'
[80.802s] INFO:colcon.colcon_core.shell:Creating environment hook '/home/developer/aerostack2_ws/install/as2_behaviors_trajectory_generation/share/as2_behaviors_trajectory_generation/hook/cmake_prefix_path.sh'
[80.802s] Level 1:colcon.colcon_core.environment:checking '/home/developer/aerostack2_ws/install/as2_behaviors_trajectory_generation/lib'
[80.802s] Level 1:colcon.colcon_core.shell:create_environment_hook('as2_behaviors_trajectory_generation', 'ld_library_path_lib')
[80.803s] INFO:colcon.colcon_core.shell:Creating environment hook '/home/developer/aerostack2_ws/install/as2_behaviors_trajectory_generation/share/as2_behaviors_trajectory_generation/hook/ld_library_path_lib.ps1'
[80.803s] INFO:colcon.colcon_core.shell:Creating environment descriptor '/home/developer/aerostack2_ws/install/as2_behaviors_trajectory_generation/share/as2_behaviors_trajectory_generation/hook/ld_library_path_lib.dsv'
[80.803s] INFO:colcon.colcon_core.shell:Creating environment hook '/home/developer/aerostack2_ws/install/as2_behaviors_trajectory_generation/share/as2_behaviors_trajectory_generation/hook/ld_library_path_lib.sh'
[80.803s] Level 1:colcon.colcon_core.environment:checking '/home/developer/aerostack2_ws/install/as2_behaviors_trajectory_generation/bin'
[80.803s] Level 1:colcon.colcon_core.environment:checking '/home/developer/aerostack2_ws/install/as2_behaviors_trajectory_generation/lib/pkgconfig/as2_behaviors_trajectory_generation.pc'
[80.803s] Level 1:colcon.colcon_core.environment:checking '/home/developer/aerostack2_ws/install/as2_behaviors_trajectory_generation/lib/python3.10/site-packages'
[80.803s] Level 1:colcon.colcon_core.environment:checking '/home/developer/aerostack2_ws/install/as2_behaviors_trajectory_generation/bin'
[80.803s] INFO:colcon.colcon_core.shell:Creating package script '/home/developer/aerostack2_ws/install/as2_behaviors_trajectory_generation/share/as2_behaviors_trajectory_generation/package.ps1'
[80.804s] INFO:colcon.colcon_core.shell:Creating package descriptor '/home/developer/aerostack2_ws/install/as2_behaviors_trajectory_generation/share/as2_behaviors_trajectory_generation/package.dsv'
[80.804s] INFO:colcon.colcon_core.shell:Creating package script '/home/developer/aerostack2_ws/install/as2_behaviors_trajectory_generation/share/as2_behaviors_trajectory_generation/package.sh'
[80.804s] INFO:colcon.colcon_core.shell:Creating package script '/home/developer/aerostack2_ws/install/as2_behaviors_trajectory_generation/share/as2_behaviors_trajectory_generation/package.bash'
[80.804s] INFO:colcon.colcon_core.shell:Creating package script '/home/developer/aerostack2_ws/install/as2_behaviors_trajectory_generation/share/as2_behaviors_trajectory_generation/package.zsh'
[80.805s] Level 1:colcon.colcon_core.environment:create_file_with_runtime_dependencies(/home/developer/aerostack2_ws/install/as2_behaviors_trajectory_generation/share/colcon-core/packages/as2_behaviors_trajectory_generation)
[80.805s] INFO:colcon.colcon_ros.task.ament_cmake.build:Building ROS package in '/home/developer/aerostack2_ws/src/aerostack2-tcc_lucca/as2_motion_controller' with build type 'ament_cmake'
[80.805s] INFO:colcon.colcon_cmake.task.cmake.build:Building CMake package in '/home/developer/aerostack2_ws/src/aerostack2-tcc_lucca/as2_motion_controller'
[80.805s] INFO:colcon.colcon_core.shell:Skip shell extension 'powershell' for command environment: Not usable outside of PowerShell
[80.805s] DEBUG:colcon.colcon_core.shell:Skip shell extension 'dsv' for command environment
[80.815s] DEBUG:colcon.colcon_core.event_handler.log_command:Invoking command in '/home/developer/aerostack2_ws/build/as2_motion_controller': AMENT_PREFIX_PATH=/home/developer/aerostack2_ws/install/as2_motion_reference_handlers:/home/developer/aerostack2_ws/install/as2_core:/home/developer/aerostack2_ws/install/as2_msgs:${AMENT_PREFIX_PATH} CMAKE_PREFIX_PATH=/home/developer/aerostack2_ws/install/as2_motion_reference_handlers:/home/developer/aerostack2_ws/install/as2_core:/home/developer/aerostack2_ws/install/as2_msgs:/opt/ros/humble LD_LIBRARY_PATH=/home/developer/aerostack2_ws/install/as2_motion_reference_handlers/lib:/home/developer/aerostack2_ws/install/as2_core/lib:/home/developer/aerostack2_ws/install/as2_msgs/lib:${LD_LIBRARY_PATH} PYTHONPATH=/home/developer/aerostack2_ws/install/as2_motion_reference_handlers/local/lib/python3.10/dist-packages:/home/developer/aerostack2_ws/install/as2_core/local/lib/python3.10/dist-packages:/home/developer/aerostack2_ws/install/as2_msgs/local/lib/python3.10/dist-packages:${PYTHONPATH} /usr/bin/cmake /home/developer/aerostack2_ws/src/aerostack2-tcc_lucca/as2_motion_controller -DAMENT_CMAKE_SYMLINK_INSTALL=1 -DCMAKE_INSTALL_PREFIX=/home/developer/aerostack2_ws/install/as2_motion_controller
[83.741s] DEBUG:colcon.colcon_core.event_handler.log_command:Invoked command in '/home/developer/aerostack2_ws/build/as2_motion_controller' returned '0': AMENT_PREFIX_PATH=/home/developer/aerostack2_ws/install/as2_motion_reference_handlers:/home/developer/aerostack2_ws/install/as2_core:/home/developer/aerostack2_ws/install/as2_msgs:${AMENT_PREFIX_PATH} CMAKE_PREFIX_PATH=/home/developer/aerostack2_ws/install/as2_motion_reference_handlers:/home/developer/aerostack2_ws/install/as2_core:/home/developer/aerostack2_ws/install/as2_msgs:/opt/ros/humble LD_LIBRARY_PATH=/home/developer/aerostack2_ws/install/as2_motion_reference_handlers/lib:/home/developer/aerostack2_ws/install/as2_core/lib:/home/developer/aerostack2_ws/install/as2_msgs/lib:${LD_LIBRARY_PATH} PYTHONPATH=/home/developer/aerostack2_ws/install/as2_motion_reference_handlers/local/lib/python3.10/dist-packages:/home/developer/aerostack2_ws/install/as2_core/local/lib/python3.10/dist-packages:/home/developer/aerostack2_ws/install/as2_msgs/local/lib/python3.10/dist-packages:${PYTHONPATH} /usr/bin/cmake /home/developer/aerostack2_ws/src/aerostack2-tcc_lucca/as2_motion_controller -DAMENT_CMAKE_SYMLINK_INSTALL=1 -DCMAKE_INSTALL_PREFIX=/home/developer/aerostack2_ws/install/as2_motion_controller
[83.742s] DEBUG:colcon.colcon_core.event_handler.log_command:Invoking command in '/home/developer/aerostack2_ws/build/as2_motion_controller': AMENT_PREFIX_PATH=/home/developer/aerostack2_ws/install/as2_motion_reference_handlers:/home/developer/aerostack2_ws/install/as2_core:/home/developer/aerostack2_ws/install/as2_msgs:${AMENT_PREFIX_PATH} CMAKE_PREFIX_PATH=/home/developer/aerostack2_ws/install/as2_motion_reference_handlers:/home/developer/aerostack2_ws/install/as2_core:/home/developer/aerostack2_ws/install/as2_msgs:/opt/ros/humble LD_LIBRARY_PATH=/home/developer/aerostack2_ws/install/as2_motion_reference_handlers/lib:/home/developer/aerostack2_ws/install/as2_core/lib:/home/developer/aerostack2_ws/install/as2_msgs/lib:${LD_LIBRARY_PATH} PYTHONPATH=/home/developer/aerostack2_ws/install/as2_motion_reference_handlers/local/lib/python3.10/dist-packages:/home/developer/aerostack2_ws/install/as2_core/local/lib/python3.10/dist-packages:/home/developer/aerostack2_ws/install/as2_msgs/local/lib/python3.10/dist-packages:${PYTHONPATH} /usr/bin/cmake --build /home/developer/aerostack2_ws/build/as2_motion_controller -- -j20 -l20
[110.581s] DEBUG:colcon.colcon_core.event_handler.log_command:Invoked command in '/home/developer/aerostack2_ws/build/as2_motion_controller' returned '0': AMENT_PREFIX_PATH=/home/developer/aerostack2_ws/install/as2_motion_reference_handlers:/home/developer/aerostack2_ws/install/as2_core:/home/developer/aerostack2_ws/install/as2_msgs:${AMENT_PREFIX_PATH} CMAKE_PREFIX_PATH=/home/developer/aerostack2_ws/install/as2_motion_reference_handlers:/home/developer/aerostack2_ws/install/as2_core:/home/developer/aerostack2_ws/install/as2_msgs:/opt/ros/humble LD_LIBRARY_PATH=/home/developer/aerostack2_ws/install/as2_motion_reference_handlers/lib:/home/developer/aerostack2_ws/install/as2_core/lib:/home/developer/aerostack2_ws/install/as2_msgs/lib:${LD_LIBRARY_PATH} PYTHONPATH=/home/developer/aerostack2_ws/install/as2_motion_reference_handlers/local/lib/python3.10/dist-packages:/home/developer/aerostack2_ws/install/as2_core/local/lib/python3.10/dist-packages:/home/developer/aerostack2_ws/install/as2_msgs/local/lib/python3.10/dist-packages:${PYTHONPATH} /usr/bin/cmake --build /home/developer/aerostack2_ws/build/as2_motion_controller -- -j20 -l20
[110.583s] DEBUG:colcon.colcon_core.event_handler.log_command:Invoking command in '/home/developer/aerostack2_ws/build/as2_motion_controller': AMENT_PREFIX_PATH=/home/developer/aerostack2_ws/install/as2_motion_reference_handlers:/home/developer/aerostack2_ws/install/as2_core:/home/developer/aerostack2_ws/install/as2_msgs:${AMENT_PREFIX_PATH} CMAKE_PREFIX_PATH=/home/developer/aerostack2_ws/install/as2_motion_reference_handlers:/home/developer/aerostack2_ws/install/as2_core:/home/developer/aerostack2_ws/install/as2_msgs:/opt/ros/humble LD_LIBRARY_PATH=/home/developer/aerostack2_ws/install/as2_motion_reference_handlers/lib:/home/developer/aerostack2_ws/install/as2_core/lib:/home/developer/aerostack2_ws/install/as2_msgs/lib:${LD_LIBRARY_PATH} PYTHONPATH=/home/developer/aerostack2_ws/install/as2_motion_reference_handlers/local/lib/python3.10/dist-packages:/home/developer/aerostack2_ws/install/as2_core/local/lib/python3.10/dist-packages:/home/developer/aerostack2_ws/install/as2_msgs/local/lib/python3.10/dist-packages:${PYTHONPATH} /usr/bin/cmake --install /home/developer/aerostack2_ws/build/as2_motion_controller
[110.813s] Level 1:colcon.colcon_core.environment:create_environment_scripts_only(as2_motion_controller)
[110.814s] DEBUG:colcon.colcon_core.event_handler.log_command:Invoked command in '/home/developer/aerostack2_ws/build/as2_motion_controller' returned '0': AMENT_PREFIX_PATH=/home/developer/aerostack2_ws/install/as2_motion_reference_handlers:/home/developer/aerostack2_ws/install/as2_core:/home/developer/aerostack2_ws/install/as2_msgs:${AMENT_PREFIX_PATH} CMAKE_PREFIX_PATH=/home/developer/aerostack2_ws/install/as2_motion_reference_handlers:/home/developer/aerostack2_ws/install/as2_core:/home/developer/aerostack2_ws/install/as2_msgs:/opt/ros/humble LD_LIBRARY_PATH=/home/developer/aerostack2_ws/install/as2_motion_reference_handlers/lib:/home/developer/aerostack2_ws/install/as2_core/lib:/home/developer/aerostack2_ws/install/as2_msgs/lib:${LD_LIBRARY_PATH} PYTHONPATH=/home/developer/aerostack2_ws/install/as2_motion_reference_handlers/local/lib/python3.10/dist-packages:/home/developer/aerostack2_ws/install/as2_core/local/lib/python3.10/dist-packages:/home/developer/aerostack2_ws/install/as2_msgs/local/lib/python3.10/dist-packages:${PYTHONPATH} /usr/bin/cmake --install /home/developer/aerostack2_ws/build/as2_motion_controller
[110.814s] Level 1:colcon.colcon_core.environment:checking '/home/developer/aerostack2_ws/install/as2_motion_controller' for CMake module files
[110.814s] Level 1:colcon.colcon_core.environment:checking '/home/developer/aerostack2_ws/install/as2_motion_controller' for CMake config files
[110.815s] Level 1:colcon.colcon_core.shell:create_environment_hook('as2_motion_controller', 'cmake_prefix_path')
[110.815s] INFO:colcon.colcon_core.shell:Creating environment hook '/home/developer/aerostack2_ws/install/as2_motion_controller/share/as2_motion_controller/hook/cmake_prefix_path.ps1'
[110.815s] INFO:colcon.colcon_core.shell:Creating environment descriptor '/home/developer/aerostack2_ws/install/as2_motion_controller/share/as2_motion_controller/hook/cmake_prefix_path.dsv'
[110.815s] INFO:colcon.colcon_core.shell:Creating environment hook '/home/developer/aerostack2_ws/install/as2_motion_controller/share/as2_motion_controller/hook/cmake_prefix_path.sh'
[110.816s] Level 1:colcon.colcon_core.environment:checking '/home/developer/aerostack2_ws/install/as2_motion_controller/lib'
[110.816s] Level 1:colcon.colcon_core.shell:create_environment_hook('as2_motion_controller', 'ld_library_path_lib')
[110.816s] INFO:colcon.colcon_core.shell:Creating environment hook '/home/developer/aerostack2_ws/install/as2_motion_controller/share/as2_motion_controller/hook/ld_library_path_lib.ps1'
[110.816s] INFO:colcon.colcon_core.shell:Creating environment descriptor '/home/developer/aerostack2_ws/install/as2_motion_controller/share/as2_motion_controller/hook/ld_library_path_lib.dsv'
[110.816s] INFO:colcon.colcon_core.shell:Creating environment hook '/home/developer/aerostack2_ws/install/as2_motion_controller/share/as2_motion_controller/hook/ld_library_path_lib.sh'
[110.816s] Level 1:colcon.colcon_core.environment:checking '/home/developer/aerostack2_ws/install/as2_motion_controller/bin'
[110.816s] Level 1:colcon.colcon_core.environment:checking '/home/developer/aerostack2_ws/install/as2_motion_controller/lib/pkgconfig/as2_motion_controller.pc'
[110.816s] Level 1:colcon.colcon_core.environment:checking '/home/developer/aerostack2_ws/install/as2_motion_controller/lib/python3.10/site-packages'
[110.816s] Level 1:colcon.colcon_core.environment:checking '/home/developer/aerostack2_ws/install/as2_motion_controller/bin'
[110.817s] INFO:colcon.colcon_core.shell:Creating package script '/home/developer/aerostack2_ws/install/as2_motion_controller/share/as2_motion_controller/package.ps1'
[110.817s] INFO:colcon.colcon_core.shell:Creating package descriptor '/home/developer/aerostack2_ws/install/as2_motion_controller/share/as2_motion_controller/package.dsv'
[110.817s] INFO:colcon.colcon_core.shell:Creating package script '/home/developer/aerostack2_ws/install/as2_motion_controller/share/as2_motion_controller/package.sh'
[110.817s] INFO:colcon.colcon_core.shell:Creating package script '/home/developer/aerostack2_ws/install/as2_motion_controller/share/as2_motion_controller/package.bash'
[110.817s] INFO:colcon.colcon_core.shell:Creating package script '/home/developer/aerostack2_ws/install/as2_motion_controller/share/as2_motion_controller/package.zsh'
[110.818s] Level 1:colcon.colcon_core.environment:create_file_with_runtime_dependencies(/home/developer/aerostack2_ws/install/as2_motion_controller/share/colcon-core/packages/as2_motion_controller)
[110.818s] Level 1:colcon.colcon_core.environment:create_environment_scripts_only(as2_motion_controller)
[110.818s] Level 1:colcon.colcon_core.environment:checking '/home/developer/aerostack2_ws/install/as2_motion_controller' for CMake module files
[110.818s] Level 1:colcon.colcon_core.environment:checking '/home/developer/aerostack2_ws/install/as2_motion_controller' for CMake config files
[110.818s] Level 1:colcon.colcon_core.shell:create_environment_hook('as2_motion_controller', 'cmake_prefix_path')
[110.819s] INFO:colcon.colcon_core.shell:Creating environment hook '/home/developer/aerostack2_ws/install/as2_motion_controller/share/as2_motion_controller/hook/cmake_prefix_path.ps1'
[110.819s] INFO:colcon.colcon_core.shell:Creating environment descriptor '/home/developer/aerostack2_ws/install/as2_motion_controller/share/as2_motion_controller/hook/cmake_prefix_path.dsv'
[110.819s] INFO:colcon.colcon_core.shell:Creating environment hook '/home/developer/aerostack2_ws/install/as2_motion_controller/share/as2_motion_controller/hook/cmake_prefix_path.sh'
[110.819s] Level 1:colcon.colcon_core.environment:checking '/home/developer/aerostack2_ws/install/as2_motion_controller/lib'
[110.819s] Level 1:colcon.colcon_core.shell:create_environment_hook('as2_motion_controller', 'ld_library_path_lib')
[110.819s] INFO:colcon.colcon_core.shell:Creating environment hook '/home/developer/aerostack2_ws/install/as2_motion_controller/share/as2_motion_controller/hook/ld_library_path_lib.ps1'
[110.819s] INFO:colcon.colcon_core.shell:Creating environment descriptor '/home/developer/aerostack2_ws/install/as2_motion_controller/share/as2_motion_controller/hook/ld_library_path_lib.dsv'
[110.820s] INFO:colcon.colcon_core.shell:Creating environment hook '/home/developer/aerostack2_ws/install/as2_motion_controller/share/as2_motion_controller/hook/ld_library_path_lib.sh'
[110.820s] Level 1:colcon.colcon_core.environment:checking '/home/developer/aerostack2_ws/install/as2_motion_controller/bin'
[110.820s] Level 1:colcon.colcon_core.environment:checking '/home/developer/aerostack2_ws/install/as2_motion_controller/lib/pkgconfig/as2_motion_controller.pc'
[110.820s] Level 1:colcon.colcon_core.environment:checking '/home/developer/aerostack2_ws/install/as2_motion_controller/lib/python3.10/site-packages'
[110.820s] Level 1:colcon.colcon_core.environment:checking '/home/developer/aerostack2_ws/install/as2_motion_controller/bin'
[110.820s] INFO:colcon.colcon_core.shell:Creating package script '/home/developer/aerostack2_ws/install/as2_motion_controller/share/as2_motion_controller/package.ps1'
[110.821s] INFO:colcon.colcon_core.shell:Creating package descriptor '/home/developer/aerostack2_ws/install/as2_motion_controller/share/as2_motion_controller/package.dsv'
[110.821s] INFO:colcon.colcon_core.shell:Creating package script '/home/developer/aerostack2_ws/install/as2_motion_controller/share/as2_motion_controller/package.sh'
[110.821s] INFO:colcon.colcon_core.shell:Creating package script '/home/developer/aerostack2_ws/install/as2_motion_controller/share/as2_motion_controller/package.bash'
[110.821s] INFO:colcon.colcon_core.shell:Creating package script '/home/developer/aerostack2_ws/install/as2_motion_controller/share/as2_motion_controller/package.zsh'
[110.821s] Level 1:colcon.colcon_core.environment:create_file_with_runtime_dependencies(/home/developer/aerostack2_ws/install/as2_motion_controller/share/colcon-core/packages/as2_motion_controller)
[110.821s] INFO:colcon.colcon_ros.task.ament_cmake.build:Building ROS package in '/home/developer/aerostack2_ws/src/aerostack2-tcc_lucca/as2_aerial_platforms/as2_platform_gazebo' with build type 'ament_cmake'
[110.822s] INFO:colcon.colcon_cmake.task.cmake.build:Building CMake package in '/home/developer/aerostack2_ws/src/aerostack2-tcc_lucca/as2_aerial_platforms/as2_platform_gazebo'
[110.822s] INFO:colcon.colcon_core.shell:Skip shell extension 'powershell' for command environment: Not usable outside of PowerShell
[110.822s] DEBUG:colcon.colcon_core.shell:Skip shell extension 'dsv' for command environment
[110.832s] DEBUG:colcon.colcon_core.event_handler.log_command:Invoking command in '/home/developer/aerostack2_ws/build/as2_platform_gazebo': AMENT_PREFIX_PATH=/home/developer/aerostack2_ws/install/as2_gazebo_assets:/home/developer/aerostack2_ws/install/as2_core:/home/developer/aerostack2_ws/install/as2_msgs:${AMENT_PREFIX_PATH} CMAKE_PREFIX_PATH=/home/developer/aerostack2_ws/install/as2_gazebo_assets:/home/developer/aerostack2_ws/install/as2_core:/home/developer/aerostack2_ws/install/as2_msgs:/opt/ros/humble GZ_SIM_RESOURCE_PATH=/home/developer/aerostack2_ws/install/as2_gazebo_assets/share/as2_ign_gazebo_assets/worlds:/home/developer/aerostack2_ws/install/as2_gazebo_assets/share/as2_ign_gazebo_assets/models GZ_SIM_SYSTEM_PLUGIN_PATH=/home/developer/aerostack2_ws/install/as2_gazebo_assets/lib GZ_VERSION=@GZ_VERSION@ LD_LIBRARY_PATH=/home/developer/aerostack2_ws/install/as2_gazebo_assets/lib:/home/developer/aerostack2_ws/install/as2_core/lib:/home/developer/aerostack2_ws/install/as2_msgs/lib:${LD_LIBRARY_PATH} PYTHONPATH=/home/developer/aerostack2_ws/install/as2_gazebo_assets/local/lib/python3.10/dist-packages:/home/developer/aerostack2_ws/install/as2_core/local/lib/python3.10/dist-packages:/home/developer/aerostack2_ws/install/as2_msgs/local/lib/python3.10/dist-packages:${PYTHONPATH} /usr/bin/cmake /home/developer/aerostack2_ws/src/aerostack2-tcc_lucca/as2_aerial_platforms/as2_platform_gazebo -DAMENT_CMAKE_SYMLINK_INSTALL=1 -DCMAKE_INSTALL_PREFIX=/home/developer/aerostack2_ws/install/as2_platform_gazebo
[111.843s] DEBUG:colcon.colcon_core.event_handler.log_command:Invoked command in '/home/developer/aerostack2_ws/build/as2_platform_gazebo' returned '0': AMENT_PREFIX_PATH=/home/developer/aerostack2_ws/install/as2_gazebo_assets:/home/developer/aerostack2_ws/install/as2_core:/home/developer/aerostack2_ws/install/as2_msgs:${AMENT_PREFIX_PATH} CMAKE_PREFIX_PATH=/home/developer/aerostack2_ws/install/as2_gazebo_assets:/home/developer/aerostack2_ws/install/as2_core:/home/developer/aerostack2_ws/install/as2_msgs:/opt/ros/humble GZ_SIM_RESOURCE_PATH=/home/developer/aerostack2_ws/install/as2_gazebo_assets/share/as2_ign_gazebo_assets/worlds:/home/developer/aerostack2_ws/install/as2_gazebo_assets/share/as2_ign_gazebo_assets/models GZ_SIM_SYSTEM_PLUGIN_PATH=/home/developer/aerostack2_ws/install/as2_gazebo_assets/lib GZ_VERSION=@GZ_VERSION@ LD_LIBRARY_PATH=/home/developer/aerostack2_ws/install/as2_gazebo_assets/lib:/home/developer/aerostack2_ws/install/as2_core/lib:/home/developer/aerostack2_ws/install/as2_msgs/lib:${LD_LIBRARY_PATH} PYTHONPATH=/home/developer/aerostack2_ws/install/as2_gazebo_assets/local/lib/python3.10/dist-packages:/home/developer/aerostack2_ws/install/as2_core/local/lib/python3.10/dist-packages:/home/developer/aerostack2_ws/install/as2_msgs/local/lib/python3.10/dist-packages:${PYTHONPATH} /usr/bin/cmake /home/developer/aerostack2_ws/src/aerostack2-tcc_lucca/as2_aerial_platforms/as2_platform_gazebo -DAMENT_CMAKE_SYMLINK_INSTALL=1 -DCMAKE_INSTALL_PREFIX=/home/developer/aerostack2_ws/install/as2_platform_gazebo
[111.844s] DEBUG:colcon.colcon_core.event_handler.log_command:Invoking command in '/home/developer/aerostack2_ws/build/as2_platform_gazebo': AMENT_PREFIX_PATH=/home/developer/aerostack2_ws/install/as2_gazebo_assets:/home/developer/aerostack2_ws/install/as2_core:/home/developer/aerostack2_ws/install/as2_msgs:${AMENT_PREFIX_PATH} CMAKE_PREFIX_PATH=/home/developer/aerostack2_ws/install/as2_gazebo_assets:/home/developer/aerostack2_ws/install/as2_core:/home/developer/aerostack2_ws/install/as2_msgs:/opt/ros/humble GZ_SIM_RESOURCE_PATH=/home/developer/aerostack2_ws/install/as2_gazebo_assets/share/as2_ign_gazebo_assets/worlds:/home/developer/aerostack2_ws/install/as2_gazebo_assets/share/as2_ign_gazebo_assets/models GZ_SIM_SYSTEM_PLUGIN_PATH=/home/developer/aerostack2_ws/install/as2_gazebo_assets/lib GZ_VERSION=@GZ_VERSION@ LD_LIBRARY_PATH=/home/developer/aerostack2_ws/install/as2_gazebo_assets/lib:/home/developer/aerostack2_ws/install/as2_core/lib:/home/developer/aerostack2_ws/install/as2_msgs/lib:${LD_LIBRARY_PATH} PYTHONPATH=/home/developer/aerostack2_ws/install/as2_gazebo_assets/local/lib/python3.10/dist-packages:/home/developer/aerostack2_ws/install/as2_core/local/lib/python3.10/dist-packages:/home/developer/aerostack2_ws/install/as2_msgs/local/lib/python3.10/dist-packages:${PYTHONPATH} /usr/bin/cmake --build /home/developer/aerostack2_ws/build/as2_platform_gazebo -- -j20 -l20
[124.137s] DEBUG:colcon.colcon_core.event_handler.log_command:Invoked command in '/home/developer/aerostack2_ws/build/as2_platform_gazebo' returned '0': AMENT_PREFIX_PATH=/home/developer/aerostack2_ws/install/as2_gazebo_assets:/home/developer/aerostack2_ws/install/as2_core:/home/developer/aerostack2_ws/install/as2_msgs:${AMENT_PREFIX_PATH} CMAKE_PREFIX_PATH=/home/developer/aerostack2_ws/install/as2_gazebo_assets:/home/developer/aerostack2_ws/install/as2_core:/home/developer/aerostack2_ws/install/as2_msgs:/opt/ros/humble GZ_SIM_RESOURCE_PATH=/home/developer/aerostack2_ws/install/as2_gazebo_assets/share/as2_ign_gazebo_assets/worlds:/home/developer/aerostack2_ws/install/as2_gazebo_assets/share/as2_ign_gazebo_assets/models GZ_SIM_SYSTEM_PLUGIN_PATH=/home/developer/aerostack2_ws/install/as2_gazebo_assets/lib GZ_VERSION=@GZ_VERSION@ LD_LIBRARY_PATH=/home/developer/aerostack2_ws/install/as2_gazebo_assets/lib:/home/developer/aerostack2_ws/install/as2_core/lib:/home/developer/aerostack2_ws/install/as2_msgs/lib:${LD_LIBRARY_PATH} PYTHONPATH=/home/developer/aerostack2_ws/install/as2_gazebo_assets/local/lib/python3.10/dist-packages:/home/developer/aerostack2_ws/install/as2_core/local/lib/python3.10/dist-packages:/home/developer/aerostack2_ws/install/as2_msgs/local/lib/python3.10/dist-packages:${PYTHONPATH} /usr/bin/cmake --build /home/developer/aerostack2_ws/build/as2_platform_gazebo -- -j20 -l20
[124.138s] DEBUG:colcon.colcon_core.event_handler.log_command:Invoking command in '/home/developer/aerostack2_ws/build/as2_platform_gazebo': AMENT_PREFIX_PATH=/home/developer/aerostack2_ws/install/as2_gazebo_assets:/home/developer/aerostack2_ws/install/as2_core:/home/developer/aerostack2_ws/install/as2_msgs:${AMENT_PREFIX_PATH} CMAKE_PREFIX_PATH=/home/developer/aerostack2_ws/install/as2_gazebo_assets:/home/developer/aerostack2_ws/install/as2_core:/home/developer/aerostack2_ws/install/as2_msgs:/opt/ros/humble GZ_SIM_RESOURCE_PATH=/home/developer/aerostack2_ws/install/as2_gazebo_assets/share/as2_ign_gazebo_assets/worlds:/home/developer/aerostack2_ws/install/as2_gazebo_assets/share/as2_ign_gazebo_assets/models GZ_SIM_SYSTEM_PLUGIN_PATH=/home/developer/aerostack2_ws/install/as2_gazebo_assets/lib GZ_VERSION=@GZ_VERSION@ LD_LIBRARY_PATH=/home/developer/aerostack2_ws/install/as2_gazebo_assets/lib:/home/developer/aerostack2_ws/install/as2_core/lib:/home/developer/aerostack2_ws/install/as2_msgs/lib:${LD_LIBRARY_PATH} PYTHONPATH=/home/developer/aerostack2_ws/install/as2_gazebo_assets/local/lib/python3.10/dist-packages:/home/developer/aerostack2_ws/install/as2_core/local/lib/python3.10/dist-packages:/home/developer/aerostack2_ws/install/as2_msgs/local/lib/python3.10/dist-packages:${PYTHONPATH} /usr/bin/cmake --install /home/developer/aerostack2_ws/build/as2_platform_gazebo
[124.274s] Level 1:colcon.colcon_core.environment:create_environment_scripts_only(as2_platform_gazebo)
[124.274s] Level 1:colcon.colcon_core.environment:checking '/home/developer/aerostack2_ws/install/as2_platform_gazebo' for CMake module files
[124.275s] DEBUG:colcon.colcon_core.event_handler.log_command:Invoked command in '/home/developer/aerostack2_ws/build/as2_platform_gazebo' returned '0': AMENT_PREFIX_PATH=/home/developer/aerostack2_ws/install/as2_gazebo_assets:/home/developer/aerostack2_ws/install/as2_core:/home/developer/aerostack2_ws/install/as2_msgs:${AMENT_PREFIX_PATH} CMAKE_PREFIX_PATH=/home/developer/aerostack2_ws/install/as2_gazebo_assets:/home/developer/aerostack2_ws/install/as2_core:/home/developer/aerostack2_ws/install/as2_msgs:/opt/ros/humble GZ_SIM_RESOURCE_PATH=/home/developer/aerostack2_ws/install/as2_gazebo_assets/share/as2_ign_gazebo_assets/worlds:/home/developer/aerostack2_ws/install/as2_gazebo_assets/share/as2_ign_gazebo_assets/models GZ_SIM_SYSTEM_PLUGIN_PATH=/home/developer/aerostack2_ws/install/as2_gazebo_assets/lib GZ_VERSION=@GZ_VERSION@ LD_LIBRARY_PATH=/home/developer/aerostack2_ws/install/as2_gazebo_assets/lib:/home/developer/aerostack2_ws/install/as2_core/lib:/home/developer/aerostack2_ws/install/as2_msgs/lib:${LD_LIBRARY_PATH} PYTHONPATH=/home/developer/aerostack2_ws/install/as2_gazebo_assets/local/lib/python3.10/dist-packages:/home/developer/aerostack2_ws/install/as2_core/local/lib/python3.10/dist-packages:/home/developer/aerostack2_ws/install/as2_msgs/local/lib/python3.10/dist-packages:${PYTHONPATH} /usr/bin/cmake --install /home/developer/aerostack2_ws/build/as2_platform_gazebo
[124.275s] Level 1:colcon.colcon_core.environment:checking '/home/developer/aerostack2_ws/install/as2_platform_gazebo' for CMake config files
[124.275s] Level 1:colcon.colcon_core.shell:create_environment_hook('as2_platform_gazebo', 'cmake_prefix_path')
[124.275s] INFO:colcon.colcon_core.shell:Creating environment hook '/home/developer/aerostack2_ws/install/as2_platform_gazebo/share/as2_platform_gazebo/hook/cmake_prefix_path.ps1'
[124.275s] INFO:colcon.colcon_core.shell:Creating environment descriptor '/home/developer/aerostack2_ws/install/as2_platform_gazebo/share/as2_platform_gazebo/hook/cmake_prefix_path.dsv'
[124.276s] INFO:colcon.colcon_core.shell:Creating environment hook '/home/developer/aerostack2_ws/install/as2_platform_gazebo/share/as2_platform_gazebo/hook/cmake_prefix_path.sh'
[124.276s] Level 1:colcon.colcon_core.environment:checking '/home/developer/aerostack2_ws/install/as2_platform_gazebo/lib'
[124.276s] Level 1:colcon.colcon_core.environment:checking '/home/developer/aerostack2_ws/install/as2_platform_gazebo/bin'
[124.276s] Level 1:colcon.colcon_core.environment:checking '/home/developer/aerostack2_ws/install/as2_platform_gazebo/lib/pkgconfig/as2_platform_gazebo.pc'
[124.276s] Level 1:colcon.colcon_core.environment:checking '/home/developer/aerostack2_ws/install/as2_platform_gazebo/lib/python3.10/site-packages'
[124.276s] Level 1:colcon.colcon_core.environment:checking '/home/developer/aerostack2_ws/install/as2_platform_gazebo/bin'
[124.276s] INFO:colcon.colcon_core.shell:Creating package script '/home/developer/aerostack2_ws/install/as2_platform_gazebo/share/as2_platform_gazebo/package.ps1'
[124.277s] INFO:colcon.colcon_core.shell:Creating package descriptor '/home/developer/aerostack2_ws/install/as2_platform_gazebo/share/as2_platform_gazebo/package.dsv'
[124.277s] INFO:colcon.colcon_core.shell:Creating package script '/home/developer/aerostack2_ws/install/as2_platform_gazebo/share/as2_platform_gazebo/package.sh'
[124.277s] INFO:colcon.colcon_core.shell:Creating package script '/home/developer/aerostack2_ws/install/as2_platform_gazebo/share/as2_platform_gazebo/package.bash'
[124.277s] INFO:colcon.colcon_core.shell:Creating package script '/home/developer/aerostack2_ws/install/as2_platform_gazebo/share/as2_platform_gazebo/package.zsh'
[124.277s] Level 1:colcon.colcon_core.environment:create_file_with_runtime_dependencies(/home/developer/aerostack2_ws/install/as2_platform_gazebo/share/colcon-core/packages/as2_platform_gazebo)
[124.278s] Level 1:colcon.colcon_core.environment:create_environment_scripts_only(as2_platform_gazebo)
[124.278s] Level 1:colcon.colcon_core.environment:checking '/home/developer/aerostack2_ws/install/as2_platform_gazebo' for CMake module files
[124.278s] Level 1:colcon.colcon_core.environment:checking '/home/developer/aerostack2_ws/install/as2_platform_gazebo' for CMake config files
[124.278s] Level 1:colcon.colcon_core.shell:create_environment_hook('as2_platform_gazebo', 'cmake_prefix_path')
[124.278s] INFO:colcon.colcon_core.shell:Creating environment hook '/home/developer/aerostack2_ws/install/as2_platform_gazebo/share/as2_platform_gazebo/hook/cmake_prefix_path.ps1'
[124.278s] INFO:colcon.colcon_core.shell:Creating environment descriptor '/home/developer/aerostack2_ws/install/as2_platform_gazebo/share/as2_platform_gazebo/hook/cmake_prefix_path.dsv'
[124.279s] INFO:colcon.colcon_core.shell:Creating environment hook '/home/developer/aerostack2_ws/install/as2_platform_gazebo/share/as2_platform_gazebo/hook/cmake_prefix_path.sh'
[124.279s] Level 1:colcon.colcon_core.environment:checking '/home/developer/aerostack2_ws/install/as2_platform_gazebo/lib'
[124.279s] Level 1:colcon.colcon_core.environment:checking '/home/developer/aerostack2_ws/install/as2_platform_gazebo/bin'
[124.279s] Level 1:colcon.colcon_core.environment:checking '/home/developer/aerostack2_ws/install/as2_platform_gazebo/lib/pkgconfig/as2_platform_gazebo.pc'
[124.279s] Level 1:colcon.colcon_core.environment:checking '/home/developer/aerostack2_ws/install/as2_platform_gazebo/lib/python3.10/site-packages'
[124.279s] Level 1:colcon.colcon_core.environment:checking '/home/developer/aerostack2_ws/install/as2_platform_gazebo/bin'
[124.279s] INFO:colcon.colcon_core.shell:Creating package script '/home/developer/aerostack2_ws/install/as2_platform_gazebo/share/as2_platform_gazebo/package.ps1'
[124.280s] INFO:colcon.colcon_core.shell:Creating package descriptor '/home/developer/aerostack2_ws/install/as2_platform_gazebo/share/as2_platform_gazebo/package.dsv'
[124.280s] INFO:colcon.colcon_core.shell:Creating package script '/home/developer/aerostack2_ws/install/as2_platform_gazebo/share/as2_platform_gazebo/package.sh'
[124.280s] INFO:colcon.colcon_core.shell:Creating package script '/home/developer/aerostack2_ws/install/as2_platform_gazebo/share/as2_platform_gazebo/package.bash'
[124.280s] INFO:colcon.colcon_core.shell:Creating package script '/home/developer/aerostack2_ws/install/as2_platform_gazebo/share/as2_platform_gazebo/package.zsh'
[124.280s] Level 1:colcon.colcon_core.environment:create_file_with_runtime_dependencies(/home/developer/aerostack2_ws/install/as2_platform_gazebo/share/colcon-core/packages/as2_platform_gazebo)
[124.280s] INFO:colcon.colcon_ros.task.ament_cmake.build:Building ROS package in '/home/developer/aerostack2_ws/src/aerostack2-tcc_lucca/as2_user_interfaces/as2_visualization/as2_rviz_plugins' with build type 'ament_cmake'
[124.280s] INFO:colcon.colcon_cmake.task.cmake.build:Building CMake package in '/home/developer/aerostack2_ws/src/aerostack2-tcc_lucca/as2_user_interfaces/as2_visualization/as2_rviz_plugins'
[124.281s] INFO:colcon.colcon_core.shell:Skip shell extension 'powershell' for command environment: Not usable outside of PowerShell
[124.281s] DEBUG:colcon.colcon_core.shell:Skip shell extension 'dsv' for command environment
[124.290s] DEBUG:colcon.colcon_core.event_handler.log_command:Invoking command in '/home/developer/aerostack2_ws/build/as2_rviz_plugins': AMENT_PREFIX_PATH=/home/developer/aerostack2_ws/install/as2_motion_reference_handlers:/home/developer/aerostack2_ws/install/as2_core:/home/developer/aerostack2_ws/install/as2_msgs:${AMENT_PREFIX_PATH} CMAKE_PREFIX_PATH=/home/developer/aerostack2_ws/install/as2_motion_reference_handlers:/home/developer/aerostack2_ws/install/as2_core:/home/developer/aerostack2_ws/install/as2_msgs:/opt/ros/humble LD_LIBRARY_PATH=/home/developer/aerostack2_ws/install/as2_motion_reference_handlers/lib:/home/developer/aerostack2_ws/install/as2_core/lib:/home/developer/aerostack2_ws/install/as2_msgs/lib:${LD_LIBRARY_PATH} PYTHONPATH=/home/developer/aerostack2_ws/install/as2_motion_reference_handlers/local/lib/python3.10/dist-packages:/home/developer/aerostack2_ws/install/as2_core/local/lib/python3.10/dist-packages:/home/developer/aerostack2_ws/install/as2_msgs/local/lib/python3.10/dist-packages:${PYTHONPATH} /usr/bin/cmake /home/developer/aerostack2_ws/src/aerostack2-tcc_lucca/as2_user_interfaces/as2_visualization/as2_rviz_plugins -DAMENT_CMAKE_SYMLINK_INSTALL=1 -DCMAKE_INSTALL_PREFIX=/home/developer/aerostack2_ws/install/as2_rviz_plugins
[125.752s] DEBUG:colcon.colcon_core.event_handler.log_command:Invoked command in '/home/developer/aerostack2_ws/build/as2_rviz_plugins' returned '0': AMENT_PREFIX_PATH=/home/developer/aerostack2_ws/install/as2_motion_reference_handlers:/home/developer/aerostack2_ws/install/as2_core:/home/developer/aerostack2_ws/install/as2_msgs:${AMENT_PREFIX_PATH} CMAKE_PREFIX_PATH=/home/developer/aerostack2_ws/install/as2_motion_reference_handlers:/home/developer/aerostack2_ws/install/as2_core:/home/developer/aerostack2_ws/install/as2_msgs:/opt/ros/humble LD_LIBRARY_PATH=/home/developer/aerostack2_ws/install/as2_motion_reference_handlers/lib:/home/developer/aerostack2_ws/install/as2_core/lib:/home/developer/aerostack2_ws/install/as2_msgs/lib:${LD_LIBRARY_PATH} PYTHONPATH=/home/developer/aerostack2_ws/install/as2_motion_reference_handlers/local/lib/python3.10/dist-packages:/home/developer/aerostack2_ws/install/as2_core/local/lib/python3.10/dist-packages:/home/developer/aerostack2_ws/install/as2_msgs/local/lib/python3.10/dist-packages:${PYTHONPATH} /usr/bin/cmake /home/developer/aerostack2_ws/src/aerostack2-tcc_lucca/as2_user_interfaces/as2_visualization/as2_rviz_plugins -DAMENT_CMAKE_SYMLINK_INSTALL=1 -DCMAKE_INSTALL_PREFIX=/home/developer/aerostack2_ws/install/as2_rviz_plugins
[125.754s] DEBUG:colcon.colcon_core.event_handler.log_command:Invoking command in '/home/developer/aerostack2_ws/build/as2_rviz_plugins': AMENT_PREFIX_PATH=/home/developer/aerostack2_ws/install/as2_motion_reference_handlers:/home/developer/aerostack2_ws/install/as2_core:/home/developer/aerostack2_ws/install/as2_msgs:${AMENT_PREFIX_PATH} CMAKE_PREFIX_PATH=/home/developer/aerostack2_ws/install/as2_motion_reference_handlers:/home/developer/aerostack2_ws/install/as2_core:/home/developer/aerostack2_ws/install/as2_msgs:/opt/ros/humble LD_LIBRARY_PATH=/home/developer/aerostack2_ws/install/as2_motion_reference_handlers/lib:/home/developer/aerostack2_ws/install/as2_core/lib:/home/developer/aerostack2_ws/install/as2_msgs/lib:${LD_LIBRARY_PATH} PYTHONPATH=/home/developer/aerostack2_ws/install/as2_motion_reference_handlers/local/lib/python3.10/dist-packages:/home/developer/aerostack2_ws/install/as2_core/local/lib/python3.10/dist-packages:/home/developer/aerostack2_ws/install/as2_msgs/local/lib/python3.10/dist-packages:${PYTHONPATH} /usr/bin/cmake --build /home/developer/aerostack2_ws/build/as2_rviz_plugins -- -j20 -l20
[131.418s] DEBUG:colcon.colcon_core.event_handler.log_command:Invoked command in '/home/developer/aerostack2_ws/build/as2_rviz_plugins' returned '0': AMENT_PREFIX_PATH=/home/developer/aerostack2_ws/install/as2_motion_reference_handlers:/home/developer/aerostack2_ws/install/as2_core:/home/developer/aerostack2_ws/install/as2_msgs:${AMENT_PREFIX_PATH} CMAKE_PREFIX_PATH=/home/developer/aerostack2_ws/install/as2_motion_reference_handlers:/home/developer/aerostack2_ws/install/as2_core:/home/developer/aerostack2_ws/install/as2_msgs:/opt/ros/humble LD_LIBRARY_PATH=/home/developer/aerostack2_ws/install/as2_motion_reference_handlers/lib:/home/developer/aerostack2_ws/install/as2_core/lib:/home/developer/aerostack2_ws/install/as2_msgs/lib:${LD_LIBRARY_PATH} PYTHONPATH=/home/developer/aerostack2_ws/install/as2_motion_reference_handlers/local/lib/python3.10/dist-packages:/home/developer/aerostack2_ws/install/as2_core/local/lib/python3.10/dist-packages:/home/developer/aerostack2_ws/install/as2_msgs/local/lib/python3.10/dist-packages:${PYTHONPATH} /usr/bin/cmake --build /home/developer/aerostack2_ws/build/as2_rviz_plugins -- -j20 -l20
[131.419s] DEBUG:colcon.colcon_core.event_handler.log_command:Invoking command in '/home/developer/aerostack2_ws/build/as2_rviz_plugins': AMENT_PREFIX_PATH=/home/developer/aerostack2_ws/install/as2_motion_reference_handlers:/home/developer/aerostack2_ws/install/as2_core:/home/developer/aerostack2_ws/install/as2_msgs:${AMENT_PREFIX_PATH} CMAKE_PREFIX_PATH=/home/developer/aerostack2_ws/install/as2_motion_reference_handlers:/home/developer/aerostack2_ws/install/as2_core:/home/developer/aerostack2_ws/install/as2_msgs:/opt/ros/humble LD_LIBRARY_PATH=/home/developer/aerostack2_ws/install/as2_motion_reference_handlers/lib:/home/developer/aerostack2_ws/install/as2_core/lib:/home/developer/aerostack2_ws/install/as2_msgs/lib:${LD_LIBRARY_PATH} PYTHONPATH=/home/developer/aerostack2_ws/install/as2_motion_reference_handlers/local/lib/python3.10/dist-packages:/home/developer/aerostack2_ws/install/as2_core/local/lib/python3.10/dist-packages:/home/developer/aerostack2_ws/install/as2_msgs/local/lib/python3.10/dist-packages:${PYTHONPATH} /usr/bin/cmake --install /home/developer/aerostack2_ws/build/as2_rviz_plugins
[131.558s] Level 1:colcon.colcon_core.environment:create_environment_scripts_only(as2_rviz_plugins)
[131.558s] Level 1:colcon.colcon_core.environment:checking '/home/developer/aerostack2_ws/install/as2_rviz_plugins' for CMake module files
[131.559s] DEBUG:colcon.colcon_core.event_handler.log_command:Invoked command in '/home/developer/aerostack2_ws/build/as2_rviz_plugins' returned '0': AMENT_PREFIX_PATH=/home/developer/aerostack2_ws/install/as2_motion_reference_handlers:/home/developer/aerostack2_ws/install/as2_core:/home/developer/aerostack2_ws/install/as2_msgs:${AMENT_PREFIX_PATH} CMAKE_PREFIX_PATH=/home/developer/aerostack2_ws/install/as2_motion_reference_handlers:/home/developer/aerostack2_ws/install/as2_core:/home/developer/aerostack2_ws/install/as2_msgs:/opt/ros/humble LD_LIBRARY_PATH=/home/developer/aerostack2_ws/install/as2_motion_reference_handlers/lib:/home/developer/aerostack2_ws/install/as2_core/lib:/home/developer/aerostack2_ws/install/as2_msgs/lib:${LD_LIBRARY_PATH} PYTHONPATH=/home/developer/aerostack2_ws/install/as2_motion_reference_handlers/local/lib/python3.10/dist-packages:/home/developer/aerostack2_ws/install/as2_core/local/lib/python3.10/dist-packages:/home/developer/aerostack2_ws/install/as2_msgs/local/lib/python3.10/dist-packages:${PYTHONPATH} /usr/bin/cmake --install /home/developer/aerostack2_ws/build/as2_rviz_plugins
[131.559s] Level 1:colcon.colcon_core.environment:checking '/home/developer/aerostack2_ws/install/as2_rviz_plugins' for CMake config files
[131.560s] Level 1:colcon.colcon_core.shell:create_environment_hook('as2_rviz_plugins', 'cmake_prefix_path')
[131.560s] INFO:colcon.colcon_core.shell:Creating environment hook '/home/developer/aerostack2_ws/install/as2_rviz_plugins/share/as2_rviz_plugins/hook/cmake_prefix_path.ps1'
[131.560s] INFO:colcon.colcon_core.shell:Creating environment descriptor '/home/developer/aerostack2_ws/install/as2_rviz_plugins/share/as2_rviz_plugins/hook/cmake_prefix_path.dsv'
[131.561s] INFO:colcon.colcon_core.shell:Creating environment hook '/home/developer/aerostack2_ws/install/as2_rviz_plugins/share/as2_rviz_plugins/hook/cmake_prefix_path.sh'
[131.561s] Level 1:colcon.colcon_core.environment:checking '/home/developer/aerostack2_ws/install/as2_rviz_plugins/lib'
[131.561s] Level 1:colcon.colcon_core.environment:checking '/home/developer/aerostack2_ws/install/as2_rviz_plugins/bin'
[131.561s] Level 1:colcon.colcon_core.environment:checking '/home/developer/aerostack2_ws/install/as2_rviz_plugins/lib/pkgconfig/as2_rviz_plugins.pc'
[131.561s] Level 1:colcon.colcon_core.environment:checking '/home/developer/aerostack2_ws/install/as2_rviz_plugins/lib/python3.10/site-packages'
[131.562s] Level 1:colcon.colcon_core.environment:checking '/home/developer/aerostack2_ws/install/as2_rviz_plugins/bin'
[131.562s] INFO:colcon.colcon_core.shell:Creating package script '/home/developer/aerostack2_ws/install/as2_rviz_plugins/share/as2_rviz_plugins/package.ps1'
[131.563s] INFO:colcon.colcon_core.shell:Creating package descriptor '/home/developer/aerostack2_ws/install/as2_rviz_plugins/share/as2_rviz_plugins/package.dsv'
[131.563s] INFO:colcon.colcon_core.shell:Creating package script '/home/developer/aerostack2_ws/install/as2_rviz_plugins/share/as2_rviz_plugins/package.sh'
[131.563s] INFO:colcon.colcon_core.shell:Creating package script '/home/developer/aerostack2_ws/install/as2_rviz_plugins/share/as2_rviz_plugins/package.bash'
[131.563s] INFO:colcon.colcon_core.shell:Creating package script '/home/developer/aerostack2_ws/install/as2_rviz_plugins/share/as2_rviz_plugins/package.zsh'
[131.564s] Level 1:colcon.colcon_core.environment:create_file_with_runtime_dependencies(/home/developer/aerostack2_ws/install/as2_rviz_plugins/share/colcon-core/packages/as2_rviz_plugins)
[131.564s] Level 1:colcon.colcon_core.environment:create_environment_scripts_only(as2_rviz_plugins)
[131.564s] Level 1:colcon.colcon_core.environment:checking '/home/developer/aerostack2_ws/install/as2_rviz_plugins' for CMake module files
[131.564s] Level 1:colcon.colcon_core.environment:checking '/home/developer/aerostack2_ws/install/as2_rviz_plugins' for CMake config files
[131.564s] Level 1:colcon.colcon_core.shell:create_environment_hook('as2_rviz_plugins', 'cmake_prefix_path')
[131.564s] INFO:colcon.colcon_core.shell:Creating environment hook '/home/developer/aerostack2_ws/install/as2_rviz_plugins/share/as2_rviz_plugins/hook/cmake_prefix_path.ps1'
[131.565s] INFO:colcon.colcon_core.shell:Creating environment descriptor '/home/developer/aerostack2_ws/install/as2_rviz_plugins/share/as2_rviz_plugins/hook/cmake_prefix_path.dsv'
[131.565s] INFO:colcon.colcon_core.shell:Creating environment hook '/home/developer/aerostack2_ws/install/as2_rviz_plugins/share/as2_rviz_plugins/hook/cmake_prefix_path.sh'
[131.565s] Level 1:colcon.colcon_core.environment:checking '/home/developer/aerostack2_ws/install/as2_rviz_plugins/lib'
[131.565s] Level 1:colcon.colcon_core.environment:checking '/home/developer/aerostack2_ws/install/as2_rviz_plugins/bin'
[131.565s] Level 1:colcon.colcon_core.environment:checking '/home/developer/aerostack2_ws/install/as2_rviz_plugins/lib/pkgconfig/as2_rviz_plugins.pc'
[131.565s] Level 1:colcon.colcon_core.environment:checking '/home/developer/aerostack2_ws/install/as2_rviz_plugins/lib/python3.10/site-packages'
[131.565s] Level 1:colcon.colcon_core.environment:checking '/home/developer/aerostack2_ws/install/as2_rviz_plugins/bin'
[131.565s] INFO:colcon.colcon_core.shell:Creating package script '/home/developer/aerostack2_ws/install/as2_rviz_plugins/share/as2_rviz_plugins/package.ps1'
[131.566s] INFO:colcon.colcon_core.shell:Creating package descriptor '/home/developer/aerostack2_ws/install/as2_rviz_plugins/share/as2_rviz_plugins/package.dsv'
[131.566s] INFO:colcon.colcon_core.shell:Creating package script '/home/developer/aerostack2_ws/install/as2_rviz_plugins/share/as2_rviz_plugins/package.sh'
[131.566s] INFO:colcon.colcon_core.shell:Creating package script '/home/developer/aerostack2_ws/install/as2_rviz_plugins/share/as2_rviz_plugins/package.bash'
[131.566s] INFO:colcon.colcon_core.shell:Creating package script '/home/developer/aerostack2_ws/install/as2_rviz_plugins/share/as2_rviz_plugins/package.zsh'
[131.566s] Level 1:colcon.colcon_core.environment:create_file_with_runtime_dependencies(/home/developer/aerostack2_ws/install/as2_rviz_plugins/share/colcon-core/packages/as2_rviz_plugins)
[131.567s] INFO:colcon.colcon_ros.task.ament_python.build:Building ROS package in '/home/developer/aerostack2_ws/src/aerostack2-tcc_lucca/as2_user_interfaces/as2_visualization/as2_visualization' with build type 'ament_python'
[131.567s] Level 1:colcon.colcon_core.shell:create_environment_hook('as2_visualization', 'ament_prefix_path')
[131.567s] INFO:colcon.colcon_core.shell:Creating environment hook '/home/developer/aerostack2_ws/install/as2_visualization/share/as2_visualization/hook/ament_prefix_path.ps1'
[131.567s] INFO:colcon.colcon_core.shell:Creating environment descriptor '/home/developer/aerostack2_ws/install/as2_visualization/share/as2_visualization/hook/ament_prefix_path.dsv'
[131.567s] INFO:colcon.colcon_core.shell:Creating environment hook '/home/developer/aerostack2_ws/install/as2_visualization/share/as2_visualization/hook/ament_prefix_path.sh'
[131.568s] INFO:colcon.colcon_core.shell:Skip shell extension 'powershell' for command environment: Not usable outside of PowerShell
[131.568s] DEBUG:colcon.colcon_core.shell:Skip shell extension 'dsv' for command environment
[131.721s] INFO:colcon.colcon_core.task.python.build:Building Python package in '/home/developer/aerostack2_ws/src/aerostack2-tcc_lucca/as2_user_interfaces/as2_visualization/as2_visualization'
[131.721s] INFO:colcon.colcon_core.shell:Skip shell extension 'powershell' for command environment: Not usable outside of PowerShell
[131.721s] DEBUG:colcon.colcon_core.shell:Skip shell extension 'dsv' for command environment
[131.922s] DEBUG:colcon.colcon_core.event_handler.log_command:Invoking command in '/home/developer/aerostack2_ws/build/as2_visualization': AMENT_PREFIX_PATH=/home/developer/aerostack2_ws/install/as2_gazebo_assets:/home/developer/aerostack2_ws/install/as2_core:/home/developer/aerostack2_ws/install/as2_msgs:${AMENT_PREFIX_PATH} CMAKE_PREFIX_PATH=/home/developer/aerostack2_ws/install/as2_gazebo_assets:/home/developer/aerostack2_ws/install/as2_core:/home/developer/aerostack2_ws/install/as2_msgs GZ_SIM_RESOURCE_PATH=/home/developer/aerostack2_ws/install/as2_gazebo_assets/share/as2_ign_gazebo_assets/worlds:/home/developer/aerostack2_ws/install/as2_gazebo_assets/share/as2_ign_gazebo_assets/models GZ_SIM_SYSTEM_PLUGIN_PATH=/home/developer/aerostack2_ws/install/as2_gazebo_assets/lib GZ_VERSION=@GZ_VERSION@ LD_LIBRARY_PATH=/home/developer/aerostack2_ws/install/as2_gazebo_assets/lib:/home/developer/aerostack2_ws/install/as2_core/lib:/home/developer/aerostack2_ws/install/as2_msgs/lib:${LD_LIBRARY_PATH} PYTHONPATH=/home/developer/aerostack2_ws/build/as2_visualization/prefix_override:/usr/lib/python3/dist-packages/colcon_core/task/python/colcon_distutils_commands:/home/developer/aerostack2_ws/install/as2_visualization/lib/python3.10/site-packages:/home/developer/aerostack2_ws/install/as2_gazebo_assets/local/lib/python3.10/dist-packages:/home/developer/aerostack2_ws/install/as2_core/local/lib/python3.10/dist-packages:/home/developer/aerostack2_ws/install/as2_msgs/local/lib/python3.10/dist-packages:${PYTHONPATH} /usr/bin/python3 -W ignore:setup.py install is deprecated -W ignore:easy_install command is deprecated setup.py develop --editable --build-directory /home/developer/aerostack2_ws/build/as2_visualization/build --no-deps symlink_data
[132.171s] Level 1:colcon.colcon_core.shell:create_environment_hook('as2_visualization', 'pythonpath_develop')
[132.172s] INFO:colcon.colcon_core.shell:Creating environment hook '/home/developer/aerostack2_ws/build/as2_visualization/share/as2_visualization/hook/pythonpath_develop.ps1'
[132.172s] DEBUG:colcon.colcon_core.event_handler.log_command:Invoked command in '/home/developer/aerostack2_ws/build/as2_visualization' returned '0': AMENT_PREFIX_PATH=/home/developer/aerostack2_ws/install/as2_gazebo_assets:/home/developer/aerostack2_ws/install/as2_core:/home/developer/aerostack2_ws/install/as2_msgs:${AMENT_PREFIX_PATH} CMAKE_PREFIX_PATH=/home/developer/aerostack2_ws/install/as2_gazebo_assets:/home/developer/aerostack2_ws/install/as2_core:/home/developer/aerostack2_ws/install/as2_msgs GZ_SIM_RESOURCE_PATH=/home/developer/aerostack2_ws/install/as2_gazebo_assets/share/as2_ign_gazebo_assets/worlds:/home/developer/aerostack2_ws/install/as2_gazebo_assets/share/as2_ign_gazebo_assets/models GZ_SIM_SYSTEM_PLUGIN_PATH=/home/developer/aerostack2_ws/install/as2_gazebo_assets/lib GZ_VERSION=@GZ_VERSION@ LD_LIBRARY_PATH=/home/developer/aerostack2_ws/install/as2_gazebo_assets/lib:/home/developer/aerostack2_ws/install/as2_core/lib:/home/developer/aerostack2_ws/install/as2_msgs/lib:${LD_LIBRARY_PATH} PYTHONPATH=/home/developer/aerostack2_ws/build/as2_visualization/prefix_override:/usr/lib/python3/dist-packages/colcon_core/task/python/colcon_distutils_commands:/home/developer/aerostack2_ws/install/as2_visualization/lib/python3.10/site-packages:/home/developer/aerostack2_ws/install/as2_gazebo_assets/local/lib/python3.10/dist-packages:/home/developer/aerostack2_ws/install/as2_core/local/lib/python3.10/dist-packages:/home/developer/aerostack2_ws/install/as2_msgs/local/lib/python3.10/dist-packages:${PYTHONPATH} /usr/bin/python3 -W ignore:setup.py install is deprecated -W ignore:easy_install command is deprecated setup.py develop --editable --build-directory /home/developer/aerostack2_ws/build/as2_visualization/build --no-deps symlink_data
[132.172s] INFO:colcon.colcon_core.shell:Creating environment descriptor '/home/developer/aerostack2_ws/build/as2_visualization/share/as2_visualization/hook/pythonpath_develop.dsv'
[132.173s] INFO:colcon.colcon_core.shell:Creating environment hook '/home/developer/aerostack2_ws/build/as2_visualization/share/as2_visualization/hook/pythonpath_develop.sh'
[132.173s] Level 1:colcon.colcon_core.environment:checking '/home/developer/aerostack2_ws/install/as2_visualization' for CMake module files
[132.174s] Level 1:colcon.colcon_core.environment:checking '/home/developer/aerostack2_ws/install/as2_visualization' for CMake config files
[132.174s] Level 1:colcon.colcon_core.environment:checking '/home/developer/aerostack2_ws/install/as2_visualization/lib'
[132.174s] Level 1:colcon.colcon_core.environment:checking '/home/developer/aerostack2_ws/install/as2_visualization/bin'
[132.174s] Level 1:colcon.colcon_core.environment:checking '/home/developer/aerostack2_ws/install/as2_visualization/lib/pkgconfig/as2_visualization.pc'
[132.174s] Level 1:colcon.colcon_core.environment:checking '/home/developer/aerostack2_ws/install/as2_visualization/lib/python3.10/site-packages'
[132.174s] Level 1:colcon.colcon_core.shell:create_environment_hook('as2_visualization', 'pythonpath')
[132.175s] INFO:colcon.colcon_core.shell:Creating environment hook '/home/developer/aerostack2_ws/install/as2_visualization/share/as2_visualization/hook/pythonpath.ps1'
[132.175s] INFO:colcon.colcon_core.shell:Creating environment descriptor '/home/developer/aerostack2_ws/install/as2_visualization/share/as2_visualization/hook/pythonpath.dsv'
[132.175s] INFO:colcon.colcon_core.shell:Creating environment hook '/home/developer/aerostack2_ws/install/as2_visualization/share/as2_visualization/hook/pythonpath.sh'
[132.176s] Level 1:colcon.colcon_core.environment:checking '/home/developer/aerostack2_ws/install/as2_visualization/bin'
[132.176s] Level 1:colcon.colcon_core.environment:create_environment_scripts_only(as2_visualization)
[132.176s] INFO:colcon.colcon_core.shell:Creating package script '/home/developer/aerostack2_ws/install/as2_visualization/share/as2_visualization/package.ps1'
[132.177s] INFO:colcon.colcon_core.shell:Creating package descriptor '/home/developer/aerostack2_ws/install/as2_visualization/share/as2_visualization/package.dsv'
[132.177s] INFO:colcon.colcon_core.shell:Creating package script '/home/developer/aerostack2_ws/install/as2_visualization/share/as2_visualization/package.sh'
[132.178s] INFO:colcon.colcon_core.shell:Creating package script '/home/developer/aerostack2_ws/install/as2_visualization/share/as2_visualization/package.bash'
[132.178s] INFO:colcon.colcon_core.shell:Creating package script '/home/developer/aerostack2_ws/install/as2_visualization/share/as2_visualization/package.zsh'
[132.178s] Level 1:colcon.colcon_core.environment:create_file_with_runtime_dependencies(/home/developer/aerostack2_ws/install/as2_visualization/share/colcon-core/packages/as2_visualization)
[132.179s] INFO:colcon.colcon_ros.task.ament_python.build:Building ROS package in '/home/developer/aerostack2_ws/src/aerostack2-tcc_lucca/as2_user_interfaces/as2_keyboard_teleoperation' with build type 'ament_python'
[132.179s] Level 1:colcon.colcon_core.shell:create_environment_hook('as2_keyboard_teleoperation', 'ament_prefix_path')
[132.179s] INFO:colcon.colcon_core.shell:Creating environment hook '/home/developer/aerostack2_ws/install/as2_keyboard_teleoperation/share/as2_keyboard_teleoperation/hook/ament_prefix_path.ps1'
[132.180s] INFO:colcon.colcon_core.shell:Creating environment descriptor '/home/developer/aerostack2_ws/install/as2_keyboard_teleoperation/share/as2_keyboard_teleoperation/hook/ament_prefix_path.dsv'
[132.180s] INFO:colcon.colcon_core.shell:Creating environment hook '/home/developer/aerostack2_ws/install/as2_keyboard_teleoperation/share/as2_keyboard_teleoperation/hook/ament_prefix_path.sh'
[132.181s] INFO:colcon.colcon_core.shell:Skip shell extension 'powershell' for command environment: Not usable outside of PowerShell
[132.181s] DEBUG:colcon.colcon_core.shell:Skip shell extension 'dsv' for command environment
[132.336s] INFO:colcon.colcon_core.task.python.build:Building Python package in '/home/developer/aerostack2_ws/src/aerostack2-tcc_lucca/as2_user_interfaces/as2_keyboard_teleoperation'
[132.336s] INFO:colcon.colcon_core.shell:Skip shell extension 'powershell' for command environment: Not usable outside of PowerShell
[132.336s] DEBUG:colcon.colcon_core.shell:Skip shell extension 'dsv' for command environment
[132.555s] DEBUG:colcon.colcon_core.event_handler.log_command:Invoking command in '/home/developer/aerostack2_ws/build/as2_keyboard_teleoperation': AMENT_PREFIX_PATH=/home/developer/aerostack2_ws/install/as2_python_api:/home/developer/aerostack2_ws/install/as2_motion_reference_handlers:/home/developer/aerostack2_ws/install/as2_core:/home/developer/aerostack2_ws/install/as2_msgs:${AMENT_PREFIX_PATH} AS2_MODULES_PATH=/home/developer/aerostack2_ws/install/as2_python_api/share/as2_python_api/modules CMAKE_PREFIX_PATH=/home/developer/aerostack2_ws/install/as2_motion_reference_handlers:/home/developer/aerostack2_ws/install/as2_core:/home/developer/aerostack2_ws/install/as2_msgs LD_LIBRARY_PATH=/home/developer/aerostack2_ws/install/as2_python_api/lib:/home/developer/aerostack2_ws/install/as2_motion_reference_handlers/lib:/home/developer/aerostack2_ws/install/as2_core/lib:/home/developer/aerostack2_ws/install/as2_msgs/lib:${LD_LIBRARY_PATH} PYTHONPATH=/home/developer/aerostack2_ws/build/as2_keyboard_teleoperation/prefix_override:/usr/lib/python3/dist-packages/colcon_core/task/python/colcon_distutils_commands:/home/developer/aerostack2_ws/install/as2_keyboard_teleoperation/lib/python3.10/site-packages:/home/developer/aerostack2_ws/build/as2_python_api:/home/developer/aerostack2_ws/install/as2_python_api/lib/python3.10/site-packages:/home/developer/aerostack2_ws/install/as2_motion_reference_handlers/local/lib/python3.10/dist-packages:/home/developer/aerostack2_ws/install/as2_core/local/lib/python3.10/dist-packages:/home/developer/aerostack2_ws/install/as2_msgs/local/lib/python3.10/dist-packages:${PYTHONPATH} /usr/bin/python3 -W ignore:setup.py install is deprecated -W ignore:easy_install command is deprecated setup.py develop --editable --build-directory /home/developer/aerostack2_ws/build/as2_keyboard_teleoperation/build --no-deps symlink_data
[132.793s] Level 1:colcon.colcon_core.shell:create_environment_hook('as2_keyboard_teleoperation', 'pythonpath_develop')
[132.793s] INFO:colcon.colcon_core.shell:Creating environment hook '/home/developer/aerostack2_ws/build/as2_keyboard_teleoperation/share/as2_keyboard_teleoperation/hook/pythonpath_develop.ps1'
[132.794s] DEBUG:colcon.colcon_core.event_handler.log_command:Invoked command in '/home/developer/aerostack2_ws/build/as2_keyboard_teleoperation' returned '0': AMENT_PREFIX_PATH=/home/developer/aerostack2_ws/install/as2_python_api:/home/developer/aerostack2_ws/install/as2_motion_reference_handlers:/home/developer/aerostack2_ws/install/as2_core:/home/developer/aerostack2_ws/install/as2_msgs:${AMENT_PREFIX_PATH} AS2_MODULES_PATH=/home/developer/aerostack2_ws/install/as2_python_api/share/as2_python_api/modules CMAKE_PREFIX_PATH=/home/developer/aerostack2_ws/install/as2_motion_reference_handlers:/home/developer/aerostack2_ws/install/as2_core:/home/developer/aerostack2_ws/install/as2_msgs LD_LIBRARY_PATH=/home/developer/aerostack2_ws/install/as2_python_api/lib:/home/developer/aerostack2_ws/install/as2_motion_reference_handlers/lib:/home/developer/aerostack2_ws/install/as2_core/lib:/home/developer/aerostack2_ws/install/as2_msgs/lib:${LD_LIBRARY_PATH} PYTHONPATH=/home/developer/aerostack2_ws/build/as2_keyboard_teleoperation/prefix_override:/usr/lib/python3/dist-packages/colcon_core/task/python/colcon_distutils_commands:/home/developer/aerostack2_ws/install/as2_keyboard_teleoperation/lib/python3.10/site-packages:/home/developer/aerostack2_ws/build/as2_python_api:/home/developer/aerostack2_ws/install/as2_python_api/lib/python3.10/site-packages:/home/developer/aerostack2_ws/install/as2_motion_reference_handlers/local/lib/python3.10/dist-packages:/home/developer/aerostack2_ws/install/as2_core/local/lib/python3.10/dist-packages:/home/developer/aerostack2_ws/install/as2_msgs/local/lib/python3.10/dist-packages:${PYTHONPATH} /usr/bin/python3 -W ignore:setup.py install is deprecated -W ignore:easy_install command is deprecated setup.py develop --editable --build-directory /home/developer/aerostack2_ws/build/as2_keyboard_teleoperation/build --no-deps symlink_data
[132.794s] INFO:colcon.colcon_core.shell:Creating environment descriptor '/home/developer/aerostack2_ws/build/as2_keyboard_teleoperation/share/as2_keyboard_teleoperation/hook/pythonpath_develop.dsv'
[132.794s] INFO:colcon.colcon_core.shell:Creating environment hook '/home/developer/aerostack2_ws/build/as2_keyboard_teleoperation/share/as2_keyboard_teleoperation/hook/pythonpath_develop.sh'
[132.795s] Level 1:colcon.colcon_core.environment:checking '/home/developer/aerostack2_ws/install/as2_keyboard_teleoperation' for CMake module files
[132.795s] Level 1:colcon.colcon_core.environment:checking '/home/developer/aerostack2_ws/install/as2_keyboard_teleoperation' for CMake config files
[132.796s] Level 1:colcon.colcon_core.environment:checking '/home/developer/aerostack2_ws/install/as2_keyboard_teleoperation/lib'
[132.796s] Level 1:colcon.colcon_core.environment:checking '/home/developer/aerostack2_ws/install/as2_keyboard_teleoperation/bin'
[132.796s] Level 1:colcon.colcon_core.environment:checking '/home/developer/aerostack2_ws/install/as2_keyboard_teleoperation/lib/pkgconfig/as2_keyboard_teleoperation.pc'
[132.796s] Level 1:colcon.colcon_core.environment:checking '/home/developer/aerostack2_ws/install/as2_keyboard_teleoperation/lib/python3.10/site-packages'
[132.796s] Level 1:colcon.colcon_core.shell:create_environment_hook('as2_keyboard_teleoperation', 'pythonpath')
[132.797s] INFO:colcon.colcon_core.shell:Creating environment hook '/home/developer/aerostack2_ws/install/as2_keyboard_teleoperation/share/as2_keyboard_teleoperation/hook/pythonpath.ps1'
[132.797s] INFO:colcon.colcon_core.shell:Creating environment descriptor '/home/developer/aerostack2_ws/install/as2_keyboard_teleoperation/share/as2_keyboard_teleoperation/hook/pythonpath.dsv'
[132.797s] INFO:colcon.colcon_core.shell:Creating environment hook '/home/developer/aerostack2_ws/install/as2_keyboard_teleoperation/share/as2_keyboard_teleoperation/hook/pythonpath.sh'
[132.798s] Level 1:colcon.colcon_core.environment:checking '/home/developer/aerostack2_ws/install/as2_keyboard_teleoperation/bin'
[132.798s] Level 1:colcon.colcon_core.environment:create_environment_scripts_only(as2_keyboard_teleoperation)
[132.798s] INFO:colcon.colcon_core.shell:Creating package script '/home/developer/aerostack2_ws/install/as2_keyboard_teleoperation/share/as2_keyboard_teleoperation/package.ps1'
[132.799s] INFO:colcon.colcon_core.shell:Creating package descriptor '/home/developer/aerostack2_ws/install/as2_keyboard_teleoperation/share/as2_keyboard_teleoperation/package.dsv'
[132.799s] INFO:colcon.colcon_core.shell:Creating package script '/home/developer/aerostack2_ws/install/as2_keyboard_teleoperation/share/as2_keyboard_teleoperation/package.sh'
[132.799s] INFO:colcon.colcon_core.shell:Creating package script '/home/developer/aerostack2_ws/install/as2_keyboard_teleoperation/share/as2_keyboard_teleoperation/package.bash'
[132.800s] INFO:colcon.colcon_core.shell:Creating package script '/home/developer/aerostack2_ws/install/as2_keyboard_teleoperation/share/as2_keyboard_teleoperation/package.zsh'
[132.800s] Level 1:colcon.colcon_core.environment:create_file_with_runtime_dependencies(/home/developer/aerostack2_ws/install/as2_keyboard_teleoperation/share/colcon-core/packages/as2_keyboard_teleoperation)
[132.800s] INFO:colcon.colcon_ros.task.ament_cmake.build:Building ROS package in '/home/developer/aerostack2_ws/src/aerostack2-tcc_lucca/as2_behaviors/as2_behaviors_param_estimation' with build type 'ament_cmake'
[132.801s] INFO:colcon.colcon_cmake.task.cmake.build:Building CMake package in '/home/developer/aerostack2_ws/src/aerostack2-tcc_lucca/as2_behaviors/as2_behaviors_param_estimation'
[132.801s] INFO:colcon.colcon_core.shell:Skip shell extension 'powershell' for command environment: Not usable outside of PowerShell
[132.801s] DEBUG:colcon.colcon_core.shell:Skip shell extension 'dsv' for command environment
[132.813s] DEBUG:colcon.colcon_core.event_handler.log_command:Invoking command in '/home/developer/aerostack2_ws/build/as2_behaviors_param_estimation': AMENT_PREFIX_PATH=/home/developer/aerostack2_ws/install/as2_behavior:/home/developer/aerostack2_ws/install/as2_core:/home/developer/aerostack2_ws/install/as2_msgs:${AMENT_PREFIX_PATH} CMAKE_PREFIX_PATH=/home/developer/aerostack2_ws/install/as2_behavior:/home/developer/aerostack2_ws/install/as2_core:/home/developer/aerostack2_ws/install/as2_msgs:/opt/ros/humble LD_LIBRARY_PATH=/home/developer/aerostack2_ws/install/as2_behavior/lib:/home/developer/aerostack2_ws/install/as2_core/lib:/home/developer/aerostack2_ws/install/as2_msgs/lib:${LD_LIBRARY_PATH} PYTHONPATH=/home/developer/aerostack2_ws/install/as2_core/local/lib/python3.10/dist-packages:/home/developer/aerostack2_ws/install/as2_msgs/local/lib/python3.10/dist-packages:${PYTHONPATH} /usr/bin/cmake /home/developer/aerostack2_ws/src/aerostack2-tcc_lucca/as2_behaviors/as2_behaviors_param_estimation -DAMENT_CMAKE_SYMLINK_INSTALL=1 -DCMAKE_INSTALL_PREFIX=/home/developer/aerostack2_ws/install/as2_behaviors_param_estimation
[133.870s] DEBUG:colcon.colcon_core.event_handler.log_command:Invoked command in '/home/developer/aerostack2_ws/build/as2_behaviors_param_estimation' returned '0': AMENT_PREFIX_PATH=/home/developer/aerostack2_ws/install/as2_behavior:/home/developer/aerostack2_ws/install/as2_core:/home/developer/aerostack2_ws/install/as2_msgs:${AMENT_PREFIX_PATH} CMAKE_PREFIX_PATH=/home/developer/aerostack2_ws/install/as2_behavior:/home/developer/aerostack2_ws/install/as2_core:/home/developer/aerostack2_ws/install/as2_msgs:/opt/ros/humble LD_LIBRARY_PATH=/home/developer/aerostack2_ws/install/as2_behavior/lib:/home/developer/aerostack2_ws/install/as2_core/lib:/home/developer/aerostack2_ws/install/as2_msgs/lib:${LD_LIBRARY_PATH} PYTHONPATH=/home/developer/aerostack2_ws/install/as2_core/local/lib/python3.10/dist-packages:/home/developer/aerostack2_ws/install/as2_msgs/local/lib/python3.10/dist-packages:${PYTHONPATH} /usr/bin/cmake /home/developer/aerostack2_ws/src/aerostack2-tcc_lucca/as2_behaviors/as2_behaviors_param_estimation -DAMENT_CMAKE_SYMLINK_INSTALL=1 -DCMAKE_INSTALL_PREFIX=/home/developer/aerostack2_ws/install/as2_behaviors_param_estimation
[133.871s] DEBUG:colcon.colcon_core.event_handler.log_command:Invoking command in '/home/developer/aerostack2_ws/build/as2_behaviors_param_estimation': AMENT_PREFIX_PATH=/home/developer/aerostack2_ws/install/as2_behavior:/home/developer/aerostack2_ws/install/as2_core:/home/developer/aerostack2_ws/install/as2_msgs:${AMENT_PREFIX_PATH} CMAKE_PREFIX_PATH=/home/developer/aerostack2_ws/install/as2_behavior:/home/developer/aerostack2_ws/install/as2_core:/home/developer/aerostack2_ws/install/as2_msgs:/opt/ros/humble LD_LIBRARY_PATH=/home/developer/aerostack2_ws/install/as2_behavior/lib:/home/developer/aerostack2_ws/install/as2_core/lib:/home/developer/aerostack2_ws/install/as2_msgs/lib:${LD_LIBRARY_PATH} PYTHONPATH=/home/developer/aerostack2_ws/install/as2_core/local/lib/python3.10/dist-packages:/home/developer/aerostack2_ws/install/as2_msgs/local/lib/python3.10/dist-packages:${PYTHONPATH} /usr/bin/cmake --build /home/developer/aerostack2_ws/build/as2_behaviors_param_estimation -- -j20 -l20
[150.970s] DEBUG:colcon.colcon_core.event_handler.log_command:Invoked command in '/home/developer/aerostack2_ws/build/as2_behaviors_param_estimation' returned '0': AMENT_PREFIX_PATH=/home/developer/aerostack2_ws/install/as2_behavior:/home/developer/aerostack2_ws/install/as2_core:/home/developer/aerostack2_ws/install/as2_msgs:${AMENT_PREFIX_PATH} CMAKE_PREFIX_PATH=/home/developer/aerostack2_ws/install/as2_behavior:/home/developer/aerostack2_ws/install/as2_core:/home/developer/aerostack2_ws/install/as2_msgs:/opt/ros/humble LD_LIBRARY_PATH=/home/developer/aerostack2_ws/install/as2_behavior/lib:/home/developer/aerostack2_ws/install/as2_core/lib:/home/developer/aerostack2_ws/install/as2_msgs/lib:${LD_LIBRARY_PATH} PYTHONPATH=/home/developer/aerostack2_ws/install/as2_core/local/lib/python3.10/dist-packages:/home/developer/aerostack2_ws/install/as2_msgs/local/lib/python3.10/dist-packages:${PYTHONPATH} /usr/bin/cmake --build /home/developer/aerostack2_ws/build/as2_behaviors_param_estimation -- -j20 -l20
[150.971s] DEBUG:colcon.colcon_core.event_handler.log_command:Invoking command in '/home/developer/aerostack2_ws/build/as2_behaviors_param_estimation': AMENT_PREFIX_PATH=/home/developer/aerostack2_ws/install/as2_behavior:/home/developer/aerostack2_ws/install/as2_core:/home/developer/aerostack2_ws/install/as2_msgs:${AMENT_PREFIX_PATH} CMAKE_PREFIX_PATH=/home/developer/aerostack2_ws/install/as2_behavior:/home/developer/aerostack2_ws/install/as2_core:/home/developer/aerostack2_ws/install/as2_msgs:/opt/ros/humble LD_LIBRARY_PATH=/home/developer/aerostack2_ws/install/as2_behavior/lib:/home/developer/aerostack2_ws/install/as2_core/lib:/home/developer/aerostack2_ws/install/as2_msgs/lib:${LD_LIBRARY_PATH} PYTHONPATH=/home/developer/aerostack2_ws/install/as2_core/local/lib/python3.10/dist-packages:/home/developer/aerostack2_ws/install/as2_msgs/local/lib/python3.10/dist-packages:${PYTHONPATH} /usr/bin/cmake --install /home/developer/aerostack2_ws/build/as2_behaviors_param_estimation
[151.180s] Level 1:colcon.colcon_core.environment:create_environment_scripts_only(as2_behaviors_param_estimation)
[151.181s] Level 1:colcon.colcon_core.environment:checking '/home/developer/aerostack2_ws/install/as2_behaviors_param_estimation' for CMake module files
[151.181s] DEBUG:colcon.colcon_core.event_handler.log_command:Invoked command in '/home/developer/aerostack2_ws/build/as2_behaviors_param_estimation' returned '0': AMENT_PREFIX_PATH=/home/developer/aerostack2_ws/install/as2_behavior:/home/developer/aerostack2_ws/install/as2_core:/home/developer/aerostack2_ws/install/as2_msgs:${AMENT_PREFIX_PATH} CMAKE_PREFIX_PATH=/home/developer/aerostack2_ws/install/as2_behavior:/home/developer/aerostack2_ws/install/as2_core:/home/developer/aerostack2_ws/install/as2_msgs:/opt/ros/humble LD_LIBRARY_PATH=/home/developer/aerostack2_ws/install/as2_behavior/lib:/home/developer/aerostack2_ws/install/as2_core/lib:/home/developer/aerostack2_ws/install/as2_msgs/lib:${LD_LIBRARY_PATH} PYTHONPATH=/home/developer/aerostack2_ws/install/as2_core/local/lib/python3.10/dist-packages:/home/developer/aerostack2_ws/install/as2_msgs/local/lib/python3.10/dist-packages:${PYTHONPATH} /usr/bin/cmake --install /home/developer/aerostack2_ws/build/as2_behaviors_param_estimation
[151.181s] Level 1:colcon.colcon_core.environment:checking '/home/developer/aerostack2_ws/install/as2_behaviors_param_estimation' for CMake config files
[151.181s] Level 1:colcon.colcon_core.shell:create_environment_hook('as2_behaviors_param_estimation', 'cmake_prefix_path')
[151.181s] INFO:colcon.colcon_core.shell:Creating environment hook '/home/developer/aerostack2_ws/install/as2_behaviors_param_estimation/share/as2_behaviors_param_estimation/hook/cmake_prefix_path.ps1'
[151.182s] INFO:colcon.colcon_core.shell:Creating environment descriptor '/home/developer/aerostack2_ws/install/as2_behaviors_param_estimation/share/as2_behaviors_param_estimation/hook/cmake_prefix_path.dsv'
[151.182s] INFO:colcon.colcon_core.shell:Creating environment hook '/home/developer/aerostack2_ws/install/as2_behaviors_param_estimation/share/as2_behaviors_param_estimation/hook/cmake_prefix_path.sh'
[151.182s] Level 1:colcon.colcon_core.environment:checking '/home/developer/aerostack2_ws/install/as2_behaviors_param_estimation/lib'
[151.182s] Level 1:colcon.colcon_core.shell:create_environment_hook('as2_behaviors_param_estimation', 'ld_library_path_lib')
[151.182s] INFO:colcon.colcon_core.shell:Creating environment hook '/home/developer/aerostack2_ws/install/as2_behaviors_param_estimation/share/as2_behaviors_param_estimation/hook/ld_library_path_lib.ps1'
[151.183s] INFO:colcon.colcon_core.shell:Creating environment descriptor '/home/developer/aerostack2_ws/install/as2_behaviors_param_estimation/share/as2_behaviors_param_estimation/hook/ld_library_path_lib.dsv'
[151.183s] INFO:colcon.colcon_core.shell:Creating environment hook '/home/developer/aerostack2_ws/install/as2_behaviors_param_estimation/share/as2_behaviors_param_estimation/hook/ld_library_path_lib.sh'
[151.183s] Level 1:colcon.colcon_core.environment:checking '/home/developer/aerostack2_ws/install/as2_behaviors_param_estimation/bin'
[151.183s] Level 1:colcon.colcon_core.environment:checking '/home/developer/aerostack2_ws/install/as2_behaviors_param_estimation/lib/pkgconfig/as2_behaviors_param_estimation.pc'
[151.183s] Level 1:colcon.colcon_core.environment:checking '/home/developer/aerostack2_ws/install/as2_behaviors_param_estimation/lib/python3.10/site-packages'
[151.183s] Level 1:colcon.colcon_core.environment:checking '/home/developer/aerostack2_ws/install/as2_behaviors_param_estimation/bin'
[151.183s] INFO:colcon.colcon_core.shell:Creating package script '/home/developer/aerostack2_ws/install/as2_behaviors_param_estimation/share/as2_behaviors_param_estimation/package.ps1'
[151.184s] INFO:colcon.colcon_core.shell:Creating package descriptor '/home/developer/aerostack2_ws/install/as2_behaviors_param_estimation/share/as2_behaviors_param_estimation/package.dsv'
[151.184s] INFO:colcon.colcon_core.shell:Creating package script '/home/developer/aerostack2_ws/install/as2_behaviors_param_estimation/share/as2_behaviors_param_estimation/package.sh'
[151.184s] INFO:colcon.colcon_core.shell:Creating package script '/home/developer/aerostack2_ws/install/as2_behaviors_param_estimation/share/as2_behaviors_param_estimation/package.bash'
[151.184s] INFO:colcon.colcon_core.shell:Creating package script '/home/developer/aerostack2_ws/install/as2_behaviors_param_estimation/share/as2_behaviors_param_estimation/package.zsh'
[151.184s] Level 1:colcon.colcon_core.environment:create_file_with_runtime_dependencies(/home/developer/aerostack2_ws/install/as2_behaviors_param_estimation/share/colcon-core/packages/as2_behaviors_param_estimation)
[151.185s] Level 1:colcon.colcon_core.environment:create_environment_scripts_only(as2_behaviors_param_estimation)
[151.185s] Level 1:colcon.colcon_core.environment:checking '/home/developer/aerostack2_ws/install/as2_behaviors_param_estimation' for CMake module files
[151.185s] Level 1:colcon.colcon_core.environment:checking '/home/developer/aerostack2_ws/install/as2_behaviors_param_estimation' for CMake config files
[151.185s] Level 1:colcon.colcon_core.shell:create_environment_hook('as2_behaviors_param_estimation', 'cmake_prefix_path')
[151.185s] INFO:colcon.colcon_core.shell:Creating environment hook '/home/developer/aerostack2_ws/install/as2_behaviors_param_estimation/share/as2_behaviors_param_estimation/hook/cmake_prefix_path.ps1'
[151.186s] INFO:colcon.colcon_core.shell:Creating environment descriptor '/home/developer/aerostack2_ws/install/as2_behaviors_param_estimation/share/as2_behaviors_param_estimation/hook/cmake_prefix_path.dsv'
[151.186s] INFO:colcon.colcon_core.shell:Creating environment hook '/home/developer/aerostack2_ws/install/as2_behaviors_param_estimation/share/as2_behaviors_param_estimation/hook/cmake_prefix_path.sh'
[151.186s] Level 1:colcon.colcon_core.environment:checking '/home/developer/aerostack2_ws/install/as2_behaviors_param_estimation/lib'
[151.186s] Level 1:colcon.colcon_core.shell:create_environment_hook('as2_behaviors_param_estimation', 'ld_library_path_lib')
[151.186s] INFO:colcon.colcon_core.shell:Creating environment hook '/home/developer/aerostack2_ws/install/as2_behaviors_param_estimation/share/as2_behaviors_param_estimation/hook/ld_library_path_lib.ps1'
[151.186s] INFO:colcon.colcon_core.shell:Creating environment descriptor '/home/developer/aerostack2_ws/install/as2_behaviors_param_estimation/share/as2_behaviors_param_estimation/hook/ld_library_path_lib.dsv'
[151.186s] INFO:colcon.colcon_core.shell:Creating environment hook '/home/developer/aerostack2_ws/install/as2_behaviors_param_estimation/share/as2_behaviors_param_estimation/hook/ld_library_path_lib.sh'
[151.187s] Level 1:colcon.colcon_core.environment:checking '/home/developer/aerostack2_ws/install/as2_behaviors_param_estimation/bin'
[151.187s] Level 1:colcon.colcon_core.environment:checking '/home/developer/aerostack2_ws/install/as2_behaviors_param_estimation/lib/pkgconfig/as2_behaviors_param_estimation.pc'
[151.187s] Level 1:colcon.colcon_core.environment:checking '/home/developer/aerostack2_ws/install/as2_behaviors_param_estimation/lib/python3.10/site-packages'
[151.187s] Level 1:colcon.colcon_core.environment:checking '/home/developer/aerostack2_ws/install/as2_behaviors_param_estimation/bin'
[151.187s] INFO:colcon.colcon_core.shell:Creating package script '/home/developer/aerostack2_ws/install/as2_behaviors_param_estimation/share/as2_behaviors_param_estimation/package.ps1'
[151.187s] INFO:colcon.colcon_core.shell:Creating package descriptor '/home/developer/aerostack2_ws/install/as2_behaviors_param_estimation/share/as2_behaviors_param_estimation/package.dsv'
[151.188s] INFO:colcon.colcon_core.shell:Creating package script '/home/developer/aerostack2_ws/install/as2_behaviors_param_estimation/share/as2_behaviors_param_estimation/package.sh'
[151.188s] INFO:colcon.colcon_core.shell:Creating package script '/home/developer/aerostack2_ws/install/as2_behaviors_param_estimation/share/as2_behaviors_param_estimation/package.bash'
[151.188s] INFO:colcon.colcon_core.shell:Creating package script '/home/developer/aerostack2_ws/install/as2_behaviors_param_estimation/share/as2_behaviors_param_estimation/package.zsh'
[151.188s] Level 1:colcon.colcon_core.environment:create_file_with_runtime_dependencies(/home/developer/aerostack2_ws/install/as2_behaviors_param_estimation/share/colcon-core/packages/as2_behaviors_param_estimation)
[151.188s] INFO:colcon.colcon_ros.task.ament_cmake.build:Building ROS package in '/home/developer/aerostack2_ws/src/aerostack2-tcc_lucca/as2_behaviors/as2_behaviors_payload' with build type 'ament_cmake'
[151.189s] INFO:colcon.colcon_cmake.task.cmake.build:Building CMake package in '/home/developer/aerostack2_ws/src/aerostack2-tcc_lucca/as2_behaviors/as2_behaviors_payload'
[151.189s] INFO:colcon.colcon_core.shell:Skip shell extension 'powershell' for command environment: Not usable outside of PowerShell
[151.189s] DEBUG:colcon.colcon_core.shell:Skip shell extension 'dsv' for command environment
[151.199s] DEBUG:colcon.colcon_core.event_handler.log_command:Invoking command in '/home/developer/aerostack2_ws/build/as2_behaviors_payload': AMENT_PREFIX_PATH=/home/developer/aerostack2_ws/install/as2_behavior:/home/developer/aerostack2_ws/install/as2_core:/home/developer/aerostack2_ws/install/as2_msgs:${AMENT_PREFIX_PATH} CMAKE_PREFIX_PATH=/home/developer/aerostack2_ws/install/as2_behavior:/home/developer/aerostack2_ws/install/as2_core:/home/developer/aerostack2_ws/install/as2_msgs:/opt/ros/humble LD_LIBRARY_PATH=/home/developer/aerostack2_ws/install/as2_behavior/lib:/home/developer/aerostack2_ws/install/as2_core/lib:/home/developer/aerostack2_ws/install/as2_msgs/lib:${LD_LIBRARY_PATH} PYTHONPATH=/home/developer/aerostack2_ws/install/as2_core/local/lib/python3.10/dist-packages:/home/developer/aerostack2_ws/install/as2_msgs/local/lib/python3.10/dist-packages:${PYTHONPATH} /usr/bin/cmake /home/developer/aerostack2_ws/src/aerostack2-tcc_lucca/as2_behaviors/as2_behaviors_payload -DAMENT_CMAKE_SYMLINK_INSTALL=1 -DCMAKE_INSTALL_PREFIX=/home/developer/aerostack2_ws/install/as2_behaviors_payload
[152.355s] DEBUG:colcon.colcon_core.event_handler.log_command:Invoked command in '/home/developer/aerostack2_ws/build/as2_behaviors_payload' returned '0': AMENT_PREFIX_PATH=/home/developer/aerostack2_ws/install/as2_behavior:/home/developer/aerostack2_ws/install/as2_core:/home/developer/aerostack2_ws/install/as2_msgs:${AMENT_PREFIX_PATH} CMAKE_PREFIX_PATH=/home/developer/aerostack2_ws/install/as2_behavior:/home/developer/aerostack2_ws/install/as2_core:/home/developer/aerostack2_ws/install/as2_msgs:/opt/ros/humble LD_LIBRARY_PATH=/home/developer/aerostack2_ws/install/as2_behavior/lib:/home/developer/aerostack2_ws/install/as2_core/lib:/home/developer/aerostack2_ws/install/as2_msgs/lib:${LD_LIBRARY_PATH} PYTHONPATH=/home/developer/aerostack2_ws/install/as2_core/local/lib/python3.10/dist-packages:/home/developer/aerostack2_ws/install/as2_msgs/local/lib/python3.10/dist-packages:${PYTHONPATH} /usr/bin/cmake /home/developer/aerostack2_ws/src/aerostack2-tcc_lucca/as2_behaviors/as2_behaviors_payload -DAMENT_CMAKE_SYMLINK_INSTALL=1 -DCMAKE_INSTALL_PREFIX=/home/developer/aerostack2_ws/install/as2_behaviors_payload
[152.357s] DEBUG:colcon.colcon_core.event_handler.log_command:Invoking command in '/home/developer/aerostack2_ws/build/as2_behaviors_payload': AMENT_PREFIX_PATH=/home/developer/aerostack2_ws/install/as2_behavior:/home/developer/aerostack2_ws/install/as2_core:/home/developer/aerostack2_ws/install/as2_msgs:${AMENT_PREFIX_PATH} CMAKE_PREFIX_PATH=/home/developer/aerostack2_ws/install/as2_behavior:/home/developer/aerostack2_ws/install/as2_core:/home/developer/aerostack2_ws/install/as2_msgs:/opt/ros/humble LD_LIBRARY_PATH=/home/developer/aerostack2_ws/install/as2_behavior/lib:/home/developer/aerostack2_ws/install/as2_core/lib:/home/developer/aerostack2_ws/install/as2_msgs/lib:${LD_LIBRARY_PATH} PYTHONPATH=/home/developer/aerostack2_ws/install/as2_core/local/lib/python3.10/dist-packages:/home/developer/aerostack2_ws/install/as2_msgs/local/lib/python3.10/dist-packages:${PYTHONPATH} /usr/bin/cmake --build /home/developer/aerostack2_ws/build/as2_behaviors_payload -- -j20 -l20
[164.825s] DEBUG:colcon.colcon_core.event_handler.log_command:Invoked command in '/home/developer/aerostack2_ws/build/as2_behaviors_payload' returned '0': AMENT_PREFIX_PATH=/home/developer/aerostack2_ws/install/as2_behavior:/home/developer/aerostack2_ws/install/as2_core:/home/developer/aerostack2_ws/install/as2_msgs:${AMENT_PREFIX_PATH} CMAKE_PREFIX_PATH=/home/developer/aerostack2_ws/install/as2_behavior:/home/developer/aerostack2_ws/install/as2_core:/home/developer/aerostack2_ws/install/as2_msgs:/opt/ros/humble LD_LIBRARY_PATH=/home/developer/aerostack2_ws/install/as2_behavior/lib:/home/developer/aerostack2_ws/install/as2_core/lib:/home/developer/aerostack2_ws/install/as2_msgs/lib:${LD_LIBRARY_PATH} PYTHONPATH=/home/developer/aerostack2_ws/install/as2_core/local/lib/python3.10/dist-packages:/home/developer/aerostack2_ws/install/as2_msgs/local/lib/python3.10/dist-packages:${PYTHONPATH} /usr/bin/cmake --build /home/developer/aerostack2_ws/build/as2_behaviors_payload -- -j20 -l20
[164.827s] DEBUG:colcon.colcon_core.event_handler.log_command:Invoking command in '/home/developer/aerostack2_ws/build/as2_behaviors_payload': AMENT_PREFIX_PATH=/home/developer/aerostack2_ws/install/as2_behavior:/home/developer/aerostack2_ws/install/as2_core:/home/developer/aerostack2_ws/install/as2_msgs:${AMENT_PREFIX_PATH} CMAKE_PREFIX_PATH=/home/developer/aerostack2_ws/install/as2_behavior:/home/developer/aerostack2_ws/install/as2_core:/home/developer/aerostack2_ws/install/as2_msgs:/opt/ros/humble LD_LIBRARY_PATH=/home/developer/aerostack2_ws/install/as2_behavior/lib:/home/developer/aerostack2_ws/install/as2_core/lib:/home/developer/aerostack2_ws/install/as2_msgs/lib:${LD_LIBRARY_PATH} PYTHONPATH=/home/developer/aerostack2_ws/install/as2_core/local/lib/python3.10/dist-packages:/home/developer/aerostack2_ws/install/as2_msgs/local/lib/python3.10/dist-packages:${PYTHONPATH} /usr/bin/cmake --install /home/developer/aerostack2_ws/build/as2_behaviors_payload
[165.040s] Level 1:colcon.colcon_core.environment:create_environment_scripts_only(as2_behaviors_payload)
[165.040s] DEBUG:colcon.colcon_core.event_handler.log_command:Invoked command in '/home/developer/aerostack2_ws/build/as2_behaviors_payload' returned '0': AMENT_PREFIX_PATH=/home/developer/aerostack2_ws/install/as2_behavior:/home/developer/aerostack2_ws/install/as2_core:/home/developer/aerostack2_ws/install/as2_msgs:${AMENT_PREFIX_PATH} CMAKE_PREFIX_PATH=/home/developer/aerostack2_ws/install/as2_behavior:/home/developer/aerostack2_ws/install/as2_core:/home/developer/aerostack2_ws/install/as2_msgs:/opt/ros/humble LD_LIBRARY_PATH=/home/developer/aerostack2_ws/install/as2_behavior/lib:/home/developer/aerostack2_ws/install/as2_core/lib:/home/developer/aerostack2_ws/install/as2_msgs/lib:${LD_LIBRARY_PATH} PYTHONPATH=/home/developer/aerostack2_ws/install/as2_core/local/lib/python3.10/dist-packages:/home/developer/aerostack2_ws/install/as2_msgs/local/lib/python3.10/dist-packages:${PYTHONPATH} /usr/bin/cmake --install /home/developer/aerostack2_ws/build/as2_behaviors_payload
[165.041s] Level 1:colcon.colcon_core.environment:checking '/home/developer/aerostack2_ws/install/as2_behaviors_payload' for CMake module files
[165.041s] Level 1:colcon.colcon_core.environment:checking '/home/developer/aerostack2_ws/install/as2_behaviors_payload' for CMake config files
[165.042s] Level 1:colcon.colcon_core.shell:create_environment_hook('as2_behaviors_payload', 'cmake_prefix_path')
[165.042s] INFO:colcon.colcon_core.shell:Creating environment hook '/home/developer/aerostack2_ws/install/as2_behaviors_payload/share/as2_behaviors_payload/hook/cmake_prefix_path.ps1'
[165.042s] INFO:colcon.colcon_core.shell:Creating environment descriptor '/home/developer/aerostack2_ws/install/as2_behaviors_payload/share/as2_behaviors_payload/hook/cmake_prefix_path.dsv'
[165.042s] INFO:colcon.colcon_core.shell:Creating environment hook '/home/developer/aerostack2_ws/install/as2_behaviors_payload/share/as2_behaviors_payload/hook/cmake_prefix_path.sh'
[165.043s] Level 1:colcon.colcon_core.environment:checking '/home/developer/aerostack2_ws/install/as2_behaviors_payload/lib'
[165.043s] Level 1:colcon.colcon_core.shell:create_environment_hook('as2_behaviors_payload', 'ld_library_path_lib')
[165.043s] INFO:colcon.colcon_core.shell:Creating environment hook '/home/developer/aerostack2_ws/install/as2_behaviors_payload/share/as2_behaviors_payload/hook/ld_library_path_lib.ps1'
[165.044s] INFO:colcon.colcon_core.shell:Creating environment descriptor '/home/developer/aerostack2_ws/install/as2_behaviors_payload/share/as2_behaviors_payload/hook/ld_library_path_lib.dsv'
[165.044s] INFO:colcon.colcon_core.shell:Creating environment hook '/home/developer/aerostack2_ws/install/as2_behaviors_payload/share/as2_behaviors_payload/hook/ld_library_path_lib.sh'
[165.044s] Level 1:colcon.colcon_core.environment:checking '/home/developer/aerostack2_ws/install/as2_behaviors_payload/bin'
[165.044s] Level 1:colcon.colcon_core.environment:checking '/home/developer/aerostack2_ws/install/as2_behaviors_payload/lib/pkgconfig/as2_behaviors_payload.pc'
[165.044s] Level 1:colcon.colcon_core.environment:checking '/home/developer/aerostack2_ws/install/as2_behaviors_payload/lib/python3.10/site-packages'
[165.045s] Level 1:colcon.colcon_core.environment:checking '/home/developer/aerostack2_ws/install/as2_behaviors_payload/bin'
[165.045s] INFO:colcon.colcon_core.shell:Creating package script '/home/developer/aerostack2_ws/install/as2_behaviors_payload/share/as2_behaviors_payload/package.ps1'
[165.046s] INFO:colcon.colcon_core.shell:Creating package descriptor '/home/developer/aerostack2_ws/install/as2_behaviors_payload/share/as2_behaviors_payload/package.dsv'
[165.046s] INFO:colcon.colcon_core.shell:Creating package script '/home/developer/aerostack2_ws/install/as2_behaviors_payload/share/as2_behaviors_payload/package.sh'
[165.046s] INFO:colcon.colcon_core.shell:Creating package script '/home/developer/aerostack2_ws/install/as2_behaviors_payload/share/as2_behaviors_payload/package.bash'
[165.047s] INFO:colcon.colcon_core.shell:Creating package script '/home/developer/aerostack2_ws/install/as2_behaviors_payload/share/as2_behaviors_payload/package.zsh'
[165.047s] Level 1:colcon.colcon_core.environment:create_file_with_runtime_dependencies(/home/developer/aerostack2_ws/install/as2_behaviors_payload/share/colcon-core/packages/as2_behaviors_payload)
[165.047s] Level 1:colcon.colcon_core.environment:create_environment_scripts_only(as2_behaviors_payload)
[165.048s] Level 1:colcon.colcon_core.environment:checking '/home/developer/aerostack2_ws/install/as2_behaviors_payload' for CMake module files
[165.048s] Level 1:colcon.colcon_core.environment:checking '/home/developer/aerostack2_ws/install/as2_behaviors_payload' for CMake config files
[165.048s] Level 1:colcon.colcon_core.shell:create_environment_hook('as2_behaviors_payload', 'cmake_prefix_path')
[165.048s] INFO:colcon.colcon_core.shell:Creating environment hook '/home/developer/aerostack2_ws/install/as2_behaviors_payload/share/as2_behaviors_payload/hook/cmake_prefix_path.ps1'
[165.049s] INFO:colcon.colcon_core.shell:Creating environment descriptor '/home/developer/aerostack2_ws/install/as2_behaviors_payload/share/as2_behaviors_payload/hook/cmake_prefix_path.dsv'
[165.049s] INFO:colcon.colcon_core.shell:Creating environment hook '/home/developer/aerostack2_ws/install/as2_behaviors_payload/share/as2_behaviors_payload/hook/cmake_prefix_path.sh'
[165.049s] Level 1:colcon.colcon_core.environment:checking '/home/developer/aerostack2_ws/install/as2_behaviors_payload/lib'
[165.049s] Level 1:colcon.colcon_core.shell:create_environment_hook('as2_behaviors_payload', 'ld_library_path_lib')
[165.049s] INFO:colcon.colcon_core.shell:Creating environment hook '/home/developer/aerostack2_ws/install/as2_behaviors_payload/share/as2_behaviors_payload/hook/ld_library_path_lib.ps1'
[165.049s] INFO:colcon.colcon_core.shell:Creating environment descriptor '/home/developer/aerostack2_ws/install/as2_behaviors_payload/share/as2_behaviors_payload/hook/ld_library_path_lib.dsv'
[165.050s] INFO:colcon.colcon_core.shell:Creating environment hook '/home/developer/aerostack2_ws/install/as2_behaviors_payload/share/as2_behaviors_payload/hook/ld_library_path_lib.sh'
[165.050s] Level 1:colcon.colcon_core.environment:checking '/home/developer/aerostack2_ws/install/as2_behaviors_payload/bin'
[165.050s] Level 1:colcon.colcon_core.environment:checking '/home/developer/aerostack2_ws/install/as2_behaviors_payload/lib/pkgconfig/as2_behaviors_payload.pc'
[165.050s] Level 1:colcon.colcon_core.environment:checking '/home/developer/aerostack2_ws/install/as2_behaviors_payload/lib/python3.10/site-packages'
[165.050s] Level 1:colcon.colcon_core.environment:checking '/home/developer/aerostack2_ws/install/as2_behaviors_payload/bin'
[165.050s] INFO:colcon.colcon_core.shell:Creating package script '/home/developer/aerostack2_ws/install/as2_behaviors_payload/share/as2_behaviors_payload/package.ps1'
[165.051s] INFO:colcon.colcon_core.shell:Creating package descriptor '/home/developer/aerostack2_ws/install/as2_behaviors_payload/share/as2_behaviors_payload/package.dsv'
[165.051s] INFO:colcon.colcon_core.shell:Creating package script '/home/developer/aerostack2_ws/install/as2_behaviors_payload/share/as2_behaviors_payload/package.sh'
[165.051s] INFO:colcon.colcon_core.shell:Creating package script '/home/developer/aerostack2_ws/install/as2_behaviors_payload/share/as2_behaviors_payload/package.bash'
[165.051s] INFO:colcon.colcon_core.shell:Creating package script '/home/developer/aerostack2_ws/install/as2_behaviors_payload/share/as2_behaviors_payload/package.zsh'
[165.051s] Level 1:colcon.colcon_core.environment:create_file_with_runtime_dependencies(/home/developer/aerostack2_ws/install/as2_behaviors_payload/share/colcon-core/packages/as2_behaviors_payload)
[165.052s] INFO:colcon.colcon_ros.task.ament_cmake.build:Building ROS package in '/home/developer/aerostack2_ws/src/aerostack2-tcc_lucca/as2_behaviors/as2_behaviors_swarm_flocking' with build type 'ament_cmake'
[165.052s] INFO:colcon.colcon_cmake.task.cmake.build:Building CMake package in '/home/developer/aerostack2_ws/src/aerostack2-tcc_lucca/as2_behaviors/as2_behaviors_swarm_flocking'
[165.052s] INFO:colcon.colcon_core.shell:Skip shell extension 'powershell' for command environment: Not usable outside of PowerShell
[165.052s] DEBUG:colcon.colcon_core.shell:Skip shell extension 'dsv' for command environment
[165.064s] DEBUG:colcon.colcon_core.event_handler.log_command:Invoking command in '/home/developer/aerostack2_ws/build/as2_behaviors_swarm_flocking': AMENT_PREFIX_PATH=/home/developer/aerostack2_ws/install/as2_motion_reference_handlers:/home/developer/aerostack2_ws/install/as2_behavior:/home/developer/aerostack2_ws/install/as2_core:/home/developer/aerostack2_ws/install/as2_msgs:${AMENT_PREFIX_PATH} CMAKE_PREFIX_PATH=/home/developer/aerostack2_ws/install/as2_motion_reference_handlers:/home/developer/aerostack2_ws/install/as2_behavior:/home/developer/aerostack2_ws/install/as2_core:/home/developer/aerostack2_ws/install/as2_msgs:/opt/ros/humble LD_LIBRARY_PATH=/home/developer/aerostack2_ws/install/as2_motion_reference_handlers/lib:/home/developer/aerostack2_ws/install/as2_behavior/lib:/home/developer/aerostack2_ws/install/as2_core/lib:/home/developer/aerostack2_ws/install/as2_msgs/lib:${LD_LIBRARY_PATH} PYTHONPATH=/home/developer/aerostack2_ws/install/as2_motion_reference_handlers/local/lib/python3.10/dist-packages:/home/developer/aerostack2_ws/install/as2_core/local/lib/python3.10/dist-packages:/home/developer/aerostack2_ws/install/as2_msgs/local/lib/python3.10/dist-packages:${PYTHONPATH} /usr/bin/cmake /home/developer/aerostack2_ws/src/aerostack2-tcc_lucca/as2_behaviors/as2_behaviors_swarm_flocking -DAMENT_CMAKE_SYMLINK_INSTALL=1 -DCMAKE_INSTALL_PREFIX=/home/developer/aerostack2_ws/install/as2_behaviors_swarm_flocking
[176.652s] DEBUG:colcon.colcon_core.event_handler.log_command:Invoked command in '/home/developer/aerostack2_ws/build/as2_behaviors_swarm_flocking' returned '0': AMENT_PREFIX_PATH=/home/developer/aerostack2_ws/install/as2_motion_reference_handlers:/home/developer/aerostack2_ws/install/as2_behavior:/home/developer/aerostack2_ws/install/as2_core:/home/developer/aerostack2_ws/install/as2_msgs:${AMENT_PREFIX_PATH} CMAKE_PREFIX_PATH=/home/developer/aerostack2_ws/install/as2_motion_reference_handlers:/home/developer/aerostack2_ws/install/as2_behavior:/home/developer/aerostack2_ws/install/as2_core:/home/developer/aerostack2_ws/install/as2_msgs:/opt/ros/humble LD_LIBRARY_PATH=/home/developer/aerostack2_ws/install/as2_motion_reference_handlers/lib:/home/developer/aerostack2_ws/install/as2_behavior/lib:/home/developer/aerostack2_ws/install/as2_core/lib:/home/developer/aerostack2_ws/install/as2_msgs/lib:${LD_LIBRARY_PATH} PYTHONPATH=/home/developer/aerostack2_ws/install/as2_motion_reference_handlers/local/lib/python3.10/dist-packages:/home/developer/aerostack2_ws/install/as2_core/local/lib/python3.10/dist-packages:/home/developer/aerostack2_ws/install/as2_msgs/local/lib/python3.10/dist-packages:${PYTHONPATH} /usr/bin/cmake /home/developer/aerostack2_ws/src/aerostack2-tcc_lucca/as2_behaviors/as2_behaviors_swarm_flocking -DAMENT_CMAKE_SYMLINK_INSTALL=1 -DCMAKE_INSTALL_PREFIX=/home/developer/aerostack2_ws/install/as2_behaviors_swarm_flocking
[176.653s] DEBUG:colcon.colcon_core.event_handler.log_command:Invoking command in '/home/developer/aerostack2_ws/build/as2_behaviors_swarm_flocking': AMENT_PREFIX_PATH=/home/developer/aerostack2_ws/install/as2_motion_reference_handlers:/home/developer/aerostack2_ws/install/as2_behavior:/home/developer/aerostack2_ws/install/as2_core:/home/developer/aerostack2_ws/install/as2_msgs:${AMENT_PREFIX_PATH} CMAKE_PREFIX_PATH=/home/developer/aerostack2_ws/install/as2_motion_reference_handlers:/home/developer/aerostack2_ws/install/as2_behavior:/home/developer/aerostack2_ws/install/as2_core:/home/developer/aerostack2_ws/install/as2_msgs:/opt/ros/humble LD_LIBRARY_PATH=/home/developer/aerostack2_ws/install/as2_motion_reference_handlers/lib:/home/developer/aerostack2_ws/install/as2_behavior/lib:/home/developer/aerostack2_ws/install/as2_core/lib:/home/developer/aerostack2_ws/install/as2_msgs/lib:${LD_LIBRARY_PATH} PYTHONPATH=/home/developer/aerostack2_ws/install/as2_motion_reference_handlers/local/lib/python3.10/dist-packages:/home/developer/aerostack2_ws/install/as2_core/local/lib/python3.10/dist-packages:/home/developer/aerostack2_ws/install/as2_msgs/local/lib/python3.10/dist-packages:${PYTHONPATH} /usr/bin/cmake --build /home/developer/aerostack2_ws/build/as2_behaviors_swarm_flocking -- -j20 -l20
[206.335s] DEBUG:colcon.colcon_core.event_handler.log_command:Invoked command in '/home/developer/aerostack2_ws/build/as2_behaviors_swarm_flocking' returned '0': AMENT_PREFIX_PATH=/home/developer/aerostack2_ws/install/as2_motion_reference_handlers:/home/developer/aerostack2_ws/install/as2_behavior:/home/developer/aerostack2_ws/install/as2_core:/home/developer/aerostack2_ws/install/as2_msgs:${AMENT_PREFIX_PATH} CMAKE_PREFIX_PATH=/home/developer/aerostack2_ws/install/as2_motion_reference_handlers:/home/developer/aerostack2_ws/install/as2_behavior:/home/developer/aerostack2_ws/install/as2_core:/home/developer/aerostack2_ws/install/as2_msgs:/opt/ros/humble LD_LIBRARY_PATH=/home/developer/aerostack2_ws/install/as2_motion_reference_handlers/lib:/home/developer/aerostack2_ws/install/as2_behavior/lib:/home/developer/aerostack2_ws/install/as2_core/lib:/home/developer/aerostack2_ws/install/as2_msgs/lib:${LD_LIBRARY_PATH} PYTHONPATH=/home/developer/aerostack2_ws/install/as2_motion_reference_handlers/local/lib/python3.10/dist-packages:/home/developer/aerostack2_ws/install/as2_core/local/lib/python3.10/dist-packages:/home/developer/aerostack2_ws/install/as2_msgs/local/lib/python3.10/dist-packages:${PYTHONPATH} /usr/bin/cmake --build /home/developer/aerostack2_ws/build/as2_behaviors_swarm_flocking -- -j20 -l20
[206.336s] DEBUG:colcon.colcon_core.event_handler.log_command:Invoking command in '/home/developer/aerostack2_ws/build/as2_behaviors_swarm_flocking': AMENT_PREFIX_PATH=/home/developer/aerostack2_ws/install/as2_motion_reference_handlers:/home/developer/aerostack2_ws/install/as2_behavior:/home/developer/aerostack2_ws/install/as2_core:/home/developer/aerostack2_ws/install/as2_msgs:${AMENT_PREFIX_PATH} CMAKE_PREFIX_PATH=/home/developer/aerostack2_ws/install/as2_motion_reference_handlers:/home/developer/aerostack2_ws/install/as2_behavior:/home/developer/aerostack2_ws/install/as2_core:/home/developer/aerostack2_ws/install/as2_msgs:/opt/ros/humble LD_LIBRARY_PATH=/home/developer/aerostack2_ws/install/as2_motion_reference_handlers/lib:/home/developer/aerostack2_ws/install/as2_behavior/lib:/home/developer/aerostack2_ws/install/as2_core/lib:/home/developer/aerostack2_ws/install/as2_msgs/lib:${LD_LIBRARY_PATH} PYTHONPATH=/home/developer/aerostack2_ws/install/as2_motion_reference_handlers/local/lib/python3.10/dist-packages:/home/developer/aerostack2_ws/install/as2_core/local/lib/python3.10/dist-packages:/home/developer/aerostack2_ws/install/as2_msgs/local/lib/python3.10/dist-packages:${PYTHONPATH} /usr/bin/cmake --install /home/developer/aerostack2_ws/build/as2_behaviors_swarm_flocking
[206.499s] Level 1:colcon.colcon_core.environment:create_environment_scripts_only(as2_behaviors_swarm_flocking)
[206.499s] Level 1:colcon.colcon_core.environment:checking '/home/developer/aerostack2_ws/install/as2_behaviors_swarm_flocking' for CMake module files
[206.499s] DEBUG:colcon.colcon_core.event_handler.log_command:Invoked command in '/home/developer/aerostack2_ws/build/as2_behaviors_swarm_flocking' returned '0': AMENT_PREFIX_PATH=/home/developer/aerostack2_ws/install/as2_motion_reference_handlers:/home/developer/aerostack2_ws/install/as2_behavior:/home/developer/aerostack2_ws/install/as2_core:/home/developer/aerostack2_ws/install/as2_msgs:${AMENT_PREFIX_PATH} CMAKE_PREFIX_PATH=/home/developer/aerostack2_ws/install/as2_motion_reference_handlers:/home/developer/aerostack2_ws/install/as2_behavior:/home/developer/aerostack2_ws/install/as2_core:/home/developer/aerostack2_ws/install/as2_msgs:/opt/ros/humble LD_LIBRARY_PATH=/home/developer/aerostack2_ws/install/as2_motion_reference_handlers/lib:/home/developer/aerostack2_ws/install/as2_behavior/lib:/home/developer/aerostack2_ws/install/as2_core/lib:/home/developer/aerostack2_ws/install/as2_msgs/lib:${LD_LIBRARY_PATH} PYTHONPATH=/home/developer/aerostack2_ws/install/as2_motion_reference_handlers/local/lib/python3.10/dist-packages:/home/developer/aerostack2_ws/install/as2_core/local/lib/python3.10/dist-packages:/home/developer/aerostack2_ws/install/as2_msgs/local/lib/python3.10/dist-packages:${PYTHONPATH} /usr/bin/cmake --install /home/developer/aerostack2_ws/build/as2_behaviors_swarm_flocking
[206.499s] Level 1:colcon.colcon_core.environment:checking '/home/developer/aerostack2_ws/install/as2_behaviors_swarm_flocking' for CMake config files
[206.499s] Level 1:colcon.colcon_core.shell:create_environment_hook('as2_behaviors_swarm_flocking', 'cmake_prefix_path')
[206.499s] INFO:colcon.colcon_core.shell:Creating environment hook '/home/developer/aerostack2_ws/install/as2_behaviors_swarm_flocking/share/as2_behaviors_swarm_flocking/hook/cmake_prefix_path.ps1'
[206.500s] INFO:colcon.colcon_core.shell:Creating environment descriptor '/home/developer/aerostack2_ws/install/as2_behaviors_swarm_flocking/share/as2_behaviors_swarm_flocking/hook/cmake_prefix_path.dsv'
[206.500s] INFO:colcon.colcon_core.shell:Creating environment hook '/home/developer/aerostack2_ws/install/as2_behaviors_swarm_flocking/share/as2_behaviors_swarm_flocking/hook/cmake_prefix_path.sh'
[206.500s] Level 1:colcon.colcon_core.environment:checking '/home/developer/aerostack2_ws/install/as2_behaviors_swarm_flocking/lib'
[206.500s] Level 1:colcon.colcon_core.shell:create_environment_hook('as2_behaviors_swarm_flocking', 'ld_library_path_lib')
[206.500s] INFO:colcon.colcon_core.shell:Creating environment hook '/home/developer/aerostack2_ws/install/as2_behaviors_swarm_flocking/share/as2_behaviors_swarm_flocking/hook/ld_library_path_lib.ps1'
[206.501s] INFO:colcon.colcon_core.shell:Creating environment descriptor '/home/developer/aerostack2_ws/install/as2_behaviors_swarm_flocking/share/as2_behaviors_swarm_flocking/hook/ld_library_path_lib.dsv'
[206.501s] INFO:colcon.colcon_core.shell:Creating environment hook '/home/developer/aerostack2_ws/install/as2_behaviors_swarm_flocking/share/as2_behaviors_swarm_flocking/hook/ld_library_path_lib.sh'
[206.501s] Level 1:colcon.colcon_core.environment:checking '/home/developer/aerostack2_ws/install/as2_behaviors_swarm_flocking/bin'
[206.501s] Level 1:colcon.colcon_core.environment:checking '/home/developer/aerostack2_ws/install/as2_behaviors_swarm_flocking/lib/pkgconfig/as2_behaviors_swarm_flocking.pc'
[206.501s] Level 1:colcon.colcon_core.environment:checking '/home/developer/aerostack2_ws/install/as2_behaviors_swarm_flocking/lib/python3.10/site-packages'
[206.501s] Level 1:colcon.colcon_core.environment:checking '/home/developer/aerostack2_ws/install/as2_behaviors_swarm_flocking/bin'
[206.501s] INFO:colcon.colcon_core.shell:Creating package script '/home/developer/aerostack2_ws/install/as2_behaviors_swarm_flocking/share/as2_behaviors_swarm_flocking/package.ps1'
[206.502s] INFO:colcon.colcon_core.shell:Creating package descriptor '/home/developer/aerostack2_ws/install/as2_behaviors_swarm_flocking/share/as2_behaviors_swarm_flocking/package.dsv'
[206.502s] INFO:colcon.colcon_core.shell:Creating package script '/home/developer/aerostack2_ws/install/as2_behaviors_swarm_flocking/share/as2_behaviors_swarm_flocking/package.sh'
[206.502s] INFO:colcon.colcon_core.shell:Creating package script '/home/developer/aerostack2_ws/install/as2_behaviors_swarm_flocking/share/as2_behaviors_swarm_flocking/package.bash'
[206.502s] INFO:colcon.colcon_core.shell:Creating package script '/home/developer/aerostack2_ws/install/as2_behaviors_swarm_flocking/share/as2_behaviors_swarm_flocking/package.zsh'
[206.502s] Level 1:colcon.colcon_core.environment:create_file_with_runtime_dependencies(/home/developer/aerostack2_ws/install/as2_behaviors_swarm_flocking/share/colcon-core/packages/as2_behaviors_swarm_flocking)
[206.503s] Level 1:colcon.colcon_core.environment:create_environment_scripts_only(as2_behaviors_swarm_flocking)
[206.503s] Level 1:colcon.colcon_core.environment:checking '/home/developer/aerostack2_ws/install/as2_behaviors_swarm_flocking' for CMake module files
[206.503s] Level 1:colcon.colcon_core.environment:checking '/home/developer/aerostack2_ws/install/as2_behaviors_swarm_flocking' for CMake config files
[206.503s] Level 1:colcon.colcon_core.shell:create_environment_hook('as2_behaviors_swarm_flocking', 'cmake_prefix_path')
[206.503s] INFO:colcon.colcon_core.shell:Creating environment hook '/home/developer/aerostack2_ws/install/as2_behaviors_swarm_flocking/share/as2_behaviors_swarm_flocking/hook/cmake_prefix_path.ps1'
[206.503s] INFO:colcon.colcon_core.shell:Creating environment descriptor '/home/developer/aerostack2_ws/install/as2_behaviors_swarm_flocking/share/as2_behaviors_swarm_flocking/hook/cmake_prefix_path.dsv'
[206.504s] INFO:colcon.colcon_core.shell:Creating environment hook '/home/developer/aerostack2_ws/install/as2_behaviors_swarm_flocking/share/as2_behaviors_swarm_flocking/hook/cmake_prefix_path.sh'
[206.504s] Level 1:colcon.colcon_core.environment:checking '/home/developer/aerostack2_ws/install/as2_behaviors_swarm_flocking/lib'
[206.504s] Level 1:colcon.colcon_core.shell:create_environment_hook('as2_behaviors_swarm_flocking', 'ld_library_path_lib')
[206.504s] INFO:colcon.colcon_core.shell:Creating environment hook '/home/developer/aerostack2_ws/install/as2_behaviors_swarm_flocking/share/as2_behaviors_swarm_flocking/hook/ld_library_path_lib.ps1'
[206.504s] INFO:colcon.colcon_core.shell:Creating environment descriptor '/home/developer/aerostack2_ws/install/as2_behaviors_swarm_flocking/share/as2_behaviors_swarm_flocking/hook/ld_library_path_lib.dsv'
[206.504s] INFO:colcon.colcon_core.shell:Creating environment hook '/home/developer/aerostack2_ws/install/as2_behaviors_swarm_flocking/share/as2_behaviors_swarm_flocking/hook/ld_library_path_lib.sh'
[206.505s] Level 1:colcon.colcon_core.environment:checking '/home/developer/aerostack2_ws/install/as2_behaviors_swarm_flocking/bin'
[206.505s] Level 1:colcon.colcon_core.environment:checking '/home/developer/aerostack2_ws/install/as2_behaviors_swarm_flocking/lib/pkgconfig/as2_behaviors_swarm_flocking.pc'
[206.505s] Level 1:colcon.colcon_core.environment:checking '/home/developer/aerostack2_ws/install/as2_behaviors_swarm_flocking/lib/python3.10/site-packages'
[206.505s] Level 1:colcon.colcon_core.environment:checking '/home/developer/aerostack2_ws/install/as2_behaviors_swarm_flocking/bin'
[206.505s] INFO:colcon.colcon_core.shell:Creating package script '/home/developer/aerostack2_ws/install/as2_behaviors_swarm_flocking/share/as2_behaviors_swarm_flocking/package.ps1'
[206.505s] INFO:colcon.colcon_core.shell:Creating package descriptor '/home/developer/aerostack2_ws/install/as2_behaviors_swarm_flocking/share/as2_behaviors_swarm_flocking/package.dsv'
[206.506s] INFO:colcon.colcon_core.shell:Creating package script '/home/developer/aerostack2_ws/install/as2_behaviors_swarm_flocking/share/as2_behaviors_swarm_flocking/package.sh'
[206.506s] INFO:colcon.colcon_core.shell:Creating package script '/home/developer/aerostack2_ws/install/as2_behaviors_swarm_flocking/share/as2_behaviors_swarm_flocking/package.bash'
[206.506s] INFO:colcon.colcon_core.shell:Creating package script '/home/developer/aerostack2_ws/install/as2_behaviors_swarm_flocking/share/as2_behaviors_swarm_flocking/package.zsh'
[206.506s] Level 1:colcon.colcon_core.environment:create_file_with_runtime_dependencies(/home/developer/aerostack2_ws/install/as2_behaviors_swarm_flocking/share/colcon-core/packages/as2_behaviors_swarm_flocking)
[206.506s] INFO:colcon.colcon_ros.task.ament_cmake.build:Building ROS package in '/home/developer/aerostack2_ws/src/aerostack2-tcc_lucca/aerostack2' with build type 'ament_cmake'
[206.506s] INFO:colcon.colcon_cmake.task.cmake.build:Building CMake package in '/home/developer/aerostack2_ws/src/aerostack2-tcc_lucca/aerostack2'
[206.507s] INFO:colcon.colcon_core.shell:Skip shell extension 'powershell' for command environment: Not usable outside of PowerShell
[206.507s] DEBUG:colcon.colcon_core.shell:Skip shell extension 'dsv' for command environment
[206.543s] DEBUG:colcon.colcon_core.event_handler.log_command:Invoking command in '/home/developer/aerostack2_ws/build/aerostack2': AMENT_PREFIX_PATH=/home/developer/aerostack2_ws/install/as2_keyboard_teleoperation:/home/developer/aerostack2_ws/install/as2_visualization:/home/developer/aerostack2_ws/install/as2_rviz_plugins:/home/developer/aerostack2_ws/install/as2_python_api:/home/developer/aerostack2_ws/install/as2_platform_gazebo:/home/developer/aerostack2_ws/install/as2_motion_controller:/home/developer/aerostack2_ws/install/as2_behaviors_trajectory_generation:/home/developer/aerostack2_ws/install/as2_behaviors_platform:/home/developer/aerostack2_ws/install/as2_behaviors_perception:/home/developer/aerostack2_ws/install/as2_behaviors_path_planning:/home/developer/aerostack2_ws/install/as2_behaviors_motion:/home/developer/aerostack2_ws/install/as2_usb_camera_interface:/home/developer/aerostack2_ws/install/as2_state_estimator:/home/developer/aerostack2_ws/install/as2_realsense_interface:/home/developer/aerostack2_ws/install/as2_platform_multirotor_simulator:/home/developer/aerostack2_ws/install/as2_motion_reference_handlers:/home/developer/aerostack2_ws/install/as2_map_server:/home/developer/aerostack2_ws/install/as2_geozones:/home/developer/aerostack2_ws/install/as2_gazebo_assets:/home/developer/aerostack2_ws/install/as2_external_object_to_tf:/home/developer/aerostack2_ws/install/as2_behavior_tree:/home/developer/aerostack2_ws/install/as2_behavior:/home/developer/aerostack2_ws/install/as2_alphanumeric_viewer:/home/developer/aerostack2_ws/install/as2_core:/home/developer/aerostack2_ws/install/as2_msgs:/home/developer/aerostack2_ws/install/as2_cli:${AMENT_PREFIX_PATH} AS2_MODULES_PATH=/home/developer/aerostack2_ws/install/as2_python_api/share/as2_python_api/modules CMAKE_PREFIX_PATH=/home/developer/aerostack2_ws/install/as2_rviz_plugins:/home/developer/aerostack2_ws/install/as2_platform_gazebo:/home/developer/aerostack2_ws/install/as2_motion_controller:/home/developer/aerostack2_ws/install/as2_behaviors_trajectory_generation:/home/developer/aerostack2_ws/install/as2_behaviors_platform:/home/developer/aerostack2_ws/install/as2_behaviors_perception:/home/developer/aerostack2_ws/install/as2_behaviors_path_planning:/home/developer/aerostack2_ws/install/as2_behaviors_motion:/home/developer/aerostack2_ws/install/as2_usb_camera_interface:/home/developer/aerostack2_ws/install/as2_state_estimator:/home/developer/aerostack2_ws/install/as2_realsense_interface:/home/developer/aerostack2_ws/install/as2_platform_multirotor_simulator:/home/developer/aerostack2_ws/install/as2_motion_reference_handlers:/home/developer/aerostack2_ws/install/as2_map_server:/home/developer/aerostack2_ws/install/as2_geozones:/home/developer/aerostack2_ws/install/as2_gazebo_assets:/home/developer/aerostack2_ws/install/as2_external_object_to_tf:/home/developer/aerostack2_ws/install/as2_behavior_tree:/home/developer/aerostack2_ws/install/as2_behavior:/home/developer/aerostack2_ws/install/as2_alphanumeric_viewer:/home/developer/aerostack2_ws/install/as2_core:/home/developer/aerostack2_ws/install/as2_msgs:/home/developer/aerostack2_ws/install/as2_cli:/opt/ros/humble GZ_SIM_RESOURCE_PATH=/home/developer/aerostack2_ws/install/as2_gazebo_assets/share/as2_ign_gazebo_assets/worlds:/home/developer/aerostack2_ws/install/as2_gazebo_assets/share/as2_ign_gazebo_assets/models GZ_SIM_SYSTEM_PLUGIN_PATH=/home/developer/aerostack2_ws/install/as2_gazebo_assets/lib GZ_VERSION=@GZ_VERSION@ LD_LIBRARY_PATH=/home/developer/aerostack2_ws/install/as2_python_api/lib:/home/developer/aerostack2_ws/install/as2_motion_controller/lib:/home/developer/aerostack2_ws/install/as2_behaviors_trajectory_generation/lib:/home/developer/aerostack2_ws/install/as2_behaviors_perception/lib:/home/developer/aerostack2_ws/install/as2_behaviors_path_planning/lib:/home/developer/aerostack2_ws/install/as2_behaviors_motion/lib:/home/developer/aerostack2_ws/install/as2_state_estimator/lib:/home/developer/aerostack2_ws/install/as2_motion_reference_handlers/lib:/home/developer/aerostack2_ws/install/as2_map_server/lib:/home/developer/aerostack2_ws/install/as2_gazebo_assets/lib:/home/developer/aerostack2_ws/install/as2_behavior_tree/lib:/home/developer/aerostack2_ws/install/as2_behavior/lib:/home/developer/aerostack2_ws/install/as2_core/lib:/home/developer/aerostack2_ws/install/as2_msgs/lib:${LD_LIBRARY_PATH} PYTHONPATH=/home/developer/aerostack2_ws/build/as2_keyboard_teleoperation:/home/developer/aerostack2_ws/install/as2_keyboard_teleoperation/lib/python3.10/site-packages:/home/developer/aerostack2_ws/build/as2_visualization:/home/developer/aerostack2_ws/install/as2_visualization/lib/python3.10/site-packages:/home/developer/aerostack2_ws/build/as2_python_api:/home/developer/aerostack2_ws/install/as2_python_api/lib/python3.10/site-packages:/home/developer/aerostack2_ws/install/as2_motion_reference_handlers/local/lib/python3.10/dist-packages:/home/developer/aerostack2_ws/install/as2_gazebo_assets/local/lib/python3.10/dist-packages:/home/developer/aerostack2_ws/install/as2_core/local/lib/python3.10/dist-packages:/home/developer/aerostack2_ws/install/as2_msgs/local/lib/python3.10/dist-packages:${PYTHONPATH} /usr/bin/cmake /home/developer/aerostack2_ws/src/aerostack2-tcc_lucca/aerostack2 -DAMENT_CMAKE_SYMLINK_INSTALL=1 -DCMAKE_INSTALL_PREFIX=/home/developer/aerostack2_ws/install/aerostack2
[207.021s] DEBUG:colcon.colcon_core.event_handler.log_command:Invoked command in '/home/developer/aerostack2_ws/build/aerostack2' returned '0': AMENT_PREFIX_PATH=/home/developer/aerostack2_ws/install/as2_keyboard_teleoperation:/home/developer/aerostack2_ws/install/as2_visualization:/home/developer/aerostack2_ws/install/as2_rviz_plugins:/home/developer/aerostack2_ws/install/as2_python_api:/home/developer/aerostack2_ws/install/as2_platform_gazebo:/home/developer/aerostack2_ws/install/as2_motion_controller:/home/developer/aerostack2_ws/install/as2_behaviors_trajectory_generation:/home/developer/aerostack2_ws/install/as2_behaviors_platform:/home/developer/aerostack2_ws/install/as2_behaviors_perception:/home/developer/aerostack2_ws/install/as2_behaviors_path_planning:/home/developer/aerostack2_ws/install/as2_behaviors_motion:/home/developer/aerostack2_ws/install/as2_usb_camera_interface:/home/developer/aerostack2_ws/install/as2_state_estimator:/home/developer/aerostack2_ws/install/as2_realsense_interface:/home/developer/aerostack2_ws/install/as2_platform_multirotor_simulator:/home/developer/aerostack2_ws/install/as2_motion_reference_handlers:/home/developer/aerostack2_ws/install/as2_map_server:/home/developer/aerostack2_ws/install/as2_geozones:/home/developer/aerostack2_ws/install/as2_gazebo_assets:/home/developer/aerostack2_ws/install/as2_external_object_to_tf:/home/developer/aerostack2_ws/install/as2_behavior_tree:/home/developer/aerostack2_ws/install/as2_behavior:/home/developer/aerostack2_ws/install/as2_alphanumeric_viewer:/home/developer/aerostack2_ws/install/as2_core:/home/developer/aerostack2_ws/install/as2_msgs:/home/developer/aerostack2_ws/install/as2_cli:${AMENT_PREFIX_PATH} AS2_MODULES_PATH=/home/developer/aerostack2_ws/install/as2_python_api/share/as2_python_api/modules CMAKE_PREFIX_PATH=/home/developer/aerostack2_ws/install/as2_rviz_plugins:/home/developer/aerostack2_ws/install/as2_platform_gazebo:/home/developer/aerostack2_ws/install/as2_motion_controller:/home/developer/aerostack2_ws/install/as2_behaviors_trajectory_generation:/home/developer/aerostack2_ws/install/as2_behaviors_platform:/home/developer/aerostack2_ws/install/as2_behaviors_perception:/home/developer/aerostack2_ws/install/as2_behaviors_path_planning:/home/developer/aerostack2_ws/install/as2_behaviors_motion:/home/developer/aerostack2_ws/install/as2_usb_camera_interface:/home/developer/aerostack2_ws/install/as2_state_estimator:/home/developer/aerostack2_ws/install/as2_realsense_interface:/home/developer/aerostack2_ws/install/as2_platform_multirotor_simulator:/home/developer/aerostack2_ws/install/as2_motion_reference_handlers:/home/developer/aerostack2_ws/install/as2_map_server:/home/developer/aerostack2_ws/install/as2_geozones:/home/developer/aerostack2_ws/install/as2_gazebo_assets:/home/developer/aerostack2_ws/install/as2_external_object_to_tf:/home/developer/aerostack2_ws/install/as2_behavior_tree:/home/developer/aerostack2_ws/install/as2_behavior:/home/developer/aerostack2_ws/install/as2_alphanumeric_viewer:/home/developer/aerostack2_ws/install/as2_core:/home/developer/aerostack2_ws/install/as2_msgs:/home/developer/aerostack2_ws/install/as2_cli:/opt/ros/humble GZ_SIM_RESOURCE_PATH=/home/developer/aerostack2_ws/install/as2_gazebo_assets/share/as2_ign_gazebo_assets/worlds:/home/developer/aerostack2_ws/install/as2_gazebo_assets/share/as2_ign_gazebo_assets/models GZ_SIM_SYSTEM_PLUGIN_PATH=/home/developer/aerostack2_ws/install/as2_gazebo_assets/lib GZ_VERSION=@GZ_VERSION@ LD_LIBRARY_PATH=/home/developer/aerostack2_ws/install/as2_python_api/lib:/home/developer/aerostack2_ws/install/as2_motion_controller/lib:/home/developer/aerostack2_ws/install/as2_behaviors_trajectory_generation/lib:/home/developer/aerostack2_ws/install/as2_behaviors_perception/lib:/home/developer/aerostack2_ws/install/as2_behaviors_path_planning/lib:/home/developer/aerostack2_ws/install/as2_behaviors_motion/lib:/home/developer/aerostack2_ws/install/as2_state_estimator/lib:/home/developer/aerostack2_ws/install/as2_motion_reference_handlers/lib:/home/developer/aerostack2_ws/install/as2_map_server/lib:/home/developer/aerostack2_ws/install/as2_gazebo_assets/lib:/home/developer/aerostack2_ws/install/as2_behavior_tree/lib:/home/developer/aerostack2_ws/install/as2_behavior/lib:/home/developer/aerostack2_ws/install/as2_core/lib:/home/developer/aerostack2_ws/install/as2_msgs/lib:${LD_LIBRARY_PATH} PYTHONPATH=/home/developer/aerostack2_ws/build/as2_keyboard_teleoperation:/home/developer/aerostack2_ws/install/as2_keyboard_teleoperation/lib/python3.10/site-packages:/home/developer/aerostack2_ws/build/as2_visualization:/home/developer/aerostack2_ws/install/as2_visualization/lib/python3.10/site-packages:/home/developer/aerostack2_ws/build/as2_python_api:/home/developer/aerostack2_ws/install/as2_python_api/lib/python3.10/site-packages:/home/developer/aerostack2_ws/install/as2_motion_reference_handlers/local/lib/python3.10/dist-packages:/home/developer/aerostack2_ws/install/as2_gazebo_assets/local/lib/python3.10/dist-packages:/home/developer/aerostack2_ws/install/as2_core/local/lib/python3.10/dist-packages:/home/developer/aerostack2_ws/install/as2_msgs/local/lib/python3.10/dist-packages:${PYTHONPATH} /usr/bin/cmake /home/developer/aerostack2_ws/src/aerostack2-tcc_lucca/aerostack2 -DAMENT_CMAKE_SYMLINK_INSTALL=1 -DCMAKE_INSTALL_PREFIX=/home/developer/aerostack2_ws/install/aerostack2
[207.022s] DEBUG:colcon.colcon_core.event_handler.log_command:Invoking command in '/home/developer/aerostack2_ws/build/aerostack2': AMENT_PREFIX_PATH=/home/developer/aerostack2_ws/install/as2_keyboard_teleoperation:/home/developer/aerostack2_ws/install/as2_visualization:/home/developer/aerostack2_ws/install/as2_rviz_plugins:/home/developer/aerostack2_ws/install/as2_python_api:/home/developer/aerostack2_ws/install/as2_platform_gazebo:/home/developer/aerostack2_ws/install/as2_motion_controller:/home/developer/aerostack2_ws/install/as2_behaviors_trajectory_generation:/home/developer/aerostack2_ws/install/as2_behaviors_platform:/home/developer/aerostack2_ws/install/as2_behaviors_perception:/home/developer/aerostack2_ws/install/as2_behaviors_path_planning:/home/developer/aerostack2_ws/install/as2_behaviors_motion:/home/developer/aerostack2_ws/install/as2_usb_camera_interface:/home/developer/aerostack2_ws/install/as2_state_estimator:/home/developer/aerostack2_ws/install/as2_realsense_interface:/home/developer/aerostack2_ws/install/as2_platform_multirotor_simulator:/home/developer/aerostack2_ws/install/as2_motion_reference_handlers:/home/developer/aerostack2_ws/install/as2_map_server:/home/developer/aerostack2_ws/install/as2_geozones:/home/developer/aerostack2_ws/install/as2_gazebo_assets:/home/developer/aerostack2_ws/install/as2_external_object_to_tf:/home/developer/aerostack2_ws/install/as2_behavior_tree:/home/developer/aerostack2_ws/install/as2_behavior:/home/developer/aerostack2_ws/install/as2_alphanumeric_viewer:/home/developer/aerostack2_ws/install/as2_core:/home/developer/aerostack2_ws/install/as2_msgs:/home/developer/aerostack2_ws/install/as2_cli:${AMENT_PREFIX_PATH} AS2_MODULES_PATH=/home/developer/aerostack2_ws/install/as2_python_api/share/as2_python_api/modules CMAKE_PREFIX_PATH=/home/developer/aerostack2_ws/install/as2_rviz_plugins:/home/developer/aerostack2_ws/install/as2_platform_gazebo:/home/developer/aerostack2_ws/install/as2_motion_controller:/home/developer/aerostack2_ws/install/as2_behaviors_trajectory_generation:/home/developer/aerostack2_ws/install/as2_behaviors_platform:/home/developer/aerostack2_ws/install/as2_behaviors_perception:/home/developer/aerostack2_ws/install/as2_behaviors_path_planning:/home/developer/aerostack2_ws/install/as2_behaviors_motion:/home/developer/aerostack2_ws/install/as2_usb_camera_interface:/home/developer/aerostack2_ws/install/as2_state_estimator:/home/developer/aerostack2_ws/install/as2_realsense_interface:/home/developer/aerostack2_ws/install/as2_platform_multirotor_simulator:/home/developer/aerostack2_ws/install/as2_motion_reference_handlers:/home/developer/aerostack2_ws/install/as2_map_server:/home/developer/aerostack2_ws/install/as2_geozones:/home/developer/aerostack2_ws/install/as2_gazebo_assets:/home/developer/aerostack2_ws/install/as2_external_object_to_tf:/home/developer/aerostack2_ws/install/as2_behavior_tree:/home/developer/aerostack2_ws/install/as2_behavior:/home/developer/aerostack2_ws/install/as2_alphanumeric_viewer:/home/developer/aerostack2_ws/install/as2_core:/home/developer/aerostack2_ws/install/as2_msgs:/home/developer/aerostack2_ws/install/as2_cli:/opt/ros/humble GZ_SIM_RESOURCE_PATH=/home/developer/aerostack2_ws/install/as2_gazebo_assets/share/as2_ign_gazebo_assets/worlds:/home/developer/aerostack2_ws/install/as2_gazebo_assets/share/as2_ign_gazebo_assets/models GZ_SIM_SYSTEM_PLUGIN_PATH=/home/developer/aerostack2_ws/install/as2_gazebo_assets/lib GZ_VERSION=@GZ_VERSION@ LD_LIBRARY_PATH=/home/developer/aerostack2_ws/install/as2_python_api/lib:/home/developer/aerostack2_ws/install/as2_motion_controller/lib:/home/developer/aerostack2_ws/install/as2_behaviors_trajectory_generation/lib:/home/developer/aerostack2_ws/install/as2_behaviors_perception/lib:/home/developer/aerostack2_ws/install/as2_behaviors_path_planning/lib:/home/developer/aerostack2_ws/install/as2_behaviors_motion/lib:/home/developer/aerostack2_ws/install/as2_state_estimator/lib:/home/developer/aerostack2_ws/install/as2_motion_reference_handlers/lib:/home/developer/aerostack2_ws/install/as2_map_server/lib:/home/developer/aerostack2_ws/install/as2_gazebo_assets/lib:/home/developer/aerostack2_ws/install/as2_behavior_tree/lib:/home/developer/aerostack2_ws/install/as2_behavior/lib:/home/developer/aerostack2_ws/install/as2_core/lib:/home/developer/aerostack2_ws/install/as2_msgs/lib:${LD_LIBRARY_PATH} PYTHONPATH=/home/developer/aerostack2_ws/build/as2_keyboard_teleoperation:/home/developer/aerostack2_ws/install/as2_keyboard_teleoperation/lib/python3.10/site-packages:/home/developer/aerostack2_ws/build/as2_visualization:/home/developer/aerostack2_ws/install/as2_visualization/lib/python3.10/site-packages:/home/developer/aerostack2_ws/build/as2_python_api:/home/developer/aerostack2_ws/install/as2_python_api/lib/python3.10/site-packages:/home/developer/aerostack2_ws/install/as2_motion_reference_handlers/local/lib/python3.10/dist-packages:/home/developer/aerostack2_ws/install/as2_gazebo_assets/local/lib/python3.10/dist-packages:/home/developer/aerostack2_ws/install/as2_core/local/lib/python3.10/dist-packages:/home/developer/aerostack2_ws/install/as2_msgs/local/lib/python3.10/dist-packages:${PYTHONPATH} /usr/bin/cmake --build /home/developer/aerostack2_ws/build/aerostack2 -- -j20 -l20
[207.054s] DEBUG:colcon.colcon_core.event_handler.log_command:Invoked command in '/home/developer/aerostack2_ws/build/aerostack2' returned '0': AMENT_PREFIX_PATH=/home/developer/aerostack2_ws/install/as2_keyboard_teleoperation:/home/developer/aerostack2_ws/install/as2_visualization:/home/developer/aerostack2_ws/install/as2_rviz_plugins:/home/developer/aerostack2_ws/install/as2_python_api:/home/developer/aerostack2_ws/install/as2_platform_gazebo:/home/developer/aerostack2_ws/install/as2_motion_controller:/home/developer/aerostack2_ws/install/as2_behaviors_trajectory_generation:/home/developer/aerostack2_ws/install/as2_behaviors_platform:/home/developer/aerostack2_ws/install/as2_behaviors_perception:/home/developer/aerostack2_ws/install/as2_behaviors_path_planning:/home/developer/aerostack2_ws/install/as2_behaviors_motion:/home/developer/aerostack2_ws/install/as2_usb_camera_interface:/home/developer/aerostack2_ws/install/as2_state_estimator:/home/developer/aerostack2_ws/install/as2_realsense_interface:/home/developer/aerostack2_ws/install/as2_platform_multirotor_simulator:/home/developer/aerostack2_ws/install/as2_motion_reference_handlers:/home/developer/aerostack2_ws/install/as2_map_server:/home/developer/aerostack2_ws/install/as2_geozones:/home/developer/aerostack2_ws/install/as2_gazebo_assets:/home/developer/aerostack2_ws/install/as2_external_object_to_tf:/home/developer/aerostack2_ws/install/as2_behavior_tree:/home/developer/aerostack2_ws/install/as2_behavior:/home/developer/aerostack2_ws/install/as2_alphanumeric_viewer:/home/developer/aerostack2_ws/install/as2_core:/home/developer/aerostack2_ws/install/as2_msgs:/home/developer/aerostack2_ws/install/as2_cli:${AMENT_PREFIX_PATH} AS2_MODULES_PATH=/home/developer/aerostack2_ws/install/as2_python_api/share/as2_python_api/modules CMAKE_PREFIX_PATH=/home/developer/aerostack2_ws/install/as2_rviz_plugins:/home/developer/aerostack2_ws/install/as2_platform_gazebo:/home/developer/aerostack2_ws/install/as2_motion_controller:/home/developer/aerostack2_ws/install/as2_behaviors_trajectory_generation:/home/developer/aerostack2_ws/install/as2_behaviors_platform:/home/developer/aerostack2_ws/install/as2_behaviors_perception:/home/developer/aerostack2_ws/install/as2_behaviors_path_planning:/home/developer/aerostack2_ws/install/as2_behaviors_motion:/home/developer/aerostack2_ws/install/as2_usb_camera_interface:/home/developer/aerostack2_ws/install/as2_state_estimator:/home/developer/aerostack2_ws/install/as2_realsense_interface:/home/developer/aerostack2_ws/install/as2_platform_multirotor_simulator:/home/developer/aerostack2_ws/install/as2_motion_reference_handlers:/home/developer/aerostack2_ws/install/as2_map_server:/home/developer/aerostack2_ws/install/as2_geozones:/home/developer/aerostack2_ws/install/as2_gazebo_assets:/home/developer/aerostack2_ws/install/as2_external_object_to_tf:/home/developer/aerostack2_ws/install/as2_behavior_tree:/home/developer/aerostack2_ws/install/as2_behavior:/home/developer/aerostack2_ws/install/as2_alphanumeric_viewer:/home/developer/aerostack2_ws/install/as2_core:/home/developer/aerostack2_ws/install/as2_msgs:/home/developer/aerostack2_ws/install/as2_cli:/opt/ros/humble GZ_SIM_RESOURCE_PATH=/home/developer/aerostack2_ws/install/as2_gazebo_assets/share/as2_ign_gazebo_assets/worlds:/home/developer/aerostack2_ws/install/as2_gazebo_assets/share/as2_ign_gazebo_assets/models GZ_SIM_SYSTEM_PLUGIN_PATH=/home/developer/aerostack2_ws/install/as2_gazebo_assets/lib GZ_VERSION=@GZ_VERSION@ LD_LIBRARY_PATH=/home/developer/aerostack2_ws/install/as2_python_api/lib:/home/developer/aerostack2_ws/install/as2_motion_controller/lib:/home/developer/aerostack2_ws/install/as2_behaviors_trajectory_generation/lib:/home/developer/aerostack2_ws/install/as2_behaviors_perception/lib:/home/developer/aerostack2_ws/install/as2_behaviors_path_planning/lib:/home/developer/aerostack2_ws/install/as2_behaviors_motion/lib:/home/developer/aerostack2_ws/install/as2_state_estimator/lib:/home/developer/aerostack2_ws/install/as2_motion_reference_handlers/lib:/home/developer/aerostack2_ws/install/as2_map_server/lib:/home/developer/aerostack2_ws/install/as2_gazebo_assets/lib:/home/developer/aerostack2_ws/install/as2_behavior_tree/lib:/home/developer/aerostack2_ws/install/as2_behavior/lib:/home/developer/aerostack2_ws/install/as2_core/lib:/home/developer/aerostack2_ws/install/as2_msgs/lib:${LD_LIBRARY_PATH} PYTHONPATH=/home/developer/aerostack2_ws/build/as2_keyboard_teleoperation:/home/developer/aerostack2_ws/install/as2_keyboard_teleoperation/lib/python3.10/site-packages:/home/developer/aerostack2_ws/build/as2_visualization:/home/developer/aerostack2_ws/install/as2_visualization/lib/python3.10/site-packages:/home/developer/aerostack2_ws/build/as2_python_api:/home/developer/aerostack2_ws/install/as2_python_api/lib/python3.10/site-packages:/home/developer/aerostack2_ws/install/as2_motion_reference_handlers/local/lib/python3.10/dist-packages:/home/developer/aerostack2_ws/install/as2_gazebo_assets/local/lib/python3.10/dist-packages:/home/developer/aerostack2_ws/install/as2_core/local/lib/python3.10/dist-packages:/home/developer/aerostack2_ws/install/as2_msgs/local/lib/python3.10/dist-packages:${PYTHONPATH} /usr/bin/cmake --build /home/developer/aerostack2_ws/build/aerostack2 -- -j20 -l20
[207.055s] DEBUG:colcon.colcon_core.event_handler.log_command:Invoking command in '/home/developer/aerostack2_ws/build/aerostack2': AMENT_PREFIX_PATH=/home/developer/aerostack2_ws/install/as2_keyboard_teleoperation:/home/developer/aerostack2_ws/install/as2_visualization:/home/developer/aerostack2_ws/install/as2_rviz_plugins:/home/developer/aerostack2_ws/install/as2_python_api:/home/developer/aerostack2_ws/install/as2_platform_gazebo:/home/developer/aerostack2_ws/install/as2_motion_controller:/home/developer/aerostack2_ws/install/as2_behaviors_trajectory_generation:/home/developer/aerostack2_ws/install/as2_behaviors_platform:/home/developer/aerostack2_ws/install/as2_behaviors_perception:/home/developer/aerostack2_ws/install/as2_behaviors_path_planning:/home/developer/aerostack2_ws/install/as2_behaviors_motion:/home/developer/aerostack2_ws/install/as2_usb_camera_interface:/home/developer/aerostack2_ws/install/as2_state_estimator:/home/developer/aerostack2_ws/install/as2_realsense_interface:/home/developer/aerostack2_ws/install/as2_platform_multirotor_simulator:/home/developer/aerostack2_ws/install/as2_motion_reference_handlers:/home/developer/aerostack2_ws/install/as2_map_server:/home/developer/aerostack2_ws/install/as2_geozones:/home/developer/aerostack2_ws/install/as2_gazebo_assets:/home/developer/aerostack2_ws/install/as2_external_object_to_tf:/home/developer/aerostack2_ws/install/as2_behavior_tree:/home/developer/aerostack2_ws/install/as2_behavior:/home/developer/aerostack2_ws/install/as2_alphanumeric_viewer:/home/developer/aerostack2_ws/install/as2_core:/home/developer/aerostack2_ws/install/as2_msgs:/home/developer/aerostack2_ws/install/as2_cli:${AMENT_PREFIX_PATH} AS2_MODULES_PATH=/home/developer/aerostack2_ws/install/as2_python_api/share/as2_python_api/modules CMAKE_PREFIX_PATH=/home/developer/aerostack2_ws/install/as2_rviz_plugins:/home/developer/aerostack2_ws/install/as2_platform_gazebo:/home/developer/aerostack2_ws/install/as2_motion_controller:/home/developer/aerostack2_ws/install/as2_behaviors_trajectory_generation:/home/developer/aerostack2_ws/install/as2_behaviors_platform:/home/developer/aerostack2_ws/install/as2_behaviors_perception:/home/developer/aerostack2_ws/install/as2_behaviors_path_planning:/home/developer/aerostack2_ws/install/as2_behaviors_motion:/home/developer/aerostack2_ws/install/as2_usb_camera_interface:/home/developer/aerostack2_ws/install/as2_state_estimator:/home/developer/aerostack2_ws/install/as2_realsense_interface:/home/developer/aerostack2_ws/install/as2_platform_multirotor_simulator:/home/developer/aerostack2_ws/install/as2_motion_reference_handlers:/home/developer/aerostack2_ws/install/as2_map_server:/home/developer/aerostack2_ws/install/as2_geozones:/home/developer/aerostack2_ws/install/as2_gazebo_assets:/home/developer/aerostack2_ws/install/as2_external_object_to_tf:/home/developer/aerostack2_ws/install/as2_behavior_tree:/home/developer/aerostack2_ws/install/as2_behavior:/home/developer/aerostack2_ws/install/as2_alphanumeric_viewer:/home/developer/aerostack2_ws/install/as2_core:/home/developer/aerostack2_ws/install/as2_msgs:/home/developer/aerostack2_ws/install/as2_cli:/opt/ros/humble GZ_SIM_RESOURCE_PATH=/home/developer/aerostack2_ws/install/as2_gazebo_assets/share/as2_ign_gazebo_assets/worlds:/home/developer/aerostack2_ws/install/as2_gazebo_assets/share/as2_ign_gazebo_assets/models GZ_SIM_SYSTEM_PLUGIN_PATH=/home/developer/aerostack2_ws/install/as2_gazebo_assets/lib GZ_VERSION=@GZ_VERSION@ LD_LIBRARY_PATH=/home/developer/aerostack2_ws/install/as2_python_api/lib:/home/developer/aerostack2_ws/install/as2_motion_controller/lib:/home/developer/aerostack2_ws/install/as2_behaviors_trajectory_generation/lib:/home/developer/aerostack2_ws/install/as2_behaviors_perception/lib:/home/developer/aerostack2_ws/install/as2_behaviors_path_planning/lib:/home/developer/aerostack2_ws/install/as2_behaviors_motion/lib:/home/developer/aerostack2_ws/install/as2_state_estimator/lib:/home/developer/aerostack2_ws/install/as2_motion_reference_handlers/lib:/home/developer/aerostack2_ws/install/as2_map_server/lib:/home/developer/aerostack2_ws/install/as2_gazebo_assets/lib:/home/developer/aerostack2_ws/install/as2_behavior_tree/lib:/home/developer/aerostack2_ws/install/as2_behavior/lib:/home/developer/aerostack2_ws/install/as2_core/lib:/home/developer/aerostack2_ws/install/as2_msgs/lib:${LD_LIBRARY_PATH} PYTHONPATH=/home/developer/aerostack2_ws/build/as2_keyboard_teleoperation:/home/developer/aerostack2_ws/install/as2_keyboard_teleoperation/lib/python3.10/site-packages:/home/developer/aerostack2_ws/build/as2_visualization:/home/developer/aerostack2_ws/install/as2_visualization/lib/python3.10/site-packages:/home/developer/aerostack2_ws/build/as2_python_api:/home/developer/aerostack2_ws/install/as2_python_api/lib/python3.10/site-packages:/home/developer/aerostack2_ws/install/as2_motion_reference_handlers/local/lib/python3.10/dist-packages:/home/developer/aerostack2_ws/install/as2_gazebo_assets/local/lib/python3.10/dist-packages:/home/developer/aerostack2_ws/install/as2_core/local/lib/python3.10/dist-packages:/home/developer/aerostack2_ws/install/as2_msgs/local/lib/python3.10/dist-packages:${PYTHONPATH} /usr/bin/cmake --install /home/developer/aerostack2_ws/build/aerostack2
[207.163s] Level 1:colcon.colcon_core.environment:create_environment_scripts_only(aerostack2)
[207.163s] Level 1:colcon.colcon_core.environment:checking '/home/developer/aerostack2_ws/install/aerostack2' for CMake module files
[207.164s] DEBUG:colcon.colcon_core.event_handler.log_command:Invoked command in '/home/developer/aerostack2_ws/build/aerostack2' returned '0': AMENT_PREFIX_PATH=/home/developer/aerostack2_ws/install/as2_keyboard_teleoperation:/home/developer/aerostack2_ws/install/as2_visualization:/home/developer/aerostack2_ws/install/as2_rviz_plugins:/home/developer/aerostack2_ws/install/as2_python_api:/home/developer/aerostack2_ws/install/as2_platform_gazebo:/home/developer/aerostack2_ws/install/as2_motion_controller:/home/developer/aerostack2_ws/install/as2_behaviors_trajectory_generation:/home/developer/aerostack2_ws/install/as2_behaviors_platform:/home/developer/aerostack2_ws/install/as2_behaviors_perception:/home/developer/aerostack2_ws/install/as2_behaviors_path_planning:/home/developer/aerostack2_ws/install/as2_behaviors_motion:/home/developer/aerostack2_ws/install/as2_usb_camera_interface:/home/developer/aerostack2_ws/install/as2_state_estimator:/home/developer/aerostack2_ws/install/as2_realsense_interface:/home/developer/aerostack2_ws/install/as2_platform_multirotor_simulator:/home/developer/aerostack2_ws/install/as2_motion_reference_handlers:/home/developer/aerostack2_ws/install/as2_map_server:/home/developer/aerostack2_ws/install/as2_geozones:/home/developer/aerostack2_ws/install/as2_gazebo_assets:/home/developer/aerostack2_ws/install/as2_external_object_to_tf:/home/developer/aerostack2_ws/install/as2_behavior_tree:/home/developer/aerostack2_ws/install/as2_behavior:/home/developer/aerostack2_ws/install/as2_alphanumeric_viewer:/home/developer/aerostack2_ws/install/as2_core:/home/developer/aerostack2_ws/install/as2_msgs:/home/developer/aerostack2_ws/install/as2_cli:${AMENT_PREFIX_PATH} AS2_MODULES_PATH=/home/developer/aerostack2_ws/install/as2_python_api/share/as2_python_api/modules CMAKE_PREFIX_PATH=/home/developer/aerostack2_ws/install/as2_rviz_plugins:/home/developer/aerostack2_ws/install/as2_platform_gazebo:/home/developer/aerostack2_ws/install/as2_motion_controller:/home/developer/aerostack2_ws/install/as2_behaviors_trajectory_generation:/home/developer/aerostack2_ws/install/as2_behaviors_platform:/home/developer/aerostack2_ws/install/as2_behaviors_perception:/home/developer/aerostack2_ws/install/as2_behaviors_path_planning:/home/developer/aerostack2_ws/install/as2_behaviors_motion:/home/developer/aerostack2_ws/install/as2_usb_camera_interface:/home/developer/aerostack2_ws/install/as2_state_estimator:/home/developer/aerostack2_ws/install/as2_realsense_interface:/home/developer/aerostack2_ws/install/as2_platform_multirotor_simulator:/home/developer/aerostack2_ws/install/as2_motion_reference_handlers:/home/developer/aerostack2_ws/install/as2_map_server:/home/developer/aerostack2_ws/install/as2_geozones:/home/developer/aerostack2_ws/install/as2_gazebo_assets:/home/developer/aerostack2_ws/install/as2_external_object_to_tf:/home/developer/aerostack2_ws/install/as2_behavior_tree:/home/developer/aerostack2_ws/install/as2_behavior:/home/developer/aerostack2_ws/install/as2_alphanumeric_viewer:/home/developer/aerostack2_ws/install/as2_core:/home/developer/aerostack2_ws/install/as2_msgs:/home/developer/aerostack2_ws/install/as2_cli:/opt/ros/humble GZ_SIM_RESOURCE_PATH=/home/developer/aerostack2_ws/install/as2_gazebo_assets/share/as2_ign_gazebo_assets/worlds:/home/developer/aerostack2_ws/install/as2_gazebo_assets/share/as2_ign_gazebo_assets/models GZ_SIM_SYSTEM_PLUGIN_PATH=/home/developer/aerostack2_ws/install/as2_gazebo_assets/lib GZ_VERSION=@GZ_VERSION@ LD_LIBRARY_PATH=/home/developer/aerostack2_ws/install/as2_python_api/lib:/home/developer/aerostack2_ws/install/as2_motion_controller/lib:/home/developer/aerostack2_ws/install/as2_behaviors_trajectory_generation/lib:/home/developer/aerostack2_ws/install/as2_behaviors_perception/lib:/home/developer/aerostack2_ws/install/as2_behaviors_path_planning/lib:/home/developer/aerostack2_ws/install/as2_behaviors_motion/lib:/home/developer/aerostack2_ws/install/as2_state_estimator/lib:/home/developer/aerostack2_ws/install/as2_motion_reference_handlers/lib:/home/developer/aerostack2_ws/install/as2_map_server/lib:/home/developer/aerostack2_ws/install/as2_gazebo_assets/lib:/home/developer/aerostack2_ws/install/as2_behavior_tree/lib:/home/developer/aerostack2_ws/install/as2_behavior/lib:/home/developer/aerostack2_ws/install/as2_core/lib:/home/developer/aerostack2_ws/install/as2_msgs/lib:${LD_LIBRARY_PATH} PYTHONPATH=/home/developer/aerostack2_ws/build/as2_keyboard_teleoperation:/home/developer/aerostack2_ws/install/as2_keyboard_teleoperation/lib/python3.10/site-packages:/home/developer/aerostack2_ws/build/as2_visualization:/home/developer/aerostack2_ws/install/as2_visualization/lib/python3.10/site-packages:/home/developer/aerostack2_ws/build/as2_python_api:/home/developer/aerostack2_ws/install/as2_python_api/lib/python3.10/site-packages:/home/developer/aerostack2_ws/install/as2_motion_reference_handlers/local/lib/python3.10/dist-packages:/home/developer/aerostack2_ws/install/as2_gazebo_assets/local/lib/python3.10/dist-packages:/home/developer/aerostack2_ws/install/as2_core/local/lib/python3.10/dist-packages:/home/developer/aerostack2_ws/install/as2_msgs/local/lib/python3.10/dist-packages:${PYTHONPATH} /usr/bin/cmake --install /home/developer/aerostack2_ws/build/aerostack2
[207.164s] Level 1:colcon.colcon_core.environment:checking '/home/developer/aerostack2_ws/install/aerostack2' for CMake config files
[207.164s] Level 1:colcon.colcon_core.shell:create_environment_hook('aerostack2', 'cmake_prefix_path')
[207.164s] INFO:colcon.colcon_core.shell:Creating environment hook '/home/developer/aerostack2_ws/install/aerostack2/share/aerostack2/hook/cmake_prefix_path.ps1'
[207.164s] INFO:colcon.colcon_core.shell:Creating environment descriptor '/home/developer/aerostack2_ws/install/aerostack2/share/aerostack2/hook/cmake_prefix_path.dsv'
[207.165s] INFO:colcon.colcon_core.shell:Creating environment hook '/home/developer/aerostack2_ws/install/aerostack2/share/aerostack2/hook/cmake_prefix_path.sh'
[207.165s] Level 1:colcon.colcon_core.environment:checking '/home/developer/aerostack2_ws/install/aerostack2/bin'
[207.165s] Level 1:colcon.colcon_core.environment:checking '/home/developer/aerostack2_ws/install/aerostack2/lib/pkgconfig/aerostack2.pc'
[207.165s] Level 1:colcon.colcon_core.environment:checking '/home/developer/aerostack2_ws/install/aerostack2/lib/python3.10/site-packages'
[207.165s] Level 1:colcon.colcon_core.environment:checking '/home/developer/aerostack2_ws/install/aerostack2/bin'
[207.165s] INFO:colcon.colcon_core.shell:Creating package script '/home/developer/aerostack2_ws/install/aerostack2/share/aerostack2/package.ps1'
[207.166s] INFO:colcon.colcon_core.shell:Creating package descriptor '/home/developer/aerostack2_ws/install/aerostack2/share/aerostack2/package.dsv'
[207.166s] INFO:colcon.colcon_core.shell:Creating package script '/home/developer/aerostack2_ws/install/aerostack2/share/aerostack2/package.sh'
[207.166s] INFO:colcon.colcon_core.shell:Creating package script '/home/developer/aerostack2_ws/install/aerostack2/share/aerostack2/package.bash'
[207.166s] INFO:colcon.colcon_core.shell:Creating package script '/home/developer/aerostack2_ws/install/aerostack2/share/aerostack2/package.zsh'
[207.166s] Level 1:colcon.colcon_core.environment:create_file_with_runtime_dependencies(/home/developer/aerostack2_ws/install/aerostack2/share/colcon-core/packages/aerostack2)
[207.167s] Level 1:colcon.colcon_core.environment:create_environment_scripts_only(aerostack2)
[207.167s] Level 1:colcon.colcon_core.environment:checking '/home/developer/aerostack2_ws/install/aerostack2' for CMake module files
[207.167s] Level 1:colcon.colcon_core.environment:checking '/home/developer/aerostack2_ws/install/aerostack2' for CMake config files
[207.167s] Level 1:colcon.colcon_core.shell:create_environment_hook('aerostack2', 'cmake_prefix_path')
[207.167s] INFO:colcon.colcon_core.shell:Creating environment hook '/home/developer/aerostack2_ws/install/aerostack2/share/aerostack2/hook/cmake_prefix_path.ps1'
[207.167s] INFO:colcon.colcon_core.shell:Creating environment descriptor '/home/developer/aerostack2_ws/install/aerostack2/share/aerostack2/hook/cmake_prefix_path.dsv'
[207.167s] INFO:colcon.colcon_core.shell:Creating environment hook '/home/developer/aerostack2_ws/install/aerostack2/share/aerostack2/hook/cmake_prefix_path.sh'
[207.168s] Level 1:colcon.colcon_core.environment:checking '/home/developer/aerostack2_ws/install/aerostack2/bin'
[207.168s] Level 1:colcon.colcon_core.environment:checking '/home/developer/aerostack2_ws/install/aerostack2/lib/pkgconfig/aerostack2.pc'
[207.168s] Level 1:colcon.colcon_core.environment:checking '/home/developer/aerostack2_ws/install/aerostack2/lib/python3.10/site-packages'
[207.168s] Level 1:colcon.colcon_core.environment:checking '/home/developer/aerostack2_ws/install/aerostack2/bin'
[207.168s] INFO:colcon.colcon_core.shell:Creating package script '/home/developer/aerostack2_ws/install/aerostack2/share/aerostack2/package.ps1'
[207.169s] INFO:colcon.colcon_core.shell:Creating package descriptor '/home/developer/aerostack2_ws/install/aerostack2/share/aerostack2/package.dsv'
[207.169s] INFO:colcon.colcon_core.shell:Creating package script '/home/developer/aerostack2_ws/install/aerostack2/share/aerostack2/package.sh'
[207.169s] INFO:colcon.colcon_core.shell:Creating package script '/home/developer/aerostack2_ws/install/aerostack2/share/aerostack2/package.bash'
[207.169s] INFO:colcon.colcon_core.shell:Creating package script '/home/developer/aerostack2_ws/install/aerostack2/share/aerostack2/package.zsh'
[207.169s] Level 1:colcon.colcon_core.environment:create_file_with_runtime_dependencies(/home/developer/aerostack2_ws/install/aerostack2/share/colcon-core/packages/aerostack2)
[207.169s] DEBUG:colcon.colcon_parallel_executor.executor.parallel:closing loop
[207.170s] DEBUG:colcon.colcon_parallel_executor.executor.parallel:loop closed
[207.170s] DEBUG:colcon.colcon_parallel_executor.executor.parallel:run_until_complete finished with '0'
[207.170s] DEBUG:colcon.colcon_core.event_reactor:joining thread
[207.173s] INFO:colcon.colcon_core.plugin_system:Skipping extension 'colcon_notification.desktop_notification.notify_send': Could not find 'notify-send'
[207.173s] INFO:colcon.colcon_core.plugin_system:Skipping extension 'colcon_notification.desktop_notification.terminal_notifier': Not used on non-Darwin systems
[207.173s] INFO:colcon.colcon_core.plugin_system:Skipping extension 'colcon_notification.desktop_notification.win32': Not used on non-Windows systems
[207.173s] INFO:colcon.colcon_notification.desktop_notification:Sending desktop notification using 'notify2'
[207.175s] DEBUG:colcon.colcon_notification.desktop_notification.notify2:Failed to initialize notify2: org.freedesktop.DBus.Error.Spawn.ExecFailed: /usr/bin/dbus-launch terminated abnormally without any error message
[207.176s] DEBUG:colcon.colcon_core.event_reactor:joined thread
[207.176s] INFO:colcon.colcon_core.shell:Creating prefix script '/home/developer/aerostack2_ws/install/local_setup.ps1'
[207.177s] INFO:colcon.colcon_core.shell:Creating prefix util module '/home/developer/aerostack2_ws/install/_local_setup_util_ps1.py'
[207.177s] INFO:colcon.colcon_core.shell:Creating prefix chain script '/home/developer/aerostack2_ws/install/setup.ps1'
[207.178s] INFO:colcon.colcon_core.shell:Creating prefix script '/home/developer/aerostack2_ws/install/local_setup.sh'
[207.178s] INFO:colcon.colcon_core.shell:Creating prefix util module '/home/developer/aerostack2_ws/install/_local_setup_util_sh.py'
[207.178s] INFO:colcon.colcon_core.shell:Creating prefix chain script '/home/developer/aerostack2_ws/install/setup.sh'
[207.179s] INFO:colcon.colcon_core.shell:Creating prefix script '/home/developer/aerostack2_ws/install/local_setup.bash'
[207.179s] INFO:colcon.colcon_core.shell:Creating prefix chain script '/home/developer/aerostack2_ws/install/setup.bash'
[207.179s] INFO:colcon.colcon_core.shell:Creating prefix script '/home/developer/aerostack2_ws/install/local_setup.zsh'
[207.180s] INFO:colcon.colcon_core.shell:Creating prefix chain script '/home/developer/aerostack2_ws/install/setup.zsh'
