The system is: Linux - 6.17.0-35-generic - x86_64
Compiling the C compiler identification source file "CMakeCCompilerId.c" succeeded.
Compiler: /usr/bin/cc 
Build flags: 
Id flags:  

The output was:
0


Compilation of the C compiler identification source "CMakeCCompilerId.c" produced "a.out"

The C compiler identification is GNU, found in "/home/developer/aerostack2_ws/build/as2_behaviors_swarm_flocking/CMakeFiles/3.22.1/CompilerIdC/a.out"

Compiling the CXX compiler identification source file "CMakeCXXCompilerId.cpp" succeeded.
Compiler: /usr/bin/c++ 
Build flags: 
Id flags:  

The output was:
0


Compilation of the CXX compiler identification source "CMakeCXXCompilerId.cpp" produced "a.out"

The CXX compiler identification is GNU, found in "/home/developer/aerostack2_ws/build/as2_behaviors_swarm_flocking/CMakeFiles/3.22.1/CompilerIdCXX/a.out"

Detecting C compiler ABI info compiled with the following output:
Change Dir: /home/developer/aerostack2_ws/build/as2_behaviors_swarm_flocking/CMakeFiles/CMakeTmp

Run Build Command(s):/usr/bin/gmake -f Makefile cmTC_4641f/fast && /usr/bin/gmake  -f CMakeFiles/cmTC_4641f.dir/build.make CMakeFiles/cmTC_4641f.dir/build
gmake[1]: Entering directory '/home/developer/aerostack2_ws/build/as2_behaviors_swarm_flocking/CMakeFiles/CMakeTmp'
Building C object CMakeFiles/cmTC_4641f.dir/CMakeCCompilerABI.c.o
/usr/bin/cc   -v -o CMakeFiles/cmTC_4641f.dir/CMakeCCompilerABI.c.o -c /usr/share/cmake-3.22/Modules/CMakeCCompilerABI.c
Using built-in specs.
COLLECT_GCC=/usr/bin/cc
OFFLOAD_TARGET_NAMES=nvptx-none:amdgcn-amdhsa
OFFLOAD_TARGET_DEFAULT=1
Target: x86_64-linux-gnu
Configured with: ../src/configure -v --with-pkgversion='Ubuntu 11.4.0-1ubuntu1~22.04.3' --with-bugurl=file:///usr/share/doc/gcc-11/README.Bugs --enable-languages=c,ada,c++,go,brig,d,fortran,objc,obj-c++,m2 --prefix=/usr --with-gcc-major-version-only --program-suffix=-11 --program-prefix=x86_64-linux-gnu- --enable-shared --enable-linker-build-id --libexecdir=/usr/lib --without-included-gettext --enable-threads=posix --libdir=/usr/lib --enable-nls --enable-bootstrap --enable-clocale=gnu --enable-libstdcxx-debug --enable-libstdcxx-time=yes --with-default-libstdcxx-abi=new --enable-gnu-unique-object --disable-vtable-verify --enable-plugin --enable-default-pie --with-system-zlib --enable-libphobos-checking=release --with-target-system-zlib=auto --enable-objc-gc=auto --enable-multiarch --disable-werror --enable-cet --with-arch-32=i686 --with-abi=m64 --with-multilib-list=m32,m64,mx32 --enable-multilib --with-tune=generic --enable-offload-targets=nvptx-none=/build/gcc-11-0odw26/gcc-11-11.4.0/debian/tmp-nvptx/usr,amdgcn-amdhsa=/build/gcc-11-0odw26/gcc-11-11.4.0/debian/tmp-gcn/usr --without-cuda-driver --enable-checking=release --build=x86_64-linux-gnu --host=x86_64-linux-gnu --target=x86_64-linux-gnu --with-build-config=bootstrap-lto-lean --enable-link-serialization=2
Thread model: posix
Supported LTO compression algorithms: zlib zstd
gcc version 11.4.0 (Ubuntu 11.4.0-1ubuntu1~22.04.3) 
COLLECT_GCC_OPTIONS='-v' '-o' 'CMakeFiles/cmTC_4641f.dir/CMakeCCompilerABI.c.o' '-c' '-mtune=generic' '-march=x86-64' '-dumpdir' 'CMakeFiles/cmTC_4641f.dir/'
 /usr/lib/gcc/x86_64-linux-gnu/11/cc1 -quiet -v -imultiarch x86_64-linux-gnu /usr/share/cmake-3.22/Modules/CMakeCCompilerABI.c -quiet -dumpdir CMakeFiles/cmTC_4641f.dir/ -dumpbase CMakeCCompilerABI.c.c -dumpbase-ext .c -mtune=generic -march=x86-64 -version -fasynchronous-unwind-tables -fstack-protector-strong -Wformat -Wformat-security -fstack-clash-protection -fcf-protection -o /tmp/ccvWZ3HB.s
GNU C17 (Ubuntu 11.4.0-1ubuntu1~22.04.3) version 11.4.0 (x86_64-linux-gnu)
	compiled by GNU C version 11.4.0, GMP version 6.2.1, MPFR version 4.1.0, MPC version 1.2.1, isl version isl-0.24-GMP

GGC heuristics: --param ggc-min-expand=100 --param ggc-min-heapsize=131072
ignoring nonexistent directory "/usr/local/include/x86_64-linux-gnu"
ignoring nonexistent directory "/usr/lib/gcc/x86_64-linux-gnu/11/include-fixed"
ignoring nonexistent directory "/usr/lib/gcc/x86_64-linux-gnu/11/../../../../x86_64-linux-gnu/include"
#include "..." search starts here:
#include <...> search starts here:
 /usr/lib/gcc/x86_64-linux-gnu/11/include
 /usr/local/include
 /usr/include/x86_64-linux-gnu
 /usr/include
End of search list.
GNU C17 (Ubuntu 11.4.0-1ubuntu1~22.04.3) version 11.4.0 (x86_64-linux-gnu)
	compiled by GNU C version 11.4.0, GMP version 6.2.1, MPFR version 4.1.0, MPC version 1.2.1, isl version isl-0.24-GMP

GGC heuristics: --param ggc-min-expand=100 --param ggc-min-heapsize=131072
Compiler executable checksum: 46ebede1f5b795a957a1e85cb61af9d8
COLLECT_GCC_OPTIONS='-v' '-o' 'CMakeFiles/cmTC_4641f.dir/CMakeCCompilerABI.c.o' '-c' '-mtune=generic' '-march=x86-64' '-dumpdir' 'CMakeFiles/cmTC_4641f.dir/'
 as -v --64 -o CMakeFiles/cmTC_4641f.dir/CMakeCCompilerABI.c.o /tmp/ccvWZ3HB.s
GNU assembler version 2.38 (x86_64-linux-gnu) using BFD version (GNU Binutils for Ubuntu) 2.38
COMPILER_PATH=/usr/lib/gcc/x86_64-linux-gnu/11/:/usr/lib/gcc/x86_64-linux-gnu/11/:/usr/lib/gcc/x86_64-linux-gnu/:/usr/lib/gcc/x86_64-linux-gnu/11/:/usr/lib/gcc/x86_64-linux-gnu/
LIBRARY_PATH=/usr/lib/gcc/x86_64-linux-gnu/11/:/usr/lib/gcc/x86_64-linux-gnu/11/../../../x86_64-linux-gnu/:/usr/lib/gcc/x86_64-linux-gnu/11/../../../../lib/:/lib/x86_64-linux-gnu/:/lib/../lib/:/usr/lib/x86_64-linux-gnu/:/usr/lib/../lib/:/usr/lib/gcc/x86_64-linux-gnu/11/../../../:/lib/:/usr/lib/
COLLECT_GCC_OPTIONS='-v' '-o' 'CMakeFiles/cmTC_4641f.dir/CMakeCCompilerABI.c.o' '-c' '-mtune=generic' '-march=x86-64' '-dumpdir' 'CMakeFiles/cmTC_4641f.dir/CMakeCCompilerABI.c.'
Linking C executable cmTC_4641f
/usr/bin/cmake -E cmake_link_script CMakeFiles/cmTC_4641f.dir/link.txt --verbose=1
/usr/bin/cc  -v CMakeFiles/cmTC_4641f.dir/CMakeCCompilerABI.c.o -o cmTC_4641f 
Using built-in specs.
COLLECT_GCC=/usr/bin/cc
COLLECT_LTO_WRAPPER=/usr/lib/gcc/x86_64-linux-gnu/11/lto-wrapper
OFFLOAD_TARGET_NAMES=nvptx-none:amdgcn-amdhsa
OFFLOAD_TARGET_DEFAULT=1
Target: x86_64-linux-gnu
Configured with: ../src/configure -v --with-pkgversion='Ubuntu 11.4.0-1ubuntu1~22.04.3' --with-bugurl=file:///usr/share/doc/gcc-11/README.Bugs --enable-languages=c,ada,c++,go,brig,d,fortran,objc,obj-c++,m2 --prefix=/usr --with-gcc-major-version-only --program-suffix=-11 --program-prefix=x86_64-linux-gnu- --enable-shared --enable-linker-build-id --libexecdir=/usr/lib --without-included-gettext --enable-threads=posix --libdir=/usr/lib --enable-nls --enable-bootstrap --enable-clocale=gnu --enable-libstdcxx-debug --enable-libstdcxx-time=yes --with-default-libstdcxx-abi=new --enable-gnu-unique-object --disable-vtable-verify --enable-plugin --enable-default-pie --with-system-zlib --enable-libphobos-checking=release --with-target-system-zlib=auto --enable-objc-gc=auto --enable-multiarch --disable-werror --enable-cet --with-arch-32=i686 --with-abi=m64 --with-multilib-list=m32,m64,mx32 --enable-multilib --with-tune=generic --enable-offload-targets=nvptx-none=/build/gcc-11-0odw26/gcc-11-11.4.0/debian/tmp-nvptx/usr,amdgcn-amdhsa=/build/gcc-11-0odw26/gcc-11-11.4.0/debian/tmp-gcn/usr --without-cuda-driver --enable-checking=release --build=x86_64-linux-gnu --host=x86_64-linux-gnu --target=x86_64-linux-gnu --with-build-config=bootstrap-lto-lean --enable-link-serialization=2
Thread model: posix
Supported LTO compression algorithms: zlib zstd
gcc version 11.4.0 (Ubuntu 11.4.0-1ubuntu1~22.04.3) 
COMPILER_PATH=/usr/lib/gcc/x86_64-linux-gnu/11/:/usr/lib/gcc/x86_64-linux-gnu/11/:/usr/lib/gcc/x86_64-linux-gnu/:/usr/lib/gcc/x86_64-linux-gnu/11/:/usr/lib/gcc/x86_64-linux-gnu/
LIBRARY_PATH=/usr/lib/gcc/x86_64-linux-gnu/11/:/usr/lib/gcc/x86_64-linux-gnu/11/../../../x86_64-linux-gnu/:/usr/lib/gcc/x86_64-linux-gnu/11/../../../../lib/:/lib/x86_64-linux-gnu/:/lib/../lib/:/usr/lib/x86_64-linux-gnu/:/usr/lib/../lib/:/usr/lib/gcc/x86_64-linux-gnu/11/../../../:/lib/:/usr/lib/
COLLECT_GCC_OPTIONS='-v' '-o' 'cmTC_4641f' '-mtune=generic' '-march=x86-64' '-dumpdir' 'cmTC_4641f.'
 /usr/lib/gcc/x86_64-linux-gnu/11/collect2 -plugin /usr/lib/gcc/x86_64-linux-gnu/11/liblto_plugin.so -plugin-opt=/usr/lib/gcc/x86_64-linux-gnu/11/lto-wrapper -plugin-opt=-fresolution=/tmp/ccu1FmYT.res -plugin-opt=-pass-through=-lgcc -plugin-opt=-pass-through=-lgcc_s -plugin-opt=-pass-through=-lc -plugin-opt=-pass-through=-lgcc -plugin-opt=-pass-through=-lgcc_s --build-id --eh-frame-hdr -m elf_x86_64 --hash-style=gnu --as-needed -dynamic-linker /lib64/ld-linux-x86-64.so.2 -pie -z now -z relro -o cmTC_4641f /usr/lib/gcc/x86_64-linux-gnu/11/../../../x86_64-linux-gnu/Scrt1.o /usr/lib/gcc/x86_64-linux-gnu/11/../../../x86_64-linux-gnu/crti.o /usr/lib/gcc/x86_64-linux-gnu/11/crtbeginS.o -L/usr/lib/gcc/x86_64-linux-gnu/11 -L/usr/lib/gcc/x86_64-linux-gnu/11/../../../x86_64-linux-gnu -L/usr/lib/gcc/x86_64-linux-gnu/11/../../../../lib -L/lib/x86_64-linux-gnu -L/lib/../lib -L/usr/lib/x86_64-linux-gnu -L/usr/lib/../lib -L/usr/lib/gcc/x86_64-linux-gnu/11/../../.. CMakeFiles/cmTC_4641f.dir/CMakeCCompilerABI.c.o -lgcc --push-state --as-needed -lgcc_s --pop-state -lc -lgcc --push-state --as-needed -lgcc_s --pop-state /usr/lib/gcc/x86_64-linux-gnu/11/crtendS.o /usr/lib/gcc/x86_64-linux-gnu/11/../../../x86_64-linux-gnu/crtn.o
COLLECT_GCC_OPTIONS='-v' '-o' 'cmTC_4641f' '-mtune=generic' '-march=x86-64' '-dumpdir' 'cmTC_4641f.'
gmake[1]: Leaving directory '/home/developer/aerostack2_ws/build/as2_behaviors_swarm_flocking/CMakeFiles/CMakeTmp'



Parsed C implicit include dir info from above output: rv=done
  found start of include info
  found start of implicit include info
    add: [/usr/lib/gcc/x86_64-linux-gnu/11/include]
    add: [/usr/local/include]
    add: [/usr/include/x86_64-linux-gnu]
    add: [/usr/include]
  end of search list found
  collapse include dir [/usr/lib/gcc/x86_64-linux-gnu/11/include] ==> [/usr/lib/gcc/x86_64-linux-gnu/11/include]
  collapse include dir [/usr/local/include] ==> [/usr/local/include]
  collapse include dir [/usr/include/x86_64-linux-gnu] ==> [/usr/include/x86_64-linux-gnu]
  collapse include dir [/usr/include] ==> [/usr/include]
  implicit include dirs: [/usr/lib/gcc/x86_64-linux-gnu/11/include;/usr/local/include;/usr/include/x86_64-linux-gnu;/usr/include]


Parsed C implicit link information from above output:
  link line regex: [^( *|.*[/\])(ld|CMAKE_LINK_STARTFILE-NOTFOUND|([^/\]+-)?ld|collect2)[^/\]*( |$)]
  ignore line: [Change Dir: /home/developer/aerostack2_ws/build/as2_behaviors_swarm_flocking/CMakeFiles/CMakeTmp]
  ignore line: []
  ignore line: [Run Build Command(s):/usr/bin/gmake -f Makefile cmTC_4641f/fast && /usr/bin/gmake  -f CMakeFiles/cmTC_4641f.dir/build.make CMakeFiles/cmTC_4641f.dir/build]
  ignore line: [gmake[1]: Entering directory '/home/developer/aerostack2_ws/build/as2_behaviors_swarm_flocking/CMakeFiles/CMakeTmp']
  ignore line: [Building C object CMakeFiles/cmTC_4641f.dir/CMakeCCompilerABI.c.o]
  ignore line: [/usr/bin/cc   -v -o CMakeFiles/cmTC_4641f.dir/CMakeCCompilerABI.c.o -c /usr/share/cmake-3.22/Modules/CMakeCCompilerABI.c]
  ignore line: [Using built-in specs.]
  ignore line: [COLLECT_GCC=/usr/bin/cc]
  ignore line: [OFFLOAD_TARGET_NAMES=nvptx-none:amdgcn-amdhsa]
  ignore line: [OFFLOAD_TARGET_DEFAULT=1]
  ignore line: [Target: x86_64-linux-gnu]
  ignore line: [Configured with: ../src/configure -v --with-pkgversion='Ubuntu 11.4.0-1ubuntu1~22.04.3' --with-bugurl=file:///usr/share/doc/gcc-11/README.Bugs --enable-languages=c ada c++ go brig d fortran objc obj-c++ m2 --prefix=/usr --with-gcc-major-version-only --program-suffix=-11 --program-prefix=x86_64-linux-gnu- --enable-shared --enable-linker-build-id --libexecdir=/usr/lib --without-included-gettext --enable-threads=posix --libdir=/usr/lib --enable-nls --enable-bootstrap --enable-clocale=gnu --enable-libstdcxx-debug --enable-libstdcxx-time=yes --with-default-libstdcxx-abi=new --enable-gnu-unique-object --disable-vtable-verify --enable-plugin --enable-default-pie --with-system-zlib --enable-libphobos-checking=release --with-target-system-zlib=auto --enable-objc-gc=auto --enable-multiarch --disable-werror --enable-cet --with-arch-32=i686 --with-abi=m64 --with-multilib-list=m32 m64 mx32 --enable-multilib --with-tune=generic --enable-offload-targets=nvptx-none=/build/gcc-11-0odw26/gcc-11-11.4.0/debian/tmp-nvptx/usr amdgcn-amdhsa=/build/gcc-11-0odw26/gcc-11-11.4.0/debian/tmp-gcn/usr --without-cuda-driver --enable-checking=release --build=x86_64-linux-gnu --host=x86_64-linux-gnu --target=x86_64-linux-gnu --with-build-config=bootstrap-lto-lean --enable-link-serialization=2]
  ignore line: [Thread model: posix]
  ignore line: [Supported LTO compression algorithms: zlib zstd]
  ignore line: [gcc version 11.4.0 (Ubuntu 11.4.0-1ubuntu1~22.04.3) ]
  ignore line: [COLLECT_GCC_OPTIONS='-v' '-o' 'CMakeFiles/cmTC_4641f.dir/CMakeCCompilerABI.c.o' '-c' '-mtune=generic' '-march=x86-64' '-dumpdir' 'CMakeFiles/cmTC_4641f.dir/']
  ignore line: [ /usr/lib/gcc/x86_64-linux-gnu/11/cc1 -quiet -v -imultiarch x86_64-linux-gnu /usr/share/cmake-3.22/Modules/CMakeCCompilerABI.c -quiet -dumpdir CMakeFiles/cmTC_4641f.dir/ -dumpbase CMakeCCompilerABI.c.c -dumpbase-ext .c -mtune=generic -march=x86-64 -version -fasynchronous-unwind-tables -fstack-protector-strong -Wformat -Wformat-security -fstack-clash-protection -fcf-protection -o /tmp/ccvWZ3HB.s]
  ignore line: [GNU C17 (Ubuntu 11.4.0-1ubuntu1~22.04.3) version 11.4.0 (x86_64-linux-gnu)]
  ignore line: [	compiled by GNU C version 11.4.0  GMP version 6.2.1  MPFR version 4.1.0  MPC version 1.2.1  isl version isl-0.24-GMP]
  ignore line: []
  ignore line: [GGC heuristics: --param ggc-min-expand=100 --param ggc-min-heapsize=131072]
  ignore line: [ignoring nonexistent directory "/usr/local/include/x86_64-linux-gnu"]
  ignore line: [ignoring nonexistent directory "/usr/lib/gcc/x86_64-linux-gnu/11/include-fixed"]
  ignore line: [ignoring nonexistent directory "/usr/lib/gcc/x86_64-linux-gnu/11/../../../../x86_64-linux-gnu/include"]
  ignore line: [#include "..." search starts here:]
  ignore line: [#include <...> search starts here:]
  ignore line: [ /usr/lib/gcc/x86_64-linux-gnu/11/include]
  ignore line: [ /usr/local/include]
  ignore line: [ /usr/include/x86_64-linux-gnu]
  ignore line: [ /usr/include]
  ignore line: [End of search list.]
  ignore line: [GNU C17 (Ubuntu 11.4.0-1ubuntu1~22.04.3) version 11.4.0 (x86_64-linux-gnu)]
  ignore line: [	compiled by GNU C version 11.4.0  GMP version 6.2.1  MPFR version 4.1.0  MPC version 1.2.1  isl version isl-0.24-GMP]
  ignore line: []
  ignore line: [GGC heuristics: --param ggc-min-expand=100 --param ggc-min-heapsize=131072]
  ignore line: [Compiler executable checksum: 46ebede1f5b795a957a1e85cb61af9d8]
  ignore line: [COLLECT_GCC_OPTIONS='-v' '-o' 'CMakeFiles/cmTC_4641f.dir/CMakeCCompilerABI.c.o' '-c' '-mtune=generic' '-march=x86-64' '-dumpdir' 'CMakeFiles/cmTC_4641f.dir/']
  ignore line: [ as -v --64 -o CMakeFiles/cmTC_4641f.dir/CMakeCCompilerABI.c.o /tmp/ccvWZ3HB.s]
  ignore line: [GNU assembler version 2.38 (x86_64-linux-gnu) using BFD version (GNU Binutils for Ubuntu) 2.38]
  ignore line: [COMPILER_PATH=/usr/lib/gcc/x86_64-linux-gnu/11/:/usr/lib/gcc/x86_64-linux-gnu/11/:/usr/lib/gcc/x86_64-linux-gnu/:/usr/lib/gcc/x86_64-linux-gnu/11/:/usr/lib/gcc/x86_64-linux-gnu/]
  ignore line: [LIBRARY_PATH=/usr/lib/gcc/x86_64-linux-gnu/11/:/usr/lib/gcc/x86_64-linux-gnu/11/../../../x86_64-linux-gnu/:/usr/lib/gcc/x86_64-linux-gnu/11/../../../../lib/:/lib/x86_64-linux-gnu/:/lib/../lib/:/usr/lib/x86_64-linux-gnu/:/usr/lib/../lib/:/usr/lib/gcc/x86_64-linux-gnu/11/../../../:/lib/:/usr/lib/]
  ignore line: [COLLECT_GCC_OPTIONS='-v' '-o' 'CMakeFiles/cmTC_4641f.dir/CMakeCCompilerABI.c.o' '-c' '-mtune=generic' '-march=x86-64' '-dumpdir' 'CMakeFiles/cmTC_4641f.dir/CMakeCCompilerABI.c.']
  ignore line: [Linking C executable cmTC_4641f]
  ignore line: [/usr/bin/cmake -E cmake_link_script CMakeFiles/cmTC_4641f.dir/link.txt --verbose=1]
  ignore line: [/usr/bin/cc  -v CMakeFiles/cmTC_4641f.dir/CMakeCCompilerABI.c.o -o cmTC_4641f ]
  ignore line: [Using built-in specs.]
  ignore line: [COLLECT_GCC=/usr/bin/cc]
  ignore line: [COLLECT_LTO_WRAPPER=/usr/lib/gcc/x86_64-linux-gnu/11/lto-wrapper]
  ignore line: [OFFLOAD_TARGET_NAMES=nvptx-none:amdgcn-amdhsa]
  ignore line: [OFFLOAD_TARGET_DEFAULT=1]
  ignore line: [Target: x86_64-linux-gnu]
  ignore line: [Configured with: ../src/configure -v --with-pkgversion='Ubuntu 11.4.0-1ubuntu1~22.04.3' --with-bugurl=file:///usr/share/doc/gcc-11/README.Bugs --enable-languages=c ada c++ go brig d fortran objc obj-c++ m2 --prefix=/usr --with-gcc-major-version-only --program-suffix=-11 --program-prefix=x86_64-linux-gnu- --enable-shared --enable-linker-build-id --libexecdir=/usr/lib --without-included-gettext --enable-threads=posix --libdir=/usr/lib --enable-nls --enable-bootstrap --enable-clocale=gnu --enable-libstdcxx-debug --enable-libstdcxx-time=yes --with-default-libstdcxx-abi=new --enable-gnu-unique-object --disable-vtable-verify --enable-plugin --enable-default-pie --with-system-zlib --enable-libphobos-checking=release --with-target-system-zlib=auto --enable-objc-gc=auto --enable-multiarch --disable-werror --enable-cet --with-arch-32=i686 --with-abi=m64 --with-multilib-list=m32 m64 mx32 --enable-multilib --with-tune=generic --enable-offload-targets=nvptx-none=/build/gcc-11-0odw26/gcc-11-11.4.0/debian/tmp-nvptx/usr amdgcn-amdhsa=/build/gcc-11-0odw26/gcc-11-11.4.0/debian/tmp-gcn/usr --without-cuda-driver --enable-checking=release --build=x86_64-linux-gnu --host=x86_64-linux-gnu --target=x86_64-linux-gnu --with-build-config=bootstrap-lto-lean --enable-link-serialization=2]
  ignore line: [Thread model: posix]
  ignore line: [Supported LTO compression algorithms: zlib zstd]
  ignore line: [gcc version 11.4.0 (Ubuntu 11.4.0-1ubuntu1~22.04.3) ]
  ignore line: [COMPILER_PATH=/usr/lib/gcc/x86_64-linux-gnu/11/:/usr/lib/gcc/x86_64-linux-gnu/11/:/usr/lib/gcc/x86_64-linux-gnu/:/usr/lib/gcc/x86_64-linux-gnu/11/:/usr/lib/gcc/x86_64-linux-gnu/]
  ignore line: [LIBRARY_PATH=/usr/lib/gcc/x86_64-linux-gnu/11/:/usr/lib/gcc/x86_64-linux-gnu/11/../../../x86_64-linux-gnu/:/usr/lib/gcc/x86_64-linux-gnu/11/../../../../lib/:/lib/x86_64-linux-gnu/:/lib/../lib/:/usr/lib/x86_64-linux-gnu/:/usr/lib/../lib/:/usr/lib/gcc/x86_64-linux-gnu/11/../../../:/lib/:/usr/lib/]
  ignore line: [COLLECT_GCC_OPTIONS='-v' '-o' 'cmTC_4641f' '-mtune=generic' '-march=x86-64' '-dumpdir' 'cmTC_4641f.']
  link line: [ /usr/lib/gcc/x86_64-linux-gnu/11/collect2 -plugin /usr/lib/gcc/x86_64-linux-gnu/11/liblto_plugin.so -plugin-opt=/usr/lib/gcc/x86_64-linux-gnu/11/lto-wrapper -plugin-opt=-fresolution=/tmp/ccu1FmYT.res -plugin-opt=-pass-through=-lgcc -plugin-opt=-pass-through=-lgcc_s -plugin-opt=-pass-through=-lc -plugin-opt=-pass-through=-lgcc -plugin-opt=-pass-through=-lgcc_s --build-id --eh-frame-hdr -m elf_x86_64 --hash-style=gnu --as-needed -dynamic-linker /lib64/ld-linux-x86-64.so.2 -pie -z now -z relro -o cmTC_4641f /usr/lib/gcc/x86_64-linux-gnu/11/../../../x86_64-linux-gnu/Scrt1.o /usr/lib/gcc/x86_64-linux-gnu/11/../../../x86_64-linux-gnu/crti.o /usr/lib/gcc/x86_64-linux-gnu/11/crtbeginS.o -L/usr/lib/gcc/x86_64-linux-gnu/11 -L/usr/lib/gcc/x86_64-linux-gnu/11/../../../x86_64-linux-gnu -L/usr/lib/gcc/x86_64-linux-gnu/11/../../../../lib -L/lib/x86_64-linux-gnu -L/lib/../lib -L/usr/lib/x86_64-linux-gnu -L/usr/lib/../lib -L/usr/lib/gcc/x86_64-linux-gnu/11/../../.. CMakeFiles/cmTC_4641f.dir/CMakeCCompilerABI.c.o -lgcc --push-state --as-needed -lgcc_s --pop-state -lc -lgcc --push-state --as-needed -lgcc_s --pop-state /usr/lib/gcc/x86_64-linux-gnu/11/crtendS.o /usr/lib/gcc/x86_64-linux-gnu/11/../../../x86_64-linux-gnu/crtn.o]
    arg [/usr/lib/gcc/x86_64-linux-gnu/11/collect2] ==> ignore
    arg [-plugin] ==> ignore
    arg [/usr/lib/gcc/x86_64-linux-gnu/11/liblto_plugin.so] ==> ignore
    arg [-plugin-opt=/usr/lib/gcc/x86_64-linux-gnu/11/lto-wrapper] ==> ignore
    arg [-plugin-opt=-fresolution=/tmp/ccu1FmYT.res] ==> ignore
    arg [-plugin-opt=-pass-through=-lgcc] ==> ignore
    arg [-plugin-opt=-pass-through=-lgcc_s] ==> ignore
    arg [-plugin-opt=-pass-through=-lc] ==> ignore
    arg [-plugin-opt=-pass-through=-lgcc] ==> ignore
    arg [-plugin-opt=-pass-through=-lgcc_s] ==> ignore
    arg [--build-id] ==> ignore
    arg [--eh-frame-hdr] ==> ignore
    arg [-m] ==> ignore
    arg [elf_x86_64] ==> ignore
    arg [--hash-style=gnu] ==> ignore
    arg [--as-needed] ==> ignore
    arg [-dynamic-linker] ==> ignore
    arg [/lib64/ld-linux-x86-64.so.2] ==> ignore
    arg [-pie] ==> ignore
    arg [-znow] ==> ignore
    arg [-zrelro] ==> ignore
    arg [-o] ==> ignore
    arg [cmTC_4641f] ==> ignore
    arg [/usr/lib/gcc/x86_64-linux-gnu/11/../../../x86_64-linux-gnu/Scrt1.o] ==> obj [/usr/lib/gcc/x86_64-linux-gnu/11/../../../x86_64-linux-gnu/Scrt1.o]
    arg [/usr/lib/gcc/x86_64-linux-gnu/11/../../../x86_64-linux-gnu/crti.o] ==> obj [/usr/lib/gcc/x86_64-linux-gnu/11/../../../x86_64-linux-gnu/crti.o]
    arg [/usr/lib/gcc/x86_64-linux-gnu/11/crtbeginS.o] ==> obj [/usr/lib/gcc/x86_64-linux-gnu/11/crtbeginS.o]
    arg [-L/usr/lib/gcc/x86_64-linux-gnu/11] ==> dir [/usr/lib/gcc/x86_64-linux-gnu/11]
    arg [-L/usr/lib/gcc/x86_64-linux-gnu/11/../../../x86_64-linux-gnu] ==> dir [/usr/lib/gcc/x86_64-linux-gnu/11/../../../x86_64-linux-gnu]
    arg [-L/usr/lib/gcc/x86_64-linux-gnu/11/../../../../lib] ==> dir [/usr/lib/gcc/x86_64-linux-gnu/11/../../../../lib]
    arg [-L/lib/x86_64-linux-gnu] ==> dir [/lib/x86_64-linux-gnu]
    arg [-L/lib/../lib] ==> dir [/lib/../lib]
    arg [-L/usr/lib/x86_64-linux-gnu] ==> dir [/usr/lib/x86_64-linux-gnu]
    arg [-L/usr/lib/../lib] ==> dir [/usr/lib/../lib]
    arg [-L/usr/lib/gcc/x86_64-linux-gnu/11/../../..] ==> dir [/usr/lib/gcc/x86_64-linux-gnu/11/../../..]
    arg [CMakeFiles/cmTC_4641f.dir/CMakeCCompilerABI.c.o] ==> ignore
    arg [-lgcc] ==> lib [gcc]
    arg [--push-state] ==> ignore
    arg [--as-needed] ==> ignore
    arg [-lgcc_s] ==> lib [gcc_s]
    arg [--pop-state] ==> ignore
    arg [-lc] ==> lib [c]
    arg [-lgcc] ==> lib [gcc]
    arg [--push-state] ==> ignore
    arg [--as-needed] ==> ignore
    arg [-lgcc_s] ==> lib [gcc_s]
    arg [--pop-state] ==> ignore
    arg [/usr/lib/gcc/x86_64-linux-gnu/11/crtendS.o] ==> obj [/usr/lib/gcc/x86_64-linux-gnu/11/crtendS.o]
    arg [/usr/lib/gcc/x86_64-linux-gnu/11/../../../x86_64-linux-gnu/crtn.o] ==> obj [/usr/lib/gcc/x86_64-linux-gnu/11/../../../x86_64-linux-gnu/crtn.o]
  collapse obj [/usr/lib/gcc/x86_64-linux-gnu/11/../../../x86_64-linux-gnu/Scrt1.o] ==> [/usr/lib/x86_64-linux-gnu/Scrt1.o]
  collapse obj [/usr/lib/gcc/x86_64-linux-gnu/11/../../../x86_64-linux-gnu/crti.o] ==> [/usr/lib/x86_64-linux-gnu/crti.o]
  collapse obj [/usr/lib/gcc/x86_64-linux-gnu/11/../../../x86_64-linux-gnu/crtn.o] ==> [/usr/lib/x86_64-linux-gnu/crtn.o]
  collapse library dir [/usr/lib/gcc/x86_64-linux-gnu/11] ==> [/usr/lib/gcc/x86_64-linux-gnu/11]
  collapse library dir [/usr/lib/gcc/x86_64-linux-gnu/11/../../../x86_64-linux-gnu] ==> [/usr/lib/x86_64-linux-gnu]
  collapse library dir [/usr/lib/gcc/x86_64-linux-gnu/11/../../../../lib] ==> [/usr/lib]
  collapse library dir [/lib/x86_64-linux-gnu] ==> [/lib/x86_64-linux-gnu]
  collapse library dir [/lib/../lib] ==> [/lib]
  collapse library dir [/usr/lib/x86_64-linux-gnu] ==> [/usr/lib/x86_64-linux-gnu]
  collapse library dir [/usr/lib/../lib] ==> [/usr/lib]
  collapse library dir [/usr/lib/gcc/x86_64-linux-gnu/11/../../..] ==> [/usr/lib]
  implicit libs: [gcc;gcc_s;c;gcc;gcc_s]
  implicit objs: [/usr/lib/x86_64-linux-gnu/Scrt1.o;/usr/lib/x86_64-linux-gnu/crti.o;/usr/lib/gcc/x86_64-linux-gnu/11/crtbeginS.o;/usr/lib/gcc/x86_64-linux-gnu/11/crtendS.o;/usr/lib/x86_64-linux-gnu/crtn.o]
  implicit dirs: [/usr/lib/gcc/x86_64-linux-gnu/11;/usr/lib/x86_64-linux-gnu;/usr/lib;/lib/x86_64-linux-gnu;/lib]
  implicit fwks: []


Detecting CXX compiler ABI info compiled with the following output:
Change Dir: /home/developer/aerostack2_ws/build/as2_behaviors_swarm_flocking/CMakeFiles/CMakeTmp

Run Build Command(s):/usr/bin/gmake -f Makefile cmTC_e6e10/fast && /usr/bin/gmake  -f CMakeFiles/cmTC_e6e10.dir/build.make CMakeFiles/cmTC_e6e10.dir/build
gmake[1]: Entering directory '/home/developer/aerostack2_ws/build/as2_behaviors_swarm_flocking/CMakeFiles/CMakeTmp'
Building CXX object CMakeFiles/cmTC_e6e10.dir/CMakeCXXCompilerABI.cpp.o
/usr/bin/c++   -v -o CMakeFiles/cmTC_e6e10.dir/CMakeCXXCompilerABI.cpp.o -c /usr/share/cmake-3.22/Modules/CMakeCXXCompilerABI.cpp
Using built-in specs.
COLLECT_GCC=/usr/bin/c++
OFFLOAD_TARGET_NAMES=nvptx-none:amdgcn-amdhsa
OFFLOAD_TARGET_DEFAULT=1
Target: x86_64-linux-gnu
Configured with: ../src/configure -v --with-pkgversion='Ubuntu 11.4.0-1ubuntu1~22.04.3' --with-bugurl=file:///usr/share/doc/gcc-11/README.Bugs --enable-languages=c,ada,c++,go,brig,d,fortran,objc,obj-c++,m2 --prefix=/usr --with-gcc-major-version-only --program-suffix=-11 --program-prefix=x86_64-linux-gnu- --enable-shared --enable-linker-build-id --libexecdir=/usr/lib --without-included-gettext --enable-threads=posix --libdir=/usr/lib --enable-nls --enable-bootstrap --enable-clocale=gnu --enable-libstdcxx-debug --enable-libstdcxx-time=yes --with-default-libstdcxx-abi=new --enable-gnu-unique-object --disable-vtable-verify --enable-plugin --enable-default-pie --with-system-zlib --enable-libphobos-checking=release --with-target-system-zlib=auto --enable-objc-gc=auto --enable-multiarch --disable-werror --enable-cet --with-arch-32=i686 --with-abi=m64 --with-multilib-list=m32,m64,mx32 --enable-multilib --with-tune=generic --enable-offload-targets=nvptx-none=/build/gcc-11-0odw26/gcc-11-11.4.0/debian/tmp-nvptx/usr,amdgcn-amdhsa=/build/gcc-11-0odw26/gcc-11-11.4.0/debian/tmp-gcn/usr --without-cuda-driver --enable-checking=release --build=x86_64-linux-gnu --host=x86_64-linux-gnu --target=x86_64-linux-gnu --with-build-config=bootstrap-lto-lean --enable-link-serialization=2
Thread model: posix
Supported LTO compression algorithms: zlib zstd
gcc version 11.4.0 (Ubuntu 11.4.0-1ubuntu1~22.04.3) 
COLLECT_GCC_OPTIONS='-v' '-o' 'CMakeFiles/cmTC_e6e10.dir/CMakeCXXCompilerABI.cpp.o' '-c' '-shared-libgcc' '-mtune=generic' '-march=x86-64' '-dumpdir' 'CMakeFiles/cmTC_e6e10.dir/'
 /usr/lib/gcc/x86_64-linux-gnu/11/cc1plus -quiet -v -imultiarch x86_64-linux-gnu -D_GNU_SOURCE /usr/share/cmake-3.22/Modules/CMakeCXXCompilerABI.cpp -quiet -dumpdir CMakeFiles/cmTC_e6e10.dir/ -dumpbase CMakeCXXCompilerABI.cpp.cpp -dumpbase-ext .cpp -mtune=generic -march=x86-64 -version -fasynchronous-unwind-tables -fstack-protector-strong -Wformat -Wformat-security -fstack-clash-protection -fcf-protection -o /tmp/ccc9z6Oe.s
GNU C++17 (Ubuntu 11.4.0-1ubuntu1~22.04.3) version 11.4.0 (x86_64-linux-gnu)
	compiled by GNU C version 11.4.0, GMP version 6.2.1, MPFR version 4.1.0, MPC version 1.2.1, isl version isl-0.24-GMP

GGC heuristics: --param ggc-min-expand=100 --param ggc-min-heapsize=131072
ignoring duplicate directory "/usr/include/x86_64-linux-gnu/c++/11"
ignoring nonexistent directory "/usr/local/include/x86_64-linux-gnu"
ignoring nonexistent directory "/usr/lib/gcc/x86_64-linux-gnu/11/include-fixed"
ignoring nonexistent directory "/usr/lib/gcc/x86_64-linux-gnu/11/../../../../x86_64-linux-gnu/include"
#include "..." search starts here:
#include <...> search starts here:
 /usr/include/c++/11
 /usr/include/x86_64-linux-gnu/c++/11
 /usr/include/c++/11/backward
 /usr/lib/gcc/x86_64-linux-gnu/11/include
 /usr/local/include
 /usr/include/x86_64-linux-gnu
 /usr/include
End of search list.
GNU C++17 (Ubuntu 11.4.0-1ubuntu1~22.04.3) version 11.4.0 (x86_64-linux-gnu)
	compiled by GNU C version 11.4.0, GMP version 6.2.1, MPFR version 4.1.0, MPC version 1.2.1, isl version isl-0.24-GMP

GGC heuristics: --param ggc-min-expand=100 --param ggc-min-heapsize=131072
Compiler executable checksum: ac7fa628ee459f217e6fdb88b3db0bde
COLLECT_GCC_OPTIONS='-v' '-o' 'CMakeFiles/cmTC_e6e10.dir/CMakeCXXCompilerABI.cpp.o' '-c' '-shared-libgcc' '-mtune=generic' '-march=x86-64' '-dumpdir' 'CMakeFiles/cmTC_e6e10.dir/'
 as -v --64 -o CMakeFiles/cmTC_e6e10.dir/CMakeCXXCompilerABI.cpp.o /tmp/ccc9z6Oe.s
GNU assembler version 2.38 (x86_64-linux-gnu) using BFD version (GNU Binutils for Ubuntu) 2.38
COMPILER_PATH=/usr/lib/gcc/x86_64-linux-gnu/11/:/usr/lib/gcc/x86_64-linux-gnu/11/:/usr/lib/gcc/x86_64-linux-gnu/:/usr/lib/gcc/x86_64-linux-gnu/11/:/usr/lib/gcc/x86_64-linux-gnu/
LIBRARY_PATH=/usr/lib/gcc/x86_64-linux-gnu/11/:/usr/lib/gcc/x86_64-linux-gnu/11/../../../x86_64-linux-gnu/:/usr/lib/gcc/x86_64-linux-gnu/11/../../../../lib/:/lib/x86_64-linux-gnu/:/lib/../lib/:/usr/lib/x86_64-linux-gnu/:/usr/lib/../lib/:/usr/lib/gcc/x86_64-linux-gnu/11/../../../:/lib/:/usr/lib/
COLLECT_GCC_OPTIONS='-v' '-o' 'CMakeFiles/cmTC_e6e10.dir/CMakeCXXCompilerABI.cpp.o' '-c' '-shared-libgcc' '-mtune=generic' '-march=x86-64' '-dumpdir' 'CMakeFiles/cmTC_e6e10.dir/CMakeCXXCompilerABI.cpp.'
Linking CXX executable cmTC_e6e10
/usr/bin/cmake -E cmake_link_script CMakeFiles/cmTC_e6e10.dir/link.txt --verbose=1
/usr/bin/c++  -v CMakeFiles/cmTC_e6e10.dir/CMakeCXXCompilerABI.cpp.o -o cmTC_e6e10 
Using built-in specs.
COLLECT_GCC=/usr/bin/c++
COLLECT_LTO_WRAPPER=/usr/lib/gcc/x86_64-linux-gnu/11/lto-wrapper
OFFLOAD_TARGET_NAMES=nvptx-none:amdgcn-amdhsa
OFFLOAD_TARGET_DEFAULT=1
Target: x86_64-linux-gnu
Configured with: ../src/configure -v --with-pkgversion='Ubuntu 11.4.0-1ubuntu1~22.04.3' --with-bugurl=file:///usr/share/doc/gcc-11/README.Bugs --enable-languages=c,ada,c++,go,brig,d,fortran,objc,obj-c++,m2 --prefix=/usr --with-gcc-major-version-only --program-suffix=-11 --program-prefix=x86_64-linux-gnu- --enable-shared --enable-linker-build-id --libexecdir=/usr/lib --without-included-gettext --enable-threads=posix --libdir=/usr/lib --enable-nls --enable-bootstrap --enable-clocale=gnu --enable-libstdcxx-debug --enable-libstdcxx-time=yes --with-default-libstdcxx-abi=new --enable-gnu-unique-object --disable-vtable-verify --enable-plugin --enable-default-pie --with-system-zlib --enable-libphobos-checking=release --with-target-system-zlib=auto --enable-objc-gc=auto --enable-multiarch --disable-werror --enable-cet --with-arch-32=i686 --with-abi=m64 --with-multilib-list=m32,m64,mx32 --enable-multilib --with-tune=generic --enable-offload-targets=nvptx-none=/build/gcc-11-0odw26/gcc-11-11.4.0/debian/tmp-nvptx/usr,amdgcn-amdhsa=/build/gcc-11-0odw26/gcc-11-11.4.0/debian/tmp-gcn/usr --without-cuda-driver --enable-checking=release --build=x86_64-linux-gnu --host=x86_64-linux-gnu --target=x86_64-linux-gnu --with-build-config=bootstrap-lto-lean --enable-link-serialization=2
Thread model: posix
Supported LTO compression algorithms: zlib zstd
gcc version 11.4.0 (Ubuntu 11.4.0-1ubuntu1~22.04.3) 
COMPILER_PATH=/usr/lib/gcc/x86_64-linux-gnu/11/:/usr/lib/gcc/x86_64-linux-gnu/11/:/usr/lib/gcc/x86_64-linux-gnu/:/usr/lib/gcc/x86_64-linux-gnu/11/:/usr/lib/gcc/x86_64-linux-gnu/
LIBRARY_PATH=/usr/lib/gcc/x86_64-linux-gnu/11/:/usr/lib/gcc/x86_64-linux-gnu/11/../../../x86_64-linux-gnu/:/usr/lib/gcc/x86_64-linux-gnu/11/../../../../lib/:/lib/x86_64-linux-gnu/:/lib/../lib/:/usr/lib/x86_64-linux-gnu/:/usr/lib/../lib/:/usr/lib/gcc/x86_64-linux-gnu/11/../../../:/lib/:/usr/lib/
COLLECT_GCC_OPTIONS='-v' '-o' 'cmTC_e6e10' '-shared-libgcc' '-mtune=generic' '-march=x86-64' '-dumpdir' 'cmTC_e6e10.'
 /usr/lib/gcc/x86_64-linux-gnu/11/collect2 -plugin /usr/lib/gcc/x86_64-linux-gnu/11/liblto_plugin.so -plugin-opt=/usr/lib/gcc/x86_64-linux-gnu/11/lto-wrapper -plugin-opt=-fresolution=/tmp/cc3niXwQ.res -plugin-opt=-pass-through=-lgcc_s -plugin-opt=-pass-through=-lgcc -plugin-opt=-pass-through=-lc -plugin-opt=-pass-through=-lgcc_s -plugin-opt=-pass-through=-lgcc --build-id --eh-frame-hdr -m elf_x86_64 --hash-style=gnu --as-needed -dynamic-linker /lib64/ld-linux-x86-64.so.2 -pie -z now -z relro -o cmTC_e6e10 /usr/lib/gcc/x86_64-linux-gnu/11/../../../x86_64-linux-gnu/Scrt1.o /usr/lib/gcc/x86_64-linux-gnu/11/../../../x86_64-linux-gnu/crti.o /usr/lib/gcc/x86_64-linux-gnu/11/crtbeginS.o -L/usr/lib/gcc/x86_64-linux-gnu/11 -L/usr/lib/gcc/x86_64-linux-gnu/11/../../../x86_64-linux-gnu -L/usr/lib/gcc/x86_64-linux-gnu/11/../../../../lib -L/lib/x86_64-linux-gnu -L/lib/../lib -L/usr/lib/x86_64-linux-gnu -L/usr/lib/../lib -L/usr/lib/gcc/x86_64-linux-gnu/11/../../.. CMakeFiles/cmTC_e6e10.dir/CMakeCXXCompilerABI.cpp.o -lstdc++ -lm -lgcc_s -lgcc -lc -lgcc_s -lgcc /usr/lib/gcc/x86_64-linux-gnu/11/crtendS.o /usr/lib/gcc/x86_64-linux-gnu/11/../../../x86_64-linux-gnu/crtn.o
COLLECT_GCC_OPTIONS='-v' '-o' 'cmTC_e6e10' '-shared-libgcc' '-mtune=generic' '-march=x86-64' '-dumpdir' 'cmTC_e6e10.'
gmake[1]: Leaving directory '/home/developer/aerostack2_ws/build/as2_behaviors_swarm_flocking/CMakeFiles/CMakeTmp'



Parsed CXX implicit include dir info from above output: rv=done
  found start of include info
  found start of implicit include info
    add: [/usr/include/c++/11]
    add: [/usr/include/x86_64-linux-gnu/c++/11]
    add: [/usr/include/c++/11/backward]
    add: [/usr/lib/gcc/x86_64-linux-gnu/11/include]
    add: [/usr/local/include]
    add: [/usr/include/x86_64-linux-gnu]
    add: [/usr/include]
  end of search list found
  collapse include dir [/usr/include/c++/11] ==> [/usr/include/c++/11]
  collapse include dir [/usr/include/x86_64-linux-gnu/c++/11] ==> [/usr/include/x86_64-linux-gnu/c++/11]
  collapse include dir [/usr/include/c++/11/backward] ==> [/usr/include/c++/11/backward]
  collapse include dir [/usr/lib/gcc/x86_64-linux-gnu/11/include] ==> [/usr/lib/gcc/x86_64-linux-gnu/11/include]
  collapse include dir [/usr/local/include] ==> [/usr/local/include]
  collapse include dir [/usr/include/x86_64-linux-gnu] ==> [/usr/include/x86_64-linux-gnu]
  collapse include dir [/usr/include] ==> [/usr/include]
  implicit include dirs: [/usr/include/c++/11;/usr/include/x86_64-linux-gnu/c++/11;/usr/include/c++/11/backward;/usr/lib/gcc/x86_64-linux-gnu/11/include;/usr/local/include;/usr/include/x86_64-linux-gnu;/usr/include]


Parsed CXX implicit link information from above output:
  link line regex: [^( *|.*[/\])(ld|CMAKE_LINK_STARTFILE-NOTFOUND|([^/\]+-)?ld|collect2)[^/\]*( |$)]
  ignore line: [Change Dir: /home/developer/aerostack2_ws/build/as2_behaviors_swarm_flocking/CMakeFiles/CMakeTmp]
  ignore line: []
  ignore line: [Run Build Command(s):/usr/bin/gmake -f Makefile cmTC_e6e10/fast && /usr/bin/gmake  -f CMakeFiles/cmTC_e6e10.dir/build.make CMakeFiles/cmTC_e6e10.dir/build]
  ignore line: [gmake[1]: Entering directory '/home/developer/aerostack2_ws/build/as2_behaviors_swarm_flocking/CMakeFiles/CMakeTmp']
  ignore line: [Building CXX object CMakeFiles/cmTC_e6e10.dir/CMakeCXXCompilerABI.cpp.o]
  ignore line: [/usr/bin/c++   -v -o CMakeFiles/cmTC_e6e10.dir/CMakeCXXCompilerABI.cpp.o -c /usr/share/cmake-3.22/Modules/CMakeCXXCompilerABI.cpp]
  ignore line: [Using built-in specs.]
  ignore line: [COLLECT_GCC=/usr/bin/c++]
  ignore line: [OFFLOAD_TARGET_NAMES=nvptx-none:amdgcn-amdhsa]
  ignore line: [OFFLOAD_TARGET_DEFAULT=1]
  ignore line: [Target: x86_64-linux-gnu]
  ignore line: [Configured with: ../src/configure -v --with-pkgversion='Ubuntu 11.4.0-1ubuntu1~22.04.3' --with-bugurl=file:///usr/share/doc/gcc-11/README.Bugs --enable-languages=c ada c++ go brig d fortran objc obj-c++ m2 --prefix=/usr --with-gcc-major-version-only --program-suffix=-11 --program-prefix=x86_64-linux-gnu- --enable-shared --enable-linker-build-id --libexecdir=/usr/lib --without-included-gettext --enable-threads=posix --libdir=/usr/lib --enable-nls --enable-bootstrap --enable-clocale=gnu --enable-libstdcxx-debug --enable-libstdcxx-time=yes --with-default-libstdcxx-abi=new --enable-gnu-unique-object --disable-vtable-verify --enable-plugin --enable-default-pie --with-system-zlib --enable-libphobos-checking=release --with-target-system-zlib=auto --enable-objc-gc=auto --enable-multiarch --disable-werror --enable-cet --with-arch-32=i686 --with-abi=m64 --with-multilib-list=m32 m64 mx32 --enable-multilib --with-tune=generic --enable-offload-targets=nvptx-none=/build/gcc-11-0odw26/gcc-11-11.4.0/debian/tmp-nvptx/usr amdgcn-amdhsa=/build/gcc-11-0odw26/gcc-11-11.4.0/debian/tmp-gcn/usr --without-cuda-driver --enable-checking=release --build=x86_64-linux-gnu --host=x86_64-linux-gnu --target=x86_64-linux-gnu --with-build-config=bootstrap-lto-lean --enable-link-serialization=2]
  ignore line: [Thread model: posix]
  ignore line: [Supported LTO compression algorithms: zlib zstd]
  ignore line: [gcc version 11.4.0 (Ubuntu 11.4.0-1ubuntu1~22.04.3) ]
  ignore line: [COLLECT_GCC_OPTIONS='-v' '-o' 'CMakeFiles/cmTC_e6e10.dir/CMakeCXXCompilerABI.cpp.o' '-c' '-shared-libgcc' '-mtune=generic' '-march=x86-64' '-dumpdir' 'CMakeFiles/cmTC_e6e10.dir/']
  ignore line: [ /usr/lib/gcc/x86_64-linux-gnu/11/cc1plus -quiet -v -imultiarch x86_64-linux-gnu -D_GNU_SOURCE /usr/share/cmake-3.22/Modules/CMakeCXXCompilerABI.cpp -quiet -dumpdir CMakeFiles/cmTC_e6e10.dir/ -dumpbase CMakeCXXCompilerABI.cpp.cpp -dumpbase-ext .cpp -mtune=generic -march=x86-64 -version -fasynchronous-unwind-tables -fstack-protector-strong -Wformat -Wformat-security -fstack-clash-protection -fcf-protection -o /tmp/ccc9z6Oe.s]
  ignore line: [GNU C++17 (Ubuntu 11.4.0-1ubuntu1~22.04.3) version 11.4.0 (x86_64-linux-gnu)]
  ignore line: [	compiled by GNU C version 11.4.0  GMP version 6.2.1  MPFR version 4.1.0  MPC version 1.2.1  isl version isl-0.24-GMP]
  ignore line: []
  ignore line: [GGC heuristics: --param ggc-min-expand=100 --param ggc-min-heapsize=131072]
  ignore line: [ignoring duplicate directory "/usr/include/x86_64-linux-gnu/c++/11"]
  ignore line: [ignoring nonexistent directory "/usr/local/include/x86_64-linux-gnu"]
  ignore line: [ignoring nonexistent directory "/usr/lib/gcc/x86_64-linux-gnu/11/include-fixed"]
  ignore line: [ignoring nonexistent directory "/usr/lib/gcc/x86_64-linux-gnu/11/../../../../x86_64-linux-gnu/include"]
  ignore line: [#include "..." search starts here:]
  ignore line: [#include <...> search starts here:]
  ignore line: [ /usr/include/c++/11]
  ignore line: [ /usr/include/x86_64-linux-gnu/c++/11]
  ignore line: [ /usr/include/c++/11/backward]
  ignore line: [ /usr/lib/gcc/x86_64-linux-gnu/11/include]
  ignore line: [ /usr/local/include]
  ignore line: [ /usr/include/x86_64-linux-gnu]
  ignore line: [ /usr/include]
  ignore line: [End of search list.]
  ignore line: [GNU C++17 (Ubuntu 11.4.0-1ubuntu1~22.04.3) version 11.4.0 (x86_64-linux-gnu)]
  ignore line: [	compiled by GNU C version 11.4.0  GMP version 6.2.1  MPFR version 4.1.0  MPC version 1.2.1  isl version isl-0.24-GMP]
  ignore line: []
  ignore line: [GGC heuristics: --param ggc-min-expand=100 --param ggc-min-heapsize=131072]
  ignore line: [Compiler executable checksum: ac7fa628ee459f217e6fdb88b3db0bde]
  ignore line: [COLLECT_GCC_OPTIONS='-v' '-o' 'CMakeFiles/cmTC_e6e10.dir/CMakeCXXCompilerABI.cpp.o' '-c' '-shared-libgcc' '-mtune=generic' '-march=x86-64' '-dumpdir' 'CMakeFiles/cmTC_e6e10.dir/']
  ignore line: [ as -v --64 -o CMakeFiles/cmTC_e6e10.dir/CMakeCXXCompilerABI.cpp.o /tmp/ccc9z6Oe.s]
  ignore line: [GNU assembler version 2.38 (x86_64-linux-gnu) using BFD version (GNU Binutils for Ubuntu) 2.38]
  ignore line: [COMPILER_PATH=/usr/lib/gcc/x86_64-linux-gnu/11/:/usr/lib/gcc/x86_64-linux-gnu/11/:/usr/lib/gcc/x86_64-linux-gnu/:/usr/lib/gcc/x86_64-linux-gnu/11/:/usr/lib/gcc/x86_64-linux-gnu/]
  ignore line: [LIBRARY_PATH=/usr/lib/gcc/x86_64-linux-gnu/11/:/usr/lib/gcc/x86_64-linux-gnu/11/../../../x86_64-linux-gnu/:/usr/lib/gcc/x86_64-linux-gnu/11/../../../../lib/:/lib/x86_64-linux-gnu/:/lib/../lib/:/usr/lib/x86_64-linux-gnu/:/usr/lib/../lib/:/usr/lib/gcc/x86_64-linux-gnu/11/../../../:/lib/:/usr/lib/]
  ignore line: [COLLECT_GCC_OPTIONS='-v' '-o' 'CMakeFiles/cmTC_e6e10.dir/CMakeCXXCompilerABI.cpp.o' '-c' '-shared-libgcc' '-mtune=generic' '-march=x86-64' '-dumpdir' 'CMakeFiles/cmTC_e6e10.dir/CMakeCXXCompilerABI.cpp.']
  ignore line: [Linking CXX executable cmTC_e6e10]
  ignore line: [/usr/bin/cmake -E cmake_link_script CMakeFiles/cmTC_e6e10.dir/link.txt --verbose=1]
  ignore line: [/usr/bin/c++  -v CMakeFiles/cmTC_e6e10.dir/CMakeCXXCompilerABI.cpp.o -o cmTC_e6e10 ]
  ignore line: [Using built-in specs.]
  ignore line: [COLLECT_GCC=/usr/bin/c++]
  ignore line: [COLLECT_LTO_WRAPPER=/usr/lib/gcc/x86_64-linux-gnu/11/lto-wrapper]
  ignore line: [OFFLOAD_TARGET_NAMES=nvptx-none:amdgcn-amdhsa]
  ignore line: [OFFLOAD_TARGET_DEFAULT=1]
  ignore line: [Target: x86_64-linux-gnu]
  ignore line: [Configured with: ../src/configure -v --with-pkgversion='Ubuntu 11.4.0-1ubuntu1~22.04.3' --with-bugurl=file:///usr/share/doc/gcc-11/README.Bugs --enable-languages=c ada c++ go brig d fortran objc obj-c++ m2 --prefix=/usr --with-gcc-major-version-only --program-suffix=-11 --program-prefix=x86_64-linux-gnu- --enable-shared --enable-linker-build-id --libexecdir=/usr/lib --without-included-gettext --enable-threads=posix --libdir=/usr/lib --enable-nls --enable-bootstrap --enable-clocale=gnu --enable-libstdcxx-debug --enable-libstdcxx-time=yes --with-default-libstdcxx-abi=new --enable-gnu-unique-object --disable-vtable-verify --enable-plugin --enable-default-pie --with-system-zlib --enable-libphobos-checking=release --with-target-system-zlib=auto --enable-objc-gc=auto --enable-multiarch --disable-werror --enable-cet --with-arch-32=i686 --with-abi=m64 --with-multilib-list=m32 m64 mx32 --enable-multilib --with-tune=generic --enable-offload-targets=nvptx-none=/build/gcc-11-0odw26/gcc-11-11.4.0/debian/tmp-nvptx/usr amdgcn-amdhsa=/build/gcc-11-0odw26/gcc-11-11.4.0/debian/tmp-gcn/usr --without-cuda-driver --enable-checking=release --build=x86_64-linux-gnu --host=x86_64-linux-gnu --target=x86_64-linux-gnu --with-build-config=bootstrap-lto-lean --enable-link-serialization=2]
  ignore line: [Thread model: posix]
  ignore line: [Supported LTO compression algorithms: zlib zstd]
  ignore line: [gcc version 11.4.0 (Ubuntu 11.4.0-1ubuntu1~22.04.3) ]
  ignore line: [COMPILER_PATH=/usr/lib/gcc/x86_64-linux-gnu/11/:/usr/lib/gcc/x86_64-linux-gnu/11/:/usr/lib/gcc/x86_64-linux-gnu/:/usr/lib/gcc/x86_64-linux-gnu/11/:/usr/lib/gcc/x86_64-linux-gnu/]
  ignore line: [LIBRARY_PATH=/usr/lib/gcc/x86_64-linux-gnu/11/:/usr/lib/gcc/x86_64-linux-gnu/11/../../../x86_64-linux-gnu/:/usr/lib/gcc/x86_64-linux-gnu/11/../../../../lib/:/lib/x86_64-linux-gnu/:/lib/../lib/:/usr/lib/x86_64-linux-gnu/:/usr/lib/../lib/:/usr/lib/gcc/x86_64-linux-gnu/11/../../../:/lib/:/usr/lib/]
  ignore line: [COLLECT_GCC_OPTIONS='-v' '-o' 'cmTC_e6e10' '-shared-libgcc' '-mtune=generic' '-march=x86-64' '-dumpdir' 'cmTC_e6e10.']
  link line: [ /usr/lib/gcc/x86_64-linux-gnu/11/collect2 -plugin /usr/lib/gcc/x86_64-linux-gnu/11/liblto_plugin.so -plugin-opt=/usr/lib/gcc/x86_64-linux-gnu/11/lto-wrapper -plugin-opt=-fresolution=/tmp/cc3niXwQ.res -plugin-opt=-pass-through=-lgcc_s -plugin-opt=-pass-through=-lgcc -plugin-opt=-pass-through=-lc -plugin-opt=-pass-through=-lgcc_s -plugin-opt=-pass-through=-lgcc --build-id --eh-frame-hdr -m elf_x86_64 --hash-style=gnu --as-needed -dynamic-linker /lib64/ld-linux-x86-64.so.2 -pie -z now -z relro -o cmTC_e6e10 /usr/lib/gcc/x86_64-linux-gnu/11/../../../x86_64-linux-gnu/Scrt1.o /usr/lib/gcc/x86_64-linux-gnu/11/../../../x86_64-linux-gnu/crti.o /usr/lib/gcc/x86_64-linux-gnu/11/crtbeginS.o -L/usr/lib/gcc/x86_64-linux-gnu/11 -L/usr/lib/gcc/x86_64-linux-gnu/11/../../../x86_64-linux-gnu -L/usr/lib/gcc/x86_64-linux-gnu/11/../../../../lib -L/lib/x86_64-linux-gnu -L/lib/../lib -L/usr/lib/x86_64-linux-gnu -L/usr/lib/../lib -L/usr/lib/gcc/x86_64-linux-gnu/11/../../.. CMakeFiles/cmTC_e6e10.dir/CMakeCXXCompilerABI.cpp.o -lstdc++ -lm -lgcc_s -lgcc -lc -lgcc_s -lgcc /usr/lib/gcc/x86_64-linux-gnu/11/crtendS.o /usr/lib/gcc/x86_64-linux-gnu/11/../../../x86_64-linux-gnu/crtn.o]
    arg [/usr/lib/gcc/x86_64-linux-gnu/11/collect2] ==> ignore
    arg [-plugin] ==> ignore
    arg [/usr/lib/gcc/x86_64-linux-gnu/11/liblto_plugin.so] ==> ignore
    arg [-plugin-opt=/usr/lib/gcc/x86_64-linux-gnu/11/lto-wrapper] ==> ignore
    arg [-plugin-opt=-fresolution=/tmp/cc3niXwQ.res] ==> ignore
    arg [-plugin-opt=-pass-through=-lgcc_s] ==> ignore
    arg [-plugin-opt=-pass-through=-lgcc] ==> ignore
    arg [-plugin-opt=-pass-through=-lc] ==> ignore
    arg [-plugin-opt=-pass-through=-lgcc_s] ==> ignore
    arg [-plugin-opt=-pass-through=-lgcc] ==> ignore
    arg [--build-id] ==> ignore
    arg [--eh-frame-hdr] ==> ignore
    arg [-m] ==> ignore
    arg [elf_x86_64] ==> ignore
    arg [--hash-style=gnu] ==> ignore
    arg [--as-needed] ==> ignore
    arg [-dynamic-linker] ==> ignore
    arg [/lib64/ld-linux-x86-64.so.2] ==> ignore
    arg [-pie] ==> ignore
    arg [-znow] ==> ignore
    arg [-zrelro] ==> ignore
    arg [-o] ==> ignore
    arg [cmTC_e6e10] ==> ignore
    arg [/usr/lib/gcc/x86_64-linux-gnu/11/../../../x86_64-linux-gnu/Scrt1.o] ==> obj [/usr/lib/gcc/x86_64-linux-gnu/11/../../../x86_64-linux-gnu/Scrt1.o]
    arg [/usr/lib/gcc/x86_64-linux-gnu/11/../../../x86_64-linux-gnu/crti.o] ==> obj [/usr/lib/gcc/x86_64-linux-gnu/11/../../../x86_64-linux-gnu/crti.o]
    arg [/usr/lib/gcc/x86_64-linux-gnu/11/crtbeginS.o] ==> obj [/usr/lib/gcc/x86_64-linux-gnu/11/crtbeginS.o]
    arg [-L/usr/lib/gcc/x86_64-linux-gnu/11] ==> dir [/usr/lib/gcc/x86_64-linux-gnu/11]
    arg [-L/usr/lib/gcc/x86_64-linux-gnu/11/../../../x86_64-linux-gnu] ==> dir [/usr/lib/gcc/x86_64-linux-gnu/11/../../../x86_64-linux-gnu]
    arg [-L/usr/lib/gcc/x86_64-linux-gnu/11/../../../../lib] ==> dir [/usr/lib/gcc/x86_64-linux-gnu/11/../../../../lib]
    arg [-L/lib/x86_64-linux-gnu] ==> dir [/lib/x86_64-linux-gnu]
    arg [-L/lib/../lib] ==> dir [/lib/../lib]
    arg [-L/usr/lib/x86_64-linux-gnu] ==> dir [/usr/lib/x86_64-linux-gnu]
    arg [-L/usr/lib/../lib] ==> dir [/usr/lib/../lib]
    arg [-L/usr/lib/gcc/x86_64-linux-gnu/11/../../..] ==> dir [/usr/lib/gcc/x86_64-linux-gnu/11/../../..]
    arg [CMakeFiles/cmTC_e6e10.dir/CMakeCXXCompilerABI.cpp.o] ==> ignore
    arg [-lstdc++] ==> lib [stdc++]
    arg [-lm] ==> lib [m]
    arg [-lgcc_s] ==> lib [gcc_s]
    arg [-lgcc] ==> lib [gcc]
    arg [-lc] ==> lib [c]
    arg [-lgcc_s] ==> lib [gcc_s]
    arg [-lgcc] ==> lib [gcc]
    arg [/usr/lib/gcc/x86_64-linux-gnu/11/crtendS.o] ==> obj [/usr/lib/gcc/x86_64-linux-gnu/11/crtendS.o]
    arg [/usr/lib/gcc/x86_64-linux-gnu/11/../../../x86_64-linux-gnu/crtn.o] ==> obj [/usr/lib/gcc/x86_64-linux-gnu/11/../../../x86_64-linux-gnu/crtn.o]
  collapse obj [/usr/lib/gcc/x86_64-linux-gnu/11/../../../x86_64-linux-gnu/Scrt1.o] ==> [/usr/lib/x86_64-linux-gnu/Scrt1.o]
  collapse obj [/usr/lib/gcc/x86_64-linux-gnu/11/../../../x86_64-linux-gnu/crti.o] ==> [/usr/lib/x86_64-linux-gnu/crti.o]
  collapse obj [/usr/lib/gcc/x86_64-linux-gnu/11/../../../x86_64-linux-gnu/crtn.o] ==> [/usr/lib/x86_64-linux-gnu/crtn.o]
  collapse library dir [/usr/lib/gcc/x86_64-linux-gnu/11] ==> [/usr/lib/gcc/x86_64-linux-gnu/11]
  collapse library dir [/usr/lib/gcc/x86_64-linux-gnu/11/../../../x86_64-linux-gnu] ==> [/usr/lib/x86_64-linux-gnu]
  collapse library dir [/usr/lib/gcc/x86_64-linux-gnu/11/../../../../lib] ==> [/usr/lib]
  collapse library dir [/lib/x86_64-linux-gnu] ==> [/lib/x86_64-linux-gnu]
  collapse library dir [/lib/../lib] ==> [/lib]
  collapse library dir [/usr/lib/x86_64-linux-gnu] ==> [/usr/lib/x86_64-linux-gnu]
  collapse library dir [/usr/lib/../lib] ==> [/usr/lib]
  collapse library dir [/usr/lib/gcc/x86_64-linux-gnu/11/../../..] ==> [/usr/lib]
  implicit libs: [stdc++;m;gcc_s;gcc;c;gcc_s;gcc]
  implicit objs: [/usr/lib/x86_64-linux-gnu/Scrt1.o;/usr/lib/x86_64-linux-gnu/crti.o;/usr/lib/gcc/x86_64-linux-gnu/11/crtbeginS.o;/usr/lib/gcc/x86_64-linux-gnu/11/crtendS.o;/usr/lib/x86_64-linux-gnu/crtn.o]
  implicit dirs: [/usr/lib/gcc/x86_64-linux-gnu/11;/usr/lib/x86_64-linux-gnu;/usr/lib;/lib/x86_64-linux-gnu;/lib]
  implicit fwks: []


Determining if the include file pthread.h exists passed with the following output:
Change Dir: /home/developer/aerostack2_ws/build/as2_behaviors_swarm_flocking/CMakeFiles/CMakeTmp

Run Build Command(s):/usr/bin/gmake -f Makefile cmTC_c35c7/fast && /usr/bin/gmake  -f CMakeFiles/cmTC_c35c7.dir/build.make CMakeFiles/cmTC_c35c7.dir/build
gmake[1]: Entering directory '/home/developer/aerostack2_ws/build/as2_behaviors_swarm_flocking/CMakeFiles/CMakeTmp'
Building C object CMakeFiles/cmTC_c35c7.dir/CheckIncludeFile.c.o
/usr/bin/cc   -fPIE -o CMakeFiles/cmTC_c35c7.dir/CheckIncludeFile.c.o -c /home/developer/aerostack2_ws/build/as2_behaviors_swarm_flocking/CMakeFiles/CMakeTmp/CheckIncludeFile.c
Linking C executable cmTC_c35c7
/usr/bin/cmake -E cmake_link_script CMakeFiles/cmTC_c35c7.dir/link.txt --verbose=1
/usr/bin/cc CMakeFiles/cmTC_c35c7.dir/CheckIncludeFile.c.o -o cmTC_c35c7 
gmake[1]: Leaving directory '/home/developer/aerostack2_ws/build/as2_behaviors_swarm_flocking/CMakeFiles/CMakeTmp'



Performing C SOURCE FILE Test CMAKE_HAVE_LIBC_PTHREAD succeeded with the following output:
Change Dir: /home/developer/aerostack2_ws/build/as2_behaviors_swarm_flocking/CMakeFiles/CMakeTmp

Run Build Command(s):/usr/bin/gmake -f Makefile cmTC_ab25d/fast && /usr/bin/gmake  -f CMakeFiles/cmTC_ab25d.dir/build.make CMakeFiles/cmTC_ab25d.dir/build
gmake[1]: Entering directory '/home/developer/aerostack2_ws/build/as2_behaviors_swarm_flocking/CMakeFiles/CMakeTmp'
Building C object CMakeFiles/cmTC_ab25d.dir/src.c.o
/usr/bin/cc -DCMAKE_HAVE_LIBC_PTHREAD  -fPIE -o CMakeFiles/cmTC_ab25d.dir/src.c.o -c /home/developer/aerostack2_ws/build/as2_behaviors_swarm_flocking/CMakeFiles/CMakeTmp/src.c
Linking C executable cmTC_ab25d
/usr/bin/cmake -E cmake_link_script CMakeFiles/cmTC_ab25d.dir/link.txt --verbose=1
/usr/bin/cc CMakeFiles/cmTC_ab25d.dir/src.c.o -o cmTC_ab25d 
gmake[1]: Leaving directory '/home/developer/aerostack2_ws/build/as2_behaviors_swarm_flocking/CMakeFiles/CMakeTmp'


Source file was:
#include <pthread.h>

static void* test_func(void* data)
{
  return data;
}

int main(void)
{
  pthread_t thread;
  pthread_create(&thread, NULL, test_func, NULL);
  pthread_detach(thread);
  pthread_cancel(thread);
  pthread_join(thread, NULL);
  pthread_atfork(NULL, NULL, NULL);
  pthread_exit(NULL);

  return 0;
}

Determining the gflags namespace passed with the following output:
Change Dir: /home/developer/aerostack2_ws/build/as2_behaviors_swarm_flocking/CMakeFiles/CMakeTmp

Run Build Command(s):/usr/bin/gmake -f Makefile cmTC_b2981/fast && /usr/bin/gmake  -f CMakeFiles/cmTC_b2981.dir/build.make CMakeFiles/cmTC_b2981.dir/build
gmake[1]: Entering directory '/home/developer/aerostack2_ws/build/as2_behaviors_swarm_flocking/CMakeFiles/CMakeTmp'
Building CXX object CMakeFiles/cmTC_b2981.dir/DetermineGflagsNamespace.cxx.o
/usr/bin/c++ -DGFLAGS_IS_A_DLL=0 -DGLOG_GFLAGS_NAMESPACE=gflags  -O3 -DNDEBUG -fPIE -o CMakeFiles/cmTC_b2981.dir/DetermineGflagsNamespace.cxx.o -c /home/developer/aerostack2_ws/build/as2_behaviors_swarm_flocking/CMakeFiles/CMakeTmp/DetermineGflagsNamespace.cxx
Linking CXX executable cmTC_b2981
/usr/bin/cmake -E cmake_link_script CMakeFiles/cmTC_b2981.dir/link.txt --verbose=1
/usr/bin/c++ -O3 -DNDEBUG CMakeFiles/cmTC_b2981.dir/DetermineGflagsNamespace.cxx.o -o cmTC_b2981  /usr/lib/x86_64-linux-gnu/libgflags.so.2.2.2 -lpthread 
gmake[1]: Leaving directory '/home/developer/aerostack2_ws/build/as2_behaviors_swarm_flocking/CMakeFiles/CMakeTmp'



Determining if the include file unwind.h exists passed with the following output:
Change Dir: /home/developer/aerostack2_ws/build/as2_behaviors_swarm_flocking/CMakeFiles/CMakeTmp

Run Build Command(s):/usr/bin/gmake -f Makefile cmTC_333e5/fast && /usr/bin/gmake  -f CMakeFiles/cmTC_333e5.dir/build.make CMakeFiles/cmTC_333e5.dir/build
gmake[1]: Entering directory '/home/developer/aerostack2_ws/build/as2_behaviors_swarm_flocking/CMakeFiles/CMakeTmp'
Building CXX object CMakeFiles/cmTC_333e5.dir/CheckIncludeFile.cxx.o
/usr/bin/c++   -fPIE -o CMakeFiles/cmTC_333e5.dir/CheckIncludeFile.cxx.o -c /home/developer/aerostack2_ws/build/as2_behaviors_swarm_flocking/CMakeFiles/CMakeTmp/CheckIncludeFile.cxx
Linking CXX executable cmTC_333e5
/usr/bin/cmake -E cmake_link_script CMakeFiles/cmTC_333e5.dir/link.txt --verbose=1
/usr/bin/c++ CMakeFiles/cmTC_333e5.dir/CheckIncludeFile.cxx.o -o cmTC_333e5 
gmake[1]: Leaving directory '/home/developer/aerostack2_ws/build/as2_behaviors_swarm_flocking/CMakeFiles/CMakeTmp'



Determining if the _Unwind_Backtrace exist passed with the following output:
Change Dir: /home/developer/aerostack2_ws/build/as2_behaviors_swarm_flocking/CMakeFiles/CMakeTmp

Run Build Command(s):/usr/bin/gmake -f Makefile cmTC_8cb20/fast && /usr/bin/gmake  -f CMakeFiles/cmTC_8cb20.dir/build.make CMakeFiles/cmTC_8cb20.dir/build
gmake[1]: Entering directory '/home/developer/aerostack2_ws/build/as2_behaviors_swarm_flocking/CMakeFiles/CMakeTmp'
Building CXX object CMakeFiles/cmTC_8cb20.dir/CheckSymbolExists.cxx.o
/usr/bin/c++   -fPIE -o CMakeFiles/cmTC_8cb20.dir/CheckSymbolExists.cxx.o -c /home/developer/aerostack2_ws/build/as2_behaviors_swarm_flocking/CMakeFiles/CMakeTmp/CheckSymbolExists.cxx
Linking CXX executable cmTC_8cb20
/usr/bin/cmake -E cmake_link_script CMakeFiles/cmTC_8cb20.dir/link.txt --verbose=1
/usr/bin/c++ CMakeFiles/cmTC_8cb20.dir/CheckSymbolExists.cxx.o -o cmTC_8cb20 
gmake[1]: Leaving directory '/home/developer/aerostack2_ws/build/as2_behaviors_swarm_flocking/CMakeFiles/CMakeTmp'


File /home/developer/aerostack2_ws/build/as2_behaviors_swarm_flocking/CMakeFiles/CMakeTmp/CheckSymbolExists.cxx:
/* */
#include <unwind.h>

int main(int argc, char** argv)
{
  (void)argv;
#ifndef _Unwind_Backtrace
  return ((int*)(&_Unwind_Backtrace))[argc];
#else
  (void)argc;
  return 0;
#endif
}
Determining if the include file dlfcn.h exists passed with the following output:
Change Dir: /home/developer/aerostack2_ws/build/as2_behaviors_swarm_flocking/CMakeFiles/CMakeTmp

Run Build Command(s):/usr/bin/gmake -f Makefile cmTC_fae6c/fast && /usr/bin/gmake  -f CMakeFiles/cmTC_fae6c.dir/build.make CMakeFiles/cmTC_fae6c.dir/build
gmake[1]: Entering directory '/home/developer/aerostack2_ws/build/as2_behaviors_swarm_flocking/CMakeFiles/CMakeTmp'
Building CXX object CMakeFiles/cmTC_fae6c.dir/CheckIncludeFile.cxx.o
/usr/bin/c++   -fPIE -o CMakeFiles/cmTC_fae6c.dir/CheckIncludeFile.cxx.o -c /home/developer/aerostack2_ws/build/as2_behaviors_swarm_flocking/CMakeFiles/CMakeTmp/CheckIncludeFile.cxx
Linking CXX executable cmTC_fae6c
/usr/bin/cmake -E cmake_link_script CMakeFiles/cmTC_fae6c.dir/link.txt --verbose=1
/usr/bin/c++ CMakeFiles/cmTC_fae6c.dir/CheckIncludeFile.cxx.o -o cmTC_fae6c 
gmake[1]: Leaving directory '/home/developer/aerostack2_ws/build/as2_behaviors_swarm_flocking/CMakeFiles/CMakeTmp'



Determining if the include file execinfo.h exists passed with the following output:
Change Dir: /home/developer/aerostack2_ws/build/as2_behaviors_swarm_flocking/CMakeFiles/CMakeTmp

Run Build Command(s):/usr/bin/gmake -f Makefile cmTC_d44fa/fast && /usr/bin/gmake  -f CMakeFiles/cmTC_d44fa.dir/build.make CMakeFiles/cmTC_d44fa.dir/build
gmake[1]: Entering directory '/home/developer/aerostack2_ws/build/as2_behaviors_swarm_flocking/CMakeFiles/CMakeTmp'
Building CXX object CMakeFiles/cmTC_d44fa.dir/CheckIncludeFile.cxx.o
/usr/bin/c++   -fPIE -o CMakeFiles/cmTC_d44fa.dir/CheckIncludeFile.cxx.o -c /home/developer/aerostack2_ws/build/as2_behaviors_swarm_flocking/CMakeFiles/CMakeTmp/CheckIncludeFile.cxx
Linking CXX executable cmTC_d44fa
/usr/bin/cmake -E cmake_link_script CMakeFiles/cmTC_d44fa.dir/link.txt --verbose=1
/usr/bin/c++ CMakeFiles/cmTC_d44fa.dir/CheckIncludeFile.cxx.o -o cmTC_d44fa 
gmake[1]: Leaving directory '/home/developer/aerostack2_ws/build/as2_behaviors_swarm_flocking/CMakeFiles/CMakeTmp'



Determining if the include file glob.h exists passed with the following output:
Change Dir: /home/developer/aerostack2_ws/build/as2_behaviors_swarm_flocking/CMakeFiles/CMakeTmp

Run Build Command(s):/usr/bin/gmake -f Makefile cmTC_d8c96/fast && /usr/bin/gmake  -f CMakeFiles/cmTC_d8c96.dir/build.make CMakeFiles/cmTC_d8c96.dir/build
gmake[1]: Entering directory '/home/developer/aerostack2_ws/build/as2_behaviors_swarm_flocking/CMakeFiles/CMakeTmp'
Building CXX object CMakeFiles/cmTC_d8c96.dir/CheckIncludeFile.cxx.o
/usr/bin/c++   -fPIE -o CMakeFiles/cmTC_d8c96.dir/CheckIncludeFile.cxx.o -c /home/developer/aerostack2_ws/build/as2_behaviors_swarm_flocking/CMakeFiles/CMakeTmp/CheckIncludeFile.cxx
Linking CXX executable cmTC_d8c96
/usr/bin/cmake -E cmake_link_script CMakeFiles/cmTC_d8c96.dir/link.txt --verbose=1
/usr/bin/c++ CMakeFiles/cmTC_d8c96.dir/CheckIncludeFile.cxx.o -o cmTC_d8c96 
gmake[1]: Leaving directory '/home/developer/aerostack2_ws/build/as2_behaviors_swarm_flocking/CMakeFiles/CMakeTmp'



Determining if the include file inttypes.h exists passed with the following output:
Change Dir: /home/developer/aerostack2_ws/build/as2_behaviors_swarm_flocking/CMakeFiles/CMakeTmp

Run Build Command(s):/usr/bin/gmake -f Makefile cmTC_db4de/fast && /usr/bin/gmake  -f CMakeFiles/cmTC_db4de.dir/build.make CMakeFiles/cmTC_db4de.dir/build
gmake[1]: Entering directory '/home/developer/aerostack2_ws/build/as2_behaviors_swarm_flocking/CMakeFiles/CMakeTmp'
Building CXX object CMakeFiles/cmTC_db4de.dir/CheckIncludeFile.cxx.o
/usr/bin/c++   -fPIE -o CMakeFiles/cmTC_db4de.dir/CheckIncludeFile.cxx.o -c /home/developer/aerostack2_ws/build/as2_behaviors_swarm_flocking/CMakeFiles/CMakeTmp/CheckIncludeFile.cxx
Linking CXX executable cmTC_db4de
/usr/bin/cmake -E cmake_link_script CMakeFiles/cmTC_db4de.dir/link.txt --verbose=1
/usr/bin/c++ CMakeFiles/cmTC_db4de.dir/CheckIncludeFile.cxx.o -o cmTC_db4de 
gmake[1]: Leaving directory '/home/developer/aerostack2_ws/build/as2_behaviors_swarm_flocking/CMakeFiles/CMakeTmp'



Determining if the include file memory.h exists passed with the following output:
Change Dir: /home/developer/aerostack2_ws/build/as2_behaviors_swarm_flocking/CMakeFiles/CMakeTmp

Run Build Command(s):/usr/bin/gmake -f Makefile cmTC_c7624/fast && /usr/bin/gmake  -f CMakeFiles/cmTC_c7624.dir/build.make CMakeFiles/cmTC_c7624.dir/build
gmake[1]: Entering directory '/home/developer/aerostack2_ws/build/as2_behaviors_swarm_flocking/CMakeFiles/CMakeTmp'
Building CXX object CMakeFiles/cmTC_c7624.dir/CheckIncludeFile.cxx.o
/usr/bin/c++   -fPIE -o CMakeFiles/cmTC_c7624.dir/CheckIncludeFile.cxx.o -c /home/developer/aerostack2_ws/build/as2_behaviors_swarm_flocking/CMakeFiles/CMakeTmp/CheckIncludeFile.cxx
Linking CXX executable cmTC_c7624
/usr/bin/cmake -E cmake_link_script CMakeFiles/cmTC_c7624.dir/link.txt --verbose=1
/usr/bin/c++ CMakeFiles/cmTC_c7624.dir/CheckIncludeFile.cxx.o -o cmTC_c7624 
gmake[1]: Leaving directory '/home/developer/aerostack2_ws/build/as2_behaviors_swarm_flocking/CMakeFiles/CMakeTmp'



Determining if the include file pwd.h exists passed with the following output:
Change Dir: /home/developer/aerostack2_ws/build/as2_behaviors_swarm_flocking/CMakeFiles/CMakeTmp

Run Build Command(s):/usr/bin/gmake -f Makefile cmTC_56188/fast && /usr/bin/gmake  -f CMakeFiles/cmTC_56188.dir/build.make CMakeFiles/cmTC_56188.dir/build
gmake[1]: Entering directory '/home/developer/aerostack2_ws/build/as2_behaviors_swarm_flocking/CMakeFiles/CMakeTmp'
Building CXX object CMakeFiles/cmTC_56188.dir/CheckIncludeFile.cxx.o
/usr/bin/c++   -fPIE -o CMakeFiles/cmTC_56188.dir/CheckIncludeFile.cxx.o -c /home/developer/aerostack2_ws/build/as2_behaviors_swarm_flocking/CMakeFiles/CMakeTmp/CheckIncludeFile.cxx
Linking CXX executable cmTC_56188
/usr/bin/cmake -E cmake_link_script CMakeFiles/cmTC_56188.dir/link.txt --verbose=1
/usr/bin/c++ CMakeFiles/cmTC_56188.dir/CheckIncludeFile.cxx.o -o cmTC_56188 
gmake[1]: Leaving directory '/home/developer/aerostack2_ws/build/as2_behaviors_swarm_flocking/CMakeFiles/CMakeTmp'



Determining if the include file stdint.h exists passed with the following output:
Change Dir: /home/developer/aerostack2_ws/build/as2_behaviors_swarm_flocking/CMakeFiles/CMakeTmp

Run Build Command(s):/usr/bin/gmake -f Makefile cmTC_18e32/fast && /usr/bin/gmake  -f CMakeFiles/cmTC_18e32.dir/build.make CMakeFiles/cmTC_18e32.dir/build
gmake[1]: Entering directory '/home/developer/aerostack2_ws/build/as2_behaviors_swarm_flocking/CMakeFiles/CMakeTmp'
Building CXX object CMakeFiles/cmTC_18e32.dir/CheckIncludeFile.cxx.o
/usr/bin/c++   -fPIE -o CMakeFiles/cmTC_18e32.dir/CheckIncludeFile.cxx.o -c /home/developer/aerostack2_ws/build/as2_behaviors_swarm_flocking/CMakeFiles/CMakeTmp/CheckIncludeFile.cxx
Linking CXX executable cmTC_18e32
/usr/bin/cmake -E cmake_link_script CMakeFiles/cmTC_18e32.dir/link.txt --verbose=1
/usr/bin/c++ CMakeFiles/cmTC_18e32.dir/CheckIncludeFile.cxx.o -o cmTC_18e32 
gmake[1]: Leaving directory '/home/developer/aerostack2_ws/build/as2_behaviors_swarm_flocking/CMakeFiles/CMakeTmp'



Determining if the include file strings.h exists passed with the following output:
Change Dir: /home/developer/aerostack2_ws/build/as2_behaviors_swarm_flocking/CMakeFiles/CMakeTmp

Run Build Command(s):/usr/bin/gmake -f Makefile cmTC_d5801/fast && /usr/bin/gmake  -f CMakeFiles/cmTC_d5801.dir/build.make CMakeFiles/cmTC_d5801.dir/build
gmake[1]: Entering directory '/home/developer/aerostack2_ws/build/as2_behaviors_swarm_flocking/CMakeFiles/CMakeTmp'
Building CXX object CMakeFiles/cmTC_d5801.dir/CheckIncludeFile.cxx.o
/usr/bin/c++   -fPIE -o CMakeFiles/cmTC_d5801.dir/CheckIncludeFile.cxx.o -c /home/developer/aerostack2_ws/build/as2_behaviors_swarm_flocking/CMakeFiles/CMakeTmp/CheckIncludeFile.cxx
Linking CXX executable cmTC_d5801
/usr/bin/cmake -E cmake_link_script CMakeFiles/cmTC_d5801.dir/link.txt --verbose=1
/usr/bin/c++ CMakeFiles/cmTC_d5801.dir/CheckIncludeFile.cxx.o -o cmTC_d5801 
gmake[1]: Leaving directory '/home/developer/aerostack2_ws/build/as2_behaviors_swarm_flocking/CMakeFiles/CMakeTmp'



Determining if the include file sys/stat.h exists passed with the following output:
Change Dir: /home/developer/aerostack2_ws/build/as2_behaviors_swarm_flocking/CMakeFiles/CMakeTmp

Run Build Command(s):/usr/bin/gmake -f Makefile cmTC_82f9c/fast && /usr/bin/gmake  -f CMakeFiles/cmTC_82f9c.dir/build.make CMakeFiles/cmTC_82f9c.dir/build
gmake[1]: Entering directory '/home/developer/aerostack2_ws/build/as2_behaviors_swarm_flocking/CMakeFiles/CMakeTmp'
Building CXX object CMakeFiles/cmTC_82f9c.dir/CheckIncludeFile.cxx.o
/usr/bin/c++   -fPIE -o CMakeFiles/cmTC_82f9c.dir/CheckIncludeFile.cxx.o -c /home/developer/aerostack2_ws/build/as2_behaviors_swarm_flocking/CMakeFiles/CMakeTmp/CheckIncludeFile.cxx
Linking CXX executable cmTC_82f9c
/usr/bin/cmake -E cmake_link_script CMakeFiles/cmTC_82f9c.dir/link.txt --verbose=1
/usr/bin/c++ CMakeFiles/cmTC_82f9c.dir/CheckIncludeFile.cxx.o -o cmTC_82f9c 
gmake[1]: Leaving directory '/home/developer/aerostack2_ws/build/as2_behaviors_swarm_flocking/CMakeFiles/CMakeTmp'



Determining if the include file sys/syscall.h exists passed with the following output:
Change Dir: /home/developer/aerostack2_ws/build/as2_behaviors_swarm_flocking/CMakeFiles/CMakeTmp

Run Build Command(s):/usr/bin/gmake -f Makefile cmTC_9c6e2/fast && /usr/bin/gmake  -f CMakeFiles/cmTC_9c6e2.dir/build.make CMakeFiles/cmTC_9c6e2.dir/build
gmake[1]: Entering directory '/home/developer/aerostack2_ws/build/as2_behaviors_swarm_flocking/CMakeFiles/CMakeTmp'
Building CXX object CMakeFiles/cmTC_9c6e2.dir/CheckIncludeFile.cxx.o
/usr/bin/c++   -fPIE -o CMakeFiles/cmTC_9c6e2.dir/CheckIncludeFile.cxx.o -c /home/developer/aerostack2_ws/build/as2_behaviors_swarm_flocking/CMakeFiles/CMakeTmp/CheckIncludeFile.cxx
Linking CXX executable cmTC_9c6e2
/usr/bin/cmake -E cmake_link_script CMakeFiles/cmTC_9c6e2.dir/link.txt --verbose=1
/usr/bin/c++ CMakeFiles/cmTC_9c6e2.dir/CheckIncludeFile.cxx.o -o cmTC_9c6e2 
gmake[1]: Leaving directory '/home/developer/aerostack2_ws/build/as2_behaviors_swarm_flocking/CMakeFiles/CMakeTmp'



Determining if the include file sys/time.h exists passed with the following output:
Change Dir: /home/developer/aerostack2_ws/build/as2_behaviors_swarm_flocking/CMakeFiles/CMakeTmp

Run Build Command(s):/usr/bin/gmake -f Makefile cmTC_64e29/fast && /usr/bin/gmake  -f CMakeFiles/cmTC_64e29.dir/build.make CMakeFiles/cmTC_64e29.dir/build
gmake[1]: Entering directory '/home/developer/aerostack2_ws/build/as2_behaviors_swarm_flocking/CMakeFiles/CMakeTmp'
Building CXX object CMakeFiles/cmTC_64e29.dir/CheckIncludeFile.cxx.o
/usr/bin/c++   -fPIE -o CMakeFiles/cmTC_64e29.dir/CheckIncludeFile.cxx.o -c /home/developer/aerostack2_ws/build/as2_behaviors_swarm_flocking/CMakeFiles/CMakeTmp/CheckIncludeFile.cxx
Linking CXX executable cmTC_64e29
/usr/bin/cmake -E cmake_link_script CMakeFiles/cmTC_64e29.dir/link.txt --verbose=1
/usr/bin/c++ CMakeFiles/cmTC_64e29.dir/CheckIncludeFile.cxx.o -o cmTC_64e29 
gmake[1]: Leaving directory '/home/developer/aerostack2_ws/build/as2_behaviors_swarm_flocking/CMakeFiles/CMakeTmp'



Determining if the include file sys/types.h exists passed with the following output:
Change Dir: /home/developer/aerostack2_ws/build/as2_behaviors_swarm_flocking/CMakeFiles/CMakeTmp

Run Build Command(s):/usr/bin/gmake -f Makefile cmTC_b2b25/fast && /usr/bin/gmake  -f CMakeFiles/cmTC_b2b25.dir/build.make CMakeFiles/cmTC_b2b25.dir/build
gmake[1]: Entering directory '/home/developer/aerostack2_ws/build/as2_behaviors_swarm_flocking/CMakeFiles/CMakeTmp'
Building CXX object CMakeFiles/cmTC_b2b25.dir/CheckIncludeFile.cxx.o
/usr/bin/c++   -fPIE -o CMakeFiles/cmTC_b2b25.dir/CheckIncludeFile.cxx.o -c /home/developer/aerostack2_ws/build/as2_behaviors_swarm_flocking/CMakeFiles/CMakeTmp/CheckIncludeFile.cxx
Linking CXX executable cmTC_b2b25
/usr/bin/cmake -E cmake_link_script CMakeFiles/cmTC_b2b25.dir/link.txt --verbose=1
/usr/bin/c++ CMakeFiles/cmTC_b2b25.dir/CheckIncludeFile.cxx.o -o cmTC_b2b25 
gmake[1]: Leaving directory '/home/developer/aerostack2_ws/build/as2_behaviors_swarm_flocking/CMakeFiles/CMakeTmp'



Determining if the include file sys/utsname.h exists passed with the following output:
Change Dir: /home/developer/aerostack2_ws/build/as2_behaviors_swarm_flocking/CMakeFiles/CMakeTmp

Run Build Command(s):/usr/bin/gmake -f Makefile cmTC_18dfc/fast && /usr/bin/gmake  -f CMakeFiles/cmTC_18dfc.dir/build.make CMakeFiles/cmTC_18dfc.dir/build
gmake[1]: Entering directory '/home/developer/aerostack2_ws/build/as2_behaviors_swarm_flocking/CMakeFiles/CMakeTmp'
Building CXX object CMakeFiles/cmTC_18dfc.dir/CheckIncludeFile.cxx.o
/usr/bin/c++   -fPIE -o CMakeFiles/cmTC_18dfc.dir/CheckIncludeFile.cxx.o -c /home/developer/aerostack2_ws/build/as2_behaviors_swarm_flocking/CMakeFiles/CMakeTmp/CheckIncludeFile.cxx
Linking CXX executable cmTC_18dfc
/usr/bin/cmake -E cmake_link_script CMakeFiles/cmTC_18dfc.dir/link.txt --verbose=1
/usr/bin/c++ CMakeFiles/cmTC_18dfc.dir/CheckIncludeFile.cxx.o -o cmTC_18dfc 
gmake[1]: Leaving directory '/home/developer/aerostack2_ws/build/as2_behaviors_swarm_flocking/CMakeFiles/CMakeTmp'



Determining if the include file sys/wait.h exists passed with the following output:
Change Dir: /home/developer/aerostack2_ws/build/as2_behaviors_swarm_flocking/CMakeFiles/CMakeTmp

Run Build Command(s):/usr/bin/gmake -f Makefile cmTC_4a921/fast && /usr/bin/gmake  -f CMakeFiles/cmTC_4a921.dir/build.make CMakeFiles/cmTC_4a921.dir/build
gmake[1]: Entering directory '/home/developer/aerostack2_ws/build/as2_behaviors_swarm_flocking/CMakeFiles/CMakeTmp'
Building CXX object CMakeFiles/cmTC_4a921.dir/CheckIncludeFile.cxx.o
/usr/bin/c++   -fPIE -o CMakeFiles/cmTC_4a921.dir/CheckIncludeFile.cxx.o -c /home/developer/aerostack2_ws/build/as2_behaviors_swarm_flocking/CMakeFiles/CMakeTmp/CheckIncludeFile.cxx
Linking CXX executable cmTC_4a921
/usr/bin/cmake -E cmake_link_script CMakeFiles/cmTC_4a921.dir/link.txt --verbose=1
/usr/bin/c++ CMakeFiles/cmTC_4a921.dir/CheckIncludeFile.cxx.o -o cmTC_4a921 
gmake[1]: Leaving directory '/home/developer/aerostack2_ws/build/as2_behaviors_swarm_flocking/CMakeFiles/CMakeTmp'



Determining if the include file syscall.h exists passed with the following output:
Change Dir: /home/developer/aerostack2_ws/build/as2_behaviors_swarm_flocking/CMakeFiles/CMakeTmp

Run Build Command(s):/usr/bin/gmake -f Makefile cmTC_a33e3/fast && /usr/bin/gmake  -f CMakeFiles/cmTC_a33e3.dir/build.make CMakeFiles/cmTC_a33e3.dir/build
gmake[1]: Entering directory '/home/developer/aerostack2_ws/build/as2_behaviors_swarm_flocking/CMakeFiles/CMakeTmp'
Building CXX object CMakeFiles/cmTC_a33e3.dir/CheckIncludeFile.cxx.o
/usr/bin/c++   -fPIE -o CMakeFiles/cmTC_a33e3.dir/CheckIncludeFile.cxx.o -c /home/developer/aerostack2_ws/build/as2_behaviors_swarm_flocking/CMakeFiles/CMakeTmp/CheckIncludeFile.cxx
Linking CXX executable cmTC_a33e3
/usr/bin/cmake -E cmake_link_script CMakeFiles/cmTC_a33e3.dir/link.txt --verbose=1
/usr/bin/c++ CMakeFiles/cmTC_a33e3.dir/CheckIncludeFile.cxx.o -o cmTC_a33e3 
gmake[1]: Leaving directory '/home/developer/aerostack2_ws/build/as2_behaviors_swarm_flocking/CMakeFiles/CMakeTmp'



Determining if the include file syslog.h exists passed with the following output:
Change Dir: /home/developer/aerostack2_ws/build/as2_behaviors_swarm_flocking/CMakeFiles/CMakeTmp

Run Build Command(s):/usr/bin/gmake -f Makefile cmTC_978ec/fast && /usr/bin/gmake  -f CMakeFiles/cmTC_978ec.dir/build.make CMakeFiles/cmTC_978ec.dir/build
gmake[1]: Entering directory '/home/developer/aerostack2_ws/build/as2_behaviors_swarm_flocking/CMakeFiles/CMakeTmp'
Building CXX object CMakeFiles/cmTC_978ec.dir/CheckIncludeFile.cxx.o
/usr/bin/c++   -fPIE -o CMakeFiles/cmTC_978ec.dir/CheckIncludeFile.cxx.o -c /home/developer/aerostack2_ws/build/as2_behaviors_swarm_flocking/CMakeFiles/CMakeTmp/CheckIncludeFile.cxx
Linking CXX executable cmTC_978ec
/usr/bin/cmake -E cmake_link_script CMakeFiles/cmTC_978ec.dir/link.txt --verbose=1
/usr/bin/c++ CMakeFiles/cmTC_978ec.dir/CheckIncludeFile.cxx.o -o cmTC_978ec 
gmake[1]: Leaving directory '/home/developer/aerostack2_ws/build/as2_behaviors_swarm_flocking/CMakeFiles/CMakeTmp'



Determining if the include file ucontext.h exists passed with the following output:
Change Dir: /home/developer/aerostack2_ws/build/as2_behaviors_swarm_flocking/CMakeFiles/CMakeTmp

Run Build Command(s):/usr/bin/gmake -f Makefile cmTC_26918/fast && /usr/bin/gmake  -f CMakeFiles/cmTC_26918.dir/build.make CMakeFiles/cmTC_26918.dir/build
gmake[1]: Entering directory '/home/developer/aerostack2_ws/build/as2_behaviors_swarm_flocking/CMakeFiles/CMakeTmp'
Building CXX object CMakeFiles/cmTC_26918.dir/CheckIncludeFile.cxx.o
/usr/bin/c++   -fPIE -o CMakeFiles/cmTC_26918.dir/CheckIncludeFile.cxx.o -c /home/developer/aerostack2_ws/build/as2_behaviors_swarm_flocking/CMakeFiles/CMakeTmp/CheckIncludeFile.cxx
Linking CXX executable cmTC_26918
/usr/bin/cmake -E cmake_link_script CMakeFiles/cmTC_26918.dir/link.txt --verbose=1
/usr/bin/c++ CMakeFiles/cmTC_26918.dir/CheckIncludeFile.cxx.o -o cmTC_26918 
gmake[1]: Leaving directory '/home/developer/aerostack2_ws/build/as2_behaviors_swarm_flocking/CMakeFiles/CMakeTmp'



Determining if the include file unistd.h exists passed with the following output:
Change Dir: /home/developer/aerostack2_ws/build/as2_behaviors_swarm_flocking/CMakeFiles/CMakeTmp

Run Build Command(s):/usr/bin/gmake -f Makefile cmTC_17f1a/fast && /usr/bin/gmake  -f CMakeFiles/cmTC_17f1a.dir/build.make CMakeFiles/cmTC_17f1a.dir/build
gmake[1]: Entering directory '/home/developer/aerostack2_ws/build/as2_behaviors_swarm_flocking/CMakeFiles/CMakeTmp'
Building CXX object CMakeFiles/cmTC_17f1a.dir/CheckIncludeFile.cxx.o
/usr/bin/c++   -fPIE -o CMakeFiles/cmTC_17f1a.dir/CheckIncludeFile.cxx.o -c /home/developer/aerostack2_ws/build/as2_behaviors_swarm_flocking/CMakeFiles/CMakeTmp/CheckIncludeFile.cxx
Linking CXX executable cmTC_17f1a
/usr/bin/cmake -E cmake_link_script CMakeFiles/cmTC_17f1a.dir/link.txt --verbose=1
/usr/bin/c++ CMakeFiles/cmTC_17f1a.dir/CheckIncludeFile.cxx.o -o cmTC_17f1a 
gmake[1]: Leaving directory '/home/developer/aerostack2_ws/build/as2_behaviors_swarm_flocking/CMakeFiles/CMakeTmp'



Determining if the include file ext/hash_map exists passed with the following output:
Change Dir: /home/developer/aerostack2_ws/build/as2_behaviors_swarm_flocking/CMakeFiles/CMakeTmp

Run Build Command(s):/usr/bin/gmake -f Makefile cmTC_e6a4d/fast && /usr/bin/gmake  -f CMakeFiles/cmTC_e6a4d.dir/build.make CMakeFiles/cmTC_e6a4d.dir/build
gmake[1]: Entering directory '/home/developer/aerostack2_ws/build/as2_behaviors_swarm_flocking/CMakeFiles/CMakeTmp'
Building CXX object CMakeFiles/cmTC_e6a4d.dir/CheckIncludeFile.cxx.o
/usr/bin/c++   -fPIE -o CMakeFiles/cmTC_e6a4d.dir/CheckIncludeFile.cxx.o -c /home/developer/aerostack2_ws/build/as2_behaviors_swarm_flocking/CMakeFiles/CMakeTmp/CheckIncludeFile.cxx
In file included from /usr/include/c++/11/ext/hash_map:60,
                 from /home/developer/aerostack2_ws/build/as2_behaviors_swarm_flocking/CMakeFiles/CMakeTmp/CheckIncludeFile.cxx:1:
/usr/include/c++/11/backward/backward_warning.h:32:2: warning: #warning This file includes at least one deprecated or antiquated header which may be removed without further notice at a future date. Please use a non-deprecated interface with equivalent functionality instead. For a listing of replacement headers and interfaces, consult the file backward_warning.h. To disable this warning use -Wno-deprecated. [-Wcpp]
   32 | #warning \
      |  ^~~~~~~
Linking CXX executable cmTC_e6a4d
/usr/bin/cmake -E cmake_link_script CMakeFiles/cmTC_e6a4d.dir/link.txt --verbose=1
/usr/bin/c++ CMakeFiles/cmTC_e6a4d.dir/CheckIncludeFile.cxx.o -o cmTC_e6a4d 
gmake[1]: Leaving directory '/home/developer/aerostack2_ws/build/as2_behaviors_swarm_flocking/CMakeFiles/CMakeTmp'



Determining if the include file ext/hash_set exists passed with the following output:
Change Dir: /home/developer/aerostack2_ws/build/as2_behaviors_swarm_flocking/CMakeFiles/CMakeTmp

Run Build Command(s):/usr/bin/gmake -f Makefile cmTC_5d3cb/fast && /usr/bin/gmake  -f CMakeFiles/cmTC_5d3cb.dir/build.make CMakeFiles/cmTC_5d3cb.dir/build
gmake[1]: Entering directory '/home/developer/aerostack2_ws/build/as2_behaviors_swarm_flocking/CMakeFiles/CMakeTmp'
Building CXX object CMakeFiles/cmTC_5d3cb.dir/CheckIncludeFile.cxx.o
/usr/bin/c++   -fPIE -o CMakeFiles/cmTC_5d3cb.dir/CheckIncludeFile.cxx.o -c /home/developer/aerostack2_ws/build/as2_behaviors_swarm_flocking/CMakeFiles/CMakeTmp/CheckIncludeFile.cxx
In file included from /usr/include/c++/11/ext/hash_set:60,
                 from /home/developer/aerostack2_ws/build/as2_behaviors_swarm_flocking/CMakeFiles/CMakeTmp/CheckIncludeFile.cxx:1:
/usr/include/c++/11/backward/backward_warning.h:32:2: warning: #warning This file includes at least one deprecated or antiquated header which may be removed without further notice at a future date. Please use a non-deprecated interface with equivalent functionality instead. For a listing of replacement headers and interfaces, consult the file backward_warning.h. To disable this warning use -Wno-deprecated. [-Wcpp]
   32 | #warning \
      |  ^~~~~~~
Linking CXX executable cmTC_5d3cb
/usr/bin/cmake -E cmake_link_script CMakeFiles/cmTC_5d3cb.dir/link.txt --verbose=1
/usr/bin/c++ CMakeFiles/cmTC_5d3cb.dir/CheckIncludeFile.cxx.o -o cmTC_5d3cb 
gmake[1]: Leaving directory '/home/developer/aerostack2_ws/build/as2_behaviors_swarm_flocking/CMakeFiles/CMakeTmp'



Determining if the include file ext/slist exists passed with the following output:
Change Dir: /home/developer/aerostack2_ws/build/as2_behaviors_swarm_flocking/CMakeFiles/CMakeTmp

Run Build Command(s):/usr/bin/gmake -f Makefile cmTC_580e3/fast && /usr/bin/gmake  -f CMakeFiles/cmTC_580e3.dir/build.make CMakeFiles/cmTC_580e3.dir/build
gmake[1]: Entering directory '/home/developer/aerostack2_ws/build/as2_behaviors_swarm_flocking/CMakeFiles/CMakeTmp'
Building CXX object CMakeFiles/cmTC_580e3.dir/CheckIncludeFile.cxx.o
/usr/bin/c++   -fPIE -o CMakeFiles/cmTC_580e3.dir/CheckIncludeFile.cxx.o -c /home/developer/aerostack2_ws/build/as2_behaviors_swarm_flocking/CMakeFiles/CMakeTmp/CheckIncludeFile.cxx
Linking CXX executable cmTC_580e3
/usr/bin/cmake -E cmake_link_script CMakeFiles/cmTC_580e3.dir/link.txt --verbose=1
/usr/bin/c++ CMakeFiles/cmTC_580e3.dir/CheckIncludeFile.cxx.o -o cmTC_580e3 
gmake[1]: Leaving directory '/home/developer/aerostack2_ws/build/as2_behaviors_swarm_flocking/CMakeFiles/CMakeTmp'



Determining if the include file tr1/unordered_map exists passed with the following output:
Change Dir: /home/developer/aerostack2_ws/build/as2_behaviors_swarm_flocking/CMakeFiles/CMakeTmp

Run Build Command(s):/usr/bin/gmake -f Makefile cmTC_98a1f/fast && /usr/bin/gmake  -f CMakeFiles/cmTC_98a1f.dir/build.make CMakeFiles/cmTC_98a1f.dir/build
gmake[1]: Entering directory '/home/developer/aerostack2_ws/build/as2_behaviors_swarm_flocking/CMakeFiles/CMakeTmp'
Building CXX object CMakeFiles/cmTC_98a1f.dir/CheckIncludeFile.cxx.o
/usr/bin/c++   -fPIE -o CMakeFiles/cmTC_98a1f.dir/CheckIncludeFile.cxx.o -c /home/developer/aerostack2_ws/build/as2_behaviors_swarm_flocking/CMakeFiles/CMakeTmp/CheckIncludeFile.cxx
Linking CXX executable cmTC_98a1f
/usr/bin/cmake -E cmake_link_script CMakeFiles/cmTC_98a1f.dir/link.txt --verbose=1
/usr/bin/c++ CMakeFiles/cmTC_98a1f.dir/CheckIncludeFile.cxx.o -o cmTC_98a1f 
gmake[1]: Leaving directory '/home/developer/aerostack2_ws/build/as2_behaviors_swarm_flocking/CMakeFiles/CMakeTmp'



Determining if the include file tr1/unordered_set exists passed with the following output:
Change Dir: /home/developer/aerostack2_ws/build/as2_behaviors_swarm_flocking/CMakeFiles/CMakeTmp

Run Build Command(s):/usr/bin/gmake -f Makefile cmTC_6ab13/fast && /usr/bin/gmake  -f CMakeFiles/cmTC_6ab13.dir/build.make CMakeFiles/cmTC_6ab13.dir/build
gmake[1]: Entering directory '/home/developer/aerostack2_ws/build/as2_behaviors_swarm_flocking/CMakeFiles/CMakeTmp'
Building CXX object CMakeFiles/cmTC_6ab13.dir/CheckIncludeFile.cxx.o
/usr/bin/c++   -fPIE -o CMakeFiles/cmTC_6ab13.dir/CheckIncludeFile.cxx.o -c /home/developer/aerostack2_ws/build/as2_behaviors_swarm_flocking/CMakeFiles/CMakeTmp/CheckIncludeFile.cxx
Linking CXX executable cmTC_6ab13
/usr/bin/cmake -E cmake_link_script CMakeFiles/cmTC_6ab13.dir/link.txt --verbose=1
/usr/bin/c++ CMakeFiles/cmTC_6ab13.dir/CheckIncludeFile.cxx.o -o cmTC_6ab13 
gmake[1]: Leaving directory '/home/developer/aerostack2_ws/build/as2_behaviors_swarm_flocking/CMakeFiles/CMakeTmp'



Determining if the include file unordered_map exists passed with the following output:
Change Dir: /home/developer/aerostack2_ws/build/as2_behaviors_swarm_flocking/CMakeFiles/CMakeTmp

Run Build Command(s):/usr/bin/gmake -f Makefile cmTC_34137/fast && /usr/bin/gmake  -f CMakeFiles/cmTC_34137.dir/build.make CMakeFiles/cmTC_34137.dir/build
gmake[1]: Entering directory '/home/developer/aerostack2_ws/build/as2_behaviors_swarm_flocking/CMakeFiles/CMakeTmp'
Building CXX object CMakeFiles/cmTC_34137.dir/CheckIncludeFile.cxx.o
/usr/bin/c++   -fPIE -o CMakeFiles/cmTC_34137.dir/CheckIncludeFile.cxx.o -c /home/developer/aerostack2_ws/build/as2_behaviors_swarm_flocking/CMakeFiles/CMakeTmp/CheckIncludeFile.cxx
Linking CXX executable cmTC_34137
/usr/bin/cmake -E cmake_link_script CMakeFiles/cmTC_34137.dir/link.txt --verbose=1
/usr/bin/c++ CMakeFiles/cmTC_34137.dir/CheckIncludeFile.cxx.o -o cmTC_34137 
gmake[1]: Leaving directory '/home/developer/aerostack2_ws/build/as2_behaviors_swarm_flocking/CMakeFiles/CMakeTmp'



Determining if the include file unordered_set exists passed with the following output:
Change Dir: /home/developer/aerostack2_ws/build/as2_behaviors_swarm_flocking/CMakeFiles/CMakeTmp

Run Build Command(s):/usr/bin/gmake -f Makefile cmTC_80ab3/fast && /usr/bin/gmake  -f CMakeFiles/cmTC_80ab3.dir/build.make CMakeFiles/cmTC_80ab3.dir/build
gmake[1]: Entering directory '/home/developer/aerostack2_ws/build/as2_behaviors_swarm_flocking/CMakeFiles/CMakeTmp'
Building CXX object CMakeFiles/cmTC_80ab3.dir/CheckIncludeFile.cxx.o
/usr/bin/c++   -fPIE -o CMakeFiles/cmTC_80ab3.dir/CheckIncludeFile.cxx.o -c /home/developer/aerostack2_ws/build/as2_behaviors_swarm_flocking/CMakeFiles/CMakeTmp/CheckIncludeFile.cxx
Linking CXX executable cmTC_80ab3
/usr/bin/cmake -E cmake_link_script CMakeFiles/cmTC_80ab3.dir/link.txt --verbose=1
/usr/bin/c++ CMakeFiles/cmTC_80ab3.dir/CheckIncludeFile.cxx.o -o cmTC_80ab3 
gmake[1]: Leaving directory '/home/developer/aerostack2_ws/build/as2_behaviors_swarm_flocking/CMakeFiles/CMakeTmp'



Determining if the include file stddef.h exists passed with the following output:
Change Dir: /home/developer/aerostack2_ws/build/as2_behaviors_swarm_flocking/CMakeFiles/CMakeTmp

Run Build Command(s):/usr/bin/gmake -f Makefile cmTC_292ec/fast && /usr/bin/gmake  -f CMakeFiles/cmTC_292ec.dir/build.make CMakeFiles/cmTC_292ec.dir/build
gmake[1]: Entering directory '/home/developer/aerostack2_ws/build/as2_behaviors_swarm_flocking/CMakeFiles/CMakeTmp'
Building CXX object CMakeFiles/cmTC_292ec.dir/CheckIncludeFile.cxx.o
/usr/bin/c++   -fPIE -o CMakeFiles/cmTC_292ec.dir/CheckIncludeFile.cxx.o -c /home/developer/aerostack2_ws/build/as2_behaviors_swarm_flocking/CMakeFiles/CMakeTmp/CheckIncludeFile.cxx
Linking CXX executable cmTC_292ec
/usr/bin/cmake -E cmake_link_script CMakeFiles/cmTC_292ec.dir/link.txt --verbose=1
/usr/bin/c++ CMakeFiles/cmTC_292ec.dir/CheckIncludeFile.cxx.o -o cmTC_292ec 
gmake[1]: Leaving directory '/home/developer/aerostack2_ws/build/as2_behaviors_swarm_flocking/CMakeFiles/CMakeTmp'



Determining size of u_int16_t passed with the following output:
Change Dir: /home/developer/aerostack2_ws/build/as2_behaviors_swarm_flocking/CMakeFiles/CMakeTmp

Run Build Command(s):/usr/bin/gmake -f Makefile cmTC_e7610/fast && /usr/bin/gmake  -f CMakeFiles/cmTC_e7610.dir/build.make CMakeFiles/cmTC_e7610.dir/build
gmake[1]: Entering directory '/home/developer/aerostack2_ws/build/as2_behaviors_swarm_flocking/CMakeFiles/CMakeTmp'
Building CXX object CMakeFiles/cmTC_e7610.dir/HAVE_U_INT16_T.cpp.o
/usr/bin/c++   -fPIE -o CMakeFiles/cmTC_e7610.dir/HAVE_U_INT16_T.cpp.o -c /home/developer/aerostack2_ws/build/as2_behaviors_swarm_flocking/CMakeFiles/CheckTypeSize/HAVE_U_INT16_T.cpp
Linking CXX executable cmTC_e7610
/usr/bin/cmake -E cmake_link_script CMakeFiles/cmTC_e7610.dir/link.txt --verbose=1
/usr/bin/c++ CMakeFiles/cmTC_e7610.dir/HAVE_U_INT16_T.cpp.o -o cmTC_e7610 
gmake[1]: Leaving directory '/home/developer/aerostack2_ws/build/as2_behaviors_swarm_flocking/CMakeFiles/CMakeTmp'



Determining size of uint16_t passed with the following output:
Change Dir: /home/developer/aerostack2_ws/build/as2_behaviors_swarm_flocking/CMakeFiles/CMakeTmp

Run Build Command(s):/usr/bin/gmake -f Makefile cmTC_3ae19/fast && /usr/bin/gmake  -f CMakeFiles/cmTC_3ae19.dir/build.make CMakeFiles/cmTC_3ae19.dir/build
gmake[1]: Entering directory '/home/developer/aerostack2_ws/build/as2_behaviors_swarm_flocking/CMakeFiles/CMakeTmp'
Building CXX object CMakeFiles/cmTC_3ae19.dir/HAVE_UINT16_T.cpp.o
/usr/bin/c++   -fPIE -o CMakeFiles/cmTC_3ae19.dir/HAVE_UINT16_T.cpp.o -c /home/developer/aerostack2_ws/build/as2_behaviors_swarm_flocking/CMakeFiles/CheckTypeSize/HAVE_UINT16_T.cpp
Linking CXX executable cmTC_3ae19
/usr/bin/cmake -E cmake_link_script CMakeFiles/cmTC_3ae19.dir/link.txt --verbose=1
/usr/bin/c++ CMakeFiles/cmTC_3ae19.dir/HAVE_UINT16_T.cpp.o -o cmTC_3ae19 
gmake[1]: Leaving directory '/home/developer/aerostack2_ws/build/as2_behaviors_swarm_flocking/CMakeFiles/CMakeTmp'



Determining if the function dladdr exists passed with the following output:
Change Dir: /home/developer/aerostack2_ws/build/as2_behaviors_swarm_flocking/CMakeFiles/CMakeTmp

Run Build Command(s):/usr/bin/gmake -f Makefile cmTC_9eea1/fast && /usr/bin/gmake  -f CMakeFiles/cmTC_9eea1.dir/build.make CMakeFiles/cmTC_9eea1.dir/build
gmake[1]: Entering directory '/home/developer/aerostack2_ws/build/as2_behaviors_swarm_flocking/CMakeFiles/CMakeTmp'
Building C object CMakeFiles/cmTC_9eea1.dir/CheckFunctionExists.c.o
/usr/bin/cc   -DCHECK_FUNCTION_EXISTS=dladdr -fPIE -o CMakeFiles/cmTC_9eea1.dir/CheckFunctionExists.c.o -c /usr/share/cmake-3.22/Modules/CheckFunctionExists.c
Linking C executable cmTC_9eea1
/usr/bin/cmake -E cmake_link_script CMakeFiles/cmTC_9eea1.dir/link.txt --verbose=1
/usr/bin/cc  -DCHECK_FUNCTION_EXISTS=dladdr CMakeFiles/cmTC_9eea1.dir/CheckFunctionExists.c.o -o cmTC_9eea1 
gmake[1]: Leaving directory '/home/developer/aerostack2_ws/build/as2_behaviors_swarm_flocking/CMakeFiles/CMakeTmp'



Determining if the function fcntl exists passed with the following output:
Change Dir: /home/developer/aerostack2_ws/build/as2_behaviors_swarm_flocking/CMakeFiles/CMakeTmp

Run Build Command(s):/usr/bin/gmake -f Makefile cmTC_7886c/fast && /usr/bin/gmake  -f CMakeFiles/cmTC_7886c.dir/build.make CMakeFiles/cmTC_7886c.dir/build
gmake[1]: Entering directory '/home/developer/aerostack2_ws/build/as2_behaviors_swarm_flocking/CMakeFiles/CMakeTmp'
Building C object CMakeFiles/cmTC_7886c.dir/CheckFunctionExists.c.o
/usr/bin/cc   -DCHECK_FUNCTION_EXISTS=fcntl -fPIE -o CMakeFiles/cmTC_7886c.dir/CheckFunctionExists.c.o -c /usr/share/cmake-3.22/Modules/CheckFunctionExists.c
Linking C executable cmTC_7886c
/usr/bin/cmake -E cmake_link_script CMakeFiles/cmTC_7886c.dir/link.txt --verbose=1
/usr/bin/cc  -DCHECK_FUNCTION_EXISTS=fcntl CMakeFiles/cmTC_7886c.dir/CheckFunctionExists.c.o -o cmTC_7886c 
gmake[1]: Leaving directory '/home/developer/aerostack2_ws/build/as2_behaviors_swarm_flocking/CMakeFiles/CMakeTmp'



Determining if the function pread exists passed with the following output:
Change Dir: /home/developer/aerostack2_ws/build/as2_behaviors_swarm_flocking/CMakeFiles/CMakeTmp

Run Build Command(s):/usr/bin/gmake -f Makefile cmTC_19879/fast && /usr/bin/gmake  -f CMakeFiles/cmTC_19879.dir/build.make CMakeFiles/cmTC_19879.dir/build
gmake[1]: Entering directory '/home/developer/aerostack2_ws/build/as2_behaviors_swarm_flocking/CMakeFiles/CMakeTmp'
Building C object CMakeFiles/cmTC_19879.dir/CheckFunctionExists.c.o
/usr/bin/cc   -DCHECK_FUNCTION_EXISTS=pread -fPIE -o CMakeFiles/cmTC_19879.dir/CheckFunctionExists.c.o -c /usr/share/cmake-3.22/Modules/CheckFunctionExists.c
Linking C executable cmTC_19879
/usr/bin/cmake -E cmake_link_script CMakeFiles/cmTC_19879.dir/link.txt --verbose=1
/usr/bin/cc  -DCHECK_FUNCTION_EXISTS=pread CMakeFiles/cmTC_19879.dir/CheckFunctionExists.c.o -o cmTC_19879 
gmake[1]: Leaving directory '/home/developer/aerostack2_ws/build/as2_behaviors_swarm_flocking/CMakeFiles/CMakeTmp'



Determining if the function pwrite exists passed with the following output:
Change Dir: /home/developer/aerostack2_ws/build/as2_behaviors_swarm_flocking/CMakeFiles/CMakeTmp

Run Build Command(s):/usr/bin/gmake -f Makefile cmTC_8ac46/fast && /usr/bin/gmake  -f CMakeFiles/cmTC_8ac46.dir/build.make CMakeFiles/cmTC_8ac46.dir/build
gmake[1]: Entering directory '/home/developer/aerostack2_ws/build/as2_behaviors_swarm_flocking/CMakeFiles/CMakeTmp'
Building C object CMakeFiles/cmTC_8ac46.dir/CheckFunctionExists.c.o
/usr/bin/cc   -DCHECK_FUNCTION_EXISTS=pwrite -fPIE -o CMakeFiles/cmTC_8ac46.dir/CheckFunctionExists.c.o -c /usr/share/cmake-3.22/Modules/CheckFunctionExists.c
Linking C executable cmTC_8ac46
/usr/bin/cmake -E cmake_link_script CMakeFiles/cmTC_8ac46.dir/link.txt --verbose=1
/usr/bin/cc  -DCHECK_FUNCTION_EXISTS=pwrite CMakeFiles/cmTC_8ac46.dir/CheckFunctionExists.c.o -o cmTC_8ac46 
gmake[1]: Leaving directory '/home/developer/aerostack2_ws/build/as2_behaviors_swarm_flocking/CMakeFiles/CMakeTmp'



Determining if the function sigaction exists passed with the following output:
Change Dir: /home/developer/aerostack2_ws/build/as2_behaviors_swarm_flocking/CMakeFiles/CMakeTmp

Run Build Command(s):/usr/bin/gmake -f Makefile cmTC_0dd0b/fast && /usr/bin/gmake  -f CMakeFiles/cmTC_0dd0b.dir/build.make CMakeFiles/cmTC_0dd0b.dir/build
gmake[1]: Entering directory '/home/developer/aerostack2_ws/build/as2_behaviors_swarm_flocking/CMakeFiles/CMakeTmp'
Building C object CMakeFiles/cmTC_0dd0b.dir/CheckFunctionExists.c.o
/usr/bin/cc   -DCHECK_FUNCTION_EXISTS=sigaction -fPIE -o CMakeFiles/cmTC_0dd0b.dir/CheckFunctionExists.c.o -c /usr/share/cmake-3.22/Modules/CheckFunctionExists.c
Linking C executable cmTC_0dd0b
/usr/bin/cmake -E cmake_link_script CMakeFiles/cmTC_0dd0b.dir/link.txt --verbose=1
/usr/bin/cc  -DCHECK_FUNCTION_EXISTS=sigaction CMakeFiles/cmTC_0dd0b.dir/CheckFunctionExists.c.o -o cmTC_0dd0b 
gmake[1]: Leaving directory '/home/developer/aerostack2_ws/build/as2_behaviors_swarm_flocking/CMakeFiles/CMakeTmp'



Determining if the function sigaltstack exists passed with the following output:
Change Dir: /home/developer/aerostack2_ws/build/as2_behaviors_swarm_flocking/CMakeFiles/CMakeTmp

Run Build Command(s):/usr/bin/gmake -f Makefile cmTC_7a029/fast && /usr/bin/gmake  -f CMakeFiles/cmTC_7a029.dir/build.make CMakeFiles/cmTC_7a029.dir/build
gmake[1]: Entering directory '/home/developer/aerostack2_ws/build/as2_behaviors_swarm_flocking/CMakeFiles/CMakeTmp'
Building C object CMakeFiles/cmTC_7a029.dir/CheckFunctionExists.c.o
/usr/bin/cc   -DCHECK_FUNCTION_EXISTS=sigaltstack -fPIE -o CMakeFiles/cmTC_7a029.dir/CheckFunctionExists.c.o -c /usr/share/cmake-3.22/Modules/CheckFunctionExists.c
Linking C executable cmTC_7a029
/usr/bin/cmake -E cmake_link_script CMakeFiles/cmTC_7a029.dir/link.txt --verbose=1
/usr/bin/cc  -DCHECK_FUNCTION_EXISTS=sigaltstack CMakeFiles/cmTC_7a029.dir/CheckFunctionExists.c.o -o cmTC_7a029 
gmake[1]: Leaving directory '/home/developer/aerostack2_ws/build/as2_behaviors_swarm_flocking/CMakeFiles/CMakeTmp'



Performing C++ SOURCE FILE Test HAVE_NO_DEPRECATED succeeded with the following output:
Change Dir: /home/developer/aerostack2_ws/build/as2_behaviors_swarm_flocking/CMakeFiles/CMakeTmp

Run Build Command(s):/usr/bin/gmake -f Makefile cmTC_a84c2/fast && /usr/bin/gmake  -f CMakeFiles/cmTC_a84c2.dir/build.make CMakeFiles/cmTC_a84c2.dir/build
gmake[1]: Entering directory '/home/developer/aerostack2_ws/build/as2_behaviors_swarm_flocking/CMakeFiles/CMakeTmp'
Building CXX object CMakeFiles/cmTC_a84c2.dir/src.cxx.o
/usr/bin/c++ -DHAVE_NO_DEPRECATED  -fPIE   -Wdeprecated -o CMakeFiles/cmTC_a84c2.dir/src.cxx.o -c /home/developer/aerostack2_ws/build/as2_behaviors_swarm_flocking/CMakeFiles/CMakeTmp/src.cxx
Linking CXX executable cmTC_a84c2
/usr/bin/cmake -E cmake_link_script CMakeFiles/cmTC_a84c2.dir/link.txt --verbose=1
/usr/bin/c++ CMakeFiles/cmTC_a84c2.dir/src.cxx.o -o cmTC_a84c2 
gmake[1]: Leaving directory '/home/developer/aerostack2_ws/build/as2_behaviors_swarm_flocking/CMakeFiles/CMakeTmp'


Source file was:
int main() { return 0; }
Determining if the snprintf exist passed with the following output:
Change Dir: /home/developer/aerostack2_ws/build/as2_behaviors_swarm_flocking/CMakeFiles/CMakeTmp

Run Build Command(s):/usr/bin/gmake -f Makefile cmTC_9b39c/fast && /usr/bin/gmake  -f CMakeFiles/cmTC_9b39c.dir/build.make CMakeFiles/cmTC_9b39c.dir/build
gmake[1]: Entering directory '/home/developer/aerostack2_ws/build/as2_behaviors_swarm_flocking/CMakeFiles/CMakeTmp'
Building CXX object CMakeFiles/cmTC_9b39c.dir/CheckSymbolExists.cxx.o
/usr/bin/c++   -fPIE -o CMakeFiles/cmTC_9b39c.dir/CheckSymbolExists.cxx.o -c /home/developer/aerostack2_ws/build/as2_behaviors_swarm_flocking/CMakeFiles/CMakeTmp/CheckSymbolExists.cxx
Linking CXX executable cmTC_9b39c
/usr/bin/cmake -E cmake_link_script CMakeFiles/cmTC_9b39c.dir/link.txt --verbose=1
/usr/bin/c++ CMakeFiles/cmTC_9b39c.dir/CheckSymbolExists.cxx.o -o cmTC_9b39c 
gmake[1]: Leaving directory '/home/developer/aerostack2_ws/build/as2_behaviors_swarm_flocking/CMakeFiles/CMakeTmp'


File /home/developer/aerostack2_ws/build/as2_behaviors_swarm_flocking/CMakeFiles/CMakeTmp/CheckSymbolExists.cxx:
/* */
#include <cstdio>

int main(int argc, char** argv)
{
  (void)argv;
#ifndef snprintf
  return ((int*)(&snprintf))[argc];
#else
  (void)argc;
  return 0;
#endif
}
Performing C++ SOURCE FILE Test HAVE___ATTRIBUTE__ succeeded with the following output:
Change Dir: /home/developer/aerostack2_ws/build/as2_behaviors_swarm_flocking/CMakeFiles/CMakeTmp

Run Build Command(s):/usr/bin/gmake -f Makefile cmTC_56dcb/fast && /usr/bin/gmake  -f CMakeFiles/cmTC_56dcb.dir/build.make CMakeFiles/cmTC_56dcb.dir/build
gmake[1]: Entering directory '/home/developer/aerostack2_ws/build/as2_behaviors_swarm_flocking/CMakeFiles/CMakeTmp'
Building CXX object CMakeFiles/cmTC_56dcb.dir/src.cxx.o
/usr/bin/c++ -DHAVE___ATTRIBUTE__  -fPIE -o CMakeFiles/cmTC_56dcb.dir/src.cxx.o -c /home/developer/aerostack2_ws/build/as2_behaviors_swarm_flocking/CMakeFiles/CMakeTmp/src.cxx
Linking CXX executable cmTC_56dcb
/usr/bin/cmake -E cmake_link_script CMakeFiles/cmTC_56dcb.dir/link.txt --verbose=1
/usr/bin/c++ CMakeFiles/cmTC_56dcb.dir/src.cxx.o -o cmTC_56dcb 
gmake[1]: Leaving directory '/home/developer/aerostack2_ws/build/as2_behaviors_swarm_flocking/CMakeFiles/CMakeTmp'


Source file was:

#include <cstdlib>
static void foo(void) __attribute__ ((unused));
int main(void) { return 0; }

Performing C++ SOURCE FILE Test HAVE___ATTRIBUTE__VISIBILITY_DEFAULT succeeded with the following output:
Change Dir: /home/developer/aerostack2_ws/build/as2_behaviors_swarm_flocking/CMakeFiles/CMakeTmp

Run Build Command(s):/usr/bin/gmake -f Makefile cmTC_c3d13/fast && /usr/bin/gmake  -f CMakeFiles/cmTC_c3d13.dir/build.make CMakeFiles/cmTC_c3d13.dir/build
gmake[1]: Entering directory '/home/developer/aerostack2_ws/build/as2_behaviors_swarm_flocking/CMakeFiles/CMakeTmp'
Building CXX object CMakeFiles/cmTC_c3d13.dir/src.cxx.o
/usr/bin/c++ -DHAVE___ATTRIBUTE__VISIBILITY_DEFAULT  -fPIE -o CMakeFiles/cmTC_c3d13.dir/src.cxx.o -c /home/developer/aerostack2_ws/build/as2_behaviors_swarm_flocking/CMakeFiles/CMakeTmp/src.cxx
/home/developer/aerostack2_ws/build/as2_behaviors_swarm_flocking/CMakeFiles/CMakeTmp/src.cxx:3:61: warning: ‘visibility’ attribute ignored [-Wattributes]
    3 | static void foo(void) __attribute__ ((visibility("default")));
      |                                                             ^
Linking CXX executable cmTC_c3d13
/usr/bin/cmake -E cmake_link_script CMakeFiles/cmTC_c3d13.dir/link.txt --verbose=1
/usr/bin/c++ CMakeFiles/cmTC_c3d13.dir/src.cxx.o -o cmTC_c3d13 
gmake[1]: Leaving directory '/home/developer/aerostack2_ws/build/as2_behaviors_swarm_flocking/CMakeFiles/CMakeTmp'


Source file was:

#include <cstdlib>
static void foo(void) __attribute__ ((visibility("default")));
int main(void) { return 0; }

Performing C++ SOURCE FILE Test HAVE___ATTRIBUTE__VISIBILITY_HIDDEN succeeded with the following output:
Change Dir: /home/developer/aerostack2_ws/build/as2_behaviors_swarm_flocking/CMakeFiles/CMakeTmp

Run Build Command(s):/usr/bin/gmake -f Makefile cmTC_64a8c/fast && /usr/bin/gmake  -f CMakeFiles/cmTC_64a8c.dir/build.make CMakeFiles/cmTC_64a8c.dir/build
gmake[1]: Entering directory '/home/developer/aerostack2_ws/build/as2_behaviors_swarm_flocking/CMakeFiles/CMakeTmp'
Building CXX object CMakeFiles/cmTC_64a8c.dir/src.cxx.o
/usr/bin/c++ -DHAVE___ATTRIBUTE__VISIBILITY_HIDDEN  -fPIE -o CMakeFiles/cmTC_64a8c.dir/src.cxx.o -c /home/developer/aerostack2_ws/build/as2_behaviors_swarm_flocking/CMakeFiles/CMakeTmp/src.cxx
/home/developer/aerostack2_ws/build/as2_behaviors_swarm_flocking/CMakeFiles/CMakeTmp/src.cxx:3:60: warning: ‘visibility’ attribute ignored [-Wattributes]
    3 | static void foo(void) __attribute__ ((visibility("hidden")));
      |                                                            ^
Linking CXX executable cmTC_64a8c
/usr/bin/cmake -E cmake_link_script CMakeFiles/cmTC_64a8c.dir/link.txt --verbose=1
/usr/bin/c++ CMakeFiles/cmTC_64a8c.dir/src.cxx.o -o cmTC_64a8c 
gmake[1]: Leaving directory '/home/developer/aerostack2_ws/build/as2_behaviors_swarm_flocking/CMakeFiles/CMakeTmp'


Source file was:

#include <cstdlib>
static void foo(void) __attribute__ ((visibility("hidden")));
int main(void) { return 0; }

Performing C++ SOURCE FILE Test HAVE___BUILTIN_EXPECT succeeded with the following output:
Change Dir: /home/developer/aerostack2_ws/build/as2_behaviors_swarm_flocking/CMakeFiles/CMakeTmp

Run Build Command(s):/usr/bin/gmake -f Makefile cmTC_d5889/fast && /usr/bin/gmake  -f CMakeFiles/cmTC_d5889.dir/build.make CMakeFiles/cmTC_d5889.dir/build
gmake[1]: Entering directory '/home/developer/aerostack2_ws/build/as2_behaviors_swarm_flocking/CMakeFiles/CMakeTmp'
Building CXX object CMakeFiles/cmTC_d5889.dir/src.cxx.o
/usr/bin/c++ -DHAVE___BUILTIN_EXPECT  -fPIE -o CMakeFiles/cmTC_d5889.dir/src.cxx.o -c /home/developer/aerostack2_ws/build/as2_behaviors_swarm_flocking/CMakeFiles/CMakeTmp/src.cxx
Linking CXX executable cmTC_d5889
/usr/bin/cmake -E cmake_link_script CMakeFiles/cmTC_d5889.dir/link.txt --verbose=1
/usr/bin/c++ CMakeFiles/cmTC_d5889.dir/src.cxx.o -o cmTC_d5889 
gmake[1]: Leaving directory '/home/developer/aerostack2_ws/build/as2_behaviors_swarm_flocking/CMakeFiles/CMakeTmp'


Source file was:

int main(void) { if (__builtin_expect(0, 0)) return 1; return 0; }

Performing C++ SOURCE FILE Test HAVE___SYNC_VAL_COMPARE_AND_SWAP succeeded with the following output:
Change Dir: /home/developer/aerostack2_ws/build/as2_behaviors_swarm_flocking/CMakeFiles/CMakeTmp

Run Build Command(s):/usr/bin/gmake -f Makefile cmTC_bc215/fast && /usr/bin/gmake  -f CMakeFiles/cmTC_bc215.dir/build.make CMakeFiles/cmTC_bc215.dir/build
gmake[1]: Entering directory '/home/developer/aerostack2_ws/build/as2_behaviors_swarm_flocking/CMakeFiles/CMakeTmp'
Building CXX object CMakeFiles/cmTC_bc215.dir/src.cxx.o
/usr/bin/c++ -DHAVE___SYNC_VAL_COMPARE_AND_SWAP  -fPIE -o CMakeFiles/cmTC_bc215.dir/src.cxx.o -c /home/developer/aerostack2_ws/build/as2_behaviors_swarm_flocking/CMakeFiles/CMakeTmp/src.cxx
Linking CXX executable cmTC_bc215
/usr/bin/cmake -E cmake_link_script CMakeFiles/cmTC_bc215.dir/link.txt --verbose=1
/usr/bin/c++ CMakeFiles/cmTC_bc215.dir/src.cxx.o -o cmTC_bc215 
gmake[1]: Leaving directory '/home/developer/aerostack2_ws/build/as2_behaviors_swarm_flocking/CMakeFiles/CMakeTmp'


Source file was:

int main(void)
{
  int a; if (__sync_val_compare_and_swap(&a, 0, 1)) return 1; return 0;
}

Performing C++ SOURCE FILE Test HAVE_RWLOCK succeeded with the following output:
Change Dir: /home/developer/aerostack2_ws/build/as2_behaviors_swarm_flocking/CMakeFiles/CMakeTmp

Run Build Command(s):/usr/bin/gmake -f Makefile cmTC_180a7/fast && /usr/bin/gmake  -f CMakeFiles/cmTC_180a7.dir/build.make CMakeFiles/cmTC_180a7.dir/build
gmake[1]: Entering directory '/home/developer/aerostack2_ws/build/as2_behaviors_swarm_flocking/CMakeFiles/CMakeTmp'
Building CXX object CMakeFiles/cmTC_180a7.dir/src.cxx.o
/usr/bin/c++ -DHAVE_RWLOCK  -fPIE -o CMakeFiles/cmTC_180a7.dir/src.cxx.o -c /home/developer/aerostack2_ws/build/as2_behaviors_swarm_flocking/CMakeFiles/CMakeTmp/src.cxx
Linking CXX executable cmTC_180a7
/usr/bin/cmake -E cmake_link_script CMakeFiles/cmTC_180a7.dir/link.txt --verbose=1
/usr/bin/c++ CMakeFiles/cmTC_180a7.dir/src.cxx.o -o cmTC_180a7 
gmake[1]: Leaving directory '/home/developer/aerostack2_ws/build/as2_behaviors_swarm_flocking/CMakeFiles/CMakeTmp'


Source file was:

#define _XOPEN_SOURCE 500
#include <pthread.h>
int main(void)
{
  pthread_rwlock_t l;
  pthread_rwlock_init(&l, NULL);
  pthread_rwlock_rdlock(&l);
  return 0;
}

Performing C++ SOURCE FILE Test STL_STD_NAMESPACE succeeded with the following output:
Change Dir: /home/developer/aerostack2_ws/build/as2_behaviors_swarm_flocking/CMakeFiles/CMakeTmp

Run Build Command(s):/usr/bin/gmake -f Makefile cmTC_e1d4b/fast && /usr/bin/gmake  -f CMakeFiles/cmTC_e1d4b.dir/build.make CMakeFiles/cmTC_e1d4b.dir/build
gmake[1]: Entering directory '/home/developer/aerostack2_ws/build/as2_behaviors_swarm_flocking/CMakeFiles/CMakeTmp'
Building CXX object CMakeFiles/cmTC_e1d4b.dir/src.cxx.o
/usr/bin/c++ -DSTL_STD_NAMESPACE  -fPIE -o CMakeFiles/cmTC_e1d4b.dir/src.cxx.o -c /home/developer/aerostack2_ws/build/as2_behaviors_swarm_flocking/CMakeFiles/CMakeTmp/src.cxx
Linking CXX executable cmTC_e1d4b
/usr/bin/cmake -E cmake_link_script CMakeFiles/cmTC_e1d4b.dir/link.txt --verbose=1
/usr/bin/c++ CMakeFiles/cmTC_e1d4b.dir/src.cxx.o -o cmTC_e1d4b 
gmake[1]: Leaving directory '/home/developer/aerostack2_ws/build/as2_behaviors_swarm_flocking/CMakeFiles/CMakeTmp'


Source file was:

#include <vector>
std::vector<int> t; int main() { }

Performing C++ SOURCE FILE Test HAVE_USING_OPERATOR succeeded with the following output:
Change Dir: /home/developer/aerostack2_ws/build/as2_behaviors_swarm_flocking/CMakeFiles/CMakeTmp

Run Build Command(s):/usr/bin/gmake -f Makefile cmTC_99a9b/fast && /usr/bin/gmake  -f CMakeFiles/cmTC_99a9b.dir/build.make CMakeFiles/cmTC_99a9b.dir/build
gmake[1]: Entering directory '/home/developer/aerostack2_ws/build/as2_behaviors_swarm_flocking/CMakeFiles/CMakeTmp'
Building CXX object CMakeFiles/cmTC_99a9b.dir/src.cxx.o
/usr/bin/c++ -DHAVE_USING_OPERATOR  -fPIE -o CMakeFiles/cmTC_99a9b.dir/src.cxx.o -c /home/developer/aerostack2_ws/build/as2_behaviors_swarm_flocking/CMakeFiles/CMakeTmp/src.cxx
Linking CXX executable cmTC_99a9b
/usr/bin/cmake -E cmake_link_script CMakeFiles/cmTC_99a9b.dir/link.txt --verbose=1
/usr/bin/c++ CMakeFiles/cmTC_99a9b.dir/src.cxx.o -o cmTC_99a9b 
gmake[1]: Leaving directory '/home/developer/aerostack2_ws/build/as2_behaviors_swarm_flocking/CMakeFiles/CMakeTmp'


Source file was:

#include <iostream>
std::ostream& operator<<(std::ostream&, struct s);
using ::operator<<;
int main() { }

Performing C++ SOURCE FILE Test HAVE_NAMESPACES succeeded with the following output:
Change Dir: /home/developer/aerostack2_ws/build/as2_behaviors_swarm_flocking/CMakeFiles/CMakeTmp

Run Build Command(s):/usr/bin/gmake -f Makefile cmTC_f1509/fast && /usr/bin/gmake  -f CMakeFiles/cmTC_f1509.dir/build.make CMakeFiles/cmTC_f1509.dir/build
gmake[1]: Entering directory '/home/developer/aerostack2_ws/build/as2_behaviors_swarm_flocking/CMakeFiles/CMakeTmp'
Building CXX object CMakeFiles/cmTC_f1509.dir/src.cxx.o
/usr/bin/c++ -DHAVE_NAMESPACES  -fPIE -o CMakeFiles/cmTC_f1509.dir/src.cxx.o -c /home/developer/aerostack2_ws/build/as2_behaviors_swarm_flocking/CMakeFiles/CMakeTmp/src.cxx
Linking CXX executable cmTC_f1509
/usr/bin/cmake -E cmake_link_script CMakeFiles/cmTC_f1509.dir/link.txt --verbose=1
/usr/bin/c++ CMakeFiles/cmTC_f1509.dir/src.cxx.o -o cmTC_f1509 
gmake[1]: Leaving directory '/home/developer/aerostack2_ws/build/as2_behaviors_swarm_flocking/CMakeFiles/CMakeTmp'


Source file was:

namespace Outer { namespace Inner { int i = 0; }}
using namespace Outer::Inner;;
int main() { return i; }

Performing C++ SOURCE FILE Test HAVE_GCC_TLS succeeded with the following output:
Change Dir: /home/developer/aerostack2_ws/build/as2_behaviors_swarm_flocking/CMakeFiles/CMakeTmp

Run Build Command(s):/usr/bin/gmake -f Makefile cmTC_f1f64/fast && /usr/bin/gmake  -f CMakeFiles/cmTC_f1f64.dir/build.make CMakeFiles/cmTC_f1f64.dir/build
gmake[1]: Entering directory '/home/developer/aerostack2_ws/build/as2_behaviors_swarm_flocking/CMakeFiles/CMakeTmp'
Building CXX object CMakeFiles/cmTC_f1f64.dir/src.cxx.o
/usr/bin/c++ -DHAVE_GCC_TLS  -fPIE -o CMakeFiles/cmTC_f1f64.dir/src.cxx.o -c /home/developer/aerostack2_ws/build/as2_behaviors_swarm_flocking/CMakeFiles/CMakeTmp/src.cxx
Linking CXX executable cmTC_f1f64
/usr/bin/cmake -E cmake_link_script CMakeFiles/cmTC_f1f64.dir/link.txt --verbose=1
/usr/bin/c++ CMakeFiles/cmTC_f1f64.dir/src.cxx.o -o cmTC_f1f64 
gmake[1]: Leaving directory '/home/developer/aerostack2_ws/build/as2_behaviors_swarm_flocking/CMakeFiles/CMakeTmp'


Source file was:

__thread int tls;
int main() { }

Performing C++ SOURCE FILE Test HAVE_CXX11_TLS succeeded with the following output:
Change Dir: /home/developer/aerostack2_ws/build/as2_behaviors_swarm_flocking/CMakeFiles/CMakeTmp

Run Build Command(s):/usr/bin/gmake -f Makefile cmTC_641a5/fast && /usr/bin/gmake  -f CMakeFiles/cmTC_641a5.dir/build.make CMakeFiles/cmTC_641a5.dir/build
gmake[1]: Entering directory '/home/developer/aerostack2_ws/build/as2_behaviors_swarm_flocking/CMakeFiles/CMakeTmp'
Building CXX object CMakeFiles/cmTC_641a5.dir/src.cxx.o
/usr/bin/c++ -DHAVE_CXX11_TLS  -fPIE -o CMakeFiles/cmTC_641a5.dir/src.cxx.o -c /home/developer/aerostack2_ws/build/as2_behaviors_swarm_flocking/CMakeFiles/CMakeTmp/src.cxx
Linking CXX executable cmTC_641a5
/usr/bin/cmake -E cmake_link_script CMakeFiles/cmTC_641a5.dir/link.txt --verbose=1
/usr/bin/c++ CMakeFiles/cmTC_641a5.dir/src.cxx.o -o cmTC_641a5 
gmake[1]: Leaving directory '/home/developer/aerostack2_ws/build/as2_behaviors_swarm_flocking/CMakeFiles/CMakeTmp'


Source file was:

thread_local int tls;
int main() { }

Performing C++ SOURCE FILE Test HAVE_ALIGNED_STORAGE succeeded with the following output:
Change Dir: /home/developer/aerostack2_ws/build/as2_behaviors_swarm_flocking/CMakeFiles/CMakeTmp

Run Build Command(s):/usr/bin/gmake -f Makefile cmTC_881b0/fast && /usr/bin/gmake  -f CMakeFiles/cmTC_881b0.dir/build.make CMakeFiles/cmTC_881b0.dir/build
gmake[1]: Entering directory '/home/developer/aerostack2_ws/build/as2_behaviors_swarm_flocking/CMakeFiles/CMakeTmp'
Building CXX object CMakeFiles/cmTC_881b0.dir/src.cxx.o
/usr/bin/c++ -DHAVE_ALIGNED_STORAGE  -fPIE -o CMakeFiles/cmTC_881b0.dir/src.cxx.o -c /home/developer/aerostack2_ws/build/as2_behaviors_swarm_flocking/CMakeFiles/CMakeTmp/src.cxx
Linking CXX executable cmTC_881b0
/usr/bin/cmake -E cmake_link_script CMakeFiles/cmTC_881b0.dir/link.txt --verbose=1
/usr/bin/c++ CMakeFiles/cmTC_881b0.dir/src.cxx.o -o cmTC_881b0 
gmake[1]: Leaving directory '/home/developer/aerostack2_ws/build/as2_behaviors_swarm_flocking/CMakeFiles/CMakeTmp'


Source file was:

#include <type_traits>
std::aligned_storage<sizeof(char), alignof(char)>::type data;
int main() { }

Performing C++ SOURCE FILE Test HAVE_CXX11_ATOMIC succeeded with the following output:
Change Dir: /home/developer/aerostack2_ws/build/as2_behaviors_swarm_flocking/CMakeFiles/CMakeTmp

Run Build Command(s):/usr/bin/gmake -f Makefile cmTC_2f071/fast && /usr/bin/gmake  -f CMakeFiles/cmTC_2f071.dir/build.make CMakeFiles/cmTC_2f071.dir/build
gmake[1]: Entering directory '/home/developer/aerostack2_ws/build/as2_behaviors_swarm_flocking/CMakeFiles/CMakeTmp'
Building CXX object CMakeFiles/cmTC_2f071.dir/src.cxx.o
/usr/bin/c++ -DHAVE_CXX11_ATOMIC  -fPIE -o CMakeFiles/cmTC_2f071.dir/src.cxx.o -c /home/developer/aerostack2_ws/build/as2_behaviors_swarm_flocking/CMakeFiles/CMakeTmp/src.cxx
Linking CXX executable cmTC_2f071
/usr/bin/cmake -E cmake_link_script CMakeFiles/cmTC_2f071.dir/link.txt --verbose=1
/usr/bin/c++ CMakeFiles/cmTC_2f071.dir/src.cxx.o -o cmTC_2f071 
gmake[1]: Leaving directory '/home/developer/aerostack2_ws/build/as2_behaviors_swarm_flocking/CMakeFiles/CMakeTmp'


Source file was:

#include <atomic>
std::atomic<int> i;
int main() { }

Performing C++ SOURCE FILE Test HAVE_CXX11_CONSTEXPR succeeded with the following output:
Change Dir: /home/developer/aerostack2_ws/build/as2_behaviors_swarm_flocking/CMakeFiles/CMakeTmp

Run Build Command(s):/usr/bin/gmake -f Makefile cmTC_27e94/fast && /usr/bin/gmake  -f CMakeFiles/cmTC_27e94.dir/build.make CMakeFiles/cmTC_27e94.dir/build
gmake[1]: Entering directory '/home/developer/aerostack2_ws/build/as2_behaviors_swarm_flocking/CMakeFiles/CMakeTmp'
Building CXX object CMakeFiles/cmTC_27e94.dir/src.cxx.o
/usr/bin/c++ -DHAVE_CXX11_CONSTEXPR  -fPIE -o CMakeFiles/cmTC_27e94.dir/src.cxx.o -c /home/developer/aerostack2_ws/build/as2_behaviors_swarm_flocking/CMakeFiles/CMakeTmp/src.cxx
Linking CXX executable cmTC_27e94
/usr/bin/cmake -E cmake_link_script CMakeFiles/cmTC_27e94.dir/link.txt --verbose=1
/usr/bin/c++ CMakeFiles/cmTC_27e94.dir/src.cxx.o -o cmTC_27e94 
gmake[1]: Leaving directory '/home/developer/aerostack2_ws/build/as2_behaviors_swarm_flocking/CMakeFiles/CMakeTmp'


Source file was:

constexpr int x = 0;
int main() { }

Performing C++ SOURCE FILE Test HAVE_CXX11_CHRONO succeeded with the following output:
Change Dir: /home/developer/aerostack2_ws/build/as2_behaviors_swarm_flocking/CMakeFiles/CMakeTmp

Run Build Command(s):/usr/bin/gmake -f Makefile cmTC_188aa/fast && /usr/bin/gmake  -f CMakeFiles/cmTC_188aa.dir/build.make CMakeFiles/cmTC_188aa.dir/build
gmake[1]: Entering directory '/home/developer/aerostack2_ws/build/as2_behaviors_swarm_flocking/CMakeFiles/CMakeTmp'
Building CXX object CMakeFiles/cmTC_188aa.dir/src.cxx.o
/usr/bin/c++ -DHAVE_CXX11_CHRONO  -fPIE -o CMakeFiles/cmTC_188aa.dir/src.cxx.o -c /home/developer/aerostack2_ws/build/as2_behaviors_swarm_flocking/CMakeFiles/CMakeTmp/src.cxx
Linking CXX executable cmTC_188aa
/usr/bin/cmake -E cmake_link_script CMakeFiles/cmTC_188aa.dir/link.txt --verbose=1
/usr/bin/c++ CMakeFiles/cmTC_188aa.dir/src.cxx.o -o cmTC_188aa 
gmake[1]: Leaving directory '/home/developer/aerostack2_ws/build/as2_behaviors_swarm_flocking/CMakeFiles/CMakeTmp'


Source file was:

#include <chrono>
std::chrono::seconds s;
int main() { }

Performing C++ SOURCE FILE Test HAVE_CXX11_NULLPTR_T succeeded with the following output:
Change Dir: /home/developer/aerostack2_ws/build/as2_behaviors_swarm_flocking/CMakeFiles/CMakeTmp

Run Build Command(s):/usr/bin/gmake -f Makefile cmTC_2f72d/fast && /usr/bin/gmake  -f CMakeFiles/cmTC_2f72d.dir/build.make CMakeFiles/cmTC_2f72d.dir/build
gmake[1]: Entering directory '/home/developer/aerostack2_ws/build/as2_behaviors_swarm_flocking/CMakeFiles/CMakeTmp'
Building CXX object CMakeFiles/cmTC_2f72d.dir/src.cxx.o
/usr/bin/c++ -DHAVE_CXX11_NULLPTR_T  -fPIE -o CMakeFiles/cmTC_2f72d.dir/src.cxx.o -c /home/developer/aerostack2_ws/build/as2_behaviors_swarm_flocking/CMakeFiles/CMakeTmp/src.cxx
Linking CXX executable cmTC_2f72d
/usr/bin/cmake -E cmake_link_script CMakeFiles/cmTC_2f72d.dir/link.txt --verbose=1
/usr/bin/c++ CMakeFiles/cmTC_2f72d.dir/src.cxx.o -o cmTC_2f72d 
gmake[1]: Leaving directory '/home/developer/aerostack2_ws/build/as2_behaviors_swarm_flocking/CMakeFiles/CMakeTmp'


Source file was:

#include <cstddef>
void foo(std::nullptr_t) {}
int main(void) { foo(nullptr); }

Performing C++ SOURCE FILE Test HAVE_LOCALTIME_R succeeded with the following output:
Change Dir: /home/developer/aerostack2_ws/build/as2_behaviors_swarm_flocking/CMakeFiles/CMakeTmp

Run Build Command(s):/usr/bin/gmake -f Makefile cmTC_5b476/fast && /usr/bin/gmake  -f CMakeFiles/cmTC_5b476.dir/build.make CMakeFiles/cmTC_5b476.dir/build
gmake[1]: Entering directory '/home/developer/aerostack2_ws/build/as2_behaviors_swarm_flocking/CMakeFiles/CMakeTmp'
Building CXX object CMakeFiles/cmTC_5b476.dir/src.cxx.o
/usr/bin/c++ -DHAVE_LOCALTIME_R  -fPIE -o CMakeFiles/cmTC_5b476.dir/src.cxx.o -c /home/developer/aerostack2_ws/build/as2_behaviors_swarm_flocking/CMakeFiles/CMakeTmp/src.cxx
Linking CXX executable cmTC_5b476
/usr/bin/cmake -E cmake_link_script CMakeFiles/cmTC_5b476.dir/link.txt --verbose=1
/usr/bin/c++ CMakeFiles/cmTC_5b476.dir/src.cxx.o -o cmTC_5b476 
gmake[1]: Leaving directory '/home/developer/aerostack2_ws/build/as2_behaviors_swarm_flocking/CMakeFiles/CMakeTmp'


Source file was:

#include <cstdlib>
#include <ctime>
int main()
{
    time_t timep;
    struct tm result;
    localtime_r(&timep, &result);
    return EXIT_SUCCESS;
}

Performing C++ SOURCE FILE Test COMPILER_HAS_HIDDEN_VISIBILITY succeeded with the following output:
Change Dir: /home/developer/aerostack2_ws/build/as2_behaviors_swarm_flocking/CMakeFiles/CMakeTmp

Run Build Command(s):/usr/bin/gmake -f Makefile cmTC_f231f/fast && /usr/bin/gmake  -f CMakeFiles/cmTC_f231f.dir/build.make CMakeFiles/cmTC_f231f.dir/build
gmake[1]: Entering directory '/home/developer/aerostack2_ws/build/as2_behaviors_swarm_flocking/CMakeFiles/CMakeTmp'
Building CXX object CMakeFiles/cmTC_f231f.dir/src.cxx.o
/usr/bin/c++ -DCOMPILER_HAS_HIDDEN_VISIBILITY  -fPIE   -fvisibility=hidden -o CMakeFiles/cmTC_f231f.dir/src.cxx.o -c /home/developer/aerostack2_ws/build/as2_behaviors_swarm_flocking/CMakeFiles/CMakeTmp/src.cxx
Linking CXX executable cmTC_f231f
/usr/bin/cmake -E cmake_link_script CMakeFiles/cmTC_f231f.dir/link.txt --verbose=1
/usr/bin/c++ CMakeFiles/cmTC_f231f.dir/src.cxx.o -o cmTC_f231f 
gmake[1]: Leaving directory '/home/developer/aerostack2_ws/build/as2_behaviors_swarm_flocking/CMakeFiles/CMakeTmp'


Source file was:
int main() { return 0; }
Performing C++ SOURCE FILE Test COMPILER_HAS_HIDDEN_INLINE_VISIBILITY succeeded with the following output:
Change Dir: /home/developer/aerostack2_ws/build/as2_behaviors_swarm_flocking/CMakeFiles/CMakeTmp

Run Build Command(s):/usr/bin/gmake -f Makefile cmTC_46e22/fast && /usr/bin/gmake  -f CMakeFiles/cmTC_46e22.dir/build.make CMakeFiles/cmTC_46e22.dir/build
gmake[1]: Entering directory '/home/developer/aerostack2_ws/build/as2_behaviors_swarm_flocking/CMakeFiles/CMakeTmp'
Building CXX object CMakeFiles/cmTC_46e22.dir/src.cxx.o
/usr/bin/c++ -DCOMPILER_HAS_HIDDEN_INLINE_VISIBILITY  -fPIE   -fvisibility-inlines-hidden -o CMakeFiles/cmTC_46e22.dir/src.cxx.o -c /home/developer/aerostack2_ws/build/as2_behaviors_swarm_flocking/CMakeFiles/CMakeTmp/src.cxx
Linking CXX executable cmTC_46e22
/usr/bin/cmake -E cmake_link_script CMakeFiles/cmTC_46e22.dir/link.txt --verbose=1
/usr/bin/c++ CMakeFiles/cmTC_46e22.dir/src.cxx.o -o cmTC_46e22 
gmake[1]: Leaving directory '/home/developer/aerostack2_ws/build/as2_behaviors_swarm_flocking/CMakeFiles/CMakeTmp'


Source file was:
int main() { return 0; }
Performing C++ SOURCE FILE Test COMPILER_HAS_DEPRECATED_ATTR succeeded with the following output:
Change Dir: /home/developer/aerostack2_ws/build/as2_behaviors_swarm_flocking/CMakeFiles/CMakeTmp

Run Build Command(s):/usr/bin/gmake -f Makefile cmTC_72bd6/fast && /usr/bin/gmake  -f CMakeFiles/cmTC_72bd6.dir/build.make CMakeFiles/cmTC_72bd6.dir/build
gmake[1]: Entering directory '/home/developer/aerostack2_ws/build/as2_behaviors_swarm_flocking/CMakeFiles/CMakeTmp'
Building CXX object CMakeFiles/cmTC_72bd6.dir/src.cxx.o
/usr/bin/c++ -DCOMPILER_HAS_DEPRECATED_ATTR  -fPIE -o CMakeFiles/cmTC_72bd6.dir/src.cxx.o -c /home/developer/aerostack2_ws/build/as2_behaviors_swarm_flocking/CMakeFiles/CMakeTmp/src.cxx
/home/developer/aerostack2_ws/build/as2_behaviors_swarm_flocking/CMakeFiles/CMakeTmp/src.cxx: In function ‘int main()’:
/home/developer/aerostack2_ws/build/as2_behaviors_swarm_flocking/CMakeFiles/CMakeTmp/src.cxx:2:33: warning: ‘int somefunc()’ is deprecated [-Wdeprecated-declarations]
    2 |     int main() { return somefunc();}
      |                         ~~~~~~~~^~
/home/developer/aerostack2_ws/build/as2_behaviors_swarm_flocking/CMakeFiles/CMakeTmp/src.cxx:1:37: note: declared here
    1 | __attribute__((__deprecated__)) int somefunc() { return 0; }
      |                                     ^~~~~~~~
Linking CXX executable cmTC_72bd6
/usr/bin/cmake -E cmake_link_script CMakeFiles/cmTC_72bd6.dir/link.txt --verbose=1
/usr/bin/c++ CMakeFiles/cmTC_72bd6.dir/src.cxx.o -o cmTC_72bd6 
gmake[1]: Leaving directory '/home/developer/aerostack2_ws/build/as2_behaviors_swarm_flocking/CMakeFiles/CMakeTmp'


Source file was:
__attribute__((__deprecated__)) int somefunc() { return 0; }
    int main() { return somefunc();}
Determining if the include file getopt.h exists passed with the following output:
Change Dir: /home/developer/aerostack2_ws/build/as2_behaviors_swarm_flocking/CMakeFiles/CMakeTmp

Run Build Command(s):/usr/bin/gmake -f Makefile cmTC_cfec9/fast && /usr/bin/gmake  -f CMakeFiles/cmTC_cfec9.dir/build.make CMakeFiles/cmTC_cfec9.dir/build
gmake[1]: Entering directory '/home/developer/aerostack2_ws/build/as2_behaviors_swarm_flocking/CMakeFiles/CMakeTmp'
Building C object CMakeFiles/cmTC_cfec9.dir/CheckIncludeFile.c.o
/usr/bin/cc   -fPIE -o CMakeFiles/cmTC_cfec9.dir/CheckIncludeFile.c.o -c /home/developer/aerostack2_ws/build/as2_behaviors_swarm_flocking/CMakeFiles/CMakeTmp/CheckIncludeFile.c
Linking C executable cmTC_cfec9
/usr/bin/cmake -E cmake_link_script CMakeFiles/cmTC_cfec9.dir/link.txt --verbose=1
/usr/bin/cc CMakeFiles/cmTC_cfec9.dir/CheckIncludeFile.c.o -o cmTC_cfec9 
gmake[1]: Leaving directory '/home/developer/aerostack2_ws/build/as2_behaviors_swarm_flocking/CMakeFiles/CMakeTmp'



Determining if the include file time.h exists passed with the following output:
Change Dir: /home/developer/aerostack2_ws/build/as2_behaviors_swarm_flocking/CMakeFiles/CMakeTmp

Run Build Command(s):/usr/bin/gmake -f Makefile cmTC_ecc08/fast && /usr/bin/gmake  -f CMakeFiles/cmTC_ecc08.dir/build.make CMakeFiles/cmTC_ecc08.dir/build
gmake[1]: Entering directory '/home/developer/aerostack2_ws/build/as2_behaviors_swarm_flocking/CMakeFiles/CMakeTmp'
Building C object CMakeFiles/cmTC_ecc08.dir/CheckIncludeFile.c.o
/usr/bin/cc   -fPIE -o CMakeFiles/cmTC_ecc08.dir/CheckIncludeFile.c.o -c /home/developer/aerostack2_ws/build/as2_behaviors_swarm_flocking/CMakeFiles/CMakeTmp/CheckIncludeFile.c
Linking C executable cmTC_ecc08
/usr/bin/cmake -E cmake_link_script CMakeFiles/cmTC_ecc08.dir/link.txt --verbose=1
/usr/bin/cc CMakeFiles/cmTC_ecc08.dir/CheckIncludeFile.c.o -o cmTC_ecc08 
gmake[1]: Leaving directory '/home/developer/aerostack2_ws/build/as2_behaviors_swarm_flocking/CMakeFiles/CMakeTmp'



Determining if the function getpid exists passed with the following output:
Change Dir: /home/developer/aerostack2_ws/build/as2_behaviors_swarm_flocking/CMakeFiles/CMakeTmp

Run Build Command(s):/usr/bin/gmake -f Makefile cmTC_a1841/fast && /usr/bin/gmake  -f CMakeFiles/cmTC_a1841.dir/build.make CMakeFiles/cmTC_a1841.dir/build
gmake[1]: Entering directory '/home/developer/aerostack2_ws/build/as2_behaviors_swarm_flocking/CMakeFiles/CMakeTmp'
Building C object CMakeFiles/cmTC_a1841.dir/CheckFunctionExists.c.o
/usr/bin/cc   -DCHECK_FUNCTION_EXISTS=getpid -fPIE -o CMakeFiles/cmTC_a1841.dir/CheckFunctionExists.c.o -c /usr/share/cmake-3.22/Modules/CheckFunctionExists.c
Linking C executable cmTC_a1841
/usr/bin/cmake -E cmake_link_script CMakeFiles/cmTC_a1841.dir/link.txt --verbose=1
/usr/bin/cc  -DCHECK_FUNCTION_EXISTS=getpid CMakeFiles/cmTC_a1841.dir/CheckFunctionExists.c.o -o cmTC_a1841 
gmake[1]: Leaving directory '/home/developer/aerostack2_ws/build/as2_behaviors_swarm_flocking/CMakeFiles/CMakeTmp'



Determining if the function syscall exists passed with the following output:
Change Dir: /home/developer/aerostack2_ws/build/as2_behaviors_swarm_flocking/CMakeFiles/CMakeTmp

Run Build Command(s):/usr/bin/gmake -f Makefile cmTC_e8431/fast && /usr/bin/gmake  -f CMakeFiles/cmTC_e8431.dir/build.make CMakeFiles/cmTC_e8431.dir/build
gmake[1]: Entering directory '/home/developer/aerostack2_ws/build/as2_behaviors_swarm_flocking/CMakeFiles/CMakeTmp'
Building C object CMakeFiles/cmTC_e8431.dir/CheckFunctionExists.c.o
/usr/bin/cc   -DCHECK_FUNCTION_EXISTS=syscall -fPIE -o CMakeFiles/cmTC_e8431.dir/CheckFunctionExists.c.o -c /usr/share/cmake-3.22/Modules/CheckFunctionExists.c
Linking C executable cmTC_e8431
/usr/bin/cmake -E cmake_link_script CMakeFiles/cmTC_e8431.dir/link.txt --verbose=1
/usr/bin/cc  -DCHECK_FUNCTION_EXISTS=syscall CMakeFiles/cmTC_e8431.dir/CheckFunctionExists.c.o -o cmTC_e8431 
gmake[1]: Leaving directory '/home/developer/aerostack2_ws/build/as2_behaviors_swarm_flocking/CMakeFiles/CMakeTmp'



Determining if the function isinf exists passed with the following output:
Change Dir: /home/developer/aerostack2_ws/build/as2_behaviors_swarm_flocking/CMakeFiles/CMakeTmp

Run Build Command(s):/usr/bin/gmake -f Makefile cmTC_22a8c/fast && /usr/bin/gmake  -f CMakeFiles/cmTC_22a8c.dir/build.make CMakeFiles/cmTC_22a8c.dir/build
gmake[1]: Entering directory '/home/developer/aerostack2_ws/build/as2_behaviors_swarm_flocking/CMakeFiles/CMakeTmp'
Building C object CMakeFiles/cmTC_22a8c.dir/CheckFunctionExists.c.o
/usr/bin/cc   -DCHECK_FUNCTION_EXISTS=isinf -fPIE -o CMakeFiles/cmTC_22a8c.dir/CheckFunctionExists.c.o -c /usr/share/cmake-3.22/Modules/CheckFunctionExists.c
<command-line>: warning: conflicting types for built-in function ‘isinf’; expected ‘int()’ [-Wbuiltin-declaration-mismatch]
/usr/share/cmake-3.22/Modules/CheckFunctionExists.c:7:3: note: in expansion of macro ‘CHECK_FUNCTION_EXISTS’
    7 |   CHECK_FUNCTION_EXISTS(void);
      |   ^~~~~~~~~~~~~~~~~~~~~
/usr/share/cmake-3.22/Modules/CheckFunctionExists.c:1:1: note: ‘isinf’ is declared in header ‘<math.h>’
  +++ |+#include <math.h>
    1 | #ifdef CHECK_FUNCTION_EXISTS
Linking C executable cmTC_22a8c
/usr/bin/cmake -E cmake_link_script CMakeFiles/cmTC_22a8c.dir/link.txt --verbose=1
/usr/bin/cc  -DCHECK_FUNCTION_EXISTS=isinf CMakeFiles/cmTC_22a8c.dir/CheckFunctionExists.c.o -o cmTC_22a8c 
gmake[1]: Leaving directory '/home/developer/aerostack2_ws/build/as2_behaviors_swarm_flocking/CMakeFiles/CMakeTmp'



Determining if the function isnan exists passed with the following output:
Change Dir: /home/developer/aerostack2_ws/build/as2_behaviors_swarm_flocking/CMakeFiles/CMakeTmp

Run Build Command(s):/usr/bin/gmake -f Makefile cmTC_5cf83/fast && /usr/bin/gmake  -f CMakeFiles/cmTC_5cf83.dir/build.make CMakeFiles/cmTC_5cf83.dir/build
gmake[1]: Entering directory '/home/developer/aerostack2_ws/build/as2_behaviors_swarm_flocking/CMakeFiles/CMakeTmp'
Building C object CMakeFiles/cmTC_5cf83.dir/CheckFunctionExists.c.o
/usr/bin/cc   -DCHECK_FUNCTION_EXISTS=isnan -fPIE -o CMakeFiles/cmTC_5cf83.dir/CheckFunctionExists.c.o -c /usr/share/cmake-3.22/Modules/CheckFunctionExists.c
<command-line>: warning: conflicting types for built-in function ‘isnan’; expected ‘int()’ [-Wbuiltin-declaration-mismatch]
/usr/share/cmake-3.22/Modules/CheckFunctionExists.c:7:3: note: in expansion of macro ‘CHECK_FUNCTION_EXISTS’
    7 |   CHECK_FUNCTION_EXISTS(void);
      |   ^~~~~~~~~~~~~~~~~~~~~
/usr/share/cmake-3.22/Modules/CheckFunctionExists.c:1:1: note: ‘isnan’ is declared in header ‘<math.h>’
  +++ |+#include <math.h>
    1 | #ifdef CHECK_FUNCTION_EXISTS
Linking C executable cmTC_5cf83
/usr/bin/cmake -E cmake_link_script CMakeFiles/cmTC_5cf83.dir/link.txt --verbose=1
/usr/bin/cc  -DCHECK_FUNCTION_EXISTS=isnan CMakeFiles/cmTC_5cf83.dir/CheckFunctionExists.c.o -o cmTC_5cf83 
gmake[1]: Leaving directory '/home/developer/aerostack2_ws/build/as2_behaviors_swarm_flocking/CMakeFiles/CMakeTmp'



Determining if the function gettimeofday exists passed with the following output:
Change Dir: /home/developer/aerostack2_ws/build/as2_behaviors_swarm_flocking/CMakeFiles/CMakeTmp

Run Build Command(s):/usr/bin/gmake -f Makefile cmTC_59e2b/fast && /usr/bin/gmake  -f CMakeFiles/cmTC_59e2b.dir/build.make CMakeFiles/cmTC_59e2b.dir/build
gmake[1]: Entering directory '/home/developer/aerostack2_ws/build/as2_behaviors_swarm_flocking/CMakeFiles/CMakeTmp'
Building C object CMakeFiles/cmTC_59e2b.dir/CheckFunctionExists.c.o
/usr/bin/cc   -DCHECK_FUNCTION_EXISTS=gettimeofday -fPIE -o CMakeFiles/cmTC_59e2b.dir/CheckFunctionExists.c.o -c /usr/share/cmake-3.22/Modules/CheckFunctionExists.c
Linking C executable cmTC_59e2b
/usr/bin/cmake -E cmake_link_script CMakeFiles/cmTC_59e2b.dir/link.txt --verbose=1
/usr/bin/cc  -DCHECK_FUNCTION_EXISTS=gettimeofday CMakeFiles/cmTC_59e2b.dir/CheckFunctionExists.c.o -o cmTC_59e2b 
gmake[1]: Leaving directory '/home/developer/aerostack2_ws/build/as2_behaviors_swarm_flocking/CMakeFiles/CMakeTmp'



Determining if the function qsort_r exists passed with the following output:
Change Dir: /home/developer/aerostack2_ws/build/as2_behaviors_swarm_flocking/CMakeFiles/CMakeTmp

Run Build Command(s):/usr/bin/gmake -f Makefile cmTC_1dfcb/fast && /usr/bin/gmake  -f CMakeFiles/cmTC_1dfcb.dir/build.make CMakeFiles/cmTC_1dfcb.dir/build
gmake[1]: Entering directory '/home/developer/aerostack2_ws/build/as2_behaviors_swarm_flocking/CMakeFiles/CMakeTmp'
Building C object CMakeFiles/cmTC_1dfcb.dir/CheckFunctionExists.c.o
/usr/bin/cc   -DCHECK_FUNCTION_EXISTS=qsort_r -fPIE -o CMakeFiles/cmTC_1dfcb.dir/CheckFunctionExists.c.o -c /usr/share/cmake-3.22/Modules/CheckFunctionExists.c
Linking C executable cmTC_1dfcb
/usr/bin/cmake -E cmake_link_script CMakeFiles/cmTC_1dfcb.dir/link.txt --verbose=1
/usr/bin/cc  -DCHECK_FUNCTION_EXISTS=qsort_r CMakeFiles/cmTC_1dfcb.dir/CheckFunctionExists.c.o -o cmTC_1dfcb 
gmake[1]: Leaving directory '/home/developer/aerostack2_ws/build/as2_behaviors_swarm_flocking/CMakeFiles/CMakeTmp'



Determining if the function time exists passed with the following output:
Change Dir: /home/developer/aerostack2_ws/build/as2_behaviors_swarm_flocking/CMakeFiles/CMakeTmp

Run Build Command(s):/usr/bin/gmake -f Makefile cmTC_1f0bd/fast && /usr/bin/gmake  -f CMakeFiles/cmTC_1f0bd.dir/build.make CMakeFiles/cmTC_1f0bd.dir/build
gmake[1]: Entering directory '/home/developer/aerostack2_ws/build/as2_behaviors_swarm_flocking/CMakeFiles/CMakeTmp'
Building C object CMakeFiles/cmTC_1f0bd.dir/CheckFunctionExists.c.o
/usr/bin/cc   -DCHECK_FUNCTION_EXISTS=time -fPIE -o CMakeFiles/cmTC_1f0bd.dir/CheckFunctionExists.c.o -c /usr/share/cmake-3.22/Modules/CheckFunctionExists.c
Linking C executable cmTC_1f0bd
/usr/bin/cmake -E cmake_link_script CMakeFiles/cmTC_1f0bd.dir/link.txt --verbose=1
/usr/bin/cc  -DCHECK_FUNCTION_EXISTS=time CMakeFiles/cmTC_1f0bd.dir/CheckFunctionExists.c.o -o cmTC_1f0bd 
gmake[1]: Leaving directory '/home/developer/aerostack2_ws/build/as2_behaviors_swarm_flocking/CMakeFiles/CMakeTmp'



Determining if the function copysign exists passed with the following output:
Change Dir: /home/developer/aerostack2_ws/build/as2_behaviors_swarm_flocking/CMakeFiles/CMakeTmp

Run Build Command(s):/usr/bin/gmake -f Makefile cmTC_b7515/fast && /usr/bin/gmake  -f CMakeFiles/cmTC_b7515.dir/build.make CMakeFiles/cmTC_b7515.dir/build
gmake[1]: Entering directory '/home/developer/aerostack2_ws/build/as2_behaviors_swarm_flocking/CMakeFiles/CMakeTmp'
Building C object CMakeFiles/cmTC_b7515.dir/CheckFunctionExists.c.o
/usr/bin/cc   -DCHECK_FUNCTION_EXISTS=copysign -fPIE -o CMakeFiles/cmTC_b7515.dir/CheckFunctionExists.c.o -c /usr/share/cmake-3.22/Modules/CheckFunctionExists.c
<command-line>: warning: conflicting types for built-in function ‘copysign’; expected ‘double(double,  double)’ [-Wbuiltin-declaration-mismatch]
/usr/share/cmake-3.22/Modules/CheckFunctionExists.c:7:3: note: in expansion of macro ‘CHECK_FUNCTION_EXISTS’
    7 |   CHECK_FUNCTION_EXISTS(void);
      |   ^~~~~~~~~~~~~~~~~~~~~
/usr/share/cmake-3.22/Modules/CheckFunctionExists.c:1:1: note: ‘copysign’ is declared in header ‘<math.h>’
  +++ |+#include <math.h>
    1 | #ifdef CHECK_FUNCTION_EXISTS
Linking C executable cmTC_b7515
/usr/bin/cmake -E cmake_link_script CMakeFiles/cmTC_b7515.dir/link.txt --verbose=1
/usr/bin/cc  -DCHECK_FUNCTION_EXISTS=copysign CMakeFiles/cmTC_b7515.dir/CheckFunctionExists.c.o -o cmTC_b7515 
gmake[1]: Leaving directory '/home/developer/aerostack2_ws/build/as2_behaviors_swarm_flocking/CMakeFiles/CMakeTmp'



Determining if the function getopt exists passed with the following output:
Change Dir: /home/developer/aerostack2_ws/build/as2_behaviors_swarm_flocking/CMakeFiles/CMakeTmp

Run Build Command(s):/usr/bin/gmake -f Makefile cmTC_f8600/fast && /usr/bin/gmake  -f CMakeFiles/cmTC_f8600.dir/build.make CMakeFiles/cmTC_f8600.dir/build
gmake[1]: Entering directory '/home/developer/aerostack2_ws/build/as2_behaviors_swarm_flocking/CMakeFiles/CMakeTmp'
Building C object CMakeFiles/cmTC_f8600.dir/CheckFunctionExists.c.o
/usr/bin/cc   -DCHECK_FUNCTION_EXISTS=getopt -fPIE -o CMakeFiles/cmTC_f8600.dir/CheckFunctionExists.c.o -c /usr/share/cmake-3.22/Modules/CheckFunctionExists.c
Linking C executable cmTC_f8600
/usr/bin/cmake -E cmake_link_script CMakeFiles/cmTC_f8600.dir/link.txt --verbose=1
/usr/bin/cc  -DCHECK_FUNCTION_EXISTS=getopt CMakeFiles/cmTC_f8600.dir/CheckFunctionExists.c.o -o cmTC_f8600 
gmake[1]: Leaving directory '/home/developer/aerostack2_ws/build/as2_behaviors_swarm_flocking/CMakeFiles/CMakeTmp'



Determining size of uint32_t passed with the following output:
Change Dir: /home/developer/aerostack2_ws/build/as2_behaviors_swarm_flocking/CMakeFiles/CMakeTmp

Run Build Command(s):/usr/bin/gmake -f Makefile cmTC_3b49c/fast && /usr/bin/gmake  -f CMakeFiles/cmTC_3b49c.dir/build.make CMakeFiles/cmTC_3b49c.dir/build
gmake[1]: Entering directory '/home/developer/aerostack2_ws/build/as2_behaviors_swarm_flocking/CMakeFiles/CMakeTmp'
Building C object CMakeFiles/cmTC_3b49c.dir/SIZEOF_UINT32_T.c.o
/usr/bin/cc   -fPIE -o CMakeFiles/cmTC_3b49c.dir/SIZEOF_UINT32_T.c.o -c /home/developer/aerostack2_ws/build/as2_behaviors_swarm_flocking/CMakeFiles/CheckTypeSize/SIZEOF_UINT32_T.c
Linking C executable cmTC_3b49c
/usr/bin/cmake -E cmake_link_script CMakeFiles/cmTC_3b49c.dir/link.txt --verbose=1
/usr/bin/cc CMakeFiles/cmTC_3b49c.dir/SIZEOF_UINT32_T.c.o -o cmTC_3b49c 
gmake[1]: Leaving directory '/home/developer/aerostack2_ws/build/as2_behaviors_swarm_flocking/CMakeFiles/CMakeTmp'



Determining size of unsigned int passed with the following output:
Change Dir: /home/developer/aerostack2_ws/build/as2_behaviors_swarm_flocking/CMakeFiles/CMakeTmp

Run Build Command(s):/usr/bin/gmake -f Makefile cmTC_76699/fast && /usr/bin/gmake  -f CMakeFiles/cmTC_76699.dir/build.make CMakeFiles/cmTC_76699.dir/build
gmake[1]: Entering directory '/home/developer/aerostack2_ws/build/as2_behaviors_swarm_flocking/CMakeFiles/CMakeTmp'
Building C object CMakeFiles/cmTC_76699.dir/SIZEOF_UNSIGNED_INT.c.o
/usr/bin/cc   -fPIE -o CMakeFiles/cmTC_76699.dir/SIZEOF_UNSIGNED_INT.c.o -c /home/developer/aerostack2_ws/build/as2_behaviors_swarm_flocking/CMakeFiles/CheckTypeSize/SIZEOF_UNSIGNED_INT.c
Linking C executable cmTC_76699
/usr/bin/cmake -E cmake_link_script CMakeFiles/cmTC_76699.dir/link.txt --verbose=1
/usr/bin/cc CMakeFiles/cmTC_76699.dir/SIZEOF_UNSIGNED_INT.c.o -o cmTC_76699 
gmake[1]: Leaving directory '/home/developer/aerostack2_ws/build/as2_behaviors_swarm_flocking/CMakeFiles/CMakeTmp'



Determining size of unsigned long passed with the following output:
Change Dir: /home/developer/aerostack2_ws/build/as2_behaviors_swarm_flocking/CMakeFiles/CMakeTmp

Run Build Command(s):/usr/bin/gmake -f Makefile cmTC_ff9ac/fast && /usr/bin/gmake  -f CMakeFiles/cmTC_ff9ac.dir/build.make CMakeFiles/cmTC_ff9ac.dir/build
gmake[1]: Entering directory '/home/developer/aerostack2_ws/build/as2_behaviors_swarm_flocking/CMakeFiles/CMakeTmp'
Building C object CMakeFiles/cmTC_ff9ac.dir/SIZEOF_UNSIGNED_LONG.c.o
/usr/bin/cc   -fPIE -o CMakeFiles/cmTC_ff9ac.dir/SIZEOF_UNSIGNED_LONG.c.o -c /home/developer/aerostack2_ws/build/as2_behaviors_swarm_flocking/CMakeFiles/CheckTypeSize/SIZEOF_UNSIGNED_LONG.c
Linking C executable cmTC_ff9ac
/usr/bin/cmake -E cmake_link_script CMakeFiles/cmTC_ff9ac.dir/link.txt --verbose=1
/usr/bin/cc CMakeFiles/cmTC_ff9ac.dir/SIZEOF_UNSIGNED_LONG.c.o -o cmTC_ff9ac 
gmake[1]: Leaving directory '/home/developer/aerostack2_ws/build/as2_behaviors_swarm_flocking/CMakeFiles/CMakeTmp'



Determining if the function sqrt exists in the m passed with the following output:
Change Dir: /home/developer/aerostack2_ws/build/as2_behaviors_swarm_flocking/CMakeFiles/CMakeTmp

Run Build Command(s):/usr/bin/gmake -f Makefile cmTC_cf619/fast && /usr/bin/gmake  -f CMakeFiles/cmTC_cf619.dir/build.make CMakeFiles/cmTC_cf619.dir/build
gmake[1]: Entering directory '/home/developer/aerostack2_ws/build/as2_behaviors_swarm_flocking/CMakeFiles/CMakeTmp'
Building C object CMakeFiles/cmTC_cf619.dir/CheckFunctionExists.c.o
/usr/bin/cc   -DCHECK_FUNCTION_EXISTS=sqrt -fPIE -o CMakeFiles/cmTC_cf619.dir/CheckFunctionExists.c.o -c /usr/share/cmake-3.22/Modules/CheckFunctionExists.c
<command-line>: warning: conflicting types for built-in function ‘sqrt’; expected ‘double(double)’ [-Wbuiltin-declaration-mismatch]
/usr/share/cmake-3.22/Modules/CheckFunctionExists.c:7:3: note: in expansion of macro ‘CHECK_FUNCTION_EXISTS’
    7 |   CHECK_FUNCTION_EXISTS(void);
      |   ^~~~~~~~~~~~~~~~~~~~~
/usr/share/cmake-3.22/Modules/CheckFunctionExists.c:1:1: note: ‘sqrt’ is declared in header ‘<math.h>’
  +++ |+#include <math.h>
    1 | #ifdef CHECK_FUNCTION_EXISTS
Linking C executable cmTC_cf619
/usr/bin/cmake -E cmake_link_script CMakeFiles/cmTC_cf619.dir/link.txt --verbose=1
/usr/bin/cc  -DCHECK_FUNCTION_EXISTS=sqrt CMakeFiles/cmTC_cf619.dir/CheckFunctionExists.c.o -o cmTC_cf619  -lm 
gmake[1]: Leaving directory '/home/developer/aerostack2_ws/build/as2_behaviors_swarm_flocking/CMakeFiles/CMakeTmp'



Performing C SOURCE FILE Test HAVE_THREAD_LOCAL_STORAGE succeeded with the following output:
Change Dir: /home/developer/aerostack2_ws/build/as2_behaviors_swarm_flocking/CMakeFiles/CMakeTmp

Run Build Command(s):/usr/bin/gmake -f Makefile cmTC_ad3ee/fast && /usr/bin/gmake  -f CMakeFiles/cmTC_ad3ee.dir/build.make CMakeFiles/cmTC_ad3ee.dir/build
gmake[1]: Entering directory '/home/developer/aerostack2_ws/build/as2_behaviors_swarm_flocking/CMakeFiles/CMakeTmp'
Building C object CMakeFiles/cmTC_ad3ee.dir/src.c.o
/usr/bin/cc -DHAVE_THREAD_LOCAL_STORAGE  -fPIE -o CMakeFiles/cmTC_ad3ee.dir/src.c.o -c /home/developer/aerostack2_ws/build/as2_behaviors_swarm_flocking/CMakeFiles/CMakeTmp/src.c
Linking C executable cmTC_ad3ee
/usr/bin/cmake -E cmake_link_script CMakeFiles/cmTC_ad3ee.dir/link.txt --verbose=1
/usr/bin/cc CMakeFiles/cmTC_ad3ee.dir/src.c.o -o cmTC_ad3ee 
gmake[1]: Leaving directory '/home/developer/aerostack2_ws/build/as2_behaviors_swarm_flocking/CMakeFiles/CMakeTmp'


Source file was:

    __thread int tls;

    int main(void) {
        return 0;
    }
Determining if the __cplusplus exist passed with the following output:
Change Dir: /home/developer/aerostack2_ws/build/as2_behaviors_swarm_flocking/CMakeFiles/CMakeTmp

Run Build Command(s):/usr/bin/gmake -f Makefile cmTC_c7ab6/fast && /usr/bin/gmake  -f CMakeFiles/cmTC_c7ab6.dir/build.make CMakeFiles/cmTC_c7ab6.dir/build
gmake[1]: Entering directory '/home/developer/aerostack2_ws/build/as2_behaviors_swarm_flocking/CMakeFiles/CMakeTmp'
Building CXX object CMakeFiles/cmTC_c7ab6.dir/CheckSymbolExists.cxx.o
/usr/bin/c++   -fPIE -o CMakeFiles/cmTC_c7ab6.dir/CheckSymbolExists.cxx.o -c /home/developer/aerostack2_ws/build/as2_behaviors_swarm_flocking/CMakeFiles/CMakeTmp/CheckSymbolExists.cxx
Linking CXX executable cmTC_c7ab6
/usr/bin/cmake -E cmake_link_script CMakeFiles/cmTC_c7ab6.dir/link.txt --verbose=1
/usr/bin/c++ CMakeFiles/cmTC_c7ab6.dir/CheckSymbolExists.cxx.o -o cmTC_c7ab6 
gmake[1]: Leaving directory '/home/developer/aerostack2_ws/build/as2_behaviors_swarm_flocking/CMakeFiles/CMakeTmp'


File /home/developer/aerostack2_ws/build/as2_behaviors_swarm_flocking/CMakeFiles/CMakeTmp/CheckSymbolExists.cxx:
/* */
#include <ciso646>

int main(int argc, char** argv)
{
  (void)argv;
#ifndef __cplusplus
  return ((int*)(&__cplusplus))[argc];
#else
  (void)argc;
  return 0;
#endif
}
Performing C++ SOURCE FILE Test SUPPORTS_STDCXX11 succeeded with the following output:
Change Dir: /home/developer/aerostack2_ws/build/as2_behaviors_swarm_flocking/CMakeFiles/CMakeTmp

Run Build Command(s):/usr/bin/gmake -f Makefile cmTC_51876/fast && /usr/bin/gmake  -f CMakeFiles/cmTC_51876.dir/build.make CMakeFiles/cmTC_51876.dir/build
gmake[1]: Entering directory '/home/developer/aerostack2_ws/build/as2_behaviors_swarm_flocking/CMakeFiles/CMakeTmp'
Building CXX object CMakeFiles/cmTC_51876.dir/src.cxx.o
/usr/bin/c++ -DSUPPORTS_STDCXX11  -fPIE   -std=c++11 -o CMakeFiles/cmTC_51876.dir/src.cxx.o -c /home/developer/aerostack2_ws/build/as2_behaviors_swarm_flocking/CMakeFiles/CMakeTmp/src.cxx
Linking CXX executable cmTC_51876
/usr/bin/cmake -E cmake_link_script CMakeFiles/cmTC_51876.dir/link.txt --verbose=1
/usr/bin/c++ CMakeFiles/cmTC_51876.dir/src.cxx.o -o cmTC_51876 
gmake[1]: Leaving directory '/home/developer/aerostack2_ws/build/as2_behaviors_swarm_flocking/CMakeFiles/CMakeTmp'


Source file was:
int main() { return 0; }
