[0.000000] (-) TimerEvent: {}
[0.000306] (as2_cli) JobQueued: {'identifier': 'as2_cli', 'dependencies': OrderedDict()}
[0.000331] (as2_msgs) JobQueued: {'identifier': 'as2_msgs', 'dependencies': OrderedDict()}
[0.000348] (as2_core) JobQueued: {'identifier': 'as2_core', 'dependencies': OrderedDict([('as2_msgs', '/home/developer/aerostack2_ws/install/as2_msgs')])}
[0.000373] (as2_alphanumeric_viewer) JobQueued: {'identifier': 'as2_alphanumeric_viewer', 'dependencies': OrderedDict([('as2_msgs', '/home/developer/aerostack2_ws/install/as2_msgs'), ('as2_core', '/home/developer/aerostack2_ws/install/as2_core')])}
[0.000394] (as2_behavior) JobQueued: {'identifier': 'as2_behavior', 'dependencies': OrderedDict([('as2_msgs', '/home/developer/aerostack2_ws/install/as2_msgs'), ('as2_core', '/home/developer/aerostack2_ws/install/as2_core')])}
[0.000416] (as2_behavior_tree) JobQueued: {'identifier': 'as2_behavior_tree', 'dependencies': OrderedDict([('as2_msgs', '/home/developer/aerostack2_ws/install/as2_msgs'), ('as2_core', '/home/developer/aerostack2_ws/install/as2_core')])}
[0.000458] (as2_external_object_to_tf) JobQueued: {'identifier': 'as2_external_object_to_tf', 'dependencies': OrderedDict([('as2_msgs', '/home/developer/aerostack2_ws/install/as2_msgs'), ('as2_core', '/home/developer/aerostack2_ws/install/as2_core')])}
[0.000496] (as2_gazebo_assets) JobQueued: {'identifier': 'as2_gazebo_assets', 'dependencies': OrderedDict([('as2_msgs', '/home/developer/aerostack2_ws/install/as2_msgs'), ('as2_core', '/home/developer/aerostack2_ws/install/as2_core')])}
[0.000513] (as2_geozones) JobQueued: {'identifier': 'as2_geozones', 'dependencies': OrderedDict([('as2_msgs', '/home/developer/aerostack2_ws/install/as2_msgs'), ('as2_core', '/home/developer/aerostack2_ws/install/as2_core')])}
[0.000529] (as2_map_server) JobQueued: {'identifier': 'as2_map_server', 'dependencies': OrderedDict([('as2_msgs', '/home/developer/aerostack2_ws/install/as2_msgs'), ('as2_core', '/home/developer/aerostack2_ws/install/as2_core')])}
[0.000546] (as2_motion_reference_handlers) JobQueued: {'identifier': 'as2_motion_reference_handlers', 'dependencies': OrderedDict([('as2_msgs', '/home/developer/aerostack2_ws/install/as2_msgs'), ('as2_core', '/home/developer/aerostack2_ws/install/as2_core')])}
[0.000563] (as2_platform_multirotor_simulator) JobQueued: {'identifier': 'as2_platform_multirotor_simulator', 'dependencies': OrderedDict([('as2_msgs', '/home/developer/aerostack2_ws/install/as2_msgs'), ('as2_core', '/home/developer/aerostack2_ws/install/as2_core')])}
[0.000581] (as2_realsense_interface) JobQueued: {'identifier': 'as2_realsense_interface', 'dependencies': OrderedDict([('as2_msgs', '/home/developer/aerostack2_ws/install/as2_msgs'), ('as2_core', '/home/developer/aerostack2_ws/install/as2_core')])}
[0.000612] (as2_state_estimator) JobQueued: {'identifier': 'as2_state_estimator', 'dependencies': OrderedDict([('as2_msgs', '/home/developer/aerostack2_ws/install/as2_msgs'), ('as2_core', '/home/developer/aerostack2_ws/install/as2_core')])}
[0.000664] (as2_usb_camera_interface) JobQueued: {'identifier': 'as2_usb_camera_interface', 'dependencies': OrderedDict([('as2_msgs', '/home/developer/aerostack2_ws/install/as2_msgs'), ('as2_core', '/home/developer/aerostack2_ws/install/as2_core')])}
[0.000681] (as2_behaviors_motion) JobQueued: {'identifier': 'as2_behaviors_motion', 'dependencies': OrderedDict([('as2_msgs', '/home/developer/aerostack2_ws/install/as2_msgs'), ('as2_core', '/home/developer/aerostack2_ws/install/as2_core'), ('as2_behavior', '/home/developer/aerostack2_ws/install/as2_behavior'), ('as2_motion_reference_handlers', '/home/developer/aerostack2_ws/install/as2_motion_reference_handlers')])}
[0.000701] (as2_behaviors_param_estimation) JobQueued: {'identifier': 'as2_behaviors_param_estimation', 'dependencies': OrderedDict([('as2_msgs', '/home/developer/aerostack2_ws/install/as2_msgs'), ('as2_core', '/home/developer/aerostack2_ws/install/as2_core'), ('as2_behavior', '/home/developer/aerostack2_ws/install/as2_behavior')])}
[0.000719] (as2_behaviors_path_planning) JobQueued: {'identifier': 'as2_behaviors_path_planning', 'dependencies': OrderedDict([('as2_msgs', '/home/developer/aerostack2_ws/install/as2_msgs'), ('as2_core', '/home/developer/aerostack2_ws/install/as2_core'), ('as2_behavior', '/home/developer/aerostack2_ws/install/as2_behavior')])}
[0.000745] (as2_behaviors_payload) JobQueued: {'identifier': 'as2_behaviors_payload', 'dependencies': OrderedDict([('as2_msgs', '/home/developer/aerostack2_ws/install/as2_msgs'), ('as2_core', '/home/developer/aerostack2_ws/install/as2_core'), ('as2_behavior', '/home/developer/aerostack2_ws/install/as2_behavior')])}
[0.000767] (as2_behaviors_perception) JobQueued: {'identifier': 'as2_behaviors_perception', 'dependencies': OrderedDict([('as2_msgs', '/home/developer/aerostack2_ws/install/as2_msgs'), ('as2_core', '/home/developer/aerostack2_ws/install/as2_core'), ('as2_behavior', '/home/developer/aerostack2_ws/install/as2_behavior')])}
[0.000784] (as2_behaviors_platform) JobQueued: {'identifier': 'as2_behaviors_platform', 'dependencies': OrderedDict([('as2_msgs', '/home/developer/aerostack2_ws/install/as2_msgs'), ('as2_core', '/home/developer/aerostack2_ws/install/as2_core'), ('as2_behavior', '/home/developer/aerostack2_ws/install/as2_behavior')])}
[0.000801] (as2_behaviors_swarm_flocking) JobQueued: {'identifier': 'as2_behaviors_swarm_flocking', 'dependencies': OrderedDict([('as2_msgs', '/home/developer/aerostack2_ws/install/as2_msgs'), ('as2_core', '/home/developer/aerostack2_ws/install/as2_core'), ('as2_behavior', '/home/developer/aerostack2_ws/install/as2_behavior'), ('as2_motion_reference_handlers', '/home/developer/aerostack2_ws/install/as2_motion_reference_handlers')])}
[0.000818] (as2_behaviors_trajectory_generation) JobQueued: {'identifier': 'as2_behaviors_trajectory_generation', 'dependencies': OrderedDict([('as2_msgs', '/home/developer/aerostack2_ws/install/as2_msgs'), ('as2_core', '/home/developer/aerostack2_ws/install/as2_core'), ('as2_behavior', '/home/developer/aerostack2_ws/install/as2_behavior'), ('as2_motion_reference_handlers', '/home/developer/aerostack2_ws/install/as2_motion_reference_handlers')])}
[0.000838] (as2_motion_controller) JobQueued: {'identifier': 'as2_motion_controller', 'dependencies': OrderedDict([('as2_msgs', '/home/developer/aerostack2_ws/install/as2_msgs'), ('as2_core', '/home/developer/aerostack2_ws/install/as2_core'), ('as2_motion_reference_handlers', '/home/developer/aerostack2_ws/install/as2_motion_reference_handlers')])}
[0.000855] (as2_platform_gazebo) JobQueued: {'identifier': 'as2_platform_gazebo', 'dependencies': OrderedDict([('as2_msgs', '/home/developer/aerostack2_ws/install/as2_msgs'), ('as2_core', '/home/developer/aerostack2_ws/install/as2_core'), ('as2_gazebo_assets', '/home/developer/aerostack2_ws/install/as2_gazebo_assets')])}
[0.000874] (as2_python_api) JobQueued: {'identifier': 'as2_python_api', 'dependencies': OrderedDict([('as2_msgs', '/home/developer/aerostack2_ws/install/as2_msgs'), ('as2_core', '/home/developer/aerostack2_ws/install/as2_core'), ('as2_motion_reference_handlers', '/home/developer/aerostack2_ws/install/as2_motion_reference_handlers')])}
[0.000931] (as2_rviz_plugins) JobQueued: {'identifier': 'as2_rviz_plugins', 'dependencies': OrderedDict([('as2_msgs', '/home/developer/aerostack2_ws/install/as2_msgs'), ('as2_core', '/home/developer/aerostack2_ws/install/as2_core'), ('as2_motion_reference_handlers', '/home/developer/aerostack2_ws/install/as2_motion_reference_handlers')])}
[0.000951] (as2_visualization) JobQueued: {'identifier': 'as2_visualization', 'dependencies': OrderedDict([('as2_msgs', '/home/developer/aerostack2_ws/install/as2_msgs'), ('as2_core', '/home/developer/aerostack2_ws/install/as2_core'), ('as2_gazebo_assets', '/home/developer/aerostack2_ws/install/as2_gazebo_assets')])}
[0.000971] (as2_keyboard_teleoperation) JobQueued: {'identifier': 'as2_keyboard_teleoperation', 'dependencies': OrderedDict([('as2_msgs', '/home/developer/aerostack2_ws/install/as2_msgs'), ('as2_core', '/home/developer/aerostack2_ws/install/as2_core'), ('as2_motion_reference_handlers', '/home/developer/aerostack2_ws/install/as2_motion_reference_handlers'), ('as2_python_api', '/home/developer/aerostack2_ws/install/as2_python_api')])}
[0.000999] (aerostack2) JobQueued: {'identifier': 'aerostack2', 'dependencies': OrderedDict([('as2_cli', '/home/developer/aerostack2_ws/install/as2_cli'), ('as2_msgs', '/home/developer/aerostack2_ws/install/as2_msgs'), ('as2_core', '/home/developer/aerostack2_ws/install/as2_core'), ('as2_alphanumeric_viewer', '/home/developer/aerostack2_ws/install/as2_alphanumeric_viewer'), ('as2_behavior', '/home/developer/aerostack2_ws/install/as2_behavior'), ('as2_behavior_tree', '/home/developer/aerostack2_ws/install/as2_behavior_tree'), ('as2_external_object_to_tf', '/home/developer/aerostack2_ws/install/as2_external_object_to_tf'), ('as2_gazebo_assets', '/home/developer/aerostack2_ws/install/as2_gazebo_assets'), ('as2_geozones', '/home/developer/aerostack2_ws/install/as2_geozones'), ('as2_map_server', '/home/developer/aerostack2_ws/install/as2_map_server'), ('as2_motion_reference_handlers', '/home/developer/aerostack2_ws/install/as2_motion_reference_handlers'), ('as2_platform_multirotor_simulator', '/home/developer/aerostack2_ws/install/as2_platform_multirotor_simulator'), ('as2_realsense_interface', '/home/developer/aerostack2_ws/install/as2_realsense_interface'), ('as2_state_estimator', '/home/developer/aerostack2_ws/install/as2_state_estimator'), ('as2_usb_camera_interface', '/home/developer/aerostack2_ws/install/as2_usb_camera_interface'), ('as2_behaviors_motion', '/home/developer/aerostack2_ws/install/as2_behaviors_motion'), ('as2_behaviors_path_planning', '/home/developer/aerostack2_ws/install/as2_behaviors_path_planning'), ('as2_behaviors_perception', '/home/developer/aerostack2_ws/install/as2_behaviors_perception'), ('as2_behaviors_platform', '/home/developer/aerostack2_ws/install/as2_behaviors_platform'), ('as2_behaviors_trajectory_generation', '/home/developer/aerostack2_ws/install/as2_behaviors_trajectory_generation'), ('as2_motion_controller', '/home/developer/aerostack2_ws/install/as2_motion_controller'), ('as2_platform_gazebo', '/home/developer/aerostack2_ws/install/as2_platform_gazebo'), ('as2_python_api', '/home/developer/aerostack2_ws/install/as2_python_api'), ('as2_rviz_plugins', '/home/developer/aerostack2_ws/install/as2_rviz_plugins'), ('as2_visualization', '/home/developer/aerostack2_ws/install/as2_visualization'), ('as2_keyboard_teleoperation', '/home/developer/aerostack2_ws/install/as2_keyboard_teleoperation')])}
[0.001036] (as2_msgs) JobStarted: {'identifier': 'as2_msgs'}
[0.005919] (as2_cli) JobStarted: {'identifier': 'as2_cli'}
[0.008123] (as2_msgs) JobProgress: {'identifier': 'as2_msgs', 'progress': 'cmake'}
[0.008343] (as2_msgs) Command: {'cmd': ['/usr/bin/cmake', '/home/developer/aerostack2_ws/src/aerostack2-tcc_lucca/as2_msgs', '-DAMENT_CMAKE_SYMLINK_INSTALL=1', '-DCMAKE_INSTALL_PREFIX=/home/developer/aerostack2_ws/install/as2_msgs'], 'cwd': '/home/developer/aerostack2_ws/build/as2_msgs', 'env': OrderedDict([('GZ_SIM_SYSTEM_PLUGIN_PATH', '/opt/ros/humble/lib'), ('GZ_SIM_RESOURCE_PATH', '/opt/ros/humble/share/as2_gazebo_assets/worlds:/opt/ros/humble/share/as2_gazebo_assets/models'), ('HOSTNAME', 'lead-Predator-PHN16-71'), ('SHLVL', '1'), ('LD_LIBRARY_PATH', '/opt/ros/humble/opt/rviz_ogre_vendor/lib:/opt/ros/humble/lib/x86_64-linux-gnu:/opt/ros/humble/lib'), ('HOME', '/home/developer'), ('ROS_PYTHON_VERSION', '3'), ('ROS_DISTRO', 'humble'), ('_', '/usr/bin/colcon'), ('ROS_VERSION', '2'), ('TERM', 'xterm'), ('ROS_LOCALHOST_ONLY', '0'), ('QT_X11_NO_MITSHM', '1'), ('PATH', '/opt/ros/humble/bin:/usr/local/sbin:/usr/local/bin:/usr/sbin:/usr/bin:/sbin:/bin'), ('DISPLAY', ':1'), ('LANG', 'C.UTF-8'), ('LS_COLORS', 'rs=0:di=01;34:ln=01;36:mh=00:pi=40;33:so=01;35:do=01;35:bd=40;33;01:cd=40;33;01:or=40;31;01:mi=00:su=37;41:sg=30;43:ca=30;41:tw=30;42:ow=34;42:st=37;44:ex=01;32:*.tar=01;31:*.tgz=01;31:*.arc=01;31:*.arj=01;31:*.taz=01;31:*.lha=01;31:*.lz4=01;31:*.lzh=01;31:*.lzma=01;31:*.tlz=01;31:*.txz=01;31:*.tzo=01;31:*.t7z=01;31:*.zip=01;31:*.z=01;31:*.dz=01;31:*.gz=01;31:*.lrz=01;31:*.lz=01;31:*.lzo=01;31:*.xz=01;31:*.zst=01;31:*.tzst=01;31:*.bz2=01;31:*.bz=01;31:*.tbz=01;31:*.tbz2=01;31:*.tz=01;31:*.deb=01;31:*.rpm=01;31:*.jar=01;31:*.war=01;31:*.ear=01;31:*.sar=01;31:*.rar=01;31:*.alz=01;31:*.ace=01;31:*.zoo=01;31:*.cpio=01;31:*.7z=01;31:*.rz=01;31:*.cab=01;31:*.wim=01;31:*.swm=01;31:*.dwm=01;31:*.esd=01;31:*.jpg=01;35:*.jpeg=01;35:*.mjpg=01;35:*.mjpeg=01;35:*.gif=01;35:*.bmp=01;35:*.pbm=01;35:*.pgm=01;35:*.ppm=01;35:*.tga=01;35:*.xbm=01;35:*.xpm=01;35:*.tif=01;35:*.tiff=01;35:*.png=01;35:*.svg=01;35:*.svgz=01;35:*.mng=01;35:*.pcx=01;35:*.mov=01;35:*.mpg=01;35:*.mpeg=01;35:*.m2v=01;35:*.mkv=01;35:*.webm=01;35:*.webp=01;35:*.ogm=01;35:*.mp4=01;35:*.m4v=01;35:*.mp4v=01;35:*.vob=01;35:*.qt=01;35:*.nuv=01;35:*.wmv=01;35:*.asf=01;35:*.rm=01;35:*.rmvb=01;35:*.flc=01;35:*.avi=01;35:*.fli=01;35:*.flv=01;35:*.gl=01;35:*.dl=01;35:*.xcf=01;35:*.xwd=01;35:*.yuv=01;35:*.cgm=01;35:*.emf=01;35:*.ogv=01;35:*.ogx=01;35:*.aac=00;36:*.au=00;36:*.flac=00;36:*.m4a=00;36:*.mid=00;36:*.midi=00;36:*.mka=00;36:*.mp3=00;36:*.mpc=00;36:*.ogg=00;36:*.ra=00;36:*.wav=00;36:*.oga=00;36:*.opus=00;36:*.spx=00;36:*.xspf=00;36:'), ('AMENT_PREFIX_PATH', '/opt/ros/humble'), ('GZ_VERSION', 'fortress'), ('PWD', '/home/developer/aerostack2_ws/build/as2_msgs'), ('LC_ALL', 'C.UTF-8'), ('PYTHONPATH', '/opt/ros/humble/lib/python3.10/site-packages:/opt/ros/humble/local/lib/python3.10/dist-packages'), ('COLCON', '1'), ('CMAKE_PREFIX_PATH', '/opt/ros/humble')]), 'shell': False}
[0.010524] (as2_cli) JobProgress: {'identifier': 'as2_cli', 'progress': 'cmake'}
[0.010938] (as2_cli) Command: {'cmd': ['/usr/bin/cmake', '/home/developer/aerostack2_ws/src/aerostack2-tcc_lucca/as2_cli', '-DAMENT_CMAKE_SYMLINK_INSTALL=1', '-DCMAKE_INSTALL_PREFIX=/home/developer/aerostack2_ws/install/as2_cli'], 'cwd': '/home/developer/aerostack2_ws/build/as2_cli', 'env': OrderedDict([('GZ_SIM_SYSTEM_PLUGIN_PATH', '/opt/ros/humble/lib'), ('GZ_SIM_RESOURCE_PATH', '/opt/ros/humble/share/as2_gazebo_assets/worlds:/opt/ros/humble/share/as2_gazebo_assets/models'), ('HOSTNAME', 'lead-Predator-PHN16-71'), ('SHLVL', '1'), ('LD_LIBRARY_PATH', '/opt/ros/humble/opt/rviz_ogre_vendor/lib:/opt/ros/humble/lib/x86_64-linux-gnu:/opt/ros/humble/lib'), ('HOME', '/home/developer'), ('ROS_PYTHON_VERSION', '3'), ('ROS_DISTRO', 'humble'), ('_', '/usr/bin/colcon'), ('ROS_VERSION', '2'), ('TERM', 'xterm'), ('ROS_LOCALHOST_ONLY', '0'), ('QT_X11_NO_MITSHM', '1'), ('PATH', '/opt/ros/humble/bin:/usr/local/sbin:/usr/local/bin:/usr/sbin:/usr/bin:/sbin:/bin'), ('DISPLAY', ':1'), ('LANG', 'C.UTF-8'), ('LS_COLORS', 'rs=0:di=01;34:ln=01;36:mh=00:pi=40;33:so=01;35:do=01;35:bd=40;33;01:cd=40;33;01:or=40;31;01:mi=00:su=37;41:sg=30;43:ca=30;41:tw=30;42:ow=34;42:st=37;44:ex=01;32:*.tar=01;31:*.tgz=01;31:*.arc=01;31:*.arj=01;31:*.taz=01;31:*.lha=01;31:*.lz4=01;31:*.lzh=01;31:*.lzma=01;31:*.tlz=01;31:*.txz=01;31:*.tzo=01;31:*.t7z=01;31:*.zip=01;31:*.z=01;31:*.dz=01;31:*.gz=01;31:*.lrz=01;31:*.lz=01;31:*.lzo=01;31:*.xz=01;31:*.zst=01;31:*.tzst=01;31:*.bz2=01;31:*.bz=01;31:*.tbz=01;31:*.tbz2=01;31:*.tz=01;31:*.deb=01;31:*.rpm=01;31:*.jar=01;31:*.war=01;31:*.ear=01;31:*.sar=01;31:*.rar=01;31:*.alz=01;31:*.ace=01;31:*.zoo=01;31:*.cpio=01;31:*.7z=01;31:*.rz=01;31:*.cab=01;31:*.wim=01;31:*.swm=01;31:*.dwm=01;31:*.esd=01;31:*.jpg=01;35:*.jpeg=01;35:*.mjpg=01;35:*.mjpeg=01;35:*.gif=01;35:*.bmp=01;35:*.pbm=01;35:*.pgm=01;35:*.ppm=01;35:*.tga=01;35:*.xbm=01;35:*.xpm=01;35:*.tif=01;35:*.tiff=01;35:*.png=01;35:*.svg=01;35:*.svgz=01;35:*.mng=01;35:*.pcx=01;35:*.mov=01;35:*.mpg=01;35:*.mpeg=01;35:*.m2v=01;35:*.mkv=01;35:*.webm=01;35:*.webp=01;35:*.ogm=01;35:*.mp4=01;35:*.m4v=01;35:*.mp4v=01;35:*.vob=01;35:*.qt=01;35:*.nuv=01;35:*.wmv=01;35:*.asf=01;35:*.rm=01;35:*.rmvb=01;35:*.flc=01;35:*.avi=01;35:*.fli=01;35:*.flv=01;35:*.gl=01;35:*.dl=01;35:*.xcf=01;35:*.xwd=01;35:*.yuv=01;35:*.cgm=01;35:*.emf=01;35:*.ogv=01;35:*.ogx=01;35:*.aac=00;36:*.au=00;36:*.flac=00;36:*.m4a=00;36:*.mid=00;36:*.midi=00;36:*.mka=00;36:*.mp3=00;36:*.mpc=00;36:*.ogg=00;36:*.ra=00;36:*.wav=00;36:*.oga=00;36:*.opus=00;36:*.spx=00;36:*.xspf=00;36:'), ('AMENT_PREFIX_PATH', '/opt/ros/humble'), ('GZ_VERSION', 'fortress'), ('PWD', '/home/developer/aerostack2_ws/build/as2_cli'), ('LC_ALL', 'C.UTF-8'), ('PYTHONPATH', '/opt/ros/humble/lib/python3.10/site-packages:/opt/ros/humble/local/lib/python3.10/dist-packages'), ('COLCON', '1'), ('CMAKE_PREFIX_PATH', '/opt/ros/humble')]), 'shell': False}
[0.096459] (as2_msgs) StdoutLine: {'line': b'-- The C compiler identification is GNU 11.4.0\n'}
[0.097406] (as2_cli) StdoutLine: {'line': b'-- The C compiler identification is GNU 11.4.0\n'}
[0.099408] (-) TimerEvent: {}
[0.161457] (as2_msgs) StdoutLine: {'line': b'-- The CXX compiler identification is GNU 11.4.0\n'}
[0.163764] (as2_cli) StdoutLine: {'line': b'-- The CXX compiler identification is GNU 11.4.0\n'}
[0.167331] (as2_msgs) StdoutLine: {'line': b'-- Detecting C compiler ABI info\n'}
[0.167766] (as2_cli) StdoutLine: {'line': b'-- Detecting C compiler ABI info\n'}
[0.199552] (-) TimerEvent: {}
[0.221095] (as2_cli) StdoutLine: {'line': b'-- Detecting C compiler ABI info - done\n'}
[0.224068] (as2_msgs) StdoutLine: {'line': b'-- Detecting C compiler ABI info - done\n'}
[0.224930] (as2_cli) StdoutLine: {'line': b'-- Check for working C compiler: /usr/bin/cc - skipped\n'}
[0.225247] (as2_cli) StdoutLine: {'line': b'-- Detecting C compile features\n'}
[0.225774] (as2_cli) StdoutLine: {'line': b'-- Detecting C compile features - done\n'}
[0.227852] (as2_cli) StdoutLine: {'line': b'-- Detecting CXX compiler ABI info\n'}
[0.229937] (as2_msgs) StdoutLine: {'line': b'-- Check for working C compiler: /usr/bin/cc - skipped\n'}
[0.230094] (as2_msgs) StdoutLine: {'line': b'-- Detecting C compile features\n'}
[0.230344] (as2_msgs) StdoutLine: {'line': b'-- Detecting C compile features - done\n'}
[0.232018] (as2_msgs) StdoutLine: {'line': b'-- Detecting CXX compiler ABI info\n'}
[0.283340] (as2_cli) StdoutLine: {'line': b'-- Detecting CXX compiler ABI info - done\n'}
[0.284053] (as2_msgs) StdoutLine: {'line': b'-- Detecting CXX compiler ABI info - done\n'}
[0.290034] (as2_cli) StdoutLine: {'line': b'-- Check for working CXX compiler: /usr/bin/c++ - skipped\n'}
[0.290105] (as2_cli) StdoutLine: {'line': b'-- Detecting CXX compile features\n'}
[0.290132] (as2_msgs) StdoutLine: {'line': b'-- Check for working CXX compiler: /usr/bin/c++ - skipped\n'}
[0.290157] (as2_msgs) StdoutLine: {'line': b'-- Detecting CXX compile features\n'}
[0.290396] (as2_cli) StdoutLine: {'line': b'-- Detecting CXX compile features - done\n'}
[0.290456] (as2_msgs) StdoutLine: {'line': b'-- Detecting CXX compile features - done\n'}
[0.295031] (as2_cli) StdoutLine: {'line': b'-- Found ament_cmake: 1.3.14 (/opt/ros/humble/share/ament_cmake/cmake)\n'}
[0.295095] (as2_msgs) StdoutLine: {'line': b'-- Found ament_cmake: 1.3.14 (/opt/ros/humble/share/ament_cmake/cmake)\n'}
[0.299674] (-) TimerEvent: {}
[0.395374] (as2_cli) StdoutLine: {'line': b'-- Found Python3: /usr/bin/python3 (found version "3.10.12") found components: Interpreter \n'}
[0.395490] (as2_msgs) StdoutLine: {'line': b'-- Found Python3: /usr/bin/python3 (found version "3.10.12") found components: Interpreter \n'}
[0.399838] (-) TimerEvent: {}
[0.435621] (as2_msgs) StdoutLine: {'line': b'-- Override CMake install command with custom implementation using symlinks instead of copying resources\n'}
[0.435732] (as2_cli) StdoutLine: {'line': b'-- Override CMake install command with custom implementation using symlinks instead of copying resources\n'}
[0.461965] (as2_msgs) StdoutLine: {'line': b'-- Found rosidl_default_generators: 1.2.1 (/opt/ros/humble/share/rosidl_default_generators/cmake)\n'}
[0.466089] (as2_msgs) StdoutLine: {'line': b'-- Using all available rosidl_typesupport_c: rosidl_typesupport_fastrtps_c;rosidl_typesupport_introspection_c\n'}
[0.472405] (as2_msgs) StdoutLine: {'line': b'-- Found rosidl_adapter: 3.1.8 (/opt/ros/humble/share/rosidl_adapter/cmake)\n'}
[0.499760] (as2_cli) StdoutLine: {'line': b'-- Configuring done\n'}
[0.499901] (-) TimerEvent: {}
[0.502369] (as2_cli) StdoutLine: {'line': b'-- Generating done\n'}
[0.502770] (as2_msgs) StdoutLine: {'line': b'-- Using all available rosidl_typesupport_cpp: rosidl_typesupport_fastrtps_cpp;rosidl_typesupport_introspection_cpp\n'}
[0.503619] (as2_cli) StdoutLine: {'line': b'-- Build files have been written to: /home/developer/aerostack2_ws/build/as2_cli\n'}
[0.508051] (as2_cli) CommandEnded: {'returncode': 0}
[0.508343] (as2_cli) JobProgress: {'identifier': 'as2_cli', 'progress': 'build'}
[0.509068] (as2_cli) Command: {'cmd': ['/usr/bin/cmake', '--build', '/home/developer/aerostack2_ws/build/as2_cli', '--', '-j20', '-l20'], 'cwd': '/home/developer/aerostack2_ws/build/as2_cli', 'env': OrderedDict([('GZ_SIM_SYSTEM_PLUGIN_PATH', '/opt/ros/humble/lib'), ('GZ_SIM_RESOURCE_PATH', '/opt/ros/humble/share/as2_gazebo_assets/worlds:/opt/ros/humble/share/as2_gazebo_assets/models'), ('HOSTNAME', 'lead-Predator-PHN16-71'), ('SHLVL', '1'), ('LD_LIBRARY_PATH', '/opt/ros/humble/opt/rviz_ogre_vendor/lib:/opt/ros/humble/lib/x86_64-linux-gnu:/opt/ros/humble/lib'), ('HOME', '/home/developer'), ('ROS_PYTHON_VERSION', '3'), ('ROS_DISTRO', 'humble'), ('_', '/usr/bin/colcon'), ('ROS_VERSION', '2'), ('TERM', 'xterm'), ('ROS_LOCALHOST_ONLY', '0'), ('QT_X11_NO_MITSHM', '1'), ('PATH', '/opt/ros/humble/bin:/usr/local/sbin:/usr/local/bin:/usr/sbin:/usr/bin:/sbin:/bin'), ('DISPLAY', ':1'), ('LANG', 'C.UTF-8'), ('LS_COLORS', 'rs=0:di=01;34:ln=01;36:mh=00:pi=40;33:so=01;35:do=01;35:bd=40;33;01:cd=40;33;01:or=40;31;01:mi=00:su=37;41:sg=30;43:ca=30;41:tw=30;42:ow=34;42:st=37;44:ex=01;32:*.tar=01;31:*.tgz=01;31:*.arc=01;31:*.arj=01;31:*.taz=01;31:*.lha=01;31:*.lz4=01;31:*.lzh=01;31:*.lzma=01;31:*.tlz=01;31:*.txz=01;31:*.tzo=01;31:*.t7z=01;31:*.zip=01;31:*.z=01;31:*.dz=01;31:*.gz=01;31:*.lrz=01;31:*.lz=01;31:*.lzo=01;31:*.xz=01;31:*.zst=01;31:*.tzst=01;31:*.bz2=01;31:*.bz=01;31:*.tbz=01;31:*.tbz2=01;31:*.tz=01;31:*.deb=01;31:*.rpm=01;31:*.jar=01;31:*.war=01;31:*.ear=01;31:*.sar=01;31:*.rar=01;31:*.alz=01;31:*.ace=01;31:*.zoo=01;31:*.cpio=01;31:*.7z=01;31:*.rz=01;31:*.cab=01;31:*.wim=01;31:*.swm=01;31:*.dwm=01;31:*.esd=01;31:*.jpg=01;35:*.jpeg=01;35:*.mjpg=01;35:*.mjpeg=01;35:*.gif=01;35:*.bmp=01;35:*.pbm=01;35:*.pgm=01;35:*.ppm=01;35:*.tga=01;35:*.xbm=01;35:*.xpm=01;35:*.tif=01;35:*.tiff=01;35:*.png=01;35:*.svg=01;35:*.svgz=01;35:*.mng=01;35:*.pcx=01;35:*.mov=01;35:*.mpg=01;35:*.mpeg=01;35:*.m2v=01;35:*.mkv=01;35:*.webm=01;35:*.webp=01;35:*.ogm=01;35:*.mp4=01;35:*.m4v=01;35:*.mp4v=01;35:*.vob=01;35:*.qt=01;35:*.nuv=01;35:*.wmv=01;35:*.asf=01;35:*.rm=01;35:*.rmvb=01;35:*.flc=01;35:*.avi=01;35:*.fli=01;35:*.flv=01;35:*.gl=01;35:*.dl=01;35:*.xcf=01;35:*.xwd=01;35:*.yuv=01;35:*.cgm=01;35:*.emf=01;35:*.ogv=01;35:*.ogx=01;35:*.aac=00;36:*.au=00;36:*.flac=00;36:*.m4a=00;36:*.mid=00;36:*.midi=00;36:*.mka=00;36:*.mp3=00;36:*.mpc=00;36:*.ogg=00;36:*.ra=00;36:*.wav=00;36:*.oga=00;36:*.opus=00;36:*.spx=00;36:*.xspf=00;36:'), ('AMENT_PREFIX_PATH', '/opt/ros/humble'), ('GZ_VERSION', 'fortress'), ('PWD', '/home/developer/aerostack2_ws/build/as2_cli'), ('LC_ALL', 'C.UTF-8'), ('PYTHONPATH', '/opt/ros/humble/lib/python3.10/site-packages:/opt/ros/humble/local/lib/python3.10/dist-packages'), ('COLCON', '1'), ('CMAKE_PREFIX_PATH', '/opt/ros/humble')]), 'shell': False}
[0.534331] (as2_msgs) StdoutLine: {'line': b'-- Found std_msgs: 4.9.1 (/opt/ros/humble/share/std_msgs/cmake)\n'}
[0.538280] (as2_cli) CommandEnded: {'returncode': 0}
[0.539006] (as2_cli) JobProgress: {'identifier': 'as2_cli', 'progress': 'install'}
[0.545766] (as2_cli) Command: {'cmd': ['/usr/bin/cmake', '--install', '/home/developer/aerostack2_ws/build/as2_cli'], 'cwd': '/home/developer/aerostack2_ws/build/as2_cli', 'env': OrderedDict([('GZ_SIM_SYSTEM_PLUGIN_PATH', '/opt/ros/humble/lib'), ('GZ_SIM_RESOURCE_PATH', '/opt/ros/humble/share/as2_gazebo_assets/worlds:/opt/ros/humble/share/as2_gazebo_assets/models'), ('HOSTNAME', 'lead-Predator-PHN16-71'), ('SHLVL', '1'), ('LD_LIBRARY_PATH', '/opt/ros/humble/opt/rviz_ogre_vendor/lib:/opt/ros/humble/lib/x86_64-linux-gnu:/opt/ros/humble/lib'), ('HOME', '/home/developer'), ('ROS_PYTHON_VERSION', '3'), ('ROS_DISTRO', 'humble'), ('_', '/usr/bin/colcon'), ('ROS_VERSION', '2'), ('TERM', 'xterm'), ('ROS_LOCALHOST_ONLY', '0'), ('QT_X11_NO_MITSHM', '1'), ('PATH', '/opt/ros/humble/bin:/usr/local/sbin:/usr/local/bin:/usr/sbin:/usr/bin:/sbin:/bin'), ('DISPLAY', ':1'), ('LANG', 'C.UTF-8'), ('LS_COLORS', 'rs=0:di=01;34:ln=01;36:mh=00:pi=40;33:so=01;35:do=01;35:bd=40;33;01:cd=40;33;01:or=40;31;01:mi=00:su=37;41:sg=30;43:ca=30;41:tw=30;42:ow=34;42:st=37;44:ex=01;32:*.tar=01;31:*.tgz=01;31:*.arc=01;31:*.arj=01;31:*.taz=01;31:*.lha=01;31:*.lz4=01;31:*.lzh=01;31:*.lzma=01;31:*.tlz=01;31:*.txz=01;31:*.tzo=01;31:*.t7z=01;31:*.zip=01;31:*.z=01;31:*.dz=01;31:*.gz=01;31:*.lrz=01;31:*.lz=01;31:*.lzo=01;31:*.xz=01;31:*.zst=01;31:*.tzst=01;31:*.bz2=01;31:*.bz=01;31:*.tbz=01;31:*.tbz2=01;31:*.tz=01;31:*.deb=01;31:*.rpm=01;31:*.jar=01;31:*.war=01;31:*.ear=01;31:*.sar=01;31:*.rar=01;31:*.alz=01;31:*.ace=01;31:*.zoo=01;31:*.cpio=01;31:*.7z=01;31:*.rz=01;31:*.cab=01;31:*.wim=01;31:*.swm=01;31:*.dwm=01;31:*.esd=01;31:*.jpg=01;35:*.jpeg=01;35:*.mjpg=01;35:*.mjpeg=01;35:*.gif=01;35:*.bmp=01;35:*.pbm=01;35:*.pgm=01;35:*.ppm=01;35:*.tga=01;35:*.xbm=01;35:*.xpm=01;35:*.tif=01;35:*.tiff=01;35:*.png=01;35:*.svg=01;35:*.svgz=01;35:*.mng=01;35:*.pcx=01;35:*.mov=01;35:*.mpg=01;35:*.mpeg=01;35:*.m2v=01;35:*.mkv=01;35:*.webm=01;35:*.webp=01;35:*.ogm=01;35:*.mp4=01;35:*.m4v=01;35:*.mp4v=01;35:*.vob=01;35:*.qt=01;35:*.nuv=01;35:*.wmv=01;35:*.asf=01;35:*.rm=01;35:*.rmvb=01;35:*.flc=01;35:*.avi=01;35:*.fli=01;35:*.flv=01;35:*.gl=01;35:*.dl=01;35:*.xcf=01;35:*.xwd=01;35:*.yuv=01;35:*.cgm=01;35:*.emf=01;35:*.ogv=01;35:*.ogx=01;35:*.aac=00;36:*.au=00;36:*.flac=00;36:*.m4a=00;36:*.mid=00;36:*.midi=00;36:*.mka=00;36:*.mp3=00;36:*.mpc=00;36:*.ogg=00;36:*.ra=00;36:*.wav=00;36:*.oga=00;36:*.opus=00;36:*.spx=00;36:*.xspf=00;36:'), ('AMENT_PREFIX_PATH', '/opt/ros/humble'), ('GZ_VERSION', 'fortress'), ('PWD', '/home/developer/aerostack2_ws/build/as2_cli'), ('LC_ALL', 'C.UTF-8'), ('PYTHONPATH', '/opt/ros/humble/lib/python3.10/site-packages:/opt/ros/humble/local/lib/python3.10/dist-packages'), ('COLCON', '1'), ('CMAKE_PREFIX_PATH', '/opt/ros/humble')]), 'shell': False}
[0.549294] (as2_cli) StdoutLine: {'line': b'-- Install configuration: ""\n'}
[0.549445] (as2_cli) StdoutLine: {'line': b'-- Execute custom install script\n'}
[0.549608] (as2_cli) StdoutLine: {'line': b'-- Symlinking: /home/developer/aerostack2_ws/install/as2_cli/share/ament_index/resource_index/package_run_dependencies/as2_cli\n'}
[0.552711] (as2_msgs) StdoutLine: {'line': b'-- Found geometry_msgs: 4.9.1 (/opt/ros/humble/share/geometry_msgs/cmake)\n'}
[0.553745] (as2_cli) StdoutLine: {'line': b'-- Symlinking: /home/developer/aerostack2_ws/install/as2_cli/share/ament_index/resource_index/parent_prefix_path/as2_cli\n'}
[0.557824] (as2_cli) StdoutLine: {'line': b'-- Symlinking: /home/developer/aerostack2_ws/install/as2_cli/share/as2_cli/environment/ament_prefix_path.sh\n'}
[0.562397] (as2_msgs) StdoutLine: {'line': b'-- Found geographic_msgs: 1.0.6 (/opt/ros/humble/share/geographic_msgs/cmake)\n'}
[0.563642] (as2_cli) StdoutLine: {'line': b'-- Symlinking: /home/developer/aerostack2_ws/install/as2_cli/share/as2_cli/environment/ament_prefix_path.dsv\n'}
[0.569691] (as2_cli) StdoutLine: {'line': b'-- Symlinking: /home/developer/aerostack2_ws/install/as2_cli/share/as2_cli/environment/path.sh\n'}
[0.573686] (as2_cli) StdoutLine: {'line': b'-- Symlinking: /home/developer/aerostack2_ws/install/as2_cli/share/as2_cli/environment/path.dsv\n'}
[0.577661] (as2_cli) StdoutLine: {'line': b'-- Symlinking: /home/developer/aerostack2_ws/install/as2_cli/share/as2_cli/local_setup.bash\n'}
[0.581725] (as2_msgs) StdoutLine: {'line': b'-- Found nav_msgs: 4.9.1 (/opt/ros/humble/share/nav_msgs/cmake)\n'}
[0.582933] (as2_cli) StdoutLine: {'line': b'-- Symlinking: /home/developer/aerostack2_ws/install/as2_cli/share/as2_cli/local_setup.sh\n'}
[0.587682] (as2_cli) StdoutLine: {'line': b'-- Symlinking: /home/developer/aerostack2_ws/install/as2_cli/share/as2_cli/local_setup.zsh\n'}
[0.591717] (as2_cli) StdoutLine: {'line': b'-- Symlinking: /home/developer/aerostack2_ws/install/as2_cli/share/as2_cli/local_setup.dsv\n'}
[0.596781] (as2_cli) StdoutLine: {'line': b'-- Symlinking: /home/developer/aerostack2_ws/install/as2_cli/share/as2_cli/package.dsv\n'}
[0.598306] (as2_msgs) StdoutLine: {'line': b'-- Found action_msgs: 1.2.2 (/opt/ros/humble/share/action_msgs/cmake)\n'}
[0.600094] (-) TimerEvent: {}
[0.603075] (as2_cli) StdoutLine: {'line': b'-- Symlinking: /home/developer/aerostack2_ws/install/as2_cli/share/ament_index/resource_index/packages/as2_cli\n'}
[0.608028] (as2_cli) StdoutLine: {'line': b'-- Symlinking: /home/developer/aerostack2_ws/install/as2_cli/share/as2_cli/cmake/as2_cliConfig.cmake\n'}
[0.608562] (as2_msgs) StdoutLine: {'line': b'-- Found sensor_msgs: 4.9.1 (/opt/ros/humble/share/sensor_msgs/cmake)\n'}
[0.614501] (as2_cli) StdoutLine: {'line': b'-- Symlinking: /home/developer/aerostack2_ws/install/as2_cli/share/as2_cli/cmake/as2_cliConfig-version.cmake\n'}
[0.620606] (as2_cli) StdoutLine: {'line': b'-- Symlinking: /home/developer/aerostack2_ws/install/as2_cli/share/as2_cli/package.xml\n'}
[0.625956] (as2_cli) CommandEnded: {'returncode': 0}
[0.640756] (as2_cli) JobEnded: {'identifier': 'as2_cli', 'rc': 0}
[0.700223] (-) TimerEvent: {}
[0.800450] (-) TimerEvent: {}
[0.900761] (-) TimerEvent: {}
[1.001304] (-) TimerEvent: {}
[1.035287] (as2_msgs) StdoutLine: {'line': b'-- Found ament_cmake_ros: 0.10.0 (/opt/ros/humble/share/ament_cmake_ros/cmake)\n'}
[1.101358] (-) TimerEvent: {}
[1.201565] (-) TimerEvent: {}
[1.229958] (as2_msgs) StdoutLine: {'line': b'-- Using all available rosidl_typesupport_c: rosidl_typesupport_fastrtps_c;rosidl_typesupport_introspection_c\n'}
[1.301728] (-) TimerEvent: {}
[1.401993] (-) TimerEvent: {}
[1.470436] (as2_msgs) StdoutLine: {'line': b'-- Using all available rosidl_typesupport_cpp: rosidl_typesupport_fastrtps_cpp;rosidl_typesupport_introspection_cpp\n'}
[1.487135] (as2_msgs) StdoutLine: {'line': b'-- Found PythonInterp: /usr/bin/python3 (found suitable version "3.10.12", minimum required is "3.6") \n'}
[1.488968] (as2_msgs) StdoutLine: {'line': b'-- Found python_cmake_module: 0.10.0 (/opt/ros/humble/share/python_cmake_module/cmake)\n'}
[1.502154] (-) TimerEvent: {}
[1.507071] (as2_msgs) StdoutLine: {'line': b'-- Found PythonLibs: /usr/lib/x86_64-linux-gnu/libpython3.10.so (found suitable version "3.10.12", minimum required is "3.5") \n'}
[1.507171] (as2_msgs) StdoutLine: {'line': b'-- Using PYTHON_EXECUTABLE: /usr/bin/python3\n'}
[1.507200] (as2_msgs) StdoutLine: {'line': b'-- Using PYTHON_INCLUDE_DIRS: /usr/include/python3.10\n'}
[1.507224] (as2_msgs) StdoutLine: {'line': b'-- Using PYTHON_LIBRARIES: /usr/lib/x86_64-linux-gnu/libpython3.10.so\n'}
[1.525982] (as2_msgs) StdoutLine: {'line': b'-- Found PythonExtra: .so  \n'}
[1.602243] (-) TimerEvent: {}
[1.659639] (as2_msgs) StdoutLine: {'line': b'-- Found ament_cmake_lint_cmake: 0.12.15 (/opt/ros/humble/share/ament_cmake_lint_cmake/cmake)\n'}
[1.661908] (as2_msgs) StdoutLine: {'line': b'-- Found ament_cmake_xmllint: 0.12.15 (/opt/ros/humble/share/ament_cmake_xmllint/cmake)\n'}
[1.668098] (as2_msgs) StdoutLine: {'line': b'-- Configuring done\n'}
[1.702317] (-) TimerEvent: {}
[1.737745] (as2_msgs) StdoutLine: {'line': b'-- Generating done\n'}
[1.748479] (as2_msgs) StdoutLine: {'line': b'-- Build files have been written to: /home/developer/aerostack2_ws/build/as2_msgs\n'}
[1.755269] (as2_msgs) CommandEnded: {'returncode': 0}
[1.755681] (as2_msgs) JobProgress: {'identifier': 'as2_msgs', 'progress': 'build'}
[1.756061] (as2_msgs) Command: {'cmd': ['/usr/bin/cmake', '--build', '/home/developer/aerostack2_ws/build/as2_msgs', '--', '-j20', '-l20'], 'cwd': '/home/developer/aerostack2_ws/build/as2_msgs', 'env': OrderedDict([('GZ_SIM_SYSTEM_PLUGIN_PATH', '/opt/ros/humble/lib'), ('GZ_SIM_RESOURCE_PATH', '/opt/ros/humble/share/as2_gazebo_assets/worlds:/opt/ros/humble/share/as2_gazebo_assets/models'), ('HOSTNAME', 'lead-Predator-PHN16-71'), ('SHLVL', '1'), ('LD_LIBRARY_PATH', '/opt/ros/humble/opt/rviz_ogre_vendor/lib:/opt/ros/humble/lib/x86_64-linux-gnu:/opt/ros/humble/lib'), ('HOME', '/home/developer'), ('ROS_PYTHON_VERSION', '3'), ('ROS_DISTRO', 'humble'), ('_', '/usr/bin/colcon'), ('ROS_VERSION', '2'), ('TERM', 'xterm'), ('ROS_LOCALHOST_ONLY', '0'), ('QT_X11_NO_MITSHM', '1'), ('PATH', '/opt/ros/humble/bin:/usr/local/sbin:/usr/local/bin:/usr/sbin:/usr/bin:/sbin:/bin'), ('DISPLAY', ':1'), ('LANG', 'C.UTF-8'), ('LS_COLORS', 'rs=0:di=01;34:ln=01;36:mh=00:pi=40;33:so=01;35:do=01;35:bd=40;33;01:cd=40;33;01:or=40;31;01:mi=00:su=37;41:sg=30;43:ca=30;41:tw=30;42:ow=34;42:st=37;44:ex=01;32:*.tar=01;31:*.tgz=01;31:*.arc=01;31:*.arj=01;31:*.taz=01;31:*.lha=01;31:*.lz4=01;31:*.lzh=01;31:*.lzma=01;31:*.tlz=01;31:*.txz=01;31:*.tzo=01;31:*.t7z=01;31:*.zip=01;31:*.z=01;31:*.dz=01;31:*.gz=01;31:*.lrz=01;31:*.lz=01;31:*.lzo=01;31:*.xz=01;31:*.zst=01;31:*.tzst=01;31:*.bz2=01;31:*.bz=01;31:*.tbz=01;31:*.tbz2=01;31:*.tz=01;31:*.deb=01;31:*.rpm=01;31:*.jar=01;31:*.war=01;31:*.ear=01;31:*.sar=01;31:*.rar=01;31:*.alz=01;31:*.ace=01;31:*.zoo=01;31:*.cpio=01;31:*.7z=01;31:*.rz=01;31:*.cab=01;31:*.wim=01;31:*.swm=01;31:*.dwm=01;31:*.esd=01;31:*.jpg=01;35:*.jpeg=01;35:*.mjpg=01;35:*.mjpeg=01;35:*.gif=01;35:*.bmp=01;35:*.pbm=01;35:*.pgm=01;35:*.ppm=01;35:*.tga=01;35:*.xbm=01;35:*.xpm=01;35:*.tif=01;35:*.tiff=01;35:*.png=01;35:*.svg=01;35:*.svgz=01;35:*.mng=01;35:*.pcx=01;35:*.mov=01;35:*.mpg=01;35:*.mpeg=01;35:*.m2v=01;35:*.mkv=01;35:*.webm=01;35:*.webp=01;35:*.ogm=01;35:*.mp4=01;35:*.m4v=01;35:*.mp4v=01;35:*.vob=01;35:*.qt=01;35:*.nuv=01;35:*.wmv=01;35:*.asf=01;35:*.rm=01;35:*.rmvb=01;35:*.flc=01;35:*.avi=01;35:*.fli=01;35:*.flv=01;35:*.gl=01;35:*.dl=01;35:*.xcf=01;35:*.xwd=01;35:*.yuv=01;35:*.cgm=01;35:*.emf=01;35:*.ogv=01;35:*.ogx=01;35:*.aac=00;36:*.au=00;36:*.flac=00;36:*.m4a=00;36:*.mid=00;36:*.midi=00;36:*.mka=00;36:*.mp3=00;36:*.mpc=00;36:*.ogg=00;36:*.ra=00;36:*.wav=00;36:*.oga=00;36:*.opus=00;36:*.spx=00;36:*.xspf=00;36:'), ('AMENT_PREFIX_PATH', '/opt/ros/humble'), ('GZ_VERSION', 'fortress'), ('PWD', '/home/developer/aerostack2_ws/build/as2_msgs'), ('LC_ALL', 'C.UTF-8'), ('PYTHONPATH', '/opt/ros/humble/lib/python3.10/site-packages:/opt/ros/humble/local/lib/python3.10/dist-packages'), ('COLCON', '1'), ('CMAKE_PREFIX_PATH', '/opt/ros/humble')]), 'shell': False}
[1.802427] (-) TimerEvent: {}
[1.809417] (as2_msgs) StdoutLine: {'line': b'[  0%] \x1b[34m\x1b[1mGenerating C code for ROS interfaces\x1b[0m\n'}
[1.816381] (as2_msgs) StdoutLine: {'line': b'[  1%] \x1b[34m\x1b[1mGenerating Rust code for ROS interfaces\x1b[0m\n'}
[1.819453] (as2_msgs) StdoutLine: {'line': b'[  1%] Built target ament_cmake_python_symlink_as2_msgs\n'}
[1.819727] (as2_msgs) StdoutLine: {'line': b'[  1%] \x1b[34m\x1b[1mGenerating C++ code for ROS interfaces\x1b[0m\n'}
[1.902509] (-) TimerEvent: {}
[1.937379] (as2_msgs) StdoutLine: {'line': b'running egg_info\n'}
[1.937719] (as2_msgs) StdoutLine: {'line': b'creating as2_msgs.egg-info\n'}
[1.937850] (as2_msgs) StdoutLine: {'line': b'writing as2_msgs.egg-info/PKG-INFO\n'}
[1.937945] (as2_msgs) StdoutLine: {'line': b'writing dependency_links to as2_msgs.egg-info/dependency_links.txt\n'}
[1.938006] (as2_msgs) StdoutLine: {'line': b'writing top-level names to as2_msgs.egg-info/top_level.txt\n'}
[1.938179] (as2_msgs) StdoutLine: {'line': b"writing manifest file 'as2_msgs.egg-info/SOURCES.txt'\n"}
[1.939838] (as2_msgs) StdoutLine: {'line': b"reading manifest file 'as2_msgs.egg-info/SOURCES.txt'\n"}
[1.939955] (as2_msgs) StdoutLine: {'line': b"writing manifest file 'as2_msgs.egg-info/SOURCES.txt'\n"}
[1.956888] (as2_msgs) StdoutLine: {'line': b'[  1%] Built target ament_cmake_python_build_as2_msgs_egg\n'}
[2.002686] (-) TimerEvent: {}
[2.103019] (-) TimerEvent: {}
[2.203265] (-) TimerEvent: {}
[2.303598] (-) TimerEvent: {}
[2.403922] (-) TimerEvent: {}
[2.504367] (-) TimerEvent: {}
[2.604594] (-) TimerEvent: {}
[2.704930] (-) TimerEvent: {}
[2.805262] (-) TimerEvent: {}
[2.905518] (-) TimerEvent: {}
[3.005850] (-) TimerEvent: {}
[3.106187] (-) TimerEvent: {}
[3.206439] (-) TimerEvent: {}
[3.307008] (-) TimerEvent: {}
[3.407247] (-) TimerEvent: {}
[3.507508] (-) TimerEvent: {}
[3.607804] (-) TimerEvent: {}
[3.708146] (-) TimerEvent: {}
[3.808361] (-) TimerEvent: {}
[3.842562] (as2_msgs) StdoutLine: {'line': b'[  1%] Built target as2_msgs__rs\n'}
[3.908574] (-) TimerEvent: {}
[4.008904] (-) TimerEvent: {}
[4.109222] (-) TimerEvent: {}
[4.209493] (-) TimerEvent: {}
[4.309821] (-) TimerEvent: {}
[4.410091] (-) TimerEvent: {}
[4.510412] (-) TimerEvent: {}
[4.610716] (-) TimerEvent: {}
[4.711047] (-) TimerEvent: {}
[4.811372] (-) TimerEvent: {}
[4.911593] (-) TimerEvent: {}
[5.011860] (-) TimerEvent: {}
[5.112139] (-) TimerEvent: {}
[5.212335] (-) TimerEvent: {}
[5.312547] (-) TimerEvent: {}
[5.412847] (-) TimerEvent: {}
[5.513126] (-) TimerEvent: {}
[5.613311] (-) TimerEvent: {}
[5.713501] (-) TimerEvent: {}
[5.813787] (-) TimerEvent: {}
[5.914061] (-) TimerEvent: {}
[6.014316] (-) TimerEvent: {}
[6.113553] (as2_msgs) StdoutLine: {'line': b'[  2%] \x1b[32mBuilding C object CMakeFiles/as2_msgs__rosidl_generator_c.dir/rosidl_generator_c/as2_msgs/msg/detail/acro__functions.c.o\x1b[0m\n'}
[6.113732] (as2_msgs) StdoutLine: {'line': b'[  2%] \x1b[32mBuilding C object CMakeFiles/as2_msgs__rosidl_generator_c.dir/rosidl_generator_c/as2_msgs/msg/detail/alert_event__functions.c.o\x1b[0m\n'}
[6.114383] (-) TimerEvent: {}
[6.116523] (as2_msgs) StdoutLine: {'line': b'[  2%] \x1b[32mBuilding C object CMakeFiles/as2_msgs__rosidl_generator_c.dir/rosidl_generator_c/as2_msgs/msg/detail/behavior_status__functions.c.o\x1b[0m\n'}
[6.116678] (as2_msgs) StdoutLine: {'line': b'[  2%] \x1b[32mBuilding C object CMakeFiles/as2_msgs__rosidl_generator_c.dir/rosidl_generator_c/as2_msgs/msg/detail/control_mode__functions.c.o\x1b[0m\n'}
[6.117867] (as2_msgs) StdoutLine: {'line': b'[  2%] \x1b[32mBuilding C object CMakeFiles/as2_msgs__rosidl_generator_c.dir/rosidl_generator_c/as2_msgs/msg/detail/controller_info__functions.c.o\x1b[0m\n'}
[6.118276] (as2_msgs) StdoutLine: {'line': b'[  2%] \x1b[32mBuilding C object CMakeFiles/as2_msgs__rosidl_generator_c.dir/rosidl_generator_c/as2_msgs/msg/detail/follow_target_info__functions.c.o\x1b[0m\n'}
[6.118406] (as2_msgs) StdoutLine: {'line': b'[  3%] \x1b[32mBuilding C object CMakeFiles/as2_msgs__rosidl_generator_c.dir/rosidl_generator_c/as2_msgs/msg/detail/geozone__functions.c.o\x1b[0m\n'}
[6.120245] (as2_msgs) StdoutLine: {'line': b'[  3%] \x1b[32mBuilding C object CMakeFiles/as2_msgs__rosidl_generator_c.dir/rosidl_generator_c/as2_msgs/msg/detail/gimbal_control__functions.c.o\x1b[0m\n'}
[6.120654] (as2_msgs) StdoutLine: {'line': b'[  3%] \x1b[32mBuilding C object CMakeFiles/as2_msgs__rosidl_generator_c.dir/rosidl_generator_c/as2_msgs/msg/detail/mission_event__functions.c.o\x1b[0m\n'}
[6.121035] (as2_msgs) StdoutLine: {'line': b'[  3%] \x1b[32mBuilding C object CMakeFiles/as2_msgs__rosidl_generator_c.dir/rosidl_generator_c/as2_msgs/msg/detail/mission_update__functions.c.o\x1b[0m\n'}
[6.122366] (as2_msgs) StdoutLine: {'line': b'[  3%] \x1b[32mBuilding C object CMakeFiles/as2_msgs__rosidl_generator_c.dir/rosidl_generator_c/as2_msgs/msg/detail/node_status__functions.c.o\x1b[0m\n'}
[6.123647] (as2_msgs) StdoutLine: {'line': b'[  4%] \x1b[32mBuilding C object CMakeFiles/as2_msgs__rosidl_generator_c.dir/rosidl_generator_c/as2_msgs/msg/detail/platform_state_machine_event__functions.c.o\x1b[0m\n'}
[6.123768] (as2_msgs) StdoutLine: {'line': b'[  4%] \x1b[32mBuilding C object CMakeFiles/as2_msgs__rosidl_generator_c.dir/rosidl_generator_c/as2_msgs/msg/detail/platform_info__functions.c.o\x1b[0m\n'}
[6.125467] (as2_msgs) StdoutLine: {'line': b'[  4%] \x1b[32mBuilding C object CMakeFiles/as2_msgs__rosidl_generator_c.dir/rosidl_generator_c/as2_msgs/msg/detail/platform_status__functions.c.o\x1b[0m\n'}
[6.133431] (as2_msgs) StdoutLine: {'line': b'[  4%] \x1b[32mBuilding C object CMakeFiles/as2_msgs__rosidl_generator_c.dir/rosidl_generator_c/as2_msgs/msg/detail/polygon_list__functions.c.o\x1b[0m\n'}
[6.134007] (as2_msgs) StdoutLine: {'line': b'[  4%] \x1b[32mBuilding C object CMakeFiles/as2_msgs__rosidl_generator_c.dir/rosidl_generator_c/as2_msgs/msg/detail/pose_stamped_with_id__functions.c.o\x1b[0m\n'}
[6.140727] (as2_msgs) StdoutLine: {'line': b'[  5%] \x1b[32mBuilding C object CMakeFiles/as2_msgs__rosidl_generator_c.dir/rosidl_generator_c/as2_msgs/msg/detail/pose_stamped_with_id_array__functions.c.o\x1b[0m\n'}
[6.146176] (as2_msgs) StdoutLine: {'line': b'[  5%] \x1b[32mBuilding C object CMakeFiles/as2_msgs__rosidl_generator_c.dir/rosidl_generator_c/as2_msgs/msg/detail/pose_with_id__functions.c.o\x1b[0m\n'}
[6.156021] (as2_msgs) StdoutLine: {'line': b'[  5%] \x1b[32mBuilding C object CMakeFiles/as2_msgs__rosidl_generator_c.dir/rosidl_generator_c/as2_msgs/msg/detail/pose_with_id_array__functions.c.o\x1b[0m\n'}
[6.169085] (as2_msgs) StdoutLine: {'line': b'[  5%] \x1b[32mBuilding C object CMakeFiles/as2_msgs__rosidl_generator_c.dir/rosidl_generator_c/as2_msgs/msg/detail/speed__functions.c.o\x1b[0m\n'}
[6.169960] (as2_msgs) StdoutLine: {'line': b'[  6%] \x1b[32mBuilding C object CMakeFiles/as2_msgs__rosidl_generator_c.dir/rosidl_generator_c/as2_msgs/msg/detail/thrust__functions.c.o\x1b[0m\n'}
[6.170115] (as2_msgs) StdoutLine: {'line': b'[  6%] \x1b[32mBuilding C object CMakeFiles/as2_msgs__rosidl_generator_c.dir/rosidl_generator_c/as2_msgs/msg/detail/traj_gen_info__functions.c.o\x1b[0m\n'}
[6.170900] (as2_msgs) StdoutLine: {'line': b'[  6%] \x1b[32mBuilding C object CMakeFiles/as2_msgs__rosidl_generator_c.dir/rosidl_generator_c/as2_msgs/msg/detail/trajectory_setpoints__functions.c.o\x1b[0m\n'}
[6.171018] (as2_msgs) StdoutLine: {'line': b'[  6%] \x1b[32mBuilding C object CMakeFiles/as2_msgs__rosidl_generator_c.dir/rosidl_generator_c/as2_msgs/msg/detail/yaw_mode__functions.c.o\x1b[0m\n'}
[6.171378] (as2_msgs) StdoutLine: {'line': b'[  6%] \x1b[32mBuilding C object CMakeFiles/as2_msgs__rosidl_generator_c.dir/rosidl_generator_c/as2_msgs/msg/detail/trajectory_point__functions.c.o\x1b[0m\n'}
[6.173148] (as2_msgs) StdoutLine: {'line': b'[  7%] \x1b[32mBuilding C object CMakeFiles/as2_msgs__rosidl_generator_c.dir/rosidl_generator_c/as2_msgs/srv/detail/add_static_transform__functions.c.o\x1b[0m\n'}
[6.173740] (as2_msgs) StdoutLine: {'line': b'[  7%] \x1b[32mBuilding C object CMakeFiles/as2_msgs__rosidl_generator_c.dir/rosidl_generator_c/as2_msgs/srv/detail/add_static_transform_gps__functions.c.o\x1b[0m\n'}
[6.176179] (as2_msgs) StdoutLine: {'line': b'[  7%] \x1b[32mBuilding C object CMakeFiles/as2_msgs__rosidl_generator_c.dir/rosidl_generator_c/as2_msgs/msg/detail/u_int16_multi_array_stamped__functions.c.o\x1b[0m\n'}
[6.180405] (as2_msgs) StdoutLine: {'line': b'[  7%] \x1b[32mBuilding C object CMakeFiles/as2_msgs__rosidl_generator_c.dir/rosidl_generator_c/as2_msgs/srv/detail/dynamic_follower__functions.c.o\x1b[0m\n'}
[6.184170] (as2_msgs) StdoutLine: {'line': b'[  7%] \x1b[32mBuilding C object CMakeFiles/as2_msgs__rosidl_generator_c.dir/rosidl_generator_c/as2_msgs/srv/detail/dynamic_land__functions.c.o\x1b[0m\n'}
[6.184338] (as2_msgs) StdoutLine: {'line': b'[  7%] \x1b[32mBuilding C object CMakeFiles/as2_msgs__rosidl_generator_c.dir/rosidl_generator_c/as2_msgs/srv/detail/geopath_to_path__functions.c.o\x1b[0m\n'}
[6.186463] (as2_msgs) StdoutLine: {'line': b'[  8%] \x1b[32mBuilding C object CMakeFiles/as2_msgs__rosidl_generator_c.dir/rosidl_generator_c/as2_msgs/srv/detail/get_geozone__functions.c.o\x1b[0m\n'}
[6.187650] (as2_msgs) StdoutLine: {'line': b'[  8%] \x1b[32mBuilding C object CMakeFiles/as2_msgs__rosidl_generator_c.dir/rosidl_generator_c/as2_msgs/srv/detail/get_origin__functions.c.o\x1b[0m\n'}
[6.201507] (as2_msgs) StdoutLine: {'line': b'[  8%] \x1b[32mBuilding C object CMakeFiles/as2_msgs__rosidl_generator_c.dir/rosidl_generator_c/as2_msgs/srv/detail/modify_swarm__functions.c.o\x1b[0m\n'}
[6.201669] (as2_msgs) StdoutLine: {'line': b'[  8%] \x1b[32mBuilding C object CMakeFiles/as2_msgs__rosidl_generator_c.dir/rosidl_generator_c/as2_msgs/srv/detail/package_pick_up__functions.c.o\x1b[0m\n'}
[6.202270] (as2_msgs) StdoutLine: {'line': b'[  8%] \x1b[32mBuilding C object CMakeFiles/as2_msgs__rosidl_generator_c.dir/rosidl_generator_c/as2_msgs/srv/detail/list_control_modes__functions.c.o\x1b[0m\n'}
[6.211107] (as2_msgs) StdoutLine: {'line': b'[  8%] \x1b[32mBuilding C object CMakeFiles/as2_msgs__rosidl_generator_c.dir/rosidl_generator_c/as2_msgs/srv/detail/path_to_geopath__functions.c.o\x1b[0m\n'}
[6.211327] (as2_msgs) StdoutLine: {'line': b'[  8%] \x1b[32mBuilding C object CMakeFiles/as2_msgs__rosidl_generator_c.dir/rosidl_generator_c/as2_msgs/srv/detail/set_control_mode__functions.c.o\x1b[0m\n'}
[6.211771] (as2_msgs) StdoutLine: {'line': b'[  9%] \x1b[32mBuilding C object CMakeFiles/as2_msgs__rosidl_generator_c.dir/rosidl_generator_c/as2_msgs/srv/detail/package_un_pick__functions.c.o\x1b[0m\n'}
[6.215384] (-) TimerEvent: {}
[6.216154] (as2_msgs) StdoutLine: {'line': b'[  9%] \x1b[32mBuilding C object CMakeFiles/as2_msgs__rosidl_generator_c.dir/rosidl_generator_c/as2_msgs/srv/detail/set_geozone__functions.c.o\x1b[0m\n'}
[6.225746] (as2_msgs) StdoutLine: {'line': b'[  9%] \x1b[32mBuilding C object CMakeFiles/as2_msgs__rosidl_generator_c.dir/rosidl_generator_c/as2_msgs/srv/detail/set_origin__functions.c.o\x1b[0m\n'}
[6.229003] (as2_msgs) StdoutLine: {'line': b'[ 10%] \x1b[32mBuilding C object CMakeFiles/as2_msgs__rosidl_generator_c.dir/rosidl_generator_c/as2_msgs/srv/detail/set_platform_state_machine_event__functions.c.o\x1b[0m\n'}
[6.234975] (as2_msgs) StdoutLine: {'line': b'[ 10%] \x1b[32mBuilding C object CMakeFiles/as2_msgs__rosidl_generator_c.dir/rosidl_generator_c/as2_msgs/srv/detail/set_speed__functions.c.o\x1b[0m\n'}
[6.237080] (as2_msgs) StdoutLine: {'line': b'[ 10%] \x1b[32mBuilding C object CMakeFiles/as2_msgs__rosidl_generator_c.dir/rosidl_generator_c/as2_msgs/action/detail/detect_aruco_markers__functions.c.o\x1b[0m\n'}
[6.237532] (as2_msgs) StdoutLine: {'line': b'[ 10%] \x1b[32mBuilding C object CMakeFiles/as2_msgs__rosidl_generator_c.dir/rosidl_generator_c/as2_msgs/action/detail/follow_path__functions.c.o\x1b[0m\n'}
[6.239133] (as2_msgs) StdoutLine: {'line': b'[ 10%] \x1b[32mBuilding C object CMakeFiles/as2_msgs__rosidl_generator_c.dir/rosidl_generator_c/as2_msgs/action/detail/follow_reference__functions.c.o\x1b[0m\n'}
[6.247141] (as2_msgs) StdoutLine: {'line': b'[ 11%] \x1b[32mBuilding C object CMakeFiles/as2_msgs__rosidl_generator_c.dir/rosidl_generator_c/as2_msgs/action/detail/force_estimation__functions.c.o\x1b[0m\n'}
[6.249614] (as2_msgs) StdoutLine: {'line': b'[ 11%] \x1b[32mBuilding C object CMakeFiles/as2_msgs__rosidl_generator_c.dir/rosidl_generator_c/as2_msgs/action/detail/generate_polynomial_trajectory__functions.c.o\x1b[0m\n'}
[6.250035] (as2_msgs) StdoutLine: {'line': b'[ 11%] \x1b[32mBuilding C object CMakeFiles/as2_msgs__rosidl_generator_c.dir/rosidl_generator_c/as2_msgs/action/detail/gripper_handler__functions.c.o\x1b[0m\n'}
[6.252156] (as2_msgs) StdoutLine: {'line': b'[ 11%] \x1b[32mBuilding C object CMakeFiles/as2_msgs__rosidl_generator_c.dir/rosidl_generator_c/as2_msgs/action/detail/go_to_waypoint__functions.c.o\x1b[0m\n'}
[6.253609] (as2_msgs) StdoutLine: {'line': b'[ 11%] \x1b[32mBuilding C object CMakeFiles/as2_msgs__rosidl_generator_c.dir/rosidl_generator_c/as2_msgs/action/detail/land__functions.c.o\x1b[0m\n'}
[6.258205] (as2_msgs) StdoutLine: {'line': b'[ 12%] \x1b[32mBuilding C object CMakeFiles/as2_msgs__rosidl_generator_c.dir/rosidl_generator_c/as2_msgs/action/detail/mass_estimation__functions.c.o\x1b[0m\n'}
[6.258366] (as2_msgs) StdoutLine: {'line': b'[ 12%] \x1b[32mBuilding C object CMakeFiles/as2_msgs__rosidl_generator_c.dir/rosidl_generator_c/as2_msgs/action/detail/point_gimbal__functions.c.o\x1b[0m\n'}
[6.258468] (as2_msgs) StdoutLine: {'line': b'[ 12%] \x1b[32mBuilding C object CMakeFiles/as2_msgs__rosidl_generator_c.dir/rosidl_generator_c/as2_msgs/action/detail/navigate_to_point__functions.c.o\x1b[0m\n'}
[6.259104] (as2_msgs) StdoutLine: {'line': b'[ 12%] Built target as2_msgs__cpp\n'}
[6.262099] (as2_msgs) StdoutLine: {'line': b'[ 12%] \x1b[32mBuilding C object CMakeFiles/as2_msgs__rosidl_generator_c.dir/rosidl_generator_c/as2_msgs/action/detail/precision_landing__functions.c.o\x1b[0m\n'}
[6.267125] (as2_msgs) StdoutLine: {'line': b'[ 13%] \x1b[32mBuilding C object CMakeFiles/as2_msgs__rosidl_generator_c.dir/rosidl_generator_c/as2_msgs/action/detail/set_offboard_mode__functions.c.o\x1b[0m\n'}
[6.267293] (as2_msgs) StdoutLine: {'line': b'[ 13%] \x1b[32mBuilding C object CMakeFiles/as2_msgs__rosidl_generator_c.dir/rosidl_generator_c/as2_msgs/action/detail/set_arming_state__functions.c.o\x1b[0m\n'}
[6.271206] (as2_msgs) StdoutLine: {'line': b'[ 13%] \x1b[34m\x1b[1mGenerating C++ type support for eProsima Fast-RTPS\x1b[0m\n'}
[6.275228] (as2_msgs) StdoutLine: {'line': b'[ 13%] \x1b[34m\x1b[1mGenerating C++ type support dispatch for ROS interfaces\x1b[0m\n'}
[6.279236] (as2_msgs) StdoutLine: {'line': b'[ 13%] \x1b[34m\x1b[1mGenerating C++ introspection for ROS interfaces\x1b[0m\n'}
[6.282633] (as2_msgs) StdoutLine: {'line': b'[ 13%] \x1b[32mBuilding C object CMakeFiles/as2_msgs__rosidl_generator_c.dir/rosidl_generator_c/as2_msgs/action/detail/swarm_flocking__functions.c.o\x1b[0m\n'}
[6.286177] (as2_msgs) StdoutLine: {'line': b'[ 13%] \x1b[32mBuilding C object CMakeFiles/as2_msgs__rosidl_generator_c.dir/rosidl_generator_c/as2_msgs/action/detail/takeoff__functions.c.o\x1b[0m\n'}
[6.315483] (-) TimerEvent: {}
[6.400289] (as2_msgs) StdoutLine: {'line': b'[ 13%] \x1b[32m\x1b[1mLinking C shared library libas2_msgs__rosidl_generator_c.so\x1b[0m\n'}
[6.415591] (-) TimerEvent: {}
[6.449715] (as2_msgs) StdoutLine: {'line': b'[ 13%] Built target as2_msgs__rosidl_generator_c\n'}
[6.461354] (as2_msgs) StdoutLine: {'line': b'[ 16%] \x1b[34m\x1b[1mGenerating C introspection for ROS interfaces\x1b[0m\n'}
[6.461471] (as2_msgs) StdoutLine: {'line': b'[ 16%] \x1b[34m\x1b[1mGenerating C type support for eProsima Fast-RTPS\x1b[0m\n'}
[6.461503] (as2_msgs) StdoutLine: {'line': b'[ 16%] \x1b[34m\x1b[1mGenerating C type support dispatch for ROS interfaces\x1b[0m\n'}
[6.515692] (-) TimerEvent: {}
[6.616003] (-) TimerEvent: {}
[6.716249] (-) TimerEvent: {}
[6.816487] (-) TimerEvent: {}
[6.916840] (-) TimerEvent: {}
[7.017079] (-) TimerEvent: {}
[7.117320] (-) TimerEvent: {}
[7.217602] (-) TimerEvent: {}
[7.318092] (-) TimerEvent: {}
[7.418485] (-) TimerEvent: {}
[7.518844] (-) TimerEvent: {}
[7.619223] (-) TimerEvent: {}
[7.719456] (-) TimerEvent: {}
[7.819835] (-) TimerEvent: {}
[7.920118] (-) TimerEvent: {}
[8.020352] (-) TimerEvent: {}
[8.120627] (-) TimerEvent: {}
[8.220981] (-) TimerEvent: {}
[8.321207] (-) TimerEvent: {}
[8.421520] (-) TimerEvent: {}
[8.521760] (-) TimerEvent: {}
[8.622098] (-) TimerEvent: {}
[8.722340] (-) TimerEvent: {}
[8.822705] (-) TimerEvent: {}
[8.922982] (-) TimerEvent: {}
[9.023225] (-) TimerEvent: {}
[9.083070] (as2_msgs) StdoutLine: {'line': b'[ 16%] \x1b[32mBuilding CXX object CMakeFiles/as2_msgs__rosidl_typesupport_cpp.dir/rosidl_typesupport_cpp/as2_msgs/msg/controller_info__type_support.cpp.o\x1b[0m\n'}
[9.083307] (as2_msgs) StdoutLine: {'line': b'[ 16%] \x1b[32mBuilding CXX object CMakeFiles/as2_msgs__rosidl_typesupport_cpp.dir/rosidl_typesupport_cpp/as2_msgs/msg/gimbal_control__type_support.cpp.o\x1b[0m\n'}
[9.083389] (as2_msgs) StdoutLine: {'line': b'[ 17%] \x1b[32mBuilding CXX object CMakeFiles/as2_msgs__rosidl_typesupport_cpp.dir/rosidl_typesupport_cpp/as2_msgs/msg/geozone__type_support.cpp.o\x1b[0m\n'}
[9.083459] (as2_msgs) StdoutLine: {'line': b'[ 17%] \x1b[32mBuilding CXX object CMakeFiles/as2_msgs__rosidl_typesupport_cpp.dir/rosidl_typesupport_cpp/as2_msgs/msg/behavior_status__type_support.cpp.o\x1b[0m\n'}
[9.083524] (as2_msgs) StdoutLine: {'line': b'[ 17%] \x1b[32mBuilding CXX object CMakeFiles/as2_msgs__rosidl_typesupport_cpp.dir/rosidl_typesupport_cpp/as2_msgs/msg/control_mode__type_support.cpp.o\x1b[0m\n'}
[9.083587] (as2_msgs) StdoutLine: {'line': b'[ 17%] \x1b[32mBuilding CXX object CMakeFiles/as2_msgs__rosidl_typesupport_cpp.dir/rosidl_typesupport_cpp/as2_msgs/msg/acro__type_support.cpp.o\x1b[0m\n'}
[9.083653] (as2_msgs) StdoutLine: {'line': b'[ 18%] \x1b[32mBuilding CXX object CMakeFiles/as2_msgs__rosidl_typesupport_cpp.dir/rosidl_typesupport_cpp/as2_msgs/msg/alert_event__type_support.cpp.o\x1b[0m\n'}
[9.083715] (as2_msgs) StdoutLine: {'line': b'[ 18%] \x1b[32mBuilding CXX object CMakeFiles/as2_msgs__rosidl_typesupport_cpp.dir/rosidl_typesupport_cpp/as2_msgs/msg/mission_update__type_support.cpp.o\x1b[0m\n'}
[9.083934] (as2_msgs) StdoutLine: {'line': b'[ 18%] \x1b[32mBuilding CXX object CMakeFiles/as2_msgs__rosidl_typesupport_cpp.dir/rosidl_typesupport_cpp/as2_msgs/msg/node_status__type_support.cpp.o\x1b[0m\n'}
[9.084040] (as2_msgs) StdoutLine: {'line': b'[ 18%] \x1b[32mBuilding CXX object CMakeFiles/as2_msgs__rosidl_typesupport_cpp.dir/rosidl_typesupport_cpp/as2_msgs/msg/mission_event__type_support.cpp.o\x1b[0m\n'}
[9.084712] (as2_msgs) StdoutLine: {'line': b'[ 19%] \x1b[32mBuilding CXX object CMakeFiles/as2_msgs__rosidl_typesupport_cpp.dir/rosidl_typesupport_cpp/as2_msgs/msg/platform_info__type_support.cpp.o\x1b[0m\n'}
[9.085577] (as2_msgs) StdoutLine: {'line': b'[ 19%] \x1b[32mBuilding CXX object CMakeFiles/as2_msgs__rosidl_typesupport_cpp.dir/rosidl_typesupport_cpp/as2_msgs/msg/platform_status__type_support.cpp.o\x1b[0m\n'}
[9.085746] (as2_msgs) StdoutLine: {'line': b'[ 19%] \x1b[32mBuilding CXX object CMakeFiles/as2_msgs__rosidl_typesupport_cpp.dir/rosidl_typesupport_cpp/as2_msgs/msg/follow_target_info__type_support.cpp.o\x1b[0m\n'}
[9.087083] (as2_msgs) StdoutLine: {'line': b'[ 19%] \x1b[32mBuilding CXX object CMakeFiles/as2_msgs__rosidl_typesupport_cpp.dir/rosidl_typesupport_cpp/as2_msgs/msg/platform_state_machine_event__type_support.cpp.o\x1b[0m\n'}
[9.090081] (as2_msgs) StdoutLine: {'line': b'[ 19%] \x1b[32mBuilding CXX object CMakeFiles/as2_msgs__rosidl_typesupport_cpp.dir/rosidl_typesupport_cpp/as2_msgs/msg/polygon_list__type_support.cpp.o\x1b[0m\n'}
[9.123307] (-) TimerEvent: {}
[9.224113] (-) TimerEvent: {}
[9.324392] (-) TimerEvent: {}
[9.334180] (as2_msgs) StdoutLine: {'line': b'[ 19%] \x1b[32mBuilding CXX object CMakeFiles/as2_msgs__rosidl_typesupport_cpp.dir/rosidl_typesupport_cpp/as2_msgs/msg/pose_stamped_with_id__type_support.cpp.o\x1b[0m\n'}
[9.335920] (as2_msgs) StdoutLine: {'line': b'[ 20%] \x1b[32mBuilding CXX object CMakeFiles/as2_msgs__rosidl_typesupport_cpp.dir/rosidl_typesupport_cpp/as2_msgs/msg/pose_stamped_with_id_array__type_support.cpp.o\x1b[0m\n'}
[9.342595] (as2_msgs) StdoutLine: {'line': b'[ 20%] \x1b[32mBuilding CXX object CMakeFiles/as2_msgs__rosidl_typesupport_cpp.dir/rosidl_typesupport_cpp/as2_msgs/msg/pose_with_id__type_support.cpp.o\x1b[0m\n'}
[9.343670] (as2_msgs) StdoutLine: {'line': b'[ 20%] \x1b[32mBuilding CXX object CMakeFiles/as2_msgs__rosidl_typesupport_cpp.dir/rosidl_typesupport_cpp/as2_msgs/msg/pose_with_id_array__type_support.cpp.o\x1b[0m\n'}
[9.343908] (as2_msgs) StdoutLine: {'line': b'[ 20%] \x1b[32mBuilding CXX object CMakeFiles/as2_msgs__rosidl_typesupport_cpp.dir/rosidl_typesupport_cpp/as2_msgs/msg/speed__type_support.cpp.o\x1b[0m\n'}
[9.355145] (as2_msgs) StdoutLine: {'line': b'[ 20%] \x1b[32mBuilding CXX object CMakeFiles/as2_msgs__rosidl_typesupport_cpp.dir/rosidl_typesupport_cpp/as2_msgs/msg/thrust__type_support.cpp.o\x1b[0m\n'}
[9.364130] (as2_msgs) StdoutLine: {'line': b'[ 21%] \x1b[32mBuilding CXX object CMakeFiles/as2_msgs__rosidl_typesupport_cpp.dir/rosidl_typesupport_cpp/as2_msgs/msg/trajectory_point__type_support.cpp.o\x1b[0m\n'}
[9.364327] (as2_msgs) StdoutLine: {'line': b'[ 21%] \x1b[32mBuilding CXX object CMakeFiles/as2_msgs__rosidl_typesupport_cpp.dir/rosidl_typesupport_cpp/as2_msgs/msg/traj_gen_info__type_support.cpp.o\x1b[0m\n'}
[9.364404] (as2_msgs) StdoutLine: {'line': b'[ 21%] \x1b[32mBuilding CXX object CMakeFiles/as2_msgs__rosidl_typesupport_cpp.dir/rosidl_typesupport_cpp/as2_msgs/msg/trajectory_setpoints__type_support.cpp.o\x1b[0m\n'}
[9.366285] (as2_msgs) StdoutLine: {'line': b'[ 21%] \x1b[32mBuilding CXX object CMakeFiles/as2_msgs__rosidl_typesupport_cpp.dir/rosidl_typesupport_cpp/as2_msgs/msg/u_int16_multi_array_stamped__type_support.cpp.o\x1b[0m\n'}
[9.366744] (as2_msgs) StdoutLine: {'line': b'[ 21%] \x1b[32mBuilding CXX object CMakeFiles/as2_msgs__rosidl_typesupport_cpp.dir/rosidl_typesupport_cpp/as2_msgs/msg/yaw_mode__type_support.cpp.o\x1b[0m\n'}
[9.374191] (as2_msgs) StdoutLine: {'line': b'[ 22%] \x1b[32mBuilding CXX object CMakeFiles/as2_msgs__rosidl_typesupport_cpp.dir/rosidl_typesupport_cpp/as2_msgs/srv/add_static_transform_gps__type_support.cpp.o\x1b[0m\n'}
[9.374372] (as2_msgs) StdoutLine: {'line': b'[ 22%] \x1b[32mBuilding CXX object CMakeFiles/as2_msgs__rosidl_typesupport_cpp.dir/rosidl_typesupport_cpp/as2_msgs/srv/add_static_transform__type_support.cpp.o\x1b[0m\n'}
[9.383163] (as2_msgs) StdoutLine: {'line': b'[ 22%] \x1b[32mBuilding CXX object CMakeFiles/as2_msgs__rosidl_typesupport_cpp.dir/rosidl_typesupport_cpp/as2_msgs/srv/dynamic_follower__type_support.cpp.o\x1b[0m\n'}
[9.389862] (as2_msgs) StdoutLine: {'line': b'[ 22%] \x1b[32mBuilding CXX object CMakeFiles/as2_msgs__rosidl_typesupport_cpp.dir/rosidl_typesupport_cpp/as2_msgs/srv/dynamic_land__type_support.cpp.o\x1b[0m\n'}
[9.424479] (-) TimerEvent: {}
[9.524726] (-) TimerEvent: {}
[9.568659] (as2_msgs) StdoutLine: {'line': b'[ 22%] \x1b[32mBuilding CXX object CMakeFiles/as2_msgs__rosidl_typesupport_cpp.dir/rosidl_typesupport_cpp/as2_msgs/srv/geopath_to_path__type_support.cpp.o\x1b[0m\n'}
[9.571104] (as2_msgs) StdoutLine: {'line': b'[ 23%] \x1b[32mBuilding CXX object CMakeFiles/as2_msgs__rosidl_typesupport_cpp.dir/rosidl_typesupport_cpp/as2_msgs/srv/get_origin__type_support.cpp.o\x1b[0m\n'}
[9.571288] (as2_msgs) StdoutLine: {'line': b'[ 23%] \x1b[32mBuilding CXX object CMakeFiles/as2_msgs__rosidl_typesupport_cpp.dir/rosidl_typesupport_cpp/as2_msgs/srv/get_geozone__type_support.cpp.o\x1b[0m\n'}
[9.575294] (as2_msgs) StdoutLine: {'line': b'[ 23%] \x1b[32mBuilding CXX object CMakeFiles/as2_msgs__rosidl_typesupport_c.dir/rosidl_typesupport_c/as2_msgs/msg/acro__type_support.cpp.o\x1b[0m\n'}
[9.576803] (as2_msgs) StdoutLine: {'line': b'[ 23%] \x1b[32mBuilding CXX object CMakeFiles/as2_msgs__rosidl_typesupport_c.dir/rosidl_typesupport_c/as2_msgs/msg/alert_event__type_support.cpp.o\x1b[0m\n'}
[9.585182] (as2_msgs) StdoutLine: {'line': b'[ 23%] \x1b[32mBuilding CXX object CMakeFiles/as2_msgs__rosidl_typesupport_c.dir/rosidl_typesupport_c/as2_msgs/msg/behavior_status__type_support.cpp.o\x1b[0m\n'}
[9.585346] (as2_msgs) StdoutLine: {'line': b'[ 23%] \x1b[32mBuilding CXX object CMakeFiles/as2_msgs__rosidl_typesupport_cpp.dir/rosidl_typesupport_cpp/as2_msgs/srv/list_control_modes__type_support.cpp.o\x1b[0m\n'}
[9.594317] (as2_msgs) StdoutLine: {'line': b'[ 23%] \x1b[32mBuilding CXX object CMakeFiles/as2_msgs__rosidl_typesupport_c.dir/rosidl_typesupport_c/as2_msgs/msg/control_mode__type_support.cpp.o\x1b[0m\n'}
[9.602090] (as2_msgs) StdoutLine: {'line': b'[ 23%] \x1b[32mBuilding CXX object CMakeFiles/as2_msgs__rosidl_typesupport_cpp.dir/rosidl_typesupport_cpp/as2_msgs/srv/modify_swarm__type_support.cpp.o\x1b[0m\n'}
[9.604173] (as2_msgs) StdoutLine: {'line': b'[ 24%] \x1b[32mBuilding CXX object CMakeFiles/as2_msgs__rosidl_typesupport_c.dir/rosidl_typesupport_c/as2_msgs/msg/controller_info__type_support.cpp.o\x1b[0m\n'}
[9.604428] (as2_msgs) StdoutLine: {'line': b'[ 24%] \x1b[32mBuilding CXX object CMakeFiles/as2_msgs__rosidl_typesupport_c.dir/rosidl_typesupport_c/as2_msgs/msg/follow_target_info__type_support.cpp.o\x1b[0m\n'}
[9.608026] (as2_msgs) StdoutLine: {'line': b'[ 24%] \x1b[32mBuilding CXX object CMakeFiles/as2_msgs__rosidl_typesupport_cpp.dir/rosidl_typesupport_cpp/as2_msgs/srv/package_pick_up__type_support.cpp.o\x1b[0m\n'}
[9.619588] (as2_msgs) StdoutLine: {'line': b'[ 25%] \x1b[32mBuilding CXX object CMakeFiles/as2_msgs__rosidl_typesupport_cpp.dir/rosidl_typesupport_cpp/as2_msgs/srv/package_un_pick__type_support.cpp.o\x1b[0m\n'}
[9.624830] (-) TimerEvent: {}
[9.625118] (as2_msgs) StdoutLine: {'line': b'[ 25%] \x1b[32mBuilding CXX object CMakeFiles/as2_msgs__rosidl_typesupport_c.dir/rosidl_typesupport_c/as2_msgs/msg/geozone__type_support.cpp.o\x1b[0m\n'}
[9.630488] (as2_msgs) StdoutLine: {'line': b'[ 25%] \x1b[32mBuilding CXX object CMakeFiles/as2_msgs__rosidl_typesupport_c.dir/rosidl_typesupport_c/as2_msgs/msg/gimbal_control__type_support.cpp.o\x1b[0m\n'}
[9.630691] (as2_msgs) StdoutLine: {'line': b'[ 25%] \x1b[32mBuilding CXX object CMakeFiles/as2_msgs__rosidl_typesupport_c.dir/rosidl_typesupport_c/as2_msgs/msg/mission_event__type_support.cpp.o\x1b[0m\n'}
[9.635368] (as2_msgs) StdoutLine: {'line': b'[ 26%] \x1b[32mBuilding CXX object CMakeFiles/as2_msgs__rosidl_typesupport_c.dir/rosidl_typesupport_c/as2_msgs/msg/mission_update__type_support.cpp.o\x1b[0m\n'}
[9.641969] (as2_msgs) StdoutLine: {'line': b'[ 26%] \x1b[32mBuilding CXX object CMakeFiles/as2_msgs__rosidl_typesupport_c.dir/rosidl_typesupport_c/as2_msgs/msg/node_status__type_support.cpp.o\x1b[0m\n'}
[9.645161] (as2_msgs) StdoutLine: {'line': b'[ 26%] \x1b[32mBuilding CXX object CMakeFiles/as2_msgs__rosidl_typesupport_c.dir/rosidl_typesupport_c/as2_msgs/msg/platform_info__type_support.cpp.o\x1b[0m\n'}
[9.647877] (as2_msgs) StdoutLine: {'line': b'[ 26%] \x1b[32mBuilding CXX object CMakeFiles/as2_msgs__rosidl_typesupport_cpp.dir/rosidl_typesupport_cpp/as2_msgs/srv/path_to_geopath__type_support.cpp.o\x1b[0m\n'}
[9.648458] (as2_msgs) StdoutLine: {'line': b'[ 26%] \x1b[32mBuilding CXX object CMakeFiles/as2_msgs__rosidl_typesupport_cpp.dir/rosidl_typesupport_cpp/as2_msgs/srv/set_control_mode__type_support.cpp.o\x1b[0m\n'}
[9.654662] (as2_msgs) StdoutLine: {'line': b'[ 26%] \x1b[32mBuilding CXX object CMakeFiles/as2_msgs__rosidl_typesupport_cpp.dir/rosidl_typesupport_cpp/as2_msgs/srv/set_geozone__type_support.cpp.o\x1b[0m\n'}
[9.656048] (as2_msgs) StdoutLine: {'line': b'[ 26%] \x1b[32mBuilding CXX object CMakeFiles/as2_msgs__rosidl_typesupport_c.dir/rosidl_typesupport_c/as2_msgs/msg/platform_state_machine_event__type_support.cpp.o\x1b[0m\n'}
[9.663186] (as2_msgs) StdoutLine: {'line': b'[ 26%] \x1b[32mBuilding CXX object CMakeFiles/as2_msgs__rosidl_typesupport_c.dir/rosidl_typesupport_c/as2_msgs/msg/platform_status__type_support.cpp.o\x1b[0m\n'}
[9.664502] (as2_msgs) StdoutLine: {'line': b'[ 26%] \x1b[32mBuilding CXX object CMakeFiles/as2_msgs__rosidl_typesupport_cpp.dir/rosidl_typesupport_cpp/as2_msgs/srv/set_origin__type_support.cpp.o\x1b[0m\n'}
[9.664828] (as2_msgs) StdoutLine: {'line': b'[ 27%] \x1b[32mBuilding CXX object CMakeFiles/as2_msgs__rosidl_typesupport_cpp.dir/rosidl_typesupport_cpp/as2_msgs/srv/set_platform_state_machine_event__type_support.cpp.o\x1b[0m\n'}
[9.668128] (as2_msgs) StdoutLine: {'line': b'[ 28%] \x1b[32mBuilding CXX object CMakeFiles/as2_msgs__rosidl_typesupport_c.dir/rosidl_typesupport_c/as2_msgs/msg/polygon_list__type_support.cpp.o\x1b[0m\n'}
[9.674706] (as2_msgs) StdoutLine: {'line': b'[ 28%] \x1b[32mBuilding CXX object CMakeFiles/as2_msgs__rosidl_typesupport_c.dir/rosidl_typesupport_c/as2_msgs/msg/pose_stamped_with_id__type_support.cpp.o\x1b[0m\n'}
[9.684192] (as2_msgs) StdoutLine: {'line': b'[ 28%] \x1b[32mBuilding CXX object CMakeFiles/as2_msgs__rosidl_typesupport_cpp.dir/rosidl_typesupport_cpp/as2_msgs/srv/set_speed__type_support.cpp.o\x1b[0m\n'}
[9.696809] (as2_msgs) StdoutLine: {'line': b'[ 28%] \x1b[32mBuilding CXX object CMakeFiles/as2_msgs__rosidl_typesupport_cpp.dir/rosidl_typesupport_cpp/as2_msgs/action/detect_aruco_markers__type_support.cpp.o\x1b[0m\n'}
[9.700135] (as2_msgs) StdoutLine: {'line': b'[ 28%] \x1b[32mBuilding CXX object CMakeFiles/as2_msgs__rosidl_typesupport_cpp.dir/rosidl_typesupport_cpp/as2_msgs/action/follow_path__type_support.cpp.o\x1b[0m\n'}
[9.704861] (as2_msgs) StdoutLine: {'line': b'[ 28%] \x1b[32mBuilding CXX object CMakeFiles/as2_msgs__rosidl_typesupport_c.dir/rosidl_typesupport_c/as2_msgs/msg/pose_stamped_with_id_array__type_support.cpp.o\x1b[0m\n'}
[9.724917] (-) TimerEvent: {}
[9.733229] (as2_msgs) StdoutLine: {'line': b'[ 28%] \x1b[32mBuilding CXX object CMakeFiles/as2_msgs__rosidl_typesupport_c.dir/rosidl_typesupport_c/as2_msgs/msg/pose_with_id__type_support.cpp.o\x1b[0m\n'}
[9.762478] (as2_msgs) StdoutLine: {'line': b'[ 28%] \x1b[32mBuilding CXX object CMakeFiles/as2_msgs__rosidl_typesupport_c.dir/rosidl_typesupport_c/as2_msgs/msg/pose_with_id_array__type_support.cpp.o\x1b[0m\n'}
[9.796165] (as2_msgs) StdoutLine: {'line': b'[ 29%] \x1b[32mBuilding CXX object CMakeFiles/as2_msgs__rosidl_typesupport_c.dir/rosidl_typesupport_c/as2_msgs/msg/speed__type_support.cpp.o\x1b[0m\n'}
[9.803149] (as2_msgs) StdoutLine: {'line': b'[ 29%] \x1b[32mBuilding CXX object CMakeFiles/as2_msgs__rosidl_typesupport_c.dir/rosidl_typesupport_c/as2_msgs/msg/thrust__type_support.cpp.o\x1b[0m\n'}
[9.803346] (as2_msgs) StdoutLine: {'line': b'[ 29%] \x1b[32mBuilding CXX object CMakeFiles/as2_msgs__rosidl_typesupport_c.dir/rosidl_typesupport_c/as2_msgs/msg/traj_gen_info__type_support.cpp.o\x1b[0m\n'}
[9.823331] (as2_msgs) StdoutLine: {'line': b'[ 29%] \x1b[32mBuilding CXX object CMakeFiles/as2_msgs__rosidl_typesupport_c.dir/rosidl_typesupport_c/as2_msgs/msg/trajectory_point__type_support.cpp.o\x1b[0m\n'}
[9.825005] (-) TimerEvent: {}
[9.829191] (as2_msgs) StdoutLine: {'line': b'[ 29%] \x1b[32mBuilding CXX object CMakeFiles/as2_msgs__rosidl_typesupport_cpp.dir/rosidl_typesupport_cpp/as2_msgs/action/follow_reference__type_support.cpp.o\x1b[0m\n'}
[9.831638] (as2_msgs) StdoutLine: {'line': b'[ 29%] \x1b[32mBuilding CXX object CMakeFiles/as2_msgs__rosidl_typesupport_c.dir/rosidl_typesupport_c/as2_msgs/msg/trajectory_setpoints__type_support.cpp.o\x1b[0m\n'}
[9.833050] (as2_msgs) StdoutLine: {'line': b'[ 30%] \x1b[32mBuilding CXX object CMakeFiles/as2_msgs__rosidl_typesupport_c.dir/rosidl_typesupport_c/as2_msgs/msg/u_int16_multi_array_stamped__type_support.cpp.o\x1b[0m\n'}
[9.841160] (as2_msgs) StdoutLine: {'line': b'[ 31%] \x1b[32mBuilding CXX object CMakeFiles/as2_msgs__rosidl_typesupport_cpp.dir/rosidl_typesupport_cpp/as2_msgs/action/force_estimation__type_support.cpp.o\x1b[0m\n'}
[9.843374] (as2_msgs) StdoutLine: {'line': b'[ 31%] \x1b[32mBuilding CXX object CMakeFiles/as2_msgs__rosidl_typesupport_c.dir/rosidl_typesupport_c/as2_msgs/msg/yaw_mode__type_support.cpp.o\x1b[0m\n'}
[9.850306] (as2_msgs) StdoutLine: {'line': b'[ 31%] \x1b[32mBuilding CXX object CMakeFiles/as2_msgs__rosidl_typesupport_c.dir/rosidl_typesupport_c/as2_msgs/srv/add_static_transform__type_support.cpp.o\x1b[0m\n'}
[9.854854] (as2_msgs) StdoutLine: {'line': b'[ 31%] \x1b[32mBuilding CXX object CMakeFiles/as2_msgs__rosidl_typesupport_c.dir/rosidl_typesupport_c/as2_msgs/srv/add_static_transform_gps__type_support.cpp.o\x1b[0m\n'}
[9.858182] (as2_msgs) StdoutLine: {'line': b'[ 31%] \x1b[32mBuilding CXX object CMakeFiles/as2_msgs__rosidl_typesupport_c.dir/rosidl_typesupport_c/as2_msgs/srv/dynamic_follower__type_support.cpp.o\x1b[0m\n'}
[9.858360] (as2_msgs) StdoutLine: {'line': b'[ 32%] \x1b[32mBuilding CXX object CMakeFiles/as2_msgs__rosidl_typesupport_cpp.dir/rosidl_typesupport_cpp/as2_msgs/action/generate_polynomial_trajectory__type_support.cpp.o\x1b[0m\n'}
[9.858445] (as2_msgs) StdoutLine: {'line': b'[ 32%] \x1b[32mBuilding CXX object CMakeFiles/as2_msgs__rosidl_typesupport_c.dir/rosidl_typesupport_c/as2_msgs/srv/dynamic_land__type_support.cpp.o\x1b[0m\n'}
[9.868962] (as2_msgs) StdoutLine: {'line': b'[ 32%] \x1b[32mBuilding CXX object CMakeFiles/as2_msgs__rosidl_typesupport_cpp.dir/rosidl_typesupport_cpp/as2_msgs/action/go_to_waypoint__type_support.cpp.o\x1b[0m\n'}
[9.877479] (as2_msgs) StdoutLine: {'line': b'[ 32%] \x1b[32mBuilding CXX object CMakeFiles/as2_msgs__rosidl_typesupport_cpp.dir/rosidl_typesupport_cpp/as2_msgs/action/gripper_handler__type_support.cpp.o\x1b[0m\n'}
[9.880017] (as2_msgs) StdoutLine: {'line': b'[ 32%] \x1b[32mBuilding CXX object CMakeFiles/as2_msgs__rosidl_typesupport_cpp.dir/rosidl_typesupport_cpp/as2_msgs/action/land__type_support.cpp.o\x1b[0m\n'}
[9.883311] (as2_msgs) StdoutLine: {'line': b'[ 33%] \x1b[32mBuilding CXX object CMakeFiles/as2_msgs__rosidl_typesupport_c.dir/rosidl_typesupport_c/as2_msgs/srv/geopath_to_path__type_support.cpp.o\x1b[0m\n'}
[9.883523] (as2_msgs) StdoutLine: {'line': b'[ 33%] \x1b[32mBuilding CXX object CMakeFiles/as2_msgs__rosidl_typesupport_cpp.dir/rosidl_typesupport_cpp/as2_msgs/action/mass_estimation__type_support.cpp.o\x1b[0m\n'}
[9.883626] (as2_msgs) StdoutLine: {'line': b'[ 33%] \x1b[32mBuilding CXX object CMakeFiles/as2_msgs__rosidl_typesupport_c.dir/rosidl_typesupport_c/as2_msgs/srv/get_geozone__type_support.cpp.o\x1b[0m\n'}
[9.884267] (as2_msgs) StdoutLine: {'line': b'[ 33%] \x1b[32mBuilding CXX object CMakeFiles/as2_msgs__rosidl_typesupport_cpp.dir/rosidl_typesupport_cpp/as2_msgs/action/navigate_to_point__type_support.cpp.o\x1b[0m\n'}
[9.896116] (as2_msgs) StdoutLine: {'line': b'[ 33%] \x1b[32mBuilding CXX object CMakeFiles/as2_msgs__rosidl_typesupport_cpp.dir/rosidl_typesupport_cpp/as2_msgs/action/point_gimbal__type_support.cpp.o\x1b[0m\n'}
[9.910161] (as2_msgs) StdoutLine: {'line': b'[ 33%] \x1b[32mBuilding CXX object CMakeFiles/as2_msgs__rosidl_typesupport_cpp.dir/rosidl_typesupport_cpp/as2_msgs/action/precision_landing__type_support.cpp.o\x1b[0m\n'}
[9.923260] (as2_msgs) StdoutLine: {'line': b'[ 33%] \x1b[32mBuilding CXX object CMakeFiles/as2_msgs__rosidl_typesupport_c.dir/rosidl_typesupport_c/as2_msgs/srv/get_origin__type_support.cpp.o\x1b[0m\n'}
[9.925116] (-) TimerEvent: {}
[9.927141] (as2_msgs) StdoutLine: {'line': b'[ 33%] \x1b[32mBuilding CXX object CMakeFiles/as2_msgs__rosidl_typesupport_c.dir/rosidl_typesupport_c/as2_msgs/srv/list_control_modes__type_support.cpp.o\x1b[0m\n'}
[9.964102] (as2_msgs) StdoutLine: {'line': b'[ 33%] \x1b[32mBuilding CXX object CMakeFiles/as2_msgs__rosidl_typesupport_cpp.dir/rosidl_typesupport_cpp/as2_msgs/action/set_arming_state__type_support.cpp.o\x1b[0m\n'}
[9.966092] (as2_msgs) StdoutLine: {'line': b'[ 34%] \x1b[32mBuilding CXX object CMakeFiles/as2_msgs__rosidl_typesupport_c.dir/rosidl_typesupport_c/as2_msgs/srv/modify_swarm__type_support.cpp.o\x1b[0m\n'}
[9.966256] (as2_msgs) StdoutLine: {'line': b'[ 34%] \x1b[32mBuilding CXX object CMakeFiles/as2_msgs__rosidl_typesupport_c.dir/rosidl_typesupport_c/as2_msgs/srv/package_pick_up__type_support.cpp.o\x1b[0m\n'}
[9.978152] (as2_msgs) StdoutLine: {'line': b'[ 35%] \x1b[32mBuilding CXX object CMakeFiles/as2_msgs__rosidl_typesupport_cpp.dir/rosidl_typesupport_cpp/as2_msgs/action/set_offboard_mode__type_support.cpp.o\x1b[0m\n'}
[9.995291] (as2_msgs) StdoutLine: {'line': b'[ 35%] \x1b[32mBuilding CXX object CMakeFiles/as2_msgs__rosidl_typesupport_cpp.dir/rosidl_typesupport_cpp/as2_msgs/action/swarm_flocking__type_support.cpp.o\x1b[0m\n'}
[10.022966] (as2_msgs) StdoutLine: {'line': b'[ 35%] \x1b[32mBuilding CXX object CMakeFiles/as2_msgs__rosidl_typesupport_c.dir/rosidl_typesupport_c/as2_msgs/srv/package_un_pick__type_support.cpp.o\x1b[0m\n'}
[10.025220] (-) TimerEvent: {}
[10.050819] (as2_msgs) StdoutLine: {'line': b'[ 35%] \x1b[32mBuilding CXX object CMakeFiles/as2_msgs__rosidl_typesupport_c.dir/rosidl_typesupport_c/as2_msgs/srv/path_to_geopath__type_support.cpp.o\x1b[0m\n'}
[10.082291] (as2_msgs) StdoutLine: {'line': b'[ 35%] \x1b[32mBuilding CXX object CMakeFiles/as2_msgs__rosidl_typesupport_c.dir/rosidl_typesupport_c/as2_msgs/srv/set_control_mode__type_support.cpp.o\x1b[0m\n'}
[10.111438] (as2_msgs) StdoutLine: {'line': b'[ 36%] \x1b[32mBuilding CXX object CMakeFiles/as2_msgs__rosidl_typesupport_c.dir/rosidl_typesupport_c/as2_msgs/srv/set_geozone__type_support.cpp.o\x1b[0m\n'}
[10.125326] (-) TimerEvent: {}
[10.141735] (as2_msgs) StdoutLine: {'line': b'[ 36%] \x1b[32mBuilding CXX object CMakeFiles/as2_msgs__rosidl_typesupport_c.dir/rosidl_typesupport_c/as2_msgs/srv/set_origin__type_support.cpp.o\x1b[0m\n'}
[10.170588] (as2_msgs) StdoutLine: {'line': b'[ 36%] \x1b[32mBuilding CXX object CMakeFiles/as2_msgs__rosidl_typesupport_c.dir/rosidl_typesupport_c/as2_msgs/srv/set_platform_state_machine_event__type_support.cpp.o\x1b[0m\n'}
[10.179844] (as2_msgs) StdoutLine: {'line': b'[ 36%] \x1b[32mBuilding CXX object CMakeFiles/as2_msgs__rosidl_typesupport_cpp.dir/rosidl_typesupport_cpp/as2_msgs/action/takeoff__type_support.cpp.o\x1b[0m\n'}
[10.183407] (as2_msgs) StdoutLine: {'line': b'[ 36%] \x1b[32mBuilding CXX object CMakeFiles/as2_msgs__rosidl_typesupport_c.dir/rosidl_typesupport_c/as2_msgs/srv/set_speed__type_support.cpp.o\x1b[0m\n'}
[10.204728] (as2_msgs) StdoutLine: {'line': b'[ 36%] \x1b[32mBuilding CXX object CMakeFiles/as2_msgs__rosidl_typesupport_c.dir/rosidl_typesupport_c/as2_msgs/action/detect_aruco_markers__type_support.cpp.o\x1b[0m\n'}
[10.220128] (as2_msgs) StdoutLine: {'line': b'[ 37%] \x1b[32mBuilding CXX object CMakeFiles/as2_msgs__rosidl_typesupport_c.dir/rosidl_typesupport_c/as2_msgs/action/follow_path__type_support.cpp.o\x1b[0m\n'}
[10.226127] (-) TimerEvent: {}
[10.263148] (as2_msgs) StdoutLine: {'line': b'[ 37%] \x1b[32mBuilding CXX object CMakeFiles/as2_msgs__rosidl_typesupport_c.dir/rosidl_typesupport_c/as2_msgs/action/follow_reference__type_support.cpp.o\x1b[0m\n'}
[10.266156] (as2_msgs) StdoutLine: {'line': b'[ 37%] \x1b[32mBuilding CXX object CMakeFiles/as2_msgs__rosidl_typesupport_c.dir/rosidl_typesupport_c/as2_msgs/action/force_estimation__type_support.cpp.o\x1b[0m\n'}
[10.272662] (as2_msgs) StdoutLine: {'line': b'[ 37%] \x1b[32mBuilding CXX object CMakeFiles/as2_msgs__rosidl_typesupport_c.dir/rosidl_typesupport_c/as2_msgs/action/generate_polynomial_trajectory__type_support.cpp.o\x1b[0m\n'}
[10.273892] (as2_msgs) StdoutLine: {'line': b'[ 38%] \x1b[32mBuilding CXX object CMakeFiles/as2_msgs__rosidl_typesupport_c.dir/rosidl_typesupport_c/as2_msgs/action/go_to_waypoint__type_support.cpp.o\x1b[0m\n'}
[10.274091] (as2_msgs) StdoutLine: {'line': b'[ 38%] \x1b[32mBuilding CXX object CMakeFiles/as2_msgs__rosidl_typesupport_c.dir/rosidl_typesupport_c/as2_msgs/action/gripper_handler__type_support.cpp.o\x1b[0m\n'}
[10.291833] (as2_msgs) StdoutLine: {'line': b'[ 38%] \x1b[32mBuilding CXX object CMakeFiles/as2_msgs__rosidl_typesupport_c.dir/rosidl_typesupport_c/as2_msgs/action/mass_estimation__type_support.cpp.o\x1b[0m\n'}
[10.292040] (as2_msgs) StdoutLine: {'line': b'[ 38%] \x1b[32mBuilding CXX object CMakeFiles/as2_msgs__rosidl_typesupport_c.dir/rosidl_typesupport_c/as2_msgs/action/land__type_support.cpp.o\x1b[0m\n'}
[10.313622] (as2_msgs) StdoutLine: {'line': b'[ 38%] \x1b[32mBuilding CXX object CMakeFiles/as2_msgs__rosidl_typesupport_c.dir/rosidl_typesupport_c/as2_msgs/action/navigate_to_point__type_support.cpp.o\x1b[0m\n'}
[10.313825] (as2_msgs) StdoutLine: {'line': b'[ 39%] \x1b[32mBuilding CXX object CMakeFiles/as2_msgs__rosidl_typesupport_c.dir/rosidl_typesupport_c/as2_msgs/action/precision_landing__type_support.cpp.o\x1b[0m\n'}
[10.316728] (as2_msgs) StdoutLine: {'line': b'[ 39%] \x1b[32mBuilding CXX object CMakeFiles/as2_msgs__rosidl_typesupport_c.dir/rosidl_typesupport_c/as2_msgs/action/point_gimbal__type_support.cpp.o\x1b[0m\n'}
[10.317375] (as2_msgs) StdoutLine: {'line': b'[ 39%] \x1b[32mBuilding CXX object CMakeFiles/as2_msgs__rosidl_typesupport_c.dir/rosidl_typesupport_c/as2_msgs/action/set_arming_state__type_support.cpp.o\x1b[0m\n'}
[10.326177] (as2_msgs) StdoutLine: {'line': b'[ 39%] \x1b[32mBuilding CXX object CMakeFiles/as2_msgs__rosidl_typesupport_c.dir/rosidl_typesupport_c/as2_msgs/action/set_offboard_mode__type_support.cpp.o\x1b[0m\n'}
[10.326351] (-) TimerEvent: {}
[10.326544] (as2_msgs) StdoutLine: {'line': b'[ 39%] \x1b[32mBuilding CXX object CMakeFiles/as2_msgs__rosidl_typesupport_c.dir/rosidl_typesupport_c/as2_msgs/action/swarm_flocking__type_support.cpp.o\x1b[0m\n'}
[10.333432] (as2_msgs) StdoutLine: {'line': b'[ 39%] \x1b[32mBuilding CXX object CMakeFiles/as2_msgs__rosidl_typesupport_c.dir/rosidl_typesupport_c/as2_msgs/action/takeoff__type_support.cpp.o\x1b[0m\n'}
[10.379209] (as2_msgs) StdoutLine: {'line': b'[ 40%] \x1b[32m\x1b[1mLinking CXX shared library libas2_msgs__rosidl_typesupport_c.so\x1b[0m\n'}
[10.404042] (as2_msgs) StdoutLine: {'line': b'[ 40%] \x1b[32mBuilding CXX object CMakeFiles/as2_msgs__rosidl_typesupport_introspection_cpp.dir/rosidl_typesupport_introspection_cpp/as2_msgs/msg/detail/behavior_status__type_support.cpp.o\x1b[0m\n'}
[10.404243] (as2_msgs) StdoutLine: {'line': b'[ 40%] \x1b[32mBuilding CXX object CMakeFiles/as2_msgs__rosidl_typesupport_introspection_cpp.dir/rosidl_typesupport_introspection_cpp/as2_msgs/msg/detail/controller_info__type_support.cpp.o\x1b[0m\n'}
[10.404302] (as2_msgs) StdoutLine: {'line': b'[ 40%] \x1b[32mBuilding CXX object CMakeFiles/as2_msgs__rosidl_typesupport_introspection_cpp.dir/rosidl_typesupport_introspection_cpp/as2_msgs/msg/detail/gimbal_control__type_support.cpp.o\x1b[0m\n'}
[10.404352] (as2_msgs) StdoutLine: {'line': b'[ 40%] \x1b[32mBuilding CXX object CMakeFiles/as2_msgs__rosidl_typesupport_introspection_cpp.dir/rosidl_typesupport_introspection_cpp/as2_msgs/msg/detail/acro__type_support.cpp.o\x1b[0m\n'}
[10.404469] (as2_msgs) StdoutLine: {'line': b'[ 41%] \x1b[32mBuilding CXX object CMakeFiles/as2_msgs__rosidl_typesupport_introspection_cpp.dir/rosidl_typesupport_introspection_cpp/as2_msgs/msg/detail/alert_event__type_support.cpp.o\x1b[0m\n'}
[10.404522] (as2_msgs) StdoutLine: {'line': b'[ 41%] \x1b[32mBuilding CXX object CMakeFiles/as2_msgs__rosidl_typesupport_introspection_cpp.dir/rosidl_typesupport_introspection_cpp/as2_msgs/msg/detail/mission_update__type_support.cpp.o\x1b[0m\n'}
[10.404614] (as2_msgs) StdoutLine: {'line': b'[ 41%] \x1b[32mBuilding CXX object CMakeFiles/as2_msgs__rosidl_typesupport_introspection_cpp.dir/rosidl_typesupport_introspection_cpp/as2_msgs/msg/detail/node_status__type_support.cpp.o\x1b[0m\n'}
[10.404660] (as2_msgs) StdoutLine: {'line': b'[ 41%] \x1b[32mBuilding CXX object CMakeFiles/as2_msgs__rosidl_typesupport_introspection_cpp.dir/rosidl_typesupport_introspection_cpp/as2_msgs/msg/detail/follow_target_info__type_support.cpp.o\x1b[0m\n'}
[10.404700] (as2_msgs) StdoutLine: {'line': b'[ 42%] \x1b[32mBuilding CXX object CMakeFiles/as2_msgs__rosidl_typesupport_introspection_cpp.dir/rosidl_typesupport_introspection_cpp/as2_msgs/msg/detail/platform_info__type_support.cpp.o\x1b[0m\n'}
[10.404744] (as2_msgs) StdoutLine: {'line': b'[ 42%] \x1b[32mBuilding CXX object CMakeFiles/as2_msgs__rosidl_typesupport_introspection_cpp.dir/rosidl_typesupport_introspection_cpp/as2_msgs/msg/detail/control_mode__type_support.cpp.o\x1b[0m\n'}
[10.404941] (as2_msgs) StdoutLine: {'line': b'[ 43%] \x1b[32mBuilding CXX object CMakeFiles/as2_msgs__rosidl_typesupport_introspection_cpp.dir/rosidl_typesupport_introspection_cpp/as2_msgs/msg/detail/geozone__type_support.cpp.o\x1b[0m\n'}
[10.405244] (as2_msgs) StdoutLine: {'line': b'[ 43%] \x1b[32mBuilding CXX object CMakeFiles/as2_msgs__rosidl_typesupport_introspection_cpp.dir/rosidl_typesupport_introspection_cpp/as2_msgs/msg/detail/mission_event__type_support.cpp.o\x1b[0m\n'}
[10.405938] (as2_msgs) StdoutLine: {'line': b'[ 43%] \x1b[32mBuilding CXX object CMakeFiles/as2_msgs__rosidl_typesupport_introspection_cpp.dir/rosidl_typesupport_introspection_cpp/as2_msgs/msg/detail/platform_state_machine_event__type_support.cpp.o\x1b[0m\n'}
[10.406070] (as2_msgs) StdoutLine: {'line': b'[ 43%] \x1b[32mBuilding CXX object CMakeFiles/as2_msgs__rosidl_typesupport_introspection_cpp.dir/rosidl_typesupport_introspection_cpp/as2_msgs/msg/detail/platform_status__type_support.cpp.o\x1b[0m\n'}
[10.427110] (-) TimerEvent: {}
[10.433178] (as2_msgs) StdoutLine: {'line': b'[ 43%] Built target as2_msgs__rosidl_typesupport_c\n'}
[10.439616] (as2_msgs) StdoutLine: {'line': b'[ 43%] \x1b[32mBuilding CXX object CMakeFiles/as2_msgs__rosidl_typesupport_introspection_cpp.dir/rosidl_typesupport_introspection_cpp/as2_msgs/msg/detail/polygon_list__type_support.cpp.o\x1b[0m\n'}
[10.459104] (as2_msgs) StdoutLine: {'line': b'[ 43%] \x1b[32mBuilding CXX object CMakeFiles/as2_msgs__rosidl_typesupport_introspection_cpp.dir/rosidl_typesupport_introspection_cpp/as2_msgs/msg/detail/pose_stamped_with_id__type_support.cpp.o\x1b[0m\n'}
[10.527203] (-) TimerEvent: {}
[10.618161] (as2_msgs) StdoutLine: {'line': b'[ 43%] \x1b[32m\x1b[1mLinking CXX shared library libas2_msgs__rosidl_typesupport_cpp.so\x1b[0m\n'}
[10.630904] (-) TimerEvent: {}
[10.674237] (as2_msgs) StdoutLine: {'line': b'[ 43%] Built target as2_msgs__rosidl_typesupport_cpp\n'}
[10.682144] (as2_msgs) StdoutLine: {'line': b'[ 44%] \x1b[32mBuilding CXX object CMakeFiles/as2_msgs__rosidl_typesupport_introspection_cpp.dir/rosidl_typesupport_introspection_cpp/as2_msgs/msg/detail/pose_stamped_with_id_array__type_support.cpp.o\x1b[0m\n'}
[10.730993] (-) TimerEvent: {}
[10.737237] (as2_msgs) StdoutLine: {'line': b'[ 44%] \x1b[32mBuilding CXX object CMakeFiles/as2_msgs__rosidl_typesupport_introspection_cpp.dir/rosidl_typesupport_introspection_cpp/as2_msgs/msg/detail/pose_with_id_array__type_support.cpp.o\x1b[0m\n'}
[10.739006] (as2_msgs) StdoutLine: {'line': b'[ 44%] \x1b[32mBuilding CXX object CMakeFiles/as2_msgs__rosidl_typesupport_introspection_cpp.dir/rosidl_typesupport_introspection_cpp/as2_msgs/msg/detail/pose_with_id__type_support.cpp.o\x1b[0m\n'}
[10.745247] (as2_msgs) StdoutLine: {'line': b'[ 44%] \x1b[32mBuilding CXX object CMakeFiles/as2_msgs__rosidl_typesupport_introspection_cpp.dir/rosidl_typesupport_introspection_cpp/as2_msgs/msg/detail/speed__type_support.cpp.o\x1b[0m\n'}
[10.746559] (as2_msgs) StdoutLine: {'line': b'[ 44%] \x1b[32mBuilding CXX object CMakeFiles/as2_msgs__rosidl_typesupport_introspection_cpp.dir/rosidl_typesupport_introspection_cpp/as2_msgs/msg/detail/thrust__type_support.cpp.o\x1b[0m\n'}
[10.753319] (as2_msgs) StdoutLine: {'line': b'[ 45%] \x1b[32mBuilding CXX object CMakeFiles/as2_msgs__rosidl_typesupport_introspection_cpp.dir/rosidl_typesupport_introspection_cpp/as2_msgs/msg/detail/traj_gen_info__type_support.cpp.o\x1b[0m\n'}
[10.761152] (as2_msgs) StdoutLine: {'line': b'[ 45%] \x1b[32mBuilding CXX object CMakeFiles/as2_msgs__rosidl_typesupport_introspection_cpp.dir/rosidl_typesupport_introspection_cpp/as2_msgs/msg/detail/trajectory_point__type_support.cpp.o\x1b[0m\n'}
[10.773422] (as2_msgs) StdoutLine: {'line': b'[ 45%] \x1b[32mBuilding CXX object CMakeFiles/as2_msgs__rosidl_typesupport_introspection_cpp.dir/rosidl_typesupport_introspection_cpp/as2_msgs/msg/detail/trajectory_setpoints__type_support.cpp.o\x1b[0m\n'}
[10.794297] (as2_msgs) StdoutLine: {'line': b'[ 45%] \x1b[32mBuilding CXX object CMakeFiles/as2_msgs__rosidl_typesupport_introspection_cpp.dir/rosidl_typesupport_introspection_cpp/as2_msgs/msg/detail/u_int16_multi_array_stamped__type_support.cpp.o\x1b[0m\n'}
[10.794534] (as2_msgs) StdoutLine: {'line': b'[ 45%] \x1b[32mBuilding CXX object CMakeFiles/as2_msgs__rosidl_typesupport_introspection_cpp.dir/rosidl_typesupport_introspection_cpp/as2_msgs/msg/detail/yaw_mode__type_support.cpp.o\x1b[0m\n'}
[10.795990] (as2_msgs) StdoutLine: {'line': b'[ 46%] \x1b[32mBuilding CXX object CMakeFiles/as2_msgs__rosidl_typesupport_introspection_cpp.dir/rosidl_typesupport_introspection_cpp/as2_msgs/srv/detail/add_static_transform__type_support.cpp.o\x1b[0m\n'}
[10.801588] (as2_msgs) StdoutLine: {'line': b'[ 46%] \x1b[32mBuilding CXX object CMakeFiles/as2_msgs__rosidl_typesupport_introspection_cpp.dir/rosidl_typesupport_introspection_cpp/as2_msgs/srv/detail/dynamic_follower__type_support.cpp.o\x1b[0m\n'}
[10.801775] (as2_msgs) StdoutLine: {'line': b'[ 46%] \x1b[32mBuilding CXX object CMakeFiles/as2_msgs__rosidl_typesupport_introspection_cpp.dir/rosidl_typesupport_introspection_cpp/as2_msgs/srv/detail/dynamic_land__type_support.cpp.o\x1b[0m\n'}
[10.803084] (as2_msgs) StdoutLine: {'line': b'[ 46%] \x1b[32mBuilding CXX object CMakeFiles/as2_msgs__rosidl_typesupport_introspection_cpp.dir/rosidl_typesupport_introspection_cpp/as2_msgs/srv/detail/add_static_transform_gps__type_support.cpp.o\x1b[0m\n'}
[10.831094] (-) TimerEvent: {}
[10.853674] (as2_msgs) StdoutLine: {'line': b'[ 46%] \x1b[32mBuilding CXX object CMakeFiles/as2_msgs__rosidl_typesupport_introspection_cpp.dir/rosidl_typesupport_introspection_cpp/as2_msgs/srv/detail/geopath_to_path__type_support.cpp.o\x1b[0m\n'}
[10.884416] (as2_msgs) StdoutLine: {'line': b'[ 47%] \x1b[32mBuilding CXX object CMakeFiles/as2_msgs__rosidl_typesupport_introspection_cpp.dir/rosidl_typesupport_introspection_cpp/as2_msgs/srv/detail/get_geozone__type_support.cpp.o\x1b[0m\n'}
[10.931189] (-) TimerEvent: {}
[10.936425] (as2_msgs) StdoutLine: {'line': b'[ 47%] \x1b[32mBuilding CXX object CMakeFiles/as2_msgs__rosidl_typesupport_introspection_cpp.dir/rosidl_typesupport_introspection_cpp/as2_msgs/srv/detail/get_origin__type_support.cpp.o\x1b[0m\n'}
[11.031288] (-) TimerEvent: {}
[11.074184] (as2_msgs) StdoutLine: {'line': b'[ 47%] \x1b[32mBuilding CXX object CMakeFiles/as2_msgs__rosidl_typesupport_introspection_cpp.dir/rosidl_typesupport_introspection_cpp/as2_msgs/srv/detail/list_control_modes__type_support.cpp.o\x1b[0m\n'}
[11.089759] (as2_msgs) StdoutLine: {'line': b'[ 47%] \x1b[32mBuilding CXX object CMakeFiles/as2_msgs__rosidl_typesupport_introspection_cpp.dir/rosidl_typesupport_introspection_cpp/as2_msgs/srv/detail/modify_swarm__type_support.cpp.o\x1b[0m\n'}
[11.096424] (as2_msgs) StdoutLine: {'line': b'[ 47%] \x1b[32mBuilding CXX object CMakeFiles/as2_msgs__rosidl_typesupport_introspection_cpp.dir/rosidl_typesupport_introspection_cpp/as2_msgs/srv/detail/package_pick_up__type_support.cpp.o\x1b[0m\n'}
[11.101657] (as2_msgs) StdoutLine: {'line': b'[ 48%] \x1b[32mBuilding CXX object CMakeFiles/as2_msgs__rosidl_typesupport_introspection_cpp.dir/rosidl_typesupport_introspection_cpp/as2_msgs/srv/detail/package_un_pick__type_support.cpp.o\x1b[0m\n'}
[11.109753] (as2_msgs) StdoutLine: {'line': b'[ 48%] \x1b[32mBuilding CXX object CMakeFiles/as2_msgs__rosidl_typesupport_introspection_cpp.dir/rosidl_typesupport_introspection_cpp/as2_msgs/srv/detail/path_to_geopath__type_support.cpp.o\x1b[0m\n'}
[11.132104] (-) TimerEvent: {}
[11.133494] (as2_msgs) StdoutLine: {'line': b'[ 48%] \x1b[32mBuilding CXX object CMakeFiles/as2_msgs__rosidl_typesupport_introspection_cpp.dir/rosidl_typesupport_introspection_cpp/as2_msgs/srv/detail/set_control_mode__type_support.cpp.o\x1b[0m\n'}
[11.138952] (as2_msgs) StdoutLine: {'line': b'[ 48%] \x1b[32mBuilding CXX object CMakeFiles/as2_msgs__rosidl_typesupport_introspection_cpp.dir/rosidl_typesupport_introspection_cpp/as2_msgs/srv/detail/set_geozone__type_support.cpp.o\x1b[0m\n'}
[11.142197] (as2_msgs) StdoutLine: {'line': b'[ 49%] \x1b[32mBuilding CXX object CMakeFiles/as2_msgs__rosidl_typesupport_introspection_cpp.dir/rosidl_typesupport_introspection_cpp/as2_msgs/srv/detail/set_platform_state_machine_event__type_support.cpp.o\x1b[0m\n'}
[11.145544] (as2_msgs) StdoutLine: {'line': b'[ 49%] \x1b[32mBuilding CXX object CMakeFiles/as2_msgs__rosidl_typesupport_introspection_cpp.dir/rosidl_typesupport_introspection_cpp/as2_msgs/srv/detail/set_origin__type_support.cpp.o\x1b[0m\n'}
[11.154114] (as2_msgs) StdoutLine: {'line': b'[ 49%] \x1b[32mBuilding CXX object CMakeFiles/as2_msgs__rosidl_typesupport_introspection_cpp.dir/rosidl_typesupport_introspection_cpp/as2_msgs/srv/detail/set_speed__type_support.cpp.o\x1b[0m\n'}
[11.172169] (as2_msgs) StdoutLine: {'line': b'[ 49%] \x1b[32mBuilding CXX object CMakeFiles/as2_msgs__rosidl_typesupport_introspection_cpp.dir/rosidl_typesupport_introspection_cpp/as2_msgs/action/detail/detect_aruco_markers__type_support.cpp.o\x1b[0m\n'}
[11.226850] (as2_msgs) StdoutLine: {'line': b'[ 49%] \x1b[32mBuilding CXX object CMakeFiles/as2_msgs__rosidl_typesupport_introspection_cpp.dir/rosidl_typesupport_introspection_cpp/as2_msgs/action/detail/follow_path__type_support.cpp.o\x1b[0m\n'}
[11.232208] (-) TimerEvent: {}
[11.236086] (as2_msgs) StdoutLine: {'line': b'[ 49%] \x1b[32mBuilding CXX object CMakeFiles/as2_msgs__rosidl_typesupport_introspection_cpp.dir/rosidl_typesupport_introspection_cpp/as2_msgs/action/detail/follow_reference__type_support.cpp.o\x1b[0m\n'}
[11.266500] (as2_msgs) StdoutLine: {'line': b'[ 50%] \x1b[32mBuilding CXX object CMakeFiles/as2_msgs__rosidl_typesupport_introspection_cpp.dir/rosidl_typesupport_introspection_cpp/as2_msgs/action/detail/force_estimation__type_support.cpp.o\x1b[0m\n'}
[11.293149] (as2_msgs) StdoutLine: {'line': b'[ 50%] \x1b[32mBuilding CXX object CMakeFiles/as2_msgs__rosidl_typesupport_introspection_cpp.dir/rosidl_typesupport_introspection_cpp/as2_msgs/action/detail/generate_polynomial_trajectory__type_support.cpp.o\x1b[0m\n'}
[11.332316] (-) TimerEvent: {}
[11.354660] (as2_msgs) StdoutLine: {'line': b'[ 50%] \x1b[32mBuilding CXX object CMakeFiles/as2_msgs__rosidl_typesupport_introspection_cpp.dir/rosidl_typesupport_introspection_cpp/as2_msgs/action/detail/go_to_waypoint__type_support.cpp.o\x1b[0m\n'}
[11.374189] (as2_msgs) StdoutLine: {'line': b'[ 50%] \x1b[32mBuilding CXX object CMakeFiles/as2_msgs__rosidl_typesupport_introspection_cpp.dir/rosidl_typesupport_introspection_cpp/as2_msgs/action/detail/gripper_handler__type_support.cpp.o\x1b[0m\n'}
[11.432425] (-) TimerEvent: {}
[11.432916] (as2_msgs) StdoutLine: {'line': b'[ 50%] \x1b[32mBuilding CXX object CMakeFiles/as2_msgs__rosidl_typesupport_introspection_cpp.dir/rosidl_typesupport_introspection_cpp/as2_msgs/action/detail/land__type_support.cpp.o\x1b[0m\n'}
[11.458321] (as2_msgs) StdoutLine: {'line': b'[ 51%] \x1b[32mBuilding CXX object CMakeFiles/as2_msgs__rosidl_typesupport_introspection_cpp.dir/rosidl_typesupport_introspection_cpp/as2_msgs/action/detail/mass_estimation__type_support.cpp.o\x1b[0m\n'}
[11.469473] (as2_msgs) StdoutLine: {'line': b'[ 51%] \x1b[32mBuilding CXX object CMakeFiles/as2_msgs__rosidl_typesupport_introspection_cpp.dir/rosidl_typesupport_introspection_cpp/as2_msgs/action/detail/navigate_to_point__type_support.cpp.o\x1b[0m\n'}
[11.474418] (as2_msgs) StdoutLine: {'line': b'[ 51%] \x1b[32mBuilding CXX object CMakeFiles/as2_msgs__rosidl_typesupport_introspection_cpp.dir/rosidl_typesupport_introspection_cpp/as2_msgs/action/detail/point_gimbal__type_support.cpp.o\x1b[0m\n'}
[11.481192] (as2_msgs) StdoutLine: {'line': b'[ 51%] \x1b[32mBuilding CXX object CMakeFiles/as2_msgs__rosidl_typesupport_introspection_cpp.dir/rosidl_typesupport_introspection_cpp/as2_msgs/action/detail/precision_landing__type_support.cpp.o\x1b[0m\n'}
[11.484209] (as2_msgs) StdoutLine: {'line': b'[ 51%] \x1b[32mBuilding CXX object CMakeFiles/as2_msgs__rosidl_typesupport_introspection_cpp.dir/rosidl_typesupport_introspection_cpp/as2_msgs/action/detail/set_arming_state__type_support.cpp.o\x1b[0m\n'}
[11.496964] (as2_msgs) StdoutLine: {'line': b'[ 52%] \x1b[32mBuilding CXX object CMakeFiles/as2_msgs__rosidl_typesupport_introspection_cpp.dir/rosidl_typesupport_introspection_cpp/as2_msgs/action/detail/set_offboard_mode__type_support.cpp.o\x1b[0m\n'}
[11.509128] (as2_msgs) StdoutLine: {'line': b'[ 52%] \x1b[32mBuilding CXX object CMakeFiles/as2_msgs__rosidl_typesupport_introspection_cpp.dir/rosidl_typesupport_introspection_cpp/as2_msgs/action/detail/swarm_flocking__type_support.cpp.o\x1b[0m\n'}
[11.524077] (as2_msgs) StdoutLine: {'line': b'[ 52%] \x1b[32mBuilding CXX object CMakeFiles/as2_msgs__rosidl_typesupport_introspection_cpp.dir/rosidl_typesupport_introspection_cpp/as2_msgs/action/detail/takeoff__type_support.cpp.o\x1b[0m\n'}
[11.532541] (-) TimerEvent: {}
[11.592238] (as2_msgs) StdoutLine: {'line': b'[ 52%] \x1b[32mBuilding C object CMakeFiles/as2_msgs__rosidl_typesupport_introspection_c.dir/rosidl_typesupport_introspection_c/as2_msgs/msg/detail/acro__type_support.c.o\x1b[0m\n'}
[11.615366] (as2_msgs) StdoutLine: {'line': b'[ 52%] \x1b[32mBuilding C object CMakeFiles/as2_msgs__rosidl_typesupport_introspection_c.dir/rosidl_typesupport_introspection_c/as2_msgs/msg/detail/alert_event__type_support.c.o\x1b[0m\n'}
[11.632682] (-) TimerEvent: {}
[11.656777] (as2_msgs) StdoutLine: {'line': b'[ 52%] \x1b[32mBuilding C object CMakeFiles/as2_msgs__rosidl_typesupport_introspection_c.dir/rosidl_typesupport_introspection_c/as2_msgs/msg/detail/behavior_status__type_support.c.o\x1b[0m\n'}
[11.664783] (as2_msgs) StdoutLine: {'line': b'[ 52%] \x1b[32mBuilding C object CMakeFiles/as2_msgs__rosidl_typesupport_introspection_c.dir/rosidl_typesupport_introspection_c/as2_msgs/msg/detail/control_mode__type_support.c.o\x1b[0m\n'}
[11.697210] (as2_msgs) StdoutLine: {'line': b'[ 53%] \x1b[32mBuilding C object CMakeFiles/as2_msgs__rosidl_typesupport_introspection_c.dir/rosidl_typesupport_introspection_c/as2_msgs/msg/detail/controller_info__type_support.c.o\x1b[0m\n'}
[11.702694] (as2_msgs) StdoutLine: {'line': b'[ 53%] \x1b[32mBuilding C object CMakeFiles/as2_msgs__rosidl_typesupport_introspection_c.dir/rosidl_typesupport_introspection_c/as2_msgs/msg/detail/follow_target_info__type_support.c.o\x1b[0m\n'}
[11.733139] (-) TimerEvent: {}
[11.743522] (as2_msgs) StdoutLine: {'line': b'[ 53%] \x1b[32mBuilding C object CMakeFiles/as2_msgs__rosidl_typesupport_introspection_c.dir/rosidl_typesupport_introspection_c/as2_msgs/msg/detail/geozone__type_support.c.o\x1b[0m\n'}
[11.743840] (as2_msgs) StdoutLine: {'line': b'[ 53%] \x1b[32mBuilding C object CMakeFiles/as2_msgs__rosidl_typesupport_introspection_c.dir/rosidl_typesupport_introspection_c/as2_msgs/msg/detail/gimbal_control__type_support.c.o\x1b[0m\n'}
[11.775514] (as2_msgs) StdoutLine: {'line': b'[ 53%] \x1b[32mBuilding C object CMakeFiles/as2_msgs__rosidl_typesupport_introspection_c.dir/rosidl_typesupport_introspection_c/as2_msgs/msg/detail/mission_event__type_support.c.o\x1b[0m\n'}
[11.781130] (as2_msgs) StdoutLine: {'line': b'[ 54%] \x1b[32mBuilding C object CMakeFiles/as2_msgs__rosidl_typesupport_introspection_c.dir/rosidl_typesupport_introspection_c/as2_msgs/msg/detail/mission_update__type_support.c.o\x1b[0m\n'}
[11.808388] (as2_msgs) StdoutLine: {'line': b'[ 54%] \x1b[32mBuilding C object CMakeFiles/as2_msgs__rosidl_typesupport_introspection_c.dir/rosidl_typesupport_introspection_c/as2_msgs/msg/detail/node_status__type_support.c.o\x1b[0m\n'}
[11.814171] (as2_msgs) StdoutLine: {'line': b'[ 54%] \x1b[32mBuilding C object CMakeFiles/as2_msgs__rosidl_typesupport_introspection_c.dir/rosidl_typesupport_introspection_c/as2_msgs/msg/detail/platform_info__type_support.c.o\x1b[0m\n'}
[11.825201] (as2_msgs) StdoutLine: {'line': b'[ 54%] \x1b[32mBuilding C object CMakeFiles/as2_msgs__rosidl_typesupport_introspection_c.dir/rosidl_typesupport_introspection_c/as2_msgs/msg/detail/platform_state_machine_event__type_support.c.o\x1b[0m\n'}
[11.832422] (as2_msgs) StdoutLine: {'line': b'[ 54%] \x1b[32mBuilding C object CMakeFiles/as2_msgs__rosidl_typesupport_introspection_c.dir/rosidl_typesupport_introspection_c/as2_msgs/msg/detail/platform_status__type_support.c.o\x1b[0m\n'}
[11.833215] (-) TimerEvent: {}
[11.844616] (as2_msgs) StdoutLine: {'line': b'[ 55%] \x1b[32mBuilding C object CMakeFiles/as2_msgs__rosidl_typesupport_introspection_c.dir/rosidl_typesupport_introspection_c/as2_msgs/msg/detail/polygon_list__type_support.c.o\x1b[0m\n'}
[11.863125] (as2_msgs) StdoutLine: {'line': b'[ 55%] \x1b[32mBuilding C object CMakeFiles/as2_msgs__rosidl_typesupport_introspection_c.dir/rosidl_typesupport_introspection_c/as2_msgs/msg/detail/pose_stamped_with_id__type_support.c.o\x1b[0m\n'}
[11.865912] (as2_msgs) StdoutLine: {'line': b'[ 55%] \x1b[32mBuilding C object CMakeFiles/as2_msgs__rosidl_typesupport_introspection_c.dir/rosidl_typesupport_introspection_c/as2_msgs/msg/detail/pose_stamped_with_id_array__type_support.c.o\x1b[0m\n'}
[11.891501] (as2_msgs) StdoutLine: {'line': b'[ 55%] \x1b[32mBuilding C object CMakeFiles/as2_msgs__rosidl_typesupport_introspection_c.dir/rosidl_typesupport_introspection_c/as2_msgs/msg/detail/pose_with_id__type_support.c.o\x1b[0m\n'}
[11.898408] (as2_msgs) StdoutLine: {'line': b'[ 55%] \x1b[32mBuilding C object CMakeFiles/as2_msgs__rosidl_typesupport_introspection_c.dir/rosidl_typesupport_introspection_c/as2_msgs/msg/detail/pose_with_id_array__type_support.c.o\x1b[0m\n'}
[11.899025] (as2_msgs) StdoutLine: {'line': b'[ 55%] \x1b[32mBuilding C object CMakeFiles/as2_msgs__rosidl_typesupport_introspection_c.dir/rosidl_typesupport_introspection_c/as2_msgs/msg/detail/thrust__type_support.c.o\x1b[0m\n'}
[11.899210] (as2_msgs) StdoutLine: {'line': b'[ 56%] \x1b[32mBuilding C object CMakeFiles/as2_msgs__rosidl_typesupport_introspection_c.dir/rosidl_typesupport_introspection_c/as2_msgs/msg/detail/speed__type_support.c.o\x1b[0m\n'}
[11.906086] (as2_msgs) StdoutLine: {'line': b'[ 56%] \x1b[32mBuilding C object CMakeFiles/as2_msgs__rosidl_typesupport_introspection_c.dir/rosidl_typesupport_introspection_c/as2_msgs/msg/detail/traj_gen_info__type_support.c.o\x1b[0m\n'}
[11.932879] (as2_msgs) StdoutLine: {'line': b'[ 56%] \x1b[32mBuilding C object CMakeFiles/as2_msgs__rosidl_typesupport_introspection_c.dir/rosidl_typesupport_introspection_c/as2_msgs/msg/detail/trajectory_point__type_support.c.o\x1b[0m\n'}
[11.933292] (-) TimerEvent: {}
[11.935982] (as2_msgs) StdoutLine: {'line': b'[ 56%] \x1b[32mBuilding C object CMakeFiles/as2_msgs__rosidl_typesupport_introspection_c.dir/rosidl_typesupport_introspection_c/as2_msgs/msg/detail/trajectory_setpoints__type_support.c.o\x1b[0m\n'}
[11.942231] (as2_msgs) StdoutLine: {'line': b'[ 57%] \x1b[32mBuilding C object CMakeFiles/as2_msgs__rosidl_typesupport_introspection_c.dir/rosidl_typesupport_introspection_c/as2_msgs/msg/detail/u_int16_multi_array_stamped__type_support.c.o\x1b[0m\n'}
[11.944880] (as2_msgs) StdoutLine: {'line': b'[ 57%] \x1b[32mBuilding C object CMakeFiles/as2_msgs__rosidl_typesupport_introspection_c.dir/rosidl_typesupport_introspection_c/as2_msgs/msg/detail/yaw_mode__type_support.c.o\x1b[0m\n'}
[11.952743] (as2_msgs) StdoutLine: {'line': b'[ 57%] \x1b[32mBuilding C object CMakeFiles/as2_msgs__rosidl_typesupport_introspection_c.dir/rosidl_typesupport_introspection_c/as2_msgs/srv/detail/add_static_transform__type_support.c.o\x1b[0m\n'}
[11.957538] (as2_msgs) StdoutLine: {'line': b'[ 57%] \x1b[32mBuilding C object CMakeFiles/as2_msgs__rosidl_typesupport_introspection_c.dir/rosidl_typesupport_introspection_c/as2_msgs/srv/detail/add_static_transform_gps__type_support.c.o\x1b[0m\n'}
[11.965141] (as2_msgs) StdoutLine: {'line': b'[ 57%] \x1b[32mBuilding C object CMakeFiles/as2_msgs__rosidl_typesupport_introspection_c.dir/rosidl_typesupport_introspection_c/as2_msgs/srv/detail/dynamic_follower__type_support.c.o\x1b[0m\n'}
[11.975183] (as2_msgs) StdoutLine: {'line': b'[ 57%] \x1b[32mBuilding C object CMakeFiles/as2_msgs__rosidl_typesupport_introspection_c.dir/rosidl_typesupport_introspection_c/as2_msgs/srv/detail/geopath_to_path__type_support.c.o\x1b[0m\n'}
[11.975385] (as2_msgs) StdoutLine: {'line': b'[ 58%] \x1b[32mBuilding C object CMakeFiles/as2_msgs__rosidl_typesupport_introspection_c.dir/rosidl_typesupport_introspection_c/as2_msgs/srv/detail/dynamic_land__type_support.c.o\x1b[0m\n'}
[11.981565] (as2_msgs) StdoutLine: {'line': b'[ 58%] \x1b[32mBuilding C object CMakeFiles/as2_msgs__rosidl_typesupport_introspection_c.dir/rosidl_typesupport_introspection_c/as2_msgs/srv/detail/get_geozone__type_support.c.o\x1b[0m\n'}
[11.987837] (as2_msgs) StdoutLine: {'line': b'[ 58%] \x1b[32mBuilding C object CMakeFiles/as2_msgs__rosidl_typesupport_introspection_c.dir/rosidl_typesupport_introspection_c/as2_msgs/srv/detail/get_origin__type_support.c.o\x1b[0m\n'}
[12.000210] (as2_msgs) StdoutLine: {'line': b'[ 58%] \x1b[32mBuilding CXX object CMakeFiles/as2_msgs__rosidl_typesupport_fastrtps_cpp.dir/rosidl_typesupport_fastrtps_cpp/as2_msgs/msg/detail/dds_fastrtps/acro__type_support.cpp.o\x1b[0m\n'}
[12.000409] (as2_msgs) StdoutLine: {'line': b'[ 59%] \x1b[32mBuilding C object CMakeFiles/as2_msgs__rosidl_typesupport_introspection_c.dir/rosidl_typesupport_introspection_c/as2_msgs/srv/detail/modify_swarm__type_support.c.o\x1b[0m\n'}
[12.000472] (as2_msgs) StdoutLine: {'line': b'[ 59%] \x1b[32mBuilding C object CMakeFiles/as2_msgs__rosidl_typesupport_introspection_c.dir/rosidl_typesupport_introspection_c/as2_msgs/srv/detail/list_control_modes__type_support.c.o\x1b[0m\n'}
[12.000557] (as2_msgs) StdoutLine: {'line': b'[ 60%] \x1b[32mBuilding CXX object CMakeFiles/as2_msgs__rosidl_typesupport_fastrtps_cpp.dir/rosidl_typesupport_fastrtps_cpp/as2_msgs/msg/detail/dds_fastrtps/alert_event__type_support.cpp.o\x1b[0m\n'}
[12.004820] (as2_msgs) StdoutLine: {'line': b'[ 60%] \x1b[32mBuilding C object CMakeFiles/as2_msgs__rosidl_typesupport_introspection_c.dir/rosidl_typesupport_introspection_c/as2_msgs/srv/detail/package_pick_up__type_support.c.o\x1b[0m\n'}
[12.008399] (as2_msgs) StdoutLine: {'line': b'[ 60%] \x1b[32mBuilding CXX object CMakeFiles/as2_msgs__rosidl_typesupport_fastrtps_cpp.dir/rosidl_typesupport_fastrtps_cpp/as2_msgs/msg/detail/dds_fastrtps/behavior_status__type_support.cpp.o\x1b[0m\n'}
[12.009976] (as2_msgs) StdoutLine: {'line': b'[ 60%] \x1b[32mBuilding C object CMakeFiles/as2_msgs__rosidl_typesupport_introspection_c.dir/rosidl_typesupport_introspection_c/as2_msgs/srv/detail/package_un_pick__type_support.c.o\x1b[0m\n'}
[12.015517] (as2_msgs) StdoutLine: {'line': b'[ 60%] \x1b[32mBuilding C object CMakeFiles/as2_msgs__rosidl_typesupport_introspection_c.dir/rosidl_typesupport_introspection_c/as2_msgs/srv/detail/path_to_geopath__type_support.c.o\x1b[0m\n'}
[12.016137] (as2_msgs) StdoutLine: {'line': b'[ 60%] \x1b[32mBuilding C object CMakeFiles/as2_msgs__rosidl_typesupport_introspection_c.dir/rosidl_typesupport_introspection_c/as2_msgs/srv/detail/set_control_mode__type_support.c.o\x1b[0m\n'}
[12.020103] (as2_msgs) StdoutLine: {'line': b'[ 60%] \x1b[32mBuilding CXX object CMakeFiles/as2_msgs__rosidl_typesupport_fastrtps_cpp.dir/rosidl_typesupport_fastrtps_cpp/as2_msgs/msg/detail/dds_fastrtps/control_mode__type_support.cpp.o\x1b[0m\n'}
[12.020938] (as2_msgs) StdoutLine: {'line': b'[ 61%] \x1b[32mBuilding C object CMakeFiles/as2_msgs__rosidl_typesupport_introspection_c.dir/rosidl_typesupport_introspection_c/as2_msgs/srv/detail/set_geozone__type_support.c.o\x1b[0m\n'}
[12.030099] (as2_msgs) StdoutLine: {'line': b'[ 61%] \x1b[32mBuilding C object CMakeFiles/as2_msgs__rosidl_typesupport_introspection_c.dir/rosidl_typesupport_introspection_c/as2_msgs/srv/detail/set_origin__type_support.c.o\x1b[0m\n'}
[12.033411] (-) TimerEvent: {}
[12.038271] (as2_msgs) StdoutLine: {'line': b'[ 61%] \x1b[32mBuilding CXX object CMakeFiles/as2_msgs__rosidl_typesupport_fastrtps_cpp.dir/rosidl_typesupport_fastrtps_cpp/as2_msgs/msg/detail/dds_fastrtps/controller_info__type_support.cpp.o\x1b[0m\n'}
[12.047970] (as2_msgs) StdoutLine: {'line': b'[ 61%] \x1b[32mBuilding C object CMakeFiles/as2_msgs__rosidl_typesupport_introspection_c.dir/rosidl_typesupport_introspection_c/as2_msgs/srv/detail/set_speed__type_support.c.o\x1b[0m\n'}
[12.048162] (as2_msgs) StdoutLine: {'line': b'[ 61%] \x1b[32mBuilding C object CMakeFiles/as2_msgs__rosidl_typesupport_introspection_c.dir/rosidl_typesupport_introspection_c/as2_msgs/srv/detail/set_platform_state_machine_event__type_support.c.o\x1b[0m\n'}
[12.052182] (as2_msgs) StdoutLine: {'line': b'[ 61%] \x1b[32mBuilding CXX object CMakeFiles/as2_msgs__rosidl_typesupport_fastrtps_cpp.dir/rosidl_typesupport_fastrtps_cpp/as2_msgs/msg/detail/dds_fastrtps/follow_target_info__type_support.cpp.o\x1b[0m\n'}
[12.052846] (as2_msgs) StdoutLine: {'line': b'[ 62%] \x1b[32mBuilding CXX object CMakeFiles/as2_msgs__rosidl_typesupport_fastrtps_cpp.dir/rosidl_typesupport_fastrtps_cpp/as2_msgs/msg/detail/dds_fastrtps/geozone__type_support.cpp.o\x1b[0m\n'}
[12.053796] (as2_msgs) StdoutLine: {'line': b'[ 62%] \x1b[32mBuilding CXX object CMakeFiles/as2_msgs__rosidl_typesupport_fastrtps_c.dir/rosidl_typesupport_fastrtps_c/as2_msgs/msg/detail/acro__type_support_c.cpp.o\x1b[0m\n'}
[12.055745] (as2_msgs) StdoutLine: {'line': b'[ 62%] \x1b[32mBuilding CXX object CMakeFiles/as2_msgs__rosidl_typesupport_fastrtps_c.dir/rosidl_typesupport_fastrtps_c/as2_msgs/msg/detail/alert_event__type_support_c.cpp.o\x1b[0m\n'}
[12.056091] (as2_msgs) StdoutLine: {'line': b'[ 62%] \x1b[32mBuilding C object CMakeFiles/as2_msgs__rosidl_typesupport_introspection_c.dir/rosidl_typesupport_introspection_c/as2_msgs/action/detail/detect_aruco_markers__type_support.c.o\x1b[0m\n'}
[12.059312] (as2_msgs) StdoutLine: {'line': b'[ 62%] \x1b[32mBuilding CXX object CMakeFiles/as2_msgs__rosidl_typesupport_fastrtps_c.dir/rosidl_typesupport_fastrtps_c/as2_msgs/msg/detail/behavior_status__type_support_c.cpp.o\x1b[0m\n'}
[12.061107] (as2_msgs) StdoutLine: {'line': b'[ 63%] \x1b[32mBuilding C object CMakeFiles/as2_msgs__rosidl_typesupport_introspection_c.dir/rosidl_typesupport_introspection_c/as2_msgs/action/detail/follow_path__type_support.c.o\x1b[0m\n'}
[12.065259] (as2_msgs) StdoutLine: {'line': b'[ 63%] \x1b[32mBuilding C object CMakeFiles/as2_msgs__rosidl_typesupport_introspection_c.dir/rosidl_typesupport_introspection_c/as2_msgs/action/detail/follow_reference__type_support.c.o\x1b[0m\n'}
[12.076202] (as2_msgs) StdoutLine: {'line': b'[ 63%] \x1b[32mBuilding CXX object CMakeFiles/as2_msgs__rosidl_typesupport_fastrtps_cpp.dir/rosidl_typesupport_fastrtps_cpp/as2_msgs/msg/detail/dds_fastrtps/gimbal_control__type_support.cpp.o\x1b[0m\n'}
[12.076861] (as2_msgs) StdoutLine: {'line': b'[ 63%] \x1b[32mBuilding CXX object CMakeFiles/as2_msgs__rosidl_typesupport_fastrtps_cpp.dir/rosidl_typesupport_fastrtps_cpp/as2_msgs/msg/detail/dds_fastrtps/mission_event__type_support.cpp.o\x1b[0m\n'}
[12.080579] (as2_msgs) StdoutLine: {'line': b'[ 63%] \x1b[32mBuilding C object CMakeFiles/as2_msgs__rosidl_typesupport_introspection_c.dir/rosidl_typesupport_introspection_c/as2_msgs/action/detail/force_estimation__type_support.c.o\x1b[0m\n'}
[12.098843] (as2_msgs) StdoutLine: {'line': b'[ 63%] \x1b[32mBuilding C object CMakeFiles/as2_msgs__rosidl_typesupport_introspection_c.dir/rosidl_typesupport_introspection_c/as2_msgs/action/detail/generate_polynomial_trajectory__type_support.c.o\x1b[0m\n'}
[12.099105] (as2_msgs) StdoutLine: {'line': b'[ 63%] \x1b[32mBuilding CXX object CMakeFiles/as2_msgs__rosidl_typesupport_fastrtps_c.dir/rosidl_typesupport_fastrtps_c/as2_msgs/msg/detail/control_mode__type_support_c.cpp.o\x1b[0m\n'}
[12.102266] (as2_msgs) StdoutLine: {'line': b'[ 63%] \x1b[32mBuilding C object CMakeFiles/as2_msgs__rosidl_typesupport_introspection_c.dir/rosidl_typesupport_introspection_c/as2_msgs/action/detail/go_to_waypoint__type_support.c.o\x1b[0m\n'}
[12.108218] (as2_msgs) StdoutLine: {'line': b'[ 63%] \x1b[32mBuilding CXX object CMakeFiles/as2_msgs__rosidl_typesupport_fastrtps_cpp.dir/rosidl_typesupport_fastrtps_cpp/as2_msgs/msg/detail/dds_fastrtps/mission_update__type_support.cpp.o\x1b[0m\n'}
[12.111533] (as2_msgs) StdoutLine: {'line': b'[ 63%] \x1b[32mBuilding CXX object CMakeFiles/as2_msgs__rosidl_typesupport_fastrtps_cpp.dir/rosidl_typesupport_fastrtps_cpp/as2_msgs/msg/detail/dds_fastrtps/node_status__type_support.cpp.o\x1b[0m\n'}
[12.112448] (as2_msgs) StdoutLine: {'line': b'[ 64%] \x1b[32mBuilding CXX object CMakeFiles/as2_msgs__rosidl_typesupport_fastrtps_c.dir/rosidl_typesupport_fastrtps_c/as2_msgs/msg/detail/controller_info__type_support_c.cpp.o\x1b[0m\n'}
[12.128959] (as2_msgs) StdoutLine: {'line': b'[ 65%] \x1b[32mBuilding CXX object CMakeFiles/as2_msgs__rosidl_typesupport_fastrtps_cpp.dir/rosidl_typesupport_fastrtps_cpp/as2_msgs/msg/detail/dds_fastrtps/platform_info__type_support.cpp.o\x1b[0m\n'}
[12.134128] (-) TimerEvent: {}
[12.146033] (as2_msgs) StdoutLine: {'line': b'[ 65%] \x1b[32mBuilding CXX object CMakeFiles/as2_msgs__rosidl_typesupport_fastrtps_cpp.dir/rosidl_typesupport_fastrtps_cpp/as2_msgs/msg/detail/dds_fastrtps/platform_state_machine_event__type_support.cpp.o\x1b[0m\n'}
[12.148374] (as2_msgs) StdoutLine: {'line': b'[ 66%] \x1b[32mBuilding C object CMakeFiles/as2_msgs__rosidl_typesupport_introspection_c.dir/rosidl_typesupport_introspection_c/as2_msgs/action/detail/gripper_handler__type_support.c.o\x1b[0m\n'}
[12.194138] (as2_msgs) StdoutLine: {'line': b'[ 66%] \x1b[32mBuilding C object CMakeFiles/as2_msgs__rosidl_typesupport_introspection_c.dir/rosidl_typesupport_introspection_c/as2_msgs/action/detail/land__type_support.c.o\x1b[0m\n'}
[12.209179] (as2_msgs) StdoutLine: {'line': b'[ 66%] \x1b[32m\x1b[1mLinking CXX shared library libas2_msgs__rosidl_typesupport_introspection_cpp.so\x1b[0m\n'}
[12.234240] (-) TimerEvent: {}
[12.238194] (as2_msgs) StdoutLine: {'line': b'[ 66%] \x1b[32mBuilding C object CMakeFiles/as2_msgs__rosidl_typesupport_introspection_c.dir/rosidl_typesupport_introspection_c/as2_msgs/action/detail/mass_estimation__type_support.c.o\x1b[0m\n'}
[12.285152] (as2_msgs) StdoutLine: {'line': b'[ 66%] \x1b[32mBuilding C object CMakeFiles/as2_msgs__rosidl_typesupport_introspection_c.dir/rosidl_typesupport_introspection_c/as2_msgs/action/detail/navigate_to_point__type_support.c.o\x1b[0m\n'}
[12.334355] (-) TimerEvent: {}
[12.336418] (as2_msgs) StdoutLine: {'line': b'[ 66%] \x1b[32mBuilding C object CMakeFiles/as2_msgs__rosidl_typesupport_introspection_c.dir/rosidl_typesupport_introspection_c/as2_msgs/action/detail/point_gimbal__type_support.c.o\x1b[0m\n'}
[12.349918] (as2_msgs) StdoutLine: {'line': b'[ 66%] \x1b[32mBuilding CXX object CMakeFiles/as2_msgs__rosidl_typesupport_fastrtps_c.dir/rosidl_typesupport_fastrtps_c/as2_msgs/msg/detail/follow_target_info__type_support_c.cpp.o\x1b[0m\n'}
[12.356155] (as2_msgs) StdoutLine: {'line': b'[ 67%] \x1b[32mBuilding C object CMakeFiles/as2_msgs__rosidl_typesupport_introspection_c.dir/rosidl_typesupport_introspection_c/as2_msgs/action/detail/precision_landing__type_support.c.o\x1b[0m\n'}
[12.365942] (as2_msgs) StdoutLine: {'line': b'[ 67%] \x1b[32mBuilding CXX object CMakeFiles/as2_msgs__rosidl_typesupport_fastrtps_cpp.dir/rosidl_typesupport_fastrtps_cpp/as2_msgs/msg/detail/dds_fastrtps/platform_status__type_support.cpp.o\x1b[0m\n'}
[12.370113] (as2_msgs) StdoutLine: {'line': b'[ 67%] Built target as2_msgs__rosidl_typesupport_introspection_cpp\n'}
[12.377864] (as2_msgs) StdoutLine: {'line': b'[ 67%] \x1b[32mBuilding CXX object CMakeFiles/as2_msgs__rosidl_typesupport_fastrtps_c.dir/rosidl_typesupport_fastrtps_c/as2_msgs/msg/detail/gimbal_control__type_support_c.cpp.o\x1b[0m\n'}
[12.378054] (as2_msgs) StdoutLine: {'line': b'[ 67%] \x1b[32mBuilding CXX object CMakeFiles/as2_msgs__rosidl_typesupport_fastrtps_c.dir/rosidl_typesupport_fastrtps_c/as2_msgs/msg/detail/geozone__type_support_c.cpp.o\x1b[0m\n'}
[12.392412] (as2_msgs) StdoutLine: {'line': b'[ 67%] \x1b[32mBuilding CXX object CMakeFiles/as2_msgs__rosidl_typesupport_fastrtps_cpp.dir/rosidl_typesupport_fastrtps_cpp/as2_msgs/msg/detail/dds_fastrtps/polygon_list__type_support.cpp.o\x1b[0m\n'}
[12.400173] (as2_msgs) StdoutLine: {'line': b'[ 67%] \x1b[32mBuilding C object CMakeFiles/as2_msgs__rosidl_typesupport_introspection_c.dir/rosidl_typesupport_introspection_c/as2_msgs/action/detail/set_arming_state__type_support.c.o\x1b[0m\n'}
[12.400335] (as2_msgs) StdoutLine: {'line': b'[ 67%] \x1b[32mBuilding CXX object CMakeFiles/as2_msgs__rosidl_typesupport_fastrtps_c.dir/rosidl_typesupport_fastrtps_c/as2_msgs/msg/detail/mission_event__type_support_c.cpp.o\x1b[0m\n'}
[12.403852] (as2_msgs) StdoutLine: {'line': b'[ 67%] \x1b[32mBuilding C object CMakeFiles/as2_msgs__rosidl_typesupport_introspection_c.dir/rosidl_typesupport_introspection_c/as2_msgs/action/detail/set_offboard_mode__type_support.c.o\x1b[0m\n'}
[12.413529] (as2_msgs) StdoutLine: {'line': b'[ 67%] \x1b[32mBuilding CXX object CMakeFiles/as2_msgs__rosidl_typesupport_fastrtps_cpp.dir/rosidl_typesupport_fastrtps_cpp/as2_msgs/msg/detail/dds_fastrtps/pose_stamped_with_id__type_support.cpp.o\x1b[0m\n'}
[12.416637] (as2_msgs) StdoutLine: {'line': b'[ 68%] \x1b[32mBuilding CXX object CMakeFiles/as2_msgs__rosidl_typesupport_fastrtps_cpp.dir/rosidl_typesupport_fastrtps_cpp/as2_msgs/msg/detail/dds_fastrtps/pose_with_id__type_support.cpp.o\x1b[0m\n'}
[12.417096] (as2_msgs) StdoutLine: {'line': b'[ 68%] \x1b[32mBuilding CXX object CMakeFiles/as2_msgs__rosidl_typesupport_fastrtps_cpp.dir/rosidl_typesupport_fastrtps_cpp/as2_msgs/msg/detail/dds_fastrtps/pose_stamped_with_id_array__type_support.cpp.o\x1b[0m\n'}
[12.418832] (as2_msgs) StdoutLine: {'line': b'[ 69%] \x1b[32mBuilding CXX object CMakeFiles/as2_msgs__rosidl_typesupport_fastrtps_c.dir/rosidl_typesupport_fastrtps_c/as2_msgs/msg/detail/mission_update__type_support_c.cpp.o\x1b[0m\n'}
[12.422969] (as2_msgs) StdoutLine: {'line': b'[ 69%] \x1b[32mBuilding CXX object CMakeFiles/as2_msgs__rosidl_typesupport_fastrtps_c.dir/rosidl_typesupport_fastrtps_c/as2_msgs/msg/detail/node_status__type_support_c.cpp.o\x1b[0m\n'}
[12.425343] (as2_msgs) StdoutLine: {'line': b'[ 69%] \x1b[32mBuilding C object CMakeFiles/as2_msgs__rosidl_typesupport_introspection_c.dir/rosidl_typesupport_introspection_c/as2_msgs/action/detail/swarm_flocking__type_support.c.o\x1b[0m\n'}
[12.434459] (-) TimerEvent: {}
[12.441430] (as2_msgs) StdoutLine: {'line': b'[ 69%] \x1b[32mBuilding CXX object CMakeFiles/as2_msgs__rosidl_typesupport_fastrtps_c.dir/rosidl_typesupport_fastrtps_c/as2_msgs/msg/detail/platform_info__type_support_c.cpp.o\x1b[0m\n'}
[12.443999] (as2_msgs) StdoutLine: {'line': b'[ 69%] \x1b[32mBuilding C object CMakeFiles/as2_msgs__rosidl_typesupport_introspection_c.dir/rosidl_typesupport_introspection_c/as2_msgs/action/detail/takeoff__type_support.c.o\x1b[0m\n'}
[12.451237] (as2_msgs) StdoutLine: {'line': b'[ 69%] \x1b[32mBuilding CXX object CMakeFiles/as2_msgs__rosidl_typesupport_fastrtps_cpp.dir/rosidl_typesupport_fastrtps_cpp/as2_msgs/msg/detail/dds_fastrtps/pose_with_id_array__type_support.cpp.o\x1b[0m\n'}
[12.454252] (as2_msgs) StdoutLine: {'line': b'[ 69%] \x1b[32mBuilding CXX object CMakeFiles/as2_msgs__rosidl_typesupport_fastrtps_cpp.dir/rosidl_typesupport_fastrtps_cpp/as2_msgs/msg/detail/dds_fastrtps/speed__type_support.cpp.o\x1b[0m\n'}
[12.463417] (as2_msgs) StdoutLine: {'line': b'[ 69%] \x1b[32mBuilding CXX object CMakeFiles/as2_msgs__rosidl_typesupport_fastrtps_c.dir/rosidl_typesupport_fastrtps_c/as2_msgs/msg/detail/platform_state_machine_event__type_support_c.cpp.o\x1b[0m\n'}
[12.484186] (as2_msgs) StdoutLine: {'line': b'[ 69%] \x1b[32mBuilding CXX object CMakeFiles/as2_msgs__rosidl_typesupport_fastrtps_c.dir/rosidl_typesupport_fastrtps_c/as2_msgs/msg/detail/platform_status__type_support_c.cpp.o\x1b[0m\n'}
[12.491764] (as2_msgs) StdoutLine: {'line': b'[ 70%] \x1b[32mBuilding CXX object CMakeFiles/as2_msgs__rosidl_typesupport_fastrtps_c.dir/rosidl_typesupport_fastrtps_c/as2_msgs/msg/detail/polygon_list__type_support_c.cpp.o\x1b[0m\n'}
[12.491990] (as2_msgs) StdoutLine: {'line': b'[ 71%] \x1b[32m\x1b[1mLinking C shared library libas2_msgs__rosidl_typesupport_introspection_c.so\x1b[0m\n'}
[12.510300] (as2_msgs) StdoutLine: {'line': b'[ 71%] \x1b[32mBuilding CXX object CMakeFiles/as2_msgs__rosidl_typesupport_fastrtps_cpp.dir/rosidl_typesupport_fastrtps_cpp/as2_msgs/msg/detail/dds_fastrtps/thrust__type_support.cpp.o\x1b[0m\n'}
[12.534563] (-) TimerEvent: {}
[12.556996] (as2_msgs) StdoutLine: {'line': b'[ 71%] Built target as2_msgs__rosidl_typesupport_introspection_c\n'}
[12.563110] (as2_msgs) StdoutLine: {'line': b'[ 72%] \x1b[32mBuilding CXX object CMakeFiles/as2_msgs__rosidl_typesupport_fastrtps_cpp.dir/rosidl_typesupport_fastrtps_cpp/as2_msgs/msg/detail/dds_fastrtps/traj_gen_info__type_support.cpp.o\x1b[0m\n'}
[12.567118] (as2_msgs) StdoutLine: {'line': b'[ 72%] \x1b[32mBuilding CXX object CMakeFiles/as2_msgs__rosidl_typesupport_fastrtps_cpp.dir/rosidl_typesupport_fastrtps_cpp/as2_msgs/msg/detail/dds_fastrtps/trajectory_point__type_support.cpp.o\x1b[0m\n'}
[12.634685] (-) TimerEvent: {}
[12.666190] (as2_msgs) StdoutLine: {'line': b'[ 72%] \x1b[32mBuilding CXX object CMakeFiles/as2_msgs__rosidl_typesupport_fastrtps_cpp.dir/rosidl_typesupport_fastrtps_cpp/as2_msgs/msg/detail/dds_fastrtps/trajectory_setpoints__type_support.cpp.o\x1b[0m\n'}
[12.682868] (as2_msgs) StdoutLine: {'line': b'[ 72%] \x1b[32mBuilding CXX object CMakeFiles/as2_msgs__rosidl_typesupport_fastrtps_cpp.dir/rosidl_typesupport_fastrtps_cpp/as2_msgs/msg/detail/dds_fastrtps/u_int16_multi_array_stamped__type_support.cpp.o\x1b[0m\n'}
[12.720644] (as2_msgs) StdoutLine: {'line': b'[ 72%] \x1b[32mBuilding CXX object CMakeFiles/as2_msgs__rosidl_typesupport_fastrtps_c.dir/rosidl_typesupport_fastrtps_c/as2_msgs/msg/detail/pose_stamped_with_id__type_support_c.cpp.o\x1b[0m\n'}
[12.721075] (as2_msgs) StdoutLine: {'line': b'[ 72%] \x1b[32mBuilding CXX object CMakeFiles/as2_msgs__rosidl_typesupport_fastrtps_cpp.dir/rosidl_typesupport_fastrtps_cpp/as2_msgs/msg/detail/dds_fastrtps/yaw_mode__type_support.cpp.o\x1b[0m\n'}
[12.721244] (as2_msgs) StdoutLine: {'line': b'[ 72%] \x1b[32mBuilding CXX object CMakeFiles/as2_msgs__rosidl_typesupport_fastrtps_c.dir/rosidl_typesupport_fastrtps_c/as2_msgs/msg/detail/pose_stamped_with_id_array__type_support_c.cpp.o\x1b[0m\n'}
[12.734787] (-) TimerEvent: {}
[12.765588] (as2_msgs) StdoutLine: {'line': b'[ 72%] \x1b[32mBuilding CXX object CMakeFiles/as2_msgs__rosidl_typesupport_fastrtps_c.dir/rosidl_typesupport_fastrtps_c/as2_msgs/msg/detail/pose_with_id__type_support_c.cpp.o\x1b[0m\n'}
[12.776721] (as2_msgs) StdoutLine: {'line': b'[ 72%] \x1b[32mBuilding CXX object CMakeFiles/as2_msgs__rosidl_typesupport_fastrtps_c.dir/rosidl_typesupport_fastrtps_c/as2_msgs/msg/detail/pose_with_id_array__type_support_c.cpp.o\x1b[0m\n'}
[12.782151] (as2_msgs) StdoutLine: {'line': b'[ 73%] \x1b[32mBuilding CXX object CMakeFiles/as2_msgs__rosidl_typesupport_fastrtps_cpp.dir/rosidl_typesupport_fastrtps_cpp/as2_msgs/srv/detail/dds_fastrtps/add_static_transform__type_support.cpp.o\x1b[0m\n'}
[12.787130] (as2_msgs) StdoutLine: {'line': b'[ 74%] \x1b[32mBuilding CXX object CMakeFiles/as2_msgs__rosidl_typesupport_fastrtps_c.dir/rosidl_typesupport_fastrtps_c/as2_msgs/msg/detail/speed__type_support_c.cpp.o\x1b[0m\n'}
[12.793170] (as2_msgs) StdoutLine: {'line': b'[ 74%] \x1b[32mBuilding CXX object CMakeFiles/as2_msgs__rosidl_typesupport_fastrtps_cpp.dir/rosidl_typesupport_fastrtps_cpp/as2_msgs/srv/detail/dds_fastrtps/add_static_transform_gps__type_support.cpp.o\x1b[0m\n'}
[12.797220] (as2_msgs) StdoutLine: {'line': b'[ 74%] \x1b[32mBuilding CXX object CMakeFiles/as2_msgs__rosidl_typesupport_fastrtps_cpp.dir/rosidl_typesupport_fastrtps_cpp/as2_msgs/srv/detail/dds_fastrtps/dynamic_follower__type_support.cpp.o\x1b[0m\n'}
[12.826573] (as2_msgs) StdoutLine: {'line': b'[ 74%] \x1b[32mBuilding CXX object CMakeFiles/as2_msgs__rosidl_typesupport_fastrtps_c.dir/rosidl_typesupport_fastrtps_c/as2_msgs/msg/detail/thrust__type_support_c.cpp.o\x1b[0m\n'}
[12.834894] (-) TimerEvent: {}
[12.838992] (as2_msgs) StdoutLine: {'line': b'[ 74%] \x1b[32mBuilding CXX object CMakeFiles/as2_msgs__rosidl_typesupport_fastrtps_cpp.dir/rosidl_typesupport_fastrtps_cpp/as2_msgs/srv/detail/dds_fastrtps/dynamic_land__type_support.cpp.o\x1b[0m\n'}
[12.874317] (as2_msgs) StdoutLine: {'line': b'[ 74%] \x1b[32mBuilding CXX object CMakeFiles/as2_msgs__rosidl_typesupport_fastrtps_cpp.dir/rosidl_typesupport_fastrtps_cpp/as2_msgs/srv/detail/dds_fastrtps/geopath_to_path__type_support.cpp.o\x1b[0m\n'}
[12.877900] (as2_msgs) StdoutLine: {'line': b'[ 75%] \x1b[32mBuilding CXX object CMakeFiles/as2_msgs__rosidl_typesupport_fastrtps_cpp.dir/rosidl_typesupport_fastrtps_cpp/as2_msgs/srv/detail/dds_fastrtps/get_geozone__type_support.cpp.o\x1b[0m\n'}
[12.899142] (as2_msgs) StdoutLine: {'line': b'[ 75%] \x1b[32mBuilding CXX object CMakeFiles/as2_msgs__rosidl_typesupport_fastrtps_c.dir/rosidl_typesupport_fastrtps_c/as2_msgs/msg/detail/traj_gen_info__type_support_c.cpp.o\x1b[0m\n'}
[12.920133] (as2_msgs) StdoutLine: {'line': b'[ 75%] \x1b[32mBuilding CXX object CMakeFiles/as2_msgs__rosidl_typesupport_fastrtps_cpp.dir/rosidl_typesupport_fastrtps_cpp/as2_msgs/srv/detail/dds_fastrtps/get_origin__type_support.cpp.o\x1b[0m\n'}
[12.935021] (-) TimerEvent: {}
[13.006624] (as2_msgs) StdoutLine: {'line': b'[ 75%] \x1b[32mBuilding CXX object CMakeFiles/as2_msgs__rosidl_typesupport_fastrtps_c.dir/rosidl_typesupport_fastrtps_c/as2_msgs/msg/detail/trajectory_point__type_support_c.cpp.o\x1b[0m\n'}
[13.018127] (as2_msgs) StdoutLine: {'line': b'[ 75%] \x1b[32mBuilding CXX object CMakeFiles/as2_msgs__rosidl_typesupport_fastrtps_cpp.dir/rosidl_typesupport_fastrtps_cpp/as2_msgs/srv/detail/dds_fastrtps/list_control_modes__type_support.cpp.o\x1b[0m\n'}
[13.035132] (-) TimerEvent: {}
[13.045640] (as2_msgs) StdoutLine: {'line': b'[ 75%] \x1b[32mBuilding CXX object CMakeFiles/as2_msgs__rosidl_typesupport_fastrtps_cpp.dir/rosidl_typesupport_fastrtps_cpp/as2_msgs/srv/detail/dds_fastrtps/modify_swarm__type_support.cpp.o\x1b[0m\n'}
[13.047337] (as2_msgs) StdoutLine: {'line': b'[ 75%] \x1b[32mBuilding CXX object CMakeFiles/as2_msgs__rosidl_typesupport_fastrtps_cpp.dir/rosidl_typesupport_fastrtps_cpp/as2_msgs/srv/detail/dds_fastrtps/package_pick_up__type_support.cpp.o\x1b[0m\n'}
[13.083500] (as2_msgs) StdoutLine: {'line': b'[ 76%] \x1b[32mBuilding CXX object CMakeFiles/as2_msgs__rosidl_typesupport_fastrtps_cpp.dir/rosidl_typesupport_fastrtps_cpp/as2_msgs/srv/detail/dds_fastrtps/package_un_pick__type_support.cpp.o\x1b[0m\n'}
[13.090629] (as2_msgs) StdoutLine: {'line': b'[ 77%] \x1b[32mBuilding CXX object CMakeFiles/as2_msgs__rosidl_typesupport_fastrtps_c.dir/rosidl_typesupport_fastrtps_c/as2_msgs/msg/detail/u_int16_multi_array_stamped__type_support_c.cpp.o\x1b[0m\n'}
[13.092769] (as2_msgs) StdoutLine: {'line': b'[ 77%] \x1b[32mBuilding CXX object CMakeFiles/as2_msgs__rosidl_typesupport_fastrtps_c.dir/rosidl_typesupport_fastrtps_c/as2_msgs/msg/detail/trajectory_setpoints__type_support_c.cpp.o\x1b[0m\n'}
[13.093677] (as2_msgs) StdoutLine: {'line': b'[ 77%] \x1b[32mBuilding CXX object CMakeFiles/as2_msgs__rosidl_typesupport_fastrtps_cpp.dir/rosidl_typesupport_fastrtps_cpp/as2_msgs/srv/detail/dds_fastrtps/path_to_geopath__type_support.cpp.o\x1b[0m\n'}
[13.100146] (as2_msgs) StdoutLine: {'line': b'[ 77%] \x1b[32mBuilding CXX object CMakeFiles/as2_msgs__rosidl_typesupport_fastrtps_c.dir/rosidl_typesupport_fastrtps_c/as2_msgs/msg/detail/yaw_mode__type_support_c.cpp.o\x1b[0m\n'}
[13.112168] (as2_msgs) StdoutLine: {'line': b'[ 77%] \x1b[32mBuilding CXX object CMakeFiles/as2_msgs__rosidl_typesupport_fastrtps_cpp.dir/rosidl_typesupport_fastrtps_cpp/as2_msgs/srv/detail/dds_fastrtps/set_control_mode__type_support.cpp.o\x1b[0m\n'}
[13.135243] (-) TimerEvent: {}
[13.135543] (as2_msgs) StdoutLine: {'line': b'[ 77%] \x1b[32mBuilding CXX object CMakeFiles/as2_msgs__rosidl_typesupport_fastrtps_c.dir/rosidl_typesupport_fastrtps_c/as2_msgs/srv/detail/add_static_transform__type_support_c.cpp.o\x1b[0m\n'}
[13.161196] (as2_msgs) StdoutLine: {'line': b'[ 77%] \x1b[32mBuilding CXX object CMakeFiles/as2_msgs__rosidl_typesupport_fastrtps_cpp.dir/rosidl_typesupport_fastrtps_cpp/as2_msgs/srv/detail/dds_fastrtps/set_geozone__type_support.cpp.o\x1b[0m\n'}
[13.167505] (as2_msgs) StdoutLine: {'line': b'[ 77%] \x1b[32mBuilding CXX object CMakeFiles/as2_msgs__rosidl_typesupport_fastrtps_cpp.dir/rosidl_typesupport_fastrtps_cpp/as2_msgs/srv/detail/dds_fastrtps/set_origin__type_support.cpp.o\x1b[0m\n'}
[13.195805] (as2_msgs) StdoutLine: {'line': b'[ 77%] \x1b[32mBuilding CXX object CMakeFiles/as2_msgs__rosidl_typesupport_fastrtps_c.dir/rosidl_typesupport_fastrtps_c/as2_msgs/srv/detail/add_static_transform_gps__type_support_c.cpp.o\x1b[0m\n'}
[13.223642] (as2_msgs) StdoutLine: {'line': b'[ 77%] \x1b[32mBuilding CXX object CMakeFiles/as2_msgs__rosidl_typesupport_fastrtps_c.dir/rosidl_typesupport_fastrtps_c/as2_msgs/srv/detail/dynamic_follower__type_support_c.cpp.o\x1b[0m\n'}
[13.235350] (-) TimerEvent: {}
[13.252310] (as2_msgs) StdoutLine: {'line': b'[ 78%] \x1b[32mBuilding CXX object CMakeFiles/as2_msgs__rosidl_typesupport_fastrtps_cpp.dir/rosidl_typesupport_fastrtps_cpp/as2_msgs/srv/detail/dds_fastrtps/set_platform_state_machine_event__type_support.cpp.o\x1b[0m\n'}
[13.284580] (as2_msgs) StdoutLine: {'line': b'[ 79%] \x1b[32mBuilding CXX object CMakeFiles/as2_msgs__rosidl_typesupport_fastrtps_c.dir/rosidl_typesupport_fastrtps_c/as2_msgs/srv/detail/dynamic_land__type_support_c.cpp.o\x1b[0m\n'}
[13.294134] (as2_msgs) StdoutLine: {'line': b'[ 79%] \x1b[32mBuilding CXX object CMakeFiles/as2_msgs__rosidl_typesupport_fastrtps_cpp.dir/rosidl_typesupport_fastrtps_cpp/as2_msgs/srv/detail/dds_fastrtps/set_speed__type_support.cpp.o\x1b[0m\n'}
[13.306206] (as2_msgs) StdoutLine: {'line': b'[ 79%] \x1b[32mBuilding CXX object CMakeFiles/as2_msgs__rosidl_typesupport_fastrtps_c.dir/rosidl_typesupport_fastrtps_c/as2_msgs/srv/detail/geopath_to_path__type_support_c.cpp.o\x1b[0m\n'}
[13.335114] (as2_msgs) StdoutLine: {'line': b'[ 79%] \x1b[32mBuilding CXX object CMakeFiles/as2_msgs__rosidl_typesupport_fastrtps_c.dir/rosidl_typesupport_fastrtps_c/as2_msgs/srv/detail/get_geozone__type_support_c.cpp.o\x1b[0m\n'}
[13.335416] (-) TimerEvent: {}
[13.357119] (as2_msgs) StdoutLine: {'line': b'[ 79%] \x1b[32mBuilding CXX object CMakeFiles/as2_msgs__rosidl_typesupport_fastrtps_c.dir/rosidl_typesupport_fastrtps_c/as2_msgs/srv/detail/get_origin__type_support_c.cpp.o\x1b[0m\n'}
[13.401141] (as2_msgs) StdoutLine: {'line': b'[ 79%] \x1b[32mBuilding CXX object CMakeFiles/as2_msgs__rosidl_typesupport_fastrtps_cpp.dir/rosidl_typesupport_fastrtps_cpp/as2_msgs/action/detail/dds_fastrtps/detect_aruco_markers__type_support.cpp.o\x1b[0m\n'}
[13.426999] (as2_msgs) StdoutLine: {'line': b'[ 79%] \x1b[32mBuilding CXX object CMakeFiles/as2_msgs__rosidl_typesupport_fastrtps_cpp.dir/rosidl_typesupport_fastrtps_cpp/as2_msgs/action/detail/dds_fastrtps/follow_path__type_support.cpp.o\x1b[0m\n'}
[13.435530] (-) TimerEvent: {}
[13.455164] (as2_msgs) StdoutLine: {'line': b'[ 79%] \x1b[32mBuilding CXX object CMakeFiles/as2_msgs__rosidl_typesupport_fastrtps_c.dir/rosidl_typesupport_fastrtps_c/as2_msgs/srv/detail/list_control_modes__type_support_c.cpp.o\x1b[0m\n'}
[13.479120] (as2_msgs) StdoutLine: {'line': b'[ 80%] \x1b[32mBuilding CXX object CMakeFiles/as2_msgs__rosidl_typesupport_fastrtps_c.dir/rosidl_typesupport_fastrtps_c/as2_msgs/srv/detail/modify_swarm__type_support_c.cpp.o\x1b[0m\n'}
[13.483062] (as2_msgs) StdoutLine: {'line': b'[ 80%] \x1b[32mBuilding CXX object CMakeFiles/as2_msgs__rosidl_typesupport_fastrtps_c.dir/rosidl_typesupport_fastrtps_c/as2_msgs/srv/detail/package_pick_up__type_support_c.cpp.o\x1b[0m\n'}
[13.505178] (as2_msgs) StdoutLine: {'line': b'[ 80%] \x1b[32mBuilding CXX object CMakeFiles/as2_msgs__rosidl_typesupport_fastrtps_cpp.dir/rosidl_typesupport_fastrtps_cpp/as2_msgs/action/detail/dds_fastrtps/follow_reference__type_support.cpp.o\x1b[0m\n'}
[13.536141] (-) TimerEvent: {}
[13.538840] (as2_msgs) StdoutLine: {'line': b'[ 81%] \x1b[32mBuilding CXX object CMakeFiles/as2_msgs__rosidl_typesupport_fastrtps_cpp.dir/rosidl_typesupport_fastrtps_cpp/as2_msgs/action/detail/dds_fastrtps/force_estimation__type_support.cpp.o\x1b[0m\n'}
[13.545289] (as2_msgs) StdoutLine: {'line': b'[ 81%] \x1b[32mBuilding CXX object CMakeFiles/as2_msgs__rosidl_typesupport_fastrtps_c.dir/rosidl_typesupport_fastrtps_c/as2_msgs/srv/detail/package_un_pick__type_support_c.cpp.o\x1b[0m\n'}
[13.549546] (as2_msgs) StdoutLine: {'line': b'[ 81%] \x1b[32mBuilding CXX object CMakeFiles/as2_msgs__rosidl_typesupport_fastrtps_cpp.dir/rosidl_typesupport_fastrtps_cpp/as2_msgs/action/detail/dds_fastrtps/generate_polynomial_trajectory__type_support.cpp.o\x1b[0m\n'}
[13.576576] (as2_msgs) StdoutLine: {'line': b'[ 81%] \x1b[32mBuilding CXX object CMakeFiles/as2_msgs__rosidl_typesupport_fastrtps_c.dir/rosidl_typesupport_fastrtps_c/as2_msgs/srv/detail/path_to_geopath__type_support_c.cpp.o\x1b[0m\n'}
[13.598830] (as2_msgs) StdoutLine: {'line': b'[ 81%] \x1b[32mBuilding CXX object CMakeFiles/as2_msgs__rosidl_typesupport_fastrtps_cpp.dir/rosidl_typesupport_fastrtps_cpp/as2_msgs/action/detail/dds_fastrtps/go_to_waypoint__type_support.cpp.o\x1b[0m\n'}
[13.614134] (as2_msgs) StdoutLine: {'line': b'[ 81%] \x1b[32mBuilding CXX object CMakeFiles/as2_msgs__rosidl_typesupport_fastrtps_c.dir/rosidl_typesupport_fastrtps_c/as2_msgs/srv/detail/set_control_mode__type_support_c.cpp.o\x1b[0m\n'}
[13.628240] (as2_msgs) StdoutLine: {'line': b'[ 82%] \x1b[32mBuilding CXX object CMakeFiles/as2_msgs__rosidl_typesupport_fastrtps_c.dir/rosidl_typesupport_fastrtps_c/as2_msgs/srv/detail/set_geozone__type_support_c.cpp.o\x1b[0m\n'}
[13.636244] (-) TimerEvent: {}
[13.644189] (as2_msgs) StdoutLine: {'line': b'[ 82%] \x1b[32mBuilding CXX object CMakeFiles/as2_msgs__rosidl_typesupport_fastrtps_c.dir/rosidl_typesupport_fastrtps_c/as2_msgs/srv/detail/set_origin__type_support_c.cpp.o\x1b[0m\n'}
[13.649397] (as2_msgs) StdoutLine: {'line': b'[ 82%] \x1b[32mBuilding CXX object CMakeFiles/as2_msgs__rosidl_typesupport_fastrtps_cpp.dir/rosidl_typesupport_fastrtps_cpp/as2_msgs/action/detail/dds_fastrtps/gripper_handler__type_support.cpp.o\x1b[0m\n'}
[13.675637] (as2_msgs) StdoutLine: {'line': b'[ 82%] \x1b[32mBuilding CXX object CMakeFiles/as2_msgs__rosidl_typesupport_fastrtps_cpp.dir/rosidl_typesupport_fastrtps_cpp/as2_msgs/action/detail/dds_fastrtps/land__type_support.cpp.o\x1b[0m\n'}
[13.677007] (as2_msgs) StdoutLine: {'line': b'[ 83%] \x1b[32mBuilding CXX object CMakeFiles/as2_msgs__rosidl_typesupport_fastrtps_cpp.dir/rosidl_typesupport_fastrtps_cpp/as2_msgs/action/detail/dds_fastrtps/mass_estimation__type_support.cpp.o\x1b[0m\n'}
[13.677739] (as2_msgs) StdoutLine: {'line': b'[ 83%] \x1b[32mBuilding CXX object CMakeFiles/as2_msgs__rosidl_typesupport_fastrtps_cpp.dir/rosidl_typesupport_fastrtps_cpp/as2_msgs/action/detail/dds_fastrtps/navigate_to_point__type_support.cpp.o\x1b[0m\n'}
[13.693062] (as2_msgs) StdoutLine: {'line': b'[ 83%] \x1b[32mBuilding CXX object CMakeFiles/as2_msgs__rosidl_typesupport_fastrtps_c.dir/rosidl_typesupport_fastrtps_c/as2_msgs/srv/detail/set_platform_state_machine_event__type_support_c.cpp.o\x1b[0m\n'}
[13.714008] (as2_msgs) StdoutLine: {'line': b'[ 83%] \x1b[32mBuilding CXX object CMakeFiles/as2_msgs__rosidl_typesupport_fastrtps_cpp.dir/rosidl_typesupport_fastrtps_cpp/as2_msgs/action/detail/dds_fastrtps/point_gimbal__type_support.cpp.o\x1b[0m\n'}
[13.736348] (-) TimerEvent: {}
[13.790569] (as2_msgs) StdoutLine: {'line': b'[ 83%] \x1b[32mBuilding CXX object CMakeFiles/as2_msgs__rosidl_typesupport_fastrtps_cpp.dir/rosidl_typesupport_fastrtps_cpp/as2_msgs/action/detail/dds_fastrtps/precision_landing__type_support.cpp.o\x1b[0m\n'}
[13.801112] (as2_msgs) StdoutLine: {'line': b'[ 83%] \x1b[32mBuilding CXX object CMakeFiles/as2_msgs__rosidl_typesupport_fastrtps_cpp.dir/rosidl_typesupport_fastrtps_cpp/as2_msgs/action/detail/dds_fastrtps/set_arming_state__type_support.cpp.o\x1b[0m\n'}
[13.837119] (-) TimerEvent: {}
[13.849191] (as2_msgs) StdoutLine: {'line': b'[ 84%] \x1b[32mBuilding CXX object CMakeFiles/as2_msgs__rosidl_typesupport_fastrtps_cpp.dir/rosidl_typesupport_fastrtps_cpp/as2_msgs/action/detail/dds_fastrtps/set_offboard_mode__type_support.cpp.o\x1b[0m\n'}
[13.859948] (as2_msgs) StdoutLine: {'line': b'[ 84%] \x1b[32mBuilding CXX object CMakeFiles/as2_msgs__rosidl_typesupport_fastrtps_c.dir/rosidl_typesupport_fastrtps_c/as2_msgs/srv/detail/set_speed__type_support_c.cpp.o\x1b[0m\n'}
[13.925124] (as2_msgs) StdoutLine: {'line': b'[ 84%] \x1b[32mBuilding CXX object CMakeFiles/as2_msgs__rosidl_typesupport_fastrtps_c.dir/rosidl_typesupport_fastrtps_c/as2_msgs/action/detail/detect_aruco_markers__type_support_c.cpp.o\x1b[0m\n'}
[13.938126] (-) TimerEvent: {}
[13.946294] (as2_msgs) StdoutLine: {'line': b'[ 85%] \x1b[32mBuilding CXX object CMakeFiles/as2_msgs__rosidl_typesupport_fastrtps_c.dir/rosidl_typesupport_fastrtps_c/as2_msgs/action/detail/follow_path__type_support_c.cpp.o\x1b[0m\n'}
[13.960402] (as2_msgs) StdoutLine: {'line': b'[ 85%] \x1b[32mBuilding CXX object CMakeFiles/as2_msgs__rosidl_typesupport_fastrtps_c.dir/rosidl_typesupport_fastrtps_c/as2_msgs/action/detail/follow_reference__type_support_c.cpp.o\x1b[0m\n'}
[13.993769] (as2_msgs) StdoutLine: {'line': b'[ 85%] \x1b[32mBuilding CXX object CMakeFiles/as2_msgs__rosidl_typesupport_fastrtps_c.dir/rosidl_typesupport_fastrtps_c/as2_msgs/action/detail/force_estimation__type_support_c.cpp.o\x1b[0m\n'}
[14.010104] (as2_msgs) StdoutLine: {'line': b'[ 85%] \x1b[32mBuilding CXX object CMakeFiles/as2_msgs__rosidl_typesupport_fastrtps_cpp.dir/rosidl_typesupport_fastrtps_cpp/as2_msgs/action/detail/dds_fastrtps/swarm_flocking__type_support.cpp.o\x1b[0m\n'}
[14.029170] (as2_msgs) StdoutLine: {'line': b'[ 85%] \x1b[32mBuilding CXX object CMakeFiles/as2_msgs__rosidl_typesupport_fastrtps_c.dir/rosidl_typesupport_fastrtps_c/as2_msgs/action/detail/generate_polynomial_trajectory__type_support_c.cpp.o\x1b[0m\n'}
[14.039130] (-) TimerEvent: {}
[14.042478] (as2_msgs) StdoutLine: {'line': b'[ 85%] \x1b[32mBuilding CXX object CMakeFiles/as2_msgs__rosidl_typesupport_fastrtps_c.dir/rosidl_typesupport_fastrtps_c/as2_msgs/action/detail/go_to_waypoint__type_support_c.cpp.o\x1b[0m\n'}
[14.123817] (as2_msgs) StdoutLine: {'line': b'[ 86%] \x1b[32mBuilding CXX object CMakeFiles/as2_msgs__rosidl_typesupport_fastrtps_c.dir/rosidl_typesupport_fastrtps_c/as2_msgs/action/detail/gripper_handler__type_support_c.cpp.o\x1b[0m\n'}
[14.138562] (as2_msgs) StdoutLine: {'line': b'[ 86%] \x1b[32mBuilding CXX object CMakeFiles/as2_msgs__rosidl_typesupport_fastrtps_c.dir/rosidl_typesupport_fastrtps_c/as2_msgs/action/detail/land__type_support_c.cpp.o\x1b[0m\n'}
[14.139200] (-) TimerEvent: {}
[14.162140] (as2_msgs) StdoutLine: {'line': b'[ 86%] \x1b[32mBuilding CXX object CMakeFiles/as2_msgs__rosidl_typesupport_fastrtps_c.dir/rosidl_typesupport_fastrtps_c/as2_msgs/action/detail/mass_estimation__type_support_c.cpp.o\x1b[0m\n'}
[14.168375] (as2_msgs) StdoutLine: {'line': b'[ 86%] \x1b[32mBuilding CXX object CMakeFiles/as2_msgs__rosidl_typesupport_fastrtps_c.dir/rosidl_typesupport_fastrtps_c/as2_msgs/action/detail/navigate_to_point__type_support_c.cpp.o\x1b[0m\n'}
[14.181931] (as2_msgs) StdoutLine: {'line': b'[ 86%] \x1b[32mBuilding CXX object CMakeFiles/as2_msgs__rosidl_typesupport_fastrtps_c.dir/rosidl_typesupport_fastrtps_c/as2_msgs/action/detail/point_gimbal__type_support_c.cpp.o\x1b[0m\n'}
[14.219123] (as2_msgs) StdoutLine: {'line': b'[ 87%] \x1b[32mBuilding CXX object CMakeFiles/as2_msgs__rosidl_typesupport_fastrtps_c.dir/rosidl_typesupport_fastrtps_c/as2_msgs/action/detail/precision_landing__type_support_c.cpp.o\x1b[0m\n'}
[14.225145] (as2_msgs) StdoutLine: {'line': b'[ 87%] \x1b[32mBuilding CXX object CMakeFiles/as2_msgs__rosidl_typesupport_fastrtps_cpp.dir/rosidl_typesupport_fastrtps_cpp/as2_msgs/action/detail/dds_fastrtps/takeoff__type_support.cpp.o\x1b[0m\n'}
[14.234979] (as2_msgs) StdoutLine: {'line': b'[ 87%] \x1b[32mBuilding CXX object CMakeFiles/as2_msgs__rosidl_typesupport_fastrtps_c.dir/rosidl_typesupport_fastrtps_c/as2_msgs/action/detail/set_offboard_mode__type_support_c.cpp.o\x1b[0m\n'}
[14.235193] (as2_msgs) StdoutLine: {'line': b'[ 87%] \x1b[32mBuilding CXX object CMakeFiles/as2_msgs__rosidl_typesupport_fastrtps_c.dir/rosidl_typesupport_fastrtps_c/as2_msgs/action/detail/set_arming_state__type_support_c.cpp.o\x1b[0m\n'}
[14.239320] (-) TimerEvent: {}
[14.264276] (as2_msgs) StdoutLine: {'line': b'[ 87%] \x1b[32mBuilding CXX object CMakeFiles/as2_msgs__rosidl_typesupport_fastrtps_c.dir/rosidl_typesupport_fastrtps_c/as2_msgs/action/detail/swarm_flocking__type_support_c.cpp.o\x1b[0m\n'}
[14.278129] (as2_msgs) StdoutLine: {'line': b'[ 87%] \x1b[32mBuilding CXX object CMakeFiles/as2_msgs__rosidl_typesupport_fastrtps_c.dir/rosidl_typesupport_fastrtps_c/as2_msgs/action/detail/takeoff__type_support_c.cpp.o\x1b[0m\n'}
[14.339428] (-) TimerEvent: {}
[14.439695] (-) TimerEvent: {}
[14.540032] (-) TimerEvent: {}
[14.591785] (as2_msgs) StdoutLine: {'line': b'[ 88%] \x1b[32m\x1b[1mLinking CXX shared library libas2_msgs__rosidl_typesupport_fastrtps_c.so\x1b[0m\n'}
[14.640248] (-) TimerEvent: {}
[14.648647] (as2_msgs) StdoutLine: {'line': b'[ 88%] \x1b[32m\x1b[1mLinking CXX shared library libas2_msgs__rosidl_typesupport_fastrtps_cpp.so\x1b[0m\n'}
[14.658067] (as2_msgs) StdoutLine: {'line': b'[ 88%] Built target as2_msgs__rosidl_typesupport_fastrtps_c\n'}
[14.723620] (as2_msgs) StdoutLine: {'line': b'[ 88%] Built target as2_msgs__rosidl_typesupport_fastrtps_cpp\n'}
[14.737913] (as2_msgs) StdoutLine: {'line': b'[ 88%] Built target as2_msgs\n'}
[14.740310] (-) TimerEvent: {}
[14.756149] (as2_msgs) StdoutLine: {'line': b'[ 88%] \x1b[34m\x1b[1mGenerating Python code for ROS interfaces\x1b[0m\n'}
[14.840476] (-) TimerEvent: {}
[14.940797] (-) TimerEvent: {}
[15.041027] (-) TimerEvent: {}
[15.141401] (-) TimerEvent: {}
[15.241659] (-) TimerEvent: {}
[15.341920] (-) TimerEvent: {}
[15.442189] (-) TimerEvent: {}
[15.542440] (-) TimerEvent: {}
[15.642644] (-) TimerEvent: {}
[15.742930] (-) TimerEvent: {}
[15.843170] (-) TimerEvent: {}
[15.943417] (-) TimerEvent: {}
[16.043669] (-) TimerEvent: {}
[16.143972] (-) TimerEvent: {}
[16.244361] (-) TimerEvent: {}
[16.344675] (-) TimerEvent: {}
[16.444973] (-) TimerEvent: {}
[16.545270] (-) TimerEvent: {}
[16.645545] (-) TimerEvent: {}
[16.745805] (-) TimerEvent: {}
[16.846077] (-) TimerEvent: {}
[16.946333] (-) TimerEvent: {}
[17.046579] (-) TimerEvent: {}
[17.146844] (-) TimerEvent: {}
[17.247141] (-) TimerEvent: {}
[17.347387] (-) TimerEvent: {}
[17.447664] (-) TimerEvent: {}
[17.547932] (-) TimerEvent: {}
[17.648199] (-) TimerEvent: {}
[17.748454] (-) TimerEvent: {}
[17.848745] (-) TimerEvent: {}
[17.949012] (-) TimerEvent: {}
[18.049213] (-) TimerEvent: {}
[18.149466] (-) TimerEvent: {}
[18.249746] (-) TimerEvent: {}
[18.350002] (-) TimerEvent: {}
[18.450194] (-) TimerEvent: {}
[18.550409] (-) TimerEvent: {}
[18.650680] (-) TimerEvent: {}
[18.750956] (-) TimerEvent: {}
[18.851211] (-) TimerEvent: {}
[18.951480] (-) TimerEvent: {}
[19.051763] (-) TimerEvent: {}
[19.152025] (-) TimerEvent: {}
[19.252219] (-) TimerEvent: {}
[19.352479] (-) TimerEvent: {}
[19.452750] (-) TimerEvent: {}
[19.553024] (-) TimerEvent: {}
[19.653300] (-) TimerEvent: {}
[19.753562] (-) TimerEvent: {}
[19.853852] (-) TimerEvent: {}
[19.954124] (-) TimerEvent: {}
[20.054385] (-) TimerEvent: {}
[20.154591] (-) TimerEvent: {}
[20.254865] (-) TimerEvent: {}
[20.355139] (-) TimerEvent: {}
[20.455344] (-) TimerEvent: {}
[20.555619] (-) TimerEvent: {}
[20.655895] (-) TimerEvent: {}
[20.756196] (-) TimerEvent: {}
[20.856485] (-) TimerEvent: {}
[20.957316] (-) TimerEvent: {}
[21.057590] (-) TimerEvent: {}
[21.157895] (-) TimerEvent: {}
[21.258161] (-) TimerEvent: {}
[21.358346] (-) TimerEvent: {}
[21.458648] (-) TimerEvent: {}
[21.558936] (-) TimerEvent: {}
[21.659193] (-) TimerEvent: {}
[21.759467] (-) TimerEvent: {}
[21.859754] (-) TimerEvent: {}
[21.960002] (-) TimerEvent: {}
[22.060414] (-) TimerEvent: {}
[22.160725] (-) TimerEvent: {}
[22.261019] (-) TimerEvent: {}
[22.361326] (-) TimerEvent: {}
[22.461689] (-) TimerEvent: {}
[22.561970] (-) TimerEvent: {}
[22.662262] (-) TimerEvent: {}
[22.762559] (-) TimerEvent: {}
[22.862847] (-) TimerEvent: {}
[22.963200] (-) TimerEvent: {}
[23.063422] (-) TimerEvent: {}
[23.071822] (as2_msgs) StdoutLine: {'line': b'[ 88%] Built target as2_msgs__py\n'}
[23.085521] (as2_msgs) StdoutLine: {'line': b'[ 88%] \x1b[32mBuilding C object CMakeFiles/as2_msgs__rosidl_generator_py.dir/rosidl_generator_py/as2_msgs/msg/_acro_s.c.o\x1b[0m\n'}
[23.087664] (as2_msgs) StdoutLine: {'line': b'[ 88%] \x1b[32mBuilding C object CMakeFiles/as2_msgs__rosidl_generator_py.dir/rosidl_generator_py/as2_msgs/msg/_controller_info_s.c.o\x1b[0m\n'}
[23.087826] (as2_msgs) StdoutLine: {'line': b'[ 88%] \x1b[32mBuilding C object CMakeFiles/as2_msgs__rosidl_generator_py.dir/rosidl_generator_py/as2_msgs/msg/_follow_target_info_s.c.o\x1b[0m\n'}
[23.087923] (as2_msgs) StdoutLine: {'line': b'[ 89%] \x1b[32mBuilding C object CMakeFiles/as2_msgs__rosidl_generator_py.dir/rosidl_generator_py/as2_msgs/msg/_alert_event_s.c.o\x1b[0m\n'}
[23.087982] (as2_msgs) StdoutLine: {'line': b'[ 90%] \x1b[32mBuilding C object CMakeFiles/as2_msgs__rosidl_generator_py.dir/rosidl_generator_py/as2_msgs/msg/_geozone_s.c.o\x1b[0m\n'}
[23.088182] (as2_msgs) StdoutLine: {'line': b'[ 90%] \x1b[32mBuilding C object CMakeFiles/as2_msgs__rosidl_generator_py.dir/rosidl_generator_py/as2_msgs/msg/_behavior_status_s.c.o\x1b[0m\n'}
[23.088392] (as2_msgs) StdoutLine: {'line': b'[ 90%] \x1b[32mBuilding C object CMakeFiles/as2_msgs__rosidl_generator_py.dir/rosidl_generator_py/as2_msgs/msg/_control_mode_s.c.o\x1b[0m\n'}
[23.088700] (as2_msgs) StdoutLine: {'line': b'[ 90%] \x1b[32mBuilding C object CMakeFiles/as2_msgs__rosidl_generator_py.dir/rosidl_generator_py/as2_msgs/msg/_mission_update_s.c.o\x1b[0m\n'}
[23.088804] (as2_msgs) StdoutLine: {'line': b'[ 90%] \x1b[32mBuilding C object CMakeFiles/as2_msgs__rosidl_generator_py.dir/rosidl_generator_py/as2_msgs/msg/_node_status_s.c.o\x1b[0m\n'}
[23.089441] (as2_msgs) StdoutLine: {'line': b'[ 90%] \x1b[32mBuilding C object CMakeFiles/as2_msgs__rosidl_generator_py.dir/rosidl_generator_py/as2_msgs/msg/_platform_state_machine_event_s.c.o\x1b[0m\n'}
[23.089529] (as2_msgs) StdoutLine: {'line': b'[ 90%] \x1b[32mBuilding C object CMakeFiles/as2_msgs__rosidl_generator_py.dir/rosidl_generator_py/as2_msgs/msg/_gimbal_control_s.c.o\x1b[0m\n'}
[23.089814] (as2_msgs) StdoutLine: {'line': b'[ 90%] \x1b[32mBuilding C object CMakeFiles/as2_msgs__rosidl_generator_py.dir/rosidl_generator_py/as2_msgs/msg/_polygon_list_s.c.o\x1b[0m\n'}
[23.089932] (as2_msgs) StdoutLine: {'line': b'[ 90%] \x1b[32mBuilding C object CMakeFiles/as2_msgs__rosidl_generator_py.dir/rosidl_generator_py/as2_msgs/msg/_mission_event_s.c.o\x1b[0m\n'}
[23.090018] (as2_msgs) StdoutLine: {'line': b'[ 90%] \x1b[32mBuilding C object CMakeFiles/as2_msgs__rosidl_generator_py.dir/rosidl_generator_py/as2_msgs/msg/_pose_stamped_with_id_s.c.o\x1b[0m\n'}
[23.090406] (as2_msgs) StdoutLine: {'line': b'[ 90%] \x1b[32mBuilding C object CMakeFiles/as2_msgs__rosidl_generator_py.dir/rosidl_generator_py/as2_msgs/msg/_pose_with_id_array_s.c.o\x1b[0m\n'}
[23.091331] (as2_msgs) StdoutLine: {'line': b'[ 91%] \x1b[32mBuilding C object CMakeFiles/as2_msgs__rosidl_generator_py.dir/rosidl_generator_py/as2_msgs/msg/_platform_info_s.c.o\x1b[0m\n'}
[23.091451] (as2_msgs) StdoutLine: {'line': b'[ 91%] \x1b[32mBuilding C object CMakeFiles/as2_msgs__rosidl_generator_py.dir/rosidl_generator_py/as2_msgs/msg/_speed_s.c.o\x1b[0m\n'}
[23.091504] (as2_msgs) StdoutLine: {'line': b'[ 91%] \x1b[32mBuilding C object CMakeFiles/as2_msgs__rosidl_generator_py.dir/rosidl_generator_py/as2_msgs/msg/_pose_with_id_s.c.o\x1b[0m\n'}
[23.091556] (as2_msgs) StdoutLine: {'line': b'[ 91%] \x1b[32mBuilding C object CMakeFiles/as2_msgs__rosidl_generator_py.dir/rosidl_generator_py/as2_msgs/msg/_platform_status_s.c.o\x1b[0m\n'}
[23.091599] (as2_msgs) StdoutLine: {'line': b'[ 92%] \x1b[32mBuilding C object CMakeFiles/as2_msgs__rosidl_generator_py.dir/rosidl_generator_py/as2_msgs/msg/_pose_stamped_with_id_array_s.c.o\x1b[0m\n'}
[23.163527] (-) TimerEvent: {}
[23.188785] (as2_msgs) StdoutLine: {'line': b'[ 92%] \x1b[32mBuilding C object CMakeFiles/as2_msgs__rosidl_generator_py.dir/rosidl_generator_py/as2_msgs/msg/_trajectory_point_s.c.o\x1b[0m\n'}
[23.189032] (as2_msgs) StdoutLine: {'line': b'[ 92%] \x1b[32mBuilding C object CMakeFiles/as2_msgs__rosidl_generator_py.dir/rosidl_generator_py/as2_msgs/msg/_thrust_s.c.o\x1b[0m\n'}
[23.189533] (as2_msgs) StdoutLine: {'line': b'[ 93%] \x1b[32mBuilding C object CMakeFiles/as2_msgs__rosidl_generator_py.dir/rosidl_generator_py/as2_msgs/msg/_traj_gen_info_s.c.o\x1b[0m\n'}
[23.190480] (as2_msgs) StdoutLine: {'line': b'[ 93%] \x1b[32mBuilding C object CMakeFiles/as2_msgs__rosidl_generator_py.dir/rosidl_generator_py/as2_msgs/msg/_trajectory_setpoints_s.c.o\x1b[0m\n'}
[23.190733] (as2_msgs) StdoutLine: {'line': b'[ 93%] \x1b[32mBuilding C object CMakeFiles/as2_msgs__rosidl_generator_py.dir/rosidl_generator_py/as2_msgs/msg/_yaw_mode_s.c.o\x1b[0m\n'}
[23.190853] (as2_msgs) StdoutLine: {'line': b'[ 93%] \x1b[32mBuilding C object CMakeFiles/as2_msgs__rosidl_generator_py.dir/rosidl_generator_py/as2_msgs/msg/_u_int16_multi_array_stamped_s.c.o\x1b[0m\n'}
[23.195180] (as2_msgs) StdoutLine: {'line': b'[ 94%] \x1b[32mBuilding C object CMakeFiles/as2_msgs__rosidl_generator_py.dir/rosidl_generator_py/as2_msgs/srv/_add_static_transform_s.c.o\x1b[0m\n'}
[23.197180] (as2_msgs) StdoutLine: {'line': b'[ 94%] \x1b[32mBuilding C object CMakeFiles/as2_msgs__rosidl_generator_py.dir/rosidl_generator_py/as2_msgs/srv/_geopath_to_path_s.c.o\x1b[0m\n'}
[23.197343] (as2_msgs) StdoutLine: {'line': b'[ 94%] \x1b[32mBuilding C object CMakeFiles/as2_msgs__rosidl_generator_py.dir/rosidl_generator_py/as2_msgs/srv/_dynamic_land_s.c.o\x1b[0m\n'}
[23.197406] (as2_msgs) StdoutLine: {'line': b'[ 94%] \x1b[32mBuilding C object CMakeFiles/as2_msgs__rosidl_generator_py.dir/rosidl_generator_py/as2_msgs/srv/_dynamic_follower_s.c.o\x1b[0m\n'}
[23.197459] (as2_msgs) StdoutLine: {'line': b'[ 94%] \x1b[32mBuilding C object CMakeFiles/as2_msgs__rosidl_generator_py.dir/rosidl_generator_py/as2_msgs/srv/_add_static_transform_gps_s.c.o\x1b[0m\n'}
[23.197504] (as2_msgs) StdoutLine: {'line': b'[ 94%] \x1b[32mBuilding C object CMakeFiles/as2_msgs__rosidl_generator_py.dir/rosidl_generator_py/as2_msgs/srv/_get_origin_s.c.o\x1b[0m\n'}
[23.197546] (as2_msgs) StdoutLine: {'line': b'[ 95%] \x1b[32mBuilding C object CMakeFiles/as2_msgs__rosidl_generator_py.dir/rosidl_generator_py/as2_msgs/srv/_get_geozone_s.c.o\x1b[0m\n'}
[23.200276] (as2_msgs) StdoutLine: {'line': b'[ 95%] \x1b[32mBuilding C object CMakeFiles/as2_msgs__rosidl_generator_py.dir/rosidl_generator_py/as2_msgs/srv/_list_control_modes_s.c.o\x1b[0m\n'}
[23.201637] (as2_msgs) StdoutLine: {'line': b'[ 95%] \x1b[32mBuilding C object CMakeFiles/as2_msgs__rosidl_generator_py.dir/rosidl_generator_py/as2_msgs/srv/_modify_swarm_s.c.o\x1b[0m\n'}
[23.201776] (as2_msgs) StdoutLine: {'line': b'[ 95%] \x1b[32mBuilding C object CMakeFiles/as2_msgs__rosidl_generator_py.dir/rosidl_generator_py/as2_msgs/srv/_package_pick_up_s.c.o\x1b[0m\n'}
[23.205235] (as2_msgs) StdoutLine: {'line': b'[ 96%] \x1b[32mBuilding C object CMakeFiles/as2_msgs__rosidl_generator_py.dir/rosidl_generator_py/as2_msgs/srv/_package_un_pick_s.c.o\x1b[0m\n'}
[23.208424] (as2_msgs) StdoutLine: {'line': b'[ 96%] \x1b[32mBuilding C object CMakeFiles/as2_msgs__rosidl_generator_py.dir/rosidl_generator_py/as2_msgs/srv/_path_to_geopath_s.c.o\x1b[0m\n'}
[23.211530] (as2_msgs) StdoutLine: {'line': b'[ 96%] \x1b[32mBuilding C object CMakeFiles/as2_msgs__rosidl_generator_py.dir/rosidl_generator_py/as2_msgs/srv/_set_control_mode_s.c.o\x1b[0m\n'}
[23.218121] (as2_msgs) StdoutLine: {'line': b'[ 96%] \x1b[32mBuilding C object CMakeFiles/as2_msgs__rosidl_generator_py.dir/rosidl_generator_py/as2_msgs/srv/_set_geozone_s.c.o\x1b[0m\n'}
[23.263648] (-) TimerEvent: {}
[23.283156] (as2_msgs) StdoutLine: {'line': b'[ 97%] \x1b[32mBuilding C object CMakeFiles/as2_msgs__rosidl_generator_py.dir/rosidl_generator_py/as2_msgs/srv/_set_origin_s.c.o\x1b[0m\n'}
[23.283335] (as2_msgs) StdoutLine: {'line': b'[ 97%] \x1b[32mBuilding C object CMakeFiles/as2_msgs__rosidl_generator_py.dir/rosidl_generator_py/as2_msgs/srv/_set_platform_state_machine_event_s.c.o\x1b[0m\n'}
[23.284357] (as2_msgs) StdoutLine: {'line': b'[ 97%] \x1b[32mBuilding C object CMakeFiles/as2_msgs__rosidl_generator_py.dir/rosidl_generator_py/as2_msgs/srv/_set_speed_s.c.o\x1b[0m\n'}
[23.290207] (as2_msgs) StdoutLine: {'line': b'[ 97%] \x1b[32mBuilding C object CMakeFiles/as2_msgs__rosidl_generator_py.dir/rosidl_generator_py/as2_msgs/action/_detect_aruco_markers_s.c.o\x1b[0m\n'}
[23.290373] (as2_msgs) StdoutLine: {'line': b'[ 97%] \x1b[32mBuilding C object CMakeFiles/as2_msgs__rosidl_generator_py.dir/rosidl_generator_py/as2_msgs/action/_follow_path_s.c.o\x1b[0m\n'}
[23.293529] (as2_msgs) StdoutLine: {'line': b'[ 98%] \x1b[32mBuilding C object CMakeFiles/as2_msgs__rosidl_generator_py.dir/rosidl_generator_py/as2_msgs/action/_generate_polynomial_trajectory_s.c.o\x1b[0m\n'}
[23.294313] (as2_msgs) StdoutLine: {'line': b'[ 98%] \x1b[32mBuilding C object CMakeFiles/as2_msgs__rosidl_generator_py.dir/rosidl_generator_py/as2_msgs/action/_force_estimation_s.c.o\x1b[0m\n'}
[23.294379] (as2_msgs) StdoutLine: {'line': b'[ 98%] \x1b[32mBuilding C object CMakeFiles/as2_msgs__rosidl_generator_py.dir/rosidl_generator_py/as2_msgs/action/_follow_reference_s.c.o\x1b[0m\n'}
[23.294979] (as2_msgs) StdoutLine: {'line': b'[ 98%] \x1b[32mBuilding C object CMakeFiles/as2_msgs__rosidl_generator_py.dir/rosidl_generator_py/as2_msgs/action/_go_to_waypoint_s.c.o\x1b[0m\n'}
[23.298205] (as2_msgs) StdoutLine: {'line': b'[ 98%] \x1b[32mBuilding C object CMakeFiles/as2_msgs__rosidl_generator_py.dir/rosidl_generator_py/as2_msgs/action/_gripper_handler_s.c.o\x1b[0m\n'}
[23.298764] (as2_msgs) StdoutLine: {'line': b'[ 98%] \x1b[32mBuilding C object CMakeFiles/as2_msgs__rosidl_generator_py.dir/rosidl_generator_py/as2_msgs/action/_land_s.c.o\x1b[0m\n'}
[23.300370] (as2_msgs) StdoutLine: {'line': b'[ 98%] \x1b[32mBuilding C object CMakeFiles/as2_msgs__rosidl_generator_py.dir/rosidl_generator_py/as2_msgs/action/_navigate_to_point_s.c.o\x1b[0m\n'}
[23.301486] (as2_msgs) StdoutLine: {'line': b'[ 99%] \x1b[32mBuilding C object CMakeFiles/as2_msgs__rosidl_generator_py.dir/rosidl_generator_py/as2_msgs/action/_mass_estimation_s.c.o\x1b[0m\n'}
[23.304224] (as2_msgs) StdoutLine: {'line': b'[ 99%] \x1b[32mBuilding C object CMakeFiles/as2_msgs__rosidl_generator_py.dir/rosidl_generator_py/as2_msgs/action/_point_gimbal_s.c.o\x1b[0m\n'}
[23.305018] (as2_msgs) StdoutLine: {'line': b'[ 99%] \x1b[32mBuilding C object CMakeFiles/as2_msgs__rosidl_generator_py.dir/rosidl_generator_py/as2_msgs/action/_precision_landing_s.c.o\x1b[0m\n'}
[23.309192] (as2_msgs) StdoutLine: {'line': b'[ 99%] \x1b[32mBuilding C object CMakeFiles/as2_msgs__rosidl_generator_py.dir/rosidl_generator_py/as2_msgs/action/_set_arming_state_s.c.o\x1b[0m\n'}
[23.311254] (as2_msgs) StdoutLine: {'line': b'[100%] \x1b[32mBuilding C object CMakeFiles/as2_msgs__rosidl_generator_py.dir/rosidl_generator_py/as2_msgs/action/_set_offboard_mode_s.c.o\x1b[0m\n'}
[23.311425] (as2_msgs) StdoutLine: {'line': b'[100%] \x1b[32mBuilding C object CMakeFiles/as2_msgs__rosidl_generator_py.dir/rosidl_generator_py/as2_msgs/action/_swarm_flocking_s.c.o\x1b[0m\n'}
[23.318106] (as2_msgs) StdoutLine: {'line': b'[100%] \x1b[32mBuilding C object CMakeFiles/as2_msgs__rosidl_generator_py.dir/rosidl_generator_py/as2_msgs/action/_takeoff_s.c.o\x1b[0m\n'}
[23.363748] (-) TimerEvent: {}
[23.440270] (as2_msgs) StdoutLine: {'line': b'[100%] \x1b[32m\x1b[1mLinking C shared library rosidl_generator_py/as2_msgs/libas2_msgs__rosidl_generator_py.so\x1b[0m\n'}
[23.463921] (-) TimerEvent: {}
[23.485231] (as2_msgs) StdoutLine: {'line': b'[100%] Built target as2_msgs__rosidl_generator_py\n'}
[23.498721] (as2_msgs) StdoutLine: {'line': b'[100%] \x1b[32mBuilding C object CMakeFiles/as2_msgs__rosidl_typesupport_introspection_c__pyext.dir/rosidl_generator_py/as2_msgs/_as2_msgs_s.ep.rosidl_typesupport_introspection_c.c.o\x1b[0m\n'}
[23.499618] (as2_msgs) StdoutLine: {'line': b'[100%] \x1b[32mBuilding C object CMakeFiles/as2_msgs__rosidl_typesupport_c__pyext.dir/rosidl_generator_py/as2_msgs/_as2_msgs_s.ep.rosidl_typesupport_c.c.o\x1b[0m\n'}
[23.500699] (as2_msgs) StdoutLine: {'line': b'[100%] \x1b[32mBuilding C object CMakeFiles/as2_msgs__rosidl_typesupport_fastrtps_c__pyext.dir/rosidl_generator_py/as2_msgs/_as2_msgs_s.ep.rosidl_typesupport_fastrtps_c.c.o\x1b[0m\n'}
[23.564097] (-) TimerEvent: {}
[23.664390] (-) TimerEvent: {}
[23.764682] (-) TimerEvent: {}
[23.854824] (as2_msgs) StdoutLine: {'line': b'[100%] \x1b[32m\x1b[1mLinking C shared library rosidl_generator_py/as2_msgs/as2_msgs_s__rosidl_typesupport_introspection_c.cpython-310-x86_64-linux-gnu.so\x1b[0m\n'}
[23.864858] (-) TimerEvent: {}
[23.868827] (as2_msgs) StdoutLine: {'line': b'[100%] \x1b[32m\x1b[1mLinking C shared library rosidl_generator_py/as2_msgs/as2_msgs_s__rosidl_typesupport_c.cpython-310-x86_64-linux-gnu.so\x1b[0m\n'}
[23.868941] (as2_msgs) StdoutLine: {'line': b'[100%] \x1b[32m\x1b[1mLinking C shared library rosidl_generator_py/as2_msgs/as2_msgs_s__rosidl_typesupport_fastrtps_c.cpython-310-x86_64-linux-gnu.so\x1b[0m\n'}
[23.902377] (as2_msgs) StdoutLine: {'line': b'[100%] Built target as2_msgs__rosidl_typesupport_introspection_c__pyext\n'}
[23.915261] (as2_msgs) StdoutLine: {'line': b'[100%] Built target as2_msgs__rosidl_typesupport_fastrtps_c__pyext\n'}
[23.916379] (as2_msgs) StdoutLine: {'line': b'[100%] Built target as2_msgs__rosidl_typesupport_c__pyext\n'}
[23.922685] (as2_msgs) CommandEnded: {'returncode': 0}
[23.923598] (as2_msgs) JobProgress: {'identifier': 'as2_msgs', 'progress': 'install'}
[23.923625] (as2_msgs) Command: {'cmd': ['/usr/bin/cmake', '--install', '/home/developer/aerostack2_ws/build/as2_msgs'], 'cwd': '/home/developer/aerostack2_ws/build/as2_msgs', 'env': OrderedDict([('GZ_SIM_SYSTEM_PLUGIN_PATH', '/opt/ros/humble/lib'), ('GZ_SIM_RESOURCE_PATH', '/opt/ros/humble/share/as2_gazebo_assets/worlds:/opt/ros/humble/share/as2_gazebo_assets/models'), ('HOSTNAME', 'lead-Predator-PHN16-71'), ('SHLVL', '1'), ('LD_LIBRARY_PATH', '/opt/ros/humble/opt/rviz_ogre_vendor/lib:/opt/ros/humble/lib/x86_64-linux-gnu:/opt/ros/humble/lib'), ('HOME', '/home/developer'), ('ROS_PYTHON_VERSION', '3'), ('ROS_DISTRO', 'humble'), ('_', '/usr/bin/colcon'), ('ROS_VERSION', '2'), ('TERM', 'xterm'), ('ROS_LOCALHOST_ONLY', '0'), ('QT_X11_NO_MITSHM', '1'), ('PATH', '/opt/ros/humble/bin:/usr/local/sbin:/usr/local/bin:/usr/sbin:/usr/bin:/sbin:/bin'), ('DISPLAY', ':1'), ('LANG', 'C.UTF-8'), ('LS_COLORS', 'rs=0:di=01;34:ln=01;36:mh=00:pi=40;33:so=01;35:do=01;35:bd=40;33;01:cd=40;33;01:or=40;31;01:mi=00:su=37;41:sg=30;43:ca=30;41:tw=30;42:ow=34;42:st=37;44:ex=01;32:*.tar=01;31:*.tgz=01;31:*.arc=01;31:*.arj=01;31:*.taz=01;31:*.lha=01;31:*.lz4=01;31:*.lzh=01;31:*.lzma=01;31:*.tlz=01;31:*.txz=01;31:*.tzo=01;31:*.t7z=01;31:*.zip=01;31:*.z=01;31:*.dz=01;31:*.gz=01;31:*.lrz=01;31:*.lz=01;31:*.lzo=01;31:*.xz=01;31:*.zst=01;31:*.tzst=01;31:*.bz2=01;31:*.bz=01;31:*.tbz=01;31:*.tbz2=01;31:*.tz=01;31:*.deb=01;31:*.rpm=01;31:*.jar=01;31:*.war=01;31:*.ear=01;31:*.sar=01;31:*.rar=01;31:*.alz=01;31:*.ace=01;31:*.zoo=01;31:*.cpio=01;31:*.7z=01;31:*.rz=01;31:*.cab=01;31:*.wim=01;31:*.swm=01;31:*.dwm=01;31:*.esd=01;31:*.jpg=01;35:*.jpeg=01;35:*.mjpg=01;35:*.mjpeg=01;35:*.gif=01;35:*.bmp=01;35:*.pbm=01;35:*.pgm=01;35:*.ppm=01;35:*.tga=01;35:*.xbm=01;35:*.xpm=01;35:*.tif=01;35:*.tiff=01;35:*.png=01;35:*.svg=01;35:*.svgz=01;35:*.mng=01;35:*.pcx=01;35:*.mov=01;35:*.mpg=01;35:*.mpeg=01;35:*.m2v=01;35:*.mkv=01;35:*.webm=01;35:*.webp=01;35:*.ogm=01;35:*.mp4=01;35:*.m4v=01;35:*.mp4v=01;35:*.vob=01;35:*.qt=01;35:*.nuv=01;35:*.wmv=01;35:*.asf=01;35:*.rm=01;35:*.rmvb=01;35:*.flc=01;35:*.avi=01;35:*.fli=01;35:*.flv=01;35:*.gl=01;35:*.dl=01;35:*.xcf=01;35:*.xwd=01;35:*.yuv=01;35:*.cgm=01;35:*.emf=01;35:*.ogv=01;35:*.ogx=01;35:*.aac=00;36:*.au=00;36:*.flac=00;36:*.m4a=00;36:*.mid=00;36:*.midi=00;36:*.mka=00;36:*.mp3=00;36:*.mpc=00;36:*.ogg=00;36:*.ra=00;36:*.wav=00;36:*.oga=00;36:*.opus=00;36:*.spx=00;36:*.xspf=00;36:'), ('AMENT_PREFIX_PATH', '/opt/ros/humble'), ('GZ_VERSION', 'fortress'), ('PWD', '/home/developer/aerostack2_ws/build/as2_msgs'), ('LC_ALL', 'C.UTF-8'), ('PYTHONPATH', '/opt/ros/humble/lib/python3.10/site-packages:/opt/ros/humble/local/lib/python3.10/dist-packages'), ('COLCON', '1'), ('CMAKE_PREFIX_PATH', '/opt/ros/humble')]), 'shell': False}
[23.929330] (as2_msgs) StdoutLine: {'line': b'-- Install configuration: ""\n'}
[23.930329] (as2_msgs) StdoutLine: {'line': b'-- Execute custom install script\n'}
[23.930556] (as2_msgs) StdoutLine: {'line': b'-- Symlinking: /home/developer/aerostack2_ws/install/as2_msgs/share/ament_index/resource_index/rosidl_interfaces/as2_msgs\n'}
[23.936721] (as2_msgs) StdoutLine: {'line': b'-- Symlinking: /home/developer/aerostack2_ws/install/as2_msgs/include/as2_msgs/as2_msgs/action/detail/detect_aruco_markers__functions.h\n'}
[23.940734] (as2_msgs) StdoutLine: {'line': b'-- Symlinking: /home/developer/aerostack2_ws/install/as2_msgs/include/as2_msgs/as2_msgs/action/detail/detect_aruco_markers__struct.h\n'}
[23.946833] (as2_msgs) StdoutLine: {'line': b'-- Symlinking: /home/developer/aerostack2_ws/install/as2_msgs/include/as2_msgs/as2_msgs/action/detail/detect_aruco_markers__type_support.h\n'}
[23.952828] (as2_msgs) StdoutLine: {'line': b'-- Symlinking: /home/developer/aerostack2_ws/install/as2_msgs/include/as2_msgs/as2_msgs/action/detail/follow_path__functions.h\n'}
[23.957804] (as2_msgs) StdoutLine: {'line': b'-- Symlinking: /home/developer/aerostack2_ws/install/as2_msgs/include/as2_msgs/as2_msgs/action/detail/follow_path__struct.h\n'}
[23.963968] (as2_msgs) StdoutLine: {'line': b'-- Symlinking: /home/developer/aerostack2_ws/install/as2_msgs/include/as2_msgs/as2_msgs/action/detail/follow_path__type_support.h\n'}
[23.965018] (-) TimerEvent: {}
[23.969780] (as2_msgs) StdoutLine: {'line': b'-- Symlinking: /home/developer/aerostack2_ws/install/as2_msgs/include/as2_msgs/as2_msgs/action/detail/follow_reference__functions.h\n'}
[23.974969] (as2_msgs) StdoutLine: {'line': b'-- Symlinking: /home/developer/aerostack2_ws/install/as2_msgs/include/as2_msgs/as2_msgs/action/detail/follow_reference__struct.h\n'}
[23.979273] (as2_msgs) StdoutLine: {'line': b'-- Symlinking: /home/developer/aerostack2_ws/install/as2_msgs/include/as2_msgs/as2_msgs/action/detail/follow_reference__type_support.h\n'}
[23.985277] (as2_msgs) StdoutLine: {'line': b'-- Symlinking: /home/developer/aerostack2_ws/install/as2_msgs/include/as2_msgs/as2_msgs/action/detail/force_estimation__functions.h\n'}
[23.990815] (as2_msgs) StdoutLine: {'line': b'-- Symlinking: /home/developer/aerostack2_ws/install/as2_msgs/include/as2_msgs/as2_msgs/action/detail/force_estimation__struct.h\n'}
[23.995352] (as2_msgs) StdoutLine: {'line': b'-- Symlinking: /home/developer/aerostack2_ws/install/as2_msgs/include/as2_msgs/as2_msgs/action/detail/force_estimation__type_support.h\n'}
[24.001480] (as2_msgs) StdoutLine: {'line': b'-- Symlinking: /home/developer/aerostack2_ws/install/as2_msgs/include/as2_msgs/as2_msgs/action/detail/generate_polynomial_trajectory__functions.h\n'}
[24.007953] (as2_msgs) StdoutLine: {'line': b'-- Symlinking: /home/developer/aerostack2_ws/install/as2_msgs/include/as2_msgs/as2_msgs/action/detail/generate_polynomial_trajectory__struct.h\n'}
[24.014222] (as2_msgs) StdoutLine: {'line': b'-- Symlinking: /home/developer/aerostack2_ws/install/as2_msgs/include/as2_msgs/as2_msgs/action/detail/generate_polynomial_trajectory__type_support.h\n'}
[24.020371] (as2_msgs) StdoutLine: {'line': b'-- Symlinking: /home/developer/aerostack2_ws/install/as2_msgs/include/as2_msgs/as2_msgs/action/detail/go_to_waypoint__functions.h\n'}
[24.026344] (as2_msgs) StdoutLine: {'line': b'-- Symlinking: /home/developer/aerostack2_ws/install/as2_msgs/include/as2_msgs/as2_msgs/action/detail/go_to_waypoint__struct.h\n'}
[24.032314] (as2_msgs) StdoutLine: {'line': b'-- Symlinking: /home/developer/aerostack2_ws/install/as2_msgs/include/as2_msgs/as2_msgs/action/detail/go_to_waypoint__type_support.h\n'}
[24.036630] (as2_msgs) StdoutLine: {'line': b'-- Symlinking: /home/developer/aerostack2_ws/install/as2_msgs/include/as2_msgs/as2_msgs/action/detail/gripper_handler__functions.h\n'}
[24.042590] (as2_msgs) StdoutLine: {'line': b'-- Symlinking: /home/developer/aerostack2_ws/install/as2_msgs/include/as2_msgs/as2_msgs/action/detail/gripper_handler__struct.h\n'}
[24.048209] (as2_msgs) StdoutLine: {'line': b'-- Symlinking: /home/developer/aerostack2_ws/install/as2_msgs/include/as2_msgs/as2_msgs/action/detail/gripper_handler__type_support.h\n'}
[24.054080] (as2_msgs) StdoutLine: {'line': b'-- Symlinking: /home/developer/aerostack2_ws/install/as2_msgs/include/as2_msgs/as2_msgs/action/detail/land__functions.h\n'}
[24.060098] (as2_msgs) StdoutLine: {'line': b'-- Symlinking: /home/developer/aerostack2_ws/install/as2_msgs/include/as2_msgs/as2_msgs/action/detail/land__struct.h\n'}
[24.065208] (-) TimerEvent: {}
[24.065942] (as2_msgs) StdoutLine: {'line': b'-- Symlinking: /home/developer/aerostack2_ws/install/as2_msgs/include/as2_msgs/as2_msgs/action/detail/land__type_support.h\n'}
[24.072706] (as2_msgs) StdoutLine: {'line': b'-- Symlinking: /home/developer/aerostack2_ws/install/as2_msgs/include/as2_msgs/as2_msgs/action/detail/mass_estimation__functions.h\n'}
[24.076900] (as2_msgs) StdoutLine: {'line': b'-- Symlinking: /home/developer/aerostack2_ws/install/as2_msgs/include/as2_msgs/as2_msgs/action/detail/mass_estimation__struct.h\n'}
[24.083234] (as2_msgs) StdoutLine: {'line': b'-- Symlinking: /home/developer/aerostack2_ws/install/as2_msgs/include/as2_msgs/as2_msgs/action/detail/mass_estimation__type_support.h\n'}
[24.089048] (as2_msgs) StdoutLine: {'line': b'-- Symlinking: /home/developer/aerostack2_ws/install/as2_msgs/include/as2_msgs/as2_msgs/action/detail/navigate_to_point__functions.h\n'}
[24.094269] (as2_msgs) StdoutLine: {'line': b'-- Symlinking: /home/developer/aerostack2_ws/install/as2_msgs/include/as2_msgs/as2_msgs/action/detail/navigate_to_point__struct.h\n'}
[24.098763] (as2_msgs) StdoutLine: {'line': b'-- Symlinking: /home/developer/aerostack2_ws/install/as2_msgs/include/as2_msgs/as2_msgs/action/detail/navigate_to_point__type_support.h\n'}
[24.104869] (as2_msgs) StdoutLine: {'line': b'-- Symlinking: /home/developer/aerostack2_ws/install/as2_msgs/include/as2_msgs/as2_msgs/action/detail/point_gimbal__functions.h\n'}
[24.110630] (as2_msgs) StdoutLine: {'line': b'-- Symlinking: /home/developer/aerostack2_ws/install/as2_msgs/include/as2_msgs/as2_msgs/action/detail/point_gimbal__struct.h\n'}
[24.115039] (as2_msgs) StdoutLine: {'line': b'-- Symlinking: /home/developer/aerostack2_ws/install/as2_msgs/include/as2_msgs/as2_msgs/action/detail/point_gimbal__type_support.h\n'}
[24.118982] (as2_msgs) StdoutLine: {'line': b'-- Symlinking: /home/developer/aerostack2_ws/install/as2_msgs/include/as2_msgs/as2_msgs/action/detail/precision_landing__functions.h\n'}
[24.122953] (as2_msgs) StdoutLine: {'line': b'-- Symlinking: /home/developer/aerostack2_ws/install/as2_msgs/include/as2_msgs/as2_msgs/action/detail/precision_landing__struct.h\n'}
[24.129036] (as2_msgs) StdoutLine: {'line': b'-- Symlinking: /home/developer/aerostack2_ws/install/as2_msgs/include/as2_msgs/as2_msgs/action/detail/precision_landing__type_support.h\n'}
[24.134112] (as2_msgs) StdoutLine: {'line': b'-- Symlinking: /home/developer/aerostack2_ws/install/as2_msgs/include/as2_msgs/as2_msgs/action/detail/set_arming_state__functions.h\n'}
[24.138014] (as2_msgs) StdoutLine: {'line': b'-- Symlinking: /home/developer/aerostack2_ws/install/as2_msgs/include/as2_msgs/as2_msgs/action/detail/set_arming_state__struct.h\n'}
[24.144086] (as2_msgs) StdoutLine: {'line': b'-- Symlinking: /home/developer/aerostack2_ws/install/as2_msgs/include/as2_msgs/as2_msgs/action/detail/set_arming_state__type_support.h\n'}
[24.149751] (as2_msgs) StdoutLine: {'line': b'-- Symlinking: /home/developer/aerostack2_ws/install/as2_msgs/include/as2_msgs/as2_msgs/action/detail/set_offboard_mode__functions.h\n'}
[24.153678] (as2_msgs) StdoutLine: {'line': b'-- Symlinking: /home/developer/aerostack2_ws/install/as2_msgs/include/as2_msgs/as2_msgs/action/detail/set_offboard_mode__struct.h\n'}
[24.157609] (as2_msgs) StdoutLine: {'line': b'-- Symlinking: /home/developer/aerostack2_ws/install/as2_msgs/include/as2_msgs/as2_msgs/action/detail/set_offboard_mode__type_support.h\n'}
[24.164312] (as2_msgs) StdoutLine: {'line': b'-- Symlinking: /home/developer/aerostack2_ws/install/as2_msgs/include/as2_msgs/as2_msgs/action/detail/swarm_flocking__functions.h\n'}
[24.165277] (-) TimerEvent: {}
[24.171119] (as2_msgs) StdoutLine: {'line': b'-- Symlinking: /home/developer/aerostack2_ws/install/as2_msgs/include/as2_msgs/as2_msgs/action/detail/swarm_flocking__struct.h\n'}
[24.176252] (as2_msgs) StdoutLine: {'line': b'-- Symlinking: /home/developer/aerostack2_ws/install/as2_msgs/include/as2_msgs/as2_msgs/action/detail/swarm_flocking__type_support.h\n'}
[24.182427] (as2_msgs) StdoutLine: {'line': b'-- Symlinking: /home/developer/aerostack2_ws/install/as2_msgs/include/as2_msgs/as2_msgs/action/detail/takeoff__functions.h\n'}
[24.188599] (as2_msgs) StdoutLine: {'line': b'-- Symlinking: /home/developer/aerostack2_ws/install/as2_msgs/include/as2_msgs/as2_msgs/action/detail/takeoff__struct.h\n'}
[24.194408] (as2_msgs) StdoutLine: {'line': b'-- Symlinking: /home/developer/aerostack2_ws/install/as2_msgs/include/as2_msgs/as2_msgs/action/detail/takeoff__type_support.h\n'}
[24.198600] (as2_msgs) StdoutLine: {'line': b'-- Symlinking: /home/developer/aerostack2_ws/install/as2_msgs/include/as2_msgs/as2_msgs/action/detect_aruco_markers.h\n'}
[24.203052] (as2_msgs) StdoutLine: {'line': b'-- Symlinking: /home/developer/aerostack2_ws/install/as2_msgs/include/as2_msgs/as2_msgs/action/follow_path.h\n'}
[24.210088] (as2_msgs) StdoutLine: {'line': b'-- Symlinking: /home/developer/aerostack2_ws/install/as2_msgs/include/as2_msgs/as2_msgs/action/follow_reference.h\n'}
[24.214840] (as2_msgs) StdoutLine: {'line': b'-- Symlinking: /home/developer/aerostack2_ws/install/as2_msgs/include/as2_msgs/as2_msgs/action/force_estimation.h\n'}
[24.218952] (as2_msgs) StdoutLine: {'line': b'-- Symlinking: /home/developer/aerostack2_ws/install/as2_msgs/include/as2_msgs/as2_msgs/action/generate_polynomial_trajectory.h\n'}
[24.223289] (as2_msgs) StdoutLine: {'line': b'-- Symlinking: /home/developer/aerostack2_ws/install/as2_msgs/include/as2_msgs/as2_msgs/action/go_to_waypoint.h\n'}
[24.227918] (as2_msgs) StdoutLine: {'line': b'-- Symlinking: /home/developer/aerostack2_ws/install/as2_msgs/include/as2_msgs/as2_msgs/action/gripper_handler.h\n'}
[24.233893] (as2_msgs) StdoutLine: {'line': b'-- Symlinking: /home/developer/aerostack2_ws/install/as2_msgs/include/as2_msgs/as2_msgs/action/land.h\n'}
[24.237705] (as2_msgs) StdoutLine: {'line': b'-- Symlinking: /home/developer/aerostack2_ws/install/as2_msgs/include/as2_msgs/as2_msgs/action/mass_estimation.h\n'}
[24.243368] (as2_msgs) StdoutLine: {'line': b'-- Symlinking: /home/developer/aerostack2_ws/install/as2_msgs/include/as2_msgs/as2_msgs/action/navigate_to_point.h\n'}
[24.249153] (as2_msgs) StdoutLine: {'line': b'-- Symlinking: /home/developer/aerostack2_ws/install/as2_msgs/include/as2_msgs/as2_msgs/action/point_gimbal.h\n'}
[24.254224] (as2_msgs) StdoutLine: {'line': b'-- Symlinking: /home/developer/aerostack2_ws/install/as2_msgs/include/as2_msgs/as2_msgs/action/precision_landing.h\n'}
[24.258404] (as2_msgs) StdoutLine: {'line': b'-- Symlinking: /home/developer/aerostack2_ws/install/as2_msgs/include/as2_msgs/as2_msgs/action/set_arming_state.h\n'}
[24.264795] (as2_msgs) StdoutLine: {'line': b'-- Symlinking: /home/developer/aerostack2_ws/install/as2_msgs/include/as2_msgs/as2_msgs/action/set_offboard_mode.h\n'}
[24.265335] (-) TimerEvent: {}
[24.271454] (as2_msgs) StdoutLine: {'line': b'-- Symlinking: /home/developer/aerostack2_ws/install/as2_msgs/include/as2_msgs/as2_msgs/action/swarm_flocking.h\n'}
[24.276032] (as2_msgs) StdoutLine: {'line': b'-- Symlinking: /home/developer/aerostack2_ws/install/as2_msgs/include/as2_msgs/as2_msgs/action/takeoff.h\n'}
[24.281072] (as2_msgs) StdoutLine: {'line': b'-- Symlinking: /home/developer/aerostack2_ws/install/as2_msgs/include/as2_msgs/as2_msgs/msg/acro.h\n'}
[24.285706] (as2_msgs) StdoutLine: {'line': b'-- Symlinking: /home/developer/aerostack2_ws/install/as2_msgs/include/as2_msgs/as2_msgs/msg/alert_event.h\n'}
[24.289720] (as2_msgs) StdoutLine: {'line': b'-- Symlinking: /home/developer/aerostack2_ws/install/as2_msgs/include/as2_msgs/as2_msgs/msg/behavior_status.h\n'}
[24.294977] (as2_msgs) StdoutLine: {'line': b'-- Symlinking: /home/developer/aerostack2_ws/install/as2_msgs/include/as2_msgs/as2_msgs/msg/control_mode.h\n'}
[24.299364] (as2_msgs) StdoutLine: {'line': b'-- Symlinking: /home/developer/aerostack2_ws/install/as2_msgs/include/as2_msgs/as2_msgs/msg/controller_info.h\n'}
[24.304605] (as2_msgs) StdoutLine: {'line': b'-- Symlinking: /home/developer/aerostack2_ws/install/as2_msgs/include/as2_msgs/as2_msgs/msg/detail/acro__functions.h\n'}
[24.310051] (as2_msgs) StdoutLine: {'line': b'-- Symlinking: /home/developer/aerostack2_ws/install/as2_msgs/include/as2_msgs/as2_msgs/msg/detail/acro__struct.h\n'}
[24.315691] (as2_msgs) StdoutLine: {'line': b'-- Symlinking: /home/developer/aerostack2_ws/install/as2_msgs/include/as2_msgs/as2_msgs/msg/detail/acro__type_support.h\n'}
[24.319823] (as2_msgs) StdoutLine: {'line': b'-- Symlinking: /home/developer/aerostack2_ws/install/as2_msgs/include/as2_msgs/as2_msgs/msg/detail/alert_event__functions.h\n'}
[24.323733] (as2_msgs) StdoutLine: {'line': b'-- Symlinking: /home/developer/aerostack2_ws/install/as2_msgs/include/as2_msgs/as2_msgs/msg/detail/alert_event__struct.h\n'}
[24.329982] (as2_msgs) StdoutLine: {'line': b'-- Symlinking: /home/developer/aerostack2_ws/install/as2_msgs/include/as2_msgs/as2_msgs/msg/detail/alert_event__type_support.h\n'}
[24.335506] (as2_msgs) StdoutLine: {'line': b'-- Symlinking: /home/developer/aerostack2_ws/install/as2_msgs/include/as2_msgs/as2_msgs/msg/detail/behavior_status__functions.h\n'}
[24.339633] (as2_msgs) StdoutLine: {'line': b'-- Symlinking: /home/developer/aerostack2_ws/install/as2_msgs/include/as2_msgs/as2_msgs/msg/detail/behavior_status__struct.h\n'}
[24.344622] (as2_msgs) StdoutLine: {'line': b'-- Symlinking: /home/developer/aerostack2_ws/install/as2_msgs/include/as2_msgs/as2_msgs/msg/detail/behavior_status__type_support.h\n'}
[24.350730] (as2_msgs) StdoutLine: {'line': b'-- Symlinking: /home/developer/aerostack2_ws/install/as2_msgs/include/as2_msgs/as2_msgs/msg/detail/control_mode__functions.h\n'}
[24.356128] (as2_msgs) StdoutLine: {'line': b'-- Symlinking: /home/developer/aerostack2_ws/install/as2_msgs/include/as2_msgs/as2_msgs/msg/detail/control_mode__struct.h\n'}
[24.360222] (as2_msgs) StdoutLine: {'line': b'-- Symlinking: /home/developer/aerostack2_ws/install/as2_msgs/include/as2_msgs/as2_msgs/msg/detail/control_mode__type_support.h\n'}
[24.365254] (as2_msgs) StdoutLine: {'line': b'-- Symlinking: /home/developer/aerostack2_ws/install/as2_msgs/include/as2_msgs/as2_msgs/msg/detail/controller_info__functions.h\n'}
[24.365394] (-) TimerEvent: {}
[24.371863] (as2_msgs) StdoutLine: {'line': b'-- Symlinking: /home/developer/aerostack2_ws/install/as2_msgs/include/as2_msgs/as2_msgs/msg/detail/controller_info__struct.h\n'}
[24.377100] (as2_msgs) StdoutLine: {'line': b'-- Symlinking: /home/developer/aerostack2_ws/install/as2_msgs/include/as2_msgs/as2_msgs/msg/detail/controller_info__type_support.h\n'}
[24.382668] (as2_msgs) StdoutLine: {'line': b'-- Symlinking: /home/developer/aerostack2_ws/install/as2_msgs/include/as2_msgs/as2_msgs/msg/detail/follow_target_info__functions.h\n'}
[24.387218] (as2_msgs) StdoutLine: {'line': b'-- Symlinking: /home/developer/aerostack2_ws/install/as2_msgs/include/as2_msgs/as2_msgs/msg/detail/follow_target_info__struct.h\n'}
[24.393483] (as2_msgs) StdoutLine: {'line': b'-- Symlinking: /home/developer/aerostack2_ws/install/as2_msgs/include/as2_msgs/as2_msgs/msg/detail/follow_target_info__type_support.h\n'}
[24.397380] (as2_msgs) StdoutLine: {'line': b'-- Symlinking: /home/developer/aerostack2_ws/install/as2_msgs/include/as2_msgs/as2_msgs/msg/detail/geozone__functions.h\n'}
[24.402219] (as2_msgs) StdoutLine: {'line': b'-- Symlinking: /home/developer/aerostack2_ws/install/as2_msgs/include/as2_msgs/as2_msgs/msg/detail/geozone__struct.h\n'}
[24.406874] (as2_msgs) StdoutLine: {'line': b'-- Symlinking: /home/developer/aerostack2_ws/install/as2_msgs/include/as2_msgs/as2_msgs/msg/detail/geozone__type_support.h\n'}
[24.411555] (as2_msgs) StdoutLine: {'line': b'-- Symlinking: /home/developer/aerostack2_ws/install/as2_msgs/include/as2_msgs/as2_msgs/msg/detail/gimbal_control__functions.h\n'}
[24.415877] (as2_msgs) StdoutLine: {'line': b'-- Symlinking: /home/developer/aerostack2_ws/install/as2_msgs/include/as2_msgs/as2_msgs/msg/detail/gimbal_control__struct.h\n'}
[24.419991] (as2_msgs) StdoutLine: {'line': b'-- Symlinking: /home/developer/aerostack2_ws/install/as2_msgs/include/as2_msgs/as2_msgs/msg/detail/gimbal_control__type_support.h\n'}
[24.424926] (as2_msgs) StdoutLine: {'line': b'-- Symlinking: /home/developer/aerostack2_ws/install/as2_msgs/include/as2_msgs/as2_msgs/msg/detail/mission_event__functions.h\n'}
[24.428989] (as2_msgs) StdoutLine: {'line': b'-- Symlinking: /home/developer/aerostack2_ws/install/as2_msgs/include/as2_msgs/as2_msgs/msg/detail/mission_event__struct.h\n'}
[24.435062] (as2_msgs) StdoutLine: {'line': b'-- Symlinking: /home/developer/aerostack2_ws/install/as2_msgs/include/as2_msgs/as2_msgs/msg/detail/mission_event__type_support.h\n'}
[24.439505] (as2_msgs) StdoutLine: {'line': b'-- Symlinking: /home/developer/aerostack2_ws/install/as2_msgs/include/as2_msgs/as2_msgs/msg/detail/mission_update__functions.h\n'}
[24.444628] (as2_msgs) StdoutLine: {'line': b'-- Symlinking: /home/developer/aerostack2_ws/install/as2_msgs/include/as2_msgs/as2_msgs/msg/detail/mission_update__struct.h\n'}
[24.449947] (as2_msgs) StdoutLine: {'line': b'-- Symlinking: /home/developer/aerostack2_ws/install/as2_msgs/include/as2_msgs/as2_msgs/msg/detail/mission_update__type_support.h\n'}
[24.455661] (as2_msgs) StdoutLine: {'line': b'-- Symlinking: /home/developer/aerostack2_ws/install/as2_msgs/include/as2_msgs/as2_msgs/msg/detail/node_status__functions.h\n'}
[24.459975] (as2_msgs) StdoutLine: {'line': b'-- Symlinking: /home/developer/aerostack2_ws/install/as2_msgs/include/as2_msgs/as2_msgs/msg/detail/node_status__struct.h\n'}
[24.464861] (as2_msgs) StdoutLine: {'line': b'-- Symlinking: /home/developer/aerostack2_ws/install/as2_msgs/include/as2_msgs/as2_msgs/msg/detail/node_status__type_support.h\n'}
[24.465504] (-) TimerEvent: {}
[24.470175] (as2_msgs) StdoutLine: {'line': b'-- Symlinking: /home/developer/aerostack2_ws/install/as2_msgs/include/as2_msgs/as2_msgs/msg/detail/platform_info__functions.h\n'}
[24.476113] (as2_msgs) StdoutLine: {'line': b'-- Symlinking: /home/developer/aerostack2_ws/install/as2_msgs/include/as2_msgs/as2_msgs/msg/detail/platform_info__struct.h\n'}
[24.480283] (as2_msgs) StdoutLine: {'line': b'-- Symlinking: /home/developer/aerostack2_ws/install/as2_msgs/include/as2_msgs/as2_msgs/msg/detail/platform_info__type_support.h\n'}
[24.485338] (as2_msgs) StdoutLine: {'line': b'-- Symlinking: /home/developer/aerostack2_ws/install/as2_msgs/include/as2_msgs/as2_msgs/msg/detail/platform_state_machine_event__functions.h\n'}
[24.490289] (as2_msgs) StdoutLine: {'line': b'-- Symlinking: /home/developer/aerostack2_ws/install/as2_msgs/include/as2_msgs/as2_msgs/msg/detail/platform_state_machine_event__struct.h\n'}
[24.495897] (as2_msgs) StdoutLine: {'line': b'-- Symlinking: /home/developer/aerostack2_ws/install/as2_msgs/include/as2_msgs/as2_msgs/msg/detail/platform_state_machine_event__type_support.h\n'}
[24.501683] (as2_msgs) StdoutLine: {'line': b'-- Symlinking: /home/developer/aerostack2_ws/install/as2_msgs/include/as2_msgs/as2_msgs/msg/detail/platform_status__functions.h\n'}
[24.505667] (as2_msgs) StdoutLine: {'line': b'-- Symlinking: /home/developer/aerostack2_ws/install/as2_msgs/include/as2_msgs/as2_msgs/msg/detail/platform_status__struct.h\n'}
[24.510569] (as2_msgs) StdoutLine: {'line': b'-- Symlinking: /home/developer/aerostack2_ws/install/as2_msgs/include/as2_msgs/as2_msgs/msg/detail/platform_status__type_support.h\n'}
[24.515994] (as2_msgs) StdoutLine: {'line': b'-- Symlinking: /home/developer/aerostack2_ws/install/as2_msgs/include/as2_msgs/as2_msgs/msg/detail/polygon_list__functions.h\n'}
[24.520085] (as2_msgs) StdoutLine: {'line': b'-- Symlinking: /home/developer/aerostack2_ws/install/as2_msgs/include/as2_msgs/as2_msgs/msg/detail/polygon_list__struct.h\n'}
[24.524857] (as2_msgs) StdoutLine: {'line': b'-- Symlinking: /home/developer/aerostack2_ws/install/as2_msgs/include/as2_msgs/as2_msgs/msg/detail/polygon_list__type_support.h\n'}
[24.528620] (as2_msgs) StdoutLine: {'line': b'-- Symlinking: /home/developer/aerostack2_ws/install/as2_msgs/include/as2_msgs/as2_msgs/msg/detail/pose_stamped_with_id__functions.h\n'}
[24.532431] (as2_msgs) StdoutLine: {'line': b'-- Symlinking: /home/developer/aerostack2_ws/install/as2_msgs/include/as2_msgs/as2_msgs/msg/detail/pose_stamped_with_id__struct.h\n'}
[24.536987] (as2_msgs) StdoutLine: {'line': b'-- Symlinking: /home/developer/aerostack2_ws/install/as2_msgs/include/as2_msgs/as2_msgs/msg/detail/pose_stamped_with_id__type_support.h\n'}
[24.542687] (as2_msgs) StdoutLine: {'line': b'-- Symlinking: /home/developer/aerostack2_ws/install/as2_msgs/include/as2_msgs/as2_msgs/msg/detail/pose_stamped_with_id_array__functions.h\n'}
[24.546689] (as2_msgs) StdoutLine: {'line': b'-- Symlinking: /home/developer/aerostack2_ws/install/as2_msgs/include/as2_msgs/as2_msgs/msg/detail/pose_stamped_with_id_array__struct.h\n'}
[24.551426] (as2_msgs) StdoutLine: {'line': b'-- Symlinking: /home/developer/aerostack2_ws/install/as2_msgs/include/as2_msgs/as2_msgs/msg/detail/pose_stamped_with_id_array__type_support.h\n'}
[24.556491] (as2_msgs) StdoutLine: {'line': b'-- Symlinking: /home/developer/aerostack2_ws/install/as2_msgs/include/as2_msgs/as2_msgs/msg/detail/pose_with_id__functions.h\n'}
[24.562479] (as2_msgs) StdoutLine: {'line': b'-- Symlinking: /home/developer/aerostack2_ws/install/as2_msgs/include/as2_msgs/as2_msgs/msg/detail/pose_with_id__struct.h\n'}
[24.565630] (-) TimerEvent: {}
[24.566592] (as2_msgs) StdoutLine: {'line': b'-- Symlinking: /home/developer/aerostack2_ws/install/as2_msgs/include/as2_msgs/as2_msgs/msg/detail/pose_with_id__type_support.h\n'}
[24.571652] (as2_msgs) StdoutLine: {'line': b'-- Symlinking: /home/developer/aerostack2_ws/install/as2_msgs/include/as2_msgs/as2_msgs/msg/detail/pose_with_id_array__functions.h\n'}
[24.577028] (as2_msgs) StdoutLine: {'line': b'-- Symlinking: /home/developer/aerostack2_ws/install/as2_msgs/include/as2_msgs/as2_msgs/msg/detail/pose_with_id_array__struct.h\n'}
[24.580809] (as2_msgs) StdoutLine: {'line': b'-- Symlinking: /home/developer/aerostack2_ws/install/as2_msgs/include/as2_msgs/as2_msgs/msg/detail/pose_with_id_array__type_support.h\n'}
[24.584941] (as2_msgs) StdoutLine: {'line': b'-- Symlinking: /home/developer/aerostack2_ws/install/as2_msgs/include/as2_msgs/as2_msgs/msg/detail/speed__functions.h\n'}
[24.590525] (as2_msgs) StdoutLine: {'line': b'-- Symlinking: /home/developer/aerostack2_ws/install/as2_msgs/include/as2_msgs/as2_msgs/msg/detail/speed__struct.h\n'}
[24.595898] (as2_msgs) StdoutLine: {'line': b'-- Symlinking: /home/developer/aerostack2_ws/install/as2_msgs/include/as2_msgs/as2_msgs/msg/detail/speed__type_support.h\n'}
[24.602019] (as2_msgs) StdoutLine: {'line': b'-- Symlinking: /home/developer/aerostack2_ws/install/as2_msgs/include/as2_msgs/as2_msgs/msg/detail/thrust__functions.h\n'}
[24.607950] (as2_msgs) StdoutLine: {'line': b'-- Symlinking: /home/developer/aerostack2_ws/install/as2_msgs/include/as2_msgs/as2_msgs/msg/detail/thrust__struct.h\n'}
[24.612472] (as2_msgs) StdoutLine: {'line': b'-- Symlinking: /home/developer/aerostack2_ws/install/as2_msgs/include/as2_msgs/as2_msgs/msg/detail/thrust__type_support.h\n'}
[24.617834] (as2_msgs) StdoutLine: {'line': b'-- Symlinking: /home/developer/aerostack2_ws/install/as2_msgs/include/as2_msgs/as2_msgs/msg/detail/traj_gen_info__functions.h\n'}
[24.622089] (as2_msgs) StdoutLine: {'line': b'-- Symlinking: /home/developer/aerostack2_ws/install/as2_msgs/include/as2_msgs/as2_msgs/msg/detail/traj_gen_info__struct.h\n'}
[24.626373] (as2_msgs) StdoutLine: {'line': b'-- Symlinking: /home/developer/aerostack2_ws/install/as2_msgs/include/as2_msgs/as2_msgs/msg/detail/traj_gen_info__type_support.h\n'}
[24.631714] (as2_msgs) StdoutLine: {'line': b'-- Symlinking: /home/developer/aerostack2_ws/install/as2_msgs/include/as2_msgs/as2_msgs/msg/detail/trajectory_point__functions.h\n'}
[24.636747] (as2_msgs) StdoutLine: {'line': b'-- Symlinking: /home/developer/aerostack2_ws/install/as2_msgs/include/as2_msgs/as2_msgs/msg/detail/trajectory_point__struct.h\n'}
[24.640700] (as2_msgs) StdoutLine: {'line': b'-- Symlinking: /home/developer/aerostack2_ws/install/as2_msgs/include/as2_msgs/as2_msgs/msg/detail/trajectory_point__type_support.h\n'}
[24.645069] (as2_msgs) StdoutLine: {'line': b'-- Symlinking: /home/developer/aerostack2_ws/install/as2_msgs/include/as2_msgs/as2_msgs/msg/detail/trajectory_setpoints__functions.h\n'}
[24.649047] (as2_msgs) StdoutLine: {'line': b'-- Symlinking: /home/developer/aerostack2_ws/install/as2_msgs/include/as2_msgs/as2_msgs/msg/detail/trajectory_setpoints__struct.h\n'}
[24.653025] (as2_msgs) StdoutLine: {'line': b'-- Symlinking: /home/developer/aerostack2_ws/install/as2_msgs/include/as2_msgs/as2_msgs/msg/detail/trajectory_setpoints__type_support.h\n'}
[24.657231] (as2_msgs) StdoutLine: {'line': b'-- Symlinking: /home/developer/aerostack2_ws/install/as2_msgs/include/as2_msgs/as2_msgs/msg/detail/u_int16_multi_array_stamped__functions.h\n'}
[24.663399] (as2_msgs) StdoutLine: {'line': b'-- Symlinking: /home/developer/aerostack2_ws/install/as2_msgs/include/as2_msgs/as2_msgs/msg/detail/u_int16_multi_array_stamped__struct.h\n'}
[24.665790] (-) TimerEvent: {}
[24.668496] (as2_msgs) StdoutLine: {'line': b'-- Symlinking: /home/developer/aerostack2_ws/install/as2_msgs/include/as2_msgs/as2_msgs/msg/detail/u_int16_multi_array_stamped__type_support.h\n'}
[24.673352] (as2_msgs) StdoutLine: {'line': b'-- Symlinking: /home/developer/aerostack2_ws/install/as2_msgs/include/as2_msgs/as2_msgs/msg/detail/yaw_mode__functions.h\n'}
[24.677684] (as2_msgs) StdoutLine: {'line': b'-- Symlinking: /home/developer/aerostack2_ws/install/as2_msgs/include/as2_msgs/as2_msgs/msg/detail/yaw_mode__struct.h\n'}
[24.683978] (as2_msgs) StdoutLine: {'line': b'-- Symlinking: /home/developer/aerostack2_ws/install/as2_msgs/include/as2_msgs/as2_msgs/msg/detail/yaw_mode__type_support.h\n'}
[24.688339] (as2_msgs) StdoutLine: {'line': b'-- Symlinking: /home/developer/aerostack2_ws/install/as2_msgs/include/as2_msgs/as2_msgs/msg/follow_target_info.h\n'}
[24.693092] (as2_msgs) StdoutLine: {'line': b'-- Symlinking: /home/developer/aerostack2_ws/install/as2_msgs/include/as2_msgs/as2_msgs/msg/geozone.h\n'}
[24.697393] (as2_msgs) StdoutLine: {'line': b'-- Symlinking: /home/developer/aerostack2_ws/install/as2_msgs/include/as2_msgs/as2_msgs/msg/gimbal_control.h\n'}
[24.703514] (as2_msgs) StdoutLine: {'line': b'-- Symlinking: /home/developer/aerostack2_ws/install/as2_msgs/include/as2_msgs/as2_msgs/msg/mission_event.h\n'}
[24.708773] (as2_msgs) StdoutLine: {'line': b'-- Symlinking: /home/developer/aerostack2_ws/install/as2_msgs/include/as2_msgs/as2_msgs/msg/mission_update.h\n'}
[24.713882] (as2_msgs) StdoutLine: {'line': b'-- Symlinking: /home/developer/aerostack2_ws/install/as2_msgs/include/as2_msgs/as2_msgs/msg/node_status.h\n'}
[24.717757] (as2_msgs) StdoutLine: {'line': b'-- Symlinking: /home/developer/aerostack2_ws/install/as2_msgs/include/as2_msgs/as2_msgs/msg/platform_info.h\n'}
[24.722023] (as2_msgs) StdoutLine: {'line': b'-- Symlinking: /home/developer/aerostack2_ws/install/as2_msgs/include/as2_msgs/as2_msgs/msg/platform_state_machine_event.h\n'}
[24.726660] (as2_msgs) StdoutLine: {'line': b'-- Symlinking: /home/developer/aerostack2_ws/install/as2_msgs/include/as2_msgs/as2_msgs/msg/platform_status.h\n'}
[24.730281] (as2_msgs) StdoutLine: {'line': b'-- Symlinking: /home/developer/aerostack2_ws/install/as2_msgs/include/as2_msgs/as2_msgs/msg/polygon_list.h\n'}
[24.735076] (as2_msgs) StdoutLine: {'line': b'-- Symlinking: /home/developer/aerostack2_ws/install/as2_msgs/include/as2_msgs/as2_msgs/msg/pose_stamped_with_id.h\n'}
[24.739373] (as2_msgs) StdoutLine: {'line': b'-- Symlinking: /home/developer/aerostack2_ws/install/as2_msgs/include/as2_msgs/as2_msgs/msg/pose_stamped_with_id_array.h\n'}
[24.744913] (as2_msgs) StdoutLine: {'line': b'-- Symlinking: /home/developer/aerostack2_ws/install/as2_msgs/include/as2_msgs/as2_msgs/msg/pose_with_id.h\n'}
[24.750699] (as2_msgs) StdoutLine: {'line': b'-- Symlinking: /home/developer/aerostack2_ws/install/as2_msgs/include/as2_msgs/as2_msgs/msg/pose_with_id_array.h\n'}
[24.755678] (as2_msgs) StdoutLine: {'line': b'-- Symlinking: /home/developer/aerostack2_ws/install/as2_msgs/include/as2_msgs/as2_msgs/msg/rosidl_generator_c__visibility_control.h\n'}
[24.760654] (as2_msgs) StdoutLine: {'line': b'-- Symlinking: /home/developer/aerostack2_ws/install/as2_msgs/include/as2_msgs/as2_msgs/msg/speed.h\n'}
[24.765972] (-) TimerEvent: {}
[24.766596] (as2_msgs) StdoutLine: {'line': b'-- Symlinking: /home/developer/aerostack2_ws/install/as2_msgs/include/as2_msgs/as2_msgs/msg/thrust.h\n'}
[24.770802] (as2_msgs) StdoutLine: {'line': b'-- Symlinking: /home/developer/aerostack2_ws/install/as2_msgs/include/as2_msgs/as2_msgs/msg/traj_gen_info.h\n'}
[24.775013] (as2_msgs) StdoutLine: {'line': b'-- Symlinking: /home/developer/aerostack2_ws/install/as2_msgs/include/as2_msgs/as2_msgs/msg/trajectory_point.h\n'}
[24.779580] (as2_msgs) StdoutLine: {'line': b'-- Symlinking: /home/developer/aerostack2_ws/install/as2_msgs/include/as2_msgs/as2_msgs/msg/trajectory_setpoints.h\n'}
[24.783065] (as2_msgs) StdoutLine: {'line': b'-- Symlinking: /home/developer/aerostack2_ws/install/as2_msgs/include/as2_msgs/as2_msgs/msg/u_int16_multi_array_stamped.h\n'}
[24.788447] (as2_msgs) StdoutLine: {'line': b'-- Symlinking: /home/developer/aerostack2_ws/install/as2_msgs/include/as2_msgs/as2_msgs/msg/yaw_mode.h\n'}
[24.794197] (as2_msgs) StdoutLine: {'line': b'-- Symlinking: /home/developer/aerostack2_ws/install/as2_msgs/include/as2_msgs/as2_msgs/srv/add_static_transform.h\n'}
[24.798218] (as2_msgs) StdoutLine: {'line': b'-- Symlinking: /home/developer/aerostack2_ws/install/as2_msgs/include/as2_msgs/as2_msgs/srv/add_static_transform_gps.h\n'}
[24.804287] (as2_msgs) StdoutLine: {'line': b'-- Symlinking: /home/developer/aerostack2_ws/install/as2_msgs/include/as2_msgs/as2_msgs/srv/detail/add_static_transform__functions.h\n'}
[24.809499] (as2_msgs) StdoutLine: {'line': b'-- Symlinking: /home/developer/aerostack2_ws/install/as2_msgs/include/as2_msgs/as2_msgs/srv/detail/add_static_transform__struct.h\n'}
[24.815845] (as2_msgs) StdoutLine: {'line': b'-- Symlinking: /home/developer/aerostack2_ws/install/as2_msgs/include/as2_msgs/as2_msgs/srv/detail/add_static_transform__type_support.h\n'}
[24.820623] (as2_msgs) StdoutLine: {'line': b'-- Symlinking: /home/developer/aerostack2_ws/install/as2_msgs/include/as2_msgs/as2_msgs/srv/detail/add_static_transform_gps__functions.h\n'}
[24.827081] (as2_msgs) StdoutLine: {'line': b'-- Symlinking: /home/developer/aerostack2_ws/install/as2_msgs/include/as2_msgs/as2_msgs/srv/detail/add_static_transform_gps__struct.h\n'}
[24.831042] (as2_msgs) StdoutLine: {'line': b'-- Symlinking: /home/developer/aerostack2_ws/install/as2_msgs/include/as2_msgs/as2_msgs/srv/detail/add_static_transform_gps__type_support.h\n'}
[24.835645] (as2_msgs) StdoutLine: {'line': b'-- Symlinking: /home/developer/aerostack2_ws/install/as2_msgs/include/as2_msgs/as2_msgs/srv/detail/dynamic_follower__functions.h\n'}
[24.840087] (as2_msgs) StdoutLine: {'line': b'-- Symlinking: /home/developer/aerostack2_ws/install/as2_msgs/include/as2_msgs/as2_msgs/srv/detail/dynamic_follower__struct.h\n'}
[24.846155] (as2_msgs) StdoutLine: {'line': b'-- Symlinking: /home/developer/aerostack2_ws/install/as2_msgs/include/as2_msgs/as2_msgs/srv/detail/dynamic_follower__type_support.h\n'}
[24.850404] (as2_msgs) StdoutLine: {'line': b'-- Symlinking: /home/developer/aerostack2_ws/install/as2_msgs/include/as2_msgs/as2_msgs/srv/detail/dynamic_land__functions.h\n'}
[24.856441] (as2_msgs) StdoutLine: {'line': b'-- Symlinking: /home/developer/aerostack2_ws/install/as2_msgs/include/as2_msgs/as2_msgs/srv/detail/dynamic_land__struct.h\n'}
[24.861018] (as2_msgs) StdoutLine: {'line': b'-- Symlinking: /home/developer/aerostack2_ws/install/as2_msgs/include/as2_msgs/as2_msgs/srv/detail/dynamic_land__type_support.h\n'}
[24.866162] (-) TimerEvent: {}
[24.867010] (as2_msgs) StdoutLine: {'line': b'-- Symlinking: /home/developer/aerostack2_ws/install/as2_msgs/include/as2_msgs/as2_msgs/srv/detail/geopath_to_path__functions.h\n'}
[24.870977] (as2_msgs) StdoutLine: {'line': b'-- Symlinking: /home/developer/aerostack2_ws/install/as2_msgs/include/as2_msgs/as2_msgs/srv/detail/geopath_to_path__struct.h\n'}
[24.875974] (as2_msgs) StdoutLine: {'line': b'-- Symlinking: /home/developer/aerostack2_ws/install/as2_msgs/include/as2_msgs/as2_msgs/srv/detail/geopath_to_path__type_support.h\n'}
[24.880173] (as2_msgs) StdoutLine: {'line': b'-- Symlinking: /home/developer/aerostack2_ws/install/as2_msgs/include/as2_msgs/as2_msgs/srv/detail/get_geozone__functions.h\n'}
[24.884510] (as2_msgs) StdoutLine: {'line': b'-- Symlinking: /home/developer/aerostack2_ws/install/as2_msgs/include/as2_msgs/as2_msgs/srv/detail/get_geozone__struct.h\n'}
[24.888842] (as2_msgs) StdoutLine: {'line': b'-- Symlinking: /home/developer/aerostack2_ws/install/as2_msgs/include/as2_msgs/as2_msgs/srv/detail/get_geozone__type_support.h\n'}
[24.892735] (as2_msgs) StdoutLine: {'line': b'-- Symlinking: /home/developer/aerostack2_ws/install/as2_msgs/include/as2_msgs/as2_msgs/srv/detail/get_origin__functions.h\n'}
[24.897036] (as2_msgs) StdoutLine: {'line': b'-- Symlinking: /home/developer/aerostack2_ws/install/as2_msgs/include/as2_msgs/as2_msgs/srv/detail/get_origin__struct.h\n'}
[24.900958] (as2_msgs) StdoutLine: {'line': b'-- Symlinking: /home/developer/aerostack2_ws/install/as2_msgs/include/as2_msgs/as2_msgs/srv/detail/get_origin__type_support.h\n'}
[24.905320] (as2_msgs) StdoutLine: {'line': b'-- Symlinking: /home/developer/aerostack2_ws/install/as2_msgs/include/as2_msgs/as2_msgs/srv/detail/list_control_modes__functions.h\n'}
[24.910775] (as2_msgs) StdoutLine: {'line': b'-- Symlinking: /home/developer/aerostack2_ws/install/as2_msgs/include/as2_msgs/as2_msgs/srv/detail/list_control_modes__struct.h\n'}
[24.916505] (as2_msgs) StdoutLine: {'line': b'-- Symlinking: /home/developer/aerostack2_ws/install/as2_msgs/include/as2_msgs/as2_msgs/srv/detail/list_control_modes__type_support.h\n'}
[24.920654] (as2_msgs) StdoutLine: {'line': b'-- Symlinking: /home/developer/aerostack2_ws/install/as2_msgs/include/as2_msgs/as2_msgs/srv/detail/modify_swarm__functions.h\n'}
[24.926209] (as2_msgs) StdoutLine: {'line': b'-- Symlinking: /home/developer/aerostack2_ws/install/as2_msgs/include/as2_msgs/as2_msgs/srv/detail/modify_swarm__struct.h\n'}
[24.930681] (as2_msgs) StdoutLine: {'line': b'-- Symlinking: /home/developer/aerostack2_ws/install/as2_msgs/include/as2_msgs/as2_msgs/srv/detail/modify_swarm__type_support.h\n'}
[24.936444] (as2_msgs) StdoutLine: {'line': b'-- Symlinking: /home/developer/aerostack2_ws/install/as2_msgs/include/as2_msgs/as2_msgs/srv/detail/package_pick_up__functions.h\n'}
[24.940966] (as2_msgs) StdoutLine: {'line': b'-- Symlinking: /home/developer/aerostack2_ws/install/as2_msgs/include/as2_msgs/as2_msgs/srv/detail/package_pick_up__struct.h\n'}
[24.945317] (as2_msgs) StdoutLine: {'line': b'-- Symlinking: /home/developer/aerostack2_ws/install/as2_msgs/include/as2_msgs/as2_msgs/srv/detail/package_pick_up__type_support.h\n'}
[24.950002] (as2_msgs) StdoutLine: {'line': b'-- Symlinking: /home/developer/aerostack2_ws/install/as2_msgs/include/as2_msgs/as2_msgs/srv/detail/package_un_pick__functions.h\n'}
[24.955595] (as2_msgs) StdoutLine: {'line': b'-- Symlinking: /home/developer/aerostack2_ws/install/as2_msgs/include/as2_msgs/as2_msgs/srv/detail/package_un_pick__struct.h\n'}
[24.960507] (as2_msgs) StdoutLine: {'line': b'-- Symlinking: /home/developer/aerostack2_ws/install/as2_msgs/include/as2_msgs/as2_msgs/srv/detail/package_un_pick__type_support.h\n'}
[24.966218] (-) TimerEvent: {}
[24.966537] (as2_msgs) StdoutLine: {'line': b'-- Symlinking: /home/developer/aerostack2_ws/install/as2_msgs/include/as2_msgs/as2_msgs/srv/detail/path_to_geopath__functions.h\n'}
[24.971194] (as2_msgs) StdoutLine: {'line': b'-- Symlinking: /home/developer/aerostack2_ws/install/as2_msgs/include/as2_msgs/as2_msgs/srv/detail/path_to_geopath__struct.h\n'}
[24.976350] (as2_msgs) StdoutLine: {'line': b'-- Symlinking: /home/developer/aerostack2_ws/install/as2_msgs/include/as2_msgs/as2_msgs/srv/detail/path_to_geopath__type_support.h\n'}
[24.980179] (as2_msgs) StdoutLine: {'line': b'-- Symlinking: /home/developer/aerostack2_ws/install/as2_msgs/include/as2_msgs/as2_msgs/srv/detail/set_control_mode__functions.h\n'}
[24.984303] (as2_msgs) StdoutLine: {'line': b'-- Symlinking: /home/developer/aerostack2_ws/install/as2_msgs/include/as2_msgs/as2_msgs/srv/detail/set_control_mode__struct.h\n'}
[24.989595] (as2_msgs) StdoutLine: {'line': b'-- Symlinking: /home/developer/aerostack2_ws/install/as2_msgs/include/as2_msgs/as2_msgs/srv/detail/set_control_mode__type_support.h\n'}
[24.995669] (as2_msgs) StdoutLine: {'line': b'-- Symlinking: /home/developer/aerostack2_ws/install/as2_msgs/include/as2_msgs/as2_msgs/srv/detail/set_geozone__functions.h\n'}
[25.000725] (as2_msgs) StdoutLine: {'line': b'-- Symlinking: /home/developer/aerostack2_ws/install/as2_msgs/include/as2_msgs/as2_msgs/srv/detail/set_geozone__struct.h\n'}
[25.004598] (as2_msgs) StdoutLine: {'line': b'-- Symlinking: /home/developer/aerostack2_ws/install/as2_msgs/include/as2_msgs/as2_msgs/srv/detail/set_geozone__type_support.h\n'}
[25.010570] (as2_msgs) StdoutLine: {'line': b'-- Symlinking: /home/developer/aerostack2_ws/install/as2_msgs/include/as2_msgs/as2_msgs/srv/detail/set_origin__functions.h\n'}
[25.016217] (as2_msgs) StdoutLine: {'line': b'-- Symlinking: /home/developer/aerostack2_ws/install/as2_msgs/include/as2_msgs/as2_msgs/srv/detail/set_origin__struct.h\n'}
[25.022875] (as2_msgs) StdoutLine: {'line': b'-- Symlinking: /home/developer/aerostack2_ws/install/as2_msgs/include/as2_msgs/as2_msgs/srv/detail/set_origin__type_support.h\n'}
[25.029658] (as2_msgs) StdoutLine: {'line': b'-- Symlinking: /home/developer/aerostack2_ws/install/as2_msgs/include/as2_msgs/as2_msgs/srv/detail/set_platform_state_machine_event__functions.h\n'}
[25.035596] (as2_msgs) StdoutLine: {'line': b'-- Symlinking: /home/developer/aerostack2_ws/install/as2_msgs/include/as2_msgs/as2_msgs/srv/detail/set_platform_state_machine_event__struct.h\n'}
[25.040770] (as2_msgs) StdoutLine: {'line': b'-- Symlinking: /home/developer/aerostack2_ws/install/as2_msgs/include/as2_msgs/as2_msgs/srv/detail/set_platform_state_machine_event__type_support.h\n'}
[25.045039] (as2_msgs) StdoutLine: {'line': b'-- Symlinking: /home/developer/aerostack2_ws/install/as2_msgs/include/as2_msgs/as2_msgs/srv/detail/set_speed__functions.h\n'}
[25.050415] (as2_msgs) StdoutLine: {'line': b'-- Symlinking: /home/developer/aerostack2_ws/install/as2_msgs/include/as2_msgs/as2_msgs/srv/detail/set_speed__struct.h\n'}
[25.055848] (as2_msgs) StdoutLine: {'line': b'-- Symlinking: /home/developer/aerostack2_ws/install/as2_msgs/include/as2_msgs/as2_msgs/srv/detail/set_speed__type_support.h\n'}
[25.060749] (as2_msgs) StdoutLine: {'line': b'-- Symlinking: /home/developer/aerostack2_ws/install/as2_msgs/include/as2_msgs/as2_msgs/srv/dynamic_follower.h\n'}
[25.064690] (as2_msgs) StdoutLine: {'line': b'-- Symlinking: /home/developer/aerostack2_ws/install/as2_msgs/include/as2_msgs/as2_msgs/srv/dynamic_land.h\n'}
[25.066326] (-) TimerEvent: {}
[25.069243] (as2_msgs) StdoutLine: {'line': b'-- Symlinking: /home/developer/aerostack2_ws/install/as2_msgs/include/as2_msgs/as2_msgs/srv/geopath_to_path.h\n'}
[25.073494] (as2_msgs) StdoutLine: {'line': b'-- Symlinking: /home/developer/aerostack2_ws/install/as2_msgs/include/as2_msgs/as2_msgs/srv/get_geozone.h\n'}
[25.077763] (as2_msgs) StdoutLine: {'line': b'-- Symlinking: /home/developer/aerostack2_ws/install/as2_msgs/include/as2_msgs/as2_msgs/srv/get_origin.h\n'}
[25.081741] (as2_msgs) StdoutLine: {'line': b'-- Symlinking: /home/developer/aerostack2_ws/install/as2_msgs/include/as2_msgs/as2_msgs/srv/list_control_modes.h\n'}
[25.085540] (as2_msgs) StdoutLine: {'line': b'-- Symlinking: /home/developer/aerostack2_ws/install/as2_msgs/include/as2_msgs/as2_msgs/srv/modify_swarm.h\n'}
[25.090682] (as2_msgs) StdoutLine: {'line': b'-- Symlinking: /home/developer/aerostack2_ws/install/as2_msgs/include/as2_msgs/as2_msgs/srv/package_pick_up.h\n'}
[25.096084] (as2_msgs) StdoutLine: {'line': b'-- Symlinking: /home/developer/aerostack2_ws/install/as2_msgs/include/as2_msgs/as2_msgs/srv/package_un_pick.h\n'}
[25.101081] (as2_msgs) StdoutLine: {'line': b'-- Symlinking: /home/developer/aerostack2_ws/install/as2_msgs/include/as2_msgs/as2_msgs/srv/path_to_geopath.h\n'}
[25.105495] (as2_msgs) StdoutLine: {'line': b'-- Symlinking: /home/developer/aerostack2_ws/install/as2_msgs/include/as2_msgs/as2_msgs/srv/set_control_mode.h\n'}
[25.111130] (as2_msgs) StdoutLine: {'line': b'-- Symlinking: /home/developer/aerostack2_ws/install/as2_msgs/include/as2_msgs/as2_msgs/srv/set_geozone.h\n'}
[25.116326] (as2_msgs) StdoutLine: {'line': b'-- Symlinking: /home/developer/aerostack2_ws/install/as2_msgs/include/as2_msgs/as2_msgs/srv/set_origin.h\n'}
[25.120669] (as2_msgs) StdoutLine: {'line': b'-- Symlinking: /home/developer/aerostack2_ws/install/as2_msgs/include/as2_msgs/as2_msgs/srv/set_platform_state_machine_event.h\n'}
[25.124664] (as2_msgs) StdoutLine: {'line': b'-- Symlinking: /home/developer/aerostack2_ws/install/as2_msgs/include/as2_msgs/as2_msgs/srv/set_speed.h\n'}
[25.128659] (as2_msgs) StdoutLine: {'line': b'-- Symlinking: /home/developer/aerostack2_ws/install/as2_msgs/share/as2_msgs/environment/library_path.sh\n'}
[25.132888] (as2_msgs) StdoutLine: {'line': b'-- Symlinking: /home/developer/aerostack2_ws/install/as2_msgs/share/as2_msgs/environment/library_path.dsv\n'}
[25.138463] (as2_msgs) StdoutLine: {'line': b'-- Symlinking: /home/developer/aerostack2_ws/install/as2_msgs/include/as2_msgs/as2_msgs/action/detail/detect_aruco_markers__rosidl_typesupport_fastrtps_c.h\n'}
[25.144565] (as2_msgs) StdoutLine: {'line': b'-- Symlinking: /home/developer/aerostack2_ws/install/as2_msgs/include/as2_msgs/as2_msgs/action/detail/follow_path__rosidl_typesupport_fastrtps_c.h\n'}
[25.149053] (as2_msgs) StdoutLine: {'line': b'-- Symlinking: /home/developer/aerostack2_ws/install/as2_msgs/include/as2_msgs/as2_msgs/action/detail/follow_reference__rosidl_typesupport_fastrtps_c.h\n'}
[25.153085] (as2_msgs) StdoutLine: {'line': b'-- Symlinking: /home/developer/aerostack2_ws/install/as2_msgs/include/as2_msgs/as2_msgs/action/detail/force_estimation__rosidl_typesupport_fastrtps_c.h\n'}
[25.157341] (as2_msgs) StdoutLine: {'line': b'-- Symlinking: /home/developer/aerostack2_ws/install/as2_msgs/include/as2_msgs/as2_msgs/action/detail/generate_polynomial_trajectory__rosidl_typesupport_fastrtps_c.h\n'}
[25.162341] (as2_msgs) StdoutLine: {'line': b'-- Symlinking: /home/developer/aerostack2_ws/install/as2_msgs/include/as2_msgs/as2_msgs/action/detail/go_to_waypoint__rosidl_typesupport_fastrtps_c.h\n'}
[25.166383] (-) TimerEvent: {}
[25.166746] (as2_msgs) StdoutLine: {'line': b'-- Symlinking: /home/developer/aerostack2_ws/install/as2_msgs/include/as2_msgs/as2_msgs/action/detail/gripper_handler__rosidl_typesupport_fastrtps_c.h\n'}
[25.172230] (as2_msgs) StdoutLine: {'line': b'-- Symlinking: /home/developer/aerostack2_ws/install/as2_msgs/include/as2_msgs/as2_msgs/action/detail/land__rosidl_typesupport_fastrtps_c.h\n'}
[25.177040] (as2_msgs) StdoutLine: {'line': b'-- Symlinking: /home/developer/aerostack2_ws/install/as2_msgs/include/as2_msgs/as2_msgs/action/detail/mass_estimation__rosidl_typesupport_fastrtps_c.h\n'}
[25.182196] (as2_msgs) StdoutLine: {'line': b'-- Symlinking: /home/developer/aerostack2_ws/install/as2_msgs/include/as2_msgs/as2_msgs/action/detail/navigate_to_point__rosidl_typesupport_fastrtps_c.h\n'}
[25.186906] (as2_msgs) StdoutLine: {'line': b'-- Symlinking: /home/developer/aerostack2_ws/install/as2_msgs/include/as2_msgs/as2_msgs/action/detail/point_gimbal__rosidl_typesupport_fastrtps_c.h\n'}
[25.190776] (as2_msgs) StdoutLine: {'line': b'-- Symlinking: /home/developer/aerostack2_ws/install/as2_msgs/include/as2_msgs/as2_msgs/action/detail/precision_landing__rosidl_typesupport_fastrtps_c.h\n'}
[25.196139] (as2_msgs) StdoutLine: {'line': b'-- Symlinking: /home/developer/aerostack2_ws/install/as2_msgs/include/as2_msgs/as2_msgs/action/detail/set_arming_state__rosidl_typesupport_fastrtps_c.h\n'}
[25.200156] (as2_msgs) StdoutLine: {'line': b'-- Symlinking: /home/developer/aerostack2_ws/install/as2_msgs/include/as2_msgs/as2_msgs/action/detail/set_offboard_mode__rosidl_typesupport_fastrtps_c.h\n'}
[25.206327] (as2_msgs) StdoutLine: {'line': b'-- Symlinking: /home/developer/aerostack2_ws/install/as2_msgs/include/as2_msgs/as2_msgs/action/detail/swarm_flocking__rosidl_typesupport_fastrtps_c.h\n'}
[25.210353] (as2_msgs) StdoutLine: {'line': b'-- Symlinking: /home/developer/aerostack2_ws/install/as2_msgs/include/as2_msgs/as2_msgs/action/detail/takeoff__rosidl_typesupport_fastrtps_c.h\n'}
[25.215894] (as2_msgs) StdoutLine: {'line': b'-- Symlinking: /home/developer/aerostack2_ws/install/as2_msgs/include/as2_msgs/as2_msgs/msg/detail/acro__rosidl_typesupport_fastrtps_c.h\n'}
[25.219848] (as2_msgs) StdoutLine: {'line': b'-- Symlinking: /home/developer/aerostack2_ws/install/as2_msgs/include/as2_msgs/as2_msgs/msg/detail/alert_event__rosidl_typesupport_fastrtps_c.h\n'}
[25.226130] (as2_msgs) StdoutLine: {'line': b'-- Symlinking: /home/developer/aerostack2_ws/install/as2_msgs/include/as2_msgs/as2_msgs/msg/detail/behavior_status__rosidl_typesupport_fastrtps_c.h\n'}
[25.230485] (as2_msgs) StdoutLine: {'line': b'-- Symlinking: /home/developer/aerostack2_ws/install/as2_msgs/include/as2_msgs/as2_msgs/msg/detail/control_mode__rosidl_typesupport_fastrtps_c.h\n'}
[25.234551] (as2_msgs) StdoutLine: {'line': b'-- Symlinking: /home/developer/aerostack2_ws/install/as2_msgs/include/as2_msgs/as2_msgs/msg/detail/controller_info__rosidl_typesupport_fastrtps_c.h\n'}
[25.238706] (as2_msgs) StdoutLine: {'line': b'-- Symlinking: /home/developer/aerostack2_ws/install/as2_msgs/include/as2_msgs/as2_msgs/msg/detail/follow_target_info__rosidl_typesupport_fastrtps_c.h\n'}
[25.243746] (as2_msgs) StdoutLine: {'line': b'-- Symlinking: /home/developer/aerostack2_ws/install/as2_msgs/include/as2_msgs/as2_msgs/msg/detail/geozone__rosidl_typesupport_fastrtps_c.h\n'}
[25.249872] (as2_msgs) StdoutLine: {'line': b'-- Symlinking: /home/developer/aerostack2_ws/install/as2_msgs/include/as2_msgs/as2_msgs/msg/detail/gimbal_control__rosidl_typesupport_fastrtps_c.h\n'}
[25.254010] (as2_msgs) StdoutLine: {'line': b'-- Symlinking: /home/developer/aerostack2_ws/install/as2_msgs/include/as2_msgs/as2_msgs/msg/detail/mission_event__rosidl_typesupport_fastrtps_c.h\n'}
[25.258423] (as2_msgs) StdoutLine: {'line': b'-- Symlinking: /home/developer/aerostack2_ws/install/as2_msgs/include/as2_msgs/as2_msgs/msg/detail/mission_update__rosidl_typesupport_fastrtps_c.h\n'}
[25.264541] (as2_msgs) StdoutLine: {'line': b'-- Symlinking: /home/developer/aerostack2_ws/install/as2_msgs/include/as2_msgs/as2_msgs/msg/detail/node_status__rosidl_typesupport_fastrtps_c.h\n'}
[25.266454] (-) TimerEvent: {}
[25.269599] (as2_msgs) StdoutLine: {'line': b'-- Symlinking: /home/developer/aerostack2_ws/install/as2_msgs/include/as2_msgs/as2_msgs/msg/detail/platform_info__rosidl_typesupport_fastrtps_c.h\n'}
[25.274510] (as2_msgs) StdoutLine: {'line': b'-- Symlinking: /home/developer/aerostack2_ws/install/as2_msgs/include/as2_msgs/as2_msgs/msg/detail/platform_state_machine_event__rosidl_typesupport_fastrtps_c.h\n'}
[25.278785] (as2_msgs) StdoutLine: {'line': b'-- Symlinking: /home/developer/aerostack2_ws/install/as2_msgs/include/as2_msgs/as2_msgs/msg/detail/platform_status__rosidl_typesupport_fastrtps_c.h\n'}
[25.284963] (as2_msgs) StdoutLine: {'line': b'-- Symlinking: /home/developer/aerostack2_ws/install/as2_msgs/include/as2_msgs/as2_msgs/msg/detail/polygon_list__rosidl_typesupport_fastrtps_c.h\n'}
[25.289188] (as2_msgs) StdoutLine: {'line': b'-- Symlinking: /home/developer/aerostack2_ws/install/as2_msgs/include/as2_msgs/as2_msgs/msg/detail/pose_stamped_with_id__rosidl_typesupport_fastrtps_c.h\n'}
[25.295222] (as2_msgs) StdoutLine: {'line': b'-- Symlinking: /home/developer/aerostack2_ws/install/as2_msgs/include/as2_msgs/as2_msgs/msg/detail/pose_stamped_with_id_array__rosidl_typesupport_fastrtps_c.h\n'}
[25.301117] (as2_msgs) StdoutLine: {'line': b'-- Symlinking: /home/developer/aerostack2_ws/install/as2_msgs/include/as2_msgs/as2_msgs/msg/detail/pose_with_id__rosidl_typesupport_fastrtps_c.h\n'}
[25.305552] (as2_msgs) StdoutLine: {'line': b'-- Symlinking: /home/developer/aerostack2_ws/install/as2_msgs/include/as2_msgs/as2_msgs/msg/detail/pose_with_id_array__rosidl_typesupport_fastrtps_c.h\n'}
[25.311719] (as2_msgs) StdoutLine: {'line': b'-- Symlinking: /home/developer/aerostack2_ws/install/as2_msgs/include/as2_msgs/as2_msgs/msg/detail/speed__rosidl_typesupport_fastrtps_c.h\n'}
[25.315830] (as2_msgs) StdoutLine: {'line': b'-- Symlinking: /home/developer/aerostack2_ws/install/as2_msgs/include/as2_msgs/as2_msgs/msg/detail/thrust__rosidl_typesupport_fastrtps_c.h\n'}
[25.322154] (as2_msgs) StdoutLine: {'line': b'-- Symlinking: /home/developer/aerostack2_ws/install/as2_msgs/include/as2_msgs/as2_msgs/msg/detail/traj_gen_info__rosidl_typesupport_fastrtps_c.h\n'}
[25.327781] (as2_msgs) StdoutLine: {'line': b'-- Symlinking: /home/developer/aerostack2_ws/install/as2_msgs/include/as2_msgs/as2_msgs/msg/detail/trajectory_point__rosidl_typesupport_fastrtps_c.h\n'}
[25.333034] (as2_msgs) StdoutLine: {'line': b'-- Symlinking: /home/developer/aerostack2_ws/install/as2_msgs/include/as2_msgs/as2_msgs/msg/detail/trajectory_setpoints__rosidl_typesupport_fastrtps_c.h\n'}
[25.337658] (as2_msgs) StdoutLine: {'line': b'-- Symlinking: /home/developer/aerostack2_ws/install/as2_msgs/include/as2_msgs/as2_msgs/msg/detail/u_int16_multi_array_stamped__rosidl_typesupport_fastrtps_c.h\n'}
[25.343663] (as2_msgs) StdoutLine: {'line': b'-- Symlinking: /home/developer/aerostack2_ws/install/as2_msgs/include/as2_msgs/as2_msgs/msg/detail/yaw_mode__rosidl_typesupport_fastrtps_c.h\n'}
[25.348359] (as2_msgs) StdoutLine: {'line': b'-- Symlinking: /home/developer/aerostack2_ws/install/as2_msgs/include/as2_msgs/as2_msgs/msg/rosidl_typesupport_fastrtps_c__visibility_control.h\n'}
[25.353308] (as2_msgs) StdoutLine: {'line': b'-- Symlinking: /home/developer/aerostack2_ws/install/as2_msgs/include/as2_msgs/as2_msgs/srv/detail/add_static_transform__rosidl_typesupport_fastrtps_c.h\n'}
[25.358015] (as2_msgs) StdoutLine: {'line': b'-- Symlinking: /home/developer/aerostack2_ws/install/as2_msgs/include/as2_msgs/as2_msgs/srv/detail/add_static_transform_gps__rosidl_typesupport_fastrtps_c.h\n'}
[25.364125] (as2_msgs) StdoutLine: {'line': b'-- Symlinking: /home/developer/aerostack2_ws/install/as2_msgs/include/as2_msgs/as2_msgs/srv/detail/dynamic_follower__rosidl_typesupport_fastrtps_c.h\n'}
[25.366556] (-) TimerEvent: {}
[25.369040] (as2_msgs) StdoutLine: {'line': b'-- Symlinking: /home/developer/aerostack2_ws/install/as2_msgs/include/as2_msgs/as2_msgs/srv/detail/dynamic_land__rosidl_typesupport_fastrtps_c.h\n'}
[25.374304] (as2_msgs) StdoutLine: {'line': b'-- Symlinking: /home/developer/aerostack2_ws/install/as2_msgs/include/as2_msgs/as2_msgs/srv/detail/geopath_to_path__rosidl_typesupport_fastrtps_c.h\n'}
[25.378689] (as2_msgs) StdoutLine: {'line': b'-- Symlinking: /home/developer/aerostack2_ws/install/as2_msgs/include/as2_msgs/as2_msgs/srv/detail/get_geozone__rosidl_typesupport_fastrtps_c.h\n'}
[25.383543] (as2_msgs) StdoutLine: {'line': b'-- Symlinking: /home/developer/aerostack2_ws/install/as2_msgs/include/as2_msgs/as2_msgs/srv/detail/get_origin__rosidl_typesupport_fastrtps_c.h\n'}
[25.388327] (as2_msgs) StdoutLine: {'line': b'-- Symlinking: /home/developer/aerostack2_ws/install/as2_msgs/include/as2_msgs/as2_msgs/srv/detail/list_control_modes__rosidl_typesupport_fastrtps_c.h\n'}
[25.393480] (as2_msgs) StdoutLine: {'line': b'-- Symlinking: /home/developer/aerostack2_ws/install/as2_msgs/include/as2_msgs/as2_msgs/srv/detail/modify_swarm__rosidl_typesupport_fastrtps_c.h\n'}
[25.398128] (as2_msgs) StdoutLine: {'line': b'-- Symlinking: /home/developer/aerostack2_ws/install/as2_msgs/include/as2_msgs/as2_msgs/srv/detail/package_pick_up__rosidl_typesupport_fastrtps_c.h\n'}
[25.401573] (as2_msgs) StdoutLine: {'line': b'-- Symlinking: /home/developer/aerostack2_ws/install/as2_msgs/include/as2_msgs/as2_msgs/srv/detail/package_un_pick__rosidl_typesupport_fastrtps_c.h\n'}
[25.407070] (as2_msgs) StdoutLine: {'line': b'-- Symlinking: /home/developer/aerostack2_ws/install/as2_msgs/include/as2_msgs/as2_msgs/srv/detail/path_to_geopath__rosidl_typesupport_fastrtps_c.h\n'}
[25.412651] (as2_msgs) StdoutLine: {'line': b'-- Symlinking: /home/developer/aerostack2_ws/install/as2_msgs/include/as2_msgs/as2_msgs/srv/detail/set_control_mode__rosidl_typesupport_fastrtps_c.h\n'}
[25.417595] (as2_msgs) StdoutLine: {'line': b'-- Symlinking: /home/developer/aerostack2_ws/install/as2_msgs/include/as2_msgs/as2_msgs/srv/detail/set_geozone__rosidl_typesupport_fastrtps_c.h\n'}
[25.423783] (as2_msgs) StdoutLine: {'line': b'-- Symlinking: /home/developer/aerostack2_ws/install/as2_msgs/include/as2_msgs/as2_msgs/srv/detail/set_origin__rosidl_typesupport_fastrtps_c.h\n'}
[25.429830] (as2_msgs) StdoutLine: {'line': b'-- Symlinking: /home/developer/aerostack2_ws/install/as2_msgs/include/as2_msgs/as2_msgs/srv/detail/set_platform_state_machine_event__rosidl_typesupport_fastrtps_c.h\n'}
[25.434851] (as2_msgs) StdoutLine: {'line': b'-- Symlinking: /home/developer/aerostack2_ws/install/as2_msgs/include/as2_msgs/as2_msgs/srv/detail/set_speed__rosidl_typesupport_fastrtps_c.h\n'}
[25.439728] (as2_msgs) StdoutLine: {'line': b'-- Symlinking: /home/developer/aerostack2_ws/install/as2_msgs/include/as2_msgs/as2_msgs/action/detail/detect_aruco_markers__rosidl_typesupport_introspection_c.h\n'}
[25.445782] (as2_msgs) StdoutLine: {'line': b'-- Symlinking: /home/developer/aerostack2_ws/install/as2_msgs/include/as2_msgs/as2_msgs/action/detail/follow_path__rosidl_typesupport_introspection_c.h\n'}
[25.450021] (as2_msgs) StdoutLine: {'line': b'-- Symlinking: /home/developer/aerostack2_ws/install/as2_msgs/include/as2_msgs/as2_msgs/action/detail/follow_reference__rosidl_typesupport_introspection_c.h\n'}
[25.455029] (as2_msgs) StdoutLine: {'line': b'-- Symlinking: /home/developer/aerostack2_ws/install/as2_msgs/include/as2_msgs/as2_msgs/action/detail/force_estimation__rosidl_typesupport_introspection_c.h\n'}
[25.458818] (as2_msgs) StdoutLine: {'line': b'-- Symlinking: /home/developer/aerostack2_ws/install/as2_msgs/include/as2_msgs/as2_msgs/action/detail/generate_polynomial_trajectory__rosidl_typesupport_introspection_c.h\n'}
[25.464868] (as2_msgs) StdoutLine: {'line': b'-- Symlinking: /home/developer/aerostack2_ws/install/as2_msgs/include/as2_msgs/as2_msgs/action/detail/go_to_waypoint__rosidl_typesupport_introspection_c.h\n'}
[25.466716] (-) TimerEvent: {}
[25.469946] (as2_msgs) StdoutLine: {'line': b'-- Symlinking: /home/developer/aerostack2_ws/install/as2_msgs/include/as2_msgs/as2_msgs/action/detail/gripper_handler__rosidl_typesupport_introspection_c.h\n'}
[25.476153] (as2_msgs) StdoutLine: {'line': b'-- Symlinking: /home/developer/aerostack2_ws/install/as2_msgs/include/as2_msgs/as2_msgs/action/detail/land__rosidl_typesupport_introspection_c.h\n'}
[25.480821] (as2_msgs) StdoutLine: {'line': b'-- Symlinking: /home/developer/aerostack2_ws/install/as2_msgs/include/as2_msgs/as2_msgs/action/detail/mass_estimation__rosidl_typesupport_introspection_c.h\n'}
[25.484567] (as2_msgs) StdoutLine: {'line': b'-- Symlinking: /home/developer/aerostack2_ws/install/as2_msgs/include/as2_msgs/as2_msgs/action/detail/navigate_to_point__rosidl_typesupport_introspection_c.h\n'}
[25.489644] (as2_msgs) StdoutLine: {'line': b'-- Symlinking: /home/developer/aerostack2_ws/install/as2_msgs/include/as2_msgs/as2_msgs/action/detail/point_gimbal__rosidl_typesupport_introspection_c.h\n'}
[25.494061] (as2_msgs) StdoutLine: {'line': b'-- Symlinking: /home/developer/aerostack2_ws/install/as2_msgs/include/as2_msgs/as2_msgs/action/detail/precision_landing__rosidl_typesupport_introspection_c.h\n'}
[25.498508] (as2_msgs) StdoutLine: {'line': b'-- Symlinking: /home/developer/aerostack2_ws/install/as2_msgs/include/as2_msgs/as2_msgs/action/detail/set_arming_state__rosidl_typesupport_introspection_c.h\n'}
[25.502890] (as2_msgs) StdoutLine: {'line': b'-- Symlinking: /home/developer/aerostack2_ws/install/as2_msgs/include/as2_msgs/as2_msgs/action/detail/set_offboard_mode__rosidl_typesupport_introspection_c.h\n'}
[25.507268] (as2_msgs) StdoutLine: {'line': b'-- Symlinking: /home/developer/aerostack2_ws/install/as2_msgs/include/as2_msgs/as2_msgs/action/detail/swarm_flocking__rosidl_typesupport_introspection_c.h\n'}
[25.511185] (as2_msgs) StdoutLine: {'line': b'-- Symlinking: /home/developer/aerostack2_ws/install/as2_msgs/include/as2_msgs/as2_msgs/action/detail/takeoff__rosidl_typesupport_introspection_c.h\n'}
[25.516813] (as2_msgs) StdoutLine: {'line': b'-- Symlinking: /home/developer/aerostack2_ws/install/as2_msgs/include/as2_msgs/as2_msgs/msg/detail/acro__rosidl_typesupport_introspection_c.h\n'}
[25.521566] (as2_msgs) StdoutLine: {'line': b'-- Symlinking: /home/developer/aerostack2_ws/install/as2_msgs/include/as2_msgs/as2_msgs/msg/detail/alert_event__rosidl_typesupport_introspection_c.h\n'}
[25.525449] (as2_msgs) StdoutLine: {'line': b'-- Symlinking: /home/developer/aerostack2_ws/install/as2_msgs/include/as2_msgs/as2_msgs/msg/detail/behavior_status__rosidl_typesupport_introspection_c.h\n'}
[25.530216] (as2_msgs) StdoutLine: {'line': b'-- Symlinking: /home/developer/aerostack2_ws/install/as2_msgs/include/as2_msgs/as2_msgs/msg/detail/control_mode__rosidl_typesupport_introspection_c.h\n'}
[25.534246] (as2_msgs) StdoutLine: {'line': b'-- Symlinking: /home/developer/aerostack2_ws/install/as2_msgs/include/as2_msgs/as2_msgs/msg/detail/controller_info__rosidl_typesupport_introspection_c.h\n'}
[25.539040] (as2_msgs) StdoutLine: {'line': b'-- Symlinking: /home/developer/aerostack2_ws/install/as2_msgs/include/as2_msgs/as2_msgs/msg/detail/follow_target_info__rosidl_typesupport_introspection_c.h\n'}
[25.543302] (as2_msgs) StdoutLine: {'line': b'-- Symlinking: /home/developer/aerostack2_ws/install/as2_msgs/include/as2_msgs/as2_msgs/msg/detail/geozone__rosidl_typesupport_introspection_c.h\n'}
[25.549408] (as2_msgs) StdoutLine: {'line': b'-- Symlinking: /home/developer/aerostack2_ws/install/as2_msgs/include/as2_msgs/as2_msgs/msg/detail/gimbal_control__rosidl_typesupport_introspection_c.h\n'}
[25.555417] (as2_msgs) StdoutLine: {'line': b'-- Symlinking: /home/developer/aerostack2_ws/install/as2_msgs/include/as2_msgs/as2_msgs/msg/detail/mission_event__rosidl_typesupport_introspection_c.h\n'}
[25.560062] (as2_msgs) StdoutLine: {'line': b'-- Symlinking: /home/developer/aerostack2_ws/install/as2_msgs/include/as2_msgs/as2_msgs/msg/detail/mission_update__rosidl_typesupport_introspection_c.h\n'}
[25.563790] (as2_msgs) StdoutLine: {'line': b'-- Symlinking: /home/developer/aerostack2_ws/install/as2_msgs/include/as2_msgs/as2_msgs/msg/detail/node_status__rosidl_typesupport_introspection_c.h\n'}
[25.566882] (-) TimerEvent: {}
[25.569921] (as2_msgs) StdoutLine: {'line': b'-- Symlinking: /home/developer/aerostack2_ws/install/as2_msgs/include/as2_msgs/as2_msgs/msg/detail/platform_info__rosidl_typesupport_introspection_c.h\n'}
[25.574542] (as2_msgs) StdoutLine: {'line': b'-- Symlinking: /home/developer/aerostack2_ws/install/as2_msgs/include/as2_msgs/as2_msgs/msg/detail/platform_state_machine_event__rosidl_typesupport_introspection_c.h\n'}
[25.578555] (as2_msgs) StdoutLine: {'line': b'-- Symlinking: /home/developer/aerostack2_ws/install/as2_msgs/include/as2_msgs/as2_msgs/msg/detail/platform_status__rosidl_typesupport_introspection_c.h\n'}
[25.584586] (as2_msgs) StdoutLine: {'line': b'-- Symlinking: /home/developer/aerostack2_ws/install/as2_msgs/include/as2_msgs/as2_msgs/msg/detail/polygon_list__rosidl_typesupport_introspection_c.h\n'}
[25.590225] (as2_msgs) StdoutLine: {'line': b'-- Symlinking: /home/developer/aerostack2_ws/install/as2_msgs/include/as2_msgs/as2_msgs/msg/detail/pose_stamped_with_id__rosidl_typesupport_introspection_c.h\n'}
[25.596228] (as2_msgs) StdoutLine: {'line': b'-- Symlinking: /home/developer/aerostack2_ws/install/as2_msgs/include/as2_msgs/as2_msgs/msg/detail/pose_stamped_with_id_array__rosidl_typesupport_introspection_c.h\n'}
[25.601219] (as2_msgs) StdoutLine: {'line': b'-- Symlinking: /home/developer/aerostack2_ws/install/as2_msgs/include/as2_msgs/as2_msgs/msg/detail/pose_with_id__rosidl_typesupport_introspection_c.h\n'}
[25.606404] (as2_msgs) StdoutLine: {'line': b'-- Symlinking: /home/developer/aerostack2_ws/install/as2_msgs/include/as2_msgs/as2_msgs/msg/detail/pose_with_id_array__rosidl_typesupport_introspection_c.h\n'}
[25.612068] (as2_msgs) StdoutLine: {'line': b'-- Symlinking: /home/developer/aerostack2_ws/install/as2_msgs/include/as2_msgs/as2_msgs/msg/detail/speed__rosidl_typesupport_introspection_c.h\n'}
[25.617433] (as2_msgs) StdoutLine: {'line': b'-- Symlinking: /home/developer/aerostack2_ws/install/as2_msgs/include/as2_msgs/as2_msgs/msg/detail/thrust__rosidl_typesupport_introspection_c.h\n'}
[25.622097] (as2_msgs) StdoutLine: {'line': b'-- Symlinking: /home/developer/aerostack2_ws/install/as2_msgs/include/as2_msgs/as2_msgs/msg/detail/traj_gen_info__rosidl_typesupport_introspection_c.h\n'}
[25.627245] (as2_msgs) StdoutLine: {'line': b'-- Symlinking: /home/developer/aerostack2_ws/install/as2_msgs/include/as2_msgs/as2_msgs/msg/detail/trajectory_point__rosidl_typesupport_introspection_c.h\n'}
[25.633460] (as2_msgs) StdoutLine: {'line': b'-- Symlinking: /home/developer/aerostack2_ws/install/as2_msgs/include/as2_msgs/as2_msgs/msg/detail/trajectory_setpoints__rosidl_typesupport_introspection_c.h\n'}
[25.638525] (as2_msgs) StdoutLine: {'line': b'-- Symlinking: /home/developer/aerostack2_ws/install/as2_msgs/include/as2_msgs/as2_msgs/msg/detail/u_int16_multi_array_stamped__rosidl_typesupport_introspection_c.h\n'}
[25.644293] (as2_msgs) StdoutLine: {'line': b'-- Symlinking: /home/developer/aerostack2_ws/install/as2_msgs/include/as2_msgs/as2_msgs/msg/detail/yaw_mode__rosidl_typesupport_introspection_c.h\n'}
[25.648917] (as2_msgs) StdoutLine: {'line': b'-- Symlinking: /home/developer/aerostack2_ws/install/as2_msgs/include/as2_msgs/as2_msgs/msg/rosidl_typesupport_introspection_c__visibility_control.h\n'}
[25.653768] (as2_msgs) StdoutLine: {'line': b'-- Symlinking: /home/developer/aerostack2_ws/install/as2_msgs/include/as2_msgs/as2_msgs/srv/detail/add_static_transform__rosidl_typesupport_introspection_c.h\n'}
[25.658319] (as2_msgs) StdoutLine: {'line': b'-- Symlinking: /home/developer/aerostack2_ws/install/as2_msgs/include/as2_msgs/as2_msgs/srv/detail/add_static_transform_gps__rosidl_typesupport_introspection_c.h\n'}
[25.663359] (as2_msgs) StdoutLine: {'line': b'-- Symlinking: /home/developer/aerostack2_ws/install/as2_msgs/include/as2_msgs/as2_msgs/srv/detail/dynamic_follower__rosidl_typesupport_introspection_c.h\n'}
[25.666985] (-) TimerEvent: {}
[25.669313] (as2_msgs) StdoutLine: {'line': b'-- Symlinking: /home/developer/aerostack2_ws/install/as2_msgs/include/as2_msgs/as2_msgs/srv/detail/dynamic_land__rosidl_typesupport_introspection_c.h\n'}
[25.674037] (as2_msgs) StdoutLine: {'line': b'-- Symlinking: /home/developer/aerostack2_ws/install/as2_msgs/include/as2_msgs/as2_msgs/srv/detail/geopath_to_path__rosidl_typesupport_introspection_c.h\n'}
[25.679075] (as2_msgs) StdoutLine: {'line': b'-- Symlinking: /home/developer/aerostack2_ws/install/as2_msgs/include/as2_msgs/as2_msgs/srv/detail/get_geozone__rosidl_typesupport_introspection_c.h\n'}
[25.685197] (as2_msgs) StdoutLine: {'line': b'-- Symlinking: /home/developer/aerostack2_ws/install/as2_msgs/include/as2_msgs/as2_msgs/srv/detail/get_origin__rosidl_typesupport_introspection_c.h\n'}
[25.690382] (as2_msgs) StdoutLine: {'line': b'-- Symlinking: /home/developer/aerostack2_ws/install/as2_msgs/include/as2_msgs/as2_msgs/srv/detail/list_control_modes__rosidl_typesupport_introspection_c.h\n'}
[25.696344] (as2_msgs) StdoutLine: {'line': b'-- Symlinking: /home/developer/aerostack2_ws/install/as2_msgs/include/as2_msgs/as2_msgs/srv/detail/modify_swarm__rosidl_typesupport_introspection_c.h\n'}
[25.701169] (as2_msgs) StdoutLine: {'line': b'-- Symlinking: /home/developer/aerostack2_ws/install/as2_msgs/include/as2_msgs/as2_msgs/srv/detail/package_pick_up__rosidl_typesupport_introspection_c.h\n'}
[25.707403] (as2_msgs) StdoutLine: {'line': b'-- Symlinking: /home/developer/aerostack2_ws/install/as2_msgs/include/as2_msgs/as2_msgs/srv/detail/package_un_pick__rosidl_typesupport_introspection_c.h\n'}
[25.711324] (as2_msgs) StdoutLine: {'line': b'-- Symlinking: /home/developer/aerostack2_ws/install/as2_msgs/include/as2_msgs/as2_msgs/srv/detail/path_to_geopath__rosidl_typesupport_introspection_c.h\n'}
[25.717312] (as2_msgs) StdoutLine: {'line': b'-- Symlinking: /home/developer/aerostack2_ws/install/as2_msgs/include/as2_msgs/as2_msgs/srv/detail/set_control_mode__rosidl_typesupport_introspection_c.h\n'}
[25.721661] (as2_msgs) StdoutLine: {'line': b'-- Symlinking: /home/developer/aerostack2_ws/install/as2_msgs/include/as2_msgs/as2_msgs/srv/detail/set_geozone__rosidl_typesupport_introspection_c.h\n'}
[25.726695] (as2_msgs) StdoutLine: {'line': b'-- Symlinking: /home/developer/aerostack2_ws/install/as2_msgs/include/as2_msgs/as2_msgs/srv/detail/set_origin__rosidl_typesupport_introspection_c.h\n'}
[25.732216] (as2_msgs) StdoutLine: {'line': b'-- Symlinking: /home/developer/aerostack2_ws/install/as2_msgs/include/as2_msgs/as2_msgs/srv/detail/set_platform_state_machine_event__rosidl_typesupport_introspection_c.h\n'}
[25.737900] (as2_msgs) StdoutLine: {'line': b'-- Symlinking: /home/developer/aerostack2_ws/install/as2_msgs/include/as2_msgs/as2_msgs/srv/detail/set_speed__rosidl_typesupport_introspection_c.h\n'}
[25.743387] (as2_msgs) StdoutLine: {'line': b'-- Symlinking: /home/developer/aerostack2_ws/install/as2_msgs/include/as2_msgs/as2_msgs/action/detail/detect_aruco_markers__builder.hpp\n'}
[25.749442] (as2_msgs) StdoutLine: {'line': b'-- Symlinking: /home/developer/aerostack2_ws/install/as2_msgs/include/as2_msgs/as2_msgs/action/detail/detect_aruco_markers__struct.hpp\n'}
[25.754261] (as2_msgs) StdoutLine: {'line': b'-- Symlinking: /home/developer/aerostack2_ws/install/as2_msgs/include/as2_msgs/as2_msgs/action/detail/detect_aruco_markers__traits.hpp\n'}
[25.758959] (as2_msgs) StdoutLine: {'line': b'-- Symlinking: /home/developer/aerostack2_ws/install/as2_msgs/include/as2_msgs/as2_msgs/action/detail/detect_aruco_markers__type_support.hpp\n'}
[25.763034] (as2_msgs) StdoutLine: {'line': b'-- Symlinking: /home/developer/aerostack2_ws/install/as2_msgs/include/as2_msgs/as2_msgs/action/detail/follow_path__builder.hpp\n'}
[25.767141] (-) TimerEvent: {}
[25.769964] (as2_msgs) StdoutLine: {'line': b'-- Symlinking: /home/developer/aerostack2_ws/install/as2_msgs/include/as2_msgs/as2_msgs/action/detail/follow_path__struct.hpp\n'}
[25.774376] (as2_msgs) StdoutLine: {'line': b'-- Symlinking: /home/developer/aerostack2_ws/install/as2_msgs/include/as2_msgs/as2_msgs/action/detail/follow_path__traits.hpp\n'}
[25.779772] (as2_msgs) StdoutLine: {'line': b'-- Symlinking: /home/developer/aerostack2_ws/install/as2_msgs/include/as2_msgs/as2_msgs/action/detail/follow_path__type_support.hpp\n'}
[25.783739] (as2_msgs) StdoutLine: {'line': b'-- Symlinking: /home/developer/aerostack2_ws/install/as2_msgs/include/as2_msgs/as2_msgs/action/detail/follow_reference__builder.hpp\n'}
[25.790024] (as2_msgs) StdoutLine: {'line': b'-- Symlinking: /home/developer/aerostack2_ws/install/as2_msgs/include/as2_msgs/as2_msgs/action/detail/follow_reference__struct.hpp\n'}
[25.794938] (as2_msgs) StdoutLine: {'line': b'-- Symlinking: /home/developer/aerostack2_ws/install/as2_msgs/include/as2_msgs/as2_msgs/action/detail/follow_reference__traits.hpp\n'}
[25.800859] (as2_msgs) StdoutLine: {'line': b'-- Symlinking: /home/developer/aerostack2_ws/install/as2_msgs/include/as2_msgs/as2_msgs/action/detail/follow_reference__type_support.hpp\n'}
[25.806761] (as2_msgs) StdoutLine: {'line': b'-- Symlinking: /home/developer/aerostack2_ws/install/as2_msgs/include/as2_msgs/as2_msgs/action/detail/force_estimation__builder.hpp\n'}
[25.811444] (as2_msgs) StdoutLine: {'line': b'-- Symlinking: /home/developer/aerostack2_ws/install/as2_msgs/include/as2_msgs/as2_msgs/action/detail/force_estimation__struct.hpp\n'}
[25.815822] (as2_msgs) StdoutLine: {'line': b'-- Symlinking: /home/developer/aerostack2_ws/install/as2_msgs/include/as2_msgs/as2_msgs/action/detail/force_estimation__traits.hpp\n'}
[25.820086] (as2_msgs) StdoutLine: {'line': b'-- Symlinking: /home/developer/aerostack2_ws/install/as2_msgs/include/as2_msgs/as2_msgs/action/detail/force_estimation__type_support.hpp\n'}
[25.824013] (as2_msgs) StdoutLine: {'line': b'-- Symlinking: /home/developer/aerostack2_ws/install/as2_msgs/include/as2_msgs/as2_msgs/action/detail/generate_polynomial_trajectory__builder.hpp\n'}
[25.828438] (as2_msgs) StdoutLine: {'line': b'-- Symlinking: /home/developer/aerostack2_ws/install/as2_msgs/include/as2_msgs/as2_msgs/action/detail/generate_polynomial_trajectory__struct.hpp\n'}
[25.832397] (as2_msgs) StdoutLine: {'line': b'-- Symlinking: /home/developer/aerostack2_ws/install/as2_msgs/include/as2_msgs/as2_msgs/action/detail/generate_polynomial_trajectory__traits.hpp\n'}
[25.837977] (as2_msgs) StdoutLine: {'line': b'-- Symlinking: /home/developer/aerostack2_ws/install/as2_msgs/include/as2_msgs/as2_msgs/action/detail/generate_polynomial_trajectory__type_support.hpp\n'}
[25.843474] (as2_msgs) StdoutLine: {'line': b'-- Symlinking: /home/developer/aerostack2_ws/install/as2_msgs/include/as2_msgs/as2_msgs/action/detail/go_to_waypoint__builder.hpp\n'}
[25.848977] (as2_msgs) StdoutLine: {'line': b'-- Symlinking: /home/developer/aerostack2_ws/install/as2_msgs/include/as2_msgs/as2_msgs/action/detail/go_to_waypoint__struct.hpp\n'}
[25.853297] (as2_msgs) StdoutLine: {'line': b'-- Symlinking: /home/developer/aerostack2_ws/install/as2_msgs/include/as2_msgs/as2_msgs/action/detail/go_to_waypoint__traits.hpp\n'}
[25.858629] (as2_msgs) StdoutLine: {'line': b'-- Symlinking: /home/developer/aerostack2_ws/install/as2_msgs/include/as2_msgs/as2_msgs/action/detail/go_to_waypoint__type_support.hpp\n'}
[25.862603] (as2_msgs) StdoutLine: {'line': b'-- Symlinking: /home/developer/aerostack2_ws/install/as2_msgs/include/as2_msgs/as2_msgs/action/detail/gripper_handler__builder.hpp\n'}
[25.867257] (-) TimerEvent: {}
[25.868029] (as2_msgs) StdoutLine: {'line': b'-- Symlinking: /home/developer/aerostack2_ws/install/as2_msgs/include/as2_msgs/as2_msgs/action/detail/gripper_handler__struct.hpp\n'}
[25.872705] (as2_msgs) StdoutLine: {'line': b'-- Symlinking: /home/developer/aerostack2_ws/install/as2_msgs/include/as2_msgs/as2_msgs/action/detail/gripper_handler__traits.hpp\n'}
[25.876679] (as2_msgs) StdoutLine: {'line': b'-- Symlinking: /home/developer/aerostack2_ws/install/as2_msgs/include/as2_msgs/as2_msgs/action/detail/gripper_handler__type_support.hpp\n'}
[25.881113] (as2_msgs) StdoutLine: {'line': b'-- Symlinking: /home/developer/aerostack2_ws/install/as2_msgs/include/as2_msgs/as2_msgs/action/detail/land__builder.hpp\n'}
[25.884803] (as2_msgs) StdoutLine: {'line': b'-- Symlinking: /home/developer/aerostack2_ws/install/as2_msgs/include/as2_msgs/as2_msgs/action/detail/land__struct.hpp\n'}
[25.888918] (as2_msgs) StdoutLine: {'line': b'-- Symlinking: /home/developer/aerostack2_ws/install/as2_msgs/include/as2_msgs/as2_msgs/action/detail/land__traits.hpp\n'}
[25.893043] (as2_msgs) StdoutLine: {'line': b'-- Symlinking: /home/developer/aerostack2_ws/install/as2_msgs/include/as2_msgs/as2_msgs/action/detail/land__type_support.hpp\n'}
[25.896366] (as2_msgs) StdoutLine: {'line': b'-- Symlinking: /home/developer/aerostack2_ws/install/as2_msgs/include/as2_msgs/as2_msgs/action/detail/mass_estimation__builder.hpp\n'}
[25.901346] (as2_msgs) StdoutLine: {'line': b'-- Symlinking: /home/developer/aerostack2_ws/install/as2_msgs/include/as2_msgs/as2_msgs/action/detail/mass_estimation__struct.hpp\n'}
[25.905405] (as2_msgs) StdoutLine: {'line': b'-- Symlinking: /home/developer/aerostack2_ws/install/as2_msgs/include/as2_msgs/as2_msgs/action/detail/mass_estimation__traits.hpp\n'}
[25.909321] (as2_msgs) StdoutLine: {'line': b'-- Symlinking: /home/developer/aerostack2_ws/install/as2_msgs/include/as2_msgs/as2_msgs/action/detail/mass_estimation__type_support.hpp\n'}
[25.914513] (as2_msgs) StdoutLine: {'line': b'-- Symlinking: /home/developer/aerostack2_ws/install/as2_msgs/include/as2_msgs/as2_msgs/action/detail/navigate_to_point__builder.hpp\n'}
[25.919283] (as2_msgs) StdoutLine: {'line': b'-- Symlinking: /home/developer/aerostack2_ws/install/as2_msgs/include/as2_msgs/as2_msgs/action/detail/navigate_to_point__struct.hpp\n'}
[25.923223] (as2_msgs) StdoutLine: {'line': b'-- Symlinking: /home/developer/aerostack2_ws/install/as2_msgs/include/as2_msgs/as2_msgs/action/detail/navigate_to_point__traits.hpp\n'}
[25.927280] (as2_msgs) StdoutLine: {'line': b'-- Symlinking: /home/developer/aerostack2_ws/install/as2_msgs/include/as2_msgs/as2_msgs/action/detail/navigate_to_point__type_support.hpp\n'}
[25.932725] (as2_msgs) StdoutLine: {'line': b'-- Symlinking: /home/developer/aerostack2_ws/install/as2_msgs/include/as2_msgs/as2_msgs/action/detail/point_gimbal__builder.hpp\n'}
[25.936525] (as2_msgs) StdoutLine: {'line': b'-- Symlinking: /home/developer/aerostack2_ws/install/as2_msgs/include/as2_msgs/as2_msgs/action/detail/point_gimbal__struct.hpp\n'}
[25.941319] (as2_msgs) StdoutLine: {'line': b'-- Symlinking: /home/developer/aerostack2_ws/install/as2_msgs/include/as2_msgs/as2_msgs/action/detail/point_gimbal__traits.hpp\n'}
[25.945255] (as2_msgs) StdoutLine: {'line': b'-- Symlinking: /home/developer/aerostack2_ws/install/as2_msgs/include/as2_msgs/as2_msgs/action/detail/point_gimbal__type_support.hpp\n'}
[25.951265] (as2_msgs) StdoutLine: {'line': b'-- Symlinking: /home/developer/aerostack2_ws/install/as2_msgs/include/as2_msgs/as2_msgs/action/detail/precision_landing__builder.hpp\n'}
[25.955717] (as2_msgs) StdoutLine: {'line': b'-- Symlinking: /home/developer/aerostack2_ws/install/as2_msgs/include/as2_msgs/as2_msgs/action/detail/precision_landing__struct.hpp\n'}
[25.961535] (as2_msgs) StdoutLine: {'line': b'-- Symlinking: /home/developer/aerostack2_ws/install/as2_msgs/include/as2_msgs/as2_msgs/action/detail/precision_landing__traits.hpp\n'}
[25.966090] (as2_msgs) StdoutLine: {'line': b'-- Symlinking: /home/developer/aerostack2_ws/install/as2_msgs/include/as2_msgs/as2_msgs/action/detail/precision_landing__type_support.hpp\n'}
[25.967362] (-) TimerEvent: {}
[25.971814] (as2_msgs) StdoutLine: {'line': b'-- Symlinking: /home/developer/aerostack2_ws/install/as2_msgs/include/as2_msgs/as2_msgs/action/detail/set_arming_state__builder.hpp\n'}
[25.976379] (as2_msgs) StdoutLine: {'line': b'-- Symlinking: /home/developer/aerostack2_ws/install/as2_msgs/include/as2_msgs/as2_msgs/action/detail/set_arming_state__struct.hpp\n'}
[25.981845] (as2_msgs) StdoutLine: {'line': b'-- Symlinking: /home/developer/aerostack2_ws/install/as2_msgs/include/as2_msgs/as2_msgs/action/detail/set_arming_state__traits.hpp\n'}
[25.986321] (as2_msgs) StdoutLine: {'line': b'-- Symlinking: /home/developer/aerostack2_ws/install/as2_msgs/include/as2_msgs/as2_msgs/action/detail/set_arming_state__type_support.hpp\n'}
[25.992455] (as2_msgs) StdoutLine: {'line': b'-- Symlinking: /home/developer/aerostack2_ws/install/as2_msgs/include/as2_msgs/as2_msgs/action/detail/set_offboard_mode__builder.hpp\n'}
[25.996456] (as2_msgs) StdoutLine: {'line': b'-- Symlinking: /home/developer/aerostack2_ws/install/as2_msgs/include/as2_msgs/as2_msgs/action/detail/set_offboard_mode__struct.hpp\n'}
[26.000703] (as2_msgs) StdoutLine: {'line': b'-- Symlinking: /home/developer/aerostack2_ws/install/as2_msgs/include/as2_msgs/as2_msgs/action/detail/set_offboard_mode__traits.hpp\n'}
[26.005619] (as2_msgs) StdoutLine: {'line': b'-- Symlinking: /home/developer/aerostack2_ws/install/as2_msgs/include/as2_msgs/as2_msgs/action/detail/set_offboard_mode__type_support.hpp\n'}
[26.011787] (as2_msgs) StdoutLine: {'line': b'-- Symlinking: /home/developer/aerostack2_ws/install/as2_msgs/include/as2_msgs/as2_msgs/action/detail/swarm_flocking__builder.hpp\n'}
[26.015947] (as2_msgs) StdoutLine: {'line': b'-- Symlinking: /home/developer/aerostack2_ws/install/as2_msgs/include/as2_msgs/as2_msgs/action/detail/swarm_flocking__struct.hpp\n'}
[26.020702] (as2_msgs) StdoutLine: {'line': b'-- Symlinking: /home/developer/aerostack2_ws/install/as2_msgs/include/as2_msgs/as2_msgs/action/detail/swarm_flocking__traits.hpp\n'}
[26.025029] (as2_msgs) StdoutLine: {'line': b'-- Symlinking: /home/developer/aerostack2_ws/install/as2_msgs/include/as2_msgs/as2_msgs/action/detail/swarm_flocking__type_support.hpp\n'}
[26.031012] (as2_msgs) StdoutLine: {'line': b'-- Symlinking: /home/developer/aerostack2_ws/install/as2_msgs/include/as2_msgs/as2_msgs/action/detail/takeoff__builder.hpp\n'}
[26.035277] (as2_msgs) StdoutLine: {'line': b'-- Symlinking: /home/developer/aerostack2_ws/install/as2_msgs/include/as2_msgs/as2_msgs/action/detail/takeoff__struct.hpp\n'}
[26.039191] (as2_msgs) StdoutLine: {'line': b'-- Symlinking: /home/developer/aerostack2_ws/install/as2_msgs/include/as2_msgs/as2_msgs/action/detail/takeoff__traits.hpp\n'}
[26.045116] (as2_msgs) StdoutLine: {'line': b'-- Symlinking: /home/developer/aerostack2_ws/install/as2_msgs/include/as2_msgs/as2_msgs/action/detail/takeoff__type_support.hpp\n'}
[26.049163] (as2_msgs) StdoutLine: {'line': b'-- Symlinking: /home/developer/aerostack2_ws/install/as2_msgs/include/as2_msgs/as2_msgs/action/detect_aruco_markers.hpp\n'}
[26.055123] (as2_msgs) StdoutLine: {'line': b'-- Symlinking: /home/developer/aerostack2_ws/install/as2_msgs/include/as2_msgs/as2_msgs/action/follow_path.hpp\n'}
[26.059327] (as2_msgs) StdoutLine: {'line': b'-- Symlinking: /home/developer/aerostack2_ws/install/as2_msgs/include/as2_msgs/as2_msgs/action/follow_reference.hpp\n'}
[26.064856] (as2_msgs) StdoutLine: {'line': b'-- Symlinking: /home/developer/aerostack2_ws/install/as2_msgs/include/as2_msgs/as2_msgs/action/force_estimation.hpp\n'}
[26.067456] (-) TimerEvent: {}
[26.069611] (as2_msgs) StdoutLine: {'line': b'-- Symlinking: /home/developer/aerostack2_ws/install/as2_msgs/include/as2_msgs/as2_msgs/action/generate_polynomial_trajectory.hpp\n'}
[26.073855] (as2_msgs) StdoutLine: {'line': b'-- Symlinking: /home/developer/aerostack2_ws/install/as2_msgs/include/as2_msgs/as2_msgs/action/go_to_waypoint.hpp\n'}
[26.078186] (as2_msgs) StdoutLine: {'line': b'-- Symlinking: /home/developer/aerostack2_ws/install/as2_msgs/include/as2_msgs/as2_msgs/action/gripper_handler.hpp\n'}
[26.082202] (as2_msgs) StdoutLine: {'line': b'-- Symlinking: /home/developer/aerostack2_ws/install/as2_msgs/include/as2_msgs/as2_msgs/action/land.hpp\n'}
[26.086844] (as2_msgs) StdoutLine: {'line': b'-- Symlinking: /home/developer/aerostack2_ws/install/as2_msgs/include/as2_msgs/as2_msgs/action/mass_estimation.hpp\n'}
[26.091350] (as2_msgs) StdoutLine: {'line': b'-- Symlinking: /home/developer/aerostack2_ws/install/as2_msgs/include/as2_msgs/as2_msgs/action/navigate_to_point.hpp\n'}
[26.097310] (as2_msgs) StdoutLine: {'line': b'-- Symlinking: /home/developer/aerostack2_ws/install/as2_msgs/include/as2_msgs/as2_msgs/action/point_gimbal.hpp\n'}
[26.102762] (as2_msgs) StdoutLine: {'line': b'-- Symlinking: /home/developer/aerostack2_ws/install/as2_msgs/include/as2_msgs/as2_msgs/action/precision_landing.hpp\n'}
[26.106847] (as2_msgs) StdoutLine: {'line': b'-- Symlinking: /home/developer/aerostack2_ws/install/as2_msgs/include/as2_msgs/as2_msgs/action/set_arming_state.hpp\n'}
[26.113103] (as2_msgs) StdoutLine: {'line': b'-- Symlinking: /home/developer/aerostack2_ws/install/as2_msgs/include/as2_msgs/as2_msgs/action/set_offboard_mode.hpp\n'}
[26.117955] (as2_msgs) StdoutLine: {'line': b'-- Symlinking: /home/developer/aerostack2_ws/install/as2_msgs/include/as2_msgs/as2_msgs/action/swarm_flocking.hpp\n'}
[26.124038] (as2_msgs) StdoutLine: {'line': b'-- Symlinking: /home/developer/aerostack2_ws/install/as2_msgs/include/as2_msgs/as2_msgs/action/takeoff.hpp\n'}
[26.128033] (as2_msgs) StdoutLine: {'line': b'-- Symlinking: /home/developer/aerostack2_ws/install/as2_msgs/include/as2_msgs/as2_msgs/msg/acro.hpp\n'}
[26.133861] (as2_msgs) StdoutLine: {'line': b'-- Symlinking: /home/developer/aerostack2_ws/install/as2_msgs/include/as2_msgs/as2_msgs/msg/alert_event.hpp\n'}
[26.137736] (as2_msgs) StdoutLine: {'line': b'-- Symlinking: /home/developer/aerostack2_ws/install/as2_msgs/include/as2_msgs/as2_msgs/msg/behavior_status.hpp\n'}
[26.143626] (as2_msgs) StdoutLine: {'line': b'-- Symlinking: /home/developer/aerostack2_ws/install/as2_msgs/include/as2_msgs/as2_msgs/msg/control_mode.hpp\n'}
[26.147458] (as2_msgs) StdoutLine: {'line': b'-- Symlinking: /home/developer/aerostack2_ws/install/as2_msgs/include/as2_msgs/as2_msgs/msg/controller_info.hpp\n'}
[26.151588] (as2_msgs) StdoutLine: {'line': b'-- Symlinking: /home/developer/aerostack2_ws/install/as2_msgs/include/as2_msgs/as2_msgs/msg/detail/acro__builder.hpp\n'}
[26.157635] (as2_msgs) StdoutLine: {'line': b'-- Symlinking: /home/developer/aerostack2_ws/install/as2_msgs/include/as2_msgs/as2_msgs/msg/detail/acro__struct.hpp\n'}
[26.163513] (as2_msgs) StdoutLine: {'line': b'-- Symlinking: /home/developer/aerostack2_ws/install/as2_msgs/include/as2_msgs/as2_msgs/msg/detail/acro__traits.hpp\n'}
[26.167483] (as2_msgs) StdoutLine: {'line': b'-- Symlinking: /home/developer/aerostack2_ws/install/as2_msgs/include/as2_msgs/as2_msgs/msg/detail/acro__type_support.hpp\n'}
[26.167540] (-) TimerEvent: {}
[26.172917] (as2_msgs) StdoutLine: {'line': b'-- Symlinking: /home/developer/aerostack2_ws/install/as2_msgs/include/as2_msgs/as2_msgs/msg/detail/alert_event__builder.hpp\n'}
[26.178501] (as2_msgs) StdoutLine: {'line': b'-- Symlinking: /home/developer/aerostack2_ws/install/as2_msgs/include/as2_msgs/as2_msgs/msg/detail/alert_event__struct.hpp\n'}
[26.184678] (as2_msgs) StdoutLine: {'line': b'-- Symlinking: /home/developer/aerostack2_ws/install/as2_msgs/include/as2_msgs/as2_msgs/msg/detail/alert_event__traits.hpp\n'}
[26.188614] (as2_msgs) StdoutLine: {'line': b'-- Symlinking: /home/developer/aerostack2_ws/install/as2_msgs/include/as2_msgs/as2_msgs/msg/detail/alert_event__type_support.hpp\n'}
[26.194605] (as2_msgs) StdoutLine: {'line': b'-- Symlinking: /home/developer/aerostack2_ws/install/as2_msgs/include/as2_msgs/as2_msgs/msg/detail/behavior_status__builder.hpp\n'}
[26.198878] (as2_msgs) StdoutLine: {'line': b'-- Symlinking: /home/developer/aerostack2_ws/install/as2_msgs/include/as2_msgs/as2_msgs/msg/detail/behavior_status__struct.hpp\n'}
[26.204276] (as2_msgs) StdoutLine: {'line': b'-- Symlinking: /home/developer/aerostack2_ws/install/as2_msgs/include/as2_msgs/as2_msgs/msg/detail/behavior_status__traits.hpp\n'}
[26.208436] (as2_msgs) StdoutLine: {'line': b'-- Symlinking: /home/developer/aerostack2_ws/install/as2_msgs/include/as2_msgs/as2_msgs/msg/detail/behavior_status__type_support.hpp\n'}
[26.214691] (as2_msgs) StdoutLine: {'line': b'-- Symlinking: /home/developer/aerostack2_ws/install/as2_msgs/include/as2_msgs/as2_msgs/msg/detail/control_mode__builder.hpp\n'}
[26.218954] (as2_msgs) StdoutLine: {'line': b'-- Symlinking: /home/developer/aerostack2_ws/install/as2_msgs/include/as2_msgs/as2_msgs/msg/detail/control_mode__struct.hpp\n'}
[26.224952] (as2_msgs) StdoutLine: {'line': b'-- Symlinking: /home/developer/aerostack2_ws/install/as2_msgs/include/as2_msgs/as2_msgs/msg/detail/control_mode__traits.hpp\n'}
[26.228939] (as2_msgs) StdoutLine: {'line': b'-- Symlinking: /home/developer/aerostack2_ws/install/as2_msgs/include/as2_msgs/as2_msgs/msg/detail/control_mode__type_support.hpp\n'}
[26.234110] (as2_msgs) StdoutLine: {'line': b'-- Symlinking: /home/developer/aerostack2_ws/install/as2_msgs/include/as2_msgs/as2_msgs/msg/detail/controller_info__builder.hpp\n'}
[26.238577] (as2_msgs) StdoutLine: {'line': b'-- Symlinking: /home/developer/aerostack2_ws/install/as2_msgs/include/as2_msgs/as2_msgs/msg/detail/controller_info__struct.hpp\n'}
[26.244782] (as2_msgs) StdoutLine: {'line': b'-- Symlinking: /home/developer/aerostack2_ws/install/as2_msgs/include/as2_msgs/as2_msgs/msg/detail/controller_info__traits.hpp\n'}
[26.249210] (as2_msgs) StdoutLine: {'line': b'-- Symlinking: /home/developer/aerostack2_ws/install/as2_msgs/include/as2_msgs/as2_msgs/msg/detail/controller_info__type_support.hpp\n'}
[26.253692] (as2_msgs) StdoutLine: {'line': b'-- Symlinking: /home/developer/aerostack2_ws/install/as2_msgs/include/as2_msgs/as2_msgs/msg/detail/follow_target_info__builder.hpp\n'}
[26.258465] (as2_msgs) StdoutLine: {'line': b'-- Symlinking: /home/developer/aerostack2_ws/install/as2_msgs/include/as2_msgs/as2_msgs/msg/detail/follow_target_info__struct.hpp\n'}
[26.264549] (as2_msgs) StdoutLine: {'line': b'-- Symlinking: /home/developer/aerostack2_ws/install/as2_msgs/include/as2_msgs/as2_msgs/msg/detail/follow_target_info__traits.hpp\n'}
[26.267649] (-) TimerEvent: {}
[26.268690] (as2_msgs) StdoutLine: {'line': b'-- Symlinking: /home/developer/aerostack2_ws/install/as2_msgs/include/as2_msgs/as2_msgs/msg/detail/follow_target_info__type_support.hpp\n'}
[26.274765] (as2_msgs) StdoutLine: {'line': b'-- Symlinking: /home/developer/aerostack2_ws/install/as2_msgs/include/as2_msgs/as2_msgs/msg/detail/geozone__builder.hpp\n'}
[26.279348] (as2_msgs) StdoutLine: {'line': b'-- Symlinking: /home/developer/aerostack2_ws/install/as2_msgs/include/as2_msgs/as2_msgs/msg/detail/geozone__struct.hpp\n'}
[26.283563] (as2_msgs) StdoutLine: {'line': b'-- Symlinking: /home/developer/aerostack2_ws/install/as2_msgs/include/as2_msgs/as2_msgs/msg/detail/geozone__traits.hpp\n'}
[26.288871] (as2_msgs) StdoutLine: {'line': b'-- Symlinking: /home/developer/aerostack2_ws/install/as2_msgs/include/as2_msgs/as2_msgs/msg/detail/geozone__type_support.hpp\n'}
[26.294763] (as2_msgs) StdoutLine: {'line': b'-- Symlinking: /home/developer/aerostack2_ws/install/as2_msgs/include/as2_msgs/as2_msgs/msg/detail/gimbal_control__builder.hpp\n'}
[26.298940] (as2_msgs) StdoutLine: {'line': b'-- Symlinking: /home/developer/aerostack2_ws/install/as2_msgs/include/as2_msgs/as2_msgs/msg/detail/gimbal_control__struct.hpp\n'}
[26.305009] (as2_msgs) StdoutLine: {'line': b'-- Symlinking: /home/developer/aerostack2_ws/install/as2_msgs/include/as2_msgs/as2_msgs/msg/detail/gimbal_control__traits.hpp\n'}
[26.308470] (as2_msgs) StdoutLine: {'line': b'-- Symlinking: /home/developer/aerostack2_ws/install/as2_msgs/include/as2_msgs/as2_msgs/msg/detail/gimbal_control__type_support.hpp\n'}
[26.314486] (as2_msgs) StdoutLine: {'line': b'-- Symlinking: /home/developer/aerostack2_ws/install/as2_msgs/include/as2_msgs/as2_msgs/msg/detail/mission_event__builder.hpp\n'}
[26.318561] (as2_msgs) StdoutLine: {'line': b'-- Symlinking: /home/developer/aerostack2_ws/install/as2_msgs/include/as2_msgs/as2_msgs/msg/detail/mission_event__struct.hpp\n'}
[26.324306] (as2_msgs) StdoutLine: {'line': b'-- Symlinking: /home/developer/aerostack2_ws/install/as2_msgs/include/as2_msgs/as2_msgs/msg/detail/mission_event__traits.hpp\n'}
[26.329956] (as2_msgs) StdoutLine: {'line': b'-- Symlinking: /home/developer/aerostack2_ws/install/as2_msgs/include/as2_msgs/as2_msgs/msg/detail/mission_event__type_support.hpp\n'}
[26.333827] (as2_msgs) StdoutLine: {'line': b'-- Symlinking: /home/developer/aerostack2_ws/install/as2_msgs/include/as2_msgs/as2_msgs/msg/detail/mission_update__builder.hpp\n'}
[26.339581] (as2_msgs) StdoutLine: {'line': b'-- Symlinking: /home/developer/aerostack2_ws/install/as2_msgs/include/as2_msgs/as2_msgs/msg/detail/mission_update__struct.hpp\n'}
[26.345203] (as2_msgs) StdoutLine: {'line': b'-- Symlinking: /home/developer/aerostack2_ws/install/as2_msgs/include/as2_msgs/as2_msgs/msg/detail/mission_update__traits.hpp\n'}
[26.349823] (as2_msgs) StdoutLine: {'line': b'-- Symlinking: /home/developer/aerostack2_ws/install/as2_msgs/include/as2_msgs/as2_msgs/msg/detail/mission_update__type_support.hpp\n'}
[26.355152] (as2_msgs) StdoutLine: {'line': b'-- Symlinking: /home/developer/aerostack2_ws/install/as2_msgs/include/as2_msgs/as2_msgs/msg/detail/node_status__builder.hpp\n'}
[26.360208] (as2_msgs) StdoutLine: {'line': b'-- Symlinking: /home/developer/aerostack2_ws/install/as2_msgs/include/as2_msgs/as2_msgs/msg/detail/node_status__struct.hpp\n'}
[26.365049] (as2_msgs) StdoutLine: {'line': b'-- Symlinking: /home/developer/aerostack2_ws/install/as2_msgs/include/as2_msgs/as2_msgs/msg/detail/node_status__traits.hpp\n'}
[26.367810] (-) TimerEvent: {}
[26.369205] (as2_msgs) StdoutLine: {'line': b'-- Symlinking: /home/developer/aerostack2_ws/install/as2_msgs/include/as2_msgs/as2_msgs/msg/detail/node_status__type_support.hpp\n'}
[26.375492] (as2_msgs) StdoutLine: {'line': b'-- Symlinking: /home/developer/aerostack2_ws/install/as2_msgs/include/as2_msgs/as2_msgs/msg/detail/platform_info__builder.hpp\n'}
[26.379492] (as2_msgs) StdoutLine: {'line': b'-- Symlinking: /home/developer/aerostack2_ws/install/as2_msgs/include/as2_msgs/as2_msgs/msg/detail/platform_info__struct.hpp\n'}
[26.385997] (as2_msgs) StdoutLine: {'line': b'-- Symlinking: /home/developer/aerostack2_ws/install/as2_msgs/include/as2_msgs/as2_msgs/msg/detail/platform_info__traits.hpp\n'}
[26.390274] (as2_msgs) StdoutLine: {'line': b'-- Symlinking: /home/developer/aerostack2_ws/install/as2_msgs/include/as2_msgs/as2_msgs/msg/detail/platform_info__type_support.hpp\n'}
[26.395970] (as2_msgs) StdoutLine: {'line': b'-- Symlinking: /home/developer/aerostack2_ws/install/as2_msgs/include/as2_msgs/as2_msgs/msg/detail/platform_state_machine_event__builder.hpp\n'}
[26.400667] (as2_msgs) StdoutLine: {'line': b'-- Symlinking: /home/developer/aerostack2_ws/install/as2_msgs/include/as2_msgs/as2_msgs/msg/detail/platform_state_machine_event__struct.hpp\n'}
[26.406009] (as2_msgs) StdoutLine: {'line': b'-- Symlinking: /home/developer/aerostack2_ws/install/as2_msgs/include/as2_msgs/as2_msgs/msg/detail/platform_state_machine_event__traits.hpp\n'}
[26.411023] (as2_msgs) StdoutLine: {'line': b'-- Symlinking: /home/developer/aerostack2_ws/install/as2_msgs/include/as2_msgs/as2_msgs/msg/detail/platform_state_machine_event__type_support.hpp\n'}
[26.414777] (as2_msgs) StdoutLine: {'line': b'-- Symlinking: /home/developer/aerostack2_ws/install/as2_msgs/include/as2_msgs/as2_msgs/msg/detail/platform_status__builder.hpp\n'}
[26.418863] (as2_msgs) StdoutLine: {'line': b'-- Symlinking: /home/developer/aerostack2_ws/install/as2_msgs/include/as2_msgs/as2_msgs/msg/detail/platform_status__struct.hpp\n'}
[26.425532] (as2_msgs) StdoutLine: {'line': b'-- Symlinking: /home/developer/aerostack2_ws/install/as2_msgs/include/as2_msgs/as2_msgs/msg/detail/platform_status__traits.hpp\n'}
[26.430233] (as2_msgs) StdoutLine: {'line': b'-- Symlinking: /home/developer/aerostack2_ws/install/as2_msgs/include/as2_msgs/as2_msgs/msg/detail/platform_status__type_support.hpp\n'}
[26.436295] (as2_msgs) StdoutLine: {'line': b'-- Symlinking: /home/developer/aerostack2_ws/install/as2_msgs/include/as2_msgs/as2_msgs/msg/detail/polygon_list__builder.hpp\n'}
[26.440710] (as2_msgs) StdoutLine: {'line': b'-- Symlinking: /home/developer/aerostack2_ws/install/as2_msgs/include/as2_msgs/as2_msgs/msg/detail/polygon_list__struct.hpp\n'}
[26.447217] (as2_msgs) StdoutLine: {'line': b'-- Symlinking: /home/developer/aerostack2_ws/install/as2_msgs/include/as2_msgs/as2_msgs/msg/detail/polygon_list__traits.hpp\n'}
[26.452156] (as2_msgs) StdoutLine: {'line': b'-- Symlinking: /home/developer/aerostack2_ws/install/as2_msgs/include/as2_msgs/as2_msgs/msg/detail/polygon_list__type_support.hpp\n'}
[26.458358] (as2_msgs) StdoutLine: {'line': b'-- Symlinking: /home/developer/aerostack2_ws/install/as2_msgs/include/as2_msgs/as2_msgs/msg/detail/pose_stamped_with_id__builder.hpp\n'}
[26.462658] (as2_msgs) StdoutLine: {'line': b'-- Symlinking: /home/developer/aerostack2_ws/install/as2_msgs/include/as2_msgs/as2_msgs/msg/detail/pose_stamped_with_id__struct.hpp\n'}
[26.467846] (as2_msgs) StdoutLine: {'line': b'-- Symlinking: /home/developer/aerostack2_ws/install/as2_msgs/include/as2_msgs/as2_msgs/msg/detail/pose_stamped_with_id__traits.hpp\n'}
[26.467938] (-) TimerEvent: {}
[26.471951] (as2_msgs) StdoutLine: {'line': b'-- Symlinking: /home/developer/aerostack2_ws/install/as2_msgs/include/as2_msgs/as2_msgs/msg/detail/pose_stamped_with_id__type_support.hpp\n'}
[26.479002] (as2_msgs) StdoutLine: {'line': b'-- Symlinking: /home/developer/aerostack2_ws/install/as2_msgs/include/as2_msgs/as2_msgs/msg/detail/pose_stamped_with_id_array__builder.hpp\n'}
[26.484382] (as2_msgs) StdoutLine: {'line': b'-- Symlinking: /home/developer/aerostack2_ws/install/as2_msgs/include/as2_msgs/as2_msgs/msg/detail/pose_stamped_with_id_array__struct.hpp\n'}
[26.489272] (as2_msgs) StdoutLine: {'line': b'-- Symlinking: /home/developer/aerostack2_ws/install/as2_msgs/include/as2_msgs/as2_msgs/msg/detail/pose_stamped_with_id_array__traits.hpp\n'}
[26.493918] (as2_msgs) StdoutLine: {'line': b'-- Symlinking: /home/developer/aerostack2_ws/install/as2_msgs/include/as2_msgs/as2_msgs/msg/detail/pose_stamped_with_id_array__type_support.hpp\n'}
[26.498928] (as2_msgs) StdoutLine: {'line': b'-- Symlinking: /home/developer/aerostack2_ws/install/as2_msgs/include/as2_msgs/as2_msgs/msg/detail/pose_with_id__builder.hpp\n'}
[26.502787] (as2_msgs) StdoutLine: {'line': b'-- Symlinking: /home/developer/aerostack2_ws/install/as2_msgs/include/as2_msgs/as2_msgs/msg/detail/pose_with_id__struct.hpp\n'}
[26.508282] (as2_msgs) StdoutLine: {'line': b'-- Symlinking: /home/developer/aerostack2_ws/install/as2_msgs/include/as2_msgs/as2_msgs/msg/detail/pose_with_id__traits.hpp\n'}
[26.514658] (as2_msgs) StdoutLine: {'line': b'-- Symlinking: /home/developer/aerostack2_ws/install/as2_msgs/include/as2_msgs/as2_msgs/msg/detail/pose_with_id__type_support.hpp\n'}
[26.518121] (as2_msgs) StdoutLine: {'line': b'-- Symlinking: /home/developer/aerostack2_ws/install/as2_msgs/include/as2_msgs/as2_msgs/msg/detail/pose_with_id_array__builder.hpp\n'}
[26.522427] (as2_msgs) StdoutLine: {'line': b'-- Symlinking: /home/developer/aerostack2_ws/install/as2_msgs/include/as2_msgs/as2_msgs/msg/detail/pose_with_id_array__struct.hpp\n'}
[26.528319] (as2_msgs) StdoutLine: {'line': b'-- Symlinking: /home/developer/aerostack2_ws/install/as2_msgs/include/as2_msgs/as2_msgs/msg/detail/pose_with_id_array__traits.hpp\n'}
[26.534247] (as2_msgs) StdoutLine: {'line': b'-- Symlinking: /home/developer/aerostack2_ws/install/as2_msgs/include/as2_msgs/as2_msgs/msg/detail/pose_with_id_array__type_support.hpp\n'}
[26.538843] (as2_msgs) StdoutLine: {'line': b'-- Symlinking: /home/developer/aerostack2_ws/install/as2_msgs/include/as2_msgs/as2_msgs/msg/detail/speed__builder.hpp\n'}
[26.544847] (as2_msgs) StdoutLine: {'line': b'-- Symlinking: /home/developer/aerostack2_ws/install/as2_msgs/include/as2_msgs/as2_msgs/msg/detail/speed__struct.hpp\n'}
[26.550576] (as2_msgs) StdoutLine: {'line': b'-- Symlinking: /home/developer/aerostack2_ws/install/as2_msgs/include/as2_msgs/as2_msgs/msg/detail/speed__traits.hpp\n'}
[26.554639] (as2_msgs) StdoutLine: {'line': b'-- Symlinking: /home/developer/aerostack2_ws/install/as2_msgs/include/as2_msgs/as2_msgs/msg/detail/speed__type_support.hpp\n'}
[26.560394] (as2_msgs) StdoutLine: {'line': b'-- Symlinking: /home/developer/aerostack2_ws/install/as2_msgs/include/as2_msgs/as2_msgs/msg/detail/thrust__builder.hpp\n'}
[26.564613] (as2_msgs) StdoutLine: {'line': b'-- Symlinking: /home/developer/aerostack2_ws/install/as2_msgs/include/as2_msgs/as2_msgs/msg/detail/thrust__struct.hpp\n'}
[26.568150] (-) TimerEvent: {}
[26.570013] (as2_msgs) StdoutLine: {'line': b'-- Symlinking: /home/developer/aerostack2_ws/install/as2_msgs/include/as2_msgs/as2_msgs/msg/detail/thrust__traits.hpp\n'}
[26.574406] (as2_msgs) StdoutLine: {'line': b'-- Symlinking: /home/developer/aerostack2_ws/install/as2_msgs/include/as2_msgs/as2_msgs/msg/detail/thrust__type_support.hpp\n'}
[26.580104] (as2_msgs) StdoutLine: {'line': b'-- Symlinking: /home/developer/aerostack2_ws/install/as2_msgs/include/as2_msgs/as2_msgs/msg/detail/traj_gen_info__builder.hpp\n'}
[26.586441] (as2_msgs) StdoutLine: {'line': b'-- Symlinking: /home/developer/aerostack2_ws/install/as2_msgs/include/as2_msgs/as2_msgs/msg/detail/traj_gen_info__struct.hpp\n'}
[26.591593] (as2_msgs) StdoutLine: {'line': b'-- Symlinking: /home/developer/aerostack2_ws/install/as2_msgs/include/as2_msgs/as2_msgs/msg/detail/traj_gen_info__traits.hpp\n'}
[26.595495] (as2_msgs) StdoutLine: {'line': b'-- Symlinking: /home/developer/aerostack2_ws/install/as2_msgs/include/as2_msgs/as2_msgs/msg/detail/traj_gen_info__type_support.hpp\n'}
[26.601017] (as2_msgs) StdoutLine: {'line': b'-- Symlinking: /home/developer/aerostack2_ws/install/as2_msgs/include/as2_msgs/as2_msgs/msg/detail/trajectory_point__builder.hpp\n'}
[26.605874] (as2_msgs) StdoutLine: {'line': b'-- Symlinking: /home/developer/aerostack2_ws/install/as2_msgs/include/as2_msgs/as2_msgs/msg/detail/trajectory_point__struct.hpp\n'}
[26.610232] (as2_msgs) StdoutLine: {'line': b'-- Symlinking: /home/developer/aerostack2_ws/install/as2_msgs/include/as2_msgs/as2_msgs/msg/detail/trajectory_point__traits.hpp\n'}
[26.616579] (as2_msgs) StdoutLine: {'line': b'-- Symlinking: /home/developer/aerostack2_ws/install/as2_msgs/include/as2_msgs/as2_msgs/msg/detail/trajectory_point__type_support.hpp\n'}
[26.621132] (as2_msgs) StdoutLine: {'line': b'-- Symlinking: /home/developer/aerostack2_ws/install/as2_msgs/include/as2_msgs/as2_msgs/msg/detail/trajectory_setpoints__builder.hpp\n'}
[26.624924] (as2_msgs) StdoutLine: {'line': b'-- Symlinking: /home/developer/aerostack2_ws/install/as2_msgs/include/as2_msgs/as2_msgs/msg/detail/trajectory_setpoints__struct.hpp\n'}
[26.628758] (as2_msgs) StdoutLine: {'line': b'-- Symlinking: /home/developer/aerostack2_ws/install/as2_msgs/include/as2_msgs/as2_msgs/msg/detail/trajectory_setpoints__traits.hpp\n'}
[26.632596] (as2_msgs) StdoutLine: {'line': b'-- Symlinking: /home/developer/aerostack2_ws/install/as2_msgs/include/as2_msgs/as2_msgs/msg/detail/trajectory_setpoints__type_support.hpp\n'}
[26.636611] (as2_msgs) StdoutLine: {'line': b'-- Symlinking: /home/developer/aerostack2_ws/install/as2_msgs/include/as2_msgs/as2_msgs/msg/detail/u_int16_multi_array_stamped__builder.hpp\n'}
[26.641233] (as2_msgs) StdoutLine: {'line': b'-- Symlinking: /home/developer/aerostack2_ws/install/as2_msgs/include/as2_msgs/as2_msgs/msg/detail/u_int16_multi_array_stamped__struct.hpp\n'}
[26.647284] (as2_msgs) StdoutLine: {'line': b'-- Symlinking: /home/developer/aerostack2_ws/install/as2_msgs/include/as2_msgs/as2_msgs/msg/detail/u_int16_multi_array_stamped__traits.hpp\n'}
[26.651893] (as2_msgs) StdoutLine: {'line': b'-- Symlinking: /home/developer/aerostack2_ws/install/as2_msgs/include/as2_msgs/as2_msgs/msg/detail/u_int16_multi_array_stamped__type_support.hpp\n'}
[26.656980] (as2_msgs) StdoutLine: {'line': b'-- Symlinking: /home/developer/aerostack2_ws/install/as2_msgs/include/as2_msgs/as2_msgs/msg/detail/yaw_mode__builder.hpp\n'}
[26.662306] (as2_msgs) StdoutLine: {'line': b'-- Symlinking: /home/developer/aerostack2_ws/install/as2_msgs/include/as2_msgs/as2_msgs/msg/detail/yaw_mode__struct.hpp\n'}
[26.668245] (-) TimerEvent: {}
[26.668544] (as2_msgs) StdoutLine: {'line': b'-- Symlinking: /home/developer/aerostack2_ws/install/as2_msgs/include/as2_msgs/as2_msgs/msg/detail/yaw_mode__traits.hpp\n'}
[26.673683] (as2_msgs) StdoutLine: {'line': b'-- Symlinking: /home/developer/aerostack2_ws/install/as2_msgs/include/as2_msgs/as2_msgs/msg/detail/yaw_mode__type_support.hpp\n'}
[26.678164] (as2_msgs) StdoutLine: {'line': b'-- Symlinking: /home/developer/aerostack2_ws/install/as2_msgs/include/as2_msgs/as2_msgs/msg/follow_target_info.hpp\n'}
[26.682465] (as2_msgs) StdoutLine: {'line': b'-- Symlinking: /home/developer/aerostack2_ws/install/as2_msgs/include/as2_msgs/as2_msgs/msg/geozone.hpp\n'}
[26.688375] (as2_msgs) StdoutLine: {'line': b'-- Symlinking: /home/developer/aerostack2_ws/install/as2_msgs/include/as2_msgs/as2_msgs/msg/gimbal_control.hpp\n'}
[26.692943] (as2_msgs) StdoutLine: {'line': b'-- Symlinking: /home/developer/aerostack2_ws/install/as2_msgs/include/as2_msgs/as2_msgs/msg/mission_event.hpp\n'}
[26.697156] (as2_msgs) StdoutLine: {'line': b'-- Symlinking: /home/developer/aerostack2_ws/install/as2_msgs/include/as2_msgs/as2_msgs/msg/mission_update.hpp\n'}
[26.702468] (as2_msgs) StdoutLine: {'line': b'-- Symlinking: /home/developer/aerostack2_ws/install/as2_msgs/include/as2_msgs/as2_msgs/msg/node_status.hpp\n'}
[26.708239] (as2_msgs) StdoutLine: {'line': b'-- Symlinking: /home/developer/aerostack2_ws/install/as2_msgs/include/as2_msgs/as2_msgs/msg/platform_info.hpp\n'}
[26.712294] (as2_msgs) StdoutLine: {'line': b'-- Symlinking: /home/developer/aerostack2_ws/install/as2_msgs/include/as2_msgs/as2_msgs/msg/platform_state_machine_event.hpp\n'}
[26.717022] (as2_msgs) StdoutLine: {'line': b'-- Symlinking: /home/developer/aerostack2_ws/install/as2_msgs/include/as2_msgs/as2_msgs/msg/platform_status.hpp\n'}
[26.722010] (as2_msgs) StdoutLine: {'line': b'-- Symlinking: /home/developer/aerostack2_ws/install/as2_msgs/include/as2_msgs/as2_msgs/msg/polygon_list.hpp\n'}
[26.725931] (as2_msgs) StdoutLine: {'line': b'-- Symlinking: /home/developer/aerostack2_ws/install/as2_msgs/include/as2_msgs/as2_msgs/msg/pose_stamped_with_id.hpp\n'}
[26.730637] (as2_msgs) StdoutLine: {'line': b'-- Symlinking: /home/developer/aerostack2_ws/install/as2_msgs/include/as2_msgs/as2_msgs/msg/pose_stamped_with_id_array.hpp\n'}
[26.736115] (as2_msgs) StdoutLine: {'line': b'-- Symlinking: /home/developer/aerostack2_ws/install/as2_msgs/include/as2_msgs/as2_msgs/msg/pose_with_id.hpp\n'}
[26.739941] (as2_msgs) StdoutLine: {'line': b'-- Symlinking: /home/developer/aerostack2_ws/install/as2_msgs/include/as2_msgs/as2_msgs/msg/pose_with_id_array.hpp\n'}
[26.744675] (as2_msgs) StdoutLine: {'line': b'-- Symlinking: /home/developer/aerostack2_ws/install/as2_msgs/include/as2_msgs/as2_msgs/msg/rosidl_generator_cpp__visibility_control.hpp\n'}
[26.749017] (as2_msgs) StdoutLine: {'line': b'-- Symlinking: /home/developer/aerostack2_ws/install/as2_msgs/include/as2_msgs/as2_msgs/msg/speed.hpp\n'}
[26.753237] (as2_msgs) StdoutLine: {'line': b'-- Symlinking: /home/developer/aerostack2_ws/install/as2_msgs/include/as2_msgs/as2_msgs/msg/thrust.hpp\n'}
[26.758038] (as2_msgs) StdoutLine: {'line': b'-- Symlinking: /home/developer/aerostack2_ws/install/as2_msgs/include/as2_msgs/as2_msgs/msg/traj_gen_info.hpp\n'}
[26.762442] (as2_msgs) StdoutLine: {'line': b'-- Symlinking: /home/developer/aerostack2_ws/install/as2_msgs/include/as2_msgs/as2_msgs/msg/trajectory_point.hpp\n'}
[26.768304] (-) TimerEvent: {}
[26.768584] (as2_msgs) StdoutLine: {'line': b'-- Symlinking: /home/developer/aerostack2_ws/install/as2_msgs/include/as2_msgs/as2_msgs/msg/trajectory_setpoints.hpp\n'}
[26.773545] (as2_msgs) StdoutLine: {'line': b'-- Symlinking: /home/developer/aerostack2_ws/install/as2_msgs/include/as2_msgs/as2_msgs/msg/u_int16_multi_array_stamped.hpp\n'}
[26.777860] (as2_msgs) StdoutLine: {'line': b'-- Symlinking: /home/developer/aerostack2_ws/install/as2_msgs/include/as2_msgs/as2_msgs/msg/yaw_mode.hpp\n'}
[26.782590] (as2_msgs) StdoutLine: {'line': b'-- Symlinking: /home/developer/aerostack2_ws/install/as2_msgs/include/as2_msgs/as2_msgs/srv/add_static_transform.hpp\n'}
[26.786442] (as2_msgs) StdoutLine: {'line': b'-- Symlinking: /home/developer/aerostack2_ws/install/as2_msgs/include/as2_msgs/as2_msgs/srv/add_static_transform_gps.hpp\n'}
[26.791145] (as2_msgs) StdoutLine: {'line': b'-- Symlinking: /home/developer/aerostack2_ws/install/as2_msgs/include/as2_msgs/as2_msgs/srv/detail/add_static_transform__builder.hpp\n'}
[26.796312] (as2_msgs) StdoutLine: {'line': b'-- Symlinking: /home/developer/aerostack2_ws/install/as2_msgs/include/as2_msgs/as2_msgs/srv/detail/add_static_transform__struct.hpp\n'}
[26.801252] (as2_msgs) StdoutLine: {'line': b'-- Symlinking: /home/developer/aerostack2_ws/install/as2_msgs/include/as2_msgs/as2_msgs/srv/detail/add_static_transform__traits.hpp\n'}
[26.805869] (as2_msgs) StdoutLine: {'line': b'-- Symlinking: /home/developer/aerostack2_ws/install/as2_msgs/include/as2_msgs/as2_msgs/srv/detail/add_static_transform__type_support.hpp\n'}
[26.811458] (as2_msgs) StdoutLine: {'line': b'-- Symlinking: /home/developer/aerostack2_ws/install/as2_msgs/include/as2_msgs/as2_msgs/srv/detail/add_static_transform_gps__builder.hpp\n'}
[26.817477] (as2_msgs) StdoutLine: {'line': b'-- Symlinking: /home/developer/aerostack2_ws/install/as2_msgs/include/as2_msgs/as2_msgs/srv/detail/add_static_transform_gps__struct.hpp\n'}
[26.821282] (as2_msgs) StdoutLine: {'line': b'-- Symlinking: /home/developer/aerostack2_ws/install/as2_msgs/include/as2_msgs/as2_msgs/srv/detail/add_static_transform_gps__traits.hpp\n'}
[26.825225] (as2_msgs) StdoutLine: {'line': b'-- Symlinking: /home/developer/aerostack2_ws/install/as2_msgs/include/as2_msgs/as2_msgs/srv/detail/add_static_transform_gps__type_support.hpp\n'}
[26.830443] (as2_msgs) StdoutLine: {'line': b'-- Symlinking: /home/developer/aerostack2_ws/install/as2_msgs/include/as2_msgs/as2_msgs/srv/detail/dynamic_follower__builder.hpp\n'}
[26.836537] (as2_msgs) StdoutLine: {'line': b'-- Symlinking: /home/developer/aerostack2_ws/install/as2_msgs/include/as2_msgs/as2_msgs/srv/detail/dynamic_follower__struct.hpp\n'}
[26.842299] (as2_msgs) StdoutLine: {'line': b'-- Symlinking: /home/developer/aerostack2_ws/install/as2_msgs/include/as2_msgs/as2_msgs/srv/detail/dynamic_follower__traits.hpp\n'}
[26.846211] (as2_msgs) StdoutLine: {'line': b'-- Symlinking: /home/developer/aerostack2_ws/install/as2_msgs/include/as2_msgs/as2_msgs/srv/detail/dynamic_follower__type_support.hpp\n'}
[26.851081] (as2_msgs) StdoutLine: {'line': b'-- Symlinking: /home/developer/aerostack2_ws/install/as2_msgs/include/as2_msgs/as2_msgs/srv/detail/dynamic_land__builder.hpp\n'}
[26.858086] (as2_msgs) StdoutLine: {'line': b'-- Symlinking: /home/developer/aerostack2_ws/install/as2_msgs/include/as2_msgs/as2_msgs/srv/detail/dynamic_land__struct.hpp\n'}
[26.863822] (as2_msgs) StdoutLine: {'line': b'-- Symlinking: /home/developer/aerostack2_ws/install/as2_msgs/include/as2_msgs/as2_msgs/srv/detail/dynamic_land__traits.hpp\n'}
[26.868361] (-) TimerEvent: {}
[26.870086] (as2_msgs) StdoutLine: {'line': b'-- Symlinking: /home/developer/aerostack2_ws/install/as2_msgs/include/as2_msgs/as2_msgs/srv/detail/dynamic_land__type_support.hpp\n'}
[26.874528] (as2_msgs) StdoutLine: {'line': b'-- Symlinking: /home/developer/aerostack2_ws/install/as2_msgs/include/as2_msgs/as2_msgs/srv/detail/geopath_to_path__builder.hpp\n'}
[26.879690] (as2_msgs) StdoutLine: {'line': b'-- Symlinking: /home/developer/aerostack2_ws/install/as2_msgs/include/as2_msgs/as2_msgs/srv/detail/geopath_to_path__struct.hpp\n'}
[26.884556] (as2_msgs) StdoutLine: {'line': b'-- Symlinking: /home/developer/aerostack2_ws/install/as2_msgs/include/as2_msgs/as2_msgs/srv/detail/geopath_to_path__traits.hpp\n'}
[26.888596] (as2_msgs) StdoutLine: {'line': b'-- Symlinking: /home/developer/aerostack2_ws/install/as2_msgs/include/as2_msgs/as2_msgs/srv/detail/geopath_to_path__type_support.hpp\n'}
[26.892849] (as2_msgs) StdoutLine: {'line': b'-- Symlinking: /home/developer/aerostack2_ws/install/as2_msgs/include/as2_msgs/as2_msgs/srv/detail/get_geozone__builder.hpp\n'}
[26.898040] (as2_msgs) StdoutLine: {'line': b'-- Symlinking: /home/developer/aerostack2_ws/install/as2_msgs/include/as2_msgs/as2_msgs/srv/detail/get_geozone__struct.hpp\n'}
[26.903252] (as2_msgs) StdoutLine: {'line': b'-- Symlinking: /home/developer/aerostack2_ws/install/as2_msgs/include/as2_msgs/as2_msgs/srv/detail/get_geozone__traits.hpp\n'}
[26.907822] (as2_msgs) StdoutLine: {'line': b'-- Symlinking: /home/developer/aerostack2_ws/install/as2_msgs/include/as2_msgs/as2_msgs/srv/detail/get_geozone__type_support.hpp\n'}
[26.912224] (as2_msgs) StdoutLine: {'line': b'-- Symlinking: /home/developer/aerostack2_ws/install/as2_msgs/include/as2_msgs/as2_msgs/srv/detail/get_origin__builder.hpp\n'}
[26.916389] (as2_msgs) StdoutLine: {'line': b'-- Symlinking: /home/developer/aerostack2_ws/install/as2_msgs/include/as2_msgs/as2_msgs/srv/detail/get_origin__struct.hpp\n'}
[26.921822] (as2_msgs) StdoutLine: {'line': b'-- Symlinking: /home/developer/aerostack2_ws/install/as2_msgs/include/as2_msgs/as2_msgs/srv/detail/get_origin__traits.hpp\n'}
[26.926961] (as2_msgs) StdoutLine: {'line': b'-- Symlinking: /home/developer/aerostack2_ws/install/as2_msgs/include/as2_msgs/as2_msgs/srv/detail/get_origin__type_support.hpp\n'}
[26.932802] (as2_msgs) StdoutLine: {'line': b'-- Symlinking: /home/developer/aerostack2_ws/install/as2_msgs/include/as2_msgs/as2_msgs/srv/detail/list_control_modes__builder.hpp\n'}
[26.936609] (as2_msgs) StdoutLine: {'line': b'-- Symlinking: /home/developer/aerostack2_ws/install/as2_msgs/include/as2_msgs/as2_msgs/srv/detail/list_control_modes__struct.hpp\n'}
[26.940766] (as2_msgs) StdoutLine: {'line': b'-- Symlinking: /home/developer/aerostack2_ws/install/as2_msgs/include/as2_msgs/as2_msgs/srv/detail/list_control_modes__traits.hpp\n'}
[26.944791] (as2_msgs) StdoutLine: {'line': b'-- Symlinking: /home/developer/aerostack2_ws/install/as2_msgs/include/as2_msgs/as2_msgs/srv/detail/list_control_modes__type_support.hpp\n'}
[26.950097] (as2_msgs) StdoutLine: {'line': b'-- Symlinking: /home/developer/aerostack2_ws/install/as2_msgs/include/as2_msgs/as2_msgs/srv/detail/modify_swarm__builder.hpp\n'}
[26.956216] (as2_msgs) StdoutLine: {'line': b'-- Symlinking: /home/developer/aerostack2_ws/install/as2_msgs/include/as2_msgs/as2_msgs/srv/detail/modify_swarm__struct.hpp\n'}
[26.960550] (as2_msgs) StdoutLine: {'line': b'-- Symlinking: /home/developer/aerostack2_ws/install/as2_msgs/include/as2_msgs/as2_msgs/srv/detail/modify_swarm__traits.hpp\n'}
[26.965321] (as2_msgs) StdoutLine: {'line': b'-- Symlinking: /home/developer/aerostack2_ws/install/as2_msgs/include/as2_msgs/as2_msgs/srv/detail/modify_swarm__type_support.hpp\n'}
[26.968429] (-) TimerEvent: {}
[26.969353] (as2_msgs) StdoutLine: {'line': b'-- Symlinking: /home/developer/aerostack2_ws/install/as2_msgs/include/as2_msgs/as2_msgs/srv/detail/package_pick_up__builder.hpp\n'}
[26.974371] (as2_msgs) StdoutLine: {'line': b'-- Symlinking: /home/developer/aerostack2_ws/install/as2_msgs/include/as2_msgs/as2_msgs/srv/detail/package_pick_up__struct.hpp\n'}
[26.980380] (as2_msgs) StdoutLine: {'line': b'-- Symlinking: /home/developer/aerostack2_ws/install/as2_msgs/include/as2_msgs/as2_msgs/srv/detail/package_pick_up__traits.hpp\n'}
[26.985197] (as2_msgs) StdoutLine: {'line': b'-- Symlinking: /home/developer/aerostack2_ws/install/as2_msgs/include/as2_msgs/as2_msgs/srv/detail/package_pick_up__type_support.hpp\n'}
[26.989621] (as2_msgs) StdoutLine: {'line': b'-- Symlinking: /home/developer/aerostack2_ws/install/as2_msgs/include/as2_msgs/as2_msgs/srv/detail/package_un_pick__builder.hpp\n'}
[26.994294] (as2_msgs) StdoutLine: {'line': b'-- Symlinking: /home/developer/aerostack2_ws/install/as2_msgs/include/as2_msgs/as2_msgs/srv/detail/package_un_pick__struct.hpp\n'}
[27.000162] (as2_msgs) StdoutLine: {'line': b'-- Symlinking: /home/developer/aerostack2_ws/install/as2_msgs/include/as2_msgs/as2_msgs/srv/detail/package_un_pick__traits.hpp\n'}
[27.005094] (as2_msgs) StdoutLine: {'line': b'-- Symlinking: /home/developer/aerostack2_ws/install/as2_msgs/include/as2_msgs/as2_msgs/srv/detail/package_un_pick__type_support.hpp\n'}
[27.009238] (as2_msgs) StdoutLine: {'line': b'-- Symlinking: /home/developer/aerostack2_ws/install/as2_msgs/include/as2_msgs/as2_msgs/srv/detail/path_to_geopath__builder.hpp\n'}
[27.015164] (as2_msgs) StdoutLine: {'line': b'-- Symlinking: /home/developer/aerostack2_ws/install/as2_msgs/include/as2_msgs/as2_msgs/srv/detail/path_to_geopath__struct.hpp\n'}
[27.021053] (as2_msgs) StdoutLine: {'line': b'-- Symlinking: /home/developer/aerostack2_ws/install/as2_msgs/include/as2_msgs/as2_msgs/srv/detail/path_to_geopath__traits.hpp\n'}
[27.025050] (as2_msgs) StdoutLine: {'line': b'-- Symlinking: /home/developer/aerostack2_ws/install/as2_msgs/include/as2_msgs/as2_msgs/srv/detail/path_to_geopath__type_support.hpp\n'}
[27.028921] (as2_msgs) StdoutLine: {'line': b'-- Symlinking: /home/developer/aerostack2_ws/install/as2_msgs/include/as2_msgs/as2_msgs/srv/detail/set_control_mode__builder.hpp\n'}
[27.032735] (as2_msgs) StdoutLine: {'line': b'-- Symlinking: /home/developer/aerostack2_ws/install/as2_msgs/include/as2_msgs/as2_msgs/srv/detail/set_control_mode__struct.hpp\n'}
[27.037426] (as2_msgs) StdoutLine: {'line': b'-- Symlinking: /home/developer/aerostack2_ws/install/as2_msgs/include/as2_msgs/as2_msgs/srv/detail/set_control_mode__traits.hpp\n'}
[27.043535] (as2_msgs) StdoutLine: {'line': b'-- Symlinking: /home/developer/aerostack2_ws/install/as2_msgs/include/as2_msgs/as2_msgs/srv/detail/set_control_mode__type_support.hpp\n'}
[27.048064] (as2_msgs) StdoutLine: {'line': b'-- Symlinking: /home/developer/aerostack2_ws/install/as2_msgs/include/as2_msgs/as2_msgs/srv/detail/set_geozone__builder.hpp\n'}
[27.054695] (as2_msgs) StdoutLine: {'line': b'-- Symlinking: /home/developer/aerostack2_ws/install/as2_msgs/include/as2_msgs/as2_msgs/srv/detail/set_geozone__struct.hpp\n'}
[27.059270] (as2_msgs) StdoutLine: {'line': b'-- Symlinking: /home/developer/aerostack2_ws/install/as2_msgs/include/as2_msgs/as2_msgs/srv/detail/set_geozone__traits.hpp\n'}
[27.066010] (as2_msgs) StdoutLine: {'line': b'-- Symlinking: /home/developer/aerostack2_ws/install/as2_msgs/include/as2_msgs/as2_msgs/srv/detail/set_geozone__type_support.hpp\n'}
[27.068499] (-) TimerEvent: {}
[27.071773] (as2_msgs) StdoutLine: {'line': b'-- Symlinking: /home/developer/aerostack2_ws/install/as2_msgs/include/as2_msgs/as2_msgs/srv/detail/set_origin__builder.hpp\n'}
[27.077002] (as2_msgs) StdoutLine: {'line': b'-- Symlinking: /home/developer/aerostack2_ws/install/as2_msgs/include/as2_msgs/as2_msgs/srv/detail/set_origin__struct.hpp\n'}
[27.081017] (as2_msgs) StdoutLine: {'line': b'-- Symlinking: /home/developer/aerostack2_ws/install/as2_msgs/include/as2_msgs/as2_msgs/srv/detail/set_origin__traits.hpp\n'}
[27.085626] (as2_msgs) StdoutLine: {'line': b'-- Symlinking: /home/developer/aerostack2_ws/install/as2_msgs/include/as2_msgs/as2_msgs/srv/detail/set_origin__type_support.hpp\n'}
[27.090401] (as2_msgs) StdoutLine: {'line': b'-- Symlinking: /home/developer/aerostack2_ws/install/as2_msgs/include/as2_msgs/as2_msgs/srv/detail/set_platform_state_machine_event__builder.hpp\n'}
[27.095107] (as2_msgs) StdoutLine: {'line': b'-- Symlinking: /home/developer/aerostack2_ws/install/as2_msgs/include/as2_msgs/as2_msgs/srv/detail/set_platform_state_machine_event__struct.hpp\n'}
[27.098953] (as2_msgs) StdoutLine: {'line': b'-- Symlinking: /home/developer/aerostack2_ws/install/as2_msgs/include/as2_msgs/as2_msgs/srv/detail/set_platform_state_machine_event__traits.hpp\n'}
[27.103787] (as2_msgs) StdoutLine: {'line': b'-- Symlinking: /home/developer/aerostack2_ws/install/as2_msgs/include/as2_msgs/as2_msgs/srv/detail/set_platform_state_machine_event__type_support.hpp\n'}
[27.108506] (as2_msgs) StdoutLine: {'line': b'-- Symlinking: /home/developer/aerostack2_ws/install/as2_msgs/include/as2_msgs/as2_msgs/srv/detail/set_speed__builder.hpp\n'}
[27.114462] (as2_msgs) StdoutLine: {'line': b'-- Symlinking: /home/developer/aerostack2_ws/install/as2_msgs/include/as2_msgs/as2_msgs/srv/detail/set_speed__struct.hpp\n'}
[27.118968] (as2_msgs) StdoutLine: {'line': b'-- Symlinking: /home/developer/aerostack2_ws/install/as2_msgs/include/as2_msgs/as2_msgs/srv/detail/set_speed__traits.hpp\n'}
[27.123440] (as2_msgs) StdoutLine: {'line': b'-- Symlinking: /home/developer/aerostack2_ws/install/as2_msgs/include/as2_msgs/as2_msgs/srv/detail/set_speed__type_support.hpp\n'}
[27.128414] (as2_msgs) StdoutLine: {'line': b'-- Symlinking: /home/developer/aerostack2_ws/install/as2_msgs/include/as2_msgs/as2_msgs/srv/dynamic_follower.hpp\n'}
[27.134531] (as2_msgs) StdoutLine: {'line': b'-- Symlinking: /home/developer/aerostack2_ws/install/as2_msgs/include/as2_msgs/as2_msgs/srv/dynamic_land.hpp\n'}
[27.138487] (as2_msgs) StdoutLine: {'line': b'-- Symlinking: /home/developer/aerostack2_ws/install/as2_msgs/include/as2_msgs/as2_msgs/srv/geopath_to_path.hpp\n'}
[27.144503] (as2_msgs) StdoutLine: {'line': b'-- Symlinking: /home/developer/aerostack2_ws/install/as2_msgs/include/as2_msgs/as2_msgs/srv/get_geozone.hpp\n'}
[27.149177] (as2_msgs) StdoutLine: {'line': b'-- Symlinking: /home/developer/aerostack2_ws/install/as2_msgs/include/as2_msgs/as2_msgs/srv/get_origin.hpp\n'}
[27.155053] (as2_msgs) StdoutLine: {'line': b'-- Symlinking: /home/developer/aerostack2_ws/install/as2_msgs/include/as2_msgs/as2_msgs/srv/list_control_modes.hpp\n'}
[27.159008] (as2_msgs) StdoutLine: {'line': b'-- Symlinking: /home/developer/aerostack2_ws/install/as2_msgs/include/as2_msgs/as2_msgs/srv/modify_swarm.hpp\n'}
[27.164873] (as2_msgs) StdoutLine: {'line': b'-- Symlinking: /home/developer/aerostack2_ws/install/as2_msgs/include/as2_msgs/as2_msgs/srv/package_pick_up.hpp\n'}
[27.168603] (-) TimerEvent: {}
[27.169444] (as2_msgs) StdoutLine: {'line': b'-- Symlinking: /home/developer/aerostack2_ws/install/as2_msgs/include/as2_msgs/as2_msgs/srv/package_un_pick.hpp\n'}
[27.174546] (as2_msgs) StdoutLine: {'line': b'-- Symlinking: /home/developer/aerostack2_ws/install/as2_msgs/include/as2_msgs/as2_msgs/srv/path_to_geopath.hpp\n'}
[27.178786] (as2_msgs) StdoutLine: {'line': b'-- Symlinking: /home/developer/aerostack2_ws/install/as2_msgs/include/as2_msgs/as2_msgs/srv/set_control_mode.hpp\n'}
[27.185011] (as2_msgs) StdoutLine: {'line': b'-- Symlinking: /home/developer/aerostack2_ws/install/as2_msgs/include/as2_msgs/as2_msgs/srv/set_geozone.hpp\n'}
[27.188876] (as2_msgs) StdoutLine: {'line': b'-- Symlinking: /home/developer/aerostack2_ws/install/as2_msgs/include/as2_msgs/as2_msgs/srv/set_origin.hpp\n'}
[27.195087] (as2_msgs) StdoutLine: {'line': b'-- Symlinking: /home/developer/aerostack2_ws/install/as2_msgs/include/as2_msgs/as2_msgs/srv/set_platform_state_machine_event.hpp\n'}
[27.200941] (as2_msgs) StdoutLine: {'line': b'-- Symlinking: /home/developer/aerostack2_ws/install/as2_msgs/include/as2_msgs/as2_msgs/srv/set_speed.hpp\n'}
[27.207970] (as2_msgs) StdoutLine: {'line': b'-- Symlinking: /home/developer/aerostack2_ws/install/as2_msgs/include/as2_msgs/as2_msgs/action/detail/detect_aruco_markers__rosidl_typesupport_fastrtps_cpp.hpp\n'}
[27.212103] (as2_msgs) StdoutLine: {'line': b'-- Symlinking: /home/developer/aerostack2_ws/install/as2_msgs/include/as2_msgs/as2_msgs/action/detail/follow_path__rosidl_typesupport_fastrtps_cpp.hpp\n'}
[27.217689] (as2_msgs) StdoutLine: {'line': b'-- Symlinking: /home/developer/aerostack2_ws/install/as2_msgs/include/as2_msgs/as2_msgs/action/detail/follow_reference__rosidl_typesupport_fastrtps_cpp.hpp\n'}
[27.222074] (as2_msgs) StdoutLine: {'line': b'-- Symlinking: /home/developer/aerostack2_ws/install/as2_msgs/include/as2_msgs/as2_msgs/action/detail/force_estimation__rosidl_typesupport_fastrtps_cpp.hpp\n'}
[27.228382] (as2_msgs) StdoutLine: {'line': b'-- Symlinking: /home/developer/aerostack2_ws/install/as2_msgs/include/as2_msgs/as2_msgs/action/detail/generate_polynomial_trajectory__rosidl_typesupport_fastrtps_cpp.hpp\n'}
[27.232300] (as2_msgs) StdoutLine: {'line': b'-- Symlinking: /home/developer/aerostack2_ws/install/as2_msgs/include/as2_msgs/as2_msgs/action/detail/go_to_waypoint__rosidl_typesupport_fastrtps_cpp.hpp\n'}
[27.237653] (as2_msgs) StdoutLine: {'line': b'-- Symlinking: /home/developer/aerostack2_ws/install/as2_msgs/include/as2_msgs/as2_msgs/action/detail/gripper_handler__rosidl_typesupport_fastrtps_cpp.hpp\n'}
[27.243711] (as2_msgs) StdoutLine: {'line': b'-- Symlinking: /home/developer/aerostack2_ws/install/as2_msgs/include/as2_msgs/as2_msgs/action/detail/land__rosidl_typesupport_fastrtps_cpp.hpp\n'}
[27.249166] (as2_msgs) StdoutLine: {'line': b'-- Symlinking: /home/developer/aerostack2_ws/install/as2_msgs/include/as2_msgs/as2_msgs/action/detail/mass_estimation__rosidl_typesupport_fastrtps_cpp.hpp\n'}
[27.254838] (as2_msgs) StdoutLine: {'line': b'-- Symlinking: /home/developer/aerostack2_ws/install/as2_msgs/include/as2_msgs/as2_msgs/action/detail/navigate_to_point__rosidl_typesupport_fastrtps_cpp.hpp\n'}
[27.258740] (as2_msgs) StdoutLine: {'line': b'-- Symlinking: /home/developer/aerostack2_ws/install/as2_msgs/include/as2_msgs/as2_msgs/action/detail/point_gimbal__rosidl_typesupport_fastrtps_cpp.hpp\n'}
[27.263913] (as2_msgs) StdoutLine: {'line': b'-- Symlinking: /home/developer/aerostack2_ws/install/as2_msgs/include/as2_msgs/as2_msgs/action/detail/precision_landing__rosidl_typesupport_fastrtps_cpp.hpp\n'}
[27.268781] (-) TimerEvent: {}
[27.270297] (as2_msgs) StdoutLine: {'line': b'-- Symlinking: /home/developer/aerostack2_ws/install/as2_msgs/include/as2_msgs/as2_msgs/action/detail/set_arming_state__rosidl_typesupport_fastrtps_cpp.hpp\n'}
[27.275255] (as2_msgs) StdoutLine: {'line': b'-- Symlinking: /home/developer/aerostack2_ws/install/as2_msgs/include/as2_msgs/as2_msgs/action/detail/set_offboard_mode__rosidl_typesupport_fastrtps_cpp.hpp\n'}
[27.279365] (as2_msgs) StdoutLine: {'line': b'-- Symlinking: /home/developer/aerostack2_ws/install/as2_msgs/include/as2_msgs/as2_msgs/action/detail/swarm_flocking__rosidl_typesupport_fastrtps_cpp.hpp\n'}
[27.283870] (as2_msgs) StdoutLine: {'line': b'-- Symlinking: /home/developer/aerostack2_ws/install/as2_msgs/include/as2_msgs/as2_msgs/action/detail/takeoff__rosidl_typesupport_fastrtps_cpp.hpp\n'}
[27.289310] (as2_msgs) StdoutLine: {'line': b'-- Symlinking: /home/developer/aerostack2_ws/install/as2_msgs/include/as2_msgs/as2_msgs/msg/detail/acro__rosidl_typesupport_fastrtps_cpp.hpp\n'}
[27.296481] (as2_msgs) StdoutLine: {'line': b'-- Symlinking: /home/developer/aerostack2_ws/install/as2_msgs/include/as2_msgs/as2_msgs/msg/detail/alert_event__rosidl_typesupport_fastrtps_cpp.hpp\n'}
[27.300556] (as2_msgs) StdoutLine: {'line': b'-- Symlinking: /home/developer/aerostack2_ws/install/as2_msgs/include/as2_msgs/as2_msgs/msg/detail/behavior_status__rosidl_typesupport_fastrtps_cpp.hpp\n'}
[27.306544] (as2_msgs) StdoutLine: {'line': b'-- Symlinking: /home/developer/aerostack2_ws/install/as2_msgs/include/as2_msgs/as2_msgs/msg/detail/control_mode__rosidl_typesupport_fastrtps_cpp.hpp\n'}
[27.310535] (as2_msgs) StdoutLine: {'line': b'-- Symlinking: /home/developer/aerostack2_ws/install/as2_msgs/include/as2_msgs/as2_msgs/msg/detail/controller_info__rosidl_typesupport_fastrtps_cpp.hpp\n'}
[27.316861] (as2_msgs) StdoutLine: {'line': b'-- Symlinking: /home/developer/aerostack2_ws/install/as2_msgs/include/as2_msgs/as2_msgs/msg/detail/follow_target_info__rosidl_typesupport_fastrtps_cpp.hpp\n'}
[27.320643] (as2_msgs) StdoutLine: {'line': b'-- Symlinking: /home/developer/aerostack2_ws/install/as2_msgs/include/as2_msgs/as2_msgs/msg/detail/geozone__rosidl_typesupport_fastrtps_cpp.hpp\n'}
[27.326910] (as2_msgs) StdoutLine: {'line': b'-- Symlinking: /home/developer/aerostack2_ws/install/as2_msgs/include/as2_msgs/as2_msgs/msg/detail/gimbal_control__rosidl_typesupport_fastrtps_cpp.hpp\n'}
[27.330979] (as2_msgs) StdoutLine: {'line': b'-- Symlinking: /home/developer/aerostack2_ws/install/as2_msgs/include/as2_msgs/as2_msgs/msg/detail/mission_event__rosidl_typesupport_fastrtps_cpp.hpp\n'}
[27.334545] (as2_msgs) StdoutLine: {'line': b'-- Symlinking: /home/developer/aerostack2_ws/install/as2_msgs/include/as2_msgs/as2_msgs/msg/detail/mission_update__rosidl_typesupport_fastrtps_cpp.hpp\n'}
[27.338539] (as2_msgs) StdoutLine: {'line': b'-- Symlinking: /home/developer/aerostack2_ws/install/as2_msgs/include/as2_msgs/as2_msgs/msg/detail/node_status__rosidl_typesupport_fastrtps_cpp.hpp\n'}
[27.345292] (as2_msgs) StdoutLine: {'line': b'-- Symlinking: /home/developer/aerostack2_ws/install/as2_msgs/include/as2_msgs/as2_msgs/msg/detail/platform_info__rosidl_typesupport_fastrtps_cpp.hpp\n'}
[27.351307] (as2_msgs) StdoutLine: {'line': b'-- Symlinking: /home/developer/aerostack2_ws/install/as2_msgs/include/as2_msgs/as2_msgs/msg/detail/platform_state_machine_event__rosidl_typesupport_fastrtps_cpp.hpp\n'}
[27.355948] (as2_msgs) StdoutLine: {'line': b'-- Symlinking: /home/developer/aerostack2_ws/install/as2_msgs/include/as2_msgs/as2_msgs/msg/detail/platform_status__rosidl_typesupport_fastrtps_cpp.hpp\n'}
[27.359821] (as2_msgs) StdoutLine: {'line': b'-- Symlinking: /home/developer/aerostack2_ws/install/as2_msgs/include/as2_msgs/as2_msgs/msg/detail/polygon_list__rosidl_typesupport_fastrtps_cpp.hpp\n'}
[27.365583] (as2_msgs) StdoutLine: {'line': b'-- Symlinking: /home/developer/aerostack2_ws/install/as2_msgs/include/as2_msgs/as2_msgs/msg/detail/pose_stamped_with_id__rosidl_typesupport_fastrtps_cpp.hpp\n'}
[27.368859] (-) TimerEvent: {}
[27.370570] (as2_msgs) StdoutLine: {'line': b'-- Symlinking: /home/developer/aerostack2_ws/install/as2_msgs/include/as2_msgs/as2_msgs/msg/detail/pose_stamped_with_id_array__rosidl_typesupport_fastrtps_cpp.hpp\n'}
[27.376000] (as2_msgs) StdoutLine: {'line': b'-- Symlinking: /home/developer/aerostack2_ws/install/as2_msgs/include/as2_msgs/as2_msgs/msg/detail/pose_with_id__rosidl_typesupport_fastrtps_cpp.hpp\n'}
[27.380382] (as2_msgs) StdoutLine: {'line': b'-- Symlinking: /home/developer/aerostack2_ws/install/as2_msgs/include/as2_msgs/as2_msgs/msg/detail/pose_with_id_array__rosidl_typesupport_fastrtps_cpp.hpp\n'}
[27.386994] (as2_msgs) StdoutLine: {'line': b'-- Symlinking: /home/developer/aerostack2_ws/install/as2_msgs/include/as2_msgs/as2_msgs/msg/detail/speed__rosidl_typesupport_fastrtps_cpp.hpp\n'}
[27.391250] (as2_msgs) StdoutLine: {'line': b'-- Symlinking: /home/developer/aerostack2_ws/install/as2_msgs/include/as2_msgs/as2_msgs/msg/detail/thrust__rosidl_typesupport_fastrtps_cpp.hpp\n'}
[27.396368] (as2_msgs) StdoutLine: {'line': b'-- Symlinking: /home/developer/aerostack2_ws/install/as2_msgs/include/as2_msgs/as2_msgs/msg/detail/traj_gen_info__rosidl_typesupport_fastrtps_cpp.hpp\n'}
[27.400979] (as2_msgs) StdoutLine: {'line': b'-- Symlinking: /home/developer/aerostack2_ws/install/as2_msgs/include/as2_msgs/as2_msgs/msg/detail/trajectory_point__rosidl_typesupport_fastrtps_cpp.hpp\n'}
[27.407133] (as2_msgs) StdoutLine: {'line': b'-- Symlinking: /home/developer/aerostack2_ws/install/as2_msgs/include/as2_msgs/as2_msgs/msg/detail/trajectory_setpoints__rosidl_typesupport_fastrtps_cpp.hpp\n'}
[27.411233] (as2_msgs) StdoutLine: {'line': b'-- Symlinking: /home/developer/aerostack2_ws/install/as2_msgs/include/as2_msgs/as2_msgs/msg/detail/u_int16_multi_array_stamped__rosidl_typesupport_fastrtps_cpp.hpp\n'}
[27.415400] (as2_msgs) StdoutLine: {'line': b'-- Symlinking: /home/developer/aerostack2_ws/install/as2_msgs/include/as2_msgs/as2_msgs/msg/detail/yaw_mode__rosidl_typesupport_fastrtps_cpp.hpp\n'}
[27.420379] (as2_msgs) StdoutLine: {'line': b'-- Symlinking: /home/developer/aerostack2_ws/install/as2_msgs/include/as2_msgs/as2_msgs/msg/rosidl_typesupport_fastrtps_cpp__visibility_control.h\n'}
[27.426434] (as2_msgs) StdoutLine: {'line': b'-- Symlinking: /home/developer/aerostack2_ws/install/as2_msgs/include/as2_msgs/as2_msgs/srv/detail/add_static_transform__rosidl_typesupport_fastrtps_cpp.hpp\n'}
[27.431249] (as2_msgs) StdoutLine: {'line': b'-- Symlinking: /home/developer/aerostack2_ws/install/as2_msgs/include/as2_msgs/as2_msgs/srv/detail/add_static_transform_gps__rosidl_typesupport_fastrtps_cpp.hpp\n'}
[27.437026] (as2_msgs) StdoutLine: {'line': b'-- Symlinking: /home/developer/aerostack2_ws/install/as2_msgs/include/as2_msgs/as2_msgs/srv/detail/dynamic_follower__rosidl_typesupport_fastrtps_cpp.hpp\n'}
[27.441170] (as2_msgs) StdoutLine: {'line': b'-- Symlinking: /home/developer/aerostack2_ws/install/as2_msgs/include/as2_msgs/as2_msgs/srv/detail/dynamic_land__rosidl_typesupport_fastrtps_cpp.hpp\n'}
[27.447287] (as2_msgs) StdoutLine: {'line': b'-- Symlinking: /home/developer/aerostack2_ws/install/as2_msgs/include/as2_msgs/as2_msgs/srv/detail/geopath_to_path__rosidl_typesupport_fastrtps_cpp.hpp\n'}
[27.450995] (as2_msgs) StdoutLine: {'line': b'-- Symlinking: /home/developer/aerostack2_ws/install/as2_msgs/include/as2_msgs/as2_msgs/srv/detail/get_geozone__rosidl_typesupport_fastrtps_cpp.hpp\n'}
[27.454903] (as2_msgs) StdoutLine: {'line': b'-- Symlinking: /home/developer/aerostack2_ws/install/as2_msgs/include/as2_msgs/as2_msgs/srv/detail/get_origin__rosidl_typesupport_fastrtps_cpp.hpp\n'}
[27.459097] (as2_msgs) StdoutLine: {'line': b'-- Symlinking: /home/developer/aerostack2_ws/install/as2_msgs/include/as2_msgs/as2_msgs/srv/detail/list_control_modes__rosidl_typesupport_fastrtps_cpp.hpp\n'}
[27.463420] (as2_msgs) StdoutLine: {'line': b'-- Symlinking: /home/developer/aerostack2_ws/install/as2_msgs/include/as2_msgs/as2_msgs/srv/detail/modify_swarm__rosidl_typesupport_fastrtps_cpp.hpp\n'}
[27.467926] (as2_msgs) StdoutLine: {'line': b'-- Symlinking: /home/developer/aerostack2_ws/install/as2_msgs/include/as2_msgs/as2_msgs/srv/detail/package_pick_up__rosidl_typesupport_fastrtps_cpp.hpp\n'}
[27.468941] (-) TimerEvent: {}
[27.472535] (as2_msgs) StdoutLine: {'line': b'-- Symlinking: /home/developer/aerostack2_ws/install/as2_msgs/include/as2_msgs/as2_msgs/srv/detail/package_un_pick__rosidl_typesupport_fastrtps_cpp.hpp\n'}
[27.476412] (as2_msgs) StdoutLine: {'line': b'-- Symlinking: /home/developer/aerostack2_ws/install/as2_msgs/include/as2_msgs/as2_msgs/srv/detail/path_to_geopath__rosidl_typesupport_fastrtps_cpp.hpp\n'}
[27.481876] (as2_msgs) StdoutLine: {'line': b'-- Symlinking: /home/developer/aerostack2_ws/install/as2_msgs/include/as2_msgs/as2_msgs/srv/detail/set_control_mode__rosidl_typesupport_fastrtps_cpp.hpp\n'}
[27.485900] (as2_msgs) StdoutLine: {'line': b'-- Symlinking: /home/developer/aerostack2_ws/install/as2_msgs/include/as2_msgs/as2_msgs/srv/detail/set_geozone__rosidl_typesupport_fastrtps_cpp.hpp\n'}
[27.491740] (as2_msgs) StdoutLine: {'line': b'-- Symlinking: /home/developer/aerostack2_ws/install/as2_msgs/include/as2_msgs/as2_msgs/srv/detail/set_origin__rosidl_typesupport_fastrtps_cpp.hpp\n'}
[27.496234] (as2_msgs) StdoutLine: {'line': b'-- Symlinking: /home/developer/aerostack2_ws/install/as2_msgs/include/as2_msgs/as2_msgs/srv/detail/set_platform_state_machine_event__rosidl_typesupport_fastrtps_cpp.hpp\n'}
[27.499975] (as2_msgs) StdoutLine: {'line': b'-- Symlinking: /home/developer/aerostack2_ws/install/as2_msgs/include/as2_msgs/as2_msgs/srv/detail/set_speed__rosidl_typesupport_fastrtps_cpp.hpp\n'}
[27.506702] (as2_msgs) StdoutLine: {'line': b'-- Symlinking: /home/developer/aerostack2_ws/install/as2_msgs/include/as2_msgs/as2_msgs/action/detail/detect_aruco_markers__rosidl_typesupport_introspection_cpp.hpp\n'}
[27.511746] (as2_msgs) StdoutLine: {'line': b'-- Symlinking: /home/developer/aerostack2_ws/install/as2_msgs/include/as2_msgs/as2_msgs/action/detail/follow_path__rosidl_typesupport_introspection_cpp.hpp\n'}
[27.515715] (as2_msgs) StdoutLine: {'line': b'-- Symlinking: /home/developer/aerostack2_ws/install/as2_msgs/include/as2_msgs/as2_msgs/action/detail/follow_reference__rosidl_typesupport_introspection_cpp.hpp\n'}
[27.519702] (as2_msgs) StdoutLine: {'line': b'-- Symlinking: /home/developer/aerostack2_ws/install/as2_msgs/include/as2_msgs/as2_msgs/action/detail/force_estimation__rosidl_typesupport_introspection_cpp.hpp\n'}
[27.523930] (as2_msgs) StdoutLine: {'line': b'-- Symlinking: /home/developer/aerostack2_ws/install/as2_msgs/include/as2_msgs/as2_msgs/action/detail/generate_polynomial_trajectory__rosidl_typesupport_introspection_cpp.hpp\n'}
[27.530100] (as2_msgs) StdoutLine: {'line': b'-- Symlinking: /home/developer/aerostack2_ws/install/as2_msgs/include/as2_msgs/as2_msgs/action/detail/go_to_waypoint__rosidl_typesupport_introspection_cpp.hpp\n'}
[27.535476] (as2_msgs) StdoutLine: {'line': b'-- Symlinking: /home/developer/aerostack2_ws/install/as2_msgs/include/as2_msgs/as2_msgs/action/detail/gripper_handler__rosidl_typesupport_introspection_cpp.hpp\n'}
[27.539619] (as2_msgs) StdoutLine: {'line': b'-- Symlinking: /home/developer/aerostack2_ws/install/as2_msgs/include/as2_msgs/as2_msgs/action/detail/land__rosidl_typesupport_introspection_cpp.hpp\n'}
[27.543726] (as2_msgs) StdoutLine: {'line': b'-- Symlinking: /home/developer/aerostack2_ws/install/as2_msgs/include/as2_msgs/as2_msgs/action/detail/mass_estimation__rosidl_typesupport_introspection_cpp.hpp\n'}
[27.549196] (as2_msgs) StdoutLine: {'line': b'-- Symlinking: /home/developer/aerostack2_ws/install/as2_msgs/include/as2_msgs/as2_msgs/action/detail/navigate_to_point__rosidl_typesupport_introspection_cpp.hpp\n'}
[27.552934] (as2_msgs) StdoutLine: {'line': b'-- Symlinking: /home/developer/aerostack2_ws/install/as2_msgs/include/as2_msgs/as2_msgs/action/detail/point_gimbal__rosidl_typesupport_introspection_cpp.hpp\n'}
[27.558739] (as2_msgs) StdoutLine: {'line': b'-- Symlinking: /home/developer/aerostack2_ws/install/as2_msgs/include/as2_msgs/as2_msgs/action/detail/precision_landing__rosidl_typesupport_introspection_cpp.hpp\n'}
[27.563316] (as2_msgs) StdoutLine: {'line': b'-- Symlinking: /home/developer/aerostack2_ws/install/as2_msgs/include/as2_msgs/as2_msgs/action/detail/set_arming_state__rosidl_typesupport_introspection_cpp.hpp\n'}
[27.569092] (-) TimerEvent: {}
[27.569345] (as2_msgs) StdoutLine: {'line': b'-- Symlinking: /home/developer/aerostack2_ws/install/as2_msgs/include/as2_msgs/as2_msgs/action/detail/set_offboard_mode__rosidl_typesupport_introspection_cpp.hpp\n'}
[27.573448] (as2_msgs) StdoutLine: {'line': b'-- Symlinking: /home/developer/aerostack2_ws/install/as2_msgs/include/as2_msgs/as2_msgs/action/detail/swarm_flocking__rosidl_typesupport_introspection_cpp.hpp\n'}
[27.578037] (as2_msgs) StdoutLine: {'line': b'-- Symlinking: /home/developer/aerostack2_ws/install/as2_msgs/include/as2_msgs/as2_msgs/action/detail/takeoff__rosidl_typesupport_introspection_cpp.hpp\n'}
[27.583001] (as2_msgs) StdoutLine: {'line': b'-- Symlinking: /home/developer/aerostack2_ws/install/as2_msgs/include/as2_msgs/as2_msgs/msg/detail/acro__rosidl_typesupport_introspection_cpp.hpp\n'}
[27.589161] (as2_msgs) StdoutLine: {'line': b'-- Symlinking: /home/developer/aerostack2_ws/install/as2_msgs/include/as2_msgs/as2_msgs/msg/detail/alert_event__rosidl_typesupport_introspection_cpp.hpp\n'}
[27.593956] (as2_msgs) StdoutLine: {'line': b'-- Symlinking: /home/developer/aerostack2_ws/install/as2_msgs/include/as2_msgs/as2_msgs/msg/detail/behavior_status__rosidl_typesupport_introspection_cpp.hpp\n'}
[27.597858] (as2_msgs) StdoutLine: {'line': b'-- Symlinking: /home/developer/aerostack2_ws/install/as2_msgs/include/as2_msgs/as2_msgs/msg/detail/control_mode__rosidl_typesupport_introspection_cpp.hpp\n'}
[27.603294] (as2_msgs) StdoutLine: {'line': b'-- Symlinking: /home/developer/aerostack2_ws/install/as2_msgs/include/as2_msgs/as2_msgs/msg/detail/controller_info__rosidl_typesupport_introspection_cpp.hpp\n'}
[27.609264] (as2_msgs) StdoutLine: {'line': b'-- Symlinking: /home/developer/aerostack2_ws/install/as2_msgs/include/as2_msgs/as2_msgs/msg/detail/follow_target_info__rosidl_typesupport_introspection_cpp.hpp\n'}
[27.613531] (as2_msgs) StdoutLine: {'line': b'-- Symlinking: /home/developer/aerostack2_ws/install/as2_msgs/include/as2_msgs/as2_msgs/msg/detail/geozone__rosidl_typesupport_introspection_cpp.hpp\n'}
[27.617580] (as2_msgs) StdoutLine: {'line': b'-- Symlinking: /home/developer/aerostack2_ws/install/as2_msgs/include/as2_msgs/as2_msgs/msg/detail/gimbal_control__rosidl_typesupport_introspection_cpp.hpp\n'}
[27.623111] (as2_msgs) StdoutLine: {'line': b'-- Symlinking: /home/developer/aerostack2_ws/install/as2_msgs/include/as2_msgs/as2_msgs/msg/detail/mission_event__rosidl_typesupport_introspection_cpp.hpp\n'}
[27.629897] (as2_msgs) StdoutLine: {'line': b'-- Symlinking: /home/developer/aerostack2_ws/install/as2_msgs/include/as2_msgs/as2_msgs/msg/detail/mission_update__rosidl_typesupport_introspection_cpp.hpp\n'}
[27.634088] (as2_msgs) StdoutLine: {'line': b'-- Symlinking: /home/developer/aerostack2_ws/install/as2_msgs/include/as2_msgs/as2_msgs/msg/detail/node_status__rosidl_typesupport_introspection_cpp.hpp\n'}
[27.638157] (as2_msgs) StdoutLine: {'line': b'-- Symlinking: /home/developer/aerostack2_ws/install/as2_msgs/include/as2_msgs/as2_msgs/msg/detail/platform_info__rosidl_typesupport_introspection_cpp.hpp\n'}
[27.642963] (as2_msgs) StdoutLine: {'line': b'-- Symlinking: /home/developer/aerostack2_ws/install/as2_msgs/include/as2_msgs/as2_msgs/msg/detail/platform_state_machine_event__rosidl_typesupport_introspection_cpp.hpp\n'}
[27.646789] (as2_msgs) StdoutLine: {'line': b'-- Symlinking: /home/developer/aerostack2_ws/install/as2_msgs/include/as2_msgs/as2_msgs/msg/detail/platform_status__rosidl_typesupport_introspection_cpp.hpp\n'}
[27.652664] (as2_msgs) StdoutLine: {'line': b'-- Symlinking: /home/developer/aerostack2_ws/install/as2_msgs/include/as2_msgs/as2_msgs/msg/detail/polygon_list__rosidl_typesupport_introspection_cpp.hpp\n'}
[27.657064] (as2_msgs) StdoutLine: {'line': b'-- Symlinking: /home/developer/aerostack2_ws/install/as2_msgs/include/as2_msgs/as2_msgs/msg/detail/pose_stamped_with_id__rosidl_typesupport_introspection_cpp.hpp\n'}
[27.662236] (as2_msgs) StdoutLine: {'line': b'-- Symlinking: /home/developer/aerostack2_ws/install/as2_msgs/include/as2_msgs/as2_msgs/msg/detail/pose_stamped_with_id_array__rosidl_typesupport_introspection_cpp.hpp\n'}
[27.668353] (as2_msgs) StdoutLine: {'line': b'-- Symlinking: /home/developer/aerostack2_ws/install/as2_msgs/include/as2_msgs/as2_msgs/msg/detail/pose_with_id__rosidl_typesupport_introspection_cpp.hpp\n'}
[27.669235] (-) TimerEvent: {}
[27.674107] (as2_msgs) StdoutLine: {'line': b'-- Symlinking: /home/developer/aerostack2_ws/install/as2_msgs/include/as2_msgs/as2_msgs/msg/detail/pose_with_id_array__rosidl_typesupport_introspection_cpp.hpp\n'}
[27.678183] (as2_msgs) StdoutLine: {'line': b'-- Symlinking: /home/developer/aerostack2_ws/install/as2_msgs/include/as2_msgs/as2_msgs/msg/detail/speed__rosidl_typesupport_introspection_cpp.hpp\n'}
[27.683752] (as2_msgs) StdoutLine: {'line': b'-- Symlinking: /home/developer/aerostack2_ws/install/as2_msgs/include/as2_msgs/as2_msgs/msg/detail/thrust__rosidl_typesupport_introspection_cpp.hpp\n'}
[27.688199] (as2_msgs) StdoutLine: {'line': b'-- Symlinking: /home/developer/aerostack2_ws/install/as2_msgs/include/as2_msgs/as2_msgs/msg/detail/traj_gen_info__rosidl_typesupport_introspection_cpp.hpp\n'}
[27.694616] (as2_msgs) StdoutLine: {'line': b'-- Symlinking: /home/developer/aerostack2_ws/install/as2_msgs/include/as2_msgs/as2_msgs/msg/detail/trajectory_point__rosidl_typesupport_introspection_cpp.hpp\n'}
[27.700941] (as2_msgs) StdoutLine: {'line': b'-- Symlinking: /home/developer/aerostack2_ws/install/as2_msgs/include/as2_msgs/as2_msgs/msg/detail/trajectory_setpoints__rosidl_typesupport_introspection_cpp.hpp\n'}
[27.706349] (as2_msgs) StdoutLine: {'line': b'-- Symlinking: /home/developer/aerostack2_ws/install/as2_msgs/include/as2_msgs/as2_msgs/msg/detail/u_int16_multi_array_stamped__rosidl_typesupport_introspection_cpp.hpp\n'}
[27.712282] (as2_msgs) StdoutLine: {'line': b'-- Symlinking: /home/developer/aerostack2_ws/install/as2_msgs/include/as2_msgs/as2_msgs/msg/detail/yaw_mode__rosidl_typesupport_introspection_cpp.hpp\n'}
[27.717075] (as2_msgs) StdoutLine: {'line': b'-- Symlinking: /home/developer/aerostack2_ws/install/as2_msgs/include/as2_msgs/as2_msgs/srv/detail/add_static_transform__rosidl_typesupport_introspection_cpp.hpp\n'}
[27.722246] (as2_msgs) StdoutLine: {'line': b'-- Symlinking: /home/developer/aerostack2_ws/install/as2_msgs/include/as2_msgs/as2_msgs/srv/detail/add_static_transform_gps__rosidl_typesupport_introspection_cpp.hpp\n'}
[27.728442] (as2_msgs) StdoutLine: {'line': b'-- Symlinking: /home/developer/aerostack2_ws/install/as2_msgs/include/as2_msgs/as2_msgs/srv/detail/dynamic_follower__rosidl_typesupport_introspection_cpp.hpp\n'}
[27.734358] (as2_msgs) StdoutLine: {'line': b'-- Symlinking: /home/developer/aerostack2_ws/install/as2_msgs/include/as2_msgs/as2_msgs/srv/detail/dynamic_land__rosidl_typesupport_introspection_cpp.hpp\n'}
[27.740464] (as2_msgs) StdoutLine: {'line': b'-- Symlinking: /home/developer/aerostack2_ws/install/as2_msgs/include/as2_msgs/as2_msgs/srv/detail/geopath_to_path__rosidl_typesupport_introspection_cpp.hpp\n'}
[27.745900] (as2_msgs) StdoutLine: {'line': b'-- Symlinking: /home/developer/aerostack2_ws/install/as2_msgs/include/as2_msgs/as2_msgs/srv/detail/get_geozone__rosidl_typesupport_introspection_cpp.hpp\n'}
[27.749747] (as2_msgs) StdoutLine: {'line': b'-- Symlinking: /home/developer/aerostack2_ws/install/as2_msgs/include/as2_msgs/as2_msgs/srv/detail/get_origin__rosidl_typesupport_introspection_cpp.hpp\n'}
[27.754743] (as2_msgs) StdoutLine: {'line': b'-- Symlinking: /home/developer/aerostack2_ws/install/as2_msgs/include/as2_msgs/as2_msgs/srv/detail/list_control_modes__rosidl_typesupport_introspection_cpp.hpp\n'}
[27.758788] (as2_msgs) StdoutLine: {'line': b'-- Symlinking: /home/developer/aerostack2_ws/install/as2_msgs/include/as2_msgs/as2_msgs/srv/detail/modify_swarm__rosidl_typesupport_introspection_cpp.hpp\n'}
[27.764727] (as2_msgs) StdoutLine: {'line': b'-- Symlinking: /home/developer/aerostack2_ws/install/as2_msgs/include/as2_msgs/as2_msgs/srv/detail/package_pick_up__rosidl_typesupport_introspection_cpp.hpp\n'}
[27.769388] (-) TimerEvent: {}
[27.770647] (as2_msgs) StdoutLine: {'line': b'-- Symlinking: /home/developer/aerostack2_ws/install/as2_msgs/include/as2_msgs/as2_msgs/srv/detail/package_un_pick__rosidl_typesupport_introspection_cpp.hpp\n'}
[27.776082] (as2_msgs) StdoutLine: {'line': b'-- Symlinking: /home/developer/aerostack2_ws/install/as2_msgs/include/as2_msgs/as2_msgs/srv/detail/path_to_geopath__rosidl_typesupport_introspection_cpp.hpp\n'}
[27.781968] (as2_msgs) StdoutLine: {'line': b'-- Symlinking: /home/developer/aerostack2_ws/install/as2_msgs/include/as2_msgs/as2_msgs/srv/detail/set_control_mode__rosidl_typesupport_introspection_cpp.hpp\n'}
[27.788319] (as2_msgs) StdoutLine: {'line': b'-- Symlinking: /home/developer/aerostack2_ws/install/as2_msgs/include/as2_msgs/as2_msgs/srv/detail/set_geozone__rosidl_typesupport_introspection_cpp.hpp\n'}
[27.794078] (as2_msgs) StdoutLine: {'line': b'-- Symlinking: /home/developer/aerostack2_ws/install/as2_msgs/include/as2_msgs/as2_msgs/srv/detail/set_origin__rosidl_typesupport_introspection_cpp.hpp\n'}
[27.799029] (as2_msgs) StdoutLine: {'line': b'-- Symlinking: /home/developer/aerostack2_ws/install/as2_msgs/include/as2_msgs/as2_msgs/srv/detail/set_platform_state_machine_event__rosidl_typesupport_introspection_cpp.hpp\n'}
[27.805251] (as2_msgs) StdoutLine: {'line': b'-- Symlinking: /home/developer/aerostack2_ws/install/as2_msgs/include/as2_msgs/as2_msgs/srv/detail/set_speed__rosidl_typesupport_introspection_cpp.hpp\n'}
[27.808927] (as2_msgs) StdoutLine: {'line': b'-- Symlinking: /home/developer/aerostack2_ws/install/as2_msgs/share/as2_msgs/environment/pythonpath.sh\n'}
[27.815220] (as2_msgs) StdoutLine: {'line': b'-- Symlinking: /home/developer/aerostack2_ws/install/as2_msgs/share/as2_msgs/environment/pythonpath.dsv\n'}
[27.819740] (as2_msgs) StdoutLine: {'line': b'-- Symlinking: /home/developer/aerostack2_ws/install/as2_msgs/local/lib/python3.10/dist-packages/as2_msgs-1.1.3-py3.10.egg-info/PKG-INFO\n'}
[27.823731] (as2_msgs) StdoutLine: {'line': b'-- Symlinking: /home/developer/aerostack2_ws/install/as2_msgs/local/lib/python3.10/dist-packages/as2_msgs-1.1.3-py3.10.egg-info/SOURCES.txt\n'}
[27.829843] (as2_msgs) StdoutLine: {'line': b'-- Symlinking: /home/developer/aerostack2_ws/install/as2_msgs/local/lib/python3.10/dist-packages/as2_msgs-1.1.3-py3.10.egg-info/dependency_links.txt\n'}
[27.835067] (as2_msgs) StdoutLine: {'line': b'-- Symlinking: /home/developer/aerostack2_ws/install/as2_msgs/local/lib/python3.10/dist-packages/as2_msgs-1.1.3-py3.10.egg-info/top_level.txt\n'}
[27.840340] (as2_msgs) StdoutLine: {'line': b'-- Symlinking: /home/developer/aerostack2_ws/install/as2_msgs/local/lib/python3.10/dist-packages/as2_msgs/__init__.py\n'}
[27.844327] (as2_msgs) StdoutLine: {'line': b'-- Symlinking: /home/developer/aerostack2_ws/install/as2_msgs/local/lib/python3.10/dist-packages/as2_msgs/_as2_msgs_s.ep.rosidl_typesupport_c.c\n'}
[27.850415] (as2_msgs) StdoutLine: {'line': b'-- Symlinking: /home/developer/aerostack2_ws/install/as2_msgs/local/lib/python3.10/dist-packages/as2_msgs/_as2_msgs_s.ep.rosidl_typesupport_fastrtps_c.c\n'}
[27.856003] (as2_msgs) StdoutLine: {'line': b'-- Symlinking: /home/developer/aerostack2_ws/install/as2_msgs/local/lib/python3.10/dist-packages/as2_msgs/_as2_msgs_s.ep.rosidl_typesupport_introspection_c.c\n'}
[27.860262] (as2_msgs) StdoutLine: {'line': b'-- Symlinking: /home/developer/aerostack2_ws/install/as2_msgs/local/lib/python3.10/dist-packages/as2_msgs/action/__init__.py\n'}
[27.866465] (as2_msgs) StdoutLine: {'line': b'-- Symlinking: /home/developer/aerostack2_ws/install/as2_msgs/local/lib/python3.10/dist-packages/as2_msgs/action/_detect_aruco_markers.py\n'}
[27.869454] (-) TimerEvent: {}
[27.874024] (as2_msgs) StdoutLine: {'line': b'-- Symlinking: /home/developer/aerostack2_ws/install/as2_msgs/local/lib/python3.10/dist-packages/as2_msgs/action/_detect_aruco_markers_s.c\n'}
[27.878995] (as2_msgs) StdoutLine: {'line': b'-- Symlinking: /home/developer/aerostack2_ws/install/as2_msgs/local/lib/python3.10/dist-packages/as2_msgs/action/_follow_path.py\n'}
[27.883345] (as2_msgs) StdoutLine: {'line': b'-- Symlinking: /home/developer/aerostack2_ws/install/as2_msgs/local/lib/python3.10/dist-packages/as2_msgs/action/_follow_path_s.c\n'}
[27.889459] (as2_msgs) StdoutLine: {'line': b'-- Symlinking: /home/developer/aerostack2_ws/install/as2_msgs/local/lib/python3.10/dist-packages/as2_msgs/action/_follow_reference.py\n'}
[27.895432] (as2_msgs) StdoutLine: {'line': b'-- Symlinking: /home/developer/aerostack2_ws/install/as2_msgs/local/lib/python3.10/dist-packages/as2_msgs/action/_follow_reference_s.c\n'}
[27.901472] (as2_msgs) StdoutLine: {'line': b'-- Symlinking: /home/developer/aerostack2_ws/install/as2_msgs/local/lib/python3.10/dist-packages/as2_msgs/action/_force_estimation.py\n'}
[27.906237] (as2_msgs) StdoutLine: {'line': b'-- Symlinking: /home/developer/aerostack2_ws/install/as2_msgs/local/lib/python3.10/dist-packages/as2_msgs/action/_force_estimation_s.c\n'}
[27.911173] (as2_msgs) StdoutLine: {'line': b'-- Symlinking: /home/developer/aerostack2_ws/install/as2_msgs/local/lib/python3.10/dist-packages/as2_msgs/action/_generate_polynomial_trajectory.py\n'}
[27.915377] (as2_msgs) StdoutLine: {'line': b'-- Symlinking: /home/developer/aerostack2_ws/install/as2_msgs/local/lib/python3.10/dist-packages/as2_msgs/action/_generate_polynomial_trajectory_s.c\n'}
[27.919679] (as2_msgs) StdoutLine: {'line': b'-- Symlinking: /home/developer/aerostack2_ws/install/as2_msgs/local/lib/python3.10/dist-packages/as2_msgs/action/_go_to_waypoint.py\n'}
[27.923774] (as2_msgs) StdoutLine: {'line': b'-- Symlinking: /home/developer/aerostack2_ws/install/as2_msgs/local/lib/python3.10/dist-packages/as2_msgs/action/_go_to_waypoint_s.c\n'}
[27.929921] (as2_msgs) StdoutLine: {'line': b'-- Symlinking: /home/developer/aerostack2_ws/install/as2_msgs/local/lib/python3.10/dist-packages/as2_msgs/action/_gripper_handler.py\n'}
[27.934182] (as2_msgs) StdoutLine: {'line': b'-- Symlinking: /home/developer/aerostack2_ws/install/as2_msgs/local/lib/python3.10/dist-packages/as2_msgs/action/_gripper_handler_s.c\n'}
[27.939074] (as2_msgs) StdoutLine: {'line': b'-- Symlinking: /home/developer/aerostack2_ws/install/as2_msgs/local/lib/python3.10/dist-packages/as2_msgs/action/_land.py\n'}
[27.943547] (as2_msgs) StdoutLine: {'line': b'-- Symlinking: /home/developer/aerostack2_ws/install/as2_msgs/local/lib/python3.10/dist-packages/as2_msgs/action/_land_s.c\n'}
[27.949662] (as2_msgs) StdoutLine: {'line': b'-- Symlinking: /home/developer/aerostack2_ws/install/as2_msgs/local/lib/python3.10/dist-packages/as2_msgs/action/_mass_estimation.py\n'}
[27.954179] (as2_msgs) StdoutLine: {'line': b'-- Symlinking: /home/developer/aerostack2_ws/install/as2_msgs/local/lib/python3.10/dist-packages/as2_msgs/action/_mass_estimation_s.c\n'}
[27.958996] (as2_msgs) StdoutLine: {'line': b'-- Symlinking: /home/developer/aerostack2_ws/install/as2_msgs/local/lib/python3.10/dist-packages/as2_msgs/action/_navigate_to_point.py\n'}
[27.963478] (as2_msgs) StdoutLine: {'line': b'-- Symlinking: /home/developer/aerostack2_ws/install/as2_msgs/local/lib/python3.10/dist-packages/as2_msgs/action/_navigate_to_point_s.c\n'}
[27.969528] (-) TimerEvent: {}
[27.969690] (as2_msgs) StdoutLine: {'line': b'-- Symlinking: /home/developer/aerostack2_ws/install/as2_msgs/local/lib/python3.10/dist-packages/as2_msgs/action/_point_gimbal.py\n'}
[27.974263] (as2_msgs) StdoutLine: {'line': b'-- Symlinking: /home/developer/aerostack2_ws/install/as2_msgs/local/lib/python3.10/dist-packages/as2_msgs/action/_point_gimbal_s.c\n'}
[27.979697] (as2_msgs) StdoutLine: {'line': b'-- Symlinking: /home/developer/aerostack2_ws/install/as2_msgs/local/lib/python3.10/dist-packages/as2_msgs/action/_precision_landing.py\n'}
[27.983725] (as2_msgs) StdoutLine: {'line': b'-- Symlinking: /home/developer/aerostack2_ws/install/as2_msgs/local/lib/python3.10/dist-packages/as2_msgs/action/_precision_landing_s.c\n'}
[27.989913] (as2_msgs) StdoutLine: {'line': b'-- Symlinking: /home/developer/aerostack2_ws/install/as2_msgs/local/lib/python3.10/dist-packages/as2_msgs/action/_set_arming_state.py\n'}
[27.994192] (as2_msgs) StdoutLine: {'line': b'-- Symlinking: /home/developer/aerostack2_ws/install/as2_msgs/local/lib/python3.10/dist-packages/as2_msgs/action/_set_arming_state_s.c\n'}
[27.998787] (as2_msgs) StdoutLine: {'line': b'-- Symlinking: /home/developer/aerostack2_ws/install/as2_msgs/local/lib/python3.10/dist-packages/as2_msgs/action/_set_offboard_mode.py\n'}
[28.004667] (as2_msgs) StdoutLine: {'line': b'-- Symlinking: /home/developer/aerostack2_ws/install/as2_msgs/local/lib/python3.10/dist-packages/as2_msgs/action/_set_offboard_mode_s.c\n'}
[28.011189] (as2_msgs) StdoutLine: {'line': b'-- Symlinking: /home/developer/aerostack2_ws/install/as2_msgs/local/lib/python3.10/dist-packages/as2_msgs/action/_swarm_flocking.py\n'}
[28.024506] (as2_msgs) StdoutLine: {'line': b'-- Symlinking: /home/developer/aerostack2_ws/install/as2_msgs/local/lib/python3.10/dist-packages/as2_msgs/action/_swarm_flocking_s.c\n'}
[28.028387] (as2_msgs) StdoutLine: {'line': b'-- Symlinking: /home/developer/aerostack2_ws/install/as2_msgs/local/lib/python3.10/dist-packages/as2_msgs/action/_takeoff.py\n'}
[28.033993] (as2_msgs) StdoutLine: {'line': b'-- Symlinking: /home/developer/aerostack2_ws/install/as2_msgs/local/lib/python3.10/dist-packages/as2_msgs/action/_takeoff_s.c\n'}
[28.037816] (as2_msgs) StdoutLine: {'line': b'-- Symlinking: /home/developer/aerostack2_ws/install/as2_msgs/local/lib/python3.10/dist-packages/as2_msgs/as2_msgs_s__rosidl_typesupport_c.cpython-310-x86_64-linux-gnu.so\n'}
[28.043886] (as2_msgs) StdoutLine: {'line': b'-- Symlinking: /home/developer/aerostack2_ws/install/as2_msgs/local/lib/python3.10/dist-packages/as2_msgs/as2_msgs_s__rosidl_typesupport_fastrtps_c.cpython-310-x86_64-linux-gnu.so\n'}
[28.048708] (as2_msgs) StdoutLine: {'line': b'-- Symlinking: /home/developer/aerostack2_ws/install/as2_msgs/local/lib/python3.10/dist-packages/as2_msgs/as2_msgs_s__rosidl_typesupport_introspection_c.cpython-310-x86_64-linux-gnu.so\n'}
[28.054202] (as2_msgs) StdoutLine: {'line': b'-- Symlinking: /home/developer/aerostack2_ws/install/as2_msgs/local/lib/python3.10/dist-packages/as2_msgs/libas2_msgs__rosidl_generator_py.so\n'}
[28.058223] (as2_msgs) StdoutLine: {'line': b'-- Symlinking: /home/developer/aerostack2_ws/install/as2_msgs/local/lib/python3.10/dist-packages/as2_msgs/msg/__init__.py\n'}
[28.062924] (as2_msgs) StdoutLine: {'line': b'-- Symlinking: /home/developer/aerostack2_ws/install/as2_msgs/local/lib/python3.10/dist-packages/as2_msgs/msg/_acro.py\n'}
[28.066877] (as2_msgs) StdoutLine: {'line': b'-- Symlinking: /home/developer/aerostack2_ws/install/as2_msgs/local/lib/python3.10/dist-packages/as2_msgs/msg/_acro_s.c\n'}
[28.069591] (-) TimerEvent: {}
[28.072634] (as2_msgs) StdoutLine: {'line': b'-- Symlinking: /home/developer/aerostack2_ws/install/as2_msgs/local/lib/python3.10/dist-packages/as2_msgs/msg/_alert_event.py\n'}
[28.077681] (as2_msgs) StdoutLine: {'line': b'-- Symlinking: /home/developer/aerostack2_ws/install/as2_msgs/local/lib/python3.10/dist-packages/as2_msgs/msg/_alert_event_s.c\n'}
[28.083065] (as2_msgs) StdoutLine: {'line': b'-- Symlinking: /home/developer/aerostack2_ws/install/as2_msgs/local/lib/python3.10/dist-packages/as2_msgs/msg/_behavior_status.py\n'}
[28.087065] (as2_msgs) StdoutLine: {'line': b'-- Symlinking: /home/developer/aerostack2_ws/install/as2_msgs/local/lib/python3.10/dist-packages/as2_msgs/msg/_behavior_status_s.c\n'}
[28.093059] (as2_msgs) StdoutLine: {'line': b'-- Symlinking: /home/developer/aerostack2_ws/install/as2_msgs/local/lib/python3.10/dist-packages/as2_msgs/msg/_control_mode.py\n'}
[28.097271] (as2_msgs) StdoutLine: {'line': b'-- Symlinking: /home/developer/aerostack2_ws/install/as2_msgs/local/lib/python3.10/dist-packages/as2_msgs/msg/_control_mode_s.c\n'}
[28.102357] (as2_msgs) StdoutLine: {'line': b'-- Symlinking: /home/developer/aerostack2_ws/install/as2_msgs/local/lib/python3.10/dist-packages/as2_msgs/msg/_controller_info.py\n'}
[28.108445] (as2_msgs) StdoutLine: {'line': b'-- Symlinking: /home/developer/aerostack2_ws/install/as2_msgs/local/lib/python3.10/dist-packages/as2_msgs/msg/_controller_info_s.c\n'}
[28.114436] (as2_msgs) StdoutLine: {'line': b'-- Symlinking: /home/developer/aerostack2_ws/install/as2_msgs/local/lib/python3.10/dist-packages/as2_msgs/msg/_follow_target_info.py\n'}
[28.118446] (as2_msgs) StdoutLine: {'line': b'-- Symlinking: /home/developer/aerostack2_ws/install/as2_msgs/local/lib/python3.10/dist-packages/as2_msgs/msg/_follow_target_info_s.c\n'}
[28.123091] (as2_msgs) StdoutLine: {'line': b'-- Symlinking: /home/developer/aerostack2_ws/install/as2_msgs/local/lib/python3.10/dist-packages/as2_msgs/msg/_geozone.py\n'}
[28.126945] (as2_msgs) StdoutLine: {'line': b'-- Symlinking: /home/developer/aerostack2_ws/install/as2_msgs/local/lib/python3.10/dist-packages/as2_msgs/msg/_geozone_s.c\n'}
[28.133225] (as2_msgs) StdoutLine: {'line': b'-- Symlinking: /home/developer/aerostack2_ws/install/as2_msgs/local/lib/python3.10/dist-packages/as2_msgs/msg/_gimbal_control.py\n'}
[28.137323] (as2_msgs) StdoutLine: {'line': b'-- Symlinking: /home/developer/aerostack2_ws/install/as2_msgs/local/lib/python3.10/dist-packages/as2_msgs/msg/_gimbal_control_s.c\n'}
[28.142410] (as2_msgs) StdoutLine: {'line': b'-- Symlinking: /home/developer/aerostack2_ws/install/as2_msgs/local/lib/python3.10/dist-packages/as2_msgs/msg/_mission_event.py\n'}
[28.146553] (as2_msgs) StdoutLine: {'line': b'-- Symlinking: /home/developer/aerostack2_ws/install/as2_msgs/local/lib/python3.10/dist-packages/as2_msgs/msg/_mission_event_s.c\n'}
[28.152568] (as2_msgs) StdoutLine: {'line': b'-- Symlinking: /home/developer/aerostack2_ws/install/as2_msgs/local/lib/python3.10/dist-packages/as2_msgs/msg/_mission_update.py\n'}
[28.156479] (as2_msgs) StdoutLine: {'line': b'-- Symlinking: /home/developer/aerostack2_ws/install/as2_msgs/local/lib/python3.10/dist-packages/as2_msgs/msg/_mission_update_s.c\n'}
[28.160308] (as2_msgs) StdoutLine: {'line': b'-- Symlinking: /home/developer/aerostack2_ws/install/as2_msgs/local/lib/python3.10/dist-packages/as2_msgs/msg/_node_status.py\n'}
[28.164281] (as2_msgs) StdoutLine: {'line': b'-- Symlinking: /home/developer/aerostack2_ws/install/as2_msgs/local/lib/python3.10/dist-packages/as2_msgs/msg/_node_status_s.c\n'}
[28.169684] (-) TimerEvent: {}
[28.170383] (as2_msgs) StdoutLine: {'line': b'-- Symlinking: /home/developer/aerostack2_ws/install/as2_msgs/local/lib/python3.10/dist-packages/as2_msgs/msg/_platform_info.py\n'}
[28.174521] (as2_msgs) StdoutLine: {'line': b'-- Symlinking: /home/developer/aerostack2_ws/install/as2_msgs/local/lib/python3.10/dist-packages/as2_msgs/msg/_platform_info_s.c\n'}
[28.178932] (as2_msgs) StdoutLine: {'line': b'-- Symlinking: /home/developer/aerostack2_ws/install/as2_msgs/local/lib/python3.10/dist-packages/as2_msgs/msg/_platform_state_machine_event.py\n'}
[28.183843] (as2_msgs) StdoutLine: {'line': b'-- Symlinking: /home/developer/aerostack2_ws/install/as2_msgs/local/lib/python3.10/dist-packages/as2_msgs/msg/_platform_state_machine_event_s.c\n'}
[28.188276] (as2_msgs) StdoutLine: {'line': b'-- Symlinking: /home/developer/aerostack2_ws/install/as2_msgs/local/lib/python3.10/dist-packages/as2_msgs/msg/_platform_status.py\n'}
[28.194388] (as2_msgs) StdoutLine: {'line': b'-- Symlinking: /home/developer/aerostack2_ws/install/as2_msgs/local/lib/python3.10/dist-packages/as2_msgs/msg/_platform_status_s.c\n'}
[28.198449] (as2_msgs) StdoutLine: {'line': b'-- Symlinking: /home/developer/aerostack2_ws/install/as2_msgs/local/lib/python3.10/dist-packages/as2_msgs/msg/_polygon_list.py\n'}
[28.204640] (as2_msgs) StdoutLine: {'line': b'-- Symlinking: /home/developer/aerostack2_ws/install/as2_msgs/local/lib/python3.10/dist-packages/as2_msgs/msg/_polygon_list_s.c\n'}
[28.210851] (as2_msgs) StdoutLine: {'line': b'-- Symlinking: /home/developer/aerostack2_ws/install/as2_msgs/local/lib/python3.10/dist-packages/as2_msgs/msg/_pose_stamped_with_id.py\n'}
[28.216231] (as2_msgs) StdoutLine: {'line': b'-- Symlinking: /home/developer/aerostack2_ws/install/as2_msgs/local/lib/python3.10/dist-packages/as2_msgs/msg/_pose_stamped_with_id_array.py\n'}
[28.222240] (as2_msgs) StdoutLine: {'line': b'-- Symlinking: /home/developer/aerostack2_ws/install/as2_msgs/local/lib/python3.10/dist-packages/as2_msgs/msg/_pose_stamped_with_id_array_s.c\n'}
[28.226935] (as2_msgs) StdoutLine: {'line': b'-- Symlinking: /home/developer/aerostack2_ws/install/as2_msgs/local/lib/python3.10/dist-packages/as2_msgs/msg/_pose_stamped_with_id_s.c\n'}
[28.233141] (as2_msgs) StdoutLine: {'line': b'-- Symlinking: /home/developer/aerostack2_ws/install/as2_msgs/local/lib/python3.10/dist-packages/as2_msgs/msg/_pose_with_id.py\n'}
[28.236844] (as2_msgs) StdoutLine: {'line': b'-- Symlinking: /home/developer/aerostack2_ws/install/as2_msgs/local/lib/python3.10/dist-packages/as2_msgs/msg/_pose_with_id_array.py\n'}
[28.242617] (as2_msgs) StdoutLine: {'line': b'-- Symlinking: /home/developer/aerostack2_ws/install/as2_msgs/local/lib/python3.10/dist-packages/as2_msgs/msg/_pose_with_id_array_s.c\n'}
[28.247254] (as2_msgs) StdoutLine: {'line': b'-- Symlinking: /home/developer/aerostack2_ws/install/as2_msgs/local/lib/python3.10/dist-packages/as2_msgs/msg/_pose_with_id_s.c\n'}
[28.253334] (as2_msgs) StdoutLine: {'line': b'-- Symlinking: /home/developer/aerostack2_ws/install/as2_msgs/local/lib/python3.10/dist-packages/as2_msgs/msg/_speed.py\n'}
[28.257211] (as2_msgs) StdoutLine: {'line': b'-- Symlinking: /home/developer/aerostack2_ws/install/as2_msgs/local/lib/python3.10/dist-packages/as2_msgs/msg/_speed_s.c\n'}
[28.261324] (as2_msgs) StdoutLine: {'line': b'-- Symlinking: /home/developer/aerostack2_ws/install/as2_msgs/local/lib/python3.10/dist-packages/as2_msgs/msg/_thrust.py\n'}
[28.266409] (as2_msgs) StdoutLine: {'line': b'-- Symlinking: /home/developer/aerostack2_ws/install/as2_msgs/local/lib/python3.10/dist-packages/as2_msgs/msg/_thrust_s.c\n'}
[28.269823] (-) TimerEvent: {}
[28.272387] (as2_msgs) StdoutLine: {'line': b'-- Symlinking: /home/developer/aerostack2_ws/install/as2_msgs/local/lib/python3.10/dist-packages/as2_msgs/msg/_traj_gen_info.py\n'}
[28.276960] (as2_msgs) StdoutLine: {'line': b'-- Symlinking: /home/developer/aerostack2_ws/install/as2_msgs/local/lib/python3.10/dist-packages/as2_msgs/msg/_traj_gen_info_s.c\n'}
[28.282110] (as2_msgs) StdoutLine: {'line': b'-- Symlinking: /home/developer/aerostack2_ws/install/as2_msgs/local/lib/python3.10/dist-packages/as2_msgs/msg/_trajectory_point.py\n'}
[28.286535] (as2_msgs) StdoutLine: {'line': b'-- Symlinking: /home/developer/aerostack2_ws/install/as2_msgs/local/lib/python3.10/dist-packages/as2_msgs/msg/_trajectory_point_s.c\n'}
[28.290748] (as2_msgs) StdoutLine: {'line': b'-- Symlinking: /home/developer/aerostack2_ws/install/as2_msgs/local/lib/python3.10/dist-packages/as2_msgs/msg/_trajectory_setpoints.py\n'}
[28.296870] (as2_msgs) StdoutLine: {'line': b'-- Symlinking: /home/developer/aerostack2_ws/install/as2_msgs/local/lib/python3.10/dist-packages/as2_msgs/msg/_trajectory_setpoints_s.c\n'}
[28.301324] (as2_msgs) StdoutLine: {'line': b'-- Symlinking: /home/developer/aerostack2_ws/install/as2_msgs/local/lib/python3.10/dist-packages/as2_msgs/msg/_u_int16_multi_array_stamped.py\n'}
[28.305390] (as2_msgs) StdoutLine: {'line': b'-- Symlinking: /home/developer/aerostack2_ws/install/as2_msgs/local/lib/python3.10/dist-packages/as2_msgs/msg/_u_int16_multi_array_stamped_s.c\n'}
[28.310359] (as2_msgs) StdoutLine: {'line': b'-- Symlinking: /home/developer/aerostack2_ws/install/as2_msgs/local/lib/python3.10/dist-packages/as2_msgs/msg/_yaw_mode.py\n'}
[28.316393] (as2_msgs) StdoutLine: {'line': b'-- Symlinking: /home/developer/aerostack2_ws/install/as2_msgs/local/lib/python3.10/dist-packages/as2_msgs/msg/_yaw_mode_s.c\n'}
[28.320601] (as2_msgs) StdoutLine: {'line': b'-- Symlinking: /home/developer/aerostack2_ws/install/as2_msgs/local/lib/python3.10/dist-packages/as2_msgs/srv/__init__.py\n'}
[28.325195] (as2_msgs) StdoutLine: {'line': b'-- Symlinking: /home/developer/aerostack2_ws/install/as2_msgs/local/lib/python3.10/dist-packages/as2_msgs/srv/_add_static_transform.py\n'}
[28.330345] (as2_msgs) StdoutLine: {'line': b'-- Symlinking: /home/developer/aerostack2_ws/install/as2_msgs/local/lib/python3.10/dist-packages/as2_msgs/srv/_add_static_transform_gps.py\n'}
[28.336328] (as2_msgs) StdoutLine: {'line': b'-- Symlinking: /home/developer/aerostack2_ws/install/as2_msgs/local/lib/python3.10/dist-packages/as2_msgs/srv/_add_static_transform_gps_s.c\n'}
[28.342801] (as2_msgs) StdoutLine: {'line': b'-- Symlinking: /home/developer/aerostack2_ws/install/as2_msgs/local/lib/python3.10/dist-packages/as2_msgs/srv/_add_static_transform_s.c\n'}
[28.347692] (as2_msgs) StdoutLine: {'line': b'-- Symlinking: /home/developer/aerostack2_ws/install/as2_msgs/local/lib/python3.10/dist-packages/as2_msgs/srv/_dynamic_follower.py\n'}
[28.352275] (as2_msgs) StdoutLine: {'line': b'-- Symlinking: /home/developer/aerostack2_ws/install/as2_msgs/local/lib/python3.10/dist-packages/as2_msgs/srv/_dynamic_follower_s.c\n'}
[28.358288] (as2_msgs) StdoutLine: {'line': b'-- Symlinking: /home/developer/aerostack2_ws/install/as2_msgs/local/lib/python3.10/dist-packages/as2_msgs/srv/_dynamic_land.py\n'}
[28.363989] (as2_msgs) StdoutLine: {'line': b'-- Symlinking: /home/developer/aerostack2_ws/install/as2_msgs/local/lib/python3.10/dist-packages/as2_msgs/srv/_dynamic_land_s.c\n'}
[28.368197] (as2_msgs) StdoutLine: {'line': b'-- Symlinking: /home/developer/aerostack2_ws/install/as2_msgs/local/lib/python3.10/dist-packages/as2_msgs/srv/_geopath_to_path.py\n'}
[28.369978] (-) TimerEvent: {}
[28.373736] (as2_msgs) StdoutLine: {'line': b'-- Symlinking: /home/developer/aerostack2_ws/install/as2_msgs/local/lib/python3.10/dist-packages/as2_msgs/srv/_geopath_to_path_s.c\n'}
[28.378580] (as2_msgs) StdoutLine: {'line': b'-- Symlinking: /home/developer/aerostack2_ws/install/as2_msgs/local/lib/python3.10/dist-packages/as2_msgs/srv/_get_geozone.py\n'}
[28.384602] (as2_msgs) StdoutLine: {'line': b'-- Symlinking: /home/developer/aerostack2_ws/install/as2_msgs/local/lib/python3.10/dist-packages/as2_msgs/srv/_get_geozone_s.c\n'}
[28.388109] (as2_msgs) StdoutLine: {'line': b'-- Symlinking: /home/developer/aerostack2_ws/install/as2_msgs/local/lib/python3.10/dist-packages/as2_msgs/srv/_get_origin.py\n'}
[28.392092] (as2_msgs) StdoutLine: {'line': b'-- Symlinking: /home/developer/aerostack2_ws/install/as2_msgs/local/lib/python3.10/dist-packages/as2_msgs/srv/_get_origin_s.c\n'}
[28.397475] (as2_msgs) StdoutLine: {'line': b'-- Symlinking: /home/developer/aerostack2_ws/install/as2_msgs/local/lib/python3.10/dist-packages/as2_msgs/srv/_list_control_modes.py\n'}
[28.401672] (as2_msgs) StdoutLine: {'line': b'-- Symlinking: /home/developer/aerostack2_ws/install/as2_msgs/local/lib/python3.10/dist-packages/as2_msgs/srv/_list_control_modes_s.c\n'}
[28.407130] (as2_msgs) StdoutLine: {'line': b'-- Symlinking: /home/developer/aerostack2_ws/install/as2_msgs/local/lib/python3.10/dist-packages/as2_msgs/srv/_modify_swarm.py\n'}
[28.410588] (as2_msgs) StdoutLine: {'line': b'-- Symlinking: /home/developer/aerostack2_ws/install/as2_msgs/local/lib/python3.10/dist-packages/as2_msgs/srv/_modify_swarm_s.c\n'}
[28.416498] (as2_msgs) StdoutLine: {'line': b'-- Symlinking: /home/developer/aerostack2_ws/install/as2_msgs/local/lib/python3.10/dist-packages/as2_msgs/srv/_package_pick_up.py\n'}
[28.421039] (as2_msgs) StdoutLine: {'line': b'-- Symlinking: /home/developer/aerostack2_ws/install/as2_msgs/local/lib/python3.10/dist-packages/as2_msgs/srv/_package_pick_up_s.c\n'}
[28.426177] (as2_msgs) StdoutLine: {'line': b'-- Symlinking: /home/developer/aerostack2_ws/install/as2_msgs/local/lib/python3.10/dist-packages/as2_msgs/srv/_package_un_pick.py\n'}
[28.430360] (as2_msgs) StdoutLine: {'line': b'-- Symlinking: /home/developer/aerostack2_ws/install/as2_msgs/local/lib/python3.10/dist-packages/as2_msgs/srv/_package_un_pick_s.c\n'}
[28.436326] (as2_msgs) StdoutLine: {'line': b'-- Symlinking: /home/developer/aerostack2_ws/install/as2_msgs/local/lib/python3.10/dist-packages/as2_msgs/srv/_path_to_geopath.py\n'}
[28.441796] (as2_msgs) StdoutLine: {'line': b'-- Symlinking: /home/developer/aerostack2_ws/install/as2_msgs/local/lib/python3.10/dist-packages/as2_msgs/srv/_path_to_geopath_s.c\n'}
[28.445806] (as2_msgs) StdoutLine: {'line': b'-- Symlinking: /home/developer/aerostack2_ws/install/as2_msgs/local/lib/python3.10/dist-packages/as2_msgs/srv/_set_control_mode.py\n'}
[28.449677] (as2_msgs) StdoutLine: {'line': b'-- Symlinking: /home/developer/aerostack2_ws/install/as2_msgs/local/lib/python3.10/dist-packages/as2_msgs/srv/_set_control_mode_s.c\n'}
[28.453517] (as2_msgs) StdoutLine: {'line': b'-- Symlinking: /home/developer/aerostack2_ws/install/as2_msgs/local/lib/python3.10/dist-packages/as2_msgs/srv/_set_geozone.py\n'}
[28.458650] (as2_msgs) StdoutLine: {'line': b'-- Symlinking: /home/developer/aerostack2_ws/install/as2_msgs/local/lib/python3.10/dist-packages/as2_msgs/srv/_set_geozone_s.c\n'}
[28.462916] (as2_msgs) StdoutLine: {'line': b'-- Symlinking: /home/developer/aerostack2_ws/install/as2_msgs/local/lib/python3.10/dist-packages/as2_msgs/srv/_set_origin.py\n'}
[28.468073] (as2_msgs) StdoutLine: {'line': b'-- Symlinking: /home/developer/aerostack2_ws/install/as2_msgs/local/lib/python3.10/dist-packages/as2_msgs/srv/_set_origin_s.c\n'}
[28.470141] (-) TimerEvent: {}
[28.472696] (as2_msgs) StdoutLine: {'line': b'-- Symlinking: /home/developer/aerostack2_ws/install/as2_msgs/local/lib/python3.10/dist-packages/as2_msgs/srv/_set_platform_state_machine_event.py\n'}
[28.477230] (as2_msgs) StdoutLine: {'line': b'-- Symlinking: /home/developer/aerostack2_ws/install/as2_msgs/local/lib/python3.10/dist-packages/as2_msgs/srv/_set_platform_state_machine_event_s.c\n'}
[28.482188] (as2_msgs) StdoutLine: {'line': b'-- Symlinking: /home/developer/aerostack2_ws/install/as2_msgs/local/lib/python3.10/dist-packages/as2_msgs/srv/_set_speed.py\n'}
[28.488775] (as2_msgs) StdoutLine: {'line': b'-- Symlinking: /home/developer/aerostack2_ws/install/as2_msgs/local/lib/python3.10/dist-packages/as2_msgs/srv/_set_speed_s.c\n'}
[28.495403] (as2_msgs) StdoutLine: {'line': b'-- Up-to-date symlink: /home/developer/aerostack2_ws/install/as2_msgs/local/lib/python3.10/dist-packages/as2_msgs/as2_msgs_s__rosidl_typesupport_fastrtps_c.cpython-310-x86_64-linux-gnu.so\n'}
[28.495601] (as2_msgs) StdoutLine: {'line': b'-- Up-to-date symlink: /home/developer/aerostack2_ws/install/as2_msgs/local/lib/python3.10/dist-packages/as2_msgs/as2_msgs_s__rosidl_typesupport_introspection_c.cpython-310-x86_64-linux-gnu.so\n'}
[28.495661] (as2_msgs) StdoutLine: {'line': b'-- Up-to-date symlink: /home/developer/aerostack2_ws/install/as2_msgs/local/lib/python3.10/dist-packages/as2_msgs/as2_msgs_s__rosidl_typesupport_c.cpython-310-x86_64-linux-gnu.so\n'}
[28.495688] (as2_msgs) StdoutLine: {'line': b'-- Symlinking: /home/developer/aerostack2_ws/install/as2_msgs/share/ament_index/resource_index/rust_packages/as2_msgs\n'}
[28.500064] (as2_msgs) StdoutLine: {'line': b'-- Symlinking: /home/developer/aerostack2_ws/install/as2_msgs/share/as2_msgs/rust/Cargo.toml\n'}
[28.504170] (as2_msgs) StdoutLine: {'line': b'-- Symlinking: /home/developer/aerostack2_ws/install/as2_msgs/share/as2_msgs/rust/build.rs\n'}
[28.508863] (as2_msgs) StdoutLine: {'line': b'-- Symlinking: /home/developer/aerostack2_ws/install/as2_msgs/share/as2_msgs/rust/src/action.rs\n'}
[28.512876] (as2_msgs) StdoutLine: {'line': b'-- Symlinking: /home/developer/aerostack2_ws/install/as2_msgs/share/as2_msgs/rust/src/action/rmw.rs\n'}
[28.518733] (as2_msgs) StdoutLine: {'line': b'-- Symlinking: /home/developer/aerostack2_ws/install/as2_msgs/share/as2_msgs/rust/src/lib.rs\n'}
[28.523559] (as2_msgs) StdoutLine: {'line': b'-- Symlinking: /home/developer/aerostack2_ws/install/as2_msgs/share/as2_msgs/rust/src/msg.rs\n'}
[28.529242] (as2_msgs) StdoutLine: {'line': b'-- Symlinking: /home/developer/aerostack2_ws/install/as2_msgs/share/as2_msgs/rust/src/msg/rmw.rs\n'}
[28.535265] (as2_msgs) StdoutLine: {'line': b'-- Symlinking: /home/developer/aerostack2_ws/install/as2_msgs/share/as2_msgs/rust/src/srv.rs\n'}
[28.539975] (as2_msgs) StdoutLine: {'line': b'-- Symlinking: /home/developer/aerostack2_ws/install/as2_msgs/share/as2_msgs/rust/src/srv/rmw.rs\n'}
[28.544763] (as2_msgs) StdoutLine: {'line': b'-- Symlinking: /home/developer/aerostack2_ws/install/as2_msgs/share/as2_msgs/msg/Acro.idl\n'}
[28.549672] (as2_msgs) StdoutLine: {'line': b'-- Symlinking: /home/developer/aerostack2_ws/install/as2_msgs/share/as2_msgs/msg/AlertEvent.idl\n'}
[28.553564] (as2_msgs) StdoutLine: {'line': b'-- Symlinking: /home/developer/aerostack2_ws/install/as2_msgs/share/as2_msgs/msg/BehaviorStatus.idl\n'}
[28.559141] (as2_msgs) StdoutLine: {'line': b'-- Symlinking: /home/developer/aerostack2_ws/install/as2_msgs/share/as2_msgs/msg/ControlMode.idl\n'}
[28.564758] (as2_msgs) StdoutLine: {'line': b'-- Symlinking: /home/developer/aerostack2_ws/install/as2_msgs/share/as2_msgs/msg/ControllerInfo.idl\n'}
[28.569387] (as2_msgs) StdoutLine: {'line': b'-- Symlinking: /home/developer/aerostack2_ws/install/as2_msgs/share/as2_msgs/msg/FollowTargetInfo.idl\n'}
[28.570224] (-) TimerEvent: {}
[28.574133] (as2_msgs) StdoutLine: {'line': b'-- Symlinking: /home/developer/aerostack2_ws/install/as2_msgs/share/as2_msgs/msg/Geozone.idl\n'}
[28.580499] (as2_msgs) StdoutLine: {'line': b'-- Symlinking: /home/developer/aerostack2_ws/install/as2_msgs/share/as2_msgs/msg/GimbalControl.idl\n'}
[28.585655] (as2_msgs) StdoutLine: {'line': b'-- Symlinking: /home/developer/aerostack2_ws/install/as2_msgs/share/as2_msgs/msg/MissionEvent.idl\n'}
[28.591162] (as2_msgs) StdoutLine: {'line': b'-- Symlinking: /home/developer/aerostack2_ws/install/as2_msgs/share/as2_msgs/msg/MissionUpdate.idl\n'}
[28.597352] (as2_msgs) StdoutLine: {'line': b'-- Symlinking: /home/developer/aerostack2_ws/install/as2_msgs/share/as2_msgs/msg/NodeStatus.idl\n'}
[28.601530] (as2_msgs) StdoutLine: {'line': b'-- Symlinking: /home/developer/aerostack2_ws/install/as2_msgs/share/as2_msgs/msg/PlatformInfo.idl\n'}
[28.607548] (as2_msgs) StdoutLine: {'line': b'-- Symlinking: /home/developer/aerostack2_ws/install/as2_msgs/share/as2_msgs/msg/PlatformStateMachineEvent.idl\n'}
[28.612298] (as2_msgs) StdoutLine: {'line': b'-- Symlinking: /home/developer/aerostack2_ws/install/as2_msgs/share/as2_msgs/msg/PlatformStatus.idl\n'}
[28.618287] (as2_msgs) StdoutLine: {'line': b'-- Symlinking: /home/developer/aerostack2_ws/install/as2_msgs/share/as2_msgs/msg/PolygonList.idl\n'}
[28.622240] (as2_msgs) StdoutLine: {'line': b'-- Symlinking: /home/developer/aerostack2_ws/install/as2_msgs/share/as2_msgs/msg/PoseStampedWithID.idl\n'}
[28.627023] (as2_msgs) StdoutLine: {'line': b'-- Symlinking: /home/developer/aerostack2_ws/install/as2_msgs/share/as2_msgs/msg/PoseStampedWithIDArray.idl\n'}
[28.631872] (as2_msgs) StdoutLine: {'line': b'-- Symlinking: /home/developer/aerostack2_ws/install/as2_msgs/share/as2_msgs/msg/PoseWithID.idl\n'}
[28.637863] (as2_msgs) StdoutLine: {'line': b'-- Symlinking: /home/developer/aerostack2_ws/install/as2_msgs/share/as2_msgs/msg/PoseWithIDArray.idl\n'}
[28.642132] (as2_msgs) StdoutLine: {'line': b'-- Symlinking: /home/developer/aerostack2_ws/install/as2_msgs/share/as2_msgs/msg/Speed.idl\n'}
[28.646930] (as2_msgs) StdoutLine: {'line': b'-- Symlinking: /home/developer/aerostack2_ws/install/as2_msgs/share/as2_msgs/msg/Thrust.idl\n'}
[28.651726] (as2_msgs) StdoutLine: {'line': b'-- Symlinking: /home/developer/aerostack2_ws/install/as2_msgs/share/as2_msgs/msg/TrajGenInfo.idl\n'}
[28.655875] (as2_msgs) StdoutLine: {'line': b'-- Symlinking: /home/developer/aerostack2_ws/install/as2_msgs/share/as2_msgs/msg/TrajectoryPoint.idl\n'}
[28.660871] (as2_msgs) StdoutLine: {'line': b'-- Symlinking: /home/developer/aerostack2_ws/install/as2_msgs/share/as2_msgs/msg/TrajectorySetpoints.idl\n'}
[28.666381] (as2_msgs) StdoutLine: {'line': b'-- Symlinking: /home/developer/aerostack2_ws/install/as2_msgs/share/as2_msgs/msg/UInt16MultiArrayStamped.idl\n'}
[28.670289] (-) TimerEvent: {}
[28.671272] (as2_msgs) StdoutLine: {'line': b'-- Symlinking: /home/developer/aerostack2_ws/install/as2_msgs/share/as2_msgs/msg/YawMode.idl\n'}
[28.675596] (as2_msgs) StdoutLine: {'line': b'-- Symlinking: /home/developer/aerostack2_ws/install/as2_msgs/share/as2_msgs/srv/AddStaticTransform.idl\n'}
[28.681188] (as2_msgs) StdoutLine: {'line': b'-- Symlinking: /home/developer/aerostack2_ws/install/as2_msgs/share/as2_msgs/srv/AddStaticTransformGps.idl\n'}
[28.687117] (as2_msgs) StdoutLine: {'line': b'-- Symlinking: /home/developer/aerostack2_ws/install/as2_msgs/share/as2_msgs/srv/DynamicFollower.idl\n'}
[28.692756] (as2_msgs) StdoutLine: {'line': b'-- Symlinking: /home/developer/aerostack2_ws/install/as2_msgs/share/as2_msgs/srv/DynamicLand.idl\n'}
[28.699060] (as2_msgs) StdoutLine: {'line': b'-- Symlinking: /home/developer/aerostack2_ws/install/as2_msgs/share/as2_msgs/srv/GeopathToPath.idl\n'}
[28.704412] (as2_msgs) StdoutLine: {'line': b'-- Symlinking: /home/developer/aerostack2_ws/install/as2_msgs/share/as2_msgs/srv/GetGeozone.idl\n'}
[28.708291] (as2_msgs) StdoutLine: {'line': b'-- Symlinking: /home/developer/aerostack2_ws/install/as2_msgs/share/as2_msgs/srv/GetOrigin.idl\n'}
[28.712438] (as2_msgs) StdoutLine: {'line': b'-- Symlinking: /home/developer/aerostack2_ws/install/as2_msgs/share/as2_msgs/srv/ListControlModes.idl\n'}
[28.718496] (as2_msgs) StdoutLine: {'line': b'-- Symlinking: /home/developer/aerostack2_ws/install/as2_msgs/share/as2_msgs/srv/ModifySwarm.idl\n'}
[28.722499] (as2_msgs) StdoutLine: {'line': b'-- Symlinking: /home/developer/aerostack2_ws/install/as2_msgs/share/as2_msgs/srv/PackagePickUp.idl\n'}
[28.727861] (as2_msgs) StdoutLine: {'line': b'-- Symlinking: /home/developer/aerostack2_ws/install/as2_msgs/share/as2_msgs/srv/PackageUnPick.idl\n'}
[28.732249] (as2_msgs) StdoutLine: {'line': b'-- Symlinking: /home/developer/aerostack2_ws/install/as2_msgs/share/as2_msgs/srv/PathToGeopath.idl\n'}
[28.737856] (as2_msgs) StdoutLine: {'line': b'-- Symlinking: /home/developer/aerostack2_ws/install/as2_msgs/share/as2_msgs/srv/SetControlMode.idl\n'}
[28.741898] (as2_msgs) StdoutLine: {'line': b'-- Symlinking: /home/developer/aerostack2_ws/install/as2_msgs/share/as2_msgs/srv/SetGeozone.idl\n'}
[28.747118] (as2_msgs) StdoutLine: {'line': b'-- Symlinking: /home/developer/aerostack2_ws/install/as2_msgs/share/as2_msgs/srv/SetOrigin.idl\n'}
[28.751839] (as2_msgs) StdoutLine: {'line': b'-- Symlinking: /home/developer/aerostack2_ws/install/as2_msgs/share/as2_msgs/srv/SetPlatformStateMachineEvent.idl\n'}
[28.757862] (as2_msgs) StdoutLine: {'line': b'-- Symlinking: /home/developer/aerostack2_ws/install/as2_msgs/share/as2_msgs/srv/SetSpeed.idl\n'}
[28.762236] (as2_msgs) StdoutLine: {'line': b'-- Symlinking: /home/developer/aerostack2_ws/install/as2_msgs/share/as2_msgs/action/DetectArucoMarkers.idl\n'}
[28.767004] (as2_msgs) StdoutLine: {'line': b'-- Symlinking: /home/developer/aerostack2_ws/install/as2_msgs/share/as2_msgs/action/FollowPath.idl\n'}
[28.770356] (-) TimerEvent: {}
[28.772794] (as2_msgs) StdoutLine: {'line': b'-- Symlinking: /home/developer/aerostack2_ws/install/as2_msgs/share/as2_msgs/action/FollowReference.idl\n'}
[28.779804] (as2_msgs) StdoutLine: {'line': b'-- Symlinking: /home/developer/aerostack2_ws/install/as2_msgs/share/as2_msgs/action/ForceEstimation.idl\n'}
[28.783764] (as2_msgs) StdoutLine: {'line': b'-- Symlinking: /home/developer/aerostack2_ws/install/as2_msgs/share/as2_msgs/action/GeneratePolynomialTrajectory.idl\n'}
[28.788039] (as2_msgs) StdoutLine: {'line': b'-- Symlinking: /home/developer/aerostack2_ws/install/as2_msgs/share/as2_msgs/action/GoToWaypoint.idl\n'}
[28.792697] (as2_msgs) StdoutLine: {'line': b'-- Symlinking: /home/developer/aerostack2_ws/install/as2_msgs/share/as2_msgs/action/GripperHandler.idl\n'}
[28.798632] (as2_msgs) StdoutLine: {'line': b'-- Symlinking: /home/developer/aerostack2_ws/install/as2_msgs/share/as2_msgs/action/Land.idl\n'}
[28.802795] (as2_msgs) StdoutLine: {'line': b'-- Symlinking: /home/developer/aerostack2_ws/install/as2_msgs/share/as2_msgs/action/MassEstimation.idl\n'}
[28.807444] (as2_msgs) StdoutLine: {'line': b'-- Symlinking: /home/developer/aerostack2_ws/install/as2_msgs/share/as2_msgs/action/NavigateToPoint.idl\n'}
[28.811991] (as2_msgs) StdoutLine: {'line': b'-- Symlinking: /home/developer/aerostack2_ws/install/as2_msgs/share/as2_msgs/action/PointGimbal.idl\n'}
[28.818083] (as2_msgs) StdoutLine: {'line': b'-- Symlinking: /home/developer/aerostack2_ws/install/as2_msgs/share/as2_msgs/action/PrecisionLanding.idl\n'}
[28.822833] (as2_msgs) StdoutLine: {'line': b'-- Symlinking: /home/developer/aerostack2_ws/install/as2_msgs/share/as2_msgs/action/SetArmingState.idl\n'}
[28.827783] (as2_msgs) StdoutLine: {'line': b'-- Symlinking: /home/developer/aerostack2_ws/install/as2_msgs/share/as2_msgs/action/SetOffboardMode.idl\n'}
[28.832342] (as2_msgs) StdoutLine: {'line': b'-- Symlinking: /home/developer/aerostack2_ws/install/as2_msgs/share/as2_msgs/action/SwarmFlocking.idl\n'}
[28.838414] (as2_msgs) StdoutLine: {'line': b'-- Symlinking: /home/developer/aerostack2_ws/install/as2_msgs/share/as2_msgs/action/Takeoff.idl\n'}
[28.843160] (as2_msgs) StdoutLine: {'line': b'-- Symlinking: /home/developer/aerostack2_ws/install/as2_msgs/share/as2_msgs/msg/Acro.msg\n'}
[28.846737] (as2_msgs) StdoutLine: {'line': b'-- Symlinking: /home/developer/aerostack2_ws/install/as2_msgs/share/as2_msgs/msg/AlertEvent.msg\n'}
[28.852236] (as2_msgs) StdoutLine: {'line': b'-- Symlinking: /home/developer/aerostack2_ws/install/as2_msgs/share/as2_msgs/msg/BehaviorStatus.msg\n'}
[28.858163] (as2_msgs) StdoutLine: {'line': b'-- Symlinking: /home/developer/aerostack2_ws/install/as2_msgs/share/as2_msgs/msg/ControlMode.msg\n'}
[28.862893] (as2_msgs) StdoutLine: {'line': b'-- Symlinking: /home/developer/aerostack2_ws/install/as2_msgs/share/as2_msgs/msg/ControllerInfo.msg\n'}
[28.869000] (as2_msgs) StdoutLine: {'line': b'-- Symlinking: /home/developer/aerostack2_ws/install/as2_msgs/share/as2_msgs/msg/FollowTargetInfo.msg\n'}
[28.870425] (-) TimerEvent: {}
[28.873184] (as2_msgs) StdoutLine: {'line': b'-- Symlinking: /home/developer/aerostack2_ws/install/as2_msgs/share/as2_msgs/msg/Geozone.msg\n'}
[28.878218] (as2_msgs) StdoutLine: {'line': b'-- Symlinking: /home/developer/aerostack2_ws/install/as2_msgs/share/as2_msgs/msg/GimbalControl.msg\n'}
[28.882345] (as2_msgs) StdoutLine: {'line': b'-- Symlinking: /home/developer/aerostack2_ws/install/as2_msgs/share/as2_msgs/msg/MissionEvent.msg\n'}
[28.886701] (as2_msgs) StdoutLine: {'line': b'-- Symlinking: /home/developer/aerostack2_ws/install/as2_msgs/share/as2_msgs/msg/MissionUpdate.msg\n'}
[28.891265] (as2_msgs) StdoutLine: {'line': b'-- Symlinking: /home/developer/aerostack2_ws/install/as2_msgs/share/as2_msgs/msg/NodeStatus.msg\n'}
[28.897065] (as2_msgs) StdoutLine: {'line': b'-- Symlinking: /home/developer/aerostack2_ws/install/as2_msgs/share/as2_msgs/msg/PlatformInfo.msg\n'}
[28.901022] (as2_msgs) StdoutLine: {'line': b'-- Symlinking: /home/developer/aerostack2_ws/install/as2_msgs/share/as2_msgs/msg/PlatformStateMachineEvent.msg\n'}
[28.905996] (as2_msgs) StdoutLine: {'line': b'-- Symlinking: /home/developer/aerostack2_ws/install/as2_msgs/share/as2_msgs/msg/PlatformStatus.msg\n'}
[28.910443] (as2_msgs) StdoutLine: {'line': b'-- Symlinking: /home/developer/aerostack2_ws/install/as2_msgs/share/as2_msgs/msg/PolygonList.msg\n'}
[28.915591] (as2_msgs) StdoutLine: {'line': b'-- Symlinking: /home/developer/aerostack2_ws/install/as2_msgs/share/as2_msgs/msg/PoseStampedWithID.msg\n'}
[28.921713] (as2_msgs) StdoutLine: {'line': b'-- Symlinking: /home/developer/aerostack2_ws/install/as2_msgs/share/as2_msgs/msg/PoseStampedWithIDArray.msg\n'}
[28.926216] (as2_msgs) StdoutLine: {'line': b'-- Symlinking: /home/developer/aerostack2_ws/install/as2_msgs/share/as2_msgs/msg/PoseWithID.msg\n'}
[28.930309] (as2_msgs) StdoutLine: {'line': b'-- Symlinking: /home/developer/aerostack2_ws/install/as2_msgs/share/as2_msgs/msg/PoseWithIDArray.msg\n'}
[28.935430] (as2_msgs) StdoutLine: {'line': b'-- Symlinking: /home/developer/aerostack2_ws/install/as2_msgs/share/as2_msgs/msg/Speed.msg\n'}
[28.941062] (as2_msgs) StdoutLine: {'line': b'-- Symlinking: /home/developer/aerostack2_ws/install/as2_msgs/share/as2_msgs/msg/Thrust.msg\n'}
[28.944820] (as2_msgs) StdoutLine: {'line': b'-- Symlinking: /home/developer/aerostack2_ws/install/as2_msgs/share/as2_msgs/msg/TrajGenInfo.msg\n'}
[28.949805] (as2_msgs) StdoutLine: {'line': b'-- Symlinking: /home/developer/aerostack2_ws/install/as2_msgs/share/as2_msgs/msg/TrajectoryPoint.msg\n'}
[28.955406] (as2_msgs) StdoutLine: {'line': b'-- Symlinking: /home/developer/aerostack2_ws/install/as2_msgs/share/as2_msgs/msg/TrajectorySetpoints.msg\n'}
[28.961366] (as2_msgs) StdoutLine: {'line': b'-- Symlinking: /home/developer/aerostack2_ws/install/as2_msgs/share/as2_msgs/msg/UInt16MultiArrayStamped.msg\n'}
[28.967329] (as2_msgs) StdoutLine: {'line': b'-- Symlinking: /home/developer/aerostack2_ws/install/as2_msgs/share/as2_msgs/msg/YawMode.msg\n'}
[28.970491] (-) TimerEvent: {}
[28.973379] (as2_msgs) StdoutLine: {'line': b'-- Symlinking: /home/developer/aerostack2_ws/install/as2_msgs/share/as2_msgs/srv/AddStaticTransform.srv\n'}
[28.977688] (as2_msgs) StdoutLine: {'line': b'-- Symlinking: /home/developer/aerostack2_ws/install/as2_msgs/share/as2_msgs/srv/AddStaticTransform_Request.msg\n'}
[28.983699] (as2_msgs) StdoutLine: {'line': b'-- Symlinking: /home/developer/aerostack2_ws/install/as2_msgs/share/as2_msgs/srv/AddStaticTransform_Response.msg\n'}
[28.989823] (as2_msgs) StdoutLine: {'line': b'-- Symlinking: /home/developer/aerostack2_ws/install/as2_msgs/share/as2_msgs/srv/AddStaticTransformGps.srv\n'}
[28.994522] (as2_msgs) StdoutLine: {'line': b'-- Symlinking: /home/developer/aerostack2_ws/install/as2_msgs/share/as2_msgs/srv/AddStaticTransformGps_Request.msg\n'}
[28.999180] (as2_msgs) StdoutLine: {'line': b'-- Symlinking: /home/developer/aerostack2_ws/install/as2_msgs/share/as2_msgs/srv/AddStaticTransformGps_Response.msg\n'}
[29.003747] (as2_msgs) StdoutLine: {'line': b'-- Symlinking: /home/developer/aerostack2_ws/install/as2_msgs/share/as2_msgs/srv/DynamicFollower.srv\n'}
[29.008011] (as2_msgs) StdoutLine: {'line': b'-- Symlinking: /home/developer/aerostack2_ws/install/as2_msgs/share/as2_msgs/srv/DynamicFollower_Request.msg\n'}
[29.014393] (as2_msgs) StdoutLine: {'line': b'-- Symlinking: /home/developer/aerostack2_ws/install/as2_msgs/share/as2_msgs/srv/DynamicFollower_Response.msg\n'}
[29.020408] (as2_msgs) StdoutLine: {'line': b'-- Symlinking: /home/developer/aerostack2_ws/install/as2_msgs/share/as2_msgs/srv/DynamicLand.srv\n'}
[29.025494] (as2_msgs) StdoutLine: {'line': b'-- Symlinking: /home/developer/aerostack2_ws/install/as2_msgs/share/as2_msgs/srv/DynamicLand_Request.msg\n'}
[29.031349] (as2_msgs) StdoutLine: {'line': b'-- Symlinking: /home/developer/aerostack2_ws/install/as2_msgs/share/as2_msgs/srv/DynamicLand_Response.msg\n'}
[29.035936] (as2_msgs) StdoutLine: {'line': b'-- Symlinking: /home/developer/aerostack2_ws/install/as2_msgs/share/as2_msgs/srv/GeopathToPath.srv\n'}
[29.042016] (as2_msgs) StdoutLine: {'line': b'-- Symlinking: /home/developer/aerostack2_ws/install/as2_msgs/share/as2_msgs/srv/GeopathToPath_Request.msg\n'}
[29.045988] (as2_msgs) StdoutLine: {'line': b'-- Symlinking: /home/developer/aerostack2_ws/install/as2_msgs/share/as2_msgs/srv/GeopathToPath_Response.msg\n'}
[29.050518] (as2_msgs) StdoutLine: {'line': b'-- Symlinking: /home/developer/aerostack2_ws/install/as2_msgs/share/as2_msgs/srv/GetGeozone.srv\n'}
[29.054898] (as2_msgs) StdoutLine: {'line': b'-- Symlinking: /home/developer/aerostack2_ws/install/as2_msgs/share/as2_msgs/srv/GetGeozone_Request.msg\n'}
[29.061458] (as2_msgs) StdoutLine: {'line': b'-- Symlinking: /home/developer/aerostack2_ws/install/as2_msgs/share/as2_msgs/srv/GetGeozone_Response.msg\n'}
[29.065972] (as2_msgs) StdoutLine: {'line': b'-- Symlinking: /home/developer/aerostack2_ws/install/as2_msgs/share/as2_msgs/srv/GetOrigin.srv\n'}
[29.069870] (as2_msgs) StdoutLine: {'line': b'-- Symlinking: /home/developer/aerostack2_ws/install/as2_msgs/share/as2_msgs/srv/GetOrigin_Request.msg\n'}
[29.070661] (-) TimerEvent: {}
[29.076041] (as2_msgs) StdoutLine: {'line': b'-- Symlinking: /home/developer/aerostack2_ws/install/as2_msgs/share/as2_msgs/srv/GetOrigin_Response.msg\n'}
[29.080701] (as2_msgs) StdoutLine: {'line': b'-- Symlinking: /home/developer/aerostack2_ws/install/as2_msgs/share/as2_msgs/srv/ListControlModes.srv\n'}
[29.085677] (as2_msgs) StdoutLine: {'line': b'-- Symlinking: /home/developer/aerostack2_ws/install/as2_msgs/share/as2_msgs/srv/ListControlModes_Request.msg\n'}
[29.090324] (as2_msgs) StdoutLine: {'line': b'-- Symlinking: /home/developer/aerostack2_ws/install/as2_msgs/share/as2_msgs/srv/ListControlModes_Response.msg\n'}
[29.096387] (as2_msgs) StdoutLine: {'line': b'-- Symlinking: /home/developer/aerostack2_ws/install/as2_msgs/share/as2_msgs/srv/ModifySwarm.srv\n'}
[29.100364] (as2_msgs) StdoutLine: {'line': b'-- Symlinking: /home/developer/aerostack2_ws/install/as2_msgs/share/as2_msgs/srv/ModifySwarm_Request.msg\n'}
[29.105311] (as2_msgs) StdoutLine: {'line': b'-- Symlinking: /home/developer/aerostack2_ws/install/as2_msgs/share/as2_msgs/srv/ModifySwarm_Response.msg\n'}
[29.111603] (as2_msgs) StdoutLine: {'line': b'-- Symlinking: /home/developer/aerostack2_ws/install/as2_msgs/share/as2_msgs/srv/PackagePickUp.srv\n'}
[29.116623] (as2_msgs) StdoutLine: {'line': b'-- Symlinking: /home/developer/aerostack2_ws/install/as2_msgs/share/as2_msgs/srv/PackagePickUp_Request.msg\n'}
[29.122267] (as2_msgs) StdoutLine: {'line': b'-- Symlinking: /home/developer/aerostack2_ws/install/as2_msgs/share/as2_msgs/srv/PackagePickUp_Response.msg\n'}
[29.128249] (as2_msgs) StdoutLine: {'line': b'-- Symlinking: /home/developer/aerostack2_ws/install/as2_msgs/share/as2_msgs/srv/PackageUnPick.srv\n'}
[29.133149] (as2_msgs) StdoutLine: {'line': b'-- Symlinking: /home/developer/aerostack2_ws/install/as2_msgs/share/as2_msgs/srv/PackageUnPick_Request.msg\n'}
[29.136896] (as2_msgs) StdoutLine: {'line': b'-- Symlinking: /home/developer/aerostack2_ws/install/as2_msgs/share/as2_msgs/srv/PackageUnPick_Response.msg\n'}
[29.140497] (as2_msgs) StdoutLine: {'line': b'-- Symlinking: /home/developer/aerostack2_ws/install/as2_msgs/share/as2_msgs/srv/PathToGeopath.srv\n'}
[29.145502] (as2_msgs) StdoutLine: {'line': b'-- Symlinking: /home/developer/aerostack2_ws/install/as2_msgs/share/as2_msgs/srv/PathToGeopath_Request.msg\n'}
[29.151824] (as2_msgs) StdoutLine: {'line': b'-- Symlinking: /home/developer/aerostack2_ws/install/as2_msgs/share/as2_msgs/srv/PathToGeopath_Response.msg\n'}
[29.155530] (as2_msgs) StdoutLine: {'line': b'-- Symlinking: /home/developer/aerostack2_ws/install/as2_msgs/share/as2_msgs/srv/SetControlMode.srv\n'}
[29.159627] (as2_msgs) StdoutLine: {'line': b'-- Symlinking: /home/developer/aerostack2_ws/install/as2_msgs/share/as2_msgs/srv/SetControlMode_Request.msg\n'}
[29.164876] (as2_msgs) StdoutLine: {'line': b'-- Symlinking: /home/developer/aerostack2_ws/install/as2_msgs/share/as2_msgs/srv/SetControlMode_Response.msg\n'}
[29.170815] (-) TimerEvent: {}
[29.171020] (as2_msgs) StdoutLine: {'line': b'-- Symlinking: /home/developer/aerostack2_ws/install/as2_msgs/share/as2_msgs/srv/SetGeozone.srv\n'}
[29.176564] (as2_msgs) StdoutLine: {'line': b'-- Symlinking: /home/developer/aerostack2_ws/install/as2_msgs/share/as2_msgs/srv/SetGeozone_Request.msg\n'}
[29.182454] (as2_msgs) StdoutLine: {'line': b'-- Symlinking: /home/developer/aerostack2_ws/install/as2_msgs/share/as2_msgs/srv/SetGeozone_Response.msg\n'}
[29.188832] (as2_msgs) StdoutLine: {'line': b'-- Symlinking: /home/developer/aerostack2_ws/install/as2_msgs/share/as2_msgs/srv/SetOrigin.srv\n'}
[29.194266] (as2_msgs) StdoutLine: {'line': b'-- Symlinking: /home/developer/aerostack2_ws/install/as2_msgs/share/as2_msgs/srv/SetOrigin_Request.msg\n'}
[29.200985] (as2_msgs) StdoutLine: {'line': b'-- Symlinking: /home/developer/aerostack2_ws/install/as2_msgs/share/as2_msgs/srv/SetOrigin_Response.msg\n'}
[29.204608] (as2_msgs) StdoutLine: {'line': b'-- Symlinking: /home/developer/aerostack2_ws/install/as2_msgs/share/as2_msgs/srv/SetPlatformStateMachineEvent.srv\n'}
[29.210828] (as2_msgs) StdoutLine: {'line': b'-- Symlinking: /home/developer/aerostack2_ws/install/as2_msgs/share/as2_msgs/srv/SetPlatformStateMachineEvent_Request.msg\n'}
[29.216679] (as2_msgs) StdoutLine: {'line': b'-- Symlinking: /home/developer/aerostack2_ws/install/as2_msgs/share/as2_msgs/srv/SetPlatformStateMachineEvent_Response.msg\n'}
[29.222549] (as2_msgs) StdoutLine: {'line': b'-- Symlinking: /home/developer/aerostack2_ws/install/as2_msgs/share/as2_msgs/srv/SetSpeed.srv\n'}
[29.226482] (as2_msgs) StdoutLine: {'line': b'-- Symlinking: /home/developer/aerostack2_ws/install/as2_msgs/share/as2_msgs/srv/SetSpeed_Request.msg\n'}
[29.232618] (as2_msgs) StdoutLine: {'line': b'-- Symlinking: /home/developer/aerostack2_ws/install/as2_msgs/share/as2_msgs/srv/SetSpeed_Response.msg\n'}
[29.237647] (as2_msgs) StdoutLine: {'line': b'-- Symlinking: /home/developer/aerostack2_ws/install/as2_msgs/share/as2_msgs/action/DetectArucoMarkers.action\n'}
[29.243539] (as2_msgs) StdoutLine: {'line': b'-- Symlinking: /home/developer/aerostack2_ws/install/as2_msgs/share/as2_msgs/action/FollowPath.action\n'}
[29.249386] (as2_msgs) StdoutLine: {'line': b'-- Symlinking: /home/developer/aerostack2_ws/install/as2_msgs/share/as2_msgs/action/FollowReference.action\n'}
[29.255434] (as2_msgs) StdoutLine: {'line': b'-- Symlinking: /home/developer/aerostack2_ws/install/as2_msgs/share/as2_msgs/action/ForceEstimation.action\n'}
[29.260068] (as2_msgs) StdoutLine: {'line': b'-- Symlinking: /home/developer/aerostack2_ws/install/as2_msgs/share/as2_msgs/action/GeneratePolynomialTrajectory.action\n'}
[29.264841] (as2_msgs) StdoutLine: {'line': b'-- Symlinking: /home/developer/aerostack2_ws/install/as2_msgs/share/as2_msgs/action/GoToWaypoint.action\n'}
[29.270916] (as2_msgs) StdoutLine: {'line': b'-- Symlinking: /home/developer/aerostack2_ws/install/as2_msgs/share/as2_msgs/action/GripperHandler.action\n'}
[29.270975] (-) TimerEvent: {}
[29.275688] (as2_msgs) StdoutLine: {'line': b'-- Symlinking: /home/developer/aerostack2_ws/install/as2_msgs/share/as2_msgs/action/Land.action\n'}
[29.280762] (as2_msgs) StdoutLine: {'line': b'-- Symlinking: /home/developer/aerostack2_ws/install/as2_msgs/share/as2_msgs/action/MassEstimation.action\n'}
[29.285570] (as2_msgs) StdoutLine: {'line': b'-- Symlinking: /home/developer/aerostack2_ws/install/as2_msgs/share/as2_msgs/action/NavigateToPoint.action\n'}
[29.291907] (as2_msgs) StdoutLine: {'line': b'-- Symlinking: /home/developer/aerostack2_ws/install/as2_msgs/share/as2_msgs/action/PointGimbal.action\n'}
[29.296366] (as2_msgs) StdoutLine: {'line': b'-- Symlinking: /home/developer/aerostack2_ws/install/as2_msgs/share/as2_msgs/action/PrecisionLanding.action\n'}
[29.300787] (as2_msgs) StdoutLine: {'line': b'-- Symlinking: /home/developer/aerostack2_ws/install/as2_msgs/share/as2_msgs/action/SetArmingState.action\n'}
[29.305514] (as2_msgs) StdoutLine: {'line': b'-- Symlinking: /home/developer/aerostack2_ws/install/as2_msgs/share/as2_msgs/action/SetOffboardMode.action\n'}
[29.311671] (as2_msgs) StdoutLine: {'line': b'-- Symlinking: /home/developer/aerostack2_ws/install/as2_msgs/share/as2_msgs/action/SwarmFlocking.action\n'}
[29.315788] (as2_msgs) StdoutLine: {'line': b'-- Symlinking: /home/developer/aerostack2_ws/install/as2_msgs/share/as2_msgs/action/Takeoff.action\n'}
[29.320005] (as2_msgs) StdoutLine: {'line': b'-- Symlinking: /home/developer/aerostack2_ws/install/as2_msgs/share/ament_index/resource_index/package_run_dependencies/as2_msgs\n'}
[29.325216] (as2_msgs) StdoutLine: {'line': b'-- Symlinking: /home/developer/aerostack2_ws/install/as2_msgs/share/ament_index/resource_index/parent_prefix_path/as2_msgs\n'}
[29.330726] (as2_msgs) StdoutLine: {'line': b'-- Symlinking: /home/developer/aerostack2_ws/install/as2_msgs/share/as2_msgs/environment/ament_prefix_path.sh\n'}
[29.335127] (as2_msgs) StdoutLine: {'line': b'-- Symlinking: /home/developer/aerostack2_ws/install/as2_msgs/share/as2_msgs/environment/ament_prefix_path.dsv\n'}
[29.339882] (as2_msgs) StdoutLine: {'line': b'-- Symlinking: /home/developer/aerostack2_ws/install/as2_msgs/share/as2_msgs/environment/path.sh\n'}
[29.345166] (as2_msgs) StdoutLine: {'line': b'-- Symlinking: /home/developer/aerostack2_ws/install/as2_msgs/share/as2_msgs/environment/path.dsv\n'}
[29.348874] (as2_msgs) StdoutLine: {'line': b'-- Symlinking: /home/developer/aerostack2_ws/install/as2_msgs/share/as2_msgs/local_setup.bash\n'}
[29.355042] (as2_msgs) StdoutLine: {'line': b'-- Symlinking: /home/developer/aerostack2_ws/install/as2_msgs/share/as2_msgs/local_setup.sh\n'}
[29.359530] (as2_msgs) StdoutLine: {'line': b'-- Symlinking: /home/developer/aerostack2_ws/install/as2_msgs/share/as2_msgs/local_setup.zsh\n'}
[29.364914] (as2_msgs) StdoutLine: {'line': b'-- Symlinking: /home/developer/aerostack2_ws/install/as2_msgs/share/as2_msgs/local_setup.dsv\n'}
[29.370905] (as2_msgs) StdoutLine: {'line': b'-- Symlinking: /home/developer/aerostack2_ws/install/as2_msgs/share/as2_msgs/package.dsv\n'}
[29.371034] (-) TimerEvent: {}
[29.376161] (as2_msgs) StdoutLine: {'line': b'-- Symlinking: /home/developer/aerostack2_ws/install/as2_msgs/share/ament_index/resource_index/packages/as2_msgs\n'}
[29.380419] (as2_msgs) StdoutLine: {'line': b'-- Symlinking: /home/developer/aerostack2_ws/install/as2_msgs/share/as2_msgs/cmake/rosidl_cmake-extras.cmake\n'}
[29.385942] (as2_msgs) StdoutLine: {'line': b'-- Symlinking: /home/developer/aerostack2_ws/install/as2_msgs/share/as2_msgs/cmake/ament_cmake_export_dependencies-extras.cmake\n'}
[29.390570] (as2_msgs) StdoutLine: {'line': b'-- Symlinking: /home/developer/aerostack2_ws/install/as2_msgs/share/as2_msgs/cmake/ament_cmake_export_include_directories-extras.cmake\n'}
[29.396872] (as2_msgs) StdoutLine: {'line': b'-- Symlinking: /home/developer/aerostack2_ws/install/as2_msgs/share/as2_msgs/cmake/ament_cmake_export_libraries-extras.cmake\n'}
[29.402784] (as2_msgs) StdoutLine: {'line': b'-- Symlinking: /home/developer/aerostack2_ws/install/as2_msgs/share/as2_msgs/cmake/ament_cmake_export_targets-extras.cmake\n'}
[29.407123] (as2_msgs) StdoutLine: {'line': b'-- Symlinking: /home/developer/aerostack2_ws/install/as2_msgs/share/as2_msgs/cmake/rosidl_cmake_export_typesupport_targets-extras.cmake\n'}
[29.413005] (as2_msgs) StdoutLine: {'line': b'-- Symlinking: /home/developer/aerostack2_ws/install/as2_msgs/share/as2_msgs/cmake/rosidl_cmake_export_typesupport_libraries-extras.cmake\n'}
[29.418482] (as2_msgs) StdoutLine: {'line': b'-- Symlinking: /home/developer/aerostack2_ws/install/as2_msgs/share/as2_msgs/cmake/as2_msgsConfig.cmake\n'}
[29.423131] (as2_msgs) StdoutLine: {'line': b'-- Symlinking: /home/developer/aerostack2_ws/install/as2_msgs/share/as2_msgs/cmake/as2_msgsConfig-version.cmake\n'}
[29.427177] (as2_msgs) StdoutLine: {'line': b'-- Symlinking: /home/developer/aerostack2_ws/install/as2_msgs/share/as2_msgs/package.xml\n'}
[29.432008] (as2_msgs) StdoutLine: {'line': b'-- Installing: /home/developer/aerostack2_ws/install/as2_msgs/lib/libas2_msgs__rosidl_generator_c.so\n'}
[29.432503] (as2_msgs) StdoutLine: {'line': b'-- Set runtime path of "/home/developer/aerostack2_ws/install/as2_msgs/lib/libas2_msgs__rosidl_generator_c.so" to ""\n'}
[29.432564] (as2_msgs) StdoutLine: {'line': b'-- Installing: /home/developer/aerostack2_ws/install/as2_msgs/lib/libas2_msgs__rosidl_typesupport_fastrtps_c.so\n'}
[29.432958] (as2_msgs) StdoutLine: {'line': b'-- Set runtime path of "/home/developer/aerostack2_ws/install/as2_msgs/lib/libas2_msgs__rosidl_typesupport_fastrtps_c.so" to ""\n'}
[29.433015] (as2_msgs) StdoutLine: {'line': b'-- Installing: /home/developer/aerostack2_ws/install/as2_msgs/lib/libas2_msgs__rosidl_typesupport_introspection_c.so\n'}
[29.433304] (as2_msgs) StdoutLine: {'line': b'-- Set runtime path of "/home/developer/aerostack2_ws/install/as2_msgs/lib/libas2_msgs__rosidl_typesupport_introspection_c.so" to ""\n'}
[29.433362] (as2_msgs) StdoutLine: {'line': b'-- Installing: /home/developer/aerostack2_ws/install/as2_msgs/lib/libas2_msgs__rosidl_typesupport_c.so\n'}
[29.433530] (as2_msgs) StdoutLine: {'line': b'-- Set runtime path of "/home/developer/aerostack2_ws/install/as2_msgs/lib/libas2_msgs__rosidl_typesupport_c.so" to ""\n'}
[29.433587] (as2_msgs) StdoutLine: {'line': b'-- Installing: /home/developer/aerostack2_ws/install/as2_msgs/lib/libas2_msgs__rosidl_typesupport_fastrtps_cpp.so\n'}
[29.434222] (as2_msgs) StdoutLine: {'line': b'-- Set runtime path of "/home/developer/aerostack2_ws/install/as2_msgs/lib/libas2_msgs__rosidl_typesupport_fastrtps_cpp.so" to ""\n'}
[29.434282] (as2_msgs) StdoutLine: {'line': b'-- Installing: /home/developer/aerostack2_ws/install/as2_msgs/lib/libas2_msgs__rosidl_typesupport_introspection_cpp.so\n'}
[29.434824] (as2_msgs) StdoutLine: {'line': b'-- Set runtime path of "/home/developer/aerostack2_ws/install/as2_msgs/lib/libas2_msgs__rosidl_typesupport_introspection_cpp.so" to ""\n'}
[29.434885] (as2_msgs) StdoutLine: {'line': b'-- Installing: /home/developer/aerostack2_ws/install/as2_msgs/lib/libas2_msgs__rosidl_typesupport_cpp.so\n'}
[29.435106] (as2_msgs) StdoutLine: {'line': b'-- Set runtime path of "/home/developer/aerostack2_ws/install/as2_msgs/lib/libas2_msgs__rosidl_typesupport_cpp.so" to ""\n'}
[29.471289] (-) TimerEvent: {}
[29.532209] (as2_msgs) StdoutLine: {'line': b"Listing '/home/developer/aerostack2_ws/install/as2_msgs/local/lib/python3.10/dist-packages/as2_msgs'...\n"}
[29.532309] (as2_msgs) StdoutLine: {'line': b"Compiling '/home/developer/aerostack2_ws/install/as2_msgs/local/lib/python3.10/dist-packages/as2_msgs/__init__.py'...\n"}
[29.532339] (as2_msgs) StdoutLine: {'line': b"Listing '/home/developer/aerostack2_ws/install/as2_msgs/local/lib/python3.10/dist-packages/as2_msgs/action'...\n"}
[29.532363] (as2_msgs) StdoutLine: {'line': b"Compiling '/home/developer/aerostack2_ws/install/as2_msgs/local/lib/python3.10/dist-packages/as2_msgs/action/__init__.py'...\n"}
[29.532385] (as2_msgs) StdoutLine: {'line': b"Compiling '/home/developer/aerostack2_ws/install/as2_msgs/local/lib/python3.10/dist-packages/as2_msgs/action/_detect_aruco_markers.py'...\n"}
[29.532407] (as2_msgs) StdoutLine: {'line': b"Compiling '/home/developer/aerostack2_ws/install/as2_msgs/local/lib/python3.10/dist-packages/as2_msgs/action/_follow_path.py'...\n"}
[29.532429] (as2_msgs) StdoutLine: {'line': b"Compiling '/home/developer/aerostack2_ws/install/as2_msgs/local/lib/python3.10/dist-packages/as2_msgs/action/_follow_reference.py'...\n"}
[29.532450] (as2_msgs) StdoutLine: {'line': b"Compiling '/home/developer/aerostack2_ws/install/as2_msgs/local/lib/python3.10/dist-packages/as2_msgs/action/_force_estimation.py'...\n"}
[29.532471] (as2_msgs) StdoutLine: {'line': b"Compiling '/home/developer/aerostack2_ws/install/as2_msgs/local/lib/python3.10/dist-packages/as2_msgs/action/_generate_polynomial_trajectory.py'...\n"}
[29.532496] (as2_msgs) StdoutLine: {'line': b"Compiling '/home/developer/aerostack2_ws/install/as2_msgs/local/lib/python3.10/dist-packages/as2_msgs/action/_go_to_waypoint.py'...\n"}
[29.532516] (as2_msgs) StdoutLine: {'line': b"Compiling '/home/developer/aerostack2_ws/install/as2_msgs/local/lib/python3.10/dist-packages/as2_msgs/action/_gripper_handler.py'...\n"}
[29.532537] (as2_msgs) StdoutLine: {'line': b"Compiling '/home/developer/aerostack2_ws/install/as2_msgs/local/lib/python3.10/dist-packages/as2_msgs/action/_land.py'...\n"}
[29.532557] (as2_msgs) StdoutLine: {'line': b"Compiling '/home/developer/aerostack2_ws/install/as2_msgs/local/lib/python3.10/dist-packages/as2_msgs/action/_mass_estimation.py'...\n"}
[29.532578] (as2_msgs) StdoutLine: {'line': b"Compiling '/home/developer/aerostack2_ws/install/as2_msgs/local/lib/python3.10/dist-packages/as2_msgs/action/_navigate_to_point.py'...\n"}
[29.532598] (as2_msgs) StdoutLine: {'line': b"Compiling '/home/developer/aerostack2_ws/install/as2_msgs/local/lib/python3.10/dist-packages/as2_msgs/action/_point_gimbal.py'...\n"}
[29.532618] (as2_msgs) StdoutLine: {'line': b"Compiling '/home/developer/aerostack2_ws/install/as2_msgs/local/lib/python3.10/dist-packages/as2_msgs/action/_precision_landing.py'...\n"}
[29.532638] (as2_msgs) StdoutLine: {'line': b"Compiling '/home/developer/aerostack2_ws/install/as2_msgs/local/lib/python3.10/dist-packages/as2_msgs/action/_set_arming_state.py'...\n"}
[29.532657] (as2_msgs) StdoutLine: {'line': b"Compiling '/home/developer/aerostack2_ws/install/as2_msgs/local/lib/python3.10/dist-packages/as2_msgs/action/_set_offboard_mode.py'...\n"}
[29.532678] (as2_msgs) StdoutLine: {'line': b"Compiling '/home/developer/aerostack2_ws/install/as2_msgs/local/lib/python3.10/dist-packages/as2_msgs/action/_swarm_flocking.py'...\n"}
[29.532698] (as2_msgs) StdoutLine: {'line': b"Compiling '/home/developer/aerostack2_ws/install/as2_msgs/local/lib/python3.10/dist-packages/as2_msgs/action/_takeoff.py'...\n"}
[29.532719] (as2_msgs) StdoutLine: {'line': b"Listing '/home/developer/aerostack2_ws/install/as2_msgs/local/lib/python3.10/dist-packages/as2_msgs/msg'...\n"}
[29.532739] (as2_msgs) StdoutLine: {'line': b"Compiling '/home/developer/aerostack2_ws/install/as2_msgs/local/lib/python3.10/dist-packages/as2_msgs/msg/__init__.py'...\n"}
[29.532759] (as2_msgs) StdoutLine: {'line': b"Compiling '/home/developer/aerostack2_ws/install/as2_msgs/local/lib/python3.10/dist-packages/as2_msgs/msg/_acro.py'...\n"}
[29.532780] (as2_msgs) StdoutLine: {'line': b"Compiling '/home/developer/aerostack2_ws/install/as2_msgs/local/lib/python3.10/dist-packages/as2_msgs/msg/_alert_event.py'...\n"}
[29.532801] (as2_msgs) StdoutLine: {'line': b"Compiling '/home/developer/aerostack2_ws/install/as2_msgs/local/lib/python3.10/dist-packages/as2_msgs/msg/_behavior_status.py'...\n"}
[29.532821] (as2_msgs) StdoutLine: {'line': b"Compiling '/home/developer/aerostack2_ws/install/as2_msgs/local/lib/python3.10/dist-packages/as2_msgs/msg/_control_mode.py'...\n"}
[29.532842] (as2_msgs) StdoutLine: {'line': b"Compiling '/home/developer/aerostack2_ws/install/as2_msgs/local/lib/python3.10/dist-packages/as2_msgs/msg/_controller_info.py'...\n"}
[29.532862] (as2_msgs) StdoutLine: {'line': b"Compiling '/home/developer/aerostack2_ws/install/as2_msgs/local/lib/python3.10/dist-packages/as2_msgs/msg/_follow_target_info.py'...\n"}
[29.532884] (as2_msgs) StdoutLine: {'line': b"Compiling '/home/developer/aerostack2_ws/install/as2_msgs/local/lib/python3.10/dist-packages/as2_msgs/msg/_geozone.py'...\n"}
[29.532903] (as2_msgs) StdoutLine: {'line': b"Compiling '/home/developer/aerostack2_ws/install/as2_msgs/local/lib/python3.10/dist-packages/as2_msgs/msg/_gimbal_control.py'...\n"}
[29.532922] (as2_msgs) StdoutLine: {'line': b"Compiling '/home/developer/aerostack2_ws/install/as2_msgs/local/lib/python3.10/dist-packages/as2_msgs/msg/_mission_event.py'...\n"}
[29.532942] (as2_msgs) StdoutLine: {'line': b"Compiling '/home/developer/aerostack2_ws/install/as2_msgs/local/lib/python3.10/dist-packages/as2_msgs/msg/_mission_update.py'...\n"}
[29.532962] (as2_msgs) StdoutLine: {'line': b"Compiling '/home/developer/aerostack2_ws/install/as2_msgs/local/lib/python3.10/dist-packages/as2_msgs/msg/_node_status.py'...\n"}
[29.532981] (as2_msgs) StdoutLine: {'line': b"Compiling '/home/developer/aerostack2_ws/install/as2_msgs/local/lib/python3.10/dist-packages/as2_msgs/msg/_platform_info.py'...\n"}
[29.533000] (as2_msgs) StdoutLine: {'line': b"Compiling '/home/developer/aerostack2_ws/install/as2_msgs/local/lib/python3.10/dist-packages/as2_msgs/msg/_platform_state_machine_event.py'...\n"}
[29.533019] (as2_msgs) StdoutLine: {'line': b"Compiling '/home/developer/aerostack2_ws/install/as2_msgs/local/lib/python3.10/dist-packages/as2_msgs/msg/_platform_status.py'...\n"}
[29.533039] (as2_msgs) StdoutLine: {'line': b"Compiling '/home/developer/aerostack2_ws/install/as2_msgs/local/lib/python3.10/dist-packages/as2_msgs/msg/_polygon_list.py'...\n"}
[29.533061] (as2_msgs) StdoutLine: {'line': b"Compiling '/home/developer/aerostack2_ws/install/as2_msgs/local/lib/python3.10/dist-packages/as2_msgs/msg/_pose_stamped_with_id.py'...\n"}
[29.533080] (as2_msgs) StdoutLine: {'line': b"Compiling '/home/developer/aerostack2_ws/install/as2_msgs/local/lib/python3.10/dist-packages/as2_msgs/msg/_pose_stamped_with_id_array.py'...\n"}
[29.533098] (as2_msgs) StdoutLine: {'line': b"Compiling '/home/developer/aerostack2_ws/install/as2_msgs/local/lib/python3.10/dist-packages/as2_msgs/msg/_pose_with_id.py'...\n"}
[29.533121] (as2_msgs) StdoutLine: {'line': b"Compiling '/home/developer/aerostack2_ws/install/as2_msgs/local/lib/python3.10/dist-packages/as2_msgs/msg/_pose_with_id_array.py'...\n"}
[29.533139] (as2_msgs) StdoutLine: {'line': b"Compiling '/home/developer/aerostack2_ws/install/as2_msgs/local/lib/python3.10/dist-packages/as2_msgs/msg/_speed.py'...\n"}
[29.533158] (as2_msgs) StdoutLine: {'line': b"Compiling '/home/developer/aerostack2_ws/install/as2_msgs/local/lib/python3.10/dist-packages/as2_msgs/msg/_thrust.py'...\n"}
[29.533177] (as2_msgs) StdoutLine: {'line': b"Compiling '/home/developer/aerostack2_ws/install/as2_msgs/local/lib/python3.10/dist-packages/as2_msgs/msg/_traj_gen_info.py'...\n"}
[29.533197] (as2_msgs) StdoutLine: {'line': b"Compiling '/home/developer/aerostack2_ws/install/as2_msgs/local/lib/python3.10/dist-packages/as2_msgs/msg/_trajectory_point.py'...\n"}
[29.533216] (as2_msgs) StdoutLine: {'line': b"Compiling '/home/developer/aerostack2_ws/install/as2_msgs/local/lib/python3.10/dist-packages/as2_msgs/msg/_trajectory_setpoints.py'...\n"}
[29.533236] (as2_msgs) StdoutLine: {'line': b"Compiling '/home/developer/aerostack2_ws/install/as2_msgs/local/lib/python3.10/dist-packages/as2_msgs/msg/_u_int16_multi_array_stamped.py'...\n"}
[29.533254] (as2_msgs) StdoutLine: {'line': b"Compiling '/home/developer/aerostack2_ws/install/as2_msgs/local/lib/python3.10/dist-packages/as2_msgs/msg/_yaw_mode.py'...\n"}
[29.533273] (as2_msgs) StdoutLine: {'line': b"Listing '/home/developer/aerostack2_ws/install/as2_msgs/local/lib/python3.10/dist-packages/as2_msgs/srv'...\n"}
[29.533292] (as2_msgs) StdoutLine: {'line': b"Compiling '/home/developer/aerostack2_ws/install/as2_msgs/local/lib/python3.10/dist-packages/as2_msgs/srv/__init__.py'...\n"}
[29.533310] (as2_msgs) StdoutLine: {'line': b"Compiling '/home/developer/aerostack2_ws/install/as2_msgs/local/lib/python3.10/dist-packages/as2_msgs/srv/_add_static_transform.py'...\n"}
[29.533330] (as2_msgs) StdoutLine: {'line': b"Compiling '/home/developer/aerostack2_ws/install/as2_msgs/local/lib/python3.10/dist-packages/as2_msgs/srv/_add_static_transform_gps.py'...\n"}
[29.533349] (as2_msgs) StdoutLine: {'line': b"Compiling '/home/developer/aerostack2_ws/install/as2_msgs/local/lib/python3.10/dist-packages/as2_msgs/srv/_dynamic_follower.py'...\n"}
[29.533367] (as2_msgs) StdoutLine: {'line': b"Compiling '/home/developer/aerostack2_ws/install/as2_msgs/local/lib/python3.10/dist-packages/as2_msgs/srv/_dynamic_land.py'...\n"}
[29.533385] (as2_msgs) StdoutLine: {'line': b"Compiling '/home/developer/aerostack2_ws/install/as2_msgs/local/lib/python3.10/dist-packages/as2_msgs/srv/_geopath_to_path.py'...\n"}
[29.533405] (as2_msgs) StdoutLine: {'line': b"Compiling '/home/developer/aerostack2_ws/install/as2_msgs/local/lib/python3.10/dist-packages/as2_msgs/srv/_get_geozone.py'...\n"}
[29.533424] (as2_msgs) StdoutLine: {'line': b"Compiling '/home/developer/aerostack2_ws/install/as2_msgs/local/lib/python3.10/dist-packages/as2_msgs/srv/_get_origin.py'...\n"}
[29.533442] (as2_msgs) StdoutLine: {'line': b"Compiling '/home/developer/aerostack2_ws/install/as2_msgs/local/lib/python3.10/dist-packages/as2_msgs/srv/_list_control_modes.py'...\n"}
[29.533461] (as2_msgs) StdoutLine: {'line': b"Compiling '/home/developer/aerostack2_ws/install/as2_msgs/local/lib/python3.10/dist-packages/as2_msgs/srv/_modify_swarm.py'...\n"}
[29.533480] (as2_msgs) StdoutLine: {'line': b"Compiling '/home/developer/aerostack2_ws/install/as2_msgs/local/lib/python3.10/dist-packages/as2_msgs/srv/_package_pick_up.py'...\n"}
[29.533499] (as2_msgs) StdoutLine: {'line': b"Compiling '/home/developer/aerostack2_ws/install/as2_msgs/local/lib/python3.10/dist-packages/as2_msgs/srv/_package_un_pick.py'...\n"}
[29.533517] (as2_msgs) StdoutLine: {'line': b"Compiling '/home/developer/aerostack2_ws/install/as2_msgs/local/lib/python3.10/dist-packages/as2_msgs/srv/_path_to_geopath.py'...\n"}
[29.533536] (as2_msgs) StdoutLine: {'line': b"Compiling '/home/developer/aerostack2_ws/install/as2_msgs/local/lib/python3.10/dist-packages/as2_msgs/srv/_set_control_mode.py'...\n"}
[29.535123] (as2_msgs) StdoutLine: {'line': b"Compiling '/home/developer/aerostack2_ws/install/as2_msgs/local/lib/python3.10/dist-packages/as2_msgs/srv/_set_geozone.py'...\n"}
[29.535182] (as2_msgs) StdoutLine: {'line': b"Compiling '/home/developer/aerostack2_ws/install/as2_msgs/local/lib/python3.10/dist-packages/as2_msgs/srv/_set_origin.py'...\n"}
[29.535210] (as2_msgs) StdoutLine: {'line': b"Compiling '/home/developer/aerostack2_ws/install/as2_msgs/local/lib/python3.10/dist-packages/as2_msgs/srv/_set_platform_state_machine_event.py'...\n"}
[29.535235] (as2_msgs) StdoutLine: {'line': b"Compiling '/home/developer/aerostack2_ws/install/as2_msgs/local/lib/python3.10/dist-packages/as2_msgs/srv/_set_speed.py'...\n"}
[29.538008] (as2_msgs) StdoutLine: {'line': b'-- Installing: /home/developer/aerostack2_ws/install/as2_msgs/lib/libas2_msgs__rosidl_generator_py.so\n'}
[29.538411] (as2_msgs) StdoutLine: {'line': b'-- Set runtime path of "/home/developer/aerostack2_ws/install/as2_msgs/lib/libas2_msgs__rosidl_generator_py.so" to ""\n'}
[29.538482] (as2_msgs) StdoutLine: {'line': b'-- Installing: /home/developer/aerostack2_ws/install/as2_msgs/share/as2_msgs/cmake/export_as2_msgs__rosidl_generator_cExport.cmake\n'}
[29.538516] (as2_msgs) StdoutLine: {'line': b'-- Installing: /home/developer/aerostack2_ws/install/as2_msgs/share/as2_msgs/cmake/export_as2_msgs__rosidl_generator_cExport-noconfig.cmake\n'}
[29.538539] (as2_msgs) StdoutLine: {'line': b'-- Installing: /home/developer/aerostack2_ws/install/as2_msgs/share/as2_msgs/cmake/export_as2_msgs__rosidl_typesupport_fastrtps_cExport.cmake\n'}
[29.538695] (as2_msgs) StdoutLine: {'line': b'-- Installing: /home/developer/aerostack2_ws/install/as2_msgs/share/as2_msgs/cmake/export_as2_msgs__rosidl_typesupport_fastrtps_cExport-noconfig.cmake\n'}
[29.538753] (as2_msgs) StdoutLine: {'line': b'-- Installing: /home/developer/aerostack2_ws/install/as2_msgs/share/as2_msgs/cmake/as2_msgs__rosidl_typesupport_introspection_cExport.cmake\n'}
[29.538780] (as2_msgs) StdoutLine: {'line': b'-- Installing: /home/developer/aerostack2_ws/install/as2_msgs/share/as2_msgs/cmake/as2_msgs__rosidl_typesupport_introspection_cExport-noconfig.cmake\n'}
[29.538824] (as2_msgs) StdoutLine: {'line': b'-- Installing: /home/developer/aerostack2_ws/install/as2_msgs/share/as2_msgs/cmake/as2_msgs__rosidl_typesupport_cExport.cmake\n'}
[29.538849] (as2_msgs) StdoutLine: {'line': b'-- Installing: /home/developer/aerostack2_ws/install/as2_msgs/share/as2_msgs/cmake/as2_msgs__rosidl_typesupport_cExport-noconfig.cmake\n'}
[29.538870] (as2_msgs) StdoutLine: {'line': b'-- Installing: /home/developer/aerostack2_ws/install/as2_msgs/share/as2_msgs/cmake/export_as2_msgs__rosidl_generator_cppExport.cmake\n'}
[29.538891] (as2_msgs) StdoutLine: {'line': b'-- Installing: /home/developer/aerostack2_ws/install/as2_msgs/share/as2_msgs/cmake/export_as2_msgs__rosidl_typesupport_fastrtps_cppExport.cmake\n'}
[29.538940] (as2_msgs) StdoutLine: {'line': b'-- Installing: /home/developer/aerostack2_ws/install/as2_msgs/share/as2_msgs/cmake/export_as2_msgs__rosidl_typesupport_fastrtps_cppExport-noconfig.cmake\n'}
[29.539088] (as2_msgs) StdoutLine: {'line': b'-- Installing: /home/developer/aerostack2_ws/install/as2_msgs/share/as2_msgs/cmake/as2_msgs__rosidl_typesupport_introspection_cppExport.cmake\n'}
[29.539161] (as2_msgs) StdoutLine: {'line': b'-- Installing: /home/developer/aerostack2_ws/install/as2_msgs/share/as2_msgs/cmake/as2_msgs__rosidl_typesupport_introspection_cppExport-noconfig.cmake\n'}
[29.539193] (as2_msgs) StdoutLine: {'line': b'-- Installing: /home/developer/aerostack2_ws/install/as2_msgs/share/as2_msgs/cmake/as2_msgs__rosidl_typesupport_cppExport.cmake\n'}
[29.539264] (as2_msgs) StdoutLine: {'line': b'-- Installing: /home/developer/aerostack2_ws/install/as2_msgs/share/as2_msgs/cmake/as2_msgs__rosidl_typesupport_cppExport-noconfig.cmake\n'}
[29.539304] (as2_msgs) StdoutLine: {'line': b'-- Installing: /home/developer/aerostack2_ws/install/as2_msgs/share/as2_msgs/cmake/export_as2_msgs__rosidl_generator_pyExport.cmake\n'}
[29.539325] (as2_msgs) StdoutLine: {'line': b'-- Installing: /home/developer/aerostack2_ws/install/as2_msgs/share/as2_msgs/cmake/export_as2_msgs__rosidl_generator_pyExport-noconfig.cmake\n'}
[29.540678] (as2_msgs) CommandEnded: {'returncode': 0}
[29.555683] (as2_msgs) JobEnded: {'identifier': 'as2_msgs', 'rc': 0}
[29.556323] (as2_core) JobStarted: {'identifier': 'as2_core'}
[29.561418] (as2_core) JobProgress: {'identifier': 'as2_core', 'progress': 'cmake'}
[29.561962] (as2_core) Command: {'cmd': ['/usr/bin/cmake', '/home/developer/aerostack2_ws/src/aerostack2-tcc_lucca/as2_core', '-DAMENT_CMAKE_SYMLINK_INSTALL=1', '-DCMAKE_INSTALL_PREFIX=/home/developer/aerostack2_ws/install/as2_core'], 'cwd': '/home/developer/aerostack2_ws/build/as2_core', 'env': OrderedDict([('GZ_SIM_SYSTEM_PLUGIN_PATH', '/opt/ros/humble/lib'), ('GZ_SIM_RESOURCE_PATH', '/opt/ros/humble/share/as2_gazebo_assets/worlds:/opt/ros/humble/share/as2_gazebo_assets/models'), ('HOSTNAME', 'lead-Predator-PHN16-71'), ('SHLVL', '1'), ('LD_LIBRARY_PATH', '/home/developer/aerostack2_ws/install/as2_msgs/lib:/opt/ros/humble/opt/rviz_ogre_vendor/lib:/opt/ros/humble/lib/x86_64-linux-gnu:/opt/ros/humble/lib'), ('HOME', '/home/developer'), ('ROS_PYTHON_VERSION', '3'), ('ROS_DISTRO', 'humble'), ('_', '/usr/bin/colcon'), ('ROS_VERSION', '2'), ('TERM', 'xterm'), ('ROS_LOCALHOST_ONLY', '0'), ('QT_X11_NO_MITSHM', '1'), ('PATH', '/opt/ros/humble/bin:/usr/local/sbin:/usr/local/bin:/usr/sbin:/usr/bin:/sbin:/bin'), ('DISPLAY', ':1'), ('LANG', 'C.UTF-8'), ('LS_COLORS', 'rs=0:di=01;34:ln=01;36:mh=00:pi=40;33:so=01;35:do=01;35:bd=40;33;01:cd=40;33;01:or=40;31;01:mi=00:su=37;41:sg=30;43:ca=30;41:tw=30;42:ow=34;42:st=37;44:ex=01;32:*.tar=01;31:*.tgz=01;31:*.arc=01;31:*.arj=01;31:*.taz=01;31:*.lha=01;31:*.lz4=01;31:*.lzh=01;31:*.lzma=01;31:*.tlz=01;31:*.txz=01;31:*.tzo=01;31:*.t7z=01;31:*.zip=01;31:*.z=01;31:*.dz=01;31:*.gz=01;31:*.lrz=01;31:*.lz=01;31:*.lzo=01;31:*.xz=01;31:*.zst=01;31:*.tzst=01;31:*.bz2=01;31:*.bz=01;31:*.tbz=01;31:*.tbz2=01;31:*.tz=01;31:*.deb=01;31:*.rpm=01;31:*.jar=01;31:*.war=01;31:*.ear=01;31:*.sar=01;31:*.rar=01;31:*.alz=01;31:*.ace=01;31:*.zoo=01;31:*.cpio=01;31:*.7z=01;31:*.rz=01;31:*.cab=01;31:*.wim=01;31:*.swm=01;31:*.dwm=01;31:*.esd=01;31:*.jpg=01;35:*.jpeg=01;35:*.mjpg=01;35:*.mjpeg=01;35:*.gif=01;35:*.bmp=01;35:*.pbm=01;35:*.pgm=01;35:*.ppm=01;35:*.tga=01;35:*.xbm=01;35:*.xpm=01;35:*.tif=01;35:*.tiff=01;35:*.png=01;35:*.svg=01;35:*.svgz=01;35:*.mng=01;35:*.pcx=01;35:*.mov=01;35:*.mpg=01;35:*.mpeg=01;35:*.m2v=01;35:*.mkv=01;35:*.webm=01;35:*.webp=01;35:*.ogm=01;35:*.mp4=01;35:*.m4v=01;35:*.mp4v=01;35:*.vob=01;35:*.qt=01;35:*.nuv=01;35:*.wmv=01;35:*.asf=01;35:*.rm=01;35:*.rmvb=01;35:*.flc=01;35:*.avi=01;35:*.fli=01;35:*.flv=01;35:*.gl=01;35:*.dl=01;35:*.xcf=01;35:*.xwd=01;35:*.yuv=01;35:*.cgm=01;35:*.emf=01;35:*.ogv=01;35:*.ogx=01;35:*.aac=00;36:*.au=00;36:*.flac=00;36:*.m4a=00;36:*.mid=00;36:*.midi=00;36:*.mka=00;36:*.mp3=00;36:*.mpc=00;36:*.ogg=00;36:*.ra=00;36:*.wav=00;36:*.oga=00;36:*.opus=00;36:*.spx=00;36:*.xspf=00;36:'), ('AMENT_PREFIX_PATH', '/home/developer/aerostack2_ws/install/as2_msgs:/opt/ros/humble'), ('GZ_VERSION', 'fortress'), ('PWD', '/home/developer/aerostack2_ws/build/as2_core'), ('LC_ALL', 'C.UTF-8'), ('PYTHONPATH', '/home/developer/aerostack2_ws/install/as2_msgs/local/lib/python3.10/dist-packages:/opt/ros/humble/lib/python3.10/site-packages:/opt/ros/humble/local/lib/python3.10/dist-packages'), ('COLCON', '1'), ('CMAKE_PREFIX_PATH', '/home/developer/aerostack2_ws/install/as2_msgs:/opt/ros/humble')]), 'shell': False}
[29.571390] (-) TimerEvent: {}
[29.600264] (as2_core) StdoutLine: {'line': b'-- The C compiler identification is GNU 11.4.0\n'}
[29.634204] (as2_core) StdoutLine: {'line': b'-- The CXX compiler identification is GNU 11.4.0\n'}
[29.638530] (as2_core) StdoutLine: {'line': b'-- Detecting C compiler ABI info\n'}
[29.671473] (-) TimerEvent: {}
[29.687406] (as2_core) StdoutLine: {'line': b'-- Detecting C compiler ABI info - done\n'}
[29.693529] (as2_core) StdoutLine: {'line': b'-- Check for working C compiler: /usr/bin/cc - skipped\n'}
[29.693655] (as2_core) StdoutLine: {'line': b'-- Detecting C compile features\n'}
[29.693757] (as2_core) StdoutLine: {'line': b'-- Detecting C compile features - done\n'}
[29.695690] (as2_core) StdoutLine: {'line': b'-- Detecting CXX compiler ABI info\n'}
[29.746726] (as2_core) StdoutLine: {'line': b'-- Detecting CXX compiler ABI info - done\n'}
[29.750716] (as2_core) StdoutLine: {'line': b'-- Check for working CXX compiler: /usr/bin/c++ - skipped\n'}
[29.750851] (as2_core) StdoutLine: {'line': b'-- Detecting CXX compile features\n'}
[29.751045] (as2_core) StdoutLine: {'line': b'-- Detecting CXX compile features - done\n'}
[29.751467] (as2_core) StdoutLine: {'line': b'-- Detected ROS_DISTRO: humble\n'}
[29.753465] (as2_core) StdoutLine: {'line': b'-- Found ament_cmake: 1.3.14 (/opt/ros/humble/share/ament_cmake/cmake)\n'}
[29.771591] (-) TimerEvent: {}
[29.850089] (as2_core) StdoutLine: {'line': b'-- Found Python3: /usr/bin/python3 (found version "3.10.12") found components: Interpreter \n'}
[29.871781] (-) TimerEvent: {}
[29.886102] (as2_core) StdoutLine: {'line': b'-- Override CMake install command with custom implementation using symlinks instead of copying resources\n'}
[29.915178] (as2_core) StdoutLine: {'line': b'-- Found rclcpp: 16.0.19 (/opt/ros/humble/share/rclcpp/cmake)\n'}
[29.943080] (as2_core) StdoutLine: {'line': b'-- Found rosidl_generator_c: 3.1.8 (/opt/ros/humble/share/rosidl_generator_c/cmake)\n'}
[29.945673] (as2_core) StdoutLine: {'line': b'-- Found rosidl_adapter: 3.1.8 (/opt/ros/humble/share/rosidl_adapter/cmake)\n'}
[29.950737] (as2_core) StdoutLine: {'line': b'-- Found rosidl_generator_cpp: 3.1.8 (/opt/ros/humble/share/rosidl_generator_cpp/cmake)\n'}
[29.957752] (as2_core) StdoutLine: {'line': b'-- Using all available rosidl_typesupport_c: rosidl_typesupport_fastrtps_c;rosidl_typesupport_introspection_c\n'}
[29.967111] (as2_core) StdoutLine: {'line': b'-- Using all available rosidl_typesupport_cpp: rosidl_typesupport_fastrtps_cpp;rosidl_typesupport_introspection_cpp\n'}
[29.971944] (-) TimerEvent: {}
[29.998495] (as2_core) StdoutLine: {'line': b'-- Found rmw_implementation_cmake: 6.1.2 (/opt/ros/humble/share/rmw_implementation_cmake/cmake)\n'}
[30.000504] (as2_core) StdoutLine: {'line': b'-- Found rmw_fastrtps_cpp: 6.2.10 (/opt/ros/humble/share/rmw_fastrtps_cpp/cmake)\n'}
[30.068514] (as2_core) StdoutLine: {'line': b'-- Found OpenSSL: /usr/lib/x86_64-linux-gnu/libcrypto.so (found version "3.0.2")  \n'}
[30.072097] (-) TimerEvent: {}
[30.088084] (as2_core) StdoutLine: {'line': b'-- Found FastRTPS: /opt/ros/humble/include  \n'}
[30.115685] (as2_core) StdoutLine: {'line': b"-- Using RMW implementation 'rmw_fastrtps_cpp' as default\n"}
[30.126513] (as2_core) StdoutLine: {'line': b'-- Looking for pthread.h\n'}
[30.172189] (-) TimerEvent: {}
[30.176643] (as2_core) StdoutLine: {'line': b'-- Looking for pthread.h - found\n'}
[30.176956] (as2_core) StdoutLine: {'line': b'-- Performing Test CMAKE_HAVE_LIBC_PTHREAD\n'}
[30.227975] (as2_core) StdoutLine: {'line': b'-- Performing Test CMAKE_HAVE_LIBC_PTHREAD - Success\n'}
[30.228900] (as2_core) StdoutLine: {'line': b'-- Found Threads: TRUE  \n'}
[30.264447] (as2_core) StdoutLine: {'line': b'-- Found nav_msgs: 4.9.1 (/opt/ros/humble/share/nav_msgs/cmake)\n'}
[30.272251] (-) TimerEvent: {}
[30.281195] (as2_core) StdoutLine: {'line': b'-- Found sensor_msgs: 4.9.1 (/opt/ros/humble/share/sensor_msgs/cmake)\n'}
[30.290060] (as2_core) StdoutLine: {'line': b'-- Found as2_msgs: 1.1.3 (/home/developer/aerostack2_ws/install/as2_msgs/share/as2_msgs/cmake)\n'}
[30.329931] (as2_core) StdoutLine: {'line': b'-- Found std_srvs: 4.9.1 (/opt/ros/humble/share/std_srvs/cmake)\n'}
[30.337939] (as2_core) StdoutLine: {'line': b'-- Found tf2_geometry_msgs: 0.25.20 (/opt/ros/humble/share/tf2_geometry_msgs/cmake)\n'}
[30.348063] (as2_core) StdoutLine: {'line': b'-- Found eigen3_cmake_module: 0.1.1 (/opt/ros/humble/share/eigen3_cmake_module/cmake)\n'}
[30.349142] (as2_core) StdoutLine: {'line': b'-- Found Eigen3: TRUE (found version "3.4.0") \n'}
[30.349203] (as2_core) StdoutLine: {'line': b'-- Ensuring Eigen3 include directory is part of orocos-kdl CMake target\n'}
[30.372318] (-) TimerEvent: {}
[30.402652] (as2_core) StdoutLine: {'line': b'-- Found rclcpp_lifecycle: 16.0.19 (/opt/ros/humble/share/rclcpp_lifecycle/cmake)\n'}
[30.416414] (as2_core) StdoutLine: {'line': b'-- Found image_transport: 3.1.12 (/opt/ros/humble/share/image_transport/cmake)\n'}
[30.431414] (as2_core) StdoutLine: {'line': b'-- Found cv_bridge: 3.2.1 (/opt/ros/humble/share/cv_bridge/cmake)\n'}
[30.441214] (as2_core) StdoutLine: {'line': b'-- Created yaml-cpp::yaml-cpp alias from yaml-cpp target\n'}
[30.442159] (as2_core) StdoutLine: {'line': b'-- Created GeographicLib::GeographicLib target from legacy variables\n'}
[30.472510] (-) TimerEvent: {}
[30.540975] (as2_core) StdoutLine: {'line': b'-- Found Python3: /usr/bin/python3 (found version "3.10.12") found components: Interpreter Development Development.Module Development.Embed \n'}
[30.571042] (as2_core) StdoutLine: {'line': b'-- Performing Test HAS_FLTO\n'}
[30.572615] (-) TimerEvent: {}
[30.665053] (as2_core) StdoutLine: {'line': b'-- Performing Test HAS_FLTO - Success\n'}
[30.665464] (as2_core) StdoutLine: {'line': b'-- Found pybind11: /usr/include (found version "2.9.1")\n'}
[30.672679] (-) TimerEvent: {}
[30.724436] (as2_core) StdoutLine: {'line': b'-- Found ament_lint_auto: 0.12.15 (/opt/ros/humble/share/ament_lint_auto/cmake)\n'}
[30.772855] (-) TimerEvent: {}
[30.778114] (as2_core) StdoutLine: {'line': b"-- Found gtest sources under '/opt/ros/humble/src/gtest_vendor': C++ tests using 'Google Test' will be built\n"}
[30.798625] (as2_core) StdoutLine: {'line': b"-- Added test 'copyright' to check source files copyright and LICENSE\n"}
[30.800865] (as2_core) StdoutLine: {'line': b"-- Added test 'cppcheck' to perform static code analysis on C / C++ code\n"}
[30.801030] (as2_core) StdoutLine: {'line': b'-- Configured cppcheck include dirs: $<BUILD_INTERFACE:/home/developer/aerostack2_ws/src/aerostack2-tcc_lucca/as2_core/include>;/home/developer/aerostack2_ws/src/aerostack2-tcc_lucca/as2_core/include/as2_core;/home/developer/aerostack2_ws/src/aerostack2-tcc_lucca/as2_core/include\n'}
[30.801094] (as2_core) StdoutLine: {'line': b'-- Configured cppcheck exclude dirs and/or files: \n'}
[30.803233] (as2_core) StdoutLine: {'line': b"-- Added test 'cpplint' to check C / C++ code against the Google style\n"}
[30.803290] (as2_core) StdoutLine: {'line': b'-- Configured cpplint exclude dirs and/or files: \n'}
[30.803780] (as2_core) StdoutLine: {'line': b"-- Added test 'flake8' to check Python code syntax and style conventions\n"}
[30.804529] (as2_core) StdoutLine: {'line': b"-- Added test 'lint_cmake' to check CMake code style\n"}
[30.805086] (as2_core) StdoutLine: {'line': b"-- Added test 'pep257' to check Python code against some of the docstring style conventions in PEP 257\n"}
[30.807132] (as2_core) StdoutLine: {'line': b"-- Added test 'uncrustify' to check C / C++ code style\n"}
[30.807200] (as2_core) StdoutLine: {'line': b'-- Configured uncrustify additional arguments: \n'}
[30.807702] (as2_core) StdoutLine: {'line': b"-- Added test 'xmllint' to check XML markup files\n"}
[30.809235] (as2_core) StdoutLine: {'line': b'-- Configuring done\n'}
[30.840334] (as2_core) StdoutLine: {'line': b'-- Generating done\n'}
[30.851764] (as2_core) StdoutLine: {'line': b'-- Build files have been written to: /home/developer/aerostack2_ws/build/as2_core\n'}
[30.859066] (as2_core) CommandEnded: {'returncode': 0}
[30.859783] (as2_core) JobProgress: {'identifier': 'as2_core', 'progress': 'build'}
[30.859796] (as2_core) Command: {'cmd': ['/usr/bin/cmake', '--build', '/home/developer/aerostack2_ws/build/as2_core', '--', '-j20', '-l20'], 'cwd': '/home/developer/aerostack2_ws/build/as2_core', 'env': OrderedDict([('GZ_SIM_SYSTEM_PLUGIN_PATH', '/opt/ros/humble/lib'), ('GZ_SIM_RESOURCE_PATH', '/opt/ros/humble/share/as2_gazebo_assets/worlds:/opt/ros/humble/share/as2_gazebo_assets/models'), ('HOSTNAME', 'lead-Predator-PHN16-71'), ('SHLVL', '1'), ('LD_LIBRARY_PATH', '/home/developer/aerostack2_ws/install/as2_msgs/lib:/opt/ros/humble/opt/rviz_ogre_vendor/lib:/opt/ros/humble/lib/x86_64-linux-gnu:/opt/ros/humble/lib'), ('HOME', '/home/developer'), ('ROS_PYTHON_VERSION', '3'), ('ROS_DISTRO', 'humble'), ('_', '/usr/bin/colcon'), ('ROS_VERSION', '2'), ('TERM', 'xterm'), ('ROS_LOCALHOST_ONLY', '0'), ('QT_X11_NO_MITSHM', '1'), ('PATH', '/opt/ros/humble/bin:/usr/local/sbin:/usr/local/bin:/usr/sbin:/usr/bin:/sbin:/bin'), ('DISPLAY', ':1'), ('LANG', 'C.UTF-8'), ('LS_COLORS', 'rs=0:di=01;34:ln=01;36:mh=00:pi=40;33:so=01;35:do=01;35:bd=40;33;01:cd=40;33;01:or=40;31;01:mi=00:su=37;41:sg=30;43:ca=30;41:tw=30;42:ow=34;42:st=37;44:ex=01;32:*.tar=01;31:*.tgz=01;31:*.arc=01;31:*.arj=01;31:*.taz=01;31:*.lha=01;31:*.lz4=01;31:*.lzh=01;31:*.lzma=01;31:*.tlz=01;31:*.txz=01;31:*.tzo=01;31:*.t7z=01;31:*.zip=01;31:*.z=01;31:*.dz=01;31:*.gz=01;31:*.lrz=01;31:*.lz=01;31:*.lzo=01;31:*.xz=01;31:*.zst=01;31:*.tzst=01;31:*.bz2=01;31:*.bz=01;31:*.tbz=01;31:*.tbz2=01;31:*.tz=01;31:*.deb=01;31:*.rpm=01;31:*.jar=01;31:*.war=01;31:*.ear=01;31:*.sar=01;31:*.rar=01;31:*.alz=01;31:*.ace=01;31:*.zoo=01;31:*.cpio=01;31:*.7z=01;31:*.rz=01;31:*.cab=01;31:*.wim=01;31:*.swm=01;31:*.dwm=01;31:*.esd=01;31:*.jpg=01;35:*.jpeg=01;35:*.mjpg=01;35:*.mjpeg=01;35:*.gif=01;35:*.bmp=01;35:*.pbm=01;35:*.pgm=01;35:*.ppm=01;35:*.tga=01;35:*.xbm=01;35:*.xpm=01;35:*.tif=01;35:*.tiff=01;35:*.png=01;35:*.svg=01;35:*.svgz=01;35:*.mng=01;35:*.pcx=01;35:*.mov=01;35:*.mpg=01;35:*.mpeg=01;35:*.m2v=01;35:*.mkv=01;35:*.webm=01;35:*.webp=01;35:*.ogm=01;35:*.mp4=01;35:*.m4v=01;35:*.mp4v=01;35:*.vob=01;35:*.qt=01;35:*.nuv=01;35:*.wmv=01;35:*.asf=01;35:*.rm=01;35:*.rmvb=01;35:*.flc=01;35:*.avi=01;35:*.fli=01;35:*.flv=01;35:*.gl=01;35:*.dl=01;35:*.xcf=01;35:*.xwd=01;35:*.yuv=01;35:*.cgm=01;35:*.emf=01;35:*.ogv=01;35:*.ogx=01;35:*.aac=00;36:*.au=00;36:*.flac=00;36:*.m4a=00;36:*.mid=00;36:*.midi=00;36:*.mka=00;36:*.mp3=00;36:*.mpc=00;36:*.ogg=00;36:*.ra=00;36:*.wav=00;36:*.oga=00;36:*.opus=00;36:*.spx=00;36:*.xspf=00;36:'), ('AMENT_PREFIX_PATH', '/home/developer/aerostack2_ws/install/as2_msgs:/opt/ros/humble'), ('GZ_VERSION', 'fortress'), ('PWD', '/home/developer/aerostack2_ws/build/as2_core'), ('LC_ALL', 'C.UTF-8'), ('PYTHONPATH', '/home/developer/aerostack2_ws/install/as2_msgs/local/lib/python3.10/dist-packages:/opt/ros/humble/lib/python3.10/site-packages:/opt/ros/humble/local/lib/python3.10/dist-packages'), ('COLCON', '1'), ('CMAKE_PREFIX_PATH', '/home/developer/aerostack2_ws/install/as2_msgs:/opt/ros/humble')]), 'shell': False}
[30.873018] (-) TimerEvent: {}
[30.896723] (as2_core) StdoutLine: {'line': b'[  3%] \x1b[32mBuilding CXX object CMakeFiles/as2_core.dir/src/sensor.cpp.o\x1b[0m\n'}
[30.896923] (as2_core) StdoutLine: {'line': b'[  6%] \x1b[32mBuilding CXX object CMakeFiles/as2_core.dir/src/node.cpp.o\x1b[0m\n'}
[30.897023] (as2_core) StdoutLine: {'line': b'[  9%] \x1b[32mBuilding CXX object CMakeFiles/as2_core.dir/src/utils/control_mode_utils.cpp.o\x1b[0m\n'}
[30.897161] (as2_core) StdoutLine: {'line': b'[ 16%] \x1b[32mBuilding CXX object CMakeFiles/as2_core.dir/src/utils/tf_utils.cpp.o\x1b[0m\n'}
[30.897242] (as2_core) StdoutLine: {'line': b'[ 16%] \x1b[32mBuilding CXX object CMakeFiles/as2_core.dir/src/rate.cpp.o\x1b[0m\n'}
[30.897377] (as2_core) StdoutLine: {'line': b'[ 19%] \x1b[32mBuilding CXX object CMakeFiles/as2_core.dir/src/platform_state_machine.cpp.o\x1b[0m\n'}
[30.898542] (as2_core) StdoutLine: {'line': b'[ 22%] \x1b[32mBuilding CXX object CMakeFiles/as2_core.dir/src/aerial_platform.cpp.o\x1b[0m\n'}
[30.898930] (as2_core) StdoutLine: {'line': b'[ 29%] \x1b[32mBuilding CXX object CMakeFiles/as2_core.dir/src/core_functions.cpp.o\x1b[0m\n'}
[30.899003] (as2_core) StdoutLine: {'line': b'[ 29%] \x1b[32mBuilding CXX object CMakeFiles/as2_core.dir/src/utils/gps_utils.cpp.o\x1b[0m\n'}
[30.899771] (as2_core) StdoutLine: {'line': b'[ 32%] \x1b[32mBuilding CXX object CMakeFiles/as2_core.dir/src/utils/yaml_utils.cpp.o\x1b[0m\n'}
[30.899890] (as2_core) StdoutLine: {'line': b'[ 35%] \x1b[32mBuilding CXX object gtest/CMakeFiles/gtest_main.dir/src/gtest_main.cc.o\x1b[0m\n'}
[30.900043] (as2_core) StdoutLine: {'line': b'[ 38%] \x1b[32mBuilding CXX object CMakeFiles/as2_core.dir/src/utils/frame_utils.cpp.o\x1b[0m\n'}
[30.900133] (as2_core) StdoutLine: {'line': b'[ 41%] \x1b[32mBuilding CXX object CMakeFiles/as2_names.dir/src/_as2_core_pybind11.cpp.o\x1b[0m\n'}
[30.900833] (as2_core) StdoutLine: {'line': b'[ 45%] \x1b[32mBuilding CXX object gtest/CMakeFiles/gtest.dir/src/gtest-all.cc.o\x1b[0m\n'}
[30.904240] (as2_core) StdoutLine: {'line': b'[ 45%] Built target ament_cmake_python_symlink_as2_core\n'}
[30.973106] (-) TimerEvent: {}
[31.073332] (-) TimerEvent: {}
[31.075785] (as2_core) StdoutLine: {'line': b'running egg_info\n'}
[31.076257] (as2_core) StdoutLine: {'line': b'creating as2_core.egg-info\n'}
[31.076416] (as2_core) StdoutLine: {'line': b'writing as2_core.egg-info/PKG-INFO\n'}
[31.076555] (as2_core) StdoutLine: {'line': b'writing dependency_links to as2_core.egg-info/dependency_links.txt\n'}
[31.076675] (as2_core) StdoutLine: {'line': b'writing top-level names to as2_core.egg-info/top_level.txt\n'}
[31.076809] (as2_core) StdoutLine: {'line': b"writing manifest file 'as2_core.egg-info/SOURCES.txt'\n"}
[31.078653] (as2_core) StdoutLine: {'line': b"reading manifest file 'as2_core.egg-info/SOURCES.txt'\n"}
[31.079079] (as2_core) StdoutLine: {'line': b"writing manifest file 'as2_core.egg-info/SOURCES.txt'\n"}
[31.101434] (as2_core) StdoutLine: {'line': b'[ 45%] Built target ament_cmake_python_build_as2_core_egg\n'}
[31.173441] (-) TimerEvent: {}
[31.273725] (-) TimerEvent: {}
[31.374015] (-) TimerEvent: {}
[31.474311] (-) TimerEvent: {}
[31.574600] (-) TimerEvent: {}
[31.674871] (-) TimerEvent: {}
[31.775155] (-) TimerEvent: {}
[31.811830] (as2_core) StdoutLine: {'line': b'[ 48%] \x1b[32m\x1b[1mLinking CXX static library libgtest_main.a\x1b[0m\n'}
[31.843923] (as2_core) StdoutLine: {'line': b'[ 48%] Built target gtest_main\n'}
[31.875261] (-) TimerEvent: {}
[31.975548] (-) TimerEvent: {}
[32.075825] (-) TimerEvent: {}
[32.176102] (-) TimerEvent: {}
[32.276389] (-) TimerEvent: {}
[32.376663] (-) TimerEvent: {}
[32.476943] (-) TimerEvent: {}
[32.577351] (-) TimerEvent: {}
[32.677639] (-) TimerEvent: {}
[32.778029] (-) TimerEvent: {}
[32.878309] (-) TimerEvent: {}
[32.978616] (-) TimerEvent: {}
[33.078990] (-) TimerEvent: {}
[33.179282] (-) TimerEvent: {}
[33.279660] (-) TimerEvent: {}
[33.380052] (-) TimerEvent: {}
[33.480332] (-) TimerEvent: {}
[33.580596] (-) TimerEvent: {}
[33.680903] (-) TimerEvent: {}
[33.781239] (-) TimerEvent: {}
[33.881527] (-) TimerEvent: {}
[33.920687] (as2_core) StdoutLine: {'line': b'[ 51%] \x1b[32m\x1b[1mLinking CXX shared module as2_names.cpython-310-x86_64-linux-gnu.so\x1b[0m\n'}
[33.981628] (-) TimerEvent: {}
[34.011178] (as2_core) StderrLine: {'line': b'lto-wrapper: warning: using serial compilation of 2 LTRANS jobs\n'}
[34.081835] (-) TimerEvent: {}
[34.182217] (-) TimerEvent: {}
[34.282596] (-) TimerEvent: {}
[34.382897] (-) TimerEvent: {}
[34.483269] (-) TimerEvent: {}
[34.583567] (-) TimerEvent: {}
[34.683957] (-) TimerEvent: {}
[34.784239] (-) TimerEvent: {}
[34.884507] (-) TimerEvent: {}
[34.984797] (-) TimerEvent: {}
[35.031447] (as2_core) StdoutLine: {'line': b'[ 51%] Built target as2_names\n'}
[35.085014] (-) TimerEvent: {}
[35.185297] (-) TimerEvent: {}
[35.285672] (-) TimerEvent: {}
[35.385965] (-) TimerEvent: {}
[35.486348] (-) TimerEvent: {}
[35.586612] (-) TimerEvent: {}
[35.686987] (-) TimerEvent: {}
[35.787642] (-) TimerEvent: {}
[35.888014] (-) TimerEvent: {}
[35.988276] (-) TimerEvent: {}
[36.021489] (as2_core) StdoutLine: {'line': b'[ 54%] \x1b[32m\x1b[1mLinking CXX static library libgtest.a\x1b[0m\n'}
[36.045737] (as2_core) StdoutLine: {'line': b'[ 54%] Built target gtest\n'}
[36.088377] (-) TimerEvent: {}
[36.188727] (-) TimerEvent: {}
[36.289086] (-) TimerEvent: {}
[36.389348] (-) TimerEvent: {}
[36.489685] (-) TimerEvent: {}
[36.590004] (-) TimerEvent: {}
[36.690360] (-) TimerEvent: {}
[36.790724] (-) TimerEvent: {}
[36.891088] (-) TimerEvent: {}
[36.991452] (-) TimerEvent: {}
[37.091801] (-) TimerEvent: {}
[37.192158] (-) TimerEvent: {}
[37.292417] (-) TimerEvent: {}
[37.392766] (-) TimerEvent: {}
[37.493121] (-) TimerEvent: {}
[37.593466] (-) TimerEvent: {}
[37.693815] (-) TimerEvent: {}
[37.794164] (-) TimerEvent: {}
[37.894520] (-) TimerEvent: {}
[37.994870] (-) TimerEvent: {}
[38.095232] (-) TimerEvent: {}
[38.195601] (-) TimerEvent: {}
[38.295955] (-) TimerEvent: {}
[38.396276] (-) TimerEvent: {}
[38.496633] (-) TimerEvent: {}
[38.596987] (-) TimerEvent: {}
[38.697197] (-) TimerEvent: {}
[38.797502] (-) TimerEvent: {}
[38.897825] (-) TimerEvent: {}
[38.998151] (-) TimerEvent: {}
[39.098858] (-) TimerEvent: {}
[39.199206] (-) TimerEvent: {}
[39.299531] (-) TimerEvent: {}
[39.399762] (-) TimerEvent: {}
[39.500075] (-) TimerEvent: {}
[39.600388] (-) TimerEvent: {}
[39.700613] (-) TimerEvent: {}
[39.800854] (-) TimerEvent: {}
[39.901178] (-) TimerEvent: {}
[40.001418] (-) TimerEvent: {}
[40.101704] (-) TimerEvent: {}
[40.201991] (-) TimerEvent: {}
[40.302307] (-) TimerEvent: {}
[40.402542] (-) TimerEvent: {}
[40.502857] (-) TimerEvent: {}
[40.603175] (-) TimerEvent: {}
[40.703443] (-) TimerEvent: {}
[40.803684] (-) TimerEvent: {}
[40.903894] (-) TimerEvent: {}
[41.004195] (-) TimerEvent: {}
[41.104400] (-) TimerEvent: {}
[41.204674] (-) TimerEvent: {}
[41.304965] (-) TimerEvent: {}
[41.405248] (-) TimerEvent: {}
[41.505459] (-) TimerEvent: {}
[41.605742] (-) TimerEvent: {}
[41.706023] (-) TimerEvent: {}
[41.806303] (-) TimerEvent: {}
[41.906528] (-) TimerEvent: {}
[42.006820] (-) TimerEvent: {}
[42.107130] (-) TimerEvent: {}
[42.207430] (-) TimerEvent: {}
[42.307633] (-) TimerEvent: {}
[42.407914] (-) TimerEvent: {}
[42.508106] (-) TimerEvent: {}
[42.608392] (-) TimerEvent: {}
[42.708607] (-) TimerEvent: {}
[42.808907] (-) TimerEvent: {}
[42.909233] (-) TimerEvent: {}
[43.009472] (-) TimerEvent: {}
[43.109732] (-) TimerEvent: {}
[43.210121] (-) TimerEvent: {}
[43.310326] (-) TimerEvent: {}
[43.410617] (-) TimerEvent: {}
[43.510908] (-) TimerEvent: {}
[43.611188] (-) TimerEvent: {}
[43.711465] (-) TimerEvent: {}
[43.811774] (-) TimerEvent: {}
[43.912073] (-) TimerEvent: {}
[44.012384] (-) TimerEvent: {}
[44.112702] (-) TimerEvent: {}
[44.212947] (-) TimerEvent: {}
[44.313232] (-) TimerEvent: {}
[44.413515] (-) TimerEvent: {}
[44.513772] (-) TimerEvent: {}
[44.614111] (-) TimerEvent: {}
[44.714434] (-) TimerEvent: {}
[44.814746] (-) TimerEvent: {}
[44.915064] (-) TimerEvent: {}
[45.015291] (-) TimerEvent: {}
[45.115557] (-) TimerEvent: {}
[45.215894] (-) TimerEvent: {}
[45.316182] (-) TimerEvent: {}
[45.416471] (-) TimerEvent: {}
[45.516758] (-) TimerEvent: {}
[45.617074] (-) TimerEvent: {}
[45.717294] (-) TimerEvent: {}
[45.817584] (-) TimerEvent: {}
[45.903129] (as2_core) StdoutLine: {'line': b'[ 58%] \x1b[32m\x1b[1mLinking CXX static library libas2_core.a\x1b[0m\n'}
[45.917740] (-) TimerEvent: {}
[45.971073] (as2_core) StdoutLine: {'line': b'[ 58%] Built target as2_core\n'}
[45.982822] (as2_core) StdoutLine: {'line': b'[ 67%] \x1b[32mBuilding CXX object CMakeFiles/mocks.dir/tests/mocks/aerial_platform/mock_aerial_platform.cpp.o\x1b[0m\n'}
[45.982961] (as2_core) StdoutLine: {'line': b'[ 67%] \x1b[32mBuilding CXX object tests/CMakeFiles/tf_utils_gtest.dir/tf_utils_gtest.cpp.o\x1b[0m\n'}
[45.983014] (as2_core) StdoutLine: {'line': b'[ 67%] \x1b[32mBuilding CXX object CMakeFiles/mocks.dir/tests/mocks/executor_thread_util/executor_thread_util.cpp.o\x1b[0m\n'}
[45.984795] (as2_core) StdoutLine: {'line': b'[ 70%] \x1b[32mBuilding CXX object tests/CMakeFiles/frame_test.dir/frame_test.cpp.o\x1b[0m\n'}
[45.985380] (as2_core) StdoutLine: {'line': b'[ 74%] \x1b[32mBuilding CXX object tests/CMakeFiles/platform_state_machine_test.dir/platform_state_machine_test.cpp.o\x1b[0m\n'}
[45.986684] (as2_core) StdoutLine: {'line': b'[ 77%] \x1b[32mBuilding CXX object tests/CMakeFiles/sensor_test.dir/sensor_test.cpp.o\x1b[0m\n'}
[45.986762] (as2_core) StdoutLine: {'line': b'[ 80%] \x1b[32mBuilding CXX object tests/CMakeFiles/tf2_namespace_test.dir/tf2_namespace_test.cpp.o\x1b[0m\n'}
[46.017916] (-) TimerEvent: {}
[46.118216] (-) TimerEvent: {}
[46.218515] (-) TimerEvent: {}
[46.318802] (-) TimerEvent: {}
[46.419179] (-) TimerEvent: {}
[46.519455] (-) TimerEvent: {}
[46.619832] (-) TimerEvent: {}
[46.720214] (-) TimerEvent: {}
[46.820502] (-) TimerEvent: {}
[46.920779] (-) TimerEvent: {}
[47.021169] (-) TimerEvent: {}
[47.121457] (-) TimerEvent: {}
[47.221854] (-) TimerEvent: {}
[47.322231] (-) TimerEvent: {}
[47.422518] (-) TimerEvent: {}
[47.522888] (-) TimerEvent: {}
[47.623235] (-) TimerEvent: {}
[47.723543] (-) TimerEvent: {}
[47.823811] (-) TimerEvent: {}
[47.924224] (-) TimerEvent: {}
[48.024493] (-) TimerEvent: {}
[48.124890] (-) TimerEvent: {}
[48.225240] (-) TimerEvent: {}
[48.325522] (-) TimerEvent: {}
[48.424907] (as2_core) StdoutLine: {'line': b'[ 83%] \x1b[32m\x1b[1mLinking CXX executable platform_state_machine_test\x1b[0m\n'}
[48.425577] (-) TimerEvent: {}
[48.525902] (-) TimerEvent: {}
[48.538310] (as2_core) StdoutLine: {'line': b'[ 87%] \x1b[32m\x1b[1mLinking CXX executable tf2_namespace_test\x1b[0m\n'}
[48.550176] (as2_core) StdoutLine: {'line': b'[ 87%] Built target platform_state_machine_test\n'}
[48.626119] (-) TimerEvent: {}
[48.660625] (as2_core) StdoutLine: {'line': b'[ 87%] Built target tf2_namespace_test\n'}
[48.726334] (-) TimerEvent: {}
[48.826712] (-) TimerEvent: {}
[48.927019] (-) TimerEvent: {}
[49.027340] (-) TimerEvent: {}
[49.127632] (-) TimerEvent: {}
[49.196515] (as2_core) StdoutLine: {'line': b'[ 90%] \x1b[32m\x1b[1mLinking CXX executable frame_test\x1b[0m\n'}
[49.227768] (-) TimerEvent: {}
[49.298929] (as2_core) StdoutLine: {'line': b'[ 90%] Built target frame_test\n'}
[49.327888] (-) TimerEvent: {}
[49.428247] (-) TimerEvent: {}
[49.528506] (-) TimerEvent: {}
[49.628861] (-) TimerEvent: {}
[49.729256] (-) TimerEvent: {}
[49.829627] (-) TimerEvent: {}
[49.929999] (-) TimerEvent: {}
[50.030267] (-) TimerEvent: {}
[50.034461] (as2_core) StdoutLine: {'line': b'[ 93%] \x1b[32m\x1b[1mLinking CXX executable tf_utils_gtest\x1b[0m\n'}
[50.130373] (-) TimerEvent: {}
[50.150116] (as2_core) StdoutLine: {'line': b'[ 93%] Built target tf_utils_gtest\n'}
[50.230480] (-) TimerEvent: {}
[50.330833] (-) TimerEvent: {}
[50.431196] (-) TimerEvent: {}
[50.531465] (-) TimerEvent: {}
[50.631820] (-) TimerEvent: {}
[50.732212] (-) TimerEvent: {}
[50.832476] (-) TimerEvent: {}
[50.932844] (-) TimerEvent: {}
[51.033105] (-) TimerEvent: {}
[51.133372] (-) TimerEvent: {}
[51.233728] (-) TimerEvent: {}
[51.334087] (-) TimerEvent: {}
[51.434444] (-) TimerEvent: {}
[51.534797] (-) TimerEvent: {}
[51.635165] (-) TimerEvent: {}
[51.686480] (as2_core) StdoutLine: {'line': b'[ 96%] \x1b[32m\x1b[1mLinking CXX executable sensor_test\x1b[0m\n'}
[51.735335] (-) TimerEvent: {}
[51.835712] (-) TimerEvent: {}
[51.936092] (-) TimerEvent: {}
[51.960428] (as2_core) StdoutLine: {'line': b'[ 96%] Built target sensor_test\n'}
[52.036305] (-) TimerEvent: {}
[52.136660] (-) TimerEvent: {}
[52.237029] (-) TimerEvent: {}
[52.337487] (-) TimerEvent: {}
[52.437790] (-) TimerEvent: {}
[52.538112] (-) TimerEvent: {}
[52.638420] (-) TimerEvent: {}
[52.738738] (-) TimerEvent: {}
[52.839082] (-) TimerEvent: {}
[52.939323] (-) TimerEvent: {}
[53.039625] (-) TimerEvent: {}
[53.139916] (-) TimerEvent: {}
[53.240206] (-) TimerEvent: {}
[53.340412] (-) TimerEvent: {}
[53.440612] (-) TimerEvent: {}
[53.540912] (-) TimerEvent: {}
[53.641202] (-) TimerEvent: {}
[53.741416] (-) TimerEvent: {}
[53.841733] (-) TimerEvent: {}
[53.942005] (-) TimerEvent: {}
[54.042231] (-) TimerEvent: {}
[54.142483] (-) TimerEvent: {}
[54.242781] (-) TimerEvent: {}
[54.343090] (-) TimerEvent: {}
[54.443314] (-) TimerEvent: {}
[54.543569] (-) TimerEvent: {}
[54.643872] (-) TimerEvent: {}
[54.744171] (-) TimerEvent: {}
[54.844474] (-) TimerEvent: {}
[54.944795] (-) TimerEvent: {}
[55.045024] (-) TimerEvent: {}
[55.145356] (-) TimerEvent: {}
[55.245644] (-) TimerEvent: {}
[55.345934] (-) TimerEvent: {}
[55.446243] (-) TimerEvent: {}
[55.546554] (-) TimerEvent: {}
[55.646857] (-) TimerEvent: {}
[55.747149] (-) TimerEvent: {}
[55.847453] (-) TimerEvent: {}
[55.947727] (-) TimerEvent: {}
[56.048007] (-) TimerEvent: {}
[56.148249] (-) TimerEvent: {}
[56.248561] (-) TimerEvent: {}
[56.348858] (-) TimerEvent: {}
[56.449135] (-) TimerEvent: {}
[56.549384] (-) TimerEvent: {}
[56.649678] (-) TimerEvent: {}
[56.749964] (-) TimerEvent: {}
[56.850267] (-) TimerEvent: {}
[56.950564] (-) TimerEvent: {}
[57.050857] (-) TimerEvent: {}
[57.151185] (-) TimerEvent: {}
[57.251480] (-) TimerEvent: {}
[57.351772] (-) TimerEvent: {}
[57.452079] (-) TimerEvent: {}
[57.552368] (-) TimerEvent: {}
[57.652642] (-) TimerEvent: {}
[57.752932] (-) TimerEvent: {}
[57.853236] (-) TimerEvent: {}
[57.953533] (-) TimerEvent: {}
[58.053843] (-) TimerEvent: {}
[58.154117] (-) TimerEvent: {}
[58.254412] (-) TimerEvent: {}
[58.354684] (-) TimerEvent: {}
[58.454963] (-) TimerEvent: {}
[58.555279] (-) TimerEvent: {}
[58.655567] (-) TimerEvent: {}
[58.755841] (-) TimerEvent: {}
[58.856125] (-) TimerEvent: {}
[58.956412] (-) TimerEvent: {}
[59.056697] (-) TimerEvent: {}
[59.157010] (-) TimerEvent: {}
[59.257333] (-) TimerEvent: {}
[59.357619] (-) TimerEvent: {}
[59.457899] (-) TimerEvent: {}
[59.558197] (-) TimerEvent: {}
[59.658466] (-) TimerEvent: {}
[59.758734] (-) TimerEvent: {}
[59.859011] (-) TimerEvent: {}
[59.959283] (-) TimerEvent: {}
[60.059557] (-) TimerEvent: {}
[60.159838] (-) TimerEvent: {}
[60.260146] (-) TimerEvent: {}
[60.360456] (-) TimerEvent: {}
[60.460755] (-) TimerEvent: {}
[60.561035] (-) TimerEvent: {}
[60.661268] (-) TimerEvent: {}
[60.761548] (-) TimerEvent: {}
[60.861858] (-) TimerEvent: {}
[60.962153] (-) TimerEvent: {}
[61.062457] (-) TimerEvent: {}
[61.162750] (-) TimerEvent: {}
[61.263054] (-) TimerEvent: {}
[61.363362] (-) TimerEvent: {}
[61.463659] (-) TimerEvent: {}
[61.563939] (-) TimerEvent: {}
[61.664231] (-) TimerEvent: {}
[61.764520] (-) TimerEvent: {}
[61.785471] (as2_core) StdoutLine: {'line': b'[100%] \x1b[32m\x1b[1mLinking CXX shared library libmocks.so\x1b[0m\n'}
[61.864682] (-) TimerEvent: {}
[61.945889] (as2_core) StdoutLine: {'line': b'[100%] Built target mocks\n'}
[61.956592] (as2_core) CommandEnded: {'returncode': 0}
[61.957024] (as2_core) JobProgress: {'identifier': 'as2_core', 'progress': 'install'}
[61.957762] (as2_core) Command: {'cmd': ['/usr/bin/cmake', '--install', '/home/developer/aerostack2_ws/build/as2_core'], 'cwd': '/home/developer/aerostack2_ws/build/as2_core', 'env': OrderedDict([('GZ_SIM_SYSTEM_PLUGIN_PATH', '/opt/ros/humble/lib'), ('GZ_SIM_RESOURCE_PATH', '/opt/ros/humble/share/as2_gazebo_assets/worlds:/opt/ros/humble/share/as2_gazebo_assets/models'), ('HOSTNAME', 'lead-Predator-PHN16-71'), ('SHLVL', '1'), ('LD_LIBRARY_PATH', '/home/developer/aerostack2_ws/install/as2_msgs/lib:/opt/ros/humble/opt/rviz_ogre_vendor/lib:/opt/ros/humble/lib/x86_64-linux-gnu:/opt/ros/humble/lib'), ('HOME', '/home/developer'), ('ROS_PYTHON_VERSION', '3'), ('ROS_DISTRO', 'humble'), ('_', '/usr/bin/colcon'), ('ROS_VERSION', '2'), ('TERM', 'xterm'), ('ROS_LOCALHOST_ONLY', '0'), ('QT_X11_NO_MITSHM', '1'), ('PATH', '/opt/ros/humble/bin:/usr/local/sbin:/usr/local/bin:/usr/sbin:/usr/bin:/sbin:/bin'), ('DISPLAY', ':1'), ('LANG', 'C.UTF-8'), ('LS_COLORS', 'rs=0:di=01;34:ln=01;36:mh=00:pi=40;33:so=01;35:do=01;35:bd=40;33;01:cd=40;33;01:or=40;31;01:mi=00:su=37;41:sg=30;43:ca=30;41:tw=30;42:ow=34;42:st=37;44:ex=01;32:*.tar=01;31:*.tgz=01;31:*.arc=01;31:*.arj=01;31:*.taz=01;31:*.lha=01;31:*.lz4=01;31:*.lzh=01;31:*.lzma=01;31:*.tlz=01;31:*.txz=01;31:*.tzo=01;31:*.t7z=01;31:*.zip=01;31:*.z=01;31:*.dz=01;31:*.gz=01;31:*.lrz=01;31:*.lz=01;31:*.lzo=01;31:*.xz=01;31:*.zst=01;31:*.tzst=01;31:*.bz2=01;31:*.bz=01;31:*.tbz=01;31:*.tbz2=01;31:*.tz=01;31:*.deb=01;31:*.rpm=01;31:*.jar=01;31:*.war=01;31:*.ear=01;31:*.sar=01;31:*.rar=01;31:*.alz=01;31:*.ace=01;31:*.zoo=01;31:*.cpio=01;31:*.7z=01;31:*.rz=01;31:*.cab=01;31:*.wim=01;31:*.swm=01;31:*.dwm=01;31:*.esd=01;31:*.jpg=01;35:*.jpeg=01;35:*.mjpg=01;35:*.mjpeg=01;35:*.gif=01;35:*.bmp=01;35:*.pbm=01;35:*.pgm=01;35:*.ppm=01;35:*.tga=01;35:*.xbm=01;35:*.xpm=01;35:*.tif=01;35:*.tiff=01;35:*.png=01;35:*.svg=01;35:*.svgz=01;35:*.mng=01;35:*.pcx=01;35:*.mov=01;35:*.mpg=01;35:*.mpeg=01;35:*.m2v=01;35:*.mkv=01;35:*.webm=01;35:*.webp=01;35:*.ogm=01;35:*.mp4=01;35:*.m4v=01;35:*.mp4v=01;35:*.vob=01;35:*.qt=01;35:*.nuv=01;35:*.wmv=01;35:*.asf=01;35:*.rm=01;35:*.rmvb=01;35:*.flc=01;35:*.avi=01;35:*.fli=01;35:*.flv=01;35:*.gl=01;35:*.dl=01;35:*.xcf=01;35:*.xwd=01;35:*.yuv=01;35:*.cgm=01;35:*.emf=01;35:*.ogv=01;35:*.ogx=01;35:*.aac=00;36:*.au=00;36:*.flac=00;36:*.m4a=00;36:*.mid=00;36:*.midi=00;36:*.mka=00;36:*.mp3=00;36:*.mpc=00;36:*.ogg=00;36:*.ra=00;36:*.wav=00;36:*.oga=00;36:*.opus=00;36:*.spx=00;36:*.xspf=00;36:'), ('AMENT_PREFIX_PATH', '/home/developer/aerostack2_ws/install/as2_msgs:/opt/ros/humble'), ('GZ_VERSION', 'fortress'), ('PWD', '/home/developer/aerostack2_ws/build/as2_core'), ('LC_ALL', 'C.UTF-8'), ('PYTHONPATH', '/home/developer/aerostack2_ws/install/as2_msgs/local/lib/python3.10/dist-packages:/opt/ros/humble/lib/python3.10/site-packages:/opt/ros/humble/local/lib/python3.10/dist-packages'), ('COLCON', '1'), ('CMAKE_PREFIX_PATH', '/home/developer/aerostack2_ws/install/as2_msgs:/opt/ros/humble')]), 'shell': False}
[61.963149] (as2_core) StdoutLine: {'line': b'-- Install configuration: "Release"\n'}
[61.963390] (as2_core) StdoutLine: {'line': b'-- Execute custom install script\n'}
[61.963555] (as2_core) StdoutLine: {'line': b'-- Symlinking: /home/developer/aerostack2_ws/install/as2_core/share/as2_core/environment/pythonpath.sh\n'}
[61.964836] (-) TimerEvent: {}
[61.970072] (as2_core) StdoutLine: {'line': b'-- Symlinking: /home/developer/aerostack2_ws/install/as2_core/share/as2_core/environment/pythonpath.dsv\n'}
[61.976768] (as2_core) StdoutLine: {'line': b'-- Symlinking: /home/developer/aerostack2_ws/install/as2_core/local/lib/python3.10/dist-packages/as2_core-1.1.3-py3.10.egg-info/PKG-INFO\n'}
[61.980790] (as2_core) StdoutLine: {'line': b'-- Symlinking: /home/developer/aerostack2_ws/install/as2_core/local/lib/python3.10/dist-packages/as2_core-1.1.3-py3.10.egg-info/SOURCES.txt\n'}
[61.986148] (as2_core) StdoutLine: {'line': b'-- Symlinking: /home/developer/aerostack2_ws/install/as2_core/local/lib/python3.10/dist-packages/as2_core-1.1.3-py3.10.egg-info/dependency_links.txt\n'}
[61.990605] (as2_core) StdoutLine: {'line': b'-- Symlinking: /home/developer/aerostack2_ws/install/as2_core/local/lib/python3.10/dist-packages/as2_core-1.1.3-py3.10.egg-info/top_level.txt\n'}
[61.996831] (as2_core) StdoutLine: {'line': b'-- Symlinking: /home/developer/aerostack2_ws/install/as2_core/local/lib/python3.10/dist-packages/as2_core/__init__.py\n'}
[62.000766] (as2_core) StdoutLine: {'line': b'-- Symlinking: /home/developer/aerostack2_ws/install/as2_core/local/lib/python3.10/dist-packages/as2_core/declare_launch_arguments_from_config_file.py\n'}
[62.005390] (as2_core) StdoutLine: {'line': b'-- Symlinking: /home/developer/aerostack2_ws/install/as2_core/local/lib/python3.10/dist-packages/as2_core/launch_configuration_from_config_file.py\n'}
[62.010366] (as2_core) StdoutLine: {'line': b'-- Symlinking: /home/developer/aerostack2_ws/install/as2_core/local/lib/python3.10/dist-packages/as2_core/launch_param_utils.py\n'}
[62.014721] (as2_core) StdoutLine: {'line': b'-- Symlinking: /home/developer/aerostack2_ws/install/as2_core/local/lib/python3.10/dist-packages/as2_core/launch_plugin_utils.py\n'}
[62.019690] (as2_core) StdoutLine: {'line': b'-- Symlinking: /home/developer/aerostack2_ws/install/as2_core/share/as2_core/environment/library_path.sh\n'}
[62.024725] (as2_core) StdoutLine: {'line': b'-- Symlinking: /home/developer/aerostack2_ws/install/as2_core/share/as2_core/environment/library_path.dsv\n'}
[62.030514] (as2_core) StdoutLine: {'line': b'-- Symlinking: /home/developer/aerostack2_ws/install/as2_core/local/lib/python3.10/dist-packages/as2_core/as2_names.cpython-310-x86_64-linux-gnu.so\n'}
[62.038014] (as2_core) StdoutLine: {'line': b'-- Symlinking: /home/developer/aerostack2_ws/install/as2_core/include/as2_core/aerial_platform.hpp\n'}
[62.044470] (as2_core) StdoutLine: {'line': b'-- Symlinking: /home/developer/aerostack2_ws/install/as2_core/include/as2_core/as2_basic_behavior.hpp\n'}
[62.050417] (as2_core) StdoutLine: {'line': b'-- Symlinking: /home/developer/aerostack2_ws/install/as2_core/include/as2_core/core_functions.hpp\n'}
[62.054617] (as2_core) StdoutLine: {'line': b'-- Symlinking: /home/developer/aerostack2_ws/install/as2_core/include/as2_core/custom/cv_bridge.hpp\n'}
[62.061169] (as2_core) StdoutLine: {'line': b'-- Symlinking: /home/developer/aerostack2_ws/install/as2_core/include/as2_core/custom/cv_bridge.hpp.in\n'}
[62.064987] (-) TimerEvent: {}
[62.065958] (as2_core) StdoutLine: {'line': b'-- Symlinking: /home/developer/aerostack2_ws/install/as2_core/include/as2_core/custom/tf2_geometry_msgs.hpp\n'}
[62.071605] (as2_core) StdoutLine: {'line': b'-- Symlinking: /home/developer/aerostack2_ws/install/as2_core/include/as2_core/custom/tf2_geometry_msgs.hpp.in\n'}
[62.078172] (as2_core) StdoutLine: {'line': b'-- Symlinking: /home/developer/aerostack2_ws/install/as2_core/include/as2_core/names/actions.hpp\n'}
[62.084494] (as2_core) StdoutLine: {'line': b'-- Symlinking: /home/developer/aerostack2_ws/install/as2_core/include/as2_core/names/services.hpp\n'}
[62.089025] (as2_core) StdoutLine: {'line': b'-- Symlinking: /home/developer/aerostack2_ws/install/as2_core/include/as2_core/names/topics.hpp\n'}
[62.095351] (as2_core) StdoutLine: {'line': b'-- Symlinking: /home/developer/aerostack2_ws/install/as2_core/include/as2_core/node.hpp\n'}
[62.099814] (as2_core) StdoutLine: {'line': b'-- Symlinking: /home/developer/aerostack2_ws/install/as2_core/include/as2_core/platform_state_machine.hpp\n'}
[62.103757] (as2_core) StdoutLine: {'line': b'-- Symlinking: /home/developer/aerostack2_ws/install/as2_core/include/as2_core/rate.hpp\n'}
[62.107631] (as2_core) StdoutLine: {'line': b'-- Symlinking: /home/developer/aerostack2_ws/install/as2_core/include/as2_core/sensor.hpp\n'}
[62.112758] (as2_core) StdoutLine: {'line': b'-- Symlinking: /home/developer/aerostack2_ws/install/as2_core/include/as2_core/synchronous_service_client.hpp\n'}
[62.118744] (as2_core) StdoutLine: {'line': b'-- Symlinking: /home/developer/aerostack2_ws/install/as2_core/include/as2_core/utils/control_mode_utils.hpp\n'}
[62.124951] (as2_core) StdoutLine: {'line': b'-- Symlinking: /home/developer/aerostack2_ws/install/as2_core/include/as2_core/utils/frame_utils.hpp\n'}
[62.130995] (as2_core) StdoutLine: {'line': b'-- Symlinking: /home/developer/aerostack2_ws/install/as2_core/include/as2_core/utils/gps_utils.hpp\n'}
[62.134975] (as2_core) StdoutLine: {'line': b'-- Symlinking: /home/developer/aerostack2_ws/install/as2_core/include/as2_core/utils/tf_utils.hpp\n'}
[62.139822] (as2_core) StdoutLine: {'line': b'-- Symlinking: /home/developer/aerostack2_ws/install/as2_core/include/as2_core/utils/yaml_utils.hpp\n'}
[62.145695] (as2_core) StdoutLine: {'line': b'-- Symlinking: /home/developer/aerostack2_ws/install/as2_core/share/ament_index/resource_index/package_run_dependencies/as2_core\n'}
[62.151572] (as2_core) StdoutLine: {'line': b'-- Symlinking: /home/developer/aerostack2_ws/install/as2_core/share/ament_index/resource_index/parent_prefix_path/as2_core\n'}
[62.157817] (as2_core) StdoutLine: {'line': b'-- Symlinking: /home/developer/aerostack2_ws/install/as2_core/share/as2_core/environment/ament_prefix_path.sh\n'}
[62.163931] (as2_core) StdoutLine: {'line': b'-- Symlinking: /home/developer/aerostack2_ws/install/as2_core/share/as2_core/environment/ament_prefix_path.dsv\n'}
[62.165151] (-) TimerEvent: {}
[62.168396] (as2_core) StdoutLine: {'line': b'-- Symlinking: /home/developer/aerostack2_ws/install/as2_core/share/as2_core/environment/path.sh\n'}
[62.173220] (as2_core) StdoutLine: {'line': b'-- Symlinking: /home/developer/aerostack2_ws/install/as2_core/share/as2_core/environment/path.dsv\n'}
[62.179157] (as2_core) StdoutLine: {'line': b'-- Symlinking: /home/developer/aerostack2_ws/install/as2_core/share/as2_core/local_setup.bash\n'}
[62.185350] (as2_core) StdoutLine: {'line': b'-- Symlinking: /home/developer/aerostack2_ws/install/as2_core/share/as2_core/local_setup.sh\n'}
[62.189677] (as2_core) StdoutLine: {'line': b'-- Symlinking: /home/developer/aerostack2_ws/install/as2_core/share/as2_core/local_setup.zsh\n'}
[62.194965] (as2_core) StdoutLine: {'line': b'-- Symlinking: /home/developer/aerostack2_ws/install/as2_core/share/as2_core/local_setup.dsv\n'}
[62.199832] (as2_core) StdoutLine: {'line': b'-- Symlinking: /home/developer/aerostack2_ws/install/as2_core/share/as2_core/package.dsv\n'}
[62.205839] (as2_core) StdoutLine: {'line': b'-- Symlinking: /home/developer/aerostack2_ws/install/as2_core/share/ament_index/resource_index/packages/as2_core\n'}
[62.210499] (as2_core) StdoutLine: {'line': b'-- Symlinking: /home/developer/aerostack2_ws/install/as2_core/share/as2_core/cmake/yaml-cpp-extras.cmake\n'}
[62.215365] (as2_core) StdoutLine: {'line': b'-- Symlinking: /home/developer/aerostack2_ws/install/as2_core/share/as2_core/cmake/GeographicLib-extras.cmake\n'}
[62.220033] (as2_core) StdoutLine: {'line': b'-- Symlinking: /home/developer/aerostack2_ws/install/as2_core/share/as2_core/cmake/ament_cmake_export_targets-extras.cmake\n'}
[62.226124] (as2_core) StdoutLine: {'line': b'-- Symlinking: /home/developer/aerostack2_ws/install/as2_core/share/as2_core/cmake/ament_cmake_export_dependencies-extras.cmake\n'}
[62.231486] (as2_core) StdoutLine: {'line': b'-- Symlinking: /home/developer/aerostack2_ws/install/as2_core/share/as2_core/cmake/ament_cmake_export_include_directories-extras.cmake\n'}
[62.236026] (as2_core) StdoutLine: {'line': b'-- Symlinking: /home/developer/aerostack2_ws/install/as2_core/share/as2_core/cmake/ament_cmake_export_libraries-extras.cmake\n'}
[62.241152] (as2_core) StdoutLine: {'line': b'-- Symlinking: /home/developer/aerostack2_ws/install/as2_core/share/as2_core/cmake/as2_coreConfig.cmake\n'}
[62.246456] (as2_core) StdoutLine: {'line': b'-- Symlinking: /home/developer/aerostack2_ws/install/as2_core/share/as2_core/cmake/as2_coreConfig-version.cmake\n'}
[62.250867] (as2_core) StdoutLine: {'line': b'-- Symlinking: /home/developer/aerostack2_ws/install/as2_core/share/as2_core/package.xml\n'}
[62.265253] (-) TimerEvent: {}
[62.283423] (as2_core) StdoutLine: {'line': b"Listing '/home/developer/aerostack2_ws/install/as2_core/local/lib/python3.10/dist-packages/as2_core'...\n"}
[62.283512] (as2_core) StdoutLine: {'line': b"Compiling '/home/developer/aerostack2_ws/install/as2_core/local/lib/python3.10/dist-packages/as2_core/__init__.py'...\n"}
[62.283541] (as2_core) StdoutLine: {'line': b"Compiling '/home/developer/aerostack2_ws/install/as2_core/local/lib/python3.10/dist-packages/as2_core/declare_launch_arguments_from_config_file.py'...\n"}
[62.283569] (as2_core) StdoutLine: {'line': b"Compiling '/home/developer/aerostack2_ws/install/as2_core/local/lib/python3.10/dist-packages/as2_core/launch_configuration_from_config_file.py'...\n"}
[62.283592] (as2_core) StdoutLine: {'line': b"Compiling '/home/developer/aerostack2_ws/install/as2_core/local/lib/python3.10/dist-packages/as2_core/launch_param_utils.py'...\n"}
[62.283613] (as2_core) StdoutLine: {'line': b"Compiling '/home/developer/aerostack2_ws/install/as2_core/local/lib/python3.10/dist-packages/as2_core/launch_plugin_utils.py'...\n"}
[62.286267] (as2_core) StdoutLine: {'line': b'-- Installing: /home/developer/aerostack2_ws/install/as2_core/include/as2_core/mocks/\n'}
[62.286444] (as2_core) StdoutLine: {'line': b'-- Installing: /home/developer/aerostack2_ws/install/as2_core/include/as2_core/mocks//aerial_platform\n'}
[62.286487] (as2_core) StdoutLine: {'line': b'-- Installing: /home/developer/aerostack2_ws/install/as2_core/include/as2_core/mocks//aerial_platform/mock_aerial_platform.hpp\n'}
[62.286512] (as2_core) StdoutLine: {'line': b'-- Installing: /home/developer/aerostack2_ws/install/as2_core/include/as2_core/mocks//executor_thread_util\n'}
[62.286561] (as2_core) StdoutLine: {'line': b'-- Installing: /home/developer/aerostack2_ws/install/as2_core/include/as2_core/mocks//executor_thread_util/executor_thread_util.hpp\n'}
[62.286590] (as2_core) StdoutLine: {'line': b'-- Installing: /home/developer/aerostack2_ws/install/as2_core/lib/libas2_core.a\n'}
[62.289087] (as2_core) StdoutLine: {'line': b'-- Installing: /home/developer/aerostack2_ws/install/as2_core/lib/libmocks.so\n'}
[62.290513] (as2_core) StdoutLine: {'line': b'-- Set runtime path of "/home/developer/aerostack2_ws/install/as2_core/lib/libmocks.so" to ""\n'}
[62.290683] (as2_core) StdoutLine: {'line': b'-- Installing: /home/developer/aerostack2_ws/install/as2_core/share/as2_core/cmake/export_as2_coreExport.cmake\n'}
[62.290713] (as2_core) StdoutLine: {'line': b'-- Installing: /home/developer/aerostack2_ws/install/as2_core/share/as2_core/cmake/export_as2_coreExport-release.cmake\n'}
[62.292533] (as2_core) CommandEnded: {'returncode': 0}
[62.300789] (as2_core) JobEnded: {'identifier': 'as2_core', 'rc': 0}
[62.301086] (as2_behavior) JobStarted: {'identifier': 'as2_behavior'}
[62.302697] (as2_motion_reference_handlers) JobStarted: {'identifier': 'as2_motion_reference_handlers'}
[62.304463] (as2_gazebo_assets) JobStarted: {'identifier': 'as2_gazebo_assets'}
[62.306258] (as2_alphanumeric_viewer) JobStarted: {'identifier': 'as2_alphanumeric_viewer'}
[62.308339] (as2_behavior_tree) JobStarted: {'identifier': 'as2_behavior_tree'}
[62.310067] (as2_external_object_to_tf) JobStarted: {'identifier': 'as2_external_object_to_tf'}
[62.312066] (as2_geozones) JobStarted: {'identifier': 'as2_geozones'}
[62.313836] (as2_map_server) JobStarted: {'identifier': 'as2_map_server'}
[62.315479] (as2_platform_multirotor_simulator) JobStarted: {'identifier': 'as2_platform_multirotor_simulator'}
[62.317316] (as2_realsense_interface) JobStarted: {'identifier': 'as2_realsense_interface'}
[62.319229] (as2_state_estimator) JobStarted: {'identifier': 'as2_state_estimator'}
[62.321144] (as2_usb_camera_interface) JobStarted: {'identifier': 'as2_usb_camera_interface'}
[62.324350] (as2_behavior) JobProgress: {'identifier': 'as2_behavior', 'progress': 'cmake'}
[62.324522] (as2_behavior) Command: {'cmd': ['/usr/bin/cmake', '/home/developer/aerostack2_ws/src/aerostack2-tcc_lucca/as2_behaviors/as2_behavior', '-DAMENT_CMAKE_SYMLINK_INSTALL=1', '-DCMAKE_INSTALL_PREFIX=/home/developer/aerostack2_ws/install/as2_behavior'], 'cwd': '/home/developer/aerostack2_ws/build/as2_behavior', 'env': OrderedDict([('GZ_SIM_SYSTEM_PLUGIN_PATH', '/opt/ros/humble/lib'), ('GZ_SIM_RESOURCE_PATH', '/opt/ros/humble/share/as2_gazebo_assets/worlds:/opt/ros/humble/share/as2_gazebo_assets/models'), ('HOSTNAME', 'lead-Predator-PHN16-71'), ('SHLVL', '1'), ('LD_LIBRARY_PATH', '/home/developer/aerostack2_ws/install/as2_core/lib:/home/developer/aerostack2_ws/install/as2_msgs/lib:/opt/ros/humble/opt/rviz_ogre_vendor/lib:/opt/ros/humble/lib/x86_64-linux-gnu:/opt/ros/humble/lib'), ('HOME', '/home/developer'), ('ROS_PYTHON_VERSION', '3'), ('ROS_DISTRO', 'humble'), ('_', '/usr/bin/colcon'), ('ROS_VERSION', '2'), ('TERM', 'xterm'), ('ROS_LOCALHOST_ONLY', '0'), ('QT_X11_NO_MITSHM', '1'), ('PATH', '/opt/ros/humble/bin:/usr/local/sbin:/usr/local/bin:/usr/sbin:/usr/bin:/sbin:/bin'), ('DISPLAY', ':1'), ('LANG', 'C.UTF-8'), ('LS_COLORS', 'rs=0:di=01;34:ln=01;36:mh=00:pi=40;33:so=01;35:do=01;35:bd=40;33;01:cd=40;33;01:or=40;31;01:mi=00:su=37;41:sg=30;43:ca=30;41:tw=30;42:ow=34;42:st=37;44:ex=01;32:*.tar=01;31:*.tgz=01;31:*.arc=01;31:*.arj=01;31:*.taz=01;31:*.lha=01;31:*.lz4=01;31:*.lzh=01;31:*.lzma=01;31:*.tlz=01;31:*.txz=01;31:*.tzo=01;31:*.t7z=01;31:*.zip=01;31:*.z=01;31:*.dz=01;31:*.gz=01;31:*.lrz=01;31:*.lz=01;31:*.lzo=01;31:*.xz=01;31:*.zst=01;31:*.tzst=01;31:*.bz2=01;31:*.bz=01;31:*.tbz=01;31:*.tbz2=01;31:*.tz=01;31:*.deb=01;31:*.rpm=01;31:*.jar=01;31:*.war=01;31:*.ear=01;31:*.sar=01;31:*.rar=01;31:*.alz=01;31:*.ace=01;31:*.zoo=01;31:*.cpio=01;31:*.7z=01;31:*.rz=01;31:*.cab=01;31:*.wim=01;31:*.swm=01;31:*.dwm=01;31:*.esd=01;31:*.jpg=01;35:*.jpeg=01;35:*.mjpg=01;35:*.mjpeg=01;35:*.gif=01;35:*.bmp=01;35:*.pbm=01;35:*.pgm=01;35:*.ppm=01;35:*.tga=01;35:*.xbm=01;35:*.xpm=01;35:*.tif=01;35:*.tiff=01;35:*.png=01;35:*.svg=01;35:*.svgz=01;35:*.mng=01;35:*.pcx=01;35:*.mov=01;35:*.mpg=01;35:*.mpeg=01;35:*.m2v=01;35:*.mkv=01;35:*.webm=01;35:*.webp=01;35:*.ogm=01;35:*.mp4=01;35:*.m4v=01;35:*.mp4v=01;35:*.vob=01;35:*.qt=01;35:*.nuv=01;35:*.wmv=01;35:*.asf=01;35:*.rm=01;35:*.rmvb=01;35:*.flc=01;35:*.avi=01;35:*.fli=01;35:*.flv=01;35:*.gl=01;35:*.dl=01;35:*.xcf=01;35:*.xwd=01;35:*.yuv=01;35:*.cgm=01;35:*.emf=01;35:*.ogv=01;35:*.ogx=01;35:*.aac=00;36:*.au=00;36:*.flac=00;36:*.m4a=00;36:*.mid=00;36:*.midi=00;36:*.mka=00;36:*.mp3=00;36:*.mpc=00;36:*.ogg=00;36:*.ra=00;36:*.wav=00;36:*.oga=00;36:*.opus=00;36:*.spx=00;36:*.xspf=00;36:'), ('AMENT_PREFIX_PATH', '/home/developer/aerostack2_ws/install/as2_core:/home/developer/aerostack2_ws/install/as2_msgs:/opt/ros/humble'), ('GZ_VERSION', 'fortress'), ('PWD', '/home/developer/aerostack2_ws/build/as2_behavior'), ('LC_ALL', 'C.UTF-8'), ('PYTHONPATH', '/home/developer/aerostack2_ws/install/as2_core/local/lib/python3.10/dist-packages:/home/developer/aerostack2_ws/install/as2_msgs/local/lib/python3.10/dist-packages:/opt/ros/humble/lib/python3.10/site-packages:/opt/ros/humble/local/lib/python3.10/dist-packages'), ('COLCON', '1'), ('CMAKE_PREFIX_PATH', '/home/developer/aerostack2_ws/install/as2_core:/home/developer/aerostack2_ws/install/as2_msgs:/opt/ros/humble')]), 'shell': False}
[62.325201] (as2_motion_reference_handlers) JobProgress: {'identifier': 'as2_motion_reference_handlers', 'progress': 'cmake'}
[62.325451] (as2_motion_reference_handlers) Command: {'cmd': ['/usr/bin/cmake', '/home/developer/aerostack2_ws/src/aerostack2-tcc_lucca/as2_motion_reference_handlers', '-DAMENT_CMAKE_SYMLINK_INSTALL=1', '-DCMAKE_INSTALL_PREFIX=/home/developer/aerostack2_ws/install/as2_motion_reference_handlers'], 'cwd': '/home/developer/aerostack2_ws/build/as2_motion_reference_handlers', 'env': OrderedDict([('GZ_SIM_SYSTEM_PLUGIN_PATH', '/opt/ros/humble/lib'), ('GZ_SIM_RESOURCE_PATH', '/opt/ros/humble/share/as2_gazebo_assets/worlds:/opt/ros/humble/share/as2_gazebo_assets/models'), ('HOSTNAME', 'lead-Predator-PHN16-71'), ('SHLVL', '1'), ('LD_LIBRARY_PATH', '/home/developer/aerostack2_ws/install/as2_core/lib:/home/developer/aerostack2_ws/install/as2_msgs/lib:/opt/ros/humble/opt/rviz_ogre_vendor/lib:/opt/ros/humble/lib/x86_64-linux-gnu:/opt/ros/humble/lib'), ('HOME', '/home/developer'), ('ROS_PYTHON_VERSION', '3'), ('ROS_DISTRO', 'humble'), ('_', '/usr/bin/colcon'), ('ROS_VERSION', '2'), ('TERM', 'xterm'), ('ROS_LOCALHOST_ONLY', '0'), ('QT_X11_NO_MITSHM', '1'), ('PATH', '/opt/ros/humble/bin:/usr/local/sbin:/usr/local/bin:/usr/sbin:/usr/bin:/sbin:/bin'), ('DISPLAY', ':1'), ('LANG', 'C.UTF-8'), ('LS_COLORS', 'rs=0:di=01;34:ln=01;36:mh=00:pi=40;33:so=01;35:do=01;35:bd=40;33;01:cd=40;33;01:or=40;31;01:mi=00:su=37;41:sg=30;43:ca=30;41:tw=30;42:ow=34;42:st=37;44:ex=01;32:*.tar=01;31:*.tgz=01;31:*.arc=01;31:*.arj=01;31:*.taz=01;31:*.lha=01;31:*.lz4=01;31:*.lzh=01;31:*.lzma=01;31:*.tlz=01;31:*.txz=01;31:*.tzo=01;31:*.t7z=01;31:*.zip=01;31:*.z=01;31:*.dz=01;31:*.gz=01;31:*.lrz=01;31:*.lz=01;31:*.lzo=01;31:*.xz=01;31:*.zst=01;31:*.tzst=01;31:*.bz2=01;31:*.bz=01;31:*.tbz=01;31:*.tbz2=01;31:*.tz=01;31:*.deb=01;31:*.rpm=01;31:*.jar=01;31:*.war=01;31:*.ear=01;31:*.sar=01;31:*.rar=01;31:*.alz=01;31:*.ace=01;31:*.zoo=01;31:*.cpio=01;31:*.7z=01;31:*.rz=01;31:*.cab=01;31:*.wim=01;31:*.swm=01;31:*.dwm=01;31:*.esd=01;31:*.jpg=01;35:*.jpeg=01;35:*.mjpg=01;35:*.mjpeg=01;35:*.gif=01;35:*.bmp=01;35:*.pbm=01;35:*.pgm=01;35:*.ppm=01;35:*.tga=01;35:*.xbm=01;35:*.xpm=01;35:*.tif=01;35:*.tiff=01;35:*.png=01;35:*.svg=01;35:*.svgz=01;35:*.mng=01;35:*.pcx=01;35:*.mov=01;35:*.mpg=01;35:*.mpeg=01;35:*.m2v=01;35:*.mkv=01;35:*.webm=01;35:*.webp=01;35:*.ogm=01;35:*.mp4=01;35:*.m4v=01;35:*.mp4v=01;35:*.vob=01;35:*.qt=01;35:*.nuv=01;35:*.wmv=01;35:*.asf=01;35:*.rm=01;35:*.rmvb=01;35:*.flc=01;35:*.avi=01;35:*.fli=01;35:*.flv=01;35:*.gl=01;35:*.dl=01;35:*.xcf=01;35:*.xwd=01;35:*.yuv=01;35:*.cgm=01;35:*.emf=01;35:*.ogv=01;35:*.ogx=01;35:*.aac=00;36:*.au=00;36:*.flac=00;36:*.m4a=00;36:*.mid=00;36:*.midi=00;36:*.mka=00;36:*.mp3=00;36:*.mpc=00;36:*.ogg=00;36:*.ra=00;36:*.wav=00;36:*.oga=00;36:*.opus=00;36:*.spx=00;36:*.xspf=00;36:'), ('AMENT_PREFIX_PATH', '/home/developer/aerostack2_ws/install/as2_core:/home/developer/aerostack2_ws/install/as2_msgs:/opt/ros/humble'), ('GZ_VERSION', 'fortress'), ('PWD', '/home/developer/aerostack2_ws/build/as2_motion_reference_handlers'), ('LC_ALL', 'C.UTF-8'), ('PYTHONPATH', '/home/developer/aerostack2_ws/install/as2_core/local/lib/python3.10/dist-packages:/home/developer/aerostack2_ws/install/as2_msgs/local/lib/python3.10/dist-packages:/opt/ros/humble/lib/python3.10/site-packages:/opt/ros/humble/local/lib/python3.10/dist-packages'), ('COLCON', '1'), ('CMAKE_PREFIX_PATH', '/home/developer/aerostack2_ws/install/as2_core:/home/developer/aerostack2_ws/install/as2_msgs:/opt/ros/humble')]), 'shell': False}
[62.326025] (as2_gazebo_assets) JobProgress: {'identifier': 'as2_gazebo_assets', 'progress': 'cmake'}
[62.326212] (as2_gazebo_assets) Command: {'cmd': ['/usr/bin/cmake', '/home/developer/aerostack2_ws/src/aerostack2-tcc_lucca/as2_simulation_assets/as2_gazebo_assets', '-DAMENT_CMAKE_SYMLINK_INSTALL=1', '-DCMAKE_INSTALL_PREFIX=/home/developer/aerostack2_ws/install/as2_gazebo_assets'], 'cwd': '/home/developer/aerostack2_ws/build/as2_gazebo_assets', 'env': OrderedDict([('GZ_SIM_SYSTEM_PLUGIN_PATH', '/opt/ros/humble/lib'), ('GZ_SIM_RESOURCE_PATH', '/opt/ros/humble/share/as2_gazebo_assets/worlds:/opt/ros/humble/share/as2_gazebo_assets/models'), ('HOSTNAME', 'lead-Predator-PHN16-71'), ('SHLVL', '1'), ('LD_LIBRARY_PATH', '/home/developer/aerostack2_ws/install/as2_core/lib:/home/developer/aerostack2_ws/install/as2_msgs/lib:/opt/ros/humble/opt/rviz_ogre_vendor/lib:/opt/ros/humble/lib/x86_64-linux-gnu:/opt/ros/humble/lib'), ('HOME', '/home/developer'), ('ROS_PYTHON_VERSION', '3'), ('ROS_DISTRO', 'humble'), ('_', '/usr/bin/colcon'), ('ROS_VERSION', '2'), ('TERM', 'xterm'), ('ROS_LOCALHOST_ONLY', '0'), ('QT_X11_NO_MITSHM', '1'), ('PATH', '/opt/ros/humble/bin:/usr/local/sbin:/usr/local/bin:/usr/sbin:/usr/bin:/sbin:/bin'), ('DISPLAY', ':1'), ('LANG', 'C.UTF-8'), ('LS_COLORS', 'rs=0:di=01;34:ln=01;36:mh=00:pi=40;33:so=01;35:do=01;35:bd=40;33;01:cd=40;33;01:or=40;31;01:mi=00:su=37;41:sg=30;43:ca=30;41:tw=30;42:ow=34;42:st=37;44:ex=01;32:*.tar=01;31:*.tgz=01;31:*.arc=01;31:*.arj=01;31:*.taz=01;31:*.lha=01;31:*.lz4=01;31:*.lzh=01;31:*.lzma=01;31:*.tlz=01;31:*.txz=01;31:*.tzo=01;31:*.t7z=01;31:*.zip=01;31:*.z=01;31:*.dz=01;31:*.gz=01;31:*.lrz=01;31:*.lz=01;31:*.lzo=01;31:*.xz=01;31:*.zst=01;31:*.tzst=01;31:*.bz2=01;31:*.bz=01;31:*.tbz=01;31:*.tbz2=01;31:*.tz=01;31:*.deb=01;31:*.rpm=01;31:*.jar=01;31:*.war=01;31:*.ear=01;31:*.sar=01;31:*.rar=01;31:*.alz=01;31:*.ace=01;31:*.zoo=01;31:*.cpio=01;31:*.7z=01;31:*.rz=01;31:*.cab=01;31:*.wim=01;31:*.swm=01;31:*.dwm=01;31:*.esd=01;31:*.jpg=01;35:*.jpeg=01;35:*.mjpg=01;35:*.mjpeg=01;35:*.gif=01;35:*.bmp=01;35:*.pbm=01;35:*.pgm=01;35:*.ppm=01;35:*.tga=01;35:*.xbm=01;35:*.xpm=01;35:*.tif=01;35:*.tiff=01;35:*.png=01;35:*.svg=01;35:*.svgz=01;35:*.mng=01;35:*.pcx=01;35:*.mov=01;35:*.mpg=01;35:*.mpeg=01;35:*.m2v=01;35:*.mkv=01;35:*.webm=01;35:*.webp=01;35:*.ogm=01;35:*.mp4=01;35:*.m4v=01;35:*.mp4v=01;35:*.vob=01;35:*.qt=01;35:*.nuv=01;35:*.wmv=01;35:*.asf=01;35:*.rm=01;35:*.rmvb=01;35:*.flc=01;35:*.avi=01;35:*.fli=01;35:*.flv=01;35:*.gl=01;35:*.dl=01;35:*.xcf=01;35:*.xwd=01;35:*.yuv=01;35:*.cgm=01;35:*.emf=01;35:*.ogv=01;35:*.ogx=01;35:*.aac=00;36:*.au=00;36:*.flac=00;36:*.m4a=00;36:*.mid=00;36:*.midi=00;36:*.mka=00;36:*.mp3=00;36:*.mpc=00;36:*.ogg=00;36:*.ra=00;36:*.wav=00;36:*.oga=00;36:*.opus=00;36:*.spx=00;36:*.xspf=00;36:'), ('AMENT_PREFIX_PATH', '/home/developer/aerostack2_ws/install/as2_core:/home/developer/aerostack2_ws/install/as2_msgs:/opt/ros/humble'), ('GZ_VERSION', 'fortress'), ('PWD', '/home/developer/aerostack2_ws/build/as2_gazebo_assets'), ('LC_ALL', 'C.UTF-8'), ('PYTHONPATH', '/home/developer/aerostack2_ws/install/as2_core/local/lib/python3.10/dist-packages:/home/developer/aerostack2_ws/install/as2_msgs/local/lib/python3.10/dist-packages:/opt/ros/humble/lib/python3.10/site-packages:/opt/ros/humble/local/lib/python3.10/dist-packages'), ('COLCON', '1'), ('CMAKE_PREFIX_PATH', '/home/developer/aerostack2_ws/install/as2_core:/home/developer/aerostack2_ws/install/as2_msgs:/opt/ros/humble')]), 'shell': False}
[62.326736] (as2_alphanumeric_viewer) JobProgress: {'identifier': 'as2_alphanumeric_viewer', 'progress': 'cmake'}
[62.326951] (as2_alphanumeric_viewer) Command: {'cmd': ['/usr/bin/cmake', '/home/developer/aerostack2_ws/src/aerostack2-tcc_lucca/as2_user_interfaces/as2_alphanumeric_viewer', '-DAMENT_CMAKE_SYMLINK_INSTALL=1', '-DCMAKE_INSTALL_PREFIX=/home/developer/aerostack2_ws/install/as2_alphanumeric_viewer'], 'cwd': '/home/developer/aerostack2_ws/build/as2_alphanumeric_viewer', 'env': OrderedDict([('GZ_SIM_SYSTEM_PLUGIN_PATH', '/opt/ros/humble/lib'), ('GZ_SIM_RESOURCE_PATH', '/opt/ros/humble/share/as2_gazebo_assets/worlds:/opt/ros/humble/share/as2_gazebo_assets/models'), ('HOSTNAME', 'lead-Predator-PHN16-71'), ('SHLVL', '1'), ('LD_LIBRARY_PATH', '/home/developer/aerostack2_ws/install/as2_core/lib:/home/developer/aerostack2_ws/install/as2_msgs/lib:/opt/ros/humble/opt/rviz_ogre_vendor/lib:/opt/ros/humble/lib/x86_64-linux-gnu:/opt/ros/humble/lib'), ('HOME', '/home/developer'), ('ROS_PYTHON_VERSION', '3'), ('ROS_DISTRO', 'humble'), ('_', '/usr/bin/colcon'), ('ROS_VERSION', '2'), ('TERM', 'xterm'), ('ROS_LOCALHOST_ONLY', '0'), ('QT_X11_NO_MITSHM', '1'), ('PATH', '/opt/ros/humble/bin:/usr/local/sbin:/usr/local/bin:/usr/sbin:/usr/bin:/sbin:/bin'), ('DISPLAY', ':1'), ('LANG', 'C.UTF-8'), ('LS_COLORS', 'rs=0:di=01;34:ln=01;36:mh=00:pi=40;33:so=01;35:do=01;35:bd=40;33;01:cd=40;33;01:or=40;31;01:mi=00:su=37;41:sg=30;43:ca=30;41:tw=30;42:ow=34;42:st=37;44:ex=01;32:*.tar=01;31:*.tgz=01;31:*.arc=01;31:*.arj=01;31:*.taz=01;31:*.lha=01;31:*.lz4=01;31:*.lzh=01;31:*.lzma=01;31:*.tlz=01;31:*.txz=01;31:*.tzo=01;31:*.t7z=01;31:*.zip=01;31:*.z=01;31:*.dz=01;31:*.gz=01;31:*.lrz=01;31:*.lz=01;31:*.lzo=01;31:*.xz=01;31:*.zst=01;31:*.tzst=01;31:*.bz2=01;31:*.bz=01;31:*.tbz=01;31:*.tbz2=01;31:*.tz=01;31:*.deb=01;31:*.rpm=01;31:*.jar=01;31:*.war=01;31:*.ear=01;31:*.sar=01;31:*.rar=01;31:*.alz=01;31:*.ace=01;31:*.zoo=01;31:*.cpio=01;31:*.7z=01;31:*.rz=01;31:*.cab=01;31:*.wim=01;31:*.swm=01;31:*.dwm=01;31:*.esd=01;31:*.jpg=01;35:*.jpeg=01;35:*.mjpg=01;35:*.mjpeg=01;35:*.gif=01;35:*.bmp=01;35:*.pbm=01;35:*.pgm=01;35:*.ppm=01;35:*.tga=01;35:*.xbm=01;35:*.xpm=01;35:*.tif=01;35:*.tiff=01;35:*.png=01;35:*.svg=01;35:*.svgz=01;35:*.mng=01;35:*.pcx=01;35:*.mov=01;35:*.mpg=01;35:*.mpeg=01;35:*.m2v=01;35:*.mkv=01;35:*.webm=01;35:*.webp=01;35:*.ogm=01;35:*.mp4=01;35:*.m4v=01;35:*.mp4v=01;35:*.vob=01;35:*.qt=01;35:*.nuv=01;35:*.wmv=01;35:*.asf=01;35:*.rm=01;35:*.rmvb=01;35:*.flc=01;35:*.avi=01;35:*.fli=01;35:*.flv=01;35:*.gl=01;35:*.dl=01;35:*.xcf=01;35:*.xwd=01;35:*.yuv=01;35:*.cgm=01;35:*.emf=01;35:*.ogv=01;35:*.ogx=01;35:*.aac=00;36:*.au=00;36:*.flac=00;36:*.m4a=00;36:*.mid=00;36:*.midi=00;36:*.mka=00;36:*.mp3=00;36:*.mpc=00;36:*.ogg=00;36:*.ra=00;36:*.wav=00;36:*.oga=00;36:*.opus=00;36:*.spx=00;36:*.xspf=00;36:'), ('AMENT_PREFIX_PATH', '/home/developer/aerostack2_ws/install/as2_core:/home/developer/aerostack2_ws/install/as2_msgs:/opt/ros/humble'), ('GZ_VERSION', 'fortress'), ('PWD', '/home/developer/aerostack2_ws/build/as2_alphanumeric_viewer'), ('LC_ALL', 'C.UTF-8'), ('PYTHONPATH', '/home/developer/aerostack2_ws/install/as2_core/local/lib/python3.10/dist-packages:/home/developer/aerostack2_ws/install/as2_msgs/local/lib/python3.10/dist-packages:/opt/ros/humble/lib/python3.10/site-packages:/opt/ros/humble/local/lib/python3.10/dist-packages'), ('COLCON', '1'), ('CMAKE_PREFIX_PATH', '/home/developer/aerostack2_ws/install/as2_core:/home/developer/aerostack2_ws/install/as2_msgs:/opt/ros/humble')]), 'shell': False}
[62.327555] (as2_behavior_tree) JobProgress: {'identifier': 'as2_behavior_tree', 'progress': 'cmake'}
[62.327730] (as2_behavior_tree) Command: {'cmd': ['/usr/bin/cmake', '/home/developer/aerostack2_ws/src/aerostack2-tcc_lucca/as2_behavior_tree', '-DAMENT_CMAKE_SYMLINK_INSTALL=1', '-DCMAKE_INSTALL_PREFIX=/home/developer/aerostack2_ws/install/as2_behavior_tree'], 'cwd': '/home/developer/aerostack2_ws/build/as2_behavior_tree', 'env': OrderedDict([('GZ_SIM_SYSTEM_PLUGIN_PATH', '/opt/ros/humble/lib'), ('GZ_SIM_RESOURCE_PATH', '/opt/ros/humble/share/as2_gazebo_assets/worlds:/opt/ros/humble/share/as2_gazebo_assets/models'), ('HOSTNAME', 'lead-Predator-PHN16-71'), ('SHLVL', '1'), ('LD_LIBRARY_PATH', '/home/developer/aerostack2_ws/install/as2_core/lib:/home/developer/aerostack2_ws/install/as2_msgs/lib:/opt/ros/humble/opt/rviz_ogre_vendor/lib:/opt/ros/humble/lib/x86_64-linux-gnu:/opt/ros/humble/lib'), ('HOME', '/home/developer'), ('ROS_PYTHON_VERSION', '3'), ('ROS_DISTRO', 'humble'), ('_', '/usr/bin/colcon'), ('ROS_VERSION', '2'), ('TERM', 'xterm'), ('ROS_LOCALHOST_ONLY', '0'), ('QT_X11_NO_MITSHM', '1'), ('PATH', '/opt/ros/humble/bin:/usr/local/sbin:/usr/local/bin:/usr/sbin:/usr/bin:/sbin:/bin'), ('DISPLAY', ':1'), ('LANG', 'C.UTF-8'), ('LS_COLORS', 'rs=0:di=01;34:ln=01;36:mh=00:pi=40;33:so=01;35:do=01;35:bd=40;33;01:cd=40;33;01:or=40;31;01:mi=00:su=37;41:sg=30;43:ca=30;41:tw=30;42:ow=34;42:st=37;44:ex=01;32:*.tar=01;31:*.tgz=01;31:*.arc=01;31:*.arj=01;31:*.taz=01;31:*.lha=01;31:*.lz4=01;31:*.lzh=01;31:*.lzma=01;31:*.tlz=01;31:*.txz=01;31:*.tzo=01;31:*.t7z=01;31:*.zip=01;31:*.z=01;31:*.dz=01;31:*.gz=01;31:*.lrz=01;31:*.lz=01;31:*.lzo=01;31:*.xz=01;31:*.zst=01;31:*.tzst=01;31:*.bz2=01;31:*.bz=01;31:*.tbz=01;31:*.tbz2=01;31:*.tz=01;31:*.deb=01;31:*.rpm=01;31:*.jar=01;31:*.war=01;31:*.ear=01;31:*.sar=01;31:*.rar=01;31:*.alz=01;31:*.ace=01;31:*.zoo=01;31:*.cpio=01;31:*.7z=01;31:*.rz=01;31:*.cab=01;31:*.wim=01;31:*.swm=01;31:*.dwm=01;31:*.esd=01;31:*.jpg=01;35:*.jpeg=01;35:*.mjpg=01;35:*.mjpeg=01;35:*.gif=01;35:*.bmp=01;35:*.pbm=01;35:*.pgm=01;35:*.ppm=01;35:*.tga=01;35:*.xbm=01;35:*.xpm=01;35:*.tif=01;35:*.tiff=01;35:*.png=01;35:*.svg=01;35:*.svgz=01;35:*.mng=01;35:*.pcx=01;35:*.mov=01;35:*.mpg=01;35:*.mpeg=01;35:*.m2v=01;35:*.mkv=01;35:*.webm=01;35:*.webp=01;35:*.ogm=01;35:*.mp4=01;35:*.m4v=01;35:*.mp4v=01;35:*.vob=01;35:*.qt=01;35:*.nuv=01;35:*.wmv=01;35:*.asf=01;35:*.rm=01;35:*.rmvb=01;35:*.flc=01;35:*.avi=01;35:*.fli=01;35:*.flv=01;35:*.gl=01;35:*.dl=01;35:*.xcf=01;35:*.xwd=01;35:*.yuv=01;35:*.cgm=01;35:*.emf=01;35:*.ogv=01;35:*.ogx=01;35:*.aac=00;36:*.au=00;36:*.flac=00;36:*.m4a=00;36:*.mid=00;36:*.midi=00;36:*.mka=00;36:*.mp3=00;36:*.mpc=00;36:*.ogg=00;36:*.ra=00;36:*.wav=00;36:*.oga=00;36:*.opus=00;36:*.spx=00;36:*.xspf=00;36:'), ('AMENT_PREFIX_PATH', '/home/developer/aerostack2_ws/install/as2_core:/home/developer/aerostack2_ws/install/as2_msgs:/opt/ros/humble'), ('GZ_VERSION', 'fortress'), ('PWD', '/home/developer/aerostack2_ws/build/as2_behavior_tree'), ('LC_ALL', 'C.UTF-8'), ('PYTHONPATH', '/home/developer/aerostack2_ws/install/as2_core/local/lib/python3.10/dist-packages:/home/developer/aerostack2_ws/install/as2_msgs/local/lib/python3.10/dist-packages:/opt/ros/humble/lib/python3.10/site-packages:/opt/ros/humble/local/lib/python3.10/dist-packages'), ('COLCON', '1'), ('CMAKE_PREFIX_PATH', '/home/developer/aerostack2_ws/install/as2_core:/home/developer/aerostack2_ws/install/as2_msgs:/opt/ros/humble')]), 'shell': False}
[62.328486] (as2_external_object_to_tf) JobProgress: {'identifier': 'as2_external_object_to_tf', 'progress': 'cmake'}
[62.328592] (as2_external_object_to_tf) Command: {'cmd': ['/usr/bin/cmake', '/home/developer/aerostack2_ws/src/aerostack2-tcc_lucca/as2_utilities/as2_external_object_to_tf', '-DAMENT_CMAKE_SYMLINK_INSTALL=1', '-DCMAKE_INSTALL_PREFIX=/home/developer/aerostack2_ws/install/as2_external_object_to_tf'], 'cwd': '/home/developer/aerostack2_ws/build/as2_external_object_to_tf', 'env': OrderedDict([('GZ_SIM_SYSTEM_PLUGIN_PATH', '/opt/ros/humble/lib'), ('GZ_SIM_RESOURCE_PATH', '/opt/ros/humble/share/as2_gazebo_assets/worlds:/opt/ros/humble/share/as2_gazebo_assets/models'), ('HOSTNAME', 'lead-Predator-PHN16-71'), ('SHLVL', '1'), ('LD_LIBRARY_PATH', '/home/developer/aerostack2_ws/install/as2_core/lib:/home/developer/aerostack2_ws/install/as2_msgs/lib:/opt/ros/humble/opt/rviz_ogre_vendor/lib:/opt/ros/humble/lib/x86_64-linux-gnu:/opt/ros/humble/lib'), ('HOME', '/home/developer'), ('ROS_PYTHON_VERSION', '3'), ('ROS_DISTRO', 'humble'), ('_', '/usr/bin/colcon'), ('ROS_VERSION', '2'), ('TERM', 'xterm'), ('ROS_LOCALHOST_ONLY', '0'), ('QT_X11_NO_MITSHM', '1'), ('PATH', '/opt/ros/humble/bin:/usr/local/sbin:/usr/local/bin:/usr/sbin:/usr/bin:/sbin:/bin'), ('DISPLAY', ':1'), ('LANG', 'C.UTF-8'), ('LS_COLORS', 'rs=0:di=01;34:ln=01;36:mh=00:pi=40;33:so=01;35:do=01;35:bd=40;33;01:cd=40;33;01:or=40;31;01:mi=00:su=37;41:sg=30;43:ca=30;41:tw=30;42:ow=34;42:st=37;44:ex=01;32:*.tar=01;31:*.tgz=01;31:*.arc=01;31:*.arj=01;31:*.taz=01;31:*.lha=01;31:*.lz4=01;31:*.lzh=01;31:*.lzma=01;31:*.tlz=01;31:*.txz=01;31:*.tzo=01;31:*.t7z=01;31:*.zip=01;31:*.z=01;31:*.dz=01;31:*.gz=01;31:*.lrz=01;31:*.lz=01;31:*.lzo=01;31:*.xz=01;31:*.zst=01;31:*.tzst=01;31:*.bz2=01;31:*.bz=01;31:*.tbz=01;31:*.tbz2=01;31:*.tz=01;31:*.deb=01;31:*.rpm=01;31:*.jar=01;31:*.war=01;31:*.ear=01;31:*.sar=01;31:*.rar=01;31:*.alz=01;31:*.ace=01;31:*.zoo=01;31:*.cpio=01;31:*.7z=01;31:*.rz=01;31:*.cab=01;31:*.wim=01;31:*.swm=01;31:*.dwm=01;31:*.esd=01;31:*.jpg=01;35:*.jpeg=01;35:*.mjpg=01;35:*.mjpeg=01;35:*.gif=01;35:*.bmp=01;35:*.pbm=01;35:*.pgm=01;35:*.ppm=01;35:*.tga=01;35:*.xbm=01;35:*.xpm=01;35:*.tif=01;35:*.tiff=01;35:*.png=01;35:*.svg=01;35:*.svgz=01;35:*.mng=01;35:*.pcx=01;35:*.mov=01;35:*.mpg=01;35:*.mpeg=01;35:*.m2v=01;35:*.mkv=01;35:*.webm=01;35:*.webp=01;35:*.ogm=01;35:*.mp4=01;35:*.m4v=01;35:*.mp4v=01;35:*.vob=01;35:*.qt=01;35:*.nuv=01;35:*.wmv=01;35:*.asf=01;35:*.rm=01;35:*.rmvb=01;35:*.flc=01;35:*.avi=01;35:*.fli=01;35:*.flv=01;35:*.gl=01;35:*.dl=01;35:*.xcf=01;35:*.xwd=01;35:*.yuv=01;35:*.cgm=01;35:*.emf=01;35:*.ogv=01;35:*.ogx=01;35:*.aac=00;36:*.au=00;36:*.flac=00;36:*.m4a=00;36:*.mid=00;36:*.midi=00;36:*.mka=00;36:*.mp3=00;36:*.mpc=00;36:*.ogg=00;36:*.ra=00;36:*.wav=00;36:*.oga=00;36:*.opus=00;36:*.spx=00;36:*.xspf=00;36:'), ('AMENT_PREFIX_PATH', '/home/developer/aerostack2_ws/install/as2_core:/home/developer/aerostack2_ws/install/as2_msgs:/opt/ros/humble'), ('GZ_VERSION', 'fortress'), ('PWD', '/home/developer/aerostack2_ws/build/as2_external_object_to_tf'), ('LC_ALL', 'C.UTF-8'), ('PYTHONPATH', '/home/developer/aerostack2_ws/install/as2_core/local/lib/python3.10/dist-packages:/home/developer/aerostack2_ws/install/as2_msgs/local/lib/python3.10/dist-packages:/opt/ros/humble/lib/python3.10/site-packages:/opt/ros/humble/local/lib/python3.10/dist-packages'), ('COLCON', '1'), ('CMAKE_PREFIX_PATH', '/home/developer/aerostack2_ws/install/as2_core:/home/developer/aerostack2_ws/install/as2_msgs:/opt/ros/humble')]), 'shell': False}
[62.329261] (as2_geozones) JobProgress: {'identifier': 'as2_geozones', 'progress': 'cmake'}
[62.329495] (as2_geozones) Command: {'cmd': ['/usr/bin/cmake', '/home/developer/aerostack2_ws/src/aerostack2-tcc_lucca/as2_utilities/as2_geozones', '-DAMENT_CMAKE_SYMLINK_INSTALL=1', '-DCMAKE_INSTALL_PREFIX=/home/developer/aerostack2_ws/install/as2_geozones'], 'cwd': '/home/developer/aerostack2_ws/build/as2_geozones', 'env': OrderedDict([('GZ_SIM_SYSTEM_PLUGIN_PATH', '/opt/ros/humble/lib'), ('GZ_SIM_RESOURCE_PATH', '/opt/ros/humble/share/as2_gazebo_assets/worlds:/opt/ros/humble/share/as2_gazebo_assets/models'), ('HOSTNAME', 'lead-Predator-PHN16-71'), ('SHLVL', '1'), ('LD_LIBRARY_PATH', '/home/developer/aerostack2_ws/install/as2_core/lib:/home/developer/aerostack2_ws/install/as2_msgs/lib:/opt/ros/humble/opt/rviz_ogre_vendor/lib:/opt/ros/humble/lib/x86_64-linux-gnu:/opt/ros/humble/lib'), ('HOME', '/home/developer'), ('ROS_PYTHON_VERSION', '3'), ('ROS_DISTRO', 'humble'), ('_', '/usr/bin/colcon'), ('ROS_VERSION', '2'), ('TERM', 'xterm'), ('ROS_LOCALHOST_ONLY', '0'), ('QT_X11_NO_MITSHM', '1'), ('PATH', '/opt/ros/humble/bin:/usr/local/sbin:/usr/local/bin:/usr/sbin:/usr/bin:/sbin:/bin'), ('DISPLAY', ':1'), ('LANG', 'C.UTF-8'), ('LS_COLORS', 'rs=0:di=01;34:ln=01;36:mh=00:pi=40;33:so=01;35:do=01;35:bd=40;33;01:cd=40;33;01:or=40;31;01:mi=00:su=37;41:sg=30;43:ca=30;41:tw=30;42:ow=34;42:st=37;44:ex=01;32:*.tar=01;31:*.tgz=01;31:*.arc=01;31:*.arj=01;31:*.taz=01;31:*.lha=01;31:*.lz4=01;31:*.lzh=01;31:*.lzma=01;31:*.tlz=01;31:*.txz=01;31:*.tzo=01;31:*.t7z=01;31:*.zip=01;31:*.z=01;31:*.dz=01;31:*.gz=01;31:*.lrz=01;31:*.lz=01;31:*.lzo=01;31:*.xz=01;31:*.zst=01;31:*.tzst=01;31:*.bz2=01;31:*.bz=01;31:*.tbz=01;31:*.tbz2=01;31:*.tz=01;31:*.deb=01;31:*.rpm=01;31:*.jar=01;31:*.war=01;31:*.ear=01;31:*.sar=01;31:*.rar=01;31:*.alz=01;31:*.ace=01;31:*.zoo=01;31:*.cpio=01;31:*.7z=01;31:*.rz=01;31:*.cab=01;31:*.wim=01;31:*.swm=01;31:*.dwm=01;31:*.esd=01;31:*.jpg=01;35:*.jpeg=01;35:*.mjpg=01;35:*.mjpeg=01;35:*.gif=01;35:*.bmp=01;35:*.pbm=01;35:*.pgm=01;35:*.ppm=01;35:*.tga=01;35:*.xbm=01;35:*.xpm=01;35:*.tif=01;35:*.tiff=01;35:*.png=01;35:*.svg=01;35:*.svgz=01;35:*.mng=01;35:*.pcx=01;35:*.mov=01;35:*.mpg=01;35:*.mpeg=01;35:*.m2v=01;35:*.mkv=01;35:*.webm=01;35:*.webp=01;35:*.ogm=01;35:*.mp4=01;35:*.m4v=01;35:*.mp4v=01;35:*.vob=01;35:*.qt=01;35:*.nuv=01;35:*.wmv=01;35:*.asf=01;35:*.rm=01;35:*.rmvb=01;35:*.flc=01;35:*.avi=01;35:*.fli=01;35:*.flv=01;35:*.gl=01;35:*.dl=01;35:*.xcf=01;35:*.xwd=01;35:*.yuv=01;35:*.cgm=01;35:*.emf=01;35:*.ogv=01;35:*.ogx=01;35:*.aac=00;36:*.au=00;36:*.flac=00;36:*.m4a=00;36:*.mid=00;36:*.midi=00;36:*.mka=00;36:*.mp3=00;36:*.mpc=00;36:*.ogg=00;36:*.ra=00;36:*.wav=00;36:*.oga=00;36:*.opus=00;36:*.spx=00;36:*.xspf=00;36:'), ('AMENT_PREFIX_PATH', '/home/developer/aerostack2_ws/install/as2_core:/home/developer/aerostack2_ws/install/as2_msgs:/opt/ros/humble'), ('GZ_VERSION', 'fortress'), ('PWD', '/home/developer/aerostack2_ws/build/as2_geozones'), ('LC_ALL', 'C.UTF-8'), ('PYTHONPATH', '/home/developer/aerostack2_ws/install/as2_core/local/lib/python3.10/dist-packages:/home/developer/aerostack2_ws/install/as2_msgs/local/lib/python3.10/dist-packages:/opt/ros/humble/lib/python3.10/site-packages:/opt/ros/humble/local/lib/python3.10/dist-packages'), ('COLCON', '1'), ('CMAKE_PREFIX_PATH', '/home/developer/aerostack2_ws/install/as2_core:/home/developer/aerostack2_ws/install/as2_msgs:/opt/ros/humble')]), 'shell': False}
[62.330531] (as2_map_server) JobProgress: {'identifier': 'as2_map_server', 'progress': 'cmake'}
[62.330687] (as2_map_server) Command: {'cmd': ['/usr/bin/cmake', '/home/developer/aerostack2_ws/src/aerostack2-tcc_lucca/as2_map_server', '-DAMENT_CMAKE_SYMLINK_INSTALL=1', '-DCMAKE_INSTALL_PREFIX=/home/developer/aerostack2_ws/install/as2_map_server'], 'cwd': '/home/developer/aerostack2_ws/build/as2_map_server', 'env': OrderedDict([('GZ_SIM_SYSTEM_PLUGIN_PATH', '/opt/ros/humble/lib'), ('GZ_SIM_RESOURCE_PATH', '/opt/ros/humble/share/as2_gazebo_assets/worlds:/opt/ros/humble/share/as2_gazebo_assets/models'), ('HOSTNAME', 'lead-Predator-PHN16-71'), ('SHLVL', '1'), ('LD_LIBRARY_PATH', '/home/developer/aerostack2_ws/install/as2_core/lib:/home/developer/aerostack2_ws/install/as2_msgs/lib:/opt/ros/humble/opt/rviz_ogre_vendor/lib:/opt/ros/humble/lib/x86_64-linux-gnu:/opt/ros/humble/lib'), ('HOME', '/home/developer'), ('ROS_PYTHON_VERSION', '3'), ('ROS_DISTRO', 'humble'), ('_', '/usr/bin/colcon'), ('ROS_VERSION', '2'), ('TERM', 'xterm'), ('ROS_LOCALHOST_ONLY', '0'), ('QT_X11_NO_MITSHM', '1'), ('PATH', '/opt/ros/humble/bin:/usr/local/sbin:/usr/local/bin:/usr/sbin:/usr/bin:/sbin:/bin'), ('DISPLAY', ':1'), ('LANG', 'C.UTF-8'), ('LS_COLORS', 'rs=0:di=01;34:ln=01;36:mh=00:pi=40;33:so=01;35:do=01;35:bd=40;33;01:cd=40;33;01:or=40;31;01:mi=00:su=37;41:sg=30;43:ca=30;41:tw=30;42:ow=34;42:st=37;44:ex=01;32:*.tar=01;31:*.tgz=01;31:*.arc=01;31:*.arj=01;31:*.taz=01;31:*.lha=01;31:*.lz4=01;31:*.lzh=01;31:*.lzma=01;31:*.tlz=01;31:*.txz=01;31:*.tzo=01;31:*.t7z=01;31:*.zip=01;31:*.z=01;31:*.dz=01;31:*.gz=01;31:*.lrz=01;31:*.lz=01;31:*.lzo=01;31:*.xz=01;31:*.zst=01;31:*.tzst=01;31:*.bz2=01;31:*.bz=01;31:*.tbz=01;31:*.tbz2=01;31:*.tz=01;31:*.deb=01;31:*.rpm=01;31:*.jar=01;31:*.war=01;31:*.ear=01;31:*.sar=01;31:*.rar=01;31:*.alz=01;31:*.ace=01;31:*.zoo=01;31:*.cpio=01;31:*.7z=01;31:*.rz=01;31:*.cab=01;31:*.wim=01;31:*.swm=01;31:*.dwm=01;31:*.esd=01;31:*.jpg=01;35:*.jpeg=01;35:*.mjpg=01;35:*.mjpeg=01;35:*.gif=01;35:*.bmp=01;35:*.pbm=01;35:*.pgm=01;35:*.ppm=01;35:*.tga=01;35:*.xbm=01;35:*.xpm=01;35:*.tif=01;35:*.tiff=01;35:*.png=01;35:*.svg=01;35:*.svgz=01;35:*.mng=01;35:*.pcx=01;35:*.mov=01;35:*.mpg=01;35:*.mpeg=01;35:*.m2v=01;35:*.mkv=01;35:*.webm=01;35:*.webp=01;35:*.ogm=01;35:*.mp4=01;35:*.m4v=01;35:*.mp4v=01;35:*.vob=01;35:*.qt=01;35:*.nuv=01;35:*.wmv=01;35:*.asf=01;35:*.rm=01;35:*.rmvb=01;35:*.flc=01;35:*.avi=01;35:*.fli=01;35:*.flv=01;35:*.gl=01;35:*.dl=01;35:*.xcf=01;35:*.xwd=01;35:*.yuv=01;35:*.cgm=01;35:*.emf=01;35:*.ogv=01;35:*.ogx=01;35:*.aac=00;36:*.au=00;36:*.flac=00;36:*.m4a=00;36:*.mid=00;36:*.midi=00;36:*.mka=00;36:*.mp3=00;36:*.mpc=00;36:*.ogg=00;36:*.ra=00;36:*.wav=00;36:*.oga=00;36:*.opus=00;36:*.spx=00;36:*.xspf=00;36:'), ('AMENT_PREFIX_PATH', '/home/developer/aerostack2_ws/install/as2_core:/home/developer/aerostack2_ws/install/as2_msgs:/opt/ros/humble'), ('GZ_VERSION', 'fortress'), ('PWD', '/home/developer/aerostack2_ws/build/as2_map_server'), ('LC_ALL', 'C.UTF-8'), ('PYTHONPATH', '/home/developer/aerostack2_ws/install/as2_core/local/lib/python3.10/dist-packages:/home/developer/aerostack2_ws/install/as2_msgs/local/lib/python3.10/dist-packages:/opt/ros/humble/lib/python3.10/site-packages:/opt/ros/humble/local/lib/python3.10/dist-packages'), ('COLCON', '1'), ('CMAKE_PREFIX_PATH', '/home/developer/aerostack2_ws/install/as2_core:/home/developer/aerostack2_ws/install/as2_msgs:/opt/ros/humble')]), 'shell': False}
[62.331568] (as2_platform_multirotor_simulator) JobProgress: {'identifier': 'as2_platform_multirotor_simulator', 'progress': 'cmake'}
[62.331804] (as2_platform_multirotor_simulator) Command: {'cmd': ['/usr/bin/cmake', '/home/developer/aerostack2_ws/src/aerostack2-tcc_lucca/as2_aerial_platforms/as2_platform_multirotor_simulator', '-DAMENT_CMAKE_SYMLINK_INSTALL=1', '-DCMAKE_INSTALL_PREFIX=/home/developer/aerostack2_ws/install/as2_platform_multirotor_simulator'], 'cwd': '/home/developer/aerostack2_ws/build/as2_platform_multirotor_simulator', 'env': OrderedDict([('GZ_SIM_SYSTEM_PLUGIN_PATH', '/opt/ros/humble/lib'), ('GZ_SIM_RESOURCE_PATH', '/opt/ros/humble/share/as2_gazebo_assets/worlds:/opt/ros/humble/share/as2_gazebo_assets/models'), ('HOSTNAME', 'lead-Predator-PHN16-71'), ('SHLVL', '1'), ('LD_LIBRARY_PATH', '/home/developer/aerostack2_ws/install/as2_core/lib:/home/developer/aerostack2_ws/install/as2_msgs/lib:/opt/ros/humble/opt/rviz_ogre_vendor/lib:/opt/ros/humble/lib/x86_64-linux-gnu:/opt/ros/humble/lib'), ('HOME', '/home/developer'), ('ROS_PYTHON_VERSION', '3'), ('ROS_DISTRO', 'humble'), ('_', '/usr/bin/colcon'), ('ROS_VERSION', '2'), ('TERM', 'xterm'), ('ROS_LOCALHOST_ONLY', '0'), ('QT_X11_NO_MITSHM', '1'), ('PATH', '/opt/ros/humble/bin:/usr/local/sbin:/usr/local/bin:/usr/sbin:/usr/bin:/sbin:/bin'), ('DISPLAY', ':1'), ('LANG', 'C.UTF-8'), ('LS_COLORS', 'rs=0:di=01;34:ln=01;36:mh=00:pi=40;33:so=01;35:do=01;35:bd=40;33;01:cd=40;33;01:or=40;31;01:mi=00:su=37;41:sg=30;43:ca=30;41:tw=30;42:ow=34;42:st=37;44:ex=01;32:*.tar=01;31:*.tgz=01;31:*.arc=01;31:*.arj=01;31:*.taz=01;31:*.lha=01;31:*.lz4=01;31:*.lzh=01;31:*.lzma=01;31:*.tlz=01;31:*.txz=01;31:*.tzo=01;31:*.t7z=01;31:*.zip=01;31:*.z=01;31:*.dz=01;31:*.gz=01;31:*.lrz=01;31:*.lz=01;31:*.lzo=01;31:*.xz=01;31:*.zst=01;31:*.tzst=01;31:*.bz2=01;31:*.bz=01;31:*.tbz=01;31:*.tbz2=01;31:*.tz=01;31:*.deb=01;31:*.rpm=01;31:*.jar=01;31:*.war=01;31:*.ear=01;31:*.sar=01;31:*.rar=01;31:*.alz=01;31:*.ace=01;31:*.zoo=01;31:*.cpio=01;31:*.7z=01;31:*.rz=01;31:*.cab=01;31:*.wim=01;31:*.swm=01;31:*.dwm=01;31:*.esd=01;31:*.jpg=01;35:*.jpeg=01;35:*.mjpg=01;35:*.mjpeg=01;35:*.gif=01;35:*.bmp=01;35:*.pbm=01;35:*.pgm=01;35:*.ppm=01;35:*.tga=01;35:*.xbm=01;35:*.xpm=01;35:*.tif=01;35:*.tiff=01;35:*.png=01;35:*.svg=01;35:*.svgz=01;35:*.mng=01;35:*.pcx=01;35:*.mov=01;35:*.mpg=01;35:*.mpeg=01;35:*.m2v=01;35:*.mkv=01;35:*.webm=01;35:*.webp=01;35:*.ogm=01;35:*.mp4=01;35:*.m4v=01;35:*.mp4v=01;35:*.vob=01;35:*.qt=01;35:*.nuv=01;35:*.wmv=01;35:*.asf=01;35:*.rm=01;35:*.rmvb=01;35:*.flc=01;35:*.avi=01;35:*.fli=01;35:*.flv=01;35:*.gl=01;35:*.dl=01;35:*.xcf=01;35:*.xwd=01;35:*.yuv=01;35:*.cgm=01;35:*.emf=01;35:*.ogv=01;35:*.ogx=01;35:*.aac=00;36:*.au=00;36:*.flac=00;36:*.m4a=00;36:*.mid=00;36:*.midi=00;36:*.mka=00;36:*.mp3=00;36:*.mpc=00;36:*.ogg=00;36:*.ra=00;36:*.wav=00;36:*.oga=00;36:*.opus=00;36:*.spx=00;36:*.xspf=00;36:'), ('AMENT_PREFIX_PATH', '/home/developer/aerostack2_ws/install/as2_core:/home/developer/aerostack2_ws/install/as2_msgs:/opt/ros/humble'), ('GZ_VERSION', 'fortress'), ('PWD', '/home/developer/aerostack2_ws/build/as2_platform_multirotor_simulator'), ('LC_ALL', 'C.UTF-8'), ('PYTHONPATH', '/home/developer/aerostack2_ws/install/as2_core/local/lib/python3.10/dist-packages:/home/developer/aerostack2_ws/install/as2_msgs/local/lib/python3.10/dist-packages:/opt/ros/humble/lib/python3.10/site-packages:/opt/ros/humble/local/lib/python3.10/dist-packages'), ('COLCON', '1'), ('CMAKE_PREFIX_PATH', '/home/developer/aerostack2_ws/install/as2_core:/home/developer/aerostack2_ws/install/as2_msgs:/opt/ros/humble')]), 'shell': False}
[62.332679] (as2_realsense_interface) JobProgress: {'identifier': 'as2_realsense_interface', 'progress': 'cmake'}
[62.332972] (as2_realsense_interface) Command: {'cmd': ['/usr/bin/cmake', '/home/developer/aerostack2_ws/src/aerostack2-tcc_lucca/as2_hardware_drivers/as2_realsense_interface', '-DAMENT_CMAKE_SYMLINK_INSTALL=1', '-DCMAKE_INSTALL_PREFIX=/home/developer/aerostack2_ws/install/as2_realsense_interface'], 'cwd': '/home/developer/aerostack2_ws/build/as2_realsense_interface', 'env': OrderedDict([('GZ_SIM_SYSTEM_PLUGIN_PATH', '/opt/ros/humble/lib'), ('GZ_SIM_RESOURCE_PATH', '/opt/ros/humble/share/as2_gazebo_assets/worlds:/opt/ros/humble/share/as2_gazebo_assets/models'), ('HOSTNAME', 'lead-Predator-PHN16-71'), ('SHLVL', '1'), ('LD_LIBRARY_PATH', '/home/developer/aerostack2_ws/install/as2_core/lib:/home/developer/aerostack2_ws/install/as2_msgs/lib:/opt/ros/humble/opt/rviz_ogre_vendor/lib:/opt/ros/humble/lib/x86_64-linux-gnu:/opt/ros/humble/lib'), ('HOME', '/home/developer'), ('ROS_PYTHON_VERSION', '3'), ('ROS_DISTRO', 'humble'), ('_', '/usr/bin/colcon'), ('ROS_VERSION', '2'), ('TERM', 'xterm'), ('ROS_LOCALHOST_ONLY', '0'), ('QT_X11_NO_MITSHM', '1'), ('PATH', '/opt/ros/humble/bin:/usr/local/sbin:/usr/local/bin:/usr/sbin:/usr/bin:/sbin:/bin'), ('DISPLAY', ':1'), ('LANG', 'C.UTF-8'), ('LS_COLORS', 'rs=0:di=01;34:ln=01;36:mh=00:pi=40;33:so=01;35:do=01;35:bd=40;33;01:cd=40;33;01:or=40;31;01:mi=00:su=37;41:sg=30;43:ca=30;41:tw=30;42:ow=34;42:st=37;44:ex=01;32:*.tar=01;31:*.tgz=01;31:*.arc=01;31:*.arj=01;31:*.taz=01;31:*.lha=01;31:*.lz4=01;31:*.lzh=01;31:*.lzma=01;31:*.tlz=01;31:*.txz=01;31:*.tzo=01;31:*.t7z=01;31:*.zip=01;31:*.z=01;31:*.dz=01;31:*.gz=01;31:*.lrz=01;31:*.lz=01;31:*.lzo=01;31:*.xz=01;31:*.zst=01;31:*.tzst=01;31:*.bz2=01;31:*.bz=01;31:*.tbz=01;31:*.tbz2=01;31:*.tz=01;31:*.deb=01;31:*.rpm=01;31:*.jar=01;31:*.war=01;31:*.ear=01;31:*.sar=01;31:*.rar=01;31:*.alz=01;31:*.ace=01;31:*.zoo=01;31:*.cpio=01;31:*.7z=01;31:*.rz=01;31:*.cab=01;31:*.wim=01;31:*.swm=01;31:*.dwm=01;31:*.esd=01;31:*.jpg=01;35:*.jpeg=01;35:*.mjpg=01;35:*.mjpeg=01;35:*.gif=01;35:*.bmp=01;35:*.pbm=01;35:*.pgm=01;35:*.ppm=01;35:*.tga=01;35:*.xbm=01;35:*.xpm=01;35:*.tif=01;35:*.tiff=01;35:*.png=01;35:*.svg=01;35:*.svgz=01;35:*.mng=01;35:*.pcx=01;35:*.mov=01;35:*.mpg=01;35:*.mpeg=01;35:*.m2v=01;35:*.mkv=01;35:*.webm=01;35:*.webp=01;35:*.ogm=01;35:*.mp4=01;35:*.m4v=01;35:*.mp4v=01;35:*.vob=01;35:*.qt=01;35:*.nuv=01;35:*.wmv=01;35:*.asf=01;35:*.rm=01;35:*.rmvb=01;35:*.flc=01;35:*.avi=01;35:*.fli=01;35:*.flv=01;35:*.gl=01;35:*.dl=01;35:*.xcf=01;35:*.xwd=01;35:*.yuv=01;35:*.cgm=01;35:*.emf=01;35:*.ogv=01;35:*.ogx=01;35:*.aac=00;36:*.au=00;36:*.flac=00;36:*.m4a=00;36:*.mid=00;36:*.midi=00;36:*.mka=00;36:*.mp3=00;36:*.mpc=00;36:*.ogg=00;36:*.ra=00;36:*.wav=00;36:*.oga=00;36:*.opus=00;36:*.spx=00;36:*.xspf=00;36:'), ('AMENT_PREFIX_PATH', '/home/developer/aerostack2_ws/install/as2_core:/home/developer/aerostack2_ws/install/as2_msgs:/opt/ros/humble'), ('GZ_VERSION', 'fortress'), ('PWD', '/home/developer/aerostack2_ws/build/as2_realsense_interface'), ('LC_ALL', 'C.UTF-8'), ('PYTHONPATH', '/home/developer/aerostack2_ws/install/as2_core/local/lib/python3.10/dist-packages:/home/developer/aerostack2_ws/install/as2_msgs/local/lib/python3.10/dist-packages:/opt/ros/humble/lib/python3.10/site-packages:/opt/ros/humble/local/lib/python3.10/dist-packages'), ('COLCON', '1'), ('CMAKE_PREFIX_PATH', '/home/developer/aerostack2_ws/install/as2_core:/home/developer/aerostack2_ws/install/as2_msgs:/opt/ros/humble')]), 'shell': False}
[62.337077] (as2_state_estimator) JobProgress: {'identifier': 'as2_state_estimator', 'progress': 'cmake'}
[62.337408] (as2_state_estimator) Command: {'cmd': ['/usr/bin/cmake', '/home/developer/aerostack2_ws/src/aerostack2-tcc_lucca/as2_state_estimator', '-DAMENT_CMAKE_SYMLINK_INSTALL=1', '-DCMAKE_INSTALL_PREFIX=/home/developer/aerostack2_ws/install/as2_state_estimator'], 'cwd': '/home/developer/aerostack2_ws/build/as2_state_estimator', 'env': OrderedDict([('GZ_SIM_SYSTEM_PLUGIN_PATH', '/opt/ros/humble/lib'), ('GZ_SIM_RESOURCE_PATH', '/opt/ros/humble/share/as2_gazebo_assets/worlds:/opt/ros/humble/share/as2_gazebo_assets/models'), ('HOSTNAME', 'lead-Predator-PHN16-71'), ('SHLVL', '1'), ('LD_LIBRARY_PATH', '/home/developer/aerostack2_ws/install/as2_core/lib:/home/developer/aerostack2_ws/install/as2_msgs/lib:/opt/ros/humble/opt/rviz_ogre_vendor/lib:/opt/ros/humble/lib/x86_64-linux-gnu:/opt/ros/humble/lib'), ('HOME', '/home/developer'), ('ROS_PYTHON_VERSION', '3'), ('ROS_DISTRO', 'humble'), ('_', '/usr/bin/colcon'), ('ROS_VERSION', '2'), ('TERM', 'xterm'), ('ROS_LOCALHOST_ONLY', '0'), ('QT_X11_NO_MITSHM', '1'), ('PATH', '/opt/ros/humble/bin:/usr/local/sbin:/usr/local/bin:/usr/sbin:/usr/bin:/sbin:/bin'), ('DISPLAY', ':1'), ('LANG', 'C.UTF-8'), ('LS_COLORS', 'rs=0:di=01;34:ln=01;36:mh=00:pi=40;33:so=01;35:do=01;35:bd=40;33;01:cd=40;33;01:or=40;31;01:mi=00:su=37;41:sg=30;43:ca=30;41:tw=30;42:ow=34;42:st=37;44:ex=01;32:*.tar=01;31:*.tgz=01;31:*.arc=01;31:*.arj=01;31:*.taz=01;31:*.lha=01;31:*.lz4=01;31:*.lzh=01;31:*.lzma=01;31:*.tlz=01;31:*.txz=01;31:*.tzo=01;31:*.t7z=01;31:*.zip=01;31:*.z=01;31:*.dz=01;31:*.gz=01;31:*.lrz=01;31:*.lz=01;31:*.lzo=01;31:*.xz=01;31:*.zst=01;31:*.tzst=01;31:*.bz2=01;31:*.bz=01;31:*.tbz=01;31:*.tbz2=01;31:*.tz=01;31:*.deb=01;31:*.rpm=01;31:*.jar=01;31:*.war=01;31:*.ear=01;31:*.sar=01;31:*.rar=01;31:*.alz=01;31:*.ace=01;31:*.zoo=01;31:*.cpio=01;31:*.7z=01;31:*.rz=01;31:*.cab=01;31:*.wim=01;31:*.swm=01;31:*.dwm=01;31:*.esd=01;31:*.jpg=01;35:*.jpeg=01;35:*.mjpg=01;35:*.mjpeg=01;35:*.gif=01;35:*.bmp=01;35:*.pbm=01;35:*.pgm=01;35:*.ppm=01;35:*.tga=01;35:*.xbm=01;35:*.xpm=01;35:*.tif=01;35:*.tiff=01;35:*.png=01;35:*.svg=01;35:*.svgz=01;35:*.mng=01;35:*.pcx=01;35:*.mov=01;35:*.mpg=01;35:*.mpeg=01;35:*.m2v=01;35:*.mkv=01;35:*.webm=01;35:*.webp=01;35:*.ogm=01;35:*.mp4=01;35:*.m4v=01;35:*.mp4v=01;35:*.vob=01;35:*.qt=01;35:*.nuv=01;35:*.wmv=01;35:*.asf=01;35:*.rm=01;35:*.rmvb=01;35:*.flc=01;35:*.avi=01;35:*.fli=01;35:*.flv=01;35:*.gl=01;35:*.dl=01;35:*.xcf=01;35:*.xwd=01;35:*.yuv=01;35:*.cgm=01;35:*.emf=01;35:*.ogv=01;35:*.ogx=01;35:*.aac=00;36:*.au=00;36:*.flac=00;36:*.m4a=00;36:*.mid=00;36:*.midi=00;36:*.mka=00;36:*.mp3=00;36:*.mpc=00;36:*.ogg=00;36:*.ra=00;36:*.wav=00;36:*.oga=00;36:*.opus=00;36:*.spx=00;36:*.xspf=00;36:'), ('AMENT_PREFIX_PATH', '/home/developer/aerostack2_ws/install/as2_core:/home/developer/aerostack2_ws/install/as2_msgs:/opt/ros/humble'), ('GZ_VERSION', 'fortress'), ('PWD', '/home/developer/aerostack2_ws/build/as2_state_estimator'), ('LC_ALL', 'C.UTF-8'), ('PYTHONPATH', '/home/developer/aerostack2_ws/install/as2_core/local/lib/python3.10/dist-packages:/home/developer/aerostack2_ws/install/as2_msgs/local/lib/python3.10/dist-packages:/opt/ros/humble/lib/python3.10/site-packages:/opt/ros/humble/local/lib/python3.10/dist-packages'), ('COLCON', '1'), ('CMAKE_PREFIX_PATH', '/home/developer/aerostack2_ws/install/as2_core:/home/developer/aerostack2_ws/install/as2_msgs:/opt/ros/humble')]), 'shell': False}
[62.338531] (as2_usb_camera_interface) JobProgress: {'identifier': 'as2_usb_camera_interface', 'progress': 'cmake'}
[62.338722] (as2_usb_camera_interface) Command: {'cmd': ['/usr/bin/cmake', '/home/developer/aerostack2_ws/src/aerostack2-tcc_lucca/as2_hardware_drivers/as2_usb_camera_interface', '-DAMENT_CMAKE_SYMLINK_INSTALL=1', '-DCMAKE_INSTALL_PREFIX=/home/developer/aerostack2_ws/install/as2_usb_camera_interface'], 'cwd': '/home/developer/aerostack2_ws/build/as2_usb_camera_interface', 'env': OrderedDict([('GZ_SIM_SYSTEM_PLUGIN_PATH', '/opt/ros/humble/lib'), ('GZ_SIM_RESOURCE_PATH', '/opt/ros/humble/share/as2_gazebo_assets/worlds:/opt/ros/humble/share/as2_gazebo_assets/models'), ('HOSTNAME', 'lead-Predator-PHN16-71'), ('SHLVL', '1'), ('LD_LIBRARY_PATH', '/home/developer/aerostack2_ws/install/as2_core/lib:/home/developer/aerostack2_ws/install/as2_msgs/lib:/opt/ros/humble/opt/rviz_ogre_vendor/lib:/opt/ros/humble/lib/x86_64-linux-gnu:/opt/ros/humble/lib'), ('HOME', '/home/developer'), ('ROS_PYTHON_VERSION', '3'), ('ROS_DISTRO', 'humble'), ('_', '/usr/bin/colcon'), ('ROS_VERSION', '2'), ('TERM', 'xterm'), ('ROS_LOCALHOST_ONLY', '0'), ('QT_X11_NO_MITSHM', '1'), ('PATH', '/opt/ros/humble/bin:/usr/local/sbin:/usr/local/bin:/usr/sbin:/usr/bin:/sbin:/bin'), ('DISPLAY', ':1'), ('LANG', 'C.UTF-8'), ('LS_COLORS', 'rs=0:di=01;34:ln=01;36:mh=00:pi=40;33:so=01;35:do=01;35:bd=40;33;01:cd=40;33;01:or=40;31;01:mi=00:su=37;41:sg=30;43:ca=30;41:tw=30;42:ow=34;42:st=37;44:ex=01;32:*.tar=01;31:*.tgz=01;31:*.arc=01;31:*.arj=01;31:*.taz=01;31:*.lha=01;31:*.lz4=01;31:*.lzh=01;31:*.lzma=01;31:*.tlz=01;31:*.txz=01;31:*.tzo=01;31:*.t7z=01;31:*.zip=01;31:*.z=01;31:*.dz=01;31:*.gz=01;31:*.lrz=01;31:*.lz=01;31:*.lzo=01;31:*.xz=01;31:*.zst=01;31:*.tzst=01;31:*.bz2=01;31:*.bz=01;31:*.tbz=01;31:*.tbz2=01;31:*.tz=01;31:*.deb=01;31:*.rpm=01;31:*.jar=01;31:*.war=01;31:*.ear=01;31:*.sar=01;31:*.rar=01;31:*.alz=01;31:*.ace=01;31:*.zoo=01;31:*.cpio=01;31:*.7z=01;31:*.rz=01;31:*.cab=01;31:*.wim=01;31:*.swm=01;31:*.dwm=01;31:*.esd=01;31:*.jpg=01;35:*.jpeg=01;35:*.mjpg=01;35:*.mjpeg=01;35:*.gif=01;35:*.bmp=01;35:*.pbm=01;35:*.pgm=01;35:*.ppm=01;35:*.tga=01;35:*.xbm=01;35:*.xpm=01;35:*.tif=01;35:*.tiff=01;35:*.png=01;35:*.svg=01;35:*.svgz=01;35:*.mng=01;35:*.pcx=01;35:*.mov=01;35:*.mpg=01;35:*.mpeg=01;35:*.m2v=01;35:*.mkv=01;35:*.webm=01;35:*.webp=01;35:*.ogm=01;35:*.mp4=01;35:*.m4v=01;35:*.mp4v=01;35:*.vob=01;35:*.qt=01;35:*.nuv=01;35:*.wmv=01;35:*.asf=01;35:*.rm=01;35:*.rmvb=01;35:*.flc=01;35:*.avi=01;35:*.fli=01;35:*.flv=01;35:*.gl=01;35:*.dl=01;35:*.xcf=01;35:*.xwd=01;35:*.yuv=01;35:*.cgm=01;35:*.emf=01;35:*.ogv=01;35:*.ogx=01;35:*.aac=00;36:*.au=00;36:*.flac=00;36:*.m4a=00;36:*.mid=00;36:*.midi=00;36:*.mka=00;36:*.mp3=00;36:*.mpc=00;36:*.ogg=00;36:*.ra=00;36:*.wav=00;36:*.oga=00;36:*.opus=00;36:*.spx=00;36:*.xspf=00;36:'), ('AMENT_PREFIX_PATH', '/home/developer/aerostack2_ws/install/as2_core:/home/developer/aerostack2_ws/install/as2_msgs:/opt/ros/humble'), ('GZ_VERSION', 'fortress'), ('PWD', '/home/developer/aerostack2_ws/build/as2_usb_camera_interface'), ('LC_ALL', 'C.UTF-8'), ('PYTHONPATH', '/home/developer/aerostack2_ws/install/as2_core/local/lib/python3.10/dist-packages:/home/developer/aerostack2_ws/install/as2_msgs/local/lib/python3.10/dist-packages:/opt/ros/humble/lib/python3.10/site-packages:/opt/ros/humble/local/lib/python3.10/dist-packages'), ('COLCON', '1'), ('CMAKE_PREFIX_PATH', '/home/developer/aerostack2_ws/install/as2_core:/home/developer/aerostack2_ws/install/as2_msgs:/opt/ros/humble')]), 'shell': False}
[62.359247] (as2_behavior) StdoutLine: {'line': b'-- The C compiler identification is GNU 11.4.0\n'}
[62.359476] (as2_external_object_to_tf) StdoutLine: {'line': b'-- The C compiler identification is GNU 11.4.0\n'}
[62.361704] (as2_behavior_tree) StdoutLine: {'line': b'-- The C compiler identification is GNU 11.4.0\n'}
[62.362845] (as2_gazebo_assets) StdoutLine: {'line': b'-- The C compiler identification is GNU 11.4.0\n'}
[62.363909] (as2_map_server) StdoutLine: {'line': b'-- The C compiler identification is GNU 11.4.0\n'}
[62.365389] (-) TimerEvent: {}
[62.369835] (as2_platform_multirotor_simulator) StdoutLine: {'line': b'-- The C compiler identification is GNU 11.4.0\n'}
[62.370106] (as2_usb_camera_interface) StdoutLine: {'line': b'-- The C compiler identification is GNU 11.4.0\n'}
[62.370785] (as2_realsense_interface) StdoutLine: {'line': b'-- The C compiler identification is GNU 11.4.0\n'}
[62.374310] (as2_geozones) StdoutLine: {'line': b'-- The C compiler identification is GNU 11.4.0\n'}
[62.374488] (as2_motion_reference_handlers) StdoutLine: {'line': b'-- The C compiler identification is GNU 11.4.0\n'}
[62.374560] (as2_alphanumeric_viewer) StdoutLine: {'line': b'-- The C compiler identification is GNU 11.4.0\n'}
[62.378423] (as2_state_estimator) StdoutLine: {'line': b'-- The C compiler identification is GNU 11.4.0\n'}
[62.392529] (as2_external_object_to_tf) StdoutLine: {'line': b'-- The CXX compiler identification is GNU 11.4.0\n'}
[62.395983] (as2_behavior) StdoutLine: {'line': b'-- The CXX compiler identification is GNU 11.4.0\n'}
[62.396835] (as2_external_object_to_tf) StdoutLine: {'line': b'-- Detecting C compiler ABI info\n'}
[62.400811] (as2_gazebo_assets) StdoutLine: {'line': b'-- The CXX compiler identification is GNU 11.4.0\n'}
[62.401033] (as2_usb_camera_interface) StdoutLine: {'line': b'-- The CXX compiler identification is GNU 11.4.0\n'}
[62.401856] (as2_platform_multirotor_simulator) StdoutLine: {'line': b'-- The CXX compiler identification is GNU 11.4.0\n'}
[62.402582] (as2_behavior) StdoutLine: {'line': b'-- Detecting C compiler ABI info\n'}
[62.403866] (as2_realsense_interface) StdoutLine: {'line': b'-- The CXX compiler identification is GNU 11.4.0\n'}
[62.405078] (as2_usb_camera_interface) StdoutLine: {'line': b'-- Detecting C compiler ABI info\n'}
[62.406165] (as2_platform_multirotor_simulator) StdoutLine: {'line': b'-- Detecting C compiler ABI info\n'}
[62.406434] (as2_map_server) StdoutLine: {'line': b'-- The CXX compiler identification is GNU 11.4.0\n'}
[62.407006] (as2_gazebo_assets) StdoutLine: {'line': b'-- Detecting C compiler ABI info\n'}
[62.408881] (as2_behavior_tree) StdoutLine: {'line': b'-- The CXX compiler identification is GNU 11.4.0\n'}
[62.409767] (as2_realsense_interface) StdoutLine: {'line': b'-- Detecting C compiler ABI info\n'}
[62.412637] (as2_map_server) StdoutLine: {'line': b'-- Detecting C compiler ABI info\n'}
[62.413023] (as2_behavior_tree) StdoutLine: {'line': b'-- Detecting C compiler ABI info\n'}
[62.416037] (as2_motion_reference_handlers) StdoutLine: {'line': b'-- The CXX compiler identification is GNU 11.4.0\n'}
[62.418765] (as2_alphanumeric_viewer) StdoutLine: {'line': b'-- The CXX compiler identification is GNU 11.4.0\n'}
[62.422124] (as2_motion_reference_handlers) StdoutLine: {'line': b'-- Detecting C compiler ABI info\n'}
[62.423411] (as2_alphanumeric_viewer) StdoutLine: {'line': b'-- Detecting C compiler ABI info\n'}
[62.425950] (as2_geozones) StdoutLine: {'line': b'-- The CXX compiler identification is GNU 11.4.0\n'}
[62.430344] (as2_state_estimator) StdoutLine: {'line': b'-- The CXX compiler identification is GNU 11.4.0\n'}
[62.431670] (as2_geozones) StdoutLine: {'line': b'-- Detecting C compiler ABI info\n'}
[62.436913] (as2_state_estimator) StdoutLine: {'line': b'-- Detecting C compiler ABI info\n'}
[62.438338] (as2_external_object_to_tf) StdoutLine: {'line': b'-- Detecting C compiler ABI info - done\n'}
[62.442321] (as2_behavior) StdoutLine: {'line': b'-- Detecting C compiler ABI info - done\n'}
[62.445566] (as2_external_object_to_tf) StdoutLine: {'line': b'-- Check for working C compiler: /usr/bin/cc - skipped\n'}
[62.445784] (as2_external_object_to_tf) StdoutLine: {'line': b'-- Detecting C compile features\n'}
[62.446156] (as2_external_object_to_tf) StdoutLine: {'line': b'-- Detecting C compile features - done\n'}
[62.446791] (as2_gazebo_assets) StdoutLine: {'line': b'-- Detecting C compiler ABI info - done\n'}
[62.448187] (as2_realsense_interface) StdoutLine: {'line': b'-- Detecting C compiler ABI info - done\n'}
[62.448670] (as2_usb_camera_interface) StdoutLine: {'line': b'-- Detecting C compiler ABI info - done\n'}
[62.449095] (as2_external_object_to_tf) StdoutLine: {'line': b'-- Detecting CXX compiler ABI info\n'}
[62.449423] (as2_behavior) StdoutLine: {'line': b'-- Check for working C compiler: /usr/bin/cc - skipped\n'}
[62.449674] (as2_behavior) StdoutLine: {'line': b'-- Detecting C compile features\n'}
[62.450055] (as2_behavior) StdoutLine: {'line': b'-- Detecting C compile features - done\n'}
[62.453016] (as2_behavior) StdoutLine: {'line': b'-- Detecting CXX compiler ABI info\n'}
[62.454029] (as2_gazebo_assets) StdoutLine: {'line': b'-- Check for working C compiler: /usr/bin/cc - skipped\n'}
[62.454267] (as2_gazebo_assets) StdoutLine: {'line': b'-- Detecting C compile features\n'}
[62.454430] (as2_realsense_interface) StdoutLine: {'line': b'-- Check for working C compiler: /usr/bin/cc - skipped\n'}
[62.454573] (as2_realsense_interface) StdoutLine: {'line': b'-- Detecting C compile features\n'}
[62.454673] (as2_gazebo_assets) StdoutLine: {'line': b'-- Detecting C compile features - done\n'}
[62.454822] (as2_realsense_interface) StdoutLine: {'line': b'-- Detecting C compile features - done\n'}
[62.455752] (as2_usb_camera_interface) StdoutLine: {'line': b'-- Check for working C compiler: /usr/bin/cc - skipped\n'}
[62.455984] (as2_usb_camera_interface) StdoutLine: {'line': b'-- Detecting C compile features\n'}
[62.456378] (as2_usb_camera_interface) StdoutLine: {'line': b'-- Detecting C compile features - done\n'}
[62.456681] (as2_realsense_interface) StdoutLine: {'line': b'-- Detecting CXX compiler ABI info\n'}
[62.457251] (as2_map_server) StdoutLine: {'line': b'-- Detecting C compiler ABI info - done\n'}
[62.457593] (as2_gazebo_assets) StdoutLine: {'line': b'-- Detecting CXX compiler ABI info\n'}
[62.457848] (as2_platform_multirotor_simulator) StdoutLine: {'line': b'-- Detecting C compiler ABI info - done\n'}
[62.458234] (as2_behavior_tree) StdoutLine: {'line': b'-- Detecting C compiler ABI info - done\n'}
[62.459233] (as2_usb_camera_interface) StdoutLine: {'line': b'-- Detecting CXX compiler ABI info\n'}
[62.462163] (as2_platform_multirotor_simulator) StdoutLine: {'line': b'-- Check for working C compiler: /usr/bin/cc - skipped\n'}
[62.462327] (as2_platform_multirotor_simulator) StdoutLine: {'line': b'-- Detecting C compile features\n'}
[62.462413] (as2_behavior_tree) StdoutLine: {'line': b'-- Check for working C compiler: /usr/bin/cc - skipped\n'}
[62.462496] (as2_platform_multirotor_simulator) StdoutLine: {'line': b'-- Detecting C compile features - done\n'}
[62.462552] (as2_behavior_tree) StdoutLine: {'line': b'-- Detecting C compile features\n'}
[62.462751] (as2_behavior_tree) StdoutLine: {'line': b'-- Detecting C compile features - done\n'}
[62.464350] (as2_platform_multirotor_simulator) StdoutLine: {'line': b'-- Detecting CXX compiler ABI info\n'}
[62.464496] (as2_map_server) StdoutLine: {'line': b'-- Check for working C compiler: /usr/bin/cc - skipped\n'}
[62.464593] (as2_behavior_tree) StdoutLine: {'line': b'-- Detecting CXX compiler ABI info\n'}
[62.464646] (as2_map_server) StdoutLine: {'line': b'-- Detecting C compile features\n'}
[62.464741] (as2_motion_reference_handlers) StdoutLine: {'line': b'-- Detecting C compiler ABI info - done\n'}
[62.464938] (as2_map_server) StdoutLine: {'line': b'-- Detecting C compile features - done\n'}
[62.465441] (-) TimerEvent: {}
[62.467874] (as2_map_server) StdoutLine: {'line': b'-- Detecting CXX compiler ABI info\n'}
[62.471660] (as2_alphanumeric_viewer) StdoutLine: {'line': b'-- Detecting C compiler ABI info - done\n'}
[62.472007] (as2_motion_reference_handlers) StdoutLine: {'line': b'-- Check for working C compiler: /usr/bin/cc - skipped\n'}
[62.472279] (as2_motion_reference_handlers) StdoutLine: {'line': b'-- Detecting C compile features\n'}
[62.472631] (as2_motion_reference_handlers) StdoutLine: {'line': b'-- Detecting C compile features - done\n'}
[62.475563] (as2_motion_reference_handlers) StdoutLine: {'line': b'-- Detecting CXX compiler ABI info\n'}
[62.478825] (as2_alphanumeric_viewer) StdoutLine: {'line': b'-- Check for working C compiler: /usr/bin/cc - skipped\n'}
[62.479006] (as2_alphanumeric_viewer) StdoutLine: {'line': b'-- Detecting C compile features\n'}
[62.479376] (as2_alphanumeric_viewer) StdoutLine: {'line': b'-- Detecting C compile features - done\n'}
[62.479557] (as2_geozones) StdoutLine: {'line': b'-- Detecting C compiler ABI info - done\n'}
[62.481306] (as2_state_estimator) StdoutLine: {'line': b'-- Detecting C compiler ABI info - done\n'}
[62.482202] (as2_alphanumeric_viewer) StdoutLine: {'line': b'-- Detecting CXX compiler ABI info\n'}
[62.486506] (as2_geozones) StdoutLine: {'line': b'-- Check for working C compiler: /usr/bin/cc - skipped\n'}
[62.486690] (as2_geozones) StdoutLine: {'line': b'-- Detecting C compile features\n'}
[62.487024] (as2_geozones) StdoutLine: {'line': b'-- Detecting C compile features - done\n'}
[62.488640] (as2_state_estimator) StdoutLine: {'line': b'-- Check for working C compiler: /usr/bin/cc - skipped\n'}
[62.488828] (as2_state_estimator) StdoutLine: {'line': b'-- Detecting C compile features\n'}
[62.489197] (as2_state_estimator) StdoutLine: {'line': b'-- Detecting C compile features - done\n'}
[62.489878] (as2_geozones) StdoutLine: {'line': b'-- Detecting CXX compiler ABI info\n'}
[62.492081] (as2_state_estimator) StdoutLine: {'line': b'-- Detecting CXX compiler ABI info\n'}
[62.495648] (as2_external_object_to_tf) StdoutLine: {'line': b'-- Detecting CXX compiler ABI info - done\n'}
[62.501701] (as2_behavior) StdoutLine: {'line': b'-- Detecting CXX compiler ABI info - done\n'}
[62.502892] (as2_external_object_to_tf) StdoutLine: {'line': b'-- Check for working CXX compiler: /usr/bin/c++ - skipped\n'}
[62.503131] (as2_external_object_to_tf) StdoutLine: {'line': b'-- Detecting CXX compile features\n'}
[62.503596] (as2_external_object_to_tf) StdoutLine: {'line': b'-- Detecting CXX compile features - done\n'}
[62.505340] (as2_gazebo_assets) StdoutLine: {'line': b'-- Detecting CXX compiler ABI info - done\n'}
[62.507832] (as2_external_object_to_tf) StdoutLine: {'line': b'-- Found ament_cmake: 1.3.14 (/opt/ros/humble/share/ament_cmake/cmake)\n'}
[62.507998] (as2_platform_multirotor_simulator) StdoutLine: {'line': b'-- Detecting CXX compiler ABI info - done\n'}
[62.508270] (as2_behavior_tree) StdoutLine: {'line': b'-- Detecting CXX compiler ABI info - done\n'}
[62.508872] (as2_behavior) StdoutLine: {'line': b'-- Check for working CXX compiler: /usr/bin/c++ - skipped\n'}
[62.509132] (as2_behavior) StdoutLine: {'line': b'-- Detecting CXX compile features\n'}
[62.509595] (as2_behavior) StdoutLine: {'line': b'-- Detecting CXX compile features - done\n'}
[62.512775] (as2_gazebo_assets) StdoutLine: {'line': b'-- Check for working CXX compiler: /usr/bin/c++ - skipped\n'}
[62.512927] (as2_behavior) StdoutLine: {'line': b'-- Found ament_cmake: 1.3.14 (/opt/ros/humble/share/ament_cmake/cmake)\n'}
[62.513023] (as2_gazebo_assets) StdoutLine: {'line': b'-- Detecting CXX compile features\n'}
[62.513457] (as2_platform_multirotor_simulator) StdoutLine: {'line': b'-- Check for working CXX compiler: /usr/bin/c++ - skipped\n'}
[62.513553] (as2_gazebo_assets) StdoutLine: {'line': b'-- Detecting CXX compile features - done\n'}
[62.513619] (as2_platform_multirotor_simulator) StdoutLine: {'line': b'-- Detecting CXX compile features\n'}
[62.513886] (as2_platform_multirotor_simulator) StdoutLine: {'line': b'-- Detecting CXX compile features - done\n'}
[62.515334] (as2_behavior_tree) StdoutLine: {'line': b'-- Check for working CXX compiler: /usr/bin/c++ - skipped\n'}
[62.515551] (as2_behavior_tree) StdoutLine: {'line': b'-- Detecting CXX compile features\n'}
[62.515997] (as2_behavior_tree) StdoutLine: {'line': b'-- Detecting CXX compile features - done\n'}
[62.518009] (as2_platform_multirotor_simulator) StdoutLine: {'line': b'-- Found ament_cmake: 1.3.14 (/opt/ros/humble/share/ament_cmake/cmake)\n'}
[62.518159] (as2_realsense_interface) StdoutLine: {'line': b'-- Detecting CXX compiler ABI info - done\n'}
[62.518954] (as2_behavior_tree) StdoutLine: {'line': b'-- Found ament_cmake: 1.3.14 (/opt/ros/humble/share/ament_cmake/cmake)\n'}
[62.521362] (as2_motion_reference_handlers) StdoutLine: {'line': b'-- Detecting CXX compiler ABI info - done\n'}
[62.524569] (as2_usb_camera_interface) StdoutLine: {'line': b'-- Detecting CXX compiler ABI info - done\n'}
[62.525454] (as2_realsense_interface) StdoutLine: {'line': b'-- Check for working CXX compiler: /usr/bin/c++ - skipped\n'}
[62.525716] (as2_realsense_interface) StdoutLine: {'line': b'-- Detecting CXX compile features\n'}
[62.526175] (as2_realsense_interface) StdoutLine: {'line': b'-- Detecting CXX compile features - done\n'}
[62.526587] (as2_map_server) StdoutLine: {'line': b'-- Detecting CXX compiler ABI info - done\n'}
[62.527884] (as2_gazebo_assets) StderrLine: {'line': b'\x1b[0mUsing GAZEBO version: fortress\x1b[0m\n'}
[62.528463] (as2_motion_reference_handlers) StdoutLine: {'line': b'-- Check for working CXX compiler: /usr/bin/c++ - skipped\n'}
[62.528663] (as2_motion_reference_handlers) StdoutLine: {'line': b'-- Detecting CXX compile features\n'}
[62.529063] (as2_usb_camera_interface) StdoutLine: {'line': b'-- Check for working CXX compiler: /usr/bin/c++ - skipped\n'}
[62.529163] (as2_motion_reference_handlers) StdoutLine: {'line': b'-- Detecting CXX compile features - done\n'}
[62.529244] (as2_usb_camera_interface) StdoutLine: {'line': b'-- Detecting CXX compile features\n'}
[62.529531] (as2_realsense_interface) StdoutLine: {'line': b'-- Found ament_cmake: 1.3.14 (/opt/ros/humble/share/ament_cmake/cmake)\n'}
[62.529645] (as2_usb_camera_interface) StdoutLine: {'line': b'-- Detecting CXX compile features - done\n'}
[62.530701] (as2_gazebo_assets) StdoutLine: {'line': b'-- Looking for ignition-gazebo6 -- found version 6.16.0\n'}
[62.532315] (as2_motion_reference_handlers) StdoutLine: {'line': b'-- Found ament_cmake: 1.3.14 (/opt/ros/humble/share/ament_cmake/cmake)\n'}
[62.533801] (as2_map_server) StdoutLine: {'line': b'-- Check for working CXX compiler: /usr/bin/c++ - skipped\n'}
[62.534009] (as2_map_server) StdoutLine: {'line': b'-- Detecting CXX compile features\n'}
[62.534239] (as2_usb_camera_interface) StdoutLine: {'line': b'-- Found ament_cmake: 1.3.14 (/opt/ros/humble/share/ament_cmake/cmake)\n'}
[62.534450] (as2_map_server) StdoutLine: {'line': b'-- Detecting CXX compile features - done\n'}
[62.537948] (as2_map_server) StdoutLine: {'line': b'-- Found ament_cmake: 1.3.14 (/opt/ros/humble/share/ament_cmake/cmake)\n'}
[62.538945] (as2_gazebo_assets) StdoutLine: {'line': b'-- Searching for dependencies of ignition-gazebo6\n'}
[62.540101] (as2_geozones) StdoutLine: {'line': b'-- Detecting CXX compiler ABI info - done\n'}
[62.540606] (as2_state_estimator) StdoutLine: {'line': b'-- Detecting CXX compiler ABI info - done\n'}
[62.540684] (as2_alphanumeric_viewer) StdoutLine: {'line': b'-- Detecting CXX compiler ABI info - done\n'}
[62.541986] (as2_gazebo_assets) StdoutLine: {'line': b'-- Looking for sdformat12 -- found version 12.7.2\n'}
[62.542355] (as2_gazebo_assets) StdoutLine: {'line': b'-- Searching for dependencies of sdformat12\n'}
[62.544405] (as2_geozones) StdoutLine: {'line': b'-- Check for working CXX compiler: /usr/bin/c++ - skipped\n'}
[62.544552] (as2_geozones) StdoutLine: {'line': b'-- Detecting CXX compile features\n'}
[62.544824] (as2_geozones) StdoutLine: {'line': b'-- Detecting CXX compile features - done\n'}
[62.545348] (as2_gazebo_assets) StdoutLine: {'line': b"-- Checking for module 'tinyxml2'\n"}
[62.546786] (as2_geozones) StdoutLine: {'line': b'-- Found ament_cmake: 1.3.14 (/opt/ros/humble/share/ament_cmake/cmake)\n'}
[62.547699] (as2_alphanumeric_viewer) StdoutLine: {'line': b'-- Check for working CXX compiler: /usr/bin/c++ - skipped\n'}
[62.547790] (as2_state_estimator) StdoutLine: {'line': b'-- Check for working CXX compiler: /usr/bin/c++ - skipped\n'}
[62.547964] (as2_alphanumeric_viewer) StdoutLine: {'line': b'-- Detecting CXX compile features\n'}
[62.548130] (as2_state_estimator) StdoutLine: {'line': b'-- Detecting CXX compile features\n'}
[62.548413] (as2_alphanumeric_viewer) StdoutLine: {'line': b'-- Detecting CXX compile features - done\n'}
[62.548528] (as2_state_estimator) StdoutLine: {'line': b'-- Detecting CXX compile features - done\n'}
[62.551982] (as2_state_estimator) StdoutLine: {'line': b'-- Found ament_cmake: 1.3.14 (/opt/ros/humble/share/ament_cmake/cmake)\n'}
[62.552148] (as2_alphanumeric_viewer) StdoutLine: {'line': b'-- Found ament_cmake: 1.3.14 (/opt/ros/humble/share/ament_cmake/cmake)\n'}
[62.552702] (as2_gazebo_assets) StdoutLine: {'line': b'--   Found tinyxml2, version 9.0.0\n'}
[62.565546] (-) TimerEvent: {}
[62.579636] (as2_gazebo_assets) StdoutLine: {'line': b'-- Looking for ignition-math6 -- found version 6.15.1\n'}
[62.580081] (as2_gazebo_assets) StdoutLine: {'line': b'-- Searching for dependencies of ignition-math6\n'}
[62.584387] (as2_gazebo_assets) StdoutLine: {'line': b'-- Looking for ignition-utils1 -- found version 1.5.1\n'}
[62.584583] (as2_gazebo_assets) StdoutLine: {'line': b'-- Searching for dependencies of ignition-utils1\n'}
[62.588776] (as2_gazebo_assets) StdoutLine: {'line': b'-- Looking for ignition-plugin1 -- found version 1.4.0\n'}
[62.589191] (as2_gazebo_assets) StdoutLine: {'line': b'-- Searching for dependencies of ignition-plugin1\n'}
[62.589719] (as2_gazebo_assets) StdoutLine: {'line': b'-- Searching for <ignition-plugin1> component [loader]\n'}
[62.592647] (as2_gazebo_assets) StdoutLine: {'line': b'-- Looking for ignition-plugin1-loader -- found version 1.4.0\n'}
[62.593106] (as2_gazebo_assets) StdoutLine: {'line': b'-- Searching for dependencies of ignition-plugin1-loader\n'}
[62.593564] (as2_gazebo_assets) StdoutLine: {'line': b'-- Searching for <ignition-plugin1> component [register]\n'}
[62.596696] (as2_gazebo_assets) StdoutLine: {'line': b'-- Looking for ignition-plugin1-register -- found version 1.4.0\n'}
[62.597151] (as2_gazebo_assets) StdoutLine: {'line': b'-- Searching for dependencies of ignition-plugin1-register\n'}
[62.600765] (as2_gazebo_assets) StdoutLine: {'line': b'-- Looking for ignition-transport11 -- found version 11.4.1\n'}
[62.601255] (as2_gazebo_assets) StdoutLine: {'line': b'-- Searching for dependencies of ignition-transport11\n'}
[62.601835] (as2_external_object_to_tf) StdoutLine: {'line': b'-- Found Python3: /usr/bin/python3 (found version "3.10.12") found components: Interpreter \n'}
[62.615928] (as2_platform_multirotor_simulator) StdoutLine: {'line': b'-- Found Python3: /usr/bin/python3 (found version "3.10.12") found components: Interpreter \n'}
[62.626756] (as2_behavior_tree) StdoutLine: {'line': b'-- Found Python3: /usr/bin/python3 (found version "3.10.12") found components: Interpreter \n'}
[62.629562] (as2_behavior) StdoutLine: {'line': b'-- Found Python3: /usr/bin/python3 (found version "3.10.12") found components: Interpreter \n'}
[62.633976] (as2_motion_reference_handlers) StdoutLine: {'line': b'-- Found Python3: /usr/bin/python3 (found version "3.10.12") found components: Interpreter \n'}
[62.642083] (as2_external_object_to_tf) StdoutLine: {'line': b'-- Override CMake install command with custom implementation using symlinks instead of copying resources\n'}
[62.656525] (as2_realsense_interface) StdoutLine: {'line': b'-- Found Python3: /usr/bin/python3 (found version "3.10.12") found components: Interpreter \n'}
[62.656955] (as2_platform_multirotor_simulator) StdoutLine: {'line': b'-- Override CMake install command with custom implementation using symlinks instead of copying resources\n'}
[62.658712] (as2_map_server) StdoutLine: {'line': b'-- Found Python3: /usr/bin/python3 (found version "3.10.12") found components: Interpreter \n'}
[62.665636] (-) TimerEvent: {}
[62.666749] (as2_geozones) StdoutLine: {'line': b'-- Found Python3: /usr/bin/python3 (found version "3.10.12") found components: Interpreter \n'}
[62.668383] (as2_behavior_tree) StdoutLine: {'line': b'-- Override CMake install command with custom implementation using symlinks instead of copying resources\n'}
[62.668510] (as2_behavior) StdoutLine: {'line': b'-- Override CMake install command with custom implementation using symlinks instead of copying resources\n'}
[62.670788] (as2_usb_camera_interface) StdoutLine: {'line': b'-- Found Python3: /usr/bin/python3 (found version "3.10.12") found components: Interpreter \n'}
[62.675273] (as2_state_estimator) StdoutLine: {'line': b'-- Found Python3: /usr/bin/python3 (found version "3.10.12") found components: Interpreter \n'}
[62.676076] (as2_motion_reference_handlers) StdoutLine: {'line': b'-- Override CMake install command with custom implementation using symlinks instead of copying resources\n'}
[62.677844] (as2_external_object_to_tf) StdoutLine: {'line': b'-- Found rclcpp: 16.0.19 (/opt/ros/humble/share/rclcpp/cmake)\n'}
[62.686838] (as2_alphanumeric_viewer) StdoutLine: {'line': b'-- Found Python3: /usr/bin/python3 (found version "3.10.12") found components: Interpreter \n'}
[62.689966] (as2_platform_multirotor_simulator) StdoutLine: {'line': b'-- Found rclcpp: 16.0.19 (/opt/ros/humble/share/rclcpp/cmake)\n'}
[62.695861] (as2_realsense_interface) StdoutLine: {'line': b'-- Override CMake install command with custom implementation using symlinks instead of copying resources\n'}
[62.698953] (as2_motion_reference_handlers) StdoutLine: {'line': b'-- Found rclcpp: 16.0.19 (/opt/ros/humble/share/rclcpp/cmake)\n'}
[62.701100] (as2_behavior_tree) StdoutLine: {'line': b'-- Found ament_cmake_ros: 0.10.0 (/opt/ros/humble/share/ament_cmake_ros/cmake)\n'}
[62.701237] (as2_behavior) StdoutLine: {'line': b'-- Found rclcpp: 16.0.19 (/opt/ros/humble/share/rclcpp/cmake)\n'}
[62.701563] (as2_map_server) StdoutLine: {'line': b'-- Override CMake install command with custom implementation using symlinks instead of copying resources\n'}
[62.709552] (as2_usb_camera_interface) StdoutLine: {'line': b'-- Override CMake install command with custom implementation using symlinks instead of copying resources\n'}
[62.719465] (as2_external_object_to_tf) StdoutLine: {'line': b'-- Found rosidl_generator_c: 3.1.8 (/opt/ros/humble/share/rosidl_generator_c/cmake)\n'}
[62.720459] (as2_behavior_tree) StderrLine: {'line': b'\x1b[31mCMake Error at CMakeLists.txt:33 (find_package):\n'}
[62.720594] (as2_behavior_tree) StderrLine: {'line': b'  By not providing "Findbehaviortree_cpp.cmake" in CMAKE_MODULE_PATH this\n'}
[62.720655] (as2_behavior_tree) StderrLine: {'line': b'  project has asked CMake to find a package configuration file provided by\n'}
[62.720709] (as2_behavior_tree) StderrLine: {'line': b'  "behaviortree_cpp", but CMake did not find one.\n'}
[62.720762] (as2_behavior_tree) StderrLine: {'line': b'\n'}
[62.720820] (as2_behavior_tree) StderrLine: {'line': b'  Could not find a package configuration file provided by "behaviortree_cpp"\n'}
[62.720874] (as2_behavior_tree) StderrLine: {'line': b'  with any of the following names:\n'}
[62.720924] (as2_behavior_tree) StderrLine: {'line': b'\n'}
[62.720974] (as2_behavior_tree) StderrLine: {'line': b'    behaviortree_cppConfig.cmake\n'}
[62.721024] (as2_behavior_tree) StderrLine: {'line': b'    behaviortree_cpp-config.cmake\n'}
[62.721086] (as2_behavior_tree) StderrLine: {'line': b'\n'}
[62.721136] (as2_behavior_tree) StderrLine: {'line': b'  Add the installation prefix of "behaviortree_cpp" to CMAKE_PREFIX_PATH or\n'}
[62.721188] (as2_behavior_tree) StderrLine: {'line': b'  set "behaviortree_cpp_DIR" to a directory containing one of the above\n'}
[62.721238] (as2_behavior_tree) StderrLine: {'line': b'  files.  If "behaviortree_cpp" provides a separate development package or\n'}
[62.721294] (as2_behavior_tree) StderrLine: {'line': b'  SDK, be sure it has been installed.\n'}
[62.721346] (as2_behavior_tree) StderrLine: {'line': b'\n'}
[62.721397] (as2_behavior_tree) StderrLine: {'line': b'\x1b[0m\n'}
[62.721448] (as2_behavior_tree) StdoutLine: {'line': b'-- Configuring incomplete, errors occurred!\n'}
[62.721506] (as2_behavior_tree) StdoutLine: {'line': b'See also "/home/developer/aerostack2_ws/build/as2_behavior_tree/CMakeFiles/CMakeOutput.log".\n'}
[62.723435] (as2_external_object_to_tf) StdoutLine: {'line': b'-- Found rosidl_adapter: 3.1.8 (/opt/ros/humble/share/rosidl_adapter/cmake)\n'}
[62.724054] (as2_realsense_interface) StdoutLine: {'line': b'-- Found rclcpp: 16.0.19 (/opt/ros/humble/share/rclcpp/cmake)\n'}
[62.724387] (as2_map_server) StdoutLine: {'line': b'-- Found rclcpp: 16.0.19 (/opt/ros/humble/share/rclcpp/cmake)\n'}
[62.724771] (as2_behavior_tree) CommandEnded: {'returncode': 1}
[62.725297] (as2_alphanumeric_viewer) StdoutLine: {'line': b'-- Override CMake install command with custom implementation using symlinks instead of copying resources\n'}
[62.726324] (as2_platform_multirotor_simulator) StdoutLine: {'line': b'-- Found rosidl_generator_c: 3.1.8 (/opt/ros/humble/share/rosidl_generator_c/cmake)\n'}
[62.729258] (as2_external_object_to_tf) StdoutLine: {'line': b'-- Found rosidl_generator_cpp: 3.1.8 (/opt/ros/humble/share/rosidl_generator_cpp/cmake)\n'}
[62.729852] (as2_geozones) StdoutLine: {'line': b'-- Override CMake install command with custom implementation using symlinks instead of copying resources\n'}
[62.731347] (as2_platform_multirotor_simulator) StdoutLine: {'line': b'-- Found rosidl_adapter: 3.1.8 (/opt/ros/humble/share/rosidl_adapter/cmake)\n'}
[62.731539] (as2_motion_reference_handlers) StdoutLine: {'line': b'-- Found rosidl_generator_c: 3.1.8 (/opt/ros/humble/share/rosidl_generator_c/cmake)\n'}
[62.734327] (as2_usb_camera_interface) StdoutLine: {'line': b'-- Found rclcpp: 16.0.19 (/opt/ros/humble/share/rclcpp/cmake)\n'}
[62.735633] (as2_behavior_tree) JobEnded: {'identifier': 'as2_behavior_tree', 'rc': 1}
[62.736719] (as2_motion_reference_handlers) StdoutLine: {'line': b'-- Found rosidl_adapter: 3.1.8 (/opt/ros/humble/share/rosidl_adapter/cmake)\n'}
[62.737147] (as2_platform_multirotor_simulator) StdoutLine: {'line': b'-- Found rosidl_generator_cpp: 3.1.8 (/opt/ros/humble/share/rosidl_generator_cpp/cmake)\n'}
[62.737882] (as2_external_object_to_tf) StdoutLine: {'line': b'-- Using all available rosidl_typesupport_c: rosidl_typesupport_fastrtps_c;rosidl_typesupport_introspection_c\n'}
[62.738364] (as2_state_estimator) StdoutLine: {'line': b'-- Override CMake install command with custom implementation using symlinks instead of copying resources\n'}
[62.744739] (as2_motion_reference_handlers) StdoutLine: {'line': b'-- Found rosidl_generator_cpp: 3.1.8 (/opt/ros/humble/share/rosidl_generator_cpp/cmake)\n'}
[62.745158] (as2_behavior) StdoutLine: {'line': b'-- Found rosidl_generator_c: 3.1.8 (/opt/ros/humble/share/rosidl_generator_c/cmake)\n'}
[62.747053] (as2_platform_multirotor_simulator) StdoutLine: {'line': b'-- Using all available rosidl_typesupport_c: rosidl_typesupport_fastrtps_c;rosidl_typesupport_introspection_c\n'}
[62.747466] (as2_gazebo_assets) StdoutLine: {'line': b'-- Found Protobuf: /usr/lib/x86_64-linux-gnu/libprotobuf.so (found version "3.12.4") \n'}
[62.749889] (as2_behavior) StdoutLine: {'line': b'-- Found rosidl_adapter: 3.1.8 (/opt/ros/humble/share/rosidl_adapter/cmake)\n'}
[62.750813] (as2_external_object_to_tf) StdoutLine: {'line': b'-- Using all available rosidl_typesupport_cpp: rosidl_typesupport_fastrtps_cpp;rosidl_typesupport_introspection_cpp\n'}
[62.752698] (as2_motion_reference_handlers) StdoutLine: {'line': b'-- Using all available rosidl_typesupport_c: rosidl_typesupport_fastrtps_c;rosidl_typesupport_introspection_c\n'}
[62.756976] (as2_alphanumeric_viewer) StdoutLine: {'line': b'-- Found rclcpp: 16.0.19 (/opt/ros/humble/share/rclcpp/cmake)\n'}
[62.757481] (as2_map_server) StdoutLine: {'line': b'-- Found rosidl_generator_c: 3.1.8 (/opt/ros/humble/share/rosidl_generator_c/cmake)\n'}
[62.757950] (as2_behavior) StdoutLine: {'line': b'-- Found rosidl_generator_cpp: 3.1.8 (/opt/ros/humble/share/rosidl_generator_cpp/cmake)\n'}
[62.758041] (as2_geozones) StdoutLine: {'line': b'-- Found rclcpp: 16.0.19 (/opt/ros/humble/share/rclcpp/cmake)\n'}
[62.760846] (as2_gazebo_assets) StdoutLine: {'line': b'-- Config-file not installed for ZeroMQ -- checking for pkg-config\n'}
[62.760951] (as2_realsense_interface) StdoutLine: {'line': b'-- Found rosidl_generator_c: 3.1.8 (/opt/ros/humble/share/rosidl_generator_c/cmake)\n'}
[62.761566] (as2_map_server) StdoutLine: {'line': b'-- Found rosidl_adapter: 3.1.8 (/opt/ros/humble/share/rosidl_adapter/cmake)\n'}
[62.762370] (as2_platform_multirotor_simulator) StdoutLine: {'line': b'-- Using all available rosidl_typesupport_cpp: rosidl_typesupport_fastrtps_cpp;rosidl_typesupport_introspection_cpp\n'}
[62.764010] (as2_gazebo_assets) StdoutLine: {'line': b"-- Checking for module 'libzmq >= 4'\n"}
[62.764850] (as2_motion_reference_handlers) StdoutLine: {'line': b'-- Using all available rosidl_typesupport_cpp: rosidl_typesupport_fastrtps_cpp;rosidl_typesupport_introspection_cpp\n'}
[62.764929] (as2_realsense_interface) StdoutLine: {'line': b'-- Found rosidl_adapter: 3.1.8 (/opt/ros/humble/share/rosidl_adapter/cmake)\n'}
[62.765694] (-) TimerEvent: {}
[62.767482] (as2_map_server) StdoutLine: {'line': b'-- Found rosidl_generator_cpp: 3.1.8 (/opt/ros/humble/share/rosidl_generator_cpp/cmake)\n'}
[62.769815] (as2_behavior) StdoutLine: {'line': b'-- Using all available rosidl_typesupport_c: rosidl_typesupport_fastrtps_c;rosidl_typesupport_introspection_c\n'}
[62.770089] (as2_usb_camera_interface) StdoutLine: {'line': b'-- Found rosidl_generator_c: 3.1.8 (/opt/ros/humble/share/rosidl_generator_c/cmake)\n'}
[62.770786] (as2_state_estimator) StdoutLine: {'line': b'-- Found rclcpp: 16.0.19 (/opt/ros/humble/share/rclcpp/cmake)\n'}
[62.771863] (as2_realsense_interface) StdoutLine: {'line': b'-- Found rosidl_generator_cpp: 3.1.8 (/opt/ros/humble/share/rosidl_generator_cpp/cmake)\n'}
[62.773309] (as2_gazebo_assets) StdoutLine: {'line': b'--   Found libzmq , version 4.3.4\n'}
[62.775363] (as2_usb_camera_interface) StdoutLine: {'line': b'-- Found rosidl_adapter: 3.1.8 (/opt/ros/humble/share/rosidl_adapter/cmake)\n'}
[62.776338] (as2_map_server) StdoutLine: {'line': b'-- Using all available rosidl_typesupport_c: rosidl_typesupport_fastrtps_c;rosidl_typesupport_introspection_c\n'}
[62.782183] (as2_external_object_to_tf) StdoutLine: {'line': b'-- Found rmw_implementation_cmake: 6.1.2 (/opt/ros/humble/share/rmw_implementation_cmake/cmake)\n'}
[62.783064] (as2_behavior) StdoutLine: {'line': b'-- Using all available rosidl_typesupport_cpp: rosidl_typesupport_fastrtps_cpp;rosidl_typesupport_introspection_cpp\n'}
[62.783631] (as2_realsense_interface) StdoutLine: {'line': b'-- Using all available rosidl_typesupport_c: rosidl_typesupport_fastrtps_c;rosidl_typesupport_introspection_c\n'}
[62.784130] (as2_external_object_to_tf) StdoutLine: {'line': b'-- Found rmw_fastrtps_cpp: 6.2.10 (/opt/ros/humble/share/rmw_fastrtps_cpp/cmake)\n'}
[62.784913] (as2_usb_camera_interface) StdoutLine: {'line': b'-- Found rosidl_generator_cpp: 3.1.8 (/opt/ros/humble/share/rosidl_generator_cpp/cmake)\n'}
[62.787095] (as2_map_server) StdoutLine: {'line': b'-- Using all available rosidl_typesupport_cpp: rosidl_typesupport_fastrtps_cpp;rosidl_typesupport_introspection_cpp\n'}
[62.794816] (as2_platform_multirotor_simulator) StdoutLine: {'line': b'-- Found rmw_implementation_cmake: 6.1.2 (/opt/ros/humble/share/rmw_implementation_cmake/cmake)\n'}
[62.796043] (as2_gazebo_assets) StdoutLine: {'line': b'-- Found ZeroMQ: TRUE (Required is at least version "4") \n'}
[62.796711] (as2_usb_camera_interface) StdoutLine: {'line': b'-- Using all available rosidl_typesupport_c: rosidl_typesupport_fastrtps_c;rosidl_typesupport_introspection_c\n'}
[62.796796] (as2_platform_multirotor_simulator) StdoutLine: {'line': b'-- Found rmw_fastrtps_cpp: 6.2.10 (/opt/ros/humble/share/rmw_fastrtps_cpp/cmake)\n'}
[62.796924] (as2_geozones) StdoutLine: {'line': b'-- Found rosidl_generator_c: 3.1.8 (/opt/ros/humble/share/rosidl_generator_c/cmake)\n'}
[62.799555] (as2_alphanumeric_viewer) StdoutLine: {'line': b'-- Found rosidl_generator_c: 3.1.8 (/opt/ros/humble/share/rosidl_generator_c/cmake)\n'}
[62.799694] (as2_gazebo_assets) StdoutLine: {'line': b"-- Checking for module 'uuid'\n"}
[62.799907] (as2_state_estimator) StdoutLine: {'line': b'-- Found rosidl_generator_c: 3.1.8 (/opt/ros/humble/share/rosidl_generator_c/cmake)\n'}
[62.800538] (as2_realsense_interface) StdoutLine: {'line': b'-- Using all available rosidl_typesupport_cpp: rosidl_typesupport_fastrtps_cpp;rosidl_typesupport_introspection_cpp\n'}
[62.801075] (as2_geozones) StdoutLine: {'line': b'-- Found rosidl_adapter: 3.1.8 (/opt/ros/humble/share/rosidl_adapter/cmake)\n'}
[62.803786] (as2_state_estimator) StdoutLine: {'line': b'-- Found rosidl_adapter: 3.1.8 (/opt/ros/humble/share/rosidl_adapter/cmake)\n'}
[62.804184] (as2_alphanumeric_viewer) StdoutLine: {'line': b'-- Found rosidl_adapter: 3.1.8 (/opt/ros/humble/share/rosidl_adapter/cmake)\n'}
[62.807631] (as2_gazebo_assets) StdoutLine: {'line': b'--   Found uuid, version 2.37.2\n'}
[62.809623] (as2_state_estimator) StdoutLine: {'line': b'-- Found rosidl_generator_cpp: 3.1.8 (/opt/ros/humble/share/rosidl_generator_cpp/cmake)\n'}
[62.810380] (as2_alphanumeric_viewer) StdoutLine: {'line': b'-- Found rosidl_generator_cpp: 3.1.8 (/opt/ros/humble/share/rosidl_generator_cpp/cmake)\n'}
[62.810493] (as2_geozones) StdoutLine: {'line': b'-- Found rosidl_generator_cpp: 3.1.8 (/opt/ros/humble/share/rosidl_generator_cpp/cmake)\n'}
[62.813303] (as2_motion_reference_handlers) StdoutLine: {'line': b'-- Found rmw_implementation_cmake: 6.1.2 (/opt/ros/humble/share/rmw_implementation_cmake/cmake)\n'}
[62.814446] (as2_usb_camera_interface) StdoutLine: {'line': b'-- Using all available rosidl_typesupport_cpp: rosidl_typesupport_fastrtps_cpp;rosidl_typesupport_introspection_cpp\n'}
[62.816213] (as2_motion_reference_handlers) StdoutLine: {'line': b'-- Found rmw_fastrtps_cpp: 6.2.10 (/opt/ros/humble/share/rmw_fastrtps_cpp/cmake)\n'}
[62.817345] (as2_behavior) StdoutLine: {'line': b'-- Found rmw_implementation_cmake: 6.1.2 (/opt/ros/humble/share/rmw_implementation_cmake/cmake)\n'}
[62.818637] (as2_state_estimator) StdoutLine: {'line': b'-- Using all available rosidl_typesupport_c: rosidl_typesupport_fastrtps_c;rosidl_typesupport_introspection_c\n'}
[62.819177] (as2_alphanumeric_viewer) StdoutLine: {'line': b'-- Using all available rosidl_typesupport_c: rosidl_typesupport_fastrtps_c;rosidl_typesupport_introspection_c\n'}
[62.819349] (as2_behavior) StdoutLine: {'line': b'-- Found rmw_fastrtps_cpp: 6.2.10 (/opt/ros/humble/share/rmw_fastrtps_cpp/cmake)\n'}
[62.819451] (as2_map_server) StdoutLine: {'line': b'-- Found rmw_implementation_cmake: 6.1.2 (/opt/ros/humble/share/rmw_implementation_cmake/cmake)\n'}
[62.822371] (as2_map_server) StdoutLine: {'line': b'-- Found rmw_fastrtps_cpp: 6.2.10 (/opt/ros/humble/share/rmw_fastrtps_cpp/cmake)\n'}
[62.822883] (as2_geozones) StdoutLine: {'line': b'-- Using all available rosidl_typesupport_c: rosidl_typesupport_fastrtps_c;rosidl_typesupport_introspection_c\n'}
[62.828111] (as2_gazebo_assets) StdoutLine: {'line': b'-- Found UUID: TRUE  \n'}
[62.828446] (as2_gazebo_assets) StdoutLine: {'line': b'-- Looking for ignition-utils1 -- found version 1.5.1\n'}
[62.828756] (as2_gazebo_assets) StdoutLine: {'line': b'-- Searching for dependencies of ignition-utils1\n'}
[62.828867] (as2_gazebo_assets) StdoutLine: {'line': b'-- Searching for <ignition-utils1> component [cli]\n'}
[62.829479] (as2_alphanumeric_viewer) StdoutLine: {'line': b'-- Using all available rosidl_typesupport_cpp: rosidl_typesupport_fastrtps_cpp;rosidl_typesupport_introspection_cpp\n'}
[62.831085] (as2_gazebo_assets) StdoutLine: {'line': b'-- Looking for ignition-utils1-cli -- found version 1.5.1\n'}
[62.831276] (as2_state_estimator) StdoutLine: {'line': b'-- Using all available rosidl_typesupport_cpp: rosidl_typesupport_fastrtps_cpp;rosidl_typesupport_introspection_cpp\n'}
[62.831324] (as2_gazebo_assets) StdoutLine: {'line': b'-- Searching for dependencies of ignition-utils1-cli\n'}
[62.833424] (as2_gazebo_assets) StdoutLine: {'line': b'-- Looking for ignition-msgs8 -- found version 8.7.0\n'}
[62.833674] (as2_gazebo_assets) StdoutLine: {'line': b'-- Searching for dependencies of ignition-msgs8\n'}
[62.839246] (as2_realsense_interface) StdoutLine: {'line': b'-- Found rmw_implementation_cmake: 6.1.2 (/opt/ros/humble/share/rmw_implementation_cmake/cmake)\n'}
[62.839817] (as2_geozones) StdoutLine: {'line': b'-- Using all available rosidl_typesupport_cpp: rosidl_typesupport_fastrtps_cpp;rosidl_typesupport_introspection_cpp\n'}
[62.840676] (as2_external_object_to_tf) StdoutLine: {'line': b'-- Found OpenSSL: /usr/lib/x86_64-linux-gnu/libcrypto.so (found version "3.0.2")  \n'}
[62.841382] (as2_realsense_interface) StdoutLine: {'line': b'-- Found rmw_fastrtps_cpp: 6.2.10 (/opt/ros/humble/share/rmw_fastrtps_cpp/cmake)\n'}
[62.846585] (as2_gazebo_assets) StdoutLine: {'line': b'-- Found Protobuf: /usr/lib/x86_64-linux-gnu/libprotobuf.so (found suitable version "3.12.4", minimum required is "3") \n'}
[62.847103] (as2_gazebo_assets) StdoutLine: {'line': b'-- Looking for ignition-math6 -- found version 6.15.1\n'}
[62.853381] (as2_platform_multirotor_simulator) StdoutLine: {'line': b'-- Found OpenSSL: /usr/lib/x86_64-linux-gnu/libcrypto.so (found version "3.0.2")  \n'}
[62.857545] (as2_gazebo_assets) StdoutLine: {'line': b'-- Searching for <ignition-transport11> component [log]\n'}
[62.858491] (as2_external_object_to_tf) StdoutLine: {'line': b'-- Found FastRTPS: /opt/ros/humble/include  \n'}
[62.860062] (as2_gazebo_assets) StdoutLine: {'line': b'-- Looking for ignition-transport11-log -- found version 11.4.1\n'}
[62.860223] (as2_usb_camera_interface) StdoutLine: {'line': b'-- Found rmw_implementation_cmake: 6.1.2 (/opt/ros/humble/share/rmw_implementation_cmake/cmake)\n'}
[62.860491] (as2_gazebo_assets) StdoutLine: {'line': b'-- Searching for dependencies of ignition-transport11-log\n'}
[62.860946] (as2_gazebo_assets) StdoutLine: {'line': b'-- Searching for <ignition-transport11> component [parameters]\n'}
[62.862936] (as2_usb_camera_interface) StdoutLine: {'line': b'-- Found rmw_fastrtps_cpp: 6.2.10 (/opt/ros/humble/share/rmw_fastrtps_cpp/cmake)\n'}
[62.863049] (as2_gazebo_assets) StdoutLine: {'line': b'-- Looking for ignition-transport11-parameters -- found version 11.4.1\n'}
[62.863459] (as2_gazebo_assets) StdoutLine: {'line': b'-- Searching for dependencies of ignition-transport11-parameters\n'}
[62.864070] (as2_state_estimator) StdoutLine: {'line': b'-- Found rmw_implementation_cmake: 6.1.2 (/opt/ros/humble/share/rmw_implementation_cmake/cmake)\n'}
[62.864257] (as2_gazebo_assets) StdoutLine: {'line': b'-- Looking for ignition-msgs8 -- found version 8.7.0\n'}
[62.865772] (-) TimerEvent: {}
[62.866643] (as2_state_estimator) StdoutLine: {'line': b'-- Found rmw_fastrtps_cpp: 6.2.10 (/opt/ros/humble/share/rmw_fastrtps_cpp/cmake)\n'}
[62.867493] (as2_gazebo_assets) StdoutLine: {'line': b'-- Looking for ignition-common4 -- found version 4.7.0\n'}
[62.867889] (as2_gazebo_assets) StdoutLine: {'line': b'-- Searching for dependencies of ignition-common4\n'}
[62.869119] (as2_gazebo_assets) StdoutLine: {'line': b'-- Looking for dlfcn.h - found\n'}
[62.869898] (as2_alphanumeric_viewer) StdoutLine: {'line': b'-- Found rmw_implementation_cmake: 6.1.2 (/opt/ros/humble/share/rmw_implementation_cmake/cmake)\n'}
[62.870110] (as2_gazebo_assets) StdoutLine: {'line': b'-- Looking for libdl - found\n'}
[62.871354] (as2_gazebo_assets) StdoutLine: {'line': b'-- Found DL: TRUE  \n'}
[62.871491] (as2_platform_multirotor_simulator) StdoutLine: {'line': b'-- Found FastRTPS: /opt/ros/humble/include  \n'}
[62.873317] (as2_alphanumeric_viewer) StdoutLine: {'line': b'-- Found rmw_fastrtps_cpp: 6.2.10 (/opt/ros/humble/share/rmw_fastrtps_cpp/cmake)\n'}
[62.874910] (as2_behavior) StdoutLine: {'line': b'-- Found OpenSSL: /usr/lib/x86_64-linux-gnu/libcrypto.so (found version "3.0.2")  \n'}
[62.876823] (as2_motion_reference_handlers) StdoutLine: {'line': b'-- Found OpenSSL: /usr/lib/x86_64-linux-gnu/libcrypto.so (found version "3.0.2")  \n'}
[62.877892] (as2_gazebo_assets) StdoutLine: {'line': b'-- Searching for <ignition-common4> component [profiler]\n'}
[62.878980] (as2_map_server) StdoutLine: {'line': b'-- Found OpenSSL: /usr/lib/x86_64-linux-gnu/libcrypto.so (found version "3.0.2")  \n'}
[62.880725] (as2_gazebo_assets) StdoutLine: {'line': b'-- Looking for ignition-common4-profiler -- found version 4.7.0\n'}
[62.881150] (as2_gazebo_assets) StdoutLine: {'line': b'-- Searching for dependencies of ignition-common4-profiler\n'}
[62.881652] (as2_gazebo_assets) StdoutLine: {'line': b'-- Searching for <ignition-common4> component [events]\n'}
[62.883926] (as2_gazebo_assets) StdoutLine: {'line': b'-- Looking for ignition-common4-events -- found version 4.7.0\n'}
[62.884349] (as2_gazebo_assets) StdoutLine: {'line': b'-- Searching for dependencies of ignition-common4-events\n'}
[62.884682] (as2_gazebo_assets) StdoutLine: {'line': b'-- Looking for ignition-math6 -- found version 6.15.1\n'}
[62.885275] (as2_gazebo_assets) StdoutLine: {'line': b'-- Searching for <ignition-common4> component [av]\n'}
[62.887660] (as2_gazebo_assets) StdoutLine: {'line': b'-- Looking for ignition-common4-av -- found version 4.7.0\n'}
[62.887775] (as2_geozones) StdoutLine: {'line': b'-- Found rmw_implementation_cmake: 6.1.2 (/opt/ros/humble/share/rmw_implementation_cmake/cmake)\n'}
[62.887892] (as2_gazebo_assets) StdoutLine: {'line': b'-- Searching for dependencies of ignition-common4-av\n'}
[62.890200] (as2_geozones) StdoutLine: {'line': b'-- Found rmw_fastrtps_cpp: 6.2.10 (/opt/ros/humble/share/rmw_fastrtps_cpp/cmake)\n'}
[62.890683] (as2_gazebo_assets) StdoutLine: {'line': b"-- Checking for module 'libswscale'\n"}
[62.891997] (as2_external_object_to_tf) StdoutLine: {'line': b"-- Using RMW implementation 'rmw_fastrtps_cpp' as default\n"}
[62.894683] (as2_behavior) StdoutLine: {'line': b'-- Found FastRTPS: /opt/ros/humble/include  \n'}
[62.897071] (as2_motion_reference_handlers) StdoutLine: {'line': b'-- Found FastRTPS: /opt/ros/humble/include  \n'}
[62.897215] (as2_gazebo_assets) StdoutLine: {'line': b'--   Found libswscale, version 5.9.100\n'}
[62.899452] (as2_realsense_interface) StdoutLine: {'line': b'-- Found OpenSSL: /usr/lib/x86_64-linux-gnu/libcrypto.so (found version "3.0.2")  \n'}
[62.899583] (as2_map_server) StdoutLine: {'line': b'-- Found FastRTPS: /opt/ros/humble/include  \n'}
[62.901518] (as2_external_object_to_tf) StdoutLine: {'line': b'-- Looking for pthread.h\n'}
[62.904358] (as2_platform_multirotor_simulator) StdoutLine: {'line': b"-- Using RMW implementation 'rmw_fastrtps_cpp' as default\n"}
[62.910457] (as2_platform_multirotor_simulator) StdoutLine: {'line': b'-- Looking for pthread.h\n'}
[62.914248] (as2_gazebo_assets) StdoutLine: {'line': b'-- Found SWSCALE: TRUE  \n'}
[62.918617] (as2_gazebo_assets) StdoutLine: {'line': b"-- Checking for module 'libavdevice >= 56.4.100'\n"}
[62.925468] (as2_realsense_interface) StdoutLine: {'line': b'-- Found FastRTPS: /opt/ros/humble/include  \n'}
[62.926181] (as2_gazebo_assets) StdoutLine: {'line': b'--   Found libavdevice , version 58.13.100\n'}
[62.927490] (as2_behavior) StdoutLine: {'line': b"-- Using RMW implementation 'rmw_fastrtps_cpp' as default\n"}
[62.929596] (as2_state_estimator) StdoutLine: {'line': b'-- Found OpenSSL: /usr/lib/x86_64-linux-gnu/libcrypto.so (found version "3.0.2")  \n'}
[62.930721] (as2_motion_reference_handlers) StdoutLine: {'line': b"-- Using RMW implementation 'rmw_fastrtps_cpp' as default\n"}
[62.931104] (as2_usb_camera_interface) StdoutLine: {'line': b'-- Found OpenSSL: /usr/lib/x86_64-linux-gnu/libcrypto.so (found version "3.0.2")  \n'}
[62.933974] (as2_behavior) StdoutLine: {'line': b'-- Looking for pthread.h\n'}
[62.934312] (as2_alphanumeric_viewer) StdoutLine: {'line': b'-- Found OpenSSL: /usr/lib/x86_64-linux-gnu/libcrypto.so (found version "3.0.2")  \n'}
[62.935209] (as2_map_server) StdoutLine: {'line': b"-- Using RMW implementation 'rmw_fastrtps_cpp' as default\n"}
[62.938113] (as2_motion_reference_handlers) StdoutLine: {'line': b'-- Looking for pthread.h\n'}
[62.941985] (as2_external_object_to_tf) StdoutLine: {'line': b'-- Looking for pthread.h - found\n'}
[62.942247] (as2_external_object_to_tf) StdoutLine: {'line': b'-- Performing Test CMAKE_HAVE_LIBC_PTHREAD\n'}
[62.945622] (as2_map_server) StdoutLine: {'line': b'-- Looking for pthread.h\n'}
[62.948097] (as2_gazebo_assets) StdoutLine: {'line': b'-- Found AVDEVICE: TRUE (Required is at least version "56.4.100") \n'}
[62.952354] (as2_gazebo_assets) StdoutLine: {'line': b"-- Checking for module 'libavformat'\n"}
[62.952548] (as2_state_estimator) StdoutLine: {'line': b'-- Found FastRTPS: /opt/ros/humble/include  \n'}
[62.955978] (as2_platform_multirotor_simulator) StdoutLine: {'line': b'-- Looking for pthread.h - found\n'}
[62.956464] (as2_platform_multirotor_simulator) StdoutLine: {'line': b'-- Performing Test CMAKE_HAVE_LIBC_PTHREAD\n'}
[62.956891] (as2_usb_camera_interface) StdoutLine: {'line': b'-- Found FastRTPS: /opt/ros/humble/include  \n'}
[62.959703] (as2_alphanumeric_viewer) StdoutLine: {'line': b'-- Found FastRTPS: /opt/ros/humble/include  \n'}
[62.959802] (as2_gazebo_assets) StdoutLine: {'line': b'--   Found libavformat, version 58.76.100\n'}
[62.959872] (as2_geozones) StdoutLine: {'line': b'-- Found OpenSSL: /usr/lib/x86_64-linux-gnu/libcrypto.so (found version "3.0.2")  \n'}
[62.964947] (as2_realsense_interface) StdoutLine: {'line': b"-- Using RMW implementation 'rmw_fastrtps_cpp' as default\n"}
[62.965844] (-) TimerEvent: {}
[62.971620] (as2_realsense_interface) StdoutLine: {'line': b'-- Looking for pthread.h\n'}
[62.974321] (as2_behavior) StdoutLine: {'line': b'-- Looking for pthread.h - found\n'}
[62.974700] (as2_behavior) StdoutLine: {'line': b'-- Performing Test CMAKE_HAVE_LIBC_PTHREAD\n'}
[62.983005] (as2_gazebo_assets) StdoutLine: {'line': b'-- Found AVFORMAT: TRUE  \n'}
[62.983587] (as2_motion_reference_handlers) StdoutLine: {'line': b'-- Looking for pthread.h - found\n'}
[62.984032] (as2_motion_reference_handlers) StdoutLine: {'line': b'-- Performing Test CMAKE_HAVE_LIBC_PTHREAD\n'}
[62.985707] (as2_geozones) StdoutLine: {'line': b'-- Found FastRTPS: /opt/ros/humble/include  \n'}
[62.986949] (as2_gazebo_assets) StdoutLine: {'line': b"-- Checking for module 'libavcodec'\n"}
[62.987321] (as2_external_object_to_tf) StdoutLine: {'line': b'-- Performing Test CMAKE_HAVE_LIBC_PTHREAD - Success\n'}
[62.988440] (as2_external_object_to_tf) StdoutLine: {'line': b'-- Found Threads: TRUE  \n'}
[62.989273] (as2_state_estimator) StdoutLine: {'line': b"-- Using RMW implementation 'rmw_fastrtps_cpp' as default\n"}
[62.990436] (as2_map_server) StdoutLine: {'line': b'-- Looking for pthread.h - found\n'}
[62.990777] (as2_map_server) StdoutLine: {'line': b'-- Performing Test CMAKE_HAVE_LIBC_PTHREAD\n'}
[62.992572] (as2_usb_camera_interface) StdoutLine: {'line': b"-- Using RMW implementation 'rmw_fastrtps_cpp' as default\n"}
[62.995302] (as2_gazebo_assets) StdoutLine: {'line': b'--   Found libavcodec, version 58.134.100\n'}
[62.995482] (as2_state_estimator) StdoutLine: {'line': b'-- Looking for pthread.h\n'}
[63.000245] (as2_alphanumeric_viewer) StdoutLine: {'line': b"-- Using RMW implementation 'rmw_fastrtps_cpp' as default\n"}
[63.003048] (as2_usb_camera_interface) StdoutLine: {'line': b'-- Looking for pthread.h\n'}
[63.006620] (as2_alphanumeric_viewer) StdoutLine: {'line': b'-- Looking for pthread.h\n'}
[63.009417] (as2_platform_multirotor_simulator) StdoutLine: {'line': b'-- Performing Test CMAKE_HAVE_LIBC_PTHREAD - Success\n'}
[63.010570] (as2_platform_multirotor_simulator) StdoutLine: {'line': b'-- Found Threads: TRUE  \n'}
[63.014402] (as2_realsense_interface) StdoutLine: {'line': b'-- Looking for pthread.h - found\n'}
[63.014698] (as2_gazebo_assets) StdoutLine: {'line': b'-- Found AVCODEC: TRUE  \n'}
[63.014799] (as2_realsense_interface) StdoutLine: {'line': b'-- Performing Test CMAKE_HAVE_LIBC_PTHREAD\n'}
[63.017786] (as2_gazebo_assets) StdoutLine: {'line': b"-- Checking for module 'libavutil'\n"}
[63.019689] (as2_geozones) StdoutLine: {'line': b"-- Using RMW implementation 'rmw_fastrtps_cpp' as default\n"}
[63.025082] (as2_behavior) StdoutLine: {'line': b'-- Performing Test CMAKE_HAVE_LIBC_PTHREAD - Success\n'}
[63.025978] (as2_geozones) StdoutLine: {'line': b'-- Looking for pthread.h\n'}
[63.026189] (as2_behavior) StdoutLine: {'line': b'-- Found Threads: TRUE  \n'}
[63.026299] (as2_gazebo_assets) StdoutLine: {'line': b'--   Found libavutil, version 56.70.100\n'}
[63.032430] (as2_motion_reference_handlers) StdoutLine: {'line': b'-- Performing Test CMAKE_HAVE_LIBC_PTHREAD - Success\n'}
[63.033054] (as2_motion_reference_handlers) StdoutLine: {'line': b'-- Found Threads: TRUE  \n'}
[63.033221] (as2_map_server) StdoutLine: {'line': b'-- Performing Test CMAKE_HAVE_LIBC_PTHREAD - Success\n'}
[63.034269] (as2_map_server) StdoutLine: {'line': b'-- Found Threads: TRUE  \n'}
[63.041754] (as2_state_estimator) StdoutLine: {'line': b'-- Looking for pthread.h - found\n'}
[63.042219] (as2_state_estimator) StdoutLine: {'line': b'-- Performing Test CMAKE_HAVE_LIBC_PTHREAD\n'}
[63.042395] (as2_external_object_to_tf) StdoutLine: {'line': b'-- Found as2_core: 1.1.3 (/home/developer/aerostack2_ws/install/as2_core/share/as2_core/cmake)\n'}
[63.044302] (as2_usb_camera_interface) StdoutLine: {'line': b'-- Looking for pthread.h - found\n'}
[63.044558] (as2_usb_camera_interface) StdoutLine: {'line': b'-- Performing Test CMAKE_HAVE_LIBC_PTHREAD\n'}
[63.045157] (as2_gazebo_assets) StdoutLine: {'line': b'-- Found AVUTIL: TRUE  \n'}
[63.045537] (as2_external_object_to_tf) StdoutLine: {'line': b'-- Created yaml-cpp::yaml-cpp alias from yaml-cpp target\n'}
[63.047734] (as2_gazebo_assets) StdoutLine: {'line': b'-- Looking for ignition-fuel_tools7 -- found version 7.3.0\n'}
[63.047901] (as2_external_object_to_tf) StdoutLine: {'line': b'-- Created GeographicLib::GeographicLib target from legacy variables\n'}
[63.048016] (as2_alphanumeric_viewer) StdoutLine: {'line': b'-- Looking for pthread.h - found\n'}
[63.048076] (as2_gazebo_assets) StdoutLine: {'line': b'-- Searching for dependencies of ignition-fuel_tools7\n'}
[63.048156] (as2_alphanumeric_viewer) StdoutLine: {'line': b'-- Performing Test CMAKE_HAVE_LIBC_PTHREAD\n'}
[63.057440] (as2_realsense_interface) StdoutLine: {'line': b'-- Performing Test CMAKE_HAVE_LIBC_PTHREAD - Success\n'}
[63.058131] (as2_realsense_interface) StdoutLine: {'line': b'-- Found Threads: TRUE  \n'}
[63.064093] (as2_platform_multirotor_simulator) StdoutLine: {'line': b'-- Found as2_core: 1.1.3 (/home/developer/aerostack2_ws/install/as2_core/share/as2_core/cmake)\n'}
[63.065358] (as2_geozones) StdoutLine: {'line': b'-- Looking for pthread.h - found\n'}
[63.065594] (as2_geozones) StdoutLine: {'line': b'-- Performing Test CMAKE_HAVE_LIBC_PTHREAD\n'}
[63.065899] (-) TimerEvent: {}
[63.067199] (as2_platform_multirotor_simulator) StdoutLine: {'line': b'-- Created yaml-cpp::yaml-cpp alias from yaml-cpp target\n'}
[63.067858] (as2_motion_reference_handlers) StdoutLine: {'line': b'-- Found rclpy: 3.3.21 (/opt/ros/humble/share/rclpy/cmake)\n'}
[63.068283] (as2_motion_reference_handlers) StdoutLine: {'line': b'-- Found as2_core: 1.1.3 (/home/developer/aerostack2_ws/install/as2_core/share/as2_core/cmake)\n'}
[63.069232] (as2_platform_multirotor_simulator) StdoutLine: {'line': b'-- Created GeographicLib::GeographicLib target from legacy variables\n'}
[63.071508] (as2_motion_reference_handlers) StdoutLine: {'line': b'-- Created yaml-cpp::yaml-cpp alias from yaml-cpp target\n'}
[63.073787] (as2_motion_reference_handlers) StdoutLine: {'line': b'-- Created GeographicLib::GeographicLib target from legacy variables\n'}
[63.078257] (as2_behavior) StdoutLine: {'line': b'-- Found as2_core: 1.1.3 (/home/developer/aerostack2_ws/install/as2_core/share/as2_core/cmake)\n'}
[63.079407] (as2_map_server) StdoutLine: {'line': b'-- Found as2_core: 1.1.3 (/home/developer/aerostack2_ws/install/as2_core/share/as2_core/cmake)\n'}
[63.081352] (as2_behavior) StdoutLine: {'line': b'-- Created yaml-cpp::yaml-cpp alias from yaml-cpp target\n'}
[63.081732] (as2_map_server) StdoutLine: {'line': b'-- Created yaml-cpp::yaml-cpp alias from yaml-cpp target\n'}
[63.083217] (as2_map_server) StdoutLine: {'line': b'-- Created GeographicLib::GeographicLib target from legacy variables\n'}
[63.083331] (as2_behavior) StdoutLine: {'line': b'-- Created GeographicLib::GeographicLib target from legacy variables\n'}
[63.084437] (as2_state_estimator) StdoutLine: {'line': b'-- Performing Test CMAKE_HAVE_LIBC_PTHREAD - Success\n'}
[63.085193] (as2_state_estimator) StdoutLine: {'line': b'-- Found Threads: TRUE  \n'}
[63.086400] (as2_usb_camera_interface) StdoutLine: {'line': b'-- Performing Test CMAKE_HAVE_LIBC_PTHREAD - Success\n'}
[63.087154] (as2_usb_camera_interface) StdoutLine: {'line': b'-- Found Threads: TRUE  \n'}
[63.098158] (as2_realsense_interface) StdoutLine: {'line': b'-- Found as2_core: 1.1.3 (/home/developer/aerostack2_ws/install/as2_core/share/as2_core/cmake)\n'}
[63.100065] (as2_alphanumeric_viewer) StdoutLine: {'line': b'-- Performing Test CMAKE_HAVE_LIBC_PTHREAD - Success\n'}
[63.100817] (as2_gazebo_assets) StdoutLine: {'line': b'-- Found CURL: /usr/lib/x86_64-linux-gnu/libcurl.so (found version "7.81.0")  \n'}
[63.101095] (as2_alphanumeric_viewer) StdoutLine: {'line': b'-- Found Threads: TRUE  \n'}
[63.101229] (as2_realsense_interface) StdoutLine: {'line': b'-- Created yaml-cpp::yaml-cpp alias from yaml-cpp target\n'}
[63.102952] (as2_realsense_interface) StdoutLine: {'line': b'-- Created GeographicLib::GeographicLib target from legacy variables\n'}
[63.105455] (as2_geozones) StdoutLine: {'line': b'-- Performing Test CMAKE_HAVE_LIBC_PTHREAD - Success\n'}
[63.106462] (as2_geozones) StdoutLine: {'line': b'-- Found Threads: TRUE  \n'}
[63.106841] (as2_gazebo_assets) StdoutLine: {'line': b"-- Checking for module 'jsoncpp'\n"}
[63.112582] (as2_gazebo_assets) StdoutLine: {'line': b'--   Found jsoncpp, version 1.9.5\n'}
[63.116696] (as2_state_estimator) StdoutLine: {'line': b'-- Found pluginlib: 5.1.4 (/opt/ros/humble/share/pluginlib/cmake)\n'}
[63.119089] (as2_usb_camera_interface) StdoutLine: {'line': b'-- Found as2_core: 1.1.3 (/home/developer/aerostack2_ws/install/as2_core/share/as2_core/cmake)\n'}
[63.120930] (as2_usb_camera_interface) StdoutLine: {'line': b'-- Created yaml-cpp::yaml-cpp alias from yaml-cpp target\n'}
[63.122014] (as2_usb_camera_interface) StdoutLine: {'line': b'-- Created GeographicLib::GeographicLib target from legacy variables\n'}
[63.129383] (as2_gazebo_assets) StdoutLine: {'line': b'-- Found JSONCPP: TRUE  \n'}
[63.131781] (as2_alphanumeric_viewer) StdoutLine: {'line': b'-- Found as2_core: 1.1.3 (/home/developer/aerostack2_ws/install/as2_core/share/as2_core/cmake)\n'}
[63.133426] (as2_alphanumeric_viewer) StdoutLine: {'line': b'-- Created yaml-cpp::yaml-cpp alias from yaml-cpp target\n'}
[63.134414] (as2_alphanumeric_viewer) StdoutLine: {'line': b'-- Created GeographicLib::GeographicLib target from legacy variables\n'}
[63.134502] (as2_gazebo_assets) StdoutLine: {'line': b"-- Checking for module 'libzip'\n"}
[63.136726] (as2_state_estimator) StdoutLine: {'line': b'-- Found as2_core: 1.1.3 (/home/developer/aerostack2_ws/install/as2_core/share/as2_core/cmake)\n'}
[63.138620] (as2_state_estimator) StdoutLine: {'line': b'-- Created yaml-cpp::yaml-cpp alias from yaml-cpp target\n'}
[63.139637] (as2_state_estimator) StdoutLine: {'line': b'-- Created GeographicLib::GeographicLib target from legacy variables\n'}
[63.141145] (as2_geozones) StdoutLine: {'line': b'-- Found as2_core: 1.1.3 (/home/developer/aerostack2_ws/install/as2_core/share/as2_core/cmake)\n'}
[63.142003] (as2_gazebo_assets) StdoutLine: {'line': b'--   Found libzip, version 1.7.3\n'}
[63.142788] (as2_geozones) StdoutLine: {'line': b'-- Created yaml-cpp::yaml-cpp alias from yaml-cpp target\n'}
[63.143837] (as2_geozones) StdoutLine: {'line': b'-- Created GeographicLib::GeographicLib target from legacy variables\n'}
[63.166004] (-) TimerEvent: {}
[63.166227] (as2_gazebo_assets) StdoutLine: {'line': b'-- Found ZIP: TRUE  \n'}
[63.166363] (as2_gazebo_assets) StdoutLine: {'line': b'-- Looking for ignition-common4 -- found version 4.7.0\n'}
[63.166758] (as2_gazebo_assets) StdoutLine: {'line': b'-- Looking for ignition-math6 -- found version 6.15.1\n'}
[63.167091] (as2_gazebo_assets) StdoutLine: {'line': b'-- Looking for ignition-msgs8 -- found version 8.7.0\n'}
[63.170464] (as2_gazebo_assets) StdoutLine: {'line': b'-- Looking for ignition-gui6 -- found version 6.8.0\n'}
[63.170803] (as2_gazebo_assets) StdoutLine: {'line': b'-- Searching for dependencies of ignition-gui6\n'}
[63.180986] (as2_motion_reference_handlers) StdoutLine: {'line': b'-- Found eigen3_cmake_module: 0.1.1 (/opt/ros/humble/share/eigen3_cmake_module/cmake)\n'}
[63.181735] (as2_motion_reference_handlers) StdoutLine: {'line': b'-- Found Eigen3: TRUE (found version "3.4.0") \n'}
[63.181828] (as2_motion_reference_handlers) StdoutLine: {'line': b'-- Ensuring Eigen3 include directory is part of orocos-kdl CMake target\n'}
[63.193840] (as2_gazebo_assets) StdoutLine: {'line': b'-- Looking for ignition-math6 -- found version 6.15.1\n'}
[63.194042] (as2_gazebo_assets) StdoutLine: {'line': b'-- Looking for ignition-common4 -- found version 4.7.0\n'}
[63.194283] (as2_gazebo_assets) StdoutLine: {'line': b'-- Looking for ignition-plugin1 -- found version 1.4.0\n'}
[63.194525] (as2_gazebo_assets) StdoutLine: {'line': b'-- Looking for ignition-transport11 -- found version 11.4.1\n'}
[63.196229] (as2_gazebo_assets) StdoutLine: {'line': b'-- Looking for ignition-rendering6 -- found version 6.6.3\n'}
[63.196547] (as2_gazebo_assets) StdoutLine: {'line': b'-- Searching for dependencies of ignition-rendering6\n'}
[63.196759] (as2_gazebo_assets) StdoutLine: {'line': b'-- Looking for ignition-math6 -- found version 6.15.1\n'}
[63.197012] (as2_gazebo_assets) StdoutLine: {'line': b'-- Searching for dependencies of ignition-math6\n'}
[63.197088] (as2_gazebo_assets) StdoutLine: {'line': b'-- Searching for <ignition-math6> component [eigen3]\n'}
[63.198769] (as2_gazebo_assets) StdoutLine: {'line': b'-- Looking for ignition-math6-eigen3 -- found version 6.15.1\n'}
[63.199000] (as2_gazebo_assets) StdoutLine: {'line': b'-- Searching for dependencies of ignition-math6-eigen3\n'}
[63.201133] (as2_platform_multirotor_simulator) StdoutLine: {'line': b'-- Found eigen3_cmake_module: 0.1.1 (/opt/ros/humble/share/eigen3_cmake_module/cmake)\n'}
[63.201904] (as2_external_object_to_tf) StdoutLine: {'line': b'-- Found eigen3_cmake_module: 0.1.1 (/opt/ros/humble/share/eigen3_cmake_module/cmake)\n'}
[63.202016] (as2_platform_multirotor_simulator) StdoutLine: {'line': b'-- Found Eigen3: TRUE (found version "3.4.0") \n'}
[63.202068] (as2_platform_multirotor_simulator) StdoutLine: {'line': b'-- Ensuring Eigen3 include directory is part of orocos-kdl CMake target\n'}
[63.203113] (as2_external_object_to_tf) StdoutLine: {'line': b'-- Found Eigen3: TRUE (found version "3.4.0") \n'}
[63.203198] (as2_external_object_to_tf) StdoutLine: {'line': b'-- Ensuring Eigen3 include directory is part of orocos-kdl CMake target\n'}
[63.208018] (as2_gazebo_assets) StdoutLine: {'line': b'-- Looking for ignition-common4 -- found version 4.7.0\n'}
[63.208398] (as2_gazebo_assets) StdoutLine: {'line': b'-- Searching for dependencies of ignition-common4\n'}
[63.208495] (as2_gazebo_assets) StdoutLine: {'line': b'-- Looking for dlfcn.h - found\n'}
[63.208542] (as2_gazebo_assets) StdoutLine: {'line': b'-- Looking for libdl - found\n'}
[63.215249] (as2_gazebo_assets) StdoutLine: {'line': b'-- Searching for <ignition-common4> component [graphics]\n'}
[63.218199] (as2_gazebo_assets) StdoutLine: {'line': b'-- Looking for ignition-common4-graphics -- found version 4.7.0\n'}
[63.218578] (as2_gazebo_assets) StdoutLine: {'line': b'-- Searching for dependencies of ignition-common4-graphics\n'}
[63.218875] (as2_gazebo_assets) StdoutLine: {'line': b'-- Looking for ignition-math6 -- found version 6.15.1\n'}
[63.219286] (as2_gazebo_assets) StdoutLine: {'line': b'-- Looking for ignition-utils1 -- found version 1.5.1\n'}
[63.220490] (as2_gazebo_assets) StdoutLine: {'line': b'-- Searching for <ignition-common4> component [events]\n'}
[63.221184] (as2_gazebo_assets) StdoutLine: {'line': b'-- Looking for ignition-plugin1 -- found version 1.4.0\n'}
[63.221488] (as2_gazebo_assets) StdoutLine: {'line': b'-- Searching for dependencies of ignition-plugin1\n'}
[63.221569] (as2_gazebo_assets) StdoutLine: {'line': b'-- Searching for <ignition-plugin1> component [all]\n'}
[63.223905] (as2_usb_camera_interface) StdoutLine: {'line': b'-- Found eigen3_cmake_module: 0.1.1 (/opt/ros/humble/share/eigen3_cmake_module/cmake)\n'}
[63.224548] (as2_gazebo_assets) StdoutLine: {'line': b'-- Looking for all libraries of ignition-plugin1 -- found version 1.4.0\n'}
[63.224986] (as2_gazebo_assets) StdoutLine: {'line': b'-- Looking for ignition-plugin1 -- found version 1.4.0\n'}
[63.225092] (as2_usb_camera_interface) StdoutLine: {'line': b'-- Found Eigen3: TRUE (found version "3.4.0") \n'}
[63.225176] (as2_usb_camera_interface) StdoutLine: {'line': b'-- Ensuring Eigen3 include directory is part of orocos-kdl CMake target\n'}
[63.226879] (as2_gazebo_assets) StdoutLine: {'line': b'-- Looking for ignition-msgs8 -- found version 8.7.0\n'}
[63.228674] (as2_alphanumeric_viewer) StdoutLine: {'line': b'-- Found eigen3_cmake_module: 0.1.1 (/opt/ros/humble/share/eigen3_cmake_module/cmake)\n'}
[63.229516] (as2_alphanumeric_viewer) StdoutLine: {'line': b'-- Found Eigen3: TRUE (found version "3.4.0") \n'}
[63.229608] (as2_alphanumeric_viewer) StdoutLine: {'line': b'-- Ensuring Eigen3 include directory is part of orocos-kdl CMake target\n'}
[63.233313] (as2_map_server) StdoutLine: {'line': b'-- Found eigen3_cmake_module: 0.1.1 (/opt/ros/humble/share/eigen3_cmake_module/cmake)\n'}
[63.234122] (as2_map_server) StdoutLine: {'line': b'-- Found Eigen3: TRUE (found version "3.4.0") \n'}
[63.234213] (as2_map_server) StdoutLine: {'line': b'-- Ensuring Eigen3 include directory is part of orocos-kdl CMake target\n'}
[63.237028] (as2_state_estimator) StdoutLine: {'line': b'-- Found eigen3_cmake_module: 0.1.1 (/opt/ros/humble/share/eigen3_cmake_module/cmake)\n'}
[63.237847] (as2_behavior) StdoutLine: {'line': b'-- Found eigen3_cmake_module: 0.1.1 (/opt/ros/humble/share/eigen3_cmake_module/cmake)\n'}
[63.237934] (as2_state_estimator) StdoutLine: {'line': b'-- Found Eigen3: TRUE (found version "3.4.0") \n'}
[63.237977] (as2_state_estimator) StdoutLine: {'line': b'-- Ensuring Eigen3 include directory is part of orocos-kdl CMake target\n'}
[63.239021] (as2_behavior) StdoutLine: {'line': b'-- Found Eigen3: TRUE (found version "3.4.0") \n'}
[63.239102] (as2_behavior) StdoutLine: {'line': b'-- Ensuring Eigen3 include directory is part of orocos-kdl CMake target\n'}
[63.241159] (as2_realsense_interface) StdoutLine: {'line': b'-- Found eigen3_cmake_module: 0.1.1 (/opt/ros/humble/share/eigen3_cmake_module/cmake)\n'}
[63.241256] (as2_geozones) StdoutLine: {'line': b'-- Found eigen3_cmake_module: 0.1.1 (/opt/ros/humble/share/eigen3_cmake_module/cmake)\n'}
[63.242041] (as2_realsense_interface) StdoutLine: {'line': b'-- Found Eigen3: TRUE (found version "3.4.0") \n'}
[63.242135] (as2_realsense_interface) StdoutLine: {'line': b'-- Ensuring Eigen3 include directory is part of orocos-kdl CMake target\n'}
[63.242459] (as2_geozones) StdoutLine: {'line': b'-- Found Eigen3: TRUE (found version "3.4.0") \n'}
[63.242532] (as2_geozones) StdoutLine: {'line': b'-- Ensuring Eigen3 include directory is part of orocos-kdl CMake target\n'}
[63.259651] (as2_gazebo_assets) StdoutLine: {'line': b'-- Looking for ignition-physics5 -- found version 5.3.2\n'}
[63.259952] (as2_gazebo_assets) StdoutLine: {'line': b'-- Searching for dependencies of ignition-physics5\n'}
[63.260294] (as2_gazebo_assets) StdoutLine: {'line': b'-- Looking for ignition-math6 -- found version 6.15.1\n'}
[63.260653] (as2_gazebo_assets) StdoutLine: {'line': b'-- Looking for ignition-plugin1 -- found version 1.4.0\n'}
[63.261002] (as2_gazebo_assets) StdoutLine: {'line': b'-- Looking for ignition-utils1 -- found version 1.5.1\n'}
[63.262831] (as2_gazebo_assets) StdoutLine: {'line': b'-- Searching for <ignition-physics5> component [heightmap]\n'}
[63.266072] (-) TimerEvent: {}
[63.266246] (as2_gazebo_assets) StdoutLine: {'line': b'-- Looking for ignition-physics5-heightmap -- found version 5.3.2\n'}
[63.266681] (as2_gazebo_assets) StdoutLine: {'line': b'-- Searching for dependencies of ignition-physics5-heightmap\n'}
[63.267040] (as2_gazebo_assets) StdoutLine: {'line': b'-- Looking for ignition-common4 -- found version 4.7.0\n'}
[63.267440] (as2_gazebo_assets) StdoutLine: {'line': b'-- Searching for <ignition-physics5> component [mesh]\n'}
[63.271100] (as2_gazebo_assets) StdoutLine: {'line': b'-- Looking for ignition-physics5-mesh -- found version 5.3.2\n'}
[63.271496] (as2_gazebo_assets) StdoutLine: {'line': b'-- Searching for dependencies of ignition-physics5-mesh\n'}
[63.271772] (as2_gazebo_assets) StdoutLine: {'line': b'-- Looking for ignition-common4 -- found version 4.7.0\n'}
[63.272189] (as2_gazebo_assets) StdoutLine: {'line': b'-- Searching for <ignition-physics5> component [sdf]\n'}
[63.275142] (as2_gazebo_assets) StdoutLine: {'line': b'-- Looking for ignition-physics5-sdf -- found version 5.3.2\n'}
[63.275545] (as2_gazebo_assets) StdoutLine: {'line': b'-- Searching for dependencies of ignition-physics5-sdf\n'}
[63.275838] (as2_gazebo_assets) StdoutLine: {'line': b'-- Looking for sdformat12 -- found version 12.7.2\n'}
[63.278898] (as2_gazebo_assets) StdoutLine: {'line': b'-- Looking for ignition-sensors6 -- found version 6.8.0\n'}
[63.279318] (as2_gazebo_assets) StdoutLine: {'line': b'-- Searching for dependencies of ignition-sensors6\n'}
[63.285303] (as2_motion_reference_handlers) StdoutLine: {'line': b'-- Found trajectory_msgs: 4.9.1 (/opt/ros/humble/share/trajectory_msgs/cmake)\n'}
[63.300578] (as2_gazebo_assets) StdoutLine: {'line': b'-- Found Protobuf: /usr/lib/x86_64-linux-gnu/libprotobuf.so (found version "3.12.4") \n'}
[63.301218] (as2_gazebo_assets) StdoutLine: {'line': b'-- Looking for ignition-math6 -- found version 6.15.1\n'}
[63.301531] (as2_gazebo_assets) StdoutLine: {'line': b'-- Looking for ignition-common4 -- found version 4.7.0\n'}
[63.301911] (as2_gazebo_assets) StdoutLine: {'line': b'-- Looking for ignition-transport11 -- found version 11.4.1\n'}
[63.302288] (as2_gazebo_assets) StdoutLine: {'line': b'-- Looking for ignition-rendering6 -- found version 6.6.3\n'}
[63.302594] (as2_gazebo_assets) StdoutLine: {'line': b'-- Looking for ignition-msgs8 -- found version 8.7.0\n'}
[63.302772] (as2_gazebo_assets) StdoutLine: {'line': b'-- Looking for sdformat12 -- found version 12.7.2\n'}
[63.303146] (as2_gazebo_assets) StdoutLine: {'line': b'-- Searching for <ignition-sensors6> component [air_pressure]\n'}
[63.305339] (as2_motion_reference_handlers) StdoutLine: {'line': b'-- Found ament_lint_auto: 0.12.15 (/opt/ros/humble/share/ament_lint_auto/cmake)\n'}
[63.305989] (as2_gazebo_assets) StdoutLine: {'line': b'-- Looking for ignition-sensors6-air_pressure -- found version 6.8.0\n'}
[63.306440] (as2_gazebo_assets) StdoutLine: {'line': b'-- Searching for dependencies of ignition-sensors6-air_pressure\n'}
[63.306830] (as2_gazebo_assets) StdoutLine: {'line': b'-- Searching for <ignition-sensors6> component [altimeter]\n'}
[63.309053] (as2_gazebo_assets) StdoutLine: {'line': b'-- Looking for ignition-sensors6-altimeter -- found version 6.8.0\n'}
[63.309792] (as2_gazebo_assets) StdoutLine: {'line': b'-- Searching for dependencies of ignition-sensors6-altimeter\n'}
[63.309864] (as2_gazebo_assets) StdoutLine: {'line': b'-- Searching for <ignition-sensors6> component [imu]\n'}
[63.311713] (as2_gazebo_assets) StdoutLine: {'line': b'-- Looking for ignition-sensors6-imu -- found version 6.8.0\n'}
[63.312075] (as2_gazebo_assets) StdoutLine: {'line': b'-- Searching for dependencies of ignition-sensors6-imu\n'}
[63.313244] (as2_gazebo_assets) StdoutLine: {'line': b'-- Searching for <ignition-sensors6> component [force_torque]\n'}
[63.315461] (as2_gazebo_assets) StdoutLine: {'line': b'-- Looking for ignition-sensors6-force_torque -- found version 6.8.0\n'}
[63.315809] (as2_gazebo_assets) StdoutLine: {'line': b'-- Searching for dependencies of ignition-sensors6-force_torque\n'}
[63.317400] (as2_gazebo_assets) StdoutLine: {'line': b'-- Searching for <ignition-sensors6> component [logical_camera]\n'}
[63.319544] (as2_gazebo_assets) StdoutLine: {'line': b'-- Looking for ignition-sensors6-logical_camera -- found version 6.8.0\n'}
[63.319812] (as2_gazebo_assets) StdoutLine: {'line': b'-- Searching for dependencies of ignition-sensors6-logical_camera\n'}
[63.321112] (as2_gazebo_assets) StdoutLine: {'line': b'-- Searching for <ignition-sensors6> component [magnetometer]\n'}
[63.322585] (as2_gazebo_assets) StdoutLine: {'line': b'-- Looking for ignition-sensors6-magnetometer -- found version 6.8.0\n'}
[63.322851] (as2_gazebo_assets) StdoutLine: {'line': b'-- Searching for dependencies of ignition-sensors6-magnetometer\n'}
[63.323051] (as2_gazebo_assets) StdoutLine: {'line': b'-- Searching for <ignition-sensors6> component [navsat]\n'}
[63.323852] (as2_platform_multirotor_simulator) StdoutLine: {'line': b'-- multirotor_simulator not found\n'}
[63.324729] (as2_gazebo_assets) StdoutLine: {'line': b'-- Looking for ignition-sensors6-navsat -- found version 6.8.0\n'}
[63.324957] (as2_gazebo_assets) StdoutLine: {'line': b'-- Searching for dependencies of ignition-sensors6-navsat\n'}
[63.325322] (as2_gazebo_assets) StdoutLine: {'line': b'-- Searching for <ignition-sensors6> component [rendering]\n'}
[63.327124] (as2_gazebo_assets) StdoutLine: {'line': b'-- Looking for ignition-sensors6-rendering -- found version 6.8.0\n'}
[63.327473] (as2_gazebo_assets) StdoutLine: {'line': b'-- Searching for dependencies of ignition-sensors6-rendering\n'}
[63.328500] (as2_gazebo_assets) StdoutLine: {'line': b'-- Searching for <ignition-sensors6> component [lidar]\n'}
[63.330393] (as2_gazebo_assets) StdoutLine: {'line': b'-- Looking for ignition-sensors6-lidar -- found version 6.8.0\n'}
[63.330620] (as2_gazebo_assets) StdoutLine: {'line': b'-- Searching for dependencies of ignition-sensors6-lidar\n'}
[63.330846] (as2_gazebo_assets) StdoutLine: {'line': b'-- Looking for ignition-sensors6 -- found version 6.8.0\n'}
[63.331164] (as2_gazebo_assets) StdoutLine: {'line': b'-- Searching for <ignition-sensors6> component [gpu_lidar]\n'}
[63.332481] (as2_usb_camera_interface) StdoutLine: {'line': b'-- Found OpenCV: /usr (found version "4.5.4") \n'}
[63.332811] (as2_gazebo_assets) StdoutLine: {'line': b'-- Looking for ignition-sensors6-gpu_lidar -- found version 6.8.0\n'}
[63.333075] (as2_gazebo_assets) StdoutLine: {'line': b'-- Searching for dependencies of ignition-sensors6-gpu_lidar\n'}
[63.333302] (as2_gazebo_assets) StdoutLine: {'line': b'-- Looking for ignition-sensors6 -- found version 6.8.0\n'}
[63.333605] (as2_gazebo_assets) StdoutLine: {'line': b'-- Searching for <ignition-sensors6> component [camera]\n'}
[63.336032] (as2_alphanumeric_viewer) StdoutLine: {'line': b'-- Found ament_lint_auto: 0.12.15 (/opt/ros/humble/share/ament_lint_auto/cmake)\n'}
[63.336277] (as2_gazebo_assets) StdoutLine: {'line': b'-- Looking for ignition-sensors6-camera -- found version 6.8.0\n'}
[63.336556] (as2_gazebo_assets) StdoutLine: {'line': b'-- Searching for dependencies of ignition-sensors6-camera\n'}
[63.336779] (as2_gazebo_assets) StdoutLine: {'line': b'-- Looking for ignition-sensors6 -- found version 6.8.0\n'}
[63.337099] (as2_gazebo_assets) StdoutLine: {'line': b'-- Searching for <ignition-sensors6> component [boundingbox_camera]\n'}
[63.338756] (as2_usb_camera_interface) StdoutLine: {'line': b'-- Found ament_lint_auto: 0.12.15 (/opt/ros/humble/share/ament_lint_auto/cmake)\n'}
[63.339148] (as2_gazebo_assets) StdoutLine: {'line': b'-- Looking for ignition-sensors6-boundingbox_camera -- found version 6.8.0\n'}
[63.339407] (as2_gazebo_assets) StdoutLine: {'line': b'-- Searching for dependencies of ignition-sensors6-boundingbox_camera\n'}
[63.339698] (as2_gazebo_assets) StdoutLine: {'line': b'-- Searching for <ignition-sensors6> component [segmentation_camera]\n'}
[63.341300] (as2_gazebo_assets) StdoutLine: {'line': b'-- Looking for ignition-sensors6-segmentation_camera -- found version 6.8.0\n'}
[63.341558] (as2_gazebo_assets) StdoutLine: {'line': b'-- Searching for dependencies of ignition-sensors6-segmentation_camera\n'}
[63.343363] (as2_external_object_to_tf) StdoutLine: {'line': b'-- Found mocap4r2_msgs: 0.0.6 (/opt/ros/humble/share/mocap4r2_msgs/cmake)\n'}
[63.343477] (as2_gazebo_assets) StdoutLine: {'line': b'-- Searching for <ignition-sensors6> component [depth_camera]\n'}
[63.345708] (as2_gazebo_assets) StdoutLine: {'line': b'-- Looking for ignition-sensors6-depth_camera -- found version 6.8.0\n'}
[63.346015] (as2_gazebo_assets) StdoutLine: {'line': b'-- Searching for dependencies of ignition-sensors6-depth_camera\n'}
[63.346222] (as2_gazebo_assets) StdoutLine: {'line': b'-- Looking for ignition-sensors6 -- found version 6.8.0\n'}
[63.346591] (as2_gazebo_assets) StdoutLine: {'line': b'-- Searching for <ignition-sensors6> component [rgbd_camera]\n'}
[63.348377] (as2_gazebo_assets) StdoutLine: {'line': b'-- Looking for ignition-sensors6-rgbd_camera -- found version 6.8.0\n'}
[63.348655] (as2_gazebo_assets) StdoutLine: {'line': b'-- Searching for dependencies of ignition-sensors6-rgbd_camera\n'}
[63.348885] (as2_gazebo_assets) StdoutLine: {'line': b'-- Looking for ignition-sensors6 -- found version 6.8.0\n'}
[63.349245] (as2_gazebo_assets) StdoutLine: {'line': b'-- Searching for <ignition-sensors6> component [thermal_camera]\n'}
[63.350894] (as2_gazebo_assets) StdoutLine: {'line': b'-- Looking for ignition-sensors6-thermal_camera -- found version 6.8.0\n'}
[63.351230] (as2_gazebo_assets) StdoutLine: {'line': b'-- Searching for dependencies of ignition-sensors6-thermal_camera\n'}
[63.351448] (as2_gazebo_assets) StdoutLine: {'line': b'-- Looking for ignition-sensors6 -- found version 6.8.0\n'}
[63.352011] (as2_gazebo_assets) StdoutLine: {'line': b'-- Looking for ignition-rendering6 -- found version 6.6.3\n'}
[63.352258] (as2_gazebo_assets) StdoutLine: {'line': b'-- Looking for ignition-math6 -- found version 6.15.1\n'}
[63.352956] (as2_realsense_interface) StdoutLine: {'line': b'-- Found ament_lint_auto: 0.12.15 (/opt/ros/humble/share/ament_lint_auto/cmake)\n'}
[63.353325] (as2_map_server) StdoutLine: {'line': b'-- Found OpenCV: /usr (found version "4.5.4") \n'}
[63.354071] (as2_gazebo_assets) StdoutLine: {'line': b'-- Looking for ignition-utils1 -- found version 1.5.1\n'}
[63.358282] (as2_map_server) StdoutLine: {'line': b'-- Found depthimage_to_laserscan: 2.5.1 (/opt/ros/humble/share/depthimage_to_laserscan/cmake)\n'}
[63.360083] (as2_external_object_to_tf) StdoutLine: {'line': b'-- Found ament_lint_auto: 0.12.15 (/opt/ros/humble/share/ament_lint_auto/cmake)\n'}
[63.366161] (-) TimerEvent: {}
[63.368069] (as2_gazebo_assets) StdoutLine: {'line': b'-- Looking for ignition-common4 -- found version 4.7.0\n'}
[63.368429] (as2_gazebo_assets) StdoutLine: {'line': b'-- Looking for ignition-math6 -- found version 6.15.1\n'}
[63.368665] (as2_map_server) StdoutLine: {'line': b'-- Found pointcloud_to_laserscan: 2.0.1 (/opt/ros/humble/share/pointcloud_to_laserscan/cmake)\n'}
[63.368797] (as2_gazebo_assets) StdoutLine: {'line': b'-- Looking for ignition-transport11 -- found version 11.4.1\n'}
[63.369177] (as2_gazebo_assets) StdoutLine: {'line': b'-- Looking for ignition-plugin1 -- found version 1.4.0\n'}
[63.369564] (as2_gazebo_assets) StdoutLine: {'line': b'-- Looking for ignition-rendering6 -- found version 6.6.3\n'}
[63.369923] (as2_gazebo_assets) StdoutLine: {'line': b'-- Looking for ignition-msgs8 -- found version 8.7.0\n'}
[63.370653] (as2_behavior) StdoutLine: {'line': b'-- Found ament_lint_auto: 0.12.15 (/opt/ros/humble/share/ament_lint_auto/cmake)\n'}
[63.370771] (as2_map_server) StdoutLine: {'line': b'-- Found ament_lint_auto: 0.12.15 (/opt/ros/humble/share/ament_lint_auto/cmake)\n'}
[63.372480] (as2_gazebo_assets) StdoutLine: {'line': b'-- Found ament_cmake: 1.3.14 (/opt/ros/humble/share/ament_cmake/cmake)\n'}
[63.379097] (as2_state_estimator) StdoutLine: {'line': b'-- Found mocap4r2_msgs: 0.0.6 (/opt/ros/humble/share/mocap4r2_msgs/cmake)\n'}
[63.380682] (as2_geozones) StdoutLine: {'line': b'-- Found ament_lint_auto: 0.12.15 (/opt/ros/humble/share/ament_lint_auto/cmake)\n'}
[63.385558] (as2_motion_reference_handlers) StdoutLine: {'line': b"-- Added test 'copyright' to check source files copyright and LICENSE\n"}
[63.387738] (as2_motion_reference_handlers) StdoutLine: {'line': b"-- Added test 'cppcheck' to perform static code analysis on C / C++ code\n"}
[63.388273] (as2_motion_reference_handlers) StdoutLine: {'line': b'-- Configured cppcheck include dirs: /home/developer/aerostack2_ws/src/aerostack2-tcc_lucca/as2_motion_reference_handlers/include;/home/developer/aerostack2_ws/src/aerostack2-tcc_lucca/as2_motion_reference_handlers/include/as2_motion_reference_handlers;$<BUILD_INTERFACE:/home/developer/aerostack2_ws/src/aerostack2-tcc_lucca/as2_motion_reference_handlers/include>\n'}
[63.388346] (as2_motion_reference_handlers) StdoutLine: {'line': b'-- Configured cppcheck exclude dirs and/or files: \n'}
[63.390317] (as2_motion_reference_handlers) StdoutLine: {'line': b"-- Added test 'cpplint' to check C / C++ code against the Google style\n"}
[63.390417] (as2_motion_reference_handlers) StdoutLine: {'line': b'-- Configured cpplint exclude dirs and/or files: \n'}
[63.390938] (as2_motion_reference_handlers) StdoutLine: {'line': b"-- Added test 'flake8' to check Python code syntax and style conventions\n"}
[63.391813] (as2_motion_reference_handlers) StdoutLine: {'line': b"-- Added test 'lint_cmake' to check CMake code style\n"}
[63.392378] (as2_motion_reference_handlers) StdoutLine: {'line': b"-- Added test 'pep257' to check Python code against some of the docstring style conventions in PEP 257\n"}
[63.394260] (as2_motion_reference_handlers) StdoutLine: {'line': b"-- Added test 'uncrustify' to check C / C++ code style\n"}
[63.394347] (as2_motion_reference_handlers) StdoutLine: {'line': b'-- Configured uncrustify additional arguments: \n'}
[63.394898] (as2_motion_reference_handlers) StdoutLine: {'line': b"-- Added test 'xmllint' to check XML markup files\n"}
[63.396115] (as2_usb_camera_interface) StdoutLine: {'line': b"-- Found gtest sources under '/opt/ros/humble/src/gtest_vendor': C++ tests using 'Google Test' will be built\n"}
[63.398017] (as2_motion_reference_handlers) StdoutLine: {'line': b'-- Configuring done\n'}
[63.402273] (as2_usb_camera_interface) StdoutLine: {'line': b"-- Added test 'copyright' to check source files copyright and LICENSE\n"}
[63.403559] (as2_usb_camera_interface) StdoutLine: {'line': b"-- Added test 'cppcheck' to perform static code analysis on C / C++ code\n"}
[63.403733] (as2_usb_camera_interface) StdoutLine: {'line': b'-- Configured cppcheck include dirs: /home/developer/aerostack2_ws/src/aerostack2-tcc_lucca/as2_hardware_drivers/as2_usb_camera_interface/include;/home/developer/aerostack2_ws/src/aerostack2-tcc_lucca/as2_hardware_drivers/as2_usb_camera_interface/include/as2_usb_camera_interface\n'}
[63.403804] (as2_usb_camera_interface) StdoutLine: {'line': b'-- Configured cppcheck exclude dirs and/or files: \n'}
[63.404265] (as2_state_estimator) StdoutLine: {'line': b'-- Found ament_cmake_gtest: 1.3.14 (/opt/ros/humble/share/ament_cmake_gtest/cmake)\n'}
[63.404939] (as2_usb_camera_interface) StdoutLine: {'line': b"-- Added test 'cpplint' to check C / C++ code against the Google style\n"}
[63.405014] (as2_usb_camera_interface) StdoutLine: {'line': b'-- Configured cpplint exclude dirs and/or files: \n'}
[63.405425] (as2_usb_camera_interface) StdoutLine: {'line': b"-- Added test 'flake8' to check Python code syntax and style conventions\n"}
[63.405812] (as2_usb_camera_interface) StdoutLine: {'line': b"-- Added test 'lint_cmake' to check CMake code style\n"}
[63.406270] (as2_usb_camera_interface) StdoutLine: {'line': b"-- Added test 'pep257' to check Python code against some of the docstring style conventions in PEP 257\n"}
[63.406408] (as2_state_estimator) StdoutLine: {'line': b"-- Found gtest sources under '/opt/ros/humble/src/gtest_vendor': C++ tests using 'Google Test' will be built\n"}
[63.407297] (as2_usb_camera_interface) StdoutLine: {'line': b"-- Added test 'uncrustify' to check C / C++ code style\n"}
[63.407372] (as2_usb_camera_interface) StdoutLine: {'line': b'-- Configured uncrustify additional arguments: \n'}
[63.407650] (as2_usb_camera_interface) StdoutLine: {'line': b"-- Added test 'xmllint' to check XML markup files\n"}
[63.408771] (as2_usb_camera_interface) StdoutLine: {'line': b'-- Configuring done\n'}
[63.412753] (as2_state_estimator) StdoutLine: {'line': b'-- Found mocap4r2_msgs: 0.0.6 (/opt/ros/humble/share/mocap4r2_msgs/cmake)\n'}
[63.414915] (as2_realsense_interface) StdoutLine: {'line': b"-- Found gtest sources under '/opt/ros/humble/src/gtest_vendor': C++ tests using 'Google Test' will be built\n"}
[63.416765] (as2_motion_reference_handlers) StdoutLine: {'line': b'-- Generating done\n'}
[63.421356] (as2_realsense_interface) StdoutLine: {'line': b"-- Added test 'copyright' to check source files copyright and LICENSE\n"}
[63.422203] (as2_motion_reference_handlers) StdoutLine: {'line': b'-- Build files have been written to: /home/developer/aerostack2_ws/build/as2_motion_reference_handlers\n'}
[63.422660] (as2_realsense_interface) StdoutLine: {'line': b"-- Added test 'cppcheck' to perform static code analysis on C / C++ code\n"}
[63.422932] (as2_realsense_interface) StdoutLine: {'line': b'-- Configured cppcheck include dirs: /home/developer/aerostack2_ws/src/aerostack2-tcc_lucca/as2_hardware_drivers/as2_realsense_interface/include;/home/developer/aerostack2_ws/src/aerostack2-tcc_lucca/as2_hardware_drivers/as2_realsense_interface/include/as2_realsense_interface\n'}
[63.423013] (as2_realsense_interface) StdoutLine: {'line': b'-- Configured cppcheck exclude dirs and/or files: \n'}
[63.423584] (as2_alphanumeric_viewer) StdoutLine: {'line': b"-- Added test 'copyright' to check source files copyright and LICENSE\n"}
[63.424223] (as2_realsense_interface) StdoutLine: {'line': b"-- Added test 'cpplint' to check C / C++ code against the Google style\n"}
[63.424322] (as2_realsense_interface) StdoutLine: {'line': b'-- Configured cpplint exclude dirs and/or files: \n'}
[63.424523] (as2_realsense_interface) StdoutLine: {'line': b"-- Added test 'flake8' to check Python code syntax and style conventions\n"}
[63.425018] (as2_realsense_interface) StdoutLine: {'line': b"-- Added test 'lint_cmake' to check CMake code style\n"}
[63.425759] (as2_alphanumeric_viewer) StdoutLine: {'line': b"-- Added test 'cppcheck' to perform static code analysis on C / C++ code\n"}
[63.425819] (as2_alphanumeric_viewer) StdoutLine: {'line': b'-- Configured cppcheck include dirs: /home/developer/aerostack2_ws/src/aerostack2-tcc_lucca/as2_user_interfaces/as2_alphanumeric_viewer/include;/home/developer/aerostack2_ws/src/aerostack2-tcc_lucca/as2_user_interfaces/as2_alphanumeric_viewer/include/as2_alphanumeric_viewer\n'}
[63.425856] (as2_alphanumeric_viewer) StdoutLine: {'line': b'-- Configured cppcheck exclude dirs and/or files: \n'}
[63.425894] (as2_realsense_interface) StdoutLine: {'line': b"-- Added test 'pep257' to check Python code against some of the docstring style conventions in PEP 257\n"}
[63.426248] (as2_state_estimator) StdoutLine: {'line': b'-- Found ament_cmake_gtest: 1.3.14 (/opt/ros/humble/share/ament_cmake_gtest/cmake)\n'}
[63.426580] (as2_realsense_interface) StdoutLine: {'line': b"-- Added test 'uncrustify' to check C / C++ code style\n"}
[63.426640] (as2_realsense_interface) StdoutLine: {'line': b'-- Configured uncrustify additional arguments: \n'}
[63.426709] (as2_state_estimator) StdoutLine: {'line': b"-- Found gtest sources under '/opt/ros/humble/src/gtest_vendor': C++ tests using 'Google Test' will be built\n"}
[63.426786] (as2_alphanumeric_viewer) StdoutLine: {'line': b"-- Added test 'cpplint' to check C / C++ code against the Google style\n"}
[63.426829] (as2_alphanumeric_viewer) StdoutLine: {'line': b'-- Configured cpplint exclude dirs and/or files: \n'}
[63.426896] (as2_realsense_interface) StdoutLine: {'line': b"-- Added test 'xmllint' to check XML markup files\n"}
[63.427290] (as2_alphanumeric_viewer) StdoutLine: {'line': b"-- Added test 'flake8' to check Python code syntax and style conventions\n"}
[63.427706] (as2_realsense_interface) StdoutLine: {'line': b'-- Configuring done\n'}
[63.427833] (as2_alphanumeric_viewer) StdoutLine: {'line': b"-- Added test 'lint_cmake' to check CMake code style\n"}
[63.428301] (as2_alphanumeric_viewer) StdoutLine: {'line': b"-- Added test 'pep257' to check Python code against some of the docstring style conventions in PEP 257\n"}
[63.429581] (as2_alphanumeric_viewer) StdoutLine: {'line': b"-- Added test 'uncrustify' to check C / C++ code style\n"}
[63.429661] (as2_alphanumeric_viewer) StdoutLine: {'line': b'-- Configured uncrustify additional arguments: \n'}
[63.430065] (as2_alphanumeric_viewer) StdoutLine: {'line': b"-- Added test 'xmllint' to check XML markup files\n"}
[63.430168] (as2_map_server) StdoutLine: {'line': b"-- Found gtest sources under '/opt/ros/humble/src/gtest_vendor': C++ tests using 'Google Test' will be built\n"}
[63.430690] (as2_state_estimator) StdoutLine: {'line': b'-- Found ament_lint_auto: 0.12.15 (/opt/ros/humble/share/ament_lint_auto/cmake)\n'}
[63.431432] (as2_alphanumeric_viewer) StdoutLine: {'line': b'-- Configuring done\n'}
[63.433599] (as2_motion_reference_handlers) JobEnded: {'identifier': 'as2_motion_reference_handlers', 'rc': 'SIGINT'}
[63.436249] (as2_map_server) StdoutLine: {'line': b"-- Added test 'copyright' to check source files copyright and LICENSE\n"}
[63.436816] (as2_behavior) StdoutLine: {'line': b"-- Found gtest sources under '/opt/ros/humble/src/gtest_vendor': C++ tests using 'Google Test' will be built\n"}
[63.438197] (as2_map_server) StdoutLine: {'line': b"-- Added test 'cppcheck' to perform static code analysis on C / C++ code\n"}
[63.438324] (as2_geozones) StdoutLine: {'line': b"-- Found gtest sources under '/opt/ros/humble/src/gtest_vendor': C++ tests using 'Google Test' will be built\n"}
[63.438588] (as2_map_server) StdoutLine: {'line': b'-- Configured cppcheck include dirs: /home/developer/aerostack2_ws/src/aerostack2-tcc_lucca/as2_map_server/include;/home/developer/aerostack2_ws/src/aerostack2-tcc_lucca/as2_map_server/include/as2_map_server;$<BUILD_INTERFACE:/home/developer/aerostack2_ws/src/aerostack2-tcc_lucca/as2_map_server/include>\n'}
[63.438648] (as2_map_server) StdoutLine: {'line': b'-- Configured cppcheck exclude dirs and/or files: \n'}
[63.440231] (as2_map_server) StdoutLine: {'line': b"-- Added test 'cpplint' to check C / C++ code against the Google style\n"}
[63.440334] (as2_map_server) StdoutLine: {'line': b'-- Configured cpplint exclude dirs and/or files: \n'}
[63.440830] (as2_map_server) StdoutLine: {'line': b"-- Added test 'flake8' to check Python code syntax and style conventions\n"}
[63.441431] (as2_map_server) StdoutLine: {'line': b"-- Added test 'lint_cmake' to check CMake code style\n"}
[63.441860] (as2_map_server) StdoutLine: {'line': b"-- Added test 'pep257' to check Python code against some of the docstring style conventions in PEP 257\n"}
[63.443502] (as2_map_server) StdoutLine: {'line': b"-- Added test 'uncrustify' to check C / C++ code style\n"}
[63.443597] (as2_map_server) StdoutLine: {'line': b'-- Configured uncrustify additional arguments: \n'}
[63.443967] (as2_map_server) StdoutLine: {'line': b"-- Added test 'xmllint' to check XML markup files\n"}
[63.444348] (as2_geozones) StdoutLine: {'line': b"-- Added test 'copyright' to check source files copyright and LICENSE\n"}
[63.445373] (as2_geozones) StdoutLine: {'line': b"-- Added test 'cppcheck' to perform static code analysis on C / C++ code\n"}
[63.445469] (as2_map_server) StdoutLine: {'line': b'-- Configuring done\n'}
[63.445601] (as2_geozones) StdoutLine: {'line': b'-- Configured cppcheck include dirs: /home/developer/aerostack2_ws/src/aerostack2-tcc_lucca/as2_utilities/as2_geozones/include;/home/developer/aerostack2_ws/src/aerostack2-tcc_lucca/as2_utilities/as2_geozones/include/as2_geozones\n'}
[63.445672] (as2_geozones) StdoutLine: {'line': b'-- Configured cppcheck exclude dirs and/or files: /home/developer/aerostack2_ws/src/aerostack2-tcc_lucca/as2_utilities/as2_geozones/include/as2_geozones/pnpoly.hpp\n'}
[63.445719] (as2_external_object_to_tf) StdoutLine: {'line': b"-- Found gtest sources under '/opt/ros/humble/src/gtest_vendor': C++ tests using 'Google Test' will be built\n"}
[63.446523] (as2_geozones) StdoutLine: {'line': b"-- Added test 'cpplint' to check C / C++ code against the Google style\n"}
[63.446584] (as2_geozones) StdoutLine: {'line': b'-- Configured cpplint exclude dirs and/or files: /home/developer/aerostack2_ws/src/aerostack2-tcc_lucca/as2_utilities/as2_geozones/include/as2_geozones/pnpoly.hpp\n'}
[63.446790] (as2_geozones) StdoutLine: {'line': b"-- Added test 'flake8' to check Python code syntax and style conventions\n"}
[63.447097] (as2_realsense_interface) StdoutLine: {'line': b'-- Generating done\n'}
[63.447225] (as2_geozones) StdoutLine: {'line': b"-- Added test 'lint_cmake' to check CMake code style\n"}
[63.447531] (as2_geozones) StdoutLine: {'line': b"-- Added test 'pep257' to check Python code against some of the docstring style conventions in PEP 257\n"}
[63.447577] (as2_behavior) StdoutLine: {'line': b"-- Added test 'copyright' to check source files copyright and LICENSE\n"}
[63.448256] (as2_geozones) StdoutLine: {'line': b"-- Added test 'uncrustify' to check C / C++ code style\n"}
[63.448336] (as2_geozones) StdoutLine: {'line': b'-- Configured uncrustify additional arguments: \n'}
[63.448577] (as2_geozones) StdoutLine: {'line': b"-- Added test 'xmllint' to check XML markup files\n"}
[63.448984] (as2_alphanumeric_viewer) StdoutLine: {'line': b'-- Generating done\n'}
[63.449390] (as2_behavior) StdoutLine: {'line': b"-- Added test 'cppcheck' to perform static code analysis on C / C++ code\n"}
[63.449552] (as2_geozones) StdoutLine: {'line': b'-- Configuring done\n'}
[63.449660] (as2_behavior) StdoutLine: {'line': b'-- Configured cppcheck include dirs: /home/developer/aerostack2_ws/src/aerostack2-tcc_lucca/as2_behaviors/as2_behavior/include;/home/developer/aerostack2_ws/src/aerostack2-tcc_lucca/as2_behaviors/as2_behavior/include/as2_behavior;$<BUILD_INTERFACE:/home/developer/aerostack2_ws/src/aerostack2-tcc_lucca/as2_behaviors/as2_behavior/include>\n'}
[63.449719] (as2_behavior) StdoutLine: {'line': b'-- Configured cppcheck exclude dirs and/or files: \n'}
[63.450991] (as2_usb_camera_interface) StdoutLine: {'line': b'-- Generating done\n'}
[63.451298] (as2_behavior) StdoutLine: {'line': b"-- Added test 'cpplint' to check C / C++ code against the Google style\n"}
[63.451400] (as2_behavior) StdoutLine: {'line': b'-- Configured cpplint exclude dirs and/or files: \n'}
[63.452241] (as2_behavior) StdoutLine: {'line': b"-- Added test 'lint_cmake' to check CMake code style\n"}
[63.452438] (as2_external_object_to_tf) StdoutLine: {'line': b"-- Added test 'copyright' to check source files copyright and LICENSE\n"}
[63.453512] (as2_external_object_to_tf) StdoutLine: {'line': b"-- Added test 'cppcheck' to perform static code analysis on C / C++ code\n"}
[63.453803] (as2_realsense_interface) StdoutLine: {'line': b'-- Build files have been written to: /home/developer/aerostack2_ws/build/as2_realsense_interface\n'}
[63.453929] (as2_external_object_to_tf) StdoutLine: {'line': b'-- Configured cppcheck include dirs: /home/developer/aerostack2_ws/src/aerostack2-tcc_lucca/as2_utilities/as2_external_object_to_tf/include;/home/developer/aerostack2_ws/src/aerostack2-tcc_lucca/as2_utilities/as2_external_object_to_tf/include/as2_external_object_to_tf\n'}
[63.454017] (as2_external_object_to_tf) StdoutLine: {'line': b'-- Configured cppcheck exclude dirs and/or files: \n'}
[63.454118] (as2_behavior) StdoutLine: {'line': b"-- Added test 'uncrustify' to check C / C++ code style\n"}
[63.454186] (as2_behavior) StdoutLine: {'line': b'-- Configured uncrustify additional arguments: \n'}
[63.454446] (as2_alphanumeric_viewer) StdoutLine: {'line': b'-- Build files have been written to: /home/developer/aerostack2_ws/build/as2_alphanumeric_viewer\n'}
[63.454636] (as2_behavior) StdoutLine: {'line': b"-- Added test 'xmllint' to check XML markup files\n"}
[63.454734] (as2_external_object_to_tf) StdoutLine: {'line': b"-- Added test 'cpplint' to check C / C++ code against the Google style\n"}
[63.454803] (as2_external_object_to_tf) StdoutLine: {'line': b'-- Configured cpplint exclude dirs and/or files: \n'}
[63.455251] (as2_external_object_to_tf) StdoutLine: {'line': b"-- Added test 'flake8' to check Python code syntax and style conventions\n"}
[63.455501] (as2_external_object_to_tf) StdoutLine: {'line': b"-- Added test 'lint_cmake' to check CMake code style\n"}
[63.455753] (as2_external_object_to_tf) StdoutLine: {'line': b"-- Added test 'pep257' to check Python code against some of the docstring style conventions in PEP 257\n"}
[63.456582] (as2_external_object_to_tf) StdoutLine: {'line': b"-- Added test 'uncrustify' to check C / C++ code style\n"}
[63.456658] (as2_external_object_to_tf) StdoutLine: {'line': b'-- Configured uncrustify additional arguments: \n'}
[63.456904] (as2_external_object_to_tf) StdoutLine: {'line': b"-- Added test 'xmllint' to check XML markup files\n"}
[63.458024] (as2_external_object_to_tf) StdoutLine: {'line': b'-- Configuring done\n'}
[63.458104] (as2_behavior) StdoutLine: {'line': b'-- Configuring done\n'}
[63.462648] (as2_realsense_interface) JobEnded: {'identifier': 'as2_realsense_interface', 'rc': 'SIGINT'}
[63.464385] (as2_usb_camera_interface) StdoutLine: {'line': b'-- Build files have been written to: /home/developer/aerostack2_ws/build/as2_usb_camera_interface\n'}
[63.464763] (as2_alphanumeric_viewer) JobEnded: {'identifier': 'as2_alphanumeric_viewer', 'rc': 'SIGINT'}
[63.466225] (-) TimerEvent: {}
[63.468770] (as2_geozones) StdoutLine: {'line': b'-- Generating done\n'}
[63.475280] (as2_geozones) StdoutLine: {'line': b'-- Build files have been written to: /home/developer/aerostack2_ws/build/as2_geozones\n'}
[63.476296] (as2_gazebo_assets) StdoutLine: {'line': b'-- Found Python3: /usr/bin/python3 (found version "3.10.12") found components: Interpreter \n'}
[63.478466] (as2_map_server) StdoutLine: {'line': b'-- Generating done\n'}
[63.478880] (as2_external_object_to_tf) StdoutLine: {'line': b'-- Generating done\n'}
[63.480114] (as2_usb_camera_interface) JobEnded: {'identifier': 'as2_usb_camera_interface', 'rc': 'SIGINT'}
[63.483334] (as2_geozones) JobEnded: {'identifier': 'as2_geozones', 'rc': 'SIGINT'}
[63.484458] (as2_behavior) StdoutLine: {'line': b'-- Generating done\n'}
[63.485471] (as2_external_object_to_tf) StdoutLine: {'line': b'-- Build files have been written to: /home/developer/aerostack2_ws/build/as2_external_object_to_tf\n'}
[63.487880] (as2_map_server) StdoutLine: {'line': b'-- Build files have been written to: /home/developer/aerostack2_ws/build/as2_map_server\n'}
[63.489688] (as2_behavior) StdoutLine: {'line': b'-- Build files have been written to: /home/developer/aerostack2_ws/build/as2_behavior\n'}
[63.493551] (as2_external_object_to_tf) JobEnded: {'identifier': 'as2_external_object_to_tf', 'rc': 'SIGINT'}
[63.498175] (as2_behavior) JobEnded: {'identifier': 'as2_behavior', 'rc': 'SIGINT'}
[63.498491] (as2_map_server) JobEnded: {'identifier': 'as2_map_server', 'rc': 'SIGINT'}
[63.508928] (as2_state_estimator) StdoutLine: {'line': b"-- Found gtest sources under '/opt/ros/humble/src/gtest_vendor': C++ tests using 'Google Test' will be built\n"}
[63.513015] (as2_state_estimator) StdoutLine: {'line': b"-- Added test 'copyright' to check source files copyright and LICENSE\n"}
[63.514844] (as2_gazebo_assets) StdoutLine: {'line': b'-- Override CMake install command with custom implementation using symlinks instead of copying resources\n'}
[63.515355] (as2_state_estimator) StdoutLine: {'line': b"-- Added test 'cppcheck' to perform static code analysis on C / C++ code\n"}
[63.515617] (as2_state_estimator) StdoutLine: {'line': b'-- Configured cppcheck include dirs: /home/developer/aerostack2_ws/src/aerostack2-tcc_lucca/as2_state_estimator/include;/home/developer/aerostack2_ws/src/aerostack2-tcc_lucca/as2_state_estimator/include/as2_state_estimator;$<BUILD_INTERFACE:/home/developer/aerostack2_ws/src/aerostack2-tcc_lucca/as2_state_estimator/include>\n'}
[63.515650] (as2_state_estimator) StdoutLine: {'line': b'-- Configured cppcheck exclude dirs and/or files: \n'}
[63.518066] (as2_state_estimator) StdoutLine: {'line': b"-- Added test 'cpplint' to check C / C++ code against the Google style\n"}
[63.518124] (as2_state_estimator) StdoutLine: {'line': b'-- Configured cpplint exclude dirs and/or files: \n'}
[63.518654] (as2_state_estimator) StdoutLine: {'line': b"-- Added test 'flake8' to check Python code syntax and style conventions\n"}
[63.519310] (as2_state_estimator) StdoutLine: {'line': b"-- Added test 'lint_cmake' to check CMake code style\n"}
[63.519831] (as2_state_estimator) StdoutLine: {'line': b"-- Added test 'pep257' to check Python code against some of the docstring style conventions in PEP 257\n"}
[63.522201] (as2_state_estimator) StdoutLine: {'line': b"-- Added test 'uncrustify' to check C / C++ code style\n"}
[63.522263] (as2_state_estimator) StdoutLine: {'line': b'-- Configured uncrustify additional arguments: \n'}
[63.522634] (as2_state_estimator) StdoutLine: {'line': b"-- Added test 'xmllint' to check XML markup files\n"}
[63.523604] (as2_state_estimator) StdoutLine: {'line': b'-- Configuring done\n'}
[63.537157] (as2_gazebo_assets) StdoutLine: {'line': b'-- Found ros_gz_sim: 0.244.24 (/opt/ros/humble/share/ros_gz_sim/cmake)\n'}
[63.561146] (as2_gazebo_assets) StdoutLine: {'line': b'-- Found rosidl_generator_c: 3.1.8 (/opt/ros/humble/share/rosidl_generator_c/cmake)\n'}
[63.564430] (as2_gazebo_assets) StdoutLine: {'line': b'-- Found rosidl_adapter: 3.1.8 (/opt/ros/humble/share/rosidl_adapter/cmake)\n'}
[63.566289] (-) TimerEvent: {}
[63.567218] (as2_state_estimator) StdoutLine: {'line': b'-- Generating done\n'}
[63.569839] (as2_gazebo_assets) StdoutLine: {'line': b'-- Found rosidl_generator_cpp: 3.1.8 (/opt/ros/humble/share/rosidl_generator_cpp/cmake)\n'}
[63.577222] (as2_gazebo_assets) StdoutLine: {'line': b'-- Using all available rosidl_typesupport_c: rosidl_typesupport_fastrtps_c;rosidl_typesupport_introspection_c\n'}
[63.582582] (as2_state_estimator) StdoutLine: {'line': b'-- Build files have been written to: /home/developer/aerostack2_ws/build/as2_state_estimator\n'}
[63.587135] (as2_gazebo_assets) StdoutLine: {'line': b'-- Using all available rosidl_typesupport_cpp: rosidl_typesupport_fastrtps_cpp;rosidl_typesupport_introspection_cpp\n'}
[63.591742] (as2_state_estimator) JobEnded: {'identifier': 'as2_state_estimator', 'rc': 'SIGINT'}
[63.613642] (as2_gazebo_assets) StdoutLine: {'line': b'-- Found rmw_implementation_cmake: 6.1.2 (/opt/ros/humble/share/rmw_implementation_cmake/cmake)\n'}
[63.615404] (as2_gazebo_assets) StdoutLine: {'line': b'-- Found rmw_fastrtps_cpp: 6.2.10 (/opt/ros/humble/share/rmw_fastrtps_cpp/cmake)\n'}
[63.666397] (-) TimerEvent: {}
[63.678869] (as2_gazebo_assets) StdoutLine: {'line': b'-- Found OpenSSL: /usr/lib/x86_64-linux-gnu/libcrypto.so (found version "3.0.2")  \n'}
[63.695903] (as2_gazebo_assets) StdoutLine: {'line': b'-- Found FastRTPS: /opt/ros/humble/include  \n'}
[63.724525] (as2_gazebo_assets) StdoutLine: {'line': b"-- Using RMW implementation 'rmw_fastrtps_cpp' as default\n"}
[63.730425] (as2_gazebo_assets) StdoutLine: {'line': b'-- Found Threads: TRUE  \n'}
[63.758918] (as2_gazebo_assets) StdoutLine: {'line': b'-- Found ros_gz_bridge: 0.244.24 (/opt/ros/humble/share/ros_gz_bridge/cmake)\n'}
[63.766487] (-) TimerEvent: {}
[63.866746] (-) TimerEvent: {}
[63.882271] (as2_gazebo_assets) StdoutLine: {'line': b'-- Found as2_core: 1.1.3 (/home/developer/aerostack2_ws/install/as2_core/share/as2_core/cmake)\n'}
[63.882410] (as2_gazebo_assets) StdoutLine: {'line': b'-- Created yaml-cpp::yaml-cpp alias from yaml-cpp target\n'}
[63.883236] (as2_gazebo_assets) StdoutLine: {'line': b'-- Created GeographicLib::GeographicLib target from legacy variables\n'}
[63.924277] (as2_gazebo_assets) StdoutLine: {'line': b'-- Found eigen3_cmake_module: 0.1.1 (/opt/ros/humble/share/eigen3_cmake_module/cmake)\n'}
[63.925065] (as2_gazebo_assets) StdoutLine: {'line': b'-- Found Eigen3: TRUE (found version "3.4.0") \n'}
[63.925208] (as2_gazebo_assets) StdoutLine: {'line': b'-- Ensuring Eigen3 include directory is part of orocos-kdl CMake target\n'}
[63.966934] (-) TimerEvent: {}
[64.041713] (as2_gazebo_assets) StdoutLine: {'line': b'-- Found ament_lint_auto: 0.12.15 (/opt/ros/humble/share/ament_lint_auto/cmake)\n'}
[64.067086] (-) TimerEvent: {}
[64.100692] (as2_gazebo_assets) StdoutLine: {'line': b'-- Found ament_cmake_pytest: 1.3.14 (/opt/ros/humble/share/ament_cmake_pytest/cmake)\n'}
[64.167188] (-) TimerEvent: {}
[64.267460] (-) TimerEvent: {}
[64.367734] (-) TimerEvent: {}
[64.467972] (-) TimerEvent: {}
[64.568212] (-) TimerEvent: {}
[64.668481] (-) TimerEvent: {}
[64.711338] (as2_gazebo_assets) StdoutLine: {'line': b"-- Added test 'copyright' to check source files copyright and LICENSE\n"}
[64.722968] (as2_gazebo_assets) StdoutLine: {'line': b"-- Added test 'cppcheck' to perform static code analysis on C / C++ code\n"}
[64.723525] (as2_gazebo_assets) StdoutLine: {'line': b'-- Configured cppcheck include dirs: /home/developer/aerostack2_ws/src/aerostack2-tcc_lucca/as2_simulation_assets/as2_gazebo_assets/include;/home/developer/aerostack2_ws/src/aerostack2-tcc_lucca/as2_simulation_assets/as2_gazebo_assets/include/as2_gazebo_assets\n'}
[64.723615] (as2_gazebo_assets) StdoutLine: {'line': b'-- Configured cppcheck exclude dirs and/or files: /home/developer/aerostack2_ws/src/aerostack2-tcc_lucca/as2_simulation_assets/as2_gazebo_assets/plugins/indi-control/Common.cpp;/home/developer/aerostack2_ws/src/aerostack2-tcc_lucca/as2_simulation_assets/as2_gazebo_assets/plugins/indi-control/Common.hpp;/home/developer/aerostack2_ws/src/aerostack2-tcc_lucca/as2_simulation_assets/as2_gazebo_assets/plugins/indi-control/INDIControlPlugin.cpp;/home/developer/aerostack2_ws/src/aerostack2-tcc_lucca/as2_simulation_assets/as2_gazebo_assets/plugins/indi-control/INDIControlPlugin.hpp;/home/developer/aerostack2_ws/src/aerostack2-tcc_lucca/as2_simulation_assets/as2_gazebo_assets/plugins/indi-control/IndiController.hpp;/home/developer/aerostack2_ws/src/aerostack2-tcc_lucca/as2_simulation_assets/as2_gazebo_assets/plugins/indi-control/PIDController.hpp;/home/developer/aerostack2_ws/src/aerostack2-tcc_lucca/as2_simulation_assets/as2_gazebo_assets/plugins/indi-control/Parameters.hpp;/home/developer/aerostack2_ws/src/aerostack2-tcc_lucca/as2_simulation_assets/as2_gazebo_assets/plugins/indi-control_ign/Common.cpp;/home/developer/aerostack2_ws/src/aerostack2-tcc_lucca/as2_simulation_assets/as2_gazebo_assets/plugins/indi-control_ign/Common.hpp;/home/developer/aerostack2_ws/src/aerostack2-tcc_lucca/as2_simulation_assets/as2_gazebo_assets/plugins/indi-control_ign/INDIControlPlugin.cpp;/home/developer/aerostack2_ws/src/aerostack2-tcc_lucca/as2_simulation_assets/as2_gazebo_assets/plugins/indi-control_ign/INDIControlPlugin.hpp;/home/developer/aerostack2_ws/src/aerostack2-tcc_lucca/as2_simulation_assets/as2_gazebo_assets/plugins/indi-control_ign/IndiController.hpp;/home/developer/aerostack2_ws/src/aerostack2-tcc_lucca/as2_simulation_assets/as2_gazebo_assets/plugins/indi-control_ign/PIDController.hpp;/home/developer/aerostack2_ws/src/aerostack2-tcc_lucca/as2_simulation_assets/as2_gazebo_assets/plugins/indi-control_ign/Parameters.hpp\n'}
[64.734563] (as2_gazebo_assets) StdoutLine: {'line': b"-- Added test 'cpplint' to check C / C++ code against the Google style\n"}
[64.734660] (as2_gazebo_assets) StdoutLine: {'line': b'-- Configured cpplint exclude dirs and/or files: /home/developer/aerostack2_ws/src/aerostack2-tcc_lucca/as2_simulation_assets/as2_gazebo_assets/plugins/indi-control/Common.cpp;/home/developer/aerostack2_ws/src/aerostack2-tcc_lucca/as2_simulation_assets/as2_gazebo_assets/plugins/indi-control/Common.hpp;/home/developer/aerostack2_ws/src/aerostack2-tcc_lucca/as2_simulation_assets/as2_gazebo_assets/plugins/indi-control/INDIControlPlugin.cpp;/home/developer/aerostack2_ws/src/aerostack2-tcc_lucca/as2_simulation_assets/as2_gazebo_assets/plugins/indi-control/INDIControlPlugin.hpp;/home/developer/aerostack2_ws/src/aerostack2-tcc_lucca/as2_simulation_assets/as2_gazebo_assets/plugins/indi-control/IndiController.hpp;/home/developer/aerostack2_ws/src/aerostack2-tcc_lucca/as2_simulation_assets/as2_gazebo_assets/plugins/indi-control/PIDController.hpp;/home/developer/aerostack2_ws/src/aerostack2-tcc_lucca/as2_simulation_assets/as2_gazebo_assets/plugins/indi-control/Parameters.hpp;/home/developer/aerostack2_ws/src/aerostack2-tcc_lucca/as2_simulation_assets/as2_gazebo_assets/plugins/indi-control_ign/Common.cpp;/home/developer/aerostack2_ws/src/aerostack2-tcc_lucca/as2_simulation_assets/as2_gazebo_assets/plugins/indi-control_ign/Common.hpp;/home/developer/aerostack2_ws/src/aerostack2-tcc_lucca/as2_simulation_assets/as2_gazebo_assets/plugins/indi-control_ign/INDIControlPlugin.cpp;/home/developer/aerostack2_ws/src/aerostack2-tcc_lucca/as2_simulation_assets/as2_gazebo_assets/plugins/indi-control_ign/INDIControlPlugin.hpp;/home/developer/aerostack2_ws/src/aerostack2-tcc_lucca/as2_simulation_assets/as2_gazebo_assets/plugins/indi-control_ign/IndiController.hpp;/home/developer/aerostack2_ws/src/aerostack2-tcc_lucca/as2_simulation_assets/as2_gazebo_assets/plugins/indi-control_ign/PIDController.hpp;/home/developer/aerostack2_ws/src/aerostack2-tcc_lucca/as2_simulation_assets/as2_gazebo_assets/plugins/indi-control_ign/Parameters.hpp\n'}
[64.736260] (as2_gazebo_assets) StdoutLine: {'line': b"-- Added test 'flake8' to check Python code syntax and style conventions\n"}
[64.739092] (as2_gazebo_assets) StdoutLine: {'line': b"-- Added test 'lint_cmake' to check CMake code style\n"}
[64.740702] (as2_gazebo_assets) StdoutLine: {'line': b"-- Added test 'pep257' to check Python code against some of the docstring style conventions in PEP 257\n"}
[64.751346] (as2_gazebo_assets) StdoutLine: {'line': b"-- Added test 'uncrustify' to check C / C++ code style\n"}
[64.751482] (as2_gazebo_assets) StdoutLine: {'line': b'-- Configured uncrustify additional arguments: \n'}
[64.753037] (as2_gazebo_assets) StdoutLine: {'line': b"-- Added test 'xmllint' to check XML markup files\n"}
[64.753807] (as2_gazebo_assets) StdoutLine: {'line': b'-- Configuring done\n'}
[64.768602] (-) TimerEvent: {}
[64.793531] (as2_gazebo_assets) StdoutLine: {'line': b'-- Generating done\n'}
[64.807743] (as2_gazebo_assets) StdoutLine: {'line': b'-- Build files have been written to: /home/developer/aerostack2_ws/build/as2_gazebo_assets\n'}
[64.817834] (as2_gazebo_assets) JobEnded: {'identifier': 'as2_gazebo_assets', 'rc': 'SIGINT'}
[64.868723] (-) TimerEvent: {}
[64.924909] (as2_platform_multirotor_simulator) StdoutLine: {'line': b'-- Found GTest: /usr/lib/x86_64-linux-gnu/cmake/GTest/GTestConfig.cmake (found version "1.11.0")  \n'}
[64.933730] (as2_platform_multirotor_simulator) StdoutLine: {'line': b'-- Found ament_lint_auto: 0.12.15 (/opt/ros/humble/share/ament_lint_auto/cmake)\n'}
[64.968789] (-) TimerEvent: {}
[64.991737] (as2_platform_multirotor_simulator) StdoutLine: {'line': b"-- Found gtest sources under '/opt/ros/humble/src/gtest_vendor': C++ tests using 'Google Test' will be built\n"}
[64.998611] (as2_platform_multirotor_simulator) StdoutLine: {'line': b"-- Added test 'copyright' to check source files copyright and LICENSE\n"}
[64.999693] (as2_platform_multirotor_simulator) StdoutLine: {'line': b"-- Added test 'cppcheck' to perform static code analysis on C / C++ code\n"}
[64.999894] (as2_platform_multirotor_simulator) StdoutLine: {'line': b'-- Configured cppcheck include dirs: /home/developer/aerostack2_ws/src/aerostack2-tcc_lucca/as2_aerial_platforms/as2_platform_multirotor_simulator/include;/home/developer/aerostack2_ws/src/aerostack2-tcc_lucca/as2_aerial_platforms/as2_platform_multirotor_simulator/include/as2_platform_multirotor_simulator;/home/developer/aerostack2_ws/src/aerostack2-tcc_lucca/as2_aerial_platforms/as2_platform_multirotor_simulator/{EIGEN3_INCLUDE_DIRS}\n'}
[64.999963] (as2_platform_multirotor_simulator) StdoutLine: {'line': b'-- Configured cppcheck exclude dirs and/or files: \n'}
[65.000949] (as2_platform_multirotor_simulator) StdoutLine: {'line': b"-- Added test 'cpplint' to check C / C++ code against the Google style\n"}
[65.001013] (as2_platform_multirotor_simulator) StdoutLine: {'line': b'-- Configured cpplint exclude dirs and/or files: \n'}
[65.001193] (as2_platform_multirotor_simulator) StdoutLine: {'line': b"-- Added test 'flake8' to check Python code syntax and style conventions\n"}
[65.001552] (as2_platform_multirotor_simulator) StdoutLine: {'line': b"-- Added test 'lint_cmake' to check CMake code style\n"}
[65.001761] (as2_platform_multirotor_simulator) StdoutLine: {'line': b"-- Added test 'pep257' to check Python code against some of the docstring style conventions in PEP 257\n"}
[65.002757] (as2_platform_multirotor_simulator) StdoutLine: {'line': b"-- Added test 'uncrustify' to check C / C++ code style\n"}
[65.002815] (as2_platform_multirotor_simulator) StdoutLine: {'line': b'-- Configured uncrustify additional arguments: \n'}
[65.002895] (as2_platform_multirotor_simulator) StdoutLine: {'line': b"-- Added test 'xmllint' to check XML markup files\n"}
[65.003776] (as2_platform_multirotor_simulator) StdoutLine: {'line': b'-- Configuring done\n'}
[65.040847] (as2_platform_multirotor_simulator) StdoutLine: {'line': b'-- Generating done\n'}
[65.053377] (as2_platform_multirotor_simulator) StdoutLine: {'line': b'-- Build files have been written to: /home/developer/aerostack2_ws/build/as2_platform_multirotor_simulator\n'}
[65.061513] (as2_platform_multirotor_simulator) JobEnded: {'identifier': 'as2_platform_multirotor_simulator', 'rc': 'SIGINT'}
[65.068931] (-) TimerEvent: {}
[65.071818] (as2_behaviors_motion) JobSkipped: {'identifier': 'as2_behaviors_motion'}
[65.071856] (as2_behaviors_param_estimation) JobSkipped: {'identifier': 'as2_behaviors_param_estimation'}
[65.071999] (as2_behaviors_path_planning) JobSkipped: {'identifier': 'as2_behaviors_path_planning'}
[65.072021] (as2_behaviors_payload) JobSkipped: {'identifier': 'as2_behaviors_payload'}
[65.072038] (as2_behaviors_perception) JobSkipped: {'identifier': 'as2_behaviors_perception'}
[65.072053] (as2_behaviors_platform) JobSkipped: {'identifier': 'as2_behaviors_platform'}
[65.072211] (as2_behaviors_swarm_flocking) JobSkipped: {'identifier': 'as2_behaviors_swarm_flocking'}
[65.072236] (as2_behaviors_trajectory_generation) JobSkipped: {'identifier': 'as2_behaviors_trajectory_generation'}
[65.072254] (as2_motion_controller) JobSkipped: {'identifier': 'as2_motion_controller'}
[65.072268] (as2_platform_gazebo) JobSkipped: {'identifier': 'as2_platform_gazebo'}
[65.072282] (as2_python_api) JobSkipped: {'identifier': 'as2_python_api'}
[65.072295] (as2_rviz_plugins) JobSkipped: {'identifier': 'as2_rviz_plugins'}
[65.072309] (as2_visualization) JobSkipped: {'identifier': 'as2_visualization'}
[65.072322] (as2_keyboard_teleoperation) JobSkipped: {'identifier': 'as2_keyboard_teleoperation'}
[65.072744] (aerostack2) JobSkipped: {'identifier': 'aerostack2'}
[65.072768] (-) EventReactorShutdown: {}
