[0.000000] (-) TimerEvent: {}
[0.000524] (as2_cli) JobQueued: {'identifier': 'as2_cli', 'dependencies': OrderedDict()}
[0.000564] (as2_msgs) JobQueued: {'identifier': 'as2_msgs', 'dependencies': OrderedDict()}
[0.000605] (as2_core) JobQueued: {'identifier': 'as2_core', 'dependencies': OrderedDict([('as2_msgs', '/home/developer/aerostack2_ws/install/as2_msgs')])}
[0.000639] (as2_alphanumeric_viewer) JobQueued: {'identifier': 'as2_alphanumeric_viewer', 'dependencies': OrderedDict([('as2_msgs', '/home/developer/aerostack2_ws/install/as2_msgs'), ('as2_core', '/home/developer/aerostack2_ws/install/as2_core')])}
[0.000658] (as2_behavior) JobQueued: {'identifier': 'as2_behavior', 'dependencies': OrderedDict([('as2_msgs', '/home/developer/aerostack2_ws/install/as2_msgs'), ('as2_core', '/home/developer/aerostack2_ws/install/as2_core')])}
[0.000680] (as2_behavior_tree) JobQueued: {'identifier': 'as2_behavior_tree', 'dependencies': OrderedDict([('as2_msgs', '/home/developer/aerostack2_ws/install/as2_msgs'), ('as2_core', '/home/developer/aerostack2_ws/install/as2_core')])}
[0.000697] (as2_external_object_to_tf) JobQueued: {'identifier': 'as2_external_object_to_tf', 'dependencies': OrderedDict([('as2_msgs', '/home/developer/aerostack2_ws/install/as2_msgs'), ('as2_core', '/home/developer/aerostack2_ws/install/as2_core')])}
[0.000713] (as2_gazebo_assets) JobQueued: {'identifier': 'as2_gazebo_assets', 'dependencies': OrderedDict([('as2_msgs', '/home/developer/aerostack2_ws/install/as2_msgs'), ('as2_core', '/home/developer/aerostack2_ws/install/as2_core')])}
[0.000729] (as2_geozones) JobQueued: {'identifier': 'as2_geozones', 'dependencies': OrderedDict([('as2_msgs', '/home/developer/aerostack2_ws/install/as2_msgs'), ('as2_core', '/home/developer/aerostack2_ws/install/as2_core')])}
[0.000744] (as2_map_server) JobQueued: {'identifier': 'as2_map_server', 'dependencies': OrderedDict([('as2_msgs', '/home/developer/aerostack2_ws/install/as2_msgs'), ('as2_core', '/home/developer/aerostack2_ws/install/as2_core')])}
[0.000761] (as2_motion_reference_handlers) JobQueued: {'identifier': 'as2_motion_reference_handlers', 'dependencies': OrderedDict([('as2_msgs', '/home/developer/aerostack2_ws/install/as2_msgs'), ('as2_core', '/home/developer/aerostack2_ws/install/as2_core')])}
[0.000797] (as2_platform_multirotor_simulator) JobQueued: {'identifier': 'as2_platform_multirotor_simulator', 'dependencies': OrderedDict([('as2_msgs', '/home/developer/aerostack2_ws/install/as2_msgs'), ('as2_core', '/home/developer/aerostack2_ws/install/as2_core')])}
[0.000856] (as2_realsense_interface) JobQueued: {'identifier': 'as2_realsense_interface', 'dependencies': OrderedDict([('as2_msgs', '/home/developer/aerostack2_ws/install/as2_msgs'), ('as2_core', '/home/developer/aerostack2_ws/install/as2_core')])}
[0.000874] (as2_state_estimator) JobQueued: {'identifier': 'as2_state_estimator', 'dependencies': OrderedDict([('as2_msgs', '/home/developer/aerostack2_ws/install/as2_msgs'), ('as2_core', '/home/developer/aerostack2_ws/install/as2_core')])}
[0.000890] (as2_usb_camera_interface) JobQueued: {'identifier': 'as2_usb_camera_interface', 'dependencies': OrderedDict([('as2_msgs', '/home/developer/aerostack2_ws/install/as2_msgs'), ('as2_core', '/home/developer/aerostack2_ws/install/as2_core')])}
[0.000908] (as2_behaviors_motion) JobQueued: {'identifier': 'as2_behaviors_motion', 'dependencies': OrderedDict([('as2_msgs', '/home/developer/aerostack2_ws/install/as2_msgs'), ('as2_core', '/home/developer/aerostack2_ws/install/as2_core'), ('as2_behavior', '/home/developer/aerostack2_ws/install/as2_behavior'), ('as2_motion_reference_handlers', '/home/developer/aerostack2_ws/install/as2_motion_reference_handlers')])}
[0.000932] (as2_behaviors_param_estimation) JobQueued: {'identifier': 'as2_behaviors_param_estimation', 'dependencies': OrderedDict([('as2_msgs', '/home/developer/aerostack2_ws/install/as2_msgs'), ('as2_core', '/home/developer/aerostack2_ws/install/as2_core'), ('as2_behavior', '/home/developer/aerostack2_ws/install/as2_behavior')])}
[0.000964] (as2_behaviors_path_planning) JobQueued: {'identifier': 'as2_behaviors_path_planning', 'dependencies': OrderedDict([('as2_msgs', '/home/developer/aerostack2_ws/install/as2_msgs'), ('as2_core', '/home/developer/aerostack2_ws/install/as2_core'), ('as2_behavior', '/home/developer/aerostack2_ws/install/as2_behavior')])}
[0.000991] (as2_behaviors_payload) JobQueued: {'identifier': 'as2_behaviors_payload', 'dependencies': OrderedDict([('as2_msgs', '/home/developer/aerostack2_ws/install/as2_msgs'), ('as2_core', '/home/developer/aerostack2_ws/install/as2_core'), ('as2_behavior', '/home/developer/aerostack2_ws/install/as2_behavior')])}
[0.001013] (as2_behaviors_perception) JobQueued: {'identifier': 'as2_behaviors_perception', 'dependencies': OrderedDict([('as2_msgs', '/home/developer/aerostack2_ws/install/as2_msgs'), ('as2_core', '/home/developer/aerostack2_ws/install/as2_core'), ('as2_behavior', '/home/developer/aerostack2_ws/install/as2_behavior')])}
[0.001029] (as2_behaviors_platform) JobQueued: {'identifier': 'as2_behaviors_platform', 'dependencies': OrderedDict([('as2_msgs', '/home/developer/aerostack2_ws/install/as2_msgs'), ('as2_core', '/home/developer/aerostack2_ws/install/as2_core'), ('as2_behavior', '/home/developer/aerostack2_ws/install/as2_behavior')])}
[0.001046] (as2_behaviors_swarm_flocking) JobQueued: {'identifier': 'as2_behaviors_swarm_flocking', 'dependencies': OrderedDict([('as2_msgs', '/home/developer/aerostack2_ws/install/as2_msgs'), ('as2_core', '/home/developer/aerostack2_ws/install/as2_core'), ('as2_behavior', '/home/developer/aerostack2_ws/install/as2_behavior'), ('as2_motion_reference_handlers', '/home/developer/aerostack2_ws/install/as2_motion_reference_handlers')])}
[0.001065] (as2_behaviors_trajectory_generation) JobQueued: {'identifier': 'as2_behaviors_trajectory_generation', 'dependencies': OrderedDict([('as2_msgs', '/home/developer/aerostack2_ws/install/as2_msgs'), ('as2_core', '/home/developer/aerostack2_ws/install/as2_core'), ('as2_behavior', '/home/developer/aerostack2_ws/install/as2_behavior'), ('as2_motion_reference_handlers', '/home/developer/aerostack2_ws/install/as2_motion_reference_handlers')])}
[0.001137] (as2_motion_controller) JobQueued: {'identifier': 'as2_motion_controller', 'dependencies': OrderedDict([('as2_msgs', '/home/developer/aerostack2_ws/install/as2_msgs'), ('as2_core', '/home/developer/aerostack2_ws/install/as2_core'), ('as2_motion_reference_handlers', '/home/developer/aerostack2_ws/install/as2_motion_reference_handlers')])}
[0.001158] (as2_platform_gazebo) JobQueued: {'identifier': 'as2_platform_gazebo', 'dependencies': OrderedDict([('as2_msgs', '/home/developer/aerostack2_ws/install/as2_msgs'), ('as2_core', '/home/developer/aerostack2_ws/install/as2_core'), ('as2_gazebo_assets', '/home/developer/aerostack2_ws/install/as2_gazebo_assets')])}
[0.001176] (as2_python_api) JobQueued: {'identifier': 'as2_python_api', 'dependencies': OrderedDict([('as2_msgs', '/home/developer/aerostack2_ws/install/as2_msgs'), ('as2_core', '/home/developer/aerostack2_ws/install/as2_core'), ('as2_motion_reference_handlers', '/home/developer/aerostack2_ws/install/as2_motion_reference_handlers')])}
[0.001195] (as2_rviz_plugins) JobQueued: {'identifier': 'as2_rviz_plugins', 'dependencies': OrderedDict([('as2_msgs', '/home/developer/aerostack2_ws/install/as2_msgs'), ('as2_core', '/home/developer/aerostack2_ws/install/as2_core'), ('as2_motion_reference_handlers', '/home/developer/aerostack2_ws/install/as2_motion_reference_handlers')])}
[0.001213] (as2_visualization) JobQueued: {'identifier': 'as2_visualization', 'dependencies': OrderedDict([('as2_msgs', '/home/developer/aerostack2_ws/install/as2_msgs'), ('as2_core', '/home/developer/aerostack2_ws/install/as2_core'), ('as2_gazebo_assets', '/home/developer/aerostack2_ws/install/as2_gazebo_assets')])}
[0.001231] (as2_keyboard_teleoperation) JobQueued: {'identifier': 'as2_keyboard_teleoperation', 'dependencies': OrderedDict([('as2_msgs', '/home/developer/aerostack2_ws/install/as2_msgs'), ('as2_core', '/home/developer/aerostack2_ws/install/as2_core'), ('as2_motion_reference_handlers', '/home/developer/aerostack2_ws/install/as2_motion_reference_handlers'), ('as2_python_api', '/home/developer/aerostack2_ws/install/as2_python_api')])}
[0.001260] (aerostack2) JobQueued: {'identifier': 'aerostack2', 'dependencies': OrderedDict([('as2_cli', '/home/developer/aerostack2_ws/install/as2_cli'), ('as2_msgs', '/home/developer/aerostack2_ws/install/as2_msgs'), ('as2_core', '/home/developer/aerostack2_ws/install/as2_core'), ('as2_alphanumeric_viewer', '/home/developer/aerostack2_ws/install/as2_alphanumeric_viewer'), ('as2_behavior', '/home/developer/aerostack2_ws/install/as2_behavior'), ('as2_behavior_tree', '/home/developer/aerostack2_ws/install/as2_behavior_tree'), ('as2_external_object_to_tf', '/home/developer/aerostack2_ws/install/as2_external_object_to_tf'), ('as2_gazebo_assets', '/home/developer/aerostack2_ws/install/as2_gazebo_assets'), ('as2_geozones', '/home/developer/aerostack2_ws/install/as2_geozones'), ('as2_map_server', '/home/developer/aerostack2_ws/install/as2_map_server'), ('as2_motion_reference_handlers', '/home/developer/aerostack2_ws/install/as2_motion_reference_handlers'), ('as2_platform_multirotor_simulator', '/home/developer/aerostack2_ws/install/as2_platform_multirotor_simulator'), ('as2_realsense_interface', '/home/developer/aerostack2_ws/install/as2_realsense_interface'), ('as2_state_estimator', '/home/developer/aerostack2_ws/install/as2_state_estimator'), ('as2_usb_camera_interface', '/home/developer/aerostack2_ws/install/as2_usb_camera_interface'), ('as2_behaviors_motion', '/home/developer/aerostack2_ws/install/as2_behaviors_motion'), ('as2_behaviors_path_planning', '/home/developer/aerostack2_ws/install/as2_behaviors_path_planning'), ('as2_behaviors_perception', '/home/developer/aerostack2_ws/install/as2_behaviors_perception'), ('as2_behaviors_platform', '/home/developer/aerostack2_ws/install/as2_behaviors_platform'), ('as2_behaviors_trajectory_generation', '/home/developer/aerostack2_ws/install/as2_behaviors_trajectory_generation'), ('as2_motion_controller', '/home/developer/aerostack2_ws/install/as2_motion_controller'), ('as2_platform_gazebo', '/home/developer/aerostack2_ws/install/as2_platform_gazebo'), ('as2_python_api', '/home/developer/aerostack2_ws/install/as2_python_api'), ('as2_rviz_plugins', '/home/developer/aerostack2_ws/install/as2_rviz_plugins'), ('as2_visualization', '/home/developer/aerostack2_ws/install/as2_visualization'), ('as2_keyboard_teleoperation', '/home/developer/aerostack2_ws/install/as2_keyboard_teleoperation')])}
[0.001297] (as2_msgs) JobStarted: {'identifier': 'as2_msgs'}
[0.009848] (as2_msgs) JobProgress: {'identifier': 'as2_msgs', 'progress': 'cmake'}
[0.010890] (as2_msgs) JobProgress: {'identifier': 'as2_msgs', 'progress': 'build'}
[0.011534] (as2_msgs) Command: {'cmd': ['/usr/bin/cmake', '--build', '/home/developer/aerostack2_ws/build/as2_msgs', '--', '-j20', '-l20'], 'cwd': '/home/developer/aerostack2_ws/build/as2_msgs', 'env': OrderedDict([('HOSTNAME', 'lead-Predator-PHN16-71'), ('SHLVL', '1'), ('LD_LIBRARY_PATH', '/opt/ros/humble/opt/rviz_ogre_vendor/lib:/opt/ros/humble/lib/x86_64-linux-gnu:/opt/ros/humble/lib'), ('HOME', '/home/developer'), ('ROS_PYTHON_VERSION', '3'), ('ROS_DISTRO', 'humble'), ('_', '/usr/bin/colcon'), ('ROS_VERSION', '2'), ('TERM', 'xterm'), ('ROS_LOCALHOST_ONLY', '0'), ('QT_X11_NO_MITSHM', '1'), ('PATH', '/opt/ros/humble/bin:/usr/local/sbin:/usr/local/bin:/usr/sbin:/usr/bin:/sbin:/bin'), ('DISPLAY', ':1'), ('LANG', 'C.UTF-8'), ('LS_COLORS', 'rs=0:di=01;34:ln=01;36:mh=00:pi=40;33:so=01;35:do=01;35:bd=40;33;01:cd=40;33;01:or=40;31;01:mi=00:su=37;41:sg=30;43:ca=30;41:tw=30;42:ow=34;42:st=37;44:ex=01;32:*.tar=01;31:*.tgz=01;31:*.arc=01;31:*.arj=01;31:*.taz=01;31:*.lha=01;31:*.lz4=01;31:*.lzh=01;31:*.lzma=01;31:*.tlz=01;31:*.txz=01;31:*.tzo=01;31:*.t7z=01;31:*.zip=01;31:*.z=01;31:*.dz=01;31:*.gz=01;31:*.lrz=01;31:*.lz=01;31:*.lzo=01;31:*.xz=01;31:*.zst=01;31:*.tzst=01;31:*.bz2=01;31:*.bz=01;31:*.tbz=01;31:*.tbz2=01;31:*.tz=01;31:*.deb=01;31:*.rpm=01;31:*.jar=01;31:*.war=01;31:*.ear=01;31:*.sar=01;31:*.rar=01;31:*.alz=01;31:*.ace=01;31:*.zoo=01;31:*.cpio=01;31:*.7z=01;31:*.rz=01;31:*.cab=01;31:*.wim=01;31:*.swm=01;31:*.dwm=01;31:*.esd=01;31:*.jpg=01;35:*.jpeg=01;35:*.mjpg=01;35:*.mjpeg=01;35:*.gif=01;35:*.bmp=01;35:*.pbm=01;35:*.pgm=01;35:*.ppm=01;35:*.tga=01;35:*.xbm=01;35:*.xpm=01;35:*.tif=01;35:*.tiff=01;35:*.png=01;35:*.svg=01;35:*.svgz=01;35:*.mng=01;35:*.pcx=01;35:*.mov=01;35:*.mpg=01;35:*.mpeg=01;35:*.m2v=01;35:*.mkv=01;35:*.webm=01;35:*.webp=01;35:*.ogm=01;35:*.mp4=01;35:*.m4v=01;35:*.mp4v=01;35:*.vob=01;35:*.qt=01;35:*.nuv=01;35:*.wmv=01;35:*.asf=01;35:*.rm=01;35:*.rmvb=01;35:*.flc=01;35:*.avi=01;35:*.fli=01;35:*.flv=01;35:*.gl=01;35:*.dl=01;35:*.xcf=01;35:*.xwd=01;35:*.yuv=01;35:*.cgm=01;35:*.emf=01;35:*.ogv=01;35:*.ogx=01;35:*.aac=00;36:*.au=00;36:*.flac=00;36:*.m4a=00;36:*.mid=00;36:*.midi=00;36:*.mka=00;36:*.mp3=00;36:*.mpc=00;36:*.ogg=00;36:*.ra=00;36:*.wav=00;36:*.oga=00;36:*.opus=00;36:*.spx=00;36:*.xspf=00;36:'), ('AMENT_PREFIX_PATH', '/opt/ros/humble'), ('GZ_VERSION', 'harmonic'), ('PWD', '/home/developer/aerostack2_ws/build/as2_msgs'), ('LC_ALL', 'C.UTF-8'), ('PYTHONPATH', '/opt/ros/humble/lib/python3.10/site-packages:/opt/ros/humble/local/lib/python3.10/dist-packages'), ('COLCON', '1'), ('CMAKE_PREFIX_PATH', '/opt/ros/humble')]), 'shell': False}
[0.099863] (-) TimerEvent: {}
[0.116488] (as2_msgs) StdoutLine: {'line': b'[  1%] Built target as2_msgs__rs\n'}
[0.120607] (as2_msgs) StdoutLine: {'line': b'[  1%] Built target ament_cmake_python_symlink_as2_msgs\n'}
[0.121300] (as2_msgs) StdoutLine: {'line': b'[  1%] Built target as2_msgs__cpp\n'}
[0.147316] (as2_msgs) StdoutLine: {'line': b'[ 13%] Built target as2_msgs__rosidl_generator_c\n'}
[0.163018] (as2_msgs) StdoutLine: {'line': b'[ 37%] Built target as2_msgs__rosidl_typesupport_cpp\n'}
[0.163158] (as2_msgs) StdoutLine: {'line': b'[ 37%] Built target as2_msgs__rosidl_typesupport_fastrtps_cpp\n'}
[0.164260] (as2_msgs) StdoutLine: {'line': b'[ 49%] Built target as2_msgs__rosidl_typesupport_introspection_cpp\n'}
[0.179854] (as2_msgs) StdoutLine: {'line': b'[ 62%] Built target as2_msgs__rosidl_typesupport_c\n'}
[0.181146] (as2_msgs) StdoutLine: {'line': b'[ 75%] Built target as2_msgs__rosidl_typesupport_introspection_c\n'}
[0.185150] (as2_msgs) StdoutLine: {'line': b'[ 88%] Built target as2_msgs__rosidl_typesupport_fastrtps_c\n'}
[0.200054] (-) TimerEvent: {}
[0.201490] (as2_msgs) StdoutLine: {'line': b'[ 88%] Built target as2_msgs\n'}
[0.222646] (as2_msgs) StdoutLine: {'line': b'[ 88%] Built target as2_msgs__py\n'}
[0.253539] (as2_msgs) StdoutLine: {'line': b'running egg_info\n'}
[0.253944] (as2_msgs) StdoutLine: {'line': b'writing as2_msgs.egg-info/PKG-INFO\n'}
[0.254020] (as2_msgs) StdoutLine: {'line': b'writing dependency_links to as2_msgs.egg-info/dependency_links.txt\n'}
[0.254079] (as2_msgs) StdoutLine: {'line': b'writing top-level names to as2_msgs.egg-info/top_level.txt\n'}
[0.255893] (as2_msgs) StdoutLine: {'line': b"reading manifest file 'as2_msgs.egg-info/SOURCES.txt'\n"}
[0.256903] (as2_msgs) StdoutLine: {'line': b"writing manifest file 'as2_msgs.egg-info/SOURCES.txt'\n"}
[0.265660] (as2_msgs) StdoutLine: {'line': b'[100%] Built target as2_msgs__rosidl_generator_py\n'}
[0.273743] (as2_msgs) StdoutLine: {'line': b'[100%] Built target ament_cmake_python_build_as2_msgs_egg\n'}
[0.283875] (as2_msgs) StdoutLine: {'line': b'[100%] Built target as2_msgs__rosidl_typesupport_fastrtps_c__pyext\n'}
[0.285681] (as2_msgs) StdoutLine: {'line': b'[100%] Built target as2_msgs__rosidl_typesupport_c__pyext\n'}
[0.286280] (as2_msgs) StdoutLine: {'line': b'[100%] Built target as2_msgs__rosidl_typesupport_introspection_c__pyext\n'}
[0.295603] (as2_msgs) CommandEnded: {'returncode': 0}
[0.296937] (as2_msgs) JobProgress: {'identifier': 'as2_msgs', 'progress': 'install'}
[0.300091] (-) TimerEvent: {}
[0.304758] (as2_msgs) Command: {'cmd': ['/usr/bin/cmake', '--install', '/home/developer/aerostack2_ws/build/as2_msgs'], 'cwd': '/home/developer/aerostack2_ws/build/as2_msgs', 'env': OrderedDict([('HOSTNAME', 'lead-Predator-PHN16-71'), ('SHLVL', '1'), ('LD_LIBRARY_PATH', '/opt/ros/humble/opt/rviz_ogre_vendor/lib:/opt/ros/humble/lib/x86_64-linux-gnu:/opt/ros/humble/lib'), ('HOME', '/home/developer'), ('ROS_PYTHON_VERSION', '3'), ('ROS_DISTRO', 'humble'), ('_', '/usr/bin/colcon'), ('ROS_VERSION', '2'), ('TERM', 'xterm'), ('ROS_LOCALHOST_ONLY', '0'), ('QT_X11_NO_MITSHM', '1'), ('PATH', '/opt/ros/humble/bin:/usr/local/sbin:/usr/local/bin:/usr/sbin:/usr/bin:/sbin:/bin'), ('DISPLAY', ':1'), ('LANG', 'C.UTF-8'), ('LS_COLORS', 'rs=0:di=01;34:ln=01;36:mh=00:pi=40;33:so=01;35:do=01;35:bd=40;33;01:cd=40;33;01:or=40;31;01:mi=00:su=37;41:sg=30;43:ca=30;41:tw=30;42:ow=34;42:st=37;44:ex=01;32:*.tar=01;31:*.tgz=01;31:*.arc=01;31:*.arj=01;31:*.taz=01;31:*.lha=01;31:*.lz4=01;31:*.lzh=01;31:*.lzma=01;31:*.tlz=01;31:*.txz=01;31:*.tzo=01;31:*.t7z=01;31:*.zip=01;31:*.z=01;31:*.dz=01;31:*.gz=01;31:*.lrz=01;31:*.lz=01;31:*.lzo=01;31:*.xz=01;31:*.zst=01;31:*.tzst=01;31:*.bz2=01;31:*.bz=01;31:*.tbz=01;31:*.tbz2=01;31:*.tz=01;31:*.deb=01;31:*.rpm=01;31:*.jar=01;31:*.war=01;31:*.ear=01;31:*.sar=01;31:*.rar=01;31:*.alz=01;31:*.ace=01;31:*.zoo=01;31:*.cpio=01;31:*.7z=01;31:*.rz=01;31:*.cab=01;31:*.wim=01;31:*.swm=01;31:*.dwm=01;31:*.esd=01;31:*.jpg=01;35:*.jpeg=01;35:*.mjpg=01;35:*.mjpeg=01;35:*.gif=01;35:*.bmp=01;35:*.pbm=01;35:*.pgm=01;35:*.ppm=01;35:*.tga=01;35:*.xbm=01;35:*.xpm=01;35:*.tif=01;35:*.tiff=01;35:*.png=01;35:*.svg=01;35:*.svgz=01;35:*.mng=01;35:*.pcx=01;35:*.mov=01;35:*.mpg=01;35:*.mpeg=01;35:*.m2v=01;35:*.mkv=01;35:*.webm=01;35:*.webp=01;35:*.ogm=01;35:*.mp4=01;35:*.m4v=01;35:*.mp4v=01;35:*.vob=01;35:*.qt=01;35:*.nuv=01;35:*.wmv=01;35:*.asf=01;35:*.rm=01;35:*.rmvb=01;35:*.flc=01;35:*.avi=01;35:*.fli=01;35:*.flv=01;35:*.gl=01;35:*.dl=01;35:*.xcf=01;35:*.xwd=01;35:*.yuv=01;35:*.cgm=01;35:*.emf=01;35:*.ogv=01;35:*.ogx=01;35:*.aac=00;36:*.au=00;36:*.flac=00;36:*.m4a=00;36:*.mid=00;36:*.midi=00;36:*.mka=00;36:*.mp3=00;36:*.mpc=00;36:*.ogg=00;36:*.ra=00;36:*.wav=00;36:*.oga=00;36:*.opus=00;36:*.spx=00;36:*.xspf=00;36:'), ('AMENT_PREFIX_PATH', '/opt/ros/humble'), ('GZ_VERSION', 'harmonic'), ('PWD', '/home/developer/aerostack2_ws/build/as2_msgs'), ('LC_ALL', 'C.UTF-8'), ('PYTHONPATH', '/opt/ros/humble/lib/python3.10/site-packages:/opt/ros/humble/local/lib/python3.10/dist-packages'), ('COLCON', '1'), ('CMAKE_PREFIX_PATH', '/opt/ros/humble')]), 'shell': False}
[0.312764] (as2_msgs) StdoutLine: {'line': b'-- Install configuration: ""\n'}
[0.314222] (as2_msgs) StdoutLine: {'line': b'-- Execute custom install script\n'}
[0.314909] (as2_msgs) StdoutLine: {'line': b'-- Up-to-date symlink: /home/developer/aerostack2_ws/install/as2_msgs/share/ament_index/resource_index/rosidl_interfaces/as2_msgs\n'}
[0.317427] (as2_msgs) StdoutLine: {'line': b'-- Up-to-date symlink: /home/developer/aerostack2_ws/install/as2_msgs/include/as2_msgs/as2_msgs/action/detail/detect_aruco_markers__functions.h\n'}
[0.317781] (as2_msgs) StdoutLine: {'line': b'-- Up-to-date symlink: /home/developer/aerostack2_ws/install/as2_msgs/include/as2_msgs/as2_msgs/action/detail/detect_aruco_markers__struct.h\n'}
[0.317895] (as2_msgs) StdoutLine: {'line': b'-- Up-to-date symlink: /home/developer/aerostack2_ws/install/as2_msgs/include/as2_msgs/as2_msgs/action/detail/detect_aruco_markers__type_support.h\n'}
[0.318160] (as2_msgs) StdoutLine: {'line': b'-- Up-to-date symlink: /home/developer/aerostack2_ws/install/as2_msgs/include/as2_msgs/as2_msgs/action/detail/follow_path__functions.h\n'}
[0.318363] (as2_msgs) StdoutLine: {'line': b'-- Up-to-date symlink: /home/developer/aerostack2_ws/install/as2_msgs/include/as2_msgs/as2_msgs/action/detail/follow_path__struct.h\n'}
[0.318481] (as2_msgs) StdoutLine: {'line': b'-- Up-to-date symlink: /home/developer/aerostack2_ws/install/as2_msgs/include/as2_msgs/as2_msgs/action/detail/follow_path__type_support.h\n'}
[0.318595] (as2_msgs) StdoutLine: {'line': b'-- Up-to-date symlink: /home/developer/aerostack2_ws/install/as2_msgs/include/as2_msgs/as2_msgs/action/detail/follow_reference__functions.h\n'}
[0.318762] (as2_msgs) StdoutLine: {'line': b'-- Up-to-date symlink: /home/developer/aerostack2_ws/install/as2_msgs/include/as2_msgs/as2_msgs/action/detail/follow_reference__struct.h\n'}
[0.318863] (as2_msgs) StdoutLine: {'line': b'-- Up-to-date symlink: /home/developer/aerostack2_ws/install/as2_msgs/include/as2_msgs/as2_msgs/action/detail/follow_reference__type_support.h\n'}
[0.318937] (as2_msgs) StdoutLine: {'line': b'-- Up-to-date symlink: /home/developer/aerostack2_ws/install/as2_msgs/include/as2_msgs/as2_msgs/action/detail/force_estimation__functions.h\n'}
[0.319113] (as2_msgs) StdoutLine: {'line': b'-- Up-to-date symlink: /home/developer/aerostack2_ws/install/as2_msgs/include/as2_msgs/as2_msgs/action/detail/force_estimation__struct.h\n'}
[0.319172] (as2_msgs) StdoutLine: {'line': b'-- Up-to-date symlink: /home/developer/aerostack2_ws/install/as2_msgs/include/as2_msgs/as2_msgs/action/detail/force_estimation__type_support.h\n'}
[0.319254] (as2_msgs) StdoutLine: {'line': b'-- Up-to-date symlink: /home/developer/aerostack2_ws/install/as2_msgs/include/as2_msgs/as2_msgs/action/detail/generate_polynomial_trajectory__functions.h\n'}
[0.319362] (as2_msgs) StdoutLine: {'line': b'-- Up-to-date symlink: /home/developer/aerostack2_ws/install/as2_msgs/include/as2_msgs/as2_msgs/action/detail/generate_polynomial_trajectory__struct.h\n'}
[0.319474] (as2_msgs) StdoutLine: {'line': b'-- Up-to-date symlink: /home/developer/aerostack2_ws/install/as2_msgs/include/as2_msgs/as2_msgs/action/detail/generate_polynomial_trajectory__type_support.h\n'}
[0.319583] (as2_msgs) StdoutLine: {'line': b'-- Up-to-date symlink: /home/developer/aerostack2_ws/install/as2_msgs/include/as2_msgs/as2_msgs/action/detail/go_to_waypoint__functions.h\n'}
[0.319694] (as2_msgs) StdoutLine: {'line': b'-- Up-to-date symlink: /home/developer/aerostack2_ws/install/as2_msgs/include/as2_msgs/as2_msgs/action/detail/go_to_waypoint__struct.h\n'}
[0.319804] (as2_msgs) StdoutLine: {'line': b'-- Up-to-date symlink: /home/developer/aerostack2_ws/install/as2_msgs/include/as2_msgs/as2_msgs/action/detail/go_to_waypoint__type_support.h\n'}
[0.319915] (as2_msgs) StdoutLine: {'line': b'-- Up-to-date symlink: /home/developer/aerostack2_ws/install/as2_msgs/include/as2_msgs/as2_msgs/action/detail/gripper_handler__functions.h\n'}
[0.320028] (as2_msgs) StdoutLine: {'line': b'-- Up-to-date symlink: /home/developer/aerostack2_ws/install/as2_msgs/include/as2_msgs/as2_msgs/action/detail/gripper_handler__struct.h\n'}
[0.320273] (as2_msgs) StdoutLine: {'line': b'-- Up-to-date symlink: /home/developer/aerostack2_ws/install/as2_msgs/include/as2_msgs/as2_msgs/action/detail/gripper_handler__type_support.h\n'}
[0.320484] (as2_msgs) StdoutLine: {'line': b'-- Up-to-date symlink: /home/developer/aerostack2_ws/install/as2_msgs/include/as2_msgs/as2_msgs/action/detail/land__functions.h\n'}
[0.320617] (as2_msgs) StdoutLine: {'line': b'-- Up-to-date symlink: /home/developer/aerostack2_ws/install/as2_msgs/include/as2_msgs/as2_msgs/action/detail/land__struct.h\n'}
[0.320780] (as2_msgs) StdoutLine: {'line': b'-- Up-to-date symlink: /home/developer/aerostack2_ws/install/as2_msgs/include/as2_msgs/as2_msgs/action/detail/land__type_support.h\n'}
[0.320956] (as2_msgs) StdoutLine: {'line': b'-- Up-to-date symlink: /home/developer/aerostack2_ws/install/as2_msgs/include/as2_msgs/as2_msgs/action/detail/mass_estimation__functions.h\n'}
[0.321145] (as2_msgs) StdoutLine: {'line': b'-- Up-to-date symlink: /home/developer/aerostack2_ws/install/as2_msgs/include/as2_msgs/as2_msgs/action/detail/mass_estimation__struct.h\n'}
[0.321289] (as2_msgs) StdoutLine: {'line': b'-- Up-to-date symlink: /home/developer/aerostack2_ws/install/as2_msgs/include/as2_msgs/as2_msgs/action/detail/mass_estimation__type_support.h\n'}
[0.321420] (as2_msgs) StdoutLine: {'line': b'-- Up-to-date symlink: /home/developer/aerostack2_ws/install/as2_msgs/include/as2_msgs/as2_msgs/action/detail/navigate_to_point__functions.h\n'}
[0.321587] (as2_msgs) StdoutLine: {'line': b'-- Up-to-date symlink: /home/developer/aerostack2_ws/install/as2_msgs/include/as2_msgs/as2_msgs/action/detail/navigate_to_point__struct.h\n'}
[0.321803] (as2_msgs) StdoutLine: {'line': b'-- Up-to-date symlink: /home/developer/aerostack2_ws/install/as2_msgs/include/as2_msgs/as2_msgs/action/detail/navigate_to_point__type_support.h\n'}
[0.322116] (as2_msgs) StdoutLine: {'line': b'-- Up-to-date symlink: /home/developer/aerostack2_ws/install/as2_msgs/include/as2_msgs/as2_msgs/action/detail/point_gimbal__functions.h\n'}
[0.322237] (as2_msgs) StdoutLine: {'line': b'-- Up-to-date symlink: /home/developer/aerostack2_ws/install/as2_msgs/include/as2_msgs/as2_msgs/action/detail/point_gimbal__struct.h\n'}
[0.322351] (as2_msgs) StdoutLine: {'line': b'-- Up-to-date symlink: /home/developer/aerostack2_ws/install/as2_msgs/include/as2_msgs/as2_msgs/action/detail/point_gimbal__type_support.h\n'}
[0.322468] (as2_msgs) StdoutLine: {'line': b'-- Up-to-date symlink: /home/developer/aerostack2_ws/install/as2_msgs/include/as2_msgs/as2_msgs/action/detail/precision_landing__functions.h\n'}
[0.322588] (as2_msgs) StdoutLine: {'line': b'-- Up-to-date symlink: /home/developer/aerostack2_ws/install/as2_msgs/include/as2_msgs/as2_msgs/action/detail/precision_landing__struct.h\n'}
[0.322705] (as2_msgs) StdoutLine: {'line': b'-- Up-to-date symlink: /home/developer/aerostack2_ws/install/as2_msgs/include/as2_msgs/as2_msgs/action/detail/precision_landing__type_support.h\n'}
[0.322825] (as2_msgs) StdoutLine: {'line': b'-- Up-to-date symlink: /home/developer/aerostack2_ws/install/as2_msgs/include/as2_msgs/as2_msgs/action/detail/set_arming_state__functions.h\n'}
[0.322940] (as2_msgs) StdoutLine: {'line': b'-- Up-to-date symlink: /home/developer/aerostack2_ws/install/as2_msgs/include/as2_msgs/as2_msgs/action/detail/set_arming_state__struct.h\n'}
[0.323065] (as2_msgs) StdoutLine: {'line': b'-- Up-to-date symlink: /home/developer/aerostack2_ws/install/as2_msgs/include/as2_msgs/as2_msgs/action/detail/set_arming_state__type_support.h\n'}
[0.323182] (as2_msgs) StdoutLine: {'line': b'-- Up-to-date symlink: /home/developer/aerostack2_ws/install/as2_msgs/include/as2_msgs/as2_msgs/action/detail/set_offboard_mode__functions.h\n'}
[0.323295] (as2_msgs) StdoutLine: {'line': b'-- Up-to-date symlink: /home/developer/aerostack2_ws/install/as2_msgs/include/as2_msgs/as2_msgs/action/detail/set_offboard_mode__struct.h\n'}
[0.323415] (as2_msgs) StdoutLine: {'line': b'-- Up-to-date symlink: /home/developer/aerostack2_ws/install/as2_msgs/include/as2_msgs/as2_msgs/action/detail/set_offboard_mode__type_support.h\n'}
[0.323528] (as2_msgs) StdoutLine: {'line': b'-- Up-to-date symlink: /home/developer/aerostack2_ws/install/as2_msgs/include/as2_msgs/as2_msgs/action/detail/swarm_flocking__functions.h\n'}
[0.323642] (as2_msgs) StdoutLine: {'line': b'-- Up-to-date symlink: /home/developer/aerostack2_ws/install/as2_msgs/include/as2_msgs/as2_msgs/action/detail/swarm_flocking__struct.h\n'}
[0.323758] (as2_msgs) StdoutLine: {'line': b'-- Up-to-date symlink: /home/developer/aerostack2_ws/install/as2_msgs/include/as2_msgs/as2_msgs/action/detail/swarm_flocking__type_support.h\n'}
[0.323872] (as2_msgs) StdoutLine: {'line': b'-- Up-to-date symlink: /home/developer/aerostack2_ws/install/as2_msgs/include/as2_msgs/as2_msgs/action/detail/takeoff__functions.h\n'}
[0.323992] (as2_msgs) StdoutLine: {'line': b'-- Up-to-date symlink: /home/developer/aerostack2_ws/install/as2_msgs/include/as2_msgs/as2_msgs/action/detail/takeoff__struct.h\n'}
[0.324169] (as2_msgs) StdoutLine: {'line': b'-- Up-to-date symlink: /home/developer/aerostack2_ws/install/as2_msgs/include/as2_msgs/as2_msgs/action/detail/takeoff__type_support.h\n'}
[0.324336] (as2_msgs) StdoutLine: {'line': b'-- Up-to-date symlink: /home/developer/aerostack2_ws/install/as2_msgs/include/as2_msgs/as2_msgs/action/detect_aruco_markers.h\n'}
[0.324506] (as2_msgs) StdoutLine: {'line': b'-- Up-to-date symlink: /home/developer/aerostack2_ws/install/as2_msgs/include/as2_msgs/as2_msgs/action/follow_path.h\n'}
[0.324687] (as2_msgs) StdoutLine: {'line': b'-- Up-to-date symlink: /home/developer/aerostack2_ws/install/as2_msgs/include/as2_msgs/as2_msgs/action/follow_reference.h\n'}
[0.324927] (as2_msgs) StdoutLine: {'line': b'-- Up-to-date symlink: /home/developer/aerostack2_ws/install/as2_msgs/include/as2_msgs/as2_msgs/action/force_estimation.h\n'}
[0.325150] (as2_msgs) StdoutLine: {'line': b'-- Up-to-date symlink: /home/developer/aerostack2_ws/install/as2_msgs/include/as2_msgs/as2_msgs/action/generate_polynomial_trajectory.h\n'}
[0.325311] (as2_msgs) StdoutLine: {'line': b'-- Up-to-date symlink: /home/developer/aerostack2_ws/install/as2_msgs/include/as2_msgs/as2_msgs/action/go_to_waypoint.h\n'}
[0.325396] (as2_msgs) StdoutLine: {'line': b'-- Up-to-date symlink: /home/developer/aerostack2_ws/install/as2_msgs/include/as2_msgs/as2_msgs/action/gripper_handler.h\n'}
[0.325552] (as2_msgs) StdoutLine: {'line': b'-- Up-to-date symlink: /home/developer/aerostack2_ws/install/as2_msgs/include/as2_msgs/as2_msgs/action/land.h\n'}
[0.325715] (as2_msgs) StdoutLine: {'line': b'-- Up-to-date symlink: /home/developer/aerostack2_ws/install/as2_msgs/include/as2_msgs/as2_msgs/action/mass_estimation.h\n'}
[0.325875] (as2_msgs) StdoutLine: {'line': b'-- Up-to-date symlink: /home/developer/aerostack2_ws/install/as2_msgs/include/as2_msgs/as2_msgs/action/navigate_to_point.h\n'}
[0.326143] (as2_msgs) StdoutLine: {'line': b'-- Up-to-date symlink: /home/developer/aerostack2_ws/install/as2_msgs/include/as2_msgs/as2_msgs/action/point_gimbal.h\n'}
[0.326205] (as2_msgs) StdoutLine: {'line': b'-- Up-to-date symlink: /home/developer/aerostack2_ws/install/as2_msgs/include/as2_msgs/as2_msgs/action/precision_landing.h\n'}
[0.326378] (as2_msgs) StdoutLine: {'line': b'-- Up-to-date symlink: /home/developer/aerostack2_ws/install/as2_msgs/include/as2_msgs/as2_msgs/action/set_arming_state.h\n'}
[0.326537] (as2_msgs) StdoutLine: {'line': b'-- Up-to-date symlink: /home/developer/aerostack2_ws/install/as2_msgs/include/as2_msgs/as2_msgs/action/set_offboard_mode.h\n'}
[0.326646] (as2_msgs) StdoutLine: {'line': b'-- Up-to-date symlink: /home/developer/aerostack2_ws/install/as2_msgs/include/as2_msgs/as2_msgs/action/swarm_flocking.h\n'}
[0.326757] (as2_msgs) StdoutLine: {'line': b'-- Up-to-date symlink: /home/developer/aerostack2_ws/install/as2_msgs/include/as2_msgs/as2_msgs/action/takeoff.h\n'}
[0.326894] (as2_msgs) StdoutLine: {'line': b'-- Up-to-date symlink: /home/developer/aerostack2_ws/install/as2_msgs/include/as2_msgs/as2_msgs/msg/acro.h\n'}
[0.327070] (as2_msgs) StdoutLine: {'line': b'-- Up-to-date symlink: /home/developer/aerostack2_ws/install/as2_msgs/include/as2_msgs/as2_msgs/msg/alert_event.h\n'}
[0.327193] (as2_msgs) StdoutLine: {'line': b'-- Up-to-date symlink: /home/developer/aerostack2_ws/install/as2_msgs/include/as2_msgs/as2_msgs/msg/behavior_status.h\n'}
[0.327259] (as2_msgs) StdoutLine: {'line': b'-- Up-to-date symlink: /home/developer/aerostack2_ws/install/as2_msgs/include/as2_msgs/as2_msgs/msg/control_mode.h\n'}
[0.327316] (as2_msgs) StdoutLine: {'line': b'-- Up-to-date symlink: /home/developer/aerostack2_ws/install/as2_msgs/include/as2_msgs/as2_msgs/msg/controller_info.h\n'}
[0.327444] (as2_msgs) StdoutLine: {'line': b'-- Up-to-date symlink: /home/developer/aerostack2_ws/install/as2_msgs/include/as2_msgs/as2_msgs/msg/detail/acro__functions.h\n'}
[0.327565] (as2_msgs) StdoutLine: {'line': b'-- Up-to-date symlink: /home/developer/aerostack2_ws/install/as2_msgs/include/as2_msgs/as2_msgs/msg/detail/acro__struct.h\n'}
[0.327676] (as2_msgs) StdoutLine: {'line': b'-- Up-to-date symlink: /home/developer/aerostack2_ws/install/as2_msgs/include/as2_msgs/as2_msgs/msg/detail/acro__type_support.h\n'}
[0.327732] (as2_msgs) StdoutLine: {'line': b'-- Up-to-date symlink: /home/developer/aerostack2_ws/install/as2_msgs/include/as2_msgs/as2_msgs/msg/detail/alert_event__functions.h\n'}
[0.327789] (as2_msgs) StdoutLine: {'line': b'-- Up-to-date symlink: /home/developer/aerostack2_ws/install/as2_msgs/include/as2_msgs/as2_msgs/msg/detail/alert_event__struct.h\n'}
[0.327843] (as2_msgs) StdoutLine: {'line': b'-- Up-to-date symlink: /home/developer/aerostack2_ws/install/as2_msgs/include/as2_msgs/as2_msgs/msg/detail/alert_event__type_support.h\n'}
[0.327897] (as2_msgs) StdoutLine: {'line': b'-- Up-to-date symlink: /home/developer/aerostack2_ws/install/as2_msgs/include/as2_msgs/as2_msgs/msg/detail/behavior_status__functions.h\n'}
[0.328008] (as2_msgs) StdoutLine: {'line': b'-- Up-to-date symlink: /home/developer/aerostack2_ws/install/as2_msgs/include/as2_msgs/as2_msgs/msg/detail/behavior_status__struct.h\n'}
[0.328064] (as2_msgs) StdoutLine: {'line': b'-- Up-to-date symlink: /home/developer/aerostack2_ws/install/as2_msgs/include/as2_msgs/as2_msgs/msg/detail/behavior_status__type_support.h\n'}
[0.328190] (as2_msgs) StdoutLine: {'line': b'-- Up-to-date symlink: /home/developer/aerostack2_ws/install/as2_msgs/include/as2_msgs/as2_msgs/msg/detail/control_mode__functions.h\n'}
[0.328278] (as2_msgs) StdoutLine: {'line': b'-- Up-to-date symlink: /home/developer/aerostack2_ws/install/as2_msgs/include/as2_msgs/as2_msgs/msg/detail/control_mode__struct.h\n'}
[0.328387] (as2_msgs) StdoutLine: {'line': b'-- Up-to-date symlink: /home/developer/aerostack2_ws/install/as2_msgs/include/as2_msgs/as2_msgs/msg/detail/control_mode__type_support.h\n'}
[0.328488] (as2_msgs) StdoutLine: {'line': b'-- Up-to-date symlink: /home/developer/aerostack2_ws/install/as2_msgs/include/as2_msgs/as2_msgs/msg/detail/controller_info__functions.h\n'}
[0.328601] (as2_msgs) StdoutLine: {'line': b'-- Up-to-date symlink: /home/developer/aerostack2_ws/install/as2_msgs/include/as2_msgs/as2_msgs/msg/detail/controller_info__struct.h\n'}
[0.328708] (as2_msgs) StdoutLine: {'line': b'-- Up-to-date symlink: /home/developer/aerostack2_ws/install/as2_msgs/include/as2_msgs/as2_msgs/msg/detail/controller_info__type_support.h\n'}
[0.328816] (as2_msgs) StdoutLine: {'line': b'-- Up-to-date symlink: /home/developer/aerostack2_ws/install/as2_msgs/include/as2_msgs/as2_msgs/msg/detail/follow_target_info__functions.h\n'}
[0.328917] (as2_msgs) StdoutLine: {'line': b'-- Up-to-date symlink: /home/developer/aerostack2_ws/install/as2_msgs/include/as2_msgs/as2_msgs/msg/detail/follow_target_info__struct.h\n'}
[0.329112] (as2_msgs) StdoutLine: {'line': b'-- Up-to-date symlink: /home/developer/aerostack2_ws/install/as2_msgs/include/as2_msgs/as2_msgs/msg/detail/follow_target_info__type_support.h\n'}
[0.329167] (as2_msgs) StdoutLine: {'line': b'-- Up-to-date symlink: /home/developer/aerostack2_ws/install/as2_msgs/include/as2_msgs/as2_msgs/msg/detail/geozone__functions.h\n'}
[0.329230] (as2_msgs) StdoutLine: {'line': b'-- Up-to-date symlink: /home/developer/aerostack2_ws/install/as2_msgs/include/as2_msgs/as2_msgs/msg/detail/geozone__struct.h\n'}
[0.329288] (as2_msgs) StdoutLine: {'line': b'-- Up-to-date symlink: /home/developer/aerostack2_ws/install/as2_msgs/include/as2_msgs/as2_msgs/msg/detail/geozone__type_support.h\n'}
[0.329344] (as2_msgs) StdoutLine: {'line': b'-- Up-to-date symlink: /home/developer/aerostack2_ws/install/as2_msgs/include/as2_msgs/as2_msgs/msg/detail/gimbal_control__functions.h\n'}
[0.329398] (as2_msgs) StdoutLine: {'line': b'-- Up-to-date symlink: /home/developer/aerostack2_ws/install/as2_msgs/include/as2_msgs/as2_msgs/msg/detail/gimbal_control__struct.h\n'}
[0.329498] (as2_msgs) StdoutLine: {'line': b'-- Up-to-date symlink: /home/developer/aerostack2_ws/install/as2_msgs/include/as2_msgs/as2_msgs/msg/detail/gimbal_control__type_support.h\n'}
[0.329597] (as2_msgs) StdoutLine: {'line': b'-- Up-to-date symlink: /home/developer/aerostack2_ws/install/as2_msgs/include/as2_msgs/as2_msgs/msg/detail/mission_event__functions.h\n'}
[0.329694] (as2_msgs) StdoutLine: {'line': b'-- Up-to-date symlink: /home/developer/aerostack2_ws/install/as2_msgs/include/as2_msgs/as2_msgs/msg/detail/mission_event__struct.h\n'}
[0.329794] (as2_msgs) StdoutLine: {'line': b'-- Up-to-date symlink: /home/developer/aerostack2_ws/install/as2_msgs/include/as2_msgs/as2_msgs/msg/detail/mission_event__type_support.h\n'}
[0.329894] (as2_msgs) StdoutLine: {'line': b'-- Up-to-date symlink: /home/developer/aerostack2_ws/install/as2_msgs/include/as2_msgs/as2_msgs/msg/detail/mission_update__functions.h\n'}
[0.330005] (as2_msgs) StdoutLine: {'line': b'-- Up-to-date symlink: /home/developer/aerostack2_ws/install/as2_msgs/include/as2_msgs/as2_msgs/msg/detail/mission_update__struct.h\n'}
[0.330106] (as2_msgs) StdoutLine: {'line': b'-- Up-to-date symlink: /home/developer/aerostack2_ws/install/as2_msgs/include/as2_msgs/as2_msgs/msg/detail/mission_update__type_support.h\n'}
[0.330319] (as2_msgs) StdoutLine: {'line': b'-- Up-to-date symlink: /home/developer/aerostack2_ws/install/as2_msgs/include/as2_msgs/as2_msgs/msg/detail/node_status__functions.h\n'}
[0.330367] (as2_msgs) StdoutLine: {'line': b'-- Up-to-date symlink: /home/developer/aerostack2_ws/install/as2_msgs/include/as2_msgs/as2_msgs/msg/detail/node_status__struct.h\n'}
[0.330423] (as2_msgs) StdoutLine: {'line': b'-- Up-to-date symlink: /home/developer/aerostack2_ws/install/as2_msgs/include/as2_msgs/as2_msgs/msg/detail/node_status__type_support.h\n'}
[0.330477] (as2_msgs) StdoutLine: {'line': b'-- Up-to-date symlink: /home/developer/aerostack2_ws/install/as2_msgs/include/as2_msgs/as2_msgs/msg/detail/platform_info__functions.h\n'}
[0.330531] (as2_msgs) StdoutLine: {'line': b'-- Up-to-date symlink: /home/developer/aerostack2_ws/install/as2_msgs/include/as2_msgs/as2_msgs/msg/detail/platform_info__struct.h\n'}
[0.330587] (as2_msgs) StdoutLine: {'line': b'-- Up-to-date symlink: /home/developer/aerostack2_ws/install/as2_msgs/include/as2_msgs/as2_msgs/msg/detail/platform_info__type_support.h\n'}
[0.330702] (as2_msgs) StdoutLine: {'line': b'-- Up-to-date symlink: /home/developer/aerostack2_ws/install/as2_msgs/include/as2_msgs/as2_msgs/msg/detail/platform_state_machine_event__functions.h\n'}
[0.330817] (as2_msgs) StdoutLine: {'line': b'-- Up-to-date symlink: /home/developer/aerostack2_ws/install/as2_msgs/include/as2_msgs/as2_msgs/msg/detail/platform_state_machine_event__struct.h\n'}
[0.330940] (as2_msgs) StdoutLine: {'line': b'-- Up-to-date symlink: /home/developer/aerostack2_ws/install/as2_msgs/include/as2_msgs/as2_msgs/msg/detail/platform_state_machine_event__type_support.h\n'}
[0.331067] (as2_msgs) StdoutLine: {'line': b'-- Up-to-date symlink: /home/developer/aerostack2_ws/install/as2_msgs/include/as2_msgs/as2_msgs/msg/detail/platform_status__functions.h\n'}
[0.331248] (as2_msgs) StdoutLine: {'line': b'-- Up-to-date symlink: /home/developer/aerostack2_ws/install/as2_msgs/include/as2_msgs/as2_msgs/msg/detail/platform_status__struct.h\n'}
[0.331539] (as2_msgs) StdoutLine: {'line': b'-- Up-to-date symlink: /home/developer/aerostack2_ws/install/as2_msgs/include/as2_msgs/as2_msgs/msg/detail/platform_status__type_support.h\n'}
[0.331720] (as2_msgs) StdoutLine: {'line': b'-- Up-to-date symlink: /home/developer/aerostack2_ws/install/as2_msgs/include/as2_msgs/as2_msgs/msg/detail/polygon_list__functions.h\n'}
[0.331842] (as2_msgs) StdoutLine: {'line': b'-- Up-to-date symlink: /home/developer/aerostack2_ws/install/as2_msgs/include/as2_msgs/as2_msgs/msg/detail/polygon_list__struct.h\n'}
[0.331958] (as2_msgs) StdoutLine: {'line': b'-- Up-to-date symlink: /home/developer/aerostack2_ws/install/as2_msgs/include/as2_msgs/as2_msgs/msg/detail/polygon_list__type_support.h\n'}
[0.332135] (as2_msgs) StdoutLine: {'line': b'-- Up-to-date symlink: /home/developer/aerostack2_ws/install/as2_msgs/include/as2_msgs/as2_msgs/msg/detail/pose_stamped_with_id__functions.h\n'}
[0.332279] (as2_msgs) StdoutLine: {'line': b'-- Up-to-date symlink: /home/developer/aerostack2_ws/install/as2_msgs/include/as2_msgs/as2_msgs/msg/detail/pose_stamped_with_id__struct.h\n'}
[0.332441] (as2_msgs) StdoutLine: {'line': b'-- Up-to-date symlink: /home/developer/aerostack2_ws/install/as2_msgs/include/as2_msgs/as2_msgs/msg/detail/pose_stamped_with_id__type_support.h\n'}
[0.332557] (as2_msgs) StdoutLine: {'line': b'-- Up-to-date symlink: /home/developer/aerostack2_ws/install/as2_msgs/include/as2_msgs/as2_msgs/msg/detail/pose_stamped_with_id_array__functions.h\n'}
[0.332671] (as2_msgs) StdoutLine: {'line': b'-- Up-to-date symlink: /home/developer/aerostack2_ws/install/as2_msgs/include/as2_msgs/as2_msgs/msg/detail/pose_stamped_with_id_array__struct.h\n'}
[0.332787] (as2_msgs) StdoutLine: {'line': b'-- Up-to-date symlink: /home/developer/aerostack2_ws/install/as2_msgs/include/as2_msgs/as2_msgs/msg/detail/pose_stamped_with_id_array__type_support.h\n'}
[0.332902] (as2_msgs) StdoutLine: {'line': b'-- Up-to-date symlink: /home/developer/aerostack2_ws/install/as2_msgs/include/as2_msgs/as2_msgs/msg/detail/pose_with_id__functions.h\n'}
[0.333025] (as2_msgs) StdoutLine: {'line': b'-- Up-to-date symlink: /home/developer/aerostack2_ws/install/as2_msgs/include/as2_msgs/as2_msgs/msg/detail/pose_with_id__struct.h\n'}
[0.333254] (as2_msgs) StdoutLine: {'line': b'-- Up-to-date symlink: /home/developer/aerostack2_ws/install/as2_msgs/include/as2_msgs/as2_msgs/msg/detail/pose_with_id__type_support.h\n'}
[0.333359] (as2_msgs) StdoutLine: {'line': b'-- Up-to-date symlink: /home/developer/aerostack2_ws/install/as2_msgs/include/as2_msgs/as2_msgs/msg/detail/pose_with_id_array__functions.h\n'}
[0.333446] (as2_msgs) StdoutLine: {'line': b'-- Up-to-date symlink: /home/developer/aerostack2_ws/install/as2_msgs/include/as2_msgs/as2_msgs/msg/detail/pose_with_id_array__struct.h\n'}
[0.333520] (as2_msgs) StdoutLine: {'line': b'-- Up-to-date symlink: /home/developer/aerostack2_ws/install/as2_msgs/include/as2_msgs/as2_msgs/msg/detail/pose_with_id_array__type_support.h\n'}
[0.333597] (as2_msgs) StdoutLine: {'line': b'-- Up-to-date symlink: /home/developer/aerostack2_ws/install/as2_msgs/include/as2_msgs/as2_msgs/msg/detail/speed__functions.h\n'}
[0.333802] (as2_msgs) StdoutLine: {'line': b'-- Up-to-date symlink: /home/developer/aerostack2_ws/install/as2_msgs/include/as2_msgs/as2_msgs/msg/detail/speed__struct.h\n'}
[0.333897] (as2_msgs) StdoutLine: {'line': b'-- Up-to-date symlink: /home/developer/aerostack2_ws/install/as2_msgs/include/as2_msgs/as2_msgs/msg/detail/speed__type_support.h\n'}
[0.333970] (as2_msgs) StdoutLine: {'line': b'-- Up-to-date symlink: /home/developer/aerostack2_ws/install/as2_msgs/include/as2_msgs/as2_msgs/msg/detail/thrust__functions.h\n'}
[0.334041] (as2_msgs) StdoutLine: {'line': b'-- Up-to-date symlink: /home/developer/aerostack2_ws/install/as2_msgs/include/as2_msgs/as2_msgs/msg/detail/thrust__struct.h\n'}
[0.334098] (as2_msgs) StdoutLine: {'line': b'-- Up-to-date symlink: /home/developer/aerostack2_ws/install/as2_msgs/include/as2_msgs/as2_msgs/msg/detail/thrust__type_support.h\n'}
[0.334155] (as2_msgs) StdoutLine: {'line': b'-- Up-to-date symlink: /home/developer/aerostack2_ws/install/as2_msgs/include/as2_msgs/as2_msgs/msg/detail/traj_gen_info__functions.h\n'}
[0.334221] (as2_msgs) StdoutLine: {'line': b'-- Up-to-date symlink: /home/developer/aerostack2_ws/install/as2_msgs/include/as2_msgs/as2_msgs/msg/detail/traj_gen_info__struct.h\n'}
[0.334276] (as2_msgs) StdoutLine: {'line': b'-- Up-to-date symlink: /home/developer/aerostack2_ws/install/as2_msgs/include/as2_msgs/as2_msgs/msg/detail/traj_gen_info__type_support.h\n'}
[0.334335] (as2_msgs) StdoutLine: {'line': b'-- Up-to-date symlink: /home/developer/aerostack2_ws/install/as2_msgs/include/as2_msgs/as2_msgs/msg/detail/trajectory_point__functions.h\n'}
[0.334391] (as2_msgs) StdoutLine: {'line': b'-- Up-to-date symlink: /home/developer/aerostack2_ws/install/as2_msgs/include/as2_msgs/as2_msgs/msg/detail/trajectory_point__struct.h\n'}
[0.334450] (as2_msgs) StdoutLine: {'line': b'-- Up-to-date symlink: /home/developer/aerostack2_ws/install/as2_msgs/include/as2_msgs/as2_msgs/msg/detail/trajectory_point__type_support.h\n'}
[0.334505] (as2_msgs) StdoutLine: {'line': b'-- Up-to-date symlink: /home/developer/aerostack2_ws/install/as2_msgs/include/as2_msgs/as2_msgs/msg/detail/trajectory_setpoints__functions.h\n'}
[0.334620] (as2_msgs) StdoutLine: {'line': b'-- Up-to-date symlink: /home/developer/aerostack2_ws/install/as2_msgs/include/as2_msgs/as2_msgs/msg/detail/trajectory_setpoints__struct.h\n'}
[0.334724] (as2_msgs) StdoutLine: {'line': b'-- Up-to-date symlink: /home/developer/aerostack2_ws/install/as2_msgs/include/as2_msgs/as2_msgs/msg/detail/trajectory_setpoints__type_support.h\n'}
[0.334835] (as2_msgs) StdoutLine: {'line': b'-- Up-to-date symlink: /home/developer/aerostack2_ws/install/as2_msgs/include/as2_msgs/as2_msgs/msg/detail/u_int16_multi_array_stamped__functions.h\n'}
[0.334936] (as2_msgs) StdoutLine: {'line': b'-- Up-to-date symlink: /home/developer/aerostack2_ws/install/as2_msgs/include/as2_msgs/as2_msgs/msg/detail/u_int16_multi_array_stamped__struct.h\n'}
[0.335052] (as2_msgs) StdoutLine: {'line': b'-- Up-to-date symlink: /home/developer/aerostack2_ws/install/as2_msgs/include/as2_msgs/as2_msgs/msg/detail/u_int16_multi_array_stamped__type_support.h\n'}
[0.335161] (as2_msgs) StdoutLine: {'line': b'-- Up-to-date symlink: /home/developer/aerostack2_ws/install/as2_msgs/include/as2_msgs/as2_msgs/msg/detail/yaw_mode__functions.h\n'}
[0.335272] (as2_msgs) StdoutLine: {'line': b'-- Up-to-date symlink: /home/developer/aerostack2_ws/install/as2_msgs/include/as2_msgs/as2_msgs/msg/detail/yaw_mode__struct.h\n'}
[0.335399] (as2_msgs) StdoutLine: {'line': b'-- Up-to-date symlink: /home/developer/aerostack2_ws/install/as2_msgs/include/as2_msgs/as2_msgs/msg/detail/yaw_mode__type_support.h\n'}
[0.335454] (as2_msgs) StdoutLine: {'line': b'-- Up-to-date symlink: /home/developer/aerostack2_ws/install/as2_msgs/include/as2_msgs/as2_msgs/msg/follow_target_info.h\n'}
[0.335514] (as2_msgs) StdoutLine: {'line': b'-- Up-to-date symlink: /home/developer/aerostack2_ws/install/as2_msgs/include/as2_msgs/as2_msgs/msg/geozone.h\n'}
[0.335571] (as2_msgs) StdoutLine: {'line': b'-- Up-to-date symlink: /home/developer/aerostack2_ws/install/as2_msgs/include/as2_msgs/as2_msgs/msg/gimbal_control.h\n'}
[0.335628] (as2_msgs) StdoutLine: {'line': b'-- Up-to-date symlink: /home/developer/aerostack2_ws/install/as2_msgs/include/as2_msgs/as2_msgs/msg/mission_event.h\n'}
[0.335679] (as2_msgs) StdoutLine: {'line': b'-- Up-to-date symlink: /home/developer/aerostack2_ws/install/as2_msgs/include/as2_msgs/as2_msgs/msg/mission_update.h\n'}
[0.335732] (as2_msgs) StdoutLine: {'line': b'-- Up-to-date symlink: /home/developer/aerostack2_ws/install/as2_msgs/include/as2_msgs/as2_msgs/msg/node_status.h\n'}
[0.335785] (as2_msgs) StdoutLine: {'line': b'-- Up-to-date symlink: /home/developer/aerostack2_ws/install/as2_msgs/include/as2_msgs/as2_msgs/msg/platform_info.h\n'}
[0.335839] (as2_msgs) StdoutLine: {'line': b'-- Up-to-date symlink: /home/developer/aerostack2_ws/install/as2_msgs/include/as2_msgs/as2_msgs/msg/platform_state_machine_event.h\n'}
[0.335892] (as2_msgs) StdoutLine: {'line': b'-- Up-to-date symlink: /home/developer/aerostack2_ws/install/as2_msgs/include/as2_msgs/as2_msgs/msg/platform_status.h\n'}
[0.336002] (as2_msgs) StdoutLine: {'line': b'-- Up-to-date symlink: /home/developer/aerostack2_ws/install/as2_msgs/include/as2_msgs/as2_msgs/msg/polygon_list.h\n'}
[0.336103] (as2_msgs) StdoutLine: {'line': b'-- Up-to-date symlink: /home/developer/aerostack2_ws/install/as2_msgs/include/as2_msgs/as2_msgs/msg/pose_stamped_with_id.h\n'}
[0.336208] (as2_msgs) StdoutLine: {'line': b'-- Up-to-date symlink: /home/developer/aerostack2_ws/install/as2_msgs/include/as2_msgs/as2_msgs/msg/pose_stamped_with_id_array.h\n'}
[0.336314] (as2_msgs) StdoutLine: {'line': b'-- Up-to-date symlink: /home/developer/aerostack2_ws/install/as2_msgs/include/as2_msgs/as2_msgs/msg/pose_with_id.h\n'}
[0.336412] (as2_msgs) StdoutLine: {'line': b'-- Up-to-date symlink: /home/developer/aerostack2_ws/install/as2_msgs/include/as2_msgs/as2_msgs/msg/pose_with_id_array.h\n'}
[0.336522] (as2_msgs) StdoutLine: {'line': b'-- Up-to-date symlink: /home/developer/aerostack2_ws/install/as2_msgs/include/as2_msgs/as2_msgs/msg/rosidl_generator_c__visibility_control.h\n'}
[0.336623] (as2_msgs) StdoutLine: {'line': b'-- Up-to-date symlink: /home/developer/aerostack2_ws/install/as2_msgs/include/as2_msgs/as2_msgs/msg/speed.h\n'}
[0.336723] (as2_msgs) StdoutLine: {'line': b'-- Up-to-date symlink: /home/developer/aerostack2_ws/install/as2_msgs/include/as2_msgs/as2_msgs/msg/thrust.h\n'}
[0.336825] (as2_msgs) StdoutLine: {'line': b'-- Up-to-date symlink: /home/developer/aerostack2_ws/install/as2_msgs/include/as2_msgs/as2_msgs/msg/traj_gen_info.h\n'}
[0.336932] (as2_msgs) StdoutLine: {'line': b'-- Up-to-date symlink: /home/developer/aerostack2_ws/install/as2_msgs/include/as2_msgs/as2_msgs/msg/trajectory_point.h\n'}
[0.337034] (as2_msgs) StdoutLine: {'line': b'-- Up-to-date symlink: /home/developer/aerostack2_ws/install/as2_msgs/include/as2_msgs/as2_msgs/msg/trajectory_setpoints.h\n'}
[0.337133] (as2_msgs) StdoutLine: {'line': b'-- Up-to-date symlink: /home/developer/aerostack2_ws/install/as2_msgs/include/as2_msgs/as2_msgs/msg/u_int16_multi_array_stamped.h\n'}
[0.337240] (as2_msgs) StdoutLine: {'line': b'-- Up-to-date symlink: /home/developer/aerostack2_ws/install/as2_msgs/include/as2_msgs/as2_msgs/msg/yaw_mode.h\n'}
[0.337413] (as2_msgs) StdoutLine: {'line': b'-- Up-to-date symlink: /home/developer/aerostack2_ws/install/as2_msgs/include/as2_msgs/as2_msgs/srv/add_static_transform.h\n'}
[0.337540] (as2_msgs) StdoutLine: {'line': b'-- Up-to-date symlink: /home/developer/aerostack2_ws/install/as2_msgs/include/as2_msgs/as2_msgs/srv/add_static_transform_gps.h\n'}
[0.337669] (as2_msgs) StdoutLine: {'line': b'-- Up-to-date symlink: /home/developer/aerostack2_ws/install/as2_msgs/include/as2_msgs/as2_msgs/srv/detail/add_static_transform__functions.h\n'}
[0.337791] (as2_msgs) StdoutLine: {'line': b'-- Up-to-date symlink: /home/developer/aerostack2_ws/install/as2_msgs/include/as2_msgs/as2_msgs/srv/detail/add_static_transform__struct.h\n'}
[0.337846] (as2_msgs) StdoutLine: {'line': b'-- Up-to-date symlink: /home/developer/aerostack2_ws/install/as2_msgs/include/as2_msgs/as2_msgs/srv/detail/add_static_transform__type_support.h\n'}
[0.337967] (as2_msgs) StdoutLine: {'line': b'-- Up-to-date symlink: /home/developer/aerostack2_ws/install/as2_msgs/include/as2_msgs/as2_msgs/srv/detail/add_static_transform_gps__functions.h\n'}
[0.338030] (as2_msgs) StdoutLine: {'line': b'-- Up-to-date symlink: /home/developer/aerostack2_ws/install/as2_msgs/include/as2_msgs/as2_msgs/srv/detail/add_static_transform_gps__struct.h\n'}
[0.338087] (as2_msgs) StdoutLine: {'line': b'-- Up-to-date symlink: /home/developer/aerostack2_ws/install/as2_msgs/include/as2_msgs/as2_msgs/srv/detail/add_static_transform_gps__type_support.h\n'}
[0.338146] (as2_msgs) StdoutLine: {'line': b'-- Up-to-date symlink: /home/developer/aerostack2_ws/install/as2_msgs/include/as2_msgs/as2_msgs/srv/detail/dynamic_follower__functions.h\n'}
[0.338202] (as2_msgs) StdoutLine: {'line': b'-- Up-to-date symlink: /home/developer/aerostack2_ws/install/as2_msgs/include/as2_msgs/as2_msgs/srv/detail/dynamic_follower__struct.h\n'}
[0.338258] (as2_msgs) StdoutLine: {'line': b'-- Up-to-date symlink: /home/developer/aerostack2_ws/install/as2_msgs/include/as2_msgs/as2_msgs/srv/detail/dynamic_follower__type_support.h\n'}
[0.338313] (as2_msgs) StdoutLine: {'line': b'-- Up-to-date symlink: /home/developer/aerostack2_ws/install/as2_msgs/include/as2_msgs/as2_msgs/srv/detail/dynamic_land__functions.h\n'}
[0.338374] (as2_msgs) StdoutLine: {'line': b'-- Up-to-date symlink: /home/developer/aerostack2_ws/install/as2_msgs/include/as2_msgs/as2_msgs/srv/detail/dynamic_land__struct.h\n'}
[0.338429] (as2_msgs) StdoutLine: {'line': b'-- Up-to-date symlink: /home/developer/aerostack2_ws/install/as2_msgs/include/as2_msgs/as2_msgs/srv/detail/dynamic_land__type_support.h\n'}
[0.338484] (as2_msgs) StdoutLine: {'line': b'-- Up-to-date symlink: /home/developer/aerostack2_ws/install/as2_msgs/include/as2_msgs/as2_msgs/srv/detail/geopath_to_path__functions.h\n'}
[0.338539] (as2_msgs) StdoutLine: {'line': b'-- Up-to-date symlink: /home/developer/aerostack2_ws/install/as2_msgs/include/as2_msgs/as2_msgs/srv/detail/geopath_to_path__struct.h\n'}
[0.338597] (as2_msgs) StdoutLine: {'line': b'-- Up-to-date symlink: /home/developer/aerostack2_ws/install/as2_msgs/include/as2_msgs/as2_msgs/srv/detail/geopath_to_path__type_support.h\n'}
[0.338654] (as2_msgs) StdoutLine: {'line': b'-- Up-to-date symlink: /home/developer/aerostack2_ws/install/as2_msgs/include/as2_msgs/as2_msgs/srv/detail/get_geozone__functions.h\n'}
[0.338709] (as2_msgs) StdoutLine: {'line': b'-- Up-to-date symlink: /home/developer/aerostack2_ws/install/as2_msgs/include/as2_msgs/as2_msgs/srv/detail/get_geozone__struct.h\n'}
[0.338765] (as2_msgs) StdoutLine: {'line': b'-- Up-to-date symlink: /home/developer/aerostack2_ws/install/as2_msgs/include/as2_msgs/as2_msgs/srv/detail/get_geozone__type_support.h\n'}
[0.338821] (as2_msgs) StdoutLine: {'line': b'-- Up-to-date symlink: /home/developer/aerostack2_ws/install/as2_msgs/include/as2_msgs/as2_msgs/srv/detail/get_origin__functions.h\n'}
[0.338875] (as2_msgs) StdoutLine: {'line': b'-- Up-to-date symlink: /home/developer/aerostack2_ws/install/as2_msgs/include/as2_msgs/as2_msgs/srv/detail/get_origin__struct.h\n'}
[0.338929] (as2_msgs) StdoutLine: {'line': b'-- Up-to-date symlink: /home/developer/aerostack2_ws/install/as2_msgs/include/as2_msgs/as2_msgs/srv/detail/get_origin__type_support.h\n'}
[0.338998] (as2_msgs) StdoutLine: {'line': b'-- Up-to-date symlink: /home/developer/aerostack2_ws/install/as2_msgs/include/as2_msgs/as2_msgs/srv/detail/list_control_modes__functions.h\n'}
[0.339053] (as2_msgs) StdoutLine: {'line': b'-- Up-to-date symlink: /home/developer/aerostack2_ws/install/as2_msgs/include/as2_msgs/as2_msgs/srv/detail/list_control_modes__struct.h\n'}
[0.339108] (as2_msgs) StdoutLine: {'line': b'-- Up-to-date symlink: /home/developer/aerostack2_ws/install/as2_msgs/include/as2_msgs/as2_msgs/srv/detail/list_control_modes__type_support.h\n'}
[0.339165] (as2_msgs) StdoutLine: {'line': b'-- Up-to-date symlink: /home/developer/aerostack2_ws/install/as2_msgs/include/as2_msgs/as2_msgs/srv/detail/modify_swarm__functions.h\n'}
[0.339226] (as2_msgs) StdoutLine: {'line': b'-- Up-to-date symlink: /home/developer/aerostack2_ws/install/as2_msgs/include/as2_msgs/as2_msgs/srv/detail/modify_swarm__struct.h\n'}
[0.339279] (as2_msgs) StdoutLine: {'line': b'-- Up-to-date symlink: /home/developer/aerostack2_ws/install/as2_msgs/include/as2_msgs/as2_msgs/srv/detail/modify_swarm__type_support.h\n'}
[0.339333] (as2_msgs) StdoutLine: {'line': b'-- Up-to-date symlink: /home/developer/aerostack2_ws/install/as2_msgs/include/as2_msgs/as2_msgs/srv/detail/package_pick_up__functions.h\n'}
[0.339387] (as2_msgs) StdoutLine: {'line': b'-- Up-to-date symlink: /home/developer/aerostack2_ws/install/as2_msgs/include/as2_msgs/as2_msgs/srv/detail/package_pick_up__struct.h\n'}
[0.339487] (as2_msgs) StdoutLine: {'line': b'-- Up-to-date symlink: /home/developer/aerostack2_ws/install/as2_msgs/include/as2_msgs/as2_msgs/srv/detail/package_pick_up__type_support.h\n'}
[0.339587] (as2_msgs) StdoutLine: {'line': b'-- Up-to-date symlink: /home/developer/aerostack2_ws/install/as2_msgs/include/as2_msgs/as2_msgs/srv/detail/package_un_pick__functions.h\n'}
[0.339687] (as2_msgs) StdoutLine: {'line': b'-- Up-to-date symlink: /home/developer/aerostack2_ws/install/as2_msgs/include/as2_msgs/as2_msgs/srv/detail/package_un_pick__struct.h\n'}
[0.339787] (as2_msgs) StdoutLine: {'line': b'-- Up-to-date symlink: /home/developer/aerostack2_ws/install/as2_msgs/include/as2_msgs/as2_msgs/srv/detail/package_un_pick__type_support.h\n'}
[0.339891] (as2_msgs) StdoutLine: {'line': b'-- Up-to-date symlink: /home/developer/aerostack2_ws/install/as2_msgs/include/as2_msgs/as2_msgs/srv/detail/path_to_geopath__functions.h\n'}
[0.340008] (as2_msgs) StdoutLine: {'line': b'-- Up-to-date symlink: /home/developer/aerostack2_ws/install/as2_msgs/include/as2_msgs/as2_msgs/srv/detail/path_to_geopath__struct.h\n'}
[0.340107] (as2_msgs) StdoutLine: {'line': b'-- Up-to-date symlink: /home/developer/aerostack2_ws/install/as2_msgs/include/as2_msgs/as2_msgs/srv/detail/path_to_geopath__type_support.h\n'}
[0.340207] (as2_msgs) StdoutLine: {'line': b'-- Up-to-date symlink: /home/developer/aerostack2_ws/install/as2_msgs/include/as2_msgs/as2_msgs/srv/detail/set_control_mode__functions.h\n'}
[0.340709] (as2_msgs) StdoutLine: {'line': b'-- Up-to-date symlink: /home/developer/aerostack2_ws/install/as2_msgs/include/as2_msgs/as2_msgs/srv/detail/set_control_mode__struct.h\n'}
[0.340763] (as2_msgs) StdoutLine: {'line': b'-- Up-to-date symlink: /home/developer/aerostack2_ws/install/as2_msgs/include/as2_msgs/as2_msgs/srv/detail/set_control_mode__type_support.h\n'}
[0.340802] (as2_msgs) StdoutLine: {'line': b'-- Up-to-date symlink: /home/developer/aerostack2_ws/install/as2_msgs/include/as2_msgs/as2_msgs/srv/detail/set_geozone__functions.h\n'}
[0.340841] (as2_msgs) StdoutLine: {'line': b'-- Up-to-date symlink: /home/developer/aerostack2_ws/install/as2_msgs/include/as2_msgs/as2_msgs/srv/detail/set_geozone__struct.h\n'}
[0.340878] (as2_msgs) StdoutLine: {'line': b'-- Up-to-date symlink: /home/developer/aerostack2_ws/install/as2_msgs/include/as2_msgs/as2_msgs/srv/detail/set_geozone__type_support.h\n'}
[0.340929] (as2_msgs) StdoutLine: {'line': b'-- Up-to-date symlink: /home/developer/aerostack2_ws/install/as2_msgs/include/as2_msgs/as2_msgs/srv/detail/set_origin__functions.h\n'}
[0.340992] (as2_msgs) StdoutLine: {'line': b'-- Up-to-date symlink: /home/developer/aerostack2_ws/install/as2_msgs/include/as2_msgs/as2_msgs/srv/detail/set_origin__struct.h\n'}
[0.341047] (as2_msgs) StdoutLine: {'line': b'-- Up-to-date symlink: /home/developer/aerostack2_ws/install/as2_msgs/include/as2_msgs/as2_msgs/srv/detail/set_origin__type_support.h\n'}
[0.341119] (as2_msgs) StdoutLine: {'line': b'-- Up-to-date symlink: /home/developer/aerostack2_ws/install/as2_msgs/include/as2_msgs/as2_msgs/srv/detail/set_platform_state_machine_event__functions.h\n'}
[0.341178] (as2_msgs) StdoutLine: {'line': b'-- Up-to-date symlink: /home/developer/aerostack2_ws/install/as2_msgs/include/as2_msgs/as2_msgs/srv/detail/set_platform_state_machine_event__struct.h\n'}
[0.341235] (as2_msgs) StdoutLine: {'line': b'-- Up-to-date symlink: /home/developer/aerostack2_ws/install/as2_msgs/include/as2_msgs/as2_msgs/srv/detail/set_platform_state_machine_event__type_support.h\n'}
[0.341293] (as2_msgs) StdoutLine: {'line': b'-- Up-to-date symlink: /home/developer/aerostack2_ws/install/as2_msgs/include/as2_msgs/as2_msgs/srv/detail/set_speed__functions.h\n'}
[0.341353] (as2_msgs) StdoutLine: {'line': b'-- Up-to-date symlink: /home/developer/aerostack2_ws/install/as2_msgs/include/as2_msgs/as2_msgs/srv/detail/set_speed__struct.h\n'}
[0.341455] (as2_msgs) StdoutLine: {'line': b'-- Up-to-date symlink: /home/developer/aerostack2_ws/install/as2_msgs/include/as2_msgs/as2_msgs/srv/detail/set_speed__type_support.h\n'}
[0.341556] (as2_msgs) StdoutLine: {'line': b'-- Up-to-date symlink: /home/developer/aerostack2_ws/install/as2_msgs/include/as2_msgs/as2_msgs/srv/dynamic_follower.h\n'}
[0.341654] (as2_msgs) StdoutLine: {'line': b'-- Up-to-date symlink: /home/developer/aerostack2_ws/install/as2_msgs/include/as2_msgs/as2_msgs/srv/dynamic_land.h\n'}
[0.341752] (as2_msgs) StdoutLine: {'line': b'-- Up-to-date symlink: /home/developer/aerostack2_ws/install/as2_msgs/include/as2_msgs/as2_msgs/srv/geopath_to_path.h\n'}
[0.341849] (as2_msgs) StdoutLine: {'line': b'-- Up-to-date symlink: /home/developer/aerostack2_ws/install/as2_msgs/include/as2_msgs/as2_msgs/srv/get_geozone.h\n'}
[0.341954] (as2_msgs) StdoutLine: {'line': b'-- Up-to-date symlink: /home/developer/aerostack2_ws/install/as2_msgs/include/as2_msgs/as2_msgs/srv/get_origin.h\n'}
[0.342056] (as2_msgs) StdoutLine: {'line': b'-- Up-to-date symlink: /home/developer/aerostack2_ws/install/as2_msgs/include/as2_msgs/as2_msgs/srv/list_control_modes.h\n'}
[0.342305] (as2_msgs) StdoutLine: {'line': b'-- Up-to-date symlink: /home/developer/aerostack2_ws/install/as2_msgs/include/as2_msgs/as2_msgs/srv/modify_swarm.h\n'}
[0.342362] (as2_msgs) StdoutLine: {'line': b'-- Up-to-date symlink: /home/developer/aerostack2_ws/install/as2_msgs/include/as2_msgs/as2_msgs/srv/package_pick_up.h\n'}
[0.342416] (as2_msgs) StdoutLine: {'line': b'-- Up-to-date symlink: /home/developer/aerostack2_ws/install/as2_msgs/include/as2_msgs/as2_msgs/srv/package_un_pick.h\n'}
[0.342473] (as2_msgs) StdoutLine: {'line': b'-- Up-to-date symlink: /home/developer/aerostack2_ws/install/as2_msgs/include/as2_msgs/as2_msgs/srv/path_to_geopath.h\n'}
[0.342529] (as2_msgs) StdoutLine: {'line': b'-- Up-to-date symlink: /home/developer/aerostack2_ws/install/as2_msgs/include/as2_msgs/as2_msgs/srv/set_control_mode.h\n'}
[0.342584] (as2_msgs) StdoutLine: {'line': b'-- Up-to-date symlink: /home/developer/aerostack2_ws/install/as2_msgs/include/as2_msgs/as2_msgs/srv/set_geozone.h\n'}
[0.342640] (as2_msgs) StdoutLine: {'line': b'-- Up-to-date symlink: /home/developer/aerostack2_ws/install/as2_msgs/include/as2_msgs/as2_msgs/srv/set_origin.h\n'}
[0.342697] (as2_msgs) StdoutLine: {'line': b'-- Up-to-date symlink: /home/developer/aerostack2_ws/install/as2_msgs/include/as2_msgs/as2_msgs/srv/set_platform_state_machine_event.h\n'}
[0.342752] (as2_msgs) StdoutLine: {'line': b'-- Up-to-date symlink: /home/developer/aerostack2_ws/install/as2_msgs/include/as2_msgs/as2_msgs/srv/set_speed.h\n'}
[0.342898] (as2_msgs) StdoutLine: {'line': b'-- Up-to-date symlink: /home/developer/aerostack2_ws/install/as2_msgs/share/as2_msgs/environment/library_path.sh\n'}
[0.343000] (as2_msgs) StdoutLine: {'line': b'-- Up-to-date symlink: /home/developer/aerostack2_ws/install/as2_msgs/share/as2_msgs/environment/library_path.dsv\n'}
[0.344452] (as2_msgs) StdoutLine: {'line': b'-- Up-to-date symlink: /home/developer/aerostack2_ws/install/as2_msgs/include/as2_msgs/as2_msgs/action/detail/detect_aruco_markers__rosidl_typesupport_fastrtps_c.h\n'}
[0.344523] (as2_msgs) StdoutLine: {'line': b'-- Up-to-date symlink: /home/developer/aerostack2_ws/install/as2_msgs/include/as2_msgs/as2_msgs/action/detail/follow_path__rosidl_typesupport_fastrtps_c.h\n'}
[0.344560] (as2_msgs) StdoutLine: {'line': b'-- Up-to-date symlink: /home/developer/aerostack2_ws/install/as2_msgs/include/as2_msgs/as2_msgs/action/detail/follow_reference__rosidl_typesupport_fastrtps_c.h\n'}
[0.344618] (as2_msgs) StdoutLine: {'line': b'-- Up-to-date symlink: /home/developer/aerostack2_ws/install/as2_msgs/include/as2_msgs/as2_msgs/action/detail/force_estimation__rosidl_typesupport_fastrtps_c.h\n'}
[0.344723] (as2_msgs) StdoutLine: {'line': b'-- Up-to-date symlink: /home/developer/aerostack2_ws/install/as2_msgs/include/as2_msgs/as2_msgs/action/detail/generate_polynomial_trajectory__rosidl_typesupport_fastrtps_c.h\n'}
[0.344826] (as2_msgs) StdoutLine: {'line': b'-- Up-to-date symlink: /home/developer/aerostack2_ws/install/as2_msgs/include/as2_msgs/as2_msgs/action/detail/go_to_waypoint__rosidl_typesupport_fastrtps_c.h\n'}
[0.344931] (as2_msgs) StdoutLine: {'line': b'-- Up-to-date symlink: /home/developer/aerostack2_ws/install/as2_msgs/include/as2_msgs/as2_msgs/action/detail/gripper_handler__rosidl_typesupport_fastrtps_c.h\n'}
[0.345035] (as2_msgs) StdoutLine: {'line': b'-- Up-to-date symlink: /home/developer/aerostack2_ws/install/as2_msgs/include/as2_msgs/as2_msgs/action/detail/land__rosidl_typesupport_fastrtps_c.h\n'}
[0.345141] (as2_msgs) StdoutLine: {'line': b'-- Up-to-date symlink: /home/developer/aerostack2_ws/install/as2_msgs/include/as2_msgs/as2_msgs/action/detail/mass_estimation__rosidl_typesupport_fastrtps_c.h\n'}
[0.345249] (as2_msgs) StdoutLine: {'line': b'-- Up-to-date symlink: /home/developer/aerostack2_ws/install/as2_msgs/include/as2_msgs/as2_msgs/action/detail/navigate_to_point__rosidl_typesupport_fastrtps_c.h\n'}
[0.345355] (as2_msgs) StdoutLine: {'line': b'-- Up-to-date symlink: /home/developer/aerostack2_ws/install/as2_msgs/include/as2_msgs/as2_msgs/action/detail/point_gimbal__rosidl_typesupport_fastrtps_c.h\n'}
[0.345825] (as2_msgs) StdoutLine: {'line': b'-- Up-to-date symlink: /home/developer/aerostack2_ws/install/as2_msgs/include/as2_msgs/as2_msgs/action/detail/precision_landing__rosidl_typesupport_fastrtps_c.h\n'}
[0.345869] (as2_msgs) StdoutLine: {'line': b'-- Up-to-date symlink: /home/developer/aerostack2_ws/install/as2_msgs/include/as2_msgs/as2_msgs/action/detail/set_arming_state__rosidl_typesupport_fastrtps_c.h\n'}
[0.345907] (as2_msgs) StdoutLine: {'line': b'-- Up-to-date symlink: /home/developer/aerostack2_ws/install/as2_msgs/include/as2_msgs/as2_msgs/action/detail/set_offboard_mode__rosidl_typesupport_fastrtps_c.h\n'}
[0.345943] (as2_msgs) StdoutLine: {'line': b'-- Up-to-date symlink: /home/developer/aerostack2_ws/install/as2_msgs/include/as2_msgs/as2_msgs/action/detail/swarm_flocking__rosidl_typesupport_fastrtps_c.h\n'}
[0.346005] (as2_msgs) StdoutLine: {'line': b'-- Up-to-date symlink: /home/developer/aerostack2_ws/install/as2_msgs/include/as2_msgs/as2_msgs/action/detail/takeoff__rosidl_typesupport_fastrtps_c.h\n'}
[0.346071] (as2_msgs) StdoutLine: {'line': b'-- Up-to-date symlink: /home/developer/aerostack2_ws/install/as2_msgs/include/as2_msgs/as2_msgs/msg/detail/acro__rosidl_typesupport_fastrtps_c.h\n'}
[0.346130] (as2_msgs) StdoutLine: {'line': b'-- Up-to-date symlink: /home/developer/aerostack2_ws/install/as2_msgs/include/as2_msgs/as2_msgs/msg/detail/alert_event__rosidl_typesupport_fastrtps_c.h\n'}
[0.346189] (as2_msgs) StdoutLine: {'line': b'-- Up-to-date symlink: /home/developer/aerostack2_ws/install/as2_msgs/include/as2_msgs/as2_msgs/msg/detail/behavior_status__rosidl_typesupport_fastrtps_c.h\n'}
[0.346244] (as2_msgs) StdoutLine: {'line': b'-- Up-to-date symlink: /home/developer/aerostack2_ws/install/as2_msgs/include/as2_msgs/as2_msgs/msg/detail/control_mode__rosidl_typesupport_fastrtps_c.h\n'}
[0.346299] (as2_msgs) StdoutLine: {'line': b'-- Up-to-date symlink: /home/developer/aerostack2_ws/install/as2_msgs/include/as2_msgs/as2_msgs/msg/detail/controller_info__rosidl_typesupport_fastrtps_c.h\n'}
[0.346415] (as2_msgs) StdoutLine: {'line': b'-- Up-to-date symlink: /home/developer/aerostack2_ws/install/as2_msgs/include/as2_msgs/as2_msgs/msg/detail/follow_target_info__rosidl_typesupport_fastrtps_c.h\n'}
[0.346438] (as2_msgs) StdoutLine: {'line': b'-- Up-to-date symlink: /home/developer/aerostack2_ws/install/as2_msgs/include/as2_msgs/as2_msgs/msg/detail/geozone__rosidl_typesupport_fastrtps_c.h\n'}
[0.346500] (as2_msgs) StdoutLine: {'line': b'-- Up-to-date symlink: /home/developer/aerostack2_ws/install/as2_msgs/include/as2_msgs/as2_msgs/msg/detail/gimbal_control__rosidl_typesupport_fastrtps_c.h\n'}
[0.346599] (as2_msgs) StdoutLine: {'line': b'-- Up-to-date symlink: /home/developer/aerostack2_ws/install/as2_msgs/include/as2_msgs/as2_msgs/msg/detail/mission_event__rosidl_typesupport_fastrtps_c.h\n'}
[0.346623] (as2_msgs) StdoutLine: {'line': b'-- Up-to-date symlink: /home/developer/aerostack2_ws/install/as2_msgs/include/as2_msgs/as2_msgs/msg/detail/mission_update__rosidl_typesupport_fastrtps_c.h\n'}
[0.346730] (as2_msgs) StdoutLine: {'line': b'-- Up-to-date symlink: /home/developer/aerostack2_ws/install/as2_msgs/include/as2_msgs/as2_msgs/msg/detail/node_status__rosidl_typesupport_fastrtps_c.h\n'}
[0.346753] (as2_msgs) StdoutLine: {'line': b'-- Up-to-date symlink: /home/developer/aerostack2_ws/install/as2_msgs/include/as2_msgs/as2_msgs/msg/detail/platform_info__rosidl_typesupport_fastrtps_c.h\n'}
[0.346809] (as2_msgs) StdoutLine: {'line': b'-- Up-to-date symlink: /home/developer/aerostack2_ws/install/as2_msgs/include/as2_msgs/as2_msgs/msg/detail/platform_state_machine_event__rosidl_typesupport_fastrtps_c.h\n'}
[0.346832] (as2_msgs) StdoutLine: {'line': b'-- Up-to-date symlink: /home/developer/aerostack2_ws/install/as2_msgs/include/as2_msgs/as2_msgs/msg/detail/platform_status__rosidl_typesupport_fastrtps_c.h\n'}
[0.346916] (as2_msgs) StdoutLine: {'line': b'-- Up-to-date symlink: /home/developer/aerostack2_ws/install/as2_msgs/include/as2_msgs/as2_msgs/msg/detail/polygon_list__rosidl_typesupport_fastrtps_c.h\n'}
[0.346941] (as2_msgs) StdoutLine: {'line': b'-- Up-to-date symlink: /home/developer/aerostack2_ws/install/as2_msgs/include/as2_msgs/as2_msgs/msg/detail/pose_stamped_with_id__rosidl_typesupport_fastrtps_c.h\n'}
[0.346976] (as2_msgs) StdoutLine: {'line': b'-- Up-to-date symlink: /home/developer/aerostack2_ws/install/as2_msgs/include/as2_msgs/as2_msgs/msg/detail/pose_stamped_with_id_array__rosidl_typesupport_fastrtps_c.h\n'}
[0.347048] (as2_msgs) StdoutLine: {'line': b'-- Up-to-date symlink: /home/developer/aerostack2_ws/install/as2_msgs/include/as2_msgs/as2_msgs/msg/detail/pose_with_id__rosidl_typesupport_fastrtps_c.h\n'}
[0.347108] (as2_msgs) StdoutLine: {'line': b'-- Up-to-date symlink: /home/developer/aerostack2_ws/install/as2_msgs/include/as2_msgs/as2_msgs/msg/detail/pose_with_id_array__rosidl_typesupport_fastrtps_c.h\n'}
[0.347165] (as2_msgs) StdoutLine: {'line': b'-- Up-to-date symlink: /home/developer/aerostack2_ws/install/as2_msgs/include/as2_msgs/as2_msgs/msg/detail/speed__rosidl_typesupport_fastrtps_c.h\n'}
[0.347221] (as2_msgs) StdoutLine: {'line': b'-- Up-to-date symlink: /home/developer/aerostack2_ws/install/as2_msgs/include/as2_msgs/as2_msgs/msg/detail/thrust__rosidl_typesupport_fastrtps_c.h\n'}
[0.347279] (as2_msgs) StdoutLine: {'line': b'-- Up-to-date symlink: /home/developer/aerostack2_ws/install/as2_msgs/include/as2_msgs/as2_msgs/msg/detail/traj_gen_info__rosidl_typesupport_fastrtps_c.h\n'}
[0.347334] (as2_msgs) StdoutLine: {'line': b'-- Up-to-date symlink: /home/developer/aerostack2_ws/install/as2_msgs/include/as2_msgs/as2_msgs/msg/detail/trajectory_point__rosidl_typesupport_fastrtps_c.h\n'}
[0.347389] (as2_msgs) StdoutLine: {'line': b'-- Up-to-date symlink: /home/developer/aerostack2_ws/install/as2_msgs/include/as2_msgs/as2_msgs/msg/detail/trajectory_setpoints__rosidl_typesupport_fastrtps_c.h\n'}
[0.347445] (as2_msgs) StdoutLine: {'line': b'-- Up-to-date symlink: /home/developer/aerostack2_ws/install/as2_msgs/include/as2_msgs/as2_msgs/msg/detail/u_int16_multi_array_stamped__rosidl_typesupport_fastrtps_c.h\n'}
[0.347500] (as2_msgs) StdoutLine: {'line': b'-- Up-to-date symlink: /home/developer/aerostack2_ws/install/as2_msgs/include/as2_msgs/as2_msgs/msg/detail/yaw_mode__rosidl_typesupport_fastrtps_c.h\n'}
[0.347554] (as2_msgs) StdoutLine: {'line': b'-- Up-to-date symlink: /home/developer/aerostack2_ws/install/as2_msgs/include/as2_msgs/as2_msgs/msg/rosidl_typesupport_fastrtps_c__visibility_control.h\n'}
[0.347611] (as2_msgs) StdoutLine: {'line': b'-- Up-to-date symlink: /home/developer/aerostack2_ws/install/as2_msgs/include/as2_msgs/as2_msgs/srv/detail/add_static_transform__rosidl_typesupport_fastrtps_c.h\n'}
[0.347712] (as2_msgs) StdoutLine: {'line': b'-- Up-to-date symlink: /home/developer/aerostack2_ws/install/as2_msgs/include/as2_msgs/as2_msgs/srv/detail/add_static_transform_gps__rosidl_typesupport_fastrtps_c.h\n'}
[0.347810] (as2_msgs) StdoutLine: {'line': b'-- Up-to-date symlink: /home/developer/aerostack2_ws/install/as2_msgs/include/as2_msgs/as2_msgs/srv/detail/dynamic_follower__rosidl_typesupport_fastrtps_c.h\n'}
[0.347908] (as2_msgs) StdoutLine: {'line': b'-- Up-to-date symlink: /home/developer/aerostack2_ws/install/as2_msgs/include/as2_msgs/as2_msgs/srv/detail/dynamic_land__rosidl_typesupport_fastrtps_c.h\n'}
[0.348018] (as2_msgs) StdoutLine: {'line': b'-- Up-to-date symlink: /home/developer/aerostack2_ws/install/as2_msgs/include/as2_msgs/as2_msgs/srv/detail/geopath_to_path__rosidl_typesupport_fastrtps_c.h\n'}
[0.348115] (as2_msgs) StdoutLine: {'line': b'-- Up-to-date symlink: /home/developer/aerostack2_ws/install/as2_msgs/include/as2_msgs/as2_msgs/srv/detail/get_geozone__rosidl_typesupport_fastrtps_c.h\n'}
[0.348222] (as2_msgs) StdoutLine: {'line': b'-- Up-to-date symlink: /home/developer/aerostack2_ws/install/as2_msgs/include/as2_msgs/as2_msgs/srv/detail/get_origin__rosidl_typesupport_fastrtps_c.h\n'}
[0.348325] (as2_msgs) StdoutLine: {'line': b'-- Up-to-date symlink: /home/developer/aerostack2_ws/install/as2_msgs/include/as2_msgs/as2_msgs/srv/detail/list_control_modes__rosidl_typesupport_fastrtps_c.h\n'}
[0.348763] (as2_msgs) StdoutLine: {'line': b'-- Up-to-date symlink: /home/developer/aerostack2_ws/install/as2_msgs/include/as2_msgs/as2_msgs/srv/detail/modify_swarm__rosidl_typesupport_fastrtps_c.h\n'}
[0.348840] (as2_msgs) StdoutLine: {'line': b'-- Up-to-date symlink: /home/developer/aerostack2_ws/install/as2_msgs/include/as2_msgs/as2_msgs/srv/detail/package_pick_up__rosidl_typesupport_fastrtps_c.h\n'}
[0.348880] (as2_msgs) StdoutLine: {'line': b'-- Up-to-date symlink: /home/developer/aerostack2_ws/install/as2_msgs/include/as2_msgs/as2_msgs/srv/detail/package_un_pick__rosidl_typesupport_fastrtps_c.h\n'}
[0.348918] (as2_msgs) StdoutLine: {'line': b'-- Up-to-date symlink: /home/developer/aerostack2_ws/install/as2_msgs/include/as2_msgs/as2_msgs/srv/detail/path_to_geopath__rosidl_typesupport_fastrtps_c.h\n'}
[0.348955] (as2_msgs) StdoutLine: {'line': b'-- Up-to-date symlink: /home/developer/aerostack2_ws/install/as2_msgs/include/as2_msgs/as2_msgs/srv/detail/set_control_mode__rosidl_typesupport_fastrtps_c.h\n'}
[0.349007] (as2_msgs) StdoutLine: {'line': b'-- Up-to-date symlink: /home/developer/aerostack2_ws/install/as2_msgs/include/as2_msgs/as2_msgs/srv/detail/set_geozone__rosidl_typesupport_fastrtps_c.h\n'}
[0.349064] (as2_msgs) StdoutLine: {'line': b'-- Up-to-date symlink: /home/developer/aerostack2_ws/install/as2_msgs/include/as2_msgs/as2_msgs/srv/detail/set_origin__rosidl_typesupport_fastrtps_c.h\n'}
[0.349123] (as2_msgs) StdoutLine: {'line': b'-- Up-to-date symlink: /home/developer/aerostack2_ws/install/as2_msgs/include/as2_msgs/as2_msgs/srv/detail/set_platform_state_machine_event__rosidl_typesupport_fastrtps_c.h\n'}
[0.349180] (as2_msgs) StdoutLine: {'line': b'-- Up-to-date symlink: /home/developer/aerostack2_ws/install/as2_msgs/include/as2_msgs/as2_msgs/srv/detail/set_speed__rosidl_typesupport_fastrtps_c.h\n'}
[0.349978] (as2_msgs) StdoutLine: {'line': b'-- Up-to-date symlink: /home/developer/aerostack2_ws/install/as2_msgs/include/as2_msgs/as2_msgs/action/detail/detect_aruco_markers__rosidl_typesupport_introspection_c.h\n'}
[0.350058] (as2_msgs) StdoutLine: {'line': b'-- Up-to-date symlink: /home/developer/aerostack2_ws/install/as2_msgs/include/as2_msgs/as2_msgs/action/detail/follow_path__rosidl_typesupport_introspection_c.h\n'}
[0.350096] (as2_msgs) StdoutLine: {'line': b'-- Up-to-date symlink: /home/developer/aerostack2_ws/install/as2_msgs/include/as2_msgs/as2_msgs/action/detail/follow_reference__rosidl_typesupport_introspection_c.h\n'}
[0.350133] (as2_msgs) StdoutLine: {'line': b'-- Up-to-date symlink: /home/developer/aerostack2_ws/install/as2_msgs/include/as2_msgs/as2_msgs/action/detail/force_estimation__rosidl_typesupport_introspection_c.h\n'}
[0.350186] (as2_msgs) StdoutLine: {'line': b'-- Up-to-date symlink: /home/developer/aerostack2_ws/install/as2_msgs/include/as2_msgs/as2_msgs/action/detail/generate_polynomial_trajectory__rosidl_typesupport_introspection_c.h\n'}
[0.350244] (as2_msgs) StdoutLine: {'line': b'-- Up-to-date symlink: /home/developer/aerostack2_ws/install/as2_msgs/include/as2_msgs/as2_msgs/action/detail/go_to_waypoint__rosidl_typesupport_introspection_c.h\n'}
[0.350304] (as2_msgs) StdoutLine: {'line': b'-- Up-to-date symlink: /home/developer/aerostack2_ws/install/as2_msgs/include/as2_msgs/as2_msgs/action/detail/gripper_handler__rosidl_typesupport_introspection_c.h\n'}
[0.350361] (as2_msgs) StdoutLine: {'line': b'-- Up-to-date symlink: /home/developer/aerostack2_ws/install/as2_msgs/include/as2_msgs/as2_msgs/action/detail/land__rosidl_typesupport_introspection_c.h\n'}
[0.350417] (as2_msgs) StdoutLine: {'line': b'-- Up-to-date symlink: /home/developer/aerostack2_ws/install/as2_msgs/include/as2_msgs/as2_msgs/action/detail/mass_estimation__rosidl_typesupport_introspection_c.h\n'}
[0.350472] (as2_msgs) StdoutLine: {'line': b'-- Up-to-date symlink: /home/developer/aerostack2_ws/install/as2_msgs/include/as2_msgs/as2_msgs/action/detail/navigate_to_point__rosidl_typesupport_introspection_c.h\n'}
[0.350529] (as2_msgs) StdoutLine: {'line': b'-- Up-to-date symlink: /home/developer/aerostack2_ws/install/as2_msgs/include/as2_msgs/as2_msgs/action/detail/point_gimbal__rosidl_typesupport_introspection_c.h\n'}
[0.350585] (as2_msgs) StdoutLine: {'line': b'-- Up-to-date symlink: /home/developer/aerostack2_ws/install/as2_msgs/include/as2_msgs/as2_msgs/action/detail/precision_landing__rosidl_typesupport_introspection_c.h\n'}
[0.350645] (as2_msgs) StdoutLine: {'line': b'-- Up-to-date symlink: /home/developer/aerostack2_ws/install/as2_msgs/include/as2_msgs/as2_msgs/action/detail/set_arming_state__rosidl_typesupport_introspection_c.h\n'}
[0.350703] (as2_msgs) StdoutLine: {'line': b'-- Up-to-date symlink: /home/developer/aerostack2_ws/install/as2_msgs/include/as2_msgs/as2_msgs/action/detail/set_offboard_mode__rosidl_typesupport_introspection_c.h\n'}
[0.350758] (as2_msgs) StdoutLine: {'line': b'-- Up-to-date symlink: /home/developer/aerostack2_ws/install/as2_msgs/include/as2_msgs/as2_msgs/action/detail/swarm_flocking__rosidl_typesupport_introspection_c.h\n'}
[0.350814] (as2_msgs) StdoutLine: {'line': b'-- Up-to-date symlink: /home/developer/aerostack2_ws/install/as2_msgs/include/as2_msgs/as2_msgs/action/detail/takeoff__rosidl_typesupport_introspection_c.h\n'}
[0.350919] (as2_msgs) StdoutLine: {'line': b'-- Up-to-date symlink: /home/developer/aerostack2_ws/install/as2_msgs/include/as2_msgs/as2_msgs/msg/detail/acro__rosidl_typesupport_introspection_c.h\n'}
[0.351022] (as2_msgs) StdoutLine: {'line': b'-- Up-to-date symlink: /home/developer/aerostack2_ws/install/as2_msgs/include/as2_msgs/as2_msgs/msg/detail/alert_event__rosidl_typesupport_introspection_c.h\n'}
[0.351122] (as2_msgs) StdoutLine: {'line': b'-- Up-to-date symlink: /home/developer/aerostack2_ws/install/as2_msgs/include/as2_msgs/as2_msgs/msg/detail/behavior_status__rosidl_typesupport_introspection_c.h\n'}
[0.351226] (as2_msgs) StdoutLine: {'line': b'-- Up-to-date symlink: /home/developer/aerostack2_ws/install/as2_msgs/include/as2_msgs/as2_msgs/msg/detail/control_mode__rosidl_typesupport_introspection_c.h\n'}
[0.351329] (as2_msgs) StdoutLine: {'line': b'-- Up-to-date symlink: /home/developer/aerostack2_ws/install/as2_msgs/include/as2_msgs/as2_msgs/msg/detail/controller_info__rosidl_typesupport_introspection_c.h\n'}
[0.351464] (as2_msgs) StdoutLine: {'line': b'-- Up-to-date symlink: /home/developer/aerostack2_ws/install/as2_msgs/include/as2_msgs/as2_msgs/msg/detail/follow_target_info__rosidl_typesupport_introspection_c.h\n'}
[0.351559] (as2_msgs) StdoutLine: {'line': b'-- Up-to-date symlink: /home/developer/aerostack2_ws/install/as2_msgs/include/as2_msgs/as2_msgs/msg/detail/geozone__rosidl_typesupport_introspection_c.h\n'}
[0.351669] (as2_msgs) StdoutLine: {'line': b'-- Up-to-date symlink: /home/developer/aerostack2_ws/install/as2_msgs/include/as2_msgs/as2_msgs/msg/detail/gimbal_control__rosidl_typesupport_introspection_c.h\n'}
[0.351767] (as2_msgs) StdoutLine: {'line': b'-- Up-to-date symlink: /home/developer/aerostack2_ws/install/as2_msgs/include/as2_msgs/as2_msgs/msg/detail/mission_event__rosidl_typesupport_introspection_c.h\n'}
[0.351865] (as2_msgs) StdoutLine: {'line': b'-- Up-to-date symlink: /home/developer/aerostack2_ws/install/as2_msgs/include/as2_msgs/as2_msgs/msg/detail/mission_update__rosidl_typesupport_introspection_c.h\n'}
[0.351966] (as2_msgs) StdoutLine: {'line': b'-- Up-to-date symlink: /home/developer/aerostack2_ws/install/as2_msgs/include/as2_msgs/as2_msgs/msg/detail/node_status__rosidl_typesupport_introspection_c.h\n'}
[0.352080] (as2_msgs) StdoutLine: {'line': b'-- Up-to-date symlink: /home/developer/aerostack2_ws/install/as2_msgs/include/as2_msgs/as2_msgs/msg/detail/platform_info__rosidl_typesupport_introspection_c.h\n'}
[0.352190] (as2_msgs) StdoutLine: {'line': b'-- Up-to-date symlink: /home/developer/aerostack2_ws/install/as2_msgs/include/as2_msgs/as2_msgs/msg/detail/platform_state_machine_event__rosidl_typesupport_introspection_c.h\n'}
[0.352301] (as2_msgs) StdoutLine: {'line': b'-- Up-to-date symlink: /home/developer/aerostack2_ws/install/as2_msgs/include/as2_msgs/as2_msgs/msg/detail/platform_status__rosidl_typesupport_introspection_c.h\n'}
[0.352400] (as2_msgs) StdoutLine: {'line': b'-- Up-to-date symlink: /home/developer/aerostack2_ws/install/as2_msgs/include/as2_msgs/as2_msgs/msg/detail/polygon_list__rosidl_typesupport_introspection_c.h\n'}
[0.352499] (as2_msgs) StdoutLine: {'line': b'-- Up-to-date symlink: /home/developer/aerostack2_ws/install/as2_msgs/include/as2_msgs/as2_msgs/msg/detail/pose_stamped_with_id__rosidl_typesupport_introspection_c.h\n'}
[0.352603] (as2_msgs) StdoutLine: {'line': b'-- Up-to-date symlink: /home/developer/aerostack2_ws/install/as2_msgs/include/as2_msgs/as2_msgs/msg/detail/pose_stamped_with_id_array__rosidl_typesupport_introspection_c.h\n'}
[0.352716] (as2_msgs) StdoutLine: {'line': b'-- Up-to-date symlink: /home/developer/aerostack2_ws/install/as2_msgs/include/as2_msgs/as2_msgs/msg/detail/pose_with_id__rosidl_typesupport_introspection_c.h\n'}
[0.352830] (as2_msgs) StdoutLine: {'line': b'-- Up-to-date symlink: /home/developer/aerostack2_ws/install/as2_msgs/include/as2_msgs/as2_msgs/msg/detail/pose_with_id_array__rosidl_typesupport_introspection_c.h\n'}
[0.352924] (as2_msgs) StdoutLine: {'line': b'-- Up-to-date symlink: /home/developer/aerostack2_ws/install/as2_msgs/include/as2_msgs/as2_msgs/msg/detail/speed__rosidl_typesupport_introspection_c.h\n'}
[0.353026] (as2_msgs) StdoutLine: {'line': b'-- Up-to-date symlink: /home/developer/aerostack2_ws/install/as2_msgs/include/as2_msgs/as2_msgs/msg/detail/thrust__rosidl_typesupport_introspection_c.h\n'}
[0.353126] (as2_msgs) StdoutLine: {'line': b'-- Up-to-date symlink: /home/developer/aerostack2_ws/install/as2_msgs/include/as2_msgs/as2_msgs/msg/detail/traj_gen_info__rosidl_typesupport_introspection_c.h\n'}
[0.353248] (as2_msgs) StdoutLine: {'line': b'-- Up-to-date symlink: /home/developer/aerostack2_ws/install/as2_msgs/include/as2_msgs/as2_msgs/msg/detail/trajectory_point__rosidl_typesupport_introspection_c.h\n'}
[0.353331] (as2_msgs) StdoutLine: {'line': b'-- Up-to-date symlink: /home/developer/aerostack2_ws/install/as2_msgs/include/as2_msgs/as2_msgs/msg/detail/trajectory_setpoints__rosidl_typesupport_introspection_c.h\n'}
[0.353434] (as2_msgs) StdoutLine: {'line': b'-- Up-to-date symlink: /home/developer/aerostack2_ws/install/as2_msgs/include/as2_msgs/as2_msgs/msg/detail/u_int16_multi_array_stamped__rosidl_typesupport_introspection_c.h\n'}
[0.353536] (as2_msgs) StdoutLine: {'line': b'-- Up-to-date symlink: /home/developer/aerostack2_ws/install/as2_msgs/include/as2_msgs/as2_msgs/msg/detail/yaw_mode__rosidl_typesupport_introspection_c.h\n'}
[0.353820] (as2_msgs) StdoutLine: {'line': b'-- Up-to-date symlink: /home/developer/aerostack2_ws/install/as2_msgs/include/as2_msgs/as2_msgs/msg/rosidl_typesupport_introspection_c__visibility_control.h\n'}
[0.353912] (as2_msgs) StdoutLine: {'line': b'-- Up-to-date symlink: /home/developer/aerostack2_ws/install/as2_msgs/include/as2_msgs/as2_msgs/srv/detail/add_static_transform__rosidl_typesupport_introspection_c.h\n'}
[0.354022] (as2_msgs) StdoutLine: {'line': b'-- Up-to-date symlink: /home/developer/aerostack2_ws/install/as2_msgs/include/as2_msgs/as2_msgs/srv/detail/add_static_transform_gps__rosidl_typesupport_introspection_c.h\n'}
[0.354123] (as2_msgs) StdoutLine: {'line': b'-- Up-to-date symlink: /home/developer/aerostack2_ws/install/as2_msgs/include/as2_msgs/as2_msgs/srv/detail/dynamic_follower__rosidl_typesupport_introspection_c.h\n'}
[0.354233] (as2_msgs) StdoutLine: {'line': b'-- Up-to-date symlink: /home/developer/aerostack2_ws/install/as2_msgs/include/as2_msgs/as2_msgs/srv/detail/dynamic_land__rosidl_typesupport_introspection_c.h\n'}
[0.354477] (as2_msgs) StdoutLine: {'line': b'-- Up-to-date symlink: /home/developer/aerostack2_ws/install/as2_msgs/include/as2_msgs/as2_msgs/srv/detail/geopath_to_path__rosidl_typesupport_introspection_c.h\n'}
[0.354538] (as2_msgs) StdoutLine: {'line': b'-- Up-to-date symlink: /home/developer/aerostack2_ws/install/as2_msgs/include/as2_msgs/as2_msgs/srv/detail/get_geozone__rosidl_typesupport_introspection_c.h\n'}
[0.354647] (as2_msgs) StdoutLine: {'line': b'-- Up-to-date symlink: /home/developer/aerostack2_ws/install/as2_msgs/include/as2_msgs/as2_msgs/srv/detail/get_origin__rosidl_typesupport_introspection_c.h\n'}
[0.354746] (as2_msgs) StdoutLine: {'line': b'-- Up-to-date symlink: /home/developer/aerostack2_ws/install/as2_msgs/include/as2_msgs/as2_msgs/srv/detail/list_control_modes__rosidl_typesupport_introspection_c.h\n'}
[0.354801] (as2_msgs) StdoutLine: {'line': b'-- Up-to-date symlink: /home/developer/aerostack2_ws/install/as2_msgs/include/as2_msgs/as2_msgs/srv/detail/modify_swarm__rosidl_typesupport_introspection_c.h\n'}
[0.354909] (as2_msgs) StdoutLine: {'line': b'-- Up-to-date symlink: /home/developer/aerostack2_ws/install/as2_msgs/include/as2_msgs/as2_msgs/srv/detail/package_pick_up__rosidl_typesupport_introspection_c.h\n'}
[0.355008] (as2_msgs) StdoutLine: {'line': b'-- Up-to-date symlink: /home/developer/aerostack2_ws/install/as2_msgs/include/as2_msgs/as2_msgs/srv/detail/package_un_pick__rosidl_typesupport_introspection_c.h\n'}
[0.355063] (as2_msgs) StdoutLine: {'line': b'-- Up-to-date symlink: /home/developer/aerostack2_ws/install/as2_msgs/include/as2_msgs/as2_msgs/srv/detail/path_to_geopath__rosidl_typesupport_introspection_c.h\n'}
[0.355178] (as2_msgs) StdoutLine: {'line': b'-- Up-to-date symlink: /home/developer/aerostack2_ws/install/as2_msgs/include/as2_msgs/as2_msgs/srv/detail/set_control_mode__rosidl_typesupport_introspection_c.h\n'}
[0.355363] (as2_msgs) StdoutLine: {'line': b'-- Up-to-date symlink: /home/developer/aerostack2_ws/install/as2_msgs/include/as2_msgs/as2_msgs/srv/detail/set_geozone__rosidl_typesupport_introspection_c.h\n'}
[0.355388] (as2_msgs) StdoutLine: {'line': b'-- Up-to-date symlink: /home/developer/aerostack2_ws/install/as2_msgs/include/as2_msgs/as2_msgs/srv/detail/set_origin__rosidl_typesupport_introspection_c.h\n'}
[0.355538] (as2_msgs) StdoutLine: {'line': b'-- Up-to-date symlink: /home/developer/aerostack2_ws/install/as2_msgs/include/as2_msgs/as2_msgs/srv/detail/set_platform_state_machine_event__rosidl_typesupport_introspection_c.h\n'}
[0.355642] (as2_msgs) StdoutLine: {'line': b'-- Up-to-date symlink: /home/developer/aerostack2_ws/install/as2_msgs/include/as2_msgs/as2_msgs/srv/detail/set_speed__rosidl_typesupport_introspection_c.h\n'}
[0.357510] (as2_msgs) StdoutLine: {'line': b'-- Up-to-date symlink: /home/developer/aerostack2_ws/install/as2_msgs/include/as2_msgs/as2_msgs/action/detail/detect_aruco_markers__builder.hpp\n'}
[0.357548] (as2_msgs) StdoutLine: {'line': b'-- Up-to-date symlink: /home/developer/aerostack2_ws/install/as2_msgs/include/as2_msgs/as2_msgs/action/detail/detect_aruco_markers__struct.hpp\n'}
[0.357667] (as2_msgs) StdoutLine: {'line': b'-- Up-to-date symlink: /home/developer/aerostack2_ws/install/as2_msgs/include/as2_msgs/as2_msgs/action/detail/detect_aruco_markers__traits.hpp\n'}
[0.357728] (as2_msgs) StdoutLine: {'line': b'-- Up-to-date symlink: /home/developer/aerostack2_ws/install/as2_msgs/include/as2_msgs/as2_msgs/action/detail/detect_aruco_markers__type_support.hpp\n'}
[0.357833] (as2_msgs) StdoutLine: {'line': b'-- Up-to-date symlink: /home/developer/aerostack2_ws/install/as2_msgs/include/as2_msgs/as2_msgs/action/detail/follow_path__builder.hpp\n'}
[0.358009] (as2_msgs) StdoutLine: {'line': b'-- Up-to-date symlink: /home/developer/aerostack2_ws/install/as2_msgs/include/as2_msgs/as2_msgs/action/detail/follow_path__struct.hpp\n'}
[0.358048] (as2_msgs) StdoutLine: {'line': b'-- Up-to-date symlink: /home/developer/aerostack2_ws/install/as2_msgs/include/as2_msgs/as2_msgs/action/detail/follow_path__traits.hpp\n'}
[0.358166] (as2_msgs) StdoutLine: {'line': b'-- Up-to-date symlink: /home/developer/aerostack2_ws/install/as2_msgs/include/as2_msgs/as2_msgs/action/detail/follow_path__type_support.hpp\n'}
[0.358268] (as2_msgs) StdoutLine: {'line': b'-- Up-to-date symlink: /home/developer/aerostack2_ws/install/as2_msgs/include/as2_msgs/as2_msgs/action/detail/follow_reference__builder.hpp\n'}
[0.358404] (as2_msgs) StdoutLine: {'line': b'-- Up-to-date symlink: /home/developer/aerostack2_ws/install/as2_msgs/include/as2_msgs/as2_msgs/action/detail/follow_reference__struct.hpp\n'}
[0.358875] (as2_msgs) StdoutLine: {'line': b'-- Up-to-date symlink: /home/developer/aerostack2_ws/install/as2_msgs/include/as2_msgs/as2_msgs/action/detail/follow_reference__traits.hpp\n'}
[0.358934] (as2_msgs) StdoutLine: {'line': b'-- Up-to-date symlink: /home/developer/aerostack2_ws/install/as2_msgs/include/as2_msgs/as2_msgs/action/detail/follow_reference__type_support.hpp\n'}
[0.358983] (as2_msgs) StdoutLine: {'line': b'-- Up-to-date symlink: /home/developer/aerostack2_ws/install/as2_msgs/include/as2_msgs/as2_msgs/action/detail/force_estimation__builder.hpp\n'}
[0.359097] (as2_msgs) StdoutLine: {'line': b'-- Up-to-date symlink: /home/developer/aerostack2_ws/install/as2_msgs/include/as2_msgs/as2_msgs/action/detail/force_estimation__struct.hpp\n'}
[0.359210] (as2_msgs) StdoutLine: {'line': b'-- Up-to-date symlink: /home/developer/aerostack2_ws/install/as2_msgs/include/as2_msgs/as2_msgs/action/detail/force_estimation__traits.hpp\n'}
[0.359327] (as2_msgs) StdoutLine: {'line': b'-- Up-to-date symlink: /home/developer/aerostack2_ws/install/as2_msgs/include/as2_msgs/as2_msgs/action/detail/force_estimation__type_support.hpp\n'}
[0.359434] (as2_msgs) StdoutLine: {'line': b'-- Up-to-date symlink: /home/developer/aerostack2_ws/install/as2_msgs/include/as2_msgs/as2_msgs/action/detail/generate_polynomial_trajectory__builder.hpp\n'}
[0.359545] (as2_msgs) StdoutLine: {'line': b'-- Up-to-date symlink: /home/developer/aerostack2_ws/install/as2_msgs/include/as2_msgs/as2_msgs/action/detail/generate_polynomial_trajectory__struct.hpp\n'}
[0.359664] (as2_msgs) StdoutLine: {'line': b'-- Up-to-date symlink: /home/developer/aerostack2_ws/install/as2_msgs/include/as2_msgs/as2_msgs/action/detail/generate_polynomial_trajectory__traits.hpp\n'}
[0.359777] (as2_msgs) StdoutLine: {'line': b'-- Up-to-date symlink: /home/developer/aerostack2_ws/install/as2_msgs/include/as2_msgs/as2_msgs/action/detail/generate_polynomial_trajectory__type_support.hpp\n'}
[0.359893] (as2_msgs) StdoutLine: {'line': b'-- Up-to-date symlink: /home/developer/aerostack2_ws/install/as2_msgs/include/as2_msgs/as2_msgs/action/detail/go_to_waypoint__builder.hpp\n'}
[0.360163] (as2_msgs) StdoutLine: {'line': b'-- Up-to-date symlink: /home/developer/aerostack2_ws/install/as2_msgs/include/as2_msgs/as2_msgs/action/detail/go_to_waypoint__struct.hpp\n'}
[0.360221] (as2_msgs) StdoutLine: {'line': b'-- Up-to-date symlink: /home/developer/aerostack2_ws/install/as2_msgs/include/as2_msgs/as2_msgs/action/detail/go_to_waypoint__traits.hpp\n'}
[0.360471] (as2_msgs) StdoutLine: {'line': b'-- Up-to-date symlink: /home/developer/aerostack2_ws/install/as2_msgs/include/as2_msgs/as2_msgs/action/detail/go_to_waypoint__type_support.hpp\n'}
[0.360577] (as2_msgs) StdoutLine: {'line': b'-- Up-to-date symlink: /home/developer/aerostack2_ws/install/as2_msgs/include/as2_msgs/as2_msgs/action/detail/gripper_handler__builder.hpp\n'}
[0.360674] (as2_msgs) StdoutLine: {'line': b'-- Up-to-date symlink: /home/developer/aerostack2_ws/install/as2_msgs/include/as2_msgs/as2_msgs/action/detail/gripper_handler__struct.hpp\n'}
[0.360773] (as2_msgs) StdoutLine: {'line': b'-- Up-to-date symlink: /home/developer/aerostack2_ws/install/as2_msgs/include/as2_msgs/as2_msgs/action/detail/gripper_handler__traits.hpp\n'}
[0.360833] (as2_msgs) StdoutLine: {'line': b'-- Up-to-date symlink: /home/developer/aerostack2_ws/install/as2_msgs/include/as2_msgs/as2_msgs/action/detail/gripper_handler__type_support.hpp\n'}
[0.360893] (as2_msgs) StdoutLine: {'line': b'-- Up-to-date symlink: /home/developer/aerostack2_ws/install/as2_msgs/include/as2_msgs/as2_msgs/action/detail/land__builder.hpp\n'}
[0.361012] (as2_msgs) StdoutLine: {'line': b'-- Up-to-date symlink: /home/developer/aerostack2_ws/install/as2_msgs/include/as2_msgs/as2_msgs/action/detail/land__struct.hpp\n'}
[0.361110] (as2_msgs) StdoutLine: {'line': b'-- Up-to-date symlink: /home/developer/aerostack2_ws/install/as2_msgs/include/as2_msgs/as2_msgs/action/detail/land__traits.hpp\n'}
[0.361214] (as2_msgs) StdoutLine: {'line': b'-- Up-to-date symlink: /home/developer/aerostack2_ws/install/as2_msgs/include/as2_msgs/as2_msgs/action/detail/land__type_support.hpp\n'}
[0.361326] (as2_msgs) StdoutLine: {'line': b'-- Up-to-date symlink: /home/developer/aerostack2_ws/install/as2_msgs/include/as2_msgs/as2_msgs/action/detail/mass_estimation__builder.hpp\n'}
[0.361381] (as2_msgs) StdoutLine: {'line': b'-- Up-to-date symlink: /home/developer/aerostack2_ws/install/as2_msgs/include/as2_msgs/as2_msgs/action/detail/mass_estimation__struct.hpp\n'}
[0.361438] (as2_msgs) StdoutLine: {'line': b'-- Up-to-date symlink: /home/developer/aerostack2_ws/install/as2_msgs/include/as2_msgs/as2_msgs/action/detail/mass_estimation__traits.hpp\n'}
[0.361495] (as2_msgs) StdoutLine: {'line': b'-- Up-to-date symlink: /home/developer/aerostack2_ws/install/as2_msgs/include/as2_msgs/as2_msgs/action/detail/mass_estimation__type_support.hpp\n'}
[0.361553] (as2_msgs) StdoutLine: {'line': b'-- Up-to-date symlink: /home/developer/aerostack2_ws/install/as2_msgs/include/as2_msgs/as2_msgs/action/detail/navigate_to_point__builder.hpp\n'}
[0.361612] (as2_msgs) StdoutLine: {'line': b'-- Up-to-date symlink: /home/developer/aerostack2_ws/install/as2_msgs/include/as2_msgs/as2_msgs/action/detail/navigate_to_point__struct.hpp\n'}
[0.361668] (as2_msgs) StdoutLine: {'line': b'-- Up-to-date symlink: /home/developer/aerostack2_ws/install/as2_msgs/include/as2_msgs/as2_msgs/action/detail/navigate_to_point__traits.hpp\n'}
[0.361728] (as2_msgs) StdoutLine: {'line': b'-- Up-to-date symlink: /home/developer/aerostack2_ws/install/as2_msgs/include/as2_msgs/as2_msgs/action/detail/navigate_to_point__type_support.hpp\n'}
[0.361787] (as2_msgs) StdoutLine: {'line': b'-- Up-to-date symlink: /home/developer/aerostack2_ws/install/as2_msgs/include/as2_msgs/as2_msgs/action/detail/point_gimbal__builder.hpp\n'}
[0.361897] (as2_msgs) StdoutLine: {'line': b'-- Up-to-date symlink: /home/developer/aerostack2_ws/install/as2_msgs/include/as2_msgs/as2_msgs/action/detail/point_gimbal__struct.hpp\n'}
[0.362000] (as2_msgs) StdoutLine: {'line': b'-- Up-to-date symlink: /home/developer/aerostack2_ws/install/as2_msgs/include/as2_msgs/as2_msgs/action/detail/point_gimbal__traits.hpp\n'}
[0.362112] (as2_msgs) StdoutLine: {'line': b'-- Up-to-date symlink: /home/developer/aerostack2_ws/install/as2_msgs/include/as2_msgs/as2_msgs/action/detail/point_gimbal__type_support.hpp\n'}
[0.362212] (as2_msgs) StdoutLine: {'line': b'-- Up-to-date symlink: /home/developer/aerostack2_ws/install/as2_msgs/include/as2_msgs/as2_msgs/action/detail/precision_landing__builder.hpp\n'}
[0.362325] (as2_msgs) StdoutLine: {'line': b'-- Up-to-date symlink: /home/developer/aerostack2_ws/install/as2_msgs/include/as2_msgs/as2_msgs/action/detail/precision_landing__struct.hpp\n'}
[0.362446] (as2_msgs) StdoutLine: {'line': b'-- Up-to-date symlink: /home/developer/aerostack2_ws/install/as2_msgs/include/as2_msgs/as2_msgs/action/detail/precision_landing__traits.hpp\n'}
[0.362557] (as2_msgs) StdoutLine: {'line': b'-- Up-to-date symlink: /home/developer/aerostack2_ws/install/as2_msgs/include/as2_msgs/as2_msgs/action/detail/precision_landing__type_support.hpp\n'}
[0.362716] (as2_msgs) StdoutLine: {'line': b'-- Up-to-date symlink: /home/developer/aerostack2_ws/install/as2_msgs/include/as2_msgs/as2_msgs/action/detail/set_arming_state__builder.hpp\n'}
[0.362772] (as2_msgs) StdoutLine: {'line': b'-- Up-to-date symlink: /home/developer/aerostack2_ws/install/as2_msgs/include/as2_msgs/as2_msgs/action/detail/set_arming_state__struct.hpp\n'}
[0.362825] (as2_msgs) StdoutLine: {'line': b'-- Up-to-date symlink: /home/developer/aerostack2_ws/install/as2_msgs/include/as2_msgs/as2_msgs/action/detail/set_arming_state__traits.hpp\n'}
[0.362883] (as2_msgs) StdoutLine: {'line': b'-- Up-to-date symlink: /home/developer/aerostack2_ws/install/as2_msgs/include/as2_msgs/as2_msgs/action/detail/set_arming_state__type_support.hpp\n'}
[0.362943] (as2_msgs) StdoutLine: {'line': b'-- Up-to-date symlink: /home/developer/aerostack2_ws/install/as2_msgs/include/as2_msgs/as2_msgs/action/detail/set_offboard_mode__builder.hpp\n'}
[0.362999] (as2_msgs) StdoutLine: {'line': b'-- Up-to-date symlink: /home/developer/aerostack2_ws/install/as2_msgs/include/as2_msgs/as2_msgs/action/detail/set_offboard_mode__struct.hpp\n'}
[0.363058] (as2_msgs) StdoutLine: {'line': b'-- Up-to-date symlink: /home/developer/aerostack2_ws/install/as2_msgs/include/as2_msgs/as2_msgs/action/detail/set_offboard_mode__traits.hpp\n'}
[0.363161] (as2_msgs) StdoutLine: {'line': b'-- Up-to-date symlink: /home/developer/aerostack2_ws/install/as2_msgs/include/as2_msgs/as2_msgs/action/detail/set_offboard_mode__type_support.hpp\n'}
[0.363282] (as2_msgs) StdoutLine: {'line': b'-- Up-to-date symlink: /home/developer/aerostack2_ws/install/as2_msgs/include/as2_msgs/as2_msgs/action/detail/swarm_flocking__builder.hpp\n'}
[0.363355] (as2_msgs) StdoutLine: {'line': b'-- Up-to-date symlink: /home/developer/aerostack2_ws/install/as2_msgs/include/as2_msgs/as2_msgs/action/detail/swarm_flocking__struct.hpp\n'}
[0.363392] (as2_msgs) StdoutLine: {'line': b'-- Up-to-date symlink: /home/developer/aerostack2_ws/install/as2_msgs/include/as2_msgs/as2_msgs/action/detail/swarm_flocking__traits.hpp\n'}
[0.363449] (as2_msgs) StdoutLine: {'line': b'-- Up-to-date symlink: /home/developer/aerostack2_ws/install/as2_msgs/include/as2_msgs/as2_msgs/action/detail/swarm_flocking__type_support.hpp\n'}
[0.363505] (as2_msgs) StdoutLine: {'line': b'-- Up-to-date symlink: /home/developer/aerostack2_ws/install/as2_msgs/include/as2_msgs/as2_msgs/action/detail/takeoff__builder.hpp\n'}
[0.363618] (as2_msgs) StdoutLine: {'line': b'-- Up-to-date symlink: /home/developer/aerostack2_ws/install/as2_msgs/include/as2_msgs/as2_msgs/action/detail/takeoff__struct.hpp\n'}
[0.363679] (as2_msgs) StdoutLine: {'line': b'-- Up-to-date symlink: /home/developer/aerostack2_ws/install/as2_msgs/include/as2_msgs/as2_msgs/action/detail/takeoff__traits.hpp\n'}
[0.363738] (as2_msgs) StdoutLine: {'line': b'-- Up-to-date symlink: /home/developer/aerostack2_ws/install/as2_msgs/include/as2_msgs/as2_msgs/action/detail/takeoff__type_support.hpp\n'}
[0.363796] (as2_msgs) StdoutLine: {'line': b'-- Up-to-date symlink: /home/developer/aerostack2_ws/install/as2_msgs/include/as2_msgs/as2_msgs/action/detect_aruco_markers.hpp\n'}
[0.363851] (as2_msgs) StdoutLine: {'line': b'-- Up-to-date symlink: /home/developer/aerostack2_ws/install/as2_msgs/include/as2_msgs/as2_msgs/action/follow_path.hpp\n'}
[0.363966] (as2_msgs) StdoutLine: {'line': b'-- Up-to-date symlink: /home/developer/aerostack2_ws/install/as2_msgs/include/as2_msgs/as2_msgs/action/follow_reference.hpp\n'}
[0.364076] (as2_msgs) StdoutLine: {'line': b'-- Up-to-date symlink: /home/developer/aerostack2_ws/install/as2_msgs/include/as2_msgs/as2_msgs/action/force_estimation.hpp\n'}
[0.364205] (as2_msgs) StdoutLine: {'line': b'-- Up-to-date symlink: /home/developer/aerostack2_ws/install/as2_msgs/include/as2_msgs/as2_msgs/action/generate_polynomial_trajectory.hpp\n'}
[0.364293] (as2_msgs) StdoutLine: {'line': b'-- Up-to-date symlink: /home/developer/aerostack2_ws/install/as2_msgs/include/as2_msgs/as2_msgs/action/go_to_waypoint.hpp\n'}
[0.364400] (as2_msgs) StdoutLine: {'line': b'-- Up-to-date symlink: /home/developer/aerostack2_ws/install/as2_msgs/include/as2_msgs/as2_msgs/action/gripper_handler.hpp\n'}
[0.364507] (as2_msgs) StdoutLine: {'line': b'-- Up-to-date symlink: /home/developer/aerostack2_ws/install/as2_msgs/include/as2_msgs/as2_msgs/action/land.hpp\n'}
[0.364614] (as2_msgs) StdoutLine: {'line': b'-- Up-to-date symlink: /home/developer/aerostack2_ws/install/as2_msgs/include/as2_msgs/as2_msgs/action/mass_estimation.hpp\n'}
[0.364720] (as2_msgs) StdoutLine: {'line': b'-- Up-to-date symlink: /home/developer/aerostack2_ws/install/as2_msgs/include/as2_msgs/as2_msgs/action/navigate_to_point.hpp\n'}
[0.364828] (as2_msgs) StdoutLine: {'line': b'-- Up-to-date symlink: /home/developer/aerostack2_ws/install/as2_msgs/include/as2_msgs/as2_msgs/action/point_gimbal.hpp\n'}
[0.364928] (as2_msgs) StdoutLine: {'line': b'-- Up-to-date symlink: /home/developer/aerostack2_ws/install/as2_msgs/include/as2_msgs/as2_msgs/action/precision_landing.hpp\n'}
[0.365055] (as2_msgs) StdoutLine: {'line': b'-- Up-to-date symlink: /home/developer/aerostack2_ws/install/as2_msgs/include/as2_msgs/as2_msgs/action/set_arming_state.hpp\n'}
[0.365134] (as2_msgs) StdoutLine: {'line': b'-- Up-to-date symlink: /home/developer/aerostack2_ws/install/as2_msgs/include/as2_msgs/as2_msgs/action/set_offboard_mode.hpp\n'}
[0.365240] (as2_msgs) StdoutLine: {'line': b'-- Up-to-date symlink: /home/developer/aerostack2_ws/install/as2_msgs/include/as2_msgs/as2_msgs/action/swarm_flocking.hpp\n'}
[0.365337] (as2_msgs) StdoutLine: {'line': b'-- Up-to-date symlink: /home/developer/aerostack2_ws/install/as2_msgs/include/as2_msgs/as2_msgs/action/takeoff.hpp\n'}
[0.365455] (as2_msgs) StdoutLine: {'line': b'-- Up-to-date symlink: /home/developer/aerostack2_ws/install/as2_msgs/include/as2_msgs/as2_msgs/msg/acro.hpp\n'}
[0.365554] (as2_msgs) StdoutLine: {'line': b'-- Up-to-date symlink: /home/developer/aerostack2_ws/install/as2_msgs/include/as2_msgs/as2_msgs/msg/alert_event.hpp\n'}
[0.365659] (as2_msgs) StdoutLine: {'line': b'-- Up-to-date symlink: /home/developer/aerostack2_ws/install/as2_msgs/include/as2_msgs/as2_msgs/msg/behavior_status.hpp\n'}
[0.365759] (as2_msgs) StdoutLine: {'line': b'-- Up-to-date symlink: /home/developer/aerostack2_ws/install/as2_msgs/include/as2_msgs/as2_msgs/msg/control_mode.hpp\n'}
[0.365859] (as2_msgs) StdoutLine: {'line': b'-- Up-to-date symlink: /home/developer/aerostack2_ws/install/as2_msgs/include/as2_msgs/as2_msgs/msg/controller_info.hpp\n'}
[0.365962] (as2_msgs) StdoutLine: {'line': b'-- Up-to-date symlink: /home/developer/aerostack2_ws/install/as2_msgs/include/as2_msgs/as2_msgs/msg/detail/acro__builder.hpp\n'}
[0.366492] (as2_msgs) StdoutLine: {'line': b'-- Up-to-date symlink: /home/developer/aerostack2_ws/install/as2_msgs/include/as2_msgs/as2_msgs/msg/detail/acro__struct.hpp\n'}
[0.366570] (as2_msgs) StdoutLine: {'line': b'-- Up-to-date symlink: /home/developer/aerostack2_ws/install/as2_msgs/include/as2_msgs/as2_msgs/msg/detail/acro__traits.hpp\n'}
[0.366685] (as2_msgs) StdoutLine: {'line': b'-- Up-to-date symlink: /home/developer/aerostack2_ws/install/as2_msgs/include/as2_msgs/as2_msgs/msg/detail/acro__type_support.hpp\n'}
[0.366796] (as2_msgs) StdoutLine: {'line': b'-- Up-to-date symlink: /home/developer/aerostack2_ws/install/as2_msgs/include/as2_msgs/as2_msgs/msg/detail/alert_event__builder.hpp\n'}
[0.366906] (as2_msgs) StdoutLine: {'line': b'-- Up-to-date symlink: /home/developer/aerostack2_ws/install/as2_msgs/include/as2_msgs/as2_msgs/msg/detail/alert_event__struct.hpp\n'}
[0.367017] (as2_msgs) StdoutLine: {'line': b'-- Up-to-date symlink: /home/developer/aerostack2_ws/install/as2_msgs/include/as2_msgs/as2_msgs/msg/detail/alert_event__traits.hpp\n'}
[0.367096] (as2_msgs) StdoutLine: {'line': b'-- Up-to-date symlink: /home/developer/aerostack2_ws/install/as2_msgs/include/as2_msgs/as2_msgs/msg/detail/alert_event__type_support.hpp\n'}
[0.367151] (as2_msgs) StdoutLine: {'line': b'-- Up-to-date symlink: /home/developer/aerostack2_ws/install/as2_msgs/include/as2_msgs/as2_msgs/msg/detail/behavior_status__builder.hpp\n'}
[0.367205] (as2_msgs) StdoutLine: {'line': b'-- Up-to-date symlink: /home/developer/aerostack2_ws/install/as2_msgs/include/as2_msgs/as2_msgs/msg/detail/behavior_status__struct.hpp\n'}
[0.367264] (as2_msgs) StdoutLine: {'line': b'-- Up-to-date symlink: /home/developer/aerostack2_ws/install/as2_msgs/include/as2_msgs/as2_msgs/msg/detail/behavior_status__traits.hpp\n'}
[0.367322] (as2_msgs) StdoutLine: {'line': b'-- Up-to-date symlink: /home/developer/aerostack2_ws/install/as2_msgs/include/as2_msgs/as2_msgs/msg/detail/behavior_status__type_support.hpp\n'}
[0.367432] (as2_msgs) StdoutLine: {'line': b'-- Up-to-date symlink: /home/developer/aerostack2_ws/install/as2_msgs/include/as2_msgs/as2_msgs/msg/detail/control_mode__builder.hpp\n'}
[0.367539] (as2_msgs) StdoutLine: {'line': b'-- Up-to-date symlink: /home/developer/aerostack2_ws/install/as2_msgs/include/as2_msgs/as2_msgs/msg/detail/control_mode__struct.hpp\n'}
[0.367649] (as2_msgs) StdoutLine: {'line': b'-- Up-to-date symlink: /home/developer/aerostack2_ws/install/as2_msgs/include/as2_msgs/as2_msgs/msg/detail/control_mode__traits.hpp\n'}
[0.367806] (as2_msgs) StdoutLine: {'line': b'-- Up-to-date symlink: /home/developer/aerostack2_ws/install/as2_msgs/include/as2_msgs/as2_msgs/msg/detail/control_mode__type_support.hpp\n'}
[0.367903] (as2_msgs) StdoutLine: {'line': b'-- Up-to-date symlink: /home/developer/aerostack2_ws/install/as2_msgs/include/as2_msgs/as2_msgs/msg/detail/controller_info__builder.hpp\n'}
[0.368014] (as2_msgs) StdoutLine: {'line': b'-- Up-to-date symlink: /home/developer/aerostack2_ws/install/as2_msgs/include/as2_msgs/as2_msgs/msg/detail/controller_info__struct.hpp\n'}
[0.368126] (as2_msgs) StdoutLine: {'line': b'-- Up-to-date symlink: /home/developer/aerostack2_ws/install/as2_msgs/include/as2_msgs/as2_msgs/msg/detail/controller_info__traits.hpp\n'}
[0.368217] (as2_msgs) StdoutLine: {'line': b'-- Up-to-date symlink: /home/developer/aerostack2_ws/install/as2_msgs/include/as2_msgs/as2_msgs/msg/detail/controller_info__type_support.hpp\n'}
[0.368360] (as2_msgs) StdoutLine: {'line': b'-- Up-to-date symlink: /home/developer/aerostack2_ws/install/as2_msgs/include/as2_msgs/as2_msgs/msg/detail/follow_target_info__builder.hpp\n'}
[0.368434] (as2_msgs) StdoutLine: {'line': b'-- Up-to-date symlink: /home/developer/aerostack2_ws/install/as2_msgs/include/as2_msgs/as2_msgs/msg/detail/follow_target_info__struct.hpp\n'}
[0.368543] (as2_msgs) StdoutLine: {'line': b'-- Up-to-date symlink: /home/developer/aerostack2_ws/install/as2_msgs/include/as2_msgs/as2_msgs/msg/detail/follow_target_info__traits.hpp\n'}
[0.368644] (as2_msgs) StdoutLine: {'line': b'-- Up-to-date symlink: /home/developer/aerostack2_ws/install/as2_msgs/include/as2_msgs/as2_msgs/msg/detail/follow_target_info__type_support.hpp\n'}
[0.368764] (as2_msgs) StdoutLine: {'line': b'-- Up-to-date symlink: /home/developer/aerostack2_ws/install/as2_msgs/include/as2_msgs/as2_msgs/msg/detail/geozone__builder.hpp\n'}
[0.368878] (as2_msgs) StdoutLine: {'line': b'-- Up-to-date symlink: /home/developer/aerostack2_ws/install/as2_msgs/include/as2_msgs/as2_msgs/msg/detail/geozone__struct.hpp\n'}
[0.368989] (as2_msgs) StdoutLine: {'line': b'-- Up-to-date symlink: /home/developer/aerostack2_ws/install/as2_msgs/include/as2_msgs/as2_msgs/msg/detail/geozone__traits.hpp\n'}
[0.369141] (as2_msgs) StdoutLine: {'line': b'-- Up-to-date symlink: /home/developer/aerostack2_ws/install/as2_msgs/include/as2_msgs/as2_msgs/msg/detail/geozone__type_support.hpp\n'}
[0.369252] (as2_msgs) StdoutLine: {'line': b'-- Up-to-date symlink: /home/developer/aerostack2_ws/install/as2_msgs/include/as2_msgs/as2_msgs/msg/detail/gimbal_control__builder.hpp\n'}
[0.369368] (as2_msgs) StdoutLine: {'line': b'-- Up-to-date symlink: /home/developer/aerostack2_ws/install/as2_msgs/include/as2_msgs/as2_msgs/msg/detail/gimbal_control__struct.hpp\n'}
[0.369474] (as2_msgs) StdoutLine: {'line': b'-- Up-to-date symlink: /home/developer/aerostack2_ws/install/as2_msgs/include/as2_msgs/as2_msgs/msg/detail/gimbal_control__traits.hpp\n'}
[0.369581] (as2_msgs) StdoutLine: {'line': b'-- Up-to-date symlink: /home/developer/aerostack2_ws/install/as2_msgs/include/as2_msgs/as2_msgs/msg/detail/gimbal_control__type_support.hpp\n'}
[0.369693] (as2_msgs) StdoutLine: {'line': b'-- Up-to-date symlink: /home/developer/aerostack2_ws/install/as2_msgs/include/as2_msgs/as2_msgs/msg/detail/mission_event__builder.hpp\n'}
[0.369809] (as2_msgs) StdoutLine: {'line': b'-- Up-to-date symlink: /home/developer/aerostack2_ws/install/as2_msgs/include/as2_msgs/as2_msgs/msg/detail/mission_event__struct.hpp\n'}
[0.369934] (as2_msgs) StdoutLine: {'line': b'-- Up-to-date symlink: /home/developer/aerostack2_ws/install/as2_msgs/include/as2_msgs/as2_msgs/msg/detail/mission_event__traits.hpp\n'}
[0.370047] (as2_msgs) StdoutLine: {'line': b'-- Up-to-date symlink: /home/developer/aerostack2_ws/install/as2_msgs/include/as2_msgs/as2_msgs/msg/detail/mission_event__type_support.hpp\n'}
[0.370204] (as2_msgs) StdoutLine: {'line': b'-- Up-to-date symlink: /home/developer/aerostack2_ws/install/as2_msgs/include/as2_msgs/as2_msgs/msg/detail/mission_update__builder.hpp\n'}
[0.370308] (as2_msgs) StdoutLine: {'line': b'-- Up-to-date symlink: /home/developer/aerostack2_ws/install/as2_msgs/include/as2_msgs/as2_msgs/msg/detail/mission_update__struct.hpp\n'}
[0.370409] (as2_msgs) StdoutLine: {'line': b'-- Up-to-date symlink: /home/developer/aerostack2_ws/install/as2_msgs/include/as2_msgs/as2_msgs/msg/detail/mission_update__traits.hpp\n'}
[0.370514] (as2_msgs) StdoutLine: {'line': b'-- Up-to-date symlink: /home/developer/aerostack2_ws/install/as2_msgs/include/as2_msgs/as2_msgs/msg/detail/mission_update__type_support.hpp\n'}
[0.370616] (as2_msgs) StdoutLine: {'line': b'-- Up-to-date symlink: /home/developer/aerostack2_ws/install/as2_msgs/include/as2_msgs/as2_msgs/msg/detail/node_status__builder.hpp\n'}
[0.370728] (as2_msgs) StdoutLine: {'line': b'-- Up-to-date symlink: /home/developer/aerostack2_ws/install/as2_msgs/include/as2_msgs/as2_msgs/msg/detail/node_status__struct.hpp\n'}
[0.370831] (as2_msgs) StdoutLine: {'line': b'-- Up-to-date symlink: /home/developer/aerostack2_ws/install/as2_msgs/include/as2_msgs/as2_msgs/msg/detail/node_status__traits.hpp\n'}
[0.370938] (as2_msgs) StdoutLine: {'line': b'-- Up-to-date symlink: /home/developer/aerostack2_ws/install/as2_msgs/include/as2_msgs/as2_msgs/msg/detail/node_status__type_support.hpp\n'}
[0.371009] (as2_msgs) StdoutLine: {'line': b'-- Up-to-date symlink: /home/developer/aerostack2_ws/install/as2_msgs/include/as2_msgs/as2_msgs/msg/detail/platform_info__builder.hpp\n'}
[0.371067] (as2_msgs) StdoutLine: {'line': b'-- Up-to-date symlink: /home/developer/aerostack2_ws/install/as2_msgs/include/as2_msgs/as2_msgs/msg/detail/platform_info__struct.hpp\n'}
[0.371121] (as2_msgs) StdoutLine: {'line': b'-- Up-to-date symlink: /home/developer/aerostack2_ws/install/as2_msgs/include/as2_msgs/as2_msgs/msg/detail/platform_info__traits.hpp\n'}
[0.371231] (as2_msgs) StdoutLine: {'line': b'-- Up-to-date symlink: /home/developer/aerostack2_ws/install/as2_msgs/include/as2_msgs/as2_msgs/msg/detail/platform_info__type_support.hpp\n'}
[0.371341] (as2_msgs) StdoutLine: {'line': b'-- Up-to-date symlink: /home/developer/aerostack2_ws/install/as2_msgs/include/as2_msgs/as2_msgs/msg/detail/platform_state_machine_event__builder.hpp\n'}
[0.371456] (as2_msgs) StdoutLine: {'line': b'-- Up-to-date symlink: /home/developer/aerostack2_ws/install/as2_msgs/include/as2_msgs/as2_msgs/msg/detail/platform_state_machine_event__struct.hpp\n'}
[0.371562] (as2_msgs) StdoutLine: {'line': b'-- Up-to-date symlink: /home/developer/aerostack2_ws/install/as2_msgs/include/as2_msgs/as2_msgs/msg/detail/platform_state_machine_event__traits.hpp\n'}
[0.371694] (as2_msgs) StdoutLine: {'line': b'-- Up-to-date symlink: /home/developer/aerostack2_ws/install/as2_msgs/include/as2_msgs/as2_msgs/msg/detail/platform_state_machine_event__type_support.hpp\n'}
[0.371794] (as2_msgs) StdoutLine: {'line': b'-- Up-to-date symlink: /home/developer/aerostack2_ws/install/as2_msgs/include/as2_msgs/as2_msgs/msg/detail/platform_status__builder.hpp\n'}
[0.371898] (as2_msgs) StdoutLine: {'line': b'-- Up-to-date symlink: /home/developer/aerostack2_ws/install/as2_msgs/include/as2_msgs/as2_msgs/msg/detail/platform_status__struct.hpp\n'}
[0.372055] (as2_msgs) StdoutLine: {'line': b'-- Up-to-date symlink: /home/developer/aerostack2_ws/install/as2_msgs/include/as2_msgs/as2_msgs/msg/detail/platform_status__traits.hpp\n'}
[0.372157] (as2_msgs) StdoutLine: {'line': b'-- Up-to-date symlink: /home/developer/aerostack2_ws/install/as2_msgs/include/as2_msgs/as2_msgs/msg/detail/platform_status__type_support.hpp\n'}
[0.372290] (as2_msgs) StdoutLine: {'line': b'-- Up-to-date symlink: /home/developer/aerostack2_ws/install/as2_msgs/include/as2_msgs/as2_msgs/msg/detail/polygon_list__builder.hpp\n'}
[0.372370] (as2_msgs) StdoutLine: {'line': b'-- Up-to-date symlink: /home/developer/aerostack2_ws/install/as2_msgs/include/as2_msgs/as2_msgs/msg/detail/polygon_list__struct.hpp\n'}
[0.372478] (as2_msgs) StdoutLine: {'line': b'-- Up-to-date symlink: /home/developer/aerostack2_ws/install/as2_msgs/include/as2_msgs/as2_msgs/msg/detail/polygon_list__traits.hpp\n'}
[0.372578] (as2_msgs) StdoutLine: {'line': b'-- Up-to-date symlink: /home/developer/aerostack2_ws/install/as2_msgs/include/as2_msgs/as2_msgs/msg/detail/polygon_list__type_support.hpp\n'}
[0.372695] (as2_msgs) StdoutLine: {'line': b'-- Up-to-date symlink: /home/developer/aerostack2_ws/install/as2_msgs/include/as2_msgs/as2_msgs/msg/detail/pose_stamped_with_id__builder.hpp\n'}
[0.372795] (as2_msgs) StdoutLine: {'line': b'-- Up-to-date symlink: /home/developer/aerostack2_ws/install/as2_msgs/include/as2_msgs/as2_msgs/msg/detail/pose_stamped_with_id__struct.hpp\n'}
[0.372962] (as2_msgs) StdoutLine: {'line': b'-- Up-to-date symlink: /home/developer/aerostack2_ws/install/as2_msgs/include/as2_msgs/as2_msgs/msg/detail/pose_stamped_with_id__traits.hpp\n'}
[0.373024] (as2_msgs) StdoutLine: {'line': b'-- Up-to-date symlink: /home/developer/aerostack2_ws/install/as2_msgs/include/as2_msgs/as2_msgs/msg/detail/pose_stamped_with_id__type_support.hpp\n'}
[0.373083] (as2_msgs) StdoutLine: {'line': b'-- Up-to-date symlink: /home/developer/aerostack2_ws/install/as2_msgs/include/as2_msgs/as2_msgs/msg/detail/pose_stamped_with_id_array__builder.hpp\n'}
[0.373143] (as2_msgs) StdoutLine: {'line': b'-- Up-to-date symlink: /home/developer/aerostack2_ws/install/as2_msgs/include/as2_msgs/as2_msgs/msg/detail/pose_stamped_with_id_array__struct.hpp\n'}
[0.373200] (as2_msgs) StdoutLine: {'line': b'-- Up-to-date symlink: /home/developer/aerostack2_ws/install/as2_msgs/include/as2_msgs/as2_msgs/msg/detail/pose_stamped_with_id_array__traits.hpp\n'}
[0.373260] (as2_msgs) StdoutLine: {'line': b'-- Up-to-date symlink: /home/developer/aerostack2_ws/install/as2_msgs/include/as2_msgs/as2_msgs/msg/detail/pose_stamped_with_id_array__type_support.hpp\n'}
[0.373319] (as2_msgs) StdoutLine: {'line': b'-- Up-to-date symlink: /home/developer/aerostack2_ws/install/as2_msgs/include/as2_msgs/as2_msgs/msg/detail/pose_with_id__builder.hpp\n'}
[0.373379] (as2_msgs) StdoutLine: {'line': b'-- Up-to-date symlink: /home/developer/aerostack2_ws/install/as2_msgs/include/as2_msgs/as2_msgs/msg/detail/pose_with_id__struct.hpp\n'}
[0.373441] (as2_msgs) StdoutLine: {'line': b'-- Up-to-date symlink: /home/developer/aerostack2_ws/install/as2_msgs/include/as2_msgs/as2_msgs/msg/detail/pose_with_id__traits.hpp\n'}
[0.373551] (as2_msgs) StdoutLine: {'line': b'-- Up-to-date symlink: /home/developer/aerostack2_ws/install/as2_msgs/include/as2_msgs/as2_msgs/msg/detail/pose_with_id__type_support.hpp\n'}
[0.373665] (as2_msgs) StdoutLine: {'line': b'-- Up-to-date symlink: /home/developer/aerostack2_ws/install/as2_msgs/include/as2_msgs/as2_msgs/msg/detail/pose_with_id_array__builder.hpp\n'}
[0.373785] (as2_msgs) StdoutLine: {'line': b'-- Up-to-date symlink: /home/developer/aerostack2_ws/install/as2_msgs/include/as2_msgs/as2_msgs/msg/detail/pose_with_id_array__struct.hpp\n'}
[0.373886] (as2_msgs) StdoutLine: {'line': b'-- Up-to-date symlink: /home/developer/aerostack2_ws/install/as2_msgs/include/as2_msgs/as2_msgs/msg/detail/pose_with_id_array__traits.hpp\n'}
[0.374001] (as2_msgs) StdoutLine: {'line': b'-- Up-to-date symlink: /home/developer/aerostack2_ws/install/as2_msgs/include/as2_msgs/as2_msgs/msg/detail/pose_with_id_array__type_support.hpp\n'}
[0.374125] (as2_msgs) StdoutLine: {'line': b'-- Up-to-date symlink: /home/developer/aerostack2_ws/install/as2_msgs/include/as2_msgs/as2_msgs/msg/detail/speed__builder.hpp\n'}
[0.374234] (as2_msgs) StdoutLine: {'line': b'-- Up-to-date symlink: /home/developer/aerostack2_ws/install/as2_msgs/include/as2_msgs/as2_msgs/msg/detail/speed__struct.hpp\n'}
[0.374317] (as2_msgs) StdoutLine: {'line': b'-- Up-to-date symlink: /home/developer/aerostack2_ws/install/as2_msgs/include/as2_msgs/as2_msgs/msg/detail/speed__traits.hpp\n'}
[0.374455] (as2_msgs) StdoutLine: {'line': b'-- Up-to-date symlink: /home/developer/aerostack2_ws/install/as2_msgs/include/as2_msgs/as2_msgs/msg/detail/speed__type_support.hpp\n'}
[0.374557] (as2_msgs) StdoutLine: {'line': b'-- Up-to-date symlink: /home/developer/aerostack2_ws/install/as2_msgs/include/as2_msgs/as2_msgs/msg/detail/thrust__builder.hpp\n'}
[0.374657] (as2_msgs) StdoutLine: {'line': b'-- Up-to-date symlink: /home/developer/aerostack2_ws/install/as2_msgs/include/as2_msgs/as2_msgs/msg/detail/thrust__struct.hpp\n'}
[0.374757] (as2_msgs) StdoutLine: {'line': b'-- Up-to-date symlink: /home/developer/aerostack2_ws/install/as2_msgs/include/as2_msgs/as2_msgs/msg/detail/thrust__traits.hpp\n'}
[0.374861] (as2_msgs) StdoutLine: {'line': b'-- Up-to-date symlink: /home/developer/aerostack2_ws/install/as2_msgs/include/as2_msgs/as2_msgs/msg/detail/thrust__type_support.hpp\n'}
[0.374974] (as2_msgs) StdoutLine: {'line': b'-- Up-to-date symlink: /home/developer/aerostack2_ws/install/as2_msgs/include/as2_msgs/as2_msgs/msg/detail/traj_gen_info__builder.hpp\n'}
[0.375266] (as2_msgs) StdoutLine: {'line': b'-- Up-to-date symlink: /home/developer/aerostack2_ws/install/as2_msgs/include/as2_msgs/as2_msgs/msg/detail/traj_gen_info__struct.hpp\n'}
[0.375396] (as2_msgs) StdoutLine: {'line': b'-- Up-to-date symlink: /home/developer/aerostack2_ws/install/as2_msgs/include/as2_msgs/as2_msgs/msg/detail/traj_gen_info__traits.hpp\n'}
[0.375516] (as2_msgs) StdoutLine: {'line': b'-- Up-to-date symlink: /home/developer/aerostack2_ws/install/as2_msgs/include/as2_msgs/as2_msgs/msg/detail/traj_gen_info__type_support.hpp\n'}
[0.375651] (as2_msgs) StdoutLine: {'line': b'-- Up-to-date symlink: /home/developer/aerostack2_ws/install/as2_msgs/include/as2_msgs/as2_msgs/msg/detail/trajectory_point__builder.hpp\n'}
[0.375807] (as2_msgs) StdoutLine: {'line': b'-- Up-to-date symlink: /home/developer/aerostack2_ws/install/as2_msgs/include/as2_msgs/as2_msgs/msg/detail/trajectory_point__struct.hpp\n'}
[0.375948] (as2_msgs) StdoutLine: {'line': b'-- Up-to-date symlink: /home/developer/aerostack2_ws/install/as2_msgs/include/as2_msgs/as2_msgs/msg/detail/trajectory_point__traits.hpp\n'}
[0.376116] (as2_msgs) StdoutLine: {'line': b'-- Up-to-date symlink: /home/developer/aerostack2_ws/install/as2_msgs/include/as2_msgs/as2_msgs/msg/detail/trajectory_point__type_support.hpp\n'}
[0.376266] (as2_msgs) StdoutLine: {'line': b'-- Up-to-date symlink: /home/developer/aerostack2_ws/install/as2_msgs/include/as2_msgs/as2_msgs/msg/detail/trajectory_setpoints__builder.hpp\n'}
[0.376429] (as2_msgs) StdoutLine: {'line': b'-- Up-to-date symlink: /home/developer/aerostack2_ws/install/as2_msgs/include/as2_msgs/as2_msgs/msg/detail/trajectory_setpoints__struct.hpp\n'}
[0.376546] (as2_msgs) StdoutLine: {'line': b'-- Up-to-date symlink: /home/developer/aerostack2_ws/install/as2_msgs/include/as2_msgs/as2_msgs/msg/detail/trajectory_setpoints__traits.hpp\n'}
[0.376709] (as2_msgs) StdoutLine: {'line': b'-- Up-to-date symlink: /home/developer/aerostack2_ws/install/as2_msgs/include/as2_msgs/as2_msgs/msg/detail/trajectory_setpoints__type_support.hpp\n'}
[0.376922] (as2_msgs) StdoutLine: {'line': b'-- Up-to-date symlink: /home/developer/aerostack2_ws/install/as2_msgs/include/as2_msgs/as2_msgs/msg/detail/u_int16_multi_array_stamped__builder.hpp\n'}
[0.377239] (as2_msgs) StdoutLine: {'line': b'-- Up-to-date symlink: /home/developer/aerostack2_ws/install/as2_msgs/include/as2_msgs/as2_msgs/msg/detail/u_int16_multi_array_stamped__struct.hpp\n'}
[0.377438] (as2_msgs) StdoutLine: {'line': b'-- Up-to-date symlink: /home/developer/aerostack2_ws/install/as2_msgs/include/as2_msgs/as2_msgs/msg/detail/u_int16_multi_array_stamped__traits.hpp\n'}
[0.377670] (as2_msgs) StdoutLine: {'line': b'-- Up-to-date symlink: /home/developer/aerostack2_ws/install/as2_msgs/include/as2_msgs/as2_msgs/msg/detail/u_int16_multi_array_stamped__type_support.hpp\n'}
[0.377892] (as2_msgs) StdoutLine: {'line': b'-- Up-to-date symlink: /home/developer/aerostack2_ws/install/as2_msgs/include/as2_msgs/as2_msgs/msg/detail/yaw_mode__builder.hpp\n'}
[0.378137] (as2_msgs) StdoutLine: {'line': b'-- Up-to-date symlink: /home/developer/aerostack2_ws/install/as2_msgs/include/as2_msgs/as2_msgs/msg/detail/yaw_mode__struct.hpp\n'}
[0.378290] (as2_msgs) StdoutLine: {'line': b'-- Up-to-date symlink: /home/developer/aerostack2_ws/install/as2_msgs/include/as2_msgs/as2_msgs/msg/detail/yaw_mode__traits.hpp\n'}
[0.378541] (as2_msgs) StdoutLine: {'line': b'-- Up-to-date symlink: /home/developer/aerostack2_ws/install/as2_msgs/include/as2_msgs/as2_msgs/msg/detail/yaw_mode__type_support.hpp\n'}
[0.378676] (as2_msgs) StdoutLine: {'line': b'-- Up-to-date symlink: /home/developer/aerostack2_ws/install/as2_msgs/include/as2_msgs/as2_msgs/msg/follow_target_info.hpp\n'}
[0.378849] (as2_msgs) StdoutLine: {'line': b'-- Up-to-date symlink: /home/developer/aerostack2_ws/install/as2_msgs/include/as2_msgs/as2_msgs/msg/geozone.hpp\n'}
[0.379062] (as2_msgs) StdoutLine: {'line': b'-- Up-to-date symlink: /home/developer/aerostack2_ws/install/as2_msgs/include/as2_msgs/as2_msgs/msg/gimbal_control.hpp\n'}
[0.379242] (as2_msgs) StdoutLine: {'line': b'-- Up-to-date symlink: /home/developer/aerostack2_ws/install/as2_msgs/include/as2_msgs/as2_msgs/msg/mission_event.hpp\n'}
[0.379425] (as2_msgs) StdoutLine: {'line': b'-- Up-to-date symlink: /home/developer/aerostack2_ws/install/as2_msgs/include/as2_msgs/as2_msgs/msg/mission_update.hpp\n'}
[0.379551] (as2_msgs) StdoutLine: {'line': b'-- Up-to-date symlink: /home/developer/aerostack2_ws/install/as2_msgs/include/as2_msgs/as2_msgs/msg/node_status.hpp\n'}
[0.379684] (as2_msgs) StdoutLine: {'line': b'-- Up-to-date symlink: /home/developer/aerostack2_ws/install/as2_msgs/include/as2_msgs/as2_msgs/msg/platform_info.hpp\n'}
[0.379836] (as2_msgs) StdoutLine: {'line': b'-- Up-to-date symlink: /home/developer/aerostack2_ws/install/as2_msgs/include/as2_msgs/as2_msgs/msg/platform_state_machine_event.hpp\n'}
[0.379958] (as2_msgs) StdoutLine: {'line': b'-- Up-to-date symlink: /home/developer/aerostack2_ws/install/as2_msgs/include/as2_msgs/as2_msgs/msg/platform_status.hpp\n'}
[0.380149] (as2_msgs) StdoutLine: {'line': b'-- Up-to-date symlink: /home/developer/aerostack2_ws/install/as2_msgs/include/as2_msgs/as2_msgs/msg/polygon_list.hpp\n'}
[0.380241] (as2_msgs) StdoutLine: {'line': b'-- Up-to-date symlink: /home/developer/aerostack2_ws/install/as2_msgs/include/as2_msgs/as2_msgs/msg/pose_stamped_with_id.hpp\n'}
[0.380321] (as2_msgs) StdoutLine: {'line': b'-- Up-to-date symlink: /home/developer/aerostack2_ws/install/as2_msgs/include/as2_msgs/as2_msgs/msg/pose_stamped_with_id_array.hpp\n'}
[0.380467] (as2_msgs) StdoutLine: {'line': b'-- Up-to-date symlink: /home/developer/aerostack2_ws/install/as2_msgs/include/as2_msgs/as2_msgs/msg/pose_with_id.hpp\n'}
[0.380572] (as2_msgs) StdoutLine: {'line': b'-- Up-to-date symlink: /home/developer/aerostack2_ws/install/as2_msgs/include/as2_msgs/as2_msgs/msg/pose_with_id_array.hpp\n'}
[0.380666] (as2_msgs) StdoutLine: {'line': b'-- Up-to-date symlink: /home/developer/aerostack2_ws/install/as2_msgs/include/as2_msgs/as2_msgs/msg/rosidl_generator_cpp__visibility_control.hpp\n'}
[0.380830] (as2_msgs) StdoutLine: {'line': b'-- Up-to-date symlink: /home/developer/aerostack2_ws/install/as2_msgs/include/as2_msgs/as2_msgs/msg/speed.hpp\n'}
[0.380939] (as2_msgs) StdoutLine: {'line': b'-- Up-to-date symlink: /home/developer/aerostack2_ws/install/as2_msgs/include/as2_msgs/as2_msgs/msg/thrust.hpp\n'}
[0.381039] (as2_msgs) StdoutLine: {'line': b'-- Up-to-date symlink: /home/developer/aerostack2_ws/install/as2_msgs/include/as2_msgs/as2_msgs/msg/traj_gen_info.hpp\n'}
[0.381148] (as2_msgs) StdoutLine: {'line': b'-- Up-to-date symlink: /home/developer/aerostack2_ws/install/as2_msgs/include/as2_msgs/as2_msgs/msg/trajectory_point.hpp\n'}
[0.381256] (as2_msgs) StdoutLine: {'line': b'-- Up-to-date symlink: /home/developer/aerostack2_ws/install/as2_msgs/include/as2_msgs/as2_msgs/msg/trajectory_setpoints.hpp\n'}
[0.381376] (as2_msgs) StdoutLine: {'line': b'-- Up-to-date symlink: /home/developer/aerostack2_ws/install/as2_msgs/include/as2_msgs/as2_msgs/msg/u_int16_multi_array_stamped.hpp\n'}
[0.381495] (as2_msgs) StdoutLine: {'line': b'-- Up-to-date symlink: /home/developer/aerostack2_ws/install/as2_msgs/include/as2_msgs/as2_msgs/msg/yaw_mode.hpp\n'}
[0.381567] (as2_msgs) StdoutLine: {'line': b'-- Up-to-date symlink: /home/developer/aerostack2_ws/install/as2_msgs/include/as2_msgs/as2_msgs/srv/add_static_transform.hpp\n'}
[0.381642] (as2_msgs) StdoutLine: {'line': b'-- Up-to-date symlink: /home/developer/aerostack2_ws/install/as2_msgs/include/as2_msgs/as2_msgs/srv/add_static_transform_gps.hpp\n'}
[0.381711] (as2_msgs) StdoutLine: {'line': b'-- Up-to-date symlink: /home/developer/aerostack2_ws/install/as2_msgs/include/as2_msgs/as2_msgs/srv/detail/add_static_transform__builder.hpp\n'}
[0.381784] (as2_msgs) StdoutLine: {'line': b'-- Up-to-date symlink: /home/developer/aerostack2_ws/install/as2_msgs/include/as2_msgs/as2_msgs/srv/detail/add_static_transform__struct.hpp\n'}
[0.381856] (as2_msgs) StdoutLine: {'line': b'-- Up-to-date symlink: /home/developer/aerostack2_ws/install/as2_msgs/include/as2_msgs/as2_msgs/srv/detail/add_static_transform__traits.hpp\n'}
[0.381935] (as2_msgs) StdoutLine: {'line': b'-- Up-to-date symlink: /home/developer/aerostack2_ws/install/as2_msgs/include/as2_msgs/as2_msgs/srv/detail/add_static_transform__type_support.hpp\n'}
[0.382020] (as2_msgs) StdoutLine: {'line': b'-- Up-to-date symlink: /home/developer/aerostack2_ws/install/as2_msgs/include/as2_msgs/as2_msgs/srv/detail/add_static_transform_gps__builder.hpp\n'}
[0.382091] (as2_msgs) StdoutLine: {'line': b'-- Up-to-date symlink: /home/developer/aerostack2_ws/install/as2_msgs/include/as2_msgs/as2_msgs/srv/detail/add_static_transform_gps__struct.hpp\n'}
[0.382159] (as2_msgs) StdoutLine: {'line': b'-- Up-to-date symlink: /home/developer/aerostack2_ws/install/as2_msgs/include/as2_msgs/as2_msgs/srv/detail/add_static_transform_gps__traits.hpp\n'}
[0.382233] (as2_msgs) StdoutLine: {'line': b'-- Up-to-date symlink: /home/developer/aerostack2_ws/install/as2_msgs/include/as2_msgs/as2_msgs/srv/detail/add_static_transform_gps__type_support.hpp\n'}
[0.382306] (as2_msgs) StdoutLine: {'line': b'-- Up-to-date symlink: /home/developer/aerostack2_ws/install/as2_msgs/include/as2_msgs/as2_msgs/srv/detail/dynamic_follower__builder.hpp\n'}
[0.382373] (as2_msgs) StdoutLine: {'line': b'-- Up-to-date symlink: /home/developer/aerostack2_ws/install/as2_msgs/include/as2_msgs/as2_msgs/srv/detail/dynamic_follower__struct.hpp\n'}
[0.382444] (as2_msgs) StdoutLine: {'line': b'-- Up-to-date symlink: /home/developer/aerostack2_ws/install/as2_msgs/include/as2_msgs/as2_msgs/srv/detail/dynamic_follower__traits.hpp\n'}
[0.382521] (as2_msgs) StdoutLine: {'line': b'-- Up-to-date symlink: /home/developer/aerostack2_ws/install/as2_msgs/include/as2_msgs/as2_msgs/srv/detail/dynamic_follower__type_support.hpp\n'}
[0.382588] (as2_msgs) StdoutLine: {'line': b'-- Up-to-date symlink: /home/developer/aerostack2_ws/install/as2_msgs/include/as2_msgs/as2_msgs/srv/detail/dynamic_land__builder.hpp\n'}
[0.382655] (as2_msgs) StdoutLine: {'line': b'-- Up-to-date symlink: /home/developer/aerostack2_ws/install/as2_msgs/include/as2_msgs/as2_msgs/srv/detail/dynamic_land__struct.hpp\n'}
[0.382722] (as2_msgs) StdoutLine: {'line': b'-- Up-to-date symlink: /home/developer/aerostack2_ws/install/as2_msgs/include/as2_msgs/as2_msgs/srv/detail/dynamic_land__traits.hpp\n'}
[0.382796] (as2_msgs) StdoutLine: {'line': b'-- Up-to-date symlink: /home/developer/aerostack2_ws/install/as2_msgs/include/as2_msgs/as2_msgs/srv/detail/dynamic_land__type_support.hpp\n'}
[0.382866] (as2_msgs) StdoutLine: {'line': b'-- Up-to-date symlink: /home/developer/aerostack2_ws/install/as2_msgs/include/as2_msgs/as2_msgs/srv/detail/geopath_to_path__builder.hpp\n'}
[0.382926] (as2_msgs) StdoutLine: {'line': b'-- Up-to-date symlink: /home/developer/aerostack2_ws/install/as2_msgs/include/as2_msgs/as2_msgs/srv/detail/geopath_to_path__struct.hpp\n'}
[0.382995] (as2_msgs) StdoutLine: {'line': b'-- Up-to-date symlink: /home/developer/aerostack2_ws/install/as2_msgs/include/as2_msgs/as2_msgs/srv/detail/geopath_to_path__traits.hpp\n'}
[0.383054] (as2_msgs) StdoutLine: {'line': b'-- Up-to-date symlink: /home/developer/aerostack2_ws/install/as2_msgs/include/as2_msgs/as2_msgs/srv/detail/geopath_to_path__type_support.hpp\n'}
[0.383112] (as2_msgs) StdoutLine: {'line': b'-- Up-to-date symlink: /home/developer/aerostack2_ws/install/as2_msgs/include/as2_msgs/as2_msgs/srv/detail/get_geozone__builder.hpp\n'}
[0.383176] (as2_msgs) StdoutLine: {'line': b'-- Up-to-date symlink: /home/developer/aerostack2_ws/install/as2_msgs/include/as2_msgs/as2_msgs/srv/detail/get_geozone__struct.hpp\n'}
[0.383243] (as2_msgs) StdoutLine: {'line': b'-- Up-to-date symlink: /home/developer/aerostack2_ws/install/as2_msgs/include/as2_msgs/as2_msgs/srv/detail/get_geozone__traits.hpp\n'}
[0.383296] (as2_msgs) StdoutLine: {'line': b'-- Up-to-date symlink: /home/developer/aerostack2_ws/install/as2_msgs/include/as2_msgs/as2_msgs/srv/detail/get_geozone__type_support.hpp\n'}
[0.383362] (as2_msgs) StdoutLine: {'line': b'-- Up-to-date symlink: /home/developer/aerostack2_ws/install/as2_msgs/include/as2_msgs/as2_msgs/srv/detail/get_origin__builder.hpp\n'}
[0.383433] (as2_msgs) StdoutLine: {'line': b'-- Up-to-date symlink: /home/developer/aerostack2_ws/install/as2_msgs/include/as2_msgs/as2_msgs/srv/detail/get_origin__struct.hpp\n'}
[0.383505] (as2_msgs) StdoutLine: {'line': b'-- Up-to-date symlink: /home/developer/aerostack2_ws/install/as2_msgs/include/as2_msgs/as2_msgs/srv/detail/get_origin__traits.hpp\n'}
[0.383605] (as2_msgs) StdoutLine: {'line': b'-- Up-to-date symlink: /home/developer/aerostack2_ws/install/as2_msgs/include/as2_msgs/as2_msgs/srv/detail/get_origin__type_support.hpp\n'}
[0.383675] (as2_msgs) StdoutLine: {'line': b'-- Up-to-date symlink: /home/developer/aerostack2_ws/install/as2_msgs/include/as2_msgs/as2_msgs/srv/detail/list_control_modes__builder.hpp\n'}
[0.383744] (as2_msgs) StdoutLine: {'line': b'-- Up-to-date symlink: /home/developer/aerostack2_ws/install/as2_msgs/include/as2_msgs/as2_msgs/srv/detail/list_control_modes__struct.hpp\n'}
[0.383811] (as2_msgs) StdoutLine: {'line': b'-- Up-to-date symlink: /home/developer/aerostack2_ws/install/as2_msgs/include/as2_msgs/as2_msgs/srv/detail/list_control_modes__traits.hpp\n'}
[0.383886] (as2_msgs) StdoutLine: {'line': b'-- Up-to-date symlink: /home/developer/aerostack2_ws/install/as2_msgs/include/as2_msgs/as2_msgs/srv/detail/list_control_modes__type_support.hpp\n'}
[0.383943] (as2_msgs) StdoutLine: {'line': b'-- Up-to-date symlink: /home/developer/aerostack2_ws/install/as2_msgs/include/as2_msgs/as2_msgs/srv/detail/modify_swarm__builder.hpp\n'}
[0.384011] (as2_msgs) StdoutLine: {'line': b'-- Up-to-date symlink: /home/developer/aerostack2_ws/install/as2_msgs/include/as2_msgs/as2_msgs/srv/detail/modify_swarm__struct.hpp\n'}
[0.384083] (as2_msgs) StdoutLine: {'line': b'-- Up-to-date symlink: /home/developer/aerostack2_ws/install/as2_msgs/include/as2_msgs/as2_msgs/srv/detail/modify_swarm__traits.hpp\n'}
[0.384207] (as2_msgs) StdoutLine: {'line': b'-- Up-to-date symlink: /home/developer/aerostack2_ws/install/as2_msgs/include/as2_msgs/as2_msgs/srv/detail/modify_swarm__type_support.hpp\n'}
[0.384299] (as2_msgs) StdoutLine: {'line': b'-- Up-to-date symlink: /home/developer/aerostack2_ws/install/as2_msgs/include/as2_msgs/as2_msgs/srv/detail/package_pick_up__builder.hpp\n'}
[0.384394] (as2_msgs) StdoutLine: {'line': b'-- Up-to-date symlink: /home/developer/aerostack2_ws/install/as2_msgs/include/as2_msgs/as2_msgs/srv/detail/package_pick_up__struct.hpp\n'}
[0.384503] (as2_msgs) StdoutLine: {'line': b'-- Up-to-date symlink: /home/developer/aerostack2_ws/install/as2_msgs/include/as2_msgs/as2_msgs/srv/detail/package_pick_up__traits.hpp\n'}
[0.384621] (as2_msgs) StdoutLine: {'line': b'-- Up-to-date symlink: /home/developer/aerostack2_ws/install/as2_msgs/include/as2_msgs/as2_msgs/srv/detail/package_pick_up__type_support.hpp\n'}
[0.384880] (as2_msgs) StdoutLine: {'line': b'-- Up-to-date symlink: /home/developer/aerostack2_ws/install/as2_msgs/include/as2_msgs/as2_msgs/srv/detail/package_un_pick__builder.hpp\n'}
[0.384952] (as2_msgs) StdoutLine: {'line': b'-- Up-to-date symlink: /home/developer/aerostack2_ws/install/as2_msgs/include/as2_msgs/as2_msgs/srv/detail/package_un_pick__struct.hpp\n'}
[0.385028] (as2_msgs) StdoutLine: {'line': b'-- Up-to-date symlink: /home/developer/aerostack2_ws/install/as2_msgs/include/as2_msgs/as2_msgs/srv/detail/package_un_pick__traits.hpp\n'}
[0.385096] (as2_msgs) StdoutLine: {'line': b'-- Up-to-date symlink: /home/developer/aerostack2_ws/install/as2_msgs/include/as2_msgs/as2_msgs/srv/detail/package_un_pick__type_support.hpp\n'}
[0.385170] (as2_msgs) StdoutLine: {'line': b'-- Up-to-date symlink: /home/developer/aerostack2_ws/install/as2_msgs/include/as2_msgs/as2_msgs/srv/detail/path_to_geopath__builder.hpp\n'}
[0.385227] (as2_msgs) StdoutLine: {'line': b'-- Up-to-date symlink: /home/developer/aerostack2_ws/install/as2_msgs/include/as2_msgs/as2_msgs/srv/detail/path_to_geopath__struct.hpp\n'}
[0.385291] (as2_msgs) StdoutLine: {'line': b'-- Up-to-date symlink: /home/developer/aerostack2_ws/install/as2_msgs/include/as2_msgs/as2_msgs/srv/detail/path_to_geopath__traits.hpp\n'}
[0.385399] (as2_msgs) StdoutLine: {'line': b'-- Up-to-date symlink: /home/developer/aerostack2_ws/install/as2_msgs/include/as2_msgs/as2_msgs/srv/detail/path_to_geopath__type_support.hpp\n'}
[0.385503] (as2_msgs) StdoutLine: {'line': b'-- Up-to-date symlink: /home/developer/aerostack2_ws/install/as2_msgs/include/as2_msgs/as2_msgs/srv/detail/set_control_mode__builder.hpp\n'}
[0.385604] (as2_msgs) StdoutLine: {'line': b'-- Up-to-date symlink: /home/developer/aerostack2_ws/install/as2_msgs/include/as2_msgs/as2_msgs/srv/detail/set_control_mode__struct.hpp\n'}
[0.385729] (as2_msgs) StdoutLine: {'line': b'-- Up-to-date symlink: /home/developer/aerostack2_ws/install/as2_msgs/include/as2_msgs/as2_msgs/srv/detail/set_control_mode__traits.hpp\n'}
[0.385821] (as2_msgs) StdoutLine: {'line': b'-- Up-to-date symlink: /home/developer/aerostack2_ws/install/as2_msgs/include/as2_msgs/as2_msgs/srv/detail/set_control_mode__type_support.hpp\n'}
[0.385892] (as2_msgs) StdoutLine: {'line': b'-- Up-to-date symlink: /home/developer/aerostack2_ws/install/as2_msgs/include/as2_msgs/as2_msgs/srv/detail/set_geozone__builder.hpp\n'}
[0.386081] (as2_msgs) StdoutLine: {'line': b'-- Up-to-date symlink: /home/developer/aerostack2_ws/install/as2_msgs/include/as2_msgs/as2_msgs/srv/detail/set_geozone__struct.hpp\n'}
[0.386168] (as2_msgs) StdoutLine: {'line': b'-- Up-to-date symlink: /home/developer/aerostack2_ws/install/as2_msgs/include/as2_msgs/as2_msgs/srv/detail/set_geozone__traits.hpp\n'}
[0.386244] (as2_msgs) StdoutLine: {'line': b'-- Up-to-date symlink: /home/developer/aerostack2_ws/install/as2_msgs/include/as2_msgs/as2_msgs/srv/detail/set_geozone__type_support.hpp\n'}
[0.386321] (as2_msgs) StdoutLine: {'line': b'-- Up-to-date symlink: /home/developer/aerostack2_ws/install/as2_msgs/include/as2_msgs/as2_msgs/srv/detail/set_origin__builder.hpp\n'}
[0.386397] (as2_msgs) StdoutLine: {'line': b'-- Up-to-date symlink: /home/developer/aerostack2_ws/install/as2_msgs/include/as2_msgs/as2_msgs/srv/detail/set_origin__struct.hpp\n'}
[0.386470] (as2_msgs) StdoutLine: {'line': b'-- Up-to-date symlink: /home/developer/aerostack2_ws/install/as2_msgs/include/as2_msgs/as2_msgs/srv/detail/set_origin__traits.hpp\n'}
[0.386536] (as2_msgs) StdoutLine: {'line': b'-- Up-to-date symlink: /home/developer/aerostack2_ws/install/as2_msgs/include/as2_msgs/as2_msgs/srv/detail/set_origin__type_support.hpp\n'}
[0.386594] (as2_msgs) StdoutLine: {'line': b'-- Up-to-date symlink: /home/developer/aerostack2_ws/install/as2_msgs/include/as2_msgs/as2_msgs/srv/detail/set_platform_state_machine_event__builder.hpp\n'}
[0.386660] (as2_msgs) StdoutLine: {'line': b'-- Up-to-date symlink: /home/developer/aerostack2_ws/install/as2_msgs/include/as2_msgs/as2_msgs/srv/detail/set_platform_state_machine_event__struct.hpp\n'}
[0.386727] (as2_msgs) StdoutLine: {'line': b'-- Up-to-date symlink: /home/developer/aerostack2_ws/install/as2_msgs/include/as2_msgs/as2_msgs/srv/detail/set_platform_state_machine_event__traits.hpp\n'}
[0.386787] (as2_msgs) StdoutLine: {'line': b'-- Up-to-date symlink: /home/developer/aerostack2_ws/install/as2_msgs/include/as2_msgs/as2_msgs/srv/detail/set_platform_state_machine_event__type_support.hpp\n'}
[0.386852] (as2_msgs) StdoutLine: {'line': b'-- Up-to-date symlink: /home/developer/aerostack2_ws/install/as2_msgs/include/as2_msgs/as2_msgs/srv/detail/set_speed__builder.hpp\n'}
[0.386923] (as2_msgs) StdoutLine: {'line': b'-- Up-to-date symlink: /home/developer/aerostack2_ws/install/as2_msgs/include/as2_msgs/as2_msgs/srv/detail/set_speed__struct.hpp\n'}
[0.387065] (as2_msgs) StdoutLine: {'line': b'-- Up-to-date symlink: /home/developer/aerostack2_ws/install/as2_msgs/include/as2_msgs/as2_msgs/srv/detail/set_speed__traits.hpp\n'}
[0.387143] (as2_msgs) StdoutLine: {'line': b'-- Up-to-date symlink: /home/developer/aerostack2_ws/install/as2_msgs/include/as2_msgs/as2_msgs/srv/detail/set_speed__type_support.hpp\n'}
[0.387242] (as2_msgs) StdoutLine: {'line': b'-- Up-to-date symlink: /home/developer/aerostack2_ws/install/as2_msgs/include/as2_msgs/as2_msgs/srv/dynamic_follower.hpp\n'}
[0.387368] (as2_msgs) StdoutLine: {'line': b'-- Up-to-date symlink: /home/developer/aerostack2_ws/install/as2_msgs/include/as2_msgs/as2_msgs/srv/dynamic_land.hpp\n'}
[0.387423] (as2_msgs) StdoutLine: {'line': b'-- Up-to-date symlink: /home/developer/aerostack2_ws/install/as2_msgs/include/as2_msgs/as2_msgs/srv/geopath_to_path.hpp\n'}
[0.387478] (as2_msgs) StdoutLine: {'line': b'-- Up-to-date symlink: /home/developer/aerostack2_ws/install/as2_msgs/include/as2_msgs/as2_msgs/srv/get_geozone.hpp\n'}
[0.387531] (as2_msgs) StdoutLine: {'line': b'-- Up-to-date symlink: /home/developer/aerostack2_ws/install/as2_msgs/include/as2_msgs/as2_msgs/srv/get_origin.hpp\n'}
[0.387589] (as2_msgs) StdoutLine: {'line': b'-- Up-to-date symlink: /home/developer/aerostack2_ws/install/as2_msgs/include/as2_msgs/as2_msgs/srv/list_control_modes.hpp\n'}
[0.387647] (as2_msgs) StdoutLine: {'line': b'-- Up-to-date symlink: /home/developer/aerostack2_ws/install/as2_msgs/include/as2_msgs/as2_msgs/srv/modify_swarm.hpp\n'}
[0.387705] (as2_msgs) StdoutLine: {'line': b'-- Up-to-date symlink: /home/developer/aerostack2_ws/install/as2_msgs/include/as2_msgs/as2_msgs/srv/package_pick_up.hpp\n'}
[0.387754] (as2_msgs) StdoutLine: {'line': b'-- Up-to-date symlink: /home/developer/aerostack2_ws/install/as2_msgs/include/as2_msgs/as2_msgs/srv/package_un_pick.hpp\n'}
[0.387808] (as2_msgs) StdoutLine: {'line': b'-- Up-to-date symlink: /home/developer/aerostack2_ws/install/as2_msgs/include/as2_msgs/as2_msgs/srv/path_to_geopath.hpp\n'}
[0.387861] (as2_msgs) StdoutLine: {'line': b'-- Up-to-date symlink: /home/developer/aerostack2_ws/install/as2_msgs/include/as2_msgs/as2_msgs/srv/set_control_mode.hpp\n'}
[0.387913] (as2_msgs) StdoutLine: {'line': b'-- Up-to-date symlink: /home/developer/aerostack2_ws/install/as2_msgs/include/as2_msgs/as2_msgs/srv/set_geozone.hpp\n'}
[0.387970] (as2_msgs) StdoutLine: {'line': b'-- Up-to-date symlink: /home/developer/aerostack2_ws/install/as2_msgs/include/as2_msgs/as2_msgs/srv/set_origin.hpp\n'}
[0.388026] (as2_msgs) StdoutLine: {'line': b'-- Up-to-date symlink: /home/developer/aerostack2_ws/install/as2_msgs/include/as2_msgs/as2_msgs/srv/set_platform_state_machine_event.hpp\n'}
[0.388084] (as2_msgs) StdoutLine: {'line': b'-- Up-to-date symlink: /home/developer/aerostack2_ws/install/as2_msgs/include/as2_msgs/as2_msgs/srv/set_speed.hpp\n'}
[0.389595] (as2_msgs) StdoutLine: {'line': b'-- Up-to-date symlink: /home/developer/aerostack2_ws/install/as2_msgs/include/as2_msgs/as2_msgs/action/detail/detect_aruco_markers__rosidl_typesupport_fastrtps_cpp.hpp\n'}
[0.389680] (as2_msgs) StdoutLine: {'line': b'-- Up-to-date symlink: /home/developer/aerostack2_ws/install/as2_msgs/include/as2_msgs/as2_msgs/action/detail/follow_path__rosidl_typesupport_fastrtps_cpp.hpp\n'}
[0.389713] (as2_msgs) StdoutLine: {'line': b'-- Up-to-date symlink: /home/developer/aerostack2_ws/install/as2_msgs/include/as2_msgs/as2_msgs/action/detail/follow_reference__rosidl_typesupport_fastrtps_cpp.hpp\n'}
[0.389748] (as2_msgs) StdoutLine: {'line': b'-- Up-to-date symlink: /home/developer/aerostack2_ws/install/as2_msgs/include/as2_msgs/as2_msgs/action/detail/force_estimation__rosidl_typesupport_fastrtps_cpp.hpp\n'}
[0.389808] (as2_msgs) StdoutLine: {'line': b'-- Up-to-date symlink: /home/developer/aerostack2_ws/install/as2_msgs/include/as2_msgs/as2_msgs/action/detail/generate_polynomial_trajectory__rosidl_typesupport_fastrtps_cpp.hpp\n'}
[0.389868] (as2_msgs) StdoutLine: {'line': b'-- Up-to-date symlink: /home/developer/aerostack2_ws/install/as2_msgs/include/as2_msgs/as2_msgs/action/detail/go_to_waypoint__rosidl_typesupport_fastrtps_cpp.hpp\n'}
[0.389924] (as2_msgs) StdoutLine: {'line': b'-- Up-to-date symlink: /home/developer/aerostack2_ws/install/as2_msgs/include/as2_msgs/as2_msgs/action/detail/gripper_handler__rosidl_typesupport_fastrtps_cpp.hpp\n'}
[0.389987] (as2_msgs) StdoutLine: {'line': b'-- Up-to-date symlink: /home/developer/aerostack2_ws/install/as2_msgs/include/as2_msgs/as2_msgs/action/detail/land__rosidl_typesupport_fastrtps_cpp.hpp\n'}
[0.390046] (as2_msgs) StdoutLine: {'line': b'-- Up-to-date symlink: /home/developer/aerostack2_ws/install/as2_msgs/include/as2_msgs/as2_msgs/action/detail/mass_estimation__rosidl_typesupport_fastrtps_cpp.hpp\n'}
[0.390102] (as2_msgs) StdoutLine: {'line': b'-- Up-to-date symlink: /home/developer/aerostack2_ws/install/as2_msgs/include/as2_msgs/as2_msgs/action/detail/navigate_to_point__rosidl_typesupport_fastrtps_cpp.hpp\n'}
[0.390159] (as2_msgs) StdoutLine: {'line': b'-- Up-to-date symlink: /home/developer/aerostack2_ws/install/as2_msgs/include/as2_msgs/as2_msgs/action/detail/point_gimbal__rosidl_typesupport_fastrtps_cpp.hpp\n'}
[0.390263] (as2_msgs) StdoutLine: {'line': b'-- Up-to-date symlink: /home/developer/aerostack2_ws/install/as2_msgs/include/as2_msgs/as2_msgs/action/detail/precision_landing__rosidl_typesupport_fastrtps_cpp.hpp\n'}
[0.390376] (as2_msgs) StdoutLine: {'line': b'-- Up-to-date symlink: /home/developer/aerostack2_ws/install/as2_msgs/include/as2_msgs/as2_msgs/action/detail/set_arming_state__rosidl_typesupport_fastrtps_cpp.hpp\n'}
[0.390464] (as2_msgs) StdoutLine: {'line': b'-- Up-to-date symlink: /home/developer/aerostack2_ws/install/as2_msgs/include/as2_msgs/as2_msgs/action/detail/set_offboard_mode__rosidl_typesupport_fastrtps_cpp.hpp\n'}
[0.390564] (as2_msgs) StdoutLine: {'line': b'-- Up-to-date symlink: /home/developer/aerostack2_ws/install/as2_msgs/include/as2_msgs/as2_msgs/action/detail/swarm_flocking__rosidl_typesupport_fastrtps_cpp.hpp\n'}
[0.390668] (as2_msgs) StdoutLine: {'line': b'-- Up-to-date symlink: /home/developer/aerostack2_ws/install/as2_msgs/include/as2_msgs/as2_msgs/action/detail/takeoff__rosidl_typesupport_fastrtps_cpp.hpp\n'}
[0.390777] (as2_msgs) StdoutLine: {'line': b'-- Up-to-date symlink: /home/developer/aerostack2_ws/install/as2_msgs/include/as2_msgs/as2_msgs/msg/detail/acro__rosidl_typesupport_fastrtps_cpp.hpp\n'}
[0.390881] (as2_msgs) StdoutLine: {'line': b'-- Up-to-date symlink: /home/developer/aerostack2_ws/install/as2_msgs/include/as2_msgs/as2_msgs/msg/detail/alert_event__rosidl_typesupport_fastrtps_cpp.hpp\n'}
[0.391020] (as2_msgs) StdoutLine: {'line': b'-- Up-to-date symlink: /home/developer/aerostack2_ws/install/as2_msgs/include/as2_msgs/as2_msgs/msg/detail/behavior_status__rosidl_typesupport_fastrtps_cpp.hpp\n'}
[0.391066] (as2_msgs) StdoutLine: {'line': b'-- Up-to-date symlink: /home/developer/aerostack2_ws/install/as2_msgs/include/as2_msgs/as2_msgs/msg/detail/control_mode__rosidl_typesupport_fastrtps_cpp.hpp\n'}
[0.391130] (as2_msgs) StdoutLine: {'line': b'-- Up-to-date symlink: /home/developer/aerostack2_ws/install/as2_msgs/include/as2_msgs/as2_msgs/msg/detail/controller_info__rosidl_typesupport_fastrtps_cpp.hpp\n'}
[0.391192] (as2_msgs) StdoutLine: {'line': b'-- Up-to-date symlink: /home/developer/aerostack2_ws/install/as2_msgs/include/as2_msgs/as2_msgs/msg/detail/follow_target_info__rosidl_typesupport_fastrtps_cpp.hpp\n'}
[0.391252] (as2_msgs) StdoutLine: {'line': b'-- Up-to-date symlink: /home/developer/aerostack2_ws/install/as2_msgs/include/as2_msgs/as2_msgs/msg/detail/geozone__rosidl_typesupport_fastrtps_cpp.hpp\n'}
[0.391312] (as2_msgs) StdoutLine: {'line': b'-- Up-to-date symlink: /home/developer/aerostack2_ws/install/as2_msgs/include/as2_msgs/as2_msgs/msg/detail/gimbal_control__rosidl_typesupport_fastrtps_cpp.hpp\n'}
[0.391370] (as2_msgs) StdoutLine: {'line': b'-- Up-to-date symlink: /home/developer/aerostack2_ws/install/as2_msgs/include/as2_msgs/as2_msgs/msg/detail/mission_event__rosidl_typesupport_fastrtps_cpp.hpp\n'}
[0.391427] (as2_msgs) StdoutLine: {'line': b'-- Up-to-date symlink: /home/developer/aerostack2_ws/install/as2_msgs/include/as2_msgs/as2_msgs/msg/detail/mission_update__rosidl_typesupport_fastrtps_cpp.hpp\n'}
[0.391530] (as2_msgs) StdoutLine: {'line': b'-- Up-to-date symlink: /home/developer/aerostack2_ws/install/as2_msgs/include/as2_msgs/as2_msgs/msg/detail/node_status__rosidl_typesupport_fastrtps_cpp.hpp\n'}
[0.391632] (as2_msgs) StdoutLine: {'line': b'-- Up-to-date symlink: /home/developer/aerostack2_ws/install/as2_msgs/include/as2_msgs/as2_msgs/msg/detail/platform_info__rosidl_typesupport_fastrtps_cpp.hpp\n'}
[0.391736] (as2_msgs) StdoutLine: {'line': b'-- Up-to-date symlink: /home/developer/aerostack2_ws/install/as2_msgs/include/as2_msgs/as2_msgs/msg/detail/platform_state_machine_event__rosidl_typesupport_fastrtps_cpp.hpp\n'}
[0.391846] (as2_msgs) StdoutLine: {'line': b'-- Up-to-date symlink: /home/developer/aerostack2_ws/install/as2_msgs/include/as2_msgs/as2_msgs/msg/detail/platform_status__rosidl_typesupport_fastrtps_cpp.hpp\n'}
[0.391976] (as2_msgs) StdoutLine: {'line': b'-- Up-to-date symlink: /home/developer/aerostack2_ws/install/as2_msgs/include/as2_msgs/as2_msgs/msg/detail/polygon_list__rosidl_typesupport_fastrtps_cpp.hpp\n'}
[0.392066] (as2_msgs) StdoutLine: {'line': b'-- Up-to-date symlink: /home/developer/aerostack2_ws/install/as2_msgs/include/as2_msgs/as2_msgs/msg/detail/pose_stamped_with_id__rosidl_typesupport_fastrtps_cpp.hpp\n'}
[0.392170] (as2_msgs) StdoutLine: {'line': b'-- Up-to-date symlink: /home/developer/aerostack2_ws/install/as2_msgs/include/as2_msgs/as2_msgs/msg/detail/pose_stamped_with_id_array__rosidl_typesupport_fastrtps_cpp.hpp\n'}
[0.392434] (as2_msgs) StdoutLine: {'line': b'-- Up-to-date symlink: /home/developer/aerostack2_ws/install/as2_msgs/include/as2_msgs/as2_msgs/msg/detail/pose_with_id__rosidl_typesupport_fastrtps_cpp.hpp\n'}
[0.392482] (as2_msgs) StdoutLine: {'line': b'-- Up-to-date symlink: /home/developer/aerostack2_ws/install/as2_msgs/include/as2_msgs/as2_msgs/msg/detail/pose_with_id_array__rosidl_typesupport_fastrtps_cpp.hpp\n'}
[0.392540] (as2_msgs) StdoutLine: {'line': b'-- Up-to-date symlink: /home/developer/aerostack2_ws/install/as2_msgs/include/as2_msgs/as2_msgs/msg/detail/speed__rosidl_typesupport_fastrtps_cpp.hpp\n'}
[0.392596] (as2_msgs) StdoutLine: {'line': b'-- Up-to-date symlink: /home/developer/aerostack2_ws/install/as2_msgs/include/as2_msgs/as2_msgs/msg/detail/thrust__rosidl_typesupport_fastrtps_cpp.hpp\n'}
[0.392653] (as2_msgs) StdoutLine: {'line': b'-- Up-to-date symlink: /home/developer/aerostack2_ws/install/as2_msgs/include/as2_msgs/as2_msgs/msg/detail/traj_gen_info__rosidl_typesupport_fastrtps_cpp.hpp\n'}
[0.392710] (as2_msgs) StdoutLine: {'line': b'-- Up-to-date symlink: /home/developer/aerostack2_ws/install/as2_msgs/include/as2_msgs/as2_msgs/msg/detail/trajectory_point__rosidl_typesupport_fastrtps_cpp.hpp\n'}
[0.392765] (as2_msgs) StdoutLine: {'line': b'-- Up-to-date symlink: /home/developer/aerostack2_ws/install/as2_msgs/include/as2_msgs/as2_msgs/msg/detail/trajectory_setpoints__rosidl_typesupport_fastrtps_cpp.hpp\n'}
[0.392822] (as2_msgs) StdoutLine: {'line': b'-- Up-to-date symlink: /home/developer/aerostack2_ws/install/as2_msgs/include/as2_msgs/as2_msgs/msg/detail/u_int16_multi_array_stamped__rosidl_typesupport_fastrtps_cpp.hpp\n'}
[0.392877] (as2_msgs) StdoutLine: {'line': b'-- Up-to-date symlink: /home/developer/aerostack2_ws/install/as2_msgs/include/as2_msgs/as2_msgs/msg/detail/yaw_mode__rosidl_typesupport_fastrtps_cpp.hpp\n'}
[0.392938] (as2_msgs) StdoutLine: {'line': b'-- Up-to-date symlink: /home/developer/aerostack2_ws/install/as2_msgs/include/as2_msgs/as2_msgs/msg/rosidl_typesupport_fastrtps_cpp__visibility_control.h\n'}
[0.393000] (as2_msgs) StdoutLine: {'line': b'-- Up-to-date symlink: /home/developer/aerostack2_ws/install/as2_msgs/include/as2_msgs/as2_msgs/srv/detail/add_static_transform__rosidl_typesupport_fastrtps_cpp.hpp\n'}
[0.393059] (as2_msgs) StdoutLine: {'line': b'-- Up-to-date symlink: /home/developer/aerostack2_ws/install/as2_msgs/include/as2_msgs/as2_msgs/srv/detail/add_static_transform_gps__rosidl_typesupport_fastrtps_cpp.hpp\n'}
[0.393144] (as2_msgs) StdoutLine: {'line': b'-- Up-to-date symlink: /home/developer/aerostack2_ws/install/as2_msgs/include/as2_msgs/as2_msgs/srv/detail/dynamic_follower__rosidl_typesupport_fastrtps_cpp.hpp\n'}
[0.393187] (as2_msgs) StdoutLine: {'line': b'-- Up-to-date symlink: /home/developer/aerostack2_ws/install/as2_msgs/include/as2_msgs/as2_msgs/srv/detail/dynamic_land__rosidl_typesupport_fastrtps_cpp.hpp\n'}
[0.393251] (as2_msgs) StdoutLine: {'line': b'-- Up-to-date symlink: /home/developer/aerostack2_ws/install/as2_msgs/include/as2_msgs/as2_msgs/srv/detail/geopath_to_path__rosidl_typesupport_fastrtps_cpp.hpp\n'}
[0.393309] (as2_msgs) StdoutLine: {'line': b'-- Up-to-date symlink: /home/developer/aerostack2_ws/install/as2_msgs/include/as2_msgs/as2_msgs/srv/detail/get_geozone__rosidl_typesupport_fastrtps_cpp.hpp\n'}
[0.393375] (as2_msgs) StdoutLine: {'line': b'-- Up-to-date symlink: /home/developer/aerostack2_ws/install/as2_msgs/include/as2_msgs/as2_msgs/srv/detail/get_origin__rosidl_typesupport_fastrtps_cpp.hpp\n'}
[0.393431] (as2_msgs) StdoutLine: {'line': b'-- Up-to-date symlink: /home/developer/aerostack2_ws/install/as2_msgs/include/as2_msgs/as2_msgs/srv/detail/list_control_modes__rosidl_typesupport_fastrtps_cpp.hpp\n'}
[0.393487] (as2_msgs) StdoutLine: {'line': b'-- Up-to-date symlink: /home/developer/aerostack2_ws/install/as2_msgs/include/as2_msgs/as2_msgs/srv/detail/modify_swarm__rosidl_typesupport_fastrtps_cpp.hpp\n'}
[0.393543] (as2_msgs) StdoutLine: {'line': b'-- Up-to-date symlink: /home/developer/aerostack2_ws/install/as2_msgs/include/as2_msgs/as2_msgs/srv/detail/package_pick_up__rosidl_typesupport_fastrtps_cpp.hpp\n'}
[0.393599] (as2_msgs) StdoutLine: {'line': b'-- Up-to-date symlink: /home/developer/aerostack2_ws/install/as2_msgs/include/as2_msgs/as2_msgs/srv/detail/package_un_pick__rosidl_typesupport_fastrtps_cpp.hpp\n'}
[0.393657] (as2_msgs) StdoutLine: {'line': b'-- Up-to-date symlink: /home/developer/aerostack2_ws/install/as2_msgs/include/as2_msgs/as2_msgs/srv/detail/path_to_geopath__rosidl_typesupport_fastrtps_cpp.hpp\n'}
[0.393713] (as2_msgs) StdoutLine: {'line': b'-- Up-to-date symlink: /home/developer/aerostack2_ws/install/as2_msgs/include/as2_msgs/as2_msgs/srv/detail/set_control_mode__rosidl_typesupport_fastrtps_cpp.hpp\n'}
[0.393794] (as2_msgs) StdoutLine: {'line': b'-- Up-to-date symlink: /home/developer/aerostack2_ws/install/as2_msgs/include/as2_msgs/as2_msgs/srv/detail/set_geozone__rosidl_typesupport_fastrtps_cpp.hpp\n'}
[0.393833] (as2_msgs) StdoutLine: {'line': b'-- Up-to-date symlink: /home/developer/aerostack2_ws/install/as2_msgs/include/as2_msgs/as2_msgs/srv/detail/set_origin__rosidl_typesupport_fastrtps_cpp.hpp\n'}
[0.393892] (as2_msgs) StdoutLine: {'line': b'-- Up-to-date symlink: /home/developer/aerostack2_ws/install/as2_msgs/include/as2_msgs/as2_msgs/srv/detail/set_platform_state_machine_event__rosidl_typesupport_fastrtps_cpp.hpp\n'}
[0.393995] (as2_msgs) StdoutLine: {'line': b'-- Up-to-date symlink: /home/developer/aerostack2_ws/install/as2_msgs/include/as2_msgs/as2_msgs/srv/detail/set_speed__rosidl_typesupport_fastrtps_cpp.hpp\n'}
[0.394812] (as2_msgs) StdoutLine: {'line': b'-- Up-to-date symlink: /home/developer/aerostack2_ws/install/as2_msgs/include/as2_msgs/as2_msgs/action/detail/detect_aruco_markers__rosidl_typesupport_introspection_cpp.hpp\n'}
[0.394904] (as2_msgs) StdoutLine: {'line': b'-- Up-to-date symlink: /home/developer/aerostack2_ws/install/as2_msgs/include/as2_msgs/as2_msgs/action/detail/follow_path__rosidl_typesupport_introspection_cpp.hpp\n'}
[0.395002] (as2_msgs) StdoutLine: {'line': b'-- Up-to-date symlink: /home/developer/aerostack2_ws/install/as2_msgs/include/as2_msgs/as2_msgs/action/detail/follow_reference__rosidl_typesupport_introspection_cpp.hpp\n'}
[0.395151] (as2_msgs) StdoutLine: {'line': b'-- Up-to-date symlink: /home/developer/aerostack2_ws/install/as2_msgs/include/as2_msgs/as2_msgs/action/detail/force_estimation__rosidl_typesupport_introspection_cpp.hpp\n'}
[0.395263] (as2_msgs) StdoutLine: {'line': b'-- Up-to-date symlink: /home/developer/aerostack2_ws/install/as2_msgs/include/as2_msgs/as2_msgs/action/detail/generate_polynomial_trajectory__rosidl_typesupport_introspection_cpp.hpp\n'}
[0.395369] (as2_msgs) StdoutLine: {'line': b'-- Up-to-date symlink: /home/developer/aerostack2_ws/install/as2_msgs/include/as2_msgs/as2_msgs/action/detail/go_to_waypoint__rosidl_typesupport_introspection_cpp.hpp\n'}
[0.395882] (as2_msgs) StdoutLine: {'line': b'-- Up-to-date symlink: /home/developer/aerostack2_ws/install/as2_msgs/include/as2_msgs/as2_msgs/action/detail/gripper_handler__rosidl_typesupport_introspection_cpp.hpp\n'}
[0.395963] (as2_msgs) StdoutLine: {'line': b'-- Up-to-date symlink: /home/developer/aerostack2_ws/install/as2_msgs/include/as2_msgs/as2_msgs/action/detail/land__rosidl_typesupport_introspection_cpp.hpp\n'}
[0.396004] (as2_msgs) StdoutLine: {'line': b'-- Up-to-date symlink: /home/developer/aerostack2_ws/install/as2_msgs/include/as2_msgs/as2_msgs/action/detail/mass_estimation__rosidl_typesupport_introspection_cpp.hpp\n'}
[0.396026] (as2_msgs) StdoutLine: {'line': b'-- Up-to-date symlink: /home/developer/aerostack2_ws/install/as2_msgs/include/as2_msgs/as2_msgs/action/detail/navigate_to_point__rosidl_typesupport_introspection_cpp.hpp\n'}
[0.396106] (as2_msgs) StdoutLine: {'line': b'-- Up-to-date symlink: /home/developer/aerostack2_ws/install/as2_msgs/include/as2_msgs/as2_msgs/action/detail/point_gimbal__rosidl_typesupport_introspection_cpp.hpp\n'}
[0.396130] (as2_msgs) StdoutLine: {'line': b'-- Up-to-date symlink: /home/developer/aerostack2_ws/install/as2_msgs/include/as2_msgs/as2_msgs/action/detail/precision_landing__rosidl_typesupport_introspection_cpp.hpp\n'}
[0.396189] (as2_msgs) StdoutLine: {'line': b'-- Up-to-date symlink: /home/developer/aerostack2_ws/install/as2_msgs/include/as2_msgs/as2_msgs/action/detail/set_arming_state__rosidl_typesupport_introspection_cpp.hpp\n'}
[0.396262] (as2_msgs) StdoutLine: {'line': b'-- Up-to-date symlink: /home/developer/aerostack2_ws/install/as2_msgs/include/as2_msgs/as2_msgs/action/detail/set_offboard_mode__rosidl_typesupport_introspection_cpp.hpp\n'}
[0.396286] (as2_msgs) StdoutLine: {'line': b'-- Up-to-date symlink: /home/developer/aerostack2_ws/install/as2_msgs/include/as2_msgs/as2_msgs/action/detail/swarm_flocking__rosidl_typesupport_introspection_cpp.hpp\n'}
[0.396314] (as2_msgs) StdoutLine: {'line': b'-- Up-to-date symlink: /home/developer/aerostack2_ws/install/as2_msgs/include/as2_msgs/as2_msgs/action/detail/takeoff__rosidl_typesupport_introspection_cpp.hpp\n'}
[0.396369] (as2_msgs) StdoutLine: {'line': b'-- Up-to-date symlink: /home/developer/aerostack2_ws/install/as2_msgs/include/as2_msgs/as2_msgs/msg/detail/acro__rosidl_typesupport_introspection_cpp.hpp\n'}
[0.396425] (as2_msgs) StdoutLine: {'line': b'-- Up-to-date symlink: /home/developer/aerostack2_ws/install/as2_msgs/include/as2_msgs/as2_msgs/msg/detail/alert_event__rosidl_typesupport_introspection_cpp.hpp\n'}
[0.396484] (as2_msgs) StdoutLine: {'line': b'-- Up-to-date symlink: /home/developer/aerostack2_ws/install/as2_msgs/include/as2_msgs/as2_msgs/msg/detail/behavior_status__rosidl_typesupport_introspection_cpp.hpp\n'}
[0.396539] (as2_msgs) StdoutLine: {'line': b'-- Up-to-date symlink: /home/developer/aerostack2_ws/install/as2_msgs/include/as2_msgs/as2_msgs/msg/detail/control_mode__rosidl_typesupport_introspection_cpp.hpp\n'}
[0.396596] (as2_msgs) StdoutLine: {'line': b'-- Up-to-date symlink: /home/developer/aerostack2_ws/install/as2_msgs/include/as2_msgs/as2_msgs/msg/detail/controller_info__rosidl_typesupport_introspection_cpp.hpp\n'}
[0.396651] (as2_msgs) StdoutLine: {'line': b'-- Up-to-date symlink: /home/developer/aerostack2_ws/install/as2_msgs/include/as2_msgs/as2_msgs/msg/detail/follow_target_info__rosidl_typesupport_introspection_cpp.hpp\n'}
[0.396707] (as2_msgs) StdoutLine: {'line': b'-- Up-to-date symlink: /home/developer/aerostack2_ws/install/as2_msgs/include/as2_msgs/as2_msgs/msg/detail/geozone__rosidl_typesupport_introspection_cpp.hpp\n'}
[0.396764] (as2_msgs) StdoutLine: {'line': b'-- Up-to-date symlink: /home/developer/aerostack2_ws/install/as2_msgs/include/as2_msgs/as2_msgs/msg/detail/gimbal_control__rosidl_typesupport_introspection_cpp.hpp\n'}
[0.396824] (as2_msgs) StdoutLine: {'line': b'-- Up-to-date symlink: /home/developer/aerostack2_ws/install/as2_msgs/include/as2_msgs/as2_msgs/msg/detail/mission_event__rosidl_typesupport_introspection_cpp.hpp\n'}
[0.396878] (as2_msgs) StdoutLine: {'line': b'-- Up-to-date symlink: /home/developer/aerostack2_ws/install/as2_msgs/include/as2_msgs/as2_msgs/msg/detail/mission_update__rosidl_typesupport_introspection_cpp.hpp\n'}
[0.396934] (as2_msgs) StdoutLine: {'line': b'-- Up-to-date symlink: /home/developer/aerostack2_ws/install/as2_msgs/include/as2_msgs/as2_msgs/msg/detail/node_status__rosidl_typesupport_introspection_cpp.hpp\n'}
[0.396992] (as2_msgs) StdoutLine: {'line': b'-- Up-to-date symlink: /home/developer/aerostack2_ws/install/as2_msgs/include/as2_msgs/as2_msgs/msg/detail/platform_info__rosidl_typesupport_introspection_cpp.hpp\n'}
[0.397050] (as2_msgs) StdoutLine: {'line': b'-- Up-to-date symlink: /home/developer/aerostack2_ws/install/as2_msgs/include/as2_msgs/as2_msgs/msg/detail/platform_state_machine_event__rosidl_typesupport_introspection_cpp.hpp\n'}
[0.397109] (as2_msgs) StdoutLine: {'line': b'-- Up-to-date symlink: /home/developer/aerostack2_ws/install/as2_msgs/include/as2_msgs/as2_msgs/msg/detail/platform_status__rosidl_typesupport_introspection_cpp.hpp\n'}
[0.397170] (as2_msgs) StdoutLine: {'line': b'-- Up-to-date symlink: /home/developer/aerostack2_ws/install/as2_msgs/include/as2_msgs/as2_msgs/msg/detail/polygon_list__rosidl_typesupport_introspection_cpp.hpp\n'}
[0.397226] (as2_msgs) StdoutLine: {'line': b'-- Up-to-date symlink: /home/developer/aerostack2_ws/install/as2_msgs/include/as2_msgs/as2_msgs/msg/detail/pose_stamped_with_id__rosidl_typesupport_introspection_cpp.hpp\n'}
[0.397283] (as2_msgs) StdoutLine: {'line': b'-- Up-to-date symlink: /home/developer/aerostack2_ws/install/as2_msgs/include/as2_msgs/as2_msgs/msg/detail/pose_stamped_with_id_array__rosidl_typesupport_introspection_cpp.hpp\n'}
[0.397340] (as2_msgs) StdoutLine: {'line': b'-- Up-to-date symlink: /home/developer/aerostack2_ws/install/as2_msgs/include/as2_msgs/as2_msgs/msg/detail/pose_with_id__rosidl_typesupport_introspection_cpp.hpp\n'}
[0.397399] (as2_msgs) StdoutLine: {'line': b'-- Up-to-date symlink: /home/developer/aerostack2_ws/install/as2_msgs/include/as2_msgs/as2_msgs/msg/detail/pose_with_id_array__rosidl_typesupport_introspection_cpp.hpp\n'}
[0.397509] (as2_msgs) StdoutLine: {'line': b'-- Up-to-date symlink: /home/developer/aerostack2_ws/install/as2_msgs/include/as2_msgs/as2_msgs/msg/detail/speed__rosidl_typesupport_introspection_cpp.hpp\n'}
[0.397613] (as2_msgs) StdoutLine: {'line': b'-- Up-to-date symlink: /home/developer/aerostack2_ws/install/as2_msgs/include/as2_msgs/as2_msgs/msg/detail/thrust__rosidl_typesupport_introspection_cpp.hpp\n'}
[0.397723] (as2_msgs) StdoutLine: {'line': b'-- Up-to-date symlink: /home/developer/aerostack2_ws/install/as2_msgs/include/as2_msgs/as2_msgs/msg/detail/traj_gen_info__rosidl_typesupport_introspection_cpp.hpp\n'}
[0.397880] (as2_msgs) StdoutLine: {'line': b'-- Up-to-date symlink: /home/developer/aerostack2_ws/install/as2_msgs/include/as2_msgs/as2_msgs/msg/detail/trajectory_point__rosidl_typesupport_introspection_cpp.hpp\n'}
[0.397959] (as2_msgs) StdoutLine: {'line': b'-- Up-to-date symlink: /home/developer/aerostack2_ws/install/as2_msgs/include/as2_msgs/as2_msgs/msg/detail/trajectory_setpoints__rosidl_typesupport_introspection_cpp.hpp\n'}
[0.398050] (as2_msgs) StdoutLine: {'line': b'-- Up-to-date symlink: /home/developer/aerostack2_ws/install/as2_msgs/include/as2_msgs/as2_msgs/msg/detail/u_int16_multi_array_stamped__rosidl_typesupport_introspection_cpp.hpp\n'}
[0.398164] (as2_msgs) StdoutLine: {'line': b'-- Up-to-date symlink: /home/developer/aerostack2_ws/install/as2_msgs/include/as2_msgs/as2_msgs/msg/detail/yaw_mode__rosidl_typesupport_introspection_cpp.hpp\n'}
[0.398410] (as2_msgs) StdoutLine: {'line': b'-- Up-to-date symlink: /home/developer/aerostack2_ws/install/as2_msgs/include/as2_msgs/as2_msgs/srv/detail/add_static_transform__rosidl_typesupport_introspection_cpp.hpp\n'}
[0.398463] (as2_msgs) StdoutLine: {'line': b'-- Up-to-date symlink: /home/developer/aerostack2_ws/install/as2_msgs/include/as2_msgs/as2_msgs/srv/detail/add_static_transform_gps__rosidl_typesupport_introspection_cpp.hpp\n'}
[0.398520] (as2_msgs) StdoutLine: {'line': b'-- Up-to-date symlink: /home/developer/aerostack2_ws/install/as2_msgs/include/as2_msgs/as2_msgs/srv/detail/dynamic_follower__rosidl_typesupport_introspection_cpp.hpp\n'}
[0.398578] (as2_msgs) StdoutLine: {'line': b'-- Up-to-date symlink: /home/developer/aerostack2_ws/install/as2_msgs/include/as2_msgs/as2_msgs/srv/detail/dynamic_land__rosidl_typesupport_introspection_cpp.hpp\n'}
[0.398633] (as2_msgs) StdoutLine: {'line': b'-- Up-to-date symlink: /home/developer/aerostack2_ws/install/as2_msgs/include/as2_msgs/as2_msgs/srv/detail/geopath_to_path__rosidl_typesupport_introspection_cpp.hpp\n'}
[0.398692] (as2_msgs) StdoutLine: {'line': b'-- Up-to-date symlink: /home/developer/aerostack2_ws/install/as2_msgs/include/as2_msgs/as2_msgs/srv/detail/get_geozone__rosidl_typesupport_introspection_cpp.hpp\n'}
[0.398755] (as2_msgs) StdoutLine: {'line': b'-- Up-to-date symlink: /home/developer/aerostack2_ws/install/as2_msgs/include/as2_msgs/as2_msgs/srv/detail/get_origin__rosidl_typesupport_introspection_cpp.hpp\n'}
[0.398816] (as2_msgs) StdoutLine: {'line': b'-- Up-to-date symlink: /home/developer/aerostack2_ws/install/as2_msgs/include/as2_msgs/as2_msgs/srv/detail/list_control_modes__rosidl_typesupport_introspection_cpp.hpp\n'}
[0.398869] (as2_msgs) StdoutLine: {'line': b'-- Up-to-date symlink: /home/developer/aerostack2_ws/install/as2_msgs/include/as2_msgs/as2_msgs/srv/detail/modify_swarm__rosidl_typesupport_introspection_cpp.hpp\n'}
[0.398925] (as2_msgs) StdoutLine: {'line': b'-- Up-to-date symlink: /home/developer/aerostack2_ws/install/as2_msgs/include/as2_msgs/as2_msgs/srv/detail/package_pick_up__rosidl_typesupport_introspection_cpp.hpp\n'}
[0.398982] (as2_msgs) StdoutLine: {'line': b'-- Up-to-date symlink: /home/developer/aerostack2_ws/install/as2_msgs/include/as2_msgs/as2_msgs/srv/detail/package_un_pick__rosidl_typesupport_introspection_cpp.hpp\n'}
[0.399042] (as2_msgs) StdoutLine: {'line': b'-- Up-to-date symlink: /home/developer/aerostack2_ws/install/as2_msgs/include/as2_msgs/as2_msgs/srv/detail/path_to_geopath__rosidl_typesupport_introspection_cpp.hpp\n'}
[0.399097] (as2_msgs) StdoutLine: {'line': b'-- Up-to-date symlink: /home/developer/aerostack2_ws/install/as2_msgs/include/as2_msgs/as2_msgs/srv/detail/set_control_mode__rosidl_typesupport_introspection_cpp.hpp\n'}
[0.399161] (as2_msgs) StdoutLine: {'line': b'-- Up-to-date symlink: /home/developer/aerostack2_ws/install/as2_msgs/include/as2_msgs/as2_msgs/srv/detail/set_geozone__rosidl_typesupport_introspection_cpp.hpp\n'}
[0.399215] (as2_msgs) StdoutLine: {'line': b'-- Up-to-date symlink: /home/developer/aerostack2_ws/install/as2_msgs/include/as2_msgs/as2_msgs/srv/detail/set_origin__rosidl_typesupport_introspection_cpp.hpp\n'}
[0.399273] (as2_msgs) StdoutLine: {'line': b'-- Up-to-date symlink: /home/developer/aerostack2_ws/install/as2_msgs/include/as2_msgs/as2_msgs/srv/detail/set_platform_state_machine_event__rosidl_typesupport_introspection_cpp.hpp\n'}
[0.399331] (as2_msgs) StdoutLine: {'line': b'-- Up-to-date symlink: /home/developer/aerostack2_ws/install/as2_msgs/include/as2_msgs/as2_msgs/srv/detail/set_speed__rosidl_typesupport_introspection_cpp.hpp\n'}
[0.399428] (as2_msgs) StdoutLine: {'line': b'-- Up-to-date symlink: /home/developer/aerostack2_ws/install/as2_msgs/share/as2_msgs/environment/pythonpath.sh\n'}
[0.399509] (as2_msgs) StdoutLine: {'line': b'-- Up-to-date symlink: /home/developer/aerostack2_ws/install/as2_msgs/share/as2_msgs/environment/pythonpath.dsv\n'}
[0.399735] (as2_msgs) StdoutLine: {'line': b'-- Up-to-date symlink: /home/developer/aerostack2_ws/install/as2_msgs/local/lib/python3.10/dist-packages/as2_msgs-1.1.3-py3.10.egg-info/PKG-INFO\n'}
[0.399811] (as2_msgs) StdoutLine: {'line': b'-- Up-to-date symlink: /home/developer/aerostack2_ws/install/as2_msgs/local/lib/python3.10/dist-packages/as2_msgs-1.1.3-py3.10.egg-info/SOURCES.txt\n'}
[0.399852] (as2_msgs) StdoutLine: {'line': b'-- Up-to-date symlink: /home/developer/aerostack2_ws/install/as2_msgs/local/lib/python3.10/dist-packages/as2_msgs-1.1.3-py3.10.egg-info/dependency_links.txt\n'}
[0.399904] (as2_msgs) StdoutLine: {'line': b'-- Up-to-date symlink: /home/developer/aerostack2_ws/install/as2_msgs/local/lib/python3.10/dist-packages/as2_msgs-1.1.3-py3.10.egg-info/top_level.txt\n'}
[0.400143] (-) TimerEvent: {}
[0.401495] (as2_msgs) StdoutLine: {'line': b'-- Up-to-date symlink: /home/developer/aerostack2_ws/install/as2_msgs/local/lib/python3.10/dist-packages/as2_msgs/__init__.py\n'}
[0.401553] (as2_msgs) StdoutLine: {'line': b'-- Up-to-date symlink: /home/developer/aerostack2_ws/install/as2_msgs/local/lib/python3.10/dist-packages/as2_msgs/_as2_msgs_s.ep.rosidl_typesupport_c.c\n'}
[0.401586] (as2_msgs) StdoutLine: {'line': b'-- Up-to-date symlink: /home/developer/aerostack2_ws/install/as2_msgs/local/lib/python3.10/dist-packages/as2_msgs/_as2_msgs_s.ep.rosidl_typesupport_fastrtps_c.c\n'}
[0.401632] (as2_msgs) StdoutLine: {'line': b'-- Up-to-date symlink: /home/developer/aerostack2_ws/install/as2_msgs/local/lib/python3.10/dist-packages/as2_msgs/_as2_msgs_s.ep.rosidl_typesupport_introspection_c.c\n'}
[0.401705] (as2_msgs) StdoutLine: {'line': b'-- Up-to-date symlink: /home/developer/aerostack2_ws/install/as2_msgs/local/lib/python3.10/dist-packages/as2_msgs/action/__init__.py\n'}
[0.401768] (as2_msgs) StdoutLine: {'line': b'-- Up-to-date symlink: /home/developer/aerostack2_ws/install/as2_msgs/local/lib/python3.10/dist-packages/as2_msgs/action/_detect_aruco_markers.py\n'}
[0.401829] (as2_msgs) StdoutLine: {'line': b'-- Up-to-date symlink: /home/developer/aerostack2_ws/install/as2_msgs/local/lib/python3.10/dist-packages/as2_msgs/action/_detect_aruco_markers_s.c\n'}
[0.401885] (as2_msgs) StdoutLine: {'line': b'-- Up-to-date symlink: /home/developer/aerostack2_ws/install/as2_msgs/local/lib/python3.10/dist-packages/as2_msgs/action/_follow_path.py\n'}
[0.401944] (as2_msgs) StdoutLine: {'line': b'-- Up-to-date symlink: /home/developer/aerostack2_ws/install/as2_msgs/local/lib/python3.10/dist-packages/as2_msgs/action/_follow_path_s.c\n'}
[0.402060] (as2_msgs) StdoutLine: {'line': b'-- Up-to-date symlink: /home/developer/aerostack2_ws/install/as2_msgs/local/lib/python3.10/dist-packages/as2_msgs/action/_follow_reference.py\n'}
[0.402174] (as2_msgs) StdoutLine: {'line': b'-- Up-to-date symlink: /home/developer/aerostack2_ws/install/as2_msgs/local/lib/python3.10/dist-packages/as2_msgs/action/_follow_reference_s.c\n'}
[0.402283] (as2_msgs) StdoutLine: {'line': b'-- Up-to-date symlink: /home/developer/aerostack2_ws/install/as2_msgs/local/lib/python3.10/dist-packages/as2_msgs/action/_force_estimation.py\n'}
[0.402396] (as2_msgs) StdoutLine: {'line': b'-- Up-to-date symlink: /home/developer/aerostack2_ws/install/as2_msgs/local/lib/python3.10/dist-packages/as2_msgs/action/_force_estimation_s.c\n'}
[0.402504] (as2_msgs) StdoutLine: {'line': b'-- Up-to-date symlink: /home/developer/aerostack2_ws/install/as2_msgs/local/lib/python3.10/dist-packages/as2_msgs/action/_generate_polynomial_trajectory.py\n'}
[0.402619] (as2_msgs) StdoutLine: {'line': b'-- Up-to-date symlink: /home/developer/aerostack2_ws/install/as2_msgs/local/lib/python3.10/dist-packages/as2_msgs/action/_generate_polynomial_trajectory_s.c\n'}
[0.402729] (as2_msgs) StdoutLine: {'line': b'-- Up-to-date symlink: /home/developer/aerostack2_ws/install/as2_msgs/local/lib/python3.10/dist-packages/as2_msgs/action/_go_to_waypoint.py\n'}
[0.402901] (as2_msgs) StdoutLine: {'line': b'-- Up-to-date symlink: /home/developer/aerostack2_ws/install/as2_msgs/local/lib/python3.10/dist-packages/as2_msgs/action/_go_to_waypoint_s.c\n'}
[0.402960] (as2_msgs) StdoutLine: {'line': b'-- Up-to-date symlink: /home/developer/aerostack2_ws/install/as2_msgs/local/lib/python3.10/dist-packages/as2_msgs/action/_gripper_handler.py\n'}
[0.403020] (as2_msgs) StdoutLine: {'line': b'-- Up-to-date symlink: /home/developer/aerostack2_ws/install/as2_msgs/local/lib/python3.10/dist-packages/as2_msgs/action/_gripper_handler_s.c\n'}
[0.403078] (as2_msgs) StdoutLine: {'line': b'-- Up-to-date symlink: /home/developer/aerostack2_ws/install/as2_msgs/local/lib/python3.10/dist-packages/as2_msgs/action/_land.py\n'}
[0.403137] (as2_msgs) StdoutLine: {'line': b'-- Up-to-date symlink: /home/developer/aerostack2_ws/install/as2_msgs/local/lib/python3.10/dist-packages/as2_msgs/action/_land_s.c\n'}
[0.403193] (as2_msgs) StdoutLine: {'line': b'-- Up-to-date symlink: /home/developer/aerostack2_ws/install/as2_msgs/local/lib/python3.10/dist-packages/as2_msgs/action/_mass_estimation.py\n'}
[0.403250] (as2_msgs) StdoutLine: {'line': b'-- Up-to-date symlink: /home/developer/aerostack2_ws/install/as2_msgs/local/lib/python3.10/dist-packages/as2_msgs/action/_mass_estimation_s.c\n'}
[0.403306] (as2_msgs) StdoutLine: {'line': b'-- Up-to-date symlink: /home/developer/aerostack2_ws/install/as2_msgs/local/lib/python3.10/dist-packages/as2_msgs/action/_navigate_to_point.py\n'}
[0.403366] (as2_msgs) StdoutLine: {'line': b'-- Up-to-date symlink: /home/developer/aerostack2_ws/install/as2_msgs/local/lib/python3.10/dist-packages/as2_msgs/action/_navigate_to_point_s.c\n'}
[0.403427] (as2_msgs) StdoutLine: {'line': b'-- Up-to-date symlink: /home/developer/aerostack2_ws/install/as2_msgs/local/lib/python3.10/dist-packages/as2_msgs/action/_point_gimbal.py\n'}
[0.403489] (as2_msgs) StdoutLine: {'line': b'-- Up-to-date symlink: /home/developer/aerostack2_ws/install/as2_msgs/local/lib/python3.10/dist-packages/as2_msgs/action/_point_gimbal_s.c\n'}
[0.403554] (as2_msgs) StdoutLine: {'line': b'-- Up-to-date symlink: /home/developer/aerostack2_ws/install/as2_msgs/local/lib/python3.10/dist-packages/as2_msgs/action/_precision_landing.py\n'}
[0.403613] (as2_msgs) StdoutLine: {'line': b'-- Up-to-date symlink: /home/developer/aerostack2_ws/install/as2_msgs/local/lib/python3.10/dist-packages/as2_msgs/action/_precision_landing_s.c\n'}
[0.403672] (as2_msgs) StdoutLine: {'line': b'-- Up-to-date symlink: /home/developer/aerostack2_ws/install/as2_msgs/local/lib/python3.10/dist-packages/as2_msgs/action/_set_arming_state.py\n'}
[0.403730] (as2_msgs) StdoutLine: {'line': b'-- Up-to-date symlink: /home/developer/aerostack2_ws/install/as2_msgs/local/lib/python3.10/dist-packages/as2_msgs/action/_set_arming_state_s.c\n'}
[0.403791] (as2_msgs) StdoutLine: {'line': b'-- Up-to-date symlink: /home/developer/aerostack2_ws/install/as2_msgs/local/lib/python3.10/dist-packages/as2_msgs/action/_set_offboard_mode.py\n'}
[0.403853] (as2_msgs) StdoutLine: {'line': b'-- Up-to-date symlink: /home/developer/aerostack2_ws/install/as2_msgs/local/lib/python3.10/dist-packages/as2_msgs/action/_set_offboard_mode_s.c\n'}
[0.403907] (as2_msgs) StdoutLine: {'line': b'-- Up-to-date symlink: /home/developer/aerostack2_ws/install/as2_msgs/local/lib/python3.10/dist-packages/as2_msgs/action/_swarm_flocking.py\n'}
[0.404032] (as2_msgs) StdoutLine: {'line': b'-- Up-to-date symlink: /home/developer/aerostack2_ws/install/as2_msgs/local/lib/python3.10/dist-packages/as2_msgs/action/_swarm_flocking_s.c\n'}
[0.404092] (as2_msgs) StdoutLine: {'line': b'-- Up-to-date symlink: /home/developer/aerostack2_ws/install/as2_msgs/local/lib/python3.10/dist-packages/as2_msgs/action/_takeoff.py\n'}
[0.404152] (as2_msgs) StdoutLine: {'line': b'-- Up-to-date symlink: /home/developer/aerostack2_ws/install/as2_msgs/local/lib/python3.10/dist-packages/as2_msgs/action/_takeoff_s.c\n'}
[0.404214] (as2_msgs) StdoutLine: {'line': b'-- Up-to-date symlink: /home/developer/aerostack2_ws/install/as2_msgs/local/lib/python3.10/dist-packages/as2_msgs/as2_msgs_s__rosidl_typesupport_c.cpython-310-x86_64-linux-gnu.so\n'}
[0.404279] (as2_msgs) StdoutLine: {'line': b'-- Up-to-date symlink: /home/developer/aerostack2_ws/install/as2_msgs/local/lib/python3.10/dist-packages/as2_msgs/as2_msgs_s__rosidl_typesupport_fastrtps_c.cpython-310-x86_64-linux-gnu.so\n'}
[0.404335] (as2_msgs) StdoutLine: {'line': b'-- Up-to-date symlink: /home/developer/aerostack2_ws/install/as2_msgs/local/lib/python3.10/dist-packages/as2_msgs/as2_msgs_s__rosidl_typesupport_introspection_c.cpython-310-x86_64-linux-gnu.so\n'}
[0.404390] (as2_msgs) StdoutLine: {'line': b'-- Up-to-date symlink: /home/developer/aerostack2_ws/install/as2_msgs/local/lib/python3.10/dist-packages/as2_msgs/libas2_msgs__rosidl_generator_py.so\n'}
[0.404460] (as2_msgs) StdoutLine: {'line': b'-- Up-to-date symlink: /home/developer/aerostack2_ws/install/as2_msgs/local/lib/python3.10/dist-packages/as2_msgs/msg/__init__.py\n'}
[0.404517] (as2_msgs) StdoutLine: {'line': b'-- Up-to-date symlink: /home/developer/aerostack2_ws/install/as2_msgs/local/lib/python3.10/dist-packages/as2_msgs/msg/_acro.py\n'}
[0.404575] (as2_msgs) StdoutLine: {'line': b'-- Up-to-date symlink: /home/developer/aerostack2_ws/install/as2_msgs/local/lib/python3.10/dist-packages/as2_msgs/msg/_acro_s.c\n'}
[0.404632] (as2_msgs) StdoutLine: {'line': b'-- Up-to-date symlink: /home/developer/aerostack2_ws/install/as2_msgs/local/lib/python3.10/dist-packages/as2_msgs/msg/_alert_event.py\n'}
[0.404693] (as2_msgs) StdoutLine: {'line': b'-- Up-to-date symlink: /home/developer/aerostack2_ws/install/as2_msgs/local/lib/python3.10/dist-packages/as2_msgs/msg/_alert_event_s.c\n'}
[0.404747] (as2_msgs) StdoutLine: {'line': b'-- Up-to-date symlink: /home/developer/aerostack2_ws/install/as2_msgs/local/lib/python3.10/dist-packages/as2_msgs/msg/_behavior_status.py\n'}
[0.404801] (as2_msgs) StdoutLine: {'line': b'-- Up-to-date symlink: /home/developer/aerostack2_ws/install/as2_msgs/local/lib/python3.10/dist-packages/as2_msgs/msg/_behavior_status_s.c\n'}
[0.404858] (as2_msgs) StdoutLine: {'line': b'-- Up-to-date symlink: /home/developer/aerostack2_ws/install/as2_msgs/local/lib/python3.10/dist-packages/as2_msgs/msg/_control_mode.py\n'}
[0.404915] (as2_msgs) StdoutLine: {'line': b'-- Up-to-date symlink: /home/developer/aerostack2_ws/install/as2_msgs/local/lib/python3.10/dist-packages/as2_msgs/msg/_control_mode_s.c\n'}
[0.404976] (as2_msgs) StdoutLine: {'line': b'-- Up-to-date symlink: /home/developer/aerostack2_ws/install/as2_msgs/local/lib/python3.10/dist-packages/as2_msgs/msg/_controller_info.py\n'}
[0.405039] (as2_msgs) StdoutLine: {'line': b'-- Up-to-date symlink: /home/developer/aerostack2_ws/install/as2_msgs/local/lib/python3.10/dist-packages/as2_msgs/msg/_controller_info_s.c\n'}
[0.405096] (as2_msgs) StdoutLine: {'line': b'-- Up-to-date symlink: /home/developer/aerostack2_ws/install/as2_msgs/local/lib/python3.10/dist-packages/as2_msgs/msg/_follow_target_info.py\n'}
[0.405152] (as2_msgs) StdoutLine: {'line': b'-- Up-to-date symlink: /home/developer/aerostack2_ws/install/as2_msgs/local/lib/python3.10/dist-packages/as2_msgs/msg/_follow_target_info_s.c\n'}
[0.405263] (as2_msgs) StdoutLine: {'line': b'-- Up-to-date symlink: /home/developer/aerostack2_ws/install/as2_msgs/local/lib/python3.10/dist-packages/as2_msgs/msg/_geozone.py\n'}
[0.405376] (as2_msgs) StdoutLine: {'line': b'-- Up-to-date symlink: /home/developer/aerostack2_ws/install/as2_msgs/local/lib/python3.10/dist-packages/as2_msgs/msg/_geozone_s.c\n'}
[0.405475] (as2_msgs) StdoutLine: {'line': b'-- Up-to-date symlink: /home/developer/aerostack2_ws/install/as2_msgs/local/lib/python3.10/dist-packages/as2_msgs/msg/_gimbal_control.py\n'}
[0.405583] (as2_msgs) StdoutLine: {'line': b'-- Up-to-date symlink: /home/developer/aerostack2_ws/install/as2_msgs/local/lib/python3.10/dist-packages/as2_msgs/msg/_gimbal_control_s.c\n'}
[0.405683] (as2_msgs) StdoutLine: {'line': b'-- Up-to-date symlink: /home/developer/aerostack2_ws/install/as2_msgs/local/lib/python3.10/dist-packages/as2_msgs/msg/_mission_event.py\n'}
[0.405798] (as2_msgs) StdoutLine: {'line': b'-- Up-to-date symlink: /home/developer/aerostack2_ws/install/as2_msgs/local/lib/python3.10/dist-packages/as2_msgs/msg/_mission_event_s.c\n'}
[0.405902] (as2_msgs) StdoutLine: {'line': b'-- Up-to-date symlink: /home/developer/aerostack2_ws/install/as2_msgs/local/lib/python3.10/dist-packages/as2_msgs/msg/_mission_update.py\n'}
[0.406123] (as2_msgs) StdoutLine: {'line': b'-- Up-to-date symlink: /home/developer/aerostack2_ws/install/as2_msgs/local/lib/python3.10/dist-packages/as2_msgs/msg/_mission_update_s.c\n'}
[0.406180] (as2_msgs) StdoutLine: {'line': b'-- Up-to-date symlink: /home/developer/aerostack2_ws/install/as2_msgs/local/lib/python3.10/dist-packages/as2_msgs/msg/_node_status.py\n'}
[0.406236] (as2_msgs) StdoutLine: {'line': b'-- Up-to-date symlink: /home/developer/aerostack2_ws/install/as2_msgs/local/lib/python3.10/dist-packages/as2_msgs/msg/_node_status_s.c\n'}
[0.406294] (as2_msgs) StdoutLine: {'line': b'-- Up-to-date symlink: /home/developer/aerostack2_ws/install/as2_msgs/local/lib/python3.10/dist-packages/as2_msgs/msg/_platform_info.py\n'}
[0.406590] (as2_msgs) StdoutLine: {'line': b'-- Up-to-date symlink: /home/developer/aerostack2_ws/install/as2_msgs/local/lib/python3.10/dist-packages/as2_msgs/msg/_platform_info_s.c\n'}
[0.406650] (as2_msgs) StdoutLine: {'line': b'-- Up-to-date symlink: /home/developer/aerostack2_ws/install/as2_msgs/local/lib/python3.10/dist-packages/as2_msgs/msg/_platform_state_machine_event.py\n'}
[0.406683] (as2_msgs) StdoutLine: {'line': b'-- Up-to-date symlink: /home/developer/aerostack2_ws/install/as2_msgs/local/lib/python3.10/dist-packages/as2_msgs/msg/_platform_state_machine_event_s.c\n'}
[0.406740] (as2_msgs) StdoutLine: {'line': b'-- Up-to-date symlink: /home/developer/aerostack2_ws/install/as2_msgs/local/lib/python3.10/dist-packages/as2_msgs/msg/_platform_status.py\n'}
[0.406847] (as2_msgs) StdoutLine: {'line': b'-- Up-to-date symlink: /home/developer/aerostack2_ws/install/as2_msgs/local/lib/python3.10/dist-packages/as2_msgs/msg/_platform_status_s.c\n'}
[0.406951] (as2_msgs) StdoutLine: {'line': b'-- Up-to-date symlink: /home/developer/aerostack2_ws/install/as2_msgs/local/lib/python3.10/dist-packages/as2_msgs/msg/_polygon_list.py\n'}
[0.407063] (as2_msgs) StdoutLine: {'line': b'-- Up-to-date symlink: /home/developer/aerostack2_ws/install/as2_msgs/local/lib/python3.10/dist-packages/as2_msgs/msg/_polygon_list_s.c\n'}
[0.407164] (as2_msgs) StdoutLine: {'line': b'-- Up-to-date symlink: /home/developer/aerostack2_ws/install/as2_msgs/local/lib/python3.10/dist-packages/as2_msgs/msg/_pose_stamped_with_id.py\n'}
[0.407283] (as2_msgs) StdoutLine: {'line': b'-- Up-to-date symlink: /home/developer/aerostack2_ws/install/as2_msgs/local/lib/python3.10/dist-packages/as2_msgs/msg/_pose_stamped_with_id_array.py\n'}
[0.407388] (as2_msgs) StdoutLine: {'line': b'-- Up-to-date symlink: /home/developer/aerostack2_ws/install/as2_msgs/local/lib/python3.10/dist-packages/as2_msgs/msg/_pose_stamped_with_id_array_s.c\n'}
[0.407497] (as2_msgs) StdoutLine: {'line': b'-- Up-to-date symlink: /home/developer/aerostack2_ws/install/as2_msgs/local/lib/python3.10/dist-packages/as2_msgs/msg/_pose_stamped_with_id_s.c\n'}
[0.407728] (as2_msgs) StdoutLine: {'line': b'-- Up-to-date symlink: /home/developer/aerostack2_ws/install/as2_msgs/local/lib/python3.10/dist-packages/as2_msgs/msg/_pose_with_id.py\n'}
[0.407764] (as2_msgs) StdoutLine: {'line': b'-- Up-to-date symlink: /home/developer/aerostack2_ws/install/as2_msgs/local/lib/python3.10/dist-packages/as2_msgs/msg/_pose_with_id_array.py\n'}
[0.407893] (as2_msgs) StdoutLine: {'line': b'-- Up-to-date symlink: /home/developer/aerostack2_ws/install/as2_msgs/local/lib/python3.10/dist-packages/as2_msgs/msg/_pose_with_id_array_s.c\n'}
[0.407925] (as2_msgs) StdoutLine: {'line': b'-- Up-to-date symlink: /home/developer/aerostack2_ws/install/as2_msgs/local/lib/python3.10/dist-packages/as2_msgs/msg/_pose_with_id_s.c\n'}
[0.407955] (as2_msgs) StdoutLine: {'line': b'-- Up-to-date symlink: /home/developer/aerostack2_ws/install/as2_msgs/local/lib/python3.10/dist-packages/as2_msgs/msg/_speed.py\n'}
[0.408011] (as2_msgs) StdoutLine: {'line': b'-- Up-to-date symlink: /home/developer/aerostack2_ws/install/as2_msgs/local/lib/python3.10/dist-packages/as2_msgs/msg/_speed_s.c\n'}
[0.408072] (as2_msgs) StdoutLine: {'line': b'-- Up-to-date symlink: /home/developer/aerostack2_ws/install/as2_msgs/local/lib/python3.10/dist-packages/as2_msgs/msg/_thrust.py\n'}
[0.408129] (as2_msgs) StdoutLine: {'line': b'-- Up-to-date symlink: /home/developer/aerostack2_ws/install/as2_msgs/local/lib/python3.10/dist-packages/as2_msgs/msg/_thrust_s.c\n'}
[0.408189] (as2_msgs) StdoutLine: {'line': b'-- Up-to-date symlink: /home/developer/aerostack2_ws/install/as2_msgs/local/lib/python3.10/dist-packages/as2_msgs/msg/_traj_gen_info.py\n'}
[0.408246] (as2_msgs) StdoutLine: {'line': b'-- Up-to-date symlink: /home/developer/aerostack2_ws/install/as2_msgs/local/lib/python3.10/dist-packages/as2_msgs/msg/_traj_gen_info_s.c\n'}
[0.408308] (as2_msgs) StdoutLine: {'line': b'-- Up-to-date symlink: /home/developer/aerostack2_ws/install/as2_msgs/local/lib/python3.10/dist-packages/as2_msgs/msg/_trajectory_point.py\n'}
[0.408367] (as2_msgs) StdoutLine: {'line': b'-- Up-to-date symlink: /home/developer/aerostack2_ws/install/as2_msgs/local/lib/python3.10/dist-packages/as2_msgs/msg/_trajectory_point_s.c\n'}
[0.408445] (as2_msgs) StdoutLine: {'line': b'-- Up-to-date symlink: /home/developer/aerostack2_ws/install/as2_msgs/local/lib/python3.10/dist-packages/as2_msgs/msg/_trajectory_setpoints.py\n'}
[0.408485] (as2_msgs) StdoutLine: {'line': b'-- Up-to-date symlink: /home/developer/aerostack2_ws/install/as2_msgs/local/lib/python3.10/dist-packages/as2_msgs/msg/_trajectory_setpoints_s.c\n'}
[0.408539] (as2_msgs) StdoutLine: {'line': b'-- Up-to-date symlink: /home/developer/aerostack2_ws/install/as2_msgs/local/lib/python3.10/dist-packages/as2_msgs/msg/_u_int16_multi_array_stamped.py\n'}
[0.408594] (as2_msgs) StdoutLine: {'line': b'-- Up-to-date symlink: /home/developer/aerostack2_ws/install/as2_msgs/local/lib/python3.10/dist-packages/as2_msgs/msg/_u_int16_multi_array_stamped_s.c\n'}
[0.408649] (as2_msgs) StdoutLine: {'line': b'-- Up-to-date symlink: /home/developer/aerostack2_ws/install/as2_msgs/local/lib/python3.10/dist-packages/as2_msgs/msg/_yaw_mode.py\n'}
[0.408703] (as2_msgs) StdoutLine: {'line': b'-- Up-to-date symlink: /home/developer/aerostack2_ws/install/as2_msgs/local/lib/python3.10/dist-packages/as2_msgs/msg/_yaw_mode_s.c\n'}
[0.408769] (as2_msgs) StdoutLine: {'line': b'-- Up-to-date symlink: /home/developer/aerostack2_ws/install/as2_msgs/local/lib/python3.10/dist-packages/as2_msgs/srv/__init__.py\n'}
[0.408823] (as2_msgs) StdoutLine: {'line': b'-- Up-to-date symlink: /home/developer/aerostack2_ws/install/as2_msgs/local/lib/python3.10/dist-packages/as2_msgs/srv/_add_static_transform.py\n'}
[0.408879] (as2_msgs) StdoutLine: {'line': b'-- Up-to-date symlink: /home/developer/aerostack2_ws/install/as2_msgs/local/lib/python3.10/dist-packages/as2_msgs/srv/_add_static_transform_gps.py\n'}
[0.408936] (as2_msgs) StdoutLine: {'line': b'-- Up-to-date symlink: /home/developer/aerostack2_ws/install/as2_msgs/local/lib/python3.10/dist-packages/as2_msgs/srv/_add_static_transform_gps_s.c\n'}
[0.409060] (as2_msgs) StdoutLine: {'line': b'-- Up-to-date symlink: /home/developer/aerostack2_ws/install/as2_msgs/local/lib/python3.10/dist-packages/as2_msgs/srv/_add_static_transform_s.c\n'}
[0.409200] (as2_msgs) StdoutLine: {'line': b'-- Up-to-date symlink: /home/developer/aerostack2_ws/install/as2_msgs/local/lib/python3.10/dist-packages/as2_msgs/srv/_dynamic_follower.py\n'}
[0.409323] (as2_msgs) StdoutLine: {'line': b'-- Up-to-date symlink: /home/developer/aerostack2_ws/install/as2_msgs/local/lib/python3.10/dist-packages/as2_msgs/srv/_dynamic_follower_s.c\n'}
[0.409438] (as2_msgs) StdoutLine: {'line': b'-- Up-to-date symlink: /home/developer/aerostack2_ws/install/as2_msgs/local/lib/python3.10/dist-packages/as2_msgs/srv/_dynamic_land.py\n'}
[0.409541] (as2_msgs) StdoutLine: {'line': b'-- Up-to-date symlink: /home/developer/aerostack2_ws/install/as2_msgs/local/lib/python3.10/dist-packages/as2_msgs/srv/_dynamic_land_s.c\n'}
[0.409650] (as2_msgs) StdoutLine: {'line': b'-- Up-to-date symlink: /home/developer/aerostack2_ws/install/as2_msgs/local/lib/python3.10/dist-packages/as2_msgs/srv/_geopath_to_path.py\n'}
[0.409758] (as2_msgs) StdoutLine: {'line': b'-- Up-to-date symlink: /home/developer/aerostack2_ws/install/as2_msgs/local/lib/python3.10/dist-packages/as2_msgs/srv/_geopath_to_path_s.c\n'}
[0.409875] (as2_msgs) StdoutLine: {'line': b'-- Up-to-date symlink: /home/developer/aerostack2_ws/install/as2_msgs/local/lib/python3.10/dist-packages/as2_msgs/srv/_get_geozone.py\n'}
[0.409978] (as2_msgs) StdoutLine: {'line': b'-- Up-to-date symlink: /home/developer/aerostack2_ws/install/as2_msgs/local/lib/python3.10/dist-packages/as2_msgs/srv/_get_geozone_s.c\n'}
[0.410050] (as2_msgs) StdoutLine: {'line': b'-- Up-to-date symlink: /home/developer/aerostack2_ws/install/as2_msgs/local/lib/python3.10/dist-packages/as2_msgs/srv/_get_origin.py\n'}
[0.410107] (as2_msgs) StdoutLine: {'line': b'-- Up-to-date symlink: /home/developer/aerostack2_ws/install/as2_msgs/local/lib/python3.10/dist-packages/as2_msgs/srv/_get_origin_s.c\n'}
[0.410165] (as2_msgs) StdoutLine: {'line': b'-- Up-to-date symlink: /home/developer/aerostack2_ws/install/as2_msgs/local/lib/python3.10/dist-packages/as2_msgs/srv/_list_control_modes.py\n'}
[0.410222] (as2_msgs) StdoutLine: {'line': b'-- Up-to-date symlink: /home/developer/aerostack2_ws/install/as2_msgs/local/lib/python3.10/dist-packages/as2_msgs/srv/_list_control_modes_s.c\n'}
[0.410280] (as2_msgs) StdoutLine: {'line': b'-- Up-to-date symlink: /home/developer/aerostack2_ws/install/as2_msgs/local/lib/python3.10/dist-packages/as2_msgs/srv/_modify_swarm.py\n'}
[0.410340] (as2_msgs) StdoutLine: {'line': b'-- Up-to-date symlink: /home/developer/aerostack2_ws/install/as2_msgs/local/lib/python3.10/dist-packages/as2_msgs/srv/_modify_swarm_s.c\n'}
[0.410395] (as2_msgs) StdoutLine: {'line': b'-- Up-to-date symlink: /home/developer/aerostack2_ws/install/as2_msgs/local/lib/python3.10/dist-packages/as2_msgs/srv/_package_pick_up.py\n'}
[0.410450] (as2_msgs) StdoutLine: {'line': b'-- Up-to-date symlink: /home/developer/aerostack2_ws/install/as2_msgs/local/lib/python3.10/dist-packages/as2_msgs/srv/_package_pick_up_s.c\n'}
[0.410504] (as2_msgs) StdoutLine: {'line': b'-- Up-to-date symlink: /home/developer/aerostack2_ws/install/as2_msgs/local/lib/python3.10/dist-packages/as2_msgs/srv/_package_un_pick.py\n'}
[0.410560] (as2_msgs) StdoutLine: {'line': b'-- Up-to-date symlink: /home/developer/aerostack2_ws/install/as2_msgs/local/lib/python3.10/dist-packages/as2_msgs/srv/_package_un_pick_s.c\n'}
[0.410616] (as2_msgs) StdoutLine: {'line': b'-- Up-to-date symlink: /home/developer/aerostack2_ws/install/as2_msgs/local/lib/python3.10/dist-packages/as2_msgs/srv/_path_to_geopath.py\n'}
[0.410668] (as2_msgs) StdoutLine: {'line': b'-- Up-to-date symlink: /home/developer/aerostack2_ws/install/as2_msgs/local/lib/python3.10/dist-packages/as2_msgs/srv/_path_to_geopath_s.c\n'}
[0.410723] (as2_msgs) StdoutLine: {'line': b'-- Up-to-date symlink: /home/developer/aerostack2_ws/install/as2_msgs/local/lib/python3.10/dist-packages/as2_msgs/srv/_set_control_mode.py\n'}
[0.410777] (as2_msgs) StdoutLine: {'line': b'-- Up-to-date symlink: /home/developer/aerostack2_ws/install/as2_msgs/local/lib/python3.10/dist-packages/as2_msgs/srv/_set_control_mode_s.c\n'}
[0.410832] (as2_msgs) StdoutLine: {'line': b'-- Up-to-date symlink: /home/developer/aerostack2_ws/install/as2_msgs/local/lib/python3.10/dist-packages/as2_msgs/srv/_set_geozone.py\n'}
[0.410887] (as2_msgs) StdoutLine: {'line': b'-- Up-to-date symlink: /home/developer/aerostack2_ws/install/as2_msgs/local/lib/python3.10/dist-packages/as2_msgs/srv/_set_geozone_s.c\n'}
[0.410942] (as2_msgs) StdoutLine: {'line': b'-- Up-to-date symlink: /home/developer/aerostack2_ws/install/as2_msgs/local/lib/python3.10/dist-packages/as2_msgs/srv/_set_origin.py\n'}
[0.411000] (as2_msgs) StdoutLine: {'line': b'-- Up-to-date symlink: /home/developer/aerostack2_ws/install/as2_msgs/local/lib/python3.10/dist-packages/as2_msgs/srv/_set_origin_s.c\n'}
[0.411058] (as2_msgs) StdoutLine: {'line': b'-- Up-to-date symlink: /home/developer/aerostack2_ws/install/as2_msgs/local/lib/python3.10/dist-packages/as2_msgs/srv/_set_platform_state_machine_event.py\n'}
[0.411122] (as2_msgs) StdoutLine: {'line': b'-- Up-to-date symlink: /home/developer/aerostack2_ws/install/as2_msgs/local/lib/python3.10/dist-packages/as2_msgs/srv/_set_platform_state_machine_event_s.c\n'}
[0.411180] (as2_msgs) StdoutLine: {'line': b'-- Up-to-date symlink: /home/developer/aerostack2_ws/install/as2_msgs/local/lib/python3.10/dist-packages/as2_msgs/srv/_set_speed.py\n'}
[0.411234] (as2_msgs) StdoutLine: {'line': b'-- Up-to-date symlink: /home/developer/aerostack2_ws/install/as2_msgs/local/lib/python3.10/dist-packages/as2_msgs/srv/_set_speed_s.c\n'}
[0.411460] (as2_msgs) StdoutLine: {'line': b'-- Up-to-date symlink: /home/developer/aerostack2_ws/install/as2_msgs/local/lib/python3.10/dist-packages/as2_msgs/as2_msgs_s__rosidl_typesupport_fastrtps_c.cpython-310-x86_64-linux-gnu.so\n'}
[0.411655] (as2_msgs) StdoutLine: {'line': b'-- Up-to-date symlink: /home/developer/aerostack2_ws/install/as2_msgs/local/lib/python3.10/dist-packages/as2_msgs/as2_msgs_s__rosidl_typesupport_introspection_c.cpython-310-x86_64-linux-gnu.so\n'}
[0.411819] (as2_msgs) StdoutLine: {'line': b'-- Up-to-date symlink: /home/developer/aerostack2_ws/install/as2_msgs/local/lib/python3.10/dist-packages/as2_msgs/as2_msgs_s__rosidl_typesupport_c.cpython-310-x86_64-linux-gnu.so\n'}
[0.411924] (as2_msgs) StdoutLine: {'line': b'-- Up-to-date symlink: /home/developer/aerostack2_ws/install/as2_msgs/share/ament_index/resource_index/rust_packages/as2_msgs\n'}
[0.412181] (as2_msgs) StdoutLine: {'line': b'-- Up-to-date symlink: /home/developer/aerostack2_ws/install/as2_msgs/share/as2_msgs/rust/Cargo.toml\n'}
[0.412243] (as2_msgs) StdoutLine: {'line': b'-- Up-to-date symlink: /home/developer/aerostack2_ws/install/as2_msgs/share/as2_msgs/rust/build.rs\n'}
[0.412320] (as2_msgs) StdoutLine: {'line': b'-- Up-to-date symlink: /home/developer/aerostack2_ws/install/as2_msgs/share/as2_msgs/rust/src/action.rs\n'}
[0.412391] (as2_msgs) StdoutLine: {'line': b'-- Up-to-date symlink: /home/developer/aerostack2_ws/install/as2_msgs/share/as2_msgs/rust/src/action/rmw.rs\n'}
[0.412447] (as2_msgs) StdoutLine: {'line': b'-- Up-to-date symlink: /home/developer/aerostack2_ws/install/as2_msgs/share/as2_msgs/rust/src/lib.rs\n'}
[0.412505] (as2_msgs) StdoutLine: {'line': b'-- Up-to-date symlink: /home/developer/aerostack2_ws/install/as2_msgs/share/as2_msgs/rust/src/msg.rs\n'}
[0.412570] (as2_msgs) StdoutLine: {'line': b'-- Up-to-date symlink: /home/developer/aerostack2_ws/install/as2_msgs/share/as2_msgs/rust/src/msg/rmw.rs\n'}
[0.412624] (as2_msgs) StdoutLine: {'line': b'-- Up-to-date symlink: /home/developer/aerostack2_ws/install/as2_msgs/share/as2_msgs/rust/src/srv.rs\n'}
[0.412692] (as2_msgs) StdoutLine: {'line': b'-- Up-to-date symlink: /home/developer/aerostack2_ws/install/as2_msgs/share/as2_msgs/rust/src/srv/rmw.rs\n'}
[0.412789] (as2_msgs) StdoutLine: {'line': b'-- Up-to-date symlink: /home/developer/aerostack2_ws/install/as2_msgs/share/as2_msgs/msg/Acro.idl\n'}
[0.412864] (as2_msgs) StdoutLine: {'line': b'-- Up-to-date symlink: /home/developer/aerostack2_ws/install/as2_msgs/share/as2_msgs/msg/AlertEvent.idl\n'}
[0.412938] (as2_msgs) StdoutLine: {'line': b'-- Up-to-date symlink: /home/developer/aerostack2_ws/install/as2_msgs/share/as2_msgs/msg/BehaviorStatus.idl\n'}
[0.413014] (as2_msgs) StdoutLine: {'line': b'-- Up-to-date symlink: /home/developer/aerostack2_ws/install/as2_msgs/share/as2_msgs/msg/ControlMode.idl\n'}
[0.413093] (as2_msgs) StdoutLine: {'line': b'-- Up-to-date symlink: /home/developer/aerostack2_ws/install/as2_msgs/share/as2_msgs/msg/ControllerInfo.idl\n'}
[0.413204] (as2_msgs) StdoutLine: {'line': b'-- Up-to-date symlink: /home/developer/aerostack2_ws/install/as2_msgs/share/as2_msgs/msg/FollowTargetInfo.idl\n'}
[0.413244] (as2_msgs) StdoutLine: {'line': b'-- Up-to-date symlink: /home/developer/aerostack2_ws/install/as2_msgs/share/as2_msgs/msg/Geozone.idl\n'}
[0.413320] (as2_msgs) StdoutLine: {'line': b'-- Up-to-date symlink: /home/developer/aerostack2_ws/install/as2_msgs/share/as2_msgs/msg/GimbalControl.idl\n'}
[0.413390] (as2_msgs) StdoutLine: {'line': b'-- Up-to-date symlink: /home/developer/aerostack2_ws/install/as2_msgs/share/as2_msgs/msg/MissionEvent.idl\n'}
[0.413459] (as2_msgs) StdoutLine: {'line': b'-- Up-to-date symlink: /home/developer/aerostack2_ws/install/as2_msgs/share/as2_msgs/msg/MissionUpdate.idl\n'}
[0.413533] (as2_msgs) StdoutLine: {'line': b'-- Up-to-date symlink: /home/developer/aerostack2_ws/install/as2_msgs/share/as2_msgs/msg/NodeStatus.idl\n'}
[0.413599] (as2_msgs) StdoutLine: {'line': b'-- Up-to-date symlink: /home/developer/aerostack2_ws/install/as2_msgs/share/as2_msgs/msg/PlatformInfo.idl\n'}
[0.413671] (as2_msgs) StdoutLine: {'line': b'-- Up-to-date symlink: /home/developer/aerostack2_ws/install/as2_msgs/share/as2_msgs/msg/PlatformStateMachineEvent.idl\n'}
[0.413739] (as2_msgs) StdoutLine: {'line': b'-- Up-to-date symlink: /home/developer/aerostack2_ws/install/as2_msgs/share/as2_msgs/msg/PlatformStatus.idl\n'}
[0.413852] (as2_msgs) StdoutLine: {'line': b'-- Up-to-date symlink: /home/developer/aerostack2_ws/install/as2_msgs/share/as2_msgs/msg/PolygonList.idl\n'}
[0.413968] (as2_msgs) StdoutLine: {'line': b'-- Up-to-date symlink: /home/developer/aerostack2_ws/install/as2_msgs/share/as2_msgs/msg/PoseStampedWithID.idl\n'}
[0.414090] (as2_msgs) StdoutLine: {'line': b'-- Up-to-date symlink: /home/developer/aerostack2_ws/install/as2_msgs/share/as2_msgs/msg/PoseStampedWithIDArray.idl\n'}
[0.414211] (as2_msgs) StdoutLine: {'line': b'-- Up-to-date symlink: /home/developer/aerostack2_ws/install/as2_msgs/share/as2_msgs/msg/PoseWithID.idl\n'}
[0.414328] (as2_msgs) StdoutLine: {'line': b'-- Up-to-date symlink: /home/developer/aerostack2_ws/install/as2_msgs/share/as2_msgs/msg/PoseWithIDArray.idl\n'}
[0.414448] (as2_msgs) StdoutLine: {'line': b'-- Up-to-date symlink: /home/developer/aerostack2_ws/install/as2_msgs/share/as2_msgs/msg/Speed.idl\n'}
[0.414562] (as2_msgs) StdoutLine: {'line': b'-- Up-to-date symlink: /home/developer/aerostack2_ws/install/as2_msgs/share/as2_msgs/msg/Thrust.idl\n'}
[0.414996] (as2_msgs) StdoutLine: {'line': b'-- Up-to-date symlink: /home/developer/aerostack2_ws/install/as2_msgs/share/as2_msgs/msg/TrajGenInfo.idl\n'}
[0.415071] (as2_msgs) StdoutLine: {'line': b'-- Up-to-date symlink: /home/developer/aerostack2_ws/install/as2_msgs/share/as2_msgs/msg/TrajectoryPoint.idl\n'}
[0.415120] (as2_msgs) StdoutLine: {'line': b'-- Up-to-date symlink: /home/developer/aerostack2_ws/install/as2_msgs/share/as2_msgs/msg/TrajectorySetpoints.idl\n'}
[0.415235] (as2_msgs) StdoutLine: {'line': b'-- Up-to-date symlink: /home/developer/aerostack2_ws/install/as2_msgs/share/as2_msgs/msg/UInt16MultiArrayStamped.idl\n'}
[0.415343] (as2_msgs) StdoutLine: {'line': b'-- Up-to-date symlink: /home/developer/aerostack2_ws/install/as2_msgs/share/as2_msgs/msg/YawMode.idl\n'}
[0.415430] (as2_msgs) StdoutLine: {'line': b'-- Up-to-date symlink: /home/developer/aerostack2_ws/install/as2_msgs/share/as2_msgs/srv/AddStaticTransform.idl\n'}
[0.415499] (as2_msgs) StdoutLine: {'line': b'-- Up-to-date symlink: /home/developer/aerostack2_ws/install/as2_msgs/share/as2_msgs/srv/AddStaticTransformGps.idl\n'}
[0.415556] (as2_msgs) StdoutLine: {'line': b'-- Up-to-date symlink: /home/developer/aerostack2_ws/install/as2_msgs/share/as2_msgs/srv/DynamicFollower.idl\n'}
[0.415622] (as2_msgs) StdoutLine: {'line': b'-- Up-to-date symlink: /home/developer/aerostack2_ws/install/as2_msgs/share/as2_msgs/srv/DynamicLand.idl\n'}
[0.415686] (as2_msgs) StdoutLine: {'line': b'-- Up-to-date symlink: /home/developer/aerostack2_ws/install/as2_msgs/share/as2_msgs/srv/GeopathToPath.idl\n'}
[0.415749] (as2_msgs) StdoutLine: {'line': b'-- Up-to-date symlink: /home/developer/aerostack2_ws/install/as2_msgs/share/as2_msgs/srv/GetGeozone.idl\n'}
[0.415816] (as2_msgs) StdoutLine: {'line': b'-- Up-to-date symlink: /home/developer/aerostack2_ws/install/as2_msgs/share/as2_msgs/srv/GetOrigin.idl\n'}
[0.415895] (as2_msgs) StdoutLine: {'line': b'-- Up-to-date symlink: /home/developer/aerostack2_ws/install/as2_msgs/share/as2_msgs/srv/ListControlModes.idl\n'}
[0.415983] (as2_msgs) StdoutLine: {'line': b'-- Up-to-date symlink: /home/developer/aerostack2_ws/install/as2_msgs/share/as2_msgs/srv/ModifySwarm.idl\n'}
[0.416058] (as2_msgs) StdoutLine: {'line': b'-- Up-to-date symlink: /home/developer/aerostack2_ws/install/as2_msgs/share/as2_msgs/srv/PackagePickUp.idl\n'}
[0.416143] (as2_msgs) StdoutLine: {'line': b'-- Up-to-date symlink: /home/developer/aerostack2_ws/install/as2_msgs/share/as2_msgs/srv/PackageUnPick.idl\n'}
[0.416210] (as2_msgs) StdoutLine: {'line': b'-- Up-to-date symlink: /home/developer/aerostack2_ws/install/as2_msgs/share/as2_msgs/srv/PathToGeopath.idl\n'}
[0.416275] (as2_msgs) StdoutLine: {'line': b'-- Up-to-date symlink: /home/developer/aerostack2_ws/install/as2_msgs/share/as2_msgs/srv/SetControlMode.idl\n'}
[0.416341] (as2_msgs) StdoutLine: {'line': b'-- Up-to-date symlink: /home/developer/aerostack2_ws/install/as2_msgs/share/as2_msgs/srv/SetGeozone.idl\n'}
[0.416413] (as2_msgs) StdoutLine: {'line': b'-- Up-to-date symlink: /home/developer/aerostack2_ws/install/as2_msgs/share/as2_msgs/srv/SetOrigin.idl\n'}
[0.416484] (as2_msgs) StdoutLine: {'line': b'-- Up-to-date symlink: /home/developer/aerostack2_ws/install/as2_msgs/share/as2_msgs/srv/SetPlatformStateMachineEvent.idl\n'}
[0.416552] (as2_msgs) StdoutLine: {'line': b'-- Up-to-date symlink: /home/developer/aerostack2_ws/install/as2_msgs/share/as2_msgs/srv/SetSpeed.idl\n'}
[0.416629] (as2_msgs) StdoutLine: {'line': b'-- Up-to-date symlink: /home/developer/aerostack2_ws/install/as2_msgs/share/as2_msgs/action/DetectArucoMarkers.idl\n'}
[0.416705] (as2_msgs) StdoutLine: {'line': b'-- Up-to-date symlink: /home/developer/aerostack2_ws/install/as2_msgs/share/as2_msgs/action/FollowPath.idl\n'}
[0.416820] (as2_msgs) StdoutLine: {'line': b'-- Up-to-date symlink: /home/developer/aerostack2_ws/install/as2_msgs/share/as2_msgs/action/FollowReference.idl\n'}
[0.416956] (as2_msgs) StdoutLine: {'line': b'-- Up-to-date symlink: /home/developer/aerostack2_ws/install/as2_msgs/share/as2_msgs/action/ForceEstimation.idl\n'}
[0.417123] (as2_msgs) StdoutLine: {'line': b'-- Up-to-date symlink: /home/developer/aerostack2_ws/install/as2_msgs/share/as2_msgs/action/GeneratePolynomialTrajectory.idl\n'}
[0.417223] (as2_msgs) StdoutLine: {'line': b'-- Up-to-date symlink: /home/developer/aerostack2_ws/install/as2_msgs/share/as2_msgs/action/GoToWaypoint.idl\n'}
[0.417391] (as2_msgs) StdoutLine: {'line': b'-- Up-to-date symlink: /home/developer/aerostack2_ws/install/as2_msgs/share/as2_msgs/action/GripperHandler.idl\n'}
[0.417483] (as2_msgs) StdoutLine: {'line': b'-- Up-to-date symlink: /home/developer/aerostack2_ws/install/as2_msgs/share/as2_msgs/action/Land.idl\n'}
[0.417628] (as2_msgs) StdoutLine: {'line': b'-- Up-to-date symlink: /home/developer/aerostack2_ws/install/as2_msgs/share/as2_msgs/action/MassEstimation.idl\n'}
[0.417723] (as2_msgs) StdoutLine: {'line': b'-- Up-to-date symlink: /home/developer/aerostack2_ws/install/as2_msgs/share/as2_msgs/action/NavigateToPoint.idl\n'}
[0.417799] (as2_msgs) StdoutLine: {'line': b'-- Up-to-date symlink: /home/developer/aerostack2_ws/install/as2_msgs/share/as2_msgs/action/PointGimbal.idl\n'}
[0.417872] (as2_msgs) StdoutLine: {'line': b'-- Up-to-date symlink: /home/developer/aerostack2_ws/install/as2_msgs/share/as2_msgs/action/PrecisionLanding.idl\n'}
[0.417957] (as2_msgs) StdoutLine: {'line': b'-- Up-to-date symlink: /home/developer/aerostack2_ws/install/as2_msgs/share/as2_msgs/action/SetArmingState.idl\n'}
[0.418030] (as2_msgs) StdoutLine: {'line': b'-- Up-to-date symlink: /home/developer/aerostack2_ws/install/as2_msgs/share/as2_msgs/action/SetOffboardMode.idl\n'}
[0.418102] (as2_msgs) StdoutLine: {'line': b'-- Up-to-date symlink: /home/developer/aerostack2_ws/install/as2_msgs/share/as2_msgs/action/SwarmFlocking.idl\n'}
[0.418185] (as2_msgs) StdoutLine: {'line': b'-- Up-to-date symlink: /home/developer/aerostack2_ws/install/as2_msgs/share/as2_msgs/action/Takeoff.idl\n'}
[0.418300] (as2_msgs) StdoutLine: {'line': b'-- Up-to-date symlink: /home/developer/aerostack2_ws/install/as2_msgs/share/as2_msgs/msg/Acro.msg\n'}
[0.418416] (as2_msgs) StdoutLine: {'line': b'-- Up-to-date symlink: /home/developer/aerostack2_ws/install/as2_msgs/share/as2_msgs/msg/AlertEvent.msg\n'}
[0.418533] (as2_msgs) StdoutLine: {'line': b'-- Up-to-date symlink: /home/developer/aerostack2_ws/install/as2_msgs/share/as2_msgs/msg/BehaviorStatus.msg\n'}
[0.418644] (as2_msgs) StdoutLine: {'line': b'-- Up-to-date symlink: /home/developer/aerostack2_ws/install/as2_msgs/share/as2_msgs/msg/ControlMode.msg\n'}
[0.418764] (as2_msgs) StdoutLine: {'line': b'-- Up-to-date symlink: /home/developer/aerostack2_ws/install/as2_msgs/share/as2_msgs/msg/ControllerInfo.msg\n'}
[0.418881] (as2_msgs) StdoutLine: {'line': b'-- Up-to-date symlink: /home/developer/aerostack2_ws/install/as2_msgs/share/as2_msgs/msg/FollowTargetInfo.msg\n'}
[0.418996] (as2_msgs) StdoutLine: {'line': b'-- Up-to-date symlink: /home/developer/aerostack2_ws/install/as2_msgs/share/as2_msgs/msg/Geozone.msg\n'}
[0.419113] (as2_msgs) StdoutLine: {'line': b'-- Up-to-date symlink: /home/developer/aerostack2_ws/install/as2_msgs/share/as2_msgs/msg/GimbalControl.msg\n'}
[0.419550] (as2_msgs) StdoutLine: {'line': b'-- Up-to-date symlink: /home/developer/aerostack2_ws/install/as2_msgs/share/as2_msgs/msg/MissionEvent.msg\n'}
[0.419643] (as2_msgs) StdoutLine: {'line': b'-- Up-to-date symlink: /home/developer/aerostack2_ws/install/as2_msgs/share/as2_msgs/msg/MissionUpdate.msg\n'}
[0.419766] (as2_msgs) StdoutLine: {'line': b'-- Up-to-date symlink: /home/developer/aerostack2_ws/install/as2_msgs/share/as2_msgs/msg/NodeStatus.msg\n'}
[0.419875] (as2_msgs) StdoutLine: {'line': b'-- Up-to-date symlink: /home/developer/aerostack2_ws/install/as2_msgs/share/as2_msgs/msg/PlatformInfo.msg\n'}
[0.419992] (as2_msgs) StdoutLine: {'line': b'-- Up-to-date symlink: /home/developer/aerostack2_ws/install/as2_msgs/share/as2_msgs/msg/PlatformStateMachineEvent.msg\n'}
[0.420113] (as2_msgs) StdoutLine: {'line': b'-- Up-to-date symlink: /home/developer/aerostack2_ws/install/as2_msgs/share/as2_msgs/msg/PlatformStatus.msg\n'}
[0.420233] (as2_msgs) StdoutLine: {'line': b'-- Up-to-date symlink: /home/developer/aerostack2_ws/install/as2_msgs/share/as2_msgs/msg/PolygonList.msg\n'}
[0.420346] (as2_msgs) StdoutLine: {'line': b'-- Up-to-date symlink: /home/developer/aerostack2_ws/install/as2_msgs/share/as2_msgs/msg/PoseStampedWithID.msg\n'}
[0.420457] (as2_msgs) StdoutLine: {'line': b'-- Up-to-date symlink: /home/developer/aerostack2_ws/install/as2_msgs/share/as2_msgs/msg/PoseStampedWithIDArray.msg\n'}
[0.420582] (as2_msgs) StdoutLine: {'line': b'-- Up-to-date symlink: /home/developer/aerostack2_ws/install/as2_msgs/share/as2_msgs/msg/PoseWithID.msg\n'}
[0.420673] (as2_msgs) StdoutLine: {'line': b'-- Up-to-date symlink: /home/developer/aerostack2_ws/install/as2_msgs/share/as2_msgs/msg/PoseWithIDArray.msg\n'}
[0.420782] (as2_msgs) StdoutLine: {'line': b'-- Up-to-date symlink: /home/developer/aerostack2_ws/install/as2_msgs/share/as2_msgs/msg/Speed.msg\n'}
[0.420893] (as2_msgs) StdoutLine: {'line': b'-- Up-to-date symlink: /home/developer/aerostack2_ws/install/as2_msgs/share/as2_msgs/msg/Thrust.msg\n'}
[0.421003] (as2_msgs) StdoutLine: {'line': b'-- Up-to-date symlink: /home/developer/aerostack2_ws/install/as2_msgs/share/as2_msgs/msg/TrajGenInfo.msg\n'}
[0.421115] (as2_msgs) StdoutLine: {'line': b'-- Up-to-date symlink: /home/developer/aerostack2_ws/install/as2_msgs/share/as2_msgs/msg/TrajectoryPoint.msg\n'}
[0.421227] (as2_msgs) StdoutLine: {'line': b'-- Up-to-date symlink: /home/developer/aerostack2_ws/install/as2_msgs/share/as2_msgs/msg/TrajectorySetpoints.msg\n'}
[0.421338] (as2_msgs) StdoutLine: {'line': b'-- Up-to-date symlink: /home/developer/aerostack2_ws/install/as2_msgs/share/as2_msgs/msg/UInt16MultiArrayStamped.msg\n'}
[0.421449] (as2_msgs) StdoutLine: {'line': b'-- Up-to-date symlink: /home/developer/aerostack2_ws/install/as2_msgs/share/as2_msgs/msg/YawMode.msg\n'}
[0.421561] (as2_msgs) StdoutLine: {'line': b'-- Up-to-date symlink: /home/developer/aerostack2_ws/install/as2_msgs/share/as2_msgs/srv/AddStaticTransform.srv\n'}
[0.421674] (as2_msgs) StdoutLine: {'line': b'-- Up-to-date symlink: /home/developer/aerostack2_ws/install/as2_msgs/share/as2_msgs/srv/AddStaticTransform_Request.msg\n'}
[0.421784] (as2_msgs) StdoutLine: {'line': b'-- Up-to-date symlink: /home/developer/aerostack2_ws/install/as2_msgs/share/as2_msgs/srv/AddStaticTransform_Response.msg\n'}
[0.421894] (as2_msgs) StdoutLine: {'line': b'-- Up-to-date symlink: /home/developer/aerostack2_ws/install/as2_msgs/share/as2_msgs/srv/AddStaticTransformGps.srv\n'}
[0.422018] (as2_msgs) StdoutLine: {'line': b'-- Up-to-date symlink: /home/developer/aerostack2_ws/install/as2_msgs/share/as2_msgs/srv/AddStaticTransformGps_Request.msg\n'}
[0.422199] (as2_msgs) StdoutLine: {'line': b'-- Up-to-date symlink: /home/developer/aerostack2_ws/install/as2_msgs/share/as2_msgs/srv/AddStaticTransformGps_Response.msg\n'}
[0.422308] (as2_msgs) StdoutLine: {'line': b'-- Up-to-date symlink: /home/developer/aerostack2_ws/install/as2_msgs/share/as2_msgs/srv/DynamicFollower.srv\n'}
[0.422406] (as2_msgs) StdoutLine: {'line': b'-- Up-to-date symlink: /home/developer/aerostack2_ws/install/as2_msgs/share/as2_msgs/srv/DynamicFollower_Request.msg\n'}
[0.422491] (as2_msgs) StdoutLine: {'line': b'-- Up-to-date symlink: /home/developer/aerostack2_ws/install/as2_msgs/share/as2_msgs/srv/DynamicFollower_Response.msg\n'}
[0.422583] (as2_msgs) StdoutLine: {'line': b'-- Up-to-date symlink: /home/developer/aerostack2_ws/install/as2_msgs/share/as2_msgs/srv/DynamicLand.srv\n'}
[0.422698] (as2_msgs) StdoutLine: {'line': b'-- Up-to-date symlink: /home/developer/aerostack2_ws/install/as2_msgs/share/as2_msgs/srv/DynamicLand_Request.msg\n'}
[0.422806] (as2_msgs) StdoutLine: {'line': b'-- Up-to-date symlink: /home/developer/aerostack2_ws/install/as2_msgs/share/as2_msgs/srv/DynamicLand_Response.msg\n'}
[0.422914] (as2_msgs) StdoutLine: {'line': b'-- Up-to-date symlink: /home/developer/aerostack2_ws/install/as2_msgs/share/as2_msgs/srv/GeopathToPath.srv\n'}
[0.423026] (as2_msgs) StdoutLine: {'line': b'-- Up-to-date symlink: /home/developer/aerostack2_ws/install/as2_msgs/share/as2_msgs/srv/GeopathToPath_Request.msg\n'}
[0.423204] (as2_msgs) StdoutLine: {'line': b'-- Up-to-date symlink: /home/developer/aerostack2_ws/install/as2_msgs/share/as2_msgs/srv/GeopathToPath_Response.msg\n'}
[0.423314] (as2_msgs) StdoutLine: {'line': b'-- Up-to-date symlink: /home/developer/aerostack2_ws/install/as2_msgs/share/as2_msgs/srv/GetGeozone.srv\n'}
[0.423422] (as2_msgs) StdoutLine: {'line': b'-- Up-to-date symlink: /home/developer/aerostack2_ws/install/as2_msgs/share/as2_msgs/srv/GetGeozone_Request.msg\n'}
[0.423535] (as2_msgs) StdoutLine: {'line': b'-- Up-to-date symlink: /home/developer/aerostack2_ws/install/as2_msgs/share/as2_msgs/srv/GetGeozone_Response.msg\n'}
[0.423647] (as2_msgs) StdoutLine: {'line': b'-- Up-to-date symlink: /home/developer/aerostack2_ws/install/as2_msgs/share/as2_msgs/srv/GetOrigin.srv\n'}
[0.423761] (as2_msgs) StdoutLine: {'line': b'-- Up-to-date symlink: /home/developer/aerostack2_ws/install/as2_msgs/share/as2_msgs/srv/GetOrigin_Request.msg\n'}
[0.423872] (as2_msgs) StdoutLine: {'line': b'-- Up-to-date symlink: /home/developer/aerostack2_ws/install/as2_msgs/share/as2_msgs/srv/GetOrigin_Response.msg\n'}
[0.423987] (as2_msgs) StdoutLine: {'line': b'-- Up-to-date symlink: /home/developer/aerostack2_ws/install/as2_msgs/share/as2_msgs/srv/ListControlModes.srv\n'}
[0.424112] (as2_msgs) StdoutLine: {'line': b'-- Up-to-date symlink: /home/developer/aerostack2_ws/install/as2_msgs/share/as2_msgs/srv/ListControlModes_Request.msg\n'}
[0.424231] (as2_msgs) StdoutLine: {'line': b'-- Up-to-date symlink: /home/developer/aerostack2_ws/install/as2_msgs/share/as2_msgs/srv/ListControlModes_Response.msg\n'}
[0.424299] (as2_msgs) StdoutLine: {'line': b'-- Up-to-date symlink: /home/developer/aerostack2_ws/install/as2_msgs/share/as2_msgs/srv/ModifySwarm.srv\n'}
[0.424369] (as2_msgs) StdoutLine: {'line': b'-- Up-to-date symlink: /home/developer/aerostack2_ws/install/as2_msgs/share/as2_msgs/srv/ModifySwarm_Request.msg\n'}
[0.424438] (as2_msgs) StdoutLine: {'line': b'-- Up-to-date symlink: /home/developer/aerostack2_ws/install/as2_msgs/share/as2_msgs/srv/ModifySwarm_Response.msg\n'}
[0.424539] (as2_msgs) StdoutLine: {'line': b'-- Up-to-date symlink: /home/developer/aerostack2_ws/install/as2_msgs/share/as2_msgs/srv/PackagePickUp.srv\n'}
[0.424651] (as2_msgs) StdoutLine: {'line': b'-- Up-to-date symlink: /home/developer/aerostack2_ws/install/as2_msgs/share/as2_msgs/srv/PackagePickUp_Request.msg\n'}
[0.424766] (as2_msgs) StdoutLine: {'line': b'-- Up-to-date symlink: /home/developer/aerostack2_ws/install/as2_msgs/share/as2_msgs/srv/PackagePickUp_Response.msg\n'}
[0.424873] (as2_msgs) StdoutLine: {'line': b'-- Up-to-date symlink: /home/developer/aerostack2_ws/install/as2_msgs/share/as2_msgs/srv/PackageUnPick.srv\n'}
[0.424987] (as2_msgs) StdoutLine: {'line': b'-- Up-to-date symlink: /home/developer/aerostack2_ws/install/as2_msgs/share/as2_msgs/srv/PackageUnPick_Request.msg\n'}
[0.425105] (as2_msgs) StdoutLine: {'line': b'-- Up-to-date symlink: /home/developer/aerostack2_ws/install/as2_msgs/share/as2_msgs/srv/PackageUnPick_Response.msg\n'}
[0.425218] (as2_msgs) StdoutLine: {'line': b'-- Up-to-date symlink: /home/developer/aerostack2_ws/install/as2_msgs/share/as2_msgs/srv/PathToGeopath.srv\n'}
[0.425346] (as2_msgs) StdoutLine: {'line': b'-- Up-to-date symlink: /home/developer/aerostack2_ws/install/as2_msgs/share/as2_msgs/srv/PathToGeopath_Request.msg\n'}
[0.425467] (as2_msgs) StdoutLine: {'line': b'-- Up-to-date symlink: /home/developer/aerostack2_ws/install/as2_msgs/share/as2_msgs/srv/PathToGeopath_Response.msg\n'}
[0.425578] (as2_msgs) StdoutLine: {'line': b'-- Up-to-date symlink: /home/developer/aerostack2_ws/install/as2_msgs/share/as2_msgs/srv/SetControlMode.srv\n'}
[0.425689] (as2_msgs) StdoutLine: {'line': b'-- Up-to-date symlink: /home/developer/aerostack2_ws/install/as2_msgs/share/as2_msgs/srv/SetControlMode_Request.msg\n'}
[0.425801] (as2_msgs) StdoutLine: {'line': b'-- Up-to-date symlink: /home/developer/aerostack2_ws/install/as2_msgs/share/as2_msgs/srv/SetControlMode_Response.msg\n'}
[0.425924] (as2_msgs) StdoutLine: {'line': b'-- Up-to-date symlink: /home/developer/aerostack2_ws/install/as2_msgs/share/as2_msgs/srv/SetGeozone.srv\n'}
[0.426033] (as2_msgs) StdoutLine: {'line': b'-- Up-to-date symlink: /home/developer/aerostack2_ws/install/as2_msgs/share/as2_msgs/srv/SetGeozone_Request.msg\n'}
[0.426149] (as2_msgs) StdoutLine: {'line': b'-- Up-to-date symlink: /home/developer/aerostack2_ws/install/as2_msgs/share/as2_msgs/srv/SetGeozone_Response.msg\n'}
[0.426260] (as2_msgs) StdoutLine: {'line': b'-- Up-to-date symlink: /home/developer/aerostack2_ws/install/as2_msgs/share/as2_msgs/srv/SetOrigin.srv\n'}
[0.426375] (as2_msgs) StdoutLine: {'line': b'-- Up-to-date symlink: /home/developer/aerostack2_ws/install/as2_msgs/share/as2_msgs/srv/SetOrigin_Request.msg\n'}
[0.426479] (as2_msgs) StdoutLine: {'line': b'-- Up-to-date symlink: /home/developer/aerostack2_ws/install/as2_msgs/share/as2_msgs/srv/SetOrigin_Response.msg\n'}
[0.426591] (as2_msgs) StdoutLine: {'line': b'-- Up-to-date symlink: /home/developer/aerostack2_ws/install/as2_msgs/share/as2_msgs/srv/SetPlatformStateMachineEvent.srv\n'}
[0.426707] (as2_msgs) StdoutLine: {'line': b'-- Up-to-date symlink: /home/developer/aerostack2_ws/install/as2_msgs/share/as2_msgs/srv/SetPlatformStateMachineEvent_Request.msg\n'}
[0.426817] (as2_msgs) StdoutLine: {'line': b'-- Up-to-date symlink: /home/developer/aerostack2_ws/install/as2_msgs/share/as2_msgs/srv/SetPlatformStateMachineEvent_Response.msg\n'}
[0.426929] (as2_msgs) StdoutLine: {'line': b'-- Up-to-date symlink: /home/developer/aerostack2_ws/install/as2_msgs/share/as2_msgs/srv/SetSpeed.srv\n'}
[0.427043] (as2_msgs) StdoutLine: {'line': b'-- Up-to-date symlink: /home/developer/aerostack2_ws/install/as2_msgs/share/as2_msgs/srv/SetSpeed_Request.msg\n'}
[0.427196] (as2_msgs) StdoutLine: {'line': b'-- Up-to-date symlink: /home/developer/aerostack2_ws/install/as2_msgs/share/as2_msgs/srv/SetSpeed_Response.msg\n'}
[0.427266] (as2_msgs) StdoutLine: {'line': b'-- Up-to-date symlink: /home/developer/aerostack2_ws/install/as2_msgs/share/as2_msgs/action/DetectArucoMarkers.action\n'}
[0.427336] (as2_msgs) StdoutLine: {'line': b'-- Up-to-date symlink: /home/developer/aerostack2_ws/install/as2_msgs/share/as2_msgs/action/FollowPath.action\n'}
[0.427405] (as2_msgs) StdoutLine: {'line': b'-- Up-to-date symlink: /home/developer/aerostack2_ws/install/as2_msgs/share/as2_msgs/action/FollowReference.action\n'}
[0.427474] (as2_msgs) StdoutLine: {'line': b'-- Up-to-date symlink: /home/developer/aerostack2_ws/install/as2_msgs/share/as2_msgs/action/ForceEstimation.action\n'}
[0.427545] (as2_msgs) StdoutLine: {'line': b'-- Up-to-date symlink: /home/developer/aerostack2_ws/install/as2_msgs/share/as2_msgs/action/GeneratePolynomialTrajectory.action\n'}
[0.427620] (as2_msgs) StdoutLine: {'line': b'-- Up-to-date symlink: /home/developer/aerostack2_ws/install/as2_msgs/share/as2_msgs/action/GoToWaypoint.action\n'}
[0.427691] (as2_msgs) StdoutLine: {'line': b'-- Up-to-date symlink: /home/developer/aerostack2_ws/install/as2_msgs/share/as2_msgs/action/GripperHandler.action\n'}
[0.427764] (as2_msgs) StdoutLine: {'line': b'-- Up-to-date symlink: /home/developer/aerostack2_ws/install/as2_msgs/share/as2_msgs/action/Land.action\n'}
[0.427839] (as2_msgs) StdoutLine: {'line': b'-- Up-to-date symlink: /home/developer/aerostack2_ws/install/as2_msgs/share/as2_msgs/action/MassEstimation.action\n'}
[0.427905] (as2_msgs) StdoutLine: {'line': b'-- Up-to-date symlink: /home/developer/aerostack2_ws/install/as2_msgs/share/as2_msgs/action/NavigateToPoint.action\n'}
[0.428002] (as2_msgs) StdoutLine: {'line': b'-- Up-to-date symlink: /home/developer/aerostack2_ws/install/as2_msgs/share/as2_msgs/action/PointGimbal.action\n'}
[0.428070] (as2_msgs) StdoutLine: {'line': b'-- Up-to-date symlink: /home/developer/aerostack2_ws/install/as2_msgs/share/as2_msgs/action/PrecisionLanding.action\n'}
[0.428142] (as2_msgs) StdoutLine: {'line': b'-- Up-to-date symlink: /home/developer/aerostack2_ws/install/as2_msgs/share/as2_msgs/action/SetArmingState.action\n'}
[0.428249] (as2_msgs) StdoutLine: {'line': b'-- Up-to-date symlink: /home/developer/aerostack2_ws/install/as2_msgs/share/as2_msgs/action/SetOffboardMode.action\n'}
[0.428365] (as2_msgs) StdoutLine: {'line': b'-- Up-to-date symlink: /home/developer/aerostack2_ws/install/as2_msgs/share/as2_msgs/action/SwarmFlocking.action\n'}
[0.428473] (as2_msgs) StdoutLine: {'line': b'-- Up-to-date symlink: /home/developer/aerostack2_ws/install/as2_msgs/share/as2_msgs/action/Takeoff.action\n'}
[0.428681] (as2_msgs) StdoutLine: {'line': b'-- Up-to-date symlink: /home/developer/aerostack2_ws/install/as2_msgs/share/ament_index/resource_index/package_run_dependencies/as2_msgs\n'}
[0.428886] (as2_msgs) StdoutLine: {'line': b'-- Up-to-date symlink: /home/developer/aerostack2_ws/install/as2_msgs/share/ament_index/resource_index/parent_prefix_path/as2_msgs\n'}
[0.428970] (as2_msgs) StdoutLine: {'line': b'-- Up-to-date symlink: /home/developer/aerostack2_ws/install/as2_msgs/share/as2_msgs/environment/ament_prefix_path.sh\n'}
[0.429043] (as2_msgs) StdoutLine: {'line': b'-- Up-to-date symlink: /home/developer/aerostack2_ws/install/as2_msgs/share/as2_msgs/environment/ament_prefix_path.dsv\n'}
[0.429123] (as2_msgs) StdoutLine: {'line': b'-- Up-to-date symlink: /home/developer/aerostack2_ws/install/as2_msgs/share/as2_msgs/environment/path.sh\n'}
[0.429196] (as2_msgs) StdoutLine: {'line': b'-- Up-to-date symlink: /home/developer/aerostack2_ws/install/as2_msgs/share/as2_msgs/environment/path.dsv\n'}
[0.429264] (as2_msgs) StdoutLine: {'line': b'-- Up-to-date symlink: /home/developer/aerostack2_ws/install/as2_msgs/share/as2_msgs/local_setup.bash\n'}
[0.429337] (as2_msgs) StdoutLine: {'line': b'-- Up-to-date symlink: /home/developer/aerostack2_ws/install/as2_msgs/share/as2_msgs/local_setup.sh\n'}
[0.429406] (as2_msgs) StdoutLine: {'line': b'-- Up-to-date symlink: /home/developer/aerostack2_ws/install/as2_msgs/share/as2_msgs/local_setup.zsh\n'}
[0.429473] (as2_msgs) StdoutLine: {'line': b'-- Up-to-date symlink: /home/developer/aerostack2_ws/install/as2_msgs/share/as2_msgs/local_setup.dsv\n'}
[0.429538] (as2_msgs) StdoutLine: {'line': b'-- Symlinking: /home/developer/aerostack2_ws/install/as2_msgs/share/as2_msgs/package.dsv\n'}
[0.434160] (as2_msgs) StdoutLine: {'line': b'-- Up-to-date symlink: /home/developer/aerostack2_ws/install/as2_msgs/share/ament_index/resource_index/packages/as2_msgs\n'}
[0.434401] (as2_msgs) StdoutLine: {'line': b'-- Up-to-date symlink: /home/developer/aerostack2_ws/install/as2_msgs/share/as2_msgs/cmake/rosidl_cmake-extras.cmake\n'}
[0.434573] (as2_msgs) StdoutLine: {'line': b'-- Up-to-date symlink: /home/developer/aerostack2_ws/install/as2_msgs/share/as2_msgs/cmake/ament_cmake_export_dependencies-extras.cmake\n'}
[0.434683] (as2_msgs) StdoutLine: {'line': b'-- Up-to-date symlink: /home/developer/aerostack2_ws/install/as2_msgs/share/as2_msgs/cmake/ament_cmake_export_include_directories-extras.cmake\n'}
[0.434792] (as2_msgs) StdoutLine: {'line': b'-- Up-to-date symlink: /home/developer/aerostack2_ws/install/as2_msgs/share/as2_msgs/cmake/ament_cmake_export_libraries-extras.cmake\n'}
[0.434924] (as2_msgs) StdoutLine: {'line': b'-- Up-to-date symlink: /home/developer/aerostack2_ws/install/as2_msgs/share/as2_msgs/cmake/ament_cmake_export_targets-extras.cmake\n'}
[0.435135] (as2_msgs) StdoutLine: {'line': b'-- Up-to-date symlink: /home/developer/aerostack2_ws/install/as2_msgs/share/as2_msgs/cmake/rosidl_cmake_export_typesupport_targets-extras.cmake\n'}
[0.435244] (as2_msgs) StdoutLine: {'line': b'-- Up-to-date symlink: /home/developer/aerostack2_ws/install/as2_msgs/share/as2_msgs/cmake/rosidl_cmake_export_typesupport_libraries-extras.cmake\n'}
[0.435272] (as2_msgs) StdoutLine: {'line': b'-- Up-to-date symlink: /home/developer/aerostack2_ws/install/as2_msgs/share/as2_msgs/cmake/as2_msgsConfig.cmake\n'}
[0.435318] (as2_msgs) StdoutLine: {'line': b'-- Up-to-date symlink: /home/developer/aerostack2_ws/install/as2_msgs/share/as2_msgs/cmake/as2_msgsConfig-version.cmake\n'}
[0.435363] (as2_msgs) StdoutLine: {'line': b'-- Up-to-date symlink: /home/developer/aerostack2_ws/install/as2_msgs/share/as2_msgs/package.xml\n'}
[0.436001] (as2_msgs) StdoutLine: {'line': b'-- Up-to-date: /home/developer/aerostack2_ws/install/as2_msgs/lib/libas2_msgs__rosidl_generator_c.so\n'}
[0.436375] (as2_msgs) StdoutLine: {'line': b'-- Up-to-date: /home/developer/aerostack2_ws/install/as2_msgs/lib/libas2_msgs__rosidl_typesupport_fastrtps_c.so\n'}
[0.436755] (as2_msgs) StdoutLine: {'line': b'-- Up-to-date: /home/developer/aerostack2_ws/install/as2_msgs/lib/libas2_msgs__rosidl_typesupport_introspection_c.so\n'}
[0.436995] (as2_msgs) StdoutLine: {'line': b'-- Up-to-date: /home/developer/aerostack2_ws/install/as2_msgs/lib/libas2_msgs__rosidl_typesupport_c.so\n'}
[0.437388] (as2_msgs) StdoutLine: {'line': b'-- Up-to-date: /home/developer/aerostack2_ws/install/as2_msgs/lib/libas2_msgs__rosidl_typesupport_fastrtps_cpp.so\n'}
[0.437656] (as2_msgs) StdoutLine: {'line': b'-- Up-to-date: /home/developer/aerostack2_ws/install/as2_msgs/lib/libas2_msgs__rosidl_typesupport_introspection_cpp.so\n'}
[0.437995] (as2_msgs) StdoutLine: {'line': b'-- Up-to-date: /home/developer/aerostack2_ws/install/as2_msgs/lib/libas2_msgs__rosidl_typesupport_cpp.so\n'}
[0.461783] (as2_msgs) StdoutLine: {'line': b"Listing '/home/developer/aerostack2_ws/install/as2_msgs/local/lib/python3.10/dist-packages/as2_msgs'...\n"}
[0.461853] (as2_msgs) StdoutLine: {'line': b"Listing '/home/developer/aerostack2_ws/install/as2_msgs/local/lib/python3.10/dist-packages/as2_msgs/action'...\n"}
[0.461876] (as2_msgs) StdoutLine: {'line': b"Listing '/home/developer/aerostack2_ws/install/as2_msgs/local/lib/python3.10/dist-packages/as2_msgs/msg'...\n"}
[0.461896] (as2_msgs) StdoutLine: {'line': b"Listing '/home/developer/aerostack2_ws/install/as2_msgs/local/lib/python3.10/dist-packages/as2_msgs/srv'...\n"}
[0.464836] (as2_msgs) StdoutLine: {'line': b'-- Up-to-date: /home/developer/aerostack2_ws/install/as2_msgs/lib/libas2_msgs__rosidl_generator_py.so\n'}
[0.465662] (as2_msgs) StdoutLine: {'line': b'-- Up-to-date: /home/developer/aerostack2_ws/install/as2_msgs/share/as2_msgs/cmake/export_as2_msgs__rosidl_generator_cExport.cmake\n'}
[0.465745] (as2_msgs) StdoutLine: {'line': b'-- Up-to-date: /home/developer/aerostack2_ws/install/as2_msgs/share/as2_msgs/cmake/export_as2_msgs__rosidl_generator_cExport-noconfig.cmake\n'}
[0.465832] (as2_msgs) StdoutLine: {'line': b'-- Up-to-date: /home/developer/aerostack2_ws/install/as2_msgs/share/as2_msgs/cmake/export_as2_msgs__rosidl_typesupport_fastrtps_cExport.cmake\n'}
[0.465886] (as2_msgs) StdoutLine: {'line': b'-- Up-to-date: /home/developer/aerostack2_ws/install/as2_msgs/share/as2_msgs/cmake/export_as2_msgs__rosidl_typesupport_fastrtps_cExport-noconfig.cmake\n'}
[0.466022] (as2_msgs) StdoutLine: {'line': b'-- Up-to-date: /home/developer/aerostack2_ws/install/as2_msgs/share/as2_msgs/cmake/as2_msgs__rosidl_typesupport_introspection_cExport.cmake\n'}
[0.466165] (as2_msgs) StdoutLine: {'line': b'-- Up-to-date: /home/developer/aerostack2_ws/install/as2_msgs/share/as2_msgs/cmake/as2_msgs__rosidl_typesupport_introspection_cExport-noconfig.cmake\n'}
[0.466640] (as2_msgs) StdoutLine: {'line': b'-- Up-to-date: /home/developer/aerostack2_ws/install/as2_msgs/share/as2_msgs/cmake/as2_msgs__rosidl_typesupport_cExport.cmake\n'}
[0.466692] (as2_msgs) StdoutLine: {'line': b'-- Up-to-date: /home/developer/aerostack2_ws/install/as2_msgs/share/as2_msgs/cmake/as2_msgs__rosidl_typesupport_cExport-noconfig.cmake\n'}
[0.466746] (as2_msgs) StdoutLine: {'line': b'-- Up-to-date: /home/developer/aerostack2_ws/install/as2_msgs/share/as2_msgs/cmake/export_as2_msgs__rosidl_generator_cppExport.cmake\n'}
[0.466833] (as2_msgs) StdoutLine: {'line': b'-- Up-to-date: /home/developer/aerostack2_ws/install/as2_msgs/share/as2_msgs/cmake/export_as2_msgs__rosidl_typesupport_fastrtps_cppExport.cmake\n'}
[0.466887] (as2_msgs) StdoutLine: {'line': b'-- Up-to-date: /home/developer/aerostack2_ws/install/as2_msgs/share/as2_msgs/cmake/export_as2_msgs__rosidl_typesupport_fastrtps_cppExport-noconfig.cmake\n'}
[0.466975] (as2_msgs) StdoutLine: {'line': b'-- Up-to-date: /home/developer/aerostack2_ws/install/as2_msgs/share/as2_msgs/cmake/as2_msgs__rosidl_typesupport_introspection_cppExport.cmake\n'}
[0.467032] (as2_msgs) StdoutLine: {'line': b'-- Up-to-date: /home/developer/aerostack2_ws/install/as2_msgs/share/as2_msgs/cmake/as2_msgs__rosidl_typesupport_introspection_cppExport-noconfig.cmake\n'}
[0.467090] (as2_msgs) StdoutLine: {'line': b'-- Up-to-date: /home/developer/aerostack2_ws/install/as2_msgs/share/as2_msgs/cmake/as2_msgs__rosidl_typesupport_cppExport.cmake\n'}
[0.467144] (as2_msgs) StdoutLine: {'line': b'-- Up-to-date: /home/developer/aerostack2_ws/install/as2_msgs/share/as2_msgs/cmake/as2_msgs__rosidl_typesupport_cppExport-noconfig.cmake\n'}
[0.467212] (as2_msgs) StdoutLine: {'line': b'-- Up-to-date: /home/developer/aerostack2_ws/install/as2_msgs/share/as2_msgs/cmake/export_as2_msgs__rosidl_generator_pyExport.cmake\n'}
[0.467286] (as2_msgs) StdoutLine: {'line': b'-- Up-to-date: /home/developer/aerostack2_ws/install/as2_msgs/share/as2_msgs/cmake/export_as2_msgs__rosidl_generator_pyExport-noconfig.cmake\n'}
[0.468772] (as2_msgs) CommandEnded: {'returncode': 0}
[0.489757] (as2_msgs) JobEnded: {'identifier': 'as2_msgs', 'rc': 0}
[0.490241] (as2_core) JobStarted: {'identifier': 'as2_core'}
[0.495884] (as2_core) JobProgress: {'identifier': 'as2_core', 'progress': 'cmake'}
[0.496946] (as2_core) JobProgress: {'identifier': 'as2_core', 'progress': 'build'}
[0.497233] (as2_core) Command: {'cmd': ['/usr/bin/cmake', '--build', '/home/developer/aerostack2_ws/build/as2_core', '--', '-j20', '-l20'], 'cwd': '/home/developer/aerostack2_ws/build/as2_core', 'env': OrderedDict([('HOSTNAME', 'lead-Predator-PHN16-71'), ('SHLVL', '1'), ('LD_LIBRARY_PATH', '/home/developer/aerostack2_ws/install/as2_msgs/lib:/opt/ros/humble/opt/rviz_ogre_vendor/lib:/opt/ros/humble/lib/x86_64-linux-gnu:/opt/ros/humble/lib'), ('HOME', '/home/developer'), ('ROS_PYTHON_VERSION', '3'), ('ROS_DISTRO', 'humble'), ('_', '/usr/bin/colcon'), ('ROS_VERSION', '2'), ('TERM', 'xterm'), ('ROS_LOCALHOST_ONLY', '0'), ('QT_X11_NO_MITSHM', '1'), ('PATH', '/opt/ros/humble/bin:/usr/local/sbin:/usr/local/bin:/usr/sbin:/usr/bin:/sbin:/bin'), ('DISPLAY', ':1'), ('LANG', 'C.UTF-8'), ('LS_COLORS', 'rs=0:di=01;34:ln=01;36:mh=00:pi=40;33:so=01;35:do=01;35:bd=40;33;01:cd=40;33;01:or=40;31;01:mi=00:su=37;41:sg=30;43:ca=30;41:tw=30;42:ow=34;42:st=37;44:ex=01;32:*.tar=01;31:*.tgz=01;31:*.arc=01;31:*.arj=01;31:*.taz=01;31:*.lha=01;31:*.lz4=01;31:*.lzh=01;31:*.lzma=01;31:*.tlz=01;31:*.txz=01;31:*.tzo=01;31:*.t7z=01;31:*.zip=01;31:*.z=01;31:*.dz=01;31:*.gz=01;31:*.lrz=01;31:*.lz=01;31:*.lzo=01;31:*.xz=01;31:*.zst=01;31:*.tzst=01;31:*.bz2=01;31:*.bz=01;31:*.tbz=01;31:*.tbz2=01;31:*.tz=01;31:*.deb=01;31:*.rpm=01;31:*.jar=01;31:*.war=01;31:*.ear=01;31:*.sar=01;31:*.rar=01;31:*.alz=01;31:*.ace=01;31:*.zoo=01;31:*.cpio=01;31:*.7z=01;31:*.rz=01;31:*.cab=01;31:*.wim=01;31:*.swm=01;31:*.dwm=01;31:*.esd=01;31:*.jpg=01;35:*.jpeg=01;35:*.mjpg=01;35:*.mjpeg=01;35:*.gif=01;35:*.bmp=01;35:*.pbm=01;35:*.pgm=01;35:*.ppm=01;35:*.tga=01;35:*.xbm=01;35:*.xpm=01;35:*.tif=01;35:*.tiff=01;35:*.png=01;35:*.svg=01;35:*.svgz=01;35:*.mng=01;35:*.pcx=01;35:*.mov=01;35:*.mpg=01;35:*.mpeg=01;35:*.m2v=01;35:*.mkv=01;35:*.webm=01;35:*.webp=01;35:*.ogm=01;35:*.mp4=01;35:*.m4v=01;35:*.mp4v=01;35:*.vob=01;35:*.qt=01;35:*.nuv=01;35:*.wmv=01;35:*.asf=01;35:*.rm=01;35:*.rmvb=01;35:*.flc=01;35:*.avi=01;35:*.fli=01;35:*.flv=01;35:*.gl=01;35:*.dl=01;35:*.xcf=01;35:*.xwd=01;35:*.yuv=01;35:*.cgm=01;35:*.emf=01;35:*.ogv=01;35:*.ogx=01;35:*.aac=00;36:*.au=00;36:*.flac=00;36:*.m4a=00;36:*.mid=00;36:*.midi=00;36:*.mka=00;36:*.mp3=00;36:*.mpc=00;36:*.ogg=00;36:*.ra=00;36:*.wav=00;36:*.oga=00;36:*.opus=00;36:*.spx=00;36:*.xspf=00;36:'), ('AMENT_PREFIX_PATH', '/home/developer/aerostack2_ws/install/as2_msgs:/opt/ros/humble'), ('GZ_VERSION', 'harmonic'), ('PWD', '/home/developer/aerostack2_ws/build/as2_core'), ('LC_ALL', 'C.UTF-8'), ('PYTHONPATH', '/home/developer/aerostack2_ws/install/as2_msgs/local/lib/python3.10/dist-packages:/opt/ros/humble/lib/python3.10/site-packages:/opt/ros/humble/local/lib/python3.10/dist-packages'), ('COLCON', '1'), ('CMAKE_PREFIX_PATH', '/home/developer/aerostack2_ws/install/as2_msgs:/opt/ros/humble')]), 'shell': False}
[0.500208] (-) TimerEvent: {}
[0.550972] (as2_core) StdoutLine: {'line': b'[  6%] Built target gtest_main\n'}
[0.551137] (as2_core) StdoutLine: {'line': b'[ 16%] Built target as2_names\n'}
[0.551175] (as2_core) StdoutLine: {'line': b'[ 19%] Built target gtest\n'}
[0.551227] (as2_core) StdoutLine: {'line': b'[ 19%] Built target ament_cmake_python_symlink_as2_core\n'}
[0.572871] (as2_core) StdoutLine: {'line': b'[ 58%] Built target as2_core\n'}
[0.592305] (as2_core) StdoutLine: {'line': b'[ 64%] Built target platform_state_machine_test\n'}
[0.592527] (as2_core) StdoutLine: {'line': b'[ 70%] Built target tf_utils_gtest\n'}
[0.595212] (as2_core) StdoutLine: {'line': b'[ 77%] Built target tf2_namespace_test\n'}
[0.595624] (as2_core) StdoutLine: {'line': b'[ 87%] Built target mocks\n'}
[0.597275] (as2_core) StdoutLine: {'line': b'[ 93%] Built target frame_test\n'}
[0.597559] (as2_core) StdoutLine: {'line': b'[100%] Built target sensor_test\n'}
[0.600276] (-) TimerEvent: {}
[0.678493] (as2_core) StdoutLine: {'line': b'running egg_info\n'}
[0.678747] (as2_core) StdoutLine: {'line': b'writing as2_core.egg-info/PKG-INFO\n'}
[0.678852] (as2_core) StdoutLine: {'line': b'writing dependency_links to as2_core.egg-info/dependency_links.txt\n'}
[0.678937] (as2_core) StdoutLine: {'line': b'writing top-level names to as2_core.egg-info/top_level.txt\n'}
[0.679934] (as2_core) StdoutLine: {'line': b"reading manifest file 'as2_core.egg-info/SOURCES.txt'\n"}
[0.680281] (as2_core) StdoutLine: {'line': b"writing manifest file 'as2_core.egg-info/SOURCES.txt'\n"}
[0.697327] (as2_core) StdoutLine: {'line': b'[100%] Built target ament_cmake_python_build_as2_core_egg\n'}
[0.700351] (-) TimerEvent: {}
[0.706825] (as2_core) CommandEnded: {'returncode': 0}
[0.707937] (as2_core) JobProgress: {'identifier': 'as2_core', 'progress': 'install'}
[0.708638] (as2_core) Command: {'cmd': ['/usr/bin/cmake', '--install', '/home/developer/aerostack2_ws/build/as2_core'], 'cwd': '/home/developer/aerostack2_ws/build/as2_core', 'env': OrderedDict([('HOSTNAME', 'lead-Predator-PHN16-71'), ('SHLVL', '1'), ('LD_LIBRARY_PATH', '/home/developer/aerostack2_ws/install/as2_msgs/lib:/opt/ros/humble/opt/rviz_ogre_vendor/lib:/opt/ros/humble/lib/x86_64-linux-gnu:/opt/ros/humble/lib'), ('HOME', '/home/developer'), ('ROS_PYTHON_VERSION', '3'), ('ROS_DISTRO', 'humble'), ('_', '/usr/bin/colcon'), ('ROS_VERSION', '2'), ('TERM', 'xterm'), ('ROS_LOCALHOST_ONLY', '0'), ('QT_X11_NO_MITSHM', '1'), ('PATH', '/opt/ros/humble/bin:/usr/local/sbin:/usr/local/bin:/usr/sbin:/usr/bin:/sbin:/bin'), ('DISPLAY', ':1'), ('LANG', 'C.UTF-8'), ('LS_COLORS', 'rs=0:di=01;34:ln=01;36:mh=00:pi=40;33:so=01;35:do=01;35:bd=40;33;01:cd=40;33;01:or=40;31;01:mi=00:su=37;41:sg=30;43:ca=30;41:tw=30;42:ow=34;42:st=37;44:ex=01;32:*.tar=01;31:*.tgz=01;31:*.arc=01;31:*.arj=01;31:*.taz=01;31:*.lha=01;31:*.lz4=01;31:*.lzh=01;31:*.lzma=01;31:*.tlz=01;31:*.txz=01;31:*.tzo=01;31:*.t7z=01;31:*.zip=01;31:*.z=01;31:*.dz=01;31:*.gz=01;31:*.lrz=01;31:*.lz=01;31:*.lzo=01;31:*.xz=01;31:*.zst=01;31:*.tzst=01;31:*.bz2=01;31:*.bz=01;31:*.tbz=01;31:*.tbz2=01;31:*.tz=01;31:*.deb=01;31:*.rpm=01;31:*.jar=01;31:*.war=01;31:*.ear=01;31:*.sar=01;31:*.rar=01;31:*.alz=01;31:*.ace=01;31:*.zoo=01;31:*.cpio=01;31:*.7z=01;31:*.rz=01;31:*.cab=01;31:*.wim=01;31:*.swm=01;31:*.dwm=01;31:*.esd=01;31:*.jpg=01;35:*.jpeg=01;35:*.mjpg=01;35:*.mjpeg=01;35:*.gif=01;35:*.bmp=01;35:*.pbm=01;35:*.pgm=01;35:*.ppm=01;35:*.tga=01;35:*.xbm=01;35:*.xpm=01;35:*.tif=01;35:*.tiff=01;35:*.png=01;35:*.svg=01;35:*.svgz=01;35:*.mng=01;35:*.pcx=01;35:*.mov=01;35:*.mpg=01;35:*.mpeg=01;35:*.m2v=01;35:*.mkv=01;35:*.webm=01;35:*.webp=01;35:*.ogm=01;35:*.mp4=01;35:*.m4v=01;35:*.mp4v=01;35:*.vob=01;35:*.qt=01;35:*.nuv=01;35:*.wmv=01;35:*.asf=01;35:*.rm=01;35:*.rmvb=01;35:*.flc=01;35:*.avi=01;35:*.fli=01;35:*.flv=01;35:*.gl=01;35:*.dl=01;35:*.xcf=01;35:*.xwd=01;35:*.yuv=01;35:*.cgm=01;35:*.emf=01;35:*.ogv=01;35:*.ogx=01;35:*.aac=00;36:*.au=00;36:*.flac=00;36:*.m4a=00;36:*.mid=00;36:*.midi=00;36:*.mka=00;36:*.mp3=00;36:*.mpc=00;36:*.ogg=00;36:*.ra=00;36:*.wav=00;36:*.oga=00;36:*.opus=00;36:*.spx=00;36:*.xspf=00;36:'), ('AMENT_PREFIX_PATH', '/home/developer/aerostack2_ws/install/as2_msgs:/opt/ros/humble'), ('GZ_VERSION', 'harmonic'), ('PWD', '/home/developer/aerostack2_ws/build/as2_core'), ('LC_ALL', 'C.UTF-8'), ('PYTHONPATH', '/home/developer/aerostack2_ws/install/as2_msgs/local/lib/python3.10/dist-packages:/opt/ros/humble/lib/python3.10/site-packages:/opt/ros/humble/local/lib/python3.10/dist-packages'), ('COLCON', '1'), ('CMAKE_PREFIX_PATH', '/home/developer/aerostack2_ws/install/as2_msgs:/opt/ros/humble')]), 'shell': False}
[0.713984] (as2_core) StdoutLine: {'line': b'-- Install configuration: "Release"\n'}
[0.714361] (as2_core) StdoutLine: {'line': b'-- Execute custom install script\n'}
[0.715017] (as2_core) StdoutLine: {'line': b'-- Up-to-date symlink: /home/developer/aerostack2_ws/install/as2_core/share/as2_core/environment/pythonpath.sh\n'}
[0.715182] (as2_core) StdoutLine: {'line': b'-- Up-to-date symlink: /home/developer/aerostack2_ws/install/as2_core/share/as2_core/environment/pythonpath.dsv\n'}
[0.716192] (as2_core) StdoutLine: {'line': b'-- Up-to-date symlink: /home/developer/aerostack2_ws/install/as2_core/local/lib/python3.10/dist-packages/as2_core-1.1.3-py3.10.egg-info/PKG-INFO\n'}
[0.716252] (as2_core) StdoutLine: {'line': b'-- Up-to-date symlink: /home/developer/aerostack2_ws/install/as2_core/local/lib/python3.10/dist-packages/as2_core-1.1.3-py3.10.egg-info/SOURCES.txt\n'}
[0.716340] (as2_core) StdoutLine: {'line': b'-- Up-to-date symlink: /home/developer/aerostack2_ws/install/as2_core/local/lib/python3.10/dist-packages/as2_core-1.1.3-py3.10.egg-info/dependency_links.txt\n'}
[0.716378] (as2_core) StdoutLine: {'line': b'-- Up-to-date symlink: /home/developer/aerostack2_ws/install/as2_core/local/lib/python3.10/dist-packages/as2_core-1.1.3-py3.10.egg-info/top_level.txt\n'}
[0.716593] (as2_core) StdoutLine: {'line': b'-- Up-to-date symlink: /home/developer/aerostack2_ws/install/as2_core/local/lib/python3.10/dist-packages/as2_core/__init__.py\n'}
[0.716792] (as2_core) StdoutLine: {'line': b'-- Up-to-date symlink: /home/developer/aerostack2_ws/install/as2_core/local/lib/python3.10/dist-packages/as2_core/declare_launch_arguments_from_config_file.py\n'}
[0.716874] (as2_core) StdoutLine: {'line': b'-- Up-to-date symlink: /home/developer/aerostack2_ws/install/as2_core/local/lib/python3.10/dist-packages/as2_core/launch_configuration_from_config_file.py\n'}
[0.716957] (as2_core) StdoutLine: {'line': b'-- Up-to-date symlink: /home/developer/aerostack2_ws/install/as2_core/local/lib/python3.10/dist-packages/as2_core/launch_param_utils.py\n'}
[0.717326] (as2_core) StdoutLine: {'line': b'-- Up-to-date symlink: /home/developer/aerostack2_ws/install/as2_core/local/lib/python3.10/dist-packages/as2_core/launch_plugin_utils.py\n'}
[0.717429] (as2_core) StdoutLine: {'line': b'-- Up-to-date symlink: /home/developer/aerostack2_ws/install/as2_core/share/as2_core/environment/library_path.sh\n'}
[0.717539] (as2_core) StdoutLine: {'line': b'-- Up-to-date symlink: /home/developer/aerostack2_ws/install/as2_core/share/as2_core/environment/library_path.dsv\n'}
[0.717807] (as2_core) StdoutLine: {'line': b'-- Up-to-date symlink: /home/developer/aerostack2_ws/install/as2_core/local/lib/python3.10/dist-packages/as2_core/as2_names.cpython-310-x86_64-linux-gnu.so\n'}
[0.718213] (as2_core) StdoutLine: {'line': b'-- Up-to-date symlink: /home/developer/aerostack2_ws/install/as2_core/include/as2_core/aerial_platform.hpp\n'}
[0.718265] (as2_core) StdoutLine: {'line': b'-- Up-to-date symlink: /home/developer/aerostack2_ws/install/as2_core/include/as2_core/as2_basic_behavior.hpp\n'}
[0.718356] (as2_core) StdoutLine: {'line': b'-- Up-to-date symlink: /home/developer/aerostack2_ws/install/as2_core/include/as2_core/core_functions.hpp\n'}
[0.718546] (as2_core) StdoutLine: {'line': b'-- Up-to-date symlink: /home/developer/aerostack2_ws/install/as2_core/include/as2_core/custom/cv_bridge.hpp\n'}
[0.718628] (as2_core) StdoutLine: {'line': b'-- Up-to-date symlink: /home/developer/aerostack2_ws/install/as2_core/include/as2_core/custom/cv_bridge.hpp.in\n'}
[0.718731] (as2_core) StdoutLine: {'line': b'-- Up-to-date symlink: /home/developer/aerostack2_ws/install/as2_core/include/as2_core/custom/tf2_geometry_msgs.hpp\n'}
[0.718834] (as2_core) StdoutLine: {'line': b'-- Up-to-date symlink: /home/developer/aerostack2_ws/install/as2_core/include/as2_core/custom/tf2_geometry_msgs.hpp.in\n'}
[0.719121] (as2_core) StdoutLine: {'line': b'-- Up-to-date symlink: /home/developer/aerostack2_ws/install/as2_core/include/as2_core/names/actions.hpp\n'}
[0.719235] (as2_core) StdoutLine: {'line': b'-- Up-to-date symlink: /home/developer/aerostack2_ws/install/as2_core/include/as2_core/names/services.hpp\n'}
[0.719338] (as2_core) StdoutLine: {'line': b'-- Up-to-date symlink: /home/developer/aerostack2_ws/install/as2_core/include/as2_core/names/topics.hpp\n'}
[0.719404] (as2_core) StdoutLine: {'line': b'-- Up-to-date symlink: /home/developer/aerostack2_ws/install/as2_core/include/as2_core/node.hpp\n'}
[0.719458] (as2_core) StdoutLine: {'line': b'-- Up-to-date symlink: /home/developer/aerostack2_ws/install/as2_core/include/as2_core/platform_state_machine.hpp\n'}
[0.719511] (as2_core) StdoutLine: {'line': b'-- Up-to-date symlink: /home/developer/aerostack2_ws/install/as2_core/include/as2_core/rate.hpp\n'}
[0.719584] (as2_core) StdoutLine: {'line': b'-- Up-to-date symlink: /home/developer/aerostack2_ws/install/as2_core/include/as2_core/sensor.hpp\n'}
[0.719623] (as2_core) StdoutLine: {'line': b'-- Up-to-date symlink: /home/developer/aerostack2_ws/install/as2_core/include/as2_core/synchronous_service_client.hpp\n'}
[0.719685] (as2_core) StdoutLine: {'line': b'-- Up-to-date symlink: /home/developer/aerostack2_ws/install/as2_core/include/as2_core/utils/control_mode_utils.hpp\n'}
[0.719739] (as2_core) StdoutLine: {'line': b'-- Up-to-date symlink: /home/developer/aerostack2_ws/install/as2_core/include/as2_core/utils/frame_utils.hpp\n'}
[0.719793] (as2_core) StdoutLine: {'line': b'-- Up-to-date symlink: /home/developer/aerostack2_ws/install/as2_core/include/as2_core/utils/gps_utils.hpp\n'}
[0.719847] (as2_core) StdoutLine: {'line': b'-- Up-to-date symlink: /home/developer/aerostack2_ws/install/as2_core/include/as2_core/utils/tf_utils.hpp\n'}
[0.719903] (as2_core) StdoutLine: {'line': b'-- Up-to-date symlink: /home/developer/aerostack2_ws/install/as2_core/include/as2_core/utils/yaml_utils.hpp\n'}
[0.720046] (as2_core) StdoutLine: {'line': b'-- Up-to-date symlink: /home/developer/aerostack2_ws/install/as2_core/share/ament_index/resource_index/package_run_dependencies/as2_core\n'}
[0.720147] (as2_core) StdoutLine: {'line': b'-- Up-to-date symlink: /home/developer/aerostack2_ws/install/as2_core/share/ament_index/resource_index/parent_prefix_path/as2_core\n'}
[0.720235] (as2_core) StdoutLine: {'line': b'-- Up-to-date symlink: /home/developer/aerostack2_ws/install/as2_core/share/as2_core/environment/ament_prefix_path.sh\n'}
[0.720314] (as2_core) StdoutLine: {'line': b'-- Up-to-date symlink: /home/developer/aerostack2_ws/install/as2_core/share/as2_core/environment/ament_prefix_path.dsv\n'}
[0.720394] (as2_core) StdoutLine: {'line': b'-- Up-to-date symlink: /home/developer/aerostack2_ws/install/as2_core/share/as2_core/environment/path.sh\n'}
[0.720518] (as2_core) StdoutLine: {'line': b'-- Up-to-date symlink: /home/developer/aerostack2_ws/install/as2_core/share/as2_core/environment/path.dsv\n'}
[0.720634] (as2_core) StdoutLine: {'line': b'-- Up-to-date symlink: /home/developer/aerostack2_ws/install/as2_core/share/as2_core/local_setup.bash\n'}
[0.720752] (as2_core) StdoutLine: {'line': b'-- Up-to-date symlink: /home/developer/aerostack2_ws/install/as2_core/share/as2_core/local_setup.sh\n'}
[0.720862] (as2_core) StdoutLine: {'line': b'-- Up-to-date symlink: /home/developer/aerostack2_ws/install/as2_core/share/as2_core/local_setup.zsh\n'}
[0.721045] (as2_core) StdoutLine: {'line': b'-- Up-to-date symlink: /home/developer/aerostack2_ws/install/as2_core/share/as2_core/local_setup.dsv\n'}
[0.721069] (as2_core) StdoutLine: {'line': b'-- Symlinking: /home/developer/aerostack2_ws/install/as2_core/share/as2_core/package.dsv\n'}
[0.728663] (as2_core) StdoutLine: {'line': b'-- Up-to-date symlink: /home/developer/aerostack2_ws/install/as2_core/share/ament_index/resource_index/packages/as2_core\n'}
[0.728730] (as2_core) StdoutLine: {'line': b'-- Up-to-date symlink: /home/developer/aerostack2_ws/install/as2_core/share/as2_core/cmake/yaml-cpp-extras.cmake\n'}
[0.728810] (as2_core) StdoutLine: {'line': b'-- Up-to-date symlink: /home/developer/aerostack2_ws/install/as2_core/share/as2_core/cmake/GeographicLib-extras.cmake\n'}
[0.728940] (as2_core) StdoutLine: {'line': b'-- Up-to-date symlink: /home/developer/aerostack2_ws/install/as2_core/share/as2_core/cmake/ament_cmake_export_targets-extras.cmake\n'}
[0.729060] (as2_core) StdoutLine: {'line': b'-- Up-to-date symlink: /home/developer/aerostack2_ws/install/as2_core/share/as2_core/cmake/ament_cmake_export_dependencies-extras.cmake\n'}
[0.729182] (as2_core) StdoutLine: {'line': b'-- Up-to-date symlink: /home/developer/aerostack2_ws/install/as2_core/share/as2_core/cmake/ament_cmake_export_include_directories-extras.cmake\n'}
[0.729296] (as2_core) StdoutLine: {'line': b'-- Up-to-date symlink: /home/developer/aerostack2_ws/install/as2_core/share/as2_core/cmake/ament_cmake_export_libraries-extras.cmake\n'}
[0.729425] (as2_core) StdoutLine: {'line': b'-- Up-to-date symlink: /home/developer/aerostack2_ws/install/as2_core/share/as2_core/cmake/as2_coreConfig.cmake\n'}
[0.729521] (as2_core) StdoutLine: {'line': b'-- Up-to-date symlink: /home/developer/aerostack2_ws/install/as2_core/share/as2_core/cmake/as2_coreConfig-version.cmake\n'}
[0.729859] (as2_core) StdoutLine: {'line': b'-- Up-to-date symlink: /home/developer/aerostack2_ws/install/as2_core/share/as2_core/package.xml\n'}
[0.750838] (as2_core) StdoutLine: {'line': b"Listing '/home/developer/aerostack2_ws/install/as2_core/local/lib/python3.10/dist-packages/as2_core'...\n"}
[0.753413] (as2_core) StdoutLine: {'line': b'-- Up-to-date: /home/developer/aerostack2_ws/install/as2_core/include/as2_core/mocks/\n'}
[0.753492] (as2_core) StdoutLine: {'line': b'-- Up-to-date: /home/developer/aerostack2_ws/install/as2_core/include/as2_core/mocks//aerial_platform\n'}
[0.753520] (as2_core) StdoutLine: {'line': b'-- Up-to-date: /home/developer/aerostack2_ws/install/as2_core/include/as2_core/mocks//aerial_platform/mock_aerial_platform.hpp\n'}
[0.753543] (as2_core) StdoutLine: {'line': b'-- Up-to-date: /home/developer/aerostack2_ws/install/as2_core/include/as2_core/mocks//executor_thread_util\n'}
[0.753693] (as2_core) StdoutLine: {'line': b'-- Up-to-date: /home/developer/aerostack2_ws/install/as2_core/include/as2_core/mocks//executor_thread_util/executor_thread_util.hpp\n'}
[0.753749] (as2_core) StdoutLine: {'line': b'-- Up-to-date: /home/developer/aerostack2_ws/install/as2_core/lib/libas2_core.a\n'}
[0.753985] (as2_core) StdoutLine: {'line': b'-- Up-to-date: /home/developer/aerostack2_ws/install/as2_core/lib/libmocks.so\n'}
[0.754921] (as2_core) StdoutLine: {'line': b'-- Up-to-date: /home/developer/aerostack2_ws/install/as2_core/share/as2_core/cmake/export_as2_coreExport.cmake\n'}
[0.754997] (as2_core) StdoutLine: {'line': b'-- Up-to-date: /home/developer/aerostack2_ws/install/as2_core/share/as2_core/cmake/export_as2_coreExport-release.cmake\n'}
[0.756387] (as2_core) CommandEnded: {'returncode': 0}
[0.765584] (as2_core) JobEnded: {'identifier': 'as2_core', 'rc': 0}
[0.766115] (as2_behavior) JobStarted: {'identifier': 'as2_behavior'}
[0.773378] (as2_behavior) JobProgress: {'identifier': 'as2_behavior', 'progress': 'cmake'}
[0.774380] (as2_behavior) JobProgress: {'identifier': 'as2_behavior', 'progress': 'build'}
[0.774588] (as2_behavior) Command: {'cmd': ['/usr/bin/cmake', '--build', '/home/developer/aerostack2_ws/build/as2_behavior', '--', '-j20', '-l20'], 'cwd': '/home/developer/aerostack2_ws/build/as2_behavior', 'env': OrderedDict([('HOSTNAME', 'lead-Predator-PHN16-71'), ('SHLVL', '1'), ('LD_LIBRARY_PATH', '/home/developer/aerostack2_ws/install/as2_core/lib:/home/developer/aerostack2_ws/install/as2_msgs/lib:/opt/ros/humble/opt/rviz_ogre_vendor/lib:/opt/ros/humble/lib/x86_64-linux-gnu:/opt/ros/humble/lib'), ('HOME', '/home/developer'), ('ROS_PYTHON_VERSION', '3'), ('ROS_DISTRO', 'humble'), ('_', '/usr/bin/colcon'), ('ROS_VERSION', '2'), ('TERM', 'xterm'), ('ROS_LOCALHOST_ONLY', '0'), ('QT_X11_NO_MITSHM', '1'), ('PATH', '/opt/ros/humble/bin:/usr/local/sbin:/usr/local/bin:/usr/sbin:/usr/bin:/sbin:/bin'), ('DISPLAY', ':1'), ('LANG', 'C.UTF-8'), ('LS_COLORS', 'rs=0:di=01;34:ln=01;36:mh=00:pi=40;33:so=01;35:do=01;35:bd=40;33;01:cd=40;33;01:or=40;31;01:mi=00:su=37;41:sg=30;43:ca=30;41:tw=30;42:ow=34;42:st=37;44:ex=01;32:*.tar=01;31:*.tgz=01;31:*.arc=01;31:*.arj=01;31:*.taz=01;31:*.lha=01;31:*.lz4=01;31:*.lzh=01;31:*.lzma=01;31:*.tlz=01;31:*.txz=01;31:*.tzo=01;31:*.t7z=01;31:*.zip=01;31:*.z=01;31:*.dz=01;31:*.gz=01;31:*.lrz=01;31:*.lz=01;31:*.lzo=01;31:*.xz=01;31:*.zst=01;31:*.tzst=01;31:*.bz2=01;31:*.bz=01;31:*.tbz=01;31:*.tbz2=01;31:*.tz=01;31:*.deb=01;31:*.rpm=01;31:*.jar=01;31:*.war=01;31:*.ear=01;31:*.sar=01;31:*.rar=01;31:*.alz=01;31:*.ace=01;31:*.zoo=01;31:*.cpio=01;31:*.7z=01;31:*.rz=01;31:*.cab=01;31:*.wim=01;31:*.swm=01;31:*.dwm=01;31:*.esd=01;31:*.jpg=01;35:*.jpeg=01;35:*.mjpg=01;35:*.mjpeg=01;35:*.gif=01;35:*.bmp=01;35:*.pbm=01;35:*.pgm=01;35:*.ppm=01;35:*.tga=01;35:*.xbm=01;35:*.xpm=01;35:*.tif=01;35:*.tiff=01;35:*.png=01;35:*.svg=01;35:*.svgz=01;35:*.mng=01;35:*.pcx=01;35:*.mov=01;35:*.mpg=01;35:*.mpeg=01;35:*.m2v=01;35:*.mkv=01;35:*.webm=01;35:*.webp=01;35:*.ogm=01;35:*.mp4=01;35:*.m4v=01;35:*.mp4v=01;35:*.vob=01;35:*.qt=01;35:*.nuv=01;35:*.wmv=01;35:*.asf=01;35:*.rm=01;35:*.rmvb=01;35:*.flc=01;35:*.avi=01;35:*.fli=01;35:*.flv=01;35:*.gl=01;35:*.dl=01;35:*.xcf=01;35:*.xwd=01;35:*.yuv=01;35:*.cgm=01;35:*.emf=01;35:*.ogv=01;35:*.ogx=01;35:*.aac=00;36:*.au=00;36:*.flac=00;36:*.m4a=00;36:*.mid=00;36:*.midi=00;36:*.mka=00;36:*.mp3=00;36:*.mpc=00;36:*.ogg=00;36:*.ra=00;36:*.wav=00;36:*.oga=00;36:*.opus=00;36:*.spx=00;36:*.xspf=00;36:'), ('AMENT_PREFIX_PATH', '/home/developer/aerostack2_ws/install/as2_core:/home/developer/aerostack2_ws/install/as2_msgs:/opt/ros/humble'), ('GZ_VERSION', 'harmonic'), ('PWD', '/home/developer/aerostack2_ws/build/as2_behavior'), ('LC_ALL', 'C.UTF-8'), ('PYTHONPATH', '/home/developer/aerostack2_ws/install/as2_core/local/lib/python3.10/dist-packages:/home/developer/aerostack2_ws/install/as2_msgs/local/lib/python3.10/dist-packages:/opt/ros/humble/lib/python3.10/site-packages:/opt/ros/humble/local/lib/python3.10/dist-packages'), ('COLCON', '1'), ('CMAKE_PREFIX_PATH', '/home/developer/aerostack2_ws/install/as2_core:/home/developer/aerostack2_ws/install/as2_msgs:/opt/ros/humble')]), 'shell': False}
[0.800517] (-) TimerEvent: {}
[0.808119] (as2_behavior) StdoutLine: {'line': b'\x1b[35m\x1b[1mConsolidate compiler generated dependencies of target gtest_main\x1b[0m\n'}
[0.816244] (as2_behavior) StdoutLine: {'line': b'[ 12%] \x1b[32mBuilding CXX object CMakeFiles/as2_behavior.dir/src/behavior_server.cpp.o\x1b[0m\n'}
[0.817300] (as2_behavior) StdoutLine: {'line': b'[ 25%] \x1b[32mBuilding CXX object gtest/CMakeFiles/gtest.dir/src/gtest-all.cc.o\x1b[0m\n'}
[0.817919] (as2_behavior) StdoutLine: {'line': b'[ 50%] Built target gtest_main\n'}
[0.900693] (-) TimerEvent: {}
[1.001038] (-) TimerEvent: {}
[1.101324] (-) TimerEvent: {}
[1.201676] (-) TimerEvent: {}
[1.302081] (-) TimerEvent: {}
[1.402396] (-) TimerEvent: {}
[1.502800] (-) TimerEvent: {}
[1.603136] (-) TimerEvent: {}
[1.703439] (-) TimerEvent: {}
[1.803744] (-) TimerEvent: {}
[1.904115] (-) TimerEvent: {}
[2.004376] (-) TimerEvent: {}
[2.104702] (-) TimerEvent: {}
[2.205103] (-) TimerEvent: {}
[2.305419] (-) TimerEvent: {}
[2.405792] (-) TimerEvent: {}
[2.458328] (as2_behavior) StdoutLine: {'line': b'[ 62%] \x1b[32m\x1b[1mLinking CXX shared library libas2_behavior.so\x1b[0m\n'}
[2.505952] (-) TimerEvent: {}
[2.606223] (-) TimerEvent: {}
[2.706522] (-) TimerEvent: {}
[2.806879] (-) TimerEvent: {}
[2.907136] (-) TimerEvent: {}
[2.915013] (as2_behavior) StdoutLine: {'line': b'[ 62%] Built target as2_behavior\n'}
[3.007239] (-) TimerEvent: {}
[3.107512] (-) TimerEvent: {}
[3.207889] (-) TimerEvent: {}
[3.308165] (-) TimerEvent: {}
[3.408539] (-) TimerEvent: {}
[3.508867] (-) TimerEvent: {}
[3.609258] (-) TimerEvent: {}
[3.709549] (-) TimerEvent: {}
[3.809828] (-) TimerEvent: {}
[3.910142] (-) TimerEvent: {}
[4.010453] (-) TimerEvent: {}
[4.110782] (-) TimerEvent: {}
[4.211182] (-) TimerEvent: {}
[4.311444] (-) TimerEvent: {}
[4.411851] (-) TimerEvent: {}
[4.512253] (-) TimerEvent: {}
[4.612550] (-) TimerEvent: {}
[4.712827] (-) TimerEvent: {}
[4.813149] (-) TimerEvent: {}
[4.913512] (-) TimerEvent: {}
[5.002954] (as2_behavior) StdoutLine: {'line': b'[ 75%] \x1b[32m\x1b[1mLinking CXX static library libgtest.a\x1b[0m\n'}
[5.013609] (-) TimerEvent: {}
[5.030569] (as2_behavior) StdoutLine: {'line': b'[ 75%] Built target gtest\n'}
[5.045406] (as2_behavior) StdoutLine: {'line': b'[ 87%] \x1b[32mBuilding CXX object tests/CMakeFiles/as2_behavior_as2_behavior_gtest.dir/as2_behavior_gtest.cpp.o\x1b[0m\n'}
[5.113705] (-) TimerEvent: {}
[5.213970] (-) TimerEvent: {}
[5.314208] (-) TimerEvent: {}
[5.414469] (-) TimerEvent: {}
[5.514682] (-) TimerEvent: {}
[5.615013] (-) TimerEvent: {}
[5.715242] (-) TimerEvent: {}
[5.815586] (-) TimerEvent: {}
[5.915915] (-) TimerEvent: {}
[6.016198] (-) TimerEvent: {}
[6.116512] (-) TimerEvent: {}
[6.216887] (-) TimerEvent: {}
[6.317194] (-) TimerEvent: {}
[6.417546] (-) TimerEvent: {}
[6.517910] (-) TimerEvent: {}
[6.618221] (-) TimerEvent: {}
[6.718467] (-) TimerEvent: {}
[6.818786] (-) TimerEvent: {}
[6.919001] (-) TimerEvent: {}
[7.019224] (-) TimerEvent: {}
[7.119468] (-) TimerEvent: {}
[7.219832] (-) TimerEvent: {}
[7.320099] (-) TimerEvent: {}
[7.420354] (-) TimerEvent: {}
[7.520617] (-) TimerEvent: {}
[7.620851] (-) TimerEvent: {}
[7.721114] (-) TimerEvent: {}
[7.821361] (-) TimerEvent: {}
[7.921601] (-) TimerEvent: {}
[8.021890] (-) TimerEvent: {}
[8.122130] (-) TimerEvent: {}
[8.222334] (-) TimerEvent: {}
[8.322597] (-) TimerEvent: {}
[8.422831] (-) TimerEvent: {}
[8.523093] (-) TimerEvent: {}
[8.623319] (-) TimerEvent: {}
[8.723558] (-) TimerEvent: {}
[8.823893] (-) TimerEvent: {}
[8.924169] (-) TimerEvent: {}
[9.024397] (-) TimerEvent: {}
[9.124632] (-) TimerEvent: {}
[9.224867] (-) TimerEvent: {}
[9.325095] (-) TimerEvent: {}
[9.425326] (-) TimerEvent: {}
[9.525566] (-) TimerEvent: {}
[9.625849] (-) TimerEvent: {}
[9.726099] (-) TimerEvent: {}
[9.826379] (-) TimerEvent: {}
[9.926621] (-) TimerEvent: {}
[10.026822] (-) TimerEvent: {}
[10.127115] (-) TimerEvent: {}
[10.219154] (as2_behavior) StdoutLine: {'line': b'[100%] \x1b[32m\x1b[1mLinking CXX executable as2_behavior_as2_behavior_gtest\x1b[0m\n'}
[10.227221] (-) TimerEvent: {}
[10.327509] (-) TimerEvent: {}
[10.340453] (as2_behavior) StdoutLine: {'line': b'[100%] Built target as2_behavior_as2_behavior_gtest\n'}
[10.348969] (as2_behavior) CommandEnded: {'returncode': 0}
[10.349804] (as2_behavior) JobProgress: {'identifier': 'as2_behavior', 'progress': 'install'}
[10.350014] (as2_behavior) Command: {'cmd': ['/usr/bin/cmake', '--install', '/home/developer/aerostack2_ws/build/as2_behavior'], 'cwd': '/home/developer/aerostack2_ws/build/as2_behavior', 'env': OrderedDict([('HOSTNAME', 'lead-Predator-PHN16-71'), ('SHLVL', '1'), ('LD_LIBRARY_PATH', '/home/developer/aerostack2_ws/install/as2_core/lib:/home/developer/aerostack2_ws/install/as2_msgs/lib:/opt/ros/humble/opt/rviz_ogre_vendor/lib:/opt/ros/humble/lib/x86_64-linux-gnu:/opt/ros/humble/lib'), ('HOME', '/home/developer'), ('ROS_PYTHON_VERSION', '3'), ('ROS_DISTRO', 'humble'), ('_', '/usr/bin/colcon'), ('ROS_VERSION', '2'), ('TERM', 'xterm'), ('ROS_LOCALHOST_ONLY', '0'), ('QT_X11_NO_MITSHM', '1'), ('PATH', '/opt/ros/humble/bin:/usr/local/sbin:/usr/local/bin:/usr/sbin:/usr/bin:/sbin:/bin'), ('DISPLAY', ':1'), ('LANG', 'C.UTF-8'), ('LS_COLORS', 'rs=0:di=01;34:ln=01;36:mh=00:pi=40;33:so=01;35:do=01;35:bd=40;33;01:cd=40;33;01:or=40;31;01:mi=00:su=37;41:sg=30;43:ca=30;41:tw=30;42:ow=34;42:st=37;44:ex=01;32:*.tar=01;31:*.tgz=01;31:*.arc=01;31:*.arj=01;31:*.taz=01;31:*.lha=01;31:*.lz4=01;31:*.lzh=01;31:*.lzma=01;31:*.tlz=01;31:*.txz=01;31:*.tzo=01;31:*.t7z=01;31:*.zip=01;31:*.z=01;31:*.dz=01;31:*.gz=01;31:*.lrz=01;31:*.lz=01;31:*.lzo=01;31:*.xz=01;31:*.zst=01;31:*.tzst=01;31:*.bz2=01;31:*.bz=01;31:*.tbz=01;31:*.tbz2=01;31:*.tz=01;31:*.deb=01;31:*.rpm=01;31:*.jar=01;31:*.war=01;31:*.ear=01;31:*.sar=01;31:*.rar=01;31:*.alz=01;31:*.ace=01;31:*.zoo=01;31:*.cpio=01;31:*.7z=01;31:*.rz=01;31:*.cab=01;31:*.wim=01;31:*.swm=01;31:*.dwm=01;31:*.esd=01;31:*.jpg=01;35:*.jpeg=01;35:*.mjpg=01;35:*.mjpeg=01;35:*.gif=01;35:*.bmp=01;35:*.pbm=01;35:*.pgm=01;35:*.ppm=01;35:*.tga=01;35:*.xbm=01;35:*.xpm=01;35:*.tif=01;35:*.tiff=01;35:*.png=01;35:*.svg=01;35:*.svgz=01;35:*.mng=01;35:*.pcx=01;35:*.mov=01;35:*.mpg=01;35:*.mpeg=01;35:*.m2v=01;35:*.mkv=01;35:*.webm=01;35:*.webp=01;35:*.ogm=01;35:*.mp4=01;35:*.m4v=01;35:*.mp4v=01;35:*.vob=01;35:*.qt=01;35:*.nuv=01;35:*.wmv=01;35:*.asf=01;35:*.rm=01;35:*.rmvb=01;35:*.flc=01;35:*.avi=01;35:*.fli=01;35:*.flv=01;35:*.gl=01;35:*.dl=01;35:*.xcf=01;35:*.xwd=01;35:*.yuv=01;35:*.cgm=01;35:*.emf=01;35:*.ogv=01;35:*.ogx=01;35:*.aac=00;36:*.au=00;36:*.flac=00;36:*.m4a=00;36:*.mid=00;36:*.midi=00;36:*.mka=00;36:*.mp3=00;36:*.mpc=00;36:*.ogg=00;36:*.ra=00;36:*.wav=00;36:*.oga=00;36:*.opus=00;36:*.spx=00;36:*.xspf=00;36:'), ('AMENT_PREFIX_PATH', '/home/developer/aerostack2_ws/install/as2_core:/home/developer/aerostack2_ws/install/as2_msgs:/opt/ros/humble'), ('GZ_VERSION', 'harmonic'), ('PWD', '/home/developer/aerostack2_ws/build/as2_behavior'), ('LC_ALL', 'C.UTF-8'), ('PYTHONPATH', '/home/developer/aerostack2_ws/install/as2_core/local/lib/python3.10/dist-packages:/home/developer/aerostack2_ws/install/as2_msgs/local/lib/python3.10/dist-packages:/opt/ros/humble/lib/python3.10/site-packages:/opt/ros/humble/local/lib/python3.10/dist-packages'), ('COLCON', '1'), ('CMAKE_PREFIX_PATH', '/home/developer/aerostack2_ws/install/as2_core:/home/developer/aerostack2_ws/install/as2_msgs:/opt/ros/humble')]), 'shell': False}
[10.355426] (as2_behavior) StdoutLine: {'line': b'-- Install configuration: "Release"\n'}
[10.355801] (as2_behavior) StdoutLine: {'line': b'-- Execute custom install script\n'}
[10.356133] (as2_behavior) StdoutLine: {'line': b'-- Symlinking: /home/developer/aerostack2_ws/install/as2_behavior/include/as2_behavior/__detail/behavior_server__class.hpp\n'}
[10.362732] (as2_behavior) StdoutLine: {'line': b'-- Symlinking: /home/developer/aerostack2_ws/install/as2_behavior/include/as2_behavior/__impl/behavior_server__impl.hpp\n'}
[10.369089] (as2_behavior) StdoutLine: {'line': b'-- Symlinking: /home/developer/aerostack2_ws/install/as2_behavior/include/as2_behavior/as2_basic_behavior.hpp\n'}
[10.374540] (as2_behavior) StdoutLine: {'line': b'-- Symlinking: /home/developer/aerostack2_ws/install/as2_behavior/include/as2_behavior/behavior_server.hpp\n'}
[10.380751] (as2_behavior) StdoutLine: {'line': b'-- Symlinking: /home/developer/aerostack2_ws/install/as2_behavior/include/as2_behavior/behavior_utils.hpp\n'}
[10.386947] (as2_behavior) StdoutLine: {'line': b'-- Symlinking: /home/developer/aerostack2_ws/install/as2_behavior/share/as2_behavior/environment/library_path.sh\n'}
[10.393124] (as2_behavior) StdoutLine: {'line': b'-- Symlinking: /home/developer/aerostack2_ws/install/as2_behavior/share/as2_behavior/environment/library_path.dsv\n'}
[10.397716] (as2_behavior) StdoutLine: {'line': b'-- Symlinking: /home/developer/aerostack2_ws/install/as2_behavior/share/ament_index/resource_index/package_run_dependencies/as2_behavior\n'}
[10.402644] (as2_behavior) StdoutLine: {'line': b'-- Symlinking: /home/developer/aerostack2_ws/install/as2_behavior/share/ament_index/resource_index/parent_prefix_path/as2_behavior\n'}
[10.409381] (as2_behavior) StdoutLine: {'line': b'-- Symlinking: /home/developer/aerostack2_ws/install/as2_behavior/share/as2_behavior/environment/ament_prefix_path.sh\n'}
[10.414937] (as2_behavior) StdoutLine: {'line': b'-- Symlinking: /home/developer/aerostack2_ws/install/as2_behavior/share/as2_behavior/environment/ament_prefix_path.dsv\n'}
[10.421216] (as2_behavior) StdoutLine: {'line': b'-- Symlinking: /home/developer/aerostack2_ws/install/as2_behavior/share/as2_behavior/environment/path.sh\n'}
[10.425610] (as2_behavior) StdoutLine: {'line': b'-- Symlinking: /home/developer/aerostack2_ws/install/as2_behavior/share/as2_behavior/environment/path.dsv\n'}
[10.427607] (-) TimerEvent: {}
[10.432218] (as2_behavior) StdoutLine: {'line': b'-- Symlinking: /home/developer/aerostack2_ws/install/as2_behavior/share/as2_behavior/local_setup.bash\n'}
[10.437269] (as2_behavior) StdoutLine: {'line': b'-- Symlinking: /home/developer/aerostack2_ws/install/as2_behavior/share/as2_behavior/local_setup.sh\n'}
[10.442794] (as2_behavior) StdoutLine: {'line': b'-- Symlinking: /home/developer/aerostack2_ws/install/as2_behavior/share/as2_behavior/local_setup.zsh\n'}
[10.449167] (as2_behavior) StdoutLine: {'line': b'-- Symlinking: /home/developer/aerostack2_ws/install/as2_behavior/share/as2_behavior/local_setup.dsv\n'}
[10.454726] (as2_behavior) StdoutLine: {'line': b'-- Symlinking: /home/developer/aerostack2_ws/install/as2_behavior/share/as2_behavior/package.dsv\n'}
[10.461170] (as2_behavior) StdoutLine: {'line': b'-- Symlinking: /home/developer/aerostack2_ws/install/as2_behavior/share/ament_index/resource_index/packages/as2_behavior\n'}
[10.467658] (as2_behavior) StdoutLine: {'line': b'-- Symlinking: /home/developer/aerostack2_ws/install/as2_behavior/share/as2_behavior/cmake/ament_cmake_export_libraries-extras.cmake\n'}
[10.472209] (as2_behavior) StdoutLine: {'line': b'-- Symlinking: /home/developer/aerostack2_ws/install/as2_behavior/share/as2_behavior/cmake/ament_cmake_export_targets-extras.cmake\n'}
[10.476683] (as2_behavior) StdoutLine: {'line': b'-- Symlinking: /home/developer/aerostack2_ws/install/as2_behavior/share/as2_behavior/cmake/ament_cmake_export_include_directories-extras.cmake\n'}
[10.482165] (as2_behavior) StdoutLine: {'line': b'-- Symlinking: /home/developer/aerostack2_ws/install/as2_behavior/share/as2_behavior/cmake/as2_behaviorConfig.cmake\n'}
[10.487136] (as2_behavior) StdoutLine: {'line': b'-- Symlinking: /home/developer/aerostack2_ws/install/as2_behavior/share/as2_behavior/cmake/as2_behaviorConfig-version.cmake\n'}
[10.493480] (as2_behavior) StdoutLine: {'line': b'-- Symlinking: /home/developer/aerostack2_ws/install/as2_behavior/share/as2_behavior/package.xml\n'}
[10.497566] (as2_behavior) StdoutLine: {'line': b'-- Installing: /home/developer/aerostack2_ws/install/as2_behavior/lib/libas2_behavior.so\n'}
[10.497631] (as2_behavior) StdoutLine: {'line': b'-- Set runtime path of "/home/developer/aerostack2_ws/install/as2_behavior/lib/libas2_behavior.so" to ""\n'}
[10.505627] (as2_behavior) StdoutLine: {'line': b'-- Installing: /home/developer/aerostack2_ws/install/as2_behavior/share/as2_behavior/cmake/export_as2_behaviorExport.cmake\n'}
[10.505711] (as2_behavior) StdoutLine: {'line': b'-- Installing: /home/developer/aerostack2_ws/install/as2_behavior/share/as2_behavior/cmake/export_as2_behaviorExport-release.cmake\n'}
[10.508091] (as2_behavior) CommandEnded: {'returncode': 0}
[10.516444] (as2_behavior) JobEnded: {'identifier': 'as2_behavior', 'rc': 0}
[10.516799] (as2_motion_reference_handlers) JobStarted: {'identifier': 'as2_motion_reference_handlers'}
[10.524144] (as2_motion_reference_handlers) JobProgress: {'identifier': 'as2_motion_reference_handlers', 'progress': 'cmake'}
[10.524770] (as2_motion_reference_handlers) JobProgress: {'identifier': 'as2_motion_reference_handlers', 'progress': 'build'}
[10.524922] (as2_motion_reference_handlers) Command: {'cmd': ['/usr/bin/cmake', '--build', '/home/developer/aerostack2_ws/build/as2_motion_reference_handlers', '--', '-j20', '-l20'], 'cwd': '/home/developer/aerostack2_ws/build/as2_motion_reference_handlers', 'env': OrderedDict([('HOSTNAME', 'lead-Predator-PHN16-71'), ('SHLVL', '1'), ('LD_LIBRARY_PATH', '/home/developer/aerostack2_ws/install/as2_core/lib:/home/developer/aerostack2_ws/install/as2_msgs/lib:/opt/ros/humble/opt/rviz_ogre_vendor/lib:/opt/ros/humble/lib/x86_64-linux-gnu:/opt/ros/humble/lib'), ('HOME', '/home/developer'), ('ROS_PYTHON_VERSION', '3'), ('ROS_DISTRO', 'humble'), ('_', '/usr/bin/colcon'), ('ROS_VERSION', '2'), ('TERM', 'xterm'), ('ROS_LOCALHOST_ONLY', '0'), ('QT_X11_NO_MITSHM', '1'), ('PATH', '/opt/ros/humble/bin:/usr/local/sbin:/usr/local/bin:/usr/sbin:/usr/bin:/sbin:/bin'), ('DISPLAY', ':1'), ('LANG', 'C.UTF-8'), ('LS_COLORS', 'rs=0:di=01;34:ln=01;36:mh=00:pi=40;33:so=01;35:do=01;35:bd=40;33;01:cd=40;33;01:or=40;31;01:mi=00:su=37;41:sg=30;43:ca=30;41:tw=30;42:ow=34;42:st=37;44:ex=01;32:*.tar=01;31:*.tgz=01;31:*.arc=01;31:*.arj=01;31:*.taz=01;31:*.lha=01;31:*.lz4=01;31:*.lzh=01;31:*.lzma=01;31:*.tlz=01;31:*.txz=01;31:*.tzo=01;31:*.t7z=01;31:*.zip=01;31:*.z=01;31:*.dz=01;31:*.gz=01;31:*.lrz=01;31:*.lz=01;31:*.lzo=01;31:*.xz=01;31:*.zst=01;31:*.tzst=01;31:*.bz2=01;31:*.bz=01;31:*.tbz=01;31:*.tbz2=01;31:*.tz=01;31:*.deb=01;31:*.rpm=01;31:*.jar=01;31:*.war=01;31:*.ear=01;31:*.sar=01;31:*.rar=01;31:*.alz=01;31:*.ace=01;31:*.zoo=01;31:*.cpio=01;31:*.7z=01;31:*.rz=01;31:*.cab=01;31:*.wim=01;31:*.swm=01;31:*.dwm=01;31:*.esd=01;31:*.jpg=01;35:*.jpeg=01;35:*.mjpg=01;35:*.mjpeg=01;35:*.gif=01;35:*.bmp=01;35:*.pbm=01;35:*.pgm=01;35:*.ppm=01;35:*.tga=01;35:*.xbm=01;35:*.xpm=01;35:*.tif=01;35:*.tiff=01;35:*.png=01;35:*.svg=01;35:*.svgz=01;35:*.mng=01;35:*.pcx=01;35:*.mov=01;35:*.mpg=01;35:*.mpeg=01;35:*.m2v=01;35:*.mkv=01;35:*.webm=01;35:*.webp=01;35:*.ogm=01;35:*.mp4=01;35:*.m4v=01;35:*.mp4v=01;35:*.vob=01;35:*.qt=01;35:*.nuv=01;35:*.wmv=01;35:*.asf=01;35:*.rm=01;35:*.rmvb=01;35:*.flc=01;35:*.avi=01;35:*.fli=01;35:*.flv=01;35:*.gl=01;35:*.dl=01;35:*.xcf=01;35:*.xwd=01;35:*.yuv=01;35:*.cgm=01;35:*.emf=01;35:*.ogv=01;35:*.ogx=01;35:*.aac=00;36:*.au=00;36:*.flac=00;36:*.m4a=00;36:*.mid=00;36:*.midi=00;36:*.mka=00;36:*.mp3=00;36:*.mpc=00;36:*.ogg=00;36:*.ra=00;36:*.wav=00;36:*.oga=00;36:*.opus=00;36:*.spx=00;36:*.xspf=00;36:'), ('AMENT_PREFIX_PATH', '/home/developer/aerostack2_ws/install/as2_core:/home/developer/aerostack2_ws/install/as2_msgs:/opt/ros/humble'), ('GZ_VERSION', 'harmonic'), ('PWD', '/home/developer/aerostack2_ws/build/as2_motion_reference_handlers'), ('LC_ALL', 'C.UTF-8'), ('PYTHONPATH', '/home/developer/aerostack2_ws/install/as2_core/local/lib/python3.10/dist-packages:/home/developer/aerostack2_ws/install/as2_msgs/local/lib/python3.10/dist-packages:/opt/ros/humble/lib/python3.10/site-packages:/opt/ros/humble/local/lib/python3.10/dist-packages'), ('COLCON', '1'), ('CMAKE_PREFIX_PATH', '/home/developer/aerostack2_ws/install/as2_core:/home/developer/aerostack2_ws/install/as2_msgs:/opt/ros/humble')]), 'shell': False}
[10.527697] (-) TimerEvent: {}
[10.566381] (as2_motion_reference_handlers) StdoutLine: {'line': b'[ 12%] \x1b[32mBuilding CXX object CMakeFiles/as2_motion_reference_handlers.dir/src/basic_motion_references.cpp.o\x1b[0m\n'}
[10.566567] (as2_motion_reference_handlers) StdoutLine: {'line': b'[ 25%] \x1b[32mBuilding CXX object CMakeFiles/as2_motion_reference_handlers.dir/src/trajectory_motion.cpp.o\x1b[0m\n'}
[10.566604] (as2_motion_reference_handlers) StdoutLine: {'line': b'[ 37%] \x1b[32mBuilding CXX object CMakeFiles/as2_motion_reference_handlers.dir/src/position_motion.cpp.o\x1b[0m\n'}
[10.566831] (as2_motion_reference_handlers) StdoutLine: {'line': b'[ 50%] \x1b[32mBuilding CXX object CMakeFiles/as2_motion_reference_handlers.dir/src/speed_in_a_plane_motion.cpp.o\x1b[0m\n'}
[10.568535] (as2_motion_reference_handlers) StdoutLine: {'line': b'[ 62%] \x1b[32mBuilding CXX object CMakeFiles/as2_motion_reference_handlers.dir/src/hover_motion.cpp.o\x1b[0m\n'}
[10.568895] (as2_motion_reference_handlers) StdoutLine: {'line': b'[ 75%] \x1b[32mBuilding CXX object CMakeFiles/as2_motion_reference_handlers.dir/src/speed_motion.cpp.o\x1b[0m\n'}
[10.569283] (as2_motion_reference_handlers) StdoutLine: {'line': b'[ 87%] \x1b[32mBuilding CXX object CMakeFiles/as2_motion_reference_handlers.dir/src/acro_motion.cpp.o\x1b[0m\n'}
[10.575484] (as2_motion_reference_handlers) StdoutLine: {'line': b'[ 87%] Built target ament_cmake_python_symlink_as2_motion_reference_handlers\n'}
[10.627824] (-) TimerEvent: {}
[10.712260] (as2_motion_reference_handlers) StdoutLine: {'line': b'running egg_info\n'}
[10.712574] (as2_motion_reference_handlers) StdoutLine: {'line': b'writing as2_motion_reference_handlers.egg-info/PKG-INFO\n'}
[10.712683] (as2_motion_reference_handlers) StdoutLine: {'line': b'writing dependency_links to as2_motion_reference_handlers.egg-info/dependency_links.txt\n'}
[10.712777] (as2_motion_reference_handlers) StdoutLine: {'line': b'writing top-level names to as2_motion_reference_handlers.egg-info/top_level.txt\n'}
[10.714042] (as2_motion_reference_handlers) StdoutLine: {'line': b"reading manifest file 'as2_motion_reference_handlers.egg-info/SOURCES.txt'\n"}
[10.714666] (as2_motion_reference_handlers) StdoutLine: {'line': b"writing manifest file 'as2_motion_reference_handlers.egg-info/SOURCES.txt'\n"}
[10.727971] (-) TimerEvent: {}
[10.733209] (as2_motion_reference_handlers) StdoutLine: {'line': b'[ 87%] Built target ament_cmake_python_build_as2_motion_reference_handlers_egg\n'}
[10.828099] (-) TimerEvent: {}
[10.928395] (-) TimerEvent: {}
[11.028672] (-) TimerEvent: {}
[11.129003] (-) TimerEvent: {}
[11.229282] (-) TimerEvent: {}
[11.329591] (-) TimerEvent: {}
[11.429872] (-) TimerEvent: {}
[11.530162] (-) TimerEvent: {}
[11.630427] (-) TimerEvent: {}
[11.730724] (-) TimerEvent: {}
[11.831008] (-) TimerEvent: {}
[11.931297] (-) TimerEvent: {}
[12.031590] (-) TimerEvent: {}
[12.131868] (-) TimerEvent: {}
[12.232165] (-) TimerEvent: {}
[12.332438] (-) TimerEvent: {}
[12.432743] (-) TimerEvent: {}
[12.533056] (-) TimerEvent: {}
[12.633322] (-) TimerEvent: {}
[12.733601] (-) TimerEvent: {}
[12.833983] (-) TimerEvent: {}
[12.934294] (-) TimerEvent: {}
[13.034650] (-) TimerEvent: {}
[13.135030] (-) TimerEvent: {}
[13.235294] (-) TimerEvent: {}
[13.335669] (-) TimerEvent: {}
[13.435984] (-) TimerEvent: {}
[13.536277] (-) TimerEvent: {}
[13.636580] (-) TimerEvent: {}
[13.736906] (-) TimerEvent: {}
[13.837172] (-) TimerEvent: {}
[13.937429] (-) TimerEvent: {}
[14.037729] (-) TimerEvent: {}
[14.138038] (-) TimerEvent: {}
[14.238307] (-) TimerEvent: {}
[14.338602] (-) TimerEvent: {}
[14.438928] (-) TimerEvent: {}
[14.539211] (-) TimerEvent: {}
[14.639590] (-) TimerEvent: {}
[14.739845] (-) TimerEvent: {}
[14.840117] (-) TimerEvent: {}
[14.940407] (-) TimerEvent: {}
[15.040667] (-) TimerEvent: {}
[15.141024] (-) TimerEvent: {}
[15.241272] (-) TimerEvent: {}
[15.341540] (-) TimerEvent: {}
[15.441837] (-) TimerEvent: {}
[15.542115] (-) TimerEvent: {}
[15.642374] (-) TimerEvent: {}
[15.742754] (-) TimerEvent: {}
[15.843105] (-) TimerEvent: {}
[15.943360] (-) TimerEvent: {}
[16.043724] (-) TimerEvent: {}
[16.143988] (-) TimerEvent: {}
[16.244251] (-) TimerEvent: {}
[16.344530] (-) TimerEvent: {}
[16.444856] (-) TimerEvent: {}
[16.545122] (-) TimerEvent: {}
[16.645379] (-) TimerEvent: {}
[16.745634] (-) TimerEvent: {}
[16.845942] (-) TimerEvent: {}
[16.946208] (-) TimerEvent: {}
[17.046487] (-) TimerEvent: {}
[17.146849] (-) TimerEvent: {}
[17.247090] (-) TimerEvent: {}
[17.347457] (-) TimerEvent: {}
[17.447784] (-) TimerEvent: {}
[17.548120] (-) TimerEvent: {}
[17.648386] (-) TimerEvent: {}
[17.748748] (-) TimerEvent: {}
[17.849015] (-) TimerEvent: {}
[17.949278] (-) TimerEvent: {}
[18.049566] (-) TimerEvent: {}
[18.149820] (-) TimerEvent: {}
[18.250152] (-) TimerEvent: {}
[18.350408] (-) TimerEvent: {}
[18.450767] (-) TimerEvent: {}
[18.551094] (-) TimerEvent: {}
[18.651415] (-) TimerEvent: {}
[18.749317] (as2_motion_reference_handlers) StdoutLine: {'line': b'[100%] \x1b[32m\x1b[1mLinking CXX static library libas2_motion_reference_handlers.a\x1b[0m\n'}
[18.751502] (-) TimerEvent: {}
[18.788140] (as2_motion_reference_handlers) StdoutLine: {'line': b'[100%] Built target as2_motion_reference_handlers\n'}
[18.797658] (as2_motion_reference_handlers) CommandEnded: {'returncode': 0}
[18.798816] (as2_motion_reference_handlers) JobProgress: {'identifier': 'as2_motion_reference_handlers', 'progress': 'install'}
[18.799036] (as2_motion_reference_handlers) Command: {'cmd': ['/usr/bin/cmake', '--install', '/home/developer/aerostack2_ws/build/as2_motion_reference_handlers'], 'cwd': '/home/developer/aerostack2_ws/build/as2_motion_reference_handlers', 'env': OrderedDict([('HOSTNAME', 'lead-Predator-PHN16-71'), ('SHLVL', '1'), ('LD_LIBRARY_PATH', '/home/developer/aerostack2_ws/install/as2_core/lib:/home/developer/aerostack2_ws/install/as2_msgs/lib:/opt/ros/humble/opt/rviz_ogre_vendor/lib:/opt/ros/humble/lib/x86_64-linux-gnu:/opt/ros/humble/lib'), ('HOME', '/home/developer'), ('ROS_PYTHON_VERSION', '3'), ('ROS_DISTRO', 'humble'), ('_', '/usr/bin/colcon'), ('ROS_VERSION', '2'), ('TERM', 'xterm'), ('ROS_LOCALHOST_ONLY', '0'), ('QT_X11_NO_MITSHM', '1'), ('PATH', '/opt/ros/humble/bin:/usr/local/sbin:/usr/local/bin:/usr/sbin:/usr/bin:/sbin:/bin'), ('DISPLAY', ':1'), ('LANG', 'C.UTF-8'), ('LS_COLORS', 'rs=0:di=01;34:ln=01;36:mh=00:pi=40;33:so=01;35:do=01;35:bd=40;33;01:cd=40;33;01:or=40;31;01:mi=00:su=37;41:sg=30;43:ca=30;41:tw=30;42:ow=34;42:st=37;44:ex=01;32:*.tar=01;31:*.tgz=01;31:*.arc=01;31:*.arj=01;31:*.taz=01;31:*.lha=01;31:*.lz4=01;31:*.lzh=01;31:*.lzma=01;31:*.tlz=01;31:*.txz=01;31:*.tzo=01;31:*.t7z=01;31:*.zip=01;31:*.z=01;31:*.dz=01;31:*.gz=01;31:*.lrz=01;31:*.lz=01;31:*.lzo=01;31:*.xz=01;31:*.zst=01;31:*.tzst=01;31:*.bz2=01;31:*.bz=01;31:*.tbz=01;31:*.tbz2=01;31:*.tz=01;31:*.deb=01;31:*.rpm=01;31:*.jar=01;31:*.war=01;31:*.ear=01;31:*.sar=01;31:*.rar=01;31:*.alz=01;31:*.ace=01;31:*.zoo=01;31:*.cpio=01;31:*.7z=01;31:*.rz=01;31:*.cab=01;31:*.wim=01;31:*.swm=01;31:*.dwm=01;31:*.esd=01;31:*.jpg=01;35:*.jpeg=01;35:*.mjpg=01;35:*.mjpeg=01;35:*.gif=01;35:*.bmp=01;35:*.pbm=01;35:*.pgm=01;35:*.ppm=01;35:*.tga=01;35:*.xbm=01;35:*.xpm=01;35:*.tif=01;35:*.tiff=01;35:*.png=01;35:*.svg=01;35:*.svgz=01;35:*.mng=01;35:*.pcx=01;35:*.mov=01;35:*.mpg=01;35:*.mpeg=01;35:*.m2v=01;35:*.mkv=01;35:*.webm=01;35:*.webp=01;35:*.ogm=01;35:*.mp4=01;35:*.m4v=01;35:*.mp4v=01;35:*.vob=01;35:*.qt=01;35:*.nuv=01;35:*.wmv=01;35:*.asf=01;35:*.rm=01;35:*.rmvb=01;35:*.flc=01;35:*.avi=01;35:*.fli=01;35:*.flv=01;35:*.gl=01;35:*.dl=01;35:*.xcf=01;35:*.xwd=01;35:*.yuv=01;35:*.cgm=01;35:*.emf=01;35:*.ogv=01;35:*.ogx=01;35:*.aac=00;36:*.au=00;36:*.flac=00;36:*.m4a=00;36:*.mid=00;36:*.midi=00;36:*.mka=00;36:*.mp3=00;36:*.mpc=00;36:*.ogg=00;36:*.ra=00;36:*.wav=00;36:*.oga=00;36:*.opus=00;36:*.spx=00;36:*.xspf=00;36:'), ('AMENT_PREFIX_PATH', '/home/developer/aerostack2_ws/install/as2_core:/home/developer/aerostack2_ws/install/as2_msgs:/opt/ros/humble'), ('GZ_VERSION', 'harmonic'), ('PWD', '/home/developer/aerostack2_ws/build/as2_motion_reference_handlers'), ('LC_ALL', 'C.UTF-8'), ('PYTHONPATH', '/home/developer/aerostack2_ws/install/as2_core/local/lib/python3.10/dist-packages:/home/developer/aerostack2_ws/install/as2_msgs/local/lib/python3.10/dist-packages:/opt/ros/humble/lib/python3.10/site-packages:/opt/ros/humble/local/lib/python3.10/dist-packages'), ('COLCON', '1'), ('CMAKE_PREFIX_PATH', '/home/developer/aerostack2_ws/install/as2_core:/home/developer/aerostack2_ws/install/as2_msgs:/opt/ros/humble')]), 'shell': False}
[18.805736] (as2_motion_reference_handlers) StdoutLine: {'line': b'-- Install configuration: "Release"\n'}
[18.806303] (as2_motion_reference_handlers) StdoutLine: {'line': b'-- Execute custom install script\n'}
[18.806513] (as2_motion_reference_handlers) StdoutLine: {'line': b'-- Symlinking: /home/developer/aerostack2_ws/install/as2_motion_reference_handlers/share/as2_motion_reference_handlers/environment/library_path.sh\n'}
[18.812644] (as2_motion_reference_handlers) StdoutLine: {'line': b'-- Symlinking: /home/developer/aerostack2_ws/install/as2_motion_reference_handlers/share/as2_motion_reference_handlers/environment/library_path.dsv\n'}
[18.819882] (as2_motion_reference_handlers) StdoutLine: {'line': b'-- Symlinking: /home/developer/aerostack2_ws/install/as2_motion_reference_handlers/include/as2_motion_reference_handlers/acro_motion.hpp\n'}
[18.824264] (as2_motion_reference_handlers) StdoutLine: {'line': b'-- Symlinking: /home/developer/aerostack2_ws/install/as2_motion_reference_handlers/include/as2_motion_reference_handlers/basic_motion_references.hpp\n'}
[18.828535] (as2_motion_reference_handlers) StdoutLine: {'line': b'-- Symlinking: /home/developer/aerostack2_ws/install/as2_motion_reference_handlers/include/as2_motion_reference_handlers/hover_motion.hpp\n'}
[18.832842] (as2_motion_reference_handlers) StdoutLine: {'line': b'-- Symlinking: /home/developer/aerostack2_ws/install/as2_motion_reference_handlers/include/as2_motion_reference_handlers/position_motion.hpp\n'}
[18.839565] (as2_motion_reference_handlers) StdoutLine: {'line': b'-- Symlinking: /home/developer/aerostack2_ws/install/as2_motion_reference_handlers/include/as2_motion_reference_handlers/speed_in_a_plane_motion.hpp\n'}
[18.844135] (as2_motion_reference_handlers) StdoutLine: {'line': b'-- Symlinking: /home/developer/aerostack2_ws/install/as2_motion_reference_handlers/include/as2_motion_reference_handlers/speed_motion.hpp\n'}
[18.848476] (as2_motion_reference_handlers) StdoutLine: {'line': b'-- Symlinking: /home/developer/aerostack2_ws/install/as2_motion_reference_handlers/include/as2_motion_reference_handlers/trajectory_motion.hpp\n'}
[18.851642] (-) TimerEvent: {}
[18.852748] (as2_motion_reference_handlers) StdoutLine: {'line': b'-- Symlinking: /home/developer/aerostack2_ws/install/as2_motion_reference_handlers/share/as2_motion_reference_handlers/environment/pythonpath.sh\n'}
[18.859640] (as2_motion_reference_handlers) StdoutLine: {'line': b'-- Symlinking: /home/developer/aerostack2_ws/install/as2_motion_reference_handlers/share/as2_motion_reference_handlers/environment/pythonpath.dsv\n'}
[18.865054] (as2_motion_reference_handlers) StdoutLine: {'line': b'-- Symlinking: /home/developer/aerostack2_ws/install/as2_motion_reference_handlers/local/lib/python3.10/dist-packages/as2_motion_reference_handlers-1.1.3-py3.10.egg-info/PKG-INFO\n'}
[18.870195] (as2_motion_reference_handlers) StdoutLine: {'line': b'-- Symlinking: /home/developer/aerostack2_ws/install/as2_motion_reference_handlers/local/lib/python3.10/dist-packages/as2_motion_reference_handlers-1.1.3-py3.10.egg-info/SOURCES.txt\n'}
[18.876777] (as2_motion_reference_handlers) StdoutLine: {'line': b'-- Symlinking: /home/developer/aerostack2_ws/install/as2_motion_reference_handlers/local/lib/python3.10/dist-packages/as2_motion_reference_handlers-1.1.3-py3.10.egg-info/dependency_links.txt\n'}
[18.883075] (as2_motion_reference_handlers) StdoutLine: {'line': b'-- Symlinking: /home/developer/aerostack2_ws/install/as2_motion_reference_handlers/local/lib/python3.10/dist-packages/as2_motion_reference_handlers-1.1.3-py3.10.egg-info/top_level.txt\n'}
[18.889868] (as2_motion_reference_handlers) StdoutLine: {'line': b'-- Symlinking: /home/developer/aerostack2_ws/install/as2_motion_reference_handlers/local/lib/python3.10/dist-packages/as2_motion_reference_handlers/__init__.py\n'}
[18.894810] (as2_motion_reference_handlers) StdoutLine: {'line': b'-- Symlinking: /home/developer/aerostack2_ws/install/as2_motion_reference_handlers/local/lib/python3.10/dist-packages/as2_motion_reference_handlers/basic_motion_references.py\n'}
[18.901757] (as2_motion_reference_handlers) StdoutLine: {'line': b'-- Symlinking: /home/developer/aerostack2_ws/install/as2_motion_reference_handlers/local/lib/python3.10/dist-packages/as2_motion_reference_handlers/hover_motion.py\n'}
[18.905923] (as2_motion_reference_handlers) StdoutLine: {'line': b'-- Symlinking: /home/developer/aerostack2_ws/install/as2_motion_reference_handlers/local/lib/python3.10/dist-packages/as2_motion_reference_handlers/position_motion.py\n'}
[18.911957] (as2_motion_reference_handlers) StdoutLine: {'line': b'-- Symlinking: /home/developer/aerostack2_ws/install/as2_motion_reference_handlers/local/lib/python3.10/dist-packages/as2_motion_reference_handlers/speed_in_a_plane.py\n'}
[18.918592] (as2_motion_reference_handlers) StdoutLine: {'line': b'-- Symlinking: /home/developer/aerostack2_ws/install/as2_motion_reference_handlers/local/lib/python3.10/dist-packages/as2_motion_reference_handlers/speed_motion.py\n'}
[18.924321] (as2_motion_reference_handlers) StdoutLine: {'line': b'-- Symlinking: /home/developer/aerostack2_ws/install/as2_motion_reference_handlers/local/lib/python3.10/dist-packages/as2_motion_reference_handlers/utils.py\n'}
[18.929078] (as2_motion_reference_handlers) StdoutLine: {'line': b'-- Symlinking: /home/developer/aerostack2_ws/install/as2_motion_reference_handlers/share/ament_index/resource_index/package_run_dependencies/as2_motion_reference_handlers\n'}
[18.935574] (as2_motion_reference_handlers) StdoutLine: {'line': b'-- Symlinking: /home/developer/aerostack2_ws/install/as2_motion_reference_handlers/share/ament_index/resource_index/parent_prefix_path/as2_motion_reference_handlers\n'}
[18.942262] (as2_motion_reference_handlers) StdoutLine: {'line': b'-- Symlinking: /home/developer/aerostack2_ws/install/as2_motion_reference_handlers/share/as2_motion_reference_handlers/environment/ament_prefix_path.sh\n'}
[18.946613] (as2_motion_reference_handlers) StdoutLine: {'line': b'-- Symlinking: /home/developer/aerostack2_ws/install/as2_motion_reference_handlers/share/as2_motion_reference_handlers/environment/ament_prefix_path.dsv\n'}
[18.951729] (-) TimerEvent: {}
[18.951868] (as2_motion_reference_handlers) StdoutLine: {'line': b'-- Symlinking: /home/developer/aerostack2_ws/install/as2_motion_reference_handlers/share/as2_motion_reference_handlers/environment/path.sh\n'}
[18.958555] (as2_motion_reference_handlers) StdoutLine: {'line': b'-- Symlinking: /home/developer/aerostack2_ws/install/as2_motion_reference_handlers/share/as2_motion_reference_handlers/environment/path.dsv\n'}
[18.965071] (as2_motion_reference_handlers) StdoutLine: {'line': b'-- Symlinking: /home/developer/aerostack2_ws/install/as2_motion_reference_handlers/share/as2_motion_reference_handlers/local_setup.bash\n'}
[18.971289] (as2_motion_reference_handlers) StdoutLine: {'line': b'-- Symlinking: /home/developer/aerostack2_ws/install/as2_motion_reference_handlers/share/as2_motion_reference_handlers/local_setup.sh\n'}
[18.977524] (as2_motion_reference_handlers) StdoutLine: {'line': b'-- Symlinking: /home/developer/aerostack2_ws/install/as2_motion_reference_handlers/share/as2_motion_reference_handlers/local_setup.zsh\n'}
[18.983517] (as2_motion_reference_handlers) StdoutLine: {'line': b'-- Symlinking: /home/developer/aerostack2_ws/install/as2_motion_reference_handlers/share/as2_motion_reference_handlers/local_setup.dsv\n'}
[18.988209] (as2_motion_reference_handlers) StdoutLine: {'line': b'-- Symlinking: /home/developer/aerostack2_ws/install/as2_motion_reference_handlers/share/as2_motion_reference_handlers/package.dsv\n'}
[18.993169] (as2_motion_reference_handlers) StdoutLine: {'line': b'-- Symlinking: /home/developer/aerostack2_ws/install/as2_motion_reference_handlers/share/ament_index/resource_index/packages/as2_motion_reference_handlers\n'}
[18.999609] (as2_motion_reference_handlers) StdoutLine: {'line': b'-- Symlinking: /home/developer/aerostack2_ws/install/as2_motion_reference_handlers/share/as2_motion_reference_handlers/cmake/ament_cmake_export_include_directories-extras.cmake\n'}
[19.006067] (as2_motion_reference_handlers) StdoutLine: {'line': b'-- Symlinking: /home/developer/aerostack2_ws/install/as2_motion_reference_handlers/share/as2_motion_reference_handlers/cmake/ament_cmake_export_targets-extras.cmake\n'}
[19.011870] (as2_motion_reference_handlers) StdoutLine: {'line': b'-- Symlinking: /home/developer/aerostack2_ws/install/as2_motion_reference_handlers/share/as2_motion_reference_handlers/cmake/ament_cmake_export_dependencies-extras.cmake\n'}
[19.017902] (as2_motion_reference_handlers) StdoutLine: {'line': b'-- Symlinking: /home/developer/aerostack2_ws/install/as2_motion_reference_handlers/share/as2_motion_reference_handlers/cmake/ament_cmake_export_libraries-extras.cmake\n'}
[19.024162] (as2_motion_reference_handlers) StdoutLine: {'line': b'-- Symlinking: /home/developer/aerostack2_ws/install/as2_motion_reference_handlers/share/as2_motion_reference_handlers/cmake/as2_motion_reference_handlersConfig.cmake\n'}
[19.028643] (as2_motion_reference_handlers) StdoutLine: {'line': b'-- Symlinking: /home/developer/aerostack2_ws/install/as2_motion_reference_handlers/share/as2_motion_reference_handlers/cmake/as2_motion_reference_handlersConfig-version.cmake\n'}
[19.033144] (as2_motion_reference_handlers) StdoutLine: {'line': b'-- Symlinking: /home/developer/aerostack2_ws/install/as2_motion_reference_handlers/share/as2_motion_reference_handlers/package.xml\n'}
[19.039454] (as2_motion_reference_handlers) StdoutLine: {'line': b'-- Installing: /home/developer/aerostack2_ws/install/as2_motion_reference_handlers/lib/libas2_motion_reference_handlers.a\n'}
[19.051913] (-) TimerEvent: {}
[19.070835] (as2_motion_reference_handlers) StdoutLine: {'line': b"Listing '/home/developer/aerostack2_ws/install/as2_motion_reference_handlers/local/lib/python3.10/dist-packages/as2_motion_reference_handlers'...\n"}
[19.070978] (as2_motion_reference_handlers) StdoutLine: {'line': b"Compiling '/home/developer/aerostack2_ws/install/as2_motion_reference_handlers/local/lib/python3.10/dist-packages/as2_motion_reference_handlers/__init__.py'...\n"}
[19.071049] (as2_motion_reference_handlers) StdoutLine: {'line': b"Compiling '/home/developer/aerostack2_ws/install/as2_motion_reference_handlers/local/lib/python3.10/dist-packages/as2_motion_reference_handlers/basic_motion_references.py'...\n"}
[19.071104] (as2_motion_reference_handlers) StdoutLine: {'line': b"Compiling '/home/developer/aerostack2_ws/install/as2_motion_reference_handlers/local/lib/python3.10/dist-packages/as2_motion_reference_handlers/hover_motion.py'...\n"}
[19.071156] (as2_motion_reference_handlers) StdoutLine: {'line': b"Compiling '/home/developer/aerostack2_ws/install/as2_motion_reference_handlers/local/lib/python3.10/dist-packages/as2_motion_reference_handlers/position_motion.py'...\n"}
[19.071207] (as2_motion_reference_handlers) StdoutLine: {'line': b"Compiling '/home/developer/aerostack2_ws/install/as2_motion_reference_handlers/local/lib/python3.10/dist-packages/as2_motion_reference_handlers/speed_in_a_plane.py'...\n"}
[19.071256] (as2_motion_reference_handlers) StdoutLine: {'line': b"Compiling '/home/developer/aerostack2_ws/install/as2_motion_reference_handlers/local/lib/python3.10/dist-packages/as2_motion_reference_handlers/speed_motion.py'...\n"}
[19.071306] (as2_motion_reference_handlers) StdoutLine: {'line': b"Compiling '/home/developer/aerostack2_ws/install/as2_motion_reference_handlers/local/lib/python3.10/dist-packages/as2_motion_reference_handlers/utils.py'...\n"}
[19.074178] (as2_motion_reference_handlers) StdoutLine: {'line': b'-- Installing: /home/developer/aerostack2_ws/install/as2_motion_reference_handlers/share/as2_motion_reference_handlers/cmake/export_as2_motion_reference_handlersExport.cmake\n'}
[19.074377] (as2_motion_reference_handlers) StdoutLine: {'line': b'-- Installing: /home/developer/aerostack2_ws/install/as2_motion_reference_handlers/share/as2_motion_reference_handlers/cmake/export_as2_motion_reference_handlersExport-release.cmake\n'}
[19.076215] (as2_motion_reference_handlers) CommandEnded: {'returncode': 0}
[19.086816] (as2_motion_reference_handlers) JobEnded: {'identifier': 'as2_motion_reference_handlers', 'rc': 0}
[19.087318] (as2_gazebo_assets) JobStarted: {'identifier': 'as2_gazebo_assets'}
[19.094078] (as2_gazebo_assets) JobProgress: {'identifier': 'as2_gazebo_assets', 'progress': 'cmake'}
[19.095310] (as2_gazebo_assets) JobProgress: {'identifier': 'as2_gazebo_assets', 'progress': 'build'}
[19.095623] (as2_gazebo_assets) Command: {'cmd': ['/usr/bin/cmake', '--build', '/home/developer/aerostack2_ws/build/as2_gazebo_assets', '--', '-j20', '-l20'], 'cwd': '/home/developer/aerostack2_ws/build/as2_gazebo_assets', 'env': OrderedDict([('HOSTNAME', 'lead-Predator-PHN16-71'), ('SHLVL', '1'), ('LD_LIBRARY_PATH', '/home/developer/aerostack2_ws/install/as2_core/lib:/home/developer/aerostack2_ws/install/as2_msgs/lib:/opt/ros/humble/opt/rviz_ogre_vendor/lib:/opt/ros/humble/lib/x86_64-linux-gnu:/opt/ros/humble/lib'), ('HOME', '/home/developer'), ('ROS_PYTHON_VERSION', '3'), ('ROS_DISTRO', 'humble'), ('_', '/usr/bin/colcon'), ('ROS_VERSION', '2'), ('TERM', 'xterm'), ('ROS_LOCALHOST_ONLY', '0'), ('QT_X11_NO_MITSHM', '1'), ('PATH', '/opt/ros/humble/bin:/usr/local/sbin:/usr/local/bin:/usr/sbin:/usr/bin:/sbin:/bin'), ('DISPLAY', ':1'), ('LANG', 'C.UTF-8'), ('LS_COLORS', 'rs=0:di=01;34:ln=01;36:mh=00:pi=40;33:so=01;35:do=01;35:bd=40;33;01:cd=40;33;01:or=40;31;01:mi=00:su=37;41:sg=30;43:ca=30;41:tw=30;42:ow=34;42:st=37;44:ex=01;32:*.tar=01;31:*.tgz=01;31:*.arc=01;31:*.arj=01;31:*.taz=01;31:*.lha=01;31:*.lz4=01;31:*.lzh=01;31:*.lzma=01;31:*.tlz=01;31:*.txz=01;31:*.tzo=01;31:*.t7z=01;31:*.zip=01;31:*.z=01;31:*.dz=01;31:*.gz=01;31:*.lrz=01;31:*.lz=01;31:*.lzo=01;31:*.xz=01;31:*.zst=01;31:*.tzst=01;31:*.bz2=01;31:*.bz=01;31:*.tbz=01;31:*.tbz2=01;31:*.tz=01;31:*.deb=01;31:*.rpm=01;31:*.jar=01;31:*.war=01;31:*.ear=01;31:*.sar=01;31:*.rar=01;31:*.alz=01;31:*.ace=01;31:*.zoo=01;31:*.cpio=01;31:*.7z=01;31:*.rz=01;31:*.cab=01;31:*.wim=01;31:*.swm=01;31:*.dwm=01;31:*.esd=01;31:*.jpg=01;35:*.jpeg=01;35:*.mjpg=01;35:*.mjpeg=01;35:*.gif=01;35:*.bmp=01;35:*.pbm=01;35:*.pgm=01;35:*.ppm=01;35:*.tga=01;35:*.xbm=01;35:*.xpm=01;35:*.tif=01;35:*.tiff=01;35:*.png=01;35:*.svg=01;35:*.svgz=01;35:*.mng=01;35:*.pcx=01;35:*.mov=01;35:*.mpg=01;35:*.mpeg=01;35:*.m2v=01;35:*.mkv=01;35:*.webm=01;35:*.webp=01;35:*.ogm=01;35:*.mp4=01;35:*.m4v=01;35:*.mp4v=01;35:*.vob=01;35:*.qt=01;35:*.nuv=01;35:*.wmv=01;35:*.asf=01;35:*.rm=01;35:*.rmvb=01;35:*.flc=01;35:*.avi=01;35:*.fli=01;35:*.flv=01;35:*.gl=01;35:*.dl=01;35:*.xcf=01;35:*.xwd=01;35:*.yuv=01;35:*.cgm=01;35:*.emf=01;35:*.ogv=01;35:*.ogx=01;35:*.aac=00;36:*.au=00;36:*.flac=00;36:*.m4a=00;36:*.mid=00;36:*.midi=00;36:*.mka=00;36:*.mp3=00;36:*.mpc=00;36:*.ogg=00;36:*.ra=00;36:*.wav=00;36:*.oga=00;36:*.opus=00;36:*.spx=00;36:*.xspf=00;36:'), ('AMENT_PREFIX_PATH', '/home/developer/aerostack2_ws/install/as2_core:/home/developer/aerostack2_ws/install/as2_msgs:/opt/ros/humble'), ('GZ_VERSION', 'harmonic'), ('PWD', '/home/developer/aerostack2_ws/build/as2_gazebo_assets'), ('LC_ALL', 'C.UTF-8'), ('PYTHONPATH', '/home/developer/aerostack2_ws/install/as2_core/local/lib/python3.10/dist-packages:/home/developer/aerostack2_ws/install/as2_msgs/local/lib/python3.10/dist-packages:/opt/ros/humble/lib/python3.10/site-packages:/opt/ros/humble/local/lib/python3.10/dist-packages'), ('COLCON', '1'), ('CMAKE_PREFIX_PATH', '/home/developer/aerostack2_ws/install/as2_core:/home/developer/aerostack2_ws/install/as2_msgs:/opt/ros/humble')]), 'shell': False}
[19.152016] (-) TimerEvent: {}
[19.172579] (as2_gazebo_assets) StderrLine: {'line': b'\x1b[0mUsing GAZEBO version: harmonic\x1b[0m\n'}
[19.177135] (as2_gazebo_assets) StdoutLine: {'line': b'-- Looking for gz-sim8 -- found version 8.13.0\n'}
[19.177233] (as2_gazebo_assets) StdoutLine: {'line': b'-- Searching for dependencies of gz-sim8\n'}
[19.179326] (as2_gazebo_assets) StdoutLine: {'line': b'-- Looking for sdformat14 -- found version 14.9.0\n'}
[19.179491] (as2_gazebo_assets) StdoutLine: {'line': b'-- Searching for dependencies of sdformat14\n'}
[19.183041] (as2_gazebo_assets) StdoutLine: {'line': b"-- Checking for module 'tinyxml2'\n"}
[19.191237] (as2_gazebo_assets) StdoutLine: {'line': b'--   Found tinyxml2, version 9.0.0\n'}
[19.214422] (as2_gazebo_assets) StdoutLine: {'line': b'-- Looking for gz-math7 -- found version 7.6.0\n'}
[19.214671] (as2_gazebo_assets) StdoutLine: {'line': b'-- Searching for dependencies of gz-math7\n'}
[19.214754] (as2_gazebo_assets) StdoutLine: {'line': b'-- Looking for gz-utils2 -- found version 2.2.1\n'}
[19.215638] (as2_gazebo_assets) StdoutLine: {'line': b'-- Looking for gz-utils2 -- found version 2.2.1\n'}
[19.215733] (as2_gazebo_assets) StdoutLine: {'line': b'-- Searching for dependencies of gz-utils2\n'}
[19.215804] (as2_gazebo_assets) StdoutLine: {'line': b'-- Searching for <gz-utils2> component [cli]\n'}
[19.217819] (as2_gazebo_assets) StdoutLine: {'line': b'-- Looking for gz-utils2-cli -- found version 2.2.1\n'}
[19.218147] (as2_gazebo_assets) StdoutLine: {'line': b'-- Searching for dependencies of gz-utils2-cli\n'}
[19.221592] (as2_gazebo_assets) StdoutLine: {'line': b'-- Looking for gz-plugin2 -- found version 2.0.4\n'}
[19.221718] (as2_gazebo_assets) StdoutLine: {'line': b'-- Searching for dependencies of gz-plugin2\n'}
[19.221935] (as2_gazebo_assets) StdoutLine: {'line': b'-- Looking for gz-utils2 -- found version 2.2.1\n'}
[19.222497] (as2_gazebo_assets) StdoutLine: {'line': b'-- Searching for <gz-plugin2> component [loader]\n'}
[19.224285] (as2_gazebo_assets) StdoutLine: {'line': b'-- Looking for gz-plugin2-loader -- found version 2.0.4\n'}
[19.224505] (as2_gazebo_assets) StdoutLine: {'line': b'-- Searching for dependencies of gz-plugin2-loader\n'}
[19.224891] (as2_gazebo_assets) StdoutLine: {'line': b'-- Searching for <gz-plugin2> component [register]\n'}
[19.226837] (as2_gazebo_assets) StdoutLine: {'line': b'-- Looking for gz-plugin2-register -- found version 2.0.4\n'}
[19.227075] (as2_gazebo_assets) StdoutLine: {'line': b'-- Searching for dependencies of gz-plugin2-register\n'}
[19.229445] (as2_gazebo_assets) StdoutLine: {'line': b'-- Looking for gz-transport13 -- found version 13.5.0\n'}
[19.229626] (as2_gazebo_assets) StdoutLine: {'line': b'-- Searching for dependencies of gz-transport13\n'}
[19.252067] (-) TimerEvent: {}
[19.264616] (as2_gazebo_assets) StdoutLine: {'line': b'-- Config-file not installed for ZeroMQ -- checking for pkg-config\n'}
[19.268096] (as2_gazebo_assets) StdoutLine: {'line': b"-- Checking for module 'libzmq >= 4'\n"}
[19.278184] (as2_gazebo_assets) StdoutLine: {'line': b'--   Found libzmq , version 4.3.4\n'}
[19.307756] (as2_gazebo_assets) StdoutLine: {'line': b"-- Checking for module 'uuid'\n"}
[19.316604] (as2_gazebo_assets) StdoutLine: {'line': b'--   Found uuid, version 2.37.2\n'}
[19.339023] (as2_gazebo_assets) StdoutLine: {'line': b'-- Looking for gz-utils2 -- found version 2.2.1\n'}
[19.342727] (as2_gazebo_assets) StdoutLine: {'line': b'-- Looking for gz-msgs10 -- found version 10.3.2\n'}
[19.343214] (as2_gazebo_assets) StdoutLine: {'line': b'-- Searching for dependencies of gz-msgs10\n'}
[19.352138] (-) TimerEvent: {}
[19.360421] (as2_gazebo_assets) StdoutLine: {'line': b'-- Looking for gz-utils2 -- found version 2.2.1\n'}
[19.360701] (as2_gazebo_assets) StdoutLine: {'line': b'-- Looking for gz-math7 -- found version 7.6.0\n'}
[19.402174] (as2_gazebo_assets) StdoutLine: {'line': b'-- Searching for <gz-transport13> component [log]\n'}
[19.404116] (as2_gazebo_assets) StdoutLine: {'line': b'-- Looking for gz-transport13-log -- found version 13.5.0\n'}
[19.404367] (as2_gazebo_assets) StdoutLine: {'line': b'-- Searching for dependencies of gz-transport13-log\n'}
[19.404720] (as2_gazebo_assets) StdoutLine: {'line': b'-- Searching for <gz-transport13> component [parameters]\n'}
[19.406414] (as2_gazebo_assets) StdoutLine: {'line': b'-- Looking for gz-transport13-parameters -- found version 13.5.0\n'}
[19.406694] (as2_gazebo_assets) StdoutLine: {'line': b'-- Searching for dependencies of gz-transport13-parameters\n'}
[19.407199] (as2_gazebo_assets) StdoutLine: {'line': b'-- Looking for gz-msgs10 -- found version 10.3.2\n'}
[19.407416] (as2_gazebo_assets) StdoutLine: {'line': b'-- Looking for gz-common5 -- found version 5.8.0\n'}
[19.407577] (as2_gazebo_assets) StdoutLine: {'line': b'-- Searching for dependencies of gz-common5\n'}
[19.407712] (as2_gazebo_assets) StdoutLine: {'line': b'-- Looking for gz-utils2 -- found version 2.2.1\n'}
[19.407798] (as2_gazebo_assets) StdoutLine: {'line': b'-- Looking for dlfcn.h - found\n'}
[19.407854] (as2_gazebo_assets) StdoutLine: {'line': b'-- Looking for libdl - found\n'}
[19.424107] (as2_gazebo_assets) StdoutLine: {'line': b'-- Searching for <gz-common5> component [av]\n'}
[19.425924] (as2_gazebo_assets) StdoutLine: {'line': b'-- Looking for gz-common5-av -- found version 5.8.0\n'}
[19.426276] (as2_gazebo_assets) StdoutLine: {'line': b'-- Searching for dependencies of gz-common5-av\n'}
[19.429704] (as2_gazebo_assets) StdoutLine: {'line': b"-- Checking for module 'libswscale'\n"}
[19.438224] (as2_gazebo_assets) StdoutLine: {'line': b'--   Found libswscale, version 5.9.100\n'}
[19.452229] (-) TimerEvent: {}
[19.464318] (as2_gazebo_assets) StdoutLine: {'line': b"-- Checking for module 'libavdevice >= 56.4.100'\n"}
[19.474115] (as2_gazebo_assets) StdoutLine: {'line': b'--   Found libavdevice , version 58.13.100\n'}
[19.501749] (as2_gazebo_assets) StdoutLine: {'line': b"-- Checking for module 'libavformat'\n"}
[19.510053] (as2_gazebo_assets) StdoutLine: {'line': b'--   Found libavformat, version 58.76.100\n'}
[19.537712] (as2_gazebo_assets) StdoutLine: {'line': b"-- Checking for module 'libavcodec'\n"}
[19.546463] (as2_gazebo_assets) StdoutLine: {'line': b'--   Found libavcodec, version 58.134.100\n'}
[19.552304] (-) TimerEvent: {}
[19.573230] (as2_gazebo_assets) StdoutLine: {'line': b"-- Checking for module 'libavutil'\n"}
[19.581415] (as2_gazebo_assets) StdoutLine: {'line': b'--   Found libavutil, version 56.70.100\n'}
[19.603957] (as2_gazebo_assets) StdoutLine: {'line': b'-- Searching for <gz-common5> component [events]\n'}
[19.607591] (as2_gazebo_assets) StdoutLine: {'line': b'-- Looking for gz-common5-events -- found version 5.8.0\n'}
[19.607875] (as2_gazebo_assets) StdoutLine: {'line': b'-- Searching for dependencies of gz-common5-events\n'}
[19.608246] (as2_gazebo_assets) StdoutLine: {'line': b'-- Looking for gz-math7 -- found version 7.6.0\n'}
[19.609053] (as2_gazebo_assets) StdoutLine: {'line': b'-- Searching for <gz-common5> component [graphics]\n'}
[19.611385] (as2_gazebo_assets) StdoutLine: {'line': b'-- Looking for gz-common5-graphics -- found version 5.8.0\n'}
[19.611542] (as2_gazebo_assets) StdoutLine: {'line': b'-- Searching for dependencies of gz-common5-graphics\n'}
[19.611673] (as2_gazebo_assets) StdoutLine: {'line': b'-- Looking for gz-math7 -- found version 7.6.0\n'}
[19.616696] (as2_gazebo_assets) StdoutLine: {'line': b'-- Found GzAssimp: TRUE (found version "5.2.0") \n'}
[19.616985] (as2_gazebo_assets) StdoutLine: {'line': b'-- Searching for <gz-common5> component [io]\n'}
[19.618825] (as2_gazebo_assets) StdoutLine: {'line': b'-- Looking for gz-common5-io -- found version 5.8.0\n'}
[19.618939] (as2_gazebo_assets) StdoutLine: {'line': b'-- Searching for dependencies of gz-common5-io\n'}
[19.619295] (as2_gazebo_assets) StdoutLine: {'line': b'-- Searching for <gz-common5> component [profiler]\n'}
[19.620967] (as2_gazebo_assets) StdoutLine: {'line': b'-- Looking for gz-common5-profiler -- found version 5.8.0\n'}
[19.621189] (as2_gazebo_assets) StdoutLine: {'line': b'-- Searching for dependencies of gz-common5-profiler\n'}
[19.623284] (as2_gazebo_assets) StdoutLine: {'line': b'-- Looking for gz-fuel_tools9 -- found version 9.1.1\n'}
[19.623426] (as2_gazebo_assets) StdoutLine: {'line': b'-- Searching for dependencies of gz-fuel_tools9\n'}
[19.652400] (-) TimerEvent: {}
[19.660701] (as2_gazebo_assets) StdoutLine: {'line': b"-- Checking for module 'jsoncpp'\n"}
[19.670166] (as2_gazebo_assets) StdoutLine: {'line': b'--   Found jsoncpp, version 1.9.5\n'}
[19.698614] (as2_gazebo_assets) StdoutLine: {'line': b"-- Checking for module 'libzip'\n"}
[19.707939] (as2_gazebo_assets) StdoutLine: {'line': b'--   Found libzip, version 1.7.3\n'}
[19.731075] (as2_gazebo_assets) StdoutLine: {'line': b'-- Looking for gz-utils2 -- found version 2.2.1\n'}
[19.731362] (as2_gazebo_assets) StdoutLine: {'line': b'-- Looking for gz-common5 -- found version 5.8.0\n'}
[19.731618] (as2_gazebo_assets) StdoutLine: {'line': b'-- Searching for dependencies of gz-common5\n'}
[19.731727] (as2_gazebo_assets) StdoutLine: {'line': b'-- Looking for gz-utils2 -- found version 2.2.1\n'}
[19.731802] (as2_gazebo_assets) StdoutLine: {'line': b'-- Looking for dlfcn.h - found\n'}
[19.731848] (as2_gazebo_assets) StdoutLine: {'line': b'-- Looking for libdl - found\n'}
[19.736733] (as2_gazebo_assets) StdoutLine: {'line': b'-- Searching for <gz-common5> component [testing]\n'}
[19.738669] (as2_gazebo_assets) StdoutLine: {'line': b'-- Looking for gz-common5-testing -- found version 5.8.0\n'}
[19.738910] (as2_gazebo_assets) StdoutLine: {'line': b'-- Searching for dependencies of gz-common5-testing\n'}
[19.739663] (as2_gazebo_assets) StdoutLine: {'line': b'-- Looking for gz-math7 -- found version 7.6.0\n'}
[19.739781] (as2_gazebo_assets) StdoutLine: {'line': b'-- Looking for gz-msgs10 -- found version 10.3.2\n'}
[19.742096] (as2_gazebo_assets) StdoutLine: {'line': b'-- Looking for gz-gui8 -- found version 8.4.0\n'}
[19.742279] (as2_gazebo_assets) StdoutLine: {'line': b'-- Searching for dependencies of gz-gui8\n'}
[19.752509] (-) TimerEvent: {}
[19.761473] (as2_gazebo_assets) StdoutLine: {'line': b'-- Looking for gz-utils2 -- found version 2.2.1\n'}
[19.761731] (as2_gazebo_assets) StdoutLine: {'line': b'-- Looking for gz-math7 -- found version 7.6.0\n'}
[19.762141] (as2_gazebo_assets) StdoutLine: {'line': b'-- Looking for gz-common5 -- found version 5.8.0\n'}
[19.762454] (as2_gazebo_assets) StdoutLine: {'line': b'-- Looking for gz-plugin2 -- found version 2.0.4\n'}
[19.762815] (as2_gazebo_assets) StdoutLine: {'line': b'-- Looking for gz-transport13 -- found version 13.5.0\n'}
[19.766382] (as2_gazebo_assets) StdoutLine: {'line': b'-- Looking for gz-rendering8 -- found version 8.2.3\n'}
[19.766816] (as2_gazebo_assets) StdoutLine: {'line': b'-- Searching for dependencies of gz-rendering8\n'}
[19.767170] (as2_gazebo_assets) StdoutLine: {'line': b'-- Looking for gz-math7 -- found version 7.6.0\n'}
[19.767563] (as2_gazebo_assets) StdoutLine: {'line': b'-- Searching for dependencies of gz-math7\n'}
[19.767855] (as2_gazebo_assets) StdoutLine: {'line': b'-- Looking for gz-utils2 -- found version 2.2.1\n'}
[19.767951] (as2_gazebo_assets) StdoutLine: {'line': b'-- Searching for <gz-math7> component [eigen3]\n'}
[19.770940] (as2_gazebo_assets) StdoutLine: {'line': b'-- Looking for gz-math7-eigen3 -- found version 7.6.0\n'}
[19.771143] (as2_gazebo_assets) StdoutLine: {'line': b'-- Searching for dependencies of gz-math7-eigen3\n'}
[19.772724] (as2_gazebo_assets) StdoutLine: {'line': b'-- Looking for gz-common5 -- found version 5.8.0\n'}
[19.772924] (as2_gazebo_assets) StdoutLine: {'line': b'-- Searching for dependencies of gz-common5\n'}
[19.773061] (as2_gazebo_assets) StdoutLine: {'line': b'-- Looking for gz-utils2 -- found version 2.2.1\n'}
[19.773138] (as2_gazebo_assets) StdoutLine: {'line': b'-- Looking for dlfcn.h - found\n'}
[19.773212] (as2_gazebo_assets) StdoutLine: {'line': b'-- Looking for libdl - found\n'}
[19.777603] (as2_gazebo_assets) StdoutLine: {'line': b'-- Searching for <gz-common5> component [graphics]\n'}
[19.777735] (as2_gazebo_assets) StdoutLine: {'line': b'-- Searching for <gz-common5> component [events]\n'}
[19.777956] (as2_gazebo_assets) StdoutLine: {'line': b'-- Searching for <gz-common5> component [geospatial]\n'}
[19.779956] (as2_gazebo_assets) StdoutLine: {'line': b'-- Looking for gz-common5-geospatial -- found version 5.8.0\n'}
[19.780139] (as2_gazebo_assets) StdoutLine: {'line': b'-- Searching for dependencies of gz-common5-geospatial\n'}
[19.780327] (as2_gazebo_assets) StdoutLine: {'line': b'-- Looking for gz-math7 -- found version 7.6.0\n'}
[19.780566] (as2_gazebo_assets) StdoutLine: {'line': b'-- Looking for gz-common5 -- found version 5.8.0\n'}
[19.781218] (as2_gazebo_assets) StdoutLine: {'line': b'-- Looking for gz-plugin2 -- found version 2.0.4\n'}
[19.781466] (as2_gazebo_assets) StdoutLine: {'line': b'-- Searching for dependencies of gz-plugin2\n'}
[19.781588] (as2_gazebo_assets) StdoutLine: {'line': b'-- Looking for gz-utils2 -- found version 2.2.1\n'}
[19.781664] (as2_gazebo_assets) StdoutLine: {'line': b'-- Searching for <gz-plugin2> component [all]\n'}
[19.783501] (as2_gazebo_assets) StdoutLine: {'line': b'-- Looking for all libraries of gz-plugin2 -- found version 2.0.4\n'}
[19.783656] (as2_gazebo_assets) StdoutLine: {'line': b'-- Looking for gz-plugin2 -- found version 2.0.4\n'}
[19.784709] (as2_gazebo_assets) StdoutLine: {'line': b'-- Looking for gz-utils2 -- found version 2.2.1\n'}
[19.788560] (as2_gazebo_assets) StdoutLine: {'line': b'-- Found OpenGL: /usr/lib/x86_64-linux-gnu/libOpenGL.so  found components: OpenGL \n'}
[19.789286] (as2_gazebo_assets) StdoutLine: {'line': b'-- Looking for gz-msgs10 -- found version 10.3.2\n'}
[19.814645] (as2_gazebo_assets) StdoutLine: {'line': b'-- Looking for gz-physics7 -- found version 7.8.0\n'}
[19.814835] (as2_gazebo_assets) StdoutLine: {'line': b'-- Searching for dependencies of gz-physics7\n'}
[19.815106] (as2_gazebo_assets) StdoutLine: {'line': b'-- Looking for gz-common5 -- found version 5.8.0\n'}
[19.815375] (as2_gazebo_assets) StdoutLine: {'line': b'-- Looking for gz-math7 -- found version 7.6.0\n'}
[19.815569] (as2_gazebo_assets) StdoutLine: {'line': b'-- Looking for gz-plugin2 -- found version 2.0.4\n'}
[19.815744] (as2_gazebo_assets) StdoutLine: {'line': b'-- Looking for gz-utils2 -- found version 2.2.1\n'}
[19.816750] (as2_gazebo_assets) StdoutLine: {'line': b'-- Searching for <gz-physics7> component [heightmap]\n'}
[19.818586] (as2_gazebo_assets) StdoutLine: {'line': b'-- Looking for gz-physics7-heightmap -- found version 7.8.0\n'}
[19.818856] (as2_gazebo_assets) StdoutLine: {'line': b'-- Searching for dependencies of gz-physics7-heightmap\n'}
[19.819076] (as2_gazebo_assets) StdoutLine: {'line': b'-- Looking for gz-common5 -- found version 5.8.0\n'}
[19.819392] (as2_gazebo_assets) StdoutLine: {'line': b'-- Searching for <gz-physics7> component [mesh]\n'}
[19.821145] (as2_gazebo_assets) StdoutLine: {'line': b'-- Looking for gz-physics7-mesh -- found version 7.8.0\n'}
[19.821494] (as2_gazebo_assets) StdoutLine: {'line': b'-- Searching for dependencies of gz-physics7-mesh\n'}
[19.821690] (as2_gazebo_assets) StdoutLine: {'line': b'-- Looking for gz-common5 -- found version 5.8.0\n'}
[19.821953] (as2_gazebo_assets) StdoutLine: {'line': b'-- Searching for <gz-physics7> component [sdf]\n'}
[19.823798] (as2_gazebo_assets) StdoutLine: {'line': b'-- Looking for gz-physics7-sdf -- found version 7.8.0\n'}
[19.824065] (as2_gazebo_assets) StdoutLine: {'line': b'-- Searching for dependencies of gz-physics7-sdf\n'}
[19.824270] (as2_gazebo_assets) StdoutLine: {'line': b'-- Looking for sdformat14 -- found version 14.9.0\n'}
[19.826951] (as2_gazebo_assets) StdoutLine: {'line': b'-- Looking for gz-sensors8 -- found version 8.2.2\n'}
[19.827177] (as2_gazebo_assets) StdoutLine: {'line': b'-- Searching for dependencies of gz-sensors8\n'}
[19.843452] (as2_gazebo_assets) StdoutLine: {'line': b'-- Looking for gz-math7 -- found version 7.6.0\n'}
[19.843694] (as2_gazebo_assets) StdoutLine: {'line': b'-- Looking for gz-common5 -- found version 5.8.0\n'}
[19.844119] (as2_gazebo_assets) StdoutLine: {'line': b'-- Looking for gz-transport13 -- found version 13.5.0\n'}
[19.844469] (as2_gazebo_assets) StdoutLine: {'line': b'-- Looking for gz-rendering8 -- found version 8.2.3\n'}
[19.844778] (as2_gazebo_assets) StdoutLine: {'line': b'-- Looking for gz-msgs10 -- found version 10.3.2\n'}
[19.845186] (as2_gazebo_assets) StdoutLine: {'line': b'-- Looking for sdformat14 -- found version 14.9.0\n'}
[19.845830] (as2_gazebo_assets) StdoutLine: {'line': b'-- Searching for <gz-sensors8> component [air_pressure]\n'}
[19.849175] (as2_gazebo_assets) StdoutLine: {'line': b'-- Looking for gz-sensors8-air_pressure -- found version 8.2.2\n'}
[19.849629] (as2_gazebo_assets) StdoutLine: {'line': b'-- Searching for dependencies of gz-sensors8-air_pressure\n'}
[19.850111] (as2_gazebo_assets) StdoutLine: {'line': b'-- Searching for <gz-sensors8> component [air_speed]\n'}
[19.852581] (-) TimerEvent: {}
[19.852733] (as2_gazebo_assets) StdoutLine: {'line': b'-- Looking for gz-sensors8-air_speed -- found version 8.2.2\n'}
[19.853115] (as2_gazebo_assets) StdoutLine: {'line': b'-- Searching for dependencies of gz-sensors8-air_speed\n'}
[19.853735] (as2_gazebo_assets) StdoutLine: {'line': b'-- Searching for <gz-sensors8> component [altimeter]\n'}
[19.855709] (as2_gazebo_assets) StdoutLine: {'line': b'-- Looking for gz-sensors8-altimeter -- found version 8.2.2\n'}
[19.855923] (as2_gazebo_assets) StdoutLine: {'line': b'-- Searching for dependencies of gz-sensors8-altimeter\n'}
[19.856342] (as2_gazebo_assets) StdoutLine: {'line': b'-- Searching for <gz-sensors8> component [imu]\n'}
[19.858160] (as2_gazebo_assets) StdoutLine: {'line': b'-- Looking for gz-sensors8-imu -- found version 8.2.2\n'}
[19.858403] (as2_gazebo_assets) StdoutLine: {'line': b'-- Searching for dependencies of gz-sensors8-imu\n'}
[19.858833] (as2_gazebo_assets) StdoutLine: {'line': b'-- Searching for <gz-sensors8> component [force_torque]\n'}
[19.860761] (as2_gazebo_assets) StdoutLine: {'line': b'-- Looking for gz-sensors8-force_torque -- found version 8.2.2\n'}
[19.860896] (as2_gazebo_assets) StdoutLine: {'line': b'-- Searching for dependencies of gz-sensors8-force_torque\n'}
[19.861332] (as2_gazebo_assets) StdoutLine: {'line': b'-- Searching for <gz-sensors8> component [logical_camera]\n'}
[19.862950] (as2_gazebo_assets) StdoutLine: {'line': b'-- Looking for gz-sensors8-logical_camera -- found version 8.2.2\n'}
[19.863214] (as2_gazebo_assets) StdoutLine: {'line': b'-- Searching for dependencies of gz-sensors8-logical_camera\n'}
[19.863554] (as2_gazebo_assets) StdoutLine: {'line': b'-- Searching for <gz-sensors8> component [magnetometer]\n'}
[19.865263] (as2_gazebo_assets) StdoutLine: {'line': b'-- Looking for gz-sensors8-magnetometer -- found version 8.2.2\n'}
[19.865474] (as2_gazebo_assets) StdoutLine: {'line': b'-- Searching for dependencies of gz-sensors8-magnetometer\n'}
[19.865722] (as2_gazebo_assets) StdoutLine: {'line': b'-- Searching for <gz-sensors8> component [navsat]\n'}
[19.867614] (as2_gazebo_assets) StdoutLine: {'line': b'-- Looking for gz-sensors8-navsat -- found version 8.2.2\n'}
[19.867736] (as2_gazebo_assets) StdoutLine: {'line': b'-- Searching for dependencies of gz-sensors8-navsat\n'}
[19.868097] (as2_gazebo_assets) StdoutLine: {'line': b'-- Searching for <gz-sensors8> component [dvl]\n'}
[19.869942] (as2_gazebo_assets) StdoutLine: {'line': b'-- Looking for gz-sensors8-dvl -- found version 8.2.2\n'}
[19.870164] (as2_gazebo_assets) StdoutLine: {'line': b'-- Searching for dependencies of gz-sensors8-dvl\n'}
[19.870399] (as2_gazebo_assets) StdoutLine: {'line': b'-- Looking for gz-sensors8 -- found version 8.2.2\n'}
[19.870629] (as2_gazebo_assets) StdoutLine: {'line': b'-- Searching for dependencies of gz-sensors8\n'}
[19.885999] (as2_gazebo_assets) StdoutLine: {'line': b'-- Looking for gz-math7 -- found version 7.6.0\n'}
[19.886262] (as2_gazebo_assets) StdoutLine: {'line': b'-- Looking for gz-common5 -- found version 5.8.0\n'}
[19.886412] (as2_gazebo_assets) StdoutLine: {'line': b'-- Looking for gz-transport13 -- found version 13.5.0\n'}
[19.886590] (as2_gazebo_assets) StdoutLine: {'line': b'-- Looking for gz-rendering8 -- found version 8.2.3\n'}
[19.886847] (as2_gazebo_assets) StdoutLine: {'line': b'-- Looking for gz-msgs10 -- found version 10.3.2\n'}
[19.886975] (as2_gazebo_assets) StdoutLine: {'line': b'-- Looking for sdformat14 -- found version 14.9.0\n'}
[19.887179] (as2_gazebo_assets) StdoutLine: {'line': b'-- Searching for <gz-sensors8> component [rendering]\n'}
[19.889211] (as2_gazebo_assets) StdoutLine: {'line': b'-- Looking for gz-sensors8-rendering -- found version 8.2.2\n'}
[19.889474] (as2_gazebo_assets) StdoutLine: {'line': b'-- Searching for dependencies of gz-sensors8-rendering\n'}
[19.890180] (as2_gazebo_assets) StdoutLine: {'line': b'-- Searching for <gz-sensors8> component [rendering]\n'}
[19.890450] (as2_gazebo_assets) StdoutLine: {'line': b'-- Searching for <gz-sensors8> component [lidar]\n'}
[19.892340] (as2_gazebo_assets) StdoutLine: {'line': b'-- Looking for gz-sensors8-lidar -- found version 8.2.2\n'}
[19.892600] (as2_gazebo_assets) StdoutLine: {'line': b'-- Searching for dependencies of gz-sensors8-lidar\n'}
[19.892899] (as2_gazebo_assets) StdoutLine: {'line': b'-- Looking for gz-sensors8 -- found version 8.2.2\n'}
[19.893206] (as2_gazebo_assets) StdoutLine: {'line': b'-- Searching for <gz-sensors8> component [gpu_lidar]\n'}
[19.895058] (as2_gazebo_assets) StdoutLine: {'line': b'-- Looking for gz-sensors8-gpu_lidar -- found version 8.2.2\n'}
[19.895366] (as2_gazebo_assets) StdoutLine: {'line': b'-- Searching for dependencies of gz-sensors8-gpu_lidar\n'}
[19.895580] (as2_gazebo_assets) StdoutLine: {'line': b'-- Looking for gz-sensors8 -- found version 8.2.2\n'}
[19.895981] (as2_gazebo_assets) StdoutLine: {'line': b'-- Searching for <gz-sensors8> component [camera]\n'}
[19.897967] (as2_gazebo_assets) StdoutLine: {'line': b'-- Looking for gz-sensors8-camera -- found version 8.2.2\n'}
[19.898153] (as2_gazebo_assets) StdoutLine: {'line': b'-- Searching for dependencies of gz-sensors8-camera\n'}
[19.898366] (as2_gazebo_assets) StdoutLine: {'line': b'-- Looking for gz-sensors8 -- found version 8.2.2\n'}
[19.898844] (as2_gazebo_assets) StdoutLine: {'line': b'-- Searching for <gz-sensors8> component [boundingbox_camera]\n'}
[19.900674] (as2_gazebo_assets) StdoutLine: {'line': b'-- Looking for gz-sensors8-boundingbox_camera -- found version 8.2.2\n'}
[19.900846] (as2_gazebo_assets) StdoutLine: {'line': b'-- Searching for dependencies of gz-sensors8-boundingbox_camera\n'}
[19.901317] (as2_gazebo_assets) StdoutLine: {'line': b'-- Searching for <gz-sensors8> component [segmentation_camera]\n'}
[19.903277] (as2_gazebo_assets) StdoutLine: {'line': b'-- Looking for gz-sensors8-segmentation_camera -- found version 8.2.2\n'}
[19.903597] (as2_gazebo_assets) StdoutLine: {'line': b'-- Searching for dependencies of gz-sensors8-segmentation_camera\n'}
[19.904077] (as2_gazebo_assets) StdoutLine: {'line': b'-- Searching for <gz-sensors8> component [depth_camera]\n'}
[19.906074] (as2_gazebo_assets) StdoutLine: {'line': b'-- Looking for gz-sensors8-depth_camera -- found version 8.2.2\n'}
[19.906415] (as2_gazebo_assets) StdoutLine: {'line': b'-- Searching for dependencies of gz-sensors8-depth_camera\n'}
[19.906753] (as2_gazebo_assets) StdoutLine: {'line': b'-- Looking for gz-sensors8 -- found version 8.2.2\n'}
[19.907479] (as2_gazebo_assets) StdoutLine: {'line': b'-- Searching for <gz-sensors8> component [rgbd_camera]\n'}
[19.910767] (as2_gazebo_assets) StdoutLine: {'line': b'-- Looking for gz-sensors8-rgbd_camera -- found version 8.2.2\n'}
[19.911214] (as2_gazebo_assets) StdoutLine: {'line': b'-- Searching for dependencies of gz-sensors8-rgbd_camera\n'}
[19.911464] (as2_gazebo_assets) StdoutLine: {'line': b'-- Looking for gz-sensors8 -- found version 8.2.2\n'}
[19.912036] (as2_gazebo_assets) StdoutLine: {'line': b'-- Searching for <gz-sensors8> component [thermal_camera]\n'}
[19.915300] (as2_gazebo_assets) StdoutLine: {'line': b'-- Looking for gz-sensors8-thermal_camera -- found version 8.2.2\n'}
[19.915800] (as2_gazebo_assets) StdoutLine: {'line': b'-- Searching for dependencies of gz-sensors8-thermal_camera\n'}
[19.916089] (as2_gazebo_assets) StdoutLine: {'line': b'-- Looking for gz-sensors8 -- found version 8.2.2\n'}
[19.916691] (as2_gazebo_assets) StdoutLine: {'line': b'-- Searching for <gz-sensors8> component [wide_angle_camera]\n'}
[19.918585] (as2_gazebo_assets) StdoutLine: {'line': b'-- Looking for gz-sensors8-wide_angle_camera -- found version 8.2.2\n'}
[19.918780] (as2_gazebo_assets) StdoutLine: {'line': b'-- Searching for dependencies of gz-sensors8-wide_angle_camera\n'}
[19.919505] (as2_gazebo_assets) StdoutLine: {'line': b'-- Looking for gz-rendering8 -- found version 8.2.3\n'}
[19.919700] (as2_gazebo_assets) StdoutLine: {'line': b'-- Looking for gz-math7 -- found version 7.6.0\n'}
[19.919942] (as2_gazebo_assets) StdoutLine: {'line': b'-- Looking for gz-utils2 -- found version 2.2.1\n'}
[19.938194] (as2_gazebo_assets) StdoutLine: {'line': b'-- Looking for gz-common5 -- found version 5.8.0\n'}
[19.938529] (as2_gazebo_assets) StdoutLine: {'line': b'-- Looking for gz-math7 -- found version 7.6.0\n'}
[19.938893] (as2_gazebo_assets) StdoutLine: {'line': b'-- Looking for gz-transport13 -- found version 13.5.0\n'}
[19.939335] (as2_gazebo_assets) StdoutLine: {'line': b'-- Looking for gz-plugin2 -- found version 2.0.4\n'}
[19.939713] (as2_gazebo_assets) StdoutLine: {'line': b'-- Looking for gz-rendering8 -- found version 8.2.3\n'}
[19.940066] (as2_gazebo_assets) StdoutLine: {'line': b'-- Looking for gz-msgs10 -- found version 10.3.2\n'}
[19.940456] (as2_gazebo_assets) StdoutLine: {'line': b'-- Found ament_cmake: 1.3.14 (/opt/ros/humble/share/ament_cmake/cmake)\n'}
[19.952719] (-) TimerEvent: {}
[19.985423] (as2_gazebo_assets) StdoutLine: {'line': b'-- Override CMake install command with custom implementation using symlinks instead of copying resources\n'}
[19.994727] (as2_gazebo_assets) StdoutLine: {'line': b'-- Found ros_gz_sim: 0.244.12 (/opt/ros/humble/share/ros_gz_sim/cmake)\n'}
[20.013864] (as2_gazebo_assets) StdoutLine: {'line': b'-- Found rosidl_generator_c: 3.1.8 (/opt/ros/humble/share/rosidl_generator_c/cmake)\n'}
[20.016372] (as2_gazebo_assets) StdoutLine: {'line': b'-- Found rosidl_adapter: 3.1.8 (/opt/ros/humble/share/rosidl_adapter/cmake)\n'}
[20.022948] (as2_gazebo_assets) StdoutLine: {'line': b'-- Found rosidl_generator_cpp: 3.1.8 (/opt/ros/humble/share/rosidl_generator_cpp/cmake)\n'}
[20.030490] (as2_gazebo_assets) StdoutLine: {'line': b'-- Using all available rosidl_typesupport_c: rosidl_typesupport_fastrtps_c;rosidl_typesupport_introspection_c\n'}
[20.039359] (as2_gazebo_assets) StdoutLine: {'line': b'-- Using all available rosidl_typesupport_cpp: rosidl_typesupport_fastrtps_cpp;rosidl_typesupport_introspection_cpp\n'}
[20.052833] (-) TimerEvent: {}
[20.062636] (as2_gazebo_assets) StdoutLine: {'line': b'-- Found rmw_implementation_cmake: 6.1.2 (/opt/ros/humble/share/rmw_implementation_cmake/cmake)\n'}
[20.063805] (as2_gazebo_assets) StdoutLine: {'line': b'-- Found rmw_fastrtps_cpp: 6.2.10 (/opt/ros/humble/share/rmw_fastrtps_cpp/cmake)\n'}
[20.152968] (-) TimerEvent: {}
[20.157206] (as2_gazebo_assets) StdoutLine: {'line': b"-- Using RMW implementation 'rmw_fastrtps_cpp' as default\n"}
[20.188333] (as2_gazebo_assets) StdoutLine: {'line': b'-- Found ros_gz_bridge: 0.244.12 (/opt/ros/humble/share/ros_gz_bridge/cmake)\n'}
[20.253086] (-) TimerEvent: {}
[20.289019] (as2_gazebo_assets) StdoutLine: {'line': b'-- Found as2_core: 1.1.3 (/home/developer/aerostack2_ws/install/as2_core/share/as2_core/cmake)\n'}
[20.289656] (as2_gazebo_assets) StdoutLine: {'line': b'-- Created yaml-cpp::yaml-cpp alias from yaml-cpp target\n'}
[20.290504] (as2_gazebo_assets) StdoutLine: {'line': b'-- Created GeographicLib::GeographicLib target from legacy variables\n'}
[20.338638] (as2_gazebo_assets) StdoutLine: {'line': b'-- Found eigen3_cmake_module: 0.1.1 (/opt/ros/humble/share/eigen3_cmake_module/cmake)\n'}
[20.340155] (as2_gazebo_assets) StdoutLine: {'line': b'-- Ensuring Eigen3 include directory is part of orocos-kdl CMake target\n'}
[20.353166] (-) TimerEvent: {}
[20.453461] (-) TimerEvent: {}
[20.500783] (as2_gazebo_assets) StdoutLine: {'line': b'-- Found ament_lint_auto: 0.12.15 (/opt/ros/humble/share/ament_lint_auto/cmake)\n'}
[20.552709] (as2_gazebo_assets) StdoutLine: {'line': b'-- Found ament_cmake_pytest: 1.3.14 (/opt/ros/humble/share/ament_cmake_pytest/cmake)\n'}
[20.553554] (-) TimerEvent: {}
[20.653738] (-) TimerEvent: {}
[20.754083] (-) TimerEvent: {}
[20.854278] (-) TimerEvent: {}
[20.954527] (-) TimerEvent: {}
[21.054819] (-) TimerEvent: {}
[21.155077] (-) TimerEvent: {}
[21.255296] (-) TimerEvent: {}
[21.343062] (as2_gazebo_assets) StdoutLine: {'line': b"-- Added test 'copyright' to check source files copyright and LICENSE\n"}
[21.355418] (-) TimerEvent: {}
[21.361947] (as2_gazebo_assets) StdoutLine: {'line': b"-- Added test 'cppcheck' to perform static code analysis on C / C++ code\n"}
[21.362935] (as2_gazebo_assets) StdoutLine: {'line': b'-- Configured cppcheck include dirs: /home/developer/aerostack2_ws/src/aerostack2-tcc_lucca/as2_simulation_assets/as2_gazebo_assets/include;/home/developer/aerostack2_ws/src/aerostack2-tcc_lucca/as2_simulation_assets/as2_gazebo_assets/include/as2_gazebo_assets\n'}
[21.363038] (as2_gazebo_assets) StdoutLine: {'line': b'-- Configured cppcheck exclude dirs and/or files: /home/developer/aerostack2_ws/src/aerostack2-tcc_lucca/as2_simulation_assets/as2_gazebo_assets/plugins/indi-control/Common.cpp;/home/developer/aerostack2_ws/src/aerostack2-tcc_lucca/as2_simulation_assets/as2_gazebo_assets/plugins/indi-control/Common.hpp;/home/developer/aerostack2_ws/src/aerostack2-tcc_lucca/as2_simulation_assets/as2_gazebo_assets/plugins/indi-control/INDIControlPlugin.cpp;/home/developer/aerostack2_ws/src/aerostack2-tcc_lucca/as2_simulation_assets/as2_gazebo_assets/plugins/indi-control/INDIControlPlugin.hpp;/home/developer/aerostack2_ws/src/aerostack2-tcc_lucca/as2_simulation_assets/as2_gazebo_assets/plugins/indi-control/IndiController.hpp;/home/developer/aerostack2_ws/src/aerostack2-tcc_lucca/as2_simulation_assets/as2_gazebo_assets/plugins/indi-control/PIDController.hpp;/home/developer/aerostack2_ws/src/aerostack2-tcc_lucca/as2_simulation_assets/as2_gazebo_assets/plugins/indi-control/Parameters.hpp;/home/developer/aerostack2_ws/src/aerostack2-tcc_lucca/as2_simulation_assets/as2_gazebo_assets/plugins/indi-control_ign/Common.cpp;/home/developer/aerostack2_ws/src/aerostack2-tcc_lucca/as2_simulation_assets/as2_gazebo_assets/plugins/indi-control_ign/Common.hpp;/home/developer/aerostack2_ws/src/aerostack2-tcc_lucca/as2_simulation_assets/as2_gazebo_assets/plugins/indi-control_ign/INDIControlPlugin.cpp;/home/developer/aerostack2_ws/src/aerostack2-tcc_lucca/as2_simulation_assets/as2_gazebo_assets/plugins/indi-control_ign/INDIControlPlugin.hpp;/home/developer/aerostack2_ws/src/aerostack2-tcc_lucca/as2_simulation_assets/as2_gazebo_assets/plugins/indi-control_ign/IndiController.hpp;/home/developer/aerostack2_ws/src/aerostack2-tcc_lucca/as2_simulation_assets/as2_gazebo_assets/plugins/indi-control_ign/PIDController.hpp;/home/developer/aerostack2_ws/src/aerostack2-tcc_lucca/as2_simulation_assets/as2_gazebo_assets/plugins/indi-control_ign/Parameters.hpp\n'}
[21.374481] (as2_gazebo_assets) StdoutLine: {'line': b"-- Added test 'cpplint' to check C / C++ code against the Google style\n"}
[21.374652] (as2_gazebo_assets) StdoutLine: {'line': b'-- Configured cpplint exclude dirs and/or files: /home/developer/aerostack2_ws/src/aerostack2-tcc_lucca/as2_simulation_assets/as2_gazebo_assets/plugins/indi-control/Common.cpp;/home/developer/aerostack2_ws/src/aerostack2-tcc_lucca/as2_simulation_assets/as2_gazebo_assets/plugins/indi-control/Common.hpp;/home/developer/aerostack2_ws/src/aerostack2-tcc_lucca/as2_simulation_assets/as2_gazebo_assets/plugins/indi-control/INDIControlPlugin.cpp;/home/developer/aerostack2_ws/src/aerostack2-tcc_lucca/as2_simulation_assets/as2_gazebo_assets/plugins/indi-control/INDIControlPlugin.hpp;/home/developer/aerostack2_ws/src/aerostack2-tcc_lucca/as2_simulation_assets/as2_gazebo_assets/plugins/indi-control/IndiController.hpp;/home/developer/aerostack2_ws/src/aerostack2-tcc_lucca/as2_simulation_assets/as2_gazebo_assets/plugins/indi-control/PIDController.hpp;/home/developer/aerostack2_ws/src/aerostack2-tcc_lucca/as2_simulation_assets/as2_gazebo_assets/plugins/indi-control/Parameters.hpp;/home/developer/aerostack2_ws/src/aerostack2-tcc_lucca/as2_simulation_assets/as2_gazebo_assets/plugins/indi-control_ign/Common.cpp;/home/developer/aerostack2_ws/src/aerostack2-tcc_lucca/as2_simulation_assets/as2_gazebo_assets/plugins/indi-control_ign/Common.hpp;/home/developer/aerostack2_ws/src/aerostack2-tcc_lucca/as2_simulation_assets/as2_gazebo_assets/plugins/indi-control_ign/INDIControlPlugin.cpp;/home/developer/aerostack2_ws/src/aerostack2-tcc_lucca/as2_simulation_assets/as2_gazebo_assets/plugins/indi-control_ign/INDIControlPlugin.hpp;/home/developer/aerostack2_ws/src/aerostack2-tcc_lucca/as2_simulation_assets/as2_gazebo_assets/plugins/indi-control_ign/IndiController.hpp;/home/developer/aerostack2_ws/src/aerostack2-tcc_lucca/as2_simulation_assets/as2_gazebo_assets/plugins/indi-control_ign/PIDController.hpp;/home/developer/aerostack2_ws/src/aerostack2-tcc_lucca/as2_simulation_assets/as2_gazebo_assets/plugins/indi-control_ign/Parameters.hpp\n'}
[21.376371] (as2_gazebo_assets) StdoutLine: {'line': b"-- Added test 'flake8' to check Python code syntax and style conventions\n"}
[21.379569] (as2_gazebo_assets) StdoutLine: {'line': b"-- Added test 'lint_cmake' to check CMake code style\n"}
[21.381401] (as2_gazebo_assets) StdoutLine: {'line': b"-- Added test 'pep257' to check Python code against some of the docstring style conventions in PEP 257\n"}
[21.392849] (as2_gazebo_assets) StdoutLine: {'line': b"-- Added test 'uncrustify' to check C / C++ code style\n"}
[21.393020] (as2_gazebo_assets) StdoutLine: {'line': b'-- Configured uncrustify additional arguments: \n'}
[21.394575] (as2_gazebo_assets) StdoutLine: {'line': b"-- Added test 'xmllint' to check XML markup files\n"}
[21.395747] (as2_gazebo_assets) StdoutLine: {'line': b'-- Configuring done\n'}
[21.455543] (-) TimerEvent: {}
[21.531517] (as2_gazebo_assets) StdoutLine: {'line': b'-- Generating done\n'}
[21.547270] (as2_gazebo_assets) StdoutLine: {'line': b'-- Build files have been written to: /home/developer/aerostack2_ws/build/as2_gazebo_assets\n'}
[21.555682] (-) TimerEvent: {}
[21.577896] (as2_gazebo_assets) StdoutLine: {'line': b'[  7%] \x1b[32mBuilding CXX object CMakeFiles/object_tf_broadcaster.dir/src/object_tf_broadcaster/object_tf_broadcaster.cpp.o\x1b[0m\n'}
[21.578130] (as2_gazebo_assets) StdoutLine: {'line': b'[  7%] \x1b[32mBuilding CXX object CMakeFiles/object_tf_broadcaster.dir/src/object_tf_broadcaster/object_tf_broadcaster_node.cpp.o\x1b[0m\n'}
[21.578208] (as2_gazebo_assets) StdoutLine: {'line': b'[ 11%] \x1b[32mBuilding CXX object CMakeFiles/SuctionGripper.dir/plugins/SuctionGripper.cpp.o\x1b[0m\n'}
[21.578542] (as2_gazebo_assets) StdoutLine: {'line': b'[ 26%] \x1b[32mBuilding CXX object CMakeFiles/acro_bridge.dir/src/acro_bridge/acro_bridge.cpp.o\x1b[0m\n'}
[21.578651] (as2_gazebo_assets) StdoutLine: {'line': b'[ 26%] \x1b[32mBuilding CXX object CMakeFiles/azimuth_bridge.dir/src/azimuth_bridge/azimuth_bridge_node.cpp.o\x1b[0m\n'}
[21.578700] (as2_gazebo_assets) StdoutLine: {'line': b'[ 26%] \x1b[32mBuilding CXX object CMakeFiles/azimuth_bridge.dir/src/azimuth_bridge/azimuth_bridge.cpp.o\x1b[0m\n'}
[21.578741] (as2_gazebo_assets) StdoutLine: {'line': b'[ 26%] \x1b[32mBuilding CXX object CMakeFiles/gimbal_bridge.dir/src/gimbal_bridge/gimbal_bridge.cpp.o\x1b[0m\n'}
[21.580241] (as2_gazebo_assets) StdoutLine: {'line': b'[ 30%] \x1b[32mBuilding CXX object CMakeFiles/gps_bridge.dir/src/gps_bridge/gps_bridge_node.cpp.o\x1b[0m\n'}
[21.580410] (as2_gazebo_assets) StdoutLine: {'line': b'[ 34%] \x1b[32mBuilding CXX object CMakeFiles/gimbal_bridge.dir/src/gimbal_bridge/gimbal_bridge_node.cpp.o\x1b[0m\n'}
[21.582423] (as2_gazebo_assets) StdoutLine: {'line': b'[ 38%] \x1b[32mBuilding CXX object CMakeFiles/acro_bridge.dir/src/acro_bridge/acro_bridge_node.cpp.o\x1b[0m\n'}
[21.582604] (as2_gazebo_assets) StdoutLine: {'line': b'[ 42%] \x1b[32mBuilding CXX object CMakeFiles/gps_bridge.dir/src/gps_bridge/gps_bridge.cpp.o\x1b[0m\n'}
[21.582674] (as2_gazebo_assets) StdoutLine: {'line': b'[ 50%] \x1b[32mBuilding CXX object CMakeFiles/MulticopterINDIControl.dir/plugins/indi-control/Common.cpp.o\x1b[0m\n'}
[21.582738] (as2_gazebo_assets) StdoutLine: {'line': b'[ 50%] \x1b[32mBuilding CXX object CMakeFiles/MulticopterINDIControl.dir/plugins/indi-control/INDIControlPlugin.cpp.o\x1b[0m\n'}
[21.582806] (as2_gazebo_assets) StdoutLine: {'line': b'[ 53%] \x1b[32mBuilding CXX object CMakeFiles/set_entity_pose_bridge.dir/src/set_entity_pose_bridge/set_entity_pose_bridge.cpp.o\x1b[0m\n'}
[21.582868] (as2_gazebo_assets) StdoutLine: {'line': b'[ 57%] \x1b[32mBuilding CXX object CMakeFiles/set_entity_pose_bridge.dir/src/set_entity_pose_bridge/set_entity_pose_bridge_node.cpp.o\x1b[0m\n'}
[21.582988] (as2_gazebo_assets) StdoutLine: {'line': b'[ 61%] \x1b[32mBuilding CXX object CMakeFiles/ground_truth_bridge.dir/src/ground_truth_bridge/ground_truth_bridge.cpp.o\x1b[0m\n'}
[21.583501] (as2_gazebo_assets) StdoutLine: {'line': b'[ 65%] \x1b[32mBuilding CXX object CMakeFiles/ground_truth_bridge.dir/src/ground_truth_bridge/ground_truth_bridge_node.cpp.o\x1b[0m\n'}
[21.590334] (as2_gazebo_assets) StdoutLine: {'line': b'[ 65%] Built target ament_cmake_python_symlink_as2_gazebo_assets\n'}
[21.656014] (-) TimerEvent: {}
[21.756292] (-) TimerEvent: {}
[21.837845] (as2_gazebo_assets) StdoutLine: {'line': b'running egg_info\n'}
[21.838104] (as2_gazebo_assets) StdoutLine: {'line': b'creating as2_gazebo_assets.egg-info\n'}
[21.838491] (as2_gazebo_assets) StdoutLine: {'line': b'writing as2_gazebo_assets.egg-info/PKG-INFO\n'}
[21.838822] (as2_gazebo_assets) StdoutLine: {'line': b'writing dependency_links to as2_gazebo_assets.egg-info/dependency_links.txt\n'}
[21.841260] (as2_gazebo_assets) StdoutLine: {'line': b'writing top-level names to as2_gazebo_assets.egg-info/top_level.txt\n'}
[21.841425] (as2_gazebo_assets) StdoutLine: {'line': b"writing manifest file 'as2_gazebo_assets.egg-info/SOURCES.txt'\n"}
[21.841686] (as2_gazebo_assets) StdoutLine: {'line': b"reading manifest file 'as2_gazebo_assets.egg-info/SOURCES.txt'\n"}
[21.842606] (as2_gazebo_assets) StdoutLine: {'line': b"writing manifest file 'as2_gazebo_assets.egg-info/SOURCES.txt'\n"}
[21.856404] (-) TimerEvent: {}
[21.885307] (as2_gazebo_assets) StdoutLine: {'line': b'[ 65%] Built target ament_cmake_python_build_as2_gazebo_assets_egg\n'}
[21.956560] (-) TimerEvent: {}
[22.057015] (-) TimerEvent: {}
[22.157393] (-) TimerEvent: {}
[22.257768] (-) TimerEvent: {}
[22.361338] (-) TimerEvent: {}
[22.461757] (-) TimerEvent: {}
[22.562151] (-) TimerEvent: {}
[22.662503] (-) TimerEvent: {}
[22.762855] (-) TimerEvent: {}
[22.866290] (-) TimerEvent: {}
[22.966690] (-) TimerEvent: {}
[23.067051] (-) TimerEvent: {}
[23.171171] (-) TimerEvent: {}
[23.271530] (-) TimerEvent: {}
[23.371903] (-) TimerEvent: {}
[23.472273] (-) TimerEvent: {}
[23.572623] (-) TimerEvent: {}
[23.672957] (-) TimerEvent: {}
[23.773294] (-) TimerEvent: {}
[23.873638] (-) TimerEvent: {}
[23.974016] (-) TimerEvent: {}
[24.074367] (-) TimerEvent: {}
[24.178823] (-) TimerEvent: {}
[24.279167] (-) TimerEvent: {}
[24.379524] (-) TimerEvent: {}
[24.479867] (-) TimerEvent: {}
[24.581048] (-) TimerEvent: {}
[24.681409] (-) TimerEvent: {}
[24.781795] (-) TimerEvent: {}
[24.883057] (-) TimerEvent: {}
[24.983449] (-) TimerEvent: {}
[25.083806] (-) TimerEvent: {}
[25.185042] (-) TimerEvent: {}
[25.285401] (-) TimerEvent: {}
[25.385924] (-) TimerEvent: {}
[25.487182] (-) TimerEvent: {}
[25.587535] (-) TimerEvent: {}
[25.687911] (-) TimerEvent: {}
[25.789043] (-) TimerEvent: {}
[25.889381] (-) TimerEvent: {}
[25.989732] (-) TimerEvent: {}
[26.090416] (-) TimerEvent: {}
[26.191039] (-) TimerEvent: {}
[26.291400] (-) TimerEvent: {}
[26.392046] (-) TimerEvent: {}
[26.493055] (-) TimerEvent: {}
[26.593436] (-) TimerEvent: {}
[26.693786] (-) TimerEvent: {}
[26.795046] (-) TimerEvent: {}
[26.895413] (-) TimerEvent: {}
[27.005041] (-) TimerEvent: {}
[27.105408] (-) TimerEvent: {}
[27.205828] (-) TimerEvent: {}
[27.306198] (-) TimerEvent: {}
[27.406521] (-) TimerEvent: {}
[27.506873] (-) TimerEvent: {}
[27.607226] (-) TimerEvent: {}
[27.711045] (-) TimerEvent: {}
[27.811381] (-) TimerEvent: {}
[27.911716] (-) TimerEvent: {}
[28.012037] (-) TimerEvent: {}
[28.112368] (-) TimerEvent: {}
[28.212738] (-) TimerEvent: {}
[28.313032] (-) TimerEvent: {}
[28.413325] (-) TimerEvent: {}
[28.513665] (-) TimerEvent: {}
[28.614013] (-) TimerEvent: {}
[28.714374] (-) TimerEvent: {}
[28.814731] (-) TimerEvent: {}
[28.915050] (-) TimerEvent: {}
[29.015370] (-) TimerEvent: {}
[29.093073] (as2_gazebo_assets) StdoutLine: {'line': b'[ 69%] \x1b[32m\x1b[1mLinking CXX executable gps_bridge\x1b[0m\n'}
[29.115470] (-) TimerEvent: {}
[29.215848] (-) TimerEvent: {}
[29.316249] (-) TimerEvent: {}
[29.324815] (as2_gazebo_assets) StdoutLine: {'line': b'[ 73%] \x1b[32m\x1b[1mLinking CXX executable azimuth_bridge\x1b[0m\n'}
[29.416412] (-) TimerEvent: {}
[29.516850] (-) TimerEvent: {}
[29.617188] (-) TimerEvent: {}
[29.634570] (as2_gazebo_assets) StdoutLine: {'line': b'[ 76%] \x1b[32m\x1b[1mLinking CXX executable set_entity_pose_bridge\x1b[0m\n'}
[29.717317] (-) TimerEvent: {}
[29.774367] (as2_gazebo_assets) StdoutLine: {'line': b'[ 76%] Built target azimuth_bridge\n'}
[29.817475] (-) TimerEvent: {}
[29.917829] (-) TimerEvent: {}
[29.978531] (as2_gazebo_assets) StdoutLine: {'line': b'[ 76%] Built target set_entity_pose_bridge\n'}
[30.017940] (-) TimerEvent: {}
[30.102807] (as2_gazebo_assets) StdoutLine: {'line': b'[ 80%] \x1b[32m\x1b[1mLinking CXX executable object_tf_broadcaster\x1b[0m\n'}
[30.118052] (-) TimerEvent: {}
[30.149918] (as2_gazebo_assets) StdoutLine: {'line': b'[ 80%] Built target gps_bridge\n'}
[30.218149] (-) TimerEvent: {}
[30.257314] (as2_gazebo_assets) StdoutLine: {'line': b'[ 84%] \x1b[32m\x1b[1mLinking CXX executable ground_truth_bridge\x1b[0m\n'}
[30.318258] (-) TimerEvent: {}
[30.418558] (-) TimerEvent: {}
[30.518899] (-) TimerEvent: {}
[30.619261] (-) TimerEvent: {}
[30.624875] (as2_gazebo_assets) StdoutLine: {'line': b'[ 84%] Built target object_tf_broadcaster\n'}
[30.719366] (-) TimerEvent: {}
[30.819673] (-) TimerEvent: {}
[30.882550] (as2_gazebo_assets) StdoutLine: {'line': b'[ 84%] Built target ground_truth_bridge\n'}
[30.919804] (-) TimerEvent: {}
[31.020189] (-) TimerEvent: {}
[31.120479] (-) TimerEvent: {}
[31.220777] (-) TimerEvent: {}
[31.321055] (-) TimerEvent: {}
[31.421392] (-) TimerEvent: {}
[31.521731] (-) TimerEvent: {}
[31.599881] (as2_gazebo_assets) StdoutLine: {'line': b'[ 88%] \x1b[32m\x1b[1mLinking CXX shared library libMulticopterINDIControl.so\x1b[0m\n'}
[31.621894] (-) TimerEvent: {}
[31.660791] (as2_gazebo_assets) StdoutLine: {'line': b'[ 92%] \x1b[32m\x1b[1mLinking CXX executable acro_bridge\x1b[0m\n'}
[31.722030] (-) TimerEvent: {}
[31.822354] (-) TimerEvent: {}
[31.831905] (as2_gazebo_assets) StdoutLine: {'line': b'[ 96%] \x1b[32m\x1b[1mLinking CXX executable gimbal_bridge\x1b[0m\n'}
[31.922474] (-) TimerEvent: {}
[31.933697] (as2_gazebo_assets) StdoutLine: {'line': b'[ 96%] Built target MulticopterINDIControl\n'}
[32.022629] (-) TimerEvent: {}
[32.119569] (as2_gazebo_assets) StdoutLine: {'line': b'[ 96%] Built target acro_bridge\n'}
[32.122731] (-) TimerEvent: {}
[32.223109] (-) TimerEvent: {}
[32.323427] (-) TimerEvent: {}
[32.338908] (as2_gazebo_assets) StdoutLine: {'line': b'[ 96%] Built target gimbal_bridge\n'}
[32.423533] (-) TimerEvent: {}
[32.523847] (-) TimerEvent: {}
[32.624092] (-) TimerEvent: {}
[32.724391] (-) TimerEvent: {}
[32.824673] (-) TimerEvent: {}
[32.924972] (-) TimerEvent: {}
[33.025274] (-) TimerEvent: {}
[33.125571] (-) TimerEvent: {}
[33.225861] (-) TimerEvent: {}
[33.326189] (-) TimerEvent: {}
[33.426539] (-) TimerEvent: {}
[33.526841] (-) TimerEvent: {}
[33.627141] (-) TimerEvent: {}
[33.727451] (-) TimerEvent: {}
[33.827818] (-) TimerEvent: {}
[33.928072] (-) TimerEvent: {}
[34.028342] (-) TimerEvent: {}
[34.067589] (as2_gazebo_assets) StdoutLine: {'line': b'[100%] \x1b[32m\x1b[1mLinking CXX shared library libSuctionGripper.so\x1b[0m\n'}
[34.128470] (-) TimerEvent: {}
[34.228726] (-) TimerEvent: {}
[34.329007] (-) TimerEvent: {}
[34.429248] (-) TimerEvent: {}
[34.452958] (as2_gazebo_assets) StdoutLine: {'line': b'[100%] Built target SuctionGripper\n'}
[34.462685] (as2_gazebo_assets) CommandEnded: {'returncode': 0}
[34.463222] (as2_gazebo_assets) JobProgress: {'identifier': 'as2_gazebo_assets', 'progress': 'install'}
[34.463740] (as2_gazebo_assets) Command: {'cmd': ['/usr/bin/cmake', '--install', '/home/developer/aerostack2_ws/build/as2_gazebo_assets'], 'cwd': '/home/developer/aerostack2_ws/build/as2_gazebo_assets', 'env': OrderedDict([('HOSTNAME', 'lead-Predator-PHN16-71'), ('SHLVL', '1'), ('LD_LIBRARY_PATH', '/home/developer/aerostack2_ws/install/as2_core/lib:/home/developer/aerostack2_ws/install/as2_msgs/lib:/opt/ros/humble/opt/rviz_ogre_vendor/lib:/opt/ros/humble/lib/x86_64-linux-gnu:/opt/ros/humble/lib'), ('HOME', '/home/developer'), ('ROS_PYTHON_VERSION', '3'), ('ROS_DISTRO', 'humble'), ('_', '/usr/bin/colcon'), ('ROS_VERSION', '2'), ('TERM', 'xterm'), ('ROS_LOCALHOST_ONLY', '0'), ('QT_X11_NO_MITSHM', '1'), ('PATH', '/opt/ros/humble/bin:/usr/local/sbin:/usr/local/bin:/usr/sbin:/usr/bin:/sbin:/bin'), ('DISPLAY', ':1'), ('LANG', 'C.UTF-8'), ('LS_COLORS', 'rs=0:di=01;34:ln=01;36:mh=00:pi=40;33:so=01;35:do=01;35:bd=40;33;01:cd=40;33;01:or=40;31;01:mi=00:su=37;41:sg=30;43:ca=30;41:tw=30;42:ow=34;42:st=37;44:ex=01;32:*.tar=01;31:*.tgz=01;31:*.arc=01;31:*.arj=01;31:*.taz=01;31:*.lha=01;31:*.lz4=01;31:*.lzh=01;31:*.lzma=01;31:*.tlz=01;31:*.txz=01;31:*.tzo=01;31:*.t7z=01;31:*.zip=01;31:*.z=01;31:*.dz=01;31:*.gz=01;31:*.lrz=01;31:*.lz=01;31:*.lzo=01;31:*.xz=01;31:*.zst=01;31:*.tzst=01;31:*.bz2=01;31:*.bz=01;31:*.tbz=01;31:*.tbz2=01;31:*.tz=01;31:*.deb=01;31:*.rpm=01;31:*.jar=01;31:*.war=01;31:*.ear=01;31:*.sar=01;31:*.rar=01;31:*.alz=01;31:*.ace=01;31:*.zoo=01;31:*.cpio=01;31:*.7z=01;31:*.rz=01;31:*.cab=01;31:*.wim=01;31:*.swm=01;31:*.dwm=01;31:*.esd=01;31:*.jpg=01;35:*.jpeg=01;35:*.mjpg=01;35:*.mjpeg=01;35:*.gif=01;35:*.bmp=01;35:*.pbm=01;35:*.pgm=01;35:*.ppm=01;35:*.tga=01;35:*.xbm=01;35:*.xpm=01;35:*.tif=01;35:*.tiff=01;35:*.png=01;35:*.svg=01;35:*.svgz=01;35:*.mng=01;35:*.pcx=01;35:*.mov=01;35:*.mpg=01;35:*.mpeg=01;35:*.m2v=01;35:*.mkv=01;35:*.webm=01;35:*.webp=01;35:*.ogm=01;35:*.mp4=01;35:*.m4v=01;35:*.mp4v=01;35:*.vob=01;35:*.qt=01;35:*.nuv=01;35:*.wmv=01;35:*.asf=01;35:*.rm=01;35:*.rmvb=01;35:*.flc=01;35:*.avi=01;35:*.fli=01;35:*.flv=01;35:*.gl=01;35:*.dl=01;35:*.xcf=01;35:*.xwd=01;35:*.yuv=01;35:*.cgm=01;35:*.emf=01;35:*.ogv=01;35:*.ogx=01;35:*.aac=00;36:*.au=00;36:*.flac=00;36:*.m4a=00;36:*.mid=00;36:*.midi=00;36:*.mka=00;36:*.mp3=00;36:*.mpc=00;36:*.ogg=00;36:*.ra=00;36:*.wav=00;36:*.oga=00;36:*.opus=00;36:*.spx=00;36:*.xspf=00;36:'), ('AMENT_PREFIX_PATH', '/home/developer/aerostack2_ws/install/as2_core:/home/developer/aerostack2_ws/install/as2_msgs:/opt/ros/humble'), ('GZ_VERSION', 'harmonic'), ('PWD', '/home/developer/aerostack2_ws/build/as2_gazebo_assets'), ('LC_ALL', 'C.UTF-8'), ('PYTHONPATH', '/home/developer/aerostack2_ws/install/as2_core/local/lib/python3.10/dist-packages:/home/developer/aerostack2_ws/install/as2_msgs/local/lib/python3.10/dist-packages:/opt/ros/humble/lib/python3.10/site-packages:/opt/ros/humble/local/lib/python3.10/dist-packages'), ('COLCON', '1'), ('CMAKE_PREFIX_PATH', '/home/developer/aerostack2_ws/install/as2_core:/home/developer/aerostack2_ws/install/as2_msgs:/opt/ros/humble')]), 'shell': False}
[34.470491] (as2_gazebo_assets) StdoutLine: {'line': b'-- Install configuration: ""\n'}
[34.470667] (as2_gazebo_assets) StdoutLine: {'line': b'-- Execute custom install script\n'}
[34.470812] (as2_gazebo_assets) StdoutLine: {'line': b'-- Symlinking: /home/developer/aerostack2_ws/install/as2_gazebo_assets/share/as2_gazebo_assets/environment/resource_paths.dsv\n'}
[34.476404] (as2_gazebo_assets) StdoutLine: {'line': b'-- Symlinking: /home/developer/aerostack2_ws/install/as2_gazebo_assets/share/as2_gazebo_assets/environment/resource_paths.sh\n'}
[34.481762] (as2_gazebo_assets) StdoutLine: {'line': b'-- Symlinking: /home/developer/aerostack2_ws/install/as2_gazebo_assets/lib/as2_gazebo_assets/azimuth_bridge\n'}
[34.486002] (as2_gazebo_assets) StdoutLine: {'line': b'-- Symlinking: /home/developer/aerostack2_ws/install/as2_gazebo_assets/lib/as2_gazebo_assets/gps_bridge\n'}
[34.491560] (as2_gazebo_assets) StdoutLine: {'line': b'-- Symlinking: /home/developer/aerostack2_ws/install/as2_gazebo_assets/lib/as2_gazebo_assets/ground_truth_bridge\n'}
[34.497311] (as2_gazebo_assets) StdoutLine: {'line': b'-- Symlinking: /home/developer/aerostack2_ws/install/as2_gazebo_assets/lib/as2_gazebo_assets/object_tf_broadcaster\n'}
[34.503005] (as2_gazebo_assets) StdoutLine: {'line': b'-- Symlinking: /home/developer/aerostack2_ws/install/as2_gazebo_assets/lib/as2_gazebo_assets/gimbal_bridge\n'}
[34.510240] (as2_gazebo_assets) StdoutLine: {'line': b'-- Symlinking: /home/developer/aerostack2_ws/install/as2_gazebo_assets/lib/as2_gazebo_assets/acro_bridge\n'}
[34.516964] (as2_gazebo_assets) StdoutLine: {'line': b'-- Symlinking: /home/developer/aerostack2_ws/install/as2_gazebo_assets/lib/as2_gazebo_assets/set_entity_pose_bridge\n'}
[34.523898] (as2_gazebo_assets) StdoutLine: {'line': b'-- Symlinking: /home/developer/aerostack2_ws/install/as2_gazebo_assets/lib/libSuctionGripper.so\n'}
[34.529325] (-) TimerEvent: {}
[34.529666] (as2_gazebo_assets) StdoutLine: {'line': b'-- Symlinking: /home/developer/aerostack2_ws/install/as2_gazebo_assets/lib/libMulticopterINDIControl.so\n'}
[34.535037] (as2_gazebo_assets) StdoutLine: {'line': b'-- Symlinking: /home/developer/aerostack2_ws/install/as2_gazebo_assets/share/as2_gazebo_assets/environment/pythonpath.sh\n'}
[34.540052] (as2_gazebo_assets) StdoutLine: {'line': b'-- Symlinking: /home/developer/aerostack2_ws/install/as2_gazebo_assets/share/as2_gazebo_assets/environment/pythonpath.dsv\n'}
[34.544738] (as2_gazebo_assets) StdoutLine: {'line': b'-- Symlinking: /home/developer/aerostack2_ws/install/as2_gazebo_assets/local/lib/python3.10/dist-packages/as2_gazebo_assets-1.1.3-py3.10.egg-info/PKG-INFO\n'}
[34.549115] (as2_gazebo_assets) StdoutLine: {'line': b'-- Symlinking: /home/developer/aerostack2_ws/install/as2_gazebo_assets/local/lib/python3.10/dist-packages/as2_gazebo_assets-1.1.3-py3.10.egg-info/SOURCES.txt\n'}
[34.553494] (as2_gazebo_assets) StdoutLine: {'line': b'-- Symlinking: /home/developer/aerostack2_ws/install/as2_gazebo_assets/local/lib/python3.10/dist-packages/as2_gazebo_assets-1.1.3-py3.10.egg-info/dependency_links.txt\n'}
[34.560576] (as2_gazebo_assets) StdoutLine: {'line': b'-- Symlinking: /home/developer/aerostack2_ws/install/as2_gazebo_assets/local/lib/python3.10/dist-packages/as2_gazebo_assets-1.1.3-py3.10.egg-info/top_level.txt\n'}
[34.566937] (as2_gazebo_assets) StdoutLine: {'line': b'-- Symlinking: /home/developer/aerostack2_ws/install/as2_gazebo_assets/local/lib/python3.10/dist-packages/as2_gazebo_assets/__init__.py\n'}
[34.572944] (as2_gazebo_assets) StdoutLine: {'line': b'-- Symlinking: /home/developer/aerostack2_ws/install/as2_gazebo_assets/local/lib/python3.10/dist-packages/as2_gazebo_assets/bridges/__init__.py\n'}
[34.579008] (as2_gazebo_assets) StdoutLine: {'line': b'-- Symlinking: /home/developer/aerostack2_ws/install/as2_gazebo_assets/local/lib/python3.10/dist-packages/as2_gazebo_assets/bridges/bridge.py\n'}
[34.586220] (as2_gazebo_assets) StdoutLine: {'line': b'-- Symlinking: /home/developer/aerostack2_ws/install/as2_gazebo_assets/local/lib/python3.10/dist-packages/as2_gazebo_assets/bridges/bridges.py\n'}
[34.592058] (as2_gazebo_assets) StdoutLine: {'line': b'-- Symlinking: /home/developer/aerostack2_ws/install/as2_gazebo_assets/local/lib/python3.10/dist-packages/as2_gazebo_assets/bridges/custom_bridges.py\n'}
[34.598181] (as2_gazebo_assets) StdoutLine: {'line': b'-- Symlinking: /home/developer/aerostack2_ws/install/as2_gazebo_assets/local/lib/python3.10/dist-packages/as2_gazebo_assets/models/__init__.py\n'}
[34.605025] (as2_gazebo_assets) StdoutLine: {'line': b'-- Symlinking: /home/developer/aerostack2_ws/install/as2_gazebo_assets/local/lib/python3.10/dist-packages/as2_gazebo_assets/models/drone.py\n'}
[34.609611] (as2_gazebo_assets) StdoutLine: {'line': b'-- Symlinking: /home/developer/aerostack2_ws/install/as2_gazebo_assets/local/lib/python3.10/dist-packages/as2_gazebo_assets/models/entity.py\n'}
[34.614371] (as2_gazebo_assets) StdoutLine: {'line': b'-- Symlinking: /home/developer/aerostack2_ws/install/as2_gazebo_assets/local/lib/python3.10/dist-packages/as2_gazebo_assets/models/object.py\n'}
[34.619071] (as2_gazebo_assets) StdoutLine: {'line': b'-- Symlinking: /home/developer/aerostack2_ws/install/as2_gazebo_assets/local/lib/python3.10/dist-packages/as2_gazebo_assets/models/payload.py\n'}
[34.624023] (as2_gazebo_assets) StdoutLine: {'line': b'-- Symlinking: /home/developer/aerostack2_ws/install/as2_gazebo_assets/local/lib/python3.10/dist-packages/as2_gazebo_assets/tests/test_models.py\n'}
[34.629452] (-) TimerEvent: {}
[34.630675] (as2_gazebo_assets) StdoutLine: {'line': b'-- Symlinking: /home/developer/aerostack2_ws/install/as2_gazebo_assets/local/lib/python3.10/dist-packages/as2_gazebo_assets/utils/launch_exception.py\n'}
[34.638213] (as2_gazebo_assets) StdoutLine: {'line': b'-- Symlinking: /home/developer/aerostack2_ws/install/as2_gazebo_assets/local/lib/python3.10/dist-packages/as2_gazebo_assets/world.py\n'}
[34.645468] (as2_gazebo_assets) StdoutLine: {'line': b'-- Symlinking: /home/developer/aerostack2_ws/install/as2_gazebo_assets/include/as2_gazebo_assets/acro_bridge.hpp\n'}
[34.650093] (as2_gazebo_assets) StdoutLine: {'line': b'-- Symlinking: /home/developer/aerostack2_ws/install/as2_gazebo_assets/include/as2_gazebo_assets/azimuth_bridge.hpp\n'}
[34.655239] (as2_gazebo_assets) StdoutLine: {'line': b'-- Symlinking: /home/developer/aerostack2_ws/install/as2_gazebo_assets/include/as2_gazebo_assets/gimbal_bridge.hpp\n'}
[34.660008] (as2_gazebo_assets) StdoutLine: {'line': b'-- Symlinking: /home/developer/aerostack2_ws/install/as2_gazebo_assets/include/as2_gazebo_assets/gps_bridge.hpp\n'}
[34.665235] (as2_gazebo_assets) StdoutLine: {'line': b'-- Symlinking: /home/developer/aerostack2_ws/install/as2_gazebo_assets/include/as2_gazebo_assets/ground_truth_bridge.hpp\n'}
[34.669700] (as2_gazebo_assets) StdoutLine: {'line': b'-- Symlinking: /home/developer/aerostack2_ws/install/as2_gazebo_assets/include/as2_gazebo_assets/object_tf_broadcaster.hpp\n'}
[34.676600] (as2_gazebo_assets) StdoutLine: {'line': b'-- Symlinking: /home/developer/aerostack2_ws/install/as2_gazebo_assets/include/as2_gazebo_assets/set_entity_pose_bridge.hpp\n'}
[34.682233] (as2_gazebo_assets) StdoutLine: {'line': b'-- Symlinking: /home/developer/aerostack2_ws/install/as2_gazebo_assets/share/as2_gazebo_assets/launch/drone_bridges.py\n'}
[34.689594] (as2_gazebo_assets) StdoutLine: {'line': b'-- Symlinking: /home/developer/aerostack2_ws/install/as2_gazebo_assets/share/as2_gazebo_assets/launch/launch_simulation.py\n'}
[34.693916] (as2_gazebo_assets) StdoutLine: {'line': b'-- Symlinking: /home/developer/aerostack2_ws/install/as2_gazebo_assets/share/as2_gazebo_assets/launch/monitor_sim.py\n'}
[34.698833] (as2_gazebo_assets) StdoutLine: {'line': b'-- Symlinking: /home/developer/aerostack2_ws/install/as2_gazebo_assets/share/as2_gazebo_assets/launch/object_bridges.py\n'}
[34.704884] (as2_gazebo_assets) StdoutLine: {'line': b'-- Symlinking: /home/developer/aerostack2_ws/install/as2_gazebo_assets/share/as2_gazebo_assets/launch/world_bridges.py\n'}
[34.711500] (as2_gazebo_assets) StdoutLine: {'line': b'-- Symlinking: /home/developer/aerostack2_ws/install/as2_gazebo_assets/share/as2_gazebo_assets/worlds/default.sdf.jinja\n'}
[34.716087] (as2_gazebo_assets) StdoutLine: {'line': b'-- Symlinking: /home/developer/aerostack2_ws/install/as2_gazebo_assets/share/as2_gazebo_assets/worlds/empty.sdf.jinja\n'}
[34.723322] (as2_gazebo_assets) StdoutLine: {'line': b'-- Symlinking: /home/developer/aerostack2_ws/install/as2_gazebo_assets/share/as2_gazebo_assets/worlds/grass.sdf.jinja\n'}
[34.729609] (-) TimerEvent: {}
[34.730192] (as2_gazebo_assets) StdoutLine: {'line': b'-- Symlinking: /home/developer/aerostack2_ws/install/as2_gazebo_assets/share/as2_gazebo_assets/worlds/test_gripper.sdf\n'}
[34.740284] (as2_gazebo_assets) StdoutLine: {'line': b'-- Symlinking: /home/developer/aerostack2_ws/install/as2_gazebo_assets/share/as2_gazebo_assets/models/3d_lidar/3d_lidar.sdf\n'}
[34.745982] (as2_gazebo_assets) StdoutLine: {'line': b'-- Symlinking: /home/developer/aerostack2_ws/install/as2_gazebo_assets/share/as2_gazebo_assets/models/3d_lidar/model.config\n'}
[34.752466] (as2_gazebo_assets) StdoutLine: {'line': b'-- Symlinking: /home/developer/aerostack2_ws/install/as2_gazebo_assets/share/as2_gazebo_assets/models/air_pressure/air_pressure.sdf\n'}
[34.757329] (as2_gazebo_assets) StdoutLine: {'line': b'-- Symlinking: /home/developer/aerostack2_ws/install/as2_gazebo_assets/share/as2_gazebo_assets/models/air_pressure/model.config\n'}
[34.764615] (as2_gazebo_assets) StdoutLine: {'line': b'-- Symlinking: /home/developer/aerostack2_ws/install/as2_gazebo_assets/share/as2_gazebo_assets/models/aruco/aruco.sdf\n'}
[34.771828] (as2_gazebo_assets) StdoutLine: {'line': b'-- Symlinking: /home/developer/aerostack2_ws/install/as2_gazebo_assets/share/as2_gazebo_assets/models/aruco/materials/scripts/aruco.material\n'}
[34.777263] (as2_gazebo_assets) StdoutLine: {'line': b'-- Symlinking: /home/developer/aerostack2_ws/install/as2_gazebo_assets/share/as2_gazebo_assets/models/aruco/materials/textures/marker1.png\n'}
[34.781408] (as2_gazebo_assets) StdoutLine: {'line': b'-- Symlinking: /home/developer/aerostack2_ws/install/as2_gazebo_assets/share/as2_gazebo_assets/models/aruco/materials/textures/marker2.png\n'}
[34.787443] (as2_gazebo_assets) StdoutLine: {'line': b'-- Symlinking: /home/developer/aerostack2_ws/install/as2_gazebo_assets/share/as2_gazebo_assets/models/aruco/materials/textures/marker3.png\n'}
[34.793584] (as2_gazebo_assets) StdoutLine: {'line': b'-- Symlinking: /home/developer/aerostack2_ws/install/as2_gazebo_assets/share/as2_gazebo_assets/models/aruco/materials/textures/marker4.png\n'}
[34.798707] (as2_gazebo_assets) StdoutLine: {'line': b'-- Symlinking: /home/developer/aerostack2_ws/install/as2_gazebo_assets/share/as2_gazebo_assets/models/aruco/materials/textures/marker5.png\n'}
[34.805878] (as2_gazebo_assets) StdoutLine: {'line': b'-- Symlinking: /home/developer/aerostack2_ws/install/as2_gazebo_assets/share/as2_gazebo_assets/models/aruco/meshes/checkerboard_plane.dae\n'}
[34.810203] (as2_gazebo_assets) StdoutLine: {'line': b'-- Symlinking: /home/developer/aerostack2_ws/install/as2_gazebo_assets/share/as2_gazebo_assets/models/aruco/model.config\n'}
[34.815808] (as2_gazebo_assets) StdoutLine: {'line': b'-- Symlinking: /home/developer/aerostack2_ws/install/as2_gazebo_assets/share/as2_gazebo_assets/models/aruco_gate_1/aruco_gate_1.sdf\n'}
[34.822750] (as2_gazebo_assets) StdoutLine: {'line': b'-- Symlinking: /home/developer/aerostack2_ws/install/as2_gazebo_assets/share/as2_gazebo_assets/models/aruco_gate_1/meshes/background.stl\n'}
[34.827011] (as2_gazebo_assets) StdoutLine: {'line': b'-- Symlinking: /home/developer/aerostack2_ws/install/as2_gazebo_assets/share/as2_gazebo_assets/models/aruco_gate_1/meshes/base.stl\n'}
[34.829676] (-) TimerEvent: {}
[34.834202] (as2_gazebo_assets) StdoutLine: {'line': b'-- Symlinking: /home/developer/aerostack2_ws/install/as2_gazebo_assets/share/as2_gazebo_assets/models/aruco_gate_1/meshes/base_2.stl\n'}
[34.839693] (as2_gazebo_assets) StdoutLine: {'line': b'-- Symlinking: /home/developer/aerostack2_ws/install/as2_gazebo_assets/share/as2_gazebo_assets/models/aruco_gate_1/meshes/hoop.stl\n'}
[34.844365] (as2_gazebo_assets) StdoutLine: {'line': b'-- Symlinking: /home/developer/aerostack2_ws/install/as2_gazebo_assets/share/as2_gazebo_assets/models/aruco_gate_1/meshes/hoop_2.stl\n'}
[34.848828] (as2_gazebo_assets) StdoutLine: {'line': b'-- Symlinking: /home/developer/aerostack2_ws/install/as2_gazebo_assets/share/as2_gazebo_assets/models/aruco_gate_1/model.config\n'}
[34.856187] (as2_gazebo_assets) StdoutLine: {'line': b'-- Symlinking: /home/developer/aerostack2_ws/install/as2_gazebo_assets/share/as2_gazebo_assets/models/aruco_gate_2/aruco_gate_2.sdf\n'}
[34.860696] (as2_gazebo_assets) StdoutLine: {'line': b'-- Symlinking: /home/developer/aerostack2_ws/install/as2_gazebo_assets/share/as2_gazebo_assets/models/aruco_gate_2/model.config\n'}
[34.865866] (as2_gazebo_assets) StdoutLine: {'line': b'-- Symlinking: /home/developer/aerostack2_ws/install/as2_gazebo_assets/share/as2_gazebo_assets/models/crazyflie/crazyflie.sdf\n'}
[34.870232] (as2_gazebo_assets) StdoutLine: {'line': b'-- Symlinking: /home/developer/aerostack2_ws/install/as2_gazebo_assets/share/as2_gazebo_assets/models/crazyflie/crazyflie.sdf.jinja\n'}
[34.874884] (as2_gazebo_assets) StdoutLine: {'line': b'-- Symlinking: /home/developer/aerostack2_ws/install/as2_gazebo_assets/share/as2_gazebo_assets/models/crazyflie/meshes/ccw_prop.dae\n'}
[34.880517] (as2_gazebo_assets) StdoutLine: {'line': b'-- Symlinking: /home/developer/aerostack2_ws/install/as2_gazebo_assets/share/as2_gazebo_assets/models/crazyflie/meshes/cf2_assembly.dae\n'}
[34.886263] (as2_gazebo_assets) StdoutLine: {'line': b'-- Symlinking: /home/developer/aerostack2_ws/install/as2_gazebo_assets/share/as2_gazebo_assets/models/crazyflie/meshes/cw_prop.dae\n'}
[34.890932] (as2_gazebo_assets) StdoutLine: {'line': b'-- Symlinking: /home/developer/aerostack2_ws/install/as2_gazebo_assets/share/as2_gazebo_assets/models/crazyflie/model.config\n'}
[34.896731] (as2_gazebo_assets) StdoutLine: {'line': b'-- Symlinking: /home/developer/aerostack2_ws/install/as2_gazebo_assets/share/as2_gazebo_assets/models/cvar_gate/cvar_gate.sdf\n'}
[34.900914] (as2_gazebo_assets) StdoutLine: {'line': b'-- Symlinking: /home/developer/aerostack2_ws/install/as2_gazebo_assets/share/as2_gazebo_assets/models/cvar_gate/meshes/cvar_gate_texture.png\n'}
[34.905546] (as2_gazebo_assets) StdoutLine: {'line': b'-- Symlinking: /home/developer/aerostack2_ws/install/as2_gazebo_assets/share/as2_gazebo_assets/models/cvar_gate/meshes/model.dae\n'}
[34.910691] (as2_gazebo_assets) StdoutLine: {'line': b'-- Symlinking: /home/developer/aerostack2_ws/install/as2_gazebo_assets/share/as2_gazebo_assets/models/cvar_gate/model.config\n'}
[34.917707] (as2_gazebo_assets) StdoutLine: {'line': b'-- Symlinking: /home/developer/aerostack2_ws/install/as2_gazebo_assets/share/as2_gazebo_assets/models/f330/f330.sdf\n'}
[34.922562] (as2_gazebo_assets) StdoutLine: {'line': b'-- Symlinking: /home/developer/aerostack2_ws/install/as2_gazebo_assets/share/as2_gazebo_assets/models/f330/f330.sdf.jinja\n'}
[34.928912] (as2_gazebo_assets) StdoutLine: {'line': b'-- Symlinking: /home/developer/aerostack2_ws/install/as2_gazebo_assets/share/as2_gazebo_assets/models/f330/meshes/model.dae\n'}
[34.929798] (-) TimerEvent: {}
[34.934726] (as2_gazebo_assets) StdoutLine: {'line': b'-- Symlinking: /home/developer/aerostack2_ws/install/as2_gazebo_assets/share/as2_gazebo_assets/models/f330/model.config\n'}
[34.939284] (as2_gazebo_assets) StdoutLine: {'line': b'-- Symlinking: /home/developer/aerostack2_ws/install/as2_gazebo_assets/share/as2_gazebo_assets/models/gate/gate.sdf\n'}
[34.945442] (as2_gazebo_assets) StdoutLine: {'line': b'-- Symlinking: /home/developer/aerostack2_ws/install/as2_gazebo_assets/share/as2_gazebo_assets/models/gate/meshes/gate.dae\n'}
[34.953306] (as2_gazebo_assets) StdoutLine: {'line': b'-- Symlinking: /home/developer/aerostack2_ws/install/as2_gazebo_assets/share/as2_gazebo_assets/models/gate/meshes/gate_color.png\n'}
[34.958706] (as2_gazebo_assets) StdoutLine: {'line': b'-- Symlinking: /home/developer/aerostack2_ws/install/as2_gazebo_assets/share/as2_gazebo_assets/models/gate/model.config\n'}
[34.963652] (as2_gazebo_assets) StdoutLine: {'line': b'-- Symlinking: /home/developer/aerostack2_ws/install/as2_gazebo_assets/share/as2_gazebo_assets/models/gimbal/model.config\n'}
[34.969160] (as2_gazebo_assets) StdoutLine: {'line': b'-- Symlinking: /home/developer/aerostack2_ws/install/as2_gazebo_assets/share/as2_gazebo_assets/models/gimbal/position_gimbal.sdf\n'}
[34.975305] (as2_gazebo_assets) StdoutLine: {'line': b'-- Symlinking: /home/developer/aerostack2_ws/install/as2_gazebo_assets/share/as2_gazebo_assets/models/gimbal/position_gimbal.sdf.jinja\n'}
[34.980168] (as2_gazebo_assets) StdoutLine: {'line': b'-- Symlinking: /home/developer/aerostack2_ws/install/as2_gazebo_assets/share/as2_gazebo_assets/models/gimbal/speed_gimbal.sdf.jinja\n'}
[34.986169] (as2_gazebo_assets) StdoutLine: {'line': b'-- Symlinking: /home/developer/aerostack2_ws/install/as2_gazebo_assets/share/as2_gazebo_assets/models/gps/gps.sdf\n'}
[34.993465] (as2_gazebo_assets) StdoutLine: {'line': b'-- Symlinking: /home/developer/aerostack2_ws/install/as2_gazebo_assets/share/as2_gazebo_assets/models/gps/model.config\n'}
[34.998461] (as2_gazebo_assets) StdoutLine: {'line': b'-- Symlinking: /home/developer/aerostack2_ws/install/as2_gazebo_assets/share/as2_gazebo_assets/models/grass_patch/materials/textures/grass_dry.png\n'}
[35.004906] (as2_gazebo_assets) StdoutLine: {'line': b'-- Symlinking: /home/developer/aerostack2_ws/install/as2_gazebo_assets/share/as2_gazebo_assets/models/grass_patch/model.config\n'}
[35.009840] (as2_gazebo_assets) StdoutLine: {'line': b'-- Symlinking: /home/developer/aerostack2_ws/install/as2_gazebo_assets/share/as2_gazebo_assets/models/grass_patch/model.sdf\n'}
[35.016141] (as2_gazebo_assets) StdoutLine: {'line': b'-- Symlinking: /home/developer/aerostack2_ws/install/as2_gazebo_assets/share/as2_gazebo_assets/models/grass_patch/thumbnails/grasspatch.jpg\n'}
[35.021664] (as2_gazebo_assets) StdoutLine: {'line': b'-- Symlinking: /home/developer/aerostack2_ws/install/as2_gazebo_assets/share/as2_gazebo_assets/models/grayscale_camera/grayscale_camera.sdf\n'}
[35.027675] (as2_gazebo_assets) StdoutLine: {'line': b'-- Symlinking: /home/developer/aerostack2_ws/install/as2_gazebo_assets/share/as2_gazebo_assets/models/grayscale_camera/grayscale_camera.sdf.jinja\n'}
[35.029924] (-) TimerEvent: {}
[35.032178] (as2_gazebo_assets) StdoutLine: {'line': b'-- Symlinking: /home/developer/aerostack2_ws/install/as2_gazebo_assets/share/as2_gazebo_assets/models/grayscale_camera/model.config\n'}
[35.037900] (as2_gazebo_assets) StdoutLine: {'line': b'-- Symlinking: /home/developer/aerostack2_ws/install/as2_gazebo_assets/share/as2_gazebo_assets/models/ground_plane/ground_plane.sdf\n'}
[35.042205] (as2_gazebo_assets) StdoutLine: {'line': b'-- Symlinking: /home/developer/aerostack2_ws/install/as2_gazebo_assets/share/as2_gazebo_assets/models/ground_plane/model.config\n'}
[35.046216] (as2_gazebo_assets) StdoutLine: {'line': b'-- Symlinking: /home/developer/aerostack2_ws/install/as2_gazebo_assets/share/as2_gazebo_assets/models/hd_camera/hd_camera.sdf\n'}
[35.051341] (as2_gazebo_assets) StdoutLine: {'line': b'-- Symlinking: /home/developer/aerostack2_ws/install/as2_gazebo_assets/share/as2_gazebo_assets/models/hd_camera/hd_camera.sdf.jinja\n'}
[35.057569] (as2_gazebo_assets) StdoutLine: {'line': b'-- Symlinking: /home/developer/aerostack2_ws/install/as2_gazebo_assets/share/as2_gazebo_assets/models/hd_camera/model.config\n'}
[35.062145] (as2_gazebo_assets) StdoutLine: {'line': b'-- Symlinking: /home/developer/aerostack2_ws/install/as2_gazebo_assets/share/as2_gazebo_assets/models/hexrotor_base/hexrotor_base.sdf\n'}
[35.067362] (as2_gazebo_assets) StdoutLine: {'line': b'-- Symlinking: /home/developer/aerostack2_ws/install/as2_gazebo_assets/share/as2_gazebo_assets/models/hexrotor_base/hexrotor_base.sdf.jinja\n'}
[35.072353] (as2_gazebo_assets) StdoutLine: {'line': b'-- Symlinking: /home/developer/aerostack2_ws/install/as2_gazebo_assets/share/as2_gazebo_assets/models/hexrotor_base/materials/textures/led.jpg\n'}
[35.078509] (as2_gazebo_assets) StdoutLine: {'line': b'-- Symlinking: /home/developer/aerostack2_ws/install/as2_gazebo_assets/share/as2_gazebo_assets/models/hexrotor_base/meshes/hexrotor.dae\n'}
[35.082760] (as2_gazebo_assets) StdoutLine: {'line': b'-- Symlinking: /home/developer/aerostack2_ws/install/as2_gazebo_assets/share/as2_gazebo_assets/models/hexrotor_base/meshes/hexrotor.jpg\n'}
[35.089621] (as2_gazebo_assets) StdoutLine: {'line': b'-- Symlinking: /home/developer/aerostack2_ws/install/as2_gazebo_assets/share/as2_gazebo_assets/models/hexrotor_base/meshes/led.dae\n'}
[35.094049] (as2_gazebo_assets) StdoutLine: {'line': b'-- Symlinking: /home/developer/aerostack2_ws/install/as2_gazebo_assets/share/as2_gazebo_assets/models/hexrotor_base/meshes/led_lamp.dae\n'}
[35.100143] (as2_gazebo_assets) StdoutLine: {'line': b'-- Symlinking: /home/developer/aerostack2_ws/install/as2_gazebo_assets/share/as2_gazebo_assets/models/hexrotor_base/meshes/neo11_propeller_ccw.dae\n'}
[35.107107] (as2_gazebo_assets) StdoutLine: {'line': b'-- Symlinking: /home/developer/aerostack2_ws/install/as2_gazebo_assets/share/as2_gazebo_assets/models/hexrotor_base/meshes/neo11_propeller_cw.dae\n'}
[35.112441] (as2_gazebo_assets) StdoutLine: {'line': b'-- Symlinking: /home/developer/aerostack2_ws/install/as2_gazebo_assets/share/as2_gazebo_assets/models/hexrotor_base/model.config\n'}
[35.118540] (as2_gazebo_assets) StdoutLine: {'line': b'-- Symlinking: /home/developer/aerostack2_ws/install/as2_gazebo_assets/share/as2_gazebo_assets/models/lidar_3d/lidar_3d.sdf\n'}
[35.124135] (as2_gazebo_assets) StdoutLine: {'line': b'-- Symlinking: /home/developer/aerostack2_ws/install/as2_gazebo_assets/share/as2_gazebo_assets/models/lidar_3d/model.config\n'}
[35.128786] (as2_gazebo_assets) StdoutLine: {'line': b'-- Symlinking: /home/developer/aerostack2_ws/install/as2_gazebo_assets/share/as2_gazebo_assets/models/magnetometer/magnetometer.sdf\n'}
[35.130083] (-) TimerEvent: {}
[35.134365] (as2_gazebo_assets) StdoutLine: {'line': b'-- Symlinking: /home/developer/aerostack2_ws/install/as2_gazebo_assets/share/as2_gazebo_assets/models/magnetometer/model.config\n'}
[35.138609] (as2_gazebo_assets) StdoutLine: {'line': b'-- Symlinking: /home/developer/aerostack2_ws/install/as2_gazebo_assets/share/as2_gazebo_assets/models/planar_lidar/model.config\n'}
[35.143989] (as2_gazebo_assets) StdoutLine: {'line': b'-- Symlinking: /home/developer/aerostack2_ws/install/as2_gazebo_assets/share/as2_gazebo_assets/models/planar_lidar/planar_lidar.sdf\n'}
[35.150249] (as2_gazebo_assets) StdoutLine: {'line': b'-- Symlinking: /home/developer/aerostack2_ws/install/as2_gazebo_assets/share/as2_gazebo_assets/models/point_lidar/model.config\n'}
[35.154527] (as2_gazebo_assets) StdoutLine: {'line': b'-- Symlinking: /home/developer/aerostack2_ws/install/as2_gazebo_assets/share/as2_gazebo_assets/models/point_lidar/point_lidar.sdf\n'}
[35.158522] (as2_gazebo_assets) StdoutLine: {'line': b'-- Symlinking: /home/developer/aerostack2_ws/install/as2_gazebo_assets/share/as2_gazebo_assets/models/px4vision/meshes/body.dae\n'}
[35.163951] (as2_gazebo_assets) StdoutLine: {'line': b'-- Symlinking: /home/developer/aerostack2_ws/install/as2_gazebo_assets/share/as2_gazebo_assets/models/px4vision/meshes/iris_prop_ccw.dae\n'}
[35.170099] (as2_gazebo_assets) StdoutLine: {'line': b'-- Symlinking: /home/developer/aerostack2_ws/install/as2_gazebo_assets/share/as2_gazebo_assets/models/px4vision/meshes/iris_prop_cw.dae\n'}
[35.177247] (as2_gazebo_assets) StdoutLine: {'line': b'-- Symlinking: /home/developer/aerostack2_ws/install/as2_gazebo_assets/share/as2_gazebo_assets/models/px4vision/model.config\n'}
[35.182540] (as2_gazebo_assets) StdoutLine: {'line': b'-- Symlinking: /home/developer/aerostack2_ws/install/as2_gazebo_assets/share/as2_gazebo_assets/models/px4vision/px4vision.sdf\n'}
[35.189226] (as2_gazebo_assets) StdoutLine: {'line': b'-- Symlinking: /home/developer/aerostack2_ws/install/as2_gazebo_assets/share/as2_gazebo_assets/models/px4vision/px4vision.sdf.jinja\n'}
[35.196306] (as2_gazebo_assets) StdoutLine: {'line': b'-- Symlinking: /home/developer/aerostack2_ws/install/as2_gazebo_assets/share/as2_gazebo_assets/models/px4vision/thumbnails/px4_vision_front.png\n'}
[35.201622] (as2_gazebo_assets) StdoutLine: {'line': b'-- Symlinking: /home/developer/aerostack2_ws/install/as2_gazebo_assets/share/as2_gazebo_assets/models/px4vision/thumbnails/px4_vision_top.png\n'}
[35.206758] (as2_gazebo_assets) StdoutLine: {'line': b'-- Symlinking: /home/developer/aerostack2_ws/install/as2_gazebo_assets/share/as2_gazebo_assets/models/px4vision/thumbnails/px4vision_diagonal.png\n'}
[35.211764] (as2_gazebo_assets) StdoutLine: {'line': b'-- Symlinking: /home/developer/aerostack2_ws/install/as2_gazebo_assets/share/as2_gazebo_assets/models/quadrotor_base/materials/textures/led.jpg\n'}
[35.218023] (as2_gazebo_assets) StdoutLine: {'line': b'-- Symlinking: /home/developer/aerostack2_ws/install/as2_gazebo_assets/share/as2_gazebo_assets/models/quadrotor_base/meshes/led.dae\n'}
[35.223918] (as2_gazebo_assets) StdoutLine: {'line': b'-- Symlinking: /home/developer/aerostack2_ws/install/as2_gazebo_assets/share/as2_gazebo_assets/models/quadrotor_base/meshes/led_lamp.dae\n'}
[35.229773] (as2_gazebo_assets) StdoutLine: {'line': b'-- Symlinking: /home/developer/aerostack2_ws/install/as2_gazebo_assets/share/as2_gazebo_assets/models/quadrotor_base/meshes/propeller_ccw.dae\n'}
[35.230147] (-) TimerEvent: {}
[35.234257] (as2_gazebo_assets) StdoutLine: {'line': b'-- Symlinking: /home/developer/aerostack2_ws/install/as2_gazebo_assets/share/as2_gazebo_assets/models/quadrotor_base/meshes/propeller_cw.dae\n'}
[35.238818] (as2_gazebo_assets) StdoutLine: {'line': b'-- Symlinking: /home/developer/aerostack2_ws/install/as2_gazebo_assets/share/as2_gazebo_assets/models/quadrotor_base/meshes/quadrotor.dae\n'}
[35.243991] (as2_gazebo_assets) StdoutLine: {'line': b'-- Symlinking: /home/developer/aerostack2_ws/install/as2_gazebo_assets/share/as2_gazebo_assets/models/quadrotor_base/meshes/quadrotor.jpg\n'}
[35.251453] (as2_gazebo_assets) StdoutLine: {'line': b'-- Symlinking: /home/developer/aerostack2_ws/install/as2_gazebo_assets/share/as2_gazebo_assets/models/quadrotor_base/model.config\n'}
[35.256583] (as2_gazebo_assets) StdoutLine: {'line': b'-- Symlinking: /home/developer/aerostack2_ws/install/as2_gazebo_assets/share/as2_gazebo_assets/models/quadrotor_base/quadrotor_base.sdf\n'}
[35.261971] (as2_gazebo_assets) StdoutLine: {'line': b'-- Symlinking: /home/developer/aerostack2_ws/install/as2_gazebo_assets/share/as2_gazebo_assets/models/quadrotor_base/quadrotor_base.sdf.jinja\n'}
[35.266981] (as2_gazebo_assets) StdoutLine: {'line': b'-- Symlinking: /home/developer/aerostack2_ws/install/as2_gazebo_assets/share/as2_gazebo_assets/models/rgbd_camera/model.config\n'}
[35.272382] (as2_gazebo_assets) StdoutLine: {'line': b'-- Symlinking: /home/developer/aerostack2_ws/install/as2_gazebo_assets/share/as2_gazebo_assets/models/rgbd_camera/rgbd_camera.sdf\n'}
[35.278278] (as2_gazebo_assets) StdoutLine: {'line': b'-- Symlinking: /home/developer/aerostack2_ws/install/as2_gazebo_assets/share/as2_gazebo_assets/models/rgbd_camera/rgbd_camera.sdf.jinja\n'}
[35.285242] (as2_gazebo_assets) StdoutLine: {'line': b'-- Symlinking: /home/developer/aerostack2_ws/install/as2_gazebo_assets/share/as2_gazebo_assets/models/semantic_camera/model.config\n'}
[35.289425] (as2_gazebo_assets) StdoutLine: {'line': b'-- Symlinking: /home/developer/aerostack2_ws/install/as2_gazebo_assets/share/as2_gazebo_assets/models/semantic_camera/semantic_camera.sdf\n'}
[35.293913] (as2_gazebo_assets) StdoutLine: {'line': b'-- Symlinking: /home/developer/aerostack2_ws/install/as2_gazebo_assets/share/as2_gazebo_assets/models/semantic_camera/semantic_camera.sdf.jinja\n'}
[35.298279] (as2_gazebo_assets) StdoutLine: {'line': b'-- Symlinking: /home/developer/aerostack2_ws/install/as2_gazebo_assets/share/as2_gazebo_assets/models/suction_gripper/model.config\n'}
[35.303745] (as2_gazebo_assets) StdoutLine: {'line': b'-- Symlinking: /home/developer/aerostack2_ws/install/as2_gazebo_assets/share/as2_gazebo_assets/models/suction_gripper/suction_gripper.sdf\n'}
[35.310654] (as2_gazebo_assets) StdoutLine: {'line': b'-- Symlinking: /home/developer/aerostack2_ws/install/as2_gazebo_assets/share/as2_gazebo_assets/models/suction_gripper/suction_gripper.sdf.jinja\n'}
[35.316427] (as2_gazebo_assets) StdoutLine: {'line': b'-- Symlinking: /home/developer/aerostack2_ws/install/as2_gazebo_assets/share/as2_gazebo_assets/models/two_fingers_gripper/materials/textures/base_color.png\n'}
[35.320922] (as2_gazebo_assets) StdoutLine: {'line': b'-- Symlinking: /home/developer/aerostack2_ws/install/as2_gazebo_assets/share/as2_gazebo_assets/models/two_fingers_gripper/materials/textures/base_normals.png\n'}
[35.325077] (as2_gazebo_assets) StdoutLine: {'line': b'-- Symlinking: /home/developer/aerostack2_ws/install/as2_gazebo_assets/share/as2_gazebo_assets/models/two_fingers_gripper/materials/textures/elbow_flex_color.png\n'}
[35.329703] (as2_gazebo_assets) StdoutLine: {'line': b'-- Symlinking: /home/developer/aerostack2_ws/install/as2_gazebo_assets/share/as2_gazebo_assets/models/two_fingers_gripper/materials/textures/elbow_flex_normals.png\n'}
[35.330255] (-) TimerEvent: {}
[35.333977] (as2_gazebo_assets) StdoutLine: {'line': b'-- Symlinking: /home/developer/aerostack2_ws/install/as2_gazebo_assets/share/as2_gazebo_assets/models/two_fingers_gripper/materials/textures/finger_H_Color_100430.png\n'}
[35.339738] (as2_gazebo_assets) StdoutLine: {'line': b'-- Symlinking: /home/developer/aerostack2_ws/install/as2_gazebo_assets/share/as2_gazebo_assets/models/two_fingers_gripper/materials/textures/fingertip_H_Color_100430.png\n'}
[35.345379] (as2_gazebo_assets) StdoutLine: {'line': b'-- Symlinking: /home/developer/aerostack2_ws/install/as2_gazebo_assets/share/as2_gazebo_assets/models/two_fingers_gripper/materials/textures/float_H_Color_100430.png\n'}
[35.352265] (as2_gazebo_assets) StdoutLine: {'line': b'-- Symlinking: /home/developer/aerostack2_ws/install/as2_gazebo_assets/share/as2_gazebo_assets/models/two_fingers_gripper/materials/textures/forearm.png\n'}
[35.357746] (as2_gazebo_assets) StdoutLine: {'line': b'-- Symlinking: /home/developer/aerostack2_ws/install/as2_gazebo_assets/share/as2_gazebo_assets/models/two_fingers_gripper/materials/textures/forearm_color.png\n'}
[35.362538] (as2_gazebo_assets) StdoutLine: {'line': b'-- Symlinking: /home/developer/aerostack2_ws/install/as2_gazebo_assets/share/as2_gazebo_assets/models/two_fingers_gripper/materials/textures/forearm_normals.png\n'}
[35.369707] (as2_gazebo_assets) StdoutLine: {'line': b'-- Symlinking: /home/developer/aerostack2_ws/install/as2_gazebo_assets/share/as2_gazebo_assets/models/two_fingers_gripper/materials/textures/gripper_palm_color.png\n'}
[35.376098] (as2_gazebo_assets) StdoutLine: {'line': b'-- Symlinking: /home/developer/aerostack2_ws/install/as2_gazebo_assets/share/as2_gazebo_assets/models/two_fingers_gripper/materials/textures/gripper_palm_normals.png\n'}
[35.381493] (as2_gazebo_assets) StdoutLine: {'line': b'-- Symlinking: /home/developer/aerostack2_ws/install/as2_gazebo_assets/share/as2_gazebo_assets/models/two_fingers_gripper/materials/textures/head_pan_color.png\n'}
[35.385987] (as2_gazebo_assets) StdoutLine: {'line': b'-- Symlinking: /home/developer/aerostack2_ws/install/as2_gazebo_assets/share/as2_gazebo_assets/models/two_fingers_gripper/materials/textures/head_pan_normals.png\n'}
[35.393062] (as2_gazebo_assets) StdoutLine: {'line': b'-- Symlinking: /home/developer/aerostack2_ws/install/as2_gazebo_assets/share/as2_gazebo_assets/models/two_fingers_gripper/materials/textures/head_tilt_color.png\n'}
[35.398404] (as2_gazebo_assets) StdoutLine: {'line': b'-- Symlinking: /home/developer/aerostack2_ws/install/as2_gazebo_assets/share/as2_gazebo_assets/models/two_fingers_gripper/materials/textures/head_tilt_color_red.png\n'}
[35.404010] (as2_gazebo_assets) StdoutLine: {'line': b'-- Symlinking: /home/developer/aerostack2_ws/install/as2_gazebo_assets/share/as2_gazebo_assets/models/two_fingers_gripper/materials/textures/head_tilt_color_yellow.png\n'}
[35.408551] (as2_gazebo_assets) StdoutLine: {'line': b'-- Symlinking: /home/developer/aerostack2_ws/install/as2_gazebo_assets/share/as2_gazebo_assets/models/two_fingers_gripper/materials/textures/head_tilt_green.png\n'}
[35.415346] (as2_gazebo_assets) StdoutLine: {'line': b'-- Symlinking: /home/developer/aerostack2_ws/install/as2_gazebo_assets/share/as2_gazebo_assets/models/two_fingers_gripper/materials/textures/head_tilt_normals.png\n'}
[35.419701] (as2_gazebo_assets) StdoutLine: {'line': b'-- Symlinking: /home/developer/aerostack2_ws/install/as2_gazebo_assets/share/as2_gazebo_assets/models/two_fingers_gripper/materials/textures/l_finger_color.png\n'}
[35.425092] (as2_gazebo_assets) StdoutLine: {'line': b'-- Symlinking: /home/developer/aerostack2_ws/install/as2_gazebo_assets/share/as2_gazebo_assets/models/two_fingers_gripper/materials/textures/l_finger_normals.png\n'}
[35.429495] (as2_gazebo_assets) StdoutLine: {'line': b'-- Symlinking: /home/developer/aerostack2_ws/install/as2_gazebo_assets/share/as2_gazebo_assets/models/two_fingers_gripper/materials/textures/l_finger_tip_color.png\n'}
[35.430323] (-) TimerEvent: {}
[35.435299] (as2_gazebo_assets) StdoutLine: {'line': b'-- Symlinking: /home/developer/aerostack2_ws/install/as2_gazebo_assets/share/as2_gazebo_assets/models/two_fingers_gripper/materials/textures/l_finger_tip_normals.png\n'}
[35.440400] (as2_gazebo_assets) StdoutLine: {'line': b'-- Symlinking: /home/developer/aerostack2_ws/install/as2_gazebo_assets/share/as2_gazebo_assets/models/two_fingers_gripper/materials/textures/l_float_color.png\n'}
[35.445209] (as2_gazebo_assets) StdoutLine: {'line': b'-- Symlinking: /home/developer/aerostack2_ws/install/as2_gazebo_assets/share/as2_gazebo_assets/models/two_fingers_gripper/materials/textures/l_float_normals.png\n'}
[35.449636] (as2_gazebo_assets) StdoutLine: {'line': b'-- Symlinking: /home/developer/aerostack2_ws/install/as2_gazebo_assets/share/as2_gazebo_assets/models/two_fingers_gripper/materials/textures/palm_H_Color_100430.png\n'}
[35.455890] (as2_gazebo_assets) StdoutLine: {'line': b'-- Symlinking: /home/developer/aerostack2_ws/install/as2_gazebo_assets/share/as2_gazebo_assets/models/two_fingers_gripper/materials/textures/shoulder_lift_color.png\n'}
[35.459990] (as2_gazebo_assets) StdoutLine: {'line': b'-- Symlinking: /home/developer/aerostack2_ws/install/as2_gazebo_assets/share/as2_gazebo_assets/models/two_fingers_gripper/materials/textures/shoulder_lift_normals.png\n'}
[35.464858] (as2_gazebo_assets) StdoutLine: {'line': b'-- Symlinking: /home/developer/aerostack2_ws/install/as2_gazebo_assets/share/as2_gazebo_assets/models/two_fingers_gripper/materials/textures/shoulder_pan_color.png\n'}
[35.469655] (as2_gazebo_assets) StdoutLine: {'line': b'-- Symlinking: /home/developer/aerostack2_ws/install/as2_gazebo_assets/share/as2_gazebo_assets/models/two_fingers_gripper/materials/textures/shoulder_pan_normals.png\n'}
[35.475000] (as2_gazebo_assets) StdoutLine: {'line': b'-- Symlinking: /home/developer/aerostack2_ws/install/as2_gazebo_assets/share/as2_gazebo_assets/models/two_fingers_gripper/materials/textures/tilting_hokuyo_color.png\n'}
[35.481599] (as2_gazebo_assets) StdoutLine: {'line': b'-- Symlinking: /home/developer/aerostack2_ws/install/as2_gazebo_assets/share/as2_gazebo_assets/models/two_fingers_gripper/materials/textures/tilting_hokuyo_normals.png\n'}
[35.487385] (as2_gazebo_assets) StdoutLine: {'line': b'-- Symlinking: /home/developer/aerostack2_ws/install/as2_gazebo_assets/share/as2_gazebo_assets/models/two_fingers_gripper/materials/textures/torso_lift_color.png\n'}
[35.492132] (as2_gazebo_assets) StdoutLine: {'line': b'-- Symlinking: /home/developer/aerostack2_ws/install/as2_gazebo_assets/share/as2_gazebo_assets/models/two_fingers_gripper/materials/textures/torso_lift_normals.png\n'}
[35.497762] (as2_gazebo_assets) StdoutLine: {'line': b'-- Symlinking: /home/developer/aerostack2_ws/install/as2_gazebo_assets/share/as2_gazebo_assets/models/two_fingers_gripper/materials/textures/upper_arm.png\n'}
[35.503245] (as2_gazebo_assets) StdoutLine: {'line': b'-- Symlinking: /home/developer/aerostack2_ws/install/as2_gazebo_assets/share/as2_gazebo_assets/models/two_fingers_gripper/materials/textures/upper_arm_color.png\n'}
[35.511180] (as2_gazebo_assets) StdoutLine: {'line': b'-- Symlinking: /home/developer/aerostack2_ws/install/as2_gazebo_assets/share/as2_gazebo_assets/models/two_fingers_gripper/materials/textures/upper_arm_normals.png\n'}
[35.517264] (as2_gazebo_assets) StdoutLine: {'line': b'-- Symlinking: /home/developer/aerostack2_ws/install/as2_gazebo_assets/share/as2_gazebo_assets/models/two_fingers_gripper/materials/textures/upper_arm_roll_color.png\n'}
[35.523002] (as2_gazebo_assets) StdoutLine: {'line': b'-- Symlinking: /home/developer/aerostack2_ws/install/as2_gazebo_assets/share/as2_gazebo_assets/models/two_fingers_gripper/materials/textures/upper_arm_roll_normals.png\n'}
[35.528721] (as2_gazebo_assets) StdoutLine: {'line': b'-- Symlinking: /home/developer/aerostack2_ws/install/as2_gazebo_assets/share/as2_gazebo_assets/models/two_fingers_gripper/materials/textures/wheel_color.png\n'}
[35.530431] (-) TimerEvent: {}
[35.533636] (as2_gazebo_assets) StdoutLine: {'line': b'-- Symlinking: /home/developer/aerostack2_ws/install/as2_gazebo_assets/share/as2_gazebo_assets/models/two_fingers_gripper/materials/textures/wheel_h_color.png\n'}
[35.538611] (as2_gazebo_assets) StdoutLine: {'line': b'-- Symlinking: /home/developer/aerostack2_ws/install/as2_gazebo_assets/share/as2_gazebo_assets/models/two_fingers_gripper/materials/textures/wheel_normals.png\n'}
[35.543836] (as2_gazebo_assets) StdoutLine: {'line': b'-- Symlinking: /home/developer/aerostack2_ws/install/as2_gazebo_assets/share/as2_gazebo_assets/models/two_fingers_gripper/materials/textures/wrist_color.png\n'}
[35.550487] (as2_gazebo_assets) StdoutLine: {'line': b'-- Symlinking: /home/developer/aerostack2_ws/install/as2_gazebo_assets/share/as2_gazebo_assets/models/two_fingers_gripper/materials/textures/wrist_normals.png\n'}
[35.558180] (as2_gazebo_assets) StdoutLine: {'line': b'-- Symlinking: /home/developer/aerostack2_ws/install/as2_gazebo_assets/share/as2_gazebo_assets/models/two_fingers_gripper/meshes/forearm_v0/wrist_roll.stl\n'}
[35.562759] (as2_gazebo_assets) StdoutLine: {'line': b'-- Symlinking: /home/developer/aerostack2_ws/install/as2_gazebo_assets/share/as2_gazebo_assets/models/two_fingers_gripper/meshes/forearm_v0/wrist_roll_L.stl\n'}
[35.570012] (as2_gazebo_assets) StdoutLine: {'line': b'-- Symlinking: /home/developer/aerostack2_ws/install/as2_gazebo_assets/share/as2_gazebo_assets/models/two_fingers_gripper/meshes/gripper_v0/float_H_UV_100430.dae\n'}
[35.574886] (as2_gazebo_assets) StdoutLine: {'line': b'-- Symlinking: /home/developer/aerostack2_ws/install/as2_gazebo_assets/share/as2_gazebo_assets/models/two_fingers_gripper/meshes/gripper_v0/gripper_palm.dae\n'}
[35.579888] (as2_gazebo_assets) StdoutLine: {'line': b'-- Symlinking: /home/developer/aerostack2_ws/install/as2_gazebo_assets/share/as2_gazebo_assets/models/two_fingers_gripper/meshes/gripper_v0/gripper_palm.stl\n'}
[35.585241] (as2_gazebo_assets) StdoutLine: {'line': b'-- Symlinking: /home/developer/aerostack2_ws/install/as2_gazebo_assets/share/as2_gazebo_assets/models/two_fingers_gripper/meshes/gripper_v0/l_finger.dae\n'}
[35.590044] (as2_gazebo_assets) StdoutLine: {'line': b'-- Symlinking: /home/developer/aerostack2_ws/install/as2_gazebo_assets/share/as2_gazebo_assets/models/two_fingers_gripper/meshes/gripper_v0/l_finger.stl\n'}
[35.595252] (as2_gazebo_assets) StdoutLine: {'line': b'-- Symlinking: /home/developer/aerostack2_ws/install/as2_gazebo_assets/share/as2_gazebo_assets/models/two_fingers_gripper/meshes/gripper_v0/l_finger_tip.dae\n'}
[35.601182] (as2_gazebo_assets) StdoutLine: {'line': b'-- Symlinking: /home/developer/aerostack2_ws/install/as2_gazebo_assets/share/as2_gazebo_assets/models/two_fingers_gripper/meshes/gripper_v0/l_finger_tip.stl\n'}
[35.606051] (as2_gazebo_assets) StdoutLine: {'line': b'-- Symlinking: /home/developer/aerostack2_ws/install/as2_gazebo_assets/share/as2_gazebo_assets/models/two_fingers_gripper/meshes/gripper_v0/l_float.dae\n'}
[35.610778] (as2_gazebo_assets) StdoutLine: {'line': b'-- Symlinking: /home/developer/aerostack2_ws/install/as2_gazebo_assets/share/as2_gazebo_assets/models/two_fingers_gripper/meshes/gripper_v0/l_floating.stl\n'}
[35.615948] (as2_gazebo_assets) StdoutLine: {'line': b'-- Symlinking: /home/developer/aerostack2_ws/install/as2_gazebo_assets/share/as2_gazebo_assets/models/two_fingers_gripper/meshes/gripper_v0/palm_H_UV_100430.dae\n'}
[35.623694] (as2_gazebo_assets) StdoutLine: {'line': b'-- Symlinking: /home/developer/aerostack2_ws/install/as2_gazebo_assets/share/as2_gazebo_assets/models/two_fingers_gripper/meshes/gripper_v0/upper_finger_l.stl\n'}
[35.630547] (-) TimerEvent: {}
[35.630718] (as2_gazebo_assets) StdoutLine: {'line': b'-- Symlinking: /home/developer/aerostack2_ws/install/as2_gazebo_assets/share/as2_gazebo_assets/models/two_fingers_gripper/meshes/gripper_v0/upper_finger_r.stl\n'}
[35.637321] (as2_gazebo_assets) StdoutLine: {'line': b'-- Symlinking: /home/developer/aerostack2_ws/install/as2_gazebo_assets/share/as2_gazebo_assets/models/two_fingers_gripper/model.config\n'}
[35.642906] (as2_gazebo_assets) StdoutLine: {'line': b'-- Symlinking: /home/developer/aerostack2_ws/install/as2_gazebo_assets/share/as2_gazebo_assets/models/two_fingers_gripper/thumbnails/1.png\n'}
[35.649108] (as2_gazebo_assets) StdoutLine: {'line': b'-- Symlinking: /home/developer/aerostack2_ws/install/as2_gazebo_assets/share/as2_gazebo_assets/models/two_fingers_gripper/thumbnails/2.png\n'}
[35.657168] (as2_gazebo_assets) StdoutLine: {'line': b'-- Symlinking: /home/developer/aerostack2_ws/install/as2_gazebo_assets/share/as2_gazebo_assets/models/two_fingers_gripper/thumbnails/3.png\n'}
[35.664209] (as2_gazebo_assets) StdoutLine: {'line': b'-- Symlinking: /home/developer/aerostack2_ws/install/as2_gazebo_assets/share/as2_gazebo_assets/models/two_fingers_gripper/thumbnails/4.png\n'}
[35.669031] (as2_gazebo_assets) StdoutLine: {'line': b'-- Symlinking: /home/developer/aerostack2_ws/install/as2_gazebo_assets/share/as2_gazebo_assets/models/two_fingers_gripper/thumbnails/5.png\n'}
[35.677079] (as2_gazebo_assets) StdoutLine: {'line': b'-- Symlinking: /home/developer/aerostack2_ws/install/as2_gazebo_assets/share/as2_gazebo_assets/models/two_fingers_gripper/two_fingers_gripper.sdf\n'}
[35.684312] (as2_gazebo_assets) StdoutLine: {'line': b'-- Symlinking: /home/developer/aerostack2_ws/install/as2_gazebo_assets/share/as2_gazebo_assets/models/two_fingers_gripper/two_fingers_gripper.sdf.jinja\n'}
[35.689152] (as2_gazebo_assets) StdoutLine: {'line': b'-- Symlinking: /home/developer/aerostack2_ws/install/as2_gazebo_assets/share/as2_gazebo_assets/models/vga_camera/model.config\n'}
[35.695547] (as2_gazebo_assets) StdoutLine: {'line': b'-- Symlinking: /home/developer/aerostack2_ws/install/as2_gazebo_assets/share/as2_gazebo_assets/models/vga_camera/vga_camera.sdf\n'}
[35.700512] (as2_gazebo_assets) StdoutLine: {'line': b'-- Symlinking: /home/developer/aerostack2_ws/install/as2_gazebo_assets/share/as2_gazebo_assets/models/vga_camera/vga_camera.sdf.jinja\n'}
[35.708728] (as2_gazebo_assets) StdoutLine: {'line': b'-- Symlinking: /home/developer/aerostack2_ws/install/as2_gazebo_assets/share/as2_gazebo_assets/models/windmill/meshes/Plastic010_1K_Displacement.jpg\n'}
[35.715520] (as2_gazebo_assets) StdoutLine: {'line': b'-- Symlinking: /home/developer/aerostack2_ws/install/as2_gazebo_assets/share/as2_gazebo_assets/models/windmill/meshes/blades.dae\n'}
[35.723281] (as2_gazebo_assets) StdoutLine: {'line': b'-- Symlinking: /home/developer/aerostack2_ws/install/as2_gazebo_assets/share/as2_gazebo_assets/models/windmill/meshes/rotor.dae\n'}
[35.730627] (-) TimerEvent: {}
[35.731086] (as2_gazebo_assets) StdoutLine: {'line': b'-- Symlinking: /home/developer/aerostack2_ws/install/as2_gazebo_assets/share/as2_gazebo_assets/models/windmill/meshes/tower.dae\n'}
[35.736846] (as2_gazebo_assets) StdoutLine: {'line': b'-- Symlinking: /home/developer/aerostack2_ws/install/as2_gazebo_assets/share/as2_gazebo_assets/models/windmill/model.config\n'}
[35.743922] (as2_gazebo_assets) StdoutLine: {'line': b'-- Symlinking: /home/developer/aerostack2_ws/install/as2_gazebo_assets/share/as2_gazebo_assets/models/windmill/windmill.sdf\n'}
[35.749110] (as2_gazebo_assets) StdoutLine: {'line': b'-- Symlinking: /home/developer/aerostack2_ws/install/as2_gazebo_assets/share/as2_gazebo_assets/models/x500/materials/textures/CF.png\n'}
[35.753872] (as2_gazebo_assets) StdoutLine: {'line': b'-- Symlinking: /home/developer/aerostack2_ws/install/as2_gazebo_assets/share/as2_gazebo_assets/models/x500/materials/textures/nxp.png\n'}
[35.760003] (as2_gazebo_assets) StdoutLine: {'line': b'-- Symlinking: /home/developer/aerostack2_ws/install/as2_gazebo_assets/share/as2_gazebo_assets/models/x500/materials/textures/rd.png\n'}
[35.767945] (as2_gazebo_assets) StdoutLine: {'line': b'-- Symlinking: /home/developer/aerostack2_ws/install/as2_gazebo_assets/share/as2_gazebo_assets/models/x500/meshes/1345_prop_ccw.stl\n'}
[35.772897] (as2_gazebo_assets) StdoutLine: {'line': b'-- Symlinking: /home/developer/aerostack2_ws/install/as2_gazebo_assets/share/as2_gazebo_assets/models/x500/meshes/1345_prop_cw.stl\n'}
[35.780341] (as2_gazebo_assets) StdoutLine: {'line': b'-- Symlinking: /home/developer/aerostack2_ws/install/as2_gazebo_assets/share/as2_gazebo_assets/models/x500/meshes/5010Base.dae\n'}
[35.788054] (as2_gazebo_assets) StdoutLine: {'line': b'-- Symlinking: /home/developer/aerostack2_ws/install/as2_gazebo_assets/share/as2_gazebo_assets/models/x500/meshes/5010Bell.dae\n'}
[35.792608] (as2_gazebo_assets) StdoutLine: {'line': b'-- Symlinking: /home/developer/aerostack2_ws/install/as2_gazebo_assets/share/as2_gazebo_assets/models/x500/meshes/CF.png\n'}
[35.800361] (as2_gazebo_assets) StdoutLine: {'line': b'-- Symlinking: /home/developer/aerostack2_ws/install/as2_gazebo_assets/share/as2_gazebo_assets/models/x500/meshes/NXP-HGD-CF.dae\n'}
[35.805231] (as2_gazebo_assets) StdoutLine: {'line': b'-- Symlinking: /home/developer/aerostack2_ws/install/as2_gazebo_assets/share/as2_gazebo_assets/models/x500/model.config\n'}
[35.812655] (as2_gazebo_assets) StdoutLine: {'line': b'-- Symlinking: /home/developer/aerostack2_ws/install/as2_gazebo_assets/share/as2_gazebo_assets/models/x500/thumbnails/1.png\n'}
[35.817926] (as2_gazebo_assets) StdoutLine: {'line': b'-- Symlinking: /home/developer/aerostack2_ws/install/as2_gazebo_assets/share/as2_gazebo_assets/models/x500/thumbnails/2.png\n'}
[35.824722] (as2_gazebo_assets) StdoutLine: {'line': b'-- Symlinking: /home/developer/aerostack2_ws/install/as2_gazebo_assets/share/as2_gazebo_assets/models/x500/thumbnails/3.png\n'}
[35.830745] (-) TimerEvent: {}
[35.831365] (as2_gazebo_assets) StdoutLine: {'line': b'-- Symlinking: /home/developer/aerostack2_ws/install/as2_gazebo_assets/share/as2_gazebo_assets/models/x500/thumbnails/4.png\n'}
[35.837697] (as2_gazebo_assets) StdoutLine: {'line': b'-- Symlinking: /home/developer/aerostack2_ws/install/as2_gazebo_assets/share/as2_gazebo_assets/models/x500/thumbnails/5.png\n'}
[35.843567] (as2_gazebo_assets) StdoutLine: {'line': b'-- Symlinking: /home/developer/aerostack2_ws/install/as2_gazebo_assets/share/as2_gazebo_assets/models/x500/x500.sdf\n'}
[35.851204] (as2_gazebo_assets) StdoutLine: {'line': b'-- Symlinking: /home/developer/aerostack2_ws/install/as2_gazebo_assets/share/as2_gazebo_assets/models/x500/x500.sdf.jinja\n'}
[35.856623] (as2_gazebo_assets) StdoutLine: {'line': b'-- Symlinking: /home/developer/aerostack2_ws/install/as2_gazebo_assets/share/as2_gazebo_assets/models/x500_px4/materials/textures/CF.png\n'}
[35.861765] (as2_gazebo_assets) StdoutLine: {'line': b'-- Symlinking: /home/developer/aerostack2_ws/install/as2_gazebo_assets/share/as2_gazebo_assets/models/x500_px4/materials/textures/nxp.png\n'}
[35.867220] (as2_gazebo_assets) StdoutLine: {'line': b'-- Symlinking: /home/developer/aerostack2_ws/install/as2_gazebo_assets/share/as2_gazebo_assets/models/x500_px4/materials/textures/rd.png\n'}
[35.872156] (as2_gazebo_assets) StdoutLine: {'line': b'-- Symlinking: /home/developer/aerostack2_ws/install/as2_gazebo_assets/share/as2_gazebo_assets/models/x500_px4/meshes/1345_prop_ccw.stl\n'}
[35.879455] (as2_gazebo_assets) StdoutLine: {'line': b'-- Symlinking: /home/developer/aerostack2_ws/install/as2_gazebo_assets/share/as2_gazebo_assets/models/x500_px4/meshes/1345_prop_cw.stl\n'}
[35.884800] (as2_gazebo_assets) StdoutLine: {'line': b'-- Symlinking: /home/developer/aerostack2_ws/install/as2_gazebo_assets/share/as2_gazebo_assets/models/x500_px4/meshes/5010Base.dae\n'}
[35.890694] (as2_gazebo_assets) StdoutLine: {'line': b'-- Symlinking: /home/developer/aerostack2_ws/install/as2_gazebo_assets/share/as2_gazebo_assets/models/x500_px4/meshes/5010Bell.dae\n'}
[35.896920] (as2_gazebo_assets) StdoutLine: {'line': b'-- Symlinking: /home/developer/aerostack2_ws/install/as2_gazebo_assets/share/as2_gazebo_assets/models/x500_px4/meshes/CF.png\n'}
[35.903049] (as2_gazebo_assets) StdoutLine: {'line': b'-- Symlinking: /home/developer/aerostack2_ws/install/as2_gazebo_assets/share/as2_gazebo_assets/models/x500_px4/meshes/NXP-HGD-CF.dae\n'}
[35.911383] (as2_gazebo_assets) StdoutLine: {'line': b'-- Symlinking: /home/developer/aerostack2_ws/install/as2_gazebo_assets/share/as2_gazebo_assets/models/x500_px4/model.config\n'}
[35.916484] (as2_gazebo_assets) StdoutLine: {'line': b'-- Symlinking: /home/developer/aerostack2_ws/install/as2_gazebo_assets/share/as2_gazebo_assets/models/x500_px4/thumbnails/1.png\n'}
[35.922299] (as2_gazebo_assets) StdoutLine: {'line': b'-- Symlinking: /home/developer/aerostack2_ws/install/as2_gazebo_assets/share/as2_gazebo_assets/models/x500_px4/thumbnails/2.png\n'}
[35.927282] (as2_gazebo_assets) StdoutLine: {'line': b'-- Symlinking: /home/developer/aerostack2_ws/install/as2_gazebo_assets/share/as2_gazebo_assets/models/x500_px4/thumbnails/3.png\n'}
[35.930877] (-) TimerEvent: {}
[35.935300] (as2_gazebo_assets) StdoutLine: {'line': b'-- Symlinking: /home/developer/aerostack2_ws/install/as2_gazebo_assets/share/as2_gazebo_assets/models/x500_px4/thumbnails/4.png\n'}
[35.940126] (as2_gazebo_assets) StdoutLine: {'line': b'-- Symlinking: /home/developer/aerostack2_ws/install/as2_gazebo_assets/share/as2_gazebo_assets/models/x500_px4/thumbnails/5.png\n'}
[35.945229] (as2_gazebo_assets) StdoutLine: {'line': b'-- Symlinking: /home/developer/aerostack2_ws/install/as2_gazebo_assets/share/as2_gazebo_assets/models/x500_px4/x500_px4.sdf\n'}
[35.951020] (as2_gazebo_assets) StdoutLine: {'line': b'-- Symlinking: /home/developer/aerostack2_ws/install/as2_gazebo_assets/share/as2_gazebo_assets/models/x500_px4/x500_px4.sdf.jinja\n'}
[35.958977] (as2_gazebo_assets) StdoutLine: {'line': b'-- Symlinking: /home/developer/aerostack2_ws/install/as2_gazebo_assets/share/as2_gazebo_assets/scripts/jinja_gen.py\n'}
[35.965146] (as2_gazebo_assets) StdoutLine: {'line': b'-- Symlinking: /home/developer/aerostack2_ws/install/as2_gazebo_assets/share/ament_index/resource_index/package_run_dependencies/as2_gazebo_assets\n'}
[35.971072] (as2_gazebo_assets) StdoutLine: {'line': b'-- Symlinking: /home/developer/aerostack2_ws/install/as2_gazebo_assets/share/ament_index/resource_index/parent_prefix_path/as2_gazebo_assets\n'}
[35.978718] (as2_gazebo_assets) StdoutLine: {'line': b'-- Symlinking: /home/developer/aerostack2_ws/install/as2_gazebo_assets/share/as2_gazebo_assets/environment/ament_prefix_path.sh\n'}
[35.984894] (as2_gazebo_assets) StdoutLine: {'line': b'-- Symlinking: /home/developer/aerostack2_ws/install/as2_gazebo_assets/share/as2_gazebo_assets/environment/ament_prefix_path.dsv\n'}
[35.990423] (as2_gazebo_assets) StdoutLine: {'line': b'-- Symlinking: /home/developer/aerostack2_ws/install/as2_gazebo_assets/share/as2_gazebo_assets/environment/path.sh\n'}
[35.997803] (as2_gazebo_assets) StdoutLine: {'line': b'-- Symlinking: /home/developer/aerostack2_ws/install/as2_gazebo_assets/share/as2_gazebo_assets/environment/path.dsv\n'}
[36.004392] (as2_gazebo_assets) StdoutLine: {'line': b'-- Symlinking: /home/developer/aerostack2_ws/install/as2_gazebo_assets/share/as2_gazebo_assets/local_setup.bash\n'}
[36.010035] (as2_gazebo_assets) StdoutLine: {'line': b'-- Symlinking: /home/developer/aerostack2_ws/install/as2_gazebo_assets/share/as2_gazebo_assets/local_setup.sh\n'}
[36.017434] (as2_gazebo_assets) StdoutLine: {'line': b'-- Symlinking: /home/developer/aerostack2_ws/install/as2_gazebo_assets/share/as2_gazebo_assets/local_setup.zsh\n'}
[36.024469] (as2_gazebo_assets) StdoutLine: {'line': b'-- Symlinking: /home/developer/aerostack2_ws/install/as2_gazebo_assets/share/as2_gazebo_assets/local_setup.dsv\n'}
[36.030123] (as2_gazebo_assets) StdoutLine: {'line': b'-- Symlinking: /home/developer/aerostack2_ws/install/as2_gazebo_assets/share/as2_gazebo_assets/package.dsv\n'}
[36.031086] (-) TimerEvent: {}
[36.037459] (as2_gazebo_assets) StdoutLine: {'line': b'-- Symlinking: /home/developer/aerostack2_ws/install/as2_gazebo_assets/share/ament_index/resource_index/packages/as2_gazebo_assets\n'}
[36.044941] (as2_gazebo_assets) StdoutLine: {'line': b'-- Symlinking: /home/developer/aerostack2_ws/install/as2_gazebo_assets/share/as2_gazebo_assets/cmake/as2_gazebo_assetsConfig.cmake\n'}
[36.050040] (as2_gazebo_assets) StdoutLine: {'line': b'-- Symlinking: /home/developer/aerostack2_ws/install/as2_gazebo_assets/share/as2_gazebo_assets/cmake/as2_gazebo_assetsConfig-version.cmake\n'}
[36.055238] (as2_gazebo_assets) StdoutLine: {'line': b'-- Symlinking: /home/developer/aerostack2_ws/install/as2_gazebo_assets/share/as2_gazebo_assets/package.xml\n'}
[36.100985] (as2_gazebo_assets) StdoutLine: {'line': b"Listing '/home/developer/aerostack2_ws/install/as2_gazebo_assets/local/lib/python3.10/dist-packages/as2_gazebo_assets'...\n"}
[36.101116] (as2_gazebo_assets) StdoutLine: {'line': b"Compiling '/home/developer/aerostack2_ws/install/as2_gazebo_assets/local/lib/python3.10/dist-packages/as2_gazebo_assets/__init__.py'...\n"}
[36.101153] (as2_gazebo_assets) StdoutLine: {'line': b"Listing '/home/developer/aerostack2_ws/install/as2_gazebo_assets/local/lib/python3.10/dist-packages/as2_gazebo_assets/bridges'...\n"}
[36.101178] (as2_gazebo_assets) StdoutLine: {'line': b"Compiling '/home/developer/aerostack2_ws/install/as2_gazebo_assets/local/lib/python3.10/dist-packages/as2_gazebo_assets/bridges/__init__.py'...\n"}
[36.101200] (as2_gazebo_assets) StdoutLine: {'line': b"Compiling '/home/developer/aerostack2_ws/install/as2_gazebo_assets/local/lib/python3.10/dist-packages/as2_gazebo_assets/bridges/bridge.py'...\n"}
[36.101223] (as2_gazebo_assets) StdoutLine: {'line': b"Compiling '/home/developer/aerostack2_ws/install/as2_gazebo_assets/local/lib/python3.10/dist-packages/as2_gazebo_assets/bridges/bridges.py'...\n"}
[36.101244] (as2_gazebo_assets) StdoutLine: {'line': b"Compiling '/home/developer/aerostack2_ws/install/as2_gazebo_assets/local/lib/python3.10/dist-packages/as2_gazebo_assets/bridges/custom_bridges.py'...\n"}
[36.101265] (as2_gazebo_assets) StdoutLine: {'line': b"Listing '/home/developer/aerostack2_ws/install/as2_gazebo_assets/local/lib/python3.10/dist-packages/as2_gazebo_assets/models'...\n"}
[36.101287] (as2_gazebo_assets) StdoutLine: {'line': b"Compiling '/home/developer/aerostack2_ws/install/as2_gazebo_assets/local/lib/python3.10/dist-packages/as2_gazebo_assets/models/__init__.py'...\n"}
[36.101311] (as2_gazebo_assets) StdoutLine: {'line': b"Compiling '/home/developer/aerostack2_ws/install/as2_gazebo_assets/local/lib/python3.10/dist-packages/as2_gazebo_assets/models/drone.py'...\n"}
[36.101331] (as2_gazebo_assets) StdoutLine: {'line': b"Compiling '/home/developer/aerostack2_ws/install/as2_gazebo_assets/local/lib/python3.10/dist-packages/as2_gazebo_assets/models/entity.py'...\n"}
[36.101351] (as2_gazebo_assets) StdoutLine: {'line': b"Compiling '/home/developer/aerostack2_ws/install/as2_gazebo_assets/local/lib/python3.10/dist-packages/as2_gazebo_assets/models/object.py'...\n"}
[36.101371] (as2_gazebo_assets) StdoutLine: {'line': b"Compiling '/home/developer/aerostack2_ws/install/as2_gazebo_assets/local/lib/python3.10/dist-packages/as2_gazebo_assets/models/payload.py'...\n"}
[36.101391] (as2_gazebo_assets) StdoutLine: {'line': b"Listing '/home/developer/aerostack2_ws/install/as2_gazebo_assets/local/lib/python3.10/dist-packages/as2_gazebo_assets/tests'...\n"}
[36.101411] (as2_gazebo_assets) StdoutLine: {'line': b"Compiling '/home/developer/aerostack2_ws/install/as2_gazebo_assets/local/lib/python3.10/dist-packages/as2_gazebo_assets/tests/test_models.py'...\n"}
[36.101431] (as2_gazebo_assets) StdoutLine: {'line': b"Listing '/home/developer/aerostack2_ws/install/as2_gazebo_assets/local/lib/python3.10/dist-packages/as2_gazebo_assets/utils'...\n"}
[36.101453] (as2_gazebo_assets) StdoutLine: {'line': b"Compiling '/home/developer/aerostack2_ws/install/as2_gazebo_assets/local/lib/python3.10/dist-packages/as2_gazebo_assets/utils/launch_exception.py'...\n"}
[36.101475] (as2_gazebo_assets) StdoutLine: {'line': b"Compiling '/home/developer/aerostack2_ws/install/as2_gazebo_assets/local/lib/python3.10/dist-packages/as2_gazebo_assets/world.py'...\n"}
[36.105069] (as2_gazebo_assets) CommandEnded: {'returncode': 0}
[36.114756] (as2_gazebo_assets) JobEnded: {'identifier': 'as2_gazebo_assets', 'rc': 0}
[36.115127] (as2_python_api) JobStarted: {'identifier': 'as2_python_api'}
[36.131155] (-) TimerEvent: {}
[36.231371] (-) TimerEvent: {}
[36.331608] (-) TimerEvent: {}
[36.431851] (-) TimerEvent: {}
[36.532090] (-) TimerEvent: {}
[36.632402] (-) TimerEvent: {}
[36.633226] (as2_python_api) Command: {'cmd': ['/usr/bin/python3', '-W', 'ignore:setup.py install is deprecated', '-W', 'ignore:easy_install command is deprecated', 'setup.py', 'develop', '--editable', '--build-directory', '/home/developer/aerostack2_ws/build/as2_python_api/build', '--no-deps', 'symlink_data'], 'cwd': '/home/developer/aerostack2_ws/build/as2_python_api', 'env': {'HOSTNAME': 'lead-Predator-PHN16-71', 'SHLVL': '1', 'LD_LIBRARY_PATH': '/home/developer/aerostack2_ws/install/as2_motion_reference_handlers/lib:/home/developer/aerostack2_ws/install/as2_core/lib:/home/developer/aerostack2_ws/install/as2_msgs/lib:/opt/ros/humble/opt/rviz_ogre_vendor/lib:/opt/ros/humble/lib/x86_64-linux-gnu:/opt/ros/humble/lib', 'HOME': '/home/developer', 'ROS_PYTHON_VERSION': '3', 'ROS_DISTRO': 'humble', '_': '/usr/bin/colcon', 'ROS_VERSION': '2', 'TERM': 'xterm', 'ROS_LOCALHOST_ONLY': '0', 'QT_X11_NO_MITSHM': '1', 'PATH': '/opt/ros/humble/bin:/usr/local/sbin:/usr/local/bin:/usr/sbin:/usr/bin:/sbin:/bin', 'DISPLAY': ':1', 'LANG': 'C.UTF-8', 'LS_COLORS': 'rs=0:di=01;34:ln=01;36:mh=00:pi=40;33:so=01;35:do=01;35:bd=40;33;01:cd=40;33;01:or=40;31;01:mi=00:su=37;41:sg=30;43:ca=30;41:tw=30;42:ow=34;42:st=37;44:ex=01;32:*.tar=01;31:*.tgz=01;31:*.arc=01;31:*.arj=01;31:*.taz=01;31:*.lha=01;31:*.lz4=01;31:*.lzh=01;31:*.lzma=01;31:*.tlz=01;31:*.txz=01;31:*.tzo=01;31:*.t7z=01;31:*.zip=01;31:*.z=01;31:*.dz=01;31:*.gz=01;31:*.lrz=01;31:*.lz=01;31:*.lzo=01;31:*.xz=01;31:*.zst=01;31:*.tzst=01;31:*.bz2=01;31:*.bz=01;31:*.tbz=01;31:*.tbz2=01;31:*.tz=01;31:*.deb=01;31:*.rpm=01;31:*.jar=01;31:*.war=01;31:*.ear=01;31:*.sar=01;31:*.rar=01;31:*.alz=01;31:*.ace=01;31:*.zoo=01;31:*.cpio=01;31:*.7z=01;31:*.rz=01;31:*.cab=01;31:*.wim=01;31:*.swm=01;31:*.dwm=01;31:*.esd=01;31:*.jpg=01;35:*.jpeg=01;35:*.mjpg=01;35:*.mjpeg=01;35:*.gif=01;35:*.bmp=01;35:*.pbm=01;35:*.pgm=01;35:*.ppm=01;35:*.tga=01;35:*.xbm=01;35:*.xpm=01;35:*.tif=01;35:*.tiff=01;35:*.png=01;35:*.svg=01;35:*.svgz=01;35:*.mng=01;35:*.pcx=01;35:*.mov=01;35:*.mpg=01;35:*.mpeg=01;35:*.m2v=01;35:*.mkv=01;35:*.webm=01;35:*.webp=01;35:*.ogm=01;35:*.mp4=01;35:*.m4v=01;35:*.mp4v=01;35:*.vob=01;35:*.qt=01;35:*.nuv=01;35:*.wmv=01;35:*.asf=01;35:*.rm=01;35:*.rmvb=01;35:*.flc=01;35:*.avi=01;35:*.fli=01;35:*.flv=01;35:*.gl=01;35:*.dl=01;35:*.xcf=01;35:*.xwd=01;35:*.yuv=01;35:*.cgm=01;35:*.emf=01;35:*.ogv=01;35:*.ogx=01;35:*.aac=00;36:*.au=00;36:*.flac=00;36:*.m4a=00;36:*.mid=00;36:*.midi=00;36:*.mka=00;36:*.mp3=00;36:*.mpc=00;36:*.ogg=00;36:*.ra=00;36:*.wav=00;36:*.oga=00;36:*.opus=00;36:*.spx=00;36:*.xspf=00;36:', 'AMENT_PREFIX_PATH': '/home/developer/aerostack2_ws/install/as2_motion_reference_handlers:/home/developer/aerostack2_ws/install/as2_core:/home/developer/aerostack2_ws/install/as2_msgs:/opt/ros/humble', 'GZ_VERSION': 'harmonic', 'PWD': '/home/developer/aerostack2_ws/build/as2_python_api', 'LC_ALL': 'C.UTF-8', 'PYTHONPATH': '/home/developer/aerostack2_ws/build/as2_python_api/prefix_override:/usr/lib/python3/dist-packages/colcon_core/task/python/colcon_distutils_commands:/home/developer/aerostack2_ws/install/as2_python_api/lib/python3.10/site-packages:/home/developer/aerostack2_ws/install/as2_motion_reference_handlers/local/lib/python3.10/dist-packages:/home/developer/aerostack2_ws/install/as2_core/local/lib/python3.10/dist-packages:/home/developer/aerostack2_ws/install/as2_msgs/local/lib/python3.10/dist-packages:/opt/ros/humble/lib/python3.10/site-packages:/opt/ros/humble/local/lib/python3.10/dist-packages', 'COLCON': '1', 'CMAKE_PREFIX_PATH': '/home/developer/aerostack2_ws/install/as2_motion_reference_handlers:/home/developer/aerostack2_ws/install/as2_core:/home/developer/aerostack2_ws/install/as2_msgs'}, 'shell': False}
[36.732600] (-) TimerEvent: {}
[36.770949] (as2_python_api) StdoutLine: {'line': b'running develop\n'}
[36.832767] (-) TimerEvent: {}
[36.846326] (as2_python_api) StdoutLine: {'line': b'running egg_info\n'}
[36.846446] (as2_python_api) StdoutLine: {'line': b'creating as2_python_api.egg-info\n'}
[36.846516] (as2_python_api) StdoutLine: {'line': b'writing as2_python_api.egg-info/PKG-INFO\n'}
[36.846567] (as2_python_api) StdoutLine: {'line': b'writing dependency_links to as2_python_api.egg-info/dependency_links.txt\n'}
[36.846602] (as2_python_api) StdoutLine: {'line': b'writing entry points to as2_python_api.egg-info/entry_points.txt\n'}
[36.846636] (as2_python_api) StdoutLine: {'line': b'writing requirements to as2_python_api.egg-info/requires.txt\n'}
[36.846670] (as2_python_api) StdoutLine: {'line': b'writing top-level names to as2_python_api.egg-info/top_level.txt\n'}
[36.846718] (as2_python_api) StdoutLine: {'line': b"writing manifest file 'as2_python_api.egg-info/SOURCES.txt'\n"}
[36.848358] (as2_python_api) StdoutLine: {'line': b"reading manifest file 'as2_python_api.egg-info/SOURCES.txt'\n"}
[36.848896] (as2_python_api) StdoutLine: {'line': b"writing manifest file 'as2_python_api.egg-info/SOURCES.txt'\n"}
[36.849663] (as2_python_api) StdoutLine: {'line': b'running build_ext\n'}
[36.849733] (as2_python_api) StdoutLine: {'line': b'Creating /home/developer/aerostack2_ws/install/as2_python_api/lib/python3.10/site-packages/as2-python-api.egg-link (link to .)\n'}
[36.850221] (as2_python_api) StdoutLine: {'line': b'Installing mission_executor script to /home/developer/aerostack2_ws/install/as2_python_api/lib/as2_python_api\n'}
[36.850324] (as2_python_api) StdoutLine: {'line': b'\n'}
[36.850360] (as2_python_api) StdoutLine: {'line': b'Installed /home/developer/aerostack2_ws/build/as2_python_api\n'}
[36.850397] (as2_python_api) StdoutLine: {'line': b'running symlink_data\n'}
[36.850422] (as2_python_api) StdoutLine: {'line': b'creating /home/developer/aerostack2_ws/install/as2_python_api/share/ament_index\n'}
[36.850448] (as2_python_api) StdoutLine: {'line': b'creating /home/developer/aerostack2_ws/install/as2_python_api/share/ament_index/resource_index\n'}
[36.850471] (as2_python_api) StdoutLine: {'line': b'creating /home/developer/aerostack2_ws/install/as2_python_api/share/ament_index/resource_index/packages\n'}
[36.850494] (as2_python_api) StdoutLine: {'line': b'symbolically linking /home/developer/aerostack2_ws/build/as2_python_api/resource/as2_python_api -> /home/developer/aerostack2_ws/install/as2_python_api/share/ament_index/resource_index/packages\n'}
[36.850540] (as2_python_api) StdoutLine: {'line': b'creating /home/developer/aerostack2_ws/install/as2_python_api/share/as2_python_api/hooks\n'}
[36.850572] (as2_python_api) StdoutLine: {'line': b'symbolically linking /home/developer/aerostack2_ws/build/as2_python_api/hooks/resource_paths.sh -> /home/developer/aerostack2_ws/install/as2_python_api/share/as2_python_api/hooks\n'}
[36.850596] (as2_python_api) StdoutLine: {'line': b'symbolically linking /home/developer/aerostack2_ws/build/as2_python_api/package.xml -> /home/developer/aerostack2_ws/install/as2_python_api/share/as2_python_api\n'}
[36.866656] (as2_python_api) CommandEnded: {'returncode': 0}
[36.870577] (as2_python_api) JobEnded: {'identifier': 'as2_python_api', 'rc': 0}
[36.871125] (as2_cli) JobStarted: {'identifier': 'as2_cli'}
[36.874471] (as2_cli) JobProgress: {'identifier': 'as2_cli', 'progress': 'cmake'}
[36.875359] (as2_cli) JobProgress: {'identifier': 'as2_cli', 'progress': 'build'}
[36.875625] (as2_cli) Command: {'cmd': ['/usr/bin/cmake', '--build', '/home/developer/aerostack2_ws/build/as2_cli', '--', '-j20', '-l20'], 'cwd': '/home/developer/aerostack2_ws/build/as2_cli', 'env': OrderedDict([('HOSTNAME', 'lead-Predator-PHN16-71'), ('SHLVL', '1'), ('LD_LIBRARY_PATH', '/opt/ros/humble/opt/rviz_ogre_vendor/lib:/opt/ros/humble/lib/x86_64-linux-gnu:/opt/ros/humble/lib'), ('HOME', '/home/developer'), ('ROS_PYTHON_VERSION', '3'), ('ROS_DISTRO', 'humble'), ('_', '/usr/bin/colcon'), ('ROS_VERSION', '2'), ('TERM', 'xterm'), ('ROS_LOCALHOST_ONLY', '0'), ('QT_X11_NO_MITSHM', '1'), ('PATH', '/opt/ros/humble/bin:/usr/local/sbin:/usr/local/bin:/usr/sbin:/usr/bin:/sbin:/bin'), ('DISPLAY', ':1'), ('LANG', 'C.UTF-8'), ('LS_COLORS', 'rs=0:di=01;34:ln=01;36:mh=00:pi=40;33:so=01;35:do=01;35:bd=40;33;01:cd=40;33;01:or=40;31;01:mi=00:su=37;41:sg=30;43:ca=30;41:tw=30;42:ow=34;42:st=37;44:ex=01;32:*.tar=01;31:*.tgz=01;31:*.arc=01;31:*.arj=01;31:*.taz=01;31:*.lha=01;31:*.lz4=01;31:*.lzh=01;31:*.lzma=01;31:*.tlz=01;31:*.txz=01;31:*.tzo=01;31:*.t7z=01;31:*.zip=01;31:*.z=01;31:*.dz=01;31:*.gz=01;31:*.lrz=01;31:*.lz=01;31:*.lzo=01;31:*.xz=01;31:*.zst=01;31:*.tzst=01;31:*.bz2=01;31:*.bz=01;31:*.tbz=01;31:*.tbz2=01;31:*.tz=01;31:*.deb=01;31:*.rpm=01;31:*.jar=01;31:*.war=01;31:*.ear=01;31:*.sar=01;31:*.rar=01;31:*.alz=01;31:*.ace=01;31:*.zoo=01;31:*.cpio=01;31:*.7z=01;31:*.rz=01;31:*.cab=01;31:*.wim=01;31:*.swm=01;31:*.dwm=01;31:*.esd=01;31:*.jpg=01;35:*.jpeg=01;35:*.mjpg=01;35:*.mjpeg=01;35:*.gif=01;35:*.bmp=01;35:*.pbm=01;35:*.pgm=01;35:*.ppm=01;35:*.tga=01;35:*.xbm=01;35:*.xpm=01;35:*.tif=01;35:*.tiff=01;35:*.png=01;35:*.svg=01;35:*.svgz=01;35:*.mng=01;35:*.pcx=01;35:*.mov=01;35:*.mpg=01;35:*.mpeg=01;35:*.m2v=01;35:*.mkv=01;35:*.webm=01;35:*.webp=01;35:*.ogm=01;35:*.mp4=01;35:*.m4v=01;35:*.mp4v=01;35:*.vob=01;35:*.qt=01;35:*.nuv=01;35:*.wmv=01;35:*.asf=01;35:*.rm=01;35:*.rmvb=01;35:*.flc=01;35:*.avi=01;35:*.fli=01;35:*.flv=01;35:*.gl=01;35:*.dl=01;35:*.xcf=01;35:*.xwd=01;35:*.yuv=01;35:*.cgm=01;35:*.emf=01;35:*.ogv=01;35:*.ogx=01;35:*.aac=00;36:*.au=00;36:*.flac=00;36:*.m4a=00;36:*.mid=00;36:*.midi=00;36:*.mka=00;36:*.mp3=00;36:*.mpc=00;36:*.ogg=00;36:*.ra=00;36:*.wav=00;36:*.oga=00;36:*.opus=00;36:*.spx=00;36:*.xspf=00;36:'), ('AMENT_PREFIX_PATH', '/opt/ros/humble'), ('GZ_VERSION', 'harmonic'), ('PWD', '/home/developer/aerostack2_ws/build/as2_cli'), ('LC_ALL', 'C.UTF-8'), ('PYTHONPATH', '/opt/ros/humble/lib/python3.10/site-packages:/opt/ros/humble/local/lib/python3.10/dist-packages'), ('COLCON', '1'), ('CMAKE_PREFIX_PATH', '/opt/ros/humble')]), 'shell': False}
[36.901442] (as2_cli) CommandEnded: {'returncode': 0}
[36.902418] (as2_cli) JobProgress: {'identifier': 'as2_cli', 'progress': 'install'}
[36.902529] (as2_cli) Command: {'cmd': ['/usr/bin/cmake', '--install', '/home/developer/aerostack2_ws/build/as2_cli'], 'cwd': '/home/developer/aerostack2_ws/build/as2_cli', 'env': OrderedDict([('HOSTNAME', 'lead-Predator-PHN16-71'), ('SHLVL', '1'), ('LD_LIBRARY_PATH', '/opt/ros/humble/opt/rviz_ogre_vendor/lib:/opt/ros/humble/lib/x86_64-linux-gnu:/opt/ros/humble/lib'), ('HOME', '/home/developer'), ('ROS_PYTHON_VERSION', '3'), ('ROS_DISTRO', 'humble'), ('_', '/usr/bin/colcon'), ('ROS_VERSION', '2'), ('TERM', 'xterm'), ('ROS_LOCALHOST_ONLY', '0'), ('QT_X11_NO_MITSHM', '1'), ('PATH', '/opt/ros/humble/bin:/usr/local/sbin:/usr/local/bin:/usr/sbin:/usr/bin:/sbin:/bin'), ('DISPLAY', ':1'), ('LANG', 'C.UTF-8'), ('LS_COLORS', 'rs=0:di=01;34:ln=01;36:mh=00:pi=40;33:so=01;35:do=01;35:bd=40;33;01:cd=40;33;01:or=40;31;01:mi=00:su=37;41:sg=30;43:ca=30;41:tw=30;42:ow=34;42:st=37;44:ex=01;32:*.tar=01;31:*.tgz=01;31:*.arc=01;31:*.arj=01;31:*.taz=01;31:*.lha=01;31:*.lz4=01;31:*.lzh=01;31:*.lzma=01;31:*.tlz=01;31:*.txz=01;31:*.tzo=01;31:*.t7z=01;31:*.zip=01;31:*.z=01;31:*.dz=01;31:*.gz=01;31:*.lrz=01;31:*.lz=01;31:*.lzo=01;31:*.xz=01;31:*.zst=01;31:*.tzst=01;31:*.bz2=01;31:*.bz=01;31:*.tbz=01;31:*.tbz2=01;31:*.tz=01;31:*.deb=01;31:*.rpm=01;31:*.jar=01;31:*.war=01;31:*.ear=01;31:*.sar=01;31:*.rar=01;31:*.alz=01;31:*.ace=01;31:*.zoo=01;31:*.cpio=01;31:*.7z=01;31:*.rz=01;31:*.cab=01;31:*.wim=01;31:*.swm=01;31:*.dwm=01;31:*.esd=01;31:*.jpg=01;35:*.jpeg=01;35:*.mjpg=01;35:*.mjpeg=01;35:*.gif=01;35:*.bmp=01;35:*.pbm=01;35:*.pgm=01;35:*.ppm=01;35:*.tga=01;35:*.xbm=01;35:*.xpm=01;35:*.tif=01;35:*.tiff=01;35:*.png=01;35:*.svg=01;35:*.svgz=01;35:*.mng=01;35:*.pcx=01;35:*.mov=01;35:*.mpg=01;35:*.mpeg=01;35:*.m2v=01;35:*.mkv=01;35:*.webm=01;35:*.webp=01;35:*.ogm=01;35:*.mp4=01;35:*.m4v=01;35:*.mp4v=01;35:*.vob=01;35:*.qt=01;35:*.nuv=01;35:*.wmv=01;35:*.asf=01;35:*.rm=01;35:*.rmvb=01;35:*.flc=01;35:*.avi=01;35:*.fli=01;35:*.flv=01;35:*.gl=01;35:*.dl=01;35:*.xcf=01;35:*.xwd=01;35:*.yuv=01;35:*.cgm=01;35:*.emf=01;35:*.ogv=01;35:*.ogx=01;35:*.aac=00;36:*.au=00;36:*.flac=00;36:*.m4a=00;36:*.mid=00;36:*.midi=00;36:*.mka=00;36:*.mp3=00;36:*.mpc=00;36:*.ogg=00;36:*.ra=00;36:*.wav=00;36:*.oga=00;36:*.opus=00;36:*.spx=00;36:*.xspf=00;36:'), ('AMENT_PREFIX_PATH', '/opt/ros/humble'), ('GZ_VERSION', 'harmonic'), ('PWD', '/home/developer/aerostack2_ws/build/as2_cli'), ('LC_ALL', 'C.UTF-8'), ('PYTHONPATH', '/opt/ros/humble/lib/python3.10/site-packages:/opt/ros/humble/local/lib/python3.10/dist-packages'), ('COLCON', '1'), ('CMAKE_PREFIX_PATH', '/opt/ros/humble')]), 'shell': False}
[36.906813] (as2_cli) StdoutLine: {'line': b'-- Install configuration: ""\n'}
[36.907165] (as2_cli) StdoutLine: {'line': b'-- Execute custom install script\n'}
[36.907938] (as2_cli) StdoutLine: {'line': b'-- Up-to-date symlink: /home/developer/aerostack2_ws/install/as2_cli/share/ament_index/resource_index/package_run_dependencies/as2_cli\n'}
[36.908334] (as2_cli) StdoutLine: {'line': b'-- Up-to-date symlink: /home/developer/aerostack2_ws/install/as2_cli/share/ament_index/resource_index/parent_prefix_path/as2_cli\n'}
[36.908772] (as2_cli) StdoutLine: {'line': b'-- Up-to-date symlink: /home/developer/aerostack2_ws/install/as2_cli/share/as2_cli/environment/ament_prefix_path.sh\n'}
[36.908851] (as2_cli) StdoutLine: {'line': b'-- Up-to-date symlink: /home/developer/aerostack2_ws/install/as2_cli/share/as2_cli/environment/ament_prefix_path.dsv\n'}
[36.908982] (as2_cli) StdoutLine: {'line': b'-- Up-to-date symlink: /home/developer/aerostack2_ws/install/as2_cli/share/as2_cli/environment/path.sh\n'}
[36.909230] (as2_cli) StdoutLine: {'line': b'-- Up-to-date symlink: /home/developer/aerostack2_ws/install/as2_cli/share/as2_cli/environment/path.dsv\n'}
[36.909396] (as2_cli) StdoutLine: {'line': b'-- Up-to-date symlink: /home/developer/aerostack2_ws/install/as2_cli/share/as2_cli/local_setup.bash\n'}
[36.909619] (as2_cli) StdoutLine: {'line': b'-- Up-to-date symlink: /home/developer/aerostack2_ws/install/as2_cli/share/as2_cli/local_setup.sh\n'}
[36.909879] (as2_cli) StdoutLine: {'line': b'-- Up-to-date symlink: /home/developer/aerostack2_ws/install/as2_cli/share/as2_cli/local_setup.zsh\n'}
[36.909954] (as2_cli) StdoutLine: {'line': b'-- Up-to-date symlink: /home/developer/aerostack2_ws/install/as2_cli/share/as2_cli/local_setup.dsv\n'}
[36.910106] (as2_cli) StdoutLine: {'line': b'-- Symlinking: /home/developer/aerostack2_ws/install/as2_cli/share/as2_cli/package.dsv\n'}
[36.915811] (as2_cli) StdoutLine: {'line': b'-- Up-to-date symlink: /home/developer/aerostack2_ws/install/as2_cli/share/ament_index/resource_index/packages/as2_cli\n'}
[36.916113] (as2_cli) StdoutLine: {'line': b'-- Up-to-date symlink: /home/developer/aerostack2_ws/install/as2_cli/share/as2_cli/cmake/as2_cliConfig.cmake\n'}
[36.916193] (as2_cli) StdoutLine: {'line': b'-- Up-to-date symlink: /home/developer/aerostack2_ws/install/as2_cli/share/as2_cli/cmake/as2_cliConfig-version.cmake\n'}
[36.916267] (as2_cli) StdoutLine: {'line': b'-- Up-to-date symlink: /home/developer/aerostack2_ws/install/as2_cli/share/as2_cli/package.xml\n'}
[36.917293] (as2_cli) CommandEnded: {'returncode': 0}
[36.923514] (as2_cli) JobEnded: {'identifier': 'as2_cli', 'rc': 0}
[36.924093] (as2_alphanumeric_viewer) JobStarted: {'identifier': 'as2_alphanumeric_viewer'}
[36.930731] (as2_alphanumeric_viewer) JobProgress: {'identifier': 'as2_alphanumeric_viewer', 'progress': 'cmake'}
[36.931789] (as2_alphanumeric_viewer) JobProgress: {'identifier': 'as2_alphanumeric_viewer', 'progress': 'build'}
[36.931959] (as2_alphanumeric_viewer) Command: {'cmd': ['/usr/bin/cmake', '--build', '/home/developer/aerostack2_ws/build/as2_alphanumeric_viewer', '--', '-j20', '-l20'], 'cwd': '/home/developer/aerostack2_ws/build/as2_alphanumeric_viewer', 'env': OrderedDict([('HOSTNAME', 'lead-Predator-PHN16-71'), ('SHLVL', '1'), ('LD_LIBRARY_PATH', '/home/developer/aerostack2_ws/install/as2_core/lib:/home/developer/aerostack2_ws/install/as2_msgs/lib:/opt/ros/humble/opt/rviz_ogre_vendor/lib:/opt/ros/humble/lib/x86_64-linux-gnu:/opt/ros/humble/lib'), ('HOME', '/home/developer'), ('ROS_PYTHON_VERSION', '3'), ('ROS_DISTRO', 'humble'), ('_', '/usr/bin/colcon'), ('ROS_VERSION', '2'), ('TERM', 'xterm'), ('ROS_LOCALHOST_ONLY', '0'), ('QT_X11_NO_MITSHM', '1'), ('PATH', '/opt/ros/humble/bin:/usr/local/sbin:/usr/local/bin:/usr/sbin:/usr/bin:/sbin:/bin'), ('DISPLAY', ':1'), ('LANG', 'C.UTF-8'), ('LS_COLORS', 'rs=0:di=01;34:ln=01;36:mh=00:pi=40;33:so=01;35:do=01;35:bd=40;33;01:cd=40;33;01:or=40;31;01:mi=00:su=37;41:sg=30;43:ca=30;41:tw=30;42:ow=34;42:st=37;44:ex=01;32:*.tar=01;31:*.tgz=01;31:*.arc=01;31:*.arj=01;31:*.taz=01;31:*.lha=01;31:*.lz4=01;31:*.lzh=01;31:*.lzma=01;31:*.tlz=01;31:*.txz=01;31:*.tzo=01;31:*.t7z=01;31:*.zip=01;31:*.z=01;31:*.dz=01;31:*.gz=01;31:*.lrz=01;31:*.lz=01;31:*.lzo=01;31:*.xz=01;31:*.zst=01;31:*.tzst=01;31:*.bz2=01;31:*.bz=01;31:*.tbz=01;31:*.tbz2=01;31:*.tz=01;31:*.deb=01;31:*.rpm=01;31:*.jar=01;31:*.war=01;31:*.ear=01;31:*.sar=01;31:*.rar=01;31:*.alz=01;31:*.ace=01;31:*.zoo=01;31:*.cpio=01;31:*.7z=01;31:*.rz=01;31:*.cab=01;31:*.wim=01;31:*.swm=01;31:*.dwm=01;31:*.esd=01;31:*.jpg=01;35:*.jpeg=01;35:*.mjpg=01;35:*.mjpeg=01;35:*.gif=01;35:*.bmp=01;35:*.pbm=01;35:*.pgm=01;35:*.ppm=01;35:*.tga=01;35:*.xbm=01;35:*.xpm=01;35:*.tif=01;35:*.tiff=01;35:*.png=01;35:*.svg=01;35:*.svgz=01;35:*.mng=01;35:*.pcx=01;35:*.mov=01;35:*.mpg=01;35:*.mpeg=01;35:*.m2v=01;35:*.mkv=01;35:*.webm=01;35:*.webp=01;35:*.ogm=01;35:*.mp4=01;35:*.m4v=01;35:*.mp4v=01;35:*.vob=01;35:*.qt=01;35:*.nuv=01;35:*.wmv=01;35:*.asf=01;35:*.rm=01;35:*.rmvb=01;35:*.flc=01;35:*.avi=01;35:*.fli=01;35:*.flv=01;35:*.gl=01;35:*.dl=01;35:*.xcf=01;35:*.xwd=01;35:*.yuv=01;35:*.cgm=01;35:*.emf=01;35:*.ogv=01;35:*.ogx=01;35:*.aac=00;36:*.au=00;36:*.flac=00;36:*.m4a=00;36:*.mid=00;36:*.midi=00;36:*.mka=00;36:*.mp3=00;36:*.mpc=00;36:*.ogg=00;36:*.ra=00;36:*.wav=00;36:*.oga=00;36:*.opus=00;36:*.spx=00;36:*.xspf=00;36:'), ('AMENT_PREFIX_PATH', '/home/developer/aerostack2_ws/install/as2_core:/home/developer/aerostack2_ws/install/as2_msgs:/opt/ros/humble'), ('GZ_VERSION', 'harmonic'), ('PWD', '/home/developer/aerostack2_ws/build/as2_alphanumeric_viewer'), ('LC_ALL', 'C.UTF-8'), ('PYTHONPATH', '/home/developer/aerostack2_ws/install/as2_core/local/lib/python3.10/dist-packages:/home/developer/aerostack2_ws/install/as2_msgs/local/lib/python3.10/dist-packages:/opt/ros/humble/lib/python3.10/site-packages:/opt/ros/humble/local/lib/python3.10/dist-packages'), ('COLCON', '1'), ('CMAKE_PREFIX_PATH', '/home/developer/aerostack2_ws/install/as2_core:/home/developer/aerostack2_ws/install/as2_msgs:/opt/ros/humble')]), 'shell': False}
[36.933452] (-) TimerEvent: {}
[36.975641] (as2_alphanumeric_viewer) StdoutLine: {'line': b'[ 33%] \x1b[32mBuilding CXX object CMakeFiles/as2_alphanumeric_viewer_node.dir/src/alphanumeric_viewer.cpp.o\x1b[0m\n'}
[36.975769] (as2_alphanumeric_viewer) StdoutLine: {'line': b'[ 66%] \x1b[32mBuilding CXX object CMakeFiles/as2_alphanumeric_viewer_node.dir/src/alphanumeric_viewer_node.cpp.o\x1b[0m\n'}
[37.033642] (-) TimerEvent: {}
[37.133867] (-) TimerEvent: {}
[37.234119] (-) TimerEvent: {}
[37.334376] (-) TimerEvent: {}
[37.434606] (-) TimerEvent: {}
[37.534855] (-) TimerEvent: {}
[37.635081] (-) TimerEvent: {}
[37.735326] (-) TimerEvent: {}
[37.835616] (-) TimerEvent: {}
[37.935875] (-) TimerEvent: {}
[38.036160] (-) TimerEvent: {}
[38.136481] (-) TimerEvent: {}
[38.236700] (-) TimerEvent: {}
[38.336939] (-) TimerEvent: {}
[38.437204] (-) TimerEvent: {}
[38.537448] (-) TimerEvent: {}
[38.637696] (-) TimerEvent: {}
[38.737936] (-) TimerEvent: {}
[38.838213] (-) TimerEvent: {}
[38.938458] (-) TimerEvent: {}
[39.038739] (-) TimerEvent: {}
[39.139056] (-) TimerEvent: {}
[39.239360] (-) TimerEvent: {}
[39.339644] (-) TimerEvent: {}
[39.440007] (-) TimerEvent: {}
[39.540278] (-) TimerEvent: {}
[39.640574] (-) TimerEvent: {}
[39.740868] (-) TimerEvent: {}
[39.841152] (-) TimerEvent: {}
[39.941462] (-) TimerEvent: {}
[40.041739] (-) TimerEvent: {}
[40.142057] (-) TimerEvent: {}
[40.242292] (-) TimerEvent: {}
[40.342673] (-) TimerEvent: {}
[40.443134] (-) TimerEvent: {}
[40.543484] (-) TimerEvent: {}
[40.643821] (-) TimerEvent: {}
[40.744149] (-) TimerEvent: {}
[40.844413] (-) TimerEvent: {}
[40.944641] (-) TimerEvent: {}
[41.044893] (-) TimerEvent: {}
[41.145243] (-) TimerEvent: {}
[41.245554] (-) TimerEvent: {}
[41.345845] (-) TimerEvent: {}
[41.446174] (-) TimerEvent: {}
[41.546475] (-) TimerEvent: {}
[41.646778] (-) TimerEvent: {}
[41.747103] (-) TimerEvent: {}
[41.847367] (-) TimerEvent: {}
[41.947654] (-) TimerEvent: {}
[42.047987] (-) TimerEvent: {}
[42.148315] (-) TimerEvent: {}
[42.248740] (-) TimerEvent: {}
[42.349136] (-) TimerEvent: {}
[42.449547] (-) TimerEvent: {}
[42.549839] (-) TimerEvent: {}
[42.650142] (-) TimerEvent: {}
[42.750434] (-) TimerEvent: {}
[42.850761] (-) TimerEvent: {}
[42.951031] (-) TimerEvent: {}
[43.051325] (-) TimerEvent: {}
[43.151628] (-) TimerEvent: {}
[43.251919] (-) TimerEvent: {}
[43.352205] (-) TimerEvent: {}
[43.452526] (-) TimerEvent: {}
[43.552849] (-) TimerEvent: {}
[43.653133] (-) TimerEvent: {}
[43.753441] (-) TimerEvent: {}
[43.853801] (-) TimerEvent: {}
[43.954098] (-) TimerEvent: {}
[44.054454] (-) TimerEvent: {}
[44.154750] (-) TimerEvent: {}
[44.255037] (-) TimerEvent: {}
[44.355373] (-) TimerEvent: {}
[44.455686] (-) TimerEvent: {}
[44.555990] (-) TimerEvent: {}
[44.656271] (-) TimerEvent: {}
[44.756610] (-) TimerEvent: {}
[44.856974] (-) TimerEvent: {}
[44.957254] (-) TimerEvent: {}
[45.057562] (-) TimerEvent: {}
[45.157868] (-) TimerEvent: {}
[45.258180] (-) TimerEvent: {}
[45.358498] (-) TimerEvent: {}
[45.458759] (-) TimerEvent: {}
[45.559018] (-) TimerEvent: {}
[45.659343] (-) TimerEvent: {}
[45.759616] (-) TimerEvent: {}
[45.859888] (-) TimerEvent: {}
[45.960182] (-) TimerEvent: {}
[46.060475] (-) TimerEvent: {}
[46.160870] (-) TimerEvent: {}
[46.261147] (-) TimerEvent: {}
[46.361461] (-) TimerEvent: {}
[46.461837] (-) TimerEvent: {}
[46.562150] (-) TimerEvent: {}
[46.662441] (-) TimerEvent: {}
[46.762802] (-) TimerEvent: {}
[46.863107] (-) TimerEvent: {}
[46.963514] (-) TimerEvent: {}
[47.063786] (-) TimerEvent: {}
[47.164067] (-) TimerEvent: {}
[47.264384] (-) TimerEvent: {}
[47.364645] (-) TimerEvent: {}
[47.464939] (-) TimerEvent: {}
[47.565215] (-) TimerEvent: {}
[47.665532] (-) TimerEvent: {}
[47.765848] (-) TimerEvent: {}
[47.866132] (-) TimerEvent: {}
[47.966436] (-) TimerEvent: {}
[48.066733] (-) TimerEvent: {}
[48.167040] (-) TimerEvent: {}
[48.267312] (-) TimerEvent: {}
[48.367614] (-) TimerEvent: {}
[48.467887] (-) TimerEvent: {}
[48.568255] (-) TimerEvent: {}
[48.668605] (-) TimerEvent: {}
[48.769100] (-) TimerEvent: {}
[48.869354] (-) TimerEvent: {}
[48.969591] (-) TimerEvent: {}
[49.069898] (-) TimerEvent: {}
[49.170139] (-) TimerEvent: {}
[49.270376] (-) TimerEvent: {}
[49.370612] (-) TimerEvent: {}
[49.470823] (-) TimerEvent: {}
[49.571121] (-) TimerEvent: {}
[49.671368] (-) TimerEvent: {}
[49.771620] (-) TimerEvent: {}
[49.871861] (-) TimerEvent: {}
[49.972103] (-) TimerEvent: {}
[50.072320] (-) TimerEvent: {}
[50.172580] (-) TimerEvent: {}
[50.272889] (-) TimerEvent: {}
[50.373112] (-) TimerEvent: {}
[50.473329] (-) TimerEvent: {}
[50.573577] (-) TimerEvent: {}
[50.673814] (-) TimerEvent: {}
[50.774027] (-) TimerEvent: {}
[50.874242] (-) TimerEvent: {}
[50.974474] (-) TimerEvent: {}
[51.074721] (-) TimerEvent: {}
[51.175043] (-) TimerEvent: {}
[51.275264] (-) TimerEvent: {}
[51.375474] (-) TimerEvent: {}
[51.475799] (-) TimerEvent: {}
[51.576050] (-) TimerEvent: {}
[51.676272] (-) TimerEvent: {}
[51.776497] (-) TimerEvent: {}
[51.876733] (-) TimerEvent: {}
[51.976990] (-) TimerEvent: {}
[52.077250] (-) TimerEvent: {}
[52.177525] (-) TimerEvent: {}
[52.277765] (-) TimerEvent: {}
[52.378036] (-) TimerEvent: {}
[52.478240] (-) TimerEvent: {}
[52.578492] (-) TimerEvent: {}
[52.678726] (-) TimerEvent: {}
[52.778969] (-) TimerEvent: {}
[52.879178] (-) TimerEvent: {}
[52.979426] (-) TimerEvent: {}
[53.079654] (-) TimerEvent: {}
[53.179907] (-) TimerEvent: {}
[53.280130] (-) TimerEvent: {}
[53.380393] (-) TimerEvent: {}
[53.480705] (-) TimerEvent: {}
[53.581084] (-) TimerEvent: {}
[53.681381] (-) TimerEvent: {}
[53.781673] (-) TimerEvent: {}
[53.882042] (-) TimerEvent: {}
[53.982362] (-) TimerEvent: {}
[54.082654] (-) TimerEvent: {}
[54.182974] (-) TimerEvent: {}
[54.283292] (-) TimerEvent: {}
[54.383533] (-) TimerEvent: {}
[54.483769] (-) TimerEvent: {}
[54.584038] (-) TimerEvent: {}
[54.684246] (-) TimerEvent: {}
[54.784457] (-) TimerEvent: {}
[54.884695] (-) TimerEvent: {}
[54.984947] (-) TimerEvent: {}
[55.085197] (-) TimerEvent: {}
[55.185430] (-) TimerEvent: {}
[55.285724] (-) TimerEvent: {}
[55.385957] (-) TimerEvent: {}
[55.486215] (-) TimerEvent: {}
[55.586474] (-) TimerEvent: {}
[55.686709] (-) TimerEvent: {}
[55.786936] (-) TimerEvent: {}
[55.887188] (-) TimerEvent: {}
[55.987448] (-) TimerEvent: {}
[56.087679] (-) TimerEvent: {}
[56.187941] (-) TimerEvent: {}
[56.288191] (-) TimerEvent: {}
[56.388449] (-) TimerEvent: {}
[56.488684] (-) TimerEvent: {}
[56.588906] (-) TimerEvent: {}
[56.689126] (-) TimerEvent: {}
[56.789515] (-) TimerEvent: {}
[56.889736] (-) TimerEvent: {}
[56.926677] (as2_alphanumeric_viewer) StdoutLine: {'line': b'[100%] \x1b[32m\x1b[1mLinking CXX executable as2_alphanumeric_viewer_node\x1b[0m\n'}
[56.989869] (-) TimerEvent: {}
[57.090087] (-) TimerEvent: {}
[57.184856] (as2_alphanumeric_viewer) StdoutLine: {'line': b'[100%] Built target as2_alphanumeric_viewer_node\n'}
[57.190171] (-) TimerEvent: {}
[57.194600] (as2_alphanumeric_viewer) CommandEnded: {'returncode': 0}
[57.195643] (as2_alphanumeric_viewer) JobProgress: {'identifier': 'as2_alphanumeric_viewer', 'progress': 'install'}
[57.195821] (as2_alphanumeric_viewer) Command: {'cmd': ['/usr/bin/cmake', '--install', '/home/developer/aerostack2_ws/build/as2_alphanumeric_viewer'], 'cwd': '/home/developer/aerostack2_ws/build/as2_alphanumeric_viewer', 'env': OrderedDict([('HOSTNAME', 'lead-Predator-PHN16-71'), ('SHLVL', '1'), ('LD_LIBRARY_PATH', '/home/developer/aerostack2_ws/install/as2_core/lib:/home/developer/aerostack2_ws/install/as2_msgs/lib:/opt/ros/humble/opt/rviz_ogre_vendor/lib:/opt/ros/humble/lib/x86_64-linux-gnu:/opt/ros/humble/lib'), ('HOME', '/home/developer'), ('ROS_PYTHON_VERSION', '3'), ('ROS_DISTRO', 'humble'), ('_', '/usr/bin/colcon'), ('ROS_VERSION', '2'), ('TERM', 'xterm'), ('ROS_LOCALHOST_ONLY', '0'), ('QT_X11_NO_MITSHM', '1'), ('PATH', '/opt/ros/humble/bin:/usr/local/sbin:/usr/local/bin:/usr/sbin:/usr/bin:/sbin:/bin'), ('DISPLAY', ':1'), ('LANG', 'C.UTF-8'), ('LS_COLORS', 'rs=0:di=01;34:ln=01;36:mh=00:pi=40;33:so=01;35:do=01;35:bd=40;33;01:cd=40;33;01:or=40;31;01:mi=00:su=37;41:sg=30;43:ca=30;41:tw=30;42:ow=34;42:st=37;44:ex=01;32:*.tar=01;31:*.tgz=01;31:*.arc=01;31:*.arj=01;31:*.taz=01;31:*.lha=01;31:*.lz4=01;31:*.lzh=01;31:*.lzma=01;31:*.tlz=01;31:*.txz=01;31:*.tzo=01;31:*.t7z=01;31:*.zip=01;31:*.z=01;31:*.dz=01;31:*.gz=01;31:*.lrz=01;31:*.lz=01;31:*.lzo=01;31:*.xz=01;31:*.zst=01;31:*.tzst=01;31:*.bz2=01;31:*.bz=01;31:*.tbz=01;31:*.tbz2=01;31:*.tz=01;31:*.deb=01;31:*.rpm=01;31:*.jar=01;31:*.war=01;31:*.ear=01;31:*.sar=01;31:*.rar=01;31:*.alz=01;31:*.ace=01;31:*.zoo=01;31:*.cpio=01;31:*.7z=01;31:*.rz=01;31:*.cab=01;31:*.wim=01;31:*.swm=01;31:*.dwm=01;31:*.esd=01;31:*.jpg=01;35:*.jpeg=01;35:*.mjpg=01;35:*.mjpeg=01;35:*.gif=01;35:*.bmp=01;35:*.pbm=01;35:*.pgm=01;35:*.ppm=01;35:*.tga=01;35:*.xbm=01;35:*.xpm=01;35:*.tif=01;35:*.tiff=01;35:*.png=01;35:*.svg=01;35:*.svgz=01;35:*.mng=01;35:*.pcx=01;35:*.mov=01;35:*.mpg=01;35:*.mpeg=01;35:*.m2v=01;35:*.mkv=01;35:*.webm=01;35:*.webp=01;35:*.ogm=01;35:*.mp4=01;35:*.m4v=01;35:*.mp4v=01;35:*.vob=01;35:*.qt=01;35:*.nuv=01;35:*.wmv=01;35:*.asf=01;35:*.rm=01;35:*.rmvb=01;35:*.flc=01;35:*.avi=01;35:*.fli=01;35:*.flv=01;35:*.gl=01;35:*.dl=01;35:*.xcf=01;35:*.xwd=01;35:*.yuv=01;35:*.cgm=01;35:*.emf=01;35:*.ogv=01;35:*.ogx=01;35:*.aac=00;36:*.au=00;36:*.flac=00;36:*.m4a=00;36:*.mid=00;36:*.midi=00;36:*.mka=00;36:*.mp3=00;36:*.mpc=00;36:*.ogg=00;36:*.ra=00;36:*.wav=00;36:*.oga=00;36:*.opus=00;36:*.spx=00;36:*.xspf=00;36:'), ('AMENT_PREFIX_PATH', '/home/developer/aerostack2_ws/install/as2_core:/home/developer/aerostack2_ws/install/as2_msgs:/opt/ros/humble'), ('GZ_VERSION', 'harmonic'), ('PWD', '/home/developer/aerostack2_ws/build/as2_alphanumeric_viewer'), ('LC_ALL', 'C.UTF-8'), ('PYTHONPATH', '/home/developer/aerostack2_ws/install/as2_core/local/lib/python3.10/dist-packages:/home/developer/aerostack2_ws/install/as2_msgs/local/lib/python3.10/dist-packages:/opt/ros/humble/lib/python3.10/site-packages:/opt/ros/humble/local/lib/python3.10/dist-packages'), ('COLCON', '1'), ('CMAKE_PREFIX_PATH', '/home/developer/aerostack2_ws/install/as2_core:/home/developer/aerostack2_ws/install/as2_msgs:/opt/ros/humble')]), 'shell': False}
[57.200727] (as2_alphanumeric_viewer) StdoutLine: {'line': b'-- Install configuration: "Release"\n'}
[57.201044] (as2_alphanumeric_viewer) StdoutLine: {'line': b'-- Execute custom install script\n'}
[57.201338] (as2_alphanumeric_viewer) StdoutLine: {'line': b'-- Symlinking: /home/developer/aerostack2_ws/install/as2_alphanumeric_viewer/share/as2_alphanumeric_viewer/launch/alphanumeric_viewer_launch.py\n'}
[57.206995] (as2_alphanumeric_viewer) StdoutLine: {'line': b'-- Symlinking: /home/developer/aerostack2_ws/install/as2_alphanumeric_viewer/lib/as2_alphanumeric_viewer/as2_alphanumeric_viewer_node\n'}
[57.211914] (as2_alphanumeric_viewer) StdoutLine: {'line': b'-- Symlinking: /home/developer/aerostack2_ws/install/as2_alphanumeric_viewer/share/ament_index/resource_index/package_run_dependencies/as2_alphanumeric_viewer\n'}
[57.218759] (as2_alphanumeric_viewer) StdoutLine: {'line': b'-- Symlinking: /home/developer/aerostack2_ws/install/as2_alphanumeric_viewer/share/ament_index/resource_index/parent_prefix_path/as2_alphanumeric_viewer\n'}
[57.224408] (as2_alphanumeric_viewer) StdoutLine: {'line': b'-- Symlinking: /home/developer/aerostack2_ws/install/as2_alphanumeric_viewer/share/as2_alphanumeric_viewer/environment/ament_prefix_path.sh\n'}
[57.231801] (as2_alphanumeric_viewer) StdoutLine: {'line': b'-- Symlinking: /home/developer/aerostack2_ws/install/as2_alphanumeric_viewer/share/as2_alphanumeric_viewer/environment/ament_prefix_path.dsv\n'}
[57.238861] (as2_alphanumeric_viewer) StdoutLine: {'line': b'-- Symlinking: /home/developer/aerostack2_ws/install/as2_alphanumeric_viewer/share/as2_alphanumeric_viewer/environment/path.sh\n'}
[57.244339] (as2_alphanumeric_viewer) StdoutLine: {'line': b'-- Symlinking: /home/developer/aerostack2_ws/install/as2_alphanumeric_viewer/share/as2_alphanumeric_viewer/environment/path.dsv\n'}
[57.250449] (as2_alphanumeric_viewer) StdoutLine: {'line': b'-- Symlinking: /home/developer/aerostack2_ws/install/as2_alphanumeric_viewer/share/as2_alphanumeric_viewer/local_setup.bash\n'}
[57.255333] (as2_alphanumeric_viewer) StdoutLine: {'line': b'-- Symlinking: /home/developer/aerostack2_ws/install/as2_alphanumeric_viewer/share/as2_alphanumeric_viewer/local_setup.sh\n'}
[57.262329] (as2_alphanumeric_viewer) StdoutLine: {'line': b'-- Symlinking: /home/developer/aerostack2_ws/install/as2_alphanumeric_viewer/share/as2_alphanumeric_viewer/local_setup.zsh\n'}
[57.267856] (as2_alphanumeric_viewer) StdoutLine: {'line': b'-- Symlinking: /home/developer/aerostack2_ws/install/as2_alphanumeric_viewer/share/as2_alphanumeric_viewer/local_setup.dsv\n'}
[57.275029] (as2_alphanumeric_viewer) StdoutLine: {'line': b'-- Symlinking: /home/developer/aerostack2_ws/install/as2_alphanumeric_viewer/share/as2_alphanumeric_viewer/package.dsv\n'}
[57.280802] (as2_alphanumeric_viewer) StdoutLine: {'line': b'-- Symlinking: /home/developer/aerostack2_ws/install/as2_alphanumeric_viewer/share/ament_index/resource_index/packages/as2_alphanumeric_viewer\n'}
[57.286938] (as2_alphanumeric_viewer) StdoutLine: {'line': b'-- Symlinking: /home/developer/aerostack2_ws/install/as2_alphanumeric_viewer/share/as2_alphanumeric_viewer/cmake/as2_alphanumeric_viewerConfig.cmake\n'}
[57.290241] (-) TimerEvent: {}
[57.291563] (as2_alphanumeric_viewer) StdoutLine: {'line': b'-- Symlinking: /home/developer/aerostack2_ws/install/as2_alphanumeric_viewer/share/as2_alphanumeric_viewer/cmake/as2_alphanumeric_viewerConfig-version.cmake\n'}
[57.298750] (as2_alphanumeric_viewer) StdoutLine: {'line': b'-- Symlinking: /home/developer/aerostack2_ws/install/as2_alphanumeric_viewer/share/as2_alphanumeric_viewer/package.xml\n'}
[57.306297] (as2_alphanumeric_viewer) CommandEnded: {'returncode': 0}
[57.314071] (as2_alphanumeric_viewer) JobEnded: {'identifier': 'as2_alphanumeric_viewer', 'rc': 0}
[57.314621] (as2_behavior_tree) JobStarted: {'identifier': 'as2_behavior_tree'}
[57.324661] (as2_behavior_tree) JobProgress: {'identifier': 'as2_behavior_tree', 'progress': 'cmake'}
[57.325685] (as2_behavior_tree) JobProgress: {'identifier': 'as2_behavior_tree', 'progress': 'build'}
[57.325955] (as2_behavior_tree) Command: {'cmd': ['/usr/bin/cmake', '--build', '/home/developer/aerostack2_ws/build/as2_behavior_tree', '--', '-j20', '-l20'], 'cwd': '/home/developer/aerostack2_ws/build/as2_behavior_tree', 'env': OrderedDict([('HOSTNAME', 'lead-Predator-PHN16-71'), ('SHLVL', '1'), ('LD_LIBRARY_PATH', '/home/developer/aerostack2_ws/install/as2_core/lib:/home/developer/aerostack2_ws/install/as2_msgs/lib:/opt/ros/humble/opt/rviz_ogre_vendor/lib:/opt/ros/humble/lib/x86_64-linux-gnu:/opt/ros/humble/lib'), ('HOME', '/home/developer'), ('ROS_PYTHON_VERSION', '3'), ('ROS_DISTRO', 'humble'), ('_', '/usr/bin/colcon'), ('ROS_VERSION', '2'), ('TERM', 'xterm'), ('ROS_LOCALHOST_ONLY', '0'), ('QT_X11_NO_MITSHM', '1'), ('PATH', '/opt/ros/humble/bin:/usr/local/sbin:/usr/local/bin:/usr/sbin:/usr/bin:/sbin:/bin'), ('DISPLAY', ':1'), ('LANG', 'C.UTF-8'), ('LS_COLORS', 'rs=0:di=01;34:ln=01;36:mh=00:pi=40;33:so=01;35:do=01;35:bd=40;33;01:cd=40;33;01:or=40;31;01:mi=00:su=37;41:sg=30;43:ca=30;41:tw=30;42:ow=34;42:st=37;44:ex=01;32:*.tar=01;31:*.tgz=01;31:*.arc=01;31:*.arj=01;31:*.taz=01;31:*.lha=01;31:*.lz4=01;31:*.lzh=01;31:*.lzma=01;31:*.tlz=01;31:*.txz=01;31:*.tzo=01;31:*.t7z=01;31:*.zip=01;31:*.z=01;31:*.dz=01;31:*.gz=01;31:*.lrz=01;31:*.lz=01;31:*.lzo=01;31:*.xz=01;31:*.zst=01;31:*.tzst=01;31:*.bz2=01;31:*.bz=01;31:*.tbz=01;31:*.tbz2=01;31:*.tz=01;31:*.deb=01;31:*.rpm=01;31:*.jar=01;31:*.war=01;31:*.ear=01;31:*.sar=01;31:*.rar=01;31:*.alz=01;31:*.ace=01;31:*.zoo=01;31:*.cpio=01;31:*.7z=01;31:*.rz=01;31:*.cab=01;31:*.wim=01;31:*.swm=01;31:*.dwm=01;31:*.esd=01;31:*.jpg=01;35:*.jpeg=01;35:*.mjpg=01;35:*.mjpeg=01;35:*.gif=01;35:*.bmp=01;35:*.pbm=01;35:*.pgm=01;35:*.ppm=01;35:*.tga=01;35:*.xbm=01;35:*.xpm=01;35:*.tif=01;35:*.tiff=01;35:*.png=01;35:*.svg=01;35:*.svgz=01;35:*.mng=01;35:*.pcx=01;35:*.mov=01;35:*.mpg=01;35:*.mpeg=01;35:*.m2v=01;35:*.mkv=01;35:*.webm=01;35:*.webp=01;35:*.ogm=01;35:*.mp4=01;35:*.m4v=01;35:*.mp4v=01;35:*.vob=01;35:*.qt=01;35:*.nuv=01;35:*.wmv=01;35:*.asf=01;35:*.rm=01;35:*.rmvb=01;35:*.flc=01;35:*.avi=01;35:*.fli=01;35:*.flv=01;35:*.gl=01;35:*.dl=01;35:*.xcf=01;35:*.xwd=01;35:*.yuv=01;35:*.cgm=01;35:*.emf=01;35:*.ogv=01;35:*.ogx=01;35:*.aac=00;36:*.au=00;36:*.flac=00;36:*.m4a=00;36:*.mid=00;36:*.midi=00;36:*.mka=00;36:*.mp3=00;36:*.mpc=00;36:*.ogg=00;36:*.ra=00;36:*.wav=00;36:*.oga=00;36:*.opus=00;36:*.spx=00;36:*.xspf=00;36:'), ('AMENT_PREFIX_PATH', '/home/developer/aerostack2_ws/install/as2_core:/home/developer/aerostack2_ws/install/as2_msgs:/opt/ros/humble'), ('GZ_VERSION', 'harmonic'), ('PWD', '/home/developer/aerostack2_ws/build/as2_behavior_tree'), ('LC_ALL', 'C.UTF-8'), ('PYTHONPATH', '/home/developer/aerostack2_ws/install/as2_core/local/lib/python3.10/dist-packages:/home/developer/aerostack2_ws/install/as2_msgs/local/lib/python3.10/dist-packages:/opt/ros/humble/lib/python3.10/site-packages:/opt/ros/humble/local/lib/python3.10/dist-packages'), ('COLCON', '1'), ('CMAKE_PREFIX_PATH', '/home/developer/aerostack2_ws/install/as2_core:/home/developer/aerostack2_ws/install/as2_msgs:/opt/ros/humble')]), 'shell': False}
[57.370305] (as2_behavior_tree) StdoutLine: {'line': b'[  2%] \x1b[32mBuilding CXX object tests/node_emulators/CMakeFiles/platform_emulator.dir/src/platform_emulator.cpp.o\x1b[0m\n'}
[57.370796] (as2_behavior_tree) StdoutLine: {'line': b'[  5%] \x1b[32mBuilding CXX object tests/node_emulators/CMakeFiles/takeoff_emulator.dir/src/takeoff_emulator.cpp.o\x1b[0m\n'}
[57.370943] (as2_behavior_tree) StdoutLine: {'line': b'[  8%] \x1b[32mBuilding CXX object tests/node_emulators/CMakeFiles/follow_path_emulator.dir/src/follow_path_emulator.cpp.o\x1b[0m\n'}
[57.371041] (as2_behavior_tree) StdoutLine: {'line': b'[ 11%] \x1b[32mBuilding CXX object tests/node_emulators/CMakeFiles/go_to_emulator.dir/src/go_to_emulator.cpp.o\x1b[0m\n'}
[57.374988] (as2_behavior_tree) StdoutLine: {'line': b'[ 17%] \x1b[32mBuilding CXX object CMakeFiles/as2_behavior_tree.dir/plugins/action/arm_service.cpp.o\x1b[0m\n'}
[57.375209] (as2_behavior_tree) StdoutLine: {'line': b'[ 17%] \x1b[32mBuilding CXX object CMakeFiles/as2_behavior_tree.dir/plugins/action/offboard_service.cpp.o\x1b[0m\n'}
[57.375272] (as2_behavior_tree) StdoutLine: {'line': b'[ 23%] \x1b[32mBuilding CXX object CMakeFiles/as2_behavior_tree.dir/plugins/action/go_to_action.cpp.o\x1b[0m\n'}
[57.375320] (as2_behavior_tree) StdoutLine: {'line': b'[ 23%] \x1b[32mBuilding CXX object tests/node_emulators/CMakeFiles/land_emulator.dir/src/land_emulator.cpp.o\x1b[0m\n'}
[57.375359] (as2_behavior_tree) StdoutLine: {'line': b'[ 26%] \x1b[32mBuilding CXX object CMakeFiles/as2_behavior_tree.dir/plugins/action/echo.cpp.o\x1b[0m\n'}
[57.375400] (as2_behavior_tree) StdoutLine: {'line': b'[ 29%] \x1b[32mBuilding CXX object CMakeFiles/as2_behavior_tree.dir/plugins/action/land_action.cpp.o\x1b[0m\n'}
[57.375438] (as2_behavior_tree) StdoutLine: {'line': b'[ 32%] \x1b[32mBuilding CXX object CMakeFiles/as2_behavior_tree.dir/plugins/action/takeoff_action.cpp.o\x1b[0m\n'}
[57.375573] (as2_behavior_tree) StdoutLine: {'line': b'[ 35%] \x1b[32mBuilding CXX object CMakeFiles/as2_behavior_tree.dir/plugins/action/go_to_gps_action.cpp.o\x1b[0m\n'}
[57.375633] (as2_behavior_tree) StdoutLine: {'line': b'[ 38%] \x1b[32mBuilding CXX object CMakeFiles/as2_behavior_tree.dir/plugins/action/set_origin.cpp.o\x1b[0m\n'}
[57.375679] (as2_behavior_tree) StdoutLine: {'line': b'[ 41%] \x1b[32mBuilding CXX object CMakeFiles/as2_behavior_tree.dir/plugins/action/precision_landing_action.cpp.o\x1b[0m\n'}
[57.376036] (as2_behavior_tree) StdoutLine: {'line': b'[ 44%] \x1b[32mBuilding CXX object CMakeFiles/as2_behavior_tree.dir/plugins/action/send_event.cpp.o\x1b[0m\n'}
[57.376192] (as2_behavior_tree) StdoutLine: {'line': b'[ 47%] \x1b[32mBuilding CXX object CMakeFiles/as2_behavior_tree.dir/plugins/condition/is_flying_condition.cpp.o\x1b[0m\n'}
[57.376269] (as2_behavior_tree) StdoutLine: {'line': b'[ 50%] \x1b[32mBuilding CXX object CMakeFiles/as2_behavior_tree.dir/plugins/action/get_origin.cpp.o\x1b[0m\n'}
[57.376705] (as2_behavior_tree) StdoutLine: {'line': b'[ 52%] \x1b[32mBuilding CXX object CMakeFiles/as2_behavior_tree.dir/plugins/action/gps_to_cartesian.cpp.o\x1b[0m\n'}
[57.377057] (as2_behavior_tree) StdoutLine: {'line': b'[ 55%] \x1b[32mBuilding CXX object CMakeFiles/as2_behavior_tree.dir/plugins/decorator/wait_for_event.cpp.o\x1b[0m\n'}
[57.384047] (as2_behavior_tree) StdoutLine: {'line': b'[ 58%] \x1b[32mBuilding CXX object CMakeFiles/as2_behavior_tree.dir/plugins/decorator/wait_for_alert.cpp.o\x1b[0m\n'}
[57.390361] (-) TimerEvent: {}
[57.490687] (-) TimerEvent: {}
[57.591103] (-) TimerEvent: {}
[57.691445] (-) TimerEvent: {}
[57.791778] (-) TimerEvent: {}
[57.893276] (-) TimerEvent: {}
[57.993680] (-) TimerEvent: {}
[58.094040] (-) TimerEvent: {}
[58.194653] (-) TimerEvent: {}
[58.295860] (-) TimerEvent: {}
[58.396177] (-) TimerEvent: {}
[58.496505] (-) TimerEvent: {}
[58.599027] (-) TimerEvent: {}
[58.699355] (-) TimerEvent: {}
[58.799683] (-) TimerEvent: {}
[58.900040] (-) TimerEvent: {}
[59.000450] (-) TimerEvent: {}
[59.102155] (-) TimerEvent: {}
[59.205212] (-) TimerEvent: {}
[59.305679] (-) TimerEvent: {}
[59.407430] (-) TimerEvent: {}
[59.509034] (-) TimerEvent: {}
[59.610031] (-) TimerEvent: {}
[59.710362] (-) TimerEvent: {}
[59.810713] (-) TimerEvent: {}
[59.911058] (-) TimerEvent: {}
[60.012035] (-) TimerEvent: {}
[60.112356] (-) TimerEvent: {}
[60.212711] (-) TimerEvent: {}
[60.313733] (-) TimerEvent: {}
[60.414043] (-) TimerEvent: {}
[60.514338] (-) TimerEvent: {}
[60.615060] (-) TimerEvent: {}
[60.715447] (-) TimerEvent: {}
[60.816050] (-) TimerEvent: {}
[60.917036] (-) TimerEvent: {}
[61.017373] (-) TimerEvent: {}
[61.117713] (-) TimerEvent: {}
[61.219066] (-) TimerEvent: {}
[61.319397] (-) TimerEvent: {}
[61.419747] (-) TimerEvent: {}
[61.520126] (-) TimerEvent: {}
[61.621037] (-) TimerEvent: {}
[61.721427] (-) TimerEvent: {}
[61.822041] (-) TimerEvent: {}
[61.923045] (-) TimerEvent: {}
[62.023399] (-) TimerEvent: {}
[62.123718] (-) TimerEvent: {}
[62.225037] (-) TimerEvent: {}
[62.325414] (-) TimerEvent: {}
[62.426286] (-) TimerEvent: {}
[62.526653] (-) TimerEvent: {}
[62.629220] (-) TimerEvent: {}
[62.729581] (-) TimerEvent: {}
[62.830103] (-) TimerEvent: {}
[62.931660] (-) TimerEvent: {}
[63.033041] (-) TimerEvent: {}
[63.134050] (-) TimerEvent: {}
[63.234421] (-) TimerEvent: {}
[63.335112] (-) TimerEvent: {}
[63.443042] (-) TimerEvent: {}
[63.549027] (-) TimerEvent: {}
[63.649791] (-) TimerEvent: {}
[63.750149] (-) TimerEvent: {}
[63.857047] (-) TimerEvent: {}
[63.957380] (-) TimerEvent: {}
[64.088066] (-) TimerEvent: {}
[64.188407] (-) TimerEvent: {}
[64.288735] (-) TimerEvent: {}
[64.390055] (-) TimerEvent: {}
[64.490454] (-) TimerEvent: {}
[64.590830] (-) TimerEvent: {}
[64.691267] (-) TimerEvent: {}
[64.793345] (-) TimerEvent: {}
[64.893877] (-) TimerEvent: {}
[64.994304] (-) TimerEvent: {}
[65.095606] (-) TimerEvent: {}
[65.195947] (-) TimerEvent: {}
[65.298055] (-) TimerEvent: {}
[65.399035] (-) TimerEvent: {}
[65.427009] (as2_behavior_tree) StdoutLine: {'line': b'[ 61%] \x1b[32mBuilding CXX object CMakeFiles/as2_behavior_tree.dir/plugins/decorator/wait_for_aruco.cpp.o\x1b[0m\n'}
[65.499152] (-) TimerEvent: {}
[65.602046] (-) TimerEvent: {}
[65.702386] (-) TimerEvent: {}
[65.750475] (as2_behavior_tree) StdoutLine: {'line': b'[ 64%] \x1b[32mBuilding CXX object CMakeFiles/as2_behavior_tree.dir/plugins/decorator/wait_for_tf_decorator.cpp.o\x1b[0m\n'}
[65.802494] (-) TimerEvent: {}
[65.902790] (-) TimerEvent: {}
[66.003450] (-) TimerEvent: {}
[66.104072] (-) TimerEvent: {}
[66.207058] (-) TimerEvent: {}
[66.307564] (-) TimerEvent: {}
[66.407972] (-) TimerEvent: {}
[66.508255] (-) TimerEvent: {}
[66.608551] (-) TimerEvent: {}
[66.708846] (-) TimerEvent: {}
[66.719836] (as2_behavior_tree) StdoutLine: {'line': b'[ 67%] \x1b[32m\x1b[1mLinking CXX executable platform_emulator\x1b[0m\n'}
[66.808981] (-) TimerEvent: {}
[66.909305] (-) TimerEvent: {}
[66.985140] (as2_behavior_tree) StdoutLine: {'line': b'[ 67%] Built target platform_emulator\n'}
[67.009427] (-) TimerEvent: {}
[67.109733] (-) TimerEvent: {}
[67.208273] (as2_behavior_tree) StdoutLine: {'line': b'[ 70%] \x1b[32m\x1b[1mLinking CXX executable go_to_emulator\x1b[0m\n'}
[67.209834] (-) TimerEvent: {}
[67.310151] (-) TimerEvent: {}
[67.340174] (as2_behavior_tree) StdoutLine: {'line': b'[ 70%] Built target go_to_emulator\n'}
[67.410270] (-) TimerEvent: {}
[67.510615] (-) TimerEvent: {}
[67.610918] (-) TimerEvent: {}
[67.628740] (as2_behavior_tree) StdoutLine: {'line': b'[ 73%] \x1b[32m\x1b[1mLinking CXX executable land_emulator\x1b[0m\n'}
[67.711059] (-) TimerEvent: {}
[67.747645] (as2_behavior_tree) StdoutLine: {'line': b'[ 73%] Built target land_emulator\n'}
[67.811187] (-) TimerEvent: {}
[67.911531] (-) TimerEvent: {}
[68.011889] (-) TimerEvent: {}
[68.045154] (as2_behavior_tree) StdoutLine: {'line': b'[ 76%] \x1b[32m\x1b[1mLinking CXX executable follow_path_emulator\x1b[0m\n'}
[68.112000] (-) TimerEvent: {}
[68.182609] (as2_behavior_tree) StdoutLine: {'line': b'[ 76%] Built target follow_path_emulator\n'}
[68.212119] (-) TimerEvent: {}
[68.312465] (-) TimerEvent: {}
[68.336323] (as2_behavior_tree) StdoutLine: {'line': b'[ 79%] \x1b[32m\x1b[1mLinking CXX executable takeoff_emulator\x1b[0m\n'}
[68.412576] (-) TimerEvent: {}
[68.512895] (-) TimerEvent: {}
[68.530106] (as2_behavior_tree) StdoutLine: {'line': b'[ 79%] Built target takeoff_emulator\n'}
[68.613004] (-) TimerEvent: {}
[68.713312] (-) TimerEvent: {}
[68.813622] (-) TimerEvent: {}
[68.913945] (-) TimerEvent: {}
[69.014262] (-) TimerEvent: {}
[69.114534] (-) TimerEvent: {}
[69.214853] (-) TimerEvent: {}
[69.315181] (-) TimerEvent: {}
[69.422161] (-) TimerEvent: {}
[69.522480] (-) TimerEvent: {}
[69.622797] (-) TimerEvent: {}
[69.723130] (-) TimerEvent: {}
[69.823437] (-) TimerEvent: {}
[69.923753] (-) TimerEvent: {}
[70.024029] (-) TimerEvent: {}
[70.124346] (-) TimerEvent: {}
[70.224624] (-) TimerEvent: {}
[70.324932] (-) TimerEvent: {}
[70.425209] (-) TimerEvent: {}
[70.525506] (-) TimerEvent: {}
[70.625864] (-) TimerEvent: {}
[70.726141] (-) TimerEvent: {}
[70.826442] (-) TimerEvent: {}
[70.926732] (-) TimerEvent: {}
[71.027106] (-) TimerEvent: {}
[71.127401] (-) TimerEvent: {}
[71.227635] (-) TimerEvent: {}
[71.327866] (-) TimerEvent: {}
[71.428302] (-) TimerEvent: {}
[71.528568] (-) TimerEvent: {}
[71.628813] (-) TimerEvent: {}
[71.729046] (-) TimerEvent: {}
[71.829275] (-) TimerEvent: {}
[71.929526] (-) TimerEvent: {}
[72.029775] (-) TimerEvent: {}
[72.130028] (-) TimerEvent: {}
[72.230239] (-) TimerEvent: {}
[72.330493] (-) TimerEvent: {}
[72.430735] (-) TimerEvent: {}
[72.531032] (-) TimerEvent: {}
[72.631306] (-) TimerEvent: {}
[72.731562] (-) TimerEvent: {}
[72.831868] (-) TimerEvent: {}
[72.932142] (-) TimerEvent: {}
[73.032437] (-) TimerEvent: {}
[73.132738] (-) TimerEvent: {}
[73.233060] (-) TimerEvent: {}
[73.333349] (-) TimerEvent: {}
[73.433648] (-) TimerEvent: {}
[73.533934] (-) TimerEvent: {}
[73.634213] (-) TimerEvent: {}
[73.734501] (-) TimerEvent: {}
[73.834780] (-) TimerEvent: {}
[73.935145] (-) TimerEvent: {}
[74.035485] (-) TimerEvent: {}
[74.135796] (-) TimerEvent: {}
[74.236085] (-) TimerEvent: {}
[74.336408] (-) TimerEvent: {}
[74.436674] (-) TimerEvent: {}
[74.537055] (-) TimerEvent: {}
[74.593809] (as2_behavior_tree) StdoutLine: {'line': b'[ 82%] \x1b[32m\x1b[1mLinking CXX shared library libas2_behavior_tree.so\x1b[0m\n'}
[74.637185] (-) TimerEvent: {}
[74.737472] (-) TimerEvent: {}
[74.837775] (-) TimerEvent: {}
[74.858463] (as2_behavior_tree) StdoutLine: {'line': b'[ 82%] Built target as2_behavior_tree\n'}
[74.881353] (as2_behavior_tree) StdoutLine: {'line': b'[ 85%] \x1b[32mBuilding CXX object tests/CMakeFiles/as2_behavior_tree_port_test.dir/port_test.cpp.o\x1b[0m\n'}
[74.882285] (as2_behavior_tree) StdoutLine: {'line': b'[ 88%] \x1b[32mBuilding CXX object CMakeFiles/as2_behavior_tree_node.dir/src/as2_behavior_tree_node.cpp.o\x1b[0m\n'}
[74.882538] (as2_behavior_tree) StdoutLine: {'line': b'[ 91%] \x1b[32mBuilding CXX object tests/CMakeFiles/as2_behavior_tree_port_pose_test.dir/port_pose_test.cpp.o\x1b[0m\n'}
[74.937880] (-) TimerEvent: {}
[75.038176] (-) TimerEvent: {}
[75.138481] (-) TimerEvent: {}
[75.238757] (-) TimerEvent: {}
[75.339037] (-) TimerEvent: {}
[75.439443] (-) TimerEvent: {}
[75.539826] (-) TimerEvent: {}
[75.640138] (-) TimerEvent: {}
[75.740479] (-) TimerEvent: {}
[75.840793] (-) TimerEvent: {}
[75.941104] (-) TimerEvent: {}
[76.041388] (-) TimerEvent: {}
[76.141680] (-) TimerEvent: {}
[76.242017] (-) TimerEvent: {}
[76.342316] (-) TimerEvent: {}
[76.442611] (-) TimerEvent: {}
[76.542938] (-) TimerEvent: {}
[76.643242] (-) TimerEvent: {}
[76.743565] (-) TimerEvent: {}
[76.843868] (-) TimerEvent: {}
[76.944208] (-) TimerEvent: {}
[77.044538] (-) TimerEvent: {}
[77.144843] (-) TimerEvent: {}
[77.245148] (-) TimerEvent: {}
[77.345422] (-) TimerEvent: {}
[77.351852] (as2_behavior_tree) StdoutLine: {'line': b'[ 94%] \x1b[32m\x1b[1mLinking CXX executable as2_behavior_tree_port_test\x1b[0m\n'}
[77.412499] (as2_behavior_tree) StdoutLine: {'line': b'[ 97%] \x1b[32m\x1b[1mLinking CXX executable as2_behavior_tree_port_pose_test\x1b[0m\n'}
[77.445550] (-) TimerEvent: {}
[77.461175] (as2_behavior_tree) StdoutLine: {'line': b'[ 97%] Built target as2_behavior_tree_port_test\n'}
[77.506480] (as2_behavior_tree) StdoutLine: {'line': b'[ 97%] Built target as2_behavior_tree_port_pose_test\n'}
[77.545664] (-) TimerEvent: {}
[77.646036] (-) TimerEvent: {}
[77.746295] (-) TimerEvent: {}
[77.846564] (-) TimerEvent: {}
[77.946836] (-) TimerEvent: {}
[78.047142] (-) TimerEvent: {}
[78.147422] (-) TimerEvent: {}
[78.247685] (-) TimerEvent: {}
[78.347966] (-) TimerEvent: {}
[78.448246] (-) TimerEvent: {}
[78.548539] (-) TimerEvent: {}
[78.648831] (-) TimerEvent: {}
[78.749148] (-) TimerEvent: {}
[78.849533] (-) TimerEvent: {}
[78.949905] (-) TimerEvent: {}
[79.050200] (-) TimerEvent: {}
[79.150478] (-) TimerEvent: {}
[79.250826] (-) TimerEvent: {}
[79.351112] (-) TimerEvent: {}
[79.451467] (-) TimerEvent: {}
[79.551831] (-) TimerEvent: {}
[79.652132] (-) TimerEvent: {}
[79.752391] (-) TimerEvent: {}
[79.852661] (-) TimerEvent: {}
[79.953000] (-) TimerEvent: {}
[80.053280] (-) TimerEvent: {}
[80.153583] (-) TimerEvent: {}
[80.253997] (-) TimerEvent: {}
[80.354270] (-) TimerEvent: {}
[80.454530] (-) TimerEvent: {}
[80.554838] (-) TimerEvent: {}
[80.655140] (-) TimerEvent: {}
[80.755464] (-) TimerEvent: {}
[80.855752] (-) TimerEvent: {}
[80.956023] (-) TimerEvent: {}
[81.056295] (-) TimerEvent: {}
[81.156566] (-) TimerEvent: {}
[81.256838] (-) TimerEvent: {}
[81.357144] (-) TimerEvent: {}
[81.457460] (-) TimerEvent: {}
[81.557777] (-) TimerEvent: {}
[81.658018] (-) TimerEvent: {}
[81.758299] (-) TimerEvent: {}
[81.858597] (-) TimerEvent: {}
[81.958898] (-) TimerEvent: {}
[82.059201] (-) TimerEvent: {}
[82.159493] (-) TimerEvent: {}
[82.259745] (-) TimerEvent: {}
[82.360072] (-) TimerEvent: {}
[82.460338] (-) TimerEvent: {}
[82.560582] (-) TimerEvent: {}
[82.660841] (-) TimerEvent: {}
[82.761092] (-) TimerEvent: {}
[82.861351] (-) TimerEvent: {}
[82.961581] (-) TimerEvent: {}
[83.061823] (-) TimerEvent: {}
[83.162070] (-) TimerEvent: {}
[83.262318] (-) TimerEvent: {}
[83.362642] (-) TimerEvent: {}
[83.463003] (-) TimerEvent: {}
[83.563268] (-) TimerEvent: {}
[83.663574] (-) TimerEvent: {}
[83.763885] (-) TimerEvent: {}
[83.864216] (-) TimerEvent: {}
[83.936653] (as2_behavior_tree) StdoutLine: {'line': b'[100%] \x1b[32m\x1b[1mLinking CXX executable as2_behavior_tree_node\x1b[0m\n'}
[83.964421] (-) TimerEvent: {}
[84.064683] (-) TimerEvent: {}
[84.104045] (as2_behavior_tree) StdoutLine: {'line': b'[100%] Built target as2_behavior_tree_node\n'}
[84.111985] (as2_behavior_tree) CommandEnded: {'returncode': 0}
[84.112789] (as2_behavior_tree) JobProgress: {'identifier': 'as2_behavior_tree', 'progress': 'install'}
[84.113455] (as2_behavior_tree) Command: {'cmd': ['/usr/bin/cmake', '--install', '/home/developer/aerostack2_ws/build/as2_behavior_tree'], 'cwd': '/home/developer/aerostack2_ws/build/as2_behavior_tree', 'env': OrderedDict([('HOSTNAME', 'lead-Predator-PHN16-71'), ('SHLVL', '1'), ('LD_LIBRARY_PATH', '/home/developer/aerostack2_ws/install/as2_core/lib:/home/developer/aerostack2_ws/install/as2_msgs/lib:/opt/ros/humble/opt/rviz_ogre_vendor/lib:/opt/ros/humble/lib/x86_64-linux-gnu:/opt/ros/humble/lib'), ('HOME', '/home/developer'), ('ROS_PYTHON_VERSION', '3'), ('ROS_DISTRO', 'humble'), ('_', '/usr/bin/colcon'), ('ROS_VERSION', '2'), ('TERM', 'xterm'), ('ROS_LOCALHOST_ONLY', '0'), ('QT_X11_NO_MITSHM', '1'), ('PATH', '/opt/ros/humble/bin:/usr/local/sbin:/usr/local/bin:/usr/sbin:/usr/bin:/sbin:/bin'), ('DISPLAY', ':1'), ('LANG', 'C.UTF-8'), ('LS_COLORS', 'rs=0:di=01;34:ln=01;36:mh=00:pi=40;33:so=01;35:do=01;35:bd=40;33;01:cd=40;33;01:or=40;31;01:mi=00:su=37;41:sg=30;43:ca=30;41:tw=30;42:ow=34;42:st=37;44:ex=01;32:*.tar=01;31:*.tgz=01;31:*.arc=01;31:*.arj=01;31:*.taz=01;31:*.lha=01;31:*.lz4=01;31:*.lzh=01;31:*.lzma=01;31:*.tlz=01;31:*.txz=01;31:*.tzo=01;31:*.t7z=01;31:*.zip=01;31:*.z=01;31:*.dz=01;31:*.gz=01;31:*.lrz=01;31:*.lz=01;31:*.lzo=01;31:*.xz=01;31:*.zst=01;31:*.tzst=01;31:*.bz2=01;31:*.bz=01;31:*.tbz=01;31:*.tbz2=01;31:*.tz=01;31:*.deb=01;31:*.rpm=01;31:*.jar=01;31:*.war=01;31:*.ear=01;31:*.sar=01;31:*.rar=01;31:*.alz=01;31:*.ace=01;31:*.zoo=01;31:*.cpio=01;31:*.7z=01;31:*.rz=01;31:*.cab=01;31:*.wim=01;31:*.swm=01;31:*.dwm=01;31:*.esd=01;31:*.jpg=01;35:*.jpeg=01;35:*.mjpg=01;35:*.mjpeg=01;35:*.gif=01;35:*.bmp=01;35:*.pbm=01;35:*.pgm=01;35:*.ppm=01;35:*.tga=01;35:*.xbm=01;35:*.xpm=01;35:*.tif=01;35:*.tiff=01;35:*.png=01;35:*.svg=01;35:*.svgz=01;35:*.mng=01;35:*.pcx=01;35:*.mov=01;35:*.mpg=01;35:*.mpeg=01;35:*.m2v=01;35:*.mkv=01;35:*.webm=01;35:*.webp=01;35:*.ogm=01;35:*.mp4=01;35:*.m4v=01;35:*.mp4v=01;35:*.vob=01;35:*.qt=01;35:*.nuv=01;35:*.wmv=01;35:*.asf=01;35:*.rm=01;35:*.rmvb=01;35:*.flc=01;35:*.avi=01;35:*.fli=01;35:*.flv=01;35:*.gl=01;35:*.dl=01;35:*.xcf=01;35:*.xwd=01;35:*.yuv=01;35:*.cgm=01;35:*.emf=01;35:*.ogv=01;35:*.ogx=01;35:*.aac=00;36:*.au=00;36:*.flac=00;36:*.m4a=00;36:*.mid=00;36:*.midi=00;36:*.mka=00;36:*.mp3=00;36:*.mpc=00;36:*.ogg=00;36:*.ra=00;36:*.wav=00;36:*.oga=00;36:*.opus=00;36:*.spx=00;36:*.xspf=00;36:'), ('AMENT_PREFIX_PATH', '/home/developer/aerostack2_ws/install/as2_core:/home/developer/aerostack2_ws/install/as2_msgs:/opt/ros/humble'), ('GZ_VERSION', 'harmonic'), ('PWD', '/home/developer/aerostack2_ws/build/as2_behavior_tree'), ('LC_ALL', 'C.UTF-8'), ('PYTHONPATH', '/home/developer/aerostack2_ws/install/as2_core/local/lib/python3.10/dist-packages:/home/developer/aerostack2_ws/install/as2_msgs/local/lib/python3.10/dist-packages:/opt/ros/humble/lib/python3.10/site-packages:/opt/ros/humble/local/lib/python3.10/dist-packages'), ('COLCON', '1'), ('CMAKE_PREFIX_PATH', '/home/developer/aerostack2_ws/install/as2_core:/home/developer/aerostack2_ws/install/as2_msgs:/opt/ros/humble')]), 'shell': False}
[84.120029] (as2_behavior_tree) StdoutLine: {'line': b'-- Install configuration: "Release"\n'}
[84.121256] (as2_behavior_tree) StdoutLine: {'line': b'-- Execute custom install script\n'}
[84.121944] (as2_behavior_tree) StdoutLine: {'line': b'-- Symlinking: /home/developer/aerostack2_ws/install/as2_behavior_tree/include/as2_behavior_tree/action/arm_service.hpp\n'}
[84.128805] (as2_behavior_tree) StdoutLine: {'line': b'-- Symlinking: /home/developer/aerostack2_ws/install/as2_behavior_tree/include/as2_behavior_tree/action/echo.hpp\n'}
[84.132974] (as2_behavior_tree) StdoutLine: {'line': b'-- Symlinking: /home/developer/aerostack2_ws/install/as2_behavior_tree/include/as2_behavior_tree/action/follow_path.hpp\n'}
[84.138291] (as2_behavior_tree) StdoutLine: {'line': b'-- Symlinking: /home/developer/aerostack2_ws/install/as2_behavior_tree/include/as2_behavior_tree/action/get_origin.hpp\n'}
[84.142731] (as2_behavior_tree) StdoutLine: {'line': b'-- Symlinking: /home/developer/aerostack2_ws/install/as2_behavior_tree/include/as2_behavior_tree/action/go_to_action.hpp\n'}
[84.149944] (as2_behavior_tree) StdoutLine: {'line': b'-- Symlinking: /home/developer/aerostack2_ws/install/as2_behavior_tree/include/as2_behavior_tree/action/go_to_gps_action.hpp\n'}
[84.156508] (as2_behavior_tree) StdoutLine: {'line': b'-- Symlinking: /home/developer/aerostack2_ws/install/as2_behavior_tree/include/as2_behavior_tree/action/gps_to_cartesian.hpp\n'}
[84.162233] (as2_behavior_tree) StdoutLine: {'line': b'-- Symlinking: /home/developer/aerostack2_ws/install/as2_behavior_tree/include/as2_behavior_tree/action/land_action.hpp\n'}
[84.164785] (-) TimerEvent: {}
[84.169702] (as2_behavior_tree) StdoutLine: {'line': b'-- Symlinking: /home/developer/aerostack2_ws/install/as2_behavior_tree/include/as2_behavior_tree/action/offboard_service.hpp\n'}
[84.173939] (as2_behavior_tree) StdoutLine: {'line': b'-- Symlinking: /home/developer/aerostack2_ws/install/as2_behavior_tree/include/as2_behavior_tree/action/precision_landing_action.hpp\n'}
[84.178327] (as2_behavior_tree) StdoutLine: {'line': b'-- Symlinking: /home/developer/aerostack2_ws/install/as2_behavior_tree/include/as2_behavior_tree/action/send_event.hpp\n'}
[84.182731] (as2_behavior_tree) StdoutLine: {'line': b'-- Symlinking: /home/developer/aerostack2_ws/install/as2_behavior_tree/include/as2_behavior_tree/action/set_origin.hpp\n'}
[84.190193] (as2_behavior_tree) StdoutLine: {'line': b'-- Symlinking: /home/developer/aerostack2_ws/install/as2_behavior_tree/include/as2_behavior_tree/action/takeoff_action.hpp\n'}
[84.194842] (as2_behavior_tree) StdoutLine: {'line': b'-- Symlinking: /home/developer/aerostack2_ws/install/as2_behavior_tree/include/as2_behavior_tree/bt_action_node.hpp\n'}
[84.198950] (as2_behavior_tree) StdoutLine: {'line': b'-- Symlinking: /home/developer/aerostack2_ws/install/as2_behavior_tree/include/as2_behavior_tree/bt_service_node.hpp\n'}
[84.203963] (as2_behavior_tree) StdoutLine: {'line': b'-- Symlinking: /home/developer/aerostack2_ws/install/as2_behavior_tree/include/as2_behavior_tree/condition/is_flying_condition.hpp\n'}
[84.210951] (as2_behavior_tree) StdoutLine: {'line': b'-- Symlinking: /home/developer/aerostack2_ws/install/as2_behavior_tree/include/as2_behavior_tree/decorator/wait_for_alert.hpp\n'}
[84.216816] (as2_behavior_tree) StdoutLine: {'line': b'-- Symlinking: /home/developer/aerostack2_ws/install/as2_behavior_tree/include/as2_behavior_tree/decorator/wait_for_aruco.hpp\n'}
[84.222061] (as2_behavior_tree) StdoutLine: {'line': b'-- Symlinking: /home/developer/aerostack2_ws/install/as2_behavior_tree/include/as2_behavior_tree/decorator/wait_for_event.hpp\n'}
[84.227351] (as2_behavior_tree) StdoutLine: {'line': b'-- Symlinking: /home/developer/aerostack2_ws/install/as2_behavior_tree/include/as2_behavior_tree/decorator/wait_for_tf_decorator.hpp\n'}
[84.233219] (as2_behavior_tree) StdoutLine: {'line': b'-- Symlinking: /home/developer/aerostack2_ws/install/as2_behavior_tree/include/as2_behavior_tree/port_specialization.hpp\n'}
[84.247546] (as2_behavior_tree) StdoutLine: {'line': b'-- Symlinking: /home/developer/aerostack2_ws/install/as2_behavior_tree/lib/as2_behavior_tree/as2_behavior_tree_node\n'}
[84.254155] (as2_behavior_tree) StdoutLine: {'line': b'-- Symlinking: /home/developer/aerostack2_ws/install/as2_behavior_tree/share/as2_behavior_tree/launch/behavior_trees.launch.py\n'}
[84.259926] (as2_behavior_tree) StdoutLine: {'line': b'-- Symlinking: /home/developer/aerostack2_ws/install/as2_behavior_tree/share/as2_behavior_tree/resource/RTL_test_2.xml\n'}
[84.264832] (-) TimerEvent: {}
[84.267021] (as2_behavior_tree) StdoutLine: {'line': b'-- Symlinking: /home/developer/aerostack2_ws/install/as2_behavior_tree/share/as2_behavior_tree/resource/actions.xml\n'}
[84.272765] (as2_behavior_tree) StdoutLine: {'line': b'-- Symlinking: /home/developer/aerostack2_ws/install/as2_behavior_tree/share/as2_behavior_tree/resource/arm_test.xml\n'}
[84.278686] (as2_behavior_tree) StdoutLine: {'line': b'-- Symlinking: /home/developer/aerostack2_ws/install/as2_behavior_tree/share/as2_behavior_tree/resource/basic_mission.xml\n'}
[84.283041] (as2_behavior_tree) StdoutLine: {'line': b'-- Symlinking: /home/developer/aerostack2_ws/install/as2_behavior_tree/share/as2_behavior_tree/resource/event_test.xml\n'}
[84.287621] (as2_behavior_tree) StdoutLine: {'line': b'-- Symlinking: /home/developer/aerostack2_ws/install/as2_behavior_tree/share/as2_behavior_tree/resource/event_test_2.xml\n'}
[84.291941] (as2_behavior_tree) StdoutLine: {'line': b'-- Symlinking: /home/developer/aerostack2_ws/install/as2_behavior_tree/share/as2_behavior_tree/resource/follow_path_test.xml\n'}
[84.298038] (as2_behavior_tree) StdoutLine: {'line': b'-- Symlinking: /home/developer/aerostack2_ws/install/as2_behavior_tree/share/as2_behavior_tree/resource/takeoff.xml\n'}
[84.302827] (as2_behavior_tree) StdoutLine: {'line': b'-- Symlinking: /home/developer/aerostack2_ws/install/as2_behavior_tree/share/as2_behavior_tree/resource/test.xml\n'}
[84.309621] (as2_behavior_tree) StdoutLine: {'line': b'-- Symlinking: /home/developer/aerostack2_ws/install/as2_behavior_tree/share/as2_behavior_tree/launch/all_emulator.launch.py\n'}
[84.316541] (as2_behavior_tree) StdoutLine: {'line': b'-- Symlinking: /home/developer/aerostack2_ws/install/as2_behavior_tree/share/as2_behavior_tree/launch/land_emulator.launch.py\n'}
[84.322025] (as2_behavior_tree) StdoutLine: {'line': b'-- Symlinking: /home/developer/aerostack2_ws/install/as2_behavior_tree/share/as2_behavior_tree/launch/takeoff_emulator.launch.py\n'}
[84.327967] (as2_behavior_tree) StdoutLine: {'line': b'-- Symlinking: /home/developer/aerostack2_ws/install/as2_behavior_tree/lib/as2_behavior_tree/platform_emulator\n'}
[84.333449] (as2_behavior_tree) StdoutLine: {'line': b'-- Symlinking: /home/developer/aerostack2_ws/install/as2_behavior_tree/lib/as2_behavior_tree/takeoff_emulator\n'}
[84.339091] (as2_behavior_tree) StdoutLine: {'line': b'-- Symlinking: /home/developer/aerostack2_ws/install/as2_behavior_tree/lib/as2_behavior_tree/land_emulator\n'}
[84.346164] (as2_behavior_tree) StdoutLine: {'line': b'-- Symlinking: /home/developer/aerostack2_ws/install/as2_behavior_tree/lib/as2_behavior_tree/go_to_emulator\n'}
[84.351425] (as2_behavior_tree) StdoutLine: {'line': b'-- Symlinking: /home/developer/aerostack2_ws/install/as2_behavior_tree/lib/as2_behavior_tree/follow_path_emulator\n'}
[84.357911] (as2_behavior_tree) StdoutLine: {'line': b'-- Symlinking: /home/developer/aerostack2_ws/install/as2_behavior_tree/share/ament_index/resource_index/package_run_dependencies/as2_behavior_tree\n'}
[84.363210] (as2_behavior_tree) StdoutLine: {'line': b'-- Symlinking: /home/developer/aerostack2_ws/install/as2_behavior_tree/share/ament_index/resource_index/parent_prefix_path/as2_behavior_tree\n'}
[84.365056] (-) TimerEvent: {}
[84.369117] (as2_behavior_tree) StdoutLine: {'line': b'-- Symlinking: /home/developer/aerostack2_ws/install/as2_behavior_tree/share/as2_behavior_tree/environment/ament_prefix_path.sh\n'}
[84.374427] (as2_behavior_tree) StdoutLine: {'line': b'-- Symlinking: /home/developer/aerostack2_ws/install/as2_behavior_tree/share/as2_behavior_tree/environment/ament_prefix_path.dsv\n'}
[84.381414] (as2_behavior_tree) StdoutLine: {'line': b'-- Symlinking: /home/developer/aerostack2_ws/install/as2_behavior_tree/share/as2_behavior_tree/environment/path.sh\n'}
[84.388203] (as2_behavior_tree) StdoutLine: {'line': b'-- Symlinking: /home/developer/aerostack2_ws/install/as2_behavior_tree/share/as2_behavior_tree/environment/path.dsv\n'}
[84.392642] (as2_behavior_tree) StdoutLine: {'line': b'-- Symlinking: /home/developer/aerostack2_ws/install/as2_behavior_tree/share/as2_behavior_tree/local_setup.bash\n'}
[84.397388] (as2_behavior_tree) StdoutLine: {'line': b'-- Symlinking: /home/developer/aerostack2_ws/install/as2_behavior_tree/share/as2_behavior_tree/local_setup.sh\n'}
[84.403139] (as2_behavior_tree) StdoutLine: {'line': b'-- Symlinking: /home/developer/aerostack2_ws/install/as2_behavior_tree/share/as2_behavior_tree/local_setup.zsh\n'}
[84.409132] (as2_behavior_tree) StdoutLine: {'line': b'-- Symlinking: /home/developer/aerostack2_ws/install/as2_behavior_tree/share/as2_behavior_tree/local_setup.dsv\n'}
[84.416335] (as2_behavior_tree) StdoutLine: {'line': b'-- Symlinking: /home/developer/aerostack2_ws/install/as2_behavior_tree/share/as2_behavior_tree/package.dsv\n'}
[84.422502] (as2_behavior_tree) StdoutLine: {'line': b'-- Symlinking: /home/developer/aerostack2_ws/install/as2_behavior_tree/share/ament_index/resource_index/packages/as2_behavior_tree\n'}
[84.428987] (as2_behavior_tree) StdoutLine: {'line': b'-- Symlinking: /home/developer/aerostack2_ws/install/as2_behavior_tree/share/as2_behavior_tree/cmake/as2_behavior_treeConfig.cmake\n'}
[84.434589] (as2_behavior_tree) StdoutLine: {'line': b'-- Symlinking: /home/developer/aerostack2_ws/install/as2_behavior_tree/share/as2_behavior_tree/cmake/as2_behavior_treeConfig-version.cmake\n'}
[84.439999] (as2_behavior_tree) StdoutLine: {'line': b'-- Symlinking: /home/developer/aerostack2_ws/install/as2_behavior_tree/share/as2_behavior_tree/package.xml\n'}
[84.447119] (as2_behavior_tree) StdoutLine: {'line': b'-- Installing: /home/developer/aerostack2_ws/install/as2_behavior_tree/lib/libas2_behavior_tree.so\n'}
[84.449175] (as2_behavior_tree) StdoutLine: {'line': b'-- Set runtime path of "/home/developer/aerostack2_ws/install/as2_behavior_tree/lib/libas2_behavior_tree.so" to ""\n'}
[84.450703] (as2_behavior_tree) CommandEnded: {'returncode': 0}
[84.461425] (as2_behavior_tree) JobEnded: {'identifier': 'as2_behavior_tree', 'rc': 0}
[84.462013] (as2_external_object_to_tf) JobStarted: {'identifier': 'as2_external_object_to_tf'}
[84.465139] (-) TimerEvent: {}
[84.472612] (as2_external_object_to_tf) JobProgress: {'identifier': 'as2_external_object_to_tf', 'progress': 'cmake'}
[84.473398] (as2_external_object_to_tf) JobProgress: {'identifier': 'as2_external_object_to_tf', 'progress': 'build'}
[84.473558] (as2_external_object_to_tf) Command: {'cmd': ['/usr/bin/cmake', '--build', '/home/developer/aerostack2_ws/build/as2_external_object_to_tf', '--', '-j20', '-l20'], 'cwd': '/home/developer/aerostack2_ws/build/as2_external_object_to_tf', 'env': OrderedDict([('HOSTNAME', 'lead-Predator-PHN16-71'), ('SHLVL', '1'), ('LD_LIBRARY_PATH', '/home/developer/aerostack2_ws/install/as2_core/lib:/home/developer/aerostack2_ws/install/as2_msgs/lib:/opt/ros/humble/opt/rviz_ogre_vendor/lib:/opt/ros/humble/lib/x86_64-linux-gnu:/opt/ros/humble/lib'), ('HOME', '/home/developer'), ('ROS_PYTHON_VERSION', '3'), ('ROS_DISTRO', 'humble'), ('_', '/usr/bin/colcon'), ('ROS_VERSION', '2'), ('TERM', 'xterm'), ('ROS_LOCALHOST_ONLY', '0'), ('QT_X11_NO_MITSHM', '1'), ('PATH', '/opt/ros/humble/bin:/usr/local/sbin:/usr/local/bin:/usr/sbin:/usr/bin:/sbin:/bin'), ('DISPLAY', ':1'), ('LANG', 'C.UTF-8'), ('LS_COLORS', 'rs=0:di=01;34:ln=01;36:mh=00:pi=40;33:so=01;35:do=01;35:bd=40;33;01:cd=40;33;01:or=40;31;01:mi=00:su=37;41:sg=30;43:ca=30;41:tw=30;42:ow=34;42:st=37;44:ex=01;32:*.tar=01;31:*.tgz=01;31:*.arc=01;31:*.arj=01;31:*.taz=01;31:*.lha=01;31:*.lz4=01;31:*.lzh=01;31:*.lzma=01;31:*.tlz=01;31:*.txz=01;31:*.tzo=01;31:*.t7z=01;31:*.zip=01;31:*.z=01;31:*.dz=01;31:*.gz=01;31:*.lrz=01;31:*.lz=01;31:*.lzo=01;31:*.xz=01;31:*.zst=01;31:*.tzst=01;31:*.bz2=01;31:*.bz=01;31:*.tbz=01;31:*.tbz2=01;31:*.tz=01;31:*.deb=01;31:*.rpm=01;31:*.jar=01;31:*.war=01;31:*.ear=01;31:*.sar=01;31:*.rar=01;31:*.alz=01;31:*.ace=01;31:*.zoo=01;31:*.cpio=01;31:*.7z=01;31:*.rz=01;31:*.cab=01;31:*.wim=01;31:*.swm=01;31:*.dwm=01;31:*.esd=01;31:*.jpg=01;35:*.jpeg=01;35:*.mjpg=01;35:*.mjpeg=01;35:*.gif=01;35:*.bmp=01;35:*.pbm=01;35:*.pgm=01;35:*.ppm=01;35:*.tga=01;35:*.xbm=01;35:*.xpm=01;35:*.tif=01;35:*.tiff=01;35:*.png=01;35:*.svg=01;35:*.svgz=01;35:*.mng=01;35:*.pcx=01;35:*.mov=01;35:*.mpg=01;35:*.mpeg=01;35:*.m2v=01;35:*.mkv=01;35:*.webm=01;35:*.webp=01;35:*.ogm=01;35:*.mp4=01;35:*.m4v=01;35:*.mp4v=01;35:*.vob=01;35:*.qt=01;35:*.nuv=01;35:*.wmv=01;35:*.asf=01;35:*.rm=01;35:*.rmvb=01;35:*.flc=01;35:*.avi=01;35:*.fli=01;35:*.flv=01;35:*.gl=01;35:*.dl=01;35:*.xcf=01;35:*.xwd=01;35:*.yuv=01;35:*.cgm=01;35:*.emf=01;35:*.ogv=01;35:*.ogx=01;35:*.aac=00;36:*.au=00;36:*.flac=00;36:*.m4a=00;36:*.mid=00;36:*.midi=00;36:*.mka=00;36:*.mp3=00;36:*.mpc=00;36:*.ogg=00;36:*.ra=00;36:*.wav=00;36:*.oga=00;36:*.opus=00;36:*.spx=00;36:*.xspf=00;36:'), ('AMENT_PREFIX_PATH', '/home/developer/aerostack2_ws/install/as2_core:/home/developer/aerostack2_ws/install/as2_msgs:/opt/ros/humble'), ('GZ_VERSION', 'harmonic'), ('PWD', '/home/developer/aerostack2_ws/build/as2_external_object_to_tf'), ('LC_ALL', 'C.UTF-8'), ('PYTHONPATH', '/home/developer/aerostack2_ws/install/as2_core/local/lib/python3.10/dist-packages:/home/developer/aerostack2_ws/install/as2_msgs/local/lib/python3.10/dist-packages:/opt/ros/humble/lib/python3.10/site-packages:/opt/ros/humble/local/lib/python3.10/dist-packages'), ('COLCON', '1'), ('CMAKE_PREFIX_PATH', '/home/developer/aerostack2_ws/install/as2_core:/home/developer/aerostack2_ws/install/as2_msgs:/opt/ros/humble')]), 'shell': False}
[84.516975] (as2_external_object_to_tf) StdoutLine: {'line': b'\x1b[35m\x1b[1mConsolidate compiler generated dependencies of target gtest_main\x1b[0m\n'}
[84.520500] (as2_external_object_to_tf) StdoutLine: {'line': b'[  9%] \x1b[32mBuilding CXX object CMakeFiles/as2_external_object_to_tf.dir/src/as2_external_object_to_tf.cpp.o\x1b[0m\n'}
[84.523830] (as2_external_object_to_tf) StdoutLine: {'line': b'[ 18%] \x1b[32mBuilding CXX object gtest/CMakeFiles/gtest.dir/src/gtest-all.cc.o\x1b[0m\n'}
[84.524945] (as2_external_object_to_tf) StdoutLine: {'line': b'[ 27%] \x1b[32mBuilding CXX object CMakeFiles/as2_external_object_to_tf_node.dir/src/as2_external_object_to_tf_node.cpp.o\x1b[0m\n'}
[84.525332] (as2_external_object_to_tf) StdoutLine: {'line': b'[ 36%] \x1b[32mBuilding CXX object CMakeFiles/as2_external_object_to_tf_node.dir/src/as2_external_object_to_tf.cpp.o\x1b[0m\n'}
[84.526865] (as2_external_object_to_tf) StdoutLine: {'line': b'[ 54%] Built target gtest_main\n'}
[84.565250] (-) TimerEvent: {}
[84.665513] (-) TimerEvent: {}
[84.765810] (-) TimerEvent: {}
[84.866117] (-) TimerEvent: {}
[84.966398] (-) TimerEvent: {}
[85.066689] (-) TimerEvent: {}
[85.166997] (-) TimerEvent: {}
[85.267300] (-) TimerEvent: {}
[85.367625] (-) TimerEvent: {}
[85.467944] (-) TimerEvent: {}
[85.568232] (-) TimerEvent: {}
[85.668527] (-) TimerEvent: {}
[85.768834] (-) TimerEvent: {}
[85.869168] (-) TimerEvent: {}
[85.969525] (-) TimerEvent: {}
[86.069859] (-) TimerEvent: {}
[86.170178] (-) TimerEvent: {}
[86.270495] (-) TimerEvent: {}
[86.370855] (-) TimerEvent: {}
[86.471093] (-) TimerEvent: {}
[86.571407] (-) TimerEvent: {}
[86.671693] (-) TimerEvent: {}
[86.772029] (-) TimerEvent: {}
[86.872325] (-) TimerEvent: {}
[86.972614] (-) TimerEvent: {}
[87.072889] (-) TimerEvent: {}
[87.173218] (-) TimerEvent: {}
[87.273519] (-) TimerEvent: {}
[87.373878] (-) TimerEvent: {}
[87.474194] (-) TimerEvent: {}
[87.574476] (-) TimerEvent: {}
[87.674836] (-) TimerEvent: {}
[87.775143] (-) TimerEvent: {}
[87.875405] (-) TimerEvent: {}
[87.975727] (-) TimerEvent: {}
[88.076127] (-) TimerEvent: {}
[88.176400] (-) TimerEvent: {}
[88.276786] (-) TimerEvent: {}
[88.377089] (-) TimerEvent: {}
[88.477441] (-) TimerEvent: {}
[88.577721] (-) TimerEvent: {}
[88.678082] (-) TimerEvent: {}
[88.778364] (-) TimerEvent: {}
[88.878690] (-) TimerEvent: {}
[88.979001] (-) TimerEvent: {}
[89.007168] (as2_external_object_to_tf) StdoutLine: {'line': b'[ 63%] \x1b[32m\x1b[1mLinking CXX static library libgtest.a\x1b[0m\n'}
[89.036683] (as2_external_object_to_tf) StdoutLine: {'line': b'[ 63%] Built target gtest\n'}
[89.079105] (-) TimerEvent: {}
[89.179462] (-) TimerEvent: {}
[89.279805] (-) TimerEvent: {}
[89.380018] (-) TimerEvent: {}
[89.480273] (-) TimerEvent: {}
[89.580491] (-) TimerEvent: {}
[89.680732] (-) TimerEvent: {}
[89.780977] (-) TimerEvent: {}
[89.881207] (-) TimerEvent: {}
[89.981441] (-) TimerEvent: {}
[90.081687] (-) TimerEvent: {}
[90.182102] (-) TimerEvent: {}
[90.282336] (-) TimerEvent: {}
[90.382579] (-) TimerEvent: {}
[90.482913] (-) TimerEvent: {}
[90.583175] (-) TimerEvent: {}
[90.683426] (-) TimerEvent: {}
[90.783676] (-) TimerEvent: {}
[90.884015] (-) TimerEvent: {}
[90.984263] (-) TimerEvent: {}
[91.084508] (-) TimerEvent: {}
[91.184763] (-) TimerEvent: {}
[91.284986] (-) TimerEvent: {}
[91.385234] (-) TimerEvent: {}
[91.485471] (-) TimerEvent: {}
[91.585741] (-) TimerEvent: {}
[91.686008] (-) TimerEvent: {}
[91.786250] (-) TimerEvent: {}
[91.886522] (-) TimerEvent: {}
[91.986753] (-) TimerEvent: {}
[92.086967] (-) TimerEvent: {}
[92.187219] (-) TimerEvent: {}
[92.287538] (-) TimerEvent: {}
[92.387816] (-) TimerEvent: {}
[92.488091] (-) TimerEvent: {}
[92.588316] (-) TimerEvent: {}
[92.688555] (-) TimerEvent: {}
[92.788864] (-) TimerEvent: {}
[92.889143] (-) TimerEvent: {}
[92.989387] (-) TimerEvent: {}
[93.089630] (-) TimerEvent: {}
[93.189930] (-) TimerEvent: {}
[93.290175] (-) TimerEvent: {}
[93.390418] (-) TimerEvent: {}
[93.490668] (-) TimerEvent: {}
[93.590909] (-) TimerEvent: {}
[93.691157] (-) TimerEvent: {}
[93.791364] (-) TimerEvent: {}
[93.891607] (-) TimerEvent: {}
[93.991922] (-) TimerEvent: {}
[94.092211] (-) TimerEvent: {}
[94.192476] (-) TimerEvent: {}
[94.292842] (-) TimerEvent: {}
[94.393170] (-) TimerEvent: {}
[94.493493] (-) TimerEvent: {}
[94.593796] (-) TimerEvent: {}
[94.694088] (-) TimerEvent: {}
[94.794344] (-) TimerEvent: {}
[94.894704] (-) TimerEvent: {}
[94.995036] (-) TimerEvent: {}
[95.095346] (-) TimerEvent: {}
[95.195642] (-) TimerEvent: {}
[95.295937] (-) TimerEvent: {}
[95.396233] (-) TimerEvent: {}
[95.496518] (-) TimerEvent: {}
[95.596783] (-) TimerEvent: {}
[95.697138] (-) TimerEvent: {}
[95.797428] (-) TimerEvent: {}
[95.897742] (-) TimerEvent: {}
[95.998040] (-) TimerEvent: {}
[96.098311] (-) TimerEvent: {}
[96.198610] (-) TimerEvent: {}
[96.298910] (-) TimerEvent: {}
[96.399217] (-) TimerEvent: {}
[96.499539] (-) TimerEvent: {}
[96.599892] (-) TimerEvent: {}
[96.700304] (-) TimerEvent: {}
[96.800593] (-) TimerEvent: {}
[96.900923] (-) TimerEvent: {}
[97.001145] (-) TimerEvent: {}
[97.101395] (-) TimerEvent: {}
[97.201694] (-) TimerEvent: {}
[97.301933] (-) TimerEvent: {}
[97.402158] (-) TimerEvent: {}
[97.502387] (-) TimerEvent: {}
[97.602646] (-) TimerEvent: {}
[97.702949] (-) TimerEvent: {}
[97.803198] (-) TimerEvent: {}
[97.903441] (-) TimerEvent: {}
[98.003743] (-) TimerEvent: {}
[98.104038] (-) TimerEvent: {}
[98.204259] (-) TimerEvent: {}
[98.304495] (-) TimerEvent: {}
[98.404777] (-) TimerEvent: {}
[98.507565] (-) TimerEvent: {}
[98.607819] (-) TimerEvent: {}
[98.708145] (-) TimerEvent: {}
[98.808379] (-) TimerEvent: {}
[98.908615] (-) TimerEvent: {}
[99.008859] (-) TimerEvent: {}
[99.109088] (-) TimerEvent: {}
[99.209331] (-) TimerEvent: {}
[99.309574] (-) TimerEvent: {}
[99.409889] (-) TimerEvent: {}
[99.510241] (-) TimerEvent: {}
[99.610539] (-) TimerEvent: {}
[99.710882] (-) TimerEvent: {}
[99.811106] (-) TimerEvent: {}
[99.911348] (-) TimerEvent: {}
[100.011664] (-) TimerEvent: {}
[100.111976] (-) TimerEvent: {}
[100.212221] (-) TimerEvent: {}
[100.312479] (-) TimerEvent: {}
[100.386562] (as2_external_object_to_tf) StdoutLine: {'line': b'[ 72%] \x1b[32m\x1b[1mLinking CXX executable as2_external_object_to_tf_node\x1b[0m\n'}
[100.412585] (-) TimerEvent: {}
[100.449323] (as2_external_object_to_tf) StdoutLine: {'line': b'[ 81%] \x1b[32m\x1b[1mLinking CXX static library libas2_external_object_to_tf.a\x1b[0m\n'}
[100.496992] (as2_external_object_to_tf) StdoutLine: {'line': b'[ 81%] Built target as2_external_object_to_tf\n'}
[100.512728] (-) TimerEvent: {}
[100.514710] (as2_external_object_to_tf) StdoutLine: {'line': b'[ 90%] \x1b[32mBuilding CXX object tests/CMakeFiles/as2_external_object_to_tf_as2_external_object_to_tf_gtest.dir/as2_external_object_to_tf_gtest.cpp.o\x1b[0m\n'}
[100.601293] (as2_external_object_to_tf) StdoutLine: {'line': b'[ 90%] Built target as2_external_object_to_tf_node\n'}
[100.612844] (-) TimerEvent: {}
[100.713080] (-) TimerEvent: {}
[100.813377] (-) TimerEvent: {}
[100.913673] (-) TimerEvent: {}
[101.013952] (-) TimerEvent: {}
[101.114246] (-) TimerEvent: {}
[101.214556] (-) TimerEvent: {}
[101.314853] (-) TimerEvent: {}
[101.415150] (-) TimerEvent: {}
[101.515426] (-) TimerEvent: {}
[101.615789] (-) TimerEvent: {}
[101.716067] (-) TimerEvent: {}
[101.816389] (-) TimerEvent: {}
[101.916701] (-) TimerEvent: {}
[102.017032] (-) TimerEvent: {}
[102.117358] (-) TimerEvent: {}
[102.217593] (-) TimerEvent: {}
[102.317917] (-) TimerEvent: {}
[102.418156] (-) TimerEvent: {}
[102.518417] (-) TimerEvent: {}
[102.618782] (-) TimerEvent: {}
[102.719195] (-) TimerEvent: {}
[102.819536] (-) TimerEvent: {}
[102.919867] (-) TimerEvent: {}
[102.991322] (as2_external_object_to_tf) StdoutLine: {'line': b'[100%] \x1b[32m\x1b[1mLinking CXX executable as2_external_object_to_tf_as2_external_object_to_tf_gtest\x1b[0m\n'}
[103.020064] (-) TimerEvent: {}
[103.120280] (-) TimerEvent: {}
[103.210992] (as2_external_object_to_tf) StdoutLine: {'line': b'[100%] Built target as2_external_object_to_tf_as2_external_object_to_tf_gtest\n'}
[103.219508] (as2_external_object_to_tf) CommandEnded: {'returncode': 0}
[103.220364] (-) TimerEvent: {}
[103.220851] (as2_external_object_to_tf) JobProgress: {'identifier': 'as2_external_object_to_tf', 'progress': 'install'}
[103.220979] (as2_external_object_to_tf) Command: {'cmd': ['/usr/bin/cmake', '--install', '/home/developer/aerostack2_ws/build/as2_external_object_to_tf'], 'cwd': '/home/developer/aerostack2_ws/build/as2_external_object_to_tf', 'env': OrderedDict([('HOSTNAME', 'lead-Predator-PHN16-71'), ('SHLVL', '1'), ('LD_LIBRARY_PATH', '/home/developer/aerostack2_ws/install/as2_core/lib:/home/developer/aerostack2_ws/install/as2_msgs/lib:/opt/ros/humble/opt/rviz_ogre_vendor/lib:/opt/ros/humble/lib/x86_64-linux-gnu:/opt/ros/humble/lib'), ('HOME', '/home/developer'), ('ROS_PYTHON_VERSION', '3'), ('ROS_DISTRO', 'humble'), ('_', '/usr/bin/colcon'), ('ROS_VERSION', '2'), ('TERM', 'xterm'), ('ROS_LOCALHOST_ONLY', '0'), ('QT_X11_NO_MITSHM', '1'), ('PATH', '/opt/ros/humble/bin:/usr/local/sbin:/usr/local/bin:/usr/sbin:/usr/bin:/sbin:/bin'), ('DISPLAY', ':1'), ('LANG', 'C.UTF-8'), ('LS_COLORS', 'rs=0:di=01;34:ln=01;36:mh=00:pi=40;33:so=01;35:do=01;35:bd=40;33;01:cd=40;33;01:or=40;31;01:mi=00:su=37;41:sg=30;43:ca=30;41:tw=30;42:ow=34;42:st=37;44:ex=01;32:*.tar=01;31:*.tgz=01;31:*.arc=01;31:*.arj=01;31:*.taz=01;31:*.lha=01;31:*.lz4=01;31:*.lzh=01;31:*.lzma=01;31:*.tlz=01;31:*.txz=01;31:*.tzo=01;31:*.t7z=01;31:*.zip=01;31:*.z=01;31:*.dz=01;31:*.gz=01;31:*.lrz=01;31:*.lz=01;31:*.lzo=01;31:*.xz=01;31:*.zst=01;31:*.tzst=01;31:*.bz2=01;31:*.bz=01;31:*.tbz=01;31:*.tbz2=01;31:*.tz=01;31:*.deb=01;31:*.rpm=01;31:*.jar=01;31:*.war=01;31:*.ear=01;31:*.sar=01;31:*.rar=01;31:*.alz=01;31:*.ace=01;31:*.zoo=01;31:*.cpio=01;31:*.7z=01;31:*.rz=01;31:*.cab=01;31:*.wim=01;31:*.swm=01;31:*.dwm=01;31:*.esd=01;31:*.jpg=01;35:*.jpeg=01;35:*.mjpg=01;35:*.mjpeg=01;35:*.gif=01;35:*.bmp=01;35:*.pbm=01;35:*.pgm=01;35:*.ppm=01;35:*.tga=01;35:*.xbm=01;35:*.xpm=01;35:*.tif=01;35:*.tiff=01;35:*.png=01;35:*.svg=01;35:*.svgz=01;35:*.mng=01;35:*.pcx=01;35:*.mov=01;35:*.mpg=01;35:*.mpeg=01;35:*.m2v=01;35:*.mkv=01;35:*.webm=01;35:*.webp=01;35:*.ogm=01;35:*.mp4=01;35:*.m4v=01;35:*.mp4v=01;35:*.vob=01;35:*.qt=01;35:*.nuv=01;35:*.wmv=01;35:*.asf=01;35:*.rm=01;35:*.rmvb=01;35:*.flc=01;35:*.avi=01;35:*.fli=01;35:*.flv=01;35:*.gl=01;35:*.dl=01;35:*.xcf=01;35:*.xwd=01;35:*.yuv=01;35:*.cgm=01;35:*.emf=01;35:*.ogv=01;35:*.ogx=01;35:*.aac=00;36:*.au=00;36:*.flac=00;36:*.m4a=00;36:*.mid=00;36:*.midi=00;36:*.mka=00;36:*.mp3=00;36:*.mpc=00;36:*.ogg=00;36:*.ra=00;36:*.wav=00;36:*.oga=00;36:*.opus=00;36:*.spx=00;36:*.xspf=00;36:'), ('AMENT_PREFIX_PATH', '/home/developer/aerostack2_ws/install/as2_core:/home/developer/aerostack2_ws/install/as2_msgs:/opt/ros/humble'), ('GZ_VERSION', 'harmonic'), ('PWD', '/home/developer/aerostack2_ws/build/as2_external_object_to_tf'), ('LC_ALL', 'C.UTF-8'), ('PYTHONPATH', '/home/developer/aerostack2_ws/install/as2_core/local/lib/python3.10/dist-packages:/home/developer/aerostack2_ws/install/as2_msgs/local/lib/python3.10/dist-packages:/opt/ros/humble/lib/python3.10/site-packages:/opt/ros/humble/local/lib/python3.10/dist-packages'), ('COLCON', '1'), ('CMAKE_PREFIX_PATH', '/home/developer/aerostack2_ws/install/as2_core:/home/developer/aerostack2_ws/install/as2_msgs:/opt/ros/humble')]), 'shell': False}
[103.225327] (as2_external_object_to_tf) StdoutLine: {'line': b'-- Install configuration: "Release"\n'}
[103.225645] (as2_external_object_to_tf) StdoutLine: {'line': b'-- Execute custom install script\n'}
[103.225883] (as2_external_object_to_tf) StdoutLine: {'line': b'-- Symlinking: /home/developer/aerostack2_ws/install/as2_external_object_to_tf/include/as2_external_object_to_tf/as2_external_object_to_tf.hpp\n'}
[103.233508] (as2_external_object_to_tf) StdoutLine: {'line': b'-- Symlinking: /home/developer/aerostack2_ws/install/as2_external_object_to_tf/share/as2_external_object_to_tf/launch/as2_external_object_to_tf_launch.py\n'}
[103.240614] (as2_external_object_to_tf) StdoutLine: {'line': b'-- Symlinking: /home/developer/aerostack2_ws/install/as2_external_object_to_tf/share/as2_external_object_to_tf/config/external_objects.yaml\n'}
[103.246277] (as2_external_object_to_tf) StdoutLine: {'line': b'-- Symlinking: /home/developer/aerostack2_ws/install/as2_external_object_to_tf/lib/as2_external_object_to_tf/as2_external_object_to_tf_node\n'}
[103.253480] (as2_external_object_to_tf) StdoutLine: {'line': b'-- Symlinking: /home/developer/aerostack2_ws/install/as2_external_object_to_tf/share/ament_index/resource_index/package_run_dependencies/as2_external_object_to_tf\n'}
[103.260137] (as2_external_object_to_tf) StdoutLine: {'line': b'-- Symlinking: /home/developer/aerostack2_ws/install/as2_external_object_to_tf/share/ament_index/resource_index/parent_prefix_path/as2_external_object_to_tf\n'}
[103.264707] (as2_external_object_to_tf) StdoutLine: {'line': b'-- Symlinking: /home/developer/aerostack2_ws/install/as2_external_object_to_tf/share/as2_external_object_to_tf/environment/ament_prefix_path.sh\n'}
[103.271970] (as2_external_object_to_tf) StdoutLine: {'line': b'-- Symlinking: /home/developer/aerostack2_ws/install/as2_external_object_to_tf/share/as2_external_object_to_tf/environment/ament_prefix_path.dsv\n'}
[103.277385] (as2_external_object_to_tf) StdoutLine: {'line': b'-- Symlinking: /home/developer/aerostack2_ws/install/as2_external_object_to_tf/share/as2_external_object_to_tf/environment/path.sh\n'}
[103.283352] (as2_external_object_to_tf) StdoutLine: {'line': b'-- Symlinking: /home/developer/aerostack2_ws/install/as2_external_object_to_tf/share/as2_external_object_to_tf/environment/path.dsv\n'}
[103.290587] (as2_external_object_to_tf) StdoutLine: {'line': b'-- Symlinking: /home/developer/aerostack2_ws/install/as2_external_object_to_tf/share/as2_external_object_to_tf/local_setup.bash\n'}
[103.296858] (as2_external_object_to_tf) StdoutLine: {'line': b'-- Symlinking: /home/developer/aerostack2_ws/install/as2_external_object_to_tf/share/as2_external_object_to_tf/local_setup.sh\n'}
[103.303150] (as2_external_object_to_tf) StdoutLine: {'line': b'-- Symlinking: /home/developer/aerostack2_ws/install/as2_external_object_to_tf/share/as2_external_object_to_tf/local_setup.zsh\n'}
[103.307796] (as2_external_object_to_tf) StdoutLine: {'line': b'-- Symlinking: /home/developer/aerostack2_ws/install/as2_external_object_to_tf/share/as2_external_object_to_tf/local_setup.dsv\n'}
[103.312236] (as2_external_object_to_tf) StdoutLine: {'line': b'-- Symlinking: /home/developer/aerostack2_ws/install/as2_external_object_to_tf/share/as2_external_object_to_tf/package.dsv\n'}
[103.319515] (as2_external_object_to_tf) StdoutLine: {'line': b'-- Symlinking: /home/developer/aerostack2_ws/install/as2_external_object_to_tf/share/ament_index/resource_index/packages/as2_external_object_to_tf\n'}
[103.320410] (-) TimerEvent: {}
[103.324658] (as2_external_object_to_tf) StdoutLine: {'line': b'-- Symlinking: /home/developer/aerostack2_ws/install/as2_external_object_to_tf/share/as2_external_object_to_tf/cmake/ament_cmake_export_dependencies-extras.cmake\n'}
[103.330702] (as2_external_object_to_tf) StdoutLine: {'line': b'-- Symlinking: /home/developer/aerostack2_ws/install/as2_external_object_to_tf/share/as2_external_object_to_tf/cmake/as2_external_object_to_tfConfig.cmake\n'}
[103.336921] (as2_external_object_to_tf) StdoutLine: {'line': b'-- Symlinking: /home/developer/aerostack2_ws/install/as2_external_object_to_tf/share/as2_external_object_to_tf/cmake/as2_external_object_to_tfConfig-version.cmake\n'}
[103.343947] (as2_external_object_to_tf) StdoutLine: {'line': b'-- Symlinking: /home/developer/aerostack2_ws/install/as2_external_object_to_tf/share/as2_external_object_to_tf/package.xml\n'}
[103.350310] (as2_external_object_to_tf) StdoutLine: {'line': b'-- Installing: /home/developer/aerostack2_ws/install/as2_external_object_to_tf/lib/libas2_external_object_to_tf.a\n'}
[103.362202] (as2_external_object_to_tf) CommandEnded: {'returncode': 0}
[103.368756] (as2_external_object_to_tf) JobEnded: {'identifier': 'as2_external_object_to_tf', 'rc': 0}
[103.369385] (as2_geozones) JobStarted: {'identifier': 'as2_geozones'}
[103.376559] (as2_geozones) JobProgress: {'identifier': 'as2_geozones', 'progress': 'cmake'}
[103.377333] (as2_geozones) JobProgress: {'identifier': 'as2_geozones', 'progress': 'build'}
[103.377573] (as2_geozones) Command: {'cmd': ['/usr/bin/cmake', '--build', '/home/developer/aerostack2_ws/build/as2_geozones', '--', '-j20', '-l20'], 'cwd': '/home/developer/aerostack2_ws/build/as2_geozones', 'env': OrderedDict([('HOSTNAME', 'lead-Predator-PHN16-71'), ('SHLVL', '1'), ('LD_LIBRARY_PATH', '/home/developer/aerostack2_ws/install/as2_core/lib:/home/developer/aerostack2_ws/install/as2_msgs/lib:/opt/ros/humble/opt/rviz_ogre_vendor/lib:/opt/ros/humble/lib/x86_64-linux-gnu:/opt/ros/humble/lib'), ('HOME', '/home/developer'), ('ROS_PYTHON_VERSION', '3'), ('ROS_DISTRO', 'humble'), ('_', '/usr/bin/colcon'), ('ROS_VERSION', '2'), ('TERM', 'xterm'), ('ROS_LOCALHOST_ONLY', '0'), ('QT_X11_NO_MITSHM', '1'), ('PATH', '/opt/ros/humble/bin:/usr/local/sbin:/usr/local/bin:/usr/sbin:/usr/bin:/sbin:/bin'), ('DISPLAY', ':1'), ('LANG', 'C.UTF-8'), ('LS_COLORS', 'rs=0:di=01;34:ln=01;36:mh=00:pi=40;33:so=01;35:do=01;35:bd=40;33;01:cd=40;33;01:or=40;31;01:mi=00:su=37;41:sg=30;43:ca=30;41:tw=30;42:ow=34;42:st=37;44:ex=01;32:*.tar=01;31:*.tgz=01;31:*.arc=01;31:*.arj=01;31:*.taz=01;31:*.lha=01;31:*.lz4=01;31:*.lzh=01;31:*.lzma=01;31:*.tlz=01;31:*.txz=01;31:*.tzo=01;31:*.t7z=01;31:*.zip=01;31:*.z=01;31:*.dz=01;31:*.gz=01;31:*.lrz=01;31:*.lz=01;31:*.lzo=01;31:*.xz=01;31:*.zst=01;31:*.tzst=01;31:*.bz2=01;31:*.bz=01;31:*.tbz=01;31:*.tbz2=01;31:*.tz=01;31:*.deb=01;31:*.rpm=01;31:*.jar=01;31:*.war=01;31:*.ear=01;31:*.sar=01;31:*.rar=01;31:*.alz=01;31:*.ace=01;31:*.zoo=01;31:*.cpio=01;31:*.7z=01;31:*.rz=01;31:*.cab=01;31:*.wim=01;31:*.swm=01;31:*.dwm=01;31:*.esd=01;31:*.jpg=01;35:*.jpeg=01;35:*.mjpg=01;35:*.mjpeg=01;35:*.gif=01;35:*.bmp=01;35:*.pbm=01;35:*.pgm=01;35:*.ppm=01;35:*.tga=01;35:*.xbm=01;35:*.xpm=01;35:*.tif=01;35:*.tiff=01;35:*.png=01;35:*.svg=01;35:*.svgz=01;35:*.mng=01;35:*.pcx=01;35:*.mov=01;35:*.mpg=01;35:*.mpeg=01;35:*.m2v=01;35:*.mkv=01;35:*.webm=01;35:*.webp=01;35:*.ogm=01;35:*.mp4=01;35:*.m4v=01;35:*.mp4v=01;35:*.vob=01;35:*.qt=01;35:*.nuv=01;35:*.wmv=01;35:*.asf=01;35:*.rm=01;35:*.rmvb=01;35:*.flc=01;35:*.avi=01;35:*.fli=01;35:*.flv=01;35:*.gl=01;35:*.dl=01;35:*.xcf=01;35:*.xwd=01;35:*.yuv=01;35:*.cgm=01;35:*.emf=01;35:*.ogv=01;35:*.ogx=01;35:*.aac=00;36:*.au=00;36:*.flac=00;36:*.m4a=00;36:*.mid=00;36:*.midi=00;36:*.mka=00;36:*.mp3=00;36:*.mpc=00;36:*.ogg=00;36:*.ra=00;36:*.wav=00;36:*.oga=00;36:*.opus=00;36:*.spx=00;36:*.xspf=00;36:'), ('AMENT_PREFIX_PATH', '/home/developer/aerostack2_ws/install/as2_core:/home/developer/aerostack2_ws/install/as2_msgs:/opt/ros/humble'), ('GZ_VERSION', 'harmonic'), ('PWD', '/home/developer/aerostack2_ws/build/as2_geozones'), ('LC_ALL', 'C.UTF-8'), ('PYTHONPATH', '/home/developer/aerostack2_ws/install/as2_core/local/lib/python3.10/dist-packages:/home/developer/aerostack2_ws/install/as2_msgs/local/lib/python3.10/dist-packages:/opt/ros/humble/lib/python3.10/site-packages:/opt/ros/humble/local/lib/python3.10/dist-packages'), ('COLCON', '1'), ('CMAKE_PREFIX_PATH', '/home/developer/aerostack2_ws/install/as2_core:/home/developer/aerostack2_ws/install/as2_msgs:/opt/ros/humble')]), 'shell': False}
[103.412114] (as2_geozones) StdoutLine: {'line': b'\x1b[35m\x1b[1mConsolidate compiler generated dependencies of target gtest_main\x1b[0m\n'}
[103.419841] (as2_geozones) StdoutLine: {'line': b'[  9%] \x1b[32mBuilding CXX object gtest/CMakeFiles/gtest.dir/src/gtest-all.cc.o\x1b[0m\n'}
[103.419965] (as2_geozones) StdoutLine: {'line': b'[ 18%] \x1b[32mBuilding CXX object CMakeFiles/as2_geozones.dir/src/as2_geozones.cpp.o\x1b[0m\n'}
[103.420503] (-) TimerEvent: {}
[103.421562] (as2_geozones) StdoutLine: {'line': b'[ 36%] Built target gtest_main\n'}
[103.431094] (as2_geozones) StdoutLine: {'line': b'[ 54%] \x1b[32mBuilding CXX object CMakeFiles/as2_geozones_node.dir/src/as2_geozones_node.cpp.o\x1b[0m\n'}
[103.431228] (as2_geozones) StdoutLine: {'line': b'[ 54%] \x1b[32mBuilding CXX object CMakeFiles/as2_geozones_node.dir/src/as2_geozones.cpp.o\x1b[0m\n'}
[103.520615] (-) TimerEvent: {}
[103.620890] (-) TimerEvent: {}
[103.721189] (-) TimerEvent: {}
[103.821517] (-) TimerEvent: {}
[103.921846] (-) TimerEvent: {}
[104.022137] (-) TimerEvent: {}
[104.122463] (-) TimerEvent: {}
[104.222781] (-) TimerEvent: {}
[104.323152] (-) TimerEvent: {}
[104.423426] (-) TimerEvent: {}
[104.523683] (-) TimerEvent: {}
[104.624007] (-) TimerEvent: {}
[104.724245] (-) TimerEvent: {}
[104.824510] (-) TimerEvent: {}
[104.924739] (-) TimerEvent: {}
[105.025091] (-) TimerEvent: {}
[105.125344] (-) TimerEvent: {}
[105.225603] (-) TimerEvent: {}
[105.325866] (-) TimerEvent: {}
[105.426189] (-) TimerEvent: {}
[105.526480] (-) TimerEvent: {}
[105.626797] (-) TimerEvent: {}
[105.727123] (-) TimerEvent: {}
[105.827387] (-) TimerEvent: {}
[105.927686] (-) TimerEvent: {}
[106.028042] (-) TimerEvent: {}
[106.128305] (-) TimerEvent: {}
[106.228597] (-) TimerEvent: {}
[106.328914] (-) TimerEvent: {}
[106.429277] (-) TimerEvent: {}
[106.529585] (-) TimerEvent: {}
[106.629876] (-) TimerEvent: {}
[106.730190] (-) TimerEvent: {}
[106.830484] (-) TimerEvent: {}
[106.930819] (-) TimerEvent: {}
[107.031261] (-) TimerEvent: {}
[107.131614] (-) TimerEvent: {}
[107.231931] (-) TimerEvent: {}
[107.332217] (-) TimerEvent: {}
[107.432527] (-) TimerEvent: {}
[107.532905] (-) TimerEvent: {}
[107.633200] (-) TimerEvent: {}
[107.733480] (-) TimerEvent: {}
[107.833779] (-) TimerEvent: {}
[107.834004] (as2_geozones) StdoutLine: {'line': b'[ 63%] \x1b[32m\x1b[1mLinking CXX static library libgtest.a\x1b[0m\n'}
[107.863893] (as2_geozones) StdoutLine: {'line': b'[ 63%] Built target gtest\n'}
[107.933884] (-) TimerEvent: {}
[108.034160] (-) TimerEvent: {}
[108.134455] (-) TimerEvent: {}
[108.234731] (-) TimerEvent: {}
[108.335065] (-) TimerEvent: {}
[108.435352] (-) TimerEvent: {}
[108.535655] (-) TimerEvent: {}
[108.635957] (-) TimerEvent: {}
[108.736265] (-) TimerEvent: {}
[108.836577] (-) TimerEvent: {}
[108.937016] (-) TimerEvent: {}
[109.037294] (-) TimerEvent: {}
[109.137577] (-) TimerEvent: {}
[109.237938] (-) TimerEvent: {}
[109.338208] (-) TimerEvent: {}
[109.438497] (-) TimerEvent: {}
[109.538751] (-) TimerEvent: {}
[109.639087] (-) TimerEvent: {}
[109.739396] (-) TimerEvent: {}
[109.839686] (-) TimerEvent: {}
[109.939972] (-) TimerEvent: {}
[110.040262] (-) TimerEvent: {}
[110.140515] (-) TimerEvent: {}
[110.240784] (-) TimerEvent: {}
[110.341147] (-) TimerEvent: {}
[110.441451] (-) TimerEvent: {}
[110.541733] (-) TimerEvent: {}
[110.641998] (-) TimerEvent: {}
[110.742263] (-) TimerEvent: {}
[110.842549] (-) TimerEvent: {}
[110.942893] (-) TimerEvent: {}
[111.043168] (-) TimerEvent: {}
[111.143486] (-) TimerEvent: {}
[111.243891] (-) TimerEvent: {}
[111.344240] (-) TimerEvent: {}
[111.444517] (-) TimerEvent: {}
[111.544784] (-) TimerEvent: {}
[111.645102] (-) TimerEvent: {}
[111.745329] (-) TimerEvent: {}
[111.845570] (-) TimerEvent: {}
[111.945798] (-) TimerEvent: {}
[112.046042] (-) TimerEvent: {}
[112.146293] (-) TimerEvent: {}
[112.246528] (-) TimerEvent: {}
[112.346830] (-) TimerEvent: {}
[112.447015] (-) TimerEvent: {}
[112.547235] (-) TimerEvent: {}
[112.647452] (-) TimerEvent: {}
[112.747719] (-) TimerEvent: {}
[112.848036] (-) TimerEvent: {}
[112.948297] (-) TimerEvent: {}
[113.012127] (as2_geozones) StdoutLine: {'line': b'[ 72%] \x1b[32m\x1b[1mLinking CXX static library libas2_geozones.a\x1b[0m\n'}
[113.047958] (as2_geozones) StdoutLine: {'line': b'[ 72%] Built target as2_geozones\n'}
[113.048351] (-) TimerEvent: {}
[113.065790] (as2_geozones) StdoutLine: {'line': b'[ 81%] \x1b[32mBuilding CXX object tests/CMakeFiles/as2_geozones_as2_geozones_gtest.dir/as2_geozones_gtest.cpp.o\x1b[0m\n'}
[113.081709] (as2_geozones) StdoutLine: {'line': b'[ 90%] \x1b[32m\x1b[1mLinking CXX executable as2_geozones_node\x1b[0m\n'}
[113.148473] (-) TimerEvent: {}
[113.229374] (as2_geozones) StdoutLine: {'line': b'[ 90%] Built target as2_geozones_node\n'}
[113.248595] (-) TimerEvent: {}
[113.348829] (-) TimerEvent: {}
[113.449070] (-) TimerEvent: {}
[113.549346] (-) TimerEvent: {}
[113.649602] (-) TimerEvent: {}
[113.749920] (-) TimerEvent: {}
[113.850250] (-) TimerEvent: {}
[113.950514] (-) TimerEvent: {}
[114.050821] (-) TimerEvent: {}
[114.151117] (-) TimerEvent: {}
[114.251371] (-) TimerEvent: {}
[114.351617] (-) TimerEvent: {}
[114.451987] (-) TimerEvent: {}
[114.552207] (-) TimerEvent: {}
[114.652469] (-) TimerEvent: {}
[114.752701] (-) TimerEvent: {}
[114.852955] (-) TimerEvent: {}
[114.953230] (-) TimerEvent: {}
[115.053444] (-) TimerEvent: {}
[115.153788] (-) TimerEvent: {}
[115.254038] (-) TimerEvent: {}
[115.354244] (-) TimerEvent: {}
[115.454483] (-) TimerEvent: {}
[115.554698] (-) TimerEvent: {}
[115.620846] (as2_geozones) StdoutLine: {'line': b'[100%] \x1b[32m\x1b[1mLinking CXX executable as2_geozones_as2_geozones_gtest\x1b[0m\n'}
[115.654801] (-) TimerEvent: {}
[115.755014] (-) TimerEvent: {}
[115.785986] (as2_geozones) StdoutLine: {'line': b'[100%] Built target as2_geozones_as2_geozones_gtest\n'}
[115.793074] (as2_geozones) CommandEnded: {'returncode': 0}
[115.793896] (as2_geozones) JobProgress: {'identifier': 'as2_geozones', 'progress': 'install'}
[115.794536] (as2_geozones) Command: {'cmd': ['/usr/bin/cmake', '--install', '/home/developer/aerostack2_ws/build/as2_geozones'], 'cwd': '/home/developer/aerostack2_ws/build/as2_geozones', 'env': OrderedDict([('HOSTNAME', 'lead-Predator-PHN16-71'), ('SHLVL', '1'), ('LD_LIBRARY_PATH', '/home/developer/aerostack2_ws/install/as2_core/lib:/home/developer/aerostack2_ws/install/as2_msgs/lib:/opt/ros/humble/opt/rviz_ogre_vendor/lib:/opt/ros/humble/lib/x86_64-linux-gnu:/opt/ros/humble/lib'), ('HOME', '/home/developer'), ('ROS_PYTHON_VERSION', '3'), ('ROS_DISTRO', 'humble'), ('_', '/usr/bin/colcon'), ('ROS_VERSION', '2'), ('TERM', 'xterm'), ('ROS_LOCALHOST_ONLY', '0'), ('QT_X11_NO_MITSHM', '1'), ('PATH', '/opt/ros/humble/bin:/usr/local/sbin:/usr/local/bin:/usr/sbin:/usr/bin:/sbin:/bin'), ('DISPLAY', ':1'), ('LANG', 'C.UTF-8'), ('LS_COLORS', 'rs=0:di=01;34:ln=01;36:mh=00:pi=40;33:so=01;35:do=01;35:bd=40;33;01:cd=40;33;01:or=40;31;01:mi=00:su=37;41:sg=30;43:ca=30;41:tw=30;42:ow=34;42:st=37;44:ex=01;32:*.tar=01;31:*.tgz=01;31:*.arc=01;31:*.arj=01;31:*.taz=01;31:*.lha=01;31:*.lz4=01;31:*.lzh=01;31:*.lzma=01;31:*.tlz=01;31:*.txz=01;31:*.tzo=01;31:*.t7z=01;31:*.zip=01;31:*.z=01;31:*.dz=01;31:*.gz=01;31:*.lrz=01;31:*.lz=01;31:*.lzo=01;31:*.xz=01;31:*.zst=01;31:*.tzst=01;31:*.bz2=01;31:*.bz=01;31:*.tbz=01;31:*.tbz2=01;31:*.tz=01;31:*.deb=01;31:*.rpm=01;31:*.jar=01;31:*.war=01;31:*.ear=01;31:*.sar=01;31:*.rar=01;31:*.alz=01;31:*.ace=01;31:*.zoo=01;31:*.cpio=01;31:*.7z=01;31:*.rz=01;31:*.cab=01;31:*.wim=01;31:*.swm=01;31:*.dwm=01;31:*.esd=01;31:*.jpg=01;35:*.jpeg=01;35:*.mjpg=01;35:*.mjpeg=01;35:*.gif=01;35:*.bmp=01;35:*.pbm=01;35:*.pgm=01;35:*.ppm=01;35:*.tga=01;35:*.xbm=01;35:*.xpm=01;35:*.tif=01;35:*.tiff=01;35:*.png=01;35:*.svg=01;35:*.svgz=01;35:*.mng=01;35:*.pcx=01;35:*.mov=01;35:*.mpg=01;35:*.mpeg=01;35:*.m2v=01;35:*.mkv=01;35:*.webm=01;35:*.webp=01;35:*.ogm=01;35:*.mp4=01;35:*.m4v=01;35:*.mp4v=01;35:*.vob=01;35:*.qt=01;35:*.nuv=01;35:*.wmv=01;35:*.asf=01;35:*.rm=01;35:*.rmvb=01;35:*.flc=01;35:*.avi=01;35:*.fli=01;35:*.flv=01;35:*.gl=01;35:*.dl=01;35:*.xcf=01;35:*.xwd=01;35:*.yuv=01;35:*.cgm=01;35:*.emf=01;35:*.ogv=01;35:*.ogx=01;35:*.aac=00;36:*.au=00;36:*.flac=00;36:*.m4a=00;36:*.mid=00;36:*.midi=00;36:*.mka=00;36:*.mp3=00;36:*.mpc=00;36:*.ogg=00;36:*.ra=00;36:*.wav=00;36:*.oga=00;36:*.opus=00;36:*.spx=00;36:*.xspf=00;36:'), ('AMENT_PREFIX_PATH', '/home/developer/aerostack2_ws/install/as2_core:/home/developer/aerostack2_ws/install/as2_msgs:/opt/ros/humble'), ('GZ_VERSION', 'harmonic'), ('PWD', '/home/developer/aerostack2_ws/build/as2_geozones'), ('LC_ALL', 'C.UTF-8'), ('PYTHONPATH', '/home/developer/aerostack2_ws/install/as2_core/local/lib/python3.10/dist-packages:/home/developer/aerostack2_ws/install/as2_msgs/local/lib/python3.10/dist-packages:/opt/ros/humble/lib/python3.10/site-packages:/opt/ros/humble/local/lib/python3.10/dist-packages'), ('COLCON', '1'), ('CMAKE_PREFIX_PATH', '/home/developer/aerostack2_ws/install/as2_core:/home/developer/aerostack2_ws/install/as2_msgs:/opt/ros/humble')]), 'shell': False}
[115.801263] (as2_geozones) StdoutLine: {'line': b'-- Install configuration: "Release"\n'}
[115.801767] (as2_geozones) StdoutLine: {'line': b'-- Execute custom install script\n'}
[115.801936] (as2_geozones) StdoutLine: {'line': b'-- Symlinking: /home/developer/aerostack2_ws/install/as2_geozones/include/as2_geozones/as2_geozones.hpp\n'}
[115.807764] (as2_geozones) StdoutLine: {'line': b'-- Symlinking: /home/developer/aerostack2_ws/install/as2_geozones/include/as2_geozones/pnpoly.hpp\n'}
[115.813794] (as2_geozones) StdoutLine: {'line': b'-- Symlinking: /home/developer/aerostack2_ws/install/as2_geozones/share/as2_geozones/launch/as2_geozones_launch.py\n'}
[115.818916] (as2_geozones) StdoutLine: {'line': b'-- Symlinking: /home/developer/aerostack2_ws/install/as2_geozones/share/as2_geozones/config/geozones.yaml\n'}
[115.825368] (as2_geozones) StdoutLine: {'line': b'-- Symlinking: /home/developer/aerostack2_ws/install/as2_geozones/lib/as2_geozones/as2_geozones_node\n'}
[115.830433] (as2_geozones) StdoutLine: {'line': b'-- Symlinking: /home/developer/aerostack2_ws/install/as2_geozones/share/ament_index/resource_index/package_run_dependencies/as2_geozones\n'}
[115.835581] (as2_geozones) StdoutLine: {'line': b'-- Symlinking: /home/developer/aerostack2_ws/install/as2_geozones/share/ament_index/resource_index/parent_prefix_path/as2_geozones\n'}
[115.843548] (as2_geozones) StdoutLine: {'line': b'-- Symlinking: /home/developer/aerostack2_ws/install/as2_geozones/share/as2_geozones/environment/ament_prefix_path.sh\n'}
[115.848519] (as2_geozones) StdoutLine: {'line': b'-- Symlinking: /home/developer/aerostack2_ws/install/as2_geozones/share/as2_geozones/environment/ament_prefix_path.dsv\n'}
[115.855100] (-) TimerEvent: {}
[115.855717] (as2_geozones) StdoutLine: {'line': b'-- Symlinking: /home/developer/aerostack2_ws/install/as2_geozones/share/as2_geozones/environment/path.sh\n'}
[115.863651] (as2_geozones) StdoutLine: {'line': b'-- Symlinking: /home/developer/aerostack2_ws/install/as2_geozones/share/as2_geozones/environment/path.dsv\n'}
[115.868664] (as2_geozones) StdoutLine: {'line': b'-- Symlinking: /home/developer/aerostack2_ws/install/as2_geozones/share/as2_geozones/local_setup.bash\n'}
[115.874267] (as2_geozones) StdoutLine: {'line': b'-- Symlinking: /home/developer/aerostack2_ws/install/as2_geozones/share/as2_geozones/local_setup.sh\n'}
[115.879244] (as2_geozones) StdoutLine: {'line': b'-- Symlinking: /home/developer/aerostack2_ws/install/as2_geozones/share/as2_geozones/local_setup.zsh\n'}
[115.886987] (as2_geozones) StdoutLine: {'line': b'-- Symlinking: /home/developer/aerostack2_ws/install/as2_geozones/share/as2_geozones/local_setup.dsv\n'}
[115.895099] (as2_geozones) StdoutLine: {'line': b'-- Symlinking: /home/developer/aerostack2_ws/install/as2_geozones/share/as2_geozones/package.dsv\n'}
[115.902998] (as2_geozones) StdoutLine: {'line': b'-- Symlinking: /home/developer/aerostack2_ws/install/as2_geozones/share/ament_index/resource_index/packages/as2_geozones\n'}
[115.908801] (as2_geozones) StdoutLine: {'line': b'-- Symlinking: /home/developer/aerostack2_ws/install/as2_geozones/share/as2_geozones/cmake/ament_cmake_export_dependencies-extras.cmake\n'}
[115.916439] (as2_geozones) StdoutLine: {'line': b'-- Symlinking: /home/developer/aerostack2_ws/install/as2_geozones/share/as2_geozones/cmake/as2_geozonesConfig.cmake\n'}
[115.924543] (as2_geozones) StdoutLine: {'line': b'-- Symlinking: /home/developer/aerostack2_ws/install/as2_geozones/share/as2_geozones/cmake/as2_geozonesConfig-version.cmake\n'}
[115.932107] (as2_geozones) StdoutLine: {'line': b'-- Symlinking: /home/developer/aerostack2_ws/install/as2_geozones/share/as2_geozones/package.xml\n'}
[115.937803] (as2_geozones) StdoutLine: {'line': b'-- Installing: /home/developer/aerostack2_ws/install/as2_geozones/lib/libas2_geozones.a\n'}
[115.947846] (as2_geozones) CommandEnded: {'returncode': 0}
[115.955174] (-) TimerEvent: {}
[115.960284] (as2_geozones) JobEnded: {'identifier': 'as2_geozones', 'rc': 0}
[115.961217] (as2_map_server) JobStarted: {'identifier': 'as2_map_server'}
[115.969777] (as2_map_server) JobProgress: {'identifier': 'as2_map_server', 'progress': 'cmake'}
[115.970673] (as2_map_server) JobProgress: {'identifier': 'as2_map_server', 'progress': 'build'}
[115.970893] (as2_map_server) Command: {'cmd': ['/usr/bin/cmake', '--build', '/home/developer/aerostack2_ws/build/as2_map_server', '--', '-j20', '-l20'], 'cwd': '/home/developer/aerostack2_ws/build/as2_map_server', 'env': OrderedDict([('HOSTNAME', 'lead-Predator-PHN16-71'), ('SHLVL', '1'), ('LD_LIBRARY_PATH', '/home/developer/aerostack2_ws/install/as2_core/lib:/home/developer/aerostack2_ws/install/as2_msgs/lib:/opt/ros/humble/opt/rviz_ogre_vendor/lib:/opt/ros/humble/lib/x86_64-linux-gnu:/opt/ros/humble/lib'), ('HOME', '/home/developer'), ('ROS_PYTHON_VERSION', '3'), ('ROS_DISTRO', 'humble'), ('_', '/usr/bin/colcon'), ('ROS_VERSION', '2'), ('TERM', 'xterm'), ('ROS_LOCALHOST_ONLY', '0'), ('QT_X11_NO_MITSHM', '1'), ('PATH', '/opt/ros/humble/bin:/usr/local/sbin:/usr/local/bin:/usr/sbin:/usr/bin:/sbin:/bin'), ('DISPLAY', ':1'), ('LANG', 'C.UTF-8'), ('LS_COLORS', 'rs=0:di=01;34:ln=01;36:mh=00:pi=40;33:so=01;35:do=01;35:bd=40;33;01:cd=40;33;01:or=40;31;01:mi=00:su=37;41:sg=30;43:ca=30;41:tw=30;42:ow=34;42:st=37;44:ex=01;32:*.tar=01;31:*.tgz=01;31:*.arc=01;31:*.arj=01;31:*.taz=01;31:*.lha=01;31:*.lz4=01;31:*.lzh=01;31:*.lzma=01;31:*.tlz=01;31:*.txz=01;31:*.tzo=01;31:*.t7z=01;31:*.zip=01;31:*.z=01;31:*.dz=01;31:*.gz=01;31:*.lrz=01;31:*.lz=01;31:*.lzo=01;31:*.xz=01;31:*.zst=01;31:*.tzst=01;31:*.bz2=01;31:*.bz=01;31:*.tbz=01;31:*.tbz2=01;31:*.tz=01;31:*.deb=01;31:*.rpm=01;31:*.jar=01;31:*.war=01;31:*.ear=01;31:*.sar=01;31:*.rar=01;31:*.alz=01;31:*.ace=01;31:*.zoo=01;31:*.cpio=01;31:*.7z=01;31:*.rz=01;31:*.cab=01;31:*.wim=01;31:*.swm=01;31:*.dwm=01;31:*.esd=01;31:*.jpg=01;35:*.jpeg=01;35:*.mjpg=01;35:*.mjpeg=01;35:*.gif=01;35:*.bmp=01;35:*.pbm=01;35:*.pgm=01;35:*.ppm=01;35:*.tga=01;35:*.xbm=01;35:*.xpm=01;35:*.tif=01;35:*.tiff=01;35:*.png=01;35:*.svg=01;35:*.svgz=01;35:*.mng=01;35:*.pcx=01;35:*.mov=01;35:*.mpg=01;35:*.mpeg=01;35:*.m2v=01;35:*.mkv=01;35:*.webm=01;35:*.webp=01;35:*.ogm=01;35:*.mp4=01;35:*.m4v=01;35:*.mp4v=01;35:*.vob=01;35:*.qt=01;35:*.nuv=01;35:*.wmv=01;35:*.asf=01;35:*.rm=01;35:*.rmvb=01;35:*.flc=01;35:*.avi=01;35:*.fli=01;35:*.flv=01;35:*.gl=01;35:*.dl=01;35:*.xcf=01;35:*.xwd=01;35:*.yuv=01;35:*.cgm=01;35:*.emf=01;35:*.ogv=01;35:*.ogx=01;35:*.aac=00;36:*.au=00;36:*.flac=00;36:*.m4a=00;36:*.mid=00;36:*.midi=00;36:*.mka=00;36:*.mp3=00;36:*.mpc=00;36:*.ogg=00;36:*.ra=00;36:*.wav=00;36:*.oga=00;36:*.opus=00;36:*.spx=00;36:*.xspf=00;36:'), ('AMENT_PREFIX_PATH', '/home/developer/aerostack2_ws/install/as2_core:/home/developer/aerostack2_ws/install/as2_msgs:/opt/ros/humble'), ('GZ_VERSION', 'harmonic'), ('PWD', '/home/developer/aerostack2_ws/build/as2_map_server'), ('LC_ALL', 'C.UTF-8'), ('PYTHONPATH', '/home/developer/aerostack2_ws/install/as2_core/local/lib/python3.10/dist-packages:/home/developer/aerostack2_ws/install/as2_msgs/local/lib/python3.10/dist-packages:/opt/ros/humble/lib/python3.10/site-packages:/opt/ros/humble/local/lib/python3.10/dist-packages'), ('COLCON', '1'), ('CMAKE_PREFIX_PATH', '/home/developer/aerostack2_ws/install/as2_core:/home/developer/aerostack2_ws/install/as2_msgs:/opt/ros/humble')]), 'shell': False}
[116.011244] (as2_map_server) StdoutLine: {'line': b'\x1b[35m\x1b[1mConsolidate compiler generated dependencies of target gtest_main\x1b[0m\n'}
[116.016511] (as2_map_server) StdoutLine: {'line': b'[  7%] \x1b[32mBuilding CXX object CMakeFiles/as2_map_server.dir/src/map_server_node.cpp.o\x1b[0m\n'}
[116.018956] (as2_map_server) StdoutLine: {'line': b'[ 14%] \x1b[32mBuilding CXX object CMakeFiles/as2_map_server.dir/src/map_server.cpp.o\x1b[0m\n'}
[116.019399] (as2_map_server) StdoutLine: {'line': b'[ 28%] Built target gtest_main\n'}
[116.020101] (as2_map_server) StdoutLine: {'line': b'[ 35%] \x1b[32mBuilding CXX object gtest/CMakeFiles/gtest.dir/src/gtest-all.cc.o\x1b[0m\n'}
[116.020463] (as2_map_server) StdoutLine: {'line': b'[ 42%] Built target as2_map_server_base\n'}
[116.039381] (as2_map_server) StdoutLine: {'line': b'[ 50%] \x1b[32mBuilding CXX object plugins/scan2occ_grid/CMakeFiles/scan2occ_grid.dir/src/scan2occ_grid.cpp.o\x1b[0m\n'}
[116.055246] (-) TimerEvent: {}
[116.155476] (-) TimerEvent: {}
[116.255725] (-) TimerEvent: {}
[116.356030] (-) TimerEvent: {}
[116.456337] (-) TimerEvent: {}
[116.556683] (-) TimerEvent: {}
[116.657072] (-) TimerEvent: {}
[116.757426] (-) TimerEvent: {}
[116.857715] (-) TimerEvent: {}
[116.958007] (-) TimerEvent: {}
[117.058337] (-) TimerEvent: {}
[117.158685] (-) TimerEvent: {}
[117.258998] (-) TimerEvent: {}
[117.359307] (-) TimerEvent: {}
[117.459622] (-) TimerEvent: {}
[117.559984] (-) TimerEvent: {}
[117.660264] (-) TimerEvent: {}
[117.760575] (-) TimerEvent: {}
[117.860936] (-) TimerEvent: {}
[117.961223] (-) TimerEvent: {}
[118.061538] (-) TimerEvent: {}
[118.161971] (-) TimerEvent: {}
[118.262243] (-) TimerEvent: {}
[118.362518] (-) TimerEvent: {}
[118.462831] (-) TimerEvent: {}
[118.563112] (-) TimerEvent: {}
[118.663442] (-) TimerEvent: {}
[118.763724] (-) TimerEvent: {}
[118.864133] (-) TimerEvent: {}
[118.964469] (-) TimerEvent: {}
[119.064881] (-) TimerEvent: {}
[119.165202] (-) TimerEvent: {}
[119.265487] (-) TimerEvent: {}
[119.365784] (-) TimerEvent: {}
[119.466084] (-) TimerEvent: {}
[119.566427] (-) TimerEvent: {}
[119.666700] (-) TimerEvent: {}
[119.767036] (-) TimerEvent: {}
[119.867315] (-) TimerEvent: {}
[119.967601] (-) TimerEvent: {}
[120.068004] (-) TimerEvent: {}
[120.168274] (-) TimerEvent: {}
[120.268598] (-) TimerEvent: {}
[120.368919] (-) TimerEvent: {}
[120.469239] (-) TimerEvent: {}
[120.499370] (as2_map_server) StdoutLine: {'line': b'[ 57%] \x1b[32m\x1b[1mLinking CXX static library libgtest.a\x1b[0m\n'}
[120.530247] (as2_map_server) StdoutLine: {'line': b'[ 57%] Built target gtest\n'}
[120.569342] (-) TimerEvent: {}
[120.669652] (-) TimerEvent: {}
[120.769968] (-) TimerEvent: {}
[120.870263] (-) TimerEvent: {}
[120.970563] (-) TimerEvent: {}
[121.070948] (-) TimerEvent: {}
[121.154591] (as2_map_server) StdoutLine: {'line': b'[ 64%] \x1b[32m\x1b[1mLinking CXX shared library libas2_map_server.so\x1b[0m\n'}
[121.171098] (-) TimerEvent: {}
[121.255187] (as2_map_server) StdoutLine: {'line': b'[ 64%] Built target as2_map_server\n'}
[121.271247] (-) TimerEvent: {}
[121.274537] (as2_map_server) StdoutLine: {'line': b'[ 78%] \x1b[32mBuilding CXX object CMakeFiles/as2_map_server_node.dir/src/map_server_node.cpp.o\x1b[0m\n'}
[121.274730] (as2_map_server) StdoutLine: {'line': b'[ 78%] \x1b[32mBuilding CXX object tests/CMakeFiles/as2_map_server_map_server_gtest.dir/map_server_gtest.cpp.o\x1b[0m\n'}
[121.371397] (-) TimerEvent: {}
[121.471690] (-) TimerEvent: {}
[121.572036] (-) TimerEvent: {}
[121.672344] (-) TimerEvent: {}
[121.772649] (-) TimerEvent: {}
[121.872977] (-) TimerEvent: {}
[121.973274] (-) TimerEvent: {}
[122.073626] (-) TimerEvent: {}
[122.173982] (-) TimerEvent: {}
[122.274242] (-) TimerEvent: {}
[122.374588] (-) TimerEvent: {}
[122.474872] (-) TimerEvent: {}
[122.575178] (-) TimerEvent: {}
[122.675490] (-) TimerEvent: {}
[122.775847] (-) TimerEvent: {}
[122.876119] (-) TimerEvent: {}
[122.976430] (-) TimerEvent: {}
[123.076711] (-) TimerEvent: {}
[123.177052] (-) TimerEvent: {}
[123.277342] (-) TimerEvent: {}
[123.377719] (-) TimerEvent: {}
[123.478010] (-) TimerEvent: {}
[123.578293] (-) TimerEvent: {}
[123.584934] (as2_map_server) StdoutLine: {'line': b'[ 85%] \x1b[32m\x1b[1mLinking CXX executable as2_map_server_node\x1b[0m\n'}
[123.678404] (-) TimerEvent: {}
[123.686086] (as2_map_server) StdoutLine: {'line': b'[ 85%] Built target as2_map_server_node\n'}
[123.778508] (-) TimerEvent: {}
[123.878886] (-) TimerEvent: {}
[123.978674] (as2_map_server) StdoutLine: {'line': b'[ 92%] \x1b[32m\x1b[1mLinking CXX executable as2_map_server_map_server_gtest\x1b[0m\n'}
[123.978942] (-) TimerEvent: {}
[124.079138] (-) TimerEvent: {}
[124.087230] (as2_map_server) StdoutLine: {'line': b'[100%] \x1b[32m\x1b[1mLinking CXX shared library libscan2occ_grid.so\x1b[0m\n'}
[124.092879] (as2_map_server) StdoutLine: {'line': b'[100%] Built target as2_map_server_map_server_gtest\n'}
[124.179236] (-) TimerEvent: {}
[124.263193] (as2_map_server) StdoutLine: {'line': b'[100%] Built target scan2occ_grid\n'}
[124.272265] (as2_map_server) CommandEnded: {'returncode': 0}
[124.273008] (as2_map_server) JobProgress: {'identifier': 'as2_map_server', 'progress': 'install'}
[124.273268] (as2_map_server) Command: {'cmd': ['/usr/bin/cmake', '--install', '/home/developer/aerostack2_ws/build/as2_map_server'], 'cwd': '/home/developer/aerostack2_ws/build/as2_map_server', 'env': OrderedDict([('HOSTNAME', 'lead-Predator-PHN16-71'), ('SHLVL', '1'), ('LD_LIBRARY_PATH', '/home/developer/aerostack2_ws/install/as2_core/lib:/home/developer/aerostack2_ws/install/as2_msgs/lib:/opt/ros/humble/opt/rviz_ogre_vendor/lib:/opt/ros/humble/lib/x86_64-linux-gnu:/opt/ros/humble/lib'), ('HOME', '/home/developer'), ('ROS_PYTHON_VERSION', '3'), ('ROS_DISTRO', 'humble'), ('_', '/usr/bin/colcon'), ('ROS_VERSION', '2'), ('TERM', 'xterm'), ('ROS_LOCALHOST_ONLY', '0'), ('QT_X11_NO_MITSHM', '1'), ('PATH', '/opt/ros/humble/bin:/usr/local/sbin:/usr/local/bin:/usr/sbin:/usr/bin:/sbin:/bin'), ('DISPLAY', ':1'), ('LANG', 'C.UTF-8'), ('LS_COLORS', 'rs=0:di=01;34:ln=01;36:mh=00:pi=40;33:so=01;35:do=01;35:bd=40;33;01:cd=40;33;01:or=40;31;01:mi=00:su=37;41:sg=30;43:ca=30;41:tw=30;42:ow=34;42:st=37;44:ex=01;32:*.tar=01;31:*.tgz=01;31:*.arc=01;31:*.arj=01;31:*.taz=01;31:*.lha=01;31:*.lz4=01;31:*.lzh=01;31:*.lzma=01;31:*.tlz=01;31:*.txz=01;31:*.tzo=01;31:*.t7z=01;31:*.zip=01;31:*.z=01;31:*.dz=01;31:*.gz=01;31:*.lrz=01;31:*.lz=01;31:*.lzo=01;31:*.xz=01;31:*.zst=01;31:*.tzst=01;31:*.bz2=01;31:*.bz=01;31:*.tbz=01;31:*.tbz2=01;31:*.tz=01;31:*.deb=01;31:*.rpm=01;31:*.jar=01;31:*.war=01;31:*.ear=01;31:*.sar=01;31:*.rar=01;31:*.alz=01;31:*.ace=01;31:*.zoo=01;31:*.cpio=01;31:*.7z=01;31:*.rz=01;31:*.cab=01;31:*.wim=01;31:*.swm=01;31:*.dwm=01;31:*.esd=01;31:*.jpg=01;35:*.jpeg=01;35:*.mjpg=01;35:*.mjpeg=01;35:*.gif=01;35:*.bmp=01;35:*.pbm=01;35:*.pgm=01;35:*.ppm=01;35:*.tga=01;35:*.xbm=01;35:*.xpm=01;35:*.tif=01;35:*.tiff=01;35:*.png=01;35:*.svg=01;35:*.svgz=01;35:*.mng=01;35:*.pcx=01;35:*.mov=01;35:*.mpg=01;35:*.mpeg=01;35:*.m2v=01;35:*.mkv=01;35:*.webm=01;35:*.webp=01;35:*.ogm=01;35:*.mp4=01;35:*.m4v=01;35:*.mp4v=01;35:*.vob=01;35:*.qt=01;35:*.nuv=01;35:*.wmv=01;35:*.asf=01;35:*.rm=01;35:*.rmvb=01;35:*.flc=01;35:*.avi=01;35:*.fli=01;35:*.flv=01;35:*.gl=01;35:*.dl=01;35:*.xcf=01;35:*.xwd=01;35:*.yuv=01;35:*.cgm=01;35:*.emf=01;35:*.ogv=01;35:*.ogx=01;35:*.aac=00;36:*.au=00;36:*.flac=00;36:*.m4a=00;36:*.mid=00;36:*.midi=00;36:*.mka=00;36:*.mp3=00;36:*.mpc=00;36:*.ogg=00;36:*.ra=00;36:*.wav=00;36:*.oga=00;36:*.opus=00;36:*.spx=00;36:*.xspf=00;36:'), ('AMENT_PREFIX_PATH', '/home/developer/aerostack2_ws/install/as2_core:/home/developer/aerostack2_ws/install/as2_msgs:/opt/ros/humble'), ('GZ_VERSION', 'harmonic'), ('PWD', '/home/developer/aerostack2_ws/build/as2_map_server'), ('LC_ALL', 'C.UTF-8'), ('PYTHONPATH', '/home/developer/aerostack2_ws/install/as2_core/local/lib/python3.10/dist-packages:/home/developer/aerostack2_ws/install/as2_msgs/local/lib/python3.10/dist-packages:/opt/ros/humble/lib/python3.10/site-packages:/opt/ros/humble/local/lib/python3.10/dist-packages'), ('COLCON', '1'), ('CMAKE_PREFIX_PATH', '/home/developer/aerostack2_ws/install/as2_core:/home/developer/aerostack2_ws/install/as2_msgs:/opt/ros/humble')]), 'shell': False}
[124.277522] (as2_map_server) StdoutLine: {'line': b'-- Install configuration: "Release"\n'}
[124.277922] (as2_map_server) StdoutLine: {'line': b'-- Execute custom install script\n'}
[124.278167] (as2_map_server) StdoutLine: {'line': b'-- Symlinking: /home/developer/aerostack2_ws/install/as2_map_server/include/as2_map_server/map_server.hpp\n'}
[124.279307] (-) TimerEvent: {}
[124.285662] (as2_map_server) StdoutLine: {'line': b'-- Symlinking: /home/developer/aerostack2_ws/install/as2_map_server/include/as2_map_server/plugin_base.hpp\n'}
[124.293446] (as2_map_server) StdoutLine: {'line': b'-- Symlinking: /home/developer/aerostack2_ws/install/as2_map_server/share/as2_map_server/environment/library_path.sh\n'}
[124.299098] (as2_map_server) StdoutLine: {'line': b'-- Symlinking: /home/developer/aerostack2_ws/install/as2_map_server/share/as2_map_server/environment/library_path.dsv\n'}
[124.306585] (as2_map_server) StdoutLine: {'line': b'-- Up-to-date symlink: /home/developer/aerostack2_ws/install/as2_map_server/include/as2_map_server/map_server.hpp\n'}
[124.306653] (as2_map_server) StdoutLine: {'line': b'-- Up-to-date symlink: /home/developer/aerostack2_ws/install/as2_map_server/include/as2_map_server/plugin_base.hpp\n'}
[124.306744] (as2_map_server) StdoutLine: {'line': b'-- Symlinking: /home/developer/aerostack2_ws/install/as2_map_server/lib/as2_map_server/as2_map_server_node\n'}
[124.314411] (as2_map_server) StdoutLine: {'line': b'-- Symlinking: /home/developer/aerostack2_ws/install/as2_map_server/include/scan2occ_grid.hpp\n'}
[124.321444] (as2_map_server) StdoutLine: {'line': b'-- Symlinking: /home/developer/aerostack2_ws/install/as2_map_server/share/as2_map_server//plugins.xml\n'}
[124.328872] (as2_map_server) StdoutLine: {'line': b'-- Symlinking: /home/developer/aerostack2_ws/install/as2_map_server/share/as2_map_server/launch/map_server.launch.py\n'}
[124.335496] (as2_map_server) StdoutLine: {'line': b'-- Symlinking: /home/developer/aerostack2_ws/install/as2_map_server/share/as2_map_server/launch/scan2occ_grid-map_server.launch.py\n'}
[124.340975] (as2_map_server) StdoutLine: {'line': b'-- Symlinking: /home/developer/aerostack2_ws/install/as2_map_server/share/as2_map_server/plugins/scan2occ_grid/config/plugin_default.yaml\n'}
[124.348133] (as2_map_server) StdoutLine: {'line': b'-- Symlinking: /home/developer/aerostack2_ws/install/as2_map_server/share/as2_map_server/launch/depth2occ_grid-map_server.launch.py\n'}
[124.355291] (as2_map_server) StdoutLine: {'line': b'-- Symlinking: /home/developer/aerostack2_ws/install/as2_map_server/share/as2_map_server/plugins/depth2occ_grid/config/plugin_default.yaml\n'}
[124.361190] (as2_map_server) StdoutLine: {'line': b'-- Symlinking: /home/developer/aerostack2_ws/install/as2_map_server/share/as2_map_server/launch/point_cloud2occ_grid-map_server.launch.py\n'}
[124.368409] (as2_map_server) StdoutLine: {'line': b'-- Symlinking: /home/developer/aerostack2_ws/install/as2_map_server/share/as2_map_server/plugins/point_cloud2occ_grid/config/plugin_default.yaml\n'}
[124.375573] (as2_map_server) StdoutLine: {'line': b'-- Symlinking: /home/developer/aerostack2_ws/install/as2_map_server/share/ament_index/resource_index/package_run_dependencies/as2_map_server\n'}
[124.379423] (-) TimerEvent: {}
[124.381270] (as2_map_server) StdoutLine: {'line': b'-- Symlinking: /home/developer/aerostack2_ws/install/as2_map_server/share/ament_index/resource_index/parent_prefix_path/as2_map_server\n'}
[124.388007] (as2_map_server) StdoutLine: {'line': b'-- Symlinking: /home/developer/aerostack2_ws/install/as2_map_server/share/as2_map_server/environment/ament_prefix_path.sh\n'}
[124.395246] (as2_map_server) StdoutLine: {'line': b'-- Symlinking: /home/developer/aerostack2_ws/install/as2_map_server/share/as2_map_server/environment/ament_prefix_path.dsv\n'}
[124.402652] (as2_map_server) StdoutLine: {'line': b'-- Symlinking: /home/developer/aerostack2_ws/install/as2_map_server/share/as2_map_server/environment/path.sh\n'}
[124.408938] (as2_map_server) StdoutLine: {'line': b'-- Symlinking: /home/developer/aerostack2_ws/install/as2_map_server/share/as2_map_server/environment/path.dsv\n'}
[124.416121] (as2_map_server) StdoutLine: {'line': b'-- Symlinking: /home/developer/aerostack2_ws/install/as2_map_server/share/as2_map_server/local_setup.bash\n'}
[124.420545] (as2_map_server) StdoutLine: {'line': b'-- Symlinking: /home/developer/aerostack2_ws/install/as2_map_server/share/as2_map_server/local_setup.sh\n'}
[124.425195] (as2_map_server) StdoutLine: {'line': b'-- Symlinking: /home/developer/aerostack2_ws/install/as2_map_server/share/as2_map_server/local_setup.zsh\n'}
[124.429863] (as2_map_server) StdoutLine: {'line': b'-- Symlinking: /home/developer/aerostack2_ws/install/as2_map_server/share/as2_map_server/local_setup.dsv\n'}
[124.435956] (as2_map_server) StdoutLine: {'line': b'-- Symlinking: /home/developer/aerostack2_ws/install/as2_map_server/share/as2_map_server/package.dsv\n'}
[124.442576] (as2_map_server) StdoutLine: {'line': b'-- Symlinking: /home/developer/aerostack2_ws/install/as2_map_server/share/ament_index/resource_index/packages/as2_map_server\n'}
[124.448545] (as2_map_server) StdoutLine: {'line': b'-- Symlinking: /home/developer/aerostack2_ws/install/as2_map_server/share/ament_index/resource_index/as2_map_server__pluginlib__plugin/as2_map_server\n'}
[124.455535] (as2_map_server) StdoutLine: {'line': b'-- Symlinking: /home/developer/aerostack2_ws/install/as2_map_server/share/as2_map_server/cmake/ament_cmake_export_libraries-extras.cmake\n'}
[124.462077] (as2_map_server) StdoutLine: {'line': b'-- Symlinking: /home/developer/aerostack2_ws/install/as2_map_server/share/as2_map_server/cmake/ament_cmake_export_targets-extras.cmake\n'}
[124.468232] (as2_map_server) StdoutLine: {'line': b'-- Symlinking: /home/developer/aerostack2_ws/install/as2_map_server/share/as2_map_server/cmake/ament_cmake_export_include_directories-extras.cmake\n'}
[124.475538] (as2_map_server) StdoutLine: {'line': b'-- Symlinking: /home/developer/aerostack2_ws/install/as2_map_server/share/as2_map_server/cmake/as2_map_serverConfig.cmake\n'}
[124.479519] (-) TimerEvent: {}
[124.480476] (as2_map_server) StdoutLine: {'line': b'-- Symlinking: /home/developer/aerostack2_ws/install/as2_map_server/share/as2_map_server/cmake/as2_map_serverConfig-version.cmake\n'}
[124.485364] (as2_map_server) StdoutLine: {'line': b'-- Symlinking: /home/developer/aerostack2_ws/install/as2_map_server/share/as2_map_server/package.xml\n'}
[124.489883] (as2_map_server) StdoutLine: {'line': b'-- Installing: /home/developer/aerostack2_ws/install/as2_map_server/lib/libas2_map_server_base.so\n'}
[124.490081] (as2_map_server) StdoutLine: {'line': b'-- Set runtime path of "/home/developer/aerostack2_ws/install/as2_map_server/lib/libas2_map_server_base.so" to ""\n'}
[124.490273] (as2_map_server) StdoutLine: {'line': b'-- Installing: /home/developer/aerostack2_ws/install/as2_map_server/lib/libas2_map_server.so\n'}
[124.490436] (as2_map_server) StdoutLine: {'line': b'-- Set runtime path of "/home/developer/aerostack2_ws/install/as2_map_server/lib/libas2_map_server.so" to ""\n'}
[124.498843] (as2_map_server) StdoutLine: {'line': b'-- Installing: /home/developer/aerostack2_ws/install/as2_map_server/share/as2_map_server/cmake/export_as2_map_server_baseExport.cmake\n'}
[124.499148] (as2_map_server) StdoutLine: {'line': b'-- Installing: /home/developer/aerostack2_ws/install/as2_map_server/share/as2_map_server/cmake/export_as2_map_server_baseExport-release.cmake\n'}
[124.499340] (as2_map_server) StdoutLine: {'line': b'-- Installing: /home/developer/aerostack2_ws/install/as2_map_server/share/as2_map_server/cmake/export_as2_map_serverExport.cmake\n'}
[124.499505] (as2_map_server) StdoutLine: {'line': b'-- Installing: /home/developer/aerostack2_ws/install/as2_map_server/share/as2_map_server/cmake/export_as2_map_serverExport-release.cmake\n'}
[124.499660] (as2_map_server) StdoutLine: {'line': b'-- Installing: /home/developer/aerostack2_ws/install/as2_map_server/lib/libscan2occ_grid.so\n'}
[124.500350] (as2_map_server) StdoutLine: {'line': b'-- Set runtime path of "/home/developer/aerostack2_ws/install/as2_map_server/lib/libscan2occ_grid.so" to ""\n'}
[124.502563] (as2_map_server) CommandEnded: {'returncode': 0}
[124.511254] (as2_map_server) JobEnded: {'identifier': 'as2_map_server', 'rc': 0}
[124.511906] (as2_platform_multirotor_simulator) JobStarted: {'identifier': 'as2_platform_multirotor_simulator'}
[124.518668] (as2_platform_multirotor_simulator) JobProgress: {'identifier': 'as2_platform_multirotor_simulator', 'progress': 'cmake'}
[124.519635] (as2_platform_multirotor_simulator) JobProgress: {'identifier': 'as2_platform_multirotor_simulator', 'progress': 'build'}
[124.519883] (as2_platform_multirotor_simulator) Command: {'cmd': ['/usr/bin/cmake', '--build', '/home/developer/aerostack2_ws/build/as2_platform_multirotor_simulator', '--', '-j20', '-l20'], 'cwd': '/home/developer/aerostack2_ws/build/as2_platform_multirotor_simulator', 'env': OrderedDict([('HOSTNAME', 'lead-Predator-PHN16-71'), ('SHLVL', '1'), ('LD_LIBRARY_PATH', '/home/developer/aerostack2_ws/install/as2_core/lib:/home/developer/aerostack2_ws/install/as2_msgs/lib:/opt/ros/humble/opt/rviz_ogre_vendor/lib:/opt/ros/humble/lib/x86_64-linux-gnu:/opt/ros/humble/lib'), ('HOME', '/home/developer'), ('ROS_PYTHON_VERSION', '3'), ('ROS_DISTRO', 'humble'), ('_', '/usr/bin/colcon'), ('ROS_VERSION', '2'), ('TERM', 'xterm'), ('ROS_LOCALHOST_ONLY', '0'), ('QT_X11_NO_MITSHM', '1'), ('PATH', '/opt/ros/humble/bin:/usr/local/sbin:/usr/local/bin:/usr/sbin:/usr/bin:/sbin:/bin'), ('DISPLAY', ':1'), ('LANG', 'C.UTF-8'), ('LS_COLORS', 'rs=0:di=01;34:ln=01;36:mh=00:pi=40;33:so=01;35:do=01;35:bd=40;33;01:cd=40;33;01:or=40;31;01:mi=00:su=37;41:sg=30;43:ca=30;41:tw=30;42:ow=34;42:st=37;44:ex=01;32:*.tar=01;31:*.tgz=01;31:*.arc=01;31:*.arj=01;31:*.taz=01;31:*.lha=01;31:*.lz4=01;31:*.lzh=01;31:*.lzma=01;31:*.tlz=01;31:*.txz=01;31:*.tzo=01;31:*.t7z=01;31:*.zip=01;31:*.z=01;31:*.dz=01;31:*.gz=01;31:*.lrz=01;31:*.lz=01;31:*.lzo=01;31:*.xz=01;31:*.zst=01;31:*.tzst=01;31:*.bz2=01;31:*.bz=01;31:*.tbz=01;31:*.tbz2=01;31:*.tz=01;31:*.deb=01;31:*.rpm=01;31:*.jar=01;31:*.war=01;31:*.ear=01;31:*.sar=01;31:*.rar=01;31:*.alz=01;31:*.ace=01;31:*.zoo=01;31:*.cpio=01;31:*.7z=01;31:*.rz=01;31:*.cab=01;31:*.wim=01;31:*.swm=01;31:*.dwm=01;31:*.esd=01;31:*.jpg=01;35:*.jpeg=01;35:*.mjpg=01;35:*.mjpeg=01;35:*.gif=01;35:*.bmp=01;35:*.pbm=01;35:*.pgm=01;35:*.ppm=01;35:*.tga=01;35:*.xbm=01;35:*.xpm=01;35:*.tif=01;35:*.tiff=01;35:*.png=01;35:*.svg=01;35:*.svgz=01;35:*.mng=01;35:*.pcx=01;35:*.mov=01;35:*.mpg=01;35:*.mpeg=01;35:*.m2v=01;35:*.mkv=01;35:*.webm=01;35:*.webp=01;35:*.ogm=01;35:*.mp4=01;35:*.m4v=01;35:*.mp4v=01;35:*.vob=01;35:*.qt=01;35:*.nuv=01;35:*.wmv=01;35:*.asf=01;35:*.rm=01;35:*.rmvb=01;35:*.flc=01;35:*.avi=01;35:*.fli=01;35:*.flv=01;35:*.gl=01;35:*.dl=01;35:*.xcf=01;35:*.xwd=01;35:*.yuv=01;35:*.cgm=01;35:*.emf=01;35:*.ogv=01;35:*.ogx=01;35:*.aac=00;36:*.au=00;36:*.flac=00;36:*.m4a=00;36:*.mid=00;36:*.midi=00;36:*.mka=00;36:*.mp3=00;36:*.mpc=00;36:*.ogg=00;36:*.ra=00;36:*.wav=00;36:*.oga=00;36:*.opus=00;36:*.spx=00;36:*.xspf=00;36:'), ('AMENT_PREFIX_PATH', '/home/developer/aerostack2_ws/install/as2_core:/home/developer/aerostack2_ws/install/as2_msgs:/opt/ros/humble'), ('GZ_VERSION', 'harmonic'), ('PWD', '/home/developer/aerostack2_ws/build/as2_platform_multirotor_simulator'), ('LC_ALL', 'C.UTF-8'), ('PYTHONPATH', '/home/developer/aerostack2_ws/install/as2_core/local/lib/python3.10/dist-packages:/home/developer/aerostack2_ws/install/as2_msgs/local/lib/python3.10/dist-packages:/opt/ros/humble/lib/python3.10/site-packages:/opt/ros/humble/local/lib/python3.10/dist-packages'), ('COLCON', '1'), ('CMAKE_PREFIX_PATH', '/home/developer/aerostack2_ws/install/as2_core:/home/developer/aerostack2_ws/install/as2_msgs:/opt/ros/humble')]), 'shell': False}
[124.561156] (as2_platform_multirotor_simulator) StdoutLine: {'line': b'\x1b[35m\x1b[1mConsolidate compiler generated dependencies of target gtest_main\x1b[0m\n'}
[124.567212] (as2_platform_multirotor_simulator) StdoutLine: {'line': b'[  2%] \x1b[32mBuilding CXX object gtest/CMakeFiles/gtest.dir/src/gtest-all.cc.o\x1b[0m\n'}
[124.568739] (as2_platform_multirotor_simulator) StdoutLine: {'line': b'[  4%] Built target pid_controller\n'}
[124.568880] (as2_platform_multirotor_simulator) StdoutLine: {'line': b'[  8%] Built target gtest_main\n'}
[124.579668] (-) TimerEvent: {}
[124.585105] (as2_platform_multirotor_simulator) StdoutLine: {'line': b'[ 12%] \x1b[32mBuilding CXX object _deps/multirotor_simulator-build/tests/CMakeFiles/multirotor_simulator_trajectory_controller_gtest.dir/multirotor_controllers/controllers/trajectory_controller_gtest.cpp.o\x1b[0m\n'}
[124.585339] (as2_platform_multirotor_simulator) StdoutLine: {'line': b'[ 14%] \x1b[32mBuilding CXX object _deps/multirotor_simulator-build/tests/CMakeFiles/multirotor_simulator_indi_controller_gtest.dir/multirotor_controllers/controllers/indi_controller_gtest.cpp.o\x1b[0m\n'}
[124.585423] (as2_platform_multirotor_simulator) StdoutLine: {'line': b'[ 14%] \x1b[32mBuilding CXX object _deps/multirotor_simulator-build/pid_controller/tests/CMakeFiles/pid_controller_pid_1d_gtest.dir/pid_1d_test/pid_1d_gtest.cpp.o\x1b[0m\n'}
[124.585552] (as2_platform_multirotor_simulator) StdoutLine: {'line': b'[ 16%] \x1b[32mBuilding CXX object _deps/multirotor_simulator-build/tests/CMakeFiles/multirotor_simulator_multirotor_controllers_gtest.dir/multirotor_controllers/multirotor_controllers_gtest.cpp.o\x1b[0m\n'}
[124.585701] (as2_platform_multirotor_simulator) StdoutLine: {'line': b'[ 18%] \x1b[32mBuilding CXX object CMakeFiles/as2_platform_multirotor_simulator_node.dir/src/as2_platform_multirotor_simulator_node.cpp.o\x1b[0m\n'}
[124.586833] (as2_platform_multirotor_simulator) StdoutLine: {'line': b'[ 20%] \x1b[32mBuilding CXX object _deps/multirotor_simulator-build/tests/CMakeFiles/multirotor_simulator_acro_controller_gtest.dir/multirotor_controllers/controllers/acro_controller_gtest.cpp.o\x1b[0m\n'}
[124.586967] (as2_platform_multirotor_simulator) StdoutLine: {'line': b'[ 22%] \x1b[32mBuilding CXX object _deps/multirotor_simulator-build/tests/CMakeFiles/multirotor_simulator_velocity_controller_gtest.dir/multirotor_controllers/controllers/velocity_controller_gtest.cpp.o\x1b[0m\n'}
[124.588839] (as2_platform_multirotor_simulator) StdoutLine: {'line': b'[ 24%] \x1b[32mBuilding CXX object _deps/multirotor_simulator-build/tests/CMakeFiles/multirotor_simulator_position_controller_gtest.dir/multirotor_controllers/controllers/position_controller_gtest.cpp.o\x1b[0m\n'}
[124.589112] (as2_platform_multirotor_simulator) StdoutLine: {'line': b'[ 26%] \x1b[32mBuilding CXX object CMakeFiles/as2_platform_multirotor_simulator.dir/src/as2_platform_multirotor_simulator.cpp.o\x1b[0m\n'}
[124.589202] (as2_platform_multirotor_simulator) StdoutLine: {'line': b'[ 28%] \x1b[32mBuilding CXX object _deps/multirotor_simulator-build/pid_controller/tests/CMakeFiles/pid_controller_saturate_output_gtest.dir/pid_test/saturate_output_gtest.cpp.o\x1b[0m\n'}
[124.589283] (as2_platform_multirotor_simulator) StdoutLine: {'line': b'[ 30%] \x1b[32mBuilding CXX object _deps/multirotor_simulator-build/tests/CMakeFiles/multirotor_simulator_model_gtest.dir/multirotor_dynamic_model/multirotor_dynamic_model/model_gtest.cpp.o\x1b[0m\n'}
[124.589364] (as2_platform_multirotor_simulator) StdoutLine: {'line': b'[ 32%] \x1b[32mBuilding CXX object _deps/multirotor_simulator-build/tests/CMakeFiles/multirotor_simulator_state_gtest.dir/multirotor_dynamic_model/common/state_gtest.cpp.o\x1b[0m\n'}
[124.589433] (as2_platform_multirotor_simulator) StdoutLine: {'line': b'[ 34%] \x1b[32mBuilding CXX object _deps/multirotor_simulator-build/pid_controller/tests/CMakeFiles/pid_controller_pid_gtest.dir/pid_test/pid_gtest.cpp.o\x1b[0m\n'}
[124.589568] (as2_platform_multirotor_simulator) StdoutLine: {'line': b'[ 36%] \x1b[32mBuilding CXX object _deps/multirotor_simulator-build/tests/CMakeFiles/multirotor_simulator_multirotor_simulator_fly_gtest.dir/multirotor_simulator/multirotor_simulator_fly_gtest.cpp.o\x1b[0m\n'}
[124.589645] (as2_platform_multirotor_simulator) StdoutLine: {'line': b'[ 38%] \x1b[32mBuilding CXX object _deps/multirotor_simulator-build/tests/CMakeFiles/multirotor_simulator_inertial_odometry_gtest.dir/imu_simulator/inertial_odometry_gtest.cpp.o\x1b[0m\n'}
[124.591219] (as2_platform_multirotor_simulator) StdoutLine: {'line': b'[ 42%] \x1b[32mBuilding CXX object _deps/multirotor_simulator-build/tests/CMakeFiles/multirotor_simulator_utils_gtest.dir/multirotor_dynamic_model/common/utils_gtest.cpp.o\x1b[0m\n'}
[124.591454] (as2_platform_multirotor_simulator) StdoutLine: {'line': b'[ 42%] \x1b[32mBuilding CXX object _deps/multirotor_simulator-build/tests/CMakeFiles/multirotor_simulator_dynamics_gtest.dir/multirotor_dynamic_model/multirotor_dynamic_model/dynamics_gtest.cpp.o\x1b[0m\n'}
[124.595164] (as2_platform_multirotor_simulator) StdoutLine: {'line': b'[ 44%] \x1b[32mBuilding CXX object _deps/multirotor_simulator-build/tests/CMakeFiles/multirotor_simulator_multirotor_simulator_gtest.dir/multirotor_simulator/multirotor_simulator_gtest.cpp.o\x1b[0m\n'}
[124.595390] (as2_platform_multirotor_simulator) StdoutLine: {'line': b'[ 46%] \x1b[32mBuilding CXX object _deps/multirotor_simulator-build/tests/CMakeFiles/multirotor_simulator_imu_gtest.dir/imu_simulator/imu_gtest.cpp.o\x1b[0m\n'}
[124.679777] (-) TimerEvent: {}
[124.780329] (-) TimerEvent: {}
[124.880702] (-) TimerEvent: {}
[124.982045] (-) TimerEvent: {}
[125.084053] (-) TimerEvent: {}
[125.184376] (-) TimerEvent: {}
[125.284715] (-) TimerEvent: {}
[125.385190] (-) TimerEvent: {}
[125.487072] (-) TimerEvent: {}
[125.587592] (-) TimerEvent: {}
[125.687928] (-) TimerEvent: {}
[125.788293] (-) TimerEvent: {}
[125.888660] (-) TimerEvent: {}
[125.990237] (-) TimerEvent: {}
[126.091670] (-) TimerEvent: {}
[126.192048] (-) TimerEvent: {}
[126.293565] (-) TimerEvent: {}
[126.395434] (-) TimerEvent: {}
[126.497195] (-) TimerEvent: {}
[126.602074] (-) TimerEvent: {}
[126.702454] (-) TimerEvent: {}
[126.802823] (-) TimerEvent: {}
[126.903223] (-) TimerEvent: {}
[126.940854] (as2_platform_multirotor_simulator) StdoutLine: {'line': b'[ 48%] \x1b[32m\x1b[1mLinking CXX executable pid_controller_saturate_output_gtest\x1b[0m\n'}
[127.003354] (-) TimerEvent: {}
[127.097800] (as2_platform_multirotor_simulator) StdoutLine: {'line': b'[ 48%] Built target pid_controller_saturate_output_gtest\n'}
[127.103469] (-) TimerEvent: {}
[127.107146] (as2_platform_multirotor_simulator) StdoutLine: {'line': b'[ 50%] \x1b[32mBuilding CXX object CMakeFiles/as2_platform_multirotor_simulator.dir/src/as2_interface.cpp.o\x1b[0m\n'}
[127.203591] (-) TimerEvent: {}
[127.304500] (-) TimerEvent: {}
[127.405043] (-) TimerEvent: {}
[127.508189] (-) TimerEvent: {}
[127.608548] (-) TimerEvent: {}
[127.708911] (-) TimerEvent: {}
[127.809289] (-) TimerEvent: {}
[127.857472] (as2_platform_multirotor_simulator) StdoutLine: {'line': b'[ 52%] \x1b[32m\x1b[1mLinking CXX executable pid_controller_pid_1d_gtest\x1b[0m\n'}
[127.909420] (-) TimerEvent: {}
[127.993862] (as2_platform_multirotor_simulator) StdoutLine: {'line': b'[ 52%] Built target pid_controller_pid_1d_gtest\n'}
[128.002860] (as2_platform_multirotor_simulator) StdoutLine: {'line': b'[ 54%] \x1b[32mBuilding CXX object CMakeFiles/as2_platform_multirotor_simulator_node.dir/src/as2_platform_multirotor_simulator.cpp.o\x1b[0m\n'}
[128.011042] (-) TimerEvent: {}
[128.111491] (-) TimerEvent: {}
[128.212063] (-) TimerEvent: {}
[128.312463] (-) TimerEvent: {}
[128.412837] (-) TimerEvent: {}
[128.515051] (-) TimerEvent: {}
[128.556765] (as2_platform_multirotor_simulator) StdoutLine: {'line': b'[ 56%] \x1b[32m\x1b[1mLinking CXX executable multirotor_simulator_velocity_controller_gtest\x1b[0m\n'}
[128.615189] (-) TimerEvent: {}
[128.683439] (as2_platform_multirotor_simulator) StdoutLine: {'line': b'[ 56%] Built target multirotor_simulator_velocity_controller_gtest\n'}
[128.692235] (as2_platform_multirotor_simulator) StdoutLine: {'line': b'[ 58%] \x1b[32mBuilding CXX object CMakeFiles/as2_platform_multirotor_simulator_node.dir/src/as2_interface.cpp.o\x1b[0m\n'}
[128.715313] (-) TimerEvent: {}
[128.800123] (as2_platform_multirotor_simulator) StdoutLine: {'line': b'[ 60%] \x1b[32m\x1b[1mLinking CXX executable multirotor_simulator_utils_gtest\x1b[0m\n'}
[128.815427] (-) TimerEvent: {}
[128.915821] (-) TimerEvent: {}
[128.961489] (as2_platform_multirotor_simulator) StdoutLine: {'line': b'[ 60%] Built target multirotor_simulator_utils_gtest\n'}
[129.016040] (-) TimerEvent: {}
[129.116778] (-) TimerEvent: {}
[129.218378] (-) TimerEvent: {}
[129.319047] (-) TimerEvent: {}
[129.406467] (as2_platform_multirotor_simulator) StdoutLine: {'line': b'[ 62%] \x1b[32m\x1b[1mLinking CXX executable multirotor_simulator_state_gtest\x1b[0m\n'}
[129.420049] (-) TimerEvent: {}
[129.520401] (-) TimerEvent: {}
[129.542773] (as2_platform_multirotor_simulator) StdoutLine: {'line': b'[ 62%] Built target multirotor_simulator_state_gtest\n'}
[129.621061] (-) TimerEvent: {}
[129.702934] (as2_platform_multirotor_simulator) StdoutLine: {'line': b'[ 64%] \x1b[32m\x1b[1mLinking CXX executable multirotor_simulator_position_controller_gtest\x1b[0m\n'}
[129.722048] (-) TimerEvent: {}
[129.792118] (as2_platform_multirotor_simulator) StdoutLine: {'line': b'[ 66%] \x1b[32m\x1b[1mLinking CXX executable pid_controller_pid_gtest\x1b[0m\n'}
[129.813564] (as2_platform_multirotor_simulator) StdoutLine: {'line': b'[ 68%] \x1b[32m\x1b[1mLinking CXX executable multirotor_simulator_trajectory_controller_gtest\x1b[0m\n'}
[129.823043] (-) TimerEvent: {}
[129.852472] (as2_platform_multirotor_simulator) StdoutLine: {'line': b'[ 68%] Built target multirotor_simulator_position_controller_gtest\n'}
[129.922737] (as2_platform_multirotor_simulator) StdoutLine: {'line': b'[ 68%] Built target pid_controller_pid_gtest\n'}
[129.923104] (-) TimerEvent: {}
[129.967032] (as2_platform_multirotor_simulator) StdoutLine: {'line': b'[ 68%] Built target multirotor_simulator_trajectory_controller_gtest\n'}
[130.023244] (-) TimerEvent: {}
[130.124041] (-) TimerEvent: {}
[130.224388] (-) TimerEvent: {}
[130.325042] (-) TimerEvent: {}
[130.425389] (-) TimerEvent: {}
[130.526043] (-) TimerEvent: {}
[130.627035] (-) TimerEvent: {}
[130.727393] (-) TimerEvent: {}
[130.827770] (-) TimerEvent: {}
[130.928845] (-) TimerEvent: {}
[131.029223] (-) TimerEvent: {}
[131.082732] (as2_platform_multirotor_simulator) StdoutLine: {'line': b'[ 70%] \x1b[32m\x1b[1mLinking CXX executable multirotor_simulator_indi_controller_gtest\x1b[0m\n'}
[131.130056] (-) TimerEvent: {}
[131.201597] (as2_platform_multirotor_simulator) StdoutLine: {'line': b'[ 70%] Built target multirotor_simulator_indi_controller_gtest\n'}
[131.230173] (-) TimerEvent: {}
[131.331031] (-) TimerEvent: {}
[131.431362] (-) TimerEvent: {}
[131.532052] (-) TimerEvent: {}
[131.632421] (-) TimerEvent: {}
[131.732813] (-) TimerEvent: {}
[131.833191] (-) TimerEvent: {}
[131.850478] (as2_platform_multirotor_simulator) StdoutLine: {'line': b'[ 72%] \x1b[32m\x1b[1mLinking CXX static library libgtest.a\x1b[0m\n'}
[131.893954] (as2_platform_multirotor_simulator) StdoutLine: {'line': b'[ 72%] Built target gtest\n'}
[131.933302] (-) TimerEvent: {}
[132.033635] (-) TimerEvent: {}
[132.133996] (-) TimerEvent: {}
[132.135569] (as2_platform_multirotor_simulator) StdoutLine: {'line': b'[ 74%] \x1b[32m\x1b[1mLinking CXX executable multirotor_simulator_acro_controller_gtest\x1b[0m\n'}
[132.234220] (-) TimerEvent: {}
[132.264346] (as2_platform_multirotor_simulator) StdoutLine: {'line': b'[ 74%] Built target multirotor_simulator_acro_controller_gtest\n'}
[132.334329] (-) TimerEvent: {}
[132.388686] (as2_platform_multirotor_simulator) StdoutLine: {'line': b'[ 76%] \x1b[32m\x1b[1mLinking CXX executable multirotor_simulator_multirotor_simulator_fly_gtest\x1b[0m\n'}
[132.434792] (-) TimerEvent: {}
[132.473677] (as2_platform_multirotor_simulator) StdoutLine: {'line': b'[ 76%] Built target multirotor_simulator_multirotor_simulator_fly_gtest\n'}
[132.534885] (-) TimerEvent: {}
[132.635213] (-) TimerEvent: {}
[132.735583] (-) TimerEvent: {}
[132.835900] (-) TimerEvent: {}
[132.867670] (as2_platform_multirotor_simulator) StdoutLine: {'line': b'[ 78%] \x1b[32m\x1b[1mLinking CXX executable multirotor_simulator_inertial_odometry_gtest\x1b[0m\n'}
[132.936032] (-) TimerEvent: {}
[132.986916] (as2_platform_multirotor_simulator) StdoutLine: {'line': b'[ 78%] Built target multirotor_simulator_inertial_odometry_gtest\n'}
[133.036150] (-) TimerEvent: {}
[133.070492] (as2_platform_multirotor_simulator) StdoutLine: {'line': b'[ 80%] \x1b[32m\x1b[1mLinking CXX executable multirotor_simulator_imu_gtest\x1b[0m\n'}
[133.136261] (-) TimerEvent: {}
[133.192348] (as2_platform_multirotor_simulator) StdoutLine: {'line': b'[ 80%] Built target multirotor_simulator_imu_gtest\n'}
[133.236412] (-) TimerEvent: {}
[133.336771] (-) TimerEvent: {}
[133.437060] (-) TimerEvent: {}
[133.537400] (-) TimerEvent: {}
[133.637753] (-) TimerEvent: {}
[133.723637] (as2_platform_multirotor_simulator) StdoutLine: {'line': b'[ 82%] \x1b[32m\x1b[1mLinking CXX executable multirotor_simulator_dynamics_gtest\x1b[0m\n'}
[133.737858] (-) TimerEvent: {}
[133.799530] (as2_platform_multirotor_simulator) StdoutLine: {'line': b'[ 82%] Built target multirotor_simulator_dynamics_gtest\n'}
[133.838000] (-) TimerEvent: {}
[133.938305] (-) TimerEvent: {}
[134.038622] (-) TimerEvent: {}
[134.138904] (-) TimerEvent: {}
[134.168604] (as2_platform_multirotor_simulator) StdoutLine: {'line': b'[ 84%] \x1b[32m\x1b[1mLinking CXX executable multirotor_simulator_multirotor_simulator_gtest\x1b[0m\n'}
[134.239034] (-) TimerEvent: {}
[134.244552] (as2_platform_multirotor_simulator) StdoutLine: {'line': b'[ 84%] Built target multirotor_simulator_multirotor_simulator_gtest\n'}
[134.339137] (-) TimerEvent: {}
[134.439474] (-) TimerEvent: {}
[134.539833] (-) TimerEvent: {}
[134.640166] (-) TimerEvent: {}
[134.737071] (as2_platform_multirotor_simulator) StdoutLine: {'line': b'[ 86%] \x1b[32m\x1b[1mLinking CXX executable multirotor_simulator_multirotor_controllers_gtest\x1b[0m\n'}
[134.740251] (-) TimerEvent: {}
[134.830051] (as2_platform_multirotor_simulator) StdoutLine: {'line': b'[ 86%] Built target multirotor_simulator_multirotor_controllers_gtest\n'}
[134.840428] (-) TimerEvent: {}
[134.940728] (-) TimerEvent: {}
[135.041036] (-) TimerEvent: {}
[135.141344] (-) TimerEvent: {}
[135.241645] (-) TimerEvent: {}
[135.342023] (-) TimerEvent: {}
[135.442308] (-) TimerEvent: {}
[135.542650] (-) TimerEvent: {}
[135.642976] (-) TimerEvent: {}
[135.743263] (-) TimerEvent: {}
[135.843531] (-) TimerEvent: {}
[135.921275] (as2_platform_multirotor_simulator) StdoutLine: {'line': b'[ 88%] \x1b[32m\x1b[1mLinking CXX executable multirotor_simulator_model_gtest\x1b[0m\n'}
[135.943644] (-) TimerEvent: {}
[135.987481] (as2_platform_multirotor_simulator) StdoutLine: {'line': b'[ 88%] Built target multirotor_simulator_model_gtest\n'}
[136.043760] (-) TimerEvent: {}
[136.144054] (-) TimerEvent: {}
[136.244269] (-) TimerEvent: {}
[136.344507] (-) TimerEvent: {}
[136.444738] (-) TimerEvent: {}
[136.545062] (-) TimerEvent: {}
[136.645306] (-) TimerEvent: {}
[136.745552] (-) TimerEvent: {}
[136.845874] (-) TimerEvent: {}
[136.946127] (-) TimerEvent: {}
[137.046359] (-) TimerEvent: {}
[137.146665] (-) TimerEvent: {}
[137.246951] (-) TimerEvent: {}
[137.347215] (-) TimerEvent: {}
[137.447491] (-) TimerEvent: {}
[137.547787] (-) TimerEvent: {}
[137.648099] (-) TimerEvent: {}
[137.748343] (-) TimerEvent: {}
[137.848591] (-) TimerEvent: {}
[137.948897] (-) TimerEvent: {}
[138.049136] (-) TimerEvent: {}
[138.149485] (-) TimerEvent: {}
[138.249855] (-) TimerEvent: {}
[138.350101] (-) TimerEvent: {}
[138.450326] (-) TimerEvent: {}
[138.550567] (-) TimerEvent: {}
[138.650797] (-) TimerEvent: {}
[138.751179] (-) TimerEvent: {}
[138.851455] (-) TimerEvent: {}
[138.951715] (-) TimerEvent: {}
[139.051955] (-) TimerEvent: {}
[139.152196] (-) TimerEvent: {}
[139.252466] (-) TimerEvent: {}
[139.352704] (-) TimerEvent: {}
[139.452949] (-) TimerEvent: {}
[139.553202] (-) TimerEvent: {}
[139.653476] (-) TimerEvent: {}
[139.753795] (-) TimerEvent: {}
[139.854107] (-) TimerEvent: {}
[139.954335] (-) TimerEvent: {}
[140.054574] (-) TimerEvent: {}
[140.154793] (-) TimerEvent: {}
[140.255094] (-) TimerEvent: {}
[140.355325] (-) TimerEvent: {}
[140.455575] (-) TimerEvent: {}
[140.555854] (-) TimerEvent: {}
[140.656070] (-) TimerEvent: {}
[140.756283] (-) TimerEvent: {}
[140.856535] (-) TimerEvent: {}
[140.956886] (-) TimerEvent: {}
[141.057193] (-) TimerEvent: {}
[141.157484] (-) TimerEvent: {}
[141.257710] (-) TimerEvent: {}
[141.357929] (-) TimerEvent: {}
[141.458251] (-) TimerEvent: {}
[141.558497] (-) TimerEvent: {}
[141.658813] (-) TimerEvent: {}
[141.759038] (-) TimerEvent: {}
[141.859251] (-) TimerEvent: {}
[141.959461] (-) TimerEvent: {}
[142.059692] (-) TimerEvent: {}
[142.159912] (-) TimerEvent: {}
[142.260146] (-) TimerEvent: {}
[142.360415] (-) TimerEvent: {}
[142.460658] (-) TimerEvent: {}
[142.561033] (-) TimerEvent: {}
[142.661353] (-) TimerEvent: {}
[142.761674] (-) TimerEvent: {}
[142.861973] (-) TimerEvent: {}
[142.962200] (-) TimerEvent: {}
[143.062450] (-) TimerEvent: {}
[143.162671] (-) TimerEvent: {}
[143.231177] (as2_platform_multirotor_simulator) StdoutLine: {'line': b'[ 90%] \x1b[32m\x1b[1mLinking CXX static library libas2_platform_multirotor_simulator.a\x1b[0m\n'}
[143.262778] (-) TimerEvent: {}
[143.270750] (as2_platform_multirotor_simulator) StdoutLine: {'line': b'[ 90%] Built target as2_platform_multirotor_simulator\n'}
[143.288939] (as2_platform_multirotor_simulator) StdoutLine: {'line': b'[ 92%] \x1b[32mBuilding CXX object tests/CMakeFiles/as2_platform_multirotor_simulator_as2_platform_multirotor_simulator_fly_gtest.dir/as2_platform_multirotor_simulator_fly_gtest.cpp.o\x1b[0m\n'}
[143.289219] (as2_platform_multirotor_simulator) StdoutLine: {'line': b'[ 94%] \x1b[32mBuilding CXX object tests/CMakeFiles/as2_platform_multirotor_simulator_as2_platform_multirotor_simulator_gtest.dir/as2_platform_multirotor_simulator_gtest.cpp.o\x1b[0m\n'}
[143.362865] (-) TimerEvent: {}
[143.371351] (as2_platform_multirotor_simulator) StdoutLine: {'line': b'[ 96%] \x1b[32m\x1b[1mLinking CXX executable as2_platform_multirotor_simulator_node\x1b[0m\n'}
[143.463022] (-) TimerEvent: {}
[143.563321] (-) TimerEvent: {}
[143.663634] (-) TimerEvent: {}
[143.763989] (-) TimerEvent: {}
[143.853952] (as2_platform_multirotor_simulator) StdoutLine: {'line': b'[ 96%] Built target as2_platform_multirotor_simulator_node\n'}
[143.864099] (-) TimerEvent: {}
[143.964403] (-) TimerEvent: {}
[144.064698] (-) TimerEvent: {}
[144.165083] (-) TimerEvent: {}
[144.265320] (-) TimerEvent: {}
[144.365563] (-) TimerEvent: {}
[144.465861] (-) TimerEvent: {}
[144.566111] (-) TimerEvent: {}
[144.666328] (-) TimerEvent: {}
[144.766576] (-) TimerEvent: {}
[144.866909] (-) TimerEvent: {}
[144.967161] (-) TimerEvent: {}
[145.067396] (-) TimerEvent: {}
[145.167696] (-) TimerEvent: {}
[145.267938] (-) TimerEvent: {}
[145.368173] (-) TimerEvent: {}
[145.468535] (-) TimerEvent: {}
[145.568784] (-) TimerEvent: {}
[145.669102] (-) TimerEvent: {}
[145.769324] (-) TimerEvent: {}
[145.869579] (-) TimerEvent: {}
[145.969810] (-) TimerEvent: {}
[146.070053] (-) TimerEvent: {}
[146.170262] (-) TimerEvent: {}
[146.270478] (-) TimerEvent: {}
[146.370786] (-) TimerEvent: {}
[146.471030] (-) TimerEvent: {}
[146.571251] (-) TimerEvent: {}
[146.671488] (-) TimerEvent: {}
[146.771720] (-) TimerEvent: {}
[146.871958] (-) TimerEvent: {}
[146.972181] (-) TimerEvent: {}
[147.072423] (-) TimerEvent: {}
[147.172689] (-) TimerEvent: {}
[147.272973] (-) TimerEvent: {}
[147.373221] (-) TimerEvent: {}
[147.473471] (-) TimerEvent: {}
[147.512387] (as2_platform_multirotor_simulator) StdoutLine: {'line': b'[ 98%] \x1b[32m\x1b[1mLinking CXX executable as2_platform_multirotor_simulator_as2_platform_multirotor_simulator_gtest\x1b[0m\n'}
[147.573591] (-) TimerEvent: {}
[147.673863] (-) TimerEvent: {}
[147.774101] (-) TimerEvent: {}
[147.874345] (-) TimerEvent: {}
[147.944317] (as2_platform_multirotor_simulator) StdoutLine: {'line': b'[ 98%] Built target as2_platform_multirotor_simulator_as2_platform_multirotor_simulator_gtest\n'}
[147.974433] (-) TimerEvent: {}
[148.074657] (-) TimerEvent: {}
[148.174891] (-) TimerEvent: {}
[148.275178] (-) TimerEvent: {}
[148.375482] (-) TimerEvent: {}
[148.475786] (-) TimerEvent: {}
[148.576113] (-) TimerEvent: {}
[148.676408] (-) TimerEvent: {}
[148.776649] (-) TimerEvent: {}
[148.876988] (-) TimerEvent: {}
[148.977213] (-) TimerEvent: {}
[149.077431] (-) TimerEvent: {}
[149.177693] (-) TimerEvent: {}
[149.277917] (-) TimerEvent: {}
[149.364085] (as2_platform_multirotor_simulator) StdoutLine: {'line': b'[100%] \x1b[32m\x1b[1mLinking CXX executable as2_platform_multirotor_simulator_as2_platform_multirotor_simulator_fly_gtest\x1b[0m\n'}
[149.378135] (-) TimerEvent: {}
[149.478402] (-) TimerEvent: {}
[149.578751] (-) TimerEvent: {}
[149.679010] (-) TimerEvent: {}
[149.779220] (-) TimerEvent: {}
[149.798139] (as2_platform_multirotor_simulator) StdoutLine: {'line': b'[100%] Built target as2_platform_multirotor_simulator_as2_platform_multirotor_simulator_fly_gtest\n'}
[149.807402] (as2_platform_multirotor_simulator) CommandEnded: {'returncode': 0}
[149.808913] (as2_platform_multirotor_simulator) JobProgress: {'identifier': 'as2_platform_multirotor_simulator', 'progress': 'install'}
[149.809567] (as2_platform_multirotor_simulator) Command: {'cmd': ['/usr/bin/cmake', '--install', '/home/developer/aerostack2_ws/build/as2_platform_multirotor_simulator'], 'cwd': '/home/developer/aerostack2_ws/build/as2_platform_multirotor_simulator', 'env': OrderedDict([('HOSTNAME', 'lead-Predator-PHN16-71'), ('SHLVL', '1'), ('LD_LIBRARY_PATH', '/home/developer/aerostack2_ws/install/as2_core/lib:/home/developer/aerostack2_ws/install/as2_msgs/lib:/opt/ros/humble/opt/rviz_ogre_vendor/lib:/opt/ros/humble/lib/x86_64-linux-gnu:/opt/ros/humble/lib'), ('HOME', '/home/developer'), ('ROS_PYTHON_VERSION', '3'), ('ROS_DISTRO', 'humble'), ('_', '/usr/bin/colcon'), ('ROS_VERSION', '2'), ('TERM', 'xterm'), ('ROS_LOCALHOST_ONLY', '0'), ('QT_X11_NO_MITSHM', '1'), ('PATH', '/opt/ros/humble/bin:/usr/local/sbin:/usr/local/bin:/usr/sbin:/usr/bin:/sbin:/bin'), ('DISPLAY', ':1'), ('LANG', 'C.UTF-8'), ('LS_COLORS', 'rs=0:di=01;34:ln=01;36:mh=00:pi=40;33:so=01;35:do=01;35:bd=40;33;01:cd=40;33;01:or=40;31;01:mi=00:su=37;41:sg=30;43:ca=30;41:tw=30;42:ow=34;42:st=37;44:ex=01;32:*.tar=01;31:*.tgz=01;31:*.arc=01;31:*.arj=01;31:*.taz=01;31:*.lha=01;31:*.lz4=01;31:*.lzh=01;31:*.lzma=01;31:*.tlz=01;31:*.txz=01;31:*.tzo=01;31:*.t7z=01;31:*.zip=01;31:*.z=01;31:*.dz=01;31:*.gz=01;31:*.lrz=01;31:*.lz=01;31:*.lzo=01;31:*.xz=01;31:*.zst=01;31:*.tzst=01;31:*.bz2=01;31:*.bz=01;31:*.tbz=01;31:*.tbz2=01;31:*.tz=01;31:*.deb=01;31:*.rpm=01;31:*.jar=01;31:*.war=01;31:*.ear=01;31:*.sar=01;31:*.rar=01;31:*.alz=01;31:*.ace=01;31:*.zoo=01;31:*.cpio=01;31:*.7z=01;31:*.rz=01;31:*.cab=01;31:*.wim=01;31:*.swm=01;31:*.dwm=01;31:*.esd=01;31:*.jpg=01;35:*.jpeg=01;35:*.mjpg=01;35:*.mjpeg=01;35:*.gif=01;35:*.bmp=01;35:*.pbm=01;35:*.pgm=01;35:*.ppm=01;35:*.tga=01;35:*.xbm=01;35:*.xpm=01;35:*.tif=01;35:*.tiff=01;35:*.png=01;35:*.svg=01;35:*.svgz=01;35:*.mng=01;35:*.pcx=01;35:*.mov=01;35:*.mpg=01;35:*.mpeg=01;35:*.m2v=01;35:*.mkv=01;35:*.webm=01;35:*.webp=01;35:*.ogm=01;35:*.mp4=01;35:*.m4v=01;35:*.mp4v=01;35:*.vob=01;35:*.qt=01;35:*.nuv=01;35:*.wmv=01;35:*.asf=01;35:*.rm=01;35:*.rmvb=01;35:*.flc=01;35:*.avi=01;35:*.fli=01;35:*.flv=01;35:*.gl=01;35:*.dl=01;35:*.xcf=01;35:*.xwd=01;35:*.yuv=01;35:*.cgm=01;35:*.emf=01;35:*.ogv=01;35:*.ogx=01;35:*.aac=00;36:*.au=00;36:*.flac=00;36:*.m4a=00;36:*.mid=00;36:*.midi=00;36:*.mka=00;36:*.mp3=00;36:*.mpc=00;36:*.ogg=00;36:*.ra=00;36:*.wav=00;36:*.oga=00;36:*.opus=00;36:*.spx=00;36:*.xspf=00;36:'), ('AMENT_PREFIX_PATH', '/home/developer/aerostack2_ws/install/as2_core:/home/developer/aerostack2_ws/install/as2_msgs:/opt/ros/humble'), ('GZ_VERSION', 'harmonic'), ('PWD', '/home/developer/aerostack2_ws/build/as2_platform_multirotor_simulator'), ('LC_ALL', 'C.UTF-8'), ('PYTHONPATH', '/home/developer/aerostack2_ws/install/as2_core/local/lib/python3.10/dist-packages:/home/developer/aerostack2_ws/install/as2_msgs/local/lib/python3.10/dist-packages:/opt/ros/humble/lib/python3.10/site-packages:/opt/ros/humble/local/lib/python3.10/dist-packages'), ('COLCON', '1'), ('CMAKE_PREFIX_PATH', '/home/developer/aerostack2_ws/install/as2_core:/home/developer/aerostack2_ws/install/as2_msgs:/opt/ros/humble')]), 'shell': False}
[149.814933] (as2_platform_multirotor_simulator) StdoutLine: {'line': b'-- Install configuration: "Release"\n'}
[149.815345] (as2_platform_multirotor_simulator) StdoutLine: {'line': b'-- Execute custom install script\n'}
[149.815582] (as2_platform_multirotor_simulator) StdoutLine: {'line': b'-- Symlinking: /home/developer/aerostack2_ws/install/as2_platform_multirotor_simulator/include/as2_platform_multirotor_simulator/as2_interface.hpp\n'}
[149.821573] (as2_platform_multirotor_simulator) StdoutLine: {'line': b'-- Symlinking: /home/developer/aerostack2_ws/install/as2_platform_multirotor_simulator/include/as2_platform_multirotor_simulator/as2_platform_multirotor_simulator.hpp\n'}
[149.827914] (as2_platform_multirotor_simulator) StdoutLine: {'line': b'-- Symlinking: /home/developer/aerostack2_ws/install/as2_platform_multirotor_simulator/lib/as2_platform_multirotor_simulator/as2_platform_multirotor_simulator_node\n'}
[149.832960] (as2_platform_multirotor_simulator) StdoutLine: {'line': b'-- Symlinking: /home/developer/aerostack2_ws/install/as2_platform_multirotor_simulator/share/as2_platform_multirotor_simulator/launch/as2_platform_multirotor_simulator.launch.py\n'}
[149.840442] (as2_platform_multirotor_simulator) StdoutLine: {'line': b'-- Symlinking: /home/developer/aerostack2_ws/install/as2_platform_multirotor_simulator/share/as2_platform_multirotor_simulator/config/control_modes.yaml\n'}
[149.846627] (as2_platform_multirotor_simulator) StdoutLine: {'line': b'-- Symlinking: /home/developer/aerostack2_ws/install/as2_platform_multirotor_simulator/share/as2_platform_multirotor_simulator/config/platform_config_file.yaml\n'}
[149.852184] (as2_platform_multirotor_simulator) StdoutLine: {'line': b'-- Symlinking: /home/developer/aerostack2_ws/install/as2_platform_multirotor_simulator/share/as2_platform_multirotor_simulator/config/uav_config.yaml\n'}
[149.857665] (as2_platform_multirotor_simulator) StdoutLine: {'line': b'-- Symlinking: /home/developer/aerostack2_ws/install/as2_platform_multirotor_simulator/share/as2_platform_multirotor_simulator/config/world_config.yaml\n'}
[149.864683] (as2_platform_multirotor_simulator) StdoutLine: {'line': b'-- Symlinking: /home/developer/aerostack2_ws/install/as2_platform_multirotor_simulator/share/ament_index/resource_index/package_run_dependencies/as2_platform_multirotor_simulator\n'}
[149.871097] (as2_platform_multirotor_simulator) StdoutLine: {'line': b'-- Symlinking: /home/developer/aerostack2_ws/install/as2_platform_multirotor_simulator/share/ament_index/resource_index/parent_prefix_path/as2_platform_multirotor_simulator\n'}
[149.875873] (as2_platform_multirotor_simulator) StdoutLine: {'line': b'-- Symlinking: /home/developer/aerostack2_ws/install/as2_platform_multirotor_simulator/share/as2_platform_multirotor_simulator/environment/ament_prefix_path.sh\n'}
[149.879374] (-) TimerEvent: {}
[149.881898] (as2_platform_multirotor_simulator) StdoutLine: {'line': b'-- Symlinking: /home/developer/aerostack2_ws/install/as2_platform_multirotor_simulator/share/as2_platform_multirotor_simulator/environment/ament_prefix_path.dsv\n'}
[149.889357] (as2_platform_multirotor_simulator) StdoutLine: {'line': b'-- Symlinking: /home/developer/aerostack2_ws/install/as2_platform_multirotor_simulator/share/as2_platform_multirotor_simulator/environment/path.sh\n'}
[149.893915] (as2_platform_multirotor_simulator) StdoutLine: {'line': b'-- Symlinking: /home/developer/aerostack2_ws/install/as2_platform_multirotor_simulator/share/as2_platform_multirotor_simulator/environment/path.dsv\n'}
[149.900724] (as2_platform_multirotor_simulator) StdoutLine: {'line': b'-- Symlinking: /home/developer/aerostack2_ws/install/as2_platform_multirotor_simulator/share/as2_platform_multirotor_simulator/local_setup.bash\n'}
[149.907959] (as2_platform_multirotor_simulator) StdoutLine: {'line': b'-- Symlinking: /home/developer/aerostack2_ws/install/as2_platform_multirotor_simulator/share/as2_platform_multirotor_simulator/local_setup.sh\n'}
[149.913260] (as2_platform_multirotor_simulator) StdoutLine: {'line': b'-- Symlinking: /home/developer/aerostack2_ws/install/as2_platform_multirotor_simulator/share/as2_platform_multirotor_simulator/local_setup.zsh\n'}
[149.918586] (as2_platform_multirotor_simulator) StdoutLine: {'line': b'-- Symlinking: /home/developer/aerostack2_ws/install/as2_platform_multirotor_simulator/share/as2_platform_multirotor_simulator/local_setup.dsv\n'}
[149.923244] (as2_platform_multirotor_simulator) StdoutLine: {'line': b'-- Symlinking: /home/developer/aerostack2_ws/install/as2_platform_multirotor_simulator/share/as2_platform_multirotor_simulator/package.dsv\n'}
[149.930270] (as2_platform_multirotor_simulator) StdoutLine: {'line': b'-- Symlinking: /home/developer/aerostack2_ws/install/as2_platform_multirotor_simulator/share/ament_index/resource_index/packages/as2_platform_multirotor_simulator\n'}
[149.935708] (as2_platform_multirotor_simulator) StdoutLine: {'line': b'-- Symlinking: /home/developer/aerostack2_ws/install/as2_platform_multirotor_simulator/share/as2_platform_multirotor_simulator/cmake/as2_platform_multirotor_simulatorConfig.cmake\n'}
[149.941557] (as2_platform_multirotor_simulator) StdoutLine: {'line': b'-- Symlinking: /home/developer/aerostack2_ws/install/as2_platform_multirotor_simulator/share/as2_platform_multirotor_simulator/cmake/as2_platform_multirotor_simulatorConfig-version.cmake\n'}
[149.948174] (as2_platform_multirotor_simulator) StdoutLine: {'line': b'-- Symlinking: /home/developer/aerostack2_ws/install/as2_platform_multirotor_simulator/share/as2_platform_multirotor_simulator/package.xml\n'}
[149.954942] (as2_platform_multirotor_simulator) StdoutLine: {'line': b'-- Installing: /home/developer/aerostack2_ws/install/as2_platform_multirotor_simulator/lib/libas2_platform_multirotor_simulator.a\n'}
[149.965773] (as2_platform_multirotor_simulator) CommandEnded: {'returncode': 0}
[149.974813] (as2_platform_multirotor_simulator) JobEnded: {'identifier': 'as2_platform_multirotor_simulator', 'rc': 0}
[149.975520] (as2_realsense_interface) JobStarted: {'identifier': 'as2_realsense_interface'}
[149.979451] (-) TimerEvent: {}
[149.982735] (as2_realsense_interface) JobProgress: {'identifier': 'as2_realsense_interface', 'progress': 'cmake'}
[149.983521] (as2_realsense_interface) JobProgress: {'identifier': 'as2_realsense_interface', 'progress': 'build'}
[149.983802] (as2_realsense_interface) Command: {'cmd': ['/usr/bin/cmake', '--build', '/home/developer/aerostack2_ws/build/as2_realsense_interface', '--', '-j20', '-l20'], 'cwd': '/home/developer/aerostack2_ws/build/as2_realsense_interface', 'env': OrderedDict([('HOSTNAME', 'lead-Predator-PHN16-71'), ('SHLVL', '1'), ('LD_LIBRARY_PATH', '/home/developer/aerostack2_ws/install/as2_core/lib:/home/developer/aerostack2_ws/install/as2_msgs/lib:/opt/ros/humble/opt/rviz_ogre_vendor/lib:/opt/ros/humble/lib/x86_64-linux-gnu:/opt/ros/humble/lib'), ('HOME', '/home/developer'), ('ROS_PYTHON_VERSION', '3'), ('ROS_DISTRO', 'humble'), ('_', '/usr/bin/colcon'), ('ROS_VERSION', '2'), ('TERM', 'xterm'), ('ROS_LOCALHOST_ONLY', '0'), ('QT_X11_NO_MITSHM', '1'), ('PATH', '/opt/ros/humble/bin:/usr/local/sbin:/usr/local/bin:/usr/sbin:/usr/bin:/sbin:/bin'), ('DISPLAY', ':1'), ('LANG', 'C.UTF-8'), ('LS_COLORS', 'rs=0:di=01;34:ln=01;36:mh=00:pi=40;33:so=01;35:do=01;35:bd=40;33;01:cd=40;33;01:or=40;31;01:mi=00:su=37;41:sg=30;43:ca=30;41:tw=30;42:ow=34;42:st=37;44:ex=01;32:*.tar=01;31:*.tgz=01;31:*.arc=01;31:*.arj=01;31:*.taz=01;31:*.lha=01;31:*.lz4=01;31:*.lzh=01;31:*.lzma=01;31:*.tlz=01;31:*.txz=01;31:*.tzo=01;31:*.t7z=01;31:*.zip=01;31:*.z=01;31:*.dz=01;31:*.gz=01;31:*.lrz=01;31:*.lz=01;31:*.lzo=01;31:*.xz=01;31:*.zst=01;31:*.tzst=01;31:*.bz2=01;31:*.bz=01;31:*.tbz=01;31:*.tbz2=01;31:*.tz=01;31:*.deb=01;31:*.rpm=01;31:*.jar=01;31:*.war=01;31:*.ear=01;31:*.sar=01;31:*.rar=01;31:*.alz=01;31:*.ace=01;31:*.zoo=01;31:*.cpio=01;31:*.7z=01;31:*.rz=01;31:*.cab=01;31:*.wim=01;31:*.swm=01;31:*.dwm=01;31:*.esd=01;31:*.jpg=01;35:*.jpeg=01;35:*.mjpg=01;35:*.mjpeg=01;35:*.gif=01;35:*.bmp=01;35:*.pbm=01;35:*.pgm=01;35:*.ppm=01;35:*.tga=01;35:*.xbm=01;35:*.xpm=01;35:*.tif=01;35:*.tiff=01;35:*.png=01;35:*.svg=01;35:*.svgz=01;35:*.mng=01;35:*.pcx=01;35:*.mov=01;35:*.mpg=01;35:*.mpeg=01;35:*.m2v=01;35:*.mkv=01;35:*.webm=01;35:*.webp=01;35:*.ogm=01;35:*.mp4=01;35:*.m4v=01;35:*.mp4v=01;35:*.vob=01;35:*.qt=01;35:*.nuv=01;35:*.wmv=01;35:*.asf=01;35:*.rm=01;35:*.rmvb=01;35:*.flc=01;35:*.avi=01;35:*.fli=01;35:*.flv=01;35:*.gl=01;35:*.dl=01;35:*.xcf=01;35:*.xwd=01;35:*.yuv=01;35:*.cgm=01;35:*.emf=01;35:*.ogv=01;35:*.ogx=01;35:*.aac=00;36:*.au=00;36:*.flac=00;36:*.m4a=00;36:*.mid=00;36:*.midi=00;36:*.mka=00;36:*.mp3=00;36:*.mpc=00;36:*.ogg=00;36:*.ra=00;36:*.wav=00;36:*.oga=00;36:*.opus=00;36:*.spx=00;36:*.xspf=00;36:'), ('AMENT_PREFIX_PATH', '/home/developer/aerostack2_ws/install/as2_core:/home/developer/aerostack2_ws/install/as2_msgs:/opt/ros/humble'), ('GZ_VERSION', 'harmonic'), ('PWD', '/home/developer/aerostack2_ws/build/as2_realsense_interface'), ('LC_ALL', 'C.UTF-8'), ('PYTHONPATH', '/home/developer/aerostack2_ws/install/as2_core/local/lib/python3.10/dist-packages:/home/developer/aerostack2_ws/install/as2_msgs/local/lib/python3.10/dist-packages:/opt/ros/humble/lib/python3.10/site-packages:/opt/ros/humble/local/lib/python3.10/dist-packages'), ('COLCON', '1'), ('CMAKE_PREFIX_PATH', '/home/developer/aerostack2_ws/install/as2_core:/home/developer/aerostack2_ws/install/as2_msgs:/opt/ros/humble')]), 'shell': False}
[150.021131] (as2_realsense_interface) StdoutLine: {'line': b'\x1b[35m\x1b[1mConsolidate compiler generated dependencies of target gtest_main\x1b[0m\n'}
[150.026634] (as2_realsense_interface) StdoutLine: {'line': b'[  9%] \x1b[32mBuilding CXX object CMakeFiles/as2_realsense_interface.dir/src/as2_realsense_interface.cpp.o\x1b[0m\n'}
[150.026954] (as2_realsense_interface) StdoutLine: {'line': b'[ 18%] \x1b[32mBuilding CXX object CMakeFiles/as2_realsense_interface_node.dir/src/as2_realsense_interface.cpp.o\x1b[0m\n'}
[150.027655] (as2_realsense_interface) StdoutLine: {'line': b'[ 27%] \x1b[32mBuilding CXX object gtest/CMakeFiles/gtest.dir/src/gtest-all.cc.o\x1b[0m\n'}
[150.029144] (as2_realsense_interface) StdoutLine: {'line': b'[ 36%] \x1b[32mBuilding CXX object CMakeFiles/as2_realsense_interface_node.dir/src/as2_realsense_interface_node.cpp.o\x1b[0m\n'}
[150.031575] (as2_realsense_interface) StdoutLine: {'line': b'[ 54%] Built target gtest_main\n'}
[150.079578] (-) TimerEvent: {}
[150.179845] (-) TimerEvent: {}
[150.280136] (-) TimerEvent: {}
[150.380401] (-) TimerEvent: {}
[150.480780] (-) TimerEvent: {}
[150.581063] (-) TimerEvent: {}
[150.681374] (-) TimerEvent: {}
[150.781683] (-) TimerEvent: {}
[150.882090] (-) TimerEvent: {}
[150.982419] (-) TimerEvent: {}
[151.082737] (-) TimerEvent: {}
[151.183047] (-) TimerEvent: {}
[151.283331] (-) TimerEvent: {}
[151.383654] (-) TimerEvent: {}
[151.484008] (-) TimerEvent: {}
[151.584320] (-) TimerEvent: {}
[151.684638] (-) TimerEvent: {}
[151.785059] (-) TimerEvent: {}
[151.885356] (-) TimerEvent: {}
[151.985702] (-) TimerEvent: {}
[152.086086] (-) TimerEvent: {}
[152.186406] (-) TimerEvent: {}
[152.286704] (-) TimerEvent: {}
[152.387051] (-) TimerEvent: {}
[152.487382] (-) TimerEvent: {}
[152.587754] (-) TimerEvent: {}
[152.688094] (-) TimerEvent: {}
[152.788403] (-) TimerEvent: {}
[152.888725] (-) TimerEvent: {}
[152.989069] (-) TimerEvent: {}
[153.089354] (-) TimerEvent: {}
[153.189705] (-) TimerEvent: {}
[153.289984] (-) TimerEvent: {}
[153.390296] (-) TimerEvent: {}
[153.490591] (-) TimerEvent: {}
[153.590955] (-) TimerEvent: {}
[153.691242] (-) TimerEvent: {}
[153.791566] (-) TimerEvent: {}
[153.891902] (-) TimerEvent: {}
[153.992189] (-) TimerEvent: {}
[154.092493] (-) TimerEvent: {}
[154.192765] (-) TimerEvent: {}
[154.293095] (-) TimerEvent: {}
[154.393393] (-) TimerEvent: {}
[154.450182] (as2_realsense_interface) StdoutLine: {'line': b'[ 63%] \x1b[32m\x1b[1mLinking CXX static library libgtest.a\x1b[0m\n'}
[154.480516] (as2_realsense_interface) StdoutLine: {'line': b'[ 63%] Built target gtest\n'}
[154.493521] (-) TimerEvent: {}
[154.593880] (-) TimerEvent: {}
[154.694200] (-) TimerEvent: {}
[154.794434] (-) TimerEvent: {}
[154.894661] (-) TimerEvent: {}
[154.995074] (-) TimerEvent: {}
[155.095307] (-) TimerEvent: {}
[155.195564] (-) TimerEvent: {}
[155.295828] (-) TimerEvent: {}
[155.396051] (-) TimerEvent: {}
[155.496322] (-) TimerEvent: {}
[155.596575] (-) TimerEvent: {}
[155.696885] (-) TimerEvent: {}
[155.797125] (-) TimerEvent: {}
[155.897373] (-) TimerEvent: {}
[155.997638] (-) TimerEvent: {}
[156.097890] (-) TimerEvent: {}
[156.198126] (-) TimerEvent: {}
[156.298360] (-) TimerEvent: {}
[156.398684] (-) TimerEvent: {}
[156.498908] (-) TimerEvent: {}
[156.567743] (as2_realsense_interface) StdoutLine: {'line': b'[ 72%] \x1b[32m\x1b[1mLinking CXX static library libas2_realsense_interface.a\x1b[0m\n'}
[156.577624] (as2_realsense_interface) StdoutLine: {'line': b'[ 81%] \x1b[32m\x1b[1mLinking CXX executable as2_realsense_interface_node\x1b[0m\n'}
[156.596097] (as2_realsense_interface) StdoutLine: {'line': b'[ 81%] Built target as2_realsense_interface\n'}
[156.599060] (-) TimerEvent: {}
[156.613891] (as2_realsense_interface) StdoutLine: {'line': b'[ 90%] \x1b[32mBuilding CXX object tests/CMakeFiles/as2_realsense_interface_as2_realsense_interface_gtest.dir/as2_realsense_interface_gtest.cpp.o\x1b[0m\n'}
[156.699163] (-) TimerEvent: {}
[156.799395] (-) TimerEvent: {}
[156.899612] (-) TimerEvent: {}
[156.912811] (as2_realsense_interface) StdoutLine: {'line': b'[ 90%] Built target as2_realsense_interface_node\n'}
[156.999803] (-) TimerEvent: {}
[157.100110] (-) TimerEvent: {}
[157.200344] (-) TimerEvent: {}
[157.300611] (-) TimerEvent: {}
[157.400939] (-) TimerEvent: {}
[157.501218] (-) TimerEvent: {}
[157.601450] (-) TimerEvent: {}
[157.701704] (-) TimerEvent: {}
[157.801945] (-) TimerEvent: {}
[157.902173] (-) TimerEvent: {}
[158.002388] (-) TimerEvent: {}
[158.102630] (-) TimerEvent: {}
[158.202959] (-) TimerEvent: {}
[158.303203] (-) TimerEvent: {}
[158.403488] (-) TimerEvent: {}
[158.503707] (-) TimerEvent: {}
[158.603947] (-) TimerEvent: {}
[158.704186] (-) TimerEvent: {}
[158.804424] (-) TimerEvent: {}
[158.904741] (-) TimerEvent: {}
[159.004972] (-) TimerEvent: {}
[159.105197] (-) TimerEvent: {}
[159.205531] (-) TimerEvent: {}
[159.305816] (-) TimerEvent: {}
[159.406057] (-) TimerEvent: {}
[159.506291] (-) TimerEvent: {}
[159.606538] (-) TimerEvent: {}
[159.706758] (-) TimerEvent: {}
[159.807113] (-) TimerEvent: {}
[159.907333] (-) TimerEvent: {}
[160.007576] (-) TimerEvent: {}
[160.107803] (-) TimerEvent: {}
[160.208044] (-) TimerEvent: {}
[160.221282] (as2_realsense_interface) StdoutLine: {'line': b'[100%] \x1b[32m\x1b[1mLinking CXX executable as2_realsense_interface_as2_realsense_interface_gtest\x1b[0m\n'}
[160.308140] (-) TimerEvent: {}
[160.408388] (-) TimerEvent: {}
[160.508620] (-) TimerEvent: {}
[160.509898] (as2_realsense_interface) StdoutLine: {'line': b'[100%] Built target as2_realsense_interface_as2_realsense_interface_gtest\n'}
[160.519890] (as2_realsense_interface) CommandEnded: {'returncode': 0}
[160.521058] (as2_realsense_interface) JobProgress: {'identifier': 'as2_realsense_interface', 'progress': 'install'}
[160.521256] (as2_realsense_interface) Command: {'cmd': ['/usr/bin/cmake', '--install', '/home/developer/aerostack2_ws/build/as2_realsense_interface'], 'cwd': '/home/developer/aerostack2_ws/build/as2_realsense_interface', 'env': OrderedDict([('HOSTNAME', 'lead-Predator-PHN16-71'), ('SHLVL', '1'), ('LD_LIBRARY_PATH', '/home/developer/aerostack2_ws/install/as2_core/lib:/home/developer/aerostack2_ws/install/as2_msgs/lib:/opt/ros/humble/opt/rviz_ogre_vendor/lib:/opt/ros/humble/lib/x86_64-linux-gnu:/opt/ros/humble/lib'), ('HOME', '/home/developer'), ('ROS_PYTHON_VERSION', '3'), ('ROS_DISTRO', 'humble'), ('_', '/usr/bin/colcon'), ('ROS_VERSION', '2'), ('TERM', 'xterm'), ('ROS_LOCALHOST_ONLY', '0'), ('QT_X11_NO_MITSHM', '1'), ('PATH', '/opt/ros/humble/bin:/usr/local/sbin:/usr/local/bin:/usr/sbin:/usr/bin:/sbin:/bin'), ('DISPLAY', ':1'), ('LANG', 'C.UTF-8'), ('LS_COLORS', 'rs=0:di=01;34:ln=01;36:mh=00:pi=40;33:so=01;35:do=01;35:bd=40;33;01:cd=40;33;01:or=40;31;01:mi=00:su=37;41:sg=30;43:ca=30;41:tw=30;42:ow=34;42:st=37;44:ex=01;32:*.tar=01;31:*.tgz=01;31:*.arc=01;31:*.arj=01;31:*.taz=01;31:*.lha=01;31:*.lz4=01;31:*.lzh=01;31:*.lzma=01;31:*.tlz=01;31:*.txz=01;31:*.tzo=01;31:*.t7z=01;31:*.zip=01;31:*.z=01;31:*.dz=01;31:*.gz=01;31:*.lrz=01;31:*.lz=01;31:*.lzo=01;31:*.xz=01;31:*.zst=01;31:*.tzst=01;31:*.bz2=01;31:*.bz=01;31:*.tbz=01;31:*.tbz2=01;31:*.tz=01;31:*.deb=01;31:*.rpm=01;31:*.jar=01;31:*.war=01;31:*.ear=01;31:*.sar=01;31:*.rar=01;31:*.alz=01;31:*.ace=01;31:*.zoo=01;31:*.cpio=01;31:*.7z=01;31:*.rz=01;31:*.cab=01;31:*.wim=01;31:*.swm=01;31:*.dwm=01;31:*.esd=01;31:*.jpg=01;35:*.jpeg=01;35:*.mjpg=01;35:*.mjpeg=01;35:*.gif=01;35:*.bmp=01;35:*.pbm=01;35:*.pgm=01;35:*.ppm=01;35:*.tga=01;35:*.xbm=01;35:*.xpm=01;35:*.tif=01;35:*.tiff=01;35:*.png=01;35:*.svg=01;35:*.svgz=01;35:*.mng=01;35:*.pcx=01;35:*.mov=01;35:*.mpg=01;35:*.mpeg=01;35:*.m2v=01;35:*.mkv=01;35:*.webm=01;35:*.webp=01;35:*.ogm=01;35:*.mp4=01;35:*.m4v=01;35:*.mp4v=01;35:*.vob=01;35:*.qt=01;35:*.nuv=01;35:*.wmv=01;35:*.asf=01;35:*.rm=01;35:*.rmvb=01;35:*.flc=01;35:*.avi=01;35:*.fli=01;35:*.flv=01;35:*.gl=01;35:*.dl=01;35:*.xcf=01;35:*.xwd=01;35:*.yuv=01;35:*.cgm=01;35:*.emf=01;35:*.ogv=01;35:*.ogx=01;35:*.aac=00;36:*.au=00;36:*.flac=00;36:*.m4a=00;36:*.mid=00;36:*.midi=00;36:*.mka=00;36:*.mp3=00;36:*.mpc=00;36:*.ogg=00;36:*.ra=00;36:*.wav=00;36:*.oga=00;36:*.opus=00;36:*.spx=00;36:*.xspf=00;36:'), ('AMENT_PREFIX_PATH', '/home/developer/aerostack2_ws/install/as2_core:/home/developer/aerostack2_ws/install/as2_msgs:/opt/ros/humble'), ('GZ_VERSION', 'harmonic'), ('PWD', '/home/developer/aerostack2_ws/build/as2_realsense_interface'), ('LC_ALL', 'C.UTF-8'), ('PYTHONPATH', '/home/developer/aerostack2_ws/install/as2_core/local/lib/python3.10/dist-packages:/home/developer/aerostack2_ws/install/as2_msgs/local/lib/python3.10/dist-packages:/opt/ros/humble/lib/python3.10/site-packages:/opt/ros/humble/local/lib/python3.10/dist-packages'), ('COLCON', '1'), ('CMAKE_PREFIX_PATH', '/home/developer/aerostack2_ws/install/as2_core:/home/developer/aerostack2_ws/install/as2_msgs:/opt/ros/humble')]), 'shell': False}
[160.527120] (as2_realsense_interface) StdoutLine: {'line': b'-- Install configuration: "Release"\n'}
[160.527530] (as2_realsense_interface) StdoutLine: {'line': b'-- Execute custom install script\n'}
[160.527689] (as2_realsense_interface) StdoutLine: {'line': b'-- Symlinking: /home/developer/aerostack2_ws/install/as2_realsense_interface/include/as2_realsense_interface/as2_realsense_interface.hpp\n'}
[160.534422] (as2_realsense_interface) StdoutLine: {'line': b'-- Symlinking: /home/developer/aerostack2_ws/install/as2_realsense_interface/lib/as2_realsense_interface/as2_realsense_interface_node\n'}
[160.541876] (as2_realsense_interface) StdoutLine: {'line': b'-- Symlinking: /home/developer/aerostack2_ws/install/as2_realsense_interface/share/as2_realsense_interface/launch/as2_realsense_interface_launch.py\n'}
[160.547216] (as2_realsense_interface) StdoutLine: {'line': b'-- Symlinking: /home/developer/aerostack2_ws/install/as2_realsense_interface/share/as2_realsense_interface/launch/as2_realsense_interface_t265_launch.py\n'}
[160.554859] (as2_realsense_interface) StdoutLine: {'line': b'-- Symlinking: /home/developer/aerostack2_ws/install/as2_realsense_interface/share/as2_realsense_interface/config/realsense_interface/d435i/params.yaml\n'}
[160.560285] (as2_realsense_interface) StdoutLine: {'line': b'-- Symlinking: /home/developer/aerostack2_ws/install/as2_realsense_interface/share/as2_realsense_interface/config/realsense_interface/d435i/tf_sensors.yaml\n'}
[160.566252] (as2_realsense_interface) StdoutLine: {'line': b'-- Symlinking: /home/developer/aerostack2_ws/install/as2_realsense_interface/share/as2_realsense_interface/config/realsense_interface/t265/params.yaml\n'}
[160.573274] (as2_realsense_interface) StdoutLine: {'line': b'-- Symlinking: /home/developer/aerostack2_ws/install/as2_realsense_interface/share/as2_realsense_interface/config/realsense_interface/t265/tf_sensors.yaml\n'}
[160.579136] (as2_realsense_interface) StdoutLine: {'line': b'-- Symlinking: /home/developer/aerostack2_ws/install/as2_realsense_interface/share/as2_realsense_interface/config/tf_device/d435i.yaml\n'}
[160.585779] (as2_realsense_interface) StdoutLine: {'line': b'-- Symlinking: /home/developer/aerostack2_ws/install/as2_realsense_interface/share/as2_realsense_interface/config/tf_device/t265.yaml\n'}
[160.591040] (as2_realsense_interface) StdoutLine: {'line': b'-- Symlinking: /home/developer/aerostack2_ws/install/as2_realsense_interface/share/ament_index/resource_index/package_run_dependencies/as2_realsense_interface\n'}
[160.596415] (as2_realsense_interface) StdoutLine: {'line': b'-- Symlinking: /home/developer/aerostack2_ws/install/as2_realsense_interface/share/ament_index/resource_index/parent_prefix_path/as2_realsense_interface\n'}
[160.601150] (as2_realsense_interface) StdoutLine: {'line': b'-- Symlinking: /home/developer/aerostack2_ws/install/as2_realsense_interface/share/as2_realsense_interface/environment/ament_prefix_path.sh\n'}
[160.607450] (as2_realsense_interface) StdoutLine: {'line': b'-- Symlinking: /home/developer/aerostack2_ws/install/as2_realsense_interface/share/as2_realsense_interface/environment/ament_prefix_path.dsv\n'}
[160.608779] (-) TimerEvent: {}
[160.614669] (as2_realsense_interface) StdoutLine: {'line': b'-- Symlinking: /home/developer/aerostack2_ws/install/as2_realsense_interface/share/as2_realsense_interface/environment/path.sh\n'}
[160.621886] (as2_realsense_interface) StdoutLine: {'line': b'-- Symlinking: /home/developer/aerostack2_ws/install/as2_realsense_interface/share/as2_realsense_interface/environment/path.dsv\n'}
[160.627567] (as2_realsense_interface) StdoutLine: {'line': b'-- Symlinking: /home/developer/aerostack2_ws/install/as2_realsense_interface/share/as2_realsense_interface/local_setup.bash\n'}
[160.634798] (as2_realsense_interface) StdoutLine: {'line': b'-- Symlinking: /home/developer/aerostack2_ws/install/as2_realsense_interface/share/as2_realsense_interface/local_setup.sh\n'}
[160.640200] (as2_realsense_interface) StdoutLine: {'line': b'-- Symlinking: /home/developer/aerostack2_ws/install/as2_realsense_interface/share/as2_realsense_interface/local_setup.zsh\n'}
[160.646565] (as2_realsense_interface) StdoutLine: {'line': b'-- Symlinking: /home/developer/aerostack2_ws/install/as2_realsense_interface/share/as2_realsense_interface/local_setup.dsv\n'}
[160.653684] (as2_realsense_interface) StdoutLine: {'line': b'-- Symlinking: /home/developer/aerostack2_ws/install/as2_realsense_interface/share/as2_realsense_interface/package.dsv\n'}
[160.658683] (as2_realsense_interface) StdoutLine: {'line': b'-- Symlinking: /home/developer/aerostack2_ws/install/as2_realsense_interface/share/ament_index/resource_index/packages/as2_realsense_interface\n'}
[160.666264] (as2_realsense_interface) StdoutLine: {'line': b'-- Symlinking: /home/developer/aerostack2_ws/install/as2_realsense_interface/share/as2_realsense_interface/cmake/as2_realsense_interfaceConfig.cmake\n'}
[160.671468] (as2_realsense_interface) StdoutLine: {'line': b'-- Symlinking: /home/developer/aerostack2_ws/install/as2_realsense_interface/share/as2_realsense_interface/cmake/as2_realsense_interfaceConfig-version.cmake\n'}
[160.676205] (as2_realsense_interface) StdoutLine: {'line': b'-- Symlinking: /home/developer/aerostack2_ws/install/as2_realsense_interface/share/as2_realsense_interface/package.xml\n'}
[160.680456] (as2_realsense_interface) StdoutLine: {'line': b'-- Installing: /home/developer/aerostack2_ws/install/as2_realsense_interface/lib/libas2_realsense_interface.a\n'}
[160.690051] (as2_realsense_interface) CommandEnded: {'returncode': 0}
[160.697149] (as2_realsense_interface) JobEnded: {'identifier': 'as2_realsense_interface', 'rc': 0}
[160.697668] (as2_state_estimator) JobStarted: {'identifier': 'as2_state_estimator'}
[160.704613] (as2_state_estimator) JobProgress: {'identifier': 'as2_state_estimator', 'progress': 'cmake'}
[160.705380] (as2_state_estimator) JobProgress: {'identifier': 'as2_state_estimator', 'progress': 'build'}
[160.705526] (as2_state_estimator) Command: {'cmd': ['/usr/bin/cmake', '--build', '/home/developer/aerostack2_ws/build/as2_state_estimator', '--', '-j20', '-l20'], 'cwd': '/home/developer/aerostack2_ws/build/as2_state_estimator', 'env': OrderedDict([('HOSTNAME', 'lead-Predator-PHN16-71'), ('SHLVL', '1'), ('LD_LIBRARY_PATH', '/home/developer/aerostack2_ws/install/as2_core/lib:/home/developer/aerostack2_ws/install/as2_msgs/lib:/opt/ros/humble/opt/rviz_ogre_vendor/lib:/opt/ros/humble/lib/x86_64-linux-gnu:/opt/ros/humble/lib'), ('HOME', '/home/developer'), ('ROS_PYTHON_VERSION', '3'), ('ROS_DISTRO', 'humble'), ('_', '/usr/bin/colcon'), ('ROS_VERSION', '2'), ('TERM', 'xterm'), ('ROS_LOCALHOST_ONLY', '0'), ('QT_X11_NO_MITSHM', '1'), ('PATH', '/opt/ros/humble/bin:/usr/local/sbin:/usr/local/bin:/usr/sbin:/usr/bin:/sbin:/bin'), ('DISPLAY', ':1'), ('LANG', 'C.UTF-8'), ('LS_COLORS', 'rs=0:di=01;34:ln=01;36:mh=00:pi=40;33:so=01;35:do=01;35:bd=40;33;01:cd=40;33;01:or=40;31;01:mi=00:su=37;41:sg=30;43:ca=30;41:tw=30;42:ow=34;42:st=37;44:ex=01;32:*.tar=01;31:*.tgz=01;31:*.arc=01;31:*.arj=01;31:*.taz=01;31:*.lha=01;31:*.lz4=01;31:*.lzh=01;31:*.lzma=01;31:*.tlz=01;31:*.txz=01;31:*.tzo=01;31:*.t7z=01;31:*.zip=01;31:*.z=01;31:*.dz=01;31:*.gz=01;31:*.lrz=01;31:*.lz=01;31:*.lzo=01;31:*.xz=01;31:*.zst=01;31:*.tzst=01;31:*.bz2=01;31:*.bz=01;31:*.tbz=01;31:*.tbz2=01;31:*.tz=01;31:*.deb=01;31:*.rpm=01;31:*.jar=01;31:*.war=01;31:*.ear=01;31:*.sar=01;31:*.rar=01;31:*.alz=01;31:*.ace=01;31:*.zoo=01;31:*.cpio=01;31:*.7z=01;31:*.rz=01;31:*.cab=01;31:*.wim=01;31:*.swm=01;31:*.dwm=01;31:*.esd=01;31:*.jpg=01;35:*.jpeg=01;35:*.mjpg=01;35:*.mjpeg=01;35:*.gif=01;35:*.bmp=01;35:*.pbm=01;35:*.pgm=01;35:*.ppm=01;35:*.tga=01;35:*.xbm=01;35:*.xpm=01;35:*.tif=01;35:*.tiff=01;35:*.png=01;35:*.svg=01;35:*.svgz=01;35:*.mng=01;35:*.pcx=01;35:*.mov=01;35:*.mpg=01;35:*.mpeg=01;35:*.m2v=01;35:*.mkv=01;35:*.webm=01;35:*.webp=01;35:*.ogm=01;35:*.mp4=01;35:*.m4v=01;35:*.mp4v=01;35:*.vob=01;35:*.qt=01;35:*.nuv=01;35:*.wmv=01;35:*.asf=01;35:*.rm=01;35:*.rmvb=01;35:*.flc=01;35:*.avi=01;35:*.fli=01;35:*.flv=01;35:*.gl=01;35:*.dl=01;35:*.xcf=01;35:*.xwd=01;35:*.yuv=01;35:*.cgm=01;35:*.emf=01;35:*.ogv=01;35:*.ogx=01;35:*.aac=00;36:*.au=00;36:*.flac=00;36:*.m4a=00;36:*.mid=00;36:*.midi=00;36:*.mka=00;36:*.mp3=00;36:*.mpc=00;36:*.ogg=00;36:*.ra=00;36:*.wav=00;36:*.oga=00;36:*.opus=00;36:*.spx=00;36:*.xspf=00;36:'), ('AMENT_PREFIX_PATH', '/home/developer/aerostack2_ws/install/as2_core:/home/developer/aerostack2_ws/install/as2_msgs:/opt/ros/humble'), ('GZ_VERSION', 'harmonic'), ('PWD', '/home/developer/aerostack2_ws/build/as2_state_estimator'), ('LC_ALL', 'C.UTF-8'), ('PYTHONPATH', '/home/developer/aerostack2_ws/install/as2_core/local/lib/python3.10/dist-packages:/home/developer/aerostack2_ws/install/as2_msgs/local/lib/python3.10/dist-packages:/opt/ros/humble/lib/python3.10/site-packages:/opt/ros/humble/local/lib/python3.10/dist-packages'), ('COLCON', '1'), ('CMAKE_PREFIX_PATH', '/home/developer/aerostack2_ws/install/as2_core:/home/developer/aerostack2_ws/install/as2_msgs:/opt/ros/humble')]), 'shell': False}
[160.708860] (-) TimerEvent: {}
[160.744416] (as2_state_estimator) StdoutLine: {'line': b'\x1b[35m\x1b[1mConsolidate compiler generated dependencies of target gtest_main\x1b[0m\n'}
[160.750317] (as2_state_estimator) StdoutLine: {'line': b'[  4%] \x1b[32mBuilding CXX object gtest/CMakeFiles/gtest.dir/src/gtest-all.cc.o\x1b[0m\n'}
[160.750482] (as2_state_estimator) StdoutLine: {'line': b'[  8%] Built target as2_state_estimator_plugin_base\n'}
[160.752278] (as2_state_estimator) StdoutLine: {'line': b'[ 13%] \x1b[32mBuilding CXX object CMakeFiles/as2_state_estimator.dir/src/as2_state_estimator.cpp.o\x1b[0m\n'}
[160.754102] (as2_state_estimator) StdoutLine: {'line': b'[ 21%] Built target gtest_main\n'}
[160.808971] (-) TimerEvent: {}
[160.909186] (-) TimerEvent: {}
[161.009435] (-) TimerEvent: {}
[161.109672] (-) TimerEvent: {}
[161.209933] (-) TimerEvent: {}
[161.310159] (-) TimerEvent: {}
[161.410441] (-) TimerEvent: {}
[161.510695] (-) TimerEvent: {}
[161.611043] (-) TimerEvent: {}
[161.711275] (-) TimerEvent: {}
[161.811494] (-) TimerEvent: {}
[161.911736] (-) TimerEvent: {}
[162.011987] (-) TimerEvent: {}
[162.112253] (-) TimerEvent: {}
[162.212514] (-) TimerEvent: {}
[162.312732] (-) TimerEvent: {}
[162.412984] (-) TimerEvent: {}
[162.513311] (-) TimerEvent: {}
[162.613607] (-) TimerEvent: {}
[162.713939] (-) TimerEvent: {}
[162.814160] (-) TimerEvent: {}
[162.914491] (-) TimerEvent: {}
[163.014816] (-) TimerEvent: {}
[163.115043] (-) TimerEvent: {}
[163.215275] (-) TimerEvent: {}
[163.315527] (-) TimerEvent: {}
[163.415776] (-) TimerEvent: {}
[163.516013] (-) TimerEvent: {}
[163.616249] (-) TimerEvent: {}
[163.716496] (-) TimerEvent: {}
[163.816784] (-) TimerEvent: {}
[163.917147] (-) TimerEvent: {}
[164.017431] (-) TimerEvent: {}
[164.117816] (-) TimerEvent: {}
[164.218070] (-) TimerEvent: {}
[164.318394] (-) TimerEvent: {}
[164.418769] (-) TimerEvent: {}
[164.519152] (-) TimerEvent: {}
[164.619454] (-) TimerEvent: {}
[164.719779] (-) TimerEvent: {}
[164.820058] (-) TimerEvent: {}
[164.920340] (-) TimerEvent: {}
[164.992357] (as2_state_estimator) StdoutLine: {'line': b'[ 26%] \x1b[32m\x1b[1mLinking CXX static library libgtest.a\x1b[0m\n'}
[165.020485] (-) TimerEvent: {}
[165.023045] (as2_state_estimator) StdoutLine: {'line': b'[ 26%] Built target gtest\n'}
[165.120617] (-) TimerEvent: {}
[165.220934] (-) TimerEvent: {}
[165.321351] (-) TimerEvent: {}
[165.421608] (-) TimerEvent: {}
[165.521851] (-) TimerEvent: {}
[165.622106] (-) TimerEvent: {}
[165.722367] (-) TimerEvent: {}
[165.822630] (-) TimerEvent: {}
[165.922877] (-) TimerEvent: {}
[166.023111] (-) TimerEvent: {}
[166.123358] (-) TimerEvent: {}
[166.223573] (-) TimerEvent: {}
[166.323813] (-) TimerEvent: {}
[166.424049] (-) TimerEvent: {}
[166.524256] (-) TimerEvent: {}
[166.624489] (-) TimerEvent: {}
[166.724734] (-) TimerEvent: {}
[166.824990] (-) TimerEvent: {}
[166.925216] (-) TimerEvent: {}
[167.025449] (-) TimerEvent: {}
[167.125685] (-) TimerEvent: {}
[167.225927] (-) TimerEvent: {}
[167.326165] (-) TimerEvent: {}
[167.426427] (-) TimerEvent: {}
[167.526669] (-) TimerEvent: {}
[167.626990] (-) TimerEvent: {}
[167.727214] (-) TimerEvent: {}
[167.766683] (as2_state_estimator) StdoutLine: {'line': b'[ 30%] \x1b[32m\x1b[1mLinking CXX shared library libas2_state_estimator.so\x1b[0m\n'}
[167.827303] (-) TimerEvent: {}
[167.883312] (as2_state_estimator) StdoutLine: {'line': b'[ 30%] Built target as2_state_estimator\n'}
[167.902913] (as2_state_estimator) StdoutLine: {'line': b'[ 34%] \x1b[32mBuilding CXX object plugins/mocap_pose/CMakeFiles/mocap_pose.dir/src/mocap_pose.cpp.o\x1b[0m\n'}
[167.903811] (as2_state_estimator) StdoutLine: {'line': b'[ 43%] \x1b[32mBuilding CXX object tests/CMakeFiles/as2_state_estimator_as2_state_estimator_gtest.dir/as2_state_estimator_gtest.cpp.o\x1b[0m\n'}
[167.903851] (as2_state_estimator) StdoutLine: {'line': b'[ 43%] \x1b[32mBuilding CXX object plugins/ground_truth_odometry_fuse/CMakeFiles/ground_truth_odometry_fuse.dir/src/ground_truth_odometry_fuse.cpp.o\x1b[0m\n'}
[167.904050] (as2_state_estimator) StdoutLine: {'line': b'[ 47%] \x1b[32mBuilding CXX object plugins/ground_truth/CMakeFiles/ground_truth.dir/src/ground_truth.cpp.o\x1b[0m\n'}
[167.904229] (as2_state_estimator) StdoutLine: {'line': b'[ 52%] \x1b[32mBuilding CXX object CMakeFiles/as2_state_estimator_node.dir/src/as2_state_estimator_node.cpp.o\x1b[0m\n'}
[167.904947] (as2_state_estimator) StdoutLine: {'line': b'[ 56%] \x1b[32mBuilding CXX object plugins/raw_odometry/CMakeFiles/raw_odometry.dir/src/raw_odometry.cpp.o\x1b[0m\n'}
[167.927417] (-) TimerEvent: {}
[168.027696] (-) TimerEvent: {}
[168.128039] (-) TimerEvent: {}
[168.228332] (-) TimerEvent: {}
[168.328664] (-) TimerEvent: {}
[168.428973] (-) TimerEvent: {}
[168.529283] (-) TimerEvent: {}
[168.629562] (-) TimerEvent: {}
[168.729940] (-) TimerEvent: {}
[168.830246] (-) TimerEvent: {}
[168.930604] (-) TimerEvent: {}
[169.030997] (-) TimerEvent: {}
[169.131301] (-) TimerEvent: {}
[169.231657] (-) TimerEvent: {}
[169.332014] (-) TimerEvent: {}
[169.432343] (-) TimerEvent: {}
[169.532682] (-) TimerEvent: {}
[169.633049] (-) TimerEvent: {}
[169.733356] (-) TimerEvent: {}
[169.833822] (-) TimerEvent: {}
[169.934116] (-) TimerEvent: {}
[170.034449] (-) TimerEvent: {}
[170.134739] (-) TimerEvent: {}
[170.235035] (-) TimerEvent: {}
[170.335360] (-) TimerEvent: {}
[170.435690] (-) TimerEvent: {}
[170.536036] (-) TimerEvent: {}
[170.636405] (-) TimerEvent: {}
[170.736720] (-) TimerEvent: {}
[170.837053] (-) TimerEvent: {}
[170.937381] (-) TimerEvent: {}
[171.037728] (-) TimerEvent: {}
[171.138042] (-) TimerEvent: {}
[171.238361] (-) TimerEvent: {}
[171.338661] (-) TimerEvent: {}
[171.438957] (-) TimerEvent: {}
[171.441226] (as2_state_estimator) StdoutLine: {'line': b'[ 60%] \x1b[32m\x1b[1mLinking CXX executable as2_state_estimator_node\x1b[0m\n'}
[171.539035] (-) TimerEvent: {}
[171.553240] (as2_state_estimator) StdoutLine: {'line': b'[ 60%] Built target as2_state_estimator_node\n'}
[171.639142] (-) TimerEvent: {}
[171.739429] (-) TimerEvent: {}
[171.839788] (-) TimerEvent: {}
[171.940061] (-) TimerEvent: {}
[172.040364] (-) TimerEvent: {}
[172.140673] (-) TimerEvent: {}
[172.240996] (-) TimerEvent: {}
[172.244015] (as2_state_estimator) StdoutLine: {'line': b'[ 65%] \x1b[32m\x1b[1mLinking CXX executable as2_state_estimator_as2_state_estimator_gtest\x1b[0m\n'}
[172.341111] (-) TimerEvent: {}
[172.371500] (as2_state_estimator) StdoutLine: {'line': b'[ 65%] Built target as2_state_estimator_as2_state_estimator_gtest\n'}
[172.441208] (-) TimerEvent: {}
[172.541541] (-) TimerEvent: {}
[172.641884] (-) TimerEvent: {}
[172.742257] (-) TimerEvent: {}
[172.842547] (-) TimerEvent: {}
[172.942872] (-) TimerEvent: {}
[173.043161] (-) TimerEvent: {}
[173.143494] (-) TimerEvent: {}
[173.243878] (-) TimerEvent: {}
[173.344234] (-) TimerEvent: {}
[173.444555] (-) TimerEvent: {}
[173.544874] (-) TimerEvent: {}
[173.645196] (-) TimerEvent: {}
[173.745528] (-) TimerEvent: {}
[173.845845] (-) TimerEvent: {}
[173.946173] (-) TimerEvent: {}
[174.046498] (-) TimerEvent: {}
[174.146800] (-) TimerEvent: {}
[174.247131] (-) TimerEvent: {}
[174.347445] (-) TimerEvent: {}
[174.447718] (-) TimerEvent: {}
[174.548006] (-) TimerEvent: {}
[174.648291] (-) TimerEvent: {}
[174.748607] (-) TimerEvent: {}
[174.848883] (-) TimerEvent: {}
[174.949209] (-) TimerEvent: {}
[175.049527] (-) TimerEvent: {}
[175.149828] (-) TimerEvent: {}
[175.250136] (-) TimerEvent: {}
[175.283036] (as2_state_estimator) StdoutLine: {'line': b'[ 69%] \x1b[32m\x1b[1mLinking CXX shared library libmocap_pose.so\x1b[0m\n'}
[175.350273] (-) TimerEvent: {}
[175.432499] (as2_state_estimator) StdoutLine: {'line': b'[ 69%] Built target mocap_pose\n'}
[175.450418] (-) TimerEvent: {}
[175.451369] (as2_state_estimator) StdoutLine: {'line': b'[ 73%] \x1b[32mBuilding CXX object plugins/mocap_pose/tests/CMakeFiles/as2_state_estimator_mocap_gtest.dir/mocap_gtest.cpp.o\x1b[0m\n'}
[175.550560] (-) TimerEvent: {}
[175.650938] (-) TimerEvent: {}
[175.751250] (-) TimerEvent: {}
[175.851582] (-) TimerEvent: {}
[175.951892] (-) TimerEvent: {}
[176.052179] (-) TimerEvent: {}
[176.152482] (-) TimerEvent: {}
[176.252758] (-) TimerEvent: {}
[176.353034] (-) TimerEvent: {}
[176.453321] (-) TimerEvent: {}
[176.553615] (-) TimerEvent: {}
[176.653920] (-) TimerEvent: {}
[176.754232] (-) TimerEvent: {}
[176.854509] (-) TimerEvent: {}
[176.954827] (-) TimerEvent: {}
[177.055098] (-) TimerEvent: {}
[177.155418] (-) TimerEvent: {}
[177.255782] (-) TimerEvent: {}
[177.356046] (-) TimerEvent: {}
[177.456359] (-) TimerEvent: {}
[177.556624] (-) TimerEvent: {}
[177.656928] (-) TimerEvent: {}
[177.757213] (-) TimerEvent: {}
[177.857522] (-) TimerEvent: {}
[177.957819] (-) TimerEvent: {}
[178.058114] (-) TimerEvent: {}
[178.117452] (as2_state_estimator) StdoutLine: {'line': b'[ 78%] \x1b[32m\x1b[1mLinking CXX shared library libraw_odometry.so\x1b[0m\n'}
[178.158222] (-) TimerEvent: {}
[178.258489] (-) TimerEvent: {}
[178.294298] (as2_state_estimator) StdoutLine: {'line': b'[ 78%] Built target raw_odometry\n'}
[178.358632] (-) TimerEvent: {}
[178.458928] (-) TimerEvent: {}
[178.559192] (-) TimerEvent: {}
[178.659513] (-) TimerEvent: {}
[178.759874] (-) TimerEvent: {}
[178.860153] (-) TimerEvent: {}
[178.960448] (-) TimerEvent: {}
[179.060704] (-) TimerEvent: {}
[179.161081] (-) TimerEvent: {}
[179.261375] (-) TimerEvent: {}
[179.361667] (-) TimerEvent: {}
[179.462036] (-) TimerEvent: {}
[179.562296] (-) TimerEvent: {}
[179.662570] (-) TimerEvent: {}
[179.762876] (-) TimerEvent: {}
[179.863156] (-) TimerEvent: {}
[179.891833] (as2_state_estimator) StdoutLine: {'line': b'[ 82%] \x1b[32m\x1b[1mLinking CXX shared library libground_truth.so\x1b[0m\n'}
[179.963271] (-) TimerEvent: {}
[180.063649] (-) TimerEvent: {}
[180.088085] (as2_state_estimator) StdoutLine: {'line': b'[ 82%] Built target ground_truth\n'}
[180.163756] (-) TimerEvent: {}
[180.264066] (-) TimerEvent: {}
[180.364343] (-) TimerEvent: {}
[180.464683] (-) TimerEvent: {}
[180.565057] (-) TimerEvent: {}
[180.646009] (as2_state_estimator) StdoutLine: {'line': b'[ 86%] \x1b[32m\x1b[1mLinking CXX shared library libground_truth_odometry_fuse.so\x1b[0m\n'}
[180.665165] (-) TimerEvent: {}
[180.742253] (as2_state_estimator) StdoutLine: {'line': b'[ 91%] \x1b[32m\x1b[1mLinking CXX executable as2_state_estimator_mocap_gtest\x1b[0m\n'}
[180.765267] (-) TimerEvent: {}
[180.824346] (as2_state_estimator) StdoutLine: {'line': b'[ 91%] Built target ground_truth_odometry_fuse\n'}
[180.841644] (as2_state_estimator) StdoutLine: {'line': b'[ 95%] \x1b[32mBuilding CXX object plugins/ground_truth_odometry_fuse/tests/CMakeFiles/as2_state_estimator_ground_truth_odometry_fuse_gtest.dir/ground_truth_odometry_fuse_gtest.cpp.o\x1b[0m\n'}
[180.865374] (-) TimerEvent: {}
[180.872224] (as2_state_estimator) StdoutLine: {'line': b'[ 95%] Built target as2_state_estimator_mocap_gtest\n'}
[180.965476] (-) TimerEvent: {}
[181.065808] (-) TimerEvent: {}
[181.166097] (-) TimerEvent: {}
[181.266385] (-) TimerEvent: {}
[181.366701] (-) TimerEvent: {}
[181.466971] (-) TimerEvent: {}
[181.567234] (-) TimerEvent: {}
[181.667507] (-) TimerEvent: {}
[181.767823] (-) TimerEvent: {}
[181.868102] (-) TimerEvent: {}
[181.968426] (-) TimerEvent: {}
[182.068783] (-) TimerEvent: {}
[182.169147] (-) TimerEvent: {}
[182.269434] (-) TimerEvent: {}
[182.369727] (-) TimerEvent: {}
[182.470107] (-) TimerEvent: {}
[182.570366] (-) TimerEvent: {}
[182.670666] (-) TimerEvent: {}
[182.771017] (-) TimerEvent: {}
[182.871308] (-) TimerEvent: {}
[182.971613] (-) TimerEvent: {}
[183.072007] (-) TimerEvent: {}
[183.172305] (-) TimerEvent: {}
[183.272565] (-) TimerEvent: {}
[183.372811] (-) TimerEvent: {}
[183.473013] (-) TimerEvent: {}
[183.573257] (-) TimerEvent: {}
[183.673510] (-) TimerEvent: {}
[183.773724] (-) TimerEvent: {}
[183.874091] (-) TimerEvent: {}
[183.974341] (-) TimerEvent: {}
[184.074596] (-) TimerEvent: {}
[184.174921] (-) TimerEvent: {}
[184.275161] (-) TimerEvent: {}
[184.375406] (-) TimerEvent: {}
[184.475687] (-) TimerEvent: {}
[184.575937] (-) TimerEvent: {}
[184.676205] (-) TimerEvent: {}
[184.776479] (-) TimerEvent: {}
[184.876740] (-) TimerEvent: {}
[184.977059] (-) TimerEvent: {}
[185.077317] (-) TimerEvent: {}
[185.177573] (-) TimerEvent: {}
[185.277832] (-) TimerEvent: {}
[185.378091] (-) TimerEvent: {}
[185.478338] (-) TimerEvent: {}
[185.578598] (-) TimerEvent: {}
[185.678843] (-) TimerEvent: {}
[185.779110] (-) TimerEvent: {}
[185.879445] (-) TimerEvent: {}
[185.979701] (-) TimerEvent: {}
[186.080001] (-) TimerEvent: {}
[186.180265] (-) TimerEvent: {}
[186.280577] (-) TimerEvent: {}
[186.380868] (-) TimerEvent: {}
[186.481186] (-) TimerEvent: {}
[186.581447] (-) TimerEvent: {}
[186.681738] (-) TimerEvent: {}
[186.782031] (-) TimerEvent: {}
[186.882316] (-) TimerEvent: {}
[186.982592] (-) TimerEvent: {}
[187.082880] (-) TimerEvent: {}
[187.183155] (-) TimerEvent: {}
[187.283437] (-) TimerEvent: {}
[187.383693] (-) TimerEvent: {}
[187.451072] (as2_state_estimator) StdoutLine: {'line': b'[100%] \x1b[32m\x1b[1mLinking CXX executable as2_state_estimator_ground_truth_odometry_fuse_gtest\x1b[0m\n'}
[187.483807] (-) TimerEvent: {}
[187.560832] (as2_state_estimator) StdoutLine: {'line': b'[100%] Built target as2_state_estimator_ground_truth_odometry_fuse_gtest\n'}
[187.570208] (as2_state_estimator) CommandEnded: {'returncode': 0}
[187.571217] (as2_state_estimator) JobProgress: {'identifier': 'as2_state_estimator', 'progress': 'install'}
[187.571441] (as2_state_estimator) Command: {'cmd': ['/usr/bin/cmake', '--install', '/home/developer/aerostack2_ws/build/as2_state_estimator'], 'cwd': '/home/developer/aerostack2_ws/build/as2_state_estimator', 'env': OrderedDict([('HOSTNAME', 'lead-Predator-PHN16-71'), ('SHLVL', '1'), ('LD_LIBRARY_PATH', '/home/developer/aerostack2_ws/install/as2_core/lib:/home/developer/aerostack2_ws/install/as2_msgs/lib:/opt/ros/humble/opt/rviz_ogre_vendor/lib:/opt/ros/humble/lib/x86_64-linux-gnu:/opt/ros/humble/lib'), ('HOME', '/home/developer'), ('ROS_PYTHON_VERSION', '3'), ('ROS_DISTRO', 'humble'), ('_', '/usr/bin/colcon'), ('ROS_VERSION', '2'), ('TERM', 'xterm'), ('ROS_LOCALHOST_ONLY', '0'), ('QT_X11_NO_MITSHM', '1'), ('PATH', '/opt/ros/humble/bin:/usr/local/sbin:/usr/local/bin:/usr/sbin:/usr/bin:/sbin:/bin'), ('DISPLAY', ':1'), ('LANG', 'C.UTF-8'), ('LS_COLORS', 'rs=0:di=01;34:ln=01;36:mh=00:pi=40;33:so=01;35:do=01;35:bd=40;33;01:cd=40;33;01:or=40;31;01:mi=00:su=37;41:sg=30;43:ca=30;41:tw=30;42:ow=34;42:st=37;44:ex=01;32:*.tar=01;31:*.tgz=01;31:*.arc=01;31:*.arj=01;31:*.taz=01;31:*.lha=01;31:*.lz4=01;31:*.lzh=01;31:*.lzma=01;31:*.tlz=01;31:*.txz=01;31:*.tzo=01;31:*.t7z=01;31:*.zip=01;31:*.z=01;31:*.dz=01;31:*.gz=01;31:*.lrz=01;31:*.lz=01;31:*.lzo=01;31:*.xz=01;31:*.zst=01;31:*.tzst=01;31:*.bz2=01;31:*.bz=01;31:*.tbz=01;31:*.tbz2=01;31:*.tz=01;31:*.deb=01;31:*.rpm=01;31:*.jar=01;31:*.war=01;31:*.ear=01;31:*.sar=01;31:*.rar=01;31:*.alz=01;31:*.ace=01;31:*.zoo=01;31:*.cpio=01;31:*.7z=01;31:*.rz=01;31:*.cab=01;31:*.wim=01;31:*.swm=01;31:*.dwm=01;31:*.esd=01;31:*.jpg=01;35:*.jpeg=01;35:*.mjpg=01;35:*.mjpeg=01;35:*.gif=01;35:*.bmp=01;35:*.pbm=01;35:*.pgm=01;35:*.ppm=01;35:*.tga=01;35:*.xbm=01;35:*.xpm=01;35:*.tif=01;35:*.tiff=01;35:*.png=01;35:*.svg=01;35:*.svgz=01;35:*.mng=01;35:*.pcx=01;35:*.mov=01;35:*.mpg=01;35:*.mpeg=01;35:*.m2v=01;35:*.mkv=01;35:*.webm=01;35:*.webp=01;35:*.ogm=01;35:*.mp4=01;35:*.m4v=01;35:*.mp4v=01;35:*.vob=01;35:*.qt=01;35:*.nuv=01;35:*.wmv=01;35:*.asf=01;35:*.rm=01;35:*.rmvb=01;35:*.flc=01;35:*.avi=01;35:*.fli=01;35:*.flv=01;35:*.gl=01;35:*.dl=01;35:*.xcf=01;35:*.xwd=01;35:*.yuv=01;35:*.cgm=01;35:*.emf=01;35:*.ogv=01;35:*.ogx=01;35:*.aac=00;36:*.au=00;36:*.flac=00;36:*.m4a=00;36:*.mid=00;36:*.midi=00;36:*.mka=00;36:*.mp3=00;36:*.mpc=00;36:*.ogg=00;36:*.ra=00;36:*.wav=00;36:*.oga=00;36:*.opus=00;36:*.spx=00;36:*.xspf=00;36:'), ('AMENT_PREFIX_PATH', '/home/developer/aerostack2_ws/install/as2_core:/home/developer/aerostack2_ws/install/as2_msgs:/opt/ros/humble'), ('GZ_VERSION', 'harmonic'), ('PWD', '/home/developer/aerostack2_ws/build/as2_state_estimator'), ('LC_ALL', 'C.UTF-8'), ('PYTHONPATH', '/home/developer/aerostack2_ws/install/as2_core/local/lib/python3.10/dist-packages:/home/developer/aerostack2_ws/install/as2_msgs/local/lib/python3.10/dist-packages:/opt/ros/humble/lib/python3.10/site-packages:/opt/ros/humble/local/lib/python3.10/dist-packages'), ('COLCON', '1'), ('CMAKE_PREFIX_PATH', '/home/developer/aerostack2_ws/install/as2_core:/home/developer/aerostack2_ws/install/as2_msgs:/opt/ros/humble')]), 'shell': False}
[187.577606] (as2_state_estimator) StdoutLine: {'line': b'-- Install configuration: "Release"\n'}
[187.577911] (as2_state_estimator) StdoutLine: {'line': b'-- Execute custom install script\n'}
[187.578178] (as2_state_estimator) StdoutLine: {'line': b'-- Symlinking: /home/developer/aerostack2_ws/install/as2_state_estimator/lib/as2_state_estimator/as2_state_estimator_node\n'}
[187.583884] (-) TimerEvent: {}
[187.584784] (as2_state_estimator) StdoutLine: {'line': b'-- Symlinking: /home/developer/aerostack2_ws/install/as2_state_estimator/include/as2_state_estimator/as2_state_estimator.hpp\n'}
[187.592069] (as2_state_estimator) StdoutLine: {'line': b'-- Symlinking: /home/developer/aerostack2_ws/install/as2_state_estimator/include/as2_state_estimator/plugin_base.hpp\n'}
[187.597233] (as2_state_estimator) StdoutLine: {'line': b'-- Symlinking: /home/developer/aerostack2_ws/install/as2_state_estimator/include/raw_odometry.hpp\n'}
[187.604238] (as2_state_estimator) StdoutLine: {'line': b'-- Symlinking: /home/developer/aerostack2_ws/install/as2_state_estimator/share/as2_state_estimator/environment/library_path.sh\n'}
[187.608755] (as2_state_estimator) StdoutLine: {'line': b'-- Symlinking: /home/developer/aerostack2_ws/install/as2_state_estimator/share/as2_state_estimator/environment/library_path.dsv\n'}
[187.615482] (as2_state_estimator) StdoutLine: {'line': b'-- Symlinking: /home/developer/aerostack2_ws/install/as2_state_estimator/include/ground_truth.hpp\n'}
[187.620698] (as2_state_estimator) StdoutLine: {'line': b'-- Up-to-date symlink: /home/developer/aerostack2_ws/install/as2_state_estimator/share/as2_state_estimator/environment/library_path.sh\n'}
[187.620805] (as2_state_estimator) StdoutLine: {'line': b'-- Up-to-date symlink: /home/developer/aerostack2_ws/install/as2_state_estimator/share/as2_state_estimator/environment/library_path.dsv\n'}
[187.620857] (as2_state_estimator) StdoutLine: {'line': b'-- Symlinking: /home/developer/aerostack2_ws/install/as2_state_estimator/include/mocap_pose.hpp\n'}
[187.625969] (as2_state_estimator) StdoutLine: {'line': b'-- Up-to-date symlink: /home/developer/aerostack2_ws/install/as2_state_estimator/share/as2_state_estimator/environment/library_path.sh\n'}
[187.626078] (as2_state_estimator) StdoutLine: {'line': b'-- Up-to-date symlink: /home/developer/aerostack2_ws/install/as2_state_estimator/share/as2_state_estimator/environment/library_path.dsv\n'}
[187.626140] (as2_state_estimator) StdoutLine: {'line': b'-- Symlinking: /home/developer/aerostack2_ws/install/as2_state_estimator/include/ground_truth_odometry_fuse.hpp\n'}
[187.633696] (as2_state_estimator) StdoutLine: {'line': b'-- Up-to-date symlink: /home/developer/aerostack2_ws/install/as2_state_estimator/share/as2_state_estimator/environment/library_path.sh\n'}
[187.633793] (as2_state_estimator) StdoutLine: {'line': b'-- Up-to-date symlink: /home/developer/aerostack2_ws/install/as2_state_estimator/share/as2_state_estimator/environment/library_path.dsv\n'}
[187.633820] (as2_state_estimator) StdoutLine: {'line': b'-- Symlinking: /home/developer/aerostack2_ws/install/as2_state_estimator/share/as2_state_estimator//plugins.xml\n'}
[187.640474] (as2_state_estimator) StdoutLine: {'line': b'-- Symlinking: /home/developer/aerostack2_ws/install/as2_state_estimator/share/as2_state_estimator/plugins/raw_odometry/config/plugin_default.yaml\n'}
[187.645567] (as2_state_estimator) StdoutLine: {'line': b'-- Symlinking: /home/developer/aerostack2_ws/install/as2_state_estimator/share/as2_state_estimator/plugins/ground_truth/config/plugin_default.yaml\n'}
[187.653166] (as2_state_estimator) StdoutLine: {'line': b'-- Symlinking: /home/developer/aerostack2_ws/install/as2_state_estimator/share/as2_state_estimator/plugins/mocap_pose/config/plugin_default.yaml\n'}
[187.659268] (as2_state_estimator) StdoutLine: {'line': b'-- Symlinking: /home/developer/aerostack2_ws/install/as2_state_estimator/share/as2_state_estimator/plugins/ground_truth_odometry_fuse/config/plugin_default.yaml\n'}
[187.666574] (as2_state_estimator) StdoutLine: {'line': b'-- Symlinking: /home/developer/aerostack2_ws/install/as2_state_estimator/share/as2_state_estimator/launch/ground_truth_odometry_fuse_state_estimator.launch.py\n'}
[187.671475] (as2_state_estimator) StdoutLine: {'line': b'-- Symlinking: /home/developer/aerostack2_ws/install/as2_state_estimator/share/as2_state_estimator/launch/ground_truth_state_estimator.launch.py\n'}
[187.676896] (as2_state_estimator) StdoutLine: {'line': b'-- Symlinking: /home/developer/aerostack2_ws/install/as2_state_estimator/share/as2_state_estimator/launch/mocap_pose_state_estimator.launch.py\n'}
[187.683918] (as2_state_estimator) StdoutLine: {'line': b'-- Symlinking: /home/developer/aerostack2_ws/install/as2_state_estimator/share/as2_state_estimator/launch/raw_odometry_state_estimator.launch.py\n'}
[187.684039] (-) TimerEvent: {}
[187.688879] (as2_state_estimator) StdoutLine: {'line': b'-- Symlinking: /home/developer/aerostack2_ws/install/as2_state_estimator/share/as2_state_estimator/launch/state_estimator_launch.py\n'}
[187.695581] (as2_state_estimator) StdoutLine: {'line': b'-- Symlinking: /home/developer/aerostack2_ws/install/as2_state_estimator/share/as2_state_estimator/config/state_estimator_default.yaml\n'}
[187.700518] (as2_state_estimator) StdoutLine: {'line': b'-- Symlinking: /home/developer/aerostack2_ws/install/as2_state_estimator/share/ament_index/resource_index/package_run_dependencies/as2_state_estimator\n'}
[187.706535] (as2_state_estimator) StdoutLine: {'line': b'-- Symlinking: /home/developer/aerostack2_ws/install/as2_state_estimator/share/ament_index/resource_index/parent_prefix_path/as2_state_estimator\n'}
[187.711013] (as2_state_estimator) StdoutLine: {'line': b'-- Symlinking: /home/developer/aerostack2_ws/install/as2_state_estimator/share/as2_state_estimator/environment/ament_prefix_path.sh\n'}
[187.717775] (as2_state_estimator) StdoutLine: {'line': b'-- Symlinking: /home/developer/aerostack2_ws/install/as2_state_estimator/share/as2_state_estimator/environment/ament_prefix_path.dsv\n'}
[187.725223] (as2_state_estimator) StdoutLine: {'line': b'-- Symlinking: /home/developer/aerostack2_ws/install/as2_state_estimator/share/as2_state_estimator/environment/path.sh\n'}
[187.731539] (as2_state_estimator) StdoutLine: {'line': b'-- Symlinking: /home/developer/aerostack2_ws/install/as2_state_estimator/share/as2_state_estimator/environment/path.dsv\n'}
[187.738197] (as2_state_estimator) StdoutLine: {'line': b'-- Symlinking: /home/developer/aerostack2_ws/install/as2_state_estimator/share/as2_state_estimator/local_setup.bash\n'}
[187.743135] (as2_state_estimator) StdoutLine: {'line': b'-- Symlinking: /home/developer/aerostack2_ws/install/as2_state_estimator/share/as2_state_estimator/local_setup.sh\n'}
[187.747515] (as2_state_estimator) StdoutLine: {'line': b'-- Symlinking: /home/developer/aerostack2_ws/install/as2_state_estimator/share/as2_state_estimator/local_setup.zsh\n'}
[187.752607] (as2_state_estimator) StdoutLine: {'line': b'-- Symlinking: /home/developer/aerostack2_ws/install/as2_state_estimator/share/as2_state_estimator/local_setup.dsv\n'}
[187.758536] (as2_state_estimator) StdoutLine: {'line': b'-- Symlinking: /home/developer/aerostack2_ws/install/as2_state_estimator/share/as2_state_estimator/package.dsv\n'}
[187.765591] (as2_state_estimator) StdoutLine: {'line': b'-- Symlinking: /home/developer/aerostack2_ws/install/as2_state_estimator/share/ament_index/resource_index/packages/as2_state_estimator\n'}
[187.771667] (as2_state_estimator) StdoutLine: {'line': b'-- Symlinking: /home/developer/aerostack2_ws/install/as2_state_estimator/share/ament_index/resource_index/as2_state_estimator__pluginlib__plugin/as2_state_estimator\n'}
[187.777743] (as2_state_estimator) StdoutLine: {'line': b'-- Symlinking: /home/developer/aerostack2_ws/install/as2_state_estimator/share/as2_state_estimator/cmake/as2_state_estimatorConfig.cmake\n'}
[187.784134] (-) TimerEvent: {}
[187.784390] (as2_state_estimator) StdoutLine: {'line': b'-- Symlinking: /home/developer/aerostack2_ws/install/as2_state_estimator/share/as2_state_estimator/cmake/as2_state_estimatorConfig-version.cmake\n'}
[187.789124] (as2_state_estimator) StdoutLine: {'line': b'-- Symlinking: /home/developer/aerostack2_ws/install/as2_state_estimator/share/as2_state_estimator/package.xml\n'}
[187.794152] (as2_state_estimator) StdoutLine: {'line': b'-- Installing: /home/developer/aerostack2_ws/install/as2_state_estimator/lib/libas2_state_estimator.so\n'}
[187.794674] (as2_state_estimator) StdoutLine: {'line': b'-- Set runtime path of "/home/developer/aerostack2_ws/install/as2_state_estimator/lib/libas2_state_estimator.so" to ""\n'}
[187.794770] (as2_state_estimator) StdoutLine: {'line': b'-- Installing: /home/developer/aerostack2_ws/install/as2_state_estimator/lib/libas2_state_estimator_plugin_base.so\n'}
[187.794830] (as2_state_estimator) StdoutLine: {'line': b'-- Set runtime path of "/home/developer/aerostack2_ws/install/as2_state_estimator/lib/libas2_state_estimator_plugin_base.so" to ""\n'}
[187.796260] (as2_state_estimator) StdoutLine: {'line': b'-- Installing: /home/developer/aerostack2_ws/install/as2_state_estimator/lib/libraw_odometry.so\n'}
[187.797160] (as2_state_estimator) StdoutLine: {'line': b'-- Set runtime path of "/home/developer/aerostack2_ws/install/as2_state_estimator/lib/libraw_odometry.so" to ""\n'}
[187.797355] (as2_state_estimator) StdoutLine: {'line': b'-- Installing: /home/developer/aerostack2_ws/install/as2_state_estimator/lib/libground_truth.so\n'}
[187.798455] (as2_state_estimator) StdoutLine: {'line': b'-- Set runtime path of "/home/developer/aerostack2_ws/install/as2_state_estimator/lib/libground_truth.so" to ""\n'}
[187.798708] (as2_state_estimator) StdoutLine: {'line': b'-- Installing: /home/developer/aerostack2_ws/install/as2_state_estimator/lib/libmocap_pose.so\n'}
[187.799286] (as2_state_estimator) StdoutLine: {'line': b'-- Set runtime path of "/home/developer/aerostack2_ws/install/as2_state_estimator/lib/libmocap_pose.so" to ""\n'}
[187.799659] (as2_state_estimator) StdoutLine: {'line': b'-- Installing: /home/developer/aerostack2_ws/install/as2_state_estimator/lib/libground_truth_odometry_fuse.so\n'}
[187.800682] (as2_state_estimator) StdoutLine: {'line': b'-- Set runtime path of "/home/developer/aerostack2_ws/install/as2_state_estimator/lib/libground_truth_odometry_fuse.so" to ""\n'}
[187.802477] (as2_state_estimator) CommandEnded: {'returncode': 0}
[187.812330] (as2_state_estimator) JobEnded: {'identifier': 'as2_state_estimator', 'rc': 0}
[187.812868] (as2_usb_camera_interface) JobStarted: {'identifier': 'as2_usb_camera_interface'}
[187.819376] (as2_usb_camera_interface) JobProgress: {'identifier': 'as2_usb_camera_interface', 'progress': 'cmake'}
[187.820240] (as2_usb_camera_interface) JobProgress: {'identifier': 'as2_usb_camera_interface', 'progress': 'build'}
[187.820478] (as2_usb_camera_interface) Command: {'cmd': ['/usr/bin/cmake', '--build', '/home/developer/aerostack2_ws/build/as2_usb_camera_interface', '--', '-j20', '-l20'], 'cwd': '/home/developer/aerostack2_ws/build/as2_usb_camera_interface', 'env': OrderedDict([('HOSTNAME', 'lead-Predator-PHN16-71'), ('SHLVL', '1'), ('LD_LIBRARY_PATH', '/home/developer/aerostack2_ws/install/as2_core/lib:/home/developer/aerostack2_ws/install/as2_msgs/lib:/opt/ros/humble/opt/rviz_ogre_vendor/lib:/opt/ros/humble/lib/x86_64-linux-gnu:/opt/ros/humble/lib'), ('HOME', '/home/developer'), ('ROS_PYTHON_VERSION', '3'), ('ROS_DISTRO', 'humble'), ('_', '/usr/bin/colcon'), ('ROS_VERSION', '2'), ('TERM', 'xterm'), ('ROS_LOCALHOST_ONLY', '0'), ('QT_X11_NO_MITSHM', '1'), ('PATH', '/opt/ros/humble/bin:/usr/local/sbin:/usr/local/bin:/usr/sbin:/usr/bin:/sbin:/bin'), ('DISPLAY', ':1'), ('LANG', 'C.UTF-8'), ('LS_COLORS', 'rs=0:di=01;34:ln=01;36:mh=00:pi=40;33:so=01;35:do=01;35:bd=40;33;01:cd=40;33;01:or=40;31;01:mi=00:su=37;41:sg=30;43:ca=30;41:tw=30;42:ow=34;42:st=37;44:ex=01;32:*.tar=01;31:*.tgz=01;31:*.arc=01;31:*.arj=01;31:*.taz=01;31:*.lha=01;31:*.lz4=01;31:*.lzh=01;31:*.lzma=01;31:*.tlz=01;31:*.txz=01;31:*.tzo=01;31:*.t7z=01;31:*.zip=01;31:*.z=01;31:*.dz=01;31:*.gz=01;31:*.lrz=01;31:*.lz=01;31:*.lzo=01;31:*.xz=01;31:*.zst=01;31:*.tzst=01;31:*.bz2=01;31:*.bz=01;31:*.tbz=01;31:*.tbz2=01;31:*.tz=01;31:*.deb=01;31:*.rpm=01;31:*.jar=01;31:*.war=01;31:*.ear=01;31:*.sar=01;31:*.rar=01;31:*.alz=01;31:*.ace=01;31:*.zoo=01;31:*.cpio=01;31:*.7z=01;31:*.rz=01;31:*.cab=01;31:*.wim=01;31:*.swm=01;31:*.dwm=01;31:*.esd=01;31:*.jpg=01;35:*.jpeg=01;35:*.mjpg=01;35:*.mjpeg=01;35:*.gif=01;35:*.bmp=01;35:*.pbm=01;35:*.pgm=01;35:*.ppm=01;35:*.tga=01;35:*.xbm=01;35:*.xpm=01;35:*.tif=01;35:*.tiff=01;35:*.png=01;35:*.svg=01;35:*.svgz=01;35:*.mng=01;35:*.pcx=01;35:*.mov=01;35:*.mpg=01;35:*.mpeg=01;35:*.m2v=01;35:*.mkv=01;35:*.webm=01;35:*.webp=01;35:*.ogm=01;35:*.mp4=01;35:*.m4v=01;35:*.mp4v=01;35:*.vob=01;35:*.qt=01;35:*.nuv=01;35:*.wmv=01;35:*.asf=01;35:*.rm=01;35:*.rmvb=01;35:*.flc=01;35:*.avi=01;35:*.fli=01;35:*.flv=01;35:*.gl=01;35:*.dl=01;35:*.xcf=01;35:*.xwd=01;35:*.yuv=01;35:*.cgm=01;35:*.emf=01;35:*.ogv=01;35:*.ogx=01;35:*.aac=00;36:*.au=00;36:*.flac=00;36:*.m4a=00;36:*.mid=00;36:*.midi=00;36:*.mka=00;36:*.mp3=00;36:*.mpc=00;36:*.ogg=00;36:*.ra=00;36:*.wav=00;36:*.oga=00;36:*.opus=00;36:*.spx=00;36:*.xspf=00;36:'), ('AMENT_PREFIX_PATH', '/home/developer/aerostack2_ws/install/as2_core:/home/developer/aerostack2_ws/install/as2_msgs:/opt/ros/humble'), ('GZ_VERSION', 'harmonic'), ('PWD', '/home/developer/aerostack2_ws/build/as2_usb_camera_interface'), ('LC_ALL', 'C.UTF-8'), ('PYTHONPATH', '/home/developer/aerostack2_ws/install/as2_core/local/lib/python3.10/dist-packages:/home/developer/aerostack2_ws/install/as2_msgs/local/lib/python3.10/dist-packages:/opt/ros/humble/lib/python3.10/site-packages:/opt/ros/humble/local/lib/python3.10/dist-packages'), ('COLCON', '1'), ('CMAKE_PREFIX_PATH', '/home/developer/aerostack2_ws/install/as2_core:/home/developer/aerostack2_ws/install/as2_msgs:/opt/ros/humble')]), 'shell': False}
[187.857756] (as2_usb_camera_interface) StdoutLine: {'line': b'\x1b[35m\x1b[1mConsolidate compiler generated dependencies of target gtest_main\x1b[0m\n'}
[187.863525] (as2_usb_camera_interface) StdoutLine: {'line': b'[  9%] \x1b[32mBuilding CXX object CMakeFiles/as2_usb_camera_interface_node.dir/src/as2_usb_camera_interface_node.cpp.o\x1b[0m\n'}
[187.865764] (as2_usb_camera_interface) StdoutLine: {'line': b'[ 36%] \x1b[32mBuilding CXX object CMakeFiles/as2_usb_camera_interface_node.dir/src/as2_usb_camera_interface.cpp.o\x1b[0m\n'}
[187.865900] (as2_usb_camera_interface) StdoutLine: {'line': b'[ 36%] \x1b[32mBuilding CXX object CMakeFiles/as2_usb_camera_interface.dir/src/as2_usb_camera_interface.cpp.o\x1b[0m\n'}
[187.865974] (as2_usb_camera_interface) StdoutLine: {'line': b'[ 36%] \x1b[32mBuilding CXX object gtest/CMakeFiles/gtest.dir/src/gtest-all.cc.o\x1b[0m\n'}
[187.866082] (as2_usb_camera_interface) StdoutLine: {'line': b'[ 54%] Built target gtest_main\n'}
[187.884244] (-) TimerEvent: {}
[187.984543] (-) TimerEvent: {}
[188.084849] (-) TimerEvent: {}
[188.185162] (-) TimerEvent: {}
[188.285479] (-) TimerEvent: {}
[188.385801] (-) TimerEvent: {}
[188.486100] (-) TimerEvent: {}
[188.586396] (-) TimerEvent: {}
[188.686789] (-) TimerEvent: {}
[188.787090] (-) TimerEvent: {}
[188.887419] (-) TimerEvent: {}
[188.987710] (-) TimerEvent: {}
[189.088007] (-) TimerEvent: {}
[189.188295] (-) TimerEvent: {}
[189.288612] (-) TimerEvent: {}
[189.388948] (-) TimerEvent: {}
[189.489269] (-) TimerEvent: {}
[189.589589] (-) TimerEvent: {}
[189.689859] (-) TimerEvent: {}
[189.790144] (-) TimerEvent: {}
[189.890439] (-) TimerEvent: {}
[189.990838] (-) TimerEvent: {}
[190.091159] (-) TimerEvent: {}
[190.191460] (-) TimerEvent: {}
[190.291791] (-) TimerEvent: {}
[190.392035] (-) TimerEvent: {}
[190.492337] (-) TimerEvent: {}
[190.592664] (-) TimerEvent: {}
[190.692951] (-) TimerEvent: {}
[190.793252] (-) TimerEvent: {}
[190.893563] (-) TimerEvent: {}
[190.993850] (-) TimerEvent: {}
[191.094139] (-) TimerEvent: {}
[191.194442] (-) TimerEvent: {}
[191.294755] (-) TimerEvent: {}
[191.395136] (-) TimerEvent: {}
[191.495407] (-) TimerEvent: {}
[191.552584] (as2_usb_camera_interface) StdoutLine: {'line': b'[ 63%] \x1b[32m\x1b[1mLinking CXX executable as2_usb_camera_interface_node\x1b[0m\n'}
[191.595544] (-) TimerEvent: {}
[191.615672] (as2_usb_camera_interface) StdoutLine: {'line': b'[ 72%] \x1b[32m\x1b[1mLinking CXX static library libas2_usb_camera_interface.a\x1b[0m\n'}
[191.642879] (as2_usb_camera_interface) StdoutLine: {'line': b'[ 72%] Built target as2_usb_camera_interface\n'}
[191.695699] (-) TimerEvent: {}
[191.796060] (-) TimerEvent: {}
[191.896337] (-) TimerEvent: {}
[191.910276] (as2_usb_camera_interface) StdoutLine: {'line': b'[ 72%] Built target as2_usb_camera_interface_node\n'}
[191.996438] (-) TimerEvent: {}
[192.096763] (-) TimerEvent: {}
[192.197062] (-) TimerEvent: {}
[192.266205] (as2_usb_camera_interface) StdoutLine: {'line': b'[ 81%] \x1b[32m\x1b[1mLinking CXX static library libgtest.a\x1b[0m\n'}
[192.295128] (as2_usb_camera_interface) StdoutLine: {'line': b'[ 81%] Built target gtest\n'}
[192.297177] (-) TimerEvent: {}
[192.311333] (as2_usb_camera_interface) StdoutLine: {'line': b'[ 90%] \x1b[32mBuilding CXX object tests/CMakeFiles/as2_usb_camera_interface_as2_usb_camera_interface_gtest.dir/as2_usb_camera_interface_gtest.cpp.o\x1b[0m\n'}
[192.397288] (-) TimerEvent: {}
[192.497590] (-) TimerEvent: {}
[192.598007] (-) TimerEvent: {}
[192.698295] (-) TimerEvent: {}
[192.798621] (-) TimerEvent: {}
[192.898909] (-) TimerEvent: {}
[192.999190] (-) TimerEvent: {}
[193.099508] (-) TimerEvent: {}
[193.199874] (-) TimerEvent: {}
[193.300255] (-) TimerEvent: {}
[193.400525] (-) TimerEvent: {}
[193.500902] (-) TimerEvent: {}
[193.601196] (-) TimerEvent: {}
[193.701460] (-) TimerEvent: {}
[193.801811] (-) TimerEvent: {}
[193.902075] (-) TimerEvent: {}
[194.002380] (-) TimerEvent: {}
[194.102719] (-) TimerEvent: {}
[194.203096] (-) TimerEvent: {}
[194.303402] (-) TimerEvent: {}
[194.403792] (-) TimerEvent: {}
[194.504135] (-) TimerEvent: {}
[194.604489] (-) TimerEvent: {}
[194.704759] (-) TimerEvent: {}
[194.805083] (-) TimerEvent: {}
[194.905360] (-) TimerEvent: {}
[195.005676] (-) TimerEvent: {}
[195.105950] (-) TimerEvent: {}
[195.206221] (-) TimerEvent: {}
[195.306573] (-) TimerEvent: {}
[195.406902] (-) TimerEvent: {}
[195.507299] (-) TimerEvent: {}
[195.607551] (-) TimerEvent: {}
[195.705676] (as2_usb_camera_interface) StdoutLine: {'line': b'[100%] \x1b[32m\x1b[1mLinking CXX executable as2_usb_camera_interface_as2_usb_camera_interface_gtest\x1b[0m\n'}
[195.707669] (-) TimerEvent: {}
[195.807882] (-) TimerEvent: {}
[195.908128] (-) TimerEvent: {}
[196.008385] (-) TimerEvent: {}
[196.039750] (as2_usb_camera_interface) StdoutLine: {'line': b'[100%] Built target as2_usb_camera_interface_as2_usb_camera_interface_gtest\n'}
[196.048196] (as2_usb_camera_interface) CommandEnded: {'returncode': 0}
[196.049253] (as2_usb_camera_interface) JobProgress: {'identifier': 'as2_usb_camera_interface', 'progress': 'install'}
[196.049453] (as2_usb_camera_interface) Command: {'cmd': ['/usr/bin/cmake', '--install', '/home/developer/aerostack2_ws/build/as2_usb_camera_interface'], 'cwd': '/home/developer/aerostack2_ws/build/as2_usb_camera_interface', 'env': OrderedDict([('HOSTNAME', 'lead-Predator-PHN16-71'), ('SHLVL', '1'), ('LD_LIBRARY_PATH', '/home/developer/aerostack2_ws/install/as2_core/lib:/home/developer/aerostack2_ws/install/as2_msgs/lib:/opt/ros/humble/opt/rviz_ogre_vendor/lib:/opt/ros/humble/lib/x86_64-linux-gnu:/opt/ros/humble/lib'), ('HOME', '/home/developer'), ('ROS_PYTHON_VERSION', '3'), ('ROS_DISTRO', 'humble'), ('_', '/usr/bin/colcon'), ('ROS_VERSION', '2'), ('TERM', 'xterm'), ('ROS_LOCALHOST_ONLY', '0'), ('QT_X11_NO_MITSHM', '1'), ('PATH', '/opt/ros/humble/bin:/usr/local/sbin:/usr/local/bin:/usr/sbin:/usr/bin:/sbin:/bin'), ('DISPLAY', ':1'), ('LANG', 'C.UTF-8'), ('LS_COLORS', 'rs=0:di=01;34:ln=01;36:mh=00:pi=40;33:so=01;35:do=01;35:bd=40;33;01:cd=40;33;01:or=40;31;01:mi=00:su=37;41:sg=30;43:ca=30;41:tw=30;42:ow=34;42:st=37;44:ex=01;32:*.tar=01;31:*.tgz=01;31:*.arc=01;31:*.arj=01;31:*.taz=01;31:*.lha=01;31:*.lz4=01;31:*.lzh=01;31:*.lzma=01;31:*.tlz=01;31:*.txz=01;31:*.tzo=01;31:*.t7z=01;31:*.zip=01;31:*.z=01;31:*.dz=01;31:*.gz=01;31:*.lrz=01;31:*.lz=01;31:*.lzo=01;31:*.xz=01;31:*.zst=01;31:*.tzst=01;31:*.bz2=01;31:*.bz=01;31:*.tbz=01;31:*.tbz2=01;31:*.tz=01;31:*.deb=01;31:*.rpm=01;31:*.jar=01;31:*.war=01;31:*.ear=01;31:*.sar=01;31:*.rar=01;31:*.alz=01;31:*.ace=01;31:*.zoo=01;31:*.cpio=01;31:*.7z=01;31:*.rz=01;31:*.cab=01;31:*.wim=01;31:*.swm=01;31:*.dwm=01;31:*.esd=01;31:*.jpg=01;35:*.jpeg=01;35:*.mjpg=01;35:*.mjpeg=01;35:*.gif=01;35:*.bmp=01;35:*.pbm=01;35:*.pgm=01;35:*.ppm=01;35:*.tga=01;35:*.xbm=01;35:*.xpm=01;35:*.tif=01;35:*.tiff=01;35:*.png=01;35:*.svg=01;35:*.svgz=01;35:*.mng=01;35:*.pcx=01;35:*.mov=01;35:*.mpg=01;35:*.mpeg=01;35:*.m2v=01;35:*.mkv=01;35:*.webm=01;35:*.webp=01;35:*.ogm=01;35:*.mp4=01;35:*.m4v=01;35:*.mp4v=01;35:*.vob=01;35:*.qt=01;35:*.nuv=01;35:*.wmv=01;35:*.asf=01;35:*.rm=01;35:*.rmvb=01;35:*.flc=01;35:*.avi=01;35:*.fli=01;35:*.flv=01;35:*.gl=01;35:*.dl=01;35:*.xcf=01;35:*.xwd=01;35:*.yuv=01;35:*.cgm=01;35:*.emf=01;35:*.ogv=01;35:*.ogx=01;35:*.aac=00;36:*.au=00;36:*.flac=00;36:*.m4a=00;36:*.mid=00;36:*.midi=00;36:*.mka=00;36:*.mp3=00;36:*.mpc=00;36:*.ogg=00;36:*.ra=00;36:*.wav=00;36:*.oga=00;36:*.opus=00;36:*.spx=00;36:*.xspf=00;36:'), ('AMENT_PREFIX_PATH', '/home/developer/aerostack2_ws/install/as2_core:/home/developer/aerostack2_ws/install/as2_msgs:/opt/ros/humble'), ('GZ_VERSION', 'harmonic'), ('PWD', '/home/developer/aerostack2_ws/build/as2_usb_camera_interface'), ('LC_ALL', 'C.UTF-8'), ('PYTHONPATH', '/home/developer/aerostack2_ws/install/as2_core/local/lib/python3.10/dist-packages:/home/developer/aerostack2_ws/install/as2_msgs/local/lib/python3.10/dist-packages:/opt/ros/humble/lib/python3.10/site-packages:/opt/ros/humble/local/lib/python3.10/dist-packages'), ('COLCON', '1'), ('CMAKE_PREFIX_PATH', '/home/developer/aerostack2_ws/install/as2_core:/home/developer/aerostack2_ws/install/as2_msgs:/opt/ros/humble')]), 'shell': False}
[196.054651] (as2_usb_camera_interface) StdoutLine: {'line': b'-- Install configuration: "Release"\n'}
[196.055413] (as2_usb_camera_interface) StdoutLine: {'line': b'-- Execute custom install script\n'}
[196.055568] (as2_usb_camera_interface) StdoutLine: {'line': b'-- Symlinking: /home/developer/aerostack2_ws/install/as2_usb_camera_interface/include/as2_usb_camera_interface/as2_usb_camera_interface.hpp\n'}
[196.061943] (as2_usb_camera_interface) StdoutLine: {'line': b'-- Symlinking: /home/developer/aerostack2_ws/install/as2_usb_camera_interface/share/as2_usb_camera_interface/launch/as2_usb_camera_interface_launch.py\n'}
[196.068204] (as2_usb_camera_interface) StdoutLine: {'line': b'-- Symlinking: /home/developer/aerostack2_ws/install/as2_usb_camera_interface/share/as2_usb_camera_interface/config/as2_usb_camera_interface/camera_info.yaml\n'}
[196.073901] (as2_usb_camera_interface) StdoutLine: {'line': b'-- Symlinking: /home/developer/aerostack2_ws/install/as2_usb_camera_interface/share/as2_usb_camera_interface/config/as2_usb_camera_interface/wide02_720_info.yaml\n'}
[196.080191] (as2_usb_camera_interface) StdoutLine: {'line': b'-- Symlinking: /home/developer/aerostack2_ws/install/as2_usb_camera_interface/share/as2_usb_camera_interface/config/as2_usb_camera_interface/wide03_1080_info.yaml\n'}
[196.086511] (as2_usb_camera_interface) StdoutLine: {'line': b'-- Symlinking: /home/developer/aerostack2_ws/install/as2_usb_camera_interface/share/as2_usb_camera_interface/config/as2_usb_camera_interface/wide03_720_info.yaml\n'}
[196.093110] (as2_usb_camera_interface) StdoutLine: {'line': b'-- Symlinking: /home/developer/aerostack2_ws/install/as2_usb_camera_interface/share/as2_usb_camera_interface/config/camera_calibration_default.yaml\n'}
[196.100214] (as2_usb_camera_interface) StdoutLine: {'line': b'-- Symlinking: /home/developer/aerostack2_ws/install/as2_usb_camera_interface/share/as2_usb_camera_interface/config/config_file_default.yaml\n'}
[196.106925] (as2_usb_camera_interface) StdoutLine: {'line': b'-- Symlinking: /home/developer/aerostack2_ws/install/as2_usb_camera_interface/share/as2_usb_camera_interface/config/tf_cam/f330_arguments.yaml\n'}
[196.108468] (-) TimerEvent: {}
[196.113427] (as2_usb_camera_interface) StdoutLine: {'line': b'-- Symlinking: /home/developer/aerostack2_ws/install/as2_usb_camera_interface/share/as2_usb_camera_interface/config/tf_cam/f450_arguments.yaml\n'}
[196.118495] (as2_usb_camera_interface) StdoutLine: {'line': b'-- Symlinking: /home/developer/aerostack2_ws/install/as2_usb_camera_interface/share/as2_usb_camera_interface/config/tf_cam/sim_arguments.yaml\n'}
[196.124689] (as2_usb_camera_interface) StdoutLine: {'line': b'-- Symlinking: /home/developer/aerostack2_ws/install/as2_usb_camera_interface/lib/as2_usb_camera_interface/as2_usb_camera_interface_node\n'}
[196.129538] (as2_usb_camera_interface) StdoutLine: {'line': b'-- Symlinking: /home/developer/aerostack2_ws/install/as2_usb_camera_interface/share/ament_index/resource_index/package_run_dependencies/as2_usb_camera_interface\n'}
[196.135234] (as2_usb_camera_interface) StdoutLine: {'line': b'-- Symlinking: /home/developer/aerostack2_ws/install/as2_usb_camera_interface/share/ament_index/resource_index/parent_prefix_path/as2_usb_camera_interface\n'}
[196.140028] (as2_usb_camera_interface) StdoutLine: {'line': b'-- Symlinking: /home/developer/aerostack2_ws/install/as2_usb_camera_interface/share/as2_usb_camera_interface/environment/ament_prefix_path.sh\n'}
[196.147142] (as2_usb_camera_interface) StdoutLine: {'line': b'-- Symlinking: /home/developer/aerostack2_ws/install/as2_usb_camera_interface/share/as2_usb_camera_interface/environment/ament_prefix_path.dsv\n'}
[196.153309] (as2_usb_camera_interface) StdoutLine: {'line': b'-- Symlinking: /home/developer/aerostack2_ws/install/as2_usb_camera_interface/share/as2_usb_camera_interface/environment/path.sh\n'}
[196.160791] (as2_usb_camera_interface) StdoutLine: {'line': b'-- Symlinking: /home/developer/aerostack2_ws/install/as2_usb_camera_interface/share/as2_usb_camera_interface/environment/path.dsv\n'}
[196.167339] (as2_usb_camera_interface) StdoutLine: {'line': b'-- Symlinking: /home/developer/aerostack2_ws/install/as2_usb_camera_interface/share/as2_usb_camera_interface/local_setup.bash\n'}
[196.174873] (as2_usb_camera_interface) StdoutLine: {'line': b'-- Symlinking: /home/developer/aerostack2_ws/install/as2_usb_camera_interface/share/as2_usb_camera_interface/local_setup.sh\n'}
[196.179973] (as2_usb_camera_interface) StdoutLine: {'line': b'-- Symlinking: /home/developer/aerostack2_ws/install/as2_usb_camera_interface/share/as2_usb_camera_interface/local_setup.zsh\n'}
[196.184926] (as2_usb_camera_interface) StdoutLine: {'line': b'-- Symlinking: /home/developer/aerostack2_ws/install/as2_usb_camera_interface/share/as2_usb_camera_interface/local_setup.dsv\n'}
[196.192428] (as2_usb_camera_interface) StdoutLine: {'line': b'-- Symlinking: /home/developer/aerostack2_ws/install/as2_usb_camera_interface/share/as2_usb_camera_interface/package.dsv\n'}
[196.199041] (as2_usb_camera_interface) StdoutLine: {'line': b'-- Symlinking: /home/developer/aerostack2_ws/install/as2_usb_camera_interface/share/ament_index/resource_index/packages/as2_usb_camera_interface\n'}
[196.204502] (as2_usb_camera_interface) StdoutLine: {'line': b'-- Symlinking: /home/developer/aerostack2_ws/install/as2_usb_camera_interface/share/as2_usb_camera_interface/cmake/as2_usb_camera_interfaceConfig.cmake\n'}
[196.208558] (-) TimerEvent: {}
[196.209622] (as2_usb_camera_interface) StdoutLine: {'line': b'-- Symlinking: /home/developer/aerostack2_ws/install/as2_usb_camera_interface/share/as2_usb_camera_interface/cmake/as2_usb_camera_interfaceConfig-version.cmake\n'}
[196.214901] (as2_usb_camera_interface) StdoutLine: {'line': b'-- Symlinking: /home/developer/aerostack2_ws/install/as2_usb_camera_interface/share/as2_usb_camera_interface/package.xml\n'}
[196.220212] (as2_usb_camera_interface) StdoutLine: {'line': b'-- Installing: /home/developer/aerostack2_ws/install/as2_usb_camera_interface/lib/libas2_usb_camera_interface.a\n'}
[196.222978] (as2_usb_camera_interface) CommandEnded: {'returncode': 0}
[196.229639] (as2_usb_camera_interface) JobEnded: {'identifier': 'as2_usb_camera_interface', 'rc': 0}
[196.230378] (as2_behaviors_motion) JobStarted: {'identifier': 'as2_behaviors_motion'}
[196.242479] (as2_behaviors_motion) JobProgress: {'identifier': 'as2_behaviors_motion', 'progress': 'cmake'}
[196.243423] (as2_behaviors_motion) Command: {'cmd': ['/usr/bin/cmake', '/home/developer/aerostack2_ws/src/aerostack2-tcc_lucca/as2_behaviors/as2_behaviors_motion', '-DAMENT_CMAKE_SYMLINK_INSTALL=1', '-DCMAKE_INSTALL_PREFIX=/home/developer/aerostack2_ws/install/as2_behaviors_motion'], 'cwd': '/home/developer/aerostack2_ws/build/as2_behaviors_motion', 'env': OrderedDict([('HOSTNAME', 'lead-Predator-PHN16-71'), ('SHLVL', '1'), ('LD_LIBRARY_PATH', '/home/developer/aerostack2_ws/install/as2_motion_reference_handlers/lib:/home/developer/aerostack2_ws/install/as2_behavior/lib:/home/developer/aerostack2_ws/install/as2_core/lib:/home/developer/aerostack2_ws/install/as2_msgs/lib:/opt/ros/humble/opt/rviz_ogre_vendor/lib:/opt/ros/humble/lib/x86_64-linux-gnu:/opt/ros/humble/lib'), ('HOME', '/home/developer'), ('ROS_PYTHON_VERSION', '3'), ('ROS_DISTRO', 'humble'), ('_', '/usr/bin/colcon'), ('ROS_VERSION', '2'), ('TERM', 'xterm'), ('ROS_LOCALHOST_ONLY', '0'), ('QT_X11_NO_MITSHM', '1'), ('PATH', '/opt/ros/humble/bin:/usr/local/sbin:/usr/local/bin:/usr/sbin:/usr/bin:/sbin:/bin'), ('DISPLAY', ':1'), ('LANG', 'C.UTF-8'), ('LS_COLORS', 'rs=0:di=01;34:ln=01;36:mh=00:pi=40;33:so=01;35:do=01;35:bd=40;33;01:cd=40;33;01:or=40;31;01:mi=00:su=37;41:sg=30;43:ca=30;41:tw=30;42:ow=34;42:st=37;44:ex=01;32:*.tar=01;31:*.tgz=01;31:*.arc=01;31:*.arj=01;31:*.taz=01;31:*.lha=01;31:*.lz4=01;31:*.lzh=01;31:*.lzma=01;31:*.tlz=01;31:*.txz=01;31:*.tzo=01;31:*.t7z=01;31:*.zip=01;31:*.z=01;31:*.dz=01;31:*.gz=01;31:*.lrz=01;31:*.lz=01;31:*.lzo=01;31:*.xz=01;31:*.zst=01;31:*.tzst=01;31:*.bz2=01;31:*.bz=01;31:*.tbz=01;31:*.tbz2=01;31:*.tz=01;31:*.deb=01;31:*.rpm=01;31:*.jar=01;31:*.war=01;31:*.ear=01;31:*.sar=01;31:*.rar=01;31:*.alz=01;31:*.ace=01;31:*.zoo=01;31:*.cpio=01;31:*.7z=01;31:*.rz=01;31:*.cab=01;31:*.wim=01;31:*.swm=01;31:*.dwm=01;31:*.esd=01;31:*.jpg=01;35:*.jpeg=01;35:*.mjpg=01;35:*.mjpeg=01;35:*.gif=01;35:*.bmp=01;35:*.pbm=01;35:*.pgm=01;35:*.ppm=01;35:*.tga=01;35:*.xbm=01;35:*.xpm=01;35:*.tif=01;35:*.tiff=01;35:*.png=01;35:*.svg=01;35:*.svgz=01;35:*.mng=01;35:*.pcx=01;35:*.mov=01;35:*.mpg=01;35:*.mpeg=01;35:*.m2v=01;35:*.mkv=01;35:*.webm=01;35:*.webp=01;35:*.ogm=01;35:*.mp4=01;35:*.m4v=01;35:*.mp4v=01;35:*.vob=01;35:*.qt=01;35:*.nuv=01;35:*.wmv=01;35:*.asf=01;35:*.rm=01;35:*.rmvb=01;35:*.flc=01;35:*.avi=01;35:*.fli=01;35:*.flv=01;35:*.gl=01;35:*.dl=01;35:*.xcf=01;35:*.xwd=01;35:*.yuv=01;35:*.cgm=01;35:*.emf=01;35:*.ogv=01;35:*.ogx=01;35:*.aac=00;36:*.au=00;36:*.flac=00;36:*.m4a=00;36:*.mid=00;36:*.midi=00;36:*.mka=00;36:*.mp3=00;36:*.mpc=00;36:*.ogg=00;36:*.ra=00;36:*.wav=00;36:*.oga=00;36:*.opus=00;36:*.spx=00;36:*.xspf=00;36:'), ('AMENT_PREFIX_PATH', '/home/developer/aerostack2_ws/install/as2_motion_reference_handlers:/home/developer/aerostack2_ws/install/as2_behavior:/home/developer/aerostack2_ws/install/as2_core:/home/developer/aerostack2_ws/install/as2_msgs:/opt/ros/humble'), ('GZ_VERSION', 'harmonic'), ('PWD', '/home/developer/aerostack2_ws/build/as2_behaviors_motion'), ('LC_ALL', 'C.UTF-8'), ('PYTHONPATH', '/home/developer/aerostack2_ws/install/as2_motion_reference_handlers/local/lib/python3.10/dist-packages:/home/developer/aerostack2_ws/install/as2_core/local/lib/python3.10/dist-packages:/home/developer/aerostack2_ws/install/as2_msgs/local/lib/python3.10/dist-packages:/opt/ros/humble/lib/python3.10/site-packages:/opt/ros/humble/local/lib/python3.10/dist-packages'), ('COLCON', '1'), ('CMAKE_PREFIX_PATH', '/home/developer/aerostack2_ws/install/as2_motion_reference_handlers:/home/developer/aerostack2_ws/install/as2_behavior:/home/developer/aerostack2_ws/install/as2_core:/home/developer/aerostack2_ws/install/as2_msgs:/opt/ros/humble')]), 'shell': False}
[196.308712] (-) TimerEvent: {}
[196.313579] (as2_behaviors_motion) StdoutLine: {'line': b'-- The C compiler identification is GNU 11.4.0\n'}
[196.352243] (as2_behaviors_motion) StdoutLine: {'line': b'-- The CXX compiler identification is GNU 11.4.0\n'}
[196.358701] (as2_behaviors_motion) StdoutLine: {'line': b'-- Detecting C compiler ABI info\n'}
[196.408861] (-) TimerEvent: {}
[196.412587] (as2_behaviors_motion) StdoutLine: {'line': b'-- Detecting C compiler ABI info - done\n'}
[196.416514] (as2_behaviors_motion) StdoutLine: {'line': b'-- Check for working C compiler: /usr/bin/cc - skipped\n'}
[196.416776] (as2_behaviors_motion) StdoutLine: {'line': b'-- Detecting C compile features\n'}
[196.417057] (as2_behaviors_motion) StdoutLine: {'line': b'-- Detecting C compile features - done\n'}
[196.419203] (as2_behaviors_motion) StdoutLine: {'line': b'-- Detecting CXX compiler ABI info\n'}
[196.472284] (as2_behaviors_motion) StdoutLine: {'line': b'-- Detecting CXX compiler ABI info - done\n'}
[196.476350] (as2_behaviors_motion) StdoutLine: {'line': b'-- Check for working CXX compiler: /usr/bin/c++ - skipped\n'}
[196.476697] (as2_behaviors_motion) StdoutLine: {'line': b'-- Detecting CXX compile features\n'}
[196.476821] (as2_behaviors_motion) StdoutLine: {'line': b'-- Detecting CXX compile features - done\n'}
[196.483778] (as2_behaviors_motion) StdoutLine: {'line': b'-- Found ament_cmake: 1.3.14 (/opt/ros/humble/share/ament_cmake/cmake)\n'}
[196.508990] (-) TimerEvent: {}
[196.600835] (as2_behaviors_motion) StdoutLine: {'line': b'-- Found Python3: /usr/bin/python3 (found version "3.10.12") found components: Interpreter \n'}
[196.609093] (-) TimerEvent: {}
[196.648903] (as2_behaviors_motion) StdoutLine: {'line': b'-- Override CMake install command with custom implementation using symlinks instead of copying resources\n'}
[196.678670] (as2_behaviors_motion) StdoutLine: {'line': b'-- Found ament_cmake_ros: 0.10.0 (/opt/ros/humble/share/ament_cmake_ros/cmake)\n'}
[196.686088] (as2_behaviors_motion) StdoutLine: {'line': b'-- Found pluginlib: 5.1.4 (/opt/ros/humble/share/pluginlib/cmake)\n'}
[196.709240] (-) TimerEvent: {}
[196.730337] (as2_behaviors_motion) StdoutLine: {'line': b'-- Found rclcpp: 16.0.19 (/opt/ros/humble/share/rclcpp/cmake)\n'}
[196.757071] (as2_behaviors_motion) StdoutLine: {'line': b'-- Found rosidl_generator_c: 3.1.8 (/opt/ros/humble/share/rosidl_generator_c/cmake)\n'}
[196.763391] (as2_behaviors_motion) StdoutLine: {'line': b'-- Found rosidl_adapter: 3.1.8 (/opt/ros/humble/share/rosidl_adapter/cmake)\n'}
[196.770149] (as2_behaviors_motion) StdoutLine: {'line': b'-- Found rosidl_generator_cpp: 3.1.8 (/opt/ros/humble/share/rosidl_generator_cpp/cmake)\n'}
[196.780821] (as2_behaviors_motion) StdoutLine: {'line': b'-- Using all available rosidl_typesupport_c: rosidl_typesupport_fastrtps_c;rosidl_typesupport_introspection_c\n'}
[196.791456] (as2_behaviors_motion) StdoutLine: {'line': b'-- Using all available rosidl_typesupport_cpp: rosidl_typesupport_fastrtps_cpp;rosidl_typesupport_introspection_cpp\n'}
[196.809332] (-) TimerEvent: {}
[196.825033] (as2_behaviors_motion) StdoutLine: {'line': b'-- Found rmw_implementation_cmake: 6.1.2 (/opt/ros/humble/share/rmw_implementation_cmake/cmake)\n'}
[196.827165] (as2_behaviors_motion) StdoutLine: {'line': b'-- Found rmw_fastrtps_cpp: 6.2.10 (/opt/ros/humble/share/rmw_fastrtps_cpp/cmake)\n'}
[196.845943] (as2_behaviors_motion) StdoutLine: {'line': b'-- Found TinyXML2 via Config file: TinyXML2_DIR-NOTFOUND\n'}
[196.887529] (as2_behaviors_motion) StdoutLine: {'line': b'-- Found OpenSSL: /usr/lib/x86_64-linux-gnu/libcrypto.so (found version "3.0.2")  \n'}
[196.889555] (as2_behaviors_motion) StdoutLine: {'line': b'-- Found TinyXML2 via Config file: TinyXML2_DIR-NOTFOUND\n'}
[196.899582] (as2_behaviors_motion) StdoutLine: {'line': b'-- Found FastRTPS: /opt/ros/humble/include  \n'}
[196.901972] (as2_behaviors_motion) StdoutLine: {'line': b'-- Found TinyXML2 via Config file: TinyXML2_DIR-NOTFOUND\n'}
[196.907117] (as2_behaviors_motion) StdoutLine: {'line': b'-- Found TinyXML2 via Config file: TinyXML2_DIR-NOTFOUND\n'}
[196.909443] (-) TimerEvent: {}
[196.913929] (as2_behaviors_motion) StdoutLine: {'line': b"-- Using RMW implementation 'rmw_fastrtps_cpp' as default\n"}
[196.922268] (as2_behaviors_motion) StdoutLine: {'line': b'-- Looking for pthread.h\n'}
[196.972952] (as2_behaviors_motion) StdoutLine: {'line': b'-- Looking for pthread.h - found\n'}
[196.973136] (as2_behaviors_motion) StdoutLine: {'line': b'-- Performing Test CMAKE_HAVE_LIBC_PTHREAD\n'}
[197.009547] (-) TimerEvent: {}
[197.023473] (as2_behaviors_motion) StdoutLine: {'line': b'-- Performing Test CMAKE_HAVE_LIBC_PTHREAD - Success\n'}
[197.024618] (as2_behaviors_motion) StdoutLine: {'line': b'-- Found Threads: TRUE  \n'}
[197.060662] (as2_behaviors_motion) StdoutLine: {'line': b'-- Found rclcpp_action: 16.0.19 (/opt/ros/humble/share/rclcpp_action/cmake)\n'}
[197.084183] (as2_behaviors_motion) StdoutLine: {'line': b'-- Found as2_core: 1.1.3 (/home/developer/aerostack2_ws/install/as2_core/share/as2_core/cmake)\n'}
[197.086484] (as2_behaviors_motion) StdoutLine: {'line': b'-- Created yaml-cpp::yaml-cpp alias from yaml-cpp target\n'}
[197.087783] (as2_behaviors_motion) StdoutLine: {'line': b'-- Created GeographicLib::GeographicLib target from legacy variables\n'}
[197.109667] (-) TimerEvent: {}
[197.174380] (as2_behaviors_motion) StdoutLine: {'line': b'-- Found eigen3_cmake_module: 0.1.1 (/opt/ros/humble/share/eigen3_cmake_module/cmake)\n'}
[197.175309] (as2_behaviors_motion) StdoutLine: {'line': b'-- Found Eigen3: TRUE (found version "3.4.0") \n'}
[197.175381] (as2_behaviors_motion) StdoutLine: {'line': b'-- Ensuring Eigen3 include directory is part of orocos-kdl CMake target\n'}
[197.209784] (-) TimerEvent: {}
[197.246040] (as2_behaviors_motion) StdoutLine: {'line': b'-- Found as2_behavior: 1.1.3 (/home/developer/aerostack2_ws/install/as2_behavior/share/as2_behavior/cmake)\n'}
[197.247767] (as2_behaviors_motion) StdoutLine: {'line': b'-- Found as2_motion_reference_handlers: 1.1.3 (/home/developer/aerostack2_ws/install/as2_motion_reference_handlers/share/as2_motion_reference_handlers/cmake)\n'}
[197.291182] (as2_behaviors_motion) StdoutLine: {'line': b'-- Found ament_lint_auto: 0.12.15 (/opt/ros/humble/share/ament_lint_auto/cmake)\n'}
[197.309902] (-) TimerEvent: {}
[197.352431] (as2_behaviors_motion) StdoutLine: {'line': b"-- Added test 'copyright' to check source files copyright and LICENSE\n"}
[197.358529] (as2_behaviors_motion) StdoutLine: {'line': b"-- Added test 'cppcheck' to perform static code analysis on C / C++ code\n"}
[197.362329] (as2_behaviors_motion) StdoutLine: {'line': b'-- Configured cppcheck include dirs: /home/developer/aerostack2_ws/src/aerostack2-tcc_lucca/as2_behaviors/as2_behaviors_motion/follow_path_behavior/include;/home/developer/aerostack2_ws/src/aerostack2-tcc_lucca/as2_behaviors/as2_behaviors_motion/follow_path_behavior/include/as2_behaviors_motion;/home/developer/aerostack2_ws/src/aerostack2-tcc_lucca/as2_behaviors/as2_behaviors_motion/go_to_behavior/include;/home/developer/aerostack2_ws/src/aerostack2-tcc_lucca/as2_behaviors/as2_behaviors_motion/go_to_behavior/include/as2_behaviors_motion;/home/developer/aerostack2_ws/src/aerostack2-tcc_lucca/as2_behaviors/as2_behaviors_motion/land_behavior/include;/home/developer/aerostack2_ws/src/aerostack2-tcc_lucca/as2_behaviors/as2_behaviors_motion/land_behavior/include/as2_behaviors_motion;/home/developer/aerostack2_ws/src/aerostack2-tcc_lucca/as2_behaviors/as2_behaviors_motion/takeoff_behavior/include;/home/developer/aerostack2_ws/src/aerostack2-tcc_lucca/as2_behaviors/as2_behaviors_motion/takeoff_behavior/include/as2_behaviors_motion;/home/developer/aerostack2_ws/src/aerostack2-tcc_lucca/as2_behaviors/as2_behaviors_motion/precision_landing_behavior/include;/home/developer/aerostack2_ws/src/aerostack2-tcc_lucca/as2_behaviors/as2_behaviors_motion/precision_landing_behavior/include/as2_behaviors_motion;/home/developer/aerostack2_ws/src/aerostack2-tcc_lucca/as2_behaviors/as2_behaviors_motion/follow_reference_behavior/include;/home/developer/aerostack2_ws/src/aerostack2-tcc_lucca/as2_behaviors/as2_behaviors_motion/follow_reference_behavior/include/as2_behaviors_motion;$<BUILD_INTERFACE:/home/developer/aerostack2_ws/src/aerostack2-tcc_lucca/as2_behaviors/as2_behaviors_motion/include>\n'}
[197.362456] (as2_behaviors_motion) StdoutLine: {'line': b'-- Configured cppcheck exclude dirs and/or files: \n'}
[197.365917] (as2_behaviors_motion) StdoutLine: {'line': b"-- Added test 'cpplint' to check C / C++ code against the Google style\n"}
[197.366015] (as2_behaviors_motion) StdoutLine: {'line': b'-- Configured cpplint exclude dirs and/or files: \n'}
[197.366894] (as2_behaviors_motion) StdoutLine: {'line': b"-- Added test 'flake8' to check Python code syntax and style conventions\n"}
[197.368217] (as2_behaviors_motion) StdoutLine: {'line': b"-- Added test 'lint_cmake' to check CMake code style\n"}
[197.368867] (as2_behaviors_motion) StdoutLine: {'line': b"-- Added test 'pep257' to check Python code against some of the docstring style conventions in PEP 257\n"}
[197.372265] (as2_behaviors_motion) StdoutLine: {'line': b"-- Added test 'uncrustify' to check C / C++ code style\n"}
[197.372351] (as2_behaviors_motion) StdoutLine: {'line': b'-- Configured uncrustify additional arguments: \n'}
[197.372979] (as2_behaviors_motion) StdoutLine: {'line': b"-- Added test 'xmllint' to check XML markup files\n"}
[197.374698] (as2_behaviors_motion) StdoutLine: {'line': b'-- Configuring done\n'}
[197.410076] (-) TimerEvent: {}
[197.435246] (as2_behaviors_motion) StdoutLine: {'line': b'-- Generating done\n'}
[197.457822] (as2_behaviors_motion) StdoutLine: {'line': b'-- Build files have been written to: /home/developer/aerostack2_ws/build/as2_behaviors_motion\n'}
[197.466661] (as2_behaviors_motion) CommandEnded: {'returncode': 0}
[197.467185] (as2_behaviors_motion) JobProgress: {'identifier': 'as2_behaviors_motion', 'progress': 'build'}
[197.467480] (as2_behaviors_motion) Command: {'cmd': ['/usr/bin/cmake', '--build', '/home/developer/aerostack2_ws/build/as2_behaviors_motion', '--', '-j20', '-l20'], 'cwd': '/home/developer/aerostack2_ws/build/as2_behaviors_motion', 'env': OrderedDict([('HOSTNAME', 'lead-Predator-PHN16-71'), ('SHLVL', '1'), ('LD_LIBRARY_PATH', '/home/developer/aerostack2_ws/install/as2_motion_reference_handlers/lib:/home/developer/aerostack2_ws/install/as2_behavior/lib:/home/developer/aerostack2_ws/install/as2_core/lib:/home/developer/aerostack2_ws/install/as2_msgs/lib:/opt/ros/humble/opt/rviz_ogre_vendor/lib:/opt/ros/humble/lib/x86_64-linux-gnu:/opt/ros/humble/lib'), ('HOME', '/home/developer'), ('ROS_PYTHON_VERSION', '3'), ('ROS_DISTRO', 'humble'), ('_', '/usr/bin/colcon'), ('ROS_VERSION', '2'), ('TERM', 'xterm'), ('ROS_LOCALHOST_ONLY', '0'), ('QT_X11_NO_MITSHM', '1'), ('PATH', '/opt/ros/humble/bin:/usr/local/sbin:/usr/local/bin:/usr/sbin:/usr/bin:/sbin:/bin'), ('DISPLAY', ':1'), ('LANG', 'C.UTF-8'), ('LS_COLORS', 'rs=0:di=01;34:ln=01;36:mh=00:pi=40;33:so=01;35:do=01;35:bd=40;33;01:cd=40;33;01:or=40;31;01:mi=00:su=37;41:sg=30;43:ca=30;41:tw=30;42:ow=34;42:st=37;44:ex=01;32:*.tar=01;31:*.tgz=01;31:*.arc=01;31:*.arj=01;31:*.taz=01;31:*.lha=01;31:*.lz4=01;31:*.lzh=01;31:*.lzma=01;31:*.tlz=01;31:*.txz=01;31:*.tzo=01;31:*.t7z=01;31:*.zip=01;31:*.z=01;31:*.dz=01;31:*.gz=01;31:*.lrz=01;31:*.lz=01;31:*.lzo=01;31:*.xz=01;31:*.zst=01;31:*.tzst=01;31:*.bz2=01;31:*.bz=01;31:*.tbz=01;31:*.tbz2=01;31:*.tz=01;31:*.deb=01;31:*.rpm=01;31:*.jar=01;31:*.war=01;31:*.ear=01;31:*.sar=01;31:*.rar=01;31:*.alz=01;31:*.ace=01;31:*.zoo=01;31:*.cpio=01;31:*.7z=01;31:*.rz=01;31:*.cab=01;31:*.wim=01;31:*.swm=01;31:*.dwm=01;31:*.esd=01;31:*.jpg=01;35:*.jpeg=01;35:*.mjpg=01;35:*.mjpeg=01;35:*.gif=01;35:*.bmp=01;35:*.pbm=01;35:*.pgm=01;35:*.ppm=01;35:*.tga=01;35:*.xbm=01;35:*.xpm=01;35:*.tif=01;35:*.tiff=01;35:*.png=01;35:*.svg=01;35:*.svgz=01;35:*.mng=01;35:*.pcx=01;35:*.mov=01;35:*.mpg=01;35:*.mpeg=01;35:*.m2v=01;35:*.mkv=01;35:*.webm=01;35:*.webp=01;35:*.ogm=01;35:*.mp4=01;35:*.m4v=01;35:*.mp4v=01;35:*.vob=01;35:*.qt=01;35:*.nuv=01;35:*.wmv=01;35:*.asf=01;35:*.rm=01;35:*.rmvb=01;35:*.flc=01;35:*.avi=01;35:*.fli=01;35:*.flv=01;35:*.gl=01;35:*.dl=01;35:*.xcf=01;35:*.xwd=01;35:*.yuv=01;35:*.cgm=01;35:*.emf=01;35:*.ogv=01;35:*.ogx=01;35:*.aac=00;36:*.au=00;36:*.flac=00;36:*.m4a=00;36:*.mid=00;36:*.midi=00;36:*.mka=00;36:*.mp3=00;36:*.mpc=00;36:*.ogg=00;36:*.ra=00;36:*.wav=00;36:*.oga=00;36:*.opus=00;36:*.spx=00;36:*.xspf=00;36:'), ('AMENT_PREFIX_PATH', '/home/developer/aerostack2_ws/install/as2_motion_reference_handlers:/home/developer/aerostack2_ws/install/as2_behavior:/home/developer/aerostack2_ws/install/as2_core:/home/developer/aerostack2_ws/install/as2_msgs:/opt/ros/humble'), ('GZ_VERSION', 'harmonic'), ('PWD', '/home/developer/aerostack2_ws/build/as2_behaviors_motion'), ('LC_ALL', 'C.UTF-8'), ('PYTHONPATH', '/home/developer/aerostack2_ws/install/as2_motion_reference_handlers/local/lib/python3.10/dist-packages:/home/developer/aerostack2_ws/install/as2_core/local/lib/python3.10/dist-packages:/home/developer/aerostack2_ws/install/as2_msgs/local/lib/python3.10/dist-packages:/opt/ros/humble/lib/python3.10/site-packages:/opt/ros/humble/local/lib/python3.10/dist-packages'), ('COLCON', '1'), ('CMAKE_PREFIX_PATH', '/home/developer/aerostack2_ws/install/as2_motion_reference_handlers:/home/developer/aerostack2_ws/install/as2_behavior:/home/developer/aerostack2_ws/install/as2_core:/home/developer/aerostack2_ws/install/as2_msgs:/opt/ros/humble')]), 'shell': False}
[197.504771] (as2_behaviors_motion) StdoutLine: {'line': b'[  2%] \x1b[32mBuilding CXX object CMakeFiles/precision_landing_behavior_node.dir/precision_landing_behavior/src/precision_landing_behavior.cpp.o\x1b[0m\n'}
[197.505037] (as2_behaviors_motion) StdoutLine: {'line': b'[  8%] \x1b[32mBuilding CXX object CMakeFiles/takeoff_behavior_node.dir/takeoff_behavior/src/takeoff_behavior.cpp.o\x1b[0m\n'}
[197.505130] (as2_behaviors_motion) StdoutLine: {'line': b'[  8%] \x1b[32mBuilding CXX object CMakeFiles/as2_behaviors_motion.dir/precision_landing_behavior/plugins/precision_landing_plugin_p.cpp.o\x1b[0m\n'}
[197.505198] (as2_behaviors_motion) StdoutLine: {'line': b'[  8%] \x1b[32mBuilding CXX object CMakeFiles/follow_reference_behavior_node.dir/follow_reference_behavior/src/follow_reference_behavior.cpp.o\x1b[0m\n'}
[197.505261] (as2_behaviors_motion) StdoutLine: {'line': b'[ 10%] \x1b[32mBuilding CXX object CMakeFiles/as2_behaviors_motion.dir/precision_landing_behavior/plugins/precision_landing_plugin_cone.cpp.o\x1b[0m\n'}
[197.506332] (as2_behaviors_motion) StdoutLine: {'line': b'[ 13%] \x1b[32mBuilding CXX object CMakeFiles/follow_reference_behavior_node.dir/follow_reference_behavior/src/follow_reference_behavior_node.cpp.o\x1b[0m\n'}
[197.506407] (as2_behaviors_motion) StdoutLine: {'line': b'[ 15%] \x1b[32mBuilding CXX object CMakeFiles/as2_behaviors_motion.dir/precision_landing_behavior/plugins/precision_landing_plugin_pi.cpp.o\x1b[0m\n'}
[197.506467] (as2_behaviors_motion) StdoutLine: {'line': b'[ 17%] \x1b[32mBuilding CXX object CMakeFiles/follow_reference_component.dir/follow_reference_behavior/src/follow_reference_behavior.cpp.o\x1b[0m\n'}
[197.506523] (as2_behaviors_motion) StdoutLine: {'line': b'[ 19%] \x1b[32mBuilding CXX object CMakeFiles/takeoff_behavior_node.dir/takeoff_behavior/src/takeoff_behavior_node.cpp.o\x1b[0m\n'}
[197.506582] (as2_behaviors_motion) StdoutLine: {'line': b'[ 21%] \x1b[32mBuilding CXX object CMakeFiles/follow_path_behavior_node.dir/follow_path_behavior/src/follow_path_behavior.cpp.o\x1b[0m\n'}
[197.506639] (as2_behaviors_motion) StdoutLine: {'line': b'[ 23%] \x1b[32mBuilding CXX object CMakeFiles/follow_path_behavior_node.dir/follow_path_behavior/src/follow_path_behavior_node.cpp.o\x1b[0m\n'}
[197.507047] (as2_behaviors_motion) StdoutLine: {'line': b'[ 26%] \x1b[32mBuilding CXX object CMakeFiles/land_component.dir/land_behavior/src/land_behavior.cpp.o\x1b[0m\n'}
[197.507168] (as2_behaviors_motion) StdoutLine: {'line': b'[ 30%] \x1b[32mBuilding CXX object CMakeFiles/takeoff_component.dir/takeoff_behavior/src/takeoff_behavior.cpp.o\x1b[0m\n'}
[197.507244] (as2_behaviors_motion) StdoutLine: {'line': b'[ 30%] \x1b[32mBuilding CXX object CMakeFiles/go_to_behavior_node.dir/go_to_behavior/src/go_to_behavior.cpp.o\x1b[0m\n'}
[197.507316] (as2_behaviors_motion) StdoutLine: {'line': b'[ 32%] \x1b[32mBuilding CXX object CMakeFiles/as2_behaviors_motion.dir/precision_landing_behavior/plugins/precision_landing_plugin_pid.cpp.o\x1b[0m\n'}
[197.507950] (as2_behaviors_motion) StdoutLine: {'line': b'[ 34%] \x1b[32mBuilding CXX object CMakeFiles/follow_path_component.dir/follow_path_behavior/src/follow_path_behavior.cpp.o\x1b[0m\n'}
[197.508061] (as2_behaviors_motion) StdoutLine: {'line': b'[ 36%] \x1b[32mBuilding CXX object CMakeFiles/precision_landing_behavior_node.dir/precision_landing_behavior/src/precision_landing_behavior_node.cpp.o\x1b[0m\n'}
[197.508153] (as2_behaviors_motion) StdoutLine: {'line': b'[ 39%] \x1b[32mBuilding CXX object CMakeFiles/land_behavior_node.dir/land_behavior/src/land_behavior.cpp.o\x1b[0m\n'}
[197.510184] (-) TimerEvent: {}
[197.512219] (as2_behaviors_motion) StdoutLine: {'line': b'[ 41%] \x1b[32mBuilding CXX object CMakeFiles/go_to_component.dir/go_to_behavior/src/go_to_behavior.cpp.o\x1b[0m\n'}
[197.513775] (as2_behaviors_motion) StdoutLine: {'line': b'[ 43%] \x1b[32mBuilding CXX object CMakeFiles/precision_landing_component.dir/precision_landing_behavior/src/precision_landing_behavior.cpp.o\x1b[0m\n'}
[197.610976] (-) TimerEvent: {}
[197.711342] (-) TimerEvent: {}
[197.811684] (-) TimerEvent: {}
[197.912046] (-) TimerEvent: {}
[198.018267] (-) TimerEvent: {}
[198.118703] (-) TimerEvent: {}
[198.219158] (-) TimerEvent: {}
[198.319581] (-) TimerEvent: {}
[198.419996] (-) TimerEvent: {}
[198.520423] (-) TimerEvent: {}
[198.620825] (-) TimerEvent: {}
[198.721213] (-) TimerEvent: {}
[198.821594] (-) TimerEvent: {}
[198.923182] (-) TimerEvent: {}
[199.023619] (-) TimerEvent: {}
[199.124006] (-) TimerEvent: {}
[199.225051] (-) TimerEvent: {}
[199.325508] (-) TimerEvent: {}
[199.428224] (-) TimerEvent: {}
[199.528724] (-) TimerEvent: {}
[199.629048] (-) TimerEvent: {}
[199.730049] (-) TimerEvent: {}
[199.830434] (-) TimerEvent: {}
[199.932456] (-) TimerEvent: {}
[200.033269] (-) TimerEvent: {}
[200.134058] (-) TimerEvent: {}
[200.236211] (-) TimerEvent: {}
[200.337028] (-) TimerEvent: {}
[200.438551] (-) TimerEvent: {}
[200.541882] (-) TimerEvent: {}
[200.642562] (-) TimerEvent: {}
[200.743139] (-) TimerEvent: {}
[200.844781] (-) TimerEvent: {}
[200.950147] (-) TimerEvent: {}
[201.050705] (-) TimerEvent: {}
[201.151282] (-) TimerEvent: {}
[201.252707] (-) TimerEvent: {}
[201.355048] (-) TimerEvent: {}
[201.455594] (-) TimerEvent: {}
[201.556137] (-) TimerEvent: {}
[201.656504] (-) TimerEvent: {}
[201.756886] (-) TimerEvent: {}
[201.857355] (-) TimerEvent: {}
[201.958521] (-) TimerEvent: {}
[202.060053] (-) TimerEvent: {}
[202.160434] (-) TimerEvent: {}
[202.260848] (-) TimerEvent: {}
[202.361265] (-) TimerEvent: {}
[202.462058] (-) TimerEvent: {}
[202.562474] (-) TimerEvent: {}
[202.663055] (-) TimerEvent: {}
[202.764068] (-) TimerEvent: {}
[202.864454] (-) TimerEvent: {}
[202.965058] (-) TimerEvent: {}
[203.066053] (-) TimerEvent: {}
[203.166417] (-) TimerEvent: {}
[203.234033] (as2_behaviors_motion) StdoutLine: {'line': b'[ 45%] \x1b[32mBuilding CXX object CMakeFiles/land_behavior_node.dir/land_behavior/src/land_behavior_node.cpp.o\x1b[0m\n'}
[203.266546] (-) TimerEvent: {}
[203.366919] (-) TimerEvent: {}
[203.386055] (as2_behaviors_motion) StdoutLine: {'line': b'[ 47%] \x1b[32mBuilding CXX object CMakeFiles/as2_behaviors_motion.dir/follow_path_behavior/plugins/follow_path_plugin_position.cpp.o\x1b[0m\n'}
[203.467068] (-) TimerEvent: {}
[203.567397] (-) TimerEvent: {}
[203.667768] (-) TimerEvent: {}
[203.703800] (as2_behaviors_motion) StdoutLine: {'line': b'[ 50%] \x1b[32mBuilding CXX object CMakeFiles/go_to_behavior_node.dir/go_to_behavior/src/go_to_behavior_node.cpp.o\x1b[0m\n'}
[203.723571] (as2_behaviors_motion) StdoutLine: {'line': b'[ 52%] \x1b[32mBuilding CXX object CMakeFiles/as2_behaviors_motion.dir/follow_path_behavior/plugins/follow_path_plugin_trajectory.cpp.o\x1b[0m\n'}
[203.768036] (-) TimerEvent: {}
[203.831685] (as2_behaviors_motion) StdoutLine: {'line': b'[ 54%] \x1b[32mBuilding CXX object CMakeFiles/as2_behaviors_motion.dir/go_to_behavior/plugins/go_to_plugin_position.cpp.o\x1b[0m\n'}
[203.869045] (-) TimerEvent: {}
[203.969374] (-) TimerEvent: {}
[204.069739] (-) TimerEvent: {}
[204.075029] (as2_behaviors_motion) StdoutLine: {'line': b'[ 56%] \x1b[32mBuilding CXX object CMakeFiles/as2_behaviors_motion.dir/go_to_behavior/plugins/go_to_plugin_trajectory.cpp.o\x1b[0m\n'}
[204.169854] (-) TimerEvent: {}
[204.271075] (-) TimerEvent: {}
[204.364046] (as2_behaviors_motion) StdoutLine: {'line': b'[ 58%] \x1b[32mBuilding CXX object CMakeFiles/as2_behaviors_motion.dir/land_behavior/plugins/land_plugin_platform.cpp.o\x1b[0m\n'}
[204.371204] (-) TimerEvent: {}
[204.472037] (-) TimerEvent: {}
[204.572350] (-) TimerEvent: {}
[204.600044] (as2_behaviors_motion) StdoutLine: {'line': b'[ 60%] \x1b[32mBuilding CXX object CMakeFiles/as2_behaviors_motion.dir/land_behavior/plugins/land_plugin_speed.cpp.o\x1b[0m\n'}
[204.672476] (-) TimerEvent: {}
[204.773031] (-) TimerEvent: {}
[204.874063] (-) TimerEvent: {}
[204.974399] (-) TimerEvent: {}
[205.074747] (-) TimerEvent: {}
[205.176063] (-) TimerEvent: {}
[205.276426] (-) TimerEvent: {}
[205.376757] (-) TimerEvent: {}
[205.477132] (-) TimerEvent: {}
[205.578046] (-) TimerEvent: {}
[205.678391] (-) TimerEvent: {}
[205.779061] (-) TimerEvent: {}
[205.880042] (-) TimerEvent: {}
[205.980395] (-) TimerEvent: {}
[206.084158] (-) TimerEvent: {}
[206.184616] (-) TimerEvent: {}
[206.285124] (-) TimerEvent: {}
[206.385582] (-) TimerEvent: {}
[206.485950] (-) TimerEvent: {}
[206.586303] (-) TimerEvent: {}
[206.686659] (-) TimerEvent: {}
[206.787052] (-) TimerEvent: {}
[206.887432] (-) TimerEvent: {}
[206.987823] (-) TimerEvent: {}
[207.089075] (-) TimerEvent: {}
[207.189459] (-) TimerEvent: {}
[207.289806] (-) TimerEvent: {}
[207.391168] (-) TimerEvent: {}
[207.491590] (-) TimerEvent: {}
[207.592036] (-) TimerEvent: {}
[207.695035] (-) TimerEvent: {}
[207.795356] (-) TimerEvent: {}
[207.895710] (-) TimerEvent: {}
[207.996056] (-) TimerEvent: {}
[208.096389] (-) TimerEvent: {}
[208.196781] (-) TimerEvent: {}
[208.297262] (-) TimerEvent: {}
[208.397611] (-) TimerEvent: {}
[208.497941] (-) TimerEvent: {}
[208.598306] (-) TimerEvent: {}
[208.699115] (-) TimerEvent: {}
[208.801560] (-) TimerEvent: {}
[208.902068] (-) TimerEvent: {}
[209.003857] (-) TimerEvent: {}
[209.104283] (-) TimerEvent: {}
[209.204688] (-) TimerEvent: {}
[209.305065] (-) TimerEvent: {}
[209.406048] (-) TimerEvent: {}
[209.506416] (-) TimerEvent: {}
[209.608066] (-) TimerEvent: {}
[209.667561] (as2_behaviors_motion) StdoutLine: {'line': b'[ 63%] \x1b[32mBuilding CXX object CMakeFiles/as2_behaviors_motion.dir/land_behavior/plugins/land_plugin_trajectory.cpp.o\x1b[0m\n'}
[209.708226] (-) TimerEvent: {}
[209.808865] (-) TimerEvent: {}
[209.854931] (as2_behaviors_motion) StdoutLine: {'line': b'[ 65%] \x1b[32mBuilding CXX object CMakeFiles/as2_behaviors_motion.dir/takeoff_behavior/plugins/takeoff_plugin_platform.cpp.o\x1b[0m\n'}
[209.908995] (-) TimerEvent: {}
[209.963098] (as2_behaviors_motion) StdoutLine: {'line': b'[ 67%] \x1b[32mBuilding CXX object CMakeFiles/as2_behaviors_motion.dir/takeoff_behavior/plugins/takeoff_plugin_position.cpp.o\x1b[0m\n'}
[210.009113] (-) TimerEvent: {}
[210.109678] (-) TimerEvent: {}
[210.210034] (-) TimerEvent: {}
[210.311011] (-) TimerEvent: {}
[210.411343] (-) TimerEvent: {}
[210.511702] (-) TimerEvent: {}
[210.614854] (-) TimerEvent: {}
[210.716257] (-) TimerEvent: {}
[210.760646] (as2_behaviors_motion) StdoutLine: {'line': b'[ 69%] \x1b[32mBuilding CXX object CMakeFiles/as2_behaviors_motion.dir/takeoff_behavior/plugins/takeoff_plugin_speed.cpp.o\x1b[0m\n'}
[210.818054] (-) TimerEvent: {}
[210.918526] (-) TimerEvent: {}
[210.926239] (as2_behaviors_motion) StdoutLine: {'line': b'[ 71%] \x1b[32mBuilding CXX object CMakeFiles/as2_behaviors_motion.dir/takeoff_behavior/plugins/takeoff_plugin_trajectory.cpp.o\x1b[0m\n'}
[211.018621] (-) TimerEvent: {}
[211.120888] (-) TimerEvent: {}
[211.221333] (-) TimerEvent: {}
[211.321715] (-) TimerEvent: {}
[211.422057] (-) TimerEvent: {}
[211.522914] (-) TimerEvent: {}
[211.623394] (-) TimerEvent: {}
[211.723733] (-) TimerEvent: {}
[211.826023] (-) TimerEvent: {}
[211.928108] (-) TimerEvent: {}
[212.029235] (-) TimerEvent: {}
[212.130315] (-) TimerEvent: {}
[212.233199] (-) TimerEvent: {}
[212.333558] (-) TimerEvent: {}
[212.433944] (-) TimerEvent: {}
[212.534334] (-) TimerEvent: {}
[212.634755] (-) TimerEvent: {}
[212.736041] (-) TimerEvent: {}
[212.836463] (-) TimerEvent: {}
[212.937338] (-) TimerEvent: {}
[213.037710] (-) TimerEvent: {}
[213.138599] (-) TimerEvent: {}
[213.239027] (-) TimerEvent: {}
[213.340044] (-) TimerEvent: {}
[213.444174] (-) TimerEvent: {}
[213.544547] (-) TimerEvent: {}
[213.644879] (-) TimerEvent: {}
[213.745202] (-) TimerEvent: {}
[213.845500] (-) TimerEvent: {}
[213.945827] (-) TimerEvent: {}
[214.046164] (-) TimerEvent: {}
[214.146453] (-) TimerEvent: {}
[214.246771] (-) TimerEvent: {}
[214.347706] (-) TimerEvent: {}
[214.448048] (-) TimerEvent: {}
[214.548362] (-) TimerEvent: {}
[214.648648] (-) TimerEvent: {}
[214.749052] (-) TimerEvent: {}
[214.849386] (-) TimerEvent: {}
[214.949816] (-) TimerEvent: {}
[215.050161] (-) TimerEvent: {}
[215.151194] (-) TimerEvent: {}
[215.251523] (-) TimerEvent: {}
[215.351886] (-) TimerEvent: {}
[215.452585] (-) TimerEvent: {}
[215.552921] (-) TimerEvent: {}
[215.654103] (-) TimerEvent: {}
[215.754414] (-) TimerEvent: {}
[215.854761] (-) TimerEvent: {}
[215.955082] (-) TimerEvent: {}
[216.055412] (-) TimerEvent: {}
[216.155809] (-) TimerEvent: {}
[216.256153] (-) TimerEvent: {}
[216.356417] (-) TimerEvent: {}
[216.456702] (-) TimerEvent: {}
[216.557033] (-) TimerEvent: {}
[216.657318] (-) TimerEvent: {}
[216.757630] (-) TimerEvent: {}
[216.857916] (-) TimerEvent: {}
[216.958226] (-) TimerEvent: {}
[217.058507] (-) TimerEvent: {}
[217.158797] (-) TimerEvent: {}
[217.259096] (-) TimerEvent: {}
[217.359376] (-) TimerEvent: {}
[217.459666] (-) TimerEvent: {}
[217.560014] (-) TimerEvent: {}
[217.660293] (-) TimerEvent: {}
[217.760602] (-) TimerEvent: {}
[217.860879] (-) TimerEvent: {}
[217.961186] (-) TimerEvent: {}
[218.061459] (-) TimerEvent: {}
[218.161749] (-) TimerEvent: {}
[218.262036] (-) TimerEvent: {}
[218.361501] (as2_behaviors_motion) StdoutLine: {'line': b'[ 73%] \x1b[32m\x1b[1mLinking CXX shared library libas2_behaviors_motion.so\x1b[0m\n'}
[218.362105] (-) TimerEvent: {}
[218.462346] (-) TimerEvent: {}
[218.562645] (-) TimerEvent: {}
[218.662931] (-) TimerEvent: {}
[218.665848] (as2_behaviors_motion) StdoutLine: {'line': b'[ 73%] Built target as2_behaviors_motion\n'}
[218.763044] (-) TimerEvent: {}
[218.863353] (-) TimerEvent: {}
[218.963647] (-) TimerEvent: {}
[219.063986] (-) TimerEvent: {}
[219.164291] (-) TimerEvent: {}
[219.264606] (-) TimerEvent: {}
[219.364931] (-) TimerEvent: {}
[219.465270] (-) TimerEvent: {}
[219.565585] (-) TimerEvent: {}
[219.665907] (-) TimerEvent: {}
[219.766251] (-) TimerEvent: {}
[219.866628] (-) TimerEvent: {}
[219.966340] (as2_behaviors_motion) StdoutLine: {'line': b'[ 76%] \x1b[32m\x1b[1mLinking CXX shared library libfollow_reference_component.so\x1b[0m\n'}
[219.966678] (-) TimerEvent: {}
[220.066930] (-) TimerEvent: {}
[220.167327] (-) TimerEvent: {}
[220.267655] (-) TimerEvent: {}
[220.282640] (as2_behaviors_motion) StdoutLine: {'line': b'[ 76%] Built target follow_reference_component\n'}
[220.367762] (-) TimerEvent: {}
[220.447864] (as2_behaviors_motion) StdoutLine: {'line': b'[ 78%] \x1b[32m\x1b[1mLinking CXX executable follow_reference_behavior_node\x1b[0m\n'}
[220.467874] (-) TimerEvent: {}
[220.568189] (-) TimerEvent: {}
[220.668542] (-) TimerEvent: {}
[220.739267] (as2_behaviors_motion) StdoutLine: {'line': b'[ 78%] Built target follow_reference_behavior_node\n'}
[220.768640] (-) TimerEvent: {}
[220.868948] (-) TimerEvent: {}
[220.969252] (-) TimerEvent: {}
[221.069568] (-) TimerEvent: {}
[221.169857] (-) TimerEvent: {}
[221.270185] (-) TimerEvent: {}
[221.370509] (-) TimerEvent: {}
[221.470810] (-) TimerEvent: {}
[221.571123] (-) TimerEvent: {}
[221.671440] (-) TimerEvent: {}
[221.771779] (-) TimerEvent: {}
[221.872117] (-) TimerEvent: {}
[221.972426] (-) TimerEvent: {}
[222.048054] (as2_behaviors_motion) StdoutLine: {'line': b'[ 80%] \x1b[32m\x1b[1mLinking CXX executable takeoff_behavior_node\x1b[0m\n'}
[222.072543] (-) TimerEvent: {}
[222.162988] (as2_behaviors_motion) StdoutLine: {'line': b'[ 82%] \x1b[32m\x1b[1mLinking CXX shared library libtakeoff_component.so\x1b[0m\n'}
[222.172656] (-) TimerEvent: {}
[222.272890] (-) TimerEvent: {}
[222.345464] (as2_behaviors_motion) StdoutLine: {'line': b'[ 82%] Built target takeoff_behavior_node\n'}
[222.373012] (-) TimerEvent: {}
[222.427743] (as2_behaviors_motion) StdoutLine: {'line': b'[ 82%] Built target takeoff_component\n'}
[222.473122] (-) TimerEvent: {}
[222.573483] (-) TimerEvent: {}
[222.673793] (-) TimerEvent: {}
[222.774082] (-) TimerEvent: {}
[222.874354] (-) TimerEvent: {}
[222.974573] (-) TimerEvent: {}
[223.074857] (-) TimerEvent: {}
[223.175112] (-) TimerEvent: {}
[223.275365] (-) TimerEvent: {}
[223.375613] (-) TimerEvent: {}
[223.475863] (-) TimerEvent: {}
[223.576098] (-) TimerEvent: {}
[223.676355] (-) TimerEvent: {}
[223.776616] (-) TimerEvent: {}
[223.876896] (-) TimerEvent: {}
[223.977171] (-) TimerEvent: {}
[224.077415] (-) TimerEvent: {}
[224.177697] (-) TimerEvent: {}
[224.278023] (-) TimerEvent: {}
[224.378307] (-) TimerEvent: {}
[224.478604] (-) TimerEvent: {}
[224.578976] (-) TimerEvent: {}
[224.679256] (-) TimerEvent: {}
[224.779561] (-) TimerEvent: {}
[224.879865] (-) TimerEvent: {}
[224.980238] (-) TimerEvent: {}
[225.080576] (-) TimerEvent: {}
[225.180882] (-) TimerEvent: {}
[225.281166] (-) TimerEvent: {}
[225.381448] (-) TimerEvent: {}
[225.481770] (-) TimerEvent: {}
[225.548275] (as2_behaviors_motion) StdoutLine: {'line': b'[ 84%] \x1b[32m\x1b[1mLinking CXX shared library libland_component.so\x1b[0m\n'}
[225.581877] (-) TimerEvent: {}
[225.682183] (-) TimerEvent: {}
[225.782498] (-) TimerEvent: {}
[225.784833] (as2_behaviors_motion) StdoutLine: {'line': b'[ 86%] \x1b[32m\x1b[1mLinking CXX shared library libprecision_landing_component.so\x1b[0m\n'}
[225.830385] (as2_behaviors_motion) StdoutLine: {'line': b'[ 86%] Built target land_component\n'}
[225.882604] (-) TimerEvent: {}
[225.886457] (as2_behaviors_motion) StdoutLine: {'line': b'[ 89%] \x1b[32m\x1b[1mLinking CXX executable precision_landing_behavior_node\x1b[0m\n'}
[225.976681] (as2_behaviors_motion) StdoutLine: {'line': b'[ 91%] \x1b[32m\x1b[1mLinking CXX executable follow_path_behavior_node\x1b[0m\n'}
[225.982725] (-) TimerEvent: {}
[226.048229] (as2_behaviors_motion) StdoutLine: {'line': b'[ 91%] Built target precision_landing_component\n'}
[226.082857] (-) TimerEvent: {}
[226.143343] (as2_behaviors_motion) StdoutLine: {'line': b'[ 91%] Built target precision_landing_behavior_node\n'}
[226.182983] (-) TimerEvent: {}
[226.233982] (as2_behaviors_motion) StdoutLine: {'line': b'[ 91%] Built target follow_path_behavior_node\n'}
[226.283040] (-) TimerEvent: {}
[226.332138] (as2_behaviors_motion) StdoutLine: {'line': b'[ 93%] \x1b[32m\x1b[1mLinking CXX executable land_behavior_node\x1b[0m\n'}
[226.383137] (-) TimerEvent: {}
[226.483401] (-) TimerEvent: {}
[226.562950] (as2_behaviors_motion) StdoutLine: {'line': b'[ 93%] Built target land_behavior_node\n'}
[226.583543] (-) TimerEvent: {}
[226.646331] (as2_behaviors_motion) StdoutLine: {'line': b'[ 95%] \x1b[32m\x1b[1mLinking CXX shared library libgo_to_component.so\x1b[0m\n'}
[226.683649] (-) TimerEvent: {}
[226.783995] (-) TimerEvent: {}
[226.884281] (-) TimerEvent: {}
[226.888502] (as2_behaviors_motion) StdoutLine: {'line': b'[ 95%] Built target go_to_component\n'}
[226.984381] (-) TimerEvent: {}
[227.025187] (as2_behaviors_motion) StdoutLine: {'line': b'[ 97%] \x1b[32m\x1b[1mLinking CXX executable go_to_behavior_node\x1b[0m\n'}
[227.084489] (-) TimerEvent: {}
[227.152109] (as2_behaviors_motion) StdoutLine: {'line': b'[100%] \x1b[32m\x1b[1mLinking CXX shared library libfollow_path_component.so\x1b[0m\n'}
[227.184613] (-) TimerEvent: {}
[227.265294] (as2_behaviors_motion) StdoutLine: {'line': b'[100%] Built target go_to_behavior_node\n'}
[227.284745] (-) TimerEvent: {}
[227.376907] (as2_behaviors_motion) StdoutLine: {'line': b'[100%] Built target follow_path_component\n'}
[227.384909] (-) TimerEvent: {}
[227.398984] (as2_behaviors_motion) CommandEnded: {'returncode': 0}
[227.400009] (as2_behaviors_motion) JobProgress: {'identifier': 'as2_behaviors_motion', 'progress': 'install'}
[227.400479] (as2_behaviors_motion) Command: {'cmd': ['/usr/bin/cmake', '--install', '/home/developer/aerostack2_ws/build/as2_behaviors_motion'], 'cwd': '/home/developer/aerostack2_ws/build/as2_behaviors_motion', 'env': OrderedDict([('HOSTNAME', 'lead-Predator-PHN16-71'), ('SHLVL', '1'), ('LD_LIBRARY_PATH', '/home/developer/aerostack2_ws/install/as2_motion_reference_handlers/lib:/home/developer/aerostack2_ws/install/as2_behavior/lib:/home/developer/aerostack2_ws/install/as2_core/lib:/home/developer/aerostack2_ws/install/as2_msgs/lib:/opt/ros/humble/opt/rviz_ogre_vendor/lib:/opt/ros/humble/lib/x86_64-linux-gnu:/opt/ros/humble/lib'), ('HOME', '/home/developer'), ('ROS_PYTHON_VERSION', '3'), ('ROS_DISTRO', 'humble'), ('_', '/usr/bin/colcon'), ('ROS_VERSION', '2'), ('TERM', 'xterm'), ('ROS_LOCALHOST_ONLY', '0'), ('QT_X11_NO_MITSHM', '1'), ('PATH', '/opt/ros/humble/bin:/usr/local/sbin:/usr/local/bin:/usr/sbin:/usr/bin:/sbin:/bin'), ('DISPLAY', ':1'), ('LANG', 'C.UTF-8'), ('LS_COLORS', 'rs=0:di=01;34:ln=01;36:mh=00:pi=40;33:so=01;35:do=01;35:bd=40;33;01:cd=40;33;01:or=40;31;01:mi=00:su=37;41:sg=30;43:ca=30;41:tw=30;42:ow=34;42:st=37;44:ex=01;32:*.tar=01;31:*.tgz=01;31:*.arc=01;31:*.arj=01;31:*.taz=01;31:*.lha=01;31:*.lz4=01;31:*.lzh=01;31:*.lzma=01;31:*.tlz=01;31:*.txz=01;31:*.tzo=01;31:*.t7z=01;31:*.zip=01;31:*.z=01;31:*.dz=01;31:*.gz=01;31:*.lrz=01;31:*.lz=01;31:*.lzo=01;31:*.xz=01;31:*.zst=01;31:*.tzst=01;31:*.bz2=01;31:*.bz=01;31:*.tbz=01;31:*.tbz2=01;31:*.tz=01;31:*.deb=01;31:*.rpm=01;31:*.jar=01;31:*.war=01;31:*.ear=01;31:*.sar=01;31:*.rar=01;31:*.alz=01;31:*.ace=01;31:*.zoo=01;31:*.cpio=01;31:*.7z=01;31:*.rz=01;31:*.cab=01;31:*.wim=01;31:*.swm=01;31:*.dwm=01;31:*.esd=01;31:*.jpg=01;35:*.jpeg=01;35:*.mjpg=01;35:*.mjpeg=01;35:*.gif=01;35:*.bmp=01;35:*.pbm=01;35:*.pgm=01;35:*.ppm=01;35:*.tga=01;35:*.xbm=01;35:*.xpm=01;35:*.tif=01;35:*.tiff=01;35:*.png=01;35:*.svg=01;35:*.svgz=01;35:*.mng=01;35:*.pcx=01;35:*.mov=01;35:*.mpg=01;35:*.mpeg=01;35:*.m2v=01;35:*.mkv=01;35:*.webm=01;35:*.webp=01;35:*.ogm=01;35:*.mp4=01;35:*.m4v=01;35:*.mp4v=01;35:*.vob=01;35:*.qt=01;35:*.nuv=01;35:*.wmv=01;35:*.asf=01;35:*.rm=01;35:*.rmvb=01;35:*.flc=01;35:*.avi=01;35:*.fli=01;35:*.flv=01;35:*.gl=01;35:*.dl=01;35:*.xcf=01;35:*.xwd=01;35:*.yuv=01;35:*.cgm=01;35:*.emf=01;35:*.ogv=01;35:*.ogx=01;35:*.aac=00;36:*.au=00;36:*.flac=00;36:*.m4a=00;36:*.mid=00;36:*.midi=00;36:*.mka=00;36:*.mp3=00;36:*.mpc=00;36:*.ogg=00;36:*.ra=00;36:*.wav=00;36:*.oga=00;36:*.opus=00;36:*.spx=00;36:*.xspf=00;36:'), ('AMENT_PREFIX_PATH', '/home/developer/aerostack2_ws/install/as2_motion_reference_handlers:/home/developer/aerostack2_ws/install/as2_behavior:/home/developer/aerostack2_ws/install/as2_core:/home/developer/aerostack2_ws/install/as2_msgs:/opt/ros/humble'), ('GZ_VERSION', 'harmonic'), ('PWD', '/home/developer/aerostack2_ws/build/as2_behaviors_motion'), ('LC_ALL', 'C.UTF-8'), ('PYTHONPATH', '/home/developer/aerostack2_ws/install/as2_motion_reference_handlers/local/lib/python3.10/dist-packages:/home/developer/aerostack2_ws/install/as2_core/local/lib/python3.10/dist-packages:/home/developer/aerostack2_ws/install/as2_msgs/local/lib/python3.10/dist-packages:/opt/ros/humble/lib/python3.10/site-packages:/opt/ros/humble/local/lib/python3.10/dist-packages'), ('COLCON', '1'), ('CMAKE_PREFIX_PATH', '/home/developer/aerostack2_ws/install/as2_motion_reference_handlers:/home/developer/aerostack2_ws/install/as2_behavior:/home/developer/aerostack2_ws/install/as2_core:/home/developer/aerostack2_ws/install/as2_msgs:/opt/ros/humble')]), 'shell': False}
[227.408531] (as2_behaviors_motion) StdoutLine: {'line': b'-- Install configuration: "Release"\n'}
[227.409117] (as2_behaviors_motion) StdoutLine: {'line': b'-- Execute custom install script\n'}
[227.409465] (as2_behaviors_motion) StdoutLine: {'line': b'-- Symlinking: /home/developer/aerostack2_ws/install/as2_behaviors_motion/share/as2_behaviors_motion//plugins.xml\n'}
[227.417212] (as2_behaviors_motion) StdoutLine: {'line': b'-- Symlinking: /home/developer/aerostack2_ws/install/as2_behaviors_motion/share/as2_behaviors_motion/environment/library_path.sh\n'}
[227.422663] (as2_behaviors_motion) StdoutLine: {'line': b'-- Symlinking: /home/developer/aerostack2_ws/install/as2_behaviors_motion/share/as2_behaviors_motion/environment/library_path.dsv\n'}
[227.427710] (as2_behaviors_motion) StdoutLine: {'line': b'-- Symlinking: /home/developer/aerostack2_ws/install/as2_behaviors_motion/lib/as2_behaviors_motion/follow_path_behavior_node\n'}
[227.435096] (as2_behaviors_motion) StdoutLine: {'line': b'-- Symlinking: /home/developer/aerostack2_ws/install/as2_behaviors_motion/include/follow_path_behavior/follow_path_base.hpp\n'}
[227.440791] (as2_behaviors_motion) StdoutLine: {'line': b'-- Symlinking: /home/developer/aerostack2_ws/install/as2_behaviors_motion/include/follow_path_behavior/follow_path_behavior.hpp\n'}
[227.446695] (as2_behaviors_motion) StdoutLine: {'line': b'-- Symlinking: /home/developer/aerostack2_ws/install/as2_behaviors_motion/share/as2_behaviors_motion/follow_path_behavior/config//config_default.yaml\n'}
[227.453234] (as2_behaviors_motion) StdoutLine: {'line': b'-- Symlinking: /home/developer/aerostack2_ws/install/as2_behaviors_motion/lib/as2_behaviors_motion/go_to_behavior_node\n'}
[227.458551] (as2_behaviors_motion) StdoutLine: {'line': b'-- Symlinking: /home/developer/aerostack2_ws/install/as2_behaviors_motion/include/go_to_behavior/go_to_base.hpp\n'}
[227.463181] (as2_behaviors_motion) StdoutLine: {'line': b'-- Symlinking: /home/developer/aerostack2_ws/install/as2_behaviors_motion/include/go_to_behavior/go_to_behavior.hpp\n'}
[227.470811] (as2_behaviors_motion) StdoutLine: {'line': b'-- Symlinking: /home/developer/aerostack2_ws/install/as2_behaviors_motion/share/as2_behaviors_motion/go_to_behavior/config//config_default.yaml\n'}
[227.477619] (as2_behaviors_motion) StdoutLine: {'line': b'-- Symlinking: /home/developer/aerostack2_ws/install/as2_behaviors_motion/lib/as2_behaviors_motion/land_behavior_node\n'}
[227.483036] (as2_behaviors_motion) StdoutLine: {'line': b'-- Symlinking: /home/developer/aerostack2_ws/install/as2_behaviors_motion/include/land_behavior/land_base.hpp\n'}
[227.485009] (-) TimerEvent: {}
[227.490353] (as2_behaviors_motion) StdoutLine: {'line': b'-- Symlinking: /home/developer/aerostack2_ws/install/as2_behaviors_motion/include/land_behavior/land_behavior.hpp\n'}
[227.495198] (as2_behaviors_motion) StdoutLine: {'line': b'-- Symlinking: /home/developer/aerostack2_ws/install/as2_behaviors_motion/share/as2_behaviors_motion/land_behavior/config//config_default.yaml\n'}
[227.500818] (as2_behaviors_motion) StdoutLine: {'line': b'-- Symlinking: /home/developer/aerostack2_ws/install/as2_behaviors_motion/lib/as2_behaviors_motion/takeoff_behavior_node\n'}
[227.506349] (as2_behaviors_motion) StdoutLine: {'line': b'-- Symlinking: /home/developer/aerostack2_ws/install/as2_behaviors_motion/include/takeoff_behavior/takeoff_base.hpp\n'}
[227.512877] (as2_behaviors_motion) StdoutLine: {'line': b'-- Symlinking: /home/developer/aerostack2_ws/install/as2_behaviors_motion/include/takeoff_behavior/takeoff_behavior.hpp\n'}
[227.520259] (as2_behaviors_motion) StdoutLine: {'line': b'-- Symlinking: /home/developer/aerostack2_ws/install/as2_behaviors_motion/share/as2_behaviors_motion/takeoff_behavior/config//config_default.yaml\n'}
[227.525118] (as2_behaviors_motion) StdoutLine: {'line': b'-- Symlinking: /home/developer/aerostack2_ws/install/as2_behaviors_motion/lib/as2_behaviors_motion/precision_landing_behavior_node\n'}
[227.532341] (as2_behaviors_motion) StdoutLine: {'line': b'-- Symlinking: /home/developer/aerostack2_ws/install/as2_behaviors_motion/include/precision_landing_behavior/precision_landing_base.hpp\n'}
[227.537858] (as2_behaviors_motion) StdoutLine: {'line': b'-- Symlinking: /home/developer/aerostack2_ws/install/as2_behaviors_motion/include/precision_landing_behavior/precision_landing_behavior.hpp\n'}
[227.543141] (as2_behaviors_motion) StdoutLine: {'line': b'-- Symlinking: /home/developer/aerostack2_ws/install/as2_behaviors_motion/share/as2_behaviors_motion/precision_landing_behavior/config//config_default.yaml\n'}
[227.548056] (as2_behaviors_motion) StdoutLine: {'line': b'-- Symlinking: /home/developer/aerostack2_ws/install/as2_behaviors_motion/lib/as2_behaviors_motion/follow_reference_behavior_node\n'}
[227.553801] (as2_behaviors_motion) StdoutLine: {'line': b'-- Symlinking: /home/developer/aerostack2_ws/install/as2_behaviors_motion/include/follow_reference_behavior/follow_reference_behavior.hpp\n'}
[227.558516] (as2_behaviors_motion) StdoutLine: {'line': b'-- Symlinking: /home/developer/aerostack2_ws/install/as2_behaviors_motion/share/as2_behaviors_motion/follow_reference_behavior/config//config_default.yaml\n'}
[227.563108] (as2_behaviors_motion) StdoutLine: {'line': b'-- Symlinking: /home/developer/aerostack2_ws/install/as2_behaviors_motion/lib/libtakeoff_component.so\n'}
[227.567807] (as2_behaviors_motion) StdoutLine: {'line': b'-- Symlinking: /home/developer/aerostack2_ws/install/as2_behaviors_motion/lib/libland_component.so\n'}
[227.573296] (as2_behaviors_motion) StdoutLine: {'line': b'-- Symlinking: /home/developer/aerostack2_ws/install/as2_behaviors_motion/lib/libgo_to_component.so\n'}
[227.577919] (as2_behaviors_motion) StdoutLine: {'line': b'-- Symlinking: /home/developer/aerostack2_ws/install/as2_behaviors_motion/lib/libfollow_path_component.so\n'}
[227.582922] (as2_behaviors_motion) StdoutLine: {'line': b'-- Symlinking: /home/developer/aerostack2_ws/install/as2_behaviors_motion/lib/libprecision_landing_component.so\n'}
[227.585065] (-) TimerEvent: {}
[227.588356] (as2_behaviors_motion) StdoutLine: {'line': b'-- Symlinking: /home/developer/aerostack2_ws/install/as2_behaviors_motion/lib/libfollow_reference_component.so\n'}
[227.595663] (as2_behaviors_motion) StdoutLine: {'line': b'-- Symlinking: /home/developer/aerostack2_ws/install/as2_behaviors_motion/share/as2_behaviors_motion/launch/composable_follow_reference.launch.py\n'}
[227.601642] (as2_behaviors_motion) StdoutLine: {'line': b'-- Symlinking: /home/developer/aerostack2_ws/install/as2_behaviors_motion/share/as2_behaviors_motion/launch/composable_motion_behaviors.launch.py\n'}
[227.608288] (as2_behaviors_motion) StdoutLine: {'line': b'-- Symlinking: /home/developer/aerostack2_ws/install/as2_behaviors_motion/share/as2_behaviors_motion/launch/follow_path_behavior_launch.py\n'}
[227.615901] (as2_behaviors_motion) StdoutLine: {'line': b'-- Symlinking: /home/developer/aerostack2_ws/install/as2_behaviors_motion/share/as2_behaviors_motion/launch/follow_reference_behavior_launch.py\n'}
[227.621417] (as2_behaviors_motion) StdoutLine: {'line': b'-- Symlinking: /home/developer/aerostack2_ws/install/as2_behaviors_motion/share/as2_behaviors_motion/launch/go_to_behavior_launch.py\n'}
[227.626184] (as2_behaviors_motion) StdoutLine: {'line': b'-- Symlinking: /home/developer/aerostack2_ws/install/as2_behaviors_motion/share/as2_behaviors_motion/launch/land_behavior_launch.py\n'}
[227.633592] (as2_behaviors_motion) StdoutLine: {'line': b'-- Symlinking: /home/developer/aerostack2_ws/install/as2_behaviors_motion/share/as2_behaviors_motion/launch/motion_behaviors_launch.py\n'}
[227.638801] (as2_behaviors_motion) StdoutLine: {'line': b'-- Symlinking: /home/developer/aerostack2_ws/install/as2_behaviors_motion/share/as2_behaviors_motion/launch/precision_landing_behavior_launch.py\n'}
[227.643822] (as2_behaviors_motion) StdoutLine: {'line': b'-- Symlinking: /home/developer/aerostack2_ws/install/as2_behaviors_motion/share/as2_behaviors_motion/launch/takeoff_behavior_launch.py\n'}
[227.648250] (as2_behaviors_motion) StdoutLine: {'line': b'-- Symlinking: /home/developer/aerostack2_ws/install/as2_behaviors_motion/share/ament_index/resource_index/package_run_dependencies/as2_behaviors_motion\n'}
[227.655548] (as2_behaviors_motion) StdoutLine: {'line': b'-- Symlinking: /home/developer/aerostack2_ws/install/as2_behaviors_motion/share/ament_index/resource_index/parent_prefix_path/as2_behaviors_motion\n'}
[227.660253] (as2_behaviors_motion) StdoutLine: {'line': b'-- Symlinking: /home/developer/aerostack2_ws/install/as2_behaviors_motion/share/as2_behaviors_motion/environment/ament_prefix_path.sh\n'}
[227.666330] (as2_behaviors_motion) StdoutLine: {'line': b'-- Symlinking: /home/developer/aerostack2_ws/install/as2_behaviors_motion/share/as2_behaviors_motion/environment/ament_prefix_path.dsv\n'}
[227.671558] (as2_behaviors_motion) StdoutLine: {'line': b'-- Symlinking: /home/developer/aerostack2_ws/install/as2_behaviors_motion/share/as2_behaviors_motion/environment/path.sh\n'}
[227.677604] (as2_behaviors_motion) StdoutLine: {'line': b'-- Symlinking: /home/developer/aerostack2_ws/install/as2_behaviors_motion/share/as2_behaviors_motion/environment/path.dsv\n'}
[227.683203] (as2_behaviors_motion) StdoutLine: {'line': b'-- Symlinking: /home/developer/aerostack2_ws/install/as2_behaviors_motion/share/as2_behaviors_motion/local_setup.bash\n'}
[227.685148] (-) TimerEvent: {}
[227.687856] (as2_behaviors_motion) StdoutLine: {'line': b'-- Symlinking: /home/developer/aerostack2_ws/install/as2_behaviors_motion/share/as2_behaviors_motion/local_setup.sh\n'}
[227.695215] (as2_behaviors_motion) StdoutLine: {'line': b'-- Symlinking: /home/developer/aerostack2_ws/install/as2_behaviors_motion/share/as2_behaviors_motion/local_setup.zsh\n'}
[227.700875] (as2_behaviors_motion) StdoutLine: {'line': b'-- Symlinking: /home/developer/aerostack2_ws/install/as2_behaviors_motion/share/as2_behaviors_motion/local_setup.dsv\n'}
[227.705581] (as2_behaviors_motion) StdoutLine: {'line': b'-- Symlinking: /home/developer/aerostack2_ws/install/as2_behaviors_motion/share/as2_behaviors_motion/package.dsv\n'}
[227.711646] (as2_behaviors_motion) StdoutLine: {'line': b'-- Symlinking: /home/developer/aerostack2_ws/install/as2_behaviors_motion/share/ament_index/resource_index/packages/as2_behaviors_motion\n'}
[227.718611] (as2_behaviors_motion) StdoutLine: {'line': b'-- Symlinking: /home/developer/aerostack2_ws/install/as2_behaviors_motion/share/ament_index/resource_index/as2_behaviors_motion__pluginlib__plugin/as2_behaviors_motion\n'}
[227.724897] (as2_behaviors_motion) StdoutLine: {'line': b'-- Symlinking: /home/developer/aerostack2_ws/install/as2_behaviors_motion/share/ament_index/resource_index/rclcpp_components/as2_behaviors_motion\n'}
[227.731585] (as2_behaviors_motion) StdoutLine: {'line': b'-- Symlinking: /home/developer/aerostack2_ws/install/as2_behaviors_motion/share/as2_behaviors_motion/cmake/ament_cmake_export_libraries-extras.cmake\n'}
[227.738648] (as2_behaviors_motion) StdoutLine: {'line': b'-- Symlinking: /home/developer/aerostack2_ws/install/as2_behaviors_motion/share/as2_behaviors_motion/cmake/ament_cmake_export_targets-extras.cmake\n'}
[227.743272] (as2_behaviors_motion) StdoutLine: {'line': b'-- Symlinking: /home/developer/aerostack2_ws/install/as2_behaviors_motion/share/as2_behaviors_motion/cmake/ament_cmake_export_include_directories-extras.cmake\n'}
[227.748100] (as2_behaviors_motion) StdoutLine: {'line': b'-- Symlinking: /home/developer/aerostack2_ws/install/as2_behaviors_motion/share/as2_behaviors_motion/cmake/as2_behaviors_motionConfig.cmake\n'}
[227.752790] (as2_behaviors_motion) StdoutLine: {'line': b'-- Symlinking: /home/developer/aerostack2_ws/install/as2_behaviors_motion/share/as2_behaviors_motion/cmake/as2_behaviors_motionConfig-version.cmake\n'}
[227.759209] (as2_behaviors_motion) StdoutLine: {'line': b'-- Symlinking: /home/developer/aerostack2_ws/install/as2_behaviors_motion/share/as2_behaviors_motion/package.xml\n'}
[227.763853] (as2_behaviors_motion) StdoutLine: {'line': b'-- Installing: /home/developer/aerostack2_ws/install/as2_behaviors_motion/lib/libas2_behaviors_motion.so\n'}
[227.765016] (as2_behaviors_motion) StdoutLine: {'line': b'-- Set runtime path of "/home/developer/aerostack2_ws/install/as2_behaviors_motion/lib/libas2_behaviors_motion.so" to ""\n'}
[227.765080] (as2_behaviors_motion) StdoutLine: {'line': b'-- Installing: /home/developer/aerostack2_ws/install/as2_behaviors_motion/share/as2_behaviors_motion/cmake/export_as2_behaviors_motionExport.cmake\n'}
[227.765249] (as2_behaviors_motion) StdoutLine: {'line': b'-- Installing: /home/developer/aerostack2_ws/install/as2_behaviors_motion/share/as2_behaviors_motion/cmake/export_as2_behaviors_motionExport-release.cmake\n'}
[227.766628] (as2_behaviors_motion) CommandEnded: {'returncode': 0}
[227.777811] (as2_behaviors_motion) JobEnded: {'identifier': 'as2_behaviors_motion', 'rc': 0}
[227.778415] (as2_behaviors_path_planning) JobStarted: {'identifier': 'as2_behaviors_path_planning'}
[227.785248] (-) TimerEvent: {}
[227.788724] (as2_behaviors_path_planning) JobProgress: {'identifier': 'as2_behaviors_path_planning', 'progress': 'cmake'}
[227.789366] (as2_behaviors_path_planning) Command: {'cmd': ['/usr/bin/cmake', '/home/developer/aerostack2_ws/src/aerostack2-tcc_lucca/as2_behaviors/as2_behaviors_path_planning', '-DAMENT_CMAKE_SYMLINK_INSTALL=1', '-DCMAKE_INSTALL_PREFIX=/home/developer/aerostack2_ws/install/as2_behaviors_path_planning'], 'cwd': '/home/developer/aerostack2_ws/build/as2_behaviors_path_planning', 'env': OrderedDict([('HOSTNAME', 'lead-Predator-PHN16-71'), ('SHLVL', '1'), ('LD_LIBRARY_PATH', '/home/developer/aerostack2_ws/install/as2_behavior/lib:/home/developer/aerostack2_ws/install/as2_core/lib:/home/developer/aerostack2_ws/install/as2_msgs/lib:/opt/ros/humble/opt/rviz_ogre_vendor/lib:/opt/ros/humble/lib/x86_64-linux-gnu:/opt/ros/humble/lib'), ('HOME', '/home/developer'), ('ROS_PYTHON_VERSION', '3'), ('ROS_DISTRO', 'humble'), ('_', '/usr/bin/colcon'), ('ROS_VERSION', '2'), ('TERM', 'xterm'), ('ROS_LOCALHOST_ONLY', '0'), ('QT_X11_NO_MITSHM', '1'), ('PATH', '/opt/ros/humble/bin:/usr/local/sbin:/usr/local/bin:/usr/sbin:/usr/bin:/sbin:/bin'), ('DISPLAY', ':1'), ('LANG', 'C.UTF-8'), ('LS_COLORS', 'rs=0:di=01;34:ln=01;36:mh=00:pi=40;33:so=01;35:do=01;35:bd=40;33;01:cd=40;33;01:or=40;31;01:mi=00:su=37;41:sg=30;43:ca=30;41:tw=30;42:ow=34;42:st=37;44:ex=01;32:*.tar=01;31:*.tgz=01;31:*.arc=01;31:*.arj=01;31:*.taz=01;31:*.lha=01;31:*.lz4=01;31:*.lzh=01;31:*.lzma=01;31:*.tlz=01;31:*.txz=01;31:*.tzo=01;31:*.t7z=01;31:*.zip=01;31:*.z=01;31:*.dz=01;31:*.gz=01;31:*.lrz=01;31:*.lz=01;31:*.lzo=01;31:*.xz=01;31:*.zst=01;31:*.tzst=01;31:*.bz2=01;31:*.bz=01;31:*.tbz=01;31:*.tbz2=01;31:*.tz=01;31:*.deb=01;31:*.rpm=01;31:*.jar=01;31:*.war=01;31:*.ear=01;31:*.sar=01;31:*.rar=01;31:*.alz=01;31:*.ace=01;31:*.zoo=01;31:*.cpio=01;31:*.7z=01;31:*.rz=01;31:*.cab=01;31:*.wim=01;31:*.swm=01;31:*.dwm=01;31:*.esd=01;31:*.jpg=01;35:*.jpeg=01;35:*.mjpg=01;35:*.mjpeg=01;35:*.gif=01;35:*.bmp=01;35:*.pbm=01;35:*.pgm=01;35:*.ppm=01;35:*.tga=01;35:*.xbm=01;35:*.xpm=01;35:*.tif=01;35:*.tiff=01;35:*.png=01;35:*.svg=01;35:*.svgz=01;35:*.mng=01;35:*.pcx=01;35:*.mov=01;35:*.mpg=01;35:*.mpeg=01;35:*.m2v=01;35:*.mkv=01;35:*.webm=01;35:*.webp=01;35:*.ogm=01;35:*.mp4=01;35:*.m4v=01;35:*.mp4v=01;35:*.vob=01;35:*.qt=01;35:*.nuv=01;35:*.wmv=01;35:*.asf=01;35:*.rm=01;35:*.rmvb=01;35:*.flc=01;35:*.avi=01;35:*.fli=01;35:*.flv=01;35:*.gl=01;35:*.dl=01;35:*.xcf=01;35:*.xwd=01;35:*.yuv=01;35:*.cgm=01;35:*.emf=01;35:*.ogv=01;35:*.ogx=01;35:*.aac=00;36:*.au=00;36:*.flac=00;36:*.m4a=00;36:*.mid=00;36:*.midi=00;36:*.mka=00;36:*.mp3=00;36:*.mpc=00;36:*.ogg=00;36:*.ra=00;36:*.wav=00;36:*.oga=00;36:*.opus=00;36:*.spx=00;36:*.xspf=00;36:'), ('AMENT_PREFIX_PATH', '/home/developer/aerostack2_ws/install/as2_behavior:/home/developer/aerostack2_ws/install/as2_core:/home/developer/aerostack2_ws/install/as2_msgs:/opt/ros/humble'), ('GZ_VERSION', 'harmonic'), ('PWD', '/home/developer/aerostack2_ws/build/as2_behaviors_path_planning'), ('LC_ALL', 'C.UTF-8'), ('PYTHONPATH', '/home/developer/aerostack2_ws/install/as2_core/local/lib/python3.10/dist-packages:/home/developer/aerostack2_ws/install/as2_msgs/local/lib/python3.10/dist-packages:/opt/ros/humble/lib/python3.10/site-packages:/opt/ros/humble/local/lib/python3.10/dist-packages'), ('COLCON', '1'), ('CMAKE_PREFIX_PATH', '/home/developer/aerostack2_ws/install/as2_behavior:/home/developer/aerostack2_ws/install/as2_core:/home/developer/aerostack2_ws/install/as2_msgs:/opt/ros/humble')]), 'shell': False}
[227.847413] (as2_behaviors_path_planning) StdoutLine: {'line': b'-- The C compiler identification is GNU 11.4.0\n'}
[227.884528] (as2_behaviors_path_planning) StdoutLine: {'line': b'-- The CXX compiler identification is GNU 11.4.0\n'}
[227.885305] (-) TimerEvent: {}
[227.890333] (as2_behaviors_path_planning) StdoutLine: {'line': b'-- Detecting C compiler ABI info\n'}
[227.939390] (as2_behaviors_path_planning) StdoutLine: {'line': b'-- Detecting C compiler ABI info - done\n'}
[227.945058] (as2_behaviors_path_planning) StdoutLine: {'line': b'-- Check for working C compiler: /usr/bin/cc - skipped\n'}
[227.945355] (as2_behaviors_path_planning) StdoutLine: {'line': b'-- Detecting C compile features\n'}
[227.945656] (as2_behaviors_path_planning) StdoutLine: {'line': b'-- Detecting C compile features - done\n'}
[227.947848] (as2_behaviors_path_planning) StdoutLine: {'line': b'-- Detecting CXX compiler ABI info\n'}
[227.985487] (-) TimerEvent: {}
[228.000317] (as2_behaviors_path_planning) StdoutLine: {'line': b'-- Detecting CXX compiler ABI info - done\n'}
[228.005600] (as2_behaviors_path_planning) StdoutLine: {'line': b'-- Check for working CXX compiler: /usr/bin/c++ - skipped\n'}
[228.005701] (as2_behaviors_path_planning) StdoutLine: {'line': b'-- Detecting CXX compile features\n'}
[228.005898] (as2_behaviors_path_planning) StdoutLine: {'line': b'-- Detecting CXX compile features - done\n'}
[228.010214] (as2_behaviors_path_planning) StdoutLine: {'line': b'-- Found ament_cmake: 1.3.14 (/opt/ros/humble/share/ament_cmake/cmake)\n'}
[228.085585] (-) TimerEvent: {}
[228.112104] (as2_behaviors_path_planning) StdoutLine: {'line': b'-- Found Python3: /usr/bin/python3 (found version "3.10.12") found components: Interpreter \n'}
[228.164740] (as2_behaviors_path_planning) StdoutLine: {'line': b'-- Override CMake install command with custom implementation using symlinks instead of copying resources\n'}
[228.185681] (-) TimerEvent: {}
[228.194998] (as2_behaviors_path_planning) StdoutLine: {'line': b'-- Found ament_cmake_ros: 0.10.0 (/opt/ros/humble/share/ament_cmake_ros/cmake)\n'}
[228.202677] (as2_behaviors_path_planning) StdoutLine: {'line': b'-- Found rclcpp: 16.0.19 (/opt/ros/humble/share/rclcpp/cmake)\n'}
[228.234845] (as2_behaviors_path_planning) StdoutLine: {'line': b'-- Found rosidl_generator_c: 3.1.8 (/opt/ros/humble/share/rosidl_generator_c/cmake)\n'}
[228.238819] (as2_behaviors_path_planning) StdoutLine: {'line': b'-- Found rosidl_adapter: 3.1.8 (/opt/ros/humble/share/rosidl_adapter/cmake)\n'}
[228.245077] (as2_behaviors_path_planning) StdoutLine: {'line': b'-- Found rosidl_generator_cpp: 3.1.8 (/opt/ros/humble/share/rosidl_generator_cpp/cmake)\n'}
[228.257628] (as2_behaviors_path_planning) StdoutLine: {'line': b'-- Using all available rosidl_typesupport_c: rosidl_typesupport_fastrtps_c;rosidl_typesupport_introspection_c\n'}
[228.270537] (as2_behaviors_path_planning) StdoutLine: {'line': b'-- Using all available rosidl_typesupport_cpp: rosidl_typesupport_fastrtps_cpp;rosidl_typesupport_introspection_cpp\n'}
[228.285763] (-) TimerEvent: {}
[228.304534] (as2_behaviors_path_planning) StdoutLine: {'line': b'-- Found rmw_implementation_cmake: 6.1.2 (/opt/ros/humble/share/rmw_implementation_cmake/cmake)\n'}
[228.308419] (as2_behaviors_path_planning) StdoutLine: {'line': b'-- Found rmw_fastrtps_cpp: 6.2.10 (/opt/ros/humble/share/rmw_fastrtps_cpp/cmake)\n'}
[228.383689] (as2_behaviors_path_planning) StdoutLine: {'line': b'-- Found OpenSSL: /usr/lib/x86_64-linux-gnu/libcrypto.so (found version "3.0.2")  \n'}
[228.385920] (-) TimerEvent: {}
[228.407366] (as2_behaviors_path_planning) StdoutLine: {'line': b'-- Found FastRTPS: /opt/ros/humble/include  \n'}
[228.443538] (as2_behaviors_path_planning) StdoutLine: {'line': b"-- Using RMW implementation 'rmw_fastrtps_cpp' as default\n"}
[228.451105] (as2_behaviors_path_planning) StdoutLine: {'line': b'-- Looking for pthread.h\n'}
[228.486127] (-) TimerEvent: {}
[228.506273] (as2_behaviors_path_planning) StdoutLine: {'line': b'-- Looking for pthread.h - found\n'}
[228.506398] (as2_behaviors_path_planning) StdoutLine: {'line': b'-- Performing Test CMAKE_HAVE_LIBC_PTHREAD\n'}
[228.560201] (as2_behaviors_path_planning) StdoutLine: {'line': b'-- Performing Test CMAKE_HAVE_LIBC_PTHREAD - Success\n'}
[228.560910] (as2_behaviors_path_planning) StdoutLine: {'line': b'-- Found Threads: TRUE  \n'}
[228.586224] (-) TimerEvent: {}
[228.601959] (as2_behaviors_path_planning) StdoutLine: {'line': b'-- Found rclcpp_components: 16.0.19 (/opt/ros/humble/share/rclcpp_components/cmake)\n'}
[228.623971] (as2_behaviors_path_planning) StdoutLine: {'line': b'-- Found pluginlib: 5.1.4 (/opt/ros/humble/share/pluginlib/cmake)\n'}
[228.638030] (as2_behaviors_path_planning) StdoutLine: {'line': b'-- Found as2_core: 1.1.3 (/home/developer/aerostack2_ws/install/as2_core/share/as2_core/cmake)\n'}
[228.640059] (as2_behaviors_path_planning) StdoutLine: {'line': b'-- Created yaml-cpp::yaml-cpp alias from yaml-cpp target\n'}
[228.641223] (as2_behaviors_path_planning) StdoutLine: {'line': b'-- Created GeographicLib::GeographicLib target from legacy variables\n'}
[228.686332] (-) TimerEvent: {}
[228.741436] (as2_behaviors_path_planning) StdoutLine: {'line': b'-- Found eigen3_cmake_module: 0.1.1 (/opt/ros/humble/share/eigen3_cmake_module/cmake)\n'}
[228.742207] (as2_behaviors_path_planning) StdoutLine: {'line': b'-- Found Eigen3: TRUE (found version "3.4.0") \n'}
[228.742266] (as2_behaviors_path_planning) StdoutLine: {'line': b'-- Ensuring Eigen3 include directory is part of orocos-kdl CMake target\n'}
[228.786451] (-) TimerEvent: {}
[228.806015] (as2_behaviors_path_planning) StdoutLine: {'line': b'-- Found as2_behavior: 1.1.3 (/home/developer/aerostack2_ws/install/as2_behavior/share/as2_behavior/cmake)\n'}
[228.809122] (as2_behaviors_path_planning) StdoutLine: {'line': b'-- Found visualization_msgs: 4.9.1 (/opt/ros/humble/share/visualization_msgs/cmake)\n'}
[228.832487] (as2_behaviors_path_planning) StdoutLine: {'line': b'-- Found OpenCV: /usr (found version "4.5.4") \n'}
[228.842485] (as2_behaviors_path_planning) StdoutLine: {'line': b'-- Found ament_lint_auto: 0.12.15 (/opt/ros/humble/share/ament_lint_auto/cmake)\n'}
[228.886584] (-) TimerEvent: {}
[228.907187] (as2_behaviors_path_planning) StdoutLine: {'line': b"-- Added test 'copyright' to check source files copyright and LICENSE\n"}
[228.910395] (as2_behaviors_path_planning) StdoutLine: {'line': b"-- Added test 'cppcheck' to perform static code analysis on C / C++ code\n"}
[228.911045] (as2_behaviors_path_planning) StdoutLine: {'line': b'-- Configured cppcheck include dirs: /home/developer/aerostack2_ws/src/aerostack2-tcc_lucca/as2_behaviors/as2_behaviors_path_planning/include;/home/developer/aerostack2_ws/src/aerostack2-tcc_lucca/as2_behaviors/as2_behaviors_path_planning/include/as2_behaviors_path_planning;/home/developer/aerostack2_ws/src/aerostack2-tcc_lucca/as2_behaviors/as2_behaviors_path_planning/common/include;$<BUILD_INTERFACE:/home/developer/aerostack2_ws/src/aerostack2-tcc_lucca/as2_behaviors/as2_behaviors_path_planning/include>\n'}
[228.911077] (as2_behaviors_path_planning) StdoutLine: {'line': b'-- Configured cppcheck exclude dirs and/or files: /home/developer/aerostack2_ws/src/aerostack2-tcc_lucca/as2_behaviors/as2_behaviors_path_planning/./plugins/voronoi/thirdparty/dynamicvoronoi/README.md;/home/developer/aerostack2_ws/src/aerostack2-tcc_lucca/as2_behaviors/as2_behaviors_path_planning/./plugins/voronoi/thirdparty/dynamicvoronoi/bucketedqueue.h;/home/developer/aerostack2_ws/src/aerostack2-tcc_lucca/as2_behaviors/as2_behaviors_path_planning/./plugins/voronoi/thirdparty/dynamicvoronoi/bucketedqueue.hxx;/home/developer/aerostack2_ws/src/aerostack2-tcc_lucca/as2_behaviors/as2_behaviors_path_planning/./plugins/voronoi/thirdparty/dynamicvoronoi/dynamicvoronoi.cpp;/home/developer/aerostack2_ws/src/aerostack2-tcc_lucca/as2_behaviors/as2_behaviors_path_planning/./plugins/voronoi/thirdparty/dynamicvoronoi/dynamicvoronoi.h;/home/developer/aerostack2_ws/src/aerostack2-tcc_lucca/as2_behaviors/as2_behaviors_path_planning/./plugins/voronoi/thirdparty/dynamicvoronoi/point.h\n'}
[228.913192] (as2_behaviors_path_planning) StdoutLine: {'line': b"-- Added test 'cpplint' to check C / C++ code against the Google style\n"}
[228.913220] (as2_behaviors_path_planning) StdoutLine: {'line': b'-- Configured cpplint exclude dirs and/or files: /home/developer/aerostack2_ws/src/aerostack2-tcc_lucca/as2_behaviors/as2_behaviors_path_planning/./plugins/voronoi/thirdparty/dynamicvoronoi/README.md;/home/developer/aerostack2_ws/src/aerostack2-tcc_lucca/as2_behaviors/as2_behaviors_path_planning/./plugins/voronoi/thirdparty/dynamicvoronoi/bucketedqueue.h;/home/developer/aerostack2_ws/src/aerostack2-tcc_lucca/as2_behaviors/as2_behaviors_path_planning/./plugins/voronoi/thirdparty/dynamicvoronoi/bucketedqueue.hxx;/home/developer/aerostack2_ws/src/aerostack2-tcc_lucca/as2_behaviors/as2_behaviors_path_planning/./plugins/voronoi/thirdparty/dynamicvoronoi/dynamicvoronoi.cpp;/home/developer/aerostack2_ws/src/aerostack2-tcc_lucca/as2_behaviors/as2_behaviors_path_planning/./plugins/voronoi/thirdparty/dynamicvoronoi/dynamicvoronoi.h;/home/developer/aerostack2_ws/src/aerostack2-tcc_lucca/as2_behaviors/as2_behaviors_path_planning/./plugins/voronoi/thirdparty/dynamicvoronoi/point.h\n'}
[228.913875] (as2_behaviors_path_planning) StdoutLine: {'line': b"-- Added test 'flake8' to check Python code syntax and style conventions\n"}
[228.914710] (as2_behaviors_path_planning) StdoutLine: {'line': b"-- Added test 'lint_cmake' to check CMake code style\n"}
[228.915260] (as2_behaviors_path_planning) StdoutLine: {'line': b"-- Added test 'pep257' to check Python code against some of the docstring style conventions in PEP 257\n"}
[228.917091] (as2_behaviors_path_planning) StdoutLine: {'line': b"-- Added test 'uncrustify' to check C / C++ code style\n"}
[228.917201] (as2_behaviors_path_planning) StdoutLine: {'line': b'-- Configured uncrustify additional arguments: \n'}
[228.917737] (as2_behaviors_path_planning) StdoutLine: {'line': b"-- Added test 'xmllint' to check XML markup files\n"}
[228.919163] (as2_behaviors_path_planning) StdoutLine: {'line': b'-- Configuring done\n'}
[228.952934] (as2_behaviors_path_planning) StdoutLine: {'line': b'-- Generating done\n'}
[228.962193] (as2_behaviors_path_planning) StdoutLine: {'line': b'-- Build files have been written to: /home/developer/aerostack2_ws/build/as2_behaviors_path_planning\n'}
[228.970491] (as2_behaviors_path_planning) CommandEnded: {'returncode': 0}
[228.971753] (as2_behaviors_path_planning) JobProgress: {'identifier': 'as2_behaviors_path_planning', 'progress': 'build'}
[228.971946] (as2_behaviors_path_planning) Command: {'cmd': ['/usr/bin/cmake', '--build', '/home/developer/aerostack2_ws/build/as2_behaviors_path_planning', '--', '-j20', '-l20'], 'cwd': '/home/developer/aerostack2_ws/build/as2_behaviors_path_planning', 'env': OrderedDict([('HOSTNAME', 'lead-Predator-PHN16-71'), ('SHLVL', '1'), ('LD_LIBRARY_PATH', '/home/developer/aerostack2_ws/install/as2_behavior/lib:/home/developer/aerostack2_ws/install/as2_core/lib:/home/developer/aerostack2_ws/install/as2_msgs/lib:/opt/ros/humble/opt/rviz_ogre_vendor/lib:/opt/ros/humble/lib/x86_64-linux-gnu:/opt/ros/humble/lib'), ('HOME', '/home/developer'), ('ROS_PYTHON_VERSION', '3'), ('ROS_DISTRO', 'humble'), ('_', '/usr/bin/colcon'), ('ROS_VERSION', '2'), ('TERM', 'xterm'), ('ROS_LOCALHOST_ONLY', '0'), ('QT_X11_NO_MITSHM', '1'), ('PATH', '/opt/ros/humble/bin:/usr/local/sbin:/usr/local/bin:/usr/sbin:/usr/bin:/sbin:/bin'), ('DISPLAY', ':1'), ('LANG', 'C.UTF-8'), ('LS_COLORS', 'rs=0:di=01;34:ln=01;36:mh=00:pi=40;33:so=01;35:do=01;35:bd=40;33;01:cd=40;33;01:or=40;31;01:mi=00:su=37;41:sg=30;43:ca=30;41:tw=30;42:ow=34;42:st=37;44:ex=01;32:*.tar=01;31:*.tgz=01;31:*.arc=01;31:*.arj=01;31:*.taz=01;31:*.lha=01;31:*.lz4=01;31:*.lzh=01;31:*.lzma=01;31:*.tlz=01;31:*.txz=01;31:*.tzo=01;31:*.t7z=01;31:*.zip=01;31:*.z=01;31:*.dz=01;31:*.gz=01;31:*.lrz=01;31:*.lz=01;31:*.lzo=01;31:*.xz=01;31:*.zst=01;31:*.tzst=01;31:*.bz2=01;31:*.bz=01;31:*.tbz=01;31:*.tbz2=01;31:*.tz=01;31:*.deb=01;31:*.rpm=01;31:*.jar=01;31:*.war=01;31:*.ear=01;31:*.sar=01;31:*.rar=01;31:*.alz=01;31:*.ace=01;31:*.zoo=01;31:*.cpio=01;31:*.7z=01;31:*.rz=01;31:*.cab=01;31:*.wim=01;31:*.swm=01;31:*.dwm=01;31:*.esd=01;31:*.jpg=01;35:*.jpeg=01;35:*.mjpg=01;35:*.mjpeg=01;35:*.gif=01;35:*.bmp=01;35:*.pbm=01;35:*.pgm=01;35:*.ppm=01;35:*.tga=01;35:*.xbm=01;35:*.xpm=01;35:*.tif=01;35:*.tiff=01;35:*.png=01;35:*.svg=01;35:*.svgz=01;35:*.mng=01;35:*.pcx=01;35:*.mov=01;35:*.mpg=01;35:*.mpeg=01;35:*.m2v=01;35:*.mkv=01;35:*.webm=01;35:*.webp=01;35:*.ogm=01;35:*.mp4=01;35:*.m4v=01;35:*.mp4v=01;35:*.vob=01;35:*.qt=01;35:*.nuv=01;35:*.wmv=01;35:*.asf=01;35:*.rm=01;35:*.rmvb=01;35:*.flc=01;35:*.avi=01;35:*.fli=01;35:*.flv=01;35:*.gl=01;35:*.dl=01;35:*.xcf=01;35:*.xwd=01;35:*.yuv=01;35:*.cgm=01;35:*.emf=01;35:*.ogv=01;35:*.ogx=01;35:*.aac=00;36:*.au=00;36:*.flac=00;36:*.m4a=00;36:*.mid=00;36:*.midi=00;36:*.mka=00;36:*.mp3=00;36:*.mpc=00;36:*.ogg=00;36:*.ra=00;36:*.wav=00;36:*.oga=00;36:*.opus=00;36:*.spx=00;36:*.xspf=00;36:'), ('AMENT_PREFIX_PATH', '/home/developer/aerostack2_ws/install/as2_behavior:/home/developer/aerostack2_ws/install/as2_core:/home/developer/aerostack2_ws/install/as2_msgs:/opt/ros/humble'), ('GZ_VERSION', 'harmonic'), ('PWD', '/home/developer/aerostack2_ws/build/as2_behaviors_path_planning'), ('LC_ALL', 'C.UTF-8'), ('PYTHONPATH', '/home/developer/aerostack2_ws/install/as2_core/local/lib/python3.10/dist-packages:/home/developer/aerostack2_ws/install/as2_msgs/local/lib/python3.10/dist-packages:/opt/ros/humble/lib/python3.10/site-packages:/opt/ros/humble/local/lib/python3.10/dist-packages'), ('COLCON', '1'), ('CMAKE_PREFIX_PATH', '/home/developer/aerostack2_ws/install/as2_behavior:/home/developer/aerostack2_ws/install/as2_core:/home/developer/aerostack2_ws/install/as2_msgs:/opt/ros/humble')]), 'shell': False}
[228.986779] (-) TimerEvent: {}
[229.008660] (as2_behaviors_path_planning) StdoutLine: {'line': b'[  7%] \x1b[32mBuilding CXX object CMakeFiles/path_planner_component.dir/src/path_planner_behavior.cpp.o\x1b[0m\n'}
[229.010609] (as2_behaviors_path_planning) StdoutLine: {'line': b'[ 14%] \x1b[32m\x1b[1mLinking CXX shared library libas2_behaviors_path_planning_plugin_base.so\x1b[0m\n'}
[229.011605] (as2_behaviors_path_planning) StdoutLine: {'line': b'[ 21%] \x1b[32m\x1b[1mLinking CXX shared library libpath_planner_common.so\x1b[0m\n'}
[229.086893] (-) TimerEvent: {}
[229.088282] (as2_behaviors_path_planning) StdoutLine: {'line': b'[ 21%] Built target as2_behaviors_path_planning_plugin_base\n'}
[229.088403] (as2_behaviors_path_planning) StdoutLine: {'line': b'[ 21%] Built target path_planner_common\n'}
[229.104809] (as2_behaviors_path_planning) StdoutLine: {'line': b'[ 28%] \x1b[32mBuilding CXX object CMakeFiles/as2_behaviors_path_planning_node.dir/src/path_planner_behavior_node.cpp.o\x1b[0m\n'}
[229.104992] (as2_behaviors_path_planning) StdoutLine: {'line': b'[ 42%] \x1b[32mBuilding CXX object plugins/voronoi/CMakeFiles/voronoi.dir/src/voronoi_searcher.cpp.o\x1b[0m\n'}
[229.105042] (as2_behaviors_path_planning) StdoutLine: {'line': b'[ 42%] \x1b[32mBuilding CXX object plugins/voronoi/CMakeFiles/voronoi.dir/src/voronoi.cpp.o\x1b[0m\n'}
[229.105082] (as2_behaviors_path_planning) StdoutLine: {'line': b'[ 50%] \x1b[32mBuilding CXX object plugins/voronoi/CMakeFiles/voronoi.dir/thirdparty/dynamicvoronoi/dynamicvoronoi.cpp.o\x1b[0m\n'}
[229.106290] (as2_behaviors_path_planning) StdoutLine: {'line': b'[ 57%] \x1b[32mBuilding CXX object CMakeFiles/as2_behaviors_path_planning_node.dir/src/path_planner_behavior.cpp.o\x1b[0m\n'}
[229.106821] (as2_behaviors_path_planning) StdoutLine: {'line': b'[ 71%] \x1b[32mBuilding CXX object plugins/a_star/CMakeFiles/a_star.dir/src/a_star.cpp.o\x1b[0m\n'}
[229.106896] (as2_behaviors_path_planning) StdoutLine: {'line': b'[ 71%] \x1b[32mBuilding CXX object plugins/a_star/CMakeFiles/a_star.dir/src/a_star_searcher.cpp.o\x1b[0m\n'}
[229.186989] (-) TimerEvent: {}
[229.287262] (-) TimerEvent: {}
[229.387556] (-) TimerEvent: {}
[229.487846] (-) TimerEvent: {}
[229.588172] (-) TimerEvent: {}
[229.688493] (-) TimerEvent: {}
[229.788801] (-) TimerEvent: {}
[229.889089] (-) TimerEvent: {}
[229.989388] (-) TimerEvent: {}
[230.089680] (-) TimerEvent: {}
[230.189987] (-) TimerEvent: {}
[230.290259] (-) TimerEvent: {}
[230.390613] (-) TimerEvent: {}
[230.490915] (-) TimerEvent: {}
[230.591220] (-) TimerEvent: {}
[230.691517] (-) TimerEvent: {}
[230.791853] (-) TimerEvent: {}
[230.892154] (-) TimerEvent: {}
[230.992473] (-) TimerEvent: {}
[231.092899] (-) TimerEvent: {}
[231.193269] (-) TimerEvent: {}
[231.293602] (-) TimerEvent: {}
[231.393935] (-) TimerEvent: {}
[231.494264] (-) TimerEvent: {}
[231.594603] (-) TimerEvent: {}
[231.694969] (-) TimerEvent: {}
[231.795264] (-) TimerEvent: {}
[231.895566] (-) TimerEvent: {}
[231.995989] (-) TimerEvent: {}
[232.096281] (-) TimerEvent: {}
[232.196612] (-) TimerEvent: {}
[232.296945] (-) TimerEvent: {}
[232.397256] (-) TimerEvent: {}
[232.497558] (-) TimerEvent: {}
[232.597885] (-) TimerEvent: {}
[232.698169] (-) TimerEvent: {}
[232.798486] (-) TimerEvent: {}
[232.898791] (-) TimerEvent: {}
[232.999081] (-) TimerEvent: {}
[233.099444] (-) TimerEvent: {}
[233.199734] (-) TimerEvent: {}
[233.300042] (-) TimerEvent: {}
[233.400332] (-) TimerEvent: {}
[233.500707] (-) TimerEvent: {}
[233.601094] (-) TimerEvent: {}
[233.701461] (-) TimerEvent: {}
[233.801809] (-) TimerEvent: {}
[233.902154] (-) TimerEvent: {}
[234.002475] (-) TimerEvent: {}
[234.102782] (-) TimerEvent: {}
[234.203044] (-) TimerEvent: {}
[234.303346] (-) TimerEvent: {}
[234.403665] (-) TimerEvent: {}
[234.504061] (-) TimerEvent: {}
[234.604373] (-) TimerEvent: {}
[234.704753] (-) TimerEvent: {}
[234.805114] (-) TimerEvent: {}
[234.905382] (-) TimerEvent: {}
[235.005633] (-) TimerEvent: {}
[235.105932] (-) TimerEvent: {}
[235.206152] (-) TimerEvent: {}
[235.306394] (-) TimerEvent: {}
[235.406631] (-) TimerEvent: {}
[235.506869] (-) TimerEvent: {}
[235.607111] (-) TimerEvent: {}
[235.707355] (-) TimerEvent: {}
[235.807599] (-) TimerEvent: {}
[235.907837] (-) TimerEvent: {}
[236.008109] (-) TimerEvent: {}
[236.108353] (-) TimerEvent: {}
[236.208662] (-) TimerEvent: {}
[236.308991] (-) TimerEvent: {}
[236.409340] (-) TimerEvent: {}
[236.509600] (-) TimerEvent: {}
[236.609876] (-) TimerEvent: {}
[236.710157] (-) TimerEvent: {}
[236.810429] (-) TimerEvent: {}
[236.910743] (-) TimerEvent: {}
[237.010973] (-) TimerEvent: {}
[237.111198] (-) TimerEvent: {}
[237.211433] (-) TimerEvent: {}
[237.290385] (as2_behaviors_path_planning) StdoutLine: {'line': b'[ 78%] \x1b[32m\x1b[1mLinking CXX shared library libvoronoi.so\x1b[0m\n'}
[237.311537] (-) TimerEvent: {}
[237.411794] (-) TimerEvent: {}
[237.439477] (as2_behaviors_path_planning) StdoutLine: {'line': b'[ 78%] Built target voronoi\n'}
[237.511980] (-) TimerEvent: {}
[237.612199] (-) TimerEvent: {}
[237.712457] (-) TimerEvent: {}
[237.812786] (-) TimerEvent: {}
[237.913014] (-) TimerEvent: {}
[238.013240] (-) TimerEvent: {}
[238.113492] (-) TimerEvent: {}
[238.200949] (as2_behaviors_path_planning) StdoutLine: {'line': b'[ 85%] \x1b[32m\x1b[1mLinking CXX shared library liba_star.so\x1b[0m\n'}
[238.213607] (-) TimerEvent: {}
[238.313868] (-) TimerEvent: {}
[238.369773] (as2_behaviors_path_planning) StdoutLine: {'line': b'[ 85%] Built target a_star\n'}
[238.413975] (-) TimerEvent: {}
[238.514183] (-) TimerEvent: {}
[238.614420] (-) TimerEvent: {}
[238.714650] (-) TimerEvent: {}
[238.814942] (-) TimerEvent: {}
[238.915255] (-) TimerEvent: {}
[239.015484] (-) TimerEvent: {}
[239.115716] (-) TimerEvent: {}
[239.216027] (-) TimerEvent: {}
[239.316241] (-) TimerEvent: {}
[239.416500] (-) TimerEvent: {}
[239.516734] (-) TimerEvent: {}
[239.617031] (-) TimerEvent: {}
[239.717276] (-) TimerEvent: {}
[239.817504] (-) TimerEvent: {}
[239.917799] (-) TimerEvent: {}
[240.018183] (-) TimerEvent: {}
[240.118450] (-) TimerEvent: {}
[240.218769] (-) TimerEvent: {}
[240.319021] (-) TimerEvent: {}
[240.419233] (-) TimerEvent: {}
[240.519478] (-) TimerEvent: {}
[240.619718] (-) TimerEvent: {}
[240.719950] (-) TimerEvent: {}
[240.820185] (-) TimerEvent: {}
[240.920421] (-) TimerEvent: {}
[241.020659] (-) TimerEvent: {}
[241.120896] (-) TimerEvent: {}
[241.221140] (-) TimerEvent: {}
[241.321367] (-) TimerEvent: {}
[241.421610] (-) TimerEvent: {}
[241.521916] (-) TimerEvent: {}
[241.622166] (-) TimerEvent: {}
[241.722385] (-) TimerEvent: {}
[241.822621] (-) TimerEvent: {}
[241.922958] (-) TimerEvent: {}
[242.023200] (-) TimerEvent: {}
[242.123452] (-) TimerEvent: {}
[242.223758] (-) TimerEvent: {}
[242.324098] (-) TimerEvent: {}
[242.424315] (-) TimerEvent: {}
[242.524651] (-) TimerEvent: {}
[242.624950] (-) TimerEvent: {}
[242.725175] (-) TimerEvent: {}
[242.825397] (-) TimerEvent: {}
[242.925674] (-) TimerEvent: {}
[243.014981] (as2_behaviors_path_planning) StdoutLine: {'line': b'[ 92%] \x1b[32m\x1b[1mLinking CXX executable as2_behaviors_path_planning_node\x1b[0m\n'}
[243.021053] (as2_behaviors_path_planning) StdoutLine: {'line': b'[100%] \x1b[32m\x1b[1mLinking CXX shared library libpath_planner_component.so\x1b[0m\n'}
[243.025850] (-) TimerEvent: {}
[243.126121] (-) TimerEvent: {}
[243.182787] (as2_behaviors_path_planning) StdoutLine: {'line': b'[100%] Built target path_planner_component\n'}
[243.189511] (as2_behaviors_path_planning) StdoutLine: {'line': b'[100%] Built target as2_behaviors_path_planning_node\n'}
[243.197390] (as2_behaviors_path_planning) CommandEnded: {'returncode': 0}
[243.197807] (as2_behaviors_path_planning) JobProgress: {'identifier': 'as2_behaviors_path_planning', 'progress': 'install'}
[243.198018] (as2_behaviors_path_planning) Command: {'cmd': ['/usr/bin/cmake', '--install', '/home/developer/aerostack2_ws/build/as2_behaviors_path_planning'], 'cwd': '/home/developer/aerostack2_ws/build/as2_behaviors_path_planning', 'env': OrderedDict([('HOSTNAME', 'lead-Predator-PHN16-71'), ('SHLVL', '1'), ('LD_LIBRARY_PATH', '/home/developer/aerostack2_ws/install/as2_behavior/lib:/home/developer/aerostack2_ws/install/as2_core/lib:/home/developer/aerostack2_ws/install/as2_msgs/lib:/opt/ros/humble/opt/rviz_ogre_vendor/lib:/opt/ros/humble/lib/x86_64-linux-gnu:/opt/ros/humble/lib'), ('HOME', '/home/developer'), ('ROS_PYTHON_VERSION', '3'), ('ROS_DISTRO', 'humble'), ('_', '/usr/bin/colcon'), ('ROS_VERSION', '2'), ('TERM', 'xterm'), ('ROS_LOCALHOST_ONLY', '0'), ('QT_X11_NO_MITSHM', '1'), ('PATH', '/opt/ros/humble/bin:/usr/local/sbin:/usr/local/bin:/usr/sbin:/usr/bin:/sbin:/bin'), ('DISPLAY', ':1'), ('LANG', 'C.UTF-8'), ('LS_COLORS', 'rs=0:di=01;34:ln=01;36:mh=00:pi=40;33:so=01;35:do=01;35:bd=40;33;01:cd=40;33;01:or=40;31;01:mi=00:su=37;41:sg=30;43:ca=30;41:tw=30;42:ow=34;42:st=37;44:ex=01;32:*.tar=01;31:*.tgz=01;31:*.arc=01;31:*.arj=01;31:*.taz=01;31:*.lha=01;31:*.lz4=01;31:*.lzh=01;31:*.lzma=01;31:*.tlz=01;31:*.txz=01;31:*.tzo=01;31:*.t7z=01;31:*.zip=01;31:*.z=01;31:*.dz=01;31:*.gz=01;31:*.lrz=01;31:*.lz=01;31:*.lzo=01;31:*.xz=01;31:*.zst=01;31:*.tzst=01;31:*.bz2=01;31:*.bz=01;31:*.tbz=01;31:*.tbz2=01;31:*.tz=01;31:*.deb=01;31:*.rpm=01;31:*.jar=01;31:*.war=01;31:*.ear=01;31:*.sar=01;31:*.rar=01;31:*.alz=01;31:*.ace=01;31:*.zoo=01;31:*.cpio=01;31:*.7z=01;31:*.rz=01;31:*.cab=01;31:*.wim=01;31:*.swm=01;31:*.dwm=01;31:*.esd=01;31:*.jpg=01;35:*.jpeg=01;35:*.mjpg=01;35:*.mjpeg=01;35:*.gif=01;35:*.bmp=01;35:*.pbm=01;35:*.pgm=01;35:*.ppm=01;35:*.tga=01;35:*.xbm=01;35:*.xpm=01;35:*.tif=01;35:*.tiff=01;35:*.png=01;35:*.svg=01;35:*.svgz=01;35:*.mng=01;35:*.pcx=01;35:*.mov=01;35:*.mpg=01;35:*.mpeg=01;35:*.m2v=01;35:*.mkv=01;35:*.webm=01;35:*.webp=01;35:*.ogm=01;35:*.mp4=01;35:*.m4v=01;35:*.mp4v=01;35:*.vob=01;35:*.qt=01;35:*.nuv=01;35:*.wmv=01;35:*.asf=01;35:*.rm=01;35:*.rmvb=01;35:*.flc=01;35:*.avi=01;35:*.fli=01;35:*.flv=01;35:*.gl=01;35:*.dl=01;35:*.xcf=01;35:*.xwd=01;35:*.yuv=01;35:*.cgm=01;35:*.emf=01;35:*.ogv=01;35:*.ogx=01;35:*.aac=00;36:*.au=00;36:*.flac=00;36:*.m4a=00;36:*.mid=00;36:*.midi=00;36:*.mka=00;36:*.mp3=00;36:*.mpc=00;36:*.ogg=00;36:*.ra=00;36:*.wav=00;36:*.oga=00;36:*.opus=00;36:*.spx=00;36:*.xspf=00;36:'), ('AMENT_PREFIX_PATH', '/home/developer/aerostack2_ws/install/as2_behavior:/home/developer/aerostack2_ws/install/as2_core:/home/developer/aerostack2_ws/install/as2_msgs:/opt/ros/humble'), ('GZ_VERSION', 'harmonic'), ('PWD', '/home/developer/aerostack2_ws/build/as2_behaviors_path_planning'), ('LC_ALL', 'C.UTF-8'), ('PYTHONPATH', '/home/developer/aerostack2_ws/install/as2_core/local/lib/python3.10/dist-packages:/home/developer/aerostack2_ws/install/as2_msgs/local/lib/python3.10/dist-packages:/opt/ros/humble/lib/python3.10/site-packages:/opt/ros/humble/local/lib/python3.10/dist-packages'), ('COLCON', '1'), ('CMAKE_PREFIX_PATH', '/home/developer/aerostack2_ws/install/as2_behavior:/home/developer/aerostack2_ws/install/as2_core:/home/developer/aerostack2_ws/install/as2_msgs:/opt/ros/humble')]), 'shell': False}
[243.204913] (as2_behaviors_path_planning) StdoutLine: {'line': b'-- Install configuration: "Release"\n'}
[243.205184] (as2_behaviors_path_planning) StdoutLine: {'line': b'-- Execute custom install script\n'}
[243.205428] (as2_behaviors_path_planning) StdoutLine: {'line': b'-- Symlinking: /home/developer/aerostack2_ws/install/as2_behaviors_path_planning/include/as2_behaviors_path_planning/path_planner_behavior.hpp\n'}
[243.210611] (as2_behaviors_path_planning) StdoutLine: {'line': b'-- Symlinking: /home/developer/aerostack2_ws/install/as2_behaviors_path_planning/include/as2_behaviors_path_planning/path_planner_plugin_base.hpp\n'}
[243.217905] (as2_behaviors_path_planning) StdoutLine: {'line': b'-- Symlinking: /home/developer/aerostack2_ws/install/as2_behaviors_path_planning/share/as2_behaviors_path_planning/environment/library_path.sh\n'}
[243.224848] (as2_behaviors_path_planning) StdoutLine: {'line': b'-- Symlinking: /home/developer/aerostack2_ws/install/as2_behaviors_path_planning/share/as2_behaviors_path_planning/environment/library_path.dsv\n'}
[243.226170] (-) TimerEvent: {}
[243.231115] (as2_behaviors_path_planning) StdoutLine: {'line': b'-- Symlinking: /home/developer/aerostack2_ws/install/as2_behaviors_path_planning/include/include/cell_node.hpp\n'}
[243.237401] (as2_behaviors_path_planning) StdoutLine: {'line': b'-- Symlinking: /home/developer/aerostack2_ws/install/as2_behaviors_path_planning/include/include/graph_searcher.hpp\n'}
[243.244732] (as2_behaviors_path_planning) StdoutLine: {'line': b'-- Symlinking: /home/developer/aerostack2_ws/install/as2_behaviors_path_planning/include/include/utils.hpp\n'}
[243.252267] (as2_behaviors_path_planning) StdoutLine: {'line': b'-- Symlinking: /home/developer/aerostack2_ws/install/as2_behaviors_path_planning/include/a_star.hpp\n'}
[243.257593] (as2_behaviors_path_planning) StdoutLine: {'line': b'-- Symlinking: /home/developer/aerostack2_ws/install/as2_behaviors_path_planning/include/a_star_algorithm.hpp\n'}
[243.264741] (as2_behaviors_path_planning) StdoutLine: {'line': b'-- Symlinking: /home/developer/aerostack2_ws/install/as2_behaviors_path_planning/include/a_star_searcher.hpp\n'}
[243.270392] (as2_behaviors_path_planning) StdoutLine: {'line': b'-- Symlinking: /home/developer/aerostack2_ws/install/as2_behaviors_path_planning/include/voronoi.hpp\n'}
[243.276615] (as2_behaviors_path_planning) StdoutLine: {'line': b'-- Symlinking: /home/developer/aerostack2_ws/install/as2_behaviors_path_planning/include/voronoi_searcher.hpp\n'}
[243.283917] (as2_behaviors_path_planning) StdoutLine: {'line': b'-- Symlinking: /home/developer/aerostack2_ws/install/as2_behaviors_path_planning/share/as2_behaviors_path_planning//plugins.xml\n'}
[243.288866] (as2_behaviors_path_planning) StdoutLine: {'line': b'-- Symlinking: /home/developer/aerostack2_ws/install/as2_behaviors_path_planning/share/as2_behaviors_path_planning/launch/a_star-path_planner_behavior.launch.py\n'}
[243.295757] (as2_behaviors_path_planning) StdoutLine: {'line': b'-- Symlinking: /home/developer/aerostack2_ws/install/as2_behaviors_path_planning/share/as2_behaviors_path_planning/launch/voronoi-path_planner_behavior.launch.py\n'}
[243.303361] (as2_behaviors_path_planning) StdoutLine: {'line': b'-- Symlinking: /home/developer/aerostack2_ws/install/as2_behaviors_path_planning/lib/as2_behaviors_path_planning/as2_behaviors_path_planning_node\n'}
[243.308915] (as2_behaviors_path_planning) StdoutLine: {'line': b'-- Symlinking: /home/developer/aerostack2_ws/install/as2_behaviors_path_planning/share/as2_behaviors_path_planning/launch/composable_path_planner_behavior.launch.py\n'}
[243.313658] (as2_behaviors_path_planning) StdoutLine: {'line': b'-- Symlinking: /home/developer/aerostack2_ws/install/as2_behaviors_path_planning/share/as2_behaviors_path_planning/launch/path_planner_behavior_launch.py\n'}
[243.321239] (as2_behaviors_path_planning) StdoutLine: {'line': b'-- Symlinking: /home/developer/aerostack2_ws/install/as2_behaviors_path_planning/share/as2_behaviors_path_planning/config/behavior_default.yaml\n'}
[243.326250] (-) TimerEvent: {}
[243.327441] (as2_behaviors_path_planning) StdoutLine: {'line': b'-- Symlinking: /home/developer/aerostack2_ws/install/as2_behaviors_path_planning/share/ament_index/resource_index/package_run_dependencies/as2_behaviors_path_planning\n'}
[243.333403] (as2_behaviors_path_planning) StdoutLine: {'line': b'-- Symlinking: /home/developer/aerostack2_ws/install/as2_behaviors_path_planning/share/ament_index/resource_index/parent_prefix_path/as2_behaviors_path_planning\n'}
[243.338737] (as2_behaviors_path_planning) StdoutLine: {'line': b'-- Symlinking: /home/developer/aerostack2_ws/install/as2_behaviors_path_planning/share/as2_behaviors_path_planning/environment/ament_prefix_path.sh\n'}
[243.346032] (as2_behaviors_path_planning) StdoutLine: {'line': b'-- Symlinking: /home/developer/aerostack2_ws/install/as2_behaviors_path_planning/share/as2_behaviors_path_planning/environment/ament_prefix_path.dsv\n'}
[243.352785] (as2_behaviors_path_planning) StdoutLine: {'line': b'-- Symlinking: /home/developer/aerostack2_ws/install/as2_behaviors_path_planning/share/as2_behaviors_path_planning/environment/path.sh\n'}
[243.358345] (as2_behaviors_path_planning) StdoutLine: {'line': b'-- Symlinking: /home/developer/aerostack2_ws/install/as2_behaviors_path_planning/share/as2_behaviors_path_planning/environment/path.dsv\n'}
[243.365195] (as2_behaviors_path_planning) StdoutLine: {'line': b'-- Symlinking: /home/developer/aerostack2_ws/install/as2_behaviors_path_planning/share/as2_behaviors_path_planning/local_setup.bash\n'}
[243.372274] (as2_behaviors_path_planning) StdoutLine: {'line': b'-- Symlinking: /home/developer/aerostack2_ws/install/as2_behaviors_path_planning/share/as2_behaviors_path_planning/local_setup.sh\n'}
[243.378127] (as2_behaviors_path_planning) StdoutLine: {'line': b'-- Symlinking: /home/developer/aerostack2_ws/install/as2_behaviors_path_planning/share/as2_behaviors_path_planning/local_setup.zsh\n'}
[243.385268] (as2_behaviors_path_planning) StdoutLine: {'line': b'-- Symlinking: /home/developer/aerostack2_ws/install/as2_behaviors_path_planning/share/as2_behaviors_path_planning/local_setup.dsv\n'}
[243.389881] (as2_behaviors_path_planning) StdoutLine: {'line': b'-- Symlinking: /home/developer/aerostack2_ws/install/as2_behaviors_path_planning/share/as2_behaviors_path_planning/package.dsv\n'}
[243.397130] (as2_behaviors_path_planning) StdoutLine: {'line': b'-- Symlinking: /home/developer/aerostack2_ws/install/as2_behaviors_path_planning/share/ament_index/resource_index/packages/as2_behaviors_path_planning\n'}
[243.404313] (as2_behaviors_path_planning) StdoutLine: {'line': b'-- Symlinking: /home/developer/aerostack2_ws/install/as2_behaviors_path_planning/share/ament_index/resource_index/rclcpp_components/as2_behaviors_path_planning\n'}
[243.411907] (as2_behaviors_path_planning) StdoutLine: {'line': b'-- Symlinking: /home/developer/aerostack2_ws/install/as2_behaviors_path_planning/share/ament_index/resource_index/as2_behaviors_path_planning__pluginlib__plugin/as2_behaviors_path_planning\n'}
[243.419516] (as2_behaviors_path_planning) StdoutLine: {'line': b'-- Symlinking: /home/developer/aerostack2_ws/install/as2_behaviors_path_planning/share/as2_behaviors_path_planning/cmake/ament_cmake_export_include_directories-extras.cmake\n'}
[243.426388] (-) TimerEvent: {}
[243.426729] (as2_behaviors_path_planning) StdoutLine: {'line': b'-- Symlinking: /home/developer/aerostack2_ws/install/as2_behaviors_path_planning/share/as2_behaviors_path_planning/cmake/ament_cmake_export_libraries-extras.cmake\n'}
[243.431330] (as2_behaviors_path_planning) StdoutLine: {'line': b'-- Symlinking: /home/developer/aerostack2_ws/install/as2_behaviors_path_planning/share/as2_behaviors_path_planning/cmake/ament_cmake_export_targets-extras.cmake\n'}
[243.435887] (as2_behaviors_path_planning) StdoutLine: {'line': b'-- Symlinking: /home/developer/aerostack2_ws/install/as2_behaviors_path_planning/share/as2_behaviors_path_planning/cmake/as2_behaviors_path_planningConfig.cmake\n'}
[243.440260] (as2_behaviors_path_planning) StdoutLine: {'line': b'-- Symlinking: /home/developer/aerostack2_ws/install/as2_behaviors_path_planning/share/as2_behaviors_path_planning/cmake/as2_behaviors_path_planningConfig-version.cmake\n'}
[243.447575] (as2_behaviors_path_planning) StdoutLine: {'line': b'-- Symlinking: /home/developer/aerostack2_ws/install/as2_behaviors_path_planning/share/as2_behaviors_path_planning/package.xml\n'}
[243.452684] (as2_behaviors_path_planning) StdoutLine: {'line': b'-- Installing: /home/developer/aerostack2_ws/install/as2_behaviors_path_planning/lib/libas2_behaviors_path_planning_plugin_base.so\n'}
[243.452791] (as2_behaviors_path_planning) StdoutLine: {'line': b'-- Set runtime path of "/home/developer/aerostack2_ws/install/as2_behaviors_path_planning/lib/libas2_behaviors_path_planning_plugin_base.so" to ""\n'}
[243.452819] (as2_behaviors_path_planning) StdoutLine: {'line': b'-- Installing: /home/developer/aerostack2_ws/install/as2_behaviors_path_planning/lib/libpath_planner_component.so\n'}
[243.455194] (as2_behaviors_path_planning) StdoutLine: {'line': b'-- Set runtime path of "/home/developer/aerostack2_ws/install/as2_behaviors_path_planning/lib/libpath_planner_component.so" to ""\n'}
[243.455271] (as2_behaviors_path_planning) StdoutLine: {'line': b'-- Installing: /home/developer/aerostack2_ws/install/as2_behaviors_path_planning/share/as2_behaviors_path_planning/cmake/as2_behaviors_path_planning_plugin_baseExport.cmake\n'}
[243.455404] (as2_behaviors_path_planning) StdoutLine: {'line': b'-- Installing: /home/developer/aerostack2_ws/install/as2_behaviors_path_planning/share/as2_behaviors_path_planning/cmake/as2_behaviors_path_planning_plugin_baseExport-release.cmake\n'}
[243.455644] (as2_behaviors_path_planning) StdoutLine: {'line': b'-- Installing: /home/developer/aerostack2_ws/install/as2_behaviors_path_planning/lib/liba_star.so\n'}
[243.456733] (as2_behaviors_path_planning) StdoutLine: {'line': b'-- Set runtime path of "/home/developer/aerostack2_ws/install/as2_behaviors_path_planning/lib/liba_star.so" to ""\n'}
[243.456793] (as2_behaviors_path_planning) StdoutLine: {'line': b'-- Installing: /home/developer/aerostack2_ws/install/as2_behaviors_path_planning/lib/libvoronoi.so\n'}
[243.457411] (as2_behaviors_path_planning) StdoutLine: {'line': b'-- Set runtime path of "/home/developer/aerostack2_ws/install/as2_behaviors_path_planning/lib/libvoronoi.so" to ""\n'}
[243.458748] (as2_behaviors_path_planning) CommandEnded: {'returncode': 0}
[243.474702] (as2_behaviors_path_planning) JobEnded: {'identifier': 'as2_behaviors_path_planning', 'rc': 0}
[243.475105] (as2_behaviors_perception) JobStarted: {'identifier': 'as2_behaviors_perception'}
[243.483703] (as2_behaviors_perception) JobProgress: {'identifier': 'as2_behaviors_perception', 'progress': 'cmake'}
[243.484031] (as2_behaviors_perception) Command: {'cmd': ['/usr/bin/cmake', '/home/developer/aerostack2_ws/src/aerostack2-tcc_lucca/as2_behaviors/as2_behaviors_perception', '-DAMENT_CMAKE_SYMLINK_INSTALL=1', '-DCMAKE_INSTALL_PREFIX=/home/developer/aerostack2_ws/install/as2_behaviors_perception'], 'cwd': '/home/developer/aerostack2_ws/build/as2_behaviors_perception', 'env': OrderedDict([('HOSTNAME', 'lead-Predator-PHN16-71'), ('SHLVL', '1'), ('LD_LIBRARY_PATH', '/home/developer/aerostack2_ws/install/as2_behavior/lib:/home/developer/aerostack2_ws/install/as2_core/lib:/home/developer/aerostack2_ws/install/as2_msgs/lib:/opt/ros/humble/opt/rviz_ogre_vendor/lib:/opt/ros/humble/lib/x86_64-linux-gnu:/opt/ros/humble/lib'), ('HOME', '/home/developer'), ('ROS_PYTHON_VERSION', '3'), ('ROS_DISTRO', 'humble'), ('_', '/usr/bin/colcon'), ('ROS_VERSION', '2'), ('TERM', 'xterm'), ('ROS_LOCALHOST_ONLY', '0'), ('QT_X11_NO_MITSHM', '1'), ('PATH', '/opt/ros/humble/bin:/usr/local/sbin:/usr/local/bin:/usr/sbin:/usr/bin:/sbin:/bin'), ('DISPLAY', ':1'), ('LANG', 'C.UTF-8'), ('LS_COLORS', 'rs=0:di=01;34:ln=01;36:mh=00:pi=40;33:so=01;35:do=01;35:bd=40;33;01:cd=40;33;01:or=40;31;01:mi=00:su=37;41:sg=30;43:ca=30;41:tw=30;42:ow=34;42:st=37;44:ex=01;32:*.tar=01;31:*.tgz=01;31:*.arc=01;31:*.arj=01;31:*.taz=01;31:*.lha=01;31:*.lz4=01;31:*.lzh=01;31:*.lzma=01;31:*.tlz=01;31:*.txz=01;31:*.tzo=01;31:*.t7z=01;31:*.zip=01;31:*.z=01;31:*.dz=01;31:*.gz=01;31:*.lrz=01;31:*.lz=01;31:*.lzo=01;31:*.xz=01;31:*.zst=01;31:*.tzst=01;31:*.bz2=01;31:*.bz=01;31:*.tbz=01;31:*.tbz2=01;31:*.tz=01;31:*.deb=01;31:*.rpm=01;31:*.jar=01;31:*.war=01;31:*.ear=01;31:*.sar=01;31:*.rar=01;31:*.alz=01;31:*.ace=01;31:*.zoo=01;31:*.cpio=01;31:*.7z=01;31:*.rz=01;31:*.cab=01;31:*.wim=01;31:*.swm=01;31:*.dwm=01;31:*.esd=01;31:*.jpg=01;35:*.jpeg=01;35:*.mjpg=01;35:*.mjpeg=01;35:*.gif=01;35:*.bmp=01;35:*.pbm=01;35:*.pgm=01;35:*.ppm=01;35:*.tga=01;35:*.xbm=01;35:*.xpm=01;35:*.tif=01;35:*.tiff=01;35:*.png=01;35:*.svg=01;35:*.svgz=01;35:*.mng=01;35:*.pcx=01;35:*.mov=01;35:*.mpg=01;35:*.mpeg=01;35:*.m2v=01;35:*.mkv=01;35:*.webm=01;35:*.webp=01;35:*.ogm=01;35:*.mp4=01;35:*.m4v=01;35:*.mp4v=01;35:*.vob=01;35:*.qt=01;35:*.nuv=01;35:*.wmv=01;35:*.asf=01;35:*.rm=01;35:*.rmvb=01;35:*.flc=01;35:*.avi=01;35:*.fli=01;35:*.flv=01;35:*.gl=01;35:*.dl=01;35:*.xcf=01;35:*.xwd=01;35:*.yuv=01;35:*.cgm=01;35:*.emf=01;35:*.ogv=01;35:*.ogx=01;35:*.aac=00;36:*.au=00;36:*.flac=00;36:*.m4a=00;36:*.mid=00;36:*.midi=00;36:*.mka=00;36:*.mp3=00;36:*.mpc=00;36:*.ogg=00;36:*.ra=00;36:*.wav=00;36:*.oga=00;36:*.opus=00;36:*.spx=00;36:*.xspf=00;36:'), ('AMENT_PREFIX_PATH', '/home/developer/aerostack2_ws/install/as2_behavior:/home/developer/aerostack2_ws/install/as2_core:/home/developer/aerostack2_ws/install/as2_msgs:/opt/ros/humble'), ('GZ_VERSION', 'harmonic'), ('PWD', '/home/developer/aerostack2_ws/build/as2_behaviors_perception'), ('LC_ALL', 'C.UTF-8'), ('PYTHONPATH', '/home/developer/aerostack2_ws/install/as2_core/local/lib/python3.10/dist-packages:/home/developer/aerostack2_ws/install/as2_msgs/local/lib/python3.10/dist-packages:/opt/ros/humble/lib/python3.10/site-packages:/opt/ros/humble/local/lib/python3.10/dist-packages'), ('COLCON', '1'), ('CMAKE_PREFIX_PATH', '/home/developer/aerostack2_ws/install/as2_behavior:/home/developer/aerostack2_ws/install/as2_core:/home/developer/aerostack2_ws/install/as2_msgs:/opt/ros/humble')]), 'shell': False}
[243.526502] (-) TimerEvent: {}
[243.527344] (as2_behaviors_perception) StdoutLine: {'line': b'-- The C compiler identification is GNU 11.4.0\n'}
[243.564160] (as2_behaviors_perception) StdoutLine: {'line': b'-- The CXX compiler identification is GNU 11.4.0\n'}
[243.568617] (as2_behaviors_perception) StdoutLine: {'line': b'-- Detecting C compiler ABI info\n'}
[243.619369] (as2_behaviors_perception) StdoutLine: {'line': b'-- Detecting C compiler ABI info - done\n'}
[243.623707] (as2_behaviors_perception) StdoutLine: {'line': b'-- Check for working C compiler: /usr/bin/cc - skipped\n'}
[243.623794] (as2_behaviors_perception) StdoutLine: {'line': b'-- Detecting C compile features\n'}
[243.623850] (as2_behaviors_perception) StdoutLine: {'line': b'-- Detecting C compile features - done\n'}
[243.625788] (as2_behaviors_perception) StdoutLine: {'line': b'-- Detecting CXX compiler ABI info\n'}
[243.626578] (-) TimerEvent: {}
[243.682025] (as2_behaviors_perception) StdoutLine: {'line': b'-- Detecting CXX compiler ABI info - done\n'}
[243.688830] (as2_behaviors_perception) StdoutLine: {'line': b'-- Check for working CXX compiler: /usr/bin/c++ - skipped\n'}
[243.688958] (as2_behaviors_perception) StdoutLine: {'line': b'-- Detecting CXX compile features\n'}
[243.689461] (as2_behaviors_perception) StdoutLine: {'line': b'-- Detecting CXX compile features - done\n'}
[243.691350] (as2_behaviors_perception) StdoutLine: {'line': b'-- Found ament_cmake: 1.3.14 (/opt/ros/humble/share/ament_cmake/cmake)\n'}
[243.726716] (-) TimerEvent: {}
[243.794078] (as2_behaviors_perception) StdoutLine: {'line': b'-- Found Python3: /usr/bin/python3 (found version "3.10.12") found components: Interpreter \n'}
[243.826799] (-) TimerEvent: {}
[243.833350] (as2_behaviors_perception) StdoutLine: {'line': b'-- Override CMake install command with custom implementation using symlinks instead of copying resources\n'}
[243.852324] (as2_behaviors_perception) StdoutLine: {'line': b'-- Found rclcpp: 16.0.19 (/opt/ros/humble/share/rclcpp/cmake)\n'}
[243.879012] (as2_behaviors_perception) StdoutLine: {'line': b'-- Found rosidl_generator_c: 3.1.8 (/opt/ros/humble/share/rosidl_generator_c/cmake)\n'}
[243.882161] (as2_behaviors_perception) StdoutLine: {'line': b'-- Found rosidl_adapter: 3.1.8 (/opt/ros/humble/share/rosidl_adapter/cmake)\n'}
[243.887534] (as2_behaviors_perception) StdoutLine: {'line': b'-- Found rosidl_generator_cpp: 3.1.8 (/opt/ros/humble/share/rosidl_generator_cpp/cmake)\n'}
[243.894926] (as2_behaviors_perception) StdoutLine: {'line': b'-- Using all available rosidl_typesupport_c: rosidl_typesupport_fastrtps_c;rosidl_typesupport_introspection_c\n'}
[243.904697] (as2_behaviors_perception) StdoutLine: {'line': b'-- Using all available rosidl_typesupport_cpp: rosidl_typesupport_fastrtps_cpp;rosidl_typesupport_introspection_cpp\n'}
[243.926996] (-) TimerEvent: {}
[243.931752] (as2_behaviors_perception) StdoutLine: {'line': b'-- Found rmw_implementation_cmake: 6.1.2 (/opt/ros/humble/share/rmw_implementation_cmake/cmake)\n'}
[243.933531] (as2_behaviors_perception) StdoutLine: {'line': b'-- Found rmw_fastrtps_cpp: 6.2.10 (/opt/ros/humble/share/rmw_fastrtps_cpp/cmake)\n'}
[243.996403] (as2_behaviors_perception) StdoutLine: {'line': b'-- Found OpenSSL: /usr/lib/x86_64-linux-gnu/libcrypto.so (found version "3.0.2")  \n'}
[244.018116] (as2_behaviors_perception) StdoutLine: {'line': b'-- Found FastRTPS: /opt/ros/humble/include  \n'}
[244.027075] (-) TimerEvent: {}
[244.052853] (as2_behaviors_perception) StdoutLine: {'line': b"-- Using RMW implementation 'rmw_fastrtps_cpp' as default\n"}
[244.058786] (as2_behaviors_perception) StdoutLine: {'line': b'-- Looking for pthread.h\n'}
[244.107308] (as2_behaviors_perception) StdoutLine: {'line': b'-- Looking for pthread.h - found\n'}
[244.107611] (as2_behaviors_perception) StdoutLine: {'line': b'-- Performing Test CMAKE_HAVE_LIBC_PTHREAD\n'}
[244.127223] (-) TimerEvent: {}
[244.158976] (as2_behaviors_perception) StdoutLine: {'line': b'-- Performing Test CMAKE_HAVE_LIBC_PTHREAD - Success\n'}
[244.159866] (as2_behaviors_perception) StdoutLine: {'line': b'-- Found Threads: TRUE  \n'}
[244.194506] (as2_behaviors_perception) StdoutLine: {'line': b'-- Found std_srvs: 4.9.1 (/opt/ros/humble/share/std_srvs/cmake)\n'}
[244.199391] (as2_behaviors_perception) StdoutLine: {'line': b'-- Found as2_core: 1.1.3 (/home/developer/aerostack2_ws/install/as2_core/share/as2_core/cmake)\n'}
[244.201242] (as2_behaviors_perception) StdoutLine: {'line': b'-- Created yaml-cpp::yaml-cpp alias from yaml-cpp target\n'}
[244.202348] (as2_behaviors_perception) StdoutLine: {'line': b'-- Created GeographicLib::GeographicLib target from legacy variables\n'}
[244.227296] (-) TimerEvent: {}
[244.285523] (as2_behaviors_perception) StdoutLine: {'line': b'-- Found eigen3_cmake_module: 0.1.1 (/opt/ros/humble/share/eigen3_cmake_module/cmake)\n'}
[244.286294] (as2_behaviors_perception) StdoutLine: {'line': b'-- Found Eigen3: TRUE (found version "3.4.0") \n'}
[244.286360] (as2_behaviors_perception) StdoutLine: {'line': b'-- Ensuring Eigen3 include directory is part of orocos-kdl CMake target\n'}
[244.327409] (-) TimerEvent: {}
[244.372578] (as2_behaviors_perception) StdoutLine: {'line': b'-- Found as2_behavior: 1.1.3 (/home/developer/aerostack2_ws/install/as2_behavior/share/as2_behavior/cmake)\n'}
[244.375624] (as2_behaviors_perception) StdoutLine: {'line': b'-- Found OpenCV: /usr (found version "4.5.4") \n'}
[244.397948] (as2_behaviors_perception) StdoutLine: {'line': b'-- Found ament_cmake_gtest: 1.3.14 (/opt/ros/humble/share/ament_cmake_gtest/cmake)\n'}
[244.400141] (as2_behaviors_perception) StdoutLine: {'line': b"-- Found gtest sources under '/opt/ros/humble/src/gtest_vendor': C++ tests using 'Google Test' will be built\n"}
[244.403233] (as2_behaviors_perception) StdoutLine: {'line': b'-- Found ament_lint_auto: 0.12.15 (/opt/ros/humble/share/ament_lint_auto/cmake)\n'}
[244.427516] (-) TimerEvent: {}
[244.456120] (as2_behaviors_perception) StdoutLine: {'line': b"-- Added test 'copyright' to check source files copyright and LICENSE\n"}
[244.458599] (as2_behaviors_perception) StdoutLine: {'line': b"-- Added test 'cppcheck' to perform static code analysis on C / C++ code\n"}
[244.458700] (as2_behaviors_perception) StdoutLine: {'line': b'-- Configured cppcheck include dirs: \n'}
[244.458760] (as2_behaviors_perception) StdoutLine: {'line': b'-- Configured cppcheck exclude dirs and/or files: \n'}
[244.460167] (as2_behaviors_perception) StdoutLine: {'line': b"-- Added test 'cpplint' to check C / C++ code against the Google style\n"}
[244.460255] (as2_behaviors_perception) StdoutLine: {'line': b'-- Configured cpplint exclude dirs and/or files: \n'}
[244.460526] (as2_behaviors_perception) StdoutLine: {'line': b"-- Added test 'flake8' to check Python code syntax and style conventions\n"}
[244.461105] (as2_behaviors_perception) StdoutLine: {'line': b"-- Added test 'lint_cmake' to check CMake code style\n"}
[244.461402] (as2_behaviors_perception) StdoutLine: {'line': b"-- Added test 'pep257' to check Python code against some of the docstring style conventions in PEP 257\n"}
[244.462830] (as2_behaviors_perception) StdoutLine: {'line': b"-- Added test 'uncrustify' to check C / C++ code style\n"}
[244.462888] (as2_behaviors_perception) StdoutLine: {'line': b'-- Configured uncrustify additional arguments: \n'}
[244.463197] (as2_behaviors_perception) StdoutLine: {'line': b"-- Added test 'xmllint' to check XML markup files\n"}
[244.464491] (as2_behaviors_perception) StdoutLine: {'line': b'-- Configuring done\n'}
[244.501272] (as2_behaviors_perception) StdoutLine: {'line': b'-- Generating done\n'}
[244.512073] (as2_behaviors_perception) StdoutLine: {'line': b'-- Build files have been written to: /home/developer/aerostack2_ws/build/as2_behaviors_perception\n'}
[244.521801] (as2_behaviors_perception) CommandEnded: {'returncode': 0}
[244.522337] (as2_behaviors_perception) JobProgress: {'identifier': 'as2_behaviors_perception', 'progress': 'build'}
[244.522605] (as2_behaviors_perception) Command: {'cmd': ['/usr/bin/cmake', '--build', '/home/developer/aerostack2_ws/build/as2_behaviors_perception', '--', '-j20', '-l20'], 'cwd': '/home/developer/aerostack2_ws/build/as2_behaviors_perception', 'env': OrderedDict([('HOSTNAME', 'lead-Predator-PHN16-71'), ('SHLVL', '1'), ('LD_LIBRARY_PATH', '/home/developer/aerostack2_ws/install/as2_behavior/lib:/home/developer/aerostack2_ws/install/as2_core/lib:/home/developer/aerostack2_ws/install/as2_msgs/lib:/opt/ros/humble/opt/rviz_ogre_vendor/lib:/opt/ros/humble/lib/x86_64-linux-gnu:/opt/ros/humble/lib'), ('HOME', '/home/developer'), ('ROS_PYTHON_VERSION', '3'), ('ROS_DISTRO', 'humble'), ('_', '/usr/bin/colcon'), ('ROS_VERSION', '2'), ('TERM', 'xterm'), ('ROS_LOCALHOST_ONLY', '0'), ('QT_X11_NO_MITSHM', '1'), ('PATH', '/opt/ros/humble/bin:/usr/local/sbin:/usr/local/bin:/usr/sbin:/usr/bin:/sbin:/bin'), ('DISPLAY', ':1'), ('LANG', 'C.UTF-8'), ('LS_COLORS', 'rs=0:di=01;34:ln=01;36:mh=00:pi=40;33:so=01;35:do=01;35:bd=40;33;01:cd=40;33;01:or=40;31;01:mi=00:su=37;41:sg=30;43:ca=30;41:tw=30;42:ow=34;42:st=37;44:ex=01;32:*.tar=01;31:*.tgz=01;31:*.arc=01;31:*.arj=01;31:*.taz=01;31:*.lha=01;31:*.lz4=01;31:*.lzh=01;31:*.lzma=01;31:*.tlz=01;31:*.txz=01;31:*.tzo=01;31:*.t7z=01;31:*.zip=01;31:*.z=01;31:*.dz=01;31:*.gz=01;31:*.lrz=01;31:*.lz=01;31:*.lzo=01;31:*.xz=01;31:*.zst=01;31:*.tzst=01;31:*.bz2=01;31:*.bz=01;31:*.tbz=01;31:*.tbz2=01;31:*.tz=01;31:*.deb=01;31:*.rpm=01;31:*.jar=01;31:*.war=01;31:*.ear=01;31:*.sar=01;31:*.rar=01;31:*.alz=01;31:*.ace=01;31:*.zoo=01;31:*.cpio=01;31:*.7z=01;31:*.rz=01;31:*.cab=01;31:*.wim=01;31:*.swm=01;31:*.dwm=01;31:*.esd=01;31:*.jpg=01;35:*.jpeg=01;35:*.mjpg=01;35:*.mjpeg=01;35:*.gif=01;35:*.bmp=01;35:*.pbm=01;35:*.pgm=01;35:*.ppm=01;35:*.tga=01;35:*.xbm=01;35:*.xpm=01;35:*.tif=01;35:*.tiff=01;35:*.png=01;35:*.svg=01;35:*.svgz=01;35:*.mng=01;35:*.pcx=01;35:*.mov=01;35:*.mpg=01;35:*.mpeg=01;35:*.m2v=01;35:*.mkv=01;35:*.webm=01;35:*.webp=01;35:*.ogm=01;35:*.mp4=01;35:*.m4v=01;35:*.mp4v=01;35:*.vob=01;35:*.qt=01;35:*.nuv=01;35:*.wmv=01;35:*.asf=01;35:*.rm=01;35:*.rmvb=01;35:*.flc=01;35:*.avi=01;35:*.fli=01;35:*.flv=01;35:*.gl=01;35:*.dl=01;35:*.xcf=01;35:*.xwd=01;35:*.yuv=01;35:*.cgm=01;35:*.emf=01;35:*.ogv=01;35:*.ogx=01;35:*.aac=00;36:*.au=00;36:*.flac=00;36:*.m4a=00;36:*.mid=00;36:*.midi=00;36:*.mka=00;36:*.mp3=00;36:*.mpc=00;36:*.ogg=00;36:*.ra=00;36:*.wav=00;36:*.oga=00;36:*.opus=00;36:*.spx=00;36:*.xspf=00;36:'), ('AMENT_PREFIX_PATH', '/home/developer/aerostack2_ws/install/as2_behavior:/home/developer/aerostack2_ws/install/as2_core:/home/developer/aerostack2_ws/install/as2_msgs:/opt/ros/humble'), ('GZ_VERSION', 'harmonic'), ('PWD', '/home/developer/aerostack2_ws/build/as2_behaviors_perception'), ('LC_ALL', 'C.UTF-8'), ('PYTHONPATH', '/home/developer/aerostack2_ws/install/as2_core/local/lib/python3.10/dist-packages:/home/developer/aerostack2_ws/install/as2_msgs/local/lib/python3.10/dist-packages:/opt/ros/humble/lib/python3.10/site-packages:/opt/ros/humble/local/lib/python3.10/dist-packages'), ('COLCON', '1'), ('CMAKE_PREFIX_PATH', '/home/developer/aerostack2_ws/install/as2_behavior:/home/developer/aerostack2_ws/install/as2_core:/home/developer/aerostack2_ws/install/as2_msgs:/opt/ros/humble')]), 'shell': False}
[244.527623] (-) TimerEvent: {}
[244.565487] (as2_behaviors_perception) StdoutLine: {'line': b'[ 16%] \x1b[32mBuilding CXX object gtest/CMakeFiles/gtest.dir/src/gtest-all.cc.o\x1b[0m\n'}
[244.565696] (as2_behaviors_perception) StdoutLine: {'line': b'[ 16%] \x1b[32mBuilding CXX object gtest/CMakeFiles/gtest_main.dir/src/gtest_main.cc.o\x1b[0m\n'}
[244.565794] (as2_behaviors_perception) StdoutLine: {'line': b'[ 16%] \x1b[32mBuilding CXX object detect_aruco_markers_behavior/CMakeFiles/detect_aruco_markers_behavior_pub_landingpad_node.dir/src/detect_aruco_markers_behavior_pub_landingpad.cpp.o\x1b[0m\n'}
[244.565862] (as2_behaviors_perception) StdoutLine: {'line': b'[ 22%] \x1b[32mBuilding CXX object detect_aruco_markers_behavior/CMakeFiles/detect_aruco_markers_behavior_node.dir/src/detect_aruco_markers_behavior.cpp.o\x1b[0m\n'}
[244.565945] (as2_behaviors_perception) StdoutLine: {'line': b'[ 27%] \x1b[32mBuilding CXX object detect_aruco_markers_behavior/CMakeFiles/detect_aruco_markers_behavior_pub_landingpad_node.dir/src/detect_aruco_markers_behavior_pub_landingpad_node.cpp.o\x1b[0m\n'}
[244.566018] (as2_behaviors_perception) StdoutLine: {'line': b'[ 33%] \x1b[32mBuilding CXX object detect_aruco_markers_behavior/CMakeFiles/detect_aruco_markers_behavior_node.dir/src/detect_aruco_markers_behavior_node.cpp.o\x1b[0m\n'}
[244.570067] (as2_behaviors_perception) StdoutLine: {'line': b'[ 44%] \x1b[32mBuilding CXX object point_gimbal_behavior/CMakeFiles/point_gimbal_behavior_node.dir/src/point_gimbal_behavior.cpp.o\x1b[0m\n'}
[244.570229] (as2_behaviors_perception) StdoutLine: {'line': b'[ 44%] \x1b[32mBuilding CXX object point_gimbal_behavior/CMakeFiles/point_gimbal_behavior_node.dir/src/point_gimbal_behavior_node.cpp.o\x1b[0m\n'}
[244.570270] (as2_behaviors_perception) StdoutLine: {'line': b'[ 55%] \x1b[32mBuilding CXX object point_gimbal_behavior/CMakeFiles/point_gimbal_behavior.dir/src/point_gimbal_behavior.cpp.o\x1b[0m\n'}
[244.570296] (as2_behaviors_perception) StdoutLine: {'line': b'[ 55%] \x1b[32mBuilding CXX object point_gimbal_behavior/CMakeFiles/point_gimbal_behavior.dir/src/point_gimbal_behavior_node.cpp.o\x1b[0m\n'}
[244.571622] (as2_behaviors_perception) StderrLine: {'line': b'In file included from \x1b[01m\x1b[K/home/developer/aerostack2_ws/src/aerostack2-tcc_lucca/as2_behaviors/as2_behaviors_perception/detect_aruco_markers_behavior/src/detect_aruco_markers_behavior.cpp:29\x1b[m\x1b[K:\n'}
[244.571867] (as2_behaviors_perception) StderrLine: {'line': b'\x1b[01m\x1b[K/home/developer/aerostack2_ws/src/aerostack2-tcc_lucca/as2_behaviors/as2_behaviors_perception/detect_aruco_markers_behavior/include/detect_aruco_markers_behavior/detect_aruco_markers_behavior.hpp:40:10:\x1b[m\x1b[K \x1b[01;31m\x1b[Kfatal error: \x1b[m\x1b[Kcv_bridge/cv_bridge.hpp: No such file or directory\n'}
[244.571942] (as2_behaviors_perception) StderrLine: {'line': b'   40 | #include \x1b[01;31m\x1b[K<cv_bridge/cv_bridge.hpp>\x1b[m\x1b[K\n'}
[244.572009] (as2_behaviors_perception) StderrLine: {'line': b'      |          \x1b[01;31m\x1b[K^~~~~~~~~~~~~~~~~~~~~~~~~\x1b[m\x1b[K\n'}
[244.572064] (as2_behaviors_perception) StderrLine: {'line': b'compilation terminated.\n'}
[244.572148] (as2_behaviors_perception) StderrLine: {'line': b'gmake[2]: *** [detect_aruco_markers_behavior/CMakeFiles/detect_aruco_markers_behavior_node.dir/build.make:76: detect_aruco_markers_behavior/CMakeFiles/detect_aruco_markers_behavior_node.dir/src/detect_aruco_markers_behavior.cpp.o] Error 1\n'}
[244.572206] (as2_behaviors_perception) StderrLine: {'line': b'gmake[2]: *** Waiting for unfinished jobs....\n'}
[244.627723] (-) TimerEvent: {}
[244.728013] (-) TimerEvent: {}
[244.730040] (as2_behaviors_perception) StderrLine: {'line': b'In file included from \x1b[01m\x1b[K/home/developer/aerostack2_ws/src/aerostack2-tcc_lucca/as2_behaviors/as2_behaviors_perception/detect_aruco_markers_behavior/src/detect_aruco_markers_behavior_node.cpp:38\x1b[m\x1b[K:\n'}
[244.730186] (as2_behaviors_perception) StderrLine: {'line': b'\x1b[01m\x1b[K/home/developer/aerostack2_ws/src/aerostack2-tcc_lucca/as2_behaviors/as2_behaviors_perception/detect_aruco_markers_behavior/include/detect_aruco_markers_behavior/detect_aruco_markers_behavior.hpp:40:10:\x1b[m\x1b[K \x1b[01;31m\x1b[Kfatal error: \x1b[m\x1b[Kcv_bridge/cv_bridge.hpp: No such file or directory\n'}
[244.730251] (as2_behaviors_perception) StderrLine: {'line': b'   40 | #include \x1b[01;31m\x1b[K<cv_bridge/cv_bridge.hpp>\x1b[m\x1b[K\n'}
[244.730310] (as2_behaviors_perception) StderrLine: {'line': b'      |          \x1b[01;31m\x1b[K^~~~~~~~~~~~~~~~~~~~~~~~~\x1b[m\x1b[K\n'}
[244.730364] (as2_behaviors_perception) StderrLine: {'line': b'compilation terminated.\n'}
[244.740164] (as2_behaviors_perception) StderrLine: {'line': b'gmake[2]: *** [detect_aruco_markers_behavior/CMakeFiles/detect_aruco_markers_behavior_node.dir/build.make:90: detect_aruco_markers_behavior/CMakeFiles/detect_aruco_markers_behavior_node.dir/src/detect_aruco_markers_behavior_node.cpp.o] Error 1\n'}
[244.740356] (as2_behaviors_perception) StderrLine: {'line': b'gmake[1]: *** [CMakeFiles/Makefile2:209: detect_aruco_markers_behavior/CMakeFiles/detect_aruco_markers_behavior_node.dir/all] Error 2\n'}
[244.740415] (as2_behaviors_perception) StderrLine: {'line': b'gmake[1]: *** Waiting for unfinished jobs....\n'}
[244.828122] (-) TimerEvent: {}
[244.928446] (-) TimerEvent: {}
[245.028765] (-) TimerEvent: {}
[245.108045] (as2_behaviors_perception) StdoutLine: {'line': b'[ 61%] \x1b[32m\x1b[1mLinking CXX static library libgtest_main.a\x1b[0m\n'}
[245.128874] (-) TimerEvent: {}
[245.136818] (as2_behaviors_perception) StdoutLine: {'line': b'[ 61%] Built target gtest_main\n'}
[245.228995] (-) TimerEvent: {}
[245.329325] (-) TimerEvent: {}
[245.429638] (-) TimerEvent: {}
[245.529971] (-) TimerEvent: {}
[245.630275] (-) TimerEvent: {}
[245.730622] (-) TimerEvent: {}
[245.830959] (-) TimerEvent: {}
[245.931258] (-) TimerEvent: {}
[246.031597] (-) TimerEvent: {}
[246.131931] (-) TimerEvent: {}
[246.232299] (-) TimerEvent: {}
[246.332627] (-) TimerEvent: {}
[246.432983] (-) TimerEvent: {}
[246.533292] (-) TimerEvent: {}
[246.633664] (-) TimerEvent: {}
[246.734048] (-) TimerEvent: {}
[246.834362] (-) TimerEvent: {}
[246.934666] (-) TimerEvent: {}
[247.034994] (-) TimerEvent: {}
[247.135302] (-) TimerEvent: {}
[247.235619] (-) TimerEvent: {}
[247.335916] (-) TimerEvent: {}
[247.436218] (-) TimerEvent: {}
[247.536562] (-) TimerEvent: {}
[247.636884] (-) TimerEvent: {}
[247.737213] (-) TimerEvent: {}
[247.837575] (-) TimerEvent: {}
[247.937891] (-) TimerEvent: {}
[248.038187] (-) TimerEvent: {}
[248.138496] (-) TimerEvent: {}
[248.238839] (-) TimerEvent: {}
[248.339148] (-) TimerEvent: {}
[248.439421] (-) TimerEvent: {}
[248.539750] (-) TimerEvent: {}
[248.640053] (-) TimerEvent: {}
[248.740382] (-) TimerEvent: {}
[248.840677] (-) TimerEvent: {}
[248.941032] (-) TimerEvent: {}
[249.041352] (-) TimerEvent: {}
[249.141638] (-) TimerEvent: {}
[249.241918] (-) TimerEvent: {}
[249.342223] (-) TimerEvent: {}
[249.351870] (as2_behaviors_perception) StdoutLine: {'line': b'[ 66%] \x1b[32m\x1b[1mLinking CXX static library libgtest.a\x1b[0m\n'}
[249.384037] (as2_behaviors_perception) StdoutLine: {'line': b'[ 66%] Built target gtest\n'}
[249.442328] (-) TimerEvent: {}
[249.542628] (-) TimerEvent: {}
[249.642901] (-) TimerEvent: {}
[249.743202] (-) TimerEvent: {}
[249.843531] (-) TimerEvent: {}
[249.943824] (-) TimerEvent: {}
[250.044148] (-) TimerEvent: {}
[250.144436] (-) TimerEvent: {}
[250.244802] (-) TimerEvent: {}
[250.345163] (-) TimerEvent: {}
[250.445477] (-) TimerEvent: {}
[250.545811] (-) TimerEvent: {}
[250.646144] (-) TimerEvent: {}
[250.746425] (-) TimerEvent: {}
[250.846702] (-) TimerEvent: {}
[250.947006] (-) TimerEvent: {}
[251.047281] (-) TimerEvent: {}
[251.147566] (-) TimerEvent: {}
[251.204691] (as2_behaviors_perception) StdoutLine: {'line': b'[ 72%] \x1b[32m\x1b[1mLinking CXX executable detect_aruco_markers_behavior_pub_landingpad_node\x1b[0m\n'}
[251.247675] (-) TimerEvent: {}
[251.329491] (as2_behaviors_perception) StdoutLine: {'line': b'[ 72%] Built target detect_aruco_markers_behavior_pub_landingpad_node\n'}
[251.347803] (-) TimerEvent: {}
[251.448148] (-) TimerEvent: {}
[251.548494] (-) TimerEvent: {}
[251.611800] (as2_behaviors_perception) StdoutLine: {'line': b'[ 77%] \x1b[32m\x1b[1mLinking CXX shared library libpoint_gimbal_behavior.so\x1b[0m\n'}
[251.648629] (-) TimerEvent: {}
[251.748967] (-) TimerEvent: {}
[251.755803] (as2_behaviors_perception) StdoutLine: {'line': b'[ 77%] Built target point_gimbal_behavior\n'}
[251.849102] (-) TimerEvent: {}
[251.949392] (-) TimerEvent: {}
[252.049696] (-) TimerEvent: {}
[252.150008] (-) TimerEvent: {}
[252.250273] (-) TimerEvent: {}
[252.350554] (-) TimerEvent: {}
[252.384147] (as2_behaviors_perception) StdoutLine: {'line': b'[ 83%] \x1b[32m\x1b[1mLinking CXX executable point_gimbal_behavior_node\x1b[0m\n'}
[252.450681] (-) TimerEvent: {}
[252.524454] (as2_behaviors_perception) StdoutLine: {'line': b'[ 83%] Built target point_gimbal_behavior_node\n'}
[252.525078] (as2_behaviors_perception) StderrLine: {'line': b'gmake: *** [Makefile:146: all] Error 2\n'}
[252.526942] (as2_behaviors_perception) CommandEnded: {'returncode': 2}
[252.530933] (as2_behaviors_perception) JobEnded: {'identifier': 'as2_behaviors_perception', 'rc': 2}
[252.545031] (as2_behaviors_param_estimation) JobSkipped: {'identifier': 'as2_behaviors_param_estimation'}
[252.545079] (as2_behaviors_payload) JobSkipped: {'identifier': 'as2_behaviors_payload'}
[252.545097] (as2_behaviors_platform) JobSkipped: {'identifier': 'as2_behaviors_platform'}
[252.545113] (as2_behaviors_swarm_flocking) JobSkipped: {'identifier': 'as2_behaviors_swarm_flocking'}
[252.545128] (as2_behaviors_trajectory_generation) JobSkipped: {'identifier': 'as2_behaviors_trajectory_generation'}
[252.545142] (as2_motion_controller) JobSkipped: {'identifier': 'as2_motion_controller'}
[252.545156] (as2_platform_gazebo) JobSkipped: {'identifier': 'as2_platform_gazebo'}
[252.545169] (as2_rviz_plugins) JobSkipped: {'identifier': 'as2_rviz_plugins'}
[252.545182] (as2_visualization) JobSkipped: {'identifier': 'as2_visualization'}
[252.545196] (as2_keyboard_teleoperation) JobSkipped: {'identifier': 'as2_keyboard_teleoperation'}
[252.545209] (aerostack2) JobSkipped: {'identifier': 'aerostack2'}
[252.545306] (-) EventReactorShutdown: {}
