[0.128s] DEBUG:colcon:Command line arguments: ['/usr/bin/colcon', 'build', '--symlink-install', '--parallel-workers', '1']
[0.129s] DEBUG:colcon:Parsed command line arguments: Namespace(log_base=None, log_level=None, verb_name='build', build_base='build', install_base='install', merge_install=False, symlink_install=True, test_result_base=None, continue_on_error=False, executor='parallel', parallel_workers=1, event_handlers=None, ignore_user_meta=False, metas=['./colcon.meta'], base_paths=['.'], packages_ignore=None, packages_ignore_regex=None, paths=None, packages_up_to=None, packages_up_to_regex=None, packages_above=None, packages_above_and_dependencies=None, packages_above_depth=None, packages_select_by_dep=None, packages_skip_by_dep=None, packages_skip_up_to=None, packages_select_build_failed=False, packages_skip_build_finished=False, packages_select_test_failures=False, packages_skip_test_passed=False, packages_select=None, packages_skip=None, packages_select_regex=None, packages_skip_regex=None, packages_start=None, packages_end=None, cmake_args=None, cmake_target=None, cmake_target_skip_unavailable=False, cmake_clean_cache=False, cmake_clean_first=False, cmake_force_configure=False, ament_cmake_args=None, catkin_cmake_args=None, catkin_skip_building_tests=False, mixin_files=None, mixin=None, verb_parser=<colcon_mixin.mixin.mixin_argument.MixinArgumentDecorator object at 0x7106b15b65f0>, verb_extension=<colcon_core.verb.build.BuildVerb object at 0x7106b15b6050>, main=<bound method BuildVerb.main of <colcon_core.verb.build.BuildVerb object at 0x7106b15b6050>>, mixin_verb=('build',))
[0.244s] Level 1:colcon.colcon_core.package_discovery:discover_packages(colcon_meta) check parameters
[0.244s] Level 1:colcon.colcon_core.package_discovery:discover_packages(recursive) check parameters
[0.244s] Level 1:colcon.colcon_core.package_discovery:discover_packages(ignore) check parameters
[0.244s] Level 1:colcon.colcon_core.package_discovery:discover_packages(path) check parameters
[0.244s] Level 1:colcon.colcon_core.package_discovery:discover_packages(colcon_meta) discover
[0.244s] Level 1:colcon.colcon_core.package_discovery:discover_packages(recursive) discover
[0.244s] INFO:colcon.colcon_core.package_discovery:Crawling recursively for packages in '/home/developer/aerostack2_ws'
[0.244s] Level 1:colcon.colcon_core.package_identification:_identify(.) by extensions ['ignore', 'ignore_ament_install']
[0.244s] Level 1:colcon.colcon_core.package_identification:_identify(.) by extension 'ignore'
[0.244s] Level 1:colcon.colcon_core.package_identification:_identify(.) by extension 'ignore_ament_install'
[0.244s] Level 1:colcon.colcon_core.package_identification:_identify(.) by extensions ['colcon_pkg']
[0.244s] Level 1:colcon.colcon_core.package_identification:_identify(.) by extension 'colcon_pkg'
[0.244s] Level 1:colcon.colcon_core.package_identification:_identify(.) by extensions ['colcon_meta']
[0.244s] Level 1:colcon.colcon_core.package_identification:_identify(.) by extension 'colcon_meta'
[0.244s] Level 1:colcon.colcon_core.package_identification:_identify(.) by extensions ['ros']
[0.244s] Level 1:colcon.colcon_core.package_identification:_identify(.) by extension 'ros'
[0.252s] Level 1:colcon.colcon_core.package_identification:_identify(.) by extensions ['cmake', 'python']
[0.252s] Level 1:colcon.colcon_core.package_identification:_identify(.) by extension 'cmake'
[0.252s] Level 1:colcon.colcon_core.package_identification:_identify(.) by extension 'python'
[0.252s] Level 1:colcon.colcon_core.package_identification:_identify(.) by extensions ['python_setup_py']
[0.252s] Level 1:colcon.colcon_core.package_identification:_identify(.) by extension 'python_setup_py'
[0.252s] Level 1:colcon.colcon_core.package_identification:_identify(build) by extensions ['ignore', 'ignore_ament_install']
[0.252s] Level 1:colcon.colcon_core.package_identification:_identify(build) by extension 'ignore'
[0.252s] Level 1:colcon.colcon_core.package_identification:_identify(build) ignored
[0.252s] Level 1:colcon.colcon_core.package_identification:_identify(install) by extensions ['ignore', 'ignore_ament_install']
[0.252s] Level 1:colcon.colcon_core.package_identification:_identify(install) by extension 'ignore'
[0.252s] Level 1:colcon.colcon_core.package_identification:_identify(install) ignored
[0.252s] Level 1:colcon.colcon_core.package_identification:_identify(log) by extensions ['ignore', 'ignore_ament_install']
[0.252s] Level 1:colcon.colcon_core.package_identification:_identify(log) by extension 'ignore'
[0.252s] Level 1:colcon.colcon_core.package_identification:_identify(log) ignored
[0.252s] Level 1:colcon.colcon_core.package_identification:_identify(src) by extensions ['ignore', 'ignore_ament_install']
[0.252s] Level 1:colcon.colcon_core.package_identification:_identify(src) by extension 'ignore'
[0.252s] Level 1:colcon.colcon_core.package_identification:_identify(src) by extension 'ignore_ament_install'
[0.252s] Level 1:colcon.colcon_core.package_identification:_identify(src) by extensions ['colcon_pkg']
[0.252s] Level 1:colcon.colcon_core.package_identification:_identify(src) by extension 'colcon_pkg'
[0.252s] Level 1:colcon.colcon_core.package_identification:_identify(src) by extensions ['colcon_meta']
[0.252s] Level 1:colcon.colcon_core.package_identification:_identify(src) by extension 'colcon_meta'
[0.252s] Level 1:colcon.colcon_core.package_identification:_identify(src) by extensions ['ros']
[0.252s] Level 1:colcon.colcon_core.package_identification:_identify(src) by extension 'ros'
[0.252s] Level 1:colcon.colcon_core.package_identification:_identify(src) by extensions ['cmake', 'python']
[0.252s] Level 1:colcon.colcon_core.package_identification:_identify(src) by extension 'cmake'
[0.252s] Level 1:colcon.colcon_core.package_identification:_identify(src) by extension 'python'
[0.252s] Level 1:colcon.colcon_core.package_identification:_identify(src) by extensions ['python_setup_py']
[0.252s] Level 1:colcon.colcon_core.package_identification:_identify(src) by extension 'python_setup_py'
[0.253s] Level 1:colcon.colcon_core.package_identification:_identify(src/aerostack2-tcc_lucca) by extensions ['ignore', 'ignore_ament_install']
[0.253s] Level 1:colcon.colcon_core.package_identification:_identify(src/aerostack2-tcc_lucca) by extension 'ignore'
[0.253s] Level 1:colcon.colcon_core.package_identification:_identify(src/aerostack2-tcc_lucca) by extension 'ignore_ament_install'
[0.253s] Level 1:colcon.colcon_core.package_identification:_identify(src/aerostack2-tcc_lucca) by extensions ['colcon_pkg']
[0.253s] Level 1:colcon.colcon_core.package_identification:_identify(src/aerostack2-tcc_lucca) by extension 'colcon_pkg'
[0.253s] Level 1:colcon.colcon_core.package_identification:_identify(src/aerostack2-tcc_lucca) by extensions ['colcon_meta']
[0.253s] Level 1:colcon.colcon_core.package_identification:_identify(src/aerostack2-tcc_lucca) by extension 'colcon_meta'
[0.253s] Level 1:colcon.colcon_core.package_identification:_identify(src/aerostack2-tcc_lucca) by extensions ['ros']
[0.253s] Level 1:colcon.colcon_core.package_identification:_identify(src/aerostack2-tcc_lucca) by extension 'ros'
[0.253s] Level 1:colcon.colcon_core.package_identification:_identify(src/aerostack2-tcc_lucca) by extensions ['cmake', 'python']
[0.253s] Level 1:colcon.colcon_core.package_identification:_identify(src/aerostack2-tcc_lucca) by extension 'cmake'
[0.253s] Level 1:colcon.colcon_core.package_identification:_identify(src/aerostack2-tcc_lucca) by extension 'python'
[0.253s] Level 1:colcon.colcon_core.package_identification:_identify(src/aerostack2-tcc_lucca) by extensions ['python_setup_py']
[0.253s] Level 1:colcon.colcon_core.package_identification:_identify(src/aerostack2-tcc_lucca) by extension 'python_setup_py'
[0.253s] Level 1:colcon.colcon_core.package_identification:_identify(src/aerostack2-tcc_lucca/aerostack2) by extensions ['ignore', 'ignore_ament_install']
[0.253s] Level 1:colcon.colcon_core.package_identification:_identify(src/aerostack2-tcc_lucca/aerostack2) by extension 'ignore'
[0.253s] Level 1:colcon.colcon_core.package_identification:_identify(src/aerostack2-tcc_lucca/aerostack2) by extension 'ignore_ament_install'
[0.253s] Level 1:colcon.colcon_core.package_identification:_identify(src/aerostack2-tcc_lucca/aerostack2) by extensions ['colcon_pkg']
[0.253s] Level 1:colcon.colcon_core.package_identification:_identify(src/aerostack2-tcc_lucca/aerostack2) by extension 'colcon_pkg'
[0.253s] Level 1:colcon.colcon_core.package_identification:_identify(src/aerostack2-tcc_lucca/aerostack2) by extensions ['colcon_meta']
[0.253s] Level 1:colcon.colcon_core.package_identification:_identify(src/aerostack2-tcc_lucca/aerostack2) by extension 'colcon_meta'
[0.253s] Level 1:colcon.colcon_core.package_identification:_identify(src/aerostack2-tcc_lucca/aerostack2) by extensions ['ros']
[0.253s] Level 1:colcon.colcon_core.package_identification:_identify(src/aerostack2-tcc_lucca/aerostack2) by extension 'ros'
[0.255s] DEBUG:colcon.colcon_core.package_identification:Package 'src/aerostack2-tcc_lucca/aerostack2' with type 'ros.ament_cmake' and name 'aerostack2'
[0.255s] Level 1:colcon.colcon_core.package_identification:_identify(src/aerostack2-tcc_lucca/as2_aerial_platforms) by extensions ['ignore', 'ignore_ament_install']
[0.255s] Level 1:colcon.colcon_core.package_identification:_identify(src/aerostack2-tcc_lucca/as2_aerial_platforms) by extension 'ignore'
[0.255s] Level 1:colcon.colcon_core.package_identification:_identify(src/aerostack2-tcc_lucca/as2_aerial_platforms) by extension 'ignore_ament_install'
[0.255s] Level 1:colcon.colcon_core.package_identification:_identify(src/aerostack2-tcc_lucca/as2_aerial_platforms) by extensions ['colcon_pkg']
[0.255s] Level 1:colcon.colcon_core.package_identification:_identify(src/aerostack2-tcc_lucca/as2_aerial_platforms) by extension 'colcon_pkg'
[0.255s] Level 1:colcon.colcon_core.package_identification:_identify(src/aerostack2-tcc_lucca/as2_aerial_platforms) by extensions ['colcon_meta']
[0.255s] Level 1:colcon.colcon_core.package_identification:_identify(src/aerostack2-tcc_lucca/as2_aerial_platforms) by extension 'colcon_meta'
[0.255s] Level 1:colcon.colcon_core.package_identification:_identify(src/aerostack2-tcc_lucca/as2_aerial_platforms) by extensions ['ros']
[0.255s] Level 1:colcon.colcon_core.package_identification:_identify(src/aerostack2-tcc_lucca/as2_aerial_platforms) by extension 'ros'
[0.255s] Level 1:colcon.colcon_core.package_identification:_identify(src/aerostack2-tcc_lucca/as2_aerial_platforms) by extensions ['cmake', 'python']
[0.255s] Level 1:colcon.colcon_core.package_identification:_identify(src/aerostack2-tcc_lucca/as2_aerial_platforms) by extension 'cmake'
[0.255s] Level 1:colcon.colcon_core.package_identification:_identify(src/aerostack2-tcc_lucca/as2_aerial_platforms) by extension 'python'
[0.255s] Level 1:colcon.colcon_core.package_identification:_identify(src/aerostack2-tcc_lucca/as2_aerial_platforms) by extensions ['python_setup_py']
[0.255s] Level 1:colcon.colcon_core.package_identification:_identify(src/aerostack2-tcc_lucca/as2_aerial_platforms) by extension 'python_setup_py'
[0.256s] Level 1:colcon.colcon_core.package_identification:_identify(src/aerostack2-tcc_lucca/as2_aerial_platforms/as2_platform_gazebo) by extensions ['ignore', 'ignore_ament_install']
[0.256s] Level 1:colcon.colcon_core.package_identification:_identify(src/aerostack2-tcc_lucca/as2_aerial_platforms/as2_platform_gazebo) by extension 'ignore'
[0.256s] Level 1:colcon.colcon_core.package_identification:_identify(src/aerostack2-tcc_lucca/as2_aerial_platforms/as2_platform_gazebo) by extension 'ignore_ament_install'
[0.256s] Level 1:colcon.colcon_core.package_identification:_identify(src/aerostack2-tcc_lucca/as2_aerial_platforms/as2_platform_gazebo) by extensions ['colcon_pkg']
[0.256s] Level 1:colcon.colcon_core.package_identification:_identify(src/aerostack2-tcc_lucca/as2_aerial_platforms/as2_platform_gazebo) by extension 'colcon_pkg'
[0.256s] Level 1:colcon.colcon_core.package_identification:_identify(src/aerostack2-tcc_lucca/as2_aerial_platforms/as2_platform_gazebo) by extensions ['colcon_meta']
[0.256s] Level 1:colcon.colcon_core.package_identification:_identify(src/aerostack2-tcc_lucca/as2_aerial_platforms/as2_platform_gazebo) by extension 'colcon_meta'
[0.256s] Level 1:colcon.colcon_core.package_identification:_identify(src/aerostack2-tcc_lucca/as2_aerial_platforms/as2_platform_gazebo) by extensions ['ros']
[0.256s] Level 1:colcon.colcon_core.package_identification:_identify(src/aerostack2-tcc_lucca/as2_aerial_platforms/as2_platform_gazebo) by extension 'ros'
[0.256s] DEBUG:colcon.colcon_core.package_identification:Package 'src/aerostack2-tcc_lucca/as2_aerial_platforms/as2_platform_gazebo' with type 'ros.ament_cmake' and name 'as2_platform_gazebo'
[0.256s] Level 1:colcon.colcon_core.package_identification:_identify(src/aerostack2-tcc_lucca/as2_aerial_platforms/as2_platform_multirotor_simulator) by extensions ['ignore', 'ignore_ament_install']
[0.256s] Level 1:colcon.colcon_core.package_identification:_identify(src/aerostack2-tcc_lucca/as2_aerial_platforms/as2_platform_multirotor_simulator) by extension 'ignore'
[0.256s] Level 1:colcon.colcon_core.package_identification:_identify(src/aerostack2-tcc_lucca/as2_aerial_platforms/as2_platform_multirotor_simulator) by extension 'ignore_ament_install'
[0.256s] Level 1:colcon.colcon_core.package_identification:_identify(src/aerostack2-tcc_lucca/as2_aerial_platforms/as2_platform_multirotor_simulator) by extensions ['colcon_pkg']
[0.256s] Level 1:colcon.colcon_core.package_identification:_identify(src/aerostack2-tcc_lucca/as2_aerial_platforms/as2_platform_multirotor_simulator) by extension 'colcon_pkg'
[0.256s] Level 1:colcon.colcon_core.package_identification:_identify(src/aerostack2-tcc_lucca/as2_aerial_platforms/as2_platform_multirotor_simulator) by extensions ['colcon_meta']
[0.256s] Level 1:colcon.colcon_core.package_identification:_identify(src/aerostack2-tcc_lucca/as2_aerial_platforms/as2_platform_multirotor_simulator) by extension 'colcon_meta'
[0.256s] Level 1:colcon.colcon_core.package_identification:_identify(src/aerostack2-tcc_lucca/as2_aerial_platforms/as2_platform_multirotor_simulator) by extensions ['ros']
[0.256s] Level 1:colcon.colcon_core.package_identification:_identify(src/aerostack2-tcc_lucca/as2_aerial_platforms/as2_platform_multirotor_simulator) by extension 'ros'
[0.257s] DEBUG:colcon.colcon_core.package_identification:Package 'src/aerostack2-tcc_lucca/as2_aerial_platforms/as2_platform_multirotor_simulator' with type 'ros.ament_cmake' and name 'as2_platform_multirotor_simulator'
[0.257s] Level 1:colcon.colcon_core.package_identification:_identify(src/aerostack2-tcc_lucca/as2_behavior_tree) by extensions ['ignore', 'ignore_ament_install']
[0.257s] Level 1:colcon.colcon_core.package_identification:_identify(src/aerostack2-tcc_lucca/as2_behavior_tree) by extension 'ignore'
[0.257s] Level 1:colcon.colcon_core.package_identification:_identify(src/aerostack2-tcc_lucca/as2_behavior_tree) by extension 'ignore_ament_install'
[0.257s] Level 1:colcon.colcon_core.package_identification:_identify(src/aerostack2-tcc_lucca/as2_behavior_tree) by extensions ['colcon_pkg']
[0.257s] Level 1:colcon.colcon_core.package_identification:_identify(src/aerostack2-tcc_lucca/as2_behavior_tree) by extension 'colcon_pkg'
[0.257s] Level 1:colcon.colcon_core.package_identification:_identify(src/aerostack2-tcc_lucca/as2_behavior_tree) by extensions ['colcon_meta']
[0.257s] Level 1:colcon.colcon_core.package_identification:_identify(src/aerostack2-tcc_lucca/as2_behavior_tree) by extension 'colcon_meta'
[0.257s] Level 1:colcon.colcon_core.package_identification:_identify(src/aerostack2-tcc_lucca/as2_behavior_tree) by extensions ['ros']
[0.257s] Level 1:colcon.colcon_core.package_identification:_identify(src/aerostack2-tcc_lucca/as2_behavior_tree) by extension 'ros'
[0.258s] DEBUG:colcon.colcon_core.package_identification:Package 'src/aerostack2-tcc_lucca/as2_behavior_tree' with type 'ros.ament_cmake' and name 'as2_behavior_tree'
[0.258s] Level 1:colcon.colcon_core.package_identification:_identify(src/aerostack2-tcc_lucca/as2_behaviors) by extensions ['ignore', 'ignore_ament_install']
[0.258s] Level 1:colcon.colcon_core.package_identification:_identify(src/aerostack2-tcc_lucca/as2_behaviors) by extension 'ignore'
[0.258s] Level 1:colcon.colcon_core.package_identification:_identify(src/aerostack2-tcc_lucca/as2_behaviors) by extension 'ignore_ament_install'
[0.258s] Level 1:colcon.colcon_core.package_identification:_identify(src/aerostack2-tcc_lucca/as2_behaviors) by extensions ['colcon_pkg']
[0.258s] Level 1:colcon.colcon_core.package_identification:_identify(src/aerostack2-tcc_lucca/as2_behaviors) by extension 'colcon_pkg'
[0.258s] Level 1:colcon.colcon_core.package_identification:_identify(src/aerostack2-tcc_lucca/as2_behaviors) by extensions ['colcon_meta']
[0.258s] Level 1:colcon.colcon_core.package_identification:_identify(src/aerostack2-tcc_lucca/as2_behaviors) by extension 'colcon_meta'
[0.258s] Level 1:colcon.colcon_core.package_identification:_identify(src/aerostack2-tcc_lucca/as2_behaviors) by extensions ['ros']
[0.258s] Level 1:colcon.colcon_core.package_identification:_identify(src/aerostack2-tcc_lucca/as2_behaviors) by extension 'ros'
[0.258s] Level 1:colcon.colcon_core.package_identification:_identify(src/aerostack2-tcc_lucca/as2_behaviors) by extensions ['cmake', 'python']
[0.258s] Level 1:colcon.colcon_core.package_identification:_identify(src/aerostack2-tcc_lucca/as2_behaviors) by extension 'cmake'
[0.258s] Level 1:colcon.colcon_core.package_identification:_identify(src/aerostack2-tcc_lucca/as2_behaviors) by extension 'python'
[0.258s] Level 1:colcon.colcon_core.package_identification:_identify(src/aerostack2-tcc_lucca/as2_behaviors) by extensions ['python_setup_py']
[0.258s] Level 1:colcon.colcon_core.package_identification:_identify(src/aerostack2-tcc_lucca/as2_behaviors) by extension 'python_setup_py'
[0.258s] Level 1:colcon.colcon_core.package_identification:_identify(src/aerostack2-tcc_lucca/as2_behaviors/as2_behavior) by extensions ['ignore', 'ignore_ament_install']
[0.258s] Level 1:colcon.colcon_core.package_identification:_identify(src/aerostack2-tcc_lucca/as2_behaviors/as2_behavior) by extension 'ignore'
[0.258s] Level 1:colcon.colcon_core.package_identification:_identify(src/aerostack2-tcc_lucca/as2_behaviors/as2_behavior) by extension 'ignore_ament_install'
[0.258s] Level 1:colcon.colcon_core.package_identification:_identify(src/aerostack2-tcc_lucca/as2_behaviors/as2_behavior) by extensions ['colcon_pkg']
[0.258s] Level 1:colcon.colcon_core.package_identification:_identify(src/aerostack2-tcc_lucca/as2_behaviors/as2_behavior) by extension 'colcon_pkg'
[0.258s] Level 1:colcon.colcon_core.package_identification:_identify(src/aerostack2-tcc_lucca/as2_behaviors/as2_behavior) by extensions ['colcon_meta']
[0.258s] Level 1:colcon.colcon_core.package_identification:_identify(src/aerostack2-tcc_lucca/as2_behaviors/as2_behavior) by extension 'colcon_meta'
[0.258s] Level 1:colcon.colcon_core.package_identification:_identify(src/aerostack2-tcc_lucca/as2_behaviors/as2_behavior) by extensions ['ros']
[0.258s] Level 1:colcon.colcon_core.package_identification:_identify(src/aerostack2-tcc_lucca/as2_behaviors/as2_behavior) by extension 'ros'
[0.259s] DEBUG:colcon.colcon_core.package_identification:Package 'src/aerostack2-tcc_lucca/as2_behaviors/as2_behavior' with type 'ros.ament_cmake' and name 'as2_behavior'
[0.259s] Level 1:colcon.colcon_core.package_identification:_identify(src/aerostack2-tcc_lucca/as2_behaviors/as2_behaviors_motion) by extensions ['ignore', 'ignore_ament_install']
[0.259s] Level 1:colcon.colcon_core.package_identification:_identify(src/aerostack2-tcc_lucca/as2_behaviors/as2_behaviors_motion) by extension 'ignore'
[0.259s] Level 1:colcon.colcon_core.package_identification:_identify(src/aerostack2-tcc_lucca/as2_behaviors/as2_behaviors_motion) by extension 'ignore_ament_install'
[0.259s] Level 1:colcon.colcon_core.package_identification:_identify(src/aerostack2-tcc_lucca/as2_behaviors/as2_behaviors_motion) by extensions ['colcon_pkg']
[0.259s] Level 1:colcon.colcon_core.package_identification:_identify(src/aerostack2-tcc_lucca/as2_behaviors/as2_behaviors_motion) by extension 'colcon_pkg'
[0.259s] Level 1:colcon.colcon_core.package_identification:_identify(src/aerostack2-tcc_lucca/as2_behaviors/as2_behaviors_motion) by extensions ['colcon_meta']
[0.259s] Level 1:colcon.colcon_core.package_identification:_identify(src/aerostack2-tcc_lucca/as2_behaviors/as2_behaviors_motion) by extension 'colcon_meta'
[0.259s] Level 1:colcon.colcon_core.package_identification:_identify(src/aerostack2-tcc_lucca/as2_behaviors/as2_behaviors_motion) by extensions ['ros']
[0.259s] Level 1:colcon.colcon_core.package_identification:_identify(src/aerostack2-tcc_lucca/as2_behaviors/as2_behaviors_motion) by extension 'ros'
[0.260s] DEBUG:colcon.colcon_core.package_identification:Package 'src/aerostack2-tcc_lucca/as2_behaviors/as2_behaviors_motion' with type 'ros.ament_cmake' and name 'as2_behaviors_motion'
[0.260s] Level 1:colcon.colcon_core.package_identification:_identify(src/aerostack2-tcc_lucca/as2_behaviors/as2_behaviors_param_estimation) by extensions ['ignore', 'ignore_ament_install']
[0.260s] Level 1:colcon.colcon_core.package_identification:_identify(src/aerostack2-tcc_lucca/as2_behaviors/as2_behaviors_param_estimation) by extension 'ignore'
[0.260s] Level 1:colcon.colcon_core.package_identification:_identify(src/aerostack2-tcc_lucca/as2_behaviors/as2_behaviors_param_estimation) by extension 'ignore_ament_install'
[0.260s] Level 1:colcon.colcon_core.package_identification:_identify(src/aerostack2-tcc_lucca/as2_behaviors/as2_behaviors_param_estimation) by extensions ['colcon_pkg']
[0.260s] Level 1:colcon.colcon_core.package_identification:_identify(src/aerostack2-tcc_lucca/as2_behaviors/as2_behaviors_param_estimation) by extension 'colcon_pkg'
[0.260s] Level 1:colcon.colcon_core.package_identification:_identify(src/aerostack2-tcc_lucca/as2_behaviors/as2_behaviors_param_estimation) by extensions ['colcon_meta']
[0.260s] Level 1:colcon.colcon_core.package_identification:_identify(src/aerostack2-tcc_lucca/as2_behaviors/as2_behaviors_param_estimation) by extension 'colcon_meta'
[0.260s] Level 1:colcon.colcon_core.package_identification:_identify(src/aerostack2-tcc_lucca/as2_behaviors/as2_behaviors_param_estimation) by extensions ['ros']
[0.260s] Level 1:colcon.colcon_core.package_identification:_identify(src/aerostack2-tcc_lucca/as2_behaviors/as2_behaviors_param_estimation) by extension 'ros'
[0.261s] DEBUG:colcon.colcon_core.package_identification:Package 'src/aerostack2-tcc_lucca/as2_behaviors/as2_behaviors_param_estimation' with type 'ros.ament_cmake' and name 'as2_behaviors_param_estimation'
[0.261s] Level 1:colcon.colcon_core.package_identification:_identify(src/aerostack2-tcc_lucca/as2_behaviors/as2_behaviors_path_planning) by extensions ['ignore', 'ignore_ament_install']
[0.261s] Level 1:colcon.colcon_core.package_identification:_identify(src/aerostack2-tcc_lucca/as2_behaviors/as2_behaviors_path_planning) by extension 'ignore'
[0.261s] Level 1:colcon.colcon_core.package_identification:_identify(src/aerostack2-tcc_lucca/as2_behaviors/as2_behaviors_path_planning) by extension 'ignore_ament_install'
[0.261s] Level 1:colcon.colcon_core.package_identification:_identify(src/aerostack2-tcc_lucca/as2_behaviors/as2_behaviors_path_planning) by extensions ['colcon_pkg']
[0.261s] Level 1:colcon.colcon_core.package_identification:_identify(src/aerostack2-tcc_lucca/as2_behaviors/as2_behaviors_path_planning) by extension 'colcon_pkg'
[0.261s] Level 1:colcon.colcon_core.package_identification:_identify(src/aerostack2-tcc_lucca/as2_behaviors/as2_behaviors_path_planning) by extensions ['colcon_meta']
[0.261s] Level 1:colcon.colcon_core.package_identification:_identify(src/aerostack2-tcc_lucca/as2_behaviors/as2_behaviors_path_planning) by extension 'colcon_meta'
[0.261s] Level 1:colcon.colcon_core.package_identification:_identify(src/aerostack2-tcc_lucca/as2_behaviors/as2_behaviors_path_planning) by extensions ['ros']
[0.261s] Level 1:colcon.colcon_core.package_identification:_identify(src/aerostack2-tcc_lucca/as2_behaviors/as2_behaviors_path_planning) by extension 'ros'
[0.262s] DEBUG:colcon.colcon_core.package_identification:Package 'src/aerostack2-tcc_lucca/as2_behaviors/as2_behaviors_path_planning' with type 'ros.ament_cmake' and name 'as2_behaviors_path_planning'
[0.262s] Level 1:colcon.colcon_core.package_identification:_identify(src/aerostack2-tcc_lucca/as2_behaviors/as2_behaviors_payload) by extensions ['ignore', 'ignore_ament_install']
[0.262s] Level 1:colcon.colcon_core.package_identification:_identify(src/aerostack2-tcc_lucca/as2_behaviors/as2_behaviors_payload) by extension 'ignore'
[0.262s] Level 1:colcon.colcon_core.package_identification:_identify(src/aerostack2-tcc_lucca/as2_behaviors/as2_behaviors_payload) by extension 'ignore_ament_install'
[0.262s] Level 1:colcon.colcon_core.package_identification:_identify(src/aerostack2-tcc_lucca/as2_behaviors/as2_behaviors_payload) by extensions ['colcon_pkg']
[0.262s] Level 1:colcon.colcon_core.package_identification:_identify(src/aerostack2-tcc_lucca/as2_behaviors/as2_behaviors_payload) by extension 'colcon_pkg'
[0.262s] Level 1:colcon.colcon_core.package_identification:_identify(src/aerostack2-tcc_lucca/as2_behaviors/as2_behaviors_payload) by extensions ['colcon_meta']
[0.262s] Level 1:colcon.colcon_core.package_identification:_identify(src/aerostack2-tcc_lucca/as2_behaviors/as2_behaviors_payload) by extension 'colcon_meta'
[0.262s] Level 1:colcon.colcon_core.package_identification:_identify(src/aerostack2-tcc_lucca/as2_behaviors/as2_behaviors_payload) by extensions ['ros']
[0.262s] Level 1:colcon.colcon_core.package_identification:_identify(src/aerostack2-tcc_lucca/as2_behaviors/as2_behaviors_payload) by extension 'ros'
[0.263s] DEBUG:colcon.colcon_core.package_identification:Package 'src/aerostack2-tcc_lucca/as2_behaviors/as2_behaviors_payload' with type 'ros.ament_cmake' and name 'as2_behaviors_payload'
[0.263s] Level 1:colcon.colcon_core.package_identification:_identify(src/aerostack2-tcc_lucca/as2_behaviors/as2_behaviors_perception) by extensions ['ignore', 'ignore_ament_install']
[0.263s] Level 1:colcon.colcon_core.package_identification:_identify(src/aerostack2-tcc_lucca/as2_behaviors/as2_behaviors_perception) by extension 'ignore'
[0.263s] Level 1:colcon.colcon_core.package_identification:_identify(src/aerostack2-tcc_lucca/as2_behaviors/as2_behaviors_perception) by extension 'ignore_ament_install'
[0.263s] Level 1:colcon.colcon_core.package_identification:_identify(src/aerostack2-tcc_lucca/as2_behaviors/as2_behaviors_perception) by extensions ['colcon_pkg']
[0.263s] Level 1:colcon.colcon_core.package_identification:_identify(src/aerostack2-tcc_lucca/as2_behaviors/as2_behaviors_perception) by extension 'colcon_pkg'
[0.263s] Level 1:colcon.colcon_core.package_identification:_identify(src/aerostack2-tcc_lucca/as2_behaviors/as2_behaviors_perception) by extensions ['colcon_meta']
[0.263s] Level 1:colcon.colcon_core.package_identification:_identify(src/aerostack2-tcc_lucca/as2_behaviors/as2_behaviors_perception) by extension 'colcon_meta'
[0.263s] Level 1:colcon.colcon_core.package_identification:_identify(src/aerostack2-tcc_lucca/as2_behaviors/as2_behaviors_perception) by extensions ['ros']
[0.263s] Level 1:colcon.colcon_core.package_identification:_identify(src/aerostack2-tcc_lucca/as2_behaviors/as2_behaviors_perception) by extension 'ros'
[0.264s] DEBUG:colcon.colcon_core.package_identification:Package 'src/aerostack2-tcc_lucca/as2_behaviors/as2_behaviors_perception' with type 'ros.ament_cmake' and name 'as2_behaviors_perception'
[0.264s] Level 1:colcon.colcon_core.package_identification:_identify(src/aerostack2-tcc_lucca/as2_behaviors/as2_behaviors_platform) by extensions ['ignore', 'ignore_ament_install']
[0.264s] Level 1:colcon.colcon_core.package_identification:_identify(src/aerostack2-tcc_lucca/as2_behaviors/as2_behaviors_platform) by extension 'ignore'
[0.264s] Level 1:colcon.colcon_core.package_identification:_identify(src/aerostack2-tcc_lucca/as2_behaviors/as2_behaviors_platform) by extension 'ignore_ament_install'
[0.264s] Level 1:colcon.colcon_core.package_identification:_identify(src/aerostack2-tcc_lucca/as2_behaviors/as2_behaviors_platform) by extensions ['colcon_pkg']
[0.264s] Level 1:colcon.colcon_core.package_identification:_identify(src/aerostack2-tcc_lucca/as2_behaviors/as2_behaviors_platform) by extension 'colcon_pkg'
[0.264s] Level 1:colcon.colcon_core.package_identification:_identify(src/aerostack2-tcc_lucca/as2_behaviors/as2_behaviors_platform) by extensions ['colcon_meta']
[0.264s] Level 1:colcon.colcon_core.package_identification:_identify(src/aerostack2-tcc_lucca/as2_behaviors/as2_behaviors_platform) by extension 'colcon_meta'
[0.264s] Level 1:colcon.colcon_core.package_identification:_identify(src/aerostack2-tcc_lucca/as2_behaviors/as2_behaviors_platform) by extensions ['ros']
[0.264s] Level 1:colcon.colcon_core.package_identification:_identify(src/aerostack2-tcc_lucca/as2_behaviors/as2_behaviors_platform) by extension 'ros'
[0.265s] DEBUG:colcon.colcon_core.package_identification:Package 'src/aerostack2-tcc_lucca/as2_behaviors/as2_behaviors_platform' with type 'ros.ament_cmake' and name 'as2_behaviors_platform'
[0.265s] Level 1:colcon.colcon_core.package_identification:_identify(src/aerostack2-tcc_lucca/as2_behaviors/as2_behaviors_swarm_flocking) by extensions ['ignore', 'ignore_ament_install']
[0.265s] Level 1:colcon.colcon_core.package_identification:_identify(src/aerostack2-tcc_lucca/as2_behaviors/as2_behaviors_swarm_flocking) by extension 'ignore'
[0.265s] Level 1:colcon.colcon_core.package_identification:_identify(src/aerostack2-tcc_lucca/as2_behaviors/as2_behaviors_swarm_flocking) by extension 'ignore_ament_install'
[0.265s] Level 1:colcon.colcon_core.package_identification:_identify(src/aerostack2-tcc_lucca/as2_behaviors/as2_behaviors_swarm_flocking) by extensions ['colcon_pkg']
[0.265s] Level 1:colcon.colcon_core.package_identification:_identify(src/aerostack2-tcc_lucca/as2_behaviors/as2_behaviors_swarm_flocking) by extension 'colcon_pkg'
[0.265s] Level 1:colcon.colcon_core.package_identification:_identify(src/aerostack2-tcc_lucca/as2_behaviors/as2_behaviors_swarm_flocking) by extensions ['colcon_meta']
[0.265s] Level 1:colcon.colcon_core.package_identification:_identify(src/aerostack2-tcc_lucca/as2_behaviors/as2_behaviors_swarm_flocking) by extension 'colcon_meta'
[0.265s] Level 1:colcon.colcon_core.package_identification:_identify(src/aerostack2-tcc_lucca/as2_behaviors/as2_behaviors_swarm_flocking) by extensions ['ros']
[0.265s] Level 1:colcon.colcon_core.package_identification:_identify(src/aerostack2-tcc_lucca/as2_behaviors/as2_behaviors_swarm_flocking) by extension 'ros'
[0.266s] DEBUG:colcon.colcon_core.package_identification:Package 'src/aerostack2-tcc_lucca/as2_behaviors/as2_behaviors_swarm_flocking' with type 'ros.ament_cmake' and name 'as2_behaviors_swarm_flocking'
[0.266s] Level 1:colcon.colcon_core.package_identification:_identify(src/aerostack2-tcc_lucca/as2_behaviors/as2_behaviors_trajectory_generation) by extensions ['ignore', 'ignore_ament_install']
[0.266s] Level 1:colcon.colcon_core.package_identification:_identify(src/aerostack2-tcc_lucca/as2_behaviors/as2_behaviors_trajectory_generation) by extension 'ignore'
[0.266s] Level 1:colcon.colcon_core.package_identification:_identify(src/aerostack2-tcc_lucca/as2_behaviors/as2_behaviors_trajectory_generation) by extension 'ignore_ament_install'
[0.266s] Level 1:colcon.colcon_core.package_identification:_identify(src/aerostack2-tcc_lucca/as2_behaviors/as2_behaviors_trajectory_generation) by extensions ['colcon_pkg']
[0.266s] Level 1:colcon.colcon_core.package_identification:_identify(src/aerostack2-tcc_lucca/as2_behaviors/as2_behaviors_trajectory_generation) by extension 'colcon_pkg'
[0.266s] Level 1:colcon.colcon_core.package_identification:_identify(src/aerostack2-tcc_lucca/as2_behaviors/as2_behaviors_trajectory_generation) by extensions ['colcon_meta']
[0.266s] Level 1:colcon.colcon_core.package_identification:_identify(src/aerostack2-tcc_lucca/as2_behaviors/as2_behaviors_trajectory_generation) by extension 'colcon_meta'
[0.266s] Level 1:colcon.colcon_core.package_identification:_identify(src/aerostack2-tcc_lucca/as2_behaviors/as2_behaviors_trajectory_generation) by extensions ['ros']
[0.266s] Level 1:colcon.colcon_core.package_identification:_identify(src/aerostack2-tcc_lucca/as2_behaviors/as2_behaviors_trajectory_generation) by extension 'ros'
[0.267s] DEBUG:colcon.colcon_core.package_identification:Package 'src/aerostack2-tcc_lucca/as2_behaviors/as2_behaviors_trajectory_generation' with type 'ros.ament_cmake' and name 'as2_behaviors_trajectory_generation'
[0.267s] Level 1:colcon.colcon_core.package_identification:_identify(src/aerostack2-tcc_lucca/as2_cli) by extensions ['ignore', 'ignore_ament_install']
[0.267s] Level 1:colcon.colcon_core.package_identification:_identify(src/aerostack2-tcc_lucca/as2_cli) by extension 'ignore'
[0.267s] Level 1:colcon.colcon_core.package_identification:_identify(src/aerostack2-tcc_lucca/as2_cli) by extension 'ignore_ament_install'
[0.267s] Level 1:colcon.colcon_core.package_identification:_identify(src/aerostack2-tcc_lucca/as2_cli) by extensions ['colcon_pkg']
[0.267s] Level 1:colcon.colcon_core.package_identification:_identify(src/aerostack2-tcc_lucca/as2_cli) by extension 'colcon_pkg'
[0.267s] Level 1:colcon.colcon_core.package_identification:_identify(src/aerostack2-tcc_lucca/as2_cli) by extensions ['colcon_meta']
[0.267s] Level 1:colcon.colcon_core.package_identification:_identify(src/aerostack2-tcc_lucca/as2_cli) by extension 'colcon_meta'
[0.267s] Level 1:colcon.colcon_core.package_identification:_identify(src/aerostack2-tcc_lucca/as2_cli) by extensions ['ros']
[0.267s] Level 1:colcon.colcon_core.package_identification:_identify(src/aerostack2-tcc_lucca/as2_cli) by extension 'ros'
[0.268s] DEBUG:colcon.colcon_core.package_identification:Package 'src/aerostack2-tcc_lucca/as2_cli' with type 'ros.ament_cmake' and name 'as2_cli'
[0.268s] Level 1:colcon.colcon_core.package_identification:_identify(src/aerostack2-tcc_lucca/as2_core) by extensions ['ignore', 'ignore_ament_install']
[0.268s] Level 1:colcon.colcon_core.package_identification:_identify(src/aerostack2-tcc_lucca/as2_core) by extension 'ignore'
[0.268s] Level 1:colcon.colcon_core.package_identification:_identify(src/aerostack2-tcc_lucca/as2_core) by extension 'ignore_ament_install'
[0.268s] Level 1:colcon.colcon_core.package_identification:_identify(src/aerostack2-tcc_lucca/as2_core) by extensions ['colcon_pkg']
[0.268s] Level 1:colcon.colcon_core.package_identification:_identify(src/aerostack2-tcc_lucca/as2_core) by extension 'colcon_pkg'
[0.268s] Level 1:colcon.colcon_core.package_identification:_identify(src/aerostack2-tcc_lucca/as2_core) by extensions ['colcon_meta']
[0.268s] Level 1:colcon.colcon_core.package_identification:_identify(src/aerostack2-tcc_lucca/as2_core) by extension 'colcon_meta'
[0.268s] Level 1:colcon.colcon_core.package_identification:_identify(src/aerostack2-tcc_lucca/as2_core) by extensions ['ros']
[0.268s] Level 1:colcon.colcon_core.package_identification:_identify(src/aerostack2-tcc_lucca/as2_core) by extension 'ros'
[0.275s] DEBUG:colcon.colcon_core.package_identification:Package 'src/aerostack2-tcc_lucca/as2_core' with type 'ros.ament_cmake' and name 'as2_core'
[0.275s] Level 1:colcon.colcon_core.package_identification:_identify(src/aerostack2-tcc_lucca/as2_hardware_drivers) by extensions ['ignore', 'ignore_ament_install']
[0.275s] Level 1:colcon.colcon_core.package_identification:_identify(src/aerostack2-tcc_lucca/as2_hardware_drivers) by extension 'ignore'
[0.275s] Level 1:colcon.colcon_core.package_identification:_identify(src/aerostack2-tcc_lucca/as2_hardware_drivers) by extension 'ignore_ament_install'
[0.275s] Level 1:colcon.colcon_core.package_identification:_identify(src/aerostack2-tcc_lucca/as2_hardware_drivers) by extensions ['colcon_pkg']
[0.275s] Level 1:colcon.colcon_core.package_identification:_identify(src/aerostack2-tcc_lucca/as2_hardware_drivers) by extension 'colcon_pkg'
[0.275s] Level 1:colcon.colcon_core.package_identification:_identify(src/aerostack2-tcc_lucca/as2_hardware_drivers) by extensions ['colcon_meta']
[0.275s] Level 1:colcon.colcon_core.package_identification:_identify(src/aerostack2-tcc_lucca/as2_hardware_drivers) by extension 'colcon_meta'
[0.275s] Level 1:colcon.colcon_core.package_identification:_identify(src/aerostack2-tcc_lucca/as2_hardware_drivers) by extensions ['ros']
[0.275s] Level 1:colcon.colcon_core.package_identification:_identify(src/aerostack2-tcc_lucca/as2_hardware_drivers) by extension 'ros'
[0.275s] Level 1:colcon.colcon_core.package_identification:_identify(src/aerostack2-tcc_lucca/as2_hardware_drivers) by extensions ['cmake', 'python']
[0.275s] Level 1:colcon.colcon_core.package_identification:_identify(src/aerostack2-tcc_lucca/as2_hardware_drivers) by extension 'cmake'
[0.275s] Level 1:colcon.colcon_core.package_identification:_identify(src/aerostack2-tcc_lucca/as2_hardware_drivers) by extension 'python'
[0.275s] Level 1:colcon.colcon_core.package_identification:_identify(src/aerostack2-tcc_lucca/as2_hardware_drivers) by extensions ['python_setup_py']
[0.275s] Level 1:colcon.colcon_core.package_identification:_identify(src/aerostack2-tcc_lucca/as2_hardware_drivers) by extension 'python_setup_py'
[0.276s] Level 1:colcon.colcon_core.package_identification:_identify(src/aerostack2-tcc_lucca/as2_hardware_drivers/as2_realsense_interface) by extensions ['ignore', 'ignore_ament_install']
[0.276s] Level 1:colcon.colcon_core.package_identification:_identify(src/aerostack2-tcc_lucca/as2_hardware_drivers/as2_realsense_interface) by extension 'ignore'
[0.276s] Level 1:colcon.colcon_core.package_identification:_identify(src/aerostack2-tcc_lucca/as2_hardware_drivers/as2_realsense_interface) by extension 'ignore_ament_install'
[0.276s] Level 1:colcon.colcon_core.package_identification:_identify(src/aerostack2-tcc_lucca/as2_hardware_drivers/as2_realsense_interface) by extensions ['colcon_pkg']
[0.276s] Level 1:colcon.colcon_core.package_identification:_identify(src/aerostack2-tcc_lucca/as2_hardware_drivers/as2_realsense_interface) by extension 'colcon_pkg'
[0.276s] Level 1:colcon.colcon_core.package_identification:_identify(src/aerostack2-tcc_lucca/as2_hardware_drivers/as2_realsense_interface) by extensions ['colcon_meta']
[0.276s] Level 1:colcon.colcon_core.package_identification:_identify(src/aerostack2-tcc_lucca/as2_hardware_drivers/as2_realsense_interface) by extension 'colcon_meta'
[0.276s] Level 1:colcon.colcon_core.package_identification:_identify(src/aerostack2-tcc_lucca/as2_hardware_drivers/as2_realsense_interface) by extensions ['ros']
[0.276s] Level 1:colcon.colcon_core.package_identification:_identify(src/aerostack2-tcc_lucca/as2_hardware_drivers/as2_realsense_interface) by extension 'ros'
[0.276s] DEBUG:colcon.colcon_core.package_identification:Package 'src/aerostack2-tcc_lucca/as2_hardware_drivers/as2_realsense_interface' with type 'ros.ament_cmake' and name 'as2_realsense_interface'
[0.276s] Level 1:colcon.colcon_core.package_identification:_identify(src/aerostack2-tcc_lucca/as2_hardware_drivers/as2_usb_camera_interface) by extensions ['ignore', 'ignore_ament_install']
[0.277s] Level 1:colcon.colcon_core.package_identification:_identify(src/aerostack2-tcc_lucca/as2_hardware_drivers/as2_usb_camera_interface) by extension 'ignore'
[0.277s] Level 1:colcon.colcon_core.package_identification:_identify(src/aerostack2-tcc_lucca/as2_hardware_drivers/as2_usb_camera_interface) by extension 'ignore_ament_install'
[0.277s] Level 1:colcon.colcon_core.package_identification:_identify(src/aerostack2-tcc_lucca/as2_hardware_drivers/as2_usb_camera_interface) by extensions ['colcon_pkg']
[0.277s] Level 1:colcon.colcon_core.package_identification:_identify(src/aerostack2-tcc_lucca/as2_hardware_drivers/as2_usb_camera_interface) by extension 'colcon_pkg'
[0.277s] Level 1:colcon.colcon_core.package_identification:_identify(src/aerostack2-tcc_lucca/as2_hardware_drivers/as2_usb_camera_interface) by extensions ['colcon_meta']
[0.277s] Level 1:colcon.colcon_core.package_identification:_identify(src/aerostack2-tcc_lucca/as2_hardware_drivers/as2_usb_camera_interface) by extension 'colcon_meta'
[0.277s] Level 1:colcon.colcon_core.package_identification:_identify(src/aerostack2-tcc_lucca/as2_hardware_drivers/as2_usb_camera_interface) by extensions ['ros']
[0.277s] Level 1:colcon.colcon_core.package_identification:_identify(src/aerostack2-tcc_lucca/as2_hardware_drivers/as2_usb_camera_interface) by extension 'ros'
[0.277s] DEBUG:colcon.colcon_core.package_identification:Package 'src/aerostack2-tcc_lucca/as2_hardware_drivers/as2_usb_camera_interface' with type 'ros.ament_cmake' and name 'as2_usb_camera_interface'
[0.277s] Level 1:colcon.colcon_core.package_identification:_identify(src/aerostack2-tcc_lucca/as2_map_server) by extensions ['ignore', 'ignore_ament_install']
[0.277s] Level 1:colcon.colcon_core.package_identification:_identify(src/aerostack2-tcc_lucca/as2_map_server) by extension 'ignore'
[0.278s] Level 1:colcon.colcon_core.package_identification:_identify(src/aerostack2-tcc_lucca/as2_map_server) by extension 'ignore_ament_install'
[0.278s] Level 1:colcon.colcon_core.package_identification:_identify(src/aerostack2-tcc_lucca/as2_map_server) by extensions ['colcon_pkg']
[0.278s] Level 1:colcon.colcon_core.package_identification:_identify(src/aerostack2-tcc_lucca/as2_map_server) by extension 'colcon_pkg'
[0.278s] Level 1:colcon.colcon_core.package_identification:_identify(src/aerostack2-tcc_lucca/as2_map_server) by extensions ['colcon_meta']
[0.278s] Level 1:colcon.colcon_core.package_identification:_identify(src/aerostack2-tcc_lucca/as2_map_server) by extension 'colcon_meta'
[0.278s] Level 1:colcon.colcon_core.package_identification:_identify(src/aerostack2-tcc_lucca/as2_map_server) by extensions ['ros']
[0.278s] Level 1:colcon.colcon_core.package_identification:_identify(src/aerostack2-tcc_lucca/as2_map_server) by extension 'ros'
[0.278s] DEBUG:colcon.colcon_core.package_identification:Package 'src/aerostack2-tcc_lucca/as2_map_server' with type 'ros.ament_cmake' and name 'as2_map_server'
[0.278s] Level 1:colcon.colcon_core.package_identification:_identify(src/aerostack2-tcc_lucca/as2_motion_controller) by extensions ['ignore', 'ignore_ament_install']
[0.278s] Level 1:colcon.colcon_core.package_identification:_identify(src/aerostack2-tcc_lucca/as2_motion_controller) by extension 'ignore'
[0.279s] Level 1:colcon.colcon_core.package_identification:_identify(src/aerostack2-tcc_lucca/as2_motion_controller) by extension 'ignore_ament_install'
[0.279s] Level 1:colcon.colcon_core.package_identification:_identify(src/aerostack2-tcc_lucca/as2_motion_controller) by extensions ['colcon_pkg']
[0.279s] Level 1:colcon.colcon_core.package_identification:_identify(src/aerostack2-tcc_lucca/as2_motion_controller) by extension 'colcon_pkg'
[0.279s] Level 1:colcon.colcon_core.package_identification:_identify(src/aerostack2-tcc_lucca/as2_motion_controller) by extensions ['colcon_meta']
[0.279s] Level 1:colcon.colcon_core.package_identification:_identify(src/aerostack2-tcc_lucca/as2_motion_controller) by extension 'colcon_meta'
[0.279s] Level 1:colcon.colcon_core.package_identification:_identify(src/aerostack2-tcc_lucca/as2_motion_controller) by extensions ['ros']
[0.279s] Level 1:colcon.colcon_core.package_identification:_identify(src/aerostack2-tcc_lucca/as2_motion_controller) by extension 'ros'
[0.279s] DEBUG:colcon.colcon_core.package_identification:Package 'src/aerostack2-tcc_lucca/as2_motion_controller' with type 'ros.ament_cmake' and name 'as2_motion_controller'
[0.279s] Level 1:colcon.colcon_core.package_identification:_identify(src/aerostack2-tcc_lucca/as2_motion_reference_handlers) by extensions ['ignore', 'ignore_ament_install']
[0.279s] Level 1:colcon.colcon_core.package_identification:_identify(src/aerostack2-tcc_lucca/as2_motion_reference_handlers) by extension 'ignore'
[0.279s] Level 1:colcon.colcon_core.package_identification:_identify(src/aerostack2-tcc_lucca/as2_motion_reference_handlers) by extension 'ignore_ament_install'
[0.279s] Level 1:colcon.colcon_core.package_identification:_identify(src/aerostack2-tcc_lucca/as2_motion_reference_handlers) by extensions ['colcon_pkg']
[0.279s] Level 1:colcon.colcon_core.package_identification:_identify(src/aerostack2-tcc_lucca/as2_motion_reference_handlers) by extension 'colcon_pkg'
[0.279s] Level 1:colcon.colcon_core.package_identification:_identify(src/aerostack2-tcc_lucca/as2_motion_reference_handlers) by extensions ['colcon_meta']
[0.279s] Level 1:colcon.colcon_core.package_identification:_identify(src/aerostack2-tcc_lucca/as2_motion_reference_handlers) by extension 'colcon_meta'
[0.280s] Level 1:colcon.colcon_core.package_identification:_identify(src/aerostack2-tcc_lucca/as2_motion_reference_handlers) by extensions ['ros']
[0.280s] Level 1:colcon.colcon_core.package_identification:_identify(src/aerostack2-tcc_lucca/as2_motion_reference_handlers) by extension 'ros'
[0.280s] DEBUG:colcon.colcon_core.package_identification:Package 'src/aerostack2-tcc_lucca/as2_motion_reference_handlers' with type 'ros.ament_cmake' and name 'as2_motion_reference_handlers'
[0.280s] Level 1:colcon.colcon_core.package_identification:_identify(src/aerostack2-tcc_lucca/as2_msgs) by extensions ['ignore', 'ignore_ament_install']
[0.280s] Level 1:colcon.colcon_core.package_identification:_identify(src/aerostack2-tcc_lucca/as2_msgs) by extension 'ignore'
[0.280s] Level 1:colcon.colcon_core.package_identification:_identify(src/aerostack2-tcc_lucca/as2_msgs) by extension 'ignore_ament_install'
[0.280s] Level 1:colcon.colcon_core.package_identification:_identify(src/aerostack2-tcc_lucca/as2_msgs) by extensions ['colcon_pkg']
[0.280s] Level 1:colcon.colcon_core.package_identification:_identify(src/aerostack2-tcc_lucca/as2_msgs) by extension 'colcon_pkg'
[0.280s] Level 1:colcon.colcon_core.package_identification:_identify(src/aerostack2-tcc_lucca/as2_msgs) by extensions ['colcon_meta']
[0.280s] Level 1:colcon.colcon_core.package_identification:_identify(src/aerostack2-tcc_lucca/as2_msgs) by extension 'colcon_meta'
[0.280s] Level 1:colcon.colcon_core.package_identification:_identify(src/aerostack2-tcc_lucca/as2_msgs) by extensions ['ros']
[0.280s] Level 1:colcon.colcon_core.package_identification:_identify(src/aerostack2-tcc_lucca/as2_msgs) by extension 'ros'
[0.281s] DEBUG:colcon.colcon_core.package_identification:Package 'src/aerostack2-tcc_lucca/as2_msgs' with type 'ros.ament_cmake' and name 'as2_msgs'
[0.281s] Level 1:colcon.colcon_core.package_identification:_identify(src/aerostack2-tcc_lucca/as2_python_api) by extensions ['ignore', 'ignore_ament_install']
[0.281s] Level 1:colcon.colcon_core.package_identification:_identify(src/aerostack2-tcc_lucca/as2_python_api) by extension 'ignore'
[0.281s] Level 1:colcon.colcon_core.package_identification:_identify(src/aerostack2-tcc_lucca/as2_python_api) by extension 'ignore_ament_install'
[0.281s] Level 1:colcon.colcon_core.package_identification:_identify(src/aerostack2-tcc_lucca/as2_python_api) by extensions ['colcon_pkg']
[0.281s] Level 1:colcon.colcon_core.package_identification:_identify(src/aerostack2-tcc_lucca/as2_python_api) by extension 'colcon_pkg'
[0.282s] Level 1:colcon.colcon_core.package_identification:_identify(src/aerostack2-tcc_lucca/as2_python_api) by extensions ['colcon_meta']
[0.282s] Level 1:colcon.colcon_core.package_identification:_identify(src/aerostack2-tcc_lucca/as2_python_api) by extension 'colcon_meta'
[0.282s] Level 1:colcon.colcon_core.package_identification:_identify(src/aerostack2-tcc_lucca/as2_python_api) by extensions ['ros']
[0.282s] Level 1:colcon.colcon_core.package_identification:_identify(src/aerostack2-tcc_lucca/as2_python_api) by extension 'ros'
[0.282s] DEBUG:colcon.colcon_core.package_identification:Package 'src/aerostack2-tcc_lucca/as2_python_api' with type 'ros.ament_python' and name 'as2_python_api'
[0.283s] Level 1:colcon.colcon_core.package_identification:_identify(src/aerostack2-tcc_lucca/as2_simulation_assets) by extensions ['ignore', 'ignore_ament_install']
[0.283s] Level 1:colcon.colcon_core.package_identification:_identify(src/aerostack2-tcc_lucca/as2_simulation_assets) by extension 'ignore'
[0.283s] Level 1:colcon.colcon_core.package_identification:_identify(src/aerostack2-tcc_lucca/as2_simulation_assets) by extension 'ignore_ament_install'
[0.283s] Level 1:colcon.colcon_core.package_identification:_identify(src/aerostack2-tcc_lucca/as2_simulation_assets) by extensions ['colcon_pkg']
[0.283s] Level 1:colcon.colcon_core.package_identification:_identify(src/aerostack2-tcc_lucca/as2_simulation_assets) by extension 'colcon_pkg'
[0.283s] Level 1:colcon.colcon_core.package_identification:_identify(src/aerostack2-tcc_lucca/as2_simulation_assets) by extensions ['colcon_meta']
[0.283s] Level 1:colcon.colcon_core.package_identification:_identify(src/aerostack2-tcc_lucca/as2_simulation_assets) by extension 'colcon_meta'
[0.283s] Level 1:colcon.colcon_core.package_identification:_identify(src/aerostack2-tcc_lucca/as2_simulation_assets) by extensions ['ros']
[0.283s] Level 1:colcon.colcon_core.package_identification:_identify(src/aerostack2-tcc_lucca/as2_simulation_assets) by extension 'ros'
[0.283s] Level 1:colcon.colcon_core.package_identification:_identify(src/aerostack2-tcc_lucca/as2_simulation_assets) by extensions ['cmake', 'python']
[0.283s] Level 1:colcon.colcon_core.package_identification:_identify(src/aerostack2-tcc_lucca/as2_simulation_assets) by extension 'cmake'
[0.283s] Level 1:colcon.colcon_core.package_identification:_identify(src/aerostack2-tcc_lucca/as2_simulation_assets) by extension 'python'
[0.283s] Level 1:colcon.colcon_core.package_identification:_identify(src/aerostack2-tcc_lucca/as2_simulation_assets) by extensions ['python_setup_py']
[0.283s] Level 1:colcon.colcon_core.package_identification:_identify(src/aerostack2-tcc_lucca/as2_simulation_assets) by extension 'python_setup_py'
[0.283s] Level 1:colcon.colcon_core.package_identification:_identify(src/aerostack2-tcc_lucca/as2_simulation_assets/as2_gazebo_assets) by extensions ['ignore', 'ignore_ament_install']
[0.283s] Level 1:colcon.colcon_core.package_identification:_identify(src/aerostack2-tcc_lucca/as2_simulation_assets/as2_gazebo_assets) by extension 'ignore'
[0.283s] Level 1:colcon.colcon_core.package_identification:_identify(src/aerostack2-tcc_lucca/as2_simulation_assets/as2_gazebo_assets) by extension 'ignore_ament_install'
[0.283s] Level 1:colcon.colcon_core.package_identification:_identify(src/aerostack2-tcc_lucca/as2_simulation_assets/as2_gazebo_assets) by extensions ['colcon_pkg']
[0.283s] Level 1:colcon.colcon_core.package_identification:_identify(src/aerostack2-tcc_lucca/as2_simulation_assets/as2_gazebo_assets) by extension 'colcon_pkg'
[0.283s] Level 1:colcon.colcon_core.package_identification:_identify(src/aerostack2-tcc_lucca/as2_simulation_assets/as2_gazebo_assets) by extensions ['colcon_meta']
[0.283s] Level 1:colcon.colcon_core.package_identification:_identify(src/aerostack2-tcc_lucca/as2_simulation_assets/as2_gazebo_assets) by extension 'colcon_meta'
[0.283s] Level 1:colcon.colcon_core.package_identification:_identify(src/aerostack2-tcc_lucca/as2_simulation_assets/as2_gazebo_assets) by extensions ['ros']
[0.283s] Level 1:colcon.colcon_core.package_identification:_identify(src/aerostack2-tcc_lucca/as2_simulation_assets/as2_gazebo_assets) by extension 'ros'
[0.284s] DEBUG:colcon.colcon_core.package_identification:Package 'src/aerostack2-tcc_lucca/as2_simulation_assets/as2_gazebo_assets' with type 'ros.ament_cmake' and name 'as2_gazebo_assets'
[0.284s] Level 1:colcon.colcon_core.package_identification:_identify(src/aerostack2-tcc_lucca/as2_state_estimator) by extensions ['ignore', 'ignore_ament_install']
[0.284s] Level 1:colcon.colcon_core.package_identification:_identify(src/aerostack2-tcc_lucca/as2_state_estimator) by extension 'ignore'
[0.284s] Level 1:colcon.colcon_core.package_identification:_identify(src/aerostack2-tcc_lucca/as2_state_estimator) by extension 'ignore_ament_install'
[0.284s] Level 1:colcon.colcon_core.package_identification:_identify(src/aerostack2-tcc_lucca/as2_state_estimator) by extensions ['colcon_pkg']
[0.284s] Level 1:colcon.colcon_core.package_identification:_identify(src/aerostack2-tcc_lucca/as2_state_estimator) by extension 'colcon_pkg'
[0.284s] Level 1:colcon.colcon_core.package_identification:_identify(src/aerostack2-tcc_lucca/as2_state_estimator) by extensions ['colcon_meta']
[0.284s] Level 1:colcon.colcon_core.package_identification:_identify(src/aerostack2-tcc_lucca/as2_state_estimator) by extension 'colcon_meta'
[0.284s] Level 1:colcon.colcon_core.package_identification:_identify(src/aerostack2-tcc_lucca/as2_state_estimator) by extensions ['ros']
[0.284s] Level 1:colcon.colcon_core.package_identification:_identify(src/aerostack2-tcc_lucca/as2_state_estimator) by extension 'ros'
[0.285s] DEBUG:colcon.colcon_core.package_identification:Package 'src/aerostack2-tcc_lucca/as2_state_estimator' with type 'ros.ament_cmake' and name 'as2_state_estimator'
[0.285s] Level 1:colcon.colcon_core.package_identification:_identify(src/aerostack2-tcc_lucca/as2_user_interfaces) by extensions ['ignore', 'ignore_ament_install']
[0.285s] Level 1:colcon.colcon_core.package_identification:_identify(src/aerostack2-tcc_lucca/as2_user_interfaces) by extension 'ignore'
[0.285s] Level 1:colcon.colcon_core.package_identification:_identify(src/aerostack2-tcc_lucca/as2_user_interfaces) by extension 'ignore_ament_install'
[0.285s] Level 1:colcon.colcon_core.package_identification:_identify(src/aerostack2-tcc_lucca/as2_user_interfaces) by extensions ['colcon_pkg']
[0.285s] Level 1:colcon.colcon_core.package_identification:_identify(src/aerostack2-tcc_lucca/as2_user_interfaces) by extension 'colcon_pkg'
[0.285s] Level 1:colcon.colcon_core.package_identification:_identify(src/aerostack2-tcc_lucca/as2_user_interfaces) by extensions ['colcon_meta']
[0.285s] Level 1:colcon.colcon_core.package_identification:_identify(src/aerostack2-tcc_lucca/as2_user_interfaces) by extension 'colcon_meta'
[0.285s] Level 1:colcon.colcon_core.package_identification:_identify(src/aerostack2-tcc_lucca/as2_user_interfaces) by extensions ['ros']
[0.285s] Level 1:colcon.colcon_core.package_identification:_identify(src/aerostack2-tcc_lucca/as2_user_interfaces) by extension 'ros'
[0.285s] Level 1:colcon.colcon_core.package_identification:_identify(src/aerostack2-tcc_lucca/as2_user_interfaces) by extensions ['cmake', 'python']
[0.285s] Level 1:colcon.colcon_core.package_identification:_identify(src/aerostack2-tcc_lucca/as2_user_interfaces) by extension 'cmake'
[0.285s] Level 1:colcon.colcon_core.package_identification:_identify(src/aerostack2-tcc_lucca/as2_user_interfaces) by extension 'python'
[0.285s] Level 1:colcon.colcon_core.package_identification:_identify(src/aerostack2-tcc_lucca/as2_user_interfaces) by extensions ['python_setup_py']
[0.285s] Level 1:colcon.colcon_core.package_identification:_identify(src/aerostack2-tcc_lucca/as2_user_interfaces) by extension 'python_setup_py'
[0.285s] Level 1:colcon.colcon_core.package_identification:_identify(src/aerostack2-tcc_lucca/as2_user_interfaces/as2_alphanumeric_viewer) by extensions ['ignore', 'ignore_ament_install']
[0.285s] Level 1:colcon.colcon_core.package_identification:_identify(src/aerostack2-tcc_lucca/as2_user_interfaces/as2_alphanumeric_viewer) by extension 'ignore'
[0.285s] Level 1:colcon.colcon_core.package_identification:_identify(src/aerostack2-tcc_lucca/as2_user_interfaces/as2_alphanumeric_viewer) by extension 'ignore_ament_install'
[0.285s] Level 1:colcon.colcon_core.package_identification:_identify(src/aerostack2-tcc_lucca/as2_user_interfaces/as2_alphanumeric_viewer) by extensions ['colcon_pkg']
[0.285s] Level 1:colcon.colcon_core.package_identification:_identify(src/aerostack2-tcc_lucca/as2_user_interfaces/as2_alphanumeric_viewer) by extension 'colcon_pkg'
[0.285s] Level 1:colcon.colcon_core.package_identification:_identify(src/aerostack2-tcc_lucca/as2_user_interfaces/as2_alphanumeric_viewer) by extensions ['colcon_meta']
[0.285s] Level 1:colcon.colcon_core.package_identification:_identify(src/aerostack2-tcc_lucca/as2_user_interfaces/as2_alphanumeric_viewer) by extension 'colcon_meta'
[0.285s] Level 1:colcon.colcon_core.package_identification:_identify(src/aerostack2-tcc_lucca/as2_user_interfaces/as2_alphanumeric_viewer) by extensions ['ros']
[0.285s] Level 1:colcon.colcon_core.package_identification:_identify(src/aerostack2-tcc_lucca/as2_user_interfaces/as2_alphanumeric_viewer) by extension 'ros'
[0.286s] DEBUG:colcon.colcon_core.package_identification:Package 'src/aerostack2-tcc_lucca/as2_user_interfaces/as2_alphanumeric_viewer' with type 'ros.ament_cmake' and name 'as2_alphanumeric_viewer'
[0.286s] Level 1:colcon.colcon_core.package_identification:_identify(src/aerostack2-tcc_lucca/as2_user_interfaces/as2_keyboard_teleoperation) by extensions ['ignore', 'ignore_ament_install']
[0.286s] Level 1:colcon.colcon_core.package_identification:_identify(src/aerostack2-tcc_lucca/as2_user_interfaces/as2_keyboard_teleoperation) by extension 'ignore'
[0.286s] Level 1:colcon.colcon_core.package_identification:_identify(src/aerostack2-tcc_lucca/as2_user_interfaces/as2_keyboard_teleoperation) by extension 'ignore_ament_install'
[0.286s] Level 1:colcon.colcon_core.package_identification:_identify(src/aerostack2-tcc_lucca/as2_user_interfaces/as2_keyboard_teleoperation) by extensions ['colcon_pkg']
[0.286s] Level 1:colcon.colcon_core.package_identification:_identify(src/aerostack2-tcc_lucca/as2_user_interfaces/as2_keyboard_teleoperation) by extension 'colcon_pkg'
[0.286s] Level 1:colcon.colcon_core.package_identification:_identify(src/aerostack2-tcc_lucca/as2_user_interfaces/as2_keyboard_teleoperation) by extensions ['colcon_meta']
[0.286s] Level 1:colcon.colcon_core.package_identification:_identify(src/aerostack2-tcc_lucca/as2_user_interfaces/as2_keyboard_teleoperation) by extension 'colcon_meta'
[0.286s] Level 1:colcon.colcon_core.package_identification:_identify(src/aerostack2-tcc_lucca/as2_user_interfaces/as2_keyboard_teleoperation) by extensions ['ros']
[0.286s] Level 1:colcon.colcon_core.package_identification:_identify(src/aerostack2-tcc_lucca/as2_user_interfaces/as2_keyboard_teleoperation) by extension 'ros'
[0.287s] DEBUG:colcon.colcon_core.package_identification:Package 'src/aerostack2-tcc_lucca/as2_user_interfaces/as2_keyboard_teleoperation' with type 'ros.ament_python' and name 'as2_keyboard_teleoperation'
[0.287s] Level 1:colcon.colcon_core.package_identification:_identify(src/aerostack2-tcc_lucca/as2_user_interfaces/as2_visualization) by extensions ['ignore', 'ignore_ament_install']
[0.287s] Level 1:colcon.colcon_core.package_identification:_identify(src/aerostack2-tcc_lucca/as2_user_interfaces/as2_visualization) by extension 'ignore'
[0.287s] Level 1:colcon.colcon_core.package_identification:_identify(src/aerostack2-tcc_lucca/as2_user_interfaces/as2_visualization) by extension 'ignore_ament_install'
[0.287s] Level 1:colcon.colcon_core.package_identification:_identify(src/aerostack2-tcc_lucca/as2_user_interfaces/as2_visualization) by extensions ['colcon_pkg']
[0.287s] Level 1:colcon.colcon_core.package_identification:_identify(src/aerostack2-tcc_lucca/as2_user_interfaces/as2_visualization) by extension 'colcon_pkg'
[0.287s] Level 1:colcon.colcon_core.package_identification:_identify(src/aerostack2-tcc_lucca/as2_user_interfaces/as2_visualization) by extensions ['colcon_meta']
[0.287s] Level 1:colcon.colcon_core.package_identification:_identify(src/aerostack2-tcc_lucca/as2_user_interfaces/as2_visualization) by extension 'colcon_meta'
[0.287s] Level 1:colcon.colcon_core.package_identification:_identify(src/aerostack2-tcc_lucca/as2_user_interfaces/as2_visualization) by extensions ['ros']
[0.287s] Level 1:colcon.colcon_core.package_identification:_identify(src/aerostack2-tcc_lucca/as2_user_interfaces/as2_visualization) by extension 'ros'
[0.287s] Level 1:colcon.colcon_core.package_identification:_identify(src/aerostack2-tcc_lucca/as2_user_interfaces/as2_visualization) by extensions ['cmake', 'python']
[0.287s] Level 1:colcon.colcon_core.package_identification:_identify(src/aerostack2-tcc_lucca/as2_user_interfaces/as2_visualization) by extension 'cmake'
[0.287s] Level 1:colcon.colcon_core.package_identification:_identify(src/aerostack2-tcc_lucca/as2_user_interfaces/as2_visualization) by extension 'python'
[0.287s] Level 1:colcon.colcon_core.package_identification:_identify(src/aerostack2-tcc_lucca/as2_user_interfaces/as2_visualization) by extensions ['python_setup_py']
[0.287s] Level 1:colcon.colcon_core.package_identification:_identify(src/aerostack2-tcc_lucca/as2_user_interfaces/as2_visualization) by extension 'python_setup_py'
[0.287s] Level 1:colcon.colcon_core.package_identification:_identify(src/aerostack2-tcc_lucca/as2_user_interfaces/as2_visualization/as2_rviz_plugins) by extensions ['ignore', 'ignore_ament_install']
[0.287s] Level 1:colcon.colcon_core.package_identification:_identify(src/aerostack2-tcc_lucca/as2_user_interfaces/as2_visualization/as2_rviz_plugins) by extension 'ignore'
[0.287s] Level 1:colcon.colcon_core.package_identification:_identify(src/aerostack2-tcc_lucca/as2_user_interfaces/as2_visualization/as2_rviz_plugins) by extension 'ignore_ament_install'
[0.287s] Level 1:colcon.colcon_core.package_identification:_identify(src/aerostack2-tcc_lucca/as2_user_interfaces/as2_visualization/as2_rviz_plugins) by extensions ['colcon_pkg']
[0.287s] Level 1:colcon.colcon_core.package_identification:_identify(src/aerostack2-tcc_lucca/as2_user_interfaces/as2_visualization/as2_rviz_plugins) by extension 'colcon_pkg'
[0.287s] Level 1:colcon.colcon_core.package_identification:_identify(src/aerostack2-tcc_lucca/as2_user_interfaces/as2_visualization/as2_rviz_plugins) by extensions ['colcon_meta']
[0.287s] Level 1:colcon.colcon_core.package_identification:_identify(src/aerostack2-tcc_lucca/as2_user_interfaces/as2_visualization/as2_rviz_plugins) by extension 'colcon_meta'
[0.287s] Level 1:colcon.colcon_core.package_identification:_identify(src/aerostack2-tcc_lucca/as2_user_interfaces/as2_visualization/as2_rviz_plugins) by extensions ['ros']
[0.287s] Level 1:colcon.colcon_core.package_identification:_identify(src/aerostack2-tcc_lucca/as2_user_interfaces/as2_visualization/as2_rviz_plugins) by extension 'ros'
[0.288s] DEBUG:colcon.colcon_core.package_identification:Package 'src/aerostack2-tcc_lucca/as2_user_interfaces/as2_visualization/as2_rviz_plugins' with type 'ros.ament_cmake' and name 'as2_rviz_plugins'
[0.288s] Level 1:colcon.colcon_core.package_identification:_identify(src/aerostack2-tcc_lucca/as2_user_interfaces/as2_visualization/as2_visualization) by extensions ['ignore', 'ignore_ament_install']
[0.288s] Level 1:colcon.colcon_core.package_identification:_identify(src/aerostack2-tcc_lucca/as2_user_interfaces/as2_visualization/as2_visualization) by extension 'ignore'
[0.288s] Level 1:colcon.colcon_core.package_identification:_identify(src/aerostack2-tcc_lucca/as2_user_interfaces/as2_visualization/as2_visualization) by extension 'ignore_ament_install'
[0.288s] Level 1:colcon.colcon_core.package_identification:_identify(src/aerostack2-tcc_lucca/as2_user_interfaces/as2_visualization/as2_visualization) by extensions ['colcon_pkg']
[0.288s] Level 1:colcon.colcon_core.package_identification:_identify(src/aerostack2-tcc_lucca/as2_user_interfaces/as2_visualization/as2_visualization) by extension 'colcon_pkg'
[0.288s] Level 1:colcon.colcon_core.package_identification:_identify(src/aerostack2-tcc_lucca/as2_user_interfaces/as2_visualization/as2_visualization) by extensions ['colcon_meta']
[0.288s] Level 1:colcon.colcon_core.package_identification:_identify(src/aerostack2-tcc_lucca/as2_user_interfaces/as2_visualization/as2_visualization) by extension 'colcon_meta'
[0.288s] Level 1:colcon.colcon_core.package_identification:_identify(src/aerostack2-tcc_lucca/as2_user_interfaces/as2_visualization/as2_visualization) by extensions ['ros']
[0.288s] Level 1:colcon.colcon_core.package_identification:_identify(src/aerostack2-tcc_lucca/as2_user_interfaces/as2_visualization/as2_visualization) by extension 'ros'
[0.289s] DEBUG:colcon.colcon_core.package_identification:Package 'src/aerostack2-tcc_lucca/as2_user_interfaces/as2_visualization/as2_visualization' with type 'ros.ament_python' and name 'as2_visualization'
[0.289s] Level 1:colcon.colcon_core.package_identification:_identify(src/aerostack2-tcc_lucca/as2_utilities) by extensions ['ignore', 'ignore_ament_install']
[0.289s] Level 1:colcon.colcon_core.package_identification:_identify(src/aerostack2-tcc_lucca/as2_utilities) by extension 'ignore'
[0.289s] Level 1:colcon.colcon_core.package_identification:_identify(src/aerostack2-tcc_lucca/as2_utilities) by extension 'ignore_ament_install'
[0.289s] Level 1:colcon.colcon_core.package_identification:_identify(src/aerostack2-tcc_lucca/as2_utilities) by extensions ['colcon_pkg']
[0.289s] Level 1:colcon.colcon_core.package_identification:_identify(src/aerostack2-tcc_lucca/as2_utilities) by extension 'colcon_pkg'
[0.289s] Level 1:colcon.colcon_core.package_identification:_identify(src/aerostack2-tcc_lucca/as2_utilities) by extensions ['colcon_meta']
[0.289s] Level 1:colcon.colcon_core.package_identification:_identify(src/aerostack2-tcc_lucca/as2_utilities) by extension 'colcon_meta'
[0.289s] Level 1:colcon.colcon_core.package_identification:_identify(src/aerostack2-tcc_lucca/as2_utilities) by extensions ['ros']
[0.289s] Level 1:colcon.colcon_core.package_identification:_identify(src/aerostack2-tcc_lucca/as2_utilities) by extension 'ros'
[0.289s] Level 1:colcon.colcon_core.package_identification:_identify(src/aerostack2-tcc_lucca/as2_utilities) by extensions ['cmake', 'python']
[0.289s] Level 1:colcon.colcon_core.package_identification:_identify(src/aerostack2-tcc_lucca/as2_utilities) by extension 'cmake'
[0.289s] Level 1:colcon.colcon_core.package_identification:_identify(src/aerostack2-tcc_lucca/as2_utilities) by extension 'python'
[0.289s] Level 1:colcon.colcon_core.package_identification:_identify(src/aerostack2-tcc_lucca/as2_utilities) by extensions ['python_setup_py']
[0.289s] Level 1:colcon.colcon_core.package_identification:_identify(src/aerostack2-tcc_lucca/as2_utilities) by extension 'python_setup_py'
[0.289s] Level 1:colcon.colcon_core.package_identification:_identify(src/aerostack2-tcc_lucca/as2_utilities/as2_external_object_to_tf) by extensions ['ignore', 'ignore_ament_install']
[0.289s] Level 1:colcon.colcon_core.package_identification:_identify(src/aerostack2-tcc_lucca/as2_utilities/as2_external_object_to_tf) by extension 'ignore'
[0.289s] Level 1:colcon.colcon_core.package_identification:_identify(src/aerostack2-tcc_lucca/as2_utilities/as2_external_object_to_tf) by extension 'ignore_ament_install'
[0.289s] Level 1:colcon.colcon_core.package_identification:_identify(src/aerostack2-tcc_lucca/as2_utilities/as2_external_object_to_tf) by extensions ['colcon_pkg']
[0.289s] Level 1:colcon.colcon_core.package_identification:_identify(src/aerostack2-tcc_lucca/as2_utilities/as2_external_object_to_tf) by extension 'colcon_pkg'
[0.289s] Level 1:colcon.colcon_core.package_identification:_identify(src/aerostack2-tcc_lucca/as2_utilities/as2_external_object_to_tf) by extensions ['colcon_meta']
[0.289s] Level 1:colcon.colcon_core.package_identification:_identify(src/aerostack2-tcc_lucca/as2_utilities/as2_external_object_to_tf) by extension 'colcon_meta'
[0.289s] Level 1:colcon.colcon_core.package_identification:_identify(src/aerostack2-tcc_lucca/as2_utilities/as2_external_object_to_tf) by extensions ['ros']
[0.289s] Level 1:colcon.colcon_core.package_identification:_identify(src/aerostack2-tcc_lucca/as2_utilities/as2_external_object_to_tf) by extension 'ros'
[0.290s] DEBUG:colcon.colcon_core.package_identification:Package 'src/aerostack2-tcc_lucca/as2_utilities/as2_external_object_to_tf' with type 'ros.ament_cmake' and name 'as2_external_object_to_tf'
[0.290s] Level 1:colcon.colcon_core.package_identification:_identify(src/aerostack2-tcc_lucca/as2_utilities/as2_geozones) by extensions ['ignore', 'ignore_ament_install']
[0.290s] Level 1:colcon.colcon_core.package_identification:_identify(src/aerostack2-tcc_lucca/as2_utilities/as2_geozones) by extension 'ignore'
[0.290s] Level 1:colcon.colcon_core.package_identification:_identify(src/aerostack2-tcc_lucca/as2_utilities/as2_geozones) by extension 'ignore_ament_install'
[0.290s] Level 1:colcon.colcon_core.package_identification:_identify(src/aerostack2-tcc_lucca/as2_utilities/as2_geozones) by extensions ['colcon_pkg']
[0.290s] Level 1:colcon.colcon_core.package_identification:_identify(src/aerostack2-tcc_lucca/as2_utilities/as2_geozones) by extension 'colcon_pkg'
[0.290s] Level 1:colcon.colcon_core.package_identification:_identify(src/aerostack2-tcc_lucca/as2_utilities/as2_geozones) by extensions ['colcon_meta']
[0.290s] Level 1:colcon.colcon_core.package_identification:_identify(src/aerostack2-tcc_lucca/as2_utilities/as2_geozones) by extension 'colcon_meta'
[0.290s] Level 1:colcon.colcon_core.package_identification:_identify(src/aerostack2-tcc_lucca/as2_utilities/as2_geozones) by extensions ['ros']
[0.290s] Level 1:colcon.colcon_core.package_identification:_identify(src/aerostack2-tcc_lucca/as2_utilities/as2_geozones) by extension 'ros'
[0.291s] DEBUG:colcon.colcon_core.package_identification:Package 'src/aerostack2-tcc_lucca/as2_utilities/as2_geozones' with type 'ros.ament_cmake' and name 'as2_geozones'
[0.291s] Level 1:colcon.colcon_core.package_identification:_identify(src/aerostack2-tcc_lucca/build) by extensions ['ignore', 'ignore_ament_install']
[0.291s] Level 1:colcon.colcon_core.package_identification:_identify(src/aerostack2-tcc_lucca/build) by extension 'ignore'
[0.291s] Level 1:colcon.colcon_core.package_identification:_identify(src/aerostack2-tcc_lucca/build) ignored
[0.291s] Level 1:colcon.colcon_core.package_identification:_identify(src/aerostack2-tcc_lucca/docker) by extensions ['ignore', 'ignore_ament_install']
[0.291s] Level 1:colcon.colcon_core.package_identification:_identify(src/aerostack2-tcc_lucca/docker) by extension 'ignore'
[0.291s] Level 1:colcon.colcon_core.package_identification:_identify(src/aerostack2-tcc_lucca/docker) by extension 'ignore_ament_install'
[0.291s] Level 1:colcon.colcon_core.package_identification:_identify(src/aerostack2-tcc_lucca/docker) by extensions ['colcon_pkg']
[0.291s] Level 1:colcon.colcon_core.package_identification:_identify(src/aerostack2-tcc_lucca/docker) by extension 'colcon_pkg'
[0.292s] Level 1:colcon.colcon_core.package_identification:_identify(src/aerostack2-tcc_lucca/docker) by extensions ['colcon_meta']
[0.292s] Level 1:colcon.colcon_core.package_identification:_identify(src/aerostack2-tcc_lucca/docker) by extension 'colcon_meta'
[0.292s] Level 1:colcon.colcon_core.package_identification:_identify(src/aerostack2-tcc_lucca/docker) by extensions ['ros']
[0.292s] Level 1:colcon.colcon_core.package_identification:_identify(src/aerostack2-tcc_lucca/docker) by extension 'ros'
[0.292s] Level 1:colcon.colcon_core.package_identification:_identify(src/aerostack2-tcc_lucca/docker) by extensions ['cmake', 'python']
[0.292s] Level 1:colcon.colcon_core.package_identification:_identify(src/aerostack2-tcc_lucca/docker) by extension 'cmake'
[0.292s] Level 1:colcon.colcon_core.package_identification:_identify(src/aerostack2-tcc_lucca/docker) by extension 'python'
[0.292s] Level 1:colcon.colcon_core.package_identification:_identify(src/aerostack2-tcc_lucca/docker) by extensions ['python_setup_py']
[0.292s] Level 1:colcon.colcon_core.package_identification:_identify(src/aerostack2-tcc_lucca/docker) by extension 'python_setup_py'
[0.292s] Level 1:colcon.colcon_core.package_identification:_identify(src/aerostack2-tcc_lucca/docker/galactic) by extensions ['ignore', 'ignore_ament_install']
[0.292s] Level 1:colcon.colcon_core.package_identification:_identify(src/aerostack2-tcc_lucca/docker/galactic) by extension 'ignore'
[0.292s] Level 1:colcon.colcon_core.package_identification:_identify(src/aerostack2-tcc_lucca/docker/galactic) by extension 'ignore_ament_install'
[0.292s] Level 1:colcon.colcon_core.package_identification:_identify(src/aerostack2-tcc_lucca/docker/galactic) by extensions ['colcon_pkg']
[0.292s] Level 1:colcon.colcon_core.package_identification:_identify(src/aerostack2-tcc_lucca/docker/galactic) by extension 'colcon_pkg'
[0.292s] Level 1:colcon.colcon_core.package_identification:_identify(src/aerostack2-tcc_lucca/docker/galactic) by extensions ['colcon_meta']
[0.292s] Level 1:colcon.colcon_core.package_identification:_identify(src/aerostack2-tcc_lucca/docker/galactic) by extension 'colcon_meta'
[0.292s] Level 1:colcon.colcon_core.package_identification:_identify(src/aerostack2-tcc_lucca/docker/galactic) by extensions ['ros']
[0.292s] Level 1:colcon.colcon_core.package_identification:_identify(src/aerostack2-tcc_lucca/docker/galactic) by extension 'ros'
[0.292s] Level 1:colcon.colcon_core.package_identification:_identify(src/aerostack2-tcc_lucca/docker/galactic) by extensions ['cmake', 'python']
[0.292s] Level 1:colcon.colcon_core.package_identification:_identify(src/aerostack2-tcc_lucca/docker/galactic) by extension 'cmake'
[0.292s] Level 1:colcon.colcon_core.package_identification:_identify(src/aerostack2-tcc_lucca/docker/galactic) by extension 'python'
[0.292s] Level 1:colcon.colcon_core.package_identification:_identify(src/aerostack2-tcc_lucca/docker/galactic) by extensions ['python_setup_py']
[0.292s] Level 1:colcon.colcon_core.package_identification:_identify(src/aerostack2-tcc_lucca/docker/galactic) by extension 'python_setup_py'
[0.292s] Level 1:colcon.colcon_core.package_identification:_identify(src/aerostack2-tcc_lucca/docker/humble) by extensions ['ignore', 'ignore_ament_install']
[0.292s] Level 1:colcon.colcon_core.package_identification:_identify(src/aerostack2-tcc_lucca/docker/humble) by extension 'ignore'
[0.292s] Level 1:colcon.colcon_core.package_identification:_identify(src/aerostack2-tcc_lucca/docker/humble) by extension 'ignore_ament_install'
[0.292s] Level 1:colcon.colcon_core.package_identification:_identify(src/aerostack2-tcc_lucca/docker/humble) by extensions ['colcon_pkg']
[0.292s] Level 1:colcon.colcon_core.package_identification:_identify(src/aerostack2-tcc_lucca/docker/humble) by extension 'colcon_pkg'
[0.292s] Level 1:colcon.colcon_core.package_identification:_identify(src/aerostack2-tcc_lucca/docker/humble) by extensions ['colcon_meta']
[0.292s] Level 1:colcon.colcon_core.package_identification:_identify(src/aerostack2-tcc_lucca/docker/humble) by extension 'colcon_meta'
[0.292s] Level 1:colcon.colcon_core.package_identification:_identify(src/aerostack2-tcc_lucca/docker/humble) by extensions ['ros']
[0.292s] Level 1:colcon.colcon_core.package_identification:_identify(src/aerostack2-tcc_lucca/docker/humble) by extension 'ros'
[0.292s] Level 1:colcon.colcon_core.package_identification:_identify(src/aerostack2-tcc_lucca/docker/humble) by extensions ['cmake', 'python']
[0.292s] Level 1:colcon.colcon_core.package_identification:_identify(src/aerostack2-tcc_lucca/docker/humble) by extension 'cmake'
[0.292s] Level 1:colcon.colcon_core.package_identification:_identify(src/aerostack2-tcc_lucca/docker/humble) by extension 'python'
[0.292s] Level 1:colcon.colcon_core.package_identification:_identify(src/aerostack2-tcc_lucca/docker/humble) by extensions ['python_setup_py']
[0.292s] Level 1:colcon.colcon_core.package_identification:_identify(src/aerostack2-tcc_lucca/docker/humble) by extension 'python_setup_py'
[0.292s] Level 1:colcon.colcon_core.package_identification:_identify(src/aerostack2-tcc_lucca/docker/humble_gzharmonic) by extensions ['ignore', 'ignore_ament_install']
[0.293s] Level 1:colcon.colcon_core.package_identification:_identify(src/aerostack2-tcc_lucca/docker/humble_gzharmonic) by extension 'ignore'
[0.293s] Level 1:colcon.colcon_core.package_identification:_identify(src/aerostack2-tcc_lucca/docker/humble_gzharmonic) by extension 'ignore_ament_install'
[0.293s] Level 1:colcon.colcon_core.package_identification:_identify(src/aerostack2-tcc_lucca/docker/humble_gzharmonic) by extensions ['colcon_pkg']
[0.293s] Level 1:colcon.colcon_core.package_identification:_identify(src/aerostack2-tcc_lucca/docker/humble_gzharmonic) by extension 'colcon_pkg'
[0.293s] Level 1:colcon.colcon_core.package_identification:_identify(src/aerostack2-tcc_lucca/docker/humble_gzharmonic) by extensions ['colcon_meta']
[0.293s] Level 1:colcon.colcon_core.package_identification:_identify(src/aerostack2-tcc_lucca/docker/humble_gzharmonic) by extension 'colcon_meta'
[0.293s] Level 1:colcon.colcon_core.package_identification:_identify(src/aerostack2-tcc_lucca/docker/humble_gzharmonic) by extensions ['ros']
[0.293s] Level 1:colcon.colcon_core.package_identification:_identify(src/aerostack2-tcc_lucca/docker/humble_gzharmonic) by extension 'ros'
[0.293s] Level 1:colcon.colcon_core.package_identification:_identify(src/aerostack2-tcc_lucca/docker/humble_gzharmonic) by extensions ['cmake', 'python']
[0.293s] Level 1:colcon.colcon_core.package_identification:_identify(src/aerostack2-tcc_lucca/docker/humble_gzharmonic) by extension 'cmake'
[0.293s] Level 1:colcon.colcon_core.package_identification:_identify(src/aerostack2-tcc_lucca/docker/humble_gzharmonic) by extension 'python'
[0.293s] Level 1:colcon.colcon_core.package_identification:_identify(src/aerostack2-tcc_lucca/docker/humble_gzharmonic) by extensions ['python_setup_py']
[0.293s] Level 1:colcon.colcon_core.package_identification:_identify(src/aerostack2-tcc_lucca/docker/humble_gzharmonic) by extension 'python_setup_py'
[0.293s] Level 1:colcon.colcon_core.package_identification:_identify(src/aerostack2-tcc_lucca/docker/humble_vnc) by extensions ['ignore', 'ignore_ament_install']
[0.293s] Level 1:colcon.colcon_core.package_identification:_identify(src/aerostack2-tcc_lucca/docker/humble_vnc) by extension 'ignore'
[0.293s] Level 1:colcon.colcon_core.package_identification:_identify(src/aerostack2-tcc_lucca/docker/humble_vnc) by extension 'ignore_ament_install'
[0.293s] Level 1:colcon.colcon_core.package_identification:_identify(src/aerostack2-tcc_lucca/docker/humble_vnc) by extensions ['colcon_pkg']
[0.293s] Level 1:colcon.colcon_core.package_identification:_identify(src/aerostack2-tcc_lucca/docker/humble_vnc) by extension 'colcon_pkg'
[0.293s] Level 1:colcon.colcon_core.package_identification:_identify(src/aerostack2-tcc_lucca/docker/humble_vnc) by extensions ['colcon_meta']
[0.293s] Level 1:colcon.colcon_core.package_identification:_identify(src/aerostack2-tcc_lucca/docker/humble_vnc) by extension 'colcon_meta'
[0.293s] Level 1:colcon.colcon_core.package_identification:_identify(src/aerostack2-tcc_lucca/docker/humble_vnc) by extensions ['ros']
[0.293s] Level 1:colcon.colcon_core.package_identification:_identify(src/aerostack2-tcc_lucca/docker/humble_vnc) by extension 'ros'
[0.293s] Level 1:colcon.colcon_core.package_identification:_identify(src/aerostack2-tcc_lucca/docker/humble_vnc) by extensions ['cmake', 'python']
[0.293s] Level 1:colcon.colcon_core.package_identification:_identify(src/aerostack2-tcc_lucca/docker/humble_vnc) by extension 'cmake'
[0.293s] Level 1:colcon.colcon_core.package_identification:_identify(src/aerostack2-tcc_lucca/docker/humble_vnc) by extension 'python'
[0.293s] Level 1:colcon.colcon_core.package_identification:_identify(src/aerostack2-tcc_lucca/docker/humble_vnc) by extensions ['python_setup_py']
[0.293s] Level 1:colcon.colcon_core.package_identification:_identify(src/aerostack2-tcc_lucca/docker/humble_vnc) by extension 'python_setup_py'
[0.293s] Level 1:colcon.colcon_core.package_identification:_identify(src/aerostack2-tcc_lucca/install) by extensions ['ignore', 'ignore_ament_install']
[0.293s] Level 1:colcon.colcon_core.package_identification:_identify(src/aerostack2-tcc_lucca/install) by extension 'ignore'
[0.293s] Level 1:colcon.colcon_core.package_identification:_identify(src/aerostack2-tcc_lucca/install) ignored
[0.293s] Level 1:colcon.colcon_core.package_identification:_identify(src/aerostack2-tcc_lucca/log) by extensions ['ignore', 'ignore_ament_install']
[0.293s] Level 1:colcon.colcon_core.package_identification:_identify(src/aerostack2-tcc_lucca/log) by extension 'ignore'
[0.293s] Level 1:colcon.colcon_core.package_identification:_identify(src/aerostack2-tcc_lucca/log) ignored
[0.293s] Level 1:colcon.colcon_core.package_identification:_identify(src/project_landing-tcc_lucca) by extensions ['ignore', 'ignore_ament_install']
[0.294s] Level 1:colcon.colcon_core.package_identification:_identify(src/project_landing-tcc_lucca) by extension 'ignore'
[0.294s] Level 1:colcon.colcon_core.package_identification:_identify(src/project_landing-tcc_lucca) by extension 'ignore_ament_install'
[0.294s] Level 1:colcon.colcon_core.package_identification:_identify(src/project_landing-tcc_lucca) by extensions ['colcon_pkg']
[0.294s] Level 1:colcon.colcon_core.package_identification:_identify(src/project_landing-tcc_lucca) by extension 'colcon_pkg'
[0.294s] Level 1:colcon.colcon_core.package_identification:_identify(src/project_landing-tcc_lucca) by extensions ['colcon_meta']
[0.294s] Level 1:colcon.colcon_core.package_identification:_identify(src/project_landing-tcc_lucca) by extension 'colcon_meta'
[0.294s] Level 1:colcon.colcon_core.package_identification:_identify(src/project_landing-tcc_lucca) by extensions ['ros']
[0.294s] Level 1:colcon.colcon_core.package_identification:_identify(src/project_landing-tcc_lucca) by extension 'ros'
[0.294s] Level 1:colcon.colcon_core.package_identification:_identify(src/project_landing-tcc_lucca) by extensions ['cmake', 'python']
[0.294s] Level 1:colcon.colcon_core.package_identification:_identify(src/project_landing-tcc_lucca) by extension 'cmake'
[0.294s] Level 1:colcon.colcon_core.package_identification:_identify(src/project_landing-tcc_lucca) by extension 'python'
[0.294s] Level 1:colcon.colcon_core.package_identification:_identify(src/project_landing-tcc_lucca) by extensions ['python_setup_py']
[0.294s] Level 1:colcon.colcon_core.package_identification:_identify(src/project_landing-tcc_lucca) by extension 'python_setup_py'
[0.294s] Level 1:colcon.colcon_core.package_identification:_identify(src/project_landing-tcc_lucca/config) by extensions ['ignore', 'ignore_ament_install']
[0.294s] Level 1:colcon.colcon_core.package_identification:_identify(src/project_landing-tcc_lucca/config) by extension 'ignore'
[0.294s] Level 1:colcon.colcon_core.package_identification:_identify(src/project_landing-tcc_lucca/config) by extension 'ignore_ament_install'
[0.294s] Level 1:colcon.colcon_core.package_identification:_identify(src/project_landing-tcc_lucca/config) by extensions ['colcon_pkg']
[0.294s] Level 1:colcon.colcon_core.package_identification:_identify(src/project_landing-tcc_lucca/config) by extension 'colcon_pkg'
[0.294s] Level 1:colcon.colcon_core.package_identification:_identify(src/project_landing-tcc_lucca/config) by extensions ['colcon_meta']
[0.294s] Level 1:colcon.colcon_core.package_identification:_identify(src/project_landing-tcc_lucca/config) by extension 'colcon_meta'
[0.294s] Level 1:colcon.colcon_core.package_identification:_identify(src/project_landing-tcc_lucca/config) by extensions ['ros']
[0.294s] Level 1:colcon.colcon_core.package_identification:_identify(src/project_landing-tcc_lucca/config) by extension 'ros'
[0.294s] Level 1:colcon.colcon_core.package_identification:_identify(src/project_landing-tcc_lucca/config) by extensions ['cmake', 'python']
[0.294s] Level 1:colcon.colcon_core.package_identification:_identify(src/project_landing-tcc_lucca/config) by extension 'cmake'
[0.294s] Level 1:colcon.colcon_core.package_identification:_identify(src/project_landing-tcc_lucca/config) by extension 'python'
[0.294s] Level 1:colcon.colcon_core.package_identification:_identify(src/project_landing-tcc_lucca/config) by extensions ['python_setup_py']
[0.294s] Level 1:colcon.colcon_core.package_identification:_identify(src/project_landing-tcc_lucca/config) by extension 'python_setup_py'
[0.294s] Level 1:colcon.colcon_core.package_identification:_identify(src/project_landing-tcc_lucca/examples) by extensions ['ignore', 'ignore_ament_install']
[0.294s] Level 1:colcon.colcon_core.package_identification:_identify(src/project_landing-tcc_lucca/examples) by extension 'ignore'
[0.294s] Level 1:colcon.colcon_core.package_identification:_identify(src/project_landing-tcc_lucca/examples) by extension 'ignore_ament_install'
[0.294s] Level 1:colcon.colcon_core.package_identification:_identify(src/project_landing-tcc_lucca/examples) by extensions ['colcon_pkg']
[0.294s] Level 1:colcon.colcon_core.package_identification:_identify(src/project_landing-tcc_lucca/examples) by extension 'colcon_pkg'
[0.294s] Level 1:colcon.colcon_core.package_identification:_identify(src/project_landing-tcc_lucca/examples) by extensions ['colcon_meta']
[0.294s] Level 1:colcon.colcon_core.package_identification:_identify(src/project_landing-tcc_lucca/examples) by extension 'colcon_meta'
[0.294s] Level 1:colcon.colcon_core.package_identification:_identify(src/project_landing-tcc_lucca/examples) by extensions ['ros']
[0.294s] Level 1:colcon.colcon_core.package_identification:_identify(src/project_landing-tcc_lucca/examples) by extension 'ros'
[0.294s] Level 1:colcon.colcon_core.package_identification:_identify(src/project_landing-tcc_lucca/examples) by extensions ['cmake', 'python']
[0.294s] Level 1:colcon.colcon_core.package_identification:_identify(src/project_landing-tcc_lucca/examples) by extension 'cmake'
[0.294s] Level 1:colcon.colcon_core.package_identification:_identify(src/project_landing-tcc_lucca/examples) by extension 'python'
[0.294s] Level 1:colcon.colcon_core.package_identification:_identify(src/project_landing-tcc_lucca/examples) by extensions ['python_setup_py']
[0.294s] Level 1:colcon.colcon_core.package_identification:_identify(src/project_landing-tcc_lucca/examples) by extension 'python_setup_py'
[0.295s] Level 1:colcon.colcon_core.package_identification:_identify(src/project_landing-tcc_lucca/models) by extensions ['ignore', 'ignore_ament_install']
[0.295s] Level 1:colcon.colcon_core.package_identification:_identify(src/project_landing-tcc_lucca/models) by extension 'ignore'
[0.295s] Level 1:colcon.colcon_core.package_identification:_identify(src/project_landing-tcc_lucca/models) by extension 'ignore_ament_install'
[0.295s] Level 1:colcon.colcon_core.package_identification:_identify(src/project_landing-tcc_lucca/models) by extensions ['colcon_pkg']
[0.295s] Level 1:colcon.colcon_core.package_identification:_identify(src/project_landing-tcc_lucca/models) by extension 'colcon_pkg'
[0.295s] Level 1:colcon.colcon_core.package_identification:_identify(src/project_landing-tcc_lucca/models) by extensions ['colcon_meta']
[0.295s] Level 1:colcon.colcon_core.package_identification:_identify(src/project_landing-tcc_lucca/models) by extension 'colcon_meta'
[0.295s] Level 1:colcon.colcon_core.package_identification:_identify(src/project_landing-tcc_lucca/models) by extensions ['ros']
[0.295s] Level 1:colcon.colcon_core.package_identification:_identify(src/project_landing-tcc_lucca/models) by extension 'ros'
[0.295s] Level 1:colcon.colcon_core.package_identification:_identify(src/project_landing-tcc_lucca/models) by extensions ['cmake', 'python']
[0.295s] Level 1:colcon.colcon_core.package_identification:_identify(src/project_landing-tcc_lucca/models) by extension 'cmake'
[0.295s] Level 1:colcon.colcon_core.package_identification:_identify(src/project_landing-tcc_lucca/models) by extension 'python'
[0.295s] Level 1:colcon.colcon_core.package_identification:_identify(src/project_landing-tcc_lucca/models) by extensions ['python_setup_py']
[0.295s] Level 1:colcon.colcon_core.package_identification:_identify(src/project_landing-tcc_lucca/models) by extension 'python_setup_py'
[0.295s] Level 1:colcon.colcon_core.package_identification:_identify(src/project_landing-tcc_lucca/models/ariel_marker) by extensions ['ignore', 'ignore_ament_install']
[0.295s] Level 1:colcon.colcon_core.package_identification:_identify(src/project_landing-tcc_lucca/models/ariel_marker) by extension 'ignore'
[0.295s] Level 1:colcon.colcon_core.package_identification:_identify(src/project_landing-tcc_lucca/models/ariel_marker) by extension 'ignore_ament_install'
[0.295s] Level 1:colcon.colcon_core.package_identification:_identify(src/project_landing-tcc_lucca/models/ariel_marker) by extensions ['colcon_pkg']
[0.295s] Level 1:colcon.colcon_core.package_identification:_identify(src/project_landing-tcc_lucca/models/ariel_marker) by extension 'colcon_pkg'
[0.295s] Level 1:colcon.colcon_core.package_identification:_identify(src/project_landing-tcc_lucca/models/ariel_marker) by extensions ['colcon_meta']
[0.295s] Level 1:colcon.colcon_core.package_identification:_identify(src/project_landing-tcc_lucca/models/ariel_marker) by extension 'colcon_meta'
[0.295s] Level 1:colcon.colcon_core.package_identification:_identify(src/project_landing-tcc_lucca/models/ariel_marker) by extensions ['ros']
[0.295s] Level 1:colcon.colcon_core.package_identification:_identify(src/project_landing-tcc_lucca/models/ariel_marker) by extension 'ros'
[0.295s] Level 1:colcon.colcon_core.package_identification:_identify(src/project_landing-tcc_lucca/models/ariel_marker) by extensions ['cmake', 'python']
[0.295s] Level 1:colcon.colcon_core.package_identification:_identify(src/project_landing-tcc_lucca/models/ariel_marker) by extension 'cmake'
[0.295s] Level 1:colcon.colcon_core.package_identification:_identify(src/project_landing-tcc_lucca/models/ariel_marker) by extension 'python'
[0.295s] Level 1:colcon.colcon_core.package_identification:_identify(src/project_landing-tcc_lucca/models/ariel_marker) by extensions ['python_setup_py']
[0.295s] Level 1:colcon.colcon_core.package_identification:_identify(src/project_landing-tcc_lucca/models/ariel_marker) by extension 'python_setup_py'
[0.295s] Level 1:colcon.colcon_core.package_identification:_identify(src/project_landing-tcc_lucca/models/aruco_marker_1) by extensions ['ignore', 'ignore_ament_install']
[0.295s] Level 1:colcon.colcon_core.package_identification:_identify(src/project_landing-tcc_lucca/models/aruco_marker_1) by extension 'ignore'
[0.295s] Level 1:colcon.colcon_core.package_identification:_identify(src/project_landing-tcc_lucca/models/aruco_marker_1) by extension 'ignore_ament_install'
[0.295s] Level 1:colcon.colcon_core.package_identification:_identify(src/project_landing-tcc_lucca/models/aruco_marker_1) by extensions ['colcon_pkg']
[0.295s] Level 1:colcon.colcon_core.package_identification:_identify(src/project_landing-tcc_lucca/models/aruco_marker_1) by extension 'colcon_pkg'
[0.295s] Level 1:colcon.colcon_core.package_identification:_identify(src/project_landing-tcc_lucca/models/aruco_marker_1) by extensions ['colcon_meta']
[0.295s] Level 1:colcon.colcon_core.package_identification:_identify(src/project_landing-tcc_lucca/models/aruco_marker_1) by extension 'colcon_meta'
[0.295s] Level 1:colcon.colcon_core.package_identification:_identify(src/project_landing-tcc_lucca/models/aruco_marker_1) by extensions ['ros']
[0.295s] Level 1:colcon.colcon_core.package_identification:_identify(src/project_landing-tcc_lucca/models/aruco_marker_1) by extension 'ros'
[0.295s] Level 1:colcon.colcon_core.package_identification:_identify(src/project_landing-tcc_lucca/models/aruco_marker_1) by extensions ['cmake', 'python']
[0.295s] Level 1:colcon.colcon_core.package_identification:_identify(src/project_landing-tcc_lucca/models/aruco_marker_1) by extension 'cmake'
[0.296s] Level 1:colcon.colcon_core.package_identification:_identify(src/project_landing-tcc_lucca/models/aruco_marker_1) by extension 'python'
[0.296s] Level 1:colcon.colcon_core.package_identification:_identify(src/project_landing-tcc_lucca/models/aruco_marker_1) by extensions ['python_setup_py']
[0.296s] Level 1:colcon.colcon_core.package_identification:_identify(src/project_landing-tcc_lucca/models/aruco_marker_1) by extension 'python_setup_py'
[0.296s] Level 1:colcon.colcon_core.package_identification:_identify(src/project_landing-tcc_lucca/models/aruco_marker_2) by extensions ['ignore', 'ignore_ament_install']
[0.296s] Level 1:colcon.colcon_core.package_identification:_identify(src/project_landing-tcc_lucca/models/aruco_marker_2) by extension 'ignore'
[0.296s] Level 1:colcon.colcon_core.package_identification:_identify(src/project_landing-tcc_lucca/models/aruco_marker_2) by extension 'ignore_ament_install'
[0.296s] Level 1:colcon.colcon_core.package_identification:_identify(src/project_landing-tcc_lucca/models/aruco_marker_2) by extensions ['colcon_pkg']
[0.296s] Level 1:colcon.colcon_core.package_identification:_identify(src/project_landing-tcc_lucca/models/aruco_marker_2) by extension 'colcon_pkg'
[0.296s] Level 1:colcon.colcon_core.package_identification:_identify(src/project_landing-tcc_lucca/models/aruco_marker_2) by extensions ['colcon_meta']
[0.296s] Level 1:colcon.colcon_core.package_identification:_identify(src/project_landing-tcc_lucca/models/aruco_marker_2) by extension 'colcon_meta'
[0.296s] Level 1:colcon.colcon_core.package_identification:_identify(src/project_landing-tcc_lucca/models/aruco_marker_2) by extensions ['ros']
[0.296s] Level 1:colcon.colcon_core.package_identification:_identify(src/project_landing-tcc_lucca/models/aruco_marker_2) by extension 'ros'
[0.296s] Level 1:colcon.colcon_core.package_identification:_identify(src/project_landing-tcc_lucca/models/aruco_marker_2) by extensions ['cmake', 'python']
[0.296s] Level 1:colcon.colcon_core.package_identification:_identify(src/project_landing-tcc_lucca/models/aruco_marker_2) by extension 'cmake'
[0.296s] Level 1:colcon.colcon_core.package_identification:_identify(src/project_landing-tcc_lucca/models/aruco_marker_2) by extension 'python'
[0.296s] Level 1:colcon.colcon_core.package_identification:_identify(src/project_landing-tcc_lucca/models/aruco_marker_2) by extensions ['python_setup_py']
[0.296s] Level 1:colcon.colcon_core.package_identification:_identify(src/project_landing-tcc_lucca/models/aruco_marker_2) by extension 'python_setup_py'
[0.296s] Level 1:colcon.colcon_core.package_identification:_identify(src/project_landing-tcc_lucca/models/aruco_marker_3) by extensions ['ignore', 'ignore_ament_install']
[0.296s] Level 1:colcon.colcon_core.package_identification:_identify(src/project_landing-tcc_lucca/models/aruco_marker_3) by extension 'ignore'
[0.296s] Level 1:colcon.colcon_core.package_identification:_identify(src/project_landing-tcc_lucca/models/aruco_marker_3) by extension 'ignore_ament_install'
[0.296s] Level 1:colcon.colcon_core.package_identification:_identify(src/project_landing-tcc_lucca/models/aruco_marker_3) by extensions ['colcon_pkg']
[0.296s] Level 1:colcon.colcon_core.package_identification:_identify(src/project_landing-tcc_lucca/models/aruco_marker_3) by extension 'colcon_pkg'
[0.296s] Level 1:colcon.colcon_core.package_identification:_identify(src/project_landing-tcc_lucca/models/aruco_marker_3) by extensions ['colcon_meta']
[0.296s] Level 1:colcon.colcon_core.package_identification:_identify(src/project_landing-tcc_lucca/models/aruco_marker_3) by extension 'colcon_meta'
[0.296s] Level 1:colcon.colcon_core.package_identification:_identify(src/project_landing-tcc_lucca/models/aruco_marker_3) by extensions ['ros']
[0.296s] Level 1:colcon.colcon_core.package_identification:_identify(src/project_landing-tcc_lucca/models/aruco_marker_3) by extension 'ros'
[0.296s] Level 1:colcon.colcon_core.package_identification:_identify(src/project_landing-tcc_lucca/models/aruco_marker_3) by extensions ['cmake', 'python']
[0.296s] Level 1:colcon.colcon_core.package_identification:_identify(src/project_landing-tcc_lucca/models/aruco_marker_3) by extension 'cmake'
[0.296s] Level 1:colcon.colcon_core.package_identification:_identify(src/project_landing-tcc_lucca/models/aruco_marker_3) by extension 'python'
[0.296s] Level 1:colcon.colcon_core.package_identification:_identify(src/project_landing-tcc_lucca/models/aruco_marker_3) by extensions ['python_setup_py']
[0.296s] Level 1:colcon.colcon_core.package_identification:_identify(src/project_landing-tcc_lucca/models/aruco_marker_3) by extension 'python_setup_py'
[0.296s] Level 1:colcon.colcon_core.package_identification:_identify(src/project_landing-tcc_lucca/models/aruco_marker_4) by extensions ['ignore', 'ignore_ament_install']
[0.296s] Level 1:colcon.colcon_core.package_identification:_identify(src/project_landing-tcc_lucca/models/aruco_marker_4) by extension 'ignore'
[0.296s] Level 1:colcon.colcon_core.package_identification:_identify(src/project_landing-tcc_lucca/models/aruco_marker_4) by extension 'ignore_ament_install'
[0.296s] Level 1:colcon.colcon_core.package_identification:_identify(src/project_landing-tcc_lucca/models/aruco_marker_4) by extensions ['colcon_pkg']
[0.296s] Level 1:colcon.colcon_core.package_identification:_identify(src/project_landing-tcc_lucca/models/aruco_marker_4) by extension 'colcon_pkg'
[0.297s] Level 1:colcon.colcon_core.package_identification:_identify(src/project_landing-tcc_lucca/models/aruco_marker_4) by extensions ['colcon_meta']
[0.297s] Level 1:colcon.colcon_core.package_identification:_identify(src/project_landing-tcc_lucca/models/aruco_marker_4) by extension 'colcon_meta'
[0.297s] Level 1:colcon.colcon_core.package_identification:_identify(src/project_landing-tcc_lucca/models/aruco_marker_4) by extensions ['ros']
[0.297s] Level 1:colcon.colcon_core.package_identification:_identify(src/project_landing-tcc_lucca/models/aruco_marker_4) by extension 'ros'
[0.297s] Level 1:colcon.colcon_core.package_identification:_identify(src/project_landing-tcc_lucca/models/aruco_marker_4) by extensions ['cmake', 'python']
[0.297s] Level 1:colcon.colcon_core.package_identification:_identify(src/project_landing-tcc_lucca/models/aruco_marker_4) by extension 'cmake'
[0.297s] Level 1:colcon.colcon_core.package_identification:_identify(src/project_landing-tcc_lucca/models/aruco_marker_4) by extension 'python'
[0.297s] Level 1:colcon.colcon_core.package_identification:_identify(src/project_landing-tcc_lucca/models/aruco_marker_4) by extensions ['python_setup_py']
[0.297s] Level 1:colcon.colcon_core.package_identification:_identify(src/project_landing-tcc_lucca/models/aruco_marker_4) by extension 'python_setup_py'
[0.297s] Level 1:colcon.colcon_core.package_identification:_identify(src/project_landing-tcc_lucca/models/aruco_marker_5) by extensions ['ignore', 'ignore_ament_install']
[0.297s] Level 1:colcon.colcon_core.package_identification:_identify(src/project_landing-tcc_lucca/models/aruco_marker_5) by extension 'ignore'
[0.297s] Level 1:colcon.colcon_core.package_identification:_identify(src/project_landing-tcc_lucca/models/aruco_marker_5) by extension 'ignore_ament_install'
[0.297s] Level 1:colcon.colcon_core.package_identification:_identify(src/project_landing-tcc_lucca/models/aruco_marker_5) by extensions ['colcon_pkg']
[0.297s] Level 1:colcon.colcon_core.package_identification:_identify(src/project_landing-tcc_lucca/models/aruco_marker_5) by extension 'colcon_pkg'
[0.297s] Level 1:colcon.colcon_core.package_identification:_identify(src/project_landing-tcc_lucca/models/aruco_marker_5) by extensions ['colcon_meta']
[0.297s] Level 1:colcon.colcon_core.package_identification:_identify(src/project_landing-tcc_lucca/models/aruco_marker_5) by extension 'colcon_meta'
[0.297s] Level 1:colcon.colcon_core.package_identification:_identify(src/project_landing-tcc_lucca/models/aruco_marker_5) by extensions ['ros']
[0.297s] Level 1:colcon.colcon_core.package_identification:_identify(src/project_landing-tcc_lucca/models/aruco_marker_5) by extension 'ros'
[0.297s] Level 1:colcon.colcon_core.package_identification:_identify(src/project_landing-tcc_lucca/models/aruco_marker_5) by extensions ['cmake', 'python']
[0.297s] Level 1:colcon.colcon_core.package_identification:_identify(src/project_landing-tcc_lucca/models/aruco_marker_5) by extension 'cmake'
[0.297s] Level 1:colcon.colcon_core.package_identification:_identify(src/project_landing-tcc_lucca/models/aruco_marker_5) by extension 'python'
[0.297s] Level 1:colcon.colcon_core.package_identification:_identify(src/project_landing-tcc_lucca/models/aruco_marker_5) by extensions ['python_setup_py']
[0.297s] Level 1:colcon.colcon_core.package_identification:_identify(src/project_landing-tcc_lucca/models/aruco_marker_5) by extension 'python_setup_py'
[0.297s] Level 1:colcon.colcon_core.package_identification:_identify(src/project_landing-tcc_lucca/models/logitech_brio) by extensions ['ignore', 'ignore_ament_install']
[0.297s] Level 1:colcon.colcon_core.package_identification:_identify(src/project_landing-tcc_lucca/models/logitech_brio) by extension 'ignore'
[0.297s] Level 1:colcon.colcon_core.package_identification:_identify(src/project_landing-tcc_lucca/models/logitech_brio) by extension 'ignore_ament_install'
[0.297s] Level 1:colcon.colcon_core.package_identification:_identify(src/project_landing-tcc_lucca/models/logitech_brio) by extensions ['colcon_pkg']
[0.297s] Level 1:colcon.colcon_core.package_identification:_identify(src/project_landing-tcc_lucca/models/logitech_brio) by extension 'colcon_pkg'
[0.297s] Level 1:colcon.colcon_core.package_identification:_identify(src/project_landing-tcc_lucca/models/logitech_brio) by extensions ['colcon_meta']
[0.297s] Level 1:colcon.colcon_core.package_identification:_identify(src/project_landing-tcc_lucca/models/logitech_brio) by extension 'colcon_meta'
[0.297s] Level 1:colcon.colcon_core.package_identification:_identify(src/project_landing-tcc_lucca/models/logitech_brio) by extensions ['ros']
[0.297s] Level 1:colcon.colcon_core.package_identification:_identify(src/project_landing-tcc_lucca/models/logitech_brio) by extension 'ros'
[0.297s] Level 1:colcon.colcon_core.package_identification:_identify(src/project_landing-tcc_lucca/models/logitech_brio) by extensions ['cmake', 'python']
[0.297s] Level 1:colcon.colcon_core.package_identification:_identify(src/project_landing-tcc_lucca/models/logitech_brio) by extension 'cmake'
[0.297s] Level 1:colcon.colcon_core.package_identification:_identify(src/project_landing-tcc_lucca/models/logitech_brio) by extension 'python'
[0.297s] Level 1:colcon.colcon_core.package_identification:_identify(src/project_landing-tcc_lucca/models/logitech_brio) by extensions ['python_setup_py']
[0.297s] Level 1:colcon.colcon_core.package_identification:_identify(src/project_landing-tcc_lucca/models/logitech_brio) by extension 'python_setup_py'
[0.298s] Level 1:colcon.colcon_core.package_identification:_identify(src/project_landing-tcc_lucca/models/logitech_brio/meshes) by extensions ['ignore', 'ignore_ament_install']
[0.298s] Level 1:colcon.colcon_core.package_identification:_identify(src/project_landing-tcc_lucca/models/logitech_brio/meshes) by extension 'ignore'
[0.298s] Level 1:colcon.colcon_core.package_identification:_identify(src/project_landing-tcc_lucca/models/logitech_brio/meshes) by extension 'ignore_ament_install'
[0.298s] Level 1:colcon.colcon_core.package_identification:_identify(src/project_landing-tcc_lucca/models/logitech_brio/meshes) by extensions ['colcon_pkg']
[0.298s] Level 1:colcon.colcon_core.package_identification:_identify(src/project_landing-tcc_lucca/models/logitech_brio/meshes) by extension 'colcon_pkg'
[0.298s] Level 1:colcon.colcon_core.package_identification:_identify(src/project_landing-tcc_lucca/models/logitech_brio/meshes) by extensions ['colcon_meta']
[0.298s] Level 1:colcon.colcon_core.package_identification:_identify(src/project_landing-tcc_lucca/models/logitech_brio/meshes) by extension 'colcon_meta'
[0.298s] Level 1:colcon.colcon_core.package_identification:_identify(src/project_landing-tcc_lucca/models/logitech_brio/meshes) by extensions ['ros']
[0.298s] Level 1:colcon.colcon_core.package_identification:_identify(src/project_landing-tcc_lucca/models/logitech_brio/meshes) by extension 'ros'
[0.298s] Level 1:colcon.colcon_core.package_identification:_identify(src/project_landing-tcc_lucca/models/logitech_brio/meshes) by extensions ['cmake', 'python']
[0.298s] Level 1:colcon.colcon_core.package_identification:_identify(src/project_landing-tcc_lucca/models/logitech_brio/meshes) by extension 'cmake'
[0.298s] Level 1:colcon.colcon_core.package_identification:_identify(src/project_landing-tcc_lucca/models/logitech_brio/meshes) by extension 'python'
[0.298s] Level 1:colcon.colcon_core.package_identification:_identify(src/project_landing-tcc_lucca/models/logitech_brio/meshes) by extensions ['python_setup_py']
[0.298s] Level 1:colcon.colcon_core.package_identification:_identify(src/project_landing-tcc_lucca/models/logitech_brio/meshes) by extension 'python_setup_py'
[0.298s] Level 1:colcon.colcon_core.package_identification:_identify(src/project_landing-tcc_lucca/models/logitech_c920) by extensions ['ignore', 'ignore_ament_install']
[0.298s] Level 1:colcon.colcon_core.package_identification:_identify(src/project_landing-tcc_lucca/models/logitech_c920) by extension 'ignore'
[0.298s] Level 1:colcon.colcon_core.package_identification:_identify(src/project_landing-tcc_lucca/models/logitech_c920) by extension 'ignore_ament_install'
[0.298s] Level 1:colcon.colcon_core.package_identification:_identify(src/project_landing-tcc_lucca/models/logitech_c920) by extensions ['colcon_pkg']
[0.298s] Level 1:colcon.colcon_core.package_identification:_identify(src/project_landing-tcc_lucca/models/logitech_c920) by extension 'colcon_pkg'
[0.298s] Level 1:colcon.colcon_core.package_identification:_identify(src/project_landing-tcc_lucca/models/logitech_c920) by extensions ['colcon_meta']
[0.298s] Level 1:colcon.colcon_core.package_identification:_identify(src/project_landing-tcc_lucca/models/logitech_c920) by extension 'colcon_meta'
[0.298s] Level 1:colcon.colcon_core.package_identification:_identify(src/project_landing-tcc_lucca/models/logitech_c920) by extensions ['ros']
[0.298s] Level 1:colcon.colcon_core.package_identification:_identify(src/project_landing-tcc_lucca/models/logitech_c920) by extension 'ros'
[0.298s] Level 1:colcon.colcon_core.package_identification:_identify(src/project_landing-tcc_lucca/models/logitech_c920) by extensions ['cmake', 'python']
[0.298s] Level 1:colcon.colcon_core.package_identification:_identify(src/project_landing-tcc_lucca/models/logitech_c920) by extension 'cmake'
[0.298s] Level 1:colcon.colcon_core.package_identification:_identify(src/project_landing-tcc_lucca/models/logitech_c920) by extension 'python'
[0.298s] Level 1:colcon.colcon_core.package_identification:_identify(src/project_landing-tcc_lucca/models/logitech_c920) by extensions ['python_setup_py']
[0.298s] Level 1:colcon.colcon_core.package_identification:_identify(src/project_landing-tcc_lucca/models/logitech_c920) by extension 'python_setup_py'
[0.298s] Level 1:colcon.colcon_core.package_identification:_identify(src/project_landing-tcc_lucca/models/logitech_c920/meshes) by extensions ['ignore', 'ignore_ament_install']
[0.298s] Level 1:colcon.colcon_core.package_identification:_identify(src/project_landing-tcc_lucca/models/logitech_c920/meshes) by extension 'ignore'
[0.298s] Level 1:colcon.colcon_core.package_identification:_identify(src/project_landing-tcc_lucca/models/logitech_c920/meshes) by extension 'ignore_ament_install'
[0.298s] Level 1:colcon.colcon_core.package_identification:_identify(src/project_landing-tcc_lucca/models/logitech_c920/meshes) by extensions ['colcon_pkg']
[0.298s] Level 1:colcon.colcon_core.package_identification:_identify(src/project_landing-tcc_lucca/models/logitech_c920/meshes) by extension 'colcon_pkg'
[0.298s] Level 1:colcon.colcon_core.package_identification:_identify(src/project_landing-tcc_lucca/models/logitech_c920/meshes) by extensions ['colcon_meta']
[0.298s] Level 1:colcon.colcon_core.package_identification:_identify(src/project_landing-tcc_lucca/models/logitech_c920/meshes) by extension 'colcon_meta'
[0.298s] Level 1:colcon.colcon_core.package_identification:_identify(src/project_landing-tcc_lucca/models/logitech_c920/meshes) by extensions ['ros']
[0.298s] Level 1:colcon.colcon_core.package_identification:_identify(src/project_landing-tcc_lucca/models/logitech_c920/meshes) by extension 'ros'
[0.298s] Level 1:colcon.colcon_core.package_identification:_identify(src/project_landing-tcc_lucca/models/logitech_c920/meshes) by extensions ['cmake', 'python']
[0.298s] Level 1:colcon.colcon_core.package_identification:_identify(src/project_landing-tcc_lucca/models/logitech_c920/meshes) by extension 'cmake'
[0.298s] Level 1:colcon.colcon_core.package_identification:_identify(src/project_landing-tcc_lucca/models/logitech_c920/meshes) by extension 'python'
[0.298s] Level 1:colcon.colcon_core.package_identification:_identify(src/project_landing-tcc_lucca/models/logitech_c920/meshes) by extensions ['python_setup_py']
[0.298s] Level 1:colcon.colcon_core.package_identification:_identify(src/project_landing-tcc_lucca/models/logitech_c920/meshes) by extension 'python_setup_py'
[0.298s] Level 1:colcon.colcon_core.package_identification:_identify(src/project_landing-tcc_lucca/models/x500) by extensions ['ignore', 'ignore_ament_install']
[0.299s] Level 1:colcon.colcon_core.package_identification:_identify(src/project_landing-tcc_lucca/models/x500) by extension 'ignore'
[0.299s] Level 1:colcon.colcon_core.package_identification:_identify(src/project_landing-tcc_lucca/models/x500) by extension 'ignore_ament_install'
[0.299s] Level 1:colcon.colcon_core.package_identification:_identify(src/project_landing-tcc_lucca/models/x500) by extensions ['colcon_pkg']
[0.299s] Level 1:colcon.colcon_core.package_identification:_identify(src/project_landing-tcc_lucca/models/x500) by extension 'colcon_pkg'
[0.299s] Level 1:colcon.colcon_core.package_identification:_identify(src/project_landing-tcc_lucca/models/x500) by extensions ['colcon_meta']
[0.299s] Level 1:colcon.colcon_core.package_identification:_identify(src/project_landing-tcc_lucca/models/x500) by extension 'colcon_meta'
[0.299s] Level 1:colcon.colcon_core.package_identification:_identify(src/project_landing-tcc_lucca/models/x500) by extensions ['ros']
[0.299s] Level 1:colcon.colcon_core.package_identification:_identify(src/project_landing-tcc_lucca/models/x500) by extension 'ros'
[0.299s] Level 1:colcon.colcon_core.package_identification:_identify(src/project_landing-tcc_lucca/models/x500) by extensions ['cmake', 'python']
[0.299s] Level 1:colcon.colcon_core.package_identification:_identify(src/project_landing-tcc_lucca/models/x500) by extension 'cmake'
[0.299s] Level 1:colcon.colcon_core.package_identification:_identify(src/project_landing-tcc_lucca/models/x500) by extension 'python'
[0.299s] Level 1:colcon.colcon_core.package_identification:_identify(src/project_landing-tcc_lucca/models/x500) by extensions ['python_setup_py']
[0.299s] Level 1:colcon.colcon_core.package_identification:_identify(src/project_landing-tcc_lucca/models/x500) by extension 'python_setup_py'
[0.299s] Level 1:colcon.colcon_core.package_identification:_identify(src/project_landing-tcc_lucca/models/x500/materials) by extensions ['ignore', 'ignore_ament_install']
[0.299s] Level 1:colcon.colcon_core.package_identification:_identify(src/project_landing-tcc_lucca/models/x500/materials) by extension 'ignore'
[0.299s] Level 1:colcon.colcon_core.package_identification:_identify(src/project_landing-tcc_lucca/models/x500/materials) by extension 'ignore_ament_install'
[0.299s] Level 1:colcon.colcon_core.package_identification:_identify(src/project_landing-tcc_lucca/models/x500/materials) by extensions ['colcon_pkg']
[0.299s] Level 1:colcon.colcon_core.package_identification:_identify(src/project_landing-tcc_lucca/models/x500/materials) by extension 'colcon_pkg'
[0.299s] Level 1:colcon.colcon_core.package_identification:_identify(src/project_landing-tcc_lucca/models/x500/materials) by extensions ['colcon_meta']
[0.299s] Level 1:colcon.colcon_core.package_identification:_identify(src/project_landing-tcc_lucca/models/x500/materials) by extension 'colcon_meta'
[0.299s] Level 1:colcon.colcon_core.package_identification:_identify(src/project_landing-tcc_lucca/models/x500/materials) by extensions ['ros']
[0.299s] Level 1:colcon.colcon_core.package_identification:_identify(src/project_landing-tcc_lucca/models/x500/materials) by extension 'ros'
[0.299s] Level 1:colcon.colcon_core.package_identification:_identify(src/project_landing-tcc_lucca/models/x500/materials) by extensions ['cmake', 'python']
[0.299s] Level 1:colcon.colcon_core.package_identification:_identify(src/project_landing-tcc_lucca/models/x500/materials) by extension 'cmake'
[0.299s] Level 1:colcon.colcon_core.package_identification:_identify(src/project_landing-tcc_lucca/models/x500/materials) by extension 'python'
[0.299s] Level 1:colcon.colcon_core.package_identification:_identify(src/project_landing-tcc_lucca/models/x500/materials) by extensions ['python_setup_py']
[0.299s] Level 1:colcon.colcon_core.package_identification:_identify(src/project_landing-tcc_lucca/models/x500/materials) by extension 'python_setup_py'
[0.299s] Level 1:colcon.colcon_core.package_identification:_identify(src/project_landing-tcc_lucca/models/x500/materials/textures) by extensions ['ignore', 'ignore_ament_install']
[0.299s] Level 1:colcon.colcon_core.package_identification:_identify(src/project_landing-tcc_lucca/models/x500/materials/textures) by extension 'ignore'
[0.299s] Level 1:colcon.colcon_core.package_identification:_identify(src/project_landing-tcc_lucca/models/x500/materials/textures) by extension 'ignore_ament_install'
[0.299s] Level 1:colcon.colcon_core.package_identification:_identify(src/project_landing-tcc_lucca/models/x500/materials/textures) by extensions ['colcon_pkg']
[0.299s] Level 1:colcon.colcon_core.package_identification:_identify(src/project_landing-tcc_lucca/models/x500/materials/textures) by extension 'colcon_pkg'
[0.299s] Level 1:colcon.colcon_core.package_identification:_identify(src/project_landing-tcc_lucca/models/x500/materials/textures) by extensions ['colcon_meta']
[0.299s] Level 1:colcon.colcon_core.package_identification:_identify(src/project_landing-tcc_lucca/models/x500/materials/textures) by extension 'colcon_meta'
[0.299s] Level 1:colcon.colcon_core.package_identification:_identify(src/project_landing-tcc_lucca/models/x500/materials/textures) by extensions ['ros']
[0.299s] Level 1:colcon.colcon_core.package_identification:_identify(src/project_landing-tcc_lucca/models/x500/materials/textures) by extension 'ros'
[0.299s] Level 1:colcon.colcon_core.package_identification:_identify(src/project_landing-tcc_lucca/models/x500/materials/textures) by extensions ['cmake', 'python']
[0.299s] Level 1:colcon.colcon_core.package_identification:_identify(src/project_landing-tcc_lucca/models/x500/materials/textures) by extension 'cmake'
[0.299s] Level 1:colcon.colcon_core.package_identification:_identify(src/project_landing-tcc_lucca/models/x500/materials/textures) by extension 'python'
[0.299s] Level 1:colcon.colcon_core.package_identification:_identify(src/project_landing-tcc_lucca/models/x500/materials/textures) by extensions ['python_setup_py']
[0.299s] Level 1:colcon.colcon_core.package_identification:_identify(src/project_landing-tcc_lucca/models/x500/materials/textures) by extension 'python_setup_py'
[0.299s] Level 1:colcon.colcon_core.package_identification:_identify(src/project_landing-tcc_lucca/models/x500/meshes) by extensions ['ignore', 'ignore_ament_install']
[0.300s] Level 1:colcon.colcon_core.package_identification:_identify(src/project_landing-tcc_lucca/models/x500/meshes) by extension 'ignore'
[0.300s] Level 1:colcon.colcon_core.package_identification:_identify(src/project_landing-tcc_lucca/models/x500/meshes) by extension 'ignore_ament_install'
[0.300s] Level 1:colcon.colcon_core.package_identification:_identify(src/project_landing-tcc_lucca/models/x500/meshes) by extensions ['colcon_pkg']
[0.300s] Level 1:colcon.colcon_core.package_identification:_identify(src/project_landing-tcc_lucca/models/x500/meshes) by extension 'colcon_pkg'
[0.300s] Level 1:colcon.colcon_core.package_identification:_identify(src/project_landing-tcc_lucca/models/x500/meshes) by extensions ['colcon_meta']
[0.300s] Level 1:colcon.colcon_core.package_identification:_identify(src/project_landing-tcc_lucca/models/x500/meshes) by extension 'colcon_meta'
[0.300s] Level 1:colcon.colcon_core.package_identification:_identify(src/project_landing-tcc_lucca/models/x500/meshes) by extensions ['ros']
[0.300s] Level 1:colcon.colcon_core.package_identification:_identify(src/project_landing-tcc_lucca/models/x500/meshes) by extension 'ros'
[0.300s] Level 1:colcon.colcon_core.package_identification:_identify(src/project_landing-tcc_lucca/models/x500/meshes) by extensions ['cmake', 'python']
[0.300s] Level 1:colcon.colcon_core.package_identification:_identify(src/project_landing-tcc_lucca/models/x500/meshes) by extension 'cmake'
[0.300s] Level 1:colcon.colcon_core.package_identification:_identify(src/project_landing-tcc_lucca/models/x500/meshes) by extension 'python'
[0.300s] Level 1:colcon.colcon_core.package_identification:_identify(src/project_landing-tcc_lucca/models/x500/meshes) by extensions ['python_setup_py']
[0.300s] Level 1:colcon.colcon_core.package_identification:_identify(src/project_landing-tcc_lucca/models/x500/meshes) by extension 'python_setup_py'
[0.300s] Level 1:colcon.colcon_core.package_identification:_identify(src/project_landing-tcc_lucca/models/x500/thumbnails) by extensions ['ignore', 'ignore_ament_install']
[0.300s] Level 1:colcon.colcon_core.package_identification:_identify(src/project_landing-tcc_lucca/models/x500/thumbnails) by extension 'ignore'
[0.300s] Level 1:colcon.colcon_core.package_identification:_identify(src/project_landing-tcc_lucca/models/x500/thumbnails) by extension 'ignore_ament_install'
[0.300s] Level 1:colcon.colcon_core.package_identification:_identify(src/project_landing-tcc_lucca/models/x500/thumbnails) by extensions ['colcon_pkg']
[0.300s] Level 1:colcon.colcon_core.package_identification:_identify(src/project_landing-tcc_lucca/models/x500/thumbnails) by extension 'colcon_pkg'
[0.300s] Level 1:colcon.colcon_core.package_identification:_identify(src/project_landing-tcc_lucca/models/x500/thumbnails) by extensions ['colcon_meta']
[0.300s] Level 1:colcon.colcon_core.package_identification:_identify(src/project_landing-tcc_lucca/models/x500/thumbnails) by extension 'colcon_meta'
[0.300s] Level 1:colcon.colcon_core.package_identification:_identify(src/project_landing-tcc_lucca/models/x500/thumbnails) by extensions ['ros']
[0.300s] Level 1:colcon.colcon_core.package_identification:_identify(src/project_landing-tcc_lucca/models/x500/thumbnails) by extension 'ros'
[0.300s] Level 1:colcon.colcon_core.package_identification:_identify(src/project_landing-tcc_lucca/models/x500/thumbnails) by extensions ['cmake', 'python']
[0.300s] Level 1:colcon.colcon_core.package_identification:_identify(src/project_landing-tcc_lucca/models/x500/thumbnails) by extension 'cmake'
[0.300s] Level 1:colcon.colcon_core.package_identification:_identify(src/project_landing-tcc_lucca/models/x500/thumbnails) by extension 'python'
[0.300s] Level 1:colcon.colcon_core.package_identification:_identify(src/project_landing-tcc_lucca/models/x500/thumbnails) by extensions ['python_setup_py']
[0.300s] Level 1:colcon.colcon_core.package_identification:_identify(src/project_landing-tcc_lucca/models/x500/thumbnails) by extension 'python_setup_py'
[0.300s] Level 1:colcon.colcon_core.package_identification:_identify(src/project_landing-tcc_lucca/models/x500_as2) by extensions ['ignore', 'ignore_ament_install']
[0.300s] Level 1:colcon.colcon_core.package_identification:_identify(src/project_landing-tcc_lucca/models/x500_as2) by extension 'ignore'
[0.300s] Level 1:colcon.colcon_core.package_identification:_identify(src/project_landing-tcc_lucca/models/x500_as2) by extension 'ignore_ament_install'
[0.300s] Level 1:colcon.colcon_core.package_identification:_identify(src/project_landing-tcc_lucca/models/x500_as2) by extensions ['colcon_pkg']
[0.300s] Level 1:colcon.colcon_core.package_identification:_identify(src/project_landing-tcc_lucca/models/x500_as2) by extension 'colcon_pkg'
[0.300s] Level 1:colcon.colcon_core.package_identification:_identify(src/project_landing-tcc_lucca/models/x500_as2) by extensions ['colcon_meta']
[0.300s] Level 1:colcon.colcon_core.package_identification:_identify(src/project_landing-tcc_lucca/models/x500_as2) by extension 'colcon_meta'
[0.300s] Level 1:colcon.colcon_core.package_identification:_identify(src/project_landing-tcc_lucca/models/x500_as2) by extensions ['ros']
[0.300s] Level 1:colcon.colcon_core.package_identification:_identify(src/project_landing-tcc_lucca/models/x500_as2) by extension 'ros'
[0.301s] Level 1:colcon.colcon_core.package_identification:_identify(src/project_landing-tcc_lucca/models/x500_as2) by extensions ['cmake', 'python']
[0.301s] Level 1:colcon.colcon_core.package_identification:_identify(src/project_landing-tcc_lucca/models/x500_as2) by extension 'cmake'
[0.301s] Level 1:colcon.colcon_core.package_identification:_identify(src/project_landing-tcc_lucca/models/x500_as2) by extension 'python'
[0.301s] Level 1:colcon.colcon_core.package_identification:_identify(src/project_landing-tcc_lucca/models/x500_as2) by extensions ['python_setup_py']
[0.301s] Level 1:colcon.colcon_core.package_identification:_identify(src/project_landing-tcc_lucca/models/x500_as2) by extension 'python_setup_py'
[0.301s] Level 1:colcon.colcon_core.package_identification:_identify(src/project_landing-tcc_lucca/models/x500_as2/materials) by extensions ['ignore', 'ignore_ament_install']
[0.301s] Level 1:colcon.colcon_core.package_identification:_identify(src/project_landing-tcc_lucca/models/x500_as2/materials) by extension 'ignore'
[0.301s] Level 1:colcon.colcon_core.package_identification:_identify(src/project_landing-tcc_lucca/models/x500_as2/materials) by extension 'ignore_ament_install'
[0.301s] Level 1:colcon.colcon_core.package_identification:_identify(src/project_landing-tcc_lucca/models/x500_as2/materials) by extensions ['colcon_pkg']
[0.301s] Level 1:colcon.colcon_core.package_identification:_identify(src/project_landing-tcc_lucca/models/x500_as2/materials) by extension 'colcon_pkg'
[0.301s] Level 1:colcon.colcon_core.package_identification:_identify(src/project_landing-tcc_lucca/models/x500_as2/materials) by extensions ['colcon_meta']
[0.301s] Level 1:colcon.colcon_core.package_identification:_identify(src/project_landing-tcc_lucca/models/x500_as2/materials) by extension 'colcon_meta'
[0.301s] Level 1:colcon.colcon_core.package_identification:_identify(src/project_landing-tcc_lucca/models/x500_as2/materials) by extensions ['ros']
[0.301s] Level 1:colcon.colcon_core.package_identification:_identify(src/project_landing-tcc_lucca/models/x500_as2/materials) by extension 'ros'
[0.301s] Level 1:colcon.colcon_core.package_identification:_identify(src/project_landing-tcc_lucca/models/x500_as2/materials) by extensions ['cmake', 'python']
[0.301s] Level 1:colcon.colcon_core.package_identification:_identify(src/project_landing-tcc_lucca/models/x500_as2/materials) by extension 'cmake'
[0.301s] Level 1:colcon.colcon_core.package_identification:_identify(src/project_landing-tcc_lucca/models/x500_as2/materials) by extension 'python'
[0.301s] Level 1:colcon.colcon_core.package_identification:_identify(src/project_landing-tcc_lucca/models/x500_as2/materials) by extensions ['python_setup_py']
[0.301s] Level 1:colcon.colcon_core.package_identification:_identify(src/project_landing-tcc_lucca/models/x500_as2/materials) by extension 'python_setup_py'
[0.301s] Level 1:colcon.colcon_core.package_identification:_identify(src/project_landing-tcc_lucca/models/x500_as2/materials/textures) by extensions ['ignore', 'ignore_ament_install']
[0.301s] Level 1:colcon.colcon_core.package_identification:_identify(src/project_landing-tcc_lucca/models/x500_as2/materials/textures) by extension 'ignore'
[0.301s] Level 1:colcon.colcon_core.package_identification:_identify(src/project_landing-tcc_lucca/models/x500_as2/materials/textures) by extension 'ignore_ament_install'
[0.301s] Level 1:colcon.colcon_core.package_identification:_identify(src/project_landing-tcc_lucca/models/x500_as2/materials/textures) by extensions ['colcon_pkg']
[0.301s] Level 1:colcon.colcon_core.package_identification:_identify(src/project_landing-tcc_lucca/models/x500_as2/materials/textures) by extension 'colcon_pkg'
[0.301s] Level 1:colcon.colcon_core.package_identification:_identify(src/project_landing-tcc_lucca/models/x500_as2/materials/textures) by extensions ['colcon_meta']
[0.301s] Level 1:colcon.colcon_core.package_identification:_identify(src/project_landing-tcc_lucca/models/x500_as2/materials/textures) by extension 'colcon_meta'
[0.301s] Level 1:colcon.colcon_core.package_identification:_identify(src/project_landing-tcc_lucca/models/x500_as2/materials/textures) by extensions ['ros']
[0.301s] Level 1:colcon.colcon_core.package_identification:_identify(src/project_landing-tcc_lucca/models/x500_as2/materials/textures) by extension 'ros'
[0.301s] Level 1:colcon.colcon_core.package_identification:_identify(src/project_landing-tcc_lucca/models/x500_as2/materials/textures) by extensions ['cmake', 'python']
[0.301s] Level 1:colcon.colcon_core.package_identification:_identify(src/project_landing-tcc_lucca/models/x500_as2/materials/textures) by extension 'cmake'
[0.301s] Level 1:colcon.colcon_core.package_identification:_identify(src/project_landing-tcc_lucca/models/x500_as2/materials/textures) by extension 'python'
[0.301s] Level 1:colcon.colcon_core.package_identification:_identify(src/project_landing-tcc_lucca/models/x500_as2/materials/textures) by extensions ['python_setup_py']
[0.301s] Level 1:colcon.colcon_core.package_identification:_identify(src/project_landing-tcc_lucca/models/x500_as2/materials/textures) by extension 'python_setup_py'
[0.301s] Level 1:colcon.colcon_core.package_identification:_identify(src/project_landing-tcc_lucca/models/x500_as2/meshes) by extensions ['ignore', 'ignore_ament_install']
[0.301s] Level 1:colcon.colcon_core.package_identification:_identify(src/project_landing-tcc_lucca/models/x500_as2/meshes) by extension 'ignore'
[0.301s] Level 1:colcon.colcon_core.package_identification:_identify(src/project_landing-tcc_lucca/models/x500_as2/meshes) by extension 'ignore_ament_install'
[0.302s] Level 1:colcon.colcon_core.package_identification:_identify(src/project_landing-tcc_lucca/models/x500_as2/meshes) by extensions ['colcon_pkg']
[0.302s] Level 1:colcon.colcon_core.package_identification:_identify(src/project_landing-tcc_lucca/models/x500_as2/meshes) by extension 'colcon_pkg'
[0.302s] Level 1:colcon.colcon_core.package_identification:_identify(src/project_landing-tcc_lucca/models/x500_as2/meshes) by extensions ['colcon_meta']
[0.302s] Level 1:colcon.colcon_core.package_identification:_identify(src/project_landing-tcc_lucca/models/x500_as2/meshes) by extension 'colcon_meta'
[0.302s] Level 1:colcon.colcon_core.package_identification:_identify(src/project_landing-tcc_lucca/models/x500_as2/meshes) by extensions ['ros']
[0.302s] Level 1:colcon.colcon_core.package_identification:_identify(src/project_landing-tcc_lucca/models/x500_as2/meshes) by extension 'ros'
[0.302s] Level 1:colcon.colcon_core.package_identification:_identify(src/project_landing-tcc_lucca/models/x500_as2/meshes) by extensions ['cmake', 'python']
[0.302s] Level 1:colcon.colcon_core.package_identification:_identify(src/project_landing-tcc_lucca/models/x500_as2/meshes) by extension 'cmake'
[0.302s] Level 1:colcon.colcon_core.package_identification:_identify(src/project_landing-tcc_lucca/models/x500_as2/meshes) by extension 'python'
[0.302s] Level 1:colcon.colcon_core.package_identification:_identify(src/project_landing-tcc_lucca/models/x500_as2/meshes) by extensions ['python_setup_py']
[0.302s] Level 1:colcon.colcon_core.package_identification:_identify(src/project_landing-tcc_lucca/models/x500_as2/meshes) by extension 'python_setup_py'
[0.302s] Level 1:colcon.colcon_core.package_identification:_identify(src/project_landing-tcc_lucca/models/x500_as2/thumbnails) by extensions ['ignore', 'ignore_ament_install']
[0.302s] Level 1:colcon.colcon_core.package_identification:_identify(src/project_landing-tcc_lucca/models/x500_as2/thumbnails) by extension 'ignore'
[0.302s] Level 1:colcon.colcon_core.package_identification:_identify(src/project_landing-tcc_lucca/models/x500_as2/thumbnails) by extension 'ignore_ament_install'
[0.302s] Level 1:colcon.colcon_core.package_identification:_identify(src/project_landing-tcc_lucca/models/x500_as2/thumbnails) by extensions ['colcon_pkg']
[0.302s] Level 1:colcon.colcon_core.package_identification:_identify(src/project_landing-tcc_lucca/models/x500_as2/thumbnails) by extension 'colcon_pkg'
[0.302s] Level 1:colcon.colcon_core.package_identification:_identify(src/project_landing-tcc_lucca/models/x500_as2/thumbnails) by extensions ['colcon_meta']
[0.302s] Level 1:colcon.colcon_core.package_identification:_identify(src/project_landing-tcc_lucca/models/x500_as2/thumbnails) by extension 'colcon_meta'
[0.302s] Level 1:colcon.colcon_core.package_identification:_identify(src/project_landing-tcc_lucca/models/x500_as2/thumbnails) by extensions ['ros']
[0.302s] Level 1:colcon.colcon_core.package_identification:_identify(src/project_landing-tcc_lucca/models/x500_as2/thumbnails) by extension 'ros'
[0.302s] Level 1:colcon.colcon_core.package_identification:_identify(src/project_landing-tcc_lucca/models/x500_as2/thumbnails) by extensions ['cmake', 'python']
[0.302s] Level 1:colcon.colcon_core.package_identification:_identify(src/project_landing-tcc_lucca/models/x500_as2/thumbnails) by extension 'cmake'
[0.302s] Level 1:colcon.colcon_core.package_identification:_identify(src/project_landing-tcc_lucca/models/x500_as2/thumbnails) by extension 'python'
[0.302s] Level 1:colcon.colcon_core.package_identification:_identify(src/project_landing-tcc_lucca/models/x500_as2/thumbnails) by extensions ['python_setup_py']
[0.302s] Level 1:colcon.colcon_core.package_identification:_identify(src/project_landing-tcc_lucca/models/x500_as2/thumbnails) by extension 'python_setup_py'
[0.302s] Level 1:colcon.colcon_core.package_identification:_identify(src/project_landing-tcc_lucca/models/x500_px4) by extensions ['ignore', 'ignore_ament_install']
[0.302s] Level 1:colcon.colcon_core.package_identification:_identify(src/project_landing-tcc_lucca/models/x500_px4) by extension 'ignore'
[0.302s] Level 1:colcon.colcon_core.package_identification:_identify(src/project_landing-tcc_lucca/models/x500_px4) by extension 'ignore_ament_install'
[0.302s] Level 1:colcon.colcon_core.package_identification:_identify(src/project_landing-tcc_lucca/models/x500_px4) by extensions ['colcon_pkg']
[0.302s] Level 1:colcon.colcon_core.package_identification:_identify(src/project_landing-tcc_lucca/models/x500_px4) by extension 'colcon_pkg'
[0.302s] Level 1:colcon.colcon_core.package_identification:_identify(src/project_landing-tcc_lucca/models/x500_px4) by extensions ['colcon_meta']
[0.302s] Level 1:colcon.colcon_core.package_identification:_identify(src/project_landing-tcc_lucca/models/x500_px4) by extension 'colcon_meta'
[0.302s] Level 1:colcon.colcon_core.package_identification:_identify(src/project_landing-tcc_lucca/models/x500_px4) by extensions ['ros']
[0.302s] Level 1:colcon.colcon_core.package_identification:_identify(src/project_landing-tcc_lucca/models/x500_px4) by extension 'ros'
[0.302s] Level 1:colcon.colcon_core.package_identification:_identify(src/project_landing-tcc_lucca/models/x500_px4) by extensions ['cmake', 'python']
[0.302s] Level 1:colcon.colcon_core.package_identification:_identify(src/project_landing-tcc_lucca/models/x500_px4) by extension 'cmake'
[0.302s] Level 1:colcon.colcon_core.package_identification:_identify(src/project_landing-tcc_lucca/models/x500_px4) by extension 'python'
[0.302s] Level 1:colcon.colcon_core.package_identification:_identify(src/project_landing-tcc_lucca/models/x500_px4) by extensions ['python_setup_py']
[0.302s] Level 1:colcon.colcon_core.package_identification:_identify(src/project_landing-tcc_lucca/models/x500_px4) by extension 'python_setup_py'
[0.302s] Level 1:colcon.colcon_core.package_identification:_identify(src/project_landing-tcc_lucca/models/x500_px4/materials) by extensions ['ignore', 'ignore_ament_install']
[0.302s] Level 1:colcon.colcon_core.package_identification:_identify(src/project_landing-tcc_lucca/models/x500_px4/materials) by extension 'ignore'
[0.302s] Level 1:colcon.colcon_core.package_identification:_identify(src/project_landing-tcc_lucca/models/x500_px4/materials) by extension 'ignore_ament_install'
[0.302s] Level 1:colcon.colcon_core.package_identification:_identify(src/project_landing-tcc_lucca/models/x500_px4/materials) by extensions ['colcon_pkg']
[0.302s] Level 1:colcon.colcon_core.package_identification:_identify(src/project_landing-tcc_lucca/models/x500_px4/materials) by extension 'colcon_pkg'
[0.302s] Level 1:colcon.colcon_core.package_identification:_identify(src/project_landing-tcc_lucca/models/x500_px4/materials) by extensions ['colcon_meta']
[0.302s] Level 1:colcon.colcon_core.package_identification:_identify(src/project_landing-tcc_lucca/models/x500_px4/materials) by extension 'colcon_meta'
[0.303s] Level 1:colcon.colcon_core.package_identification:_identify(src/project_landing-tcc_lucca/models/x500_px4/materials) by extensions ['ros']
[0.303s] Level 1:colcon.colcon_core.package_identification:_identify(src/project_landing-tcc_lucca/models/x500_px4/materials) by extension 'ros'
[0.303s] Level 1:colcon.colcon_core.package_identification:_identify(src/project_landing-tcc_lucca/models/x500_px4/materials) by extensions ['cmake', 'python']
[0.303s] Level 1:colcon.colcon_core.package_identification:_identify(src/project_landing-tcc_lucca/models/x500_px4/materials) by extension 'cmake'
[0.303s] Level 1:colcon.colcon_core.package_identification:_identify(src/project_landing-tcc_lucca/models/x500_px4/materials) by extension 'python'
[0.303s] Level 1:colcon.colcon_core.package_identification:_identify(src/project_landing-tcc_lucca/models/x500_px4/materials) by extensions ['python_setup_py']
[0.303s] Level 1:colcon.colcon_core.package_identification:_identify(src/project_landing-tcc_lucca/models/x500_px4/materials) by extension 'python_setup_py'
[0.303s] Level 1:colcon.colcon_core.package_identification:_identify(src/project_landing-tcc_lucca/models/x500_px4/materials/textures) by extensions ['ignore', 'ignore_ament_install']
[0.303s] Level 1:colcon.colcon_core.package_identification:_identify(src/project_landing-tcc_lucca/models/x500_px4/materials/textures) by extension 'ignore'
[0.303s] Level 1:colcon.colcon_core.package_identification:_identify(src/project_landing-tcc_lucca/models/x500_px4/materials/textures) by extension 'ignore_ament_install'
[0.303s] Level 1:colcon.colcon_core.package_identification:_identify(src/project_landing-tcc_lucca/models/x500_px4/materials/textures) by extensions ['colcon_pkg']
[0.303s] Level 1:colcon.colcon_core.package_identification:_identify(src/project_landing-tcc_lucca/models/x500_px4/materials/textures) by extension 'colcon_pkg'
[0.303s] Level 1:colcon.colcon_core.package_identification:_identify(src/project_landing-tcc_lucca/models/x500_px4/materials/textures) by extensions ['colcon_meta']
[0.303s] Level 1:colcon.colcon_core.package_identification:_identify(src/project_landing-tcc_lucca/models/x500_px4/materials/textures) by extension 'colcon_meta'
[0.303s] Level 1:colcon.colcon_core.package_identification:_identify(src/project_landing-tcc_lucca/models/x500_px4/materials/textures) by extensions ['ros']
[0.303s] Level 1:colcon.colcon_core.package_identification:_identify(src/project_landing-tcc_lucca/models/x500_px4/materials/textures) by extension 'ros'
[0.303s] Level 1:colcon.colcon_core.package_identification:_identify(src/project_landing-tcc_lucca/models/x500_px4/materials/textures) by extensions ['cmake', 'python']
[0.303s] Level 1:colcon.colcon_core.package_identification:_identify(src/project_landing-tcc_lucca/models/x500_px4/materials/textures) by extension 'cmake'
[0.303s] Level 1:colcon.colcon_core.package_identification:_identify(src/project_landing-tcc_lucca/models/x500_px4/materials/textures) by extension 'python'
[0.303s] Level 1:colcon.colcon_core.package_identification:_identify(src/project_landing-tcc_lucca/models/x500_px4/materials/textures) by extensions ['python_setup_py']
[0.303s] Level 1:colcon.colcon_core.package_identification:_identify(src/project_landing-tcc_lucca/models/x500_px4/materials/textures) by extension 'python_setup_py'
[0.303s] Level 1:colcon.colcon_core.package_identification:_identify(src/project_landing-tcc_lucca/models/x500_px4/meshes) by extensions ['ignore', 'ignore_ament_install']
[0.303s] Level 1:colcon.colcon_core.package_identification:_identify(src/project_landing-tcc_lucca/models/x500_px4/meshes) by extension 'ignore'
[0.303s] Level 1:colcon.colcon_core.package_identification:_identify(src/project_landing-tcc_lucca/models/x500_px4/meshes) by extension 'ignore_ament_install'
[0.303s] Level 1:colcon.colcon_core.package_identification:_identify(src/project_landing-tcc_lucca/models/x500_px4/meshes) by extensions ['colcon_pkg']
[0.303s] Level 1:colcon.colcon_core.package_identification:_identify(src/project_landing-tcc_lucca/models/x500_px4/meshes) by extension 'colcon_pkg'
[0.303s] Level 1:colcon.colcon_core.package_identification:_identify(src/project_landing-tcc_lucca/models/x500_px4/meshes) by extensions ['colcon_meta']
[0.303s] Level 1:colcon.colcon_core.package_identification:_identify(src/project_landing-tcc_lucca/models/x500_px4/meshes) by extension 'colcon_meta'
[0.303s] Level 1:colcon.colcon_core.package_identification:_identify(src/project_landing-tcc_lucca/models/x500_px4/meshes) by extensions ['ros']
[0.303s] Level 1:colcon.colcon_core.package_identification:_identify(src/project_landing-tcc_lucca/models/x500_px4/meshes) by extension 'ros'
[0.303s] Level 1:colcon.colcon_core.package_identification:_identify(src/project_landing-tcc_lucca/models/x500_px4/meshes) by extensions ['cmake', 'python']
[0.303s] Level 1:colcon.colcon_core.package_identification:_identify(src/project_landing-tcc_lucca/models/x500_px4/meshes) by extension 'cmake'
[0.303s] Level 1:colcon.colcon_core.package_identification:_identify(src/project_landing-tcc_lucca/models/x500_px4/meshes) by extension 'python'
[0.303s] Level 1:colcon.colcon_core.package_identification:_identify(src/project_landing-tcc_lucca/models/x500_px4/meshes) by extensions ['python_setup_py']
[0.303s] Level 1:colcon.colcon_core.package_identification:_identify(src/project_landing-tcc_lucca/models/x500_px4/meshes) by extension 'python_setup_py'
[0.303s] Level 1:colcon.colcon_core.package_identification:_identify(src/project_landing-tcc_lucca/models/x500_px4/thumbnails) by extensions ['ignore', 'ignore_ament_install']
[0.303s] Level 1:colcon.colcon_core.package_identification:_identify(src/project_landing-tcc_lucca/models/x500_px4/thumbnails) by extension 'ignore'
[0.303s] Level 1:colcon.colcon_core.package_identification:_identify(src/project_landing-tcc_lucca/models/x500_px4/thumbnails) by extension 'ignore_ament_install'
[0.303s] Level 1:colcon.colcon_core.package_identification:_identify(src/project_landing-tcc_lucca/models/x500_px4/thumbnails) by extensions ['colcon_pkg']
[0.303s] Level 1:colcon.colcon_core.package_identification:_identify(src/project_landing-tcc_lucca/models/x500_px4/thumbnails) by extension 'colcon_pkg'
[0.303s] Level 1:colcon.colcon_core.package_identification:_identify(src/project_landing-tcc_lucca/models/x500_px4/thumbnails) by extensions ['colcon_meta']
[0.303s] Level 1:colcon.colcon_core.package_identification:_identify(src/project_landing-tcc_lucca/models/x500_px4/thumbnails) by extension 'colcon_meta'
[0.304s] Level 1:colcon.colcon_core.package_identification:_identify(src/project_landing-tcc_lucca/models/x500_px4/thumbnails) by extensions ['ros']
[0.304s] Level 1:colcon.colcon_core.package_identification:_identify(src/project_landing-tcc_lucca/models/x500_px4/thumbnails) by extension 'ros'
[0.304s] Level 1:colcon.colcon_core.package_identification:_identify(src/project_landing-tcc_lucca/models/x500_px4/thumbnails) by extensions ['cmake', 'python']
[0.304s] Level 1:colcon.colcon_core.package_identification:_identify(src/project_landing-tcc_lucca/models/x500_px4/thumbnails) by extension 'cmake'
[0.304s] Level 1:colcon.colcon_core.package_identification:_identify(src/project_landing-tcc_lucca/models/x500_px4/thumbnails) by extension 'python'
[0.304s] Level 1:colcon.colcon_core.package_identification:_identify(src/project_landing-tcc_lucca/models/x500_px4/thumbnails) by extensions ['python_setup_py']
[0.304s] Level 1:colcon.colcon_core.package_identification:_identify(src/project_landing-tcc_lucca/models/x500_px4/thumbnails) by extension 'python_setup_py'
[0.304s] Level 1:colcon.colcon_core.package_identification:_identify(src/project_landing-tcc_lucca/tmuxinator) by extensions ['ignore', 'ignore_ament_install']
[0.304s] Level 1:colcon.colcon_core.package_identification:_identify(src/project_landing-tcc_lucca/tmuxinator) by extension 'ignore'
[0.304s] Level 1:colcon.colcon_core.package_identification:_identify(src/project_landing-tcc_lucca/tmuxinator) by extension 'ignore_ament_install'
[0.304s] Level 1:colcon.colcon_core.package_identification:_identify(src/project_landing-tcc_lucca/tmuxinator) by extensions ['colcon_pkg']
[0.304s] Level 1:colcon.colcon_core.package_identification:_identify(src/project_landing-tcc_lucca/tmuxinator) by extension 'colcon_pkg'
[0.304s] Level 1:colcon.colcon_core.package_identification:_identify(src/project_landing-tcc_lucca/tmuxinator) by extensions ['colcon_meta']
[0.304s] Level 1:colcon.colcon_core.package_identification:_identify(src/project_landing-tcc_lucca/tmuxinator) by extension 'colcon_meta'
[0.304s] Level 1:colcon.colcon_core.package_identification:_identify(src/project_landing-tcc_lucca/tmuxinator) by extensions ['ros']
[0.304s] Level 1:colcon.colcon_core.package_identification:_identify(src/project_landing-tcc_lucca/tmuxinator) by extension 'ros'
[0.304s] Level 1:colcon.colcon_core.package_identification:_identify(src/project_landing-tcc_lucca/tmuxinator) by extensions ['cmake', 'python']
[0.304s] Level 1:colcon.colcon_core.package_identification:_identify(src/project_landing-tcc_lucca/tmuxinator) by extension 'cmake'
[0.304s] Level 1:colcon.colcon_core.package_identification:_identify(src/project_landing-tcc_lucca/tmuxinator) by extension 'python'
[0.304s] Level 1:colcon.colcon_core.package_identification:_identify(src/project_landing-tcc_lucca/tmuxinator) by extensions ['python_setup_py']
[0.304s] Level 1:colcon.colcon_core.package_identification:_identify(src/project_landing-tcc_lucca/tmuxinator) by extension 'python_setup_py'
[0.304s] Level 1:colcon.colcon_core.package_identification:_identify(src/project_landing-tcc_lucca/trees) by extensions ['ignore', 'ignore_ament_install']
[0.304s] Level 1:colcon.colcon_core.package_identification:_identify(src/project_landing-tcc_lucca/trees) by extension 'ignore'
[0.304s] Level 1:colcon.colcon_core.package_identification:_identify(src/project_landing-tcc_lucca/trees) by extension 'ignore_ament_install'
[0.304s] Level 1:colcon.colcon_core.package_identification:_identify(src/project_landing-tcc_lucca/trees) by extensions ['colcon_pkg']
[0.304s] Level 1:colcon.colcon_core.package_identification:_identify(src/project_landing-tcc_lucca/trees) by extension 'colcon_pkg'
[0.304s] Level 1:colcon.colcon_core.package_identification:_identify(src/project_landing-tcc_lucca/trees) by extensions ['colcon_meta']
[0.304s] Level 1:colcon.colcon_core.package_identification:_identify(src/project_landing-tcc_lucca/trees) by extension 'colcon_meta'
[0.304s] Level 1:colcon.colcon_core.package_identification:_identify(src/project_landing-tcc_lucca/trees) by extensions ['ros']
[0.304s] Level 1:colcon.colcon_core.package_identification:_identify(src/project_landing-tcc_lucca/trees) by extension 'ros'
[0.304s] Level 1:colcon.colcon_core.package_identification:_identify(src/project_landing-tcc_lucca/trees) by extensions ['cmake', 'python']
[0.304s] Level 1:colcon.colcon_core.package_identification:_identify(src/project_landing-tcc_lucca/trees) by extension 'cmake'
[0.304s] Level 1:colcon.colcon_core.package_identification:_identify(src/project_landing-tcc_lucca/trees) by extension 'python'
[0.304s] Level 1:colcon.colcon_core.package_identification:_identify(src/project_landing-tcc_lucca/trees) by extensions ['python_setup_py']
[0.304s] Level 1:colcon.colcon_core.package_identification:_identify(src/project_landing-tcc_lucca/trees) by extension 'python_setup_py'
[0.304s] Level 1:colcon.colcon_core.package_identification:_identify(src/project_landing-tcc_lucca/utils) by extensions ['ignore', 'ignore_ament_install']
[0.304s] Level 1:colcon.colcon_core.package_identification:_identify(src/project_landing-tcc_lucca/utils) by extension 'ignore'
[0.304s] Level 1:colcon.colcon_core.package_identification:_identify(src/project_landing-tcc_lucca/utils) by extension 'ignore_ament_install'
[0.304s] Level 1:colcon.colcon_core.package_identification:_identify(src/project_landing-tcc_lucca/utils) by extensions ['colcon_pkg']
[0.304s] Level 1:colcon.colcon_core.package_identification:_identify(src/project_landing-tcc_lucca/utils) by extension 'colcon_pkg'
[0.304s] Level 1:colcon.colcon_core.package_identification:_identify(src/project_landing-tcc_lucca/utils) by extensions ['colcon_meta']
[0.304s] Level 1:colcon.colcon_core.package_identification:_identify(src/project_landing-tcc_lucca/utils) by extension 'colcon_meta'
[0.304s] Level 1:colcon.colcon_core.package_identification:_identify(src/project_landing-tcc_lucca/utils) by extensions ['ros']
[0.304s] Level 1:colcon.colcon_core.package_identification:_identify(src/project_landing-tcc_lucca/utils) by extension 'ros'
[0.304s] Level 1:colcon.colcon_core.package_identification:_identify(src/project_landing-tcc_lucca/utils) by extensions ['cmake', 'python']
[0.304s] Level 1:colcon.colcon_core.package_identification:_identify(src/project_landing-tcc_lucca/utils) by extension 'cmake'
[0.305s] Level 1:colcon.colcon_core.package_identification:_identify(src/project_landing-tcc_lucca/utils) by extension 'python'
[0.305s] Level 1:colcon.colcon_core.package_identification:_identify(src/project_landing-tcc_lucca/utils) by extensions ['python_setup_py']
[0.305s] Level 1:colcon.colcon_core.package_identification:_identify(src/project_landing-tcc_lucca/utils) by extension 'python_setup_py'
[0.305s] Level 1:colcon.colcon_core.package_discovery:discover_packages(recursive) using defaults
[0.305s] Level 1:colcon.colcon_core.package_discovery:discover_packages(ignore) discover
[0.305s] Level 1:colcon.colcon_core.package_discovery:discover_packages(ignore) using defaults
[0.305s] Level 1:colcon.colcon_core.package_discovery:discover_packages(path) discover
[0.305s] Level 1:colcon.colcon_core.package_discovery:discover_packages(path) using defaults
[0.319s] INFO:colcon.colcon_metadata.metadata.colcon_pkg:Updating descriptor of package 'src/aerostack2-tcc_lucca/as2_python_api' from colcon.pkg: {'hooks': ['share/as2_python_api/hooks/resource_paths.sh']}
[0.327s] Level 5:colcon.colcon_core.verb:set package 'as2_cli' build argument 'cmake_args' from command line to 'None'
[0.328s] Level 5:colcon.colcon_core.verb:set package 'as2_cli' build argument 'cmake_target' from command line to 'None'
[0.328s] Level 5:colcon.colcon_core.verb:set package 'as2_cli' build argument 'cmake_target_skip_unavailable' from command line to 'False'
[0.328s] Level 5:colcon.colcon_core.verb:set package 'as2_cli' build argument 'cmake_clean_cache' from command line to 'False'
[0.328s] Level 5:colcon.colcon_core.verb:set package 'as2_cli' build argument 'cmake_clean_first' from command line to 'False'
[0.328s] Level 5:colcon.colcon_core.verb:set package 'as2_cli' build argument 'cmake_force_configure' from command line to 'False'
[0.328s] Level 5:colcon.colcon_core.verb:set package 'as2_cli' build argument 'ament_cmake_args' from command line to 'None'
[0.328s] Level 5:colcon.colcon_core.verb:set package 'as2_cli' build argument 'catkin_cmake_args' from command line to 'None'
[0.328s] Level 5:colcon.colcon_core.verb:set package 'as2_cli' build argument 'catkin_skip_building_tests' from command line to 'False'
[0.328s] DEBUG:colcon.colcon_core.verb:Building package 'as2_cli' with the following arguments: {'ament_cmake_args': None, 'build_base': '/home/developer/aerostack2_ws/build/as2_cli', 'catkin_cmake_args': None, 'catkin_skip_building_tests': False, 'cmake_args': None, 'cmake_clean_cache': False, 'cmake_clean_first': False, 'cmake_force_configure': False, 'cmake_target': None, 'cmake_target_skip_unavailable': False, 'install_base': '/home/developer/aerostack2_ws/install/as2_cli', 'merge_install': False, 'path': '/home/developer/aerostack2_ws/src/aerostack2-tcc_lucca/as2_cli', 'symlink_install': True, 'test_result_base': None}
[0.328s] Level 5:colcon.colcon_core.verb:set package 'as2_msgs' build argument 'cmake_args' from command line to 'None'
[0.328s] Level 5:colcon.colcon_core.verb:set package 'as2_msgs' build argument 'cmake_target' from command line to 'None'
[0.328s] Level 5:colcon.colcon_core.verb:set package 'as2_msgs' build argument 'cmake_target_skip_unavailable' from command line to 'False'
[0.328s] Level 5:colcon.colcon_core.verb:set package 'as2_msgs' build argument 'cmake_clean_cache' from command line to 'False'
[0.328s] Level 5:colcon.colcon_core.verb:set package 'as2_msgs' build argument 'cmake_clean_first' from command line to 'False'
[0.328s] Level 5:colcon.colcon_core.verb:set package 'as2_msgs' build argument 'cmake_force_configure' from command line to 'False'
[0.328s] Level 5:colcon.colcon_core.verb:set package 'as2_msgs' build argument 'ament_cmake_args' from command line to 'None'
[0.328s] Level 5:colcon.colcon_core.verb:set package 'as2_msgs' build argument 'catkin_cmake_args' from command line to 'None'
[0.328s] Level 5:colcon.colcon_core.verb:set package 'as2_msgs' build argument 'catkin_skip_building_tests' from command line to 'False'
[0.328s] DEBUG:colcon.colcon_core.verb:Building package 'as2_msgs' with the following arguments: {'ament_cmake_args': None, 'build_base': '/home/developer/aerostack2_ws/build/as2_msgs', 'catkin_cmake_args': None, 'catkin_skip_building_tests': False, 'cmake_args': None, 'cmake_clean_cache': False, 'cmake_clean_first': False, 'cmake_force_configure': False, 'cmake_target': None, 'cmake_target_skip_unavailable': False, 'install_base': '/home/developer/aerostack2_ws/install/as2_msgs', 'merge_install': False, 'path': '/home/developer/aerostack2_ws/src/aerostack2-tcc_lucca/as2_msgs', 'symlink_install': True, 'test_result_base': None}
[0.328s] Level 5:colcon.colcon_core.verb:set package 'as2_core' build argument 'cmake_args' from command line to 'None'
[0.328s] Level 5:colcon.colcon_core.verb:set package 'as2_core' build argument 'cmake_target' from command line to 'None'
[0.328s] Level 5:colcon.colcon_core.verb:set package 'as2_core' build argument 'cmake_target_skip_unavailable' from command line to 'False'
[0.328s] Level 5:colcon.colcon_core.verb:set package 'as2_core' build argument 'cmake_clean_cache' from command line to 'False'
[0.328s] Level 5:colcon.colcon_core.verb:set package 'as2_core' build argument 'cmake_clean_first' from command line to 'False'
[0.328s] Level 5:colcon.colcon_core.verb:set package 'as2_core' build argument 'cmake_force_configure' from command line to 'False'
[0.328s] Level 5:colcon.colcon_core.verb:set package 'as2_core' build argument 'ament_cmake_args' from command line to 'None'
[0.328s] Level 5:colcon.colcon_core.verb:set package 'as2_core' build argument 'catkin_cmake_args' from command line to 'None'
[0.328s] Level 5:colcon.colcon_core.verb:set package 'as2_core' build argument 'catkin_skip_building_tests' from command line to 'False'
[0.328s] DEBUG:colcon.colcon_core.verb:Building package 'as2_core' with the following arguments: {'ament_cmake_args': None, 'build_base': '/home/developer/aerostack2_ws/build/as2_core', 'catkin_cmake_args': None, 'catkin_skip_building_tests': False, 'cmake_args': None, 'cmake_clean_cache': False, 'cmake_clean_first': False, 'cmake_force_configure': False, 'cmake_target': None, 'cmake_target_skip_unavailable': False, 'install_base': '/home/developer/aerostack2_ws/install/as2_core', 'merge_install': False, 'path': '/home/developer/aerostack2_ws/src/aerostack2-tcc_lucca/as2_core', 'symlink_install': True, 'test_result_base': None}
[0.328s] Level 5:colcon.colcon_core.verb:set package 'as2_alphanumeric_viewer' build argument 'cmake_args' from command line to 'None'
[0.328s] Level 5:colcon.colcon_core.verb:set package 'as2_alphanumeric_viewer' build argument 'cmake_target' from command line to 'None'
[0.328s] Level 5:colcon.colcon_core.verb:set package 'as2_alphanumeric_viewer' build argument 'cmake_target_skip_unavailable' from command line to 'False'
[0.328s] Level 5:colcon.colcon_core.verb:set package 'as2_alphanumeric_viewer' build argument 'cmake_clean_cache' from command line to 'False'
[0.328s] Level 5:colcon.colcon_core.verb:set package 'as2_alphanumeric_viewer' build argument 'cmake_clean_first' from command line to 'False'
[0.328s] Level 5:colcon.colcon_core.verb:set package 'as2_alphanumeric_viewer' build argument 'cmake_force_configure' from command line to 'False'
[0.328s] Level 5:colcon.colcon_core.verb:set package 'as2_alphanumeric_viewer' build argument 'ament_cmake_args' from command line to 'None'
[0.328s] Level 5:colcon.colcon_core.verb:set package 'as2_alphanumeric_viewer' build argument 'catkin_cmake_args' from command line to 'None'
[0.328s] Level 5:colcon.colcon_core.verb:set package 'as2_alphanumeric_viewer' build argument 'catkin_skip_building_tests' from command line to 'False'
[0.328s] DEBUG:colcon.colcon_core.verb:Building package 'as2_alphanumeric_viewer' with the following arguments: {'ament_cmake_args': None, 'build_base': '/home/developer/aerostack2_ws/build/as2_alphanumeric_viewer', 'catkin_cmake_args': None, 'catkin_skip_building_tests': False, 'cmake_args': None, 'cmake_clean_cache': False, 'cmake_clean_first': False, 'cmake_force_configure': False, 'cmake_target': None, 'cmake_target_skip_unavailable': False, 'install_base': '/home/developer/aerostack2_ws/install/as2_alphanumeric_viewer', 'merge_install': False, 'path': '/home/developer/aerostack2_ws/src/aerostack2-tcc_lucca/as2_user_interfaces/as2_alphanumeric_viewer', 'symlink_install': True, 'test_result_base': None}
[0.329s] Level 5:colcon.colcon_core.verb:set package 'as2_behavior' build argument 'cmake_args' from command line to 'None'
[0.329s] Level 5:colcon.colcon_core.verb:set package 'as2_behavior' build argument 'cmake_target' from command line to 'None'
[0.329s] Level 5:colcon.colcon_core.verb:set package 'as2_behavior' build argument 'cmake_target_skip_unavailable' from command line to 'False'
[0.329s] Level 5:colcon.colcon_core.verb:set package 'as2_behavior' build argument 'cmake_clean_cache' from command line to 'False'
[0.329s] Level 5:colcon.colcon_core.verb:set package 'as2_behavior' build argument 'cmake_clean_first' from command line to 'False'
[0.329s] Level 5:colcon.colcon_core.verb:set package 'as2_behavior' build argument 'cmake_force_configure' from command line to 'False'
[0.329s] Level 5:colcon.colcon_core.verb:set package 'as2_behavior' build argument 'ament_cmake_args' from command line to 'None'
[0.329s] Level 5:colcon.colcon_core.verb:set package 'as2_behavior' build argument 'catkin_cmake_args' from command line to 'None'
[0.329s] Level 5:colcon.colcon_core.verb:set package 'as2_behavior' build argument 'catkin_skip_building_tests' from command line to 'False'
[0.329s] DEBUG:colcon.colcon_core.verb:Building package 'as2_behavior' with the following arguments: {'ament_cmake_args': None, 'build_base': '/home/developer/aerostack2_ws/build/as2_behavior', 'catkin_cmake_args': None, 'catkin_skip_building_tests': False, 'cmake_args': None, 'cmake_clean_cache': False, 'cmake_clean_first': False, 'cmake_force_configure': False, 'cmake_target': None, 'cmake_target_skip_unavailable': False, 'install_base': '/home/developer/aerostack2_ws/install/as2_behavior', 'merge_install': False, 'path': '/home/developer/aerostack2_ws/src/aerostack2-tcc_lucca/as2_behaviors/as2_behavior', 'symlink_install': True, 'test_result_base': None}
[0.329s] Level 5:colcon.colcon_core.verb:set package 'as2_behavior_tree' build argument 'cmake_args' from command line to 'None'
[0.329s] Level 5:colcon.colcon_core.verb:set package 'as2_behavior_tree' build argument 'cmake_target' from command line to 'None'
[0.329s] Level 5:colcon.colcon_core.verb:set package 'as2_behavior_tree' build argument 'cmake_target_skip_unavailable' from command line to 'False'
[0.329s] Level 5:colcon.colcon_core.verb:set package 'as2_behavior_tree' build argument 'cmake_clean_cache' from command line to 'False'
[0.329s] Level 5:colcon.colcon_core.verb:set package 'as2_behavior_tree' build argument 'cmake_clean_first' from command line to 'False'
[0.329s] Level 5:colcon.colcon_core.verb:set package 'as2_behavior_tree' build argument 'cmake_force_configure' from command line to 'False'
[0.329s] Level 5:colcon.colcon_core.verb:set package 'as2_behavior_tree' build argument 'ament_cmake_args' from command line to 'None'
[0.329s] Level 5:colcon.colcon_core.verb:set package 'as2_behavior_tree' build argument 'catkin_cmake_args' from command line to 'None'
[0.329s] Level 5:colcon.colcon_core.verb:set package 'as2_behavior_tree' build argument 'catkin_skip_building_tests' from command line to 'False'
[0.329s] DEBUG:colcon.colcon_core.verb:Building package 'as2_behavior_tree' with the following arguments: {'ament_cmake_args': None, 'build_base': '/home/developer/aerostack2_ws/build/as2_behavior_tree', 'catkin_cmake_args': None, 'catkin_skip_building_tests': False, 'cmake_args': None, 'cmake_clean_cache': False, 'cmake_clean_first': False, 'cmake_force_configure': False, 'cmake_target': None, 'cmake_target_skip_unavailable': False, 'install_base': '/home/developer/aerostack2_ws/install/as2_behavior_tree', 'merge_install': False, 'path': '/home/developer/aerostack2_ws/src/aerostack2-tcc_lucca/as2_behavior_tree', 'symlink_install': True, 'test_result_base': None}
[0.329s] Level 5:colcon.colcon_core.verb:set package 'as2_external_object_to_tf' build argument 'cmake_args' from command line to 'None'
[0.329s] Level 5:colcon.colcon_core.verb:set package 'as2_external_object_to_tf' build argument 'cmake_target' from command line to 'None'
[0.329s] Level 5:colcon.colcon_core.verb:set package 'as2_external_object_to_tf' build argument 'cmake_target_skip_unavailable' from command line to 'False'
[0.329s] Level 5:colcon.colcon_core.verb:set package 'as2_external_object_to_tf' build argument 'cmake_clean_cache' from command line to 'False'
[0.329s] Level 5:colcon.colcon_core.verb:set package 'as2_external_object_to_tf' build argument 'cmake_clean_first' from command line to 'False'
[0.329s] Level 5:colcon.colcon_core.verb:set package 'as2_external_object_to_tf' build argument 'cmake_force_configure' from command line to 'False'
[0.329s] Level 5:colcon.colcon_core.verb:set package 'as2_external_object_to_tf' build argument 'ament_cmake_args' from command line to 'None'
[0.329s] Level 5:colcon.colcon_core.verb:set package 'as2_external_object_to_tf' build argument 'catkin_cmake_args' from command line to 'None'
[0.329s] Level 5:colcon.colcon_core.verb:set package 'as2_external_object_to_tf' build argument 'catkin_skip_building_tests' from command line to 'False'
[0.329s] DEBUG:colcon.colcon_core.verb:Building package 'as2_external_object_to_tf' with the following arguments: {'ament_cmake_args': None, 'build_base': '/home/developer/aerostack2_ws/build/as2_external_object_to_tf', 'catkin_cmake_args': None, 'catkin_skip_building_tests': False, 'cmake_args': None, 'cmake_clean_cache': False, 'cmake_clean_first': False, 'cmake_force_configure': False, 'cmake_target': None, 'cmake_target_skip_unavailable': False, 'install_base': '/home/developer/aerostack2_ws/install/as2_external_object_to_tf', 'merge_install': False, 'path': '/home/developer/aerostack2_ws/src/aerostack2-tcc_lucca/as2_utilities/as2_external_object_to_tf', 'symlink_install': True, 'test_result_base': None}
[0.329s] Level 5:colcon.colcon_core.verb:set package 'as2_gazebo_assets' build argument 'cmake_args' from command line to 'None'
[0.329s] Level 5:colcon.colcon_core.verb:set package 'as2_gazebo_assets' build argument 'cmake_target' from command line to 'None'
[0.329s] Level 5:colcon.colcon_core.verb:set package 'as2_gazebo_assets' build argument 'cmake_target_skip_unavailable' from command line to 'False'
[0.329s] Level 5:colcon.colcon_core.verb:set package 'as2_gazebo_assets' build argument 'cmake_clean_cache' from command line to 'False'
[0.329s] Level 5:colcon.colcon_core.verb:set package 'as2_gazebo_assets' build argument 'cmake_clean_first' from command line to 'False'
[0.329s] Level 5:colcon.colcon_core.verb:set package 'as2_gazebo_assets' build argument 'cmake_force_configure' from command line to 'False'
[0.329s] Level 5:colcon.colcon_core.verb:set package 'as2_gazebo_assets' build argument 'ament_cmake_args' from command line to 'None'
[0.329s] Level 5:colcon.colcon_core.verb:set package 'as2_gazebo_assets' build argument 'catkin_cmake_args' from command line to 'None'
[0.329s] Level 5:colcon.colcon_core.verb:set package 'as2_gazebo_assets' build argument 'catkin_skip_building_tests' from command line to 'False'
[0.329s] DEBUG:colcon.colcon_core.verb:Building package 'as2_gazebo_assets' with the following arguments: {'ament_cmake_args': None, 'build_base': '/home/developer/aerostack2_ws/build/as2_gazebo_assets', 'catkin_cmake_args': None, 'catkin_skip_building_tests': False, 'cmake_args': None, 'cmake_clean_cache': False, 'cmake_clean_first': False, 'cmake_force_configure': False, 'cmake_target': None, 'cmake_target_skip_unavailable': False, 'install_base': '/home/developer/aerostack2_ws/install/as2_gazebo_assets', 'merge_install': False, 'path': '/home/developer/aerostack2_ws/src/aerostack2-tcc_lucca/as2_simulation_assets/as2_gazebo_assets', 'symlink_install': True, 'test_result_base': None}
[0.330s] Level 5:colcon.colcon_core.verb:set package 'as2_geozones' build argument 'cmake_args' from command line to 'None'
[0.330s] Level 5:colcon.colcon_core.verb:set package 'as2_geozones' build argument 'cmake_target' from command line to 'None'
[0.330s] Level 5:colcon.colcon_core.verb:set package 'as2_geozones' build argument 'cmake_target_skip_unavailable' from command line to 'False'
[0.330s] Level 5:colcon.colcon_core.verb:set package 'as2_geozones' build argument 'cmake_clean_cache' from command line to 'False'
[0.330s] Level 5:colcon.colcon_core.verb:set package 'as2_geozones' build argument 'cmake_clean_first' from command line to 'False'
[0.330s] Level 5:colcon.colcon_core.verb:set package 'as2_geozones' build argument 'cmake_force_configure' from command line to 'False'
[0.330s] Level 5:colcon.colcon_core.verb:set package 'as2_geozones' build argument 'ament_cmake_args' from command line to 'None'
[0.330s] Level 5:colcon.colcon_core.verb:set package 'as2_geozones' build argument 'catkin_cmake_args' from command line to 'None'
[0.330s] Level 5:colcon.colcon_core.verb:set package 'as2_geozones' build argument 'catkin_skip_building_tests' from command line to 'False'
[0.330s] DEBUG:colcon.colcon_core.verb:Building package 'as2_geozones' with the following arguments: {'ament_cmake_args': None, 'build_base': '/home/developer/aerostack2_ws/build/as2_geozones', 'catkin_cmake_args': None, 'catkin_skip_building_tests': False, 'cmake_args': None, 'cmake_clean_cache': False, 'cmake_clean_first': False, 'cmake_force_configure': False, 'cmake_target': None, 'cmake_target_skip_unavailable': False, 'install_base': '/home/developer/aerostack2_ws/install/as2_geozones', 'merge_install': False, 'path': '/home/developer/aerostack2_ws/src/aerostack2-tcc_lucca/as2_utilities/as2_geozones', 'symlink_install': True, 'test_result_base': None}
[0.330s] Level 5:colcon.colcon_core.verb:set package 'as2_map_server' build argument 'cmake_args' from command line to 'None'
[0.330s] Level 5:colcon.colcon_core.verb:set package 'as2_map_server' build argument 'cmake_target' from command line to 'None'
[0.330s] Level 5:colcon.colcon_core.verb:set package 'as2_map_server' build argument 'cmake_target_skip_unavailable' from command line to 'False'
[0.330s] Level 5:colcon.colcon_core.verb:set package 'as2_map_server' build argument 'cmake_clean_cache' from command line to 'False'
[0.330s] Level 5:colcon.colcon_core.verb:set package 'as2_map_server' build argument 'cmake_clean_first' from command line to 'False'
[0.330s] Level 5:colcon.colcon_core.verb:set package 'as2_map_server' build argument 'cmake_force_configure' from command line to 'False'
[0.330s] Level 5:colcon.colcon_core.verb:set package 'as2_map_server' build argument 'ament_cmake_args' from command line to 'None'
[0.330s] Level 5:colcon.colcon_core.verb:set package 'as2_map_server' build argument 'catkin_cmake_args' from command line to 'None'
[0.330s] Level 5:colcon.colcon_core.verb:set package 'as2_map_server' build argument 'catkin_skip_building_tests' from command line to 'False'
[0.330s] DEBUG:colcon.colcon_core.verb:Building package 'as2_map_server' with the following arguments: {'ament_cmake_args': None, 'build_base': '/home/developer/aerostack2_ws/build/as2_map_server', 'catkin_cmake_args': None, 'catkin_skip_building_tests': False, 'cmake_args': None, 'cmake_clean_cache': False, 'cmake_clean_first': False, 'cmake_force_configure': False, 'cmake_target': None, 'cmake_target_skip_unavailable': False, 'install_base': '/home/developer/aerostack2_ws/install/as2_map_server', 'merge_install': False, 'path': '/home/developer/aerostack2_ws/src/aerostack2-tcc_lucca/as2_map_server', 'symlink_install': True, 'test_result_base': None}
[0.330s] Level 5:colcon.colcon_core.verb:set package 'as2_motion_reference_handlers' build argument 'cmake_args' from command line to 'None'
[0.330s] Level 5:colcon.colcon_core.verb:set package 'as2_motion_reference_handlers' build argument 'cmake_target' from command line to 'None'
[0.330s] Level 5:colcon.colcon_core.verb:set package 'as2_motion_reference_handlers' build argument 'cmake_target_skip_unavailable' from command line to 'False'
[0.330s] Level 5:colcon.colcon_core.verb:set package 'as2_motion_reference_handlers' build argument 'cmake_clean_cache' from command line to 'False'
[0.330s] Level 5:colcon.colcon_core.verb:set package 'as2_motion_reference_handlers' build argument 'cmake_clean_first' from command line to 'False'
[0.330s] Level 5:colcon.colcon_core.verb:set package 'as2_motion_reference_handlers' build argument 'cmake_force_configure' from command line to 'False'
[0.330s] Level 5:colcon.colcon_core.verb:set package 'as2_motion_reference_handlers' build argument 'ament_cmake_args' from command line to 'None'
[0.330s] Level 5:colcon.colcon_core.verb:set package 'as2_motion_reference_handlers' build argument 'catkin_cmake_args' from command line to 'None'
[0.330s] Level 5:colcon.colcon_core.verb:set package 'as2_motion_reference_handlers' build argument 'catkin_skip_building_tests' from command line to 'False'
[0.330s] DEBUG:colcon.colcon_core.verb:Building package 'as2_motion_reference_handlers' with the following arguments: {'ament_cmake_args': None, 'build_base': '/home/developer/aerostack2_ws/build/as2_motion_reference_handlers', 'catkin_cmake_args': None, 'catkin_skip_building_tests': False, 'cmake_args': None, 'cmake_clean_cache': False, 'cmake_clean_first': False, 'cmake_force_configure': False, 'cmake_target': None, 'cmake_target_skip_unavailable': False, 'install_base': '/home/developer/aerostack2_ws/install/as2_motion_reference_handlers', 'merge_install': False, 'path': '/home/developer/aerostack2_ws/src/aerostack2-tcc_lucca/as2_motion_reference_handlers', 'symlink_install': True, 'test_result_base': None}
[0.330s] Level 5:colcon.colcon_core.verb:set package 'as2_platform_multirotor_simulator' build argument 'cmake_args' from command line to 'None'
[0.330s] Level 5:colcon.colcon_core.verb:set package 'as2_platform_multirotor_simulator' build argument 'cmake_target' from command line to 'None'
[0.330s] Level 5:colcon.colcon_core.verb:set package 'as2_platform_multirotor_simulator' build argument 'cmake_target_skip_unavailable' from command line to 'False'
[0.330s] Level 5:colcon.colcon_core.verb:set package 'as2_platform_multirotor_simulator' build argument 'cmake_clean_cache' from command line to 'False'
[0.330s] Level 5:colcon.colcon_core.verb:set package 'as2_platform_multirotor_simulator' build argument 'cmake_clean_first' from command line to 'False'
[0.330s] Level 5:colcon.colcon_core.verb:set package 'as2_platform_multirotor_simulator' build argument 'cmake_force_configure' from command line to 'False'
[0.330s] Level 5:colcon.colcon_core.verb:set package 'as2_platform_multirotor_simulator' build argument 'ament_cmake_args' from command line to 'None'
[0.330s] Level 5:colcon.colcon_core.verb:set package 'as2_platform_multirotor_simulator' build argument 'catkin_cmake_args' from command line to 'None'
[0.330s] Level 5:colcon.colcon_core.verb:set package 'as2_platform_multirotor_simulator' build argument 'catkin_skip_building_tests' from command line to 'False'
[0.330s] DEBUG:colcon.colcon_core.verb:Building package 'as2_platform_multirotor_simulator' with the following arguments: {'ament_cmake_args': None, 'build_base': '/home/developer/aerostack2_ws/build/as2_platform_multirotor_simulator', 'catkin_cmake_args': None, 'catkin_skip_building_tests': False, 'cmake_args': None, 'cmake_clean_cache': False, 'cmake_clean_first': False, 'cmake_force_configure': False, 'cmake_target': None, 'cmake_target_skip_unavailable': False, 'install_base': '/home/developer/aerostack2_ws/install/as2_platform_multirotor_simulator', 'merge_install': False, 'path': '/home/developer/aerostack2_ws/src/aerostack2-tcc_lucca/as2_aerial_platforms/as2_platform_multirotor_simulator', 'symlink_install': True, 'test_result_base': None}
[0.331s] Level 5:colcon.colcon_core.verb:set package 'as2_realsense_interface' build argument 'cmake_args' from command line to 'None'
[0.331s] Level 5:colcon.colcon_core.verb:set package 'as2_realsense_interface' build argument 'cmake_target' from command line to 'None'
[0.331s] Level 5:colcon.colcon_core.verb:set package 'as2_realsense_interface' build argument 'cmake_target_skip_unavailable' from command line to 'False'
[0.331s] Level 5:colcon.colcon_core.verb:set package 'as2_realsense_interface' build argument 'cmake_clean_cache' from command line to 'False'
[0.331s] Level 5:colcon.colcon_core.verb:set package 'as2_realsense_interface' build argument 'cmake_clean_first' from command line to 'False'
[0.331s] Level 5:colcon.colcon_core.verb:set package 'as2_realsense_interface' build argument 'cmake_force_configure' from command line to 'False'
[0.331s] Level 5:colcon.colcon_core.verb:set package 'as2_realsense_interface' build argument 'ament_cmake_args' from command line to 'None'
[0.331s] Level 5:colcon.colcon_core.verb:set package 'as2_realsense_interface' build argument 'catkin_cmake_args' from command line to 'None'
[0.331s] Level 5:colcon.colcon_core.verb:set package 'as2_realsense_interface' build argument 'catkin_skip_building_tests' from command line to 'False'
[0.331s] DEBUG:colcon.colcon_core.verb:Building package 'as2_realsense_interface' with the following arguments: {'ament_cmake_args': None, 'build_base': '/home/developer/aerostack2_ws/build/as2_realsense_interface', 'catkin_cmake_args': None, 'catkin_skip_building_tests': False, 'cmake_args': None, 'cmake_clean_cache': False, 'cmake_clean_first': False, 'cmake_force_configure': False, 'cmake_target': None, 'cmake_target_skip_unavailable': False, 'install_base': '/home/developer/aerostack2_ws/install/as2_realsense_interface', 'merge_install': False, 'path': '/home/developer/aerostack2_ws/src/aerostack2-tcc_lucca/as2_hardware_drivers/as2_realsense_interface', 'symlink_install': True, 'test_result_base': None}
[0.331s] Level 5:colcon.colcon_core.verb:set package 'as2_state_estimator' build argument 'cmake_args' from command line to 'None'
[0.331s] Level 5:colcon.colcon_core.verb:set package 'as2_state_estimator' build argument 'cmake_target' from command line to 'None'
[0.331s] Level 5:colcon.colcon_core.verb:set package 'as2_state_estimator' build argument 'cmake_target_skip_unavailable' from command line to 'False'
[0.331s] Level 5:colcon.colcon_core.verb:set package 'as2_state_estimator' build argument 'cmake_clean_cache' from command line to 'False'
[0.331s] Level 5:colcon.colcon_core.verb:set package 'as2_state_estimator' build argument 'cmake_clean_first' from command line to 'False'
[0.331s] Level 5:colcon.colcon_core.verb:set package 'as2_state_estimator' build argument 'cmake_force_configure' from command line to 'False'
[0.331s] Level 5:colcon.colcon_core.verb:set package 'as2_state_estimator' build argument 'ament_cmake_args' from command line to 'None'
[0.331s] Level 5:colcon.colcon_core.verb:set package 'as2_state_estimator' build argument 'catkin_cmake_args' from command line to 'None'
[0.331s] Level 5:colcon.colcon_core.verb:set package 'as2_state_estimator' build argument 'catkin_skip_building_tests' from command line to 'False'
[0.331s] DEBUG:colcon.colcon_core.verb:Building package 'as2_state_estimator' with the following arguments: {'ament_cmake_args': None, 'build_base': '/home/developer/aerostack2_ws/build/as2_state_estimator', 'catkin_cmake_args': None, 'catkin_skip_building_tests': False, 'cmake_args': None, 'cmake_clean_cache': False, 'cmake_clean_first': False, 'cmake_force_configure': False, 'cmake_target': None, 'cmake_target_skip_unavailable': False, 'install_base': '/home/developer/aerostack2_ws/install/as2_state_estimator', 'merge_install': False, 'path': '/home/developer/aerostack2_ws/src/aerostack2-tcc_lucca/as2_state_estimator', 'symlink_install': True, 'test_result_base': None}
[0.331s] Level 5:colcon.colcon_core.verb:set package 'as2_usb_camera_interface' build argument 'cmake_args' from command line to 'None'
[0.331s] Level 5:colcon.colcon_core.verb:set package 'as2_usb_camera_interface' build argument 'cmake_target' from command line to 'None'
[0.331s] Level 5:colcon.colcon_core.verb:set package 'as2_usb_camera_interface' build argument 'cmake_target_skip_unavailable' from command line to 'False'
[0.331s] Level 5:colcon.colcon_core.verb:set package 'as2_usb_camera_interface' build argument 'cmake_clean_cache' from command line to 'False'
[0.331s] Level 5:colcon.colcon_core.verb:set package 'as2_usb_camera_interface' build argument 'cmake_clean_first' from command line to 'False'
[0.331s] Level 5:colcon.colcon_core.verb:set package 'as2_usb_camera_interface' build argument 'cmake_force_configure' from command line to 'False'
[0.331s] Level 5:colcon.colcon_core.verb:set package 'as2_usb_camera_interface' build argument 'ament_cmake_args' from command line to 'None'
[0.331s] Level 5:colcon.colcon_core.verb:set package 'as2_usb_camera_interface' build argument 'catkin_cmake_args' from command line to 'None'
[0.331s] Level 5:colcon.colcon_core.verb:set package 'as2_usb_camera_interface' build argument 'catkin_skip_building_tests' from command line to 'False'
[0.331s] DEBUG:colcon.colcon_core.verb:Building package 'as2_usb_camera_interface' with the following arguments: {'ament_cmake_args': None, 'build_base': '/home/developer/aerostack2_ws/build/as2_usb_camera_interface', 'catkin_cmake_args': None, 'catkin_skip_building_tests': False, 'cmake_args': None, 'cmake_clean_cache': False, 'cmake_clean_first': False, 'cmake_force_configure': False, 'cmake_target': None, 'cmake_target_skip_unavailable': False, 'install_base': '/home/developer/aerostack2_ws/install/as2_usb_camera_interface', 'merge_install': False, 'path': '/home/developer/aerostack2_ws/src/aerostack2-tcc_lucca/as2_hardware_drivers/as2_usb_camera_interface', 'symlink_install': True, 'test_result_base': None}
[0.331s] Level 5:colcon.colcon_core.verb:set package 'as2_behaviors_motion' build argument 'cmake_args' from command line to 'None'
[0.331s] Level 5:colcon.colcon_core.verb:set package 'as2_behaviors_motion' build argument 'cmake_target' from command line to 'None'
[0.331s] Level 5:colcon.colcon_core.verb:set package 'as2_behaviors_motion' build argument 'cmake_target_skip_unavailable' from command line to 'False'
[0.331s] Level 5:colcon.colcon_core.verb:set package 'as2_behaviors_motion' build argument 'cmake_clean_cache' from command line to 'False'
[0.331s] Level 5:colcon.colcon_core.verb:set package 'as2_behaviors_motion' build argument 'cmake_clean_first' from command line to 'False'
[0.331s] Level 5:colcon.colcon_core.verb:set package 'as2_behaviors_motion' build argument 'cmake_force_configure' from command line to 'False'
[0.331s] Level 5:colcon.colcon_core.verb:set package 'as2_behaviors_motion' build argument 'ament_cmake_args' from command line to 'None'
[0.331s] Level 5:colcon.colcon_core.verb:set package 'as2_behaviors_motion' build argument 'catkin_cmake_args' from command line to 'None'
[0.331s] Level 5:colcon.colcon_core.verb:set package 'as2_behaviors_motion' build argument 'catkin_skip_building_tests' from command line to 'False'
[0.331s] DEBUG:colcon.colcon_core.verb:Building package 'as2_behaviors_motion' with the following arguments: {'ament_cmake_args': None, 'build_base': '/home/developer/aerostack2_ws/build/as2_behaviors_motion', 'catkin_cmake_args': None, 'catkin_skip_building_tests': False, 'cmake_args': None, 'cmake_clean_cache': False, 'cmake_clean_first': False, 'cmake_force_configure': False, 'cmake_target': None, 'cmake_target_skip_unavailable': False, 'install_base': '/home/developer/aerostack2_ws/install/as2_behaviors_motion', 'merge_install': False, 'path': '/home/developer/aerostack2_ws/src/aerostack2-tcc_lucca/as2_behaviors/as2_behaviors_motion', 'symlink_install': True, 'test_result_base': None}
[0.331s] Level 5:colcon.colcon_core.verb:set package 'as2_behaviors_param_estimation' build argument 'cmake_args' from command line to 'None'
[0.331s] Level 5:colcon.colcon_core.verb:set package 'as2_behaviors_param_estimation' build argument 'cmake_target' from command line to 'None'
[0.331s] Level 5:colcon.colcon_core.verb:set package 'as2_behaviors_param_estimation' build argument 'cmake_target_skip_unavailable' from command line to 'False'
[0.331s] Level 5:colcon.colcon_core.verb:set package 'as2_behaviors_param_estimation' build argument 'cmake_clean_cache' from command line to 'False'
[0.332s] Level 5:colcon.colcon_core.verb:set package 'as2_behaviors_param_estimation' build argument 'cmake_clean_first' from command line to 'False'
[0.332s] Level 5:colcon.colcon_core.verb:set package 'as2_behaviors_param_estimation' build argument 'cmake_force_configure' from command line to 'False'
[0.332s] Level 5:colcon.colcon_core.verb:set package 'as2_behaviors_param_estimation' build argument 'ament_cmake_args' from command line to 'None'
[0.332s] Level 5:colcon.colcon_core.verb:set package 'as2_behaviors_param_estimation' build argument 'catkin_cmake_args' from command line to 'None'
[0.332s] Level 5:colcon.colcon_core.verb:set package 'as2_behaviors_param_estimation' build argument 'catkin_skip_building_tests' from command line to 'False'
[0.332s] DEBUG:colcon.colcon_core.verb:Building package 'as2_behaviors_param_estimation' with the following arguments: {'ament_cmake_args': None, 'build_base': '/home/developer/aerostack2_ws/build/as2_behaviors_param_estimation', 'catkin_cmake_args': None, 'catkin_skip_building_tests': False, 'cmake_args': None, 'cmake_clean_cache': False, 'cmake_clean_first': False, 'cmake_force_configure': False, 'cmake_target': None, 'cmake_target_skip_unavailable': False, 'install_base': '/home/developer/aerostack2_ws/install/as2_behaviors_param_estimation', 'merge_install': False, 'path': '/home/developer/aerostack2_ws/src/aerostack2-tcc_lucca/as2_behaviors/as2_behaviors_param_estimation', 'symlink_install': True, 'test_result_base': None}
[0.332s] Level 5:colcon.colcon_core.verb:set package 'as2_behaviors_path_planning' build argument 'cmake_args' from command line to 'None'
[0.332s] Level 5:colcon.colcon_core.verb:set package 'as2_behaviors_path_planning' build argument 'cmake_target' from command line to 'None'
[0.332s] Level 5:colcon.colcon_core.verb:set package 'as2_behaviors_path_planning' build argument 'cmake_target_skip_unavailable' from command line to 'False'
[0.332s] Level 5:colcon.colcon_core.verb:set package 'as2_behaviors_path_planning' build argument 'cmake_clean_cache' from command line to 'False'
[0.332s] Level 5:colcon.colcon_core.verb:set package 'as2_behaviors_path_planning' build argument 'cmake_clean_first' from command line to 'False'
[0.332s] Level 5:colcon.colcon_core.verb:set package 'as2_behaviors_path_planning' build argument 'cmake_force_configure' from command line to 'False'
[0.332s] Level 5:colcon.colcon_core.verb:set package 'as2_behaviors_path_planning' build argument 'ament_cmake_args' from command line to 'None'
[0.332s] Level 5:colcon.colcon_core.verb:set package 'as2_behaviors_path_planning' build argument 'catkin_cmake_args' from command line to 'None'
[0.332s] Level 5:colcon.colcon_core.verb:set package 'as2_behaviors_path_planning' build argument 'catkin_skip_building_tests' from command line to 'False'
[0.332s] DEBUG:colcon.colcon_core.verb:Building package 'as2_behaviors_path_planning' with the following arguments: {'ament_cmake_args': None, 'build_base': '/home/developer/aerostack2_ws/build/as2_behaviors_path_planning', 'catkin_cmake_args': None, 'catkin_skip_building_tests': False, 'cmake_args': None, 'cmake_clean_cache': False, 'cmake_clean_first': False, 'cmake_force_configure': False, 'cmake_target': None, 'cmake_target_skip_unavailable': False, 'install_base': '/home/developer/aerostack2_ws/install/as2_behaviors_path_planning', 'merge_install': False, 'path': '/home/developer/aerostack2_ws/src/aerostack2-tcc_lucca/as2_behaviors/as2_behaviors_path_planning', 'symlink_install': True, 'test_result_base': None}
[0.332s] Level 5:colcon.colcon_core.verb:set package 'as2_behaviors_payload' build argument 'cmake_args' from command line to 'None'
[0.332s] Level 5:colcon.colcon_core.verb:set package 'as2_behaviors_payload' build argument 'cmake_target' from command line to 'None'
[0.332s] Level 5:colcon.colcon_core.verb:set package 'as2_behaviors_payload' build argument 'cmake_target_skip_unavailable' from command line to 'False'
[0.332s] Level 5:colcon.colcon_core.verb:set package 'as2_behaviors_payload' build argument 'cmake_clean_cache' from command line to 'False'
[0.332s] Level 5:colcon.colcon_core.verb:set package 'as2_behaviors_payload' build argument 'cmake_clean_first' from command line to 'False'
[0.332s] Level 5:colcon.colcon_core.verb:set package 'as2_behaviors_payload' build argument 'cmake_force_configure' from command line to 'False'
[0.332s] Level 5:colcon.colcon_core.verb:set package 'as2_behaviors_payload' build argument 'ament_cmake_args' from command line to 'None'
[0.332s] Level 5:colcon.colcon_core.verb:set package 'as2_behaviors_payload' build argument 'catkin_cmake_args' from command line to 'None'
[0.332s] Level 5:colcon.colcon_core.verb:set package 'as2_behaviors_payload' build argument 'catkin_skip_building_tests' from command line to 'False'
[0.332s] DEBUG:colcon.colcon_core.verb:Building package 'as2_behaviors_payload' with the following arguments: {'ament_cmake_args': None, 'build_base': '/home/developer/aerostack2_ws/build/as2_behaviors_payload', 'catkin_cmake_args': None, 'catkin_skip_building_tests': False, 'cmake_args': None, 'cmake_clean_cache': False, 'cmake_clean_first': False, 'cmake_force_configure': False, 'cmake_target': None, 'cmake_target_skip_unavailable': False, 'install_base': '/home/developer/aerostack2_ws/install/as2_behaviors_payload', 'merge_install': False, 'path': '/home/developer/aerostack2_ws/src/aerostack2-tcc_lucca/as2_behaviors/as2_behaviors_payload', 'symlink_install': True, 'test_result_base': None}
[0.332s] Level 5:colcon.colcon_core.verb:set package 'as2_behaviors_perception' build argument 'cmake_args' from command line to 'None'
[0.332s] Level 5:colcon.colcon_core.verb:set package 'as2_behaviors_perception' build argument 'cmake_target' from command line to 'None'
[0.332s] Level 5:colcon.colcon_core.verb:set package 'as2_behaviors_perception' build argument 'cmake_target_skip_unavailable' from command line to 'False'
[0.332s] Level 5:colcon.colcon_core.verb:set package 'as2_behaviors_perception' build argument 'cmake_clean_cache' from command line to 'False'
[0.332s] Level 5:colcon.colcon_core.verb:set package 'as2_behaviors_perception' build argument 'cmake_clean_first' from command line to 'False'
[0.332s] Level 5:colcon.colcon_core.verb:set package 'as2_behaviors_perception' build argument 'cmake_force_configure' from command line to 'False'
[0.332s] Level 5:colcon.colcon_core.verb:set package 'as2_behaviors_perception' build argument 'ament_cmake_args' from command line to 'None'
[0.332s] Level 5:colcon.colcon_core.verb:set package 'as2_behaviors_perception' build argument 'catkin_cmake_args' from command line to 'None'
[0.332s] Level 5:colcon.colcon_core.verb:set package 'as2_behaviors_perception' build argument 'catkin_skip_building_tests' from command line to 'False'
[0.332s] DEBUG:colcon.colcon_core.verb:Building package 'as2_behaviors_perception' with the following arguments: {'ament_cmake_args': None, 'build_base': '/home/developer/aerostack2_ws/build/as2_behaviors_perception', 'catkin_cmake_args': None, 'catkin_skip_building_tests': False, 'cmake_args': None, 'cmake_clean_cache': False, 'cmake_clean_first': False, 'cmake_force_configure': False, 'cmake_target': None, 'cmake_target_skip_unavailable': False, 'install_base': '/home/developer/aerostack2_ws/install/as2_behaviors_perception', 'merge_install': False, 'path': '/home/developer/aerostack2_ws/src/aerostack2-tcc_lucca/as2_behaviors/as2_behaviors_perception', 'symlink_install': True, 'test_result_base': None}
[0.332s] Level 5:colcon.colcon_core.verb:set package 'as2_behaviors_platform' build argument 'cmake_args' from command line to 'None'
[0.332s] Level 5:colcon.colcon_core.verb:set package 'as2_behaviors_platform' build argument 'cmake_target' from command line to 'None'
[0.333s] Level 5:colcon.colcon_core.verb:set package 'as2_behaviors_platform' build argument 'cmake_target_skip_unavailable' from command line to 'False'
[0.333s] Level 5:colcon.colcon_core.verb:set package 'as2_behaviors_platform' build argument 'cmake_clean_cache' from command line to 'False'
[0.333s] Level 5:colcon.colcon_core.verb:set package 'as2_behaviors_platform' build argument 'cmake_clean_first' from command line to 'False'
[0.333s] Level 5:colcon.colcon_core.verb:set package 'as2_behaviors_platform' build argument 'cmake_force_configure' from command line to 'False'
[0.333s] Level 5:colcon.colcon_core.verb:set package 'as2_behaviors_platform' build argument 'ament_cmake_args' from command line to 'None'
[0.333s] Level 5:colcon.colcon_core.verb:set package 'as2_behaviors_platform' build argument 'catkin_cmake_args' from command line to 'None'
[0.333s] Level 5:colcon.colcon_core.verb:set package 'as2_behaviors_platform' build argument 'catkin_skip_building_tests' from command line to 'False'
[0.333s] DEBUG:colcon.colcon_core.verb:Building package 'as2_behaviors_platform' with the following arguments: {'ament_cmake_args': None, 'build_base': '/home/developer/aerostack2_ws/build/as2_behaviors_platform', 'catkin_cmake_args': None, 'catkin_skip_building_tests': False, 'cmake_args': None, 'cmake_clean_cache': False, 'cmake_clean_first': False, 'cmake_force_configure': False, 'cmake_target': None, 'cmake_target_skip_unavailable': False, 'install_base': '/home/developer/aerostack2_ws/install/as2_behaviors_platform', 'merge_install': False, 'path': '/home/developer/aerostack2_ws/src/aerostack2-tcc_lucca/as2_behaviors/as2_behaviors_platform', 'symlink_install': True, 'test_result_base': None}
[0.333s] Level 5:colcon.colcon_core.verb:set package 'as2_behaviors_swarm_flocking' build argument 'cmake_args' from command line to 'None'
[0.333s] Level 5:colcon.colcon_core.verb:set package 'as2_behaviors_swarm_flocking' build argument 'cmake_target' from command line to 'None'
[0.333s] Level 5:colcon.colcon_core.verb:set package 'as2_behaviors_swarm_flocking' build argument 'cmake_target_skip_unavailable' from command line to 'False'
[0.333s] Level 5:colcon.colcon_core.verb:set package 'as2_behaviors_swarm_flocking' build argument 'cmake_clean_cache' from command line to 'False'
[0.333s] Level 5:colcon.colcon_core.verb:set package 'as2_behaviors_swarm_flocking' build argument 'cmake_clean_first' from command line to 'False'
[0.333s] Level 5:colcon.colcon_core.verb:set package 'as2_behaviors_swarm_flocking' build argument 'cmake_force_configure' from command line to 'False'
[0.333s] Level 5:colcon.colcon_core.verb:set package 'as2_behaviors_swarm_flocking' build argument 'ament_cmake_args' from command line to 'None'
[0.333s] Level 5:colcon.colcon_core.verb:set package 'as2_behaviors_swarm_flocking' build argument 'catkin_cmake_args' from command line to 'None'
[0.333s] Level 5:colcon.colcon_core.verb:set package 'as2_behaviors_swarm_flocking' build argument 'catkin_skip_building_tests' from command line to 'False'
[0.333s] DEBUG:colcon.colcon_core.verb:Building package 'as2_behaviors_swarm_flocking' with the following arguments: {'ament_cmake_args': None, 'build_base': '/home/developer/aerostack2_ws/build/as2_behaviors_swarm_flocking', 'catkin_cmake_args': None, 'catkin_skip_building_tests': False, 'cmake_args': None, 'cmake_clean_cache': False, 'cmake_clean_first': False, 'cmake_force_configure': False, 'cmake_target': None, 'cmake_target_skip_unavailable': False, 'install_base': '/home/developer/aerostack2_ws/install/as2_behaviors_swarm_flocking', 'merge_install': False, 'path': '/home/developer/aerostack2_ws/src/aerostack2-tcc_lucca/as2_behaviors/as2_behaviors_swarm_flocking', 'symlink_install': True, 'test_result_base': None}
[0.333s] Level 5:colcon.colcon_core.verb:set package 'as2_behaviors_trajectory_generation' build argument 'cmake_args' from command line to 'None'
[0.333s] Level 5:colcon.colcon_core.verb:set package 'as2_behaviors_trajectory_generation' build argument 'cmake_target' from command line to 'None'
[0.333s] Level 5:colcon.colcon_core.verb:set package 'as2_behaviors_trajectory_generation' build argument 'cmake_target_skip_unavailable' from command line to 'False'
[0.333s] Level 5:colcon.colcon_core.verb:set package 'as2_behaviors_trajectory_generation' build argument 'cmake_clean_cache' from command line to 'False'
[0.333s] Level 5:colcon.colcon_core.verb:set package 'as2_behaviors_trajectory_generation' build argument 'cmake_clean_first' from command line to 'False'
[0.333s] Level 5:colcon.colcon_core.verb:set package 'as2_behaviors_trajectory_generation' build argument 'cmake_force_configure' from command line to 'False'
[0.333s] Level 5:colcon.colcon_core.verb:set package 'as2_behaviors_trajectory_generation' build argument 'ament_cmake_args' from command line to 'None'
[0.333s] Level 5:colcon.colcon_core.verb:set package 'as2_behaviors_trajectory_generation' build argument 'catkin_cmake_args' from command line to 'None'
[0.333s] Level 5:colcon.colcon_core.verb:set package 'as2_behaviors_trajectory_generation' build argument 'catkin_skip_building_tests' from command line to 'False'
[0.333s] DEBUG:colcon.colcon_core.verb:Building package 'as2_behaviors_trajectory_generation' with the following arguments: {'ament_cmake_args': None, 'build_base': '/home/developer/aerostack2_ws/build/as2_behaviors_trajectory_generation', 'catkin_cmake_args': None, 'catkin_skip_building_tests': False, 'cmake_args': None, 'cmake_clean_cache': False, 'cmake_clean_first': False, 'cmake_force_configure': False, 'cmake_target': None, 'cmake_target_skip_unavailable': False, 'install_base': '/home/developer/aerostack2_ws/install/as2_behaviors_trajectory_generation', 'merge_install': False, 'path': '/home/developer/aerostack2_ws/src/aerostack2-tcc_lucca/as2_behaviors/as2_behaviors_trajectory_generation', 'symlink_install': True, 'test_result_base': None}
[0.333s] Level 5:colcon.colcon_core.verb:set package 'as2_motion_controller' build argument 'cmake_args' from command line to 'None'
[0.333s] Level 5:colcon.colcon_core.verb:set package 'as2_motion_controller' build argument 'cmake_target' from command line to 'None'
[0.333s] Level 5:colcon.colcon_core.verb:set package 'as2_motion_controller' build argument 'cmake_target_skip_unavailable' from command line to 'False'
[0.333s] Level 5:colcon.colcon_core.verb:set package 'as2_motion_controller' build argument 'cmake_clean_cache' from command line to 'False'
[0.333s] Level 5:colcon.colcon_core.verb:set package 'as2_motion_controller' build argument 'cmake_clean_first' from command line to 'False'
[0.333s] Level 5:colcon.colcon_core.verb:set package 'as2_motion_controller' build argument 'cmake_force_configure' from command line to 'False'
[0.333s] Level 5:colcon.colcon_core.verb:set package 'as2_motion_controller' build argument 'ament_cmake_args' from command line to 'None'
[0.333s] Level 5:colcon.colcon_core.verb:set package 'as2_motion_controller' build argument 'catkin_cmake_args' from command line to 'None'
[0.333s] Level 5:colcon.colcon_core.verb:set package 'as2_motion_controller' build argument 'catkin_skip_building_tests' from command line to 'False'
[0.333s] DEBUG:colcon.colcon_core.verb:Building package 'as2_motion_controller' with the following arguments: {'ament_cmake_args': None, 'build_base': '/home/developer/aerostack2_ws/build/as2_motion_controller', 'catkin_cmake_args': None, 'catkin_skip_building_tests': False, 'cmake_args': None, 'cmake_clean_cache': False, 'cmake_clean_first': False, 'cmake_force_configure': False, 'cmake_target': None, 'cmake_target_skip_unavailable': False, 'install_base': '/home/developer/aerostack2_ws/install/as2_motion_controller', 'merge_install': False, 'path': '/home/developer/aerostack2_ws/src/aerostack2-tcc_lucca/as2_motion_controller', 'symlink_install': True, 'test_result_base': None}
[0.334s] Level 5:colcon.colcon_core.verb:set package 'as2_platform_gazebo' build argument 'cmake_args' from command line to 'None'
[0.334s] Level 5:colcon.colcon_core.verb:set package 'as2_platform_gazebo' build argument 'cmake_target' from command line to 'None'
[0.334s] Level 5:colcon.colcon_core.verb:set package 'as2_platform_gazebo' build argument 'cmake_target_skip_unavailable' from command line to 'False'
[0.334s] Level 5:colcon.colcon_core.verb:set package 'as2_platform_gazebo' build argument 'cmake_clean_cache' from command line to 'False'
[0.334s] Level 5:colcon.colcon_core.verb:set package 'as2_platform_gazebo' build argument 'cmake_clean_first' from command line to 'False'
[0.334s] Level 5:colcon.colcon_core.verb:set package 'as2_platform_gazebo' build argument 'cmake_force_configure' from command line to 'False'
[0.334s] Level 5:colcon.colcon_core.verb:set package 'as2_platform_gazebo' build argument 'ament_cmake_args' from command line to 'None'
[0.334s] Level 5:colcon.colcon_core.verb:set package 'as2_platform_gazebo' build argument 'catkin_cmake_args' from command line to 'None'
[0.334s] Level 5:colcon.colcon_core.verb:set package 'as2_platform_gazebo' build argument 'catkin_skip_building_tests' from command line to 'False'
[0.334s] DEBUG:colcon.colcon_core.verb:Building package 'as2_platform_gazebo' with the following arguments: {'ament_cmake_args': None, 'build_base': '/home/developer/aerostack2_ws/build/as2_platform_gazebo', 'catkin_cmake_args': None, 'catkin_skip_building_tests': False, 'cmake_args': None, 'cmake_clean_cache': False, 'cmake_clean_first': False, 'cmake_force_configure': False, 'cmake_target': None, 'cmake_target_skip_unavailable': False, 'install_base': '/home/developer/aerostack2_ws/install/as2_platform_gazebo', 'merge_install': False, 'path': '/home/developer/aerostack2_ws/src/aerostack2-tcc_lucca/as2_aerial_platforms/as2_platform_gazebo', 'symlink_install': True, 'test_result_base': None}
[0.334s] Level 5:colcon.colcon_core.verb:set package 'as2_python_api' build argument 'cmake_args' from command line to 'None'
[0.334s] Level 5:colcon.colcon_core.verb:set package 'as2_python_api' build argument 'cmake_target' from command line to 'None'
[0.334s] Level 5:colcon.colcon_core.verb:set package 'as2_python_api' build argument 'cmake_target_skip_unavailable' from command line to 'False'
[0.334s] Level 5:colcon.colcon_core.verb:set package 'as2_python_api' build argument 'cmake_clean_cache' from command line to 'False'
[0.334s] Level 5:colcon.colcon_core.verb:set package 'as2_python_api' build argument 'cmake_clean_first' from command line to 'False'
[0.334s] Level 5:colcon.colcon_core.verb:set package 'as2_python_api' build argument 'cmake_force_configure' from command line to 'False'
[0.334s] Level 5:colcon.colcon_core.verb:set package 'as2_python_api' build argument 'ament_cmake_args' from command line to 'None'
[0.334s] Level 5:colcon.colcon_core.verb:set package 'as2_python_api' build argument 'catkin_cmake_args' from command line to 'None'
[0.334s] Level 5:colcon.colcon_core.verb:set package 'as2_python_api' build argument 'catkin_skip_building_tests' from command line to 'False'
[0.334s] DEBUG:colcon.colcon_core.verb:Building package 'as2_python_api' with the following arguments: {'ament_cmake_args': None, 'build_base': '/home/developer/aerostack2_ws/build/as2_python_api', 'catkin_cmake_args': None, 'catkin_skip_building_tests': False, 'cmake_args': None, 'cmake_clean_cache': False, 'cmake_clean_first': False, 'cmake_force_configure': False, 'cmake_target': None, 'cmake_target_skip_unavailable': False, 'install_base': '/home/developer/aerostack2_ws/install/as2_python_api', 'merge_install': False, 'path': '/home/developer/aerostack2_ws/src/aerostack2-tcc_lucca/as2_python_api', 'symlink_install': True, 'test_result_base': None}
[0.334s] Level 5:colcon.colcon_core.verb:set package 'as2_rviz_plugins' build argument 'cmake_args' from command line to 'None'
[0.334s] Level 5:colcon.colcon_core.verb:set package 'as2_rviz_plugins' build argument 'cmake_target' from command line to 'None'
[0.334s] Level 5:colcon.colcon_core.verb:set package 'as2_rviz_plugins' build argument 'cmake_target_skip_unavailable' from command line to 'False'
[0.334s] Level 5:colcon.colcon_core.verb:set package 'as2_rviz_plugins' build argument 'cmake_clean_cache' from command line to 'False'
[0.334s] Level 5:colcon.colcon_core.verb:set package 'as2_rviz_plugins' build argument 'cmake_clean_first' from command line to 'False'
[0.334s] Level 5:colcon.colcon_core.verb:set package 'as2_rviz_plugins' build argument 'cmake_force_configure' from command line to 'False'
[0.334s] Level 5:colcon.colcon_core.verb:set package 'as2_rviz_plugins' build argument 'ament_cmake_args' from command line to 'None'
[0.334s] Level 5:colcon.colcon_core.verb:set package 'as2_rviz_plugins' build argument 'catkin_cmake_args' from command line to 'None'
[0.334s] Level 5:colcon.colcon_core.verb:set package 'as2_rviz_plugins' build argument 'catkin_skip_building_tests' from command line to 'False'
[0.334s] DEBUG:colcon.colcon_core.verb:Building package 'as2_rviz_plugins' with the following arguments: {'ament_cmake_args': None, 'build_base': '/home/developer/aerostack2_ws/build/as2_rviz_plugins', 'catkin_cmake_args': None, 'catkin_skip_building_tests': False, 'cmake_args': None, 'cmake_clean_cache': False, 'cmake_clean_first': False, 'cmake_force_configure': False, 'cmake_target': None, 'cmake_target_skip_unavailable': False, 'install_base': '/home/developer/aerostack2_ws/install/as2_rviz_plugins', 'merge_install': False, 'path': '/home/developer/aerostack2_ws/src/aerostack2-tcc_lucca/as2_user_interfaces/as2_visualization/as2_rviz_plugins', 'symlink_install': True, 'test_result_base': None}
[0.334s] Level 5:colcon.colcon_core.verb:set package 'as2_visualization' build argument 'cmake_args' from command line to 'None'
[0.334s] Level 5:colcon.colcon_core.verb:set package 'as2_visualization' build argument 'cmake_target' from command line to 'None'
[0.334s] Level 5:colcon.colcon_core.verb:set package 'as2_visualization' build argument 'cmake_target_skip_unavailable' from command line to 'False'
[0.334s] Level 5:colcon.colcon_core.verb:set package 'as2_visualization' build argument 'cmake_clean_cache' from command line to 'False'
[0.334s] Level 5:colcon.colcon_core.verb:set package 'as2_visualization' build argument 'cmake_clean_first' from command line to 'False'
[0.334s] Level 5:colcon.colcon_core.verb:set package 'as2_visualization' build argument 'cmake_force_configure' from command line to 'False'
[0.334s] Level 5:colcon.colcon_core.verb:set package 'as2_visualization' build argument 'ament_cmake_args' from command line to 'None'
[0.334s] Level 5:colcon.colcon_core.verb:set package 'as2_visualization' build argument 'catkin_cmake_args' from command line to 'None'
[0.334s] Level 5:colcon.colcon_core.verb:set package 'as2_visualization' build argument 'catkin_skip_building_tests' from command line to 'False'
[0.334s] DEBUG:colcon.colcon_core.verb:Building package 'as2_visualization' with the following arguments: {'ament_cmake_args': None, 'build_base': '/home/developer/aerostack2_ws/build/as2_visualization', 'catkin_cmake_args': None, 'catkin_skip_building_tests': False, 'cmake_args': None, 'cmake_clean_cache': False, 'cmake_clean_first': False, 'cmake_force_configure': False, 'cmake_target': None, 'cmake_target_skip_unavailable': False, 'install_base': '/home/developer/aerostack2_ws/install/as2_visualization', 'merge_install': False, 'path': '/home/developer/aerostack2_ws/src/aerostack2-tcc_lucca/as2_user_interfaces/as2_visualization/as2_visualization', 'symlink_install': True, 'test_result_base': None}
[0.335s] Level 5:colcon.colcon_core.verb:set package 'as2_keyboard_teleoperation' build argument 'cmake_args' from command line to 'None'
[0.335s] Level 5:colcon.colcon_core.verb:set package 'as2_keyboard_teleoperation' build argument 'cmake_target' from command line to 'None'
[0.335s] Level 5:colcon.colcon_core.verb:set package 'as2_keyboard_teleoperation' build argument 'cmake_target_skip_unavailable' from command line to 'False'
[0.335s] Level 5:colcon.colcon_core.verb:set package 'as2_keyboard_teleoperation' build argument 'cmake_clean_cache' from command line to 'False'
[0.335s] Level 5:colcon.colcon_core.verb:set package 'as2_keyboard_teleoperation' build argument 'cmake_clean_first' from command line to 'False'
[0.335s] Level 5:colcon.colcon_core.verb:set package 'as2_keyboard_teleoperation' build argument 'cmake_force_configure' from command line to 'False'
[0.335s] Level 5:colcon.colcon_core.verb:set package 'as2_keyboard_teleoperation' build argument 'ament_cmake_args' from command line to 'None'
[0.335s] Level 5:colcon.colcon_core.verb:set package 'as2_keyboard_teleoperation' build argument 'catkin_cmake_args' from command line to 'None'
[0.335s] Level 5:colcon.colcon_core.verb:set package 'as2_keyboard_teleoperation' build argument 'catkin_skip_building_tests' from command line to 'False'
[0.335s] DEBUG:colcon.colcon_core.verb:Building package 'as2_keyboard_teleoperation' with the following arguments: {'ament_cmake_args': None, 'build_base': '/home/developer/aerostack2_ws/build/as2_keyboard_teleoperation', 'catkin_cmake_args': None, 'catkin_skip_building_tests': False, 'cmake_args': None, 'cmake_clean_cache': False, 'cmake_clean_first': False, 'cmake_force_configure': False, 'cmake_target': None, 'cmake_target_skip_unavailable': False, 'install_base': '/home/developer/aerostack2_ws/install/as2_keyboard_teleoperation', 'merge_install': False, 'path': '/home/developer/aerostack2_ws/src/aerostack2-tcc_lucca/as2_user_interfaces/as2_keyboard_teleoperation', 'symlink_install': True, 'test_result_base': None}
[0.335s] Level 5:colcon.colcon_core.verb:set package 'aerostack2' build argument 'cmake_args' from command line to 'None'
[0.335s] Level 5:colcon.colcon_core.verb:set package 'aerostack2' build argument 'cmake_target' from command line to 'None'
[0.335s] Level 5:colcon.colcon_core.verb:set package 'aerostack2' build argument 'cmake_target_skip_unavailable' from command line to 'False'
[0.335s] Level 5:colcon.colcon_core.verb:set package 'aerostack2' build argument 'cmake_clean_cache' from command line to 'False'
[0.335s] Level 5:colcon.colcon_core.verb:set package 'aerostack2' build argument 'cmake_clean_first' from command line to 'False'
[0.335s] Level 5:colcon.colcon_core.verb:set package 'aerostack2' build argument 'cmake_force_configure' from command line to 'False'
[0.335s] Level 5:colcon.colcon_core.verb:set package 'aerostack2' build argument 'ament_cmake_args' from command line to 'None'
[0.335s] Level 5:colcon.colcon_core.verb:set package 'aerostack2' build argument 'catkin_cmake_args' from command line to 'None'
[0.335s] Level 5:colcon.colcon_core.verb:set package 'aerostack2' build argument 'catkin_skip_building_tests' from command line to 'False'
[0.335s] DEBUG:colcon.colcon_core.verb:Building package 'aerostack2' with the following arguments: {'ament_cmake_args': None, 'build_base': '/home/developer/aerostack2_ws/build/aerostack2', 'catkin_cmake_args': None, 'catkin_skip_building_tests': False, 'cmake_args': None, 'cmake_clean_cache': False, 'cmake_clean_first': False, 'cmake_force_configure': False, 'cmake_target': None, 'cmake_target_skip_unavailable': False, 'install_base': '/home/developer/aerostack2_ws/install/aerostack2', 'merge_install': False, 'path': '/home/developer/aerostack2_ws/src/aerostack2-tcc_lucca/aerostack2', 'symlink_install': True, 'test_result_base': None}
[0.335s] INFO:colcon.colcon_core.executor:Executing jobs using 'parallel' executor
[0.336s] DEBUG:colcon.colcon_parallel_executor.executor.parallel:run_until_complete
[0.336s] INFO:colcon.colcon_ros.task.ament_cmake.build:Building ROS package in '/home/developer/aerostack2_ws/src/aerostack2-tcc_lucca/as2_msgs' with build type 'ament_cmake'
[0.336s] INFO:colcon.colcon_cmake.task.cmake.build:Building CMake package in '/home/developer/aerostack2_ws/src/aerostack2-tcc_lucca/as2_msgs'
[0.339s] INFO:colcon.colcon_core.plugin_system:Skipping extension 'colcon_core.shell.bat': Not used on non-Windows systems
[0.339s] INFO:colcon.colcon_core.shell:Skip shell extension 'powershell' for command environment: Not usable outside of PowerShell
[0.339s] DEBUG:colcon.colcon_core.shell:Skip shell extension 'dsv' for command environment
[0.348s] DEBUG:colcon.colcon_core.event_handler.log_command:Invoking command in '/home/developer/aerostack2_ws/build/as2_msgs': CMAKE_PREFIX_PATH=/opt/ros/humble /usr/bin/cmake --build /home/developer/aerostack2_ws/build/as2_msgs -- -j20 -l20
[0.631s] DEBUG:colcon.colcon_core.event_handler.log_command:Invoked command in '/home/developer/aerostack2_ws/build/as2_msgs' returned '0': CMAKE_PREFIX_PATH=/opt/ros/humble /usr/bin/cmake --build /home/developer/aerostack2_ws/build/as2_msgs -- -j20 -l20
[0.641s] DEBUG:colcon.colcon_core.event_handler.log_command:Invoking command in '/home/developer/aerostack2_ws/build/as2_msgs': CMAKE_PREFIX_PATH=/opt/ros/humble /usr/bin/cmake --install /home/developer/aerostack2_ws/build/as2_msgs
[0.804s] Level 1:colcon.colcon_core.environment:create_environment_scripts_only(as2_msgs)
[0.805s] DEBUG:colcon.colcon_core.event_handler.log_command:Invoked command in '/home/developer/aerostack2_ws/build/as2_msgs' returned '0': CMAKE_PREFIX_PATH=/opt/ros/humble /usr/bin/cmake --install /home/developer/aerostack2_ws/build/as2_msgs
[0.808s] Level 1:colcon.colcon_core.environment:checking '/home/developer/aerostack2_ws/install/as2_msgs' for CMake module files
[0.808s] Level 1:colcon.colcon_core.environment:checking '/home/developer/aerostack2_ws/install/as2_msgs' for CMake config files
[0.812s] Level 1:colcon.colcon_core.shell:create_environment_hook('as2_msgs', 'cmake_prefix_path')
[0.812s] INFO:colcon.colcon_core.shell:Creating environment hook '/home/developer/aerostack2_ws/install/as2_msgs/share/as2_msgs/hook/cmake_prefix_path.ps1'
[0.812s] INFO:colcon.colcon_core.shell:Creating environment descriptor '/home/developer/aerostack2_ws/install/as2_msgs/share/as2_msgs/hook/cmake_prefix_path.dsv'
[0.813s] INFO:colcon.colcon_core.shell:Creating environment hook '/home/developer/aerostack2_ws/install/as2_msgs/share/as2_msgs/hook/cmake_prefix_path.sh'
[0.813s] Level 1:colcon.colcon_core.environment:checking '/home/developer/aerostack2_ws/install/as2_msgs/lib'
[0.813s] Level 1:colcon.colcon_core.shell:create_environment_hook('as2_msgs', 'ld_library_path_lib')
[0.813s] INFO:colcon.colcon_core.shell:Creating environment hook '/home/developer/aerostack2_ws/install/as2_msgs/share/as2_msgs/hook/ld_library_path_lib.ps1'
[0.814s] INFO:colcon.colcon_core.shell:Creating environment descriptor '/home/developer/aerostack2_ws/install/as2_msgs/share/as2_msgs/hook/ld_library_path_lib.dsv'
[0.814s] INFO:colcon.colcon_core.shell:Creating environment hook '/home/developer/aerostack2_ws/install/as2_msgs/share/as2_msgs/hook/ld_library_path_lib.sh'
[0.814s] Level 1:colcon.colcon_core.environment:checking '/home/developer/aerostack2_ws/install/as2_msgs/bin'
[0.814s] Level 1:colcon.colcon_core.environment:checking '/home/developer/aerostack2_ws/install/as2_msgs/lib/pkgconfig/as2_msgs.pc'
[0.815s] Level 1:colcon.colcon_core.environment:checking '/home/developer/aerostack2_ws/install/as2_msgs/lib/python3.10/site-packages'
[0.815s] Level 1:colcon.colcon_core.environment:checking '/home/developer/aerostack2_ws/install/as2_msgs/bin'
[0.815s] INFO:colcon.colcon_core.shell:Creating package script '/home/developer/aerostack2_ws/install/as2_msgs/share/as2_msgs/package.ps1'
[0.816s] INFO:colcon.colcon_core.shell:Creating package descriptor '/home/developer/aerostack2_ws/install/as2_msgs/share/as2_msgs/package.dsv'
[0.816s] INFO:colcon.colcon_core.shell:Creating package script '/home/developer/aerostack2_ws/install/as2_msgs/share/as2_msgs/package.sh'
[0.817s] INFO:colcon.colcon_core.shell:Creating package script '/home/developer/aerostack2_ws/install/as2_msgs/share/as2_msgs/package.bash'
[0.817s] INFO:colcon.colcon_core.shell:Creating package script '/home/developer/aerostack2_ws/install/as2_msgs/share/as2_msgs/package.zsh'
[0.818s] Level 1:colcon.colcon_core.environment:create_file_with_runtime_dependencies(/home/developer/aerostack2_ws/install/as2_msgs/share/colcon-core/packages/as2_msgs)
[0.818s] Level 1:colcon.colcon_core.environment:create_environment_scripts_only(as2_msgs)
[0.818s] Level 1:colcon.colcon_core.environment:checking '/home/developer/aerostack2_ws/install/as2_msgs' for CMake module files
[0.818s] Level 1:colcon.colcon_core.environment:checking '/home/developer/aerostack2_ws/install/as2_msgs' for CMake config files
[0.822s] Level 1:colcon.colcon_core.shell:create_environment_hook('as2_msgs', 'cmake_prefix_path')
[0.822s] INFO:colcon.colcon_core.shell:Creating environment hook '/home/developer/aerostack2_ws/install/as2_msgs/share/as2_msgs/hook/cmake_prefix_path.ps1'
[0.822s] INFO:colcon.colcon_core.shell:Creating environment descriptor '/home/developer/aerostack2_ws/install/as2_msgs/share/as2_msgs/hook/cmake_prefix_path.dsv'
[0.822s] INFO:colcon.colcon_core.shell:Creating environment hook '/home/developer/aerostack2_ws/install/as2_msgs/share/as2_msgs/hook/cmake_prefix_path.sh'
[0.823s] Level 1:colcon.colcon_core.environment:checking '/home/developer/aerostack2_ws/install/as2_msgs/lib'
[0.823s] Level 1:colcon.colcon_core.shell:create_environment_hook('as2_msgs', 'ld_library_path_lib')
[0.823s] INFO:colcon.colcon_core.shell:Creating environment hook '/home/developer/aerostack2_ws/install/as2_msgs/share/as2_msgs/hook/ld_library_path_lib.ps1'
[0.823s] INFO:colcon.colcon_core.shell:Creating environment descriptor '/home/developer/aerostack2_ws/install/as2_msgs/share/as2_msgs/hook/ld_library_path_lib.dsv'
[0.823s] INFO:colcon.colcon_core.shell:Creating environment hook '/home/developer/aerostack2_ws/install/as2_msgs/share/as2_msgs/hook/ld_library_path_lib.sh'
[0.823s] Level 1:colcon.colcon_core.environment:checking '/home/developer/aerostack2_ws/install/as2_msgs/bin'
[0.823s] Level 1:colcon.colcon_core.environment:checking '/home/developer/aerostack2_ws/install/as2_msgs/lib/pkgconfig/as2_msgs.pc'
[0.823s] Level 1:colcon.colcon_core.environment:checking '/home/developer/aerostack2_ws/install/as2_msgs/lib/python3.10/site-packages'
[0.824s] Level 1:colcon.colcon_core.environment:checking '/home/developer/aerostack2_ws/install/as2_msgs/bin'
[0.824s] INFO:colcon.colcon_core.shell:Creating package script '/home/developer/aerostack2_ws/install/as2_msgs/share/as2_msgs/package.ps1'
[0.824s] INFO:colcon.colcon_core.shell:Creating package descriptor '/home/developer/aerostack2_ws/install/as2_msgs/share/as2_msgs/package.dsv'
[0.824s] INFO:colcon.colcon_core.shell:Creating package script '/home/developer/aerostack2_ws/install/as2_msgs/share/as2_msgs/package.sh'
[0.825s] INFO:colcon.colcon_core.shell:Creating package script '/home/developer/aerostack2_ws/install/as2_msgs/share/as2_msgs/package.bash'
[0.825s] INFO:colcon.colcon_core.shell:Creating package script '/home/developer/aerostack2_ws/install/as2_msgs/share/as2_msgs/package.zsh'
[0.825s] Level 1:colcon.colcon_core.environment:create_file_with_runtime_dependencies(/home/developer/aerostack2_ws/install/as2_msgs/share/colcon-core/packages/as2_msgs)
[0.825s] INFO:colcon.colcon_ros.task.ament_cmake.build:Building ROS package in '/home/developer/aerostack2_ws/src/aerostack2-tcc_lucca/as2_core' with build type 'ament_cmake'
[0.825s] INFO:colcon.colcon_cmake.task.cmake.build:Building CMake package in '/home/developer/aerostack2_ws/src/aerostack2-tcc_lucca/as2_core'
[0.825s] INFO:colcon.colcon_core.shell:Skip shell extension 'powershell' for command environment: Not usable outside of PowerShell
[0.825s] DEBUG:colcon.colcon_core.shell:Skip shell extension 'dsv' for command environment
[0.834s] DEBUG:colcon.colcon_core.event_handler.log_command:Invoking command in '/home/developer/aerostack2_ws/build/as2_core': AMENT_PREFIX_PATH=/home/developer/aerostack2_ws/install/as2_msgs:${AMENT_PREFIX_PATH} CMAKE_PREFIX_PATH=/home/developer/aerostack2_ws/install/as2_msgs:/opt/ros/humble LD_LIBRARY_PATH=/home/developer/aerostack2_ws/install/as2_msgs/lib:${LD_LIBRARY_PATH} PYTHONPATH=/home/developer/aerostack2_ws/install/as2_msgs/local/lib/python3.10/dist-packages:${PYTHONPATH} /usr/bin/cmake --build /home/developer/aerostack2_ws/build/as2_core -- -j20 -l20
[1.043s] DEBUG:colcon.colcon_core.event_handler.log_command:Invoked command in '/home/developer/aerostack2_ws/build/as2_core' returned '0': AMENT_PREFIX_PATH=/home/developer/aerostack2_ws/install/as2_msgs:${AMENT_PREFIX_PATH} CMAKE_PREFIX_PATH=/home/developer/aerostack2_ws/install/as2_msgs:/opt/ros/humble LD_LIBRARY_PATH=/home/developer/aerostack2_ws/install/as2_msgs/lib:${LD_LIBRARY_PATH} PYTHONPATH=/home/developer/aerostack2_ws/install/as2_msgs/local/lib/python3.10/dist-packages:${PYTHONPATH} /usr/bin/cmake --build /home/developer/aerostack2_ws/build/as2_core -- -j20 -l20
[1.044s] DEBUG:colcon.colcon_core.event_handler.log_command:Invoking command in '/home/developer/aerostack2_ws/build/as2_core': AMENT_PREFIX_PATH=/home/developer/aerostack2_ws/install/as2_msgs:${AMENT_PREFIX_PATH} CMAKE_PREFIX_PATH=/home/developer/aerostack2_ws/install/as2_msgs:/opt/ros/humble LD_LIBRARY_PATH=/home/developer/aerostack2_ws/install/as2_msgs/lib:${LD_LIBRARY_PATH} PYTHONPATH=/home/developer/aerostack2_ws/install/as2_msgs/local/lib/python3.10/dist-packages:${PYTHONPATH} /usr/bin/cmake --install /home/developer/aerostack2_ws/build/as2_core
[1.092s] Level 1:colcon.colcon_core.environment:create_environment_scripts_only(as2_core)
[1.092s] Level 1:colcon.colcon_core.environment:checking '/home/developer/aerostack2_ws/install/as2_core' for CMake module files
[1.092s] DEBUG:colcon.colcon_core.event_handler.log_command:Invoked command in '/home/developer/aerostack2_ws/build/as2_core' returned '0': AMENT_PREFIX_PATH=/home/developer/aerostack2_ws/install/as2_msgs:${AMENT_PREFIX_PATH} CMAKE_PREFIX_PATH=/home/developer/aerostack2_ws/install/as2_msgs:/opt/ros/humble LD_LIBRARY_PATH=/home/developer/aerostack2_ws/install/as2_msgs/lib:${LD_LIBRARY_PATH} PYTHONPATH=/home/developer/aerostack2_ws/install/as2_msgs/local/lib/python3.10/dist-packages:${PYTHONPATH} /usr/bin/cmake --install /home/developer/aerostack2_ws/build/as2_core
[1.093s] Level 1:colcon.colcon_core.environment:checking '/home/developer/aerostack2_ws/install/as2_core' for CMake config files
[1.094s] Level 1:colcon.colcon_core.shell:create_environment_hook('as2_core', 'cmake_prefix_path')
[1.094s] INFO:colcon.colcon_core.shell:Creating environment hook '/home/developer/aerostack2_ws/install/as2_core/share/as2_core/hook/cmake_prefix_path.ps1'
[1.094s] INFO:colcon.colcon_core.shell:Creating environment descriptor '/home/developer/aerostack2_ws/install/as2_core/share/as2_core/hook/cmake_prefix_path.dsv'
[1.094s] INFO:colcon.colcon_core.shell:Creating environment hook '/home/developer/aerostack2_ws/install/as2_core/share/as2_core/hook/cmake_prefix_path.sh'
[1.095s] Level 1:colcon.colcon_core.environment:checking '/home/developer/aerostack2_ws/install/as2_core/lib'
[1.095s] Level 1:colcon.colcon_core.shell:create_environment_hook('as2_core', 'ld_library_path_lib')
[1.095s] INFO:colcon.colcon_core.shell:Creating environment hook '/home/developer/aerostack2_ws/install/as2_core/share/as2_core/hook/ld_library_path_lib.ps1'
[1.095s] INFO:colcon.colcon_core.shell:Creating environment descriptor '/home/developer/aerostack2_ws/install/as2_core/share/as2_core/hook/ld_library_path_lib.dsv'
[1.095s] INFO:colcon.colcon_core.shell:Creating environment hook '/home/developer/aerostack2_ws/install/as2_core/share/as2_core/hook/ld_library_path_lib.sh'
[1.095s] Level 1:colcon.colcon_core.environment:checking '/home/developer/aerostack2_ws/install/as2_core/bin'
[1.095s] Level 1:colcon.colcon_core.environment:checking '/home/developer/aerostack2_ws/install/as2_core/lib/pkgconfig/as2_core.pc'
[1.095s] Level 1:colcon.colcon_core.environment:checking '/home/developer/aerostack2_ws/install/as2_core/lib/python3.10/site-packages'
[1.096s] Level 1:colcon.colcon_core.environment:checking '/home/developer/aerostack2_ws/install/as2_core/bin'
[1.096s] INFO:colcon.colcon_core.shell:Creating package script '/home/developer/aerostack2_ws/install/as2_core/share/as2_core/package.ps1'
[1.096s] INFO:colcon.colcon_core.shell:Creating package descriptor '/home/developer/aerostack2_ws/install/as2_core/share/as2_core/package.dsv'
[1.096s] INFO:colcon.colcon_core.shell:Creating package script '/home/developer/aerostack2_ws/install/as2_core/share/as2_core/package.sh'
[1.096s] INFO:colcon.colcon_core.shell:Creating package script '/home/developer/aerostack2_ws/install/as2_core/share/as2_core/package.bash'
[1.097s] INFO:colcon.colcon_core.shell:Creating package script '/home/developer/aerostack2_ws/install/as2_core/share/as2_core/package.zsh'
[1.097s] Level 1:colcon.colcon_core.environment:create_file_with_runtime_dependencies(/home/developer/aerostack2_ws/install/as2_core/share/colcon-core/packages/as2_core)
[1.097s] Level 1:colcon.colcon_core.environment:create_environment_scripts_only(as2_core)
[1.097s] Level 1:colcon.colcon_core.environment:checking '/home/developer/aerostack2_ws/install/as2_core' for CMake module files
[1.098s] Level 1:colcon.colcon_core.environment:checking '/home/developer/aerostack2_ws/install/as2_core' for CMake config files
[1.098s] Level 1:colcon.colcon_core.shell:create_environment_hook('as2_core', 'cmake_prefix_path')
[1.098s] INFO:colcon.colcon_core.shell:Creating environment hook '/home/developer/aerostack2_ws/install/as2_core/share/as2_core/hook/cmake_prefix_path.ps1'
[1.098s] INFO:colcon.colcon_core.shell:Creating environment descriptor '/home/developer/aerostack2_ws/install/as2_core/share/as2_core/hook/cmake_prefix_path.dsv'
[1.098s] INFO:colcon.colcon_core.shell:Creating environment hook '/home/developer/aerostack2_ws/install/as2_core/share/as2_core/hook/cmake_prefix_path.sh'
[1.099s] Level 1:colcon.colcon_core.environment:checking '/home/developer/aerostack2_ws/install/as2_core/lib'
[1.099s] Level 1:colcon.colcon_core.shell:create_environment_hook('as2_core', 'ld_library_path_lib')
[1.099s] INFO:colcon.colcon_core.shell:Creating environment hook '/home/developer/aerostack2_ws/install/as2_core/share/as2_core/hook/ld_library_path_lib.ps1'
[1.099s] INFO:colcon.colcon_core.shell:Creating environment descriptor '/home/developer/aerostack2_ws/install/as2_core/share/as2_core/hook/ld_library_path_lib.dsv'
[1.099s] INFO:colcon.colcon_core.shell:Creating environment hook '/home/developer/aerostack2_ws/install/as2_core/share/as2_core/hook/ld_library_path_lib.sh'
[1.099s] Level 1:colcon.colcon_core.environment:checking '/home/developer/aerostack2_ws/install/as2_core/bin'
[1.099s] Level 1:colcon.colcon_core.environment:checking '/home/developer/aerostack2_ws/install/as2_core/lib/pkgconfig/as2_core.pc'
[1.099s] Level 1:colcon.colcon_core.environment:checking '/home/developer/aerostack2_ws/install/as2_core/lib/python3.10/site-packages'
[1.100s] Level 1:colcon.colcon_core.environment:checking '/home/developer/aerostack2_ws/install/as2_core/bin'
[1.100s] INFO:colcon.colcon_core.shell:Creating package script '/home/developer/aerostack2_ws/install/as2_core/share/as2_core/package.ps1'
[1.100s] INFO:colcon.colcon_core.shell:Creating package descriptor '/home/developer/aerostack2_ws/install/as2_core/share/as2_core/package.dsv'
[1.100s] INFO:colcon.colcon_core.shell:Creating package script '/home/developer/aerostack2_ws/install/as2_core/share/as2_core/package.sh'
[1.100s] INFO:colcon.colcon_core.shell:Creating package script '/home/developer/aerostack2_ws/install/as2_core/share/as2_core/package.bash'
[1.101s] INFO:colcon.colcon_core.shell:Creating package script '/home/developer/aerostack2_ws/install/as2_core/share/as2_core/package.zsh'
[1.101s] Level 1:colcon.colcon_core.environment:create_file_with_runtime_dependencies(/home/developer/aerostack2_ws/install/as2_core/share/colcon-core/packages/as2_core)
[1.101s] INFO:colcon.colcon_ros.task.ament_cmake.build:Building ROS package in '/home/developer/aerostack2_ws/src/aerostack2-tcc_lucca/as2_behaviors/as2_behavior' with build type 'ament_cmake'
[1.101s] INFO:colcon.colcon_cmake.task.cmake.build:Building CMake package in '/home/developer/aerostack2_ws/src/aerostack2-tcc_lucca/as2_behaviors/as2_behavior'
[1.101s] INFO:colcon.colcon_core.shell:Skip shell extension 'powershell' for command environment: Not usable outside of PowerShell
[1.101s] DEBUG:colcon.colcon_core.shell:Skip shell extension 'dsv' for command environment
[1.111s] DEBUG:colcon.colcon_core.event_handler.log_command:Invoking command in '/home/developer/aerostack2_ws/build/as2_behavior': AMENT_PREFIX_PATH=/home/developer/aerostack2_ws/install/as2_core:/home/developer/aerostack2_ws/install/as2_msgs:${AMENT_PREFIX_PATH} CMAKE_PREFIX_PATH=/home/developer/aerostack2_ws/install/as2_core:/home/developer/aerostack2_ws/install/as2_msgs:/opt/ros/humble LD_LIBRARY_PATH=/home/developer/aerostack2_ws/install/as2_core/lib:/home/developer/aerostack2_ws/install/as2_msgs/lib:${LD_LIBRARY_PATH} PYTHONPATH=/home/developer/aerostack2_ws/install/as2_core/local/lib/python3.10/dist-packages:/home/developer/aerostack2_ws/install/as2_msgs/local/lib/python3.10/dist-packages:${PYTHONPATH} /usr/bin/cmake --build /home/developer/aerostack2_ws/build/as2_behavior -- -j20 -l20
[10.685s] DEBUG:colcon.colcon_core.event_handler.log_command:Invoked command in '/home/developer/aerostack2_ws/build/as2_behavior' returned '0': AMENT_PREFIX_PATH=/home/developer/aerostack2_ws/install/as2_core:/home/developer/aerostack2_ws/install/as2_msgs:${AMENT_PREFIX_PATH} CMAKE_PREFIX_PATH=/home/developer/aerostack2_ws/install/as2_core:/home/developer/aerostack2_ws/install/as2_msgs:/opt/ros/humble LD_LIBRARY_PATH=/home/developer/aerostack2_ws/install/as2_core/lib:/home/developer/aerostack2_ws/install/as2_msgs/lib:${LD_LIBRARY_PATH} PYTHONPATH=/home/developer/aerostack2_ws/install/as2_core/local/lib/python3.10/dist-packages:/home/developer/aerostack2_ws/install/as2_msgs/local/lib/python3.10/dist-packages:${PYTHONPATH} /usr/bin/cmake --build /home/developer/aerostack2_ws/build/as2_behavior -- -j20 -l20
[10.686s] DEBUG:colcon.colcon_core.event_handler.log_command:Invoking command in '/home/developer/aerostack2_ws/build/as2_behavior': AMENT_PREFIX_PATH=/home/developer/aerostack2_ws/install/as2_core:/home/developer/aerostack2_ws/install/as2_msgs:${AMENT_PREFIX_PATH} CMAKE_PREFIX_PATH=/home/developer/aerostack2_ws/install/as2_core:/home/developer/aerostack2_ws/install/as2_msgs:/opt/ros/humble LD_LIBRARY_PATH=/home/developer/aerostack2_ws/install/as2_core/lib:/home/developer/aerostack2_ws/install/as2_msgs/lib:${LD_LIBRARY_PATH} PYTHONPATH=/home/developer/aerostack2_ws/install/as2_core/local/lib/python3.10/dist-packages:/home/developer/aerostack2_ws/install/as2_msgs/local/lib/python3.10/dist-packages:${PYTHONPATH} /usr/bin/cmake --install /home/developer/aerostack2_ws/build/as2_behavior
[10.843s] Level 1:colcon.colcon_core.environment:create_environment_scripts_only(as2_behavior)
[10.843s] Level 1:colcon.colcon_core.environment:checking '/home/developer/aerostack2_ws/install/as2_behavior' for CMake module files
[10.844s] DEBUG:colcon.colcon_core.event_handler.log_command:Invoked command in '/home/developer/aerostack2_ws/build/as2_behavior' returned '0': AMENT_PREFIX_PATH=/home/developer/aerostack2_ws/install/as2_core:/home/developer/aerostack2_ws/install/as2_msgs:${AMENT_PREFIX_PATH} CMAKE_PREFIX_PATH=/home/developer/aerostack2_ws/install/as2_core:/home/developer/aerostack2_ws/install/as2_msgs:/opt/ros/humble LD_LIBRARY_PATH=/home/developer/aerostack2_ws/install/as2_core/lib:/home/developer/aerostack2_ws/install/as2_msgs/lib:${LD_LIBRARY_PATH} PYTHONPATH=/home/developer/aerostack2_ws/install/as2_core/local/lib/python3.10/dist-packages:/home/developer/aerostack2_ws/install/as2_msgs/local/lib/python3.10/dist-packages:${PYTHONPATH} /usr/bin/cmake --install /home/developer/aerostack2_ws/build/as2_behavior
[10.844s] Level 1:colcon.colcon_core.environment:checking '/home/developer/aerostack2_ws/install/as2_behavior' for CMake config files
[10.844s] Level 1:colcon.colcon_core.shell:create_environment_hook('as2_behavior', 'cmake_prefix_path')
[10.845s] INFO:colcon.colcon_core.shell:Creating environment hook '/home/developer/aerostack2_ws/install/as2_behavior/share/as2_behavior/hook/cmake_prefix_path.ps1'
[10.845s] INFO:colcon.colcon_core.shell:Creating environment descriptor '/home/developer/aerostack2_ws/install/as2_behavior/share/as2_behavior/hook/cmake_prefix_path.dsv'
[10.845s] INFO:colcon.colcon_core.shell:Creating environment hook '/home/developer/aerostack2_ws/install/as2_behavior/share/as2_behavior/hook/cmake_prefix_path.sh'
[10.846s] Level 1:colcon.colcon_core.environment:checking '/home/developer/aerostack2_ws/install/as2_behavior/lib'
[10.846s] Level 1:colcon.colcon_core.shell:create_environment_hook('as2_behavior', 'ld_library_path_lib')
[10.846s] INFO:colcon.colcon_core.shell:Creating environment hook '/home/developer/aerostack2_ws/install/as2_behavior/share/as2_behavior/hook/ld_library_path_lib.ps1'
[10.846s] INFO:colcon.colcon_core.shell:Creating environment descriptor '/home/developer/aerostack2_ws/install/as2_behavior/share/as2_behavior/hook/ld_library_path_lib.dsv'
[10.846s] INFO:colcon.colcon_core.shell:Creating environment hook '/home/developer/aerostack2_ws/install/as2_behavior/share/as2_behavior/hook/ld_library_path_lib.sh'
[10.847s] Level 1:colcon.colcon_core.environment:checking '/home/developer/aerostack2_ws/install/as2_behavior/bin'
[10.847s] Level 1:colcon.colcon_core.environment:checking '/home/developer/aerostack2_ws/install/as2_behavior/lib/pkgconfig/as2_behavior.pc'
[10.847s] Level 1:colcon.colcon_core.environment:checking '/home/developer/aerostack2_ws/install/as2_behavior/lib/python3.10/site-packages'
[10.847s] Level 1:colcon.colcon_core.environment:checking '/home/developer/aerostack2_ws/install/as2_behavior/bin'
[10.847s] INFO:colcon.colcon_core.shell:Creating package script '/home/developer/aerostack2_ws/install/as2_behavior/share/as2_behavior/package.ps1'
[10.847s] INFO:colcon.colcon_core.shell:Creating package descriptor '/home/developer/aerostack2_ws/install/as2_behavior/share/as2_behavior/package.dsv'
[10.848s] INFO:colcon.colcon_core.shell:Creating package script '/home/developer/aerostack2_ws/install/as2_behavior/share/as2_behavior/package.sh'
[10.848s] INFO:colcon.colcon_core.shell:Creating package script '/home/developer/aerostack2_ws/install/as2_behavior/share/as2_behavior/package.bash'
[10.848s] INFO:colcon.colcon_core.shell:Creating package script '/home/developer/aerostack2_ws/install/as2_behavior/share/as2_behavior/package.zsh'
[10.848s] Level 1:colcon.colcon_core.environment:create_file_with_runtime_dependencies(/home/developer/aerostack2_ws/install/as2_behavior/share/colcon-core/packages/as2_behavior)
[10.848s] Level 1:colcon.colcon_core.environment:create_environment_scripts_only(as2_behavior)
[10.848s] Level 1:colcon.colcon_core.environment:checking '/home/developer/aerostack2_ws/install/as2_behavior' for CMake module files
[10.849s] Level 1:colcon.colcon_core.environment:checking '/home/developer/aerostack2_ws/install/as2_behavior' for CMake config files
[10.849s] Level 1:colcon.colcon_core.shell:create_environment_hook('as2_behavior', 'cmake_prefix_path')
[10.849s] INFO:colcon.colcon_core.shell:Creating environment hook '/home/developer/aerostack2_ws/install/as2_behavior/share/as2_behavior/hook/cmake_prefix_path.ps1'
[10.849s] INFO:colcon.colcon_core.shell:Creating environment descriptor '/home/developer/aerostack2_ws/install/as2_behavior/share/as2_behavior/hook/cmake_prefix_path.dsv'
[10.849s] INFO:colcon.colcon_core.shell:Creating environment hook '/home/developer/aerostack2_ws/install/as2_behavior/share/as2_behavior/hook/cmake_prefix_path.sh'
[10.849s] Level 1:colcon.colcon_core.environment:checking '/home/developer/aerostack2_ws/install/as2_behavior/lib'
[10.849s] Level 1:colcon.colcon_core.shell:create_environment_hook('as2_behavior', 'ld_library_path_lib')
[10.850s] INFO:colcon.colcon_core.shell:Creating environment hook '/home/developer/aerostack2_ws/install/as2_behavior/share/as2_behavior/hook/ld_library_path_lib.ps1'
[10.850s] INFO:colcon.colcon_core.shell:Creating environment descriptor '/home/developer/aerostack2_ws/install/as2_behavior/share/as2_behavior/hook/ld_library_path_lib.dsv'
[10.850s] INFO:colcon.colcon_core.shell:Creating environment hook '/home/developer/aerostack2_ws/install/as2_behavior/share/as2_behavior/hook/ld_library_path_lib.sh'
[10.850s] Level 1:colcon.colcon_core.environment:checking '/home/developer/aerostack2_ws/install/as2_behavior/bin'
[10.850s] Level 1:colcon.colcon_core.environment:checking '/home/developer/aerostack2_ws/install/as2_behavior/lib/pkgconfig/as2_behavior.pc'
[10.850s] Level 1:colcon.colcon_core.environment:checking '/home/developer/aerostack2_ws/install/as2_behavior/lib/python3.10/site-packages'
[10.850s] Level 1:colcon.colcon_core.environment:checking '/home/developer/aerostack2_ws/install/as2_behavior/bin'
[10.851s] INFO:colcon.colcon_core.shell:Creating package script '/home/developer/aerostack2_ws/install/as2_behavior/share/as2_behavior/package.ps1'
[10.851s] INFO:colcon.colcon_core.shell:Creating package descriptor '/home/developer/aerostack2_ws/install/as2_behavior/share/as2_behavior/package.dsv'
[10.851s] INFO:colcon.colcon_core.shell:Creating package script '/home/developer/aerostack2_ws/install/as2_behavior/share/as2_behavior/package.sh'
[10.851s] INFO:colcon.colcon_core.shell:Creating package script '/home/developer/aerostack2_ws/install/as2_behavior/share/as2_behavior/package.bash'
[10.851s] INFO:colcon.colcon_core.shell:Creating package script '/home/developer/aerostack2_ws/install/as2_behavior/share/as2_behavior/package.zsh'
[10.852s] Level 1:colcon.colcon_core.environment:create_file_with_runtime_dependencies(/home/developer/aerostack2_ws/install/as2_behavior/share/colcon-core/packages/as2_behavior)
[10.852s] INFO:colcon.colcon_ros.task.ament_cmake.build:Building ROS package in '/home/developer/aerostack2_ws/src/aerostack2-tcc_lucca/as2_motion_reference_handlers' with build type 'ament_cmake'
[10.852s] INFO:colcon.colcon_cmake.task.cmake.build:Building CMake package in '/home/developer/aerostack2_ws/src/aerostack2-tcc_lucca/as2_motion_reference_handlers'
[10.852s] INFO:colcon.colcon_core.shell:Skip shell extension 'powershell' for command environment: Not usable outside of PowerShell
[10.852s] DEBUG:colcon.colcon_core.shell:Skip shell extension 'dsv' for command environment
[10.861s] DEBUG:colcon.colcon_core.event_handler.log_command:Invoking command in '/home/developer/aerostack2_ws/build/as2_motion_reference_handlers': AMENT_PREFIX_PATH=/home/developer/aerostack2_ws/install/as2_core:/home/developer/aerostack2_ws/install/as2_msgs:${AMENT_PREFIX_PATH} CMAKE_PREFIX_PATH=/home/developer/aerostack2_ws/install/as2_core:/home/developer/aerostack2_ws/install/as2_msgs:/opt/ros/humble LD_LIBRARY_PATH=/home/developer/aerostack2_ws/install/as2_core/lib:/home/developer/aerostack2_ws/install/as2_msgs/lib:${LD_LIBRARY_PATH} PYTHONPATH=/home/developer/aerostack2_ws/install/as2_core/local/lib/python3.10/dist-packages:/home/developer/aerostack2_ws/install/as2_msgs/local/lib/python3.10/dist-packages:${PYTHONPATH} /usr/bin/cmake --build /home/developer/aerostack2_ws/build/as2_motion_reference_handlers -- -j20 -l20
[19.133s] DEBUG:colcon.colcon_core.event_handler.log_command:Invoked command in '/home/developer/aerostack2_ws/build/as2_motion_reference_handlers' returned '0': AMENT_PREFIX_PATH=/home/developer/aerostack2_ws/install/as2_core:/home/developer/aerostack2_ws/install/as2_msgs:${AMENT_PREFIX_PATH} CMAKE_PREFIX_PATH=/home/developer/aerostack2_ws/install/as2_core:/home/developer/aerostack2_ws/install/as2_msgs:/opt/ros/humble LD_LIBRARY_PATH=/home/developer/aerostack2_ws/install/as2_core/lib:/home/developer/aerostack2_ws/install/as2_msgs/lib:${LD_LIBRARY_PATH} PYTHONPATH=/home/developer/aerostack2_ws/install/as2_core/local/lib/python3.10/dist-packages:/home/developer/aerostack2_ws/install/as2_msgs/local/lib/python3.10/dist-packages:${PYTHONPATH} /usr/bin/cmake --build /home/developer/aerostack2_ws/build/as2_motion_reference_handlers -- -j20 -l20
[19.135s] DEBUG:colcon.colcon_core.event_handler.log_command:Invoking command in '/home/developer/aerostack2_ws/build/as2_motion_reference_handlers': AMENT_PREFIX_PATH=/home/developer/aerostack2_ws/install/as2_core:/home/developer/aerostack2_ws/install/as2_msgs:${AMENT_PREFIX_PATH} CMAKE_PREFIX_PATH=/home/developer/aerostack2_ws/install/as2_core:/home/developer/aerostack2_ws/install/as2_msgs:/opt/ros/humble LD_LIBRARY_PATH=/home/developer/aerostack2_ws/install/as2_core/lib:/home/developer/aerostack2_ws/install/as2_msgs/lib:${LD_LIBRARY_PATH} PYTHONPATH=/home/developer/aerostack2_ws/install/as2_core/local/lib/python3.10/dist-packages:/home/developer/aerostack2_ws/install/as2_msgs/local/lib/python3.10/dist-packages:${PYTHONPATH} /usr/bin/cmake --install /home/developer/aerostack2_ws/build/as2_motion_reference_handlers
[19.411s] Level 1:colcon.colcon_core.environment:create_environment_scripts_only(as2_motion_reference_handlers)
[19.412s] Level 1:colcon.colcon_core.environment:checking '/home/developer/aerostack2_ws/install/as2_motion_reference_handlers' for CMake module files
[19.412s] DEBUG:colcon.colcon_core.event_handler.log_command:Invoked command in '/home/developer/aerostack2_ws/build/as2_motion_reference_handlers' returned '0': AMENT_PREFIX_PATH=/home/developer/aerostack2_ws/install/as2_core:/home/developer/aerostack2_ws/install/as2_msgs:${AMENT_PREFIX_PATH} CMAKE_PREFIX_PATH=/home/developer/aerostack2_ws/install/as2_core:/home/developer/aerostack2_ws/install/as2_msgs:/opt/ros/humble LD_LIBRARY_PATH=/home/developer/aerostack2_ws/install/as2_core/lib:/home/developer/aerostack2_ws/install/as2_msgs/lib:${LD_LIBRARY_PATH} PYTHONPATH=/home/developer/aerostack2_ws/install/as2_core/local/lib/python3.10/dist-packages:/home/developer/aerostack2_ws/install/as2_msgs/local/lib/python3.10/dist-packages:${PYTHONPATH} /usr/bin/cmake --install /home/developer/aerostack2_ws/build/as2_motion_reference_handlers
[19.412s] Level 1:colcon.colcon_core.environment:checking '/home/developer/aerostack2_ws/install/as2_motion_reference_handlers' for CMake config files
[19.413s] Level 1:colcon.colcon_core.shell:create_environment_hook('as2_motion_reference_handlers', 'cmake_prefix_path')
[19.413s] INFO:colcon.colcon_core.shell:Creating environment hook '/home/developer/aerostack2_ws/install/as2_motion_reference_handlers/share/as2_motion_reference_handlers/hook/cmake_prefix_path.ps1'
[19.414s] INFO:colcon.colcon_core.shell:Creating environment descriptor '/home/developer/aerostack2_ws/install/as2_motion_reference_handlers/share/as2_motion_reference_handlers/hook/cmake_prefix_path.dsv'
[19.414s] INFO:colcon.colcon_core.shell:Creating environment hook '/home/developer/aerostack2_ws/install/as2_motion_reference_handlers/share/as2_motion_reference_handlers/hook/cmake_prefix_path.sh'
[19.414s] Level 1:colcon.colcon_core.environment:checking '/home/developer/aerostack2_ws/install/as2_motion_reference_handlers/lib'
[19.414s] Level 1:colcon.colcon_core.environment:checking '/home/developer/aerostack2_ws/install/as2_motion_reference_handlers/bin'
[19.414s] Level 1:colcon.colcon_core.environment:checking '/home/developer/aerostack2_ws/install/as2_motion_reference_handlers/lib/pkgconfig/as2_motion_reference_handlers.pc'
[19.415s] Level 1:colcon.colcon_core.environment:checking '/home/developer/aerostack2_ws/install/as2_motion_reference_handlers/lib/python3.10/site-packages'
[19.415s] Level 1:colcon.colcon_core.environment:checking '/home/developer/aerostack2_ws/install/as2_motion_reference_handlers/bin'
[19.415s] INFO:colcon.colcon_core.shell:Creating package script '/home/developer/aerostack2_ws/install/as2_motion_reference_handlers/share/as2_motion_reference_handlers/package.ps1'
[19.416s] INFO:colcon.colcon_core.shell:Creating package descriptor '/home/developer/aerostack2_ws/install/as2_motion_reference_handlers/share/as2_motion_reference_handlers/package.dsv'
[19.416s] INFO:colcon.colcon_core.shell:Creating package script '/home/developer/aerostack2_ws/install/as2_motion_reference_handlers/share/as2_motion_reference_handlers/package.sh'
[19.416s] INFO:colcon.colcon_core.shell:Creating package script '/home/developer/aerostack2_ws/install/as2_motion_reference_handlers/share/as2_motion_reference_handlers/package.bash'
[19.417s] INFO:colcon.colcon_core.shell:Creating package script '/home/developer/aerostack2_ws/install/as2_motion_reference_handlers/share/as2_motion_reference_handlers/package.zsh'
[19.417s] Level 1:colcon.colcon_core.environment:create_file_with_runtime_dependencies(/home/developer/aerostack2_ws/install/as2_motion_reference_handlers/share/colcon-core/packages/as2_motion_reference_handlers)
[19.417s] Level 1:colcon.colcon_core.environment:create_environment_scripts_only(as2_motion_reference_handlers)
[19.418s] Level 1:colcon.colcon_core.environment:checking '/home/developer/aerostack2_ws/install/as2_motion_reference_handlers' for CMake module files
[19.418s] Level 1:colcon.colcon_core.environment:checking '/home/developer/aerostack2_ws/install/as2_motion_reference_handlers' for CMake config files
[19.419s] Level 1:colcon.colcon_core.shell:create_environment_hook('as2_motion_reference_handlers', 'cmake_prefix_path')
[19.419s] INFO:colcon.colcon_core.shell:Creating environment hook '/home/developer/aerostack2_ws/install/as2_motion_reference_handlers/share/as2_motion_reference_handlers/hook/cmake_prefix_path.ps1'
[19.419s] INFO:colcon.colcon_core.shell:Creating environment descriptor '/home/developer/aerostack2_ws/install/as2_motion_reference_handlers/share/as2_motion_reference_handlers/hook/cmake_prefix_path.dsv'
[19.419s] INFO:colcon.colcon_core.shell:Creating environment hook '/home/developer/aerostack2_ws/install/as2_motion_reference_handlers/share/as2_motion_reference_handlers/hook/cmake_prefix_path.sh'
[19.420s] Level 1:colcon.colcon_core.environment:checking '/home/developer/aerostack2_ws/install/as2_motion_reference_handlers/lib'
[19.420s] Level 1:colcon.colcon_core.environment:checking '/home/developer/aerostack2_ws/install/as2_motion_reference_handlers/bin'
[19.420s] Level 1:colcon.colcon_core.environment:checking '/home/developer/aerostack2_ws/install/as2_motion_reference_handlers/lib/pkgconfig/as2_motion_reference_handlers.pc'
[19.420s] Level 1:colcon.colcon_core.environment:checking '/home/developer/aerostack2_ws/install/as2_motion_reference_handlers/lib/python3.10/site-packages'
[19.420s] Level 1:colcon.colcon_core.environment:checking '/home/developer/aerostack2_ws/install/as2_motion_reference_handlers/bin'
[19.421s] INFO:colcon.colcon_core.shell:Creating package script '/home/developer/aerostack2_ws/install/as2_motion_reference_handlers/share/as2_motion_reference_handlers/package.ps1'
[19.421s] INFO:colcon.colcon_core.shell:Creating package descriptor '/home/developer/aerostack2_ws/install/as2_motion_reference_handlers/share/as2_motion_reference_handlers/package.dsv'
[19.421s] INFO:colcon.colcon_core.shell:Creating package script '/home/developer/aerostack2_ws/install/as2_motion_reference_handlers/share/as2_motion_reference_handlers/package.sh'
[19.422s] INFO:colcon.colcon_core.shell:Creating package script '/home/developer/aerostack2_ws/install/as2_motion_reference_handlers/share/as2_motion_reference_handlers/package.bash'
[19.422s] INFO:colcon.colcon_core.shell:Creating package script '/home/developer/aerostack2_ws/install/as2_motion_reference_handlers/share/as2_motion_reference_handlers/package.zsh'
[19.422s] Level 1:colcon.colcon_core.environment:create_file_with_runtime_dependencies(/home/developer/aerostack2_ws/install/as2_motion_reference_handlers/share/colcon-core/packages/as2_motion_reference_handlers)
[19.422s] INFO:colcon.colcon_ros.task.ament_cmake.build:Building ROS package in '/home/developer/aerostack2_ws/src/aerostack2-tcc_lucca/as2_simulation_assets/as2_gazebo_assets' with build type 'ament_cmake'
[19.422s] INFO:colcon.colcon_cmake.task.cmake.build:Building CMake package in '/home/developer/aerostack2_ws/src/aerostack2-tcc_lucca/as2_simulation_assets/as2_gazebo_assets'
[19.422s] INFO:colcon.colcon_core.shell:Skip shell extension 'powershell' for command environment: Not usable outside of PowerShell
[19.422s] DEBUG:colcon.colcon_core.shell:Skip shell extension 'dsv' for command environment
[19.432s] DEBUG:colcon.colcon_core.event_handler.log_command:Invoking command in '/home/developer/aerostack2_ws/build/as2_gazebo_assets': AMENT_PREFIX_PATH=/home/developer/aerostack2_ws/install/as2_core:/home/developer/aerostack2_ws/install/as2_msgs:${AMENT_PREFIX_PATH} CMAKE_PREFIX_PATH=/home/developer/aerostack2_ws/install/as2_core:/home/developer/aerostack2_ws/install/as2_msgs:/opt/ros/humble LD_LIBRARY_PATH=/home/developer/aerostack2_ws/install/as2_core/lib:/home/developer/aerostack2_ws/install/as2_msgs/lib:${LD_LIBRARY_PATH} PYTHONPATH=/home/developer/aerostack2_ws/install/as2_core/local/lib/python3.10/dist-packages:/home/developer/aerostack2_ws/install/as2_msgs/local/lib/python3.10/dist-packages:${PYTHONPATH} /usr/bin/cmake --build /home/developer/aerostack2_ws/build/as2_gazebo_assets -- -j20 -l20
[34.799s] DEBUG:colcon.colcon_core.event_handler.log_command:Invoked command in '/home/developer/aerostack2_ws/build/as2_gazebo_assets' returned '0': AMENT_PREFIX_PATH=/home/developer/aerostack2_ws/install/as2_core:/home/developer/aerostack2_ws/install/as2_msgs:${AMENT_PREFIX_PATH} CMAKE_PREFIX_PATH=/home/developer/aerostack2_ws/install/as2_core:/home/developer/aerostack2_ws/install/as2_msgs:/opt/ros/humble LD_LIBRARY_PATH=/home/developer/aerostack2_ws/install/as2_core/lib:/home/developer/aerostack2_ws/install/as2_msgs/lib:${LD_LIBRARY_PATH} PYTHONPATH=/home/developer/aerostack2_ws/install/as2_core/local/lib/python3.10/dist-packages:/home/developer/aerostack2_ws/install/as2_msgs/local/lib/python3.10/dist-packages:${PYTHONPATH} /usr/bin/cmake --build /home/developer/aerostack2_ws/build/as2_gazebo_assets -- -j20 -l20
[34.800s] DEBUG:colcon.colcon_core.event_handler.log_command:Invoking command in '/home/developer/aerostack2_ws/build/as2_gazebo_assets': AMENT_PREFIX_PATH=/home/developer/aerostack2_ws/install/as2_core:/home/developer/aerostack2_ws/install/as2_msgs:${AMENT_PREFIX_PATH} CMAKE_PREFIX_PATH=/home/developer/aerostack2_ws/install/as2_core:/home/developer/aerostack2_ws/install/as2_msgs:/opt/ros/humble LD_LIBRARY_PATH=/home/developer/aerostack2_ws/install/as2_core/lib:/home/developer/aerostack2_ws/install/as2_msgs/lib:${LD_LIBRARY_PATH} PYTHONPATH=/home/developer/aerostack2_ws/install/as2_core/local/lib/python3.10/dist-packages:/home/developer/aerostack2_ws/install/as2_msgs/local/lib/python3.10/dist-packages:${PYTHONPATH} /usr/bin/cmake --install /home/developer/aerostack2_ws/build/as2_gazebo_assets
[36.441s] Level 1:colcon.colcon_core.environment:create_environment_scripts_only(as2_gazebo_assets)
[36.441s] Level 1:colcon.colcon_core.environment:checking '/home/developer/aerostack2_ws/install/as2_gazebo_assets' for CMake module files
[36.441s] DEBUG:colcon.colcon_core.event_handler.log_command:Invoked command in '/home/developer/aerostack2_ws/build/as2_gazebo_assets' returned '0': AMENT_PREFIX_PATH=/home/developer/aerostack2_ws/install/as2_core:/home/developer/aerostack2_ws/install/as2_msgs:${AMENT_PREFIX_PATH} CMAKE_PREFIX_PATH=/home/developer/aerostack2_ws/install/as2_core:/home/developer/aerostack2_ws/install/as2_msgs:/opt/ros/humble LD_LIBRARY_PATH=/home/developer/aerostack2_ws/install/as2_core/lib:/home/developer/aerostack2_ws/install/as2_msgs/lib:${LD_LIBRARY_PATH} PYTHONPATH=/home/developer/aerostack2_ws/install/as2_core/local/lib/python3.10/dist-packages:/home/developer/aerostack2_ws/install/as2_msgs/local/lib/python3.10/dist-packages:${PYTHONPATH} /usr/bin/cmake --install /home/developer/aerostack2_ws/build/as2_gazebo_assets
[36.441s] Level 1:colcon.colcon_core.environment:checking '/home/developer/aerostack2_ws/install/as2_gazebo_assets' for CMake config files
[36.442s] Level 1:colcon.colcon_core.shell:create_environment_hook('as2_gazebo_assets', 'cmake_prefix_path')
[36.442s] INFO:colcon.colcon_core.shell:Creating environment hook '/home/developer/aerostack2_ws/install/as2_gazebo_assets/share/as2_gazebo_assets/hook/cmake_prefix_path.ps1'
[36.442s] INFO:colcon.colcon_core.shell:Creating environment descriptor '/home/developer/aerostack2_ws/install/as2_gazebo_assets/share/as2_gazebo_assets/hook/cmake_prefix_path.dsv'
[36.443s] INFO:colcon.colcon_core.shell:Creating environment hook '/home/developer/aerostack2_ws/install/as2_gazebo_assets/share/as2_gazebo_assets/hook/cmake_prefix_path.sh'
[36.443s] Level 1:colcon.colcon_core.environment:checking '/home/developer/aerostack2_ws/install/as2_gazebo_assets/lib'
[36.443s] Level 1:colcon.colcon_core.shell:create_environment_hook('as2_gazebo_assets', 'ld_library_path_lib')
[36.443s] INFO:colcon.colcon_core.shell:Creating environment hook '/home/developer/aerostack2_ws/install/as2_gazebo_assets/share/as2_gazebo_assets/hook/ld_library_path_lib.ps1'
[36.443s] INFO:colcon.colcon_core.shell:Creating environment descriptor '/home/developer/aerostack2_ws/install/as2_gazebo_assets/share/as2_gazebo_assets/hook/ld_library_path_lib.dsv'
[36.444s] INFO:colcon.colcon_core.shell:Creating environment hook '/home/developer/aerostack2_ws/install/as2_gazebo_assets/share/as2_gazebo_assets/hook/ld_library_path_lib.sh'
[36.444s] Level 1:colcon.colcon_core.environment:checking '/home/developer/aerostack2_ws/install/as2_gazebo_assets/bin'
[36.444s] Level 1:colcon.colcon_core.environment:checking '/home/developer/aerostack2_ws/install/as2_gazebo_assets/lib/pkgconfig/as2_gazebo_assets.pc'
[36.444s] Level 1:colcon.colcon_core.environment:checking '/home/developer/aerostack2_ws/install/as2_gazebo_assets/lib/python3.10/site-packages'
[36.444s] Level 1:colcon.colcon_core.environment:checking '/home/developer/aerostack2_ws/install/as2_gazebo_assets/bin'
[36.444s] INFO:colcon.colcon_core.shell:Creating package script '/home/developer/aerostack2_ws/install/as2_gazebo_assets/share/as2_gazebo_assets/package.ps1'
[36.445s] INFO:colcon.colcon_core.shell:Creating package descriptor '/home/developer/aerostack2_ws/install/as2_gazebo_assets/share/as2_gazebo_assets/package.dsv'
[36.445s] INFO:colcon.colcon_core.shell:Creating package script '/home/developer/aerostack2_ws/install/as2_gazebo_assets/share/as2_gazebo_assets/package.sh'
[36.445s] INFO:colcon.colcon_core.shell:Creating package script '/home/developer/aerostack2_ws/install/as2_gazebo_assets/share/as2_gazebo_assets/package.bash'
[36.446s] INFO:colcon.colcon_core.shell:Creating package script '/home/developer/aerostack2_ws/install/as2_gazebo_assets/share/as2_gazebo_assets/package.zsh'
[36.446s] Level 1:colcon.colcon_core.environment:create_file_with_runtime_dependencies(/home/developer/aerostack2_ws/install/as2_gazebo_assets/share/colcon-core/packages/as2_gazebo_assets)
[36.446s] Level 1:colcon.colcon_core.environment:create_environment_scripts_only(as2_gazebo_assets)
[36.446s] Level 1:colcon.colcon_core.environment:checking '/home/developer/aerostack2_ws/install/as2_gazebo_assets' for CMake module files
[36.447s] Level 1:colcon.colcon_core.environment:checking '/home/developer/aerostack2_ws/install/as2_gazebo_assets' for CMake config files
[36.447s] Level 1:colcon.colcon_core.shell:create_environment_hook('as2_gazebo_assets', 'cmake_prefix_path')
[36.447s] INFO:colcon.colcon_core.shell:Creating environment hook '/home/developer/aerostack2_ws/install/as2_gazebo_assets/share/as2_gazebo_assets/hook/cmake_prefix_path.ps1'
[36.447s] INFO:colcon.colcon_core.shell:Creating environment descriptor '/home/developer/aerostack2_ws/install/as2_gazebo_assets/share/as2_gazebo_assets/hook/cmake_prefix_path.dsv'
[36.447s] INFO:colcon.colcon_core.shell:Creating environment hook '/home/developer/aerostack2_ws/install/as2_gazebo_assets/share/as2_gazebo_assets/hook/cmake_prefix_path.sh'
[36.448s] Level 1:colcon.colcon_core.environment:checking '/home/developer/aerostack2_ws/install/as2_gazebo_assets/lib'
[36.448s] Level 1:colcon.colcon_core.shell:create_environment_hook('as2_gazebo_assets', 'ld_library_path_lib')
[36.448s] INFO:colcon.colcon_core.shell:Creating environment hook '/home/developer/aerostack2_ws/install/as2_gazebo_assets/share/as2_gazebo_assets/hook/ld_library_path_lib.ps1'
[36.448s] INFO:colcon.colcon_core.shell:Creating environment descriptor '/home/developer/aerostack2_ws/install/as2_gazebo_assets/share/as2_gazebo_assets/hook/ld_library_path_lib.dsv'
[36.448s] INFO:colcon.colcon_core.shell:Creating environment hook '/home/developer/aerostack2_ws/install/as2_gazebo_assets/share/as2_gazebo_assets/hook/ld_library_path_lib.sh'
[36.448s] Level 1:colcon.colcon_core.environment:checking '/home/developer/aerostack2_ws/install/as2_gazebo_assets/bin'
[36.448s] Level 1:colcon.colcon_core.environment:checking '/home/developer/aerostack2_ws/install/as2_gazebo_assets/lib/pkgconfig/as2_gazebo_assets.pc'
[36.448s] Level 1:colcon.colcon_core.environment:checking '/home/developer/aerostack2_ws/install/as2_gazebo_assets/lib/python3.10/site-packages'
[36.449s] Level 1:colcon.colcon_core.environment:checking '/home/developer/aerostack2_ws/install/as2_gazebo_assets/bin'
[36.449s] INFO:colcon.colcon_core.shell:Creating package script '/home/developer/aerostack2_ws/install/as2_gazebo_assets/share/as2_gazebo_assets/package.ps1'
[36.449s] INFO:colcon.colcon_core.shell:Creating package descriptor '/home/developer/aerostack2_ws/install/as2_gazebo_assets/share/as2_gazebo_assets/package.dsv'
[36.449s] INFO:colcon.colcon_core.shell:Creating package script '/home/developer/aerostack2_ws/install/as2_gazebo_assets/share/as2_gazebo_assets/package.sh'
[36.449s] INFO:colcon.colcon_core.shell:Creating package script '/home/developer/aerostack2_ws/install/as2_gazebo_assets/share/as2_gazebo_assets/package.bash'
[36.450s] INFO:colcon.colcon_core.shell:Creating package script '/home/developer/aerostack2_ws/install/as2_gazebo_assets/share/as2_gazebo_assets/package.zsh'
[36.450s] Level 1:colcon.colcon_core.environment:create_file_with_runtime_dependencies(/home/developer/aerostack2_ws/install/as2_gazebo_assets/share/colcon-core/packages/as2_gazebo_assets)
[36.450s] INFO:colcon.colcon_ros.task.ament_python.build:Building ROS package in '/home/developer/aerostack2_ws/src/aerostack2-tcc_lucca/as2_python_api' with build type 'ament_python'
[36.450s] Level 1:colcon.colcon_core.shell:create_environment_hook('as2_python_api', 'ament_prefix_path')
[36.450s] INFO:colcon.colcon_core.shell:Creating environment hook '/home/developer/aerostack2_ws/install/as2_python_api/share/as2_python_api/hook/ament_prefix_path.ps1'
[36.451s] INFO:colcon.colcon_core.shell:Creating environment descriptor '/home/developer/aerostack2_ws/install/as2_python_api/share/as2_python_api/hook/ament_prefix_path.dsv'
[36.451s] INFO:colcon.colcon_core.shell:Creating environment hook '/home/developer/aerostack2_ws/install/as2_python_api/share/as2_python_api/hook/ament_prefix_path.sh'
[36.451s] INFO:colcon.colcon_core.shell:Skip shell extension 'powershell' for command environment: Not usable outside of PowerShell
[36.451s] DEBUG:colcon.colcon_core.shell:Skip shell extension 'dsv' for command environment
[36.710s] INFO:colcon.colcon_core.task.python.build:Building Python package in '/home/developer/aerostack2_ws/src/aerostack2-tcc_lucca/as2_python_api'
[36.710s] INFO:colcon.colcon_core.shell:Skip shell extension 'powershell' for command environment: Not usable outside of PowerShell
[36.710s] DEBUG:colcon.colcon_core.shell:Skip shell extension 'dsv' for command environment
[36.970s] DEBUG:colcon.colcon_core.event_handler.log_command:Invoking command in '/home/developer/aerostack2_ws/build/as2_python_api': AMENT_PREFIX_PATH=/home/developer/aerostack2_ws/install/as2_motion_reference_handlers:/home/developer/aerostack2_ws/install/as2_core:/home/developer/aerostack2_ws/install/as2_msgs:${AMENT_PREFIX_PATH} CMAKE_PREFIX_PATH=/home/developer/aerostack2_ws/install/as2_motion_reference_handlers:/home/developer/aerostack2_ws/install/as2_core:/home/developer/aerostack2_ws/install/as2_msgs LD_LIBRARY_PATH=/home/developer/aerostack2_ws/install/as2_motion_reference_handlers/lib:/home/developer/aerostack2_ws/install/as2_core/lib:/home/developer/aerostack2_ws/install/as2_msgs/lib:${LD_LIBRARY_PATH} PYTHONPATH=/home/developer/aerostack2_ws/build/as2_python_api/prefix_override:/usr/lib/python3/dist-packages/colcon_core/task/python/colcon_distutils_commands:/home/developer/aerostack2_ws/install/as2_python_api/lib/python3.10/site-packages:/home/developer/aerostack2_ws/install/as2_motion_reference_handlers/local/lib/python3.10/dist-packages:/home/developer/aerostack2_ws/install/as2_core/local/lib/python3.10/dist-packages:/home/developer/aerostack2_ws/install/as2_msgs/local/lib/python3.10/dist-packages:${PYTHONPATH} /usr/bin/python3 -W ignore:setup.py install is deprecated -W ignore:easy_install command is deprecated setup.py develop --editable --build-directory /home/developer/aerostack2_ws/build/as2_python_api/build --no-deps symlink_data
[37.202s] Level 1:colcon.colcon_core.shell:create_environment_hook('as2_python_api', 'pythonpath_develop')
[37.202s] INFO:colcon.colcon_core.shell:Creating environment hook '/home/developer/aerostack2_ws/build/as2_python_api/share/as2_python_api/hook/pythonpath_develop.ps1'
[37.203s] DEBUG:colcon.colcon_core.event_handler.log_command:Invoked command in '/home/developer/aerostack2_ws/build/as2_python_api' returned '0': AMENT_PREFIX_PATH=/home/developer/aerostack2_ws/install/as2_motion_reference_handlers:/home/developer/aerostack2_ws/install/as2_core:/home/developer/aerostack2_ws/install/as2_msgs:${AMENT_PREFIX_PATH} CMAKE_PREFIX_PATH=/home/developer/aerostack2_ws/install/as2_motion_reference_handlers:/home/developer/aerostack2_ws/install/as2_core:/home/developer/aerostack2_ws/install/as2_msgs LD_LIBRARY_PATH=/home/developer/aerostack2_ws/install/as2_motion_reference_handlers/lib:/home/developer/aerostack2_ws/install/as2_core/lib:/home/developer/aerostack2_ws/install/as2_msgs/lib:${LD_LIBRARY_PATH} PYTHONPATH=/home/developer/aerostack2_ws/build/as2_python_api/prefix_override:/usr/lib/python3/dist-packages/colcon_core/task/python/colcon_distutils_commands:/home/developer/aerostack2_ws/install/as2_python_api/lib/python3.10/site-packages:/home/developer/aerostack2_ws/install/as2_motion_reference_handlers/local/lib/python3.10/dist-packages:/home/developer/aerostack2_ws/install/as2_core/local/lib/python3.10/dist-packages:/home/developer/aerostack2_ws/install/as2_msgs/local/lib/python3.10/dist-packages:${PYTHONPATH} /usr/bin/python3 -W ignore:setup.py install is deprecated -W ignore:easy_install command is deprecated setup.py develop --editable --build-directory /home/developer/aerostack2_ws/build/as2_python_api/build --no-deps symlink_data
[37.203s] INFO:colcon.colcon_core.shell:Creating environment descriptor '/home/developer/aerostack2_ws/build/as2_python_api/share/as2_python_api/hook/pythonpath_develop.dsv'
[37.203s] INFO:colcon.colcon_core.shell:Creating environment hook '/home/developer/aerostack2_ws/build/as2_python_api/share/as2_python_api/hook/pythonpath_develop.sh'
[37.203s] Level 1:colcon.colcon_core.environment:checking '/home/developer/aerostack2_ws/install/as2_python_api' for CMake module files
[37.204s] Level 1:colcon.colcon_core.environment:checking '/home/developer/aerostack2_ws/install/as2_python_api' for CMake config files
[37.204s] Level 1:colcon.colcon_core.environment:checking '/home/developer/aerostack2_ws/install/as2_python_api/lib'
[37.204s] Level 1:colcon.colcon_core.environment:checking '/home/developer/aerostack2_ws/install/as2_python_api/bin'
[37.204s] Level 1:colcon.colcon_core.environment:checking '/home/developer/aerostack2_ws/install/as2_python_api/lib/pkgconfig/as2_python_api.pc'
[37.204s] Level 1:colcon.colcon_core.environment:checking '/home/developer/aerostack2_ws/install/as2_python_api/lib/python3.10/site-packages'
[37.204s] Level 1:colcon.colcon_core.shell:create_environment_hook('as2_python_api', 'pythonpath')
[37.204s] INFO:colcon.colcon_core.shell:Creating environment hook '/home/developer/aerostack2_ws/install/as2_python_api/share/as2_python_api/hook/pythonpath.ps1'
[37.204s] INFO:colcon.colcon_core.shell:Creating environment descriptor '/home/developer/aerostack2_ws/install/as2_python_api/share/as2_python_api/hook/pythonpath.dsv'
[37.204s] INFO:colcon.colcon_core.shell:Creating environment hook '/home/developer/aerostack2_ws/install/as2_python_api/share/as2_python_api/hook/pythonpath.sh'
[37.205s] Level 1:colcon.colcon_core.environment:checking '/home/developer/aerostack2_ws/install/as2_python_api/bin'
[37.205s] Level 1:colcon.colcon_core.environment:create_environment_scripts_only(as2_python_api)
[37.205s] INFO:colcon.colcon_core.shell:Creating package script '/home/developer/aerostack2_ws/install/as2_python_api/share/as2_python_api/package.ps1'
[37.205s] INFO:colcon.colcon_core.shell:Creating package descriptor '/home/developer/aerostack2_ws/install/as2_python_api/share/as2_python_api/package.dsv'
[37.205s] INFO:colcon.colcon_core.shell:Creating package script '/home/developer/aerostack2_ws/install/as2_python_api/share/as2_python_api/package.sh'
[37.206s] INFO:colcon.colcon_core.shell:Creating package script '/home/developer/aerostack2_ws/install/as2_python_api/share/as2_python_api/package.bash'
[37.206s] INFO:colcon.colcon_core.shell:Creating package script '/home/developer/aerostack2_ws/install/as2_python_api/share/as2_python_api/package.zsh'
[37.206s] Level 1:colcon.colcon_core.environment:create_file_with_runtime_dependencies(/home/developer/aerostack2_ws/install/as2_python_api/share/colcon-core/packages/as2_python_api)
[37.206s] INFO:colcon.colcon_ros.task.ament_cmake.build:Building ROS package in '/home/developer/aerostack2_ws/src/aerostack2-tcc_lucca/as2_cli' with build type 'ament_cmake'
[37.206s] INFO:colcon.colcon_cmake.task.cmake.build:Building CMake package in '/home/developer/aerostack2_ws/src/aerostack2-tcc_lucca/as2_cli'
[37.206s] INFO:colcon.colcon_core.shell:Skip shell extension 'powershell' for command environment: Not usable outside of PowerShell
[37.206s] DEBUG:colcon.colcon_core.shell:Skip shell extension 'dsv' for command environment
[37.212s] DEBUG:colcon.colcon_core.event_handler.log_command:Invoking command in '/home/developer/aerostack2_ws/build/as2_cli': CMAKE_PREFIX_PATH=/opt/ros/humble /usr/bin/cmake --build /home/developer/aerostack2_ws/build/as2_cli -- -j20 -l20
[37.237s] DEBUG:colcon.colcon_core.event_handler.log_command:Invoked command in '/home/developer/aerostack2_ws/build/as2_cli' returned '0': CMAKE_PREFIX_PATH=/opt/ros/humble /usr/bin/cmake --build /home/developer/aerostack2_ws/build/as2_cli -- -j20 -l20
[37.239s] DEBUG:colcon.colcon_core.event_handler.log_command:Invoking command in '/home/developer/aerostack2_ws/build/as2_cli': CMAKE_PREFIX_PATH=/opt/ros/humble /usr/bin/cmake --install /home/developer/aerostack2_ws/build/as2_cli
[37.253s] Level 1:colcon.colcon_core.environment:create_environment_scripts_only(as2_cli)
[37.253s] Level 1:colcon.colcon_core.environment:checking '/home/developer/aerostack2_ws/install/as2_cli' for CMake module files
[37.253s] DEBUG:colcon.colcon_core.event_handler.log_command:Invoked command in '/home/developer/aerostack2_ws/build/as2_cli' returned '0': CMAKE_PREFIX_PATH=/opt/ros/humble /usr/bin/cmake --install /home/developer/aerostack2_ws/build/as2_cli
[37.253s] Level 1:colcon.colcon_core.environment:checking '/home/developer/aerostack2_ws/install/as2_cli' for CMake config files
[37.254s] Level 1:colcon.colcon_core.shell:create_environment_hook('as2_cli', 'cmake_prefix_path')
[37.254s] INFO:colcon.colcon_core.shell:Creating environment hook '/home/developer/aerostack2_ws/install/as2_cli/share/as2_cli/hook/cmake_prefix_path.ps1'
[37.254s] INFO:colcon.colcon_core.shell:Creating environment descriptor '/home/developer/aerostack2_ws/install/as2_cli/share/as2_cli/hook/cmake_prefix_path.dsv'
[37.254s] INFO:colcon.colcon_core.shell:Creating environment hook '/home/developer/aerostack2_ws/install/as2_cli/share/as2_cli/hook/cmake_prefix_path.sh'
[37.254s] Level 1:colcon.colcon_core.environment:checking '/home/developer/aerostack2_ws/install/as2_cli/bin'
[37.254s] Level 1:colcon.colcon_core.environment:checking '/home/developer/aerostack2_ws/install/as2_cli/lib/pkgconfig/as2_cli.pc'
[37.255s] Level 1:colcon.colcon_core.environment:checking '/home/developer/aerostack2_ws/install/as2_cli/lib/python3.10/site-packages'
[37.255s] Level 1:colcon.colcon_core.environment:checking '/home/developer/aerostack2_ws/install/as2_cli/bin'
[37.255s] INFO:colcon.colcon_core.shell:Creating package script '/home/developer/aerostack2_ws/install/as2_cli/share/as2_cli/package.ps1'
[37.255s] INFO:colcon.colcon_core.shell:Creating package descriptor '/home/developer/aerostack2_ws/install/as2_cli/share/as2_cli/package.dsv'
[37.255s] INFO:colcon.colcon_core.shell:Creating package script '/home/developer/aerostack2_ws/install/as2_cli/share/as2_cli/package.sh'
[37.256s] INFO:colcon.colcon_core.shell:Creating package script '/home/developer/aerostack2_ws/install/as2_cli/share/as2_cli/package.bash'
[37.256s] INFO:colcon.colcon_core.shell:Creating package script '/home/developer/aerostack2_ws/install/as2_cli/share/as2_cli/package.zsh'
[37.256s] Level 1:colcon.colcon_core.environment:create_file_with_runtime_dependencies(/home/developer/aerostack2_ws/install/as2_cli/share/colcon-core/packages/as2_cli)
[37.256s] Level 1:colcon.colcon_core.environment:create_environment_scripts_only(as2_cli)
[37.256s] Level 1:colcon.colcon_core.environment:checking '/home/developer/aerostack2_ws/install/as2_cli' for CMake module files
[37.257s] Level 1:colcon.colcon_core.environment:checking '/home/developer/aerostack2_ws/install/as2_cli' for CMake config files
[37.257s] Level 1:colcon.colcon_core.shell:create_environment_hook('as2_cli', 'cmake_prefix_path')
[37.257s] INFO:colcon.colcon_core.shell:Creating environment hook '/home/developer/aerostack2_ws/install/as2_cli/share/as2_cli/hook/cmake_prefix_path.ps1'
[37.257s] INFO:colcon.colcon_core.shell:Creating environment descriptor '/home/developer/aerostack2_ws/install/as2_cli/share/as2_cli/hook/cmake_prefix_path.dsv'
[37.257s] INFO:colcon.colcon_core.shell:Creating environment hook '/home/developer/aerostack2_ws/install/as2_cli/share/as2_cli/hook/cmake_prefix_path.sh'
[37.257s] Level 1:colcon.colcon_core.environment:checking '/home/developer/aerostack2_ws/install/as2_cli/bin'
[37.257s] Level 1:colcon.colcon_core.environment:checking '/home/developer/aerostack2_ws/install/as2_cli/lib/pkgconfig/as2_cli.pc'
[37.258s] Level 1:colcon.colcon_core.environment:checking '/home/developer/aerostack2_ws/install/as2_cli/lib/python3.10/site-packages'
[37.258s] Level 1:colcon.colcon_core.environment:checking '/home/developer/aerostack2_ws/install/as2_cli/bin'
[37.258s] INFO:colcon.colcon_core.shell:Creating package script '/home/developer/aerostack2_ws/install/as2_cli/share/as2_cli/package.ps1'
[37.258s] INFO:colcon.colcon_core.shell:Creating package descriptor '/home/developer/aerostack2_ws/install/as2_cli/share/as2_cli/package.dsv'
[37.258s] INFO:colcon.colcon_core.shell:Creating package script '/home/developer/aerostack2_ws/install/as2_cli/share/as2_cli/package.sh'
[37.259s] INFO:colcon.colcon_core.shell:Creating package script '/home/developer/aerostack2_ws/install/as2_cli/share/as2_cli/package.bash'
[37.259s] INFO:colcon.colcon_core.shell:Creating package script '/home/developer/aerostack2_ws/install/as2_cli/share/as2_cli/package.zsh'
[37.259s] Level 1:colcon.colcon_core.environment:create_file_with_runtime_dependencies(/home/developer/aerostack2_ws/install/as2_cli/share/colcon-core/packages/as2_cli)
[37.259s] INFO:colcon.colcon_ros.task.ament_cmake.build:Building ROS package in '/home/developer/aerostack2_ws/src/aerostack2-tcc_lucca/as2_user_interfaces/as2_alphanumeric_viewer' with build type 'ament_cmake'
[37.259s] INFO:colcon.colcon_cmake.task.cmake.build:Building CMake package in '/home/developer/aerostack2_ws/src/aerostack2-tcc_lucca/as2_user_interfaces/as2_alphanumeric_viewer'
[37.259s] INFO:colcon.colcon_core.shell:Skip shell extension 'powershell' for command environment: Not usable outside of PowerShell
[37.259s] DEBUG:colcon.colcon_core.shell:Skip shell extension 'dsv' for command environment
[37.269s] DEBUG:colcon.colcon_core.event_handler.log_command:Invoking command in '/home/developer/aerostack2_ws/build/as2_alphanumeric_viewer': AMENT_PREFIX_PATH=/home/developer/aerostack2_ws/install/as2_core:/home/developer/aerostack2_ws/install/as2_msgs:${AMENT_PREFIX_PATH} CMAKE_PREFIX_PATH=/home/developer/aerostack2_ws/install/as2_core:/home/developer/aerostack2_ws/install/as2_msgs:/opt/ros/humble LD_LIBRARY_PATH=/home/developer/aerostack2_ws/install/as2_core/lib:/home/developer/aerostack2_ws/install/as2_msgs/lib:${LD_LIBRARY_PATH} PYTHONPATH=/home/developer/aerostack2_ws/install/as2_core/local/lib/python3.10/dist-packages:/home/developer/aerostack2_ws/install/as2_msgs/local/lib/python3.10/dist-packages:${PYTHONPATH} /usr/bin/cmake --build /home/developer/aerostack2_ws/build/as2_alphanumeric_viewer -- -j20 -l20
[57.530s] DEBUG:colcon.colcon_core.event_handler.log_command:Invoked command in '/home/developer/aerostack2_ws/build/as2_alphanumeric_viewer' returned '0': AMENT_PREFIX_PATH=/home/developer/aerostack2_ws/install/as2_core:/home/developer/aerostack2_ws/install/as2_msgs:${AMENT_PREFIX_PATH} CMAKE_PREFIX_PATH=/home/developer/aerostack2_ws/install/as2_core:/home/developer/aerostack2_ws/install/as2_msgs:/opt/ros/humble LD_LIBRARY_PATH=/home/developer/aerostack2_ws/install/as2_core/lib:/home/developer/aerostack2_ws/install/as2_msgs/lib:${LD_LIBRARY_PATH} PYTHONPATH=/home/developer/aerostack2_ws/install/as2_core/local/lib/python3.10/dist-packages:/home/developer/aerostack2_ws/install/as2_msgs/local/lib/python3.10/dist-packages:${PYTHONPATH} /usr/bin/cmake --build /home/developer/aerostack2_ws/build/as2_alphanumeric_viewer -- -j20 -l20
[57.532s] DEBUG:colcon.colcon_core.event_handler.log_command:Invoking command in '/home/developer/aerostack2_ws/build/as2_alphanumeric_viewer': AMENT_PREFIX_PATH=/home/developer/aerostack2_ws/install/as2_core:/home/developer/aerostack2_ws/install/as2_msgs:${AMENT_PREFIX_PATH} CMAKE_PREFIX_PATH=/home/developer/aerostack2_ws/install/as2_core:/home/developer/aerostack2_ws/install/as2_msgs:/opt/ros/humble LD_LIBRARY_PATH=/home/developer/aerostack2_ws/install/as2_core/lib:/home/developer/aerostack2_ws/install/as2_msgs/lib:${LD_LIBRARY_PATH} PYTHONPATH=/home/developer/aerostack2_ws/install/as2_core/local/lib/python3.10/dist-packages:/home/developer/aerostack2_ws/install/as2_msgs/local/lib/python3.10/dist-packages:${PYTHONPATH} /usr/bin/cmake --install /home/developer/aerostack2_ws/build/as2_alphanumeric_viewer
[57.642s] Level 1:colcon.colcon_core.environment:create_environment_scripts_only(as2_alphanumeric_viewer)
[57.642s] Level 1:colcon.colcon_core.environment:checking '/home/developer/aerostack2_ws/install/as2_alphanumeric_viewer' for CMake module files
[57.642s] DEBUG:colcon.colcon_core.event_handler.log_command:Invoked command in '/home/developer/aerostack2_ws/build/as2_alphanumeric_viewer' returned '0': AMENT_PREFIX_PATH=/home/developer/aerostack2_ws/install/as2_core:/home/developer/aerostack2_ws/install/as2_msgs:${AMENT_PREFIX_PATH} CMAKE_PREFIX_PATH=/home/developer/aerostack2_ws/install/as2_core:/home/developer/aerostack2_ws/install/as2_msgs:/opt/ros/humble LD_LIBRARY_PATH=/home/developer/aerostack2_ws/install/as2_core/lib:/home/developer/aerostack2_ws/install/as2_msgs/lib:${LD_LIBRARY_PATH} PYTHONPATH=/home/developer/aerostack2_ws/install/as2_core/local/lib/python3.10/dist-packages:/home/developer/aerostack2_ws/install/as2_msgs/local/lib/python3.10/dist-packages:${PYTHONPATH} /usr/bin/cmake --install /home/developer/aerostack2_ws/build/as2_alphanumeric_viewer
[57.643s] Level 1:colcon.colcon_core.environment:checking '/home/developer/aerostack2_ws/install/as2_alphanumeric_viewer' for CMake config files
[57.643s] Level 1:colcon.colcon_core.shell:create_environment_hook('as2_alphanumeric_viewer', 'cmake_prefix_path')
[57.643s] INFO:colcon.colcon_core.shell:Creating environment hook '/home/developer/aerostack2_ws/install/as2_alphanumeric_viewer/share/as2_alphanumeric_viewer/hook/cmake_prefix_path.ps1'
[57.644s] INFO:colcon.colcon_core.shell:Creating environment descriptor '/home/developer/aerostack2_ws/install/as2_alphanumeric_viewer/share/as2_alphanumeric_viewer/hook/cmake_prefix_path.dsv'
[57.644s] INFO:colcon.colcon_core.shell:Creating environment hook '/home/developer/aerostack2_ws/install/as2_alphanumeric_viewer/share/as2_alphanumeric_viewer/hook/cmake_prefix_path.sh'
[57.645s] Level 1:colcon.colcon_core.environment:checking '/home/developer/aerostack2_ws/install/as2_alphanumeric_viewer/lib'
[57.645s] Level 1:colcon.colcon_core.environment:checking '/home/developer/aerostack2_ws/install/as2_alphanumeric_viewer/bin'
[57.645s] Level 1:colcon.colcon_core.environment:checking '/home/developer/aerostack2_ws/install/as2_alphanumeric_viewer/lib/pkgconfig/as2_alphanumeric_viewer.pc'
[57.645s] Level 1:colcon.colcon_core.environment:checking '/home/developer/aerostack2_ws/install/as2_alphanumeric_viewer/lib/python3.10/site-packages'
[57.645s] Level 1:colcon.colcon_core.environment:checking '/home/developer/aerostack2_ws/install/as2_alphanumeric_viewer/bin'
[57.645s] INFO:colcon.colcon_core.shell:Creating package script '/home/developer/aerostack2_ws/install/as2_alphanumeric_viewer/share/as2_alphanumeric_viewer/package.ps1'
[57.646s] INFO:colcon.colcon_core.shell:Creating package descriptor '/home/developer/aerostack2_ws/install/as2_alphanumeric_viewer/share/as2_alphanumeric_viewer/package.dsv'
[57.646s] INFO:colcon.colcon_core.shell:Creating package script '/home/developer/aerostack2_ws/install/as2_alphanumeric_viewer/share/as2_alphanumeric_viewer/package.sh'
[57.646s] INFO:colcon.colcon_core.shell:Creating package script '/home/developer/aerostack2_ws/install/as2_alphanumeric_viewer/share/as2_alphanumeric_viewer/package.bash'
[57.646s] INFO:colcon.colcon_core.shell:Creating package script '/home/developer/aerostack2_ws/install/as2_alphanumeric_viewer/share/as2_alphanumeric_viewer/package.zsh'
[57.646s] Level 1:colcon.colcon_core.environment:create_file_with_runtime_dependencies(/home/developer/aerostack2_ws/install/as2_alphanumeric_viewer/share/colcon-core/packages/as2_alphanumeric_viewer)
[57.646s] Level 1:colcon.colcon_core.environment:create_environment_scripts_only(as2_alphanumeric_viewer)
[57.647s] Level 1:colcon.colcon_core.environment:checking '/home/developer/aerostack2_ws/install/as2_alphanumeric_viewer' for CMake module files
[57.647s] Level 1:colcon.colcon_core.environment:checking '/home/developer/aerostack2_ws/install/as2_alphanumeric_viewer' for CMake config files
[57.647s] Level 1:colcon.colcon_core.shell:create_environment_hook('as2_alphanumeric_viewer', 'cmake_prefix_path')
[57.647s] INFO:colcon.colcon_core.shell:Creating environment hook '/home/developer/aerostack2_ws/install/as2_alphanumeric_viewer/share/as2_alphanumeric_viewer/hook/cmake_prefix_path.ps1'
[57.647s] INFO:colcon.colcon_core.shell:Creating environment descriptor '/home/developer/aerostack2_ws/install/as2_alphanumeric_viewer/share/as2_alphanumeric_viewer/hook/cmake_prefix_path.dsv'
[57.647s] INFO:colcon.colcon_core.shell:Creating environment hook '/home/developer/aerostack2_ws/install/as2_alphanumeric_viewer/share/as2_alphanumeric_viewer/hook/cmake_prefix_path.sh'
[57.648s] Level 1:colcon.colcon_core.environment:checking '/home/developer/aerostack2_ws/install/as2_alphanumeric_viewer/lib'
[57.648s] Level 1:colcon.colcon_core.environment:checking '/home/developer/aerostack2_ws/install/as2_alphanumeric_viewer/bin'
[57.648s] Level 1:colcon.colcon_core.environment:checking '/home/developer/aerostack2_ws/install/as2_alphanumeric_viewer/lib/pkgconfig/as2_alphanumeric_viewer.pc'
[57.648s] Level 1:colcon.colcon_core.environment:checking '/home/developer/aerostack2_ws/install/as2_alphanumeric_viewer/lib/python3.10/site-packages'
[57.648s] Level 1:colcon.colcon_core.environment:checking '/home/developer/aerostack2_ws/install/as2_alphanumeric_viewer/bin'
[57.648s] INFO:colcon.colcon_core.shell:Creating package script '/home/developer/aerostack2_ws/install/as2_alphanumeric_viewer/share/as2_alphanumeric_viewer/package.ps1'
[57.648s] INFO:colcon.colcon_core.shell:Creating package descriptor '/home/developer/aerostack2_ws/install/as2_alphanumeric_viewer/share/as2_alphanumeric_viewer/package.dsv'
[57.649s] INFO:colcon.colcon_core.shell:Creating package script '/home/developer/aerostack2_ws/install/as2_alphanumeric_viewer/share/as2_alphanumeric_viewer/package.sh'
[57.649s] INFO:colcon.colcon_core.shell:Creating package script '/home/developer/aerostack2_ws/install/as2_alphanumeric_viewer/share/as2_alphanumeric_viewer/package.bash'
[57.649s] INFO:colcon.colcon_core.shell:Creating package script '/home/developer/aerostack2_ws/install/as2_alphanumeric_viewer/share/as2_alphanumeric_viewer/package.zsh'
[57.649s] Level 1:colcon.colcon_core.environment:create_file_with_runtime_dependencies(/home/developer/aerostack2_ws/install/as2_alphanumeric_viewer/share/colcon-core/packages/as2_alphanumeric_viewer)
[57.649s] INFO:colcon.colcon_ros.task.ament_cmake.build:Building ROS package in '/home/developer/aerostack2_ws/src/aerostack2-tcc_lucca/as2_behavior_tree' with build type 'ament_cmake'
[57.649s] INFO:colcon.colcon_cmake.task.cmake.build:Building CMake package in '/home/developer/aerostack2_ws/src/aerostack2-tcc_lucca/as2_behavior_tree'
[57.650s] INFO:colcon.colcon_core.shell:Skip shell extension 'powershell' for command environment: Not usable outside of PowerShell
[57.650s] DEBUG:colcon.colcon_core.shell:Skip shell extension 'dsv' for command environment
[57.662s] DEBUG:colcon.colcon_core.event_handler.log_command:Invoking command in '/home/developer/aerostack2_ws/build/as2_behavior_tree': AMENT_PREFIX_PATH=/home/developer/aerostack2_ws/install/as2_core:/home/developer/aerostack2_ws/install/as2_msgs:${AMENT_PREFIX_PATH} CMAKE_PREFIX_PATH=/home/developer/aerostack2_ws/install/as2_core:/home/developer/aerostack2_ws/install/as2_msgs:/opt/ros/humble LD_LIBRARY_PATH=/home/developer/aerostack2_ws/install/as2_core/lib:/home/developer/aerostack2_ws/install/as2_msgs/lib:${LD_LIBRARY_PATH} PYTHONPATH=/home/developer/aerostack2_ws/install/as2_core/local/lib/python3.10/dist-packages:/home/developer/aerostack2_ws/install/as2_msgs/local/lib/python3.10/dist-packages:${PYTHONPATH} /usr/bin/cmake --build /home/developer/aerostack2_ws/build/as2_behavior_tree -- -j20 -l20
[84.448s] DEBUG:colcon.colcon_core.event_handler.log_command:Invoked command in '/home/developer/aerostack2_ws/build/as2_behavior_tree' returned '0': AMENT_PREFIX_PATH=/home/developer/aerostack2_ws/install/as2_core:/home/developer/aerostack2_ws/install/as2_msgs:${AMENT_PREFIX_PATH} CMAKE_PREFIX_PATH=/home/developer/aerostack2_ws/install/as2_core:/home/developer/aerostack2_ws/install/as2_msgs:/opt/ros/humble LD_LIBRARY_PATH=/home/developer/aerostack2_ws/install/as2_core/lib:/home/developer/aerostack2_ws/install/as2_msgs/lib:${LD_LIBRARY_PATH} PYTHONPATH=/home/developer/aerostack2_ws/install/as2_core/local/lib/python3.10/dist-packages:/home/developer/aerostack2_ws/install/as2_msgs/local/lib/python3.10/dist-packages:${PYTHONPATH} /usr/bin/cmake --build /home/developer/aerostack2_ws/build/as2_behavior_tree -- -j20 -l20
[84.449s] DEBUG:colcon.colcon_core.event_handler.log_command:Invoking command in '/home/developer/aerostack2_ws/build/as2_behavior_tree': AMENT_PREFIX_PATH=/home/developer/aerostack2_ws/install/as2_core:/home/developer/aerostack2_ws/install/as2_msgs:${AMENT_PREFIX_PATH} CMAKE_PREFIX_PATH=/home/developer/aerostack2_ws/install/as2_core:/home/developer/aerostack2_ws/install/as2_msgs:/opt/ros/humble LD_LIBRARY_PATH=/home/developer/aerostack2_ws/install/as2_core/lib:/home/developer/aerostack2_ws/install/as2_msgs/lib:${LD_LIBRARY_PATH} PYTHONPATH=/home/developer/aerostack2_ws/install/as2_core/local/lib/python3.10/dist-packages:/home/developer/aerostack2_ws/install/as2_msgs/local/lib/python3.10/dist-packages:${PYTHONPATH} /usr/bin/cmake --install /home/developer/aerostack2_ws/build/as2_behavior_tree
[84.786s] Level 1:colcon.colcon_core.environment:create_environment_scripts_only(as2_behavior_tree)
[84.786s] DEBUG:colcon.colcon_core.event_handler.log_command:Invoked command in '/home/developer/aerostack2_ws/build/as2_behavior_tree' returned '0': AMENT_PREFIX_PATH=/home/developer/aerostack2_ws/install/as2_core:/home/developer/aerostack2_ws/install/as2_msgs:${AMENT_PREFIX_PATH} CMAKE_PREFIX_PATH=/home/developer/aerostack2_ws/install/as2_core:/home/developer/aerostack2_ws/install/as2_msgs:/opt/ros/humble LD_LIBRARY_PATH=/home/developer/aerostack2_ws/install/as2_core/lib:/home/developer/aerostack2_ws/install/as2_msgs/lib:${LD_LIBRARY_PATH} PYTHONPATH=/home/developer/aerostack2_ws/install/as2_core/local/lib/python3.10/dist-packages:/home/developer/aerostack2_ws/install/as2_msgs/local/lib/python3.10/dist-packages:${PYTHONPATH} /usr/bin/cmake --install /home/developer/aerostack2_ws/build/as2_behavior_tree
[84.787s] Level 1:colcon.colcon_core.environment:checking '/home/developer/aerostack2_ws/install/as2_behavior_tree' for CMake module files
[84.787s] Level 1:colcon.colcon_core.environment:checking '/home/developer/aerostack2_ws/install/as2_behavior_tree' for CMake config files
[84.788s] Level 1:colcon.colcon_core.shell:create_environment_hook('as2_behavior_tree', 'cmake_prefix_path')
[84.788s] INFO:colcon.colcon_core.shell:Creating environment hook '/home/developer/aerostack2_ws/install/as2_behavior_tree/share/as2_behavior_tree/hook/cmake_prefix_path.ps1'
[84.789s] INFO:colcon.colcon_core.shell:Creating environment descriptor '/home/developer/aerostack2_ws/install/as2_behavior_tree/share/as2_behavior_tree/hook/cmake_prefix_path.dsv'
[84.789s] INFO:colcon.colcon_core.shell:Creating environment hook '/home/developer/aerostack2_ws/install/as2_behavior_tree/share/as2_behavior_tree/hook/cmake_prefix_path.sh'
[84.790s] Level 1:colcon.colcon_core.environment:checking '/home/developer/aerostack2_ws/install/as2_behavior_tree/lib'
[84.790s] Level 1:colcon.colcon_core.shell:create_environment_hook('as2_behavior_tree', 'ld_library_path_lib')
[84.790s] INFO:colcon.colcon_core.shell:Creating environment hook '/home/developer/aerostack2_ws/install/as2_behavior_tree/share/as2_behavior_tree/hook/ld_library_path_lib.ps1'
[84.790s] INFO:colcon.colcon_core.shell:Creating environment descriptor '/home/developer/aerostack2_ws/install/as2_behavior_tree/share/as2_behavior_tree/hook/ld_library_path_lib.dsv'
[84.790s] INFO:colcon.colcon_core.shell:Creating environment hook '/home/developer/aerostack2_ws/install/as2_behavior_tree/share/as2_behavior_tree/hook/ld_library_path_lib.sh'
[84.790s] Level 1:colcon.colcon_core.environment:checking '/home/developer/aerostack2_ws/install/as2_behavior_tree/bin'
[84.790s] Level 1:colcon.colcon_core.environment:checking '/home/developer/aerostack2_ws/install/as2_behavior_tree/lib/pkgconfig/as2_behavior_tree.pc'
[84.791s] Level 1:colcon.colcon_core.environment:checking '/home/developer/aerostack2_ws/install/as2_behavior_tree/lib/python3.10/site-packages'
[84.791s] Level 1:colcon.colcon_core.environment:checking '/home/developer/aerostack2_ws/install/as2_behavior_tree/bin'
[84.791s] INFO:colcon.colcon_core.shell:Creating package script '/home/developer/aerostack2_ws/install/as2_behavior_tree/share/as2_behavior_tree/package.ps1'
[84.791s] INFO:colcon.colcon_core.shell:Creating package descriptor '/home/developer/aerostack2_ws/install/as2_behavior_tree/share/as2_behavior_tree/package.dsv'
[84.792s] INFO:colcon.colcon_core.shell:Creating package script '/home/developer/aerostack2_ws/install/as2_behavior_tree/share/as2_behavior_tree/package.sh'
[84.792s] INFO:colcon.colcon_core.shell:Creating package script '/home/developer/aerostack2_ws/install/as2_behavior_tree/share/as2_behavior_tree/package.bash'
[84.792s] INFO:colcon.colcon_core.shell:Creating package script '/home/developer/aerostack2_ws/install/as2_behavior_tree/share/as2_behavior_tree/package.zsh'
[84.792s] Level 1:colcon.colcon_core.environment:create_file_with_runtime_dependencies(/home/developer/aerostack2_ws/install/as2_behavior_tree/share/colcon-core/packages/as2_behavior_tree)
[84.793s] Level 1:colcon.colcon_core.environment:create_environment_scripts_only(as2_behavior_tree)
[84.793s] Level 1:colcon.colcon_core.environment:checking '/home/developer/aerostack2_ws/install/as2_behavior_tree' for CMake module files
[84.793s] Level 1:colcon.colcon_core.environment:checking '/home/developer/aerostack2_ws/install/as2_behavior_tree' for CMake config files
[84.793s] Level 1:colcon.colcon_core.shell:create_environment_hook('as2_behavior_tree', 'cmake_prefix_path')
[84.793s] INFO:colcon.colcon_core.shell:Creating environment hook '/home/developer/aerostack2_ws/install/as2_behavior_tree/share/as2_behavior_tree/hook/cmake_prefix_path.ps1'
[84.793s] INFO:colcon.colcon_core.shell:Creating environment descriptor '/home/developer/aerostack2_ws/install/as2_behavior_tree/share/as2_behavior_tree/hook/cmake_prefix_path.dsv'
[84.794s] INFO:colcon.colcon_core.shell:Creating environment hook '/home/developer/aerostack2_ws/install/as2_behavior_tree/share/as2_behavior_tree/hook/cmake_prefix_path.sh'
[84.794s] Level 1:colcon.colcon_core.environment:checking '/home/developer/aerostack2_ws/install/as2_behavior_tree/lib'
[84.794s] Level 1:colcon.colcon_core.shell:create_environment_hook('as2_behavior_tree', 'ld_library_path_lib')
[84.794s] INFO:colcon.colcon_core.shell:Creating environment hook '/home/developer/aerostack2_ws/install/as2_behavior_tree/share/as2_behavior_tree/hook/ld_library_path_lib.ps1'
[84.794s] INFO:colcon.colcon_core.shell:Creating environment descriptor '/home/developer/aerostack2_ws/install/as2_behavior_tree/share/as2_behavior_tree/hook/ld_library_path_lib.dsv'
[84.794s] INFO:colcon.colcon_core.shell:Creating environment hook '/home/developer/aerostack2_ws/install/as2_behavior_tree/share/as2_behavior_tree/hook/ld_library_path_lib.sh'
[84.795s] Level 1:colcon.colcon_core.environment:checking '/home/developer/aerostack2_ws/install/as2_behavior_tree/bin'
[84.795s] Level 1:colcon.colcon_core.environment:checking '/home/developer/aerostack2_ws/install/as2_behavior_tree/lib/pkgconfig/as2_behavior_tree.pc'
[84.795s] Level 1:colcon.colcon_core.environment:checking '/home/developer/aerostack2_ws/install/as2_behavior_tree/lib/python3.10/site-packages'
[84.795s] Level 1:colcon.colcon_core.environment:checking '/home/developer/aerostack2_ws/install/as2_behavior_tree/bin'
[84.795s] INFO:colcon.colcon_core.shell:Creating package script '/home/developer/aerostack2_ws/install/as2_behavior_tree/share/as2_behavior_tree/package.ps1'
[84.795s] INFO:colcon.colcon_core.shell:Creating package descriptor '/home/developer/aerostack2_ws/install/as2_behavior_tree/share/as2_behavior_tree/package.dsv'
[84.796s] INFO:colcon.colcon_core.shell:Creating package script '/home/developer/aerostack2_ws/install/as2_behavior_tree/share/as2_behavior_tree/package.sh'
[84.796s] INFO:colcon.colcon_core.shell:Creating package script '/home/developer/aerostack2_ws/install/as2_behavior_tree/share/as2_behavior_tree/package.bash'
[84.796s] INFO:colcon.colcon_core.shell:Creating package script '/home/developer/aerostack2_ws/install/as2_behavior_tree/share/as2_behavior_tree/package.zsh'
[84.797s] Level 1:colcon.colcon_core.environment:create_file_with_runtime_dependencies(/home/developer/aerostack2_ws/install/as2_behavior_tree/share/colcon-core/packages/as2_behavior_tree)
[84.797s] INFO:colcon.colcon_ros.task.ament_cmake.build:Building ROS package in '/home/developer/aerostack2_ws/src/aerostack2-tcc_lucca/as2_utilities/as2_external_object_to_tf' with build type 'ament_cmake'
[84.797s] INFO:colcon.colcon_cmake.task.cmake.build:Building CMake package in '/home/developer/aerostack2_ws/src/aerostack2-tcc_lucca/as2_utilities/as2_external_object_to_tf'
[84.797s] INFO:colcon.colcon_core.shell:Skip shell extension 'powershell' for command environment: Not usable outside of PowerShell
[84.797s] DEBUG:colcon.colcon_core.shell:Skip shell extension 'dsv' for command environment
[84.810s] DEBUG:colcon.colcon_core.event_handler.log_command:Invoking command in '/home/developer/aerostack2_ws/build/as2_external_object_to_tf': AMENT_PREFIX_PATH=/home/developer/aerostack2_ws/install/as2_core:/home/developer/aerostack2_ws/install/as2_msgs:${AMENT_PREFIX_PATH} CMAKE_PREFIX_PATH=/home/developer/aerostack2_ws/install/as2_core:/home/developer/aerostack2_ws/install/as2_msgs:/opt/ros/humble LD_LIBRARY_PATH=/home/developer/aerostack2_ws/install/as2_core/lib:/home/developer/aerostack2_ws/install/as2_msgs/lib:${LD_LIBRARY_PATH} PYTHONPATH=/home/developer/aerostack2_ws/install/as2_core/local/lib/python3.10/dist-packages:/home/developer/aerostack2_ws/install/as2_msgs/local/lib/python3.10/dist-packages:${PYTHONPATH} /usr/bin/cmake --build /home/developer/aerostack2_ws/build/as2_external_object_to_tf -- -j20 -l20
[103.555s] DEBUG:colcon.colcon_core.event_handler.log_command:Invoked command in '/home/developer/aerostack2_ws/build/as2_external_object_to_tf' returned '0': AMENT_PREFIX_PATH=/home/developer/aerostack2_ws/install/as2_core:/home/developer/aerostack2_ws/install/as2_msgs:${AMENT_PREFIX_PATH} CMAKE_PREFIX_PATH=/home/developer/aerostack2_ws/install/as2_core:/home/developer/aerostack2_ws/install/as2_msgs:/opt/ros/humble LD_LIBRARY_PATH=/home/developer/aerostack2_ws/install/as2_core/lib:/home/developer/aerostack2_ws/install/as2_msgs/lib:${LD_LIBRARY_PATH} PYTHONPATH=/home/developer/aerostack2_ws/install/as2_core/local/lib/python3.10/dist-packages:/home/developer/aerostack2_ws/install/as2_msgs/local/lib/python3.10/dist-packages:${PYTHONPATH} /usr/bin/cmake --build /home/developer/aerostack2_ws/build/as2_external_object_to_tf -- -j20 -l20
[103.557s] DEBUG:colcon.colcon_core.event_handler.log_command:Invoking command in '/home/developer/aerostack2_ws/build/as2_external_object_to_tf': AMENT_PREFIX_PATH=/home/developer/aerostack2_ws/install/as2_core:/home/developer/aerostack2_ws/install/as2_msgs:${AMENT_PREFIX_PATH} CMAKE_PREFIX_PATH=/home/developer/aerostack2_ws/install/as2_core:/home/developer/aerostack2_ws/install/as2_msgs:/opt/ros/humble LD_LIBRARY_PATH=/home/developer/aerostack2_ws/install/as2_core/lib:/home/developer/aerostack2_ws/install/as2_msgs/lib:${LD_LIBRARY_PATH} PYTHONPATH=/home/developer/aerostack2_ws/install/as2_core/local/lib/python3.10/dist-packages:/home/developer/aerostack2_ws/install/as2_msgs/local/lib/python3.10/dist-packages:${PYTHONPATH} /usr/bin/cmake --install /home/developer/aerostack2_ws/build/as2_external_object_to_tf
[103.698s] Level 1:colcon.colcon_core.environment:create_environment_scripts_only(as2_external_object_to_tf)
[103.698s] Level 1:colcon.colcon_core.environment:checking '/home/developer/aerostack2_ws/install/as2_external_object_to_tf' for CMake module files
[103.698s] DEBUG:colcon.colcon_core.event_handler.log_command:Invoked command in '/home/developer/aerostack2_ws/build/as2_external_object_to_tf' returned '0': AMENT_PREFIX_PATH=/home/developer/aerostack2_ws/install/as2_core:/home/developer/aerostack2_ws/install/as2_msgs:${AMENT_PREFIX_PATH} CMAKE_PREFIX_PATH=/home/developer/aerostack2_ws/install/as2_core:/home/developer/aerostack2_ws/install/as2_msgs:/opt/ros/humble LD_LIBRARY_PATH=/home/developer/aerostack2_ws/install/as2_core/lib:/home/developer/aerostack2_ws/install/as2_msgs/lib:${LD_LIBRARY_PATH} PYTHONPATH=/home/developer/aerostack2_ws/install/as2_core/local/lib/python3.10/dist-packages:/home/developer/aerostack2_ws/install/as2_msgs/local/lib/python3.10/dist-packages:${PYTHONPATH} /usr/bin/cmake --install /home/developer/aerostack2_ws/build/as2_external_object_to_tf
[103.698s] Level 1:colcon.colcon_core.environment:checking '/home/developer/aerostack2_ws/install/as2_external_object_to_tf' for CMake config files
[103.699s] Level 1:colcon.colcon_core.shell:create_environment_hook('as2_external_object_to_tf', 'cmake_prefix_path')
[103.699s] INFO:colcon.colcon_core.shell:Creating environment hook '/home/developer/aerostack2_ws/install/as2_external_object_to_tf/share/as2_external_object_to_tf/hook/cmake_prefix_path.ps1'
[103.699s] INFO:colcon.colcon_core.shell:Creating environment descriptor '/home/developer/aerostack2_ws/install/as2_external_object_to_tf/share/as2_external_object_to_tf/hook/cmake_prefix_path.dsv'
[103.699s] INFO:colcon.colcon_core.shell:Creating environment hook '/home/developer/aerostack2_ws/install/as2_external_object_to_tf/share/as2_external_object_to_tf/hook/cmake_prefix_path.sh'
[103.699s] Level 1:colcon.colcon_core.environment:checking '/home/developer/aerostack2_ws/install/as2_external_object_to_tf/lib'
[103.699s] Level 1:colcon.colcon_core.environment:checking '/home/developer/aerostack2_ws/install/as2_external_object_to_tf/bin'
[103.699s] Level 1:colcon.colcon_core.environment:checking '/home/developer/aerostack2_ws/install/as2_external_object_to_tf/lib/pkgconfig/as2_external_object_to_tf.pc'
[103.700s] Level 1:colcon.colcon_core.environment:checking '/home/developer/aerostack2_ws/install/as2_external_object_to_tf/lib/python3.10/site-packages'
[103.700s] Level 1:colcon.colcon_core.environment:checking '/home/developer/aerostack2_ws/install/as2_external_object_to_tf/bin'
[103.700s] INFO:colcon.colcon_core.shell:Creating package script '/home/developer/aerostack2_ws/install/as2_external_object_to_tf/share/as2_external_object_to_tf/package.ps1'
[103.700s] INFO:colcon.colcon_core.shell:Creating package descriptor '/home/developer/aerostack2_ws/install/as2_external_object_to_tf/share/as2_external_object_to_tf/package.dsv'
[103.700s] INFO:colcon.colcon_core.shell:Creating package script '/home/developer/aerostack2_ws/install/as2_external_object_to_tf/share/as2_external_object_to_tf/package.sh'
[103.701s] INFO:colcon.colcon_core.shell:Creating package script '/home/developer/aerostack2_ws/install/as2_external_object_to_tf/share/as2_external_object_to_tf/package.bash'
[103.701s] INFO:colcon.colcon_core.shell:Creating package script '/home/developer/aerostack2_ws/install/as2_external_object_to_tf/share/as2_external_object_to_tf/package.zsh'
[103.701s] Level 1:colcon.colcon_core.environment:create_file_with_runtime_dependencies(/home/developer/aerostack2_ws/install/as2_external_object_to_tf/share/colcon-core/packages/as2_external_object_to_tf)
[103.701s] Level 1:colcon.colcon_core.environment:create_environment_scripts_only(as2_external_object_to_tf)
[103.701s] Level 1:colcon.colcon_core.environment:checking '/home/developer/aerostack2_ws/install/as2_external_object_to_tf' for CMake module files
[103.702s] Level 1:colcon.colcon_core.environment:checking '/home/developer/aerostack2_ws/install/as2_external_object_to_tf' for CMake config files
[103.702s] Level 1:colcon.colcon_core.shell:create_environment_hook('as2_external_object_to_tf', 'cmake_prefix_path')
[103.702s] INFO:colcon.colcon_core.shell:Creating environment hook '/home/developer/aerostack2_ws/install/as2_external_object_to_tf/share/as2_external_object_to_tf/hook/cmake_prefix_path.ps1'
[103.702s] INFO:colcon.colcon_core.shell:Creating environment descriptor '/home/developer/aerostack2_ws/install/as2_external_object_to_tf/share/as2_external_object_to_tf/hook/cmake_prefix_path.dsv'
[103.702s] INFO:colcon.colcon_core.shell:Creating environment hook '/home/developer/aerostack2_ws/install/as2_external_object_to_tf/share/as2_external_object_to_tf/hook/cmake_prefix_path.sh'
[103.702s] Level 1:colcon.colcon_core.environment:checking '/home/developer/aerostack2_ws/install/as2_external_object_to_tf/lib'
[103.702s] Level 1:colcon.colcon_core.environment:checking '/home/developer/aerostack2_ws/install/as2_external_object_to_tf/bin'
[103.702s] Level 1:colcon.colcon_core.environment:checking '/home/developer/aerostack2_ws/install/as2_external_object_to_tf/lib/pkgconfig/as2_external_object_to_tf.pc'
[103.703s] Level 1:colcon.colcon_core.environment:checking '/home/developer/aerostack2_ws/install/as2_external_object_to_tf/lib/python3.10/site-packages'
[103.703s] Level 1:colcon.colcon_core.environment:checking '/home/developer/aerostack2_ws/install/as2_external_object_to_tf/bin'
[103.703s] INFO:colcon.colcon_core.shell:Creating package script '/home/developer/aerostack2_ws/install/as2_external_object_to_tf/share/as2_external_object_to_tf/package.ps1'
[103.703s] INFO:colcon.colcon_core.shell:Creating package descriptor '/home/developer/aerostack2_ws/install/as2_external_object_to_tf/share/as2_external_object_to_tf/package.dsv'
[103.704s] INFO:colcon.colcon_core.shell:Creating package script '/home/developer/aerostack2_ws/install/as2_external_object_to_tf/share/as2_external_object_to_tf/package.sh'
[103.704s] INFO:colcon.colcon_core.shell:Creating package script '/home/developer/aerostack2_ws/install/as2_external_object_to_tf/share/as2_external_object_to_tf/package.bash'
[103.704s] INFO:colcon.colcon_core.shell:Creating package script '/home/developer/aerostack2_ws/install/as2_external_object_to_tf/share/as2_external_object_to_tf/package.zsh'
[103.704s] Level 1:colcon.colcon_core.environment:create_file_with_runtime_dependencies(/home/developer/aerostack2_ws/install/as2_external_object_to_tf/share/colcon-core/packages/as2_external_object_to_tf)
[103.704s] INFO:colcon.colcon_ros.task.ament_cmake.build:Building ROS package in '/home/developer/aerostack2_ws/src/aerostack2-tcc_lucca/as2_utilities/as2_geozones' with build type 'ament_cmake'
[103.704s] INFO:colcon.colcon_cmake.task.cmake.build:Building CMake package in '/home/developer/aerostack2_ws/src/aerostack2-tcc_lucca/as2_utilities/as2_geozones'
[103.705s] INFO:colcon.colcon_core.shell:Skip shell extension 'powershell' for command environment: Not usable outside of PowerShell
[103.705s] DEBUG:colcon.colcon_core.shell:Skip shell extension 'dsv' for command environment
[103.714s] DEBUG:colcon.colcon_core.event_handler.log_command:Invoking command in '/home/developer/aerostack2_ws/build/as2_geozones': AMENT_PREFIX_PATH=/home/developer/aerostack2_ws/install/as2_core:/home/developer/aerostack2_ws/install/as2_msgs:${AMENT_PREFIX_PATH} CMAKE_PREFIX_PATH=/home/developer/aerostack2_ws/install/as2_core:/home/developer/aerostack2_ws/install/as2_msgs:/opt/ros/humble LD_LIBRARY_PATH=/home/developer/aerostack2_ws/install/as2_core/lib:/home/developer/aerostack2_ws/install/as2_msgs/lib:${LD_LIBRARY_PATH} PYTHONPATH=/home/developer/aerostack2_ws/install/as2_core/local/lib/python3.10/dist-packages:/home/developer/aerostack2_ws/install/as2_msgs/local/lib/python3.10/dist-packages:${PYTHONPATH} /usr/bin/cmake --build /home/developer/aerostack2_ws/build/as2_geozones -- -j20 -l20
[116.129s] DEBUG:colcon.colcon_core.event_handler.log_command:Invoked command in '/home/developer/aerostack2_ws/build/as2_geozones' returned '0': AMENT_PREFIX_PATH=/home/developer/aerostack2_ws/install/as2_core:/home/developer/aerostack2_ws/install/as2_msgs:${AMENT_PREFIX_PATH} CMAKE_PREFIX_PATH=/home/developer/aerostack2_ws/install/as2_core:/home/developer/aerostack2_ws/install/as2_msgs:/opt/ros/humble LD_LIBRARY_PATH=/home/developer/aerostack2_ws/install/as2_core/lib:/home/developer/aerostack2_ws/install/as2_msgs/lib:${LD_LIBRARY_PATH} PYTHONPATH=/home/developer/aerostack2_ws/install/as2_core/local/lib/python3.10/dist-packages:/home/developer/aerostack2_ws/install/as2_msgs/local/lib/python3.10/dist-packages:${PYTHONPATH} /usr/bin/cmake --build /home/developer/aerostack2_ws/build/as2_geozones -- -j20 -l20
[116.130s] DEBUG:colcon.colcon_core.event_handler.log_command:Invoking command in '/home/developer/aerostack2_ws/build/as2_geozones': AMENT_PREFIX_PATH=/home/developer/aerostack2_ws/install/as2_core:/home/developer/aerostack2_ws/install/as2_msgs:${AMENT_PREFIX_PATH} CMAKE_PREFIX_PATH=/home/developer/aerostack2_ws/install/as2_core:/home/developer/aerostack2_ws/install/as2_msgs:/opt/ros/humble LD_LIBRARY_PATH=/home/developer/aerostack2_ws/install/as2_core/lib:/home/developer/aerostack2_ws/install/as2_msgs/lib:${LD_LIBRARY_PATH} PYTHONPATH=/home/developer/aerostack2_ws/install/as2_core/local/lib/python3.10/dist-packages:/home/developer/aerostack2_ws/install/as2_msgs/local/lib/python3.10/dist-packages:${PYTHONPATH} /usr/bin/cmake --install /home/developer/aerostack2_ws/build/as2_geozones
[116.283s] Level 1:colcon.colcon_core.environment:create_environment_scripts_only(as2_geozones)
[116.284s] DEBUG:colcon.colcon_core.event_handler.log_command:Invoked command in '/home/developer/aerostack2_ws/build/as2_geozones' returned '0': AMENT_PREFIX_PATH=/home/developer/aerostack2_ws/install/as2_core:/home/developer/aerostack2_ws/install/as2_msgs:${AMENT_PREFIX_PATH} CMAKE_PREFIX_PATH=/home/developer/aerostack2_ws/install/as2_core:/home/developer/aerostack2_ws/install/as2_msgs:/opt/ros/humble LD_LIBRARY_PATH=/home/developer/aerostack2_ws/install/as2_core/lib:/home/developer/aerostack2_ws/install/as2_msgs/lib:${LD_LIBRARY_PATH} PYTHONPATH=/home/developer/aerostack2_ws/install/as2_core/local/lib/python3.10/dist-packages:/home/developer/aerostack2_ws/install/as2_msgs/local/lib/python3.10/dist-packages:${PYTHONPATH} /usr/bin/cmake --install /home/developer/aerostack2_ws/build/as2_geozones
[116.284s] Level 1:colcon.colcon_core.environment:checking '/home/developer/aerostack2_ws/install/as2_geozones' for CMake module files
[116.284s] Level 1:colcon.colcon_core.environment:checking '/home/developer/aerostack2_ws/install/as2_geozones' for CMake config files
[116.285s] Level 1:colcon.colcon_core.shell:create_environment_hook('as2_geozones', 'cmake_prefix_path')
[116.285s] INFO:colcon.colcon_core.shell:Creating environment hook '/home/developer/aerostack2_ws/install/as2_geozones/share/as2_geozones/hook/cmake_prefix_path.ps1'
[116.285s] INFO:colcon.colcon_core.shell:Creating environment descriptor '/home/developer/aerostack2_ws/install/as2_geozones/share/as2_geozones/hook/cmake_prefix_path.dsv'
[116.286s] INFO:colcon.colcon_core.shell:Creating environment hook '/home/developer/aerostack2_ws/install/as2_geozones/share/as2_geozones/hook/cmake_prefix_path.sh'
[116.286s] Level 1:colcon.colcon_core.environment:checking '/home/developer/aerostack2_ws/install/as2_geozones/lib'
[116.286s] Level 1:colcon.colcon_core.environment:checking '/home/developer/aerostack2_ws/install/as2_geozones/bin'
[116.286s] Level 1:colcon.colcon_core.environment:checking '/home/developer/aerostack2_ws/install/as2_geozones/lib/pkgconfig/as2_geozones.pc'
[116.287s] Level 1:colcon.colcon_core.environment:checking '/home/developer/aerostack2_ws/install/as2_geozones/lib/python3.10/site-packages'
[116.287s] Level 1:colcon.colcon_core.environment:checking '/home/developer/aerostack2_ws/install/as2_geozones/bin'
[116.287s] INFO:colcon.colcon_core.shell:Creating package script '/home/developer/aerostack2_ws/install/as2_geozones/share/as2_geozones/package.ps1'
[116.288s] INFO:colcon.colcon_core.shell:Creating package descriptor '/home/developer/aerostack2_ws/install/as2_geozones/share/as2_geozones/package.dsv'
[116.288s] INFO:colcon.colcon_core.shell:Creating package script '/home/developer/aerostack2_ws/install/as2_geozones/share/as2_geozones/package.sh'
[116.289s] INFO:colcon.colcon_core.shell:Creating package script '/home/developer/aerostack2_ws/install/as2_geozones/share/as2_geozones/package.bash'
[116.289s] INFO:colcon.colcon_core.shell:Creating package script '/home/developer/aerostack2_ws/install/as2_geozones/share/as2_geozones/package.zsh'
[116.289s] Level 1:colcon.colcon_core.environment:create_file_with_runtime_dependencies(/home/developer/aerostack2_ws/install/as2_geozones/share/colcon-core/packages/as2_geozones)
[116.290s] Level 1:colcon.colcon_core.environment:create_environment_scripts_only(as2_geozones)
[116.290s] Level 1:colcon.colcon_core.environment:checking '/home/developer/aerostack2_ws/install/as2_geozones' for CMake module files
[116.290s] Level 1:colcon.colcon_core.environment:checking '/home/developer/aerostack2_ws/install/as2_geozones' for CMake config files
[116.291s] Level 1:colcon.colcon_core.shell:create_environment_hook('as2_geozones', 'cmake_prefix_path')
[116.291s] INFO:colcon.colcon_core.shell:Creating environment hook '/home/developer/aerostack2_ws/install/as2_geozones/share/as2_geozones/hook/cmake_prefix_path.ps1'
[116.292s] INFO:colcon.colcon_core.shell:Creating environment descriptor '/home/developer/aerostack2_ws/install/as2_geozones/share/as2_geozones/hook/cmake_prefix_path.dsv'
[116.292s] INFO:colcon.colcon_core.shell:Creating environment hook '/home/developer/aerostack2_ws/install/as2_geozones/share/as2_geozones/hook/cmake_prefix_path.sh'
[116.292s] Level 1:colcon.colcon_core.environment:checking '/home/developer/aerostack2_ws/install/as2_geozones/lib'
[116.292s] Level 1:colcon.colcon_core.environment:checking '/home/developer/aerostack2_ws/install/as2_geozones/bin'
[116.292s] Level 1:colcon.colcon_core.environment:checking '/home/developer/aerostack2_ws/install/as2_geozones/lib/pkgconfig/as2_geozones.pc'
[116.293s] Level 1:colcon.colcon_core.environment:checking '/home/developer/aerostack2_ws/install/as2_geozones/lib/python3.10/site-packages'
[116.293s] Level 1:colcon.colcon_core.environment:checking '/home/developer/aerostack2_ws/install/as2_geozones/bin'
[116.293s] INFO:colcon.colcon_core.shell:Creating package script '/home/developer/aerostack2_ws/install/as2_geozones/share/as2_geozones/package.ps1'
[116.294s] INFO:colcon.colcon_core.shell:Creating package descriptor '/home/developer/aerostack2_ws/install/as2_geozones/share/as2_geozones/package.dsv'
[116.294s] INFO:colcon.colcon_core.shell:Creating package script '/home/developer/aerostack2_ws/install/as2_geozones/share/as2_geozones/package.sh'
[116.295s] INFO:colcon.colcon_core.shell:Creating package script '/home/developer/aerostack2_ws/install/as2_geozones/share/as2_geozones/package.bash'
[116.295s] INFO:colcon.colcon_core.shell:Creating package script '/home/developer/aerostack2_ws/install/as2_geozones/share/as2_geozones/package.zsh'
[116.295s] Level 1:colcon.colcon_core.environment:create_file_with_runtime_dependencies(/home/developer/aerostack2_ws/install/as2_geozones/share/colcon-core/packages/as2_geozones)
[116.296s] INFO:colcon.colcon_ros.task.ament_cmake.build:Building ROS package in '/home/developer/aerostack2_ws/src/aerostack2-tcc_lucca/as2_map_server' with build type 'ament_cmake'
[116.296s] INFO:colcon.colcon_cmake.task.cmake.build:Building CMake package in '/home/developer/aerostack2_ws/src/aerostack2-tcc_lucca/as2_map_server'
[116.296s] INFO:colcon.colcon_core.shell:Skip shell extension 'powershell' for command environment: Not usable outside of PowerShell
[116.296s] DEBUG:colcon.colcon_core.shell:Skip shell extension 'dsv' for command environment
[116.307s] DEBUG:colcon.colcon_core.event_handler.log_command:Invoking command in '/home/developer/aerostack2_ws/build/as2_map_server': AMENT_PREFIX_PATH=/home/developer/aerostack2_ws/install/as2_core:/home/developer/aerostack2_ws/install/as2_msgs:${AMENT_PREFIX_PATH} CMAKE_PREFIX_PATH=/home/developer/aerostack2_ws/install/as2_core:/home/developer/aerostack2_ws/install/as2_msgs:/opt/ros/humble LD_LIBRARY_PATH=/home/developer/aerostack2_ws/install/as2_core/lib:/home/developer/aerostack2_ws/install/as2_msgs/lib:${LD_LIBRARY_PATH} PYTHONPATH=/home/developer/aerostack2_ws/install/as2_core/local/lib/python3.10/dist-packages:/home/developer/aerostack2_ws/install/as2_msgs/local/lib/python3.10/dist-packages:${PYTHONPATH} /usr/bin/cmake --build /home/developer/aerostack2_ws/build/as2_map_server -- -j20 -l20
[124.608s] DEBUG:colcon.colcon_core.event_handler.log_command:Invoked command in '/home/developer/aerostack2_ws/build/as2_map_server' returned '0': AMENT_PREFIX_PATH=/home/developer/aerostack2_ws/install/as2_core:/home/developer/aerostack2_ws/install/as2_msgs:${AMENT_PREFIX_PATH} CMAKE_PREFIX_PATH=/home/developer/aerostack2_ws/install/as2_core:/home/developer/aerostack2_ws/install/as2_msgs:/opt/ros/humble LD_LIBRARY_PATH=/home/developer/aerostack2_ws/install/as2_core/lib:/home/developer/aerostack2_ws/install/as2_msgs/lib:${LD_LIBRARY_PATH} PYTHONPATH=/home/developer/aerostack2_ws/install/as2_core/local/lib/python3.10/dist-packages:/home/developer/aerostack2_ws/install/as2_msgs/local/lib/python3.10/dist-packages:${PYTHONPATH} /usr/bin/cmake --build /home/developer/aerostack2_ws/build/as2_map_server -- -j20 -l20
[124.609s] DEBUG:colcon.colcon_core.event_handler.log_command:Invoking command in '/home/developer/aerostack2_ws/build/as2_map_server': AMENT_PREFIX_PATH=/home/developer/aerostack2_ws/install/as2_core:/home/developer/aerostack2_ws/install/as2_msgs:${AMENT_PREFIX_PATH} CMAKE_PREFIX_PATH=/home/developer/aerostack2_ws/install/as2_core:/home/developer/aerostack2_ws/install/as2_msgs:/opt/ros/humble LD_LIBRARY_PATH=/home/developer/aerostack2_ws/install/as2_core/lib:/home/developer/aerostack2_ws/install/as2_msgs/lib:${LD_LIBRARY_PATH} PYTHONPATH=/home/developer/aerostack2_ws/install/as2_core/local/lib/python3.10/dist-packages:/home/developer/aerostack2_ws/install/as2_msgs/local/lib/python3.10/dist-packages:${PYTHONPATH} /usr/bin/cmake --install /home/developer/aerostack2_ws/build/as2_map_server
[124.838s] Level 1:colcon.colcon_core.environment:create_environment_scripts_only(as2_map_server)
[124.838s] Level 1:colcon.colcon_core.environment:checking '/home/developer/aerostack2_ws/install/as2_map_server' for CMake module files
[124.838s] DEBUG:colcon.colcon_core.event_handler.log_command:Invoked command in '/home/developer/aerostack2_ws/build/as2_map_server' returned '0': AMENT_PREFIX_PATH=/home/developer/aerostack2_ws/install/as2_core:/home/developer/aerostack2_ws/install/as2_msgs:${AMENT_PREFIX_PATH} CMAKE_PREFIX_PATH=/home/developer/aerostack2_ws/install/as2_core:/home/developer/aerostack2_ws/install/as2_msgs:/opt/ros/humble LD_LIBRARY_PATH=/home/developer/aerostack2_ws/install/as2_core/lib:/home/developer/aerostack2_ws/install/as2_msgs/lib:${LD_LIBRARY_PATH} PYTHONPATH=/home/developer/aerostack2_ws/install/as2_core/local/lib/python3.10/dist-packages:/home/developer/aerostack2_ws/install/as2_msgs/local/lib/python3.10/dist-packages:${PYTHONPATH} /usr/bin/cmake --install /home/developer/aerostack2_ws/build/as2_map_server
[124.839s] Level 1:colcon.colcon_core.environment:checking '/home/developer/aerostack2_ws/install/as2_map_server' for CMake config files
[124.839s] Level 1:colcon.colcon_core.shell:create_environment_hook('as2_map_server', 'cmake_prefix_path')
[124.839s] INFO:colcon.colcon_core.shell:Creating environment hook '/home/developer/aerostack2_ws/install/as2_map_server/share/as2_map_server/hook/cmake_prefix_path.ps1'
[124.840s] INFO:colcon.colcon_core.shell:Creating environment descriptor '/home/developer/aerostack2_ws/install/as2_map_server/share/as2_map_server/hook/cmake_prefix_path.dsv'
[124.840s] INFO:colcon.colcon_core.shell:Creating environment hook '/home/developer/aerostack2_ws/install/as2_map_server/share/as2_map_server/hook/cmake_prefix_path.sh'
[124.840s] Level 1:colcon.colcon_core.environment:checking '/home/developer/aerostack2_ws/install/as2_map_server/lib'
[124.840s] Level 1:colcon.colcon_core.shell:create_environment_hook('as2_map_server', 'ld_library_path_lib')
[124.841s] INFO:colcon.colcon_core.shell:Creating environment hook '/home/developer/aerostack2_ws/install/as2_map_server/share/as2_map_server/hook/ld_library_path_lib.ps1'
[124.841s] INFO:colcon.colcon_core.shell:Creating environment descriptor '/home/developer/aerostack2_ws/install/as2_map_server/share/as2_map_server/hook/ld_library_path_lib.dsv'
[124.841s] INFO:colcon.colcon_core.shell:Creating environment hook '/home/developer/aerostack2_ws/install/as2_map_server/share/as2_map_server/hook/ld_library_path_lib.sh'
[124.841s] Level 1:colcon.colcon_core.environment:checking '/home/developer/aerostack2_ws/install/as2_map_server/bin'
[124.841s] Level 1:colcon.colcon_core.environment:checking '/home/developer/aerostack2_ws/install/as2_map_server/lib/pkgconfig/as2_map_server.pc'
[124.841s] Level 1:colcon.colcon_core.environment:checking '/home/developer/aerostack2_ws/install/as2_map_server/lib/python3.10/site-packages'
[124.841s] Level 1:colcon.colcon_core.environment:checking '/home/developer/aerostack2_ws/install/as2_map_server/bin'
[124.842s] INFO:colcon.colcon_core.shell:Creating package script '/home/developer/aerostack2_ws/install/as2_map_server/share/as2_map_server/package.ps1'
[124.842s] INFO:colcon.colcon_core.shell:Creating package descriptor '/home/developer/aerostack2_ws/install/as2_map_server/share/as2_map_server/package.dsv'
[124.842s] INFO:colcon.colcon_core.shell:Creating package script '/home/developer/aerostack2_ws/install/as2_map_server/share/as2_map_server/package.sh'
[124.842s] INFO:colcon.colcon_core.shell:Creating package script '/home/developer/aerostack2_ws/install/as2_map_server/share/as2_map_server/package.bash'
[124.842s] INFO:colcon.colcon_core.shell:Creating package script '/home/developer/aerostack2_ws/install/as2_map_server/share/as2_map_server/package.zsh'
[124.842s] Level 1:colcon.colcon_core.environment:create_file_with_runtime_dependencies(/home/developer/aerostack2_ws/install/as2_map_server/share/colcon-core/packages/as2_map_server)
[124.843s] Level 1:colcon.colcon_core.environment:create_environment_scripts_only(as2_map_server)
[124.843s] Level 1:colcon.colcon_core.environment:checking '/home/developer/aerostack2_ws/install/as2_map_server' for CMake module files
[124.843s] Level 1:colcon.colcon_core.environment:checking '/home/developer/aerostack2_ws/install/as2_map_server' for CMake config files
[124.843s] Level 1:colcon.colcon_core.shell:create_environment_hook('as2_map_server', 'cmake_prefix_path')
[124.843s] INFO:colcon.colcon_core.shell:Creating environment hook '/home/developer/aerostack2_ws/install/as2_map_server/share/as2_map_server/hook/cmake_prefix_path.ps1'
[124.844s] INFO:colcon.colcon_core.shell:Creating environment descriptor '/home/developer/aerostack2_ws/install/as2_map_server/share/as2_map_server/hook/cmake_prefix_path.dsv'
[124.844s] INFO:colcon.colcon_core.shell:Creating environment hook '/home/developer/aerostack2_ws/install/as2_map_server/share/as2_map_server/hook/cmake_prefix_path.sh'
[124.844s] Level 1:colcon.colcon_core.environment:checking '/home/developer/aerostack2_ws/install/as2_map_server/lib'
[124.844s] Level 1:colcon.colcon_core.shell:create_environment_hook('as2_map_server', 'ld_library_path_lib')
[124.844s] INFO:colcon.colcon_core.shell:Creating environment hook '/home/developer/aerostack2_ws/install/as2_map_server/share/as2_map_server/hook/ld_library_path_lib.ps1'
[124.844s] INFO:colcon.colcon_core.shell:Creating environment descriptor '/home/developer/aerostack2_ws/install/as2_map_server/share/as2_map_server/hook/ld_library_path_lib.dsv'
[124.845s] INFO:colcon.colcon_core.shell:Creating environment hook '/home/developer/aerostack2_ws/install/as2_map_server/share/as2_map_server/hook/ld_library_path_lib.sh'
[124.845s] Level 1:colcon.colcon_core.environment:checking '/home/developer/aerostack2_ws/install/as2_map_server/bin'
[124.845s] Level 1:colcon.colcon_core.environment:checking '/home/developer/aerostack2_ws/install/as2_map_server/lib/pkgconfig/as2_map_server.pc'
[124.845s] Level 1:colcon.colcon_core.environment:checking '/home/developer/aerostack2_ws/install/as2_map_server/lib/python3.10/site-packages'
[124.845s] Level 1:colcon.colcon_core.environment:checking '/home/developer/aerostack2_ws/install/as2_map_server/bin'
[124.845s] INFO:colcon.colcon_core.shell:Creating package script '/home/developer/aerostack2_ws/install/as2_map_server/share/as2_map_server/package.ps1'
[124.846s] INFO:colcon.colcon_core.shell:Creating package descriptor '/home/developer/aerostack2_ws/install/as2_map_server/share/as2_map_server/package.dsv'
[124.846s] INFO:colcon.colcon_core.shell:Creating package script '/home/developer/aerostack2_ws/install/as2_map_server/share/as2_map_server/package.sh'
[124.846s] INFO:colcon.colcon_core.shell:Creating package script '/home/developer/aerostack2_ws/install/as2_map_server/share/as2_map_server/package.bash'
[124.846s] INFO:colcon.colcon_core.shell:Creating package script '/home/developer/aerostack2_ws/install/as2_map_server/share/as2_map_server/package.zsh'
[124.846s] Level 1:colcon.colcon_core.environment:create_file_with_runtime_dependencies(/home/developer/aerostack2_ws/install/as2_map_server/share/colcon-core/packages/as2_map_server)
[124.846s] INFO:colcon.colcon_ros.task.ament_cmake.build:Building ROS package in '/home/developer/aerostack2_ws/src/aerostack2-tcc_lucca/as2_aerial_platforms/as2_platform_multirotor_simulator' with build type 'ament_cmake'
[124.847s] INFO:colcon.colcon_cmake.task.cmake.build:Building CMake package in '/home/developer/aerostack2_ws/src/aerostack2-tcc_lucca/as2_aerial_platforms/as2_platform_multirotor_simulator'
[124.847s] INFO:colcon.colcon_core.shell:Skip shell extension 'powershell' for command environment: Not usable outside of PowerShell
[124.847s] DEBUG:colcon.colcon_core.shell:Skip shell extension 'dsv' for command environment
[124.857s] DEBUG:colcon.colcon_core.event_handler.log_command:Invoking command in '/home/developer/aerostack2_ws/build/as2_platform_multirotor_simulator': AMENT_PREFIX_PATH=/home/developer/aerostack2_ws/install/as2_core:/home/developer/aerostack2_ws/install/as2_msgs:${AMENT_PREFIX_PATH} CMAKE_PREFIX_PATH=/home/developer/aerostack2_ws/install/as2_core:/home/developer/aerostack2_ws/install/as2_msgs:/opt/ros/humble LD_LIBRARY_PATH=/home/developer/aerostack2_ws/install/as2_core/lib:/home/developer/aerostack2_ws/install/as2_msgs/lib:${LD_LIBRARY_PATH} PYTHONPATH=/home/developer/aerostack2_ws/install/as2_core/local/lib/python3.10/dist-packages:/home/developer/aerostack2_ws/install/as2_msgs/local/lib/python3.10/dist-packages:${PYTHONPATH} /usr/bin/cmake --build /home/developer/aerostack2_ws/build/as2_platform_multirotor_simulator -- -j20 -l20
[150.143s] DEBUG:colcon.colcon_core.event_handler.log_command:Invoked command in '/home/developer/aerostack2_ws/build/as2_platform_multirotor_simulator' returned '0': AMENT_PREFIX_PATH=/home/developer/aerostack2_ws/install/as2_core:/home/developer/aerostack2_ws/install/as2_msgs:${AMENT_PREFIX_PATH} CMAKE_PREFIX_PATH=/home/developer/aerostack2_ws/install/as2_core:/home/developer/aerostack2_ws/install/as2_msgs:/opt/ros/humble LD_LIBRARY_PATH=/home/developer/aerostack2_ws/install/as2_core/lib:/home/developer/aerostack2_ws/install/as2_msgs/lib:${LD_LIBRARY_PATH} PYTHONPATH=/home/developer/aerostack2_ws/install/as2_core/local/lib/python3.10/dist-packages:/home/developer/aerostack2_ws/install/as2_msgs/local/lib/python3.10/dist-packages:${PYTHONPATH} /usr/bin/cmake --build /home/developer/aerostack2_ws/build/as2_platform_multirotor_simulator -- -j20 -l20
[150.145s] DEBUG:colcon.colcon_core.event_handler.log_command:Invoking command in '/home/developer/aerostack2_ws/build/as2_platform_multirotor_simulator': AMENT_PREFIX_PATH=/home/developer/aerostack2_ws/install/as2_core:/home/developer/aerostack2_ws/install/as2_msgs:${AMENT_PREFIX_PATH} CMAKE_PREFIX_PATH=/home/developer/aerostack2_ws/install/as2_core:/home/developer/aerostack2_ws/install/as2_msgs:/opt/ros/humble LD_LIBRARY_PATH=/home/developer/aerostack2_ws/install/as2_core/lib:/home/developer/aerostack2_ws/install/as2_msgs/lib:${LD_LIBRARY_PATH} PYTHONPATH=/home/developer/aerostack2_ws/install/as2_core/local/lib/python3.10/dist-packages:/home/developer/aerostack2_ws/install/as2_msgs/local/lib/python3.10/dist-packages:${PYTHONPATH} /usr/bin/cmake --install /home/developer/aerostack2_ws/build/as2_platform_multirotor_simulator
[150.301s] Level 1:colcon.colcon_core.environment:create_environment_scripts_only(as2_platform_multirotor_simulator)
[150.302s] Level 1:colcon.colcon_core.environment:checking '/home/developer/aerostack2_ws/install/as2_platform_multirotor_simulator' for CMake module files
[150.302s] DEBUG:colcon.colcon_core.event_handler.log_command:Invoked command in '/home/developer/aerostack2_ws/build/as2_platform_multirotor_simulator' returned '0': AMENT_PREFIX_PATH=/home/developer/aerostack2_ws/install/as2_core:/home/developer/aerostack2_ws/install/as2_msgs:${AMENT_PREFIX_PATH} CMAKE_PREFIX_PATH=/home/developer/aerostack2_ws/install/as2_core:/home/developer/aerostack2_ws/install/as2_msgs:/opt/ros/humble LD_LIBRARY_PATH=/home/developer/aerostack2_ws/install/as2_core/lib:/home/developer/aerostack2_ws/install/as2_msgs/lib:${LD_LIBRARY_PATH} PYTHONPATH=/home/developer/aerostack2_ws/install/as2_core/local/lib/python3.10/dist-packages:/home/developer/aerostack2_ws/install/as2_msgs/local/lib/python3.10/dist-packages:${PYTHONPATH} /usr/bin/cmake --install /home/developer/aerostack2_ws/build/as2_platform_multirotor_simulator
[150.303s] Level 1:colcon.colcon_core.environment:checking '/home/developer/aerostack2_ws/install/as2_platform_multirotor_simulator' for CMake config files
[150.303s] Level 1:colcon.colcon_core.shell:create_environment_hook('as2_platform_multirotor_simulator', 'cmake_prefix_path')
[150.303s] INFO:colcon.colcon_core.shell:Creating environment hook '/home/developer/aerostack2_ws/install/as2_platform_multirotor_simulator/share/as2_platform_multirotor_simulator/hook/cmake_prefix_path.ps1'
[150.303s] INFO:colcon.colcon_core.shell:Creating environment descriptor '/home/developer/aerostack2_ws/install/as2_platform_multirotor_simulator/share/as2_platform_multirotor_simulator/hook/cmake_prefix_path.dsv'
[150.304s] INFO:colcon.colcon_core.shell:Creating environment hook '/home/developer/aerostack2_ws/install/as2_platform_multirotor_simulator/share/as2_platform_multirotor_simulator/hook/cmake_prefix_path.sh'
[150.304s] Level 1:colcon.colcon_core.environment:checking '/home/developer/aerostack2_ws/install/as2_platform_multirotor_simulator/lib'
[150.305s] Level 1:colcon.colcon_core.environment:checking '/home/developer/aerostack2_ws/install/as2_platform_multirotor_simulator/bin'
[150.305s] Level 1:colcon.colcon_core.environment:checking '/home/developer/aerostack2_ws/install/as2_platform_multirotor_simulator/lib/pkgconfig/as2_platform_multirotor_simulator.pc'
[150.305s] Level 1:colcon.colcon_core.environment:checking '/home/developer/aerostack2_ws/install/as2_platform_multirotor_simulator/lib/python3.10/site-packages'
[150.305s] Level 1:colcon.colcon_core.environment:checking '/home/developer/aerostack2_ws/install/as2_platform_multirotor_simulator/bin'
[150.305s] INFO:colcon.colcon_core.shell:Creating package script '/home/developer/aerostack2_ws/install/as2_platform_multirotor_simulator/share/as2_platform_multirotor_simulator/package.ps1'
[150.306s] INFO:colcon.colcon_core.shell:Creating package descriptor '/home/developer/aerostack2_ws/install/as2_platform_multirotor_simulator/share/as2_platform_multirotor_simulator/package.dsv'
[150.306s] INFO:colcon.colcon_core.shell:Creating package script '/home/developer/aerostack2_ws/install/as2_platform_multirotor_simulator/share/as2_platform_multirotor_simulator/package.sh'
[150.306s] INFO:colcon.colcon_core.shell:Creating package script '/home/developer/aerostack2_ws/install/as2_platform_multirotor_simulator/share/as2_platform_multirotor_simulator/package.bash'
[150.306s] INFO:colcon.colcon_core.shell:Creating package script '/home/developer/aerostack2_ws/install/as2_platform_multirotor_simulator/share/as2_platform_multirotor_simulator/package.zsh'
[150.307s] Level 1:colcon.colcon_core.environment:create_file_with_runtime_dependencies(/home/developer/aerostack2_ws/install/as2_platform_multirotor_simulator/share/colcon-core/packages/as2_platform_multirotor_simulator)
[150.307s] Level 1:colcon.colcon_core.environment:create_environment_scripts_only(as2_platform_multirotor_simulator)
[150.307s] Level 1:colcon.colcon_core.environment:checking '/home/developer/aerostack2_ws/install/as2_platform_multirotor_simulator' for CMake module files
[150.307s] Level 1:colcon.colcon_core.environment:checking '/home/developer/aerostack2_ws/install/as2_platform_multirotor_simulator' for CMake config files
[150.308s] Level 1:colcon.colcon_core.shell:create_environment_hook('as2_platform_multirotor_simulator', 'cmake_prefix_path')
[150.308s] INFO:colcon.colcon_core.shell:Creating environment hook '/home/developer/aerostack2_ws/install/as2_platform_multirotor_simulator/share/as2_platform_multirotor_simulator/hook/cmake_prefix_path.ps1'
[150.308s] INFO:colcon.colcon_core.shell:Creating environment descriptor '/home/developer/aerostack2_ws/install/as2_platform_multirotor_simulator/share/as2_platform_multirotor_simulator/hook/cmake_prefix_path.dsv'
[150.308s] INFO:colcon.colcon_core.shell:Creating environment hook '/home/developer/aerostack2_ws/install/as2_platform_multirotor_simulator/share/as2_platform_multirotor_simulator/hook/cmake_prefix_path.sh'
[150.308s] Level 1:colcon.colcon_core.environment:checking '/home/developer/aerostack2_ws/install/as2_platform_multirotor_simulator/lib'
[150.308s] Level 1:colcon.colcon_core.environment:checking '/home/developer/aerostack2_ws/install/as2_platform_multirotor_simulator/bin'
[150.308s] Level 1:colcon.colcon_core.environment:checking '/home/developer/aerostack2_ws/install/as2_platform_multirotor_simulator/lib/pkgconfig/as2_platform_multirotor_simulator.pc'
[150.308s] Level 1:colcon.colcon_core.environment:checking '/home/developer/aerostack2_ws/install/as2_platform_multirotor_simulator/lib/python3.10/site-packages'
[150.309s] Level 1:colcon.colcon_core.environment:checking '/home/developer/aerostack2_ws/install/as2_platform_multirotor_simulator/bin'
[150.309s] INFO:colcon.colcon_core.shell:Creating package script '/home/developer/aerostack2_ws/install/as2_platform_multirotor_simulator/share/as2_platform_multirotor_simulator/package.ps1'
[150.309s] INFO:colcon.colcon_core.shell:Creating package descriptor '/home/developer/aerostack2_ws/install/as2_platform_multirotor_simulator/share/as2_platform_multirotor_simulator/package.dsv'
[150.309s] INFO:colcon.colcon_core.shell:Creating package script '/home/developer/aerostack2_ws/install/as2_platform_multirotor_simulator/share/as2_platform_multirotor_simulator/package.sh'
[150.310s] INFO:colcon.colcon_core.shell:Creating package script '/home/developer/aerostack2_ws/install/as2_platform_multirotor_simulator/share/as2_platform_multirotor_simulator/package.bash'
[150.310s] INFO:colcon.colcon_core.shell:Creating package script '/home/developer/aerostack2_ws/install/as2_platform_multirotor_simulator/share/as2_platform_multirotor_simulator/package.zsh'
[150.310s] Level 1:colcon.colcon_core.environment:create_file_with_runtime_dependencies(/home/developer/aerostack2_ws/install/as2_platform_multirotor_simulator/share/colcon-core/packages/as2_platform_multirotor_simulator)
[150.310s] INFO:colcon.colcon_ros.task.ament_cmake.build:Building ROS package in '/home/developer/aerostack2_ws/src/aerostack2-tcc_lucca/as2_hardware_drivers/as2_realsense_interface' with build type 'ament_cmake'
[150.310s] INFO:colcon.colcon_cmake.task.cmake.build:Building CMake package in '/home/developer/aerostack2_ws/src/aerostack2-tcc_lucca/as2_hardware_drivers/as2_realsense_interface'
[150.310s] INFO:colcon.colcon_core.shell:Skip shell extension 'powershell' for command environment: Not usable outside of PowerShell
[150.310s] DEBUG:colcon.colcon_core.shell:Skip shell extension 'dsv' for command environment
[150.320s] DEBUG:colcon.colcon_core.event_handler.log_command:Invoking command in '/home/developer/aerostack2_ws/build/as2_realsense_interface': AMENT_PREFIX_PATH=/home/developer/aerostack2_ws/install/as2_core:/home/developer/aerostack2_ws/install/as2_msgs:${AMENT_PREFIX_PATH} CMAKE_PREFIX_PATH=/home/developer/aerostack2_ws/install/as2_core:/home/developer/aerostack2_ws/install/as2_msgs:/opt/ros/humble LD_LIBRARY_PATH=/home/developer/aerostack2_ws/install/as2_core/lib:/home/developer/aerostack2_ws/install/as2_msgs/lib:${LD_LIBRARY_PATH} PYTHONPATH=/home/developer/aerostack2_ws/install/as2_core/local/lib/python3.10/dist-packages:/home/developer/aerostack2_ws/install/as2_msgs/local/lib/python3.10/dist-packages:${PYTHONPATH} /usr/bin/cmake --build /home/developer/aerostack2_ws/build/as2_realsense_interface -- -j20 -l20
[160.856s] DEBUG:colcon.colcon_core.event_handler.log_command:Invoked command in '/home/developer/aerostack2_ws/build/as2_realsense_interface' returned '0': AMENT_PREFIX_PATH=/home/developer/aerostack2_ws/install/as2_core:/home/developer/aerostack2_ws/install/as2_msgs:${AMENT_PREFIX_PATH} CMAKE_PREFIX_PATH=/home/developer/aerostack2_ws/install/as2_core:/home/developer/aerostack2_ws/install/as2_msgs:/opt/ros/humble LD_LIBRARY_PATH=/home/developer/aerostack2_ws/install/as2_core/lib:/home/developer/aerostack2_ws/install/as2_msgs/lib:${LD_LIBRARY_PATH} PYTHONPATH=/home/developer/aerostack2_ws/install/as2_core/local/lib/python3.10/dist-packages:/home/developer/aerostack2_ws/install/as2_msgs/local/lib/python3.10/dist-packages:${PYTHONPATH} /usr/bin/cmake --build /home/developer/aerostack2_ws/build/as2_realsense_interface -- -j20 -l20
[160.857s] DEBUG:colcon.colcon_core.event_handler.log_command:Invoking command in '/home/developer/aerostack2_ws/build/as2_realsense_interface': AMENT_PREFIX_PATH=/home/developer/aerostack2_ws/install/as2_core:/home/developer/aerostack2_ws/install/as2_msgs:${AMENT_PREFIX_PATH} CMAKE_PREFIX_PATH=/home/developer/aerostack2_ws/install/as2_core:/home/developer/aerostack2_ws/install/as2_msgs:/opt/ros/humble LD_LIBRARY_PATH=/home/developer/aerostack2_ws/install/as2_core/lib:/home/developer/aerostack2_ws/install/as2_msgs/lib:${LD_LIBRARY_PATH} PYTHONPATH=/home/developer/aerostack2_ws/install/as2_core/local/lib/python3.10/dist-packages:/home/developer/aerostack2_ws/install/as2_msgs/local/lib/python3.10/dist-packages:${PYTHONPATH} /usr/bin/cmake --install /home/developer/aerostack2_ws/build/as2_realsense_interface
[161.025s] Level 1:colcon.colcon_core.environment:create_environment_scripts_only(as2_realsense_interface)
[161.026s] Level 1:colcon.colcon_core.environment:checking '/home/developer/aerostack2_ws/install/as2_realsense_interface' for CMake module files
[161.026s] DEBUG:colcon.colcon_core.event_handler.log_command:Invoked command in '/home/developer/aerostack2_ws/build/as2_realsense_interface' returned '0': AMENT_PREFIX_PATH=/home/developer/aerostack2_ws/install/as2_core:/home/developer/aerostack2_ws/install/as2_msgs:${AMENT_PREFIX_PATH} CMAKE_PREFIX_PATH=/home/developer/aerostack2_ws/install/as2_core:/home/developer/aerostack2_ws/install/as2_msgs:/opt/ros/humble LD_LIBRARY_PATH=/home/developer/aerostack2_ws/install/as2_core/lib:/home/developer/aerostack2_ws/install/as2_msgs/lib:${LD_LIBRARY_PATH} PYTHONPATH=/home/developer/aerostack2_ws/install/as2_core/local/lib/python3.10/dist-packages:/home/developer/aerostack2_ws/install/as2_msgs/local/lib/python3.10/dist-packages:${PYTHONPATH} /usr/bin/cmake --install /home/developer/aerostack2_ws/build/as2_realsense_interface
[161.026s] Level 1:colcon.colcon_core.environment:checking '/home/developer/aerostack2_ws/install/as2_realsense_interface' for CMake config files
[161.026s] Level 1:colcon.colcon_core.shell:create_environment_hook('as2_realsense_interface', 'cmake_prefix_path')
[161.027s] INFO:colcon.colcon_core.shell:Creating environment hook '/home/developer/aerostack2_ws/install/as2_realsense_interface/share/as2_realsense_interface/hook/cmake_prefix_path.ps1'
[161.027s] INFO:colcon.colcon_core.shell:Creating environment descriptor '/home/developer/aerostack2_ws/install/as2_realsense_interface/share/as2_realsense_interface/hook/cmake_prefix_path.dsv'
[161.027s] INFO:colcon.colcon_core.shell:Creating environment hook '/home/developer/aerostack2_ws/install/as2_realsense_interface/share/as2_realsense_interface/hook/cmake_prefix_path.sh'
[161.027s] Level 1:colcon.colcon_core.environment:checking '/home/developer/aerostack2_ws/install/as2_realsense_interface/lib'
[161.027s] Level 1:colcon.colcon_core.environment:checking '/home/developer/aerostack2_ws/install/as2_realsense_interface/bin'
[161.027s] Level 1:colcon.colcon_core.environment:checking '/home/developer/aerostack2_ws/install/as2_realsense_interface/lib/pkgconfig/as2_realsense_interface.pc'
[161.027s] Level 1:colcon.colcon_core.environment:checking '/home/developer/aerostack2_ws/install/as2_realsense_interface/lib/python3.10/site-packages'
[161.028s] Level 1:colcon.colcon_core.environment:checking '/home/developer/aerostack2_ws/install/as2_realsense_interface/bin'
[161.028s] INFO:colcon.colcon_core.shell:Creating package script '/home/developer/aerostack2_ws/install/as2_realsense_interface/share/as2_realsense_interface/package.ps1'
[161.028s] INFO:colcon.colcon_core.shell:Creating package descriptor '/home/developer/aerostack2_ws/install/as2_realsense_interface/share/as2_realsense_interface/package.dsv'
[161.028s] INFO:colcon.colcon_core.shell:Creating package script '/home/developer/aerostack2_ws/install/as2_realsense_interface/share/as2_realsense_interface/package.sh'
[161.028s] INFO:colcon.colcon_core.shell:Creating package script '/home/developer/aerostack2_ws/install/as2_realsense_interface/share/as2_realsense_interface/package.bash'
[161.029s] INFO:colcon.colcon_core.shell:Creating package script '/home/developer/aerostack2_ws/install/as2_realsense_interface/share/as2_realsense_interface/package.zsh'
[161.029s] Level 1:colcon.colcon_core.environment:create_file_with_runtime_dependencies(/home/developer/aerostack2_ws/install/as2_realsense_interface/share/colcon-core/packages/as2_realsense_interface)
[161.029s] Level 1:colcon.colcon_core.environment:create_environment_scripts_only(as2_realsense_interface)
[161.029s] Level 1:colcon.colcon_core.environment:checking '/home/developer/aerostack2_ws/install/as2_realsense_interface' for CMake module files
[161.029s] Level 1:colcon.colcon_core.environment:checking '/home/developer/aerostack2_ws/install/as2_realsense_interface' for CMake config files
[161.030s] Level 1:colcon.colcon_core.shell:create_environment_hook('as2_realsense_interface', 'cmake_prefix_path')
[161.030s] INFO:colcon.colcon_core.shell:Creating environment hook '/home/developer/aerostack2_ws/install/as2_realsense_interface/share/as2_realsense_interface/hook/cmake_prefix_path.ps1'
[161.030s] INFO:colcon.colcon_core.shell:Creating environment descriptor '/home/developer/aerostack2_ws/install/as2_realsense_interface/share/as2_realsense_interface/hook/cmake_prefix_path.dsv'
[161.030s] INFO:colcon.colcon_core.shell:Creating environment hook '/home/developer/aerostack2_ws/install/as2_realsense_interface/share/as2_realsense_interface/hook/cmake_prefix_path.sh'
[161.030s] Level 1:colcon.colcon_core.environment:checking '/home/developer/aerostack2_ws/install/as2_realsense_interface/lib'
[161.030s] Level 1:colcon.colcon_core.environment:checking '/home/developer/aerostack2_ws/install/as2_realsense_interface/bin'
[161.031s] Level 1:colcon.colcon_core.environment:checking '/home/developer/aerostack2_ws/install/as2_realsense_interface/lib/pkgconfig/as2_realsense_interface.pc'
[161.031s] Level 1:colcon.colcon_core.environment:checking '/home/developer/aerostack2_ws/install/as2_realsense_interface/lib/python3.10/site-packages'
[161.031s] Level 1:colcon.colcon_core.environment:checking '/home/developer/aerostack2_ws/install/as2_realsense_interface/bin'
[161.031s] INFO:colcon.colcon_core.shell:Creating package script '/home/developer/aerostack2_ws/install/as2_realsense_interface/share/as2_realsense_interface/package.ps1'
[161.031s] INFO:colcon.colcon_core.shell:Creating package descriptor '/home/developer/aerostack2_ws/install/as2_realsense_interface/share/as2_realsense_interface/package.dsv'
[161.031s] INFO:colcon.colcon_core.shell:Creating package script '/home/developer/aerostack2_ws/install/as2_realsense_interface/share/as2_realsense_interface/package.sh'
[161.032s] INFO:colcon.colcon_core.shell:Creating package script '/home/developer/aerostack2_ws/install/as2_realsense_interface/share/as2_realsense_interface/package.bash'
[161.032s] INFO:colcon.colcon_core.shell:Creating package script '/home/developer/aerostack2_ws/install/as2_realsense_interface/share/as2_realsense_interface/package.zsh'
[161.032s] Level 1:colcon.colcon_core.environment:create_file_with_runtime_dependencies(/home/developer/aerostack2_ws/install/as2_realsense_interface/share/colcon-core/packages/as2_realsense_interface)
[161.032s] INFO:colcon.colcon_ros.task.ament_cmake.build:Building ROS package in '/home/developer/aerostack2_ws/src/aerostack2-tcc_lucca/as2_state_estimator' with build type 'ament_cmake'
[161.032s] INFO:colcon.colcon_cmake.task.cmake.build:Building CMake package in '/home/developer/aerostack2_ws/src/aerostack2-tcc_lucca/as2_state_estimator'
[161.033s] INFO:colcon.colcon_core.shell:Skip shell extension 'powershell' for command environment: Not usable outside of PowerShell
[161.033s] DEBUG:colcon.colcon_core.shell:Skip shell extension 'dsv' for command environment
[161.042s] DEBUG:colcon.colcon_core.event_handler.log_command:Invoking command in '/home/developer/aerostack2_ws/build/as2_state_estimator': AMENT_PREFIX_PATH=/home/developer/aerostack2_ws/install/as2_core:/home/developer/aerostack2_ws/install/as2_msgs:${AMENT_PREFIX_PATH} CMAKE_PREFIX_PATH=/home/developer/aerostack2_ws/install/as2_core:/home/developer/aerostack2_ws/install/as2_msgs:/opt/ros/humble LD_LIBRARY_PATH=/home/developer/aerostack2_ws/install/as2_core/lib:/home/developer/aerostack2_ws/install/as2_msgs/lib:${LD_LIBRARY_PATH} PYTHONPATH=/home/developer/aerostack2_ws/install/as2_core/local/lib/python3.10/dist-packages:/home/developer/aerostack2_ws/install/as2_msgs/local/lib/python3.10/dist-packages:${PYTHONPATH} /usr/bin/cmake --build /home/developer/aerostack2_ws/build/as2_state_estimator -- -j20 -l20
[187.906s] DEBUG:colcon.colcon_core.event_handler.log_command:Invoked command in '/home/developer/aerostack2_ws/build/as2_state_estimator' returned '0': AMENT_PREFIX_PATH=/home/developer/aerostack2_ws/install/as2_core:/home/developer/aerostack2_ws/install/as2_msgs:${AMENT_PREFIX_PATH} CMAKE_PREFIX_PATH=/home/developer/aerostack2_ws/install/as2_core:/home/developer/aerostack2_ws/install/as2_msgs:/opt/ros/humble LD_LIBRARY_PATH=/home/developer/aerostack2_ws/install/as2_core/lib:/home/developer/aerostack2_ws/install/as2_msgs/lib:${LD_LIBRARY_PATH} PYTHONPATH=/home/developer/aerostack2_ws/install/as2_core/local/lib/python3.10/dist-packages:/home/developer/aerostack2_ws/install/as2_msgs/local/lib/python3.10/dist-packages:${PYTHONPATH} /usr/bin/cmake --build /home/developer/aerostack2_ws/build/as2_state_estimator -- -j20 -l20
[187.907s] DEBUG:colcon.colcon_core.event_handler.log_command:Invoking command in '/home/developer/aerostack2_ws/build/as2_state_estimator': AMENT_PREFIX_PATH=/home/developer/aerostack2_ws/install/as2_core:/home/developer/aerostack2_ws/install/as2_msgs:${AMENT_PREFIX_PATH} CMAKE_PREFIX_PATH=/home/developer/aerostack2_ws/install/as2_core:/home/developer/aerostack2_ws/install/as2_msgs:/opt/ros/humble LD_LIBRARY_PATH=/home/developer/aerostack2_ws/install/as2_core/lib:/home/developer/aerostack2_ws/install/as2_msgs/lib:${LD_LIBRARY_PATH} PYTHONPATH=/home/developer/aerostack2_ws/install/as2_core/local/lib/python3.10/dist-packages:/home/developer/aerostack2_ws/install/as2_msgs/local/lib/python3.10/dist-packages:${PYTHONPATH} /usr/bin/cmake --install /home/developer/aerostack2_ws/build/as2_state_estimator
[188.138s] Level 1:colcon.colcon_core.environment:create_environment_scripts_only(as2_state_estimator)
[188.138s] Level 1:colcon.colcon_core.environment:checking '/home/developer/aerostack2_ws/install/as2_state_estimator' for CMake module files
[188.139s] DEBUG:colcon.colcon_core.event_handler.log_command:Invoked command in '/home/developer/aerostack2_ws/build/as2_state_estimator' returned '0': AMENT_PREFIX_PATH=/home/developer/aerostack2_ws/install/as2_core:/home/developer/aerostack2_ws/install/as2_msgs:${AMENT_PREFIX_PATH} CMAKE_PREFIX_PATH=/home/developer/aerostack2_ws/install/as2_core:/home/developer/aerostack2_ws/install/as2_msgs:/opt/ros/humble LD_LIBRARY_PATH=/home/developer/aerostack2_ws/install/as2_core/lib:/home/developer/aerostack2_ws/install/as2_msgs/lib:${LD_LIBRARY_PATH} PYTHONPATH=/home/developer/aerostack2_ws/install/as2_core/local/lib/python3.10/dist-packages:/home/developer/aerostack2_ws/install/as2_msgs/local/lib/python3.10/dist-packages:${PYTHONPATH} /usr/bin/cmake --install /home/developer/aerostack2_ws/build/as2_state_estimator
[188.139s] Level 1:colcon.colcon_core.environment:checking '/home/developer/aerostack2_ws/install/as2_state_estimator' for CMake config files
[188.140s] Level 1:colcon.colcon_core.shell:create_environment_hook('as2_state_estimator', 'cmake_prefix_path')
[188.140s] INFO:colcon.colcon_core.shell:Creating environment hook '/home/developer/aerostack2_ws/install/as2_state_estimator/share/as2_state_estimator/hook/cmake_prefix_path.ps1'
[188.140s] INFO:colcon.colcon_core.shell:Creating environment descriptor '/home/developer/aerostack2_ws/install/as2_state_estimator/share/as2_state_estimator/hook/cmake_prefix_path.dsv'
[188.141s] INFO:colcon.colcon_core.shell:Creating environment hook '/home/developer/aerostack2_ws/install/as2_state_estimator/share/as2_state_estimator/hook/cmake_prefix_path.sh'
[188.141s] Level 1:colcon.colcon_core.environment:checking '/home/developer/aerostack2_ws/install/as2_state_estimator/lib'
[188.141s] Level 1:colcon.colcon_core.shell:create_environment_hook('as2_state_estimator', 'ld_library_path_lib')
[188.141s] INFO:colcon.colcon_core.shell:Creating environment hook '/home/developer/aerostack2_ws/install/as2_state_estimator/share/as2_state_estimator/hook/ld_library_path_lib.ps1'
[188.142s] INFO:colcon.colcon_core.shell:Creating environment descriptor '/home/developer/aerostack2_ws/install/as2_state_estimator/share/as2_state_estimator/hook/ld_library_path_lib.dsv'
[188.142s] INFO:colcon.colcon_core.shell:Creating environment hook '/home/developer/aerostack2_ws/install/as2_state_estimator/share/as2_state_estimator/hook/ld_library_path_lib.sh'
[188.142s] Level 1:colcon.colcon_core.environment:checking '/home/developer/aerostack2_ws/install/as2_state_estimator/bin'
[188.142s] Level 1:colcon.colcon_core.environment:checking '/home/developer/aerostack2_ws/install/as2_state_estimator/lib/pkgconfig/as2_state_estimator.pc'
[188.142s] Level 1:colcon.colcon_core.environment:checking '/home/developer/aerostack2_ws/install/as2_state_estimator/lib/python3.10/site-packages'
[188.142s] Level 1:colcon.colcon_core.environment:checking '/home/developer/aerostack2_ws/install/as2_state_estimator/bin'
[188.142s] INFO:colcon.colcon_core.shell:Creating package script '/home/developer/aerostack2_ws/install/as2_state_estimator/share/as2_state_estimator/package.ps1'
[188.143s] INFO:colcon.colcon_core.shell:Creating package descriptor '/home/developer/aerostack2_ws/install/as2_state_estimator/share/as2_state_estimator/package.dsv'
[188.143s] INFO:colcon.colcon_core.shell:Creating package script '/home/developer/aerostack2_ws/install/as2_state_estimator/share/as2_state_estimator/package.sh'
[188.143s] INFO:colcon.colcon_core.shell:Creating package script '/home/developer/aerostack2_ws/install/as2_state_estimator/share/as2_state_estimator/package.bash'
[188.143s] INFO:colcon.colcon_core.shell:Creating package script '/home/developer/aerostack2_ws/install/as2_state_estimator/share/as2_state_estimator/package.zsh'
[188.143s] Level 1:colcon.colcon_core.environment:create_file_with_runtime_dependencies(/home/developer/aerostack2_ws/install/as2_state_estimator/share/colcon-core/packages/as2_state_estimator)
[188.144s] Level 1:colcon.colcon_core.environment:create_environment_scripts_only(as2_state_estimator)
[188.144s] Level 1:colcon.colcon_core.environment:checking '/home/developer/aerostack2_ws/install/as2_state_estimator' for CMake module files
[188.144s] Level 1:colcon.colcon_core.environment:checking '/home/developer/aerostack2_ws/install/as2_state_estimator' for CMake config files
[188.144s] Level 1:colcon.colcon_core.shell:create_environment_hook('as2_state_estimator', 'cmake_prefix_path')
[188.144s] INFO:colcon.colcon_core.shell:Creating environment hook '/home/developer/aerostack2_ws/install/as2_state_estimator/share/as2_state_estimator/hook/cmake_prefix_path.ps1'
[188.144s] INFO:colcon.colcon_core.shell:Creating environment descriptor '/home/developer/aerostack2_ws/install/as2_state_estimator/share/as2_state_estimator/hook/cmake_prefix_path.dsv'
[188.145s] INFO:colcon.colcon_core.shell:Creating environment hook '/home/developer/aerostack2_ws/install/as2_state_estimator/share/as2_state_estimator/hook/cmake_prefix_path.sh'
[188.145s] Level 1:colcon.colcon_core.environment:checking '/home/developer/aerostack2_ws/install/as2_state_estimator/lib'
[188.145s] Level 1:colcon.colcon_core.shell:create_environment_hook('as2_state_estimator', 'ld_library_path_lib')
[188.145s] INFO:colcon.colcon_core.shell:Creating environment hook '/home/developer/aerostack2_ws/install/as2_state_estimator/share/as2_state_estimator/hook/ld_library_path_lib.ps1'
[188.145s] INFO:colcon.colcon_core.shell:Creating environment descriptor '/home/developer/aerostack2_ws/install/as2_state_estimator/share/as2_state_estimator/hook/ld_library_path_lib.dsv'
[188.145s] INFO:colcon.colcon_core.shell:Creating environment hook '/home/developer/aerostack2_ws/install/as2_state_estimator/share/as2_state_estimator/hook/ld_library_path_lib.sh'
[188.145s] Level 1:colcon.colcon_core.environment:checking '/home/developer/aerostack2_ws/install/as2_state_estimator/bin'
[188.146s] Level 1:colcon.colcon_core.environment:checking '/home/developer/aerostack2_ws/install/as2_state_estimator/lib/pkgconfig/as2_state_estimator.pc'
[188.146s] Level 1:colcon.colcon_core.environment:checking '/home/developer/aerostack2_ws/install/as2_state_estimator/lib/python3.10/site-packages'
[188.146s] Level 1:colcon.colcon_core.environment:checking '/home/developer/aerostack2_ws/install/as2_state_estimator/bin'
[188.146s] INFO:colcon.colcon_core.shell:Creating package script '/home/developer/aerostack2_ws/install/as2_state_estimator/share/as2_state_estimator/package.ps1'
[188.146s] INFO:colcon.colcon_core.shell:Creating package descriptor '/home/developer/aerostack2_ws/install/as2_state_estimator/share/as2_state_estimator/package.dsv'
[188.147s] INFO:colcon.colcon_core.shell:Creating package script '/home/developer/aerostack2_ws/install/as2_state_estimator/share/as2_state_estimator/package.sh'
[188.147s] INFO:colcon.colcon_core.shell:Creating package script '/home/developer/aerostack2_ws/install/as2_state_estimator/share/as2_state_estimator/package.bash'
[188.147s] INFO:colcon.colcon_core.shell:Creating package script '/home/developer/aerostack2_ws/install/as2_state_estimator/share/as2_state_estimator/package.zsh'
[188.147s] Level 1:colcon.colcon_core.environment:create_file_with_runtime_dependencies(/home/developer/aerostack2_ws/install/as2_state_estimator/share/colcon-core/packages/as2_state_estimator)
[188.148s] INFO:colcon.colcon_ros.task.ament_cmake.build:Building ROS package in '/home/developer/aerostack2_ws/src/aerostack2-tcc_lucca/as2_hardware_drivers/as2_usb_camera_interface' with build type 'ament_cmake'
[188.148s] INFO:colcon.colcon_cmake.task.cmake.build:Building CMake package in '/home/developer/aerostack2_ws/src/aerostack2-tcc_lucca/as2_hardware_drivers/as2_usb_camera_interface'
[188.148s] INFO:colcon.colcon_core.shell:Skip shell extension 'powershell' for command environment: Not usable outside of PowerShell
[188.148s] DEBUG:colcon.colcon_core.shell:Skip shell extension 'dsv' for command environment
[188.157s] DEBUG:colcon.colcon_core.event_handler.log_command:Invoking command in '/home/developer/aerostack2_ws/build/as2_usb_camera_interface': AMENT_PREFIX_PATH=/home/developer/aerostack2_ws/install/as2_core:/home/developer/aerostack2_ws/install/as2_msgs:${AMENT_PREFIX_PATH} CMAKE_PREFIX_PATH=/home/developer/aerostack2_ws/install/as2_core:/home/developer/aerostack2_ws/install/as2_msgs:/opt/ros/humble LD_LIBRARY_PATH=/home/developer/aerostack2_ws/install/as2_core/lib:/home/developer/aerostack2_ws/install/as2_msgs/lib:${LD_LIBRARY_PATH} PYTHONPATH=/home/developer/aerostack2_ws/install/as2_core/local/lib/python3.10/dist-packages:/home/developer/aerostack2_ws/install/as2_msgs/local/lib/python3.10/dist-packages:${PYTHONPATH} /usr/bin/cmake --build /home/developer/aerostack2_ws/build/as2_usb_camera_interface -- -j20 -l20
[196.384s] DEBUG:colcon.colcon_core.event_handler.log_command:Invoked command in '/home/developer/aerostack2_ws/build/as2_usb_camera_interface' returned '0': AMENT_PREFIX_PATH=/home/developer/aerostack2_ws/install/as2_core:/home/developer/aerostack2_ws/install/as2_msgs:${AMENT_PREFIX_PATH} CMAKE_PREFIX_PATH=/home/developer/aerostack2_ws/install/as2_core:/home/developer/aerostack2_ws/install/as2_msgs:/opt/ros/humble LD_LIBRARY_PATH=/home/developer/aerostack2_ws/install/as2_core/lib:/home/developer/aerostack2_ws/install/as2_msgs/lib:${LD_LIBRARY_PATH} PYTHONPATH=/home/developer/aerostack2_ws/install/as2_core/local/lib/python3.10/dist-packages:/home/developer/aerostack2_ws/install/as2_msgs/local/lib/python3.10/dist-packages:${PYTHONPATH} /usr/bin/cmake --build /home/developer/aerostack2_ws/build/as2_usb_camera_interface -- -j20 -l20
[196.385s] DEBUG:colcon.colcon_core.event_handler.log_command:Invoking command in '/home/developer/aerostack2_ws/build/as2_usb_camera_interface': AMENT_PREFIX_PATH=/home/developer/aerostack2_ws/install/as2_core:/home/developer/aerostack2_ws/install/as2_msgs:${AMENT_PREFIX_PATH} CMAKE_PREFIX_PATH=/home/developer/aerostack2_ws/install/as2_core:/home/developer/aerostack2_ws/install/as2_msgs:/opt/ros/humble LD_LIBRARY_PATH=/home/developer/aerostack2_ws/install/as2_core/lib:/home/developer/aerostack2_ws/install/as2_msgs/lib:${LD_LIBRARY_PATH} PYTHONPATH=/home/developer/aerostack2_ws/install/as2_core/local/lib/python3.10/dist-packages:/home/developer/aerostack2_ws/install/as2_msgs/local/lib/python3.10/dist-packages:${PYTHONPATH} /usr/bin/cmake --install /home/developer/aerostack2_ws/build/as2_usb_camera_interface
[196.558s] Level 1:colcon.colcon_core.environment:create_environment_scripts_only(as2_usb_camera_interface)
[196.559s] Level 1:colcon.colcon_core.environment:checking '/home/developer/aerostack2_ws/install/as2_usb_camera_interface' for CMake module files
[196.559s] DEBUG:colcon.colcon_core.event_handler.log_command:Invoked command in '/home/developer/aerostack2_ws/build/as2_usb_camera_interface' returned '0': AMENT_PREFIX_PATH=/home/developer/aerostack2_ws/install/as2_core:/home/developer/aerostack2_ws/install/as2_msgs:${AMENT_PREFIX_PATH} CMAKE_PREFIX_PATH=/home/developer/aerostack2_ws/install/as2_core:/home/developer/aerostack2_ws/install/as2_msgs:/opt/ros/humble LD_LIBRARY_PATH=/home/developer/aerostack2_ws/install/as2_core/lib:/home/developer/aerostack2_ws/install/as2_msgs/lib:${LD_LIBRARY_PATH} PYTHONPATH=/home/developer/aerostack2_ws/install/as2_core/local/lib/python3.10/dist-packages:/home/developer/aerostack2_ws/install/as2_msgs/local/lib/python3.10/dist-packages:${PYTHONPATH} /usr/bin/cmake --install /home/developer/aerostack2_ws/build/as2_usb_camera_interface
[196.559s] Level 1:colcon.colcon_core.environment:checking '/home/developer/aerostack2_ws/install/as2_usb_camera_interface' for CMake config files
[196.559s] Level 1:colcon.colcon_core.shell:create_environment_hook('as2_usb_camera_interface', 'cmake_prefix_path')
[196.559s] INFO:colcon.colcon_core.shell:Creating environment hook '/home/developer/aerostack2_ws/install/as2_usb_camera_interface/share/as2_usb_camera_interface/hook/cmake_prefix_path.ps1'
[196.560s] INFO:colcon.colcon_core.shell:Creating environment descriptor '/home/developer/aerostack2_ws/install/as2_usb_camera_interface/share/as2_usb_camera_interface/hook/cmake_prefix_path.dsv'
[196.560s] INFO:colcon.colcon_core.shell:Creating environment hook '/home/developer/aerostack2_ws/install/as2_usb_camera_interface/share/as2_usb_camera_interface/hook/cmake_prefix_path.sh'
[196.560s] Level 1:colcon.colcon_core.environment:checking '/home/developer/aerostack2_ws/install/as2_usb_camera_interface/lib'
[196.560s] Level 1:colcon.colcon_core.environment:checking '/home/developer/aerostack2_ws/install/as2_usb_camera_interface/bin'
[196.560s] Level 1:colcon.colcon_core.environment:checking '/home/developer/aerostack2_ws/install/as2_usb_camera_interface/lib/pkgconfig/as2_usb_camera_interface.pc'
[196.561s] Level 1:colcon.colcon_core.environment:checking '/home/developer/aerostack2_ws/install/as2_usb_camera_interface/lib/python3.10/site-packages'
[196.561s] Level 1:colcon.colcon_core.environment:checking '/home/developer/aerostack2_ws/install/as2_usb_camera_interface/bin'
[196.561s] INFO:colcon.colcon_core.shell:Creating package script '/home/developer/aerostack2_ws/install/as2_usb_camera_interface/share/as2_usb_camera_interface/package.ps1'
[196.561s] INFO:colcon.colcon_core.shell:Creating package descriptor '/home/developer/aerostack2_ws/install/as2_usb_camera_interface/share/as2_usb_camera_interface/package.dsv'
[196.561s] INFO:colcon.colcon_core.shell:Creating package script '/home/developer/aerostack2_ws/install/as2_usb_camera_interface/share/as2_usb_camera_interface/package.sh'
[196.561s] INFO:colcon.colcon_core.shell:Creating package script '/home/developer/aerostack2_ws/install/as2_usb_camera_interface/share/as2_usb_camera_interface/package.bash'
[196.562s] INFO:colcon.colcon_core.shell:Creating package script '/home/developer/aerostack2_ws/install/as2_usb_camera_interface/share/as2_usb_camera_interface/package.zsh'
[196.562s] Level 1:colcon.colcon_core.environment:create_file_with_runtime_dependencies(/home/developer/aerostack2_ws/install/as2_usb_camera_interface/share/colcon-core/packages/as2_usb_camera_interface)
[196.562s] Level 1:colcon.colcon_core.environment:create_environment_scripts_only(as2_usb_camera_interface)
[196.562s] Level 1:colcon.colcon_core.environment:checking '/home/developer/aerostack2_ws/install/as2_usb_camera_interface' for CMake module files
[196.563s] Level 1:colcon.colcon_core.environment:checking '/home/developer/aerostack2_ws/install/as2_usb_camera_interface' for CMake config files
[196.563s] Level 1:colcon.colcon_core.shell:create_environment_hook('as2_usb_camera_interface', 'cmake_prefix_path')
[196.563s] INFO:colcon.colcon_core.shell:Creating environment hook '/home/developer/aerostack2_ws/install/as2_usb_camera_interface/share/as2_usb_camera_interface/hook/cmake_prefix_path.ps1'
[196.563s] INFO:colcon.colcon_core.shell:Creating environment descriptor '/home/developer/aerostack2_ws/install/as2_usb_camera_interface/share/as2_usb_camera_interface/hook/cmake_prefix_path.dsv'
[196.563s] INFO:colcon.colcon_core.shell:Creating environment hook '/home/developer/aerostack2_ws/install/as2_usb_camera_interface/share/as2_usb_camera_interface/hook/cmake_prefix_path.sh'
[196.563s] Level 1:colcon.colcon_core.environment:checking '/home/developer/aerostack2_ws/install/as2_usb_camera_interface/lib'
[196.563s] Level 1:colcon.colcon_core.environment:checking '/home/developer/aerostack2_ws/install/as2_usb_camera_interface/bin'
[196.563s] Level 1:colcon.colcon_core.environment:checking '/home/developer/aerostack2_ws/install/as2_usb_camera_interface/lib/pkgconfig/as2_usb_camera_interface.pc'
[196.564s] Level 1:colcon.colcon_core.environment:checking '/home/developer/aerostack2_ws/install/as2_usb_camera_interface/lib/python3.10/site-packages'
[196.564s] Level 1:colcon.colcon_core.environment:checking '/home/developer/aerostack2_ws/install/as2_usb_camera_interface/bin'
[196.564s] INFO:colcon.colcon_core.shell:Creating package script '/home/developer/aerostack2_ws/install/as2_usb_camera_interface/share/as2_usb_camera_interface/package.ps1'
[196.564s] INFO:colcon.colcon_core.shell:Creating package descriptor '/home/developer/aerostack2_ws/install/as2_usb_camera_interface/share/as2_usb_camera_interface/package.dsv'
[196.564s] INFO:colcon.colcon_core.shell:Creating package script '/home/developer/aerostack2_ws/install/as2_usb_camera_interface/share/as2_usb_camera_interface/package.sh'
[196.565s] INFO:colcon.colcon_core.shell:Creating package script '/home/developer/aerostack2_ws/install/as2_usb_camera_interface/share/as2_usb_camera_interface/package.bash'
[196.565s] INFO:colcon.colcon_core.shell:Creating package script '/home/developer/aerostack2_ws/install/as2_usb_camera_interface/share/as2_usb_camera_interface/package.zsh'
[196.565s] Level 1:colcon.colcon_core.environment:create_file_with_runtime_dependencies(/home/developer/aerostack2_ws/install/as2_usb_camera_interface/share/colcon-core/packages/as2_usb_camera_interface)
[196.565s] INFO:colcon.colcon_ros.task.ament_cmake.build:Building ROS package in '/home/developer/aerostack2_ws/src/aerostack2-tcc_lucca/as2_behaviors/as2_behaviors_motion' with build type 'ament_cmake'
[196.565s] INFO:colcon.colcon_cmake.task.cmake.build:Building CMake package in '/home/developer/aerostack2_ws/src/aerostack2-tcc_lucca/as2_behaviors/as2_behaviors_motion'
[196.565s] INFO:colcon.colcon_core.shell:Skip shell extension 'powershell' for command environment: Not usable outside of PowerShell
[196.565s] DEBUG:colcon.colcon_core.shell:Skip shell extension 'dsv' for command environment
[196.580s] DEBUG:colcon.colcon_core.event_handler.log_command:Invoking command in '/home/developer/aerostack2_ws/build/as2_behaviors_motion': AMENT_PREFIX_PATH=/home/developer/aerostack2_ws/install/as2_motion_reference_handlers:/home/developer/aerostack2_ws/install/as2_behavior:/home/developer/aerostack2_ws/install/as2_core:/home/developer/aerostack2_ws/install/as2_msgs:${AMENT_PREFIX_PATH} CMAKE_PREFIX_PATH=/home/developer/aerostack2_ws/install/as2_motion_reference_handlers:/home/developer/aerostack2_ws/install/as2_behavior:/home/developer/aerostack2_ws/install/as2_core:/home/developer/aerostack2_ws/install/as2_msgs:/opt/ros/humble LD_LIBRARY_PATH=/home/developer/aerostack2_ws/install/as2_motion_reference_handlers/lib:/home/developer/aerostack2_ws/install/as2_behavior/lib:/home/developer/aerostack2_ws/install/as2_core/lib:/home/developer/aerostack2_ws/install/as2_msgs/lib:${LD_LIBRARY_PATH} PYTHONPATH=/home/developer/aerostack2_ws/install/as2_motion_reference_handlers/local/lib/python3.10/dist-packages:/home/developer/aerostack2_ws/install/as2_core/local/lib/python3.10/dist-packages:/home/developer/aerostack2_ws/install/as2_msgs/local/lib/python3.10/dist-packages:${PYTHONPATH} /usr/bin/cmake /home/developer/aerostack2_ws/src/aerostack2-tcc_lucca/as2_behaviors/as2_behaviors_motion -DAMENT_CMAKE_SYMLINK_INSTALL=1 -DCMAKE_INSTALL_PREFIX=/home/developer/aerostack2_ws/install/as2_behaviors_motion
[197.803s] DEBUG:colcon.colcon_core.event_handler.log_command:Invoked command in '/home/developer/aerostack2_ws/build/as2_behaviors_motion' returned '0': AMENT_PREFIX_PATH=/home/developer/aerostack2_ws/install/as2_motion_reference_handlers:/home/developer/aerostack2_ws/install/as2_behavior:/home/developer/aerostack2_ws/install/as2_core:/home/developer/aerostack2_ws/install/as2_msgs:${AMENT_PREFIX_PATH} CMAKE_PREFIX_PATH=/home/developer/aerostack2_ws/install/as2_motion_reference_handlers:/home/developer/aerostack2_ws/install/as2_behavior:/home/developer/aerostack2_ws/install/as2_core:/home/developer/aerostack2_ws/install/as2_msgs:/opt/ros/humble LD_LIBRARY_PATH=/home/developer/aerostack2_ws/install/as2_motion_reference_handlers/lib:/home/developer/aerostack2_ws/install/as2_behavior/lib:/home/developer/aerostack2_ws/install/as2_core/lib:/home/developer/aerostack2_ws/install/as2_msgs/lib:${LD_LIBRARY_PATH} PYTHONPATH=/home/developer/aerostack2_ws/install/as2_motion_reference_handlers/local/lib/python3.10/dist-packages:/home/developer/aerostack2_ws/install/as2_core/local/lib/python3.10/dist-packages:/home/developer/aerostack2_ws/install/as2_msgs/local/lib/python3.10/dist-packages:${PYTHONPATH} /usr/bin/cmake /home/developer/aerostack2_ws/src/aerostack2-tcc_lucca/as2_behaviors/as2_behaviors_motion -DAMENT_CMAKE_SYMLINK_INSTALL=1 -DCMAKE_INSTALL_PREFIX=/home/developer/aerostack2_ws/install/as2_behaviors_motion
[197.804s] DEBUG:colcon.colcon_core.event_handler.log_command:Invoking command in '/home/developer/aerostack2_ws/build/as2_behaviors_motion': AMENT_PREFIX_PATH=/home/developer/aerostack2_ws/install/as2_motion_reference_handlers:/home/developer/aerostack2_ws/install/as2_behavior:/home/developer/aerostack2_ws/install/as2_core:/home/developer/aerostack2_ws/install/as2_msgs:${AMENT_PREFIX_PATH} CMAKE_PREFIX_PATH=/home/developer/aerostack2_ws/install/as2_motion_reference_handlers:/home/developer/aerostack2_ws/install/as2_behavior:/home/developer/aerostack2_ws/install/as2_core:/home/developer/aerostack2_ws/install/as2_msgs:/opt/ros/humble LD_LIBRARY_PATH=/home/developer/aerostack2_ws/install/as2_motion_reference_handlers/lib:/home/developer/aerostack2_ws/install/as2_behavior/lib:/home/developer/aerostack2_ws/install/as2_core/lib:/home/developer/aerostack2_ws/install/as2_msgs/lib:${LD_LIBRARY_PATH} PYTHONPATH=/home/developer/aerostack2_ws/install/as2_motion_reference_handlers/local/lib/python3.10/dist-packages:/home/developer/aerostack2_ws/install/as2_core/local/lib/python3.10/dist-packages:/home/developer/aerostack2_ws/install/as2_msgs/local/lib/python3.10/dist-packages:${PYTHONPATH} /usr/bin/cmake --build /home/developer/aerostack2_ws/build/as2_behaviors_motion -- -j20 -l20
[227.735s] DEBUG:colcon.colcon_core.event_handler.log_command:Invoked command in '/home/developer/aerostack2_ws/build/as2_behaviors_motion' returned '0': AMENT_PREFIX_PATH=/home/developer/aerostack2_ws/install/as2_motion_reference_handlers:/home/developer/aerostack2_ws/install/as2_behavior:/home/developer/aerostack2_ws/install/as2_core:/home/developer/aerostack2_ws/install/as2_msgs:${AMENT_PREFIX_PATH} CMAKE_PREFIX_PATH=/home/developer/aerostack2_ws/install/as2_motion_reference_handlers:/home/developer/aerostack2_ws/install/as2_behavior:/home/developer/aerostack2_ws/install/as2_core:/home/developer/aerostack2_ws/install/as2_msgs:/opt/ros/humble LD_LIBRARY_PATH=/home/developer/aerostack2_ws/install/as2_motion_reference_handlers/lib:/home/developer/aerostack2_ws/install/as2_behavior/lib:/home/developer/aerostack2_ws/install/as2_core/lib:/home/developer/aerostack2_ws/install/as2_msgs/lib:${LD_LIBRARY_PATH} PYTHONPATH=/home/developer/aerostack2_ws/install/as2_motion_reference_handlers/local/lib/python3.10/dist-packages:/home/developer/aerostack2_ws/install/as2_core/local/lib/python3.10/dist-packages:/home/developer/aerostack2_ws/install/as2_msgs/local/lib/python3.10/dist-packages:${PYTHONPATH} /usr/bin/cmake --build /home/developer/aerostack2_ws/build/as2_behaviors_motion -- -j20 -l20
[227.736s] DEBUG:colcon.colcon_core.event_handler.log_command:Invoking command in '/home/developer/aerostack2_ws/build/as2_behaviors_motion': AMENT_PREFIX_PATH=/home/developer/aerostack2_ws/install/as2_motion_reference_handlers:/home/developer/aerostack2_ws/install/as2_behavior:/home/developer/aerostack2_ws/install/as2_core:/home/developer/aerostack2_ws/install/as2_msgs:${AMENT_PREFIX_PATH} CMAKE_PREFIX_PATH=/home/developer/aerostack2_ws/install/as2_motion_reference_handlers:/home/developer/aerostack2_ws/install/as2_behavior:/home/developer/aerostack2_ws/install/as2_core:/home/developer/aerostack2_ws/install/as2_msgs:/opt/ros/humble LD_LIBRARY_PATH=/home/developer/aerostack2_ws/install/as2_motion_reference_handlers/lib:/home/developer/aerostack2_ws/install/as2_behavior/lib:/home/developer/aerostack2_ws/install/as2_core/lib:/home/developer/aerostack2_ws/install/as2_msgs/lib:${LD_LIBRARY_PATH} PYTHONPATH=/home/developer/aerostack2_ws/install/as2_motion_reference_handlers/local/lib/python3.10/dist-packages:/home/developer/aerostack2_ws/install/as2_core/local/lib/python3.10/dist-packages:/home/developer/aerostack2_ws/install/as2_msgs/local/lib/python3.10/dist-packages:${PYTHONPATH} /usr/bin/cmake --install /home/developer/aerostack2_ws/build/as2_behaviors_motion
[228.102s] Level 1:colcon.colcon_core.environment:create_environment_scripts_only(as2_behaviors_motion)
[228.103s] DEBUG:colcon.colcon_core.event_handler.log_command:Invoked command in '/home/developer/aerostack2_ws/build/as2_behaviors_motion' returned '0': AMENT_PREFIX_PATH=/home/developer/aerostack2_ws/install/as2_motion_reference_handlers:/home/developer/aerostack2_ws/install/as2_behavior:/home/developer/aerostack2_ws/install/as2_core:/home/developer/aerostack2_ws/install/as2_msgs:${AMENT_PREFIX_PATH} CMAKE_PREFIX_PATH=/home/developer/aerostack2_ws/install/as2_motion_reference_handlers:/home/developer/aerostack2_ws/install/as2_behavior:/home/developer/aerostack2_ws/install/as2_core:/home/developer/aerostack2_ws/install/as2_msgs:/opt/ros/humble LD_LIBRARY_PATH=/home/developer/aerostack2_ws/install/as2_motion_reference_handlers/lib:/home/developer/aerostack2_ws/install/as2_behavior/lib:/home/developer/aerostack2_ws/install/as2_core/lib:/home/developer/aerostack2_ws/install/as2_msgs/lib:${LD_LIBRARY_PATH} PYTHONPATH=/home/developer/aerostack2_ws/install/as2_motion_reference_handlers/local/lib/python3.10/dist-packages:/home/developer/aerostack2_ws/install/as2_core/local/lib/python3.10/dist-packages:/home/developer/aerostack2_ws/install/as2_msgs/local/lib/python3.10/dist-packages:${PYTHONPATH} /usr/bin/cmake --install /home/developer/aerostack2_ws/build/as2_behaviors_motion
[228.103s] Level 1:colcon.colcon_core.environment:checking '/home/developer/aerostack2_ws/install/as2_behaviors_motion' for CMake module files
[228.104s] Level 1:colcon.colcon_core.environment:checking '/home/developer/aerostack2_ws/install/as2_behaviors_motion' for CMake config files
[228.104s] Level 1:colcon.colcon_core.shell:create_environment_hook('as2_behaviors_motion', 'cmake_prefix_path')
[228.104s] INFO:colcon.colcon_core.shell:Creating environment hook '/home/developer/aerostack2_ws/install/as2_behaviors_motion/share/as2_behaviors_motion/hook/cmake_prefix_path.ps1'
[228.105s] INFO:colcon.colcon_core.shell:Creating environment descriptor '/home/developer/aerostack2_ws/install/as2_behaviors_motion/share/as2_behaviors_motion/hook/cmake_prefix_path.dsv'
[228.105s] INFO:colcon.colcon_core.shell:Creating environment hook '/home/developer/aerostack2_ws/install/as2_behaviors_motion/share/as2_behaviors_motion/hook/cmake_prefix_path.sh'
[228.106s] Level 1:colcon.colcon_core.environment:checking '/home/developer/aerostack2_ws/install/as2_behaviors_motion/lib'
[228.106s] Level 1:colcon.colcon_core.shell:create_environment_hook('as2_behaviors_motion', 'ld_library_path_lib')
[228.106s] INFO:colcon.colcon_core.shell:Creating environment hook '/home/developer/aerostack2_ws/install/as2_behaviors_motion/share/as2_behaviors_motion/hook/ld_library_path_lib.ps1'
[228.106s] INFO:colcon.colcon_core.shell:Creating environment descriptor '/home/developer/aerostack2_ws/install/as2_behaviors_motion/share/as2_behaviors_motion/hook/ld_library_path_lib.dsv'
[228.106s] INFO:colcon.colcon_core.shell:Creating environment hook '/home/developer/aerostack2_ws/install/as2_behaviors_motion/share/as2_behaviors_motion/hook/ld_library_path_lib.sh'
[228.106s] Level 1:colcon.colcon_core.environment:checking '/home/developer/aerostack2_ws/install/as2_behaviors_motion/bin'
[228.107s] Level 1:colcon.colcon_core.environment:checking '/home/developer/aerostack2_ws/install/as2_behaviors_motion/lib/pkgconfig/as2_behaviors_motion.pc'
[228.107s] Level 1:colcon.colcon_core.environment:checking '/home/developer/aerostack2_ws/install/as2_behaviors_motion/lib/python3.10/site-packages'
[228.107s] Level 1:colcon.colcon_core.environment:checking '/home/developer/aerostack2_ws/install/as2_behaviors_motion/bin'
[228.107s] INFO:colcon.colcon_core.shell:Creating package script '/home/developer/aerostack2_ws/install/as2_behaviors_motion/share/as2_behaviors_motion/package.ps1'
[228.107s] INFO:colcon.colcon_core.shell:Creating package descriptor '/home/developer/aerostack2_ws/install/as2_behaviors_motion/share/as2_behaviors_motion/package.dsv'
[228.108s] INFO:colcon.colcon_core.shell:Creating package script '/home/developer/aerostack2_ws/install/as2_behaviors_motion/share/as2_behaviors_motion/package.sh'
[228.108s] INFO:colcon.colcon_core.shell:Creating package script '/home/developer/aerostack2_ws/install/as2_behaviors_motion/share/as2_behaviors_motion/package.bash'
[228.108s] INFO:colcon.colcon_core.shell:Creating package script '/home/developer/aerostack2_ws/install/as2_behaviors_motion/share/as2_behaviors_motion/package.zsh'
[228.108s] Level 1:colcon.colcon_core.environment:create_file_with_runtime_dependencies(/home/developer/aerostack2_ws/install/as2_behaviors_motion/share/colcon-core/packages/as2_behaviors_motion)
[228.109s] Level 1:colcon.colcon_core.environment:create_environment_scripts_only(as2_behaviors_motion)
[228.109s] Level 1:colcon.colcon_core.environment:checking '/home/developer/aerostack2_ws/install/as2_behaviors_motion' for CMake module files
[228.109s] Level 1:colcon.colcon_core.environment:checking '/home/developer/aerostack2_ws/install/as2_behaviors_motion' for CMake config files
[228.109s] Level 1:colcon.colcon_core.shell:create_environment_hook('as2_behaviors_motion', 'cmake_prefix_path')
[228.109s] INFO:colcon.colcon_core.shell:Creating environment hook '/home/developer/aerostack2_ws/install/as2_behaviors_motion/share/as2_behaviors_motion/hook/cmake_prefix_path.ps1'
[228.110s] INFO:colcon.colcon_core.shell:Creating environment descriptor '/home/developer/aerostack2_ws/install/as2_behaviors_motion/share/as2_behaviors_motion/hook/cmake_prefix_path.dsv'
[228.110s] INFO:colcon.colcon_core.shell:Creating environment hook '/home/developer/aerostack2_ws/install/as2_behaviors_motion/share/as2_behaviors_motion/hook/cmake_prefix_path.sh'
[228.110s] Level 1:colcon.colcon_core.environment:checking '/home/developer/aerostack2_ws/install/as2_behaviors_motion/lib'
[228.110s] Level 1:colcon.colcon_core.shell:create_environment_hook('as2_behaviors_motion', 'ld_library_path_lib')
[228.110s] INFO:colcon.colcon_core.shell:Creating environment hook '/home/developer/aerostack2_ws/install/as2_behaviors_motion/share/as2_behaviors_motion/hook/ld_library_path_lib.ps1'
[228.111s] INFO:colcon.colcon_core.shell:Creating environment descriptor '/home/developer/aerostack2_ws/install/as2_behaviors_motion/share/as2_behaviors_motion/hook/ld_library_path_lib.dsv'
[228.111s] INFO:colcon.colcon_core.shell:Creating environment hook '/home/developer/aerostack2_ws/install/as2_behaviors_motion/share/as2_behaviors_motion/hook/ld_library_path_lib.sh'
[228.111s] Level 1:colcon.colcon_core.environment:checking '/home/developer/aerostack2_ws/install/as2_behaviors_motion/bin'
[228.111s] Level 1:colcon.colcon_core.environment:checking '/home/developer/aerostack2_ws/install/as2_behaviors_motion/lib/pkgconfig/as2_behaviors_motion.pc'
[228.111s] Level 1:colcon.colcon_core.environment:checking '/home/developer/aerostack2_ws/install/as2_behaviors_motion/lib/python3.10/site-packages'
[228.111s] Level 1:colcon.colcon_core.environment:checking '/home/developer/aerostack2_ws/install/as2_behaviors_motion/bin'
[228.112s] INFO:colcon.colcon_core.shell:Creating package script '/home/developer/aerostack2_ws/install/as2_behaviors_motion/share/as2_behaviors_motion/package.ps1'
[228.112s] INFO:colcon.colcon_core.shell:Creating package descriptor '/home/developer/aerostack2_ws/install/as2_behaviors_motion/share/as2_behaviors_motion/package.dsv'
[228.112s] INFO:colcon.colcon_core.shell:Creating package script '/home/developer/aerostack2_ws/install/as2_behaviors_motion/share/as2_behaviors_motion/package.sh'
[228.112s] INFO:colcon.colcon_core.shell:Creating package script '/home/developer/aerostack2_ws/install/as2_behaviors_motion/share/as2_behaviors_motion/package.bash'
[228.113s] INFO:colcon.colcon_core.shell:Creating package script '/home/developer/aerostack2_ws/install/as2_behaviors_motion/share/as2_behaviors_motion/package.zsh'
[228.113s] Level 1:colcon.colcon_core.environment:create_file_with_runtime_dependencies(/home/developer/aerostack2_ws/install/as2_behaviors_motion/share/colcon-core/packages/as2_behaviors_motion)
[228.113s] INFO:colcon.colcon_ros.task.ament_cmake.build:Building ROS package in '/home/developer/aerostack2_ws/src/aerostack2-tcc_lucca/as2_behaviors/as2_behaviors_path_planning' with build type 'ament_cmake'
[228.113s] INFO:colcon.colcon_cmake.task.cmake.build:Building CMake package in '/home/developer/aerostack2_ws/src/aerostack2-tcc_lucca/as2_behaviors/as2_behaviors_path_planning'
[228.113s] INFO:colcon.colcon_core.shell:Skip shell extension 'powershell' for command environment: Not usable outside of PowerShell
[228.113s] DEBUG:colcon.colcon_core.shell:Skip shell extension 'dsv' for command environment
[228.126s] DEBUG:colcon.colcon_core.event_handler.log_command:Invoking command in '/home/developer/aerostack2_ws/build/as2_behaviors_path_planning': AMENT_PREFIX_PATH=/home/developer/aerostack2_ws/install/as2_behavior:/home/developer/aerostack2_ws/install/as2_core:/home/developer/aerostack2_ws/install/as2_msgs:${AMENT_PREFIX_PATH} CMAKE_PREFIX_PATH=/home/developer/aerostack2_ws/install/as2_behavior:/home/developer/aerostack2_ws/install/as2_core:/home/developer/aerostack2_ws/install/as2_msgs:/opt/ros/humble LD_LIBRARY_PATH=/home/developer/aerostack2_ws/install/as2_behavior/lib:/home/developer/aerostack2_ws/install/as2_core/lib:/home/developer/aerostack2_ws/install/as2_msgs/lib:${LD_LIBRARY_PATH} PYTHONPATH=/home/developer/aerostack2_ws/install/as2_core/local/lib/python3.10/dist-packages:/home/developer/aerostack2_ws/install/as2_msgs/local/lib/python3.10/dist-packages:${PYTHONPATH} /usr/bin/cmake /home/developer/aerostack2_ws/src/aerostack2-tcc_lucca/as2_behaviors/as2_behaviors_path_planning -DAMENT_CMAKE_SYMLINK_INSTALL=1 -DCMAKE_INSTALL_PREFIX=/home/developer/aerostack2_ws/install/as2_behaviors_path_planning
[229.306s] DEBUG:colcon.colcon_core.event_handler.log_command:Invoked command in '/home/developer/aerostack2_ws/build/as2_behaviors_path_planning' returned '0': AMENT_PREFIX_PATH=/home/developer/aerostack2_ws/install/as2_behavior:/home/developer/aerostack2_ws/install/as2_core:/home/developer/aerostack2_ws/install/as2_msgs:${AMENT_PREFIX_PATH} CMAKE_PREFIX_PATH=/home/developer/aerostack2_ws/install/as2_behavior:/home/developer/aerostack2_ws/install/as2_core:/home/developer/aerostack2_ws/install/as2_msgs:/opt/ros/humble LD_LIBRARY_PATH=/home/developer/aerostack2_ws/install/as2_behavior/lib:/home/developer/aerostack2_ws/install/as2_core/lib:/home/developer/aerostack2_ws/install/as2_msgs/lib:${LD_LIBRARY_PATH} PYTHONPATH=/home/developer/aerostack2_ws/install/as2_core/local/lib/python3.10/dist-packages:/home/developer/aerostack2_ws/install/as2_msgs/local/lib/python3.10/dist-packages:${PYTHONPATH} /usr/bin/cmake /home/developer/aerostack2_ws/src/aerostack2-tcc_lucca/as2_behaviors/as2_behaviors_path_planning -DAMENT_CMAKE_SYMLINK_INSTALL=1 -DCMAKE_INSTALL_PREFIX=/home/developer/aerostack2_ws/install/as2_behaviors_path_planning
[229.308s] DEBUG:colcon.colcon_core.event_handler.log_command:Invoking command in '/home/developer/aerostack2_ws/build/as2_behaviors_path_planning': AMENT_PREFIX_PATH=/home/developer/aerostack2_ws/install/as2_behavior:/home/developer/aerostack2_ws/install/as2_core:/home/developer/aerostack2_ws/install/as2_msgs:${AMENT_PREFIX_PATH} CMAKE_PREFIX_PATH=/home/developer/aerostack2_ws/install/as2_behavior:/home/developer/aerostack2_ws/install/as2_core:/home/developer/aerostack2_ws/install/as2_msgs:/opt/ros/humble LD_LIBRARY_PATH=/home/developer/aerostack2_ws/install/as2_behavior/lib:/home/developer/aerostack2_ws/install/as2_core/lib:/home/developer/aerostack2_ws/install/as2_msgs/lib:${LD_LIBRARY_PATH} PYTHONPATH=/home/developer/aerostack2_ws/install/as2_core/local/lib/python3.10/dist-packages:/home/developer/aerostack2_ws/install/as2_msgs/local/lib/python3.10/dist-packages:${PYTHONPATH} /usr/bin/cmake --build /home/developer/aerostack2_ws/build/as2_behaviors_path_planning -- -j20 -l20
[243.533s] DEBUG:colcon.colcon_core.event_handler.log_command:Invoked command in '/home/developer/aerostack2_ws/build/as2_behaviors_path_planning' returned '0': AMENT_PREFIX_PATH=/home/developer/aerostack2_ws/install/as2_behavior:/home/developer/aerostack2_ws/install/as2_core:/home/developer/aerostack2_ws/install/as2_msgs:${AMENT_PREFIX_PATH} CMAKE_PREFIX_PATH=/home/developer/aerostack2_ws/install/as2_behavior:/home/developer/aerostack2_ws/install/as2_core:/home/developer/aerostack2_ws/install/as2_msgs:/opt/ros/humble LD_LIBRARY_PATH=/home/developer/aerostack2_ws/install/as2_behavior/lib:/home/developer/aerostack2_ws/install/as2_core/lib:/home/developer/aerostack2_ws/install/as2_msgs/lib:${LD_LIBRARY_PATH} PYTHONPATH=/home/developer/aerostack2_ws/install/as2_core/local/lib/python3.10/dist-packages:/home/developer/aerostack2_ws/install/as2_msgs/local/lib/python3.10/dist-packages:${PYTHONPATH} /usr/bin/cmake --build /home/developer/aerostack2_ws/build/as2_behaviors_path_planning -- -j20 -l20
[243.534s] DEBUG:colcon.colcon_core.event_handler.log_command:Invoking command in '/home/developer/aerostack2_ws/build/as2_behaviors_path_planning': AMENT_PREFIX_PATH=/home/developer/aerostack2_ws/install/as2_behavior:/home/developer/aerostack2_ws/install/as2_core:/home/developer/aerostack2_ws/install/as2_msgs:${AMENT_PREFIX_PATH} CMAKE_PREFIX_PATH=/home/developer/aerostack2_ws/install/as2_behavior:/home/developer/aerostack2_ws/install/as2_core:/home/developer/aerostack2_ws/install/as2_msgs:/opt/ros/humble LD_LIBRARY_PATH=/home/developer/aerostack2_ws/install/as2_behavior/lib:/home/developer/aerostack2_ws/install/as2_core/lib:/home/developer/aerostack2_ws/install/as2_msgs/lib:${LD_LIBRARY_PATH} PYTHONPATH=/home/developer/aerostack2_ws/install/as2_core/local/lib/python3.10/dist-packages:/home/developer/aerostack2_ws/install/as2_msgs/local/lib/python3.10/dist-packages:${PYTHONPATH} /usr/bin/cmake --install /home/developer/aerostack2_ws/build/as2_behaviors_path_planning
[243.794s] Level 1:colcon.colcon_core.environment:create_environment_scripts_only(as2_behaviors_path_planning)
[243.794s] Level 1:colcon.colcon_core.environment:checking '/home/developer/aerostack2_ws/install/as2_behaviors_path_planning' for CMake module files
[243.794s] DEBUG:colcon.colcon_core.event_handler.log_command:Invoked command in '/home/developer/aerostack2_ws/build/as2_behaviors_path_planning' returned '0': AMENT_PREFIX_PATH=/home/developer/aerostack2_ws/install/as2_behavior:/home/developer/aerostack2_ws/install/as2_core:/home/developer/aerostack2_ws/install/as2_msgs:${AMENT_PREFIX_PATH} CMAKE_PREFIX_PATH=/home/developer/aerostack2_ws/install/as2_behavior:/home/developer/aerostack2_ws/install/as2_core:/home/developer/aerostack2_ws/install/as2_msgs:/opt/ros/humble LD_LIBRARY_PATH=/home/developer/aerostack2_ws/install/as2_behavior/lib:/home/developer/aerostack2_ws/install/as2_core/lib:/home/developer/aerostack2_ws/install/as2_msgs/lib:${LD_LIBRARY_PATH} PYTHONPATH=/home/developer/aerostack2_ws/install/as2_core/local/lib/python3.10/dist-packages:/home/developer/aerostack2_ws/install/as2_msgs/local/lib/python3.10/dist-packages:${PYTHONPATH} /usr/bin/cmake --install /home/developer/aerostack2_ws/build/as2_behaviors_path_planning
[243.795s] Level 1:colcon.colcon_core.environment:checking '/home/developer/aerostack2_ws/install/as2_behaviors_path_planning' for CMake config files
[243.795s] Level 1:colcon.colcon_core.shell:create_environment_hook('as2_behaviors_path_planning', 'cmake_prefix_path')
[243.795s] INFO:colcon.colcon_core.shell:Creating environment hook '/home/developer/aerostack2_ws/install/as2_behaviors_path_planning/share/as2_behaviors_path_planning/hook/cmake_prefix_path.ps1'
[243.795s] INFO:colcon.colcon_core.shell:Creating environment descriptor '/home/developer/aerostack2_ws/install/as2_behaviors_path_planning/share/as2_behaviors_path_planning/hook/cmake_prefix_path.dsv'
[243.796s] INFO:colcon.colcon_core.shell:Creating environment hook '/home/developer/aerostack2_ws/install/as2_behaviors_path_planning/share/as2_behaviors_path_planning/hook/cmake_prefix_path.sh'
[243.796s] Level 1:colcon.colcon_core.environment:checking '/home/developer/aerostack2_ws/install/as2_behaviors_path_planning/lib'
[243.796s] Level 1:colcon.colcon_core.shell:create_environment_hook('as2_behaviors_path_planning', 'ld_library_path_lib')
[243.804s] INFO:colcon.colcon_core.shell:Creating environment hook '/home/developer/aerostack2_ws/install/as2_behaviors_path_planning/share/as2_behaviors_path_planning/hook/ld_library_path_lib.ps1'
[243.804s] INFO:colcon.colcon_core.shell:Creating environment descriptor '/home/developer/aerostack2_ws/install/as2_behaviors_path_planning/share/as2_behaviors_path_planning/hook/ld_library_path_lib.dsv'
[243.804s] INFO:colcon.colcon_core.shell:Creating environment hook '/home/developer/aerostack2_ws/install/as2_behaviors_path_planning/share/as2_behaviors_path_planning/hook/ld_library_path_lib.sh'
[243.804s] Level 1:colcon.colcon_core.environment:checking '/home/developer/aerostack2_ws/install/as2_behaviors_path_planning/bin'
[243.804s] Level 1:colcon.colcon_core.environment:checking '/home/developer/aerostack2_ws/install/as2_behaviors_path_planning/lib/pkgconfig/as2_behaviors_path_planning.pc'
[243.804s] Level 1:colcon.colcon_core.environment:checking '/home/developer/aerostack2_ws/install/as2_behaviors_path_planning/lib/python3.10/site-packages'
[243.804s] Level 1:colcon.colcon_core.environment:checking '/home/developer/aerostack2_ws/install/as2_behaviors_path_planning/bin'
[243.805s] INFO:colcon.colcon_core.shell:Creating package script '/home/developer/aerostack2_ws/install/as2_behaviors_path_planning/share/as2_behaviors_path_planning/package.ps1'
[243.805s] INFO:colcon.colcon_core.shell:Creating package descriptor '/home/developer/aerostack2_ws/install/as2_behaviors_path_planning/share/as2_behaviors_path_planning/package.dsv'
[243.805s] INFO:colcon.colcon_core.shell:Creating package script '/home/developer/aerostack2_ws/install/as2_behaviors_path_planning/share/as2_behaviors_path_planning/package.sh'
[243.805s] INFO:colcon.colcon_core.shell:Creating package script '/home/developer/aerostack2_ws/install/as2_behaviors_path_planning/share/as2_behaviors_path_planning/package.bash'
[243.805s] INFO:colcon.colcon_core.shell:Creating package script '/home/developer/aerostack2_ws/install/as2_behaviors_path_planning/share/as2_behaviors_path_planning/package.zsh'
[243.806s] Level 1:colcon.colcon_core.environment:create_file_with_runtime_dependencies(/home/developer/aerostack2_ws/install/as2_behaviors_path_planning/share/colcon-core/packages/as2_behaviors_path_planning)
[243.806s] Level 1:colcon.colcon_core.environment:create_environment_scripts_only(as2_behaviors_path_planning)
[243.806s] Level 1:colcon.colcon_core.environment:checking '/home/developer/aerostack2_ws/install/as2_behaviors_path_planning' for CMake module files
[243.807s] Level 1:colcon.colcon_core.environment:checking '/home/developer/aerostack2_ws/install/as2_behaviors_path_planning' for CMake config files
[243.807s] Level 1:colcon.colcon_core.shell:create_environment_hook('as2_behaviors_path_planning', 'cmake_prefix_path')
[243.807s] INFO:colcon.colcon_core.shell:Creating environment hook '/home/developer/aerostack2_ws/install/as2_behaviors_path_planning/share/as2_behaviors_path_planning/hook/cmake_prefix_path.ps1'
[243.807s] INFO:colcon.colcon_core.shell:Creating environment descriptor '/home/developer/aerostack2_ws/install/as2_behaviors_path_planning/share/as2_behaviors_path_planning/hook/cmake_prefix_path.dsv'
[243.807s] INFO:colcon.colcon_core.shell:Creating environment hook '/home/developer/aerostack2_ws/install/as2_behaviors_path_planning/share/as2_behaviors_path_planning/hook/cmake_prefix_path.sh'
[243.808s] Level 1:colcon.colcon_core.environment:checking '/home/developer/aerostack2_ws/install/as2_behaviors_path_planning/lib'
[243.808s] Level 1:colcon.colcon_core.shell:create_environment_hook('as2_behaviors_path_planning', 'ld_library_path_lib')
[243.808s] INFO:colcon.colcon_core.shell:Creating environment hook '/home/developer/aerostack2_ws/install/as2_behaviors_path_planning/share/as2_behaviors_path_planning/hook/ld_library_path_lib.ps1'
[243.808s] INFO:colcon.colcon_core.shell:Creating environment descriptor '/home/developer/aerostack2_ws/install/as2_behaviors_path_planning/share/as2_behaviors_path_planning/hook/ld_library_path_lib.dsv'
[243.808s] INFO:colcon.colcon_core.shell:Creating environment hook '/home/developer/aerostack2_ws/install/as2_behaviors_path_planning/share/as2_behaviors_path_planning/hook/ld_library_path_lib.sh'
[243.808s] Level 1:colcon.colcon_core.environment:checking '/home/developer/aerostack2_ws/install/as2_behaviors_path_planning/bin'
[243.808s] Level 1:colcon.colcon_core.environment:checking '/home/developer/aerostack2_ws/install/as2_behaviors_path_planning/lib/pkgconfig/as2_behaviors_path_planning.pc'
[243.809s] Level 1:colcon.colcon_core.environment:checking '/home/developer/aerostack2_ws/install/as2_behaviors_path_planning/lib/python3.10/site-packages'
[243.809s] Level 1:colcon.colcon_core.environment:checking '/home/developer/aerostack2_ws/install/as2_behaviors_path_planning/bin'
[243.809s] INFO:colcon.colcon_core.shell:Creating package script '/home/developer/aerostack2_ws/install/as2_behaviors_path_planning/share/as2_behaviors_path_planning/package.ps1'
[243.809s] INFO:colcon.colcon_core.shell:Creating package descriptor '/home/developer/aerostack2_ws/install/as2_behaviors_path_planning/share/as2_behaviors_path_planning/package.dsv'
[243.809s] INFO:colcon.colcon_core.shell:Creating package script '/home/developer/aerostack2_ws/install/as2_behaviors_path_planning/share/as2_behaviors_path_planning/package.sh'
[243.810s] INFO:colcon.colcon_core.shell:Creating package script '/home/developer/aerostack2_ws/install/as2_behaviors_path_planning/share/as2_behaviors_path_planning/package.bash'
[243.810s] INFO:colcon.colcon_core.shell:Creating package script '/home/developer/aerostack2_ws/install/as2_behaviors_path_planning/share/as2_behaviors_path_planning/package.zsh'
[243.810s] Level 1:colcon.colcon_core.environment:create_file_with_runtime_dependencies(/home/developer/aerostack2_ws/install/as2_behaviors_path_planning/share/colcon-core/packages/as2_behaviors_path_planning)
[243.810s] INFO:colcon.colcon_ros.task.ament_cmake.build:Building ROS package in '/home/developer/aerostack2_ws/src/aerostack2-tcc_lucca/as2_behaviors/as2_behaviors_perception' with build type 'ament_cmake'
[243.810s] INFO:colcon.colcon_cmake.task.cmake.build:Building CMake package in '/home/developer/aerostack2_ws/src/aerostack2-tcc_lucca/as2_behaviors/as2_behaviors_perception'
[243.810s] INFO:colcon.colcon_core.shell:Skip shell extension 'powershell' for command environment: Not usable outside of PowerShell
[243.810s] DEBUG:colcon.colcon_core.shell:Skip shell extension 'dsv' for command environment
[243.820s] DEBUG:colcon.colcon_core.event_handler.log_command:Invoking command in '/home/developer/aerostack2_ws/build/as2_behaviors_perception': AMENT_PREFIX_PATH=/home/developer/aerostack2_ws/install/as2_behavior:/home/developer/aerostack2_ws/install/as2_core:/home/developer/aerostack2_ws/install/as2_msgs:${AMENT_PREFIX_PATH} CMAKE_PREFIX_PATH=/home/developer/aerostack2_ws/install/as2_behavior:/home/developer/aerostack2_ws/install/as2_core:/home/developer/aerostack2_ws/install/as2_msgs:/opt/ros/humble LD_LIBRARY_PATH=/home/developer/aerostack2_ws/install/as2_behavior/lib:/home/developer/aerostack2_ws/install/as2_core/lib:/home/developer/aerostack2_ws/install/as2_msgs/lib:${LD_LIBRARY_PATH} PYTHONPATH=/home/developer/aerostack2_ws/install/as2_core/local/lib/python3.10/dist-packages:/home/developer/aerostack2_ws/install/as2_msgs/local/lib/python3.10/dist-packages:${PYTHONPATH} /usr/bin/cmake /home/developer/aerostack2_ws/src/aerostack2-tcc_lucca/as2_behaviors/as2_behaviors_perception -DAMENT_CMAKE_SYMLINK_INSTALL=1 -DCMAKE_INSTALL_PREFIX=/home/developer/aerostack2_ws/install/as2_behaviors_perception
[244.858s] DEBUG:colcon.colcon_core.event_handler.log_command:Invoked command in '/home/developer/aerostack2_ws/build/as2_behaviors_perception' returned '0': AMENT_PREFIX_PATH=/home/developer/aerostack2_ws/install/as2_behavior:/home/developer/aerostack2_ws/install/as2_core:/home/developer/aerostack2_ws/install/as2_msgs:${AMENT_PREFIX_PATH} CMAKE_PREFIX_PATH=/home/developer/aerostack2_ws/install/as2_behavior:/home/developer/aerostack2_ws/install/as2_core:/home/developer/aerostack2_ws/install/as2_msgs:/opt/ros/humble LD_LIBRARY_PATH=/home/developer/aerostack2_ws/install/as2_behavior/lib:/home/developer/aerostack2_ws/install/as2_core/lib:/home/developer/aerostack2_ws/install/as2_msgs/lib:${LD_LIBRARY_PATH} PYTHONPATH=/home/developer/aerostack2_ws/install/as2_core/local/lib/python3.10/dist-packages:/home/developer/aerostack2_ws/install/as2_msgs/local/lib/python3.10/dist-packages:${PYTHONPATH} /usr/bin/cmake /home/developer/aerostack2_ws/src/aerostack2-tcc_lucca/as2_behaviors/as2_behaviors_perception -DAMENT_CMAKE_SYMLINK_INSTALL=1 -DCMAKE_INSTALL_PREFIX=/home/developer/aerostack2_ws/install/as2_behaviors_perception
[244.858s] DEBUG:colcon.colcon_core.event_handler.log_command:Invoking command in '/home/developer/aerostack2_ws/build/as2_behaviors_perception': AMENT_PREFIX_PATH=/home/developer/aerostack2_ws/install/as2_behavior:/home/developer/aerostack2_ws/install/as2_core:/home/developer/aerostack2_ws/install/as2_msgs:${AMENT_PREFIX_PATH} CMAKE_PREFIX_PATH=/home/developer/aerostack2_ws/install/as2_behavior:/home/developer/aerostack2_ws/install/as2_core:/home/developer/aerostack2_ws/install/as2_msgs:/opt/ros/humble LD_LIBRARY_PATH=/home/developer/aerostack2_ws/install/as2_behavior/lib:/home/developer/aerostack2_ws/install/as2_core/lib:/home/developer/aerostack2_ws/install/as2_msgs/lib:${LD_LIBRARY_PATH} PYTHONPATH=/home/developer/aerostack2_ws/install/as2_core/local/lib/python3.10/dist-packages:/home/developer/aerostack2_ws/install/as2_msgs/local/lib/python3.10/dist-packages:${PYTHONPATH} /usr/bin/cmake --build /home/developer/aerostack2_ws/build/as2_behaviors_perception -- -j20 -l20
[252.863s] DEBUG:colcon.colcon_core.event_handler.log_command:Invoked command in '/home/developer/aerostack2_ws/build/as2_behaviors_perception' returned '2': AMENT_PREFIX_PATH=/home/developer/aerostack2_ws/install/as2_behavior:/home/developer/aerostack2_ws/install/as2_core:/home/developer/aerostack2_ws/install/as2_msgs:${AMENT_PREFIX_PATH} CMAKE_PREFIX_PATH=/home/developer/aerostack2_ws/install/as2_behavior:/home/developer/aerostack2_ws/install/as2_core:/home/developer/aerostack2_ws/install/as2_msgs:/opt/ros/humble LD_LIBRARY_PATH=/home/developer/aerostack2_ws/install/as2_behavior/lib:/home/developer/aerostack2_ws/install/as2_core/lib:/home/developer/aerostack2_ws/install/as2_msgs/lib:${LD_LIBRARY_PATH} PYTHONPATH=/home/developer/aerostack2_ws/install/as2_core/local/lib/python3.10/dist-packages:/home/developer/aerostack2_ws/install/as2_msgs/local/lib/python3.10/dist-packages:${PYTHONPATH} /usr/bin/cmake --build /home/developer/aerostack2_ws/build/as2_behaviors_perception -- -j20 -l20
[252.863s] Level 1:colcon.colcon_core.environment:create_environment_scripts_only(as2_behaviors_perception)
[252.864s] Level 1:colcon.colcon_core.environment:checking '/home/developer/aerostack2_ws/install/as2_behaviors_perception' for CMake module files
[252.864s] Level 1:colcon.colcon_core.environment:checking '/home/developer/aerostack2_ws/install/as2_behaviors_perception' for CMake config files
[252.864s] Level 1:colcon.colcon_core.environment:checking '/home/developer/aerostack2_ws/install/as2_behaviors_perception/bin'
[252.864s] Level 1:colcon.colcon_core.environment:checking '/home/developer/aerostack2_ws/install/as2_behaviors_perception/lib/pkgconfig/as2_behaviors_perception.pc'
[252.864s] Level 1:colcon.colcon_core.environment:checking '/home/developer/aerostack2_ws/install/as2_behaviors_perception/lib/python3.10/site-packages'
[252.864s] Level 1:colcon.colcon_core.environment:checking '/home/developer/aerostack2_ws/install/as2_behaviors_perception/bin'
[252.864s] INFO:colcon.colcon_core.shell:Creating package script '/home/developer/aerostack2_ws/install/as2_behaviors_perception/share/as2_behaviors_perception/package.ps1'
[252.865s] INFO:colcon.colcon_core.shell:Creating package descriptor '/home/developer/aerostack2_ws/install/as2_behaviors_perception/share/as2_behaviors_perception/package.dsv'
[252.865s] INFO:colcon.colcon_core.shell:Creating package script '/home/developer/aerostack2_ws/install/as2_behaviors_perception/share/as2_behaviors_perception/package.sh'
[252.865s] INFO:colcon.colcon_core.shell:Creating package script '/home/developer/aerostack2_ws/install/as2_behaviors_perception/share/as2_behaviors_perception/package.bash'
[252.865s] INFO:colcon.colcon_core.shell:Creating package script '/home/developer/aerostack2_ws/install/as2_behaviors_perception/share/as2_behaviors_perception/package.zsh'
[252.865s] Level 1:colcon.colcon_core.environment:create_file_with_runtime_dependencies(/home/developer/aerostack2_ws/install/as2_behaviors_perception/share/colcon-core/packages/as2_behaviors_perception)
[252.877s] DEBUG:colcon.colcon_parallel_executor.executor.parallel:closing loop
[252.880s] DEBUG:colcon.colcon_parallel_executor.executor.parallel:loop closed
[252.880s] DEBUG:colcon.colcon_parallel_executor.executor.parallel:run_until_complete finished with '2'
[252.881s] DEBUG:colcon.colcon_core.event_reactor:joining thread
[252.912s] INFO:colcon.colcon_core.plugin_system:Skipping extension 'colcon_notification.desktop_notification.notify_send': Could not find 'notify-send'
[252.912s] INFO:colcon.colcon_core.plugin_system:Skipping extension 'colcon_notification.desktop_notification.terminal_notifier': Not used on non-Darwin systems
[252.912s] INFO:colcon.colcon_core.plugin_system:Skipping extension 'colcon_notification.desktop_notification.win32': Not used on non-Windows systems
[252.912s] INFO:colcon.colcon_notification.desktop_notification:Sending desktop notification using 'notify2'
[252.921s] DEBUG:colcon.colcon_notification.desktop_notification.notify2:Failed to initialize notify2: org.freedesktop.DBus.Error.Spawn.ExecFailed: /usr/bin/dbus-launch terminated abnormally without any error message
[252.921s] DEBUG:colcon.colcon_core.event_reactor:joined thread
[252.923s] INFO:colcon.colcon_core.shell:Creating prefix script '/home/developer/aerostack2_ws/install/local_setup.ps1'
[252.925s] INFO:colcon.colcon_core.shell:Creating prefix util module '/home/developer/aerostack2_ws/install/_local_setup_util_ps1.py'
[252.926s] INFO:colcon.colcon_core.shell:Creating prefix chain script '/home/developer/aerostack2_ws/install/setup.ps1'
[252.926s] INFO:colcon.colcon_core.shell:Creating prefix script '/home/developer/aerostack2_ws/install/local_setup.sh'
[252.927s] INFO:colcon.colcon_core.shell:Creating prefix util module '/home/developer/aerostack2_ws/install/_local_setup_util_sh.py'
[252.927s] INFO:colcon.colcon_core.shell:Creating prefix chain script '/home/developer/aerostack2_ws/install/setup.sh'
[252.928s] INFO:colcon.colcon_core.shell:Creating prefix script '/home/developer/aerostack2_ws/install/local_setup.bash'
[252.928s] INFO:colcon.colcon_core.shell:Creating prefix chain script '/home/developer/aerostack2_ws/install/setup.bash'
[252.930s] INFO:colcon.colcon_core.shell:Creating prefix script '/home/developer/aerostack2_ws/install/local_setup.zsh'
[252.931s] INFO:colcon.colcon_core.shell:Creating prefix chain script '/home/developer/aerostack2_ws/install/setup.zsh'
