[0.008s] Invoking command in '/home/developer/aerostack2_ws/build/as2_msgs': CMAKE_PREFIX_PATH=/opt/ros/humble /usr/bin/cmake /home/developer/aerostack2_ws/src/aerostack2-tcc_lucca/as2_msgs -DAMENT_CMAKE_SYMLINK_INSTALL=1 -DCMAKE_INSTALL_PREFIX=/home/developer/aerostack2_ws/install/as2_msgs
[0.096s] -- The C compiler identification is GNU 11.4.0
[0.161s] -- The CXX compiler identification is GNU 11.4.0
[0.166s] -- Detecting C compiler ABI info
[0.223s] -- Detecting C compiler ABI info - done
[0.229s] -- Check for working C compiler: /usr/bin/cc - skipped
[0.229s] -- Detecting C compile features
[0.229s] -- Detecting C compile features - done
[0.231s] -- Detecting CXX compiler ABI info
[0.283s] -- Detecting CXX compiler ABI info - done
[0.289s] -- Check for working CXX compiler: /usr/bin/c++ - skipped
[0.289s] -- Detecting CXX compile features
[0.289s] -- Detecting CXX compile features - done
[0.294s] -- Found ament_cmake: 1.3.14 (/opt/ros/humble/share/ament_cmake/cmake)
[0.394s] -- Found Python3: /usr/bin/python3 (found version "3.10.12") found components: Interpreter 
[0.435s] -- Override CMake install command with custom implementation using symlinks instead of copying resources
[0.461s] -- Found rosidl_default_generators: 1.2.1 (/opt/ros/humble/share/rosidl_default_generators/cmake)
[0.465s] -- Using all available rosidl_typesupport_c: rosidl_typesupport_fastrtps_c;rosidl_typesupport_introspection_c
[0.471s] -- Found rosidl_adapter: 3.1.8 (/opt/ros/humble/share/rosidl_adapter/cmake)
[0.502s] -- Using all available rosidl_typesupport_cpp: rosidl_typesupport_fastrtps_cpp;rosidl_typesupport_introspection_cpp
[0.533s] -- Found std_msgs: 4.9.1 (/opt/ros/humble/share/std_msgs/cmake)
[0.552s] -- Found geometry_msgs: 4.9.1 (/opt/ros/humble/share/geometry_msgs/cmake)
[0.561s] -- Found geographic_msgs: 1.0.6 (/opt/ros/humble/share/geographic_msgs/cmake)
[0.581s] -- Found nav_msgs: 4.9.1 (/opt/ros/humble/share/nav_msgs/cmake)
[0.597s] -- Found action_msgs: 1.2.2 (/opt/ros/humble/share/action_msgs/cmake)
[0.608s] -- Found sensor_msgs: 4.9.1 (/opt/ros/humble/share/sensor_msgs/cmake)
[1.034s] -- Found ament_cmake_ros: 0.10.0 (/opt/ros/humble/share/ament_cmake_ros/cmake)
[1.229s] -- Using all available rosidl_typesupport_c: rosidl_typesupport_fastrtps_c;rosidl_typesupport_introspection_c
[1.469s] -- Using all available rosidl_typesupport_cpp: rosidl_typesupport_fastrtps_cpp;rosidl_typesupport_introspection_cpp
[1.486s] -- Found PythonInterp: /usr/bin/python3 (found suitable version "3.10.12", minimum required is "3.6") 
[1.488s] -- Found python_cmake_module: 0.10.0 (/opt/ros/humble/share/python_cmake_module/cmake)
[1.506s] -- Found PythonLibs: /usr/lib/x86_64-linux-gnu/libpython3.10.so (found suitable version "3.10.12", minimum required is "3.5") 
[1.506s] -- Using PYTHON_EXECUTABLE: /usr/bin/python3
[1.506s] -- Using PYTHON_INCLUDE_DIRS: /usr/include/python3.10
[1.506s] -- Using PYTHON_LIBRARIES: /usr/lib/x86_64-linux-gnu/libpython3.10.so
[1.525s] -- Found PythonExtra: .so  
[1.659s] -- Found ament_cmake_lint_cmake: 0.12.15 (/opt/ros/humble/share/ament_cmake_lint_cmake/cmake)
[1.661s] -- Found ament_cmake_xmllint: 0.12.15 (/opt/ros/humble/share/ament_cmake_xmllint/cmake)
[1.667s] -- Configuring done
[1.737s] -- Generating done
[1.747s] -- Build files have been written to: /home/developer/aerostack2_ws/build/as2_msgs
[1.754s] Invoked command in '/home/developer/aerostack2_ws/build/as2_msgs' returned '0': CMAKE_PREFIX_PATH=/opt/ros/humble /usr/bin/cmake /home/developer/aerostack2_ws/src/aerostack2-tcc_lucca/as2_msgs -DAMENT_CMAKE_SYMLINK_INSTALL=1 -DCMAKE_INSTALL_PREFIX=/home/developer/aerostack2_ws/install/as2_msgs
[1.755s] Invoking command in '/home/developer/aerostack2_ws/build/as2_msgs': CMAKE_PREFIX_PATH=/opt/ros/humble /usr/bin/cmake --build /home/developer/aerostack2_ws/build/as2_msgs -- -j20 -l20
[1.809s] [  0%] [34m[1mGenerating C code for ROS interfaces[0m
[1.815s] [  1%] [34m[1mGenerating Rust code for ROS interfaces[0m
[1.819s] [  1%] Built target ament_cmake_python_symlink_as2_msgs
[1.819s] [  1%] [34m[1mGenerating C++ code for ROS interfaces[0m
[1.936s] running egg_info
[1.937s] creating as2_msgs.egg-info
[1.937s] writing as2_msgs.egg-info/PKG-INFO
[1.937s] writing dependency_links to as2_msgs.egg-info/dependency_links.txt
[1.937s] writing top-level names to as2_msgs.egg-info/top_level.txt
[1.937s] writing manifest file 'as2_msgs.egg-info/SOURCES.txt'
[1.939s] reading manifest file 'as2_msgs.egg-info/SOURCES.txt'
[1.939s] writing manifest file 'as2_msgs.egg-info/SOURCES.txt'
[1.956s] [  1%] Built target ament_cmake_python_build_as2_msgs_egg
[3.842s] [  1%] Built target as2_msgs__rs
[6.113s] [  2%] [32mBuilding C object CMakeFiles/as2_msgs__rosidl_generator_c.dir/rosidl_generator_c/as2_msgs/msg/detail/acro__functions.c.o[0m
[6.113s] [  2%] [32mBuilding C object CMakeFiles/as2_msgs__rosidl_generator_c.dir/rosidl_generator_c/as2_msgs/msg/detail/alert_event__functions.c.o[0m
[6.116s] [  2%] [32mBuilding C object CMakeFiles/as2_msgs__rosidl_generator_c.dir/rosidl_generator_c/as2_msgs/msg/detail/behavior_status__functions.c.o[0m
[6.116s] [  2%] [32mBuilding C object CMakeFiles/as2_msgs__rosidl_generator_c.dir/rosidl_generator_c/as2_msgs/msg/detail/control_mode__functions.c.o[0m
[6.117s] [  2%] [32mBuilding C object CMakeFiles/as2_msgs__rosidl_generator_c.dir/rosidl_generator_c/as2_msgs/msg/detail/controller_info__functions.c.o[0m
[6.117s] [  2%] [32mBuilding C object CMakeFiles/as2_msgs__rosidl_generator_c.dir/rosidl_generator_c/as2_msgs/msg/detail/follow_target_info__functions.c.o[0m
[6.117s] [  3%] [32mBuilding C object CMakeFiles/as2_msgs__rosidl_generator_c.dir/rosidl_generator_c/as2_msgs/msg/detail/geozone__functions.c.o[0m
[6.119s] [  3%] [32mBuilding C object CMakeFiles/as2_msgs__rosidl_generator_c.dir/rosidl_generator_c/as2_msgs/msg/detail/gimbal_control__functions.c.o[0m
[6.120s] [  3%] [32mBuilding C object CMakeFiles/as2_msgs__rosidl_generator_c.dir/rosidl_generator_c/as2_msgs/msg/detail/mission_event__functions.c.o[0m
[6.120s] [  3%] [32mBuilding C object CMakeFiles/as2_msgs__rosidl_generator_c.dir/rosidl_generator_c/as2_msgs/msg/detail/mission_update__functions.c.o[0m
[6.121s] [  3%] [32mBuilding C object CMakeFiles/as2_msgs__rosidl_generator_c.dir/rosidl_generator_c/as2_msgs/msg/detail/node_status__functions.c.o[0m
[6.123s] [  4%] [32mBuilding C object CMakeFiles/as2_msgs__rosidl_generator_c.dir/rosidl_generator_c/as2_msgs/msg/detail/platform_state_machine_event__functions.c.o[0m
[6.123s] [  4%] [32mBuilding C object CMakeFiles/as2_msgs__rosidl_generator_c.dir/rosidl_generator_c/as2_msgs/msg/detail/platform_info__functions.c.o[0m
[6.125s] [  4%] [32mBuilding C object CMakeFiles/as2_msgs__rosidl_generator_c.dir/rosidl_generator_c/as2_msgs/msg/detail/platform_status__functions.c.o[0m
[6.132s] [  4%] [32mBuilding C object CMakeFiles/as2_msgs__rosidl_generator_c.dir/rosidl_generator_c/as2_msgs/msg/detail/polygon_list__functions.c.o[0m
[6.133s] [  4%] [32mBuilding C object CMakeFiles/as2_msgs__rosidl_generator_c.dir/rosidl_generator_c/as2_msgs/msg/detail/pose_stamped_with_id__functions.c.o[0m
[6.140s] [  5%] [32mBuilding C object CMakeFiles/as2_msgs__rosidl_generator_c.dir/rosidl_generator_c/as2_msgs/msg/detail/pose_stamped_with_id_array__functions.c.o[0m
[6.145s] [  5%] [32mBuilding C object CMakeFiles/as2_msgs__rosidl_generator_c.dir/rosidl_generator_c/as2_msgs/msg/detail/pose_with_id__functions.c.o[0m
[6.155s] [  5%] [32mBuilding C object CMakeFiles/as2_msgs__rosidl_generator_c.dir/rosidl_generator_c/as2_msgs/msg/detail/pose_with_id_array__functions.c.o[0m
[6.168s] [  5%] [32mBuilding C object CMakeFiles/as2_msgs__rosidl_generator_c.dir/rosidl_generator_c/as2_msgs/msg/detail/speed__functions.c.o[0m
[6.169s] [  6%] [32mBuilding C object CMakeFiles/as2_msgs__rosidl_generator_c.dir/rosidl_generator_c/as2_msgs/msg/detail/thrust__functions.c.o[0m
[6.169s] [  6%] [32mBuilding C object CMakeFiles/as2_msgs__rosidl_generator_c.dir/rosidl_generator_c/as2_msgs/msg/detail/traj_gen_info__functions.c.o[0m
[6.170s] [  6%] [32mBuilding C object CMakeFiles/as2_msgs__rosidl_generator_c.dir/rosidl_generator_c/as2_msgs/msg/detail/trajectory_setpoints__functions.c.o[0m
[6.170s] [  6%] [32mBuilding C object CMakeFiles/as2_msgs__rosidl_generator_c.dir/rosidl_generator_c/as2_msgs/msg/detail/yaw_mode__functions.c.o[0m
[6.170s] [  6%] [32mBuilding C object CMakeFiles/as2_msgs__rosidl_generator_c.dir/rosidl_generator_c/as2_msgs/msg/detail/trajectory_point__functions.c.o[0m
[6.172s] [  7%] [32mBuilding C object CMakeFiles/as2_msgs__rosidl_generator_c.dir/rosidl_generator_c/as2_msgs/srv/detail/add_static_transform__functions.c.o[0m
[6.173s] [  7%] [32mBuilding C object CMakeFiles/as2_msgs__rosidl_generator_c.dir/rosidl_generator_c/as2_msgs/srv/detail/add_static_transform_gps__functions.c.o[0m
[6.175s] [  7%] [32mBuilding C object CMakeFiles/as2_msgs__rosidl_generator_c.dir/rosidl_generator_c/as2_msgs/msg/detail/u_int16_multi_array_stamped__functions.c.o[0m
[6.179s] [  7%] [32mBuilding C object CMakeFiles/as2_msgs__rosidl_generator_c.dir/rosidl_generator_c/as2_msgs/srv/detail/dynamic_follower__functions.c.o[0m
[6.183s] [  7%] [32mBuilding C object CMakeFiles/as2_msgs__rosidl_generator_c.dir/rosidl_generator_c/as2_msgs/srv/detail/dynamic_land__functions.c.o[0m
[6.183s] [  7%] [32mBuilding C object CMakeFiles/as2_msgs__rosidl_generator_c.dir/rosidl_generator_c/as2_msgs/srv/detail/geopath_to_path__functions.c.o[0m
[6.186s] [  8%] [32mBuilding C object CMakeFiles/as2_msgs__rosidl_generator_c.dir/rosidl_generator_c/as2_msgs/srv/detail/get_geozone__functions.c.o[0m
[6.187s] [  8%] [32mBuilding C object CMakeFiles/as2_msgs__rosidl_generator_c.dir/rosidl_generator_c/as2_msgs/srv/detail/get_origin__functions.c.o[0m
[6.201s] [  8%] [32mBuilding C object CMakeFiles/as2_msgs__rosidl_generator_c.dir/rosidl_generator_c/as2_msgs/srv/detail/modify_swarm__functions.c.o[0m
[6.201s] [  8%] [32mBuilding C object CMakeFiles/as2_msgs__rosidl_generator_c.dir/rosidl_generator_c/as2_msgs/srv/detail/package_pick_up__functions.c.o[0m
[6.201s] [  8%] [32mBuilding C object CMakeFiles/as2_msgs__rosidl_generator_c.dir/rosidl_generator_c/as2_msgs/srv/detail/list_control_modes__functions.c.o[0m
[6.210s] [  8%] [32mBuilding C object CMakeFiles/as2_msgs__rosidl_generator_c.dir/rosidl_generator_c/as2_msgs/srv/detail/path_to_geopath__functions.c.o[0m
[6.210s] [  8%] [32mBuilding C object CMakeFiles/as2_msgs__rosidl_generator_c.dir/rosidl_generator_c/as2_msgs/srv/detail/set_control_mode__functions.c.o[0m
[6.211s] [  9%] [32mBuilding C object CMakeFiles/as2_msgs__rosidl_generator_c.dir/rosidl_generator_c/as2_msgs/srv/detail/package_un_pick__functions.c.o[0m
[6.215s] [  9%] [32mBuilding C object CMakeFiles/as2_msgs__rosidl_generator_c.dir/rosidl_generator_c/as2_msgs/srv/detail/set_geozone__functions.c.o[0m
[6.225s] [  9%] [32mBuilding C object CMakeFiles/as2_msgs__rosidl_generator_c.dir/rosidl_generator_c/as2_msgs/srv/detail/set_origin__functions.c.o[0m
[6.228s] [ 10%] [32mBuilding C object CMakeFiles/as2_msgs__rosidl_generator_c.dir/rosidl_generator_c/as2_msgs/srv/detail/set_platform_state_machine_event__functions.c.o[0m
[6.234s] [ 10%] [32mBuilding C object CMakeFiles/as2_msgs__rosidl_generator_c.dir/rosidl_generator_c/as2_msgs/srv/detail/set_speed__functions.c.o[0m
[6.236s] [ 10%] [32mBuilding C object CMakeFiles/as2_msgs__rosidl_generator_c.dir/rosidl_generator_c/as2_msgs/action/detail/detect_aruco_markers__functions.c.o[0m
[6.237s] [ 10%] [32mBuilding C object CMakeFiles/as2_msgs__rosidl_generator_c.dir/rosidl_generator_c/as2_msgs/action/detail/follow_path__functions.c.o[0m
[6.238s] [ 10%] [32mBuilding C object CMakeFiles/as2_msgs__rosidl_generator_c.dir/rosidl_generator_c/as2_msgs/action/detail/follow_reference__functions.c.o[0m
[6.246s] [ 11%] [32mBuilding C object CMakeFiles/as2_msgs__rosidl_generator_c.dir/rosidl_generator_c/as2_msgs/action/detail/force_estimation__functions.c.o[0m
[6.249s] [ 11%] [32mBuilding C object CMakeFiles/as2_msgs__rosidl_generator_c.dir/rosidl_generator_c/as2_msgs/action/detail/generate_polynomial_trajectory__functions.c.o[0m
[6.249s] [ 11%] [32mBuilding C object CMakeFiles/as2_msgs__rosidl_generator_c.dir/rosidl_generator_c/as2_msgs/action/detail/gripper_handler__functions.c.o[0m
[6.251s] [ 11%] [32mBuilding C object CMakeFiles/as2_msgs__rosidl_generator_c.dir/rosidl_generator_c/as2_msgs/action/detail/go_to_waypoint__functions.c.o[0m
[6.253s] [ 11%] [32mBuilding C object CMakeFiles/as2_msgs__rosidl_generator_c.dir/rosidl_generator_c/as2_msgs/action/detail/land__functions.c.o[0m
[6.257s] [ 12%] [32mBuilding C object CMakeFiles/as2_msgs__rosidl_generator_c.dir/rosidl_generator_c/as2_msgs/action/detail/mass_estimation__functions.c.o[0m
[6.257s] [ 12%] [32mBuilding C object CMakeFiles/as2_msgs__rosidl_generator_c.dir/rosidl_generator_c/as2_msgs/action/detail/point_gimbal__functions.c.o[0m
[6.257s] [ 12%] [32mBuilding C object CMakeFiles/as2_msgs__rosidl_generator_c.dir/rosidl_generator_c/as2_msgs/action/detail/navigate_to_point__functions.c.o[0m
[6.258s] [ 12%] Built target as2_msgs__cpp
[6.261s] [ 12%] [32mBuilding C object CMakeFiles/as2_msgs__rosidl_generator_c.dir/rosidl_generator_c/as2_msgs/action/detail/precision_landing__functions.c.o[0m
[6.266s] [ 13%] [32mBuilding C object CMakeFiles/as2_msgs__rosidl_generator_c.dir/rosidl_generator_c/as2_msgs/action/detail/set_offboard_mode__functions.c.o[0m
[6.266s] [ 13%] [32mBuilding C object CMakeFiles/as2_msgs__rosidl_generator_c.dir/rosidl_generator_c/as2_msgs/action/detail/set_arming_state__functions.c.o[0m
[6.270s] [ 13%] [34m[1mGenerating C++ type support for eProsima Fast-RTPS[0m
[6.274s] [ 13%] [34m[1mGenerating C++ type support dispatch for ROS interfaces[0m
[6.278s] [ 13%] [34m[1mGenerating C++ introspection for ROS interfaces[0m
[6.282s] [ 13%] [32mBuilding C object CMakeFiles/as2_msgs__rosidl_generator_c.dir/rosidl_generator_c/as2_msgs/action/detail/swarm_flocking__functions.c.o[0m
[6.285s] [ 13%] [32mBuilding C object CMakeFiles/as2_msgs__rosidl_generator_c.dir/rosidl_generator_c/as2_msgs/action/detail/takeoff__functions.c.o[0m
[6.399s] [ 13%] [32m[1mLinking C shared library libas2_msgs__rosidl_generator_c.so[0m
[6.449s] [ 13%] Built target as2_msgs__rosidl_generator_c
[6.460s] [ 16%] [34m[1mGenerating C introspection for ROS interfaces[0m
[6.460s] [ 16%] [34m[1mGenerating C type support for eProsima Fast-RTPS[0m
[6.460s] [ 16%] [34m[1mGenerating C type support dispatch for ROS interfaces[0m
[9.082s] [ 16%] [32mBuilding CXX object CMakeFiles/as2_msgs__rosidl_typesupport_cpp.dir/rosidl_typesupport_cpp/as2_msgs/msg/controller_info__type_support.cpp.o[0m
[9.082s] [ 16%] [32mBuilding CXX object CMakeFiles/as2_msgs__rosidl_typesupport_cpp.dir/rosidl_typesupport_cpp/as2_msgs/msg/gimbal_control__type_support.cpp.o[0m
[9.082s] [ 17%] [32mBuilding CXX object CMakeFiles/as2_msgs__rosidl_typesupport_cpp.dir/rosidl_typesupport_cpp/as2_msgs/msg/geozone__type_support.cpp.o[0m
[9.082s] [ 17%] [32mBuilding CXX object CMakeFiles/as2_msgs__rosidl_typesupport_cpp.dir/rosidl_typesupport_cpp/as2_msgs/msg/behavior_status__type_support.cpp.o[0m
[9.083s] [ 17%] [32mBuilding CXX object CMakeFiles/as2_msgs__rosidl_typesupport_cpp.dir/rosidl_typesupport_cpp/as2_msgs/msg/control_mode__type_support.cpp.o[0m
[9.083s] [ 17%] [32mBuilding CXX object CMakeFiles/as2_msgs__rosidl_typesupport_cpp.dir/rosidl_typesupport_cpp/as2_msgs/msg/acro__type_support.cpp.o[0m
[9.083s] [ 18%] [32mBuilding CXX object CMakeFiles/as2_msgs__rosidl_typesupport_cpp.dir/rosidl_typesupport_cpp/as2_msgs/msg/alert_event__type_support.cpp.o[0m
[9.083s] [ 18%] [32mBuilding CXX object CMakeFiles/as2_msgs__rosidl_typesupport_cpp.dir/rosidl_typesupport_cpp/as2_msgs/msg/mission_update__type_support.cpp.o[0m
[9.083s] [ 18%] [32mBuilding CXX object CMakeFiles/as2_msgs__rosidl_typesupport_cpp.dir/rosidl_typesupport_cpp/as2_msgs/msg/node_status__type_support.cpp.o[0m
[9.083s] [ 18%] [32mBuilding CXX object CMakeFiles/as2_msgs__rosidl_typesupport_cpp.dir/rosidl_typesupport_cpp/as2_msgs/msg/mission_event__type_support.cpp.o[0m
[9.084s] [ 19%] [32mBuilding CXX object CMakeFiles/as2_msgs__rosidl_typesupport_cpp.dir/rosidl_typesupport_cpp/as2_msgs/msg/platform_info__type_support.cpp.o[0m
[9.085s] [ 19%] [32mBuilding CXX object CMakeFiles/as2_msgs__rosidl_typesupport_cpp.dir/rosidl_typesupport_cpp/as2_msgs/msg/platform_status__type_support.cpp.o[0m
[9.085s] [ 19%] [32mBuilding CXX object CMakeFiles/as2_msgs__rosidl_typesupport_cpp.dir/rosidl_typesupport_cpp/as2_msgs/msg/follow_target_info__type_support.cpp.o[0m
[9.086s] [ 19%] [32mBuilding CXX object CMakeFiles/as2_msgs__rosidl_typesupport_cpp.dir/rosidl_typesupport_cpp/as2_msgs/msg/platform_state_machine_event__type_support.cpp.o[0m
[9.089s] [ 19%] [32mBuilding CXX object CMakeFiles/as2_msgs__rosidl_typesupport_cpp.dir/rosidl_typesupport_cpp/as2_msgs/msg/polygon_list__type_support.cpp.o[0m
[9.333s] [ 19%] [32mBuilding CXX object CMakeFiles/as2_msgs__rosidl_typesupport_cpp.dir/rosidl_typesupport_cpp/as2_msgs/msg/pose_stamped_with_id__type_support.cpp.o[0m
[9.335s] [ 20%] [32mBuilding CXX object CMakeFiles/as2_msgs__rosidl_typesupport_cpp.dir/rosidl_typesupport_cpp/as2_msgs/msg/pose_stamped_with_id_array__type_support.cpp.o[0m
[9.342s] [ 20%] [32mBuilding CXX object CMakeFiles/as2_msgs__rosidl_typesupport_cpp.dir/rosidl_typesupport_cpp/as2_msgs/msg/pose_with_id__type_support.cpp.o[0m
[9.343s] [ 20%] [32mBuilding CXX object CMakeFiles/as2_msgs__rosidl_typesupport_cpp.dir/rosidl_typesupport_cpp/as2_msgs/msg/pose_with_id_array__type_support.cpp.o[0m
[9.343s] [ 20%] [32mBuilding CXX object CMakeFiles/as2_msgs__rosidl_typesupport_cpp.dir/rosidl_typesupport_cpp/as2_msgs/msg/speed__type_support.cpp.o[0m
[9.354s] [ 20%] [32mBuilding CXX object CMakeFiles/as2_msgs__rosidl_typesupport_cpp.dir/rosidl_typesupport_cpp/as2_msgs/msg/thrust__type_support.cpp.o[0m
[9.363s] [ 21%] [32mBuilding CXX object CMakeFiles/as2_msgs__rosidl_typesupport_cpp.dir/rosidl_typesupport_cpp/as2_msgs/msg/trajectory_point__type_support.cpp.o[0m
[9.363s] [ 21%] [32mBuilding CXX object CMakeFiles/as2_msgs__rosidl_typesupport_cpp.dir/rosidl_typesupport_cpp/as2_msgs/msg/traj_gen_info__type_support.cpp.o[0m
[9.363s] [ 21%] [32mBuilding CXX object CMakeFiles/as2_msgs__rosidl_typesupport_cpp.dir/rosidl_typesupport_cpp/as2_msgs/msg/trajectory_setpoints__type_support.cpp.o[0m
[9.365s] [ 21%] [32mBuilding CXX object CMakeFiles/as2_msgs__rosidl_typesupport_cpp.dir/rosidl_typesupport_cpp/as2_msgs/msg/u_int16_multi_array_stamped__type_support.cpp.o[0m
[9.366s] [ 21%] [32mBuilding CXX object CMakeFiles/as2_msgs__rosidl_typesupport_cpp.dir/rosidl_typesupport_cpp/as2_msgs/msg/yaw_mode__type_support.cpp.o[0m
[9.373s] [ 22%] [32mBuilding CXX object CMakeFiles/as2_msgs__rosidl_typesupport_cpp.dir/rosidl_typesupport_cpp/as2_msgs/srv/add_static_transform_gps__type_support.cpp.o[0m
[9.373s] [ 22%] [32mBuilding CXX object CMakeFiles/as2_msgs__rosidl_typesupport_cpp.dir/rosidl_typesupport_cpp/as2_msgs/srv/add_static_transform__type_support.cpp.o[0m
[9.382s] [ 22%] [32mBuilding CXX object CMakeFiles/as2_msgs__rosidl_typesupport_cpp.dir/rosidl_typesupport_cpp/as2_msgs/srv/dynamic_follower__type_support.cpp.o[0m
[9.389s] [ 22%] [32mBuilding CXX object CMakeFiles/as2_msgs__rosidl_typesupport_cpp.dir/rosidl_typesupport_cpp/as2_msgs/srv/dynamic_land__type_support.cpp.o[0m
[9.568s] [ 22%] [32mBuilding CXX object CMakeFiles/as2_msgs__rosidl_typesupport_cpp.dir/rosidl_typesupport_cpp/as2_msgs/srv/geopath_to_path__type_support.cpp.o[0m
[9.570s] [ 23%] [32mBuilding CXX object CMakeFiles/as2_msgs__rosidl_typesupport_cpp.dir/rosidl_typesupport_cpp/as2_msgs/srv/get_origin__type_support.cpp.o[0m
[9.570s] [ 23%] [32mBuilding CXX object CMakeFiles/as2_msgs__rosidl_typesupport_cpp.dir/rosidl_typesupport_cpp/as2_msgs/srv/get_geozone__type_support.cpp.o[0m
[9.574s] [ 23%] [32mBuilding CXX object CMakeFiles/as2_msgs__rosidl_typesupport_c.dir/rosidl_typesupport_c/as2_msgs/msg/acro__type_support.cpp.o[0m
[9.576s] [ 23%] [32mBuilding CXX object CMakeFiles/as2_msgs__rosidl_typesupport_c.dir/rosidl_typesupport_c/as2_msgs/msg/alert_event__type_support.cpp.o[0m
[9.584s] [ 23%] [32mBuilding CXX object CMakeFiles/as2_msgs__rosidl_typesupport_c.dir/rosidl_typesupport_c/as2_msgs/msg/behavior_status__type_support.cpp.o[0m
[9.584s] [ 23%] [32mBuilding CXX object CMakeFiles/as2_msgs__rosidl_typesupport_cpp.dir/rosidl_typesupport_cpp/as2_msgs/srv/list_control_modes__type_support.cpp.o[0m
[9.593s] [ 23%] [32mBuilding CXX object CMakeFiles/as2_msgs__rosidl_typesupport_c.dir/rosidl_typesupport_c/as2_msgs/msg/control_mode__type_support.cpp.o[0m
[9.601s] [ 23%] [32mBuilding CXX object CMakeFiles/as2_msgs__rosidl_typesupport_cpp.dir/rosidl_typesupport_cpp/as2_msgs/srv/modify_swarm__type_support.cpp.o[0m
[9.603s] [ 24%] [32mBuilding CXX object CMakeFiles/as2_msgs__rosidl_typesupport_c.dir/rosidl_typesupport_c/as2_msgs/msg/controller_info__type_support.cpp.o[0m
[9.603s] [ 24%] [32mBuilding CXX object CMakeFiles/as2_msgs__rosidl_typesupport_c.dir/rosidl_typesupport_c/as2_msgs/msg/follow_target_info__type_support.cpp.o[0m
[9.610s] [ 24%] [32mBuilding CXX object CMakeFiles/as2_msgs__rosidl_typesupport_cpp.dir/rosidl_typesupport_cpp/as2_msgs/srv/package_pick_up__type_support.cpp.o[0m
[9.619s] [ 25%] [32mBuilding CXX object CMakeFiles/as2_msgs__rosidl_typesupport_cpp.dir/rosidl_typesupport_cpp/as2_msgs/srv/package_un_pick__type_support.cpp.o[0m
[9.624s] [ 25%] [32mBuilding CXX object CMakeFiles/as2_msgs__rosidl_typesupport_c.dir/rosidl_typesupport_c/as2_msgs/msg/geozone__type_support.cpp.o[0m
[9.630s] [ 25%] [32mBuilding CXX object CMakeFiles/as2_msgs__rosidl_typesupport_c.dir/rosidl_typesupport_c/as2_msgs/msg/gimbal_control__type_support.cpp.o[0m
[9.630s] [ 25%] [32mBuilding CXX object CMakeFiles/as2_msgs__rosidl_typesupport_c.dir/rosidl_typesupport_c/as2_msgs/msg/mission_event__type_support.cpp.o[0m
[9.634s] [ 26%] [32mBuilding CXX object CMakeFiles/as2_msgs__rosidl_typesupport_c.dir/rosidl_typesupport_c/as2_msgs/msg/mission_update__type_support.cpp.o[0m
[9.641s] [ 26%] [32mBuilding CXX object CMakeFiles/as2_msgs__rosidl_typesupport_c.dir/rosidl_typesupport_c/as2_msgs/msg/node_status__type_support.cpp.o[0m
[9.644s] [ 26%] [32mBuilding CXX object CMakeFiles/as2_msgs__rosidl_typesupport_c.dir/rosidl_typesupport_c/as2_msgs/msg/platform_info__type_support.cpp.o[0m
[9.647s] [ 26%] [32mBuilding CXX object CMakeFiles/as2_msgs__rosidl_typesupport_cpp.dir/rosidl_typesupport_cpp/as2_msgs/srv/path_to_geopath__type_support.cpp.o[0m
[9.648s] [ 26%] [32mBuilding CXX object CMakeFiles/as2_msgs__rosidl_typesupport_cpp.dir/rosidl_typesupport_cpp/as2_msgs/srv/set_control_mode__type_support.cpp.o[0m
[9.654s] [ 26%] [32mBuilding CXX object CMakeFiles/as2_msgs__rosidl_typesupport_cpp.dir/rosidl_typesupport_cpp/as2_msgs/srv/set_geozone__type_support.cpp.o[0m
[9.655s] [ 26%] [32mBuilding CXX object CMakeFiles/as2_msgs__rosidl_typesupport_c.dir/rosidl_typesupport_c/as2_msgs/msg/platform_state_machine_event__type_support.cpp.o[0m
[9.662s] [ 26%] [32mBuilding CXX object CMakeFiles/as2_msgs__rosidl_typesupport_c.dir/rosidl_typesupport_c/as2_msgs/msg/platform_status__type_support.cpp.o[0m
[9.664s] [ 26%] [32mBuilding CXX object CMakeFiles/as2_msgs__rosidl_typesupport_cpp.dir/rosidl_typesupport_cpp/as2_msgs/srv/set_origin__type_support.cpp.o[0m
[9.664s] [ 27%] [32mBuilding CXX object CMakeFiles/as2_msgs__rosidl_typesupport_cpp.dir/rosidl_typesupport_cpp/as2_msgs/srv/set_platform_state_machine_event__type_support.cpp.o[0m
[9.667s] [ 28%] [32mBuilding CXX object CMakeFiles/as2_msgs__rosidl_typesupport_c.dir/rosidl_typesupport_c/as2_msgs/msg/polygon_list__type_support.cpp.o[0m
[9.674s] [ 28%] [32mBuilding CXX object CMakeFiles/as2_msgs__rosidl_typesupport_c.dir/rosidl_typesupport_c/as2_msgs/msg/pose_stamped_with_id__type_support.cpp.o[0m
[9.683s] [ 28%] [32mBuilding CXX object CMakeFiles/as2_msgs__rosidl_typesupport_cpp.dir/rosidl_typesupport_cpp/as2_msgs/srv/set_speed__type_support.cpp.o[0m
[9.696s] [ 28%] [32mBuilding CXX object CMakeFiles/as2_msgs__rosidl_typesupport_cpp.dir/rosidl_typesupport_cpp/as2_msgs/action/detect_aruco_markers__type_support.cpp.o[0m
[9.699s] [ 28%] [32mBuilding CXX object CMakeFiles/as2_msgs__rosidl_typesupport_cpp.dir/rosidl_typesupport_cpp/as2_msgs/action/follow_path__type_support.cpp.o[0m
[9.704s] [ 28%] [32mBuilding CXX object CMakeFiles/as2_msgs__rosidl_typesupport_c.dir/rosidl_typesupport_c/as2_msgs/msg/pose_stamped_with_id_array__type_support.cpp.o[0m
[9.732s] [ 28%] [32mBuilding CXX object CMakeFiles/as2_msgs__rosidl_typesupport_c.dir/rosidl_typesupport_c/as2_msgs/msg/pose_with_id__type_support.cpp.o[0m
[9.762s] [ 28%] [32mBuilding CXX object CMakeFiles/as2_msgs__rosidl_typesupport_c.dir/rosidl_typesupport_c/as2_msgs/msg/pose_with_id_array__type_support.cpp.o[0m
[9.798s] [ 29%] [32mBuilding CXX object CMakeFiles/as2_msgs__rosidl_typesupport_c.dir/rosidl_typesupport_c/as2_msgs/msg/speed__type_support.cpp.o[0m
[9.802s] [ 29%] [32mBuilding CXX object CMakeFiles/as2_msgs__rosidl_typesupport_c.dir/rosidl_typesupport_c/as2_msgs/msg/thrust__type_support.cpp.o[0m
[9.802s] [ 29%] [32mBuilding CXX object CMakeFiles/as2_msgs__rosidl_typesupport_c.dir/rosidl_typesupport_c/as2_msgs/msg/traj_gen_info__type_support.cpp.o[0m
[9.822s] [ 29%] [32mBuilding CXX object CMakeFiles/as2_msgs__rosidl_typesupport_c.dir/rosidl_typesupport_c/as2_msgs/msg/trajectory_point__type_support.cpp.o[0m
[9.828s] [ 29%] [32mBuilding CXX object CMakeFiles/as2_msgs__rosidl_typesupport_cpp.dir/rosidl_typesupport_cpp/as2_msgs/action/follow_reference__type_support.cpp.o[0m
[9.831s] [ 29%] [32mBuilding CXX object CMakeFiles/as2_msgs__rosidl_typesupport_c.dir/rosidl_typesupport_c/as2_msgs/msg/trajectory_setpoints__type_support.cpp.o[0m
[9.832s] [ 30%] [32mBuilding CXX object CMakeFiles/as2_msgs__rosidl_typesupport_c.dir/rosidl_typesupport_c/as2_msgs/msg/u_int16_multi_array_stamped__type_support.cpp.o[0m
[9.840s] [ 31%] [32mBuilding CXX object CMakeFiles/as2_msgs__rosidl_typesupport_cpp.dir/rosidl_typesupport_cpp/as2_msgs/action/force_estimation__type_support.cpp.o[0m
[9.842s] [ 31%] [32mBuilding CXX object CMakeFiles/as2_msgs__rosidl_typesupport_c.dir/rosidl_typesupport_c/as2_msgs/msg/yaw_mode__type_support.cpp.o[0m
[9.849s] [ 31%] [32mBuilding CXX object CMakeFiles/as2_msgs__rosidl_typesupport_c.dir/rosidl_typesupport_c/as2_msgs/srv/add_static_transform__type_support.cpp.o[0m
[9.854s] [ 31%] [32mBuilding CXX object CMakeFiles/as2_msgs__rosidl_typesupport_c.dir/rosidl_typesupport_c/as2_msgs/srv/add_static_transform_gps__type_support.cpp.o[0m
[9.857s] [ 31%] [32mBuilding CXX object CMakeFiles/as2_msgs__rosidl_typesupport_c.dir/rosidl_typesupport_c/as2_msgs/srv/dynamic_follower__type_support.cpp.o[0m
[9.857s] [ 32%] [32mBuilding CXX object CMakeFiles/as2_msgs__rosidl_typesupport_cpp.dir/rosidl_typesupport_cpp/as2_msgs/action/generate_polynomial_trajectory__type_support.cpp.o[0m
[9.857s] [ 32%] [32mBuilding CXX object CMakeFiles/as2_msgs__rosidl_typesupport_c.dir/rosidl_typesupport_c/as2_msgs/srv/dynamic_land__type_support.cpp.o[0m
[9.868s] [ 32%] [32mBuilding CXX object CMakeFiles/as2_msgs__rosidl_typesupport_cpp.dir/rosidl_typesupport_cpp/as2_msgs/action/go_to_waypoint__type_support.cpp.o[0m
[9.877s] [ 32%] [32mBuilding CXX object CMakeFiles/as2_msgs__rosidl_typesupport_cpp.dir/rosidl_typesupport_cpp/as2_msgs/action/gripper_handler__type_support.cpp.o[0m
[9.879s] [ 32%] [32mBuilding CXX object CMakeFiles/as2_msgs__rosidl_typesupport_cpp.dir/rosidl_typesupport_cpp/as2_msgs/action/land__type_support.cpp.o[0m
[9.882s] [ 33%] [32mBuilding CXX object CMakeFiles/as2_msgs__rosidl_typesupport_c.dir/rosidl_typesupport_c/as2_msgs/srv/geopath_to_path__type_support.cpp.o[0m
[9.883s] [ 33%] [32mBuilding CXX object CMakeFiles/as2_msgs__rosidl_typesupport_cpp.dir/rosidl_typesupport_cpp/as2_msgs/action/mass_estimation__type_support.cpp.o[0m
[9.883s] [ 33%] [32mBuilding CXX object CMakeFiles/as2_msgs__rosidl_typesupport_c.dir/rosidl_typesupport_c/as2_msgs/srv/get_geozone__type_support.cpp.o[0m
[9.883s] [ 33%] [32mBuilding CXX object CMakeFiles/as2_msgs__rosidl_typesupport_cpp.dir/rosidl_typesupport_cpp/as2_msgs/action/navigate_to_point__type_support.cpp.o[0m
[9.895s] [ 33%] [32mBuilding CXX object CMakeFiles/as2_msgs__rosidl_typesupport_cpp.dir/rosidl_typesupport_cpp/as2_msgs/action/point_gimbal__type_support.cpp.o[0m
[9.909s] [ 33%] [32mBuilding CXX object CMakeFiles/as2_msgs__rosidl_typesupport_cpp.dir/rosidl_typesupport_cpp/as2_msgs/action/precision_landing__type_support.cpp.o[0m
[9.922s] [ 33%] [32mBuilding CXX object CMakeFiles/as2_msgs__rosidl_typesupport_c.dir/rosidl_typesupport_c/as2_msgs/srv/get_origin__type_support.cpp.o[0m
[9.926s] [ 33%] [32mBuilding CXX object CMakeFiles/as2_msgs__rosidl_typesupport_c.dir/rosidl_typesupport_c/as2_msgs/srv/list_control_modes__type_support.cpp.o[0m
[9.963s] [ 33%] [32mBuilding CXX object CMakeFiles/as2_msgs__rosidl_typesupport_cpp.dir/rosidl_typesupport_cpp/as2_msgs/action/set_arming_state__type_support.cpp.o[0m
[9.965s] [ 34%] [32mBuilding CXX object CMakeFiles/as2_msgs__rosidl_typesupport_c.dir/rosidl_typesupport_c/as2_msgs/srv/modify_swarm__type_support.cpp.o[0m
[9.965s] [ 34%] [32mBuilding CXX object CMakeFiles/as2_msgs__rosidl_typesupport_c.dir/rosidl_typesupport_c/as2_msgs/srv/package_pick_up__type_support.cpp.o[0m
[9.977s] [ 35%] [32mBuilding CXX object CMakeFiles/as2_msgs__rosidl_typesupport_cpp.dir/rosidl_typesupport_cpp/as2_msgs/action/set_offboard_mode__type_support.cpp.o[0m
[9.994s] [ 35%] [32mBuilding CXX object CMakeFiles/as2_msgs__rosidl_typesupport_cpp.dir/rosidl_typesupport_cpp/as2_msgs/action/swarm_flocking__type_support.cpp.o[0m
[10.022s] [ 35%] [32mBuilding CXX object CMakeFiles/as2_msgs__rosidl_typesupport_c.dir/rosidl_typesupport_c/as2_msgs/srv/package_un_pick__type_support.cpp.o[0m
[10.050s] [ 35%] [32mBuilding CXX object CMakeFiles/as2_msgs__rosidl_typesupport_c.dir/rosidl_typesupport_c/as2_msgs/srv/path_to_geopath__type_support.cpp.o[0m
[10.081s] [ 35%] [32mBuilding CXX object CMakeFiles/as2_msgs__rosidl_typesupport_c.dir/rosidl_typesupport_c/as2_msgs/srv/set_control_mode__type_support.cpp.o[0m
[10.111s] [ 36%] [32mBuilding CXX object CMakeFiles/as2_msgs__rosidl_typesupport_c.dir/rosidl_typesupport_c/as2_msgs/srv/set_geozone__type_support.cpp.o[0m
[10.141s] [ 36%] [32mBuilding CXX object CMakeFiles/as2_msgs__rosidl_typesupport_c.dir/rosidl_typesupport_c/as2_msgs/srv/set_origin__type_support.cpp.o[0m
[10.170s] [ 36%] [32mBuilding CXX object CMakeFiles/as2_msgs__rosidl_typesupport_c.dir/rosidl_typesupport_c/as2_msgs/srv/set_platform_state_machine_event__type_support.cpp.o[0m
[10.179s] [ 36%] [32mBuilding CXX object CMakeFiles/as2_msgs__rosidl_typesupport_cpp.dir/rosidl_typesupport_cpp/as2_msgs/action/takeoff__type_support.cpp.o[0m
[10.182s] [ 36%] [32mBuilding CXX object CMakeFiles/as2_msgs__rosidl_typesupport_c.dir/rosidl_typesupport_c/as2_msgs/srv/set_speed__type_support.cpp.o[0m
[10.204s] [ 36%] [32mBuilding CXX object CMakeFiles/as2_msgs__rosidl_typesupport_c.dir/rosidl_typesupport_c/as2_msgs/action/detect_aruco_markers__type_support.cpp.o[0m
[10.219s] [ 37%] [32mBuilding CXX object CMakeFiles/as2_msgs__rosidl_typesupport_c.dir/rosidl_typesupport_c/as2_msgs/action/follow_path__type_support.cpp.o[0m
[10.262s] [ 37%] [32mBuilding CXX object CMakeFiles/as2_msgs__rosidl_typesupport_c.dir/rosidl_typesupport_c/as2_msgs/action/follow_reference__type_support.cpp.o[0m
[10.265s] [ 37%] [32mBuilding CXX object CMakeFiles/as2_msgs__rosidl_typesupport_c.dir/rosidl_typesupport_c/as2_msgs/action/force_estimation__type_support.cpp.o[0m
[10.272s] [ 37%] [32mBuilding CXX object CMakeFiles/as2_msgs__rosidl_typesupport_c.dir/rosidl_typesupport_c/as2_msgs/action/generate_polynomial_trajectory__type_support.cpp.o[0m
[10.273s] [ 38%] [32mBuilding CXX object CMakeFiles/as2_msgs__rosidl_typesupport_c.dir/rosidl_typesupport_c/as2_msgs/action/go_to_waypoint__type_support.cpp.o[0m
[10.273s] [ 38%] [32mBuilding CXX object CMakeFiles/as2_msgs__rosidl_typesupport_c.dir/rosidl_typesupport_c/as2_msgs/action/gripper_handler__type_support.cpp.o[0m
[10.291s] [ 38%] [32mBuilding CXX object CMakeFiles/as2_msgs__rosidl_typesupport_c.dir/rosidl_typesupport_c/as2_msgs/action/mass_estimation__type_support.cpp.o[0m
[10.291s] [ 38%] [32mBuilding CXX object CMakeFiles/as2_msgs__rosidl_typesupport_c.dir/rosidl_typesupport_c/as2_msgs/action/land__type_support.cpp.o[0m
[10.313s] [ 38%] [32mBuilding CXX object CMakeFiles/as2_msgs__rosidl_typesupport_c.dir/rosidl_typesupport_c/as2_msgs/action/navigate_to_point__type_support.cpp.o[0m
[10.313s] [ 39%] [32mBuilding CXX object CMakeFiles/as2_msgs__rosidl_typesupport_c.dir/rosidl_typesupport_c/as2_msgs/action/precision_landing__type_support.cpp.o[0m
[10.316s] [ 39%] [32mBuilding CXX object CMakeFiles/as2_msgs__rosidl_typesupport_c.dir/rosidl_typesupport_c/as2_msgs/action/point_gimbal__type_support.cpp.o[0m
[10.316s] [ 39%] [32mBuilding CXX object CMakeFiles/as2_msgs__rosidl_typesupport_c.dir/rosidl_typesupport_c/as2_msgs/action/set_arming_state__type_support.cpp.o[0m
[10.325s] [ 39%] [32mBuilding CXX object CMakeFiles/as2_msgs__rosidl_typesupport_c.dir/rosidl_typesupport_c/as2_msgs/action/set_offboard_mode__type_support.cpp.o[0m
[10.326s] [ 39%] [32mBuilding CXX object CMakeFiles/as2_msgs__rosidl_typesupport_c.dir/rosidl_typesupport_c/as2_msgs/action/swarm_flocking__type_support.cpp.o[0m
[10.333s] [ 39%] [32mBuilding CXX object CMakeFiles/as2_msgs__rosidl_typesupport_c.dir/rosidl_typesupport_c/as2_msgs/action/takeoff__type_support.cpp.o[0m
[10.378s] [ 40%] [32m[1mLinking CXX shared library libas2_msgs__rosidl_typesupport_c.so[0m
[10.403s] [ 40%] [32mBuilding CXX object CMakeFiles/as2_msgs__rosidl_typesupport_introspection_cpp.dir/rosidl_typesupport_introspection_cpp/as2_msgs/msg/detail/behavior_status__type_support.cpp.o[0m
[10.403s] [ 40%] [32mBuilding CXX object CMakeFiles/as2_msgs__rosidl_typesupport_introspection_cpp.dir/rosidl_typesupport_introspection_cpp/as2_msgs/msg/detail/controller_info__type_support.cpp.o[0m
[10.403s] [ 40%] [32mBuilding CXX object CMakeFiles/as2_msgs__rosidl_typesupport_introspection_cpp.dir/rosidl_typesupport_introspection_cpp/as2_msgs/msg/detail/gimbal_control__type_support.cpp.o[0m
[10.403s] [ 40%] [32mBuilding CXX object CMakeFiles/as2_msgs__rosidl_typesupport_introspection_cpp.dir/rosidl_typesupport_introspection_cpp/as2_msgs/msg/detail/acro__type_support.cpp.o[0m
[10.403s] [ 41%] [32mBuilding CXX object CMakeFiles/as2_msgs__rosidl_typesupport_introspection_cpp.dir/rosidl_typesupport_introspection_cpp/as2_msgs/msg/detail/alert_event__type_support.cpp.o[0m
[10.404s] [ 41%] [32mBuilding CXX object CMakeFiles/as2_msgs__rosidl_typesupport_introspection_cpp.dir/rosidl_typesupport_introspection_cpp/as2_msgs/msg/detail/mission_update__type_support.cpp.o[0m
[10.404s] [ 41%] [32mBuilding CXX object CMakeFiles/as2_msgs__rosidl_typesupport_introspection_cpp.dir/rosidl_typesupport_introspection_cpp/as2_msgs/msg/detail/node_status__type_support.cpp.o[0m
[10.404s] [ 41%] [32mBuilding CXX object CMakeFiles/as2_msgs__rosidl_typesupport_introspection_cpp.dir/rosidl_typesupport_introspection_cpp/as2_msgs/msg/detail/follow_target_info__type_support.cpp.o[0m
[10.404s] [ 42%] [32mBuilding CXX object CMakeFiles/as2_msgs__rosidl_typesupport_introspection_cpp.dir/rosidl_typesupport_introspection_cpp/as2_msgs/msg/detail/platform_info__type_support.cpp.o[0m
[10.404s] [ 42%] [32mBuilding CXX object CMakeFiles/as2_msgs__rosidl_typesupport_introspection_cpp.dir/rosidl_typesupport_introspection_cpp/as2_msgs/msg/detail/control_mode__type_support.cpp.o[0m
[10.404s] [ 43%] [32mBuilding CXX object CMakeFiles/as2_msgs__rosidl_typesupport_introspection_cpp.dir/rosidl_typesupport_introspection_cpp/as2_msgs/msg/detail/geozone__type_support.cpp.o[0m
[10.404s] [ 43%] [32mBuilding CXX object CMakeFiles/as2_msgs__rosidl_typesupport_introspection_cpp.dir/rosidl_typesupport_introspection_cpp/as2_msgs/msg/detail/mission_event__type_support.cpp.o[0m
[10.405s] [ 43%] [32mBuilding CXX object CMakeFiles/as2_msgs__rosidl_typesupport_introspection_cpp.dir/rosidl_typesupport_introspection_cpp/as2_msgs/msg/detail/platform_state_machine_event__type_support.cpp.o[0m
[10.405s] [ 43%] [32mBuilding CXX object CMakeFiles/as2_msgs__rosidl_typesupport_introspection_cpp.dir/rosidl_typesupport_introspection_cpp/as2_msgs/msg/detail/platform_status__type_support.cpp.o[0m
[10.432s] [ 43%] Built target as2_msgs__rosidl_typesupport_c
[10.439s] [ 43%] [32mBuilding CXX object CMakeFiles/as2_msgs__rosidl_typesupport_introspection_cpp.dir/rosidl_typesupport_introspection_cpp/as2_msgs/msg/detail/polygon_list__type_support.cpp.o[0m
[10.458s] [ 43%] [32mBuilding CXX object CMakeFiles/as2_msgs__rosidl_typesupport_introspection_cpp.dir/rosidl_typesupport_introspection_cpp/as2_msgs/msg/detail/pose_stamped_with_id__type_support.cpp.o[0m
[10.617s] [ 43%] [32m[1mLinking CXX shared library libas2_msgs__rosidl_typesupport_cpp.so[0m
[10.673s] [ 43%] Built target as2_msgs__rosidl_typesupport_cpp
[10.681s] [ 44%] [32mBuilding CXX object CMakeFiles/as2_msgs__rosidl_typesupport_introspection_cpp.dir/rosidl_typesupport_introspection_cpp/as2_msgs/msg/detail/pose_stamped_with_id_array__type_support.cpp.o[0m
[10.736s] [ 44%] [32mBuilding CXX object CMakeFiles/as2_msgs__rosidl_typesupport_introspection_cpp.dir/rosidl_typesupport_introspection_cpp/as2_msgs/msg/detail/pose_with_id_array__type_support.cpp.o[0m
[10.738s] [ 44%] [32mBuilding CXX object CMakeFiles/as2_msgs__rosidl_typesupport_introspection_cpp.dir/rosidl_typesupport_introspection_cpp/as2_msgs/msg/detail/pose_with_id__type_support.cpp.o[0m
[10.744s] [ 44%] [32mBuilding CXX object CMakeFiles/as2_msgs__rosidl_typesupport_introspection_cpp.dir/rosidl_typesupport_introspection_cpp/as2_msgs/msg/detail/speed__type_support.cpp.o[0m
[10.746s] [ 44%] [32mBuilding CXX object CMakeFiles/as2_msgs__rosidl_typesupport_introspection_cpp.dir/rosidl_typesupport_introspection_cpp/as2_msgs/msg/detail/thrust__type_support.cpp.o[0m
[10.752s] [ 45%] [32mBuilding CXX object CMakeFiles/as2_msgs__rosidl_typesupport_introspection_cpp.dir/rosidl_typesupport_introspection_cpp/as2_msgs/msg/detail/traj_gen_info__type_support.cpp.o[0m
[10.760s] [ 45%] [32mBuilding CXX object CMakeFiles/as2_msgs__rosidl_typesupport_introspection_cpp.dir/rosidl_typesupport_introspection_cpp/as2_msgs/msg/detail/trajectory_point__type_support.cpp.o[0m
[10.773s] [ 45%] [32mBuilding CXX object CMakeFiles/as2_msgs__rosidl_typesupport_introspection_cpp.dir/rosidl_typesupport_introspection_cpp/as2_msgs/msg/detail/trajectory_setpoints__type_support.cpp.o[0m
[10.793s] [ 45%] [32mBuilding CXX object CMakeFiles/as2_msgs__rosidl_typesupport_introspection_cpp.dir/rosidl_typesupport_introspection_cpp/as2_msgs/msg/detail/u_int16_multi_array_stamped__type_support.cpp.o[0m
[10.794s] [ 45%] [32mBuilding CXX object CMakeFiles/as2_msgs__rosidl_typesupport_introspection_cpp.dir/rosidl_typesupport_introspection_cpp/as2_msgs/msg/detail/yaw_mode__type_support.cpp.o[0m
[10.795s] [ 46%] [32mBuilding CXX object CMakeFiles/as2_msgs__rosidl_typesupport_introspection_cpp.dir/rosidl_typesupport_introspection_cpp/as2_msgs/srv/detail/add_static_transform__type_support.cpp.o[0m
[10.801s] [ 46%] [32mBuilding CXX object CMakeFiles/as2_msgs__rosidl_typesupport_introspection_cpp.dir/rosidl_typesupport_introspection_cpp/as2_msgs/srv/detail/dynamic_follower__type_support.cpp.o[0m
[10.801s] [ 46%] [32mBuilding CXX object CMakeFiles/as2_msgs__rosidl_typesupport_introspection_cpp.dir/rosidl_typesupport_introspection_cpp/as2_msgs/srv/detail/dynamic_land__type_support.cpp.o[0m
[10.802s] [ 46%] [32mBuilding CXX object CMakeFiles/as2_msgs__rosidl_typesupport_introspection_cpp.dir/rosidl_typesupport_introspection_cpp/as2_msgs/srv/detail/add_static_transform_gps__type_support.cpp.o[0m
[10.853s] [ 46%] [32mBuilding CXX object CMakeFiles/as2_msgs__rosidl_typesupport_introspection_cpp.dir/rosidl_typesupport_introspection_cpp/as2_msgs/srv/detail/geopath_to_path__type_support.cpp.o[0m
[10.883s] [ 47%] [32mBuilding CXX object CMakeFiles/as2_msgs__rosidl_typesupport_introspection_cpp.dir/rosidl_typesupport_introspection_cpp/as2_msgs/srv/detail/get_geozone__type_support.cpp.o[0m
[10.936s] [ 47%] [32mBuilding CXX object CMakeFiles/as2_msgs__rosidl_typesupport_introspection_cpp.dir/rosidl_typesupport_introspection_cpp/as2_msgs/srv/detail/get_origin__type_support.cpp.o[0m
[11.073s] [ 47%] [32mBuilding CXX object CMakeFiles/as2_msgs__rosidl_typesupport_introspection_cpp.dir/rosidl_typesupport_introspection_cpp/as2_msgs/srv/detail/list_control_modes__type_support.cpp.o[0m
[11.089s] [ 47%] [32mBuilding CXX object CMakeFiles/as2_msgs__rosidl_typesupport_introspection_cpp.dir/rosidl_typesupport_introspection_cpp/as2_msgs/srv/detail/modify_swarm__type_support.cpp.o[0m
[11.095s] [ 47%] [32mBuilding CXX object CMakeFiles/as2_msgs__rosidl_typesupport_introspection_cpp.dir/rosidl_typesupport_introspection_cpp/as2_msgs/srv/detail/package_pick_up__type_support.cpp.o[0m
[11.101s] [ 48%] [32mBuilding CXX object CMakeFiles/as2_msgs__rosidl_typesupport_introspection_cpp.dir/rosidl_typesupport_introspection_cpp/as2_msgs/srv/detail/package_un_pick__type_support.cpp.o[0m
[11.109s] [ 48%] [32mBuilding CXX object CMakeFiles/as2_msgs__rosidl_typesupport_introspection_cpp.dir/rosidl_typesupport_introspection_cpp/as2_msgs/srv/detail/path_to_geopath__type_support.cpp.o[0m
[11.133s] [ 48%] [32mBuilding CXX object CMakeFiles/as2_msgs__rosidl_typesupport_introspection_cpp.dir/rosidl_typesupport_introspection_cpp/as2_msgs/srv/detail/set_control_mode__type_support.cpp.o[0m
[11.138s] [ 48%] [32mBuilding CXX object CMakeFiles/as2_msgs__rosidl_typesupport_introspection_cpp.dir/rosidl_typesupport_introspection_cpp/as2_msgs/srv/detail/set_geozone__type_support.cpp.o[0m
[11.141s] [ 49%] [32mBuilding CXX object CMakeFiles/as2_msgs__rosidl_typesupport_introspection_cpp.dir/rosidl_typesupport_introspection_cpp/as2_msgs/srv/detail/set_platform_state_machine_event__type_support.cpp.o[0m
[11.145s] [ 49%] [32mBuilding CXX object CMakeFiles/as2_msgs__rosidl_typesupport_introspection_cpp.dir/rosidl_typesupport_introspection_cpp/as2_msgs/srv/detail/set_origin__type_support.cpp.o[0m
[11.153s] [ 49%] [32mBuilding CXX object CMakeFiles/as2_msgs__rosidl_typesupport_introspection_cpp.dir/rosidl_typesupport_introspection_cpp/as2_msgs/srv/detail/set_speed__type_support.cpp.o[0m
[11.171s] [ 49%] [32mBuilding CXX object CMakeFiles/as2_msgs__rosidl_typesupport_introspection_cpp.dir/rosidl_typesupport_introspection_cpp/as2_msgs/action/detail/detect_aruco_markers__type_support.cpp.o[0m
[11.226s] [ 49%] [32mBuilding CXX object CMakeFiles/as2_msgs__rosidl_typesupport_introspection_cpp.dir/rosidl_typesupport_introspection_cpp/as2_msgs/action/detail/follow_path__type_support.cpp.o[0m
[11.235s] [ 49%] [32mBuilding CXX object CMakeFiles/as2_msgs__rosidl_typesupport_introspection_cpp.dir/rosidl_typesupport_introspection_cpp/as2_msgs/action/detail/follow_reference__type_support.cpp.o[0m
[11.266s] [ 50%] [32mBuilding CXX object CMakeFiles/as2_msgs__rosidl_typesupport_introspection_cpp.dir/rosidl_typesupport_introspection_cpp/as2_msgs/action/detail/force_estimation__type_support.cpp.o[0m
[11.292s] [ 50%] [32mBuilding CXX object CMakeFiles/as2_msgs__rosidl_typesupport_introspection_cpp.dir/rosidl_typesupport_introspection_cpp/as2_msgs/action/detail/generate_polynomial_trajectory__type_support.cpp.o[0m
[11.354s] [ 50%] [32mBuilding CXX object CMakeFiles/as2_msgs__rosidl_typesupport_introspection_cpp.dir/rosidl_typesupport_introspection_cpp/as2_msgs/action/detail/go_to_waypoint__type_support.cpp.o[0m
[11.373s] [ 50%] [32mBuilding CXX object CMakeFiles/as2_msgs__rosidl_typesupport_introspection_cpp.dir/rosidl_typesupport_introspection_cpp/as2_msgs/action/detail/gripper_handler__type_support.cpp.o[0m
[11.432s] [ 50%] [32mBuilding CXX object CMakeFiles/as2_msgs__rosidl_typesupport_introspection_cpp.dir/rosidl_typesupport_introspection_cpp/as2_msgs/action/detail/land__type_support.cpp.o[0m
[11.457s] [ 51%] [32mBuilding CXX object CMakeFiles/as2_msgs__rosidl_typesupport_introspection_cpp.dir/rosidl_typesupport_introspection_cpp/as2_msgs/action/detail/mass_estimation__type_support.cpp.o[0m
[11.469s] [ 51%] [32mBuilding CXX object CMakeFiles/as2_msgs__rosidl_typesupport_introspection_cpp.dir/rosidl_typesupport_introspection_cpp/as2_msgs/action/detail/navigate_to_point__type_support.cpp.o[0m
[11.474s] [ 51%] [32mBuilding CXX object CMakeFiles/as2_msgs__rosidl_typesupport_introspection_cpp.dir/rosidl_typesupport_introspection_cpp/as2_msgs/action/detail/point_gimbal__type_support.cpp.o[0m
[11.480s] [ 51%] [32mBuilding CXX object CMakeFiles/as2_msgs__rosidl_typesupport_introspection_cpp.dir/rosidl_typesupport_introspection_cpp/as2_msgs/action/detail/precision_landing__type_support.cpp.o[0m
[11.483s] [ 51%] [32mBuilding CXX object CMakeFiles/as2_msgs__rosidl_typesupport_introspection_cpp.dir/rosidl_typesupport_introspection_cpp/as2_msgs/action/detail/set_arming_state__type_support.cpp.o[0m
[11.496s] [ 52%] [32mBuilding CXX object CMakeFiles/as2_msgs__rosidl_typesupport_introspection_cpp.dir/rosidl_typesupport_introspection_cpp/as2_msgs/action/detail/set_offboard_mode__type_support.cpp.o[0m
[11.508s] [ 52%] [32mBuilding CXX object CMakeFiles/as2_msgs__rosidl_typesupport_introspection_cpp.dir/rosidl_typesupport_introspection_cpp/as2_msgs/action/detail/swarm_flocking__type_support.cpp.o[0m
[11.523s] [ 52%] [32mBuilding CXX object CMakeFiles/as2_msgs__rosidl_typesupport_introspection_cpp.dir/rosidl_typesupport_introspection_cpp/as2_msgs/action/detail/takeoff__type_support.cpp.o[0m
[11.591s] [ 52%] [32mBuilding C object CMakeFiles/as2_msgs__rosidl_typesupport_introspection_c.dir/rosidl_typesupport_introspection_c/as2_msgs/msg/detail/acro__type_support.c.o[0m
[11.614s] [ 52%] [32mBuilding C object CMakeFiles/as2_msgs__rosidl_typesupport_introspection_c.dir/rosidl_typesupport_introspection_c/as2_msgs/msg/detail/alert_event__type_support.c.o[0m
[11.656s] [ 52%] [32mBuilding C object CMakeFiles/as2_msgs__rosidl_typesupport_introspection_c.dir/rosidl_typesupport_introspection_c/as2_msgs/msg/detail/behavior_status__type_support.c.o[0m
[11.664s] [ 52%] [32mBuilding C object CMakeFiles/as2_msgs__rosidl_typesupport_introspection_c.dir/rosidl_typesupport_introspection_c/as2_msgs/msg/detail/control_mode__type_support.c.o[0m
[11.696s] [ 53%] [32mBuilding C object CMakeFiles/as2_msgs__rosidl_typesupport_introspection_c.dir/rosidl_typesupport_introspection_c/as2_msgs/msg/detail/controller_info__type_support.c.o[0m
[11.702s] [ 53%] [32mBuilding C object CMakeFiles/as2_msgs__rosidl_typesupport_introspection_c.dir/rosidl_typesupport_introspection_c/as2_msgs/msg/detail/follow_target_info__type_support.c.o[0m
[11.743s] [ 53%] [32mBuilding C object CMakeFiles/as2_msgs__rosidl_typesupport_introspection_c.dir/rosidl_typesupport_introspection_c/as2_msgs/msg/detail/geozone__type_support.c.o[0m
[11.743s] [ 53%] [32mBuilding C object CMakeFiles/as2_msgs__rosidl_typesupport_introspection_c.dir/rosidl_typesupport_introspection_c/as2_msgs/msg/detail/gimbal_control__type_support.c.o[0m
[11.775s] [ 53%] [32mBuilding C object CMakeFiles/as2_msgs__rosidl_typesupport_introspection_c.dir/rosidl_typesupport_introspection_c/as2_msgs/msg/detail/mission_event__type_support.c.o[0m
[11.780s] [ 54%] [32mBuilding C object CMakeFiles/as2_msgs__rosidl_typesupport_introspection_c.dir/rosidl_typesupport_introspection_c/as2_msgs/msg/detail/mission_update__type_support.c.o[0m
[11.807s] [ 54%] [32mBuilding C object CMakeFiles/as2_msgs__rosidl_typesupport_introspection_c.dir/rosidl_typesupport_introspection_c/as2_msgs/msg/detail/node_status__type_support.c.o[0m
[11.813s] [ 54%] [32mBuilding C object CMakeFiles/as2_msgs__rosidl_typesupport_introspection_c.dir/rosidl_typesupport_introspection_c/as2_msgs/msg/detail/platform_info__type_support.c.o[0m
[11.824s] [ 54%] [32mBuilding C object CMakeFiles/as2_msgs__rosidl_typesupport_introspection_c.dir/rosidl_typesupport_introspection_c/as2_msgs/msg/detail/platform_state_machine_event__type_support.c.o[0m
[11.832s] [ 54%] [32mBuilding C object CMakeFiles/as2_msgs__rosidl_typesupport_introspection_c.dir/rosidl_typesupport_introspection_c/as2_msgs/msg/detail/platform_status__type_support.c.o[0m
[11.844s] [ 55%] [32mBuilding C object CMakeFiles/as2_msgs__rosidl_typesupport_introspection_c.dir/rosidl_typesupport_introspection_c/as2_msgs/msg/detail/polygon_list__type_support.c.o[0m
[11.862s] [ 55%] [32mBuilding C object CMakeFiles/as2_msgs__rosidl_typesupport_introspection_c.dir/rosidl_typesupport_introspection_c/as2_msgs/msg/detail/pose_stamped_with_id__type_support.c.o[0m
[11.865s] [ 55%] [32mBuilding C object CMakeFiles/as2_msgs__rosidl_typesupport_introspection_c.dir/rosidl_typesupport_introspection_c/as2_msgs/msg/detail/pose_stamped_with_id_array__type_support.c.o[0m
[11.891s] [ 55%] [32mBuilding C object CMakeFiles/as2_msgs__rosidl_typesupport_introspection_c.dir/rosidl_typesupport_introspection_c/as2_msgs/msg/detail/pose_with_id__type_support.c.o[0m
[11.897s] [ 55%] [32mBuilding C object CMakeFiles/as2_msgs__rosidl_typesupport_introspection_c.dir/rosidl_typesupport_introspection_c/as2_msgs/msg/detail/pose_with_id_array__type_support.c.o[0m
[11.898s] [ 55%] [32mBuilding C object CMakeFiles/as2_msgs__rosidl_typesupport_introspection_c.dir/rosidl_typesupport_introspection_c/as2_msgs/msg/detail/thrust__type_support.c.o[0m
[11.898s] [ 56%] [32mBuilding C object CMakeFiles/as2_msgs__rosidl_typesupport_introspection_c.dir/rosidl_typesupport_introspection_c/as2_msgs/msg/detail/speed__type_support.c.o[0m
[11.905s] [ 56%] [32mBuilding C object CMakeFiles/as2_msgs__rosidl_typesupport_introspection_c.dir/rosidl_typesupport_introspection_c/as2_msgs/msg/detail/traj_gen_info__type_support.c.o[0m
[11.932s] [ 56%] [32mBuilding C object CMakeFiles/as2_msgs__rosidl_typesupport_introspection_c.dir/rosidl_typesupport_introspection_c/as2_msgs/msg/detail/trajectory_point__type_support.c.o[0m
[11.935s] [ 56%] [32mBuilding C object CMakeFiles/as2_msgs__rosidl_typesupport_introspection_c.dir/rosidl_typesupport_introspection_c/as2_msgs/msg/detail/trajectory_setpoints__type_support.c.o[0m
[11.941s] [ 57%] [32mBuilding C object CMakeFiles/as2_msgs__rosidl_typesupport_introspection_c.dir/rosidl_typesupport_introspection_c/as2_msgs/msg/detail/u_int16_multi_array_stamped__type_support.c.o[0m
[11.944s] [ 57%] [32mBuilding C object CMakeFiles/as2_msgs__rosidl_typesupport_introspection_c.dir/rosidl_typesupport_introspection_c/as2_msgs/msg/detail/yaw_mode__type_support.c.o[0m
[11.952s] [ 57%] [32mBuilding C object CMakeFiles/as2_msgs__rosidl_typesupport_introspection_c.dir/rosidl_typesupport_introspection_c/as2_msgs/srv/detail/add_static_transform__type_support.c.o[0m
[11.957s] [ 57%] [32mBuilding C object CMakeFiles/as2_msgs__rosidl_typesupport_introspection_c.dir/rosidl_typesupport_introspection_c/as2_msgs/srv/detail/add_static_transform_gps__type_support.c.o[0m
[11.964s] [ 57%] [32mBuilding C object CMakeFiles/as2_msgs__rosidl_typesupport_introspection_c.dir/rosidl_typesupport_introspection_c/as2_msgs/srv/detail/dynamic_follower__type_support.c.o[0m
[11.974s] [ 57%] [32mBuilding C object CMakeFiles/as2_msgs__rosidl_typesupport_introspection_c.dir/rosidl_typesupport_introspection_c/as2_msgs/srv/detail/geopath_to_path__type_support.c.o[0m
[11.974s] [ 58%] [32mBuilding C object CMakeFiles/as2_msgs__rosidl_typesupport_introspection_c.dir/rosidl_typesupport_introspection_c/as2_msgs/srv/detail/dynamic_land__type_support.c.o[0m
[11.981s] [ 58%] [32mBuilding C object CMakeFiles/as2_msgs__rosidl_typesupport_introspection_c.dir/rosidl_typesupport_introspection_c/as2_msgs/srv/detail/get_geozone__type_support.c.o[0m
[11.987s] [ 58%] [32mBuilding C object CMakeFiles/as2_msgs__rosidl_typesupport_introspection_c.dir/rosidl_typesupport_introspection_c/as2_msgs/srv/detail/get_origin__type_support.c.o[0m
[11.999s] [ 58%] [32mBuilding CXX object CMakeFiles/as2_msgs__rosidl_typesupport_fastrtps_cpp.dir/rosidl_typesupport_fastrtps_cpp/as2_msgs/msg/detail/dds_fastrtps/acro__type_support.cpp.o[0m
[11.999s] [ 59%] [32mBuilding C object CMakeFiles/as2_msgs__rosidl_typesupport_introspection_c.dir/rosidl_typesupport_introspection_c/as2_msgs/srv/detail/modify_swarm__type_support.c.o[0m
[11.999s] [ 59%] [32mBuilding C object CMakeFiles/as2_msgs__rosidl_typesupport_introspection_c.dir/rosidl_typesupport_introspection_c/as2_msgs/srv/detail/list_control_modes__type_support.c.o[0m
[12.000s] [ 60%] [32mBuilding CXX object CMakeFiles/as2_msgs__rosidl_typesupport_fastrtps_cpp.dir/rosidl_typesupport_fastrtps_cpp/as2_msgs/msg/detail/dds_fastrtps/alert_event__type_support.cpp.o[0m
[12.004s] [ 60%] [32mBuilding C object CMakeFiles/as2_msgs__rosidl_typesupport_introspection_c.dir/rosidl_typesupport_introspection_c/as2_msgs/srv/detail/package_pick_up__type_support.c.o[0m
[12.007s] [ 60%] [32mBuilding CXX object CMakeFiles/as2_msgs__rosidl_typesupport_fastrtps_cpp.dir/rosidl_typesupport_fastrtps_cpp/as2_msgs/msg/detail/dds_fastrtps/behavior_status__type_support.cpp.o[0m
[12.009s] [ 60%] [32mBuilding C object CMakeFiles/as2_msgs__rosidl_typesupport_introspection_c.dir/rosidl_typesupport_introspection_c/as2_msgs/srv/detail/package_un_pick__type_support.c.o[0m
[12.015s] [ 60%] [32mBuilding C object CMakeFiles/as2_msgs__rosidl_typesupport_introspection_c.dir/rosidl_typesupport_introspection_c/as2_msgs/srv/detail/path_to_geopath__type_support.c.o[0m
[12.015s] [ 60%] [32mBuilding C object CMakeFiles/as2_msgs__rosidl_typesupport_introspection_c.dir/rosidl_typesupport_introspection_c/as2_msgs/srv/detail/set_control_mode__type_support.c.o[0m
[12.019s] [ 60%] [32mBuilding CXX object CMakeFiles/as2_msgs__rosidl_typesupport_fastrtps_cpp.dir/rosidl_typesupport_fastrtps_cpp/as2_msgs/msg/detail/dds_fastrtps/control_mode__type_support.cpp.o[0m
[12.020s] [ 61%] [32mBuilding C object CMakeFiles/as2_msgs__rosidl_typesupport_introspection_c.dir/rosidl_typesupport_introspection_c/as2_msgs/srv/detail/set_geozone__type_support.c.o[0m
[12.029s] [ 61%] [32mBuilding C object CMakeFiles/as2_msgs__rosidl_typesupport_introspection_c.dir/rosidl_typesupport_introspection_c/as2_msgs/srv/detail/set_origin__type_support.c.o[0m
[12.037s] [ 61%] [32mBuilding CXX object CMakeFiles/as2_msgs__rosidl_typesupport_fastrtps_cpp.dir/rosidl_typesupport_fastrtps_cpp/as2_msgs/msg/detail/dds_fastrtps/controller_info__type_support.cpp.o[0m
[12.047s] [ 61%] [32mBuilding C object CMakeFiles/as2_msgs__rosidl_typesupport_introspection_c.dir/rosidl_typesupport_introspection_c/as2_msgs/srv/detail/set_speed__type_support.c.o[0m
[12.047s] [ 61%] [32mBuilding C object CMakeFiles/as2_msgs__rosidl_typesupport_introspection_c.dir/rosidl_typesupport_introspection_c/as2_msgs/srv/detail/set_platform_state_machine_event__type_support.c.o[0m
[12.051s] [ 61%] [32mBuilding CXX object CMakeFiles/as2_msgs__rosidl_typesupport_fastrtps_cpp.dir/rosidl_typesupport_fastrtps_cpp/as2_msgs/msg/detail/dds_fastrtps/follow_target_info__type_support.cpp.o[0m
[12.052s] [ 62%] [32mBuilding CXX object CMakeFiles/as2_msgs__rosidl_typesupport_fastrtps_cpp.dir/rosidl_typesupport_fastrtps_cpp/as2_msgs/msg/detail/dds_fastrtps/geozone__type_support.cpp.o[0m
[12.053s] [ 62%] [32mBuilding CXX object CMakeFiles/as2_msgs__rosidl_typesupport_fastrtps_c.dir/rosidl_typesupport_fastrtps_c/as2_msgs/msg/detail/acro__type_support_c.cpp.o[0m
[12.055s] [ 62%] [32mBuilding CXX object CMakeFiles/as2_msgs__rosidl_typesupport_fastrtps_c.dir/rosidl_typesupport_fastrtps_c/as2_msgs/msg/detail/alert_event__type_support_c.cpp.o[0m
[12.055s] [ 62%] [32mBuilding C object CMakeFiles/as2_msgs__rosidl_typesupport_introspection_c.dir/rosidl_typesupport_introspection_c/as2_msgs/action/detail/detect_aruco_markers__type_support.c.o[0m
[12.058s] [ 62%] [32mBuilding CXX object CMakeFiles/as2_msgs__rosidl_typesupport_fastrtps_c.dir/rosidl_typesupport_fastrtps_c/as2_msgs/msg/detail/behavior_status__type_support_c.cpp.o[0m
[12.060s] [ 63%] [32mBuilding C object CMakeFiles/as2_msgs__rosidl_typesupport_introspection_c.dir/rosidl_typesupport_introspection_c/as2_msgs/action/detail/follow_path__type_support.c.o[0m
[12.064s] [ 63%] [32mBuilding C object CMakeFiles/as2_msgs__rosidl_typesupport_introspection_c.dir/rosidl_typesupport_introspection_c/as2_msgs/action/detail/follow_reference__type_support.c.o[0m
[12.075s] [ 63%] [32mBuilding CXX object CMakeFiles/as2_msgs__rosidl_typesupport_fastrtps_cpp.dir/rosidl_typesupport_fastrtps_cpp/as2_msgs/msg/detail/dds_fastrtps/gimbal_control__type_support.cpp.o[0m
[12.076s] [ 63%] [32mBuilding CXX object CMakeFiles/as2_msgs__rosidl_typesupport_fastrtps_cpp.dir/rosidl_typesupport_fastrtps_cpp/as2_msgs/msg/detail/dds_fastrtps/mission_event__type_support.cpp.o[0m
[12.080s] [ 63%] [32mBuilding C object CMakeFiles/as2_msgs__rosidl_typesupport_introspection_c.dir/rosidl_typesupport_introspection_c/as2_msgs/action/detail/force_estimation__type_support.c.o[0m
[12.098s] [ 63%] [32mBuilding C object CMakeFiles/as2_msgs__rosidl_typesupport_introspection_c.dir/rosidl_typesupport_introspection_c/as2_msgs/action/detail/generate_polynomial_trajectory__type_support.c.o[0m
[12.098s] [ 63%] [32mBuilding CXX object CMakeFiles/as2_msgs__rosidl_typesupport_fastrtps_c.dir/rosidl_typesupport_fastrtps_c/as2_msgs/msg/detail/control_mode__type_support_c.cpp.o[0m
[12.101s] [ 63%] [32mBuilding C object CMakeFiles/as2_msgs__rosidl_typesupport_introspection_c.dir/rosidl_typesupport_introspection_c/as2_msgs/action/detail/go_to_waypoint__type_support.c.o[0m
[12.107s] [ 63%] [32mBuilding CXX object CMakeFiles/as2_msgs__rosidl_typesupport_fastrtps_cpp.dir/rosidl_typesupport_fastrtps_cpp/as2_msgs/msg/detail/dds_fastrtps/mission_update__type_support.cpp.o[0m
[12.111s] [ 63%] [32mBuilding CXX object CMakeFiles/as2_msgs__rosidl_typesupport_fastrtps_cpp.dir/rosidl_typesupport_fastrtps_cpp/as2_msgs/msg/detail/dds_fastrtps/node_status__type_support.cpp.o[0m
[12.111s] [ 64%] [32mBuilding CXX object CMakeFiles/as2_msgs__rosidl_typesupport_fastrtps_c.dir/rosidl_typesupport_fastrtps_c/as2_msgs/msg/detail/controller_info__type_support_c.cpp.o[0m
[12.128s] [ 65%] [32mBuilding CXX object CMakeFiles/as2_msgs__rosidl_typesupport_fastrtps_cpp.dir/rosidl_typesupport_fastrtps_cpp/as2_msgs/msg/detail/dds_fastrtps/platform_info__type_support.cpp.o[0m
[12.145s] [ 65%] [32mBuilding CXX object CMakeFiles/as2_msgs__rosidl_typesupport_fastrtps_cpp.dir/rosidl_typesupport_fastrtps_cpp/as2_msgs/msg/detail/dds_fastrtps/platform_state_machine_event__type_support.cpp.o[0m
[12.147s] [ 66%] [32mBuilding C object CMakeFiles/as2_msgs__rosidl_typesupport_introspection_c.dir/rosidl_typesupport_introspection_c/as2_msgs/action/detail/gripper_handler__type_support.c.o[0m
[12.193s] [ 66%] [32mBuilding C object CMakeFiles/as2_msgs__rosidl_typesupport_introspection_c.dir/rosidl_typesupport_introspection_c/as2_msgs/action/detail/land__type_support.c.o[0m
[12.208s] [ 66%] [32m[1mLinking CXX shared library libas2_msgs__rosidl_typesupport_introspection_cpp.so[0m
[12.237s] [ 66%] [32mBuilding C object CMakeFiles/as2_msgs__rosidl_typesupport_introspection_c.dir/rosidl_typesupport_introspection_c/as2_msgs/action/detail/mass_estimation__type_support.c.o[0m
[12.284s] [ 66%] [32mBuilding C object CMakeFiles/as2_msgs__rosidl_typesupport_introspection_c.dir/rosidl_typesupport_introspection_c/as2_msgs/action/detail/navigate_to_point__type_support.c.o[0m
[12.336s] [ 66%] [32mBuilding C object CMakeFiles/as2_msgs__rosidl_typesupport_introspection_c.dir/rosidl_typesupport_introspection_c/as2_msgs/action/detail/point_gimbal__type_support.c.o[0m
[12.349s] [ 66%] [32mBuilding CXX object CMakeFiles/as2_msgs__rosidl_typesupport_fastrtps_c.dir/rosidl_typesupport_fastrtps_c/as2_msgs/msg/detail/follow_target_info__type_support_c.cpp.o[0m
[12.357s] [ 67%] [32mBuilding C object CMakeFiles/as2_msgs__rosidl_typesupport_introspection_c.dir/rosidl_typesupport_introspection_c/as2_msgs/action/detail/precision_landing__type_support.c.o[0m
[12.365s] [ 67%] [32mBuilding CXX object CMakeFiles/as2_msgs__rosidl_typesupport_fastrtps_cpp.dir/rosidl_typesupport_fastrtps_cpp/as2_msgs/msg/detail/dds_fastrtps/platform_status__type_support.cpp.o[0m
[12.369s] [ 67%] Built target as2_msgs__rosidl_typesupport_introspection_cpp
[12.377s] [ 67%] [32mBuilding CXX object CMakeFiles/as2_msgs__rosidl_typesupport_fastrtps_c.dir/rosidl_typesupport_fastrtps_c/as2_msgs/msg/detail/gimbal_control__type_support_c.cpp.o[0m
[12.377s] [ 67%] [32mBuilding CXX object CMakeFiles/as2_msgs__rosidl_typesupport_fastrtps_c.dir/rosidl_typesupport_fastrtps_c/as2_msgs/msg/detail/geozone__type_support_c.cpp.o[0m
[12.391s] [ 67%] [32mBuilding CXX object CMakeFiles/as2_msgs__rosidl_typesupport_fastrtps_cpp.dir/rosidl_typesupport_fastrtps_cpp/as2_msgs/msg/detail/dds_fastrtps/polygon_list__type_support.cpp.o[0m
[12.399s] [ 67%] [32mBuilding C object CMakeFiles/as2_msgs__rosidl_typesupport_introspection_c.dir/rosidl_typesupport_introspection_c/as2_msgs/action/detail/set_arming_state__type_support.c.o[0m
[12.399s] [ 67%] [32mBuilding CXX object CMakeFiles/as2_msgs__rosidl_typesupport_fastrtps_c.dir/rosidl_typesupport_fastrtps_c/as2_msgs/msg/detail/mission_event__type_support_c.cpp.o[0m
[12.403s] [ 67%] [32mBuilding C object CMakeFiles/as2_msgs__rosidl_typesupport_introspection_c.dir/rosidl_typesupport_introspection_c/as2_msgs/action/detail/set_offboard_mode__type_support.c.o[0m
[12.413s] [ 67%] [32mBuilding CXX object CMakeFiles/as2_msgs__rosidl_typesupport_fastrtps_cpp.dir/rosidl_typesupport_fastrtps_cpp/as2_msgs/msg/detail/dds_fastrtps/pose_stamped_with_id__type_support.cpp.o[0m
[12.416s] [ 68%] [32mBuilding CXX object CMakeFiles/as2_msgs__rosidl_typesupport_fastrtps_cpp.dir/rosidl_typesupport_fastrtps_cpp/as2_msgs/msg/detail/dds_fastrtps/pose_with_id__type_support.cpp.o[0m
[12.416s] [ 68%] [32mBuilding CXX object CMakeFiles/as2_msgs__rosidl_typesupport_fastrtps_cpp.dir/rosidl_typesupport_fastrtps_cpp/as2_msgs/msg/detail/dds_fastrtps/pose_stamped_with_id_array__type_support.cpp.o[0m
[12.418s] [ 69%] [32mBuilding CXX object CMakeFiles/as2_msgs__rosidl_typesupport_fastrtps_c.dir/rosidl_typesupport_fastrtps_c/as2_msgs/msg/detail/mission_update__type_support_c.cpp.o[0m
[12.422s] [ 69%] [32mBuilding CXX object CMakeFiles/as2_msgs__rosidl_typesupport_fastrtps_c.dir/rosidl_typesupport_fastrtps_c/as2_msgs/msg/detail/node_status__type_support_c.cpp.o[0m
[12.424s] [ 69%] [32mBuilding C object CMakeFiles/as2_msgs__rosidl_typesupport_introspection_c.dir/rosidl_typesupport_introspection_c/as2_msgs/action/detail/swarm_flocking__type_support.c.o[0m
[12.441s] [ 69%] [32mBuilding CXX object CMakeFiles/as2_msgs__rosidl_typesupport_fastrtps_c.dir/rosidl_typesupport_fastrtps_c/as2_msgs/msg/detail/platform_info__type_support_c.cpp.o[0m
[12.443s] [ 69%] [32mBuilding C object CMakeFiles/as2_msgs__rosidl_typesupport_introspection_c.dir/rosidl_typesupport_introspection_c/as2_msgs/action/detail/takeoff__type_support.c.o[0m
[12.450s] [ 69%] [32mBuilding CXX object CMakeFiles/as2_msgs__rosidl_typesupport_fastrtps_cpp.dir/rosidl_typesupport_fastrtps_cpp/as2_msgs/msg/detail/dds_fastrtps/pose_with_id_array__type_support.cpp.o[0m
[12.453s] [ 69%] [32mBuilding CXX object CMakeFiles/as2_msgs__rosidl_typesupport_fastrtps_cpp.dir/rosidl_typesupport_fastrtps_cpp/as2_msgs/msg/detail/dds_fastrtps/speed__type_support.cpp.o[0m
[12.462s] [ 69%] [32mBuilding CXX object CMakeFiles/as2_msgs__rosidl_typesupport_fastrtps_c.dir/rosidl_typesupport_fastrtps_c/as2_msgs/msg/detail/platform_state_machine_event__type_support_c.cpp.o[0m
[12.483s] [ 69%] [32mBuilding CXX object CMakeFiles/as2_msgs__rosidl_typesupport_fastrtps_c.dir/rosidl_typesupport_fastrtps_c/as2_msgs/msg/detail/platform_status__type_support_c.cpp.o[0m
[12.491s] [ 70%] [32mBuilding CXX object CMakeFiles/as2_msgs__rosidl_typesupport_fastrtps_c.dir/rosidl_typesupport_fastrtps_c/as2_msgs/msg/detail/polygon_list__type_support_c.cpp.o[0m
[12.491s] [ 71%] [32m[1mLinking C shared library libas2_msgs__rosidl_typesupport_introspection_c.so[0m
[12.509s] [ 71%] [32mBuilding CXX object CMakeFiles/as2_msgs__rosidl_typesupport_fastrtps_cpp.dir/rosidl_typesupport_fastrtps_cpp/as2_msgs/msg/detail/dds_fastrtps/thrust__type_support.cpp.o[0m
[12.556s] [ 71%] Built target as2_msgs__rosidl_typesupport_introspection_c
[12.562s] [ 72%] [32mBuilding CXX object CMakeFiles/as2_msgs__rosidl_typesupport_fastrtps_cpp.dir/rosidl_typesupport_fastrtps_cpp/as2_msgs/msg/detail/dds_fastrtps/traj_gen_info__type_support.cpp.o[0m
[12.566s] [ 72%] [32mBuilding CXX object CMakeFiles/as2_msgs__rosidl_typesupport_fastrtps_cpp.dir/rosidl_typesupport_fastrtps_cpp/as2_msgs/msg/detail/dds_fastrtps/trajectory_point__type_support.cpp.o[0m
[12.665s] [ 72%] [32mBuilding CXX object CMakeFiles/as2_msgs__rosidl_typesupport_fastrtps_cpp.dir/rosidl_typesupport_fastrtps_cpp/as2_msgs/msg/detail/dds_fastrtps/trajectory_setpoints__type_support.cpp.o[0m
[12.682s] [ 72%] [32mBuilding CXX object CMakeFiles/as2_msgs__rosidl_typesupport_fastrtps_cpp.dir/rosidl_typesupport_fastrtps_cpp/as2_msgs/msg/detail/dds_fastrtps/u_int16_multi_array_stamped__type_support.cpp.o[0m
[12.720s] [ 72%] [32mBuilding CXX object CMakeFiles/as2_msgs__rosidl_typesupport_fastrtps_c.dir/rosidl_typesupport_fastrtps_c/as2_msgs/msg/detail/pose_stamped_with_id__type_support_c.cpp.o[0m
[12.720s] [ 72%] [32mBuilding CXX object CMakeFiles/as2_msgs__rosidl_typesupport_fastrtps_cpp.dir/rosidl_typesupport_fastrtps_cpp/as2_msgs/msg/detail/dds_fastrtps/yaw_mode__type_support.cpp.o[0m
[12.720s] [ 72%] [32mBuilding CXX object CMakeFiles/as2_msgs__rosidl_typesupport_fastrtps_c.dir/rosidl_typesupport_fastrtps_c/as2_msgs/msg/detail/pose_stamped_with_id_array__type_support_c.cpp.o[0m
[12.765s] [ 72%] [32mBuilding CXX object CMakeFiles/as2_msgs__rosidl_typesupport_fastrtps_c.dir/rosidl_typesupport_fastrtps_c/as2_msgs/msg/detail/pose_with_id__type_support_c.cpp.o[0m
[12.776s] [ 72%] [32mBuilding CXX object CMakeFiles/as2_msgs__rosidl_typesupport_fastrtps_c.dir/rosidl_typesupport_fastrtps_c/as2_msgs/msg/detail/pose_with_id_array__type_support_c.cpp.o[0m
[12.781s] [ 73%] [32mBuilding CXX object CMakeFiles/as2_msgs__rosidl_typesupport_fastrtps_cpp.dir/rosidl_typesupport_fastrtps_cpp/as2_msgs/srv/detail/dds_fastrtps/add_static_transform__type_support.cpp.o[0m
[12.786s] [ 74%] [32mBuilding CXX object CMakeFiles/as2_msgs__rosidl_typesupport_fastrtps_c.dir/rosidl_typesupport_fastrtps_c/as2_msgs/msg/detail/speed__type_support_c.cpp.o[0m
[12.792s] [ 74%] [32mBuilding CXX object CMakeFiles/as2_msgs__rosidl_typesupport_fastrtps_cpp.dir/rosidl_typesupport_fastrtps_cpp/as2_msgs/srv/detail/dds_fastrtps/add_static_transform_gps__type_support.cpp.o[0m
[12.796s] [ 74%] [32mBuilding CXX object CMakeFiles/as2_msgs__rosidl_typesupport_fastrtps_cpp.dir/rosidl_typesupport_fastrtps_cpp/as2_msgs/srv/detail/dds_fastrtps/dynamic_follower__type_support.cpp.o[0m
[12.826s] [ 74%] [32mBuilding CXX object CMakeFiles/as2_msgs__rosidl_typesupport_fastrtps_c.dir/rosidl_typesupport_fastrtps_c/as2_msgs/msg/detail/thrust__type_support_c.cpp.o[0m
[12.838s] [ 74%] [32mBuilding CXX object CMakeFiles/as2_msgs__rosidl_typesupport_fastrtps_cpp.dir/rosidl_typesupport_fastrtps_cpp/as2_msgs/srv/detail/dds_fastrtps/dynamic_land__type_support.cpp.o[0m
[12.873s] [ 74%] [32mBuilding CXX object CMakeFiles/as2_msgs__rosidl_typesupport_fastrtps_cpp.dir/rosidl_typesupport_fastrtps_cpp/as2_msgs/srv/detail/dds_fastrtps/geopath_to_path__type_support.cpp.o[0m
[12.877s] [ 75%] [32mBuilding CXX object CMakeFiles/as2_msgs__rosidl_typesupport_fastrtps_cpp.dir/rosidl_typesupport_fastrtps_cpp/as2_msgs/srv/detail/dds_fastrtps/get_geozone__type_support.cpp.o[0m
[12.898s] [ 75%] [32mBuilding CXX object CMakeFiles/as2_msgs__rosidl_typesupport_fastrtps_c.dir/rosidl_typesupport_fastrtps_c/as2_msgs/msg/detail/traj_gen_info__type_support_c.cpp.o[0m
[12.919s] [ 75%] [32mBuilding CXX object CMakeFiles/as2_msgs__rosidl_typesupport_fastrtps_cpp.dir/rosidl_typesupport_fastrtps_cpp/as2_msgs/srv/detail/dds_fastrtps/get_origin__type_support.cpp.o[0m
[13.006s] [ 75%] [32mBuilding CXX object CMakeFiles/as2_msgs__rosidl_typesupport_fastrtps_c.dir/rosidl_typesupport_fastrtps_c/as2_msgs/msg/detail/trajectory_point__type_support_c.cpp.o[0m
[13.017s] [ 75%] [32mBuilding CXX object CMakeFiles/as2_msgs__rosidl_typesupport_fastrtps_cpp.dir/rosidl_typesupport_fastrtps_cpp/as2_msgs/srv/detail/dds_fastrtps/list_control_modes__type_support.cpp.o[0m
[13.045s] [ 75%] [32mBuilding CXX object CMakeFiles/as2_msgs__rosidl_typesupport_fastrtps_cpp.dir/rosidl_typesupport_fastrtps_cpp/as2_msgs/srv/detail/dds_fastrtps/modify_swarm__type_support.cpp.o[0m
[13.046s] [ 75%] [32mBuilding CXX object CMakeFiles/as2_msgs__rosidl_typesupport_fastrtps_cpp.dir/rosidl_typesupport_fastrtps_cpp/as2_msgs/srv/detail/dds_fastrtps/package_pick_up__type_support.cpp.o[0m
[13.083s] [ 76%] [32mBuilding CXX object CMakeFiles/as2_msgs__rosidl_typesupport_fastrtps_cpp.dir/rosidl_typesupport_fastrtps_cpp/as2_msgs/srv/detail/dds_fastrtps/package_un_pick__type_support.cpp.o[0m
[13.090s] [ 77%] [32mBuilding CXX object CMakeFiles/as2_msgs__rosidl_typesupport_fastrtps_c.dir/rosidl_typesupport_fastrtps_c/as2_msgs/msg/detail/u_int16_multi_array_stamped__type_support_c.cpp.o[0m
[13.092s] [ 77%] [32mBuilding CXX object CMakeFiles/as2_msgs__rosidl_typesupport_fastrtps_c.dir/rosidl_typesupport_fastrtps_c/as2_msgs/msg/detail/trajectory_setpoints__type_support_c.cpp.o[0m
[13.093s] [ 77%] [32mBuilding CXX object CMakeFiles/as2_msgs__rosidl_typesupport_fastrtps_cpp.dir/rosidl_typesupport_fastrtps_cpp/as2_msgs/srv/detail/dds_fastrtps/path_to_geopath__type_support.cpp.o[0m
[13.099s] [ 77%] [32mBuilding CXX object CMakeFiles/as2_msgs__rosidl_typesupport_fastrtps_c.dir/rosidl_typesupport_fastrtps_c/as2_msgs/msg/detail/yaw_mode__type_support_c.cpp.o[0m
[13.111s] [ 77%] [32mBuilding CXX object CMakeFiles/as2_msgs__rosidl_typesupport_fastrtps_cpp.dir/rosidl_typesupport_fastrtps_cpp/as2_msgs/srv/detail/dds_fastrtps/set_control_mode__type_support.cpp.o[0m
[13.135s] [ 77%] [32mBuilding CXX object CMakeFiles/as2_msgs__rosidl_typesupport_fastrtps_c.dir/rosidl_typesupport_fastrtps_c/as2_msgs/srv/detail/add_static_transform__type_support_c.cpp.o[0m
[13.160s] [ 77%] [32mBuilding CXX object CMakeFiles/as2_msgs__rosidl_typesupport_fastrtps_cpp.dir/rosidl_typesupport_fastrtps_cpp/as2_msgs/srv/detail/dds_fastrtps/set_geozone__type_support.cpp.o[0m
[13.167s] [ 77%] [32mBuilding CXX object CMakeFiles/as2_msgs__rosidl_typesupport_fastrtps_cpp.dir/rosidl_typesupport_fastrtps_cpp/as2_msgs/srv/detail/dds_fastrtps/set_origin__type_support.cpp.o[0m
[13.195s] [ 77%] [32mBuilding CXX object CMakeFiles/as2_msgs__rosidl_typesupport_fastrtps_c.dir/rosidl_typesupport_fastrtps_c/as2_msgs/srv/detail/add_static_transform_gps__type_support_c.cpp.o[0m
[13.223s] [ 77%] [32mBuilding CXX object CMakeFiles/as2_msgs__rosidl_typesupport_fastrtps_c.dir/rosidl_typesupport_fastrtps_c/as2_msgs/srv/detail/dynamic_follower__type_support_c.cpp.o[0m
[13.251s] [ 78%] [32mBuilding CXX object CMakeFiles/as2_msgs__rosidl_typesupport_fastrtps_cpp.dir/rosidl_typesupport_fastrtps_cpp/as2_msgs/srv/detail/dds_fastrtps/set_platform_state_machine_event__type_support.cpp.o[0m
[13.284s] [ 79%] [32mBuilding CXX object CMakeFiles/as2_msgs__rosidl_typesupport_fastrtps_c.dir/rosidl_typesupport_fastrtps_c/as2_msgs/srv/detail/dynamic_land__type_support_c.cpp.o[0m
[13.293s] [ 79%] [32mBuilding CXX object CMakeFiles/as2_msgs__rosidl_typesupport_fastrtps_cpp.dir/rosidl_typesupport_fastrtps_cpp/as2_msgs/srv/detail/dds_fastrtps/set_speed__type_support.cpp.o[0m
[13.305s] [ 79%] [32mBuilding CXX object CMakeFiles/as2_msgs__rosidl_typesupport_fastrtps_c.dir/rosidl_typesupport_fastrtps_c/as2_msgs/srv/detail/geopath_to_path__type_support_c.cpp.o[0m
[13.334s] [ 79%] [32mBuilding CXX object CMakeFiles/as2_msgs__rosidl_typesupport_fastrtps_c.dir/rosidl_typesupport_fastrtps_c/as2_msgs/srv/detail/get_geozone__type_support_c.cpp.o[0m
[13.356s] [ 79%] [32mBuilding CXX object CMakeFiles/as2_msgs__rosidl_typesupport_fastrtps_c.dir/rosidl_typesupport_fastrtps_c/as2_msgs/srv/detail/get_origin__type_support_c.cpp.o[0m
[13.400s] [ 79%] [32mBuilding CXX object CMakeFiles/as2_msgs__rosidl_typesupport_fastrtps_cpp.dir/rosidl_typesupport_fastrtps_cpp/as2_msgs/action/detail/dds_fastrtps/detect_aruco_markers__type_support.cpp.o[0m
[13.426s] [ 79%] [32mBuilding CXX object CMakeFiles/as2_msgs__rosidl_typesupport_fastrtps_cpp.dir/rosidl_typesupport_fastrtps_cpp/as2_msgs/action/detail/dds_fastrtps/follow_path__type_support.cpp.o[0m
[13.454s] [ 79%] [32mBuilding CXX object CMakeFiles/as2_msgs__rosidl_typesupport_fastrtps_c.dir/rosidl_typesupport_fastrtps_c/as2_msgs/srv/detail/list_control_modes__type_support_c.cpp.o[0m
[13.478s] [ 80%] [32mBuilding CXX object CMakeFiles/as2_msgs__rosidl_typesupport_fastrtps_c.dir/rosidl_typesupport_fastrtps_c/as2_msgs/srv/detail/modify_swarm__type_support_c.cpp.o[0m
[13.482s] [ 80%] [32mBuilding CXX object CMakeFiles/as2_msgs__rosidl_typesupport_fastrtps_c.dir/rosidl_typesupport_fastrtps_c/as2_msgs/srv/detail/package_pick_up__type_support_c.cpp.o[0m
[13.504s] [ 80%] [32mBuilding CXX object CMakeFiles/as2_msgs__rosidl_typesupport_fastrtps_cpp.dir/rosidl_typesupport_fastrtps_cpp/as2_msgs/action/detail/dds_fastrtps/follow_reference__type_support.cpp.o[0m
[13.538s] [ 81%] [32mBuilding CXX object CMakeFiles/as2_msgs__rosidl_typesupport_fastrtps_cpp.dir/rosidl_typesupport_fastrtps_cpp/as2_msgs/action/detail/dds_fastrtps/force_estimation__type_support.cpp.o[0m
[13.544s] [ 81%] [32mBuilding CXX object CMakeFiles/as2_msgs__rosidl_typesupport_fastrtps_c.dir/rosidl_typesupport_fastrtps_c/as2_msgs/srv/detail/package_un_pick__type_support_c.cpp.o[0m
[13.549s] [ 81%] [32mBuilding CXX object CMakeFiles/as2_msgs__rosidl_typesupport_fastrtps_cpp.dir/rosidl_typesupport_fastrtps_cpp/as2_msgs/action/detail/dds_fastrtps/generate_polynomial_trajectory__type_support.cpp.o[0m
[13.576s] [ 81%] [32mBuilding CXX object CMakeFiles/as2_msgs__rosidl_typesupport_fastrtps_c.dir/rosidl_typesupport_fastrtps_c/as2_msgs/srv/detail/path_to_geopath__type_support_c.cpp.o[0m
[13.598s] [ 81%] [32mBuilding CXX object CMakeFiles/as2_msgs__rosidl_typesupport_fastrtps_cpp.dir/rosidl_typesupport_fastrtps_cpp/as2_msgs/action/detail/dds_fastrtps/go_to_waypoint__type_support.cpp.o[0m
[13.613s] [ 81%] [32mBuilding CXX object CMakeFiles/as2_msgs__rosidl_typesupport_fastrtps_c.dir/rosidl_typesupport_fastrtps_c/as2_msgs/srv/detail/set_control_mode__type_support_c.cpp.o[0m
[13.627s] [ 82%] [32mBuilding CXX object CMakeFiles/as2_msgs__rosidl_typesupport_fastrtps_c.dir/rosidl_typesupport_fastrtps_c/as2_msgs/srv/detail/set_geozone__type_support_c.cpp.o[0m
[13.643s] [ 82%] [32mBuilding CXX object CMakeFiles/as2_msgs__rosidl_typesupport_fastrtps_c.dir/rosidl_typesupport_fastrtps_c/as2_msgs/srv/detail/set_origin__type_support_c.cpp.o[0m
[13.648s] [ 82%] [32mBuilding CXX object CMakeFiles/as2_msgs__rosidl_typesupport_fastrtps_cpp.dir/rosidl_typesupport_fastrtps_cpp/as2_msgs/action/detail/dds_fastrtps/gripper_handler__type_support.cpp.o[0m
[13.675s] [ 82%] [32mBuilding CXX object CMakeFiles/as2_msgs__rosidl_typesupport_fastrtps_cpp.dir/rosidl_typesupport_fastrtps_cpp/as2_msgs/action/detail/dds_fastrtps/land__type_support.cpp.o[0m
[13.676s] [ 83%] [32mBuilding CXX object CMakeFiles/as2_msgs__rosidl_typesupport_fastrtps_cpp.dir/rosidl_typesupport_fastrtps_cpp/as2_msgs/action/detail/dds_fastrtps/mass_estimation__type_support.cpp.o[0m
[13.677s] [ 83%] [32mBuilding CXX object CMakeFiles/as2_msgs__rosidl_typesupport_fastrtps_cpp.dir/rosidl_typesupport_fastrtps_cpp/as2_msgs/action/detail/dds_fastrtps/navigate_to_point__type_support.cpp.o[0m
[13.692s] [ 83%] [32mBuilding CXX object CMakeFiles/as2_msgs__rosidl_typesupport_fastrtps_c.dir/rosidl_typesupport_fastrtps_c/as2_msgs/srv/detail/set_platform_state_machine_event__type_support_c.cpp.o[0m
[13.713s] [ 83%] [32mBuilding CXX object CMakeFiles/as2_msgs__rosidl_typesupport_fastrtps_cpp.dir/rosidl_typesupport_fastrtps_cpp/as2_msgs/action/detail/dds_fastrtps/point_gimbal__type_support.cpp.o[0m
[13.790s] [ 83%] [32mBuilding CXX object CMakeFiles/as2_msgs__rosidl_typesupport_fastrtps_cpp.dir/rosidl_typesupport_fastrtps_cpp/as2_msgs/action/detail/dds_fastrtps/precision_landing__type_support.cpp.o[0m
[13.800s] [ 83%] [32mBuilding CXX object CMakeFiles/as2_msgs__rosidl_typesupport_fastrtps_cpp.dir/rosidl_typesupport_fastrtps_cpp/as2_msgs/action/detail/dds_fastrtps/set_arming_state__type_support.cpp.o[0m
[13.848s] [ 84%] [32mBuilding CXX object CMakeFiles/as2_msgs__rosidl_typesupport_fastrtps_cpp.dir/rosidl_typesupport_fastrtps_cpp/as2_msgs/action/detail/dds_fastrtps/set_offboard_mode__type_support.cpp.o[0m
[13.859s] [ 84%] [32mBuilding CXX object CMakeFiles/as2_msgs__rosidl_typesupport_fastrtps_c.dir/rosidl_typesupport_fastrtps_c/as2_msgs/srv/detail/set_speed__type_support_c.cpp.o[0m
[13.924s] [ 84%] [32mBuilding CXX object CMakeFiles/as2_msgs__rosidl_typesupport_fastrtps_c.dir/rosidl_typesupport_fastrtps_c/as2_msgs/action/detail/detect_aruco_markers__type_support_c.cpp.o[0m
[13.945s] [ 85%] [32mBuilding CXX object CMakeFiles/as2_msgs__rosidl_typesupport_fastrtps_c.dir/rosidl_typesupport_fastrtps_c/as2_msgs/action/detail/follow_path__type_support_c.cpp.o[0m
[13.959s] [ 85%] [32mBuilding CXX object CMakeFiles/as2_msgs__rosidl_typesupport_fastrtps_c.dir/rosidl_typesupport_fastrtps_c/as2_msgs/action/detail/follow_reference__type_support_c.cpp.o[0m
[13.993s] [ 85%] [32mBuilding CXX object CMakeFiles/as2_msgs__rosidl_typesupport_fastrtps_c.dir/rosidl_typesupport_fastrtps_c/as2_msgs/action/detail/force_estimation__type_support_c.cpp.o[0m
[14.009s] [ 85%] [32mBuilding CXX object CMakeFiles/as2_msgs__rosidl_typesupport_fastrtps_cpp.dir/rosidl_typesupport_fastrtps_cpp/as2_msgs/action/detail/dds_fastrtps/swarm_flocking__type_support.cpp.o[0m
[14.028s] [ 85%] [32mBuilding CXX object CMakeFiles/as2_msgs__rosidl_typesupport_fastrtps_c.dir/rosidl_typesupport_fastrtps_c/as2_msgs/action/detail/generate_polynomial_trajectory__type_support_c.cpp.o[0m
[14.042s] [ 85%] [32mBuilding CXX object CMakeFiles/as2_msgs__rosidl_typesupport_fastrtps_c.dir/rosidl_typesupport_fastrtps_c/as2_msgs/action/detail/go_to_waypoint__type_support_c.cpp.o[0m
[14.123s] [ 86%] [32mBuilding CXX object CMakeFiles/as2_msgs__rosidl_typesupport_fastrtps_c.dir/rosidl_typesupport_fastrtps_c/as2_msgs/action/detail/gripper_handler__type_support_c.cpp.o[0m
[14.138s] [ 86%] [32mBuilding CXX object CMakeFiles/as2_msgs__rosidl_typesupport_fastrtps_c.dir/rosidl_typesupport_fastrtps_c/as2_msgs/action/detail/land__type_support_c.cpp.o[0m
[14.161s] [ 86%] [32mBuilding CXX object CMakeFiles/as2_msgs__rosidl_typesupport_fastrtps_c.dir/rosidl_typesupport_fastrtps_c/as2_msgs/action/detail/mass_estimation__type_support_c.cpp.o[0m
[14.167s] [ 86%] [32mBuilding CXX object CMakeFiles/as2_msgs__rosidl_typesupport_fastrtps_c.dir/rosidl_typesupport_fastrtps_c/as2_msgs/action/detail/navigate_to_point__type_support_c.cpp.o[0m
[14.181s] [ 86%] [32mBuilding CXX object CMakeFiles/as2_msgs__rosidl_typesupport_fastrtps_c.dir/rosidl_typesupport_fastrtps_c/as2_msgs/action/detail/point_gimbal__type_support_c.cpp.o[0m
[14.218s] [ 87%] [32mBuilding CXX object CMakeFiles/as2_msgs__rosidl_typesupport_fastrtps_c.dir/rosidl_typesupport_fastrtps_c/as2_msgs/action/detail/precision_landing__type_support_c.cpp.o[0m
[14.224s] [ 87%] [32mBuilding CXX object CMakeFiles/as2_msgs__rosidl_typesupport_fastrtps_cpp.dir/rosidl_typesupport_fastrtps_cpp/as2_msgs/action/detail/dds_fastrtps/takeoff__type_support.cpp.o[0m
[14.234s] [ 87%] [32mBuilding CXX object CMakeFiles/as2_msgs__rosidl_typesupport_fastrtps_c.dir/rosidl_typesupport_fastrtps_c/as2_msgs/action/detail/set_offboard_mode__type_support_c.cpp.o[0m
[14.234s] [ 87%] [32mBuilding CXX object CMakeFiles/as2_msgs__rosidl_typesupport_fastrtps_c.dir/rosidl_typesupport_fastrtps_c/as2_msgs/action/detail/set_arming_state__type_support_c.cpp.o[0m
[14.263s] [ 87%] [32mBuilding CXX object CMakeFiles/as2_msgs__rosidl_typesupport_fastrtps_c.dir/rosidl_typesupport_fastrtps_c/as2_msgs/action/detail/swarm_flocking__type_support_c.cpp.o[0m
[14.277s] [ 87%] [32mBuilding CXX object CMakeFiles/as2_msgs__rosidl_typesupport_fastrtps_c.dir/rosidl_typesupport_fastrtps_c/as2_msgs/action/detail/takeoff__type_support_c.cpp.o[0m
[14.591s] [ 88%] [32m[1mLinking CXX shared library libas2_msgs__rosidl_typesupport_fastrtps_c.so[0m
[14.648s] [ 88%] [32m[1mLinking CXX shared library libas2_msgs__rosidl_typesupport_fastrtps_cpp.so[0m
[14.657s] [ 88%] Built target as2_msgs__rosidl_typesupport_fastrtps_c
[14.723s] [ 88%] Built target as2_msgs__rosidl_typesupport_fastrtps_cpp
[14.737s] [ 88%] Built target as2_msgs
[14.755s] [ 88%] [34m[1mGenerating Python code for ROS interfaces[0m
[23.071s] [ 88%] Built target as2_msgs__py
[23.085s] [ 88%] [32mBuilding C object CMakeFiles/as2_msgs__rosidl_generator_py.dir/rosidl_generator_py/as2_msgs/msg/_acro_s.c.o[0m
[23.087s] [ 88%] [32mBuilding C object CMakeFiles/as2_msgs__rosidl_generator_py.dir/rosidl_generator_py/as2_msgs/msg/_controller_info_s.c.o[0m
[23.087s] [ 88%] [32mBuilding C object CMakeFiles/as2_msgs__rosidl_generator_py.dir/rosidl_generator_py/as2_msgs/msg/_follow_target_info_s.c.o[0m
[23.087s] [ 89%] [32mBuilding C object CMakeFiles/as2_msgs__rosidl_generator_py.dir/rosidl_generator_py/as2_msgs/msg/_alert_event_s.c.o[0m
[23.087s] [ 90%] [32mBuilding C object CMakeFiles/as2_msgs__rosidl_generator_py.dir/rosidl_generator_py/as2_msgs/msg/_geozone_s.c.o[0m
[23.087s] [ 90%] [32mBuilding C object CMakeFiles/as2_msgs__rosidl_generator_py.dir/rosidl_generator_py/as2_msgs/msg/_behavior_status_s.c.o[0m
[23.087s] [ 90%] [32mBuilding C object CMakeFiles/as2_msgs__rosidl_generator_py.dir/rosidl_generator_py/as2_msgs/msg/_control_mode_s.c.o[0m
[23.088s] [ 90%] [32mBuilding C object CMakeFiles/as2_msgs__rosidl_generator_py.dir/rosidl_generator_py/as2_msgs/msg/_mission_update_s.c.o[0m
[23.088s] [ 90%] [32mBuilding C object CMakeFiles/as2_msgs__rosidl_generator_py.dir/rosidl_generator_py/as2_msgs/msg/_node_status_s.c.o[0m
[23.088s] [ 90%] [32mBuilding C object CMakeFiles/as2_msgs__rosidl_generator_py.dir/rosidl_generator_py/as2_msgs/msg/_platform_state_machine_event_s.c.o[0m
[23.089s] [ 90%] [32mBuilding C object CMakeFiles/as2_msgs__rosidl_generator_py.dir/rosidl_generator_py/as2_msgs/msg/_gimbal_control_s.c.o[0m
[23.089s] [ 90%] [32mBuilding C object CMakeFiles/as2_msgs__rosidl_generator_py.dir/rosidl_generator_py/as2_msgs/msg/_polygon_list_s.c.o[0m
[23.089s] [ 90%] [32mBuilding C object CMakeFiles/as2_msgs__rosidl_generator_py.dir/rosidl_generator_py/as2_msgs/msg/_mission_event_s.c.o[0m
[23.089s] [ 90%] [32mBuilding C object CMakeFiles/as2_msgs__rosidl_generator_py.dir/rosidl_generator_py/as2_msgs/msg/_pose_stamped_with_id_s.c.o[0m
[23.089s] [ 90%] [32mBuilding C object CMakeFiles/as2_msgs__rosidl_generator_py.dir/rosidl_generator_py/as2_msgs/msg/_pose_with_id_array_s.c.o[0m
[23.090s] [ 91%] [32mBuilding C object CMakeFiles/as2_msgs__rosidl_generator_py.dir/rosidl_generator_py/as2_msgs/msg/_platform_info_s.c.o[0m
[23.090s] [ 91%] [32mBuilding C object CMakeFiles/as2_msgs__rosidl_generator_py.dir/rosidl_generator_py/as2_msgs/msg/_speed_s.c.o[0m
[23.090s] [ 91%] [32mBuilding C object CMakeFiles/as2_msgs__rosidl_generator_py.dir/rosidl_generator_py/as2_msgs/msg/_pose_with_id_s.c.o[0m
[23.091s] [ 91%] [32mBuilding C object CMakeFiles/as2_msgs__rosidl_generator_py.dir/rosidl_generator_py/as2_msgs/msg/_platform_status_s.c.o[0m
[23.091s] [ 92%] [32mBuilding C object CMakeFiles/as2_msgs__rosidl_generator_py.dir/rosidl_generator_py/as2_msgs/msg/_pose_stamped_with_id_array_s.c.o[0m
[23.188s] [ 92%] [32mBuilding C object CMakeFiles/as2_msgs__rosidl_generator_py.dir/rosidl_generator_py/as2_msgs/msg/_trajectory_point_s.c.o[0m
[23.188s] [ 92%] [32mBuilding C object CMakeFiles/as2_msgs__rosidl_generator_py.dir/rosidl_generator_py/as2_msgs/msg/_thrust_s.c.o[0m
[23.189s] [ 93%] [32mBuilding C object CMakeFiles/as2_msgs__rosidl_generator_py.dir/rosidl_generator_py/as2_msgs/msg/_traj_gen_info_s.c.o[0m
[23.190s] [ 93%] [32mBuilding C object CMakeFiles/as2_msgs__rosidl_generator_py.dir/rosidl_generator_py/as2_msgs/msg/_trajectory_setpoints_s.c.o[0m
[23.190s] [ 93%] [32mBuilding C object CMakeFiles/as2_msgs__rosidl_generator_py.dir/rosidl_generator_py/as2_msgs/msg/_yaw_mode_s.c.o[0m
[23.190s] [ 93%] [32mBuilding C object CMakeFiles/as2_msgs__rosidl_generator_py.dir/rosidl_generator_py/as2_msgs/msg/_u_int16_multi_array_stamped_s.c.o[0m
[23.194s] [ 94%] [32mBuilding C object CMakeFiles/as2_msgs__rosidl_generator_py.dir/rosidl_generator_py/as2_msgs/srv/_add_static_transform_s.c.o[0m
[23.196s] [ 94%] [32mBuilding C object CMakeFiles/as2_msgs__rosidl_generator_py.dir/rosidl_generator_py/as2_msgs/srv/_geopath_to_path_s.c.o[0m
[23.196s] [ 94%] [32mBuilding C object CMakeFiles/as2_msgs__rosidl_generator_py.dir/rosidl_generator_py/as2_msgs/srv/_dynamic_land_s.c.o[0m
[23.196s] [ 94%] [32mBuilding C object CMakeFiles/as2_msgs__rosidl_generator_py.dir/rosidl_generator_py/as2_msgs/srv/_dynamic_follower_s.c.o[0m
[23.196s] [ 94%] [32mBuilding C object CMakeFiles/as2_msgs__rosidl_generator_py.dir/rosidl_generator_py/as2_msgs/srv/_add_static_transform_gps_s.c.o[0m
[23.196s] [ 94%] [32mBuilding C object CMakeFiles/as2_msgs__rosidl_generator_py.dir/rosidl_generator_py/as2_msgs/srv/_get_origin_s.c.o[0m
[23.197s] [ 95%] [32mBuilding C object CMakeFiles/as2_msgs__rosidl_generator_py.dir/rosidl_generator_py/as2_msgs/srv/_get_geozone_s.c.o[0m
[23.199s] [ 95%] [32mBuilding C object CMakeFiles/as2_msgs__rosidl_generator_py.dir/rosidl_generator_py/as2_msgs/srv/_list_control_modes_s.c.o[0m
[23.201s] [ 95%] [32mBuilding C object CMakeFiles/as2_msgs__rosidl_generator_py.dir/rosidl_generator_py/as2_msgs/srv/_modify_swarm_s.c.o[0m
[23.201s] [ 95%] [32mBuilding C object CMakeFiles/as2_msgs__rosidl_generator_py.dir/rosidl_generator_py/as2_msgs/srv/_package_pick_up_s.c.o[0m
[23.204s] [ 96%] [32mBuilding C object CMakeFiles/as2_msgs__rosidl_generator_py.dir/rosidl_generator_py/as2_msgs/srv/_package_un_pick_s.c.o[0m
[23.207s] [ 96%] [32mBuilding C object CMakeFiles/as2_msgs__rosidl_generator_py.dir/rosidl_generator_py/as2_msgs/srv/_path_to_geopath_s.c.o[0m
[23.211s] [ 96%] [32mBuilding C object CMakeFiles/as2_msgs__rosidl_generator_py.dir/rosidl_generator_py/as2_msgs/srv/_set_control_mode_s.c.o[0m
[23.217s] [ 96%] [32mBuilding C object CMakeFiles/as2_msgs__rosidl_generator_py.dir/rosidl_generator_py/as2_msgs/srv/_set_geozone_s.c.o[0m
[23.282s] [ 97%] [32mBuilding C object CMakeFiles/as2_msgs__rosidl_generator_py.dir/rosidl_generator_py/as2_msgs/srv/_set_origin_s.c.o[0m
[23.282s] [ 97%] [32mBuilding C object CMakeFiles/as2_msgs__rosidl_generator_py.dir/rosidl_generator_py/as2_msgs/srv/_set_platform_state_machine_event_s.c.o[0m
[23.283s] [ 97%] [32mBuilding C object CMakeFiles/as2_msgs__rosidl_generator_py.dir/rosidl_generator_py/as2_msgs/srv/_set_speed_s.c.o[0m
[23.289s] [ 97%] [32mBuilding C object CMakeFiles/as2_msgs__rosidl_generator_py.dir/rosidl_generator_py/as2_msgs/action/_detect_aruco_markers_s.c.o[0m
[23.289s] [ 97%] [32mBuilding C object CMakeFiles/as2_msgs__rosidl_generator_py.dir/rosidl_generator_py/as2_msgs/action/_follow_path_s.c.o[0m
[23.293s] [ 98%] [32mBuilding C object CMakeFiles/as2_msgs__rosidl_generator_py.dir/rosidl_generator_py/as2_msgs/action/_generate_polynomial_trajectory_s.c.o[0m
[23.293s] [ 98%] [32mBuilding C object CMakeFiles/as2_msgs__rosidl_generator_py.dir/rosidl_generator_py/as2_msgs/action/_force_estimation_s.c.o[0m
[23.293s] [ 98%] [32mBuilding C object CMakeFiles/as2_msgs__rosidl_generator_py.dir/rosidl_generator_py/as2_msgs/action/_follow_reference_s.c.o[0m
[23.294s] [ 98%] [32mBuilding C object CMakeFiles/as2_msgs__rosidl_generator_py.dir/rosidl_generator_py/as2_msgs/action/_go_to_waypoint_s.c.o[0m
[23.297s] [ 98%] [32mBuilding C object CMakeFiles/as2_msgs__rosidl_generator_py.dir/rosidl_generator_py/as2_msgs/action/_gripper_handler_s.c.o[0m
[23.298s] [ 98%] [32mBuilding C object CMakeFiles/as2_msgs__rosidl_generator_py.dir/rosidl_generator_py/as2_msgs/action/_land_s.c.o[0m
[23.299s] [ 98%] [32mBuilding C object CMakeFiles/as2_msgs__rosidl_generator_py.dir/rosidl_generator_py/as2_msgs/action/_navigate_to_point_s.c.o[0m
[23.301s] [ 99%] [32mBuilding C object CMakeFiles/as2_msgs__rosidl_generator_py.dir/rosidl_generator_py/as2_msgs/action/_mass_estimation_s.c.o[0m
[23.303s] [ 99%] [32mBuilding C object CMakeFiles/as2_msgs__rosidl_generator_py.dir/rosidl_generator_py/as2_msgs/action/_point_gimbal_s.c.o[0m
[23.304s] [ 99%] [32mBuilding C object CMakeFiles/as2_msgs__rosidl_generator_py.dir/rosidl_generator_py/as2_msgs/action/_precision_landing_s.c.o[0m
[23.308s] [ 99%] [32mBuilding C object CMakeFiles/as2_msgs__rosidl_generator_py.dir/rosidl_generator_py/as2_msgs/action/_set_arming_state_s.c.o[0m
[23.310s] [100%] [32mBuilding C object CMakeFiles/as2_msgs__rosidl_generator_py.dir/rosidl_generator_py/as2_msgs/action/_set_offboard_mode_s.c.o[0m
[23.310s] [100%] [32mBuilding C object CMakeFiles/as2_msgs__rosidl_generator_py.dir/rosidl_generator_py/as2_msgs/action/_swarm_flocking_s.c.o[0m
[23.317s] [100%] [32mBuilding C object CMakeFiles/as2_msgs__rosidl_generator_py.dir/rosidl_generator_py/as2_msgs/action/_takeoff_s.c.o[0m
[23.439s] [100%] [32m[1mLinking C shared library rosidl_generator_py/as2_msgs/libas2_msgs__rosidl_generator_py.so[0m
[23.484s] [100%] Built target as2_msgs__rosidl_generator_py
[23.498s] [100%] [32mBuilding C object CMakeFiles/as2_msgs__rosidl_typesupport_introspection_c__pyext.dir/rosidl_generator_py/as2_msgs/_as2_msgs_s.ep.rosidl_typesupport_introspection_c.c.o[0m
[23.499s] [100%] [32mBuilding C object CMakeFiles/as2_msgs__rosidl_typesupport_c__pyext.dir/rosidl_generator_py/as2_msgs/_as2_msgs_s.ep.rosidl_typesupport_c.c.o[0m
[23.500s] [100%] [32mBuilding C object CMakeFiles/as2_msgs__rosidl_typesupport_fastrtps_c__pyext.dir/rosidl_generator_py/as2_msgs/_as2_msgs_s.ep.rosidl_typesupport_fastrtps_c.c.o[0m
[23.854s] [100%] [32m[1mLinking C shared library rosidl_generator_py/as2_msgs/as2_msgs_s__rosidl_typesupport_introspection_c.cpython-310-x86_64-linux-gnu.so[0m
[23.868s] [100%] [32m[1mLinking C shared library rosidl_generator_py/as2_msgs/as2_msgs_s__rosidl_typesupport_c.cpython-310-x86_64-linux-gnu.so[0m
[23.868s] [100%] [32m[1mLinking C shared library rosidl_generator_py/as2_msgs/as2_msgs_s__rosidl_typesupport_fastrtps_c.cpython-310-x86_64-linux-gnu.so[0m
[23.901s] [100%] Built target as2_msgs__rosidl_typesupport_introspection_c__pyext
[23.914s] [100%] Built target as2_msgs__rosidl_typesupport_fastrtps_c__pyext
[23.915s] [100%] Built target as2_msgs__rosidl_typesupport_c__pyext
[23.922s] Invoked command in '/home/developer/aerostack2_ws/build/as2_msgs' returned '0': CMAKE_PREFIX_PATH=/opt/ros/humble /usr/bin/cmake --build /home/developer/aerostack2_ws/build/as2_msgs -- -j20 -l20
[23.923s] Invoking command in '/home/developer/aerostack2_ws/build/as2_msgs': CMAKE_PREFIX_PATH=/opt/ros/humble /usr/bin/cmake --install /home/developer/aerostack2_ws/build/as2_msgs
[23.928s] -- Install configuration: ""
[23.929s] -- Execute custom install script
[23.930s] -- Symlinking: /home/developer/aerostack2_ws/install/as2_msgs/share/ament_index/resource_index/rosidl_interfaces/as2_msgs
[23.936s] -- Symlinking: /home/developer/aerostack2_ws/install/as2_msgs/include/as2_msgs/as2_msgs/action/detail/detect_aruco_markers__functions.h
[23.940s] -- Symlinking: /home/developer/aerostack2_ws/install/as2_msgs/include/as2_msgs/as2_msgs/action/detail/detect_aruco_markers__struct.h
[23.946s] -- Symlinking: /home/developer/aerostack2_ws/install/as2_msgs/include/as2_msgs/as2_msgs/action/detail/detect_aruco_markers__type_support.h
[23.952s] -- Symlinking: /home/developer/aerostack2_ws/install/as2_msgs/include/as2_msgs/as2_msgs/action/detail/follow_path__functions.h
[23.957s] -- Symlinking: /home/developer/aerostack2_ws/install/as2_msgs/include/as2_msgs/as2_msgs/action/detail/follow_path__struct.h
[23.963s] -- Symlinking: /home/developer/aerostack2_ws/install/as2_msgs/include/as2_msgs/as2_msgs/action/detail/follow_path__type_support.h
[23.969s] -- Symlinking: /home/developer/aerostack2_ws/install/as2_msgs/include/as2_msgs/as2_msgs/action/detail/follow_reference__functions.h
[23.974s] -- Symlinking: /home/developer/aerostack2_ws/install/as2_msgs/include/as2_msgs/as2_msgs/action/detail/follow_reference__struct.h
[23.978s] -- Symlinking: /home/developer/aerostack2_ws/install/as2_msgs/include/as2_msgs/as2_msgs/action/detail/follow_reference__type_support.h
[23.984s] -- Symlinking: /home/developer/aerostack2_ws/install/as2_msgs/include/as2_msgs/as2_msgs/action/detail/force_estimation__functions.h
[23.990s] -- Symlinking: /home/developer/aerostack2_ws/install/as2_msgs/include/as2_msgs/as2_msgs/action/detail/force_estimation__struct.h
[23.994s] -- Symlinking: /home/developer/aerostack2_ws/install/as2_msgs/include/as2_msgs/as2_msgs/action/detail/force_estimation__type_support.h
[24.000s] -- Symlinking: /home/developer/aerostack2_ws/install/as2_msgs/include/as2_msgs/as2_msgs/action/detail/generate_polynomial_trajectory__functions.h
[24.007s] -- Symlinking: /home/developer/aerostack2_ws/install/as2_msgs/include/as2_msgs/as2_msgs/action/detail/generate_polynomial_trajectory__struct.h
[24.013s] -- Symlinking: /home/developer/aerostack2_ws/install/as2_msgs/include/as2_msgs/as2_msgs/action/detail/generate_polynomial_trajectory__type_support.h
[24.019s] -- Symlinking: /home/developer/aerostack2_ws/install/as2_msgs/include/as2_msgs/as2_msgs/action/detail/go_to_waypoint__functions.h
[24.025s] -- Symlinking: /home/developer/aerostack2_ws/install/as2_msgs/include/as2_msgs/as2_msgs/action/detail/go_to_waypoint__struct.h
[24.031s] -- Symlinking: /home/developer/aerostack2_ws/install/as2_msgs/include/as2_msgs/as2_msgs/action/detail/go_to_waypoint__type_support.h
[24.036s] -- Symlinking: /home/developer/aerostack2_ws/install/as2_msgs/include/as2_msgs/as2_msgs/action/detail/gripper_handler__functions.h
[24.042s] -- Symlinking: /home/developer/aerostack2_ws/install/as2_msgs/include/as2_msgs/as2_msgs/action/detail/gripper_handler__struct.h
[24.047s] -- Symlinking: /home/developer/aerostack2_ws/install/as2_msgs/include/as2_msgs/as2_msgs/action/detail/gripper_handler__type_support.h
[24.053s] -- Symlinking: /home/developer/aerostack2_ws/install/as2_msgs/include/as2_msgs/as2_msgs/action/detail/land__functions.h
[24.059s] -- Symlinking: /home/developer/aerostack2_ws/install/as2_msgs/include/as2_msgs/as2_msgs/action/detail/land__struct.h
[24.065s] -- Symlinking: /home/developer/aerostack2_ws/install/as2_msgs/include/as2_msgs/as2_msgs/action/detail/land__type_support.h
[24.072s] -- Symlinking: /home/developer/aerostack2_ws/install/as2_msgs/include/as2_msgs/as2_msgs/action/detail/mass_estimation__functions.h
[24.076s] -- Symlinking: /home/developer/aerostack2_ws/install/as2_msgs/include/as2_msgs/as2_msgs/action/detail/mass_estimation__struct.h
[24.082s] -- Symlinking: /home/developer/aerostack2_ws/install/as2_msgs/include/as2_msgs/as2_msgs/action/detail/mass_estimation__type_support.h
[24.088s] -- Symlinking: /home/developer/aerostack2_ws/install/as2_msgs/include/as2_msgs/as2_msgs/action/detail/navigate_to_point__functions.h
[24.093s] -- Symlinking: /home/developer/aerostack2_ws/install/as2_msgs/include/as2_msgs/as2_msgs/action/detail/navigate_to_point__struct.h
[24.098s] -- Symlinking: /home/developer/aerostack2_ws/install/as2_msgs/include/as2_msgs/as2_msgs/action/detail/navigate_to_point__type_support.h
[24.104s] -- Symlinking: /home/developer/aerostack2_ws/install/as2_msgs/include/as2_msgs/as2_msgs/action/detail/point_gimbal__functions.h
[24.110s] -- Symlinking: /home/developer/aerostack2_ws/install/as2_msgs/include/as2_msgs/as2_msgs/action/detail/point_gimbal__struct.h
[24.114s] -- Symlinking: /home/developer/aerostack2_ws/install/as2_msgs/include/as2_msgs/as2_msgs/action/detail/point_gimbal__type_support.h
[24.118s] -- Symlinking: /home/developer/aerostack2_ws/install/as2_msgs/include/as2_msgs/as2_msgs/action/detail/precision_landing__functions.h
[24.122s] -- Symlinking: /home/developer/aerostack2_ws/install/as2_msgs/include/as2_msgs/as2_msgs/action/detail/precision_landing__struct.h
[24.128s] -- Symlinking: /home/developer/aerostack2_ws/install/as2_msgs/include/as2_msgs/as2_msgs/action/detail/precision_landing__type_support.h
[24.133s] -- Symlinking: /home/developer/aerostack2_ws/install/as2_msgs/include/as2_msgs/as2_msgs/action/detail/set_arming_state__functions.h
[24.137s] -- Symlinking: /home/developer/aerostack2_ws/install/as2_msgs/include/as2_msgs/as2_msgs/action/detail/set_arming_state__struct.h
[24.143s] -- Symlinking: /home/developer/aerostack2_ws/install/as2_msgs/include/as2_msgs/as2_msgs/action/detail/set_arming_state__type_support.h
[24.149s] -- Symlinking: /home/developer/aerostack2_ws/install/as2_msgs/include/as2_msgs/as2_msgs/action/detail/set_offboard_mode__functions.h
[24.153s] -- Symlinking: /home/developer/aerostack2_ws/install/as2_msgs/include/as2_msgs/as2_msgs/action/detail/set_offboard_mode__struct.h
[24.157s] -- Symlinking: /home/developer/aerostack2_ws/install/as2_msgs/include/as2_msgs/as2_msgs/action/detail/set_offboard_mode__type_support.h
[24.163s] -- Symlinking: /home/developer/aerostack2_ws/install/as2_msgs/include/as2_msgs/as2_msgs/action/detail/swarm_flocking__functions.h
[24.170s] -- Symlinking: /home/developer/aerostack2_ws/install/as2_msgs/include/as2_msgs/as2_msgs/action/detail/swarm_flocking__struct.h
[24.175s] -- Symlinking: /home/developer/aerostack2_ws/install/as2_msgs/include/as2_msgs/as2_msgs/action/detail/swarm_flocking__type_support.h
[24.181s] -- Symlinking: /home/developer/aerostack2_ws/install/as2_msgs/include/as2_msgs/as2_msgs/action/detail/takeoff__functions.h
[24.188s] -- Symlinking: /home/developer/aerostack2_ws/install/as2_msgs/include/as2_msgs/as2_msgs/action/detail/takeoff__struct.h
[24.193s] -- Symlinking: /home/developer/aerostack2_ws/install/as2_msgs/include/as2_msgs/as2_msgs/action/detail/takeoff__type_support.h
[24.198s] -- Symlinking: /home/developer/aerostack2_ws/install/as2_msgs/include/as2_msgs/as2_msgs/action/detect_aruco_markers.h
[24.202s] -- Symlinking: /home/developer/aerostack2_ws/install/as2_msgs/include/as2_msgs/as2_msgs/action/follow_path.h
[24.209s] -- Symlinking: /home/developer/aerostack2_ws/install/as2_msgs/include/as2_msgs/as2_msgs/action/follow_reference.h
[24.214s] -- Symlinking: /home/developer/aerostack2_ws/install/as2_msgs/include/as2_msgs/as2_msgs/action/force_estimation.h
[24.218s] -- Symlinking: /home/developer/aerostack2_ws/install/as2_msgs/include/as2_msgs/as2_msgs/action/generate_polynomial_trajectory.h
[24.222s] -- Symlinking: /home/developer/aerostack2_ws/install/as2_msgs/include/as2_msgs/as2_msgs/action/go_to_waypoint.h
[24.227s] -- Symlinking: /home/developer/aerostack2_ws/install/as2_msgs/include/as2_msgs/as2_msgs/action/gripper_handler.h
[24.233s] -- Symlinking: /home/developer/aerostack2_ws/install/as2_msgs/include/as2_msgs/as2_msgs/action/land.h
[24.237s] -- Symlinking: /home/developer/aerostack2_ws/install/as2_msgs/include/as2_msgs/as2_msgs/action/mass_estimation.h
[24.242s] -- Symlinking: /home/developer/aerostack2_ws/install/as2_msgs/include/as2_msgs/as2_msgs/action/navigate_to_point.h
[24.248s] -- Symlinking: /home/developer/aerostack2_ws/install/as2_msgs/include/as2_msgs/as2_msgs/action/point_gimbal.h
[24.253s] -- Symlinking: /home/developer/aerostack2_ws/install/as2_msgs/include/as2_msgs/as2_msgs/action/precision_landing.h
[24.257s] -- Symlinking: /home/developer/aerostack2_ws/install/as2_msgs/include/as2_msgs/as2_msgs/action/set_arming_state.h
[24.264s] -- Symlinking: /home/developer/aerostack2_ws/install/as2_msgs/include/as2_msgs/as2_msgs/action/set_offboard_mode.h
[24.271s] -- Symlinking: /home/developer/aerostack2_ws/install/as2_msgs/include/as2_msgs/as2_msgs/action/swarm_flocking.h
[24.275s] -- Symlinking: /home/developer/aerostack2_ws/install/as2_msgs/include/as2_msgs/as2_msgs/action/takeoff.h
[24.280s] -- Symlinking: /home/developer/aerostack2_ws/install/as2_msgs/include/as2_msgs/as2_msgs/msg/acro.h
[24.285s] -- Symlinking: /home/developer/aerostack2_ws/install/as2_msgs/include/as2_msgs/as2_msgs/msg/alert_event.h
[24.289s] -- Symlinking: /home/developer/aerostack2_ws/install/as2_msgs/include/as2_msgs/as2_msgs/msg/behavior_status.h
[24.294s] -- Symlinking: /home/developer/aerostack2_ws/install/as2_msgs/include/as2_msgs/as2_msgs/msg/control_mode.h
[24.298s] -- Symlinking: /home/developer/aerostack2_ws/install/as2_msgs/include/as2_msgs/as2_msgs/msg/controller_info.h
[24.304s] -- Symlinking: /home/developer/aerostack2_ws/install/as2_msgs/include/as2_msgs/as2_msgs/msg/detail/acro__functions.h
[24.309s] -- Symlinking: /home/developer/aerostack2_ws/install/as2_msgs/include/as2_msgs/as2_msgs/msg/detail/acro__struct.h
[24.315s] -- Symlinking: /home/developer/aerostack2_ws/install/as2_msgs/include/as2_msgs/as2_msgs/msg/detail/acro__type_support.h
[24.319s] -- Symlinking: /home/developer/aerostack2_ws/install/as2_msgs/include/as2_msgs/as2_msgs/msg/detail/alert_event__functions.h
[24.323s] -- Symlinking: /home/developer/aerostack2_ws/install/as2_msgs/include/as2_msgs/as2_msgs/msg/detail/alert_event__struct.h
[24.329s] -- Symlinking: /home/developer/aerostack2_ws/install/as2_msgs/include/as2_msgs/as2_msgs/msg/detail/alert_event__type_support.h
[24.335s] -- Symlinking: /home/developer/aerostack2_ws/install/as2_msgs/include/as2_msgs/as2_msgs/msg/detail/behavior_status__functions.h
[24.339s] -- Symlinking: /home/developer/aerostack2_ws/install/as2_msgs/include/as2_msgs/as2_msgs/msg/detail/behavior_status__struct.h
[24.344s] -- Symlinking: /home/developer/aerostack2_ws/install/as2_msgs/include/as2_msgs/as2_msgs/msg/detail/behavior_status__type_support.h
[24.350s] -- Symlinking: /home/developer/aerostack2_ws/install/as2_msgs/include/as2_msgs/as2_msgs/msg/detail/control_mode__functions.h
[24.355s] -- Symlinking: /home/developer/aerostack2_ws/install/as2_msgs/include/as2_msgs/as2_msgs/msg/detail/control_mode__struct.h
[24.359s] -- Symlinking: /home/developer/aerostack2_ws/install/as2_msgs/include/as2_msgs/as2_msgs/msg/detail/control_mode__type_support.h
[24.364s] -- Symlinking: /home/developer/aerostack2_ws/install/as2_msgs/include/as2_msgs/as2_msgs/msg/detail/controller_info__functions.h
[24.371s] -- Symlinking: /home/developer/aerostack2_ws/install/as2_msgs/include/as2_msgs/as2_msgs/msg/detail/controller_info__struct.h
[24.376s] -- Symlinking: /home/developer/aerostack2_ws/install/as2_msgs/include/as2_msgs/as2_msgs/msg/detail/controller_info__type_support.h
[24.382s] -- Symlinking: /home/developer/aerostack2_ws/install/as2_msgs/include/as2_msgs/as2_msgs/msg/detail/follow_target_info__functions.h
[24.386s] -- Symlinking: /home/developer/aerostack2_ws/install/as2_msgs/include/as2_msgs/as2_msgs/msg/detail/follow_target_info__struct.h
[24.392s] -- Symlinking: /home/developer/aerostack2_ws/install/as2_msgs/include/as2_msgs/as2_msgs/msg/detail/follow_target_info__type_support.h
[24.396s] -- Symlinking: /home/developer/aerostack2_ws/install/as2_msgs/include/as2_msgs/as2_msgs/msg/detail/geozone__functions.h
[24.401s] -- Symlinking: /home/developer/aerostack2_ws/install/as2_msgs/include/as2_msgs/as2_msgs/msg/detail/geozone__struct.h
[24.406s] -- Symlinking: /home/developer/aerostack2_ws/install/as2_msgs/include/as2_msgs/as2_msgs/msg/detail/geozone__type_support.h
[24.411s] -- Symlinking: /home/developer/aerostack2_ws/install/as2_msgs/include/as2_msgs/as2_msgs/msg/detail/gimbal_control__functions.h
[24.415s] -- Symlinking: /home/developer/aerostack2_ws/install/as2_msgs/include/as2_msgs/as2_msgs/msg/detail/gimbal_control__struct.h
[24.419s] -- Symlinking: /home/developer/aerostack2_ws/install/as2_msgs/include/as2_msgs/as2_msgs/msg/detail/gimbal_control__type_support.h
[24.424s] -- Symlinking: /home/developer/aerostack2_ws/install/as2_msgs/include/as2_msgs/as2_msgs/msg/detail/mission_event__functions.h
[24.428s] -- Symlinking: /home/developer/aerostack2_ws/install/as2_msgs/include/as2_msgs/as2_msgs/msg/detail/mission_event__struct.h
[24.434s] -- Symlinking: /home/developer/aerostack2_ws/install/as2_msgs/include/as2_msgs/as2_msgs/msg/detail/mission_event__type_support.h
[24.439s] -- Symlinking: /home/developer/aerostack2_ws/install/as2_msgs/include/as2_msgs/as2_msgs/msg/detail/mission_update__functions.h
[24.444s] -- Symlinking: /home/developer/aerostack2_ws/install/as2_msgs/include/as2_msgs/as2_msgs/msg/detail/mission_update__struct.h
[24.449s] -- Symlinking: /home/developer/aerostack2_ws/install/as2_msgs/include/as2_msgs/as2_msgs/msg/detail/mission_update__type_support.h
[24.455s] -- Symlinking: /home/developer/aerostack2_ws/install/as2_msgs/include/as2_msgs/as2_msgs/msg/detail/node_status__functions.h
[24.459s] -- Symlinking: /home/developer/aerostack2_ws/install/as2_msgs/include/as2_msgs/as2_msgs/msg/detail/node_status__struct.h
[24.464s] -- Symlinking: /home/developer/aerostack2_ws/install/as2_msgs/include/as2_msgs/as2_msgs/msg/detail/node_status__type_support.h
[24.469s] -- Symlinking: /home/developer/aerostack2_ws/install/as2_msgs/include/as2_msgs/as2_msgs/msg/detail/platform_info__functions.h
[24.475s] -- Symlinking: /home/developer/aerostack2_ws/install/as2_msgs/include/as2_msgs/as2_msgs/msg/detail/platform_info__struct.h
[24.479s] -- Symlinking: /home/developer/aerostack2_ws/install/as2_msgs/include/as2_msgs/as2_msgs/msg/detail/platform_info__type_support.h
[24.484s] -- Symlinking: /home/developer/aerostack2_ws/install/as2_msgs/include/as2_msgs/as2_msgs/msg/detail/platform_state_machine_event__functions.h
[24.489s] -- Symlinking: /home/developer/aerostack2_ws/install/as2_msgs/include/as2_msgs/as2_msgs/msg/detail/platform_state_machine_event__struct.h
[24.495s] -- Symlinking: /home/developer/aerostack2_ws/install/as2_msgs/include/as2_msgs/as2_msgs/msg/detail/platform_state_machine_event__type_support.h
[24.501s] -- Symlinking: /home/developer/aerostack2_ws/install/as2_msgs/include/as2_msgs/as2_msgs/msg/detail/platform_status__functions.h
[24.505s] -- Symlinking: /home/developer/aerostack2_ws/install/as2_msgs/include/as2_msgs/as2_msgs/msg/detail/platform_status__struct.h
[24.510s] -- Symlinking: /home/developer/aerostack2_ws/install/as2_msgs/include/as2_msgs/as2_msgs/msg/detail/platform_status__type_support.h
[24.515s] -- Symlinking: /home/developer/aerostack2_ws/install/as2_msgs/include/as2_msgs/as2_msgs/msg/detail/polygon_list__functions.h
[24.519s] -- Symlinking: /home/developer/aerostack2_ws/install/as2_msgs/include/as2_msgs/as2_msgs/msg/detail/polygon_list__struct.h
[24.524s] -- Symlinking: /home/developer/aerostack2_ws/install/as2_msgs/include/as2_msgs/as2_msgs/msg/detail/polygon_list__type_support.h
[24.528s] -- Symlinking: /home/developer/aerostack2_ws/install/as2_msgs/include/as2_msgs/as2_msgs/msg/detail/pose_stamped_with_id__functions.h
[24.531s] -- Symlinking: /home/developer/aerostack2_ws/install/as2_msgs/include/as2_msgs/as2_msgs/msg/detail/pose_stamped_with_id__struct.h
[24.536s] -- Symlinking: /home/developer/aerostack2_ws/install/as2_msgs/include/as2_msgs/as2_msgs/msg/detail/pose_stamped_with_id__type_support.h
[24.542s] -- Symlinking: /home/developer/aerostack2_ws/install/as2_msgs/include/as2_msgs/as2_msgs/msg/detail/pose_stamped_with_id_array__functions.h
[24.546s] -- Symlinking: /home/developer/aerostack2_ws/install/as2_msgs/include/as2_msgs/as2_msgs/msg/detail/pose_stamped_with_id_array__struct.h
[24.550s] -- Symlinking: /home/developer/aerostack2_ws/install/as2_msgs/include/as2_msgs/as2_msgs/msg/detail/pose_stamped_with_id_array__type_support.h
[24.556s] -- Symlinking: /home/developer/aerostack2_ws/install/as2_msgs/include/as2_msgs/as2_msgs/msg/detail/pose_with_id__functions.h
[24.562s] -- Symlinking: /home/developer/aerostack2_ws/install/as2_msgs/include/as2_msgs/as2_msgs/msg/detail/pose_with_id__struct.h
[24.566s] -- Symlinking: /home/developer/aerostack2_ws/install/as2_msgs/include/as2_msgs/as2_msgs/msg/detail/pose_with_id__type_support.h
[24.571s] -- Symlinking: /home/developer/aerostack2_ws/install/as2_msgs/include/as2_msgs/as2_msgs/msg/detail/pose_with_id_array__functions.h
[24.576s] -- Symlinking: /home/developer/aerostack2_ws/install/as2_msgs/include/as2_msgs/as2_msgs/msg/detail/pose_with_id_array__struct.h
[24.580s] -- Symlinking: /home/developer/aerostack2_ws/install/as2_msgs/include/as2_msgs/as2_msgs/msg/detail/pose_with_id_array__type_support.h
[24.584s] -- Symlinking: /home/developer/aerostack2_ws/install/as2_msgs/include/as2_msgs/as2_msgs/msg/detail/speed__functions.h
[24.590s] -- Symlinking: /home/developer/aerostack2_ws/install/as2_msgs/include/as2_msgs/as2_msgs/msg/detail/speed__struct.h
[24.595s] -- Symlinking: /home/developer/aerostack2_ws/install/as2_msgs/include/as2_msgs/as2_msgs/msg/detail/speed__type_support.h
[24.601s] -- Symlinking: /home/developer/aerostack2_ws/install/as2_msgs/include/as2_msgs/as2_msgs/msg/detail/thrust__functions.h
[24.607s] -- Symlinking: /home/developer/aerostack2_ws/install/as2_msgs/include/as2_msgs/as2_msgs/msg/detail/thrust__struct.h
[24.612s] -- Symlinking: /home/developer/aerostack2_ws/install/as2_msgs/include/as2_msgs/as2_msgs/msg/detail/thrust__type_support.h
[24.617s] -- Symlinking: /home/developer/aerostack2_ws/install/as2_msgs/include/as2_msgs/as2_msgs/msg/detail/traj_gen_info__functions.h
[24.621s] -- Symlinking: /home/developer/aerostack2_ws/install/as2_msgs/include/as2_msgs/as2_msgs/msg/detail/traj_gen_info__struct.h
[24.625s] -- Symlinking: /home/developer/aerostack2_ws/install/as2_msgs/include/as2_msgs/as2_msgs/msg/detail/traj_gen_info__type_support.h
[24.631s] -- Symlinking: /home/developer/aerostack2_ws/install/as2_msgs/include/as2_msgs/as2_msgs/msg/detail/trajectory_point__functions.h
[24.636s] -- Symlinking: /home/developer/aerostack2_ws/install/as2_msgs/include/as2_msgs/as2_msgs/msg/detail/trajectory_point__struct.h
[24.640s] -- Symlinking: /home/developer/aerostack2_ws/install/as2_msgs/include/as2_msgs/as2_msgs/msg/detail/trajectory_point__type_support.h
[24.644s] -- Symlinking: /home/developer/aerostack2_ws/install/as2_msgs/include/as2_msgs/as2_msgs/msg/detail/trajectory_setpoints__functions.h
[24.648s] -- Symlinking: /home/developer/aerostack2_ws/install/as2_msgs/include/as2_msgs/as2_msgs/msg/detail/trajectory_setpoints__struct.h
[24.652s] -- Symlinking: /home/developer/aerostack2_ws/install/as2_msgs/include/as2_msgs/as2_msgs/msg/detail/trajectory_setpoints__type_support.h
[24.656s] -- Symlinking: /home/developer/aerostack2_ws/install/as2_msgs/include/as2_msgs/as2_msgs/msg/detail/u_int16_multi_array_stamped__functions.h
[24.662s] -- Symlinking: /home/developer/aerostack2_ws/install/as2_msgs/include/as2_msgs/as2_msgs/msg/detail/u_int16_multi_array_stamped__struct.h
[24.668s] -- Symlinking: /home/developer/aerostack2_ws/install/as2_msgs/include/as2_msgs/as2_msgs/msg/detail/u_int16_multi_array_stamped__type_support.h
[24.672s] -- Symlinking: /home/developer/aerostack2_ws/install/as2_msgs/include/as2_msgs/as2_msgs/msg/detail/yaw_mode__functions.h
[24.677s] -- Symlinking: /home/developer/aerostack2_ws/install/as2_msgs/include/as2_msgs/as2_msgs/msg/detail/yaw_mode__struct.h
[24.683s] -- Symlinking: /home/developer/aerostack2_ws/install/as2_msgs/include/as2_msgs/as2_msgs/msg/detail/yaw_mode__type_support.h
[24.687s] -- Symlinking: /home/developer/aerostack2_ws/install/as2_msgs/include/as2_msgs/as2_msgs/msg/follow_target_info.h
[24.692s] -- Symlinking: /home/developer/aerostack2_ws/install/as2_msgs/include/as2_msgs/as2_msgs/msg/geozone.h
[24.696s] -- Symlinking: /home/developer/aerostack2_ws/install/as2_msgs/include/as2_msgs/as2_msgs/msg/gimbal_control.h
[24.703s] -- Symlinking: /home/developer/aerostack2_ws/install/as2_msgs/include/as2_msgs/as2_msgs/msg/mission_event.h
[24.708s] -- Symlinking: /home/developer/aerostack2_ws/install/as2_msgs/include/as2_msgs/as2_msgs/msg/mission_update.h
[24.713s] -- Symlinking: /home/developer/aerostack2_ws/install/as2_msgs/include/as2_msgs/as2_msgs/msg/node_status.h
[24.717s] -- Symlinking: /home/developer/aerostack2_ws/install/as2_msgs/include/as2_msgs/as2_msgs/msg/platform_info.h
[24.721s] -- Symlinking: /home/developer/aerostack2_ws/install/as2_msgs/include/as2_msgs/as2_msgs/msg/platform_state_machine_event.h
[24.726s] -- Symlinking: /home/developer/aerostack2_ws/install/as2_msgs/include/as2_msgs/as2_msgs/msg/platform_status.h
[24.729s] -- Symlinking: /home/developer/aerostack2_ws/install/as2_msgs/include/as2_msgs/as2_msgs/msg/polygon_list.h
[24.734s] -- Symlinking: /home/developer/aerostack2_ws/install/as2_msgs/include/as2_msgs/as2_msgs/msg/pose_stamped_with_id.h
[24.738s] -- Symlinking: /home/developer/aerostack2_ws/install/as2_msgs/include/as2_msgs/as2_msgs/msg/pose_stamped_with_id_array.h
[24.744s] -- Symlinking: /home/developer/aerostack2_ws/install/as2_msgs/include/as2_msgs/as2_msgs/msg/pose_with_id.h
[24.750s] -- Symlinking: /home/developer/aerostack2_ws/install/as2_msgs/include/as2_msgs/as2_msgs/msg/pose_with_id_array.h
[24.755s] -- Symlinking: /home/developer/aerostack2_ws/install/as2_msgs/include/as2_msgs/as2_msgs/msg/rosidl_generator_c__visibility_control.h
[24.760s] -- Symlinking: /home/developer/aerostack2_ws/install/as2_msgs/include/as2_msgs/as2_msgs/msg/speed.h
[24.766s] -- Symlinking: /home/developer/aerostack2_ws/install/as2_msgs/include/as2_msgs/as2_msgs/msg/thrust.h
[24.770s] -- Symlinking: /home/developer/aerostack2_ws/install/as2_msgs/include/as2_msgs/as2_msgs/msg/traj_gen_info.h
[24.774s] -- Symlinking: /home/developer/aerostack2_ws/install/as2_msgs/include/as2_msgs/as2_msgs/msg/trajectory_point.h
[24.779s] -- Symlinking: /home/developer/aerostack2_ws/install/as2_msgs/include/as2_msgs/as2_msgs/msg/trajectory_setpoints.h
[24.782s] -- Symlinking: /home/developer/aerostack2_ws/install/as2_msgs/include/as2_msgs/as2_msgs/msg/u_int16_multi_array_stamped.h
[24.787s] -- Symlinking: /home/developer/aerostack2_ws/install/as2_msgs/include/as2_msgs/as2_msgs/msg/yaw_mode.h
[24.793s] -- Symlinking: /home/developer/aerostack2_ws/install/as2_msgs/include/as2_msgs/as2_msgs/srv/add_static_transform.h
[24.797s] -- Symlinking: /home/developer/aerostack2_ws/install/as2_msgs/include/as2_msgs/as2_msgs/srv/add_static_transform_gps.h
[24.803s] -- Symlinking: /home/developer/aerostack2_ws/install/as2_msgs/include/as2_msgs/as2_msgs/srv/detail/add_static_transform__functions.h
[24.809s] -- Symlinking: /home/developer/aerostack2_ws/install/as2_msgs/include/as2_msgs/as2_msgs/srv/detail/add_static_transform__struct.h
[24.815s] -- Symlinking: /home/developer/aerostack2_ws/install/as2_msgs/include/as2_msgs/as2_msgs/srv/detail/add_static_transform__type_support.h
[24.820s] -- Symlinking: /home/developer/aerostack2_ws/install/as2_msgs/include/as2_msgs/as2_msgs/srv/detail/add_static_transform_gps__functions.h
[24.826s] -- Symlinking: /home/developer/aerostack2_ws/install/as2_msgs/include/as2_msgs/as2_msgs/srv/detail/add_static_transform_gps__struct.h
[24.830s] -- Symlinking: /home/developer/aerostack2_ws/install/as2_msgs/include/as2_msgs/as2_msgs/srv/detail/add_static_transform_gps__type_support.h
[24.835s] -- Symlinking: /home/developer/aerostack2_ws/install/as2_msgs/include/as2_msgs/as2_msgs/srv/detail/dynamic_follower__functions.h
[24.839s] -- Symlinking: /home/developer/aerostack2_ws/install/as2_msgs/include/as2_msgs/as2_msgs/srv/detail/dynamic_follower__struct.h
[24.845s] -- Symlinking: /home/developer/aerostack2_ws/install/as2_msgs/include/as2_msgs/as2_msgs/srv/detail/dynamic_follower__type_support.h
[24.849s] -- Symlinking: /home/developer/aerostack2_ws/install/as2_msgs/include/as2_msgs/as2_msgs/srv/detail/dynamic_land__functions.h
[24.855s] -- Symlinking: /home/developer/aerostack2_ws/install/as2_msgs/include/as2_msgs/as2_msgs/srv/detail/dynamic_land__struct.h
[24.860s] -- Symlinking: /home/developer/aerostack2_ws/install/as2_msgs/include/as2_msgs/as2_msgs/srv/detail/dynamic_land__type_support.h
[24.866s] -- Symlinking: /home/developer/aerostack2_ws/install/as2_msgs/include/as2_msgs/as2_msgs/srv/detail/geopath_to_path__functions.h
[24.870s] -- Symlinking: /home/developer/aerostack2_ws/install/as2_msgs/include/as2_msgs/as2_msgs/srv/detail/geopath_to_path__struct.h
[24.875s] -- Symlinking: /home/developer/aerostack2_ws/install/as2_msgs/include/as2_msgs/as2_msgs/srv/detail/geopath_to_path__type_support.h
[24.879s] -- Symlinking: /home/developer/aerostack2_ws/install/as2_msgs/include/as2_msgs/as2_msgs/srv/detail/get_geozone__functions.h
[24.884s] -- Symlinking: /home/developer/aerostack2_ws/install/as2_msgs/include/as2_msgs/as2_msgs/srv/detail/get_geozone__struct.h
[24.888s] -- Symlinking: /home/developer/aerostack2_ws/install/as2_msgs/include/as2_msgs/as2_msgs/srv/detail/get_geozone__type_support.h
[24.892s] -- Symlinking: /home/developer/aerostack2_ws/install/as2_msgs/include/as2_msgs/as2_msgs/srv/detail/get_origin__functions.h
[24.896s] -- Symlinking: /home/developer/aerostack2_ws/install/as2_msgs/include/as2_msgs/as2_msgs/srv/detail/get_origin__struct.h
[24.900s] -- Symlinking: /home/developer/aerostack2_ws/install/as2_msgs/include/as2_msgs/as2_msgs/srv/detail/get_origin__type_support.h
[24.904s] -- Symlinking: /home/developer/aerostack2_ws/install/as2_msgs/include/as2_msgs/as2_msgs/srv/detail/list_control_modes__functions.h
[24.910s] -- Symlinking: /home/developer/aerostack2_ws/install/as2_msgs/include/as2_msgs/as2_msgs/srv/detail/list_control_modes__struct.h
[24.916s] -- Symlinking: /home/developer/aerostack2_ws/install/as2_msgs/include/as2_msgs/as2_msgs/srv/detail/list_control_modes__type_support.h
[24.920s] -- Symlinking: /home/developer/aerostack2_ws/install/as2_msgs/include/as2_msgs/as2_msgs/srv/detail/modify_swarm__functions.h
[24.925s] -- Symlinking: /home/developer/aerostack2_ws/install/as2_msgs/include/as2_msgs/as2_msgs/srv/detail/modify_swarm__struct.h
[24.930s] -- Symlinking: /home/developer/aerostack2_ws/install/as2_msgs/include/as2_msgs/as2_msgs/srv/detail/modify_swarm__type_support.h
[24.935s] -- Symlinking: /home/developer/aerostack2_ws/install/as2_msgs/include/as2_msgs/as2_msgs/srv/detail/package_pick_up__functions.h
[24.940s] -- Symlinking: /home/developer/aerostack2_ws/install/as2_msgs/include/as2_msgs/as2_msgs/srv/detail/package_pick_up__struct.h
[24.944s] -- Symlinking: /home/developer/aerostack2_ws/install/as2_msgs/include/as2_msgs/as2_msgs/srv/detail/package_pick_up__type_support.h
[24.949s] -- Symlinking: /home/developer/aerostack2_ws/install/as2_msgs/include/as2_msgs/as2_msgs/srv/detail/package_un_pick__functions.h
[24.955s] -- Symlinking: /home/developer/aerostack2_ws/install/as2_msgs/include/as2_msgs/as2_msgs/srv/detail/package_un_pick__struct.h
[24.960s] -- Symlinking: /home/developer/aerostack2_ws/install/as2_msgs/include/as2_msgs/as2_msgs/srv/detail/package_un_pick__type_support.h
[24.966s] -- Symlinking: /home/developer/aerostack2_ws/install/as2_msgs/include/as2_msgs/as2_msgs/srv/detail/path_to_geopath__functions.h
[24.970s] -- Symlinking: /home/developer/aerostack2_ws/install/as2_msgs/include/as2_msgs/as2_msgs/srv/detail/path_to_geopath__struct.h
[24.975s] -- Symlinking: /home/developer/aerostack2_ws/install/as2_msgs/include/as2_msgs/as2_msgs/srv/detail/path_to_geopath__type_support.h
[24.979s] -- Symlinking: /home/developer/aerostack2_ws/install/as2_msgs/include/as2_msgs/as2_msgs/srv/detail/set_control_mode__functions.h
[24.983s] -- Symlinking: /home/developer/aerostack2_ws/install/as2_msgs/include/as2_msgs/as2_msgs/srv/detail/set_control_mode__struct.h
[24.989s] -- Symlinking: /home/developer/aerostack2_ws/install/as2_msgs/include/as2_msgs/as2_msgs/srv/detail/set_control_mode__type_support.h
[24.995s] -- Symlinking: /home/developer/aerostack2_ws/install/as2_msgs/include/as2_msgs/as2_msgs/srv/detail/set_geozone__functions.h
[25.000s] -- Symlinking: /home/developer/aerostack2_ws/install/as2_msgs/include/as2_msgs/as2_msgs/srv/detail/set_geozone__struct.h
[25.004s] -- Symlinking: /home/developer/aerostack2_ws/install/as2_msgs/include/as2_msgs/as2_msgs/srv/detail/set_geozone__type_support.h
[25.010s] -- Symlinking: /home/developer/aerostack2_ws/install/as2_msgs/include/as2_msgs/as2_msgs/srv/detail/set_origin__functions.h
[25.015s] -- Symlinking: /home/developer/aerostack2_ws/install/as2_msgs/include/as2_msgs/as2_msgs/srv/detail/set_origin__struct.h
[25.022s] -- Symlinking: /home/developer/aerostack2_ws/install/as2_msgs/include/as2_msgs/as2_msgs/srv/detail/set_origin__type_support.h
[25.029s] -- Symlinking: /home/developer/aerostack2_ws/install/as2_msgs/include/as2_msgs/as2_msgs/srv/detail/set_platform_state_machine_event__functions.h
[25.035s] -- Symlinking: /home/developer/aerostack2_ws/install/as2_msgs/include/as2_msgs/as2_msgs/srv/detail/set_platform_state_machine_event__struct.h
[25.040s] -- Symlinking: /home/developer/aerostack2_ws/install/as2_msgs/include/as2_msgs/as2_msgs/srv/detail/set_platform_state_machine_event__type_support.h
[25.044s] -- Symlinking: /home/developer/aerostack2_ws/install/as2_msgs/include/as2_msgs/as2_msgs/srv/detail/set_speed__functions.h
[25.049s] -- Symlinking: /home/developer/aerostack2_ws/install/as2_msgs/include/as2_msgs/as2_msgs/srv/detail/set_speed__struct.h
[25.055s] -- Symlinking: /home/developer/aerostack2_ws/install/as2_msgs/include/as2_msgs/as2_msgs/srv/detail/set_speed__type_support.h
[25.060s] -- Symlinking: /home/developer/aerostack2_ws/install/as2_msgs/include/as2_msgs/as2_msgs/srv/dynamic_follower.h
[25.064s] -- Symlinking: /home/developer/aerostack2_ws/install/as2_msgs/include/as2_msgs/as2_msgs/srv/dynamic_land.h
[25.068s] -- Symlinking: /home/developer/aerostack2_ws/install/as2_msgs/include/as2_msgs/as2_msgs/srv/geopath_to_path.h
[25.073s] -- Symlinking: /home/developer/aerostack2_ws/install/as2_msgs/include/as2_msgs/as2_msgs/srv/get_geozone.h
[25.077s] -- Symlinking: /home/developer/aerostack2_ws/install/as2_msgs/include/as2_msgs/as2_msgs/srv/get_origin.h
[25.081s] -- Symlinking: /home/developer/aerostack2_ws/install/as2_msgs/include/as2_msgs/as2_msgs/srv/list_control_modes.h
[25.085s] -- Symlinking: /home/developer/aerostack2_ws/install/as2_msgs/include/as2_msgs/as2_msgs/srv/modify_swarm.h
[25.090s] -- Symlinking: /home/developer/aerostack2_ws/install/as2_msgs/include/as2_msgs/as2_msgs/srv/package_pick_up.h
[25.095s] -- Symlinking: /home/developer/aerostack2_ws/install/as2_msgs/include/as2_msgs/as2_msgs/srv/package_un_pick.h
[25.100s] -- Symlinking: /home/developer/aerostack2_ws/install/as2_msgs/include/as2_msgs/as2_msgs/srv/path_to_geopath.h
[25.105s] -- Symlinking: /home/developer/aerostack2_ws/install/as2_msgs/include/as2_msgs/as2_msgs/srv/set_control_mode.h
[25.110s] -- Symlinking: /home/developer/aerostack2_ws/install/as2_msgs/include/as2_msgs/as2_msgs/srv/set_geozone.h
[25.115s] -- Symlinking: /home/developer/aerostack2_ws/install/as2_msgs/include/as2_msgs/as2_msgs/srv/set_origin.h
[25.120s] -- Symlinking: /home/developer/aerostack2_ws/install/as2_msgs/include/as2_msgs/as2_msgs/srv/set_platform_state_machine_event.h
[25.124s] -- Symlinking: /home/developer/aerostack2_ws/install/as2_msgs/include/as2_msgs/as2_msgs/srv/set_speed.h
[25.128s] -- Symlinking: /home/developer/aerostack2_ws/install/as2_msgs/share/as2_msgs/environment/library_path.sh
[25.132s] -- Symlinking: /home/developer/aerostack2_ws/install/as2_msgs/share/as2_msgs/environment/library_path.dsv
[25.138s] -- Symlinking: /home/developer/aerostack2_ws/install/as2_msgs/include/as2_msgs/as2_msgs/action/detail/detect_aruco_markers__rosidl_typesupport_fastrtps_c.h
[25.144s] -- Symlinking: /home/developer/aerostack2_ws/install/as2_msgs/include/as2_msgs/as2_msgs/action/detail/follow_path__rosidl_typesupport_fastrtps_c.h
[25.148s] -- Symlinking: /home/developer/aerostack2_ws/install/as2_msgs/include/as2_msgs/as2_msgs/action/detail/follow_reference__rosidl_typesupport_fastrtps_c.h
[25.152s] -- Symlinking: /home/developer/aerostack2_ws/install/as2_msgs/include/as2_msgs/as2_msgs/action/detail/force_estimation__rosidl_typesupport_fastrtps_c.h
[25.156s] -- Symlinking: /home/developer/aerostack2_ws/install/as2_msgs/include/as2_msgs/as2_msgs/action/detail/generate_polynomial_trajectory__rosidl_typesupport_fastrtps_c.h
[25.161s] -- Symlinking: /home/developer/aerostack2_ws/install/as2_msgs/include/as2_msgs/as2_msgs/action/detail/go_to_waypoint__rosidl_typesupport_fastrtps_c.h
[25.166s] -- Symlinking: /home/developer/aerostack2_ws/install/as2_msgs/include/as2_msgs/as2_msgs/action/detail/gripper_handler__rosidl_typesupport_fastrtps_c.h
[25.171s] -- Symlinking: /home/developer/aerostack2_ws/install/as2_msgs/include/as2_msgs/as2_msgs/action/detail/land__rosidl_typesupport_fastrtps_c.h
[25.176s] -- Symlinking: /home/developer/aerostack2_ws/install/as2_msgs/include/as2_msgs/as2_msgs/action/detail/mass_estimation__rosidl_typesupport_fastrtps_c.h
[25.181s] -- Symlinking: /home/developer/aerostack2_ws/install/as2_msgs/include/as2_msgs/as2_msgs/action/detail/navigate_to_point__rosidl_typesupport_fastrtps_c.h
[25.186s] -- Symlinking: /home/developer/aerostack2_ws/install/as2_msgs/include/as2_msgs/as2_msgs/action/detail/point_gimbal__rosidl_typesupport_fastrtps_c.h
[25.190s] -- Symlinking: /home/developer/aerostack2_ws/install/as2_msgs/include/as2_msgs/as2_msgs/action/detail/precision_landing__rosidl_typesupport_fastrtps_c.h
[25.195s] -- Symlinking: /home/developer/aerostack2_ws/install/as2_msgs/include/as2_msgs/as2_msgs/action/detail/set_arming_state__rosidl_typesupport_fastrtps_c.h
[25.199s] -- Symlinking: /home/developer/aerostack2_ws/install/as2_msgs/include/as2_msgs/as2_msgs/action/detail/set_offboard_mode__rosidl_typesupport_fastrtps_c.h
[25.205s] -- Symlinking: /home/developer/aerostack2_ws/install/as2_msgs/include/as2_msgs/as2_msgs/action/detail/swarm_flocking__rosidl_typesupport_fastrtps_c.h
[25.209s] -- Symlinking: /home/developer/aerostack2_ws/install/as2_msgs/include/as2_msgs/as2_msgs/action/detail/takeoff__rosidl_typesupport_fastrtps_c.h
[25.215s] -- Symlinking: /home/developer/aerostack2_ws/install/as2_msgs/include/as2_msgs/as2_msgs/msg/detail/acro__rosidl_typesupport_fastrtps_c.h
[25.219s] -- Symlinking: /home/developer/aerostack2_ws/install/as2_msgs/include/as2_msgs/as2_msgs/msg/detail/alert_event__rosidl_typesupport_fastrtps_c.h
[25.225s] -- Symlinking: /home/developer/aerostack2_ws/install/as2_msgs/include/as2_msgs/as2_msgs/msg/detail/behavior_status__rosidl_typesupport_fastrtps_c.h
[25.229s] -- Symlinking: /home/developer/aerostack2_ws/install/as2_msgs/include/as2_msgs/as2_msgs/msg/detail/control_mode__rosidl_typesupport_fastrtps_c.h
[25.234s] -- Symlinking: /home/developer/aerostack2_ws/install/as2_msgs/include/as2_msgs/as2_msgs/msg/detail/controller_info__rosidl_typesupport_fastrtps_c.h
[25.238s] -- Symlinking: /home/developer/aerostack2_ws/install/as2_msgs/include/as2_msgs/as2_msgs/msg/detail/follow_target_info__rosidl_typesupport_fastrtps_c.h
[25.243s] -- Symlinking: /home/developer/aerostack2_ws/install/as2_msgs/include/as2_msgs/as2_msgs/msg/detail/geozone__rosidl_typesupport_fastrtps_c.h
[25.249s] -- Symlinking: /home/developer/aerostack2_ws/install/as2_msgs/include/as2_msgs/as2_msgs/msg/detail/gimbal_control__rosidl_typesupport_fastrtps_c.h
[25.253s] -- Symlinking: /home/developer/aerostack2_ws/install/as2_msgs/include/as2_msgs/as2_msgs/msg/detail/mission_event__rosidl_typesupport_fastrtps_c.h
[25.257s] -- Symlinking: /home/developer/aerostack2_ws/install/as2_msgs/include/as2_msgs/as2_msgs/msg/detail/mission_update__rosidl_typesupport_fastrtps_c.h
[25.264s] -- Symlinking: /home/developer/aerostack2_ws/install/as2_msgs/include/as2_msgs/as2_msgs/msg/detail/node_status__rosidl_typesupport_fastrtps_c.h
[25.269s] -- Symlinking: /home/developer/aerostack2_ws/install/as2_msgs/include/as2_msgs/as2_msgs/msg/detail/platform_info__rosidl_typesupport_fastrtps_c.h
[25.274s] -- Symlinking: /home/developer/aerostack2_ws/install/as2_msgs/include/as2_msgs/as2_msgs/msg/detail/platform_state_machine_event__rosidl_typesupport_fastrtps_c.h
[25.278s] -- Symlinking: /home/developer/aerostack2_ws/install/as2_msgs/include/as2_msgs/as2_msgs/msg/detail/platform_status__rosidl_typesupport_fastrtps_c.h
[25.284s] -- Symlinking: /home/developer/aerostack2_ws/install/as2_msgs/include/as2_msgs/as2_msgs/msg/detail/polygon_list__rosidl_typesupport_fastrtps_c.h
[25.288s] -- Symlinking: /home/developer/aerostack2_ws/install/as2_msgs/include/as2_msgs/as2_msgs/msg/detail/pose_stamped_with_id__rosidl_typesupport_fastrtps_c.h
[25.294s] -- Symlinking: /home/developer/aerostack2_ws/install/as2_msgs/include/as2_msgs/as2_msgs/msg/detail/pose_stamped_with_id_array__rosidl_typesupport_fastrtps_c.h
[25.300s] -- Symlinking: /home/developer/aerostack2_ws/install/as2_msgs/include/as2_msgs/as2_msgs/msg/detail/pose_with_id__rosidl_typesupport_fastrtps_c.h
[25.305s] -- Symlinking: /home/developer/aerostack2_ws/install/as2_msgs/include/as2_msgs/as2_msgs/msg/detail/pose_with_id_array__rosidl_typesupport_fastrtps_c.h
[25.311s] -- Symlinking: /home/developer/aerostack2_ws/install/as2_msgs/include/as2_msgs/as2_msgs/msg/detail/speed__rosidl_typesupport_fastrtps_c.h
[25.315s] -- Symlinking: /home/developer/aerostack2_ws/install/as2_msgs/include/as2_msgs/as2_msgs/msg/detail/thrust__rosidl_typesupport_fastrtps_c.h
[25.321s] -- Symlinking: /home/developer/aerostack2_ws/install/as2_msgs/include/as2_msgs/as2_msgs/msg/detail/traj_gen_info__rosidl_typesupport_fastrtps_c.h
[25.327s] -- Symlinking: /home/developer/aerostack2_ws/install/as2_msgs/include/as2_msgs/as2_msgs/msg/detail/trajectory_point__rosidl_typesupport_fastrtps_c.h
[25.332s] -- Symlinking: /home/developer/aerostack2_ws/install/as2_msgs/include/as2_msgs/as2_msgs/msg/detail/trajectory_setpoints__rosidl_typesupport_fastrtps_c.h
[25.337s] -- Symlinking: /home/developer/aerostack2_ws/install/as2_msgs/include/as2_msgs/as2_msgs/msg/detail/u_int16_multi_array_stamped__rosidl_typesupport_fastrtps_c.h
[25.343s] -- Symlinking: /home/developer/aerostack2_ws/install/as2_msgs/include/as2_msgs/as2_msgs/msg/detail/yaw_mode__rosidl_typesupport_fastrtps_c.h
[25.347s] -- Symlinking: /home/developer/aerostack2_ws/install/as2_msgs/include/as2_msgs/as2_msgs/msg/rosidl_typesupport_fastrtps_c__visibility_control.h
[25.352s] -- Symlinking: /home/developer/aerostack2_ws/install/as2_msgs/include/as2_msgs/as2_msgs/srv/detail/add_static_transform__rosidl_typesupport_fastrtps_c.h
[25.357s] -- Symlinking: /home/developer/aerostack2_ws/install/as2_msgs/include/as2_msgs/as2_msgs/srv/detail/add_static_transform_gps__rosidl_typesupport_fastrtps_c.h
[25.363s] -- Symlinking: /home/developer/aerostack2_ws/install/as2_msgs/include/as2_msgs/as2_msgs/srv/detail/dynamic_follower__rosidl_typesupport_fastrtps_c.h
[25.368s] -- Symlinking: /home/developer/aerostack2_ws/install/as2_msgs/include/as2_msgs/as2_msgs/srv/detail/dynamic_land__rosidl_typesupport_fastrtps_c.h
[25.373s] -- Symlinking: /home/developer/aerostack2_ws/install/as2_msgs/include/as2_msgs/as2_msgs/srv/detail/geopath_to_path__rosidl_typesupport_fastrtps_c.h
[25.378s] -- Symlinking: /home/developer/aerostack2_ws/install/as2_msgs/include/as2_msgs/as2_msgs/srv/detail/get_geozone__rosidl_typesupport_fastrtps_c.h
[25.383s] -- Symlinking: /home/developer/aerostack2_ws/install/as2_msgs/include/as2_msgs/as2_msgs/srv/detail/get_origin__rosidl_typesupport_fastrtps_c.h
[25.387s] -- Symlinking: /home/developer/aerostack2_ws/install/as2_msgs/include/as2_msgs/as2_msgs/srv/detail/list_control_modes__rosidl_typesupport_fastrtps_c.h
[25.392s] -- Symlinking: /home/developer/aerostack2_ws/install/as2_msgs/include/as2_msgs/as2_msgs/srv/detail/modify_swarm__rosidl_typesupport_fastrtps_c.h
[25.397s] -- Symlinking: /home/developer/aerostack2_ws/install/as2_msgs/include/as2_msgs/as2_msgs/srv/detail/package_pick_up__rosidl_typesupport_fastrtps_c.h
[25.401s] -- Symlinking: /home/developer/aerostack2_ws/install/as2_msgs/include/as2_msgs/as2_msgs/srv/detail/package_un_pick__rosidl_typesupport_fastrtps_c.h
[25.406s] -- Symlinking: /home/developer/aerostack2_ws/install/as2_msgs/include/as2_msgs/as2_msgs/srv/detail/path_to_geopath__rosidl_typesupport_fastrtps_c.h
[25.412s] -- Symlinking: /home/developer/aerostack2_ws/install/as2_msgs/include/as2_msgs/as2_msgs/srv/detail/set_control_mode__rosidl_typesupport_fastrtps_c.h
[25.417s] -- Symlinking: /home/developer/aerostack2_ws/install/as2_msgs/include/as2_msgs/as2_msgs/srv/detail/set_geozone__rosidl_typesupport_fastrtps_c.h
[25.423s] -- Symlinking: /home/developer/aerostack2_ws/install/as2_msgs/include/as2_msgs/as2_msgs/srv/detail/set_origin__rosidl_typesupport_fastrtps_c.h
[25.429s] -- Symlinking: /home/developer/aerostack2_ws/install/as2_msgs/include/as2_msgs/as2_msgs/srv/detail/set_platform_state_machine_event__rosidl_typesupport_fastrtps_c.h
[25.434s] -- Symlinking: /home/developer/aerostack2_ws/install/as2_msgs/include/as2_msgs/as2_msgs/srv/detail/set_speed__rosidl_typesupport_fastrtps_c.h
[25.439s] -- Symlinking: /home/developer/aerostack2_ws/install/as2_msgs/include/as2_msgs/as2_msgs/action/detail/detect_aruco_markers__rosidl_typesupport_introspection_c.h
[25.445s] -- Symlinking: /home/developer/aerostack2_ws/install/as2_msgs/include/as2_msgs/as2_msgs/action/detail/follow_path__rosidl_typesupport_introspection_c.h
[25.449s] -- Symlinking: /home/developer/aerostack2_ws/install/as2_msgs/include/as2_msgs/as2_msgs/action/detail/follow_reference__rosidl_typesupport_introspection_c.h
[25.454s] -- Symlinking: /home/developer/aerostack2_ws/install/as2_msgs/include/as2_msgs/as2_msgs/action/detail/force_estimation__rosidl_typesupport_introspection_c.h
[25.458s] -- Symlinking: /home/developer/aerostack2_ws/install/as2_msgs/include/as2_msgs/as2_msgs/action/detail/generate_polynomial_trajectory__rosidl_typesupport_introspection_c.h
[25.464s] -- Symlinking: /home/developer/aerostack2_ws/install/as2_msgs/include/as2_msgs/as2_msgs/action/detail/go_to_waypoint__rosidl_typesupport_introspection_c.h
[25.469s] -- Symlinking: /home/developer/aerostack2_ws/install/as2_msgs/include/as2_msgs/as2_msgs/action/detail/gripper_handler__rosidl_typesupport_introspection_c.h
[25.475s] -- Symlinking: /home/developer/aerostack2_ws/install/as2_msgs/include/as2_msgs/as2_msgs/action/detail/land__rosidl_typesupport_introspection_c.h
[25.480s] -- Symlinking: /home/developer/aerostack2_ws/install/as2_msgs/include/as2_msgs/as2_msgs/action/detail/mass_estimation__rosidl_typesupport_introspection_c.h
[25.484s] -- Symlinking: /home/developer/aerostack2_ws/install/as2_msgs/include/as2_msgs/as2_msgs/action/detail/navigate_to_point__rosidl_typesupport_introspection_c.h
[25.489s] -- Symlinking: /home/developer/aerostack2_ws/install/as2_msgs/include/as2_msgs/as2_msgs/action/detail/point_gimbal__rosidl_typesupport_introspection_c.h
[25.493s] -- Symlinking: /home/developer/aerostack2_ws/install/as2_msgs/include/as2_msgs/as2_msgs/action/detail/precision_landing__rosidl_typesupport_introspection_c.h
[25.498s] -- Symlinking: /home/developer/aerostack2_ws/install/as2_msgs/include/as2_msgs/as2_msgs/action/detail/set_arming_state__rosidl_typesupport_introspection_c.h
[25.502s] -- Symlinking: /home/developer/aerostack2_ws/install/as2_msgs/include/as2_msgs/as2_msgs/action/detail/set_offboard_mode__rosidl_typesupport_introspection_c.h
[25.506s] -- Symlinking: /home/developer/aerostack2_ws/install/as2_msgs/include/as2_msgs/as2_msgs/action/detail/swarm_flocking__rosidl_typesupport_introspection_c.h
[25.510s] -- Symlinking: /home/developer/aerostack2_ws/install/as2_msgs/include/as2_msgs/as2_msgs/action/detail/takeoff__rosidl_typesupport_introspection_c.h
[25.516s] -- Symlinking: /home/developer/aerostack2_ws/install/as2_msgs/include/as2_msgs/as2_msgs/msg/detail/acro__rosidl_typesupport_introspection_c.h
[25.521s] -- Symlinking: /home/developer/aerostack2_ws/install/as2_msgs/include/as2_msgs/as2_msgs/msg/detail/alert_event__rosidl_typesupport_introspection_c.h
[25.524s] -- Symlinking: /home/developer/aerostack2_ws/install/as2_msgs/include/as2_msgs/as2_msgs/msg/detail/behavior_status__rosidl_typesupport_introspection_c.h
[25.529s] -- Symlinking: /home/developer/aerostack2_ws/install/as2_msgs/include/as2_msgs/as2_msgs/msg/detail/control_mode__rosidl_typesupport_introspection_c.h
[25.533s] -- Symlinking: /home/developer/aerostack2_ws/install/as2_msgs/include/as2_msgs/as2_msgs/msg/detail/controller_info__rosidl_typesupport_introspection_c.h
[25.538s] -- Symlinking: /home/developer/aerostack2_ws/install/as2_msgs/include/as2_msgs/as2_msgs/msg/detail/follow_target_info__rosidl_typesupport_introspection_c.h
[25.542s] -- Symlinking: /home/developer/aerostack2_ws/install/as2_msgs/include/as2_msgs/as2_msgs/msg/detail/geozone__rosidl_typesupport_introspection_c.h
[25.548s] -- Symlinking: /home/developer/aerostack2_ws/install/as2_msgs/include/as2_msgs/as2_msgs/msg/detail/gimbal_control__rosidl_typesupport_introspection_c.h
[25.554s] -- Symlinking: /home/developer/aerostack2_ws/install/as2_msgs/include/as2_msgs/as2_msgs/msg/detail/mission_event__rosidl_typesupport_introspection_c.h
[25.559s] -- Symlinking: /home/developer/aerostack2_ws/install/as2_msgs/include/as2_msgs/as2_msgs/msg/detail/mission_update__rosidl_typesupport_introspection_c.h
[25.563s] -- Symlinking: /home/developer/aerostack2_ws/install/as2_msgs/include/as2_msgs/as2_msgs/msg/detail/node_status__rosidl_typesupport_introspection_c.h
[25.569s] -- Symlinking: /home/developer/aerostack2_ws/install/as2_msgs/include/as2_msgs/as2_msgs/msg/detail/platform_info__rosidl_typesupport_introspection_c.h
[25.574s] -- Symlinking: /home/developer/aerostack2_ws/install/as2_msgs/include/as2_msgs/as2_msgs/msg/detail/platform_state_machine_event__rosidl_typesupport_introspection_c.h
[25.578s] -- Symlinking: /home/developer/aerostack2_ws/install/as2_msgs/include/as2_msgs/as2_msgs/msg/detail/platform_status__rosidl_typesupport_introspection_c.h
[25.584s] -- Symlinking: /home/developer/aerostack2_ws/install/as2_msgs/include/as2_msgs/as2_msgs/msg/detail/polygon_list__rosidl_typesupport_introspection_c.h
[25.589s] -- Symlinking: /home/developer/aerostack2_ws/install/as2_msgs/include/as2_msgs/as2_msgs/msg/detail/pose_stamped_with_id__rosidl_typesupport_introspection_c.h
[25.595s] -- Symlinking: /home/developer/aerostack2_ws/install/as2_msgs/include/as2_msgs/as2_msgs/msg/detail/pose_stamped_with_id_array__rosidl_typesupport_introspection_c.h
[25.600s] -- Symlinking: /home/developer/aerostack2_ws/install/as2_msgs/include/as2_msgs/as2_msgs/msg/detail/pose_with_id__rosidl_typesupport_introspection_c.h
[25.605s] -- Symlinking: /home/developer/aerostack2_ws/install/as2_msgs/include/as2_msgs/as2_msgs/msg/detail/pose_with_id_array__rosidl_typesupport_introspection_c.h
[25.611s] -- Symlinking: /home/developer/aerostack2_ws/install/as2_msgs/include/as2_msgs/as2_msgs/msg/detail/speed__rosidl_typesupport_introspection_c.h
[25.616s] -- Symlinking: /home/developer/aerostack2_ws/install/as2_msgs/include/as2_msgs/as2_msgs/msg/detail/thrust__rosidl_typesupport_introspection_c.h
[25.621s] -- Symlinking: /home/developer/aerostack2_ws/install/as2_msgs/include/as2_msgs/as2_msgs/msg/detail/traj_gen_info__rosidl_typesupport_introspection_c.h
[25.626s] -- Symlinking: /home/developer/aerostack2_ws/install/as2_msgs/include/as2_msgs/as2_msgs/msg/detail/trajectory_point__rosidl_typesupport_introspection_c.h
[25.632s] -- Symlinking: /home/developer/aerostack2_ws/install/as2_msgs/include/as2_msgs/as2_msgs/msg/detail/trajectory_setpoints__rosidl_typesupport_introspection_c.h
[25.638s] -- Symlinking: /home/developer/aerostack2_ws/install/as2_msgs/include/as2_msgs/as2_msgs/msg/detail/u_int16_multi_array_stamped__rosidl_typesupport_introspection_c.h
[25.643s] -- Symlinking: /home/developer/aerostack2_ws/install/as2_msgs/include/as2_msgs/as2_msgs/msg/detail/yaw_mode__rosidl_typesupport_introspection_c.h
[25.648s] -- Symlinking: /home/developer/aerostack2_ws/install/as2_msgs/include/as2_msgs/as2_msgs/msg/rosidl_typesupport_introspection_c__visibility_control.h
[25.653s] -- Symlinking: /home/developer/aerostack2_ws/install/as2_msgs/include/as2_msgs/as2_msgs/srv/detail/add_static_transform__rosidl_typesupport_introspection_c.h
[25.657s] -- Symlinking: /home/developer/aerostack2_ws/install/as2_msgs/include/as2_msgs/as2_msgs/srv/detail/add_static_transform_gps__rosidl_typesupport_introspection_c.h
[25.662s] -- Symlinking: /home/developer/aerostack2_ws/install/as2_msgs/include/as2_msgs/as2_msgs/srv/detail/dynamic_follower__rosidl_typesupport_introspection_c.h
[25.668s] -- Symlinking: /home/developer/aerostack2_ws/install/as2_msgs/include/as2_msgs/as2_msgs/srv/detail/dynamic_land__rosidl_typesupport_introspection_c.h
[25.673s] -- Symlinking: /home/developer/aerostack2_ws/install/as2_msgs/include/as2_msgs/as2_msgs/srv/detail/geopath_to_path__rosidl_typesupport_introspection_c.h
[25.678s] -- Symlinking: /home/developer/aerostack2_ws/install/as2_msgs/include/as2_msgs/as2_msgs/srv/detail/get_geozone__rosidl_typesupport_introspection_c.h
[25.684s] -- Symlinking: /home/developer/aerostack2_ws/install/as2_msgs/include/as2_msgs/as2_msgs/srv/detail/get_origin__rosidl_typesupport_introspection_c.h
[25.689s] -- Symlinking: /home/developer/aerostack2_ws/install/as2_msgs/include/as2_msgs/as2_msgs/srv/detail/list_control_modes__rosidl_typesupport_introspection_c.h
[25.695s] -- Symlinking: /home/developer/aerostack2_ws/install/as2_msgs/include/as2_msgs/as2_msgs/srv/detail/modify_swarm__rosidl_typesupport_introspection_c.h
[25.700s] -- Symlinking: /home/developer/aerostack2_ws/install/as2_msgs/include/as2_msgs/as2_msgs/srv/detail/package_pick_up__rosidl_typesupport_introspection_c.h
[25.706s] -- Symlinking: /home/developer/aerostack2_ws/install/as2_msgs/include/as2_msgs/as2_msgs/srv/detail/package_un_pick__rosidl_typesupport_introspection_c.h
[25.710s] -- Symlinking: /home/developer/aerostack2_ws/install/as2_msgs/include/as2_msgs/as2_msgs/srv/detail/path_to_geopath__rosidl_typesupport_introspection_c.h
[25.716s] -- Symlinking: /home/developer/aerostack2_ws/install/as2_msgs/include/as2_msgs/as2_msgs/srv/detail/set_control_mode__rosidl_typesupport_introspection_c.h
[25.721s] -- Symlinking: /home/developer/aerostack2_ws/install/as2_msgs/include/as2_msgs/as2_msgs/srv/detail/set_geozone__rosidl_typesupport_introspection_c.h
[25.726s] -- Symlinking: /home/developer/aerostack2_ws/install/as2_msgs/include/as2_msgs/as2_msgs/srv/detail/set_origin__rosidl_typesupport_introspection_c.h
[25.731s] -- Symlinking: /home/developer/aerostack2_ws/install/as2_msgs/include/as2_msgs/as2_msgs/srv/detail/set_platform_state_machine_event__rosidl_typesupport_introspection_c.h
[25.737s] -- Symlinking: /home/developer/aerostack2_ws/install/as2_msgs/include/as2_msgs/as2_msgs/srv/detail/set_speed__rosidl_typesupport_introspection_c.h
[25.742s] -- Symlinking: /home/developer/aerostack2_ws/install/as2_msgs/include/as2_msgs/as2_msgs/action/detail/detect_aruco_markers__builder.hpp
[25.748s] -- Symlinking: /home/developer/aerostack2_ws/install/as2_msgs/include/as2_msgs/as2_msgs/action/detail/detect_aruco_markers__struct.hpp
[25.753s] -- Symlinking: /home/developer/aerostack2_ws/install/as2_msgs/include/as2_msgs/as2_msgs/action/detail/detect_aruco_markers__traits.hpp
[25.758s] -- Symlinking: /home/developer/aerostack2_ws/install/as2_msgs/include/as2_msgs/as2_msgs/action/detail/detect_aruco_markers__type_support.hpp
[25.762s] -- Symlinking: /home/developer/aerostack2_ws/install/as2_msgs/include/as2_msgs/as2_msgs/action/detail/follow_path__builder.hpp
[25.769s] -- Symlinking: /home/developer/aerostack2_ws/install/as2_msgs/include/as2_msgs/as2_msgs/action/detail/follow_path__struct.hpp
[25.773s] -- Symlinking: /home/developer/aerostack2_ws/install/as2_msgs/include/as2_msgs/as2_msgs/action/detail/follow_path__traits.hpp
[25.779s] -- Symlinking: /home/developer/aerostack2_ws/install/as2_msgs/include/as2_msgs/as2_msgs/action/detail/follow_path__type_support.hpp
[25.783s] -- Symlinking: /home/developer/aerostack2_ws/install/as2_msgs/include/as2_msgs/as2_msgs/action/detail/follow_reference__builder.hpp
[25.789s] -- Symlinking: /home/developer/aerostack2_ws/install/as2_msgs/include/as2_msgs/as2_msgs/action/detail/follow_reference__struct.hpp
[25.794s] -- Symlinking: /home/developer/aerostack2_ws/install/as2_msgs/include/as2_msgs/as2_msgs/action/detail/follow_reference__traits.hpp
[25.800s] -- Symlinking: /home/developer/aerostack2_ws/install/as2_msgs/include/as2_msgs/as2_msgs/action/detail/follow_reference__type_support.hpp
[25.806s] -- Symlinking: /home/developer/aerostack2_ws/install/as2_msgs/include/as2_msgs/as2_msgs/action/detail/force_estimation__builder.hpp
[25.811s] -- Symlinking: /home/developer/aerostack2_ws/install/as2_msgs/include/as2_msgs/as2_msgs/action/detail/force_estimation__struct.hpp
[25.815s] -- Symlinking: /home/developer/aerostack2_ws/install/as2_msgs/include/as2_msgs/as2_msgs/action/detail/force_estimation__traits.hpp
[25.819s] -- Symlinking: /home/developer/aerostack2_ws/install/as2_msgs/include/as2_msgs/as2_msgs/action/detail/force_estimation__type_support.hpp
[25.823s] -- Symlinking: /home/developer/aerostack2_ws/install/as2_msgs/include/as2_msgs/as2_msgs/action/detail/generate_polynomial_trajectory__builder.hpp
[25.827s] -- Symlinking: /home/developer/aerostack2_ws/install/as2_msgs/include/as2_msgs/as2_msgs/action/detail/generate_polynomial_trajectory__struct.hpp
[25.831s] -- Symlinking: /home/developer/aerostack2_ws/install/as2_msgs/include/as2_msgs/as2_msgs/action/detail/generate_polynomial_trajectory__traits.hpp
[25.837s] -- Symlinking: /home/developer/aerostack2_ws/install/as2_msgs/include/as2_msgs/as2_msgs/action/detail/generate_polynomial_trajectory__type_support.hpp
[25.843s] -- Symlinking: /home/developer/aerostack2_ws/install/as2_msgs/include/as2_msgs/as2_msgs/action/detail/go_to_waypoint__builder.hpp
[25.848s] -- Symlinking: /home/developer/aerostack2_ws/install/as2_msgs/include/as2_msgs/as2_msgs/action/detail/go_to_waypoint__struct.hpp
[25.852s] -- Symlinking: /home/developer/aerostack2_ws/install/as2_msgs/include/as2_msgs/as2_msgs/action/detail/go_to_waypoint__traits.hpp
[25.858s] -- Symlinking: /home/developer/aerostack2_ws/install/as2_msgs/include/as2_msgs/as2_msgs/action/detail/go_to_waypoint__type_support.hpp
[25.862s] -- Symlinking: /home/developer/aerostack2_ws/install/as2_msgs/include/as2_msgs/as2_msgs/action/detail/gripper_handler__builder.hpp
[25.867s] -- Symlinking: /home/developer/aerostack2_ws/install/as2_msgs/include/as2_msgs/as2_msgs/action/detail/gripper_handler__struct.hpp
[25.872s] -- Symlinking: /home/developer/aerostack2_ws/install/as2_msgs/include/as2_msgs/as2_msgs/action/detail/gripper_handler__traits.hpp
[25.876s] -- Symlinking: /home/developer/aerostack2_ws/install/as2_msgs/include/as2_msgs/as2_msgs/action/detail/gripper_handler__type_support.hpp
[25.880s] -- Symlinking: /home/developer/aerostack2_ws/install/as2_msgs/include/as2_msgs/as2_msgs/action/detail/land__builder.hpp
[25.884s] -- Symlinking: /home/developer/aerostack2_ws/install/as2_msgs/include/as2_msgs/as2_msgs/action/detail/land__struct.hpp
[25.888s] -- Symlinking: /home/developer/aerostack2_ws/install/as2_msgs/include/as2_msgs/as2_msgs/action/detail/land__traits.hpp
[25.892s] -- Symlinking: /home/developer/aerostack2_ws/install/as2_msgs/include/as2_msgs/as2_msgs/action/detail/land__type_support.hpp
[25.895s] -- Symlinking: /home/developer/aerostack2_ws/install/as2_msgs/include/as2_msgs/as2_msgs/action/detail/mass_estimation__builder.hpp
[25.900s] -- Symlinking: /home/developer/aerostack2_ws/install/as2_msgs/include/as2_msgs/as2_msgs/action/detail/mass_estimation__struct.hpp
[25.904s] -- Symlinking: /home/developer/aerostack2_ws/install/as2_msgs/include/as2_msgs/as2_msgs/action/detail/mass_estimation__traits.hpp
[25.908s] -- Symlinking: /home/developer/aerostack2_ws/install/as2_msgs/include/as2_msgs/as2_msgs/action/detail/mass_estimation__type_support.hpp
[25.914s] -- Symlinking: /home/developer/aerostack2_ws/install/as2_msgs/include/as2_msgs/as2_msgs/action/detail/navigate_to_point__builder.hpp
[25.918s] -- Symlinking: /home/developer/aerostack2_ws/install/as2_msgs/include/as2_msgs/as2_msgs/action/detail/navigate_to_point__struct.hpp
[25.922s] -- Symlinking: /home/developer/aerostack2_ws/install/as2_msgs/include/as2_msgs/as2_msgs/action/detail/navigate_to_point__traits.hpp
[25.926s] -- Symlinking: /home/developer/aerostack2_ws/install/as2_msgs/include/as2_msgs/as2_msgs/action/detail/navigate_to_point__type_support.hpp
[25.932s] -- Symlinking: /home/developer/aerostack2_ws/install/as2_msgs/include/as2_msgs/as2_msgs/action/detail/point_gimbal__builder.hpp
[25.936s] -- Symlinking: /home/developer/aerostack2_ws/install/as2_msgs/include/as2_msgs/as2_msgs/action/detail/point_gimbal__struct.hpp
[25.940s] -- Symlinking: /home/developer/aerostack2_ws/install/as2_msgs/include/as2_msgs/as2_msgs/action/detail/point_gimbal__traits.hpp
[25.944s] -- Symlinking: /home/developer/aerostack2_ws/install/as2_msgs/include/as2_msgs/as2_msgs/action/detail/point_gimbal__type_support.hpp
[25.950s] -- Symlinking: /home/developer/aerostack2_ws/install/as2_msgs/include/as2_msgs/as2_msgs/action/detail/precision_landing__builder.hpp
[25.955s] -- Symlinking: /home/developer/aerostack2_ws/install/as2_msgs/include/as2_msgs/as2_msgs/action/detail/precision_landing__struct.hpp
[25.961s] -- Symlinking: /home/developer/aerostack2_ws/install/as2_msgs/include/as2_msgs/as2_msgs/action/detail/precision_landing__traits.hpp
[25.965s] -- Symlinking: /home/developer/aerostack2_ws/install/as2_msgs/include/as2_msgs/as2_msgs/action/detail/precision_landing__type_support.hpp
[25.971s] -- Symlinking: /home/developer/aerostack2_ws/install/as2_msgs/include/as2_msgs/as2_msgs/action/detail/set_arming_state__builder.hpp
[25.975s] -- Symlinking: /home/developer/aerostack2_ws/install/as2_msgs/include/as2_msgs/as2_msgs/action/detail/set_arming_state__struct.hpp
[25.981s] -- Symlinking: /home/developer/aerostack2_ws/install/as2_msgs/include/as2_msgs/as2_msgs/action/detail/set_arming_state__traits.hpp
[25.985s] -- Symlinking: /home/developer/aerostack2_ws/install/as2_msgs/include/as2_msgs/as2_msgs/action/detail/set_arming_state__type_support.hpp
[25.992s] -- Symlinking: /home/developer/aerostack2_ws/install/as2_msgs/include/as2_msgs/as2_msgs/action/detail/set_offboard_mode__builder.hpp
[25.996s] -- Symlinking: /home/developer/aerostack2_ws/install/as2_msgs/include/as2_msgs/as2_msgs/action/detail/set_offboard_mode__struct.hpp
[26.000s] -- Symlinking: /home/developer/aerostack2_ws/install/as2_msgs/include/as2_msgs/as2_msgs/action/detail/set_offboard_mode__traits.hpp
[26.005s] -- Symlinking: /home/developer/aerostack2_ws/install/as2_msgs/include/as2_msgs/as2_msgs/action/detail/set_offboard_mode__type_support.hpp
[26.011s] -- Symlinking: /home/developer/aerostack2_ws/install/as2_msgs/include/as2_msgs/as2_msgs/action/detail/swarm_flocking__builder.hpp
[26.015s] -- Symlinking: /home/developer/aerostack2_ws/install/as2_msgs/include/as2_msgs/as2_msgs/action/detail/swarm_flocking__struct.hpp
[26.020s] -- Symlinking: /home/developer/aerostack2_ws/install/as2_msgs/include/as2_msgs/as2_msgs/action/detail/swarm_flocking__traits.hpp
[26.024s] -- Symlinking: /home/developer/aerostack2_ws/install/as2_msgs/include/as2_msgs/as2_msgs/action/detail/swarm_flocking__type_support.hpp
[26.030s] -- Symlinking: /home/developer/aerostack2_ws/install/as2_msgs/include/as2_msgs/as2_msgs/action/detail/takeoff__builder.hpp
[26.034s] -- Symlinking: /home/developer/aerostack2_ws/install/as2_msgs/include/as2_msgs/as2_msgs/action/detail/takeoff__struct.hpp
[26.038s] -- Symlinking: /home/developer/aerostack2_ws/install/as2_msgs/include/as2_msgs/as2_msgs/action/detail/takeoff__traits.hpp
[26.044s] -- Symlinking: /home/developer/aerostack2_ws/install/as2_msgs/include/as2_msgs/as2_msgs/action/detail/takeoff__type_support.hpp
[26.048s] -- Symlinking: /home/developer/aerostack2_ws/install/as2_msgs/include/as2_msgs/as2_msgs/action/detect_aruco_markers.hpp
[26.054s] -- Symlinking: /home/developer/aerostack2_ws/install/as2_msgs/include/as2_msgs/as2_msgs/action/follow_path.hpp
[26.058s] -- Symlinking: /home/developer/aerostack2_ws/install/as2_msgs/include/as2_msgs/as2_msgs/action/follow_reference.hpp
[26.064s] -- Symlinking: /home/developer/aerostack2_ws/install/as2_msgs/include/as2_msgs/as2_msgs/action/force_estimation.hpp
[26.069s] -- Symlinking: /home/developer/aerostack2_ws/install/as2_msgs/include/as2_msgs/as2_msgs/action/generate_polynomial_trajectory.hpp
[26.073s] -- Symlinking: /home/developer/aerostack2_ws/install/as2_msgs/include/as2_msgs/as2_msgs/action/go_to_waypoint.hpp
[26.077s] -- Symlinking: /home/developer/aerostack2_ws/install/as2_msgs/include/as2_msgs/as2_msgs/action/gripper_handler.hpp
[26.081s] -- Symlinking: /home/developer/aerostack2_ws/install/as2_msgs/include/as2_msgs/as2_msgs/action/land.hpp
[26.086s] -- Symlinking: /home/developer/aerostack2_ws/install/as2_msgs/include/as2_msgs/as2_msgs/action/mass_estimation.hpp
[26.090s] -- Symlinking: /home/developer/aerostack2_ws/install/as2_msgs/include/as2_msgs/as2_msgs/action/navigate_to_point.hpp
[26.096s] -- Symlinking: /home/developer/aerostack2_ws/install/as2_msgs/include/as2_msgs/as2_msgs/action/point_gimbal.hpp
[26.102s] -- Symlinking: /home/developer/aerostack2_ws/install/as2_msgs/include/as2_msgs/as2_msgs/action/precision_landing.hpp
[26.106s] -- Symlinking: /home/developer/aerostack2_ws/install/as2_msgs/include/as2_msgs/as2_msgs/action/set_arming_state.hpp
[26.112s] -- Symlinking: /home/developer/aerostack2_ws/install/as2_msgs/include/as2_msgs/as2_msgs/action/set_offboard_mode.hpp
[26.117s] -- Symlinking: /home/developer/aerostack2_ws/install/as2_msgs/include/as2_msgs/as2_msgs/action/swarm_flocking.hpp
[26.123s] -- Symlinking: /home/developer/aerostack2_ws/install/as2_msgs/include/as2_msgs/as2_msgs/action/takeoff.hpp
[26.127s] -- Symlinking: /home/developer/aerostack2_ws/install/as2_msgs/include/as2_msgs/as2_msgs/msg/acro.hpp
[26.133s] -- Symlinking: /home/developer/aerostack2_ws/install/as2_msgs/include/as2_msgs/as2_msgs/msg/alert_event.hpp
[26.137s] -- Symlinking: /home/developer/aerostack2_ws/install/as2_msgs/include/as2_msgs/as2_msgs/msg/behavior_status.hpp
[26.143s] -- Symlinking: /home/developer/aerostack2_ws/install/as2_msgs/include/as2_msgs/as2_msgs/msg/control_mode.hpp
[26.146s] -- Symlinking: /home/developer/aerostack2_ws/install/as2_msgs/include/as2_msgs/as2_msgs/msg/controller_info.hpp
[26.151s] -- Symlinking: /home/developer/aerostack2_ws/install/as2_msgs/include/as2_msgs/as2_msgs/msg/detail/acro__builder.hpp
[26.157s] -- Symlinking: /home/developer/aerostack2_ws/install/as2_msgs/include/as2_msgs/as2_msgs/msg/detail/acro__struct.hpp
[26.163s] -- Symlinking: /home/developer/aerostack2_ws/install/as2_msgs/include/as2_msgs/as2_msgs/msg/detail/acro__traits.hpp
[26.166s] -- Symlinking: /home/developer/aerostack2_ws/install/as2_msgs/include/as2_msgs/as2_msgs/msg/detail/acro__type_support.hpp
[26.172s] -- Symlinking: /home/developer/aerostack2_ws/install/as2_msgs/include/as2_msgs/as2_msgs/msg/detail/alert_event__builder.hpp
[26.178s] -- Symlinking: /home/developer/aerostack2_ws/install/as2_msgs/include/as2_msgs/as2_msgs/msg/detail/alert_event__struct.hpp
[26.184s] -- Symlinking: /home/developer/aerostack2_ws/install/as2_msgs/include/as2_msgs/as2_msgs/msg/detail/alert_event__traits.hpp
[26.188s] -- Symlinking: /home/developer/aerostack2_ws/install/as2_msgs/include/as2_msgs/as2_msgs/msg/detail/alert_event__type_support.hpp
[26.194s] -- Symlinking: /home/developer/aerostack2_ws/install/as2_msgs/include/as2_msgs/as2_msgs/msg/detail/behavior_status__builder.hpp
[26.198s] -- Symlinking: /home/developer/aerostack2_ws/install/as2_msgs/include/as2_msgs/as2_msgs/msg/detail/behavior_status__struct.hpp
[26.203s] -- Symlinking: /home/developer/aerostack2_ws/install/as2_msgs/include/as2_msgs/as2_msgs/msg/detail/behavior_status__traits.hpp
[26.207s] -- Symlinking: /home/developer/aerostack2_ws/install/as2_msgs/include/as2_msgs/as2_msgs/msg/detail/behavior_status__type_support.hpp
[26.214s] -- Symlinking: /home/developer/aerostack2_ws/install/as2_msgs/include/as2_msgs/as2_msgs/msg/detail/control_mode__builder.hpp
[26.218s] -- Symlinking: /home/developer/aerostack2_ws/install/as2_msgs/include/as2_msgs/as2_msgs/msg/detail/control_mode__struct.hpp
[26.224s] -- Symlinking: /home/developer/aerostack2_ws/install/as2_msgs/include/as2_msgs/as2_msgs/msg/detail/control_mode__traits.hpp
[26.228s] -- Symlinking: /home/developer/aerostack2_ws/install/as2_msgs/include/as2_msgs/as2_msgs/msg/detail/control_mode__type_support.hpp
[26.233s] -- Symlinking: /home/developer/aerostack2_ws/install/as2_msgs/include/as2_msgs/as2_msgs/msg/detail/controller_info__builder.hpp
[26.238s] -- Symlinking: /home/developer/aerostack2_ws/install/as2_msgs/include/as2_msgs/as2_msgs/msg/detail/controller_info__struct.hpp
[26.244s] -- Symlinking: /home/developer/aerostack2_ws/install/as2_msgs/include/as2_msgs/as2_msgs/msg/detail/controller_info__traits.hpp
[26.248s] -- Symlinking: /home/developer/aerostack2_ws/install/as2_msgs/include/as2_msgs/as2_msgs/msg/detail/controller_info__type_support.hpp
[26.253s] -- Symlinking: /home/developer/aerostack2_ws/install/as2_msgs/include/as2_msgs/as2_msgs/msg/detail/follow_target_info__builder.hpp
[26.257s] -- Symlinking: /home/developer/aerostack2_ws/install/as2_msgs/include/as2_msgs/as2_msgs/msg/detail/follow_target_info__struct.hpp
[26.264s] -- Symlinking: /home/developer/aerostack2_ws/install/as2_msgs/include/as2_msgs/as2_msgs/msg/detail/follow_target_info__traits.hpp
[26.268s] -- Symlinking: /home/developer/aerostack2_ws/install/as2_msgs/include/as2_msgs/as2_msgs/msg/detail/follow_target_info__type_support.hpp
[26.274s] -- Symlinking: /home/developer/aerostack2_ws/install/as2_msgs/include/as2_msgs/as2_msgs/msg/detail/geozone__builder.hpp
[26.278s] -- Symlinking: /home/developer/aerostack2_ws/install/as2_msgs/include/as2_msgs/as2_msgs/msg/detail/geozone__struct.hpp
[26.283s] -- Symlinking: /home/developer/aerostack2_ws/install/as2_msgs/include/as2_msgs/as2_msgs/msg/detail/geozone__traits.hpp
[26.288s] -- Symlinking: /home/developer/aerostack2_ws/install/as2_msgs/include/as2_msgs/as2_msgs/msg/detail/geozone__type_support.hpp
[26.294s] -- Symlinking: /home/developer/aerostack2_ws/install/as2_msgs/include/as2_msgs/as2_msgs/msg/detail/gimbal_control__builder.hpp
[26.298s] -- Symlinking: /home/developer/aerostack2_ws/install/as2_msgs/include/as2_msgs/as2_msgs/msg/detail/gimbal_control__struct.hpp
[26.304s] -- Symlinking: /home/developer/aerostack2_ws/install/as2_msgs/include/as2_msgs/as2_msgs/msg/detail/gimbal_control__traits.hpp
[26.307s] -- Symlinking: /home/developer/aerostack2_ws/install/as2_msgs/include/as2_msgs/as2_msgs/msg/detail/gimbal_control__type_support.hpp
[26.313s] -- Symlinking: /home/developer/aerostack2_ws/install/as2_msgs/include/as2_msgs/as2_msgs/msg/detail/mission_event__builder.hpp
[26.318s] -- Symlinking: /home/developer/aerostack2_ws/install/as2_msgs/include/as2_msgs/as2_msgs/msg/detail/mission_event__struct.hpp
[26.323s] -- Symlinking: /home/developer/aerostack2_ws/install/as2_msgs/include/as2_msgs/as2_msgs/msg/detail/mission_event__traits.hpp
[26.329s] -- Symlinking: /home/developer/aerostack2_ws/install/as2_msgs/include/as2_msgs/as2_msgs/msg/detail/mission_event__type_support.hpp
[26.333s] -- Symlinking: /home/developer/aerostack2_ws/install/as2_msgs/include/as2_msgs/as2_msgs/msg/detail/mission_update__builder.hpp
[26.339s] -- Symlinking: /home/developer/aerostack2_ws/install/as2_msgs/include/as2_msgs/as2_msgs/msg/detail/mission_update__struct.hpp
[26.344s] -- Symlinking: /home/developer/aerostack2_ws/install/as2_msgs/include/as2_msgs/as2_msgs/msg/detail/mission_update__traits.hpp
[26.349s] -- Symlinking: /home/developer/aerostack2_ws/install/as2_msgs/include/as2_msgs/as2_msgs/msg/detail/mission_update__type_support.hpp
[26.354s] -- Symlinking: /home/developer/aerostack2_ws/install/as2_msgs/include/as2_msgs/as2_msgs/msg/detail/node_status__builder.hpp
[26.359s] -- Symlinking: /home/developer/aerostack2_ws/install/as2_msgs/include/as2_msgs/as2_msgs/msg/detail/node_status__struct.hpp
[26.364s] -- Symlinking: /home/developer/aerostack2_ws/install/as2_msgs/include/as2_msgs/as2_msgs/msg/detail/node_status__traits.hpp
[26.368s] -- Symlinking: /home/developer/aerostack2_ws/install/as2_msgs/include/as2_msgs/as2_msgs/msg/detail/node_status__type_support.hpp
[26.375s] -- Symlinking: /home/developer/aerostack2_ws/install/as2_msgs/include/as2_msgs/as2_msgs/msg/detail/platform_info__builder.hpp
[26.379s] -- Symlinking: /home/developer/aerostack2_ws/install/as2_msgs/include/as2_msgs/as2_msgs/msg/detail/platform_info__struct.hpp
[26.385s] -- Symlinking: /home/developer/aerostack2_ws/install/as2_msgs/include/as2_msgs/as2_msgs/msg/detail/platform_info__traits.hpp
[26.389s] -- Symlinking: /home/developer/aerostack2_ws/install/as2_msgs/include/as2_msgs/as2_msgs/msg/detail/platform_info__type_support.hpp
[26.395s] -- Symlinking: /home/developer/aerostack2_ws/install/as2_msgs/include/as2_msgs/as2_msgs/msg/detail/platform_state_machine_event__builder.hpp
[26.400s] -- Symlinking: /home/developer/aerostack2_ws/install/as2_msgs/include/as2_msgs/as2_msgs/msg/detail/platform_state_machine_event__struct.hpp
[26.405s] -- Symlinking: /home/developer/aerostack2_ws/install/as2_msgs/include/as2_msgs/as2_msgs/msg/detail/platform_state_machine_event__traits.hpp
[26.410s] -- Symlinking: /home/developer/aerostack2_ws/install/as2_msgs/include/as2_msgs/as2_msgs/msg/detail/platform_state_machine_event__type_support.hpp
[26.414s] -- Symlinking: /home/developer/aerostack2_ws/install/as2_msgs/include/as2_msgs/as2_msgs/msg/detail/platform_status__builder.hpp
[26.418s] -- Symlinking: /home/developer/aerostack2_ws/install/as2_msgs/include/as2_msgs/as2_msgs/msg/detail/platform_status__struct.hpp
[26.425s] -- Symlinking: /home/developer/aerostack2_ws/install/as2_msgs/include/as2_msgs/as2_msgs/msg/detail/platform_status__traits.hpp
[26.429s] -- Symlinking: /home/developer/aerostack2_ws/install/as2_msgs/include/as2_msgs/as2_msgs/msg/detail/platform_status__type_support.hpp
[26.435s] -- Symlinking: /home/developer/aerostack2_ws/install/as2_msgs/include/as2_msgs/as2_msgs/msg/detail/polygon_list__builder.hpp
[26.440s] -- Symlinking: /home/developer/aerostack2_ws/install/as2_msgs/include/as2_msgs/as2_msgs/msg/detail/polygon_list__struct.hpp
[26.446s] -- Symlinking: /home/developer/aerostack2_ws/install/as2_msgs/include/as2_msgs/as2_msgs/msg/detail/polygon_list__traits.hpp
[26.451s] -- Symlinking: /home/developer/aerostack2_ws/install/as2_msgs/include/as2_msgs/as2_msgs/msg/detail/polygon_list__type_support.hpp
[26.457s] -- Symlinking: /home/developer/aerostack2_ws/install/as2_msgs/include/as2_msgs/as2_msgs/msg/detail/pose_stamped_with_id__builder.hpp
[26.462s] -- Symlinking: /home/developer/aerostack2_ws/install/as2_msgs/include/as2_msgs/as2_msgs/msg/detail/pose_stamped_with_id__struct.hpp
[26.467s] -- Symlinking: /home/developer/aerostack2_ws/install/as2_msgs/include/as2_msgs/as2_msgs/msg/detail/pose_stamped_with_id__traits.hpp
[26.471s] -- Symlinking: /home/developer/aerostack2_ws/install/as2_msgs/include/as2_msgs/as2_msgs/msg/detail/pose_stamped_with_id__type_support.hpp
[26.478s] -- Symlinking: /home/developer/aerostack2_ws/install/as2_msgs/include/as2_msgs/as2_msgs/msg/detail/pose_stamped_with_id_array__builder.hpp
[26.483s] -- Symlinking: /home/developer/aerostack2_ws/install/as2_msgs/include/as2_msgs/as2_msgs/msg/detail/pose_stamped_with_id_array__struct.hpp
[26.488s] -- Symlinking: /home/developer/aerostack2_ws/install/as2_msgs/include/as2_msgs/as2_msgs/msg/detail/pose_stamped_with_id_array__traits.hpp
[26.493s] -- Symlinking: /home/developer/aerostack2_ws/install/as2_msgs/include/as2_msgs/as2_msgs/msg/detail/pose_stamped_with_id_array__type_support.hpp
[26.498s] -- Symlinking: /home/developer/aerostack2_ws/install/as2_msgs/include/as2_msgs/as2_msgs/msg/detail/pose_with_id__builder.hpp
[26.502s] -- Symlinking: /home/developer/aerostack2_ws/install/as2_msgs/include/as2_msgs/as2_msgs/msg/detail/pose_with_id__struct.hpp
[26.507s] -- Symlinking: /home/developer/aerostack2_ws/install/as2_msgs/include/as2_msgs/as2_msgs/msg/detail/pose_with_id__traits.hpp
[26.514s] -- Symlinking: /home/developer/aerostack2_ws/install/as2_msgs/include/as2_msgs/as2_msgs/msg/detail/pose_with_id__type_support.hpp
[26.517s] -- Symlinking: /home/developer/aerostack2_ws/install/as2_msgs/include/as2_msgs/as2_msgs/msg/detail/pose_with_id_array__builder.hpp
[26.521s] -- Symlinking: /home/developer/aerostack2_ws/install/as2_msgs/include/as2_msgs/as2_msgs/msg/detail/pose_with_id_array__struct.hpp
[26.527s] -- Symlinking: /home/developer/aerostack2_ws/install/as2_msgs/include/as2_msgs/as2_msgs/msg/detail/pose_with_id_array__traits.hpp
[26.533s] -- Symlinking: /home/developer/aerostack2_ws/install/as2_msgs/include/as2_msgs/as2_msgs/msg/detail/pose_with_id_array__type_support.hpp
[26.538s] -- Symlinking: /home/developer/aerostack2_ws/install/as2_msgs/include/as2_msgs/as2_msgs/msg/detail/speed__builder.hpp
[26.544s] -- Symlinking: /home/developer/aerostack2_ws/install/as2_msgs/include/as2_msgs/as2_msgs/msg/detail/speed__struct.hpp
[26.550s] -- Symlinking: /home/developer/aerostack2_ws/install/as2_msgs/include/as2_msgs/as2_msgs/msg/detail/speed__traits.hpp
[26.554s] -- Symlinking: /home/developer/aerostack2_ws/install/as2_msgs/include/as2_msgs/as2_msgs/msg/detail/speed__type_support.hpp
[26.559s] -- Symlinking: /home/developer/aerostack2_ws/install/as2_msgs/include/as2_msgs/as2_msgs/msg/detail/thrust__builder.hpp
[26.564s] -- Symlinking: /home/developer/aerostack2_ws/install/as2_msgs/include/as2_msgs/as2_msgs/msg/detail/thrust__struct.hpp
[26.569s] -- Symlinking: /home/developer/aerostack2_ws/install/as2_msgs/include/as2_msgs/as2_msgs/msg/detail/thrust__traits.hpp
[26.573s] -- Symlinking: /home/developer/aerostack2_ws/install/as2_msgs/include/as2_msgs/as2_msgs/msg/detail/thrust__type_support.hpp
[26.579s] -- Symlinking: /home/developer/aerostack2_ws/install/as2_msgs/include/as2_msgs/as2_msgs/msg/detail/traj_gen_info__builder.hpp
[26.585s] -- Symlinking: /home/developer/aerostack2_ws/install/as2_msgs/include/as2_msgs/as2_msgs/msg/detail/traj_gen_info__struct.hpp
[26.591s] -- Symlinking: /home/developer/aerostack2_ws/install/as2_msgs/include/as2_msgs/as2_msgs/msg/detail/traj_gen_info__traits.hpp
[26.595s] -- Symlinking: /home/developer/aerostack2_ws/install/as2_msgs/include/as2_msgs/as2_msgs/msg/detail/traj_gen_info__type_support.hpp
[26.600s] -- Symlinking: /home/developer/aerostack2_ws/install/as2_msgs/include/as2_msgs/as2_msgs/msg/detail/trajectory_point__builder.hpp
[26.605s] -- Symlinking: /home/developer/aerostack2_ws/install/as2_msgs/include/as2_msgs/as2_msgs/msg/detail/trajectory_point__struct.hpp
[26.609s] -- Symlinking: /home/developer/aerostack2_ws/install/as2_msgs/include/as2_msgs/as2_msgs/msg/detail/trajectory_point__traits.hpp
[26.616s] -- Symlinking: /home/developer/aerostack2_ws/install/as2_msgs/include/as2_msgs/as2_msgs/msg/detail/trajectory_point__type_support.hpp
[26.620s] -- Symlinking: /home/developer/aerostack2_ws/install/as2_msgs/include/as2_msgs/as2_msgs/msg/detail/trajectory_setpoints__builder.hpp
[26.624s] -- Symlinking: /home/developer/aerostack2_ws/install/as2_msgs/include/as2_msgs/as2_msgs/msg/detail/trajectory_setpoints__struct.hpp
[26.628s] -- Symlinking: /home/developer/aerostack2_ws/install/as2_msgs/include/as2_msgs/as2_msgs/msg/detail/trajectory_setpoints__traits.hpp
[26.632s] -- Symlinking: /home/developer/aerostack2_ws/install/as2_msgs/include/as2_msgs/as2_msgs/msg/detail/trajectory_setpoints__type_support.hpp
[26.636s] -- Symlinking: /home/developer/aerostack2_ws/install/as2_msgs/include/as2_msgs/as2_msgs/msg/detail/u_int16_multi_array_stamped__builder.hpp
[26.640s] -- Symlinking: /home/developer/aerostack2_ws/install/as2_msgs/include/as2_msgs/as2_msgs/msg/detail/u_int16_multi_array_stamped__struct.hpp
[26.646s] -- Symlinking: /home/developer/aerostack2_ws/install/as2_msgs/include/as2_msgs/as2_msgs/msg/detail/u_int16_multi_array_stamped__traits.hpp
[26.651s] -- Symlinking: /home/developer/aerostack2_ws/install/as2_msgs/include/as2_msgs/as2_msgs/msg/detail/u_int16_multi_array_stamped__type_support.hpp
[26.656s] -- Symlinking: /home/developer/aerostack2_ws/install/as2_msgs/include/as2_msgs/as2_msgs/msg/detail/yaw_mode__builder.hpp
[26.661s] -- Symlinking: /home/developer/aerostack2_ws/install/as2_msgs/include/as2_msgs/as2_msgs/msg/detail/yaw_mode__struct.hpp
[26.668s] -- Symlinking: /home/developer/aerostack2_ws/install/as2_msgs/include/as2_msgs/as2_msgs/msg/detail/yaw_mode__traits.hpp
[26.673s] -- Symlinking: /home/developer/aerostack2_ws/install/as2_msgs/include/as2_msgs/as2_msgs/msg/detail/yaw_mode__type_support.hpp
[26.677s] -- Symlinking: /home/developer/aerostack2_ws/install/as2_msgs/include/as2_msgs/as2_msgs/msg/follow_target_info.hpp
[26.681s] -- Symlinking: /home/developer/aerostack2_ws/install/as2_msgs/include/as2_msgs/as2_msgs/msg/geozone.hpp
[26.687s] -- Symlinking: /home/developer/aerostack2_ws/install/as2_msgs/include/as2_msgs/as2_msgs/msg/gimbal_control.hpp
[26.692s] -- Symlinking: /home/developer/aerostack2_ws/install/as2_msgs/include/as2_msgs/as2_msgs/msg/mission_event.hpp
[26.696s] -- Symlinking: /home/developer/aerostack2_ws/install/as2_msgs/include/as2_msgs/as2_msgs/msg/mission_update.hpp
[26.702s] -- Symlinking: /home/developer/aerostack2_ws/install/as2_msgs/include/as2_msgs/as2_msgs/msg/node_status.hpp
[26.707s] -- Symlinking: /home/developer/aerostack2_ws/install/as2_msgs/include/as2_msgs/as2_msgs/msg/platform_info.hpp
[26.711s] -- Symlinking: /home/developer/aerostack2_ws/install/as2_msgs/include/as2_msgs/as2_msgs/msg/platform_state_machine_event.hpp
[26.716s] -- Symlinking: /home/developer/aerostack2_ws/install/as2_msgs/include/as2_msgs/as2_msgs/msg/platform_status.hpp
[26.721s] -- Symlinking: /home/developer/aerostack2_ws/install/as2_msgs/include/as2_msgs/as2_msgs/msg/polygon_list.hpp
[26.725s] -- Symlinking: /home/developer/aerostack2_ws/install/as2_msgs/include/as2_msgs/as2_msgs/msg/pose_stamped_with_id.hpp
[26.730s] -- Symlinking: /home/developer/aerostack2_ws/install/as2_msgs/include/as2_msgs/as2_msgs/msg/pose_stamped_with_id_array.hpp
[26.735s] -- Symlinking: /home/developer/aerostack2_ws/install/as2_msgs/include/as2_msgs/as2_msgs/msg/pose_with_id.hpp
[26.739s] -- Symlinking: /home/developer/aerostack2_ws/install/as2_msgs/include/as2_msgs/as2_msgs/msg/pose_with_id_array.hpp
[26.744s] -- Symlinking: /home/developer/aerostack2_ws/install/as2_msgs/include/as2_msgs/as2_msgs/msg/rosidl_generator_cpp__visibility_control.hpp
[26.748s] -- Symlinking: /home/developer/aerostack2_ws/install/as2_msgs/include/as2_msgs/as2_msgs/msg/speed.hpp
[26.752s] -- Symlinking: /home/developer/aerostack2_ws/install/as2_msgs/include/as2_msgs/as2_msgs/msg/thrust.hpp
[26.757s] -- Symlinking: /home/developer/aerostack2_ws/install/as2_msgs/include/as2_msgs/as2_msgs/msg/traj_gen_info.hpp
[26.761s] -- Symlinking: /home/developer/aerostack2_ws/install/as2_msgs/include/as2_msgs/as2_msgs/msg/trajectory_point.hpp
[26.768s] -- Symlinking: /home/developer/aerostack2_ws/install/as2_msgs/include/as2_msgs/as2_msgs/msg/trajectory_setpoints.hpp
[26.773s] -- Symlinking: /home/developer/aerostack2_ws/install/as2_msgs/include/as2_msgs/as2_msgs/msg/u_int16_multi_array_stamped.hpp
[26.777s] -- Symlinking: /home/developer/aerostack2_ws/install/as2_msgs/include/as2_msgs/as2_msgs/msg/yaw_mode.hpp
[26.782s] -- Symlinking: /home/developer/aerostack2_ws/install/as2_msgs/include/as2_msgs/as2_msgs/srv/add_static_transform.hpp
[26.785s] -- Symlinking: /home/developer/aerostack2_ws/install/as2_msgs/include/as2_msgs/as2_msgs/srv/add_static_transform_gps.hpp
[26.790s] -- Symlinking: /home/developer/aerostack2_ws/install/as2_msgs/include/as2_msgs/as2_msgs/srv/detail/add_static_transform__builder.hpp
[26.795s] -- Symlinking: /home/developer/aerostack2_ws/install/as2_msgs/include/as2_msgs/as2_msgs/srv/detail/add_static_transform__struct.hpp
[26.800s] -- Symlinking: /home/developer/aerostack2_ws/install/as2_msgs/include/as2_msgs/as2_msgs/srv/detail/add_static_transform__traits.hpp
[26.805s] -- Symlinking: /home/developer/aerostack2_ws/install/as2_msgs/include/as2_msgs/as2_msgs/srv/detail/add_static_transform__type_support.hpp
[26.810s] -- Symlinking: /home/developer/aerostack2_ws/install/as2_msgs/include/as2_msgs/as2_msgs/srv/detail/add_static_transform_gps__builder.hpp
[26.816s] -- Symlinking: /home/developer/aerostack2_ws/install/as2_msgs/include/as2_msgs/as2_msgs/srv/detail/add_static_transform_gps__struct.hpp
[26.820s] -- Symlinking: /home/developer/aerostack2_ws/install/as2_msgs/include/as2_msgs/as2_msgs/srv/detail/add_static_transform_gps__traits.hpp
[26.824s] -- Symlinking: /home/developer/aerostack2_ws/install/as2_msgs/include/as2_msgs/as2_msgs/srv/detail/add_static_transform_gps__type_support.hpp
[26.829s] -- Symlinking: /home/developer/aerostack2_ws/install/as2_msgs/include/as2_msgs/as2_msgs/srv/detail/dynamic_follower__builder.hpp
[26.836s] -- Symlinking: /home/developer/aerostack2_ws/install/as2_msgs/include/as2_msgs/as2_msgs/srv/detail/dynamic_follower__struct.hpp
[26.841s] -- Symlinking: /home/developer/aerostack2_ws/install/as2_msgs/include/as2_msgs/as2_msgs/srv/detail/dynamic_follower__traits.hpp
[26.845s] -- Symlinking: /home/developer/aerostack2_ws/install/as2_msgs/include/as2_msgs/as2_msgs/srv/detail/dynamic_follower__type_support.hpp
[26.850s] -- Symlinking: /home/developer/aerostack2_ws/install/as2_msgs/include/as2_msgs/as2_msgs/srv/detail/dynamic_land__builder.hpp
[26.857s] -- Symlinking: /home/developer/aerostack2_ws/install/as2_msgs/include/as2_msgs/as2_msgs/srv/detail/dynamic_land__struct.hpp
[26.863s] -- Symlinking: /home/developer/aerostack2_ws/install/as2_msgs/include/as2_msgs/as2_msgs/srv/detail/dynamic_land__traits.hpp
[26.869s] -- Symlinking: /home/developer/aerostack2_ws/install/as2_msgs/include/as2_msgs/as2_msgs/srv/detail/dynamic_land__type_support.hpp
[26.874s] -- Symlinking: /home/developer/aerostack2_ws/install/as2_msgs/include/as2_msgs/as2_msgs/srv/detail/geopath_to_path__builder.hpp
[26.879s] -- Symlinking: /home/developer/aerostack2_ws/install/as2_msgs/include/as2_msgs/as2_msgs/srv/detail/geopath_to_path__struct.hpp
[26.884s] -- Symlinking: /home/developer/aerostack2_ws/install/as2_msgs/include/as2_msgs/as2_msgs/srv/detail/geopath_to_path__traits.hpp
[26.888s] -- Symlinking: /home/developer/aerostack2_ws/install/as2_msgs/include/as2_msgs/as2_msgs/srv/detail/geopath_to_path__type_support.hpp
[26.892s] -- Symlinking: /home/developer/aerostack2_ws/install/as2_msgs/include/as2_msgs/as2_msgs/srv/detail/get_geozone__builder.hpp
[26.897s] -- Symlinking: /home/developer/aerostack2_ws/install/as2_msgs/include/as2_msgs/as2_msgs/srv/detail/get_geozone__struct.hpp
[26.902s] -- Symlinking: /home/developer/aerostack2_ws/install/as2_msgs/include/as2_msgs/as2_msgs/srv/detail/get_geozone__traits.hpp
[26.907s] -- Symlinking: /home/developer/aerostack2_ws/install/as2_msgs/include/as2_msgs/as2_msgs/srv/detail/get_geozone__type_support.hpp
[26.911s] -- Symlinking: /home/developer/aerostack2_ws/install/as2_msgs/include/as2_msgs/as2_msgs/srv/detail/get_origin__builder.hpp
[26.915s] -- Symlinking: /home/developer/aerostack2_ws/install/as2_msgs/include/as2_msgs/as2_msgs/srv/detail/get_origin__struct.hpp
[26.921s] -- Symlinking: /home/developer/aerostack2_ws/install/as2_msgs/include/as2_msgs/as2_msgs/srv/detail/get_origin__traits.hpp
[26.926s] -- Symlinking: /home/developer/aerostack2_ws/install/as2_msgs/include/as2_msgs/as2_msgs/srv/detail/get_origin__type_support.hpp
[26.932s] -- Symlinking: /home/developer/aerostack2_ws/install/as2_msgs/include/as2_msgs/as2_msgs/srv/detail/list_control_modes__builder.hpp
[26.936s] -- Symlinking: /home/developer/aerostack2_ws/install/as2_msgs/include/as2_msgs/as2_msgs/srv/detail/list_control_modes__struct.hpp
[26.940s] -- Symlinking: /home/developer/aerostack2_ws/install/as2_msgs/include/as2_msgs/as2_msgs/srv/detail/list_control_modes__traits.hpp
[26.944s] -- Symlinking: /home/developer/aerostack2_ws/install/as2_msgs/include/as2_msgs/as2_msgs/srv/detail/list_control_modes__type_support.hpp
[26.949s] -- Symlinking: /home/developer/aerostack2_ws/install/as2_msgs/include/as2_msgs/as2_msgs/srv/detail/modify_swarm__builder.hpp
[26.955s] -- Symlinking: /home/developer/aerostack2_ws/install/as2_msgs/include/as2_msgs/as2_msgs/srv/detail/modify_swarm__struct.hpp
[26.960s] -- Symlinking: /home/developer/aerostack2_ws/install/as2_msgs/include/as2_msgs/as2_msgs/srv/detail/modify_swarm__traits.hpp
[26.964s] -- Symlinking: /home/developer/aerostack2_ws/install/as2_msgs/include/as2_msgs/as2_msgs/srv/detail/modify_swarm__type_support.hpp
[26.968s] -- Symlinking: /home/developer/aerostack2_ws/install/as2_msgs/include/as2_msgs/as2_msgs/srv/detail/package_pick_up__builder.hpp
[26.973s] -- Symlinking: /home/developer/aerostack2_ws/install/as2_msgs/include/as2_msgs/as2_msgs/srv/detail/package_pick_up__struct.hpp
[26.979s] -- Symlinking: /home/developer/aerostack2_ws/install/as2_msgs/include/as2_msgs/as2_msgs/srv/detail/package_pick_up__traits.hpp
[26.984s] -- Symlinking: /home/developer/aerostack2_ws/install/as2_msgs/include/as2_msgs/as2_msgs/srv/detail/package_pick_up__type_support.hpp
[26.989s] -- Symlinking: /home/developer/aerostack2_ws/install/as2_msgs/include/as2_msgs/as2_msgs/srv/detail/package_un_pick__builder.hpp
[26.993s] -- Symlinking: /home/developer/aerostack2_ws/install/as2_msgs/include/as2_msgs/as2_msgs/srv/detail/package_un_pick__struct.hpp
[26.999s] -- Symlinking: /home/developer/aerostack2_ws/install/as2_msgs/include/as2_msgs/as2_msgs/srv/detail/package_un_pick__traits.hpp
[27.004s] -- Symlinking: /home/developer/aerostack2_ws/install/as2_msgs/include/as2_msgs/as2_msgs/srv/detail/package_un_pick__type_support.hpp
[27.008s] -- Symlinking: /home/developer/aerostack2_ws/install/as2_msgs/include/as2_msgs/as2_msgs/srv/detail/path_to_geopath__builder.hpp
[27.014s] -- Symlinking: /home/developer/aerostack2_ws/install/as2_msgs/include/as2_msgs/as2_msgs/srv/detail/path_to_geopath__struct.hpp
[27.020s] -- Symlinking: /home/developer/aerostack2_ws/install/as2_msgs/include/as2_msgs/as2_msgs/srv/detail/path_to_geopath__traits.hpp
[27.024s] -- Symlinking: /home/developer/aerostack2_ws/install/as2_msgs/include/as2_msgs/as2_msgs/srv/detail/path_to_geopath__type_support.hpp
[27.028s] -- Symlinking: /home/developer/aerostack2_ws/install/as2_msgs/include/as2_msgs/as2_msgs/srv/detail/set_control_mode__builder.hpp
[27.032s] -- Symlinking: /home/developer/aerostack2_ws/install/as2_msgs/include/as2_msgs/as2_msgs/srv/detail/set_control_mode__struct.hpp
[27.036s] -- Symlinking: /home/developer/aerostack2_ws/install/as2_msgs/include/as2_msgs/as2_msgs/srv/detail/set_control_mode__traits.hpp
[27.043s] -- Symlinking: /home/developer/aerostack2_ws/install/as2_msgs/include/as2_msgs/as2_msgs/srv/detail/set_control_mode__type_support.hpp
[27.047s] -- Symlinking: /home/developer/aerostack2_ws/install/as2_msgs/include/as2_msgs/as2_msgs/srv/detail/set_geozone__builder.hpp
[27.054s] -- Symlinking: /home/developer/aerostack2_ws/install/as2_msgs/include/as2_msgs/as2_msgs/srv/detail/set_geozone__struct.hpp
[27.058s] -- Symlinking: /home/developer/aerostack2_ws/install/as2_msgs/include/as2_msgs/as2_msgs/srv/detail/set_geozone__traits.hpp
[27.065s] -- Symlinking: /home/developer/aerostack2_ws/install/as2_msgs/include/as2_msgs/as2_msgs/srv/detail/set_geozone__type_support.hpp
[27.071s] -- Symlinking: /home/developer/aerostack2_ws/install/as2_msgs/include/as2_msgs/as2_msgs/srv/detail/set_origin__builder.hpp
[27.076s] -- Symlinking: /home/developer/aerostack2_ws/install/as2_msgs/include/as2_msgs/as2_msgs/srv/detail/set_origin__struct.hpp
[27.080s] -- Symlinking: /home/developer/aerostack2_ws/install/as2_msgs/include/as2_msgs/as2_msgs/srv/detail/set_origin__traits.hpp
[27.085s] -- Symlinking: /home/developer/aerostack2_ws/install/as2_msgs/include/as2_msgs/as2_msgs/srv/detail/set_origin__type_support.hpp
[27.089s] -- Symlinking: /home/developer/aerostack2_ws/install/as2_msgs/include/as2_msgs/as2_msgs/srv/detail/set_platform_state_machine_event__builder.hpp
[27.094s] -- Symlinking: /home/developer/aerostack2_ws/install/as2_msgs/include/as2_msgs/as2_msgs/srv/detail/set_platform_state_machine_event__struct.hpp
[27.098s] -- Symlinking: /home/developer/aerostack2_ws/install/as2_msgs/include/as2_msgs/as2_msgs/srv/detail/set_platform_state_machine_event__traits.hpp
[27.103s] -- Symlinking: /home/developer/aerostack2_ws/install/as2_msgs/include/as2_msgs/as2_msgs/srv/detail/set_platform_state_machine_event__type_support.hpp
[27.108s] -- Symlinking: /home/developer/aerostack2_ws/install/as2_msgs/include/as2_msgs/as2_msgs/srv/detail/set_speed__builder.hpp
[27.113s] -- Symlinking: /home/developer/aerostack2_ws/install/as2_msgs/include/as2_msgs/as2_msgs/srv/detail/set_speed__struct.hpp
[27.118s] -- Symlinking: /home/developer/aerostack2_ws/install/as2_msgs/include/as2_msgs/as2_msgs/srv/detail/set_speed__traits.hpp
[27.122s] -- Symlinking: /home/developer/aerostack2_ws/install/as2_msgs/include/as2_msgs/as2_msgs/srv/detail/set_speed__type_support.hpp
[27.127s] -- Symlinking: /home/developer/aerostack2_ws/install/as2_msgs/include/as2_msgs/as2_msgs/srv/dynamic_follower.hpp
[27.134s] -- Symlinking: /home/developer/aerostack2_ws/install/as2_msgs/include/as2_msgs/as2_msgs/srv/dynamic_land.hpp
[27.137s] -- Symlinking: /home/developer/aerostack2_ws/install/as2_msgs/include/as2_msgs/as2_msgs/srv/geopath_to_path.hpp
[27.144s] -- Symlinking: /home/developer/aerostack2_ws/install/as2_msgs/include/as2_msgs/as2_msgs/srv/get_geozone.hpp
[27.148s] -- Symlinking: /home/developer/aerostack2_ws/install/as2_msgs/include/as2_msgs/as2_msgs/srv/get_origin.hpp
[27.154s] -- Symlinking: /home/developer/aerostack2_ws/install/as2_msgs/include/as2_msgs/as2_msgs/srv/list_control_modes.hpp
[27.158s] -- Symlinking: /home/developer/aerostack2_ws/install/as2_msgs/include/as2_msgs/as2_msgs/srv/modify_swarm.hpp
[27.164s] -- Symlinking: /home/developer/aerostack2_ws/install/as2_msgs/include/as2_msgs/as2_msgs/srv/package_pick_up.hpp
[27.168s] -- Symlinking: /home/developer/aerostack2_ws/install/as2_msgs/include/as2_msgs/as2_msgs/srv/package_un_pick.hpp
[27.174s] -- Symlinking: /home/developer/aerostack2_ws/install/as2_msgs/include/as2_msgs/as2_msgs/srv/path_to_geopath.hpp
[27.178s] -- Symlinking: /home/developer/aerostack2_ws/install/as2_msgs/include/as2_msgs/as2_msgs/srv/set_control_mode.hpp
[27.184s] -- Symlinking: /home/developer/aerostack2_ws/install/as2_msgs/include/as2_msgs/as2_msgs/srv/set_geozone.hpp
[27.188s] -- Symlinking: /home/developer/aerostack2_ws/install/as2_msgs/include/as2_msgs/as2_msgs/srv/set_origin.hpp
[27.194s] -- Symlinking: /home/developer/aerostack2_ws/install/as2_msgs/include/as2_msgs/as2_msgs/srv/set_platform_state_machine_event.hpp
[27.200s] -- Symlinking: /home/developer/aerostack2_ws/install/as2_msgs/include/as2_msgs/as2_msgs/srv/set_speed.hpp
[27.207s] -- Symlinking: /home/developer/aerostack2_ws/install/as2_msgs/include/as2_msgs/as2_msgs/action/detail/detect_aruco_markers__rosidl_typesupport_fastrtps_cpp.hpp
[27.211s] -- Symlinking: /home/developer/aerostack2_ws/install/as2_msgs/include/as2_msgs/as2_msgs/action/detail/follow_path__rosidl_typesupport_fastrtps_cpp.hpp
[27.217s] -- Symlinking: /home/developer/aerostack2_ws/install/as2_msgs/include/as2_msgs/as2_msgs/action/detail/follow_reference__rosidl_typesupport_fastrtps_cpp.hpp
[27.221s] -- Symlinking: /home/developer/aerostack2_ws/install/as2_msgs/include/as2_msgs/as2_msgs/action/detail/force_estimation__rosidl_typesupport_fastrtps_cpp.hpp
[27.227s] -- Symlinking: /home/developer/aerostack2_ws/install/as2_msgs/include/as2_msgs/as2_msgs/action/detail/generate_polynomial_trajectory__rosidl_typesupport_fastrtps_cpp.hpp
[27.231s] -- Symlinking: /home/developer/aerostack2_ws/install/as2_msgs/include/as2_msgs/as2_msgs/action/detail/go_to_waypoint__rosidl_typesupport_fastrtps_cpp.hpp
[27.237s] -- Symlinking: /home/developer/aerostack2_ws/install/as2_msgs/include/as2_msgs/as2_msgs/action/detail/gripper_handler__rosidl_typesupport_fastrtps_cpp.hpp
[27.243s] -- Symlinking: /home/developer/aerostack2_ws/install/as2_msgs/include/as2_msgs/as2_msgs/action/detail/land__rosidl_typesupport_fastrtps_cpp.hpp
[27.248s] -- Symlinking: /home/developer/aerostack2_ws/install/as2_msgs/include/as2_msgs/as2_msgs/action/detail/mass_estimation__rosidl_typesupport_fastrtps_cpp.hpp
[27.254s] -- Symlinking: /home/developer/aerostack2_ws/install/as2_msgs/include/as2_msgs/as2_msgs/action/detail/navigate_to_point__rosidl_typesupport_fastrtps_cpp.hpp
[27.258s] -- Symlinking: /home/developer/aerostack2_ws/install/as2_msgs/include/as2_msgs/as2_msgs/action/detail/point_gimbal__rosidl_typesupport_fastrtps_cpp.hpp
[27.263s] -- Symlinking: /home/developer/aerostack2_ws/install/as2_msgs/include/as2_msgs/as2_msgs/action/detail/precision_landing__rosidl_typesupport_fastrtps_cpp.hpp
[27.269s] -- Symlinking: /home/developer/aerostack2_ws/install/as2_msgs/include/as2_msgs/as2_msgs/action/detail/set_arming_state__rosidl_typesupport_fastrtps_cpp.hpp
[27.274s] -- Symlinking: /home/developer/aerostack2_ws/install/as2_msgs/include/as2_msgs/as2_msgs/action/detail/set_offboard_mode__rosidl_typesupport_fastrtps_cpp.hpp
[27.278s] -- Symlinking: /home/developer/aerostack2_ws/install/as2_msgs/include/as2_msgs/as2_msgs/action/detail/swarm_flocking__rosidl_typesupport_fastrtps_cpp.hpp
[27.283s] -- Symlinking: /home/developer/aerostack2_ws/install/as2_msgs/include/as2_msgs/as2_msgs/action/detail/takeoff__rosidl_typesupport_fastrtps_cpp.hpp
[27.288s] -- Symlinking: /home/developer/aerostack2_ws/install/as2_msgs/include/as2_msgs/as2_msgs/msg/detail/acro__rosidl_typesupport_fastrtps_cpp.hpp
[27.296s] -- Symlinking: /home/developer/aerostack2_ws/install/as2_msgs/include/as2_msgs/as2_msgs/msg/detail/alert_event__rosidl_typesupport_fastrtps_cpp.hpp
[27.300s] -- Symlinking: /home/developer/aerostack2_ws/install/as2_msgs/include/as2_msgs/as2_msgs/msg/detail/behavior_status__rosidl_typesupport_fastrtps_cpp.hpp
[27.306s] -- Symlinking: /home/developer/aerostack2_ws/install/as2_msgs/include/as2_msgs/as2_msgs/msg/detail/control_mode__rosidl_typesupport_fastrtps_cpp.hpp
[27.310s] -- Symlinking: /home/developer/aerostack2_ws/install/as2_msgs/include/as2_msgs/as2_msgs/msg/detail/controller_info__rosidl_typesupport_fastrtps_cpp.hpp
[27.316s] -- Symlinking: /home/developer/aerostack2_ws/install/as2_msgs/include/as2_msgs/as2_msgs/msg/detail/follow_target_info__rosidl_typesupport_fastrtps_cpp.hpp
[27.320s] -- Symlinking: /home/developer/aerostack2_ws/install/as2_msgs/include/as2_msgs/as2_msgs/msg/detail/geozone__rosidl_typesupport_fastrtps_cpp.hpp
[27.326s] -- Symlinking: /home/developer/aerostack2_ws/install/as2_msgs/include/as2_msgs/as2_msgs/msg/detail/gimbal_control__rosidl_typesupport_fastrtps_cpp.hpp
[27.330s] -- Symlinking: /home/developer/aerostack2_ws/install/as2_msgs/include/as2_msgs/as2_msgs/msg/detail/mission_event__rosidl_typesupport_fastrtps_cpp.hpp
[27.334s] -- Symlinking: /home/developer/aerostack2_ws/install/as2_msgs/include/as2_msgs/as2_msgs/msg/detail/mission_update__rosidl_typesupport_fastrtps_cpp.hpp
[27.338s] -- Symlinking: /home/developer/aerostack2_ws/install/as2_msgs/include/as2_msgs/as2_msgs/msg/detail/node_status__rosidl_typesupport_fastrtps_cpp.hpp
[27.344s] -- Symlinking: /home/developer/aerostack2_ws/install/as2_msgs/include/as2_msgs/as2_msgs/msg/detail/platform_info__rosidl_typesupport_fastrtps_cpp.hpp
[27.350s] -- Symlinking: /home/developer/aerostack2_ws/install/as2_msgs/include/as2_msgs/as2_msgs/msg/detail/platform_state_machine_event__rosidl_typesupport_fastrtps_cpp.hpp
[27.355s] -- Symlinking: /home/developer/aerostack2_ws/install/as2_msgs/include/as2_msgs/as2_msgs/msg/detail/platform_status__rosidl_typesupport_fastrtps_cpp.hpp
[27.359s] -- Symlinking: /home/developer/aerostack2_ws/install/as2_msgs/include/as2_msgs/as2_msgs/msg/detail/polygon_list__rosidl_typesupport_fastrtps_cpp.hpp
[27.365s] -- Symlinking: /home/developer/aerostack2_ws/install/as2_msgs/include/as2_msgs/as2_msgs/msg/detail/pose_stamped_with_id__rosidl_typesupport_fastrtps_cpp.hpp
[27.370s] -- Symlinking: /home/developer/aerostack2_ws/install/as2_msgs/include/as2_msgs/as2_msgs/msg/detail/pose_stamped_with_id_array__rosidl_typesupport_fastrtps_cpp.hpp
[27.375s] -- Symlinking: /home/developer/aerostack2_ws/install/as2_msgs/include/as2_msgs/as2_msgs/msg/detail/pose_with_id__rosidl_typesupport_fastrtps_cpp.hpp
[27.379s] -- Symlinking: /home/developer/aerostack2_ws/install/as2_msgs/include/as2_msgs/as2_msgs/msg/detail/pose_with_id_array__rosidl_typesupport_fastrtps_cpp.hpp
[27.386s] -- Symlinking: /home/developer/aerostack2_ws/install/as2_msgs/include/as2_msgs/as2_msgs/msg/detail/speed__rosidl_typesupport_fastrtps_cpp.hpp
[27.390s] -- Symlinking: /home/developer/aerostack2_ws/install/as2_msgs/include/as2_msgs/as2_msgs/msg/detail/thrust__rosidl_typesupport_fastrtps_cpp.hpp
[27.395s] -- Symlinking: /home/developer/aerostack2_ws/install/as2_msgs/include/as2_msgs/as2_msgs/msg/detail/traj_gen_info__rosidl_typesupport_fastrtps_cpp.hpp
[27.400s] -- Symlinking: /home/developer/aerostack2_ws/install/as2_msgs/include/as2_msgs/as2_msgs/msg/detail/trajectory_point__rosidl_typesupport_fastrtps_cpp.hpp
[27.406s] -- Symlinking: /home/developer/aerostack2_ws/install/as2_msgs/include/as2_msgs/as2_msgs/msg/detail/trajectory_setpoints__rosidl_typesupport_fastrtps_cpp.hpp
[27.410s] -- Symlinking: /home/developer/aerostack2_ws/install/as2_msgs/include/as2_msgs/as2_msgs/msg/detail/u_int16_multi_array_stamped__rosidl_typesupport_fastrtps_cpp.hpp
[27.414s] -- Symlinking: /home/developer/aerostack2_ws/install/as2_msgs/include/as2_msgs/as2_msgs/msg/detail/yaw_mode__rosidl_typesupport_fastrtps_cpp.hpp
[27.419s] -- Symlinking: /home/developer/aerostack2_ws/install/as2_msgs/include/as2_msgs/as2_msgs/msg/rosidl_typesupport_fastrtps_cpp__visibility_control.h
[27.425s] -- Symlinking: /home/developer/aerostack2_ws/install/as2_msgs/include/as2_msgs/as2_msgs/srv/detail/add_static_transform__rosidl_typesupport_fastrtps_cpp.hpp
[27.430s] -- Symlinking: /home/developer/aerostack2_ws/install/as2_msgs/include/as2_msgs/as2_msgs/srv/detail/add_static_transform_gps__rosidl_typesupport_fastrtps_cpp.hpp
[27.436s] -- Symlinking: /home/developer/aerostack2_ws/install/as2_msgs/include/as2_msgs/as2_msgs/srv/detail/dynamic_follower__rosidl_typesupport_fastrtps_cpp.hpp
[27.440s] -- Symlinking: /home/developer/aerostack2_ws/install/as2_msgs/include/as2_msgs/as2_msgs/srv/detail/dynamic_land__rosidl_typesupport_fastrtps_cpp.hpp
[27.446s] -- Symlinking: /home/developer/aerostack2_ws/install/as2_msgs/include/as2_msgs/as2_msgs/srv/detail/geopath_to_path__rosidl_typesupport_fastrtps_cpp.hpp
[27.450s] -- Symlinking: /home/developer/aerostack2_ws/install/as2_msgs/include/as2_msgs/as2_msgs/srv/detail/get_geozone__rosidl_typesupport_fastrtps_cpp.hpp
[27.454s] -- Symlinking: /home/developer/aerostack2_ws/install/as2_msgs/include/as2_msgs/as2_msgs/srv/detail/get_origin__rosidl_typesupport_fastrtps_cpp.hpp
[27.458s] -- Symlinking: /home/developer/aerostack2_ws/install/as2_msgs/include/as2_msgs/as2_msgs/srv/detail/list_control_modes__rosidl_typesupport_fastrtps_cpp.hpp
[27.462s] -- Symlinking: /home/developer/aerostack2_ws/install/as2_msgs/include/as2_msgs/as2_msgs/srv/detail/modify_swarm__rosidl_typesupport_fastrtps_cpp.hpp
[27.467s] -- Symlinking: /home/developer/aerostack2_ws/install/as2_msgs/include/as2_msgs/as2_msgs/srv/detail/package_pick_up__rosidl_typesupport_fastrtps_cpp.hpp
[27.472s] -- Symlinking: /home/developer/aerostack2_ws/install/as2_msgs/include/as2_msgs/as2_msgs/srv/detail/package_un_pick__rosidl_typesupport_fastrtps_cpp.hpp
[27.475s] -- Symlinking: /home/developer/aerostack2_ws/install/as2_msgs/include/as2_msgs/as2_msgs/srv/detail/path_to_geopath__rosidl_typesupport_fastrtps_cpp.hpp
[27.481s] -- Symlinking: /home/developer/aerostack2_ws/install/as2_msgs/include/as2_msgs/as2_msgs/srv/detail/set_control_mode__rosidl_typesupport_fastrtps_cpp.hpp
[27.485s] -- Symlinking: /home/developer/aerostack2_ws/install/as2_msgs/include/as2_msgs/as2_msgs/srv/detail/set_geozone__rosidl_typesupport_fastrtps_cpp.hpp
[27.491s] -- Symlinking: /home/developer/aerostack2_ws/install/as2_msgs/include/as2_msgs/as2_msgs/srv/detail/set_origin__rosidl_typesupport_fastrtps_cpp.hpp
[27.495s] -- Symlinking: /home/developer/aerostack2_ws/install/as2_msgs/include/as2_msgs/as2_msgs/srv/detail/set_platform_state_machine_event__rosidl_typesupport_fastrtps_cpp.hpp
[27.499s] -- Symlinking: /home/developer/aerostack2_ws/install/as2_msgs/include/as2_msgs/as2_msgs/srv/detail/set_speed__rosidl_typesupport_fastrtps_cpp.hpp
[27.506s] -- Symlinking: /home/developer/aerostack2_ws/install/as2_msgs/include/as2_msgs/as2_msgs/action/detail/detect_aruco_markers__rosidl_typesupport_introspection_cpp.hpp
[27.511s] -- Symlinking: /home/developer/aerostack2_ws/install/as2_msgs/include/as2_msgs/as2_msgs/action/detail/follow_path__rosidl_typesupport_introspection_cpp.hpp
[27.515s] -- Symlinking: /home/developer/aerostack2_ws/install/as2_msgs/include/as2_msgs/as2_msgs/action/detail/follow_reference__rosidl_typesupport_introspection_cpp.hpp
[27.519s] -- Symlinking: /home/developer/aerostack2_ws/install/as2_msgs/include/as2_msgs/as2_msgs/action/detail/force_estimation__rosidl_typesupport_introspection_cpp.hpp
[27.523s] -- Symlinking: /home/developer/aerostack2_ws/install/as2_msgs/include/as2_msgs/as2_msgs/action/detail/generate_polynomial_trajectory__rosidl_typesupport_introspection_cpp.hpp
[27.529s] -- Symlinking: /home/developer/aerostack2_ws/install/as2_msgs/include/as2_msgs/as2_msgs/action/detail/go_to_waypoint__rosidl_typesupport_introspection_cpp.hpp
[27.535s] -- Symlinking: /home/developer/aerostack2_ws/install/as2_msgs/include/as2_msgs/as2_msgs/action/detail/gripper_handler__rosidl_typesupport_introspection_cpp.hpp
[27.539s] -- Symlinking: /home/developer/aerostack2_ws/install/as2_msgs/include/as2_msgs/as2_msgs/action/detail/land__rosidl_typesupport_introspection_cpp.hpp
[27.543s] -- Symlinking: /home/developer/aerostack2_ws/install/as2_msgs/include/as2_msgs/as2_msgs/action/detail/mass_estimation__rosidl_typesupport_introspection_cpp.hpp
[27.548s] -- Symlinking: /home/developer/aerostack2_ws/install/as2_msgs/include/as2_msgs/as2_msgs/action/detail/navigate_to_point__rosidl_typesupport_introspection_cpp.hpp
[27.552s] -- Symlinking: /home/developer/aerostack2_ws/install/as2_msgs/include/as2_msgs/as2_msgs/action/detail/point_gimbal__rosidl_typesupport_introspection_cpp.hpp
[27.558s] -- Symlinking: /home/developer/aerostack2_ws/install/as2_msgs/include/as2_msgs/as2_msgs/action/detail/precision_landing__rosidl_typesupport_introspection_cpp.hpp
[27.562s] -- Symlinking: /home/developer/aerostack2_ws/install/as2_msgs/include/as2_msgs/as2_msgs/action/detail/set_arming_state__rosidl_typesupport_introspection_cpp.hpp
[27.568s] -- Symlinking: /home/developer/aerostack2_ws/install/as2_msgs/include/as2_msgs/as2_msgs/action/detail/set_offboard_mode__rosidl_typesupport_introspection_cpp.hpp
[27.572s] -- Symlinking: /home/developer/aerostack2_ws/install/as2_msgs/include/as2_msgs/as2_msgs/action/detail/swarm_flocking__rosidl_typesupport_introspection_cpp.hpp
[27.577s] -- Symlinking: /home/developer/aerostack2_ws/install/as2_msgs/include/as2_msgs/as2_msgs/action/detail/takeoff__rosidl_typesupport_introspection_cpp.hpp
[27.582s] -- Symlinking: /home/developer/aerostack2_ws/install/as2_msgs/include/as2_msgs/as2_msgs/msg/detail/acro__rosidl_typesupport_introspection_cpp.hpp
[27.588s] -- Symlinking: /home/developer/aerostack2_ws/install/as2_msgs/include/as2_msgs/as2_msgs/msg/detail/alert_event__rosidl_typesupport_introspection_cpp.hpp
[27.593s] -- Symlinking: /home/developer/aerostack2_ws/install/as2_msgs/include/as2_msgs/as2_msgs/msg/detail/behavior_status__rosidl_typesupport_introspection_cpp.hpp
[27.597s] -- Symlinking: /home/developer/aerostack2_ws/install/as2_msgs/include/as2_msgs/as2_msgs/msg/detail/control_mode__rosidl_typesupport_introspection_cpp.hpp
[27.602s] -- Symlinking: /home/developer/aerostack2_ws/install/as2_msgs/include/as2_msgs/as2_msgs/msg/detail/controller_info__rosidl_typesupport_introspection_cpp.hpp
[27.608s] -- Symlinking: /home/developer/aerostack2_ws/install/as2_msgs/include/as2_msgs/as2_msgs/msg/detail/follow_target_info__rosidl_typesupport_introspection_cpp.hpp
[27.613s] -- Symlinking: /home/developer/aerostack2_ws/install/as2_msgs/include/as2_msgs/as2_msgs/msg/detail/geozone__rosidl_typesupport_introspection_cpp.hpp
[27.617s] -- Symlinking: /home/developer/aerostack2_ws/install/as2_msgs/include/as2_msgs/as2_msgs/msg/detail/gimbal_control__rosidl_typesupport_introspection_cpp.hpp
[27.622s] -- Symlinking: /home/developer/aerostack2_ws/install/as2_msgs/include/as2_msgs/as2_msgs/msg/detail/mission_event__rosidl_typesupport_introspection_cpp.hpp
[27.629s] -- Symlinking: /home/developer/aerostack2_ws/install/as2_msgs/include/as2_msgs/as2_msgs/msg/detail/mission_update__rosidl_typesupport_introspection_cpp.hpp
[27.633s] -- Symlinking: /home/developer/aerostack2_ws/install/as2_msgs/include/as2_msgs/as2_msgs/msg/detail/node_status__rosidl_typesupport_introspection_cpp.hpp
[27.637s] -- Symlinking: /home/developer/aerostack2_ws/install/as2_msgs/include/as2_msgs/as2_msgs/msg/detail/platform_info__rosidl_typesupport_introspection_cpp.hpp
[27.642s] -- Symlinking: /home/developer/aerostack2_ws/install/as2_msgs/include/as2_msgs/as2_msgs/msg/detail/platform_state_machine_event__rosidl_typesupport_introspection_cpp.hpp
[27.646s] -- Symlinking: /home/developer/aerostack2_ws/install/as2_msgs/include/as2_msgs/as2_msgs/msg/detail/platform_status__rosidl_typesupport_introspection_cpp.hpp
[27.652s] -- Symlinking: /home/developer/aerostack2_ws/install/as2_msgs/include/as2_msgs/as2_msgs/msg/detail/polygon_list__rosidl_typesupport_introspection_cpp.hpp
[27.656s] -- Symlinking: /home/developer/aerostack2_ws/install/as2_msgs/include/as2_msgs/as2_msgs/msg/detail/pose_stamped_with_id__rosidl_typesupport_introspection_cpp.hpp
[27.661s] -- Symlinking: /home/developer/aerostack2_ws/install/as2_msgs/include/as2_msgs/as2_msgs/msg/detail/pose_stamped_with_id_array__rosidl_typesupport_introspection_cpp.hpp
[27.667s] -- Symlinking: /home/developer/aerostack2_ws/install/as2_msgs/include/as2_msgs/as2_msgs/msg/detail/pose_with_id__rosidl_typesupport_introspection_cpp.hpp
[27.673s] -- Symlinking: /home/developer/aerostack2_ws/install/as2_msgs/include/as2_msgs/as2_msgs/msg/detail/pose_with_id_array__rosidl_typesupport_introspection_cpp.hpp
[27.677s] -- Symlinking: /home/developer/aerostack2_ws/install/as2_msgs/include/as2_msgs/as2_msgs/msg/detail/speed__rosidl_typesupport_introspection_cpp.hpp
[27.683s] -- Symlinking: /home/developer/aerostack2_ws/install/as2_msgs/include/as2_msgs/as2_msgs/msg/detail/thrust__rosidl_typesupport_introspection_cpp.hpp
[27.687s] -- Symlinking: /home/developer/aerostack2_ws/install/as2_msgs/include/as2_msgs/as2_msgs/msg/detail/traj_gen_info__rosidl_typesupport_introspection_cpp.hpp
[27.694s] -- Symlinking: /home/developer/aerostack2_ws/install/as2_msgs/include/as2_msgs/as2_msgs/msg/detail/trajectory_point__rosidl_typesupport_introspection_cpp.hpp
[27.700s] -- Symlinking: /home/developer/aerostack2_ws/install/as2_msgs/include/as2_msgs/as2_msgs/msg/detail/trajectory_setpoints__rosidl_typesupport_introspection_cpp.hpp
[27.705s] -- Symlinking: /home/developer/aerostack2_ws/install/as2_msgs/include/as2_msgs/as2_msgs/msg/detail/u_int16_multi_array_stamped__rosidl_typesupport_introspection_cpp.hpp
[27.711s] -- Symlinking: /home/developer/aerostack2_ws/install/as2_msgs/include/as2_msgs/as2_msgs/msg/detail/yaw_mode__rosidl_typesupport_introspection_cpp.hpp
[27.716s] -- Symlinking: /home/developer/aerostack2_ws/install/as2_msgs/include/as2_msgs/as2_msgs/srv/detail/add_static_transform__rosidl_typesupport_introspection_cpp.hpp
[27.721s] -- Symlinking: /home/developer/aerostack2_ws/install/as2_msgs/include/as2_msgs/as2_msgs/srv/detail/add_static_transform_gps__rosidl_typesupport_introspection_cpp.hpp
[27.727s] -- Symlinking: /home/developer/aerostack2_ws/install/as2_msgs/include/as2_msgs/as2_msgs/srv/detail/dynamic_follower__rosidl_typesupport_introspection_cpp.hpp
[27.733s] -- Symlinking: /home/developer/aerostack2_ws/install/as2_msgs/include/as2_msgs/as2_msgs/srv/detail/dynamic_land__rosidl_typesupport_introspection_cpp.hpp
[27.739s] -- Symlinking: /home/developer/aerostack2_ws/install/as2_msgs/include/as2_msgs/as2_msgs/srv/detail/geopath_to_path__rosidl_typesupport_introspection_cpp.hpp
[27.745s] -- Symlinking: /home/developer/aerostack2_ws/install/as2_msgs/include/as2_msgs/as2_msgs/srv/detail/get_geozone__rosidl_typesupport_introspection_cpp.hpp
[27.749s] -- Symlinking: /home/developer/aerostack2_ws/install/as2_msgs/include/as2_msgs/as2_msgs/srv/detail/get_origin__rosidl_typesupport_introspection_cpp.hpp
[27.754s] -- Symlinking: /home/developer/aerostack2_ws/install/as2_msgs/include/as2_msgs/as2_msgs/srv/detail/list_control_modes__rosidl_typesupport_introspection_cpp.hpp
[27.758s] -- Symlinking: /home/developer/aerostack2_ws/install/as2_msgs/include/as2_msgs/as2_msgs/srv/detail/modify_swarm__rosidl_typesupport_introspection_cpp.hpp
[27.764s] -- Symlinking: /home/developer/aerostack2_ws/install/as2_msgs/include/as2_msgs/as2_msgs/srv/detail/package_pick_up__rosidl_typesupport_introspection_cpp.hpp
[27.770s] -- Symlinking: /home/developer/aerostack2_ws/install/as2_msgs/include/as2_msgs/as2_msgs/srv/detail/package_un_pick__rosidl_typesupport_introspection_cpp.hpp
[27.775s] -- Symlinking: /home/developer/aerostack2_ws/install/as2_msgs/include/as2_msgs/as2_msgs/srv/detail/path_to_geopath__rosidl_typesupport_introspection_cpp.hpp
[27.781s] -- Symlinking: /home/developer/aerostack2_ws/install/as2_msgs/include/as2_msgs/as2_msgs/srv/detail/set_control_mode__rosidl_typesupport_introspection_cpp.hpp
[27.787s] -- Symlinking: /home/developer/aerostack2_ws/install/as2_msgs/include/as2_msgs/as2_msgs/srv/detail/set_geozone__rosidl_typesupport_introspection_cpp.hpp
[27.793s] -- Symlinking: /home/developer/aerostack2_ws/install/as2_msgs/include/as2_msgs/as2_msgs/srv/detail/set_origin__rosidl_typesupport_introspection_cpp.hpp
[27.798s] -- Symlinking: /home/developer/aerostack2_ws/install/as2_msgs/include/as2_msgs/as2_msgs/srv/detail/set_platform_state_machine_event__rosidl_typesupport_introspection_cpp.hpp
[27.804s] -- Symlinking: /home/developer/aerostack2_ws/install/as2_msgs/include/as2_msgs/as2_msgs/srv/detail/set_speed__rosidl_typesupport_introspection_cpp.hpp
[27.808s] -- Symlinking: /home/developer/aerostack2_ws/install/as2_msgs/share/as2_msgs/environment/pythonpath.sh
[27.814s] -- Symlinking: /home/developer/aerostack2_ws/install/as2_msgs/share/as2_msgs/environment/pythonpath.dsv
[27.819s] -- Symlinking: /home/developer/aerostack2_ws/install/as2_msgs/local/lib/python3.10/dist-packages/as2_msgs-1.1.3-py3.10.egg-info/PKG-INFO
[27.823s] -- Symlinking: /home/developer/aerostack2_ws/install/as2_msgs/local/lib/python3.10/dist-packages/as2_msgs-1.1.3-py3.10.egg-info/SOURCES.txt
[27.829s] -- Symlinking: /home/developer/aerostack2_ws/install/as2_msgs/local/lib/python3.10/dist-packages/as2_msgs-1.1.3-py3.10.egg-info/dependency_links.txt
[27.834s] -- Symlinking: /home/developer/aerostack2_ws/install/as2_msgs/local/lib/python3.10/dist-packages/as2_msgs-1.1.3-py3.10.egg-info/top_level.txt
[27.839s] -- Symlinking: /home/developer/aerostack2_ws/install/as2_msgs/local/lib/python3.10/dist-packages/as2_msgs/__init__.py
[27.843s] -- Symlinking: /home/developer/aerostack2_ws/install/as2_msgs/local/lib/python3.10/dist-packages/as2_msgs/_as2_msgs_s.ep.rosidl_typesupport_c.c
[27.849s] -- Symlinking: /home/developer/aerostack2_ws/install/as2_msgs/local/lib/python3.10/dist-packages/as2_msgs/_as2_msgs_s.ep.rosidl_typesupport_fastrtps_c.c
[27.855s] -- Symlinking: /home/developer/aerostack2_ws/install/as2_msgs/local/lib/python3.10/dist-packages/as2_msgs/_as2_msgs_s.ep.rosidl_typesupport_introspection_c.c
[27.859s] -- Symlinking: /home/developer/aerostack2_ws/install/as2_msgs/local/lib/python3.10/dist-packages/as2_msgs/action/__init__.py
[27.865s] -- Symlinking: /home/developer/aerostack2_ws/install/as2_msgs/local/lib/python3.10/dist-packages/as2_msgs/action/_detect_aruco_markers.py
[27.873s] -- Symlinking: /home/developer/aerostack2_ws/install/as2_msgs/local/lib/python3.10/dist-packages/as2_msgs/action/_detect_aruco_markers_s.c
[27.878s] -- Symlinking: /home/developer/aerostack2_ws/install/as2_msgs/local/lib/python3.10/dist-packages/as2_msgs/action/_follow_path.py
[27.882s] -- Symlinking: /home/developer/aerostack2_ws/install/as2_msgs/local/lib/python3.10/dist-packages/as2_msgs/action/_follow_path_s.c
[27.889s] -- Symlinking: /home/developer/aerostack2_ws/install/as2_msgs/local/lib/python3.10/dist-packages/as2_msgs/action/_follow_reference.py
[27.894s] -- Symlinking: /home/developer/aerostack2_ws/install/as2_msgs/local/lib/python3.10/dist-packages/as2_msgs/action/_follow_reference_s.c
[27.900s] -- Symlinking: /home/developer/aerostack2_ws/install/as2_msgs/local/lib/python3.10/dist-packages/as2_msgs/action/_force_estimation.py
[27.905s] -- Symlinking: /home/developer/aerostack2_ws/install/as2_msgs/local/lib/python3.10/dist-packages/as2_msgs/action/_force_estimation_s.c
[27.910s] -- Symlinking: /home/developer/aerostack2_ws/install/as2_msgs/local/lib/python3.10/dist-packages/as2_msgs/action/_generate_polynomial_trajectory.py
[27.914s] -- Symlinking: /home/developer/aerostack2_ws/install/as2_msgs/local/lib/python3.10/dist-packages/as2_msgs/action/_generate_polynomial_trajectory_s.c
[27.919s] -- Symlinking: /home/developer/aerostack2_ws/install/as2_msgs/local/lib/python3.10/dist-packages/as2_msgs/action/_go_to_waypoint.py
[27.923s] -- Symlinking: /home/developer/aerostack2_ws/install/as2_msgs/local/lib/python3.10/dist-packages/as2_msgs/action/_go_to_waypoint_s.c
[27.929s] -- Symlinking: /home/developer/aerostack2_ws/install/as2_msgs/local/lib/python3.10/dist-packages/as2_msgs/action/_gripper_handler.py
[27.933s] -- Symlinking: /home/developer/aerostack2_ws/install/as2_msgs/local/lib/python3.10/dist-packages/as2_msgs/action/_gripper_handler_s.c
[27.938s] -- Symlinking: /home/developer/aerostack2_ws/install/as2_msgs/local/lib/python3.10/dist-packages/as2_msgs/action/_land.py
[27.943s] -- Symlinking: /home/developer/aerostack2_ws/install/as2_msgs/local/lib/python3.10/dist-packages/as2_msgs/action/_land_s.c
[27.949s] -- Symlinking: /home/developer/aerostack2_ws/install/as2_msgs/local/lib/python3.10/dist-packages/as2_msgs/action/_mass_estimation.py
[27.953s] -- Symlinking: /home/developer/aerostack2_ws/install/as2_msgs/local/lib/python3.10/dist-packages/as2_msgs/action/_mass_estimation_s.c
[27.958s] -- Symlinking: /home/developer/aerostack2_ws/install/as2_msgs/local/lib/python3.10/dist-packages/as2_msgs/action/_navigate_to_point.py
[27.962s] -- Symlinking: /home/developer/aerostack2_ws/install/as2_msgs/local/lib/python3.10/dist-packages/as2_msgs/action/_navigate_to_point_s.c
[27.969s] -- Symlinking: /home/developer/aerostack2_ws/install/as2_msgs/local/lib/python3.10/dist-packages/as2_msgs/action/_point_gimbal.py
[27.973s] -- Symlinking: /home/developer/aerostack2_ws/install/as2_msgs/local/lib/python3.10/dist-packages/as2_msgs/action/_point_gimbal_s.c
[27.979s] -- Symlinking: /home/developer/aerostack2_ws/install/as2_msgs/local/lib/python3.10/dist-packages/as2_msgs/action/_precision_landing.py
[27.983s] -- Symlinking: /home/developer/aerostack2_ws/install/as2_msgs/local/lib/python3.10/dist-packages/as2_msgs/action/_precision_landing_s.c
[27.989s] -- Symlinking: /home/developer/aerostack2_ws/install/as2_msgs/local/lib/python3.10/dist-packages/as2_msgs/action/_set_arming_state.py
[27.993s] -- Symlinking: /home/developer/aerostack2_ws/install/as2_msgs/local/lib/python3.10/dist-packages/as2_msgs/action/_set_arming_state_s.c
[27.998s] -- Symlinking: /home/developer/aerostack2_ws/install/as2_msgs/local/lib/python3.10/dist-packages/as2_msgs/action/_set_offboard_mode.py
[28.004s] -- Symlinking: /home/developer/aerostack2_ws/install/as2_msgs/local/lib/python3.10/dist-packages/as2_msgs/action/_set_offboard_mode_s.c
[28.010s] -- Symlinking: /home/developer/aerostack2_ws/install/as2_msgs/local/lib/python3.10/dist-packages/as2_msgs/action/_swarm_flocking.py
[28.024s] -- Symlinking: /home/developer/aerostack2_ws/install/as2_msgs/local/lib/python3.10/dist-packages/as2_msgs/action/_swarm_flocking_s.c
[28.027s] -- Symlinking: /home/developer/aerostack2_ws/install/as2_msgs/local/lib/python3.10/dist-packages/as2_msgs/action/_takeoff.py
[28.033s] -- Symlinking: /home/developer/aerostack2_ws/install/as2_msgs/local/lib/python3.10/dist-packages/as2_msgs/action/_takeoff_s.c
[28.037s] -- Symlinking: /home/developer/aerostack2_ws/install/as2_msgs/local/lib/python3.10/dist-packages/as2_msgs/as2_msgs_s__rosidl_typesupport_c.cpython-310-x86_64-linux-gnu.so
[28.043s] -- Symlinking: /home/developer/aerostack2_ws/install/as2_msgs/local/lib/python3.10/dist-packages/as2_msgs/as2_msgs_s__rosidl_typesupport_fastrtps_c.cpython-310-x86_64-linux-gnu.so
[28.048s] -- Symlinking: /home/developer/aerostack2_ws/install/as2_msgs/local/lib/python3.10/dist-packages/as2_msgs/as2_msgs_s__rosidl_typesupport_introspection_c.cpython-310-x86_64-linux-gnu.so
[28.053s] -- Symlinking: /home/developer/aerostack2_ws/install/as2_msgs/local/lib/python3.10/dist-packages/as2_msgs/libas2_msgs__rosidl_generator_py.so
[28.057s] -- Symlinking: /home/developer/aerostack2_ws/install/as2_msgs/local/lib/python3.10/dist-packages/as2_msgs/msg/__init__.py
[28.062s] -- Symlinking: /home/developer/aerostack2_ws/install/as2_msgs/local/lib/python3.10/dist-packages/as2_msgs/msg/_acro.py
[28.066s] -- Symlinking: /home/developer/aerostack2_ws/install/as2_msgs/local/lib/python3.10/dist-packages/as2_msgs/msg/_acro_s.c
[28.072s] -- Symlinking: /home/developer/aerostack2_ws/install/as2_msgs/local/lib/python3.10/dist-packages/as2_msgs/msg/_alert_event.py
[28.077s] -- Symlinking: /home/developer/aerostack2_ws/install/as2_msgs/local/lib/python3.10/dist-packages/as2_msgs/msg/_alert_event_s.c
[28.082s] -- Symlinking: /home/developer/aerostack2_ws/install/as2_msgs/local/lib/python3.10/dist-packages/as2_msgs/msg/_behavior_status.py
[28.086s] -- Symlinking: /home/developer/aerostack2_ws/install/as2_msgs/local/lib/python3.10/dist-packages/as2_msgs/msg/_behavior_status_s.c
[28.092s] -- Symlinking: /home/developer/aerostack2_ws/install/as2_msgs/local/lib/python3.10/dist-packages/as2_msgs/msg/_control_mode.py
[28.096s] -- Symlinking: /home/developer/aerostack2_ws/install/as2_msgs/local/lib/python3.10/dist-packages/as2_msgs/msg/_control_mode_s.c
[28.101s] -- Symlinking: /home/developer/aerostack2_ws/install/as2_msgs/local/lib/python3.10/dist-packages/as2_msgs/msg/_controller_info.py
[28.107s] -- Symlinking: /home/developer/aerostack2_ws/install/as2_msgs/local/lib/python3.10/dist-packages/as2_msgs/msg/_controller_info_s.c
[28.113s] -- Symlinking: /home/developer/aerostack2_ws/install/as2_msgs/local/lib/python3.10/dist-packages/as2_msgs/msg/_follow_target_info.py
[28.117s] -- Symlinking: /home/developer/aerostack2_ws/install/as2_msgs/local/lib/python3.10/dist-packages/as2_msgs/msg/_follow_target_info_s.c
[28.122s] -- Symlinking: /home/developer/aerostack2_ws/install/as2_msgs/local/lib/python3.10/dist-packages/as2_msgs/msg/_geozone.py
[28.126s] -- Symlinking: /home/developer/aerostack2_ws/install/as2_msgs/local/lib/python3.10/dist-packages/as2_msgs/msg/_geozone_s.c
[28.132s] -- Symlinking: /home/developer/aerostack2_ws/install/as2_msgs/local/lib/python3.10/dist-packages/as2_msgs/msg/_gimbal_control.py
[28.136s] -- Symlinking: /home/developer/aerostack2_ws/install/as2_msgs/local/lib/python3.10/dist-packages/as2_msgs/msg/_gimbal_control_s.c
[28.141s] -- Symlinking: /home/developer/aerostack2_ws/install/as2_msgs/local/lib/python3.10/dist-packages/as2_msgs/msg/_mission_event.py
[28.146s] -- Symlinking: /home/developer/aerostack2_ws/install/as2_msgs/local/lib/python3.10/dist-packages/as2_msgs/msg/_mission_event_s.c
[28.152s] -- Symlinking: /home/developer/aerostack2_ws/install/as2_msgs/local/lib/python3.10/dist-packages/as2_msgs/msg/_mission_update.py
[28.155s] -- Symlinking: /home/developer/aerostack2_ws/install/as2_msgs/local/lib/python3.10/dist-packages/as2_msgs/msg/_mission_update_s.c
[28.159s] -- Symlinking: /home/developer/aerostack2_ws/install/as2_msgs/local/lib/python3.10/dist-packages/as2_msgs/msg/_node_status.py
[28.163s] -- Symlinking: /home/developer/aerostack2_ws/install/as2_msgs/local/lib/python3.10/dist-packages/as2_msgs/msg/_node_status_s.c
[28.169s] -- Symlinking: /home/developer/aerostack2_ws/install/as2_msgs/local/lib/python3.10/dist-packages/as2_msgs/msg/_platform_info.py
[28.174s] -- Symlinking: /home/developer/aerostack2_ws/install/as2_msgs/local/lib/python3.10/dist-packages/as2_msgs/msg/_platform_info_s.c
[28.178s] -- Symlinking: /home/developer/aerostack2_ws/install/as2_msgs/local/lib/python3.10/dist-packages/as2_msgs/msg/_platform_state_machine_event.py
[28.183s] -- Symlinking: /home/developer/aerostack2_ws/install/as2_msgs/local/lib/python3.10/dist-packages/as2_msgs/msg/_platform_state_machine_event_s.c
[28.187s] -- Symlinking: /home/developer/aerostack2_ws/install/as2_msgs/local/lib/python3.10/dist-packages/as2_msgs/msg/_platform_status.py
[28.193s] -- Symlinking: /home/developer/aerostack2_ws/install/as2_msgs/local/lib/python3.10/dist-packages/as2_msgs/msg/_platform_status_s.c
[28.197s] -- Symlinking: /home/developer/aerostack2_ws/install/as2_msgs/local/lib/python3.10/dist-packages/as2_msgs/msg/_polygon_list.py
[28.204s] -- Symlinking: /home/developer/aerostack2_ws/install/as2_msgs/local/lib/python3.10/dist-packages/as2_msgs/msg/_polygon_list_s.c
[28.210s] -- Symlinking: /home/developer/aerostack2_ws/install/as2_msgs/local/lib/python3.10/dist-packages/as2_msgs/msg/_pose_stamped_with_id.py
[28.215s] -- Symlinking: /home/developer/aerostack2_ws/install/as2_msgs/local/lib/python3.10/dist-packages/as2_msgs/msg/_pose_stamped_with_id_array.py
[28.221s] -- Symlinking: /home/developer/aerostack2_ws/install/as2_msgs/local/lib/python3.10/dist-packages/as2_msgs/msg/_pose_stamped_with_id_array_s.c
[28.226s] -- Symlinking: /home/developer/aerostack2_ws/install/as2_msgs/local/lib/python3.10/dist-packages/as2_msgs/msg/_pose_stamped_with_id_s.c
[28.232s] -- Symlinking: /home/developer/aerostack2_ws/install/as2_msgs/local/lib/python3.10/dist-packages/as2_msgs/msg/_pose_with_id.py
[28.236s] -- Symlinking: /home/developer/aerostack2_ws/install/as2_msgs/local/lib/python3.10/dist-packages/as2_msgs/msg/_pose_with_id_array.py
[28.242s] -- Symlinking: /home/developer/aerostack2_ws/install/as2_msgs/local/lib/python3.10/dist-packages/as2_msgs/msg/_pose_with_id_array_s.c
[28.246s] -- Symlinking: /home/developer/aerostack2_ws/install/as2_msgs/local/lib/python3.10/dist-packages/as2_msgs/msg/_pose_with_id_s.c
[28.252s] -- Symlinking: /home/developer/aerostack2_ws/install/as2_msgs/local/lib/python3.10/dist-packages/as2_msgs/msg/_speed.py
[28.256s] -- Symlinking: /home/developer/aerostack2_ws/install/as2_msgs/local/lib/python3.10/dist-packages/as2_msgs/msg/_speed_s.c
[28.260s] -- Symlinking: /home/developer/aerostack2_ws/install/as2_msgs/local/lib/python3.10/dist-packages/as2_msgs/msg/_thrust.py
[28.265s] -- Symlinking: /home/developer/aerostack2_ws/install/as2_msgs/local/lib/python3.10/dist-packages/as2_msgs/msg/_thrust_s.c
[28.271s] -- Symlinking: /home/developer/aerostack2_ws/install/as2_msgs/local/lib/python3.10/dist-packages/as2_msgs/msg/_traj_gen_info.py
[28.276s] -- Symlinking: /home/developer/aerostack2_ws/install/as2_msgs/local/lib/python3.10/dist-packages/as2_msgs/msg/_traj_gen_info_s.c
[28.281s] -- Symlinking: /home/developer/aerostack2_ws/install/as2_msgs/local/lib/python3.10/dist-packages/as2_msgs/msg/_trajectory_point.py
[28.286s] -- Symlinking: /home/developer/aerostack2_ws/install/as2_msgs/local/lib/python3.10/dist-packages/as2_msgs/msg/_trajectory_point_s.c
[28.290s] -- Symlinking: /home/developer/aerostack2_ws/install/as2_msgs/local/lib/python3.10/dist-packages/as2_msgs/msg/_trajectory_setpoints.py
[28.296s] -- Symlinking: /home/developer/aerostack2_ws/install/as2_msgs/local/lib/python3.10/dist-packages/as2_msgs/msg/_trajectory_setpoints_s.c
[28.300s] -- Symlinking: /home/developer/aerostack2_ws/install/as2_msgs/local/lib/python3.10/dist-packages/as2_msgs/msg/_u_int16_multi_array_stamped.py
[28.304s] -- Symlinking: /home/developer/aerostack2_ws/install/as2_msgs/local/lib/python3.10/dist-packages/as2_msgs/msg/_u_int16_multi_array_stamped_s.c
[28.309s] -- Symlinking: /home/developer/aerostack2_ws/install/as2_msgs/local/lib/python3.10/dist-packages/as2_msgs/msg/_yaw_mode.py
[28.315s] -- Symlinking: /home/developer/aerostack2_ws/install/as2_msgs/local/lib/python3.10/dist-packages/as2_msgs/msg/_yaw_mode_s.c
[28.320s] -- Symlinking: /home/developer/aerostack2_ws/install/as2_msgs/local/lib/python3.10/dist-packages/as2_msgs/srv/__init__.py
[28.324s] -- Symlinking: /home/developer/aerostack2_ws/install/as2_msgs/local/lib/python3.10/dist-packages/as2_msgs/srv/_add_static_transform.py
[28.329s] -- Symlinking: /home/developer/aerostack2_ws/install/as2_msgs/local/lib/python3.10/dist-packages/as2_msgs/srv/_add_static_transform_gps.py
[28.335s] -- Symlinking: /home/developer/aerostack2_ws/install/as2_msgs/local/lib/python3.10/dist-packages/as2_msgs/srv/_add_static_transform_gps_s.c
[28.342s] -- Symlinking: /home/developer/aerostack2_ws/install/as2_msgs/local/lib/python3.10/dist-packages/as2_msgs/srv/_add_static_transform_s.c
[28.347s] -- Symlinking: /home/developer/aerostack2_ws/install/as2_msgs/local/lib/python3.10/dist-packages/as2_msgs/srv/_dynamic_follower.py
[28.351s] -- Symlinking: /home/developer/aerostack2_ws/install/as2_msgs/local/lib/python3.10/dist-packages/as2_msgs/srv/_dynamic_follower_s.c
[28.357s] -- Symlinking: /home/developer/aerostack2_ws/install/as2_msgs/local/lib/python3.10/dist-packages/as2_msgs/srv/_dynamic_land.py
[28.363s] -- Symlinking: /home/developer/aerostack2_ws/install/as2_msgs/local/lib/python3.10/dist-packages/as2_msgs/srv/_dynamic_land_s.c
[28.367s] -- Symlinking: /home/developer/aerostack2_ws/install/as2_msgs/local/lib/python3.10/dist-packages/as2_msgs/srv/_geopath_to_path.py
[28.373s] -- Symlinking: /home/developer/aerostack2_ws/install/as2_msgs/local/lib/python3.10/dist-packages/as2_msgs/srv/_geopath_to_path_s.c
[28.378s] -- Symlinking: /home/developer/aerostack2_ws/install/as2_msgs/local/lib/python3.10/dist-packages/as2_msgs/srv/_get_geozone.py
[28.384s] -- Symlinking: /home/developer/aerostack2_ws/install/as2_msgs/local/lib/python3.10/dist-packages/as2_msgs/srv/_get_geozone_s.c
[28.387s] -- Symlinking: /home/developer/aerostack2_ws/install/as2_msgs/local/lib/python3.10/dist-packages/as2_msgs/srv/_get_origin.py
[28.391s] -- Symlinking: /home/developer/aerostack2_ws/install/as2_msgs/local/lib/python3.10/dist-packages/as2_msgs/srv/_get_origin_s.c
[28.396s] -- Symlinking: /home/developer/aerostack2_ws/install/as2_msgs/local/lib/python3.10/dist-packages/as2_msgs/srv/_list_control_modes.py
[28.401s] -- Symlinking: /home/developer/aerostack2_ws/install/as2_msgs/local/lib/python3.10/dist-packages/as2_msgs/srv/_list_control_modes_s.c
[28.406s] -- Symlinking: /home/developer/aerostack2_ws/install/as2_msgs/local/lib/python3.10/dist-packages/as2_msgs/srv/_modify_swarm.py
[28.410s] -- Symlinking: /home/developer/aerostack2_ws/install/as2_msgs/local/lib/python3.10/dist-packages/as2_msgs/srv/_modify_swarm_s.c
[28.416s] -- Symlinking: /home/developer/aerostack2_ws/install/as2_msgs/local/lib/python3.10/dist-packages/as2_msgs/srv/_package_pick_up.py
[28.420s] -- Symlinking: /home/developer/aerostack2_ws/install/as2_msgs/local/lib/python3.10/dist-packages/as2_msgs/srv/_package_pick_up_s.c
[28.425s] -- Symlinking: /home/developer/aerostack2_ws/install/as2_msgs/local/lib/python3.10/dist-packages/as2_msgs/srv/_package_un_pick.py
[28.429s] -- Symlinking: /home/developer/aerostack2_ws/install/as2_msgs/local/lib/python3.10/dist-packages/as2_msgs/srv/_package_un_pick_s.c
[28.435s] -- Symlinking: /home/developer/aerostack2_ws/install/as2_msgs/local/lib/python3.10/dist-packages/as2_msgs/srv/_path_to_geopath.py
[28.441s] -- Symlinking: /home/developer/aerostack2_ws/install/as2_msgs/local/lib/python3.10/dist-packages/as2_msgs/srv/_path_to_geopath_s.c
[28.445s] -- Symlinking: /home/developer/aerostack2_ws/install/as2_msgs/local/lib/python3.10/dist-packages/as2_msgs/srv/_set_control_mode.py
[28.449s] -- Symlinking: /home/developer/aerostack2_ws/install/as2_msgs/local/lib/python3.10/dist-packages/as2_msgs/srv/_set_control_mode_s.c
[28.453s] -- Symlinking: /home/developer/aerostack2_ws/install/as2_msgs/local/lib/python3.10/dist-packages/as2_msgs/srv/_set_geozone.py
[28.458s] -- Symlinking: /home/developer/aerostack2_ws/install/as2_msgs/local/lib/python3.10/dist-packages/as2_msgs/srv/_set_geozone_s.c
[28.462s] -- Symlinking: /home/developer/aerostack2_ws/install/as2_msgs/local/lib/python3.10/dist-packages/as2_msgs/srv/_set_origin.py
[28.467s] -- Symlinking: /home/developer/aerostack2_ws/install/as2_msgs/local/lib/python3.10/dist-packages/as2_msgs/srv/_set_origin_s.c
[28.472s] -- Symlinking: /home/developer/aerostack2_ws/install/as2_msgs/local/lib/python3.10/dist-packages/as2_msgs/srv/_set_platform_state_machine_event.py
[28.476s] -- Symlinking: /home/developer/aerostack2_ws/install/as2_msgs/local/lib/python3.10/dist-packages/as2_msgs/srv/_set_platform_state_machine_event_s.c
[28.481s] -- Symlinking: /home/developer/aerostack2_ws/install/as2_msgs/local/lib/python3.10/dist-packages/as2_msgs/srv/_set_speed.py
[28.488s] -- Symlinking: /home/developer/aerostack2_ws/install/as2_msgs/local/lib/python3.10/dist-packages/as2_msgs/srv/_set_speed_s.c
[28.494s] -- Up-to-date symlink: /home/developer/aerostack2_ws/install/as2_msgs/local/lib/python3.10/dist-packages/as2_msgs/as2_msgs_s__rosidl_typesupport_fastrtps_c.cpython-310-x86_64-linux-gnu.so
[28.495s] -- Up-to-date symlink: /home/developer/aerostack2_ws/install/as2_msgs/local/lib/python3.10/dist-packages/as2_msgs/as2_msgs_s__rosidl_typesupport_introspection_c.cpython-310-x86_64-linux-gnu.so
[28.495s] -- Up-to-date symlink: /home/developer/aerostack2_ws/install/as2_msgs/local/lib/python3.10/dist-packages/as2_msgs/as2_msgs_s__rosidl_typesupport_c.cpython-310-x86_64-linux-gnu.so
[28.495s] -- Symlinking: /home/developer/aerostack2_ws/install/as2_msgs/share/ament_index/resource_index/rust_packages/as2_msgs
[28.499s] -- Symlinking: /home/developer/aerostack2_ws/install/as2_msgs/share/as2_msgs/rust/Cargo.toml
[28.503s] -- Symlinking: /home/developer/aerostack2_ws/install/as2_msgs/share/as2_msgs/rust/build.rs
[28.508s] -- Symlinking: /home/developer/aerostack2_ws/install/as2_msgs/share/as2_msgs/rust/src/action.rs
[28.512s] -- Symlinking: /home/developer/aerostack2_ws/install/as2_msgs/share/as2_msgs/rust/src/action/rmw.rs
[28.518s] -- Symlinking: /home/developer/aerostack2_ws/install/as2_msgs/share/as2_msgs/rust/src/lib.rs
[28.523s] -- Symlinking: /home/developer/aerostack2_ws/install/as2_msgs/share/as2_msgs/rust/src/msg.rs
[28.528s] -- Symlinking: /home/developer/aerostack2_ws/install/as2_msgs/share/as2_msgs/rust/src/msg/rmw.rs
[28.534s] -- Symlinking: /home/developer/aerostack2_ws/install/as2_msgs/share/as2_msgs/rust/src/srv.rs
[28.539s] -- Symlinking: /home/developer/aerostack2_ws/install/as2_msgs/share/as2_msgs/rust/src/srv/rmw.rs
[28.544s] -- Symlinking: /home/developer/aerostack2_ws/install/as2_msgs/share/as2_msgs/msg/Acro.idl
[28.549s] -- Symlinking: /home/developer/aerostack2_ws/install/as2_msgs/share/as2_msgs/msg/AlertEvent.idl
[28.553s] -- Symlinking: /home/developer/aerostack2_ws/install/as2_msgs/share/as2_msgs/msg/BehaviorStatus.idl
[28.558s] -- Symlinking: /home/developer/aerostack2_ws/install/as2_msgs/share/as2_msgs/msg/ControlMode.idl
[28.564s] -- Symlinking: /home/developer/aerostack2_ws/install/as2_msgs/share/as2_msgs/msg/ControllerInfo.idl
[28.568s] -- Symlinking: /home/developer/aerostack2_ws/install/as2_msgs/share/as2_msgs/msg/FollowTargetInfo.idl
[28.573s] -- Symlinking: /home/developer/aerostack2_ws/install/as2_msgs/share/as2_msgs/msg/Geozone.idl
[28.579s] -- Symlinking: /home/developer/aerostack2_ws/install/as2_msgs/share/as2_msgs/msg/GimbalControl.idl
[28.585s] -- Symlinking: /home/developer/aerostack2_ws/install/as2_msgs/share/as2_msgs/msg/MissionEvent.idl
[28.590s] -- Symlinking: /home/developer/aerostack2_ws/install/as2_msgs/share/as2_msgs/msg/MissionUpdate.idl
[28.596s] -- Symlinking: /home/developer/aerostack2_ws/install/as2_msgs/share/as2_msgs/msg/NodeStatus.idl
[28.601s] -- Symlinking: /home/developer/aerostack2_ws/install/as2_msgs/share/as2_msgs/msg/PlatformInfo.idl
[28.607s] -- Symlinking: /home/developer/aerostack2_ws/install/as2_msgs/share/as2_msgs/msg/PlatformStateMachineEvent.idl
[28.611s] -- Symlinking: /home/developer/aerostack2_ws/install/as2_msgs/share/as2_msgs/msg/PlatformStatus.idl
[28.617s] -- Symlinking: /home/developer/aerostack2_ws/install/as2_msgs/share/as2_msgs/msg/PolygonList.idl
[28.621s] -- Symlinking: /home/developer/aerostack2_ws/install/as2_msgs/share/as2_msgs/msg/PoseStampedWithID.idl
[28.626s] -- Symlinking: /home/developer/aerostack2_ws/install/as2_msgs/share/as2_msgs/msg/PoseStampedWithIDArray.idl
[28.631s] -- Symlinking: /home/developer/aerostack2_ws/install/as2_msgs/share/as2_msgs/msg/PoseWithID.idl
[28.637s] -- Symlinking: /home/developer/aerostack2_ws/install/as2_msgs/share/as2_msgs/msg/PoseWithIDArray.idl
[28.641s] -- Symlinking: /home/developer/aerostack2_ws/install/as2_msgs/share/as2_msgs/msg/Speed.idl
[28.646s] -- Symlinking: /home/developer/aerostack2_ws/install/as2_msgs/share/as2_msgs/msg/Thrust.idl
[28.651s] -- Symlinking: /home/developer/aerostack2_ws/install/as2_msgs/share/as2_msgs/msg/TrajGenInfo.idl
[28.655s] -- Symlinking: /home/developer/aerostack2_ws/install/as2_msgs/share/as2_msgs/msg/TrajectoryPoint.idl
[28.660s] -- Symlinking: /home/developer/aerostack2_ws/install/as2_msgs/share/as2_msgs/msg/TrajectorySetpoints.idl
[28.665s] -- Symlinking: /home/developer/aerostack2_ws/install/as2_msgs/share/as2_msgs/msg/UInt16MultiArrayStamped.idl
[28.670s] -- Symlinking: /home/developer/aerostack2_ws/install/as2_msgs/share/as2_msgs/msg/YawMode.idl
[28.675s] -- Symlinking: /home/developer/aerostack2_ws/install/as2_msgs/share/as2_msgs/srv/AddStaticTransform.idl
[28.680s] -- Symlinking: /home/developer/aerostack2_ws/install/as2_msgs/share/as2_msgs/srv/AddStaticTransformGps.idl
[28.686s] -- Symlinking: /home/developer/aerostack2_ws/install/as2_msgs/share/as2_msgs/srv/DynamicFollower.idl
[28.692s] -- Symlinking: /home/developer/aerostack2_ws/install/as2_msgs/share/as2_msgs/srv/DynamicLand.idl
[28.698s] -- Symlinking: /home/developer/aerostack2_ws/install/as2_msgs/share/as2_msgs/srv/GeopathToPath.idl
[28.703s] -- Symlinking: /home/developer/aerostack2_ws/install/as2_msgs/share/as2_msgs/srv/GetGeozone.idl
[28.707s] -- Symlinking: /home/developer/aerostack2_ws/install/as2_msgs/share/as2_msgs/srv/GetOrigin.idl
[28.711s] -- Symlinking: /home/developer/aerostack2_ws/install/as2_msgs/share/as2_msgs/srv/ListControlModes.idl
[28.717s] -- Symlinking: /home/developer/aerostack2_ws/install/as2_msgs/share/as2_msgs/srv/ModifySwarm.idl
[28.722s] -- Symlinking: /home/developer/aerostack2_ws/install/as2_msgs/share/as2_msgs/srv/PackagePickUp.idl
[28.727s] -- Symlinking: /home/developer/aerostack2_ws/install/as2_msgs/share/as2_msgs/srv/PackageUnPick.idl
[28.731s] -- Symlinking: /home/developer/aerostack2_ws/install/as2_msgs/share/as2_msgs/srv/PathToGeopath.idl
[28.737s] -- Symlinking: /home/developer/aerostack2_ws/install/as2_msgs/share/as2_msgs/srv/SetControlMode.idl
[28.741s] -- Symlinking: /home/developer/aerostack2_ws/install/as2_msgs/share/as2_msgs/srv/SetGeozone.idl
[28.746s] -- Symlinking: /home/developer/aerostack2_ws/install/as2_msgs/share/as2_msgs/srv/SetOrigin.idl
[28.751s] -- Symlinking: /home/developer/aerostack2_ws/install/as2_msgs/share/as2_msgs/srv/SetPlatformStateMachineEvent.idl
[28.757s] -- Symlinking: /home/developer/aerostack2_ws/install/as2_msgs/share/as2_msgs/srv/SetSpeed.idl
[28.761s] -- Symlinking: /home/developer/aerostack2_ws/install/as2_msgs/share/as2_msgs/action/DetectArucoMarkers.idl
[28.766s] -- Symlinking: /home/developer/aerostack2_ws/install/as2_msgs/share/as2_msgs/action/FollowPath.idl
[28.772s] -- Symlinking: /home/developer/aerostack2_ws/install/as2_msgs/share/as2_msgs/action/FollowReference.idl
[28.779s] -- Symlinking: /home/developer/aerostack2_ws/install/as2_msgs/share/as2_msgs/action/ForceEstimation.idl
[28.783s] -- Symlinking: /home/developer/aerostack2_ws/install/as2_msgs/share/as2_msgs/action/GeneratePolynomialTrajectory.idl
[28.787s] -- Symlinking: /home/developer/aerostack2_ws/install/as2_msgs/share/as2_msgs/action/GoToWaypoint.idl
[28.792s] -- Symlinking: /home/developer/aerostack2_ws/install/as2_msgs/share/as2_msgs/action/GripperHandler.idl
[28.798s] -- Symlinking: /home/developer/aerostack2_ws/install/as2_msgs/share/as2_msgs/action/Land.idl
[28.802s] -- Symlinking: /home/developer/aerostack2_ws/install/as2_msgs/share/as2_msgs/action/MassEstimation.idl
[28.806s] -- Symlinking: /home/developer/aerostack2_ws/install/as2_msgs/share/as2_msgs/action/NavigateToPoint.idl
[28.811s] -- Symlinking: /home/developer/aerostack2_ws/install/as2_msgs/share/as2_msgs/action/PointGimbal.idl
[28.817s] -- Symlinking: /home/developer/aerostack2_ws/install/as2_msgs/share/as2_msgs/action/PrecisionLanding.idl
[28.822s] -- Symlinking: /home/developer/aerostack2_ws/install/as2_msgs/share/as2_msgs/action/SetArmingState.idl
[28.827s] -- Symlinking: /home/developer/aerostack2_ws/install/as2_msgs/share/as2_msgs/action/SetOffboardMode.idl
[28.831s] -- Symlinking: /home/developer/aerostack2_ws/install/as2_msgs/share/as2_msgs/action/SwarmFlocking.idl
[28.837s] -- Symlinking: /home/developer/aerostack2_ws/install/as2_msgs/share/as2_msgs/action/Takeoff.idl
[28.842s] -- Symlinking: /home/developer/aerostack2_ws/install/as2_msgs/share/as2_msgs/msg/Acro.msg
[28.846s] -- Symlinking: /home/developer/aerostack2_ws/install/as2_msgs/share/as2_msgs/msg/AlertEvent.msg
[28.851s] -- Symlinking: /home/developer/aerostack2_ws/install/as2_msgs/share/as2_msgs/msg/BehaviorStatus.msg
[28.857s] -- Symlinking: /home/developer/aerostack2_ws/install/as2_msgs/share/as2_msgs/msg/ControlMode.msg
[28.862s] -- Symlinking: /home/developer/aerostack2_ws/install/as2_msgs/share/as2_msgs/msg/ControllerInfo.msg
[28.868s] -- Symlinking: /home/developer/aerostack2_ws/install/as2_msgs/share/as2_msgs/msg/FollowTargetInfo.msg
[28.872s] -- Symlinking: /home/developer/aerostack2_ws/install/as2_msgs/share/as2_msgs/msg/Geozone.msg
[28.877s] -- Symlinking: /home/developer/aerostack2_ws/install/as2_msgs/share/as2_msgs/msg/GimbalControl.msg
[28.881s] -- Symlinking: /home/developer/aerostack2_ws/install/as2_msgs/share/as2_msgs/msg/MissionEvent.msg
[28.886s] -- Symlinking: /home/developer/aerostack2_ws/install/as2_msgs/share/as2_msgs/msg/MissionUpdate.msg
[28.890s] -- Symlinking: /home/developer/aerostack2_ws/install/as2_msgs/share/as2_msgs/msg/NodeStatus.msg
[28.896s] -- Symlinking: /home/developer/aerostack2_ws/install/as2_msgs/share/as2_msgs/msg/PlatformInfo.msg
[28.900s] -- Symlinking: /home/developer/aerostack2_ws/install/as2_msgs/share/as2_msgs/msg/PlatformStateMachineEvent.msg
[28.905s] -- Symlinking: /home/developer/aerostack2_ws/install/as2_msgs/share/as2_msgs/msg/PlatformStatus.msg
[28.909s] -- Symlinking: /home/developer/aerostack2_ws/install/as2_msgs/share/as2_msgs/msg/PolygonList.msg
[28.915s] -- Symlinking: /home/developer/aerostack2_ws/install/as2_msgs/share/as2_msgs/msg/PoseStampedWithID.msg
[28.921s] -- Symlinking: /home/developer/aerostack2_ws/install/as2_msgs/share/as2_msgs/msg/PoseStampedWithIDArray.msg
[28.925s] -- Symlinking: /home/developer/aerostack2_ws/install/as2_msgs/share/as2_msgs/msg/PoseWithID.msg
[28.929s] -- Symlinking: /home/developer/aerostack2_ws/install/as2_msgs/share/as2_msgs/msg/PoseWithIDArray.msg
[28.934s] -- Symlinking: /home/developer/aerostack2_ws/install/as2_msgs/share/as2_msgs/msg/Speed.msg
[28.940s] -- Symlinking: /home/developer/aerostack2_ws/install/as2_msgs/share/as2_msgs/msg/Thrust.msg
[28.944s] -- Symlinking: /home/developer/aerostack2_ws/install/as2_msgs/share/as2_msgs/msg/TrajGenInfo.msg
[28.949s] -- Symlinking: /home/developer/aerostack2_ws/install/as2_msgs/share/as2_msgs/msg/TrajectoryPoint.msg
[28.954s] -- Symlinking: /home/developer/aerostack2_ws/install/as2_msgs/share/as2_msgs/msg/TrajectorySetpoints.msg
[28.960s] -- Symlinking: /home/developer/aerostack2_ws/install/as2_msgs/share/as2_msgs/msg/UInt16MultiArrayStamped.msg
[28.966s] -- Symlinking: /home/developer/aerostack2_ws/install/as2_msgs/share/as2_msgs/msg/YawMode.msg
[28.972s] -- Symlinking: /home/developer/aerostack2_ws/install/as2_msgs/share/as2_msgs/srv/AddStaticTransform.srv
[28.977s] -- Symlinking: /home/developer/aerostack2_ws/install/as2_msgs/share/as2_msgs/srv/AddStaticTransform_Request.msg
[28.983s] -- Symlinking: /home/developer/aerostack2_ws/install/as2_msgs/share/as2_msgs/srv/AddStaticTransform_Response.msg
[28.989s] -- Symlinking: /home/developer/aerostack2_ws/install/as2_msgs/share/as2_msgs/srv/AddStaticTransformGps.srv
[28.994s] -- Symlinking: /home/developer/aerostack2_ws/install/as2_msgs/share/as2_msgs/srv/AddStaticTransformGps_Request.msg
[28.998s] -- Symlinking: /home/developer/aerostack2_ws/install/as2_msgs/share/as2_msgs/srv/AddStaticTransformGps_Response.msg
[29.003s] -- Symlinking: /home/developer/aerostack2_ws/install/as2_msgs/share/as2_msgs/srv/DynamicFollower.srv
[29.007s] -- Symlinking: /home/developer/aerostack2_ws/install/as2_msgs/share/as2_msgs/srv/DynamicFollower_Request.msg
[29.013s] -- Symlinking: /home/developer/aerostack2_ws/install/as2_msgs/share/as2_msgs/srv/DynamicFollower_Response.msg
[29.019s] -- Symlinking: /home/developer/aerostack2_ws/install/as2_msgs/share/as2_msgs/srv/DynamicLand.srv
[29.024s] -- Symlinking: /home/developer/aerostack2_ws/install/as2_msgs/share/as2_msgs/srv/DynamicLand_Request.msg
[29.030s] -- Symlinking: /home/developer/aerostack2_ws/install/as2_msgs/share/as2_msgs/srv/DynamicLand_Response.msg
[29.035s] -- Symlinking: /home/developer/aerostack2_ws/install/as2_msgs/share/as2_msgs/srv/GeopathToPath.srv
[29.041s] -- Symlinking: /home/developer/aerostack2_ws/install/as2_msgs/share/as2_msgs/srv/GeopathToPath_Request.msg
[29.045s] -- Symlinking: /home/developer/aerostack2_ws/install/as2_msgs/share/as2_msgs/srv/GeopathToPath_Response.msg
[29.050s] -- Symlinking: /home/developer/aerostack2_ws/install/as2_msgs/share/as2_msgs/srv/GetGeozone.srv
[29.054s] -- Symlinking: /home/developer/aerostack2_ws/install/as2_msgs/share/as2_msgs/srv/GetGeozone_Request.msg
[29.060s] -- Symlinking: /home/developer/aerostack2_ws/install/as2_msgs/share/as2_msgs/srv/GetGeozone_Response.msg
[29.065s] -- Symlinking: /home/developer/aerostack2_ws/install/as2_msgs/share/as2_msgs/srv/GetOrigin.srv
[29.069s] -- Symlinking: /home/developer/aerostack2_ws/install/as2_msgs/share/as2_msgs/srv/GetOrigin_Request.msg
[29.075s] -- Symlinking: /home/developer/aerostack2_ws/install/as2_msgs/share/as2_msgs/srv/GetOrigin_Response.msg
[29.080s] -- Symlinking: /home/developer/aerostack2_ws/install/as2_msgs/share/as2_msgs/srv/ListControlModes.srv
[29.085s] -- Symlinking: /home/developer/aerostack2_ws/install/as2_msgs/share/as2_msgs/srv/ListControlModes_Request.msg
[29.089s] -- Symlinking: /home/developer/aerostack2_ws/install/as2_msgs/share/as2_msgs/srv/ListControlModes_Response.msg
[29.095s] -- Symlinking: /home/developer/aerostack2_ws/install/as2_msgs/share/as2_msgs/srv/ModifySwarm.srv
[29.099s] -- Symlinking: /home/developer/aerostack2_ws/install/as2_msgs/share/as2_msgs/srv/ModifySwarm_Request.msg
[29.104s] -- Symlinking: /home/developer/aerostack2_ws/install/as2_msgs/share/as2_msgs/srv/ModifySwarm_Response.msg
[29.111s] -- Symlinking: /home/developer/aerostack2_ws/install/as2_msgs/share/as2_msgs/srv/PackagePickUp.srv
[29.116s] -- Symlinking: /home/developer/aerostack2_ws/install/as2_msgs/share/as2_msgs/srv/PackagePickUp_Request.msg
[29.121s] -- Symlinking: /home/developer/aerostack2_ws/install/as2_msgs/share/as2_msgs/srv/PackagePickUp_Response.msg
[29.127s] -- Symlinking: /home/developer/aerostack2_ws/install/as2_msgs/share/as2_msgs/srv/PackageUnPick.srv
[29.132s] -- Symlinking: /home/developer/aerostack2_ws/install/as2_msgs/share/as2_msgs/srv/PackageUnPick_Request.msg
[29.136s] -- Symlinking: /home/developer/aerostack2_ws/install/as2_msgs/share/as2_msgs/srv/PackageUnPick_Response.msg
[29.140s] -- Symlinking: /home/developer/aerostack2_ws/install/as2_msgs/share/as2_msgs/srv/PathToGeopath.srv
[29.145s] -- Symlinking: /home/developer/aerostack2_ws/install/as2_msgs/share/as2_msgs/srv/PathToGeopath_Request.msg
[29.151s] -- Symlinking: /home/developer/aerostack2_ws/install/as2_msgs/share/as2_msgs/srv/PathToGeopath_Response.msg
[29.155s] -- Symlinking: /home/developer/aerostack2_ws/install/as2_msgs/share/as2_msgs/srv/SetControlMode.srv
[29.159s] -- Symlinking: /home/developer/aerostack2_ws/install/as2_msgs/share/as2_msgs/srv/SetControlMode_Request.msg
[29.164s] -- Symlinking: /home/developer/aerostack2_ws/install/as2_msgs/share/as2_msgs/srv/SetControlMode_Response.msg
[29.170s] -- Symlinking: /home/developer/aerostack2_ws/install/as2_msgs/share/as2_msgs/srv/SetGeozone.srv
[29.176s] -- Symlinking: /home/developer/aerostack2_ws/install/as2_msgs/share/as2_msgs/srv/SetGeozone_Request.msg
[29.182s] -- Symlinking: /home/developer/aerostack2_ws/install/as2_msgs/share/as2_msgs/srv/SetGeozone_Response.msg
[29.188s] -- Symlinking: /home/developer/aerostack2_ws/install/as2_msgs/share/as2_msgs/srv/SetOrigin.srv
[29.193s] -- Symlinking: /home/developer/aerostack2_ws/install/as2_msgs/share/as2_msgs/srv/SetOrigin_Request.msg
[29.200s] -- Symlinking: /home/developer/aerostack2_ws/install/as2_msgs/share/as2_msgs/srv/SetOrigin_Response.msg
[29.204s] -- Symlinking: /home/developer/aerostack2_ws/install/as2_msgs/share/as2_msgs/srv/SetPlatformStateMachineEvent.srv
[29.210s] -- Symlinking: /home/developer/aerostack2_ws/install/as2_msgs/share/as2_msgs/srv/SetPlatformStateMachineEvent_Request.msg
[29.216s] -- Symlinking: /home/developer/aerostack2_ws/install/as2_msgs/share/as2_msgs/srv/SetPlatformStateMachineEvent_Response.msg
[29.222s] -- Symlinking: /home/developer/aerostack2_ws/install/as2_msgs/share/as2_msgs/srv/SetSpeed.srv
[29.225s] -- Symlinking: /home/developer/aerostack2_ws/install/as2_msgs/share/as2_msgs/srv/SetSpeed_Request.msg
[29.232s] -- Symlinking: /home/developer/aerostack2_ws/install/as2_msgs/share/as2_msgs/srv/SetSpeed_Response.msg
[29.237s] -- Symlinking: /home/developer/aerostack2_ws/install/as2_msgs/share/as2_msgs/action/DetectArucoMarkers.action
[29.243s] -- Symlinking: /home/developer/aerostack2_ws/install/as2_msgs/share/as2_msgs/action/FollowPath.action
[29.248s] -- Symlinking: /home/developer/aerostack2_ws/install/as2_msgs/share/as2_msgs/action/FollowReference.action
[29.254s] -- Symlinking: /home/developer/aerostack2_ws/install/as2_msgs/share/as2_msgs/action/ForceEstimation.action
[29.259s] -- Symlinking: /home/developer/aerostack2_ws/install/as2_msgs/share/as2_msgs/action/GeneratePolynomialTrajectory.action
[29.264s] -- Symlinking: /home/developer/aerostack2_ws/install/as2_msgs/share/as2_msgs/action/GoToWaypoint.action
[29.270s] -- Symlinking: /home/developer/aerostack2_ws/install/as2_msgs/share/as2_msgs/action/GripperHandler.action
[29.275s] -- Symlinking: /home/developer/aerostack2_ws/install/as2_msgs/share/as2_msgs/action/Land.action
[29.280s] -- Symlinking: /home/developer/aerostack2_ws/install/as2_msgs/share/as2_msgs/action/MassEstimation.action
[29.285s] -- Symlinking: /home/developer/aerostack2_ws/install/as2_msgs/share/as2_msgs/action/NavigateToPoint.action
[29.291s] -- Symlinking: /home/developer/aerostack2_ws/install/as2_msgs/share/as2_msgs/action/PointGimbal.action
[29.295s] -- Symlinking: /home/developer/aerostack2_ws/install/as2_msgs/share/as2_msgs/action/PrecisionLanding.action
[29.300s] -- Symlinking: /home/developer/aerostack2_ws/install/as2_msgs/share/as2_msgs/action/SetArmingState.action
[29.305s] -- Symlinking: /home/developer/aerostack2_ws/install/as2_msgs/share/as2_msgs/action/SetOffboardMode.action
[29.311s] -- Symlinking: /home/developer/aerostack2_ws/install/as2_msgs/share/as2_msgs/action/SwarmFlocking.action
[29.315s] -- Symlinking: /home/developer/aerostack2_ws/install/as2_msgs/share/as2_msgs/action/Takeoff.action
[29.319s] -- Symlinking: /home/developer/aerostack2_ws/install/as2_msgs/share/ament_index/resource_index/package_run_dependencies/as2_msgs
[29.324s] -- Symlinking: /home/developer/aerostack2_ws/install/as2_msgs/share/ament_index/resource_index/parent_prefix_path/as2_msgs
[29.330s] -- Symlinking: /home/developer/aerostack2_ws/install/as2_msgs/share/as2_msgs/environment/ament_prefix_path.sh
[29.334s] -- Symlinking: /home/developer/aerostack2_ws/install/as2_msgs/share/as2_msgs/environment/ament_prefix_path.dsv
[29.339s] -- Symlinking: /home/developer/aerostack2_ws/install/as2_msgs/share/as2_msgs/environment/path.sh
[29.344s] -- Symlinking: /home/developer/aerostack2_ws/install/as2_msgs/share/as2_msgs/environment/path.dsv
[29.348s] -- Symlinking: /home/developer/aerostack2_ws/install/as2_msgs/share/as2_msgs/local_setup.bash
[29.354s] -- Symlinking: /home/developer/aerostack2_ws/install/as2_msgs/share/as2_msgs/local_setup.sh
[29.359s] -- Symlinking: /home/developer/aerostack2_ws/install/as2_msgs/share/as2_msgs/local_setup.zsh
[29.364s] -- Symlinking: /home/developer/aerostack2_ws/install/as2_msgs/share/as2_msgs/local_setup.dsv
[29.370s] -- Symlinking: /home/developer/aerostack2_ws/install/as2_msgs/share/as2_msgs/package.dsv
[29.375s] -- Symlinking: /home/developer/aerostack2_ws/install/as2_msgs/share/ament_index/resource_index/packages/as2_msgs
[29.379s] -- Symlinking: /home/developer/aerostack2_ws/install/as2_msgs/share/as2_msgs/cmake/rosidl_cmake-extras.cmake
[29.385s] -- Symlinking: /home/developer/aerostack2_ws/install/as2_msgs/share/as2_msgs/cmake/ament_cmake_export_dependencies-extras.cmake
[29.390s] -- Symlinking: /home/developer/aerostack2_ws/install/as2_msgs/share/as2_msgs/cmake/ament_cmake_export_include_directories-extras.cmake
[29.396s] -- Symlinking: /home/developer/aerostack2_ws/install/as2_msgs/share/as2_msgs/cmake/ament_cmake_export_libraries-extras.cmake
[29.402s] -- Symlinking: /home/developer/aerostack2_ws/install/as2_msgs/share/as2_msgs/cmake/ament_cmake_export_targets-extras.cmake
[29.406s] -- Symlinking: /home/developer/aerostack2_ws/install/as2_msgs/share/as2_msgs/cmake/rosidl_cmake_export_typesupport_targets-extras.cmake
[29.412s] -- Symlinking: /home/developer/aerostack2_ws/install/as2_msgs/share/as2_msgs/cmake/rosidl_cmake_export_typesupport_libraries-extras.cmake
[29.417s] -- Symlinking: /home/developer/aerostack2_ws/install/as2_msgs/share/as2_msgs/cmake/as2_msgsConfig.cmake
[29.422s] -- Symlinking: /home/developer/aerostack2_ws/install/as2_msgs/share/as2_msgs/cmake/as2_msgsConfig-version.cmake
[29.426s] -- Symlinking: /home/developer/aerostack2_ws/install/as2_msgs/share/as2_msgs/package.xml
[29.431s] -- Installing: /home/developer/aerostack2_ws/install/as2_msgs/lib/libas2_msgs__rosidl_generator_c.so
[29.432s] -- Set runtime path of "/home/developer/aerostack2_ws/install/as2_msgs/lib/libas2_msgs__rosidl_generator_c.so" to ""
[29.432s] -- Installing: /home/developer/aerostack2_ws/install/as2_msgs/lib/libas2_msgs__rosidl_typesupport_fastrtps_c.so
[29.432s] -- Set runtime path of "/home/developer/aerostack2_ws/install/as2_msgs/lib/libas2_msgs__rosidl_typesupport_fastrtps_c.so" to ""
[29.432s] -- Installing: /home/developer/aerostack2_ws/install/as2_msgs/lib/libas2_msgs__rosidl_typesupport_introspection_c.so
[29.432s] -- Set runtime path of "/home/developer/aerostack2_ws/install/as2_msgs/lib/libas2_msgs__rosidl_typesupport_introspection_c.so" to ""
[29.432s] -- Installing: /home/developer/aerostack2_ws/install/as2_msgs/lib/libas2_msgs__rosidl_typesupport_c.so
[29.433s] -- Set runtime path of "/home/developer/aerostack2_ws/install/as2_msgs/lib/libas2_msgs__rosidl_typesupport_c.so" to ""
[29.433s] -- Installing: /home/developer/aerostack2_ws/install/as2_msgs/lib/libas2_msgs__rosidl_typesupport_fastrtps_cpp.so
[29.433s] -- Set runtime path of "/home/developer/aerostack2_ws/install/as2_msgs/lib/libas2_msgs__rosidl_typesupport_fastrtps_cpp.so" to ""
[29.433s] -- Installing: /home/developer/aerostack2_ws/install/as2_msgs/lib/libas2_msgs__rosidl_typesupport_introspection_cpp.so
[29.434s] -- Set runtime path of "/home/developer/aerostack2_ws/install/as2_msgs/lib/libas2_msgs__rosidl_typesupport_introspection_cpp.so" to ""
[29.434s] -- Installing: /home/developer/aerostack2_ws/install/as2_msgs/lib/libas2_msgs__rosidl_typesupport_cpp.so
[29.434s] -- Set runtime path of "/home/developer/aerostack2_ws/install/as2_msgs/lib/libas2_msgs__rosidl_typesupport_cpp.so" to ""
[29.531s] Listing '/home/developer/aerostack2_ws/install/as2_msgs/local/lib/python3.10/dist-packages/as2_msgs'...
[29.531s] Compiling '/home/developer/aerostack2_ws/install/as2_msgs/local/lib/python3.10/dist-packages/as2_msgs/__init__.py'...
[29.531s] Listing '/home/developer/aerostack2_ws/install/as2_msgs/local/lib/python3.10/dist-packages/as2_msgs/action'...
[29.531s] Compiling '/home/developer/aerostack2_ws/install/as2_msgs/local/lib/python3.10/dist-packages/as2_msgs/action/__init__.py'...
[29.531s] Compiling '/home/developer/aerostack2_ws/install/as2_msgs/local/lib/python3.10/dist-packages/as2_msgs/action/_detect_aruco_markers.py'...
[29.531s] Compiling '/home/developer/aerostack2_ws/install/as2_msgs/local/lib/python3.10/dist-packages/as2_msgs/action/_follow_path.py'...
[29.531s] Compiling '/home/developer/aerostack2_ws/install/as2_msgs/local/lib/python3.10/dist-packages/as2_msgs/action/_follow_reference.py'...
[29.531s] Compiling '/home/developer/aerostack2_ws/install/as2_msgs/local/lib/python3.10/dist-packages/as2_msgs/action/_force_estimation.py'...
[29.531s] Compiling '/home/developer/aerostack2_ws/install/as2_msgs/local/lib/python3.10/dist-packages/as2_msgs/action/_generate_polynomial_trajectory.py'...
[29.531s] Compiling '/home/developer/aerostack2_ws/install/as2_msgs/local/lib/python3.10/dist-packages/as2_msgs/action/_go_to_waypoint.py'...
[29.531s] Compiling '/home/developer/aerostack2_ws/install/as2_msgs/local/lib/python3.10/dist-packages/as2_msgs/action/_gripper_handler.py'...
[29.532s] Compiling '/home/developer/aerostack2_ws/install/as2_msgs/local/lib/python3.10/dist-packages/as2_msgs/action/_land.py'...
[29.532s] Compiling '/home/developer/aerostack2_ws/install/as2_msgs/local/lib/python3.10/dist-packages/as2_msgs/action/_mass_estimation.py'...
[29.532s] Compiling '/home/developer/aerostack2_ws/install/as2_msgs/local/lib/python3.10/dist-packages/as2_msgs/action/_navigate_to_point.py'...
[29.532s] Compiling '/home/developer/aerostack2_ws/install/as2_msgs/local/lib/python3.10/dist-packages/as2_msgs/action/_point_gimbal.py'...
[29.532s] Compiling '/home/developer/aerostack2_ws/install/as2_msgs/local/lib/python3.10/dist-packages/as2_msgs/action/_precision_landing.py'...
[29.532s] Compiling '/home/developer/aerostack2_ws/install/as2_msgs/local/lib/python3.10/dist-packages/as2_msgs/action/_set_arming_state.py'...
[29.532s] Compiling '/home/developer/aerostack2_ws/install/as2_msgs/local/lib/python3.10/dist-packages/as2_msgs/action/_set_offboard_mode.py'...
[29.532s] Compiling '/home/developer/aerostack2_ws/install/as2_msgs/local/lib/python3.10/dist-packages/as2_msgs/action/_swarm_flocking.py'...
[29.532s] Compiling '/home/developer/aerostack2_ws/install/as2_msgs/local/lib/python3.10/dist-packages/as2_msgs/action/_takeoff.py'...
[29.532s] Listing '/home/developer/aerostack2_ws/install/as2_msgs/local/lib/python3.10/dist-packages/as2_msgs/msg'...
[29.532s] Compiling '/home/developer/aerostack2_ws/install/as2_msgs/local/lib/python3.10/dist-packages/as2_msgs/msg/__init__.py'...
[29.532s] Compiling '/home/developer/aerostack2_ws/install/as2_msgs/local/lib/python3.10/dist-packages/as2_msgs/msg/_acro.py'...
[29.532s] Compiling '/home/developer/aerostack2_ws/install/as2_msgs/local/lib/python3.10/dist-packages/as2_msgs/msg/_alert_event.py'...
[29.532s] Compiling '/home/developer/aerostack2_ws/install/as2_msgs/local/lib/python3.10/dist-packages/as2_msgs/msg/_behavior_status.py'...
[29.532s] Compiling '/home/developer/aerostack2_ws/install/as2_msgs/local/lib/python3.10/dist-packages/as2_msgs/msg/_control_mode.py'...
[29.532s] Compiling '/home/developer/aerostack2_ws/install/as2_msgs/local/lib/python3.10/dist-packages/as2_msgs/msg/_controller_info.py'...
[29.532s] Compiling '/home/developer/aerostack2_ws/install/as2_msgs/local/lib/python3.10/dist-packages/as2_msgs/msg/_follow_target_info.py'...
[29.532s] Compiling '/home/developer/aerostack2_ws/install/as2_msgs/local/lib/python3.10/dist-packages/as2_msgs/msg/_geozone.py'...
[29.532s] Compiling '/home/developer/aerostack2_ws/install/as2_msgs/local/lib/python3.10/dist-packages/as2_msgs/msg/_gimbal_control.py'...
[29.532s] Compiling '/home/developer/aerostack2_ws/install/as2_msgs/local/lib/python3.10/dist-packages/as2_msgs/msg/_mission_event.py'...
[29.532s] Compiling '/home/developer/aerostack2_ws/install/as2_msgs/local/lib/python3.10/dist-packages/as2_msgs/msg/_mission_update.py'...
[29.532s] Compiling '/home/developer/aerostack2_ws/install/as2_msgs/local/lib/python3.10/dist-packages/as2_msgs/msg/_node_status.py'...
[29.532s] Compiling '/home/developer/aerostack2_ws/install/as2_msgs/local/lib/python3.10/dist-packages/as2_msgs/msg/_platform_info.py'...
[29.532s] Compiling '/home/developer/aerostack2_ws/install/as2_msgs/local/lib/python3.10/dist-packages/as2_msgs/msg/_platform_state_machine_event.py'...
[29.532s] Compiling '/home/developer/aerostack2_ws/install/as2_msgs/local/lib/python3.10/dist-packages/as2_msgs/msg/_platform_status.py'...
[29.532s] Compiling '/home/developer/aerostack2_ws/install/as2_msgs/local/lib/python3.10/dist-packages/as2_msgs/msg/_polygon_list.py'...
[29.532s] Compiling '/home/developer/aerostack2_ws/install/as2_msgs/local/lib/python3.10/dist-packages/as2_msgs/msg/_pose_stamped_with_id.py'...
[29.532s] Compiling '/home/developer/aerostack2_ws/install/as2_msgs/local/lib/python3.10/dist-packages/as2_msgs/msg/_pose_stamped_with_id_array.py'...
[29.532s] Compiling '/home/developer/aerostack2_ws/install/as2_msgs/local/lib/python3.10/dist-packages/as2_msgs/msg/_pose_with_id.py'...
[29.532s] Compiling '/home/developer/aerostack2_ws/install/as2_msgs/local/lib/python3.10/dist-packages/as2_msgs/msg/_pose_with_id_array.py'...
[29.532s] Compiling '/home/developer/aerostack2_ws/install/as2_msgs/local/lib/python3.10/dist-packages/as2_msgs/msg/_speed.py'...
[29.532s] Compiling '/home/developer/aerostack2_ws/install/as2_msgs/local/lib/python3.10/dist-packages/as2_msgs/msg/_thrust.py'...
[29.532s] Compiling '/home/developer/aerostack2_ws/install/as2_msgs/local/lib/python3.10/dist-packages/as2_msgs/msg/_traj_gen_info.py'...
[29.532s] Compiling '/home/developer/aerostack2_ws/install/as2_msgs/local/lib/python3.10/dist-packages/as2_msgs/msg/_trajectory_point.py'...
[29.532s] Compiling '/home/developer/aerostack2_ws/install/as2_msgs/local/lib/python3.10/dist-packages/as2_msgs/msg/_trajectory_setpoints.py'...
[29.532s] Compiling '/home/developer/aerostack2_ws/install/as2_msgs/local/lib/python3.10/dist-packages/as2_msgs/msg/_u_int16_multi_array_stamped.py'...
[29.532s] Compiling '/home/developer/aerostack2_ws/install/as2_msgs/local/lib/python3.10/dist-packages/as2_msgs/msg/_yaw_mode.py'...
[29.532s] Listing '/home/developer/aerostack2_ws/install/as2_msgs/local/lib/python3.10/dist-packages/as2_msgs/srv'...
[29.532s] Compiling '/home/developer/aerostack2_ws/install/as2_msgs/local/lib/python3.10/dist-packages/as2_msgs/srv/__init__.py'...
[29.532s] Compiling '/home/developer/aerostack2_ws/install/as2_msgs/local/lib/python3.10/dist-packages/as2_msgs/srv/_add_static_transform.py'...
[29.532s] Compiling '/home/developer/aerostack2_ws/install/as2_msgs/local/lib/python3.10/dist-packages/as2_msgs/srv/_add_static_transform_gps.py'...
[29.532s] Compiling '/home/developer/aerostack2_ws/install/as2_msgs/local/lib/python3.10/dist-packages/as2_msgs/srv/_dynamic_follower.py'...
[29.532s] Compiling '/home/developer/aerostack2_ws/install/as2_msgs/local/lib/python3.10/dist-packages/as2_msgs/srv/_dynamic_land.py'...
[29.532s] Compiling '/home/developer/aerostack2_ws/install/as2_msgs/local/lib/python3.10/dist-packages/as2_msgs/srv/_geopath_to_path.py'...
[29.532s] Compiling '/home/developer/aerostack2_ws/install/as2_msgs/local/lib/python3.10/dist-packages/as2_msgs/srv/_get_geozone.py'...
[29.532s] Compiling '/home/developer/aerostack2_ws/install/as2_msgs/local/lib/python3.10/dist-packages/as2_msgs/srv/_get_origin.py'...
[29.532s] Compiling '/home/developer/aerostack2_ws/install/as2_msgs/local/lib/python3.10/dist-packages/as2_msgs/srv/_list_control_modes.py'...
[29.532s] Compiling '/home/developer/aerostack2_ws/install/as2_msgs/local/lib/python3.10/dist-packages/as2_msgs/srv/_modify_swarm.py'...
[29.532s] Compiling '/home/developer/aerostack2_ws/install/as2_msgs/local/lib/python3.10/dist-packages/as2_msgs/srv/_package_pick_up.py'...
[29.532s] Compiling '/home/developer/aerostack2_ws/install/as2_msgs/local/lib/python3.10/dist-packages/as2_msgs/srv/_package_un_pick.py'...
[29.532s] Compiling '/home/developer/aerostack2_ws/install/as2_msgs/local/lib/python3.10/dist-packages/as2_msgs/srv/_path_to_geopath.py'...
[29.533s] Compiling '/home/developer/aerostack2_ws/install/as2_msgs/local/lib/python3.10/dist-packages/as2_msgs/srv/_set_control_mode.py'...
[29.534s] Compiling '/home/developer/aerostack2_ws/install/as2_msgs/local/lib/python3.10/dist-packages/as2_msgs/srv/_set_geozone.py'...
[29.534s] Compiling '/home/developer/aerostack2_ws/install/as2_msgs/local/lib/python3.10/dist-packages/as2_msgs/srv/_set_origin.py'...
[29.534s] Compiling '/home/developer/aerostack2_ws/install/as2_msgs/local/lib/python3.10/dist-packages/as2_msgs/srv/_set_platform_state_machine_event.py'...
[29.534s] Compiling '/home/developer/aerostack2_ws/install/as2_msgs/local/lib/python3.10/dist-packages/as2_msgs/srv/_set_speed.py'...
[29.537s] -- Installing: /home/developer/aerostack2_ws/install/as2_msgs/lib/libas2_msgs__rosidl_generator_py.so
[29.537s] -- Set runtime path of "/home/developer/aerostack2_ws/install/as2_msgs/lib/libas2_msgs__rosidl_generator_py.so" to ""
[29.537s] -- Installing: /home/developer/aerostack2_ws/install/as2_msgs/share/as2_msgs/cmake/export_as2_msgs__rosidl_generator_cExport.cmake
[29.537s] -- Installing: /home/developer/aerostack2_ws/install/as2_msgs/share/as2_msgs/cmake/export_as2_msgs__rosidl_generator_cExport-noconfig.cmake
[29.538s] -- Installing: /home/developer/aerostack2_ws/install/as2_msgs/share/as2_msgs/cmake/export_as2_msgs__rosidl_typesupport_fastrtps_cExport.cmake
[29.538s] -- Installing: /home/developer/aerostack2_ws/install/as2_msgs/share/as2_msgs/cmake/export_as2_msgs__rosidl_typesupport_fastrtps_cExport-noconfig.cmake
[29.538s] -- Installing: /home/developer/aerostack2_ws/install/as2_msgs/share/as2_msgs/cmake/as2_msgs__rosidl_typesupport_introspection_cExport.cmake
[29.538s] -- Installing: /home/developer/aerostack2_ws/install/as2_msgs/share/as2_msgs/cmake/as2_msgs__rosidl_typesupport_introspection_cExport-noconfig.cmake
[29.538s] -- Installing: /home/developer/aerostack2_ws/install/as2_msgs/share/as2_msgs/cmake/as2_msgs__rosidl_typesupport_cExport.cmake
[29.538s] -- Installing: /home/developer/aerostack2_ws/install/as2_msgs/share/as2_msgs/cmake/as2_msgs__rosidl_typesupport_cExport-noconfig.cmake
[29.538s] -- Installing: /home/developer/aerostack2_ws/install/as2_msgs/share/as2_msgs/cmake/export_as2_msgs__rosidl_generator_cppExport.cmake
[29.538s] -- Installing: /home/developer/aerostack2_ws/install/as2_msgs/share/as2_msgs/cmake/export_as2_msgs__rosidl_typesupport_fastrtps_cppExport.cmake
[29.538s] -- Installing: /home/developer/aerostack2_ws/install/as2_msgs/share/as2_msgs/cmake/export_as2_msgs__rosidl_typesupport_fastrtps_cppExport-noconfig.cmake
[29.538s] -- Installing: /home/developer/aerostack2_ws/install/as2_msgs/share/as2_msgs/cmake/as2_msgs__rosidl_typesupport_introspection_cppExport.cmake
[29.538s] -- Installing: /home/developer/aerostack2_ws/install/as2_msgs/share/as2_msgs/cmake/as2_msgs__rosidl_typesupport_introspection_cppExport-noconfig.cmake
[29.538s] -- Installing: /home/developer/aerostack2_ws/install/as2_msgs/share/as2_msgs/cmake/as2_msgs__rosidl_typesupport_cppExport.cmake
[29.538s] -- Installing: /home/developer/aerostack2_ws/install/as2_msgs/share/as2_msgs/cmake/as2_msgs__rosidl_typesupport_cppExport-noconfig.cmake
[29.538s] -- Installing: /home/developer/aerostack2_ws/install/as2_msgs/share/as2_msgs/cmake/export_as2_msgs__rosidl_generator_pyExport.cmake
[29.538s] -- Installing: /home/developer/aerostack2_ws/install/as2_msgs/share/as2_msgs/cmake/export_as2_msgs__rosidl_generator_pyExport-noconfig.cmake
[29.540s] Invoked command in '/home/developer/aerostack2_ws/build/as2_msgs' returned '0': CMAKE_PREFIX_PATH=/opt/ros/humble /usr/bin/cmake --install /home/developer/aerostack2_ws/build/as2_msgs
