[INFO] [1789468283.498803946] [candidate_generation_node]: Inscrito em /x500_px4/sensor_measurements/livox_avia/points, publicando candidatos em /perception/landing_candidates/points. voxel_size=0.06m, normal_search_radius=0.5m, max_inclination=15.0 graus.
[WARN] [1789468283.502528457] [candidate_generation_node]: TF nao disponivel ainda: "earth" passed to lookupTransform argument target_frame does not exist. 
[INFO] [1789468284.794499960] [candidate_generation_node]: 107 pontos apos voxel -> 107 sobrevivem ao filtro coarse (grid 1.0m, altura max 0.5m)
[WARN] [1789468284.816497375] [candidate_generation_node]: 50 candidatos descartados por estarem fora do cenario de teste (limite ±7.0m)
[INFO] [1789468284.816984863] [candidate_generation_node]: 0 candidatos validos
[INFO] [1789468286.925465933] [candidate_generation_node]: 107 pontos apos voxel -> 107 sobrevivem ao filtro coarse (grid 1.0m, altura max 0.5m)
[INFO] [1789468286.956115207] [candidate_generation_node]: 0 candidatos validos
[WARN] [1789468288.427566071] [candidate_generation_node]: TF nao disponivel ainda: Lookup would require extrapolation into the future.  Requested time 20.500000 but the latest data is at time 20.496000, when looking up transform from frame [x500_px4/livox_avia/lidar_3d/gpu_ray] to frame [earth]
[INFO] [1789468288.959947694] [candidate_generation_node]: 102 pontos apos voxel -> 102 sobrevivem ao filtro coarse (grid 1.0m, altura max 0.5m)
[INFO] [1789468288.976498717] [candidate_generation_node]: 0 candidatos validos
[WARN] [1789468289.914445672] [candidate_generation_node]: 50 candidatos descartados por estarem fora do cenario de teste (limite ±7.0m)
[WARN] [1789468290.905338836] [candidate_generation_node]: TF nao disponivel ainda: Lookup would require extrapolation into the future.  Requested time 22.900000 but the latest data is at time 22.884000, when looking up transform from frame [x500_px4/livox_avia/lidar_3d/gpu_ray] to frame [earth]
[INFO] [1789468290.985040650] [candidate_generation_node]: 110 pontos apos voxel -> 110 sobrevivem ao filtro coarse (grid 1.0m, altura max 0.5m)
[INFO] [1789468291.007483033] [candidate_generation_node]: 0 candidatos validos
[INFO] [1789468293.034736868] [candidate_generation_node]: 109 pontos apos voxel -> 109 sobrevivem ao filtro coarse (grid 1.0m, altura max 0.5m)
[INFO] [1789468293.052334976] [candidate_generation_node]: 0 candidatos validos
[WARN] [1789468293.786704907] [candidate_generation_node]: TF nao disponivel ainda: Lookup would require extrapolation into the future.  Requested time 25.700000 but the latest data is at time 25.692000, when looking up transform from frame [x500_px4/livox_avia/lidar_3d/gpu_ray] to frame [earth]
[WARN] [1789468295.063437182] [candidate_generation_node]: 50 candidatos descartados por estarem fora do cenario de teste (limite ±7.0m)
[INFO] [1789468295.065285262] [candidate_generation_node]: 0 candidatos validos
[INFO] [1789468295.327581191] [candidate_generation_node]: 124 pontos apos voxel -> 124 sobrevivem ao filtro coarse (grid 1.0m, altura max 0.5m)
[WARN] [1789468295.819519495] [candidate_generation_node]: TF nao disponivel ainda: Lookup would require extrapolation into the future.  Requested time 27.700000 but the latest data is at time 27.684000, when looking up transform from frame [x500_px4/livox_avia/lidar_3d/gpu_ray] to frame [earth]
[INFO] [1789468297.293393945] [candidate_generation_node]: 0 candidatos validos
[INFO] [1789468297.353778239] [candidate_generation_node]: 111 pontos apos voxel -> 111 sobrevivem ao filtro coarse (grid 1.0m, altura max 0.5m)
[WARN] [1789468298.049635775] [candidate_generation_node]: TF nao disponivel ainda: Lookup would require extrapolation into the future.  Requested time 29.900000 but the latest data is at time 29.892000, when looking up transform from frame [x500_px4/livox_avia/lidar_3d/gpu_ray] to frame [earth]
[INFO] [1789468299.463817073] [candidate_generation_node]: 746 pontos apos voxel -> 124 sobrevivem ao filtro coarse (grid 1.0m, altura max 0.5m)
[INFO] [1789468299.485632167] [candidate_generation_node]: 0 candidatos validos
[WARN] [1789468300.234000621] [candidate_generation_node]: 50 candidatos descartados por estarem fora do cenario de teste (limite ±7.0m)
[INFO] [1789468301.500310475] [candidate_generation_node]: 3793 pontos apos voxel -> 2454 sobrevivem ao filtro coarse (grid 1.0m, altura max 0.5m)
[INFO] [1789468301.538375671] [candidate_generation_node]: 0 candidatos validos
[WARN] [1789468302.116220161] [candidate_generation_node]: TF nao disponivel ainda: Lookup would require extrapolation into the future.  Requested time 33.900000 but the latest data is at time 33.852000, when looking up transform from frame [x500_px4/livox_avia/lidar_3d/gpu_ray] to frame [earth]
[INFO] [1789468302.543674200] [candidate_generation_node]: 1/50 candidatos validos | raio min/media/max: 0.70/0.70/0.70m | inclinacao media: 8.4 graus
[INFO] [1789468302.545173593] [candidate_generation_node]: MELHOR AREA (id=0, 1 conhecidas): (6.99, 1.16, 0.06) raio=0.70m score=0.682 confirmacoes=1
[INFO] [1789468302.546516840] [candidate_generation_node]: [CALIBRACAO] voxel=0.06m | total_areas=1 | areas_confirmadas(>=10)=0
[INFO] [1789468303.558226072] [candidate_generation_node]: 9152 pontos apos voxel -> 7921 sobrevivem ao filtro coarse (grid 1.0m, altura max 0.5m)
[WARN] [1789468304.341155583] [candidate_generation_node]: TF nao disponivel ainda: Lookup would require extrapolation into the future.  Requested time 36.100000 but the latest data is at time 36.072000, when looking up transform from frame [x500_px4/livox_avia/lidar_3d/gpu_ray] to frame [earth]
[INFO] [1789468304.622221841] [candidate_generation_node]: 6/50 candidatos validos | raio min/media/max: 0.70/0.70/0.70m | inclinacao media: 3.0 graus
[INFO] [1789468304.624236959] [candidate_generation_node]: MELHOR AREA (id=3, 6 conhecidas): (6.72, -0.40, 0.08) raio=0.70m score=0.815 confirmacoes=10
[WARN] [1789468305.263451852] [candidate_generation_node]: 40 candidatos descartados por estarem fora do cenario de teste (limite ±7.0m)
[INFO] [1789468305.674003448] [candidate_generation_node]: 15912 pontos apos voxel -> 14733 sobrevivem ao filtro coarse (grid 1.0m, altura max 0.5m)
[INFO] [1789468305.733829971] [candidate_generation_node]: [CALIBRACAO] voxel=0.06m | total_areas=14 | areas_confirmadas(>=10)=5
[WARN] [1789468306.364916178] [candidate_generation_node]: TF nao disponivel ainda: Lookup would require extrapolation into the future.  Requested time 38.100000 but the latest data is at time 38.040000, when looking up transform from frame [x500_px4/livox_avia/lidar_3d/gpu_ray] to frame [earth]
[INFO] [1789468306.710547486] [candidate_generation_node]: 6/50 candidatos validos | raio min/media/max: 0.70/0.70/0.70m | inclinacao media: 3.3 graus
[INFO] [1789468306.712009340] [candidate_generation_node]: MELHOR AREA (id=3, 20 conhecidas): (6.72, -0.40, 0.08) raio=0.70m score=0.815 confirmacoes=13
[INFO] [1789468307.713751437] [candidate_generation_node]: 26183 pontos apos voxel -> 25048 sobrevivem ao filtro coarse (grid 1.0m, altura max 0.5m)
[INFO] [1789468308.176996529] [candidate_generation_node]: known_areas resetado (27 areas descartadas)
[WARN] [1789468308.512723339] [candidate_generation_node]: TF nao disponivel ainda: Lookup would require extrapolation into the future.  Requested time 40.200000 but the latest data is at time 40.164000, when looking up transform from frame [x500_px4/livox_avia/lidar_3d/gpu_ray] to frame [earth]
[INFO] [1789468308.763591042] [candidate_generation_node]: 10/50 candidatos validos | raio min/media/max: 0.70/0.70/0.70m | inclinacao media: 2.7 graus
[INFO] [1789468308.765478581] [candidate_generation_node]: MELHOR AREA (id=3, 16 conhecidas): (6.76, 0.47, 0.10) raio=0.70m score=0.799 confirmacoes=3
[INFO] [1789468308.766435241] [candidate_generation_node]: [CALIBRACAO] voxel=0.06m | total_areas=16 | areas_confirmadas(>=10)=0
[INFO] [1789468309.729910693] [candidate_generation_node]: 29732 pontos apos voxel -> 28670 sobrevivem ao filtro coarse (grid 1.0m, altura max 0.5m)
[WARN] [1789468310.378310511] [candidate_generation_node]: 34 candidatos descartados por estarem fora do cenario de teste (limite ±7.0m)
[WARN] [1789468310.607173533] [candidate_generation_node]: TF nao disponivel ainda: Lookup would require extrapolation into the future.  Requested time 42.300000 but the latest data is at time 42.228000, when looking up transform from frame [x500_px4/livox_avia/lidar_3d/gpu_ray] to frame [earth]
[INFO] [1789468310.796954510] [candidate_generation_node]: 18/50 candidatos validos | raio min/media/max: 0.70/0.70/0.70m | inclinacao media: 2.9 graus
[INFO] [1789468310.804090423] [candidate_generation_node]: MELHOR AREA (id=1, 39 conhecidas): (5.52, -1.66, 0.12) raio=0.70m score=0.785 confirmacoes=14
[INFO] [1789468311.949944829] [candidate_generation_node]: 30179 pontos apos voxel -> 29626 sobrevivem ao filtro coarse (grid 1.0m, altura max 0.5m)
[INFO] [1789468312.016757422] [candidate_generation_node]: [CALIBRACAO] voxel=0.06m | total_areas=49 | areas_confirmadas(>=10)=5
[WARN] [1789468312.724751068] [candidate_generation_node]: TF nao disponivel ainda: Lookup would require extrapolation into the future.  Requested time 44.400000 but the latest data is at time 44.340000, when looking up transform from frame [x500_px4/livox_avia/lidar_3d/gpu_ray] to frame [earth]
[INFO] [1789468313.027127958] [candidate_generation_node]: 21/50 candidatos validos | raio min/media/max: 0.70/0.70/0.70m | inclinacao media: 3.1 graus
[INFO] [1789468313.034705096] [candidate_generation_node]: MELHOR AREA (id=1, 65 conhecidas): (5.52, -1.72, 0.12) raio=0.70m score=0.801 confirmacoes=21
[INFO] [1789468314.054851862] [candidate_generation_node]: 27885 pontos apos voxel -> 26832 sobrevivem ao filtro coarse (grid 1.0m, altura max 0.5m)
[WARN] [1789468314.835445403] [candidate_generation_node]: TF nao disponivel ainda: Lookup would require extrapolation into the future.  Requested time 46.500000 but the latest data is at time 46.440000, when looking up transform from frame [x500_px4/livox_avia/lidar_3d/gpu_ray] to frame [earth]
[INFO] [1789468315.175085476] [candidate_generation_node]: 27/50 candidatos validos | raio min/media/max: 0.70/0.70/0.70m | inclinacao media: 3.1 graus
[INFO] [1789468315.185247882] [candidate_generation_node]: MELHOR AREA (id=38, 93 conhecidas): (3.49, 1.42, 0.02) raio=0.70m score=0.867 confirmacoes=14
[INFO] [1789468315.188697905] [candidate_generation_node]: [CALIBRACAO] voxel=0.06m | total_areas=93 | areas_confirmadas(>=10)=20
[WARN] [1789468315.403583060] [candidate_generation_node]: 8 candidatos descartados por estarem fora do cenario de teste (limite ±7.0m)
[INFO] [1789468316.080702068] [candidate_generation_node]: 28012 pontos apos voxel -> 27433 sobrevivem ao filtro coarse (grid 1.0m, altura max 0.5m)
[WARN] [1789468316.865631590] [candidate_generation_node]: TF nao disponivel ainda: Lookup would require extrapolation into the future.  Requested time 48.500000 but the latest data is at time 48.432000, when looking up transform from frame [x500_px4/livox_avia/lidar_3d/gpu_ray] to frame [earth]
[INFO] [1789468317.413447997] [candidate_generation_node]: 38/50 candidatos validos | raio min/media/max: 0.70/0.70/0.70m | inclinacao media: 2.9 graus
[INFO] [1789468317.442676840] [candidate_generation_node]: MELHOR AREA (id=38, 127 conhecidas): (3.23, 1.27, 0.02) raio=0.70m score=0.875 confirmacoes=19
[INFO] [1789468318.156902808] [candidate_generation_node]: 28366 pontos apos voxel -> 27269 sobrevivem ao filtro coarse (grid 1.0m, altura max 0.5m)
[INFO] [1789468318.206470636] [candidate_generation_node]: [CALIBRACAO] voxel=0.06m | total_areas=138 | areas_confirmadas(>=10)=40
[WARN] [1789468319.062338266] [candidate_generation_node]: TF nao disponivel ainda: Lookup would require extrapolation into the future.  Requested time 50.700000 but the latest data is at time 50.640000, when looking up transform from frame [x500_px4/livox_avia/lidar_3d/gpu_ray] to frame [earth]
[INFO] [1789468319.623221944] [candidate_generation_node]: 37/50 candidatos validos | raio min/media/max: 0.70/0.70/0.70m | inclinacao media: 2.6 graus
[INFO] [1789468319.645200268] [candidate_generation_node]: MELHOR AREA (id=38, 155 conhecidas): (3.23, 1.27, 0.02) raio=0.70m score=0.875 confirmacoes=24
[INFO] [1789468320.166247285] [candidate_generation_node]: 28289 pontos apos voxel -> 27201 sobrevivem ao filtro coarse (grid 1.0m, altura max 0.5m)
[INFO] [1789468321.248848964] [candidate_generation_node]: [CALIBRACAO] voxel=0.06m | total_areas=184 | areas_confirmadas(>=10)=58
[WARN] [1789468321.255197426] [candidate_generation_node]: TF nao disponivel ainda: Lookup would require extrapolation into the future.  Requested time 52.900000 but the latest data is at time 52.836000, when looking up transform from frame [x500_px4/livox_avia/lidar_3d/gpu_ray] to frame [earth]
[INFO] [1789468321.903443278] [candidate_generation_node]: 38/50 candidatos validos | raio min/media/max: 0.70/0.70/0.70m | inclinacao media: 3.1 graus
[INFO] [1789468321.929656046] [candidate_generation_node]: MELHOR AREA (id=38, 195 conhecidas): (3.23, 1.27, 0.02) raio=0.70m score=0.875 confirmacoes=24
[INFO] [1789468322.288315604] [candidate_generation_node]: 27868 pontos apos voxel -> 26721 sobrevivem ao filtro coarse (grid 1.0m, altura max 0.5m)
[WARN] [1789468323.417043364] [candidate_generation_node]: TF nao disponivel ainda: Lookup would require extrapolation into the future.  Requested time 55.000000 but the latest data is at time 54.924000, when looking up transform from frame [x500_px4/livox_avia/lidar_3d/gpu_ray] to frame [earth]
[INFO] [1789468324.015234155] [candidate_generation_node]: 42/50 candidatos validos | raio min/media/max: 0.70/0.70/0.70m | inclinacao media: 2.4 graus
[INFO] [1789468324.051184463] [candidate_generation_node]: MELHOR AREA (id=38, 230 conhecidas): (3.23, 1.27, 0.02) raio=0.70m score=0.875 confirmacoes=24
[INFO] [1789468324.342872637] [candidate_generation_node]: [CALIBRACAO] voxel=0.06m | total_areas=233 | areas_confirmadas(>=10)=84
[INFO] [1789468324.608233343] [candidate_generation_node]: 27872 pontos apos voxel -> 27298 sobrevivem ao filtro coarse (grid 1.0m, altura max 0.5m)
[WARN] [1789468325.362589530] [candidate_generation_node]: 1 candidatos descartados por estarem fora do cenario de teste (limite ±7.0m)
[WARN] [1789468325.481539094] [candidate_generation_node]: TF nao disponivel ainda: Lookup would require extrapolation into the future.  Requested time 57.100000 but the latest data is at time 57.012000, when looking up transform from frame [x500_px4/livox_avia/lidar_3d/gpu_ray] to frame [earth]
[INFO] [1789468326.063356662] [candidate_generation_node]: 38/50 candidatos validos | raio min/media/max: 0.70/0.70/0.70m | inclinacao media: 2.6 graus
[INFO] [1789468326.086454023] [candidate_generation_node]: MELHOR AREA (id=186, 256 conhecidas): (-3.21, -1.98, 0.02) raio=0.70m score=0.883 confirmacoes=17
[INFO] [1789468326.618274520] [candidate_generation_node]: 27372 pontos apos voxel -> 26820 sobrevivem ao filtro coarse (grid 1.0m, altura max 0.5m)
[INFO] [1789468327.613510911] [candidate_generation_node]: [CALIBRACAO] voxel=0.06m | total_areas=269 | areas_confirmadas(>=10)=105
[WARN] [1789468327.617595043] [candidate_generation_node]: TF nao disponivel ainda: Lookup would require extrapolation into the future.  Requested time 59.200000 but the latest data is at time 59.124000, when looking up transform from frame [x500_px4/livox_avia/lidar_3d/gpu_ray] to frame [earth]
[INFO] [1789468328.363473351] [candidate_generation_node]: 30/50 candidatos validos | raio min/media/max: 0.70/0.70/0.70m | inclinacao media: 2.9 graus
[INFO] [1789468328.396160744] [candidate_generation_node]: MELHOR AREA (id=169, 274 conhecidas): (-3.06, -2.25, 0.03) raio=0.70m score=0.891 confirmacoes=18
[INFO] [1789468328.637103443] [candidate_generation_node]: 26928 pontos apos voxel -> 26344 sobrevivem ao filtro coarse (grid 1.0m, altura max 0.5m)
[WARN] [1789468329.813690740] [candidate_generation_node]: TF nao disponivel ainda: Lookup would require extrapolation into the future.  Requested time 61.400000 but the latest data is at time 61.332000, when looking up transform from frame [x500_px4/livox_avia/lidar_3d/gpu_ray] to frame [earth]
[INFO] [1789468330.957188711] [candidate_generation_node]: 26115 pontos apos voxel -> 25553 sobrevivem ao filtro coarse (grid 1.0m, altura max 0.5m)
[WARN] [1789468330.992078148] [candidate_generation_node]: 22 candidatos descartados por estarem fora do cenario de teste (limite ±7.0m)
[INFO] [1789468330.993366653] [candidate_generation_node]: 17/50 candidatos validos | raio min/media/max: 0.70/0.70/0.70m | inclinacao media: 2.7 graus
[INFO] [1789468331.023160864] [candidate_generation_node]: MELHOR AREA (id=169, 283 conhecidas): (-3.06, -2.25, 0.03) raio=0.70m score=0.891 confirmacoes=23
[INFO] [1789468331.032337151] [candidate_generation_node]: [CALIBRACAO] voxel=0.06m | total_areas=283 | areas_confirmadas(>=10)=116
[WARN] [1789468331.825483156] [candidate_generation_node]: TF nao disponivel ainda: Lookup would require extrapolation into the future.  Requested time 63.400000 but the latest data is at time 63.348000, when looking up transform from frame [x500_px4/livox_avia/lidar_3d/gpu_ray] to frame [earth]
[INFO] [1789468333.091613822] [candidate_generation_node]: 26886 pontos apos voxel -> 25786 sobrevivem ao filtro coarse (grid 1.0m, altura max 0.5m)
[INFO] [1789468333.145659799] [candidate_generation_node]: 22/50 candidatos validos | raio min/media/max: 0.70/0.70/0.70m | inclinacao media: 3.2 graus
[INFO] [1789468333.193004852] [candidate_generation_node]: MELHOR AREA (id=169, 289 conhecidas): (-3.06, -2.25, 0.03) raio=0.70m score=0.891 confirmacoes=25
[WARN] [1789468333.970132244] [candidate_generation_node]: TF nao disponivel ainda: Lookup would require extrapolation into the future.  Requested time 65.500000 but the latest data is at time 65.424000, when looking up transform from frame [x500_px4/livox_avia/lidar_3d/gpu_ray] to frame [earth]
[INFO] [1789468334.233207011] [candidate_generation_node]: [CALIBRACAO] voxel=0.06m | total_areas=292 | areas_confirmadas(>=10)=131
[INFO] [1789468335.171386929] [candidate_generation_node]: 26142 pontos apos voxel -> 24560 sobrevivem ao filtro coarse (grid 1.0m, altura max 0.5m)
[INFO] [1789468335.214968561] [candidate_generation_node]: 18/50 candidatos validos | raio min/media/max: 0.70/0.70/0.70m | inclinacao media: 3.8 graus
[INFO] [1789468335.259281478] [candidate_generation_node]: MELHOR AREA (id=169, 292 conhecidas): (-3.06, -2.25, 0.03) raio=0.70m score=0.891 confirmacoes=29
[WARN] [1789468336.017302111] [candidate_generation_node]: 22 candidatos descartados por estarem fora do cenario de teste (limite ±7.0m)
[WARN] [1789468336.078895385] [candidate_generation_node]: TF nao disponivel ainda: Lookup would require extrapolation into the future.  Requested time 67.600000 but the latest data is at time 67.536000, when looking up transform from frame [x500_px4/livox_avia/lidar_3d/gpu_ray] to frame [earth]
[INFO] [1789468337.175287564] [candidate_generation_node]: 26874 pontos apos voxel -> 24752 sobrevivem ao filtro coarse (grid 1.0m, altura max 0.5m)
[INFO] [1789468337.218839962] [candidate_generation_node]: 26/50 candidatos validos | raio min/media/max: 0.70/0.70/0.70m | inclinacao media: 2.9 graus
[INFO] [1789468337.265504001] [candidate_generation_node]: MELHOR AREA (id=169, 298 conhecidas): (-3.06, -2.25, 0.03) raio=0.70m score=0.891 confirmacoes=34
[INFO] [1789468337.281943423] [candidate_generation_node]: [CALIBRACAO] voxel=0.06m | total_areas=298 | areas_confirmadas(>=10)=138
[WARN] [1789468338.361975889] [candidate_generation_node]: TF nao disponivel ainda: Lookup would require extrapolation into the future.  Requested time 69.900000 but the latest data is at time 69.888000, when looking up transform from frame [x500_px4/livox_avia/lidar_3d/gpu_ray] to frame [earth]
[INFO] [1789468339.568593187] [candidate_generation_node]: 27225 pontos apos voxel -> 26634 sobrevivem ao filtro coarse (grid 1.0m, altura max 0.5m)
[INFO] [1789468339.596531560] [candidate_generation_node]: 22/50 candidatos validos | raio min/media/max: 0.70/0.70/0.70m | inclinacao media: 2.5 graus
[INFO] [1789468339.621666063] [candidate_generation_node]: MELHOR AREA (id=169, 306 conhecidas): (-3.06, -2.25, 0.03) raio=0.70m score=0.891 confirmacoes=40
[INFO] [1789468340.367900856] [candidate_generation_node]: [CALIBRACAO] voxel=0.06m | total_areas=313 | areas_confirmadas(>=10)=142
[WARN] [1789468340.371923247] [candidate_generation_node]: TF nao disponivel ainda: Lookup would require extrapolation into the future.  Requested time 71.900000 but the latest data is at time 71.820000, when looking up transform from frame [x500_px4/livox_avia/lidar_3d/gpu_ray] to frame [earth]
[WARN] [1789468341.351514059] [candidate_generation_node]: 12 candidatos descartados por estarem fora do cenario de teste (limite ±7.0m)
[INFO] [1789468341.691624466] [candidate_generation_node]: 26845 pontos apos voxel -> 26270 sobrevivem ao filtro coarse (grid 1.0m, altura max 0.5m)
[INFO] [1789468341.742244464] [candidate_generation_node]: 27/50 candidatos validos | raio min/media/max: 0.70/0.70/0.70m | inclinacao media: 3.0 graus
[INFO] [1789468341.790842513] [candidate_generation_node]: MELHOR AREA (id=169, 321 conhecidas): (-3.06, -2.25, 0.03) raio=0.70m score=0.891 confirmacoes=49
[WARN] [1789468342.744473014] [candidate_generation_node]: TF nao disponivel ainda: Lookup would require extrapolation into the future.  Requested time 74.200000 but the latest data is at time 74.136000, when looking up transform from frame [x500_px4/livox_avia/lidar_3d/gpu_ray] to frame [earth]
[INFO] [1789468343.509816506] [candidate_generation_node]: [CALIBRACAO] voxel=0.06m | total_areas=338 | areas_confirmadas(>=10)=149
[INFO] [1789468344.005784992] [candidate_generation_node]: 26211 pontos apos voxel -> 25112 sobrevivem ao filtro coarse (grid 1.0m, altura max 0.5m)
[INFO] [1789468344.035992079] [candidate_generation_node]: 26/50 candidatos validos | raio min/media/max: 0.70/0.70/0.70m | inclinacao media: 3.0 graus
[INFO] [1789468344.070914935] [candidate_generation_node]: MELHOR AREA (id=169, 341 conhecidas): (-3.06, -2.25, 0.03) raio=0.70m score=0.891 confirmacoes=58
[WARN] [1789468344.774274506] [candidate_generation_node]: TF nao disponivel ainda: Lookup would require extrapolation into the future.  Requested time 76.300000 but the latest data is at time 76.152000, when looking up transform from frame [x500_px4/livox_avia/lidar_3d/gpu_ray] to frame [earth]
[INFO] [1789468346.135024161] [candidate_generation_node]: 26773 pontos apos voxel -> 26248 sobrevivem ao filtro coarse (grid 1.0m, altura max 0.5m)
[INFO] [1789468346.177184594] [candidate_generation_node]: 30/50 candidatos validos | raio min/media/max: 0.70/0.70/0.70m | inclinacao media: 3.0 graus
[INFO] [1789468346.229938577] [candidate_generation_node]: MELHOR AREA (id=169, 352 conhecidas): (-3.06, -2.25, 0.03) raio=0.70m score=0.891 confirmacoes=64
[WARN] [1789468346.414658912] [candidate_generation_node]: 17 candidatos descartados por estarem fora do cenario de teste (limite ±7.0m)
[INFO] [1789468346.726300041] [candidate_generation_node]: [CALIBRACAO] voxel=0.06m | total_areas=359 | areas_confirmadas(>=10)=157
[WARN] [1789468347.050611675] [candidate_generation_node]: TF nao disponivel ainda: Lookup would require extrapolation into the future.  Requested time 78.500000 but the latest data is at time 78.432000, when looking up transform from frame [x500_px4/livox_avia/lidar_3d/gpu_ray] to frame [earth]
[INFO] [1789468348.208011012] [candidate_generation_node]: 29151 pontos apos voxel -> 28589 sobrevivem ao filtro coarse (grid 1.0m, altura max 0.5m)
[INFO] [1789468348.241323004] [candidate_generation_node]: 30/50 candidatos validos | raio min/media/max: 0.70/0.70/0.70m | inclinacao media: 2.6 graus
[INFO] [1789468348.282855321] [candidate_generation_node]: MELHOR AREA (id=169, 370 conhecidas): (-3.06, -2.25, 0.03) raio=0.70m score=0.891 confirmacoes=67
[WARN] [1789468349.113953118] [candidate_generation_node]: TF nao disponivel ainda: Lookup would require extrapolation into the future.  Requested time 80.600000 but the latest data is at time 80.532000, when looking up transform from frame [x500_px4/livox_avia/lidar_3d/gpu_ray] to frame [earth]
[INFO] [1789468349.788390824] [candidate_generation_node]: [CALIBRACAO] voxel=0.06m | total_areas=377 | areas_confirmadas(>=10)=169
[INFO] [1789468350.309813125] [candidate_generation_node]: 26973 pontos apos voxel -> 25876 sobrevivem ao filtro coarse (grid 1.0m, altura max 0.5m)
[INFO] [1789468350.355387126] [candidate_generation_node]: 28/50 candidatos validos | raio min/media/max: 0.70/0.70/0.70m | inclinacao media: 3.6 graus
[INFO] [1789468350.412760034] [candidate_generation_node]: MELHOR AREA (id=169, 380 conhecidas): (-3.06, -2.25, 0.03) raio=0.70m score=0.891 confirmacoes=67
[WARN] [1789468351.158738701] [candidate_generation_node]: TF nao disponivel ainda: Lookup would require extrapolation into the future.  Requested time 82.700000 but the latest data is at time 82.644000, when looking up transform from frame [x500_px4/livox_avia/lidar_3d/gpu_ray] to frame [earth]
[WARN] [1789468351.685780657] [candidate_generation_node]: 21 candidatos descartados por estarem fora do cenario de teste (limite ±7.0m)
[INFO] [1789468352.383193526] [candidate_generation_node]: 26326 pontos apos voxel -> 25749 sobrevivem ao filtro coarse (grid 1.0m, altura max 0.5m)
[INFO] [1789468352.415065146] [candidate_generation_node]: 20/50 candidatos validos | raio min/media/max: 0.70/0.70/0.70m | inclinacao media: 2.9 graus
[INFO] [1789468352.453627753] [candidate_generation_node]: MELHOR AREA (id=169, 393 conhecidas): (-3.06, -2.25, 0.03) raio=0.70m score=0.891 confirmacoes=67
[INFO] [1789468353.003113795] [candidate_generation_node]: [CALIBRACAO] voxel=0.06m | total_areas=393 | areas_confirmadas(>=10)=181
[WARN] [1789468353.340381161] [candidate_generation_node]: TF nao disponivel ainda: Lookup would require extrapolation into the future.  Requested time 84.800000 but the latest data is at time 84.708000, when looking up transform from frame [x500_px4/livox_avia/lidar_3d/gpu_ray] to frame [earth]
[INFO] [1789468354.806874331] [candidate_generation_node]: 26721 pontos apos voxel -> 25604 sobrevivem ao filtro coarse (grid 1.0m, altura max 0.5m)
[INFO] [1789468354.839438576] [candidate_generation_node]: 14/50 candidatos validos | raio min/media/max: 0.70/0.70/0.70m | inclinacao media: 2.9 graus
[INFO] [1789468354.864050658] [candidate_generation_node]: MELHOR AREA (id=169, 403 conhecidas): (-3.06, -2.25, 0.03) raio=0.70m score=0.891 confirmacoes=67
[WARN] [1789468355.453572359] [candidate_generation_node]: TF nao disponivel ainda: Lookup would require extrapolation into the future.  Requested time 86.900000 but the latest data is at time 86.820000, when looking up transform from frame [x500_px4/livox_avia/lidar_3d/gpu_ray] to frame [earth]
[INFO] [1789468356.003675953] [candidate_generation_node]: [CALIBRACAO] voxel=0.06m | total_areas=404 | areas_confirmadas(>=10)=192
[INFO] [1789468356.815334681] [candidate_generation_node]: 27333 pontos apos voxel -> 25089 sobrevivem ao filtro coarse (grid 1.0m, altura max 0.5m)
[WARN] [1789468356.842930282] [candidate_generation_node]: 38 candidatos descartados por estarem fora do cenario de teste (limite ±7.0m)
[INFO] [1789468356.843827352] [candidate_generation_node]: 7/50 candidatos validos | raio min/media/max: 0.70/0.70/0.70m | inclinacao media: 3.2 graus
[INFO] [1789468357.215553882] [candidate_generation_node]: MELHOR AREA (id=169, 406 conhecidas): (-3.06, -2.25, 0.03) raio=0.70m score=0.891 confirmacoes=67
[WARN] [1789468357.584724337] [candidate_generation_node]: TF nao disponivel ainda: Lookup would require extrapolation into the future.  Requested time 89.000000 but the latest data is at time 88.944000, when looking up transform from frame [x500_px4/livox_avia/lidar_3d/gpu_ray] to frame [earth]
[INFO] [1789468358.938924445] [candidate_generation_node]: 26629 pontos apos voxel -> 25514 sobrevivem ao filtro coarse (grid 1.0m, altura max 0.5m)
[INFO] [1789468358.976999803] [candidate_generation_node]: 21/50 candidatos validos | raio min/media/max: 0.70/0.70/0.70m | inclinacao media: 3.6 graus
[INFO] [1789468359.051319607] [candidate_generation_node]: [CALIBRACAO] voxel=0.06m | total_areas=419 | areas_confirmadas(>=10)=195
[INFO] [1789468359.331938022] [candidate_generation_node]: MELHOR AREA (id=346, 420 conhecidas): (-4.34, 4.17, 0.02) raio=0.70m score=0.896 confirmacoes=28
[WARN] [1789468359.633923903] [candidate_generation_node]: TF nao disponivel ainda: Lookup would require extrapolation into the future.  Requested time 91.100000 but the latest data is at time 91.032000, when looking up transform from frame [x500_px4/livox_avia/lidar_3d/gpu_ray] to frame [earth]
[INFO] [1789468361.243325129] [candidate_generation_node]: 26907 pontos apos voxel -> 25795 sobrevivem ao filtro coarse (grid 1.0m, altura max 0.5m)
[INFO] [1789468361.274321745] [candidate_generation_node]: 27/50 candidatos validos | raio min/media/max: 0.70/0.70/0.70m | inclinacao media: 2.8 graus
[INFO] [1789468361.632418531] [candidate_generation_node]: MELHOR AREA (id=346, 434 conhecidas): (-4.37, 4.46, 0.02) raio=0.70m score=0.902 confirmacoes=36
[WARN] [1789468361.653024743] [candidate_generation_node]: TF nao disponivel ainda: Lookup would require extrapolation into the future.  Requested time 93.100000 but the latest data is at time 93.024000, when looking up transform from frame [x500_px4/livox_avia/lidar_3d/gpu_ray] to frame [earth]
[WARN] [1789468362.018333856] [candidate_generation_node]: 16 candidatos descartados por estarem fora do cenario de teste (limite ±7.0m)
[INFO] [1789468362.064186657] [candidate_generation_node]: [CALIBRACAO] voxel=0.06m | total_areas=436 | areas_confirmadas(>=10)=202
[INFO] [1789468363.248798838] [candidate_generation_node]: 26055 pontos apos voxel -> 24943 sobrevivem ao filtro coarse (grid 1.0m, altura max 0.5m)
[INFO] [1789468363.299245698] [candidate_generation_node]: 25/50 candidatos validos | raio min/media/max: 0.70/0.70/0.70m | inclinacao media: 3.0 graus
[INFO] [1789468363.849805205] [candidate_generation_node]: MELHOR AREA (id=346, 446 conhecidas): (-4.37, 4.46, 0.02) raio=0.70m score=0.902 confirmacoes=38
[WARN] [1789468364.030542468] [candidate_generation_node]: TF nao disponivel ainda: Lookup would require extrapolation into the future.  Requested time 95.400000 but the latest data is at time 95.232000, when looking up transform from frame [x500_px4/livox_avia/lidar_3d/gpu_ray] to frame [earth]
[INFO] [1789468365.311619992] [candidate_generation_node]: [CALIBRACAO] voxel=0.06m | total_areas=450 | areas_confirmadas(>=10)=209
[INFO] [1789468365.416847604] [candidate_generation_node]: 26792 pontos apos voxel -> 25660 sobrevivem ao filtro coarse (grid 1.0m, altura max 0.5m)
[INFO] [1789468365.467411248] [candidate_generation_node]: 22/50 candidatos validos | raio min/media/max: 0.70/0.70/0.70m | inclinacao media: 2.8 graus
[INFO] [1789468365.852954565] [candidate_generation_node]: MELHOR AREA (id=346, 452 conhecidas): (-4.37, 4.46, 0.02) raio=0.70m score=0.902 confirmacoes=45
[WARN] [1789468366.307392783] [candidate_generation_node]: TF nao disponivel ainda: Lookup would require extrapolation into the future.  Requested time 97.800000 but the latest data is at time 97.632000, when looking up transform from frame [x500_px4/livox_avia/lidar_3d/gpu_ray] to frame [earth]
[WARN] [1789468367.281693958] [candidate_generation_node]: 3 candidatos descartados por estarem fora do cenario de teste (limite ±7.0m)
[INFO] [1789468367.549284099] [candidate_generation_node]: 27444 pontos apos voxel -> 26886 sobrevivem ao filtro coarse (grid 1.0m, altura max 0.5m)
[INFO] [1789468367.580443076] [candidate_generation_node]: 32/50 candidatos validos | raio min/media/max: 0.70/0.70/0.70m | inclinacao media: 3.5 graus
[INFO] [1789468368.001561147] [candidate_generation_node]: MELHOR AREA (id=346, 460 conhecidas): (-4.37, 4.46, 0.02) raio=0.70m score=0.902 confirmacoes=49
[INFO] [1789468368.380965734] [candidate_generation_node]: [CALIBRACAO] voxel=0.06m | total_areas=461 | areas_confirmadas(>=10)=215
[WARN] [1789468368.408882731] [candidate_generation_node]: TF nao disponivel ainda: Lookup would require extrapolation into the future.  Requested time 99.900000 but the latest data is at time 99.816000, when looking up transform from frame [x500_px4/livox_avia/lidar_3d/gpu_ray] to frame [earth]
[INFO] [1789468369.578716429] [candidate_generation_node]: 27643 pontos apos voxel -> 27093 sobrevivem ao filtro coarse (grid 1.0m, altura max 0.5m)
[INFO] [1789468369.627526451] [candidate_generation_node]: 41/50 candidatos validos | raio min/media/max: 0.70/0.70/0.70m | inclinacao media: 2.9 graus
[INFO] [1789468370.271520947] [candidate_generation_node]: MELHOR AREA (id=346, 464 conhecidas): (-4.37, 4.46, 0.02) raio=0.70m score=0.902 confirmacoes=52
[WARN] [1789468370.424753533] [candidate_generation_node]: TF nao disponivel ainda: Lookup would require extrapolation into the future.  Requested time 101.900000 but the latest data is at time 101.880000, when looking up transform from frame [x500_px4/livox_avia/lidar_3d/gpu_ray] to frame [earth]
[INFO] [1789468371.555172076] [candidate_generation_node]: [CALIBRACAO] voxel=0.06m | total_areas=468 | areas_confirmadas(>=10)=224
[INFO] [1789468371.871710585] [candidate_generation_node]: 27342 pontos apos voxel -> 26221 sobrevivem ao filtro coarse (grid 1.0m, altura max 0.5m)
[INFO] [1789468371.899480691] [candidate_generation_node]: 40/50 candidatos validos | raio min/media/max: 0.70/0.70/0.70m | inclinacao media: 2.7 graus
[INFO] [1789468372.412384082] [candidate_generation_node]: MELHOR AREA (id=346, 471 conhecidas): (-4.37, 4.46, 0.02) raio=0.70m score=0.902 confirmacoes=53
[WARN] [1789468372.510279406] [candidate_generation_node]: TF nao disponivel ainda: Lookup would require extrapolation into the future.  Requested time 104.000000 but the latest data is at time 103.980000, when looking up transform from frame [x500_px4/livox_avia/lidar_3d/gpu_ray] to frame [earth]
[INFO] [1789468374.088656288] [candidate_generation_node]: 27158 pontos apos voxel -> 26607 sobrevivem ao filtro coarse (grid 1.0m, altura max 0.5m)
[INFO] [1789468374.139457884] [candidate_generation_node]: 44/50 candidatos validos | raio min/media/max: 0.70/0.70/0.70m | inclinacao media: 3.3 graus
[INFO] [1789468374.412677027] [candidate_generation_node]: MELHOR AREA (id=346, 475 conhecidas): (-4.37, 4.46, 0.02) raio=0.70m score=0.902 confirmacoes=53
[INFO] [1789468374.647052783] [candidate_generation_node]: [CALIBRACAO] voxel=0.06m | total_areas=476 | areas_confirmadas(>=10)=237
[WARN] [1789468374.654626360] [candidate_generation_node]: TF nao disponivel ainda: Lookup would require extrapolation into the future.  Requested time 106.100000 but the latest data is at time 106.032000, when looking up transform from frame [x500_px4/livox_avia/lidar_3d/gpu_ray] to frame [earth]
[INFO] [1789468376.454555971] [candidate_generation_node]: 27669 pontos apos voxel -> 25518 sobrevivem ao filtro coarse (grid 1.0m, altura max 0.5m)
[INFO] [1789468376.483346929] [candidate_generation_node]: 41/50 candidatos validos | raio min/media/max: 0.70/0.70/0.70m | inclinacao media: 2.9 graus
[INFO] [1789468376.535520916] [candidate_generation_node]: MELHOR AREA (id=346, 478 conhecidas): (-4.37, 4.46, 0.02) raio=0.70m score=0.902 confirmacoes=53
[WARN] [1789468376.839250560] [candidate_generation_node]: TF nao disponivel ainda: Lookup would require extrapolation into the future.  Requested time 108.300000 but the latest data is at time 108.156000, when looking up transform from frame [x500_px4/livox_avia/lidar_3d/gpu_ray] to frame [earth]
[INFO] [1789468377.957164986] [candidate_generation_node]: [CALIBRACAO] voxel=0.06m | total_areas=479 | areas_confirmadas(>=10)=250
[INFO] [1789468378.667818510] [candidate_generation_node]: 27569 pontos apos voxel -> 27001 sobrevivem ao filtro coarse (grid 1.0m, altura max 0.5m)
[INFO] [1789468378.713329375] [candidate_generation_node]: 44/50 candidatos validos | raio min/media/max: 0.70/0.70/0.70m | inclinacao media: 2.6 graus
[INFO] [1789468378.771539866] [candidate_generation_node]: MELHOR AREA (id=346, 479 conhecidas): (-4.37, 4.46, 0.02) raio=0.70m score=0.902 confirmacoes=53
[WARN] [1789468379.269078736] [candidate_generation_node]: TF nao disponivel ainda: Lookup would require extrapolation into the future.  Requested time 110.600000 but the latest data is at time 110.580000, when looking up transform from frame [x500_px4/livox_avia/lidar_3d/gpu_ray] to frame [earth]
[INFO] [1789468380.700499999] [candidate_generation_node]: 27681 pontos apos voxel -> 27079 sobrevivem ao filtro coarse (grid 1.0m, altura max 0.5m)
[INFO] [1789468380.747279424] [candidate_generation_node]: 42/50 candidatos validos | raio min/media/max: 0.70/0.70/0.70m | inclinacao media: 2.8 graus
[INFO] [1789468380.817279594] [candidate_generation_node]: MELHOR AREA (id=169, 482 conhecidas): (-3.15, -2.08, 0.03) raio=0.70m score=0.910 confirmacoes=85
[INFO] [1789468381.196525739] [candidate_generation_node]: [CALIBRACAO] voxel=0.06m | total_areas=482 | areas_confirmadas(>=10)=259
[WARN] [1789468381.466067384] [candidate_generation_node]: TF nao disponivel ainda: Lookup would require extrapolation into the future.  Requested time 112.900000 but the latest data is at time 112.812000, when looking up transform from frame [x500_px4/livox_avia/lidar_3d/gpu_ray] to frame [earth]
[INFO] [1789468382.757094882] [candidate_generation_node]: 27506 pontos apos voxel -> 26929 sobrevivem ao filtro coarse (grid 1.0m, altura max 0.5m)
[INFO] [1789468382.787934990] [candidate_generation_node]: 41/50 candidatos validos | raio min/media/max: 0.70/0.70/0.70m | inclinacao media: 2.8 graus
[INFO] [1789468382.832441718] [candidate_generation_node]: MELHOR AREA (id=169, 486 conhecidas): (-3.15, -2.08, 0.03) raio=0.70m score=0.910 confirmacoes=91
[WARN] [1789468383.465570213] [candidate_generation_node]: 1 candidatos descartados por estarem fora do cenario de teste (limite ±7.0m)
[WARN] [1789468383.552883177] [candidate_generation_node]: TF nao disponivel ainda: Lookup would require extrapolation into the future.  Requested time 115.000000 but the latest data is at time 114.840000, when looking up transform from frame [x500_px4/livox_avia/lidar_3d/gpu_ray] to frame [earth]
[INFO] [1789468384.342811915] [candidate_generation_node]: [CALIBRACAO] voxel=0.06m | total_areas=489 | areas_confirmadas(>=10)=267
[INFO] [1789468384.873696163] [candidate_generation_node]: 26907 pontos apos voxel -> 26327 sobrevivem ao filtro coarse (grid 1.0m, altura max 0.5m)
[INFO] [1789468384.931142598] [candidate_generation_node]: 35/50 candidatos validos | raio min/media/max: 0.70/0.70/0.70m | inclinacao media: 3.4 graus
[INFO] [1789468384.980706643] [candidate_generation_node]: MELHOR AREA (id=169, 490 conhecidas): (-3.15, -2.08, 0.03) raio=0.70m score=0.910 confirmacoes=94
[WARN] [1789468385.637170635] [candidate_generation_node]: TF nao disponivel ainda: Lookup would require extrapolation into the future.  Requested time 117.000000 but the latest data is at time 116.916000, when looking up transform from frame [x500_px4/livox_avia/lidar_3d/gpu_ray] to frame [earth]
[INFO] [1789468386.992870195] [candidate_generation_node]: 27522 pontos apos voxel -> 26384 sobrevivem ao filtro coarse (grid 1.0m, altura max 0.5m)
[INFO] [1789468387.037746110] [candidate_generation_node]: 24/50 candidatos validos | raio min/media/max: 0.70/0.70/0.70m | inclinacao media: 3.1 graus
[INFO] [1789468387.075745541] [candidate_generation_node]: MELHOR AREA (id=169, 490 conhecidas): (-3.15, -2.08, 0.03) raio=0.70m score=0.910 confirmacoes=95
[INFO] [1789468387.412306705] [candidate_generation_node]: [CALIBRACAO] voxel=0.06m | total_areas=491 | areas_confirmadas(>=10)=271
[WARN] [1789468387.851062214] [candidate_generation_node]: TF nao disponivel ainda: Lookup would require extrapolation into the future.  Requested time 119.200000 but the latest data is at time 119.136000, when looking up transform from frame [x500_px4/livox_avia/lidar_3d/gpu_ray] to frame [earth]
[WARN] [1789468388.723945967] [candidate_generation_node]: 15 candidatos descartados por estarem fora do cenario de teste (limite ±7.0m)
[INFO] [1789468389.217864917] [candidate_generation_node]: 27727 pontos apos voxel -> 26643 sobrevivem ao filtro coarse (grid 1.0m, altura max 0.5m)
[INFO] [1789468389.264088236] [candidate_generation_node]: 29/50 candidatos validos | raio min/media/max: 0.70/0.70/0.70m | inclinacao media: 3.2 graus
[INFO] [1789468389.311890423] [candidate_generation_node]: MELHOR AREA (id=169, 493 conhecidas): (-3.15, -2.08, 0.03) raio=0.70m score=0.910 confirmacoes=95
[WARN] [1789468390.056907329] [candidate_generation_node]: TF nao disponivel ainda: Lookup would require extrapolation into the future.  Requested time 121.500000 but the latest data is at time 121.428000, when looking up transform from frame [x500_px4/livox_avia/lidar_3d/gpu_ray] to frame [earth]
[INFO] [1789468390.579065368] [candidate_generation_node]: [CALIBRACAO] voxel=0.06m | total_areas=495 | areas_confirmadas(>=10)=273
[INFO] [1789468391.417235394] [candidate_generation_node]: 27810 pontos apos voxel -> 25688 sobrevivem ao filtro coarse (grid 1.0m, altura max 0.5m)
[INFO] [1789468391.471071969] [candidate_generation_node]: 21/50 candidatos validos | raio min/media/max: 0.70/0.70/0.70m | inclinacao media: 3.1 graus
[INFO] [1789468391.487966839] [candidate_generation_node]: MELHOR AREA (id=169, 496 conhecidas): (-3.15, -2.08, 0.03) raio=0.70m score=0.910 confirmacoes=95
[WARN] [1789468392.256640136] [candidate_generation_node]: TF nao disponivel ainda: Lookup would require extrapolation into the future.  Requested time 123.700000 but the latest data is at time 123.636000, when looking up transform from frame [x500_px4/livox_avia/lidar_3d/gpu_ray] to frame [earth]
[INFO] [1789468393.744236066] [candidate_generation_node]: 27157 pontos apos voxel -> 26044 sobrevivem ao filtro coarse (grid 1.0m, altura max 0.5m)
[WARN] [1789468393.787910381] [candidate_generation_node]: 17 candidatos descartados por estarem fora do cenario de teste (limite ±7.0m)
[INFO] [1789468393.788778523] [candidate_generation_node]: 26/50 candidatos validos | raio min/media/max: 0.70/0.70/0.70m | inclinacao media: 2.8 graus
[INFO] [1789468393.802126862] [candidate_generation_node]: MELHOR AREA (id=169, 498 conhecidas): (-3.15, -2.08, 0.03) raio=0.70m score=0.910 confirmacoes=95
[INFO] [1789468393.828118263] [candidate_generation_node]: [CALIBRACAO] voxel=0.06m | total_areas=498 | areas_confirmadas(>=10)=278
[WARN] [1789468394.373242869] [candidate_generation_node]: TF nao disponivel ainda: Lookup would require extrapolation into the future.  Requested time 125.800000 but the latest data is at time 125.724000, when looking up transform from frame [x500_px4/livox_avia/lidar_3d/gpu_ray] to frame [earth]
[INFO] [1789468395.890534803] [candidate_generation_node]: 26043 pontos apos voxel -> 24938 sobrevivem ao filtro coarse (grid 1.0m, altura max 0.5m)
[INFO] [1789468395.961224477] [candidate_generation_node]: 30/50 candidatos validos | raio min/media/max: 0.70/0.70/0.70m | inclinacao media: 2.6 graus
[INFO] [1789468396.002395074] [candidate_generation_node]: MELHOR AREA (id=169, 503 conhecidas): (-3.15, -2.08, 0.03) raio=0.70m score=0.910 confirmacoes=95
[WARN] [1789468396.434130625] [candidate_generation_node]: TF nao disponivel ainda: Lookup would require extrapolation into the future.  Requested time 127.800000 but the latest data is at time 127.728000, when looking up transform from frame [x500_px4/livox_avia/lidar_3d/gpu_ray] to frame [earth]
[INFO] [1789468396.981591268] [candidate_generation_node]: [CALIBRACAO] voxel=0.06m | total_areas=505 | areas_confirmadas(>=10)=284
[INFO] [1789468398.109065286] [candidate_generation_node]: 27344 pontos apos voxel -> 26245 sobrevivem ao filtro coarse (grid 1.0m, altura max 0.5m)
[INFO] [1789468398.143631644] [candidate_generation_node]: 31/50 candidatos validos | raio min/media/max: 0.70/0.70/0.70m | inclinacao media: 3.7 graus
[INFO] [1789468398.167484415] [candidate_generation_node]: MELHOR AREA (id=169, 507 conhecidas): (-3.15, -2.08, 0.03) raio=0.70m score=0.910 confirmacoes=95
[WARN] [1789468398.459005626] [candidate_generation_node]: TF nao disponivel ainda: Lookup would require extrapolation into the future.  Requested time 129.900000 but the latest data is at time 129.888000, when looking up transform from frame [x500_px4/livox_avia/lidar_3d/gpu_ray] to frame [earth]
[WARN] [1789468399.024385998] [candidate_generation_node]: 3 candidatos descartados por estarem fora do cenario de teste (limite ±7.0m)
[INFO] [1789468400.114079940] [candidate_generation_node]: 27414 pontos apos voxel -> 26856 sobrevivem ao filtro coarse (grid 1.0m, altura max 0.5m)
[INFO] [1789468400.148773515] [candidate_generation_node]: 41/50 candidatos validos | raio min/media/max: 0.70/0.70/0.70m | inclinacao media: 3.4 graus
[INFO] [1789468400.178678489] [candidate_generation_node]: MELHOR AREA (id=169, 512 conhecidas): (-3.15, -2.08, 0.03) raio=0.70m score=0.910 confirmacoes=96
[INFO] [1789468400.308384477] [candidate_generation_node]: [CALIBRACAO] voxel=0.06m | total_areas=512 | areas_confirmadas(>=10)=286
[WARN] [1789468400.600069407] [candidate_generation_node]: TF nao disponivel ainda: Lookup would require extrapolation into the future.  Requested time 132.000000 but the latest data is at time 131.940000, when looking up transform from frame [x500_px4/livox_avia/lidar_3d/gpu_ray] to frame [earth]
[INFO] [1789468402.334795348] [candidate_generation_node]: 27333 pontos apos voxel -> 26780 sobrevivem ao filtro coarse (grid 1.0m, altura max 0.5m)
[INFO] [1789468402.385001397] [candidate_generation_node]: 42/50 candidatos validos | raio min/media/max: 0.70/0.70/0.70m | inclinacao media: 2.9 graus
[INFO] [1789468402.422251362] [candidate_generation_node]: MELHOR AREA (id=169, 513 conhecidas): (-3.15, -2.08, 0.03) raio=0.70m score=0.910 confirmacoes=96
[WARN] [1789468402.612119283] [candidate_generation_node]: TF nao disponivel ainda: Lookup would require extrapolation into the future.  Requested time 134.000000 but the latest data is at time 133.992000, when looking up transform from frame [x500_px4/livox_avia/lidar_3d/gpu_ray] to frame [earth]
[INFO] [1789468403.379174514] [candidate_generation_node]: [CALIBRACAO] voxel=0.06m | total_areas=515 | areas_confirmadas(>=10)=290
[INFO] [1789468404.533039446] [candidate_generation_node]: 27165 pontos apos voxel -> 26626 sobrevivem ao filtro coarse (grid 1.0m, altura max 0.5m)
[INFO] [1789468404.578114431] [candidate_generation_node]: 41/50 candidatos validos | raio min/media/max: 0.50/0.70/0.70m | inclinacao media: 2.8 graus
[INFO] [1789468404.631672702] [candidate_generation_node]: MELHOR AREA (id=169, 518 conhecidas): (-3.15, -2.08, 0.03) raio=0.70m score=0.910 confirmacoes=96
[WARN] [1789468404.676491030] [candidate_generation_node]: TF nao disponivel ainda: Lookup would require extrapolation into the future.  Requested time 136.000000 but the latest data is at time 135.924000, when looking up transform from frame [x500_px4/livox_avia/lidar_3d/gpu_ray] to frame [earth]
[INFO] [1789468406.504862881] [candidate_generation_node]: [CALIBRACAO] voxel=0.06m | total_areas=522 | areas_confirmadas(>=10)=299
[INFO] [1789468406.644703544] [candidate_generation_node]: 27507 pontos apos voxel -> 26392 sobrevivem ao filtro coarse (grid 1.0m, altura max 0.5m)
[INFO] [1789468406.703053495] [candidate_generation_node]: 41/50 candidatos validos | raio min/media/max: 0.70/0.70/0.70m | inclinacao media: 2.7 graus
[INFO] [1789468406.762829650] [candidate_generation_node]: MELHOR AREA (id=169, 522 conhecidas): (-3.15, -2.08, 0.03) raio=0.70m score=0.910 confirmacoes=96
[WARN] [1789468406.816090804] [candidate_generation_node]: TF nao disponivel ainda: Lookup would require extrapolation into the future.  Requested time 138.200000 but the latest data is at time 138.060000, when looking up transform from frame [x500_px4/livox_avia/lidar_3d/gpu_ray] to frame [earth]
[INFO] [1789468408.723229728] [candidate_generation_node]: 27933 pontos apos voxel -> 27348 sobrevivem ao filtro coarse (grid 1.0m, altura max 0.5m)
[INFO] [1789468408.752270136] [candidate_generation_node]: 39/50 candidatos validos | raio min/media/max: 0.70/0.70/0.70m | inclinacao media: 3.5 graus
[INFO] [1789468408.787570993] [candidate_generation_node]: MELHOR AREA (id=169, 529 conhecidas): (-3.15, -2.08, 0.03) raio=0.70m score=0.910 confirmacoes=96
[WARN] [1789468408.828827274] [candidate_generation_node]: TF nao disponivel ainda: Lookup would require extrapolation into the future.  Requested time 140.200000 but the latest data is at time 140.124000, when looking up transform from frame [x500_px4/livox_avia/lidar_3d/gpu_ray] to frame [earth]
[INFO] [1789468409.821398885] [candidate_generation_node]: [CALIBRACAO] voxel=0.06m | total_areas=534 | areas_confirmadas(>=10)=304
[INFO] [1789468410.969126578] [candidate_generation_node]: 27902 pontos apos voxel -> 26780 sobrevivem ao filtro coarse (grid 1.0m, altura max 0.5m)
[INFO] [1789468411.008086459] [candidate_generation_node]: 41/50 candidatos validos | raio min/media/max: 0.70/0.70/0.70m | inclinacao media: 2.7 graus
[INFO] [1789468411.071429646] [candidate_generation_node]: MELHOR AREA (id=169, 538 conhecidas): (-3.15, -2.08, 0.03) raio=0.70m score=0.910 confirmacoes=96
[WARN] [1789468411.371388756] [candidate_generation_node]: TF nao disponivel ainda: Lookup would require extrapolation into the future.  Requested time 142.700000 but the latest data is at time 142.632000, when looking up transform from frame [x500_px4/livox_avia/lidar_3d/gpu_ray] to frame [earth]
[INFO] [1789468412.973387331] [candidate_generation_node]: 27625 pontos apos voxel -> 26526 sobrevivem ao filtro coarse (grid 1.0m, altura max 0.5m)
[INFO] [1789468413.019701325] [candidate_generation_node]: 44/50 candidatos validos | raio min/media/max: 0.70/0.70/0.70m | inclinacao media: 3.0 graus
[INFO] [1789468413.100876905] [candidate_generation_node]: MELHOR AREA (id=169, 558 conhecidas): (-3.15, -2.08, 0.03) raio=0.70m score=0.910 confirmacoes=96
[INFO] [1789468413.125534816] [candidate_generation_node]: [CALIBRACAO] voxel=0.06m | total_areas=558 | areas_confirmadas(>=10)=314
[WARN] [1789468413.559764691] [candidate_generation_node]: TF nao disponivel ainda: Lookup would require extrapolation into the future.  Requested time 144.900000 but the latest data is at time 144.792000, when looking up transform from frame [x500_px4/livox_avia/lidar_3d/gpu_ray] to frame [earth]
[WARN] [1789468414.230050977] [candidate_generation_node]: 1 candidatos descartados por estarem fora do cenario de teste (limite ±7.0m)
[INFO] [1789468415.054726781] [candidate_generation_node]: 27260 pontos apos voxel -> 26683 sobrevivem ao filtro coarse (grid 1.0m, altura max 0.5m)
[INFO] [1789468415.085328916] [candidate_generation_node]: 35/50 candidatos validos | raio min/media/max: 0.30/0.69/0.70m | inclinacao media: 3.1 graus
[INFO] [1789468415.207307182] [candidate_generation_node]: MELHOR AREA (id=169, 573 conhecidas): (-3.15, -2.08, 0.03) raio=0.70m score=0.910 confirmacoes=96
[WARN] [1789468415.792359829] [candidate_generation_node]: TF nao disponivel ainda: Lookup would require extrapolation into the future.  Requested time 147.000000 but the latest data is at time 146.928000, when looking up transform from frame [x500_px4/livox_avia/lidar_3d/gpu_ray] to frame [earth]
[INFO] [1789468416.477341452] [candidate_generation_node]: [CALIBRACAO] voxel=0.06m | total_areas=577 | areas_confirmadas(>=10)=326
[INFO] [1789468417.293883804] [candidate_generation_node]: 26871 pontos apos voxel -> 26302 sobrevivem ao filtro coarse (grid 1.0m, altura max 0.5m)
[INFO] [1789468417.327174264] [candidate_generation_node]: 23/50 candidatos validos | raio min/media/max: 0.70/0.70/0.70m | inclinacao media: 2.8 graus
[INFO] [1789468417.376357230] [candidate_generation_node]: MELHOR AREA (id=169, 579 conhecidas): (-3.15, -2.08, 0.03) raio=0.70m score=0.910 confirmacoes=96
[WARN] [1789468418.082193589] [candidate_generation_node]: TF nao disponivel ainda: Lookup would require extrapolation into the future.  Requested time 149.300000 but the latest data is at time 149.256000, when looking up transform from frame [x500_px4/livox_avia/lidar_3d/gpu_ray] to frame [earth]
[INFO] [1789468419.315597376] [candidate_generation_node]: 27060 pontos apos voxel -> 24912 sobrevivem ao filtro coarse (grid 1.0m, altura max 0.5m)
[WARN] [1789468419.347381735] [candidate_generation_node]: 19 candidatos descartados por estarem fora do cenario de teste (limite ±7.0m)
[INFO] [1789468419.348264677] [candidate_generation_node]: 26/50 candidatos validos | raio min/media/max: 0.70/0.70/0.70m | inclinacao media: 3.5 graus
[INFO] [1789468419.419983929] [candidate_generation_node]: MELHOR AREA (id=169, 583 conhecidas): (-3.15, -2.08, 0.03) raio=0.70m score=0.910 confirmacoes=96
[INFO] [1789468419.727288137] [candidate_generation_node]: [CALIBRACAO] voxel=0.06m | total_areas=584 | areas_confirmadas(>=10)=336
[WARN] [1789468420.355022067] [candidate_generation_node]: TF nao disponivel ainda: Lookup would require extrapolation into the future.  Requested time 151.400000 but the latest data is at time 151.332000, when looking up transform from frame [x500_px4/livox_avia/lidar_3d/gpu_ray] to frame [earth]
[INFO] [1789468421.326385933] [candidate_generation_node]: 27200 pontos apos voxel -> 26130 sobrevivem ao filtro coarse (grid 1.0m, altura max 0.5m)
[INFO] [1789468421.357753112] [candidate_generation_node]: 29/50 candidatos validos | raio min/media/max: 0.70/0.70/0.70m | inclinacao media: 2.2 graus
[INFO] [1789468421.426825443] [candidate_generation_node]: MELHOR AREA (id=169, 592 conhecidas): (-3.15, -2.08, 0.03) raio=0.70m score=0.910 confirmacoes=96
[WARN] [1789468422.436184845] [candidate_generation_node]: TF nao disponivel ainda: Lookup would require extrapolation into the future.  Requested time 153.700000 but the latest data is at time 153.636000, when looking up transform from frame [x500_px4/livox_avia/lidar_3d/gpu_ray] to frame [earth]
[INFO] [1789468422.757662082] [candidate_generation_node]: [CALIBRACAO] voxel=0.06m | total_areas=596 | areas_confirmadas(>=10)=339
[INFO] [1789468423.512888570] [candidate_generation_node]: 25562 pontos apos voxel -> 24457 sobrevivem ao filtro coarse (grid 1.0m, altura max 0.5m)
[INFO] [1789468423.575901032] [candidate_generation_node]: 23/50 candidatos validos | raio min/media/max: 0.70/0.70/0.70m | inclinacao media: 2.4 graus
[INFO] [1789468423.617677251] [candidate_generation_node]: MELHOR AREA (id=169, 598 conhecidas): (-3.15, -2.08, 0.03) raio=0.70m score=0.910 confirmacoes=96
[WARN] [1789468424.588062163] [candidate_generation_node]: 23 candidatos descartados por estarem fora do cenario de teste (limite ±7.0m)
[WARN] [1789468424.728046107] [candidate_generation_node]: TF nao disponivel ainda: Lookup would require extrapolation into the future.  Requested time 155.900000 but the latest data is at time 155.832000, when looking up transform from frame [x500_px4/livox_avia/lidar_3d/gpu_ray] to frame [earth]
[INFO] [1789468425.747175954] [candidate_generation_node]: 25315 pontos apos voxel -> 24218 sobrevivem ao filtro coarse (grid 1.0m, altura max 0.5m)
[INFO] [1789468425.782099603] [candidate_generation_node]: 22/50 candidatos validos | raio min/media/max: 0.70/0.70/0.70m | inclinacao media: 2.6 graus
[INFO] [1789468425.842877101] [candidate_generation_node]: MELHOR AREA (id=169, 601 conhecidas): (-3.15, -2.08, 0.03) raio=0.70m score=0.910 confirmacoes=96
[INFO] [1789468425.875327059] [candidate_generation_node]: [CALIBRACAO] voxel=0.06m | total_areas=601 | areas_confirmadas(>=10)=349
[WARN] [1789468426.780067620] [candidate_generation_node]: TF nao disponivel ainda: Lookup would require extrapolation into the future.  Requested time 158.000000 but the latest data is at time 157.944000, when looking up transform from frame [x500_px4/livox_avia/lidar_3d/gpu_ray] to frame [earth]
[INFO] [1789468427.811402810] [candidate_generation_node]: 27158 pontos apos voxel -> 26042 sobrevivem ao filtro coarse (grid 1.0m, altura max 0.5m)
[INFO] [1789468427.858567851] [candidate_generation_node]: 13/50 candidatos validos | raio min/media/max: 0.70/0.70/0.70m | inclinacao media: 2.8 graus
[INFO] [1789468427.914469797] [candidate_generation_node]: MELHOR AREA (id=169, 601 conhecidas): (-3.15, -2.08, 0.03) raio=0.70m score=0.910 confirmacoes=96
[WARN] [1789468428.794247873] [candidate_generation_node]: TF nao disponivel ainda: Lookup would require extrapolation into the future.  Requested time 160.100000 but the latest data is at time 159.984000, when looking up transform from frame [x500_px4/livox_avia/lidar_3d/gpu_ray] to frame [earth]
[INFO] [1789468429.086603943] [candidate_generation_node]: [CALIBRACAO] voxel=0.06m | total_areas=601 | areas_confirmadas(>=10)=352
[WARN] [1789468429.794922020] [candidate_generation_node]: 21 candidatos descartados por estarem fora do cenario de teste (limite ±7.0m)
[INFO] [1789468430.034827169] [candidate_generation_node]: 27853 pontos apos voxel -> 27281 sobrevivem ao filtro coarse (grid 1.0m, altura max 0.5m)
[INFO] [1789468430.084424428] [candidate_generation_node]: 22/50 candidatos validos | raio min/media/max: 0.70/0.70/0.70m | inclinacao media: 2.2 graus
[INFO] [1789468430.136224699] [candidate_generation_node]: MELHOR AREA (id=169, 602 conhecidas): (-3.15, -2.08, 0.03) raio=0.70m score=0.910 confirmacoes=96
[WARN] [1789468430.866055195] [candidate_generation_node]: TF nao disponivel ainda: Lookup would require extrapolation into the future.  Requested time 162.100000 but the latest data is at time 162.000000, when looking up transform from frame [x500_px4/livox_avia/lidar_3d/gpu_ray] to frame [earth]
[INFO] [1789468432.060602958] [candidate_generation_node]: 28673 pontos apos voxel -> 28104 sobrevivem ao filtro coarse (grid 1.0m, altura max 0.5m)
[INFO] [1789468432.093067962] [candidate_generation_node]: 19/50 candidatos validos | raio min/media/max: 0.70/0.70/0.70m | inclinacao media: 2.4 graus
[INFO] [1789468432.152119307] [candidate_generation_node]: [CALIBRACAO] voxel=0.06m | total_areas=603 | areas_confirmadas(>=10)=355
[INFO] [1789468432.469557295] [candidate_generation_node]: MELHOR AREA (id=169, 603 conhecidas): (-3.15, -2.08, 0.03) raio=0.70m score=0.910 confirmacoes=96
[WARN] [1789468433.355673869] [candidate_generation_node]: TF nao disponivel ainda: Lookup would require extrapolation into the future.  Requested time 164.600000 but the latest data is at time 164.544000, when looking up transform from frame [x500_px4/livox_avia/lidar_3d/gpu_ray] to frame [earth]
[INFO] [1789468434.179682329] [candidate_generation_node]: 26628 pontos apos voxel -> 26057 sobrevivem ao filtro coarse (grid 1.0m, altura max 0.5m)
[INFO] [1789468434.224223228] [candidate_generation_node]: 30/50 candidatos validos | raio min/media/max: 0.70/0.70/0.70m | inclinacao media: 2.9 graus
[INFO] [1789468434.650229010] [candidate_generation_node]: MELHOR AREA (id=169, 606 conhecidas): (-3.15, -2.08, 0.03) raio=0.70m score=0.910 confirmacoes=96
[WARN] [1789468435.212730144] [candidate_generation_node]: 12 candidatos descartados por estarem fora do cenario de teste (limite ±7.0m)
[INFO] [1789468435.295895733] [candidate_generation_node]: [CALIBRACAO] voxel=0.06m | total_areas=606 | areas_confirmadas(>=10)=359
[WARN] [1789468435.674167489] [candidate_generation_node]: TF nao disponivel ainda: Lookup would require extrapolation into the future.  Requested time 166.900000 but the latest data is at time 166.824000, when looking up transform from frame [x500_px4/livox_avia/lidar_3d/gpu_ray] to frame [earth]
[INFO] [1789468436.277104116] [candidate_generation_node]: 27692 pontos apos voxel -> 26575 sobrevivem ao filtro coarse (grid 1.0m, altura max 0.5m)
[INFO] [1789468436.323866607] [candidate_generation_node]: 23/50 candidatos validos | raio min/media/max: 0.30/0.68/0.70m | inclinacao media: 3.3 graus
[INFO] [1789468436.786117416] [candidate_generation_node]: MELHOR AREA (id=169, 607 conhecidas): (-3.15, -2.08, 0.03) raio=0.70m score=0.910 confirmacoes=96
[WARN] [1789468437.808271161] [candidate_generation_node]: TF nao disponivel ainda: Lookup would require extrapolation into the future.  Requested time 169.000000 but the latest data is at time 168.936000, when looking up transform from frame [x500_px4/livox_avia/lidar_3d/gpu_ray] to frame [earth]
[INFO] [1789468438.370008842] [candidate_generation_node]: 26878 pontos apos voxel -> 25766 sobrevivem ao filtro coarse (grid 1.0m, altura max 0.5m)
[INFO] [1789468438.400125133] [candidate_generation_node]: 27/50 candidatos validos | raio min/media/max: 0.70/0.70/0.70m | inclinacao media: 2.8 graus
[INFO] [1789468438.457040398] [candidate_generation_node]: [CALIBRACAO] voxel=0.06m | total_areas=608 | areas_confirmadas(>=10)=361
[INFO] [1789468439.339131592] [candidate_generation_node]: MELHOR AREA (id=169, 608 conhecidas): (-3.15, -2.08, 0.03) raio=0.70m score=0.910 confirmacoes=96
[WARN] [1789468439.810820053] [candidate_generation_node]: TF nao disponivel ainda: Lookup would require extrapolation into the future.  Requested time 171.000000 but the latest data is at time 170.940000, when looking up transform from frame [x500_px4/livox_avia/lidar_3d/gpu_ray] to frame [earth]
[WARN] [1789468440.399300297] [candidate_generation_node]: 17 candidatos descartados por estarem fora do cenario de teste (limite ±7.0m)
[INFO] [1789468440.556603741] [candidate_generation_node]: 28025 pontos apos voxel -> 27468 sobrevivem ao filtro coarse (grid 1.0m, altura max 0.5m)
[INFO] [1789468440.609443908] [candidate_generation_node]: 30/50 candidatos validos | raio min/media/max: 0.70/0.70/0.70m | inclinacao media: 2.7 graus
[INFO] [1789468441.382498547] [candidate_generation_node]: MELHOR AREA (id=169, 611 conhecidas): (-3.15, -2.08, 0.03) raio=0.70m score=0.910 confirmacoes=96
[INFO] [1789468441.678757397] [candidate_generation_node]: [CALIBRACAO] voxel=0.06m | total_areas=611 | areas_confirmadas(>=10)=366
[WARN] [1789468441.816735700] [candidate_generation_node]: TF nao disponivel ainda: Lookup would require extrapolation into the future.  Requested time 173.100000 but the latest data is at time 173.088000, when looking up transform from frame [x500_px4/livox_avia/lidar_3d/gpu_ray] to frame [earth]
[INFO] [1789468442.830357564] [candidate_generation_node]: 27224 pontos apos voxel -> 26148 sobrevivem ao filtro coarse (grid 1.0m, altura max 0.5m)
[INFO] [1789468442.867691727] [candidate_generation_node]: 32/50 candidatos validos | raio min/media/max: 0.70/0.70/0.70m | inclinacao media: 2.9 graus
[INFO] [1789468443.575446631] [candidate_generation_node]: MELHOR AREA (id=169, 611 conhecidas): (-3.15, -2.08, 0.03) raio=0.70m score=0.910 confirmacoes=96
[WARN] [1789468443.953836170] [candidate_generation_node]: TF nao disponivel ainda: Lookup would require extrapolation into the future.  Requested time 175.200000 but the latest data is at time 175.116000, when looking up transform from frame [x500_px4/livox_avia/lidar_3d/gpu_ray] to frame [earth]
[INFO] [1789468444.791091791] [candidate_generation_node]: [CALIBRACAO] voxel=0.06m | total_areas=612 | areas_confirmadas(>=10)=368
[INFO] [1789468445.212290093] [candidate_generation_node]: 28220 pontos apos voxel -> 27642 sobrevivem ao filtro coarse (grid 1.0m, altura max 0.5m)
[INFO] [1789468445.249173701] [candidate_generation_node]: 18/50 candidatos validos | raio min/media/max: 0.70/0.70/0.70m | inclinacao media: 2.5 graus
[WARN] [1789468445.529334937] [candidate_generation_node]: 18 candidatos descartados por estarem fora do cenario de teste (limite ±7.0m)
[INFO] [1789468446.295886574] [candidate_generation_node]: MELHOR AREA (id=169, 615 conhecidas): (-3.15, -2.08, 0.03) raio=0.70m score=0.910 confirmacoes=96
[WARN] [1789468446.327659878] [candidate_generation_node]: TF nao disponivel ainda: Lookup would require extrapolation into the future.  Requested time 177.500000 but the latest data is at time 177.432000, when looking up transform from frame [x500_px4/livox_avia/lidar_3d/gpu_ray] to frame [earth]
[INFO] [1789468447.416422339] [candidate_generation_node]: 26647 pontos apos voxel -> 26085 sobrevivem ao filtro coarse (grid 1.0m, altura max 0.5m)
[INFO] [1789468447.468914089] [candidate_generation_node]: 25/50 candidatos validos | raio min/media/max: 0.70/0.70/0.70m | inclinacao media: 2.6 graus
[INFO] [1789468447.836956295] [candidate_generation_node]: [CALIBRACAO] voxel=0.06m | total_areas=615 | areas_confirmadas(>=10)=370
[WARN] [1789468448.352988023] [candidate_generation_node]: TF nao disponivel ainda: Lookup would require extrapolation into the future.  Requested time 179.600000 but the latest data is at time 179.580000, when looking up transform from frame [x500_px4/livox_avia/lidar_3d/gpu_ray] to frame [earth]
[INFO] [1789468448.551966957] [candidate_generation_node]: MELHOR AREA (id=169, 615 conhecidas): (-3.15, -2.08, 0.03) raio=0.70m score=0.910 confirmacoes=96
[INFO] [1789468449.549552338] [candidate_generation_node]: 28429 pontos apos voxel -> 27366 sobrevivem ao filtro coarse (grid 1.0m, altura max 0.5m)
[INFO] [1789468449.598994491] [candidate_generation_node]: 14/50 candidatos validos | raio min/media/max: 0.70/0.70/0.70m | inclinacao media: 2.9 graus
[WARN] [1789468450.362660367] [candidate_generation_node]: TF nao disponivel ainda: Lookup would require extrapolation into the future.  Requested time 181.500000 but the latest data is at time 181.440000, when looking up transform from frame [x500_px4/livox_avia/lidar_3d/gpu_ray] to frame [earth]
[WARN] [1789468450.587410723] [candidate_generation_node]: 28 candidatos descartados por estarem fora do cenario de teste (limite ±7.0m)
[INFO] [1789468450.614158838] [candidate_generation_node]: MELHOR AREA (id=169, 616 conhecidas): (-3.15, -2.08, 0.03) raio=0.70m score=0.910 confirmacoes=96
[INFO] [1789468450.902574030] [candidate_generation_node]: [CALIBRACAO] voxel=0.06m | total_areas=616 | areas_confirmadas(>=10)=373
[INFO] [1789468451.740762166] [candidate_generation_node]: 26850 pontos apos voxel -> 24712 sobrevivem ao filtro coarse (grid 1.0m, altura max 0.5m)
[INFO] [1789468451.793440236] [candidate_generation_node]: 14/50 candidatos validos | raio min/media/max: 0.70/0.70/0.70m | inclinacao media: 2.4 graus
[WARN] [1789468452.383330746] [candidate_generation_node]: TF nao disponivel ainda: Lookup would require extrapolation into the future.  Requested time 183.400000 but the latest data is at time 183.336000, when looking up transform from frame [x500_px4/livox_avia/lidar_3d/gpu_ray] to frame [earth]
[INFO] [1789468452.654963585] [candidate_generation_node]: MELHOR AREA (id=169, 617 conhecidas): (-3.15, -2.08, 0.03) raio=0.70m score=0.910 confirmacoes=96
[INFO] [1789468453.743895335] [candidate_generation_node]: 25789 pontos apos voxel -> 23602 sobrevivem ao filtro coarse (grid 1.0m, altura max 0.5m)
[INFO] [1789468453.794242073] [candidate_generation_node]: 16/50 candidatos validos | raio min/media/max: 0.70/0.70/0.70m | inclinacao media: 3.0 graus
[INFO] [1789468454.274807165] [candidate_generation_node]: [CALIBRACAO] voxel=0.06m | total_areas=617 | areas_confirmadas(>=10)=373
[WARN] [1789468454.571479574] [candidate_generation_node]: TF nao disponivel ainda: Lookup would require extrapolation into the future.  Requested time 185.700000 but the latest data is at time 185.628000, when looking up transform from frame [x500_px4/livox_avia/lidar_3d/gpu_ray] to frame [earth]
[INFO] [1789468454.953296978] [candidate_generation_node]: MELHOR AREA (id=169, 618 conhecidas): (-3.15, -2.08, 0.03) raio=0.70m score=0.910 confirmacoes=96
[INFO] [1789468455.962732302] [candidate_generation_node]: 27865 pontos apos voxel -> 27310 sobrevivem ao filtro coarse (grid 1.0m, altura max 0.5m)
[WARN] [1789468455.993503267] [candidate_generation_node]: 22 candidatos descartados por estarem fora do cenario de teste (limite ±7.0m)
[INFO] [1789468455.994515666] [candidate_generation_node]: 20/50 candidatos validos | raio min/media/max: 0.70/0.70/0.70m | inclinacao media: 2.6 graus
[WARN] [1789468456.688822833] [candidate_generation_node]: TF nao disponivel ainda: Lookup would require extrapolation into the future.  Requested time 187.800000 but the latest data is at time 187.740000, when looking up transform from frame [x500_px4/livox_avia/lidar_3d/gpu_ray] to frame [earth]
[INFO] [1789468457.000740892] [candidate_generation_node]: MELHOR AREA (id=169, 621 conhecidas): (-3.15, -2.08, 0.03) raio=0.70m score=0.910 confirmacoes=96
[INFO] [1789468457.377965423] [candidate_generation_node]: [CALIBRACAO] voxel=0.06m | total_areas=621 | areas_confirmadas(>=10)=376
[INFO] [1789468458.078558260] [candidate_generation_node]: 28041 pontos apos voxel -> 26894 sobrevivem ao filtro coarse (grid 1.0m, altura max 0.5m)
[INFO] [1789468458.112940102] [candidate_generation_node]: 27/50 candidatos validos | raio min/media/max: 0.70/0.70/0.70m | inclinacao media: 2.6 graus
[WARN] [1789468458.773991062] [candidate_generation_node]: TF nao disponivel ainda: Lookup would require extrapolation into the future.  Requested time 189.900000 but the latest data is at time 189.828000, when looking up transform from frame [x500_px4/livox_avia/lidar_3d/gpu_ray] to frame [earth]
[INFO] [1789468459.150590582] [candidate_generation_node]: MELHOR AREA (id=169, 622 conhecidas): (-3.15, -2.08, 0.03) raio=0.70m score=0.910 confirmacoes=96
[INFO] [1789468460.195687024] [candidate_generation_node]: 26851 pontos apos voxel -> 25748 sobrevivem ao filtro coarse (grid 1.0m, altura max 0.5m)
[INFO] [1789468460.241944627] [candidate_generation_node]: 31/50 candidatos validos | raio min/media/max: 0.70/0.70/0.70m | inclinacao media: 2.8 graus
[INFO] [1789468460.652374794] [candidate_generation_node]: [CALIBRACAO] voxel=0.06m | total_areas=623 | areas_confirmadas(>=10)=380
[WARN] [1789468460.880818573] [candidate_generation_node]: TF nao disponivel ainda: Lookup would require extrapolation into the future.  Requested time 192.000000 but the latest data is at time 191.940000, when looking up transform from frame [x500_px4/livox_avia/lidar_3d/gpu_ray] to frame [earth]
[WARN] [1789468461.129929190] [candidate_generation_node]: 4 candidatos descartados por estarem fora do cenario de teste (limite ±7.0m)
[INFO] [1789468461.177519568] [candidate_generation_node]: MELHOR AREA (id=169, 624 conhecidas): (-3.15, -2.08, 0.03) raio=0.70m score=0.910 confirmacoes=96
[INFO] [1789468462.291078765] [candidate_generation_node]: 26871 pontos apos voxel -> 26320 sobrevivem ao filtro coarse (grid 1.0m, altura max 0.5m)
[INFO] [1789468462.336631914] [candidate_generation_node]: 32/50 candidatos validos | raio min/media/max: 0.70/0.70/0.70m | inclinacao media: 3.3 graus
[WARN] [1789468463.151179231] [candidate_generation_node]: TF nao disponivel ainda: Lookup would require extrapolation into the future.  Requested time 194.200000 but the latest data is at time 194.124000, when looking up transform from frame [x500_px4/livox_avia/lidar_3d/gpu_ray] to frame [earth]
[INFO] [1789468463.483457342] [candidate_generation_node]: MELHOR AREA (id=169, 624 conhecidas): (-3.15, -2.08, 0.03) raio=0.70m score=0.910 confirmacoes=97
[INFO] [1789468463.845691685] [candidate_generation_node]: [CALIBRACAO] voxel=0.06m | total_areas=624 | areas_confirmadas(>=10)=383
[INFO] [1789468464.414002942] [candidate_generation_node]: 27234 pontos apos voxel -> 26102 sobrevivem ao filtro coarse (grid 1.0m, altura max 0.5m)
[INFO] [1789468464.442284475] [candidate_generation_node]: 38/50 candidatos validos | raio min/media/max: 0.70/0.70/0.70m | inclinacao media: 3.3 graus
[WARN] [1789468465.250366898] [candidate_generation_node]: TF nao disponivel ainda: Lookup would require extrapolation into the future.  Requested time 196.200000 but the latest data is at time 196.140000, when looking up transform from frame [x500_px4/livox_avia/lidar_3d/gpu_ray] to frame [earth]
[INFO] [1789468465.751698920] [candidate_generation_node]: MELHOR AREA (id=169, 624 conhecidas): (-3.15, -2.08, 0.03) raio=0.70m score=0.910 confirmacoes=102
[INFO] [1789468466.725792756] [candidate_generation_node]: 27102 pontos apos voxel -> 26515 sobrevivem ao filtro coarse (grid 1.0m, altura max 0.5m)
[INFO] [1789468466.779185586] [candidate_generation_node]: 44/50 candidatos validos | raio min/media/max: 0.70/0.70/0.70m | inclinacao media: 2.8 graus
[INFO] [1789468466.847335251] [candidate_generation_node]: [CALIBRACAO] voxel=0.06m | total_areas=624 | areas_confirmadas(>=10)=384
[WARN] [1789468467.421123893] [candidate_generation_node]: TF nao disponivel ainda: Lookup would require extrapolation into the future.  Requested time 198.500000 but the latest data is at time 198.444000, when looking up transform from frame [x500_px4/livox_avia/lidar_3d/gpu_ray] to frame [earth]
[INFO] [1789468467.785690780] [candidate_generation_node]: MELHOR AREA (id=169, 625 conhecidas): (-3.15, -2.08, 0.03) raio=0.70m score=0.910 confirmacoes=105
[INFO] [1789468468.938920333] [candidate_generation_node]: 26960 pontos apos voxel -> 26388 sobrevivem ao filtro coarse (grid 1.0m, altura max 0.5m)
[INFO] [1789468469.014565760] [candidate_generation_node]: 42/50 candidatos validos | raio min/media/max: 0.70/0.70/0.70m | inclinacao media: 2.9 graus
[WARN] [1789468469.608397064] [candidate_generation_node]: TF nao disponivel ainda: Lookup would require extrapolation into the future.  Requested time 200.700000 but the latest data is at time 200.604000, when looking up transform from frame [x500_px4/livox_avia/lidar_3d/gpu_ray] to frame [earth]
[INFO] [1789468470.029257351] [candidate_generation_node]: MELHOR AREA (id=169, 627 conhecidas): (-3.28, -2.26, 0.02) raio=0.70m score=0.913 confirmacoes=107
[INFO] [1789468470.061907543] [candidate_generation_node]: [CALIBRACAO] voxel=0.06m | total_areas=627 | areas_confirmadas(>=10)=385
[INFO] [1789468471.061352374] [candidate_generation_node]: 27254 pontos apos voxel -> 26679 sobrevivem ao filtro coarse (grid 1.0m, altura max 0.5m)
[WARN] [1789468471.092757499] [candidate_generation_node]: 3 candidatos descartados por estarem fora do cenario de teste (limite ±7.0m)
[INFO] [1789468471.093453864] [candidate_generation_node]: 40/50 candidatos validos | raio min/media/max: 0.70/0.70/0.70m | inclinacao media: 2.9 graus
[WARN] [1789468471.628814864] [candidate_generation_node]: TF nao disponivel ainda: Lookup would require extrapolation into the future.  Requested time 202.500000 but the latest data is at time 202.428000, when looking up transform from frame [x500_px4/livox_avia/lidar_3d/gpu_ray] to frame [earth]
[INFO] [1789468472.267134095] [candidate_generation_node]: MELHOR AREA (id=169, 628 conhecidas): (-3.35, -2.12, 0.03) raio=0.70m score=0.920 confirmacoes=111
[INFO] [1789468473.285882704] [candidate_generation_node]: 26998 pontos apos voxel -> 25875 sobrevivem ao filtro coarse (grid 1.0m, altura max 0.5m)
[INFO] [1789468473.334974067] [candidate_generation_node]: 34/50 candidatos validos | raio min/media/max: 0.70/0.70/0.70m | inclinacao media: 2.9 graus
[INFO] [1789468473.403439505] [candidate_generation_node]: [CALIBRACAO] voxel=0.06m | total_areas=629 | areas_confirmadas(>=10)=389
[WARN] [1789468473.738613469] [candidate_generation_node]: TF nao disponivel ainda: Lookup would require extrapolation into the future.  Requested time 204.800000 but the latest data is at time 204.660000, when looking up transform from frame [x500_px4/livox_avia/lidar_3d/gpu_ray] to frame [earth]
[INFO] [1789468474.589461987] [candidate_generation_node]: MELHOR AREA (id=169, 629 conhecidas): (-3.35, -2.12, 0.03) raio=0.70m score=0.920 confirmacoes=111
[INFO] [1789468475.486177269] [candidate_generation_node]: 26653 pontos apos voxel -> 25555 sobrevivem ao filtro coarse (grid 1.0m, altura max 0.5m)
[INFO] [1789468475.530905170] [candidate_generation_node]: 37/50 candidatos validos | raio min/media/max: 0.70/0.70/0.70m | inclinacao media: 2.4 graus
[WARN] [1789468475.949674320] [candidate_generation_node]: TF nao disponivel ainda: Lookup would require extrapolation into the future.  Requested time 207.000000 but the latest data is at time 206.964000, when looking up transform from frame [x500_px4/livox_avia/lidar_3d/gpu_ray] to frame [earth]
[INFO] [1789468476.597458530] [candidate_generation_node]: MELHOR AREA (id=169, 629 conhecidas): (-3.35, -2.12, 0.03) raio=0.70m score=0.920 confirmacoes=111
[INFO] [1789468476.625305714] [candidate_generation_node]: [CALIBRACAO] voxel=0.06m | total_areas=629 | areas_confirmadas(>=10)=391
[WARN] [1789468476.941000553] [candidate_generation_node]: 2 candidatos descartados por estarem fora do cenario de teste (limite ±7.0m)
[INFO] [1789468477.508664845] [candidate_generation_node]: 26639 pontos apos voxel -> 25494 sobrevivem ao filtro coarse (grid 1.0m, altura max 0.5m)
[INFO] [1789468477.557860244] [candidate_generation_node]: 43/50 candidatos validos | raio min/media/max: 0.70/0.70/0.70m | inclinacao media: 2.4 graus
[WARN] [1789468477.954414271] [candidate_generation_node]: TF nao disponivel ainda: Lookup would require extrapolation into the future.  Requested time 209.000000 but the latest data is at time 208.956000, when looking up transform from frame [x500_px4/livox_avia/lidar_3d/gpu_ray] to frame [earth]
[INFO] [1789468478.687072993] [candidate_generation_node]: MELHOR AREA (id=169, 629 conhecidas): (-3.35, -2.12, 0.03) raio=0.70m score=0.920 confirmacoes=111
[INFO] [1789468479.725932336] [candidate_generation_node]: 26478 pontos apos voxel -> 25383 sobrevivem ao filtro coarse (grid 1.0m, altura max 0.5m)
[INFO] [1789468479.771570851] [candidate_generation_node]: 46/50 candidatos validos | raio min/media/max: 0.70/0.70/0.70m | inclinacao media: 2.5 graus
[INFO] [1789468479.900348428] [candidate_generation_node]: [CALIBRACAO] voxel=0.06m | total_areas=630 | areas_confirmadas(>=10)=393
[WARN] [1789468479.960558582] [candidate_generation_node]: TF nao disponivel ainda: Lookup would require extrapolation into the future.  Requested time 211.000000 but the latest data is at time 210.912000, when looking up transform from frame [x500_px4/livox_avia/lidar_3d/gpu_ray] to frame [earth]
[INFO] [1789468480.881665330] [candidate_generation_node]: MELHOR AREA (id=169, 630 conhecidas): (-3.35, -2.12, 0.03) raio=0.70m score=0.920 confirmacoes=111
[INFO] [1789468481.815390466] [candidate_generation_node]: 26694 pontos apos voxel -> 25575 sobrevivem ao filtro coarse (grid 1.0m, altura max 0.5m)
[INFO] [1789468481.849113643] [candidate_generation_node]: 37/50 candidatos validos | raio min/media/max: 0.70/0.70/0.70m | inclinacao media: 3.2 graus
[WARN] [1789468482.152497139] [candidate_generation_node]: 1 candidatos descartados por estarem fora do cenario de teste (limite ±7.0m)
[WARN] [1789468482.527396997] [candidate_generation_node]: TF nao disponivel ainda: Lookup would require extrapolation into the future.  Requested time 213.500000 but the latest data is at time 213.432000, when looking up transform from frame [x500_px4/livox_avia/lidar_3d/gpu_ray] to frame [earth]
[INFO] [1789468483.196497176] [candidate_generation_node]: MELHOR AREA (id=169, 632 conhecidas): (-3.35, -2.12, 0.03) raio=0.70m score=0.920 confirmacoes=111
[INFO] [1789468483.230548609] [candidate_generation_node]: [CALIBRACAO] voxel=0.06m | total_areas=632 | areas_confirmadas(>=10)=394
[INFO] [1789468483.874384724] [candidate_generation_node]: 26139 pontos apos voxel -> 25010 sobrevivem ao filtro coarse (grid 1.0m, altura max 0.5m)
[INFO] [1789468483.930564372] [candidate_generation_node]: 40/50 candidatos validos | raio min/media/max: 0.70/0.70/0.70m | inclinacao media: 2.9 graus
[WARN] [1789468484.772756073] [candidate_generation_node]: TF nao disponivel ainda: Lookup would require extrapolation into the future.  Requested time 215.700000 but the latest data is at time 215.604000, when looking up transform from frame [x500_px4/livox_avia/lidar_3d/gpu_ray] to frame [earth]
[INFO] [1789468485.283865916] [candidate_generation_node]: MELHOR AREA (id=169, 632 conhecidas): (-3.35, -2.12, 0.03) raio=0.70m score=0.920 confirmacoes=111
[INFO] [1789468486.048505834] [candidate_generation_node]: 22701 pontos apos voxel -> 21563 sobrevivem ao filtro coarse (grid 1.0m, altura max 0.5m)
[INFO] [1789468486.090723396] [candidate_generation_node]: 41/50 candidatos validos | raio min/media/max: 0.70/0.70/0.70m | inclinacao media: 2.5 graus
[INFO] [1789468486.632305762] [candidate_generation_node]: [CALIBRACAO] voxel=0.06m | total_areas=632 | areas_confirmadas(>=10)=397
[WARN] [1789468487.024497968] [candidate_generation_node]: TF nao disponivel ainda: Lookup would require extrapolation into the future.  Requested time 218.000000 but the latest data is at time 217.944000, when looking up transform from frame [x500_px4/livox_avia/lidar_3d/gpu_ray] to frame [earth]
[INFO] [1789468487.371000988] [candidate_generation_node]: MELHOR AREA (id=169, 633 conhecidas): (-3.35, -2.12, 0.03) raio=0.70m score=0.920 confirmacoes=111
[INFO] [1789468488.116139855] [candidate_generation_node]: 15984 pontos apos voxel -> 14800 sobrevivem ao filtro coarse (grid 1.0m, altura max 0.5m)
[INFO] [1789468488.168080107] [candidate_generation_node]: 44/50 candidatos validos | raio min/media/max: 0.70/0.70/0.70m | inclinacao media: 3.3 graus
[WARN] [1789468489.153939226] [candidate_generation_node]: TF nao disponivel ainda: Lookup would require extrapolation into the future.  Requested time 220.100000 but the latest data is at time 220.032000, when looking up transform from frame [x500_px4/livox_avia/lidar_3d/gpu_ray] to frame [earth]
[INFO] [1789468489.591701204] [candidate_generation_node]: MELHOR AREA (id=169, 634 conhecidas): (-3.35, -2.12, 0.03) raio=0.70m score=0.920 confirmacoes=111
[INFO] [1789468490.010825168] [candidate_generation_node]: [CALIBRACAO] voxel=0.06m | total_areas=634 | areas_confirmadas(>=10)=398
[INFO] [1789468490.259393453] [candidate_generation_node]: 8702 pontos apos voxel -> 7503 sobrevivem ao filtro coarse (grid 1.0m, altura max 0.5m)
[INFO] [1789468490.295098634] [candidate_generation_node]: 42/50 candidatos validos | raio min/media/max: 0.70/0.70/0.70m | inclinacao media: 3.4 graus
[WARN] [1789468491.344434569] [candidate_generation_node]: TF nao disponivel ainda: Lookup would require extrapolation into the future.  Requested time 222.300000 but the latest data is at time 222.228000, when looking up transform from frame [x500_px4/livox_avia/lidar_3d/gpu_ray] to frame [earth]
[INFO] [1789468491.657095303] [candidate_generation_node]: MELHOR AREA (id=169, 634 conhecidas): (-3.35, -2.12, 0.03) raio=0.70m score=0.920 confirmacoes=111
[INFO] [1789468492.446548421] [candidate_generation_node]: 3247 pontos apos voxel -> 1895 sobrevivem ao filtro coarse (grid 1.0m, altura max 0.5m)
[INFO] [1789468492.481232530] [candidate_generation_node]: 42/50 candidatos validos | raio min/media/max: 0.70/0.70/0.70m | inclinacao media: 3.3 graus
[INFO] [1789468493.204036303] [candidate_generation_node]: [CALIBRACAO] voxel=0.06m | total_areas=634 | areas_confirmadas(>=10)=400
[WARN] [1789468493.558578397] [candidate_generation_node]: TF nao disponivel ainda: Lookup would require extrapolation into the future.  Requested time 224.500000 but the latest data is at time 224.436000, when looking up transform from frame [x500_px4/livox_avia/lidar_3d/gpu_ray] to frame [earth]
[INFO] [1789468493.716731651] [candidate_generation_node]: MELHOR AREA (id=183, 634 conhecidas): (-2.77, -1.70, 0.02) raio=0.70m score=0.923 confirmacoes=161
[INFO] [1789468494.668894167] [candidate_generation_node]: 578 pontos apos voxel -> 578 sobrevivem ao filtro coarse (grid 1.0m, altura max 0.5m)
[INFO] [1789468494.703239648] [candidate_generation_node]: 50/50 candidatos validos | raio min/media/max: 0.70/0.70/0.70m | inclinacao media: 1.9 graus
[WARN] [1789468495.744955494] [candidate_generation_node]: TF nao disponivel ainda: Lookup would require extrapolation into the future.  Requested time 226.600000 but the latest data is at time 226.548000, when looking up transform from frame [x500_px4/livox_avia/lidar_3d/gpu_ray] to frame [earth]
[INFO] [1789468496.267800101] [candidate_generation_node]: MELHOR AREA (id=183, 634 conhecidas): (-2.77, -1.70, 0.02) raio=0.70m score=0.923 confirmacoes=184
[INFO] [1789468496.309258686] [candidate_generation_node]: [CALIBRACAO] voxel=0.06m | total_areas=634 | areas_confirmadas(>=10)=400
[INFO] [1789468496.773555392] [candidate_generation_node]: 269 pontos apos voxel -> 269 sobrevivem ao filtro coarse (grid 1.0m, altura max 0.5m)
[INFO] [1789468496.807802272] [candidate_generation_node]: 50/50 candidatos validos | raio min/media/max: 0.70/0.70/0.70m | inclinacao media: 0.8 graus
[WARN] [1789468497.863762778] [candidate_generation_node]: TF nao disponivel ainda: Lookup would require extrapolation into the future.  Requested time 228.800000 but the latest data is at time 228.732000, when looking up transform from frame [x500_px4/livox_avia/lidar_3d/gpu_ray] to frame [earth]
[INFO] [1789468498.437761185] [candidate_generation_node]: MELHOR AREA (id=183, 634 conhecidas): (-2.77, -1.70, 0.02) raio=0.70m score=0.923 confirmacoes=184
[INFO] [1789468498.857699120] [candidate_generation_node]: 116 pontos apos voxel -> 116 sobrevivem ao filtro coarse (grid 1.0m, altura max 0.5m)
[INFO] [1789468498.884645602] [candidate_generation_node]: 50/50 candidatos validos | raio min/media/max: 0.70/0.70/0.70m | inclinacao media: 1.9 graus
[INFO] [1789468499.447823371] [candidate_generation_node]: [CALIBRACAO] voxel=0.06m | total_areas=634 | areas_confirmadas(>=10)=400
[WARN] [1789468499.935223991] [candidate_generation_node]: TF nao disponivel ainda: Lookup would require extrapolation into the future.  Requested time 230.800000 but the latest data is at time 230.736000, when looking up transform from frame [x500_px4/livox_avia/lidar_3d/gpu_ray] to frame [earth]
[INFO] [1789468500.727732640] [candidate_generation_node]: MELHOR AREA (id=183, 634 conhecidas): (-2.77, -1.70, 0.02) raio=0.70m score=0.923 confirmacoes=184
[INFO] [1789468501.069270325] [candidate_generation_node]: 112 pontos apos voxel -> 112 sobrevivem ao filtro coarse (grid 1.0m, altura max 0.5m)
[INFO] [1789468501.091312906] [candidate_generation_node]: 50/50 candidatos validos | raio min/media/max: 0.70/0.70/0.70m | inclinacao media: 3.1 graus
[WARN] [1789468502.045937209] [candidate_generation_node]: TF nao disponivel ainda: Lookup would require extrapolation into the future.  Requested time 233.000000 but the latest data is at time 232.956000, when looking up transform from frame [x500_px4/livox_avia/lidar_3d/gpu_ray] to frame [earth]
[INFO] [1789468502.566651727] [candidate_generation_node]: [CALIBRACAO] voxel=0.06m | total_areas=634 | areas_confirmadas(>=10)=400
[INFO] [1789468502.794249640] [candidate_generation_node]: MELHOR AREA (id=183, 634 conhecidas): (-2.77, -1.70, 0.02) raio=0.70m score=0.923 confirmacoes=184
[INFO] [1789468503.076874318] [candidate_generation_node]: 115 pontos apos voxel -> 115 sobrevivem ao filtro coarse (grid 1.0m, altura max 0.5m)
[INFO] [1789468503.107664648] [candidate_generation_node]: 50/50 candidatos validos | raio min/media/max: 0.70/0.70/0.70m | inclinacao media: 1.4 graus
[WARN] [1789468504.156568871] [candidate_generation_node]: TF nao disponivel ainda: Lookup would require extrapolation into the future.  Requested time 235.100000 but the latest data is at time 235.080000, when looking up transform from frame [x500_px4/livox_avia/lidar_3d/gpu_ray] to frame [earth]
[INFO] [1789468504.851986597] [candidate_generation_node]: MELHOR AREA (id=183, 634 conhecidas): (-2.77, -1.70, 0.02) raio=0.70m score=0.923 confirmacoes=184
[INFO] [1789468505.691279418] [candidate_generation_node]: 119 pontos apos voxel -> 119 sobrevivem ao filtro coarse (grid 1.0m, altura max 0.5m)
[INFO] [1789468505.707128501] [candidate_generation_node]: 50/50 candidatos validos | raio min/media/max: 0.70/0.70/0.70m | inclinacao media: 2.1 graus
[INFO] [1789468505.782484598] [candidate_generation_node]: [CALIBRACAO] voxel=0.06m | total_areas=634 | areas_confirmadas(>=10)=400
[WARN] [1789468506.167481834] [candidate_generation_node]: TF nao disponivel ainda: Lookup would require extrapolation into the future.  Requested time 237.100000 but the latest data is at time 237.012000, when looking up transform from frame [x500_px4/livox_avia/lidar_3d/gpu_ray] to frame [earth]
[INFO] [1789468507.108409082] [candidate_generation_node]: MELHOR AREA (id=183, 634 conhecidas): (-2.77, -1.70, 0.02) raio=0.70m score=0.923 confirmacoes=184
[INFO] [1789468507.720802229] [candidate_generation_node]: 50/50 candidatos validos | raio min/media/max: 0.70/0.70/0.70m | inclinacao media: 1.7 graus
[INFO] [1789468507.991969046] [candidate_generation_node]: 110 pontos apos voxel -> 110 sobrevivem ao filtro coarse (grid 1.0m, altura max 0.5m)
[WARN] [1789468508.172783394] [candidate_generation_node]: TF nao disponivel ainda: Lookup would require extrapolation into the future.  Requested time 239.100000 but the latest data is at time 238.932000, when looking up transform from frame [x500_px4/livox_avia/lidar_3d/gpu_ray] to frame [earth]
[INFO] [1789468509.010387390] [candidate_generation_node]: [CALIBRACAO] voxel=0.06m | total_areas=634 | areas_confirmadas(>=10)=400
[INFO] [1789468509.294740522] [candidate_generation_node]: MELHOR AREA (id=183, 634 conhecidas): (-2.77, -1.70, 0.02) raio=0.70m score=0.923 confirmacoes=184
[INFO] [1789468510.111403412] [candidate_generation_node]: 113 pontos apos voxel -> 113 sobrevivem ao filtro coarse (grid 1.0m, altura max 0.5m)
[INFO] [1789468510.139209429] [candidate_generation_node]: 50/50 candidatos validos | raio min/media/max: 0.70/0.70/0.70m | inclinacao media: 2.4 graus
[WARN] [1789468510.265753454] [candidate_generation_node]: TF nao disponivel ainda: Lookup would require extrapolation into the future.  Requested time 241.100000 but the latest data is at time 241.032000, when looking up transform from frame [x500_px4/livox_avia/lidar_3d/gpu_ray] to frame [earth]
[INFO] [1789468511.526067472] [candidate_generation_node]: MELHOR AREA (id=183, 634 conhecidas): (-2.77, -1.70, 0.02) raio=0.70m score=0.923 confirmacoes=184
[INFO] [1789468512.218551473] [candidate_generation_node]: 113 pontos apos voxel -> 113 sobrevivem ao filtro coarse (grid 1.0m, altura max 0.5m)
[INFO] [1789468512.252404184] [candidate_generation_node]: 50/50 candidatos validos | raio min/media/max: 0.70/0.70/0.70m | inclinacao media: 2.4 graus
[INFO] [1789468512.360241334] [candidate_generation_node]: [CALIBRACAO] voxel=0.06m | total_areas=634 | areas_confirmadas(>=10)=400
[WARN] [1789468512.371874625] [candidate_generation_node]: TF nao disponivel ainda: Lookup would require extrapolation into the future.  Requested time 243.200000 but the latest data is at time 243.132000, when looking up transform from frame [x500_px4/livox_avia/lidar_3d/gpu_ray] to frame [earth]
[INFO] [1789468513.629286324] [candidate_generation_node]: MELHOR AREA (id=183, 634 conhecidas): (-2.77, -1.70, 0.02) raio=0.70m score=0.923 confirmacoes=184
[INFO] [1789468514.423155022] [candidate_generation_node]: 118 pontos apos voxel -> 118 sobrevivem ao filtro coarse (grid 1.0m, altura max 0.5m)
[INFO] [1789468514.465945970] [candidate_generation_node]: 50/50 candidatos validos | raio min/media/max: 0.70/0.70/0.70m | inclinacao media: 2.6 graus
[WARN] [1789468514.599892326] [candidate_generation_node]: TF nao disponivel ainda: Lookup would require extrapolation into the future.  Requested time 245.400000 but the latest data is at time 245.328000, when looking up transform from frame [x500_px4/livox_avia/lidar_3d/gpu_ray] to frame [earth]
[INFO] [1789468515.460190298] [candidate_generation_node]: [CALIBRACAO] voxel=0.06m | total_areas=634 | areas_confirmadas(>=10)=400
[INFO] [1789468515.742839510] [candidate_generation_node]: MELHOR AREA (id=183, 634 conhecidas): (-2.77, -1.70, 0.02) raio=0.70m score=0.923 confirmacoes=184
[INFO] [1789468516.445438326] [candidate_generation_node]: 115 pontos apos voxel -> 115 sobrevivem ao filtro coarse (grid 1.0m, altura max 0.5m)
[INFO] [1789468516.473872278] [candidate_generation_node]: 50/50 candidatos validos | raio min/media/max: 0.70/0.70/0.70m | inclinacao media: 1.1 graus
[WARN] [1789468516.612385389] [candidate_generation_node]: TF nao disponivel ainda: Lookup would require extrapolation into the future.  Requested time 247.500000 but the latest data is at time 247.392000, when looking up transform from frame [x500_px4/livox_avia/lidar_3d/gpu_ray] to frame [earth]
[INFO] [1789468517.938429198] [candidate_generation_node]: MELHOR AREA (id=183, 634 conhecidas): (-2.77, -1.70, 0.02) raio=0.70m score=0.923 confirmacoes=184
[INFO] [1789468518.459447758] [candidate_generation_node]: 108 pontos apos voxel -> 108 sobrevivem ao filtro coarse (grid 1.0m, altura max 0.5m)
[INFO] [1789468518.478363838] [candidate_generation_node]: 50/50 candidatos validos | raio min/media/max: 0.70/0.70/0.70m | inclinacao media: 2.3 graus
[INFO] [1789468518.549225713] [candidate_generation_node]: [CALIBRACAO] voxel=0.06m | total_areas=634 | areas_confirmadas(>=10)=400
[WARN] [1789468518.932589369] [candidate_generation_node]: TF nao disponivel ainda: Lookup would require extrapolation into the future.  Requested time 249.800000 but the latest data is at time 249.732000, when looking up transform from frame [x500_px4/livox_avia/lidar_3d/gpu_ray] to frame [earth]
[INFO] [1789468520.248547602] [candidate_generation_node]: MELHOR AREA (id=183, 634 conhecidas): (-2.77, -1.70, 0.02) raio=0.70m score=0.923 confirmacoes=184
[INFO] [1789468520.494564086] [candidate_generation_node]: 50/50 candidatos validos | raio min/media/max: 0.70/0.70/0.70m | inclinacao media: 2.8 graus
[INFO] [1789468520.856779189] [candidate_generation_node]: 113 pontos apos voxel -> 113 sobrevivem ao filtro coarse (grid 1.0m, altura max 0.5m)
[WARN] [1789468521.006700119] [candidate_generation_node]: TF nao disponivel ainda: Lookup would require extrapolation into the future.  Requested time 251.800000 but the latest data is at time 251.736000, when looking up transform from frame [x500_px4/livox_avia/lidar_3d/gpu_ray] to frame [earth]
[INFO] [1789468521.694164745] [candidate_generation_node]: [CALIBRACAO] voxel=0.06m | total_areas=634 | areas_confirmadas(>=10)=400
[INFO] [1789468522.395930210] [candidate_generation_node]: MELHOR AREA (id=183, 634 conhecidas): (-2.77, -1.70, 0.02) raio=0.70m score=0.923 confirmacoes=184
[INFO] [1789468522.697565773] [candidate_generation_node]: 50/50 candidatos validos | raio min/media/max: 0.70/0.70/0.70m | inclinacao media: 3.1 graus
[INFO] [1789468522.932431493] [candidate_generation_node]: 101 pontos apos voxel -> 101 sobrevivem ao filtro coarse (grid 1.0m, altura max 0.5m)
[WARN] [1789468523.398358969] [candidate_generation_node]: TF nao disponivel ainda: Lookup would require extrapolation into the future.  Requested time 254.200000 but the latest data is at time 254.136000, when looking up transform from frame [x500_px4/livox_avia/lidar_3d/gpu_ray] to frame [earth]
[INFO] [1789468524.555635885] [candidate_generation_node]: MELHOR AREA (id=183, 634 conhecidas): (-2.77, -1.70, 0.02) raio=0.70m score=0.923 confirmacoes=184
[INFO] [1789468524.896348334] [candidate_generation_node]: 50/50 candidatos validos | raio min/media/max: 0.70/0.70/0.70m | inclinacao media: 1.7 graus
[INFO] [1789468524.989676733] [candidate_generation_node]: [CALIBRACAO] voxel=0.06m | total_areas=634 | areas_confirmadas(>=10)=400
[INFO] [1789468525.152030342] [candidate_generation_node]: 112 pontos apos voxel -> 112 sobrevivem ao filtro coarse (grid 1.0m, altura max 0.5m)
[WARN] [1789468525.414128565] [candidate_generation_node]: TF nao disponivel ainda: Lookup would require extrapolation into the future.  Requested time 256.100000 but the latest data is at time 256.032000, when looking up transform from frame [x500_px4/livox_avia/lidar_3d/gpu_ray] to frame [earth]
[INFO] [1789468526.791035473] [candidate_generation_node]: MELHOR AREA (id=183, 634 conhecidas): (-2.77, -1.70, 0.02) raio=0.70m score=0.923 confirmacoes=184
[INFO] [1789468527.009852069] [candidate_generation_node]: 50/50 candidatos validos | raio min/media/max: 0.70/0.70/0.70m | inclinacao media: 3.6 graus
[INFO] [1789468527.199651480] [candidate_generation_node]: 111 pontos apos voxel -> 111 sobrevivem ao filtro coarse (grid 1.0m, altura max 0.5m)
[WARN] [1789468527.648180362] [candidate_generation_node]: TF nao disponivel ainda: Lookup would require extrapolation into the future.  Requested time 258.400000 but the latest data is at time 258.336000, when looking up transform from frame [x500_px4/livox_avia/lidar_3d/gpu_ray] to frame [earth]
[INFO] [1789468528.059009580] [candidate_generation_node]: [CALIBRACAO] voxel=0.06m | total_areas=634 | areas_confirmadas(>=10)=400
[INFO] [1789468528.898885117] [candidate_generation_node]: MELHOR AREA (id=183, 634 conhecidas): (-2.77, -1.70, 0.02) raio=0.70m score=0.923 confirmacoes=184
[INFO] [1789468529.092867092] [candidate_generation_node]: 50/50 candidatos validos | raio min/media/max: 0.70/0.70/0.70m | inclinacao media: 2.3 graus
[INFO] [1789468529.386916960] [candidate_generation_node]: 114 pontos apos voxel -> 114 sobrevivem ao filtro coarse (grid 1.0m, altura max 0.5m)
[WARN] [1789468529.793925688] [candidate_generation_node]: TF nao disponivel ainda: Lookup would require extrapolation into the future.  Requested time 260.600000 but the latest data is at time 260.532000, when looking up transform from frame [x500_px4/livox_avia/lidar_3d/gpu_ray] to frame [earth]
[INFO] [1789468531.110036317] [candidate_generation_node]: 50/50 candidatos validos | raio min/media/max: 0.70/0.70/0.70m | inclinacao media: 2.0 graus
[INFO] [1789468531.149213927] [candidate_generation_node]: MELHOR AREA (id=183, 634 conhecidas): (-2.77, -1.70, 0.02) raio=0.70m score=0.923 confirmacoes=184
[INFO] [1789468531.181508821] [candidate_generation_node]: [CALIBRACAO] voxel=0.06m | total_areas=634 | areas_confirmadas(>=10)=400
[INFO] [1789468531.702064939] [candidate_generation_node]: 112 pontos apos voxel -> 112 sobrevivem ao filtro coarse (grid 1.0m, altura max 0.5m)
[WARN] [1789468531.829667309] [candidate_generation_node]: TF nao disponivel ainda: Lookup would require extrapolation into the future.  Requested time 262.600000 but the latest data is at time 262.524000, when looking up transform from frame [x500_px4/livox_avia/lidar_3d/gpu_ray] to frame [earth]
[INFO] [1789468533.214926434] [candidate_generation_node]: 50/50 candidatos validos | raio min/media/max: 0.70/0.70/0.70m | inclinacao media: 1.9 graus
[INFO] [1789468533.259752852] [candidate_generation_node]: MELHOR AREA (id=183, 634 conhecidas): (-2.77, -1.70, 0.02) raio=0.70m score=0.923 confirmacoes=184
[INFO] [1789468533.719573342] [candidate_generation_node]: 108 pontos apos voxel -> 108 sobrevivem ao filtro coarse (grid 1.0m, altura max 0.5m)
[INFO] [1789468534.320831594] [candidate_generation_node]: [CALIBRACAO] voxel=0.06m | total_areas=634 | areas_confirmadas(>=10)=400
[WARN] [1789468534.333627206] [candidate_generation_node]: TF nao disponivel ainda: Lookup would require extrapolation into the future.  Requested time 265.100000 but the latest data is at time 265.032000, when looking up transform from frame [x500_px4/livox_avia/lidar_3d/gpu_ray] to frame [earth]
[INFO] [1789468535.365876739] [candidate_generation_node]: 50/50 candidatos validos | raio min/media/max: 0.70/0.70/0.70m | inclinacao media: 1.1 graus
[INFO] [1789468535.407421294] [candidate_generation_node]: MELHOR AREA (id=183, 634 conhecidas): (-2.77, -1.70, 0.02) raio=0.70m score=0.923 confirmacoes=184
[INFO] [1789468535.730298748] [candidate_generation_node]: 109 pontos apos voxel -> 109 sobrevivem ao filtro coarse (grid 1.0m, altura max 0.5m)
[WARN] [1789468536.375169525] [candidate_generation_node]: TF nao disponivel ainda: Lookup would require extrapolation into the future.  Requested time 267.000000 but the latest data is at time 266.928000, when looking up transform from frame [x500_px4/livox_avia/lidar_3d/gpu_ray] to frame [earth]
[INFO] [1789468537.368588843] [candidate_generation_node]: 50/50 candidatos validos | raio min/media/max: 0.70/0.70/0.70m | inclinacao media: 2.0 graus
[INFO] [1789468537.450958122] [candidate_generation_node]: MELHOR AREA (id=183, 634 conhecidas): (-2.77, -1.70, 0.02) raio=0.70m score=0.923 confirmacoes=184
[INFO] [1789468537.508146477] [candidate_generation_node]: [CALIBRACAO] voxel=0.06m | total_areas=634 | areas_confirmadas(>=10)=400
[INFO] [1789468537.761271922] [candidate_generation_node]: 108 pontos apos voxel -> 108 sobrevivem ao filtro coarse (grid 1.0m, altura max 0.5m)
[WARN] [1789468538.665406380] [candidate_generation_node]: TF nao disponivel ainda: Lookup would require extrapolation into the future.  Requested time 269.400000 but the latest data is at time 269.328000, when looking up transform from frame [x500_px4/livox_avia/lidar_3d/gpu_ray] to frame [earth]
[INFO] [1789468539.512150475] [candidate_generation_node]: 50/50 candidatos validos | raio min/media/max: 0.70/0.70/0.70m | inclinacao media: 2.6 graus
[INFO] [1789468539.568643162] [candidate_generation_node]: MELHOR AREA (id=183, 634 conhecidas): (-2.77, -1.70, 0.02) raio=0.70m score=0.923 confirmacoes=184
[INFO] [1789468539.945996354] [candidate_generation_node]: 106 pontos apos voxel -> 106 sobrevivem ao filtro coarse (grid 1.0m, altura max 0.5m)
[INFO] [1789468540.674145089] [candidate_generation_node]: [CALIBRACAO] voxel=0.06m | total_areas=634 | areas_confirmadas(>=10)=400
[WARN] [1789468540.682559795] [candidate_generation_node]: TF nao disponivel ainda: Lookup would require extrapolation into the future.  Requested time 271.400000 but the latest data is at time 271.344000, when looking up transform from frame [x500_px4/livox_avia/lidar_3d/gpu_ray] to frame [earth]
[INFO] [1789468541.800623673] [candidate_generation_node]: 50/50 candidatos validos | raio min/media/max: 0.70/0.70/0.70m | inclinacao media: 1.4 graus
[INFO] [1789468541.871152260] [candidate_generation_node]: MELHOR AREA (id=183, 634 conhecidas): (-2.77, -1.70, 0.02) raio=0.70m score=0.923 confirmacoes=184
[INFO] [1789468542.236539842] [candidate_generation_node]: 113 pontos apos voxel -> 113 sobrevivem ao filtro coarse (grid 1.0m, altura max 0.5m)
[WARN] [1789468542.917633575] [candidate_generation_node]: TF nao disponivel ainda: Lookup would require extrapolation into the future.  Requested time 273.600000 but the latest data is at time 273.528000, when looking up transform from frame [x500_px4/livox_avia/lidar_3d/gpu_ray] to frame [earth]
[INFO] [1789468543.883331685] [candidate_generation_node]: 50/50 candidatos validos | raio min/media/max: 0.70/0.70/0.70m | inclinacao media: 2.2 graus
[INFO] [1789468543.965362682] [candidate_generation_node]: MELHOR AREA (id=183, 634 conhecidas): (-2.77, -1.70, 0.02) raio=0.70m score=0.923 confirmacoes=184
[INFO] [1789468543.995211036] [candidate_generation_node]: [CALIBRACAO] voxel=0.06m | total_areas=634 | areas_confirmadas(>=10)=400
[INFO] [1789468544.467956580] [candidate_generation_node]: 106 pontos apos voxel -> 106 sobrevivem ao filtro coarse (grid 1.0m, altura max 0.5m)
[WARN] [1789468544.973810727] [candidate_generation_node]: TF nao disponivel ainda: Lookup would require extrapolation into the future.  Requested time 275.700000 but the latest data is at time 275.640000, when looking up transform from frame [x500_px4/livox_avia/lidar_3d/gpu_ray] to frame [earth]
[INFO] [1789468546.179404953] [candidate_generation_node]: 50/50 candidatos validos | raio min/media/max: 0.70/0.70/0.70m | inclinacao media: 1.1 graus
[INFO] [1789468546.214652531] [candidate_generation_node]: MELHOR AREA (id=183, 634 conhecidas): (-2.77, -1.70, 0.02) raio=0.70m score=0.923 confirmacoes=184
[INFO] [1789468546.673320055] [candidate_generation_node]: 105 pontos apos voxel -> 105 sobrevivem ao filtro coarse (grid 1.0m, altura max 0.5m)
[INFO] [1789468547.070219411] [candidate_generation_node]: [CALIBRACAO] voxel=0.06m | total_areas=634 | areas_confirmadas(>=10)=400
[WARN] [1789468547.077467310] [candidate_generation_node]: TF nao disponivel ainda: Lookup would require extrapolation into the future.  Requested time 277.800000 but the latest data is at time 277.716000, when looking up transform from frame [x500_px4/livox_avia/lidar_3d/gpu_ray] to frame [earth]
[INFO] [1789468548.318985723] [candidate_generation_node]: 50/50 candidatos validos | raio min/media/max: 0.70/0.70/0.70m | inclinacao media: 1.6 graus
[INFO] [1789468548.374653225] [candidate_generation_node]: MELHOR AREA (id=183, 634 conhecidas): (-2.77, -1.70, 0.02) raio=0.70m score=0.923 confirmacoes=184
[INFO] [1789468548.972141991] [candidate_generation_node]: 119 pontos apos voxel -> 119 sobrevivem ao filtro coarse (grid 1.0m, altura max 0.5m)
[WARN] [1789468549.085437036] [candidate_generation_node]: TF nao disponivel ainda: Lookup would require extrapolation into the future.  Requested time 279.800000 but the latest data is at time 279.732000, when looking up transform from frame [x500_px4/livox_avia/lidar_3d/gpu_ray] to frame [earth]
[INFO] [1789468550.254607183] [candidate_generation_node]: [CALIBRACAO] voxel=0.06m | total_areas=634 | areas_confirmadas(>=10)=400
[INFO] [1789468550.493641000] [candidate_generation_node]: 50/50 candidatos validos | raio min/media/max: 0.70/0.70/0.70m | inclinacao media: 1.8 graus
[INFO] [1789468550.583396535] [candidate_generation_node]: MELHOR AREA (id=183, 634 conhecidas): (-2.77, -1.70, 0.02) raio=0.70m score=0.923 confirmacoes=184
[INFO] [1789468551.298619983] [candidate_generation_node]: 103 pontos apos voxel -> 103 sobrevivem ao filtro coarse (grid 1.0m, altura max 0.5m)
[WARN] [1789468551.445152465] [candidate_generation_node]: TF nao disponivel ainda: Lookup would require extrapolation into the future.  Requested time 282.100000 but the latest data is at time 282.036000, when looking up transform from frame [x500_px4/livox_avia/lidar_3d/gpu_ray] to frame [earth]
[INFO] [1789468552.692495464] [candidate_generation_node]: 50/50 candidatos validos | raio min/media/max: 0.70/0.70/0.70m | inclinacao media: 3.0 graus
[INFO] [1789468552.727951892] [candidate_generation_node]: MELHOR AREA (id=183, 634 conhecidas): (-2.77, -1.70, 0.02) raio=0.70m score=0.923 confirmacoes=184
[INFO] [1789468553.362896332] [candidate_generation_node]: [CALIBRACAO] voxel=0.06m | total_areas=634 | areas_confirmadas(>=10)=400
[INFO] [1789468553.603787762] [candidate_generation_node]: 115 pontos apos voxel -> 115 sobrevivem ao filtro coarse (grid 1.0m, altura max 0.5m)
[WARN] [1789468553.709790644] [candidate_generation_node]: TF nao disponivel ainda: Lookup would require extrapolation into the future.  Requested time 284.400000 but the latest data is at time 284.352000, when looking up transform from frame [x500_px4/livox_avia/lidar_3d/gpu_ray] to frame [earth]
[INFO] [1789468554.935006827] [candidate_generation_node]: 50/50 candidatos validos | raio min/media/max: 0.70/0.70/0.70m | inclinacao media: 2.9 graus
[INFO] [1789468555.003632136] [candidate_generation_node]: MELHOR AREA (id=183, 634 conhecidas): (-2.77, -1.70, 0.02) raio=0.70m score=0.923 confirmacoes=184
[WARN] [1789468555.809234777] [candidate_generation_node]: TF nao disponivel ainda: Lookup would require extrapolation into the future.  Requested time 286.500000 but the latest data is at time 286.476000, when looking up transform from frame [x500_px4/livox_avia/lidar_3d/gpu_ray] to frame [earth]
[INFO] [1789468556.007010867] [candidate_generation_node]: 121 pontos apos voxel -> 121 sobrevivem ao filtro coarse (grid 1.0m, altura max 0.5m)
[INFO] [1789468556.591192712] [candidate_generation_node]: [CALIBRACAO] voxel=0.06m | total_areas=634 | areas_confirmadas(>=10)=400
[INFO] [1789468557.261954589] [candidate_generation_node]: 50/50 candidatos validos | raio min/media/max: 0.70/0.70/0.70m | inclinacao media: 2.7 graus
[INFO] [1789468557.378115909] [candidate_generation_node]: MELHOR AREA (id=183, 634 conhecidas): (-2.77, -1.70, 0.02) raio=0.70m score=0.923 confirmacoes=184
[WARN] [1789468558.095668614] [candidate_generation_node]: TF nao disponivel ainda: Lookup would require extrapolation into the future.  Requested time 288.700000 but the latest data is at time 288.624000, when looking up transform from frame [x500_px4/livox_avia/lidar_3d/gpu_ray] to frame [earth]
[INFO] [1789468558.202743466] [candidate_generation_node]: 112 pontos apos voxel -> 112 sobrevivem ao filtro coarse (grid 1.0m, altura max 0.5m)
[INFO] [1789468559.354989308] [candidate_generation_node]: 50/50 candidatos validos | raio min/media/max: 0.70/0.70/0.70m | inclinacao media: 1.4 graus
[INFO] [1789468559.431417811] [candidate_generation_node]: MELHOR AREA (id=183, 634 conhecidas): (-2.77, -1.70, 0.02) raio=0.70m score=0.923 confirmacoes=184
[INFO] [1789468559.828541111] [candidate_generation_node]: [CALIBRACAO] voxel=0.06m | total_areas=634 | areas_confirmadas(>=10)=400
[WARN] [1789468560.102072795] [candidate_generation_node]: TF nao disponivel ainda: Lookup would require extrapolation into the future.  Requested time 290.700000 but the latest data is at time 290.616000, when looking up transform from frame [x500_px4/livox_avia/lidar_3d/gpu_ray] to frame [earth]
[INFO] [1789468560.334165476] [candidate_generation_node]: 114 pontos apos voxel -> 114 sobrevivem ao filtro coarse (grid 1.0m, altura max 0.5m)
[INFO] [1789468561.365789565] [candidate_generation_node]: 50/50 candidatos validos | raio min/media/max: 0.70/0.70/0.70m | inclinacao media: 1.9 graus
[INFO] [1789468561.448525535] [candidate_generation_node]: MELHOR AREA (id=183, 634 conhecidas): (-2.77, -1.70, 0.02) raio=0.70m score=0.923 confirmacoes=184
[WARN] [1789468562.295750500] [candidate_generation_node]: TF nao disponivel ainda: Lookup would require extrapolation into the future.  Requested time 292.900000 but the latest data is at time 292.824000, when looking up transform from frame [x500_px4/livox_avia/lidar_3d/gpu_ray] to frame [earth]
[INFO] [1789468562.422130884] [candidate_generation_node]: 114 pontos apos voxel -> 114 sobrevivem ao filtro coarse (grid 1.0m, altura max 0.5m)
[INFO] [1789468562.919262262] [candidate_generation_node]: [CALIBRACAO] voxel=0.06m | total_areas=634 | areas_confirmadas(>=10)=400
[INFO] [1789468563.384814099] [candidate_generation_node]: 50/50 candidatos validos | raio min/media/max: 0.70/0.70/0.70m | inclinacao media: 2.9 graus
[INFO] [1789468563.470654087] [candidate_generation_node]: MELHOR AREA (id=183, 634 conhecidas): (-2.77, -1.70, 0.02) raio=0.70m score=0.923 confirmacoes=184
[WARN] [1789468564.418062356] [candidate_generation_node]: TF nao disponivel ainda: Lookup would require extrapolation into the future.  Requested time 295.000000 but the latest data is at time 294.936000, when looking up transform from frame [x500_px4/livox_avia/lidar_3d/gpu_ray] to frame [earth]
[INFO] [1789468564.739469934] [candidate_generation_node]: 116 pontos apos voxel -> 116 sobrevivem ao filtro coarse (grid 1.0m, altura max 0.5m)
[INFO] [1789468565.482466095] [candidate_generation_node]: 50/50 candidatos validos | raio min/media/max: 0.70/0.70/0.70m | inclinacao media: 1.1 graus
[INFO] [1789468565.558993099] [candidate_generation_node]: MELHOR AREA (id=183, 634 conhecidas): (-2.77, -1.70, 0.02) raio=0.70m score=0.923 confirmacoes=184
[INFO] [1789468566.252817903] [candidate_generation_node]: [CALIBRACAO] voxel=0.06m | total_areas=634 | areas_confirmadas(>=10)=400
[WARN] [1789468566.422543713] [candidate_generation_node]: TF nao disponivel ainda: Lookup would require extrapolation into the future.  Requested time 297.100000 but the latest data is at time 297.096000, when looking up transform from frame [x500_px4/livox_avia/lidar_3d/gpu_ray] to frame [earth]
[INFO] [1789468566.847234216] [candidate_generation_node]: 114 pontos apos voxel -> 114 sobrevivem ao filtro coarse (grid 1.0m, altura max 0.5m)
[INFO] [1789468567.590162406] [candidate_generation_node]: 50/50 candidatos validos | raio min/media/max: 0.70/0.70/0.70m | inclinacao media: 2.4 graus
[INFO] [1789468567.662408291] [candidate_generation_node]: MELHOR AREA (id=183, 634 conhecidas): (-2.77, -1.70, 0.02) raio=0.70m score=0.923 confirmacoes=184
[WARN] [1789468568.434087003] [candidate_generation_node]: TF nao disponivel ainda: Lookup would require extrapolation into the future.  Requested time 299.100000 but the latest data is at time 299.052000, when looking up transform from frame [x500_px4/livox_avia/lidar_3d/gpu_ray] to frame [earth]
[INFO] [1789468569.189227866] [candidate_generation_node]: 111 pontos apos voxel -> 111 sobrevivem ao filtro coarse (grid 1.0m, altura max 0.5m)
[INFO] [1789468569.346595025] [candidate_generation_node]: [CALIBRACAO] voxel=0.06m | total_areas=634 | areas_confirmadas(>=10)=400
[INFO] [1789468569.681633175] [candidate_generation_node]: 50/50 candidatos validos | raio min/media/max: 0.70/0.70/0.70m | inclinacao media: 1.1 graus
[INFO] [1789468569.730269192] [candidate_generation_node]: MELHOR AREA (id=183, 634 conhecidas): (-2.77, -1.70, 0.02) raio=0.70m score=0.923 confirmacoes=184
[WARN] [1789468570.657421591] [candidate_generation_node]: TF nao disponivel ainda: Lookup would require extrapolation into the future.  Requested time 301.200000 but the latest data is at time 301.164000, when looking up transform from frame [x500_px4/livox_avia/lidar_3d/gpu_ray] to frame [earth]
[INFO] [1789468571.517151067] [candidate_generation_node]: 112 pontos apos voxel -> 112 sobrevivem ao filtro coarse (grid 1.0m, altura max 0.5m)
[INFO] [1789468571.989376168] [candidate_generation_node]: 50/50 candidatos validos | raio min/media/max: 0.70/0.70/0.70m | inclinacao media: 3.3 graus
[INFO] [1789468572.037450039] [candidate_generation_node]: MELHOR AREA (id=183, 634 conhecidas): (-2.77, -1.70, 0.02) raio=0.70m score=0.923 confirmacoes=184
[INFO] [1789468572.447612846] [candidate_generation_node]: [CALIBRACAO] voxel=0.06m | total_areas=634 | areas_confirmadas(>=10)=400
[WARN] [1789468572.844385223] [candidate_generation_node]: TF nao disponivel ainda: Lookup would require extrapolation into the future.  Requested time 303.400000 but the latest data is at time 303.324000, when looking up transform from frame [x500_px4/livox_avia/lidar_3d/gpu_ray] to frame [earth]
[INFO] [1789468573.578048702] [candidate_generation_node]: 112 pontos apos voxel -> 112 sobrevivem ao filtro coarse (grid 1.0m, altura max 0.5m)
[INFO] [1789468574.425658043] [candidate_generation_node]: 50/50 candidatos validos | raio min/media/max: 0.70/0.70/0.70m | inclinacao media: 2.1 graus
[INFO] [1789468574.508497989] [candidate_generation_node]: MELHOR AREA (id=183, 634 conhecidas): (-2.77, -1.70, 0.02) raio=0.70m score=0.923 confirmacoes=184
[WARN] [1789468574.860656532] [candidate_generation_node]: TF nao disponivel ainda: Lookup would require extrapolation into the future.  Requested time 305.500000 but the latest data is at time 305.484000, when looking up transform from frame [x500_px4/livox_avia/lidar_3d/gpu_ray] to frame [earth]
[INFO] [1789468575.449165469] [candidate_generation_node]: [CALIBRACAO] voxel=0.06m | total_areas=634 | areas_confirmadas(>=10)=400
[INFO] [1789468575.691265378] [candidate_generation_node]: 109 pontos apos voxel -> 109 sobrevivem ao filtro coarse (grid 1.0m, altura max 0.5m)
[INFO] [1789468576.728826178] [candidate_generation_node]: 50/50 candidatos validos | raio min/media/max: 0.70/0.70/0.70m | inclinacao media: 1.9 graus
[INFO] [1789468576.801296897] [candidate_generation_node]: MELHOR AREA (id=183, 634 conhecidas): (-2.77, -1.70, 0.02) raio=0.70m score=0.923 confirmacoes=184
[WARN] [1789468576.861636481] [candidate_generation_node]: TF nao disponivel ainda: Lookup would require extrapolation into the future.  Requested time 307.500000 but the latest data is at time 307.416000, when looking up transform from frame [x500_px4/livox_avia/lidar_3d/gpu_ray] to frame [earth]
[INFO] [1789468577.988353269] [candidate_generation_node]: 111 pontos apos voxel -> 111 sobrevivem ao filtro coarse (grid 1.0m, altura max 0.5m)
[INFO] [1789468578.598874845] [candidate_generation_node]: [CALIBRACAO] voxel=0.06m | total_areas=634 | areas_confirmadas(>=10)=400
[INFO] [1789468578.804856510] [candidate_generation_node]: MELHOR AREA (id=183, 634 conhecidas): (-2.77, -1.70, 0.02) raio=0.70m score=0.923 confirmacoes=184
[WARN] [1789468578.967718253] [candidate_generation_node]: TF nao disponivel ainda: Lookup would require extrapolation into the future.  Requested time 309.600000 but the latest data is at time 309.540000, when looking up transform from frame [x500_px4/livox_avia/lidar_3d/gpu_ray] to frame [earth]
[INFO] [1789468579.154278003] [candidate_generation_node]: 50/50 candidatos validos | raio min/media/max: 0.70/0.70/0.70m | inclinacao media: 1.8 graus
[INFO] [1789468580.200081188] [candidate_generation_node]: 111 pontos apos voxel -> 111 sobrevivem ao filtro coarse (grid 1.0m, altura max 0.5m)
[INFO] [1789468581.077042440] [candidate_generation_node]: MELHOR AREA (id=183, 634 conhecidas): (-2.77, -1.70, 0.02) raio=0.70m score=0.923 confirmacoes=184
[WARN] [1789468581.113916933] [candidate_generation_node]: TF nao disponivel ainda: Lookup would require extrapolation into the future.  Requested time 311.700000 but the latest data is at time 311.628000, when looking up transform from frame [x500_px4/livox_avia/lidar_3d/gpu_ray] to frame [earth]
[INFO] [1789468581.209265042] [candidate_generation_node]: 50/50 candidatos validos | raio min/media/max: 0.70/0.70/0.70m | inclinacao media: 3.0 graus
[INFO] [1789468581.768153597] [candidate_generation_node]: [CALIBRACAO] voxel=0.06m | total_areas=634 | areas_confirmadas(>=10)=400
[INFO] [1789468582.408030076] [candidate_generation_node]: 116 pontos apos voxel -> 116 sobrevivem ao filtro coarse (grid 1.0m, altura max 0.5m)
[INFO] [1789468583.231791103] [candidate_generation_node]: 50/50 candidatos validos | raio min/media/max: 0.70/0.70/0.70m | inclinacao media: 2.3 graus
[INFO] [1789468583.312767926] [candidate_generation_node]: MELHOR AREA (id=183, 634 conhecidas): (-2.77, -1.70, 0.02) raio=0.70m score=0.923 confirmacoes=184
[WARN] [1789468583.348449595] [candidate_generation_node]: TF nao disponivel ainda: Lookup would require extrapolation into the future.  Requested time 313.900000 but the latest data is at time 313.824000, when looking up transform from frame [x500_px4/livox_avia/lidar_3d/gpu_ray] to frame [earth]
[INFO] [1789468584.737375227] [candidate_generation_node]: 110 pontos apos voxel -> 110 sobrevivem ao filtro coarse (grid 1.0m, altura max 0.5m)
[INFO] [1789468584.831072545] [candidate_generation_node]: [CALIBRACAO] voxel=0.06m | total_areas=634 | areas_confirmadas(>=10)=400
[WARN] [1789468585.359405059] [candidate_generation_node]: TF nao disponivel ainda: Lookup would require extrapolation into the future.  Requested time 315.900000 but the latest data is at time 315.828000, when looking up transform from frame [x500_px4/livox_avia/lidar_3d/gpu_ray] to frame [earth]
[INFO] [1789468585.860056394] [candidate_generation_node]: 50/50 candidatos validos | raio min/media/max: 0.70/0.70/0.70m | inclinacao media: 1.8 graus
[INFO] [1789468585.927340691] [candidate_generation_node]: MELHOR AREA (id=183, 634 conhecidas): (-2.77, -1.70, 0.02) raio=0.70m score=0.923 confirmacoes=184
[INFO] [1789468586.927769319] [candidate_generation_node]: 105 pontos apos voxel -> 105 sobrevivem ao filtro coarse (grid 1.0m, altura max 0.5m)
[WARN] [1789468587.391717748] [candidate_generation_node]: TF nao disponivel ainda: Lookup would require extrapolation into the future.  Requested time 318.000000 but the latest data is at time 317.916000, when looking up transform from frame [x500_px4/livox_avia/lidar_3d/gpu_ray] to frame [earth]
[INFO] [1789468587.950433202] [candidate_generation_node]: [CALIBRACAO] voxel=0.06m | total_areas=634 | areas_confirmadas(>=10)=400
[INFO] [1789468588.171189118] [candidate_generation_node]: 50/50 candidatos validos | raio min/media/max: 0.70/0.70/0.70m | inclinacao media: 2.1 graus
[INFO] [1789468588.261727323] [candidate_generation_node]: MELHOR AREA (id=183, 634 conhecidas): (-2.77, -1.70, 0.02) raio=0.70m score=0.923 confirmacoes=184
[INFO] [1789468589.126148500] [candidate_generation_node]: 121 pontos apos voxel -> 121 sobrevivem ao filtro coarse (grid 1.0m, altura max 0.5m)
[WARN] [1789468589.513366580] [candidate_generation_node]: TF nao disponivel ainda: Lookup would require extrapolation into the future.  Requested time 320.100000 but the latest data is at time 319.968000, when looking up transform from frame [x500_px4/livox_avia/lidar_3d/gpu_ray] to frame [earth]
[INFO] [1789468590.283223886] [candidate_generation_node]: 50/50 candidatos validos | raio min/media/max: 0.70/0.70/0.70m | inclinacao media: 2.6 graus
[INFO] [1789468590.365818884] [candidate_generation_node]: MELHOR AREA (id=183, 634 conhecidas): (-2.77, -1.70, 0.02) raio=0.70m score=0.923 confirmacoes=184
[INFO] [1789468591.270374616] [candidate_generation_node]: [CALIBRACAO] voxel=0.06m | total_areas=634 | areas_confirmadas(>=10)=400
[INFO] [1789468591.647888453] [candidate_generation_node]: 111 pontos apos voxel -> 111 sobrevivem ao filtro coarse (grid 1.0m, altura max 0.5m)
[WARN] [1789468591.735780679] [candidate_generation_node]: TF nao disponivel ainda: Lookup would require extrapolation into the future.  Requested time 322.300000 but the latest data is at time 322.236000, when looking up transform from frame [x500_px4/livox_avia/lidar_3d/gpu_ray] to frame [earth]
[INFO] [1789468592.462796441] [candidate_generation_node]: 50/50 candidatos validos | raio min/media/max: 0.70/0.70/0.70m | inclinacao media: 2.5 graus
[INFO] [1789468592.543144112] [candidate_generation_node]: MELHOR AREA (id=183, 634 conhecidas): (-2.77, -1.70, 0.02) raio=0.70m score=0.923 confirmacoes=184
[INFO] [1789468593.740167487] [candidate_generation_node]: 114 pontos apos voxel -> 114 sobrevivem ao filtro coarse (grid 1.0m, altura max 0.5m)
[WARN] [1789468593.945993328] [candidate_generation_node]: TF nao disponivel ainda: Lookup would require extrapolation into the future.  Requested time 324.500000 but the latest data is at time 324.360000, when looking up transform from frame [x500_px4/livox_avia/lidar_3d/gpu_ray] to frame [earth]
[INFO] [1789468594.501905452] [candidate_generation_node]: 50/50 candidatos validos | raio min/media/max: 0.70/0.70/0.70m | inclinacao media: 0.8 graus
[INFO] [1789468594.544433564] [candidate_generation_node]: MELHOR AREA (id=183, 634 conhecidas): (-2.77, -1.70, 0.02) raio=0.70m score=0.923 confirmacoes=184
[INFO] [1789468594.576031482] [candidate_generation_node]: [CALIBRACAO] voxel=0.06m | total_areas=634 | areas_confirmadas(>=10)=400
[INFO] [1789468595.782768489] [candidate_generation_node]: 112 pontos apos voxel -> 112 sobrevivem ao filtro coarse (grid 1.0m, altura max 0.5m)
[WARN] [1789468596.178440019] [candidate_generation_node]: TF nao disponivel ainda: Lookup would require extrapolation into the future.  Requested time 326.600000 but the latest data is at time 326.532000, when looking up transform from frame [x500_px4/livox_avia/lidar_3d/gpu_ray] to frame [earth]
[INFO] [1789468596.534801188] [candidate_generation_node]: 50/50 candidatos validos | raio min/media/max: 0.70/0.70/0.70m | inclinacao media: 1.7 graus
[INFO] [1789468596.601082079] [candidate_generation_node]: MELHOR AREA (id=183, 634 conhecidas): (-2.77, -1.70, 0.02) raio=0.70m score=0.923 confirmacoes=184
[INFO] [1789468597.868028617] [candidate_generation_node]: [CALIBRACAO] voxel=0.06m | total_areas=634 | areas_confirmadas(>=10)=400
[INFO] [1789468597.978591455] [candidate_generation_node]: 99 pontos apos voxel -> 99 sobrevivem ao filtro coarse (grid 1.0m, altura max 0.5m)
[WARN] [1789468598.328124156] [candidate_generation_node]: TF nao disponivel ainda: Lookup would require extrapolation into the future.  Requested time 328.800000 but the latest data is at time 328.740000, when looking up transform from frame [x500_px4/livox_avia/lidar_3d/gpu_ray] to frame [earth]
[INFO] [1789468598.629077043] [candidate_generation_node]: 50/50 candidatos validos | raio min/media/max: 0.70/0.70/0.70m | inclinacao media: 1.3 graus
[INFO] [1789468598.668268000] [candidate_generation_node]: MELHOR AREA (id=183, 634 conhecidas): (-2.77, -1.70, 0.02) raio=0.70m score=0.923 confirmacoes=184
[INFO] [1789468600.456797554] [candidate_generation_node]: 117 pontos apos voxel -> 117 sobrevivem ao filtro coarse (grid 1.0m, altura max 0.5m)
[WARN] [1789468600.686076102] [candidate_generation_node]: TF nao disponivel ainda: Lookup would require extrapolation into the future.  Requested time 331.000000 but the latest data is at time 330.924000, when looking up transform from frame [x500_px4/livox_avia/lidar_3d/gpu_ray] to frame [earth]
[INFO] [1789468601.236560753] [candidate_generation_node]: 50/50 candidatos validos | raio min/media/max: 0.70/0.70/0.70m | inclinacao media: 1.9 graus
[INFO] [1789468601.289329330] [candidate_generation_node]: MELHOR AREA (id=183, 634 conhecidas): (-2.77, -1.70, 0.02) raio=0.70m score=0.923 confirmacoes=184
[INFO] [1789468601.350676212] [candidate_generation_node]: [CALIBRACAO] voxel=0.06m | total_areas=634 | areas_confirmadas(>=10)=400
[INFO] [1789468602.648785604] [candidate_generation_node]: 116 pontos apos voxel -> 116 sobrevivem ao filtro coarse (grid 1.0m, altura max 0.5m)
[WARN] [1789468603.205673678] [candidate_generation_node]: TF nao disponivel ainda: Lookup would require extrapolation into the future.  Requested time 333.600000 but the latest data is at time 333.528000, when looking up transform from frame [x500_px4/livox_avia/lidar_3d/gpu_ray] to frame [earth]
[INFO] [1789468603.601549211] [candidate_generation_node]: 50/50 candidatos validos | raio min/media/max: 0.70/0.70/0.70m | inclinacao media: 2.9 graus
[INFO] [1789468603.680678975] [candidate_generation_node]: MELHOR AREA (id=183, 634 conhecidas): (-2.77, -1.70, 0.02) raio=0.70m score=0.923 confirmacoes=184
[INFO] [1789468604.541143380] [candidate_generation_node]: [CALIBRACAO] voxel=0.06m | total_areas=634 | areas_confirmadas(>=10)=400
[INFO] [1789468604.851183037] [candidate_generation_node]: 114 pontos apos voxel -> 114 sobrevivem ao filtro coarse (grid 1.0m, altura max 0.5m)
[WARN] [1789468605.613956046] [candidate_generation_node]: TF nao disponivel ainda: Lookup would require extrapolation into the future.  Requested time 335.800000 but the latest data is at time 335.748000, when looking up transform from frame [x500_px4/livox_avia/lidar_3d/gpu_ray] to frame [earth]
[INFO] [1789468605.784236660] [candidate_generation_node]: 50/50 candidatos validos | raio min/media/max: 0.70/0.70/0.70m | inclinacao media: 3.6 graus
[INFO] [1789468605.867616888] [candidate_generation_node]: MELHOR AREA (id=183, 634 conhecidas): (-2.77, -1.70, 0.02) raio=0.70m score=0.923 confirmacoes=184
[INFO] [1789468606.902840534] [candidate_generation_node]: 111 pontos apos voxel -> 111 sobrevivem ao filtro coarse (grid 1.0m, altura max 0.5m)
[INFO] [1789468607.686838073] [candidate_generation_node]: [CALIBRACAO] voxel=0.06m | total_areas=634 | areas_confirmadas(>=10)=400
[WARN] [1789468607.694152132] [candidate_generation_node]: TF nao disponivel ainda: Lookup would require extrapolation into the future.  Requested time 338.100000 but the latest data is at time 338.040000, when looking up transform from frame [x500_px4/livox_avia/lidar_3d/gpu_ray] to frame [earth]
[INFO] [1789468607.890593512] [candidate_generation_node]: 50/50 candidatos validos | raio min/media/max: 0.70/0.70/0.70m | inclinacao media: 3.3 graus
[INFO] [1789468607.979856280] [candidate_generation_node]: MELHOR AREA (id=183, 634 conhecidas): (-2.77, -1.70, 0.02) raio=0.70m score=0.923 confirmacoes=184
[INFO] [1789468609.180782439] [candidate_generation_node]: 102 pontos apos voxel -> 102 sobrevivem ao filtro coarse (grid 1.0m, altura max 0.5m)
[WARN] [1789468609.782743873] [candidate_generation_node]: TF nao disponivel ainda: Lookup would require extrapolation into the future.  Requested time 340.200000 but the latest data is at time 340.176000, when looking up transform from frame [x500_px4/livox_avia/lidar_3d/gpu_ray] to frame [earth]
[INFO] [1789468609.978178456] [candidate_generation_node]: 50/50 candidatos validos | raio min/media/max: 0.70/0.70/0.70m | inclinacao media: 2.0 graus
[INFO] [1789468610.022413226] [candidate_generation_node]: MELHOR AREA (id=183, 634 conhecidas): (-2.77, -1.70, 0.02) raio=0.70m score=0.923 confirmacoes=184
[INFO] [1789468610.692265226] [candidate_generation_node]: [CALIBRACAO] voxel=0.06m | total_areas=634 | areas_confirmadas(>=10)=400
[INFO] [1789468611.202491876] [candidate_generation_node]: 111 pontos apos voxel -> 111 sobrevivem ao filtro coarse (grid 1.0m, altura max 0.5m)
[WARN] [1789468611.802855938] [candidate_generation_node]: TF nao disponivel ainda: Lookup would require extrapolation into the future.  Requested time 342.100000 but the latest data is at time 342.048000, when looking up transform from frame [x500_px4/livox_avia/lidar_3d/gpu_ray] to frame [earth]
[INFO] [1789468612.013897730] [candidate_generation_node]: 50/50 candidatos validos | raio min/media/max: 0.70/0.70/0.70m | inclinacao media: 2.2 graus
[INFO] [1789468612.060915767] [candidate_generation_node]: MELHOR AREA (id=183, 634 conhecidas): (-2.77, -1.70, 0.02) raio=0.70m score=0.923 confirmacoes=184
[INFO] [1789468613.284216898] [candidate_generation_node]: 105 pontos apos voxel -> 105 sobrevivem ao filtro coarse (grid 1.0m, altura max 0.5m)
[INFO] [1789468614.081861536] [candidate_generation_node]: [CALIBRACAO] voxel=0.06m | total_areas=634 | areas_confirmadas(>=10)=400
[WARN] [1789468614.096875266] [candidate_generation_node]: TF nao disponivel ainda: Lookup would require extrapolation into the future.  Requested time 344.400000 but the latest data is at time 344.328000, when looking up transform from frame [x500_px4/livox_avia/lidar_3d/gpu_ray] to frame [earth]
[INFO] [1789468614.337889838] [candidate_generation_node]: 50/50 candidatos validos | raio min/media/max: 0.70/0.70/0.70m | inclinacao media: 2.0 graus
[INFO] [1789468614.369099287] [candidate_generation_node]: MELHOR AREA (id=183, 634 conhecidas): (-2.77, -1.70, 0.02) raio=0.70m score=0.923 confirmacoes=184
[INFO] [1789468615.316221738] [candidate_generation_node]: 112 pontos apos voxel -> 112 sobrevivem ao filtro coarse (grid 1.0m, altura max 0.5m)
[WARN] [1789468616.216799248] [candidate_generation_node]: TF nao disponivel ainda: Lookup would require extrapolation into the future.  Requested time 346.500000 but the latest data is at time 346.428000, when looking up transform from frame [x500_px4/livox_avia/lidar_3d/gpu_ray] to frame [earth]
[INFO] [1789468616.461849839] [candidate_generation_node]: 50/50 candidatos validos | raio min/media/max: 0.70/0.70/0.70m | inclinacao media: 3.0 graus
[INFO] [1789468616.551146267] [candidate_generation_node]: MELHOR AREA (id=183, 634 conhecidas): (-2.77, -1.70, 0.02) raio=0.70m score=0.923 confirmacoes=184
[INFO] [1789468617.170253539] [candidate_generation_node]: [CALIBRACAO] voxel=0.06m | total_areas=634 | areas_confirmadas(>=10)=400
[INFO] [1789468617.341569593] [candidate_generation_node]: 111 pontos apos voxel -> 111 sobrevivem ao filtro coarse (grid 1.0m, altura max 0.5m)
[WARN] [1789468618.374397918] [candidate_generation_node]: TF nao disponivel ainda: Lookup would require extrapolation into the future.  Requested time 348.700000 but the latest data is at time 348.624000, when looking up transform from frame [x500_px4/livox_avia/lidar_3d/gpu_ray] to frame [earth]
[INFO] [1789468618.720946826] [candidate_generation_node]: 50/50 candidatos validos | raio min/media/max: 0.70/0.70/0.70m | inclinacao media: 1.6 graus
[INFO] [1789468618.792125005] [candidate_generation_node]: MELHOR AREA (id=183, 634 conhecidas): (-2.77, -1.70, 0.02) raio=0.70m score=0.923 confirmacoes=184
[INFO] [1789468619.473932964] [candidate_generation_node]: 114 pontos apos voxel -> 114 sobrevivem ao filtro coarse (grid 1.0m, altura max 0.5m)
[INFO] [1789468620.438512671] [candidate_generation_node]: [CALIBRACAO] voxel=0.06m | total_areas=634 | areas_confirmadas(>=10)=400
[WARN] [1789468620.459930482] [candidate_generation_node]: TF nao disponivel ainda: Lookup would require extrapolation into the future.  Requested time 350.700000 but the latest data is at time 350.628000, when looking up transform from frame [x500_px4/livox_avia/lidar_3d/gpu_ray] to frame [earth]
[INFO] [1789468620.860707998] [candidate_generation_node]: 50/50 candidatos validos | raio min/media/max: 0.70/0.70/0.70m | inclinacao media: 2.8 graus
[INFO] [1789468620.933729389] [candidate_generation_node]: MELHOR AREA (id=183, 634 conhecidas): (-2.77, -1.70, 0.02) raio=0.70m score=0.923 confirmacoes=184
[INFO] [1789468621.544356626] [candidate_generation_node]: 117 pontos apos voxel -> 117 sobrevivem ao filtro coarse (grid 1.0m, altura max 0.5m)
[WARN] [1789468622.950816727] [candidate_generation_node]: TF nao disponivel ainda: Lookup would require extrapolation into the future.  Requested time 353.100000 but the latest data is at time 353.040000, when looking up transform from frame [x500_px4/livox_avia/lidar_3d/gpu_ray] to frame [earth]
[INFO] [1789468623.314501031] [candidate_generation_node]: 50/50 candidatos validos | raio min/media/max: 0.70/0.70/0.70m | inclinacao media: 2.5 graus
[INFO] [1789468623.360390406] [candidate_generation_node]: MELHOR AREA (id=183, 634 conhecidas): (-2.77, -1.70, 0.02) raio=0.70m score=0.923 confirmacoes=184
[INFO] [1789468623.567118272] [candidate_generation_node]: 103 pontos apos voxel -> 103 sobrevivem ao filtro coarse (grid 1.0m, altura max 0.5m)
[INFO] [1789468623.676009480] [candidate_generation_node]: [CALIBRACAO] voxel=0.06m | total_areas=634 | areas_confirmadas(>=10)=400
[WARN] [1789468624.995321704] [candidate_generation_node]: TF nao disponivel ainda: Lookup would require extrapolation into the future.  Requested time 355.200000 but the latest data is at time 355.176000, when looking up transform from frame [x500_px4/livox_avia/lidar_3d/gpu_ray] to frame [earth]
[INFO] [1789468625.596440466] [candidate_generation_node]: 115 pontos apos voxel -> 115 sobrevivem ao filtro coarse (grid 1.0m, altura max 0.5m)
[INFO] [1789468625.624327948] [candidate_generation_node]: 50/50 candidatos validos | raio min/media/max: 0.70/0.70/0.70m | inclinacao media: 2.9 graus
[INFO] [1789468625.714892255] [candidate_generation_node]: MELHOR AREA (id=183, 634 conhecidas): (-2.77, -1.70, 0.02) raio=0.70m score=0.923 confirmacoes=184
[INFO] [1789468627.300410239] [candidate_generation_node]: [CALIBRACAO] voxel=0.06m | total_areas=634 | areas_confirmadas(>=10)=400
[WARN] [1789468627.314674077] [candidate_generation_node]: TF nao disponivel ainda: Lookup would require extrapolation into the future.  Requested time 357.400000 but the latest data is at time 357.240000, when looking up transform from frame [x500_px4/livox_avia/lidar_3d/gpu_ray] to frame [earth]
[INFO] [1789468627.688546275] [candidate_generation_node]: 113 pontos apos voxel -> 113 sobrevivem ao filtro coarse (grid 1.0m, altura max 0.5m)
[INFO] [1789468627.725834965] [candidate_generation_node]: 50/50 candidatos validos | raio min/media/max: 0.70/0.70/0.70m | inclinacao media: 3.1 graus
[INFO] [1789468627.833314183] [candidate_generation_node]: MELHOR AREA (id=183, 634 conhecidas): (-2.77, -1.70, 0.02) raio=0.70m score=0.923 confirmacoes=184
[WARN] [1789468629.677881535] [candidate_generation_node]: TF nao disponivel ainda: Lookup would require extrapolation into the future.  Requested time 359.700000 but the latest data is at time 359.640000, when looking up transform from frame [x500_px4/livox_avia/lidar_3d/gpu_ray] to frame [earth]
[INFO] [1789468630.013687413] [candidate_generation_node]: 103 pontos apos voxel -> 103 sobrevivem ao filtro coarse (grid 1.0m, altura max 0.5m)
[INFO] [1789468630.029320241] [candidate_generation_node]: 50/50 candidatos validos | raio min/media/max: 0.70/0.70/0.70m | inclinacao media: 3.2 graus
[INFO] [1789468630.077306267] [candidate_generation_node]: MELHOR AREA (id=183, 634 conhecidas): (-2.77, -1.70, 0.02) raio=0.70m score=0.923 confirmacoes=184
[INFO] [1789468630.405888150] [candidate_generation_node]: [CALIBRACAO] voxel=0.06m | total_areas=634 | areas_confirmadas(>=10)=400
[WARN] [1789468631.934276324] [candidate_generation_node]: TF nao disponivel ainda: Lookup would require extrapolation into the future.  Requested time 362.000000 but the latest data is at time 361.872000, when looking up transform from frame [x500_px4/livox_avia/lidar_3d/gpu_ray] to frame [earth]
[INFO] [1789468632.148817488] [candidate_generation_node]: 116 pontos apos voxel -> 116 sobrevivem ao filtro coarse (grid 1.0m, altura max 0.5m)
[INFO] [1789468632.183381361] [candidate_generation_node]: 50/50 candidatos validos | raio min/media/max: 0.70/0.70/0.70m | inclinacao media: 0.8 graus
[INFO] [1789468632.281087210] [candidate_generation_node]: MELHOR AREA (id=183, 634 conhecidas): (-2.77, -1.70, 0.02) raio=0.70m score=0.923 confirmacoes=184
[INFO] [1789468633.469420535] [candidate_generation_node]: [CALIBRACAO] voxel=0.06m | total_areas=634 | areas_confirmadas(>=10)=400
[WARN] [1789468634.108878552] [candidate_generation_node]: TF nao disponivel ainda: Lookup would require extrapolation into the future.  Requested time 363.900000 but the latest data is at time 363.828000, when looking up transform from frame [x500_px4/livox_avia/lidar_3d/gpu_ray] to frame [earth]
[INFO] [1789468634.547065659] [candidate_generation_node]: 109 pontos apos voxel -> 109 sobrevivem ao filtro coarse (grid 1.0m, altura max 0.5m)
[INFO] [1789468634.570394243] [candidate_generation_node]: 50/50 candidatos validos | raio min/media/max: 0.70/0.70/0.70m | inclinacao media: 1.6 graus
[INFO] [1789468634.675159645] [candidate_generation_node]: MELHOR AREA (id=183, 634 conhecidas): (-2.77, -1.70, 0.02) raio=0.70m score=0.923 confirmacoes=184
[WARN] [1789468636.196575872] [candidate_generation_node]: TF nao disponivel ainda: Lookup would require extrapolation into the future.  Requested time 366.100000 but the latest data is at time 366.024000, when looking up transform from frame [x500_px4/livox_avia/lidar_3d/gpu_ray] to frame [earth]
[INFO] [1789468636.631230512] [candidate_generation_node]: [CALIBRACAO] voxel=0.06m | total_areas=634 | areas_confirmadas(>=10)=400
[INFO] [1789468636.752836294] [candidate_generation_node]: 114 pontos apos voxel -> 114 sobrevivem ao filtro coarse (grid 1.0m, altura max 0.5m)
[INFO] [1789468636.796622640] [candidate_generation_node]: 50/50 candidatos validos | raio min/media/max: 0.70/0.70/0.70m | inclinacao media: 1.3 graus
[INFO] [1789468636.871194941] [candidate_generation_node]: MELHOR AREA (id=183, 634 conhecidas): (-2.77, -1.70, 0.02) raio=0.70m score=0.923 confirmacoes=184
[WARN] [1789468638.717314196] [candidate_generation_node]: TF nao disponivel ainda: Lookup would require extrapolation into the future.  Requested time 368.600000 but the latest data is at time 368.520000, when looking up transform from frame [x500_px4/livox_avia/lidar_3d/gpu_ray] to frame [earth]
[INFO] [1789468638.767594279] [candidate_generation_node]: 118 pontos apos voxel -> 118 sobrevivem ao filtro coarse (grid 1.0m, altura max 0.5m)
[INFO] [1789468639.006991487] [candidate_generation_node]: 50/50 candidatos validos | raio min/media/max: 0.70/0.70/0.70m | inclinacao media: 3.4 graus
[INFO] [1789468639.111773086] [candidate_generation_node]: MELHOR AREA (id=183, 634 conhecidas): (-2.77, -1.70, 0.02) raio=0.70m score=0.923 confirmacoes=184
[INFO] [1789468639.800081455] [candidate_generation_node]: [CALIBRACAO] voxel=0.06m | total_areas=634 | areas_confirmadas(>=10)=400
[WARN] [1789468640.891401868] [candidate_generation_node]: TF nao disponivel ainda: Lookup would require extrapolation into the future.  Requested time 370.700000 but the latest data is at time 370.644000, when looking up transform from frame [x500_px4/livox_avia/lidar_3d/gpu_ray] to frame [earth]
[INFO] [1789468641.344399798] [candidate_generation_node]: 108 pontos apos voxel -> 108 sobrevivem ao filtro coarse (grid 1.0m, altura max 0.5m)
[INFO] [1789468641.371592874] [candidate_generation_node]: 50/50 candidatos validos | raio min/media/max: 0.70/0.70/0.70m | inclinacao media: 1.4 graus
[INFO] [1789468641.450681907] [candidate_generation_node]: MELHOR AREA (id=183, 634 conhecidas): (-2.77, -1.70, 0.02) raio=0.70m score=0.923 confirmacoes=184
[INFO] [1789468642.993612617] [candidate_generation_node]: [CALIBRACAO] voxel=0.06m | total_areas=634 | areas_confirmadas(>=10)=400
[WARN] [1789468643.370927323] [candidate_generation_node]: TF nao disponivel ainda: Lookup would require extrapolation into the future.  Requested time 373.200000 but the latest data is at time 373.128000, when looking up transform from frame [x500_px4/livox_avia/lidar_3d/gpu_ray] to frame [earth]
[INFO] [1789468643.624301414] [candidate_generation_node]: 101 pontos apos voxel -> 101 sobrevivem ao filtro coarse (grid 1.0m, altura max 0.5m)
[INFO] [1789468643.644959887] [candidate_generation_node]: 50/50 candidatos validos | raio min/media/max: 0.70/0.70/0.70m | inclinacao media: 1.1 graus
[INFO] [1789468643.677906069] [candidate_generation_node]: MELHOR AREA (id=183, 634 conhecidas): (-2.77, -1.70, 0.02) raio=0.70m score=0.923 confirmacoes=184
[WARN] [1789468645.416232376] [candidate_generation_node]: TF nao disponivel ainda: Lookup would require extrapolation into the future.  Requested time 375.300000 but the latest data is at time 375.216000, when looking up transform from frame [x500_px4/livox_avia/lidar_3d/gpu_ray] to frame [earth]
[INFO] [1789468645.844476876] [candidate_generation_node]: 117 pontos apos voxel -> 117 sobrevivem ao filtro coarse (grid 1.0m, altura max 0.5m)
[INFO] [1789468645.862838549] [candidate_generation_node]: 50/50 candidatos validos | raio min/media/max: 0.70/0.70/0.70m | inclinacao media: 1.6 graus
[INFO] [1789468645.906699342] [candidate_generation_node]: MELHOR AREA (id=183, 634 conhecidas): (-2.77, -1.70, 0.02) raio=0.70m score=0.923 confirmacoes=184
[INFO] [1789468646.386814240] [candidate_generation_node]: [CALIBRACAO] voxel=0.06m | total_areas=634 | areas_confirmadas(>=10)=400
[WARN] [1789468647.548899599] [candidate_generation_node]: TF nao disponivel ainda: Lookup would require extrapolation into the future.  Requested time 377.400000 but the latest data is at time 377.340000, when looking up transform from frame [x500_px4/livox_avia/lidar_3d/gpu_ray] to frame [earth]
[INFO] [1789468648.013473946] [candidate_generation_node]: 113 pontos apos voxel -> 113 sobrevivem ao filtro coarse (grid 1.0m, altura max 0.5m)
[INFO] [1789468648.054782678] [candidate_generation_node]: 50/50 candidatos validos | raio min/media/max: 0.70/0.70/0.70m | inclinacao media: 3.0 graus
[INFO] [1789468648.123251965] [candidate_generation_node]: MELHOR AREA (id=183, 634 conhecidas): (-2.77, -1.70, 0.02) raio=0.70m score=0.923 confirmacoes=184
[INFO] [1789468649.754741354] [candidate_generation_node]: [CALIBRACAO] voxel=0.06m | total_areas=634 | areas_confirmadas(>=10)=400
[WARN] [1789468649.764634365] [candidate_generation_node]: TF nao disponivel ainda: Lookup would require extrapolation into the future.  Requested time 379.600000 but the latest data is at time 379.476000, when looking up transform from frame [x500_px4/livox_avia/lidar_3d/gpu_ray] to frame [earth]
[INFO] [1789468650.159532673] [candidate_generation_node]: 108 pontos apos voxel -> 108 sobrevivem ao filtro coarse (grid 1.0m, altura max 0.5m)
[INFO] [1789468650.192963133] [candidate_generation_node]: 50/50 candidatos validos | raio min/media/max: 0.70/0.70/0.70m | inclinacao media: 3.0 graus
[INFO] [1789468650.254720808] [candidate_generation_node]: MELHOR AREA (id=183, 634 conhecidas): (-2.77, -1.70, 0.02) raio=0.70m score=0.923 confirmacoes=184
[WARN] [1789468652.028809672] [candidate_generation_node]: TF nao disponivel ainda: Lookup would require extrapolation into the future.  Requested time 381.700000 but the latest data is at time 381.516000, when looking up transform from frame [x500_px4/livox_avia/lidar_3d/gpu_ray] to frame [earth]
[INFO] [1789468652.264310984] [candidate_generation_node]: 112 pontos apos voxel -> 112 sobrevivem ao filtro coarse (grid 1.0m, altura max 0.5m)
[INFO] [1789468652.311082275] [candidate_generation_node]: 50/50 candidatos validos | raio min/media/max: 0.70/0.70/0.70m | inclinacao media: 0.9 graus
[INFO] [1789468652.414852921] [candidate_generation_node]: MELHOR AREA (id=183, 634 conhecidas): (-2.77, -1.70, 0.02) raio=0.70m score=0.923 confirmacoes=184
[INFO] [1789468652.887548087] [candidate_generation_node]: [CALIBRACAO] voxel=0.06m | total_areas=634 | areas_confirmadas(>=10)=400
[WARN] [1789468654.286829537] [candidate_generation_node]: TF nao disponivel ainda: Lookup would require extrapolation into the future.  Requested time 383.900000 but the latest data is at time 383.820000, when looking up transform from frame [x500_px4/livox_avia/lidar_3d/gpu_ray] to frame [earth]
[INFO] [1789468654.636641157] [candidate_generation_node]: 112 pontos apos voxel -> 112 sobrevivem ao filtro coarse (grid 1.0m, altura max 0.5m)
[INFO] [1789468654.664023275] [candidate_generation_node]: 50/50 candidatos validos | raio min/media/max: 0.70/0.70/0.70m | inclinacao media: 1.8 graus
[INFO] [1789468654.737460246] [candidate_generation_node]: MELHOR AREA (id=183, 634 conhecidas): (-2.77, -1.70, 0.02) raio=0.70m score=0.923 confirmacoes=184
[INFO] [1789468656.003671784] [candidate_generation_node]: [CALIBRACAO] voxel=0.06m | total_areas=634 | areas_confirmadas(>=10)=400
[WARN] [1789468656.337348887] [candidate_generation_node]: TF nao disponivel ainda: Lookup would require extrapolation into the future.  Requested time 386.000000 but the latest data is at time 385.920000, when looking up transform from frame [x500_px4/livox_avia/lidar_3d/gpu_ray] to frame [earth]
[INFO] [1789468656.839530301] [candidate_generation_node]: 106 pontos apos voxel -> 106 sobrevivem ao filtro coarse (grid 1.0m, altura max 0.5m)
[INFO] [1789468656.870781613] [candidate_generation_node]: 50/50 candidatos validos | raio min/media/max: 0.70/0.70/0.70m | inclinacao media: 0.9 graus
[INFO] [1789468656.931389657] [candidate_generation_node]: MELHOR AREA (id=183, 634 conhecidas): (-2.77, -1.70, 0.02) raio=0.70m score=0.923 confirmacoes=184
[WARN] [1789468658.452377623] [candidate_generation_node]: TF nao disponivel ainda: Lookup would require extrapolation into the future.  Requested time 388.100000 but the latest data is at time 387.936000, when looking up transform from frame [x500_px4/livox_avia/lidar_3d/gpu_ray] to frame [earth]
[INFO] [1789468659.040683127] [candidate_generation_node]: 114 pontos apos voxel -> 114 sobrevivem ao filtro coarse (grid 1.0m, altura max 0.5m)
[INFO] [1789468659.068520378] [candidate_generation_node]: 50/50 candidatos validos | raio min/media/max: 0.70/0.70/0.70m | inclinacao media: 2.1 graus
[INFO] [1789468659.145522017] [candidate_generation_node]: MELHOR AREA (id=183, 634 conhecidas): (-2.77, -1.70, 0.02) raio=0.70m score=0.923 confirmacoes=184
[INFO] [1789468659.325763542] [candidate_generation_node]: [CALIBRACAO] voxel=0.06m | total_areas=634 | areas_confirmadas(>=10)=400
[WARN] [1789468660.862299045] [candidate_generation_node]: TF nao disponivel ainda: Lookup would require extrapolation into the future.  Requested time 390.500000 but the latest data is at time 390.420000, when looking up transform from frame [x500_px4/livox_avia/lidar_3d/gpu_ray] to frame [earth]
[INFO] [1789468661.049407539] [candidate_generation_node]: 114 pontos apos voxel -> 114 sobrevivem ao filtro coarse (grid 1.0m, altura max 0.5m)
[INFO] [1789468661.080945458] [candidate_generation_node]: 50/50 candidatos validos | raio min/media/max: 0.70/0.70/0.70m | inclinacao media: 3.0 graus
[INFO] [1789468661.161406907] [candidate_generation_node]: MELHOR AREA (id=183, 634 conhecidas): (-2.77, -1.70, 0.02) raio=0.70m score=0.923 confirmacoes=184
[INFO] [1789468662.949830901] [candidate_generation_node]: [CALIBRACAO] voxel=0.06m | total_areas=634 | areas_confirmadas(>=10)=400
[WARN] [1789468662.961758354] [candidate_generation_node]: TF nao disponivel ainda: Lookup would require extrapolation into the future.  Requested time 392.600000 but the latest data is at time 392.448000, when looking up transform from frame [x500_px4/livox_avia/lidar_3d/gpu_ray] to frame [earth]
[INFO] [1789468663.505016115] [candidate_generation_node]: 113 pontos apos voxel -> 113 sobrevivem ao filtro coarse (grid 1.0m, altura max 0.5m)
[INFO] [1789468663.535796697] [candidate_generation_node]: 50/50 candidatos validos | raio min/media/max: 0.70/0.70/0.70m | inclinacao media: 2.0 graus
[INFO] [1789468663.625406103] [candidate_generation_node]: MELHOR AREA (id=183, 634 conhecidas): (-2.77, -1.70, 0.02) raio=0.70m score=0.923 confirmacoes=184
[WARN] [1789468665.039149261] [candidate_generation_node]: TF nao disponivel ainda: Lookup would require extrapolation into the future.  Requested time 394.600000 but the latest data is at time 394.524000, when looking up transform from frame [x500_px4/livox_avia/lidar_3d/gpu_ray] to frame [earth]
[INFO] [1789468665.591238368] [candidate_generation_node]: 104 pontos apos voxel -> 104 sobrevivem ao filtro coarse (grid 1.0m, altura max 0.5m)
[INFO] [1789468665.639828129] [candidate_generation_node]: 50/50 candidatos validos | raio min/media/max: 0.70/0.70/0.70m | inclinacao media: 1.2 graus
[INFO] [1789468665.729340373] [candidate_generation_node]: MELHOR AREA (id=183, 634 conhecidas): (-2.77, -1.70, 0.02) raio=0.70m score=0.923 confirmacoes=184
[INFO] [1789468666.119284553] [candidate_generation_node]: [CALIBRACAO] voxel=0.06m | total_areas=634 | areas_confirmadas(>=10)=400
[WARN] [1789468667.243969123] [candidate_generation_node]: TF nao disponivel ainda: Lookup would require extrapolation into the future.  Requested time 396.800000 but the latest data is at time 396.720000, when looking up transform from frame [x500_px4/livox_avia/lidar_3d/gpu_ray] to frame [earth]
[INFO] [1789468667.708828663] [candidate_generation_node]: 114 pontos apos voxel -> 114 sobrevivem ao filtro coarse (grid 1.0m, altura max 0.5m)
[INFO] [1789468667.731555484] [candidate_generation_node]: 50/50 candidatos validos | raio min/media/max: 0.70/0.70/0.70m | inclinacao media: 1.6 graus
[INFO] [1789468667.771392650] [candidate_generation_node]: MELHOR AREA (id=183, 634 conhecidas): (-2.77, -1.70, 0.02) raio=0.70m score=0.923 confirmacoes=184
[INFO] [1789468669.181831271] [candidate_generation_node]: [CALIBRACAO] voxel=0.06m | total_areas=634 | areas_confirmadas(>=10)=400
[WARN] [1789468669.702145009] [candidate_generation_node]: TF nao disponivel ainda: Lookup would require extrapolation into the future.  Requested time 399.300000 but the latest data is at time 399.288000, when looking up transform from frame [x500_px4/livox_avia/lidar_3d/gpu_ray] to frame [earth]
[INFO] [1789468669.921186857] [candidate_generation_node]: 111 pontos apos voxel -> 111 sobrevivem ao filtro coarse (grid 1.0m, altura max 0.5m)
[INFO] [1789468669.949705058] [candidate_generation_node]: 50/50 candidatos validos | raio min/media/max: 0.70/0.70/0.70m | inclinacao media: 2.7 graus
[INFO] [1789468670.023359845] [candidate_generation_node]: MELHOR AREA (id=183, 634 conhecidas): (-2.77, -1.70, 0.02) raio=0.70m score=0.923 confirmacoes=184
[WARN] [1789468671.931906327] [candidate_generation_node]: TF nao disponivel ainda: Lookup would require extrapolation into the future.  Requested time 401.500000 but the latest data is at time 401.352000, when looking up transform from frame [x500_px4/livox_avia/lidar_3d/gpu_ray] to frame [earth]
[INFO] [1789468672.151410429] [candidate_generation_node]: 116 pontos apos voxel -> 116 sobrevivem ao filtro coarse (grid 1.0m, altura max 0.5m)
[INFO] [1789468672.177615381] [candidate_generation_node]: 50/50 candidatos validos | raio min/media/max: 0.70/0.70/0.70m | inclinacao media: 1.9 graus
[INFO] [1789468672.254563086] [candidate_generation_node]: MELHOR AREA (id=183, 634 conhecidas): (-2.77, -1.70, 0.02) raio=0.70m score=0.923 confirmacoes=184
[INFO] [1789468672.307501000] [candidate_generation_node]: [CALIBRACAO] voxel=0.06m | total_areas=634 | areas_confirmadas(>=10)=400
[WARN] [1789468674.017404033] [candidate_generation_node]: TF nao disponivel ainda: Lookup would require extrapolation into the future.  Requested time 403.500000 but the latest data is at time 403.440000, when looking up transform from frame [x500_px4/livox_avia/lidar_3d/gpu_ray] to frame [earth]
[INFO] [1789468674.357440747] [candidate_generation_node]: 117 pontos apos voxel -> 117 sobrevivem ao filtro coarse (grid 1.0m, altura max 0.5m)
[INFO] [1789468674.387583923] [candidate_generation_node]: 50/50 candidatos validos | raio min/media/max: 0.70/0.70/0.70m | inclinacao media: 2.8 graus
[INFO] [1789468674.455199504] [candidate_generation_node]: MELHOR AREA (id=183, 634 conhecidas): (-2.77, -1.70, 0.02) raio=0.70m score=0.923 confirmacoes=184
[INFO] [1789468675.619825517] [candidate_generation_node]: [CALIBRACAO] voxel=0.06m | total_areas=634 | areas_confirmadas(>=10)=400
[WARN] [1789468676.035571709] [candidate_generation_node]: TF nao disponivel ainda: Lookup would require extrapolation into the future.  Requested time 405.600000 but the latest data is at time 405.576000, when looking up transform from frame [x500_px4/livox_avia/lidar_3d/gpu_ray] to frame [earth]
[INFO] [1789468676.477887797] [candidate_generation_node]: MELHOR AREA (id=183, 634 conhecidas): (-2.77, -1.70, 0.02) raio=0.70m score=0.923 confirmacoes=184
[INFO] [1789468676.860483379] [candidate_generation_node]: 111 pontos apos voxel -> 111 sobrevivem ao filtro coarse (grid 1.0m, altura max 0.5m)
[INFO] [1789468676.891066282] [candidate_generation_node]: 50/50 candidatos validos | raio min/media/max: 0.70/0.70/0.70m | inclinacao media: 1.3 graus
[WARN] [1789468678.176801790] [candidate_generation_node]: TF nao disponivel ainda: Lookup would require extrapolation into the future.  Requested time 407.700000 but the latest data is at time 407.544000, when looking up transform from frame [x500_px4/livox_avia/lidar_3d/gpu_ray] to frame [earth]
[INFO] [1789468678.615322333] [candidate_generation_node]: MELHOR AREA (id=183, 634 conhecidas): (-2.77, -1.70, 0.02) raio=0.70m score=0.923 confirmacoes=184
[INFO] [1789468678.662664396] [candidate_generation_node]: [CALIBRACAO] voxel=0.06m | total_areas=634 | areas_confirmadas(>=10)=400
[INFO] [1789468678.901300070] [candidate_generation_node]: 115 pontos apos voxel -> 115 sobrevivem ao filtro coarse (grid 1.0m, altura max 0.5m)
[INFO] [1789468678.918122822] [candidate_generation_node]: 50/50 candidatos validos | raio min/media/max: 0.70/0.70/0.70m | inclinacao media: 2.2 graus
[WARN] [1789468680.230253422] [candidate_generation_node]: TF nao disponivel ainda: Lookup would require extrapolation into the future.  Requested time 409.700000 but the latest data is at time 409.632000, when looking up transform from frame [x500_px4/livox_avia/lidar_3d/gpu_ray] to frame [earth]
[INFO] [1789468680.910239465] [candidate_generation_node]: 110 pontos apos voxel -> 110 sobrevivem ao filtro coarse (grid 1.0m, altura max 0.5m)
[INFO] [1789468680.938691927] [candidate_generation_node]: 50/50 candidatos validos | raio min/media/max: 0.70/0.70/0.70m | inclinacao media: 2.7 graus
[INFO] [1789468681.015642211] [candidate_generation_node]: MELHOR AREA (id=183, 634 conhecidas): (-2.77, -1.70, 0.02) raio=0.70m score=0.923 confirmacoes=184
[INFO] [1789468681.819907605] [candidate_generation_node]: [CALIBRACAO] voxel=0.06m | total_areas=634 | areas_confirmadas(>=10)=400
[WARN] [1789468682.566089611] [candidate_generation_node]: TF nao disponivel ainda: Lookup would require extrapolation into the future.  Requested time 411.800000 but the latest data is at time 411.720000, when looking up transform from frame [x500_px4/livox_avia/lidar_3d/gpu_ray] to frame [earth]
[INFO] [1789468683.212924344] [candidate_generation_node]: 114 pontos apos voxel -> 114 sobrevivem ao filtro coarse (grid 1.0m, altura max 0.5m)
[INFO] [1789468683.253475445] [candidate_generation_node]: 50/50 candidatos validos | raio min/media/max: 0.70/0.70/0.70m | inclinacao media: 2.5 graus
[INFO] [1789468683.356325376] [candidate_generation_node]: MELHOR AREA (id=183, 634 conhecidas): (-2.77, -1.70, 0.02) raio=0.70m score=0.923 confirmacoes=184
[WARN] [1789468684.827132815] [candidate_generation_node]: TF nao disponivel ainda: Lookup would require extrapolation into the future.  Requested time 414.100000 but the latest data is at time 414.024000, when looking up transform from frame [x500_px4/livox_avia/lidar_3d/gpu_ray] to frame [earth]
[INFO] [1789468685.464259148] [candidate_generation_node]: 116 pontos apos voxel -> 116 sobrevivem ao filtro coarse (grid 1.0m, altura max 0.5m)
[INFO] [1789468685.492314522] [candidate_generation_node]: 50/50 candidatos validos | raio min/media/max: 0.70/0.70/0.70m | inclinacao media: 1.4 graus
[INFO] [1789468685.554466285] [candidate_generation_node]: MELHOR AREA (id=183, 634 conhecidas): (-2.77, -1.70, 0.02) raio=0.70m score=0.923 confirmacoes=184
[INFO] [1789468685.600174753] [candidate_generation_node]: [CALIBRACAO] voxel=0.06m | total_areas=634 | areas_confirmadas(>=10)=400
[WARN] [1789468687.109284895] [candidate_generation_node]: TF nao disponivel ainda: Lookup would require extrapolation into the future.  Requested time 416.400000 but the latest data is at time 416.340000, when looking up transform from frame [x500_px4/livox_avia/lidar_3d/gpu_ray] to frame [earth]
[INFO] [1789468687.734811805] [candidate_generation_node]: 108 pontos apos voxel -> 108 sobrevivem ao filtro coarse (grid 1.0m, altura max 0.5m)
[INFO] [1789468687.769096433] [candidate_generation_node]: 50/50 candidatos validos | raio min/media/max: 0.70/0.70/0.70m | inclinacao media: 3.2 graus
[INFO] [1789468687.831445926] [candidate_generation_node]: MELHOR AREA (id=183, 634 conhecidas): (-2.77, -1.70, 0.02) raio=0.70m score=0.923 confirmacoes=184
[INFO] [1789468688.720576756] [candidate_generation_node]: [CALIBRACAO] voxel=0.06m | total_areas=634 | areas_confirmadas(>=10)=400
[WARN] [1789468689.241764818] [candidate_generation_node]: TF nao disponivel ainda: Lookup would require extrapolation into the future.  Requested time 418.600000 but the latest data is at time 418.332000, when looking up transform from frame [x500_px4/livox_avia/lidar_3d/gpu_ray] to frame [earth]
[INFO] [1789468689.826791453] [candidate_generation_node]: 111 pontos apos voxel -> 111 sobrevivem ao filtro coarse (grid 1.0m, altura max 0.5m)
[INFO] [1789468689.840289987] [candidate_generation_node]: 50/50 candidatos validos | raio min/media/max: 0.70/0.70/0.70m | inclinacao media: 2.7 graus
[INFO] [1789468689.886312459] [candidate_generation_node]: MELHOR AREA (id=183, 634 conhecidas): (-2.77, -1.70, 0.02) raio=0.70m score=0.923 confirmacoes=184
[WARN] [1789468691.360172571] [candidate_generation_node]: TF nao disponivel ainda: Lookup would require extrapolation into the future.  Requested time 420.600000 but the latest data is at time 420.528000, when looking up transform from frame [x500_px4/livox_avia/lidar_3d/gpu_ray] to frame [earth]
[INFO] [1789468691.835241498] [candidate_generation_node]: [CALIBRACAO] voxel=0.06m | total_areas=634 | areas_confirmadas(>=10)=400
[INFO] [1789468692.037744400] [candidate_generation_node]: 115 pontos apos voxel -> 115 sobrevivem ao filtro coarse (grid 1.0m, altura max 0.5m)
[INFO] [1789468692.066530254] [candidate_generation_node]: 50/50 candidatos validos | raio min/media/max: 0.70/0.70/0.70m | inclinacao media: 3.1 graus
[INFO] [1789468692.155170304] [candidate_generation_node]: MELHOR AREA (id=183, 634 conhecidas): (-2.77, -1.70, 0.02) raio=0.70m score=0.923 confirmacoes=184
[WARN] [1789468693.445726393] [candidate_generation_node]: TF nao disponivel ainda: Lookup would require extrapolation into the future.  Requested time 422.800000 but the latest data is at time 422.736000, when looking up transform from frame [x500_px4/livox_avia/lidar_3d/gpu_ray] to frame [earth]
[INFO] [1789468694.058217339] [candidate_generation_node]: 115 pontos apos voxel -> 115 sobrevivem ao filtro coarse (grid 1.0m, altura max 0.5m)
[INFO] [1789468694.081894074] [candidate_generation_node]: 50/50 candidatos validos | raio min/media/max: 0.70/0.70/0.70m | inclinacao media: 2.2 graus
[INFO] [1789468694.476786458] [candidate_generation_node]: MELHOR AREA (id=183, 634 conhecidas): (-2.77, -1.70, 0.02) raio=0.70m score=0.923 confirmacoes=184
[INFO] [1789468694.919134887] [candidate_generation_node]: [CALIBRACAO] voxel=0.06m | total_areas=634 | areas_confirmadas(>=10)=400
[WARN] [1789468695.910515321] [candidate_generation_node]: TF nao disponivel ainda: Lookup would require extrapolation into the future.  Requested time 425.200000 but the latest data is at time 425.124000, when looking up transform from frame [x500_px4/livox_avia/lidar_3d/gpu_ray] to frame [earth]
[INFO] [1789468696.157472650] [candidate_generation_node]: 118 pontos apos voxel -> 118 sobrevivem ao filtro coarse (grid 1.0m, altura max 0.5m)
[INFO] [1789468696.184571896] [candidate_generation_node]: 50/50 candidatos validos | raio min/media/max: 0.70/0.70/0.70m | inclinacao media: 1.6 graus
[INFO] [1789468696.690081330] [candidate_generation_node]: MELHOR AREA (id=183, 634 conhecidas): (-2.77, -1.70, 0.02) raio=0.70m score=0.923 confirmacoes=184
[INFO] [1789468698.207961290] [candidate_generation_node]: [CALIBRACAO] voxel=0.06m | total_areas=634 | areas_confirmadas(>=10)=400
[WARN] [1789468698.219252353] [candidate_generation_node]: TF nao disponivel ainda: Lookup would require extrapolation into the future.  Requested time 427.500000 but the latest data is at time 427.440000, when looking up transform from frame [x500_px4/livox_avia/lidar_3d/gpu_ray] to frame [earth]
[INFO] [1789468698.442425384] [candidate_generation_node]: 102 pontos apos voxel -> 102 sobrevivem ao filtro coarse (grid 1.0m, altura max 0.5m)
[INFO] [1789468698.459137977] [candidate_generation_node]: 50/50 candidatos validos | raio min/media/max: 0.70/0.70/0.70m | inclinacao media: 0.4 graus
[INFO] [1789468698.814863519] [candidate_generation_node]: MELHOR AREA (id=183, 634 conhecidas): (-2.77, -1.70, 0.02) raio=0.70m score=0.923 confirmacoes=184
[WARN] [1789468700.462827247] [candidate_generation_node]: TF nao disponivel ainda: Lookup would require extrapolation into the future.  Requested time 429.700000 but the latest data is at time 429.624000, when looking up transform from frame [x500_px4/livox_avia/lidar_3d/gpu_ray] to frame [earth]
[INFO] [1789468700.661116862] [candidate_generation_node]: 107 pontos apos voxel -> 107 sobrevivem ao filtro coarse (grid 1.0m, altura max 0.5m)
[INFO] [1789468700.692765614] [candidate_generation_node]: 50/50 candidatos validos | raio min/media/max: 0.70/0.70/0.70m | inclinacao media: 1.4 graus
[INFO] [1789468701.163956831] [candidate_generation_node]: MELHOR AREA (id=183, 634 conhecidas): (-2.77, -1.70, 0.02) raio=0.70m score=0.923 confirmacoes=184
[INFO] [1789468701.543372960] [candidate_generation_node]: [CALIBRACAO] voxel=0.06m | total_areas=634 | areas_confirmadas(>=10)=400
[WARN] [1789468702.802817276] [candidate_generation_node]: TF nao disponivel ainda: Lookup would require extrapolation into the future.  Requested time 432.000000 but the latest data is at time 431.916000, when looking up transform from frame [x500_px4/livox_avia/lidar_3d/gpu_ray] to frame [earth]
[INFO] [1789468703.082462346] [candidate_generation_node]: 114 pontos apos voxel -> 114 sobrevivem ao filtro coarse (grid 1.0m, altura max 0.5m)
[INFO] [1789468703.105326004] [candidate_generation_node]: 50/50 candidatos validos | raio min/media/max: 0.70/0.70/0.70m | inclinacao media: 2.3 graus
[INFO] [1789468703.196414080] [candidate_generation_node]: MELHOR AREA (id=183, 634 conhecidas): (-2.77, -1.70, 0.02) raio=0.70m score=0.923 confirmacoes=184
[INFO] [1789468704.943623156] [candidate_generation_node]: [CALIBRACAO] voxel=0.06m | total_areas=634 | areas_confirmadas(>=10)=400
[WARN] [1789468704.957525360] [candidate_generation_node]: TF nao disponivel ainda: Lookup would require extrapolation into the future.  Requested time 434.200000 but the latest data is at time 434.136000, when looking up transform from frame [x500_px4/livox_avia/lidar_3d/gpu_ray] to frame [earth]
[INFO] [1789468705.164322774] [candidate_generation_node]: 117 pontos apos voxel -> 117 sobrevivem ao filtro coarse (grid 1.0m, altura max 0.5m)
[INFO] [1789468705.180316233] [candidate_generation_node]: 50/50 candidatos validos | raio min/media/max: 0.70/0.70/0.70m | inclinacao media: 2.8 graus
[INFO] [1789468705.251732957] [candidate_generation_node]: MELHOR AREA (id=183, 634 conhecidas): (-2.77, -1.70, 0.02) raio=0.70m score=0.923 confirmacoes=184
[INFO] [1789468707.181535086] [candidate_generation_node]: 117 pontos apos voxel -> 117 sobrevivem ao filtro coarse (grid 1.0m, altura max 0.5m)
[INFO] [1789468707.211682773] [candidate_generation_node]: 50/50 candidatos validos | raio min/media/max: 0.70/0.70/0.70m | inclinacao media: 2.8 graus
[INFO] [1789468707.280651326] [candidate_generation_node]: MELHOR AREA (id=183, 634 conhecidas): (-2.77, -1.70, 0.02) raio=0.70m score=0.923 confirmacoes=184
[WARN] [1789468707.316803463] [candidate_generation_node]: TF nao disponivel ainda: Lookup would require extrapolation into the future.  Requested time 436.600000 but the latest data is at time 436.524000, when looking up transform from frame [x500_px4/livox_avia/lidar_3d/gpu_ray] to frame [earth]
[INFO] [1789468708.116818013] [candidate_generation_node]: [CALIBRACAO] voxel=0.06m | total_areas=634 | areas_confirmadas(>=10)=400
[WARN] [1789468709.359677782] [candidate_generation_node]: TF nao disponivel ainda: Lookup would require extrapolation into the future.  Requested time 438.500000 but the latest data is at time 438.420000, when looking up transform from frame [x500_px4/livox_avia/lidar_3d/gpu_ray] to frame [earth]
[INFO] [1789468709.595415981] [candidate_generation_node]: 118 pontos apos voxel -> 118 sobrevivem ao filtro coarse (grid 1.0m, altura max 0.5m)
[INFO] [1789468709.634944209] [candidate_generation_node]: 50/50 candidatos validos | raio min/media/max: 0.70/0.70/0.70m | inclinacao media: 2.1 graus
[INFO] [1789468709.699765323] [candidate_generation_node]: MELHOR AREA (id=183, 634 conhecidas): (-2.77, -1.70, 0.02) raio=0.70m score=0.923 confirmacoes=184
[INFO] [1789468711.289115270] [candidate_generation_node]: [CALIBRACAO] voxel=0.06m | total_areas=634 | areas_confirmadas(>=10)=400
[INFO] [1789468711.661440626] [candidate_generation_node]: 109 pontos apos voxel -> 109 sobrevivem ao filtro coarse (grid 1.0m, altura max 0.5m)
[INFO] [1789468711.690922615] [candidate_generation_node]: 50/50 candidatos validos | raio min/media/max: 0.70/0.70/0.70m | inclinacao media: 1.5 graus
[INFO] [1789468711.789844383] [candidate_generation_node]: MELHOR AREA (id=183, 634 conhecidas): (-2.77, -1.70, 0.02) raio=0.70m score=0.923 confirmacoes=184
[WARN] [1789468711.860967176] [candidate_generation_node]: TF nao disponivel ainda: Lookup would require extrapolation into the future.  Requested time 441.000000 but the latest data is at time 440.940000, when looking up transform from frame [x500_px4/livox_avia/lidar_3d/gpu_ray] to frame [earth]
[INFO] [1789468713.702487981] [candidate_generation_node]: 105 pontos apos voxel -> 105 sobrevivem ao filtro coarse (grid 1.0m, altura max 0.5m)
[INFO] [1789468713.729237382] [candidate_generation_node]: 50/50 candidatos validos | raio min/media/max: 0.70/0.70/0.70m | inclinacao media: 3.9 graus
[INFO] [1789468713.815598584] [candidate_generation_node]: MELHOR AREA (id=183, 634 conhecidas): (-2.77, -1.70, 0.02) raio=0.70m score=0.923 confirmacoes=184
[WARN] [1789468713.872043597] [candidate_generation_node]: TF nao disponivel ainda: Lookup would require extrapolation into the future.  Requested time 443.000000 but the latest data is at time 442.932000, when looking up transform from frame [x500_px4/livox_avia/lidar_3d/gpu_ray] to frame [earth]
[INFO] [1789468714.542007563] [candidate_generation_node]: [CALIBRACAO] voxel=0.06m | total_areas=634 | areas_confirmadas(>=10)=400
[INFO] [1789468715.873252686] [candidate_generation_node]: 117 pontos apos voxel -> 117 sobrevivem ao filtro coarse (grid 1.0m, altura max 0.5m)
[INFO] [1789468715.896642322] [candidate_generation_node]: 50/50 candidatos validos | raio min/media/max: 0.70/0.70/0.70m | inclinacao media: 2.1 graus
[INFO] [1789468715.976555580] [candidate_generation_node]: MELHOR AREA (id=183, 634 conhecidas): (-2.77, -1.70, 0.02) raio=0.70m score=0.923 confirmacoes=184
[WARN] [1789468716.021436771] [candidate_generation_node]: TF nao disponivel ainda: Lookup would require extrapolation into the future.  Requested time 445.200000 but the latest data is at time 445.128000, when looking up transform from frame [x500_px4/livox_avia/lidar_3d/gpu_ray] to frame [earth]
[INFO] [1789468717.805986046] [candidate_generation_node]: [CALIBRACAO] voxel=0.06m | total_areas=634 | areas_confirmadas(>=10)=400
[INFO] [1789468717.980428038] [candidate_generation_node]: 111 pontos apos voxel -> 111 sobrevivem ao filtro coarse (grid 1.0m, altura max 0.5m)
[INFO] [1789468718.007253006] [candidate_generation_node]: 50/50 candidatos validos | raio min/media/max: 0.70/0.70/0.70m | inclinacao media: 2.4 graus
[INFO] [1789468718.086431424] [candidate_generation_node]: MELHOR AREA (id=183, 634 conhecidas): (-2.77, -1.70, 0.02) raio=0.70m score=0.923 confirmacoes=184
[WARN] [1789468718.148677243] [candidate_generation_node]: TF nao disponivel ainda: Lookup would require extrapolation into the future.  Requested time 447.300000 but the latest data is at time 447.240000, when looking up transform from frame [x500_px4/livox_avia/lidar_3d/gpu_ray] to frame [earth]
[INFO] [1789468719.997642857] [candidate_generation_node]: 114 pontos apos voxel -> 114 sobrevivem ao filtro coarse (grid 1.0m, altura max 0.5m)
[INFO] [1789468720.026206115] [candidate_generation_node]: 50/50 candidatos validos | raio min/media/max: 0.70/0.70/0.70m | inclinacao media: 1.6 graus
[INFO] [1789468720.092797075] [candidate_generation_node]: MELHOR AREA (id=183, 634 conhecidas): (-2.77, -1.70, 0.02) raio=0.70m score=0.923 confirmacoes=184
[WARN] [1789468720.177652335] [candidate_generation_node]: TF nao disponivel ainda: Lookup would require extrapolation into the future.  Requested time 449.400000 but the latest data is at time 449.376000, when looking up transform from frame [x500_px4/livox_avia/lidar_3d/gpu_ray] to frame [earth]
[INFO] [1789468721.145744897] [candidate_generation_node]: [CALIBRACAO] voxel=0.06m | total_areas=634 | areas_confirmadas(>=10)=400
[INFO] [1789468722.214967706] [candidate_generation_node]: 108 pontos apos voxel -> 108 sobrevivem ao filtro coarse (grid 1.0m, altura max 0.5m)
[INFO] [1789468722.236032016] [candidate_generation_node]: 50/50 candidatos validos | raio min/media/max: 0.70/0.70/0.70m | inclinacao media: 1.2 graus
[INFO] [1789468722.306536404] [candidate_generation_node]: MELHOR AREA (id=183, 634 conhecidas): (-2.77, -1.70, 0.02) raio=0.70m score=0.923 confirmacoes=184
[WARN] [1789468722.350638287] [candidate_generation_node]: TF nao disponivel ainda: Lookup would require extrapolation into the future.  Requested time 451.500000 but the latest data is at time 451.428000, when looking up transform from frame [x500_px4/livox_avia/lidar_3d/gpu_ray] to frame [earth]
[INFO] [1789468724.184118821] [candidate_generation_node]: [CALIBRACAO] voxel=0.06m | total_areas=634 | areas_confirmadas(>=10)=400
[INFO] [1789468724.457750798] [candidate_generation_node]: 113 pontos apos voxel -> 113 sobrevivem ao filtro coarse (grid 1.0m, altura max 0.5m)
[INFO] [1789468724.493395317] [candidate_generation_node]: 50/50 candidatos validos | raio min/media/max: 0.70/0.70/0.70m | inclinacao media: 1.6 graus
[INFO] [1789468724.583268958] [candidate_generation_node]: MELHOR AREA (id=183, 634 conhecidas): (-2.77, -1.70, 0.02) raio=0.70m score=0.923 confirmacoes=184
[WARN] [1789468724.765191747] [candidate_generation_node]: TF nao disponivel ainda: Lookup would require extrapolation into the future.  Requested time 453.700000 but the latest data is at time 453.660000, when looking up transform from frame [x500_px4/livox_avia/lidar_3d/gpu_ray] to frame [earth]
[INFO] [1789468726.549269460] [candidate_generation_node]: 107 pontos apos voxel -> 107 sobrevivem ao filtro coarse (grid 1.0m, altura max 0.5m)
[INFO] [1789468726.580008794] [candidate_generation_node]: 50/50 candidatos validos | raio min/media/max: 0.70/0.70/0.70m | inclinacao media: 0.4 graus
[INFO] [1789468726.660585713] [candidate_generation_node]: MELHOR AREA (id=183, 634 conhecidas): (-2.77, -1.70, 0.02) raio=0.70m score=0.923 confirmacoes=184
[WARN] [1789468726.801657372] [candidate_generation_node]: TF nao disponivel ainda: Lookup would require extrapolation into the future.  Requested time 456.000000 but the latest data is at time 455.976000, when looking up transform from frame [x500_px4/livox_avia/lidar_3d/gpu_ray] to frame [earth]
[INFO] [1789468727.652747822] [candidate_generation_node]: [CALIBRACAO] voxel=0.06m | total_areas=634 | areas_confirmadas(>=10)=400
[INFO] [1789468728.828205531] [candidate_generation_node]: 107 pontos apos voxel -> 107 sobrevivem ao filtro coarse (grid 1.0m, altura max 0.5m)
[INFO] [1789468728.845816367] [candidate_generation_node]: 50/50 candidatos validos | raio min/media/max: 0.70/0.70/0.70m | inclinacao media: 1.2 graus
[INFO] [1789468728.883767333] [candidate_generation_node]: MELHOR AREA (id=183, 634 conhecidas): (-2.77, -1.70, 0.02) raio=0.70m score=0.923 confirmacoes=184
[WARN] [1789468728.928027501] [candidate_generation_node]: TF nao disponivel ainda: Lookup would require extrapolation into the future.  Requested time 458.100000 but the latest data is at time 458.028000, when looking up transform from frame [x500_px4/livox_avia/lidar_3d/gpu_ray] to frame [earth]
[INFO] [1789468730.707784695] [candidate_generation_node]: [CALIBRACAO] voxel=0.06m | total_areas=634 | areas_confirmadas(>=10)=400
[INFO] [1789468731.044696100] [candidate_generation_node]: 109 pontos apos voxel -> 109 sobrevivem ao filtro coarse (grid 1.0m, altura max 0.5m)
[INFO] [1789468731.069241730] [candidate_generation_node]: 50/50 candidatos validos | raio min/media/max: 0.70/0.70/0.70m | inclinacao media: 0.9 graus
[INFO] [1789468731.152651825] [candidate_generation_node]: MELHOR AREA (id=183, 634 conhecidas): (-2.77, -1.70, 0.02) raio=0.70m score=0.923 confirmacoes=184
[WARN] [1789468731.208377229] [candidate_generation_node]: TF nao disponivel ainda: Lookup would require extrapolation into the future.  Requested time 460.300000 but the latest data is at time 460.236000, when looking up transform from frame [x500_px4/livox_avia/lidar_3d/gpu_ray] to frame [earth]
[WARN] [1789468733.240670269] [candidate_generation_node]: TF nao disponivel ainda: Lookup would require extrapolation into the future.  Requested time 462.400000 but the latest data is at time 462.324000, when looking up transform from frame [x500_px4/livox_avia/lidar_3d/gpu_ray] to frame [earth]
[INFO] [1789468733.373865070] [candidate_generation_node]: 103 pontos apos voxel -> 103 sobrevivem ao filtro coarse (grid 1.0m, altura max 0.5m)
[INFO] [1789468733.400403437] [candidate_generation_node]: 50/50 candidatos validos | raio min/media/max: 0.70/0.70/0.70m | inclinacao media: 1.9 graus
[INFO] [1789468733.466868768] [candidate_generation_node]: MELHOR AREA (id=183, 634 conhecidas): (-2.77, -1.70, 0.02) raio=0.70m score=0.923 confirmacoes=184
[INFO] [1789468733.981068557] [candidate_generation_node]: [CALIBRACAO] voxel=0.06m | total_areas=634 | areas_confirmadas(>=10)=400
[WARN] [1789468735.268827432] [candidate_generation_node]: TF nao disponivel ainda: Lookup would require extrapolation into the future.  Requested time 464.400000 but the latest data is at time 464.244000, when looking up transform from frame [x500_px4/livox_avia/lidar_3d/gpu_ray] to frame [earth]
[INFO] [1789468735.386429725] [candidate_generation_node]: 116 pontos apos voxel -> 116 sobrevivem ao filtro coarse (grid 1.0m, altura max 0.5m)
[INFO] [1789468735.406782224] [candidate_generation_node]: 50/50 candidatos validos | raio min/media/max: 0.70/0.70/0.70m | inclinacao media: 2.3 graus
[INFO] [1789468735.810613606] [candidate_generation_node]: MELHOR AREA (id=183, 634 conhecidas): (-2.77, -1.70, 0.02) raio=0.70m score=0.923 confirmacoes=184
[INFO] [1789468737.265342373] [candidate_generation_node]: [CALIBRACAO] voxel=0.06m | total_areas=634 | areas_confirmadas(>=10)=400
[WARN] [1789468737.281438356] [candidate_generation_node]: TF nao disponivel ainda: Lookup would require extrapolation into the future.  Requested time 466.400000 but the latest data is at time 466.236000, when looking up transform from frame [x500_px4/livox_avia/lidar_3d/gpu_ray] to frame [earth]
[INFO] [1789468737.521744219] [candidate_generation_node]: 109 pontos apos voxel -> 109 sobrevivem ao filtro coarse (grid 1.0m, altura max 0.5m)
[INFO] [1789468737.549616720] [candidate_generation_node]: 50/50 candidatos validos | raio min/media/max: 0.70/0.70/0.70m | inclinacao media: 0.9 graus
[INFO] [1789468738.312677594] [candidate_generation_node]: MELHOR AREA (id=183, 634 conhecidas): (-2.77, -1.70, 0.02) raio=0.70m score=0.923 confirmacoes=184
[WARN] [1789468739.530023782] [candidate_generation_node]: TF nao disponivel ainda: Lookup would require extrapolation into the future.  Requested time 468.600000 but the latest data is at time 468.528000, when looking up transform from frame [x500_px4/livox_avia/lidar_3d/gpu_ray] to frame [earth]
[INFO] [1789468739.923701295] [candidate_generation_node]: 108 pontos apos voxel -> 108 sobrevivem ao filtro coarse (grid 1.0m, altura max 0.5m)
[INFO] [1789468739.937408837] [candidate_generation_node]: 50/50 candidatos validos | raio min/media/max: 0.70/0.70/0.70m | inclinacao media: 3.2 graus
[INFO] [1789468740.301709269] [candidate_generation_node]: [CALIBRACAO] voxel=0.06m | total_areas=634 | areas_confirmadas(>=10)=400
[INFO] [1789468740.457274957] [candidate_generation_node]: MELHOR AREA (id=183, 634 conhecidas): (-2.77, -1.70, 0.02) raio=0.70m score=0.923 confirmacoes=184
[WARN] [1789468741.584129941] [candidate_generation_node]: TF nao disponivel ainda: Lookup would require extrapolation into the future.  Requested time 470.600000 but the latest data is at time 470.532000, when looking up transform from frame [x500_px4/livox_avia/lidar_3d/gpu_ray] to frame [earth]
[INFO] [1789468742.027836584] [candidate_generation_node]: 118 pontos apos voxel -> 118 sobrevivem ao filtro coarse (grid 1.0m, altura max 0.5m)
[INFO] [1789468742.060871617] [candidate_generation_node]: 50/50 candidatos validos | raio min/media/max: 0.70/0.70/0.70m | inclinacao media: 2.0 graus
[INFO] [1789468742.647141588] [candidate_generation_node]: MELHOR AREA (id=183, 634 conhecidas): (-2.77, -1.70, 0.02) raio=0.70m score=0.923 confirmacoes=184
[INFO] [1789468743.332456694] [candidate_generation_node]: [CALIBRACAO] voxel=0.06m | total_areas=634 | areas_confirmadas(>=10)=400
[WARN] [1789468743.854045366] [candidate_generation_node]: TF nao disponivel ainda: Lookup would require extrapolation into the future.  Requested time 472.800000 but the latest data is at time 472.728000, when looking up transform from frame [x500_px4/livox_avia/lidar_3d/gpu_ray] to frame [earth]
[INFO] [1789468744.262427851] [candidate_generation_node]: 109 pontos apos voxel -> 109 sobrevivem ao filtro coarse (grid 1.0m, altura max 0.5m)
[INFO] [1789468744.279676442] [candidate_generation_node]: 50/50 candidatos validos | raio min/media/max: 0.70/0.70/0.70m | inclinacao media: 1.4 graus
[INFO] [1789468744.676852089] [candidate_generation_node]: MELHOR AREA (id=183, 634 conhecidas): (-2.77, -1.70, 0.02) raio=0.70m score=0.923 confirmacoes=184
[INFO] [1789468746.362122187] [candidate_generation_node]: 116 pontos apos voxel -> 116 sobrevivem ao filtro coarse (grid 1.0m, altura max 0.5m)
[INFO] [1789468746.390413826] [candidate_generation_node]: 50/50 candidatos validos | raio min/media/max: 0.70/0.70/0.70m | inclinacao media: 3.1 graus
[INFO] [1789468746.473343488] [candidate_generation_node]: [CALIBRACAO] voxel=0.06m | total_areas=634 | areas_confirmadas(>=10)=400
[WARN] [1789468746.486017548] [candidate_generation_node]: TF nao disponivel ainda: Lookup would require extrapolation into the future.  Requested time 475.500000 but the latest data is at time 475.428000, when looking up transform from frame [x500_px4/livox_avia/lidar_3d/gpu_ray] to frame [earth]
[INFO] [1789468746.983941213] [candidate_generation_node]: MELHOR AREA (id=183, 634 conhecidas): (-2.77, -1.70, 0.02) raio=0.70m score=0.923 confirmacoes=184
[WARN] [1789468748.560346694] [candidate_generation_node]: TF nao disponivel ainda: Lookup would require extrapolation into the future.  Requested time 477.600000 but the latest data is at time 477.576000, when looking up transform from frame [x500_px4/livox_avia/lidar_3d/gpu_ray] to frame [earth]
[INFO] [1789468748.698678570] [candidate_generation_node]: 115 pontos apos voxel -> 115 sobrevivem ao filtro coarse (grid 1.0m, altura max 0.5m)
[INFO] [1789468748.727184082] [candidate_generation_node]: 50/50 candidatos validos | raio min/media/max: 0.70/0.70/0.70m | inclinacao media: 3.5 graus
[INFO] [1789468749.025046316] [candidate_generation_node]: MELHOR AREA (id=183, 634 conhecidas): (-2.77, -1.70, 0.02) raio=0.70m score=0.923 confirmacoes=184
[INFO] [1789468749.879435402] [candidate_generation_node]: [CALIBRACAO] voxel=0.06m | total_areas=634 | areas_confirmadas(>=10)=400
[WARN] [1789468750.677634544] [candidate_generation_node]: TF nao disponivel ainda: Lookup would require extrapolation into the future.  Requested time 479.500000 but the latest data is at time 479.436000, when looking up transform from frame [x500_px4/livox_avia/lidar_3d/gpu_ray] to frame [earth]
[INFO] [1789468750.873506569] [candidate_generation_node]: 115 pontos apos voxel -> 115 sobrevivem ao filtro coarse (grid 1.0m, altura max 0.5m)
[INFO] [1789468750.887728733] [candidate_generation_node]: 50/50 candidatos validos | raio min/media/max: 0.70/0.70/0.70m | inclinacao media: 2.0 graus
[INFO] [1789468751.189774712] [candidate_generation_node]: MELHOR AREA (id=183, 634 conhecidas): (-2.77, -1.70, 0.02) raio=0.70m score=0.923 confirmacoes=184
[WARN] [1789468752.880273417] [candidate_generation_node]: TF nao disponivel ainda: Lookup would require extrapolation into the future.  Requested time 481.900000 but the latest data is at time 481.836000, when looking up transform from frame [x500_px4/livox_avia/lidar_3d/gpu_ray] to frame [earth]
[INFO] [1789468753.092369124] [candidate_generation_node]: 119 pontos apos voxel -> 119 sobrevivem ao filtro coarse (grid 1.0m, altura max 0.5m)
[INFO] [1789468753.127120757] [candidate_generation_node]: 50/50 candidatos validos | raio min/media/max: 0.70/0.70/0.70m | inclinacao media: 2.5 graus
[INFO] [1789468753.201278102] [candidate_generation_node]: MELHOR AREA (id=183, 634 conhecidas): (-2.77, -1.70, 0.02) raio=0.70m score=0.923 confirmacoes=184
[INFO] [1789468753.262396165] [candidate_generation_node]: [CALIBRACAO] voxel=0.06m | total_areas=634 | areas_confirmadas(>=10)=400
[WARN] [1789468754.905171055] [candidate_generation_node]: TF nao disponivel ainda: Lookup would require extrapolation into the future.  Requested time 483.900000 but the latest data is at time 483.828000, when looking up transform from frame [x500_px4/livox_avia/lidar_3d/gpu_ray] to frame [earth]
[INFO] [1789468755.188961792] [candidate_generation_node]: 106 pontos apos voxel -> 106 sobrevivem ao filtro coarse (grid 1.0m, altura max 0.5m)
[INFO] [1789468755.213027154] [candidate_generation_node]: 50/50 candidatos validos | raio min/media/max: 0.70/0.70/0.70m | inclinacao media: 1.8 graus
[INFO] [1789468755.293704855] [candidate_generation_node]: MELHOR AREA (id=183, 634 conhecidas): (-2.77, -1.70, 0.02) raio=0.70m score=0.923 confirmacoes=184
[INFO] [1789468756.293584245] [candidate_generation_node]: [CALIBRACAO] voxel=0.06m | total_areas=634 | areas_confirmadas(>=10)=400
[WARN] [1789468756.955111064] [candidate_generation_node]: TF nao disponivel ainda: Lookup would require extrapolation into the future.  Requested time 486.000000 but the latest data is at time 485.976000, when looking up transform from frame [x500_px4/livox_avia/lidar_3d/gpu_ray] to frame [earth]
[INFO] [1789468757.392868559] [candidate_generation_node]: 115 pontos apos voxel -> 115 sobrevivem ao filtro coarse (grid 1.0m, altura max 0.5m)
[INFO] [1789468757.417945031] [candidate_generation_node]: 50/50 candidatos validos | raio min/media/max: 0.70/0.70/0.70m | inclinacao media: 1.3 graus
[INFO] [1789468757.503787520] [candidate_generation_node]: MELHOR AREA (id=183, 634 conhecidas): (-2.77, -1.70, 0.02) raio=0.70m score=0.923 confirmacoes=184
[WARN] [1789468759.116143537] [candidate_generation_node]: TF nao disponivel ainda: Lookup would require extrapolation into the future.  Requested time 488.100000 but the latest data is at time 488.004000, when looking up transform from frame [x500_px4/livox_avia/lidar_3d/gpu_ray] to frame [earth]
[INFO] [1789468759.428144729] [candidate_generation_node]: [CALIBRACAO] voxel=0.06m | total_areas=634 | areas_confirmadas(>=10)=400
[INFO] [1789468759.587044594] [candidate_generation_node]: 111 pontos apos voxel -> 111 sobrevivem ao filtro coarse (grid 1.0m, altura max 0.5m)
[INFO] [1789468759.605674391] [candidate_generation_node]: 50/50 candidatos validos | raio min/media/max: 0.70/0.70/0.70m | inclinacao media: 1.6 graus
[INFO] [1789468759.649616820] [candidate_generation_node]: MELHOR AREA (id=183, 634 conhecidas): (-2.77, -1.70, 0.02) raio=0.70m score=0.923 confirmacoes=184
[WARN] [1789468761.400085632] [candidate_generation_node]: TF nao disponivel ainda: Lookup would require extrapolation into the future.  Requested time 490.400000 but the latest data is at time 490.332000, when looking up transform from frame [x500_px4/livox_avia/lidar_3d/gpu_ray] to frame [earth]
[INFO] [1789468761.903453181] [candidate_generation_node]: 114 pontos apos voxel -> 114 sobrevivem ao filtro coarse (grid 1.0m, altura max 0.5m)
[INFO] [1789468761.924921527] [candidate_generation_node]: 50/50 candidatos validos | raio min/media/max: 0.70/0.70/0.70m | inclinacao media: 2.4 graus
[INFO] [1789468761.966694834] [candidate_generation_node]: MELHOR AREA (id=183, 634 conhecidas): (-2.77, -1.70, 0.02) raio=0.70m score=0.923 confirmacoes=184
[INFO] [1789468762.565024899] [candidate_generation_node]: [CALIBRACAO] voxel=0.06m | total_areas=634 | areas_confirmadas(>=10)=400
[WARN] [1789468763.920777125] [candidate_generation_node]: TF nao disponivel ainda: Lookup would require extrapolation into the future.  Requested time 492.700000 but the latest data is at time 492.648000, when looking up transform from frame [x500_px4/livox_avia/lidar_3d/gpu_ray] to frame [earth]
[INFO] [1789468764.107715314] [candidate_generation_node]: 119 pontos apos voxel -> 119 sobrevivem ao filtro coarse (grid 1.0m, altura max 0.5m)
[INFO] [1789468764.130698030] [candidate_generation_node]: 50/50 candidatos validos | raio min/media/max: 0.70/0.70/0.70m | inclinacao media: 1.6 graus
[INFO] [1789468764.168995776] [candidate_generation_node]: MELHOR AREA (id=183, 634 conhecidas): (-2.77, -1.70, 0.02) raio=0.70m score=0.923 confirmacoes=184
[INFO] [1789468765.802529753] [candidate_generation_node]: [CALIBRACAO] voxel=0.06m | total_areas=634 | areas_confirmadas(>=10)=400
[WARN] [1789468766.219456516] [candidate_generation_node]: TF nao disponivel ainda: Lookup would require extrapolation into the future.  Requested time 495.200000 but the latest data is at time 495.048000, when looking up transform from frame [x500_px4/livox_avia/lidar_3d/gpu_ray] to frame [earth]
[INFO] [1789468766.335858315] [candidate_generation_node]: 113 pontos apos voxel -> 113 sobrevivem ao filtro coarse (grid 1.0m, altura max 0.5m)
[INFO] [1789468766.369025194] [candidate_generation_node]: 50/50 candidatos validos | raio min/media/max: 0.70/0.70/0.70m | inclinacao media: 2.7 graus
[INFO] [1789468766.457163273] [candidate_generation_node]: MELHOR AREA (id=183, 634 conhecidas): (-2.77, -1.70, 0.02) raio=0.70m score=0.923 confirmacoes=184
[INFO] [1789468768.385133859] [candidate_generation_node]: 109 pontos apos voxel -> 109 sobrevivem ao filtro coarse (grid 1.0m, altura max 0.5m)
[INFO] [1789468768.417755467] [candidate_generation_node]: 50/50 candidatos validos | raio min/media/max: 0.70/0.70/0.70m | inclinacao media: 2.6 graus
[INFO] [1789468768.490590688] [candidate_generation_node]: MELHOR AREA (id=183, 634 conhecidas): (-2.77, -1.70, 0.02) raio=0.70m score=0.923 confirmacoes=184
[WARN] [1789468768.551352295] [candidate_generation_node]: TF nao disponivel ainda: Lookup would require extrapolation into the future.  Requested time 497.400000 but the latest data is at time 497.340000, when looking up transform from frame [x500_px4/livox_avia/lidar_3d/gpu_ray] to frame [earth]
[INFO] [1789468768.882243819] [candidate_generation_node]: [CALIBRACAO] voxel=0.06m | total_areas=634 | areas_confirmadas(>=10)=400
[INFO] [1789468770.479034551] [candidate_generation_node]: 101 pontos apos voxel -> 101 sobrevivem ao filtro coarse (grid 1.0m, altura max 0.5m)
[INFO] [1789468770.514844618] [candidate_generation_node]: 50/50 candidatos validos | raio min/media/max: 0.70/0.70/0.70m | inclinacao media: 0.9 graus
[INFO] [1789468770.582163650] [candidate_generation_node]: MELHOR AREA (id=183, 634 conhecidas): (-2.77, -1.70, 0.02) raio=0.70m score=0.923 confirmacoes=184
[WARN] [1789468770.615633751] [candidate_generation_node]: TF nao disponivel ainda: Lookup would require extrapolation into the future.  Requested time 499.500000 but the latest data is at time 499.428000, when looking up transform from frame [x500_px4/livox_avia/lidar_3d/gpu_ray] to frame [earth]
[INFO] [1789468772.071975319] [candidate_generation_node]: [CALIBRACAO] voxel=0.06m | total_areas=634 | areas_confirmadas(>=10)=400
[INFO] [1789468772.726475772] [candidate_generation_node]: 98 pontos apos voxel -> 98 sobrevivem ao filtro coarse (grid 1.0m, altura max 0.5m)
[INFO] [1789468772.752494010] [candidate_generation_node]: 50/50 candidatos validos | raio min/media/max: 0.70/0.70/0.70m | inclinacao media: 0.5 graus
[INFO] [1789468772.836009313] [candidate_generation_node]: MELHOR AREA (id=183, 634 conhecidas): (-2.77, -1.70, 0.02) raio=0.70m score=0.923 confirmacoes=184
[WARN] [1789468772.899874427] [candidate_generation_node]: TF nao disponivel ainda: Lookup would require extrapolation into the future.  Requested time 501.700000 but the latest data is at time 501.648000, when looking up transform from frame [x500_px4/livox_avia/lidar_3d/gpu_ray] to frame [earth]
[INFO] [1789468774.742604385] [candidate_generation_node]: 118 pontos apos voxel -> 118 sobrevivem ao filtro coarse (grid 1.0m, altura max 0.5m)
[INFO] [1789468774.772889491] [candidate_generation_node]: 50/50 candidatos validos | raio min/media/max: 0.70/0.70/0.70m | inclinacao media: 2.5 graus
[INFO] [1789468774.837735667] [candidate_generation_node]: MELHOR AREA (id=183, 634 conhecidas): (-2.77, -1.70, 0.02) raio=0.70m score=0.923 confirmacoes=184
[INFO] [1789468775.149679091] [candidate_generation_node]: [CALIBRACAO] voxel=0.06m | total_areas=634 | areas_confirmadas(>=10)=400
[WARN] [1789468775.164658365] [candidate_generation_node]: TF nao disponivel ainda: Lookup would require extrapolation into the future.  Requested time 504.000000 but the latest data is at time 503.928000, when looking up transform from frame [x500_px4/livox_avia/lidar_3d/gpu_ray] to frame [earth]
[INFO] [1789468777.136232401] [candidate_generation_node]: 101 pontos apos voxel -> 101 sobrevivem ao filtro coarse (grid 1.0m, altura max 0.5m)
[INFO] [1789468777.150418374] [candidate_generation_node]: 50/50 candidatos validos | raio min/media/max: 0.70/0.70/0.70m | inclinacao media: 1.9 graus
[INFO] [1789468777.198448203] [candidate_generation_node]: MELHOR AREA (id=183, 634 conhecidas): (-2.77, -1.70, 0.02) raio=0.70m score=0.923 confirmacoes=184
[WARN] [1789468777.325582969] [candidate_generation_node]: TF nao disponivel ainda: Lookup would require extrapolation into the future.  Requested time 506.200000 but the latest data is at time 506.160000, when looking up transform from frame [x500_px4/livox_avia/lidar_3d/gpu_ray] to frame [earth]
[INFO] [1789468778.539237557] [candidate_generation_node]: [CALIBRACAO] voxel=0.06m | total_areas=634 | areas_confirmadas(>=10)=400
[INFO] [1789468779.669933807] [candidate_generation_node]: 109 pontos apos voxel -> 109 sobrevivem ao filtro coarse (grid 1.0m, altura max 0.5m)
[INFO] [1789468779.706169150] [candidate_generation_node]: 50/50 candidatos validos | raio min/media/max: 0.70/0.70/0.70m | inclinacao media: 1.6 graus
[INFO] [1789468779.822574730] [candidate_generation_node]: MELHOR AREA (id=183, 634 conhecidas): (-2.77, -1.70, 0.02) raio=0.70m score=0.923 confirmacoes=184
[WARN] [1789468779.898677016] [candidate_generation_node]: TF nao disponivel ainda: Lookup would require extrapolation into the future.  Requested time 508.600000 but the latest data is at time 508.536000, when looking up transform from frame [x500_px4/livox_avia/lidar_3d/gpu_ray] to frame [earth]
[INFO] [1789468781.693057475] [candidate_generation_node]: [CALIBRACAO] voxel=0.06m | total_areas=634 | areas_confirmadas(>=10)=400
[INFO] [1789468781.881693156] [candidate_generation_node]: 107 pontos apos voxel -> 107 sobrevivem ao filtro coarse (grid 1.0m, altura max 0.5m)
[INFO] [1789468781.899626875] [candidate_generation_node]: 50/50 candidatos validos | raio min/media/max: 0.70/0.70/0.70m | inclinacao media: 1.9 graus
[INFO] [1789468781.946475144] [candidate_generation_node]: MELHOR AREA (id=183, 634 conhecidas): (-2.77, -1.70, 0.02) raio=0.70m score=0.923 confirmacoes=184
[WARN] [1789468782.066589996] [candidate_generation_node]: TF nao disponivel ainda: Lookup would require extrapolation into the future.  Requested time 510.900000 but the latest data is at time 510.852000, when looking up transform from frame [x500_px4/livox_avia/lidar_3d/gpu_ray] to frame [earth]
[WARN] [1789468784.091812866] [candidate_generation_node]: TF nao disponivel ainda: Lookup would require extrapolation into the future.  Requested time 512.900000 but the latest data is at time 512.760000, when looking up transform from frame [x500_px4/livox_avia/lidar_3d/gpu_ray] to frame [earth]
[INFO] [1789468784.273932187] [candidate_generation_node]: 111 pontos apos voxel -> 111 sobrevivem ao filtro coarse (grid 1.0m, altura max 0.5m)
[INFO] [1789468784.289779170] [candidate_generation_node]: 50/50 candidatos validos | raio min/media/max: 0.70/0.70/0.70m | inclinacao media: 2.6 graus
[INFO] [1789468784.345759652] [candidate_generation_node]: MELHOR AREA (id=183, 634 conhecidas): (-2.77, -1.70, 0.02) raio=0.70m score=0.923 confirmacoes=184
[INFO] [1789468785.144952031] [candidate_generation_node]: [CALIBRACAO] voxel=0.06m | total_areas=634 | areas_confirmadas(>=10)=400
[WARN] [1789468786.302980439] [candidate_generation_node]: TF nao disponivel ainda: Lookup would require extrapolation into the future.  Requested time 515.100000 but the latest data is at time 514.956000, when looking up transform from frame [x500_px4/livox_avia/lidar_3d/gpu_ray] to frame [earth]
[INFO] [1789468786.430857709] [candidate_generation_node]: 108 pontos apos voxel -> 108 sobrevivem ao filtro coarse (grid 1.0m, altura max 0.5m)
[INFO] [1789468786.463063180] [candidate_generation_node]: 50/50 candidatos validos | raio min/media/max: 0.70/0.70/0.70m | inclinacao media: 1.7 graus
[INFO] [1789468786.561031208] [candidate_generation_node]: MELHOR AREA (id=183, 634 conhecidas): (-2.77, -1.70, 0.02) raio=0.70m score=0.923 confirmacoes=184
[INFO] [1789468788.511153714] [candidate_generation_node]: 118 pontos apos voxel -> 118 sobrevivem ao filtro coarse (grid 1.0m, altura max 0.5m)
[INFO] [1789468788.559009361] [candidate_generation_node]: 50/50 candidatos validos | raio min/media/max: 0.70/0.70/0.70m | inclinacao media: 2.5 graus
[INFO] [1789468788.662529336] [candidate_generation_node]: MELHOR AREA (id=183, 634 conhecidas): (-2.77, -1.70, 0.02) raio=0.70m score=0.923 confirmacoes=184
[INFO] [1789468788.700425044] [candidate_generation_node]: [CALIBRACAO] voxel=0.06m | total_areas=634 | areas_confirmadas(>=10)=400
[WARN] [1789468788.710543374] [candidate_generation_node]: TF nao disponivel ainda: Lookup would require extrapolation into the future.  Requested time 517.500000 but the latest data is at time 517.356000, when looking up transform from frame [x500_px4/livox_avia/lidar_3d/gpu_ray] to frame [earth]
[INFO] [1789468790.516251423] [candidate_generation_node]: 114 pontos apos voxel -> 114 sobrevivem ao filtro coarse (grid 1.0m, altura max 0.5m)
[WARN] [1789468790.834673978] [candidate_generation_node]: TF nao disponivel ainda: Lookup would require extrapolation into the future.  Requested time 519.400000 but the latest data is at time 519.312000, when looking up transform from frame [x500_px4/livox_avia/lidar_3d/gpu_ray] to frame [earth]
[INFO] [1789468790.991017842] [candidate_generation_node]: 50/50 candidatos validos | raio min/media/max: 0.70/0.70/0.70m | inclinacao media: 0.4 graus
[INFO] [1789468791.091939598] [candidate_generation_node]: MELHOR AREA (id=183, 634 conhecidas): (-2.77, -1.70, 0.02) raio=0.70m score=0.923 confirmacoes=184
[INFO] [1789468791.835226798] [candidate_generation_node]: [CALIBRACAO] voxel=0.06m | total_areas=634 | areas_confirmadas(>=10)=400
[INFO] [1789468792.782874205] [candidate_generation_node]: 115 pontos apos voxel -> 115 sobrevivem ao filtro coarse (grid 1.0m, altura max 0.5m)
[WARN] [1789468792.960157919] [candidate_generation_node]: TF nao disponivel ainda: Lookup would require extrapolation into the future.  Requested time 521.600000 but the latest data is at time 521.520000, when looking up transform from frame [x500_px4/livox_avia/lidar_3d/gpu_ray] to frame [earth]
[INFO] [1789468793.293257334] [candidate_generation_node]: 50/50 candidatos validos | raio min/media/max: 0.70/0.70/0.70m | inclinacao media: 1.9 graus
[INFO] [1789468793.376398978] [candidate_generation_node]: MELHOR AREA (id=183, 634 conhecidas): (-2.77, -1.70, 0.02) raio=0.70m score=0.923 confirmacoes=184
[INFO] [1789468794.987457777] [candidate_generation_node]: 118 pontos apos voxel -> 118 sobrevivem ao filtro coarse (grid 1.0m, altura max 0.5m)
[INFO] [1789468795.151224657] [candidate_generation_node]: [CALIBRACAO] voxel=0.06m | total_areas=634 | areas_confirmadas(>=10)=400
[WARN] [1789468795.166020700] [candidate_generation_node]: TF nao disponivel ainda: Lookup would require extrapolation into the future.  Requested time 523.900000 but the latest data is at time 523.740000, when looking up transform from frame [x500_px4/livox_avia/lidar_3d/gpu_ray] to frame [earth]
[INFO] [1789468795.448051691] [candidate_generation_node]: 50/50 candidatos validos | raio min/media/max: 0.70/0.70/0.70m | inclinacao media: 2.7 graus
[INFO] [1789468795.544068136] [candidate_generation_node]: MELHOR AREA (id=183, 634 conhecidas): (-2.77, -1.70, 0.02) raio=0.70m score=0.923 confirmacoes=184
[INFO] [1789468797.321907853] [candidate_generation_node]: 120 pontos apos voxel -> 120 sobrevivem ao filtro coarse (grid 1.0m, altura max 0.5m)
[WARN] [1789468797.513052368] [candidate_generation_node]: TF nao disponivel ainda: Lookup would require extrapolation into the future.  Requested time 526.200000 but the latest data is at time 526.092000, when looking up transform from frame [x500_px4/livox_avia/lidar_3d/gpu_ray] to frame [earth]
[INFO] [1789468797.766443468] [candidate_generation_node]: 50/50 candidatos validos | raio min/media/max: 0.70/0.70/0.70m | inclinacao media: 1.2 graus
[INFO] [1789468797.844679425] [candidate_generation_node]: MELHOR AREA (id=183, 634 conhecidas): (-2.77, -1.70, 0.02) raio=0.70m score=0.923 confirmacoes=184
[INFO] [1789468798.410449759] [candidate_generation_node]: [CALIBRACAO] voxel=0.06m | total_areas=634 | areas_confirmadas(>=10)=400
[INFO] [1789468799.382278399] [candidate_generation_node]: 115 pontos apos voxel -> 115 sobrevivem ao filtro coarse (grid 1.0m, altura max 0.5m)
[INFO] [1789468799.814437358] [candidate_generation_node]: 50/50 candidatos validos | raio min/media/max: 0.70/0.70/0.70m | inclinacao media: 2.0 graus
[INFO] [1789468799.911754524] [candidate_generation_node]: MELHOR AREA (id=183, 634 conhecidas): (-2.77, -1.70, 0.02) raio=0.70m score=0.923 confirmacoes=184
[WARN] [1789468799.975282412] [candidate_generation_node]: TF nao disponivel ainda: Lookup would require extrapolation into the future.  Requested time 528.500000 but the latest data is at time 528.432000, when looking up transform from frame [x500_px4/livox_avia/lidar_3d/gpu_ray] to frame [earth]
[INFO] [1789468801.522266672] [candidate_generation_node]: [CALIBRACAO] voxel=0.06m | total_areas=634 | areas_confirmadas(>=10)=400
[INFO] [1789468801.765986973] [candidate_generation_node]: 97 pontos apos voxel -> 97 sobrevivem ao filtro coarse (grid 1.0m, altura max 0.5m)
[INFO] [1789468802.007992502] [candidate_generation_node]: 50/50 candidatos validos | raio min/media/max: 0.70/0.70/0.70m | inclinacao media: 1.5 graus
[INFO] [1789468802.053587027] [candidate_generation_node]: MELHOR AREA (id=183, 634 conhecidas): (-2.77, -1.70, 0.02) raio=0.70m score=0.923 confirmacoes=184
[WARN] [1789468802.105408821] [candidate_generation_node]: TF nao disponivel ainda: Lookup would require extrapolation into the future.  Requested time 530.700000 but the latest data is at time 530.628000, when looking up transform from frame [x500_px4/livox_avia/lidar_3d/gpu_ray] to frame [earth]
[INFO] [1789468804.004671402] [candidate_generation_node]: 112 pontos apos voxel -> 112 sobrevivem ao filtro coarse (grid 1.0m, altura max 0.5m)
[INFO] [1789468804.039954635] [candidate_generation_node]: 50/50 candidatos validos | raio min/media/max: 0.70/0.70/0.70m | inclinacao media: 2.6 graus
[INFO] [1789468804.111172676] [candidate_generation_node]: MELHOR AREA (id=183, 634 conhecidas): (-2.77, -1.70, 0.02) raio=0.70m score=0.923 confirmacoes=184
[WARN] [1789468804.164566779] [candidate_generation_node]: TF nao disponivel ainda: Lookup would require extrapolation into the future.  Requested time 532.800000 but the latest data is at time 532.644000, when looking up transform from frame [x500_px4/livox_avia/lidar_3d/gpu_ray] to frame [earth]
[INFO] [1789468804.819596713] [candidate_generation_node]: [CALIBRACAO] voxel=0.06m | total_areas=634 | areas_confirmadas(>=10)=400
[INFO] [1789468806.193648398] [candidate_generation_node]: 112 pontos apos voxel -> 112 sobrevivem ao filtro coarse (grid 1.0m, altura max 0.5m)
[INFO] [1789468806.244791763] [candidate_generation_node]: 50/50 candidatos validos | raio min/media/max: 0.70/0.70/0.70m | inclinacao media: 1.9 graus
[INFO] [1789468806.308923709] [candidate_generation_node]: MELHOR AREA (id=183, 634 conhecidas): (-2.77, -1.70, 0.02) raio=0.70m score=0.923 confirmacoes=184
[WARN] [1789468806.368010584] [candidate_generation_node]: TF nao disponivel ainda: Lookup would require extrapolation into the future.  Requested time 534.900000 but the latest data is at time 534.840000, when looking up transform from frame [x500_px4/livox_avia/lidar_3d/gpu_ray] to frame [earth]
[INFO] [1789468808.155191243] [candidate_generation_node]: [CALIBRACAO] voxel=0.06m | total_areas=634 | areas_confirmadas(>=10)=400
[INFO] [1789468808.320873614] [candidate_generation_node]: 108 pontos apos voxel -> 108 sobrevivem ao filtro coarse (grid 1.0m, altura max 0.5m)
[INFO] [1789468808.336468922] [candidate_generation_node]: 50/50 candidatos validos | raio min/media/max: 0.70/0.70/0.70m | inclinacao media: 1.8 graus
[INFO] [1789468808.385501614] [candidate_generation_node]: MELHOR AREA (id=183, 634 conhecidas): (-2.77, -1.70, 0.02) raio=0.70m score=0.923 confirmacoes=184
[WARN] [1789468808.489731682] [candidate_generation_node]: TF nao disponivel ainda: Lookup would require extrapolation into the future.  Requested time 537.100000 but the latest data is at time 537.084000, when looking up transform from frame [x500_px4/livox_avia/lidar_3d/gpu_ray] to frame [earth]
[INFO] [1789468810.425028130] [candidate_generation_node]: 117 pontos apos voxel -> 117 sobrevivem ao filtro coarse (grid 1.0m, altura max 0.5m)
[INFO] [1789468810.457567360] [candidate_generation_node]: 50/50 candidatos validos | raio min/media/max: 0.70/0.70/0.70m | inclinacao media: 2.1 graus
[INFO] [1789468810.543039238] [candidate_generation_node]: MELHOR AREA (id=183, 634 conhecidas): (-2.77, -1.70, 0.02) raio=0.70m score=0.923 confirmacoes=184
[WARN] [1789468810.588449422] [candidate_generation_node]: TF nao disponivel ainda: Lookup would require extrapolation into the future.  Requested time 539.100000 but the latest data is at time 539.040000, when looking up transform from frame [x500_px4/livox_avia/lidar_3d/gpu_ray] to frame [earth]
[INFO] [1789468811.324125728] [candidate_generation_node]: [CALIBRACAO] voxel=0.06m | total_areas=634 | areas_confirmadas(>=10)=400
[WARN] [1789468812.665068850] [candidate_generation_node]: TF nao disponivel ainda: Lookup would require extrapolation into the future.  Requested time 541.100000 but the latest data is at time 540.936000, when looking up transform from frame [x500_px4/livox_avia/lidar_3d/gpu_ray] to frame [earth]
[INFO] [1789468813.045158871] [candidate_generation_node]: 107 pontos apos voxel -> 107 sobrevivem ao filtro coarse (grid 1.0m, altura max 0.5m)
[INFO] [1789468813.077847655] [candidate_generation_node]: 50/50 candidatos validos | raio min/media/max: 0.70/0.70/0.70m | inclinacao media: 1.8 graus
[INFO] [1789468813.154887502] [candidate_generation_node]: MELHOR AREA (id=183, 634 conhecidas): (-2.77, -1.70, 0.02) raio=0.70m score=0.923 confirmacoes=184
[INFO] [1789468814.571877958] [candidate_generation_node]: [CALIBRACAO] voxel=0.06m | total_areas=634 | areas_confirmadas(>=10)=400
[WARN] [1789468815.133783841] [candidate_generation_node]: TF nao disponivel ainda: Lookup would require extrapolation into the future.  Requested time 543.600000 but the latest data is at time 543.540000, when looking up transform from frame [x500_px4/livox_avia/lidar_3d/gpu_ray] to frame [earth]
[INFO] [1789468815.362611680] [candidate_generation_node]: 116 pontos apos voxel -> 116 sobrevivem ao filtro coarse (grid 1.0m, altura max 0.5m)
[INFO] [1789468815.399808497] [candidate_generation_node]: 50/50 candidatos validos | raio min/media/max: 0.70/0.70/0.70m | inclinacao media: 1.7 graus
[INFO] [1789468815.484727975] [candidate_generation_node]: MELHOR AREA (id=183, 634 conhecidas): (-2.77, -1.70, 0.02) raio=0.70m score=0.923 confirmacoes=184
[WARN] [1789468817.138645957] [candidate_generation_node]: TF nao disponivel ainda: Lookup would require extrapolation into the future.  Requested time 545.700000 but the latest data is at time 545.652000, when looking up transform from frame [x500_px4/livox_avia/lidar_3d/gpu_ray] to frame [earth]
[INFO] [1789468817.683386569] [candidate_generation_node]: 101 pontos apos voxel -> 101 sobrevivem ao filtro coarse (grid 1.0m, altura max 0.5m)
[INFO] [1789468817.711985471] [candidate_generation_node]: 50/50 candidatos validos | raio min/media/max: 0.70/0.70/0.70m | inclinacao media: 0.7 graus
[INFO] [1789468817.791444593] [candidate_generation_node]: MELHOR AREA (id=183, 634 conhecidas): (-2.77, -1.70, 0.02) raio=0.70m score=0.923 confirmacoes=184
[INFO] [1789468817.837353730] [candidate_generation_node]: [CALIBRACAO] voxel=0.06m | total_areas=634 | areas_confirmadas(>=10)=400
[WARN] [1789468819.300290880] [candidate_generation_node]: TF nao disponivel ainda: Lookup would require extrapolation into the future.  Requested time 547.800000 but the latest data is at time 547.728000, when looking up transform from frame [x500_px4/livox_avia/lidar_3d/gpu_ray] to frame [earth]
[INFO] [1789468819.688644159] [candidate_generation_node]: 105 pontos apos voxel -> 105 sobrevivem ao filtro coarse (grid 1.0m, altura max 0.5m)
[INFO] [1789468819.728870738] [candidate_generation_node]: 50/50 candidatos validos | raio min/media/max: 0.70/0.70/0.70m | inclinacao media: 1.1 graus
[INFO] [1789468819.803654489] [candidate_generation_node]: MELHOR AREA (id=183, 634 conhecidas): (-2.77, -1.70, 0.02) raio=0.70m score=0.923 confirmacoes=184
[INFO] [1789468821.180481610] [candidate_generation_node]: [CALIBRACAO] voxel=0.06m | total_areas=634 | areas_confirmadas(>=10)=400
[WARN] [1789468821.779665417] [candidate_generation_node]: TF nao disponivel ainda: Lookup would require extrapolation into the future.  Requested time 550.300000 but the latest data is at time 550.200000, when looking up transform from frame [x500_px4/livox_avia/lidar_3d/gpu_ray] to frame [earth]
[INFO] [1789468821.898681106] [candidate_generation_node]: 103 pontos apos voxel -> 103 sobrevivem ao filtro coarse (grid 1.0m, altura max 0.5m)
[INFO] [1789468821.936935784] [candidate_generation_node]: 50/50 candidatos validos | raio min/media/max: 0.70/0.70/0.70m | inclinacao media: 0.5 graus
[INFO] [1789468822.007227545] [candidate_generation_node]: MELHOR AREA (id=183, 634 conhecidas): (-2.77, -1.70, 0.02) raio=0.70m score=0.923 confirmacoes=184
[INFO] [1789468824.113369721] [candidate_generation_node]: 114 pontos apos voxel -> 114 sobrevivem ao filtro coarse (grid 1.0m, altura max 0.5m)
[INFO] [1789468824.141399493] [candidate_generation_node]: 50/50 candidatos validos | raio min/media/max: 0.70/0.70/0.70m | inclinacao media: 3.0 graus
[INFO] [1789468824.236531427] [candidate_generation_node]: MELHOR AREA (id=183, 634 conhecidas): (-2.77, -1.70, 0.02) raio=0.70m score=0.923 confirmacoes=184
[INFO] [1789468824.291614348] [candidate_generation_node]: [CALIBRACAO] voxel=0.06m | total_areas=634 | areas_confirmadas(>=10)=400
[WARN] [1789468824.302078868] [candidate_generation_node]: TF nao disponivel ainda: Lookup would require extrapolation into the future.  Requested time 552.700000 but the latest data is at time 552.624000, when looking up transform from frame [x500_px4/livox_avia/lidar_3d/gpu_ray] to frame [earth]
[INFO] [1789468826.263912239] [candidate_generation_node]: 118 pontos apos voxel -> 118 sobrevivem ao filtro coarse (grid 1.0m, altura max 0.5m)
[INFO] [1789468826.299583017] [candidate_generation_node]: 50/50 candidatos validos | raio min/media/max: 0.70/0.70/0.70m | inclinacao media: 2.0 graus
[INFO] [1789468826.358370432] [candidate_generation_node]: MELHOR AREA (id=183, 634 conhecidas): (-2.77, -1.70, 0.02) raio=0.70m score=0.923 confirmacoes=184
[WARN] [1789468826.389709210] [candidate_generation_node]: TF nao disponivel ainda: Lookup would require extrapolation into the future.  Requested time 554.800000 but the latest data is at time 554.736000, when looking up transform from frame [x500_px4/livox_avia/lidar_3d/gpu_ray] to frame [earth]
[INFO] [1789468827.336698636] [candidate_generation_node]: [CALIBRACAO] voxel=0.06m | total_areas=634 | areas_confirmadas(>=10)=400
[INFO] [1789468828.264065600] [candidate_generation_node]: 117 pontos apos voxel -> 117 sobrevivem ao filtro coarse (grid 1.0m, altura max 0.5m)
[INFO] [1789468828.604933942] [candidate_generation_node]: 50/50 candidatos validos | raio min/media/max: 0.70/0.70/0.70m | inclinacao media: 3.0 graus
[INFO] [1789468828.678847659] [candidate_generation_node]: MELHOR AREA (id=183, 634 conhecidas): (-2.77, -1.70, 0.02) raio=0.70m score=0.923 confirmacoes=184
[WARN] [1789468828.738196628] [candidate_generation_node]: TF nao disponivel ainda: Lookup would require extrapolation into the future.  Requested time 557.100000 but the latest data is at time 557.040000, when looking up transform from frame [x500_px4/livox_avia/lidar_3d/gpu_ray] to frame [earth]
[INFO] [1789468830.519330823] [candidate_generation_node]: 111 pontos apos voxel -> 111 sobrevivem ao filtro coarse (grid 1.0m, altura max 0.5m)
[INFO] [1789468830.705963442] [candidate_generation_node]: [CALIBRACAO] voxel=0.06m | total_areas=634 | areas_confirmadas(>=10)=400
[INFO] [1789468830.926145903] [candidate_generation_node]: 50/50 candidatos validos | raio min/media/max: 0.70/0.70/0.70m | inclinacao media: 1.3 graus
[INFO] [1789468830.984101599] [candidate_generation_node]: MELHOR AREA (id=183, 634 conhecidas): (-2.77, -1.70, 0.02) raio=0.70m score=0.923 confirmacoes=184
[WARN] [1789468831.031989101] [candidate_generation_node]: TF nao disponivel ainda: Lookup would require extrapolation into the future.  Requested time 559.400000 but the latest data is at time 559.332000, when looking up transform from frame [x500_px4/livox_avia/lidar_3d/gpu_ray] to frame [earth]
[INFO] [1789468832.716344626] [candidate_generation_node]: 112 pontos apos voxel -> 112 sobrevivem ao filtro coarse (grid 1.0m, altura max 0.5m)
[INFO] [1789468832.979157240] [candidate_generation_node]: 50/50 candidatos validos | raio min/media/max: 0.70/0.70/0.70m | inclinacao media: 0.3 graus
[INFO] [1789468833.074343874] [candidate_generation_node]: MELHOR AREA (id=183, 634 conhecidas): (-2.77, -1.70, 0.02) raio=0.70m score=0.923 confirmacoes=184
[WARN] [1789468833.219545500] [candidate_generation_node]: TF nao disponivel ainda: Lookup would require extrapolation into the future.  Requested time 561.600000 but the latest data is at time 561.504000, when looking up transform from frame [x500_px4/livox_avia/lidar_3d/gpu_ray] to frame [earth]
[INFO] [1789468833.848894213] [candidate_generation_node]: [CALIBRACAO] voxel=0.06m | total_areas=634 | areas_confirmadas(>=10)=400
[INFO] [1789468834.836956932] [candidate_generation_node]: 108 pontos apos voxel -> 108 sobrevivem ao filtro coarse (grid 1.0m, altura max 0.5m)
[INFO] [1789468835.057408248] [candidate_generation_node]: 50/50 candidatos validos | raio min/media/max: 0.70/0.70/0.70m | inclinacao media: 1.4 graus
[INFO] [1789468835.111416552] [candidate_generation_node]: MELHOR AREA (id=183, 634 conhecidas): (-2.77, -1.70, 0.02) raio=0.70m score=0.923 confirmacoes=184
[WARN] [1789468835.463396905] [candidate_generation_node]: TF nao disponivel ainda: Lookup would require extrapolation into the future.  Requested time 563.800000 but the latest data is at time 563.724000, when looking up transform from frame [x500_px4/livox_avia/lidar_3d/gpu_ray] to frame [earth]
[INFO] [1789468836.971864512] [candidate_generation_node]: [CALIBRACAO] voxel=0.06m | total_areas=634 | areas_confirmadas(>=10)=400
[INFO] [1789468837.286353240] [candidate_generation_node]: 111 pontos apos voxel -> 111 sobrevivem ao filtro coarse (grid 1.0m, altura max 0.5m)
[INFO] [1789468837.304237811] [candidate_generation_node]: 50/50 candidatos validos | raio min/media/max: 0.70/0.70/0.70m | inclinacao media: 3.1 graus
[INFO] [1789468837.352977612] [candidate_generation_node]: MELHOR AREA (id=183, 634 conhecidas): (-2.77, -1.70, 0.02) raio=0.70m score=0.923 confirmacoes=184
[WARN] [1789468837.577400682] [candidate_generation_node]: TF nao disponivel ainda: Lookup would require extrapolation into the future.  Requested time 565.900000 but the latest data is at time 565.824000, when looking up transform from frame [x500_px4/livox_avia/lidar_3d/gpu_ray] to frame [earth]
[INFO] [1789468839.416139428] [candidate_generation_node]: 111 pontos apos voxel -> 111 sobrevivem ao filtro coarse (grid 1.0m, altura max 0.5m)
[INFO] [1789468839.445889732] [candidate_generation_node]: 50/50 candidatos validos | raio min/media/max: 0.70/0.70/0.70m | inclinacao media: 1.9 graus
[INFO] [1789468839.515131612] [candidate_generation_node]: MELHOR AREA (id=183, 634 conhecidas): (-2.77, -1.70, 0.02) raio=0.70m score=0.923 confirmacoes=184
[WARN] [1789468839.614390691] [candidate_generation_node]: TF nao disponivel ainda: Lookup would require extrapolation into the future.  Requested time 567.900000 but the latest data is at time 567.768000, when looking up transform from frame [x500_px4/livox_avia/lidar_3d/gpu_ray] to frame [earth]
[INFO] [1789468839.973702395] [candidate_generation_node]: [CALIBRACAO] voxel=0.06m | total_areas=634 | areas_confirmadas(>=10)=400
[INFO] [1789468841.443729876] [candidate_generation_node]: 113 pontos apos voxel -> 113 sobrevivem ao filtro coarse (grid 1.0m, altura max 0.5m)
[INFO] [1789468841.470710107] [candidate_generation_node]: 50/50 candidatos validos | raio min/media/max: 0.70/0.70/0.70m | inclinacao media: 1.7 graus
[INFO] [1789468841.554022203] [candidate_generation_node]: MELHOR AREA (id=183, 634 conhecidas): (-2.77, -1.70, 0.02) raio=0.70m score=0.923 confirmacoes=184
[WARN] [1789468841.623593574] [candidate_generation_node]: TF nao disponivel ainda: Lookup would require extrapolation into the future.  Requested time 569.800000 but the latest data is at time 569.736000, when looking up transform from frame [x500_px4/livox_avia/lidar_3d/gpu_ray] to frame [earth]
[INFO] [1789468842.981420430] [candidate_generation_node]: [CALIBRACAO] voxel=0.06m | total_areas=634 | areas_confirmadas(>=10)=400
[INFO] [1789468843.807619605] [candidate_generation_node]: 111 pontos apos voxel -> 111 sobrevivem ao filtro coarse (grid 1.0m, altura max 0.5m)
[INFO] [1789468843.834179148] [candidate_generation_node]: 50/50 candidatos validos | raio min/media/max: 0.70/0.70/0.70m | inclinacao media: 2.6 graus
[INFO] [1789468843.953980524] [candidate_generation_node]: MELHOR AREA (id=183, 634 conhecidas): (-2.77, -1.70, 0.02) raio=0.70m score=0.923 confirmacoes=184
[WARN] [1789468844.031976467] [candidate_generation_node]: TF nao disponivel ainda: Lookup would require extrapolation into the future.  Requested time 572.100000 but the latest data is at time 572.040000, when looking up transform from frame [x500_px4/livox_avia/lidar_3d/gpu_ray] to frame [earth]
[INFO] [1789468845.839613601] [candidate_generation_node]: 117 pontos apos voxel -> 117 sobrevivem ao filtro coarse (grid 1.0m, altura max 0.5m)
[INFO] [1789468845.869095735] [candidate_generation_node]: 50/50 candidatos validos | raio min/media/max: 0.70/0.70/0.70m | inclinacao media: 2.7 graus
[INFO] [1789468845.961775913] [candidate_generation_node]: MELHOR AREA (id=183, 634 conhecidas): (-2.77, -1.70, 0.02) raio=0.70m score=0.923 confirmacoes=184
[INFO] [1789468845.996558265] [candidate_generation_node]: [CALIBRACAO] voxel=0.06m | total_areas=634 | areas_confirmadas(>=10)=400
[WARN] [1789468846.266456933] [candidate_generation_node]: TF nao disponivel ainda: Lookup would require extrapolation into the future.  Requested time 574.400000 but the latest data is at time 574.344000, when looking up transform from frame [x500_px4/livox_avia/lidar_3d/gpu_ray] to frame [earth]
[INFO] [1789468847.981951415] [candidate_generation_node]: 114 pontos apos voxel -> 114 sobrevivem ao filtro coarse (grid 1.0m, altura max 0.5m)
[INFO] [1789468848.012351283] [candidate_generation_node]: 50/50 candidatos validos | raio min/media/max: 0.70/0.70/0.70m | inclinacao media: 1.9 graus
[INFO] [1789468848.092079295] [candidate_generation_node]: MELHOR AREA (id=183, 634 conhecidas): (-2.77, -1.70, 0.02) raio=0.70m score=0.923 confirmacoes=184
[WARN] [1789468848.562013436] [candidate_generation_node]: TF nao disponivel ainda: Lookup would require extrapolation into the future.  Requested time 576.600000 but the latest data is at time 576.564000, when looking up transform from frame [x500_px4/livox_avia/lidar_3d/gpu_ray] to frame [earth]
[INFO] [1789468849.310481501] [candidate_generation_node]: [CALIBRACAO] voxel=0.06m | total_areas=634 | areas_confirmadas(>=10)=400
[INFO] [1789468850.072842109] [candidate_generation_node]: 105 pontos apos voxel -> 105 sobrevivem ao filtro coarse (grid 1.0m, altura max 0.5m)
[INFO] [1789468850.108442079] [candidate_generation_node]: 50/50 candidatos validos | raio min/media/max: 0.70/0.70/0.70m | inclinacao media: 3.0 graus
[INFO] [1789468850.184023932] [candidate_generation_node]: MELHOR AREA (id=183, 634 conhecidas): (-2.77, -1.70, 0.02) raio=0.70m score=0.923 confirmacoes=184
[WARN] [1789468850.758891048] [candidate_generation_node]: TF nao disponivel ainda: Lookup would require extrapolation into the future.  Requested time 578.900000 but the latest data is at time 578.820000, when looking up transform from frame [x500_px4/livox_avia/lidar_3d/gpu_ray] to frame [earth]
[INFO] [1789468852.461922137] [candidate_generation_node]: 105 pontos apos voxel -> 105 sobrevivem ao filtro coarse (grid 1.0m, altura max 0.5m)
[INFO] [1789468852.493058419] [candidate_generation_node]: 50/50 candidatos validos | raio min/media/max: 0.70/0.70/0.70m | inclinacao media: 0.7 graus
[INFO] [1789468852.586378194] [candidate_generation_node]: MELHOR AREA (id=183, 634 conhecidas): (-2.77, -1.70, 0.02) raio=0.70m score=0.923 confirmacoes=184
[INFO] [1789468852.635047220] [candidate_generation_node]: [CALIBRACAO] voxel=0.06m | total_areas=634 | areas_confirmadas(>=10)=400
[WARN] [1789468853.172624863] [candidate_generation_node]: TF nao disponivel ainda: Lookup would require extrapolation into the future.  Requested time 581.300000 but the latest data is at time 581.208000, when looking up transform from frame [x500_px4/livox_avia/lidar_3d/gpu_ray] to frame [earth]
[INFO] [1789468854.576341419] [candidate_generation_node]: 110 pontos apos voxel -> 110 sobrevivem ao filtro coarse (grid 1.0m, altura max 0.5m)
[INFO] [1789468854.617041260] [candidate_generation_node]: 50/50 candidatos validos | raio min/media/max: 0.70/0.70/0.70m | inclinacao media: 1.9 graus
[INFO] [1789468854.763843610] [candidate_generation_node]: MELHOR AREA (id=183, 634 conhecidas): (-2.77, -1.70, 0.02) raio=0.70m score=0.923 confirmacoes=184
[WARN] [1789468855.496196573] [candidate_generation_node]: TF nao disponivel ainda: Lookup would require extrapolation into the future.  Requested time 583.500000 but the latest data is at time 583.392000, when looking up transform from frame [x500_px4/livox_avia/lidar_3d/gpu_ray] to frame [earth]
[INFO] [1789468856.096388565] [candidate_generation_node]: [CALIBRACAO] voxel=0.06m | total_areas=634 | areas_confirmadas(>=10)=400
[INFO] [1789468856.710966693] [candidate_generation_node]: 117 pontos apos voxel -> 117 sobrevivem ao filtro coarse (grid 1.0m, altura max 0.5m)
[INFO] [1789468856.739713211] [candidate_generation_node]: 50/50 candidatos validos | raio min/media/max: 0.70/0.70/0.70m | inclinacao media: 2.5 graus
[INFO] [1789468856.833726136] [candidate_generation_node]: MELHOR AREA (id=183, 634 conhecidas): (-2.77, -1.70, 0.02) raio=0.70m score=0.923 confirmacoes=184
[WARN] [1789468857.829279616] [candidate_generation_node]: TF nao disponivel ainda: Lookup would require extrapolation into the future.  Requested time 585.600000 but the latest data is at time 585.540000, when looking up transform from frame [x500_px4/livox_avia/lidar_3d/gpu_ray] to frame [earth]
[INFO] [1789468859.043205738] [candidate_generation_node]: 112 pontos apos voxel -> 112 sobrevivem ao filtro coarse (grid 1.0m, altura max 0.5m)
[INFO] [1789468859.080623929] [candidate_generation_node]: 50/50 candidatos validos | raio min/media/max: 0.70/0.70/0.70m | inclinacao media: 2.9 graus
[INFO] [1789468859.242331018] [candidate_generation_node]: MELHOR AREA (id=183, 634 conhecidas): (-2.77, -1.70, 0.02) raio=0.70m score=0.923 confirmacoes=184
[INFO] [1789468859.302840259] [candidate_generation_node]: [CALIBRACAO] voxel=0.06m | total_areas=634 | areas_confirmadas(>=10)=400
[WARN] [1789468860.204731402] [candidate_generation_node]: TF nao disponivel ainda: Lookup would require extrapolation into the future.  Requested time 588.100000 but the latest data is at time 588.036000, when looking up transform from frame [x500_px4/livox_avia/lidar_3d/gpu_ray] to frame [earth]
[INFO] [1789468861.635194573] [candidate_generation_node]: 107 pontos apos voxel -> 107 sobrevivem ao filtro coarse (grid 1.0m, altura max 0.5m)
[INFO] [1789468861.676601064] [candidate_generation_node]: 50/50 candidatos validos | raio min/media/max: 0.70/0.70/0.70m | inclinacao media: 1.8 graus
[INFO] [1789468861.777328138] [candidate_generation_node]: MELHOR AREA (id=183, 634 conhecidas): (-2.77, -1.70, 0.02) raio=0.70m score=0.923 confirmacoes=184
[INFO] [1789468862.359590330] [candidate_generation_node]: [CALIBRACAO] voxel=0.06m | total_areas=634 | areas_confirmadas(>=10)=400
[WARN] [1789468862.372541043] [candidate_generation_node]: TF nao disponivel ainda: Lookup would require extrapolation into the future.  Requested time 590.200000 but the latest data is at time 590.028000, when looking up transform from frame [x500_px4/livox_avia/lidar_3d/gpu_ray] to frame [earth]
[INFO] [1789468863.770813621] [candidate_generation_node]: 114 pontos apos voxel -> 114 sobrevivem ao filtro coarse (grid 1.0m, altura max 0.5m)
[INFO] [1789468863.798086257] [candidate_generation_node]: 50/50 candidatos validos | raio min/media/max: 0.70/0.70/0.70m | inclinacao media: 2.1 graus
[INFO] [1789468863.885024157] [candidate_generation_node]: MELHOR AREA (id=183, 634 conhecidas): (-2.77, -1.70, 0.02) raio=0.70m score=0.923 confirmacoes=184
[WARN] [1789468864.624841060] [candidate_generation_node]: TF nao disponivel ainda: Lookup would require extrapolation into the future.  Requested time 592.400000 but the latest data is at time 592.332000, when looking up transform from frame [x500_px4/livox_avia/lidar_3d/gpu_ray] to frame [earth]
[INFO] [1789468865.529701093] [candidate_generation_node]: [CALIBRACAO] voxel=0.06m | total_areas=634 | areas_confirmadas(>=10)=400
[INFO] [1789468865.911005726] [candidate_generation_node]: MELHOR AREA (id=183, 634 conhecidas): (-2.77, -1.70, 0.02) raio=0.70m score=0.923 confirmacoes=184
[INFO] [1789468866.190440164] [candidate_generation_node]: 117 pontos apos voxel -> 117 sobrevivem ao filtro coarse (grid 1.0m, altura max 0.5m)
[INFO] [1789468866.222846563] [candidate_generation_node]: 50/50 candidatos validos | raio min/media/max: 0.70/0.70/0.70m | inclinacao media: 3.0 graus
[WARN] [1789468866.882622020] [candidate_generation_node]: TF nao disponivel ainda: Lookup would require extrapolation into the future.  Requested time 594.700000 but the latest data is at time 594.564000, when looking up transform from frame [x500_px4/livox_avia/lidar_3d/gpu_ray] to frame [earth]
[INFO] [1789468868.400250836] [candidate_generation_node]: 113 pontos apos voxel -> 113 sobrevivem ao filtro coarse (grid 1.0m, altura max 0.5m)
[INFO] [1789468868.431975205] [candidate_generation_node]: 50/50 candidatos validos | raio min/media/max: 0.70/0.70/0.70m | inclinacao media: 1.9 graus
[INFO] [1789468868.543042527] [candidate_generation_node]: MELHOR AREA (id=183, 634 conhecidas): (-2.77, -1.70, 0.02) raio=0.70m score=0.923 confirmacoes=184
[INFO] [1789468868.603963913] [candidate_generation_node]: [CALIBRACAO] voxel=0.06m | total_areas=634 | areas_confirmadas(>=10)=400
[WARN] [1789468869.144015368] [candidate_generation_node]: TF nao disponivel ainda: Lookup would require extrapolation into the future.  Requested time 596.800000 but the latest data is at time 596.736000, when looking up transform from frame [x500_px4/livox_avia/lidar_3d/gpu_ray] to frame [earth]
[INFO] [1789468870.563601622] [candidate_generation_node]: 116 pontos apos voxel -> 116 sobrevivem ao filtro coarse (grid 1.0m, altura max 0.5m)
[INFO] [1789468870.598382892] [candidate_generation_node]: 50/50 candidatos validos | raio min/media/max: 0.70/0.70/0.70m | inclinacao media: 4.4 graus
[INFO] [1789468870.702065871] [candidate_generation_node]: MELHOR AREA (id=183, 634 conhecidas): (-2.77, -1.70, 0.02) raio=0.70m score=0.923 confirmacoes=184
[WARN] [1789468871.193694073] [candidate_generation_node]: TF nao disponivel ainda: Lookup would require extrapolation into the future.  Requested time 598.900000 but the latest data is at time 598.836000, when looking up transform from frame [x500_px4/livox_avia/lidar_3d/gpu_ray] to frame [earth]
[INFO] [1789468871.661584639] [candidate_generation_node]: [CALIBRACAO] voxel=0.06m | total_areas=634 | areas_confirmadas(>=10)=400
[INFO] [1789468872.621036831] [candidate_generation_node]: 107 pontos apos voxel -> 107 sobrevivem ao filtro coarse (grid 1.0m, altura max 0.5m)
[INFO] [1789468872.667964792] [candidate_generation_node]: 50/50 candidatos validos | raio min/media/max: 0.70/0.70/0.70m | inclinacao media: 0.6 graus
[INFO] [1789468872.739860263] [candidate_generation_node]: MELHOR AREA (id=183, 634 conhecidas): (-2.77, -1.70, 0.02) raio=0.70m score=0.923 confirmacoes=184
[WARN] [1789468873.292250407] [candidate_generation_node]: TF nao disponivel ainda: Lookup would require extrapolation into the future.  Requested time 600.800000 but the latest data is at time 600.732000, when looking up transform from frame [x500_px4/livox_avia/lidar_3d/gpu_ray] to frame [earth]
[INFO] [1789468874.764292201] [candidate_generation_node]: 112 pontos apos voxel -> 112 sobrevivem ao filtro coarse (grid 1.0m, altura max 0.5m)
[INFO] [1789468874.792773968] [candidate_generation_node]: 50/50 candidatos validos | raio min/media/max: 0.70/0.70/0.70m | inclinacao media: 3.1 graus
[INFO] [1789468874.873249976] [candidate_generation_node]: MELHOR AREA (id=183, 634 conhecidas): (-2.77, -1.70, 0.02) raio=0.70m score=0.923 confirmacoes=184
[INFO] [1789468874.914660634] [candidate_generation_node]: [CALIBRACAO] voxel=0.06m | total_areas=634 | areas_confirmadas(>=10)=400
[WARN] [1789468875.658025325] [candidate_generation_node]: TF nao disponivel ainda: Lookup would require extrapolation into the future.  Requested time 603.300000 but the latest data is at time 603.276000, when looking up transform from frame [x500_px4/livox_avia/lidar_3d/gpu_ray] to frame [earth]
[INFO] [1789468877.051194555] [candidate_generation_node]: 112 pontos apos voxel -> 112 sobrevivem ao filtro coarse (grid 1.0m, altura max 0.5m)
[INFO] [1789468877.079614668] [candidate_generation_node]: 50/50 candidatos validos | raio min/media/max: 0.70/0.70/0.70m | inclinacao media: 1.6 graus
[INFO] [1789468877.123157377] [candidate_generation_node]: MELHOR AREA (id=183, 634 conhecidas): (-2.77, -1.70, 0.02) raio=0.70m score=0.923 confirmacoes=184
[INFO] [1789468877.942170865] [candidate_generation_node]: [CALIBRACAO] voxel=0.06m | total_areas=634 | areas_confirmadas(>=10)=400
[WARN] [1789468877.952236634] [candidate_generation_node]: TF nao disponivel ainda: Lookup would require extrapolation into the future.  Requested time 605.500000 but the latest data is at time 605.412000, when looking up transform from frame [x500_px4/livox_avia/lidar_3d/gpu_ray] to frame [earth]
