t,x_real,y_real,x_desejado,y_desejado
5.7220458984375e-06,6.243529376199292,0.00020272064256382895,5.9999999999992175,-6.008148193358616e-07
1.440565824508667,6.034167035480554,0.00018453534743767815,5.950506250170362,-0.15004346650693523
1.4911155700683594,6.034167035480554,0.00018453534743767815,5.946977802791308,-0.15521877827558117
1.5418894290924072,6.034167035480554,0.00018453534743767815,5.943312067361539,-0.1604077079641671
1.5927989482879639,6.034167035480554,0.00018453534743767815,5.9395142215882455,-0.16560080065356397
1.643512487411499,6.034167035480554,0.00018453534743767815,5.935609312235202,-0.170763929599283
1.6940991878509521,6.034167035480554,0.00018453534743767815,5.931593267073097,-0.1759039170884834
1.7445814609527588,6.034167035480554,0.00018453534743767815,5.927465228671688,-0.18102280087051537
1.7954120635986328,6.034167035480554,0.00018453534743767815,5.9231873981668155,-0.18616610190036076
1.8464186191558838,6.034167035480554,0.00018453534743767815,5.918772502783251,-0.19131589373054436
1.8970122337341309,5.942583807793128,-0.006218521497964752,5.914272467997638,-0.1964124863761585
1.9474706649780273,5.942583807793128,-0.006218521497964752,5.909664653749331,-0.2014837382787793
1.9985160827636719,5.942583807793128,-0.006218521497964752,5.904881607188787,-0.20660175914328704
2.0501341819763184,5.942583807793128,-0.006218521497964752,5.899920616104627,-0.21176437391583613
2.101433515548706,5.942583807793128,-0.006218521497964752,5.894866559144342,-0.21688200747920106
2.151921033859253,5.942583807793128,-0.006218521497964752,5.889772193900495,-0.22190559168440394
2.2023935317993164,5.942583807793128,-0.006218521497964752,5.884560187005038,-0.22691442248361793
2.253042697906494,5.942583807793128,-0.006218521497964752,5.879210292871848,-0.23192715292503052
2.30350923538208,5.942583807793128,-0.006218521497964752,5.873760608252653,-0.23690792144248762
2.3541905879974365,5.942583807793128,-0.006218521497964752,5.86816822864502,-0.24189563442491424
2.405184745788574,5.942583807793128,-0.006218521497964752,5.862420602720823,-0.2468994026277661
2.455815315246582,5.942583807793128,-0.006218521497964752,5.856594282326098,-0.2518525703861255
2.506413221359253,5.942583807793128,-0.006218521497964752,5.850652725724026,-0.25678738201802576
2.5570425987243652,5.942583807793128,-0.006218521497964752,5.8445885450912085,-0.261709789293458
2.6079909801483154,5.942583807793128,-0.006218521497964752,5.838366206866164,-0.26664727949249
2.659189462661743,5.76401573284006,-0.23249424460393361,5.831992259518248,-0.2715925966848828
2.711948871612549,5.76401573284006,-0.23249424460393361,5.825297178811274,-0.2766711447599989
2.7677674293518066,5.76401573284006,-0.23249424460393361,5.818073963416085,-0.28202440458854183
2.818387508392334,5.76401573284006,-0.23249424460393361,5.811399226236917,-0.2868612098168838
2.869122266769409,5.76401573284006,-0.23249424460393361,5.804590962951668,-0.29169158080702007
2.919539451599121,5.76401573284006,-0.23249424460393361,5.7977080460834625,-0.2964741695799652
2.9702181816101074,5.76401573284006,-0.23249424460393361,5.790671771965872,-0.3012636418355298
3.0208983421325684,5.76401573284006,-0.23249424460393361,5.783517503269094,-0.3060349763851773
3.0740232467651367,5.76401573284006,-0.23249424460393361,5.775891846798261,-0.31101653119743966
3.12662672996521,5.76401573284006,-0.23249424460393361,5.768213873621518,-0.315928747107018
3.1770615577697754,5.76401573284006,-0.23249424460393361,5.760733798170994,-0.3206190373071337
3.2278213500976562,5.76401573284006,-0.23249424460393361,5.753088439036709,-0.32532006006899905
3.278437376022339,5.76401573284006,-0.23249424460393361,5.745347947163324,-0.32998800501811043
3.3293368816375732,5.76401573284006,-0.23249424460393361,5.73744668444209,-0.3346618943355524
3.381072521209717,5.76401573284006,-0.23249424460393361,5.7292951539390256,-0.33939149811794
3.4326729774475098,5.621242812144804,-0.32178530226508534,5.721044141809373,-0.34408728133502087
3.483898401260376,5.621242812144804,-0.32178530226508534,5.7127339846321235,-0.3487274287503379
3.5344464778900146,5.621242812144804,-0.32178530226508534,5.704417570757771,-0.35328491930897854
3.584951162338257,5.621242812144804,-0.32178530226508534,5.695993271043811,-0.3578170754197435
3.6355276107788086,5.621242812144804,-0.32178530226508534,5.68744197682334,-0.36233392396800146
3.690497398376465,5.621242812144804,-0.32178530226508534,5.678017566467478,-0.36721811282677874
3.7432281970977783,5.621242812144804,-0.32178530226508534,5.668849709438047,-0.3718785413413931
3.795722484588623,5.621242812144804,-0.32178530226508534,5.659599375901718,-0.3764935977309143
3.846230983734131,5.621242812144804,-0.32178530226508534,5.650582777404709,-0.38091072811664006
3.8969242572784424,5.621242812144804,-0.32178530226508534,5.641418828944381,-0.3853207075301315
3.950345516204834,5.621242812144804,-0.32178530226508534,5.631637984364604,-0.3899424170390693
4.000823259353638,5.621242812144804,-0.32178530226508534,5.6222796000781745,-0.3942850470763226
4.056324005126953,5.621242812144804,-0.32178530226508534,5.61185961681076,-0.3990320768807457
4.106966972351074,5.621242812144804,-0.32178530226508534,5.602232767792504,-0.40333796647685527
4.157888412475586,5.621242812144804,-0.32178530226508534,5.592438832373899,-0.4076425607671459
4.208433628082275,5.477153292237758,-0.36039678424463084,5.582604287453398,-0.41189030587364805
4.259202241897583,5.477153292237758,-0.36039678424463084,5.5726132088547935,-0.4161314251852599
4.309885740280151,5.477153292237758,-0.36039678424463084,5.562526082596634,-0.4203397620173026
4.366434097290039,5.477153292237758,-0.36039678424463084,5.551138990541695,-0.42500445112114993
4.416934013366699,5.477153292237758,-0.36039678424463084,5.540851797843197,-0.4291426037567865
4.467483758926392,5.477153292237758,-0.36039678424463084,5.530443140011874,-0.43325847576850496
4.518437623977661,5.477153292237758,-0.36039678424463084,5.5198388076736915,-0.4373802800278026
4.569591045379639,5.477153292237758,-0.36039678424463084,5.509079621937385,-0.44149070718234884
4.621757745742798,5.477153292237758,-0.36039678424463084,5.497990637222743,-0.44565386588994516
4.672875642776489,5.477153292237758,-0.36039678424463084,5.487010568752268,-0.4497049356678562
4.72335958480835,5.477153292237758,-0.36039678424463084,5.476056153164022,-0.45367790932564434
4.7739098072052,5.477153292237758,-0.36039678424463084,5.464977564801072,-0.4576280928560278
4.8245251178741455,5.477153292237758,-0.36039678424463084,5.453774895054772,-0.4615550150065797
4.875125169754028,5.477153292237758,-0.36039678424463084,5.442466026106463,-0.46545213217205017
4.926190376281738,5.286787000309468,-0.46438156275818965,5.4309423902863045,-0.46935579030607233
4.978027582168579,5.286787000309468,-0.46438156275818965,5.419130970647156,-0.4732880944948299
5.02864146232605,5.286787000309468,-0.46438156275818965,5.40748816451527,-0.4770978049280712
5.079652786254883,5.286787000309468,-0.46438156275818965,5.395644112716289,-0.4809073750304127
5.130269527435303,5.286787000309468,-0.46438156275818965,5.383782978461898,-0.4846573880902669
5.180840253829956,5.286787000309468,-0.46438156275818965,5.37182477498086,-0.48837379806653036
5.231250524520874,5.286787000309468,-0.46438156275818965,5.359797500137333,-0.4920481204748042
5.2818663120269775,5.286787000309468,-0.46438156275818965,5.347613974372014,-0.49570673070910565
5.332786798477173,5.286787000309468,-0.46438156275818965,5.335248985334667,-0.4993560710535665
5.383391380310059,5.286787000309468,-0.46438156275818965,5.322853557378872,-0.5029514156988848
5.434098243713379,5.286787000309468,-0.46438156275818965,5.310326225964815,-0.5065224162399871
5.484545469284058,5.286787000309468,-0.46438156275818965,5.297757191593672,-0.5100434771916318
5.535116672515869,5.286787000309468,-0.46438156275818965,5.285051595476007,-0.5135412478291466
5.585533618927002,5.286787000309468,-0.46438156275818965,5.272279730340786,-0.5169962615230441
5.6359570026397705,5.286787000309468,-0.46438156275818965,5.259401645785953,-0.5204194218602141
5.687910079956055,5.091879657585322,-0.5098357877883459,5.246023790492775,-0.5239123871626943
5.738637685775757,5.091879657585322,-0.5098357877883459,5.2328549722059545,-0.5272893648487449
5.789876461029053,5.091879657585322,-0.5098357877883459,5.219446926151618,-0.5306664164679138
5.841090440750122,5.091879657585322,-0.5098357877883459,5.205938702144292,-0.534007477578851
5.891949653625488,5.091879657585322,-0.5098357877883459,5.19241883472958,-0.5372911506870284
5.942965507507324,5.091879657585322,-0.5098357877883459,5.178752312013719,-0.5405504036138311
5.994303226470947,5.091879657585322,-0.5098357877883459,5.164893717955717,-0.5437950524062065
6.045578718185425,5.091879657585322,-0.5098357877883459,5.150946265259488,-0.5470003024373691
6.09647011756897,5.091879657585322,-0.5098357877883459,5.136999209204664,-0.5501462478032846
6.14699387550354,5.091879657585322,-0.5098357877883459,5.123050663849083,-0.553234442945522
6.197460889816284,5.091879657585322,-0.5098357877883459,5.109016406771868,-0.5562840937656548
6.24820613861084,5.091879657585322,-0.5098357877883459,5.094802944449993,-0.5593149729792584
6.300665378570557,5.091879657585322,-0.5098357877883459,5.080002412412174,-0.56241046039135
6.352063894271851,5.091879657585322,-0.5098357877883459,5.065396008805365,-0.5654058729618554
6.402643918991089,4.881047338827027,-0.5541232686635026,5.050920954771138,-0.5683171259203652
6.453146457672119,4.881047338827027,-0.5541232686635026,5.036368207602058,-0.5711876023953797
6.503891229629517,4.881047338827027,-0.5541232686635026,5.021645488357289,-0.5740350646854164
6.554569482803345,4.881047338827027,-0.5541232686635026,5.006842198602614,-0.5768417655442586
6.605667591094971,4.881047338827027,-0.5541232686635026,4.991815570461213,-0.5796340201484691
6.656646728515625,4.881047338827027,-0.5541232686635026,4.976723522531625,-0.5823818187279626
6.708101749420166,4.881047338827027,-0.5541232686635026,4.961389257222286,-0.5851165892587771
6.758553743362427,4.881047338827027,-0.5541232686635026,4.94625541300502,-0.5877600937238185
6.809169769287109,4.881047338827027,-0.5541232686635026,4.930974718318565,-0.5903742024000127
6.859978437423706,4.881047338827027,-0.5541232686635026,4.915537859355282,-0.5929597671123614
6.9106810092926025,4.881047338827027,-0.5541232686635026,4.9000357092839835,-0.5955012650149869
6.962445020675659,4.881047338827027,-0.5541232686635026,4.8841088990838575,-0.5980558901509276
7.013283729553223,4.881047338827027,-0.5541232686635026,4.86836868992388,-0.6005252122412053
7.064124345779419,4.881047338827027,-0.5541232686635026,4.852531043691207,-0.6029551232322712
7.114718914031982,4.646232533218503,-0.6071564881445243,4.836674266898074,-0.6053338400360797
7.165449380874634,4.646232533218503,-0.6071564881445243,4.820679337585103,-0.6076792337362593
7.216137886047363,4.646232533218503,-0.6071564881445243,4.804602440722796,-0.6099827576758194
7.26677942276001,4.646232533218503,-0.6071564881445243,4.788445788802584,-0.6122440776697367
7.317240953445435,4.646232533218503,-0.6071564881445243,4.772252834947766,-0.6144573134745288
7.368025302886963,4.646232533218503,-0.6071564881445243,4.755862204374683,-0.6166441396354825
7.418736219406128,4.646232533218503,-0.6071564881445243,4.739401475136731,-0.6187869862651256
7.46933388710022,4.646232533218503,-0.6071564881445243,4.722884471210388,-0.6208841902875664
7.519773244857788,4.646232533218503,-0.6071564881445243,4.706327031520491,-0.6229340097547085
7.571110725402832,4.646232533218503,-0.6071564881445243,4.689380724120618,-0.6249782671710657
7.622355937957764,4.646232533218503,-0.6071564881445243,4.672370654701982,-0.626976324720296
7.672966480255127,4.646232533218503,-0.6071564881445243,4.6554792572193415,-0.6289077324376868
7.72376561164856,4.646232533218503,-0.6071564881445243,4.638433378307836,-0.6308042610775972
7.774641036987305,4.646232533218503,-0.6071564881445243,4.621270381379703,-0.6326611897861039
7.826333522796631,4.416185577861618,-0.631568725555836,4.603738356389249,-0.6345042280284869
7.877279281616211,4.416185577861618,-0.631568725555836,4.586367898251931,-0.6362773320303918
7.928043603897095,4.416185577861618,-0.631568725555836,4.568969169906674,-0.6380011599009592
7.9786717891693115,4.416185577861618,-0.631568725555836,4.5515278945322155,-0.6396774610035831
8.029278755187988,4.416185577861618,-0.631568725555836,4.5340053036389625,-0.641310051068313
8.079748392105103,4.416185577861618,-0.631568725555836,4.51644242038741,-0.6428951998742556
8.130508422851562,4.416185577861618,-0.631568725555836,4.498690411164517,-0.644445958984545
8.180970430374146,4.416185577861618,-0.631568725555836,4.480955488116147,-0.6459441780188189
8.231394529342651,4.416185577861618,-0.631568725555836,4.463147511575439,-0.6473978317500952
8.281843662261963,4.416185577861618,-0.631568725555836,4.445244695663165,-0.6488085719610657
8.332302331924438,4.416185577861618,-0.631568725555836,4.427252863642086,-0.6501757424901968
8.382750034332275,4.416185577861618,-0.631568725555836,4.409179744258445,-0.6514986132663778
8.433240413665771,4.416185577861618,-0.631568725555836,4.391006455474371,-0.6527783744060087
8.483688831329346,4.416185577861618,-0.631568725555836,4.372763878042628,-0.6540127063094574
8.534019231796265,4.15747933536875,-0.6519975311949737,4.354480333367903,-0.6551997879700493
8.584466934204102,4.15747933536875,-0.6519975311949737,4.33607075949577,-0.6563450007607039
8.634897232055664,4.15747933536875,-0.6519975311949737,4.317584489025376,-0.6574449858235702
8.686054944992065,4.15747933536875,-0.6519975311949737,4.298747166904143,-0.6585148666537988
8.738253355026245,4.15747933536875,-0.6519975311949737,4.279439480283468,-0.6595586117848193
8.791530847549438,4.15747933536875,-0.6519975311949737,4.259642356941457,-0.6605738538160948
8.842087030410767,4.15747933536875,-0.6519975311949737,4.240772541477744,-0.6614902847824626
8.89298677444458,4.15747933536875,-0.6519975311949737,4.2216924162979135,-0.6623665861093535
8.943887710571289,4.15747933536875,-0.6519975311949737,4.202529931366914,-0.6631962293350762
8.994946718215942,4.15747933536875,-0.6519975311949737,4.18322609280218,-0.6639813899089269
9.045453310012817,4.15747933536875,-0.6519975311949737,4.164050904077705,-0.6647115280005127
9.096221923828125,4.15747933536875,-0.6519975311949737,4.144696296950896,-0.6653986622587258
9.148383617401123,4.15747933536875,-0.6519975311949737,4.124727600273292,-0.6660556273399516
9.19898772239685,4.15747933536875,-0.6519975311949737,4.1052752478892485,-0.6666453349340196
9.249431610107422,3.8775562321298205,-0.668329701581512,4.085806583379378,-0.6671863293035909
9.300029277801514,3.8775562321298205,-0.668329701581512,4.0662008851753715,-0.6676818389196424
9.350465059280396,3.8775562321298205,-0.668329701581512,4.046580936522947,-0.6681286380458187
9.401024580001831,3.8775562321298205,-0.668329701581512,4.026836166563142,-0.6685291660268822
9.451720714569092,3.8775562321298205,-0.668329701581512,4.006961411241286,-0.6688830149208727
9.50229811668396,3.8775562321298205,-0.668329701581512,3.9870571932342918,-0.669188235502062
9.552704572677612,3.8775562321298205,-0.668329701581512,3.9671451691128636,-0.6694447837309583
9.603327751159668,3.8775562321298205,-0.668329701581512,3.9470725560799425,-0.6696544298721041
9.653826713562012,3.8775562321298205,-0.668329701581512,3.9269747950094205,-0.6698154945636237
9.70447039604187,3.8775562321298205,-0.668329701581512,3.906745272855403,-0.6699286715124697
9.75567364692688,3.8775562321298205,-0.668329701581512,3.8862172020820744,-0.6699937390856538
9.80629587173462,3.8775562321298205,-0.668329701581512,3.8658483822889274,-0.670009146091326
9.856777667999268,3.8775562321298205,-0.668329701581512,3.8454635708596347,-0.6699759399854326
9.907381534576416,3.8775562321298205,-0.668329701581512,3.824957279097771,-0.669893847046493
9.958115816116333,3.60168785340998,-0.6689684134510687,3.8043260590138024,-0.669762361461574
10.008689403533936,3.60168785340998,-0.6689684134510687,3.7836888300099574,-0.6695821572710088
10.059885501861572,3.60168785340998,-0.6689684134510687,3.7627255001299553,-0.6693496431284787
10.111370325088501,3.60168785340998,-0.6689684134510687,3.7415713106243453,-0.6690648665408823
10.163200855255127,3.60168785340998,-0.6689684134510687,3.7202020113377667,-0.6687264409864113
10.215720415115356,3.60168785340998,-0.6689684134510687,3.698474380709774,-0.6683304382041166
10.266973733901978,3.60168785340998,-0.6689684134510687,3.6771990548987867,-0.6678923482993833
10.318555355072021,3.60168785340998,-0.6689684134510687,3.655716609209891,-0.667399836207148
10.37129259109497,3.60168785340998,-0.6689684134510687,3.6336799396572,-0.6668426333088333
10.425622940063477,3.60168785340998,-0.6689684134510687,3.610901030112478,-0.6662117337259379
10.477196216583252,3.60168785340998,-0.6689684134510687,3.5892067424615846,-0.6655593379253371
10.528499841690063,3.60168785340998,-0.6689684134510687,3.5675574799531606,-0.6648585291187317
10.578995704650879,3.60168785340998,-0.6689684134510687,3.5461829558004854,-0.6641181748776224
10.629653453826904,3.60168785340998,-0.6689684134510687,3.524674486540916,-0.6633249246341846
10.680259943008423,3.299400244598205,-0.6595611864155947,3.503122850354294,-0.6624818500374721
10.730957508087158,3.299400244598205,-0.6595611864155947,3.4814678516065074,-0.6615864210809339
10.78148341178894,3.299400244598205,-0.6595611864155947,3.4598223660206955,-0.6606433027154193
10.832137823104858,3.299400244598205,-0.6595611864155947,3.438058380506445,-0.6596468619098381
10.883321523666382,3.299400244598205,-0.6595611864155947,3.4160029661662508,-0.6585881238213314
10.935912132263184,3.299400244598205,-0.6595611864155947,3.3932748215856106,-0.6574458596169181
10.986708164215088,3.299400244598205,-0.6595611864155947,3.371258790365319,-0.6562901095703744
11.037588596343994,3.299400244598205,-0.6595611864155947,3.3491441901871277,-0.6550806675782814
11.089438915252686,3.299400244598205,-0.6595611864155947,3.3265447459035045,-0.6537947755461828
11.140830278396606,3.299400244598205,-0.6595611864155947,3.304082828465189,-0.6524669914758547
11.192957401275635,3.299400244598205,-0.6595611864155947,3.2812362971924998,-0.6510659278053552
11.244710922241211,3.299400244598205,-0.6595611864155947,3.25849125792145,-0.6496207504378315
11.295766353607178,3.299400244598205,-0.6595611864155947,3.2359927751497386,-0.6481421114613957
11.346470594406128,3.299400244598205,-0.6595611864155947,3.2135903513140294,-0.6466215117511394
11.39744758605957,2.9889299712532456,-0.6426133394439443,3.191008971399608,-0.6450402850741885
11.454780340194702,2.9889299712532456,-0.6426133394439443,3.1655427989457032,-0.6431989892237069
11.506169319152832,2.9889299712532456,-0.6426133394439443,3.1426549222069777,-0.6414918882107759
11.557640075683594,2.9889299712532456,-0.6426133394439443,3.1196726046058654,-0.6397282724789886
11.610694646835327,2.9889299712532456,-0.6426133394439443,3.095922898015562,-0.6378539630222178
11.661792516708374,2.9889299712532456,-0.6426133394439443,3.072991885342506,-0.6359945609248223
11.712855815887451,2.9889299712532456,-0.6426133394439443,3.0500208430901345,-0.6340832055194534
11.763349056243896,2.9889299712532456,-0.6426133394439443,3.027252170195136,-0.6321408213067987
11.813880681991577,2.9889299712532456,-0.6426133394439443,3.0044128779536043,-0.6301447698219582
11.86439824104309,2.9889299712532456,-0.6426133394439443,2.981527155818341,-0.6280970289439796
11.915083169937134,2.9889299712532456,-0.6426133394439443,2.9585130928508185,-0.625989951245959
11.965695142745972,2.9889299712532456,-0.6426133394439443,2.9354801909970307,-0.6238333278585837
12.016275882720947,2.9889299712532456,-0.6426133394439443,2.9124101493228367,-0.6216254923157782
12.066740989685059,2.9889299712532456,-0.6426133394439443,2.8893422112480827,-0.6193703086018791
12.117246866226196,2.6715727701146412,-0.6138398700982817,2.8662055222214677,-0.6170608572136373
12.168010950088501,2.6715727701146412,-0.6138398700982817,2.842900559804341,-0.6146866836944347
12.218544006347656,2.6715727701146412,-0.6138398700982817,2.8196524139967014,-0.6122705833247601
12.269063711166382,2.6715727701146412,-0.6138398700982817,2.7963618279954385,-0.6098024895797298
12.31975269317627,2.6715727701146412,-0.6138398700982817,2.7729449145183147,-0.607273197010163
12.370137214660645,2.6715727701146412,-0.6138398700982817,2.749621250068103,-0.6047065186202119
12.420815229415894,2.6715727701146412,-0.6138398700982817,2.726114583763973,-0.6020719753180859
12.471200942993164,2.6715727701146412,-0.6138398700982817,2.7026971620611877,-0.5993999850722589
12.522552013397217,2.6715727701146412,-0.6138398700982817,2.6787840878166556,-0.5966227605672021
12.573585033416748,2.6715727701146412,-0.6138398700982817,2.6549726780395746,-0.5938086591279008
12.6240394115448,2.6715727701146412,-0.6138398700982817,2.6313862817383193,-0.5909734411193224
12.67473578453064,2.6715727701146412,-0.6138398700982817,2.6076422590982036,-0.5880714966885505
12.725881576538086,2.6715727701146412,-0.6138398700982817,2.5836430987633987,-0.5850898373927866
12.777448654174805,2.6715727701146412,-0.6138398700982817,2.559401422140764,-0.5820286961114602
12.82799220085144,2.6715727701146412,-0.6138398700982817,2.5355977698307712,-0.5789747774659939
12.879058599472046,2.355535435988801,-0.5746494066913241,2.5115050633977245,-0.5758354239933818
12.930143356323242,2.355535435988801,-0.5746494066913241,2.4873611939243236,-0.572640776173202
12.980644464492798,2.355535435988801,-0.5746494066913241,2.463451935255474,-0.5694293630137408
13.031311273574829,2.355535435988801,-0.5746494066913241,2.439423573744814,-0.5661541814397957
13.082151889801025,2.355535435988801,-0.5746494066913241,2.415272406555053,-0.5628141615317834
13.133566617965698,2.355535435988801,-0.5746494066913241,2.3908079445426416,-0.5593818087545026
13.184059858322144,2.355535435988801,-0.5746494066913241,2.366742795752497,-0.5559575118231996
13.23484492301941,2.355535435988801,-0.5746494066913241,2.3424999792346872,-0.5524599825398782
13.285645246505737,2.355535435988801,-0.5746494066913241,2.3182117203773043,-0.5489077805498956
13.336311340332031,2.355535435988801,-0.5746494066913241,2.2939501786865035,-0.5453115470279144
13.386760234832764,2.355535435988801,-0.5746494066913241,2.26975602184807,-0.5416777278039611
13.437541723251343,2.355535435988801,-0.5746494066913241,2.2453660089167484,-0.5379665432986935
13.488942623138428,2.355535435988801,-0.5746494066913241,2.2206419246345126,-0.5341555289591695
13.5394926071167,2.355535435988801,-0.5746494066913241,2.1962918090520973,-0.5303540745517874
13.590938806533813,1.997827547732622,-0.520520324658298,2.171474587364635,-0.5264307306125859
13.641672849655151,1.997827547732622,-0.520520324658298,2.146966498974985,-0.5225078735730024
13.692232131958008,1.997827547732622,-0.520520324658298,2.122509401000047,-0.5185453714487251
13.74299144744873,1.997827547732622,-0.520520324658298,2.0979225268958275,-0.5145138264947127
13.794126033782959,1.997827547732622,-0.520520324658298,2.073120999233991,-0.5103984287091352
13.844622135162354,1.997827547732622,-0.520520324658298,2.0485973268319997,-0.5062812029690051
13.895161390304565,1.997827547732622,-0.520520324658298,2.024021586642408,-0.5021075327529108
13.945883512496948,1.997827547732622,-0.520520324658298,1.9993261898042374,-0.49786554857940324
13.996414184570312,1.997827547732622,-0.520520324658298,1.9746939472984517,-0.4935865946188791
14.046974182128906,1.997827547732622,-0.520520324658298,1.9500179390624492,-0.4892522581886398
14.09741735458374,1.997827547732622,-0.520520324658298,1.9253701257051303,-0.4848752351419483
14.147985696792603,1.997827547732622,-0.520520324658298,1.9006328120759577,-0.4804345458616437
14.198516607284546,1.997827547732622,-0.520520324658298,1.8758860240022788,-0.47594436550664465
14.249039649963379,1.997827547732622,-0.520520324658298,1.851115878027799,-0.47140217362232395
14.29952621459961,1.6169944899376805,-0.45206771061346984,1.826336994009384,-0.4668106492946089
14.349874258041382,1.6169944899376805,-0.45206771061346984,1.8016001476095513,-0.4621793854480294
14.400204420089722,1.6169944899376805,-0.45206771061346984,1.7768467403939914,-0.4574975698877868
14.450827598571777,1.6169944899376805,-0.45206771061346984,1.7519242169473932,-0.4527358969271291
14.501376390457153,1.6169944899376805,-0.45206771061346984,1.7270138533046342,-0.44792862953701773
14.551964282989502,1.6169944899376805,-0.45206771061346984,1.7020603105835526,-0.4430650775993126
14.602978944778442,1.6169944899376805,-0.45206771061346984,1.6768726028453862,-0.4381072925332643
14.653491497039795,1.6169944899376805,-0.45206771061346984,1.6519099672573219,-0.4331457155378833
14.704245567321777,1.6169944899376805,-0.45206771061346984,1.6268056570283012,-0.4281077650135394
14.755134344100952,1.6169944899376805,-0.45206771061346984,1.6016128262607487,-0.42300351321196716
14.805867910385132,1.6169944899376805,-0.45206771061346984,1.576475583692366,-0.4178621296346936
14.856870174407959,1.6169944899376805,-0.45206771061346984,1.5511843968148251,-0.4126405387485548
14.907564640045166,1.6169944899376805,-0.45206771061346984,1.5260257354343418,-0.4073978851357172
14.959556818008423,1.6169944899376805,-0.45206771061346984,1.5002028193630415,-0.4019666478557298
15.013142108917236,1.2647071593081063,-0.37761565116975926,1.4735678636760912,-0.39631144198437473
15.06373643875122,1.2647071593081063,-0.37761565116975926,1.4484008165104794,-0.39091834709578954
15.114306449890137,1.2647071593081063,-0.37761565116975926,1.4232282240757734,-0.38547594549819
15.164814472198486,1.2647071593081063,-0.37761565116975926,1.3980694465912493,-0.379988495521538
15.215360879898071,1.2647071593081063,-0.37761565116975926,1.3728750622070804,-0.3744452016667754
15.266019582748413,1.2647071593081063,-0.37761565116975926,1.3476087241735026,-0.3688378028879411
15.316562414169312,1.2647071593081063,-0.37761565116975926,1.3223847993015414,-0.363191637888165
15.36726713180542,1.2647071593081063,-0.37761565116975926,1.2970652171932242,-0.3574756875868559
15.417856216430664,1.2647071593081063,-0.37761565116975926,1.2717891050232373,-0.3517212477033089
15.46889352798462,1.2647071593081063,-0.37761565116975926,1.2462751733303379,-0.3458637554434345
15.519832372665405,1.2647071593081063,-0.37761565116975926,1.2207971537830526,-0.3399655057576294
15.575769662857056,1.2647071593081063,-0.37761565116975926,1.192804435715539,-0.33342867488923966
15.626232862472534,1.2647071593081063,-0.37761565116975926,1.167538593657329,-0.32747792929134967
15.677346467971802,1.2647071593081063,-0.37761565116975926,1.14193559271117,-0.3213987367512474
15.728023767471313,0.9212066725296633,-0.2958434939177584,1.1165402719045348,-0.3153201149690803
15.778651237487793,0.9212066725296633,-0.2958434939177584,1.0911596874136693,-0.30919654033145694
15.8292875289917,0.9212066725296633,-0.2958434939177584,1.0657650173715407,-0.3030210784687286
15.880016088485718,0.9212066725296633,-0.2958434939177584,1.040314953895736,-0.29678350028038514
15.93285870552063,0.9212066725296633,-0.2958434939177584,1.013795195841078,-0.29023195153084247
15.983523845672607,0.9212066725296633,-0.2958434939177584,0.9883601124227347,-0.28389871075339235
16.034193754196167,0.9212066725296633,-0.2958434939177584,0.9629152620106676,-0.2775144003815315
16.085638523101807,0.9212066725296633,-0.2958434939177584,0.937074343000132,-0.2709809304047437
16.137653827667236,0.9212066725296633,-0.2958434939177584,0.910940319082773,-0.26432233274970773
16.18855619430542,0.9212066725296633,-0.2958434939177584,0.8853597084907421,-0.25775504805733007
16.239771604537964,0.9212066725296633,-0.2958434939177584,0.8596166182154384,-0.2510964215996263
16.291015148162842,0.9212066725296633,-0.2958434939177584,0.83385479206856,-0.244383104900892
16.341466426849365,0.9212066725296633,-0.2958434939177584,0.808487345716876,-0.23772383084425908
16.392118453979492,0.9212066725296633,-0.2958434939177584,0.7830156188543573,-0.23098852099340617
16.4429452419281,0.5563069219222807,-0.19937384276720954,0.7574532138861843,-0.2241802012906553
16.49349284172058,0.5563069219222807,-0.19937384276720954,0.732029012301651,-0.21735995544199183
16.544633865356445,0.5563069219222807,-0.19937384276720954,0.7063046686793792,-0.21040971066662806
16.595634698867798,0.5563069219222807,-0.19937384276720954,0.6806497536570957,-0.20342863321795024
16.64611840248108,0.5563069219222807,-0.19937384276720954,0.6552544690419623,-0.19646940965400894
16.69654083251953,0.5563069219222807,-0.19937384276720954,0.6298900720814443,-0.18947016906885406
16.747058868408203,0.5563069219222807,-0.19937384276720954,0.6044782080459657,-0.18240921710187497
16.797494411468506,0.5563069219222807,-0.19937384276720954,0.5791090256133534,-0.17531156147864957
16.848028421401978,0.5563069219222807,-0.19937384276720954,0.5536920638228031,-0.16815184915855586
16.89880394935608,0.5563069219222807,-0.19937384276720954,0.5281559571440168,-0.16090946425274844
16.949323892593384,0.5563069219222807,-0.19937384276720954,0.5027512722232196,-0.15365547166540416
16.999831199645996,0.5563069219222807,-0.19937384276720954,0.4773563778411076,-0.14635551145913128
17.05043625831604,0.5563069219222807,-0.19937384276720954,0.4519163426094778,-0.13899365208766756
17.100910186767578,0.5563069219222807,-0.19937384276720954,0.4265467857799451,-0.13160338315921027
17.151743412017822,0.20511543248453804,-0.09497775335850933,0.4010018029765131,-0.12411272391080796
17.202348470687866,0.20511543248453804,-0.09497775335850933,0.3755771937328697,-0.11660820706327124
17.252814054489136,0.20511543248453804,-0.09497775335850933,0.3502288963961724,-0.10907734785910828
17.303316116333008,0.20511543248453804,-0.09497775335850933,0.3248690712516933,-0.10149418600293414
17.35373282432556,0.20511543248453804,-0.09497775335850933,0.29955944309349847,-0.09387723736151621
17.404379844665527,0.20511543248453804,-0.09497775335850933,0.27414213625874473,-0.08617876701917737
17.455300092697144,0.20511543248453804,-0.09497775335850933,0.24859629911394876,-0.07839171420966329
17.506332874298096,0.20511543248453804,-0.09497775335850933,0.22300321904920928,-0.07054028239917587
17.55717897415161,0.20511543248453804,-0.09497775335850933,0.19751350313890048,-0.06267077483951145
17.607773542404175,0.20511543248453804,-0.09497775335850933,0.1721600985659495,-0.05479399805816332
17.6581814289093,0.20511543248453804,-0.09497775335850933,0.1469109316450956,-0.04690062082128188
17.70879101753235,0.20511543248453804,-0.09497775335850933,0.12157202334747674,-0.03892997378857288
17.759148836135864,0.20511543248453804,-0.09497775335850933,0.09637095082030844,-0.030953712103197084
17.80964183807373,0.20511543248453804,-0.09497775335850933,0.07111457894837114,-0.022910873753150707
17.86022925376892,-0.1515526976949293,0.021508407520401243,0.04582393928442052,-0.014807817888761843
17.91132926940918,-0.1515526976949293,0.021508407520401243,0.020290763816560142,-0.006576922622450354
17.96213126182556,-0.1515526976949293,0.021508407520401243,-0.005079252324259542,0.0016513489142933047
18.012619733810425,-0.1515526976949293,0.021508407520401243,-0.03027807014323136,0.009873489605436436
18.063143491744995,-0.1515526976949293,0.021508407520401243,-0.05547934742473515,0.01814575351452108
18.115796327590942,-0.1515526976949293,0.021508407520401243,-0.08172588670955583,0.026813652637931895
18.16628360748291,-0.1515526976949293,0.021508407520401243,-0.10687633434944244,0.03516994976010723
18.216924905776978,-0.1515526976949293,0.021508407520401243,-0.13208662232416857,0.04359570768966581
18.26749062538147,-0.1515526976949293,0.021508407520401243,-0.15724186220322656,0.05205263938034932
18.31806492805481,-0.1515526976949293,0.021508407520401243,-0.18238340668399444,0.060554543264149885
18.36928629875183,-0.1515526976949293,0.021508407520401243,-0.2078277466502908,0.06920940685576937
18.420927047729492,-0.1515526976949293,0.021508407520401243,-0.2334606079532111,0.07797994039167389
18.47182035446167,-0.1515526976949293,0.021508407520401243,-0.2587024386139327,0.08666734620961192
18.523017168045044,-0.1515526976949293,0.021508407520401243,-0.28407417874414365,0.09545024210206687
18.573829174041748,-0.5357147231146543,0.1550404074286451,-0.3092342093663917,0.10421023919478101
18.62512516975403,-0.5357147231146543,0.1550404074286451,-0.3346120970041827,0.11309703669001836
18.675767183303833,-0.5357147231146543,0.1550404074286451,-0.3596444021309818,0.12191306505968624
18.726441383361816,-0.5357147231146543,0.1550404074286451,-0.38467015282903905,0.13077678777701562
18.77696418762207,-0.5357147231146543,0.1550404074286451,-0.4095982213796615,0.13965573853297597
18.827420473098755,-0.5357147231146543,0.1550404074286451,-0.4344700940333326,0.1485643569146169
18.877830982208252,-0.5357147231146543,0.1550404074286451,-0.459295535986632,0.15750595906043596
18.92824959754944,-0.5357147231146543,0.1550404074286451,-0.4841005730685014,0.16648984671305334
18.97881293296814,-0.5357147231146543,0.1550404074286451,-0.5089517676092659,0.17554033595639762
19.02941632270813,-0.5357147231146543,0.1550404074286451,-0.5337970010382845,0.18463870119297043
19.079919815063477,-0.5357147231146543,0.1550404074286451,-0.5585670679346744,0.19375949096013345
19.1306734085083,-0.5357147231146543,0.1550404074286451,-0.5834329720185548,0.20296587470216654
19.181394815444946,-0.5357147231146543,0.1550404074286451,-0.6082556970908285,0.2122066858009104
19.231908798217773,-0.5357147231146543,0.1550404074286451,-0.6329491402260082,0.22144949099278533
19.28236413002014,-0.8639054216951061,0.28218119140477366,-0.6575857147314428,0.23072097543657266
19.333243370056152,-0.8639054216951061,0.28218119140477366,-0.682400201219247,0.2401100142239616
19.38459014892578,-0.8639054216951061,0.28218119140477366,-0.7074125608325362,0.24962547130685087
19.435139417648315,-0.8639054216951061,0.28218119140477366,-0.7320063051152603,0.25903229359296187
19.486119508743286,-0.8639054216951061,0.28218119140477366,-0.7567788412055703,0.26855840309644385
19.53694200515747,-0.8639054216951061,0.28218119140477366,-0.7814434558098245,0.27809392746416384
19.587899446487427,-0.8639054216951061,0.28218119140477366,-0.8061416017541634,0.2876934896083272
19.6387140750885,-0.8639054216951061,0.28218119140477366,-0.8307381252921601,0.2973045161743735
19.69005298614502,-0.8639054216951061,0.28218119140477366,-0.8555550185605859,0.307053368953798
19.740636587142944,-0.8639054216951061,0.28218119140477366,-0.8799734258795292,0.3166965611447816
19.7911536693573,-0.8639054216951061,0.28218119140477366,-0.9043261342399418,0.32636424422463195
19.84180760383606,-0.8639054216951061,0.28218119140477366,-0.928710587203846,0.3360951734630362
19.892714977264404,-0.8639054216951061,0.28218119140477366,-0.9531819825830214,0.3459119282852905
19.94459629058838,-1.179016103248895,0.4131934466818159,-0.9780848409605463,0.3559545412185323
19.995227575302124,-1.179016103248895,0.4131934466818159,-1.0023514221619596,0.36579196548315007
20.0457603931427,-1.179016103248895,0.4131934466818159,-1.0265345654077072,0.3756462313473041
20.096343278884888,-1.179016103248895,0.4131934466818159,-1.0507048875316887,0.38554600242078774
20.14709448814392,-1.179016103248895,0.4131934466818159,-1.0749181361878632,0.39551440149145956
20.199676036834717,-1.179016103248895,0.4131934466818159,-1.0999644545595664,0.4058797383541073
20.250300407409668,-1.179016103248895,0.4131934466818159,-1.1240393342937867,0.41589498563378635
20.301454782485962,-1.179016103248895,0.4131934466818159,-1.1483266972416357,0.42605042194313025
20.351998805999756,-1.179016103248895,0.4131934466818159,-1.1722846945652865,0.43611931442770624
20.40251612663269,-1.179016103248895,0.4131934466818159,-1.1961902118224614,0.4462170188216765
20.453727960586548,-1.179016103248895,0.4131934466818159,-1.2203832241118673,0.4564881090665245
20.504539966583252,-1.179016103248895,0.4131934466818159,-1.2443458793095399,0.4667131337021351
20.55679488182068,-1.179016103248895,0.4131934466818159,-1.2689453708481309,0.47726368768100347
20.607311010360718,-1.179016103248895,0.4131934466818159,-1.2926837333431533,0.48749679937182533
20.660152196884155,-1.480597478053506,0.5436281928852287,-1.3174693330589407,0.4982359848023168
20.71090006828308,-1.480597478053506,0.5436281928852287,-1.3412288727319548,0.5085832241151449
20.761635065078735,-1.480597478053506,0.5436281928852287,-1.3649386061519826,0.5189603613768976
20.8121976852417,-1.480597478053506,0.5436281928852287,-1.3885237305575822,0.5293343219279074
20.863067865371704,-1.480597478053506,0.5436281928852287,-1.4122074314746378,0.5398034268890006
20.914179801940918,-1.480597478053506,0.5436281928852287,-1.4359578328868503,0.5503543726076927
20.965115547180176,-1.480597478053506,0.5436281928852287,-1.4595801277446978,0.5609006615638634
21.01602077484131,-1.480597478053506,0.5436281928852287,-1.4831416492178777,0.5714719788668088
21.066753387451172,-1.480597478053506,0.5436281928852287,-1.506576404783427,0.5820383450921685
21.117371559143066,-1.480597478053506,0.5436281928852287,-1.5299111675732355,0.5926113320570567
21.1680166721344,-1.480597478053506,0.5436281928852287,-1.5532107424275412,0.60322010890222
21.218617916107178,-1.480597478053506,0.5436281928852287,-1.5764420849107252,0.6138495433249558
21.26928210258484,-1.480597478053506,0.5436281928852287,-1.5996537146282204,0.6245218030518758
21.32037115097046,-1.480597478053506,0.5436281928852287,-1.623010242056841,0.6353132617873376
21.37125277519226,-1.7732555947830195,0.6847990659548086,-1.6462217894832913,0.6460902585969883
21.42566967010498,-1.7732555947830195,0.6847990659548086,-1.67099013643248,0.6576481261322455
21.47623109817505,-1.7732555947830195,0.6847990659548086,-1.6939512934202947,0.6684165205345614
21.527668714523315,-1.7732555947830195,0.6847990659548086,-1.7172581043337507,0.6794002821320442
21.579245805740356,-1.7732555947830195,0.6847990659548086,-1.7405747001701348,0.6904426427268788
21.63065266609192,-1.7732555947830195,0.6847990659548086,-1.7637606149792215,0.7014769595905119
21.68135666847229,-1.7732555947830195,0.6847990659548086,-1.7865764917348397,0.7123878822977772
21.73206663131714,-1.7732555947830195,0.6847990659548086,-1.8093418950371443,0.7233270738734388
21.782721757888794,-1.7732555947830195,0.6847990659548086,-1.8320291310703802,0.7342810792778924
21.833614826202393,-1.7732555947830195,0.6847990659548086,-1.854768558359313,0.7453130508461343
21.88423204421997,-1.7732555947830195,0.6847990659548086,-1.8773301967707205,0.7563112814778137
21.935231924057007,-1.7732555947830195,0.6847990659548086,-1.900006914300444,0.7674186281941795
21.985755681991577,-1.7732555947830195,0.6847990659548086,-1.922416540964646,0.77844767774311
22.036266326904297,-1.7732555947830195,0.6847990659548086,-1.9447647796855585,0.7894988284051192
22.086885690689087,-2.1243668508819353,0.8608982190274079,-1.9671049118234951,0.8005984994179349
22.137491941452026,-2.1243668508819353,0.8608982190274079,-1.989382545554354,0.8117197371457281
22.189332723617554,-2.1243668508819353,0.8608982190274079,-2.0121443596564315,0.8231372918978015
22.240414142608643,-2.1243668508819353,0.8608982190274079,-2.034513599217698,0.8344120432319357
22.291486263275146,-2.1243668508819353,0.8608982190274079,-2.0568195854029834,0.8457086729439043
22.343888521194458,-2.1243668508819353,0.8608982190274079,-2.0796445143127493,0.8573240484078495
22.395053148269653,-2.1243668508819353,0.8608982190274079,-2.1018692956537888,0.8686887359671389
22.446099281311035,-2.1243668508819353,0.8608982190274079,-2.1239820032419003,0.8800500543987546
22.496620416641235,-2.1243668508819353,0.8608982190274079,-2.145807229237316,0.8913167757249729
22.54715895652771,-2.1243668508819353,0.8608982190274079,-2.167579745956193,0.9026092075938594
22.59803080558777,-2.1243668508819353,0.8608982190274079,-2.1894345675312232,0.9139978413246808
22.648854732513428,-2.1243668508819353,0.8608982190274079,-2.2112069463414032,0.9253971887479087
22.699461936950684,-2.1243668508819353,0.8608982190274079,-2.2328246048274005,0.9367688979042743
22.75046181678772,-2.1243668508819353,0.8608982190274079,-2.2545470828205874,0.9482496844072053
22.80099868774414,-2.438325434120636,1.030983345599038,-2.2760096032904884,0.959646552442464
22.85618782043457,-2.438325434120636,1.030983345599038,-2.2993760259963762,0.9721152921571701
22.906738758087158,-2.438325434120636,1.030983345599038,-2.32071238404353,0.9835565912960504
22.95742154121399,-2.438325434120636,1.030983345599038,-2.342040292709327,0.995047026545445
23.009766101837158,-2.438325434120636,1.030983345599038,-2.3639996610530116,1.0069341378283685
23.060648918151855,-2.438325434120636,1.030983345599038,-2.38527928518421,1.0185083633816214
23.111397743225098,-2.438325434120636,1.030983345599038,-2.406437114167519,1.0300704939336627
23.162173748016357,-2.438325434120636,1.030983345599038,-2.4275401161457766,1.0416568545994547
23.21323847770691,-2.438325434120636,1.030983345599038,-2.4486959371105574,1.0533269539109007
23.264437198638916,-2.438325434120636,1.030983345599038,-2.4698391976919414,1.065045306394739
23.31506037712097,-2.438325434120636,1.030983345599038,-2.490677333938724,1.076648945926126
23.366577625274658,-2.438325434120636,1.030983345599038,-2.5118142089770057,1.0884745421543756
23.421953678131104,-2.438325434120636,1.030983345599038,-2.534455854484909,1.1012046550598975
23.472834825515747,-2.438325434120636,1.030983345599038,-2.5551875547871092,1.1129182033489253
23.523499011993408,-2.6937230727186514,1.1820373485094204,-2.5757618032094562,1.1245973855582374
23.574445486068726,-2.6937230727186514,1.1820373485094204,-2.5963807858776473,1.1363569724497236
23.625126361846924,-2.6937230727186514,1.1820373485094204,-2.6168223132142816,1.1480701614921116
23.675709009170532,-2.6937230727186514,1.1820373485094204,-2.637154232841148,1.1597751296853032
23.72700524330139,-2.6937230727186514,1.1820373485094204,-2.6577011562106065,1.1716596453274217
23.777772665023804,-2.6937230727186514,1.1820373485094204,-2.6779646341721097,1.1834355905880276
23.830744981765747,-2.6937230727186514,1.1820373485094204,-2.6990317727343105,1.1957373922410008
23.882427215576172,-2.6937230727186514,1.1820373485094204,-2.719510204133018,1.2077534058508552
23.932968854904175,-2.6937230727186514,1.1820373485094204,-2.739464023960388,1.2195170645240747
23.984760522842407,-2.6937230727186514,1.1820373485094204,-2.759836394146018,1.231584464943658
24.03528928756714,-2.6937230727186514,1.1820373485094204,-2.7796384723252263,1.2433697357264608
24.085944890975952,-2.6937230727186514,1.1820373485094204,-2.7994169683392363,1.255196256609553
24.136495113372803,-2.6937230727186514,1.1820373485094204,-2.8190807737873658,1.2670094670100753
24.187162160873413,-2.6937230727186514,1.1820373485094204,-2.8387159099615245,1.2788609447391635
24.23863697052002,-2.9828592939711975,1.356351821909129,-2.8585876964792183,1.290912242310758
24.290769577026367,-2.9828592939711975,1.356351821909129,-2.878634540865184,1.3031283369570117
24.342342615127563,-2.9828592939711975,1.356351821909129,-2.8983876902221923,1.3152236171525722
24.393018007278442,-2.9828592939711975,1.356351821909129,-2.9177205662075685,1.3271179937759174
24.44399404525757,-2.9828592939711975,1.356351821909129,-2.937091284158581,1.3390921911486537
24.495206356048584,-2.9828592939711975,1.356351821909129,-2.9564737764967473,1.3511308657488814
24.546167135238647,-2.9828592939711975,1.356351821909129,-2.9756830717727505,1.3631189748621373
24.597387552261353,-2.9828592939711975,1.356351821909129,-2.994911447183193,1.3751763969831283
24.64983367919922,-2.9828592939711975,1.356351821909129,-3.0145177113587187,1.3875305189934548
24.700504541397095,-2.9828592939711975,1.356351821909129,-3.033380891141456,1.3994739335830952
24.751140832901,-2.9828592939711975,1.356351821909129,-3.0521528500232007,1.4114161665577387
24.802621364593506,-2.9828592939711975,1.356351821909129,-3.071157115418887,1.4235642721181543
24.853174448013306,-2.9828592939711975,1.356351821909129,-3.0897394880490485,1.4354997912287168
24.90415072441101,-2.9828592939711975,1.356351821909129,-3.1083972605046113,1.4475411430240517
24.954877853393555,-3.240653112827042,1.5267861928220328,-3.1268835774395742,1.4595291714856469
25.005980491638184,-3.240653112827042,1.5267861928220328,-3.1454254153918737,1.471611143699779
25.056735038757324,-3.240653112827042,1.5267861928220328,-3.163759801785529,1.4836156135877867
25.107358694076538,-3.240653112827042,1.5267861928220328,-3.1819659889558496,1.4955935150426578
25.158424377441406,-3.240653112827042,1.5267861928220328,-3.200248916478738,1.5076800699984172
25.20902109146118,-3.240653112827042,1.5267861928220328,-3.2182821366710366,1.5196592823656583
25.25957989692688,-3.240653112827042,1.5267861928220328,-3.236220165329896,1.5316327841571695
25.311858892440796,-3.240653112827042,1.5267861928220328,-3.254682280916637,1.544016705461217
25.362473011016846,-3.240653112827042,1.5267861928220328,-3.272472573952368,1.5560088099417841
25.412988901138306,-3.240653112827042,1.5267861928220328,-3.2901457184367717,1.567979778690158
25.46606755256653,-3.240653112827042,1.5267861928220328,-3.3086261563605,1.5805599505029118
25.51673650741577,-3.240653112827042,1.5267861928220328,-3.3261818907193126,1.5925704218134238
25.568077564239502,-3.240653112827042,1.5267861928220328,-3.3438847475417575,1.604741232638967
25.618822813034058,-3.240653112827042,1.5267861928220328,-3.3612970135607334,1.616771435737107
25.670429229736328,-3.483640330318131,1.7006041348532523,-3.378917609926058,1.6290060504124269
25.721174478530884,-3.483640330318131,1.7006041348532523,-3.396158126218251,1.6410363688063663
25.77215886116028,-3.483640330318131,1.7006041348532523,-3.4133936356578007,1.6531228600414316
25.823676586151123,-3.483640330318131,1.7006041348532523,-3.430721294378489,1.6653348657981013
25.874390363693237,-3.483640330318131,1.7006041348532523,-3.447691680239941,1.677355010135999
25.925063133239746,-3.483640330318131,1.7006041348532523,-3.464561941568615,1.689363774649523
25.97612428665161,-3.483640330318131,1.7006041348532523,-3.4814738236496083,1.7014625167568895
26.02718758583069,-3.483640330318131,1.7006041348532523,-3.498298074721645,1.7135593066513013
26.077720642089844,-3.483640330318131,1.7006041348532523,-3.514860338280499,1.725527677978575
26.12833857536316,-3.483640330318131,1.7006041348532523,-3.5313630654778727,1.7375129733052068
26.17899489402771,-3.483640330318131,1.7006041348532523,-3.5477904745565048,1.7495037915623008
26.231233596801758,-3.483640330318131,1.7006041348532523,-3.564638690506616,1.7618650341824238
26.28222942352295,-3.483640330318131,1.7006041348532523,-3.5809952900928286,1.7739277221819294
26.33280372619629,-3.483640330318131,1.7006041348532523,-3.5971278280222223,1.785885968750227
26.383928537368774,-3.7168747540919522,1.8750653522035667,-3.613345727856177,1.7979692014756188
26.434489727020264,-3.7168747540919522,1.8750653522035667,-3.6292953032627677,1.809913714826604
26.485754013061523,-3.7168747540919522,1.8750653522035667,-3.6453754719346008,1.822018340306987
26.536313772201538,-3.7168747540919522,1.8750653522035667,-3.6611444151294403,1.833950320264485
26.586994886398315,-3.7168747540919522,1.8750653522035667,-3.6768609862525685,1.8459042830242365
26.6377694606781,-3.7168747540919522,1.8750653522035667,-3.692515675399446,1.8578732195803158
26.68861961364746,-3.7168747540919522,1.8750653522035667,-3.708102230986091,1.8698524899745044
26.73945689201355,-3.7168747540919522,1.8750653522035667,-3.7235930889337996,1.8818208521547775
26.790191650390625,-3.7168747540919522,1.8750653522035667,-3.7389609662739156,1.8937568387412655
26.841830730438232,-3.7168747540919522,1.8750653522035667,-3.7545083696461212,1.9058967235013577
26.892603635787964,-3.7168747540919522,1.8750653522035667,-3.769701859013031,1.9178238733515691
26.943671226501465,-3.7168747540919522,1.8750653522035667,-3.784890109806148,1.9298107447671549
26.99448823928833,-3.7168747540919522,1.8750653522035667,-3.7999105610104005,1.941728945040271
27.045439958572388,-3.7168747540919522,1.8750653522035667,-3.814877144718187,1.9536684747930113
27.09708857536316,-3.9319275109959406,2.046148104255136,-3.8299524207434965,1.9657604148834844
27.147719383239746,-3.9319275109959406,2.046148104255136,-3.8446365246237333,1.9776030249180616
27.198487043380737,-3.9319275109959406,2.046148104255136,-3.8592665246141444,1.9894662760964428
27.249391555786133,-3.9319275109959406,2.046148104255136,-3.873841403576235,2.00134968292501
27.300071239471436,-3.9319275109959406,2.046148104255136,-3.888257596761312,2.013168451675775
27.350908041000366,-3.9319275109959406,2.046148104255136,-3.902623688538751,2.0250112855987816
27.401304006576538,-3.9319275109959406,2.046148104255136,-3.9167712474955496,2.0367386041953326
27.451849699020386,-3.9319275109959406,2.046148104255136,-3.930866631604289,2.0484875571805086
27.50235891342163,-3.9319275109959406,2.046148104255136,-3.944857357904051,2.0602144314206767
27.553058385849,-3.9319275109959406,2.046148104255136,-3.9588055591588787,2.071971416874711
27.603941679000854,-3.9319275109959406,2.046148104255136,-3.9727081690673063,2.0837564711068026
27.65461826324463,-3.9319275109959406,2.046148104255136,-3.9864583136512,2.0954787609266985
27.707696199417114,-3.9319275109959406,2.046148104255136,-4.000757058187173,2.107740163169809
27.762004375457764,-3.9319275109959406,2.046148104255136,-4.015277911214066,2.1202679749292055
27.81267738342285,-4.11901340415725,2.213460590068884,-4.028726845415045,2.1319405812728363
27.863842725753784,-4.11901340415725,2.213460590068884,-4.042208311907013,2.143709886141472
27.914791107177734,-4.11901340415725,2.213460590068884,-4.055534400845261,2.1554122001526124
27.96628165245056,-4.11901340415725,2.213460590068884,-4.068902498180188,2.167221315730107
28.01691222190857,-4.11901340415725,2.213460590068884,-4.081949277214804,2.178815424951984
28.067291736602783,-4.11901340415725,2.213460590068884,-4.094834647773041,2.1903341601312407
28.117987871170044,-4.11901340415725,2.213460590068884,-4.107703401387367,2.201906888745465
28.168625593185425,-4.11901340415725,2.213460590068884,-4.120459384242475,2.2134474682397265
28.219217538833618,-4.11901340415725,2.213460590068884,-4.133105875139278,2.224958445826858
28.269887924194336,-4.11901340415725,2.213460590068884,-4.1456736252420185,2.23646767396817
28.320559978485107,-4.11901340415725,2.213460590068884,-4.158143157894555,2.2479572767850327
28.371243715286255,-4.11901340415725,2.213460590068884,-4.170516698699909,2.259429124792494
28.42198944091797,-4.11901340415725,2.213460590068884,-4.182806115897972,2.2708941668797804
28.47295641899109,-4.11901340415725,2.213460590068884,-4.195048950277394,2.2823878143584895
28.523489475250244,-4.297298224524607,2.3811761725165725,-4.2070882554518025,2.2937620594282833
28.574280500411987,-4.297298224524607,2.3811761725165725,-4.219089200487874,2.30517235576423
28.624773263931274,-4.297298224524607,2.3811761725165725,-4.230920291791127,2.3164933818040443
28.67764186859131,-4.297298224524607,2.3811761725165725,-4.243201683210792,2.328322883584992
28.728145837783813,-4.297298224524607,2.3811761725165725,-4.254831940455919,2.3395997554392647
28.77902913093567,-4.297298224524607,2.3811761725165725,-4.26644874448282,2.350937669092744
28.82956099510193,-4.297298224524607,2.3811761725165725,-4.277885003720745,2.3621733871859454
28.88143801689148,-4.297298224524607,2.3811761725165725,-4.289521522993699,2.3736830262716624
28.932085514068604,-4.297298224524607,2.3811761725165725,-4.3007802549691085,2.3848948754382926
28.982776641845703,-4.297298224524607,2.3811761725165725,-4.311947615976264,2.3960912543118376
29.033373594284058,-4.297298224524607,2.3811761725165725,-4.322993232823633,2.4072413730779476
29.083895921707153,-4.297298224524607,2.3811761725165725,-4.333921716361129,2.4183492795419457
29.13454008102417,-4.297298224524607,2.3811761725165725,-4.344775260824214,2.429457742224267
29.18539595603943,-4.297298224524607,2.3811761725165725,-4.355571967928244,2.440585824961929
29.23641085624695,-4.451620488767865,2.5376109245354344,-4.366299374124304,2.451721308755278
29.28706121444702,-4.451620488767865,2.5376109245354344,-4.376847851738882,2.4627496832415936
29.340940952301025,-4.451620488767865,2.5376109245354344,-4.387956854545145,2.4744506524848875
29.391377925872803,-4.451620488767865,2.5376109245354344,-4.398251213979037,2.485375011698107
29.44186806678772,-4.451620488767865,2.5376109245354344,-4.408454768259917,2.4962824541718027
29.49314022064209,-4.451620488767865,2.5376109245354344,-4.418712129482808,2.507329328909455
29.543642044067383,-4.451620488767865,2.5376109245354344,-4.428712564903245,2.5181807756431738
29.5941743850708,-4.451620488767865,2.5376109245354344,-4.438616777171734,2.5290091339667895
29.644749402999878,-4.451620488767865,2.5376109245354344,-4.448426793934877,2.5398165602269205
29.69542908668518,-4.451620488767865,2.5376109245354344,-4.458154059296358,2.550615783062046
29.74616813659668,-4.451620488767865,2.5376109245354344,-4.467789248754633,2.5613966136416124
29.796823740005493,-4.451620488767865,2.5376109245354344,-4.477305189860968,2.5721283431313977
29.847586154937744,-4.451620488767865,2.5376109245354344,-4.486737427985929,2.5828508698661463
29.898224115371704,-4.451620488767865,2.5376109245354344,-4.496042924273009,2.593514974459575
29.948737859725952,-4.578215063055149,2.6893676535944135,-4.505222367128734,2.604120560437194
29.999332189559937,-4.578215063055149,2.6893676535944135,-4.5143129920871425,2.6147102860173903
30.050194025039673,-4.578215063055149,2.6893676535944135,-4.523347200821839,2.6253225496333212
30.101507663726807,-4.578215063055149,2.6893676535944135,-4.532355390449542,2.6359946983510323
30.152100324630737,-4.578215063055149,2.6893676535944135,-4.541132402135517,2.646482701248582
30.2025785446167,-4.578215063055149,2.6893676535944135,-4.549785938537768,2.6569127579995313
30.25317692756653,-4.578215063055149,2.6893676535944135,-4.558356098573036,2.66733295755395
30.303740739822388,-4.578215063055149,2.6893676535944135,-4.566816310946604,2.6777109663855105
30.35453724861145,-4.578215063055149,2.6893676535944135,-4.575210584044253,2.688101050986428
30.40580940246582,-4.578215063055149,2.6893676535944135,-4.58357676688798,2.698551765489511
30.456626653671265,-4.578215063055149,2.6893676535944135,-4.591762862067157,2.7088730289682155
30.507210731506348,-4.578215063055149,2.6893676535944135,-4.599806641776013,2.7191102382440606
30.557644367218018,-4.578215063055149,2.6893676535944135,-4.607722365524458,2.729280177008821
30.608256101608276,-4.578215063055149,2.6893676535944135,-4.615561429780171,2.739448688641086
30.658807516098022,-4.695278563847791,2.837781691957731,-4.623286460815644,2.749567365695816
30.70925283432007,-4.695278563847791,2.837781691957731,-4.630890901994717,2.759626857422951
30.75985550880432,-4.695278563847791,2.837781691957731,-4.63841423313497,2.769679267302421
30.810774087905884,-4.695278563847791,2.837781691957731,-4.645878478078383,2.7797551714676847
30.861222982406616,-4.695278563847791,2.837781691957731,-4.653168884997863,2.789698918462291
30.911792039871216,-4.695278563847791,2.837781691957731,-4.660371715794995,2.799626804259302
30.962278604507446,-4.695278563847791,2.837781691957731,-4.667457923111037,2.8094986274090132
31.013807773590088,-4.695278563847791,2.837781691957731,-4.674582347866699,2.8195328530101924
31.065527200698853,-4.695278563847791,2.837781691957731,-4.681623183171341,2.82956161667798
31.116368055343628,-4.695278563847791,2.837781691957731,-4.688437047247431,2.839378125132025
31.167084217071533,-4.695278563847791,2.837781691957731,-4.695128088725121,2.8491287988358804
31.220473289489746,-4.695278563847791,2.837781691957731,-4.702057207032272,2.859347893178228
31.271777153015137,-4.695278563847791,2.837781691957731,-4.708604932801232,2.869123522385867
31.322461366653442,-4.695278563847791,2.837781691957731,-4.714966928909309,2.878738028175212
31.373160362243652,-4.790210353438718,2.9773770183424952,-4.721224691966272,2.8883121565353473
31.42365312576294,-4.790210353438718,2.9773770183424952,-4.727351501452946,2.8978040484752534
31.475367307662964,-4.790210353438718,2.9773770183424952,-4.733517343979527,2.90748038510781
31.52660036087036,-4.790210353438718,2.9773770183424952,-4.739516842750083,2.917021248535713
31.57736325263977,-4.790210353438718,2.9773770183424952,-4.745354269521185,2.92642956769145
31.62794065475464,-4.790210353438718,2.9773770183424952,-4.7510643968695305,2.935758606278677
31.679075479507446,-4.790210353438718,2.9773770183424952,-4.756729897922908,2.9451445277041453
31.7309467792511,-4.790210353438718,2.9773770183424952,-4.762366474781288,2.954618059888789
31.781931161880493,-4.790210353438718,2.9773770183424952,-4.767798178031167,2.963882544764399
31.833883047103882,-4.790210353438718,2.9773770183424952,-4.773222292141575,2.9732744569406924
31.885669708251953,-4.790210353438718,2.9773770183424952,-4.778517966162746,2.9825875132421538
31.937204360961914,-4.790210353438718,2.9773770183424952,-4.783677651154185,2.9918063157471853
31.991716146469116,-4.790210353438718,2.9773770183424952,-4.789015734012871,3.0015041379486753
32.04322361946106,-4.790210353438718,2.9773770183424952,-4.793946558705647,3.010616505816707
32.09555268287659,-4.853133750289854,3.094547969003193,-4.798843529053734,3.0198231054827467
32.14641761779785,-4.853133750289854,3.094547969003193,-4.803494801256026,3.0287223592157106
32.19707250595093,-4.853133750289854,3.094547969003193,-4.8080203854428625,3.037535759973612
32.24775743484497,-4.853133750289854,3.094547969003193,-4.812442300539538,3.0463049865053398
32.298946380615234,-4.853133750289854,3.094547969003193,-4.816800215636968,3.0551108993660567
32.34980320930481,-4.853133750289854,3.094547969003193,-4.8210224110268225,3.0638090475977373
32.400975942611694,-4.853133750289854,3.094547969003193,-4.8251627477001815,3.0725099270986047
32.45193600654602,-4.853133750289854,3.094547969003193,-4.829178144958655,3.081123151314123
32.50248861312866,-4.853133750289854,3.094547969003193,-4.833055229488053,3.089616382723758
32.553006649017334,-4.853133750289854,3.094547969003193,-4.836824007896624,3.0980525915085524
32.60355854034424,-4.853133750289854,3.094547969003193,-4.840489607361777,3.106442860033183
32.65421152114868,-4.853133750289854,3.094547969003193,-4.844056502396853,3.114797794760327
32.70504426956177,-4.853133750289854,3.094547969003193,-4.8475293758151885,3.1231295914158035
32.75616431236267,-4.853133750289854,3.094547969003193,-4.850914128563104,3.1314547933708927
32.80690002441406,-4.9100106173587035,3.2150808647722515,-4.85416662853695,3.139663827403157
32.857823848724365,-4.9100106173587035,3.2150808647722515,-4.857324226625366,3.1478492781022833
32.908308267593384,-4.9100106173587035,3.2150808647722515,-4.860348838672111,3.1559103366827124
32.95897436141968,-4.9100106173587035,3.2150808647722515,-4.863278522828974,3.163946245035474
33.01163935661316,-4.9100106173587035,3.2150808647722515,-4.8662114764679,3.1722413160821987
33.06217813491821,-4.9100106173587035,3.2150808647722515,-4.868918418060277,3.1801456777969084
33.11288022994995,-4.9100106173587035,3.2150808647722515,-4.871528258282719,3.188020309084336
33.163496017456055,-4.9100106173587035,3.2150808647722515,-4.874027955853223,3.195825978966477
33.21399402618408,-4.9100106173587035,3.2150808647722515,-4.8764166465197825,3.203557836990135
33.26448059082031,-4.9100106173587035,3.2150808647722515,-4.878699817558241,3.2112320471026083
33.31509256362915,-4.9100106173587035,3.2150808647722515,-4.8808833586882026,3.2188688913953243
33.36556267738342,-4.9100106173587035,3.2150808647722515,-4.8829558494837455,3.2264277408673894
33.41608023643494,-4.9100106173587035,3.2150808647722515,-4.884925419350314,3.2339367787485482
33.46656823158264,-4.9100106173587035,3.2150808647722515,-4.886789074128471,3.241384202158889
33.51781725883484,-4.937237396211341,3.3202999927735295,-4.888573777376148,3.2488850476928066
33.568432092666626,-4.937237396211341,3.3202999927735295,-4.890230615034257,3.256234562133336
33.61962962150574,-4.937237396211341,3.3202999927735295,-4.891799656666211,3.263609200094319
33.670345067977905,-4.937237396211341,3.3202999927735295,-4.893248031250641,3.2708550852660387
33.72165298461914,-4.937237396211341,3.3202999927735295,-4.894606159859929,3.278125216449217
33.772804975509644,-4.937237396211341,3.3202999927735295,-4.895852945717957,3.285312446262105
33.82404184341431,-4.937237396211341,3.3202999927735295,-4.896994566936044,3.2924504048113503
33.87460255622864,-4.937237396211341,3.3202999927735295,-4.898016001268994,3.299433803432277
33.925654888153076,-4.937237396211341,3.3202999927735295,-4.898941505487894,3.306423941793047
33.976203203201294,-4.937237396211341,3.3202999927735295,-4.899753159081159,3.313284201578449
34.0267014503479,-4.937237396211341,3.3202999927735295,-4.900460061733435,3.320076876583082
34.0794632434845,-4.937237396211341,3.3202999927735295,-4.901087767766382,3.3271087851167325
34.13005542755127,-4.937237396211341,3.3202999927735295,-4.90158334284062,3.3337885963314573
34.18075680732727,-4.937237396211341,3.3202999927735295,-4.901975664878294,3.340420691587912
34.23121953010559,-4.94228419506432,3.4073181475983554,-4.902262543590712,3.346959499359518
34.28165411949158,-4.94228419506432,3.4073181475983554,-4.9024461008761815,3.3534324854111963
34.33217525482178,-4.94228419506432,3.4073181475983554,-4.902526681721184,3.359853956114663
34.382636070251465,-4.94228419506432,3.4073181475983554,-4.902504080736992,3.3662048930482324
34.433595180511475,-4.94228419506432,3.4073181475983554,-4.902376815214729,3.3725544754678896
34.484206438064575,-4.94228419506432,3.4073181475983554,-4.902146651820615,3.378796685129421
34.534645080566406,-4.94228419506432,3.4073181475983554,-4.9018145077993935,3.3849538212419645
34.585289478302,-4.94228419506432,3.4073181475983554,-4.901377910088813,3.391071710543917
34.63579225540161,-4.94228419506432,3.4073181475983554,-4.900839779593129,3.397107971069022
34.68633437156677,-4.94228419506432,3.4073181475983554,-4.90019862472191,3.4030841325744823
34.73822736740112,-4.94228419506432,3.4073181475983554,-4.899433669431767,3.4091522672275465
34.78941631317139,-4.94228419506432,3.4073181475983554,-4.898573347010583,3.415070508373404
34.84054112434387,-4.94228419506432,3.4073181475983554,-4.897609413849413,3.4209140543297547
34.89379167556763,-4.933967661222447,3.4791425915348606,-4.8964943122410425,3.4269287589867425
34.944642543792725,-4.933967661222447,3.4791425915348606,-4.895323802650237,3.4326037153893534
34.995245933532715,-4.933967661222447,3.4791425915348606,-4.89405666150959,3.438184131032714
35.045700550079346,-4.933967661222447,3.4791425915348606,-4.892691758750717,3.443681390911561
35.09627938270569,-4.933967661222447,3.4791425915348606,-4.891221927838375,3.4491250039618104
35.14672136306763,-4.933967661222447,3.4791425915348606,-4.889654939626084,3.4544866169044575
35.1971652507782,-4.933967661222447,3.4791425915348606,-4.887987037483159,3.459780969984494
35.247581481933594,-4.933967661222447,3.4791425915348606,-4.886219426529251,3.465004735289158
35.298198223114014,-4.933967661222447,3.4791425915348606,-4.884343742853428,3.4701809282467955
35.34864807128906,-4.933967661222447,3.4791425915348606,-4.882373656278675,3.4752716345940247
35.39925575256348,-4.933967661222447,3.4791425915348606,-4.880296672019379,3.48030936539439
35.449639081954956,-4.933967661222447,3.4791425915348606,-4.878128833800673,3.4852559409455566
35.500184774398804,-4.933967661222447,3.4791425915348606,-4.875853850180997,3.4901491853206505
35.55113410949707,-4.933967661222447,3.4791425915348606,-4.873459341754434,3.49501101624252
35.60214948654175,-4.9035603907504965,3.5401506582670126,-4.870959943073913,3.4998079677907348
35.65265774726868,-4.9035603907504965,3.5401506582670126,-4.86838522284908,3.504486798052219
35.70320701599121,-4.9035603907504965,3.5401506582670126,-4.865708797637828,3.50909899112081
35.753668785095215,-4.9035603907504965,3.5401506582670126,-4.86293778344457,3.5136326570193464
35.80409908294678,-4.9035603907504965,3.5401506582670126,-4.860069630770174,3.5180928192479763
35.85463523864746,-4.9035603907504965,3.5401506582670126,-4.85709648961125,3.5224912083032374
35.905450105667114,-4.9035603907504965,3.5401506582670126,-4.854007242210992,3.526841794569181
35.95638179779053,-4.9035603907504965,3.5401506582670126,-4.850810751985945,3.5311296143073845
36.006964683532715,-4.9035603907504965,3.5401506582670126,-4.8475371135034875,3.535315706466329
36.05747056007385,-4.9035603907504965,3.5401506582670126,-4.844170174404578,3.5394232232485563
36.108118534088135,-4.9035603907504965,3.5401506582670126,-4.8406953299394315,3.5434695925151405
36.159093379974365,-4.9035603907504965,3.5401506582670126,-4.837098729359692,3.5474683102363223
36.209787130355835,-4.9035603907504965,3.5401506582670126,-4.833423333440204,3.551371334292374
36.260329246520996,-4.9035603907504965,3.5401506582670126,-4.829661215640497,3.555189326175145
36.31129741668701,-4.852928224554737,3.589099399791964,-4.825768781645458,3.558965077952031
36.36199927330017,-4.852928224554737,3.589099399791964,-4.82179864941218,3.5626467033901763
36.41271638870239,-4.852928224554737,3.589099399791964,-4.817729705817741,3.566254957062522
36.463724851608276,-4.852928224554737,3.589099399791964,-4.8135391253823725,3.5698085606378376
36.51467680931091,-4.852928224554737,3.589099399791964,-4.80925502128388,3.573282516682645
36.566665172576904,-4.852928224554737,3.589099399791964,-4.804782874866778,3.5767488922383905
36.617223501205444,-4.852928224554737,3.589099399791964,-4.800336213408007,3.5800438784887847
36.66809344291687,-4.852928224554737,3.589099399791964,-4.795765305728443,3.5832832618899557
36.71926474571228,-4.852928224554737,3.589099399791964,-4.791069542102683,3.5864647769692874
36.769750356674194,-4.852928224554737,3.589099399791964,-4.786340820685464,3.5895276895540076
36.820377349853516,-4.852928224554737,3.589099399791964,-4.781503446626454,3.592523176755244
36.87102460861206,-4.852928224554737,3.589099399791964,-4.776568761455136,3.5954434826616812
36.921579122543335,-4.852928224554737,3.589099399791964,-4.771548208529387,3.598282031818655
36.97265362739563,-4.852928224554737,3.589099399791964,-4.766379964502428,3.60107203143139
37.02329635620117,-4.788558226852787,3.623106393935753,-4.761160324881887,3.60376106739386
37.07405686378479,-4.788558226852787,3.623106393935753,-4.7558337688106,3.606378819370836
37.124804735183716,-4.788558226852787,3.623106393935753,-4.750413925515176,3.6089181031209816
37.17559218406677,-4.788558226852787,3.623106393935753,-4.74489538459286,3.6113812530847356
37.226001501083374,-4.788558226852787,3.623106393935753,-4.739324716895723,3.613748578429842
37.27652049064636,-4.788558226852787,3.623106393935753,-4.73364900202643,3.6160433969150136
37.326905727386475,-4.788558226852787,3.623106393935753,-4.727895897532608,3.618254500302622
37.37739133834839,-4.788558226852787,3.623106393935753,-4.722039007466275,3.6203920354534964
37.42779088020325,-4.788558226852787,3.623106393935753,-4.716100168965471,3.622447872962934
37.47822618484497,-4.788558226852787,3.623106393935753,-4.7100654126731065,3.6244268987407637
37.52882528305054,-4.788558226852787,3.623106393935753,-4.703919127011741,3.626333471627461
37.57946157455444,-4.788558226852787,3.623106393935753,-4.697676397801251,3.6281621522008907
37.63070249557495,-4.788558226852787,3.623106393935753,-4.691265777395641,3.6299317175910137
37.68152713775635,-4.788558226852787,3.623106393935753,-4.684814739598464,3.6316062669867577
37.73208689689636,-4.701952008432629,3.640845353764479,-4.67830618558907,3.6331922105400225
37.78259563446045,-4.701952008432629,3.640845353764479,-4.671713701531834,3.6346968139289615
37.83306074142456,-4.701952008432629,3.640845353764479,-4.665036841357987,3.636120333719111
37.884371519088745,-4.701952008432629,3.640845353764479,-4.658156060170426,3.6374857517447388
37.934935092926025,-4.701952008432629,3.640845353764479,-4.6512849710206154,3.6387502583324185
37.98537564277649,-4.701952008432629,3.640845353764479,-4.644341354737795,3.639931365521657
38.038130044937134,-4.701952008432629,3.640845353764479,-4.636984146873608,3.6410806291017
38.088839054107666,-4.701952008432629,3.640845353764479,-4.629820859759395,3.642102243500721
38.13951897621155,-4.701952008432629,3.640845353764479,-4.622572514887411,3.643041714463507
38.190218925476074,-4.701952008432629,3.640845353764479,-4.615232393626254,3.6438997985428787
38.24071550369263,-4.701952008432629,3.640845353764479,-4.607833602107557,3.644672985233365
38.29112982749939,-4.701952008432629,3.640845353764479,-4.600359422958052,3.645363649921575
38.34160137176514,-4.701952008432629,3.640845353764479,-4.5927895272422194,3.6459735966636266
38.392178773880005,-4.701952008432629,3.640845353764479,-4.58511648392021,3.646502851953847
38.44364070892334,-4.596168428058573,3.6425156640852507,-4.577219880666461,3.6469569719389736
38.4946870803833,-4.596168428058573,3.6425156640852507,-4.569298290557157,3.647323162848301
38.55115079879761,-4.596168428058573,3.6425156640852507,-4.560433416345695,3.6476302649047554
38.60157561302185,-4.596168428058573,3.6425156640852507,-4.552425886985342,3.647817379146882
38.65200996398926,-4.596168428058573,3.6425156640852507,-4.544331483251842,3.6479221254694254
38.70242619514465,-4.596168428058573,3.6425156640852507,-4.53615496236309,3.64794431518831
38.75287175178528,-4.596168428058573,3.6425156640852507,-4.527888900100692,3.6478837913353845
38.803425788879395,-4.596168428058573,3.6425156640852507,-4.519520280316019,3.6477399707826237
38.85420489311218,-4.596168428058573,3.6425156640852507,-4.511029269775539,3.6475115489593355
38.90542387962341,-4.596168428058573,3.6425156640852507,-4.50237858503591,3.64719575520736
38.95682501792908,-4.596168428058573,3.6425156640852507,-4.493610504659996,3.64679246968143
39.008649826049805,-4.596168428058573,3.6425156640852507,-4.484682624089943,3.646298115361879
39.05967974662781,-4.596168428058573,3.6425156640852507,-4.475806127523315,3.6457251104238075
39.110636711120605,-4.596168428058573,3.6425156640852507,-4.466857936639842,3.6450674007957993
39.16107988357544,-4.479611279114101,3.6274395866116627,-4.457917233278259,3.6443320131686905
39.21157503128052,-4.479611279114101,3.6274395866116627,-4.448885190850496,3.643511723732184
39.26203680038452,-4.479611279114101,3.6274395866116627,-4.4397773488652525,3.6426077432064523
39.31253528594971,-4.479611279114101,3.6274395866116627,-4.43058136754561,3.6416186801700983
39.36318397521973,-4.479611279114101,3.6274395866116627,-4.421276450742102,3.640541716642713
39.413975954055786,-4.479611279114101,3.6274395866116627,-4.411863486301057,3.6393761353556835
39.46450448036194,-4.479611279114101,3.6274395866116627,-4.40241847035565,3.638131451752919
39.51492953300476,-4.479611279114101,3.6274395866116627,-4.392912705407504,3.6368045323090947
39.565301179885864,-4.479611279114101,3.6274395866116627,-4.383337453341666,3.6353943389206678
39.615747928619385,-4.479611279114101,3.6274395866116627,-4.373668563355839,3.633897105245963
39.666279792785645,-4.479611279114101,3.6274395866116627,-4.363904069708457,3.632312016899448
39.71687388420105,-4.479611279114101,3.6274395866116627,-4.3540483831149395,3.6306393078827197
39.76754641532898,-4.479611279114101,3.6274395866116627,-4.344098353134019,3.628877975883405
39.818702936172485,-4.479611279114101,3.6274395866116627,-4.333973371731031,3.627012378503017
39.869194746017456,-4.345197470605181,3.5964368850980324,-4.323901556651912,3.625084764425554
39.920005559921265,-4.345197470605181,3.5964368850980324,-4.313687832860014,3.6230583615561525
39.97049808502197,-4.345197470605181,3.5964368850980324,-4.303460647682202,3.6209584846379705
40.02106070518494,-4.345197470605181,3.5964368850980324,-4.293142250337539,3.618769519341642
40.071510314941406,-4.345197470605181,3.5964368850980324,-4.2827704504633655,3.616499407837251
40.12249159812927,-4.345197470605181,3.5964368850980324,-4.272212107268867,3.6141179725854364
40.17301607131958,-4.345197470605181,3.5964368850980324,-4.261672119531192,3.6116711044091954
40.22356629371643,-4.345197470605181,3.5964368850980324,-4.251051146333573,3.6091364538954407
40.274040937423706,-4.345197470605181,3.5964368850980324,-4.240370940840247,3.6065191440006563
40.32448601722717,-4.345197470605181,3.5964368850980324,-4.229622353592958,3.60381697545058
40.375113010406494,-4.345197470605181,3.5964368850980324,-4.218760341578047,3.6010181469013394
40.426729917526245,-4.345197470605181,3.5964368850980324,-4.207609309221304,3.5980748679591654
40.478803634643555,-4.345197470605181,3.5964368850980324,-4.196281569360017,3.5950136588431527
40.53056263923645,-4.345197470605181,3.5964368850980324,-4.184945022802279,3.5918794181303877
40.58112955093384,-4.191393511740978,3.548078369138901,-4.173795556310269,3.588729163126157
40.63257598876953,-4.191393511740978,3.548078369138901,-4.162377466004669,3.5854345811063744
40.683324098587036,-4.191393511740978,3.548078369138901,-4.151040922089778,3.5820961750972558
40.73385667800903,-4.191393511740978,3.548078369138901,-4.139680419241177,3.5786845018966655
40.784640073776245,-4.191393511740978,3.548078369138901,-4.128191411413182,3.575167921174846
40.83523941040039,-4.191393511740978,3.548078369138901,-4.116672512227204,3.571576312205112
40.885897636413574,-4.191393511740978,3.548078369138901,-4.1050690532353595,3.5678926970657336
40.93689036369324,-4.191393511740978,3.548078369138901,-4.093317452812391,3.564095952065709
40.98745369911194,-4.191393511740978,3.548078369138901,-4.081594331255319,3.5602431473477973
41.039467096328735,-4.191393511740978,3.548078369138901,-4.069462182133389,3.556188331609591
41.09107327461243,-4.191393511740978,3.548078369138901,-4.057352422829619,3.552073482874893
41.14146447181702,-4.191393511740978,3.548078369138901,-4.045458378267334,3.5479672487952687
41.192599296569824,-4.191393511740978,3.548078369138901,-4.033319113508057,3.5437112219574503
41.24317765235901,-4.0470769394185275,3.4909939900910154,-4.021243270093403,3.5394130797628067
41.293951988220215,-4.0470769394185275,3.4909939900910154,-4.0090523177405135,3.535009783899175
41.34516882896423,-4.0470769394185275,3.4909939900910154,-3.9966861668036295,3.530478241369011
41.39573121070862,-4.0470769394185275,3.4909939900910154,-3.984410492515862,3.5259160297250722
41.44709610939026,-4.0470769394185275,3.4909939900910154,-3.9718716681504764,3.521191262907393
41.49878239631653,-4.0470769394185275,3.4909939900910154,-3.9591852996928107,3.5163451926090286
41.55266261100769,-4.0470769394185275,3.4909939900910154,-3.9458871010686827,3.5111954198378705
41.60335731506348,-4.0470769394185275,3.4909939900910154,-3.933307188390449,3.506258743941593
41.65439486503601,-4.0470769394185275,3.4909939900910154,-3.9205760747892446,3.5011991715954633
41.7063729763031,-4.0470769394185275,3.4909939900910154,-3.9075425672879627,3.495954025874522
41.7568895816803,-4.0470769394185275,3.4909939900910154,-3.8948104005285202,3.490767061376988
41.80745220184326,-4.0470769394185275,3.4909939900910154,-3.8820027443987373,3.485487208833515
41.85794019699097,-4.0470769394185275,3.4909939900910154,-3.869150607093414,3.480127126987095
41.90875840187073,-4.0470769394185275,3.4909939900910154,-3.8561508535366813,3.474643155401936
41.96079993247986,-3.881480568729208,3.4129871237638425,-3.842772497973808,3.4689347947469256
42.012771129608154,-3.881480568729208,3.4129871237638425,-3.829346344576024,3.4631408570450435
42.06363248825073,-3.881480568729208,3.4129871237638425,-3.816143584291664,3.4573803803197256
42.11539936065674,-3.881480568729208,3.4129871237638425,-3.802641874290261,3.4514256524853253
42.16589832305908,-3.881480568729208,3.4129871237638425,-3.789409160954982,3.4455276404318345
42.21630811691284,-3.881480568729208,3.4129871237638425,-3.77613944862087,3.439552252565296
42.26674199104309,-3.881480568729208,3.4129871237638425,-3.762803446111637,3.4334862403595006
42.31749773025513,-3.881480568729208,3.4129871237638425,-3.7493222022885875,3.4272928902286557
42.3679473400116,-3.881480568729208,3.4129871237638425,-3.7358628987642675,3.42104880089553
42.41843938827515,-3.881480568729208,3.4129871237638425,-3.7223334155564896,3.4147115333775355
42.46905016899109,-3.881480568729208,3.4129871237638425,-3.708713438029659,3.4082711057436574
42.519474506378174,-3.881480568729208,3.4129871237638425,-3.6950856201839075,3.401766547239846
42.569987535476685,-3.881480568729208,3.4129871237638425,-3.6813761832288616,3.3951626417107983
42.62099647521973,-3.881480568729208,3.4129871237638425,-3.6674740218338227,3.3884046418148044
42.672484159469604,-3.6880013593176604,3.3134677747994936,-3.653382572373255,3.3814922769928204
42.723429679870605,-3.6880013593176604,3.3134677747994936,-3.6393817808510738,3.37456280268548
42.773892402648926,-3.6880013593176604,3.3134677747994936,-3.625457486401599,3.367610873417512
42.82454752922058,-3.6880013593176604,3.3134677747994936,-3.611424283714511,3.3605442634514366
42.8752498626709,-3.6880013593176604,3.3134677747994936,-3.5973224223224385,3.353382636681509
42.92598056793213,-3.6880013593176604,3.3134677747994936,-3.583157440236416,3.3461284927783157
42.97980618476868,-3.6880013593176604,3.3134677747994936,-3.5680683705336973,3.3383350408361476
43.03036952018738,-3.6880013593176604,3.3134677747994936,-3.5538380628376682,3.330923233922422
43.080918073654175,-3.6880013593176604,3.3134677747994936,-3.539558351825046,3.323425808706227
43.13135600090027,-3.6880013593176604,3.3134677747994936,-3.525256933962204,3.3158573536066407
43.18195199966431,-3.6880013593176604,3.3134677747994936,-3.510857970889301,3.3081774745873576
43.23242688179016,-3.6880013593176604,3.3134677747994936,-3.49644128229966,3.300428504160065
43.282958030700684,-3.6880013593176604,3.3134677747994936,-3.4819567298122083,3.2925834323003143
43.33352851867676,-3.6880013593176604,3.3134677747994936,-3.4674094456474647,3.2846446947575747
43.384029388427734,-3.4840809060479807,3.194306104226501,-3.452831246273351,3.2766295329809085
43.43454027175903,-3.4840809060479807,3.194306104226501,-3.438199662229673,3.2685255236575395
43.48553729057312,-3.4840809060479807,3.194306104226501,-3.4233764641634012,3.260255051750666
43.536410093307495,-3.4840809060479807,3.194306104226501,-3.4085389591377244,3.25191622577573
43.586947202682495,-3.4840809060479807,3.194306104226501,-3.393749942841072,3.243544975621239
43.63828992843628,-3.4840809060479807,3.194306104226501,-3.3786751793306946,3.234951096141748
43.689138650894165,-3.4840809060479807,3.194306104226501,-3.363696238961217,3.2263513842773373
43.740004539489746,-3.4840809060479807,3.194306104226501,-3.348663676606838,3.2176607095089036
43.79071831703186,-3.4840809060479807,3.194306104226501,-3.333628152518988,3.20890842247784
43.84114193916321,-3.4840809060479807,3.194306104226501,-3.318631654361929,3.2001195704840986
43.89206671714783,-3.4840809060479807,3.194306104226501,-3.3034389838331286,3.1911557662217747
43.94275641441345,-3.4840809060479807,3.194306104226501,-3.28826985829727,3.182146001623354
43.9935998916626,-3.4840809060479807,3.194306104226501,-3.2730084656381555,3.173021458107307
44.04482412338257,-3.2894661397710334,3.067459337058296,-3.2575863961441742,3.1637401114122747
44.09538984298706,-3.2894661397710334,3.067459337058296,-3.2423173625054105,3.154491077660607
44.145894289016724,-3.2894661397710334,3.067459337058296,-3.227022423997227,3.145167063092059
44.19636869430542,-3.2894661397710334,3.067459337058296,-3.211692680964924,3.1357626319026406
44.247119188308716,-3.2894661397710334,3.067459337058296,-3.1962352795696267,3.1262202161338752
44.2977089881897,-3.2894661397710334,3.067459337058296,-3.180783547435454,3.1166217494536523
44.34916138648987,-3.2894661397710334,3.067459337058296,-3.165024490801816,3.106771384573401
44.40004372596741,-3.2894661397710334,3.067459337058296,-3.1493969910235964,3.0969427559540867
44.45106911659241,-3.2894661397710334,3.067459337058296,-3.133683027957436,3.0869993278957892
44.50279879570007,-3.2894661397710334,3.067459337058296,-3.117709163912788,3.0768296660253873
44.553592681884766,-3.2894661397710334,3.067459337058296,-3.1019825939017345,3.0667569104894836
44.60479998588562,-3.2894661397710334,3.067459337058296,-3.0860866851932567,3.056514967182628
44.65620970726013,-3.2894661397710334,3.067459337058296,-3.070086654688495,3.0461445848418007
44.70694661140442,-3.2894661397710334,3.067459337058296,-3.054255920000641,3.035823642933889
44.75912356376648,-3.072402767476095,2.920017700499434,-3.0379347943325734,3.0251205016303007
44.80961608886719,-3.072402767476095,2.920017700499434,-3.0221013696946417,3.0146768420427295
44.86008024215698,-3.072402767476095,2.920017700499434,-3.006238774566067,3.004154615521115
44.91147565841675,-3.072402767476095,2.920017700499434,-2.9900447965759085,2.9933515844952336
44.963032722473145,-3.072402767476095,2.920017700499434,-2.9737611640622785,2.982426883236626
45.013920307159424,-3.072402767476095,2.920017700499434,-2.957651412470405,2.9715580547508536
45.065340995788574,-3.072402767476095,2.920017700499434,-2.941335454392373,2.960488735454079
45.116360664367676,-3.072402767476095,2.920017700499434,-2.925110011706847,2.949419825712461
45.168339252471924,-3.072402767476095,2.920017700499434,-2.9085424670176807,2.9380550176481424
45.219505310058594,-3.072402767476095,2.920017700499434,-2.8921977652794144,2.9267814103750625
45.27196145057678,-3.072402767476095,2.920017700499434,-2.875404222365213,2.9151346711555366
45.32366967201233,-3.072402767476095,2.920017700499434,-2.8588142118183026,2.9035660787468798
45.37433123588562,-3.072402767476095,2.920017700499434,-2.842525901333662,2.8921471624067183
45.42505598068237,-3.072402767476095,2.920017700499434,-2.8261839141296736,2.8806303792238377
45.47582387924194,-2.8486677913699587,2.755469343937608,-2.809795055388307,2.869020172289937
45.526522397994995,-2.8486677913699587,2.755469343937608,-2.793396136358713,2.8573425031908126
45.5786919593811,-2.8486677913699587,2.755469343937608,-2.7764880163576455,2.8452392420352606
45.63020634651184,-2.8486677913699587,2.755469343937608,-2.7597595002081583,2.833201806694213
45.68144083023071,-2.8486677913699587,2.755469343937608,-2.7430900900467226,2.821145019823081
45.73320150375366,-2.8486677913699587,2.755469343937608,-2.726217772254174,2.8088787542162006
45.783976793289185,-2.8486677913699587,2.755469343937608,-2.709636160923772,2.796762534992615
45.83514642715454,-2.8486677913699587,2.755469343937608,-2.6928956829383908,2.78446876191016
45.88573884963989,-2.8486677913699587,2.755469343937608,-2.676314811083607,2.772231481274077
45.93736243247986,-2.8486677913699587,2.755469343937608,-2.6593665069496604,2.759660735708245
45.98799228668213,-2.8486677913699587,2.755469343937608,-2.6427159857967264,2.747249695236641
46.03884673118591,-2.8486677913699587,2.755469343937608,-2.6259636940609683,2.734701768363032
46.089961528778076,-2.8486677913699587,2.755469343937608,-2.609097918614224,2.7220071481732835
46.1404983997345,-2.8486677913699587,2.755469343937608,-2.5923959758608635,2.709374982021521
46.19113492965698,-2.6182000283655578,2.5728295815798226,-2.575634770521052,2.6966372422283342
46.24189782142639,-2.6182000283655578,2.5728295815798226,-2.558805747805875,2.6837868654418386
46.29258394241333,-2.6182000283655578,2.5728295815798226,-2.5419766733263796,2.6708753520753583
46.34321165084839,-2.6182000283655578,2.5728295815798226,-2.525142013335464,2.6578985464606966
46.39395833015442,-2.6182000283655578,2.5728295815798226,-2.5082432007927515,2.6448110396434066
46.445026874542236,-2.6182000283655578,2.5728295815798226,-2.4912128173294836,2.6315596643255486
46.49565887451172,-2.6182000283655578,2.5728295815798226,-2.474304322942097,2.6183416930820176
46.54631280899048,-2.6182000283655578,2.5728295815798226,-2.4573653607986614,2.605038623797925
46.59677767753601,-2.6182000283655578,2.5728295815798226,-2.440467061846417,2.5917064719450598
46.64728331565857,-2.6182000283655578,2.5728295815798226,-2.4235330206243018,2.5782850757106837
46.698490858078,-2.6182000283655578,2.5728295815798226,-2.4063415432760564,2.5645972240155777
46.749502420425415,-2.6182000283655578,2.5728295815798226,-2.3891942110903313,2.550881958685456
46.800153493881226,-2.6182000283655578,2.5728295815798226,-2.3721471407310784,2.537185033917585
46.85072350502014,-2.6182000283655578,2.5728295815798226,-2.3551070215248613,2.5234321353583593
46.90113925933838,-2.382251667039232,2.3740591743081088,-2.3380991144307948,2.509643933639155
46.95199513435364,-2.382251667039232,2.3740591743081088,-2.3209231972934488,2.4956574408350805
47.00242471694946,-2.382251667039232,2.3740591743081088,-2.3038723391856366,2.4817111351857895
47.055091381073,-2.382251667039232,2.3740591743081088,-2.2860454815633,2.467064502498283
47.10574984550476,-2.382251667039232,2.3740591743081088,-2.2688799345453528,2.452897869578705
47.15645098686218,-2.382251667039232,2.3740591743081088,-2.251682294581455,2.4386424873410237
47.206881523132324,-2.382251667039232,2.3740591743081088,-2.234559400936897,2.424387192882937
47.25763130187988,-2.382251667039232,2.3740591743081088,-2.2173114152327895,2.409965382869574
47.30819249153137,-2.382251667039232,2.3740591743081088,-2.200111324392057,2.395521317260771
47.358871936798096,-2.382251667039232,2.3740591743081088,-2.1828552381389192,2.3809677410336976
47.4092583656311,-2.382251667039232,2.3740591743081088,-2.1656837286890527,2.366423394302538
47.45974826812744,-2.382251667039232,2.3740591743081088,-2.148462213906476,2.3517744968939334
47.51053214073181,-2.382251667039232,2.3740591743081088,-2.1311260023402427,2.336965146544033
47.561274766922,-2.382251667039232,2.3740591743081088,-2.1137898806815096,2.3220927905866064
47.6127815246582,-2.1408067197687255,2.1562615040177673,-2.096178866679818,2.3069200306548074
47.66337609291077,-2.1408067197687255,2.1562615040177673,-2.078866645864758,2.2919412637239875
47.71374154090881,-2.1408067197687255,2.1562615040177673,-2.061620385521623,2.2769570393836833
47.76485347747803,-2.1408067197687255,2.1562615040177673,-2.0441062860704404,2.261676235629472
47.81641459465027,-2.1408067197687255,2.1562615040177673,-2.0264262678516025,2.2461853847161737
47.867177963256836,-2.1408067197687255,2.1562615040177673,-2.009008484734111,2.23086014791133
47.917839765548706,-2.1408067197687255,2.1562615040177673,-1.9916148250946126,2.215492583625835
47.968385457992554,-2.1408067197687255,2.1562615040177673,-1.974250806762492,2.2000878436933853
48.01870012283325,-2.1408067197687255,2.1562615040177673,-1.9569564629787446,2.1846819653628913
48.0697283744812,-2.1408067197687255,2.1562615040177673,-1.9394074270854365,2.1689849607117644
48.1209716796875,-2.1408067197687255,2.1562615040177673,-1.9217753584528918,2.1531484801452225
48.17164349555969,-2.1408067197687255,2.1562615040177673,-1.9043314509135183,2.1374166468831186
48.22224545478821,-2.1408067197687255,2.1562615040177673,-1.8869036331305735,2.1216353673026402
48.273078203201294,-1.9208206030339938,1.948427700250475,-1.869388779327694,2.105710824755069
48.32356810569763,-1.9208206030339938,1.948427700250475,-1.8519850184193771,2.089823244549941
48.374154567718506,-1.9208206030339938,1.948427700250475,-1.834541392260628,2.073835162151215
48.424647092819214,-1.9208206030339938,1.948427700250475,-1.8171240391122425,2.057807067659988
48.47549366950989,-1.9208206030339938,1.948427700250475,-1.7995788336078302,2.0415965080165477
48.525928020477295,-1.9208206030339938,1.948427700250475,-1.782170648947599,2.0254481957474413
48.57663655281067,-1.9208206030339938,1.948427700250475,-1.7646630352203208,2.0091429347311243
48.627273082733154,-1.9208206030339938,1.948427700250475,-1.747175938773738,1.9927919248194899
48.678019762039185,-1.9208206030339938,1.948427700250475,-1.729646902734154,1.976336571796398
48.7286274433136,-1.9208206030339938,1.948427700250475,-1.7121624427060596,1.9598580271530823
48.781588077545166,-1.9208206030339938,1.948427700250475,-1.6938618743620104,1.9425406626208557
48.833136558532715,-1.9208206030339938,1.948427700250475,-1.6760466294842795,1.925614009852066
48.88552141189575,-1.9208206030339938,1.948427700250475,-1.6579401508306648,1.9083412649510372
48.93611812591553,-1.9208206030339938,1.948427700250475,-1.6404501064168857,1.891590054721548
48.98663306236267,-1.6996425999970526,1.7235989100202154,-1.6229871894524093,1.874799513600899
49.03704881668091,-1.6996425999970526,1.7235989100202154,-1.605557865983802,1.8579760954757314
49.08757925033569,-1.6996425999970526,1.7235989100202154,-1.5880886447881735,1.8410487207307715
49.13814067840576,-1.6996425999970526,1.7235989100202154,-1.5706089000945473,1.824045456796381
49.190088510513306,-1.6996425999970526,1.7235989100202154,-1.5526505239513126,1.8065080505269282
49.24143671989441,-1.6996425999970526,1.7235989100202154,-1.5349005680681111,1.7891057729757782
49.291855573654175,-1.6996425999970526,1.7235989100202154,-1.5174734142628932,1.7719536849759268
49.34238290786743,-1.6996425999970526,1.7235989100202154,-1.500010742429807,1.7547006281215045
49.39297413825989,-1.6996425999970526,1.7235989100202154,-1.4825284129134324,1.7373618262218764
49.44370985031128,-1.6996425999970526,1.7235989100202154,-1.4649990375422808,1.7199095977879562
49.49445939064026,-1.6996425999970526,1.7235989100202154,-1.4474682158352326,1.702388921644625
49.545087575912476,-1.6996425999970526,1.7235989100202154,-1.429983077395835,1.6848470069691226
49.595730781555176,-1.6996425999970526,1.7235989100202154,-1.4124969526949749,1.667237138529984
49.64646291732788,-1.6996425999970526,1.7235989100202154,-1.394984777000074,1.6495337636526046
49.69690775871277,-1.4653624120128557,1.4796167718154927,-1.3775768289857862,1.6318688750908983
49.747387170791626,-1.4653624120128557,1.4796167718154927,-1.3601624340572906,1.6141305659924217
49.797855615615845,-1.4653624120128557,1.4796167718154927,-1.342757739695319,1.5963351373260808
49.84836673736572,-1.4653624120128557,1.4796167718154927,-1.3253446855125102,1.5784639609422575
49.898841857910156,-1.4653624120128557,1.4796167718154927,-1.3079508289349495,1.5605452078713298
49.9493088722229,-1.4653624120128557,1.4796167718154927,-1.2905669802863429,1.542569402285359
49.99985671043396,-1.4653624120128557,1.4796167718154927,-1.273162954580986,1.524505089310722
50.051859617233276,-1.4653624120128557,1.4796167718154927,-1.2552663962876904,1.5058587775094998
50.10272216796875,-1.4653624120128557,1.4796167718154927,-1.2377710322242095,1.48756089631341
50.153313636779785,-1.4653624120128557,1.4796167718154927,-1.2203779309032599,1.4693015887428067
50.20389175415039,-1.4653624120128557,1.4796167718154927,-1.2029988414088422,1.4509886924673219
50.25448441505432,-1.4653624120128557,1.4796167718154927,-1.1856246092072973,1.4326124670508058
50.305137157440186,-1.4653624120128557,1.4796167718154927,-1.1682400480054058,1.4141566080180037
50.35616612434387,-1.4653624120128557,1.4796167718154927,-1.1507372233974218,1.3955055479555911
50.40731120109558,-1.2203135518670656,1.212537375336529,-1.1332059512309007,1.3767538933107524
50.45843529701233,-1.2203135518670656,1.212537375336529,-1.1156936948431606,1.3579521249786477
50.509047985076904,-1.2203135518670656,1.212537375336529,-1.098368694571621,1.3392818816453742
50.55949282646179,-1.2203135518670656,1.212537375336529,-1.0811135294999725,1.3206179363670336
50.61033868789673,-1.2203135518670656,1.212537375336529,-1.0637341261250068,1.301749806430453
50.66133713722229,-1.2203135518670656,1.212537375336529,-1.0463160425563824,1.2827691507307943
50.71218800544739,-1.2203135518670656,1.212537375336529,-1.0289622307595168,1.2637880631205416
50.76297569274902,-1.2203135518670656,1.212537375336529,-1.0116442287603657,1.2447757686991554
50.8134651184082,-1.2203135518670656,1.212537375336529,-0.9944424654633544,1.2258212353530207
50.863892555236816,-1.2203135518670656,1.212537375336529,-0.9772767040988994,1.206836719518836
50.91431522369385,-1.2203135518670656,1.212537375336529,-0.9601278515115752,1.1878011665582076
50.96462893486023,-1.2203135518670656,1.212537375336529,-0.9430317026232715,1.1687544700056176
51.01504135131836,-1.2203135518670656,1.212537375336529,-0.9259181022525387,1.1496184172791821
51.06545948982239,-1.2203135518670656,1.212537375336529,-0.9088190765781268,1.1304285283466806
51.11605978012085,-0.9797500557357293,0.9258548287798276,-0.8916752958957446,1.111117752917273
51.16656303405762,-0.9797500557357293,0.9258548287798276,-0.8745818061188033,1.0917929006310132
51.21766185760498,-0.9797500557357293,0.9258548287798276,-0.8573048639861334,1.0721885915116132
51.26901054382324,-0.9797500557357293,0.9258548287798276,-0.8399622334983026,1.0524365846821837
51.32008504867554,-0.9797500557357293,0.9258548287798276,-0.8227313174588446,1.0327389102534394
51.37102913856506,-0.9797500557357293,0.9258548287798276,-0.8055638068998472,1.0130411399668195
51.4215452671051,-0.9797500557357293,0.9258548287798276,-0.7885600639325807,0.9934595520684169
51.47232913970947,-0.9797500557357293,0.9258548287798276,-0.7714862313364277,0.9737251116787051
51.52363109588623,-0.9797500557357293,0.9258548287798276,-0.7542590282116226,0.9537398110760571
51.57447838783264,-0.9797500557357293,0.9258548287798276,-0.7372055559656836,0.9338829205208485
51.62564420700073,-0.9797500557357293,0.9258548287798276,-0.7200668283233043,0.9138531099735026
51.67629814147949,-0.9797500557357293,0.9258548287798276,-0.7031212898243107,0.893976149982965
51.72698760032654,-0.9797500557357293,0.9258548287798276,-0.6861859116187685,0.8740383184411324
51.77784752845764,-0.9797500557357293,0.9258548287798276,-0.6692161482178132,0.8539866691209137
51.828638553619385,-0.7552199061284035,0.6520166743178543,-0.6522923396160847,0.8339158553242616
51.881654262542725,-0.7552199061284035,0.6520166743178543,-0.634652171134646,0.8129169974457686
51.93216276168823,-0.7552199061284035,0.6520166743178543,-0.6178703229838343,0.7928651613188824
51.98271727561951,-0.7552199061284035,0.6520166743178543,-0.6010971203340243,0.7727504841316444
52.03320002555847,-0.7552199061284035,0.6520166743178543,-0.5843720145457985,0.7526202812032108
52.08371829986572,-0.7552199061284035,0.6520166743178543,-0.5676598259036609,0.7324322393629994
52.134358644485474,-0.7552199061284035,0.6520166743178543,-0.5509324313569586,0.7121519931621263
52.184885025024414,-0.7552199061284035,0.6520166743178543,-0.5342681932887077,0.6918744834806643
52.23544096946716,-0.7552199061284035,0.6520166743178543,-0.5176200992493958,0.6715426430733631
52.285964012145996,-0.7552199061284035,0.6520166743178543,-0.5010091036422164,0.651182025194442
52.33840203285217,-0.7552199061284035,0.6520166743178543,-0.4837966803006313,0.630005723281879
52.389389753341675,-0.7552199061284035,0.6520166743178543,-0.46708823541689126,0.6093726231087615
52.44012093544006,-0.7552199061284035,0.6520166743178543,-0.4504915789098147,0.5888022108364463
52.49117565155029,-0.7552199061284035,0.6520166743178543,-0.4338173872304929,0.5680596423611004
52.54193139076233,-0.5306321747318986,0.3673966165437221,-0.4172693769229876,0.5473982453448307
52.59267210960388,-0.5306321747318986,0.3673966165437221,-0.4007550893183205,0.526703244431109
52.64354968070984,-0.5306321747318986,0.3673966165437221,-0.3842255837886359,0.5059129993853273
52.6942195892334,-0.5306321747318986,0.3673966165437221,-0.36779310904615325,0.48516881694484093
52.745044231414795,-0.5306321747318986,0.3673966165437221,-0.3513404730527112,0.46432284066990204
52.79630136489868,-0.5306321747318986,0.3673966165437221,-0.3347786698803952,0.44326093455453597
52.84980607032776,-0.5306321747318986,0.3673966165437221,-0.31752410196392455,0.4212346974674206
52.900784492492676,-0.5306321747318986,0.3673966165437221,-0.30111641382742915,0.40021017067648
52.95157337188721,-0.5306321747318986,0.3673966165437221,-0.28480134766978304,0.37922712861494334
53.00230860710144,-0.5306321747318986,0.3673966165437221,-0.2685353952690095,0.3582301429827994
53.05300998687744,-0.5306321747318986,0.3673966165437221,-0.252312500915548,0.3372115712618735
53.103562116622925,-0.5306321747318986,0.3673966165437221,-0.23616978044943915,0.31621989585616905
53.154083490371704,-0.5306321747318986,0.3673966165437221,-0.22006958690622014,0.2952065508535724
53.206031799316406,-0.5306321747318986,0.3673966165437221,-0.20354913206790126,0.27356427430594277
53.25768995285034,-0.3102624580814467,0.06515164612277999,-0.18715599997740817,0.2520077439705466
53.30832290649414,-0.3102624580814467,0.06515164612277999,-0.17112249146168512,0.23084548956996742
53.35876679420471,-0.3102624580814467,0.06515164612277999,-0.15518296777950802,0.2097297053105911
53.409180879592896,-0.3102624580814467,0.06515164612277999,-0.13928723726566616,0.18859439063443761
53.45965075492859,-0.3102624580814467,0.06515164612277999,-0.12340869276001065,0.16740409435585946
53.510366916656494,-0.3102624580814467,0.06515164612277999,-0.10748806988656634,0.1460790128787921
53.56114411354065,-0.3102624580814467,0.06515164612277999,-0.09158420083327368,0.12469722163882291
53.61221885681152,-0.3102624580814467,0.06515164612277999,-0.07562374930049565,0.10315927270293956
53.66260004043579,-0.3102624580814467,0.06515164612277999,-0.05991635508073401,0.08188393408598338
53.713284730911255,-0.3102624580814467,0.06515164612277999,-0.044151090327999576,0.060450971924193686
53.76536798477173,-0.3102624580814467,0.06515164612277999,-0.027989579415636623,0.03839631585725156
53.815887212753296,-0.3102624580814467,0.06515164612277999,-0.012351288509299785,0.01697509756031157
53.866655111312866,-0.3102624580814467,0.06515164612277999,0.00332603010247956,-0.004579704473142376
53.91722750663757,-0.3102624580814467,0.06515164612277999,0.018904810598069588,-0.026079077043423826
53.96793723106384,-0.10969788295051872,-0.22287696666398918,0.03448730425570812,-0.047663991637208136
54.018681049346924,-0.10969788295051872,-0.22287696666398918,0.050041249825407697,-0.06929016632809581
54.06921577453613,-0.10969788295051872,-0.22287696666398918,0.06549196868419305,-0.09085334546428658
54.119863748550415,-0.10969788295051872,-0.22287696666398918,0.08093778893925352,-0.1124905213918006
54.17043876647949,-0.10969788295051872,-0.22287696666398918,0.09632154237378421,-0.13412169990200518
54.220969438552856,-0.10969788295051872,-0.22287696666398918,0.11165173707419074,-0.1557585533511432
54.27154302597046,-0.10969788295051872,-0.22287696666398918,0.1269545169343833,-0.1774379672098565
54.32219743728638,-0.10969788295051872,-0.22287696666398918,0.14224087304173239,-0.19917579986564937
54.37294292449951,-0.10969788295051872,-0.22287696666398918,0.1575133599938927,-0.22097608785513234
54.42359924316406,-0.10969788295051872,-0.22287696666398918,0.17271739972965694,-0.24276091482170314
54.474517822265625,-0.10969788295051872,-0.22287696666398918,0.1879579268288616,-0.2646810408227389
54.52541899681091,-0.10969788295051872,-0.22287696666398918,0.20315060001973162,-0.28661574205751617
54.5765175819397,-0.10969788295051872,-0.22287696666398918,0.21835897896785594,-0.3086572078813501
54.6271858215332,-0.10969788295051872,-0.22287696666398918,0.2333961958216899,-0.33053401414332306
54.677796840667725,0.09607603178667921,-0.5297183230008985,0.24837328599255848,-0.3524064717584161
54.72837424278259,0.09607603178667921,-0.5297183230008985,0.2632970331359985,-0.3742842385493952
54.779213190078735,0.09607603178667921,-0.5297183230008985,0.2782539178775383,-0.3962946310568489
54.829943895339966,0.09607603178667921,-0.5297183230008985,0.29313463244536697,-0.4182771463014361
54.880624771118164,0.09607603178667921,-0.5297183230008985,0.3079562035033727,-0.44025651262512566
54.93123912811279,0.09607603178667921,-0.5297183230008985,0.32271359209516515,-0.4622249355734471
54.98177218437195,0.09607603178667921,-0.5297183230008985,0.3374023757584874,-0.48417542900547383
55.03243851661682,0.09607603178667921,-0.5297183230008985,0.3520845500606802,-0.506200733066106
55.08294320106506,0.09607603178667921,-0.5297183230008985,0.3666743849966734,-0.528172133366553
55.13337445259094,0.09607603178667921,-0.5297183230008985,0.3811973799909727,-0.5501274007869104
55.18401575088501,0.09607603178667921,-0.5297183230008985,0.3957346834355886,-0.5721895175059728
55.234559774398804,0.09607603178667921,-0.5297183230008985,0.4101976205885314,-0.5942241532201626
55.28507208824158,0.09607603178667921,-0.5297183230008985,0.42460483297244345,-0.6162593381694352
55.335514545440674,0.2787783149597253,-0.8222125383350338,0.4389452864003176,-0.6382778932305486
55.38626527786255,0.2787783149597253,-0.8222125383350338,0.4533258529925672,-0.6604444739973911
55.436731576919556,0.2787783149597253,-0.8222125383350338,0.46757825911053974,-0.6824997120836369
55.48719596862793,0.2787783149597253,-0.8222125383350338,0.48178240899433744,-0.7045664721681035
55.53762984275818,0.2787783149597253,-0.8222125383350338,0.4959300087980778,-0.7266317348078324
55.58814740180969,0.2787783149597253,-0.8222125383350338,0.5100527325979929,-0.7487449843251219
55.63867235183716,0.2787783149597253,-0.8222125383350338,0.5241288362998544,-0.7708723545835616
55.689497232437134,0.2787783149597253,-0.8222125383350338,0.5382390894975626,-0.7931415556561843
55.740626096725464,0.2787783149597253,-0.8222125383350338,0.5523834454351118,-0.8155540348921897
55.79126024246216,0.2787783149597253,-0.8222125383350338,0.5663409471224372,-0.8377591116990852
55.84183073043823,0.2787783149597253,-0.8222125383350338,0.5802309639511929,-0.8599451598191681
55.89239811897278,0.2787783149597253,-0.8222125383350338,0.5940699516747783,-0.8821382237645987
55.94401741027832,0.2787783149597253,-0.8222125383350338,0.6081447801951123,-0.9048010606058683
55.99502348899841,0.2787783149597253,-0.8222125383350338,0.6220004843223124,-0.9272022007616958
56.045599699020386,0.4603910959447789,-1.131738641130904,0.6356881795047773,-0.9494214216680601
56.09627938270569,0.4603910959447789,-1.131738641130904,0.6493524317144561,-0.9716924540088321
56.14713716506958,0.4603910959447789,-1.131738641130904,0.6630126616147605,-0.9940476295728577
56.19930124282837,0.4603910959447789,-1.131738641130904,0.6769693175322975,-1.016982578938201
56.250147581100464,0.4603910959447789,-1.131738641130904,0.6905200754596956,-1.0393430628505118
56.300588846206665,0.4603910959447789,-1.131738641130904,0.7039105925844433,-1.0615296775454328
56.35108399391174,0.4603910959447789,-1.131738641130904,0.7172629936147108,-1.083743740978107
56.401893615722656,0.4603910959447789,-1.131738641130904,0.7306453524563703,-1.1060994200230443
56.452590227127075,0.4603910959447789,-1.131738641130904,0.7439445030165825,-1.1284081294773531
56.50316286087036,0.4603910959447789,-1.131738641130904,0.757157687875885,-1.1506645095427046
56.55379557609558,0.4603910959447789,-1.131738641130904,0.770332845092796,-1.1729490434909529
56.60438370704651,0.4603910959447789,-1.131738641130904,0.7834424645538336,-1.1952151521258416
56.655062437057495,0.4603910959447789,-1.131738641130904,0.7965212554680807,-1.2175218209983927
56.70697498321533,0.4603910959447789,-1.131738641130904,0.8098618453754192,-1.2403717329160395
56.757643699645996,0.6386559361119788,-1.43546376702878,0.82282728960831,-1.2626737945970863
56.80858826637268,0.6386559361119788,-1.43546376702878,0.8358077928213974,-1.2850963826427204
56.85938882827759,0.6386559361119788,-1.43546376702878,0.8486959179611384,-1.3074541762816838
56.91021227836609,0.6386559361119788,-1.43546376702878,0.8615339630217418,-1.3298201076101825
56.96146106719971,0.6386559361119788,-1.43546376702878,0.8744226024240931,-1.3523707255363455
57.012152910232544,0.6386559361119788,-1.43546376702878,0.8871147800017156,-1.3746732865682403
57.063149213790894,0.6386559361119788,-1.43546376702878,0.8998263578628967,-1.3971062717567215
57.114118337631226,0.6386559361119788,-1.43546376702878,0.9124739704357747,-1.4195232364725217
57.164761543273926,0.6386559361119788,-1.43546376702878,0.9249838498552287,-1.44179230917506
57.215508699417114,0.6386559361119788,-1.43546376702878,0.9374623272454958,-1.4641020201452282
57.2686653137207,0.6386559361119788,-1.43546376702878,0.9504717596730217,-1.4874649745950377
57.31948280334473,0.6386559361119788,-1.43546376702878,0.9628496340386394,-1.5097935563239258
57.370879888534546,0.6386559361119788,-1.43546376702878,0.9753097032775484,-1.5323699951329628
57.42235541343689,0.6386559361119788,-1.43546376702878,0.9877291091122178,-1.5549734798637918
57.473071813583374,0.7980229740173584,-1.727188095068244,0.9999067303231555,-1.5772358397176092
57.52419686317444,0.7980229740173584,-1.727188095068244,1.0121233511662275,-1.5996692242056003
57.5747184753418,0.7980229740173584,-1.727188095068244,1.0241372508187199,-1.6218290584999884
57.62520360946655,0.7980229740173584,-1.727188095068244,1.0360841500671483,-1.64396366882594
57.675928354263306,0.7980229740173584,-1.727188095068244,1.0480288216309255,-1.6661935247612552
57.727091550827026,0.7980229740173584,-1.727188095068244,1.060016691744579,-1.6886050369976773
57.7802038192749,0.7980229740173584,-1.727188095068244,1.0723972200025522,-1.7118585960462176
57.831273317337036,0.7980229740173584,-1.727188095068244,1.0842398567418314,-1.7342059734745265
57.88291382789612,0.7980229740173584,-1.727188095068244,1.096153166232145,-1.7567908824947356
57.93610906600952,0.7980229740173584,-1.727188095068244,1.108360009190683,-1.7800421946800098
57.98708915710449,0.7980229740173584,-1.727188095068244,1.1199962964493222,-1.8023118150637023
58.03787684440613,0.7980229740173584,-1.727188095068244,1.1315278949002012,-1.8244837456489709
58.0894775390625,0.7980229740173584,-1.727188095068244,1.1431817690927177,-1.8469961139793436
58.140169620513916,0.7980229740173584,-1.727188095068244,1.1545690746851787,-1.8690973173507641
58.19126057624817,0.9389127183218564,-2.02339751786773,1.1659842541068945,-1.8913570924568348
58.24253535270691,0.9389127183218564,-2.02339751786773,1.177378007821623,-1.913680939625062
58.29398560523987,0.9389127183218564,-2.02339751786773,1.1887476316710448,-1.9360645104670708
58.34488224983215,0.9389127183218564,-2.02339751786773,1.199932517663409,-1.95819026014268
58.39564371109009,0.9389127183218564,-2.02339751786773,1.2110256985819035,-1.980239898156129
58.447019815444946,0.9389127183218564,-2.02339751786773,1.2221899735784494,-2.0025383456071784
58.49827766418457,0.9389127183218564,-2.02339751786773,1.2332649810503487,-2.0247667006496837
58.55048871040344,0.9389127183218564,-2.02339751786773,1.244480475759875,-2.047388583375936
58.601146936416626,0.9389127183218564,-2.02339751786773,1.2552990816046043,-2.0693179914623503
58.65239429473877,0.9389127183218564,-2.02339751786773,1.2661798656381598,-2.0914821729997817
58.7034227848053,0.9389127183218564,-2.02339751786773,1.2769504130395632,-2.1135309163676492
58.754499197006226,0.9389127183218564,-2.02339751786773,1.2876671862126448,-2.135579065109188
58.805235624313354,0.9389127183218564,-2.02339751786773,1.2982491771354616,-2.1574588232883953
58.856645584106445,0.9389127183218564,-2.02339751786773,1.308906979502742,-2.179606509257648
58.907395124435425,1.0873447297533492,-2.3348497604226304,1.319363865794747,-2.2014469084116968
58.958187103271484,1.0873447297533492,-2.3348497604226304,1.3297656677826333,-2.2232823858941613
59.00963640213013,1.0873447297533492,-2.3348497604226304,1.3402368242947689,-2.2453762579178482
59.060452938079834,1.0873447297533492,-2.3348497604226304,1.350514570965393,-2.2671739732047005
59.11193108558655,1.0873447297533492,-2.3348497604226304,1.3608604867795828,-2.289230188848374
59.16273736953735,1.0873447297533492,-2.3348497604226304,1.3710064428679618,-2.3109730410972467
59.213324546813965,1.0873447297533492,-2.3348497604226304,1.3810444096038854,-2.3325964327618838
59.2639479637146,1.0873447297533492,-2.3348497604226304,1.3910252598995183,-2.354209128610213
59.31461715698242,1.0873447297533492,-2.3348497604226304,1.4009505763394405,-2.375814614562774
59.36526536941528,1.0873447297533492,-2.3348497604226304,1.4108070956089773,-2.397383883713097
59.41606593132019,1.0873447297533492,-2.3348497604226304,1.4206281593477486,-2.4189901206666953
59.46674942970276,1.0873447297533492,-2.3348497604226304,1.4303614798294517,-2.440518187846206
59.517417907714844,1.0873447297533492,-2.3348497604226304,1.4400267748960696,-2.462011017402495
59.56807851791382,1.0873447297533492,-2.3348497604226304,1.4496253223465672,-2.4834711418141073
59.618571519851685,1.222474141332831,-2.6385151294283045,1.4591270673829153,-2.5048305290364006
59.66929388046265,1.222474141332831,-2.6385151294283045,1.4686064652704691,-2.526256528137674
59.72050452232361,1.222474141332831,-2.6385151294283045,1.4781103830582536,-2.5478573342314403
59.77134418487549,1.222474141332831,-2.6385151294283045,1.4874790019232311,-2.569269872721838
59.82208800315857,1.222474141332831,-2.6385151294283045,1.4967638156710579,-2.5906099372399085
59.87350940704346,1.222474141332831,-2.6385151294283045,1.5061050786752694,-2.612201701002403
59.92398500442505,1.222474141332831,-2.6385151294283045,1.515208293946084,-2.6333632418110313
59.974706411361694,1.222474141332831,-2.6385151294283045,1.5242896299304962,-2.6545943033636803
60.02518558502197,1.222474141332831,-2.6385151294283045,1.5332615883243346,-2.6756900822187113
60.07573175430298,1.222474141332831,-2.6385151294283045,1.5421793654891407,-2.696779471191232
60.12624168395996,1.222474141332831,-2.6385151294283045,1.5510245815359383,-2.717818853813777
60.177374601364136,1.222474141332831,-2.6385151294283045,1.5599114155903049,-2.739081690726662
60.22809386253357,1.222474141332831,-2.6385151294283045,1.5686591827670537,-2.760136168035314
60.279372215270996,1.222474141332831,-2.6385151294283045,1.577435264432608,-2.7813854052727294
60.33008074760437,1.3502856698360792,-2.949617525342471,1.5860463738791577,-2.8023610833162147
60.3809597492218,1.3502856698360792,-2.949617525342471,1.594618922998575,-2.823369345531918
60.431527853012085,1.3502856698360792,-2.949617525342471,1.6030719920109682,-2.8442110753546714
60.48219084739685,1.3502856698360792,-2.949617525342471,1.611473751507229,-2.865053250589776
60.53340196609497,1.3502856698360792,-2.949617525342471,1.6198979890779177,-2.886081065027385
60.584296226501465,1.3502856698360792,-2.949617525342471,1.6282018628355577,-2.906938557128675
60.6353816986084,1.3502856698360792,-2.949617525342471,1.6364684349164635,-2.927833570158683
60.68785572052002,1.3502856698360792,-2.949617525342471,1.6448881593752305,-2.9492533779080405
60.73860287666321,1.3502856698360792,-2.949617525342471,1.6529617556385559,-2.969926159100793
60.79083180427551,1.3502856698360792,-2.949617525342471,1.6612001186022192,-2.991158771257039
60.84178328514099,1.3502856698360792,-2.949617525342471,1.6691675271782545,-3.011828726364994
60.894715309143066,1.3502856698360792,-2.949617525342471,1.6773719097822428,-3.0332562593046952
60.94614553451538,1.3502856698360792,-2.949617525342471,1.6852724486992408,-3.054030512799392
60.99688673019409,1.3502856698360792,-2.949617525342471,1.6929984263617546,-3.0744821371088467
61.047571420669556,1.4678630621234154,-3.2476377652071,1.700647595185313,-3.094866540459654
61.098151206970215,1.4678630621234154,-3.2476377652071,1.7082129115195548,-3.1151639657015737
61.148767709732056,1.4678630621234154,-3.2476377652071,1.7157156326402023,-3.1354308320471316
61.199538469314575,1.4678630621234154,-3.2476377652071,1.7231727345141339,-3.1557134410250716
61.25158667564392,1.4678630621234154,-3.2476377652071,1.7307462046778062,-3.176458006806325
61.30213785171509,1.4678630621234154,-3.2476377652071,1.7380327234149133,-3.1965585138595545
61.35332751274109,1.4678630621234154,-3.2476377652071,1.7453418109795682,-3.2168647923092517
61.40393400192261,1.4678630621234154,-3.2476377652071,1.7524988691359351,-3.2368916452696896
61.45442581176758,1.4678630621234154,-3.2476377652071,1.7595715237085663,-3.2568249665887374
61.50513982772827,1.4678630621234154,-3.2476377652071,1.7666066984620212,-3.276797100742523
61.55596661567688,1.4678630621234154,-3.2476377652071,1.7735884860295137,-3.296763964268309
61.60805106163025,1.4678630621234154,-3.2476377652071,1.7806712913164557,-3.317172764232357
61.659624338150024,1.4678630621234154,-3.2476377652071,1.787612989998765,-3.3373287554071895
61.71075510978699,1.4678630621234154,-3.2476377652071,1.794424760749514,-3.3572597072446095
61.76152992248535,1.557478725756582,-3.5147994133065317,1.801119738319267,-3.3770000680526078
61.812047481536865,1.557478725756582,-3.5147994133065317,1.8077121563643517,-3.3965886556216387
61.86456871032715,1.557478725756582,-3.5147994133065317,1.8144934222601585,-3.4168989183548972
61.91544699668884,1.557478725756582,-3.5147994133065317,1.8209919282939178,-3.4365196128846334
61.96681761741638,1.557478725756582,-3.5147994133065317,1.827482767861798,-3.4562755114180903
62.017573595047,1.557478725756582,-3.5147994133065317,1.833826296207337,-3.4757405939905865
62.06839036941528,1.557478725756582,-3.5147994133065317,1.8401080448936538,-3.4951742889530033
62.11970853805542,1.557478725756582,-3.5147994133065317,1.8463813015350756,-3.5147436805510184
62.17104363441467,1.557478725756582,-3.5147994133065317,1.8525857544840332,-3.5342626696192925
62.221792697906494,1.557478725756582,-3.5147994133065317,1.8586496857771477,-3.5535024413342704
62.27266073226929,1.557478725756582,-3.5147994133065317,1.864658281407017,-3.5727305600819417
62.323554039001465,1.557478725756582,-3.5147994133065317,1.8706001649194048,-3.591910876541377
62.374375104904175,1.557478725756582,-3.5147994133065317,1.8764640374581905,-3.6110062320011913
62.425053119659424,1.557478725756582,-3.5147994133065317,1.8822421621126344,-3.6299899029488305
62.476531744003296,1.640422909580854,-3.767925941995366,1.8880407713729073,-3.6492137503741837
62.52964663505554,1.640422909580854,-3.767925941995366,1.8939488964254028,-3.668985009275181
62.58012533187866,1.640422909580854,-3.767925941995366,1.8994933848463436,-3.6877145958726825
62.63075804710388,1.640422909580854,-3.767925941995366,1.9049858631862915,-3.7064417268434555
62.68124985694885,1.640422909580854,-3.767925941995366,1.9103943149664788,-3.7250568255570773
62.73172307014465,1.640422909580854,-3.767925941995366,1.915732171685326,-3.7436047977628153
62.78224468231201,1.640422909580854,-3.767925941995366,1.9210064647011955,-3.7621097403726136
62.833062410354614,1.640422909580854,-3.767925941995366,1.926242359994074,-3.7806612896418135
62.88352704048157,1.640422909580854,-3.767925941995366,1.9313730948474486,-3.799022078300185
62.93416404724121,1.640422909580854,-3.767925941995366,1.9364524770361877,-3.8173831558203815
62.98478984832764,1.640422909580854,-3.767925941995366,1.9414617779631895,-3.835677189122873
63.03644514083862,1.640422909580854,-3.767925941995366,1.946501895877498,-3.854277844921179
63.08836245536804,1.640422909580854,-3.767925941995366,1.951495290132252,-3.8729058029591013
63.138949155807495,1.711405479892474,-3.9968090860413796,1.9562910185428155,-3.8909912020094115
63.189661264419556,1.711405479892474,-3.9968090860413796,1.9610296211847589,-3.9090564402548234
63.24193048477173,1.711405479892474,-3.9968090860413796,1.9658414348177267,-3.9276077758916306
63.29270100593567,1.711405479892474,-3.9968090860413796,1.9704450554891937,-3.9455600536344595
63.34390068054199,1.711405479892474,-3.9968090860413796,1.975017537404684,-3.9635965977268506
63.394909143447876,1.711405479892474,-3.9968090860413796,1.9795030227301385,-3.9814979273985838
63.44761824607849,1.711405479892474,-3.9968090860413796,1.984064775258111,-3.9999244445549644
63.50191688537598,1.711405479892474,-3.9968090860413796,1.9886862540491939,-4.018829958237464
63.55245757102966,1.711405479892474,-3.9968090860413796,1.9929169409826046,-4.036356620125458
63.60352373123169,1.711405479892474,-3.9968090860413796,1.997122186022962,-4.053996079035856
63.65506911277771,1.711405479892474,-3.9968090860413796,2.0012961665117266,-4.0717298299172775
63.70570659637451,1.711405479892474,-3.9968090860413796,2.005327482792949,-4.089081073164768
63.75690245628357,1.711405479892474,-3.9968090860413796,2.0093336321830915,-4.1065525031770305
63.80744457244873,1.711405479892474,-3.9968090860413796,2.0132200086400323,-4.12373021275566
63.85832357406616,1.7605205737053244,-4.220442855844816,2.017063483127493,-4.140951099965665
63.9089469909668,1.7605205737053244,-4.220442855844816,2.020819188826769,-4.158014016660389
63.9595251083374,1.7605205737053244,-4.220442855844816,2.024503392223608,-4.174990034717123
64.01095128059387,1.7605205737053244,-4.220442855844816,2.0281795954924973,-4.192176831157013
64.06186175346375,1.7605205737053244,-4.220442855844816,2.031749696089015,-4.209117469462459
64.1126434803009,1.7605205737053244,-4.220442855844816,2.035242203653471,-4.225941662799753
64.16317367553711,1.7605205737053244,-4.220442855844816,2.0386495065087247,-4.242609119951083
64.21565580368042,1.7605205737053244,-4.220442855844816,2.0421167885134484,-4.259842442616878
64.26614689826965,1.7605205737053244,-4.220442855844816,2.0453837034670004,-4.276346538680198
64.31713366508484,1.7605205737053244,-4.220442855844816,2.0486142680127264,-4.292937139789601
64.36764788627625,1.7605205737053244,-4.220442855844816,2.0517471611602174,-4.309298715114099
64.4183452129364,1.7605205737053244,-4.220442855844816,2.054823703124401,-4.325643846786762
64.4692211151123,1.7605205737053244,-4.220442855844816,2.057842970494927,-4.341969830927678
64.51964998245239,1.7605205737053244,-4.220442855844816,2.0607684522394063,-4.35807609155567
64.57045578956604,1.8000972234511836,-4.43813118630674,2.0636481702280896,-4.374225527401584
64.62154603004456,1.8000972234511836,-4.43813118630674,2.0664756406261007,-4.390386791065831
64.67229628562927,1.8000972234511836,-4.43813118630674,2.0692165036582413,-4.406362063172723
64.72351956367493,1.8000972234511836,-4.43813118630674,2.0719144892857213,-4.422406524253467
64.77452754974365,1.8000972234511836,-4.43813118630674,2.0745329176930087,-4.4383035467462175
64.82630515098572,1.8000972234511836,-4.43813118630674,2.077121326548162,-4.454358336673868
64.87718319892883,1.8000972234511836,-4.43813118630674,2.079596629122792,-4.4700532123416465
64.92820596694946,1.8000972234511836,-4.43813118630674,2.082011241698602,-4.485711686799957
64.97987794876099,1.8000972234511836,-4.43813118630674,2.084387552053262,-4.50148625440882
65.03054809570312,1.8000972234511836,-4.43813118630674,2.0866504355604696,-4.51687330773423
65.0813581943512,1.8000972234511836,-4.43813118630674,2.0888527001160364,-4.532221239794062
65.13301110267639,1.8000972234511836,-4.43813118630674,2.091022965063214,-4.54773955444862
65.18473291397095,1.8000972234511836,-4.43813118630674,2.093127004481576,-4.56319307919956
65.23568773269653,1.8000972234511836,-4.43813118630674,2.095132317727504,-4.578333369269232
65.28644347190857,1.8450913746838054,-4.662219842463459,2.0970632786163934,-4.593331143997046
65.3381986618042,1.8450913746838054,-4.662219842463459,2.098964017419042,-4.608538155694604
65.39049553871155,1.8450913746838054,-4.662219842463459,2.1008147755761586,-4.623815600711088
65.44158864021301,1.8450913746838054,-4.662219842463459,2.1025552218687995,-4.638654837446127
65.49234914779663,1.8450913746838054,-4.662219842463459,2.1042181875424957,-4.653312365385941
65.54298686981201,1.8450913746838054,-4.662219842463459,2.10581155392476,-4.667849517894837
65.59447050094604,1.8450913746838054,-4.662219842463459,2.1073645145031628,-4.682542158550317
65.64552712440491,1.8450913746838054,-4.662219842463459,2.1088379810015043,-4.697025550714903
65.69643974304199,1.8450913746838054,-4.662219842463459,2.1102413629573467,-4.711381042292494
65.74705290794373,1.8450913746838054,-4.662219842463459,2.1115713620261682,-4.725565550095094
65.79827761650085,1.8450913746838054,-4.662219842463459,2.1128514442141384,-4.73983318995853
65.84927678108215,1.8450913746838054,-4.662219842463459,2.1140600780590018,-4.753949420097022
65.89990973472595,1.8450913746838054,-4.662219842463459,2.1151952051944622,-4.767876459444169
65.95056915283203,1.8450913746838054,-4.662219842463459,2.116266415204855,-4.781722821828172
66.00143909454346,1.8624718197718055,-4.853417731943766,2.117277283877187,-4.795537818388389
66.0520749092102,1.8624718197718055,-4.853417731943766,2.1182191586988566,-4.809200380484722
66.1027524471283,1.8624718197718055,-4.853417731943766,2.1190976774003607,-4.82278507199805
66.15324258804321,1.8624718197718055,-4.853417731943766,2.1199092851948147,-4.836230491015522
66.2040319442749,1.8624718197718055,-4.853417731943766,2.1206617362962596,-4.849665556680103
66.25550818443298,1.8624718197718055,-4.853417731943766,2.1213590508575537,-4.863189803507652
66.3063702583313,1.8624718197718055,-4.853417731943766,2.121983616792188,-4.876460841801755
66.35706686973572,1.8624718197718055,-4.853417731943766,2.1225425715001554,-4.889597488134553
66.40775942802429,1.8624718197718055,-4.853417731943766,2.1230381648011813,-4.90264166361283
66.45822930335999,1.8624718197718055,-4.853417731943766,2.1234688353700357,-4.915537367298558
66.50928783416748,1.8624718197718055,-4.853417731943766,2.123840978373899,-4.928490551847126
66.55996704101562,1.8624718197718055,-4.853417731943766,2.1241473054770257,-4.94125472063461
66.61038208007812,1.8624718197718055,-4.853417731943766,2.124389867408177,-4.953860289283063
66.66077542304993,1.8624718197718055,-4.853417731943766,2.1245705169488356,-4.966368321582376
66.71119666099548,1.8691513589222888,-5.019761223001885,2.124689580009955,-4.97879076672232
66.76227188110352,1.8691513589222888,-5.019761223001885,2.1247474433700453,-4.991279641973126
66.81283664703369,1.8691513589222888,-5.019761223001885,2.1247426894432926,-5.003549477252266
66.86419463157654,1.8691513589222888,-5.019761223001885,2.124674845140544,-5.015915472510632
66.91528034210205,1.8691513589222888,-5.019761223001885,2.1245445319267886,-5.028119262833406
66.96606135368347,1.8691513589222888,-5.019761223001885,2.1243530674089754,-5.040154392088159
67.01652526855469,1.8691513589222888,-5.019761223001885,2.124101804450311,-5.052019342951216
67.06731486320496,1.8691513589222888,-5.019761223001885,2.123787701767394,-5.063864885241902
67.11774897575378,1.8691513589222888,-5.019761223001885,2.123415200521623,-5.075531908851069
67.16813445091248,1.8691513589222888,-5.019761223001885,2.122982937160787,-5.08709221947994
67.21887421607971,1.8691513589222888,-5.019761223001885,2.122487085615908,-5.098637067400842
67.26947951316833,1.8691513589222888,-5.019761223001885,2.1219322094484845,-5.110054292434577
67.32046627998352,1.8691513589222888,-5.019761223001885,2.121312393884463,-5.121459258920172
67.37223434448242,1.8691513589222888,-5.019761223001885,2.1206208799549686,-5.132937682435785
67.42305159568787,1.8754458166744632,-5.173735655399415,2.119881300748099,-5.144105674968382
67.47401309013367,1.8754458166744632,-5.173735655399415,2.1190793547604647,-5.155205938457295
67.52647113800049,1.8754458166744632,-5.173735655399415,2.118191024662388,-5.1665278408294215
67.57756924629211,1.8754458166744632,-5.173735655399415,2.117264638830277,-5.177454139194983
67.62927007675171,1.8754458166744632,-5.173735655399415,2.116266176581307,-5.18840645021961
67.6802613735199,1.8754458166744632,-5.173735655399415,2.115221370777539,-5.19910678647835
67.73101377487183,1.8754458166744632,-5.173735655399415,2.1141224465499993,-5.209656425720852
67.78155088424683,1.8754458166744632,-5.173735655399415,2.1129698813127042,-5.220061319016422
67.83210158348083,1.8754458166744632,-5.173735655399415,2.1117590027140234,-5.230368889624199
67.88263726234436,1.8754458166744632,-5.173735655399415,2.1104906985804543,-5.240573012138404
67.9336986541748,1.8754458166744632,-5.173735655399415,2.109150724580874,-5.2507810449000685
67.98445153236389,1.8754458166744632,-5.173735655399415,2.1077608064219486,-5.260825263653874
68.0356752872467,1.8754458166744632,-5.173735655399415,2.1062995320619358,-5.270859123686043
68.08691096305847,1.8754458166744632,-5.173735655399415,2.1047793807950863,-5.280790959263493
68.13814949989319,1.8754458166744632,-5.173735655399415,2.103200812858901,-5.290618672568054
68.18897199630737,1.861866462696132,-5.3097968166102945,2.1015776527311587,-5.3002628900112345
68.24003267288208,1.861866462696132,-5.3097968166102945,2.099889524669486,-5.309848014927162
68.29063844680786,1.861866462696132,-5.3097968166102945,2.098159922742166,-5.319244322983675
68.34160304069519,1.861866462696132,-5.3097968166102945,2.0963614152845182,-5.328602917459887
68.39208221435547,1.861866462696132,-5.3097968166102945,2.0945242226123444,-5.337768884735806
68.44253349304199,1.861866462696132,-5.3097968166102945,2.092632760005582,-5.346826607413035
68.492924451828,1.861866462696132,-5.3097968166102945,2.0906886053598237,-5.355770268274741
68.54333829879761,1.861866462696132,-5.3097968166102945,2.0886888283640896,-5.364614486648655
68.59371852874756,1.861866462696132,-5.3097968166102945,2.0866359078530134,-5.373349121463054
68.64414644241333,1.861866462696132,-5.3097968166102945,2.0845267298499435,-5.381987965449772
68.69509053230286,1.861866462696132,-5.3097968166102945,2.0823410126872925,-5.390609262951117
68.74566268920898,1.861866462696132,-5.3097968166102945,2.0801168547863202,-5.399062010651422
68.79608464241028,1.861866462696132,-5.3097968166102945,2.077845572708236,-5.407384646947303
68.84656858444214,1.861866462696132,-5.3097968166102945,2.0755179775643082,-5.415612221021707
68.89732074737549,1.837694401974307,-5.421122892318199,2.0731242668797676,-5.4237770573731146
68.94820141792297,1.837694401974307,-5.421122892318199,2.070670634679193,-5.431855178243984
68.99964094161987,1.837694401974307,-5.421122892318199,2.0681354754326895,-5.439912468485569
69.05016613006592,1.837694401974307,-5.421122892318199,2.065592196540943,-5.447719058337497
69.10052299499512,1.837694401974307,-5.421122892318199,2.0630051847846307,-5.455393414361559
69.15143585205078,1.837694401974307,-5.421122892318199,2.0603368651497664,-5.463044451611866
69.20193481445312,1.837694401974307,-5.421122892318199,2.0576380884835004,-5.4705257307203246
69.25234746932983,1.837694401974307,-5.421122892318199,2.0548923611499186,-5.477887146090346
69.3028633594513,1.837694401974307,-5.421122892318199,2.052089575014569,-5.485156092217251
69.35332441329956,1.837694401974307,-5.421122892318199,2.049238668940541,-5.492309442415323
69.40377998352051,1.837694401974307,-5.421122892318199,2.0463371900733724,-5.49935416197688
69.4544472694397,1.837694401974307,-5.421122892318199,2.043372582671815,-5.506319691421583
69.50483536720276,1.837694401974307,-5.421122892318199,2.040373918344219,-5.513138541075774
69.55537009239197,1.837694401974307,-5.421122892318199,2.037316303482848,-5.519868545286448
69.6060438156128,1.8082676194777876,-5.5083790634370065,2.034200024421524,-5.526507549305013
69.65660333633423,1.8082676194777876,-5.5083790634370065,2.031040867566265,-5.533022086529085
69.70728397369385,1.8082676194777876,-5.5083790634370065,2.027824373420935,-5.539442243629657
69.75793313980103,1.8082676194777876,-5.5083790634370065,2.024560349785575,-5.5457481901376084
69.80878925323486,1.8082676194777876,-5.5083790634370065,2.0212334334077044,-5.551968828190214
69.85986804962158,1.8082676194777876,-5.5083790634370065,2.0178422288590117,-5.558104464225804
69.91120266914368,1.8082676194777876,-5.5083790634370065,2.014384103933842,-5.564157289991535
69.9619369506836,1.8082676194777876,-5.5083790634370065,2.0109174999830763,-5.570027293450242
70.01281404495239,1.8082676194777876,-5.5083790634370065,2.0073925655450435,-5.575801772826502
70.06411290168762,1.8082676194777876,-5.5083790634370065,2.0037894338070146,-5.581510318388854
70.115962266922,1.8082676194777876,-5.5083790634370065,2.00009794233251,-5.587163803733672
70.16638326644897,1.8082676194777876,-5.5083790634370065,1.996460502758325,-5.592549199613378
70.21882939338684,1.8082676194777876,-5.5083790634370065,1.9926274084499216,-5.598033158292301
70.27319240570068,1.8082676194777876,-5.5083790634370065,1.9886011911969284,-5.603590620776439
70.32470703125,1.770659641322121,-5.571624599089806,1.9847364207101146,-5.60873746337314
70.3755373954773,1.770659641322121,-5.571624599089806,1.980876046736861,-5.613701840828432
70.42601680755615,1.770659641322121,-5.571624599089806,1.9769964560144595,-5.6185196003579065
70.47672152519226,1.770659641322121,-5.571624599089806,1.9730538050842752,-5.62324598707082
70.5273642539978,1.770659641322121,-5.571624599089806,1.9690704864299173,-5.627853505797482
70.57818460464478,1.770659641322121,-5.571624599089806,1.965027774912591,-5.632363400488563
70.62957739830017,1.770659641322121,-5.571624599089806,1.96089353804035,-5.636808008800086
70.68028521537781,1.770659641322121,-5.571624599089806,1.9567693604933187,-5.641078800989044
70.73286414146423,1.770659641322121,-5.571624599089806,1.9524460547800442,-5.645386827676444
70.78399872779846,1.770659641322121,-5.571624599089806,1.9481959585790665,-5.649458814241333
70.83450365066528,1.770659641322121,-5.571624599089806,1.9439543923087916,-5.653366577780712
70.88492941856384,1.770659641322121,-5.571624599089806,1.9396763227072933,-5.657154958551533
70.9354293346405,1.770659641322121,-5.571624599089806,1.9353490308416348,-5.660835343640333
70.98595333099365,1.770659641322121,-5.571624599089806,1.9309769638975671,-5.664403607934103
71.03641414642334,1.721807166965497,-5.6118447067024,1.9265680054207581,-5.667853578850469
71.09125638008118,1.721807166965497,-5.6118447067024,1.921728550951671,-5.671473936830181
71.14648771286011,1.721807166965497,-5.6118447067024,1.9168049337671724,-5.674983831260611
71.19812846183777,1.721807166965497,-5.6118447067024,1.9121564981777268,-5.678141797215124
71.24880266189575,1.721807166965497,-5.6118447067024,1.9075531871999718,-5.681124261421412
71.2995936870575,1.721807166965497,-5.6118447067024,1.902897931140706,-5.683997776233092
71.3509452342987,1.721807166965497,-5.6118447067024,1.898149533025181,-5.686784987256795
71.4015519618988,1.721807166965497,-5.6118447067024,1.8934292162273536,-5.689415552417863
71.4524176120758,1.721807166965497,-5.6118447067024,1.8886442417602523,-5.6919431966264415
71.5039758682251,1.721807166965497,-5.6118447067024,1.8837529757237308,-5.694386064556133
71.55452799797058,1.721807166965497,-5.6118447067024,1.87891724812019,-5.696664634225895
71.60504460334778,1.721807166965497,-5.6118447067024,1.8740457389458645,-5.698826133220969
71.65583205223083,1.721807166965497,-5.6118447067024,1.8691089282979934,-5.700882751568416
71.70698094367981,1.721807166965497,-5.6118447067024,1.8640975800331603,-5.702835866146379
71.76203680038452,1.6661215231286808,-5.631709468020737,1.8586596078393143,-5.704805555176636
71.81399416923523,1.6661215231286808,-5.631709468020737,1.8534863342668328,-5.7065381750096495
71.86461663246155,1.6661215231286808,-5.631709468020737,1.8484076769847038,-5.708108295946564
71.91535067558289,1.6661215231286808,-5.631709468020737,1.8432802076609027,-5.709564946360295
71.96679353713989,1.6661215231286808,-5.631709468020737,1.8380429615440483,-5.710922326824688
72.01731419563293,1.6661215231286808,-5.631709468020737,1.8328625315741547,-5.712138050700676
72.06779551506042,1.6661215231286808,-5.631709468020737,1.8276497472577449,-5.713236613721331
72.11836433410645,1.6661215231286808,-5.631709468020737,1.822391762934745,-5.714220524873065
72.16885089874268,1.6661215231286808,-5.631709468020737,1.8171065277471734,-5.715086381149094
72.21922492980957,1.6661215231286808,-5.631709468020737,1.8117977221111587,-5.715834257642685
72.26990127563477,1.6661215231286808,-5.631709468020737,1.8064217330340975,-5.716469579672779
72.3205509185791,1.6661215231286808,-5.631709468020737,1.8010134847203572,-5.716987192439753
72.37165069580078,1.6661215231286808,-5.631709468020737,1.7955219355062049,-5.71739042000385
72.42207312583923,1.6035346468626843,-5.629367263237517,1.7900687975540408,-5.717671087822185
72.47265958786011,1.6035346468626843,-5.629367263237517,1.7845639115785197,-5.7178356012247
72.52346014976501,1.6035346468626843,-5.629367263237517,1.7790017603503387,-5.71788274431418
72.57403111457825,1.6035346468626843,-5.629367263237517,1.7734312526351301,-5.717812098776274
72.62459659576416,1.6035346468626843,-5.629367263237517,1.767828247995888,-5.717624113090727
72.67544436454773,1.6035346468626843,-5.629367263237517,1.7621609033329477,-5.717316696742212
72.72606563568115,1.6035346468626843,-5.629367263237517,1.7564861878189264,-5.716892678684632
72.77732634544373,1.6035346468626843,-5.629367263237517,1.7507069516206588,-5.716343306472303
72.8279230594635,1.6035346468626843,-5.629367263237517,1.744970489334216,-5.715682588285059
72.87872576713562,1.6035346468626843,-5.629367263237517,1.7391789203428467,-5.714900726242173
72.92995572090149,1.6035346468626843,-5.629367263237517,1.7333067513545053,-5.713992050742817
72.98096323013306,1.6035346468626843,-5.629367263237517,1.72742858737697,-5.7129673253268525
73.03162693977356,1.6035346468626843,-5.629367263237517,1.7215592590046906,-5.711830944364499
73.08210563659668,1.6035346468626843,-5.629367263237517,1.7156811706989568,-5.710581165679044
73.13313460350037,1.5384839383616729,-5.600397048499895,1.7097086965236254,-5.709198474868929
73.18365907669067,1.5384839383616729,-5.600397048499895,1.7037655676698864,-5.707711264673657
73.23594951629639,1.5384839383616729,-5.600397048499895,1.6975839309139096,-5.7060482070547085
73.2865526676178,1.5384839383616729,-5.600397048499895,1.6915722821544268,-5.7043188301113865
73.33727645874023,1.5384839383616729,-5.600397048499895,1.6855175294715055,-5.702466874353931
73.38776683807373,1.5384839383616729,-5.600397048499895,1.6794623528960246,-5.700505645316829
73.43850040435791,1.5384839383616729,-5.600397048499895,1.6733499114842494,-5.6984165829724756
73.49013447761536,1.5384839383616729,-5.600397048499895,1.667100390490842,-5.696168580092213
73.5413761138916,1.5384839383616729,-5.600397048499895,1.6608701969595963,-5.693816120936145
73.59265494346619,1.5384839383616729,-5.600397048499895,1.6546077258179497,-5.691340739520502
73.64591908454895,1.5384839383616729,-5.600397048499895,1.6480737611223533,-5.688641127861368
73.6968104839325,1.5384839383616729,-5.600397048499895,1.6418035690045212,-5.685939557095279
73.74735808372498,1.5384839383616729,-5.600397048499895,1.6355496660641937,-5.683138014988641
73.79806661605835,1.5384839383616729,-5.600397048499895,1.6292500752959242,-5.680209175833423
73.84864783287048,1.4782497766212586,-5.561864586042097,1.6229409081468429,-5.677169580438955
73.89917778968811,1.4782497766212586,-5.561864586042097,1.6166131394528926,-5.674015295910348
73.95001935958862,1.4782497766212586,-5.561864586042097,1.6102214645086117,-5.670722773805604
74.00125050544739,1.4782497766212586,-5.561864586042097,1.6037559028490953,-5.667284517696965
74.05202579498291,1.4782497766212586,-5.561864586042097,1.597323534648513,-5.663757521597119
74.10241198539734,1.4782497766212586,-5.561864586042097,1.5909168372660896,-5.660140138907236
74.15340089797974,1.4782497766212586,-5.561864586042097,1.5844098819994665,-5.656360441895163
74.20409965515137,1.4782497766212586,-5.561864586042097,1.5779167294886158,-5.652483552627689
74.2552182674408,1.4782497766212586,-5.561864586042097,1.571346695507461,-5.648454753910148
74.30615782737732,1.4782497766212586,-5.561864586042097,1.5647769297508602,-5.644320436427021
74.36208081245422,1.4782497766212586,-5.561864586042097,1.5575387002947338,-5.639644187780073
74.41400027275085,1.4782497766212586,-5.561864586042097,1.550794916243323,-5.635173959316749
74.46455812454224,1.4782497766212586,-5.561864586042097,1.5442063747066126,-5.630701872271086
74.51535034179688,1.405336128107425,-5.496890255769037,1.5375661516592083,-5.626090773754184
74.56588625907898,1.405336128107425,-5.496890255769037,1.530938739990812,-5.621385334199047
74.61664390563965,1.405336128107425,-5.496890255769037,1.5242618060436048,-5.616541217292139
74.66714596748352,1.405336128107425,-5.496890255769037,1.5175984916497414,-5.6116041490808986
74.71911263465881,1.405336128107425,-5.496890255769037,1.5107214581484445,-5.606401774158776
74.76976490020752,1.405336128107425,-5.496890255769037,1.5039987202302978,-5.601211833195704
74.82021427154541,1.405336128107425,-5.496890255769037,1.4972839684186836,-5.595925826423934
74.87084794044495,1.405336128107425,-5.496890255769037,1.4905260125690298,-5.590503315465633
74.92291927337646,1.405336128107425,-5.496890255769037,1.4835570151346071,-5.584804458517772
74.9755449295044,1.405336128107425,-5.496890255769037,1.4764944587549573,-5.578918929988269
75.02864384651184,1.405336128107425,-5.496890255769037,1.4693490341276592,-5.572852172845997
75.07922863960266,1.405336128107425,-5.496890255769037,1.4625242016787183,-5.566952880074222
75.12984418869019,1.405336128107425,-5.496890255769037,1.4556782460254047,-5.560933096374793
75.18078446388245,1.405336128107425,-5.496890255769037,1.4487715672174475,-5.554756709668403
75.23134994506836,1.323416414264648,-5.402311099926142,1.4418993709763819,-5.548508795480515
75.28181862831116,1.323416414264648,-5.402311099926142,1.4350244387674,-5.5421567265024905
75.3328149318695,1.323416414264648,-5.402311099926142,1.428061847297711,-5.535620513931749
75.38390183448792,1.323416414264648,-5.402311099926142,1.4210713200935379,-5.528954121898239
75.43451929092407,1.323416414264648,-5.402311099926142,1.4141300043681087,-5.522232045214293
75.48519945144653,1.323416414264648,-5.402311099926142,1.4071654444052384,-5.515385122399748
75.5357015132904,1.323416414264648,-5.402311099926142,1.4002111176145382,-5.508446386491005
75.58617687225342,1.323416414264648,-5.402311099926142,1.3932465975767887,-5.501395846028503
75.63669776916504,1.323416414264648,-5.402311099926142,1.3862622437176475,-5.494223453586079
75.68710207939148,1.323416414264648,-5.402311099926142,1.3792808315383915,-5.486952579658744
75.7376594543457,1.323416414264648,-5.402311099926142,1.3722653328674546,-5.479544315362292
75.78944993019104,1.323416414264648,-5.402311099926142,1.365065694921557,-5.4718357395175055
75.8403947353363,1.323416414264648,-5.402311099926142,1.3579710992886085,-5.464135043050288
75.89080548286438,1.323416414264648,-5.402311099926142,1.3509389951665667,-5.4564000101567025
75.94164752960205,1.2373723643762493,-5.284229575768503,1.343835095008055,-5.4484829948509805
75.99264788627625,1.2373723643762493,-5.284229575768503,1.3366976821656054,-5.440424617352022
76.04398775100708,1.2373723643762493,-5.284229575768503,1.3295015798544914,-5.432194669208053
76.09655785560608,1.2373723643762493,-5.284229575768503,1.3221217872874673,-5.4236450508951535
76.14851498603821,1.2373723643762493,-5.284229575768503,1.3148172235375193,-5.415073521088921
76.19898509979248,1.2373723643762493,-5.284229575768503,1.3077117644173282,-5.406631704838174
76.24943399429321,1.2373723643762493,-5.284229575768503,1.3005998280109226,-5.398079726008865
76.2999198436737,1.2373723643762493,-5.284229575768503,1.2934735430491686,-5.389407813622562
76.3504285812378,1.2373723643762493,-5.284229575768503,1.2863352133470538,-5.3806183284291205
76.40108394622803,1.2373723643762493,-5.284229575768503,1.2791676429830436,-5.371689315038548
76.45145583152771,1.2373723643762493,-5.284229575768503,1.2720320588927274,-5.362697201609997
76.50203895568848,1.2373723643762493,-5.284229575768503,1.2648587325910086,-5.353554072221393
76.55244755744934,1.2373723643762493,-5.284229575768503,1.2577026945876792,-5.344329688813705
76.60315871238708,1.2373723643762493,-5.284229575768503,1.250496526688237,-5.334936481279746
76.65353178977966,1.148152043898463,-5.138677839909989,1.2433316047364418,-5.325493395201253
76.70424056053162,1.148152043898463,-5.138677839909989,1.2361124299479092,-5.3158742983435445
76.75655102729797,1.148152043898463,-5.138677839909989,1.2286587469652341,-5.305832662896739
76.80710649490356,1.148152043898463,-5.138677839909989,1.221449221824267,-5.296013543174178
76.85751962661743,1.148152043898463,-5.138677839909989,1.2142545455664515,-5.286110292032815
76.90831732749939,1.148152043898463,-5.138677839909989,1.206999818088155,-5.2760187742743
76.95990705490112,1.148152043898463,-5.138677839909989,1.1996270147154817,-5.265654289599684
77.01075673103333,1.148152043898463,-5.138677839909989,1.1923554240485643,-5.25532464932332
77.06221342086792,1.148152043898463,-5.138677839909989,1.1849927796765778,-5.244756850768215
77.1128261089325,1.148152043898463,-5.138677839909989,1.1777470677507544,-5.234249875108151
77.16332650184631,1.148152043898463,-5.138677839909989,1.1705139797618576,-5.2236551925152455
77.21478295326233,1.148152043898463,-5.138677839909989,1.1631407534385048,-5.21274606957276
77.2653706073761,1.148152043898463,-5.138677839909989,1.1558892027933347,-5.201909298608127
77.3158004283905,1.148152043898463,-5.138677839909989,1.1486578316762892,-5.1909961690133315
77.36635637283325,1.0641790134473532,-4.984104298885291,1.141406255521213,-5.179945536982785
77.41733360290527,1.0641790134473532,-4.984104298885291,1.1340924388151343,-5.168691296696595
77.46860194206238,1.0641790134473532,-4.984104298885291,1.1267353620845055,-5.1572600554260335
77.52096390724182,1.0641790134473532,-4.984104298885291,1.119220159801156,-5.145468499410922
77.57163691520691,1.0641790134473532,-4.984104298885291,1.1119465629435656,-5.133945439552331
77.62248873710632,1.0641790134473532,-4.984104298885291,1.104646845579345,-5.1222713424583075
77.67346835136414,1.0641790134473532,-4.984104298885291,1.0973286641753277,-5.110457143666736
77.72478342056274,1.0641790134473532,-4.984104298885291,1.089962548172542,-5.098453433311295
77.77538752555847,1.0641790134473532,-4.984104298885291,1.0826990396845066,-5.086506440762126
77.82595086097717,1.0641790134473532,-4.984104298885291,1.0754422597578999,-5.074460604029259
77.87815833091736,1.0641790134473532,-4.984104298885291,1.0679507834717792,-5.06190955154167
77.93192863464355,1.0641790134473532,-4.984104298885291,1.0602367723903459,-5.048862471589577
77.9839973449707,1.0641790134473532,-4.984104298885291,1.0527689094547596,-5.036112185486898
78.03589725494385,1.0641790134473532,-4.984104298885291,1.045327606137759,-5.023289825965693
78.08735370635986,1.0641790134473532,-4.984104298885291,1.037952548571646,-5.010465504597904
78.13805675506592,0.9830419791306455,-4.816003081756114,1.030688402636985,-4.997720582814621
78.18862867355347,0.9830419791306455,-4.816003081756114,1.0234462679329284,-4.984901716409606
78.2391095161438,0.9830419791306455,-4.816003081756114,1.016220711370588,-4.971999702713892
78.29016423225403,0.9830419791306455,-4.816003081756114,1.0089169361670476,-4.958843316593429
78.34175324440002,0.9830419791306455,-4.816003081756114,1.0015410709861317,-4.945439494826013
78.39241552352905,0.9830419791306455,-4.816003081756114,0.9943022858925488,-4.932169348596643
78.44327020645142,0.9830419791306455,-4.816003081756114,0.9870409044574862,-4.9187423251971545
78.49409508705139,0.9830419791306455,-4.816003081756114,0.9797890051983404,-4.905216845828054
78.54517412185669,0.9830419791306455,-4.816003081756114,0.9725064363105069,-4.891516907964183
78.59583616256714,0.9830419791306455,-4.816003081756114,0.9652891851321395,-4.877823299065291
78.6463770866394,0.9830419791306455,-4.816003081756114,0.9580953297989518,-4.8640579914122215
78.6969780921936,0.9830419791306455,-4.816003081756114,0.9508993882409289,-4.850172093508032
78.74763703346252,0.9830419791306455,-4.816003081756114,0.9437020086638865,-4.836166102880112
78.80046319961548,0.9830419791306455,-4.816003081756114,0.9362043138878677,-4.8214501857242595
78.85176968574524,0.8934061192365262,-4.609943246299791,0.9289300699032552,-4.807049677817294
78.90219116210938,0.8934061192365262,-4.609943246299791,0.9217890774663982,-4.7927942367120195
78.95344662666321,0.8934061192365262,-4.609943246299791,0.9145381953766976,-4.778198305479563
79.00384569168091,0.8934061192365262,-4.609943246299791,0.90741686725443,-4.763743607841206
79.05426859855652,0.8934061192365262,-4.609943246299791,0.9003008226426001,-4.749180509574932
79.10491466522217,0.8934061192365262,-4.609943246299791,0.8931623105235238,-4.7344509864121616
79.15564560890198,0.8934061192365262,-4.609943246299791,0.8860212201545314,-4.7195946184453765
79.20629119873047,0.8934061192365262,-4.609943246299791,0.8789018289921169,-4.704661555489284
79.25727772712708,0.8934061192365262,-4.609943246299791,0.8717446035061076,-4.689525634995713
79.30822205543518,0.8934061192365262,-4.609943246299791,0.8646037340037642,-4.674300002254593
79.36232781410217,0.8934061192365262,-4.609943246299791,0.8570315008909959,-4.658017957483057
79.41563415527344,0.8934061192365262,-4.609943246299791,0.8495833720843078,-4.641864453438091
79.46607089042664,0.8934061192365262,-4.609943246299791,0.8425476939826604,-4.626478481493626
79.51672196388245,0.8934061192365262,-4.609943246299791,0.835493685062219,-4.610927580779316
79.56722378730774,0.8080940208855433,-4.374632383925894,0.8284723108471022,-4.595323500350066
79.61782121658325,0.8080940208855433,-4.374632383925894,0.8214498170730387,-4.579591057362903
79.66827321052551,0.8080940208855433,-4.374632383925894,0.8144599454623977,-4.563805661529587
79.71938347816467,0.8080940208855433,-4.374632383925894,0.807391847716147,-4.547714671574374
79.76997113227844,0.8080940208855433,-4.374632383925894,0.8004091892775689,-4.531689793741771
79.82084345817566,0.8080940208855433,-4.374632383925894,0.7934007555621303,-4.515476324521996
79.87574195861816,0.8080940208855433,-4.374632383925894,0.7858532180360318,-4.4978693439158395
79.92683696746826,0.8080940208855433,-4.374632383925894,0.7788434369699946,-4.481379669871441
79.97775959968567,0.8080940208855433,-4.374632383925894,0.7718718622038114,-4.46484760960897
80.0291075706482,0.8080940208855433,-4.374632383925894,0.7648570841305102,-4.448078729439335
80.08023500442505,0.8080940208855433,-4.374632383925894,0.7578877378991962,-4.431283713210913
80.13121962547302,0.8080940208855433,-4.374632383925894,0.7509533734899554,-4.414438422607223
80.18178248405457,0.8080940208855433,-4.374632383925894,0.7440919747246504,-4.397636976365372
80.23248863220215,0.726959288792888,-4.12127971340608,0.7372270343134568,-4.380692749167661
80.28297996520996,0.726959288792888,-4.12127971340608,0.7304072972345894,-4.3637259540016675
80.33402991294861,0.726959288792888,-4.12127971340608,0.723528763683122,-4.346476079927467
80.38465523719788,0.726959288792888,-4.12127971340608,0.7167242789890427,-4.329275343736422
80.43545460700989,0.726959288792888,-4.12127971340608,0.7099135488769446,-4.311921395853096
80.48601531982422,0.726959288792888,-4.12127971340608,0.7031521657053514,-4.2945557584105
80.53676509857178,0.726959288792888,-4.12127971340608,0.6963831991650364,-4.277032022632478
80.5873589515686,0.726959288792888,-4.12127971340608,0.689652972900574,-4.259469582817324
80.64072871208191,0.726959288792888,-4.12127971340608,0.6825732197828329,-4.240843807753255
80.6911370754242,0.726959288792888,-4.12127971340608,0.6759052190291808,-4.223157881397434
80.74151039123535,0.726959288792888,-4.12127971340608,0.6692604944879261,-4.205393724960597
80.7922945022583,0.726959288792888,-4.12127971340608,0.6625807317919712,-4.187393466386204
80.84328508377075,0.726959288792888,-4.12127971340608,0.6558934468595563,-4.169228237405459
80.89475011825562,0.726959288792888,-4.12127971340608,0.6491641854669319,-4.150801113145128
80.94551277160645,0.726959288792888,-4.12127971340608,0.6425469797323458,-4.132534460350998
80.99606966972351,0.6514458970523922,-3.8581302341721773,0.6359768358411033,-4.114252385365246
81.0469286441803,0.6514458970523922,-3.8581302341721773,0.6293881007851334,-4.095771377393315
81.09758305549622,0.6514458970523922,-3.8581302341721773,0.6228467510760805,-4.077275664835277
81.14822506904602,0.6514458970523922,-3.8581302341721773,0.6163281178245117,-4.058696039307621
81.19918417930603,0.6514458970523922,-3.8581302341721773,0.6097902620115465,-4.039911207919454
81.24963402748108,0.6514458970523922,-3.8581302341721773,0.603339358083189,-4.021226678554957
81.30058550834656,0.6514458970523922,-3.8581302341721773,0.5968464202651504,-4.002268473803553
81.35127830505371,0.6514458970523922,-3.8581302341721773,0.5904087742216668,-3.983319262991003
81.40259170532227,0.6514458970523922,-3.8581302341721773,0.5839152785320907,-3.964049834012689
81.45323824882507,0.6514458970523922,-3.8581302341721773,0.5775291017953395,-3.9449441817510253
81.50369906425476,0.6514458970523922,-3.8581302341721773,0.5711892719555236,-3.925823387900862
81.55451846122742,0.6514458970523922,-3.8581302341721773,0.564827793039197,-3.906481166347594
81.60750269889832,0.6514458970523922,-3.8581302341721773,0.5582206250397501,-3.886224012510321
81.65823101997375,0.6514458970523922,-3.8581302341721773,0.5519192551601397,-3.8667427461526263
81.7090048789978,0.5773429702426613,-3.5802713753972437,0.5456364859180436,-3.8471595755367507
81.76065135002136,0.5773429702426613,-3.5802713753972437,0.5392709140372274,-3.8271536274624056
81.81264638900757,0.5773429702426613,-3.5802713753972437,0.5328883103175084,-3.8069252651938488
81.86313009262085,0.5773429702426613,-3.5802713753972437,0.5267163935541297,-3.787201404428849
81.91360425949097,0.5773429702426613,-3.5802713753972437,0.5205706920026314,-3.767399466915755
81.96483826637268,0.5773429702426613,-3.5802713753972437,0.514358354613496,-3.7472162058599614
82.01562094688416,0.5773429702426613,-3.5802713753972437,0.5082267382037093,-3.727128427254693
82.06616139411926,0.5773429702426613,-3.5802713753972437,0.5021503254651778,-3.707055527148753
82.11721897125244,0.5773429702426613,-3.5802713753972437,0.4960382932550562,-3.6866956824812704
82.16795587539673,0.5773429702426613,-3.5802713753972437,0.48999134630969765,-3.6663829385956124
82.21882033348083,0.5773429702426613,-3.5802713753972437,0.4839561702018407,-3.6459387416426567
82.27034330368042,0.5773429702426613,-3.5802713753972437,0.47787065744300694,-3.6251482559146737
82.32119035720825,0.5773429702426613,-3.5802713753972437,0.47189266582165423,-3.6045504332731686
82.37181496620178,0.5773429702426613,-3.5802713753972437,0.4659684042721506,-3.5839641285731134
82.42231822013855,0.5059485269229527,-3.2833868720068713,0.46008601189416654,-3.5633494690239687
82.47294878959656,0.5059485269229527,-3.2833868720068713,0.4542167779719857,-3.542605375208054
82.52404451370239,0.5059485269229527,-3.2833868720068713,0.4483222838629328,-3.521592512769495
82.57475757598877,0.5059485269229527,-3.2833868720068713,0.4425006534839886,-3.5006598002025875
82.62518906593323,0.5059485269229527,-3.2833868720068713,0.4367399640363283,-3.479767466694055
82.67577815055847,0.5059485269229527,-3.2833868720068713,0.43099018742995643,-3.4587343020246646
82.72621512413025,0.5059485269229527,-3.2833868720068713,0.4252867685728061,-3.4376895028962378
82.77675580978394,0.5059485269229527,-3.2833868720068713,0.4196009764719819,-3.416526882107838
82.82730150222778,0.5059485269229527,-3.2833868720068713,0.4139442483929363,-3.395287978629664
82.87807893753052,0.5059485269229527,-3.2833868720068713,0.40829165712505855,-3.37387745296723
82.92864346504211,0.5059485269229527,-3.2833868720068713,0.4026929550851359,-3.352483208016694
82.97928500175476,0.5059485269229527,-3.2833868720068713,0.39711615543872325,-3.330983331347964
83.03166890144348,0.5059485269229527,-3.2833868720068713,0.39137977263723434,-3.3086673026132787
83.08215475082397,0.5059485269229527,-3.2833868720068713,0.38588255121920634,-3.2870867821419587
83.132648229599,0.449001541051868,-2.9692998295260784,0.3804154729003133,-3.2654317183834385
83.1836633682251,0.449001541051868,-2.9692998295260784,0.3749236031441825,-3.2434810046694174
83.23418068885803,0.449001541051868,-2.9692998295260784,0.36951694149393877,-3.221673716862119
83.28501796722412,0.449001541051868,-2.9692998295260784,0.36410802661430486,-3.1996576837827995
83.33550024032593,0.449001541051868,-2.9692998295260784,0.35876886425078514,-3.1777257521648963
83.386554479599,0.449001541051868,-2.9692998295260784,0.3534018491059219,-3.1554752290449053
83.43825364112854,0.449001541051868,-2.9692998295260784,0.34800071867771054,-3.1328722915610987
83.48893880844116,0.449001541051868,-2.9692998295260784,0.34273865096696543,-3.1106434661348565
83.53936886787415,0.449001541051868,-2.9692998295260784,0.33753584123768743,-3.088458993793454
83.59008622169495,0.449001541051868,-2.9692998295260784,0.332336580249041,-3.0660806822793516
83.6407425403595,0.449001541051868,-2.9692998295260784,0.3271770160802445,-3.0436622557894646
83.69135856628418,0.449001541051868,-2.9692998295260784,0.3220551511949985,-3.0211952174048524
83.74181032180786,0.449001541051868,-2.9692998295260784,0.31698354002101325,-2.99873547965617
83.79232501983643,0.449001541051868,-2.9692998295260784,0.3119394517507481,-2.9761825725184496
83.84280157089233,0.39544803199615713,-2.650656041036762,0.30693321453825684,-2.9535820628497564
83.89343881607056,0.39544803199615713,-2.650656041036762,0.30194544024971925,-2.9308451718848465
83.94395685195923,0.39544803199615713,-2.650656041036762,0.2970039484920459,-2.908097988470451
83.9947407245636,0.39544803199615713,-2.650656041036762,0.2920714331509209,-2.885167349430337
84.04532837867737,0.39544803199615713,-2.650656041036762,0.28719304929216927,-2.8622622501077086
84.09611892700195,0.39544803199615713,-2.650656041036762,0.2823305202333857,-2.8392024648603367
84.14652037620544,0.39544803199615713,-2.650656041036762,0.27754052769037774,-2.816257606518178
84.19712829589844,0.39544803199615713,-2.650656041036762,0.27276647831002254,-2.7931573778572396
84.2478756904602,0.39544803199615713,-2.650656041036762,0.2680152564171734,-2.769932229003591
84.29963660240173,0.39544803199615713,-2.650656041036762,0.2632064705270345,-2.7461805634716336
84.35003757476807,0.39544803199615713,-2.650656041036762,0.2585604488317017,-2.722992628699567
84.40072727203369,0.39544803199615713,-2.650656041036762,0.2539242523496106,-2.6996123489458133
84.45118641853333,0.39544803199615713,-2.650656041036762,0.24934562894720003,-2.676279635589456
84.50172901153564,0.39544803199615713,-2.650656041036762,0.2447961169025925,-2.6528500541315387
84.55217170715332,0.3446724133422143,-2.31791941687049,0.2402923891007478,-2.6294091270347355
84.60406732559204,0.3446724133422143,-2.31791941687049,0.23569749303608933,-2.6052334420254986
84.654545545578,0.3446724133422143,-2.31791941687049,0.2312657981191717,-2.5816606012265533
84.70505142211914,0.3446724133422143,-2.31791941687049,0.22686907131935596,-2.5580186526655875
84.75562620162964,0.3446724133422143,-2.31791941687049,0.22250401104469208,-2.5342886382623364
84.8062174320221,0.3446724133422143,-2.31791941687049,0.21817542026037762,-2.5104955406102416
84.85697865486145,0.3446724133422143,-2.31791941687049,0.21387055173770797,-2.4865673605542424
84.90775537490845,0.3446724133422143,-2.31791941687049,0.2096028966100909,-2.462577143872794
84.95823192596436,0.3446724133422143,-2.31791941687049,0.20539883820374127,-2.4386750086917863
85.00912404060364,0.3446724133422143,-2.31791941687049,0.2011990727425954,-2.4145223741354718
85.05971169471741,0.3446724133422143,-2.31791941687049,0.19706331919121434,-2.3904612993569483
85.11033582687378,0.3446724133422143,-2.31791941687049,0.19296356696181993,-2.3663305666756593
85.16144299507141,0.3446724133422143,-2.31791941687049,0.18886442641176737,-2.3419170427205187
85.21224522590637,0.3446724133422143,-2.31791941687049,0.1848294761555067,-2.317597394793818
85.26362109184265,0.3113126826437287,-1.9705023996250324,0.180789423671047,-2.292951171592896
85.31409478187561,0.3113126826437287,-1.9705023996250324,0.1768601017804512,-2.2686873830801653
85.36526322364807,0.3113126826437287,-1.9705023996250324,0.1729171121261408,-2.2440392033744954
85.41599130630493,0.3113126826437287,-1.9705023996250324,0.16904838939450517,-2.219553583561642
85.46758818626404,0.3113126826437287,-1.9705023996250324,0.16515477118357236,-2.19459853766992
85.51813554763794,0.3113126826437287,-1.9705023996250324,0.1613809613592272,-2.1701026691067318
85.5687608718872,0.3113126826437287,-1.9705023996250324,0.15764177272538982,-2.1455215151582454
85.61941957473755,0.3113126826437287,-1.9705023996250324,0.153940786064668,-2.1208771022239636
85.67017245292664,0.3113126826437287,-1.9705023996250324,0.15027386671311893,-2.0961402149378223
85.72074627876282,0.3113126826437287,-1.9705023996250324,0.14666080370286938,-2.07144467851381
85.77137160301208,0.3113126826437287,-1.9705023996250324,0.14308512044194588,-2.046678625479357
85.82189106941223,0.3113126826437287,-1.9705023996250324,0.13955801165512893,-2.0219196452027504
85.87252187728882,0.3113126826437287,-1.9705023996250324,0.1360644652224603,-1.9970618233527981
85.9233033657074,0.3113126826437287,-1.9705023996250324,0.13260223261444448,-1.9720860461520051
85.97434735298157,0.28264707951317475,-1.6349171824104998,0.1291643449945763,-1.9469373326884492
86.02502036094666,0.28264707951317475,-1.6349171824104998,0.12579347529702734,-1.9219284780368635
86.07558751106262,0.28264707951317475,-1.6349171824104998,0.12247153374161135,-1.89692978599077
86.12701201438904,0.28264707951317475,-1.6349171824104998,0.11913632285626408,-1.8714646959249646
86.17778444290161,0.28264707951317475,-1.6349171824104998,0.11588613371061163,-1.8462809695426001
86.22859358787537,0.28264707951317475,-1.6349171824104998,0.11267623326096565,-1.82103826779475
86.27942371368408,0.28264707951317475,-1.6349171824104998,0.1095078212619427,-1.7957448941364775
86.33026099205017,0.28264707951317475,-1.6349171824104998,0.10638192653347112,-1.770408252876131
86.38112354278564,0.28264707951317475,-1.6349171824104998,0.10329760568386748,-1.745019833667189
86.43181729316711,0.28264707951317475,-1.6349171824104998,0.10026657209938072,-1.7196772311935742
86.48234510421753,0.28264707951317475,-1.6349171824104998,0.09728835324869545,-1.6943799476474204
86.53305792808533,0.28264707951317475,-1.6349171824104998,0.09434241035634416,-1.668952808645451
86.58379530906677,0.28264707951317475,-1.6349171824104998,0.09143845362554259,-1.643476592232761
86.63487219810486,0.28264707951317475,-1.6349171824104998,0.0885590463664423,-1.617793324901178
86.6852867603302,0.24912491644444168,-1.2733734445577913,0.08576036759168337,-1.59240766706334
86.73591351509094,0.24912491644444168,-1.2733734445577913,0.08299340446228554,-1.5668802960628314
86.7873010635376,0.24912491644444168,-1.2733734445577913,0.08022955122426279,-1.5409341545150559
86.83816432952881,0.24912491644444168,-1.2733734445577913,0.07753834737315568,-1.5152184200376841
86.88887763023376,0.24912491644444168,-1.2733734445577913,0.07489921729564664,-1.4895450903185687
86.939621925354,0.24912491644444168,-1.2733734445577913,0.07230269737651263,-1.4638232378725529
86.9906358718872,0.24912491644444168,-1.2733734445577913,0.0697370775863968,-1.437932168052213
87.04122829437256,0.24912491644444168,-1.2733734445577913,0.06723702465994119,-1.4122233833011488
87.09176874160767,0.24912491644444168,-1.2733734445577913,0.06478375779342027,-1.3865101016591352
87.14264965057373,0.24912491644444168,-1.2733734445577913,0.06235870869622051,-1.3605929673520403
87.19361805915833,0.24912491644444168,-1.2733734445577913,0.059974599804720086,-1.3346010178528778
87.24601030349731,0.24912491644444168,-1.2733734445577913,0.05757105219315983,-1.307852020932744
87.29731178283691,0.24912491644444168,-1.2733734445577913,0.05526397492138457,-1.2816301164477695
87.34869623184204,0.24912491644444168,-1.2733734445577913,0.05299931793725765,-1.2553368405643632
87.39942955970764,0.24092491173096459,-0.9016107453293367,0.050808765573779446,-1.2293488833206008
87.45051288604736,0.24092491173096459,-0.9016107453293367,0.04864877899099973,-1.203154254571027
87.5013358592987,0.24092491173096459,-0.9016107453293367,0.04654537521475177,-1.177066437450878
87.55162692070007,0.24092491173096459,-0.9016107453293367,0.04450881744041135,-1.1512260127703784
87.60202264785767,0.24092491173096459,-0.9016107453293367,0.04251283936482331,-1.1253067853052356
87.65244913101196,0.24092491173096459,-0.9016107453293367,0.04056062999568866,-1.0993472302392933
87.70316934585571,0.24092491173096459,-0.9016107453293367,0.03864252370232091,-1.0732123012280836
87.75384998321533,0.24092491173096459,-0.9016107453293367,0.0367715459212441,-1.0470741361511098
87.80427193641663,0.24092491173096459,-0.9016107453293367,0.03495545934769417,-1.0210465150907715
87.85494327545166,0.24092491173096459,-0.9016107453293367,0.03317602636851147,-0.994867752939319
87.90546345710754,0.24092491173096459,-0.9016107453293367,0.03144751799189249,-0.9687452917297084
87.95589661598206,0.24092491173096459,-0.9016107453293367,0.029767487903821888,-0.9426466927535524
88.00678086280823,0.24092491173096459,-0.9016107453293367,0.02811857390768413,-0.9162938381334088
88.057772397995,0.24092491173096459,-0.9016107453293367,0.026512746246774466,-0.8898650221742587
88.10830020904541,0.24198622489874216,-0.5351765210238731,0.02496756581934756,-0.8636569910210787
88.15907502174377,0.24198622489874216,-0.5351765210238731,0.023461065490578914,-0.8373018073708298
88.21010947227478,0.24198622489874216,-0.5351765210238731,0.021993626496478402,-0.8107932129815019
88.2609634399414,0.24198622489874216,-0.5351765210238731,0.02057807323484928,-0.7843603608360304
88.3114218711853,0.24198622489874216,-0.5351765210238731,0.019219658616958846,-0.7581159141422875
88.36206889152527,0.24198622489874216,-0.5351765210238731,0.017902429035785872,-0.7317567409270362
88.4127345085144,0.24198622489874216,-0.5351765210238731,0.016631143582068297,-0.705371790206311
88.46363830566406,0.24198622489874216,-0.5351765210238731,0.015400698525847023,-0.6788471728325189
88.51411962509155,0.24198622489874216,-0.5351765210238731,0.014226859503292832,-0.6525278037995415
88.56458568572998,0.24198622489874216,-0.5351765210238731,0.013099602727611348,-0.6262021413482557
88.61508846282959,0.24198622489874216,-0.5351765210238731,0.012017842543646573,-0.5998436387548816
88.66557145118713,0.24198622489874216,-0.5351765210238731,0.010982856498823246,-0.5734823559490081
88.71688175201416,0.24198622489874216,-0.5351765210238731,0.0099784390294535,-0.5466762293657734
88.76750540733337,0.24198622489874216,-0.5351765210238731,0.009034462398005427,-0.5202167328088421
88.81812620162964,0.23308451333373192,-0.1685490853801448,0.00813725679292343,-0.4937473024920346
88.87036275863647,0.23308451333373192,-0.1685490853801448,0.007260428982962086,-0.4664216298270655
88.92081952095032,0.23308451333373192,-0.1685490853801448,0.006460781805843752,-0.44001662517298934
88.97131037712097,0.23308451333373192,-0.1685490853801448,0.005707159954311702,-0.4135841641504431
89.0218460559845,0.23308451333373192,-0.1685490853801448,0.004999543156769537,-0.38711918599211437
89.07246899604797,0.23308451333373192,-0.1685490853801448,0.0043375491641448605,-0.3606000116553566
89.12321376800537,0.23308451333373192,-0.1685490853801448,0.0037210435703678435,-0.33400906317473195
89.17413115501404,0.23308451333373192,-0.1685490853801448,0.003149845242142124,-0.3073202503827661
89.2248911857605,0.23308451333373192,-0.1685490853801448,0.0026277005704624656,-0.2807071166115055
89.27549242973328,0.23308451333373192,-0.1685490853801448,0.002154204507247126,-0.2541710604390095
89.32621359825134,0.23308451333373192,-0.1685490853801448,0.0017267142772294797,-0.22756651425118812
89.37672257423401,0.23308451333373192,-0.1685490853801448,0.0013479179437028144,-0.20106827907932878
89.42709398269653,0.23308451333373192,-0.1685490853801448,0.0010167847603241853,-0.1746378341164137
89.4774980545044,0.23308451333373192,-0.1685490853801448,0.0007320634296505979,-0.14818644721352298
89.52844595909119,0.2451441506646923,0.20437693954056746,0.0004916811119435316,-0.12144638552058137
89.57924199104309,0.2451441506646923,0.20437693954056746,0.0002994776833102897,-0.09478334270021785
89.62975883483887,0.2451441506646923,0.20437693954056746,0.00015533996411498663,-0.0682647659436138
89.68099236488342,0.2451441506646923,0.20437693954056746,5.7045484267881363e-05,-0.041368445185004044
89.73157453536987,0.2451441506646923,0.20437693954056746,7.314328530405589e-06,-0.014813155923502682
89.78196263313293,0.2451441506646923,0.20437693954056746,4.516766017648166e-06,0.011640570369127173
89.83254289627075,0.2451441506646923,0.20437693954056746,4.862881103306904e-05,0.038194927766939134
89.88304781913757,0.2451441506646923,0.20437693954056746,0.00013957795521823968,0.06470889618403931
89.9334979057312,0.2451441506646923,0.20437693954056746,0.00027721620695597693,0.09119266393445222
89.9841639995575,0.2451441506646923,0.20437693954056746,0.00046250134319425484,0.1177878207462216
90.03467202186584,0.2451441506646923,0.20437693954056746,0.0006941385298828706,0.14429742413599017
90.08501601219177,0.2451441506646923,0.20437693954056746,0.0009716428596386883,0.17071779329774006
90.13563871383667,0.2451441506646923,0.20437693954056746,0.001297602977260226,0.19728068713858238
90.1877932548523,0.2451441506646923,0.20437693954056746,0.0016826186717482372,0.2246428322718388
90.23838949203491,0.26842492276158436,0.5705818299339115,0.0021038249881137894,0.25118243423969666
90.28924536705017,0.26842492276158436,0.5705818299339115,0.002574508441512524,0.27785266867846864
90.340092420578,0.26842492276158436,0.5705818299339115,0.0030925153367928893,0.3045121167049818
90.39083743095398,0.26842492276158436,0.5705818299339115,0.00365671978862947,0.3311113329087714
90.44224071502686,0.26842492276158436,0.5705818299339115,0.004276331368148423,0.35804814284588693
90.49350643157959,0.26842492276158436,0.5705818299339115,0.004942462816439619,0.38490478462469824
90.54468297958374,0.26842492276158436,0.5705818299339115,0.005655395901035032,0.4117060629136357
90.5951919555664,0.26842492276158436,0.5705818299339115,0.006405985075946141,0.43814866965935895
90.64566278457642,0.26842492276158436,0.5705818299339115,0.007202571614418396,0.4645617327670991
90.69619274139404,0.26842492276158436,0.5705818299339115,0.008046687452267776,0.4909955752902138
90.74663257598877,0.26842492276158436,0.5705818299339115,0.008935762261834679,0.5173715527117668
90.79709792137146,0.26842492276158436,0.5705818299339115,0.009871708879565677,0.5437495763700374
90.84776496887207,0.26842492276158436,0.5705818299339115,0.010858070708782641,0.5702210844785811
90.89823842048645,0.26842492276158436,0.5705818299339115,0.011887123456680637,0.5965789692200101
90.948970079422,0.2883953819669108,0.9383162785186347,0.012968125567023758,0.6230585624740641
91.00021266937256,0.2883953819669108,0.9383162785186347,0.014107483199149673,0.6497908807127271
91.05081272125244,0.2883953819669108,0.9383162785186347,0.015279320602865187,0.676173648180304
91.10115075111389,0.2883953819669108,0.9383162785186347,0.016491153266121827,0.7024050728359019
91.15188694000244,0.2883953819669108,0.9383162785186347,0.017759011766594668,0.7288285400829686
91.20257663726807,0.2883953819669108,0.9383162785186347,0.019072216142189014,0.755211734464432
91.2533905506134,0.2883953819669108,0.9383162785186347,0.020435241855852215,0.7816428862332104
91.30395793914795,0.2883953819669108,0.9383162785186347,0.02183792057521572,0.8079286336800915
91.35461854934692,0.2883953819669108,0.9383162785186347,0.023289408629868724,0.8342450820593774
91.4054434299469,0.2883953819669108,0.9383162785186347,0.024792034824252518,0.8606284216853148
91.45609855651855,0.2883953819669108,0.9383162785186347,0.026335854830194183,0.8869046831094031
91.50676798820496,0.2883953819669108,0.9383162785186347,0.027926202320429194,0.9131688520520072
91.55787229537964,0.2883953819669108,0.9383162785186347,0.029576826140769175,0.9396380818163322
91.60839557647705,0.2883953819669108,0.9383162785186347,0.03125464687319157,0.9657857003067649
91.65922737121582,0.32222904485744863,1.3081632562396992,0.03298876383760252,0.992071663696546
91.70967531204224,0.32222904485744863,1.3081632562396992,0.03475538445185755,1.018137412436277
91.76029396057129,0.32222904485744863,1.3081632562396992,0.036573567411352315,1.0442690457118036
91.81127333641052,0.32222904485744863,1.3081632562396992,0.0384507828095253,1.0705637279142195
91.86186122894287,0.32222904485744863,1.3081632562396992,0.04035921372829954,1.0966329216797839
91.91256403923035,0.32222904485744863,1.3081632562396992,0.04231751168091069,1.1227372065374355
91.96316576004028,0.32222904485744863,1.3081632562396992,0.044317272402779384,1.1487647900006304
92.01359963417053,0.32222904485744863,1.3081632562396992,0.04635541520187525,1.1746809640514995
92.06411719322205,0.32222904485744863,1.3081632562396992,0.04844190920434066,1.200614478491899
92.11453461647034,0.32222904485744863,1.3081632562396992,0.05056905553150015,1.2264704167191676
92.16501808166504,0.32222904485744863,1.3081632562396992,0.05274373326503401,1.2523334637704207
92.21577000617981,0.32222904485744863,1.3081632562396992,0.05497501817102535,1.2783064842827065
92.26623940467834,0.32222904485744863,1.3081632562396992,0.05723857698688617,1.3041069500677156
92.31674098968506,0.32222904485744863,1.3081632562396992,0.059548099882813066,1.3298953899039891
92.36732888221741,0.3665482520677151,1.6702906982072872,0.061906124278988894,1.3556987764831405
92.41881155967712,0.3665482520677151,1.6702906982072872,0.06435153983153485,1.3819280553020423
92.46960043907166,0.3665482520677151,1.6702906982072872,0.06680905579499141,1.4077731243066562
92.52034378051758,0.3665482520677151,1.6702906982072872,0.06930895650579982,1.4335639635886843
92.57094049453735,0.3665482520677151,1.6702906982072872,0.0718459062966974,1.4592488052411325
92.62142729759216,0.3665482520677151,1.6702906982072872,0.07442130627535937,1.4848459672329142
92.67185091972351,0.3665482520677151,1.6702906982072872,0.07703720944620063,1.5103787496853254
92.72254610061646,0.3665482520677151,1.6702906982072872,0.07971114556543712,1.5360158925032255
92.77537775039673,0.3665482520677151,1.6702906982072872,0.08254453950876384,1.5626974995464675
92.82583284378052,0.3665482520677151,1.6702906982072872,0.08529492402064154,1.5881440210775997
92.87631559371948,0.3665482520677151,1.6702906982072872,0.08809016196026853,1.6135698513780503
92.92697238922119,0.3665482520677151,1.6702906982072872,0.09093850424128913,1.6390479558025914
92.97804522514343,0.3665482520677151,1.6702906982072872,0.09385420113477272,1.6646988612026257
93.02847838401794,0.3665482520677151,1.6702906982072872,0.09677657613972768,1.6899920249759848
93.0790765285492,0.41394539004911207,2.017273435502245,0.09975152629006034,1.7153309606049034
93.12964963912964,0.41394539004911207,2.017273435502245,0.10276793598707146,1.74061980323075
93.18036794662476,0.41394539004911207,2.017273435502245,0.10583598738841848,1.7659429877610902
93.23107862472534,0.41394539004911207,2.017273435502245,0.10894648431069998,1.7912234992914655
93.28211760520935,0.41394539004911207,2.017273435502245,0.1121203102366275,1.8166278781082574
93.33547401428223,0.41394539004911207,2.017273435502245,0.11548442707699502,1.8431424456592995
93.38593459129333,0.41394539004911207,2.017273435502245,0.11870925983811542,1.8681766840628538
93.43704986572266,0.41394539004911207,2.017273435502245,0.12201870835233652,1.8934942341890872
93.4876754283905,0.41394539004911207,2.017273435502245,0.1253387491912079,1.9185275151466838
93.53830766677856,0.41394539004911207,2.017273435502245,0.12870119411910919,1.9435220282965313
93.58873772621155,0.41394539004911207,2.017273435502245,0.13209179314781316,1.9683743750342546
93.63945031166077,0.41394539004911207,2.017273435502245,0.13554309418395105,1.993322776648544
93.69042801856995,0.41394539004911207,2.017273435502245,0.13905444646204623,2.018357419667792
93.74204635620117,0.41394539004911207,2.017273435502245,0.14265269061296193,2.0436609642849293
93.7925078868866,0.46648323914061085,2.354943077153081,0.14621174452252506,2.068352432612632
93.84336304664612,0.46648323914061085,2.354943077153081,0.14983987244535157,2.0931909462573515
93.89433217048645,0.46648323914061085,2.354943077153081,0.15351759108601204,2.118038681933887
93.94480586051941,0.46648323914061085,2.354943077153081,0.1572003139169098,2.1425985363576734
93.99523496627808,0.46648323914061085,2.354943077153081,0.16092013244459746,2.1670900973932627
94.04580664634705,0.46648323914061085,2.354943077153081,0.1646908167608907,2.1916035934070948
94.0962724685669,0.46648323914061085,2.354943077153081,0.16849373293797365,2.216018021294901
94.14685344696045,0.46648323914061085,2.354943077153081,0.1723453901836196,2.2404397600806307
94.19735527038574,0.46648323914061085,2.354943077153081,0.17623087669159254,2.264774411723686
94.24795269966125,0.46648323914061085,2.354943077153081,0.1801634973611672,2.2891056335144135
94.29846024513245,0.46648323914061085,2.354943077153081,0.18412868041517205,2.313343692899674
94.35031366348267,0.46648323914061085,2.354943077153081,0.18824045908869058,2.3381751657393703
94.401123046875,0.46648323914061085,2.354943077153081,0.19230950913321454,2.362454579859305
94.45176887512207,0.46648323914061085,2.354943077153081,0.19640475212443587,2.386603992470098
94.50229477882385,0.5292179402553434,2.6945378288479684,0.200529217729565,2.4106441196820567
94.5527138710022,0.5292179402553434,2.6945378288479684,0.20468354532951327,2.43458103290099
94.60316872596741,0.5292179402553434,2.6945378288479684,0.20887923014856513,2.458482015144733
94.65443897247314,0.5292179402553434,2.6945378288479684,0.21318190369950107,2.4827145081580593
94.70495295524597,0.5292179402553434,2.6945378288479684,0.21745956122275523,2.50653506486166
94.75539779663086,0.5292179402553434,2.6945378288479684,0.22176927363660548,2.5302685235614835
94.8059229850769,0.5292179402553434,2.6945378288479684,0.22612364719342004,2.55398468557049
94.85648775100708,0.5292179402553434,2.6945378288479684,0.23051912309028388,2.577663705484544
94.9086561203003,0.5292179402553434,2.6945378288479684,0.23509332292788976,2.6020347156153742
94.95936560630798,0.5292179402553434,2.6945378288479684,0.23957769709111698,2.6256662718985906
95.01059174537659,0.5292179402553434,2.6945378288479684,0.24414569542049458,2.6494800950829323
95.06112051010132,0.5292179402553434,2.6945378288479684,0.24868867049592813,2.6729116084926616
95.11165642738342,0.5292179402553434,2.6945378288479684,0.2532690169410863,2.6962882006046582
95.1622622013092,0.5292179402553434,2.6945378288479684,0.25789231205195495,2.7196382386485443
95.21304178237915,0.5973376199014317,3.0109119896606047,0.2625681245427036,2.7430087535353973
95.26360154151917,0.5973376199014317,3.0109119896606047,0.2672599654482535,2.766218161303624
95.31569170951843,0.5973376199014317,3.0109119896606047,0.2721314702837305,2.7900670224941373
95.36683893203735,0.5973376199014317,3.0109119896606047,0.27695176023676327,2.813421353524225
95.41732215881348,0.5973376199014317,3.0109119896606047,0.28174519402778087,2.8364109587387967
95.46798396110535,0.5973376199014317,3.0109119896606047,0.28659105955064845,2.859419925620351
95.51889705657959,0.5973376199014317,3.0109119896606047,0.291496561358072,2.8824799889984485
95.56957054138184,0.5973376199014317,3.0109119896606047,0.29641420847348376,2.905368284550763
95.6202278137207,0.5973376199014317,3.0109119896606047,0.30136520883396134,2.9281857010548986
95.67065143585205,0.5973376199014317,3.0109119896606047,0.3063278483489573,2.950834280102914
95.72144150733948,0.5973376199014317,3.0109119896606047,0.3113611163916561,2.9735828234032082
95.77188539505005,0.5973376199014317,3.0109119896606047,0.3163942040298515,2.9961116230734754
95.82237815856934,0.5973376199014317,3.0109119896606047,0.32146601803397745,3.018597205378552
95.8731336593628,0.5973376199014317,3.0109119896606047,0.32659814153495015,3.0411337189749674
95.92399883270264,0.6714934259800818,3.3253635046532124,0.33177525558323673,3.0636519835328015
95.97480702400208,0.6714934259800818,3.3253635046532124,0.33698023297349433,3.086077629131666
96.02534127235413,0.6714934259800818,3.3253635046532124,0.34219030231794223,3.108315070456822
96.0759949684143,0.6714934259800818,3.3253635046532124,0.3474456518283424,3.130537247806594
96.12667655944824,0.6714934259800818,3.3253635046532124,0.3527367068031668,3.1527032226559717
96.17732238769531,0.6714934259800818,3.3253635046532124,0.3580565924390817,3.1747846939415396
96.22790431976318,0.6714934259800818,3.3253635046532124,0.3634020352376681,3.1967691258947735
96.27878022193909,0.6714934259800818,3.3253635046532124,0.36881084883737314,3.2188111096267873
96.32934355735779,0.6714934259800818,3.3253635046532124,0.3742183065571094,3.2406474309487994
96.37990856170654,0.6714934259800818,3.3253635046532124,0.37965749398457627,3.262413975762076
96.43035674095154,0.6714934259800818,3.3253635046532124,0.38511533079969507,3.2840595142663718
96.48088002204895,0.6714934259800818,3.3253635046532124,0.3906123142566482,3.305666021941036
96.531423330307,0.6714934259800818,3.3253635046532124,0.39614231013568757,3.327209284353973
96.58227443695068,0.6714934259800818,3.3253635046532124,0.4017368705344233,3.3488107952645865
96.63282346725464,0.7489313764459612,3.6193199311234996,0.40732866926609645,3.3702110085569035
96.68366003036499,0.7489313764459612,3.6193199311234996,0.41298267942234057,3.3916591089317523
96.73517274856567,0.7489313764459612,3.6193199311234996,0.41874274753191587,3.4133164744325892
96.78642272949219,0.7489313764459612,3.6193199311234996,0.42450401253668746,3.434786981772873
96.83701229095459,0.7489313764459612,3.6193199311234996,0.43022070420205694,3.45590562201128
96.88737964630127,0.7489313764459612,3.6193199311234996,0.4359413283359381,3.4768568406742797
96.93798565864563,0.7489313764459612,3.6193199311234996,0.4417180022812057,3.497831859528136
96.9884922504425,0.7489313764459612,3.6193199311234996,0.44751201210078495,3.518689798061155
97.03989577293396,0.7489313764459612,3.6193199311234996,0.45343808914005157,3.5398398605823544
97.09111595153809,0.7489313764459612,3.6193199311234996,0.45937204759149664,3.5608354756290685
97.14264059066772,0.7489313764459612,3.6193199311234996,0.46537024429131923,3.581875855923989
97.19346618652344,0.7489313764459612,3.6193199311234996,0.4713152704130139,3.60255168069688
97.24451112747192,0.7489313764459612,3.6193199311234996,0.47731389385588896,3.623237220951853
97.29584288597107,0.7489313764459612,3.6193199311234996,0.48337420048340807,3.6439581836780937
97.3466489315033,0.7489313764459612,3.6193199311234996,0.48939980890832757,3.6643866972069628
97.39723253250122,0.8314136761870669,3.9092278225132335,0.49542582875104024,3.684646035127235
97.44759774208069,0.8314136761870669,3.9092278225132335,0.5014521404435004,3.704738435455849
97.49812078475952,0.8314136761870669,3.9092278225132335,0.5075234583062405,3.724813706666763
97.54880666732788,0.8314136761870669,3.9092278225132335,0.5136403757050338,3.7448726497065374
97.59933423995972,0.8314136761870669,3.9092278225132335,0.519763880747647,3.7647877367352383
97.65032029151917,0.8314136761870669,3.9092278225132335,0.5259686891752366,3.7848009190317393
97.70184516906738,0.8314136761870669,3.9092278225132335,0.532265066528117,3.804940863241447
97.752286195755,0.8314136761870669,3.9092278225132335,0.5384540448521871,3.824574216394705
97.80279302597046,0.8314136761870669,3.9092278225132335,0.5446756642259367,3.8441505513068375
97.85340070724487,0.8314136761870669,3.9092278225132335,0.5509340996060281,3.863682631389663
97.90387868881226,0.8314136761870669,3.9092278225132335,0.557200554396327,3.8830811381015957
97.95432186126709,0.8314136761870669,3.9092278225132335,0.5634864260344015,3.902382540210162
98.00504755973816,0.8314136761870669,3.9092278225132335,0.5698311652621975,3.9217072370259842
98.05546069145203,0.8314136761870669,3.9092278225132335,0.5761600494542871,3.940828192483377
98.10611820220947,0.9155355600966776,4.173936908864898,0.5825426801831792,3.9599564175680873
98.15673804283142,0.9155355600966776,4.173936908864898,0.5889433899713632,3.9789844873197158
98.20786142349243,0.9155355600966776,4.173936908864898,0.5954306509799849,3.9981142473998155
98.25836968421936,0.9155355600966776,4.173936908864898,0.6018621616223592,4.01692699653972
98.30892515182495,0.9155355600966776,4.173936908864898,0.6083216091684518,4.035670498963624
98.36002659797668,0.9155355600966776,4.173936908864898,0.6148728279738283,4.05452774260912
98.41076493263245,0.9155355600966776,4.173936908864898,0.6213991096927431,4.073162388463107
98.4621958732605,0.9155355600966776,4.173936908864898,0.6280361701671051,4.091960902049276
98.51332402229309,0.9155355600966776,4.173936908864898,0.6346555130459421,4.110558028164466
98.56437945365906,0.9155355600966776,4.173936908864898,0.6412864008732464,4.1290380558799855
98.61492991447449,0.9155355600966776,4.173936908864898,0.6478720556181994,4.147245675637247
98.66538214683533,0.9155355600966776,4.173936908864898,0.6544648220031957,4.1653286137616785
98.71632218360901,0.9155355600966776,4.173936908864898,0.6611412238073,4.183495496998646
98.76786088943481,0.9155355600966776,4.173936908864898,0.6679161354561209,4.20178255041052
98.81831312179565,1.002738552908688,4.412760908676541,0.6745674676674625,4.219592790465901
98.86881446838379,1.002738552908688,4.412760908676541,0.6812440514616691,4.237329530339917
98.91930341720581,1.002738552908688,4.412760908676541,0.6879374891645853,4.254970701986344
98.969806432724,1.002738552908688,4.412760908676541,0.6946510030832294,4.272525184576228
99.02055096626282,1.002738552908688,4.412760908676541,0.7014146768377785,4.290070977856958
99.07099199295044,1.002738552908688,4.412760908676541,0.7081555421282597,4.307419440262811
99.12164998054504,1.002738552908688,4.412760908676541,0.7149428162176208,4.324749458285094
99.17272281646729,1.002738552908688,4.412760908676541,0.7218030417296903,4.342126619398318
99.22338509559631,1.002738552908688,4.412760908676541,0.72862505374337,4.359269715836246
99.274578332901,1.002738552908688,4.412760908676541,0.73553539178232,4.37649663934473
99.32509255409241,1.002738552908688,4.412760908676541,0.7423703565893689,4.393400286872442
99.37581515312195,1.002738552908688,4.412760908676541,0.7492494935335869,4.41027858228747
99.42646408081055,1.002738552908688,4.412760908676541,0.7561343156654972,4.427036947005313
99.4776782989502,1.002738552908688,4.412760908676541,0.7631116020831832,4.44388505148957
99.52838230133057,1.088014085869873,4.640966851426608,0.7700345504540445,4.46046858131867
99.5790183544159,1.088014085869873,4.640966851426608,0.7769629851593756,4.476933497340491
99.6302101612091,1.088014085869873,4.640966851426608,0.7839821525430541,4.49348086325171
99.68091702461243,1.088014085869873,4.640966851426608,0.7909490817976859,4.509773740235765
99.73198223114014,1.088014085869873,4.640966851426608,0.7979792743117096,4.52608311700365
99.78283071517944,1.088014085869873,4.640966851426608,0.8049933098157795,4.5422245828599985
99.83370685577393,1.088014085869873,4.640966851426608,0.8120245120735277,4.558275932663932
99.88451170921326,1.088014085869873,4.640966851426608,0.8190588803091718,4.574205749012291
99.93510890007019,1.088014085869873,4.640966851426608,0.8260771175709929,4.589971763126488
99.9856207370758,1.088014085869873,4.640966851426608,0.8330957733350104,4.605612624314074
100.03664112091064,1.088014085869873,4.640966851426608,0.8401972131938904,4.62131066930897
100.08729434013367,1.088014085869873,4.640966851426608,0.8472592877763361,4.636795724539363
100.138099193573,1.088014085869873,4.640966851426608,0.8543539405351717,4.652226713841774
100.18898487091064,1.088014085869873,4.640966851426608,0.8614710474194103,4.667581126591481
100.23974943161011,1.1732468552067725,4.8530037943249,0.8685820364003904,4.682797838307977
100.29078030586243,1.1732468552067725,4.8530037943249,0.8757409065831931,4.697992236529091
100.34125852584839,1.1732468552067725,4.8530037943249,0.8828323668879572,4.712921028782406
100.39235210418701,1.1732468552067725,4.8530037943249,0.8900202063215381,4.727929157937236
100.44284772872925,1.1732468552067725,4.8530037943249,0.8971334266014717,4.742659877842153
100.49399423599243,1.1732468552067725,4.8530037943249,0.9043476428077715,4.757477041460005
100.54464936256409,1.1732468552067725,4.8530037943249,0.9115014638834718,4.772048956477309
100.5952799320221,1.1732468552067725,4.8530037943249,0.9186603640445525,4.786511191912323
100.6458044052124,1.1732468552067725,4.8530037943249,0.9258124652486273,4.80084056732552
100.69641590118408,1.1732468552067725,4.8530037943249,0.9329847834116083,4.815091627633073
100.74717664718628,1.1732468552067725,4.8530037943249,0.9401858729083856,4.829280889090095
100.79783201217651,1.1732468552067725,4.8530037943249,0.9473793009831479,4.843336758916287
100.8483612537384,1.1732468552067725,4.8530037943249,0.9545617534057746,4.857253916514654
100.89897108078003,1.1732468552067725,4.8530037943249,0.9617622839102316,4.871089161321197
100.94930815696716,1.2654796030533682,5.044495551705376,0.9689302667525119,4.8847462244679765
100.99994325637817,1.2654796030533682,5.044495551705376,0.9761466648832362,4.898379617381661
101.05038404464722,1.2654796030533682,5.044495551705376,0.9833410111643472,4.91185619417432
101.10127663612366,1.2654796030533682,5.044495551705376,0.9906051793052724,4.925347512833831
101.15178608894348,1.2654796030533682,5.044495551705376,0.9978196818763467,4.93863175934265
101.202791929245,1.2654796030533682,5.044495551705376,1.0051098346885947,4.951939635083734
101.25320267677307,1.2654796030533682,5.044495551705376,1.0123192977660385,4.964986416576707
101.3036482334137,1.2654796030533682,5.044495551705376,1.0195377613207828,4.977936637343429
101.35398650169373,1.2654796030533682,5.044495551705376,1.0267445630094563,4.990753797949991
101.40445613861084,1.2654796030533682,5.044495551705376,1.0339735514882025,5.003498343360452
101.4556667804718,1.2654796030533682,5.044495551705376,1.0413118040914011,5.016321202997689
101.50633263587952,1.2654796030533682,5.044495551705376,1.0485747607457094,5.028899550815374
101.55714774131775,1.2654796030533682,5.044495551705376,1.0558615483882063,5.04140670964417
101.6078622341156,1.2654796030533682,5.044495551705376,1.063136010913014,5.05378078491913
101.65875244140625,1.3529660749939418,5.202014336069616,1.070437457103279,5.06608871920811
101.71137881278992,1.3529660749939418,5.202014336069616,1.0779895185608257,5.078701442692407
101.76190161705017,1.3529660749939418,5.202014336069616,1.0852408259191721,5.090699662240816
101.81257438659668,1.3529660749939418,5.202014336069616,1.0925144203569266,5.102624681685709
101.86333394050598,1.3529660749939418,5.202014336069616,1.0998009067489125,5.11446064240765
101.91422176361084,1.3529660749939418,5.202014336069616,1.107105908759042,5.126216295633114
101.96495795249939,1.3529660749939418,5.202014336069616,1.1143889122021537,5.137826834198194
102.01558494567871,1.3529660749939418,5.202014336069616,1.1216556785585206,5.149302599343345
102.06733417510986,1.3529660749939418,5.202014336069616,1.1290825996330094,5.160919181069659
102.11848735809326,1.3529660749939418,5.202014336069616,1.1364227132543951,5.172288910147915
102.16926574707031,1.3529660749939418,5.202014336069616,1.1437074640660845,5.183463954352611
102.21978163719177,1.3529660749939418,5.202014336069616,1.1509526587066632,5.1944709104283895
102.270188331604,1.3529660749939418,5.202014336069616,1.1581799755713051,5.205344195042387
102.32086205482483,1.3529660749939418,5.202014336069616,1.1654430151131752,5.216164246263341
102.37145185470581,1.4341906639115745,5.3444643164454355,1.172691128885475,5.226855328083593
102.42199611663818,1.4341906639115745,5.3444643164454355,1.1799294949442651,5.237425782990665
102.4724473953247,1.4341906639115745,5.3444643164454355,1.1871510006141688,5.247865952698415
102.52293181419373,1.4341906639115745,5.3444643164454355,1.1943733738732967,5.258201944720755
102.57350397109985,1.4341906639115745,5.3444643164454355,1.2016040789341904,5.268444351124879
102.62452340126038,1.4341906639115745,5.3444643164454355,1.2088941152891919,5.278664025239031
102.67535948753357,1.4341906639115745,5.3444643164454355,1.2161530001818108,5.2887335837827285
102.725914478302,1.4341906639115745,5.3444643164454355,1.223366506977778,5.298635033778668
102.77680659294128,1.4341906639115745,5.3444643164454355,1.2306224996448187,5.308489090514941
102.82767939567566,1.4341906639115745,5.3444643164454355,1.2378697663420268,5.318225498410444
102.87896966934204,1.4341906639115745,5.3444643164454355,1.2451701142328346,5.3279263343752605
102.92974615097046,1.4341906639115745,5.3444643164454355,1.2523906688043578,5.337415615643963
102.98126769065857,1.4341906639115745,5.3444643164454355,1.2597100467200095,5.346927643625853
103.03176951408386,1.4341906639115745,5.3444643164454355,1.2668772529050263,5.356137363786021
103.08234691619873,1.5109946307913482,5.471742670741776,1.274047598418508,5.365247546593198
103.13309407234192,1.5109946307913482,5.471742670741776,1.2812340415908778,5.374274171165083
103.18366599082947,1.5109946307913482,5.471742670741776,1.2883873917937878,5.383155735550924
103.23433566093445,1.5109946307913482,5.471742670741776,1.2955459447065767,5.391940291819585
103.2849543094635,1.5109946307913482,5.471742670741776,1.3026883328360437,5.4006017395616706
103.33573412895203,1.5109946307913482,5.471742670741776,1.3098441286379288,5.409175866258764
103.38654923439026,1.5109946307913482,5.471742670741776,1.3169951980701233,5.417640603435563
103.43716597557068,1.5109946307913482,5.471742670741776,1.3241083682647188,5.4259574424078645
103.48762941360474,1.5109946307913482,5.471742670741776,1.331189739815951,5.434134844060443
103.53892016410828,1.5109946307913482,5.471742670741776,1.33837636825672,5.4423292741603575
103.5896909236908,1.5109946307913482,5.471742670741776,1.3454790356398232,5.450324295391908
103.64066171646118,1.5109946307913482,5.471742670741776,1.352598231967245,5.45823425839192
103.69178986549377,1.5109946307913482,5.471742670741776,1.3597275298769214,5.466051181502615
103.74237132072449,1.587443885435048,5.56826366134864,1.3667685515436936,5.473668634935228
103.79290747642517,1.587443885435048,5.56826366134864,1.373790965667508,5.481164035767962
103.84379196166992,1.587443885435048,5.56826366134864,1.380849019350419,5.48859460726729
103.89447903633118,1.587443885435048,5.56826366134864,1.38786661823562,5.495880020598114
103.94512867927551,1.587443885435048,5.56826366134864,1.3948656635089531,5.503043963653724
103.9960286617279,1.587443885435048,5.56826366134864,1.4018854955938238,5.5101262939041336
104.046462059021,1.587443885435048,5.56826366134864,1.4088269916873042,5.5170278931221155
104.09706854820251,1.587443885435048,5.56826366134864,1.4157779805190729,5.5238372038123
104.14775133132935,1.587443885435048,5.56826366134864,1.4227247232355227,5.530540240600096
104.19844007492065,1.587443885435048,5.56826366134864,1.4296572058162984,5.537127317681767
104.24965190887451,1.587443885435048,5.56826366134864,1.436645572483906,5.543663703550566
104.30035352706909,1.587443885435048,5.56826366134864,1.4435484713049247,5.550017372857982
104.35088729858398,1.587443885435048,5.56826366134864,1.450412494705649,5.5562334905118504
104.40150666236877,1.587443885435048,5.56826366134864,1.4572717704630602,5.562343427863121
104.45225954055786,1.6582964633584523,5.6411544764141945,1.4641323482853839,5.568352124537524
104.50284671783447,1.6582964633584523,5.6411544764141945,1.4709534609811723,5.5742241846017855
104.55340051651001,1.6582964633584523,5.6411544764141945,1.4777527162146264,5.5799755780357945
104.60411787033081,1.6582964633584523,5.6411544764141945,1.4845561971407852,5.58562818049444
104.65534090995789,1.6582964633584523,5.6411544764141945,1.4914091025096465,5.591217714535999
104.70607948303223,1.6582964633584523,5.6411544764141945,1.4981786124870469,5.596635986378635
104.75665426254272,1.6582964633584523,5.6411544764141945,1.504907529734908,5.601919433866222
104.80799674987793,1.6582964633584523,5.6411544764141945,1.5117191086356776,5.607163190183762
104.85867476463318,1.6582964633584523,5.6411544764141945,1.5184229448037365,5.612220557539059
104.90949320793152,1.6582964633584523,5.6411544764141945,1.52512547771587,5.61717363521846
104.96018815040588,1.6582964633584523,5.6411544764141945,1.5317915511663385,5.621996581958612
105.01117372512817,1.6582964633584523,5.6411544764141945,1.5384751821540723,5.6267281564324785
105.06230854988098,1.6582964633584523,5.6411544764141945,1.545157227272771,5.631353641464883
105.11321520805359,1.6582964633584523,5.6411544764141945,1.5517880762041005,5.635839124373261
105.16397619247437,1.7228373663953185,5.697008507520045,1.5583783719005704,5.640193139411544
105.21455979347229,1.7228373663953185,5.697008507520045,1.5649238696673449,5.644414053699675
105.26536107063293,1.7228373663953185,5.697008507520045,1.5714753295381252,5.648534650760336
105.31599855422974,1.7228373663953185,5.697008507520045,1.5779831879398016,5.652523762341813
105.36651849746704,1.7228373663953185,5.697008507520045,1.5844532455750848,5.656385980925813
105.41723251342773,1.7228373663953185,5.697008507520045,1.5909250271830755,5.6601448292705125
105.46874451637268,1.7228373663953185,5.697008507520045,1.597474575692822,5.663841549215434
105.5210268497467,1.7228373663953185,5.697008507520045,1.6040969113081922,5.667468546709589
105.57170081138611,1.7228373663953185,5.697008507520045,1.610490994472439,5.670863760718609
105.62304496765137,1.7228373663953185,5.697008507520045,1.616944674984853,5.674183171440692
105.67375254631042,1.7228373663953185,5.697008507520045,1.623293340040779,5.677342159115497
105.72478914260864,1.7228373663953185,5.697008507520045,1.6296577754051973,5.680401948148546
105.77545952796936,1.7228373663953185,5.697008507520045,1.6359509802521757,5.6833209757544
105.82607173919678,1.7228373663953185,5.697008507520045,1.642211204238933,5.686118467949457
105.87668108940125,1.7858262544008001,5.731427389596137,1.6484450084258726,5.6887976890130165
105.92757844924927,1.7858262544008001,5.731427389596137,1.6546876700892872,5.691373033292297
105.97827386856079,1.7858262544008001,5.731427389596137,1.660878699735042,5.693819406680731
106.03105854988098,1.7858262544008001,5.731427389596137,1.6672960310738487,5.696240657905031
106.08366990089417,1.7858262544008001,5.731427389596137,1.6736626470692137,5.698526110631221
106.13559126853943,1.7858262544008001,5.731427389596137,1.6799163961853294,5.700656460801202
106.18849158287048,1.7858262544008001,5.731427389596137,1.6862576854921587,5.702699147901004
106.2390866279602,1.7858262544008001,5.731427389596137,1.6922936186616293,5.704532121280485
106.29019331932068,1.7858262544008001,5.731427389596137,1.698361453776525,5.706263841353569
106.34142661094666,1.7858262544008001,5.731427389596137,1.7044145953970669,5.707879030914452
106.3928964138031,1.7858262544008001,5.731427389596137,1.7104653764939957,5.709379890753604
106.44474935531616,1.7858262544008001,5.731427389596137,1.7165301437413003,5.710768516198716
106.49564051628113,1.7858262544008001,5.731427389596137,1.722451779220436,5.712010974018716
106.54724526405334,1.7858262544008001,5.731427389596137,1.7284251155137056,5.713149080552288
106.59977912902832,1.8405980401337165,5.740916099632838,1.7344732440555612,5.714181762089716
106.65163564682007,1.8405980401337165,5.740916099632838,1.7404106345604173,5.715076574663845
106.70240378379822,1.8405980401337165,5.740916099632838,1.746191552551735,5.715832769592147
106.75358390808105,1.8405980401337165,5.740916099632838,1.7519871523230295,5.716475130712363
106.80450797080994,1.8405980401337165,5.740916099632838,1.757721313822124,5.7169947706299835
106.85608386993408,1.8405980401337165,5.740916099632838,1.7634955589868588,5.717399605055084
106.90667414665222,1.8405980401337165,5.740916099632838,1.769126565493848,5.717678005938077
106.95906043052673,1.8405980401337165,5.740916099632838,1.7749228116331779,5.717842461030393
107.01073908805847,1.8405980401337165,5.740916099632838,1.7806058674056628,5.717881306421473
107.06148624420166,1.8405980401337165,5.740916099632838,1.786152436265589,5.717800256326841
107.1122453212738,1.8405980401337165,5.740916099632838,1.7916662385223914,5.717601096416809
107.16340827941895,1.8405980401337165,5.740916099632838,1.7971891130870976,5.717280899367475
107.21433782577515,1.8405980401337165,5.740916099632838,1.8026517749520674,5.7168431249730185
107.26493549346924,1.8405980401337165,5.740916099632838,1.8080439314266092,5.716290665866003
107.31558156013489,1.888268549081386,5.7252070759363205,1.8134060914739256,5.715620429505345
107.36636066436768,1.888268549081386,5.7252070759363205,1.8187467167633145,5.71483074069466
107.4177074432373,1.888268549081386,5.7252070759363205,1.824110462589915,5.71391247414962
107.46942448616028,1.888268549081386,5.7252070759363205,1.8294753772042265,5.7128659501329615
107.51996612548828,1.888268549081386,5.7252070759363205,1.8346816775107904,5.711725353518438
107.57057309150696,1.888268549081386,5.7252070759363205,1.8398580688517612,5.710466640500636
107.62115812301636,1.888268549081386,5.7252070759363205,1.8449952747665126,5.709091920230315
107.6721396446228,1.888268549081386,5.7252070759363205,1.8501350701182107,5.707588616469279
107.72285842895508,1.888268549081386,5.7252070759363205,1.8552105400607748,5.705975799914702
107.77330017089844,1.888268549081386,5.7252070759363205,1.8602205544950052,5.704255889317156
107.82421731948853,1.888268549081386,5.7252070759363205,1.865239322300694,5.70240264399389
107.8748779296875,1.888268549081386,5.7252070759363205,1.870194148125599,5.7004420528199455
107.92589592933655,1.888268549081386,5.7252070759363205,1.875144657007755,5.6983501147007205
107.9764461517334,1.888268549081386,5.7252070759363205,1.8800106070992042,5.696161153943718
108.02701306343079,1.9272965603700847,5.687373474604914,1.8848388595122496,5.693855855802892
108.0782082080841,1.9272965603700847,5.687373474604914,1.8896867488251012,5.691404235248012
108.12912344932556,1.9272965603700847,5.687373474604914,1.8944675666423285,5.688848698126659
108.17971110343933,1.9272965603700847,5.687373474604914,1.8991772628738341,5.6861938509098575
108.2310299873352,1.9272965603700847,5.687373474604914,1.903913626968217,5.6833828611250174
108.28159689903259,1.9272965603700847,5.687373474604914,1.9085395000048226,5.680497167859555
108.33305072784424,1.9272965603700847,5.687373474604914,1.9132043416072277,5.677442910870845
108.38405394554138,1.9272965603700847,5.687373474604914,1.917786055872581,5.674298117913599
108.43440532684326,1.9272965603700847,5.687373474604914,1.9222676393011535,5.671079110008063
108.48531699180603,1.9272965603700847,5.687373474604914,1.9267568008379037,5.667708844117156
108.53579616546631,1.9272965603700847,5.687373474604914,1.9311655563346841,5.664252743616531
108.58631205558777,1.9272965603700847,5.687373474604914,1.9355350970415945,5.660680168291949
108.63663792610168,1.9272965603700847,5.687373474604914,1.9398457221793453,5.657007812779725
108.68720436096191,1.9272965603700847,5.687373474604914,1.944133967068114,5.653204230713153
108.73776435852051,1.9599714284976315,5.628627837995375,1.9483783045645509,5.649287359095312
108.78913760185242,1.9599714284976315,5.628627837995375,1.952646211487369,5.645191114478774
108.84383654594421,1.9599714284976315,5.628627837995375,1.957140551980312,5.640700939288081
108.89447212219238,1.9599714284976315,5.628627837995375,1.9612548958848965,5.636426127306899
108.94492864608765,1.9599714284976315,5.628627837995375,1.96531029127567,5.632053561398809
108.99584579467773,1.9599714284976315,5.628627837995375,1.9693574993570613,5.62752702321326
109.04659342765808,1.9599714284976315,5.628627837995375,1.973345766237573,5.622901719669177
109.09730315208435,1.9599714284976315,5.628627837995375,1.9772854363533896,5.618166521415716
109.14775586128235,1.9599714284976315,5.628627837995375,1.9811596114806378,5.613343044495672
109.19847416877747,1.9599714284976315,5.628627837995375,1.9850081373973445,5.6083814689454785
109.24934005737305,1.9599714284976315,5.628627837995375,1.988821221039818,5.6032921367679975
109.29984951019287,1.9599714284976315,5.628627837995375,1.9925610956633295,5.598126351172329
109.35025978088379,1.9599714284976315,5.628627837995375,1.996247169858257,5.59285949490163
109.40107440948486,1.9599714284976315,5.628627837995375,1.9999155715713555,5.587438129184706
109.45153522491455,1.9818733248142517,5.548942290963406,2.003511230850326,5.581943159866381
109.50212144851685,1.9818733248142517,5.548942290963406,2.0070683507512768,5.57632334496969
109.5530936717987,1.9818733248142517,5.548942290963406,2.010604266140558,5.570548235897038
109.60356402397156,1.9818733248142517,5.548942290963406,2.0140572872606475,5.564719003248212
109.65399622917175,1.9818733248142517,5.548942290963406,2.0174596507757734,5.558784059864179
109.70455193519592,1.9818733248142517,5.548942290963406,2.0208218810975733,5.552724299913654
109.75507426261902,1.9818733248142517,5.548942290963406,2.0241331574304664,5.5465584320166474
109.8055408000946,1.9818733248142517,5.548942290963406,2.0273918837520837,5.540289684357059
109.85598826408386,1.9818733248142517,5.548942290963406,2.0306002853013325,5.533913943982182
109.90669059753418,1.9818733248142517,5.548942290963406,2.0337751845113714,5.527396029050209
109.9578185081482,1.9818733248142517,5.548942290963406,2.0369260075067666,5.520711987695891
110.00944113731384,1.9818733248142517,5.548942290963406,2.0400553748393007,5.513849981881313
110.06017851829529,1.9818733248142517,5.548942290963406,2.043079962196273,5.506994946839108
110.11163306236267,1.9818733248142517,5.548942290963406,2.046095287956939,5.499931161760166
110.16275405883789,1.9921833294759757,5.44874849138193,2.0490389398530513,5.492801847467387
110.21344661712646,1.9921833294759757,5.44874849138193,2.051906363342315,5.485622943748357
110.26402711868286,1.9921833294759757,5.44874849138193,2.0547160305268215,5.4783516173398485
110.31555461883545,1.9921833294759757,5.44874849138193,2.0575252368740724,5.470833159938486
110.36621761322021,1.9921833294759757,5.44874849138193,2.0602348473476058,5.46333185975562
110.41718769073486,1.9921833294759757,5.44874849138193,2.0629081406018965,5.455676283274736
110.46787357330322,1.9921833294759757,5.44874849138193,2.065513827082835,5.447955403575585
110.51929974555969,1.9921833294759757,5.44874849138193,2.068103612939966,5.440011945791351
110.56979846954346,1.9921833294759757,5.44874849138193,2.0705935656705696,5.43210435456937
110.62037134170532,1.9921833294759757,5.44874849138193,2.073034177768473,5.424078748588609
110.67167901992798,1.9921833294759757,5.44874849138193,2.0754558137628223,5.4158279708697314
110.72229933738708,1.9921833294759757,5.44874849138193,2.077791038500406,5.407580820325865
110.77294659614563,1.9921833294759757,5.44874849138193,2.0800736250843967,5.399223261310345
110.82374739646912,1.9921833294759757,5.44874849138193,2.0823087588103295,5.3907340902313745
110.87525749206543,1.9925675378559806,5.331517718085908,2.0845192621794624,5.382017979617396
110.92609882354736,1.9925675378559806,5.331517718085908,2.0866456984775223,5.373308249457551
110.97680020332336,1.9925675378559806,5.331517718085908,2.0887112734642646,5.364517111163845
111.02766370773315,1.9925675378559806,5.331517718085908,2.0907280305521234,5.355592383966492
111.08443570137024,1.9925675378559806,5.331517718085908,2.092913225876501,5.345506489880038
111.13541626930237,1.9925675378559806,5.331517718085908,2.0948160733362853,5.336337912055885
111.18720507621765,1.9925675378559806,5.331517718085908,2.0966912666882886,5.326916177700692
111.23771643638611,1.9925675378559806,5.331517718085908,2.0984638457455196,5.317622461226158
111.28827023506165,1.9925675378559806,5.331517718085908,2.1001819704095928,5.308218002480181
111.33885836601257,1.9925675378559806,5.331517718085908,2.101845023259111,5.298704351036244
111.38920187950134,1.9925675378559806,5.331517718085908,2.1034439729390244,5.289134882717773
111.43966102600098,1.9925675378559806,5.331517718085908,2.104990266996496,5.279441789771029
111.49053382873535,1.9925675378559806,5.331517718085908,2.1064919377662523,5.269566503502352
111.54172039031982,1.9925675378559806,5.331517718085908,2.1079445894985938,5.259526497776116
111.59242057800293,1.9840646257628576,5.189207740085284,2.1093255988349076,5.249479531403505
111.64320278167725,1.9840646257628576,5.189207740085284,2.110650931332847,5.2393144870280075
111.69404482841492,1.9840646257628576,5.189207740085284,2.111919559175597,5.229035672387884
111.74518156051636,1.9840646257628576,5.189207740085284,2.1131365242989806,5.218594844368862
111.79609942436218,1.9840646257628576,5.189207740085284,2.1142892688651735,5.20809693373233
111.8465633392334,1.9840646257628576,5.189207740085284,2.115373436495036,5.197592718229856
111.8970775604248,1.9840646257628576,5.189207740085284,2.116400362657097,5.186978733514284
111.9475736618042,1.9840646257628576,5.189207740085284,2.1173684060952445,5.176269564390794
111.9981017112732,1.9840646257628576,5.189207740085284,2.1182783095610613,5.165454856495956
112.04863572120667,1.9840646257628576,5.189207740085284,2.119129347424308,5.15454036794357
112.09901809692383,1.9840646257628576,5.189207740085284,2.1199189315148628,5.143560869657484
112.14963865280151,1.9840646257628576,5.189207740085284,2.1206528306113626,5.132431471512981
112.20014786720276,1.9840646257628576,5.189207740085284,2.121325567476879,5.1212289642802755
112.25172281265259,1.9840646257628576,5.189207740085284,2.1219509286171783,5.109689827041676
112.30242824554443,1.96058949361928,5.027002183991712,2.1225049105254947,5.098246796704042
112.35290098190308,1.96058949361928,5.027002183991712,2.122996262845645,5.086759676938774
112.40323805809021,1.96058949361928,5.027002183991712,2.1234264083484775,5.075207759020701
112.4535825252533,1.96058949361928,5.027002183991712,2.123796621996619,5.063558900542617
112.50401163101196,1.96058949361928,5.027002183991712,2.1241071322572216,5.051795290263092
112.55441427230835,1.96058949361928,5.027002183991712,2.1243569772657453,5.03994300663203
112.60472249984741,1.96058949361928,5.027002183991712,2.1245458666012307,5.028018696113492
112.65504121780396,1.96058949361928,5.027002183991712,2.124674176304949,5.015998058221589
112.70546054840088,1.96058949361928,5.027002183991712,2.124741767289361,5.003859584455798
112.75591397285461,1.96058949361928,5.027002183991712,2.1247481391253276,4.9916192479666215
112.80637693405151,1.96058949361928,5.027002183991712,2.1246930439486102,4.979283222390591
112.85701251029968,1.96058949361928,5.027002183991712,2.1245758058859754,4.966811477648289
112.90762686729431,1.96058949361928,5.027002183991712,2.1243964325511375,4.954251680795144
112.9585690498352,1.9277992091386402,4.862343201232339,2.124152957266624,4.941516719045921
113.011727809906,1.9277992091386402,4.862343201232339,2.123831387908139,4.928127671389518
113.06224536895752,1.9277992091386402,4.862343201232339,2.1234617467634815,4.915309613273044
113.11290431022644,1.9277992091386402,4.862343201232339,2.123028232834105,4.902363808183459
113.16412496566772,1.9277992091386402,4.862343201232339,2.12252577783453,4.889181283223457
113.21510195732117,1.9277992091386402,4.862343201232339,2.1219615287251132,4.875968813732868
113.26649880409241,1.9277992091386402,4.862343201232339,2.121327651410751,4.862554317187356
113.31695175170898,1.9277992091386402,4.862343201232339,2.1206418040316226,4.849295514378366
113.36728644371033,1.9277992091386402,4.862343201232339,2.11989461819377,4.835978642070691
113.41798448562622,1.9277992091386402,4.862343201232339,2.119078339455089,4.8224759950806915
113.47011280059814,1.9277992091386402,4.862343201232339,2.118172222097018,4.808498994045349
113.52052521705627,1.9277992091386402,4.862343201232339,2.1172313559324034,4.7948923503959096
113.57092452049255,1.9277992091386402,4.862343201232339,2.1162271252883618,4.7812014310332955
113.62125635147095,1.9277992091386402,4.862343201232339,2.1151606302997825,4.76744158019973
113.67286992073059,1.8836773577885815,4.672768741897812,2.11400082149493,4.753241149124962
113.7236852645874,1.8836773577885815,4.672768741897812,2.1127933723631953,4.7391715167096855
113.77417087554932,1.8836773577885815,4.672768741897812,2.111529191312735,4.72510629136535
113.8249945640564,1.8836773577885815,4.672768741897812,2.1101914091733542,4.710859783212175
113.87599682807922,1.8836773577885815,4.672768741897812,2.108783098631082,4.696475760027254
113.92880702018738,1.8836773577885815,4.672768741897812,2.10725523765691,4.681489945429397
113.97952127456665,1.8836773577885815,4.672768741897812,2.1057212053588152,4.667011277973362
114.0301616191864,1.8836773577885815,4.672768741897812,2.104123970695922,4.652468455209152
114.08062982559204,1.8836773577885815,4.672768741897812,2.102466988272849,4.637890694624892
114.13112306594849,1.8836773577885815,4.672768741897812,2.1007439516859865,4.623221800443668
114.18173003196716,1.8836773577885815,4.672768741897812,2.0989514491513974,4.608436052358829
114.23220252990723,1.8836773577885815,4.672768741897812,2.0970981981206362,4.593606408710857
114.2826521396637,1.8836773577885815,4.672768741897812,2.095180296070656,4.578700867641334
114.33306074142456,1.8836773577885815,4.672768741897812,2.0931984467417464,4.563725333653036
114.38345098495483,1.830989129043559,4.466247208402377,2.0911517679320237,4.548673618054457
114.43393063545227,1.830989129043559,4.466247208402377,2.0890356381178363,4.533513756244641
114.48440408706665,1.830989129043559,4.466247208402377,2.086853798415255,4.5182746588955105
114.53491115570068,1.830989129043559,4.466247208402377,2.084604371744101,4.502944641052672
114.58852195739746,1.830989129043559,4.466247208402377,2.0821442238273877,4.4865846248672785
114.63925170898438,1.830989129043559,4.466247208402377,2.079747438575104,4.471020830231386
114.68979859352112,1.830989129043559,4.466247208402377,2.077292610908011,4.455433316407877
114.74043083190918,1.830989129043559,4.466247208402377,2.074766812628161,4.439740013453825
114.7913544178009,1.830989129043559,4.466247208402377,2.072158926383297,4.4238766039376145
114.84220218658447,1.830989129043559,4.466247208402377,2.069487234112356,4.407957379122861
114.89262890815735,1.830989129043559,4.466247208402377,2.0667707755860536,4.392091999900414
114.94310092926025,1.830989129043559,4.466247208402377,2.0639850894907967,4.376135029682446
114.99451541900635,1.830989129043559,4.466247208402377,2.061078598523813,4.359800970523991
115.04528212547302,1.830989129043559,4.466247208402377,2.058140525523735,4.343594785538592
115.10006284713745,1.7627190192014186,4.241266720973105,2.054894032512485,4.326020852610562
115.15063238143921,1.7627190192014186,4.241266720973105,2.0518268942102447,4.309718772794518
115.20120143890381,1.7627190192014186,4.241266720973105,2.0486922992746255,4.2933413307861485
115.25197958946228,1.7627190192014186,4.241266720973105,2.045476764111256,4.276820617300624
115.302649974823,1.7627190192014186,4.241266720973105,2.0422000775064597,4.26025992823771
115.35329222679138,1.7627190192014186,4.241266720973105,2.0388572925594373,4.243633971979699
115.4037733078003,1.7627190192014186,4.241266720973105,2.0354575030082547,4.226987273433019
115.45408225059509,1.7627190192014186,4.241266720973105,2.0320020507632455,4.210324606378001
115.50444507598877,1.7627190192014186,4.241266720973105,2.0284755853598666,4.1935717971435915
115.55549359321594,1.7627190192014186,4.241266720973105,2.024832314152159,4.1765175209820145
115.60587430000305,1.7627190192014186,4.241266720973105,2.021168738835179,4.159614354877457
115.65623831748962,1.7627190192014186,4.241266720973105,2.0174388356171695,4.142645741914263
115.70670199394226,1.7627190192014186,4.241266720973105,2.0136337653728607,4.12557274351127
115.75743198394775,1.7627190192014186,4.241266720973105,2.009740168984863,4.108338648211464
115.80817031860352,1.6736797218977515,3.999003543107764,2.005777237277575,4.091030963855775
115.86138367652893,1.6736797218977515,3.999003543107764,2.0015471292585043,4.072803477248923
115.9119324684143,1.6736797218977515,3.999003543107764,1.9974587493688443,4.055417548533559
115.9630138874054,1.6736797218977515,3.999003543107764,1.9932578730547381,4.037778466124351
116.01450967788696,1.6736797218977515,3.999003543107764,1.988952241243269,4.0199255794442985
116.06528544425964,1.6736797218977515,3.999003543107764,1.9846372870284834,4.002253257997195
116.11653017997742,1.6736797218977515,3.999003543107764,1.9802124445016565,3.9843486570367115
116.16767168045044,1.6736797218977515,3.999003543107764,1.9757263332200812,3.966411430102132
116.21894025802612,1.6736797218977515,3.999003543107764,1.9711586648106534,3.948361222832915
116.26978492736816,1.6736797218977515,3.999003543107764,1.966559104529635,3.9303930818889143
116.32023572921753,1.6736797218977515,3.999003543107764,1.9619265778357595,3.9124984650223764
116.37063932418823,1.6736797218977515,3.999003543107764,1.9572301231018163,3.8945557292631774
116.42120718955994,1.6736797218977515,3.999003543107764,1.9524497710408713,3.8764898247840494
116.47162175178528,1.6736797218977515,3.999003543107764,1.9476154963875585,3.858414645160891
116.52199339866638,1.5796781746583304,3.750984281721044,1.9427170909963096,3.840291444522318
116.57247686386108,1.5796781746583304,3.750984281721044,1.9377393475630733,3.8220648813745903
116.62300109863281,1.5796781746583304,3.750984281721044,1.9326889429632645,3.8037607836494276
116.67422604560852,1.5796781746583304,3.750984281721044,1.9274983747169863,3.785139152294737
116.72497177124023,1.5796781746583304,3.750984281721044,1.9222867357044107,3.7666289871712326
116.77537441253662,1.5796781746583304,3.750984281721044,1.9170417187811817,3.748182618871339
116.82720708847046,1.5796781746583304,3.750984281721044,1.9115765611068287,3.729149610782999
116.87995481491089,1.5796781746583304,3.750984281721044,1.9059406614979975,3.709715244586156
116.93041396141052,1.5796781746583304,3.750984281721044,1.9004791772564402,3.69106287948988
116.9810106754303,1.5796781746583304,3.750984281721044,1.8949339632802875,3.6723000509607275
117.03163862228394,1.5796781746583304,3.750984281721044,1.889316327790874,3.6534663679121113
117.08216905593872,1.5796781746583304,3.750984281721044,1.8836406929535918,3.634610315757233
117.13283133506775,1.5796781746583304,3.750984281721044,1.8778812301070422,3.6156467247349173
117.18341970443726,1.5796781746583304,3.750984281721044,1.8720612173090534,3.596652990391463
117.23463416099548,1.5796781746583304,3.750984281721044,1.8660989968794208,3.57736583458769
117.2851083278656,1.4730953571086283,3.4817782918311546,1.8601538818835586,3.5583005072216176
117.3355438709259,1.4730953571086283,3.4817782918311546,1.854144832975019,3.5391937667301647
117.38595724105835,1.4730953571086283,3.4817782918311546,1.8480700278803264,3.5200399599756436
117.43672227859497,1.4730953571086283,3.4817782918311546,1.841883763080959,3.500696991561207
117.48712801933289,1.4730953571086283,3.4817782918311546,1.8356727110358042,3.481436254308016
117.53763628005981,1.4730953571086283,3.4817782918311546,1.8293805102951397,3.4620821822673298
117.58806371688843,1.4730953571086283,3.4817782918311546,1.8230299797583633,3.4427054777858346
117.63847184181213,1.4730953571086283,3.4817782918311546,1.816613601208866,3.423283147207166
117.68965935707092,1.4730953571086283,3.4817782918311546,1.8100281842378876,3.4035067404200676
117.74022650718689,1.4730953571086283,3.4817782918311546,1.8034535157521077,3.3839172989313298
117.79157590866089,1.4730953571086283,3.4817782918311546,1.7967069291884283,3.3639717084235787
117.84205770492554,1.4730953571086283,3.4817782918311546,1.7900054007010886,3.3443114482039586
117.89256286621094,1.4730953571086283,3.4817782918311546,1.7832324129927757,3.324591312658796
117.94327878952026,1.4730953571086283,3.4817782918311546,1.776362397111982,3.304738271802036
117.99375867843628,1.3433365653813718,3.2015063272452573,1.769455967674657,3.2849277571472797
118.04445052146912,1.3433365653813718,3.2015063272452573,1.7624519241600014,3.264984490239319
118.09516263008118,1.3433365653813718,3.2015063272452573,1.7553763246693523,3.244984042867342
118.14723110198975,1.3433365653813718,3.2015063272452573,1.748039974715499,3.2243979720549225
118.20466351509094,1.3433365653813718,3.2015063272452573,1.7398638916232978,3.2016322681776055
118.25528001785278,1.3433365653813718,3.2015063272452573,1.7325851615238403,3.181517656910948
118.30570840835571,1.3433365653813718,3.2015063272452573,1.7252655601423288,3.1614311053409225
118.35630011558533,1.3433365653813718,3.2015063272452573,1.7178541836172945,3.1412331659359918
118.40698671340942,1.3433365653813718,3.2015063272452573,1.7103605920622327,3.120951303438175
118.45828819274902,1.3433365653813718,3.2015063272452573,1.702706529486337,3.100376991318055
118.50895953178406,1.3433365653813718,3.2015063272452573,1.6950778442421424,3.080010072520012
118.55956935882568,1.3433365653813718,3.2015063272452573,1.6873903945793844,3.059623423598255
118.61023426055908,1.3433365653813718,3.2015063272452573,1.6796265510167911,3.039170594963447
118.66087889671326,1.3433365653813718,3.2015063272452573,1.6717978573148615,3.018682461225376
118.71163964271545,1.2094718276067038,2.9351026440465753,1.6638831106716618,2.99810423739555
118.76263880729675,1.2094718276067038,2.9351026440465753,1.6558625997447463,2.977386402154437
118.81341886520386,1.2094718276067038,2.9351026440465753,1.6478083156578673,2.9567153094164467
118.86418557167053,1.2094718276067038,2.9351026440465753,1.6396881696969356,2.936008005377354
118.91502690315247,1.2094718276067038,2.9351026440465753,1.6314880473898326,2.915229044148487
118.96548628807068,1.2094718276067038,2.9351026440465753,1.6232822856827422,2.89456590893077
119.01628637313843,1.2094718276067038,2.9351026440465753,1.6149535338809071,2.8737232375714616
119.06707763671875,1.2094718276067038,2.9351026440465753,1.6065585204064965,2.8528445565733547
119.11758255958557,1.2094718276067038,2.9351026440465753,1.5981437922701507,2.8320448009594754
119.16821551322937,1.2094718276067038,2.9351026440465753,1.5896407158225672,2.811154011243505
119.21862244606018,1.2094718276067038,2.9351026440465753,1.5811090351476038,2.790318885495812
119.26954436302185,1.2094718276067038,2.9351026440465753,1.5724228522863812,2.769233330242134
119.32031869888306,1.2094718276067038,2.9351026440465753,1.5636945551751027,2.7481718090112417
119.37139868736267,1.2094718276067038,2.9351026440465753,1.5548460178150716,2.726946668787117
119.4218213558197,1.06864089677641,2.643601825365755,1.546044853301381,2.705958945229518
119.47222304344177,1.06864089677641,2.643601825365755,1.5371814313638776,2.68494500072929
119.52350783348083,1.06864089677641,2.643601825365755,1.5280951704553707,2.663527519504779
119.57459473609924,1.06864089677641,2.643601825365755,1.5189763473196387,2.6421577628658195
119.62547850608826,1.06864089677641,2.643601825365755,1.5098268052747312,2.620838862542941
119.67740607261658,1.06864089677641,2.643601825365755,1.5004207791699407,2.599048084197375
119.7280101776123,1.06864089677641,2.643601825365755,1.4911877379270657,2.5777796256519143
119.77854490280151,1.06864089677641,2.643601825365755,1.4819017260146363,2.5565082857458257
119.82924938201904,1.06864089677641,2.643601825365755,1.4725187245770943,2.5351338300483977
119.88008093833923,1.06864089677641,2.643601825365755,1.4630461744259098,2.5136744931518487
119.93078422546387,1.06864089677641,2.643601825365755,1.4535317860219,2.492238596786212
119.98152709007263,1.06864089677641,2.643601825365755,1.443944361777421,2.47075578338859
120.03228092193604,1.06864089677641,2.643601825365755,1.4342893375933015,2.4492386435413005
120.08275246620178,1.06864089677641,2.643601825365755,1.4246231537344838,2.4278122588595603
120.13317131996155,0.9091205344641329,2.3360560961707675,1.4149026137081908,2.4063799626919957
120.183837890625,0.9091205344641329,2.3360560961707675,1.405069559202035,2.3848144108613964
120.23439693450928,0.9091205344641329,2.3360560961707675,1.3951928004708911,2.363267211100831
120.28483295440674,0.9091205344641329,2.3360560961707675,1.3852759431192496,2.341745672206152
120.33539247512817,0.9091205344641329,2.3360560961707675,1.3752706533163441,2.3201451173399494
120.38597965240479,0.9091205344641329,2.3360560961707675,1.3651957518045794,2.2985068954524093
120.43665027618408,0.9091205344641329,2.3360560961707675,1.3550400606565263,2.2768075796029663
120.48743677139282,0.9091205344641329,2.3360560961707675,1.3447968496293758,2.2550336591992917
120.5381760597229,0.9091205344641329,2.3360560961707675,1.3344990296743355,2.2332555266290646
120.58864378929138,0.9091205344641329,2.3360560961707675,1.324192887899012,2.211570228175271
120.63915848731995,0.9091205344641329,2.3360560961707675,1.3138139523956616,2.1898415746672066
120.69094204902649,0.9091205344641329,2.3360560961707675,1.3031088388181704,2.1675436038598033
120.74181580543518,0.9091205344641329,2.3360560961707675,1.2925274209877857,2.1456147422762175
120.79221606254578,0.9091205344641329,2.3360560961707675,1.2819817202702526,2.1238683656211745
120.84265351295471,0.7343276689579147,2.0434840120225637,1.2713658539378763,2.102084922251051
120.89325976371765,0.7343276689579147,2.0434840120225637,1.260651902023414,2.0802079638167026
120.94395422935486,0.7343276689579147,2.0434840120225637,1.2498566142453869,2.058272693748852
120.99474692344666,0.7343276689579147,2.0434840120225637,1.2389776812841502,2.036275194826249
121.04550886154175,0.7343276689579147,2.0434840120225637,1.2280427757709909,2.01427181649391
121.09596920013428,0.7343276689579147,2.0434840120225637,1.2171110263190754,1.9923806693865764
121.14641880989075,0.7343276689579147,2.0434840120225637,1.2061201646096524,1.970476256234328
121.19759893417358,0.7343276689579147,2.0434840120225637,1.194907562689957,1.9482368876547502
121.24827718734741,0.7343276689579147,2.0434840120225637,1.183742974118223,1.9261984835397696
121.30034637451172,0.7343276689579147,2.0434840120225637,1.1722079564634287,1.9035380216043065
121.35146999359131,0.7343276689579147,2.0434840120225637,1.160819491449135,1.88127267116402
121.40232229232788,0.7343276689579147,2.0434840120225637,1.1494298066962383,1.8591099038151144
121.45468997955322,0.7343276689579147,2.0434840120225637,1.13763663970458,1.8362710089184762
121.50549721717834,0.7343276689579147,2.0434840120225637,1.1261329452574182,1.8140980015322015
121.55591034889221,0.5480366397104255,1.733735488860027,1.1146583810240787,1.7920832391990404
121.60644960403442,0.5480366397104255,1.733735488860027,1.1030952083003687,1.770000174495241
121.65690207481384,0.5480366397104255,1.733735488860027,1.0914922629253287,1.7479423402014431
121.7076644897461,0.5480366397104255,1.733735488860027,1.0797581073224327,1.7257367260196288
121.758380651474,0.5480366397104255,1.733735488860027,1.0679748122735082,1.7035395771937993
121.80921030044556,0.5480366397104255,1.733735488860027,1.0561053481900151,1.6812814839931107
121.85959577560425,0.5480366397104255,1.733735488860027,1.0442807215129652,1.6592072738082413
121.90998029708862,0.5480366397104255,1.733735488860027,1.0323978980995956,1.6371234260664986
121.96047401428223,0.5480366397104255,1.733735488860027,1.0204309168789585,1.6149821461325147
122.01105761528015,0.5480366397104255,1.733735488860027,1.008384217337745,1.5927923649208577
122.06150794029236,0.5480366397104255,1.733735488860027,0.9963112308212305,1.5706525066461436
122.11211490631104,0.5480366397104255,1.733735488860027,0.9841427512123166,1.5484358565537022
122.16250681877136,0.5480366397104255,1.733735488860027,0.9719684664072239,1.5263061202285946
122.21327376365662,0.5480366397104255,1.733735488860027,0.9596457596927781,1.5040046460048413
122.26378440856934,0.36181832107716144,1.4282172824187662,0.9473278909693166,1.4818092672240386
122.31551766395569,0.36181832107716144,1.4282172824187662,0.9346527750995455,1.4590704749450683
122.36695671081543,0.36181832107716144,1.4282172824187662,0.9219906866408514,1.4364553492376624
122.4175956249237,0.36181832107716144,1.4282172824187662,0.9094682658508622,1.4141870295809922
122.46821355819702,0.36181832107716144,1.4282172824187662,0.896894455812218,1.39192352929354
122.51863670349121,0.36181832107716144,1.4282172824187662,0.884313020430973,1.3697418385401259
122.56923127174377,0.36181832107716144,1.4282172824187662,0.8716328532623367,1.3474813766693001
122.61996126174927,0.36181832107716144,1.4282172824187662,0.8588627011832577,1.3251584726139725
122.67052221298218,0.36181832107716144,1.4282172824187662,0.8460794963395415,1.3029076201378307
122.72109007835388,0.36181832107716144,1.4282172824187662,0.8332392571364227,1.280651913943432
122.7717559337616,0.36181832107716144,1.4282172824187662,0.8203189247622928,1.2583517822153814
122.82226085662842,0.36181832107716144,1.4282172824187662,0.8073848704065378,1.23612170506342
122.87275457382202,0.36181832107716144,1.4282172824187662,0.7943992713029164,1.2138962967278666
122.92321109771729,0.36181832107716144,1.4282172824187662,0.7813691319913048,1.191687508131221
122.97365117073059,0.15831221798266096,1.1259265292420284,0.7682894267382614,1.169486719648439
123.02444672584534,0.15831221798266096,1.1259265292420284,0.7550634147321498,1.1471307522604741
123.07555675506592,0.15831221798266096,1.1259265292420284,0.7417009551012526,1.12463820475199
123.12720990180969,0.15831221798266096,1.1259265292420284,0.7281411553921511,1.1019090404751326
123.17794704437256,0.15831221798266096,1.1259265292420284,0.7147679169391852,1.0795858240043388
123.22917819023132,0.15831221798266096,1.1259265292420284,0.7012105290217301,1.0570486769231198
123.27997636795044,0.15831221798266096,1.1259265292420284,0.6877144646226423,1.0347059121378723
123.33073902130127,0.15831221798266096,1.1259265292420284,0.674175130108873,1.0123831849152267
123.38126730918884,0.15831221798266096,1.1259265292420284,0.6606462422696149,0.9901684118358187
123.43185043334961,0.15831221798266096,1.1259265292420284,0.6470509089357637,0.96793492952072
123.48258304595947,0.15831221798266096,1.1259265292420284,0.6333636432763559,0.9456416791387015
123.53419709205627,0.15831221798266096,1.1259265292420284,0.6193856631129315,0.9229677363701039
123.58489775657654,0.15831221798266096,1.1259265292420284,0.6056033599912181,0.9007020733565585
123.6355094909668,0.15831221798266096,1.1259265292420284,0.591794418831729,0.8784829295954262
123.68615412712097,-0.047171639297017794,0.8297313002264296,0.5779259574384876,0.8562573159842781
123.73697209358215,-0.047171639297017794,0.8297313002264296,0.5639594896398967,0.8339641650847591
123.78742170333862,-0.047171639297017794,0.8297313002264296,0.5500444561763143,0.8118415641958148
123.83787441253662,-0.047171639297017794,0.8297313002264296,0.5360792192736374,0.7897270318452383
123.88832831382751,-0.047171639297017794,0.8297313002264296,0.5220645789621399,0.7676219059247591
123.93903160095215,-0.047171639297017794,0.8297313002264296,0.5079315107203404,0.7454180251298022
123.98942637443542,-0.047171639297017794,0.8297313002264296,0.49383589224738866,0.7233601856022112
124.03999876976013,-0.047171639297017794,0.8297313002264296,0.47964222387401945,0.7012360638547404
124.09067559242249,-0.047171639297017794,0.8297313002264296,0.46537093158364584,0.6790782793302883
124.14183163642883,-0.047171639297017794,0.8297313002264296,0.45091592666648017,0.6567236788066291
124.19232892990112,-0.047171639297017794,0.8297313002264296,0.4365993116561051,0.6346699797980708
124.24303913116455,-0.047171639297017794,0.8297313002264296,0.4221748876059621,0.6125368331398691
124.29351162910461,-0.047171639297017794,0.8297313002264296,0.4077711589838504,0.5905214016225535
124.34431529045105,-0.047171639297017794,0.8297313002264296,0.39322595214496925,0.5683760933981254
124.39488673210144,-0.25805114789844824,0.5253693548288615,0.3787007270177516,0.5463470279626785
124.44578313827515,-0.25805114789844824,0.5253693548288615,0.3640356240038143,0.5241920382123022
124.49865865707397,-0.25805114789844824,0.5253693548288615,0.34875114745993363,0.5011926971881995
124.54937982559204,-0.25805114789844824,0.5253693548288615,0.33404269786894814,0.47914737568192023
124.60083031654358,-0.25805114789844824,0.5253693548288615,0.31907633452862694,0.45680252738701044
124.65275263786316,-0.25805114789844824,0.5253693548288615,0.303925651764716,0.4342711204424532
124.7044951915741,-0.25805114789844824,0.5253693548288615,0.2887807165121927,0.41183659427079045
124.75520968437195,-0.25805114789844824,0.5253693548288615,0.2738917671049972,0.38986660294855846
124.80556130409241,-0.25805114789844824,0.5253693548288615,0.2590656658121073,0.3680727031850253
124.85591769218445,-0.25805114789844824,0.5253693548288615,0.24419493628996403,0.34629604970504846
124.90660452842712,-0.25805114789844824,0.5253693548288615,0.22918328495823204,0.3243964828958479
124.95698642730713,-0.25805114789844824,0.5253693548288615,0.2142191731651666,0.3026490240864088
125.00804901123047,-0.25805114789844824,0.5253693548288615,0.1990097013612444,0.2806289493419234
125.05863070487976,-0.25805114789844824,0.5253693548288615,0.18390092541920522,0.25883778587075046
125.1090476512909,-0.47329055195643893,0.23297168866100673,0.16879954720493684,0.23713940759358376
125.15970969200134,-0.47329055195643893,0.23297168866100673,0.153583031105625,0.2153579632132907
125.21035695075989,-0.47329055195643893,0.23297168866100673,0.13832947373936433,0.19360581964309143
125.26099991798401,-0.47329055195643893,0.23297168866100673,0.12303606777741516,0.17187894177670615
125.31170320510864,-0.47329055195643893,0.23297168866100673,0.10768356421214831,0.1501501321188181
125.36270189285278,-0.47329055195643893,0.23297168866100673,0.09220068803196346,0.12831938761576422
125.41335821151733,-0.47329055195643893,0.23297168866100673,0.07678145424288196,0.10666016436152148
125.46417593955994,-0.47329055195643893,0.23297168866100673,0.06127307214842137,0.08495741033531323
125.51477146148682,-0.47329055195643893,0.23297168866100673,0.045793021081742324,0.06337538927547759
125.56540632247925,-0.47329055195643893,0.23297168866100673,0.030261831730809874,0.04180287340595923
125.61599159240723,-0.47329055195643893,0.23297168866100673,0.014707132438723125,0.02027821717968803
125.66650199890137,-0.47329055195643893,0.23297168866100673,-0.0008628234137062485,-0.0011874523649550994
125.71693015098572,-0.47329055195643893,0.23297168866100673,-0.01644523962117983,-0.02259065206626576
125.76732563972473,-0.47329055195643893,0.23297168866100673,-0.03205497077250996,-0.04395205770590649
125.81793403625488,-0.6882959826165093,-0.03765655509290482,-0.04776793838898907,-0.06537514268174194
125.86874914169312,-0.6882959826165093,-0.03765655509290482,-0.06358233353244014,-0.08685645488500793
125.9192841053009,-0.6882959826165093,-0.03765655509290482,-0.07934621186614077,-0.10818978061030027
125.97070598602295,-0.6882959826165093,-0.03765655509290482,-0.09542392901269237,-0.12986677778252242
126.02115368843079,-0.6882959826165093,-0.03765655509290482,-0.11123314110554716,-0.15110250692951377
126.07163071632385,-0.6882959826165093,-0.03765655509290482,-0.12708696141354014,-0.17231978203647524
126.12220454216003,-0.6882959826165093,-0.03765655509290482,-0.14300636162107594,-0.19354638749119868
126.17288541793823,-0.6882959826165093,-0.03765655509290482,-0.15899442531845231,-0.21478597388181142
126.2237479686737,-0.6882959826165093,-0.03765655509290482,-0.1750746322940575,-0.23606907650747244
126.27485656738281,-0.6882959826165093,-0.03765655509290482,-0.19126740727444425,-0.2574217493780573
126.32590937614441,-0.6882959826165093,-0.03765655509290482,-0.2074769431884831,-0.2787172307703172
126.37706875801086,-0.6882959826165093,-0.03765655509290482,-0.22375446955563616,-0.3000227249477505
126.42836952209473,-0.6882959826165093,-0.03765655509290482,-0.24011093336948885,-0.3213520047745382
126.48025846481323,-0.6882959826165093,-0.03765655509290482,-0.25668912862917637,-0.34288959978669364
126.53081154823303,-0.921972385432167,-0.3238374073741072,-0.2728732280568851,-0.3638372116446762
126.58170962333679,-0.921972385432167,-0.3238374073741072,-0.28920000672525026,-0.3848919140765623
126.63235259056091,-0.921972385432167,-0.3238374073741072,-0.3054766825320008,-0.40580491957641796
126.68299269676208,-0.921972385432167,-0.3238374073741072,-0.32178371376354153,-0.4266802188590244
126.73413753509521,-0.921972385432167,-0.3238374073741072,-0.33828464172672534,-0.44772605474878846
126.78498554229736,-0.921972385432167,-0.3238374073741072,-0.35472066834179383,-0.4686119050400612
126.83580756187439,-0.921972385432167,-0.3238374073741072,-0.37117866674420696,-0.4894489270278708
126.88663339614868,-0.921972385432167,-0.3238374073741072,-0.3876678873158794,-0.5102489152448371
126.93714165687561,-0.921972385432167,-0.3238374073741072,-0.40408340849691493,-0.5308802584719989
126.9876458644867,-0.921972385432167,-0.3238374073741072,-0.42052646958316586,-0.5514709518712602
127.03832268714905,-0.921972385432167,-0.3238374073741072,-0.4370543545252099,-0.5720923886141704
127.0889937877655,-0.921972385432167,-0.3238374073741072,-0.45360865915586635,-0.5926713646271575
127.1395161151886,-0.921972385432167,-0.3238374073741072,-0.47014213735730515,-0.6131495302879482
127.19076108932495,-0.921972385432167,-0.3238374073741072,-0.4869400450446153,-0.633878961507826
127.24205183982849,-1.1681073381152147,-0.6104107735625748,-0.50378073824875,-0.6545844651248887
127.29290056228638,-1.1681073381152147,-0.6104107735625748,-0.520503335464165,-0.6750691677812148
127.3453094959259,-1.1681073381152147,-0.6104107735625748,-0.53776679496888,-0.6961378105461489
127.39605689048767,-1.1681073381152147,-0.6104107735625748,-0.5545093916164072,-0.7164949180680702
127.44674730300903,-1.1681073381152147,-0.6104107735625748,-0.5712587687453214,-0.7367859181933141
127.49740219116211,-1.1681073381152147,-0.6104107735625748,-0.5880215534753446,-0.7570190907771897
127.54817199707031,-1.1681073381152147,-0.6104107735625748,-0.6048471939419002,-0.7772539969233359
127.59886431694031,-1.1681073381152147,-0.6104107735625748,-0.6216715566793085,-0.7974134773354402
127.65065670013428,-1.1681073381152147,-0.6104107735625748,-0.6388857908026178,-0.8179640254011338
127.70247149467468,-1.1681073381152147,-0.6104107735625748,-0.6561321031926397,-0.8384760810905916
127.75312161445618,-1.1681073381152147,-0.6104107735625748,-0.6730141601434263,-0.8584808341384687
127.80364441871643,-1.1681073381152147,-0.6104107735625748,-0.6898764289159112,-0.8783893415063109
127.85437846183777,-1.1681073381152147,-0.6104107735625748,-0.7068315591262033,-0.8983344792185375
127.90479707717896,-1.1681073381152147,-0.6104107735625748,-0.7237030730203893,-0.9181089300839127
127.95535349845886,-1.4065549699395492,-0.8669814726067947,-0.7406421198789261,-0.9378902910912121
128.00587677955627,-1.4065549699395492,-0.8669814726067947,-0.7575910890781659,-0.9576111208759739
128.05647325515747,-1.4065549699395492,-0.8669814726067947,-0.7745852739797661,-0.9773124606584558
128.1069324016571,-1.4065549699395492,-0.8669814726067947,-0.7915535222357963,-0.9969120229859938
128.15781664848328,-1.4065549699395492,-0.8669814726067947,-0.8086847292996253,-1.016627446322644
128.20839381217957,-1.4065549699395492,-0.8669814726067947,-0.8257320516563453,-1.0361744653440788
128.25919675827026,-1.4065549699395492,-0.8669814726067947,-0.8428746353588048,-1.0557587350048074
128.309956073761,-1.4065549699395492,-0.8669814726067947,-0.8600212612946132,-1.0752757248740665
128.36051559448242,-1.4065549699395492,-0.8669814726067947,-0.8771186302147296,-1.0946653524157792
128.4111201763153,-1.4065549699395492,-0.8669814726067947,-0.8942490476302889,-1.1140213547284579
128.46163058280945,-1.4065549699395492,-0.8669814726067947,-0.911364942524882,-1.1332901545855911
128.5122103691101,-1.4065549699395492,-0.8669814726067947,-0.9285213112182968,-1.1525337901352497
128.56263971328735,-1.4065549699395492,-0.8669814726067947,-0.9456431386754587,-1.1716683625099225
128.6132414340973,-1.4065549699395492,-0.8669814726067947,-0.9628396247309783,-1.1908159368930737
128.66405081748962,-1.639928584897683,-1.1190532545529017,-0.9801225234444404,-1.2099888828142404
128.71481204032898,-1.639928584897683,-1.1190532545529017,-0.9974044689672921,-1.2290900242112794
128.76541304588318,-1.639928584897683,-1.1190532545529017,-1.0146467954911556,-1.2480771379997442
128.81595182418823,-1.639928584897683,-1.1190532545529017,-1.0318823754948707,-1.2669869643065022
128.8668727874756,-1.639928584897683,-1.1190532545529017,-1.0492624822232253,-1.2859848874653466
128.9178228378296,-1.639928584897683,-1.1190532545529017,-1.0666663408966517,-1.304938118803225
128.9683973789215,-1.639928584897683,-1.1190532545529017,-1.0839551805453065,-1.3236963344831816
129.01908493041992,-1.639928584897683,-1.1190532545529017,-1.101295472145384,-1.3424407800202045
129.06956458091736,-1.639928584897683,-1.1190532545529017,-1.1185769722660388,-1.361052564139802
129.1199915409088,-1.639928584897683,-1.1190532545529017,-1.1358522990744033,-1.3795889744786858
129.1705460548401,-1.639928584897683,-1.1190532545529017,-1.1531828033621832,-1.3981157734562308
129.22120428085327,-1.639928584897683,-1.1190532545529017,-1.1705599635882664,-1.4166234665318618
129.2719271183014,-1.639928584897683,-1.1190532545529017,-1.1879699923641307,-1.4350971146056284
129.3225040435791,-1.639928584897683,-1.1190532545529017,-1.205340174666196,-1.453459815982454
129.373450756073,-1.8749856294960685,-1.3770417991617465,-1.2228472555517653,-1.471898050213834
129.42501711845398,-1.8749856294960685,-1.3770417991617465,-1.2405769383031868,-1.4905001494379704
129.47585773468018,-1.8749856294960685,-1.3770417991617465,-1.258066172511834,-1.5087805906033913
129.52634525299072,-1.8749856294960685,-1.3770417991617465,-1.2754424271425135,-1.5268749006530278
129.57693338394165,-1.8749856294960685,-1.3770417991617465,-1.292861359188639,-1.54494577366133
129.62739872932434,-1.8749856294960685,-1.3770417991617465,-1.3102456098104065,-1.5629130953977275
129.67800736427307,-1.8749856294960685,-1.3770417991617465,-1.3276864073125316,-1.5808712095081487
129.7284073829651,-1.8749856294960685,-1.3770417991617465,-1.3450620318956448,-1.5986950137610438
129.779203414917,-1.8749856294960685,-1.3770417991617465,-1.3625805320911317,-1.6165976468876464
129.8298316001892,-1.8749856294960685,-1.3770417991617465,-1.3800470490601795,-1.6343796212110426
129.880934715271,-1.8749856294960685,-1.3770417991617465,-1.3976829456779956,-1.6522657846365347
129.93144488334656,-1.8749856294960685,-1.3770417991617465,-1.4151192336808271,-1.6698822508369089
129.9823477268219,-1.8749856294960685,-1.3770417991617465,-1.4326956790245944,-1.6875728010090598
130.0329246520996,-1.8749856294960685,-1.3770417991617465,-1.4501637236074623,-1.705087234889651
130.0836489200592,-2.1317232910222366,-1.6264533245056165,-1.467686355444553,-1.7225894334842509
130.13413906097412,-2.1317232910222366,-1.6264533245056165,-1.485131346870976,-1.7399476004171028
130.18455171585083,-2.1317232910222366,-1.6264533245056165,-1.5025523513109413,-1.757215842424896
130.23519730567932,-2.1317232910222366,-1.6264533245056165,-1.5200562120274055,-1.77449986732044
130.2855887413025,-2.1317232910222366,-1.6264533245056165,-1.5374741431082835,-1.7916331582846023
130.3359875679016,-2.1317232910222366,-1.6264533245056165,-1.554896095497304,-1.8087047880721352
130.38657760620117,-2.1317232910222366,-1.6264533245056165,-1.5723851795520376,-1.825776319453265
130.43701815605164,-2.1317232910222366,-1.6264533245056165,-1.589823174391766,-1.8427323830350413
130.48831582069397,-2.1317232910222366,-1.6264533245056165,-1.6075576338121407,-1.8599096545249676
130.53895020484924,-2.1317232910222366,-1.6264533245056165,-1.6250624816198613,-1.8767983210375854
130.58930706977844,-2.1317232910222366,-1.6264533245056165,-1.6424706433668743,-1.8935285804854387
130.6396198272705,-2.1317232910222366,-1.6264533245056165,-1.6598623751174602,-1.910178300029209
130.69238996505737,-2.1317232910222366,-1.6264533245056165,-1.678101805303077,-1.927570130562923
130.7478575706482,-2.1317232910222366,-1.6264533245056165,-1.6972711060978563,-1.9457721372090082
130.7984266281128,-2.378077568707898,-1.8408501446115555,-1.7147447890907073,-1.9622958975180789
130.84952116012573,-2.378077568707898,-1.8408501446115555,-1.7323969519058626,-1.9789224915074661
130.90014743804932,-2.378077568707898,-1.8408501446115555,-1.7498838220341142,-1.9953281291481688
130.95072484016418,-2.378077568707898,-1.8408501446115555,-1.767349859912082,-2.0116494575921138
131.0012104511261,-2.378077568707898,-1.8408501446115555,-1.7847798134715918,-2.0278726149016055
131.05182695388794,-2.378077568707898,-1.8408501446115555,-1.8022501077960627,-2.0440687814575647
131.10253524780273,-2.378077568707898,-1.8408501446115555,-1.8197467624122168,-2.060224693045907
131.1529803276062,-2.378077568707898,-1.8408501446115555,-1.8371468613621151,-2.076227303304572
131.20375680923462,-2.378077568707898,-1.8408501446115555,-1.8546550406073152,-2.0922648074873855
131.25425624847412,-2.378077568707898,-1.8408501446115555,-1.8720610414874115,-2.1081446298987596
131.30509996414185,-2.378077568707898,-1.8408501446115555,-1.8895785483854806,-2.1240617176311947
131.35562229156494,-2.378077568707898,-1.8408501446115555,-1.9069777572917612,-2.1398073451572266
131.40606784820557,-2.378077568707898,-1.8408501446115555,-1.9243425492369497,-2.1554583038888677
131.45642566680908,-2.378077568707898,-1.8408501446115555,-1.9416687393369996,-2.1710112594309785
131.50693154335022,-2.598377210436494,-2.0486603187694574,-1.9590369903128144,-2.1865386334945915
131.55746269226074,-2.598377210436494,-2.0486603187694574,-1.9764045801285146,-2.2020020349484595
131.60845398902893,-2.598377210436494,-2.0486603187694574,-1.9939203799761132,-2.2175332283833322
131.65912914276123,-2.598377210436494,-2.0486603187694574,-2.0113172281976777,-2.232895183354175
131.70981335639954,-2.598377210436494,-2.0486603187694574,-2.0287064027511406,-2.2481868742568727
131.76172304153442,-2.598377210436494,-2.0486603187694574,-2.0465043647181798,-2.2637723284554565
131.81289625167847,-2.598377210436494,-2.0486603187694574,-2.0640377927743105,-2.2790611379586485
131.86600708961487,-2.598377210436494,-2.0486603187694574,-2.0822219767207537,-2.2948492542409924
131.91642451286316,-2.598377210436494,-2.0486603187694574,-2.0994711348463797,-2.3097614286099204
131.96684312820435,-2.598377210436494,-2.0486603187694574,-2.1167077250608823,-2.3246003729469074
132.0173590183258,-2.598377210436494,-2.0486603187694574,-2.133964103355955,-2.3393938952606312
132.0680923461914,-2.598377210436494,-2.0486603187694574,-2.151280733441464,-2.354176236848523
132.11888337135315,-2.598377210436494,-2.0486603187694574,-2.1686025161182267,-2.368899989536082
132.1693572998047,-2.598377210436494,-2.0486603187694574,-2.185801285414325,-2.3834568313215927
132.22027587890625,-2.812951529710581,-2.2529262314147065,-2.2031360842590137,-2.398065917281141
132.27074456214905,-2.812951529710581,-2.2529262314147065,-2.2203019165362385,-2.4124703586462513
132.32134199142456,-2.812951529710581,-2.2529262314147065,-2.237495287585605,-2.4268357850834095
132.37174654006958,-2.812951529710581,-2.2529262314147065,-2.2546064827311967,-2.4410707863129817
132.42224264144897,-2.812951529710581,-2.2529262314147065,-2.27173165572066,-2.455255681519052
132.47280025482178,-2.812951529710581,-2.2529262314147065,-2.28886008449162,-2.4693814507343212
132.52344298362732,-2.812951529710581,-2.2529262314147065,-2.305999230503206,-2.483454121673954
132.57413697242737,-2.812951529710581,-2.2529262314147065,-2.3231371024753136,-2.4974637427823
132.62564086914062,-2.812951529710581,-2.2529262314147065,-2.340529221129345,-2.511617753180666
132.67616939544678,-2.812951529710581,-2.2529262314147065,-2.3575723532112507,-2.5254256835823243
132.72690224647522,-2.812951529710581,-2.2529262314147065,-2.374664391782021,-2.5392114646577078
132.77824807167053,-2.812951529710581,-2.2529262314147065,-2.391942054152594,-2.5530840170354567
132.82895755767822,-2.812951529710581,-2.2529262314147065,-2.4089844990886684,-2.566705632588914
132.88050532341003,-2.812951529710581,-2.2529262314147065,-2.426286712363893,-2.580471723347846
132.9312710762024,-3.0462391358073435,-2.4461873598018005,-2.443304331435803,-2.5939492291979827
132.981703042984,-3.0462391358073435,-2.4461873598018005,-2.4601878757685727,-2.6072595495808444
133.03241419792175,-3.0462391358073435,-2.4461873598018005,-2.4771421323946115,-2.620564380172242
133.08299732208252,-3.0462391358073435,-2.4461873598018005,-2.4940303955124925,-2.633756317746979
133.1335437297821,-3.0462391358073435,-2.4461873598018005,-2.5108828078004293,-2.6468593574117634
133.18405961990356,-3.0462391358073435,-2.4461873598018005,-2.527701026518583,-2.659875060547771
133.23454642295837,-3.0462391358073435,-2.4461873598018005,-2.544485114804787,-2.672803735171116
133.2853364944458,-3.0462391358073435,-2.4461873598018005,-2.561344902846058,-2.685729640986666
133.3360414505005,-3.0462391358073435,-2.4461873598018005,-2.578150843614659,-2.6985532182946814
133.38770461082458,-3.0462391358073435,-2.4461873598018005,-2.5952475987696206,-2.711536029143333
133.43837666511536,-3.0462391358073435,-2.4461873598018005,-2.611989646251805,-2.7241880993042784
133.48891758918762,-3.0462391358073435,-2.4461873598018005,-2.628661545833526,-2.7367266627023183
133.5400092601776,-3.0462391358073435,-2.4461873598018005,-2.6454874273229825,-2.749319683824398
133.59047389030457,-3.0462391358073435,-2.4461873598018005,-2.6620790163940833,-2.7616768599708714
133.6415193080902,-3.0462391358073435,-2.4461873598018005,-2.678832992105466,-2.774093874978536
133.69203424453735,-3.2708761950064353,-2.60664702242504,-2.6953841164773555,-2.7863001045066342
133.7428388595581,-3.2708761950064353,-2.60664702242504,-2.712000858147175,-2.7984941328587865
133.7933075428009,-3.2708761950064353,-2.60664702242504,-2.728478182228142,-2.8105257381320654
133.84663009643555,-3.2708761950064353,-2.60664702242504,-2.7458547626661054,-2.8231489399633376
133.8970594406128,-3.2708761950064353,-2.60664702242504,-2.7622573221297215,-2.835003134566274
133.94764184951782,-3.2708761950064353,-2.60664702242504,-2.7786787452689996,-2.8468110205035315
133.9982624053955,-3.2708761950064353,-2.60664702242504,-2.795081093885395,-2.858545137695697
134.04876255989075,-3.2708761950064353,-2.60664702242504,-2.8114126174038243,-2.8701687710733808
134.09924912452698,-3.2708761950064353,-2.60664702242504,-2.8277075325591,-2.8817066725836247
134.14967679977417,-3.2708761950064353,-2.60664702242504,-2.843950837494545,-2.8931485090258424
134.20012736320496,-3.2708761950064353,-2.60664702242504,-2.8601684585734466,-2.9045127677204348
134.25055289268494,-3.2708761950064353,-2.60664702242504,-2.876344543821606,-2.915788505575899
134.30329608917236,-3.2708761950064353,-2.60664702242504,-2.893227805787525,-2.927493675067773
134.35495471954346,-3.4758350044812816,-2.75075767839091,-2.909727418402693,-2.938869948785453
134.4054229259491,-3.4758350044812816,-2.75075767839091,-2.9258114891381153,-2.949899624665259
134.45591974258423,-3.4758350044812816,-2.75075767839091,-2.9418692832598445,-2.9608518783813884
134.5064628124237,-3.4758350044812816,-2.75075767839091,-2.957905882746721,-2.971730207859826
134.55693864822388,-3.4758350044812816,-2.75075767839091,-2.9738848534682947,-2.982510099695652
134.60767531394958,-3.4758350044812816,-2.75075767839091,-2.989909388389687,-2.993260994445974
134.65834975242615,-3.4758350044812816,-2.75075767839091,-3.0058767842896654,-3.0039138034648483
134.7088975906372,-3.4758350044812816,-2.75075767839091,-3.021766516594778,-3.014455334611381
134.75946259498596,-3.4758350044812816,-2.75075767839091,-3.037623452180445,-3.0249157135780367
134.8099148273468,-3.4758350044812816,-2.75075767839091,-3.053406505128991,-3.035268172181159
134.86036133766174,-3.4758350044812816,-2.75075767839091,-3.0691488548473043,-3.0455348488193597
134.91085267066956,-3.4758350044812816,-2.75075767839091,-3.0848657844027922,-3.0557258086202768
134.96135592460632,-3.4758350044812816,-2.75075767839091,-3.1005465410333297,-3.0658341468716777
135.01175713539124,-3.4758350044812816,-2.75075767839091,-3.1161554040158657,-3.0758371627100947
135.06245255470276,-3.4758350044812816,-2.75075767839091,-3.13181441289405,-3.085812896169977
135.11338448524475,-3.6687805183005002,-2.895928921441329,-3.1475046496111916,-3.095748529061346
135.1638789176941,-3.6687805183005002,-2.895928921441329,-3.1630182777329368,-3.105512977312695
135.21443676948547,-3.6687805183005002,-2.895928921441329,-3.178509216547999,-3.115203950053887
135.26489186286926,-3.6687805183005002,-2.895928921441329,-3.1939261572440896,-3.124789587655535
135.31548690795898,-3.6687805183005002,-2.895928921441329,-3.209342772547976,-3.134315801727652
135.36620450019836,-3.6687805183005002,-2.895928921441329,-3.2247529791947294,-3.1437785422597253
135.41766262054443,-3.6687805183005002,-2.895928921441329,-3.240342967093836,-3.1532907861059845
135.46885108947754,-3.6687805183005002,-2.895928921441329,-3.2558056087958285,-3.162664478476177
135.52026224136353,-3.6687805183005002,-2.895928921441329,-3.2712892271215592,-3.171989798869026
135.57127046585083,-3.6687805183005002,-2.895928921441329,-3.2866051941078878,-3.181153641828116
135.62165212631226,-3.6687805183005002,-2.895928921441329,-3.3016873124875787,-3.1901184009696704
135.67235207557678,-3.6687805183005002,-2.895928921441329,-3.316818410518944,-3.19905290651071
135.72306275367737,-3.6687805183005002,-2.895928921441329,-3.3319058076703114,-3.2079020266754483
135.7737672328949,-3.6687805183005002,-2.895928921441329,-3.346944021304323,-3.216662712259982
135.82466340065002,-3.868803652376051,-3.02770767379072,-3.3619910395513912,-3.225368592472039
135.87556648254395,-3.868803652376051,-3.02770767379072,-3.3769915109810613,-3.2339874668050896
135.92635226249695,-3.868803652376051,-3.02770767379072,-3.3919085476958806,-3.242498512886156
135.97684407234192,-3.868803652376051,-3.02770767379072,-3.40669041540586,-3.2508731160101405
136.02770519256592,-3.868803652376051,-3.02770767379072,-3.4215307478619916,-3.2592210212874932
136.0782506465912,-3.868803652376051,-3.02770767379072,-3.43622916977559,-3.2674295948853307
136.1288356781006,-3.868803652376051,-3.02770767379072,-3.4508889604468482,-3.275557178687889
136.179678440094,-3.868803652376051,-3.02770767379072,-3.4655724643180528,-3.283637987377048
136.2316710948944,-3.868803652376051,-3.02770767379072,-3.4805347511033564,-3.2918100610977663
136.2826371192932,-3.868803652376051,-3.02770767379072,-3.495148832918942,-3.2997309139148716
136.3330466747284,-3.868803652376051,-3.02770767379072,-3.5095515341012433,-3.3074777164978495
136.38357090950012,-3.868803652376051,-3.02770767379072,-3.52393486535955,-3.315154705182944
136.43397879600525,-3.868803652376051,-3.02770767379072,-3.5382326373223503,-3.3227267293188616
136.48449802398682,-3.868803652376051,-3.02770767379072,-3.552509017162377,-3.3302279554739274
136.53544163703918,-4.0476563030284325,-3.1237579242321143,-3.56685119451321,-3.3377034213129257
136.58606553077698,-4.0476563030284325,-3.1237579242321143,-3.581049088226933,-3.3450436189194823
136.63647723197937,-4.0476563030284325,-3.1237579242321143,-3.5951332872071813,-3.352265486409626
136.6868884563446,-4.0476563030284325,-3.1237579242321143,-3.6091628661008546,-3.359399868227127
136.73762345314026,-4.0476563030284325,-3.1237579242321143,-3.623227117836672,-3.3664917734014708
136.78821921348572,-4.0476563030284325,-3.1237579242321143,-3.6371969688222165,-3.3734759644130508
136.83930325508118,-4.0476563030284325,-3.1237579242321143,-3.651244675353548,-3.380438114512371
136.8902506828308,-4.0476563030284325,-3.1237579242321143,-3.6651973809344014,-3.3872921030785
136.94142127037048,-4.0476563030284325,-3.1237579242321143,-3.679153038917358,-3.3940860739295426
136.9922697544098,-4.0476563030284325,-3.1237579242321143,-3.6929626844875107,-3.4007478670597986
137.0433053970337,-4.0476563030284325,-3.1237579242321143,-3.706764431950229,-3.4073445349802993
137.09364366531372,-4.0476563030284325,-3.1237579242321143,-3.720319537561163,-3.413763065138622
137.14436435699463,-4.0476563030284325,-3.1237579242321143,-3.733918900495589,-3.4201419484504143
137.1949279308319,-4.194424084211878,-3.2008765755570834,-3.7474170548949535,-3.426412724866916
137.24720120429993,-4.194424084211878,-3.2008765755570834,-3.761309168877946,-3.4328027860356
137.29917907714844,-4.194424084211878,-3.2008765755570834,-3.7750593825004417,-3.4390632325088877
137.34964632987976,-4.194424084211878,-3.2008765755570834,-3.788349070657804,-3.4450525110032038
137.40035676956177,-4.194424084211878,-3.2008765755570834,-3.801641943502575,-3.450982101257372
137.45110535621643,-4.194424084211878,-3.2008765755570834,-3.8148833376698734,-3.456827286772209
137.50163054466248,-4.194424084211878,-3.2008765755570834,-3.8280049414275927,-3.4625584278592303
137.55205082893372,-4.194424084211878,-3.2008765755570834,-3.8410377256599624,-3.468189826330092
137.602525472641,-4.194424084211878,-3.2008765755570834,-3.8540225504503067,-3.4737394059805764
137.65365076065063,-4.194424084211878,-3.2008765755570834,-3.8671110998708267,-3.479270883599078
137.70424699783325,-4.194424084211878,-3.2008765755570834,-3.8800007308467563,-3.484656311773624
137.7546718120575,-4.194424084211878,-3.2008765755570834,-3.89278346730986,-3.489935605965775
137.80564951896667,-4.194424084211878,-3.2008765755570834,-3.9056418021433887,-3.4951836123467857
137.85639452934265,-4.194424084211878,-3.2008765755570834,-3.918376573509894,-3.5003186321415765
137.90808486938477,-4.336507050853517,-3.275606043968745,-3.931281627243922,-3.5054580060270717
137.95906114578247,-4.336507050853517,-3.275606043968745,-3.943941822131421,-3.5104361560584407
138.00951623916626,-4.336507050853517,-3.275606043968745,-3.9564070713738575,-3.5152752019894584
138.06024813652039,-4.336507050853517,-3.275606043968745,-3.9688746052221915,-3.5200523432769653
138.111225605011,-4.336507050853517,-3.275606043968745,-3.9813353284854243,-3.524763297154001
138.1622724533081,-4.336507050853517,-3.275606043968745,-3.9937451524286605,-3.5293909831413948
138.21307039260864,-4.336507050853517,-3.275606043968745,-4.006026662177251,-3.5339070517236104
138.264634847641,-4.336507050853517,-3.275606043968745,-4.018423915739229,-3.5384004459601375
138.3150758743286,-4.336507050853517,-3.275606043968745,-4.03048285766041,-3.5427074493649346
138.36556220054626,-4.336507050853517,-3.275606043968745,-4.042484692043173,-3.5469307228696367
138.4161834716797,-4.336507050853517,-3.275606043968745,-4.054449984175653,-3.5510773373869013
138.46680903434753,-4.336507050853517,-3.275606043968745,-4.06634718734222,-3.5551362714372416
138.5174741744995,-4.336507050853517,-3.275606043968745,-4.078184123433653,-3.559110286026764
138.56799793243408,-4.336507050853517,-3.275606043968745,-4.089918346684514,-3.562985501054068
138.61867094039917,-4.477789100028688,-3.3385094079273383,-4.101616963230926,-3.566784238756241
138.66946744918823,-4.477789100028688,-3.3385094079273383,-4.1132730821709504,-3.5705039116483994
138.72037363052368,-4.477789100028688,-3.3385094079273383,-4.124882661466015,-3.574142954664611
138.7708694934845,-4.477789100028688,-3.3385094079273383,-4.136327373229483,-3.5776650377142696
138.82138681411743,-4.477789100028688,-3.3385094079273383,-4.147705530539802,-3.5811013481524374
138.87181687355042,-4.477789100028688,-3.3385094079273383,-4.158992419327043,-3.5844447230510377
138.92231392860413,-4.477789100028688,-3.3385094079273383,-4.170222241956498,-3.5877055059783354
138.97274923324585,-4.477789100028688,-3.3385094079273383,-4.181365992567012,-3.590875436238812
139.02343845367432,-4.477789100028688,-3.3385094079273383,-4.192492638975379,-3.593973926053602
139.0742015838623,-4.477789100028688,-3.3385094079273383,-4.203561591570166,-3.5969891952597934
139.12538123130798,-4.477789100028688,-3.3385094079273383,-4.214646110968627,-3.599940394807409
139.17678689956665,-4.477789100028688,-3.3385094079273383,-4.225703143044472,-3.602814942088142
139.22805166244507,-4.477789100028688,-3.3385094079273383,-4.2366532005343185,-3.6055921781011415
139.27925062179565,-4.477789100028688,-3.3385094079273383,-4.247512417193098,-3.6082767958089654
139.33057475090027,-4.604309314883167,-3.380079047489444,-4.258320794078973,-3.6108787404538196
139.3813247680664,-4.604309314883167,-3.380079047489444,-4.268931719236901,-3.613363815228999
139.43253898620605,-4.604309314883167,-3.380079047489444,-4.279562171216457,-3.6157832389264093
139.4830822944641,-4.604309314883167,-3.380079047489444,-4.289976650695833,-3.6180840118213413
139.5335373878479,-4.604309314883167,-3.380079047489444,-4.300296597090528,-3.6202947042871605
139.58434534072876,-4.604309314883167,-3.380079047489444,-4.310611275062427,-3.6224340584315025
139.63505101203918,-4.604309314883167,-3.380079047489444,-4.320827363448547,-3.6244823646687525
139.68588042259216,-4.604309314883167,-3.380079047489444,-4.330990002555562,-3.6264487983394664
139.7365918159485,-4.604309314883167,-3.380079047489444,-4.341050497420209,-3.628324094024588
139.78703427314758,-4.604309314883167,-3.380079047489444,-4.350979464268862,-3.63010376270598
139.83746933937073,-4.604309314883167,-3.380079047489444,-4.360828689793972,-3.6317978402194817
139.8883273601532,-4.604309314883167,-3.380079047489444,-4.370680904040486,-3.633419832475215
139.93894147872925,-4.604309314883167,-3.380079047489444,-4.380406165709396,-3.6349481265777506
139.9893500804901,-4.604309314883167,-3.380079047489444,-4.390012576751403,-3.6363851351891867
140.03981137275696,-4.702291915598629,-3.3950199791705074,-4.399549374551675,-3.6377387194187722
140.09062433242798,-4.702291915598629,-3.3950199791705074,-4.4090717710784455,-3.639015992891701
140.1424102783203,-4.702291915598629,-3.3950199791705074,-4.418692671415228,-3.640229319648763
140.19325828552246,-4.702291915598629,-3.3950199791705074,-4.428056637530268,-3.6413339626327312
140.24476957321167,-4.702291915598629,-3.3950199791705074,-4.437458873540219,-3.6423655397146852
140.29603838920593,-4.702291915598629,-3.3950199791705074,-4.44673268860439,-3.643304970245507
140.34664916992188,-4.702291915598629,-3.3950199791705074,-4.455804791260814,-3.64414705769807
140.39743781089783,-4.702291915598629,-3.3950199791705074,-4.464825869050674,-3.64490705400125
140.44799041748047,-4.702291915598629,-3.3950199791705074,-4.473722229064689,-3.6455790438821736
140.49910140037537,-4.702291915598629,-3.3950199791705074,-4.48263255625073,-3.6461729137969514
140.55294370651245,-4.702291915598629,-3.3950199791705074,-4.491927011332907,-3.646705644071254
140.60338878631592,-4.702291915598629,-3.3950199791705074,-4.500549017538008,-3.647118443645444
140.6537048816681,-4.702291915598629,-3.3950199791705074,-4.509065777140565,-3.6474471438457456
140.70403122901917,-4.702291915598629,-3.3950199791705074,-4.5175008476159375,-3.6476930887567525
140.75467586517334,-4.784542300763164,-3.4071988506373327,-4.5259047332600275,-3.6478571152981205
140.80505967140198,-4.784542300763164,-3.4071988506373327,-4.534180889121952,-3.6479373516676565
140.8554220199585,-4.784542300763164,-3.4071988506373327,-4.542369043555452,-3.6479350228895036
140.90583157539368,-4.784542300763164,-3.4071988506373327,-4.550479997059581,-3.6478502119368246
140.95653748512268,-4.784542300763164,-3.4071988506373327,-4.558552668136619,-3.6476818079102484
141.00703883171082,-4.784542300763164,-3.4071988506373327,-4.56650677700134,-3.647431403904785
141.05772805213928,-4.784542300763164,-3.4071988506373327,-4.574403879048164,-3.6470972530139605
141.10861802101135,-4.784542300763164,-3.4071988506373327,-4.582244684276393,-3.646678477593765
141.15933680534363,-4.784542300763164,-3.4071988506373327,-4.589971515778422,-3.6461782290347053
141.2100908756256,-4.784542300763164,-3.4071988506373327,-4.5976158870481205,-3.645594969241012
141.26097083091736,-4.784542300763164,-3.4071988506373327,-4.605190732227588,-3.644927431050853
141.31141138076782,-4.784542300763164,-3.4071988506373327,-4.612612421698852,-3.6441839626176065
141.36196756362915,-4.784542300763164,-3.4071988506373327,-4.619963182301015,-3.643357338575658
141.4130609035492,-4.784542300763164,-3.4071988506373327,-4.627302305203851,-3.6424392577923834
141.46400237083435,-4.857064915249518,-3.409994845306532,-4.634529514632418,-3.641441342979756
141.51534152030945,-4.857064915249518,-3.409994845306532,-4.64172183492572,-3.640352412275118
141.56577134132385,-4.857064915249518,-3.409994845306532,-4.648697240786875,-3.639201606054404
141.61664080619812,-4.857064915249518,-3.409994845306532,-4.655643293123342,-3.637959456899585
141.66716265678406,-4.857064915249518,-3.409994845306532,-4.662451976950326,-3.6366451501636217
141.71750807762146,-4.857064915249518,-3.409994845306532,-4.669147489303425,-3.635255666983612
141.7678201198578,-4.857064915249518,-3.409994845306532,-4.675749148257013,-3.63378774086872
141.8183376789093,-4.857064915249518,-3.409994845306532,-4.682287576450163,-3.6322341802586884
141.86874413490295,-4.857064915249518,-3.409994845306532,-4.688721279145524,-3.630604687043553
141.91922616958618,-4.857064915249518,-3.409994845306532,-4.69507391854102,-3.6288935007795864
141.96963334083557,-4.857064915249518,-3.409994845306532,-4.701326303013786,-3.6271059113640494
142.0201816558838,-4.857064915249518,-3.409994845306532,-4.707504789098202,-3.6252342975656573
142.0705955028534,-4.857064915249518,-3.409994845306532,-4.7135754164717705,-3.623289044778976
142.12103819847107,-4.857064915249518,-3.409994845306532,-4.719557886038775,-3.62126429635814
142.17156219482422,-4.916234736639245,-3.3849818971382515,-4.725457867432894,-3.61915789045849
142.22318148612976,-4.916234736639245,-3.3849818971382515,-4.731390269118914,-3.6169250043058088
142.27364826202393,-4.916234736639245,-3.3849818971382515,-4.737096666148519,-3.6146632128662994
142.3244972229004,-4.916234736639245,-3.3849818971382515,-4.742752480464979,-3.6123057461931225
142.37781381607056,-4.916234736639245,-3.3849818971382515,-4.748581378882257,-3.6097494312292273
142.42835068702698,-4.916234736639245,-3.3849818971382515,-4.754010317088648,-3.60724681233939
142.47889590263367,-4.916234736639245,-3.3849818971382515,-4.759346392748023,-3.604666527207196
142.52947235107422,-4.916234736639245,-3.3849818971382515,-4.764591675082947,-3.6020075314309223
142.58054447174072,-4.916234736639245,-3.3849818971382515,-4.769792616617072,-3.5992444191973263
142.63123989105225,-4.916234736639245,-3.3849818971382515,-4.774859808981105,-3.5964243367063764
142.68187427520752,-4.916234736639245,-3.3849818971382515,-4.779825805279119,-3.59353094645442
142.73247170448303,-4.916234736639245,-3.3849818971382515,-4.784693014104738,-3.590563317931249
142.78292655944824,-4.916234736639245,-3.3849818971382515,-4.789451555933321,-3.5875282752282995
142.8350532054901,-4.916234736639245,-3.3849818971382515,-4.794267949952905,-3.584313434831119
142.88598108291626,-4.944832604767185,-3.345023164707449,-4.798875376638167,-3.5810949952097877
142.93664026260376,-4.944832604767185,-3.345023164707449,-4.80336197606527,-3.5778177459415996
142.98726892471313,-4.944832604767185,-3.345023164707449,-4.807749478112493,-3.5744671822432244
143.03802013397217,-4.944832604767185,-3.345023164707449,-4.8120506675946615,-3.571033204151983
143.08873844146729,-4.944832604767185,-3.345023164707449,-4.816251898554464,-3.5675263673611033
143.1393165588379,-4.944832604767185,-3.345023164707449,-4.820344569290242,-3.563954711901153
143.1897497177124,-4.944832604767185,-3.345023164707449,-4.824328905088047,-3.5603194414173984
143.24050402641296,-4.944832604767185,-3.345023164707449,-4.828241015465657,-3.5565868121779007
143.2915551662445,-4.944832604767185,-3.345023164707449,-4.832077030209991,-3.5527575001007055
143.3426284790039,-4.944832604767185,-3.345023164707449,-4.835815175438914,-3.5488516553463785
143.3935477733612,-4.944832604767185,-3.345023164707449,-4.8394427363217805,-3.5448832934330463
143.44416332244873,-4.944832604767185,-3.345023164707449,-4.842950182863019,-3.5408653326323747
143.49603724479675,-4.944832604767185,-3.345023164707449,-4.846442752556531,-3.536671942825514
143.54671502113342,-4.944832604767185,-3.345023164707449,-4.8497548070533725,-3.532501664604406
143.59736847877502,-4.952686583796885,-3.3033794459602484,-4.852966335816133,-3.528260971495537
143.6479308605194,-4.952686583796885,-3.3033794459602484,-4.856073256059236,-3.523955954381327
143.69858384132385,-4.952686583796885,-3.3033794459602484,-4.859086546523352,-3.519571402786808
143.74940013885498,-4.952686583796885,-3.3033794459602484,-4.8620096011760685,-3.5151007416931197
143.79976797103882,-4.952686583796885,-3.3033794459602484,-4.864807888045542,-3.51059865669282
143.85027360916138,-4.952686583796885,-3.3033794459602484,-4.867514715991666,-3.5060136596751317
143.90108823776245,-4.952686583796885,-3.3033794459602484,-4.870137763778391,-3.501329535347987
143.95174717903137,-4.952686583796885,-3.3033794459602484,-4.872652415700466,-3.496589062370873
144.00237107276917,-4.952686583796885,-3.3033794459602484,-4.875065054231611,-3.491781617889596
144.05298686027527,-4.952686583796885,-3.3033794459602484,-4.877376921909141,-3.4869050015593572
144.10376572608948,-4.952686583796885,-3.3033794459602484,-4.8795952078634315,-3.4819426703367533
144.15459036827087,-4.952686583796885,-3.3033794459602484,-4.88171399739584,-3.4769059294294404
144.20521426200867,-4.952686583796885,-3.3033794459602484,-4.883723313787424,-3.471819803356025
144.2559151649475,-4.952686583796885,-3.3033794459602484,-4.885634391396696,-3.4666569159472647
144.30673933029175,-4.951918147314154,-3.245960190514639,-4.887448213765951,-3.461412426490212
144.3574149608612,-4.951918147314154,-3.245960190514639,-4.889155000709879,-3.456114712375312
144.40814065933228,-4.951918147314154,-3.245960190514639,-4.890761583956925,-3.450743492210374
144.4612376689911,-4.951918147314154,-3.245960190514639,-4.892333906764363,-3.445048317264766
144.5118317604065,-4.951918147314154,-3.245960190514639,-4.893727881279963,-3.4395525591231695
144.5627884864807,-4.951918147314154,-3.245960190514639,-4.895028886066097,-3.433949596849087
144.61353588104248,-4.951918147314154,-3.245960190514639,-4.896221708877661,-3.4283023036611384
144.66437792778015,-4.951918147314154,-3.245960190514639,-4.897313701072242,-3.4225773704807976
144.7152121067047,-4.951918147314154,-3.245960190514639,-4.898302256893983,-3.4167864616168613
144.7656683921814,-4.951918147314154,-3.245960190514639,-4.899181217505705,-3.410972778538938
144.81641697883606,-4.951918147314154,-3.245960190514639,-4.899962384468424,-3.405059560162551
144.8675034046173,-4.951918147314154,-3.245960190514639,-4.9006444031639695,-3.3990405682878846
144.91821479797363,-4.951918147314154,-3.245960190514639,-4.901217740460032,-3.393000163767847
144.96924328804016,-4.951918147314154,-3.245960190514639,-4.901690270961749,-3.3868563190699117
145.02214193344116,-4.928874905529669,-3.1677041839188917,-4.902069440310939,-3.380418092089249
145.0725700855255,-4.928874905529669,-3.1677041839188917,-4.902325876039784,-3.3742152532505423
145.12311172485352,-4.928874905529669,-3.1677041839188917,-4.902479908719091,-3.3679348114886696
145.17355275154114,-4.928874905529669,-3.1677041839188917,-4.902530731683086,-3.361603646198989
145.22413682937622,-4.928874905529669,-3.1677041839188917,-4.902478347640889,-3.3551913955368025
145.27557969093323,-4.928874905529669,-3.1677041839188917,-4.902318812155624,-3.348605756432067
145.32637643814087,-4.928874905529669,-3.1677041839188917,-4.90205602368933,-3.3420392961841783
145.37696290016174,-4.928874905529669,-3.1677041839188917,-4.90169027349911,-3.3354375861613264
145.42747950553894,-4.928874905529669,-3.1677041839188917,-4.9012213065428,-3.3287831257180853
145.47814798355103,-4.928874905529669,-3.1677041839188917,-4.90064671078342,-3.3220468660889937
145.52878427505493,-4.928874905529669,-3.1677041839188917,-4.899968105715754,-3.315253370133419
145.5798568725586,-4.928874905529669,-3.1677041839188917,-4.899177862407192,-3.308339363302522
145.63102960586548,-4.928874905529669,-3.1677041839188917,-4.8982794162699035,-3.3013496993218356
145.6818368434906,-4.928874905529669,-3.1677041839188917,-4.897281677865797,-3.294348782029223
145.73265862464905,-4.879624633205367,-3.0844918033395565,-4.896178188724468,-3.28728519872905
145.78298616409302,-4.879624633205367,-3.0844918033395565,-4.894981399344889,-3.280230836300524
145.8336317539215,-4.879624633205367,-3.0844918033395565,-4.893672457063584,-3.2730724674395164
145.884348154068,-4.879624633205367,-3.0844918033395565,-4.89225646469327,-3.2658446733548683
145.9349184036255,-4.879624633205367,-3.0844918033395565,-4.89073963599404,-3.258578828060888
145.9857304096222,-4.879624633205367,-3.0844918033395565,-4.889109962035745,-3.2512193558065867
146.03624272346497,-4.879624633205367,-3.0844918033395565,-4.8873849160182825,-3.2438451030431734
146.08678245544434,-4.879624633205367,-3.0844918033395565,-4.885554104808874,-3.2364091096542547
146.13737297058105,-4.879624633205367,-3.0844918033395565,-4.883616370983521,-3.2289081295240387
146.1879231929779,-4.879624633205367,-3.0844918033395565,-4.88157510524556,-3.2213559751885086
146.23836851119995,-4.879624633205367,-3.0844918033395565,-4.8794333067860105,-3.213762872122512
146.28895783424377,-4.879624633205367,-3.0844918033395565,-4.877180225715501,-3.2060916171079903
146.33945083618164,-4.879624633205367,-3.0844918033395565,-4.874826359476408,-3.19837890217609
146.38993620872498,-4.879624633205367,-3.0844918033395565,-4.872367843219023,-3.190611683112277
146.4406020641327,-4.813687442972247,-2.998205057678888,-4.869794924063898,-3.182761065716172
146.49159002304077,-4.813687442972247,-2.998205057678888,-4.867098783967979,-3.1748046153374134
146.54218125343323,-4.813687442972247,-2.998205057678888,-4.864317620050318,-3.1668549629805307
146.59304356575012,-4.813687442972247,-2.998205057678888,-4.861415070548569,-3.1588077184165364
146.64362454414368,-4.813687442972247,-2.998205057678888,-4.858422650068949,-3.150750638466445
146.69419527053833,-4.813687442972247,-2.998205057678888,-4.85532519674479,-3.1426413508242828
146.74459886550903,-4.813687442972247,-2.998205057678888,-4.852132838067534,-3.1345056322979796
146.79512572288513,-4.813687442972247,-2.998205057678888,-4.848827284942715,-3.1262970185160333
146.84607887268066,-4.813687442972247,-2.998205057678888,-4.845386955749744,-3.117965757314528
146.89682793617249,-4.813687442972247,-2.998205057678888,-4.841853684722433,-3.109614918430293
146.947491645813,-4.813687442972247,-2.998205057678888,-4.838220090688114,-3.1012257633371076
146.99820804595947,-4.813687442972247,-2.998205057678888,-4.834476351926558,-3.0927758320092
147.04873895645142,-4.813687442972247,-2.998205057678888,-4.830640446338566,-3.0843053584280273
147.09956669807434,-4.738480008439635,-2.9043456390293287,-4.826675390861527,-3.075733671136805
147.1502330303192,-4.738480008439635,-2.9043456390293287,-4.822616490553928,-3.0671381933288098
147.20092844963074,-4.738480008439635,-2.9043456390293287,-4.818448888037556,-3.058487158672113
147.25150513648987,-4.738480008439635,-2.9043456390293287,-4.814185006549687,-3.0498062769864425
147.30207705497742,-4.738480008439635,-2.9043456390293287,-4.80981561842726,-3.041076522084799
147.35271978378296,-4.738480008439635,-2.9043456390293287,-4.805333980638239,-3.032285102616304
147.4031958580017,-4.738480008439635,-2.9043456390293287,-4.800761405829953,-3.023473733658408
147.45393347740173,-4.738480008439635,-2.9043456390293287,-4.79605880519004,-3.014567883557099
147.5047948360443,-4.738480008439635,-2.9043456390293287,-4.791237740385982,-3.005591542793179
147.5603542327881,-4.738480008439635,-2.9043456390293287,-4.785848936810849,-2.995730682943652
147.61107301712036,-4.738480008439635,-2.9043456390293287,-4.780818037253368,-2.9866788528737613
147.6614670753479,-4.738480008439635,-2.9043456390293287,-4.775713866701821,-2.9776379866857687
147.7120385169983,-4.738480008439635,-2.9043456390293287,-4.770486044647809,-2.9685185675685877
147.76297688484192,-4.738480008439635,-2.9043456390293287,-4.765113281641439,-2.9592860222158404
147.81407046318054,-4.631977228794906,-2.787272769020077,-4.759616278394491,-2.9499783690279315
147.86439418792725,-4.631977228794906,-2.787272769020077,-4.7540965184545465,-2.9407653308115926
147.9149889945984,-4.631977228794906,-2.787272769020077,-4.748441418926882,-2.9314573770561987
147.96563506126404,-4.631977228794906,-2.787272769020077,-4.742674565659618,-2.9220948778384415
148.0161156654358,-4.631977228794906,-2.787272769020077,-4.736821023056306,-2.912718411438728
148.06654953956604,-4.631977228794906,-2.787272769020077,-4.730867719503674,-2.9033065662294595
148.11696004867554,-4.631977228794906,-2.787272769020077,-4.724812150022989,-2.8938554350183177
148.16747999191284,-4.631977228794906,-2.787272769020077,-4.718638129539158,-2.884340371574695
148.21795129776,-4.631977228794906,-2.787272769020077,-4.7123648250015275,-2.874791433100265
148.26837348937988,-4.631977228794906,-2.787272769020077,-4.705992642964295,-2.865209198784999
148.3188190460205,-4.631977228794906,-2.787272769020077,-4.699512548493361,-2.8555802919215116
148.37030267715454,-4.631977228794906,-2.787272769020077,-4.692790907888407,-2.845710064724594
148.42089533805847,-4.631977228794906,-2.787272769020077,-4.686079162994988,-2.835968535422945
148.47138142585754,-4.631977228794906,-2.787272769020077,-4.679276442904918,-2.826206281573152
148.52180194854736,-4.499021426878931,-2.6626350315782883,-4.6723778140617815,-2.8164159521940375
148.57234907150269,-4.499021426878931,-2.6626350315782883,-4.665356851382178,-2.8065605292788662
148.6230878829956,-4.499021426878931,-2.6626350315782883,-4.658203581395764,-2.7966273122749365
148.67354893684387,-4.499021426878931,-2.6626350315782883,-4.650984519300681,-2.7867086798238434
148.7239809036255,-4.499021426878931,-2.6626350315782883,-4.643665111392886,-2.7767564864631646
148.77456879615784,-4.499021426878931,-2.6626350315782883,-4.63621817958336,-2.7667344462062213
148.8254997730255,-4.499021426878931,-2.6626350315782883,-4.628614688245863,-2.7566052797413096
148.87613582611084,-4.499021426878931,-2.6626350315782883,-4.620949809682279,-2.746496196639982
148.92702841758728,-4.499021426878931,-2.6626350315782883,-4.613140265423995,-2.7362975267502216
148.9778504371643,-4.499021426878931,-2.6626350315782883,-4.605235750880238,-2.7260749927122405
149.02834749221802,-4.499021426878931,-2.6626350315782883,-4.5972771466796765,-2.715880584436649
149.07893586158752,-4.499021426878931,-2.6626350315782883,-4.589199655273113,-2.7056308987457918
149.12936925888062,-4.499021426878931,-2.6626350315782883,-4.581042884968951,-2.6953762806613444
149.18017506599426,-4.499021426878931,-2.6626350315782883,-4.5727209564967115,-2.6850096427095647
149.23092579841614,-4.3500351665381025,-2.538447490781544,-4.564303000406838,-2.6746182524836875
149.2817838191986,-4.3500351665381025,-2.538447490781544,-4.555762019770647,-2.664169194763356
149.33247232437134,-4.3500351665381025,-2.538447490781544,-4.547144791828307,-2.6537197893471176
149.382892370224,-4.3500351665381025,-2.538447490781544,-4.538469591312998,-2.6432912676928484
149.433363199234,-4.3500351665381025,-2.538447490781544,-4.529682262578893,-2.6328182014909514
149.4841284751892,-4.3500351665381025,-2.538447490781544,-4.520739424762569,-2.6222500613720383
149.5353491306305,-4.3500351665381025,-2.538447490781544,-4.511610519939661,-2.6115529807118394
149.5869336128235,-4.3500351665381025,-2.538447490781544,-4.502309432214202,-2.60074565820852
149.6380627155304,-4.3500351665381025,-2.538447490781544,-4.492984274152253,-2.59000021281094
149.6884994506836,-4.3500351665381025,-2.538447490781544,-4.483681939800556,-2.579367959787379
149.7391119003296,-4.3500351665381025,-2.538447490781544,-4.474244030558875,-2.568666784452554
149.78963208198547,-4.3500351665381025,-2.538447490781544,-4.464720383992959,-2.5579536511974568
149.84047174453735,-4.3500351665381025,-2.538447490781544,-4.455032809806871,-2.5471414207377996
149.89116096496582,-4.3500351665381025,-2.538447490781544,-4.445270462768732,-2.5363302641833085
149.94263744354248,-4.18662620309258,-2.408116303730861,-4.4352509245399965,-2.5253199992549846
149.99325037002563,-4.18662620309258,-2.408116303730861,-4.425295881763601,-2.5144641772467953
150.04416060447693,-4.18662620309258,-2.408116303730861,-4.415178878899356,-2.503514708606402
150.09462237358093,-4.18662620309258,-2.408116303730861,-4.405048714931192,-2.4926325089173824
150.14513325691223,-4.18662620309258,-2.408116303730861,-4.394806853161608,-2.481711005229017
150.19557929039001,-4.18662620309258,-2.408116303730861,-4.384476590379372,-2.470775236134761
150.24608755111694,-4.18662620309258,-2.408116303730861,-4.3740320558808445,-2.459798040504981
150.29663372039795,-4.18662620309258,-2.408116303730861,-4.3634781233331505,-2.4487850061795533
150.347252368927,-4.18662620309258,-2.408116303730861,-4.352807391598006,-2.4377288977383094
150.3977906703949,-4.18662620309258,-2.408116303730861,-4.342052253539047,-2.4266634888222254
150.44852209091187,-4.18662620309258,-2.408116303730861,-4.3311543287972984,-2.415529203438617
150.49897265434265,-4.18662620309258,-2.408116303730861,-4.320215855923348,-2.4044305233977843
150.55008697509766,-4.18662620309258,-2.408116303730861,-4.309031038579666,-2.393159739628764
150.60064458847046,-4.18662620309258,-2.408116303730861,-4.297866781222258,-2.3819862756690497
150.65112590789795,-4.00228388461575,-2.2673487686698777,-4.286619060508491,-2.3708048228387852
150.70226311683655,-4.00228388461575,-2.2673487686698777,-4.275123175607084,-2.3594531709521833
150.75349807739258,-4.00228388461575,-2.2673487686698777,-4.263502513105843,-2.348055066828668
150.80571365356445,-4.00228388461575,-2.2673487686698777,-4.251553748628927,-2.336413733712234
150.8561828136444,-4.00228388461575,-2.2673487686698777,-4.239903410137522,-2.3251381034685474
150.90682816505432,-4.00228388461575,-2.2673487686698777,-4.228112564298984,-2.31380012702713
150.9576005935669,-4.00228388461575,-2.2673487686698777,-4.216191929942862,-2.3024109850775942
151.00937700271606,-4.00228388461575,-2.2673487686698777,-4.203932443369381,-2.2907736164438033
151.06017756462097,-4.00228388461575,-2.2673487686698777,-4.19180299112057,-2.279333393404058
151.11093592643738,-4.00228388461575,-2.2673487686698777,-4.1795838685147935,-2.2678811211196925
151.16173243522644,-4.00228388461575,-2.2673487686698777,-4.167255939239864,-2.2563990684755937
151.21228098869324,-4.00228388461575,-2.2673487686698777,-4.15488944914621,-2.2449524282210116
151.26454067230225,-4.00228388461575,-2.2673487686698777,-4.1420009933396145,-2.233097077536371
151.31502223014832,-4.00228388461575,-2.2673487686698777,-4.129451505079093,-2.221625009993992
151.36603093147278,-3.7994477137090126,-2.1264761944375743,-4.11667180364662,-2.2100134918346073
151.41679787635803,-3.7994477137090126,-2.1264761944375743,-4.103853903531856,-2.1984377839095783
151.4674150943756,-3.7994477137090126,-2.1264761944375743,-4.090975917351345,-2.1868775165684005
151.51794147491455,-3.7994477137090126,-2.1264761944375743,-4.078023768902318,-2.1753197632343997
151.56885695457458,-3.7994477137090126,-2.1264761944375743,-4.064873780205743,-2.163654972382115
151.61954140663147,-3.7994477137090126,-2.1264761944375743,-4.051685871545656,-2.152025524999125
151.67073130607605,-3.7994477137090126,-2.1264761944375743,-4.0382678428338945,-2.1402626950939894
151.7212963104248,-3.7994477137090126,-2.1264761944375743,-4.0249165483037626,-2.128626676312306
151.77538347244263,-3.7994477137090126,-2.1264761944375743,-4.01052872540694,-2.1161621187426087
151.82602167129517,-3.7994477137090126,-2.1264761944375743,-3.996958798712801,-2.104475916136548
151.87661910057068,-3.7994477137090126,-2.1264761944375743,-3.9833038567661525,-2.0927836133693996
151.9273464679718,-3.7994477137090126,-2.1264761944375743,-3.9695178071382493,-2.0810461130218094
151.9779872894287,-3.7994477137090126,-2.1264761944375743,-3.955659593140191,-2.0693138775408357
152.02837347984314,-3.7994477137090126,-2.1264761944375743,-3.9417764108917837,-2.057626384006365
152.0795557498932,-3.5777272618173326,-1.9862733976760247,-3.927577461541712,-2.0457400769506506
152.13014578819275,-3.5777272618173326,-1.9862733976760247,-3.9134475558634882,-2.0339776783796975
152.18093705177307,-3.5777272618173326,-1.9862733976760247,-3.8991664281032694,-2.0221552571618013
152.232754945755,-3.5777272618173326,-1.9862733976760247,-3.8844987820885937,-2.010080611832807
152.2834861278534,-3.5777272618173326,-1.9862733976760247,-3.870043246784151,-1.998246616788641
152.33513569831848,-3.5777272618173326,-1.9862733976760247,-3.8552292197429328,-1.9861860150999187
152.38585996627808,-3.5777272618173326,-1.9862733976760247,-3.840585782080338,-1.9743297232980404
152.4362816810608,-3.5777272618173326,-1.9862733976760247,-3.8259368346319738,-1.9625329935357552
152.48676133155823,-3.5777272618173326,-1.9862733976760247,-3.811178575860148,-1.950711951665586
152.53732442855835,-3.5777272618173326,-1.9862733976760247,-3.7963034170248995,-1.9388609641624983
152.58773374557495,-3.5777272618173326,-1.9862733976760247,-3.7813816004947447,-1.9270360378457718
152.63837385177612,-3.5777272618173326,-1.9862733976760247,-3.7662993418884514,-1.9151473244050143
152.68898582458496,-3.5777272618173326,-1.9862733976760247,-3.751133470180522,-1.9032559393313089
152.73961305618286,-3.5777272618173326,-1.9862733976760247,-3.735871287659594,-1.891352077927161
152.78989815711975,-3.3427678053859826,-1.8430283953835405,-3.7206216888538126,-1.8795202400343718
152.8402976989746,-3.3427678053859826,-1.8430283953835405,-3.7052470981369448,-1.8676534347070304
152.89084601402283,-3.3427678053859826,-1.8430283953835405,-3.6897366085072965,-1.855743897710767
152.94184494018555,-3.3427678053859826,-1.8430283953835405,-3.6739962693088555,-1.8437207661581185
152.99265098571777,-3.3427678053859826,-1.8430283953835405,-3.658224278939894,-1.8317360785145675
153.04328966140747,-3.3427678053859826,-1.8430283953835405,-3.6424139718201523,-1.8197842787378664
153.09496665000916,-3.3427678053859826,-1.8430283953835405,-3.626186866383527,-1.8075810288041982
153.14575052261353,-3.3427678053859826,-1.8430283953835405,-3.6101493573213643,-1.7955827916609426
153.19631338119507,-3.3427678053859826,-1.8430283953835405,-3.5940924654038993,-1.783631355441298
153.24671339988708,-3.3427678053859826,-1.8430283953835405,-3.5779990215684254,-1.77171341131159
153.2973871231079,-3.3427678053859826,-1.8430283953835405,-3.5617296345972504,-1.7597260962652181
153.3482084274292,-3.3427678053859826,-1.8430283953835405,-3.5453239917963852,-1.7476995726290152
153.398916721344,-3.3427678053859826,-1.8430283953835405,-3.528866426736119,-1.7356958876699125
153.44954800605774,-3.3427678053859826,-1.8430283953835405,-3.5123460553979253,-1.7237069236286529
153.49993872642517,-3.082916501382885,-1.6850696679325632,-3.4958173712715723,-1.7117718195984677
153.55032968521118,-3.082916501382885,-1.6850696679325632,-3.47920231286915,-1.6998339391442485
153.60079097747803,-3.082916501382885,-1.6850696679325632,-3.4624778932773754,-1.6878770463551085
153.65133810043335,-3.082916501382885,-1.6850696679325632,-3.4456388859224663,-1.6758978350237443
153.70176434516907,-3.082916501382885,-1.6850696679325632,-3.428754553789518,-1.6639456706983606
153.7521562576294,-3.082916501382885,-1.6850696679325632,-3.4117966263699637,-1.6520004212304242
153.80257511138916,-3.082916501382885,-1.6850696679325632,-3.394744817610652,-1.6400479353201942
153.85331559181213,-3.082916501382885,-1.6850696679325632,-3.377498903633972,-1.6280187219534628
153.9037525653839,-3.082916501382885,-1.6850696679325632,-3.360271633687472,-1.6160613577644107
153.95436692237854,-3.082916501382885,-1.6850696679325632,-3.3428993967653198,-1.6040622110892258
154.00479459762573,-3.082916501382885,-1.6850696679325632,-3.325507498591597,-1.5921079632089221
154.05533242225647,-3.082916501382885,-1.6850696679325632,-3.307994084565159,-1.580128619285648
154.10584211349487,-3.082916501382885,-1.6850696679325632,-3.290407202253132,-1.5681573317961894
154.15638899803162,-2.8257579274161846,-1.547342234284476,-3.2727244163467963,-1.5561789898841978
154.2069160938263,-2.8257579274161846,-1.547342234284476,-3.2549659531838793,-1.5442074688700487
154.25764799118042,-2.8257579274161846,-1.547342234284476,-3.2370527629434944,-1.5321899408823687
154.3081498146057,-2.8257579274161846,-1.547342234284476,-3.2191388002204175,-1.5202297893349432
154.35890078544617,-2.8257579274161846,-1.547342234284476,-3.2010543743604067,-1.5082138961545004
154.4104516506195,-2.8257579274161846,-1.547342234284476,-3.182601031582111,-1.496012350857951
154.46203017234802,-2.8257579274161846,-1.547342234284476,-3.1640535455299363,-1.4838084129893119
154.5125811100006,-2.8257579274161846,-1.547342234284476,-3.1457941684364563,-1.471852018142271
154.5633249282837,-2.8257579274161846,-1.547342234284476,-3.127384427242821,-1.4598547628754601
154.61575436592102,-2.8257579274161846,-1.547342234284476,-3.1082786052527913,-1.4474643822945383
154.66617846488953,-2.8257579274161846,-1.547342234284476,-3.0898228579540743,-1.435553468108036
154.71667408943176,-2.8257579274161846,-1.547342234284476,-3.071262005644988,-1.423631484448173
154.7673099040985,-2.8257579274161846,-1.547342234284476,-3.052570672239276,-1.4116826207210114
154.8177981376648,-2.8257579274161846,-1.547342234284476,-3.033855462102874,-1.399775145510767
154.87123656272888,-2.551978530950021,-1.4088432779658637,-3.013961833856815,-1.3871794180072707
154.92358136177063,-2.551978530950021,-1.4088432779658637,-2.994391164695004,-1.374849385570487
154.97625303268433,-2.551978530950021,-1.4088432779658637,-2.9746146221855003,-1.362450678234021
155.0285623073578,-2.551978530950021,-1.4088432779658637,-2.954891502087152,-1.3501459398358886
155.07926559448242,-2.551978530950021,-1.4088432779658637,-2.935695701158173,-1.3382275943676372
155.13008570671082,-2.551978530950021,-1.4088432779658637,-2.916378792465606,-1.3262906654276456
155.18058252334595,-2.551978530950021,-1.4088432779658637,-2.897108913253311,-1.314438835826779
155.23095393180847,-2.551978530950021,-1.4088432779658637,-2.8778119343769664,-1.3026258931880799
155.28129816055298,-2.551978530950021,-1.4088432779658637,-2.8584509422684,-1.2908291102525977
155.3320472240448,-2.551978530950021,-1.4088432779658637,-2.8388593404366973,-1.2789477225137031
155.38279819488525,-2.551978530950021,-1.4088432779658637,-2.8191921649494702,-1.267076544193962
155.43395113945007,-2.551978530950021,-1.4088432779658637,-2.799293882397554,-1.2551224856843692
155.4845175743103,-2.551978530950021,-1.4088432779658637,-2.779549808928466,-1.2433168443550549
155.5348732471466,-2.551978530950021,-1.4088432779658637,-2.7598153636284968,-1.2315719778290801
155.585289478302,-2.2603510718734774,-1.2590391214739138,-2.7399849306259103,-1.2198248996922576
155.63562846183777,-2.2603510718734774,-1.2590391214739138,-2.7201131401485674,-1.2081080586573645
155.68608379364014,-2.2603510718734774,-1.2590391214739138,-2.700123878581616,-1.1963767536651073
155.73653602600098,-2.2603510718734774,-1.2590391214739138,-2.680064623737565,-1.1846591451802524
155.78746795654297,-2.2603510718734774,-1.2590391214739138,-2.6597428136908317,-1.1728436378346787
155.83810091018677,-2.2603510718734774,-1.2590391214739138,-2.6394691634367673,-1.1611112940992698
155.88930439949036,-2.2603510718734774,-1.2590391214739138,-2.6188953586037353,-1.1492611017505663
155.93979859352112,-2.2603510718734774,-1.2590391214739138,-2.598536342469346,-1.1375895450116698
155.99049949645996,-2.2603510718734774,-1.2590391214739138,-2.578024245990926,-1.125885022478267
156.0409972667694,-2.2603510718734774,-1.2590391214739138,-2.5575252822481094,-1.114242491191884
156.09200644493103,-2.2603510718734774,-1.2590391214739138,-2.536749177489651,-1.1024976950816845
156.14290833473206,-2.2603510718734774,-1.2590391214739138,-2.515947522926449,-1.0907936207165427
156.1936535835266,-2.2603510718734774,-1.2590391214739138,-2.4951414478033533,-1.0791418355793478
156.2446358203888,-2.2603510718734774,-1.2590391214739138,-2.4741698244643784,-1.0674523406741194
156.29519748687744,-1.947001455257243,-1.1094833862869538,-2.453303932906913,-1.0558761541635837
156.34558749198914,-1.947001455257243,-1.1094833862869538,-2.432442652462012,-1.0443563266242615
156.39601111412048,-1.947001455257243,-1.1094833862869538,-2.4115016913209195,-1.032846190620696
156.4468023777008,-1.947001455257243,-1.1094833862869538,-2.3903419698282655,-1.0212700419577572
156.4974808692932,-1.947001455257243,-1.1094833862869538,-2.3691635620441556,-1.0097378442958682
156.54822206497192,-1.947001455257243,-1.1094833862869538,-2.3478936680156295,-0.9982099746108326
156.59888434410095,-1.947001455257243,-1.1094833862869538,-2.3265921185453378,-0.9867189314076774
156.64924097061157,-1.947001455257243,-1.1094833862869538,-2.3053554139487846,-0.975316255108595
156.69980001449585,-1.947001455257243,-1.1094833862869538,-2.2839699172978394,-0.9638871676395584
156.7503252029419,-1.947001455257243,-1.1094833862869538,-2.2625356854868968,-0.9524855026311227
156.80105805397034,-1.947001455257243,-1.1094833862869538,-2.240950374688921,-0.9410571880810652
156.85163044929504,-1.947001455257243,-1.1094833862869538,-2.2193709617684103,-0.9296855017257291
156.90284538269043,-1.947001455257243,-1.1094833862869538,-2.1974543644092672,-0.9181905082443924
156.95346927642822,-1.947001455257243,-1.1094833862869538,-2.175728826685282,-0.9068494377065424
157.00421857833862,-1.6252012290524394,-0.977034921033578,-2.1538881842124082,-0.8955018189926549
157.05473518371582,-1.6252012290524394,-0.977034921033578,-2.132087194161761,-0.8842279770153612
157.10517406463623,-1.6252012290524394,-0.977034921033578,-2.1102599804887605,-0.8729934436831339
157.16000056266785,-1.6252012290524394,-0.977034921033578,-2.0864668272625284,-0.8608068923401615
157.21041893959045,-1.6252012290524394,-0.977034921033578,-2.0645253555350536,-0.8496237171102519
157.26104640960693,-1.6252012290524394,-0.977034921033578,-2.0424342393097894,-0.8384172026535062
157.31148529052734,-1.6252012290524394,-0.977034921033578,-2.020367423804227,-0.8272757031640441
157.36199140548706,-1.6252012290524394,-0.977034921033578,-1.9982136522111194,-0.8161429368838493
157.4126467704773,-1.6252012290524394,-0.977034921033578,-1.9759370386343773,-0.8050012889792062
157.46312737464905,-1.6252012290524394,-0.977034921033578,-1.953680575699139,-0.7939223168299852
157.5138328075409,-1.6252012290524394,-0.977034921033578,-1.9312684675693506,-0.782818668642379
157.56429290771484,-1.6252012290524394,-0.977034921033578,-1.9089090255467862,-0.7717935937637321
157.61480045318604,-1.6252012290524394,-0.977034921033578,-1.8864733083414524,-0.7607832819466465
157.66765189170837,-1.6252012290524394,-0.977034921033578,-1.8629377423660332,-0.749289265430725
157.7182695865631,-1.2997241951493967,-0.8447197155466141,-1.8403411252547497,-0.7383074788147863
157.76890015602112,-1.2997241951493967,-0.8447197155466141,-1.8176846508272406,-0.7273490858752996
157.81951093673706,-1.2997241951493967,-0.8447197155466141,-1.7949834197363104,-0.7164214525550148
157.87003564834595,-1.2997241951493967,-0.8447197155466141,-1.7722678029560557,-0.705539106135169
157.92077898979187,-1.2997241951493967,-0.8447197155466141,-1.7494010785084138,-0.6946368236808582
157.9719934463501,-1.2997241951493967,-0.8447197155466141,-1.7262688756637754,-0.6836612187095339
158.0226035118103,-1.2997241951493967,-0.8447197155466141,-1.7033576632369045,-0.6728429702447762
158.07302045822144,-1.2997241951493967,-0.8447197155466141,-1.6804829622804807,-0.6620938042605933
158.12382054328918,-1.2997241951493967,-0.8447197155466141,-1.6573835140742847,-0.6512913114713359
158.1743083000183,-1.2997241951493967,-0.8447197155466141,-1.634375932296163,-0.6405837314736265
158.2248260974884,-1.2997241951493967,-0.8447197155466141,-1.6113051005506855,-0.6298985043511092
158.2758469581604,-1.2997241951493967,-0.8447197155466141,-1.5879547009472494,-0.6191363282840525
158.3267903327942,-1.2997241951493967,-0.8447197155466141,-1.5645903025800258,-0.6084203245245603
158.37744092941284,-1.2997241951493967,-0.8447197155466141,-1.5413116779688805,-0.5977957446976725
158.42906880378723,-0.9869374327019549,-0.7134992743411477,-1.517534641157221,-0.5869970836880074
158.47976207733154,-0.9869374327019549,-0.7134992743411477,-1.494140142331632,-0.5764245639341787
158.53035020828247,-0.9869374327019549,-0.7134992743411477,-1.4707473588534294,-0.5659045392034527
158.58104038238525,-0.9869374327019549,-0.7134992743411477,-1.4472609854307594,-0.55539420296043
158.63190507888794,-0.9869374327019549,-0.7134992743411477,-1.4236475613054942,-0.5448790624005797
158.6827998161316,-0.9869374327019549,-0.7134992743411477,-1.399974387001568,-0.5343894571996368
158.73349356651306,-0.9869374327019549,-0.7134992743411477,-1.3763496569215938,-0.5239731220943606
158.78420186042786,-0.9869374327019549,-0.7134992743411477,-1.3526736799179597,-0.5135858718063822
158.83500719070435,-0.9869374327019549,-0.7134992743411477,-1.32890829912298,-0.5032111899099387
158.88608598709106,-0.9869374327019549,-0.7134992743411477,-1.304971015580312,-0.49281368171109197
158.9368908405304,-0.9869374327019549,-0.7134992743411477,-1.2811188771098552,-0.4825050509059592
158.98773527145386,-0.9869374327019549,-0.7134992743411477,-1.2572055025300077,-0.47222172585933997
159.03846836090088,-0.9869374327019549,-0.7134992743411477,-1.2333024747266954,-0.4619944292264506
159.08980083465576,-0.9869374327019549,-0.7134992743411477,-1.2090748482976785,-0.4516806444522157
159.14039969444275,-0.634027256083148,-0.583570713860462,-1.1851524453733044,-0.4415483322202931
159.19099068641663,-0.634027256083148,-0.583570713860462,-1.1611935559218693,-0.43145167982182064
159.24185419082642,-0.634027256083148,-0.583570713860462,-1.1370655977666388,-0.42133526180135394
159.2924680709839,-0.634027256083148,-0.583570713860462,-1.1130167434646852,-0.41130321157413174
159.34304547309875,-0.634027256083148,-0.583570713860462,-1.0889465655001,-0.40131324587989337
159.39468050003052,-0.634027256083148,-0.583570713860462,-1.0643337276852542,-0.39115058784350776
159.44681072235107,-0.634027256083148,-0.583570713860462,-1.0394450915917754,-0.3809278508124492
159.49769067764282,-0.634027256083148,-0.583570713860462,-1.0151153945931575,-0.3709867767069186
159.54827523231506,-0.634027256083148,-0.583570713860462,-0.990890286488858,-0.3611394031336652
159.59871244430542,-0.634027256083148,-0.583570713860462,-0.9666998598735859,-0.3513566845313436
159.64966702461243,-0.634027256083148,-0.583570713860462,-0.9422254397892704,-0.3415103422525716
159.70064306259155,-0.634027256083148,-0.583570713860462,-0.9177051831387649,-0.33169703952366225
159.75118446350098,-0.634027256083148,-0.583570713860462,-0.8933594357769641,-0.32200437387273073
159.80172324180603,-0.634027256083148,-0.583570713860462,-0.8689810684075439,-0.3123492590057726
159.85216856002808,-0.2789691725106118,-0.46314442500171715,-0.8446145164670774,-0.3027491831814708
159.90259289741516,-0.2789691725106118,-0.46314442500171715,-0.8202254050008219,-0.2931904643882879
159.95346546173096,-0.2789691725106118,-0.46314442500171715,-0.7955869026482858,-0.2835848729939192
160.00417470932007,-0.2789691725106118,-0.46314442500171715,-0.7709954494275648,-0.2740484372469316
160.05454301834106,-0.2789691725106118,-0.46314442500171715,-0.746538186676611,-0.2646142248257064
160.10500717163086,-0.2789691725106118,-0.46314442500171715,-0.7220037798693746,-0.255200377829917
160.15544080734253,-0.2789691725106118,-0.46314442500171715,-0.6974541297901198,-0.24583077231920392
160.2058129310608,-0.2789691725106118,-0.46314442500171715,-0.672904932035997,-0.23651128832227153
160.25621104240417,-0.2789691725106118,-0.46314442500171715,-0.6483141011844357,-0.22722592196936198
160.30646991729736,-0.2789691725106118,-0.46314442500171715,-0.6237628780370543,-0.21800520593086414
160.3568298816681,-0.2789691725106118,-0.46314442500171715,-0.5991344237052506,-0.20880522604946705
160.40744614601135,-0.2789691725106118,-0.46314442500171715,-0.574353068881106,-0.199598268875274
160.45813512802124,-0.2789691725106118,-0.46314442500171715,-0.5495089631978285,-0.1904183385820586
160.50912070274353,-0.2789691725106118,-0.46314442500171715,-0.5244926282041595,-0.18122555495183112
160.55977702140808,0.0834765200206913,-0.3513864314109539,-0.49961170934450694,-0.17213294049947292
160.61018323898315,0.0834765200206913,-0.3513864314109539,-0.4748283129720212,-0.16312580481400119
160.66084265708923,0.0834765200206913,-0.3513864314109539,-0.4498955169944918,-0.15411443079611598
160.71155500411987,0.0834765200206913,-0.3513864314109539,-0.4249122055800696,-0.14513502902210051
160.76203680038452,0.0834765200206913,-0.3513864314109539,-0.4000187038573009,-0.13623778764062555
160.81246304512024,0.0834765200206913,-0.3513864314109539,-0.3751294573979158,-0.1273917205972035
160.86336469650269,0.0834765200206913,-0.3513864314109539,-0.34998265540669904,-0.11850441179076654
160.91423153877258,0.0834765200206913,-0.3513864314109539,-0.3248306126769127,-0.10966570061730208
160.9649019241333,0.0834765200206913,-0.3513864314109539,-0.2997539621283797,-0.1009035918229948
161.01542782783508,0.0834765200206913,-0.3513864314109539,-0.27472774691041324,-0.09220887230368069
161.066148519516,0.0834765200206913,-0.3513864314109539,-0.2495844393644019,-0.08352342390364287
161.11684846878052,0.0834765200206913,-0.3513864314109539,-0.22443132686343925,-0.07488457456194153
161.16825556755066,0.0834765200206913,-0.3513864314109539,-0.19890744602842514,-0.06616937924975375
161.21875548362732,0.0834765200206913,-0.3513864314109539,-0.17381499171099235,-0.05765146108548036
161.26921224594116,0.4342727668041027,-0.25066016247271583,-0.14872572776905746,-0.0491840525947107
161.3198413848877,0.4342727668041027,-0.25066016247271583,-0.12353296260905122,-0.04073134218253438
161.37065291404724,0.4342727668041027,-0.25066016247271583,-0.09823208150358087,-0.03229230877318834
161.42121362686157,0.4342727668041027,-0.25066016247271583,-0.07303938174630176,-0.02393900106656588
161.47170734405518,0.4342727668041027,-0.25066016247271583,-0.04786397989175928,-0.015640820249467335
161.52199292182922,0.4342727668041027,-0.25066016247271583,-0.02277692519447505,-0.007420784609623254
161.57507061958313,0.4342727668041027,-0.25066016247271583,0.0037191955858806303,0.0012079039539698577
161.6284670829773,0.4342727668041027,-0.25066016247271583,0.030390491783689355,0.00983870608779469
161.67908906936646,0.4342727668041027,-0.25066016247271583,0.055690222712393656,0.017974824175000403
161.72981810569763,0.4342727668041027,-0.25066016247271583,0.08105682308896878,0.02608282846180776
161.7807776927948,0.4342727668041027,-0.25066016247271583,0.10655161729799212,0.03418182682775539
161.83209228515625,0.4342727668041027,-0.25066016247271583,0.1322365172319626,0.0422906268675729
161.8826289176941,0.4342727668041027,-0.25066016247271583,0.15754371301855397,0.050230596447095266
161.93338108062744,0.4342727668041027,-0.25066016247271583,0.18296995610353173,0.05815841997495674
161.98387145996094,0.4342727668041027,-0.25066016247271583,0.2082755452333961,0.06599943313588863
162.0345401763916,0.7824302216712657,-0.15026115004237697,0.23368048142093656,0.07382193301521589
162.08508348464966,0.7824302216712657,-0.15026115004237697,0.25903192612551185,0.08157878957618436
162.13549089431763,0.7824302216712657,-0.15026115004237697,0.28432398923567637,0.08926859022789957
162.18604969978333,0.7824302216712657,-0.15026115004237697,0.3097002681519794,0.09693498165528336
162.2363896369934,0.7824302216712657,-0.15026115004237697,0.3349743505346495,0.10452175579707346
162.2869439125061,0.7824302216712657,-0.15026115004237697,0.3603631769537262,0.11209405213390289
162.33734679222107,0.7824302216712657,-0.15026115004237697,0.38568252951558013,0.11959684833736306
162.3877329826355,0.7824302216712657,-0.15026115004237697,0.4109994882152129,0.12705027920640566
162.43806886672974,0.7824302216712657,-0.15026115004237697,0.4362965957096082,0.13444931647744207
162.48842668533325,0.7824302216712657,-0.15026115004237697,0.46160959866819784,0.1418044717415503
162.53872895240784,0.7824302216712657,-0.15026115004237697,0.48689898908720375,0.1491043298316761
162.5891890525818,0.7824302216712657,-0.15026115004237697,0.5122715020616868,0.15637956932707286
162.64002919197083,0.7824302216712657,-0.15026115004237697,0.5378383623069823,0.16366132116357113
162.6903464794159,0.7824302216712657,-0.15026115004237697,0.5631449437031097,0.17082032807624836
162.7412543296814,1.1365301806201706,-0.050690809071363474,0.5887506636838846,0.17801476603804245
162.79228329658508,1.1365301806201706,-0.050690809071363474,0.6144188687427059,0.18517712945816456
162.84291791915894,1.1365301806201706,-0.050690809071363474,0.6398896923317144,0.19223532579194602
162.89391946792603,1.1365301806201706,-0.050690809071363474,0.6655455015905968,0.19929537541203146
162.94438409805298,1.1365301806201706,-0.050690809071363474,0.6909310580881626,0.2062322743532028
162.99492526054382,1.1365301806201706,-0.050690809071363474,0.7163543877213421,0.21313088539427616
163.0458014011383,1.1365301806201706,-0.050690809071363474,0.7419449151417501,0.2200257582664764
163.09717464447021,1.1365301806201706,-0.050690809071363474,0.7677835719649838,0.22693751548613195
163.14770412445068,1.1365301806201706,-0.050690809071363474,0.7931954032239138,0.23368614010867628
163.1982581615448,1.1365301806201706,-0.050690809071363474,0.8186165885289813,0.24038868415385561
163.24895238876343,1.1365301806201706,-0.050690809071363474,0.8441046917072903,0.24706011623113566
163.2994441986084,1.1365301806201706,-0.050690809071363474,0.8694868975760921,0.2536553219604425
163.35049676895142,1.1365301806201706,-0.050690809071363474,0.8951462357119592,0.2602733392902725
163.40095710754395,1.4705918265194475,0.027021110525875386,0.9205026415916409,0.2667646359377649
163.45142722129822,1.4705918265194475,0.027021110525875386,0.9458581510941225,0.2732074060055911
163.50192165374756,1.4705918265194475,0.027021110525875386,0.9712195015921476,0.27960334564156675
163.55254793167114,1.4705918265194475,0.027021110525875386,0.9966401036588116,0.28596573439675277
163.60347867012024,1.4705918265194475,0.027021110525875386,1.022205966996362,0.29231550616235547
163.6561779975891,1.4705918265194475,0.027021110525875386,1.0486509591836164,0.2988319413910143
163.7067449092865,1.4705918265194475,0.027021110525875386,1.074017022500031,0.3050331152153398
163.7572157382965,1.4705918265194475,0.027021110525875386,1.0993256594398293,0.31117203182893327
163.80776286125183,1.4705918265194475,0.027021110525875386,1.1246627489008203,0.3172695891153894
163.85862755775452,1.4705918265194475,0.027021110525875386,1.150148547249447,0.32335420193005726
163.90935587882996,1.4705918265194475,0.027021110525875386,1.1755549747510372,0.3293711975845386
163.96031522750854,1.4705918265194475,0.027021110525875386,1.201065431218721,0.3353639162123305
164.01089715957642,1.4705918265194475,0.027021110525875386,1.226374806563938,0.34126093668509716
164.0618712902069,1.4705918265194475,0.027021110525875386,1.2518676070963304,0.34715187047307383
164.11302137374878,1.8110337699756454,0.07468808041929588,1.2774348889426124,0.35301076899583306
164.16343569755554,1.8110337699756454,0.07468808041929588,1.3026205853519293,0.35873397227522075
164.2139070034027,1.8110337699756454,0.07468808041929588,1.3278204436317373,0.36441242856651757
164.2644078731537,1.8110337699756454,0.07468808041929588,1.3530201745463712,0.37004284071602633
164.31495213508606,1.8110337699756454,0.07468808041929588,1.3782260820353516,0.3756265602677451
164.36539554595947,1.8110337699756454,0.07468808041929588,1.4033656975038715,0.3811476635687039
164.41611552238464,1.8110337699756454,0.07468808041929588,1.4286264642850262,0.38664711469807234
164.46676325798035,1.8110337699756454,0.07468808041929588,1.4538339931006343,0.39208670602878115
164.5177619457245,1.8110337699756454,0.07468808041929588,1.4791981905997216,0.3975113859253425
164.56818795204163,1.8110337699756454,0.07468808041929588,1.5042592387150115,0.4028231812340617
164.61861538887024,1.8110337699756454,0.07468808041929588,1.52930221241539,0.40808338255989973
164.66894340515137,1.8110337699756454,0.07468808041929588,1.5542765249415371,0.41328155619124507
164.71949982643127,1.8110337699756454,0.07468808041929588,1.5793442182902275,0.4184513001567707
164.77080249786377,1.8110337699756454,0.07468808041929588,1.604760900487243,0.42364399203858216
164.82138061523438,2.1513661878099106,0.13744392495632837,1.6297973130850136,0.42871066796953716
164.87230896949768,2.1513661878099106,0.13744392495632837,1.6549851460275622,0.43375952183806943
164.9231677055359,2.1513661878099106,0.13744392495632837,1.6801159963148662,0.43874843692417587
164.973646402359,2.1513661878099106,0.13744392495632837,1.7050362091222142,0.44364761087691473
165.02436637878418,2.1513661878099106,0.13744392495632837,1.7300520445811465,0.44851751012013485
165.07534909248352,2.1513661878099106,0.13744392495632837,1.7551731635849963,0.45335935735242483
165.12619972229004,2.1513661878099106,0.13744392495632837,1.780204357764234,0.4581354032580349
165.17695450782776,2.1513661878099106,0.13744392495632837,1.8051630639429637,0.4628493632767663
165.2273464202881,2.1513661878099106,0.13744392495632837,1.829917752905279,0.46747711095199085
165.27778553962708,2.1513661878099106,0.13744392495632837,1.8546695571413734,0.4720567578809658
165.32889246940613,2.1513661878099106,0.13744392495632837,1.8797218972931815,0.4766434919846585
165.37967538833618,2.1513661878099106,0.13744392495632837,1.9045877454841798,0.48114772114173254
165.43021249771118,2.1513661878099106,0.13744392495632837,1.9293052951249283,0.48557724266342683
165.48152470588684,2.1513661878099106,0.13744392495632837,1.9543728545611883,0.4900206689727473
165.5321934223175,2.4992699945164856,0.22110364405809732,1.9790967211295962,0.4943549165150074
165.58256196975708,2.4992699945164856,0.22110364405809732,2.0036446785491453,0.4986108112699994
165.6330816745758,2.4992699945164856,0.22110364405809732,2.0282362644716407,0.5028266945280206
165.68369388580322,2.4992699945164856,0.22110364405809732,2.0528421555463146,0.5069972640948208
165.7340793609619,2.4992699945164856,0.22110364405809732,2.077306716880843,0.5110964009899859
165.7844500541687,2.4992699945164856,0.22110364405809732,2.101732535907916,0.5151417064976997
165.83487033843994,2.4992699945164856,0.22110364405809732,2.126150246407466,0.5191382765385679
165.88538432121277,2.4992699945164856,0.22110364405809732,2.150580520662142,0.5230893649179587
165.9357967376709,2.4992699945164856,0.22110364405809732,2.174928380198762,0.5269796953437842
165.9862778186798,2.4992699945164856,0.22110364405809732,2.1992755249616236,0.5308224427134691
166.0366358757019,2.4992699945164856,0.22110364405809732,2.223529010968532,0.5346030890417941
166.08714699745178,2.4992699945164856,0.22110364405809732,2.2478212291512603,0.5383423049303189
166.13779950141907,2.4992699945164856,0.22110364405809732,2.2721457031797043,0.5420387544177858
166.18836665153503,2.4992699945164856,0.22110364405809732,2.2963929389991513,0.5456757970074912
166.2388892173767,2.850934434832083,0.26386750300232287,2.320582076323911,0.5492565661407784
166.28936576843262,2.850934434832083,0.26386750300232287,2.34471198212377,0.5527811013184944
166.33975625038147,2.850934434832083,0.26386750300232287,2.368763110782716,0.556246813681712
166.39028143882751,2.850934434832083,0.26386750300232287,2.392840237989192,0.5596688131555996
166.44078588485718,2.850934434832083,0.26386750300232287,2.416868612286588,0.5630363961881231
166.4914848804474,2.850934434832083,0.26386750300232287,2.4409499136324175,0.5663636503190683
166.5420846939087,2.850934434832083,0.26386750300232287,2.464943964790712,0.5696311562982834
166.59257555007935,2.850934434832083,0.26386750300232287,2.4888458339448443,0.5728386210188758
166.64326572418213,2.850934434832083,0.26386750300232287,2.512800800915014,0.5760054974351232
166.69400811195374,2.850934434832083,0.26386750300232287,2.5367384929720136,0.5791222124642648
166.74465489387512,2.850934434832083,0.26386750300232287,2.5605886842796206,0.5821797711676733
166.79564881324768,2.850934434832083,0.26386750300232287,2.5845590004060828,0.585204522506718
166.84626650810242,2.850934434832083,0.26386750300232287,2.6083089075462373,0.5881536255291517
166.89674186706543,2.850934434832083,0.26386750300232287,2.6319482746500835,0.5910415466682126
166.9471616744995,3.166586316677186,0.2880299843126879,2.6555174675771944,0.5938735855706803
166.99763417243958,3.166586316677186,0.2880299843126879,2.679066554262985,0.5966558520831988
167.048011302948,3.166586316677186,0.2880299843126879,2.702525979564497,0.5993802787927218
167.09852027893066,3.166586316677186,0.2880299843126879,2.726000968938828,0.6020591257392831
167.14883136749268,3.166586316677186,0.2880299843126879,2.7493378335123064,0.6046750392710791
167.19917058944702,3.166586316677186,0.2880299843126879,2.772641119287608,0.6072400695433706
167.24970889091492,3.166586316677186,0.2880299843126879,2.7959891153875494,0.6097626073074771
167.30022501945496,3.166586316677186,0.2880299843126879,2.8192788265439486,0.6122313697176809
167.35071635246277,3.166586316677186,0.2880299843126879,2.8425085811332744,0.6146463410980423
167.40117359161377,3.166586316677186,0.2880299843126879,2.865673658536777,0.6170072095766499
167.45152640342712,3.166586316677186,0.2880299843126879,2.8887414458154437,0.6193109428147681
167.50286316871643,3.166586316677186,0.2880299843126879,2.9122087133950507,0.6216060048703302
167.553448677063,3.166586316677186,0.2880299843126879,2.9352813730079577,0.6238145044622843
167.60417366027832,3.166586316677186,0.2880299843126879,2.958366093075447,0.6259763387711872
167.65494513511658,3.455105381649107,0.3311917530488065,2.981419742872398,0.6280873059199532
167.70540523529053,3.455105381649107,0.3311917530488065,3.0042797105053545,0.6301329921181624
167.75666522979736,3.455105381649107,0.3311917530488065,3.027448135868105,0.6321577416919273
167.8089084625244,3.455105381649107,0.3311917530488065,3.051004487257254,0.6341660475513113
167.86011743545532,3.455105381649107,0.3311917530488065,3.0740386115668112,0.6360804966095075
167.91086149215698,3.455105381649107,0.3311917530488065,3.0968085070615485,0.6379247965159873
167.96172523498535,3.455105381649107,0.3311917530488065,3.119576530663511,0.6397207962818126
168.01235723495483,3.455105381649107,0.3311917530488065,3.1421850345315656,0.64145632551209
168.06333374977112,3.455105381649107,0.3311917530488065,3.164890620375684,0.6431510291504998
168.11408305168152,3.455105381649107,0.3311917530488065,3.1874379152359475,0.6447857875939933
168.1645061969757,3.455105381649107,0.3311917530488065,3.209783376385362,0.6463583380304452
168.2153286933899,3.455105381649107,0.3311917530488065,3.2322478778387866,0.647891266571933
168.26589798927307,3.455105381649107,0.3311917530488065,3.254542216317877,0.6493647400824325
168.31636309623718,3.455105381649107,0.3311917530488065,3.276732193257967,0.6507837243309265
168.36728954315186,3.7552135091668934,0.36889771797401316,3.299065340073085,0.6521636515700915
168.41780638694763,3.7552135091668934,0.36889771797401316,3.3211591152473448,0.6534809227134883
168.46821069717407,3.7552135091668934,0.36889771797401316,3.3431438634425144,0.6547441626129165
168.51877522468567,3.7552135091668934,0.36889771797401316,3.365137961134198,0.655960217221867
168.5695903301239,3.7552135091668934,0.36889771797401316,3.3871794652470513,0.6571307199432543
168.62031841278076,3.7552135091668934,0.36889771797401316,3.4091211332842617,0.6582477328442038
168.67115449905396,3.7552135091668934,0.36889771797401316,3.431046773913563,0.6593156082442384
168.72216129302979,3.7552135091668934,0.36889771797401316,3.45298240379035,0.6603353314662432
168.77257227897644,3.7552135091668934,0.36889771797401316,3.474598672888546,0.6612923156586525
168.82300424575806,3.7552135091668934,0.36889771797401316,3.496160643447354,0.6621992312384677
168.8734486103058,3.7552135091668934,0.36889771797401316,3.517664090720829,0.6630559690037852
168.92407703399658,3.7552135091668934,0.36889771797401316,3.5391813229463076,0.6638652473717026
168.97466802597046,3.7552135091668934,0.36889771797401316,3.560617430954538,0.6646234058014269
169.02530908584595,3.7552135091668934,0.36889771797401316,3.582008971509222,0.6653318384503986
169.07632780075073,4.049883789003756,0.3738906160370174,3.603492987464693,0.6659945919690493
169.12697291374207,4.049883789003756,0.3738906160370174,3.624752621705019,0.6666020073996781
169.1776623725891,4.049883789003756,0.3738906160370174,3.645963480407726,0.6671596971346245
169.2282965183258,4.049883789003756,0.3738906160370174,3.6670833948749957,0.6676666902883346
169.27906370162964,4.049883789003756,0.3738906160370174,3.6881902823635544,0.6681248689236692
169.32979822158813,4.049883789003756,0.3738906160370174,3.70921456011477,0.6685327022483176
169.38046860694885,4.049883789003756,0.3738906160370174,3.730142898482763,0.6688901954523276
169.43126487731934,4.049883789003756,0.3738906160370174,3.7510531686534416,0.6691987152373109
169.48271679878235,4.049883789003756,0.3738906160370174,3.772161327750883,0.669460445107356
169.5332589149475,4.049883789003756,0.3738906160370174,3.7928251941604603,0.6696679178369305
169.5836477279663,4.049883789003756,0.3738906160370174,3.813355817182216,0.6698259195845648
169.63403463363647,4.049883789003756,0.3738906160370174,3.8338147385268924,0.6699352724666934
169.68452429771423,4.049883789003756,0.3738906160370174,3.85424377402778,0.6699961814089357
169.73775362968445,4.049883789003756,0.3738906160370174,3.875703190109665,0.6700077807442246
169.78823709487915,4.292825136295885,0.3693197968870059,3.8959810175033205,0.6699690177540256
169.83877730369568,4.292825136295885,0.3693197968870059,3.9162084229565166,0.6698818151058497
169.89124655723572,4.292825136295885,0.3693197968870059,3.93712987724557,0.6697401941519474
169.9425551891327,4.292825136295885,0.3693197968870059,3.957511211618594,0.6695515148860127
169.99328517913818,4.292825136295885,0.3693197968870059,3.9775870320060855,0.6693163097826598
170.04398012161255,4.292825136295885,0.3693197968870059,3.997573363032931,0.669033078289075
170.09442257881165,4.292825136295885,0.3693197968870059,4.017384663952537,0.6687035831197736
170.14508605003357,4.292825136295885,0.3693197968870059,4.037206513787755,0.6683249168372942
170.19554948806763,4.292825136295885,0.3693197968870059,4.0568736777459575,0.6679003386019025
170.24608325958252,4.292825136295885,0.3693197968870059,4.0764913673567715,0.667427900007461
170.29691410064697,4.292825136295885,0.3693197968870059,4.096146306972363,0.6669051115333868
170.3475546836853,4.292825136295885,0.3693197968870059,4.115649359918825,0.666336983702416
170.3985095024109,4.292825136295885,0.3693197968870059,4.135194075427677,0.6657178343149701
170.44898676872253,4.292825136295885,0.3693197968870059,4.154476679382507,0.6650576634534786
170.49948906898499,4.528309455310311,0.3855477122806165,4.173689777514225,0.6643506789441136
170.5498752593994,4.528309455310311,0.3855477122806165,4.1927794465223025,0.6635991350980517
170.60032105445862,4.528309455310311,0.3855477122806165,4.211811953451546,0.6628006431781248
170.65089893341064,4.528309455310311,0.3855477122806165,4.230813749567261,0.6619539500127711
170.70149683952332,4.528309455310311,0.3855477122806165,4.249741933489275,0.6610608823967676
170.75194191932678,4.528309455310311,0.3855477122806165,4.2685317264391545,0.6601248323200128
170.80240297317505,4.528309455310311,0.3855477122806165,4.28724590107455,0.6591430146939681
170.8530592918396,4.528309455310311,0.3855477122806165,4.305950003529694,0.658111819141284
170.90389800071716,4.528309455310311,0.3855477122806165,4.3246379199900895,0.6570311643589959
170.9546413421631,4.528309455310311,0.3855477122806165,4.343206900042176,0.6559070060854708
171.0051975250244,4.528309455310311,0.3855477122806165,4.361623623738396,0.6547419269584165
171.05565881729126,4.528309455310311,0.3855477122806165,4.379921978319901,0.6535343471486996
171.10724091529846,4.528309455310311,0.3855477122806165,4.398539789010255,0.6522539796074001
171.15854573249817,4.528309455310311,0.3855477122806165,4.4169698591920685,0.6509345789920589
171.2096221446991,4.776899626265169,0.39184480018851353,4.435230603480243,0.6495757473455839
171.260174036026,4.776899626265169,0.39184480018851353,4.453217653524728,0.6481865390759314
171.31065440177917,4.776899626265169,0.39184480018851353,4.471093295782176,0.6467554661056205
171.3610999584198,4.776899626265169,0.39184480018851353,4.488870391713673,0.6452818047710784
171.41170620918274,4.776899626265169,0.39184480018851353,4.506617102192818,0.6437598617879248
171.46204948425293,4.776899626265169,0.39184480018851353,4.52418471036938,0.6422026921172423
171.5128333568573,4.776899626265169,0.39184480018851353,4.541817861779934,0.6405884900656571
171.56356835365295,4.776899626265169,0.39184480018851353,4.559345170361638,0.6389324986830416
171.6141393184662,4.776899626265169,0.39184480018851353,4.576727006016011,0.6372389375297298
171.66451597213745,4.776899626265169,0.39184480018851353,4.593953503608086,0.6355094640135621
171.71493268013,4.776899626265169,0.39184480018851353,4.611104815018615,0.6337364158892567
171.7653410434723,4.776899626265169,0.39184480018851353,4.628163996959286,0.631921645699205
171.81570506095886,4.776899626265169,0.39184480018851353,4.6451186139237075,0.6300667068541821
171.8660604953766,4.776899626265169,0.39184480018851353,4.6619804567925485,0.6281705407319635
171.9169270992279,5.00353408746709,0.3555456661823507,4.678921823297174,0.6262131494098586
171.9675498008728,5.00353408746709,0.3555456661823507,4.695690118550426,0.6242234569639245
172.01828503608704,5.00353408746709,0.3555456661823507,4.712403374465623,0.6221878174650484
172.06898379325867,5.00353408746709,0.3555456661823507,4.729011906831179,0.6201123188434194
172.12151193618774,5.00353408746709,0.3555456661823507,4.746121569296735,0.6179185763610535
172.17258310317993,5.00353408746709,0.3555456661823507,4.762660473919877,0.6157435940771516
172.22310781478882,5.00353408746709,0.3555456661823507,4.778928710284898,0.6135512610234983
172.27350902557373,5.00353408746709,0.3555456661823507,4.795063946465987,0.6113242366274245
172.32390570640564,5.00353408746709,0.3555456661823507,4.811104252522129,0.6090576229001434
172.3748016357422,5.00353408746709,0.3555456661823507,4.8272082143886035,0.6067283856776802
172.42561388015747,5.00353408746709,0.3555456661823507,4.843189842580417,0.604362924062158
172.47611927986145,5.00353408746709,0.3555456661823507,4.858979680380015,0.6019723008107547
172.52693891525269,5.00353408746709,0.3555456661823507,4.874771509041203,0.5995273249627313
172.5773422718048,5.00353408746709,0.3555456661823507,4.89033825221618,0.5970634756546704
172.6280071735382,5.1758098630250755,0.322450497680505,4.905889329100646,0.5945480154029992
172.67844486236572,5.1758098630250755,0.322450497680505,4.921274263753988,0.5920053881726841
172.72909283638,5.1758098630250755,0.322450497680505,4.936626195688724,0.5894137781534323
172.77951169013977,5.1758098630250755,0.322450497680505,4.951811636667867,0.5867959103143758
172.83014154434204,5.1758098630250755,0.322450497680505,4.966962843492725,0.5841291751299877
172.8807716369629,5.1758098630250755,0.322450497680505,4.982015780209421,0.5814246601469191
172.93119764328003,5.1758098630250755,0.322450497680505,4.99690994397764,0.5786937314591942
172.98196864128113,5.1758098630250755,0.322450497680505,5.011806753649243,0.5759067231648243
173.03266072273254,5.1758098630250755,0.322450497680505,5.026580701908204,0.5730868399174318
173.08451628684998,5.1758098630250755,0.322450497680505,5.0415902965166515,0.570164007302904
173.1350326538086,5.1758098630250755,0.322450497680505,5.056111313074053,0.5672797165249035
173.18553733825684,5.1758098630250755,0.322450497680505,5.070529039736751,0.5643598793112674
173.23736357688904,5.1758098630250755,0.322450497680505,5.085219807841945,0.5613262388870492
173.28788375854492,5.1758098630250755,0.322450497680505,5.099438403736967,0.558332823518354
173.3383867740631,5.341217639529932,0.31750193797009546,5.1135512335593925,0.5553049172860769
173.39318656921387,5.341217639529932,0.31750193797009546,5.128750235770202,0.551979510564188
173.44355463981628,5.341217639529932,0.31750193797009546,5.142614585830757,0.5488866714742844
173.49397110939026,5.341217639529932,0.31750193797009546,5.15639073737965,0.5457562239780622
173.54456543922424,5.341217639529932,0.31750193797009546,5.170113060743169,0.5425801355808033
173.5955102443695,5.341217639529932,0.31750193797009546,5.183826440921227,0.5393472713098912
173.64734768867493,5.341217639529932,0.31750193797009546,5.197672651601726,0.5360222002058412
173.6980037689209,5.341217639529932,0.31750193797009546,5.211098280313257,0.5327385035476673
173.74860262870789,5.341217639529932,0.31750193797009546,5.224404785122526,0.5294248147246361
173.79910898208618,5.341217639529932,0.31750193797009546,5.237583038674423,0.5260838399606116
173.85157656669617,5.341217639529932,0.31750193797009546,5.251162738988542,0.5225781159294789
173.902188539505,5.341217639529932,0.31750193797009546,5.264155362318454,0.5191628239973969
173.95263934135437,5.341217639529932,0.31750193797009546,5.277001923709754,0.5157258668479041
174.0030620098114,5.341217639529932,0.31750193797009546,5.289736590545921,0.5122586134595497
174.05363082885742,5.508719787868417,0.29507947863789624,5.302402715484803,0.5087492174200707
174.10421013832092,5.508719787868417,0.29507947863789624,5.314965534515611,0.5052071971207579
174.15499091148376,5.508719787868417,0.29507947863789624,5.327471519950092,0.5016192343769315
174.2054741382599,5.508719787868417,0.29507947863789624,5.339797791528646,0.49802093292474403
174.25612950325012,5.508719787868417,0.29507947863789624,5.352059138503021,0.4943791891246532
174.30724835395813,5.508719787868417,0.29507947863789624,5.364323771509689,0.49067273135205114
174.35959005355835,5.508719787868417,0.29507947863789624,5.376768135984895,0.48684521072955245
174.41104817390442,5.508719787868417,0.29507947863789624,5.388890021949666,0.48305062374654617
174.4619996547699,5.508719787868417,0.29507947863789624,5.400782463146834,0.47926272178546303
174.51247549057007,5.508719787868417,0.29507947863789624,5.412455585333894,0.47548034768463054
174.56327033042908,5.508719787868417,0.29507947863789624,5.424093389901174,0.47164435924265
174.6144139766693,5.508719787868417,0.29507947863789624,5.435700270098451,0.4677521883053908
174.66511511802673,5.508719787868417,0.29507947863789624,5.447096673022502,0.46386440689667374
174.71594548225403,5.508719787868417,0.29507947863789624,5.458411859931131,0.45993771618030466
174.7670648097992,5.6417038439684815,0.24061934439961002,5.469679757426593,0.4559596911746653
174.81862139701843,5.6417038439684815,0.24061934439961002,5.4809303940518275,0.45191845186038093
174.86924600601196,5.6417038439684815,0.24061934439961002,5.4918663412099304,0.4479220184757057
174.91980957984924,5.6417038439684815,0.24061934439961002,5.502678747900613,0.443902736836164
174.97025418281555,5.6417038439684815,0.24061934439961002,5.513355563099446,0.4398656296993906
175.02098274230957,5.6417038439684815,0.24061934439961002,5.523981276590991,0.4357785895215561
175.0715193748474,5.6417038439684815,0.24061934439961002,5.534455659296308,0.43168015582086583
175.12197399139404,5.6417038439684815,0.24061934439961002,5.54480215086929,0.427561905994849
175.1724410057068,5.6417038439684815,0.24061934439961002,5.55504010148112,0.4234164616980425
175.22305607795715,5.6417038439684815,0.24061934439961002,5.56519626249158,0.41923283008590606
175.27357506752014,5.6417038439684815,0.24061934439961002,5.575221237563147,0.4150314268713662
175.32411122322083,5.6417038439684815,0.24061934439961002,5.585137528401817,0.4108031710206268
175.3746325969696,5.6417038439684815,0.24061934439961002,5.594938627443666,0.406551011454064
175.42507314682007,5.6417038439684815,0.24061934439961002,5.604611813747604,0.40228085566390304
175.47608733177185,5.731346383346918,0.19572502142773363,5.6142807157355605,0.39793721828816275
175.52681875228882,5.731346383346918,0.19572502142773363,5.623781813138548,0.3935930894321721
175.5796468257904,5.731346383346918,0.19572502142773363,5.633554284205625,0.3890436924409151
175.63094568252563,5.731346383346918,0.19572502142773363,5.642925211878621,0.38460116459377025
175.68137764930725,5.731346383346918,0.19572502142773363,5.652023592129998,0.38021015858049545
175.73172974586487,5.731346383346918,0.19572502142773363,5.6609944034547395,0.3758030941134878
175.78226518630981,5.731346383346918,0.19572502142773363,5.669883982420963,0.3713571459951006
175.8331332206726,5.731346383346918,0.19572502142773363,5.678716624823837,0.3668591215451751
175.88421392440796,5.731346383346918,0.19572502142773363,5.687469436749289,0.3623195509128654
175.93519258499146,5.731346383346918,0.19572502142773363,5.696087904791671,0.35776662382777424
175.98627853393555,5.731346383346918,0.19572502142773363,5.704607195300539,0.3531819381215162
176.03688979148865,5.731346383346918,0.19572502142773363,5.712931317907854,0.34861825473237196
176.0876452922821,5.731346383346918,0.19572502142773363,5.721163009149584,0.34402026797599117
176.1384470462799,5.731346383346918,0.19572502142773363,5.729285528615728,0.3393970289499665
176.18916964530945,5.818363789071766,0.1709401919108662,5.737278747847132,0.3347602654237627
176.24023962020874,5.818363789071766,0.1709401919108662,5.745208765322209,0.33007112032895314
176.29233932495117,5.818363789071766,0.1709401919108662,5.75317653177752,0.32526641255970634
176.34325981140137,5.818363789071766,0.1709401919108662,5.760844561461868,0.3205502502541342
176.39398455619812,5.818363789071766,0.1709401919108662,5.768365584169498,0.3158326603442412
176.4447431564331,5.818363789071766,0.1709401919108662,5.775774027891577,0.3110926814087982
176.49518847465515,5.818363789071766,0.1709401919108662,5.783020023334252,0.30636318414135477
176.54585337638855,5.818363789071766,0.1709401919108662,5.790180266951728,0.301594559119724
176.59662079811096,5.818363789071766,0.1709401919108662,5.797236926422834,0.29679794664699266
176.647230386734,5.818363789071766,0.1709401919108662,5.80415384059107,0.291998274485774
176.69775795936584,5.818363789071766,0.1709401919108662,5.8109420466834125,0.2871887782511007
176.74899315834045,5.818363789071766,0.1709401919108662,5.817705276230859,0.2822942729191543
176.79977011680603,5.818363789071766,0.1709401919108662,5.82428859606844,0.2774263099508105
176.85040068626404,5.818363789071766,0.1709401919108662,5.830734411420915,0.2725556023204099
176.90108799934387,5.900985522876123,0.129416673116812,5.837068746678639,0.2676629555858401
176.95278072357178,5.900985522876123,0.129416673116812,5.843406245185341,0.2626565913258898
177.00320100784302,5.900985522876123,0.129416673116812,5.84946844120401,0.25775755046052284
177.05360460281372,5.900985522876123,0.129416673116812,5.8554107318148265,0.2528447286260117
177.10452938079834,5.900985522876123,0.129416673116812,5.861294612444924,0.2478657731145163
177.15523624420166,5.900985522876123,0.129416673116812,5.8670334785736635,0.2428931153391939
177.20571851730347,5.900985522876123,0.129416673116812,5.8726280060335,0.2379279102620988
177.25627994537354,5.900985522876123,0.129416673116812,5.878112239371106,0.232940649939673
177.30869841575623,5.900985522876123,0.129416673116812,5.883671958626124,0.22775546327321117
177.3599190711975,5.900985522876123,0.129416673116812,5.888980649214987,0.22267457823714992
177.41151189804077,5.900985522876123,0.129416673116812,5.89420389359248,0.21754292546321796
177.4628131389618,5.900985522876123,0.129416673116812,5.899274077388917,0.21242681392474883
177.51446413993835,5.900985522876123,0.129416673116812,5.904254251788105,0.2072625861756382
177.56766200065613,5.900985522876123,0.129416673116812,5.909252774795637,0.20193016016015186
177.61810302734375,5.946621721988632,0.06650338415566574,5.913869557206786,0.19686170577425044
177.66858077049255,5.946621721988632,0.06650338415566574,5.918370018566147,0.1917778227539484
177.71933460235596,5.946621721988632,0.06650338415566574,5.922774280237881,0.18665460314383497
177.7709858417511,5.946621721988632,0.06650338415566574,5.927131932851024,0.18142924877191907
177.82157182693481,5.946621721988632,0.06650338415566574,5.931277895508039,0.17630068593182163
177.87209367752075,5.946621721988632,0.06650338415566574,5.935298184995455,0.17116809561410873
177.92244744300842,5.946621721988632,0.06650338415566574,5.939185265330175,0.1660424182219824
177.9728090763092,5.946621721988632,0.06650338415566574,5.942953200742236,0.16090609827512914
178.02310824394226,5.946621721988632,0.06650338415566574,5.946596836596564,0.1557666312074094
178.07354426383972,5.946621721988632,0.06650338415566574,5.950130261101068,0.15060393775698067
178.12399244308472,5.946621721988632,0.06650338415566574,5.9535441238425335,0.14543104945618995
178.17463278770447,5.946621721988632,0.06650338415566574,5.956849793508756,0.14022976589613456
178.22523283958435,5.946621721988632,0.06650338415566574,5.960031473175977,0.13502423627467425
178.27613997459412,5.946621721988632,0.06650338415566574,5.963109968573038,0.12977897397069654
178.32679057121277,5.9495275044882785,0.018166855404745396,5.966050941550401,0.12455235543000437
178.37739968299866,5.9495275044882785,0.018166855404745396,5.968867885630127,0.11932257243433472
178.42846608161926,5.9495275044882785,0.018166855404745396,5.971586992656691,0.11403831066681605
178.47905206680298,5.9495275044882785,0.018166855404745396,5.974158353487191,0.10879692281900111
178.52990174293518,5.9495275044882785,0.018166855404745396,5.976620516351895,0.10352167154811304
178.58057284355164,5.9495275044882785,0.018166855404745396,5.978951701080511,0.09825873855277667
178.63115620613098,5.9495275044882785,0.018166855404745396,5.981156995454035,0.09299905322438035
178.68168997764587,5.9495275044882785,0.018166855404745396,5.983238506993606,0.08773898701314109
178.73260021209717,5.9495275044882785,0.018166855404745396,5.9852125530495455,0.08243445623788428
178.7833251953125,5.9495275044882785,0.018166855404745396,5.987056613990034,0.07714427639542096
178.83400321006775,5.9495275044882785,0.018166855404745396,5.988776516124129,0.07185437730276206
178.88457441329956,5.9495275044882785,0.018166855404745396,5.990370745158957,0.06657134239078949
178.93513870239258,5.9495275044882785,0.018166855404745396,5.991842824554583,0.061285065381010834
178.98713183403015,5.9495275044882785,0.018166855404745396,5.993229325717381,0.05584560708532446
179.03787779808044,5.945877716196666,-0.011310302491967303,5.994458190741176,0.05053323343330082
179.08859872817993,5.945877716196666,-0.011310302491967303,5.995563643226291,0.045220452746571244
179.13904428482056,5.945877716196666,-0.011310302491967303,5.996541290292447,0.03993382909638897
179.18972969055176,5.945877716196666,-0.011310302491967303,5.997401222846699,0.03461968740614249
179.24023389816284,5.945877716196666,-0.011310302491967303,5.998136065037727,0.02932248385656397
179.2914113998413,5.945877716196666,-0.011310302491967303,5.998756442088079,0.02395288638497088
179.34254455566406,5.945877716196666,-0.011310302491967303,5.999251344896798,0.01858648323448523
179.3941068649292,5.945877716196666,-0.011310302491967303,5.999623930241768,0.013173896125938604
179.44521617889404,5.945877716196666,-0.011310302491967303,5.999867902480811,0.007808055254888719
179.49575424194336,5.945877716196666,-0.011310302491967303,5.9999864396329485,0.0025017206256216853
