t,x_real,y_real,x_desejado,y_desejado
7.3909759521484375e-06,6.356076516610776,0.00021853731562776455,5.999999999998695,-7.760524749754214e-07
1.465548038482666,6.078610764965831,0.00018043180299765494,5.948777562699167,-0.15260229825111055
1.5164339542388916,6.078610764965831,0.00018043180299765494,5.945165117651856,-0.15780742605143155
1.5667669773101807,6.078610764965831,0.00018043180299765494,5.9414715009280155,-0.16294660835512614
1.6170995235443115,6.078610764965831,0.00018043180299765494,5.9376582423762185,-0.16807609565324982
1.667661190032959,6.078610764965831,0.00018043180299765494,5.933707219721658,-0.17321891197707318
1.7180044651031494,6.078610764965831,0.00018043180299765494,5.9296534558356555,-0.17832922885394348
1.7685823440551758,6.078610764965831,0.00018043180299765494,5.925460511315014,-0.18345271578162248
1.8192005157470703,6.078610764965831,0.00018043180299765494,5.921143610988648,-0.18856929271702705
1.8699281215667725,6.078610764965831,0.00018043180299765494,5.916696424035721,-0.1936855886006405
1.9207763671875,6.078610764965831,0.00018043180299765494,5.912117249187744,-0.19880234356825388
1.971226692199707,5.9306282660493705,-0.007110845260351599,5.907453883204007,-0.20386716275486383
2.0239059925079346,5.9306282660493705,-0.007110845260351599,5.902457005549309,-0.20914277787565633
2.074281692504883,5.9306282660493705,-0.007110845260351599,5.8975569360665645,-0.21417498167953553
2.1246469020843506,5.9306282660493705,-0.007110845260351599,5.89253906067772,-0.21919340239037532
2.175032377243042,5.9306282660493705,-0.007110845260351599,5.887400396935261,-0.22420079769625512
2.225471019744873,5.9306282660493705,-0.007110845260351599,5.882137448908244,-0.2292001055356957
2.2770376205444336,5.9306282660493705,-0.007110845260351599,5.8766339894443504,-0.23429706650342647
2.3281757831573486,5.9306282660493705,-0.007110845260351599,5.871053754779656,-0.23933723832731568
2.37870192527771,5.9306282660493705,-0.007110845260351599,5.865420626824299,-0.2443026564303017
2.429384231567383,5.9306282660493705,-0.007110845260351599,5.859650711798796,-0.2492687023368998
2.4804422855377197,5.9306282660493705,-0.007110845260351599,5.8537172634361365,-0.25425634969103805
2.531146287918091,5.9306282660493705,-0.007110845260351599,5.8477051538355305,-0.25919399044674407
2.5822699069976807,5.9306282660493705,-0.007110845260351599,5.841522557955951,-0.26415662534468265
2.6353514194488525,5.9306282660493705,-0.007110845260351599,5.83497506177331,-0.2692921205961636
2.685781240463257,5.769818660031438,-0.1721655149816717,5.828633884751264,-0.27415453096363496
2.7362897396087646,5.769818660031438,-0.1721655149816717,5.822165021280504,-0.27900806808582646
2.786895513534546,5.769818660031438,-0.1721655149816717,5.815565624657731,-0.28385413272216153
2.8373892307281494,5.769818660031438,-0.1721655149816717,5.808863198676329,-0.28867238741696566
2.8878824710845947,5.769818660031438,-0.1721655149816717,5.802043481722297,-0.29347323847052786
2.9384853839874268,5.769818660031438,-0.1721655149816717,5.795091375215221,-0.29826680403228933
2.9890027046203613,5.769818660031438,-0.1721655149816717,5.788033783693555,-0.3030342768102481
3.039472818374634,5.769818660031438,-0.1721655149816717,5.780865970737866,-0.30777905416147533
3.090479850769043,5.769818660031438,-0.1721655149816717,5.77350344231691,-0.31255548347795103
3.1424989700317383,5.769818660031438,-0.1721655149816717,5.765872350046253,-0.3174068821514967
3.1929407119750977,5.769818660031438,-0.1721655149816717,5.758354722288624,-0.32209177065540806
3.243412733078003,5.769818660031438,-0.1721655149816717,5.750716536090954,-0.32676005598098823
3.2939512729644775,5.769818660031438,-0.1721655149816717,5.7429521510845944,-0.3314147411822258
3.344454765319824,5.769818660031438,-0.1721655149816717,5.7350772433995605,-0.33604616110183616
3.3951878547668457,5.769818660031438,-0.1721655149816717,5.727050061721151,-0.3406781750419633
3.446200370788574,5.769818660031438,-0.1721655149816717,5.718861154519959,-0.3453147264933696
3.4973416328430176,5.6105207969001745,-0.28080648308575606,5.710533492253548,-0.3499415681143664
3.5478286743164062,5.6105207969001745,-0.28080648308575606,5.702196577381297,-0.35448789908597245
3.6006455421447754,5.6105207969001745,-0.28080648308575606,5.693352026653669,-0.3592210411885073
3.651381731033325,5.6105207969001745,-0.28080648308575606,5.6847377512749215,-0.3637452873981837
3.7018091678619385,5.6105207969001745,-0.28080648308575606,5.676061380156671,-0.3682199234973247
3.7524025440216064,5.6105207969001745,-0.28080648308575606,5.667241928940905,-0.37268687735884853
3.8031716346740723,5.6105207969001745,-0.28080648308575606,5.658276738540473,-0.37714649618022056
3.8539113998413086,5.6105207969001745,-0.28080648308575606,5.6492017287200005,-0.38158038158418695
3.9067370891571045,5.6105207969001745,-0.28080648308575606,5.639631721413247,-0.38617163708446434
3.95790433883667,5.6105207969001745,-0.28080648308575606,5.630243805677031,-0.39059422496366025
4.0082924365997314,5.6105207969001745,-0.28080648308575606,5.620885244753871,-0.39492559170744024
4.0587897300720215,5.6105207969001745,-0.28080648308575606,5.611393526308312,-0.39924229308204195
4.109500408172607,5.6105207969001745,-0.28080648308575606,5.601748205226928,-0.4035527222807713
4.159940958023071,5.6105207969001745,-0.28080648308575606,5.592041661018156,-0.40781554162052225
4.210782051086426,5.6105207969001745,-0.28080648308575606,5.582144624186251,-0.41208705262234724
4.261210918426514,5.425956497180595,-0.36032472374831426,5.5722155814870264,-0.4162986989952284
4.311622858047485,5.425956497180595,-0.36032472374831426,5.562178363362357,-0.42048353985390496
4.362040042877197,5.425956497180595,-0.36032472374831426,5.55202882644666,-0.4246431499024823
4.412616968154907,5.425956497180595,-0.36032472374831426,5.541735558869442,-0.4287898740119378
4.463655948638916,5.425956497180595,-0.36032472374831426,5.531235213303511,-0.43294773620178306
4.514934062957764,5.425956497180595,-0.36032472374831426,5.5205715657798535,-0.4370977396483291
4.565572023391724,5.425956497180595,-0.36032472374831426,5.50992905372868,-0.4411687637723296
4.616106986999512,5.425956497180595,-0.36032472374831426,5.49919749082303,-0.4452043157611658
4.667133092880249,5.425956497180595,-0.36032472374831426,5.488249681495782,-0.44925125121314546
4.7177863121032715,5.425956497180595,-0.36032472374831426,5.477270872414035,-0.4532406728539673
4.7681615352630615,5.425956497180595,-0.36032472374831426,5.466242884280133,-0.4571803220871825
4.819159746170044,5.425956497180595,-0.36032472374831426,5.454967609988213,-0.46114010181157417
4.870003938674927,5.425956497180595,-0.36032472374831426,5.443615572263285,-0.46505901424364327
4.92045259475708,5.425956497180595,-0.36032472374831426,5.432242749948262,-0.468918643615031
4.970918893814087,5.425956497180595,-0.36032472374831426,5.4207574873527085,-0.47275065913123804
5.021754026412964,5.23159373580359,-0.4495553177598944,5.409078880450514,-0.47658112729533464
5.07235312461853,5.23159373580359,-0.4495553177598944,5.397345731834406,-0.48036409009636283
5.122758150100708,5.23159373580359,-0.4495553177598944,5.385549967261335,-0.484102801216578
5.173932075500488,5.23159373580359,-0.4495553177598944,5.37346466406685,-0.48786790984859874
5.224754095077515,5.23159373580359,-0.4495553177598944,5.361353456421815,-0.4915763131996007
5.275210380554199,5.23159373580359,-0.4495553177598944,5.349222222152902,-0.49522739207247835
5.3256425857543945,5.23159373580359,-0.4495553177598944,5.336990339215853,-0.49884596645626544
5.376061677932739,5.23159373580359,-0.4495553177598944,5.3246555484108775,-0.5024326021425238
5.426473617553711,5.23159373580359,-0.4495553177598944,5.312216740830124,-0.505987487920522
5.477034091949463,5.23159373580359,-0.4495553177598944,5.299635345561418,-0.5095212166726193
5.527482032775879,5.23159373580359,-0.4495553177598944,5.286976504552403,-0.5130152556614007
5.577897310256958,5.23159373580359,-0.4495553177598944,5.274220924053954,-0.5164750230662825
5.628314256668091,5.23159373580359,-0.4495553177598944,5.261360309466703,-0.5199026549227788
5.678682804107666,5.23159373580359,-0.4495553177598944,5.248407874638491,-0.523294544216411
5.729112386703491,5.23159373580359,-0.4495553177598944,5.2353357387036334,-0.5266578010234877
5.77968430519104,5.017687634918246,-0.5201339151223137,5.222122501211049,-0.5299974017119569
5.830229759216309,5.017687634918246,-0.5201339151223137,5.208812214200624,-0.5333018385673576
5.880951642990112,5.017687634918246,-0.5201339151223137,5.1953512970454945,-0.5365839797662408
5.931791305541992,5.017687634918246,-0.5201339151223137,5.18175472325728,-0.5398394875464441
5.98315691947937,5.017687634918246,-0.5201339151223137,5.167911665960638,-0.5430935939960992
6.034898042678833,5.017687634918246,-0.5201339151223137,5.153860207409801,-0.5463355844224662
6.085458278656006,5.017687634918246,-0.5201339151223137,5.140025835796601,-0.5494685241707638
6.135910749435425,5.017687634918246,-0.5201339151223137,5.126119187565692,-0.5525600022101076
6.186360836029053,5.017687634918246,-0.5201339151223137,5.112111870726056,-0.5556163524292252
6.237031936645508,5.017687634918246,-0.5201339151223137,5.097941526446061,-0.5586506432358045
6.287521123886108,5.017687634918246,-0.5201339151223137,5.083721045096269,-0.5616384697302044
6.338140964508057,5.017687634918246,-0.5201339151223137,5.069362876221266,-0.5645981477751159
6.394177436828613,5.017687634918246,-0.5201339151223137,5.053350887540443,-0.5678323477727296
6.444611310958862,5.017687634918246,-0.5201339151223137,5.038834677626234,-0.5707050376060905
6.495332956314087,5.017687634918246,-0.5201339151223137,5.024135548111584,-0.5735574254664404
6.545893669128418,4.788217274227556,-0.5811186972087742,5.009383498755433,-0.5763639103361582
6.596470355987549,4.788217274227556,-0.5811186972087742,4.994527684725209,-0.5791342415233547
6.648003578186035,4.788217274227556,-0.5811186972087742,4.97928931692946,-0.5819186278426862
6.698551654815674,4.788217274227556,-0.5811186972087742,4.964242987007413,-0.5846119610997915
6.749355316162109,4.788217274227556,-0.5811186972087742,4.9490218749093655,-0.5872809405024295
6.800047397613525,4.788217274227556,-0.5811186972087742,4.933735920472912,-0.589905890547963
6.850693225860596,4.788217274227556,-0.5811186972087742,4.918366239619547,-0.5924901489175458
6.901339054107666,4.788217274227556,-0.5811186972087742,4.902899287416691,-0.5950359066569186
6.95207667350769,4.788217274227556,-0.5811186972087742,4.887307127991114,-0.5975474521680479
7.002629518508911,4.788217274227556,-0.5811186972087742,4.871675381066623,-0.6000109835855154
7.053074359893799,4.788217274227556,-0.5811186972087742,4.85598150546047,-0.6024303637238204
7.103586435317993,4.788217274227556,-0.5811186972087742,4.840171462315055,-0.6048138302063641
7.154211759567261,4.788217274227556,-0.5811186972087742,4.824230705481817,-0.607163130659286
7.204678297042847,4.788217274227556,-0.5811186972087742,4.808245389358106,-0.6094654828313493
7.255545616149902,4.56155577381206,-0.6279640942393312,4.792037963651449,-0.6117459168917283
7.306022882461548,4.56155577381206,-0.6279640942393312,4.775860749176953,-0.6139687566318144
7.356518745422363,4.56155577381206,-0.6279640942393312,4.759584191941276,-0.6161522322105033
7.406920433044434,4.56155577381206,-0.6279640942393312,4.7432452267027,-0.6182913525218365
7.457493305206299,4.56155577381206,-0.6279640942393312,4.726757996485241,-0.6203970829326881
7.50793981552124,4.56155577381206,-0.6279640942393312,4.71021976091825,-0.6224567777326553
7.5588226318359375,4.56155577381206,-0.6279640942393312,4.693445592638957,-0.6244928294016523
7.609300851821899,4.56155577381206,-0.6279640942393312,4.676713005788433,-0.6264713499276597
7.659811019897461,4.56155577381206,-0.6279640942393312,4.6598786972192965,-0.6284097081715019
7.71056604385376,4.56155577381206,-0.6279640942393312,4.642871349904596,-0.6303155346994109
7.761045694351196,4.56155577381206,-0.6279640942393312,4.625865760586893,-0.6321691366665303
7.811583995819092,4.56155577381206,-0.6279640942393312,4.608750379718289,-0.6339828543452626
7.862405776977539,4.56155577381206,-0.6279640942393312,4.591448550119396,-0.6357641336663631
7.913148641586304,4.56155577381206,-0.6279640942393312,4.574083502847644,-0.6374998215606631
7.964169979095459,4.321616050586987,-0.663398670105837,4.556532810182533,-0.6392016953139978
8.01505160331726,4.321616050586987,-0.663398670105837,4.538940365058542,-0.640855436408817
8.06648302078247,4.321616050586987,-0.663398670105837,4.52106710059574,-0.6424827330055307
8.117270469665527,4.321616050586987,-0.663398670105837,4.50332853389457,-0.6440457454363311
8.169708251953125,4.321616050586987,-0.663398670105837,4.484921102508954,-0.6456135669711549
8.221714496612549,4.321616050586987,-0.663398670105837,4.466572828336716,-0.6471221467314412
8.272874116897583,4.321616050586987,-0.663398670105837,4.448433975201846,-0.6485609491089626
8.323319435119629,4.321616050586987,-0.663398670105837,4.4304621042824675,-0.6499355676650294
8.373807907104492,4.321616050586987,-0.663398670105837,4.412389495484659,-0.6512673432853935
8.424472570419312,4.321616050586987,-0.663398670105837,4.394168389440887,-0.6525593214111964
8.475165367126465,4.321616050586987,-0.663398670105837,4.3758519395411195,-0.6538072816849583
8.526854038238525,4.321616050586987,-0.663398670105837,4.357088320537347,-0.6550335027933323
8.579226016998291,4.321616050586987,-0.663398670105837,4.337987170560479,-0.6562281118146254
8.630019187927246,4.321616050586987,-0.663398670105837,4.319376252807889,-0.6573405488382158
8.681103467941284,4.07082050040813,-0.6879944809465872,4.30057410602575,-0.6584133430502681
8.731579542160034,4.07082050040813,-0.6879944809465872,4.281912951081186,-0.6594278678221999
8.782156705856323,4.07082050040813,-0.6879944809465872,4.263132239319772,-0.6603988986868881
8.833661079406738,4.07082050040813,-0.6879944809465872,4.243923135046408,-0.6613407300462124
8.884371280670166,4.07082050040813,-0.6879944809465872,4.224927765507652,-0.6622215371159828
8.934951305389404,4.07082050040813,-0.6879944809465872,4.205900094853982,-0.6630539586438662
8.98601508140564,4.07082050040813,-0.6879944809465872,4.1866087651922665,-0.6638474518655595
9.03682279586792,4.07082050040813,-0.6879944809465872,4.167333171879255,-0.6645900475644373
9.08734655380249,4.07082050040813,-0.6879944809465872,4.148085630958822,-0.6652819280104247
9.138170003890991,4.07082050040813,-0.6879944809465872,4.128644207295615,-0.6659309089599739
9.188876152038574,4.07082050040813,-0.6879944809465872,4.109168434168273,-0.6665312594275292
9.239936590194702,4.07082050040813,-0.6879944809465872,4.089477078800211,-0.6670880784567439
9.290366172790527,4.07082050040813,-0.6879944809465872,4.06995115620388,-0.6675908604954688
9.341015815734863,4.07082050040813,-0.6879944809465872,4.050262602691287,-0.6680485176655613
9.391542434692383,3.8088662180974264,-0.7018710426616733,4.030545012440167,-0.6684576690529227
9.442304849624634,3.8088662180974264,-0.7018710426616733,4.010658559437587,-0.6688209170626771
9.492707014083862,3.8088662180974264,-0.7018710426616733,3.9908374855034414,-0.6691340307897256
9.543217897415161,3.8088662180974264,-0.7018710426616733,3.9708983879854234,-0.66940013996177
9.594035148620605,3.8088662180974264,-0.7018710426616733,3.9507627783992882,-0.6696195574991741
9.64651083946228,3.8088662180974264,-0.7018710426616733,3.9298909784359854,-0.6697951397023929
9.697693109512329,3.8088662180974264,-0.7018710426616733,3.909456734735689,-0.6699163368589076
9.748835325241089,3.8088662180974264,-0.7018710426616733,3.888963124686373,-0.6699879255955405
9.799418687820435,3.8088662180974264,-0.7018710426616733,3.8686198322852983,-0.6700099130551949
9.849931478500366,3.8088662180974264,-0.7018710426616733,3.8482323239372525,-0.669983290821587
9.900510549545288,3.8088662180974264,-0.7018710426616733,3.827745843469844,-0.669907865247799
9.95107889175415,3.8088662180974264,-0.7018710426616733,3.8071919349107928,-0.6697835448231797
10.002054691314697,3.8088662180974264,-0.7018710426616733,3.786400256284839,-0.6696085982274536
10.05264687538147,3.8088662180974264,-0.7018710426616733,3.7656938928420223,-0.6693855821866186
10.103099346160889,3.519098337443126,-0.7052773386074441,3.7449745974615656,-0.6691140655709189
10.153743028640747,3.519098337443126,-0.7052773386074441,3.72410683997614,-0.6687920731310331
10.204854488372803,3.519098337443126,-0.7052773386074441,3.7029757801404255,-0.6684167582039522
10.25558590888977,3.519098337443126,-0.7052773386074441,3.681932238123178,-0.667994099675929
10.30607271194458,3.519098337443126,-0.7052773386074441,3.6609218062136684,-0.6675237786558437
10.356416940689087,3.519098337443126,-0.7052773386074441,3.6399032830624547,-0.6670053044139959
10.40709900856018,3.519098337443126,-0.7052773386074441,3.618676190016407,-0.6664333309893915
10.457711219787598,3.519098337443126,-0.7052773386074441,3.597411233337335,-0.6658119540308376
10.50833535194397,3.519098337443126,-0.7052773386074441,3.5760746587811094,-0.665140148924543
10.559115171432495,3.519098337443126,-0.7052773386074441,3.554606035748849,-0.6644156523187803
10.609928131103516,3.519098337443126,-0.7052773386074441,3.533057300928342,-0.6636398259650034
10.660693407058716,3.519098337443126,-0.7052773386074441,3.5114632569892525,-0.6628138235043308
10.711421966552734,3.519098337443126,-0.7052773386074441,3.4898199011597284,-0.6619374931958513
10.763945579528809,3.519098337443126,-0.7052773386074441,3.467342825986427,-0.6609764080561562
10.814528703689575,3.227525314889514,-0.6968616723280456,3.4456314213944155,-0.6599990446555792
10.865110874176025,3.227525314889514,-0.6968616723280456,3.423857404526762,-0.6589707952609247
10.915790796279907,3.227525314889514,-0.6968616723280456,3.4019786063164057,-0.6578894150288077
10.966300964355469,3.227525314889514,-0.6968616723280456,3.380111144429992,-0.656760630896267
11.017013311386108,3.227525314889514,-0.6968616723280456,3.3580944419573058,-0.6555759933946699
11.067604541778564,3.227525314889514,-0.6968616723280456,3.3360692139836265,-0.6543428452059401
11.11806845664978,3.227525314889514,-0.6968616723280456,3.314039112078369,-0.6530616310133026
11.168526411056519,3.227525314889514,-0.6968616723280456,3.291951900273804,-0.6517293903831844
11.219744682312012,3.227525314889514,-0.6968616723280456,3.269471324249965,-0.6503246555908686
11.270243167877197,3.227525314889514,-0.6968616723280456,3.2472474667745725,-0.6488878791856156
11.321030616760254,3.227525314889514,-0.6968616723280456,3.224837660510635,-0.6473909450316988
11.371637344360352,3.227525314889514,-0.6968616723280456,3.202449477640364,-0.6458474555421323
11.422102451324463,3.227525314889514,-0.6968616723280456,3.1800666858621365,-0.6442566401360534
11.47260046005249,3.227525314889514,-0.6968616723280456,3.1576125754519513,-0.6426130932603771
11.523183584213257,2.9405863382224378,-0.6785993446694141,3.135064244218589,-0.6409148649564154
11.574796438217163,2.9405863382224378,-0.6785993446694141,3.1119992717922313,-0.639128443360772
11.632012605667114,2.9405863382224378,-0.6785993446694141,3.0863629058204562,-0.6370846946040025
11.68280839920044,2.9405863382224378,-0.6785993446694141,3.063544494252693,-0.6352143580910972
11.733314275741577,2.9405863382224378,-0.6785993446694141,3.040802058704089,-0.6333024836600218
11.784034729003906,2.9405863382224378,-0.6785993446694141,3.017909074246143,-0.631330030925223
11.83441710472107,2.9405863382224378,-0.6785993446694141,2.995115700492641,-0.6293186258085295
11.885003089904785,2.9405863382224378,-0.6785993446694141,2.9721776081113847,-0.6272467956108172
11.93560242652893,2.9405863382224378,-0.6785993446694141,2.949181254261912,-0.6251219421082741
11.986208438873291,2.9405863382224378,-0.6785993446694141,2.92613016774545,-0.6229442624544577
12.036593914031982,2.9405863382224378,-0.6785993446694141,2.9031286942937653,-0.6207238169766289
12.087192058563232,2.9405863382224378,-0.6785993446694141,2.879979608690924,-0.6184414788653472
12.137760639190674,2.9405863382224378,-0.6785993446694141,2.856793987876172,-0.6161078431986469
12.188158988952637,2.9405863382224378,-0.6785993446694141,2.83363714955588,-0.6137296690165126
12.23856806755066,2.6179494884980663,-0.6475761507928269,2.8104267062507424,-0.6112986239189317
12.289164543151855,2.6179494884980663,-0.6475761507928269,2.7870815547180285,-0.6088058384480255
12.339525938034058,2.6179494884980663,-0.6475761507928269,2.7637972216669793,-0.6062721634949808
12.39002013206482,2.6179494884980663,-0.6475761507928269,2.7404042946253853,-0.6036792146147203
12.440601825714111,2.6179494884980663,-0.6475761507928269,2.7169239834747536,-0.6010289389365617
12.491070032119751,2.6179494884980663,-0.6475761507928269,2.6934501562368887,-0.5983318755114877
12.541415929794312,2.6179494884980663,-0.6475761507928269,2.669987769904874,-0.595588834465393
12.59190583229065,2.6179494884980663,-0.6475761507928269,2.6464132193984478,-0.5927852434442715
12.642479658126831,2.6179494884980663,-0.6475761507928269,2.6227547884577693,-0.58992405460162
12.69364619255066,2.6179494884980663,-0.6475761507928269,2.598774116571707,-0.5869753913966198
12.744334936141968,2.6179494884980663,-0.6475761507928269,2.574973319826036,-0.5840007405826264
12.795865774154663,2.6179494884980663,-0.6475761507928269,2.5507327344295696,-0.5809220440411562
12.846772909164429,2.6179494884980663,-0.6475761507928269,2.5267421601217728,-0.577826509084062
12.897517919540405,2.6179494884980663,-0.6475761507928269,2.502785626047224,-0.5746872997825969
12.94839596748352,2.2832640444652332,-0.6039600902603484,2.478724375227158,-0.571486187424191
12.999394178390503,2.2832640444652332,-0.6039600902603484,2.454564738500838,-0.568223567513233
13.050445556640625,2.2832640444652332,-0.6039600902603484,2.4303388008909934,-0.5649034394609909
13.101492404937744,2.2832640444652332,-0.6039600902603484,2.4060744438481043,-0.5615294688852046
13.15231990814209,2.2832640444652332,-0.6039600902603484,2.38187460009029,-0.5581162024395252
13.204339981079102,2.2832640444652332,-0.6039600902603484,2.357066463094038,-0.554567263042506
13.254783868789673,2.2832640444652332,-0.6039600902603484,2.332971443500827,-0.5510721498093942
13.305477619171143,2.2832640444652332,-0.6039600902603484,2.3087193816057985,-0.5475064505668463
13.356983423233032,2.2832640444652332,-0.6039600902603484,2.284040699931447,-0.5438289384476374
13.410484552383423,2.2832640444652332,-0.6039600902603484,2.2583658945452374,-0.5399505892626539
13.461056470870972,2.2832640444652332,-0.6039600902603484,2.234059831652322,-0.5362299021057084
13.511674404144287,2.2832640444652332,-0.6039600902603484,2.209696242281567,-0.5324526236366713
13.56201958656311,1.9673720770863865,-0.5534084239469372,2.1854293407843786,-0.528642906879992
13.61471939086914,1.9673720770863865,-0.5534084239469372,2.159991122809787,-0.5245986225995769
13.665122509002686,1.9673720770863865,-0.5534084239469372,2.135627285322249,-0.5206766419788154
13.71586561203003,1.9673720770863865,-0.5534084239469372,2.1110658614732083,-0.5166749398379311
13.766573429107666,1.9673720770863865,-0.5534084239469372,2.0864887534519534,-0.5126226475098878
13.817021608352661,1.9673720770863865,-0.5534084239469372,2.062005539686954,-0.5085381775385072
13.86776351928711,1.9673720770863865,-0.5534084239469372,2.0373481877434294,-0.5043766942674788
13.918519496917725,1.9673720770863865,-0.5534084239469372,2.012652869992689,-0.5001606718858764
13.96938157081604,1.9673720770863865,-0.5534084239469372,1.9878752633559933,-0.49588230139032996
14.02013111114502,1.9673720770863865,-0.5534084239469372,1.9631224436242425,-0.4915600105223499
14.070586442947388,1.9673720770863865,-0.5534084239469372,1.9384839397491909,-0.4872099414485893
14.121017456054688,1.9673720770863865,-0.5534084239469372,1.9138287889365462,-0.48280935557879356
14.171634912490845,1.9673720770863865,-0.5534084239469372,1.8890543718720025,-0.4783396405615128
14.222037076950073,1.9673720770863865,-0.5534084239469372,1.8643578948501924,-0.4738363507657781
14.272700786590576,1.6341464377861215,-0.4901053212743897,1.8395062351224767,-0.4692568463721254
14.323320150375366,1.6341464377861215,-0.4901053212743897,1.8146498259354313,-0.46462847562936815
14.373761177062988,1.6341464377861215,-0.4901053212743897,1.7898551959935651,-0.459963878923602
14.424381256103516,1.6341464377861215,-0.4901053212743897,1.7649472280319696,-0.4552300476966651
14.474845170974731,1.6341464377861215,-0.4901053212743897,1.7400914092657702,-0.45045833903836874
14.525295495986938,1.6341464377861215,-0.4901053212743897,1.7152181978018008,-0.4456355825083613
14.577003479003906,1.6341464377861215,-0.4901053212743897,1.6897005234411824,-0.44063835293912756
14.627567529678345,1.6341464377861215,-0.4901053212743897,1.66472405279142,-0.4356986209902316
14.678032636642456,1.6341464377861215,-0.4901053212743897,1.6397740268203516,-0.43071629938196443
14.728666067123413,1.6341464377861215,-0.4901053212743897,1.6147188248904019,-0.42566494804156196
14.779032230377197,1.6341464377861215,-0.4901053212743897,1.5897746159399122,-0.42058823242135235
14.82939338684082,1.6341464377861215,-0.4901053212743897,1.5648122432075835,-0.4154601970340308
14.880402326583862,1.6341464377861215,-0.4901053212743897,1.5395083130317344,-0.4102134361016163
14.931428670883179,1.6341464377861215,-0.4901053212743897,1.5141757116760692,-0.4049118195467605
14.982202053070068,1.6341464377861215,-0.4901053212743897,1.4889493784379082,-0.39958387080049373
15.032636165618896,1.2865398196620894,-0.4139756526331429,1.4638730966117037,-0.3942396308791114
15.083419799804688,1.2865398196620894,-0.4139756526331429,1.4386049559575287,-0.388806165182241
15.134206295013428,1.2865398196620894,-0.4139756526331429,1.413317824937709,-0.38332009105690235
15.184841871261597,1.2865398196620894,-0.4139756526331429,1.388088918135566,-0.37779832154560644
15.235284805297852,1.2865398196620894,-0.4139756526331429,1.3629397598396615,-0.3722460089824242
15.285867929458618,1.2865398196620894,-0.4139756526331429,1.3377050010093814,-0.36662667476415134
15.33668065071106,1.2865398196620894,-0.4139756526331429,1.3123404361454345,-0.3609298986410048
15.38728642463684,1.2865398196620894,-0.4139756526331429,1.2870645368943285,-0.35520466897388836
15.437753915786743,1.2865398196620894,-0.4139756526331429,1.2618437220799184,-0.349443827307097
15.488355875015259,1.2865398196620894,-0.4139756526331429,1.236542253490581,-0.34361632922804475
15.538759231567383,1.2865398196620894,-0.4139756526331429,1.2113272577958294,-0.3377607154028617
15.589393138885498,1.2865398196620894,-0.4139756526331429,1.1859845986535391,-0.33182716847267635
15.640228748321533,1.2865398196620894,-0.4139756526331429,1.1605291284687693,-0.32581850367526455
15.6907217502594,1.2865398196620894,-0.4139756526331429,1.1352340219362236,-0.31979936322033575
15.74121356010437,0.9312840693814652,-0.3262163749201322,1.1099289218470851,-0.3137296616330052
15.791818857192993,0.9312840693814652,-0.3262163749201322,1.0845568847497478,-0.30759553976544174
15.84231162071228,0.9312840693814652,-0.3262163749201322,1.0592317954638995,-0.3014244909494712
15.893019914627075,0.9312840693814652,-0.3262163749201322,1.0337896501955506,-0.2951763657385409
15.943653345108032,0.9312840693814652,-0.3262163749201322,1.008376681165503,-0.28888683668147097
15.994274616241455,0.9312840693814652,-0.3262163749201322,0.9829620072035888,-0.2825483495239465
16.04481339454651,0.9312840693814652,-0.3262163749201322,0.9575815278213262,-0.27616995820766066
16.09529447555542,0.9312840693814652,-0.3262163749201322,0.9322233850602368,-0.26974884953140155
16.146055936813354,0.9312840693814652,-0.3262163749201322,0.906718277677643,-0.2632417994160403
16.196906089782715,0.9312840693814652,-0.3262163749201322,0.881163026052137,-0.2566729440205391
16.24749231338501,0.9312840693814652,-0.3262163749201322,0.8557354418616385,-0.2500882097506798
16.298476696014404,0.9312840693814652,-0.3262163749201322,0.8301032766666993,-0.2434013317303627
16.34913682937622,0.9312840693814652,-0.3262163749201322,0.8046302797991678,-0.23670706700475952
16.39960289001465,0.6085422595437879,-0.23701252861158986,0.7792516204486285,-0.22998909758762842
16.45025634765625,0.6085422595437879,-0.23701252861158986,0.7537760301127653,-0.22319677408188676
16.500898361206055,0.6085422595437879,-0.23701252861158986,0.728304066805238,-0.21635662591212457
16.551646947860718,0.6085422595437879,-0.23701252861158986,0.7027769338786107,-0.20945269964635038
16.602266788482666,0.6085422595437879,-0.23701252861158986,0.6773135684924444,-0.20251716858251445
16.652968406677246,0.6085422595437879,-0.23701252861158986,0.6518086405828578,-0.1955213866678185
16.703494787216187,0.6085422595437879,-0.23701252861158986,0.6263920051792433,-0.1885010832405003
16.75427532196045,0.6085422595437879,-0.23701252861158986,0.6008482312801072,-0.18139661680003316
16.804790019989014,0.6085422595437879,-0.23701252861158986,0.5754394506461412,-0.17428088857155677
16.855440139770508,0.6085422595437879,-0.23701252861158986,0.5499643918618096,-0.16709770022784465
16.907548904418945,0.6085422595437879,-0.23701252861158986,0.523758208309286,-0.15965723203851612
16.958307027816772,0.6085422595437879,-0.23701252861158986,0.4982343164798526,-0.15236060331043877
17.008910179138184,0.6085422595437879,-0.23701252861158986,0.4727919067416597,-0.1450382466872968
17.05947256088257,0.6085422595437879,-0.23701252861158986,0.4473741027610958,-0.13767405974028168
17.110953092575073,0.2659543575805936,-0.13281898858644375,0.4214995424091651,-0.1301272815008585
17.16167378425598,0.2659543575805936,-0.13281898858644375,0.3960121934064058,-0.12264382276306174
17.212258338928223,0.2659543575805936,-0.13281898858644375,0.3705990688373132,-0.11513308159511215
17.26267099380493,0.2659543575805936,-0.13281898858644375,0.34527864107462847,-0.10760095123498292
17.313695669174194,0.2659543575805936,-0.13281898858644375,0.3196578275310289,-0.09992984599398458
17.364474058151245,0.2659543575805936,-0.13281898858644375,0.2941682499299425,-0.09224845125520087
17.41537570953369,0.2659543575805936,-0.13281898858644375,0.2686249460690858,-0.08450119671878298
17.46579670906067,0.2659543575805936,-0.13281898858644375,0.2433314449175612,-0.07678065393177347
17.51695728302002,0.2659543575805936,-0.13281898858644375,0.21767626199915235,-0.0688997857243705
17.56872320175171,0.2659543575805936,-0.13281898858644375,0.19172766673024721,-0.06087757251294246
17.620018482208252,0.2659543575805936,-0.13281898858644375,0.16602564081905324,-0.05288074628934236
17.67037034034729,0.2659543575805936,-0.13281898858644375,0.1408072045742923,-0.04498513315598762
17.721101999282837,0.2659543575805936,-0.13281898858644375,0.11541000780100386,-0.03698417971653578
17.77150845527649,0.2659543575805936,-0.13281898858644375,0.09018756066509281,-0.028989168979877356
17.82188105583191,-0.09296920573818086,-0.013650866734926388,0.0649945019654774,-0.0209545449124815
17.873048782348633,-0.09296920573818086,-0.013650866734926388,0.03941707853672971,-0.012747234144796948
17.92391872406006,-0.09296920573818086,-0.013650866734926388,0.014002368060519688,-0.0045420502288813225
17.974794626235962,-0.09296920573818086,-0.013650866734926388,-0.011400934793659001,0.003709426219702383
18.02532196044922,-0.09296920573818086,-0.013650866734926388,-0.036615395473948764,0.01194905717339756
18.07564425468445,-0.09296920573818086,-0.013650866734926388,-0.061712331851347946,0.020199335277113928
18.12591576576233,-0.09296920573818086,-0.013650866734926388,-0.08676824714889053,0.02848503425317217
18.176339149475098,-0.09296920573818086,-0.013650866734926388,-0.11188355465020938,0.036839504628644715
18.22675371170044,-0.09296920573818086,-0.013650866734926388,-0.13697759928953568,0.04523612261014254
18.277262687683105,-0.09296920573818086,-0.013650866734926388,-0.16210117636278198,0.05369200554430087
18.327902793884277,-0.09296920573818086,-0.013650866734926388,-0.18727188159908148,0.062213401515583744
18.378349781036377,-0.09296920573818086,-0.013650866734926388,-0.21232803259919864,0.07074547629166794
18.428762197494507,-0.09296920573818086,-0.013650866734926388,-0.23734795857663538,0.0793145602350398
18.479212045669556,-0.09296920573818086,-0.013650866734926388,-0.2623668494148099,0.08793270147618681
18.529746055603027,-0.4483151359045249,0.11512406579119627,-0.287407263537638,0.09660784027791136
18.580469369888306,-0.4483151359045249,0.11512406579119627,-0.312520587743103,0.10535817253529745
18.631267786026,-0.4483151359045249,0.11512406579119627,-0.33764956487637054,0.11416412784636565
18.681785345077515,-0.4483151359045249,0.11512406579119627,-0.36261769316363535,0.1229635379291949
18.73217272758484,-0.4483151359045249,0.11512406579119627,-0.3874991720182255,0.1317819321071192
18.782578468322754,-0.4483151359045249,0.11512406579119627,-0.41236688438850255,0.1406449624721544
18.833032846450806,-0.4483151359045249,0.11512406579119627,-0.4372351847993813,0.14955782912564564
18.88371443748474,-0.4483151359045249,0.11512406579119627,-0.4621913561655575,0.15855220666809533
18.934486865997314,-0.4483151359045249,0.11512406579119627,-0.4871674728881952,0.16760406920468274
18.98550009727478,-0.4483151359045249,0.11512406579119627,-0.5122365119887062,0.17674034121403714
19.036107063293457,-0.4483151359045249,0.11512406579119627,-0.5370800691808062,0.18584471650917322
19.086530447006226,-0.4483151359045249,0.11512406579119627,-0.5618073752679342,0.1949563273717052
19.137303113937378,-0.4483151359045249,0.11512406579119627,-0.5866790748233516,0.20417144271659193
19.18773913383484,-0.4483151359045249,0.11512406579119627,-0.6113586100480214,0.21336536310722787
19.241044998168945,-0.7924508917192826,0.2500378716535643,-0.6374123132690525,0.2231254113261243
19.29158353805542,-0.7924508917192826,0.2500378716535643,-0.6620843251995769,0.23241933817554994
19.34253716468811,-0.7924508917192826,0.2500378716535643,-0.6869297129849086,0.24182933516683391
19.393757581710815,-0.7924508917192826,0.2500378716535643,-0.7118750281228009,0.25132858135448766
19.444199323654175,-0.7924508917192826,0.2500378716535643,-0.7364110228762312,0.2607223589139185
19.494587659835815,-0.7924508917192826,0.2500378716535643,-0.7608906983502879,0.27014454453402825
19.545412302017212,-0.7924508917192826,0.2500378716535643,-0.7855510868884387,0.2796869149360486
19.595892906188965,-0.7924508917192826,0.2500378716535643,-0.8100129475701363,0.28920283100913924
19.646344423294067,-0.7924508917192826,0.2500378716535643,-0.8344287232547346,0.29875100610113314
19.697559118270874,-0.7924508917192826,0.2500378716535643,-0.859180587273111,0.3084819655075517
19.74856686592102,-0.7924508917192826,0.2500378716535643,-0.883798600117659,0.3182117626683656
19.79957103729248,-0.7924508917192826,0.2500378716535643,-0.9083805854515316,0.3279787076883429
19.85015296936035,-0.7924508917192826,0.2500378716535643,-0.9327246634638209,0.3377019123635172
19.90093421936035,-0.7924508917192826,0.2500378716535643,-0.9571296764490147,0.34750036491738845
19.9516384601593,-1.1080760951089632,0.3823221365280151,-0.9814621716655217,0.3573206328513776
20.002617359161377,-1.1080760951089632,0.3823221365280151,-1.0058901730022465,0.3672307893770932
20.05416464805603,-1.1080760951089632,0.3823221365280151,-1.0305529838115104,0.3772885900474332
20.1055645942688,-1.1080760951089632,0.3823221365280151,-1.055107157268202,0.3873545754959906
20.15613555908203,-1.1080760951089632,0.3823221365280151,-1.0792276218528314,0.3972939528534556
20.206827878952026,-1.1080760951089632,0.3823221365280151,-1.1033679213332834,0.407292499632677
20.25735831260681,-1.1080760951089632,0.3823221365280151,-1.1273927033556668,0.4172940518468038
20.308003902435303,-1.1080760951089632,0.3823221365280151,-1.151433226493493,0.42735313902442806
20.358667373657227,-1.1080760951089632,0.3823221365280151,-1.1754426478335982,0.4374503183825018
20.409449100494385,-1.1080760951089632,0.3823221365280151,-1.1994678588924779,0.4476054714897111
20.460854530334473,-1.1080760951089632,0.3823221365280151,-1.223746576800635,0.4579201630172416
20.515952348709106,-1.1080760951089632,0.3823221365280151,-1.2497221602935507,0.4690143224304628
20.56653356552124,-1.1080760951089632,0.3823221365280151,-1.2735250120551063,0.47923390045739644
20.617077589035034,-1.1080760951089632,0.3823221365280151,-1.297268338011568,0.48947901756477696
20.667545080184937,-1.4344149287690282,0.5296399895784437,-1.320933297397041,0.49974132190225307
20.718095302581787,-1.4344149287690282,0.5296399895784437,-1.3445940612256135,0.510052936572829
20.768927812576294,-1.4344149287690282,0.5296399895784437,-1.3683430615607748,0.5204546483535704
20.824914693832397,-1.4344149287690282,0.5296399895784437,-1.3944486464858272,0.5319484856399588
20.87533688545227,-1.4344149287690282,0.5296399895784437,-1.4179127409679102,0.542333175825676
20.925785541534424,-1.4344149287690282,0.5296399895784437,-1.4413442651630732,0.5527545760019819
20.976231336593628,-1.4344149287690282,0.5296399895784437,-1.4647290738265255,0.5632063756350183
21.026698112487793,-1.4344149287690282,0.5296399895784437,-1.4880777024588965,0.5736932549140925
21.07727360725403,-1.4344149287690282,0.5296399895784437,-1.5114300732585038,0.584233285260447
21.12794828414917,-1.4344149287690282,0.5296399895784437,-1.534781001076203,0.5948243859164712
21.178624629974365,-1.4344149287690282,0.5296399895784437,-1.558084916535773,0.6054459831940195
21.229219675064087,-1.4344149287690282,0.5296399895784437,-1.5813032863117429,0.6160803310666343
21.279687643051147,-1.4344149287690282,0.5296399895784437,-1.6044149132190701,0.6267173395951242
21.330594778060913,-1.4344149287690282,0.5296399895784437,-1.627678164040016,0.6374763379584696
21.381557941436768,-1.760865335936361,0.6870742204072933,-1.6509167357449026,0.648276487967073
21.4332218170166,-1.760865335936361,0.6870742204072933,-1.674422962829181,0.6592547636534465
21.483722925186157,-1.760865335936361,0.6870742204072933,-1.697349192695764,0.6700144946959821
21.53445315361023,-1.760865335936361,0.6870742204072933,-1.7203282300455995,0.6808511503301728
21.58523154258728,-1.760865335936361,0.6870742204072933,-1.7432772015830866,0.6917260092317252
21.636573553085327,-1.760865335936361,0.6870742204072933,-1.766427631370461,0.7027496657776675
21.68698263168335,-1.760865335936361,0.6870742204072933,-1.789104805737633,0.7136001938579373
21.73751187324524,-1.760865335936361,0.6870742204072933,-1.8117832662516495,0.7245033175742575
21.788095951080322,-1.760865335936361,0.6870742204072933,-1.834432945515654,0.7354447809809619
21.838780641555786,-1.760865335936361,0.6870742204072933,-1.8570736199563265,0.7464343061508671
21.889428853988647,-1.760865335936361,0.6870742204072933,-1.8796434760491685,0.7574419155056429
21.940115690231323,-1.760865335936361,0.6870742204072933,-1.902175505108392,0.7684836278500384
21.99075984954834,-1.760865335936361,0.6870742204072933,-1.9246331027959813,0.7795414233531881
22.041250467300415,-1.760865335936361,0.6870742204072933,-1.9469669637571965,0.790590642656027
22.091740131378174,-2.0788651539301624,0.8505616747164433,-1.9692443758519786,0.8016642572611787
22.142280101776123,-2.0788651539301624,0.8505616747164433,-1.9914874127528304,0.8127732383631896
22.19262409210205,-2.0788651539301624,0.8505616747164433,-2.0135874692373825,0.8238630388956443
22.242923498153687,-2.0788651539301624,0.8505616747164433,-2.0356109581068447,0.8349665306308887
22.29406499862671,-2.0788651539301624,0.8505616747164433,-2.0579442821341076,0.8462796915339181
22.345468997955322,-2.0788651539301624,0.8505616747164433,-2.0803319440842314,0.8576747559889375
22.396135807037354,-2.0788651539301624,0.8505616747164433,-2.102338923269318,0.8689294661224554
22.446667909622192,-2.0788651539301624,0.8505616747164433,-2.1242279850484653,0.8801767416583961
22.497318506240845,-2.0788651539301624,0.8505616747164433,-2.1461083846542683,0.8914726102797346
22.547912120819092,-2.0788651539301624,0.8505616747164433,-2.1679037589673373,0.9027776596128199
22.598755836486816,-2.0788651539301624,0.8505616747164433,-2.189745598105944,0.9141603092901951
22.649244785308838,-2.0788651539301624,0.8505616747164433,-2.2113738001849246,0.9254847560905968
22.700148105621338,-2.0788651539301624,0.8505616747164433,-2.233117286170023,0.9369232259615927
22.7507541179657,-2.0788651539301624,0.8505616747164433,-2.2546714003222306,0.9483155451529512
22.80116605758667,-2.381579518971857,1.0168784357650844,-2.2760805793822643,0.9596843302331566
22.85174536705017,-2.381579518971857,1.0168784357650844,-2.297497933653243,0.9711107520865885
22.902718782424927,-2.381579518971857,1.0168784357650844,-2.319017978258366,0.9826460340455574
22.954718828201294,-2.381579518971857,1.0168784357650844,-2.340904586596697,0.9944338046761696
23.005537748336792,-2.381579518971857,1.0168784357650844,-2.362228370464185,1.0059731627621802
23.05611824989319,-2.381579518971857,1.0168784357650844,-2.3833871924911603,1.0174770266708597
23.10823106765747,-2.381579518971857,1.0168784357650844,-2.405118816235322,1.0293484979174619
23.158731698989868,-2.381579518971857,1.0168784357650844,-2.426111666806071,1.0408708648397025
23.20926809310913,-2.381579518971857,1.0168784357650844,-2.4470534552322425,1.0524189462906812
23.259719848632812,-2.381579518971857,1.0168784357650844,-2.467893961485155,1.0639648711720304
23.310112953186035,-2.381579518971857,1.0168784357650844,-2.4886437830928303,1.0755141809452773
23.360522985458374,-2.381579518971857,1.0168784357650844,-2.5093337057527796,1.087083842773163
23.41101908683777,-2.381579518971857,1.0168784357650844,-2.5299914858165016,1.0986894404166367
23.4615261554718,-2.381579518971857,1.0168784357650844,-2.550585789419947,1.110313422603313
23.512008666992188,-2.6782628062102436,1.1903815787219292,-2.57110174541313,1.121947269013543
23.56248950958252,-2.6782628062102436,1.1903815787219292,-2.591548297295457,1.1335959031828846
23.612934827804565,-2.6782628062102436,1.1903815787219292,-2.611911399386863,1.1452511565526091
23.663779735565186,-2.6782628062102436,1.1903815787219292,-2.632365530490896,1.1570133765159165
23.714810848236084,-2.6782628062102436,1.1903815787219292,-2.6528232155169427,1.1688331025320928
23.767111778259277,-2.6782628062102436,1.1903815787219292,-2.673715343231726,1.1809615716535586
23.818081378936768,-2.6782628062102436,1.1903815787219292,-2.694002567935597,1.1927951961447787
23.870928525924683,-2.6782628062102436,1.1903815787219292,-2.714960477731271,1.2050788236620371
23.92163610458374,-2.6782628062102436,1.1903815787219292,-2.734996128709048,1.2168782608652589
23.972079515457153,-2.6782628062102436,1.1903815787219292,-2.7548553284131825,1.2286286271524394
24.022441148757935,-2.6782628062102436,1.1903815787219292,-2.7746102304455915,1.240371934810434
24.07276201248169,-2.6782628062102436,1.1903815787219292,-2.7942767949613847,1.2521173564054284
24.123499393463135,-2.6782628062102436,1.1903815787219292,-2.814032535697675,1.26397140633615
24.174060106277466,-2.6782628062102436,1.1903815787219292,-2.833645570262991,1.2757952237295473
24.224517583847046,-2.9529032422950574,1.3613461999699015,-2.8531446103742777,1.287605537397461
24.27485156059265,-2.9529032422950574,1.3613461999699015,-2.8725219404835842,1.2993971817958676
24.32520365715027,-2.9529032422950574,1.3613461999699015,-2.8918319341953085,1.3112029513745564
24.375945568084717,-2.9529032422950574,1.3613461999699015,-2.911215848391394,1.323109759349241
24.42626929283142,-2.9529032422950574,1.3613461999699015,-2.9303647051622037,1.3349276427654728
24.476717948913574,-2.9529032422950574,1.3613461999699015,-2.9494854509497355,1.346783710438039
24.527241706848145,-2.9529032422950574,1.3613461999699015,-2.968558375631986,1.358665947942968
24.578410863876343,-2.9529032422950574,1.3613461999699015,-2.9877967483625754,1.3707082950028782
24.628902196884155,-2.9529032422950574,1.3613461999699015,-3.006702769182441,1.382598968801791
24.679393768310547,-2.9529032422950574,1.3613461999699015,-3.025531519758314,1.3944971341382004
24.73014259338379,-2.9529032422950574,1.3613461999699015,-3.044377881497806,1.4064630493873533
24.78078317642212,-2.9529032422950574,1.3613461999699015,-3.0631054098623784,1.418410202551108
24.83142066001892,-2.9529032422950574,1.3613461999699015,-3.0817528822999014,1.430363011680619
24.881853580474854,-2.9529032422950574,1.3613461999699015,-3.1002462339149677,1.4422735199599535
24.932316064834595,-3.213720505850264,1.5354799178549363,-3.1186713703173754,1.4541966262963044
24.982760190963745,-3.213720505850264,1.5354799178549363,-3.1370104134356724,1.4661206468521653
25.033252000808716,-3.213720505850264,1.5354799178549363,-3.1552869510832817,1.4780608331134681
25.08379030227661,-3.213720505850264,1.5354799178549363,-3.1734999769982295,1.490016551163387
25.13427972793579,-3.213720505850264,1.5354799178549363,-3.1916147794000382,1.5019648736861142
25.184861660003662,-3.213720505850264,1.5354799178549363,-3.2096816317230754,1.513938896281262
25.235356330871582,-3.213720505850264,1.5354799178549363,-3.227635967094891,1.5258956961341152
25.28587055206299,-3.213720505850264,1.5354799178549363,-3.2455155853245414,1.5378601900957574
25.33632802963257,-3.213720505850264,1.5354799178549363,-3.26329323249554,1.5498139359544074
25.38675546646118,-3.213720505850264,1.5354799178549363,-3.280978191140856,1.5617628846235179
25.437159061431885,-3.213720505850264,1.5354799178549363,-3.2985724326914685,1.5737081329839337
25.48761749267578,-3.213720505850264,1.5354799178549363,-3.3161030127561917,1.5856679595314576
25.538143634796143,-3.213720505850264,1.5354799178549363,-3.333573771247398,1.5976450504233872
25.588544607162476,-3.213720505850264,1.5354799178549363,-3.350917828643837,1.6095933110750589
25.639360427856445,-3.4558979913342887,1.7081043447274271,-3.3683199657324367,1.6216403913780035
25.69043779373169,-3.4558979913342887,1.7081043447274271,-3.385725654142576,1.6337495740051824
25.741161584854126,-3.4558979913342887,1.7081043447274271,-3.4029251821218556,1.6457746478229098
25.791595697402954,-3.4558979913342887,1.7081043447274271,-3.419941518637841,1.6577303899077502
25.841909646987915,-3.4558979913342887,1.7081043447274271,-3.4368325758283613,1.669656620632635
25.89222502708435,-3.4558979913342887,1.7081043447274271,-3.453639161641611,1.6815817941539808
25.942760944366455,-3.4558979913342887,1.7081043447274271,-3.4704335877379626,1.6935574565985314
25.99346113204956,-3.4558979913342887,1.7081043447274271,-3.4871958599604227,1.705569874964308
26.043915510177612,-3.4558979913342887,1.7081043447274271,-3.5037902991313454,1.7175215164362185
26.094877243041992,-3.4558979913342887,1.7081043447274271,-3.5204636342404263,1.7295903869359859
26.14620804786682,-3.4558979913342887,1.7081043447274271,-3.537168028373397,1.7417432693042296
26.196922540664673,-3.4558979913342887,1.7081043447274271,-3.5535831484989204,1.753746504558168
26.24765920639038,-3.4558979913342887,1.7081043447274271,-3.5699169087058458,1.7657508908426376
26.298253536224365,-3.4558979913342887,1.7081043447274271,-3.58611636275503,1.7777171369965639
26.34910297393799,-3.681012669442967,1.8786494369668787,-3.6023081696863897,1.7897388431607542
26.399831533432007,-3.681012669442967,1.8786494369668787,-3.618371954976762,1.8017267144862492
26.450641632080078,-3.681012669442967,1.8786494369668787,-3.634371625315369,1.8137282039360798
26.50111174583435,-3.681012669442967,1.8786494369668787,-3.650174841720941,1.8256434062557834
26.553022384643555,-3.681012669442967,1.8786494369668787,-3.666335868710379,1.8378920727878219
26.606086015701294,-3.681012669442967,1.8786494369668787,-3.6827577998655525,1.8504054281598872
26.65652561187744,-3.681012669442967,1.8786494369668787,-3.6982754646686495,1.862292682780434
26.706851720809937,-3.681012669442967,1.8786494369668787,-3.713668384604337,1.8741457082926927
26.757365942001343,-3.681012669442967,1.8786494369668787,-3.729028332847673,1.8860351402432733
26.80918860435486,-3.681012669442967,1.8786494369668787,-3.7446916237786283,1.8982239124343954
26.859835386276245,-3.681012669442967,1.8786494369668787,-3.7599067364392087,1.9101272814317944
26.910264492034912,-3.681012669442967,1.8786494369668787,-3.7749650687414142,1.9219704268042899
26.960689067840576,-3.681012669442967,1.8786494369668787,-3.789930605056286,1.933803082208638
27.012079000473022,-3.681012669442967,1.8786494369668787,-3.8050882962865495,1.9458521742834538
27.062641859054565,-3.8888602707824695,2.0484499034863566,-3.8199088111322164,1.9576970106523555
27.113423109054565,-3.8888602707824695,2.0484499034863566,-3.8347000044821797,1.9695822964350507
27.164335250854492,-3.8888602707824695,2.0484499034863566,-3.8494351638278026,1.9814870487410434
27.21488118171692,-3.8888602707824695,2.0484499034863566,-3.8639708107796906,1.9932947181354796
27.265830993652344,-3.8888602707824695,2.0484499034863566,-3.8785280415810934,2.0051847939789607
27.31627345085144,-3.8888602707824695,2.0484499034863566,-3.8928465373946857,2.0169442707829477
27.3667733669281,-3.8888602707824695,2.0484499034863566,-3.9070876306880926,2.0287045976256266
27.417242527008057,-3.8888602707824695,2.0484499034863566,-3.9212261262891364,2.0404448354325613
27.467851400375366,-3.8888602707824695,2.0484499034863566,-3.935309232474154,2.0522042093102417
27.518323183059692,-3.8888602707824695,2.0484499034863566,-3.9492596750485607,2.063918013647828
27.568804025650024,-3.8888602707824695,2.0484499034863566,-3.9631179726907035,2.075619833403882
27.619818687438965,-3.8888602707824695,2.0484499034863566,-3.9770264142888054,2.087430689333666
27.670302391052246,-3.8888602707824695,2.0484499034863566,-3.9906944609985584,2.0991036739424125
27.72074818611145,-3.8888602707824695,2.0484499034863566,-4.0042569852994285,2.110752655866399
27.77134132385254,-4.078497608409456,2.21529081757533,-4.017763254671548,2.122419975460713
27.821803331375122,-4.078497608409456,2.21529081757533,-4.031138657689451,2.1340410188690866
27.872432231903076,-4.078497608409456,2.21529081757533,-4.044461862833922,2.1456840122046277
27.922884225845337,-4.078497608409456,2.21529081757533,-4.057642206659637,2.157269509888172
27.973349809646606,-4.078497608409456,2.21529081757533,-4.070729705888814,2.1688409506453077
28.02381134033203,-4.078497608409456,2.21529081757533,-4.083719543508856,2.1803938971981554
28.074272394180298,-4.078497608409456,2.21529081757533,-4.096612441382465,2.1919287836501664
28.125023126602173,-4.078497608409456,2.21529081757533,-4.1094814894216505,2.2035113908339317
28.17564368247986,-4.078497608409456,2.21529081757533,-4.122219553099525,2.2150454187418886
28.226153135299683,-4.078497608409456,2.21529081757533,-4.134831926186333,2.2265349585352494
28.27663564682007,-4.078497608409456,2.21529081757533,-4.147339822338045,2.2379988451913353
28.328033208847046,-4.078497608409456,2.21529081757533,-4.159973834952444,2.249650073190605
28.380946397781372,-4.078497608409456,2.21529081757533,-4.172874144885452,2.261622887557559
28.4313542842865,-4.078497608409456,2.21529081757533,-4.185063188902932,2.273007666918857
28.481953382492065,-4.252304419349411,2.380336097738263,-4.197199682071279,2.284414479240704
28.53286361694336,-4.252304419349411,2.380336097738263,-4.209310721496729,2.295869649852544
28.583431005477905,-4.252304419349411,2.380336097738263,-4.22124063601318,2.307225656786729
28.633914709091187,-4.252304419349411,2.380336097738263,-4.2330516399053195,2.3185405895178666
28.684481620788574,-4.252304419349411,2.380336097738263,-4.244782598108569,2.329851465580968
28.734944105148315,-4.252304419349411,2.380336097738263,-4.25638986478406,2.341115941395189
28.785680294036865,-4.252304419349411,2.380336097738263,-4.267959737620552,2.3524179186405116
28.83613681793213,-4.252304419349411,2.380336097738263,-4.2793658695359245,2.363633745037779
28.88693356513977,-4.252304419349411,2.380336097738263,-4.290748037890075,2.374900779080041
28.937710285186768,-4.252304419349411,2.380336097738263,-4.302024394186305,2.3861384912384964
28.988499879837036,-4.252304419349411,2.380336097738263,-4.313202097334169,2.3973537750846847
29.03899621963501,-4.252304419349411,2.380336097738263,-4.324214448924694,2.408478851400975
29.08950638771057,-4.252304419349411,2.380336097738263,-4.335129092775723,2.419581198884461
29.14292550086975,-4.392282415900516,2.5250203638695656,-4.346562542244431,2.431294467621601
29.193517446517944,-4.392282415900516,2.5250203638695656,-4.357286666289965,2.4423604228285862
29.24422287940979,-4.392282415900516,2.5250203638695656,-4.367932961751368,2.453424061963008
29.294706106185913,-4.392282415900516,2.5250203638695656,-4.378431121278747,2.4644118390127887
29.34679675102234,-4.392282415900516,2.5250203638695656,-4.389157246450573,2.4757204291412833
29.397436380386353,-4.392282415900516,2.5250203638695656,-4.399480940076856,2.48668533602346
29.448368549346924,-4.392282415900516,2.5250203638695656,-4.409761053275008,2.4976846739538825
29.499080419540405,-4.392282415900516,2.5250203638695656,-4.4198937130573634,2.508607238100424
29.54951047897339,-4.392282415900516,2.5250203638695656,-4.429868016184659,2.519439826655519
29.599929571151733,-4.392282415900516,2.5250203638695656,-4.439738284426666,2.530240489865261
29.650439500808716,-4.392282415900516,2.5250203638695656,-4.449524072994769,2.5410305828570836
29.70157766342163,-4.392282415900516,2.5250203638695656,-4.4593271704479935,2.5519238697065534
29.752533197402954,-4.392282415900516,2.5250203638695656,-4.4689906393925405,2.56274682429911
29.803202390670776,-4.392282415900516,2.5250203638695656,-4.478496125109398,2.573477461670664
29.853759288787842,-4.523554275470818,2.6749554133499194,-4.487877376789697,2.5841526268872963
29.90410590171814,-4.523554275470818,2.6749554133499194,-4.497117078165957,2.594751551600457
29.955025911331177,-4.523554275470818,2.6749554133499194,-4.5063578208989075,2.605438483988248
30.00595474243164,-4.523554275470818,2.6749554133499194,-4.515495241167274,2.61609398162661
30.05664348602295,-4.523554275470818,2.6749554133499194,-4.524485280903965,2.6266658064381168
30.108937740325928,-4.523554275470818,2.6749554133499194,-4.533650898634518,2.6375371108775316
30.159637451171875,-4.523554275470818,2.6749554133499194,-4.542431076011942,2.648042239419143
30.210623502731323,-4.523554275470818,2.6749554133499194,-4.551155525201807,2.6585718632833775
30.26111102104187,-4.523554275470818,2.6749554133499194,-4.559690496900057,2.6689637254158507
30.311614274978638,-4.523554275470818,2.6749554133499194,-4.568124322031749,2.679323797006813
30.362025260925293,-4.523554275470818,2.6749554133499194,-4.5764391047754565,2.689629625612197
30.412411212921143,-4.523554275470818,2.6749554133499194,-4.584646203562388,2.6998947043591985
30.466899633407593,-4.523554275470818,2.6749554133499194,-4.59340491110354,2.710955050264571
30.51800298690796,-4.523554275470818,2.6749554133499194,-4.601509268778676,2.721289600723511
30.568427324295044,-4.523554275470818,2.6749554133499194,-4.6094012858182385,2.731449752507796
30.618844270706177,-4.638593115689197,2.82187257571663,-4.617188129271841,2.741571213853423
30.669962406158447,-4.638593115689197,2.82187257571663,-4.624977000021564,2.7517950821103656
30.72090768814087,-4.638593115689197,2.82187257571663,-4.632632991451373,2.761945565533505
30.771312952041626,-4.638593115689197,2.82187257571663,-4.640103078393267,2.771949944154105
30.821659088134766,-4.638593115689197,2.82187257571663,-4.647460320999048,2.7819039784329482
30.87200927734375,-4.638593115689197,2.82187257571663,-4.654714054069827,2.7918198543351838
30.922813653945923,-4.638593115689197,2.82187257571663,-4.661927633778158,2.80178531263424
30.9733669757843,-4.638593115689197,2.82187257571663,-4.6690002269687785,2.8116614053628157
31.024091005325317,-4.638593115689197,2.82187257571663,-4.675991028753378,2.8215302492653187
31.074748754501343,-4.638593115689197,2.82187257571663,-4.682866991525453,2.8313452373750834
31.12521982192993,-4.638593115689197,2.82187257571663,-4.689612506946873,2.841082978048896
31.17591619491577,-4.638593115689197,2.82187257571663,-4.696282462783927,2.8508225405544185
31.226735591888428,-4.638593115689197,2.82187257571663,-4.702862259648547,2.860543472053282
31.27720332145691,-4.638593115689197,2.82187257571663,-4.709291104972633,2.8701548875032787
31.327592134475708,-4.732843123493479,2.96158017289626,-4.715605044435009,2.8797089058567575
31.37804412841797,-4.732843123493479,2.96158017289626,-4.721821889627488,2.889232125354249
31.429188013076782,-4.732843123493479,2.96158017289626,-4.72801670195582,2.8988418822852187
31.480525732040405,-4.732843123493479,2.96158017289626,-4.734126317827135,2.9084430658466753
31.53132462501526,-4.732843123493479,2.96158017289626,-4.740064600605934,2.9178987322168988
31.581743478775024,-4.732843123493479,2.96158017289626,-4.7458529757828956,2.927239281527611
31.632232666015625,-4.732843123493479,2.96158017289626,-4.751544089911848,2.9365481961491757
31.68291187286377,-4.732843123493479,2.96158017289626,-4.75715059047168,2.9458468341169075
31.73338532447815,-4.732843123493479,2.96158017289626,-4.762628718557876,2.9550622387841115
31.784022092819214,-4.732843123493479,2.96158017289626,-4.768018642349959,2.9642614910297915
31.835318326950073,-4.732843123493479,2.96158017289626,-4.773370558839789,2.9735332313047538
31.885948419570923,-4.732843123493479,2.96158017289626,-4.7785461666542215,2.982637502287097
31.939049005508423,-4.732843123493479,2.96158017289626,-4.783860299850957,2.992135386239584
31.99646282196045,-4.8057630946403584,3.092372723791784,-4.78947473012324,3.0023459670319586
32.04815149307251,-4.8057630946403584,3.092372723791784,-4.794412547238258,3.0114857029133097
32.09891986846924,-4.8057630946403584,3.092372723791784,-4.7991547481904275,3.0204137432841613
32.15733075141907,-4.8057630946403584,3.092372723791784,-4.80447877744791,3.0306252795188278
32.208205699920654,-4.8057630946403584,3.092372723791784,-4.809000798236479,3.0394662111575257
32.25864577293396,-4.8057630946403584,3.092372723791784,-4.813378352557886,3.048182344418644
32.3093376159668,-4.8057630946403584,3.092372723791784,-4.817671613819784,3.0568922477648197
32.36044645309448,-4.8057630946403584,3.092372723791784,-4.821892475199125,3.0656229642959802
32.411463260650635,-4.8057630946403584,3.092372723791784,-4.825997881007603,3.07428669543374
32.46293878555298,-4.8057630946403584,3.092372723791784,-4.830030998258633,3.082976051158787
32.51427340507507,-4.8057630946403584,3.092372723791784,-4.833943850743959,3.091588963493102
32.564936876297,-4.8057630946403584,3.092372723791784,-4.837698619851525,3.1000373573734343
32.61565589904785,-4.8057630946403584,3.092372723791784,-4.8413511290646,3.108443008204384
32.666608572006226,-4.8057630946403584,3.092372723791784,-4.844913316488748,3.1168346359924928
32.71706008911133,-4.8057630946403584,3.092372723791784,-4.848334678366877,3.1250912917234537
32.76755499839783,-4.854844708593531,3.2057683644614343,-4.851653609525694,3.1333024642139056
32.818021059036255,-4.854844708593531,3.2057683644614343,-4.854865347229679,3.1414560436767127
32.86848568916321,-4.854844708593531,3.2057683644614343,-4.857971764764275,3.149556168965473
32.919408559799194,-4.854844708593531,3.2057683644614343,-4.860999761427003,3.157675554362641
32.96993041038513,-4.854844708593531,3.2057683644614343,-4.863898103101307,3.165676764232994
33.02037453651428,-4.854844708593531,3.2057683644614343,-4.866686879291814,3.173611432425061
33.07095980644226,-4.854844708593531,3.2057683644614343,-4.869378035725873,3.18151354806022
33.12219786643982,-4.854844708593531,3.2057683644614343,-4.87199634626931,3.189461398976153
33.17304992675781,-4.854844708593531,3.2057683644614343,-4.874487938346837,3.197293071791021
33.223740577697754,-4.854844708593531,3.2057683644614343,-4.876865592415554,3.2050437250499306
33.274147748947144,-4.854844708593531,3.2057683644614343,-4.879125029632103,3.2126951005727067
33.32464289665222,-4.854844708593531,3.2057683644614343,-4.881283567007264,3.2203035784057685
33.37516784667969,-4.854844708593531,3.2057683644614343,-4.883338410121508,3.2278598679629145
33.425596475601196,-4.854844708593531,3.2057683644614343,-4.885284698498627,3.235344892455582
33.4761426448822,-4.884448676716216,3.310758165012538,-4.887130684514065,3.242790033073182
33.52665162086487,-4.884448676716216,3.310758165012538,-4.888870534185289,3.2501720370349716
33.577308654785156,-4.884448676716216,3.310758165012538,-4.890510353419071,3.2575174639022224
33.6281681060791,-4.884448676716216,3.310758165012538,-4.89205088205928,3.2648332634874446
33.67900109291077,-4.884448676716216,3.310758165012538,-4.893484713790203,3.2720858793649787
33.72974419593811,-4.884448676716216,3.310758165012538,-4.894810501508744,3.279266141843719
33.780426025390625,-4.884448676716216,3.310758165012538,-4.896029544538452,3.286378042633322
33.83142042160034,-4.884448676716216,3.310758165012538,-4.897150135435949,3.29347327155059
33.881970167160034,-4.884448676716216,3.310758165012538,-4.898156131130138,3.3004463866335403
33.93253827095032,-4.884448676716216,3.310758165012538,-4.8990581580453085,3.307361702325717
33.98320913314819,-4.884448676716216,3.310758165012538,-4.899857437035859,3.3142302279311684
34.0339252948761,-4.884448676716216,3.310758165012538,-4.90055269638615,3.3210435924592465
34.08478832244873,-4.884448676716216,3.310758165012538,-4.901144829007981,3.3278147755473593
34.135340213775635,-4.884448676716216,3.310758165012538,-4.901629109718581,3.3344827924754803
34.18592071533203,-4.89370973926325,3.40390043788082,-4.902009766697788,3.3410926645356334
34.23650598526001,-4.89370973926325,3.40390043788082,-4.902286620419907,3.3476409065881887
34.28709697723389,-4.89370973926325,3.40390043788082,-4.902459749108104,3.354127315747498
34.33759164810181,-4.89370973926325,3.40390043788082,-4.902529189535864,3.360538672185667
34.388123989105225,-4.89370973926325,3.40390043788082,-4.902495415932847,3.3668917949836716
34.439019441604614,-4.89370973926325,3.40390043788082,-4.902357093019088,3.373226542553143
34.489633083343506,-4.89370973926325,3.40390043788082,-4.902115839693675,3.3794621876166344
34.54005670547485,-4.89370973926325,3.40390043788082,-4.901772782611296,3.385610633298661
34.59050679206848,-4.89370973926325,3.40390043788082,-4.901327067722072,3.3916982906054916
34.6413676738739,-4.89370973926325,3.40390043788082,-4.900774087001377,3.397770401831443
34.69177007675171,-4.89370973926325,3.40390043788082,-4.9001235617959695,3.4037229838211696
34.742273807525635,-4.89370973926325,3.40390043788082,-4.899369482783121,3.409622545463333
34.792880058288574,-4.89370973926325,3.40390043788082,-4.898511342275251,3.41546853986285
34.84359121322632,-4.88373620153296,3.4806839287109668,-4.897548601853905,3.4212605464309265
34.8943293094635,-4.88373620153296,3.4806839287109668,-4.896482476375899,3.426989110522649
34.94467258453369,-4.88373620153296,3.4806839287109668,-4.895323080678407,3.4326070480398205
34.99693584442139,-4.88373620153296,3.4806839287109668,-4.89401258533755,3.4383693348978706
35.04777669906616,-4.88373620153296,3.4806839287109668,-4.892633425914253,3.443906164930052
35.09823751449585,-4.88373620153296,3.4806839287109668,-4.891162981439768,3.4493343941622903
35.14862060546875,-4.88373620153296,3.4806839287109668,-4.889593968351219,3.4546871763999163
35.199535846710205,-4.88373620153296,3.4806839287109668,-4.887906176187297,3.4600281122033723
35.24995255470276,-4.88373620153296,3.4806839287109668,-4.886133821678486,3.4652487380678494
35.300626277923584,-4.88373620153296,3.4806839287109668,-4.884251225332228,3.4704275010371495
35.35373830795288,-4.88373620153296,3.4806839287109668,-4.882169309385757,3.475781467139295
35.404454708099365,-4.88373620153296,3.4806839287109668,-4.880077593936561,3.480822974617257
35.45546245574951,-4.88373620153296,3.4806839287109668,-4.877871842796777,3.485823233521918
35.50631546974182,-4.88373620153296,3.4806839287109668,-4.8755711031036935,3.490737956682822
35.55672883987427,-4.853286343398893,3.545280178276565,-4.8731902081959255,3.4955405683631566
35.607179403305054,-4.853286343398893,3.545280178276565,-4.870708002563033,3.500277060508796
35.65800189971924,-4.853286343398893,3.545280178276565,-4.868106974629718,3.5049777423553943
35.711918115615845,-4.853286343398893,3.545280178276565,-4.865237518555585,3.5098866681772223
35.762383460998535,-4.853286343398893,3.545280178276565,-4.862449207485991,3.5144084584200517
35.81290102005005,-4.853286343398893,3.545280178276565,-4.859558915479665,3.5188640199721744
35.86328864097595,-4.853286343398893,3.545280178276565,-4.856577471610032,3.5232371934771463
35.913920164108276,-4.853286343398893,3.545280178276565,-4.853482603375239,3.5275599262815915
35.96486854553223,-4.853286343398893,3.545280178276565,-4.850268389575239,3.5318369943479686
36.015445709228516,-4.853286343398893,3.545280178276565,-4.846978587777947,3.536010494295935
36.065903186798096,-4.853286343398893,3.545280178276565,-4.843598465037951,3.5401019814635055
36.11638808250427,-4.853286343398893,3.545280178276565,-4.840118627006287,3.544123332147656
36.16682314872742,-4.853286343398893,3.545280178276565,-4.836544656305067,3.548068193733285
36.21835732460022,-4.853286343398893,3.545280178276565,-4.83279227244774,3.552023897469284
36.26965069770813,-4.804877680351242,3.5951333264786487,-4.828956729816045,3.555885456347019
36.32073926925659,-4.804877680351242,3.5951333264786487,-4.8250368544281,3.5596563111670587
36.37260627746582,-4.804877680351242,3.5951333264786487,-4.820955735607857,3.5634075039591218
36.423171520233154,-4.804877680351242,3.5951333264786487,-4.8168787907618515,3.566989501307886
36.47385621070862,-4.804877680351242,3.5951333264786487,-4.812695075953196,3.570505361832162
36.52458214759827,-4.804877680351242,3.5951333264786487,-4.808410795803169,3.5739490670255014
36.574992179870605,-4.804877680351242,3.5951333264786487,-4.804057114624621,3.577296743801795
36.62547445297241,-4.804877680351242,3.5951333264786487,-4.799601420038453,3.580574476511544
36.67692685127258,-4.804877680351242,3.5951333264786487,-4.794961699812188,3.583837994404245
36.72739243507385,-4.804877680351242,3.5951333264786487,-4.790314690116785,3.5869629780527816
36.77777600288391,-4.804877680351242,3.5951333264786487,-4.785580342481675,3.5900076313905824
36.82823038101196,-4.804877680351242,3.5951333264786487,-4.780744549890373,3.592980990236879
36.87868523597717,-4.804877680351242,3.5951333264786487,-4.775814076626979,3.595878526676053
36.929195165634155,-4.804877680351242,3.5951333264786487,-4.7707836578616645,3.598703029279837
36.97984170913696,-4.736672107683128,3.6317352751796417,-4.7656448643541784,3.601458402432489
37.03061580657959,-4.736672107683128,3.6317352751796417,-4.760398107155867,3.604143331060114
37.081239223480225,-4.736672107683128,3.6317352751796417,-4.755072438414004,3.6067429366318606
37.13173747062683,-4.736672107683128,3.6317352751796417,-4.749666182110829,3.6092589454586697
37.18304657936096,-4.736672107683128,3.6317352751796417,-4.744077454319298,3.6117361956239806
37.23380446434021,-4.736672107683128,3.6317352751796417,-4.738454137058104,3.614108108743981
37.28467655181885,-4.736672107683128,3.6317352751796417,-4.732723978229435,3.6164065822328233
37.33566427230835,-4.736672107683128,3.6317352751796417,-4.726886428131953,3.618630934147121
37.386595249176025,-4.736672107683128,3.6317352751796417,-4.720961311348397,3.6207732967664343
37.43791699409485,-4.736672107683128,3.6317352751796417,-4.7148958970322905,3.6228514989465457
37.488441705703735,-4.736672107683128,3.6317352751796417,-4.708831940964107,3.62481819107901
37.53961396217346,-4.736672107683128,3.6317352751796417,-4.702596738004392,3.6267297509276424
37.591084003448486,-4.736672107683128,3.6317352751796417,-4.696230569931025,3.6285706713590793
37.64172887802124,-4.736672107683128,3.6317352751796417,-4.689874043333695,3.6303018388462958
37.69218564033508,-4.650313946506543,3.6515597642705813,-4.683450223902305,3.6319472334954437
37.74269104003906,-4.650313946506543,3.6515597642705813,-4.676929608063837,3.6335147132264547
37.79337954521179,-4.650313946506543,3.6515597642705813,-4.670294475238199,3.6350077128524374
37.8440728187561,-4.650313946506543,3.6515597642705813,-4.6635679318822065,3.6364203443233154
37.8947229385376,-4.650313946506543,3.6515597642705813,-4.656756709560479,3.6377511764161925
37.94720196723938,-4.650313946506543,3.6515597642705813,-4.649604512808864,3.639044886962701
37.99799966812134,-4.650313946506543,3.6515597642705813,-4.642589624801541,3.640214394699388
38.04858922958374,-4.650313946506543,3.6515597642705813,-4.635513974157339,3.64129801937425
38.099329233169556,-4.650313946506543,3.6515597642705813,-4.628327839886409,3.642303401031576
38.1500723361969,-4.650313946506543,3.6515597642705813,-4.621051964223264,3.643227072505145
38.20087766647339,-4.650313946506543,3.6515597642705813,-4.6136779802315395,3.6440697758895872
38.252192735672,-4.650313946506543,3.6515597642705813,-4.606139715084218,3.644837365094565
38.30276107788086,-4.553897565527707,3.6554604038277247,-4.5986226572107665,3.64551145021065
38.35327219963074,-4.553897565527707,3.6554604038277247,-4.591026701614247,3.6461030120414337
38.40419936180115,-4.553897565527707,3.6554604038277247,-4.583280036245972,3.646616551911647
38.45643877983093,-4.553897565527707,3.6554604038277247,-4.575242113115234,3.647056670383441
38.50760746002197,-4.553897565527707,3.6554604038277247,-4.567279269742801,3.647402521179589
38.55800724029541,-4.553897565527707,3.6554604038277247,-4.559349627679261,3.6476605410741403
38.608468770980835,-4.553897565527707,3.6554604038277247,-4.551324607352636,3.6478365609394157
38.65901589393616,-4.553897565527707,3.6554604038277247,-4.543200338258826,3.6479301482948507
38.709410429000854,-4.553897565527707,3.6554604038277247,-4.535015569795783,3.647940874318021
38.75970196723938,-4.553897565527707,3.6554604038277247,-4.526763191271684,3.6478692277699336
38.81012415885925,-4.553897565527707,3.6554604038277247,-4.518405093205585,3.6477146603155455
38.8607497215271,-4.553897565527707,3.6554604038277247,-4.509928687272418,3.647475978733306
38.91140842437744,-4.553897565527707,3.6554604038277247,-4.501362190436565,3.647153254599497
38.96191954612732,-4.445607760207176,3.6455556876644626,-4.492736758062021,3.6467477804313306
39.0122606754303,-4.445607760207176,3.6455556876644626,-4.484057315077226,3.646260384639072
39.062727212905884,-4.445607760207176,3.6455556876644626,-4.475273351093675,3.6456881803748544
39.11335587501526,-4.445607760207176,3.6455556876644626,-4.466378079866306,3.6450298995509565
39.163819313049316,-4.445607760207176,3.6455556876644626,-4.457429337978894,3.644289672292623
39.214457511901855,-4.445607760207176,3.6455556876644626,-4.448367130356889,3.643462355329299
39.26493549346924,-4.445607760207176,3.6455556876644626,-4.43925168789163,3.642553255425869
39.3159761428833,-4.445607760207176,3.6455556876644626,-4.429951814106959,3.6415482110526556
39.36643075942993,-4.445607760207176,3.6455556876644626,-4.420677189228838,3.6404697740781007
39.41735363006592,-4.445607760207176,3.6455556876644626,-4.411234628383688,3.639295582231844
39.46781778335571,-4.445607760207176,3.6455556876644626,-4.40179632282284,3.638046864304185
39.51869773864746,-4.445607760207176,3.6455556876644626,-4.392199146836893,3.636701968738925
39.569281339645386,-4.445607760207176,3.6455556876644626,-4.382577476501121,3.635279299943886
39.61978054046631,-4.445607760207176,3.6455556876644626,-4.372892233462744,3.6337737470413534
39.67035627365112,-4.445607760207176,3.6455556876644626,-4.3631129043896095,3.6321804195329856
39.72075605392456,-4.313970670630367,3.619244416813526,-4.3532888768958244,3.630507413862831
39.771273374557495,-4.313970670630367,3.619244416813526,-4.343363414952126,3.6287450281185127
39.821736097335815,-4.313970670630367,3.619244416813526,-4.333370529546566,3.6268990025346213
39.87217593193054,-4.313970670630367,3.619244416813526,-4.323304459282025,3.6249682710189077
39.922677755355835,-4.313970670630367,3.619244416813526,-4.313148515324135,3.6229493841455036
39.97310519218445,-4.313970670630367,3.619244416813526,-4.302930492499694,3.6208477266872783
40.023643016815186,-4.313970670630367,3.619244416813526,-4.292613211591892,3.6186554092406977
40.074045181274414,-4.313970670630367,3.619244416813526,-4.282247305063612,3.6163830756609285
40.12443780899048,-4.313970670630367,3.619244416813526,-4.271807508652646,3.6140253190218328
40.174864053726196,-4.313970670630367,3.619244416813526,-4.261285174641396,3.611579969135409
40.22550821304321,-4.313970670630367,3.619244416813526,-4.250641631030179,3.609037356046054
40.27598714828491,-4.313970670630367,3.619244416813526,-4.239957633452391,3.6064164945027795
40.326500415802,-4.313970670630367,3.619244416813526,-4.229191591247874,3.603707276659533
40.377448320388794,-4.313970670630367,3.619244416813526,-4.218257502437185,3.6008869410323587
40.42805528640747,-4.164434485773086,3.5753817239137042,-4.207321968282592,3.5979980996224707
40.47861909866333,-4.164434485773086,3.5753817239137042,-4.196321849882125,3.5950246700251998
40.53036665916443,-4.164434485773086,3.5753817239137042,-4.184988092250787,3.5918914578136367
40.5810010433197,-4.164434485773086,3.5753817239137042,-4.173823983284163,3.5887372795360903
40.63159894943237,-4.164434485773086,3.5753817239137042,-4.162595010895062,3.5854979914634932
40.682260274887085,-4.164434485773086,3.5753817239137042,-4.15127931402438,3.5821670603745552
40.73293972015381,-4.164434485773086,3.5753817239137042,-4.139887204311273,3.5787471873996304
40.78353476524353,-4.164434485773086,3.5753817239137042,-4.128442238485008,3.5752453994007705
40.83420372009277,-4.164434485773086,3.5753817239137042,-4.11690899963776,3.5716507056001348
40.88464426994324,-4.164434485773086,3.5753817239137042,-4.105356997561376,3.5679848963316845
40.93507170677185,-4.164434485773086,3.5753817239137042,-4.093737803628057,3.56423289588841
40.9855375289917,-4.164434485773086,3.5753817239137042,-4.082039870647875,3.56039075356093
41.03629541397095,-4.164434485773086,3.5753817239137042,-4.070204085649507,3.5564382451302086
41.08704352378845,-4.164434485773086,3.5753817239137042,-4.0583006261410155,3.5523980891209628
41.13781189918518,-3.9986691448237632,3.5130932690467143,-4.046322806765213,3.548267819054098
41.188445806503296,-3.9986691448237632,3.5130932690467143,-4.034307750942628,3.54406027679153
41.238868951797485,-3.9986691448237632,3.5130932690467143,-4.022274646655838,3.5397826605280276
41.289286613464355,-3.9986691448237632,3.5130932690467143,-4.010175322875426,3.5354180789908636
41.339738845825195,-3.9986691448237632,3.5130932690467143,-3.9980004896940438,3.5309629517379326
41.39071750640869,-3.9986691448237632,3.5130932690467143,-3.9856307196282312,3.5263723445946615
41.44141507148743,-3.9986691448237632,3.5130932690467143,-3.9732618555846324,3.521718299101853
41.49186706542969,-3.9986691448237632,3.5130932690467143,-3.960886664611646,3.5169989029744233
41.54218912124634,-3.9986691448237632,3.5130932690467143,-3.948477906967189,3.51220429131466
41.59252214431763,-3.9986691448237632,3.5130932690467143,-3.9360014543661115,3.5073213230320777
41.64282274246216,-3.9986691448237632,3.5130932690467143,-3.9234684900156394,3.5023542403540016
41.6932647228241,-3.9986691448237632,3.5130932690467143,-3.910835886731,3.497285575412767
41.74402356147766,-3.9986691448237632,3.5130932690467143,-3.8980592139329047,3.4920964794976133
41.79448699951172,-3.9986691448237632,3.5130932690467143,-3.8852929390781683,3.4868494714505136
41.844860315322876,-3.8199499525449485,3.4330891075791645,-3.8724862560848825,3.4815242012193925
41.8951940536499,-3.8199499525449485,3.4330891075791645,-3.8596269515596493,3.4761156520084704
41.94548511505127,-3.8199499525449485,3.4330891075791645,-3.84671636391605,3.47062436185707
41.99583911895752,-3.8199499525449485,3.4330891075791645,-3.833727735885463,3.4650387383575603
42.0462601184845,-3.8199499525449485,3.4330891075791645,-3.8206601793968673,3.4593579884582146
42.09670805931091,-3.8199499525449485,3.4330891075791645,-3.8075243021934524,3.4535863774025275
42.14742565155029,-3.8199499525449485,3.4330891075791645,-3.7942567690065414,3.447695361410781
42.19810223579407,-3.8199499525449485,3.4330891075791645,-3.7809388385548317,3.441720427773711
42.24869084358215,-3.8199499525449485,3.4330891075791645,-3.7675834948828077,3.4356674573114527
42.299050092697144,-3.8199499525449485,3.4330891075791645,-3.7542290357779917,3.4295542039735882
42.34939122200012,-3.8199499525449485,3.4330891075791645,-3.7408202870777885,3.4233556803505327
42.400022983551025,-3.8199499525449485,3.4330891075791645,-3.727274937719762,3.417033169938361
42.450682640075684,-3.8199499525449485,3.4330891075791645,-3.713663129363866,3.4106186624005117
42.50148820877075,-3.8199499525449485,3.4330891075791645,-3.6999532637279353,3.4040967752589153
42.55239152908325,-3.6324538937595534,3.3379142079170085,-3.686158332542414,3.397473069921222
42.602916955947876,-3.6324538937595534,3.3379142079170085,-3.6724081361871805,3.3908101957625294
42.65336465835571,-3.6324538937595534,3.3379142079170085,-3.6586221776938435,3.384069785593188
42.703779458999634,-3.6324538937595534,3.3379142079170085,-3.6447888078342627,3.377246165204246
42.75429344177246,-3.6324538937595534,3.3379142079170085,-3.6308720871932123,3.3703213126980813
42.80481576919556,-3.6324538937595534,3.3379142079170085,-3.616897278625491,3.363307431197744
42.855645418167114,-3.6324538937595534,3.3379142079170085,-3.602781581437743,3.3561622228417693
42.90613007545471,-3.6324538937595534,3.3379142079170085,-3.588706629054193,3.3489775186486166
42.95660400390625,-3.6324538937595534,3.3379142079170085,-3.5745802307396293,3.3417067150812705
43.00692629814148,-3.6324538937595534,3.3379142079170085,-3.5604425017907775,3.3343705721643704
43.057679414749146,-3.6324538937595534,3.3379142079170085,-3.546129779625759,3.326883493368562
43.108527421951294,-3.6324538937595534,3.3379142079170085,-3.531736387633042,3.3192937090204904
43.15901255607605,-3.6324538937595534,3.3379142079170085,-3.51739275450255,3.311670294556599
43.20938968658447,-3.6324538937595534,3.3379142079170085,-3.5030276298414593,3.303976039696899
43.25978970527649,-3.4389576838328497,3.228818271251257,-3.4886042438964835,3.29619122582732
43.31017017364502,-3.4389576838328497,3.228818271251257,-3.4741351589924094,3.2883224537628477
43.360673904418945,-3.4389576838328497,3.228818271251257,-3.45957962650911,3.2803472062442935
43.41110920906067,-3.4389576838328497,3.228818271251257,-3.444993235085165,3.2722956708793074
43.464386224746704,-3.4389576838328497,3.228818271251257,-3.4295305668337024,3.263696022495262
43.5169358253479,-3.4389576838328497,3.228818271251257,-3.414224722541694,3.25511879190599
43.567436933517456,-3.4389576838328497,3.228818271251257,-3.3994651745289493,3.2467870907513645
43.617936849594116,-3.4389576838328497,3.228818271251257,-3.3846570567023955,3.2383685965694244
43.668503522872925,-3.4389576838328497,3.228818271251257,-3.3697807812499265,3.2298518844079935
43.71916484832764,-3.4389576838328497,3.228818271251257,-3.354828343954517,3.221231913337965
43.76972961425781,-3.4389576838328497,3.228818271251257,-3.3398566178950886,3.212541299685159
43.820398807525635,-3.4389576838328497,3.228818271251257,-3.324806518858806,3.203745558881029
43.8727548122406,-3.4389576838328497,3.228818271251257,-3.3092059571577446,3.194565413870982
43.923452854156494,-3.244372107640277,3.1079025639350344,-3.294051989459269,3.1855873518688105
43.97385287284851,-3.244372107640277,3.1079025639350344,-3.278941286986189,3.176575721327
44.02428412437439,-3.244372107640277,3.1079025639350344,-3.2637759324543856,3.1674724239488983
44.074925899505615,-3.244372107640277,3.1079025639350344,-3.248502123234875,3.1582445674834565
44.12561559677124,-3.244372107640277,3.1079025639350344,-3.2331689964936525,3.148921211790112
44.17611503601074,-3.244372107640277,3.1079025639350344,-3.217849228418624,3.1395466265436083
44.226495027542114,-3.244372107640277,3.1079025639350344,-3.2025221814181166,3.130108556611607
44.27727437019348,-3.244372107640277,3.1079025639350344,-3.187030101890738,3.120509197328514
44.32823443412781,-3.244372107640277,3.1079025639350344,-3.1714393924551936,3.1107884981873326
44.37891960144043,-3.244372107640277,3.1079025639350344,-3.1558900134157555,3.1010337173014597
44.42970824241638,-3.244372107640277,3.1079025639350344,-3.1402665529621645,3.0911725825174474
44.48035454750061,-3.244372107640277,3.1079025639350344,-3.124645122218517,3.081253030802716
44.531203746795654,-3.244372107640277,3.1079025639350344,-3.1089196133268793,3.0712074055847447
44.58235192298889,-3.244372107640277,3.1079025639350344,-3.0930601530028357,3.061015561945362
44.63300800323486,-3.0260502958823037,2.9614418283503112,-3.077312715157469,3.050835741964285
44.6848304271698,-3.0260502958823037,2.9614418283503112,-3.0611613959144606,3.0403330648495426
44.73560810089111,-3.0260502958823037,2.9614418283503112,-3.0452956343947006,3.029955461357349
44.786242723464966,-3.0260502958823037,2.9614418283503112,-3.029435542983045,3.019521802721616
44.836846351623535,-3.0260502958823037,2.9614418283503112,-3.0135466732763407,3.009009566160198
44.88777184486389,-3.0260502958823037,2.9614418283503112,-2.997518354282327,2.998344847381215
44.93823170661926,-3.0260502958823037,2.9614418283503112,-2.9815990552494096,2.9876930567559725
44.98886227607727,-3.0260502958823037,2.9614418283503112,-2.9655888006687863,2.9769207429369247
45.03941535949707,-3.0260502958823037,2.9614418283503112,-2.9495664209229777,2.9660806159975004
45.09000849723816,-3.0260502958823037,2.9614418283503112,-2.9334951540151644,2.955147704851526
45.14059114456177,-3.0260502958823037,2.9614418283503112,-2.9173914752023915,2.9441330000295665
45.19104266166687,-3.0260502958823037,2.9614418283503112,-2.901294391204062,2.933063267941725
45.241451263427734,-3.0260502958823037,2.9614418283503112,-2.8851763860195057,2.9219197306685634
45.291916370391846,-3.0260502958823037,2.9614418283503112,-2.86900610492547,2.9106805240442766
45.342403411865234,-2.8020423670576693,2.800540430085096,-2.8527949951902496,2.89935330378367
45.39310050010681,-2.8020423670576693,2.800540430085096,-2.836482875584225,2.887895445451553
45.4436719417572,-2.8020423670576693,2.800540430085096,-2.820178127637573,2.876382765568073
45.494396924972534,-2.8020423670576693,2.800540430085096,-2.8037911672439355,2.8647517969394216
45.54517388343811,-2.8020423670576693,2.800540430085096,-2.787355065291423,2.8530254836461353
45.59565854072571,-2.8020423670576693,2.800540430085096,-2.770981945297255,2.8412840866493783
45.646174907684326,-2.8020423670576693,2.800540430085096,-2.7545674226902213,2.8294530536758487
45.696964502334595,-2.8020423670576693,2.800540430085096,-2.7380331952028722,2.8174752433674155
45.74764275550842,-2.8020423670576693,2.800540430085096,-2.721504767216147,2.8054411249416877
45.79882478713989,-2.8020423670576693,2.800540430085096,-2.704781632990912,2.793203846355954
45.84986448287964,-2.8020423670576693,2.800540430085096,-2.6880750488704126,2.7809171835093958
45.90194892883301,-2.8020423670576693,2.800540430085096,-2.6709961387650862,2.7682933350482095
45.952643632888794,-2.8020423670576693,2.800540430085096,-2.6543439630919288,2.7559233875239117
46.003371238708496,-2.8020423670576693,2.800540430085096,-2.637652834934995,2.743463704092993
46.05376482009888,-2.5708950561582125,2.622238055267732,-2.6210441907238398,2.7310053187551437
46.104148149490356,-2.5708950561582125,2.622238055267732,-2.604412055301114,2.7184691994952557
46.154743909835815,-2.5708950561582125,2.622238055267732,-2.5876832116378408,2.705799644057087
46.20523238182068,-2.5708950561582125,2.622238055267732,-2.570963743165325,2.693076651967065
46.25565147399902,-2.5708950561582125,2.622238055267732,-2.554241687189826,2.6802912838507815
46.30691313743591,-2.5708950561582125,2.622238055267732,-2.5372144610970992,2.667210638945265
46.357757329940796,-2.5708950561582125,2.622238055267732,-2.520300750938134,2.654155434376459
46.40891194343567,-2.5708950561582125,2.622238055267732,-2.503258968780951,2.6409392331834702
46.459348917007446,-2.5708950561582125,2.622238055267732,-2.486432361220699,2.6278288144633364
46.5097336769104,-2.5708950561582125,2.622238055267732,-2.4695999321286592,2.614653231894894
46.56016421318054,-2.5708950561582125,2.622238055267732,-2.452729403245394,2.6013870819280567
46.61097979545593,-2.5708950561582125,2.622238055267732,-2.4357074458521413,2.5879403181013747
46.66141939163208,-2.5708950561582125,2.622238055267732,-2.4187894378097385,2.574514514503719
46.71191143989563,-2.5708950561582125,2.622238055267732,-2.401832343873038,2.5609965998519404
46.762295722961426,-2.337209710765194,2.430113538716822,-2.3848904600195273,2.547429811233947
46.81275939941406,-2.337209710765194,2.430113538716822,-2.367901325744014,2.5337640361723657
46.86364126205444,-2.337209710765194,2.430113538716822,-2.350751039602429,2.519906599936191
46.914384603500366,-2.337209710765194,2.430113538716822,-2.3336275406789744,2.506008698307486
46.96695590019226,-2.337209710765194,2.430113538716822,-2.315866724075285,2.4915280342864343
47.0176637172699,-2.337209710765194,2.430113538716822,-2.298716209755427,2.477481726462641
47.06831097602844,-2.337209710765194,2.430113538716822,-2.281567764837935,2.463375055523246
47.118780851364136,-2.337209710765194,2.430113538716822,-2.264461531226534,2.449241335706118
47.17167687416077,-2.337209710765194,2.430113538716822,-2.2465143548266027,2.434346533586733
47.224947690963745,-2.337209710765194,2.430113538716822,-2.2284212704052675,2.4192620010414694
47.27540111541748,-2.337209710765194,2.430113538716822,-2.2112682341797254,2.4048976077437563
47.325809717178345,-2.337209710765194,2.430113538716822,-2.194114517624567,2.390470776824628
47.37623977661133,-2.337209710765194,2.430113538716822,-2.176938030295,2.3759628333019647
47.42664670944214,-2.337209710765194,2.430113538716822,-2.159754411137006,2.3613868511386134
47.47703456878662,-2.097047250361755,2.2212915428822875,-2.142562749487214,2.346741998091371
47.52743601799011,-2.097047250361755,2.2212915428822875,-2.1253523554637366,2.3320190411440898
47.57823967933655,-2.097047250361755,2.2212915428822875,-2.107990811316391,2.3171037923485382
47.62874507904053,-2.097047250361755,2.2212915428822875,-2.0907179097231747,2.302201926898981
47.6791718006134,-2.097047250361755,2.2212915428822875,-2.073459155336855,2.2872497409735058
47.72960877418518,-2.097047250361755,2.2212915428822875,-2.0561845898453206,2.2722212728440097
47.780306577682495,-2.097047250361755,2.2212915428822875,-2.038808747777116,2.257041529594008
47.83096361160278,-2.097047250361755,2.2212915428822875,-2.021435377033251,2.2418006008721045
47.88163876533508,-2.097047250361755,2.2212915428822875,-2.0040447465211657,2.226481085872753
47.932090044021606,-2.097047250361755,2.2212915428822875,-1.9867204248697166,2.2111568541649214
47.98302745819092,-2.097047250361755,2.2212915428822875,-1.9692189814570238,2.1956119527262326
48.03388047218323,-2.097047250361755,2.2212915428822875,-1.9517367857828405,2.1800199078889477
48.08435845375061,-2.097047250361755,2.2212915428822875,-1.9343743386000474,2.1644710914669445
48.13483476638794,-2.097047250361755,2.2212915428822875,-1.917003772452356,2.1488515740720473
48.18553042411804,-1.8576834703970917,2.00081491893749,-1.8995494272676283,2.1330927830022297
48.23618221282959,-1.8576834703970917,2.00081491893749,-1.8821023387345095,2.117276450213613
48.28671383857727,-1.8576834703970917,2.00081491893749,-1.8646892775433377,2.1014270279881715
48.33711218833923,-1.8576834703970917,2.00081491893749,-1.8473152671935424,2.085549443512765
48.387492656707764,-1.8576834703970917,2.00081491893749,-1.8299410056512124,2.0696079420243603
48.43798494338989,-1.8576834703970917,2.00081491893749,-1.8125221949486365,2.053561576681164
48.48859119415283,-1.8576834703970917,2.00081491893749,-1.795058505236769,2.0374094904728515
48.53977036476135,-1.8576834703970917,2.00081491893749,-1.7773919027131508,2.0210040772419755
48.59237861633301,-1.8576834703970917,2.00081491893749,-1.7592270284698672,2.004067036157601
48.645381689071655,-1.8576834703970917,2.00081491893749,-1.740921246336872,1.986927829286794
48.69611859321594,-1.8576834703970917,2.00081491893749,-1.7233943040023578,1.9704511624570837
48.746625661849976,-1.8576834703970917,2.00081491893749,-1.7059434916593952,1.9539811885098137
48.79715061187744,-1.8576834703970917,2.00081491893749,-1.6884836883553325,1.9374378603570208
48.8476448059082,-1.8576834703970917,2.00081491893749,-1.671032148889733,1.9208374345331214
48.898351192474365,-1.614239334603065,1.7639693503861178,-1.653505342870294,1.9040999867489155
48.948920488357544,-1.614239334603065,1.7639693503861178,-1.6360244444504142,1.887340972244152
48.999789237976074,-1.614239334603065,1.7639693503861178,-1.6184389925879454,1.8704157113636706
49.05093693733215,-1.614239334603065,1.7639693503861178,-1.600756515317578,1.8533302032910028
49.10145592689514,-1.614239334603065,1.7639693503861178,-1.5832912589474897,1.8363886543593082
49.15210175514221,-1.614239334603065,1.7639693503861178,-1.5657824670645952,1.8193389951736956
49.20268368721008,-1.614239334603065,1.7639693503861178,-1.5482965240742996,1.8022456347795899
49.253289222717285,-1.614239334603065,1.7639693503861178,-1.5308036253333523,1.7850794055791328
49.303788900375366,-1.614239334603065,1.7639693503861178,-1.5133489611757862,1.7678847054276767
49.35418128967285,-1.614239334603065,1.7639693503861178,-1.4959334548024288,1.7506627531132066
49.40464115142822,-1.614239334603065,1.7639693503861178,-1.4784971452995648,1.7333542250131555
49.45537304878235,-1.614239334603065,1.7639693503861178,-1.460969814118061,1.7158886422805
49.506097078323364,-1.614239334603065,1.7639693503861178,-1.4434486320326916,1.6983622049909397
49.556453227996826,-1.614239334603065,1.7639693503861178,-1.426058355027438,1.680900344454158
49.606945276260376,-1.3713638830157757,1.5149366618429543,-1.408625415782818,1.6633291338431437
49.65757346153259,-1.3713638830157757,1.5149366618429543,-1.3911502047830346,1.6456483252024043
49.708077907562256,-1.3713638830157757,1.5149366618429543,-1.3737228616073227,1.627948991943329
49.758522748947144,-1.3713638830157757,1.5149366618429543,-1.3563216623883858,1.6102093347984159
49.80941414833069,-1.3713638830157757,1.5149366618429543,-1.338772508548253,1.592250995832106
49.86064004898071,-1.3713638830157757,1.5149366618429543,-1.321114629964518,1.5741124491999368
49.91103792190552,-1.3713638830157757,1.5149366618429543,-1.303749099967447,1.5562065793751763
49.961426734924316,-1.3713638830157757,1.5149366618429543,-1.2863939878605128,1.5382442672823289
50.01185870170593,-1.3713638830157757,1.5149366618429543,-1.2690317468946268,1.52020718855163
50.06253480911255,-1.3713638830157757,1.5149366618429543,-1.2515936822332359,1.5020233058121213
50.11292362213135,-1.3713638830157757,1.5149366618429543,-1.2342630839318889,1.4838837413871153
50.16339302062988,-1.3713638830157757,1.5149366618429543,-1.216913799929852,1.465656778733908
50.21387457847595,-1.3713638830157757,1.5149366618429543,-1.199569804864716,1.4473673264157736
50.26453614234924,-1.3713638830157757,1.5149366618429543,-1.1821739156048898,1.428954603497795
50.31572461128235,-1.1357012627963883,1.2604784224140555,-1.1646076636916503,1.4102916829821823
50.36676239967346,-1.1357012627963883,1.2604784224140555,-1.1471041312254167,1.3916253352743073
50.41799736022949,-1.1357012627963883,1.2604784224140555,-1.129544478771072,1.3728286388303
50.46896696090698,-1.1357012627963883,1.2604784224140555,-1.11208764437148,1.3540717796519743
50.52127289772034,-1.1357012627963883,1.2604784224140555,-1.0941858895675285,1.3347639040039794
50.57182765007019,-1.1357012627963883,1.2604784224140555,-1.0768962076610529,1.31604580334533
50.62221050262451,-1.1357012627963883,1.2604784224140555,-1.0596781885132054,1.2973363275029093
50.67254614830017,-1.1357012627963883,1.2604784224140555,-1.042489552746114,1.2785899027374776
50.72289752960205,-1.1357012627963883,1.2604784224140555,-1.0253092103709949,1.259783511697018
50.773353576660156,-1.1357012627963883,1.2604784224140555,-1.0081072834043692,1.2408841207871661
50.82374930381775,-1.1357012627963883,1.2604784224140555,-0.9909404544960123,1.2219538357396442
50.874082803726196,-1.1357012627963883,1.2604784224140555,-0.9738097340230021,1.202993946646865
50.9244544506073,-1.1357012627963883,1.2604784224140555,-0.9566813621595809,1.183967062386651
50.97483730316162,-1.1357012627963883,1.2604784224140555,-0.9395649345318713,1.1648836644380491
51.025325536727905,-0.8929362613548187,0.9845859476870749,-0.9224289246966118,1.145708286263642
51.07567477226257,-0.8929362613548187,0.9845859476870749,-0.9053566706246086,1.1265341808282705
51.12623929977417,-0.8929362613548187,0.9845859476870749,-0.8882284905457527,1.1072266996253486
51.177497148513794,-0.8929362613548187,0.9845859476870749,-0.870883342464075,1.0876023231434853
51.228068828582764,-0.8929362613548187,0.9845859476870749,-0.8537884522846664,1.0681895863256607
51.27866530418396,-0.8929362613548187,0.9845859476870749,-0.8367035500865276,1.0487169731726262
51.32932496070862,-0.8929362613548187,0.9845859476870749,-0.8196161334057273,1.029169979381937
51.37984013557434,-0.8929362613548187,0.9845859476870749,-0.8025966096847013,1.0096292520491765
51.43042993545532,-0.8929362613548187,0.9845859476870749,-0.7855715256775071,0.9900105391849972
51.48176670074463,-0.8929362613548187,0.9845859476870749,-0.7683155146921998,0.9700523195461312
51.53280711174011,-0.8929362613548187,0.9845859476870749,-0.7511799584819912,0.950159966078167
51.58399248123169,-0.8929362613548187,0.9845859476870749,-0.7340170230720224,0.9301621236497133
51.6344051361084,-0.8929362613548187,0.9845859476870749,-0.7171344292196036,0.9104186309176878
51.68492269515991,-0.8929362613548187,0.9845859476870749,-0.7002382534003875,0.8905871323215402
51.73571181297302,-0.655039263625617,0.7007124142594116,-0.6832734007592469,0.8706020934975824
51.78792405128479,-0.655039263625617,0.7007124142594116,-0.6658567657249725,0.8500084523494282
51.838483810424805,-0.655039263625617,0.7007124142594116,-0.6490145432117118,0.8300200373146254
51.88905096054077,-0.655039263625617,0.7007124142594116,-0.6321930811128582,0.8099833120646225
51.939537048339844,-0.655039263625617,0.7007124142594116,-0.6154221481472955,0.789933841246379
51.99002456665039,-0.655039263625617,0.7007124142594116,-0.5986746786164705,0.7698393885207713
52.04061460494995,-0.655039263625617,0.7007124142594116,-0.5819176069357135,0.7496600028500038
52.09261226654053,-0.655039263625617,0.7007124142594116,-0.5647201567159725,0.7288735537238271
52.14427995681763,-0.655039263625617,0.7007124142594116,-0.5476582343984755,0.7081736884288916
52.194801568984985,-0.655039263625617,0.7007124142594116,-0.5310006168827166,0.6878897302752109
52.24541115760803,-0.655039263625617,0.7007124142594116,-0.5143400033573005,0.6675280029204262
52.295833349227905,-0.655039263625617,0.7007124142594116,-0.497767355515208,0.6471998487975923
52.346266746520996,-0.655039263625617,0.7007124142594116,-0.4812176430605679,0.626825845752311
52.39693593978882,-0.655039263625617,0.7007124142594116,-0.46461774781217136,0.6063153919031883
52.44808840751648,-0.424373676258973,0.41073678287459714,-0.4478875659852761,0.5855678723912496
52.49890685081482,-0.424373676258973,0.41073678287459714,-0.4312949200264935,0.5649150466800805
52.54954433441162,-0.424373676258973,0.41073678287459714,-0.41478978919364806,0.5442957678052198
52.600204944610596,-0.424373676258973,0.41073678287459714,-0.3983059015330044,0.5236275600924873
52.65162682533264,-0.424373676258973,0.41073678287459714,-0.38160414365926343,0.5026088111957239
52.70305585861206,-0.424373676258973,0.41073678287459714,-0.3649305172230237,0.48154733037926745
52.75358963012695,-0.424373676258973,0.41073678287459714,-0.3485771893738052,0.460814154071324
52.80391049385071,-0.424373676258973,0.41073678287459714,-0.3323227311753403,0.44013102029224793
52.85433053970337,-0.424373676258973,0.41073678287459714,-0.3160666004663266,0.4193702188995396
52.90516972541809,-0.424373676258973,0.41073678287459714,-0.29970648199880756,0.3983998826576447
52.956045389175415,-0.424373676258973,0.41073678287459714,-0.28336631214011554,0.37737780951164623
53.006468534469604,-0.424373676258973,0.41073678287459714,-0.2672031281011842,0.35650695317179926
53.056848764419556,-0.424373676258973,0.41073678287459714,-0.25108553066029327,0.3356187458610431
53.107911825180054,-0.424373676258973,0.41073678287459714,-0.23478232020919165,0.31441207055857023
53.15839219093323,-0.20249964861423447,0.11707541416369706,-0.21869801141959666,0.29341285501466974
53.208866119384766,-0.20249964861423447,0.11707541416369706,-0.20264878285054477,0.2723824394386243
53.259624004364014,-0.20249964861423447,0.11707541416369706,-0.1865429343962548,0.2512000058700916
53.31017303466797,-0.20249964861423447,0.11707541416369706,-0.17053727455445022,0.23007159808762223
53.36057233810425,-0.20249964861423447,0.11707541416369706,-0.15461307825631776,0.20897330907140033
53.41113901138306,-0.20249964861423447,0.11707541416369706,-0.1386705299043376,0.18777283532022904
53.46183705329895,-0.20249964861423447,0.11707541416369706,-0.1227216437691192,0.16648544723249303
53.512426137924194,-0.20249964861423447,0.11707541416369706,-0.10684240197869865,0.1452124957170693
53.56297183036804,-0.20249964861423447,0.11707541416369706,-0.09101241822139938,0.12392701431829067
53.61337113380432,-0.20249964861423447,0.11707541416369706,-0.07526409823754676,0.10267301025743225
53.66394662857056,-0.20249964861423447,0.11707541416369706,-0.05949702613546304,0.08131488427775624
53.71503400802612,-0.20249964861423447,0.11707541416369706,-0.043607647199221056,0.05971073586501352
53.766953468322754,-0.20249964861423447,0.11707541416369706,-0.027498221842968018,0.03772446667600038
53.818174839019775,0.0008067288884485312,-0.16519518193190663,-0.011644039826442132,0.01600443108672356
53.86939859390259,0.0008067288884485312,-0.16519518193190663,0.004172137696102585,-0.005745313953360309
53.920976877212524,0.0008067288884485312,-0.16519518193190663,0.020058274636460816,-0.027674095022562684
53.97153949737549,0.0008067288884485312,-0.16519518193190663,0.03559275869854073,-0.04919834118604749
54.02199721336365,0.0008067288884485312,-0.16519518193190663,0.05105635004460174,-0.0707043804558185
54.07242035865784,0.0008067288884485312,-0.16519518193190663,0.06647042830564409,-0.09222161001289786
54.122844219207764,0.0008067288884485312,-0.16519518193190663,0.08184548594055974,-0.11376459026292007
54.17415142059326,0.0008067288884485312,-0.16519518193190663,0.09744926934699905,-0.13571059788036255
54.22493505477905,0.0008067288884485312,-0.16519518193190663,0.11285313668306074,-0.1574576287480205
54.27540111541748,0.0008067288884485312,-0.16519518193190663,0.12812024465042304,-0.17909279667406186
54.32654523849487,0.0008067288884485312,-0.16519518193190663,0.14355102393421504,-0.20104270818849468
54.37705588340759,0.0008067288884485312,-0.16519518193190663,0.15874938287460916,-0.22274402720584496
54.428109884262085,0.0008067288884485312,-0.16519518193190663,0.17406920135995918,-0.24470181325481954
54.478625774383545,0.19609184370106192,-0.45031264059756076,0.18918562946078987,-0.2664504572941149
54.52937173843384,0.19609184370106192,-0.45031264059756076,0.2043285967305981,-0.288319994894523
54.5804283618927,0.19609184370106192,-0.45031264059756076,0.21952114411284196,-0.31034501101428225
54.631399631500244,0.19609184370106192,-0.45031264059756076,0.23464481957883132,-0.33235431779987934
54.68203568458557,0.19609184370106192,-0.45031264059756076,0.24962570090575875,-0.35423927198203264
54.73265624046326,0.19609184370106192,-0.45031264059756076,0.2645585095598073,-0.37613735490010236
54.783509731292725,0.19609184370106192,-0.45031264059756076,0.27951593252685836,-0.3981556704921505
54.83414435386658,0.19609184370106192,-0.45031264059756076,0.29436474805874324,-0.420098114309011
54.884850025177,0.19609184370106192,-0.45031264059756076,0.30918985512657127,-0.44208974480239127
54.9354043006897,0.19609184370106192,-0.45031264059756076,0.3239260116063889,-0.4640335495025947
54.986106872558594,0.19609184370106192,-0.45031264059756076,0.33866026955625905,-0.48605911785625944
55.036847829818726,0.19609184370106192,-0.45031264059756076,0.3533601302451226,-0.5081183030194492
55.087549924850464,0.19609184370106192,-0.45031264059756076,0.36800290804549673,-0.5301770242143231
55.13814425468445,0.19609184370106192,-0.45031264059756076,0.38256859811323807,-0.5522047363975473
55.18861436843872,0.39474191344655835,-0.7556285712895154,0.3970524795908519,-0.5741936740034872
55.23939251899719,0.39474191344655835,-0.7556285712895154,0.4115780468344825,-0.5963317466114888
55.28994822502136,0.39474191344655835,-0.7556285712895154,0.4259931341854024,-0.6183872165869115
55.34067392349243,0.39474191344655835,-0.7556285712895154,0.4404094132095251,-0.6405307652888572
55.391358852386475,0.39474191344655835,-0.7556285712895154,0.454766508297229,-0.6626699390660784
55.442224740982056,0.39474191344655835,-0.7556285712895154,0.46912673270725636,-0.6849011388754958
55.492929220199585,0.39474191344655835,-0.7556285712895154,0.4833931089132384,-0.7070742327069262
55.543638706207275,0.39474191344655835,-0.7556285712895154,0.4976123920435125,-0.7292614314871044
55.59441041946411,0.39474191344655835,-0.7556285712895154,0.5118002405123332,-0.7514872880970418
55.64494872093201,0.39474191344655835,-0.7556285712895154,0.5258740005332725,-0.7736218218725479
55.69561743736267,0.39474191344655835,-0.7556285712895154,0.5399348542208662,-0.7958238416364596
55.746150732040405,0.39474191344655835,-0.7556285712895154,0.553908756026634,-0.8179763578197767
55.796894550323486,0.39474191344655835,-0.7556285712895154,0.5678909779826076,-0.8402305385115629
55.8485004901886,0.39474191344655835,-0.7556285712895154,0.5820591834365318,-0.862871921804786
55.89894080162048,0.5853420715956293,-1.063325501938898,0.5958568345880848,-0.8850102682807877
55.94965958595276,0.5853420715956293,-1.063325501938898,0.6096800104266991,-0.9072786649865261
56.000221252441406,0.5853420715956293,-1.063325501938898,0.6234095381186191,-0.9294853835953938
56.05097460746765,0.5853420715956293,-1.063325501938898,0.6371398078676305,-0.9517831162329313
56.1049439907074,0.5853420715956293,-1.063325501938898,0.6516834081252338,-0.9755006891100648
56.15565037727356,0.5853420715956293,-1.063325501938898,0.6652941691634418,-0.9977902575362174
56.20607089996338,0.5853420715956293,-1.063325501938898,0.6787765031889883,-1.019959375232822
56.25655698776245,0.5853420715956293,-1.063325501938898,0.6922244583855828,-1.0421620183203415
56.30707025527954,0.5853420715956293,-1.063325501938898,0.7056274070207436,-1.064380810476669
56.35749101638794,0.5853420715956293,-1.063325501938898,0.7189534360303864,-1.0865625908459249
56.408244371414185,0.5853420715956293,-1.063325501938898,0.7323142648443528,-1.1088938880970811
56.45922827720642,0.5853420715956293,-1.063325501938898,0.7456818846597804,-1.1313293361131163
56.50994348526001,0.5853420715956293,-1.063325501938898,0.7589251996016797,-1.1536487183233737
56.560940980911255,0.5853420715956293,-1.063325501938898,0.7721878105807414,-1.1760939963917378
56.61143183708191,0.7717336644053912,-1.381447674957163,0.7852646534031504,-1.1983174165753772
56.66287446022034,0.7717336644053912,-1.381447674957163,0.798532473488792,-1.2209603764602441
56.713531732559204,0.7717336644053912,-1.381447674957163,0.8115427233835999,-1.2432577468897952
56.76416254043579,0.7717336644053912,-1.381447674957163,0.8244913797755786,-1.2655430383477722
56.81515336036682,0.7717336644053912,-1.381447674957163,0.8374764940239858,-1.2879858312468873
56.865739822387695,0.7717336644053912,-1.381447674957163,0.8503032454016668,-1.310249181803899
56.916927337646484,0.7717336644053912,-1.381447674957163,0.8632259989394524,-1.33277503844401
56.96893763542175,0.7717336644053912,-1.381447674957163,0.8762981105605565,-1.3556603421936486
57.01949858665466,0.7717336644053912,-1.381447674957163,0.8889493172414202,-1.377904838546662
57.07028555870056,0.7717336644053912,-1.381447674957163,0.9016006368592819,-1.4002451971806826
57.1212317943573,0.7717336644053912,-1.381447674957163,0.9142345624029127,-1.4226514853994296
57.172398805618286,0.7717336644053912,-1.381447674957163,0.9268654733592536,-1.4451501768266584
57.22349286079407,0.7717336644053912,-1.381447674957163,0.9394203765655491,-1.4676115594524743
57.27392625808716,0.7717336644053912,-1.381447674957163,0.9517558787902987,-1.4897768641662634
57.32466411590576,0.9429029154982307,-1.6923393072542234,0.9641084190593876,-1.5120697943787895
57.37594246864319,0.9429029154982307,-1.6923393072542234,0.9765337945439252,-1.5345933689138174
57.42677569389343,0.9429029154982307,-1.6923393072542234,0.9887927901644322,-1.5569141115205063
57.47749209403992,0.9429029154982307,-1.6923393072542234,1.0009653287996023,-1.5791757728642135
57.52803874015808,0.9429029154982307,-1.6923393072542234,1.0130389854397386,-1.601354664402268
57.578436851501465,0.9429029154982307,-1.6923393072542234,1.0250191660666204,-1.6234596574542812
57.6288857460022,0.9429029154982307,-1.6923393072542234,1.0369532110116848,-1.6455776832853695
57.67926502227783,0.9429029154982307,-1.6923393072542234,1.0488124651884516,-1.6676554448860683
57.72965216636658,0.9429029154982307,-1.6923393072542234,1.0606150722132974,-1.6897264017624885
57.780091524124146,0.9429029154982307,-1.6923393072542234,1.072371112841179,-1.711809444113462
57.83082866668701,0.9429029154982307,-1.6923393072542234,1.0841370072934267,-1.7340114514467373
57.881516218185425,0.9429029154982307,-1.6923393072542234,1.095831561110398,-1.7561798078365198
57.93230128288269,0.9429029154982307,-1.6923393072542234,1.107488429107908,-1.7783783058949352
57.98276138305664,0.9429029154982307,-1.6923393072542234,1.1190108463145463,-1.800421840039952
58.033204078674316,1.102809306056995,-2.00044039258557,1.1304694589299369,-1.822444380543263
58.08360743522644,1.102809306056995,-2.00044039258557,1.1418591952595178,-1.844435856746958
58.13397574424744,1.102809306056995,-2.00044039258557,1.1531809701746107,-1.8663976558453172
58.18441700935364,1.102809306056995,-2.00044039258557,1.1644588070478408,-1.888376336798971
58.236180782318115,1.102809306056995,-2.00044039258557,1.175969365801965,-1.9109151966934825
58.28655481338501,1.102809306056995,-2.00044039258557,1.1871094679482996,-1.932832777408833
58.33697533607483,1.102809306056995,-2.00044039258557,1.1981989985328776,-1.9547541018719383
58.38757348060608,1.102809306056995,-2.00044039258557,1.2092662134315688,-1.9767355511079294
58.43923902511597,1.102809306056995,-2.00044039258557,1.2205032647413552,-1.9991624946890938
58.489728689193726,1.102809306056995,-2.00044039258557,1.2314222696844752,-2.021060698346214
58.54015564918518,1.102809306056995,-2.00044039258557,1.242266075745119,-2.0429131140465544
58.59053111076355,1.102809306056995,-2.00044039258557,1.2530371326888137,-2.0647241443280135
58.640910148620605,1.102809306056995,-2.00044039258557,1.2637471374129639,-2.08651714615461
58.69127345085144,1.102809306056995,-2.00044039258557,1.274391842088423,-2.1082832572733228
58.74160599708557,1.2520105858111596,-2.3064977188780134,1.2849679953667732,-2.130015499356326
58.79218411445618,1.2520105858111596,-2.3064977188780134,1.2955331010807447,-2.1518325323155265
58.84302639961243,1.2520105858111596,-2.3064977188780134,1.3060899325559092,-2.1737415302767213
58.89352488517761,1.2520105858111596,-2.3064977188780134,1.3165122424269344,-2.195480036872601
58.94384503364563,1.2520105858111596,-2.3064977188780134,1.3268350023163982,-2.2171191092129323
58.994638442993164,1.2520105858111596,-2.3064977188780134,1.337191174496867,-2.2389382302354286
59.045631408691406,1.2520105858111596,-2.3064977188780134,1.3475235304678423,-2.2608188284045747
59.0972843170166,1.2520105858111596,-2.3064977188780134,1.3579235591093846,-2.2829572893522823
59.148170709609985,1.2520105858111596,-2.3064977188780134,1.3681041022243798,-2.3047417732932134
59.19939851760864,1.2520105858111596,-2.3064977188780134,1.3782874824206177,-2.3266463656247587
59.25027799606323,1.2520105858111596,-2.3064977188780134,1.3883364542797005,-2.34837560979355
59.301109313964844,1.2520105858111596,-2.3064977188780134,1.3983109194659504,-2.3700574785234014
59.35178518295288,1.2520105858111596,-2.3064977188780134,1.4081900746432234,-2.3916458446503492
59.40266013145447,1.2520105858111596,-2.3064977188780134,1.4180428116497998,-2.4132911785714244
59.45615243911743,1.3895132303356366,-2.6081895072742456,1.4283318049654175,-2.4360194332858978
59.506744623184204,1.3895132303356366,-2.6081895072742456,1.4379962076869182,-2.457485990403837
59.557164430618286,1.3895132303356366,-2.6081895072742456,1.4475629758963688,-2.4788503798719628
59.607563734054565,1.3895132303356366,-2.6081895072742456,1.4570611700739757,-2.5001766076468743
59.658090591430664,1.3895132303356366,-2.6081895072742456,1.4665183613095216,-2.521526714979939
59.70890402793884,1.3895132303356366,-2.6081895072742456,1.4759633882013987,-2.542967006227994
59.759666442871094,1.3895132303356366,-2.6081895072742456,1.485332917649096,-2.564354296209037
59.81027889251709,1.3895132303356366,-2.6081895072742456,1.4946089581248803,-2.5856465647777993
59.86072254180908,1.3895132303356366,-2.6081895072742456,1.5037885610588506,-2.6068356737156946
59.91112208366394,1.3895132303356366,-2.6081895072742456,1.5128947175627614,-2.627973692668945
59.96152138710022,1.3895132303356366,-2.6081895072742456,1.5219353280149555,-2.6490785534316443
60.01223278045654,1.3895132303356366,-2.6081895072742456,1.5309656972829546,-2.6702802215119306
60.06282663345337,1.3895132303356366,-2.6081895072742456,1.5399088290770906,-2.691398364469238
60.11346936225891,1.3895132303356366,-2.6081895072742456,1.5487941673700067,-2.7125019992849513
60.16394305229187,1.5165577159209684,-2.908774805271552,1.557583610504683,-2.7334999291975475
60.21494007110596,1.5165577159209684,-2.908774805271552,1.566396923324523,-2.754679298327813
60.265708923339844,1.5165577159209684,-2.908774805271552,1.5751035464738177,-2.775727171603794
60.31681537628174,1.5165577159209684,-2.908774805271552,1.5838001879266645,-2.7968774620434953
60.367353439331055,1.5165577159209684,-2.908774805271552,1.5923330395232504,-2.8177549650499323
60.41821050643921,1.5165577159209684,-2.908774805271552,1.6008523303889124,-2.838726027341675
60.469484090805054,1.5165577159209684,-2.908774805271552,1.609372832778975,-2.859829500573625
60.52016472816467,1.5165577159209684,-2.908774805271552,1.6177270586321062,-2.8806495874580005
60.57065033912659,1.5165577159209684,-2.908774805271552,1.6259820885863008,-2.9013501610573833
60.62197661399841,1.5165577159209684,-2.908774805271552,1.6343058910852624,-2.9223546028439005
60.67251682281494,1.5165577159209684,-2.908774805271552,1.6424344591374909,-2.942996621526824
60.722912311553955,1.5165577159209684,-2.908774805271552,1.650472727273948,-2.9635387754794067
60.773332834243774,1.5165577159209684,-2.908774805271552,1.6584479326202113,-2.9840499022872375
60.8237419128418,1.621589358451251,-3.177467906520425,1.666354202442507,-3.0045146445738116
60.8741397857666,1.621589358451251,-3.177467906520425,1.6741915457874155,-3.0249326267186296
60.9249107837677,1.621589358451251,-3.177467906520425,1.6820189320110728,-3.0454585925166464
60.97534418106079,1.621589358451251,-3.177467906520425,1.6897266471436994,-3.0658046579755247
61.02690362930298,1.621589358451251,-3.177467906520425,1.6975367144730935,-3.086559750247441
61.07752990722656,1.621589358451251,-3.177467906520425,1.7051367522768106,-3.1068941714867533
61.12791895866394,1.621589358451251,-3.177467906520425,1.712633542982235,-3.1270885044855006
61.17836785316467,1.621589358451251,-3.177467906520425,1.720071580188764,-3.1472615440044605
61.2289092540741,1.621589358451251,-3.177467906520425,1.727455314083128,-3.167425647475777
61.27929925918579,1.621589358451251,-3.177467906520425,1.734749174450126,-3.187483091485207
61.33047151565552,1.621589358451251,-3.177467906520425,1.7420869708284683,-3.207804127656886
61.381763219833374,1.621589358451251,-3.177467906520425,1.7493717689910766,-3.228123766887934
61.43248176574707,1.621589358451251,-3.177467906520425,1.7565060761446167,-3.2481677652205585
61.48290729522705,1.621589358451251,-3.177467906520425,1.7635310130886075,-3.2680475770674713
61.5334792137146,1.7188625856942685,-3.449629222503238,1.770508045982637,-3.287936150034075
61.583853006362915,1.7188625856942685,-3.449629222503238,1.7773897057980315,-3.3076975798292474
61.63449716567993,1.7188625856942685,-3.449629222503238,1.7842398059023719,-3.3275150543191736
61.68504548072815,1.7188625856942685,-3.449629222503238,1.7910084190767968,-3.347244520781358
61.73590660095215,1.7188625856942685,-3.449629222503238,1.7977497852494284,-3.3670446555044133
61.78672933578491,1.7188625856942685,-3.449629222503238,1.804416760286081,-3.3867778259634544
61.83737373352051,1.7188625856942685,-3.449629222503238,1.8109913944850806,-3.4063895299844815
61.88796257972717,1.7188625856942685,-3.449629222503238,1.8174900739029773,-3.425927185553022
61.93880367279053,1.7188625856942685,-3.449629222503238,1.8239519079152533,-3.4455088651809858
61.98918342590332,1.7188625856942685,-3.449629222503238,1.8302866002789193,-3.4648595697484508
62.03977370262146,1.7188625856942685,-3.449629222503238,1.8365791173889043,-3.484237271388917
62.09032344818115,1.7188625856942685,-3.449629222503238,1.8427978641197758,-3.503545051498235
62.14074444770813,1.7188625856942685,-3.449629222503238,1.8489323128883506,-3.522749006780913
62.19114661216736,1.7188625856942685,-3.449629222503238,1.854996118478792,-3.541890759474871
62.241554498672485,1.804737221533457,-3.7141045097646974,1.860992246244089,-3.560979179226347
62.291911602020264,1.804737221533457,-3.7141045097646974,1.8669140528062644,-3.5799924668600873
62.34228181838989,1.804737221533457,-3.7141045097646974,1.8727691172398067,-3.5989543352652302
62.39268970489502,1.804737221533457,-3.7141045097646974,1.878560181394151,-3.617873469076362
62.44330048561096,1.804737221533457,-3.7141045097646974,1.884305729341715,-3.6368109949041534
62.4935998916626,1.804737221533457,-3.7141045097646974,1.8899475949369426,-3.655574196547542
62.54418683052063,1.804737221533457,-3.7141045097646974,1.8955530005813723,-3.6743860510196305
62.59486961364746,1.804737221533457,-3.7141045097646974,1.9010999224852714,-3.6931741309064123
62.64547395706177,1.804737221533457,-3.7141045097646974,1.9065692519299677,-3.7118733228641445
62.69582152366638,1.804737221533457,-3.7141045097646974,1.9119424018476465,-3.7304178514250146
62.74618458747864,1.804737221533457,-3.7141045097646974,1.9172489265350396,-3.748907965896896
62.796725034713745,1.804737221533457,-3.7141045097646974,1.9225054980000562,-3.7674022867610306
62.84759187698364,1.804737221533457,-3.7141045097646974,1.9277265951560616,-3.7859539548159367
62.898852586746216,1.804737221533457,-3.7141045097646974,1.93291767582949,-3.8045857718012757
62.94968605041504,1.8780913542540314,-3.9683898382518095,1.9379956702961192,-3.8229988700318405
63.00047945976257,1.8780913542540314,-3.9683898382518095,1.943000234500328,-3.841333898752372
63.05122137069702,1.8780913542540314,-3.9683898382518095,1.9479304469466752,-3.8595864284313786
63.10211372375488,1.8780913542540314,-3.9683898382518095,1.952805746570395,-3.877828441561299
63.15284848213196,1.8780913542540314,-3.9683898382518095,1.957596661985296,-3.8959490699441695
63.203224420547485,1.8780913542540314,-3.9683898382518095,1.9622852707384553,-3.913876971038449
63.25364565849304,1.8780913542540314,-3.9683898382518095,1.96690984988314,-3.9317561096220914
63.30449628829956,1.8780913542540314,-3.9683898382518095,1.9715046902884337,-3.9497213025099547
63.35507559776306,1.8780913542540314,-3.9683898382518095,1.976006184749124,-3.9675242249808162
63.40561509132385,1.8780913542540314,-3.9683898382518095,1.980435604265939,-3.985246517756475
63.45615601539612,1.8780913542540314,-3.9683898382518095,1.9847966768977974,-4.002902266280806
63.50690245628357,1.8780913542540314,-3.9683898382518095,1.9891066291091988,-4.020561896880292
63.557573080062866,1.8780913542540314,-3.9683898382518095,1.9933413424093678,-4.038126790772987
63.6097674369812,1.8780913542540314,-3.9683898382518095,1.997631562810113,-4.056147992223848
63.66012668609619,1.9374324957970703,-4.206869879474914,2.0017018863145943,-4.07346597129458
63.71050953865051,1.9374324957970703,-4.206869879474914,2.0057062946894773,-4.090723204089293
63.76111674308777,1.9374324957970703,-4.206869879474914,2.0096602893981825,-4.107987497100077
63.81175756454468,1.9374324957970703,-4.206869879474914,2.0135484956401224,-4.12519280239108
63.86237549781799,1.9374324957970703,-4.206869879474914,2.017366605171496,-4.142319454743898
63.913270711898804,1.9374324957970703,-4.206869879474914,2.021136798231046,-4.159468033474307
63.964020013809204,1.9374324957970703,-4.206869879474914,2.024827515862494,-4.176495223847548
64.01705360412598,1.9374324957970703,-4.206869879474914,2.028611153906799,-4.1942112832791985
64.06764888763428,1.9374324957970703,-4.206869879474914,2.032151161631032,-4.211038490269974
64.11808753013611,1.9374324957970703,-4.206869879474914,2.035612556169462,-4.227740917524207
64.16864252090454,1.9374324957970703,-4.206869879474914,2.039014216835998,-4.244408616992478
64.21900510787964,1.9374324957970703,-4.206869879474914,2.0423355872504425,-4.2609395303377
64.26941657066345,1.9374324957970703,-4.206869879474914,2.0455929351087496,-4.2774127402533395
64.31995820999146,1.9374324957970703,-4.206869879474914,2.048791225065804,-4.293853992268137
64.37069582939148,1.9851115545969815,-4.433740930870745,2.0519340397066195,-4.31028353918109
64.4214735031128,1.9851115545969815,-4.433740930870745,2.0550113217086183,-4.3266499314006435
64.47199606895447,1.9851115545969815,-4.433740930870745,2.0580056914275966,-4.342858089716768
64.52243185043335,1.9851115545969815,-4.433740930870745,2.060927886920235,-4.358962362127675
64.57294535636902,1.9851115545969815,-4.433740930870745,2.063787537847155,-4.37501487653302
64.62376666069031,1.9851115545969815,-4.433740930870745,2.0665969828461437,-4.391087444592414
64.67574214935303,1.9851115545969815,-4.433740930870745,2.0694001566527547,-4.407443914326815
64.7265396118164,1.9851115545969815,-4.433740930870745,2.0720714145306536,-4.423349972659518
64.77701425552368,1.9851115545969815,-4.433740930870745,2.0746588308640845,-4.439076498951916
64.82741808891296,1.9851115545969815,-4.433740930870745,2.0771761950406344,-4.454702516479932
64.87853407859802,1.9851115545969815,-4.433740930870745,2.079661432137397,-4.470468834175704
64.92937803268433,1.9851115545969815,-4.433740930870745,2.08206591263473,-4.486070427364889
64.97974443435669,1.9851115545969815,-4.433740930870745,2.0843815013631013,-4.501445602946821
65.0302414894104,1.9851115545969815,-4.433740930870745,2.086636943159044,-4.516780444323702
65.08067274093628,2.0207868383650474,-4.649973342350387,2.088823435597789,-4.532014734262863
65.13386869430542,2.0207868383650474,-4.649973342350387,2.0910584154284395,-4.547996485688185
65.18552994728088,2.0207868383650474,-4.649973342350387,2.093158887190868,-4.563430546516798
65.23599886894226,2.0207868383650474,-4.649973342350387,2.0951443567724013,-4.578425560540261
65.28641176223755,2.0207868383650474,-4.649973342350387,2.0970620929493817,-4.593321800187539
65.33712601661682,2.0207868383650474,-4.649973342350387,2.0989253224194306,-4.608223869796593
65.38751912117004,2.0207868383650474,-4.649973342350387,2.10071132460039,-4.622948503392605
65.43796110153198,2.0207868383650474,-4.649973342350387,2.1024338570875125,-4.63760410220172
65.48937058448792,2.0207868383650474,-4.649973342350387,2.104122425634679,-4.652454629926349
65.54050540924072,2.0207868383650474,-4.649973342350387,2.105734996650647,-4.6671391187883176
65.5925567150116,2.0207868383650474,-4.649973342350387,2.107307994609959,-4.6819975743027245
65.64291501045227,2.0207868383650474,-4.649973342350387,2.108764204899507,-4.696286682662967
65.69334435462952,2.0207868383650474,-4.649973342350387,2.1101579173512324,-4.71051074534088
65.74407863616943,2.041983582058949,-4.831003327047921,2.111494998491667,-4.724734393915017
65.79448056221008,2.041983582058949,-4.831003327047921,2.112758832577726,-4.738778650147904
65.84488558769226,2.041983582058949,-4.831003327047921,2.113958591030155,-4.7527374544863825
65.89531016349792,2.041983582058949,-4.831003327047921,2.1150947524673973,-4.766614930542083
65.94629502296448,2.041983582058949,-4.831003327047921,2.1161785264015474,-4.780558013205244
66.00212788581848,2.041983582058949,-4.831003327047921,2.117290526405455,-4.79572426370801
66.05266308784485,2.041983582058949,-4.831003327047921,2.118229722777543,-4.809358560619799
66.10336542129517,2.041983582058949,-4.831003327047921,2.1191079114620317,-4.822948839413558
66.15422320365906,2.041983582058949,-4.831003327047921,2.1199244200630813,-4.836490744660205
66.20594429969788,2.041983582058949,-4.831003327047921,2.1206888167414606,-4.8501696540128165
66.25682711601257,2.041983582058949,-4.831003327047921,2.1213760549790024,-4.863535096548703
66.30842161178589,2.041983582058949,-4.831003327047921,2.1220074651995864,-4.876994164585952
66.35925936698914,2.041983582058949,-4.831003327047921,2.122565315223972,-4.890163554088062
66.40985107421875,2.041983582058949,-4.831003327047921,2.123057255797023,-4.903177915561332
66.46045303344727,2.053692321548081,-5.010086704998733,2.1234863733115974,-4.916103461058673
66.51104784011841,2.053692321548081,-5.010086704998733,2.123852668565501,-4.928935381973995
66.56151604652405,2.053692321548081,-5.010086704998733,2.124155680703107,-4.941643396700275
66.6119179725647,2.053692321548081,-5.010086704998733,2.1243962854462306,-4.954242872488807
66.66231846809387,2.053692321548081,-5.010086704998733,2.1245750750924057,-4.966749860991323
66.7128255367279,2.053692321548081,-5.010086704998733,2.1246923993261184,-4.9791905313043925
66.76323652267456,2.053692321548081,-5.010086704998733,2.124747929711715,-4.991514596167393
66.81387186050415,2.053692321548081,-5.010086704998733,2.1247419484791523,-5.003799696102155
66.86591958999634,2.053692321548081,-5.010086704998733,2.124671466197537,-5.016329119652621
66.91646337509155,2.053692321548081,-5.010086704998733,2.124540773203306,-5.028400731135645
66.96725511550903,2.053692321548081,-5.010086704998733,2.1243478250728125,-5.04043616166011
67.01806402206421,2.053692321548081,-5.010086704998733,2.124093189461197,-5.052379639074152
67.06895089149475,2.053692321548081,-5.010086704998733,2.123776564907309,-5.064244847867124
67.11983466148376,2.053692321548081,-5.010086704998733,2.123398498212527,-5.076012338407158
67.17059254646301,2.053445957713713,-5.167856144215382,2.122960314590533,-5.087653751807158
67.22151732444763,2.053445957713713,-5.167856144215382,2.1224595943820943,-5.099235788782021
67.27227926254272,2.053445957713713,-5.167856144215382,2.121899755310538,-5.110683117749529
67.32295417785645,2.053445957713713,-5.167856144215382,2.121280592795057,-5.12201323291197
67.37363505363464,2.053445957713713,-5.167856144215382,2.12060130040291,-5.133246837202345
67.4240448474884,2.053445957713713,-5.167856144215382,2.1198662466881912,-5.144322974224487
67.4748854637146,2.053445957713713,-5.167856144215382,2.119065102532065,-5.155395087281246
67.52573943138123,2.053445957713713,-5.167856144215382,2.1182038528642115,-5.166370647681746
67.5763373374939,2.053445957713713,-5.167856144215382,2.1172876803841922,-5.177191908080615
67.62749338150024,2.053445957713713,-5.167856144215382,2.1163015069675195,-5.188031795166519
67.67805218696594,2.053445957713713,-5.167856144215382,2.1152678698269582,-5.198645293413165
67.72849130630493,2.053445957713713,-5.167856144215382,2.11417845199531,-5.2091344672565825
67.77891635894775,2.053445957713713,-5.167856144215382,2.113031399334436,-5.219521376675302
67.82950210571289,2.053445957713713,-5.167856144215382,2.1118226816398495,-5.229841288464283
67.87993550300598,2.041775739583464,-5.308869529028213,2.1105599637491648,-5.240030019537328
67.93098711967468,2.041775739583464,-5.308869529028213,2.1092233561804865,-5.25024155216593
67.98311185836792,2.041775739583464,-5.308869529028213,2.10779823651092,-5.260561447186092
68.03364777565002,2.041775739583464,-5.308869529028213,2.1063584851170263,-5.270463949691658
68.08424735069275,2.041775739583464,-5.308869529028213,2.10485984878362,-5.280277205132913
68.13473796844482,2.041775739583464,-5.308869529028213,2.103307724353171,-5.289967588790421
68.18522071838379,2.041775739583464,-5.308869529028213,2.1016994100304807,-5.299554573543683
68.23693346977234,2.041775739583464,-5.308869529028213,2.0999936230338676,-5.30926921676963
68.2876033782959,2.041775739583464,-5.308869529028213,2.098265237172842,-5.318683689170526
68.33824586868286,2.041775739583464,-5.308869529028213,2.096481632179032,-5.327989669219383
68.38913941383362,2.041775739583464,-5.308869529028213,2.0946328469263045,-5.337237365373445
68.43954610824585,2.041775739583464,-5.308869529028213,2.0927462952205005,-5.346293148042925
68.4900279045105,2.041775739583464,-5.308869529028213,2.0908018421622736,-5.3552589727282776
68.54063749313354,2.041775739583464,-5.308869529028213,2.0887973462211393,-5.364143306925042
68.59113931655884,2.0187918294488467,-5.4292554379300455,2.086742326124031,-5.3729044739496725
68.64159893989563,2.0187918294488467,-5.4292554379300455,2.084634580440958,-5.381554051669727
68.69202065467834,2.0187918294488467,-5.4292554379300455,2.0824742830049003,-5.390092766424811
68.74269342422485,2.0187918294488467,-5.4292554379300455,2.080248936327214,-5.39856863295635
68.79356408119202,2.0187918294488467,-5.4292554379300455,2.077960383069549,-5.406971097233265
68.84411430358887,2.0187918294488467,-5.4292554379300455,2.0756323688074088,-5.415214677108713
68.89442825317383,2.0187918294488467,-5.4292554379300455,2.073262134616082,-5.423314595183745
68.9447603225708,2.0187918294488467,-5.4292554379300455,2.070838270996756,-5.4313122444461825
68.99524879455566,2.0187918294488467,-5.4292554379300455,2.068354075776022,-5.439228806976045
69.04574704170227,2.0187918294488467,-5.4292554379300455,2.0658167367591513,-5.4470405269479265
69.09615230560303,2.0187918294488467,-5.4292554379300455,2.063231782227777,-5.454731532659318
69.14778137207031,2.0187918294488467,-5.4292554379300455,2.0605301563295635,-5.462498891364485
69.200754404068,2.0187918294488467,-5.4292554379300455,2.0577017632390042,-5.4703520807007475
69.25132608413696,2.0187918294488467,-5.4292554379300455,2.054948500690512,-5.477739063528503
69.30239605903625,1.9870551157056497,-5.527437348612451,2.052115737573047,-5.485089344390211
69.35286355018616,1.9870551157056497,-5.527437348612451,2.0492649370399887,-5.492244598297554
69.4033420085907,1.9870551157056497,-5.527437348612451,2.0463625943068156,-5.499293475588528
69.45375728607178,1.9870551157056497,-5.527437348612451,2.0434132963055336,-5.506225568263973
69.50415587425232,1.9870551157056497,-5.527437348612451,2.0404146890761035,-5.51304730693762
69.55474352836609,1.9870551157056497,-5.527437348612451,2.0373545208132087,-5.519785769379784
69.60516953468323,1.9870551157056497,-5.527437348612451,2.034254215235389,-5.52639393651393
69.65568256378174,1.9870551157056497,-5.527437348612451,2.0310988451573144,-5.532904425137868
69.70622777938843,1.9870551157056497,-5.527437348612451,2.027891912464096,-5.539309571244921
69.75671482086182,1.9870551157056497,-5.527437348612451,2.0246394420284686,-5.545597801393615
69.80726027488708,1.9870551157056497,-5.527437348612451,2.0213341779787006,-5.551783430804023
69.85777950286865,1.9870551157056497,-5.527437348612451,2.017981864557088,-5.557855794212461
69.90926218032837,1.9870551157056497,-5.527437348612451,2.014515730943816,-5.56393056089114
69.95981454849243,1.9870551157056497,-5.527437348612451,2.011063492040536,-5.569783964367236
70.01037883758545,1.945761499073142,-5.604322997582072,2.0075623892284273,-5.575527939886252
70.06179547309875,1.945761499073142,-5.604322997582072,2.003953262267382,-5.5812549018674655
70.11221027374268,1.945761499073142,-5.604322997582072,2.0003667416411934,-5.586758627975954
70.16274166107178,1.945761499073142,-5.604322997582072,1.9967247812972433,-5.5921639603195015
70.21323823928833,1.945761499073142,-5.604322997582072,1.9930384430865027,-5.597454250014826
70.26580214500427,1.945761499073142,-5.604322997582072,1.989151684664544,-5.602842720428766
70.31643271446228,1.945761499073142,-5.604322997582072,1.9853604185453895,-5.607918616230219
70.36727285385132,1.945761499073142,-5.604322997582072,1.9815068699867875,-5.612902402700337
70.41807079315186,1.945761499073142,-5.604322997582072,1.977610166604841,-5.617768663361755
70.46975660324097,1.945761499073142,-5.604322997582072,1.9735980832533842,-5.622603467961404
70.52225279808044,1.945761499073142,-5.604322997582072,1.9694745842010297,-5.627393593994945
70.57302498817444,1.945761499073142,-5.604322997582072,1.9654402848441266,-5.631910729832585
70.6250946521759,1.945761499073142,-5.604322997582072,1.9612559812792456,-5.63642497838053
70.6763048171997,1.945761499073142,-5.604322997582072,1.957094706605449,-5.64074767765473
70.72719144821167,1.8956046463805316,-5.659453630099151,1.9529147832558174,-5.6449279408258715
70.77819442749023,1.8956046463805316,-5.659453630099151,1.948680638731491,-5.64900244638765
70.82876014709473,1.8956046463805316,-5.659453630099151,1.9444389351962794,-5.652927898690283
70.87960815429688,1.8956046463805316,-5.659453630099151,1.9401297998176021,-5.656760528748719
70.93001818656921,1.8956046463805316,-5.659453630099151,1.9358147538434038,-5.660446425225121
70.98067355155945,1.8956046463805316,-5.659453630099151,1.9314358373651812,-5.664036056521665
71.03124761581421,1.8956046463805316,-5.659453630099151,1.92702136238886,-5.6675055782992025
71.08190202713013,1.8956046463805316,-5.659453630099151,1.9225575066580063,-5.670865942504555
71.13294887542725,1.8956046463805316,-5.659453630099151,1.9180164645174276,-5.674136102713614
71.18376517295837,1.8956046463805316,-5.659453630099151,1.913453745674805,-5.677275459025916
71.23520612716675,1.8956046463805316,-5.659453630099151,1.908792369663128,-5.680335353115105
71.2856342792511,1.8956046463805316,-5.659453630099151,1.9041814886955568,-5.683219582091663
71.33612775802612,1.8956046463805316,-5.659453630099151,1.8995239750888273,-5.685992925877601
71.38653945922852,1.8956046463805316,-5.659453630099151,1.8948337066915997,-5.688647237601537
71.4371829032898,1.8370760716599996,-5.692809826850502,1.8900816259968345,-5.691198391760487
71.48767328262329,1.8370760716599996,-5.692809826850502,1.8853040398476208,-5.69362661648225
71.53852987289429,1.8370760716599996,-5.692809826850502,1.8804518566584163,-5.695956036962683
71.5892915725708,1.8370760716599996,-5.692809826850502,1.8755690484482472,-5.698164486177171
71.6397979259491,1.8370760716599996,-5.692809826850502,1.8706717564261262,-5.70024607687858
71.6902220249176,1.8370760716599996,-5.692809826850502,1.8657438835064177,-5.702208994428219
71.74098801612854,1.8370760716599996,-5.692809826850502,1.8607439793984777,-5.704068752134624
71.79212069511414,1.8370760716599996,-5.692809826850502,1.855669096383504,-5.7058237063002935
71.84276485443115,1.8370760716599996,-5.692809826850502,1.8506045556779303,-5.707444825379724
71.89360427856445,1.8370760716599996,-5.692809826850502,1.845482613531517,-5.7089549152199925
71.94459819793701,1.8370760716599996,-5.692809826850502,1.8403072936716889,-5.710351456213678
71.99512434005737,1.8370760716599996,-5.692809826850502,1.835142402119078,-5.711618400089966
72.04574728012085,1.8370760716599996,-5.692809826850502,1.8299309389786713,-5.712771099343063
72.09620904922485,1.8370760716599996,-5.692809826850502,1.824699834379714,-5.713803816392566
72.14670276641846,1.7717919373378297,-5.70331037845024,1.8194295115796777,-5.7147208669827405
72.19715523719788,1.7717919373378297,-5.70331037845024,1.8141279241815957,-5.7155208736477885
72.24893021583557,1.7717919373378297,-5.70331037845024,1.8086507206121842,-5.716220911562468
72.29957938194275,1.7717919373378297,-5.70331037845024,1.8032570113746693,-5.7167871135266
72.3500075340271,1.7717919373378297,-5.70331037845024,1.7978521654624173,-5.7172342284115825
72.40041542053223,1.7717919373378297,-5.70331037845024,1.7924152221400995,-5.717564803151991
72.45111012458801,1.7717919373378297,-5.70331037845024,1.7869130975193843,-5.717779859904111
72.50154614448547,1.7717919373378297,-5.70331037845024,1.7814052782497038,-5.717876922896241
72.55211925506592,1.7717919373378297,-5.70331037845024,1.7758489771620631,-5.717857115124671
72.60277032852173,1.7717919373378297,-5.70331037845024,1.7702507891980543,-5.717719653024057
72.65348887443542,1.7717919373378297,-5.70331037845024,1.764612045094105,-5.7174640017528695
72.70386457443237,1.7717919373378297,-5.70331037845024,1.758978944129061,-5.717093135666109
72.7542827129364,1.7717919373378297,-5.70331037845024,1.7533090051242897,-5.7166052134012055
72.80472302436829,1.7717919373378297,-5.70331037845024,1.7476047576423208,-5.7160001593134515
72.85533857345581,1.7006266841669972,-5.691160599765635,1.7418490198475496,-5.71527540523781
72.90577363967896,1.7006266841669972,-5.691160599765635,1.7360825620305809,-5.714436020979502
72.95648241043091,1.7006266841669972,-5.691160599765635,1.7302536861681461,-5.713474082665375
73.00710701942444,1.7006266841669972,-5.691160599765635,1.7244036723756075,-5.712395680398432
73.05810737609863,1.7006266841669972,-5.691160599765635,1.718479432016789,-5.711189960544651
73.10956168174744,1.7006266841669972,-5.691160599765635,1.7124714578466103,-5.709852118207084
73.16180086135864,1.7006266841669972,-5.691160599765635,1.706340327960705,-5.708369105871914
73.21342158317566,1.7006266841669972,-5.691160599765635,1.7002509396404535,-5.7067801400174485
73.26568126678467,1.7006266841669972,-5.691160599765635,1.6940552944769358,-5.705046416965434
73.31624364852905,1.7006266841669972,-5.691160599765635,1.6880316304362828,-5.70324918852088
73.36796379089355,1.7006266841669972,-5.691160599765635,1.681840622599664,-5.701288875985897
73.41867136955261,1.7006266841669972,-5.691160599765635,1.6757422699557833,-5.699247213285432
73.46986317634583,1.7006266841669972,-5.691160599765635,1.6695573403981203,-5.697065793780194
73.52047061920166,1.7006266841669972,-5.691160599765635,1.6634153504569609,-5.694790496601527
73.5709216594696,1.6234826200322576,-5.657017447930326,1.6572652902433849,-5.692404675404994
73.62165427207947,1.6234826200322576,-5.657017447930326,1.651053995081813,-5.689887177551489
73.6720962524414,1.6234826200322576,-5.657017447930326,1.6448518525399027,-5.687266429147254
73.72345161437988,1.6234826200322576,-5.657017447930326,1.6385106646108212,-5.684477687507494
73.77401399612427,1.6234826200322576,-5.657017447930326,1.6322413632524202,-5.68161319561783
73.82493782043457,1.6234826200322576,-5.657017447930326,1.6259014755256394,-5.678609081646728
73.87570834159851,1.6234826200322576,-5.657017447930326,1.6195552592651636,-5.675494992404233
73.92619442939758,1.6234826200322576,-5.657017447930326,1.6132197617252872,-5.672280520635432
73.97691106796265,1.6234826200322576,-5.657017447930326,1.606830726995354,-5.668933082734349
74.02728867530823,1.6234826200322576,-5.657017447930326,1.6004603137397062,-5.665490671165964
74.07769513130188,1.6234826200322576,-5.657017447930326,1.594062550712166,-5.661929252951434
74.12809562683105,1.6234826200322576,-5.657017447930326,1.5876421657211583,-5.6582512327354575
74.17858505249023,1.6234826200322576,-5.657017447930326,1.5811873404804735,-5.654449424475902
74.22905802726746,1.6234826200322576,-5.657017447930326,1.5747118256485806,-5.6505315412524855
74.27968168258667,1.54074921554712,-5.598861382225608,1.5681944180737182,-5.64648417491551
74.3300576210022,1.54074921554712,-5.598861382225608,1.5616868016123062,-5.642339551792609
74.38057398796082,1.54074921554712,-5.598861382225608,1.5551392352935516,-5.638066150653662
74.43093061447144,1.54074921554712,-5.598861382225608,1.5485909654567906,-5.633689472842139
74.48156809806824,1.54074921554712,-5.598861382225608,1.5419849516180957,-5.629170847204156
74.53380727767944,1.54074921554712,-5.598861382225608,1.5351480364131789,-5.6243858295076095
74.58543658256531,1.54074921554712,-5.598861382225608,1.5283693929351787,-5.61953352905568
74.63583564758301,1.54074921554712,-5.598861382225608,1.5217319523457666,-5.614678823026293
74.68646669387817,1.54074921554712,-5.598861382225608,1.5150440807677965,-5.609684416828738
74.73687839508057,1.54074921554712,-5.598861382225608,1.5083657178547447,-5.604594845349252
74.78769254684448,1.54074921554712,-5.598861382225608,1.501614719745284,-5.599346756500671
74.83822321891785,1.54074921554712,-5.598861382225608,1.4948824832418772,-5.594010643984708
74.888911485672,1.54074921554712,-5.598861382225608,1.4881106500315429,-5.588540435708232
74.93922424316406,1.54074921554712,-5.598861382225608,1.4813708928791027,-5.5829944889765235
74.98967552185059,1.4543938724672978,-5.518430401412977,1.4745948132657098,-5.577317035962659
75.04001903533936,1.4543938724672978,-5.518430401412977,1.467815804152668,-5.5715357605744735
75.0903832912445,1.4543938724672978,-5.518430401412977,1.4610169372396085,-5.56563628348416
75.14072275161743,1.4543938724672978,-5.518430401412977,1.4542046924756284,-5.559624032922351
75.19145035743713,1.4543938724672978,-5.518430401412977,1.4473233419356177,-5.553448518081136
75.24216365814209,1.4543938724672978,-5.518430401412977,1.440427633138648,-5.547157526215826
75.2931010723114,1.4543938724672978,-5.518430401412977,1.4334853870587339,-5.540720844044701
75.34383940696716,1.4543938724672978,-5.518430401412977,1.4265546087072238,-5.5341919548315435
75.39498901367188,1.4543938724672978,-5.518430401412977,1.4195521711102967,-5.527491679873286
75.44549298286438,1.4543938724672978,-5.518430401412977,1.4126232110397015,-5.520759378220936
75.49605751037598,1.4543938724672978,-5.518430401412977,1.405671436446217,-5.513903035936875
75.54637813568115,1.4543938724672978,-5.518430401412977,1.3987391171434431,-5.506964668968296
75.59684872627258,1.4543938724672978,-5.518430401412977,1.3917723656955874,-5.499890397401504
75.64722442626953,1.4543938724672978,-5.518430401412977,1.3848052911612307,-5.49271446107367
75.69755125045776,1.3634665988246435,-5.414026316737353,1.3778319189893653,-5.48543090745556
75.7481575012207,1.3634665988246435,-5.414026316737353,1.370807004091516,-5.4779915483706425
75.79872727394104,1.3634665988246435,-5.414026316737353,1.3637746423679493,-5.470442109151666
75.84933924674988,1.3634665988246435,-5.414026316737353,1.3567242274369404,-5.462770944809581
75.90025019645691,1.3634665988246435,-5.414026316737353,1.349620206727926,-5.4549380910054985
75.95065069198608,1.3634665988246435,-5.414026316737353,1.34257593736042,-5.447068930904887
76.00144076347351,1.3634665988246435,-5.414026316737353,1.3354660060033627,-5.439023483294776
76.05202603340149,1.3634665988246435,-5.414026316737353,1.3283738937352796,-5.430895402574556
76.10276007652283,1.3634665988246435,-5.414026316737353,1.3212503858747913,-5.422628202222531
76.15317416191101,1.3634665988246435,-5.414026316737353,1.3141616849198923,-5.414298981181604
76.20377540588379,1.3634665988246435,-5.414026316737353,1.3070368615418715,-5.405824546122819
76.25415802001953,1.3634665988246435,-5.414026316737353,1.2999333949187473,-5.397273104016503
76.30479288101196,1.3634665988246435,-5.414026316737353,1.2927852223713323,-5.38856476390643
76.35560059547424,1.3634665988246435,-5.414026316737353,1.2856037754057663,-5.379711889452851
76.40664839744568,1.2711499231674397,-5.287301439856474,1.278379785582323,-5.370701516594572
76.45706701278687,1.2711499231674397,-5.287301439856474,1.2712367027188933,-5.361688551359451
76.50772309303284,1.2711499231674397,-5.287301439856474,1.2640521751465865,-5.352519549040201
76.55879926681519,1.2711499231674397,-5.287301439856474,1.2568004901217773,-5.343159394954867
76.60944128036499,1.2711499231674397,-5.287301439856474,1.2496032751151684,-5.333764849194073
76.66294145584106,1.2711499231674397,-5.287301439856474,1.2419924769319088,-5.3237170160422735
76.7136299610138,1.2711499231674397,-5.287301439856474,1.2347750149307815,-5.314080759797365
76.7640631198883,1.2711499231674397,-5.287301439856474,1.227587834860179,-5.304380736402489
76.81502842903137,1.2711499231674397,-5.287301439856474,1.2203190001798234,-5.2944647307652355
76.86593699455261,1.2711499231674397,-5.287301439856474,1.2130527597707301,-5.284445906405184
76.91674280166626,1.2711499231674397,-5.287301439856474,1.2057960470767104,-5.274334034442086
76.96743369102478,1.2711499231674397,-5.287301439856474,1.198550969388512,-5.26413244448935
77.01805233955383,1.2711499231674397,-5.287301439856474,1.1913117890554719,-5.253833354948082
77.06885600090027,1.2711499231674397,-5.287301439856474,1.1840420372917526,-5.243384236857153
77.11949396133423,1.178608376206903,-5.139500313210449,1.1767922326625753,-5.2328573495576105
77.16987085342407,1.178608376206903,-5.139500313210449,1.1695764079242847,-5.222274119751075
77.22026705741882,1.178608376206903,-5.139500313210449,1.162354756502086,-5.211576632721297
77.27085399627686,1.178608376206903,-5.139500313210449,1.1551030260491548,-5.200728006954208
77.32137751579285,1.178608376206903,-5.139500313210449,1.147857970987614,-5.189782528057906
77.37203741073608,1.178608376206903,-5.139500313210449,1.1405912683072519,-5.178696875297356
77.42244172096252,1.178608376206903,-5.139500313210449,1.1333594784514949,-5.167557412976773
77.4729495048523,1.178608376206903,-5.139500313210449,1.1261114229656382,-5.156285491429821
77.5240797996521,1.178608376206903,-5.139500313210449,1.118772924238844,-5.1447631164654135
77.57469367980957,1.178608376206903,-5.139500313210449,1.1115077775893245,-5.133246816711277
77.62889957427979,1.178608376206903,-5.139500313210449,1.1037265622705392,-5.120791763727777
77.67946910858154,1.178608376206903,-5.139500313210449,1.096467256454822,-5.109059221633313
77.7300238609314,1.178608376206903,-5.139500313210449,1.0892103254775054,-5.097221278804861
77.78048419952393,1.178608376206903,-5.139500313210449,1.0819675269144555,-5.085297156628194
77.8312509059906,1.086850465452878,-4.972657921951009,1.0746816687094587,-5.073191691347258
77.88194513320923,1.086850465452878,-4.972657921951009,1.0674074584270445,-5.060994697009536
77.93249464035034,1.086850465452878,-4.972657921951009,1.060155582595263,-5.048724484960868
77.98325657844543,1.086850465452878,-4.972657921951009,1.0528751368723261,-5.036294379861646
78.03402733802795,1.086850465452878,-4.972657921951009,1.0455956662575223,-5.023753769747274
78.08452486991882,1.086850465452878,-4.972657921951009,1.0383579202419642,-5.0111734063982905
78.13509035110474,1.086850465452878,-4.972657921951009,1.0311133086872812,-4.998469188202739
78.18546223640442,1.086850465452878,-4.972657921951009,1.0238996158382745,-4.985707466959321
78.23610734939575,1.086850465452878,-4.972657921951009,1.0166503207495678,-4.972769967514035
78.28677296638489,1.086850465452878,-4.972657921951009,1.0094019542577346,-4.959720571387242
78.3378643989563,1.086850465452878,-4.972657921951009,1.0020969132444955,-4.946453730691342
78.38872003555298,1.086850465452878,-4.972657921951009,0.9948301481569315,-4.933140903540741
78.43930768966675,1.086850465452878,-4.972657921951009,0.9876065161538308,-4.919792364053794
78.48974776268005,1.086850465452878,-4.972657921951009,0.9804090864860735,-4.906377903005081
78.54036164283752,0.9938900345808996,-4.780999179531567,0.973192324953537,-4.892812227912217
78.59093022346497,0.9938900345808996,-4.780999179531567,0.9659878146975689,-4.879153929082664
78.64296793937683,0.9938900345808996,-4.780999179531567,0.9585803789731269,-4.864989780807444
78.6933445930481,0.9938900345808996,-4.780999179531567,0.9514158837366529,-4.851172665799403
78.7438178062439,0.9938900345808996,-4.780999179531567,0.9442443818250761,-4.837225655686463
78.795405626297,0.9938900345808996,-4.780999179531567,0.9369217972975394,-4.822863972079263
78.846346616745,0.9938900345808996,-4.780999179531567,0.9296985822399901,-4.80857682198881
78.89681577682495,0.9938900345808996,-4.780999179531567,0.922549995275606,-4.7943188653031505
78.9473819732666,0.9938900345808996,-4.780999179531567,0.9153956916470174,-4.779930822943019
78.99811863899231,0.9938900345808996,-4.780999179531567,0.9082256634129253,-4.765391270970696
79.04871320724487,0.9938900345808996,-4.780999179531567,0.9010844057043781,-4.750789983435649
79.09949254989624,0.9938900345808996,-4.780999179531567,0.8939261103194858,-4.736032789938731
79.15000748634338,0.9938900345808996,-4.780999179531567,0.8868143910355892,-4.721250762618096
79.20060157775879,0.9938900345808996,-4.780999179531567,0.8797011424731003,-4.706344220629813
79.25147318840027,0.9021917035182553,-4.568117752290702,0.8725588937733029,-4.691253946522021
79.30491971969604,0.9021917035182553,-4.568117752290702,0.8650663003014749,-4.675290056535352
79.3553569316864,0.9021917035182553,-4.568117752290702,0.858006399363604,-4.660122141513244
79.40573072433472,0.9021917035182553,-4.568117752290702,0.8509661760497682,-4.644873899103725
79.45618748664856,0.9021917035182553,-4.568117752290702,0.8439254846049,-4.629501263928629
79.50664210319519,0.9021917035182553,-4.568117752290702,0.8368965354551277,-4.614030236861671
79.55712270736694,0.9021917035182553,-4.568117752290702,0.829875723822795,-4.5984524313204265
79.60865950584412,0.9021917035182553,-4.568117752290702,0.8227204676080673,-4.582447061021115
79.65912508964539,0.9021917035182553,-4.568117752290702,0.8157264364212176,-4.5666751831635795
79.70987176895142,0.9021917035182553,-4.568117752290702,0.8087062296376764,-4.5507168121134836
79.76051473617554,0.9021917035182553,-4.568117752290702,0.8017134544555344,-4.534692764739905
79.81090545654297,0.9021917035182553,-4.568117752290702,0.7947687858631975,-4.518651396222732
79.86129665374756,0.9021917035182553,-4.568117752290702,0.7878375956873795,-4.502513305495914
79.91200828552246,0.9021917035182553,-4.568117752290702,0.7808763070494233,-4.486175428828499
79.96236515045166,0.8135791191009993,-4.337464532252512,0.7739778918117919,-4.4698557248799995
80.01280355453491,0.8135791191009993,-4.337464532252512,0.7670827635735724,-4.453413908064034
80.06323885917664,0.8135791191009993,-4.337464532252512,0.7602028239961647,-4.436877678470264
80.11415982246399,0.8135791191009993,-4.337464532252512,0.7532719156360512,-4.4200857545038685
80.16571068763733,0.8135791191009993,-4.337464532252512,0.7462712208940954,-4.402987736285879
80.21622920036316,0.8135791191009993,-4.337464532252512,0.7394265931332096,-4.386136443513796
80.26671743392944,0.8135791191009993,-4.337464532252512,0.7326020621752483,-4.3692009720435525
80.31745553016663,0.8135791191009993,-4.337464532252512,0.7257601623913708,-4.35208708579273
80.36792778968811,0.8135791191009993,-4.337464532252512,0.7189707209812977,-4.33496912337974
80.41845774650574,0.8135791191009993,-4.337464532252512,0.7121904071105312,-4.317738287315544
80.46893620491028,0.8135791191009993,-4.337464532252512,0.7054341675917308,-4.3004321491438855
80.51959681510925,0.8135791191009993,-4.337464532252512,0.6986710886744572,-4.282970599994177
80.57111692428589,0.8135791191009993,-4.337464532252512,0.6918115915910454,-4.265117660453721
80.62156319618225,0.7321692482999319,-4.100701519033802,0.6851132642415236,-4.247544234006976
80.67199850082397,0.7321692482999319,-4.100701519033802,0.6784346810438793,-4.229883399310095
80.72242259979248,0.7321692482999319,-4.100701519033802,0.6717761469827166,-4.212135662605473
80.77312064170837,0.7321692482999319,-4.100701519033802,0.665100440612818,-4.194200317539061
80.82395935058594,0.7321692482999319,-4.100701519033802,0.6584256336608376,-4.17612376634692
80.87510251998901,0.7321692482999319,-4.100701519033802,0.6517307690666976,-4.1578469476509134
80.92563080787659,0.7321692482999319,-4.100701519033802,0.6451362985045423,-4.139699616165655
80.97614884376526,0.7321692482999319,-4.100701519033802,0.6385632259931038,-4.121466666567457
81.02656817436218,0.7321692482999319,-4.100701519033802,0.6320232754903976,-4.103180688484324
81.07689619064331,0.7321692482999319,-4.100701519033802,0.6255156511817104,-4.0848398787306675
81.12721920013428,0.7321692482999319,-4.100701519033802,0.6190294100776232,-4.066413414943608
81.17755889892578,0.7321692482999319,-4.100701519033802,0.6125620375835736,-4.047893702315482
81.22798371315002,0.7321692482999319,-4.100701519033802,0.6061050809757216,-4.029255686095356
81.27840256690979,0.7321692482999319,-4.100701519033802,0.5996705266882798,-4.010533210841949
81.32872796058655,0.6521237795284887,-3.838274856883268,0.593269749519048,-3.9917594116586352
81.37929821014404,0.6521237795284887,-3.838274856883268,0.586860091305661,-3.9728080835323207
81.42976903915405,0.6521237795284887,-3.838274856883268,0.5804855559326989,-3.953808266965373
81.48009133338928,0.6521237795284887,-3.838274856883268,0.5741524498855628,-3.934779475977714
81.53047561645508,0.6521237795284887,-3.838274856883268,0.5678344877929562,-3.9156427180500843
81.58086371421814,0.6521237795284887,-3.838274856883268,0.5615392760011819,-3.8964203206992973
81.63161492347717,0.6521237795284887,-3.838274856883268,0.5552224494047935,-3.876974700297457
81.6826901435852,0.6521237795284887,-3.838274856883268,0.5488896314030574,-3.857319527151965
81.7332055568695,0.6521237795284887,-3.838274856883268,0.5426505066438851,-3.837795920385286
81.78396439552307,0.6521237795284887,-3.838274856883268,0.5364059078214445,-3.818094642227403
81.8344509601593,0.6521237795284887,-3.838274856883268,0.5302195215410643,-3.798416337173785
81.8851945400238,0.6521237795284887,-3.838274856883268,0.5240267441747037,-3.7785551570919433
81.93562531471252,0.6521237795284887,-3.838274856883268,0.5178973362625983,-3.7587346828789223
81.98620295524597,0.6521237795284887,-3.838274856883268,0.5117755645092288,-3.7387750745657713
82.03730750083923,0.6521237795284887,-3.838274856883268,0.5056162051319886,-3.718525151234092
82.08862042427063,0.5764697509411743,-3.5602461811765087,0.49945848247294045,-3.6981097820969855
82.13944292068481,0.5764697509411743,-3.5602461811765087,0.4933862983365045,-3.6778081105328293
82.18990445137024,0.5764697509411743,-3.5602461811765087,0.4873837734965205,-3.6575708882363287
82.24048066139221,0.5764697509411743,-3.5602461811765087,0.4813943885901537,-3.6372083732940648
82.2908980846405,0.5764697509411743,-3.5602461811765087,0.4754507443947036,-3.6168311974320537
82.34172558784485,0.5764697509411743,-3.5602461811765087,0.4694862329071152,-3.596209288576857
82.39248466491699,0.5764697509411743,-3.5602461811765087,0.46355753584767,-3.5755364293023812
82.44293141365051,0.5764697509411743,-3.5602461811765087,0.457693078163111,-3.55491327458426
82.49494695663452,0.5764697509411743,-3.5602461811765087,0.45167548571903415,-3.533568340665178
82.54535436630249,0.5764697509411743,-3.5602461811765087,0.4458725094643481,-3.5128058397529562
82.59573006629944,0.5764697509411743,-3.5602461811765087,0.4401015272296398,-3.4919806544572927
82.64612698554993,0.5764697509411743,-3.5602461811765087,0.43435670768382817,-3.4710713667933524
82.69650959968567,0.5764697509411743,-3.5602461811765087,0.4286423457854376,-3.4500931407403597
82.74726724624634,0.5764697509411743,-3.5602461811765087,0.4229148350013001,-3.4288835070743504
82.79776239395142,0.5037814777020289,-3.2586675036653188,0.4172464516229155,-3.4077090638635252
82.84875321388245,0.5037814777020289,-3.2586675036653188,0.41155253312758555,-3.386251823240517
82.89918661117554,0.5037814777020289,-3.2586675036653188,0.4059508565603678,-3.364955523191301
82.94977617263794,0.5037814777020289,-3.2586675036653188,0.40036204134132314,-3.3435201735938325
83.00046443939209,0.5037814777020289,-3.2586675036653188,0.3947928986692091,-3.321970025450314
83.051673412323,0.5037814777020289,-3.2586675036653188,0.3891978643276799,-3.3001247920578356
83.1024124622345,0.5037814777020289,-3.2586675036653188,0.3836854552350548,-3.2784074244814736
83.15291833877563,0.5037814777020289,-3.2586675036653188,0.3782295331158565,-3.256718557291382
83.20370674133301,0.5037814777020289,-3.2586675036653188,0.37277466533343295,-3.2348370950123857
83.25560235977173,0.5037814777020289,-3.2586675036653188,0.3672338225723015,-3.2124052719478886
83.3063395023346,0.5037814777020289,-3.2586675036653188,0.36184909415884015,-3.1904030199077305
83.35817432403564,0.5037814777020289,-3.2586675036653188,0.356381213382178,-3.16785257778357
83.40878105163574,0.5037814777020289,-3.2586675036653188,0.3510756209059327,-3.1457665126064027
83.45975756645203,0.5037814777020289,-3.2586675036653188,0.345764190336213,-3.1234497271477135
83.51170992851257,0.436996705029389,-2.937221569581655,0.3403853204686311,-3.1006346321575524
83.56250071525574,0.436996705029389,-2.937221569581655,0.33516035154218704,-3.078260756862065
83.61291432380676,0.436996705029389,-2.937221569581655,0.33000729004053087,-3.05598615791677
83.66329860687256,0.436996705029389,-2.937221569581655,0.32489039382023543,-3.033658423961362
83.71414995193481,0.436996705029389,-2.937221569581655,0.31975989982118636,-3.0110572010765484
83.76492643356323,0.436996705029389,-2.937221569581655,0.3146710905932668,-2.9884230688359223
83.81722855567932,0.436996705029389,-2.937221569581655,0.30946526661162554,-2.965040239631804
83.87003517150879,0.436996705029389,-2.937221569581655,0.30424640633377953,-2.9413617527036475
83.92049932479858,0.436996705029389,-2.937221569581655,0.29929417542100545,-2.9186683040842185
83.97112560272217,0.436996705029389,-2.937221569581655,0.2943607375052628,-2.8958382966970246
84.02176237106323,0.436996705029389,-2.937221569581655,0.289461251981054,-2.872940276024276
84.07232403755188,0.436996705029389,-2.937221569581655,0.28460413712691635,-2.8500135604129104
84.12317037582397,0.436996705029389,-2.937221569581655,0.27975525435987514,-2.826895122086377
84.17377376556396,0.436996705029389,-2.937221569581655,0.27496516447138886,-2.803825276161364
84.22446274757385,0.37862657763161595,-2.611260187449469,0.27020280180433875,-2.7806550306196556
84.27502346038818,0.37862657763161595,-2.611260187449469,0.2654884114265128,-2.757482719082274
84.32540535926819,0.37862657763161595,-2.611260187449469,0.2608265738278579,-2.734332554881221
84.37577795982361,0.37862657763161595,-2.611260187449469,0.25620159488090044,-2.711127477036008
84.42620420455933,0.37862657763161595,-2.611260187449469,0.2516079335871173,-2.687838909125485
84.47661232948303,0.37862657763161595,-2.611260187449469,0.24705235472059695,-2.6645004310203793
84.52716660499573,0.37862657763161595,-2.611260187449469,0.24252033990923705,-2.6410362678970323
84.57752752304077,0.37862657763161595,-2.611260187449469,0.23804245940419833,-2.617604581629201
84.6280665397644,0.37862657763161595,-2.611260187449469,0.23358585336559168,-2.5940330745281477
84.67891454696655,0.37862657763161595,-2.611260187449469,0.229139703456684,-2.570260386361526
84.72934603691101,0.37862657763161595,-2.611260187449469,0.22476751143991924,-2.5466264008948674
84.77977228164673,0.37862657763161595,-2.611260187449469,0.22043333180993585,-2.5229395925777514
84.8302071094513,0.37862657763161595,-2.611260187449469,0.21613615792126994,-2.499193969653608
84.88090443611145,0.37862657763161595,-2.611260187449469,0.21185483862780652,-2.475270057145832
84.93194890022278,0.3283553586144818,-2.280831053298986,0.2075830975442856,-2.4511274503404152
84.98266673088074,0.3283553586144818,-2.280831053298986,0.20337752093503303,-2.4270853158473713
85.03614687919617,0.3283553586144818,-2.280831053298986,0.1989850074142696,-2.4016759972661625
85.08686017990112,0.3283553586144818,-2.280831053298986,0.19485986237231412,-2.3775270500990002
85.13743257522583,0.3283553586144818,-2.280831053298986,0.19078524191065238,-2.353393187493319
85.1882152557373,0.3283553586144818,-2.280831053298986,0.18673310055471593,-2.329107236559953
85.23870730400085,0.3283553586144818,-2.280831053298986,0.18274348144239072,-2.304909399575161
85.28918051719666,0.3283553586144818,-2.280831053298986,0.1787947115188655,-2.280670411059843
85.34010577201843,0.3283553586144818,-2.280831053298986,0.1748506247849524,-2.2561640240190477
85.39061260223389,0.3283553586144818,-2.280831053298986,0.17097883901174038,-2.231809606093812
85.44124960899353,0.3283553586144818,-2.280831053298986,0.16713711808825638,-2.2073435750612562
85.49196314811707,0.3283553586144818,-2.280831053298986,0.16332993621822522,-2.1827920838751265
85.54234647750854,0.3283553586144818,-2.280831053298986,0.15958768198649276,-2.1583529372814434
85.59290480613708,0.3283553586144818,-2.280831053298986,0.1558727993726814,-2.1337818272889195
85.64330768585205,0.2844780430180769,-1.933027959083696,0.15220974391297304,-2.109239852565008
85.69369459152222,0.2844780430180769,-1.933027959083696,0.14858832294343882,-2.084659866968253
85.74420762062073,0.2844780430180769,-1.933027959083696,0.1449986049596701,-2.059972934216269
85.79449534416199,0.2844780430180769,-1.933027959083696,0.14146559031661354,-2.0353514702074342
85.84488034248352,0.2844780430180769,-1.933027959083696,0.13796660475055145,-2.010638238167227
85.89530086517334,0.2844780430180769,-1.933027959083696,0.1345062409886868,-1.9858638850434187
85.94595861434937,0.2844780430180769,-1.933027959083696,0.131071132681706,-1.9609294885014177
85.99672222137451,0.2844780430180769,-1.933027959083696,0.12767075244389536,-1.935899812984906
86.048668384552,0.2844780430180769,-1.933027959083696,0.12423473311468891,-1.9102428930321107
86.09990572929382,0.2844780430180769,-1.933027959083696,0.12088892080153046,-1.884892870763745
86.15037655830383,0.2844780430180769,-1.933027959083696,0.11763536338513436,-1.8598806981081837
86.20076727867126,0.2844780430180769,-1.933027959083696,0.11442888689147734,-1.8348677894478902
86.251473903656,0.2844780430180769,-1.933027959083696,0.11124471904459776,-1.809657835008178
86.30190849304199,0.2844780430180769,-1.933027959083696,0.10811996483322606,-1.7845436359770157
86.35247492790222,0.24771554284106004,-1.56825473132931,0.10502955298595973,-1.7593247898290008
86.40310668945312,0.24771554284106004,-1.56825473132931,0.10197792460043376,-1.7340347932345688
86.4538221359253,0.24771554284106004,-1.56825473132931,0.09896428791972145,-1.7086648599843994
86.50446820259094,0.24771554284106004,-1.56825473132931,0.09599788048118851,-1.6832920976328105
86.55493330955505,0.24771554284106004,-1.56825473132931,0.09308503969710058,-1.6579732350369916
86.60566020011902,0.24771554284106004,-1.56825473132931,0.09020043393156563,-1.6324866106261333
86.65627384185791,0.24771554284106004,-1.56825473132931,0.08736569816577333,-1.6070210473525584
86.70678448677063,0.24771554284106004,-1.56825473132931,0.0845800961255696,-1.5815721712760462
86.7573733329773,0.24771554284106004,-1.56825473132931,0.0818337172091752,-1.5560492707325715
86.80776715278625,0.24771554284106004,-1.56825473132931,0.07914135548357581,-1.5305908664972552
86.85855436325073,0.24771554284106004,-1.56825473132931,0.07647194200882312,-1.504900056596598
86.90938830375671,0.24771554284106004,-1.56825473132931,0.07384438003453564,-1.4791523267132554
86.9598479270935,0.24771554284106004,-1.56825473132931,0.07128011296505088,-1.4535618212202575
87.01048469543457,0.24771554284106004,-1.56825473132931,0.0687509643059081,-1.4278496181019484
87.06085658073425,0.22066875527451438,-1.2061617545095868,0.06627900005888288,-1.4022408088453568
87.1112174987793,0.22066875527451438,-1.2061617545095868,0.06385149921846756,-1.3766071149658539
87.16190767288208,0.22066875527451438,-1.2061617545095868,0.06145257926289194,-1.3507756355657987
87.21224164962769,0.22066875527451438,-1.2061617545095868,0.05911474105521641,-1.3250962571549139
87.26264810562134,0.22066875527451438,-1.2061617545095868,0.05681779555223132,-1.2993510848073029
87.31296634674072,0.22066875527451438,-1.2061617545095868,0.05456913755745285,-1.2736227637256783
87.36385917663574,0.22066875527451438,-1.2061617545095868,0.052339884260154346,-1.2475725528992183
87.41454291343689,0.22066875527451438,-1.2061617545095868,0.05016494031150742,-1.221601858369137
87.4658362865448,0.22066875527451438,-1.2061617545095868,0.048009800698888494,-1.1952914141912059
87.51631188392639,0.22066875527451438,-1.2061617545095868,0.045934248252878174,-1.1693741361530567
87.56672096252441,0.22066875527451438,-1.2061617545095868,0.043906291240850326,-1.1434655381397048
87.6171362400055,0.22066875527451438,-1.2061617545095868,0.04192300607582178,-1.1175288548284472
87.66808700561523,0.22066875527451438,-1.2061617545095868,0.039964379685498486,-1.0912919598316055
87.7185308933258,0.22066875527451438,-1.2061617545095868,0.03807060011328156,-1.0652921646886262
87.76891136169434,0.20205792171104464,-0.8374654672972681,0.036224328260723304,-1.0393018732538764
87.8196051120758,0.20205792171104464,-0.8374654672972681,0.034412171332467434,-1.0131271510767068
87.87020063400269,0.20205792171104464,-0.8374654672972681,0.032649203811801364,-0.9869809006607462
87.92069363594055,0.20205792171104464,-0.8374654672972681,0.030935375450868108,-0.9608660430790821
87.97136068344116,0.20205792171104464,-0.8374654672972681,0.029261466199068664,-0.9346400672715662
88.02220129966736,0.20205792171104464,-0.8374654672972681,0.02762803313663076,-0.9083035817925719
88.07284998893738,0.20205792171104464,-0.8374654672972681,0.026046860895237778,-0.8820465101988074
88.12322473526001,0.20205792171104464,-0.8374654672972681,0.024519939607599905,-0.8559122179538403
88.17359113693237,0.20205792171104464,-0.8374654672972681,0.023038896796846675,-0.8297636435768627
88.2240674495697,0.20205792171104464,-0.8374654672972681,0.021600453380195006,-0.8035399066479338
88.27446484565735,0.20205792171104464,-0.8374654672972681,0.02021009089155079,-0.7773396613679316
88.32513403892517,0.20205792171104464,-0.8374654672972681,0.018858454258810387,-0.7509810563722229
88.37566232681274,0.20205792171104464,-0.8374654672972681,0.01755678667051841,-0.7246792930788211
88.42604517936707,0.20205792171104464,-0.8374654672972681,0.01630486533144726,-0.6984374419127102
88.47651290893555,0.1924235629623985,-0.4663373845719702,0.015096935328596128,-0.6721361463896882
88.5280032157898,0.1924235629623985,-0.4663373845719702,0.013912132041526082,-0.6452868133971816
88.57926774024963,0.1924235629623985,-0.4663373845719702,0.012780336826049954,-0.6185406424811559
88.62992358207703,0.1924235629623985,-0.4663373845719702,0.011708887687134961,-0.5920983478854238
88.68042254447937,0.1924235629623985,-0.4663373845719702,0.010687211870544111,-0.5657249786888272
88.73091435432434,0.1924235629623985,-0.4663373845719702,0.009712095495727269,-0.5393429791174172
88.7814679145813,0.1924235629623985,-0.4663373845719702,0.008782322900353634,-0.5129169049919611
88.83245134353638,0.1924235629623985,-0.4663373845719702,0.00789184304212176,-0.48625474314520656
88.88341617584229,0.1924235629623985,-0.4663373845719702,0.007049097442680008,-0.4595914758920134
88.9346399307251,0.1924235629623985,-0.4663373845719702,0.006249868183249685,-0.4327824360157286
88.98579716682434,0.1924235629623985,-0.4663373845719702,0.005499535716079418,-0.4059984925551002
89.03643465042114,0.1924235629623985,-0.4663373845719702,0.004803958679158171,-0.3794776975316685
89.08706593513489,0.1924235629623985,-0.4663373845719702,0.004155378165134227,-0.35295180757690403
89.13764762878418,0.1924235629623985,-0.4663373845719702,0.003554298951929269,-0.32644415169944285
89.1883327960968,0.19128413573662806,-0.09562160864573993,0.0029990016413736775,-0.2998750867785256
89.23918724060059,0.19128413573662806,-0.09562160864573993,0.002489168170790368,-0.2732106490395263
89.2899329662323,0.19128413573662806,-0.09562160864573993,0.0020276909501157903,-0.2465971761634002
89.34065055847168,0.19128413573662806,-0.09562160864573993,0.00161366496501536,-0.2199930171252882
89.39118933677673,0.19128413573662806,-0.09562160864573993,0.0012480486354999876,-0.19347782846706132
89.44204902648926,0.19128413573662806,-0.09562160864573993,0.0009274401374734786,-0.16678999687552493
89.49260711669922,0.19128413573662806,-0.09562160864573993,0.0006558036143138324,-0.14025675711768051
89.54299926757812,0.19128413573662806,-0.09562160864573993,0.0004317696392219794,-0.11380754376226795
89.5934488773346,0.19128413573662806,-0.09562160864573993,0.00025420330752456977,-0.087325689932093
89.64450192451477,0.19128413573662806,-0.09562160864573993,0.0001221122528010099,-0.06052514375228693
89.6951973438263,0.19128413573662806,-0.09562160864573993,3.833210018289179e-05,-0.03391099613265792
89.74600028991699,0.19128413573662806,-0.09562160864573993,1.7470847546441348e-06,-0.0072396496729620965
89.79645609855652,0.19128413573662806,-0.09562160864573993,1.2351609433025601e-05,0.019249610909705207
89.84683465957642,0.19128413573662806,-0.09562160864573993,6.961073575206811e-05,0.04569789758997419
89.89794087409973,0.19819103510533342,0.2772790732749071,0.00017534483651715504,0.07252717672819535
89.94894099235535,0.19819103510533342,0.2772790732749071,0.0003286953109431501,0.09929913952347567
90.0009138584137,0.19819103510533342,0.2772790732749071,0.000534126151493286,0.1265794534118884
90.05136919021606,0.19819103510533342,0.2772790732749071,0.0007810180961973501,0.1530604218479617
90.10209059715271,0.19819103510533342,0.2772790732749071,0.0010763285823922608,0.1796776684052345
90.15273070335388,0.19819103510533342,0.2772790732749071,0.0014182806227038824,0.20624829663263522
90.20384383201599,0.19819103510533342,0.2772790732749071,0.0018111513525758127,0.23306251671008188
90.25439023971558,0.19819103510533342,0.2772790732749071,0.0022468020820656243,0.2595742996179233
90.30491232872009,0.19819103510533342,0.2772790732749071,0.0027290648354711955,0.2860676448185053
90.35546016693115,0.19819103510533342,0.2772790732749071,0.0032583999012603115,0.3125682268184895
90.40614652633667,0.19819103510533342,0.2772790732749071,0.003836195068021908,0.33913455437130824
90.45661425590515,0.19819103510533342,0.2772790732749071,0.0044582442483283025,0.3655788695943424
90.50735783576965,0.19819103510533342,0.2772790732749071,0.005130696307682925,0.39215967578588806
90.55837154388428,0.19819103510533342,0.2772790732749071,0.005854208244265635,0.41887325390405933
90.610191822052,0.21407187722517623,0.6403892217707509,0.0066378698726365926,0.44599962400724785
90.66083860397339,0.21407187722517623,0.6403892217707509,0.00745119052412857,0.4725017859295639
90.71175646781921,0.21407187722517623,0.6403892217707509,0.008316070018818955,0.4991353219340799
90.76230239868164,0.21407187722517623,0.6403892217707509,0.009221411032867444,0.5255633392767635
90.81366896629333,0.21407187722517623,0.6403892217707509,0.010189161422011317,0.5524086306272058
90.86459922790527,0.21407187722517623,0.6403892217707509,0.011196135809049323,0.5790135633998345
90.91563320159912,0.21407187722517623,0.6403892217707509,0.012252504943243814,0.6056597574964717
90.96688294410706,0.21407187722517623,0.6403892217707509,0.013360989515746269,0.6324050003112553
91.01754808425903,0.21407187722517623,0.6403892217707509,0.014503720084630967,0.6588311672083857
91.06805443763733,0.21407187722517623,0.6403892217707509,0.015689225120126604,0.6851600841133894
91.1195011138916,0.21407187722517623,0.6403892217707509,0.016944335502453,0.7119637832141411
91.17064571380615,0.21407187722517623,0.6403892217707509,0.018239574695290806,0.7385940903844626
91.22151160240173,0.21407187722517623,0.6403892217707509,0.019574674030420347,0.7650628514899638
91.27234983444214,0.21407187722517623,0.6403892217707509,0.020955744508668328,0.7915002674487167
91.32422661781311,0.23911018341046505,1.0070011747903005,0.022413093803526074,0.818459681991155
91.37486386299133,0.23911018341046505,1.0070011747903005,0.023882387192756926,0.8447567277777552
91.42549729347229,0.23911018341046505,1.0070011747903005,0.02539770449564216,0.8710332291297147
91.47769856452942,0.23911018341046505,1.0070011747903005,0.027008175040480698,0.8981033261898717
91.5286750793457,0.23911018341046505,1.0070011747903005,0.028628051717740632,0.9245180618449209
91.57906436920166,0.23911018341046505,1.0070011747903005,0.030275030406956116,0.9506082793354778
91.629474401474,0.23911018341046505,1.0070011747903005,0.03196814524589664,0.9766885386654544
91.68024563789368,0.23911018341046505,1.0070011747903005,0.03371927963769883,1.0029341714672868
91.73195171356201,0.23911018341046505,1.0070011747903005,0.0355499143121456,1.0296402854505127
91.78284478187561,0.23911018341046505,1.0070011747903005,0.03739825863040558,1.0559034500829707
91.83325910568237,0.23911018341046505,1.0070011747903005,0.039274616967579945,1.0818964570796052
91.88387274742126,0.23911018341046505,1.0070011747903005,0.04120377168183342,1.1079685280064298
91.93438172340393,0.23911018341046505,1.0070011747903005,0.043174185130094855,1.1339624400019548
91.98545575141907,0.23911018341046505,1.0070011747903005,0.045212522538045086,1.16022194432728
92.0369131565094,0.2719998073265296,1.3703781643146464,0.047312731148840825,1.1866523366033013
92.08732295036316,0.2719998073265296,1.3703781643146464,0.049415423846843165,1.2125185392329412
92.13770365715027,0.2719998073265296,1.3703781643146464,0.05156155523099226,1.238343443696951
92.1882336139679,0.2719998073265296,1.3703781643146464,0.053758794531620246,1.2642178067046856
92.23867726325989,0.2719998073265296,1.3703781643146464,0.05599689312812206,1.2900203957219674
92.28949856758118,0.2719998073265296,1.3703781643146464,0.05829673128752466,1.3159877249788303
92.3400046825409,0.2719998073265296,1.3703781643146464,0.06062694466782137,1.3417651654656604
92.39042806625366,0.2719998073265296,1.3703781643146464,0.06299763662181945,1.3674711387048777
92.4408311843872,0.2719998073265296,1.3703781643146464,0.06541151201159323,1.3931370211210325
92.4913215637207,0.2719998073265296,1.3703781643146464,0.06787371010952326,1.4188169484486188
92.5419237613678,0.2719998073265296,1.3703781643146464,0.07038558908091286,1.444522669662546
92.59261155128479,0.2719998073265296,1.3703781643146464,0.07294600300983811,1.470240116556287
92.64309644699097,0.2719998073265296,1.3703781643146464,0.07554012148357714,1.4958224702147556
92.69349837303162,0.3102815519117529,1.7013173964582076,0.07817362823918206,1.521330217363081
92.7439239025116,0.3102815519117529,1.7013173964582076,0.08085190741394221,1.5468167968676887
92.79434943199158,0.3102815519117529,1.7013173964582076,0.08357362693734283,1.5722697025910166
92.84486174583435,0.3102815519117529,1.7013173964582076,0.08634347207122817,1.5977320990211834
92.89615249633789,0.3102815519117529,1.7013173964582076,0.08920037549990578,1.6235511801058726
92.94651794433594,0.3102815519117529,1.7013173964582076,0.0920491329295281,1.6488689015067381
92.99690079689026,0.3102815519117529,1.7013173964582076,0.0949417790914886,1.6741595512146161
93.04732084274292,0.3102815519117529,1.7013173964582076,0.09787940210941137,1.6994324562248504
93.09813952445984,0.3102815519117529,1.7013173964582076,0.10088349635055449,1.7248677595612936
93.14864230155945,0.3102815519117529,1.7013173964582076,0.10391180541173695,1.750107182530652
93.1993796825409,0.3102815519117529,1.7013173964582076,0.10699711081477359,1.7754253857450335
93.25092196464539,0.3102815519117529,1.7013173964582076,0.11017528835967161,1.80110519027071
93.30149412155151,0.3102815519117529,1.7013173964582076,0.11333654663768611,1.8262618618920023
93.35213685035706,0.3102815519117529,1.7013173964582076,0.11654466711072242,1.8514135920162262
93.40272426605225,0.35843714513196845,2.0524532298396516,0.1197915627183388,1.8764972937635214
93.45374178886414,0.35843714513196845,2.0524532298396516,0.12310872524267635,1.9017526549191048
93.50451445579529,0.35843714513196845,2.0524532298396516,0.12645236389730208,1.9268447668403315
93.55495262145996,0.35843714513196845,2.0524532298396516,0.12981571466206043,1.9517294989701626
93.60535669326782,0.35843714513196845,2.0524532298396516,0.13321821503918052,1.9765549850092579
93.65608358383179,0.35843714513196845,2.0524532298396516,0.1366841743688565,2.0014961066955363
93.70684456825256,0.35843714513196845,2.0524532298396516,0.14019416244686767,2.02640990179617
93.75741839408875,0.35843714513196845,2.0524532298396516,0.14373254754940312,2.0511874354785697
93.8080849647522,0.35843714513196845,2.0524532298396516,0.14731865117327692,2.075965423417803
93.85880446434021,0.35843714513196845,2.0524532298396516,0.15094968495598904,2.100723658638305
93.90955066680908,0.35843714513196845,2.0524532298396516,0.15462371810294817,2.1254486901668654
93.96026110649109,0.35843714513196845,2.0524532298396516,0.15833606514441279,2.150109555235999
94.0108711719513,0.35843714513196845,2.0524532298396516,0.1620816784479917,2.1746744841789116
94.061532497406,0.35843714513196845,2.0524532298396516,0.16587156646078682,2.1992166097121144
94.112389087677,0.4120152523623512,2.387680754879679,0.16971664023048083,2.223804806021109
94.16276979446411,0.4120152523623512,2.387680754879679,0.17356566458671097,2.2481144564932105
94.21308517456055,0.4120152523623512,2.387680754879679,0.17744920598350689,2.272343918128027
94.26339960098267,0.4120152523623512,2.387680754879679,0.18137199650471558,2.2965237655624255
94.31391286849976,0.4120152523623512,2.387680754879679,0.1853496843706819,2.3207492019774514
94.36441707611084,0.4120152523623512,2.387680754879679,0.1893659571653341,2.3449197161624573
94.41508436203003,0.4120152523623512,2.387680754879679,0.19343451774032738,2.3691169335604068
94.46595811843872,0.4120152523623512,2.387680754879679,0.19755911194163245,2.3933604845934893
94.51695728302002,0.4120152523623512,2.387680754879679,0.2017333815445821,2.417610694194999
94.56790685653687,0.4120152523623512,2.387680754879679,0.2059429162864097,2.441783698785843
94.61834144592285,0.4120152523623512,2.387680754879679,0.21014844015983192,2.4656590594616823
94.66868305206299,0.4120152523623512,2.387680754879679,0.21438427406962468,2.4894369961229637
94.7192018032074,0.4120152523623512,2.387680754879679,0.2186730680393838,2.5132444514916075
94.7699453830719,0.4120152523623512,2.387680754879679,0.22301914725837557,2.5371027318851103
94.82034206390381,0.4728461825814619,2.709657016414498,0.2273732285277026,2.5607427126325812
94.87105655670166,0.4728461825814619,2.709657016414498,0.23179252641985437,2.5844757284558257
94.92253541946411,0.4728461825814619,2.709657016414498,0.2363169817459454,2.6085084227217337
94.97495317459106,0.4728461825814619,2.709657016414498,0.24096366339633057,2.632918812509502
95.02577900886536,0.4728461825814619,2.709657016414498,0.2455072913743317,2.6565289177367584
95.07630705833435,0.4728461825814619,2.709657016414498,0.2500612584960953,2.679942652403066
95.12676620483398,0.4728461825814619,2.709657016414498,0.2546456034118396,2.7032662027964705
95.1771559715271,0.4728461825814619,2.709657016414498,0.2592599438431713,2.7264990879716073
95.2275562286377,0.4728461825814619,2.709657016414498,0.263911340136179,2.7496777380709974
95.2779803276062,0.4728461825814619,2.709657016414498,0.26860086972458586,2.772807736278955
95.32840061187744,0.4728461825814619,2.709657016414498,0.2733257886521243,2.795875865392739
95.37908291816711,0.4728461825814619,2.709657016414498,0.2781110870239418,2.81900278891131
95.4294593334198,0.4728461825814619,2.709657016414498,0.28290290054356326,2.8419289469448654
95.4798653125763,0.4728461825814619,2.709657016414498,0.28773264876728266,2.864807015848768
95.53035616874695,0.5408063942711429,3.0281494214971247,0.2926055515114272,2.8876614007331174
95.58115720748901,0.5408063942711429,3.0281494214971247,0.2975435612121,2.910592857753219
95.63194060325623,0.5408063942711429,3.0281494214971247,0.3025149098375497,2.9334523635932803
95.68292617797852,0.5408063942711429,3.0281494214971247,0.3075410978316695,2.9563380200117484
95.73341202735901,0.5408063942711429,3.0281494214971247,0.3125524166870486,2.9789348426202293
95.78377842903137,0.5408063942711429,3.0281494214971247,0.3175857747291375,3.001413739864411
95.83443236351013,0.5408063942711429,3.0281494214971247,0.322681803302066,3.0239555429520504
95.88487267494202,0.5408063942711429,3.0281494214971247,0.32778994715745213,3.046336605867636
95.93550062179565,0.5408063942711429,3.0281494214971247,0.3329506027908957,3.068734541832961
95.98628664016724,0.5408063942711429,3.0281494214971247,0.3381608839948096,3.091135107211815
96.0372257232666,0.5408063942711429,3.0281494214971247,0.34342036554464617,3.113534987906685
96.08818531036377,0.5408063942711429,3.0281494214971247,0.3487153093502178,3.135875056376105
96.13957691192627,0.5408063942711429,3.0281494214971247,0.354088690990507,3.1583343011964184
96.19692635536194,0.5408063942711429,3.0281494214971247,0.36012450312153277,3.1833134000877537
96.24750900268555,0.6149386145861198,3.3377660294244964,0.3654824604085194,3.205271220050962
96.29808211326599,0.6149386145861198,3.3377660294244964,0.3708713375347079,3.2271551285153013
96.34884095191956,0.6149386145861198,3.3377660294244964,0.3763118814913047,3.249048784198246
96.39988136291504,0.6149386145861198,3.3377660294244964,0.3818145753497775,3.2709920743303824
96.45050501823425,0.6149386145861198,3.3377660294244964,0.3873037746994541,3.292684589325599
96.50216889381409,0.6149386145861198,3.3377660294244964,0.39293780596224703,3.3147488385595274
96.55285811424255,0.6149386145861198,3.3377660294244964,0.39849676832648795,3.3363237114228363
96.60373258590698,0.6149386145861198,3.3377660294244964,0.4041069010667746,3.357904136053497
96.65489983558655,0.6149386145861198,3.3377660294244964,0.40978025744898794,3.379534218801915
96.70742201805115,0.6149386145861198,3.3377660294244964,0.41563586186869284,3.40165883800492
96.7580726146698,0.6149386145861198,3.3377660294244964,0.421313281002313,3.4229195184712307
96.80848526954651,0.6149386145861198,3.3377660294244964,0.4269935006067169,3.4440062136686826
96.85905861854553,0.6149386145861198,3.3377660294244964,0.4327211303005516,3.465085387229241
96.90941834449768,0.6149386145861198,3.3377660294244964,0.43845349278049506,3.486000695416948
96.95979404449463,0.6934860490639964,3.6288970054018366,0.44421631317711663,3.5068474929027404
97.01027083396912,0.6934860490639964,3.6288970054018366,0.45001918707808963,3.527660299882124
97.06074595451355,0.6934860490639964,3.6288970054018366,0.45585014247292355,3.548396082866857
97.11127519607544,0.6934860490639964,3.6288970054018366,0.461715423464482,3.5690772031110884
97.16176724433899,0.6934860490639964,3.6288970054018366,0.4676041985703483,3.5896658111137807
97.21277046203613,0.6934860490639964,3.6288970054018366,0.4735805630444476,3.6103839721866526
97.26384615898132,0.6934860490639964,3.6288970054018366,0.47959333801989246,3.6310516820862553
97.31463241577148,0.6934860490639964,3.6288970054018366,0.48559948392542607,3.6515225576752806
97.36579990386963,0.6934860490639964,3.6288970054018366,0.4916781314820886,3.6720662727576467
97.41667246818542,0.6934860490639964,3.6288970054018366,0.4977487641994993,3.6924107085183646
97.46777033805847,0.6934860490639964,3.6288970054018366,0.503873143595365,3.712763636721838
97.51835703849792,0.6934860490639964,3.6288970054018366,0.5099625150080453,3.732831963246195
97.56891131401062,0.6934860490639964,3.6288970054018366,0.5160738266684275,3.752806490219731
97.61960744857788,0.7691659685150907,3.881855339380737,0.5222279713586815,3.7727553931052817
97.67052268981934,0.7691659685150907,3.881855339380737,0.5284343376356064,3.7927077696364053
97.721675157547,0.7691659685150907,3.881855339380737,0.534695211193295,3.812669176840109
97.7726833820343,0.7691659685150907,3.881855339380737,0.540963701717655,3.8324900969352735
97.82453870773315,0.7691659685150907,3.881855339380737,0.5473618833246956,3.8525535629727496
97.87488293647766,0.7691659685150907,3.881855339380737,0.5535980322765193,3.8719483935061882
97.92528820037842,0.7691659685150907,3.881855339380737,0.5598655733217055,3.8912834467542643
97.97567868232727,0.7691659685150907,3.881855339380737,0.5661548477646603,3.910529122708294
98.02612543106079,0.7691659685150907,3.881855339380737,0.572474486460008,3.9297120522889157
98.07662057876587,0.7691659685150907,3.881855339380737,0.5788233087133983,3.9488285810172266
98.12734413146973,0.7691659685150907,3.881855339380737,0.5852238659143598,3.9679457552699606
98.17799592018127,0.7691659685150907,3.881855339380737,0.591638114870952,3.986949646256435
98.22838568687439,0.7691659685150907,3.881855339380737,0.5980414663841036,4.005769327558997
98.27898788452148,0.7691659685150907,3.881855339380737,0.6044939058013212,4.024581731914742
98.32939100265503,0.8548170879578856,4.142841178092148,0.6109426957715112,4.043233447965459
98.37986350059509,0.8548170879578856,4.142841178092148,0.617421825832726,4.061823766013429
98.43028402328491,0.8548170879578856,4.142841178092148,0.6239154538648912,4.080307557962452
98.48067665100098,0.8548170879578856,4.142841178092148,0.6304263552535403,4.098693476804469
98.53121447563171,0.8548170879578856,4.142841178092148,0.6369766890703681,4.1170439876030525
98.58167243003845,0.8548170879578856,4.142841178092148,0.6435370450971645,4.135276816720333
98.6326515674591,0.8548170879578856,4.142841178092148,0.650185553128581,4.153607601536603
98.68342876434326,0.8548170879578856,4.142841178092148,0.6568278113615866,4.171775093877718
98.73400688171387,0.8548170879578856,4.142841178092148,0.663463671197916,4.1897810120694565
98.78437829017639,0.8548170879578856,4.142841178092148,0.6700916127744796,4.2076233543995105
98.83490681648254,0.8548170879578856,4.142841178092148,0.676759196311135,4.225430758064393
98.88538765907288,0.8548170879578856,4.142841178092148,0.6834391733631513,4.2431303854709075
98.9362223148346,0.8548170879578856,4.142841178092148,0.6901845532643027,4.260861811343217
98.98688268661499,0.8548170879578856,4.142841178092148,0.6969250692602171,4.278439977042341
99.03759217262268,0.9440237573194828,4.390015052426368,0.7036900854928045,4.295942375308819
99.08801627159119,0.9440237573194828,4.390015052426368,0.7104345618287664,4.313253841837787
99.13840317726135,0.9440237573194828,4.390015052426368,0.717191238209306,4.330460117441643
99.18912720680237,0.9440237573194828,4.390015052426368,0.7240101697409695,4.347687842637375
99.24003720283508,0.9440237573194828,4.390015052426368,0.7308710029096077,4.364883869004125
99.29061722755432,0.9440237573194828,4.390015052426368,0.7377038398548463,4.381873975670538
99.34140110015869,0.9440237573194828,4.390015052426368,0.7445804340766651,4.398837477214978
99.3918867111206,0.9440237573194828,4.390015052426368,0.751432453866377,4.41560657121428
99.44264316558838,0.9440237573194828,4.390015052426368,0.7583368274037463,4.432370020784966
99.49317240715027,0.9440237573194828,4.390015052426368,0.7652255260959469,4.44896286700698
99.54359006881714,0.9440237573194828,4.390015052426368,0.7721138638903666,4.465423704099302
99.59405398368835,0.9440237573194828,4.390015052426368,0.7790230781367957,4.481803913989891
99.64441919326782,0.9440237573194828,4.390015052426368,0.7859330016977872,4.498056262642273
99.69481062889099,0.9440237573194828,4.390015052426368,0.7928604456520829,4.514220942629669
99.74519062042236,1.0344371391726677,4.614426784650247,0.7997999385176722,4.530285501940732
99.79560112953186,1.0344371391726677,4.614426784650247,0.8067569678095212,4.546262942194916
99.8463568687439,1.0344371391726677,4.614426784650247,0.8137748107542995,4.562251599358486
99.8979377746582,1.0344371391726677,4.614426784650247,0.8209199684740309,4.578398905082457
99.9490098953247,1.0344371391726677,4.614426784650247,0.8280074622740403,4.59428600524485
99.99944138526917,1.0344371391726677,4.614426784650247,0.8350182558010215,4.609874953225974
100.04980993270874,1.0344371391726677,4.614426784650247,0.8420320970127215,4.625346069680457
100.10030126571655,1.0344371391726677,4.614426784650247,0.8490745637930077,4.640755916582368
100.15075659751892,1.0344371391726677,4.614426784650247,0.856123231769871,4.65605546908607
100.20119071006775,1.0344371391726677,4.614426784650247,0.8631798396109243,4.671249072757211
100.25183916091919,1.0344371391726677,4.614426784650247,0.8702770983547929,4.686406813056565
100.30253100395203,1.0344371391726677,4.614426784650247,0.8773908225926086,4.701476458466079
100.35308241844177,1.0344371391726677,4.614426784650247,0.8844948741066436,4.716403351712394
100.40341806411743,1.0344371391726677,4.614426784650247,0.8915782493780346,4.731166015998583
100.45377707481384,1.1264621096132947,4.819956174694662,0.8986742351470829,4.745834869301733
100.50420594215393,1.1264621096132947,4.819956174694662,0.9057890976222682,4.760422884018476
100.55475234985352,1.1264621096132947,4.819956174694662,0.9129293016117173,4.774943000004191
100.60512351989746,1.1264621096132947,4.819956174694662,0.9200531616187555,4.789311001433492
100.65560030937195,1.1264621096132947,4.819956174694662,0.9272000672902141,4.803606927833494
100.70600390434265,1.1264621096132947,4.819956174694662,0.934344394755052,4.817779756608507
100.75631070137024,1.1264621096132947,4.819956174694662,0.9414824458993323,4.831823090944795
100.80665707588196,1.1264621096132947,4.819956174694662,0.94863324480763,4.845774900437881
100.85702681541443,1.1264621096132947,4.819956174694662,0.9557941877040608,4.859630227554839
100.90733790397644,1.1264621096132947,4.819956174694662,0.9629532928038476,4.873366350600842
100.95770812034607,1.1264621096132947,4.819956174694662,0.9701270041212451,4.887015157123367
101.00822925567627,1.1264621096132947,4.819956174694662,0.9773281151764879,4.900600605306252
101.05917763710022,1.1264621096132947,4.819956174694662,0.9845957898094853,4.91419493679272
101.1095540523529,1.1264621096132947,4.819956174694662,0.9917871474118547,4.927531723824236
101.15992641448975,1.2184937782095968,5.006165158132099,0.998982849224721,4.940762854805831
101.21039390563965,1.2184937782095968,5.006165158132099,1.0061967568818058,4.953913841701759
101.26081991195679,1.2184937782095968,5.006165158132099,1.0134090294726552,4.966948664066011
101.31115913391113,1.2184937782095968,5.006165158132099,1.0206128516176425,4.979855763754252
101.36147975921631,1.2184937782095968,5.006165158132099,1.0278176492170112,4.992652707684435
101.41267132759094,1.2184937782095968,5.006165158132099,1.035150547387041,5.005562767989126
101.46380758285522,1.2184937782095968,5.006165158132099,1.0424786120041178,5.018349502031258
101.51444292068481,1.2184937782095968,5.006165158132099,1.049737604820815,5.030903017327043
101.56564283370972,1.2184937782095968,5.006165158132099,1.05707994287191,5.043487020020123
101.61637353897095,1.2184937782095968,5.006165158132099,1.0643570508687796,5.05584687815554
101.6670069694519,1.2184937782095968,5.006165158132099,1.0716219166181369,5.068074789966468
101.7176764011383,1.2184937782095968,5.006165158132099,1.0788933300134218,5.080202904306079
101.77171206474304,1.2184937782095968,5.006165158132099,1.0866489730130298,5.0930169066903375
101.8248941898346,1.2184937782095968,5.006165158132099,1.0942828892125707,5.105507455163866
101.87528157234192,1.307112523625213,5.165450492855346,1.1015160053596273,5.117230599863266
101.92655348777771,1.307112523625213,5.165450492855346,1.1088761188410547,5.129048424231661
101.97725200653076,1.307112523625213,5.165450492855346,1.1161536086079895,5.14062365280377
102.02792191505432,1.307112523625213,5.165450492855346,1.123426347827781,5.152082412912258
102.07919120788574,1.307112523625213,5.165450492855346,1.1307841230573195,5.163564638307083
102.12998700141907,1.307112523625213,5.165450492855346,1.138072621098617,5.174829419405773
102.18044781684875,1.307112523625213,5.165450492855346,1.1453114168009875,5.185909916061828
102.2311339378357,1.307112523625213,5.165450492855346,1.1525805576055417,5.196929311224368
102.28201532363892,1.307112523625213,5.165450492855346,1.1598753746746422,5.207879489444288
102.33312153816223,1.307112523625213,5.165450492855346,1.1671997371213405,5.218765221982855
102.38368082046509,1.307112523625213,5.165450492855346,1.1744427283615644,5.229422986201655
102.4344482421875,1.307112523625213,5.165450492855346,1.1817122118303232,5.240012872301932
102.48514008522034,1.307112523625213,5.165450492855346,1.1889672128856357,5.250475066413975
102.5357620716095,1.307112523625213,5.165450492855346,1.1962082312579103,5.260811040409609
102.5864040851593,1.3970179582809583,5.308851746229823,1.2034477949984819,5.271039124236281
102.63680672645569,1.3970179582809583,5.308851746229823,1.2106485172993768,5.281107470621141
102.6874692440033,1.3970179582809583,5.308851746229823,1.217881385656262,5.291115559007232
102.73793148994446,1.3970179582809583,5.308851746229823,1.225080364947451,5.30097211392831
102.78846597671509,1.3970179582809583,5.308851746229823,1.2322840185682207,5.310730614480662
102.83918070793152,1.3970179582809583,5.308851746229823,1.2395073641666758,5.320410901021042
102.88985586166382,1.3970179582809583,5.308851746229823,1.2467187305349443,5.329970372596781
102.94131135940552,1.3970179582809583,5.308851746229823,1.254034310714657,5.33956103138394
102.9924647808075,1.3970179582809583,5.308851746229823,1.261299770973815,5.348979338159399
103.04326152801514,1.3970179582809583,5.308851746229823,1.2685071514310493,5.358217308521665
103.0939290523529,1.3970179582809583,5.308851746229823,1.2756884914561661,5.36731778766881
103.14476132392883,1.3970179582809583,5.308851746229823,1.2828851088311315,5.3763332972586575
103.19561529159546,1.3970179582809583,5.308851746229823,1.2900763656733516,5.3852376788360825
103.24613833427429,1.4775137488082228,5.420993548645586,1.2972121371957661,5.393970083891013
103.29657483100891,1.4775137488082228,5.420993548645586,1.3043267118427648,5.402574013856116
103.34705018997192,1.4775137488082228,5.420993548645586,1.3114374583932538,5.411070877972421
103.39774060249329,1.4775137488082228,5.420993548645586,1.3185687907991686,5.419489333055653
103.44837498664856,1.4775137488082228,5.420993548645586,1.3256821890363604,5.427783678482143
103.4990303516388,1.4775137488082228,5.420993548645586,1.3327881443243474,5.435966509855385
103.54989862442017,1.4775137488082228,5.420993548645586,1.3399131676423823,5.444067896984755
103.60051441192627,1.4775137488082228,5.420993548645586,1.3469917461338652,5.4520137223585285
103.65122556686401,1.4775137488082228,5.420993548645586,1.3540722393308409,5.459858999561563
103.70183873176575,1.4775137488082228,5.420993548645586,1.3611273130211048,5.467573696992966
103.7524561882019,1.4775137488082228,5.420993548645586,1.3681709195484455,5.475173601024241
103.80325555801392,1.4775137488082228,5.420993548645586,1.37522736948854,5.482684620445838
103.85407614707947,1.4775137488082228,5.420993548645586,1.3822739254836853,5.4900821782069835
103.90470552444458,1.4775137488082228,5.420993548645586,1.3892808582477338,5.497335820263338
103.95536494255066,1.5609145288277848,5.517977776082493,1.3962785127183661,5.504477685942312
104.0060133934021,1.5609145288277848,5.517977776082493,1.4032608790436227,5.511501817937539
104.05648374557495,1.5609145288277848,5.517977776082493,1.410204658069326,5.518385580534665
104.10698556900024,1.5609145288277848,5.517977776082493,1.4171384090088066,5.525157957238006
104.15740585327148,1.5609145288277848,5.517977776082493,1.4240463036692135,5.531803864169186
104.2078013420105,1.5609145288277848,5.517977776082493,1.4309358298792136,5.538331048047045
104.25842070579529,1.5609145288277848,5.517977776082493,1.4378405593032908,5.5447709354648795
104.3088858127594,1.5609145288277848,5.517977776082493,1.4447085468964596,5.5510750869802825
104.35942506790161,1.5609145288277848,5.517977776082493,1.451570579895581,5.55727222128602
104.41037368774414,1.5609145288277848,5.517977776082493,1.4584716022513242,5.56340168019999
104.46099495887756,1.5609145288277848,5.517977776082493,1.4653114477944011,5.569374462112265
104.51261854171753,1.5609145288277848,5.517977776082493,1.4722690898720596,5.575345008569021
104.56448912620544,1.5609145288277848,5.517977776082493,1.4792417302286773,5.5812214837598475
104.61492156982422,1.5609145288277848,5.517977776082493,1.486003127847467,5.586817086262535
104.66568231582642,1.64258329687812,5.5965691880474,1.4927903581917779,5.592331615932327
104.71611857414246,1.64258329687812,5.5965691880474,1.4995158011508405,5.597694071201063
104.76676201820374,1.64258329687812,5.5965691880474,1.5062500825555194,5.602961319772008
104.81731390953064,1.64258329687812,5.5965691880474,1.5129530798145914,5.608101824026193
104.8680784702301,1.64258329687812,5.5965691880474,1.5196647269712118,5.613146034865533
104.91856074333191,1.64258329687812,5.5965691880474,1.5263192920616873,5.61804495353491
104.96914577484131,1.64258329687812,5.5965691880474,1.5329673040408798,5.6228365140979255
105.01965284347534,1.64258329687812,5.5965691880474,1.5395846654319336,5.627503457846049
105.0703113079071,1.64258329687812,5.5965691880474,1.54620104874749,5.63206667059991
105.12102580070496,1.64258329687812,5.5965691880474,1.5528035361031736,5.636516789341096
105.1716775894165,1.64258329687812,5.5965691880474,1.5593763401952645,5.640843372770133
105.22210431098938,1.64258329687812,5.5965691880474,1.565898244613238,5.645033513483078
105.27259612083435,1.64258329687812,5.5965691880474,1.5724065499880302,5.64911183921496
105.32295274734497,1.64258329687812,5.5965691880474,1.578875159954362,5.653062380560982
105.37327885627747,1.7161399385092329,5.648699659507777,1.5853173030879297,5.656893890996924
105.42400455474854,1.7161399385092329,5.648699659507777,1.5917874577180435,5.66063779803433
105.47468185424805,1.7161399385092329,5.648699659507777,1.5982279102525385,5.664259780971497
105.52521204948425,1.7161399385092329,5.648699659507777,1.6046259227205306,5.66775344305659
105.57614707946777,1.7161399385092329,5.648699659507777,1.6110508649567208,5.6711560184127165
105.6266257762909,1.7161399385092329,5.648699659507777,1.617393816820086,5.6744101387223
105.6772518157959,1.7161399385092329,5.648699659507777,1.6237305289552166,5.677555784850259
105.72839307785034,1.7161399385092329,5.648699659507777,1.6301062253914709,5.680613474759733
105.7792136669159,1.7161399385092329,5.648699659507777,1.636416217544764,5.683532534312079
105.82974648475647,1.7161399385092329,5.648699659507777,1.6426647223601953,5.686316982911092
105.88021898269653,1.7161399385092329,5.648699659507777,1.648879805083137,5.68898056543906
105.93056273460388,1.7161399385092329,5.648699659507777,1.6550528630790058,5.691520326875807
105.9809057712555,1.7161399385092329,5.648699659507777,1.6611993749499359,5.693943176408127
106.03263258934021,1.7161399385092329,5.648699659507777,1.667486940348402,5.696310886834711
106.08340954780579,1.785870195995912,5.6790948544099855,1.6736312146259174,5.698515115054718
106.13384819030762,1.785870195995912,5.6790948544099855,1.6797069254980577,5.700586958118727
106.18425059318542,1.785870195995912,5.6790948544099855,1.6857504466360194,5.702540143687349
106.2348084449768,1.785870195995912,5.6790948544099855,1.6917843423905419,5.7043816969392545
106.28565382957458,1.785870195995912,5.6790948544099855,1.6978236792268924,5.706114894856172
106.33623003959656,1.785870195995912,5.6790948544099855,1.7038019936381343,5.707720714977141
106.38686871528625,1.785870195995912,5.6790948544099855,1.7097583425059617,5.709210432821366
106.44091272354126,1.785870195995912,5.6790948544099855,1.716082483197229,5.71067001364643
106.49134516716003,1.785870195995912,5.6790948544099855,1.7219531584371015,5.711910715595631
106.5420024394989,1.785870195995912,5.6790948544099855,1.7278196992878498,5.713039048793302
106.59246039390564,1.785870195995912,5.6790948544099855,1.733632645749799,5.714045509413694
106.64331436157227,1.785870195995912,5.6790948544099855,1.7394600827488538,5.714941320016981
106.6943826675415,1.785870195995912,5.6790948544099855,1.7452803056601796,5.71572117938995
106.7459020614624,1.785870195995912,5.6790948544099855,1.7511193425520633,5.716386397179574
106.79644894599915,1.8494907047782787,5.687876502828871,1.7568160184952486,5.716920472575818
106.84694218635559,1.8494907047782787,5.687876502828871,1.7624745494837906,5.717336759390811
106.89744853973389,1.8494907047782787,5.687876502828871,1.7681021420119305,5.717635998340855
106.94807624816895,1.8494907047782787,5.687876502828871,1.7737104133044144,5.717818414655085
106.99897336959839,1.8494907047782787,5.687876502828871,1.7793150664107327,5.717883233586003
107.05032801628113,1.8494907047782787,5.687876502828871,1.7849357729251336,5.7178282043432045
107.10127711296082,1.8494907047782787,5.687876502828871,1.7904776975412369,5.717654131377078
107.15211248397827,1.8494907047782787,5.687876502828871,1.7959727904042102,5.717361905060526
107.20260882377625,1.8494907047782787,5.687876502828871,1.8013968447204145,5.7169544664174
107.25315833091736,1.8494907047782787,5.687876502828871,1.806791970974082,5.716429713820769
107.3042893409729,1.8494907047782787,5.687876502828871,1.8122135886092205,5.715780025441267
107.35468363761902,1.8494907047782787,5.687876502828871,1.8175217749845944,5.7150227652871965
107.40513920783997,1.8494907047782787,5.687876502828871,1.8228009871566129,5.714148365170345
107.4556987285614,1.8494907047782787,5.687876502828871,1.8280552111746977,5.713155593624025
107.50638175010681,1.906587907730795,5.673027397062714,1.8332859301470787,5.712043362004968
107.55695390701294,1.906587907730795,5.673027397062714,1.8384686378347912,5.71081685507455
107.60794591903687,1.906587907730795,5.673027397062714,1.8436570786436293,5.7094622187112325
107.65895104408264,1.906587907730795,5.673027397062714,1.8488090811087656,5.707988846668495
107.70929098129272,1.906587907730795,5.673027397062714,1.8538565492141934,5.706418686955692
107.76022624969482,1.906587907730795,5.673027397062714,1.858925645347104,5.704712761806361
107.81084895133972,1.906587907730795,5.673027397062714,1.8639253961347948,5.702900602279984
107.86118698120117,1.906587907730795,5.673027397062714,1.8688589336154946,5.700983370189233
107.91153383255005,1.906587907730795,5.673027397062714,1.873755040463343,5.69895093695493
107.96180844306946,1.906587907730795,5.673027397062714,1.8786056131305047,5.696806897215903
108.0122139453888,1.906587907730795,5.673027397062714,1.8834298898198636,5.694542495898019
108.06265640258789,1.906587907730795,5.673027397062714,1.8882183924486786,5.692161490653776
108.1129789352417,1.906587907730795,5.673027397062714,1.892956034263681,5.689671683663894
108.16348719596863,1.906587907730795,5.673027397062714,1.8976712219657077,5.687057844384489
108.2230007648468,1.9551960255202994,5.635671782840741,1.9031753519019097,5.683830483435176
108.27343320846558,1.9551960255202994,5.635671782840741,1.907795456622325,5.680970825366778
108.32411479949951,1.9551960255202994,5.635671782840741,1.9123972689823907,5.677981871344183
108.37466406822205,1.9551960255202994,5.635671782840741,1.9169457202547375,5.674885849381118
108.42541432380676,1.9551960255202994,5.635671782840741,1.9214704268292597,5.671662243355587
108.47591066360474,1.9551960255202994,5.635671782840741,1.9259306089687036,5.66834026269545
108.52638602256775,1.9551960255202994,5.635671782840741,1.9303468971901647,5.664905653989899
108.57681131362915,1.9551960255202994,5.635671782840741,1.9347165518103564,5.661360775684187
108.6272120475769,1.9551960255202994,5.635671782840741,1.9390415953499065,5.657704227597404
108.67806506156921,1.9551960255202994,5.635671782840741,1.9433621190250336,5.653900113579017
108.72841453552246,1.9551960255202994,5.635671782840741,1.9475966996667846,5.650020254842046
108.77881169319153,1.9551960255202994,5.635671782840741,1.9517920036067766,5.646023861995833
108.82921838760376,1.9551960255202994,5.635671782840741,1.9559445042072385,5.641913919011192
108.87977313995361,1.993019918201264,5.580402336140663,1.9600651302729606,5.637678756710764
108.93018174171448,1.993019918201264,5.580402336140663,1.964129622883247,5.633343172561339
108.98064661026001,1.993019918201264,5.580402336140663,1.968154146317124,5.628890217793178
109.03103876113892,1.993019918201264,5.580402336140663,1.9721281627128513,5.624331490595063
109.08166098594666,1.993019918201264,5.580402336140663,1.976075066920579,5.619639238337015
109.13238668441772,1.993019918201264,5.580402336140663,1.9799842653061206,5.6148242495808045
109.18338871002197,1.993019918201264,5.580402336140663,1.983868286282359,5.609869017506951
109.23411798477173,1.993019918201264,5.580402336140663,1.9876850353862592,5.6048270533156295
109.28469705581665,1.993019918201264,5.580402336140663,1.9914440416746888,5.599687767835448
109.33524823188782,1.993019918201264,5.580402336140663,1.9951543712539457,5.594439504844859
109.3857843875885,1.993019918201264,5.580402336140663,1.9988167612170455,5.589081251226755
109.43632793426514,1.993019918201264,5.580402336140663,2.0024325803769445,5.583610839723901
109.48681354522705,1.993019918201264,5.580402336140663,2.0059969617859923,5.578035693645191
109.53734970092773,1.993019918201264,5.580402336140663,2.0095173115365843,5.572344046442261
109.58792543411255,2.0230389449403843,5.503280757063545,2.0129924757760453,5.566537027988744
109.63903164863586,2.0230389449403843,5.503280757063545,2.016455105464711,5.5605565895366595
109.69092106819153,2.0230389449403843,5.503280757063545,2.019920146573387,5.554368997619634
109.74125480651855,2.0230389449403843,5.503280757063545,2.0232322736488113,5.5482559169508985
109.79172563552856,2.0230389449403843,5.503280757063545,2.0265046828265465,5.542016633774493
109.8486020565033,2.0230389449403843,5.503280757063545,2.0301336078224907,5.534854265326744
109.90096378326416,2.0230389449403843,5.503280757063545,2.033419085216384,5.528137741670497
109.95187616348267,2.0230389449403843,5.503280757063545,2.036562427332968,5.521494579927148
110.0035469532013,2.0230389449403843,5.503280757063545,2.0397007169060153,5.514639223534562
110.05445432662964,2.0230389449403843,5.503280757063545,2.0427412722735294,5.507773817234019
110.10567378997803,2.0230389449403843,5.503280757063545,2.0457487544439026,5.500755022832189
110.15633797645569,2.0230389449403843,5.503280757063545,2.04867234877866,5.493702713020955
110.20694184303284,2.0230389449403843,5.503280757063545,2.0515413009259036,5.486550208500686
110.25946617126465,2.0230389449403843,5.503280757063545,2.054464790326901,5.47901171906459
110.31354403495789,2.0440146044943086,5.406216295971584,2.0574166299292274,5.471128624653938
110.3640878200531,2.0440146044943086,5.406216295971584,2.06012199023691,5.463649375505355
110.41453576087952,2.0440146044943086,5.406216295971584,2.062770359926949,5.456077284032188
110.46495580673218,2.0440146044943086,5.406216295971584,2.065365258813911,5.448402778054096
110.51595783233643,2.0440146044943086,5.406216295971584,2.0679369725639107,5.440531504280581
110.56682801246643,2.0440146044943086,5.406216295971584,2.0704485621256197,5.432572439492085
110.61785078048706,2.0440146044943086,5.406216295971584,2.072913796600692,5.42448126379131
110.66903305053711,2.0440146044943086,5.406216295971584,2.0753322731984825,5.416256138733058
110.72371506690979,2.0440146044943086,5.406216295971584,2.0778555763264643,5.407348643227114
110.77415108680725,2.0440146044943086,5.406216295971584,2.0801272514410836,5.399023213324717
110.82463955879211,2.0440146044943086,5.406216295971584,2.0823475242131755,5.3905840541473395
110.87525153160095,2.0440146044943086,5.406216295971584,2.0845190096540347,5.382018994502454
110.92576909065247,2.0440146044943086,5.406216295971584,2.0866320851234255,5.373365077868563
110.97654867172241,2.0440146044943086,5.406216295971584,2.0887011620183484,5.364560983675477
111.02706813812256,2.0560061248332375,5.2847273502924,2.0907047380508943,5.35569749539509
111.07772779464722,2.0560061248332375,5.2847273502924,2.0926586614583433,5.346705017938187
111.12848782539368,2.0560061248332375,5.2847273502924,2.094560780263973,5.337590143092091
111.1792573928833,2.0560061248332375,5.2847273502924,2.0964072879403775,5.328369114291979
111.22991728782654,2.0560061248332375,5.2847273502924,2.098193794816269,5.319064164966587
111.28039360046387,2.0560061248332375,5.2847273502924,2.0999179639862793,5.30969004400651
111.33092617988586,2.0560061248332375,5.2847273502924,2.10158798533211,5.300202872584627
111.38151121139526,2.0560061248332375,5.2847273502924,2.1032033387509315,5.290603313493983
111.43262314796448,2.0560061248332375,5.2847273502924,2.104777986899916,5.280799847345905
111.48377513885498,2.0560061248332375,5.2847273502924,2.1062957554126402,5.270884412820429
111.53463411331177,2.0560061248332375,5.2847273502924,2.107746978426677,5.260922637223447
111.58548831939697,2.0560061248332375,5.2847273502924,2.1091401777031877,5.2508592589655905
111.63667130470276,2.0560061248332375,5.2847273502924,2.1104837254733995,5.240627589340244
111.68716788291931,2.0560061248332375,5.2847273502924,2.111751380374943,5.230431940720354
111.73866891860962,2.0563162235648833,5.144136919847287,2.1129848308544044,5.2199302593391455
111.7892255783081,2.0563162235648833,5.144136919847287,2.1141370953624796,5.209520056375526
111.83973932266235,2.0563162235648833,5.144136919847287,2.1152302298866132,5.199018961688249
111.89059162139893,2.0563162235648833,5.144136919847287,2.116271779023455,5.188347099431233
111.94136571884155,2.0563162235648833,5.144136919847287,2.1172525563611244,5.177591465208831
111.99268817901611,2.0563162235648833,5.144136919847287,2.1181836400971785,5.166618251216912
112.0433578491211,2.0563162235648833,5.144136919847287,2.119043227115728,5.155684896666694
112.09366488456726,2.0563162235648833,5.144136919847287,2.119837834931312,5.1447320853983
112.14412808418274,2.0563162235648833,5.144136919847287,2.1205758327193096,5.133647775908736
112.19463205337524,2.0563162235648833,5.144136919847287,2.1212550007110824,5.122457055867396
112.24505472183228,2.0563162235648833,5.144136919847287,2.1218735846403414,5.111187405036919
112.29570746421814,2.0563162235648833,5.144136919847287,2.122434956963268,5.099769118924666
112.3463978767395,2.0563162235648833,5.144136919847287,2.1229363258279372,5.088245120298776
112.3967797756195,2.0563162235648833,5.144136919847287,2.123374570861012,5.076695209900295
112.44780945777893,2.0451868629052825,4.9891009471479615,2.123757220306485,5.064899515511716
112.49826455116272,2.0451868629052825,4.9891009471479615,2.1240747992094384,5.053140711560713
112.54916644096375,2.0451868629052825,4.9891009471479615,2.124333789946041,5.041181457565601
112.60019063949585,2.0451868629052825,4.9891009471479615,2.124531332194643,5.029096710210794
112.65093421936035,2.0451868629052825,4.9891009471479615,2.12466597990287,5.016982688543106
112.70170187950134,2.0451868629052825,4.9891009471479615,2.124738837666833,5.004767717004716
112.75219297409058,2.0451868629052825,4.9891009471479615,2.1247497660957446,4.992525179586634
112.80288195610046,2.0451868629052825,4.9891009471479615,2.124698844505055,4.980140597132023
112.85367393493652,2.0451868629052825,4.9891009471479615,2.1245854500645334,4.967636660024809
112.90437006950378,2.0451868629052825,4.9891009471479615,2.124409849049797,4.955062645741581
112.95502257347107,2.0451868629052825,4.9891009471479615,2.124171955772766,4.942406338201499
113.00555896759033,2.0451868629052825,4.9891009471479615,2.1238722461716995,4.929686635635049
113.05671095848083,2.0451868629052825,4.9891009471479615,2.123505291887988,4.91671835413474
113.10818934440613,2.0451868629052825,4.9891009471479615,2.1230712411150803,4.903572582993638
113.15964913368225,2.0224872497006365,4.810186241159978,2.1225722594062812,4.890336942668534
113.21066212654114,2.0224872497006365,4.810186241159978,2.1220132213518705,4.877123216495651
113.26206660270691,2.0224872497006365,4.810186241159978,2.121384888359285,4.863714792705811
113.31258082389832,2.0224872497006365,4.810186241159978,2.1207037186772495,4.850447718719647
113.36332941055298,2.0224872497006365,4.810186241159978,2.1199556381538547,4.837028756924383
113.41400027275085,2.0224872497006365,4.810186241159978,2.119144806343952,4.823540377958199
113.464510679245,2.0224872497006365,4.810186241159978,2.1182728539924627,4.810005604026141
113.51507925987244,2.0224872497006365,4.810186241159978,2.1173360592992467,4.796366489177721
113.56603384017944,2.0224872497006365,4.810186241159978,2.116327364687505,4.782533815908761
113.6166980266571,2.0224872497006365,4.810186241159978,2.1152598391699353,4.768691328723721
113.66724920272827,2.0224872497006365,4.810186241159978,2.11413037918972,4.754791994468567
113.7180905342102,2.0224872497006365,4.810186241159978,2.1129295032654287,4.7407248776666
113.7695586681366,2.0224872497006365,4.810186241159978,2.111647357519632,4.72639483095539
113.82090902328491,2.0224872497006365,4.810186241159978,2.1103013675178404,4.712008231655274
113.87146663665771,1.9873156045600198,4.612612883410727,2.1089108613356147,4.697756932272262
113.92218065261841,1.9873156045600198,4.612612883410727,2.1074508377809664,4.683375408584537
113.97299456596375,1.9873156045600198,4.612612883410727,2.1059223031315586,4.668879419549472
114.02367544174194,1.9873156045600198,4.612612883410727,2.1043322051728124,4.654335890060484
114.07475209236145,1.9873156045600198,4.612612883410727,2.102663318684033,4.639592801131366
114.12547850608826,1.9873156045600198,4.612612883410727,2.1009398101798844,4.624865767305728
114.17607259750366,1.9873156045600198,4.612612883410727,2.099155099273597,4.610093128578564
114.22669839859009,1.9873156045600198,4.612612883410727,2.0973034807573483,4.5952276359138935
114.27710509300232,1.9873156045600198,4.612612883410727,2.0953943809165922,4.580343794749232
114.32794833183289,1.9873156045600198,4.612612883410727,2.093402431497803,4.565247871683519
114.37892413139343,1.9873156045600198,4.612612883410727,2.0913383153752,4.550029129236028
114.42957425117493,1.9873156045600198,4.612612883410727,2.089220859655839,4.534825253107123
114.47999048233032,1.9873156045600198,4.612612883410727,2.087047221951208,4.519610453070262
114.53038311004639,1.9873156045600198,4.612612883410727,2.084808738966462,4.504322290169972
114.58085560798645,1.9398548333509402,4.401889674208997,2.0825006038602494,4.488929640412011
114.63213300704956,1.9398548333509402,4.401889674208997,2.080087811527099,4.4732096851969745
114.68299865722656,1.9398548333509402,4.401889674208997,2.077626730597177,4.457534886266827
114.73372602462769,1.9398548333509402,4.401889674208997,2.075105128377204,4.4418227013213345
114.78415703773499,1.9398548333509402,4.401889674208997,2.0725316313093876,4.426123529138298
114.83458876609802,1.9398548333509402,4.401889674208997,2.0698915748642253,4.410345995659118
114.8850827217102,1.9398548333509402,4.401889674208997,2.0671815259468467,4.394471123922991
114.93563222885132,1.9398548333509402,4.401889674208997,2.064401522532841,4.378501156360653
114.98610424995422,1.9398548333509402,4.401889674208997,2.061558840115812,4.36247859091472
115.03665828704834,1.9398548333509402,4.401889674208997,2.058644403468123,4.346353202278305
115.08712768554688,1.9398548333509402,4.401889674208997,2.0556677448716605,4.330178575131556
115.13876628875732,1.9398548333509402,4.401889674208997,2.052552652391696,4.313550836939596
115.18925786018372,1.9398548333509402,4.401889674208997,2.049438730159771,4.297216201821756
115.23966836929321,1.883200538475491,4.18678385949704,2.046262633932105,4.280833012494668
115.29024052619934,1.883200538475491,4.18678385949704,2.0430088380454996,4.2643226370264085
115.34091448783875,1.883200538475491,4.18678385949704,2.039680593588097,4.247704459689411
115.39135909080505,1.883200538475491,4.18678385949704,2.0362998387342657,4.231087794822197
115.44191265106201,1.883200538475491,4.18678385949704,2.0328440751676693,4.214361895823272
115.4923906326294,1.883200538475491,4.18678385949704,2.029325786046188,4.197588177384297
115.54304885864258,1.883200538475491,4.18678385949704,2.0257268671630175,4.180681840103016
115.59364461898804,1.883200538475491,4.18678385949704,2.022064263291214,4.163724069087487
115.6440372467041,1.883200538475491,4.18678385949704,2.018348634614767,4.146763015441861
115.69440174102783,1.883200538475491,4.18678385949704,2.014567487759517,4.129740705086873
115.74481534957886,1.883200538475491,4.18678385949704,2.010714927200759,4.112631422872841
115.795236825943,1.883200538475491,4.18678385949704,2.0067939382263016,4.095449486793074
115.84605026245117,1.883200538475491,4.18678385949704,2.0027737927284903,4.078063623652347
115.89728856086731,1.883200538475491,4.18678385949704,1.9986501754029726,4.060461330987387
115.948406457901,1.8124355354780346,3.9496028081074384,1.9944662979328522,4.0428297558082305
115.99967384338379,1.8124355354780346,3.9496028081074384,1.9901999649890225,4.02507621396106
116.05006790161133,1.8124355354780346,3.9496028081074384,1.9859377296454381,4.007556837002786
116.10058808326721,1.8124355354780346,3.9496028081074384,1.9815965425355344,3.989926134956822
116.15133690834045,1.8124355354780346,3.9496028081074384,1.9771668355793242,3.9721480729500684
116.20224261283875,1.8124355354780346,3.9496028081074384,1.9726540504543113,3.954247480748904
116.25303530693054,1.8124355354780346,3.9496028081074384,1.9680819891551502,3.9363196380955108
116.30358481407166,1.8124355354780346,3.9496028081074384,1.9634630653028828,3.9184116548459365
116.35419178009033,1.8124355354780346,3.9496028081074384,1.9587701569603102,3.9004178451890907
116.40455961227417,1.8124355354780346,3.9496028081074384,1.9540311104706167,3.8824444740706
116.45508813858032,1.8124355354780346,3.9496028081074384,1.9492084411365247,3.864349475590549
116.50572848320007,1.8124355354780346,3.9496028081074384,1.9443062359702337,3.8461502944757098
116.55632996559143,1.8124355354780346,3.9496028081074384,1.9393389117224102,3.8279014080818383
116.60935616493225,1.8124355354780346,3.9496028081074384,1.9340596604284008,3.80871028579977
116.65983271598816,1.730374510764763,3.702320836149919,1.9289639680907875,3.790377959449637
116.71072101593018,1.730374510764763,3.702320836149919,1.9237573021598666,3.7718334146245964
116.76109433174133,1.730374510764763,3.702320836149919,1.9185346803382446,3.753415025657598
116.81152963638306,1.730374510764763,3.702320836149919,1.9132371976749134,3.7349131246676093
116.86204242706299,1.730374510764763,3.702320836149919,1.907862934303426,3.7163222419384803
116.9124698638916,1.730374510764763,3.702320836149919,1.9024292255427888,3.69770279211645
116.96291160583496,1.730374510764763,3.702320836149919,1.8969254738280994,3.679018573972027
117.01331329345703,1.730374510764763,3.702320836149919,1.8913576611235892,3.660290238064813
117.06403470039368,1.730374510764763,3.702320836149919,1.88568547341212,3.6413840834738536
117.1143970489502,1.730374510764763,3.702320836149919,1.879984901347738,3.6225536630739836
117.16517972946167,1.730374510764763,3.702320836149919,1.8741676042829662,3.6035079373688106
117.21580266952515,1.730374510764763,3.702320836149919,1.8682995055658658,3.584464491473609
117.26639103889465,1.730374510764763,3.702320836149919,1.8623665023545881,3.565377051152777
117.31683015823364,1.730374510764763,3.702320836149919,1.856382430508909,3.546289674778041
117.36740207672119,1.6335971636191895,3.4391163052427642,1.8503138746580012,3.5270961362489266
117.41795182228088,1.6335971636191895,3.4391163052427642,1.8441792210296757,3.5078555503331876
117.46857786178589,1.6335971636191895,3.4391163052427642,1.8379664269263924,3.488530833173167
117.5190749168396,1.6335971636191895,3.4391163052427642,1.8317008111214639,3.4692009122161034
117.56964063644409,1.6335971636191895,3.4391163052427642,1.825357994405618,3.4497907114073816
117.62004613876343,1.6335971636191895,3.4391163052427642,1.8189668972773607,3.4303887194000793
117.6706531047821,1.6335971636191895,3.4391163052427642,1.8124816030165714,3.410856139952211
117.72125935554504,1.6335971636191895,3.4391163052427642,1.8059276404725535,3.3912711803351128
117.77167201042175,1.6335971636191895,3.4391163052427642,1.7993304152513758,3.3717092765200944
117.82299852371216,1.6335971636191895,3.4391163052427642,1.7925435620067993,3.351740081942207
117.87421798706055,1.6335971636191895,3.4391163052427642,1.7857004553055003,3.3317600567980565
117.92495274543762,1.6335971636191895,3.4391163052427642,1.7788528049281165,3.3119179283702516
117.9758312702179,1.6335971636191895,3.4391163052427642,1.7719165243311137,3.2919689220019306
118.02653765678406,1.6335971636191895,3.4391163052427642,1.7649347805213074,3.272037442740452
118.07723331451416,1.6335971636191895,3.4391163052427642,1.7578857656382163,3.252060813629627
118.12762117385864,1.5212615679967212,3.1581802599517412,1.7508114780346165,3.2321570530469863
118.17803692817688,1.5212615679967212,3.1581802599517412,1.7436654016664397,3.212194454094537
118.22867345809937,1.5212615679967212,3.1581802599517412,1.7364197440542175,3.1920967860656244
118.27900791168213,1.5212615679967212,3.1581802599517412,1.729149536836764,3.1720721776436336
118.32982087135315,1.5212615679967212,3.1581802599517412,1.721741731755025,3.151810343627457
118.38029670715332,1.5212615679967212,3.1581802599517412,1.7143150068132693,3.1316368227991527
118.43073272705078,1.5212615679967212,3.1581802599517412,1.7068264376019362,3.111433804832381
118.48147797584534,1.5212615679967212,3.1581802599517412,1.6992237166495792,3.0910616121494012
118.53219366073608,1.5212615679967212,3.1581802599517412,1.691557101205361,3.070656387209007
118.58276915550232,1.5212615679967212,3.1581802599517412,1.6838437225458445,3.0502633696475807
118.63352274894714,1.5212615679967212,3.1581802599517412,1.676035029127824,3.0297546767231704
118.68427896499634,1.5212615679967212,3.1581802599517412,1.6681577247555457,3.0092014899760255
118.73530793190002,1.5212615679967212,3.1581802599517412,1.6601694029326197,2.988494585068645
118.78696060180664,1.5212615679967212,3.1581802599517412,1.6520133823542982,2.967490934195366
118.83754134178162,1.397044248113686,2.871703895283537,1.6439583906698416,2.946881118983924
118.88815927505493,1.397044248113686,2.871703895283537,1.6358299656082684,2.9262150092652126
118.93849277496338,1.397044248113686,2.871703895283537,1.6276803287553996,2.905624721926509
118.98884725570679,1.397044248113686,2.871703895283537,1.6194606359794181,2.8849861373368832
119.03924107551575,1.397044248113686,2.871703895283537,1.6111678544589951,2.8642921624092557
119.0903594493866,1.397044248113686,2.871703895283537,1.6026877904548356,2.843261036811877
119.14087891578674,1.397044248113686,2.871703895283537,1.5942398330143228,2.822437626149936
119.19127988815308,1.397044248113686,2.871703895283537,1.5857451658844242,2.801625241165372
119.24290704727173,1.397044248113686,2.871703895283537,1.576975040942717,2.7802678872354463
119.29457378387451,1.397044248113686,2.871703895283537,1.5681285927772364,2.7588555599554336
119.3455708026886,1.397044248113686,2.871703895283537,1.5593286375687736,2.7376834498134586
119.39624619483948,1.397044248113686,2.871703895283537,1.5505171905546566,2.7166086477546734
119.44686460494995,1.397044248113686,2.871703895283537,1.541649087703368,2.695522015278621
119.49718379974365,1.397044248113686,2.871703895283537,1.532767571676431,2.6745253457063147
119.54773998260498,1.2614335030641552,2.5804933608829437,1.523778228817277,2.653395473706361
119.59855628013611,1.2614335030641552,2.5804933608829437,1.514676080500044,2.6321227441412485
119.64955544471741,1.2614335030641552,2.5804933608829437,1.505474204051064,2.610739571941111
119.70234513282776,1.2614335030641552,2.5804933608829437,1.4958787150471569,2.588570462370201
119.75274705886841,1.2614335030641552,2.5804933608829437,1.4866503977625247,2.567371217313622
119.80318450927734,1.2614335030641552,2.5804933608829437,1.4773503243688269,2.546125397271736
119.85375714302063,1.2614335030641552,2.5804933608829437,1.4679599063557731,2.5247913768142425
119.90413451194763,1.2614335030641552,2.5804933608829437,1.4585407390255933,2.5035091236275324
119.95473051071167,1.2614335030641552,2.5804933608829437,1.4490155137519003,2.482104279883585
120.00520133972168,1.2614335030641552,2.5804933608829437,1.439448899101033,2.4607227228719872
120.05553603172302,1.2614335030641552,2.5804933608829437,1.4298436043638674,2.4393698415601954
120.10602068901062,1.2614335030641552,2.5804933608829437,1.4201451355957868,2.4179247684787204
120.15644359588623,1.2614335030641552,2.5804933608829437,1.4103941268456928,2.3964778763481345
120.20690679550171,1.1223936374353154,2.297389423061659,1.4005710191124012,2.374986295229622
120.25775146484375,1.1223936374353154,2.297389423061659,1.3906087284310757,2.353304899035507
120.30886507034302,1.1223936374353154,2.297389423061659,1.3805281965011398,2.3314816799985607
120.3593819141388,1.1223936374353154,2.297389423061659,1.370500925383,2.3098870368099855
120.4098219871521,1.1223936374353154,2.297389423061659,1.3604251282260427,2.288299728557242
120.4613049030304,1.1223936374353154,2.297389423061659,1.3500754589500037,2.266240382886718
120.5121579170227,1.1223936374353154,2.297389423061659,1.339787553969376,2.2444259595226015
120.56286358833313,1.1223936374353154,2.297389423061659,1.3294654226202978,2.2226505545046664
120.61354470252991,1.1223936374353154,2.297389423061659,1.3190845475941966,2.200862085721617
120.66408658027649,1.1223936374353154,2.297389423061659,1.3086688808722633,2.1791104913463704
120.71440601348877,1.1223936374353154,2.297389423061659,1.2982364025536526,2.157432344091704
120.76479983329773,1.1223936374353154,2.297389423061659,1.2877260046614412,2.1357003798379806
120.81564784049988,1.1223936374353154,2.297389423061659,1.277057648236523,2.1137509927705516
120.86657857894897,1.1223936374353154,2.297389423061659,1.2663084291466666,2.0917447159632063
120.91692924499512,0.9681933105163211,2.002650459074814,1.2556193268033675,2.069968765691763
120.96756744384766,0.9681933105163211,2.002650459074814,1.2448068639806578,2.0480486142069667
121.01833820343018,0.9681933105163211,2.002650459074814,1.233903523462917,2.026051623316305
121.06880521774292,0.9681933105163211,2.002650459074814,1.223003491071535,2.0041674473587525
121.11923551559448,0.9681933105163211,2.002650459074814,1.2120498904199168,1.9822810025409907
121.16964507102966,0.9681933105163211,2.002650459074814,1.2010395300021677,1.9603859045104703
121.2203414440155,0.9681933105163211,2.002650459074814,1.1899049240145032,1.9383489486747951
121.27098512649536,0.9681933105163211,2.002650459074814,1.1787203920921339,1.9163181180820708
121.32177352905273,0.9681933105163211,2.002650459074814,1.1674423514311916,1.8942080171563853
121.37224507331848,0.9681933105163211,2.002650459074814,1.1561737951972664,1.8722201931862565
121.42361831665039,0.9681933105163211,2.002650459074814,1.1446417885770257,1.849824047587353
121.4746880531311,0.9681933105163211,2.002650459074814,1.1331159766930785,1.8275452563580652
121.52510023117065,0.9681933105163211,2.002650459074814,1.1216781943029543,1.8055392176383989
121.57586455345154,0.9681933105163211,2.002650459074814,1.11010009608371,1.783365827523886
121.62617254257202,0.7975939848113797,1.6937698708245998,1.098566453397122,1.7613787810997894
121.67660975456238,0.7975939848113797,1.6937698708245998,1.0869437961605235,1.7393228056248256
121.72716569900513,0.7975939848113797,1.6937698708245998,1.075234299734406,1.7172029155656463
121.77768039703369,0.7975939848113797,1.6937698708245998,1.0634750795394408,1.6950895989151766
121.82802963256836,0.7975939848113797,1.6937698708245998,1.0516956145792302,1.6730378191982191
121.87840533256531,0.7975939848113797,1.6937698708245998,1.039851446970385,1.6509640771760627
121.92877554893494,0.7975939848113797,1.6937698708245998,1.027950254691906,1.6288828799996096
121.97926354408264,0.7975939848113797,1.6937698708245998,1.0159629247362858,1.60674067576245
122.02974939346313,0.7975939848113797,1.6937698708245998,1.003917938591048,1.5845905441754329
122.08016204833984,0.7975939848113797,1.6937698708245998,0.9918325871817602,1.5624641931410073
122.13083338737488,0.7975939848113797,1.6937698708245998,0.9796272037082694,1.5402164336918667
122.18125319480896,0.7975939848113797,1.6937698708245998,0.9674248878291021,1.518071796699537
122.2318823337555,0.7975939848113797,1.6937698708245998,0.955114393902774,1.4958283975381652
122.28258156776428,0.7975939848113797,1.6937698708245998,0.9427293211512493,1.4735478733968725
122.33330392837524,0.6194817398930237,1.386601147137109,0.9302812078211833,1.4512513708910775
122.3839807510376,0.6194817398930237,1.386601147137109,0.9177871684908432,1.4289695997821785
122.43487548828125,0.6194817398930237,1.386601147137109,0.9051821877304183,1.4065872231897454
122.48558402061462,0.6194817398930237,1.386601147137109,0.8925665294391716,1.3842824832013578
122.5363039970398,0.6194817398930237,1.386601147137109,0.8798915461628054,1.36196898637663
122.58682584762573,0.6194817398930237,1.386601147137109,0.8672101529205436,1.339739468605885
122.63721942901611,0.6194817398930237,1.386601147137109,0.854505588207457,1.31756373770125
122.6876118183136,0.6194817398930237,1.386601147137109,0.8417462613937259,1.295386395164532
122.73816990852356,0.6194817398930237,1.386601147137109,0.8288898815809835,1.2731344959901776
122.7886848449707,0.6194817398930237,1.386601147137109,0.8159895963598989,1.2509004706191482
122.83929347991943,0.6194817398930237,1.386601147137109,0.8030106159010102,1.228624597859066
122.89079809188843,0.6194817398930237,1.386601147137109,0.7897458246795761,1.205954262100412
122.94163966178894,0.6194817398930237,1.386601147137109,0.7765966131943771,1.1835762104051661
122.99215245246887,0.4440479429777631,1.0998513964191279,0.7634783876953621,1.1613438218848275
123.04261016845703,0.4440479429777631,1.0998513964191279,0.7503209301806368,1.139137131149809
123.0970709323883,0.4440479429777631,1.0998513964191279,0.7360598754461147,1.1151709013084936
123.14750695228577,0.4440479429777631,1.0998513964191279,0.7227976781897181,1.0929784176222836
123.19792652130127,0.4440479429777631,1.0998513964191279,0.7094871455551028,1.0707961934911434
123.24855160713196,0.4440479429777631,1.0998513964191279,0.6960696389209602,1.0485271016590725
123.2993004322052,0.4440479429777631,1.0998513964191279,0.6825665775917908,1.0262076638020727
123.350266456604,0.4440479429777631,1.0998513964191279,0.6689528265947691,1.0037973369447626
123.40100121498108,0.4440479429777631,1.0998513964191279,0.6553484653481778,0.98149383147011
123.45166301727295,0.4440479429777631,1.0998513964191279,0.6417117807744255,0.9592280206136561
123.502934217453,0.4440479429777631,1.0998513964191279,0.6278585495476312,0.9367006234743962
123.5534155368805,0.4440479429777631,1.0998513964191279,0.6141673969175674,0.9145269312605604
123.60403323173523,0.4440479429777631,1.0998513964191279,0.6003883774445704,0.8923004714647895
123.65493035316467,0.4440479429777631,1.0998513964191279,0.5864821968513403,0.8699590310781784
123.70574760437012,0.24976336796402399,0.7962555173250205,0.5725469997835075,0.8476608838692499
123.75655794143677,0.24976336796402399,0.7962555173250205,0.5585631899492687,0.82537450976058
123.80767154693604,0.24976336796402399,0.7962555173250205,0.5444452418768533,0.8029644515304863
123.85831952095032,0.24976336796402399,0.7962555173250205,0.5304060552069454,0.7807682897223167
123.90971684455872,0.24976336796402399,0.7962555173250205,0.5161087182139079,0.7582541701880772
123.96046781539917,0.24976336796402399,0.7962555173250205,0.5019416147564457,0.7360340123513316
124.0109224319458,0.24976336796402399,0.7962555173250205,0.48780870428396605,0.7139547813283174
124.06168365478516,0.24976336796402399,0.7962555173250205,0.47354136418432446,0.6917531263753984
124.11240530014038,0.24976336796402399,0.7962555173250205,0.45923680277644197,0.6695810571386749
124.16299104690552,0.24976336796402399,0.7962555173250205,0.4449227266043483,0.6474811174906197
124.21336698532104,0.24976336796402399,0.7962555173250205,0.4306208293886229,0.625485963626313
124.26395511627197,0.24976336796402399,0.7962555173250205,0.41621159326029167,0.6034118398936104
124.3143265247345,0.24976336796402399,0.7962555173250205,0.4018174872769533,0.5814463953801376
124.36479258537292,0.24976336796402399,0.7962555173250205,0.3873499976964965,0.5594542914910581
124.41528940200806,0.04466743008797712,0.4892378553592726,0.37282756655777893,0.5374639209895578
124.46637296676636,0.04466743008797712,0.4892378553592726,0.3580897518330657,0.5152339428814372
124.5174355506897,0.04466743008797712,0.4892378553592726,0.34331141987538993,0.4930295943096956
124.56801891326904,0.04466743008797712,0.4892378553592726,0.3286261827849737,0.4710503973880906
124.61864852905273,0.04466743008797712,0.4892378553592726,0.31388237843878297,0.44906830672985065
124.66909503936768,0.04466743008797712,0.4892378553592726,0.2991472875743728,0.4271833248446959
124.71959185600281,0.04466743008797712,0.4892378553592726,0.2843532162687885,0.4052946114172391
124.77010107040405,0.04466743008797712,0.4892378553592726,0.26951149782718664,0.3834191206011286
124.82173252105713,0.04466743008797712,0.4892378553592726,0.2542948455851546,0.36107732154014416
124.87317132949829,0.04466743008797712,0.4892378553592726,0.23908988326759628,0.3388392311541413
124.9239547252655,0.04466743008797712,0.4892378553592726,0.2240348376233272,0.3169049160885633
124.97444462776184,0.04466743008797712,0.4892378553592726,0.20902395848470112,0.2951179760392355
125.02492117881775,0.04466743008797712,0.4892378553592726,0.19397466699323163,0.27335782321713675
125.07541918754578,0.04466743008797712,0.4892378553592726,0.17887689447418564,0.2516099391798441
125.12592267990112,-0.16637294048261966,0.18906657029187043,0.16373570458797815,0.2298817024186648
125.17640447616577,-0.16637294048261966,0.18906657029187043,0.14855958897406696,0.20818527643851148
125.22693228721619,-0.16637294048261966,0.18906657029187043,0.13332848704912692,0.18649205638255006
125.27721071243286,-0.16637294048261966,0.18906657029187043,0.11813201630114989,0.16492920384702825
125.32761001586914,-0.16637294048261966,0.18906657029187043,0.10285874683677987,0.14333830916778534
125.37818098068237,-0.16637294048261966,0.18906657029187043,0.08749326734341167,0.12169830103219037
125.42850923538208,-0.16637294048261966,0.18906657029187043,0.07216189430200615,0.10018691625226595
125.47956681251526,-0.16637294048261966,0.18906657029187043,0.056568281344757665,0.07838953088708855
125.53003883361816,-0.16637294048261966,0.18906657029187043,0.041114176247864176,0.05686807532611238
125.58046913146973,-0.16637294048261966,0.18906657029187043,0.025634129711010978,0.035390647489929705
125.63084077835083,-0.16637294048261966,0.18906657029187043,0.010133788826586887,0.013964846934764186
125.68115377426147,-0.16637294048261966,0.18906657029187043,-0.005386376858972586,-0.007408953430019682
125.7316586971283,-0.16637294048261966,0.18906657029187043,-0.02100347506490552,-0.028836628217485893
125.78247499465942,-0.16637294048261966,0.18906657029187043,-0.036754661182847315,-0.05036796787205278
125.83339619636536,-0.38219053184954876,-0.10326497156730845,-0.05257605154631673,-0.07191466221285658
125.88397121429443,-0.38219053184954876,-0.10326497156730845,-0.06832687502437729,-0.09328557387024139
125.93537044525146,-0.38219053184954876,-0.10326497156730845,-0.08437180117865539,-0.1149743650894588
125.98779273033142,-0.38219053184954876,-0.10326497156730845,-0.1007745580291699,-0.13706278214448098
126.03816819190979,-0.38219053184954876,-0.10326497156730845,-0.11657311393504921,-0.15825776777022438
126.08876347541809,-0.38219053184954876,-0.10326497156730845,-0.13247600781094437,-0.17951420060866208
126.13950252532959,-0.38219053184954876,-0.10326497156730845,-0.14845936036789764,-0.20079932835106518
126.19013810157776,-0.38219053184954876,-0.10326497156730845,-0.1644449727438877,-0.2220089325693655
126.24121356010437,-0.38219053184954876,-0.10326497156730845,-0.1806043657231804,-0.24336981782852862
126.29280376434326,-0.38219053184954876,-0.10326497156730845,-0.1969618330007772,-0.2649118855324357
126.34591460227966,-0.38219053184954876,-0.10326497156730845,-0.2138380130611801,-0.28705260451820536
126.39633703231812,-0.38219053184954876,-0.10326497156730845,-0.22989389746860756,-0.30803802698099414
126.44691514968872,-0.38219053184954876,-0.10326497156730845,-0.24603221695135957,-0.32905396635240836
126.49751448631287,-0.38219053184954876,-0.10326497156730845,-0.26220987381606387,-0.3500439162687261
126.54835319519043,-0.6095232234590503,-0.39852490855186207,-0.2784964984720415,-0.3710976468440337
126.59911823272705,-0.6095232234590503,-0.39852490855186207,-0.29479159172457114,-0.39208488874038605
126.65047764778137,-0.6095232234590503,-0.39852490855186207,-0.3113097049319098,-0.41328080642669685
126.70092964172363,-0.6095232234590503,-0.39852490855186207,-0.3275671653340786,-0.43406549624206336
126.7516987323761,-0.6095232234590503,-0.39852490855186207,-0.3439576346706308,-0.454943615634539
126.80256867408752,-0.6095232234590503,-0.39852490855186207,-0.3604113029696303,-0.4758253253798057
126.85315418243408,-0.6095232234590503,-0.39852490855186207,-0.37680300927765753,-0.4965522274908172
126.9038827419281,-0.6095232234590503,-0.39852490855186207,-0.3932707710432082,-0.5172991933008833
126.95447635650635,-0.6095232234590503,-0.39852490855186207,-0.40972397268815675,-0.5379520764416224
127.00523233413696,-0.6095232234590503,-0.39852490855186207,-0.4262589421941554,-0.5586317668073035
127.0559458732605,-0.6095232234590503,-0.39852490855186207,-0.44280868054620637,-0.579254239818801
127.10799145698547,-0.6095232234590503,-0.39852490855186207,-0.4598224304963212,-0.600376426036831
127.15842413902283,-0.6095232234590503,-0.39852490855186207,-0.4763368606006777,-0.6208030417365005
127.20891332626343,-0.6095232234590503,-0.39852490855186207,-0.49289695417128554,-0.6412116950605631
127.25993323326111,-0.8372253875149511,-0.6806502640662018,-0.5096583356377389,-0.661792918695977
127.31045293807983,-0.8372253875149511,-0.6806502640662018,-0.5262819564604055,-0.6821303724786789
127.36125755310059,-0.8372253875149511,-0.6806502640662018,-0.5430255983406918,-0.7025399497004641
127.41429543495178,-0.8372253875149511,-0.6806502640662018,-0.5605329378689801,-0.7238006742977645
127.46468138694763,-0.8372253875149511,-0.6806502640662018,-0.5771906862211975,-0.7439543681327541
127.51515412330627,-0.8372253875149511,-0.6806502640662018,-0.593901922282067,-0.7640993825141134
127.56567406654358,-0.8372253875149511,-0.6806502640662018,-0.6106532505330478,-0.7842193269447733
127.6163125038147,-0.8372253875149511,-0.6806502640662018,-0.6274680348683273,-0.8043419537876138
127.66798377037048,-0.8372253875149511,-0.6806502640662018,-0.6446503047276337,-0.8248286339780724
127.71857690811157,-0.8372253875149511,-0.6806502640662018,-0.6614976665203662,-0.844842046606828
127.76910090446472,-0.8372253875149511,-0.6806502640662018,-0.6783449109445232,-0.8647824551001526
127.81964874267578,-0.8372253875149511,-0.6806502640662018,-0.6952226148344876,-0.8846862039397978
127.87021040916443,-0.8372253875149511,-0.6806502640662018,-0.7121270608781329,-0.904548885253339
127.92105984687805,-0.8372253875149511,-0.6806502640662018,-0.7291496311784853,-0.9244772817067668
127.97175598144531,-1.0733841463393285,-0.9603384513940877,-0.746142351413184,-0.9442979297684762
128.02284216880798,-1.0733841463393285,-0.9603384513940877,-0.7632870865362911,-0.9642225121556578
128.0736117362976,-1.0733841463393285,-0.9603384513940877,-0.7803463094742122,-0.9839748942993278
128.12426567077637,-1.0733841463393285,-0.9603384513940877,-0.7973868809168678,-1.0036334833035827
128.17614197731018,-1.0733841463393285,-0.9603384513940877,-0.8148591617025609,-1.0237155171486083
128.22671365737915,-1.0733841463393285,-0.9603384513940877,-0.831911577330382,-1.0432424690574225
128.27713990211487,-1.0733841463393285,-0.9603384513940877,-0.8489337530996446,-1.0626636698418668
128.3275761604309,-1.0733841463393285,-0.9603384513940877,-0.8659776811168989,-1.0820387926377777
128.37798237800598,-1.0733841463393285,-0.9603384513940877,-0.88302940817782,-1.101352086411338
128.42839789390564,-1.0733841463393285,-0.9603384513940877,-0.9001018233695004,-1.1206182629020807
128.4787871837616,-1.0733841463393285,-0.9603384513940877,-0.9171824797880381,-1.1398233819485373
128.52917647361755,-1.0733841463393285,-0.9603384513940877,-0.9342798448528695,-1.158977090746013
128.57961773872375,-1.0733841463393285,-0.9603384513940877,-0.9514111690546687,-1.1780986789924355
128.63001108169556,-1.0733841463393285,-0.9603384513940877,-0.9685421148133257,-1.1971498854617093
128.68079113960266,-1.3082470350033226,-1.227406611778396,-0.9858201772627024,-1.2162941081095273
128.73140048980713,-1.3082470350033226,-1.227406611778396,-1.0030553726063887,-1.2353204706685048
128.78219866752625,-1.3082470350033226,-1.227406611778396,-1.0203697272625751,-1.2543637222785629
128.83308148384094,-1.3082470350033226,-1.227406611778396,-1.037727423069692,-1.2733839791986143
128.88408517837524,-1.3082470350033226,-1.227406611778396,-1.0551404805531475,-1.2923940672136016
128.93458557128906,-1.3082470350033226,-1.227406611778396,-1.0723952173481983,-1.3111615818299973
128.98544907569885,-1.3082470350033226,-1.227406611778396,-1.0897871816717495,-1.3300083567887901
129.03590536117554,-1.3082470350033226,-1.227406611778396,-1.107052530994248,-1.348648653987801
129.08623671531677,-1.3082470350033226,-1.227406611778396,-1.1242872399874657,-1.367187267796473
129.1367712020874,-1.3082470350033226,-1.227406611778396,-1.1416032517936996,-1.3857445357780893
129.18759655952454,-1.3082470350033226,-1.227406611778396,-1.1590303743512576,-1.4043514792067369
129.2381021976471,-1.3082470350033226,-1.227406611778396,-1.1763588099973934,-1.422784244008776
129.28845834732056,-1.3082470350033226,-1.227406611778396,-1.1936463881839077,-1.4411053896407413
129.33886075019836,-1.3082470350033226,-1.227406611778396,-1.2109598520913545,-1.4593859480789377
129.38947367668152,-1.5472551199748765,-1.486224924148557,-1.228355277911481,-1.4776846982207779
129.43991661071777,-1.5472551199748765,-1.486224924148557,-1.245701467792107,-1.4958636387515678
129.49038577079773,-1.5472551199748765,-1.486224924148557,-1.263065429130456,-1.5139933769352534
129.54107928276062,-1.5472551199748765,-1.486224924148557,-1.2805149601379278,-1.532144289506051
129.59297037124634,-1.5472551199748765,-1.486224924148557,-1.2983849622211605,-1.5506619474469674
129.6454634666443,-1.5472551199748765,-1.486224924148557,-1.31647029391008,-1.5693301786658067
129.6958522796631,-1.5472551199748765,-1.486224924148557,-1.333837774491433,-1.5871889035292983
129.7462227344513,-1.5472551199748765,-1.486224924148557,-1.3512054747989422,-1.6049808997398594
129.7965977191925,-1.5472551199748765,-1.486224924148557,-1.368580853514081,-1.6227139336764493
129.84692311286926,-1.5472551199748765,-1.486224924148557,-1.3859448045965426,-1.6403686943304296
129.89736223220825,-1.5472551199748765,-1.486224924148557,-1.4033532561383413,-1.6580020191012674
129.9478349685669,-1.5472551199748765,-1.486224924148557,-1.4207781482563064,-1.6755852946033571
129.99861884117126,-1.5472551199748765,-1.486224924148557,-1.4383148990110826,-1.6932142249780555
130.04932165145874,-1.5472551199748765,-1.486224924148557,-1.4558276617458268,-1.7107518972869413
130.10051250457764,-1.7777277604134134,-1.7211397626025844,-1.4735126026418766,-1.7283940537257108
130.15102910995483,-1.7777277604134134,-1.7211397626025844,-1.4909677203453793,-1.745740141821383
130.20149493217468,-1.7777277604134134,-1.7211397626025844,-1.5084079345047057,-1.763005279659429
130.25231313705444,-1.7777277604134134,-1.7211397626025844,-1.5259721521257041,-1.7803264941309869
130.30278420448303,-1.7777277604134134,-1.7211397626025844,-1.5434181573542936,-1.797465018737417
130.35354709625244,-1.7777277604134134,-1.7211397626025844,-1.560966367100348,-1.8146376046529207
130.40402603149414,-1.7777277604134134,-1.7211397626025844,-1.5784172970539512,-1.8316491325227995
130.45465540885925,-1.7777277604134134,-1.7211397626025844,-1.5959206735692473,-1.8486459315557804
130.5053677558899,-1.7777277604134134,-1.7211397626025844,-1.613452726311977,-1.8656045763772107
130.55584597587585,-1.7777277604134134,-1.7211397626025844,-1.6309033851152885,-1.8824190045996727
130.6062376499176,-1.7777277604134134,-1.7211397626025844,-1.6483232314754037,-1.8991386899987628
130.65665936470032,-1.7777277604134134,-1.7211397626025844,-1.6657521273395504,-1.9158021156539475
130.70713710784912,-1.7777277604134134,-1.7211397626025844,-1.6831986085571846,-1.9324173911365041
130.75792169570923,-1.7777277604134134,-1.7211397626025844,-1.7007488951659941,-1.9490660438490202
130.80852699279785,-2.010831557246386,-1.9501603924862176,-1.7182345288855772,-1.9655881412790723
130.8591136932373,-2.010831557246386,-1.9501603924862176,-1.7357106006356364,-1.9820362396632185
130.91583943367004,-2.010831557246386,-1.9501603924862176,-1.755303226905834,-2.0003992731806877
130.96684908866882,-2.010831557246386,-1.9501603924862176,-1.7729171893563063,-2.0168383171456554
131.01761507987976,-2.010831557246386,-1.9501603924862176,-1.7904424273982213,-2.0331293222419067
131.06839609146118,-2.010831557246386,-1.9501603924862176,-1.8079678175031368,-2.049355469812126
131.1189901828766,-2.010831557246386,-1.9501603924862176,-1.8254232389137337,-2.0654522906647457
131.16945004463196,-2.010831557246386,-1.9501603924862176,-1.8428264721869871,-2.081436918561244
131.21992135047913,-2.010831557246386,-1.9501603924862176,-1.8602273314784807,-2.0973554646725425
131.2720115184784,-2.010831557246386,-1.9501603924862176,-1.8781792164820308,-2.113711188049118
131.32254838943481,-2.010831557246386,-1.9501603924862176,-1.895588426783113,-2.1295076359872565
131.37401509284973,-2.010831557246386,-1.9501603924862176,-1.9133100285349678,-2.1455219966371173
131.42720794677734,-2.010831557246386,-1.9501603924862176,-1.9316170926483929,-2.161996028023376
131.47764563560486,-2.010831557246386,-1.9501603924862176,-1.9489670934204655,-2.1775437774215654
131.5280773639679,-2.2436912913792484,-2.1700351508186544,-1.966305987310936,-2.1930183659235114
131.5786235332489,-2.2436912913792484,-2.1700351508186544,-1.9836746880355434,-2.2084562334290214
131.62929725646973,-2.2436912913792484,-2.1700351508186544,-2.001077177520775,-2.2238605947572125
131.6799726486206,-2.2436912913792484,-2.1700351508186544,-2.0184697285999453,-2.2391926323961737
131.73035073280334,-2.2436912913792484,-2.1700351508186544,-2.0357493669601388,-2.2543622583774123
131.78092789649963,-2.2436912913792484,-2.1700351508186544,-2.0530859307666223,-2.269518888805584
131.83143305778503,-2.2436912913792484,-2.1700351508186544,-2.070386003441608,-2.2845807493036925
131.88187766075134,-2.2436912913792484,-2.1700351508186544,-2.087653098438594,-2.299551280086537
131.93233633041382,-2.2436912913792484,-2.1700351508186544,-2.1049123237992706,-2.314452470782343
131.98330330848694,-2.2436912913792484,-2.1700351508186544,-2.1223320742322542,-2.3294288720143737
132.03382444381714,-2.2436912913792484,-2.1700351508186544,-2.1395857525450905,-2.3441997169596105
132.08426713943481,-2.2436912913792484,-2.1700351508186544,-2.1567985895327118,-2.358873328603548
132.1347508430481,-2.2436912913792484,-2.1700351508186544,-2.174010906516262,-2.3734842868568986
132.1854283809662,-2.4577350806439,-2.3596229605649737,-2.191274250342046,-2.3880760521309075
132.23586058616638,-2.4577350806439,-2.3596229605649737,-2.2084385861084583,-2.4025220423884392
132.2865424156189,-2.4577350806439,-2.3596229605649737,-2.2256719095919415,-2.416963780288979
132.33703994750977,-2.4577350806439,-2.3596229605649737,-2.2428261871838964,-2.4312772319978375
132.3874695301056,-2.4577350806439,-2.3596229605649737,-2.2599406107712445,-2.4454957047275676
132.43788647651672,-2.4577350806439,-2.3596229605649737,-2.2770335386372835,-2.459634739498651
132.48891925811768,-2.4577350806439,-2.3596229605649737,-2.294317268577701,-2.4738689803114227
132.53996753692627,-2.4577350806439,-2.3596229605649737,-2.3115876755920866,-2.4880292987135304
132.59077763557434,-2.4577350806439,-2.3596229605649737,-2.3287585913574027,-2.502045602604844
132.64114379882812,-2.4577350806439,-2.3596229605649737,-2.3457604041222466,-2.515862468193113
132.69184970855713,-2.4577350806439,-2.3596229605649737,-2.3628572568073993,-2.52969489348158
132.74250102043152,-2.4577350806439,-2.3596229605649737,-2.379915560229381,-2.543434421985908
132.79329204559326,-2.4577350806439,-2.3596229605649737,-2.3970002409497884,-2.5571333410246804
132.84422302246094,-2.4577350806439,-2.3596229605649737,-2.414110742354244,-2.570790842144376
132.8949191570282,-2.685071676817103,-2.551196109062482,-2.4311207466076263,-2.5843064227277965
132.9454505443573,-2.685071676817103,-2.551196109062482,-2.448053568288712,-2.5976994860508906
132.9960720539093,-2.685071676817103,-2.551196109062482,-2.464994202691472,-2.6110375447625542
133.046719789505,-2.685071676817103,-2.551196109062482,-2.4819207302373902,-2.6243032798169383
133.09722256660461,-2.685071676817103,-2.551196109062482,-2.498775563943262,-2.6374519246650467
133.14759469032288,-2.685071676817103,-2.551196109062482,-2.5155632139868342,-2.650487646267912
133.1981122493744,-2.685071676817103,-2.551196109062482,-2.532375227811033,-2.663481655997459
133.2485044002533,-2.685071676817103,-2.551196109062482,-2.549121002082165,-2.6763640414007903
133.29925322532654,-2.685071676817103,-2.551196109062482,-2.5659601093761464,-2.689257296287905
133.3499195575714,-2.685071676817103,-2.551196109062482,-2.5827461645504264,-2.7020489968610217
133.40071153640747,-2.685071676817103,-2.551196109062482,-2.5995476305551057,-2.7147913924976423
133.45120429992676,-2.685071676817103,-2.551196109062482,-2.6162236439841595,-2.7273781187147845
133.5020890235901,-2.685071676817103,-2.551196109062482,-2.6330019410347525,-2.7399810559103095
133.55255961418152,-2.685071676817103,-2.551196109062482,-2.64961628801115,-2.7524004195916674
133.6029224395752,-2.905930703899115,-2.728322231322315,-2.6661675086351524,-2.7647126682174035
133.65370440483093,-2.905930703899115,-2.728322231322315,-2.682828049872343,-2.7770456821802263
133.70495009422302,-2.905930703899115,-2.728322231322315,-2.699611326111989,-2.789407964043011
133.7569453716278,-2.905930703899115,-2.728322231322315,-2.7166094229141073,-2.8018653054646
133.80744528770447,-2.905930703899115,-2.728322231322315,-2.7330886180346345,-2.8138814997955195
133.85781717300415,-2.905930703899115,-2.728322231322315,-2.7494960851719816,-2.8257856965225217
133.90837025642395,-2.905930703899115,-2.728322231322315,-2.765932047922135,-2.837650675217517
133.95907163619995,-2.905930703899115,-2.728322231322315,-2.7823850540634454,-2.8494677413203693
134.00975847244263,-2.905930703899115,-2.728322231322315,-2.7988016800167625,-2.861198446761631
134.0604178905487,-2.905930703899115,-2.728322231322315,-2.8151773383096192,-2.8728397501155545
134.11080718040466,-2.905930703899115,-2.728322231322315,-2.8314334031632495,-2.8843364473273465
134.16121101379395,-2.905930703899115,-2.728322231322315,-2.8476615080454506,-2.8957539580874068
134.21174597740173,-2.905930703899115,-2.728322231322315,-2.8638985968898183,-2.9071181777723925
134.26240515708923,-2.905930703899115,-2.728322231322315,-2.880141742399647,-2.9184267671024355
134.31299138069153,-3.1167579841357784,-2.885797969080556,-2.8963272194442826,-2.929635432463732
134.36346697807312,-3.1167579841357784,-2.885797969080556,-2.9124427106250876,-2.9407361326867902
134.41384267807007,-3.1167579841357784,-2.885797969080556,-2.9284914096680854,-2.9517316028311495
134.46422147750854,-3.1167579841357784,-2.885797969080556,-2.944505783403294,-2.962644420511813
134.51465702056885,-3.1167579841357784,-2.885797969080556,-2.960502374546545,-2.9734859161458256
134.56502485275269,-3.1167579841357784,-2.885797969080556,-2.976441276050821,-2.9842292259345653
134.61543083190918,-3.1167579841357784,-2.885797969080556,-2.992355573048624,-2.994896866294641
134.66583395004272,-3.1167579841357784,-2.885797969080556,-3.0082318348211525,-3.005479936468176
134.71719098091125,-3.1167579841357784,-2.885797969080556,-3.0243699135688518,-3.0161768010865257
134.76834917068481,-3.1167579841357784,-2.885797969080556,-3.0404062582353166,-3.0267453135395868
134.81986927986145,-3.1167579841357784,-2.885797969080556,-3.0565159894674876,-3.037300767470428
134.87040448188782,-3.1167579841357784,-2.885797969080556,-3.072278237499774,-3.0475686812728444
134.92101979255676,-3.1167579841357784,-2.885797969080556,-3.088025795438947,-3.057767620976467
134.97159600257874,-3.1167579841357784,-2.885797969080556,-3.1037210794752226,-3.067873341341879
135.02230143547058,-3.324508861166254,-3.0305698703783888,-3.1194157696508444,-3.0779191278987277
135.07272577285767,-3.324508861166254,-3.0305698703783888,-3.1349825998687746,-3.0878239570438595
135.12308955192566,-3.324508861166254,-3.0305698703783888,-3.1504896273481364,-3.0976319014627847
135.1734766960144,-3.324508861166254,-3.0305698703783888,-3.1659622981800415,-3.10735928851254
135.22624278068542,-3.324508861166254,-3.0305698703783888,-3.182120456156212,-3.11745456886747
135.27662301063538,-3.324508861166254,-3.0305698703783888,-3.197504567288192,-3.127006043536621
135.3272304534912,-3.324508861166254,-3.0305698703783888,-3.212914884775816,-3.1365145910636527
135.3776707649231,-3.324508861166254,-3.0305698703783888,-3.2282308116562404,-3.1459058644678484
135.42821264266968,-3.324508861166254,-3.0305698703783888,-3.2435335814138075,-3.155229959884744
135.47863268852234,-3.324508861166254,-3.0305698703783888,-3.2587551437076527,-3.164445619716419
135.52933859825134,-3.324508861166254,-3.0305698703783888,-3.2740179223643864,-3.1736268468099196
135.57987332344055,-3.324508861166254,-3.0305698703783888,-3.2891837509711728,-3.182690498100268
135.6304087638855,-3.324508861166254,-3.0305698703783888,-3.3043040094551483,-3.1916677528664716
135.6808214187622,-3.324508861166254,-3.0305698703783888,-3.3193414770049094,-3.200536898581277
135.73128008842468,-3.5200011098299324,-3.1571878368283612,-3.3343461757273483,-3.209327745216168
135.78180408477783,-3.5200011098299324,-3.1571878368283612,-3.349323259938516,-3.218043288999235
135.83261704444885,-3.5200011098299324,-3.1571878368283612,-3.3643380886946446,-3.2267211135109903
135.88315606117249,-3.5200011098299324,-3.1571878368283612,-3.3792238703965896,-3.2352649690569617
135.93390893936157,-3.5200011098299324,-3.1571878368283612,-3.394123931479814,-3.2437574009053716
135.98503494262695,-3.5200011098299324,-3.1571878368283612,-3.4090837375562555,-3.2522234597832296
136.03556084632874,-3.5200011098299324,-3.1571878368283612,-3.423818411045061,-3.260502506147489
136.0863847732544,-3.5200011098299324,-3.1571878368283612,-3.4385898752792055,-3.2687424211854306
136.1369173526764,-3.5200011098299324,-3.1571878368283612,-3.453226393698776,-3.276847569051038
136.18745112419128,-3.5200011098299324,-3.1571878368283612,-3.4678127015641778,-3.2848655614599207
136.23794627189636,-3.5200011098299324,-3.1571878368283612,-3.482336934665113,-3.292790117396188
136.28857016563416,-3.5200011098299324,-3.1571878368283612,-3.496846669599158,-3.3006472110191787
136.33912229537964,-3.5200011098299324,-3.1571878368283612,-3.5112839221085594,-3.308405518105874
136.38952493667603,-3.5200011098299324,-3.1571878368283612,-3.5256264110724316,-3.316053631590968
136.44086122512817,-3.7082808091659154,-3.268666230735804,-3.540180693207026,-3.3237538066161267
136.49169945716858,-3.7082808091659154,-3.268666230735804,-3.554539748556551,-3.3312901049972137
136.5423605442047,-3.7082808091659154,-3.268666230735804,-3.5687948611729556,-3.3387118234333064
136.5945987701416,-3.7082808091659154,-3.268666230735804,-3.5834369478422095,-3.346272216373059
136.64653158187866,-3.7082808091659154,-3.268666230735804,-3.597935802917566,-3.353695395012017
136.69734263420105,-3.7082808091659154,-3.268666230735804,-3.612065432182093,-3.360868434599467
136.74798774719238,-3.7082808091659154,-3.268666230735804,-3.6260933256880397,-3.3679296293307264
136.79867339134216,-3.7082808091659154,-3.268666230735804,-3.640076456874284,-3.3749080602222405
136.84963130950928,-3.7082808091659154,-3.268666230735804,-3.654077814534575,-3.3818347813872336
136.90023612976074,-3.7082808091659154,-3.268666230735804,-3.6679252840531467,-3.3886249681323344
136.9515073299408,-3.7082808091659154,-3.268666230735804,-3.681896876814098,-3.395414562044215
137.0022690296173,-3.7082808091659154,-3.268666230735804,-3.695671471240073,-3.402047409348021
137.05366849899292,-3.7082808091659154,-3.268666230735804,-3.7095597374589095,-3.4086730574195423
137.10415863990784,-3.7082808091659154,-3.268666230735804,-3.7231436965986022,-3.4150927722910716
137.1545855998993,-3.887684297138328,-3.3652614198307096,-3.7366522737522816,-3.421416676989394
137.2051613330841,-3.887684297138328,-3.3652614198307096,-3.750141689589493,-3.427671113493971
137.25575065612793,-3.887684297138328,-3.3652614198307096,-3.7635751944016507,-3.43383892718211
137.3061933517456,-3.887684297138328,-3.3652614198307096,-3.7769100718005233,-3.4399009223064114
137.3566336631775,-3.887684297138328,-3.3652614198307096,-3.7901843130733166,-3.44587481512222
137.40707659721375,-3.887684297138328,-3.3652614198307096,-3.8033988321124896,-3.451761192561463
137.45750045776367,-3.887684297138328,-3.3652614198307096,-3.8165475728343075,-3.4575575627149964
137.50848937034607,-3.887684297138328,-3.3652614198307096,-3.829781454536019,-3.463329640837883
137.55910921096802,-3.887684297138328,-3.3652614198307096,-3.8428572661581226,-3.4689711690774985
137.60962295532227,-3.887684297138328,-3.3652614198307096,-3.8558434108560165,-3.474512707378966
137.66025257110596,-3.887684297138328,-3.3652614198307096,-3.868796533102067,-3.4799785872058506
137.71129155158997,-3.887684297138328,-3.3652614198307096,-3.8817903335691555,-3.485399123112028
137.76190519332886,-3.887684297138328,-3.3652614198307096,-3.894611936566121,-3.490685719616313
137.81237196922302,-3.887684297138328,-3.3652614198307096,-3.907332569978861,-3.495868978500177
137.86281633377075,-4.057084023855582,-3.445981469575593,-3.9199835309934885,-3.5009621402847566
137.91340589523315,-4.057084023855582,-3.445981469575593,-3.9326062264891295,-3.5059818250574475
137.96403884887695,-4.057084023855582,-3.445981469575593,-3.9451744990805833,-3.510917458783826
138.01448035240173,-4.057084023855582,-3.445981469575593,-3.957629950724184,-3.5157465593230235
138.06517791748047,-4.057084023855582,-3.445981469575593,-3.970082567414149,-3.52051182629629
138.11550092697144,-4.057084023855582,-3.445981469575593,-3.982377298275332,-3.5251543221355828
138.1660897731781,-4.057084023855582,-3.445981469575593,-3.9946704280521628,-3.5297334393674045
138.2168252468109,-4.057084023855582,-3.445981469575593,-4.006931784759984,-3.5342373430425758
138.26797127723694,-4.057084023855582,-3.445981469575593,-4.019223644195423,-3.5386880359796438
138.32028126716614,-4.057084023855582,-3.445981469575593,-4.0317234559352295,-3.5431469414080925
138.370911359787,-4.057084023855582,-3.445981469575593,-4.043752320201923,-3.547373056896466
138.42138171195984,-4.057084023855582,-3.445981469575593,-4.055674780827269,-3.55149816424282
138.47198104858398,-4.057084023855582,-3.445981469575593,-4.067558725043947,-3.555545986128725
138.5227324962616,-4.057084023855582,-3.445981469575593,-4.0794086276690615,-3.5595176864240945
138.57339334487915,-4.209450360617762,-3.5070889947707884,-4.091167312014489,-3.5633941597043486
138.62423825263977,-4.209450360617762,-3.5070889947707884,-4.102897953166266,-3.5671962298902242
138.6756501197815,-4.209450360617762,-3.5070889947707884,-4.1146869290264725,-3.570950615712409
138.72626209259033,-4.209450360617762,-3.5070889947707884,-4.126220925186754,-3.5745581685782835
138.77671670913696,-4.209450360617762,-3.5070889947707884,-4.137648020521397,-3.578067245244907
138.8289132118225,-4.209450360617762,-3.5070889947707884,-4.149394585502764,-3.581605844609808
138.8795726299286,-4.209450360617762,-3.5070889947707884,-4.160721884715427,-3.584951200382256
138.9306185245514,-4.209450360617762,-3.5070889947707884,-4.172062135614557,-3.5882334301031387
138.9812343120575,-4.209450360617762,-3.5070889947707884,-4.1832336523176386,-3.591400209249331
139.0330331325531,-4.209450360617762,-3.5070889947707884,-4.194590448989219,-3.5945505656427423
139.0836730003357,-4.209450360617762,-3.5070889947707884,-4.2056186257720265,-3.5975420726292477
139.13406372070312,-4.209450360617762,-3.5070889947707884,-4.216519046290978,-3.6004322162648923
139.1846363544464,-4.209450360617762,-3.5070889947707884,-4.227384745155403,-3.6032459696874195
139.2354154586792,-4.209450360617762,-3.5070889947707884,-4.2382197831821244,-3.6059837763347864
139.2862663269043,-4.3484040605313,-3.551664476562579,-4.248994438509602,-3.608637736065723
139.33685040473938,-4.3484040605313,-3.551664476562579,-4.259637053255981,-3.611190767074797
139.38743138313293,-4.3484040605313,-3.551664476562579,-4.270203356057487,-3.6136569595840857
139.43954586982727,-4.3484040605313,-3.551664476562579,-4.2810105019021965,-3.6161073535422346
139.49014282226562,-4.3484040605313,-3.551664476562579,-4.291425390502862,-3.618398541704453
139.54179072380066,-4.3484040605313,-3.551664476562579,-4.301977427756088,-3.620648147576735
139.59260892868042,-4.3484040605313,-3.551664476562579,-4.3122815200420375,-3.6227737820135255
139.64314770698547,-4.3484040605313,-3.551664476562579,-4.3224514494857305,-3.6248014221715974
139.69371223449707,-4.3484040605313,-3.551664476562579,-4.332548865759318,-3.6267440604097936
139.7442011833191,-4.3484040605313,-3.551664476562579,-4.342553308153716,-3.628598031972939
139.79480528831482,-4.3484040605313,-3.551664476562579,-4.35250213899597,-3.630370343386171
139.8453459739685,-4.3484040605313,-3.551664476562579,-4.362359791423295,-3.632054714361852
139.89584708213806,-4.3484040605313,-3.551664476562579,-4.372130819964708,-3.6336523090948356
139.94670128822327,-4.3484040605313,-3.551664476562579,-4.3818901251996305,-3.6351748634636287
139.99785447120667,-4.47372274696017,-3.5809603740177502,-4.391625434339368,-3.6366192090739964
140.04826378822327,-4.47372274696017,-3.5809603740177502,-4.40113900043253,-3.637957148459842
140.09867429733276,-4.47372274696017,-3.5809603740177502,-4.4105728742288814,-3.639210455617221
140.14909625053406,-4.47372274696017,-3.5809603740177502,-4.419928618632579,-3.6403794715269187
140.19972276687622,-4.47372274696017,-3.5809603740177502,-4.429241223775853,-3.641468250355819
140.25029754638672,-4.47372274696017,-3.5809603740177502,-4.4384628515152755,-3.642471018537977
140.3009262084961,-4.47372274696017,-3.5809603740177502,-4.447612430742388,-3.6433899906757423
140.35145831108093,-4.47372274696017,-3.5809603740177502,-4.456662555644207,-3.644222670950773
140.40267181396484,-4.47372274696017,-3.5809603740177502,-4.4657507993012935,-3.644980537878074
140.45312690734863,-4.47372274696017,-3.5809603740177502,-4.474621524756756,-3.645642611246588
140.5038378238678,-4.47372274696017,-3.5809603740177502,-4.4834539681111085,-3.6462235976069435
140.5544250011444,-4.47372274696017,-3.5809603740177502,-4.492181379632928,-3.6467189550543826
140.60565376281738,-4.47372274696017,-3.5809603740177502,-4.500934187387377,-3.6471350217068075
140.65625071525574,-4.47372274696017,-3.5809603740177502,-4.509494483893515,-3.6474615732220372
140.7068054676056,-4.586652735331721,-3.593955615511706,-4.517963398230245,-3.6477042404239297
140.7580487728119,-4.586652735331721,-3.593955615511706,-4.52646140853773,-3.6478650688419325
140.80942511558533,-4.586652735331721,-3.593955615511706,-4.534893991636953,-3.647940413857767
140.8602283000946,-4.586652735331721,-3.593955615511706,-4.54314604622307,-3.6479304930324457
140.9105887413025,-4.586652735331721,-3.593955615511706,-4.551241034741056,-3.647837952648064
140.96101474761963,-4.586652735331721,-3.593955615511706,-4.55926132134693,-3.647662939072434
141.01147365570068,-4.586652735331721,-3.593955615511706,-4.567201165709893,-3.6474054785403855
141.06238627433777,-4.586652735331721,-3.593955615511706,-4.575125241327296,-3.6470623882289295
141.1130564212799,-4.586652735331721,-3.593955615511706,-4.582924355055132,-3.6466380020315876
141.16365146636963,-4.586652735331721,-3.593955615511706,-4.590624793865999,-3.646131859184938
141.21406388282776,-4.586652735331721,-3.593955615511706,-4.5982105683882795,-3.6455458268879575
141.26457715034485,-4.586652735331721,-3.593955615511706,-4.605724259555699,-3.6448769736036333
141.31525826454163,-4.586652735331721,-3.593955615511706,-4.613174848704726,-3.6441239279496322
141.36567568778992,-4.586652735331721,-3.593955615511706,-4.620498862252179,-3.643293503312572
141.4163408279419,-4.586652735331721,-3.593955615511706,-4.627770350121708,-3.6423774871145693
141.46686601638794,-4.681552756009384,-3.5900676141241705,-4.634933111493053,-3.6413828019994856
141.51728010177612,-4.681552756009384,-3.5900676141241705,-4.641991619236984,-3.6403096594063102
141.5680627822876,-4.681552756009384,-3.5900676141241705,-4.649012079018142,-3.6391474078731814
141.61862707138062,-4.681552756009384,-3.5900676141241705,-4.65591267009094,-3.6379093015107618
141.66918015480042,-4.681552756009384,-3.5900676141241705,-4.662722005163564,-3.6365909995291985
141.7198805809021,-4.681552756009384,-3.5900676141241705,-4.669460805826779,-3.63518822675608
141.7703812122345,-4.681552756009384,-3.5900676141241705,-4.676082804535334,-3.633710898589184
141.82107973098755,-4.681552756009384,-3.5900676141241705,-4.682639885803862,-3.632147574630145
141.8719358444214,-4.681552756009384,-3.5900676141241705,-4.689125613604331,-3.630498844497404
141.92252206802368,-4.681552756009384,-3.5900676141241705,-4.695485510046831,-3.6287790265002453
141.9750576019287,-4.681552756009384,-3.5900676141241705,-4.701993695419237,-3.6269088579725333
142.02547240257263,-4.681552756009384,-3.5900676141241705,-4.708146171429181,-3.625033834542159
142.0760509967804,-4.681552756009384,-3.5900676141241705,-4.714226859277716,-3.623073841309693
142.12642192840576,-4.681552756009384,-3.5900676141241705,-4.720190969024513,-3.6210435733651045
142.17676949501038,-4.759783570347205,-3.569703927497427,-4.726060702970706,-3.6189363400963863
142.22803044319153,-4.759783570347205,-3.569703927497427,-4.731942572657244,-3.616711064699265
142.27936434745789,-4.759783570347205,-3.569703927497427,-4.737737154929983,-3.6144021323522812
142.3299160003662,-4.759783570347205,-3.569703927497427,-4.743349637263111,-3.6120498801428296
142.38035345077515,-4.759783570347205,-3.569703927497427,-4.7488564330899266,-3.609625513261906
142.43078804016113,-4.759783570347205,-3.569703927497427,-4.75426978295305,-3.6071241590165326
142.4812548160553,-4.759783570347205,-3.569703927497427,-4.759593129960745,-3.604544223529924
142.53190898895264,-4.759783570347205,-3.569703927497427,-4.764841998239824,-3.6018774841381225
142.5825080871582,-4.759783570347205,-3.569703927497427,-4.769990657892405,-3.599136620530696
142.63306713104248,-4.759783570347205,-3.569703927497427,-4.775040670911857,-3.596321255010253
142.6841311454773,-4.759783570347205,-3.569703927497427,-4.7800449330614745,-3.5934002015989277
142.73486995697021,-4.759783570347205,-3.569703927497427,-4.7849213482989335,-3.590420765469179
142.78553009033203,-4.759783570347205,-3.569703927497427,-4.789694525642432,-3.587369614495013
142.83611226081848,-4.759783570347205,-3.569703927497427,-4.794364751322305,-3.584247286108602
142.8865134716034,-4.8164263049073135,-3.5359618966949986,-4.798923028213677,-3.5810609464746803
142.93702912330627,-4.8164263049073135,-3.5359618966949986,-4.803396042414395,-3.5777922979833523
142.98765110969543,-4.8164263049073135,-3.5359618966949986,-4.807782231412533,-3.5744416039185674
143.0383415222168,-4.8164263049073135,-3.5359618966949986,-4.812077595708848,-3.5710112183332314
143.0949742794037,-4.8164263049073135,-3.5359618966949986,-4.816761725491613,-3.567090030206715
143.14543509483337,-4.8164263049073135,-3.5359618966949986,-4.820833093569487,-3.563517607891691
143.1959969997406,-4.8164263049073135,-3.5359618966949986,-4.8248157297656675,-3.559864009769031
143.24643540382385,-4.8164263049073135,-3.5359618966949986,-4.828691803358274,-3.5561457531305476
143.29680824279785,-4.8164263049073135,-3.5359618966949986,-4.832466108894634,-3.552359220475281
143.3471975326538,-4.8164263049073135,-3.5359618966949986,-4.836144733877037,-3.548498595034682
143.39780163764954,-4.8164263049073135,-3.5359618966949986,-4.839741293071169,-3.54454842167277
143.4481852054596,-4.8164263049073135,-3.5359618966949986,-4.843224666121994,-3.5405429422170873
143.49855303764343,-4.8164263049073135,-3.5359618966949986,-4.846609505208734,-3.5364666314082243
143.54899787902832,-4.8164263049073135,-3.5359618966949986,-4.849901674606389,-3.5323121003908797
143.5997874736786,-4.855976706700294,-3.4850915790368804,-4.853117226999163,-3.5280566470010286
143.65048480033875,-4.855976706700294,-3.4850915790368804,-4.85622756550175,-3.523736602557358
143.70129442214966,-4.855976706700294,-3.4850915790368804,-4.859244993773315,-3.519334752004996
143.75191116333008,-4.855976706700294,-3.4850915790368804,-4.862151441367437,-3.51487796505799
143.80235815048218,-4.855976706700294,-3.4850915790368804,-4.864949123605138,-3.5103652328274806
143.85312294960022,-4.855976706700294,-3.4850915790368804,-4.8676644639589846,-3.505752889954624
143.90379214286804,-4.855976706700294,-3.4850915790368804,-4.870274515558221,-3.5010782950667725
143.9542942047119,-4.855976706700294,-3.4850915790368804,-4.872776198308201,-3.496348862300022
144.00484442710876,-4.855976706700294,-3.4850915790368804,-4.875180358269832,-3.4915449437339596
144.05539321899414,-4.855976706700294,-3.4850915790368804,-4.8774843296236785,-3.4866714222145907
144.1059250831604,-4.855976706700294,-3.4850915790368804,-4.879687294243599,-3.481730098492912
144.15631985664368,-4.855976706700294,-3.4850915790368804,-4.88178430829157,-3.476733308821508
144.20687699317932,-4.855976706700294,-3.4850915790368804,-4.8837875959964725,-3.4716515809942488
144.2573266029358,-4.855976706700294,-3.4850915790368804,-4.885686141119138,-3.4665122032288314
144.3082332611084,-4.876345087923449,-3.4212778502988987,-4.887499984293357,-3.461257226357728
144.35882997512817,-4.876345087923449,-3.4212778502988987,-4.889201199891046,-3.4559658047964135
144.40953946113586,-4.876345087923449,-3.4212778502988987,-4.890804441021218,-3.450594411448988
144.46046566963196,-4.876345087923449,-3.4212778502988987,-4.89231184829192,-3.4451316541664365
144.5113914012909,-4.876345087923449,-3.4212778502988987,-4.893716187680782,-3.439600682756648
144.56191325187683,-4.876345087923449,-3.4212778502988987,-4.895007412922151,-3.4340464063394553
144.61247420310974,-4.876345087923449,-3.4212778502988987,-4.896197806040085,-3.4284211361315844
144.6629877090454,-4.876345087923449,-3.4212778502988987,-4.897285214717083,-3.4227348030301226
144.71344423294067,-4.876345087923449,-3.4212778502988987,-4.898269612239542,-3.4169889724806057
144.7641031742096,-4.876345087923449,-3.4212778502988987,-4.899155483323044,-3.4111541090993533
144.81474328041077,-4.876345087923449,-3.4212778502988987,-4.89993826818684,-3.4052556293843947
144.8652868270874,-4.876345087923449,-3.4212778502988987,-4.900616985736189,-3.399303103659115
144.9158627986908,-4.876345087923449,-3.4212778502988987,-4.901193435125103,-3.393281759353057
144.96675729751587,-4.876345087923449,-3.4212778502988987,-4.90166967879539,-3.3871571549137536
145.01787304878235,-4.876579463956376,-3.3425863887505645,-4.902043024180758,-3.38094025831253
145.06873869895935,-4.876579463956376,-3.3425863887505645,-4.902309993996241,-3.37468875745064
145.11964583396912,-4.876579463956376,-3.3425863887505645,-4.90247264080948,-3.3683675211886905
145.17046689987183,-4.876579463956376,-3.3425863887505645,-4.902530576723657,-3.361992778838132
145.2214343547821,-4.876579463956376,-3.3425863887505645,-4.902483765095359,-3.355535566161753
145.2721734046936,-4.876579463956376,-3.3425863887505645,-4.90233269082273,-3.3490438294360323
145.3228166103363,-4.876579463956376,-3.3425863887505645,-4.902077850179209,-3.342501523294137
145.3731563091278,-4.876579463956376,-3.3425863887505645,-4.9017214109612475,-3.3359365204619102
145.42372679710388,-4.876579463956376,-3.3425863887505645,-4.9012597106612965,-3.329279582136115
145.47435569763184,-4.876579463956376,-3.3425863887505645,-4.9006933322932325,-3.322553177606888
145.52520966529846,-4.876579463956376,-3.3425863887505645,-4.9000194360145155,-3.315734959816858
145.5759346485138,-4.876579463956376,-3.3425863887505645,-4.8992423192748715,-3.3088725376484813
145.62681698799133,-4.876579463956376,-3.3425863887505645,-4.898357412508286,-3.301927439332567
145.67820835113525,-4.876579463956376,-3.3425863887505645,-4.897356427684935,-3.294850779800813
145.72909331321716,-4.85624095383187,-3.2517470330347136,-4.896259044199914,-3.287782703903487
145.7796185016632,-4.85624095383187,-3.2517470330347136,-4.895064715914403,-3.2807047195205703
145.82997584342957,-4.85624095383187,-3.2517470330347136,-4.893770459817141,-3.273591191992015
145.88030743598938,-4.85624095383187,-3.2517470330347136,-4.8923731429656225,-3.2664227043226504
145.93106651306152,-4.85624095383187,-3.2517470330347136,-4.890858859226421,-3.25913432232763
145.98177790641785,-4.85624095383187,-3.2517470330347136,-4.889240527334577,-3.251793935440323
146.03219628334045,-4.85624095383187,-3.2517470330347136,-4.887526964394464,-3.2444379695792116
146.08278369903564,-4.85624095383187,-3.2517470330347136,-4.885702782093175,-3.236999549634789
146.13341879844666,-4.85624095383187,-3.2517470330347136,-4.8837716140313665,-3.2294964742321497
146.18431210517883,-4.85624095383187,-3.2517470330347136,-4.881724409296519,-3.2218973558735504
146.23475170135498,-4.85624095383187,-3.2517470330347136,-4.879590352885096,-3.214309154954266
146.28554940223694,-4.85624095383187,-3.2517470330347136,-4.877335336026157,-3.2066102345247995
146.33649492263794,-4.85624095383187,-3.2517470330347136,-4.87496705106542,-3.1988319502829152
146.38725662231445,-4.85624095383187,-3.2517470330347136,-4.872500972054478,-3.191025333300002
146.43787503242493,-4.8155295889815095,-3.150677259819177,-4.869936103417386,-3.183185029765396
146.4883599281311,-4.8155295889815095,-3.150677259819177,-4.867272766317468,-3.1753103155413447
146.5389745235443,-4.8155295889815095,-3.150677259819177,-4.8644970395018206,-3.167360475445007
146.58950209617615,-4.8155295889815095,-3.150677259819177,-4.861620630026087,-3.1593698154274756
146.6402838230133,-4.8155295889815095,-3.150677259819177,-4.8586235491635605,-3.151284449104083
146.6910171508789,-4.8155295889815095,-3.150677259819177,-4.855522967584391,-3.1431525582643323
146.74163031578064,-4.8155295889815095,-3.150677259819177,-4.852323763580861,-3.1349862570143325
146.79212951660156,-4.8155295889815095,-3.150677259819177,-4.849026245443463,-3.1267852573043857
146.84243488311768,-4.8155295889815095,-3.150677259819177,-4.845636560270304,-3.1185633523945215
146.8927927017212,-4.8155295889815095,-3.150677259819177,-4.842138525725496,-3.1102808482662567
146.9434700012207,-4.8155295889815095,-3.150677259819177,-4.8385124026177175,-3.1018935912485723
146.99405241012573,-4.8155295889815095,-3.150677259819177,-4.834787112288063,-3.0934701588101996
147.04463815689087,-4.8155295889815095,-3.150677259819177,-4.8309556865818335,-3.0849946799795935
147.0950117111206,-4.8155295889815095,-3.150677259819177,-4.827035086249244,-3.0765039288600753
147.1455056667328,-4.752548862387977,-3.037386399630742,-4.822999696940668,-3.0679423293035493
147.19691443443298,-4.752548862387977,-3.037386399630742,-4.81878275400991,-3.059173977132316
147.24739980697632,-4.752548862387977,-3.037386399630742,-4.814535057375213,-3.050512765584793
147.29817843437195,-4.752548862387977,-3.037386399630742,-4.810156224810905,-3.041751263940239
147.34875798225403,-4.752548862387977,-3.037386399630742,-4.805688410368523,-3.032974634679293
147.3991916179657,-4.752548862387977,-3.037386399630742,-4.801127998838088,-3.0241745087050806
147.4496967792511,-4.752548862387977,-3.037386399630742,-4.796455561523669,-3.0153134051754344
147.5005705356598,-4.752548862387977,-3.037386399630742,-4.791642233978202,-3.0063389251973804
147.55120944976807,-4.752548862387977,-3.037386399630742,-4.78674469311809,-2.9973576848936814
147.60179376602173,-4.752548862387977,-3.037386399630742,-4.781746425500057,-2.9883384863793916
147.65219831466675,-4.752548862387977,-3.037386399630742,-4.77666054489584,-2.979304333102381
147.7026083469391,-4.752548862387977,-3.037386399630742,-4.771468917981491,-2.9702226203660915
147.75448775291443,-4.752548862387977,-3.037386399630742,-4.7660161362040245,-2.9608279288881953
147.80518698692322,-4.752548862387977,-3.037386399630742,-4.760579782574066,-2.9516000234432793
147.85568833351135,-4.671028487707302,-2.916618419006402,-4.75505891497526,-2.942362382560083
147.90607404708862,-4.671028487707302,-2.916618419006402,-4.749445547500914,-2.933100744457108
147.95649981498718,-4.671028487707302,-2.916618419006402,-4.743722597475847,-2.923786951871909
148.00702023506165,-4.671028487707302,-2.916618419006402,-4.737883475186916,-2.914411101581641
148.057621717453,-4.671028487707302,-2.916618419006402,-4.731929231874737,-2.9049758462106983
148.10805463790894,-4.671028487707302,-2.916618419006402,-4.725889548254399,-2.8955282087333125
148.15846872329712,-4.671028487707302,-2.916618419006402,-4.719747115921917,-2.8860407469888743
148.20922994613647,-4.671028487707302,-2.916618419006402,-4.71345635601987,-2.8764445310147515
148.2598738670349,-4.671028487707302,-2.916618419006402,-4.707074147179082,-2.866827434586017
148.31051969528198,-4.671028487707302,-2.916618419006402,-4.700585873051438,-2.857167336606809
148.36107540130615,-4.671028487707302,-2.916618419006402,-4.694003646849133,-2.8474822704343357
148.41247391700745,-4.671028487707302,-2.916618419006402,-4.687203685790514,-2.8375929458388187
148.4632532596588,-4.671028487707302,-2.916618419006402,-4.680378757693205,-2.8277807537226614
148.51367473602295,-4.671028487707302,-2.916618419006402,-4.673496868314068,-2.8179967795508265
148.564062833786,-4.570403925044036,-2.789330989719426,-4.6665150073219674,-2.808178902213489
148.61468052864075,-4.570403925044036,-2.789330989719426,-4.6593961848670125,-2.7982760165704827
148.66505241394043,-4.570403925044036,-2.789330989719426,-4.652207374369654,-2.788381520149845
148.71549654006958,-4.570403925044036,-2.789330989719426,-4.64490379043589,-2.7784335137081557
148.76613521575928,-4.570403925044036,-2.789330989719426,-4.637466962424237,-2.768407937536664
148.8172869682312,-4.570403925044036,-2.789330989719426,-4.629847971977037,-2.758241285760352
148.86783361434937,-4.570403925044036,-2.789330989719426,-4.622213732608827,-2.7481562869026743
148.91826057434082,-4.570403925044036,-2.789330989719426,-4.614493265610432,-2.7380572933267544
148.96867966651917,-4.570403925044036,-2.789330989719426,-4.606669924850425,-2.7279224275919804
149.01980137825012,-4.570403925044036,-2.789330989719426,-4.59863138802408,-2.717608477853236
149.07038259506226,-4.570403925044036,-2.789330989719426,-4.590572706381988,-2.707366446211657
149.12086629867554,-4.570403925044036,-2.789330989719426,-4.582425374217976,-2.697107713136766
149.17125988006592,-4.570403925044036,-2.789330989719426,-4.574188867435975,-2.686831354739958
149.22171473503113,-4.570403925044036,-2.789330989719426,-4.565838621432514,-2.67650690452083
149.2721483707428,-4.446719557156765,-2.6509925732478457,-4.5573882587582055,-2.66615157632277
149.32347083091736,-4.446719557156765,-2.6509925732478457,-4.5486827075870435,-2.65557798928628
149.37416410446167,-4.446719557156765,-2.6509925732478457,-4.539978755721402,-2.6450990030172306
149.42450404167175,-4.446719557156765,-2.6509925732478457,-4.53123218514817,-2.6346589892673267
149.47501635551453,-4.446719557156765,-2.6509925732478457,-4.522352314409719,-2.624149482914171
149.52562355995178,-4.446719557156765,-2.6509925732478457,-4.513352051373016,-2.6135867183399117
149.5762219429016,-4.446719557156765,-2.6509925732478457,-4.504249686356645,-2.602992639111769
149.62666034698486,-4.446719557156765,-2.6509925732478457,-4.495073042205281,-2.5923994403092885
149.6773238182068,-4.446719557156765,-2.6509925732478457,-4.485751980380552,-2.581726573561631
149.72821283340454,-4.446719557156765,-2.6509925732478457,-4.476285149070637,-2.5709738929202595
149.77965664863586,-4.446719557156765,-2.6509925732478457,-4.466609013335647,-2.5600714794276316
149.8301227092743,-4.446719557156765,-2.6509925732478457,-4.457013260671852,-2.5493449128903527
149.8805730342865,-4.446719557156765,-2.6509925732478457,-4.4473181429374105,-2.5385910232988484
149.9310495853424,-4.446719557156765,-2.6509925732478457,-4.437515692063085,-2.527801238800637
149.98156023025513,-4.303873751036962,-2.507018872418657,-4.427604327210096,-2.5169742063649925
150.03209114074707,-4.303873751036962,-2.507018872418657,-4.417586729920981,-2.5061132257388903
150.0830807685852,-4.303873751036962,-2.507018872418657,-4.407374658297206,-2.4951240260017022
150.13444113731384,-4.303873751036962,-2.507018872418657,-4.396983339622225,-2.4840252415793165
150.18495655059814,-4.303873751036962,-2.507018872418657,-4.386660327084721,-2.4730803806989345
150.2356595993042,-4.303873751036962,-2.507018872418657,-4.376196752793967,-2.4620666669227456
150.28632187843323,-4.303873751036962,-2.507018872418657,-4.365639455872218,-2.451033980464409
150.3367578983307,-4.303873751036962,-2.507018872418657,-4.355028044906449,-2.4400233208840216
150.3874430656433,-4.303873751036962,-2.507018872418657,-4.344262580782299,-2.428931272010532
150.43847680091858,-4.303873751036962,-2.507018872418657,-4.333320300608874,-2.417735991716941
150.48978233337402,-4.303873751036962,-2.507018872418657,-4.322215948171424,-2.406454229745913
150.54138326644897,-4.303873751036962,-2.507018872418657,-4.310942857090813,-2.395080757790603
150.59193968772888,-4.303873751036962,-2.507018872418657,-4.29979618857608,-2.3839118843638945
150.64249420166016,-4.303873751036962,-2.507018872418657,-4.288549384223326,-2.372718461744756
150.69278383255005,-4.145541799125779,-2.3617232394787133,-4.277261908357538,-2.361559297795994
150.74338626861572,-4.145541799125779,-2.3617232394787133,-4.26580412623701,-2.350306556988431
150.7938117980957,-4.145541799125779,-2.3617232394787133,-4.2542866904737435,-2.3390694280401716
150.84414076805115,-4.145541799125779,-2.3617232394787133,-4.242692232913109,-2.3278305833369397
150.89457273483276,-4.145541799125779,-2.3617232394787133,-4.230974938140777,-2.3165458410859765
150.94530630111694,-4.145541799125779,-2.3617232394787133,-4.219087648391369,-2.3051708753214
150.99586415290833,-4.145541799125779,-2.3617232394787133,-4.2071420136028514,-2.2938130096563656
151.04628777503967,-4.145541799125779,-2.3617232394787133,-4.195129330363605,-2.282463516790991
151.09672737121582,-4.145541799125779,-2.3617232394787133,-4.183014348891634,-2.2710890516135014
151.1489269733429,-4.145541799125779,-2.3617232394787133,-4.170373112590356,-2.2592955926777796
151.19954109191895,-4.145541799125779,-2.3617232394787133,-4.15801548418583,-2.247839276600201
151.25061750411987,-4.145541799125779,-2.3617232394787133,-4.145445025992928,-2.236257697663528
151.30125737190247,-4.145541799125779,-2.3617232394787133,-4.132883076859393,-2.2247550458043994
151.35181045532227,-4.145541799125779,-2.3617232394787133,-4.1202446059038085,-2.213252575803483
151.4029517173767,-3.965198906653842,-2.208891955462624,-4.107359613457227,-2.201596817824184
151.4537615776062,-3.965198906653842,-2.208891955462624,-4.094459247638075,-2.18999760634476
151.50454115867615,-3.965198906653842,-2.208891955462624,-4.081468320966945,-2.1783867971195168
151.55538606643677,-3.965198906653842,-2.208891955462624,-4.068362487095731,-2.1667429060284387
151.60893392562866,-3.965198906653842,-2.208891955462624,-4.054453944726324,-2.154460822872531
151.66091227531433,-3.965198906653842,-2.208891955462624,-4.040849302894241,-2.1425203288411208
151.71130967140198,-3.965198906653842,-2.208891955462624,-4.02756107664055,-2.130926104805895
151.76330399513245,-3.965198906653842,-2.208891955462624,-4.0137515453555395,-2.118947464354647
151.81402277946472,-3.965198906653842,-2.208891955462624,-4.000182930918831,-2.1072464195190586
151.86448431015015,-3.965198906653842,-2.208891955462624,-3.9865874536777612,-2.095589172718422
151.9149169921875,-3.965198906653842,-2.208891955462624,-3.9729046166164554,-2.0839234784424163
151.96554851531982,-3.965198906653842,-2.208891955462624,-3.9590723950710744,-2.072196981400913
152.01748204231262,-3.965198906653842,-2.208891955462624,-3.9447853746186734,-2.0601539277502
152.06792163848877,-3.965198906653842,-2.208891955462624,-3.930813509635313,-2.0484431553452382
152.11836171150208,-3.765338839982354,-2.0517482592280474,-3.9167473209847126,-2.036718716059177
152.1688094139099,-3.765338839982354,-2.0517482592280474,-3.9025850308398913,-2.024979329488866
152.21950507164001,-3.765338839982354,-2.0517482592280474,-3.888258700820602,-2.0131693593057047
152.2699146270752,-3.765338839982354,-2.0517482592280474,-3.873919604403092,-2.0014136193175966
152.32027435302734,-3.765338839982354,-2.0517482592280474,-3.859501714260852,-1.9896575176910933
152.3708999156952,-3.765338839982354,-2.0517482592280474,-3.844914307157029,-1.977827673840002
152.4213981628418,-3.765338839982354,-2.0517482592280474,-3.830270536574831,-1.9660162950988234
152.471923828125,-3.765338839982354,-2.0517482592280474,-3.8155260633607204,-1.954187609351937
152.5224483013153,-3.765338839982354,-2.0517482592280474,-3.8006894220408514,-1.9423486918249957
152.57293009757996,-3.765338839982354,-2.0517482592280474,-3.785773174927412,-1.93050966185168
152.6233901977539,-3.765338839982354,-2.0517482592280474,-3.7707715605781322,-1.9186660023827342
152.6742115020752,-3.765338839982354,-2.0517482592280474,-3.7555700831181307,-1.9067281318960234
152.7251398563385,-3.765338839982354,-2.0517482592280474,-3.740243756170771,-1.8947560123952742
152.77557015419006,-3.765338839982354,-2.0517482592280474,-3.7249760169252997,-1.8828923817458663
152.82621002197266,-3.545936162161574,-1.8910741151132588,-3.7095536887677945,-1.8709712319826124
152.87699007987976,-3.545936162161574,-1.8910741151132588,-3.6939972329405157,-1.8590091983023964
152.92786765098572,-3.545936162161574,-1.8910741151132588,-3.6783193626888626,-1.8470166687221121
152.9786193370819,-3.545936162161574,-1.8910741151132588,-3.6625892782124403,-1.835046696560315
153.02991223335266,-3.545936162161574,-1.8910741151132588,-3.646599389384386,-1.8229422531048645
153.0803201198578,-3.545936162161574,-1.8910741151132588,-3.630795510367127,-1.8110403617451591
153.1307065486908,-3.545936162161574,-1.8910741151132588,-3.614909603300531,-1.7991376782572188
153.18116569519043,-3.545936162161574,-1.8910741151132588,-3.5989121281856185,-1.787212326246057
153.23186349868774,-3.545936162161574,-1.8910741151132588,-3.5827499463351504,-1.7752254199214148
153.28228044509888,-3.545936162161574,-1.8910741151132588,-3.566589080091843,-1.7633001788428229
153.3330647945404,-3.545936162161574,-1.8910741151132588,-3.5502218042706843,-1.751283639820578
153.38401770591736,-3.545936162161574,-1.8910741151132588,-3.533711100705405,-1.739223169742853
153.43492317199707,-3.545936162161574,-1.8910741151132588,-3.51712695358852,-1.7271702706704315
153.4856560230255,-3.545936162161574,-1.8910741151132588,-3.5005110241847572,-1.7151549879501329
153.53601670265198,-3.307179641037827,-1.7276443792108795,-3.483930389405848,-1.7032250139840348
153.58667469024658,-3.307179641037827,-1.7276443792108795,-3.467165133133375,-1.6912221408844803
153.6370987892151,-3.307179641037827,-1.7276443792108795,-3.4503912009679256,-1.6792726018261386
153.68772220611572,-3.307179641037827,-1.7276443792108795,-3.433464885135403,-1.6672741152630013
153.73817491531372,-3.307179641037827,-1.7276443792108795,-3.416510147274699,-1.655314756916276
153.78877305984497,-3.307179641037827,-1.7276443792108795,-3.3994211283461357,-1.6433199655398951
153.83964681625366,-3.307179641037827,-1.7276443792108795,-3.382153117111999,-1.6312592498019831
153.89006400108337,-3.307179641037827,-1.7276443792108795,-3.3649554168506866,-1.6193065682078605
153.9405016899109,-3.307179641037827,-1.7276443792108795,-3.3476667126784614,-1.6073491936221296
153.99108934402466,-3.307179641037827,-1.7276443792108795,-3.3302425279544545,-1.595356808829604
154.04147338867188,-3.307179641037827,-1.7276443792108795,-3.3128051062872896,-1.5834136031663968
154.09202361106873,-3.307179641037827,-1.7276443792108795,-3.295226890614855,-1.5714322919993577
154.14272236824036,-3.307179641037827,-1.7276443792108795,-3.2775135713276624,-1.5594174429788268
154.19349002838135,-3.307179641037827,-1.7276443792108795,-3.2596927715579755,-1.5473883139470135
154.24409770965576,-3.0604179647752914,-1.5689389726928455,-3.2418453986221962,-1.5353995052754648
154.29453992843628,-3.0604179647752914,-1.5689389726928455,-3.223974521989894,-1.5234526626210083
154.3449831008911,-3.0604179647752914,-1.5689389726928455,-3.206021923076814,-1.5115087259037476
154.3952922821045,-3.0604179647752914,-1.5689389726928455,-3.188036290059264,-1.499599999985272
154.44560170173645,-3.0604179647752914,-1.5689389726928455,-3.1699702986703153,-1.4876950608769632
154.4960401058197,-3.0604179647752914,-1.5689389726928455,-3.1517777517614882,-1.4757638218789477
154.54644083976746,-3.0604179647752914,-1.5689389726928455,-3.1335188889631773,-1.4638460805252993
154.59705185890198,-3.0604179647752914,-1.5689389726928455,-3.1151038236492283,-1.4518835949503033
154.6474347114563,-3.0604179647752914,-1.5689389726928455,-3.0966924834374145,-1.4399803589561277
154.69819021224976,-3.0604179647752914,-1.5689389726928455,-3.0780653302195544,-1.427994816293951
154.75064754486084,-3.0604179647752914,-1.5689389726928455,-3.0587299985895946,-1.4156138365415392
154.8010914325714,-3.0604179647752914,-1.5689389726928455,-3.0400570192398537,-1.4037146163486198
154.8515431880951,-3.0604179647752914,-1.5689389726928455,-3.0213032495003205,-1.391820325153275
154.90241503715515,-3.0604179647752914,-1.5689389726928455,-3.0023148331297698,-1.3798342301740507
154.95322227478027,-2.7879407232738322,-1.4047293034947763,-2.983272240058822,-1.3678709764910768
155.0042700767517,-2.7879407232738322,-1.4047293034947763,-2.9640610614808662,-1.3558591150740553
155.05550026893616,-2.7879407232738322,-1.4047293034947763,-2.9447025984938024,-1.3438128067425392
155.10621738433838,-2.7879407232738322,-1.4047293034947763,-2.9254607894950837,-1.3318958684136
155.15694642066956,-2.7879407232738322,-1.4047293034947763,-2.9061379768271944,-1.3199851756347334
155.2081549167633,-2.7879407232738322,-1.4047293034947763,-2.8865553475334456,-1.3079714536299245
155.25953316688538,-2.7879407232738322,-1.4047293034947763,-2.8668302604131273,-1.2959279138839945
155.31010222434998,-2.7879407232738322,-1.4047293034947763,-2.8473403816460707,-1.2840842065676197
155.36073303222656,-2.7879407232738322,-1.4047293034947763,-2.8277520966128518,-1.2722364822551238
155.41179847717285,-2.7879407232738322,-1.4047293034947763,-2.807920434516883,-1.2602979993465457
155.46262168884277,-2.7879407232738322,-1.4047293034947763,-2.7881082336278804,-1.2484274231013215
155.51304364204407,-2.7879407232738322,-1.4047293034947763,-2.768379289631115,-1.2366620358189149
155.56343793869019,-2.7879407232738322,-1.4047293034947763,-2.7485887426596833,-1.2249148643283907
155.61403965950012,-2.7879407232738322,-1.4047293034947763,-2.7286442786743663,-1.2131315224353774
155.66446375846863,-2.5087774400042018,-1.2462729847556002,-2.7086979922108196,-1.2014020317010732
155.71496057510376,-2.5087774400042018,-1.2462729847556002,-2.6886514770539733,-1.189668466708959
155.76534843444824,-2.5087774400042018,-1.2462729847556002,-2.6685773294221837,-1.1779733725047858
155.81706714630127,-2.5087774400042018,-1.2462729847556002,-2.6478997575289887,-1.1659834095153416
155.86792254447937,-2.5087774400042018,-1.2462729847556002,-2.627495431511046,-1.1542077971087799
155.9184808731079,-2.5087774400042018,-1.2462729847556002,-2.6071400223564787,-1.1425152855939515
155.96925377845764,-2.5087774400042018,-1.2462729847556002,-2.5866281189841054,-1.1307878592898093
156.0197525024414,-2.5087774400042018,-1.2462729847556002,-2.566157710070643,-1.1191387274794535
156.07051467895508,-2.5087774400042018,-1.2462729847556002,-2.545511294862229,-1.1074442070531823
156.12119960784912,-2.5087774400042018,-1.2462729847556002,-2.524827481655536,-1.095783215574822
156.1717882156372,-2.5087774400042018,-1.2462729847556002,-2.504114824745424,-1.0841604012846335
156.22230577468872,-2.5087774400042018,-1.2462729847556002,-2.483363732158048,-1.0725702165447637
156.27278017997742,-2.5087774400042018,-1.2462729847556002,-2.4625633922196704,-1.0610065421506705
156.32360410690308,-2.5087774400042018,-1.2462729847556002,-2.441551798153806,-1.0493799065975522
156.37405633926392,-2.2174924566310743,-1.090783238964002,-2.420627581665721,-1.0378556213268448
156.42466735839844,-2.2174924566310743,-1.090783238964002,-2.399571579768478,-1.0263127389106566
156.47537422180176,-2.2174924566310743,-1.090783238964002,-2.3784099097743114,-1.0147660829258127
156.52637100219727,-2.2174924566310743,-1.090783238964002,-2.357061262789957,-1.0031720051746666
156.57692980766296,-2.2174924566310743,-1.090783238964002,-2.335831075005333,-0.9916962438674011
156.6275336742401,-2.2174924566310743,-1.090783238964002,-2.314517704076015,-0.980229273016036
156.67808175086975,-2.2174924566310743,-1.090783238964002,-2.29316408108391,-0.9687942682362491
156.72866439819336,-2.2174924566310743,-1.090783238964002,-2.2717325102419927,-0.9573711035592902
156.7791440486908,-2.2174924566310743,-1.090783238964002,-2.250281842972085,-0.9459911315419314
156.8295910358429,-2.2174924566310743,-1.090783238964002,-2.228782881735124,-0.9346387394364815
156.88094019889832,-2.2174924566310743,-1.090783238964002,-2.2068360625192613,-0.9231044128409542
156.93157863616943,-2.2174924566310743,-1.090783238964002,-2.185130841054507,-0.9117508957700347
156.98204922676086,-2.2174924566310743,-1.090783238964002,-2.163436580728105,-0.9004562443436068
157.03273725509644,-2.2174924566310743,-1.090783238964002,-2.141588028971464,-0.8891345898146756
157.0836043357849,-1.9181209103891212,-0.9407238911413351,-2.119601470009577,-0.8777950836788313
157.13461565971375,-1.9181209103891212,-0.9407238911413351,-2.097491828535995,-0.866446022176822
157.18524765968323,-1.9181209103891212,-0.9407238911413351,-2.0754869080934806,-0.8552040537865127
157.2358136177063,-1.9181209103891212,-0.9407238911413351,-2.053451795995053,-0.8439996374235101
157.28639936447144,-1.9181209103891212,-0.9407238911413351,-2.031349626024086,-0.832814037993435
157.33737587928772,-1.9181209103891212,-0.9407238911413351,-2.0090180583405512,-0.8215658250441864
157.3889617919922,-1.9181209103891212,-0.9407238911413351,-1.9863600595766011,-0.810207786501381
157.44115471839905,-1.9181209103891212,-0.9407238911413351,-1.9633750579060518,-0.7987416595902874
157.4924030303955,-1.9181209103891212,-0.9407238911413351,-1.9407474400325946,-0.7875083980374629
157.54341983795166,-1.9181209103891212,-0.9407238911413351,-1.9181648367528388,-0.7763511446185611
157.5938549041748,-1.9181209103891212,-0.9407238911413351,-1.8957841101297794,-0.765346202805353
157.6442985534668,-1.9181209103891212,-0.9407238911413351,-1.873344712973743,-0.7543646410964144
157.69495105743408,-1.9181209103891212,-0.9407238911413351,-1.8507576691021659,-0.7433633280734484
157.7457115650177,-1.9181209103891212,-0.9407238911413351,-1.8280679089117509,-0.7323647144662799
157.7966911792755,-1.5984045239430837,-0.7890852792176088,-1.8052257213877752,-0.7213452872344304
157.84730672836304,-1.5984045239430837,-0.7890852792176088,-1.7824931147879635,-0.7104312905934029
157.89772939682007,-1.5984045239430837,-0.7890852792176088,-1.7597945611147578,-0.6995856708405714
157.94811844825745,-1.5984045239430837,-0.7890852792176088,-1.7370591909331687,-0.6887742858509274
157.9988236427307,-1.5984045239430837,-0.7890852792176088,-1.7141292336183356,-0.67792261567245
158.04965686798096,-1.5984045239430837,-0.7890852792176088,-1.6910895575055274,-0.6670715796403326
158.1007137298584,-1.5984045239430837,-0.7890852792176088,-1.6678967827102427,-0.6562013609902042
158.15162181854248,-1.5984045239430837,-0.7890852792176088,-1.6447204564701965,-0.6453916085639757
158.2023208141327,-1.5984045239430837,-0.7890852792176088,-1.6215890678152922,-0.6346551220784677
158.25340032577515,-1.5984045239430837,-0.7890852792176088,-1.5982338483730938,-0.6238674829648305
158.304936170578,-1.5984045239430837,-0.7890852792176088,-1.5746194006420686,-0.6130137061278291
158.3560140132904,-1.5984045239430837,-0.7890852792176088,-1.5511651944912677,-0.6022866521777743
158.406569480896,-1.5984045239430837,-0.7890852792176088,-1.5279027066984059,-0.5916992622074426
158.45703721046448,-1.5984045239430837,-0.7890852792176088,-1.5046333039808777,-0.5811602561937157
158.50750255584717,-1.2718651759736197,-0.644319129897356,-1.481318247506966,-0.5706520100730224
158.55826210975647,-1.2718651759736197,-0.644319129897356,-1.457820600115939,-0.560113310079629
158.60914659500122,-1.2718651759736197,-0.644319129897356,-1.4342186460976065,-0.5495799668312196
158.65975904464722,-1.2718651759736197,-0.644319129897356,-1.4106972133323832,-0.5391342988340644
158.71039652824402,-1.2718651759736197,-0.644319129897356,-1.38711907672275,-0.5287150435074732
158.76218605041504,-1.2718651759736197,-0.644319129897356,-1.3629584115757805,-0.518091703401196
158.81265902519226,-1.2718651759736197,-0.644319129897356,-1.3393675810119992,-0.507770769490703
158.86318397521973,-1.2718651759736197,-0.644319129897356,-1.3157091080445071,-0.49747146239977713
158.91347980499268,-1.2718651759736197,-0.644319129897356,-1.2921153411147182,-0.4872511800799191
158.9638011455536,-1.2718651759736197,-0.644319129897356,-1.2684675881366108,-0.4770582495277975
159.01412081718445,-1.2718651759736197,-0.644319129897356,-1.2447790895085626,-0.4668984625406907
159.06441712379456,-1.2718651759736197,-0.644319129897356,-1.2210605883194798,-0.4567764367504097
159.1147243976593,-1.2718651759736197,-0.644319129897356,-1.1972964091418954,-0.4466855107105543
159.1653618812561,-1.2718651759736197,-0.644319129897356,-1.1733358419965172,-0.4365622501792692
159.2157919406891,-0.9366996320426538,-0.5050269624752064,-1.149433643896845,-0.42651451987454214
159.26632690429688,-0.9366996320426538,-0.5050269624752064,-1.125442412383063,-0.4164802461215831
159.31686449050903,-0.9366996320426538,-0.5050269624752064,-1.1014110907006172,-0.4064801050957594
159.3676838874817,-0.9366996320426538,-0.5050269624752064,-1.0772071103600314,-0.396459404051817
159.41901350021362,-0.9366996320426538,-0.5050269624752064,-1.0527213115477767,-0.38637419498663705
159.4700951576233,-0.9366996320426538,-0.5050269624752064,-1.028315600658654,-0.3763739812187805
159.52053308486938,-0.9366996320426538,-0.5050269624752064,-1.004180587050754,-0.3665355520208169
159.57082104682922,-0.9366996320426538,-0.5050269624752064,-0.9800813807085982,-0.35676199990301516
159.62143540382385,-0.9366996320426538,-0.5050269624752064,-0.9557900261146337,-0.34696117876660004
159.67209815979004,-0.9366996320426538,-0.5050269624752064,-0.9314400661906239,-0.33718756874305367
159.72293949127197,-0.9366996320426538,-0.5050269624752064,-0.9069692240506905,-0.3274165511790059
159.77351713180542,-0.9366996320426538,-0.5050269624752064,-0.8825909838879538,-0.31773327581844635
159.82391047477722,-0.9366996320426538,-0.5050269624752064,-0.8582680547985371,-0.3081222920834459
159.8743085861206,-0.9366996320426538,-0.5050269624752064,-0.8339098810246925,-0.29854758208079524
159.92473149299622,-0.5930186201239219,-0.37104998502224984,-0.8095072751331066,-0.289005610350503
159.97525477409363,-0.5930186201239219,-0.37104998502224984,-0.7850240633949972,-0.2794824499680586
160.02565240859985,-0.5930186201239219,-0.37104998502224984,-0.7605703215862786,-0.27002090903943055
160.07602739334106,-0.5930186201239219,-0.37104998502224984,-0.7360967361369799,-0.260601715340091
160.12641286849976,-0.5930186201239219,-0.37104998502224984,-0.7115877418816026,-0.25121888816880844
160.176913022995,-0.5930186201239219,-0.37104998502224984,-0.6869930724659561,-0.24185339732355704
160.2273027896881,-0.5930186201239219,-0.37104998502224984,-0.6624228638146072,-0.23254721438536174
160.27894520759583,-0.5930186201239219,-0.37104998502224984,-0.6372120415520257,-0.2230501742360036
160.32965087890625,-0.5930186201239219,-0.37104998502224984,-0.6124296992818823,-0.21376550826866625
160.38043665885925,-0.5930186201239219,-0.37104998502224984,-0.5875801225650141,-0.20450623503208964
160.43086314201355,-0.5930186201239219,-0.37104998502224984,-0.5628790796243477,-0.1953523593355282
160.4815924167633,-0.5930186201239219,-0.37104998502224984,-0.5380028363454261,-0.1861838472553421
160.53205800056458,-0.5930186201239219,-0.37104998502224984,-0.5132296854773513,-0.17710334639820324
160.58257484436035,-0.27331128736039556,-0.25516881595948865,-0.4884057224915562,-0.16805414801841945
160.63395500183105,-0.27331128736039556,-0.25516881595948865,-0.46313175812408125,-0.15889211541090376
160.68791317939758,-0.27331128736039556,-0.25516881595948865,-0.4365623027571962,-0.1493160120446566
160.73831486701965,-0.27331128736039556,-0.25516881595948865,-0.4117193447416876,-0.14041354597944045
160.78879570960999,-0.27331128736039556,-0.25516881595948865,-0.3868139610319967,-0.13153841935628607
160.83923268318176,-0.27331128736039556,-0.25516881595948865,-0.3619073611613681,-0.12271251127588778
160.88974475860596,-0.27331128736039556,-0.25516881595948865,-0.33694131487443013,-0.1139152472311622
160.94021821022034,-0.27331128736039556,-0.25516881595948865,-0.31197254915516415,-0.10516668280141417
160.99064946174622,-0.27331128736039556,-0.25516881595948865,-0.287003426657491,-0.09646753867742008
161.04116249084473,-0.27331128736039556,-0.25516881595948865,-0.26197308252075713,-0.08779667915430034
161.09185194969177,-0.27331128736039556,-0.25516881595948865,-0.23683500306247884,-0.07913838210936186
161.1422278881073,-0.27331128736039556,-0.25516881595948865,-0.21183279242708664,-0.07057635930705608
161.19266271591187,-0.27331128736039556,-0.25516881595948865,-0.18678231145406798,-0.06204718583901503
161.2430500984192,-0.27331128736039556,-0.25516881595948865,-0.1617369121131742,-0.053569051052818395
161.29340744018555,0.06932616196526765,-0.13887401982606432,-0.13668852890611438,-0.04513911744982435
161.34391498565674,0.06932616196526765,-0.13887401982606432,-0.11154798790461229,-0.0367275555504607
161.39433979988098,0.06932616196526765,-0.13887401982606432,-0.08643174582030477,-0.028373433063900055
161.44482564926147,0.06932616196526765,-0.13887401982606432,-0.061268752580664,-0.020053089258992518
161.49537754058838,0.06932616196526765,-0.13887401982606432,-0.0360570012068262,-0.011766049471477302
161.54571723937988,0.06932616196526765,-0.13887401982606432,-0.010935871704466527,-0.003557915382867094
161.59613156318665,0.06932616196526765,-0.13887401982606432,0.014237156922241034,0.004618080959685855
161.64651823043823,0.06932616196526765,-0.13887401982606432,0.039410485803103246,0.01274511214649765
161.69801473617554,0.06932616196526765,-0.13887401982606432,0.0651522978734086,0.02100502186193376
161.74915099143982,0.06932616196526765,-0.13887401982606432,0.0907274643792787,0.029160820742006432
161.7999029159546,0.06932616196526765,-0.13887401982606432,0.11612308173542385,0.03720949817387531
161.85096192359924,0.06932616196526765,-0.13887401982606432,0.14168452598667503,0.04526063254811996
161.90178442001343,0.06932616196526765,-0.13887401982606432,0.16713911826279126,0.05322823875458038
161.95259356498718,0.06932616196526765,-0.13887401982606432,0.19259797761727404,0.0611474714942819
162.00308346748352,0.4188873950011583,-0.02853869661701571,0.21790716530840037,0.06897094000947179
162.05416107177734,0.4188873950011583,-0.02853869661701571,0.2435208211286909,0.07683864029775034
162.1062512397766,0.4188873950011583,-0.02853869661701571,0.2696518720710459,0.0848136222342517
162.1568009853363,0.4188873950011583,-0.02853869661701571,0.2950188917944392,0.09250559414405624
162.20729541778564,0.4188873950011583,-0.02853869661701571,0.3203661680506672,0.10014260095726657
162.25788378715515,0.4188873950011583,-0.02853869661701571,0.3457680713302861,0.10774700511991764
162.30837726593018,0.4188873950011583,-0.02853869661701571,0.37112922695900286,0.11529026839651557
162.35892963409424,0.4188873950011583,-0.02853869661701571,0.3965263063072151,0.12279526077705993
162.40962266921997,0.4188873950011583,-0.02853869661701571,0.4219998682007209,0.13027369150183876
162.46009230613708,0.4188873950011583,-0.02853869661701571,0.4473663929436068,0.13767181858834565
162.5129280090332,0.4188873950011583,-0.02853869661701571,0.47392709899518315,0.14536600010811807
162.56352543830872,0.4188873950011583,-0.02853869661701571,0.4993668019338816,0.1526853959645722
162.61408686637878,0.4188873950011583,-0.02853869661701571,0.5247919234449893,0.15995170748784382
162.66468787193298,0.4188873950011583,-0.02853869661701571,0.5502399056073451,0.16717564870388113
162.71511435508728,0.7738569745112508,0.07355748336023299,0.575602502170815,0.17432670639301806
162.7656283378601,0.7738569745112508,0.07355748336023299,0.6010109329571576,0.18144202451909575
162.81602573394775,0.7738569745112508,0.07355748336023299,0.6263619822452303,0.18849276185585628
162.8668830394745,0.7738569745112508,0.07355748336023299,0.651945085718713,0.19555894272143792
162.91927790641785,0.7738569745112508,0.07355748336023299,0.6783017799658182,0.20278724087433408
162.9740800857544,0.7738569745112508,0.07355748336023299,0.7058689249291457,0.2102915519120474
163.02584147453308,0.7738569745112508,0.07355748336023299,0.7319053317735561,0.2173266583295308
163.07641625404358,0.7738569745112508,0.07355748336023299,0.7573432128853813,0.2241507973402701
163.1273169517517,0.7738569745112508,0.07355748336023299,0.7829427983451716,0.23096919566795027
163.1783263683319,0.7738569745112508,0.07355748336023299,0.8085942456499038,0.23775199488695664
163.22891449928284,0.7738569745112508,0.07355748336023299,0.8340304825306839,0.24442905724668051
163.27944111824036,0.7738569745112508,0.07355748336023299,0.8594318883271852,0.2510484600313432
163.33038854599,0.7738569745112508,0.07355748336023299,0.8850403267713243,0.2576727427972232
163.38082647323608,0.7738569745112508,0.07355748336023299,0.9103876283903397,0.2641809605915264
163.43121337890625,1.1275324038160734,0.1662798987179004,0.9357037206680168,0.2706329891524404
163.48162865638733,1.1275324038160734,0.1662798987179004,0.9610279365808772,0.2770389179894468
163.53248596191406,1.1275324038160734,0.1662798987179004,0.9865674047650781,0.28345049937925326
163.58333730697632,1.1275324038160734,0.1662798987179004,1.0120964933190248,0.2898104959047276
163.63417768478394,1.1275324038160734,0.1662798987179004,1.03761211678818,0.29611819956272667
163.68496561050415,1.1275324038160734,0.1662798987179004,1.0630928953812744,0.3023684536556872
163.7354335784912,1.1275324038160734,0.1662798987179004,1.0884041452378599,0.30852879473364947
163.78700733184814,1.1275324038160734,0.1662798987179004,1.1142601220951351,0.3147719643273357
163.83790373802185,1.1275324038160734,0.1662798987179004,1.1397661656744627,0.3208813588596038
163.88843417167664,1.1275324038160734,0.1662798987179004,1.1650780617189915,0.3268958426681512
163.93890929222107,1.1275324038160734,0.1662798987179004,1.190350995909767,0.3328529356827463
163.9892303943634,1.1275324038160734,0.1662798987179004,1.2155350562468614,0.33874121364153176
164.03975653648376,1.1275324038160734,0.1662798987179004,1.2408093591760831,0.34460252517843815
164.09009194374084,1.1275324038160734,0.1662798987179004,1.2659753640869422,0.35039084976306833
164.1412444114685,1.478806023196837,0.2500484487280236,1.291536117297611,0.3562210378073676
164.19200372695923,1.478806023196837,0.2500484487280236,1.316886133343086,0.36195442055218097
164.2427854537964,1.478806023196837,0.2500484487280236,1.3422325335181404,0.36763842279548875
164.2935163974762,1.478806023196837,0.2500484487280236,1.3675382254238815,0.3732648146246227
164.34452652931213,1.478806023196837,0.2500484487280236,1.392967125096084,0.37886976126009175
164.39492344856262,1.478806023196837,0.2500484487280236,1.418073955413404,0.38435564361474794
164.4454107284546,1.478806023196837,0.2500484487280236,1.4432089148211156,0.38979977755487605
164.49573802947998,1.478806023196837,0.2500484487280236,1.4682468487526523,0.39517520396331696
164.54640102386475,1.478806023196837,0.2500484487280236,1.4934336998659754,0.40053452539464063
164.597154378891,1.478806023196837,0.2500484487280236,1.5186467053823562,0.40585106458534126
164.6475670337677,1.478806023196837,0.2500484487280236,1.5436713004584603,0.41107998742964114
164.69818782806396,1.478806023196837,0.2500484487280236,1.5687794376326634,0.4162783616504555
164.74861884117126,1.478806023196837,0.2500484487280236,1.59377317491818,0.42140523367021965
164.79913330078125,1.478806023196837,0.2500484487280236,1.6187874274458576,0.4264884847155974
164.84974074363708,1.833474019687485,0.32533739045039606,1.6438262454541994,0.43152874312378176
164.9004943370819,1.833474019687485,0.32533739045039606,1.6689152150391489,0.43653087602595253
164.95113348960876,1.833474019687485,0.32533739045039606,1.6939249316355132,0.4414690963872392
165.0021777153015,1.833474019687485,0.32533739045039606,1.7191112043312788,0.4463935587125616
165.05279922485352,1.833474019687485,0.32533739045039606,1.7440650293319315,0.4512243793550961
165.10368132591248,1.833474019687485,0.32533739045039606,1.7691227869890196,0.45602697156046235
165.15412139892578,1.833474019687485,0.32533739045039606,1.7939380296009608,0.4607352545578425
165.2046537399292,1.833474019687485,0.32533739045039606,1.8187733153695353,0.46539960405734604
165.25529408454895,1.833474019687485,0.32533739045039606,1.8436356660483582,0.47002111751737363
165.30709385871887,1.833474019687485,0.32533739045039606,1.869039718690758,0.47469370923527965
165.35751152038574,1.833474019687485,0.32533739045039606,1.8937386387577329,0.4791884319849604
165.40791368484497,1.833474019687485,0.32533739045039606,1.918402483655345,0.48362928466875843
165.45839381217957,1.833474019687485,0.32533739045039606,1.9430763813639023,0.4880243702255558
165.50920462608337,1.833474019687485,0.32533739045039606,1.967882955625607,0.492395018979114
165.55967545509338,2.1743199510975932,0.38896693978499286,1.9924942252812585,0.49668352532360904
165.61074471473694,2.1743199510975932,0.38896693978499286,2.017367000065038,0.5009691901106148
165.6614167690277,2.1743199510975932,0.38896693978499286,2.042015623354577,0.5051681171024653
165.7122678756714,2.1743199510975932,0.38896693978499286,2.0667200402038164,0.5093283778400335
165.76303482055664,2.1743199510975932,0.38896693978499286,2.091351726092482,0.5134282656709979
165.81507396697998,2.1743199510975932,0.38896693978499286,2.1165670619806285,0.5175754048434853
165.8654773235321,2.1743199510975932,0.38896693978499286,2.140956778283419,0.5215386087617304
165.91591429710388,2.1743199510975932,0.38896693978499286,2.165329696104612,0.5254516675027232
165.9663541316986,2.1743199510975932,0.38896693978499286,2.1896703683100363,0.5293121233555573
166.0172302722931,2.1743199510975932,0.38896693978499286,2.214186964147265,0.533152445978478
166.06807136535645,2.1743199510975932,0.38896693978499286,2.2386513741162526,0.5369364112334201
166.1186923980713,2.1743199510975932,0.38896693978499286,2.2629742804525756,0.5406506442156434
166.16947889328003,2.1743199510975932,0.38896693978499286,2.2873404241557296,0.5443235118085972
166.22003388404846,2.1743199510975932,0.38896693978499286,2.3115588687254114,0.5479264051969222
166.27058029174805,2.5080587380019543,0.442652921825358,2.3357361161031864,0.551475587632341
166.32122802734375,2.5080587380019543,0.442652921825358,2.3599240865296944,0.5549786298582728
166.3717496395111,2.5080587380019543,0.442652921825358,2.384013635524811,0.5584198407374945
166.42216968536377,2.5080587380019543,0.442652921825358,2.4080161860485947,0.5618012549299598
166.472802400589,2.5080587380019543,0.442652921825358,2.4320806566555206,0.5651437769841499
166.5235059261322,2.5080587380019543,0.442652921825358,2.4561387461795574,0.5684376024857887
166.5742220878601,2.5080587380019543,0.442652921825358,2.4801622036097037,0.5716788298497586
166.6248254776001,2.5080587380019543,0.442652921825358,2.5040911985751526,0.57485961373209
166.67545557022095,2.5080587380019543,0.442652921825358,2.5279912442462864,0.577988870169206
166.72608733177185,2.5080587380019543,0.442652921825358,2.5518499438078437,0.5810650223966038
166.77663350105286,2.5080587380019543,0.442652921825358,2.575625740596277,0.5840829181745133
166.82706236839294,2.5080587380019543,0.442652921825358,2.5993034368798384,0.5870410023535793
166.87778186798096,2.5080587380019543,0.442652921825358,2.623073805233247,0.5899629521779568
166.92893409729004,2.5080587380019543,0.442652921825358,2.6470019496175845,0.5928558353295021
166.9802417755127,2.835328371980008,0.4865709791696233,2.670956825478208,0.5957030626703994
167.03188109397888,2.835328371980008,0.4865709791696233,2.695019470140566,0.5985136626433252
167.08313369750977,2.835328371980008,0.4865709791696233,2.7188546607081086,0.6012486551582104
167.13401079177856,2.835328371980008,0.4865709791696233,2.7424681070830745,0.6039098825925167
167.18455696105957,2.835328371980008,0.4865709791696233,2.7658809405598257,0.6065008253486281
167.23515057563782,2.835328371980008,0.4865709791696233,2.78926828125114,0.6090413584578247
167.28556180000305,2.835328371980008,0.4865709791696233,2.8125235454981117,0.6115201885515105
167.33662223815918,2.835328371980008,0.4865709791696233,2.836029155597447,0.6139775141134081
167.3876073360443,2.835328371980008,0.4865709791696233,2.859450191425964,0.6163776046866252
167.43813467025757,2.835328371980008,0.4865709791696233,2.882611224618608,0.6187033389222627
167.488755941391,2.835328371980008,0.4865709791696233,2.905765152724646,0.6209807256752047
167.53909063339233,2.835328371980008,0.4865709791696233,2.9287376917641743,0.6231929922264743
167.58965492248535,2.835328371980008,0.4865709791696233,2.951763983001011,0.6253629619731269
167.64002299308777,2.835328371980008,0.4865709791696233,2.974649544220043,0.6274723589445634
167.69041109085083,3.152505534446071,0.5204506358857477,2.9974923801175573,0.6295305645584985
167.74087238311768,3.152505534446071,0.5204506358857477,3.0203159302478997,0.6315396596758025
167.79178738594055,3.152505534446071,0.5204506358857477,3.0432909493459324,0.6335140321975894
167.8433063030243,3.152505534446071,0.5204506358857477,3.0664829897799954,0.6354579131244664
167.89387392997742,3.152505534446071,0.5204506358857477,3.089191981369792,0.6373132262158809
167.94418668746948,3.152505534446071,0.5204506358857477,3.1117321079725064,0.6391074600921312
167.99456691741943,3.152505534446071,0.5204506358857477,3.1342475703973065,0.6408524617667082
168.04518246650696,3.152505534446071,0.5204506358857477,3.156812370122517,0.6425536438068731
168.0958592891693,3.152505534446071,0.5204506358857477,3.1793479075408104,0.6442047668331576
168.14642453193665,3.152505534446071,0.5204506358857477,3.201776884919499,0.6458003459946537
168.19694018363953,3.152505534446071,0.5204506358857477,3.2241265577327174,0.6473426564016989
168.24725556373596,3.152505534446071,0.5204506358857477,3.2463301778854037,0.6488275529071519
168.29757714271545,3.152505534446071,0.5204506358857477,3.268478686646543,0.6502614993318381
168.34844040870667,3.152505534446071,0.5204506358857477,3.2908063131200382,0.6516589938132533
168.39914226531982,3.4624876518459162,0.5452081536955475,3.3130032385837347,0.6530002153629257
168.44949984550476,3.4624876518459162,0.5452081536955475,3.3349897925661725,0.6542811801640043
168.50015950202942,3.4624876518459162,0.5452081536955475,3.357047747071622,0.6555184765130049
168.55094003677368,3.4624876518459162,0.5452081536955475,3.379096938371107,0.6567071195057279
168.6013948917389,3.4624876518459162,0.5452081536955475,3.400943335979848,0.6578370540875165
168.65175890922546,3.4624876518459162,0.5452081536955475,3.422688884807733,0.6589142583082399
168.7022521495819,3.4624876518459162,0.5452081536955475,3.44442803215963,0.6599434700765352
168.75292229652405,3.4624876518459162,0.5452081536955475,3.4661802411791096,0.6609252907340717
168.80348420143127,3.4624876518459162,0.5452081536955475,3.487822473584073,0.6618541849366286
168.85400772094727,3.4624876518459162,0.5452081536955475,3.5093844104133254,0.662731752208837
168.9045512676239,3.4624876518459162,0.5452081536955475,3.5308905207971275,0.6635591316960472
168.9569079875946,3.4624876518459162,0.5452081536955475,3.553099711969181,0.6643629995443461
169.00729155540466,3.4624876518459162,0.5452081536955475,3.5744056707622347,0.6650855669586067
169.05762195587158,3.4624876518459162,0.5452081536955475,3.595623789145788,0.6657575279378114
169.10803365707397,3.761340954191478,0.560209926192415,3.6168102165745797,0.6663807392839933
169.15842533111572,3.761340954191478,0.560209926192415,3.63792176485413,0.6669539626029133
169.20891451835632,3.761340954191478,0.560209926192415,3.659007040615924,0.6674785274826931
169.2600576877594,3.761340954191478,0.560209926192415,3.6802964363669393,0.6679592110265804
169.3105504512787,3.761340954191478,0.560209926192415,3.7012464797477858,0.6683838606142689
169.3615961074829,3.761340954191478,0.560209926192415,3.7223561406437606,0.668762856659699
169.4121618270874,3.761340954191478,0.560209926192415,3.743197664267383,0.6690885391511943
169.46311616897583,3.761340954191478,0.560209926192415,3.764128743337171,0.669366756217121
169.51456117630005,3.761340954191478,0.560209926192415,3.785188962824645,0.6695968892009692
169.56498527526855,3.761340954191478,0.560209926192415,3.805760156686974,0.6697730791412397
169.61549139022827,3.761340954191478,0.560209926192415,3.8262937827014762,0.6699006775494225
169.66619396209717,3.761340954191478,0.560209926192415,3.84683530484398,0.6699796931704163
169.71692371368408,3.761340954191478,0.560209926192415,3.8673151908229553,0.6700096640821398
169.76764941215515,4.023555814629233,0.5653027819507792,3.887720307793851,0.6699906670996785
169.81822299957275,4.023555814629233,0.5653027819507792,3.907990964632439,0.6699231134589996
169.8689751625061,4.023555814629233,0.5653027819507792,3.928259177582669,0.6698066554300717
169.91994071006775,4.023555814629233,0.5653027819507792,3.948537515432215,0.6696407834633236
169.97054839134216,4.023555814629233,0.5653027819507792,3.9685985380610083,0.6694277003051992
170.0215346813202,4.023555814629233,0.5653027819507792,3.988733669658574,0.6691644141323705
170.07208704948425,4.023555814629233,0.5653027819507792,4.008621691878081,0.6688553386992693
170.12354135513306,4.023555814629233,0.5653027819507792,4.02878661963423,0.6684917813051228
170.1745834350586,4.023555814629233,0.5653027819507792,4.048711848515551,0.6680824741559439
170.22530221939087,4.023555814629233,0.5653027819507792,4.068433313580116,0.6676278983298003
170.2769730091095,4.023555814629233,0.5653027819507792,4.088444978242805,0.6671158808382751
170.32767367362976,4.023555814629233,0.5653027819507792,4.108001996798822,0.6665656443463823
170.37846159934998,4.023555814629233,0.5653027819507792,4.12751383852637,0.6659671104972729
170.42905378341675,4.023555814629233,0.5653027819507792,4.1468715803970415,0.6653239168743372
170.479430437088,4.280808541807976,0.5621515870181997,4.1660681667386505,0.6646370375198054
170.5299937725067,4.280808541807976,0.5621515870181997,4.185256489363731,0.6639011811184004
170.58039617538452,4.280808541807976,0.5621515870181997,4.204304131570044,0.6631215250082421
170.6312119960785,4.280808541807976,0.5621515870181997,4.223427103550524,0.6622889949688093
170.68187642097473,4.280808541807976,0.5621515870181997,4.2424117869077325,0.6614126442517354
170.73233819007874,4.280808541807976,0.5621515870181997,4.261239387367464,0.6604940038428542
170.78319573402405,4.280808541807976,0.5621515870181997,4.280132276616564,0.6595220792467309
170.8338737487793,4.280808541807976,0.5621515870181997,4.298875774159647,0.658507735586936
170.8847348690033,4.280808541807976,0.5621515870181997,4.317603555086976,0.6574438769675313
170.93535685539246,4.280808541807976,0.5621515870181997,4.336159849269643,0.6563395787865733
170.9857530593872,4.280808541807976,0.5621515870181997,4.354550270832305,0.6551953419187173
171.0365149974823,4.280808541807976,0.5621515870181997,4.372989898929216,0.6539977193887592
171.08717012405396,4.280808541807976,0.5621515870181997,4.391306006314316,0.6527576870498273
171.13793110847473,4.280808541807976,0.5621515870181997,4.409575066540856,0.6514702146451565
171.18856382369995,4.533711666915501,0.5501644279487147,4.42771244959244,0.6501414456939738
171.23932266235352,4.533711666915501,0.5501644279487147,4.445808865352145,0.6487648846487577
171.2919487953186,4.533711666915501,0.5501644279487147,4.464479482308817,0.6472908498558871
171.34284925460815,4.533711666915501,0.5501644279487147,4.482448790545273,0.6458199785263963
171.3940234184265,4.533711666915501,0.5501644279487147,4.500425994250971,0.6442966084560364
171.4448573589325,4.533711666915501,0.5501644279487147,4.518195176695883,0.6427392885056165
171.49538159370422,4.533711666915501,0.5501644279487147,4.5357682856046955,0.641148111643489
171.54580283164978,4.533711666915501,0.5501644279487147,4.553217886385129,0.639517282813546
171.59658002853394,4.533711666915501,0.5501644279487147,4.570701744596358,0.637831822001421
171.64713668823242,4.533711666915501,0.5501644279487147,4.58802059867144,0.6361108814951097
171.6977298259735,4.533711666915501,0.5501644279487147,4.6052625768696895,0.6343461366275522
171.7483673095703,4.533711666915501,0.5501644279487147,4.622429746113671,0.632537403057023
171.79884243011475,4.533711666915501,0.5501644279487147,4.639451945649668,0.6306924051966354
171.84929394721985,4.533711666915501,0.5501644279487147,4.656376074451716,0.6288064968695215
171.89980840682983,4.768787056925442,0.5304623973927772,4.673230668063823,0.6268765892446964
171.95043873786926,4.768787056925442,0.5304623973927772,4.69003251380145,0.6249006364775771
172.00138974189758,4.768787056925442,0.5304623973927772,4.706847996110627,0.6228703080819393
172.05201292037964,4.768787056925442,0.5304623973927772,4.723462718895085,0.6208116568794977
172.1024148464203,4.768787056925442,0.5304623973927772,4.7399127784554675,0.6187212219945866
172.1528091430664,4.768787056925442,0.5304623973927772,4.756268143873087,0.616590622546022
172.20334386825562,4.768787056925442,0.5304623973927772,4.772576123805111,0.6144136424634852
172.25411701202393,4.768787056925442,0.5304623973927772,4.788866912492496,0.6121858121659327
172.30465650558472,4.768787056925442,0.5304623973927772,4.8049886543467695,0.6099280475574136
172.35625958442688,4.768787056925442,0.5304623973927772,4.8213524379592805,0.6075816180655047
172.40723371505737,4.768787056925442,0.5304623973927772,4.83741993487256,0.6052231820928382
172.45784401893616,4.768787056925442,0.5304623973927772,4.853277155111624,0.6028418693408932
172.50829553604126,4.768787056925442,0.5304623973927772,4.868989451998768,0.6004288591541258
172.55869507789612,4.768787056925442,0.5304623973927772,4.884590323573317,0.5979795012233908
172.60965013504028,4.982991568168611,0.5026650051142714,4.90026601558126,0.5954639066007748
172.66023182868958,4.982991568168611,0.5026650051142714,4.915729886399472,0.5929279414693134
172.7115216255188,4.982991568168611,0.5026650051142714,4.93131122775375,0.5903172241312316
172.76191759109497,4.982991568168611,0.5026650051142714,4.946523564872532,0.5877137290591306
172.81246376037598,4.982991568168611,0.5026650051142714,4.961683844621474,0.5850645879178882
172.8640034198761,4.982991568168611,0.5026650051142714,4.977041300323666,0.5823245393544267
172.91442275047302,4.982991568168611,0.5026650051142714,4.991966086881758,0.5796063315966273
172.96479487419128,4.982991568168611,0.5026650051142714,5.006778935674434,0.5768536403377504
173.01516222953796,4.982991568168611,0.5026650051142714,5.021492136764703,0.5740644280356055
173.06549048423767,4.982991568168611,0.5026650051142714,5.0360954508936535,0.5712408691397239
173.11596965789795,4.982991568168611,0.5026650051142714,5.050643348072212,0.5683724087646256
173.16636157035828,4.982991568168611,0.5026650051142714,5.065066662748367,0.5654727411007257
173.21718549728394,4.982991568168611,0.5026650051142714,5.07951266226018,0.5625118471259936
173.26799964904785,4.982991568168611,0.5026650051142714,5.09385417611803,0.5595152468816482
173.3184187412262,5.175785864024686,0.4683203291235357,5.107983344244067,0.5565063283167764
173.36901426315308,5.175785864024686,0.4683203291235357,5.122060644157678,0.5534514535158024
173.4197428226471,5.175785864024686,0.4683203291235357,5.136072743210317,0.5503531552734497
173.47026419639587,5.175785864024686,0.4683203291235357,5.149925564780115,0.5472325292050746
173.52107429504395,5.175785864024686,0.4683203291235357,5.163754513625203,0.5440591006438547
173.571604013443,5.175785864024686,0.4683203291235357,5.177404350765135,0.5408686467299799
173.62230277061462,5.175785864024686,0.4683203291235357,5.190996500385746,0.537633148644626
173.67302465438843,5.175785864024686,0.4683203291235357,5.20449093838496,0.5343619677072939
173.72430324554443,5.175785864024686,0.4683203291235357,5.218027512169968,0.5310203548155934
173.77463817596436,5.175785864024686,0.4683203291235357,5.231211035642037,0.5277067185142945
173.82504606246948,5.175785864024686,0.4683203291235357,5.244310160455884,0.5243552461272427
173.87550282478333,5.175785864024686,0.4683203291235357,5.257317950448147,0.5209676647804755
173.92627835273743,5.175785864024686,0.4683203291235357,5.270302539142886,0.5175257448488728
173.97675800323486,5.175785864024686,0.4683203291235357,5.283106374872279,0.5140713790161151
174.0272297859192,5.35342130815874,0.4273386581183406,5.295803159615299,0.5105854020992731
174.07756447792053,5.35342130815874,0.4273386581183406,5.308360545124399,0.5070771274770693
174.12814784049988,5.35342130815874,0.4273386581183406,5.320874128585574,0.5035198149074083
174.1784987449646,5.35342130815874,0.4273386581183406,5.333224546498958,0.4999475373323723
174.22948694229126,5.35342130815874,0.4273386581183406,5.345623566656199,0.4962984679217073
174.28009176254272,5.35342130815874,0.4273386581183406,5.357821895891012,0.4926456758523272
174.3305220603943,5.35342130815874,0.4273386581183406,5.369871368346851,0.4889748571202883
174.38091468811035,5.35342130815874,0.4273386581183406,5.381805077094989,0.485276500349221
174.4313929080963,5.35342130815874,0.4273386581183406,5.393651783282632,0.4815417743679091
174.4817886352539,5.35342130815874,0.4273386581183406,5.405371755369674,0.47778337144295513
174.53236770629883,5.35342130815874,0.4273386581183406,5.417026220429504,0.4739816380888462
174.58302116394043,5.35342130815874,0.4273386581183406,5.428588973039865,0.4701448009707141
174.6336817741394,5.35342130815874,0.4273386581183406,5.4400441325388655,0.466278147227869
174.68417835235596,5.35342130815874,0.4273386581183406,5.45135323206879,0.46239514356680655
174.7351143360138,5.35342130815874,0.4273386581183406,5.462650255489765,0.4584494209608032
174.7857449054718,5.513202518201636,0.3790820528662558,5.473769311246035,0.4544988318113652
174.83631992340088,5.513202518201636,0.3790820528662558,5.484766189599179,0.45052445394416574
174.88688611984253,5.513202518201636,0.3790820528662558,5.495651005039777,0.4465229383402707
174.9376323223114,5.513202518201636,0.3790820528662558,5.506463589126776,0.4424794729253172
174.98813223838806,5.513202518201636,0.3790820528662558,5.517113077016829,0.43842835043416073
175.03901767730713,5.513202518201636,0.3790820528662558,5.527731995815942,0.4343190493233495
175.0922303199768,5.513202518201636,0.3790820528662558,5.538716175768203,0.4299928536333739
175.14265179634094,5.513202518201636,0.3790820528662558,5.54901038530479,0.4258665477626603
175.1930902004242,5.513202518201636,0.3790820528662558,5.559197000881037,0.421712816952583
175.2436978816986,5.513202518201636,0.3790820528662558,5.569305937914658,0.4175192460810395
175.2942123413086,5.513202518201636,0.3790820528662558,5.579284274882932,0.41330780493609365
175.3447506427765,5.513202518201636,0.3790820528662558,5.589155134053267,0.4090690639355389
175.39512467384338,5.513202518201636,0.3790820528662558,5.5988820130740935,0.40481918236279135
175.4456272125244,5.513202518201636,0.3790820528662558,5.608521338230662,0.4005337641207205
175.49610996246338,5.650789455870653,0.3248096960447979,5.618044217712054,0.39622559217406317
175.54660749435425,5.650789455870653,0.3248096960447979,5.62745696812798,0.3918920000282816
175.59752345085144,5.650789455870653,0.3248096960447979,5.636833149241633,0.387498321445617
175.64890503883362,5.650789455870653,0.3248096960447979,5.646178232433729,0.383040143298395
175.69999599456787,5.650789455870653,0.3248096960447979,5.655353852690423,0.37858325324345576
175.7513735294342,5.650789455870653,0.3248096960447979,5.66446346638561,0.37407759864107404
175.80228185653687,5.650789455870653,0.3248096960447979,5.673373476729424,0.3695898800729477
175.8526895046234,5.650789455870653,0.3248096960447979,5.682081478837967,0.3651238197661042
175.90408754348755,5.650789455870653,0.3248096960447979,5.690843172633066,0.36054727718445
175.9547140598297,5.650789455870653,0.3248096960447979,5.699357256617555,0.35601728238183517
176.00509905815125,5.650789455870653,0.3248096960447979,5.707716135798805,0.35148736193443175
176.05559158325195,5.650789455870653,0.3248096960447979,5.715977979143069,0.346926508339344
176.10614275932312,5.650789455870653,0.3248096960447979,5.724134029365095,0.3423393206276526
176.15658736228943,5.650789455870653,0.3248096960447979,5.732157603441658,0.3377411110677535
176.2071988582611,5.760696711866651,0.2687974510088362,5.740091803610381,0.3331072065347396
176.25809574127197,5.760696711866651,0.2687974510088362,5.74795346100508,0.32842677849470625
176.30870246887207,5.760696711866651,0.2687974510088362,5.755653508820365,0.3237530512631335
176.35915231704712,5.760696711866651,0.2687974510088362,5.763213590763049,0.31907427382160547
176.40978002548218,5.760696711866651,0.2687974510088362,5.77068361931263,0.3143596843842996
176.46019649505615,5.760696711866651,0.2687974510088362,5.778006125686322,0.30964582953705844
176.5106496810913,5.760696711866651,0.2687974510088362,5.78521755653683,0.3049099180611633
176.5619399547577,5.760696711866651,0.2687974510088362,5.792429097526629,0.3000766379646438
176.61275148391724,5.760696711866651,0.2687974510088362,5.799454317823281,0.2952700913289793
176.66329407691956,5.760696711866651,0.2687974510088362,5.806324679151282,0.29047113558708415
176.71391487121582,5.760696711866651,0.2687974510088362,5.8130878735410105,0.28564721071115384
176.76517128944397,5.760696711866651,0.2687974510088362,5.819815710946946,0.2807451308431127
176.81600499153137,5.760696711866651,0.2687974510088362,5.8263683681097636,0.2758663103748509
176.8665063381195,5.760696711866651,0.2687974510088362,5.832759997087191,0.27100276008271573
176.91750597953796,5.850203132267551,0.20798714637489502,5.839094992259531,0.26607470738454764
176.96860933303833,5.850203132267551,0.20798714637489502,5.8453220650955515,0.26112029660472136
177.0196921825409,5.850203132267551,0.20798714637489502,5.8514256361551835,0.2561518415265358
177.0701949596405,5.850203132267551,0.20798714637489502,5.857340829357924,0.25122435422981415
177.12087488174438,5.850203132267551,0.20798714637489502,5.863157619320251,0.24626444368504807
177.17134618759155,5.850203132267551,0.20798714637489502,5.868831705921217,0.24131018024332795
177.22203183174133,5.850203132267551,0.20798714637489502,5.874410485141704,0.23632034917976896
177.2729766368866,5.850203132267551,0.20798714637489502,5.879897081290118,0.23129064283319178
177.32344317436218,5.850203132267551,0.20798714637489502,5.885212724930701,0.22629426488058169
177.3739058971405,5.850203132267551,0.20798714637489502,5.890408974950908,0.22128474593592962
177.4246027469635,5.850203132267551,0.20798714637489502,5.895509394936369,0.21623867905723754
177.47510719299316,5.850203132267551,0.20798714637489502,5.900470806502343,0.21119880832700633
177.52574467658997,5.850203132267551,0.20798714637489502,5.905325274785896,0.20613298814869213
177.57730507850647,5.850203132267551,0.20798714637489502,5.910144627471672,0.20096211780773376
177.62801337242126,5.917472510979027,0.14388772655460366,5.914762585983049,0.19586449884498647
177.6786572933197,5.917472510979027,0.14388772655460366,5.919254069862097,0.19076158313418856
177.72935318946838,5.917472510979027,0.14388772655460366,5.923629336558952,0.1856419623260932
177.78001236915588,5.917472510979027,0.14388772655460366,5.9278805745029555,0.1805148987245312
177.83182907104492,5.917472510979027,0.14388772655460366,5.932103857401648,0.1752594784764152
177.88234782218933,5.917472510979027,0.14388772655460366,5.93609946167706,0.17012510481634713
177.93269658088684,5.917472510979027,0.14388772655460366,5.939961790210592,0.16499790920515467
177.98350262641907,5.917472510979027,0.14388772655460366,5.943737843308222,0.15981423878091983
178.03492212295532,5.917472510979027,0.14388772655460366,5.947435279174639,0.15455816664231914
178.0879168510437,5.917472510979027,0.14388772655460366,5.951115134888389,0.14913109037175964
178.13832926750183,5.917472510979027,0.14388772655460366,5.954492320163302,0.14395938039293793
178.18890047073364,5.917472510979027,0.14388772655460366,5.957759214676869,0.13876279901136046
178.23959589004517,5.917472510979027,0.14388772655460366,5.9609124921017,0.13354513970558146
178.29043865203857,5.917472510979027,0.14388772655460366,5.963952537799182,0.12830427149819063
178.34102320671082,5.960965658296052,0.07850532970854064,5.966855431454395,0.12308233923643003
178.39392375946045,5.960965658296052,0.07850532970854064,5.969761291343438,0.11761346854297802
178.44452571868896,5.960965658296052,0.07850532970854064,5.9724165039374535,0.11237503880144661
178.4949254989624,5.960965658296052,0.07850532970854064,5.97494015117182,0.10715086911204996
178.54542231559753,5.960965658296052,0.07850532970854064,5.977347535153491,0.10191027733847813
178.59722185134888,5.960965658296052,0.07850532970854064,5.979690995674595,0.0965281973189274
178.64790534973145,5.960965658296052,0.07850532970854064,5.981860371887727,0.09125623067508765
178.69858598709106,5.960965658296052,0.07850532970854064,5.983907336899431,0.0859790992636455
178.7489902973175,5.960965658296052,0.07850532970854064,5.985821806620917,0.08072563628217835
178.79943346977234,5.960965658296052,0.07850532970854064,5.987616564942061,0.07546333932203939
178.84995460510254,5.960965658296052,0.07850532970854064,5.989292539939898,0.07018842602403447
178.90085291862488,5.960965658296052,0.07850532970854064,5.990857970934131,0.06486991281264942
178.95170736312866,5.960965658296052,0.07850532970854064,5.99229866135696,0.059552074696290674
179.00219535827637,5.960965658296052,0.07850532970854064,5.993606928559155,0.05426900753382885
179.05290007591248,5.98070023929204,0.009643349311093351,5.994798396159139,0.04896002109922054
179.10380148887634,5.98070023929204,0.009643349311093351,5.995871065235198,0.04362749246289484
179.1543092727661,5.98070023929204,0.009643349311093351,5.9968131854624716,0.03833359912537816
179.20506477355957,5.98070023929204,0.009643349311093351,5.997637227570243,0.033011448921059006
179.2558045387268,5.98070023929204,0.009643349311093351,5.9983380531088635,0.027688969969439495
179.3065631389618,5.98070023929204,0.009643349311093351,5.998916111802131,0.02236285501923508
179.35742712020874,5.98070023929204,0.009643349311093351,5.999371923660927,0.017024337333550923
179.40813517570496,5.98070023929204,0.009643349311093351,5.999703320186073,0.01170116431426104
179.4585018157959,5.98070023929204,0.009643349311093351,5.9999108862708574,0.006413138071344597
179.50927710533142,5.98070023929204,0.009643349311093351,5.999997464249743,0.0010818250334818408
