t,x_real,y_real,x_desejado,y_desejado
2.86102294921875e-06,6.339850946367579,0.00017380525370076487,5.999999999999805,-3.004074096679595e-07
1.3784825801849365,6.025949101682819,0.00013174784533420315,5.954674290111477,-0.1436751298549162
1.428999662399292,6.025949101682819,0.00013174784533420315,5.951296589116715,-0.14885804627415855
1.480492353439331,6.025949101682819,0.00013174784533420315,5.947729350959349,-0.1541319258176449
1.531773567199707,6.025949101682819,0.00013174784533420315,5.944052126202205,-0.15937465919772142
1.5821828842163086,6.025949101682819,0.00013174784533420315,5.940316281915063,-0.1645187122538342
1.6349213123321533,6.025949101682819,0.00013174784533420315,5.936279367584884,-0.1698899785813089
1.6854016780853271,6.025949101682819,0.00013174784533420315,5.932292348426629,-0.1750209256498091
1.7357831001281738,6.025949101682819,0.00013174784533420315,5.928193330495029,-0.18013141810981104
1.787569522857666,6.025949101682819,0.00013174784533420315,5.923855352687145,-0.18537327976920853
1.8380827903747559,5.86509899840984,-0.0016917693222417568,5.919502381672265,-0.19047506860891228
1.8886983394622803,5.86509899840984,-0.0016917693222417568,5.915020206794528,-0.1955757788052449
1.9392030239105225,5.86509899840984,-0.0016917693222417568,5.910427837883233,-0.20065362575473816
1.989682674407959,5.86509899840984,-0.0016917693222417568,5.905718061517541,-0.20571697926043292
2.0401721000671387,5.86509899840984,-0.0016917693222417568,5.900887793947774,-0.2107690299766135
2.0906472206115723,5.86509899840984,-0.0016917693222417568,5.8959394674144034,-0.21580706433417807
2.1416585445404053,5.86509899840984,-0.0016917693222417568,5.8908173715328545,-0.22088552274444756
2.1923491954803467,5.86509899840984,-0.0016917693222417568,5.88560689812631,-0.2259187056199765
2.2431256771087646,5.86509899840984,-0.0016917693222417568,5.880267223269395,-0.23094675850376772
2.2940561771392822,5.86509899840984,-0.0016917693222417568,5.874790448651689,-0.2359760258745459
2.3453056812286377,5.86509899840984,-0.0016917693222417568,5.869157275058942,-0.24102228873157194
2.3965847492218018,5.86509899840984,-0.0016917693222417568,5.863398404618665,-0.24605658262986596
2.447411060333252,5.86509899840984,-0.0016917693222417568,5.857569651641445,-0.25103142783498744
2.4981329441070557,5.86509899840984,-0.0016917693222417568,5.851633188102637,-0.25598085681951555
2.548668146133423,5.86509899840984,-0.0016917693222417568,5.845599808403164,-0.2608966699521902
2.5991499423980713,5.86509899840984,-0.0016917693222417568,5.839454586916941,-0.2657916396828198
2.6497044563293457,5.771707758111101,-0.22764767186918855,5.83318224603385,-0.270677685368812
2.7005224227905273,5.771707758111101,-0.22764767186918855,5.826758086843769,-0.27557277788841195
2.75111985206604,5.771707758111101,-0.22764767186918855,5.82024329216253,-0.2804299733811715
2.8016583919525146,5.771707758111101,-0.22764767186918855,5.813618181472975,-0.2852646268538206
2.8521182537078857,5.771707758111101,-0.22764767186918855,5.806885984039811,-0.2900746158599178
2.902564287185669,5.771707758111101,-0.22764767186918855,5.800038527022223,-0.29486587213464766
2.9531071186065674,5.771707758111101,-0.22764767186918855,5.793060664788379,-0.29964856245168436
3.007913112640381,5.771707758111101,-0.22764767186918855,5.7853617793319945,-0.3048142266596412
3.0633773803710938,5.771707758111101,-0.22764767186918855,5.777430322052329,-0.3100199132780309
3.114382743835449,5.771707758111101,-0.22764767186918855,5.7700122868899655,-0.3147872139503465
3.1652050018310547,5.771707758111101,-0.22764767186918855,5.762502697155885,-0.3195181370910757
3.215993642807007,5.771707758111101,-0.22764767186918855,5.754880396540708,-0.3242264218416502
3.2665488719940186,5.771707758111101,-0.22764767186918855,5.747176474528376,-0.32889340435137915
3.3171520233154297,5.771707758111101,-0.22764767186918855,5.739348881688571,-0.33354486959866114
3.3676726818084717,5.638951955123752,-0.3400811138013365,5.731418092890673,-0.3381685575936312
3.418398857116699,5.638951955123752,-0.3400811138013365,5.723338658251185,-0.34279045956528087
3.4692134857177734,5.638951955123752,-0.3400811138013365,5.715128400193491,-0.34739943521142724
3.5201613903045654,5.638951955123752,-0.3400811138013365,5.706779505903102,-0.3519991161681604
3.5706329345703125,5.638951955123752,-0.3400811138013365,5.698393251074224,-0.35653438728213227
3.6211936473846436,5.638951955123752,-0.3400811138013365,5.689877191551826,-0.3610560223655863
3.671757698059082,5.638951955123752,-0.3400811138013365,5.681245666842616,-0.36555599785006543
3.7228055000305176,5.638951955123752,-0.3400811138013365,5.672415207327828,-0.370076457285583
3.7747294902801514,5.638951955123752,-0.3400811138013365,5.663313459762085,-0.37465094019244605
3.8252270221710205,5.638951955123752,-0.3400811138013365,5.654346157164681,-0.3790766637048171
3.8759312629699707,5.638951955123752,-0.3400811138013365,5.645227669931069,-0.3834973072158392
3.926389694213867,5.638951955123752,-0.3400811138013365,5.636039721442445,-0.3878731607748127
3.97749662399292,5.638951955123752,-0.3400811138013365,5.62661832097446,-0.3922812108187945
4.028575420379639,5.638951955123752,-0.3400811138013365,5.617086322045779,-0.396662367632342
4.079499244689941,5.638951955123752,-0.3400811138013365,5.607468241945057,-0.4010055941686619
4.130350351333618,5.456995818745707,-0.3471716496929172,5.59774954271187,-0.40531778409866903
4.18104100227356,5.456995818745707,-0.3471716496929172,5.587948006341845,-0.4095913841822274
4.231514930725098,5.456995818745707,-0.3471716496929172,5.5780760049927665,-0.41382164934801136
4.282421588897705,5.456995818745707,-0.3471716496929172,5.568006025154452,-0.4180625676592873
4.333823919296265,5.456995818745707,-0.3471716496929172,5.557722742375468,-0.4223183910845869
4.384375810623169,5.456995818745707,-0.3471716496929172,5.547496880605568,-0.4264776601754454
4.434939622879028,5.456995818745707,-0.3471716496929172,5.5371570342706615,-0.4306116988720522
4.485637903213501,5.456995818745707,-0.3471716496929172,5.526677900698104,-0.43473013628383017
4.536411285400391,5.456995818745707,-0.3471716496929172,5.516071302770326,-0.43882770806085936
4.587102651596069,5.456995818745707,-0.3471716496929172,5.505370333696642,-0.44289146426621173
4.637650728225708,5.456995818745707,-0.3471716496929172,5.494588920249278,-0.44691640097478136
4.688142776489258,5.456995818745707,-0.3471716496929172,5.483709355354916,-0.4509093573356524
4.738678455352783,5.456995818745707,-0.3471716496929172,5.472710459169283,-0.4548779550148643
4.789842367172241,5.456995818745707,-0.3471716496929172,5.461463055288087,-0.4588672713623665
4.840466499328613,5.456995818745707,-0.3471716496929172,5.4502238814103245,-0.4627858893739638
4.890984058380127,5.28467532585958,-0.45504331799532893,5.43889913237803,-0.46666762035873144
4.941447973251343,5.28467532585958,-0.45504331799532893,5.427477725082653,-0.47051640228986225
4.991921663284302,5.28467532585958,-0.45504331799532893,5.415945712732595,-0.47433684576672874
5.0422890186309814,5.28467532585958,-0.45504331799532893,5.404330200943521,-0.47811998385845
5.094224214553833,5.28467532585958,-0.45504331799532893,5.392240643672544,-0.4819900038258407
5.147071599960327,5.28467532585958,-0.45504331799532893,5.379821822373717,-0.4858955222854362
5.197968482971191,5.28467532585958,-0.45504331799532893,5.367750158818604,-0.4896256523757314
5.248626708984375,5.28467532585958,-0.45504331799532893,5.355627043643173,-0.49330758554716847
5.299123764038086,5.28467532585958,-0.45504331799532893,5.343435492437155,-0.496947057261903
5.3498146533966064,5.28467532585958,-0.45504331799532893,5.331089977324806,-0.5005693650742551
5.403665065765381,5.28467532585958,-0.45504331799532893,5.317857679789514,-0.5043829888539044
5.454407215118408,5.28467532585958,-0.45504331799532893,5.305278881813636,-0.5079437309883832
5.505093097686768,5.28467532585958,-0.45504331799532893,5.292607514364429,-0.511468531111944
5.555490255355835,5.28467532585958,-0.45504331799532893,5.279903069987233,-0.5149412969836848
5.6063072681427,5.28467532585958,-0.45504331799532893,5.266986812318526,-0.5184104764512867
5.656691551208496,5.096267049916131,-0.5107571854943699,5.2540757826130084,-0.5218176273405353
5.707095384597778,5.096267049916131,-0.5107571854943699,5.241055669784171,-0.5251934852707323
5.757500171661377,5.096267049916131,-0.5107571854943699,5.2279315149954275,-0.5285365384223186
5.807945251464844,5.096267049916131,-0.5107571854943699,5.214693251614706,-0.5318491099364149
5.85863733291626,5.096267049916131,-0.5107571854943699,5.201286055495328,-0.5351442431768265
5.909484148025513,5.096267049916131,-0.5107571854943699,5.187733404605186,-0.5384152915018681
5.960973262786865,5.096267049916131,-0.5107571854943699,5.173903199981388,-0.5416925604264147
6.012539386749268,5.096267049916131,-0.5107571854943699,5.1599453795650705,-0.5449390758737616
6.063338756561279,5.096267049916131,-0.5107571854943699,5.146090795083837,-0.5481021787182991
6.114183664321899,5.096267049916131,-0.5107571854943699,5.132120452579634,-0.55123294887949
6.164809465408325,5.096267049916131,-0.5107571854943699,5.118107920889129,-0.5543150295495074
6.215533256530762,5.096267049916131,-0.5107571854943699,5.103966127419601,-0.5573676117633402
6.265927314758301,5.096267049916131,-0.5107571854943699,5.089815346531674,-0.5603649615858699
6.316394567489624,5.096267049916131,-0.5107571854943699,5.075543533448533,-0.5633310802875982
6.367698431015015,5.096267049916131,-0.5107571854943699,5.060932406444351,-0.5663096285604758
6.418917894363403,4.864623170046581,-0.5527919901091694,5.046242347900796,-0.5692460842456906
6.469447612762451,4.864623170046581,-0.5527919901091694,5.0316496394581485,-0.5721063466247827
6.520188331604004,4.864623170046581,-0.5527919901091694,5.016895919957973,-0.5749416906031641
6.570753574371338,4.864623170046581,-0.5527919901091694,5.002093801253965,-0.5777302518786982
6.621500253677368,4.864623170046581,-0.5527919901091694,4.987139131999971,-0.5804914773339103
6.671926021575928,4.864623170046581,-0.5527919901091694,4.972180704983545,-0.5831979609828735
6.722485542297363,4.864623170046581,-0.5527919901091694,4.957084542552508,-0.5858740885387388
6.772874355316162,4.864623170046581,-0.5527919901091694,4.941942006441792,-0.5885035638116527
6.823173761367798,4.864623170046581,-0.5527919901091694,4.926729765808157,-0.5910907006311048
6.873615264892578,4.864623170046581,-0.5527919901091694,4.911378005398547,-0.5936471282107303
6.9243199825286865,4.864623170046581,-0.5527919901091694,4.89584905497944,-0.5961783055609493
6.976872682571411,4.864623170046581,-0.5527919901091694,4.879651803517345,-0.5987606677872139
7.027347803115845,4.864623170046581,-0.5527919901091694,4.863997185491925,-0.6012013619981098
7.078352928161621,4.864623170046581,-0.5527919901091694,4.848081323341049,-0.6036280689600093
7.130230188369751,4.6292428668111905,-0.6046222953324932,4.8317938191755925,-0.6060551946547288
7.1832664012908936,4.6292428668111905,-0.6046222953324932,4.815039131267065,-0.6084934828842976
7.233916759490967,4.6292428668111905,-0.6046222953324932,4.79894103496015,-0.610781218968997
7.284395456314087,4.6292428668111905,-0.6046222953324932,4.782803467583956,-0.6130212668146946
7.335104942321777,4.6292428668111905,-0.6046222953324932,4.766497980498115,-0.6152312059279503
7.3870689868927,4.6292428668111905,-0.6046222953324932,4.749691607186353,-0.6174536455499182
7.438906192779541,4.6292428668111905,-0.6046222953324932,4.732828345941259,-0.6196279072345998
7.489425182342529,4.6292428668111905,-0.6046222953324932,4.7163002160791825,-0.6217055816040244
7.540013551712036,4.6292428668111905,-0.6046222953324932,4.699657090045043,-0.6237450567004763
7.593622922897339,4.6292428668111905,-0.6046222953324932,4.68191971186206,-0.6258612656593034
7.644970178604126,4.6292428668111905,-0.6046222953324932,4.664834369494013,-0.6278444914626873
7.695964813232422,4.6292428668111905,-0.6046222953324932,4.647773399739126,-0.629771583540321
7.746880054473877,4.6292428668111905,-0.6046222953324932,4.630646971429085,-0.631653204840398
7.797539234161377,4.6292428668111905,-0.6046222953324932,4.613515816964642,-0.633483047713288
7.849491119384766,4.6292428668111905,-0.6046222953324932,4.595853805313315,-0.6353155414292795
7.899989366531372,4.39783052639986,-0.6268282840746183,4.578595446729282,-0.6370538217383088
7.950519561767578,4.39783052639986,-0.6268282840746183,4.561237233868862,-0.6387506394571316
8.001362800598145,4.39783052639986,-0.6268282840746183,4.54368209728912,-0.6404148060798911
8.0522301197052,4.39783052639986,-0.6268282840746183,4.5260293303357315,-0.6420362430619106
8.102718114852905,4.39783052639986,-0.6268282840746183,4.5084202696838185,-0.6436023594311071
8.1534903049469,4.39783052639986,-0.6268282840746183,4.490624155166056,-0.645133673368401
8.203925371170044,4.39783052639986,-0.6268282840746183,4.472859311278079,-0.6466113309605792
8.254470825195312,4.39783052639986,-0.6268282840746183,4.4549691071899575,-0.6480485553812259
8.309565305709839,4.39783052639986,-0.6268282840746183,4.435370681915091,-0.6495651238762936
8.360359191894531,4.39783052639986,-0.6268282840746183,4.417211853310557,-0.6509169083601472
8.412113666534424,4.39783052639986,-0.6268282840746183,4.39862103067752,-0.6522482773894236
8.462859630584717,4.39783052639986,-0.6268282840746183,4.38030609203491,-0.653508460091603
8.513363361358643,4.39783052639986,-0.6268282840746183,4.361994080683507,-0.6547179750685597
8.564057111740112,4.39783052639986,-0.6268282840746183,4.343528824100641,-0.655887070867236
8.614664316177368,4.128944442302437,-0.6461884981280652,4.325011230340412,-0.6570090607713994
8.66693663597107,4.128944442302437,-0.6461884981280652,4.305796841552244,-0.6581204672854173
8.717558860778809,4.128944442302437,-0.6461884981280652,4.287104676019523,-0.6591506102898128
8.768004655838013,4.128944442302437,-0.6461884981280652,4.268395554251651,-0.6601317946599563
8.81843614578247,4.128944442302437,-0.6461884981280652,4.24961024380253,-0.6610672681098202
8.869005680084229,4.128944442302437,-0.6461884981280652,4.230692129267301,-0.6619595275190626
8.919560432434082,4.128944442302437,-0.6461884981280652,4.211698521685679,-0.6628055485734461
8.971848011016846,4.128944442302437,-0.6461884981280652,4.191969127402034,-0.6636320376382183
9.030089855194092,4.128944442302437,-0.6461884981280652,4.169892164473731,-0.6644943359008493
9.080545902252197,4.128944442302437,-0.6461884981280652,4.150681019970481,-0.66519150883863
9.13106894493103,4.128944442302437,-0.6461884981280652,4.13136535348017,-0.6658430722305171
9.1817045211792,4.128944442302437,-0.6461884981280652,4.111927780140414,-0.6664492128776298
9.23233938217163,4.128944442302437,-0.6461884981280652,4.0924119608534735,-0.6670082689287298
9.284733533859253,3.852158497825854,-0.6624252024101491,4.0721358922560285,-0.6675370326631802
9.335774183273315,3.852158497825854,-0.6624252024101491,4.052303718779939,-0.6680033597595632
9.387046575546265,3.852158497825854,-0.6624252024101491,4.032302583524615,-0.6684231850779929
9.437599897384644,3.852158497825854,-0.6624252024101491,4.012504976521843,-0.6687892680756571
9.488008499145508,3.852158497825854,-0.6624252024101491,3.992688393920788,-0.669106848744913
9.53844141960144,3.852158497825854,-0.6624252024101491,3.972787108975299,-0.669377022949309
9.588973999023438,3.852158497825854,-0.6624252024101491,3.952771572169834,-0.6695998810002886
9.639404773712158,3.852158497825854,-0.6624252024101491,3.932722044874785,-0.6697744016218419
9.690073251724243,3.852158497825854,-0.6624252024101491,3.91250371333677,-0.6699014307599684
9.743289709091187,3.852158497825854,-0.6624252024101491,3.8911889798490025,-0.669982559487412
9.794005155563354,3.852158497825854,-0.6624252024101491,3.8708004965508542,-0.670009883817706
9.84552526473999,3.852158497825854,-0.6624252024101491,3.8500135956933956,-0.6699875489132969
9.896610498428345,3.852158497825854,-0.6624252024101491,3.829328075688652,-0.6699154204228766
9.947470426559448,3.852158497825854,-0.6624252024101491,3.8086609923165358,-0.6697940391565167
9.998289346694946,3.572653818591571,-0.6602164414624845,3.787938507978109,-0.6696232276682754
10.048880100250244,3.572653818591571,-0.6602164414624845,3.7672379898458894,-0.6694038844261718
10.099313259124756,3.572653818591571,-0.6602164414624845,3.7465318476725935,-0.669136145802089
10.149749279022217,3.572653818591571,-0.6602164414624845,3.725755000519248,-0.668819267454146
10.200225830078125,3.572653818591571,-0.6602164414624845,3.704892316597763,-0.6684528327282906
10.2507803440094,3.572653818591571,-0.6602164414624845,3.6839285603806498,-0.6680362809646976
10.301440715789795,3.572653818591571,-0.6602164414624845,3.6628522718619205,-0.6675689977596511
10.352187395095825,3.572653818591571,-0.6602164414624845,3.6416716810554925,-0.667050766639941
10.402775287628174,3.572653818591571,-0.6602164414624845,3.620489718627922,-0.6664840872607813
10.453198671340942,3.572653818591571,-0.6602164414624845,3.59930991255551,-0.6658693949630461
10.503710985183716,3.572653818591571,-0.6602164414624845,3.578026444357495,-0.6652036061548285
10.554136991500854,3.572653818591571,-0.6602164414624845,3.5567136315361627,-0.6644889226743569
10.604898929595947,3.572653818591571,-0.6602164414624845,3.5351930164768515,-0.6637188845340063
10.655603408813477,3.572653818591571,-0.6602164414624845,3.513631331586322,-0.662898940822434
10.706573963165283,3.2595673956890203,-0.6492355278396305,3.491891094695193,-0.6620234446835465
10.756998062133789,3.2595673956890203,-0.6492355278396305,3.470319905051714,-0.6611066765821261
10.807655096054077,3.2595673956890203,-0.6492355278396305,3.4485854382903733,-0.660134842667512
10.858164310455322,3.2595673956890203,-0.6492355278396305,3.426851394196341,-0.6591150258167207
10.908647298812866,3.2595673956890203,-0.6492355278396305,3.4050662740173436,-0.6580449418166912
10.959207534790039,3.2595673956890203,-0.6492355278396305,3.383185830147119,-0.656922230363731
11.00971794128418,3.2595673956890203,-0.6492355278396305,3.3612655063749948,-0.655749583747752
11.060498714447021,3.2595673956890203,-0.6492355278396305,3.3391664484853756,-0.6545191464749047
11.111275672912598,3.2595673956890203,-0.6492355278396305,3.317008002126955,-0.6532370706302464
11.163353443145752,3.2595673956890203,-0.6492355278396305,3.2942190215280744,-0.6518683288164748
11.214991331100464,3.2595673956890203,-0.6492355278396305,3.2715602053192185,-0.6504572484501168
11.268133878707886,3.2595673956890203,-0.6492355278396305,3.2481769127931823,-0.6489489223837865
11.320832967758179,3.2595673956890203,-0.6492355278396305,3.2249249861171494,-0.6473968716872065
11.372098684310913,3.2595673956890203,-0.6492355278396305,3.2022451177053917,-0.6458331463760238
11.422564268112183,2.959443091350265,-0.6319911779502878,3.1798615937827424,-0.6442418438928668
11.473032712936401,2.959443091350265,-0.6319911779502878,3.1574201292857804,-0.6425988014130946
11.523695945739746,2.959443091350265,-0.6319911779502878,3.1348355630381723,-0.6408973974057268
11.5742027759552,2.959443091350265,-0.6319911779502878,3.1122648989402864,-0.6391492993431935
11.624680042266846,2.959443091350265,-0.6319911779502878,3.0896522778652464,-0.6373503386058279
11.67519211769104,2.959443091350265,-0.6319911779502878,3.06696936954951,-0.6354981495281451
11.725675344467163,2.959443091350265,-0.6319911779502878,3.04424526712624,-0.6335949956701663
11.776347160339355,2.959443091350265,-0.6319911779502878,3.0213823589249245,-0.6316323727422666
11.827932596206665,2.959443091350265,-0.6319911779502878,2.9980522846407887,-0.6295804189324841
11.8787682056427,2.959443091350265,-0.6319911779502878,2.975007631579145,-0.6275049884586013
11.929346084594727,2.959443091350265,-0.6319911779502878,2.9520274435819975,-0.6253875143171199
11.980937242507935,2.959443091350265,-0.6319911779502878,2.9285335993591493,-0.6231735459852694
12.03177261352539,2.959443091350265,-0.6319911779502878,2.9053318467872806,-0.6209385449270619
12.082395792007446,2.959443091350265,-0.6319911779502878,2.8821760997558146,-0.6186600840835674
12.133028268814087,2.641709153603113,-0.60070912892949,2.858965881171111,-0.6163284651098007
12.183647394180298,2.641709153603113,-0.60070912892949,2.83571211041136,-0.6139446927835732
12.234243631362915,2.641709153603113,-0.60070912892949,2.8124197529195056,-0.6115092302721195
12.284811019897461,2.641709153603113,-0.60070912892949,2.789092159181571,-0.6090224047985928
12.33555269241333,2.641709153603113,-0.60070912892949,2.7656359464106206,-0.606473959915629
12.386110782623291,2.641709153603113,-0.60070912892949,2.7422170918312885,-0.6038818468470892
12.437245845794678,2.641709153603113,-0.60070912892949,2.718483290106524,-0.6012064171636657
12.487670660018921,2.641709153603113,-0.60070912892949,2.6950327145442836,-0.5985151959562915
12.539654731750488,2.641709153603113,-0.60070912892949,2.67080929042492,-0.5956856770427996
12.590468645095825,2.641709153603113,-0.60070912892949,2.6470848843186574,-0.5928657772672734
12.640841484069824,2.641709153603113,-0.60070912892949,2.6235218216108076,-0.5900175640285603
12.691468238830566,2.641709153603113,-0.60070912892949,2.599795791743862,-0.5871020100453377
12.74190354347229,2.641709153603113,-0.60070912892949,2.5761159684070742,-0.5841446426608874
12.792210817337036,2.641709153603113,-0.60070912892949,2.5524535225445177,-0.581142223646526
12.842587232589722,2.288647627622117,-0.5571417757348995,2.528716322018152,-0.5780830588477519
12.893262147903442,2.288647627622117,-0.5571417757348995,2.50479637164643,-0.5749526257581703
12.944782018661499,2.288647627622117,-0.5571417757348995,2.480434857049583,-0.5717153409853535
12.995519161224365,2.288647627622117,-0.5571417757348995,2.4564019177828684,-0.5684733687654542
13.04686713218689,2.288647627622117,-0.5571417757348995,2.4320382364654844,-0.5651379269141033
13.097373962402344,2.288647627622117,-0.5571417757348995,2.4080335751357556,-0.5618036874817309
13.148112058639526,2.288647627622117,-0.5571417757348995,2.3838795216184305,-0.5584008141623196
13.198662996292114,2.288647627622117,-0.5571417757348995,2.359775764464594,-0.5549572947156354
13.250331163406372,2.288647627622117,-0.5571417757348995,2.3350998355832235,-0.5513827929403252
13.300833463668823,2.288647627622117,-0.5571417757348995,2.310942719002201,-0.5478353335501929
13.351239442825317,2.288647627622117,-0.5571417757348995,2.286794778099689,-0.5442417895336784
13.4016592502594,2.288647627622117,-0.5571417757348995,2.262603879003429,-0.5405944403862226
13.452163934707642,2.288647627622117,-0.5571417757348995,2.238336373366621,-0.5368879957911248
13.502567052841187,2.288647627622117,-0.5571417757348995,2.2140824113215447,-0.5331361711761708
13.55312991142273,1.9501517528081984,-0.5051824769623668,2.1897167405937066,-0.5293194327370667
13.60573148727417,1.9501517528081984,-0.5051824769623668,2.164332192237452,-0.5252924505882524
13.6562979221344,1.9501517528081984,-0.5051824769623668,2.1398953025209027,-0.5213671114351208
13.706682443618774,1.9501517528081984,-0.5051824769623668,2.115513280881703,-0.5174031029607109
13.757982730865479,1.9501517528081984,-0.5051824769623668,2.090654780754906,-0.5133129223473052
13.80858302116394,1.9501517528081984,-0.5051824769623668,2.066103100991911,-0.5092250723760929
13.859388828277588,1.9501517528081984,-0.5051824769623668,2.0414199157589654,-0.5050672031479939
13.91104006767273,1.9501517528081984,-0.5051824769623668,2.016293919974617,-0.5007853006377019
13.962120056152344,1.9501517528081984,-0.5051824769623668,1.991414588437193,-0.49649639738641405
14.013089179992676,1.9501517528081984,-0.5051824769623668,1.9665588799997566,-0.49216295057921045
14.063725233078003,1.9501517528081984,-0.5051824769623668,1.9418361161325528,-0.48780458298505547
14.114144802093506,1.9501517528081984,-0.5051824769623668,1.9171904095581083,-0.48341215461005804
14.165180921554565,1.9501517528081984,-0.5051824769623668,1.8922147872745565,-0.47891249717405904
14.215642929077148,1.9501517528081984,-0.5051824769623668,1.8674924502271386,-0.47441055464414505
14.266224384307861,1.9501517528081984,-0.5051824769623668,1.8426845434476742,-0.46984520208891345
14.316648960113525,1.5999751000311722,-0.4407878293966489,1.8179271792134537,-0.46524147676124095
14.366991996765137,1.5999751000311722,-0.4407878293966489,1.793184108273174,-0.4605929122632326
14.417418956756592,1.5999751000311722,-0.4407878293966489,1.7683745606457761,-0.45588426835236806
14.46791696548462,1.5999751000311722,-0.4407878293966489,1.7435053113357397,-0.4511165498105649
14.518436431884766,1.5999751000311722,-0.4407878293966489,1.7186012739191825,-0.4462943406776243
14.569119215011597,1.5999751000311722,-0.4407878293966489,1.6935929477909266,-0.44140386038729273
14.619554996490479,1.5999751000311722,-0.4407878293966489,1.6686834146132177,-0.4364848817714613
14.670206785202026,1.5999751000311722,-0.4407878293966489,1.6436445851516637,-0.4314923483598241
14.721156597137451,1.5999751000311722,-0.4407878293966489,1.6184361417483428,-0.4264174300355812
14.77172064781189,1.5999751000311722,-0.4407878293966489,1.593397024667445,-0.4213284292702504
14.822139978408813,1.5999751000311722,-0.4407878293966489,1.5684087709696164,-0.41620196902134765
14.872596740722656,1.5999751000311722,-0.4407878293966489,1.5433817308503617,-0.4110197545146015
14.923381567001343,1.5999751000311722,-0.4407878293966489,1.5181720941377606,-0.40575143276090797
14.974141597747803,1.5999751000311722,-0.4407878293966489,1.4929554119949358,-0.4004332035578537
15.024604320526123,1.2421611282780871,-0.3660651611063567,1.4678678122926547,-0.3950941832215902
15.07516622543335,1.2421611282780871,-0.3660651611063567,1.4427128532151607,-0.38969279640835097
15.125510454177856,1.2421611282780871,-0.3660651611063567,1.417648797408006,-0.384263143769183
15.176153659820557,1.2421611282780871,-0.3660651611063567,1.3924189494340466,-0.37874945097452484
15.226722240447998,1.2421611282780871,-0.3660651611063567,1.367209885672199,-0.3731921229119415
15.277567148208618,1.2421611282780871,-0.3660651611063567,1.3418471251414994,-0.3675523576370865
15.328384399414062,1.2421611282780871,-0.3660651611063567,1.316482758900729,-0.36186357004027636
15.378988027572632,1.2421611282780871,-0.3660651611063567,1.2912102874236089,-0.35614702924546604
15.432758092880249,1.2421611282780871,-0.3660651611063567,1.2643409603281033,-0.3500163786157997
15.483620882034302,1.2421611282780871,-0.3660651611063567,1.2389103518086628,-0.3441638039768953
15.53435754776001,1.2421611282780871,-0.3660651611063567,1.213529758730954,-0.3382741070787594
15.585453033447266,1.2421611282780871,-0.3660651611063567,1.1879570819340641,-0.33229072805562687
15.636262655258179,1.2421611282780871,-0.3660651611063567,1.1625155276720198,-0.3262891408436488
15.687684297561646,1.2421611282780871,-0.3660651611063567,1.1367559772246545,-0.3201628844218165
15.738875150680542,0.8760643503557094,-0.27787915877555186,1.11110109381934,-0.3140118839322943
15.789684057235718,0.8760643503557094,-0.27787915877555186,1.085627407907592,-0.3078553352976461
15.840688228607178,0.8760643503557094,-0.27787915877555186,1.0600461635083795,-0.30162368112901383
15.891968011856079,0.8760643503557094,-0.27787915877555186,1.0343175143644578,-0.29530649379727647
15.943013191223145,0.8760643503557094,-0.27787915877555186,1.008698024982877,-0.2889666699646085
15.994021892547607,0.8760643503557094,-0.27787915877555186,0.9830889069079152,-0.28258011920726034
16.04474711418152,0.8760643503557094,-0.27787915877555186,0.9576148181744017,-0.27617835613422104
16.096907377243042,0.8760643503557094,-0.27787915877555186,0.9314130736599494,-0.26954286855738685
16.147319316864014,0.8760643503557094,-0.27787915877555186,0.9060834187208188,-0.2630792062093441
16.197814464569092,0.8760643503557094,-0.27787915877555186,0.8807064659734553,-0.2565551413489793
16.248324155807495,0.8760643503557094,-0.27787915877555186,0.8553172711180966,-0.24997951414228048
16.298901796340942,0.8760643503557094,-0.27787915877555186,0.8298895422964346,-0.24334536551344454
16.34950041770935,0.8760643503557094,-0.27787915877555186,0.8044474473426332,-0.23665884265743298
16.40027666091919,0.8760643503557094,-0.27787915877555186,0.7789127713452304,-0.2298990735297548
16.45106554031372,0.5160890221241689,-0.18117559132853636,0.7533690369188544,-0.2230878651965651
16.501731872558594,0.5160890221241689,-0.18117559132853636,0.7278848119394608,-0.21624363252861833
16.552372455596924,0.5160890221241689,-0.18117559132853636,0.7024119864128618,-0.20935364251197797
16.603339433670044,0.5160890221241689,-0.18117559132853636,0.6767739877664362,-0.20236967336441625
16.653862237930298,0.5160890221241689,-0.18117559132853636,0.6513590075646514,-0.19539761680475332
16.705929040908813,0.5160890221241689,-0.18117559132853636,0.6251674989451953,-0.18816163467323133
16.75690197944641,0.5160890221241689,-0.18117559132853636,0.5995269922799655,-0.18102780391127293
16.8073570728302,0.5160890221241689,-0.18117559132853636,0.5741482729205565,-0.1739179940829776
16.858076810836792,0.5160890221241689,-0.18117559132853636,0.5486383089099739,-0.16672244405565362
16.908756494522095,0.5160890221241689,-0.18117559132853636,0.5231509304811017,-0.1594841985604809
16.959394931793213,0.5160890221241689,-0.18117559132853636,0.4976872973878912,-0.15220368551941288
17.009867906570435,0.5160890221241689,-0.18117559132853636,0.47231041544398655,-0.14489920076578233
17.060733556747437,0.5160890221241689,-0.18117559132853636,0.44674025510436466,-0.13748979276178241
17.111579418182373,0.5160890221241689,-0.18117559132853636,0.42118477798591614,-0.1300351624743401
17.162134408950806,0.1744916289455107,-0.07864387036298,0.39578075356551223,-0.12257564288391887
17.21261191368103,0.1744916289455107,-0.07864387036298,0.37042145852735064,-0.11508041706667704
17.263108015060425,0.1744916289455107,-0.07864387036298,0.34505917060892566,-0.10753545179225155
17.313636302947998,0.1744916289455107,-0.07864387036298,0.31968763253453936,-0.09993879890215895
17.364058256149292,0.1744916289455107,-0.07864387036298,0.2943769407299732,-0.09231154208056846
17.414570331573486,0.1744916289455107,-0.07864387036298,0.26902903180414783,-0.0846241428253367
17.465075254440308,0.1744916289455107,-0.07864387036298,0.24369329687968833,-0.07689144941523463
17.51658344268799,0.1744916289455107,-0.07864387036298,0.2178636940015911,-0.06895754436861212
17.570899963378906,0.1744916289455107,-0.07864387036298,0.19063675840083438,-0.06053918037707451
17.62134099006653,0.1744916289455107,-0.07864387036298,0.16536313015782955,-0.052673945774360575
17.671854257583618,0.1744916289455107,-0.07864387036298,0.14006416241395225,-0.04475175434002043
17.722447156906128,0.1744916289455107,-0.07864387036298,0.11473675898106495,-0.0367714093744711
17.773202419281006,0.1744916289455107,-0.07864387036298,0.08934014611394936,-0.02871970490902065
17.82384204864502,0.1744916289455107,-0.07864387036298,0.06401400164770665,-0.020640851985256337
17.874654054641724,-0.1809919034657487,0.0389277816150259,0.038614867615051285,-0.012489002441388841
17.925374031066895,-0.1809919034657487,0.0389277816150259,0.013275503109178799,-0.004306645421412014
17.975838899612427,-0.1809919034657487,0.0389277816150259,-0.011922205641073269,0.003879268670575531
18.026565551757812,-0.1809919034657487,0.0389277816150259,-0.03723578941895567,0.012152413011523144
18.078495979309082,-0.1809919034657487,0.0389277816150259,-0.06313408990482727,0.020668185497130676
18.129260063171387,-0.1809919034657487,0.0389277816150259,-0.08843451476952247,0.029037784624515783
18.179808616638184,-0.1809919034657487,0.0389277816150259,-0.11361104212945294,0.03741595433398448
18.231006860733032,-0.1809919034657487,0.0389277816150259,-0.13909383191083446,0.045946479302244825
18.281481981277466,-0.1809919034657487,0.0389277816150259,-0.16419907920382837,0.054400338509901225
18.33202052116394,-0.1809919034657487,0.0389277816150259,-0.1893177877975144,0.06290821818125547
18.382729530334473,-0.1809919034657487,0.0389277816150259,-0.2145024866937798,0.07148824792500674
18.434478521347046,-0.1809919034657487,0.0389277816150259,-0.2401837712035897,0.08028891457129328
18.48503613471985,-0.1809919034657487,0.0389277816150259,-0.26525382091658956,0.08893034781864007
18.539796113967896,-0.1809919034657487,0.0389277816150259,-0.2923847695648206,0.098338194774231
18.590407371520996,-0.5491755184366346,0.1677988841762275,-0.3174384342417589,0.1070775817058025
18.640907049179077,-0.5491755184366346,0.1677988841762275,-0.34241544107472666,0.11583990653962495
18.691331386566162,-0.5491755184366346,0.1677988841762275,-0.36733329150498706,0.1246310210383319
18.74182653427124,-0.5491755184366346,0.1677988841762275,-0.3922636697479507,0.13347619584459025
18.7924644947052,-0.5491755184366346,0.1677988841762275,-0.4172414386290024,0.1423881016175339
18.8430814743042,-0.5491755184366346,0.1677988841762275,-0.44218517790962963,0.15133785337810624
18.893794536590576,-0.5491755184366346,0.1677988841762275,-0.4671519779717407,0.16034603028112393
18.948508501052856,-0.5491755184366346,0.1677988841762275,-0.4940605909653776,0.17011115561108126
18.99899983406067,-0.5491755184366346,0.1677988841762275,-0.5188662310632824,0.1791650209928326
19.049678325653076,-0.5491755184366346,0.1677988841762275,-0.5437379171606764,0.18829312823652478
19.100451946258545,-0.5491755184366346,0.1677988841762275,-0.5686297240492777,0.1974790221826921
19.151896715164185,-0.5491755184366346,0.1677988841762275,-0.5938228847017957,0.2068276130167006
19.20230793952942,-0.5491755184366346,0.1677988841762275,-0.6184823386662847,0.21602846518644503
19.252881288528442,-0.5491755184366346,0.1677988841762275,-0.6431931425277595,0.22529854730909626
19.30342197418213,-0.8969969015766905,0.30262338347728135,-0.6678594795276555,0.2346020832562532
19.354618549346924,-0.8969969015766905,0.30262338347728135,-0.6928163222450014,0.24406632352337443
19.407583475112915,-0.8969969015766905,0.30262338347728135,-0.7186032459753586,0.2538995459898059
19.458527088165283,-0.8969969015766905,0.30262338347728135,-0.7433748498004438,0.26339763735733124
19.509036540985107,-0.8969969015766905,0.30262338347728135,-0.7679045893359746,0.2728534008693546
19.5598304271698,-0.8969969015766905,0.30262338347728135,-0.7925410491242514,0.2824009560806342
19.61061692237854,-0.8969969015766905,0.30262338347728135,-0.8171418943926572,0.2919855283491595
19.661415338516235,-0.8969969015766905,0.30262338347728135,-0.8417159408121493,0.3016105281919974
19.712018966674805,-0.8969969015766905,0.30262338347728135,-0.8661628373769041,0.31123634442772063
19.76270079612732,-0.8969969015766905,0.30262338347728135,-0.8906140517226819,0.32091453387264046
19.814382791519165,-0.8969969015766905,0.30262338347728135,-0.9155127591660163,0.33082210827988234
19.866944074630737,-0.8969969015766905,0.30262338347728135,-0.9407982237831894,0.3409377426549911
19.91759729385376,-0.8969969015766905,0.30262338347728135,-0.9651300712752745,0.3507235960472257
19.97029161453247,-0.8969969015766905,0.30262338347728135,-0.9904046159614719,0.36094249941782364
20.020817041397095,-1.2080951437434133,0.43349722472643926,-1.0146021550033595,0.370777620998187
20.07157802581787,-1.2080951437434133,0.43349722472643926,-1.0388757894582374,0.3806946473270525
20.12327241897583,-1.2080951437434133,0.43349722472643926,-1.0635574102847252,0.39083090762387895
20.173828601837158,-1.2080951437434133,0.43349722472643926,-1.0876576179965098,0.4007797223865861
20.22450876235962,-1.2080951437434133,0.43349722472643926,-1.1117787175588725,0.41078814509373807
20.274998903274536,-1.2080951437434133,0.43349722472643926,-1.135770823654438,0.42079384286544563
20.325525045394897,-1.2080951437434133,0.43349722472643926,-1.1597410020900787,0.43084119078223804
20.376108646392822,-1.2080951437434133,0.43349722472643926,-1.1836988127251777,0.4409342931038358
20.4266197681427,-1.2080951437434133,0.43349722472643926,-1.2075822212619773,0.45104694790677513
20.477832555770874,-1.2080951437434133,0.43349722472643926,-1.2317559972813452,0.461334514702052
20.530075311660767,-1.2080951437434133,0.43349722472643926,-1.2563724440227313,0.47186442231824
20.58075213432312,-1.2080951437434133,0.43349722472643926,-1.2802085292074543,0.48211263176355557
20.631662368774414,-1.2080951437434133,0.43349722472643926,-1.3041117352698093,0.49244141217781223
20.68298888206482,-1.2080951437434133,0.43349722472643926,-1.3281665801169433,0.5028882279006335
20.733960390090942,-1.5413583920733445,0.5805954646903869,-1.3520109949072328,0.5132958771245293
20.784931421279907,-1.5413583920733445,0.5805954646903869,-1.3758107728509144,0.5237361255402555
20.835667610168457,-1.5413583920733445,0.5805954646903869,-1.3994562811194018,0.5341604659704502
20.886616468429565,-1.5413583920733445,0.5805954646903869,-1.4231556021453988,0.54466054449599
20.940046787261963,-1.5413583920733445,0.5805954646903869,-1.447959875342105,0.5557062150949492
20.99197006225586,-1.5413583920733445,0.5805954646903869,-1.4720155996595403,0.5664735610528613
21.042615175247192,-1.5413583920733445,0.5805954646903869,-1.495432183480686,0.5770071156816599
21.093096017837524,-1.5413583920733445,0.5805954646903869,-1.5187261518141142,0.5875369440954894
21.144561529159546,-1.5413583920733445,0.5805954646903869,-1.5424260208747036,0.5983031602386184
21.19517469406128,-1.5413583920733445,0.5805954646903869,-1.5656851599666817,0.6089213055863536
21.24583411216736,-1.5413583920733445,0.5805954646903869,-1.5889171728861073,0.619578889878766
21.29647994041443,-1.5413583920733445,0.5805954646903869,-1.6120940789531713,0.630263065200233
21.347197771072388,-1.5413583920733445,0.5805954646903869,-1.6352544727165528,0.6409916496896173
21.397759675979614,-1.5413583920733445,0.5805954646903869,-1.6582939064789612,0.6517160667872033
21.448665618896484,-1.8787662970927779,0.7413989549712963,-1.6814394293532546,0.6625422284545173
21.49955177307129,-1.8787662970927779,0.7413989549712963,-1.704524644144893,0.673392738509754
21.550654411315918,-1.8787662970927779,0.7413989549712963,-1.727655947572357,0.6843178427775141
21.602147579193115,-1.8787662970927779,0.7413989549712963,-1.7509106876693052,0.6953549508712307
21.653067350387573,-1.8787662970927779,0.7413989549712963,-1.7738533377340577,0.7062969972063082
21.703773260116577,-1.8787662970927779,0.7413989549712963,-1.7966466356056188,0.7172202960882847
21.75542163848877,-1.8787662970927779,0.7413989549712963,-1.8198087299765926,0.7283742276162908
21.80594038963318,-1.8787662970927779,0.7413989549712963,-1.8424101899142666,0.7393108499772612
21.856564044952393,-1.8787662970927779,0.7413989549712963,-1.8650044932224914,0.7502963107302167
21.90708899497986,-1.8787662970927779,0.7413989549712963,-1.887500285523116,0.7612861289188468
21.957547426223755,-1.8787662970927779,0.7413989549712963,-1.9099116979639514,0.7722868768877564
22.008158922195435,-1.8787662970927779,0.7413989549712963,-1.9323356521215842,0.7833461880196682
22.05878210067749,-1.8787662970927779,0.7413989549712963,-1.954708769925198,0.7944329846163809
22.11001181602478,-1.8787662970927779,0.7413989549712963,-1.9772924438949664,0.8056776868159812
22.161582946777344,-2.183142349123108,0.8982940877873095,-1.9999677127434432,0.817022476657157
22.212568044662476,-2.183142349123108,0.8982940877873095,-2.022326728184085,0.8282628311492326
22.263415575027466,-2.183142349123108,0.8982940877873095,-2.044566934097869,0.8394967820543564
22.31485652923584,-2.183142349123108,0.8982940877873095,-2.067006794424641,0.8508858281300924
22.36563205718994,-2.183142349123108,0.8982940877873095,-2.0890968255305973,0.8621508878736788
22.416179656982422,-2.183142349123108,0.8982940877873095,-2.111028470344391,0.8733880931364544
22.466785669326782,-2.183142349123108,0.8982940877873095,-2.132925811166857,0.8846606688062666
22.518317461013794,-2.183142349123108,0.8982940877873095,-2.155161941961416,0.8961621504819712
22.56876301765442,-2.183142349123108,0.8982940877873095,-2.1768685055246824,0.9074430446626005
22.61916732788086,-2.183142349123108,0.8982940877873095,-2.1984967431100193,0.9187359877942094
22.669769763946533,-2.183142349123108,0.8982940877873095,-2.2201486405988176,0.9300943895075764
22.720247745513916,-2.183142349123108,0.8982940877873095,-2.241685595519336,0.9414455671166517
22.771395444869995,-2.183142349123108,0.8982940877873095,-2.2634449954050133,0.9529681161375754
22.822115182876587,-2.183142349123108,0.8982940877873095,-2.2849589673716393,0.9644145692351875
22.872591972351074,-2.489368000273576,1.0650699919907811,-2.3063068026752127,0.975825951437074
22.923371076583862,-2.489368000273576,1.0650699919907811,-2.3277185549077966,0.9873252369530272
22.973869800567627,-2.489368000273576,1.0650699919907811,-2.3489480457446414,0.998780154765845
23.02515697479248,-2.489368000273576,1.0650699919907811,-2.370443192758991,1.010433105716384
23.07556438446045,-2.489368000273576,1.0650699919907811,-2.391504566094078,1.021904671638652
23.125988960266113,-2.489368000273576,1.0650699919907811,-2.4125081610248955,1.0333981690879477
23.181328058242798,-2.489368000273576,1.0650699919907811,-2.43548355462654,1.046032212662992
23.231760501861572,-2.489368000273576,1.0650699919907811,-2.456352769800554,1.0575642509566672
23.282651662826538,-2.489368000273576,1.0650699919907811,-2.4773446060394955,1.0692184208901798
23.333600997924805,-2.489368000273576,1.0650699919907811,-2.4982923898455653,1.0809029183248051
23.384546279907227,-2.489368000273576,1.0650699919907811,-2.5191699986053795,1.0926031548868842
23.435045957565308,-2.489368000273576,1.0650699919907811,-2.539796966109106,1.1042171624287986
23.485482931137085,-2.489368000273576,1.0650699919907811,-2.560330301058635,1.115832420270056
23.536068201065063,-2.489368000273576,1.0650699919907811,-2.580855316642987,1.1274972206512395
23.58714270591736,-2.786171279163691,1.2379630466034433,-2.601508625581051,1.1392901276495615
23.637812614440918,-2.786171279163691,1.2379630466034433,-2.621928193840464,1.1510044506380936
23.688289642333984,-2.786171279163691,1.2379630466034433,-2.6422001689260273,1.1626885304122596
23.738752841949463,-2.786171279163691,1.2379630466034433,-2.6623964835712153,1.174383382095439
23.789283514022827,-2.786171279163691,1.2379630466034433,-2.6825491606039398,1.1861075255027722
23.84000515937805,-2.786171279163691,1.2379630466034433,-2.7027065072693124,1.1978893726063236
23.890629529953003,-2.786171279163691,1.2379630466034433,-2.7227533697282116,1.20966165635503
23.941823482513428,-2.786171279163691,1.2379630466034433,-2.7429524005903945,1.2215792751147951
23.992443799972534,-2.786171279163691,1.2379630466034433,-2.7628521399783157,1.2333757404251582
24.045219659805298,-2.786171279163691,1.2379630466034433,-2.7835215843192325,1.2456872619015085
24.09574794769287,-2.786171279163691,1.2379630466034433,-2.8032360669716136,1.2574862871809755
24.146936178207397,-2.786171279163691,1.2379630466034433,-2.823133110070184,1.2694508394573256
24.197651386260986,-2.786171279163691,1.2379630466034433,-2.842771521172526,1.2813158078891747
24.249168395996094,-3.0279423236184986,1.3898617408948106,-2.8626438167321915,1.2933791800847176
24.300304174423218,-3.0279423236184986,1.3898617408948106,-2.8822923132780627,1.3053636982372878
24.350796699523926,-3.0279423236184986,1.3898617408948106,-2.9016182370042376,1.3172072818060436
24.40132737159729,-3.0279423236184986,1.3898617408948106,-2.92088336446141,1.3290692278811873
24.45262575149536,-3.0279423236184986,1.3898617408948106,-2.940363643790265,1.341120659129832
24.503999948501587,-3.0279423236184986,1.3898617408948106,-2.9597940226334707,1.3531988873909553
24.55471181869507,-3.0279423236184986,1.3898617408948106,-2.978896284257458,1.3651298523176671
24.605252981185913,-3.0279423236184986,1.3898617408948106,-2.9978571441127166,1.377028647349108
24.655956745147705,-3.0279423236184986,1.3898617408948106,-3.0168012915677216,1.3889733783953502
24.706322193145752,-3.0279423236184986,1.3898617408948106,-3.0355416087607328,1.4008456408658658
24.756985425949097,-3.0279423236184986,1.3898617408948106,-3.054314507373852,1.4127950067986843
24.807427406311035,-3.0279423236184986,1.3898617408948106,-3.072927122220378,1.424698711131269
24.858084440231323,-3.0279423236184986,1.3898617408948106,-3.0915400979477043,1.436659351435552
24.90852999687195,-3.0279423236184986,1.3898617408948106,-3.1099963469939813,1.448575857153859
24.959230184555054,-3.272699986149048,1.5535446342164123,-3.1284659415532836,1.4605579759041225
25.00971269607544,-3.272699986149048,1.5535446342164123,-3.1467763824734334,1.4724937267796836
25.060529232025146,-3.272699986149048,1.5535446342164123,-3.1651271434271187,1.4845131981443647
25.111138820648193,-3.272699986149048,1.5535446342164123,-3.183322213692357,1.4964880843902164
25.162288188934326,-3.272699986149048,1.5535446342164123,-3.201628897038186,1.5085947373677504
25.213127374649048,-3.272699986149048,1.5535446342164123,-3.219742077863481,1.5206316290020236
25.264310121536255,-3.272699986149048,1.5535446342164123,-3.237894237850614,1.5327531651740565
25.315324068069458,-3.272699986149048,1.5535446342164123,-3.255902886535864,1.54483764045704
25.366000652313232,-3.272699986149048,1.5535446342164123,-3.2737094151467923,1.5568447052787093
25.41681170463562,-3.272699986149048,1.5535446342164123,-3.2914797693712425,1.568885761428954
25.467224836349487,-3.272699986149048,1.5535446342164123,-3.3090280666700207,1.5808342568151184
25.51775550842285,-3.272699986149048,1.5535446342164123,-3.3265340920772792,1.5928119754380654
25.56824231147766,-3.272699986149048,1.5535446342164123,-3.3439414145720914,1.604780288542409
25.618928909301758,-3.272699986149048,1.5535446342164123,-3.361333329561787,1.6167965884293407
25.66958212852478,-3.514326343489149,1.7229038384111663,-3.3786290854053433,1.6288052235485677
25.720447778701782,-3.514326343489149,1.7229038384111663,-3.395911836241639,1.6408640907693133
25.77120590209961,-3.514326343489149,1.7229038384111663,-3.413072278234588,1.6528969561733895
25.82161545753479,-3.514326343489149,1.7229038384111663,-3.4300297527060524,1.664846308847796
25.872047901153564,-3.514326343489149,1.7229038384111663,-3.4469097235633988,1.6767998349830335
25.92249369621277,-3.514326343489149,1.7229038384111663,-3.4637085938413095,1.6887548985331184
25.973119497299194,-3.514326343489149,1.7229038384111663,-3.4804810553094616,1.7007506079097527
26.024298906326294,-3.514326343489149,1.7229038384111663,-3.497348680357695,1.7128750568587203
26.074787616729736,-3.514326343489149,1.7229038384111663,-3.513901415090051,1.7248330961676215
26.125304222106934,-3.514326343489149,1.7229038384111663,-3.5303762584943037,1.7367945968395653
26.17581081390381,-3.514326343489149,1.7229038384111663,-3.5467604983936063,1.7487502027339927
26.22700071334839,-3.514326343489149,1.7229038384111663,-3.563276984446496,1.7608635734675295
26.27852702140808,-3.514326343489149,1.7229038384111663,-3.5798107926139693,1.7730521028366402
26.330085039138794,-3.514326343489149,1.7229038384111663,-3.59626285810241,1.7852432639378535
26.381028413772583,-3.744003762387978,1.897633041102109,-3.612428178367923,1.79728391003331
26.43182373046875,-3.744003762387978,1.897633041102109,-3.628456540404229,1.8092840461170994
26.482816457748413,-3.744003762387978,1.897633041102109,-3.6444565286725297,1.8213248886191808
26.53339409828186,-3.744003762387978,1.897633041102109,-3.6602362491489915,1.8332614611024436
26.584056854248047,-3.744003762387978,1.897633041102109,-3.675952353242396,1.8452114892863762
26.63458251953125,-3.744003762387978,1.897633041102109,-3.691535766210701,1.8571221871258294
26.68624782562256,-3.744003762387978,1.897633041102109,-3.7073772706269876,1.8692939166836593
26.736817598342896,-3.744003762387978,1.897633041102109,-3.722791120026365,1.8811996966885722
26.787534713745117,-3.744003762387978,1.897633041102109,-3.738158442021855,1.8931319716774313
26.838244199752808,-3.744003762387978,1.897633041102109,-3.7534316266893244,1.9050538594155713
26.889280557632446,-3.744003762387978,1.897633041102109,-3.7687102771331515,1.9170435272584716
26.93992590904236,-3.744003762387978,1.897633041102109,-3.7837793871287393,1.9289319553558295
26.990719079971313,-3.744003762387978,1.897633041102109,-3.798799676573478,1.9408453038736406
27.041404724121094,-3.9214504503273826,2.0446698278063877,-3.813695259627197,1.9527232811871722
27.092228412628174,-3.9214504503273826,2.0446698278063877,-3.8285379567648934,1.964623035347362
27.143667459487915,-3.9214504503273826,2.0446698278063877,-3.843464808543285,1.9766556864795155
27.194803953170776,-3.9214504503273826,2.0446698278063877,-3.8582083132216622,1.9886060128620044
27.24541139602661,-3.9214504503273826,2.0446698278063877,-3.8727052303053298,2.0004209700802997
27.296170234680176,-3.9214504503273826,2.0446698278063877,-3.887151277190436,2.0122591565194545
27.347142934799194,-3.9214504503273826,2.0446698278063877,-3.901562959213551,2.024134614935564
27.398844003677368,-3.9214504503273826,2.0446698278063877,-3.916082831177251,2.0361664549906715
27.44938087463379,-3.9214504503273826,2.0446698278063877,-3.9301803600867116,2.0479140112588494
27.500108003616333,-3.9214504503273826,2.0446698278063877,-3.9442358845225627,2.0596921258043195
27.550788164138794,-3.9214504503273826,2.0446698278063877,-3.958183030085025,2.0714452691499012
27.60125470161438,-3.9214504503273826,2.0446698278063877,-3.971976431677348,2.0831345127782512
27.65216326713562,-3.9214504503273826,2.0446698278063877,-3.985794407703683,2.0949112301173547
27.702763557434082,-3.9214504503273826,2.0446698278063877,-3.9994326934014377,2.1066014029697984
27.753400325775146,-4.108980063662862,2.2057438253790482,-4.012984752876044,2.1182844111870858
27.80404543876648,-4.108980063662862,2.2057438253790482,-4.0264427017181035,2.1299533523674543
27.854586601257324,-4.108980063662862,2.2057438253790482,-4.039776748160106,2.1415820087970863
27.906130075454712,-4.108980063662862,2.2057438253790482,-4.053275939846046,2.1534240710293764
27.956849098205566,-4.108980063662862,2.2057438253790482,-4.066461112559074,2.1650593554191673
28.007417678833008,-4.108980063662862,2.2057438253790482,-4.079510084724719,2.176642590042981
28.05799436569214,-4.108980063662862,2.2057438253790482,-4.092463964507764,2.1882097759978287
28.10847496986389,-4.108980063662862,2.2057438253790482,-4.105296109333032,2.1997367430192254
28.1598060131073,-4.108980063662862,2.2057438253790482,-4.118244721541821,2.2114388131511626
28.210460424423218,-4.108980063662862,2.2057438253790482,-4.130923871781234,2.222967363810088
28.261728286743164,-4.108980063662862,2.2057438253790482,-4.143656451543822,2.234615641875279
28.31255578994751,-4.108980063662862,2.2057438253790482,-4.156180030646067,2.2461437185409596
28.363046884536743,-4.108980063662862,2.2057438253790482,-4.168522297651217,2.2575752389168193
28.41366696357727,-4.108980063662862,2.2057438253790482,-4.180797425052566,2.269015305474373
28.464216470718384,-4.28891839790328,2.3741410580662103,-4.192956657074337,2.2804183936704514
28.514732599258423,-4.28891839790328,2.3741410580662103,-4.205009054099983,2.291792569814877
28.565097332000732,-4.28891839790328,2.3741410580662103,-4.216926813554811,2.3031109923274755
28.615869760513306,-4.28891839790328,2.3741410580662103,-4.228841292448974,2.3144987489197493
28.666651487350464,-4.28891839790328,2.3741410580662103,-4.240657585276089,2.325865815024129
28.71733522415161,-4.28891839790328,2.3741410580662103,-4.252350807642069,2.337187842062866
28.76775360107422,-4.28891839790328,2.3741410580662103,-4.263883243853151,2.3484273018016184
28.81821036338806,-4.28891839790328,2.3741410580662103,-4.275324868244263,2.359651676882133
28.868631839752197,-4.28891839790328,2.3741410580662103,-4.286658794128358,2.3708441910076092
28.91920018196106,-4.28891839790328,2.3741410580662103,-4.297925465011087,2.382044810975575
28.969526767730713,-4.28891839790328,2.3741410580662103,-4.309038411051875,2.3931671432611354
29.019935369491577,-4.28891839790328,2.3741410580662103,-4.320069438093683,2.4042824759084644
29.070369482040405,-4.28891839790328,2.3741410580662103,-4.331005699397274,2.415377884315826
29.121067762374878,-4.28891839790328,2.3741410580662103,-4.341897919306091,2.426505263648308
29.171632766723633,-4.449580348812019,2.5406069605217994,-4.352660159157557,2.4375768926839614
29.222880840301514,-4.449580348812019,2.5406069605217994,-4.36346435092233,2.4487706857409117
29.27344560623169,-4.449580348812019,2.5406069605217994,-4.374022279619711,2.4597878024793975
29.323848247528076,-4.449580348812019,2.5406069605217994,-4.384445173533077,2.4707420981837784
29.37421417236328,-4.449580348812019,2.5406069605217994,-4.394759418626412,2.4816606083449715
29.424922466278076,-4.449580348812019,2.5406069605217994,-4.405041579703132,2.4926248722144346
29.476004123687744,-4.449580348812019,2.5406069605217994,-4.415295625149593,2.5036405928962098
29.52675175666809,-4.449580348812019,2.5406069605217994,-4.4253792935806215,2.514554796953113
29.577808141708374,-4.449580348812019,2.5406069605217994,-4.435420243202362,2.5255053523795934
29.628413677215576,-4.449580348812019,2.5406069605217994,-4.445269385724645,2.5363290760196726
29.678929328918457,-4.449580348812019,2.5406069605217994,-4.454998492230847,2.5471032691039257
29.729506492614746,-4.449580348812019,2.5406069605217994,-4.464636678357312,2.5578598630899134
29.779905319213867,-4.449580348812019,2.5406069605217994,-4.474138467624693,2.568547572199388
29.830474853515625,-4.449580348812019,2.5406069605217994,-4.483569565945001,2.5792400400468423
29.880926847457886,-4.58042225084894,2.6904833789517233,-4.492875933001398,2.589875888217669
29.931458950042725,-4.58042225084894,2.6904833789517233,-4.502094023351704,2.600496436879374
29.982785940170288,-4.58042225084894,2.6904833789517233,-4.51135141690512,2.611250680817604
30.033547163009644,-4.58042225084894,2.6904833789517233,-4.520401881949553,2.621852917142236
30.08407235145569,-4.58042225084894,2.6904833789517233,-4.5293065734412545,2.6323724213512354
30.134538173675537,-4.58042225084894,2.6904833789517233,-4.538097428431881,2.6428458889944118
30.185023069381714,-4.58042225084894,2.6904833789517233,-4.546788129573329,2.653289260415536
30.23547077178955,-4.58042225084894,2.6904833789517233,-4.555368944408659,2.663690536482183
30.286062240600586,-4.58042225084894,2.6904833789517233,-4.563870224774104,2.674086538884458
30.336586236953735,-4.58042225084894,2.6904833789517233,-4.572256141968691,2.684433402562
30.38891577720642,-4.58042225084894,2.6904833789517233,-4.580832045618415,2.6951124596426825
30.43939185142517,-4.58042225084894,2.6904833789517233,-4.588998342643183,2.7053766673391775
30.489949464797974,-4.58042225084894,2.6904833789517233,-4.597073541802462,2.7156210403911616
30.5409197807312,-4.58042225084894,2.6904833789517233,-4.605108915424234,2.725911763400685
30.5913565158844,-4.692067089618812,2.830737988897558,-4.61295557463826,2.736057539890113
30.641785621643066,-4.692067089618812,2.830737988897558,-4.6206969431794045,2.7461643927558903
30.692192792892456,-4.692067089618812,2.830737988897558,-4.628330838275394,2.7562291154455663
30.742600679397583,-4.692067089618812,2.830737988897558,-4.635860680149515,2.7662558825045904
30.79326105117798,-4.692067089618812,2.830737988897558,-4.643323217891454,2.7762941121340505
30.844090938568115,-4.692067089618812,2.830737988897558,-4.650704842996532,2.7863265010663345
30.89569592475891,-4.692067089618812,2.830737988897558,-4.658090459862718,2.7964710795132044
30.946412801742554,-4.692067089618812,2.830737988897558,-4.665242321051376,2.8064006434519047
30.9971764087677,-4.692067089618812,2.830737988897558,-4.672294836175752,2.8162988448141797
31.047632694244385,-4.692067089618812,2.830737988897558,-4.679199571014381,2.8260965882335967
31.098223209381104,-4.692067089618812,2.830737988897558,-4.686017432797069,2.8358794529724687
31.149303913116455,-4.692067089618812,2.830737988897558,-4.69279438068509,2.845715134278532
31.200265645980835,-4.692067089618812,2.830737988897558,-4.699448375743425,2.8554855014695066
31.251021146774292,-4.692067089618812,2.830737988897558,-4.705968997653558,2.8651738550835795
31.301977157592773,-4.787225327332399,2.9692783131913862,-4.712408470843058,2.8748574669839257
31.35324001312256,-4.787225327332399,2.9692783131913862,-4.7187785860873666,2.884555521162204
31.404096126556396,-4.787225327332399,2.9692783131913862,-4.724990942941593,2.8941327715727274
31.45462155342102,-4.787225327332399,2.9692783131913862,-4.731057116204349,2.9036041228369327
31.504927158355713,-4.787225327332399,2.9692783131913862,-4.736992104657492,2.9129907063824687
31.55543541908264,-4.787225327332399,2.9692783131913862,-4.74284577148937,2.9223710132384166
31.60606598854065,-4.787225327332399,2.9692783131913862,-4.748607756359555,2.9317293319131315
31.656493186950684,-4.787225327332399,2.9692783131913862,-4.754241220746969,2.9410052113356224
31.707154273986816,-4.787225327332399,2.9692783131913862,-4.7597948910554635,2.950278680360638
31.758905172348022,-4.787225327332399,2.9692783131913862,-4.765358387901247,2.959704242967037
31.810009717941284,-4.787225327332399,2.9692783131913862,-4.770743634289256,2.9689647022160717
31.860597133636475,-4.787225327332399,2.9692783131913862,-4.775967922846879,2.9780847175437155
31.911497354507446,-4.787225327332399,2.9692783131913862,-4.781117592438683,2.987213830389286
31.962414503097534,-4.787225327332399,2.9692783131913862,-4.786161655236917,2.996298149715174
32.013779640197754,-4.851701491949196,3.083653046099864,-4.791141328931326,3.005413555386629
32.06432509422302,-4.851701491949196,3.083653046099864,-4.79593488536608,3.0143352495335973
32.11518049240112,-4.851701491949196,3.083653046099864,-4.800651061653651,3.023262989528465
32.168972969055176,-4.851701491949196,3.083653046099864,-4.805523053761316,3.0326528185736423
32.2195930480957,-4.851701491949196,3.083653046099864,-4.809998282448177,3.0414382612600974
32.27037858963013,-4.851701491949196,3.083653046099864,-4.814381507757815,3.050202731615424
32.32091808319092,-4.851701491949196,3.083653046099864,-4.818637471989176,3.0588749776514366
32.37140607833862,-4.851701491949196,3.083653046099864,-4.822783501746514,3.0674884719378723
32.42204713821411,-4.851701491949196,3.083653046099864,-4.826836087515905,3.0760776132541054
32.47289729118347,-4.851701491949196,3.083653046099864,-4.8307985872358845,3.084651009716662
32.52373766899109,-4.851701491949196,3.083653046099864,-4.834653333458336,3.093171105786133
32.57467532157898,-4.851701491949196,3.083653046099864,-4.838408185445929,3.1016553545549
32.6251757144928,-4.851701491949196,3.083653046099864,-4.842024832807921,3.1100148965190644
32.675652742385864,-4.896808739252567,3.1862104207056303,-4.845534388553215,3.1183186101531657
32.726149559020996,-4.896808739252567,3.1862104207056303,-4.848939890648972,3.1265732580009358
32.77662515640259,-4.896808739252567,3.1862104207056303,-4.852238606937639,3.134771798015776
32.82736802101135,-4.896808739252567,3.1862104207056303,-4.855448650957304,3.1429603593675077
32.87906074523926,-4.896808739252567,3.1862104207056303,-4.858609393909221,3.1512468046156217
32.92963218688965,-4.896808739252567,3.1862104207056303,-4.861594775620826,3.1592990539361856
32.980180978775024,-4.896808739252567,3.1862104207056303,-4.864473301374927,3.16729353741739
33.03091859817505,-4.896808739252567,3.1862104207056303,-4.8672565352369155,3.1752630945032756
33.082045793533325,-4.896808739252567,3.1862104207056303,-4.869953715929597,3.183237973863004
33.1328284740448,-4.896808739252567,3.1862104207056303,-4.872526023233213,3.191103256360414
33.18435573577881,-4.896808739252567,3.1862104207056303,-4.875027409793738,3.199026611960735
33.23632597923279,-4.896808739252567,3.1862104207056303,-4.8774395150061665,3.206959318243618
33.28692150115967,-4.896808739252567,3.1862104207056303,-4.8796809873858615,3.2146251491109332
33.337453842163086,-4.925870003331604,3.2737735673304558,-4.881814520457203,3.222224905356633
33.387906074523926,-4.925870003331604,3.2737735673304558,-4.883839906352325,3.2297559536998737
33.43885397911072,-4.925870003331604,3.2737735673304558,-4.8857790248332815,3.237303207536507
33.49043154716492,-4.925870003331604,3.2737735673304558,-4.8876335060979095,3.244884249666156
33.54161524772644,-4.925870003331604,3.2737735673304558,-4.889365875338903,3.252347891167002
33.59254002571106,-4.925870003331604,3.2737735673304558,-4.8909828316314625,3.2597146108357564
33.644704818725586,-4.925870003331604,3.2737735673304558,-4.89252894288011,3.2671991756215224
33.69520020484924,-4.925870003331604,3.2737735673304558,-4.8939194060999025,3.2743845682548347
33.74612736701965,-4.925870003331604,3.2737735673304558,-4.895216053441329,3.281571642262303
33.79750394821167,-4.925870003331604,3.2737735673304558,-4.896416662231544,3.2887609991746016
33.84868097305298,-4.925870003331604,3.2737735673304558,-4.897505369050769,3.2958610486569873
33.8995566368103,-4.925870003331604,3.2737735673304558,-4.8984816667530655,3.302858240480727
33.95048713684082,-4.925870003331604,3.2737735673304558,-4.899353251133207,3.3098016852541585
34.00108861923218,-4.925870003331604,3.2737735673304558,-4.9001144974517015,3.3166392284063813
34.0530846118927,-4.925870003331604,3.2737735673304558,-4.900788099253,3.3236014883376916
34.103864669799805,-4.937260988375383,3.363208770678618,-4.901339779966256,3.330338278129961
34.155189752578735,-4.937260988375383,3.363208770678618,-4.901790876724492,3.3370841357515
34.20576214790344,-4.937260988375383,3.363208770678618,-4.902130730847096,3.3436685672225543
34.25704288482666,-4.937260988375383,3.363208770678618,-4.902369405486203,3.3502815611583356
34.30765175819397,-4.937260988375383,3.363208770678618,-4.902500471572107,3.356744752955464
34.358150243759155,-4.937260988375383,3.363208770678618,-4.902527907538251,3.3631310024997925
34.40873908996582,-4.937260988375383,3.363208770678618,-4.902451995094722,3.369465431403065
34.45925283432007,-4.937260988375383,3.363208770678618,-4.9022730491653235,3.375726991553405
34.50983381271362,-4.937260988375383,3.363208770678618,-4.901990705708168,3.38193304095463
34.56037950515747,-4.937260988375383,3.363208770678618,-4.901605557727359,3.388070641566401
34.611326456069946,-4.937260988375383,3.363208770678618,-4.901113280040436,3.3941918017166417
34.66220307350159,-4.937260988375383,3.363208770678618,-4.900517540233858,3.400238923843955
34.71269083023071,-4.937260988375383,3.363208770678618,-4.899823600681081,3.4061747375505274
34.76318359375,-4.933203536575139,3.4474857873647324,-4.89902734634498,3.4120459981865188
34.81476664543152,-4.933203536575139,3.4474857873647324,-4.898108447328209,3.417976464339489
34.865360498428345,-4.933203536575139,3.4474857873647324,-4.897103774115626,3.4237265654137543
34.91645383834839,-4.933203536575139,3.4474857873647324,-4.895985405593229,3.4294661647291016
34.967036724090576,-4.933203536575139,3.4474857873647324,-4.894775621002639,3.4350815414609865
35.01823019981384,-4.933203536575139,3.4474857873647324,-4.893447447563123,3.4406966538971133
35.07014179229736,-4.933203536575139,3.4474857873647324,-4.891994179692923,3.446320327478995
35.12172508239746,-4.933203536575139,3.4474857873647324,-4.890444067501798,3.451838109770504
35.1734733581543,-4.933203536575139,3.4474857873647324,-4.888782949338874,3.4573028000020645
35.22630310058594,-4.933203536575139,3.4474857873647324,-4.886977713258277,3.4628082937199416
35.27703261375427,-4.933203536575139,3.4474857873647324,-4.885140374427368,3.4680248295502745
35.32760667800903,-4.933203536575139,3.4474857873647324,-4.883207528334173,3.47315674697027
35.37868905067444,-4.933203536575139,3.4474857873647324,-4.881152906925864,3.4782703988362873
35.42909336090088,-4.906253040550606,3.514024043513805,-4.879024897478146,3.483247095394658
35.479655265808105,-4.906253040550606,3.514024043513805,-4.876789939476712,3.488170142399995
35.5302050113678,-4.906253040550606,3.514024043513805,-4.874455268198863,3.493022442991837
35.580663442611694,-4.906253040550606,3.514024043513805,-4.8720250136858,3.4977963450226537
35.631150007247925,-4.906253040550606,3.514024043513805,-4.869493779193508,3.502503014569026
35.68167304992676,-4.906253040550606,3.514024043513805,-4.866861126427458,3.5071428309378465
35.73378539085388,-4.906253040550606,3.514024043513805,-4.86404146715247,3.511854692944264
35.784459590911865,-4.906253040550606,3.514024043513805,-4.8611983384684825,3.5163642774458927
35.83532905578613,-4.906253040550606,3.514024043513805,-4.858243993240972,3.520819326462986
35.886181354522705,-4.906253040550606,3.514024043513805,-4.855190426364246,3.5252005949281995
35.93657302856445,-4.906253040550606,3.514024043513805,-4.852065858437347,3.5294706342393307
35.98703908920288,-4.906253040550606,3.514024043513805,-4.848838434092208,3.53367534713331
36.03782534599304,-4.906253040550606,3.514024043513805,-4.845491467628772,3.5378341167954717
36.08822226524353,-4.906253040550606,3.514024043513805,-4.842072111504589,3.541888738011325
36.138625621795654,-4.906253040550606,3.514024043513805,-4.838554820572334,3.5458716264156624
36.189210176467896,-4.859554023630205,3.5653399734713944,-4.8349270490576,3.5497959398964434
36.239871978759766,-4.859554023630205,3.5653399734713944,-4.83119569940485,3.5536528072413325
36.29067945480347,-4.859554023630205,3.5653399734713944,-4.827355285907416,3.5574467046801033
36.3414101600647,-4.859554023630205,3.5653399734713944,-4.823422626785026,3.5611606251787524
36.39191460609436,-4.859554023630205,3.5653399734713944,-4.819410392161002,3.56478404681296
36.442498207092285,-4.859554023630205,3.5653399734713944,-4.815294949890385,3.5683389642796843
36.494728326797485,-4.859554023630205,3.5653399734713944,-4.810943987339009,3.5719314377601488
36.54579257965088,-4.859554023630205,3.5653399734713944,-4.806590608705376,3.5753667029896277
36.59658980369568,-4.859554023630205,3.5653399734713944,-4.80216257130983,3.578708210769421
36.647761821746826,-4.859554023630205,3.5653399734713944,-4.79760383834483,3.581997699914743
36.698628425598145,-4.859554023630205,3.5653399734713944,-4.792975030710593,3.5851910526831516
36.749223947525024,-4.859554023630205,3.5653399734713944,-4.788274895745885,3.588291489991813
36.800134897232056,-4.859554023630205,3.5653399734713944,-4.783449048169686,3.591334621904056
36.85123944282532,-4.804017130100438,3.6084843826309334,-4.77850781742136,3.5943117828899345
36.901822566986084,-4.804017130100438,3.6084843826309334,-4.7735214980202825,3.5971818365098467
36.95252251625061,-4.804017130100438,3.6084843826309334,-4.7684285493567575,3.5999816925136137
37.003273725509644,-4.804017130100438,3.6084843826309334,-4.763235317450423,3.602707125900308
37.05404996871948,-4.804017130100438,3.6084843826309334,-4.757944507286156,3.605356333441012
37.10458183288574,-4.804017130100438,3.6084843826309334,-4.752585042255906,3.6079155436786197
37.15494966506958,-4.804017130100438,3.6084843826309334,-4.7471497755846075,3.610389547603106
37.20580816268921,-4.804017130100438,3.6084843826309334,-4.74156739027031,3.6128095391203416
37.25856256484985,-4.804017130100438,3.6084843826309334,-4.735677183351127,3.615236579257906
37.30926990509033,-4.804017130100438,3.6084843826309334,-4.729920080534102,3.617489403510192
37.35980558395386,-4.804017130100438,3.6084843826309334,-4.7240896234621,3.6196563348771162
37.41160297393799,-4.804017130100438,3.6084843826309334,-4.718017671941757,3.6217960692676154
37.46265625953674,-4.804017130100438,3.6084843826309334,-4.711938180938226,3.623824318773118
37.51330256462097,-4.804017130100438,3.6084843826309334,-4.7058144515030005,3.6257569890069683
37.56390905380249,-4.722409573128286,3.6300493706903394,-4.69960357004836,3.6276089400485105
37.614500999450684,-4.722409573128286,3.6300493706903394,-4.693302840311075,3.629381026914835
37.66594624519348,-4.722409573128286,3.6300493706903394,-4.686802156716155,3.6311014623193056
37.716776609420776,-4.722409573128286,3.6300493706903394,-4.680286657233006,3.6327203833084587
37.76752018928528,-4.722409573128286,3.6300493706903394,-4.673690827662053,3.634256087106241
37.818180084228516,-4.722409573128286,3.6300493706903394,-4.667014992699248,3.6357088819452628
37.86896824836731,-4.722409573128286,3.6300493706903394,-4.660231371403709,3.6370845508003993
37.91938900947571,-4.722409573128286,3.6300493706903394,-4.653407078578894,3.638370052286553
37.970083236694336,-4.722409573128286,3.6300493706903394,-4.6464558975904255,3.639581766134521
38.020676374435425,-4.722409573128286,3.6300493706903394,-4.639429002544337,3.6407101460091162
38.07126545906067,-4.722409573128286,3.6300493706903394,-4.632313470810672,3.641757428731356
38.12194800376892,-4.722409573128286,3.6300493706903394,-4.625095628587339,3.642725240127306
38.1727933883667,-4.722409573128286,3.6300493706903394,-4.6177652004683925,3.643614109421695
38.223281383514404,-4.722409573128286,3.6300493706903394,-4.610397982296831,3.6444152386065984
38.273874044418335,-4.622281890698548,3.635837133499425,-4.6029274970824074,3.6451363997015234
38.325313091278076,-4.622281890698548,3.635837133499425,-4.595242020937318,3.645785675620078
38.37583875656128,-4.622281890698548,3.635837133499425,-4.587604945597858,3.6463408484825917
38.42738389968872,-4.622281890698548,3.635837133499425,-4.579724137048909,3.6468227237068396
38.47796940803528,-4.622281890698548,3.635837133499425,-4.571902324565757,3.6472124870974936
38.52906942367554,-4.622281890698548,3.635837133499425,-4.563913026703441,3.6475224296433666
38.57966184616089,-4.622281890698548,3.635837133499425,-4.555916324832237,3.6477461746802953
38.631486654281616,-4.622281890698548,3.635837133499425,-4.547635630771481,3.647889455208421
38.68404150009155,-4.622281890698548,3.635837133499425,-4.539146427088321,3.6479457904406014
38.73463225364685,-4.622281890698548,3.635837133499425,-4.530887413264401,3.647915235139542
38.785255432128906,-4.622281890698548,3.635837133499425,-4.522537918228684,3.6478012570590432
38.83575654029846,-4.622281890698548,3.635837133499425,-4.514123953467774,3.647604277549491
38.88621520996094,-4.622281890698548,3.635837133499425,-4.505632969320695,3.6473242473501624
38.936808824539185,-4.622281890698548,3.635837133499425,-4.4970351925076795,3.646959809348106
38.987534523010254,-4.504420865056311,3.629810500951184,-4.488330754095619,3.646510178448857
39.038106203079224,-4.504420865056311,3.629810500951184,-4.479569115797713,3.6459778052385707
39.08880400657654,-4.504420865056311,3.629810500951184,-4.470702126951819,3.6453596719638517
39.139867305755615,-4.504420865056311,3.629810500951184,-4.461687025235507,3.644651490415997
39.19102597236633,-4.504420865056311,3.629810500951184,-4.452570686079616,3.6438557087905767
39.241976261138916,-4.504420865056311,3.629810500951184,-4.443407842910093,3.642977202911002
39.29363203048706,-4.504420865056311,3.629810500951184,-4.434033256409958,3.641998817279257
39.34466886520386,-4.504420865056311,3.629810500951184,-4.424687405643464,3.6409452854580633
39.395663022994995,-4.504420865056311,3.629810500951184,-4.415266722266089,3.6398062690483206
39.44698691368103,-4.504420865056311,3.629810500951184,-4.405702046179311,3.6385725921999748
39.497647523880005,-4.504420865056311,3.629810500951184,-4.396179575567422,3.637268849970594
39.548988342285156,-4.504420865056311,3.629810500951184,-4.386447080321615,3.635860302724503
39.60108542442322,-4.504420865056311,3.629810500951184,-4.3764870241084335,3.6343410499688478
39.651530504226685,-4.504420865056311,3.629810500951184,-4.3667623207638755,3.6327835060735554
39.702032804489136,-4.370973116151769,3.6027835706331834,-4.356947603630248,3.631138865066018
39.75257968902588,-4.370973116151769,3.6027835706331834,-4.347045424920619,3.629407171613071
39.80310893058777,-4.370973116151769,3.6027835706331834,-4.337068249247572,3.627590382581806
39.85358929634094,-4.370973116151769,3.6027835706331834,-4.327022736801718,3.6256896859626697
39.90392994880676,-4.370973116151769,3.6027835706331834,-4.316927738560183,3.6237088801763955
39.954466342926025,-4.370973116151769,3.6027835706331834,-4.3067161964147465,3.6216345234973852
40.004902839660645,-4.370973116151769,3.6027835706331834,-4.296447970465753,3.619478409485085
40.05568528175354,-4.370973116151769,3.6027835706331834,-4.28603207728551,3.617220753069943
40.110390424728394,-4.370973116151769,3.6027835706331834,-4.274725297271788,3.6146911990953683
40.16090989112854,-4.370973116151769,3.6027835706331834,-4.264204504605999,3.6122652729787887
40.212177991867065,-4.370973116151769,3.6027835706331834,-4.253450494290427,3.609715035413755
40.263102769851685,-4.370973116151769,3.6027835706331834,-4.24269175981801,3.6070936671231997
40.31369066238403,-4.370973116151769,3.6027835706331834,-4.231928831895776,3.6044025130140023
40.366843461990356,-4.370973116151769,3.6027835706331834,-4.2205396677034495,3.6014812680932575
40.41757369041443,-4.240304653170499,3.5636649327110597,-4.209592998812226,3.5986035841173436
40.46897649765015,-4.240304653170499,3.5636649327110597,-4.198425274466906,3.5955984260406475
40.51983833312988,-4.240304653170499,3.5636649327110597,-4.187300228116484,3.592536322045197
40.570467948913574,-4.240304653170499,3.5636649327110597,-4.176152394106635,3.5894006233457825
40.62129807472229,-4.240304653170499,3.5636649327110597,-4.164886929561778,3.5861645402333573
40.67210912704468,-4.240304653170499,3.5636649327110597,-4.153552477120337,3.582841512117856
40.72267389297485,-4.240304653170499,3.5636649327110597,-4.142200662530216,3.5794470219030705
40.77357339859009,-4.240304653170499,3.5636649327110597,-4.130701228245269,3.5759417699150404
40.824504375457764,-4.240304653170499,3.5636649327110597,-4.119122283270453,3.572345624610122
40.87524628639221,-4.240304653170499,3.5636649327110597,-4.107514677845118,3.5686745092921415
40.926182985305786,-4.240304653170499,3.5636649327110597,-4.095790969686837,3.564900579983047
40.976956605911255,-4.240304653170499,3.5636649327110597,-4.084033838717771,3.5610502133028934
41.027822732925415,-4.240304653170499,3.5636649327110597,-4.072184631286435,3.5571041589763372
41.07978558540344,-4.107391208968228,3.515545352289635,-4.06000731774629,3.5529813269433737
41.130659103393555,-4.107391208968228,3.515545352289635,-4.048014570074589,3.548855094880016
41.18222117424011,-4.107391208968228,3.515545352289635,-4.035788510570017,3.544582277790502
41.232914686203,-4.107391208968228,3.515545352289635,-4.0236991115342375,3.54029233953065
41.28379559516907,-4.107391208968228,3.515545352289635,-4.011496332580083,3.5358976716821946
41.334463596343994,-4.107391208968228,3.515545352289635,-3.9992766178276002,3.531432877775866
41.38527154922485,-4.107391208968228,3.515545352289635,-3.9869554040194637,3.5268670195690053
41.43668818473816,-4.107391208968228,3.515545352289635,-3.974417917387678,3.522155970292036
41.48754858970642,-4.107391208968228,3.515545352289635,-3.961948504538817,3.51740629523919
41.53827238082886,-4.107391208968228,3.515545352289635,-3.949446060250626,3.512580604673447
41.5915949344635,-4.107391208968228,3.515545352289635,-3.936231874699641,3.5074120642587587
41.64291262626648,-4.107391208968228,3.515545352289635,-3.923446036920515,3.502345286418593
41.69357228279114,-4.107391208968228,3.515545352289635,-3.9107586648953445,3.4972544010624778
41.74428915977478,-4.107391208968228,3.515545352289635,-3.8979921892856417,3.492069093527548
41.79531526565552,-3.9537613310739244,3.44681466552342,-3.885082874022461,3.486762618397549
41.846402406692505,-3.9537613310739244,3.44681466552342,-3.872093209761393,3.4813597960208305
41.897069454193115,-3.9537613310739244,3.44681466552342,-3.8591466170538,3.4759124435961337
41.94792890548706,-3.9537613310739244,3.44681466552342,-3.846087423722044,3.4703552999143223
41.99932408332825,-3.9537613310739244,3.44681466552342,-3.83282652134827,3.464648923208969
42.050344705581665,-3.9537613310739244,3.44681466552342,-3.8195988923498962,3.458893950492368
42.10373830795288,-3.9537613310739244,3.44681466552342,-3.80568888409523,3.4527750916291104
42.154651403427124,-3.9537613310739244,3.44681466552342,-3.7923615491033824,3.446848840389587
42.2058629989624,-3.9537613310739244,3.44681466552342,-3.778893921868709,3.4407975817319545
42.25652313232422,-3.9537613310739244,3.44681466552342,-3.7655103975803574,3.4347224209945013
42.307509660720825,-3.9537613310739244,3.44681466552342,-3.7519798836449976,3.428518686948671
42.35926628112793,-3.9537613310739244,3.44681466552342,-3.7381830916403755,3.4221295010487958
42.409804344177246,-3.9537613310739244,3.44681466552342,-3.7246513556215852,3.4158015542067695
42.46052598953247,-3.9537613310739244,3.44681466552342,-3.7110114950523583,3.409362029431552
42.51119780540466,-3.7672892939341165,3.350408049954639,-3.6973264589853723,3.4028402269334714
42.562774658203125,-3.7672892939341165,3.350408049954639,-3.6833373024947003,3.3961110131984062
42.613383769989014,-3.7672892939341165,3.350408049954639,-3.6695525080719804,3.3894189164828346
42.6640419960022,-3.7672892939341165,3.350408049954639,-3.6556971041752364,3.3826319217531506
42.7146635055542,-3.7672892939341165,3.350408049954639,-3.6417949625767845,3.375761522644003
42.765783071517944,-3.7672892939341165,3.350408049954639,-3.6276988663509453,3.368733957807622
42.816627502441406,-3.7672892939341165,3.350408049954639,-3.6136220733620035,3.3616549666223516
42.86740493774414,-3.7672892939341165,3.350408049954639,-3.5995079538572785,3.3544965042698762
42.918760538101196,-3.7672892939341165,3.350408049954639,-3.5851767662080047,3.347166309699613
42.97276306152344,-3.7672892939341165,3.350408049954639,-3.5700462781229447,3.339360483189973
43.02470827102661,-3.7672892939341165,3.350408049954639,-3.555434010031434,3.3317574528177296
43.076178550720215,-3.7672892939341165,3.350408049954639,-3.540899507012626,3.324132508518607
43.12672424316406,-3.7672892939341165,3.350408049954639,-3.526572440018309,3.3165560120866786
43.17785882949829,-3.576203582108138,3.2433170381160465,-3.5120247869825545,3.3088020343043363
43.22885584831238,-3.576203582108138,3.2433170381160465,-3.497462949278579,3.3009796048294917
43.27987241744995,-3.576203582108138,3.2433170381160465,-3.482842686257083,3.293064988253362
43.332340240478516,-3.576203582108138,3.2433170381160465,-3.467751857250704,3.284832239433336
43.3878219127655,-3.576203582108138,3.2433170381160465,-3.4517344066510067,3.2760240865225043
43.439358949661255,-3.576203582108138,3.2433170381160465,-3.4368012036641935,3.2677478534508877
43.49023413658142,-3.576203582108138,3.2433170381160465,-3.4220086903143057,3.259488869864251
43.541186571121216,-3.576203582108138,3.2433170381160465,-3.4071432870192395,3.2511287517531247
43.59178924560547,-3.576203582108138,3.2433170381160465,-3.3923304132199092,3.2427383395258547
43.64234900474548,-3.576203582108138,3.2433170381160465,-3.3774812558615,3.234267845473264
43.69295644760132,-3.576203582108138,3.2433170381160465,-3.362569633568265,3.225702152086452
43.74338746070862,-3.576203582108138,3.2433170381160465,-3.3476621989941138,3.2170795999736326
43.7941153049469,-3.576203582108138,3.2433170381160465,-3.3326193211398243,3.2083190396114714
43.845176219940186,-3.576203582108138,3.2433170381160465,-3.317429806477126,3.1994126640928764
43.89615345001221,-3.38343266402192,3.123949439486433,-3.3022177268940553,3.1904326042418676
43.94700336456299,-3.38343266402192,3.123949439486433,-3.286996842555882,3.181387180411094
43.99764108657837,-3.38343266402192,3.123949439486433,-3.2717934697037108,3.1722924570840076
44.049397706985474,-3.38343266402192,3.123949439486433,-3.2562071794155996,3.1629071061890297
44.100712060928345,-3.38343266402192,3.123949439486433,-3.240707648266095,3.1535125606600336
44.15219593048096,-3.38343266402192,3.123949439486433,-3.2251109210182594,3.143997629049885
44.20319414138794,-3.38343266402192,3.123949439486433,-3.2096163578248733,3.1344843183871127
44.25383734703064,-3.38343266402192,3.123949439486433,-3.1941858186290095,3.1249505285060684
44.30490589141846,-3.38343266402192,3.123949439486433,-3.1785818998577002,3.1152492800721614
44.355862617492676,-3.38343266402192,3.123949439486433,-3.1629687783813196,3.1054819160509455
44.40659141540527,-3.38343266402192,3.123949439486433,-3.1473829132646713,3.0956716731019513
44.457226276397705,-3.38343266402192,3.123949439486433,-3.1317839890788086,3.0857935722595267
44.50824761390686,-3.38343266402192,3.123949439486433,-3.116024094969014,3.075753258889854
44.55870842933655,-3.38343266402192,3.123949439486433,-3.1003964084178826,3.06573764748763
44.609291315078735,-3.173625879748697,2.9841834110255316,-3.0846905101898163,3.0556124865098435
44.66001081466675,-3.173625879748697,2.9841834110255316,-3.0689020225226473,3.045374329107768
44.71070146560669,-3.173625879748697,2.9841834110255316,-3.0530827740121467,3.0350564245646896
44.7614221572876,-3.173625879748697,2.9841834110255316,-3.037214836394538,3.0246469080692635
44.812480449676514,-3.173625879748697,2.9841834110255316,-3.0212020184766644,3.014081855659109
44.863524436950684,-3.173625879748697,2.9841834110255316,-3.0051547711973594,3.0034333962577966
44.914249658584595,-3.173625879748697,2.9841834110255316,-2.9891696474160296,2.992766021238355
44.96512222290039,-3.173625879748697,2.9841834110255316,-2.973100411438004,2.9819822779753427
45.01581573486328,-3.173625879748697,2.9841834110255316,-2.95705065203626,2.9711515713552625
45.06661605834961,-3.173625879748697,2.9841834110255316,-2.9409303986080757,2.960213147889861
45.118321895599365,-3.173625879748697,2.9841834110255316,-2.9244855705845456,2.9489926230434653
45.169025897979736,-3.173625879748697,2.9841834110255316,-2.908323358379366,2.9379042939626396
45.2196843624115,-3.173625879748697,2.9841834110255316,-2.892140505633356,2.9267418086822388
45.270527601242065,-3.173625879748697,2.9841834110255316,-2.875863751306813,2.9154542208950307
45.321545362472534,-2.9382109081594185,2.8145169655575515,-2.8594964690063325,2.9040430640110766
45.37208890914917,-2.9382109081594185,2.8145169655575515,-2.8432475444241723,2.892654340619019
45.42269539833069,-2.9382109081594185,2.8145169655575515,-2.826945156813512,2.8811681910502904
45.473904848098755,-2.9382109081594185,2.8145169655575515,-2.8104151500816013,2.869460558679229
45.52446389198303,-2.9382109081594185,2.8145169655575515,-2.794062605668933,2.857818270043496
45.575183629989624,-2.9382109081594185,2.8145169655575515,-2.7776261154560324,2.8460559256191575
45.62586784362793,-2.9382109081594185,2.8145169655575515,-2.7611696058206334,2.834218888203469
45.676392555236816,-2.9382109081594185,2.8145169655575515,-2.744733967596926,2.8223367573061844
45.72690391540527,-2.9382109081594185,2.8145169655575515,-2.728272270573891,2.810375753176591
45.777496099472046,-2.9382109081594185,2.8145169655575515,-2.7117542168738176,2.79831358232603
45.828200340270996,-2.9382109081594185,2.8145169655575515,-2.695169894905116,2.786142503421275
45.879549741744995,-2.9382109081594185,2.8145169655575515,-2.6783447389580113,2.773732881885071
45.93038487434387,-2.9382109081594185,2.8145169655575515,-2.6616590006746224,2.761364780591444
45.9819917678833,-2.9382109081594185,2.8145169655575515,-2.644690819513758,2.748724869375998
46.032673835754395,-2.7042146826740265,2.630576691462969,-2.6279986236316226,2.7362292479212424
46.08331036567688,-2.7042146826740265,2.630576691462969,-2.611294084356238,2.7236636699412387
46.13389992713928,-2.7042146826740265,2.630576691462969,-2.594578206306721,2.7110289013022246
46.18445324897766,-2.7042146826740265,2.630576691462969,-2.5778479675152046,2.6983226522467434
46.235201358795166,-2.7042146826740265,2.630576691462969,-2.561027246981154,2.6854866701040025
46.28614068031311,-2.7042146826740265,2.630576691462969,-2.5441173972420064,2.672521134306535
46.33761405944824,-2.7042146826740265,2.630576691462969,-2.5270045305016806,2.6593372448535555
46.38817095756531,-2.7042146826740265,2.630576691462969,-2.5101716442494757,2.6463076462584962
46.439542293548584,-2.7042146826740265,2.630576691462969,-2.493042978740402,2.6329866967890827
46.49012875556946,-2.7042146826740265,2.630576691462969,-2.4761522327326313,2.619789246280707
46.54110908508301,-2.7042146826740265,2.630576691462969,-2.45910656894512,2.606408912803548
46.59178304672241,-2.7042146826740265,2.630576691462969,-2.442140518828396,2.593029485681896
46.6425678730011,-2.7042146826740265,2.630576691462969,-2.4251149850048175,2.579541476989914
46.694395780563354,-2.7042146826740265,2.630576691462969,-2.4077171564929456,2.5656947998046933
46.745341300964355,-2.4891864099597636,2.4552222867132594,-2.3905937528534564,2.552003719577141
46.79715132713318,-2.4891864099597636,2.4552222867132594,-2.373158119416448,2.5379990506883496
46.848827600479126,-2.4891864099597636,2.4552222867132594,-2.3557462284509247,2.52394914265943
46.899503231048584,-2.4891864099597636,2.4552222867132594,-2.3386513386766468,2.5100925795789992
46.95217728614807,-2.4891864099597636,2.4552222867132594,-2.3208616431655438,2.4956072046732354
47.003514766693115,-2.4891864099597636,2.4552222867132594,-2.3035035754644935,2.481408836350635
47.05652165412903,-2.4891864099597636,2.4552222867132594,-2.2855610813409846,2.4666655813898943
47.10807514190674,-2.4891864099597636,2.4552222867132594,-2.2680915850198984,2.4522457573891896
47.158957958221436,-2.4891864099597636,2.4552222867132594,-2.2508314896599857,2.437935625326018
47.209941387176514,-2.4891864099597636,2.4552222867132594,-2.233519935477414,2.4235198217069778
47.26057553291321,-2.4891864099597636,2.4552222867132594,-2.216310274860078,2.409126363334349
47.311081647872925,-2.4891864099597636,2.4552222867132594,-2.199128001703564,2.3946936760807893
47.361785888671875,-2.4891864099597636,2.4552222867132594,-2.1818625824370166,2.3801286439556453
47.41265845298767,-2.4891864099597636,2.4552222867132594,-2.164524457039857,2.365439254245325
47.46342945098877,-2.241665302380336,2.2433315545806227,-2.147206040608746,2.350703538899041
47.5143039226532,-2.241665302380336,2.2433315545806227,-2.1298378556618554,2.3358622373364604
47.56481313705444,-2.241665302380336,2.2433315545806227,-2.1125804935376205,2.3210529249628284
47.61564803123474,-2.241665302380336,2.2433315545806227,-2.0951983609698344,2.3060733638978888
47.667165756225586,-2.241665302380336,2.2433315545806227,-2.077569406187089,2.290816341803859
47.7183313369751,-2.241665302380336,2.2433315545806227,-2.060048134900996,2.2755879026172887
47.76879405975342,-2.241665302380336,2.2433315545806227,-2.042755501846468,2.2604950219779467
47.820191621780396,-2.241665302380336,2.2433315545806227,-2.0251306856119733,2.24504764381088
47.87128949165344,-2.241665302380336,2.2433315545806227,-2.0075972716607398,2.2296156871151056
47.921881914138794,-2.241665302380336,2.2433315545806227,-1.9902265908694676,2.2142633202775213
47.97273516654968,-2.241665302380336,2.2433315545806227,-1.9727560841189842,2.19875881872568
48.02376055717468,-2.241665302380336,2.2433315545806227,-1.9552165539290132,2.1831285674954013
48.07438278198242,-2.241665302380336,2.2433315545806227,-1.9378062822251487,2.1675495694689695
48.125062465667725,-2.241665302380336,2.2433315545806227,-1.920367401227308,2.151881085378449
48.17608118057251,-1.9920351722171676,2.0058065157166163,-1.9028033796418475,2.136035501535615
48.227208852767944,-1.9920351722171676,2.0058065157166163,-1.8851937783197958,2.120083610234711
48.27935290336609,-1.9920351722171676,2.0058065157166163,-1.8672262760884837,2.103740188833014
48.33468580245972,-1.9920351722171676,2.0058065157166163,-1.8481518748685128,2.086315453128089
48.38781428337097,-1.9920351722171676,2.0058065157166163,-1.8298300694947631,2.0695059494233536
48.43849301338196,-1.9920351722171676,2.0058065157166163,-1.8123468922148729,2.0533997603781877
48.48914361000061,-1.9920351722171676,2.0058065157166163,-1.7948678432214287,2.0372327920991347
48.53977823257446,-1.9920351722171676,2.0058065157166163,-1.7773891864342741,2.0210015497930303
48.59019875526428,-1.9920351722171676,2.0058065157166163,-1.75997979670351,2.004770310985326
48.640618085861206,-1.9920351722171676,2.0058065157166163,-1.742566636608597,1.988471272127756
48.69117784500122,-1.9920351722171676,2.0058065157166163,-1.7251012254474762,1.9720586679435104
48.74257040023804,-1.9920351722171676,2.0058065157166163,-1.7073447440725997,1.9553060745487076
48.793224573135376,-1.9920351722171676,2.0058065157166163,-1.6898404920555412,1.9387257718625324
48.84386682510376,-1.9920351722171676,2.0058065157166163,-1.6723379467835255,1.9220817973378408
48.894585371017456,-1.7492948832135784,1.7663092505755074,-1.6548070662640557,1.905345340303501
48.945250511169434,-1.7492948832135784,1.7663092505755074,-1.6372931297382332,1.8885594669205887
49.00123119354248,-1.7492948832135784,1.7663092505755074,-1.6179404942938644,1.869934961594437
49.05200672149658,-1.7492948832135784,1.7663092505755074,-1.6003866728931315,1.8529721302774846
49.10296678543091,-1.7492948832135784,1.7663092505755074,-1.5827689325962169,1.8358809800847669
49.153552770614624,-1.7492948832135784,1.7663092505755074,-1.5652808449436426,1.81884955394284
49.20429039001465,-1.7492948832135784,1.7663092505755074,-1.5477411116159798,1.8017016107492383
49.25507879257202,-1.7492948832135784,1.7663092505755074,-1.5301850493348206,1.7844711698639064
49.305567264556885,-1.7492948832135784,1.7663092505755074,-1.512734324308084,1.767278019678988
49.35600829124451,-1.7492948832135784,1.7663092505755074,-1.4953020913206678,1.7500371697794344
49.407153844833374,-1.7492948832135784,1.7663092505755074,-1.4776289624709462,1.7324906761285943
49.457848072052,-1.7492948832135784,1.7663092505755074,-1.460114804079777,1.7150349312698963
49.50829267501831,-1.7492948832135784,1.7663092505755074,-1.442690309511558,1.6976021407913984
49.55871295928955,-1.7492948832135784,1.7663092505755074,-1.4252780631201691,1.6801152883494528
49.60959196090698,-1.5051719508939199,1.5195024570790427,-1.4077117447353666,1.6624063764488979
49.66024446487427,-1.5051719508939199,1.5195024570790427,-1.3902284007751171,1.6447138107492858
49.710883140563965,-1.5051719508939199,1.5195024570790427,-1.3727550321611188,1.6269640944920718
49.76165843009949,-1.5051719508939199,1.5195024570790427,-1.355240187382713,1.6091046154152697
49.81256818771362,-1.5051719508939199,1.5195024570790427,-1.3376850954808832,1.5911359823487516
49.863276958465576,-1.5051719508939199,1.5195024570790427,-1.3202058594463684,1.573177066244603
49.91397762298584,-1.5051719508939199,1.5195024570790427,-1.302736392066799,1.5551602870474597
49.96504497528076,-1.5051719508939199,1.5195024570790427,-1.2851480715018506,1.5369521715428225
50.01693248748779,-1.5051719508939199,1.5195024570790427,-1.2672854368932365,1.5183892649090025
50.06765151023865,-1.5051719508939199,1.5195024570790427,-1.2498334586070179,1.500184002193768
50.11875319480896,-1.5051719508939199,1.5195024570790427,-1.2322586490581018,1.4817813764494718
50.16938257217407,-1.5051719508939199,1.5195024570790427,-1.2148554607444049,1.463489797187282
50.22036123275757,-1.5051719508939199,1.5195024570790427,-1.1973418876980486,1.4450130192878632
50.27142333984375,-1.5051719508939199,1.5195024570790427,-1.1798098209461152,1.4264470112976395
50.3220796585083,-1.2603748509464876,1.2505133690450843,-1.1624275766742749,1.407970583333007
50.37255048751831,-1.2603748509464876,1.2505133690450843,-1.1451198062436974,1.3895047616071934
50.42290925979614,-1.2603748509464876,1.2505133690450843,-1.1278616550947476,1.3710235470942698
50.47332048416138,-1.2603748509464876,1.2505133690450843,-1.1105971472941794,1.352467032183625
50.523690938949585,-1.2603748509464876,1.2505133690450843,-1.09335863315702,1.3338698793700767
50.574055671691895,-1.2603748509464876,1.2505133690450843,-1.0761345207807724,1.3152195942658307
50.6245481967926,-1.2603748509464876,1.2505133690450843,-1.0588796153184428,1.2964669066353818
50.67525506019592,-1.2603748509464876,1.2505133690450843,-1.04156489611118,1.277579490088351
50.72561001777649,-1.2603748509464876,1.2505133690450843,-1.024384081192707,1.2587688604289888
50.77594518661499,-1.2603748509464876,1.2505133690450843,-1.0072241181191752,1.2399119278161987
50.826510429382324,-1.2603748509464876,1.2505133690450843,-0.9900003310304686,1.22091512944689
50.87704253196716,-1.2603748509464876,1.2505133690450843,-0.9728028800598114,1.2018774204505014
50.92753791809082,-1.2603748509464876,1.2505133690450843,-0.9556333674251978,1.1828006426318423
50.978296756744385,-1.2603748509464876,1.2505133690450843,-0.9383902523944021,1.1635714264684527
51.02880835533142,-1.0202920656503496,0.9706311117714665,-0.9212474442437351,1.1443836035741328
51.07930827140808,-1.0202920656503496,0.9706311117714665,-0.9041252870617593,1.1251484837691108
51.13068413734436,-1.0202920656503496,0.9706311117714665,-0.8867236823673794,1.105527040370489
51.18114113807678,-1.0202920656503496,0.9706311117714665,-0.8696509493507159,1.0862052111668716
51.2322998046875,-1.0202920656503496,0.9706311117714665,-0.8523590697122141,1.066563172800701
51.28285217285156,-1.0202920656503496,0.9706311117714665,-0.8352906068571859,1.0471033663257296
51.33356857299805,-1.0202920656503496,0.9706311117714665,-0.8181856378932593,1.0275303231966377
51.384512186050415,-1.0202920656503496,0.9706311117714665,-0.8010234878900468,1.0078194859341
51.43568181991577,-1.0202920656503496,0.9706311117714665,-0.7838052379061127,0.9879710594749891
51.48699975013733,-1.0202920656503496,0.9706311117714665,-0.7665576846177113,0.9680150615595218
51.5374116897583,-1.0202920656503496,0.9706311117714665,-0.7496351214111865,0.9483629847816426
51.58788299560547,-1.0202920656503496,0.9706311117714665,-0.7327133805821298,0.9286401267252837
51.63832116127014,-1.0202920656503496,0.9706311117714665,-0.7158238933731966,0.9088830049850665
51.68888449668884,-1.0202920656503496,0.9706311117714665,-0.6989141074420386,0.889029887736803
51.7395920753479,-0.7901953313659567,0.6930384797952728,-0.6819782194522248,0.8690733236568149
51.790586709976196,-0.7901953313659567,0.6930384797952728,-0.6649692210020832,0.8489569292629415
51.84193706512451,-0.7901953313659567,0.6930384797952728,-0.6478650542414752,0.8286531591657436
51.892301082611084,-0.7901953313659567,0.6930384797952728,-0.6311127123950353,0.808693941180108
51.94410181045532,-0.7901953313659567,0.6930384797952728,-0.6139069576412384,0.7881188479585486
51.9948570728302,-0.7901953313659567,0.6930384797952728,-0.5970729333076741,0.7679136970974958
52.04540419578552,-0.7901953313659567,0.6930384797952728,-0.5803324182991467,0.7477472541450669
52.095999240875244,-0.7901953313659567,0.6930384797952728,-0.5636008853790058,0.7275179933788296
52.14673089981079,-0.7901953313659567,0.6930384797952728,-0.5468495344124742,0.707190641102655
52.19744372367859,-0.7901953313659567,0.6930384797952728,-0.5301301753935204,0.6868277610316933
52.248305559158325,-0.7901953313659567,0.6930384797952728,-0.5133879650414417,0.6663622245292453
52.299423694610596,-0.7901953313659567,0.6930384797952728,-0.496588299523272,0.6457507883770266
52.35064220428467,-0.7901953313659567,0.6930384797952728,-0.47978310471032515,0.6250563207103221
52.40169668197632,-0.7901953313659567,0.6930384797952728,-0.46305948059272906,0.6043861779520552
52.452770471572876,-0.5518330686221332,0.3904129044452511,-0.4463576478491782,0.5836667556310933
52.50364685058594,-0.5518330686221332,0.3904129044452511,-0.4297487219416447,0.5629866341556347
52.5542049407959,-0.5518330686221332,0.3904129044452511,-0.4132721186003292,0.5423960059080737
52.604663610458374,-0.5518330686221332,0.3904129044452511,-0.3968565372664905,0.5218066632146898
52.6553897857666,-0.5518330686221332,0.3904129044452511,-0.3803831299539535,0.5010691286447344
52.70605707168579,-0.5518330686221332,0.3904129044452511,-0.3639584533775655,0.4803170386805511
52.75671744346619,-0.5518330686221332,0.3904129044452511,-0.3475659792345662,0.4595296251924048
52.807488679885864,-0.5518330686221332,0.3904129044452511,-0.3311680674382842,0.43865889001634994
52.8581645488739,-0.5518330686221332,0.3904129044452511,-0.3148317160188787,0.4177900405028667
52.908700704574585,-0.5518330686221332,0.3904129044452511,-0.2985713793817486,0.3969420448367298
52.96296167373657,-0.5518330686221332,0.3904129044452511,-0.28114741838875457,0.37451715799747154
53.01405572891235,-0.5518330686221332,0.3904129044452511,-0.26477379587215166,0.3533634514134525
53.06471610069275,-0.5518330686221332,0.3904129044452511,-0.2485715152596244,0.33235372061067925
53.11717224121094,-0.5518330686221332,0.3904129044452511,-0.23182926186554997,0.3105624089174528
53.17152214050293,-0.33102777879842493,0.09279099068676748,-0.21451987979684173,0.28794538526965496
53.22191500663757,-0.33102777879842493,0.09279099068676748,-0.19850503651811513,0.26694004780418346
53.272488594055176,-0.33102777879842493,0.09279099068676748,-0.18246631260352242,0.2458260025789929
53.323203325271606,-0.33102777879842493,0.09279099068676748,-0.1664169420174222,0.2246199122702608
53.37448811531067,-0.33102777879842493,0.09279099068676748,-0.15022227839694935,0.20314219976549963
53.42495346069336,-0.33102777879842493,0.09279099068676748,-0.13432120316208174,0.18197548441458955
53.47640514373779,-0.33102777879842493,0.09279099068676748,-0.11814527596843538,0.16036268209256654
53.52678179740906,-0.33102777879842493,0.09279099068676748,-0.10234283550089618,0.13917023916506888
53.57709884643555,-0.33102777879842493,0.09279099068676748,-0.08659451307564892,0.11797249726980086
53.627583265304565,-0.33102777879842493,0.09279099068676748,-0.07082973206077092,0.09667419822283918
53.678414821624756,-0.33102777879842493,0.09279099068676748,-0.05499325924191201,0.0751995094746305
53.72916531562805,-0.33102777879842493,0.09279099068676748,-0.03921913977289471,0.05372956757870018
53.779746294021606,-0.33102777879842493,0.09279099068676748,-0.023534940664123205,0.03230248073938746
53.83027362823486,-0.33102777879842493,0.09279099068676748,-0.007904831452604455,0.010869823016682378
53.8817834854126,-0.11837136507749245,-0.2067482201020362,0.00799032073413164,-0.011008225855137388
53.932255029678345,-0.11837136507749245,-0.2067482201020362,0.02352663369315433,-0.03247282293016873
53.98270583152771,-0.11837136507749245,-0.2067482201020362,0.03901820388333066,-0.05395538526124577
54.034055948257446,-0.11837136507749245,-0.2067482201020362,0.054746191087585494,-0.07584790272200648
54.085283279418945,-0.11837136507749245,-0.2067482201020362,0.07039628408129772,-0.09771473736785707
54.13623595237732,-0.11837136507749245,-0.2067482201020362,0.08592220713585297,-0.11949026161621012
54.186869621276855,-0.11837136507749245,-0.2067482201020362,0.10131081040510237,-0.14115458894051502
54.23724818229675,-0.11837136507749245,-0.2067482201020362,0.1165818620754604,-0.16273415590895102
54.28790640830994,-0.11837136507749245,-0.2067482201020362,0.13189710516876518,-0.18445757051968692
54.34092140197754,-0.11837136507749245,-0.2067482201020362,0.14788091976831463,-0.20721692750756615
54.39144539833069,-0.11837136507749245,-0.2067482201020362,0.1630715482370082,-0.2289304844835871
54.442039012908936,-0.11837136507749245,-0.2067482201020362,0.17824154587206342,-0.25069653776252365
54.492515087127686,-0.11837136507749245,-0.2067482201020362,0.19333453057848526,-0.2724340559835001
54.54293441772461,-0.11837136507749245,-0.2067482201020362,0.20836857683703558,-0.29416862679347844
54.59354257583618,0.09275864425203177,-0.5190863217478232,0.22341642330635958,-0.31600571069315
54.644020318984985,0.09275864425203177,-0.5190863217478232,0.238382754349999,-0.33780710933341407
54.6946702003479,0.09275864425203177,-0.5190863217478232,0.25335690360409036,-0.3597030339123184
54.7452666759491,0.09275864425203177,-0.5190863217478232,0.268271722386455,-0.38159556443239295
54.795923948287964,0.09275864425203177,-0.5190863217478232,0.2831605498787595,-0.4035336288309408
54.846540451049805,0.09275864425203177,-0.5190863217478232,0.29799319448024786,-0.4254727623068417
54.89698386192322,0.09275864425203177,-0.5190863217478232,0.3127308501033039,-0.4473550040365253
54.947362422943115,0.09275864425203177,-0.5190863217478232,0.3274051470814139,-0.46922669406064466
54.997713565826416,0.09275864425203177,-0.5190863217478232,0.3420268063944629,-0.4911035487102522
55.0488224029541,0.09275864425203177,-0.5190863217478232,0.3568225330552721,-0.513326561075625
55.09936332702637,0.09275864425203177,-0.5190863217478232,0.3714080090987175,-0.53531893134276
55.14981007575989,0.09275864425203177,-0.5190863217478232,0.3859205456963348,-0.5572859882751293
55.20046257972717,0.09275864425203177,-0.5190863217478232,0.4004459739066868,-0.5793578929201877
55.250911474227905,0.09275864425203177,-0.5190863217478232,0.41486660085896876,-0.6013557705617429
55.30143141746521,0.2847621299695979,-0.8242921932975509,0.42926082308529434,-0.6233988305326665
55.351778745651245,0.2847621299695979,-0.8242921932975509,0.44355906352231766,-0.6453802206128554
55.40229916572571,0.2847621299695979,-0.8242921932975509,0.45785920739606834,-0.6674503791107274
55.452693939208984,0.2847621299695979,-0.8242921932975509,0.47207633868506527,-0.6894783237121005
55.50312614440918,0.2847621299695979,-0.8242921932975509,0.48625630091604854,-0.7115348078237695
55.553624868392944,0.2847621299695979,-0.8242921932975509,0.5004068380467297,-0.7336320923877033
55.60410404205322,0.2847621299695979,-0.8242921932975509,0.514503479840208,-0.7557320325539172
55.654584884643555,0.2847621299695979,-0.8242921932975509,0.5285518942089742,-0.7778434124446563
55.705116748809814,0.2847621299695979,-0.8242921932975509,0.5425654572098413,-0.7999873646909126
55.75541925430298,0.2847621299695979,-0.8242921932975509,0.5564663945047275,-0.8220404693819983
55.80571961402893,0.2847621299695979,-0.8242921932975509,0.5703175583355029,-0.8441017749989412
55.8561110496521,0.2847621299695979,-0.8242921932975509,0.5841442144141911,-0.866211693279128
55.90662360191345,0.2847621299695979,-0.8242921932975509,0.5979540179605629,-0.8883829574702322
55.95710277557373,0.45914519613569094,-1.1087889709049106,0.6117043279520025,-0.9105472733274509
56.007659912109375,0.45914519613569094,-1.1087889709049106,0.6254251350598103,-0.9327530328472828
56.058475971221924,0.45914519613569094,-1.1087889709049106,0.6391647696746858,-0.9550792777883232
56.10886287689209,0.45914519613569094,-1.1087889709049106,0.6527371802201754,-0.9772231583097379
56.159215450286865,0.45914519613569094,-1.1087889709049106,0.6662491582831511,-0.9993575998387767
56.209583044052124,0.45914519613569094,-1.1087889709049106,0.6797137154520803,-1.0215037907400868
56.26036024093628,0.45914519613569094,-1.1087889709049106,0.6932354178844955,-1.0438347794803642
56.31109595298767,0.45914519613569094,-1.1087889709049106,0.7066933102314206,-1.0661517213615985
56.36211943626404,0.45914519613569094,-1.1087889709049106,0.7201740799763647,-1.088598954078869
56.41309952735901,0.45914519613569094,-1.1087889709049106,0.7335895838627136,-1.1110302888358399
56.46385407447815,0.45914519613569094,-1.1087889709049106,0.7468920539010822,-1.1333650327029177
56.51481652259827,0.45914519613569094,-1.1087889709049106,0.7601948630852187,-1.1557934005836377
56.565266609191895,0.45914519613569094,-1.1087889709049106,0.7733102318658265,-1.1779978739290844
56.61640763282776,0.45914519613569094,-1.1087889709049106,0.7865504376856292,-1.2005075414785549
56.66719102859497,0.45914519613569094,-1.1087889709049106,0.7996432241568936,-1.2228603666830087
56.71792769432068,0.6399115993544439,-1.4222932518579938,0.8126691508311574,-1.2451926662171289
56.76865363121033,0.6399115993544439,-1.4222932518579938,0.8256373075520207,-1.267519766330653
56.819334983825684,0.6399115993544439,-1.4222932518579938,0.8385388855102955,-1.2898262469403958
56.869837284088135,0.6399115993544439,-1.4222932518579938,0.851339779054404,-1.3120524149591581
56.92038822174072,0.6399115993544439,-1.4222932518579938,0.8640976768819129,-1.3342979673435338
56.97093939781189,0.6399115993544439,-1.4222932518579938,0.876800048439959,-1.356541086810953
57.0216429233551,0.6399115993544439,-1.4222932518579938,0.8894846289516025,-1.3788481733442013
57.07236456871033,0.6399115993544439,-1.4222932518579938,0.9021173213276974,-1.4011596357404152
57.123133420944214,0.6399115993544439,-1.4222932518579938,0.9147050285347063,-1.4234877387755378
57.17401623725891,0.6399115993544439,-1.4222932518579938,0.9272638004634608,-1.4458612964896922
57.22450590133667,0.6399115993544439,-1.4222932518579938,0.9396687147925804,-1.4680568442464788
57.275158166885376,0.6399115993544439,-1.4222932518579938,0.9520564801252038,-1.4903182092811473
57.32629060745239,0.6399115993544439,-1.4222932518579938,0.964503446165808,-1.5127843251279809
57.378016233444214,0.6399115993544439,-1.4222932518579938,0.9770350474039811,-1.5355040999545997
57.429139614105225,0.8166598441331586,-1.7494722156429614,0.9893614542953224,-1.5579519170167417
57.47985076904297,0.8166598441331586,-1.7494722156429614,1.0015300185354539,-1.5802109012767578
57.53056359291077,0.8166598441331586,-1.7494722156429614,1.0136405501687924,-1.6024622955104078
57.581417083740234,0.8166598441331586,-1.7494722156429614,1.0257257817700913,-1.6247665259822919
57.632070541381836,0.8166598441331586,-1.7494722156429614,1.0377046379843027,-1.6469736530786312
57.682583808898926,0.8166598441331586,-1.7494722156429614,1.049591654664527,-1.6691094858960147
57.73383188247681,0.8166598441331586,-1.7494722156429614,1.061591488384944,-1.691556755922341
57.78508400917053,0.8166598441331586,-1.7494722156429614,1.073531517975976,-1.7139946159388422
57.83647632598877,0.8166598441331586,-1.7494722156429614,1.0854429910716474,-1.7364820735253566
57.88869881629944,0.8166598441331586,-1.7494722156429614,1.0974838693222897,-1.7593201426473408
57.93932294845581,0.8166598441331586,-1.7494722156429614,1.1090953842766704,-1.7814465091670646
57.98983955383301,0.8166598441331586,-1.7494722156429614,1.120622343044578,-1.8035128848895696
58.04095506668091,0.8166598441331586,-1.7494722156429614,1.1322248667395962,-1.8258271285347716
58.09154486656189,0.8166598441331586,-1.7494722156429614,1.143647357702965,-1.8478977362388531
58.1422598361969,0.9728665582080043,-2.0579546636128967,1.155037305677956,-1.870008307280754
58.193023681640625,0.9728665582080043,-2.0579546636128967,1.1663770737585928,-1.892124977089567
58.24419617652893,0.9728665582080043,-2.0579546636128967,1.1777460100412847,-1.914403749328485
58.294933795928955,0.9728665582080043,-2.0579546636128967,1.18895657097358,-1.936476863165809
58.34585905075073,0.9728665582080043,-2.0579546636128967,1.2001465681634367,-1.9586147256609343
58.39698529243469,0.9728665582080043,-2.0579546636128967,1.2113180402699157,-1.9808224111515444
58.44775986671448,0.9728665582080043,-2.0579546636128967,1.2223503246681209,-2.0028594091307994
58.5018355846405,0.9728665582080043,-2.0579546636128967,1.2340313604609578,-2.0263089102013274
58.5528564453125,0.9728665582080043,-2.0579546636128967,1.2449875216821247,-2.0484139865013793
58.603482723236084,0.9728665582080043,-2.0579546636128967,1.255796406810301,-2.0703286527359146
58.65393424034119,0.9728665582080043,-2.0579546636128967,1.266505832874186,-2.0921478694861495
58.70458507537842,0.9728665582080043,-2.0579546636128967,1.27719499439092,-2.1140328811944658
58.755038261413574,0.9728665582080043,-2.0579546636128967,1.2877799504044147,-2.1358116474116606
58.80547499656677,0.9728665582080043,-2.0579546636128967,1.2982989523757111,-2.1575619991049697
58.8564395904541,1.1067947364288282,-2.3513973780964594,1.3088644050494642,-2.179517812061944
58.907100439071655,1.1067947364288282,-2.3513973780964594,1.3193033300611636,-2.201320154953356
58.95797395706177,1.1067947364288282,-2.3513973780964594,1.3297221507353505,-2.2231908035118577
59.00870394706726,1.1067947364288282,-2.3513973780964594,1.3400476328258424,-2.2449760535440664
59.059417963027954,1.1067947364288282,-2.3513973780964594,1.350305886922674,-2.2667302671253102
59.11008429527283,1.1067947364288282,-2.3513973780964594,1.3604904690166495,-2.2884393635677225
59.160637617111206,1.1067947364288282,-2.3513973780964594,1.3705884045063277,-2.3100749481982135
59.21284580230713,1.1067947364288282,-2.3513973780964594,1.3809497136422584,-2.332391916128106
59.26371622085571,1.1067947364288282,-2.3513973780964594,1.3909797165498334,-2.354110250920591
59.31424832344055,1.1067947364288282,-2.3513973780964594,1.4008785612169339,-2.3756574408671316
59.36504364013672,1.1067947364288282,-2.3513973780964594,1.410764086585896,-2.3972895172886752
59.41600012779236,1.1067947364288282,-2.3513973780964594,1.4206154800552468,-2.4189621517523885
59.466692209243774,1.1067947364288282,-2.3513973780964594,1.4303505278643838,-2.440493899353093
59.51714754104614,1.1067947364288282,-2.3513973780964594,1.4399753740189074,-2.461896409293756
59.5676589012146,1.2439698928174285,-2.6501217825104226,1.4495460868602332,-2.4832935118069774
59.61853075027466,1.2439698928174285,-2.6501217825104226,1.4591194216158136,-2.5048132949356865
59.669729709625244,1.2439698928174285,-2.6501217825104226,1.4686876316285447,-2.526440496302485
59.72047257423401,1.2439698928174285,-2.6501217825104226,1.4781044749068348,-2.547843868391495
59.771212339401245,1.2439698928174285,-2.6501217825104226,1.487454791469944,-2.5692143837470396
59.82164239883423,1.2439698928174285,-2.6501217825104226,1.4966825694776165,-2.5904226816301437
59.872347831726074,1.2439698928174285,-2.6501217825104226,1.5058948170937474,-2.6117143309031916
59.9228630065918,1.2439698928174285,-2.6501217825104226,1.5150066568285114,-2.6328932119347983
59.973357915878296,1.2439698928174285,-2.6501217825104226,1.5240490504223232,-2.654030286973414
60.02406692504883,1.2439698928174285,-2.6501217825104226,1.5330634765972733,-2.675222952381486
60.07450222969055,1.2439698928174285,-2.6501217825104226,1.5419632280907536,-2.696266888721568
60.12515664100647,1.2439698928174285,-2.6501217825104226,1.5508352664970448,-2.7173672606008177
60.1758074760437,1.2439698928174285,-2.6501217825104226,1.5596400607861758,-2.7384305696192155
60.2264404296875,1.2439698928174285,-2.6501217825104226,1.5683750641367644,-2.7594503745089067
60.27769660949707,1.3654109645059527,-2.945832338069433,1.5771495747812154,-2.780691649675705
60.32882618904114,1.3654109645059527,-2.945832338069433,1.5858341399835492,-2.8018425860266984
60.3793363571167,1.3654109645059527,-2.945832338069433,1.5943464447311557,-2.8226996287089356
60.4304039478302,1.3654109645059527,-2.945832338069433,1.6028848451814905,-2.8437482729689387
60.48091006278992,1.3654109645059527,-2.945832338069433,1.611262180134415,-2.864526831447729
60.53192925453186,1.3654109645059527,-2.945832338069433,1.6196566892672744,-2.8854769188232097
60.58246636390686,1.3654109645059527,-2.945832338069433,1.6279044836467904,-2.9061893433439048
60.63312363624573,1.3654109645059527,-2.945832338069433,1.636104489628248,-2.9269108475714454
60.68367123603821,1.3654109645059527,-2.945832338069433,1.6442193997815255,-2.947546896028521
60.734161615371704,1.3654109645059527,-2.945832338069433,1.6522578879356806,-2.968118597228871
60.784719944000244,1.3654109645059527,-2.945832338069433,1.6602397827156763,-2.9886764313145573
60.83535957336426,1.3654109645059527,-2.945832338069433,1.6681668171266928,-3.0092251361292384
60.88591551780701,1.3654109645059527,-2.945832338069433,1.67601309553317,-3.029697260620954
60.93646430969238,1.3654109645059527,-2.945832338069433,1.6837906064184895,-3.05012340622925
60.98721218109131,1.4657200535301282,-3.219071579908488,1.691530625216515,-3.0705861560826495
61.037925004959106,1.4657200535301282,-3.219071579908488,1.6991970447971312,-3.090990384608777
61.08851099014282,1.4657200535301282,-3.219071579908488,1.7067762498898218,-3.1112988674707074
61.139530420303345,1.4657200535301282,-3.219071579908488,1.7143515025781122,-3.1317356205438194
61.18999528884888,1.4657200535301282,-3.219071579908488,1.7217762895687168,-3.151904539518395
61.24062705039978,1.4657200535301282,-3.219071579908488,1.7291574825155491,-3.1720939868512428
61.29110360145569,1.4657200535301282,-3.219071579908488,1.7364480446954196,-3.192175009523126
61.341737508773804,1.4657200535301282,-3.219071579908488,1.7436930628647116,-3.212271453193458
61.392361879348755,1.4657200535301282,-3.219071579908488,1.7508683055525716,-3.232316372610294
61.442819356918335,1.4657200535301282,-3.219071579908488,1.7579517772584103,-3.25224721536934
61.49332904815674,1.4657200535301282,-3.219071579908488,1.7649744218014405,-3.2721501982204133
61.545355558395386,1.4657200535301282,-3.219071579908488,1.7721366152336309,-3.2925996349766735
61.59657073020935,1.4657200535301282,-3.219071579908488,1.779116357231401,-3.312678864565582
61.647056102752686,1.4657200535301282,-3.219071579908488,1.7859278886330645,-3.332421651318221
61.69738960266113,1.5634381103558264,-3.485566820159688,1.7926509398504833,-3.3520548225305498
61.74793887138367,1.5634381103558264,-3.485566820159688,1.7993344504704374,-3.371721195803717
61.798707723617554,1.5634381103558264,-3.485566820159688,1.8059780048641847,-3.391421101686861
61.85098934173584,1.5634381103558264,-3.485566820159688,1.8127472238481148,-3.411653127966586
61.90150237083435,1.5634381103558264,-3.485566820159688,1.8192177463378165,-3.431147347858902
61.95314860343933,1.5634381103558264,-3.485566820159688,1.8257625683592418,-3.4510241306471503
62.00369477272034,1.5634381103558264,-3.485566820159688,1.832098586749553,-3.4704234239897396
62.05416250228882,1.5634381103558264,-3.485566820159688,1.8383562563516238,-3.4897387173155234
62.104854345321655,1.5634381103558264,-3.485566820159688,1.8445727729903225,-3.509085085113478
62.155681133270264,1.5634381103558264,-3.485566820159688,1.8507364481591921,-3.528427424737746
62.20619082450867,1.5634381103558264,-3.485566820159688,1.8567928185042226,-3.547593523076359
62.25744676589966,1.5634381103558264,-3.485566820159688,1.8628684882225002,-3.566985665380376
62.3082435131073,1.6390224616745628,-3.7212096174988294,1.8688199662926148,-3.5861468142571
62.35893630981445,1.6390224616745628,-3.7212096174988294,1.8746900204423753,-3.6052114355732092
62.409470558166504,1.6390224616745628,-3.7212096174988294,1.8804728567173612,-3.6241589602735385
62.460143089294434,1.6390224616745628,-3.7212096174988294,1.8862024774561938,-3.6431002379163617
62.51061749458313,1.6390224616745628,-3.7212096174988294,1.891840962122077,-3.6619091463283784
62.56151223182678,1.6390224616745628,-3.7212096174988294,1.8974569412620113,-3.680815282019004
62.61250066757202,1.6390224616745628,-3.7212096174988294,1.903013317866634,-3.69969592246382
62.66308856010437,1.6390224616745628,-3.7212096174988294,1.9084568646335114,-3.7183681182356176
62.7136607170105,1.6390224616745628,-3.7212096174988294,1.913829845845121,-3.736974170272488
62.76425266265869,1.6390224616745628,-3.7212096174988294,1.9191360336680037,-3.755526669102065
62.81484603881836,1.6390224616745628,-3.7212096174988294,1.9243734676389508,-3.774018373333389
62.86550807952881,1.6390224616745628,-3.7212096174988294,1.9295489750660149,-3.792473258216699
62.91606163978577,1.6390224616745628,-3.7212096174988294,1.9346445531899439,-3.810826398742816
62.96675658226013,1.6390224616745628,-3.7212096174988294,1.9396853345964393,-3.8291679759913566
63.01744246482849,1.7067425884621885,-3.967486646122922,1.9446561067572476,-3.847442844693211
63.06833100318909,1.7067425884621885,-3.967486646122922,1.9495772554190047,-3.865726504256391
63.11927270889282,1.7067425884621885,-3.967486646122922,1.9544338212659245,-3.8839642877420184
63.170663356781006,1.7067425884621885,-3.967486646122922,1.9592625258035414,-3.9022964442116574
63.22140431404114,1.7067425884621885,-3.967486646122922,1.9639605794306205,-3.920330984310983
63.27206897735596,1.7067425884621885,-3.967486646122922,1.9685825900494818,-3.938272651743686
63.322509765625,1.7067425884621885,-3.967486646122922,1.9731157356542655,-3.956069310379189
63.37322950363159,1.7067425884621885,-3.967486646122922,1.977605124989156,-3.9738978018574174
63.42388415336609,1.7067425884621885,-3.967486646122922,1.982019904383342,-3.9916363143863904
63.474315881729126,1.7067425884621885,-3.967486646122922,1.986346939927922,-4.009229695435647
63.524996757507324,1.7067425884621885,-3.967486646122922,1.9906267197523524,-4.026842122474488
63.575499057769775,1.7067425884621885,-3.967486646122922,1.9948230211774416,-4.044324362292599
63.62994027137756,1.7067425884621885,-3.967486646122922,1.9992701869168772,-4.063093436427297
63.68060278892517,1.7067425884621885,-3.967486646122922,2.0033374986635484,-4.080487819173141
63.731932163238525,1.7719086404638626,-4.2136000526721045,2.00738841276362,-4.0980399449376845
63.78294849395752,1.7719086404638626,-4.2136000526721045,2.0113449222636364,-4.115413540377416
63.83397912979126,1.7719086404638626,-4.2136000526721045,2.015233078041944,-4.132720253759946
63.884840965270996,1.7719086404638626,-4.2136000526721045,2.0190392977636433,-4.149897859051552
63.93581748008728,1.7719086404638626,-4.2136000526721045,2.0227849617946982,-4.167041759095607
63.987332582473755,1.7719086404638626,-4.2136000526721045,2.0264999433142656,-4.184292661214144
64.03848218917847,1.7719086404638626,-4.2136000526721045,2.030118752304417,-4.201346984803284
64.08925151824951,1.7719086404638626,-4.2136000526721045,2.0336419266838446,-4.21820097041056
64.14007115364075,1.7719086404638626,-4.2136000526721045,2.037100080702526,-4.234997833299966
64.19081139564514,1.7719086404638626,-4.2136000526721045,2.040484513315521,-4.25169432929159
64.24155688285828,1.7719086404638626,-4.2136000526721045,2.0438010876653934,-4.268318034427999
64.29213953018188,1.7719086404638626,-4.2136000526721045,2.047039205169423,-4.284813799352342
64.3451464176178,1.7719086404638626,-4.2136000526721045,2.050359941427896,-4.30201976111354
64.39636564254761,1.7719086404638626,-4.2136000526721045,2.05349820794971,-4.31856684334077
64.44893431663513,1.8173974193554472,-4.434992961574655,2.056647209809517,-4.335469075034026
64.49984335899353,1.8173974193554472,-4.434992961574655,2.0596274093233196,-4.351759220794967
64.55039358139038,1.8173974193554472,-4.434992961574655,2.0625191315607,-4.367857721346184
64.60092282295227,1.8173974193554472,-4.434992961574655,2.065342543634629,-4.3838726095828635
64.65157747268677,1.8173974193554472,-4.434992961574655,2.0681057008992694,-4.3998496227165225
64.70398736000061,1.8173974193554472,-4.434992961574655,2.070893809665311,-4.416298004139233
64.75639033317566,1.8173974193554472,-4.434992961574655,2.0736096608303827,-4.432660120387335
64.8069179058075,1.8173974193554472,-4.434992961574655,2.076160338225263,-4.448356606564658
64.85794138908386,1.8173974193554472,-4.434992961574655,2.07866841802285,-4.464126959200217
64.90903639793396,1.8173974193554472,-4.434992961574655,2.08111200506055,-4.479838245989418
64.95969080924988,1.8173974193554472,-4.434992961574655,2.083467439437767,-4.495333454298024
65.01026511192322,1.8173974193554472,-4.434992961574655,2.0857526144484893,-4.510723687624367
65.06101417541504,1.8173974193554472,-4.434992961574655,2.087978959709224,-4.526085869306904
65.11160182952881,1.8173974193554472,-4.434992961574655,2.0901318032608245,-4.541317799086516
65.16280794143677,1.8470483657209698,-4.636281028350647,2.0922435365483882,-4.556652774459006
65.21394395828247,1.8470483657209698,-4.636281028350647,2.0942847878258863,-4.5718828383084995
65.26457452774048,1.8470483657209698,-4.636281028350647,2.0962394250444127,-4.586879333307452
65.31528759002686,1.8470483657209698,-4.636281028350647,2.09813108834531,-4.601817041211741
65.3660020828247,1.8470483657209698,-4.636281028350647,2.09995670210324,-4.6166714786055385
65.41681337356567,1.8470483657209698,-4.636281028350647,2.101719621966878,-4.6314699361766785
65.46728706359863,1.8470483657209698,-4.636281028350647,2.103405361360941,-4.646086103072333
65.5189220905304,1.8470483657209698,-4.636281028350647,2.105062491128855,-4.660951566223857
65.57124590873718,1.8470483657209698,-4.636281028350647,2.1066723225643043,-4.675925145853792
65.62194728851318,1.8470483657209698,-4.636281028350647,2.1081657153169155,-4.690347424800521
65.67356324195862,1.8470483657209698,-4.636281028350647,2.1096189198933657,-4.704941487225367
65.72420287132263,1.8470483657209698,-4.636281028350647,2.1109789473359846,-4.719172460933304
65.7746570110321,1.8470483657209698,-4.636281028350647,2.112269415244733,-4.7332651886521795
65.8253345489502,1.8470483657209698,-4.636281028350647,2.1135008381070906,-4.747333401874911
65.87593531608582,1.874656407177763,-4.827399758738934,2.114665771977415,-4.761293016692374
65.9263699054718,1.874656407177763,-4.827399758738934,2.11576275545697,-4.775119620635559
65.9768648147583,1.874656407177763,-4.827399758738934,2.116797050739123,-4.788875209638416
66.02765893936157,1.874656407177763,-4.827399758738934,2.1177730033228874,-4.80262355063391
66.07818746566772,1.874656407177763,-4.827399758738934,2.1186798354630056,-4.816211307414241
66.12886071205139,1.874656407177763,-4.827399758738934,2.1195252815902363,-4.829748767698735
66.17979621887207,1.874656407177763,-4.827399758738934,2.1203106743092848,-4.84326588332757
66.23054313659668,1.874656407177763,-4.827399758738934,2.1210290677807775,-4.856642443479368
66.28130221366882,1.874656407177763,-4.827399758738934,2.1216837853662915,-4.869931468591537
66.33204531669617,1.874656407177763,-4.827399758738934,2.122274620436543,-4.883125238676949
66.38502287864685,1.874656407177763,-4.827399758738934,2.122823702662803,-4.896802438762991
66.4360613822937,1.874656407177763,-4.827399758738934,2.1232873721725576,-4.909884403722358
66.4865345954895,1.874656407177763,-4.827399758738934,2.1236830253856405,-4.922729786012619
66.5370237827301,1.874656407177763,-4.827399758738934,2.1240163981297897,-4.935487658712667
66.58752346038818,1.886916596763201,-5.005806138469382,2.124287561080714,-4.9481562148926805
66.63809657096863,1.886916596763201,-5.005806138469382,2.1244968550883385,-4.960750666881548
66.68875694274902,1.886916596763201,-5.005806138469382,2.124644201077582,-4.973273669206577
66.73979616165161,1.886916596763201,-5.005806138469382,2.124729749850279,-4.985795659728192
66.79039525985718,1.886916596763201,-5.005806138469382,2.1247524071279456,-4.998115536626186
66.84083533287048,1.886916596763201,-5.005806138469382,2.1247135653665894,-5.0103030685824335
66.89140725135803,1.886916596763201,-5.005806138469382,2.1246132172688554,-5.022428274631139
66.94185185432434,1.886916596763201,-5.005806138469382,2.124452037012721,-5.034428670494284
66.99237251281738,1.886916596763201,-5.005806138469382,2.1242296380798757,-5.046352447148646
67.0429174900055,1.886916596763201,-5.005806138469382,2.1239462385587116,-5.058186779843135
67.09333872795105,1.886916596763201,-5.005806138469382,2.123603021355515,-5.069896955417558
67.14520955085754,1.886916596763201,-5.005806138469382,2.1231870522040213,-5.081844241715146
67.19595670700073,1.886916596763201,-5.005806138469382,2.1227185582914854,-5.093434676925156
67.24650263786316,1.886916596763201,-5.005806138469382,2.122191602993115,-5.104882435753597
67.29793620109558,1.8825774285664179,-5.155541216788527,2.121593786692624,-5.11643181268655
67.34866714477539,1.8825774285664179,-5.155541216788527,2.120943447739304,-5.127724856063764
67.39922642707825,1.8825774285664179,-5.155541216788527,2.120235529159618,-5.138881979867812
67.45055985450745,1.8825774285664179,-5.155541216788527,2.1194559062949985,-5.150109820373921
67.50124168395996,1.8825774285664179,-5.155541216788527,2.1186262060669643,-5.161095857504749
67.55165696144104,1.8825774285664179,-5.155541216788527,2.1177419382883644,-5.171925931884683
67.6026246547699,1.8825774285664179,-5.155541216788527,2.1167884296702653,-5.182774822000011
67.65312647819519,1.8825774285664179,-5.155541216788527,2.1157847724892096,-5.193425215965159
67.70385098457336,1.8825774285664179,-5.155541216788527,2.114717903840225,-5.204022734566814
67.75493931770325,1.8825774285664179,-5.155541216788527,2.1135840327379487,-5.214594820603887
67.80565810203552,1.8825774285664179,-5.155541216788527,2.1123996468090787,-5.224989423957662
67.85613799095154,1.8825774285664179,-5.155541216788527,2.111162948752573,-5.235234835725697
67.90661787986755,1.8825774285664179,-5.155541216788527,2.1098686969452864,-5.245379958919525
67.95709419250488,1.8825774285664179,-5.155541216788527,2.108517190856644,-5.255423793977215
68.00759077072144,1.8735797259005003,-5.279330311602695,2.1071079670612276,-5.265370745659137
68.05824422836304,1.8735797259005003,-5.279330311602695,2.10563711804297,-5.275246904002628
68.10914611816406,1.8735797259005003,-5.279330311602695,2.104101506984867,-5.2850686062666385
68.16238641738892,1.8735797259005003,-5.279330311602695,2.1024338568334175,-5.295230836515511
68.21453833580017,1.8735797259005003,-5.279330311602695,2.100739571686706,-5.305075295255625
68.26675510406494,1.8735797259005003,-5.279330311602695,2.098983203330116,-5.314822592243959
68.31732130050659,1.8735797259005003,-5.279330311602695,2.0972253776907945,-5.324157154639449
68.36783146858215,1.8735797259005003,-5.279330311602695,2.095413749150704,-5.333378325823216
68.41827201843262,1.8735797259005003,-5.279330311602695,2.0935492288394717,-5.342483738436566
68.4689393043518,1.8735797259005003,-5.279330311602695,2.0916208217783128,-5.351526137452258
68.5196545124054,1.8735797259005003,-5.279330311602695,2.0896351032753087,-5.360472495400179
68.5700900554657,1.8735797259005003,-5.279330311602695,2.0876055006569945,-5.369265475664499
68.62047910690308,1.8735797259005003,-5.279330311602695,2.085523383287999,-5.377946477141959
68.67294311523438,1.8735797259005003,-5.279330311602695,2.0832980020113756,-5.386874346933642
68.72392129898071,1.8567102843921979,-5.397627554600794,2.081079665794503,-5.395441014771597
68.77502083778381,1.8567102843921979,-5.397627554600794,2.078800912519034,-5.403920627773569
68.82539677619934,1.8567102843921979,-5.397627554600794,2.076500623065421,-5.412174608435638
68.87585258483887,1.8567102843921979,-5.397627554600794,2.0741433680563155,-5.420336373217358
68.9264190196991,1.8567102843921979,-5.397627554600794,2.0717276395775457,-5.428410052671151
68.97685718536377,1.8567102843921979,-5.397627554600794,2.0692651104863145,-5.436357314397502
69.02716183662415,1.8567102843921979,-5.397627554600794,2.0667566804964417,-5.4441779148676135
69.07791495323181,1.8567102843921979,-5.397627554600794,2.064173072407397,-5.451961095434978
69.12907075881958,1.8567102843921979,-5.397627554600794,2.061515525470027,-5.459696885603139
69.17996382713318,1.8567102843921979,-5.397627554600794,2.0588186339590533,-5.4672839700832885
69.23142337799072,1.8567102843921979,-5.397627554600794,2.056038231269109,-5.474844746043409
69.28256058692932,1.8567102843921979,-5.397627554600794,2.053222211832044,-5.482247593399215
69.33304858207703,1.8567102843921979,-5.397627554600794,2.0503903255134275,-5.489448095460759
69.38344883918762,1.8567102843921979,-5.397627554600794,2.0475124498609842,-5.496528469421062
69.43521356582642,1.8216116140157192,-5.492590620706884,2.044503967870014,-5.50368836779352
69.48575353622437,1.8216116140157192,-5.492590620706884,2.0415154003383815,-5.510568980993227
69.53626751899719,1.8216116140157192,-5.492590620706884,2.0384780060522645,-5.517337353656975
69.58672428131104,1.8216116140157192,-5.492590620706884,2.0353940362339182,-5.523989354029565
69.63725924491882,1.8216116140157192,-5.492590620706884,2.0322554331224207,-5.530542554486399
69.68820762634277,1.8216116140157192,-5.492590620706884,2.029040903484994,-5.537038613731129
69.73875403404236,1.8216116140157192,-5.492590620706884,2.02580213198413,-5.543373319796302
69.78928685188293,1.8216116140157192,-5.492590620706884,2.0225150992648278,-5.549596495988132
69.84058475494385,1.8216116140157192,-5.492590620706884,2.0191283162831244,-5.5558013657251175
69.89119815826416,1.8216116140157192,-5.492590620706884,2.0157376311812643,-5.561812122039167
69.94175839424133,1.8216116140157192,-5.492590620706884,2.012302080904982,-5.567705968293774
69.99265146255493,1.8216116140157192,-5.492590620706884,2.008795297883433,-5.5735267827056685
70.04409670829773,1.8216116140157192,-5.492590620706884,2.005201165568657,-5.579296520761729
70.0946581363678,1.8216116140157192,-5.492590620706884,2.0016207493767455,-5.584855037261712
70.14515662193298,1.7827545421189768,-5.555921055603806,1.997997530139835,-5.590295524892974
70.19780039787292,1.7827545421189768,-5.555921055603806,1.994170390754208,-5.5958487206911816
70.25224256515503,1.7827545421189768,-5.555921055603806,1.9901591437270119,-5.601464261288003
70.30272698402405,1.7827545421189768,-5.555921055603806,1.9863912987835737,-5.606555657414107
70.35352897644043,1.7827545421189768,-5.555921055603806,1.9825532085731803,-5.611566299765066
70.40428566932678,1.7827545421189768,-5.555921055603806,1.9786721868068278,-5.61645931335527
70.45490074157715,1.7827545421189768,-5.555921055603806,1.9747561275531669,-5.62122586324827
70.50618004798889,1.7827545421189768,-5.555921055603806,1.970742249491757,-5.625939909869244
70.55655336380005,1.7827545421189768,-5.555921055603806,1.966754063976104,-5.630457746496496
70.60848116874695,1.7827545421189768,-5.555921055603806,1.9625961780505299,-5.634997676599868
70.65905499458313,1.7827545421189768,-5.555921055603806,1.9585014872826085,-5.639304576644406
70.70950937271118,1.7827545421189768,-5.555921055603806,1.954372282825116,-5.6434884042849625
70.76007413864136,1.7827545421189768,-5.555921055603806,1.9501900446240736,-5.647568091867387
70.81053161621094,1.7827545421189768,-5.555921055603806,1.945973050909407,-5.65152591267681
70.86113047599792,1.7394259674474564,-5.603309497250204,1.941700755138801,-5.655381105643139
70.91192841529846,1.7394259674474564,-5.603309497250204,1.9373681299545322,-5.659136766654935
70.96246719360352,1.7394259674474564,-5.603309497250204,1.9330146200294123,-5.66275907281595
71.0130136013031,1.7394259674474564,-5.603309497250204,1.9286178480848177,-5.6662678539539595
71.06356763839722,1.7394259674474564,-5.603309497250204,1.9241780794049883,-5.66966291736197
71.11409735679626,1.7394259674474564,-5.603309497250204,1.9196984261211134,-5.672942035762725
71.16493368148804,1.7394259674474564,-5.603309497250204,1.915149487202955,-5.6761255875948
71.2155704498291,1.7394259674474564,-5.603309497250204,1.9105767120773676,-5.679181376440697
71.26625037193298,1.7394259674474564,-5.603309497250204,1.9059586668099622,-5.682124451564175
71.31725287437439,1.7394259674474564,-5.603309497250204,1.9012697359484603,-5.68496965846573
71.36780500411987,1.7394259674474564,-5.603309497250204,1.8965814299502977,-5.687674188776333
71.41875100135803,1.7394259674474564,-5.603309497250204,1.8918158175082362,-5.69028327865907
71.46946263313293,1.7394259674474564,-5.603309497250204,1.8870317698994148,-5.692764086324482
71.51991558074951,1.7394259674474564,-5.603309497250204,1.8822324625667664,-5.695116996557859
71.5703694820404,1.6797599800920744,-5.630224643314913,1.877393794660629,-5.697354886235081
71.6208610534668,1.6797599800920744,-5.630224643314913,1.8725124940912319,-5.699479140649222
71.67130303382874,1.6797599800920744,-5.630224643314913,1.867597305501827,-5.701486021117138
71.72191119194031,1.6797599800920744,-5.630224643314913,1.862627366958033,-5.703383605928317
71.77326273918152,1.6797599800920744,-5.630224643314913,1.8575452557733978,-5.705190289640245
71.82405924797058,1.6797599800920744,-5.630224643314913,1.8524795642160334,-5.706859634368442
71.87510395050049,1.6797599800920744,-5.630224643314913,1.8473508470088367,-5.708419003572126
71.92558026313782,1.6797599800920744,-5.630224643314913,1.8422418125808306,-5.709844463679056
71.97587203979492,1.6797599800920744,-5.630224643314913,1.83711474302258,-5.711149362509989
72.0267219543457,1.6797599800920744,-5.630224643314913,1.8318938195227588,-5.712351590174361
72.07736015319824,1.6797599800920744,-5.630224643314913,1.8266580130976733,-5.7134316598624935
72.12801742553711,1.6797599800920744,-5.630224643314913,1.8213839764266955,-5.714395077220214
72.17895579338074,1.6797599800920744,-5.630224643314913,1.8160444171813288,-5.715245700012045
72.23005843162537,1.6797599800920744,-5.630224643314913,1.8106514193585057,-5.715979943787903
72.28058218955994,1.617869621316422,-5.629526179616847,1.805284159100819,-5.716588498950435
72.33116436004639,1.617869621316422,-5.629526179616847,1.7998757896706865,-5.717080778792528
72.38156986236572,1.617869621316422,-5.629526179616847,1.794451875648707,-5.717454834935065
72.43202519416809,1.617869621316422,-5.629526179616847,1.788988481999409,-5.717712720283173
72.4824104309082,1.617869621316422,-5.629526179616847,1.7834989222193747,-5.717853827428793
72.53291749954224,1.617869621316422,-5.629526179616847,1.7779625426646841,-5.7178784523075326
72.58342719078064,1.617869621316422,-5.629526179616847,1.7723925969313203,-5.717786045303967
72.63404560089111,1.617869621316422,-5.629526179616847,1.7667775877797511,-5.71757596801346
72.6844789981842,1.617869621316422,-5.629526179616847,1.7611504848583104,-5.717249650819397
72.73525214195251,1.617869621316422,-5.629526179616847,1.7554529034813418,-5.716803107243533
72.78582453727722,1.617869621316422,-5.629526179616847,1.7497456777765077,-5.716240557430467
72.83640575408936,1.617869621316422,-5.629526179616847,1.7440056561563098,-5.715560294169995
72.8891932964325,1.617869621316422,-5.629526179616847,1.7379816856989452,-5.714724877831477
72.93993997573853,1.556257279467842,-5.6111187771043705,1.7321586175672148,-5.713800895942641
72.99066185951233,1.556257279467842,-5.6111187771043705,1.7263073776365836,-5.712758932115182
73.04247808456421,1.556257279467842,-5.6111187771043705,1.7202982088315433,-5.711572187171431
73.09298467636108,1.556257279467842,-5.6111187771043705,1.7144104232875517,-5.71029644513432
73.14349293708801,1.556257279467842,-5.6111187771043705,1.7084926569015833,-5.708903157240693
73.19389772415161,1.556257279467842,-5.6111187771043705,1.7025576361396815,-5.707395552753582
73.24692344665527,1.556257279467842,-5.6111187771043705,1.6962826799989381,-5.705683192004993
73.29737687110901,1.556257279467842,-5.6111187771043705,1.6902826348592357,-5.703933586286469
73.34787011146545,1.556257279467842,-5.6111187771043705,1.684249389542456,-5.702065121308048
73.39861941337585,1.556257279467842,-5.6111187771043705,1.678157178699855,-5.700068745425997
73.45025658607483,1.556257279467842,-5.6111187771043705,1.6719295272636707,-5.6979155604828
73.5007598400116,1.556257279467842,-5.6111187771043705,1.6658108051759146,-5.6956907293513375
73.55213046073914,1.556257279467842,-5.6111187771043705,1.6595591027243033,-5.693307025434466
73.60504174232483,1.556257279467842,-5.6111187771043705,1.65309085172765,-5.69072460847129
73.65557098388672,1.4841183789555912,-5.570424307968074,1.6468866157040183,-5.6881379342435086
73.70792412757874,1.4841183789555912,-5.570424307968074,1.6404307719506444,-5.685333700690419
73.76391863822937,1.4841183789555912,-5.570424307968074,1.633495148613751,-5.682194542795955
73.81436324119568,1.4841183789555912,-5.570424307968074,1.6272200952605063,-5.67924273663532
73.86522102355957,1.4841183789555912,-5.570424307968074,1.6208682168422537,-5.676147986380634
73.91584324836731,1.4841183789555912,-5.570424307968074,1.6145207334176384,-5.6729491598254995
73.96626925468445,1.4841183789555912,-5.570424307968074,1.6081733588259013,-5.669645299161691
74.01668739318848,1.4841183789555912,-5.570424307968074,1.6018028588198368,-5.666224795171042
74.06715154647827,1.4841183789555912,-5.570424307968074,1.5954027240697803,-5.662683880988855
74.11755895614624,1.4841183789555912,-5.570424307968074,1.5889863207992436,-5.6590298286677125
74.16826128959656,1.4841183789555912,-5.570424307968074,1.582509048306771,-5.655236341598119
74.21925139427185,1.4841183789555912,-5.570424307968074,1.575971752329633,-5.651301944678988
74.27015089988708,1.4841183789555912,-5.570424307968074,1.5694231444926392,-5.647255173973884
74.32061219215393,1.4841183789555912,-5.570424307968074,1.5629086362055982,-5.643125556877207
74.37125015258789,1.4069138951108968,-5.50476629506146,1.5563493518904339,-5.638863726601448
74.42203116416931,1.4069138951108968,-5.50476629506146,1.5497497716733202,-5.634471437302572
74.47591924667358,1.4069138951108968,-5.50476629506146,1.5427229279997674,-5.62968076064449
74.52635788917542,1.4069138951108968,-5.50476629506146,1.536124340251467,-5.625075843783383
74.57681202888489,1.4069138951108968,-5.50476629506146,1.5295032244583058,-5.620352609167253
74.62728333473206,1.4069138951108968,-5.50476629506146,1.5228596721738419,-5.615510839504317
74.67783117294312,1.4069138951108968,-5.50476629506146,1.5161861445772973,-5.610544569364756
74.72898173332214,1.4069138951108968,-5.50476629506146,1.5094131090020786,-5.605399789228631
74.78014302253723,1.4069138951108968,-5.50476629506146,1.5026189379440194,-5.600133955146259
74.8309006690979,1.4069138951108968,-5.50476629506146,1.4958592265742132,-5.594791160626851
74.88148546218872,1.4069138951108968,-5.50476629506146,1.4891039010299474,-5.589349193948719
74.93192982673645,1.4069138951108968,-5.50476629506146,1.4823491370939714,-5.5838057249228665
74.98286461830139,1.4069138951108968,-5.50476629506146,1.4755106081800815,-5.578090283391368
75.03373622894287,1.4069138951108968,-5.50476629506146,1.4686627539910877,-5.572263579233482
75.08518981933594,1.3280762435482483,-5.417526463441796,1.4617188038302147,-5.566249981565813
75.13593077659607,1.3280762435482483,-5.417526463441796,1.454853883009937,-5.560201336659963
75.18665075302124,1.3280762435482483,-5.417526463441796,1.4479751262310003,-5.554037840046922
75.23752689361572,1.3280762435482483,-5.417526463441796,1.441058782190749,-5.547737583182961
75.28818702697754,1.3280762435482483,-5.417526463441796,1.4341558131144647,-5.541346951714455
75.33863544464111,1.3280762435482483,-5.417526463441796,1.4272661715765993,-5.534866976450801
75.3889057636261,1.3280762435482483,-5.417526463441796,1.4203857777118647,-5.528294775618124
75.43919801712036,1.3280762435482483,-5.417526463441796,1.4134876541344943,-5.521604829618389
75.48957467079163,1.3280762435482483,-5.417526463441796,1.4065635176444276,-5.514788563637348
75.53990602493286,1.3280762435482483,-5.417526463441796,1.3996315097453074,-5.507863494571279
75.59054780006409,1.3280762435482483,-5.417526463441796,1.3926428615736226,-5.500779874774533
75.64110016822815,1.3280762435482483,-5.417526463441796,1.3856529949079692,-5.49359298088029
75.69254350662231,1.3280762435482483,-5.417526463441796,1.3785263759653363,-5.486160781258278
75.74495434761047,1.3280762435482483,-5.417526463441796,1.3712520251892775,-5.478465854361692
75.79573464393616,1.2458598946642265,-5.309127956504399,1.3641911472224517,-5.470892082048414
75.84649562835693,1.2458598946642265,-5.309127956504399,1.3571206702796779,-5.463205006415489
75.89753460884094,1.2458598946642265,-5.309127956504399,1.349999432026321,-5.4553588397663155
75.94791579246521,1.2458598946642265,-5.309127956504399,1.3429584704118396,-5.447498867671855
76.00010585784912,1.2458598946642265,-5.309127956504399,1.3356530161250149,-5.439236422271174
76.05077457427979,1.2458598946642265,-5.309127956504399,1.328549477677905,-5.4310978723766326
76.10127210617065,1.2458598946642265,-5.309127956504399,1.321459457100826,-5.422872310702617
76.1527214050293,1.2458598946642265,-5.309127956504399,1.3142253907493835,-5.414374289926766
76.2033360004425,1.2458598946642265,-5.309127956504399,1.3070987726136907,-5.40589862791521
76.25391030311584,1.2458598946642265,-5.309127956504399,1.2999683431017888,-5.397315426127513
76.30445671081543,1.2458598946642265,-5.309127956504399,1.2928327093272038,-5.388622956308406
76.35511136054993,1.2458598946642265,-5.309127956504399,1.285672967912825,-5.379797682952821
76.40555882453918,1.2458598946642265,-5.309127956504399,1.2785340633791822,-5.370895045323567
76.45692157745361,1.2458598946642265,-5.309127956504399,1.2712573186450278,-5.361714712044197
76.50758457183838,1.154943297225712,-5.171047028971024,1.2640718318986717,-5.3525447771649635
76.55851078033447,1.154943297225712,-5.171047028971024,1.256841469529479,-5.343212586895989
76.60910034179688,1.154943297225712,-5.171047028971024,1.2496517522393784,-5.3338284753606615
76.65973663330078,1.154943297225712,-5.171047028971024,1.2424485933516318,-5.324322468705152
76.71042203903198,1.154943297225712,-5.171047028971024,1.2352319712479933,-5.314693965350994
76.76190042495728,1.154943297225712,-5.171047028971024,1.2278961583246413,-5.3047989933933035
76.81273651123047,1.154943297225712,-5.171047028971024,1.2206460016279697,-5.294913105502003
76.86351203918457,1.154943297225712,-5.171047028971024,1.2133989961647842,-5.284925716987219
76.91412949562073,1.154943297225712,-5.171047028971024,1.2061694315855487,-5.274856917969994
76.96473121643066,1.154943297225712,-5.171047028971024,1.1989373399082677,-5.264679155097576
77.01724290847778,1.154943297225712,-5.171047028971024,1.1914275821790201,-5.253998925169677
77.06824564933777,1.154943297225712,-5.171047028971024,1.184129398692203,-5.243510439267588
77.11884713172913,1.154943297225712,-5.171047028971024,1.176884861140203,-5.232992519206935
77.16937112808228,1.154943297225712,-5.171047028971024,1.1696480025466296,-5.222379643734234
77.22054386138916,1.0651241299168988,-5.007250983808405,1.16231508333221,-5.21151757217228
77.27105975151062,1.0651241299168988,-5.007250983808405,1.1550735254916478,-5.200683655598295
77.3215057849884,1.0651241299168988,-5.007250983808405,1.147839574438538,-5.189754599350603
77.37202405929565,1.0651241299168988,-5.007250983808405,1.140593183697007,-5.178699811502666
77.42257165908813,1.0651241299168988,-5.007250983808405,1.1333408335277404,-5.1675285550913825
77.47328925132751,1.0651241299168988,-5.007250983808405,1.1260626640126645,-5.1562092985626755
77.5241448879242,1.0651241299168988,-5.007250983808405,1.1187635818473678,-5.144748377196693
77.5747754573822,1.0651241299168988,-5.007250983808405,1.1114960387501445,-5.133228120979203
77.625483751297,1.0651241299168988,-5.007250983808405,1.1042169079218123,-5.121580331287634
77.67614126205444,1.0651241299168988,-5.007250983808405,1.0969449678764969,-5.109834658172686
77.72657489776611,1.0651241299168988,-5.007250983808405,1.0897053954754514,-5.098032344891606
77.77710175514221,1.0651241299168988,-5.007250983808405,1.0824529996218617,-5.086099829691657
77.82813596725464,1.0651241299168988,-5.007250983808405,1.0751286811218494,-5.073937599828326
77.8789484500885,1.0651241299168988,-5.007250983808405,1.067837417570043,-5.061718716437224
77.92969608306885,0.9858227434825165,-4.838926004346995,1.0605570195323173,-5.049406614107739
77.9805953502655,0.9858227434825165,-4.838926004346995,1.053256766301735,-5.036948728872771
78.0316641330719,0.9858227434825165,-4.838926004346995,1.0459344461906503,-5.024339893090473
78.08254504203796,0.9858227434825165,-4.838926004346995,1.0386416345197111,-5.0116686489647755
78.13356041908264,0.9858227434825165,-4.838926004346995,1.0313324596072668,-4.998855140142723
78.18427896499634,0.9858227434825165,-4.838926004346995,1.0240690317572327,-4.9860084620880425
78.23492240905762,0.9858227434825165,-4.838926004346995,1.0168198891807068,-4.973073884120996
78.28556251525879,0.9858227434825165,-4.838926004346995,1.0095750772597143,-4.960033576183358
78.3361291885376,0.9858227434825165,-4.838926004346995,1.0023449397404378,-4.946906082908216
78.38798427581787,0.9858227434825165,-4.838926004346995,0.9949352469110209,-4.933334269741697
78.43862295150757,0.9858227434825165,-4.838926004346995,0.9877042592401535,-4.919973749332014
78.48930931091309,0.9858227434825165,-4.838926004346995,0.980471627369031,-4.906494958989008
78.54026341438293,0.9858227434825165,-4.838926004346995,0.9732063253083818,-4.892838657066191
78.59124898910522,0.9858227434825165,-4.838926004346995,0.9659424191714192,-4.879067500648471
78.64168810844421,0.8991975119171208,-4.6469268536419746,0.958762479265874,-4.865339462442327
78.69216179847717,0.8991975119171208,-4.6469268536419746,0.9515840234318107,-4.851498261301442
78.74259638786316,0.8991975119171208,-4.6469268536419746,0.9444178454780818,-4.837564384119809
78.7929756641388,0.8991975119171208,-4.6469268536419746,0.9372665457908331,-4.823542872372778
78.84337639808655,0.8991975119171208,-4.6469268536419746,0.9301195346365982,-4.809412737556702
78.89448571205139,0.8991975119171208,-4.6469268536419746,0.922879858058492,-4.794979384273379
78.94506359100342,0.8991975119171208,-4.6469268536419746,0.9157235251903608,-4.780592736412793
78.99609637260437,0.8991975119171208,-4.6469268536419746,0.9085112821481887,-4.765972760346827
79.04667592048645,0.8991975119171208,-4.6469268536419746,0.9013717904045357,-4.751379905416158
79.09725832939148,0.8991975119171208,-4.6469268536419746,0.894240870486946,-4.736684243254902
79.14913725852966,0.8991975119171208,-4.6469268536419746,0.8869368253091547,-4.721506271449156
79.19960308074951,0.8991975119171208,-4.6469268536419746,0.879841430540014,-4.706639387144661
79.25093698501587,0.8991975119171208,-4.6469268536419746,0.872634121929921,-4.691413535058123
79.30159163475037,0.8991975119171208,-4.6469268536419746,0.8655325189504077,-4.676287397302026
79.35210418701172,0.8138791004619675,-4.429772813110686,0.8584613760814199,-4.661103342436753
79.40382266044617,0.8138791004619675,-4.429772813110686,0.8512326460449327,-4.645453280125614
79.45445680618286,0.8138791004619675,-4.429772813110686,0.8441667944306075,-4.630030191683427
79.5050196647644,0.8138791004619675,-4.429772813110686,0.8371223799118717,-4.614529267350247
79.55647325515747,0.8138791004619675,-4.429772813110686,0.829965973271817,-4.5986534720092935
79.60715365409851,0.8138791004619675,-4.429772813110686,0.8229293553656045,-4.582916174593787
79.65845584869385,0.8138791004619675,-4.429772813110686,0.8158191043463334,-4.566884980046563
79.70892477035522,0.8138791004619675,-4.429772813110686,0.8088371165466166,-4.551015519714173
79.75929403305054,0.8138791004619675,-4.429772813110686,0.801881852900014,-4.535080162323216
79.80971026420593,0.8138791004619675,-4.429772813110686,0.7949333473633762,-4.519032992787251
79.8601541519165,0.8138791004619675,-4.429772813110686,0.7879945918681299,-4.502880266297868
79.91073560714722,0.8138791004619675,-4.429772813110686,0.7810508362281268,-4.4865866401227645
79.96143984794617,0.8138791004619675,-4.429772813110686,0.774104520364816,-4.470156459748459
80.01207375526428,0.8138791004619675,-4.429772813110686,0.7671824254391229,-4.453652487892563
80.0632860660553,0.7366872379661049,-4.191166911349279,0.7601963914589591,-4.436862156151827
80.11393356323242,0.7366872379661049,-4.191166911349279,0.7533026776235574,-4.420160580624602
80.16531419754028,0.7366872379661049,-4.191166911349279,0.7463250028853186,-4.4031196180519805
80.21586608886719,0.7366872379661049,-4.191166911349279,0.7394757334413837,-4.386257902515627
80.26638340950012,0.7366872379661049,-4.191166911349279,0.73264715931287,-4.369313324161576
80.31861805915833,0.7366872379661049,-4.191166911349279,0.7256035934625684,-4.351693857881489
80.3696141242981,0.7366872379661049,-4.191166911349279,0.7187441675964523,-4.334395583127982
80.42042899131775,0.7366872379661049,-4.191166911349279,0.7119262440131524,-4.317064200916182
80.47117137908936,0.7366872379661049,-4.191166911349279,0.7051354041197215,-4.299663697104258
80.52200555801392,0.7366872379661049,-4.191166911349279,0.6983499694230604,-4.28213804847642
80.57383704185486,0.7366872379661049,-4.191166911349279,0.6914499486535366,-4.264172415974944
80.6243155002594,0.7366872379661049,-4.191166911349279,0.684748333094352,-4.246582814770384
80.67482662200928,0.7366872379661049,-4.191166911349279,0.6780607318252918,-4.2288903879196615
80.72752118110657,0.7366872379661049,-4.191166911349279,0.671103920600157,-4.210336076894611
80.77790999412537,0.659883422371695,-3.9357272435836625,0.6644707940653105,-4.192501284413469
80.82844376564026,0.659883422371695,-3.9357272435836625,0.6578378008972694,-4.174524875509239
80.87896656990051,0.659883422371695,-3.9357272435836625,0.6512257678934552,-4.156462329602077
80.92991280555725,0.659883422371695,-3.9357272435836625,0.6445783713344193,-4.138157617442723
80.981027841568,0.659883422371695,-3.9357272435836625,0.6379294756314744,-4.11970102629523
81.03141236305237,0.659883422371695,-3.9357272435836625,0.6313960070886888,-4.1014191586596525
81.08192586898804,0.659883422371695,-3.9357272435836625,0.6248664279368303,-4.083002120927352
81.13246059417725,0.659883422371695,-3.9357272435836625,0.6183550388709236,-4.064489191627234
81.18292760848999,0.659883422371695,-3.9357272435836625,0.6118735467564891,-4.045913454866202
81.23495745658875,0.659883422371695,-3.9357272435836625,0.605213782353792,-4.026671220111698
81.2854905128479,0.659883422371695,-3.9357272435836625,0.5987676993147022,-4.007894256402546
81.33596849441528,0.659883422371695,-3.9357272435836625,0.5923506539825958,-3.989051293594885
81.38692331314087,0.659883422371695,-3.9357272435836625,0.5858955807747732,-3.9699430860289278
81.43778419494629,0.659883422371695,-3.9357272435836625,0.5794753188745396,-3.9507830940723094
81.48824286460876,0.5862837545774666,-3.6604947145894284,0.573128720799926,-3.9316891183544382
81.53867697715759,0.5862837545774666,-3.6604947145894284,0.5668082651034925,-3.912519732761481
81.58914971351624,0.5862837545774666,-3.6604947145894284,0.5605063112423516,-3.893251287484923
81.63978934288025,0.5862837545774666,-3.6604947145894284,0.5542072547622072,-3.873834703154431
81.69024538993835,0.5862837545774666,-3.6604947145894284,0.5479549456871009,-3.8544048082454943
81.74077844619751,0.5862837545774666,-3.6604947145894284,0.5417172820586504,-3.834861925476094
81.79195761680603,0.5862837545774666,-3.6604947145894284,0.5354248069262515,-3.8149845846814756
81.84237003326416,0.5862837545774666,-3.6604947145894284,0.5292514090958438,-3.7953222387332124
81.89278960227966,0.5862837545774666,-3.6604947145894284,0.5231020196786624,-3.7755753209208462
81.94318699836731,0.5862837545774666,-3.6604947145894284,0.5169804628636148,-3.75575576592201
81.99376487731934,0.5862837545774666,-3.6604947145894284,0.5108625005034741,-3.7357839099381307
82.044193983078,0.5862837545774666,-3.6604947145894284,0.5047882409794209,-3.7157901091892267
82.0959415435791,0.5862837545774666,-3.6604947145894284,0.49858212433064963,-3.6951902563981753
82.14816761016846,0.5862837545774666,-3.6604947145894284,0.49234657735238274,-3.6743148080987424
82.19878911972046,0.5187373098901982,-3.3726136964298976,0.4863296762311262,-3.6539995633025892
82.24972295761108,0.5187373098901982,-3.3726136964298976,0.4803028057746066,-3.633478781677492
82.3004515171051,0.5187373098901982,-3.3726136964298976,0.47432755414275407,-3.6129611854778982
82.35117816925049,0.5187373098901982,-3.3726136964298976,0.4683800530691977,-3.5923654436685366
82.40218091011047,0.5187373098901982,-3.3726136964298976,0.4624281869084199,-3.571578487927925
82.452627658844,0.5187373098901982,-3.3726136964298976,0.45656907657623336,-3.550940533280902
82.50322818756104,0.5187373098901982,-3.3726136964298976,0.45072020065249063,-3.5301625758428425
82.55365085601807,0.5187373098901982,-3.3726136964298976,0.4449201177185058,-3.509381288927661
82.60392618179321,0.5187373098901982,-3.3726136964298976,0.4391652861544042,-3.488585269040907
82.65428233146667,0.5187373098901982,-3.3726136964298976,0.4334297724524001,-3.4676807245156187
82.70507454872131,0.5187373098901982,-3.3726136964298976,0.42767379863893273,-3.4465194688089413
82.75617837905884,0.5187373098901982,-3.3726136964298976,0.42191236147036193,-3.425152133088617
82.80684852600098,0.5187373098901982,-3.3726136964298976,0.4162296214552552,-3.403891066365481
82.85730648040771,0.5187373098901982,-3.3726136964298976,0.41060040801649,-3.3826452146253883
82.90779280662537,0.4553296371110361,-3.0677165565493114,0.40499795644246195,-3.361314140183983
82.95817708969116,0.4553296371110361,-3.0677165565493114,0.3994369065374741,-3.3399535561775635
83.0086178779602,0.4553296371110361,-3.0677165565493114,0.3938999500449354,-3.318496796948863
83.05920481681824,0.4553296371110361,-3.0677165565493114,0.388377661312024,-3.296905750231238
83.11009311676025,0.4553296371110361,-3.0677165565493114,0.3828537390579956,-3.275113676562177
83.16065120697021,0.4553296371110361,-3.0677165565493114,0.37739694453689365,-3.2533915615428146
83.21121525764465,0.4553296371110361,-3.0677165565493114,0.3719709225402257,-3.2315961219780247
83.26172661781311,0.4553296371110361,-3.0677165565493114,0.3665821497126558,-3.2097532016801145
83.3131263256073,0.4553296371110361,-3.0677165565493114,0.3611312525653032,-3.187454591245512
83.36364698410034,0.4553296371110361,-3.0677165565493114,0.3558058975339451,-3.1654674912272807
83.414386510849,0.4553296371110361,-3.0677165565493114,0.35048994612096074,-3.143315919714519
83.4654598236084,0.4553296371110361,-3.0677165565493114,0.34517211630520084,-3.1209490546381042
83.5166826248169,0.4553296371110361,-3.0677165565493114,0.339872295102142,-3.0984471070443393
83.56753087043762,0.4553296371110361,-3.0677165565493114,0.3346447059449802,-3.0760412324130892
83.61819219589233,0.4022382066469134,-2.7543335284141524,0.3294697246945075,-3.0536503652367157
83.66872549057007,0.4022382066469134,-2.7543335284141524,0.3243412406344395,-3.0312495853214365
83.71925902366638,0.4022382066469134,-2.7543335284141524,0.31924632284389576,-3.0087827647459084
83.7697262763977,0.4022382066469134,-2.7543335284141524,0.31419182340470186,-2.9862800865737045
83.82157444953918,0.4022382066469134,-2.7543335284141524,0.3090343494882295,-2.963094193660008
83.87254023551941,0.4022382066469134,-2.7543335284141524,0.30399976378736016,-2.9402367410672623
83.9229462146759,0.4022382066469134,-2.7543335284141524,0.29905492945537615,-2.917566337171059
83.97374939918518,0.4022382066469134,-2.7543335284141524,0.29410600457623426,-2.8946533625899526
84.02430462837219,0.4022382066469134,-2.7543335284141524,0.2892161954211425,-2.871789003935678
84.07468867301941,0.4022382066469134,-2.7543335284141524,0.2843778446946006,-2.8489398142584426
84.12537860870361,0.4022382066469134,-2.7543335284141524,0.2795454811647313,-2.8258896834795566
84.17616558074951,0.4022382066469134,-2.7543335284141524,0.2747396394907238,-2.8027333397438494
84.22731113433838,0.4022382066469134,-2.7543335284141524,0.2699362566000474,-2.7793512027063914
84.27934455871582,0.4022382066469134,-2.7543335284141524,0.2650871732232316,-2.755499535164177
84.33113956451416,0.35105341532261936,-2.421983253815886,0.2602982665421809,-2.731693962004689
84.38186478614807,0.35105341532261936,-2.421983253815886,0.2556451773233226,-2.7083194830871604
84.4323844909668,0.35105341532261936,-2.421983253815886,0.2510474340243962,-2.6849806198029427
84.48316621780396,0.35105341532261936,-2.421983253815886,0.24646273987707445,-2.661461789308241
84.53388500213623,0.35105341532261936,-2.421983253815886,0.24192084117702617,-2.6379136572998094
84.58431220054626,0.35105341532261936,-2.421983253815886,0.23744201198865156,-2.6144434978643107
84.63491439819336,0.35105341532261936,-2.421983253815886,0.23298486891112313,-2.5908348570390354
84.68582797050476,0.35105341532261936,-2.421983253815886,0.22853812437763787,-2.567023799661768
84.73626136779785,0.35105341532261936,-2.421983253815886,0.22417090672054796,-2.5433813095421893
84.78680205345154,0.35105341532261936,-2.421983253815886,0.21983210961036193,-2.5196331241483487
84.83752989768982,0.35105341532261936,-2.421983253815886,0.21551538665356595,-2.495741744875896
84.88822269439697,0.35105341532261936,-2.421983253815886,0.21123999727706755,-2.4718120944942106
84.93876266479492,0.35105341532261936,-2.421983253815886,0.20701583839388293,-2.44790059232439
84.98911690711975,0.35105341532261936,-2.421983253815886,0.20284544857724862,-2.4240238602981834
85.03970456123352,0.3110573121777693,-2.071730413718707,0.19869434095894478,-2.399983594601422
85.09017205238342,0.3110573121777693,-2.071730413718707,0.19459182915089768,-2.375948161346691
85.14053988456726,0.3110573121777693,-2.071730413718707,0.19053616165203824,-2.3519086535164715
85.19093179702759,0.3110573121777693,-2.071730413718707,0.1865174538562604,-2.327806646372152
85.24128150939941,0.3110573121777693,-2.071730413718707,0.18254113483639856,-2.3036743864661084
85.29192066192627,0.3110573121777693,-2.071730413718707,0.17858146581361334,-2.2793530729891414
85.34254169464111,0.3110573121777693,-2.071730413718707,0.174662977062912,-2.2549905455241546
85.3942539691925,0.3110573121777693,-2.071730413718707,0.17070123643909874,-2.2300518505347084
85.44477462768555,0.3110573121777693,-2.071730413718707,0.16687117931894813,-2.205638602223165
85.4955883026123,0.3110573121777693,-2.071730413718707,0.163059337968686,-2.181035226369873
85.5473325252533,0.3110573121777693,-2.071730413718707,0.15921952142131257,-2.155931828956815
85.59794759750366,0.3110573121777693,-2.071730413718707,0.15550449316371084,-2.1313284883681707
85.6489589214325,0.3110573121777693,-2.071730413718707,0.1518015592623363,-2.1064853089507642
85.70818519592285,0.28210341198094135,-1.7548223778896521,0.1475543636701313,-2.0775825883183043
85.76519322395325,0.28210341198094135,-1.7548223778896521,0.14351929563738963,-2.0497035199175198
85.81582045555115,0.28210341198094135,-1.7548223778896521,0.13997966758925617,-2.024897123095268
85.86654305458069,0.28210341198094135,-1.7548223778896521,0.13647484694901202,-1.9999994906588217
85.91840696334839,0.28210341198094135,-1.7548223778896521,0.13293424089758155,-1.9744961392517613
85.96886372566223,0.28210341198094135,-1.7548223778896521,0.12953164053143773,-1.9496411351623375
86.01937675476074,0.28210341198094135,-1.7548223778896521,0.1261668225465682,-1.9247158887812381
86.06990432739258,0.28210341198094135,-1.7548223778896521,0.12284279156963507,-1.8997414398668775
86.12032270431519,0.28210341198094135,-1.7548223778896521,0.11956770639422576,-1.874779607894979
86.17083072662354,0.28210341198094135,-1.7548223778896521,0.11632876051719876,-1.8497325141758043
86.22156119346619,0.28210341198094135,-1.7548223778896521,0.11311796106879335,-1.8245344717046375
86.27211546897888,0.28210341198094135,-1.7548223778896521,0.10996072775024102,-1.799383977003034
86.32300186157227,0.28210341198094135,-1.7548223778896521,0.10682564318477228,-1.7740285187556928
86.37367725372314,0.28210341198094135,-1.7548223778896521,0.10374645055261356,-1.7487391313309102
86.42429900169373,0.2554983676333527,-1.4234147704398774,0.10071337945985226,-1.7234381453593273
86.47482657432556,0.2554983676333527,-1.4234147704398774,0.09772879499894671,-1.6981465372940283
86.52529525756836,0.2554983676333527,-1.4234147704398774,0.0947905402652176,-1.6728473654433063
86.57581734657288,0.2554983676333527,-1.4234147704398774,0.09189219071344468,-1.647484894681948
86.62652444839478,0.2554983676333527,-1.4234147704398774,0.0890266204888972,-1.6219933538899929
86.67720460891724,0.2554983676333527,-1.4234147704398774,0.08620612833061214,-1.5964796853935943
86.72790837287903,0.2554983676333527,-1.4234147704398774,0.08342801310742276,-1.570919006795834
86.7796893119812,0.2554983676333527,-1.4234147704398774,0.08063610026002221,-1.5447796242000946
86.83068656921387,0.2554983676333527,-1.4234147704398774,0.07793122263363683,-1.519001186005387
86.88202357292175,0.2554983676333527,-1.4234147704398774,0.07525332398224549,-1.493016848689212
86.93304347991943,0.2554983676333527,-1.4234147704398774,0.07263680846617282,-1.4671596289741071
86.98373365402222,0.2554983676333527,-1.4234147704398774,0.07008158197995495,-1.4414371327817916
87.03452730178833,0.2554983676333527,-1.4234147704398774,0.06756561577713827,-1.415630315892762
87.08503103256226,0.2554983676333527,-1.4234147704398774,0.0651082538816965,-1.3899397861684275
87.13548803329468,0.23541444697928546,-1.0454577409149832,0.06269732197187539,-1.3642427073609888
87.18589854240417,0.23541444697928546,-1.0454577409149832,0.06033278434706624,-1.3385396001475316
87.23639464378357,0.23541444697928546,-1.0454577409149832,0.05800859333015218,-1.3127636435269368
87.28702449798584,0.23541444697928546,-1.0454577409149832,0.055722916744143536,-1.2868906272453429
87.33759140968323,0.23541444697928546,-1.0454577409149832,0.05348482142631106,-1.2610215717621205
87.3882839679718,0.23541444697928546,-1.0454577409149832,0.05128613558085693,-1.2350605142565954
87.43953943252563,0.23541444697928546,-1.0454577409149832,0.04910890602665985,-1.2087835363201571
87.4900770187378,0.23541444697928546,-1.0454577409149832,0.04700741920558116,-1.18284795183345
87.54059100151062,0.23541444697928546,-1.0454577409149832,0.044951898065811235,-1.1568986165109214
87.59202027320862,0.23541444697928546,-1.0454577409149832,0.04290542187454349,-1.1304531121561332
87.64277768135071,0.23541444697928546,-1.0454577409149832,0.04093155874950005,-1.1043279666176262
87.69326376914978,0.23541444697928546,-1.0454577409149832,0.03901353934949947,-1.0783182879390625
87.74374556541443,0.23541444697928546,-1.0454577409149832,0.03714092659979684,-1.0522872727929258
87.79446816444397,0.23541444697928546,-1.0454577409149832,0.03530502407456515,-1.0261089447658345
87.84501004219055,0.2288559914822924,-0.6649133031647444,0.03352124466352224,-1.0000013862508144
87.89549779891968,0.2288559914822924,-0.6649133031647444,0.031784875525248335,-0.9738999284782546
87.94653344154358,0.2288559914822924,-0.6649133031647444,0.030075954343391942,-0.9474936016916813
87.9969835281372,0.2288559914822924,-0.6649133031647444,0.02843245239774861,-0.9213694577520084
88.04815745353699,0.2288559914822924,-0.6649133031647444,0.026811971461829565,-0.8948499645655925
88.09859728813171,0.2288559914822924,-0.6649133031647444,0.025260730193712444,-0.8686912369123754
88.1503095626831,0.2288559914822924,-0.6649133031647444,0.023717826099777017,-0.8418529457445222
88.20098090171814,0.2288559914822924,-0.6649133031647444,0.022252662602714857,-0.8155361715240761
88.25140237808228,0.2288559914822924,-0.6649133031647444,0.020840650828835905,-0.789331350094861
88.30200147628784,0.2288559914822924,-0.6649133031647444,0.019469778401210114,-0.7630169246485035
88.35258960723877,0.2288559914822924,-0.6649133031647444,0.01814543854297712,-0.7366914629708753
88.40341305732727,0.2288559914822924,-0.6649133031647444,0.016861546293475804,-0.7102272710810871
88.45431709289551,0.2288559914822924,-0.6649133031647444,0.015622498563365284,-0.6837053545307803
88.50477504730225,0.2288559914822924,-0.6649133031647444,0.014440661643905006,-0.6574008644526664
88.55518174171448,0.22901678959581345,-0.2933338550625889,0.013306151886955497,-0.6311087702607412
88.60562944412231,0.22901678959581345,-0.2933338550625889,0.012216924560649378,-0.6047815228448009
88.65623068809509,0.22901678959581345,-0.2933338550625889,0.011170861932352505,-0.5783608915409342
88.70681285858154,0.22901678959581345,-0.2933338550625889,0.010171760370491167,-0.551937530404349
88.75765991210938,0.22901678959581345,-0.2933338550625889,0.009214392297147711,-0.5253635972028008
88.80834412574768,0.22901678959581345,-0.2933338550625889,0.008306991538336472,-0.49886317818946035
88.85889887809753,0.22901678959581345,-0.2933338550625889,0.007448592360864925,-0.4724195027240867
88.90931868553162,0.22901678959581345,-0.2933338550625889,0.006638956930527851,-0.44603610181969555
88.95969796180725,0.22901678959581345,-0.2933338550625889,0.0058763595019413195,-0.41966419951565126
89.0101797580719,0.22901678959581345,-0.2933338550625889,0.005158751311599374,-0.39322947133386255
89.06063342094421,0.22901678959581345,-0.2933338550625889,0.004488121589975691,-0.36680089000557314
89.11166477203369,0.22901678959581345,-0.2933338550625889,0.0038572093811328756,-0.34006156296384527
89.16248989105225,0.22901678959581345,-0.2933338550625889,0.0032762501207068695,-0.31342274890476407
89.2153708934784,0.22901678959581345,-0.2933338550625889,0.0027220330629802447,-0.28569903037743594
89.26647996902466,0.23845862899089593,0.06270309202475283,0.002235101041561549,-0.2588977560677483
89.31699633598328,0.23845862899089593,0.06270309202475283,0.0018008906437447791,-0.2324015937633186
89.36756443977356,0.23845862899089593,0.06270309202475283,0.0014131253732112548,-0.20587320217871624
89.4179835319519,0.23845862899089593,0.06270309202475283,0.001073225118783494,-0.17941848838727134
89.46850156784058,0.23845862899089593,0.06270309202475283,0.0007794625080395079,-0.15290793710625386
89.51948165893555,0.23845862899089593,0.06270309202475283,0.0005305204510626105,-0.12615152083273468
89.57057595252991,0.23845862899089593,0.06270309202475283,0.00032891519714217665,-0.09933234605633282
89.62114524841309,0.23845862899089593,0.06270309202475283,0.00017660125429097562,-0.0727865488010089
89.67228603363037,0.23845862899089593,0.06270309202475283,7.034762427471364e-05,-0.0459391334719189
89.72291827201843,0.23845862899089593,0.06270309202475283,1.2490676684073776e-05,-0.019357673425256218
89.77329540252686,0.23845862899089593,0.06270309202475283,1.6757364491581939e-06,0.007090280631479245
89.82383847236633,0.23845862899089593,0.06270309202475283,3.7688699204618814e-05,0.0336251970096018
89.8743064403534,0.23845862899089593,0.06270309202475283,0.00012048270118292237,0.06011995055172602
89.92484402656555,0.23845862899089593,0.06270309202475283,0.0002502841561802249,0.08664993634107514
89.97522258758545,0.24955816752315862,0.4378123781602136,0.0004263762298446494,0.11309455282556297
90.02557849884033,0.24955816752315862,0.4378123781602136,0.0006489760500065778,0.1395248204943914
90.07604575157166,0.24955816752315862,0.4378123781602136,0.00091879006272233,0.16601048362915186
90.12682127952576,0.24955816752315862,0.4378123781602136,0.0012374441923355128,0.19265427226180049
90.17747688293457,0.24955816752315862,0.4378123781602136,0.0016025008102995564,0.21923088858154727
90.23025918006897,0.24955816752315862,0.4378123781602136,0.0020329745597393867,0.24691814084370656
90.28207302093506,0.24955816752315862,0.4378123781602136,0.002505254038049909,0.2740916506203666
90.33261942863464,0.24955816752315862,0.4378123781602136,0.0030134133367756277,0.3005943863749777
90.38325238227844,0.24955816752315862,0.4378123781602136,0.003569387256923129,0.32713589784907693
90.43377041816711,0.24955816752315862,0.4378123781602136,0.004170901596590948,0.35361000382978847
90.48441076278687,0.24955816752315862,0.4378123781602136,0.00482076668886533,0.38014043964534183
90.53483128547668,0.24955816752315862,0.4378123781602136,0.005514430365011869,0.4065474075677041
90.58545851707458,0.24955816752315862,0.4378123781602136,0.0062577141084898535,0.4330537190922136
90.63591980934143,0.24955816752315862,0.4378123781602136,0.007045173235927571,0.4594636822472451
90.68644714355469,0.24955816752315862,0.4378123781602136,0.007880257409516478,0.4858981589040967
90.73691892623901,0.27416873767034683,0.8153647074456619,0.008760937632797727,0.5122929546151611
90.7875828742981,0.27416873767034683,0.8153647074456619,0.009691689356378763,0.5387769920760486
90.83817505836487,0.27416873767034683,0.8153647074456619,0.010667792553282762,0.5652116845359866
90.88872170448303,0.27416873767034683,0.8153647074456619,0.011689551228603712,0.5916101971970098
90.93912982940674,0.27416873767034683,0.8153647074456619,0.0127547904975982,0.6179234609098515
90.98953485488892,0.27416873767034683,0.8153647074456619,0.013866134017841425,0.6442216473914343
91.04015183448792,0.27416873767034683,0.8153647074456619,0.015028565353088386,0.6706162974207255
91.09136986732483,0.27416873767034683,0.8153647074456619,0.01625209528965943,0.6973093769359856
91.14214420318604,0.27416873767034683,0.8153647074456619,0.01751193374352944,0.7237557408613247
91.19331359863281,0.27416873767034683,0.8153647074456619,0.01882877221854784,0.7503916927586545
91.2437994480133,0.27416873767034683,0.8153647074456619,0.02017440155910233,0.7766553253431268
91.29444932937622,0.27416873767034683,0.8153647074456619,0.021570642422673814,0.8029872387580038
91.34486794471741,0.27416873767034683,0.8153647074456619,0.0230064492638693,0.8291813858712125
91.39531207084656,0.27416873767034683,0.8153647074456619,0.024488795095856553,0.855370706406031
91.44634366035461,0.30992360574731714,1.1993018314958468,0.02603497030547519,0.8818460383110928
91.49733138084412,0.30992360574731714,1.1993018314958468,0.027626527918099608,0.908278953557535
91.55261969566345,0.30992360574731714,1.1993018314958468,0.029405014699886767,0.936918482787773
91.60307240486145,0.30992360574731714,1.1993018314958468,0.03107571855185043,0.9630317529788035
91.6534674167633,0.30992360574731714,1.1993018314958468,0.03278994583015615,0.9890941885277118
91.70438528060913,0.30992360574731714,1.1993018314958468,0.03456800466110588,1.0154051591349456
91.75486063957214,0.30992360574731714,1.1993018314958468,0.0363762213598573,1.0414652082448694
91.80534291267395,0.30992360574731714,1.1993018314958468,0.038230032469072306,1.0675060853591989
91.85576963424683,0.30992360574731714,1.1993018314958468,0.04012700335710351,1.093495034250901
91.90632176399231,0.30992360574731714,1.1993018314958468,0.04207395803047298,1.1195247014461458
91.9567883014679,0.30992360574731714,1.1993018314958468,0.04406274440476743,1.1454858461985182
92.00774812698364,0.30992360574731714,1.1993018314958468,0.04611664110064595,1.1716753845922931
92.05828166007996,0.30992360574731714,1.1993018314958468,0.04819859148146932,1.197620100166163
92.1089301109314,0.30992360574731714,1.1993018314958468,0.05033038974506754,1.2235975260223966
92.15942597389221,0.3508410767345426,1.5631592954507956,0.052500639445596686,1.2494699224855823
92.21014499664307,0.3508410767345426,1.5631592954507956,0.054725494699228605,1.2754291848263166
92.26068019866943,0.3508410767345426,1.5631592954507956,0.056987064418634326,1.30126641210208
92.31141710281372,0.3508410767345426,1.5631592954507956,0.059302532357297544,1.3271781276770191
92.36212301254272,0.3508410767345426,1.5631592954507956,0.06166141052652252,1.3530447784769866
92.41437983512878,0.3508410767345426,1.5631592954507956,0.06413922374360581,1.3796714157136014
92.46485304832458,0.3508410767345426,1.5631592954507956,0.0665774510875008,1.4053586160419171
92.51538324356079,0.3508410767345426,1.5631592954507956,0.0690626101094276,1.4310441031567491
92.56612992286682,0.3508410767345426,1.5631592954507956,0.07160280236080041,1.4568081410163116
92.61679768562317,0.3508410767345426,1.5631592954507956,0.07418331750364304,1.4825000627900735
92.66735506057739,0.3508410767345426,1.5631592954507956,0.07680219921355702,1.5081035287184401
92.71806216239929,0.3508410767345426,1.5631592954507956,0.07947286508285156,1.5337496670514073
92.76867818832397,0.3508410767345426,1.5631592954507956,0.08218259935118422,1.559316069002021
92.82010769844055,0.3508410767345426,1.5631592954507956,0.08498065707173152,1.5852583318357043
92.87110614776611,0.40828037228927677,1.907468339682605,0.08779971118124275,1.6109477134293
92.9215726852417,0.40828037228927677,1.907468339682605,0.09063281860746342,1.6363338504990859
92.97230696678162,0.40828037228927677,1.907468339682605,0.09352441239984,1.661818711653253
93.0226800441742,0.40828037228927677,1.907468339682605,0.09643840837601392,1.6870859114757881
93.07304692268372,0.40828037228927677,1.907468339682605,0.09939475452501689,1.7123133690079175
93.12352442741394,0.40828037228927677,1.907468339682605,0.10240032029117696,1.737558937110423
93.1741931438446,0.40828037228927677,1.907468339682605,0.10546016430001615,1.7628620326443345
93.22485280036926,0.40828037228927677,1.907468339682605,0.10856229800382922,1.7881218850983744
93.27533340454102,0.40828037228927677,1.907468339682605,0.11169594681075612,1.813253399684343
93.32614040374756,0.40828037228927677,1.907468339682605,0.11489254355274969,1.838507486905721
93.37666153907776,0.40828037228927677,1.907468339682605,0.11811348738499872,1.8635792218057143
93.42716956138611,0.40828037228927677,1.907468339682605,0.1213756598959197,1.8886037717315058
93.47895979881287,0.40828037228927677,1.907468339682605,0.12476418161973246,1.9142208008114594
93.52986478805542,0.40828037228927677,1.907468339682605,0.12813759973297056,1.9393571623947587
93.58082270622253,0.4542451865580668,2.2603803723564293,0.1315568973511052,1.9644766071484936
93.63145470619202,0.4542451865580668,2.2603803723564293,0.13499617298901256,1.9893921813697097
93.68203616142273,0.4542451865580668,2.2603803723564293,0.13847352419356262,2.0142393317975764
93.7326717376709,0.4542451865580668,2.2603803723564293,0.14199600762187004,2.0390689270078624
93.78346633911133,0.4542451865580668,2.2603803723564293,0.1455710368530223,2.0639315844762276
93.83427858352661,0.4542451865580668,2.2603803723564293,0.14918872947540374,2.08875732174016
93.88816356658936,0.4542451865580668,2.2603803723564293,0.1530702878275414,2.115033943839103
93.93978786468506,0.4542451865580668,2.2603803723564293,0.15683237361909352,2.1401589237008336
93.99053120613098,0.4542451865580668,2.2603803723564293,0.1605714660527915,2.164807638086038
94.04094505310059,0.4542451865580668,2.2603803723564293,0.1643265794119957,2.1892491172080892
94.0916428565979,0.4542451865580668,2.2603803723564293,0.16814319688630297,2.213780302449285
94.14223670959473,0.4542451865580668,2.2603803723564293,0.17199217410971368,2.238212709352228
94.19280481338501,0.4542451865580668,2.2603803723564293,0.175879147272461,2.2625837581410764
94.2432382106781,0.49962267524922793,2.583561552416764,0.17979539193311167,2.286840643895482
94.29361009597778,0.49962267524922793,2.583561552416764,0.18374620045571488,2.3110183355225242
94.34429168701172,0.49962267524922793,2.583561552416764,0.18776081634280484,2.3352941180459954
94.39484906196594,0.49962267524922793,2.583561552416764,0.1918049193974447,2.3594593462375846
94.44551825523376,0.49962267524922793,2.583561552416764,0.19589720813967215,2.3836263318342756
94.49637818336487,0.49962267524922793,2.583561552416764,0.20004423779120772,2.407831722060512
94.54701089859009,0.49962267524922793,2.583561552416764,0.20421171590068887,2.431876137410243
94.5979483127594,0.49962267524922793,2.583561552416764,0.20844333806574156,2.456011521834811
94.64856386184692,0.49962267524922793,2.583561552416764,0.212686857953849,2.479940498400076
94.69926381111145,0.49962267524922793,2.583561552416764,0.21697588791837097,2.503854990597341
94.74996829032898,0.49962267524922793,2.583561552416764,0.22130359437318825,2.527716661854064
94.80091905593872,0.49962267524922793,2.583561552416764,0.22569071483058467,2.55163835166969
94.85145735740662,0.49962267524922793,2.583561552416764,0.23008015898028855,2.57531052929211
94.90287208557129,0.5697770568934031,2.8868898389754047,0.234584207679569,2.599335610846311
94.95396089553833,0.5697770568934031,2.8868898389754047,0.23909796202582445,2.6231503111791303
95.00494885444641,0.5697770568934031,2.8868898389754047,0.24364063810366954,2.6468597462877343
95.05565023422241,0.5697770568934031,2.8868898389754047,0.24819506928885948,2.6703776996741695
95.10612916946411,0.5697770568934031,2.8868898389754047,0.25276626815501935,2.6937342879861577
95.15683650970459,0.5697770568934031,2.8868898389754047,0.25739487812450657,2.717137601881779
95.2074179649353,0.5697770568934031,2.8868898389754047,0.2620484790429014,2.7404234402445606
95.25807690620422,0.5697770568934031,2.8868898389754047,0.2667455354686732,2.7636850087895315
95.30849838256836,0.5697770568934031,2.8868898389754047,0.2714564799209813,2.786777473444947
95.3597183227539,0.5697770568934031,2.8868898389754047,0.2762785022787315,2.810173761069173
95.41052389144897,0.5697770568934031,2.8868898389754047,0.28109763115332553,2.833318669345206
95.46105408668518,0.5697770568934031,2.8868898389754047,0.2859261175396237,2.856276281425791
95.51166558265686,0.5697770568934031,2.8868898389754047,0.2907976385540749,2.8792085072954174
95.56260704994202,0.5697770568934031,2.8868898389754047,0.2957363554884953,2.90222675909032
95.61346173286438,0.6441106535810878,3.184472258367452,0.30070191112358824,2.9251417684736993
95.6640031337738,0.6441106535810878,3.184472258367452,0.3056715682830107,2.9478517371198905
95.71467566490173,0.6441106535810878,3.184472258367452,0.31068863002633096,2.970556209095175
95.7660460472107,0.6441106535810878,3.184472258367452,0.3158098435750194,2.9935070206000907
95.81728768348694,0.6441106535810878,3.184472258367452,0.32095316937849194,3.0163332639173754
95.86811757087708,0.6441106535810878,3.184472258367452,0.32608943333493645,3.038909433385388
95.91904997825623,0.6441106535810878,3.184472258367452,0.33127007138984865,3.061464057743639
95.97016048431396,0.6441106535810878,3.184472258367452,0.33650283246224166,3.084029557269952
96.0215995311737,0.6441106535810878,3.184472258367452,0.34180340091998884,3.106670839775621
96.07284045219421,0.6441106535810878,3.184472258367452,0.3471174094460361,3.129155328375772
96.12332439422607,0.6441106535810878,3.184472258367452,0.3523857383733944,3.1512392517424166
96.17420268058777,0.6441106535810878,3.184472258367452,0.35772795877062347,3.173426506831848
96.2246584892273,0.6441106535810878,3.184472258367452,0.3630580554749523,3.1953604751682927
96.2751042842865,0.6441106535810878,3.184472258367452,0.3684189647562439,3.2172208801644007
96.32554292678833,0.7060336691020741,3.4772752443573207,0.37381075156703947,3.239008532095661
96.37604403495789,0.7060336691020741,3.4772752443573207,0.37924068531154154,3.2607529247453186
96.42649626731873,0.7060336691020741,3.4772752443573207,0.38469658120333117,3.2824056271284983
96.47728824615479,0.7060336691020741,3.4772752443573207,0.39022050525831586,3.304132347127231
96.52782130241394,0.7060336691020741,3.4772752443573207,0.3957471928395462,3.325676365293198
96.57916712760925,0.7060336691020741,3.4772752443573207,0.40139412477761827,3.3474929201345196
96.63025665283203,0.7060336691020741,3.4772752443573207,0.40704399642778366,3.3691260940339185
96.68086791038513,0.7060336691020741,3.4772752443573207,0.41267135429986146,3.390483034659086
96.73132944107056,0.7060336691020741,3.4772752443573207,0.4183119284283343,3.4117032938214304
96.78189873695374,0.7060336691020741,3.4772752443573207,0.4239942271952546,3.432894792862333
96.83541131019592,0.7060336691020741,3.4772752443573207,0.43003934191505966,3.4552384409371033
96.88581490516663,0.7060336691020741,3.4772752443573207,0.43576317436181267,3.4762070837169396
96.93623328208923,0.7060336691020741,3.4772752443573207,0.44151748631325427,3.497106809424543
96.98665976524353,0.7826586695153377,3.7776318481456936,0.4473012950409725,3.5179343584879628
97.0374083518982,0.7826586695153377,3.7776318481456936,0.45315065195913107,3.5388182323894672
97.08799529075623,0.7826586695153377,3.7776318481456936,0.45900968899211625,3.559558553207013
97.13868761062622,0.7826586695153377,3.7776318481456936,0.464909038507062,3.5802644875002843
97.18930625915527,0.7826586695153377,3.7776318481456936,0.4708276407607217,3.6008623869223
97.239737033844,0.7826586695153377,3.7776318481456936,0.4767516789813313,3.621305948836021
97.29042196273804,0.7826586695153377,3.7776318481456936,0.4827328807632698,3.6417737735516678
97.34090805053711,0.7826586695153377,3.7776318481456936,0.4887175827842154,3.662082370546188
97.39142751693726,0.7826586695153377,3.7776318481456936,0.4947329279071089,3.682325111792719
97.4419116973877,0.7826586695153377,3.7776318481456936,0.5007704856734625,3.702474062384244
97.49239683151245,0.7826586695153377,3.7776318481456936,0.5068343089161989,3.7225433433236503
97.542799949646,0.7826586695153377,3.7776318481456936,0.5129141144540754,3.7424997438096543
97.59333348274231,0.7826586695153377,3.7776318481456936,0.5190353069561673,3.7624268370153398
97.64378356933594,0.7826586695153377,3.7776318481456936,0.5251717592664309,3.782239759650597
97.69410443305969,0.7826586695153377,3.7776318481456936,0.5313174857261083,3.80192063408472
97.74447393417358,0.8785677179644091,4.04307650969838,0.537493890095528,3.821538806993345
97.7949960231781,0.8785677179644091,4.04307650969838,0.543713606356961,3.8411338638739996
97.84545040130615,0.8785677179644091,4.04307650969838,0.5499493134566378,3.860619744008729
97.89628624916077,0.8785677179644091,4.04307650969838,0.5562564863734945,3.8801687361587573
97.94728946685791,0.8785677179644091,4.04307650969838,0.5626086851043159,3.899696724931476
97.99787306785583,0.8785677179644091,4.04307650969838,0.5689323537530979,3.918979188432621
98.0485155582428,0.8785677179644091,4.04307650969838,0.5752867885521158,3.938199033793727
98.09936618804932,0.8785677179644091,4.04307650969838,0.5816906292987558,3.957411824088749
98.14985799789429,0.8785677179644091,4.04307650969838,0.5880721013858368,3.9764033273775303
98.20053362846375,0.8785677179644091,4.04307650969838,0.5944993951909163,3.995377693532541
98.25107407569885,0.8785677179644091,4.04307650969838,0.6009318099916485,4.01421495877097
98.30155205726624,0.8785677179644091,4.04307650969838,0.6073781967358465,4.03294234085358
98.3522093296051,0.8785677179644091,4.04307650969838,0.6138692296884449,4.051648838838244
98.40281939506531,0.8785677179644091,4.04307650969838,0.6203756941674232,4.070250080641669
98.45326948165894,0.9561887551099144,4.283813266149124,0.6268826835802743,4.088704770798245
98.503915309906,0.9561887551099144,4.283813266149124,0.6334358217232867,4.107142553529508
98.55441236495972,0.9561887551099144,4.283813266149124,0.6399902811715337,4.125437502056451
98.60490989685059,0.9561887551099144,4.283813266149124,0.6465650638838902,4.143643700366773
98.65549969673157,0.9561887551099144,4.283813266149124,0.653171895262556,4.161793619333036
98.70595002174377,0.9561887551099144,4.283813266149124,0.6597802008537124,4.179803868121978
98.75650548934937,0.9561887551099144,4.283813266149124,0.6664217187697958,4.197761491015301
98.80707049369812,0.9561887551099144,4.283813266149124,0.6730836706621655,4.215631849908504
98.85773396492004,0.9561887551099144,4.283813266149124,0.6797775476190102,4.233445712457073
98.90919256210327,0.9561887551099144,4.283813266149124,0.6865956026009639,4.251445223311011
98.96015644073486,0.9561887551099144,4.283813266149124,0.6933668071336987,4.2691780145356715
99.01057553291321,0.9561887551099144,4.283813266149124,0.7000836488881834,4.2866291508949725
99.06192445755005,0.9561887551099144,4.283813266149124,0.7069424858557858,4.30430759930223
99.11247706413269,0.9561887551099144,4.283813266149124,0.7137125269251365,4.321618349022458
99.16466474533081,1.0389870164028956,4.535174652969668,0.720719515857567,4.339391256812933
99.21794056892395,1.0389870164028956,4.535174652969668,0.7278911122459881,4.35743191614076
99.26847195625305,1.0389870164028956,4.535174652969668,0.7347102417139157,4.374446868165364
99.31904339790344,1.0389870164028956,4.535174652969668,0.7415510162488754,4.391381022598647
99.36975336074829,1.0389870164028956,4.535174652969668,0.7484265442692857,4.408266503286317
99.42039227485657,1.0389870164028956,4.535174652969668,0.7553081449631733,4.425032991459218
99.47100973129272,1.0389870164028956,4.535174652969668,0.7622022157501052,4.441696824345135
99.52161002159119,1.0389870164028956,4.535174652969668,0.7691090243002106,4.458259183479851
99.57214570045471,1.0389870164028956,4.535174652969668,0.7760217586406757,4.474704434009912
99.6230411529541,1.0389870164028956,4.535174652969668,0.7829982957886163,4.491169497202036
99.67362093925476,1.0389870164028956,4.535174652969668,0.7899457653995983,4.507435402193794
99.72435522079468,1.0389870164028956,4.535174652969668,0.79692837487889,4.523653478352098
99.77511310577393,1.0389870164028956,4.535174652969668,0.8039278770352349,4.539781038828748
99.82555770874023,1.0389870164028956,4.535174652969668,0.8108973952882816,4.555711555490635
99.87612533569336,1.1371118425318847,4.762518313118274,0.8178968314764252,4.57158304317419
99.9275221824646,1.1371118425318847,4.762518313118274,0.8250239881663091,4.587614041722528
99.9785225391388,1.1371118425318847,4.762518313118274,0.8321087455169085,4.603420644009336
100.0296905040741,1.1371118425318847,4.762518313118274,0.8392290634862487,4.619178032590141
100.08076286315918,1.1371118425318847,4.762518313118274,0.8463480228860636,4.634804612571386
100.13123202323914,1.1371118425318847,4.762518313118274,0.8533943151933854,4.650146833637283
100.18177628517151,1.1371118425318847,4.762518313118274,0.8604621535713279,4.665412148830983
100.23527193069458,1.1371118425318847,4.762518313118274,0.8679544112524142,4.681459774935594
100.28879475593567,1.1371118425318847,4.762518313118274,0.875462169185051,4.6974029593295565
100.33940625190735,1.1371118425318847,4.762518313118274,0.8825719749081515,4.712375003712274
100.3899507522583,1.1371118425318847,4.762518313118274,0.8896821653160556,4.727226106754653
100.4406406879425,1.1371118425318847,4.762518313118274,0.8968223319572612,4.742018152244563
100.49126720428467,1.1371118425318847,4.762518313118274,0.9039627638034613,4.756689651329713
100.54195475578308,1.1371118425318847,4.762518313118274,0.911120697137463,4.771276384807672
100.59263920783997,1.2254546250849363,4.944145746108799,0.9182867731941653,4.785759429692817
100.64342784881592,1.2254546250849363,4.944145746108799,0.9254758676225769,4.800168846314774
100.69396591186523,1.2254546250849363,4.944145746108799,0.9326374102166328,4.814404144175365
100.74823999404907,1.2254546250849363,4.944145746108799,0.9403368021578828,4.829577014830818
100.79874873161316,1.2254546250849363,4.944145746108799,0.9475095468594568,4.843590172362109
100.85029888153076,1.2254546250849363,4.944145746108799,0.9548373100692871,4.857785527106058
100.90100407600403,1.2254546250849363,4.944145746108799,0.9620516629401983,4.87164274207635
100.95167922973633,1.2254546250849363,4.944145746108799,0.9692680553124204,4.88538697247469
101.00239777565002,1.2254546250849363,4.944145746108799,0.9764966241001427,4.89903782272657
101.05305027961731,1.2254546250849363,4.944145746108799,0.9837214456076833,4.912565641409813
101.10371422767639,1.2254546250849363,4.944145746108799,0.9909532396665495,4.925991027882665
101.15426230430603,1.2254546250849363,4.944145746108799,0.9981734943384062,4.939280309495887
101.205411195755,1.2254546250849363,4.944145746108799,1.0054843234372004,4.9526201196191035
101.25641226768494,1.2254546250849363,4.944145746108799,1.012778454952337,4.9658135208885295
101.30726504325867,1.312857205977845,5.111252728865889,1.0200554516717364,4.9788610692232895
101.35779643058777,1.312857205977845,5.111252728865889,1.0272901618744466,4.9917195866718025
101.40842270851135,1.312857205977845,5.111252728865889,1.0345418347068633,5.004495469290909
101.45892333984375,1.312857205977845,5.111252728865889,1.0417785529740327,5.017132915188252
101.50947141647339,1.312857205977845,5.111252728865889,1.0490247884957375,5.02967524474658
101.56052947044373,1.312857205977845,5.111252728865889,1.056346560284318,5.0422352041061345
101.61142444610596,1.312857205977845,5.111252728865889,1.0636470432826834,5.0546458727452075
101.66197943687439,1.312857205977845,5.111252728865889,1.0709005009804322,5.066865489406056
101.71313261985779,1.312857205977845,5.111252728865889,1.0782412181488328,5.0791197515223345
101.76373362541199,1.312857205977845,5.111252728865889,1.0855037819722322,5.091132695950831
101.8145694732666,1.312857205977845,5.111252728865889,1.092800807133249,5.103091960272112
101.8669216632843,1.312857205977845,5.111252728865889,1.1003159287770412,5.115293064826872
101.9174690246582,1.312857205977845,5.111252728865889,1.1075720522534105,5.126962698117293
101.96833395957947,1.312857205977845,5.111252728865889,1.1148735099267446,5.138595498434547
102.01898717880249,1.394465425498649,5.28812609699114,1.1221439911522746,5.150069855372029
102.07001376152039,1.394465425498649,5.28812609699114,1.1294671352119168,5.161517559697492
102.1205997467041,1.394465425498649,5.28812609699114,1.1367257937519928,5.172756007303726
102.17110586166382,1.394465425498649,5.28812609699114,1.1439714160240095,5.183866830994624
102.22168231010437,1.394465425498649,5.28812609699114,1.151225219613809,5.1948828992889355
102.27446579933167,1.394465425498649,5.28812609699114,1.1587931668793228,5.2062618337636
102.32492852210999,1.394465425498649,5.28812609699114,1.1660257384001458,5.217027711550049
102.37593841552734,1.394465425498649,5.28812609699114,1.1733337775492854,5.227798104514051
102.42692470550537,1.394465425498649,5.28812609699114,1.1806351257387808,5.238450567519323
102.47974133491516,1.394465425498649,5.28812609699114,1.1881947294980446,5.249366155686152
102.53080749511719,1.394465425498649,5.28812609699114,1.1954997089636112,5.259804354900174
102.58134269714355,1.394465425498649,5.28812609699114,1.202724444663227,5.270021926921123
102.63191938400269,1.394465425498649,5.28812609699114,1.2099505031460294,5.280136053759024
102.68245220184326,1.394465425498649,5.28812609699114,1.2171653565070593,5.290129493228836
102.7329089641571,1.4863121066322909,5.429912303482828,1.224364094263207,5.29999610011812
102.7832362651825,1.4863121066322909,5.429912303482828,1.2315387982811603,5.309725939089024
102.8335964679718,1.4863121066322909,5.429912303482828,1.2387123007250123,5.319350549267128
102.88391923904419,1.4863121066322909,5.429912303482828,1.245874253717598,5.328856335432885
102.93482303619385,1.4863121066322909,5.429912303482828,1.2531122380751054,5.338358136573433
102.98539328575134,1.4863121066322909,5.429912303482828,1.260295826063407,5.34768424132296
103.03580522537231,1.4863121066322909,5.429912303482828,1.2674496778446631,5.356868456081789
103.08633184432983,1.4863121066322909,5.429912303482828,1.2746122081289886,5.365960501961744
103.13678908348083,1.4863121066322909,5.429912303482828,1.281756981316513,5.374926949935485
103.18717956542969,1.4863121066322909,5.429912303482828,1.288884068010732,5.383768570314363
103.23799514770508,1.4863121066322909,5.429912303482828,1.2960626095312238,5.392570304743681
103.29010105133057,1.4863121066322909,5.429912303482828,1.303414033351786,5.401476005643792
103.34091782569885,1.4863121066322909,5.429912303482828,1.310574066079624,5.410044649518843
103.39170050621033,1.4863121066322909,5.429912303482828,1.3177195673732705,5.418492250838031
103.44308090209961,1.569153260866664,5.525551412801603,1.3249389270411873,5.426921837470068
103.49341464042664,1.569153260866664,5.525551412801603,1.3320008927533618,5.435065022702957
103.54418873786926,1.569153260866664,5.525551412801603,1.3391139444474065,5.443164316406993
103.59489440917969,1.569153260866664,5.525551412801603,1.346206349077365,5.4511371593659375
103.64533305168152,1.569153260866664,5.525551412801603,1.3532501009093574,5.4589533384608675
103.69613766670227,1.569153260866664,5.525551412801603,1.3603332264285974,5.466710480359682
103.74719738960266,1.569153260866664,5.525551412801603,1.3674397098322433,5.474389402176821
103.79809427261353,1.569153260866664,5.525551412801603,1.374511004523695,5.481926806781746
103.84867835044861,1.569153260866664,5.525551412801603,1.3815261109840928,5.489302002109083
103.89925575256348,1.569153260866664,5.525551412801603,1.388527267170721,5.496560602597302
103.94967889785767,1.569153260866664,5.525551412801603,1.3954937717972118,5.503681866963444
104.0000524520874,1.569153260866664,5.525551412801603,1.40243983313755,5.51068116588355
104.05081963539124,1.569153260866664,5.525551412801603,1.4094260905739644,5.517618795393272
104.10193014144897,1.569153260866664,5.525551412801603,1.4164449702106456,5.524485231039956
104.15258002281189,1.6292167125296086,5.61239371128577,1.4233857777912287,5.531172769107692
104.20293521881104,1.6292167125296086,5.61239371128577,1.4302712481912074,5.537705828886295
104.25364255905151,1.6292167125296086,5.61239371128577,1.4371894655685302,5.544168035076803
104.30405879020691,1.6292167125296086,5.61239371128577,1.4440523063004576,5.550477107238401
104.3547043800354,1.6292167125296086,5.61239371128577,1.4509303112583007,5.556698298902141
104.40550398826599,1.6292167125296086,5.61239371128577,1.4578127278533224,5.562820940516895
104.45627784729004,1.6292167125296086,5.61239371128577,1.4646747991973728,5.5688228341900885
104.50755953788757,1.6292167125296086,5.61239371128577,1.4715880522949276,5.574765287657794
104.55925250053406,1.6292167125296086,5.61239371128577,1.4785386456216083,5.580633801936283
104.60981702804565,1.6292167125296086,5.61239371128577,1.485319583481581,5.586256016398692
104.66015481948853,1.6292167125296086,5.61239371128577,1.492052170787144,5.591736843031791
104.71069669723511,1.6292167125296086,5.61239371128577,1.4987937087308587,5.597123197774033
104.76115274429321,1.6292167125296086,5.61239371128577,1.5055051302929097,5.602383705952568
104.81158876419067,1.6921785113855872,5.684106198618082,1.5121949155689496,5.607525530103854
104.8620171546936,1.6921785113855872,5.684106198618082,1.5188643937236137,5.61254996768994
104.91256976127625,1.6921785113855872,5.684106198618082,1.5255306031775349,5.617469690600947
104.96341967582703,1.6921785113855872,5.684106198618082,1.5322157860387746,5.622300018169168
105.01389694213867,1.6921785113855872,5.684106198618082,1.5388315756571178,5.626977518063656
105.06493377685547,1.6921785113855872,5.684106198618082,1.5454997009314655,5.631587868141562
105.11567759513855,1.6921785113855872,5.684106198618082,1.5521082677693896,5.636053069473358
105.16622138023376,1.6921785113855872,5.684106198618082,1.5586693616053,5.640382983613369
105.21774077415466,1.6921785113855872,5.684106198618082,1.565334753441002,5.644675554668457
105.26830506324768,1.6921785113855872,5.684106198618082,1.5718543050014084,5.648769803490822
105.31872367858887,1.6921785113855872,5.684106198618082,1.578332774278473,5.652735094761933
105.36931610107422,1.6921785113855872,5.684106198618082,1.5848108639277765,5.656596421928399
105.41984701156616,1.6921785113855872,5.684106198618082,1.591258037514756,5.660335401236164
105.47053170204163,1.7610700339181762,5.725458103050917,1.597701369761742,5.6639676111409045
105.52107501029968,1.7610700339181762,5.725458103050917,1.6041029997642249,5.667471829701833
105.57165884971619,1.7610700339181762,5.725458103050917,1.610485709794827,5.6708609981955895
105.62202215194702,1.7610700339181762,5.725458103050917,1.6168163601678003,5.674118232391588
105.67251110076904,1.7610700339181762,5.725458103050917,1.6231382084976667,5.677266234858233
105.72304081916809,1.7610700339181762,5.725458103050917,1.6294401791166393,5.680299117671609
105.77355813980103,1.7610700339181762,5.725458103050917,1.6357152938374195,5.6832135781125785
105.82391500473022,1.7610700339181762,5.725458103050917,1.6419449672051079,5.686001668116264
105.8743965625763,1.7610700339181762,5.725458103050917,1.6481641782767864,5.688679293367203
105.92507410049438,1.7610700339181762,5.725458103050917,1.6543811362051906,5.691249110714992
105.97569060325623,1.7610700339181762,5.725458103050917,1.6605638794479511,5.69369761357871
106.02639079093933,1.7610700339181762,5.725458103050917,1.6667297405842376,5.696031724719337
106.07698106765747,1.7610700339181762,5.725458103050917,1.6728548712740543,5.698242627626719
106.12740898132324,1.7610700339181762,5.725458103050917,1.678932819040726,5.700328989525304
106.17780470848083,1.8170887577645891,5.733068185159657,1.6849791123806066,5.7022968851599405
106.22844958305359,1.8170887577645891,5.733068185159657,1.6910270026918197,5.704156555353498
106.27902245521545,1.8170887577645891,5.733068185159657,1.6970376682951305,5.705895603903906
106.32964134216309,1.8170887577645891,5.733068185159657,1.7030248354441921,5.707518198275865
106.38055658340454,1.8170887577645891,5.733068185159657,1.7090174942983758,5.709031184369799
106.43122053146362,1.8170887577645891,5.733068185159657,1.7149508247784915,5.7104181544301715
106.48184251785278,1.8170887577645891,5.733068185159657,1.720849278384212,5.711685893984713
106.53451561927795,1.8170887577645891,5.733068185159657,1.7269545873414898,5.71287972842665
106.58505249023438,1.8170887577645891,5.733068185159657,1.7327811467517908,5.713905086461768
106.63565969467163,1.8170887577645891,5.733068185159657,1.7385849330810492,5.714814087656473
106.68617582321167,1.8170887577645891,5.733068185159657,1.7443471376042023,5.715603942945881
106.73669171333313,1.8170887577645891,5.733068185159657,1.7500778904395777,5.716276431653149
106.78745150566101,1.8170887577645891,5.733068185159657,1.7558043425353331,5.716833996976067
106.83792042732239,1.8170887577645891,5.733068185159657,1.7614658929548996,5.7172709746894155
106.88845038414001,1.8573273049881138,5.73791799767327,1.7671019231756473,5.717591261992036
106.9391736984253,1.8573273049881138,5.73791799767327,1.7727266321971924,5.717794862991299
106.98990488052368,1.8573273049881138,5.73791799767327,1.7783189394934453,5.7178803858783755
107.04035997390747,1.8573273049881138,5.73791799767327,1.7838474944679659,5.717848344136783
107.09077644348145,1.8573273049881138,5.73791799767327,1.7893383186658476,5.717699740864675
107.14122772216797,1.8573273049881138,5.73791799767327,1.7947991047782148,5.717434435081874
107.19192266464233,1.8573273049881138,5.73791799767327,1.8002518676862922,5.717050427000874
107.2423906326294,1.8573273049881138,5.73791799767327,1.805645659691271,5.716551291742013
107.29309463500977,1.8573273049881138,5.73791799767327,1.8110296458651622,5.71593248982658
107.34343910217285,1.8573273049881138,5.73791799767327,1.816340407769706,5.71520179091182
107.39393496513367,1.8573273049881138,5.73791799767327,1.8216317546118415,5.714352576362351
107.4455885887146,1.8573273049881138,5.73791799767327,1.8270074361035744,5.713363443347985
107.49942111968994,1.8573273049881138,5.73791799767327,1.8325697278990891,5.712203050248078
107.55042719841003,1.8573273049881138,5.73791799767327,1.8378018349617495,5.710981693660528
107.60129356384277,1.9062097798459747,5.724248345134009,1.8429823360287838,5.709645657218886
107.65225911140442,1.9062097798459747,5.724248345134009,1.8481352963808448,5.70818889964686
107.70275545120239,1.9062097798459747,5.724248345134009,1.8532033529769876,5.706629043773242
107.75342440605164,1.9062097798459747,5.724248345134009,1.858250949508079,5.704947385756455
107.80405616760254,1.9062097798459747,5.724248345134009,1.863256732211255,5.703150520747913
107.85538935661316,1.9062097798459747,5.724248345134009,1.8682926643508875,5.70121003850811
107.90610551834106,1.9062097798459747,5.724248345134009,1.8732290012734876,5.699175592489877
107.95653104782104,1.9062097798459747,5.724248345134009,1.8780982581887171,5.697037332828047
108.00691151618958,1.9062097798459747,5.724248345134009,1.8829242409458775,5.694786106401176
108.05726027488708,1.9062097798459747,5.724248345134009,1.88770802526546,5.692421689854654
108.1078372001648,1.9062097798459747,5.724248345134009,1.8924737798174274,5.689931321744001
108.1585373878479,1.9062097798459747,5.724248345134009,1.8972109103706125,5.687319082404412
108.20898985862732,1.9062097798459747,5.724248345134009,1.9018846104970506,5.684604631695599
108.25949788093567,1.9062097798459747,5.724248345134009,1.9065229128144492,5.681772432160102
108.3100700378418,1.949662598565759,5.670959597532071,1.9111261709228948,5.67882171966985
108.36080288887024,1.949662598565759,5.670959597532071,1.9157026091773988,5.675746221925069
108.4113347530365,1.949662598565759,5.670959597532071,1.9202193616119703,5.672568132977119
108.46179103851318,1.949662598565759,5.670959597532071,1.9246876916641418,5.669280639788468
108.51240062713623,1.949662598565759,5.670959597532071,1.9291274857303502,5.665868701639017
108.56325101852417,1.949662598565759,5.670959597532071,1.9335456381781275,5.662325220117491
108.61416721343994,1.949662598565759,5.670959597532071,1.9379262670963164,5.658661489789608
108.66607975959778,1.949662598565759,5.670959597532071,1.9423477710015804,5.6548070608875705
108.71829009056091,1.949662598565759,5.670959597532071,1.9467486588201075,5.650809487481922
108.7688102722168,1.949662598565759,5.670959597532071,1.9509628944942825,5.646825927780371
108.82029342651367,1.949662598565759,5.670959597532071,1.9552124552312553,5.642649833132626
108.8716881275177,1.949662598565759,5.670959597532071,1.9594091118677064,5.638363674028909
108.92215132713318,1.949662598565759,5.670959597532071,1.9634850912847495,5.634041386094641
108.97261452674866,1.949662598565759,5.670959597532071,1.9675165866155617,5.629606486021779
109.02330136299133,1.9683808455387075,5.596742471931122,1.9715208915582294,5.625038733205876
109.07429337501526,1.9683808455387075,5.596742471931122,1.9755034613493478,5.620329171423632
109.12462949752808,1.9683808455387075,5.596742471931122,1.97938943296581,5.615567906856143
109.17632293701172,1.9683808455387075,5.596742471931122,1.983332988622104,5.610562326206605
109.22686862945557,1.9683808455387075,5.596742471931122,1.987142461740985,5.605554473191343
109.27779722213745,1.9683808455387075,5.596742471931122,1.990933991571048,5.600395448173826
109.32845902442932,1.9683808455387075,5.596742471931122,1.9946587785899235,5.595150857370319
109.37885046005249,1.9683808455387075,5.596742471931122,1.9983170364176852,5.5898230375550755
109.42945384979248,1.9683808455387075,5.596742471931122,2.0019435949047186,5.584361370529305
109.48051428794861,1.9683808455387075,5.596742471931122,2.0055548119056152,5.578737374400972
109.53135466575623,1.9683808455387075,5.596742471931122,2.0091021955399437,5.573025034077497
109.58228397369385,1.9683808455387075,5.596742471931122,2.01260722395775,5.5671902627811996
109.6336395740509,1.9683808455387075,5.596742471931122,2.016092104556532,5.561192899808157
109.68775224685669,1.9683808455387075,5.596742471931122,2.019710009301232,5.554750198712316
109.73897552490234,1.9822735746320903,5.514832125831692,2.0230833367071788,5.548535097886931
109.78990507125854,1.9822735746320903,5.514832125831692,2.026387493135333,5.542243599676016
109.84064984321594,1.9822735746320903,5.514832125831692,2.029629987405745,5.535864027506728
109.89595103263855,1.9822735746320903,5.514832125831692,2.0331068629327844,5.528785819480162
109.95098900794983,1.9822735746320903,5.514832125831692,2.036508087741038,5.5216112867091365
110.00261688232422,1.9822735746320903,5.514832125831692,2.0396446913261683,5.514763626354103
110.05307507514954,1.9822735746320903,5.514832125831692,2.042659567620862,5.507961278623004
110.10379123687744,1.9822735746320903,5.514832125831692,2.0456391367148963,5.501014969713106
110.15446782112122,1.9822735746320903,5.514832125831692,2.0485653403272583,5.493964968343326
110.2049765586853,1.9822735746320903,5.514832125831692,2.051430837777631,5.486830010583905
110.25620365142822,1.9822735746320903,5.514832125831692,2.0542848168014682,5.479483362004357
110.30722045898438,1.9822735746320903,5.514832125831692,2.0570745115387328,5.472056794206578
110.35763645172119,1.9822735746320903,5.514832125831692,2.0597795706909476,5.464610001226479
110.40816736221313,1.9822735746320903,5.514832125831692,2.0624389032309183,5.457039051306303
110.45866394042969,1.9976876482059551,5.406308217675481,2.0650442912990594,5.449366283565599
110.50921273231506,1.9976876482059551,5.406308217675481,2.0675999344593228,5.4415787274703025
110.560142993927,1.9976876482059551,5.406308217675481,2.070121562421518,5.433624521468063
110.61082816123962,1.9976876482059551,5.406308217675481,2.072577700955267,5.425601332609878
110.66123366355896,1.9976876482059551,5.406308217675481,2.0749672672360537,5.417516538649396
110.7118718624115,1.9976876482059551,5.406308217675481,2.077314391803878,5.409288354387542
110.76366806030273,1.9976876482059551,5.406308217675481,2.0796594999628413,5.40076228207194
110.81430673599243,1.9976876482059551,5.406308217675481,2.0818975187615503,5.392319731234448
110.86502814292908,1.9976876482059551,5.406308217675481,2.0840847656018457,5.383757579009476
110.91574740409851,1.9976876482059551,5.406308217675481,2.086217221631192,5.375090159693638
110.96672248840332,1.9976876482059551,5.406308217675481,2.0883050922115727,5.366272858763191
111.01794743537903,1.9976876482059551,5.406308217675481,2.0903470764687766,5.357305393096633
111.06883096694946,1.9976876482059551,5.406308217675481,2.0923195263197507,5.348291828685028
111.11960768699646,1.9976876482059551,5.406308217675481,2.0942320487179504,5.339192274413628
111.17012929916382,1.9951378847966363,5.277078082175838,2.096079432904004,5.330034694806239
111.22099757194519,1.9951378847966363,5.277078082175838,2.0978833116017577,5.320710004324223
111.27163028717041,1.9951378847966363,5.277078082175838,2.099622636358951,5.311324863135011
111.32265591621399,1.9951378847966363,5.277078082175838,2.1013185146619056,5.301762576324576
111.37341833114624,1.9951378847966363,5.277078082175838,2.102948705954758,5.292145987642703
111.4239227771759,1.9951378847966363,5.277078082175838,2.104514040698588,5.282475976372438
111.4743754863739,1.9951378847966363,5.277078082175838,2.1060212211815372,5.27271427654243
111.52548217773438,1.9951378847966363,5.277078082175838,2.107490100402121,5.2627228069830405
111.57615828514099,1.9951378847966363,5.277078082175838,2.108888917811566,5.252713216620423
111.62656688690186,1.9951378847966363,5.277078082175838,2.110223157678475,5.2426556902706345
111.67699241638184,1.9951378847966363,5.277078082175838,2.1115005721835263,5.2324945179529205
111.72771620750427,1.9951378847966363,5.277078082175838,2.1127275474277596,5.2221723607968205
111.77819156646729,1.9951378847966363,5.277078082175838,2.1138905734849547,5.211800616373209
111.82895994186401,1.9951378847966363,5.277078082175838,2.1150018488319375,5.201268194430897
111.88056921958923,1.9730959320781616,5.128594293777565,2.1160711879447125,5.190458355247918
111.93133401870728,1.9730959320781616,5.128594293777565,2.117063475284415,5.17972443197908
111.98195743560791,1.9730959320781616,5.128594293777565,2.117993986049746,5.168920997841233
112.03283905982971,1.9730959320781616,5.128594293777565,2.118869665451164,5.157962744027553
112.0836226940155,1.9730959320781616,5.128594293777565,2.119683908429038,5.146926226253843
112.13416457176208,1.9730959320781616,5.128594293777565,2.120434818289873,5.135843996643137
112.18459224700928,1.9730959320781616,5.128594293777565,2.121124730538051,5.124689435378395
112.23544430732727,1.9730959320781616,5.128594293777565,2.1217602779620544,5.113342825020734
112.28644919395447,1.9730959320781616,5.128594293777565,2.12233685191992,5.101863407108801
112.33689093589783,1.9730959320781616,5.128594293777565,2.122846907952255,5.090413830587334
112.38733196258545,1.9730959320781616,5.128594293777565,2.123296959910836,5.078868374649581
112.43776035308838,1.9730959320781616,5.128594293777565,2.1236867476464747,5.067230127845142
112.48860669136047,1.9730959320781616,5.128594293777565,2.1240186936537784,5.055398888856745
112.53927040100098,1.9730959320781616,5.128594293777565,2.1242882762241324,5.0435140642384235
112.58977389335632,1.9486122151033585,4.968584025008989,2.12449606045202,5.0315717014676435
112.64021062850952,1.9486122151033585,4.968584025008989,2.1246426700721175,5.0195506721749705
112.69065475463867,1.9486122151033585,4.968584025008989,2.1247282589296095,5.0074338032893255
112.74108958244324,1.9486122151033585,4.968584025008989,2.1247526348177472,4.995225443398273
112.79173254966736,1.9486122151033585,4.968584025008989,2.1247153735805306,4.982872743036712
112.84263134002686,1.9486122151033585,4.968584025008989,2.1246154225247302,4.97036312244089
112.89392471313477,1.9486122151033585,4.968584025008989,2.124451138364271,4.957661014482212
112.94552302360535,1.9486122151033585,4.968584025008989,2.124221333753735,4.94478702179035
112.99660634994507,1.9486122151033585,4.968584025008989,2.1239298872776033,4.931946666814456
113.04713082313538,1.9486122151033585,4.968584025008989,2.1235788944196345,4.9191543057184415
113.0978090763092,1.9486122151033585,4.968584025008989,2.123164001165221,4.9062309709235326
113.14831733703613,1.9486122151033585,4.968584025008989,2.122687734067442,4.893259624132522
113.1992301940918,1.9486122151033585,4.968584025008989,2.12214408241625,4.880092423426788
113.24983382225037,1.9486122151033585,4.968584025008989,2.1215403383027867,4.866914081494789
113.30061888694763,1.916457162519122,4.785752477035288,2.1208707373659013,4.8535975262558395
113.35137486457825,1.916457162519122,4.785752477035288,2.1201376200173665,4.840197915626903
113.40185308456421,1.916457162519122,4.785752477035288,2.119345010991176,4.826782083276352
113.45260691642761,1.916457162519122,4.785752477035288,2.118484081025223,4.813203330901605
113.50340628623962,1.916457162519122,4.785752477035288,2.1175579816461343,4.7995227318371825
113.55373334884644,1.916457162519122,4.785752477035288,2.1165768234015205,4.785881239400052
113.60419750213623,1.916457162519122,4.785752477035288,2.1155292244446473,4.7721149203558255
113.65483736991882,1.916457162519122,4.785752477035288,2.114413653254825,4.758212794539167
113.70548892021179,1.916457162519122,4.785752477035288,2.113233231527332,4.744219781521004
113.75609469413757,1.916457162519122,4.785752477035288,2.111989230893993,4.730152221264202
113.80669379234314,1.916457162519122,4.785752477035288,2.1106806600383816,4.715999759356539
113.8573579788208,1.916457162519122,4.785752477035288,2.1093054219101934,4.701742555252679
113.90817785263062,1.916457162519122,4.785752477035288,2.107860504055957,4.687354933898635
113.959401845932,1.916457162519122,4.785752477035288,2.106337629860076,4.672765521225767
114.00982189178467,1.8617159839753983,4.575741190415056,2.1047733663481605,4.658319801714507
114.06024098396301,1.8617159839753983,4.575741190415056,2.1031442398567006,4.643790134809126
114.11065649986267,1.8617159839753983,4.575741190415056,2.101450226045959,4.629177673681813
114.16106247901917,1.8617159839753983,4.575741190415056,2.099691434671758,4.6144845662766345
114.21163868904114,1.8617159839753983,4.575741190415056,2.0978611668872484,4.599658403635855
114.26216721534729,1.8617159839753983,4.575741190415056,2.0959669575425504,4.584763156938161
114.31292462348938,1.8617159839753983,4.575741190415056,2.0939979731764375,4.569717249449944
114.36356234550476,1.8617159839753983,4.575741190415056,2.0919674120203946,4.554624138494383
114.41431212425232,1.8617159839753983,4.575741190415056,2.0898658879466057,4.539415173067336
114.46515655517578,1.8617159839753983,4.575741190415056,2.0876936083989697,4.524095472082349
114.51608204841614,1.8617159839753983,4.575741190415056,2.0854507019106796,4.508669114059005
114.56659603118896,1.8617159839753983,4.575741190415056,2.08315941296324,4.493286515290031
114.6172502040863,1.8617159839753983,4.575741190415056,2.08079515240553,4.477780731368217
114.6691505908966,1.8617159839753983,4.575741190415056,2.078303436251078,4.461810292398534
114.71960639953613,1.79579703436703,4.36742171990554,2.0758137462115407,4.446204083147885
114.77014255523682,1.79579703436703,4.36742171990554,2.0732534616166918,4.430494094350334
114.82076811790466,1.79579703436703,4.36742171990554,2.0706216959237462,4.414677525605387
114.87119936943054,1.79579703436703,4.36742171990554,2.0679333169937077,4.398843675091918
114.92176699638367,1.79579703436703,4.36742171990554,2.0651707243309336,4.3828892680797695
114.97225856781006,1.79579703436703,4.36742171990554,2.062345318443585,4.366881605837523
115.02270483970642,1.79579703436703,4.36742171990554,2.0594555365805434,4.3508116337553355
115.07315039634705,1.79579703436703,4.36742171990554,2.0564988353833007,4.33466567297647
115.12371754646301,1.79579703436703,4.36742171990554,2.053467726014566,4.318404724488573
115.17429900169373,1.79579703436703,4.36742171990554,2.050368290792165,4.302063407133919
115.22490549087524,1.79579703436703,4.36742171990554,2.0471997180138133,4.285638593513091
115.27542924880981,1.79579703436703,4.36742171990554,2.043968797289315,4.269165816392193
115.32591724395752,1.79579703436703,4.36742171990554,2.040672691355392,4.252630453341774
115.37642431259155,1.79579703436703,4.36742171990554,2.0373077846012473,4.23601501114793
115.4272518157959,1.7208826028929085,4.139140569416668,2.0338532491135695,4.2192200402099935
115.47798991203308,1.7208826028929085,4.139140569416668,2.0303364084526834,4.202380897710147
115.52844738960266,1.7208826028929085,4.139140569416668,2.0267711993928295,4.1855622841497935
115.57892107963562,1.7208826028929085,4.139140569416668,2.0231371202558535,4.1686662645201995
115.62958598136902,1.7208826028929085,4.139140569416668,2.019421093976927,4.151634252640763
115.68017816543579,1.7208826028929085,4.139140569416668,2.015642182116015,4.134555161837754
115.73084163665771,1.7208826028929085,4.139140569416668,2.0117895760856435,4.117380824901785
115.78128218650818,1.7208826028929085,4.139140569416668,2.0078859021900834,4.100211735907823
115.83361172676086,1.7208826028929085,4.139140569416668,2.003764252599109,4.082325984342309
115.88443899154663,1.7208826028929085,4.139140569416668,1.9996908913017202,4.064882322258963
115.93507623672485,1.7208826028929085,4.139140569416668,1.9955640814280713,4.047434388340904
115.9856026172638,1.7208826028929085,4.139140569416668,1.9913779387068142,4.029955975976797
116.03608655929565,1.7208826028929085,4.139140569416668,1.987127062602482,4.012424175532299
116.08657193183899,1.7208826028929085,4.139140569416668,1.982807802169348,3.9948242844692485
116.13707160949707,1.6357217688619978,3.8852153711805206,1.978418985860163,3.9771522335131473
116.18821358680725,1.6357217688619978,3.8852153711805206,1.9739046607195754,3.959187406786384
116.23870944976807,1.6357217688619978,3.8852153711805206,1.9693785290646224,3.9413828558592776
116.2891480922699,1.6357217688619978,3.8852153711805206,1.9647892088544077,3.92353278552572
116.33965992927551,1.6357217688619978,3.8852153711805206,1.9601247716218044,3.9055914668587883
116.39003872871399,1.6357217688619978,3.8852153711805206,1.9554043555402683,3.8876327227243737
116.44057130813599,1.6357217688619978,3.8852153711805206,1.9506010184607006,3.8695547282820817
116.491046667099,1.6357217688619978,3.8852153711805206,1.9457345969776312,3.85143324334274
116.54163599014282,1.6357217688619978,3.8852153711805206,1.9407884497699577,3.8332071643538175
116.59213542938232,1.6357217688619978,3.8852153711805206,1.9357824387448779,3.81495035004744
116.64247417449951,1.6357217688619978,3.8852153711805206,1.9307240764820153,3.7966893303065623
116.69328212738037,1.6357217688619978,3.8852153711805206,1.9255494218006257,3.778195494639859
116.74376082420349,1.6357217688619978,3.8852153711805206,1.9203394975613732,3.7597596886678986
116.79411697387695,1.6357217688619978,3.8852153711805206,1.9150738803888385,3.741307712013392
116.84495258331299,1.5294676726918768,3.6259017733852237,1.9096888824729714,3.7226187948024174
116.89576435089111,1.5294676726918768,3.6259017733852237,1.904236879372387,3.7038776202319923
116.94702339172363,1.5294676726918768,3.6259017733852237,1.8986664450602373,3.684910146571
116.99738788604736,1.5294676726918768,3.6259017733852237,1.8931243135883893,3.666214165155128
117.047767162323,1.5294676726918768,3.6259017733852237,1.8875122222272316,3.647454148026123
117.0982277393341,1.5294676726918768,3.6259017733852237,1.8818225672556355,3.6286056294327005
117.14858937263489,1.5294676726918768,3.6259017733852237,1.8760757119181333,3.60973643841588
117.1990098953247,1.5294676726918768,3.6259017733852237,1.8702537332352602,3.590787981228796
117.2514979839325,1.5294676726918768,3.6259017733852237,1.8641203139961904,3.571002222584108
117.30246162414551,1.5294676726918768,3.6259017733852237,1.8580940799112788,3.5517327670078656
117.35319709777832,1.5294676726918768,3.6259017733852237,1.8520254007580763,3.532492971755196
117.40361285209656,1.5294676726918768,3.6259017733852237,1.8459263636982746,3.5133189517427326
117.45429754257202,1.5294676726918768,3.6259017733852237,1.8397258769634361,3.493987399128579
117.50491857528687,1.5294676726918768,3.6259017733852237,1.8334642285569245,3.47462531770856
117.55556201934814,1.4142908038120696,3.370655498253188,1.8271308776361441,3.455200341154728
117.6060540676117,1.4142908038120696,3.370655498253188,1.8207478465920524,3.4357798285070213
117.65659499168396,1.4142908038120696,3.370655498253188,1.8142900522257248,3.4162873998063077
117.70692133903503,1.4142908038120696,3.370655498253188,1.807791521113915,3.396825406680856
117.75733184814453,1.4142908038120696,3.370655498253188,1.8012139722563563,3.377279009819957
117.80785417556763,1.4142908038120696,3.370655498253188,1.7945534310346563,3.3576376699402277
117.85843300819397,1.4142908038120696,3.370655498253188,1.7878168815984243,3.337923123071005
117.91592502593994,1.4142908038120696,3.370655498253188,1.7800763154911086,3.31545233077724
117.96644258499146,1.4142908038120696,3.370655498253188,1.7732016999195483,3.2956539335558843
118.01746153831482,1.4142908038120696,3.370655498253188,1.7661895223014463,3.2756086928168573
118.06917905807495,1.4142908038120696,3.370655498253188,1.7590102668206309,3.2552378719374584
118.11973166465759,1.4142908038120696,3.370655498253188,1.7519236179603896,3.2352766636725407
118.17033505439758,1.4142908038120696,3.370655498253188,1.7447614793748485,3.2152471603691715
118.22091865539551,1.4142908038120696,3.370655498253188,1.7375338263249978,3.1951777485755466
118.27144241333008,1.2966496777657823,3.1074431586152356,1.7302465949849641,3.1750849301147643
118.321857213974,1.2966496777657823,3.1074431586152356,1.7229072640432472,3.1549889688913852
118.37229800224304,1.2966496777657823,3.1074431586152356,1.7154964114655116,3.1348366846243496
118.4228150844574,1.2966496777657823,3.1074431586152356,1.7080064980069571,3.114608336579355
118.47355318069458,1.2966496777657823,3.1074431586152356,1.7004155274660597,3.094246075192796
118.52401518821716,1.2966496777657823,3.1074431586152356,1.6927980454176192,3.0739499730647992
118.57450437545776,1.2966496777657823,3.1074431586152356,1.6851088380072563,3.0535988846464637
118.62494277954102,1.2966496777657823,3.1074431586152356,1.6773598924361528,3.0332247657165428
118.67547583580017,1.2966496777657823,3.1074431586152356,1.669528845979643,3.0127693141116154
118.72791504859924,1.2966496777657823,3.1074431586152356,1.6613309839535628,2.991497190655977
118.77836108207703,1.2966496777657823,3.1074431586152356,1.6533761444962063,2.9709908025273157
118.82886028289795,1.2966496777657823,3.1074431586152356,1.6453456467566154,2.9504212706256903
118.87960386276245,1.2966496777657823,3.1074431586152356,1.637208566359216,2.9297108508972722
118.9303650856018,1.2966496777657823,3.1074431586152356,1.6290008177385138,2.908952274522478
118.98117351531982,1.1598534782679937,2.8133824634818203,1.6207175738174597,2.8881338873916342
119.03193807601929,1.1598534782679937,2.8133824634818203,1.6123737613135567,2.8672935178962637
119.0827329158783,1.1598534782679937,2.8133824634818203,1.6039573078657683,2.846401257686093
119.1333396434784,1.1598534782679937,2.8133824634818203,1.5955048041329847,2.8255476291817234
119.1837797164917,1.1598534782679937,2.8133824634818203,1.5870134624426138,2.804724705790656
119.23417949676514,1.1598534782679937,2.8133824634818203,1.5784625126593987,2.7838810622905528
119.28465056419373,1.1598534782679937,2.8133824634818203,1.5698330570992294,2.76297102612679
119.33521509170532,1.1598534782679937,2.8133824634818203,1.5611210762818588,2.7419857405278876
119.38577270507812,1.1598534782679937,2.8133824634818203,1.5523437925993888,2.720967280692684
119.43646812438965,1.1598534782679937,2.8133824634818203,1.5434759249035765,2.6998558566644504
119.48920965194702,1.1598534782679937,2.8133824634818203,1.5341794094688925,2.677855000133221
119.5399854183197,1.1598534782679937,2.8133824634818203,1.5251613508436668,2.6566386936303545
119.59142112731934,1.1598534782679937,2.8133824634818203,1.515958142248169,2.635111709635968
119.64294672012329,1.1598534782679937,2.8133824634818203,1.5066704086112035,2.613512405619091
119.69335174560547,1.0018163127070845,2.524713682648973,1.4975184931496048,2.592349754516745
119.74377703666687,1.0018163127070845,2.524713682648973,1.4882975311987345,2.571146369514862
119.79444551467896,1.0018163127070845,2.524713682648973,1.4789663622792388,2.5498087772154934
119.84492826461792,1.0018163127070845,2.524713682648973,1.469603982880343,2.528518063765237
119.89557194709778,1.0018163127070845,2.524713682648973,1.4601462719964915,2.507128568511507
119.94622564315796,1.0018163127070845,2.524713682648973,1.4506212057770917,2.485704394891266
119.99748182296753,1.0018163127070845,2.524713682648973,1.4409163107939662,2.463994932309554
120.04835486412048,1.0018163127070845,2.524713682648973,1.4312179094569977,2.4424179736105054
120.09870171546936,1.0018163127070845,2.524713682648973,1.4215551655264802,2.4210355049629997
120.14905571937561,1.0018163127070845,2.524713682648973,1.4118268468769548,2.3996219705001125
120.19941902160645,1.0018163127070845,2.524713682648973,1.4020326398718785,2.378176956230831
120.24991869926453,1.0018163127070845,2.524713682648973,1.3921476885349409,2.356646747564413
120.30077362060547,1.0018163127070845,2.524713682648973,1.382128349909729,2.3349381575767825
120.35121393203735,1.0018163127070845,2.524713682648973,1.3721265528226136,2.313380382293868
120.40172672271729,0.8380656715339102,2.235095799598009,1.3620465067628231,2.29176602840089
120.45234894752502,0.8380656715339102,2.235095799598009,1.3518806365365519,2.2700796645716137
120.50299978256226,0.8380656715339102,2.235095799598009,1.3416450585069795,2.2483563343746797
120.55342555046082,0.8380656715339102,2.235095799598009,1.331391556104978,2.2267054980916234
120.60398006439209,0.8380656715339102,2.235095799598009,1.3210485178561822,2.2049758305204743
120.65443778038025,0.8380656715339102,2.235095799598009,1.3106621805182352,2.1832647721419463
120.70528650283813,0.8380656715339102,2.235095799598009,1.3001317366454703,2.1613627529889374
120.7563989162445,0.8380656715339102,2.235095799598009,1.2894824811596304,2.1393247049065214
120.80784869194031,0.8380656715339102,2.235095799598009,1.278698095119531,2.1171190097217325
120.85835361480713,0.8380656715339102,2.235095799598009,1.268048650406287,2.0952999913208226
120.90890383720398,0.8380656715339102,2.235095799598009,1.2573272097274166,2.0734409726534846
120.95945739746094,0.8380656715339102,2.235095799598009,1.2465427484340688,2.0515605902084
121.00984621047974,0.8380656715339102,2.235095799598009,1.2357315885830222,2.0297322071761497
121.06024050712585,0.8380656715339102,2.235095799598009,1.2248576678211252,2.007882687965617
121.11164712905884,0.8380656715339102,2.235095799598009,1.2137020314966551,1.9855754583066554
121.16227126121521,0.672045626266018,1.9310307936599254,1.2026539215909513,1.963589758266552
121.21295619010925,0.672045626266018,1.9310307936599254,1.19153080802861,1.9415602663930702
121.26512336730957,0.672045626266018,1.9310307936599254,1.1800180867731367,1.918868920572532
121.31555700302124,0.672045626266018,1.9310307936599254,1.1688260934849755,1.8969151643978508
121.36592698097229,0.672045626266018,1.9310307936599254,1.1575877240737347,1.874973494223282
121.416330575943,0.672045626266018,1.9310307936599254,1.1462815118645222,1.8530020666014524
121.46672821044922,0.672045626266018,1.9310307936599254,1.1349164697793852,1.831018637676089
121.51787161827087,0.672045626266018,1.9310307936599254,1.1233219369080456,1.8086955089051897
121.56845092773438,0.672045626266018,1.9310307936599254,1.11179473564057,1.7866048639843877
121.6189661026001,0.672045626266018,1.9310307936599254,1.1002222413982956,1.7645291202769842
121.66966485977173,0.672045626266018,1.9310307936599254,1.088547687870889,1.7423604993651096
121.72016477584839,0.672045626266018,1.9310307936599254,1.0768593607737822,1.7202667469357142
121.7706573009491,0.672045626266018,1.9310307936599254,1.0651135115644554,1.6981646969068385
121.82120013237,0.672045626266018,1.9310307936599254,1.0532968434012737,1.6760295984167461
121.87194967269897,0.4780305379648045,1.6084044230440624,1.041372542782635,1.6537933949179329
121.92251420021057,0.4780305379648045,1.6084044230440624,1.0294328177951684,1.6316282368432247
121.9728798866272,0.4780305379648045,1.6084044230440624,1.017481808945506,1.609540817018119
122.02330350875854,0.4780305379648045,1.6084044230440624,1.005459038737333,1.5874190836659061
122.07377910614014,0.4780305379648045,1.6084044230440624,0.9933659482912134,1.5652661390511446
122.12418842315674,0.4780305379648045,1.6084044230440624,0.9812311057185543,1.5431344028968854
122.17495656013489,0.4780305379648045,1.6084044230440624,0.9689518915721667,1.5208376919088602
122.22627305984497,0.4780305379648045,1.6084044230440624,0.9564811231874393,1.4982930958334284
122.27753019332886,0.4780305379648045,1.6084044230440624,0.9439658733115697,1.4757680434405984
122.32791352272034,0.4780305379648045,1.6084044230440624,0.93160682262893,1.4536211424553
122.37831544876099,0.4780305379648045,1.6084044230440624,0.9191867383447039,1.4314607866656113
122.42874598503113,0.4780305379648045,1.6084044230440624,0.906703296790023,1.4092830796341163
122.47931480407715,0.4780305379648045,1.6084044230440624,0.8941292965912981,1.3870402835019808
122.53045701980591,0.4780305379648045,1.6084044230440624,0.881355585780238,1.3645414499203716
122.58105373382568,0.2672301943542162,1.2959315421211506,0.8686618168023319,1.342279331983058
122.63178277015686,0.2672301943542162,1.2959315421211506,0.8558788608945975,1.3199562551386923
122.6832664012909,0.2672301943542162,1.2959315421211506,0.8428486821639192,1.2972988545079516
122.73410820960999,0.2672301943542162,1.2959315421211506,0.8299247611343032,1.2749222010590255
122.78495001792908,0.2672301943542162,1.2959315421211506,0.8169452529473613,1.2525443725814693
122.8361587524414,0.2672301943542162,1.2959315421211506,0.8038161292938444,1.2300043859660919
122.88786673545837,0.2672301943542162,1.2959315421211506,0.7905022953813678,1.207244524762472
122.9383819103241,0.2672301943542162,1.2959315421211506,0.7774408081697248,1.1850100950961715
122.98901128768921,0.2672301943542162,1.2959315421211506,0.7642957176962106,1.1627263175079199
123.03971791267395,0.2672301943542162,1.2959315421211506,0.7510765619625088,1.1404099789614839
123.0907051563263,0.2672301943542162,1.2959315421211506,0.7377300046965729,1.117972112138429
123.1423749923706,0.2672301943542162,1.2959315421211506,0.7241495437208165,1.0952364149893001
123.19321608543396,0.2672301943542162,1.2959315421211506,0.7107329017108412,1.0728684207722319
123.24398493766785,0.08077333190478221,1.0196415925000637,0.6972821349274554,1.0505357405271198
123.29438138008118,0.08077333190478221,1.0196415925000637,0.6838777255951989,1.028370879755788
123.34481835365295,0.08077333190478221,1.0196415925000637,0.6704106149058768,1.0061926908519427
123.39585781097412,0.08077333190478221,1.0196415925000637,0.6567300255033395,0.9837546750707631
123.45121049880981,0.08077333190478221,1.0196415925000637,0.6418338142984288,0.9594268756477928
123.50174617767334,0.08077333190478221,1.0196415925000637,0.6281801479827829,0.9372225460733357
123.5523886680603,0.08077333190478221,1.0196415925000637,0.6144464021609966,0.9149779096781872
123.6030342578888,0.08077333190478221,1.0196415925000637,0.6006608066476393,0.892739053067972
123.65388202667236,0.08077333190478221,1.0196415925000637,0.5867691369847856,0.8704191155816892
123.7046308517456,0.08077333190478221,1.0196415925000637,0.5728537816038117,0.8481508126971746
123.7553653717041,0.08077333190478221,1.0196415925000637,0.5588919807089296,0.8258974893676461
123.80672097206116,0.08077333190478221,1.0196415925000637,0.5447082596252417,0.8033811294519673
123.8575484752655,0.08077333190478221,1.0196415925000637,0.5306201530517693,0.7811061204825278
123.9080638885498,0.08077333190478221,1.0196415925000637,0.5165693133138665,0.7589780631651022
123.9585862159729,-0.10855537817179797,0.7258954070166453,0.502467737882152,0.736857629728807
124.00950169563293,-0.10855537817179797,0.7258954070166453,0.4882073282228525,0.714576346775085
124.06004095077515,-0.10855537817179797,0.7258954070166453,0.4740038346262718,0.692471413214981
124.11063551902771,-0.10855537817179797,0.7258954070166453,0.45973672840672686,0.670354473440067
124.16127896308899,-0.10855537817179797,0.7258954070166453,0.4454079671341744,0.6482288808527152
124.21187257766724,-0.10855537817179797,0.7258954070166453,0.43104577173843817,0.6261382590658422
124.2627420425415,-0.10855537817179797,0.7258954070166453,0.41655766831996344,0.6039410002117582
124.31365466117859,-0.10855537817179797,0.7258954070166453,0.4020097833320926,0.5817392799044245
124.36440706253052,-0.10855537817179797,0.7258954070166453,0.38746069351531753,0.559622237973024
124.41544771194458,-0.10855537817179797,0.7258954070166453,0.372781965804986,0.5373950044519238
124.46624207496643,-0.10855537817179797,0.7258954070166453,0.3581275743268857,0.5152908820410467
124.51767373085022,-0.10855537817179797,0.7258954070166453,0.34324237810378877,0.49292606212316437
124.5687403678894,-0.10855537817179797,0.7258954070166453,0.3284164050817253,0.47073703809637335
124.61942529678345,-0.10855537817179797,0.7258954070166453,0.313655826487949,0.4487311905928719
124.67036938667297,-0.3303067028996876,0.40679183946187164,0.2987744852474923,0.42663071239743733
124.7210168838501,-0.3303067028996876,0.40679183946187164,0.28393508552060753,0.40467717600692144
124.77287483215332,-0.3303067028996876,0.40679183946187164,0.2686951817703407,0.3822183555438854
124.82347655296326,-0.3303067028996876,0.40679183946187164,0.25378005673084125,0.360323003912594
124.87426042556763,-0.3303067028996876,0.40679183946187164,0.23876746981457986,0.33836861509019456
124.92487740516663,-0.3303067028996876,0.40679183946187164,0.22376090287950667,0.3165065838919374
124.9753167629242,-0.3303067028996876,0.40679183946187164,0.20876429528060925,0.2947418236818029
125.02613186836243,-0.3303067028996876,0.40679183946187164,0.19361318916755543,0.2728361640361683
125.07677936553955,-0.3303067028996876,0.40679183946187164,0.17846965259082959,0.2510244560216799
125.12725591659546,-0.3303067028996876,0.40679183946187164,0.16333543073558587,0.22930840344109904
125.17769169807434,-0.3303067028996876,0.40679183946187164,0.14817207853269565,0.20763234307565304
125.22816634178162,-0.3303067028996876,0.40679183946187164,0.13295598137608788,0.18596252861695617
125.27881789207458,-0.3303067028996876,0.40679183946187164,0.11764558867247388,0.16424032309908987
125.3296492099762,-0.3303067028996876,0.40679183946187164,0.10223993490458438,0.14246523348574547
125.38057208061218,-0.5654910177031017,0.1213063974793951,0.08676576453896434,0.1206757304820032
125.4312527179718,-0.5654910177031017,0.1213063974793951,0.07132502386882367,0.09901501177697769
125.48190236091614,-0.5654910177031017,0.1213063974793951,0.055854016441883036,0.07739307155495156
125.53250432014465,-0.5654910177031017,0.1213063974793951,0.0403582693886797,0.05581745192512777
125.58300113677979,-0.5654910177031017,0.1213063974793951,0.024855892981451078,0.03431300830187789
125.63363552093506,-0.5654910177031017,0.1213063974793951,0.009272677899732518,0.012776880147215897
125.68422412872314,-0.5654910177031017,0.1213063974793951,-0.006334714084808901,-0.008712405605080242
125.73525047302246,-0.5654910177031017,0.1213063974793951,-0.02211555232923157,-0.030359439725127002
125.78619456291199,-0.5654910177031017,0.1213063974793951,-0.03790907070834448,-0.05194285023956513
125.8374559879303,-0.5654910177031017,0.1213063974793951,-0.05383905585872384,-0.07363124641040608
125.88782668113708,-0.5654910177031017,0.1213063974793951,-0.06952910425659242,-0.09491352364750938
125.93834018707275,-0.5654910177031017,0.1213063974793951,-0.08529998891780677,-0.11622655221886835
125.98897504806519,-0.5654910177031017,0.1213063974793951,-0.10114494625794457,-0.13756058077274735
126.0397253036499,-0.5654910177031017,0.1213063974793951,-0.11706201137593375,-0.15891241841264137
126.09081149101257,-0.7932548717098188,-0.15037923344010112,-0.13312047333475974,-0.18037396507092374
126.14158654212952,-0.7932548717098188,-0.15037923344010112,-0.14911659827281953,-0.201672891769904
126.19208836555481,-0.7932548717098188,-0.15037923344010112,-0.1650613610818361,-0.22282518710514165
126.24296855926514,-0.7932548717098188,-0.15037923344010112,-0.18116023578215668,-0.24410320312526013
126.29337000846863,-0.7932548717098188,-0.15037923344010112,-0.19714156436347796,-0.2651481351987566
126.34372615814209,-0.7932548717098188,-0.15037923344010112,-0.2131418986133351,-0.28614102547547016
126.39410281181335,-0.7932548717098188,-0.15037923344010112,-0.2291817651837671,-0.307108880943995
126.44492530822754,-0.7932548717098188,-0.15037923344010112,-0.2453966866671129,-0.32822781280405655
126.49552202224731,-0.7932548717098188,-0.15037923344010112,-0.26157223019756337,-0.3492180532460494
126.5461196899414,-0.7932548717098188,-0.15037923344010112,-0.2777802978370363,-0.3701734438131521
126.59719777107239,-0.7932548717098188,-0.15037923344010112,-0.29417456303759737,-0.391291592742919
126.64782214164734,-0.7932548717098188,-0.15037923344010112,-0.3104548577006261,-0.4121858059275585
126.69842433929443,-0.7932548717098188,-0.15037923344010112,-0.3267591424316385,-0.4330342536779408
126.74929070472717,-0.7932548717098188,-0.15037923344010112,-0.3431795255687815,-0.4539541957141533
126.79985356330872,-1.0090779228680595,-0.4398228703250345,-0.35953234325467065,-0.47471175919773634
126.85033583641052,-1.0090779228680595,-0.4398228703250345,-0.3758889721596841,-0.4953984442968653
126.90092658996582,-1.0090779228680595,-0.4398228703250345,-0.39231032064574034,-0.5160912534640243
126.95145034790039,-1.0090779228680595,-0.4398228703250345,-0.40873909090966,-0.5367179257470172
127.00181865692139,-1.0090779228680595,-0.4398228703250345,-0.4251459531602211,-0.5572421690327642
127.05230855941772,-1.0090779228680595,-0.4398228703250345,-0.441620744741797,-0.5777764776052754
127.10267806053162,-1.0090779228680595,-0.4398228703250345,-0.4580841270741942,-0.5982219981679748
127.15329098701477,-1.0090779228680595,-0.4398228703250345,-0.47465473883328624,-0.6187258316573023
127.2038779258728,-1.0090779228680595,-0.4398228703250345,-0.49124416960456463,-0.6391781411536626
127.25454950332642,-1.0090779228680595,-0.4398228703250345,-0.5078883593618846,-0.6596231474107546
127.30507016181946,-1.0090779228680595,-0.4398228703250345,-0.5245094952604834,-0.6799654580807031
127.35549068450928,-1.0090779228680595,-0.4398228703250345,-0.5411237023818494,-0.7002254054411363
127.40610194206238,-1.0090779228680595,-0.4398228703250345,-0.5578265086458285,-0.7205193262445464
127.45664715766907,-1.2358288622238276,-0.7069140786650733,-0.5745328782049377,-0.7407436754636916
127.5072455406189,-1.2358288622238276,-0.7069140786650733,-0.5912818116225664,-0.7609457427901432
127.55788588523865,-1.2358288622238276,-0.7069140786650733,-0.6080692769555425,-0.7811205067455598
127.60846090316772,-1.2358288622238276,-0.7069140786650733,-0.6248592967845794,-0.8012248323766029
127.65934944152832,-1.2358288622238276,-0.7069140786650733,-0.6417774210003087,-0.8214085641283715
127.70993256568909,-1.2358288622238276,-0.7069140786650733,-0.658617489776884,-0.8414257842801014
127.76101636886597,-1.2358288622238276,-0.7069140786650733,-0.6756475976901948,-0.8615947981141336
127.81149935722351,-1.2358288622238276,-0.7069140786650733,-0.6925000645776711,-0.8814804295870426
127.86201930046082,-1.2358288622238276,-0.7069140786650733,-0.7093870155344377,-0.9013342590372817
127.91253805160522,-1.2358288622238276,-0.7069140786650733,-0.726295323921545,-0.9211408347119805
127.96376180648804,-1.2358288622238276,-0.7069140786650733,-0.7434613952208724,-0.9411756280122305
128.01541447639465,-1.2358288622238276,-0.7069140786650733,-0.7607930114799701,-0.9613286160277776
128.06587934494019,-1.2358288622238276,-0.7069140786650733,-0.7777468084674939,-0.9809696852364131
128.1163477897644,-1.2358288622238276,-0.7069140786650733,-0.79472189975839,-1.000563816427513
128.16667699813843,-1.487158996149507,-0.9555591324761465,-0.8116697677967886,-1.02005535801796
128.21705436706543,-1.487158996149507,-0.9555591324761465,-0.8286530611417136,-1.0395166189129275
128.2674367427826,-1.487158996149507,-0.9555591324761465,-0.8456568587359263,-1.058930454429657
128.31800866127014,-1.487158996149507,-0.9555591324761465,-0.862743142250038,-1.078367287788103
128.36864638328552,-1.487158996149507,-0.9555591324761465,-0.8798698346570424,-1.0977787833194865
128.41902232170105,-1.487158996149507,-0.9555591324761465,-0.8969256252222577,-1.1170392632635862
128.4694094657898,-1.487158996149507,-0.9555591324761465,-0.914002400028908,-1.136253087914196
128.52013087272644,-1.487158996149507,-0.9555591324761465,-0.9312094101969586,-1.1555425284344905
128.57067847251892,-1.487158996149507,-0.9555591324761465,-0.9483739611567916,-1.1747137276713266
128.62116932868958,-1.487158996149507,-0.9555591324761465,-0.9655352771992098,-1.1938110522738454
128.67159032821655,-1.487158996149507,-0.9555591324761465,-0.9826884276080938,-1.2128293542822817
128.72191619873047,-1.487158996149507,-0.9555591324761465,-0.9998243259869994,-1.2317589778300768
128.77231574058533,-1.487158996149507,-0.9555591324761465,-1.01700002538815,-1.2506630695610366
128.82274341583252,-1.487158996149507,-0.9555591324761465,-1.0341996362945913,-1.2695240087513024
128.87314558029175,-1.7163909381634672,-1.201251415220462,-1.0514044469884414,-1.2883213502123936
128.92350673675537,-1.7163909381634672,-1.201251415220462,-1.068608723620646,-1.307049046647362
128.97390580177307,-1.7163909381634672,-1.201251415220462,-1.0858390067692105,-1.32573607652351
129.0242955684662,-1.7163909381634672,-1.201251415220462,-1.103078750205819,-1.344364518451031
129.07484316825867,-1.7163909381634672,-1.201251415220462,-1.1203847684486843,-1.3629955429702645
129.12530088424683,-1.7163909381634672,-1.201251415220462,-1.1376718529118417,-1.381537363547565
129.17578291893005,-1.7163909381634672,-1.201251415220462,-1.1549786835292197,-1.400031687702647
129.22621726989746,-1.7163909381634672,-1.201251415220462,-1.1722801442565227,-1.4184518106704502
129.27670621871948,-1.7163909381634672,-1.201251415220462,-1.1896109001022843,-1.436834712843978
129.32717108726501,-1.7163909381634672,-1.201251415220462,-1.2069435281454588,-1.4551513336016546
129.37778782844543,-1.7163909381634672,-1.201251415220462,-1.2243380708524696,-1.4734649553419144
129.42830157279968,-1.7163909381634672,-1.201251415220462,-1.2417065269890477,-1.491682919604449
129.47907257080078,-1.7163909381634672,-1.201251415220462,-1.2591723729236692,-1.5099345228637768
129.52968049049377,-1.7163909381634672,-1.201251415220462,-1.2765906008814158,-1.52806813739572
129.58078360557556,-1.949307243041259,-1.4707174300080788,-1.2941874176868766,-1.5463186842955456
129.6314218044281,-1.949307243041259,-1.4707174300080788,-1.311631788306411,-1.5643428661291376
129.68297934532166,-1.949307243041259,-1.4707174300080788,-1.329400228157382,-1.5826322148690686
129.73453402519226,-1.949307243041259,-1.4707174300080788,-1.347174654707417,-1.600857563421737
129.78530764579773,-1.949307243041259,-1.4707174300080788,-1.3646861630185292,-1.6187448783469696
129.83579969406128,-1.949307243041259,-1.4707174300080788,-1.3821063849810165,-1.6364717138853289
129.88616251945496,-1.949307243041259,-1.4707174300080788,-1.3994873780950114,-1.6540919626136832
129.9368827342987,-1.949307243041259,-1.4707174300080788,-1.4169966781693715,-1.6717751146596482
129.98747730255127,-1.949307243041259,-1.4707174300080788,-1.4344671296918603,-1.6893519973516244
130.0380780696869,-1.949307243041259,-1.4707174300080788,-1.451943803329021,-1.7068682971137794
130.0886149406433,-1.949307243041259,-1.4707174300080788,-1.4694020431468515,-1.7242995209400849
130.13907194137573,-1.949307243041259,-1.4707174300080788,-1.4868358771086068,-1.741640095072898
130.18959498405457,-1.949307243041259,-1.4707174300080788,-1.504295280127308,-1.7589398604561315
130.2402539253235,-1.949307243041259,-1.4707174300080788,-1.5218039670793133,-1.7762220252424763
130.29079627990723,-2.2002256535737144,-1.7022159262460372,-1.5392742334643061,-1.7934000900529625
130.34497117996216,-2.2002256535737144,-1.7022159262460372,-1.5580016864253232,-1.8117410492341164
130.39651441574097,-2.2002256535737144,-1.7022159262460372,-1.5758204392761712,-1.8291218166295677
130.44741535186768,-2.2002256535737144,-1.7022159262460372,-1.593417661390771,-1.8462193977853711
130.49775862693787,-2.2002256535737144,-1.7022159262460372,-1.610822149363467,-1.8630642433320626
130.54838132858276,-2.2002256535737144,-1.7022159262460372,-1.628322852267827,-1.8799366670068673
130.5987777709961,-2.2002256535737144,-1.7022159262460372,-1.6457445070063295,-1.8966677076196583
130.64921617507935,-2.2002256535737144,-1.7022159262460372,-1.66317939704821,-1.9133464617242641
130.70019960403442,-2.2002256535737144,-1.7022159262460372,-1.6808009405265678,-1.9301378045381958
130.7508590221405,-2.2002256535737144,-1.7022159262460372,-1.6983083075449397,-1.9467547678662138
130.80142784118652,-2.2002256535737144,-1.7022159262460372,-1.7157817400060056,-1.9632744343848292
130.854914188385,-2.2002256535737144,-1.7022159262460372,-1.7342599375712728,-1.9806733769309504
130.90532684326172,-2.2002256535737144,-1.7022159262460372,-1.751672629793918,-1.9970026737208089
130.9557843208313,-2.2002256535737144,-1.7022159262460372,-1.7690968301806986,-2.0132783750348766
131.00657606124878,-2.4313327944273473,-1.9066311406378067,-1.7866319926322132,-2.0295927733814345
131.05716252326965,-2.4313327944273473,-1.9066311406378067,-1.8040913791269386,-2.0457720058097792
131.10782027244568,-2.4313327944273473,-1.9066311406378067,-1.8215700101018257,-2.0619045057791063
131.15857124328613,-2.4313327944273473,-1.9066311406378067,-1.8390749729494535,-2.0779966243467873
131.21051001548767,-2.4313327944273473,-1.9066311406378067,-1.8569831103643186,-2.094392449945051
131.2624065876007,-2.4313327944273473,-1.9066311406378067,-1.8748696246670273,-2.110700969547952
131.31298804283142,-2.4313327944273473,-1.9066311406378067,-1.892295604917443,-2.1265247506705647
131.3639588356018,-2.4313327944273473,-1.9066311406378067,-1.9098479942202977,-2.142398678275148
131.41761422157288,-2.4313327944273473,-1.9066311406378067,-1.9283159703572927,-2.159030646946082
131.4685423374176,-2.4313327944273473,-1.9066311406378067,-1.9458363174696645,-2.174742893586805
131.51890683174133,-2.4313327944273473,-1.9066311406378067,-1.9631537676001485,-2.190209776127655
131.56941938400269,-2.4313327944273473,-1.9066311406378067,-1.98051268512597,-2.2056504597546494
131.61996841430664,-2.4313327944273473,-1.9066311406378067,-1.9978742203956323,-2.2210301711477602
131.67084431648254,-2.4313327944273473,-1.9066311406378067,-2.0153375454530438,-2.2364362101535096
131.72149872779846,-2.6489360780117224,-2.1179112288348305,-2.0327139419712457,-2.251702025434996
131.77192068099976,-2.6489360780117224,-2.1179112288348305,-2.049999339795772,-2.2668250265609347
131.82244539260864,-2.6489360780117224,-2.1179112288348305,-2.067308245857345,-2.2819057715984346
131.87293910980225,-2.6489360780117224,-2.1179112288348305,-2.084594360213705,-2.296903920611686
131.9233546257019,-2.6489360780117224,-2.1179112288348305,-2.101841108886604,-2.3118054310424703
131.97591733932495,-2.6489360780117224,-2.1179112288348305,-2.119808508966496,-2.3272632144493035
132.02636528015137,-2.6489360780117224,-2.1179112288348305,-2.137039218615084,-2.342023564158407
132.07679915428162,-2.6489360780117224,-2.1179112288348305,-2.1542511513303646,-2.356705608505032
132.12780261039734,-2.6489360780117224,-2.1179112288348305,-2.1716427989833846,-2.371477771262891
132.17864847183228,-2.6489360780117224,-2.1179112288348305,-2.188965559746803,-2.3861282685822176
132.22940707206726,-2.6489360780117224,-2.1179112288348305,-2.206243041471563,-2.400677664046511
132.28036975860596,-2.6489360780117224,-2.1179112288348305,-2.2235738949166413,-2.4152089572286553
132.33091497421265,-2.6489360780117224,-2.1179112288348305,-2.2407463879824645,-2.4295451557627645
132.3816258907318,-2.6489360780117224,-2.1179112288348305,-2.2579583122332156,-2.4438519914514165
132.43212342262268,-2.8814056472020093,-2.3156168284609775,-2.2750805677826698,-2.458022384340982
132.48292088508606,-2.8814056472020093,-2.3156168284609775,-2.2922866994017257,-2.472199944739533
132.53348803520203,-2.8814056472020093,-2.3156168284609775,-2.3093966073476553,-2.4862362894894305
132.58420085906982,-2.8814056472020093,-2.3156168284609775,-2.3265370953177915,-2.5002357445682657
132.6363809108734,-2.8814056472020093,-2.3156168284609775,-2.3441534492721776,-2.5145591601854975
132.68686509132385,-2.8814056472020093,-2.3156168284609775,-2.3611774464627104,-2.52833856338917
132.7373251914978,-2.8814056472020093,-2.3156168284609775,-2.3781733859243954,-2.5420340242725
132.78801679611206,-2.8814056472020093,-2.3156168284609775,-2.395226771641692,-2.5557142111670146
132.8392231464386,-2.8814056472020093,-2.3156168284609775,-2.4124319657566615,-2.569453605450988
132.8899188041687,-2.8814056472020093,-2.3156168284609775,-2.429443956114172,-2.5829768369104658
132.9406762123108,-2.8814056472020093,-2.3156168284609775,-2.4464546608438855,-2.596437438352332
132.99186992645264,-2.8814056472020093,-2.3156168284609775,-2.4635888125559378,-2.6099333534456988
133.0423412322998,-2.8814056472020093,-2.3156168284609775,-2.4804583271759126,-2.6231595761183986
133.09284925460815,-2.8814056472020093,-2.3156168284609775,-2.4973169412435596,-2.6363164413859166
133.14342975616455,-3.112351693282883,-2.488266251158847,-2.5141760594593405,-2.6494128030392083
133.1938512325287,-3.112351693282883,-2.488266251158847,-2.530958124241163,-2.6623887206360295
133.24430680274963,-3.112351693282883,-2.488266251158847,-2.547727047367543,-2.675293987544031
133.29474210739136,-3.112351693282883,-2.488266251158847,-2.5644642985829074,-2.688114469712237
133.34513235092163,-3.112351693282883,-2.488266251158847,-2.5811612448736745,-2.700843823808615
133.39570307731628,-3.112351693282883,-2.488266251158847,-2.597892063207952,-2.71353851041148
133.44630455970764,-3.112351693282883,-2.488266251158847,-2.61460659840951,-2.7261602483266576
133.4972276687622,-3.112351693282883,-2.488266251158847,-2.631400190139274,-2.7387805536634056
133.5478000640869,-3.112351693282883,-2.488266251158847,-2.6480506755996744,-2.751232681048925
133.59822487831116,-3.112351693282883,-2.488266251158847,-2.6646248839794033,-2.763567660324036
133.64875674247742,-3.112351693282883,-2.488266251158847,-2.681206089206113,-2.775847694882794
133.69924879074097,-3.112351693282883,-2.488266251158847,-2.6977455893687865,-2.7880367523160676
133.74975657463074,-3.112351693282883,-2.488266251158847,-2.7142611476911824,-2.8001481236691563
133.80021691322327,-3.112351693282883,-2.488266251158847,-2.7307316789503697,-2.81216656044219
133.85177040100098,-3.3215060436695345,-2.647707906178046,-2.7475280848632173,-2.824360992247103
133.9026210308075,-3.3215060436695345,-2.647707906178046,-2.7640643987875624,-2.8363054599133197
133.9530487060547,-3.3215060436695345,-2.647707906178046,-2.780432213625058,-2.8480683069946955
134.00387048721313,-3.3215060436695345,-2.647707906178046,-2.7968962990284636,-2.859840025230982
134.05442452430725,-3.3215060436695345,-2.647707906178046,-2.813241670513178,-2.8714668378703596
134.1050136089325,-3.3215060436695345,-2.647707906178046,-2.829565993894029,-2.883018793149909
134.15607047080994,-3.3215060436695345,-2.647707906178046,-2.8460079584253166,-2.8945933019661485
134.20728874206543,-3.3215060436695345,-2.647707906178046,-2.86246781879838,-2.9061191875852264
134.25815391540527,-3.3215060436695345,-2.647707906178046,-2.878779956266907,-2.917480987142312
134.31036138534546,-3.3215060436695345,-2.647707906178046,-2.895486582197218,-2.929054752128712
134.36094570159912,-3.3215060436695345,-2.647707906178046,-2.9116385621139536,-2.940183628478766
134.41167497634888,-3.3215060436695345,-2.647707906178046,-2.9278015466993828,-2.9512601745639424
134.4627468585968,-3.3215060436695345,-2.647707906178046,-2.944037538548234,-2.9623261807310883
134.5138816833496,-3.510661479566469,-2.792953343795338,-2.9602567350958884,-2.9733198854994853
134.56458234786987,-3.510661479566469,-2.792953343795338,-2.9763014042323075,-2.984135205241951
134.6153814792633,-3.510661479566469,-2.792953343795338,-2.9923400094016768,-2.9948864626224663
134.66596174240112,-3.510661479566469,-2.792953343795338,-3.0082720400198126,-3.005506662024368
134.71816515922546,-3.510661479566469,-2.792953343795338,-3.0246756525620646,-3.0163788625060555
134.7697036266327,-3.510661479566469,-2.792953343795338,-3.0408302972993835,-3.0270239434980954
134.82016944885254,-3.510661479566469,-2.792953343795338,-3.0566097300490176,-3.0373620076690875
134.87100481987,-3.510661479566469,-2.792953343795338,-3.072465249680437,-3.0476901490502626
134.92163038253784,-3.510661479566469,-2.792953343795338,-3.088215519444713,-3.057890132990961
134.97218298912048,-3.510661479566469,-2.792953343795338,-3.103903001527411,-3.067990126888081
135.02256679534912,-3.510661479566469,-2.792953343795338,-3.119497797673972,-3.07797147507511
135.0730061531067,-3.510661479566469,-2.792953343795338,-3.135069043185345,-3.0878787940787764
135.12347221374512,-3.510661479566469,-2.792953343795338,-3.1506072906901554,-3.0977060963874083
135.17420363426208,-3.510661479566469,-2.792953343795338,-3.166185217019508,-3.107499002629458
135.2246708869934,-3.693818069766164,-2.917467873515925,-3.1816397774543526,-3.117155183951485
135.27513527870178,-3.693818069766164,-2.917467873515925,-3.1970508856819952,-3.1267252113364945
135.3257224559784,-3.693818069766164,-2.917467873515925,-3.2124563187710002,-3.136232502897403
135.37630701065063,-3.693818069766164,-2.917467873515925,-3.2278172900480664,-3.14565308115481
135.42704319953918,-3.693818069766164,-2.917467873515925,-3.243180005365678,-3.1550151926296537
135.47776746749878,-3.693818069766164,-2.917467873515925,-3.2584943134911994,-3.1642882011514546
135.5290014743805,-3.693818069766164,-2.917467873515925,-3.273916596354112,-3.173566091658378
135.57995533943176,-3.693818069766164,-2.917467873515925,-3.28920832745574,-3.182705137769473
135.63084530830383,-3.693818069766164,-2.917467873515925,-3.304434423279801,-3.19174492461472
135.68168330192566,-3.693818069766164,-2.917467873515925,-3.3195981635699745,-3.2006877806086034
135.7325313091278,-3.693818069766164,-2.917467873515925,-3.334717651629025,-3.2095446324003216
135.78324270248413,-3.693818069766164,-2.917467873515925,-3.349749023144555,-3.2182901840749696
135.83375549316406,-3.693818069766164,-2.917467873515925,-3.3646739375678925,-3.226914531099559
135.88422632217407,-3.693818069766164,-2.917467873515925,-3.3795385836481544,-3.235444960940327
135.93481516838074,-3.8821126418913714,-3.0309218528613844,-3.3943895364886774,-3.24390824138511
135.98536729812622,-3.8821126418913714,-3.0309218528613844,-3.4091808224867552,-3.2522782034492606
136.03598260879517,-3.8821126418913714,-3.0309218528613844,-3.423941199518343,-3.260571248216313
136.08700823783875,-3.8821126418913714,-3.0309218528613844,-3.4387707650808657,-3.2688429533932757
136.13782858848572,-3.8821126418913714,-3.0309218528613844,-3.4534898660223314,-3.276992924731371
136.18856525421143,-3.8821126418913714,-3.0309218528613844,-3.468133716489501,-3.285041351454139
136.2390296459198,-3.8821126418913714,-3.0309218528613844,-3.4826479912966772,-3.292959182080518
136.28956580162048,-3.8821126418913714,-3.0309218528613844,-3.4971315168571455,-3.3008008583947976
136.33993291854858,-3.8821126418913714,-3.0309218528613844,-3.5115150041608416,-3.308529211796921
136.39059019088745,-3.8821126418913714,-3.0309218528613844,-3.5259289738547146,-3.316214333127386
136.44092202186584,-3.8821126418913714,-3.0309218528613844,-3.54019789719631,-3.3237628721764154
136.49178194999695,-3.8821126418913714,-3.0309218528613844,-3.554563004403447,-3.3313022616603423
136.54231333732605,-3.8821126418913714,-3.0309218528613844,-3.568781603193642,-3.3387049488002845
136.59299516677856,-3.8821126418913714,-3.0309218528613844,-3.5829883292124345,-3.3460415240586148
136.6442666053772,-4.055082067257563,-3.1343086097641164,-3.5973046602831897,-3.353373578253132
136.69481301307678,-4.055082067257563,-3.1343086097641164,-3.611363308426156,-3.3605134272062473
136.74555277824402,-4.055082067257563,-3.1343086097641164,-3.62542015421874,-3.367592154362518
136.7964129447937,-4.055082067257563,-3.1343086097641164,-3.6394540450873034,-3.3745987253583754
136.84709978103638,-4.055082067257563,-3.1343086097641164,-3.6533835968249577,-3.3814927817905076
136.89784383773804,-4.055082067257563,-3.1343086097641164,-3.66727194121756,-3.3883059561861346
136.94975233078003,-4.055082067257563,-3.1343086097641164,-3.6814196063613207,-3.395183653862046
137.0003535747528,-4.055082067257563,-3.1343086097641164,-3.695152752786562,-3.4017987368073896
137.05110383033752,-4.055082067257563,-3.1343086097641164,-3.7088681807576966,-3.4083446185418262
137.10166430473328,-4.055082067257563,-3.1343086097641164,-3.72247398625683,-3.4147776876597407
137.15213298797607,-4.055082067257563,-3.1343086097641164,-3.735996614229924,-3.421111131493645
137.20264267921448,-4.055082067257563,-3.1343086097641164,-3.74947132603271,-3.427361733044172
137.25492310523987,-4.055082067257563,-3.1343086097641164,-3.763355927502257,-3.4337387433575506
137.30577182769775,-4.055082067257563,-3.1343086097641164,-3.7767988870662133,-3.4398506291512687
137.35653066635132,-4.2190669712635644,-3.2201142088589103,-3.7901572690871337,-3.445862706181096
137.4073576927185,-4.2190669712635644,-3.2201142088589103,-3.8034723005888296,-3.451793748578872
137.45818972587585,-4.2190669712635644,-3.2201142088589103,-3.8167268864335533,-3.4576361880428506
137.50865244865417,-4.2190669712635644,-3.2201142088589103,-3.829823679792641,-3.4633479577565844
137.55907654762268,-4.2190669712635644,-3.2201142088589103,-3.8428488488545116,-3.4689675572988645
137.60953950881958,-4.2190669712635644,-3.2201142088589103,-3.8558220098182527,-3.474503625622491
137.66048622131348,-4.2190669712635644,-3.2201142088589103,-3.8688561639730823,-3.480003606578836
137.71135020256042,-4.2190669712635644,-3.2201142088589103,-3.8818052281235618,-3.4854053003621916
137.76228427886963,-4.2190669712635644,-3.2201142088589103,-3.894707726540098,-3.4907249816353607
137.81329345703125,-4.2190669712635644,-3.2201142088589103,-3.9075642454054806,-3.495962804387905
137.86400961875916,-4.2190669712635644,-3.2201142088589103,-3.920282017187254,-3.5010815587994637
137.9145383834839,-4.2190669712635644,-3.2201142088589103,-3.9328880514804383,-3.5060931848736865
137.96715450286865,-4.2190669712635644,-3.2201142088589103,-3.9459457357886087,-3.5112182821534508
138.01768255233765,-4.2190669712635644,-3.2201142088589103,-3.9584184564631677,-3.516050167166285
138.06810998916626,-4.371545094971434,-3.2888520331341753,-3.970800724888548,-3.520784714633512
138.12109851837158,-4.371545094971434,-3.2888520331341753,-3.983740807498571,-3.525665331529949
138.1720268726349,-4.371545094971434,-3.2888520331341753,-3.99610875513506,-3.5302650666640987
138.22283387184143,-4.371545094971434,-3.2888520331341753,-4.008379414094645,-3.534764875273365
138.27350425720215,-4.371545094971434,-3.2888520331341753,-4.020549225808581,-3.539164117915629
138.32398653030396,-4.371545094971434,-3.2888520331341753,-4.032606088729394,-3.543459209718004
138.37583541870117,-4.371545094971434,-3.2888520331341753,-4.0449185307108175,-3.5477793692288633
138.42628455162048,-4.371545094971434,-3.2888520331341753,-4.056829307864238,-3.5518942262357953
138.47694849967957,-4.371545094971434,-3.2888520331341753,-4.068721660939276,-3.5559386312707164
138.52815127372742,-4.371545094971434,-3.2888520331341753,-4.080669708158993,-3.5599365259463447
138.5819845199585,-4.371545094971434,-3.2888520331341753,-4.093154405625005,-3.564042811244348
138.63300800323486,-4.371545094971434,-3.2888520331341753,-4.104914062815513,-3.5678430528711225
138.68356728553772,-4.371545094971434,-3.2888520331341753,-4.116495871304835,-3.5715207272582132
138.73420810699463,-4.371545094971434,-3.2888520331341753,-4.128025274763548,-3.5751165858387504
138.7848105430603,-4.503462126595394,-3.342046010233657,-4.139474506891688,-3.5786220594856886
138.8371925354004,-4.503462126595394,-3.342046010233657,-4.151250767832846,-3.5821585737705814
138.88851618766785,-4.503462126595394,-3.342046010233657,-4.162714105921269,-3.585532695015634
138.93985867500305,-4.503462126595394,-3.342046010233657,-4.174106996807604,-3.588818061550895
138.99143600463867,-4.503462126595394,-3.342046010233657,-4.185476432718806,-3.5920278989456396
139.04197001457214,-4.503462126595394,-3.342046010233657,-4.196542057076952,-3.5950848506277953
139.09244561195374,-4.503462126595394,-3.342046010233657,-4.207521580628843,-3.5980514345784345
139.1433289051056,-4.503462126595394,-3.342046010233657,-4.218515264746087,-3.6009542169816244
139.19462871551514,-4.503462126595394,-3.342046010233657,-4.229522826721737,-3.6037916393083664
139.2452278137207,-4.503462126595394,-3.342046010233657,-4.240304806327551,-3.6065027255436233
139.29564332962036,-4.503462126595394,-3.342046010233657,-4.250973005981299,-3.6091175526532235
139.34632086753845,-4.503462126595394,-3.342046010233657,-4.261621188328932,-3.6116591140785745
139.3970513343811,-4.503462126595394,-3.342046010233657,-4.272204359705466,-3.6141161993458346
139.4482901096344,-4.503462126595394,-3.342046010233657,-4.282815890263216,-3.616509504074857
139.49936270713806,-4.613967233546629,-3.377856816631801,-4.293314955040651,-3.618806731165394
139.55002975463867,-4.613967233546629,-3.377856816631801,-4.303653298371579,-3.6209986862626824
139.60043239593506,-4.613967233546629,-3.377856816631801,-4.313860903104983,-3.623093291318636
139.65127396583557,-4.613967233546629,-3.377856816631801,-4.324079462081241,-3.625119426034435
139.7021701335907,-4.613967233546629,-3.377856816631801,-4.334230243751476,-3.6270606102502567
139.75292444229126,-4.613967233546629,-3.377856816631801,-4.344273922371529,-3.6289096781240886
139.8039267063141,-4.613967233546629,-3.377856816631801,-4.354287042912841,-3.6306806652276147
139.85476398468018,-4.613967233546629,-3.377856816631801,-4.364187995058853,-3.63235912832093
139.90532183647156,-4.613967233546629,-3.377856816631801,-4.3739551950880085,-3.633942533554488
139.9571554660797,-4.613967233546629,-3.377856816631801,-4.3838863769217635,-3.635477147613316
140.0079345703125,-4.613967233546629,-3.377856816631801,-4.393534191227152,-3.6368935276892973
140.0591812133789,-4.613967233546629,-3.377856816631801,-4.403188889440054,-3.6382357561413494
140.10992312431335,-4.613967233546629,-3.377856816631801,-4.412667051811007,-3.639478581946031
140.16098022460938,-4.613967233546629,-3.377856816631801,-4.422121952862244,-3.640642693089017
140.2114634513855,-4.613967233546629,-3.377856816631801,-4.431389247461394,-3.6417085962797593
140.26227927207947,-4.712095742970513,-3.4001514189836834,-4.440635592506931,-3.6426961663033737
140.31314253807068,-4.712095742970513,-3.4001514189836834,-4.449807854168223,-3.6435990304365378
140.3638174533844,-4.712095742970513,-3.4001514189836834,-4.458863529807848,-3.6444134880645285
140.41469192504883,-4.712095742970513,-3.4001514189836834,-4.467871587391316,-3.64514587776591
140.4654176235199,-4.712095742970513,-3.4001514189836834,-4.476769904273017,-3.6457911913768006
140.5158772468567,-4.712095742970513,-3.4001514189836834,-4.485538608112298,-3.646349110972955
140.56658387184143,-4.712095742970513,-3.4001514189836834,-4.494266591412421,-3.6468254945755576
140.61705946922302,-4.712095742970513,-3.4001514189836834,-4.50287122129288,-3.6472159500469203
140.67009592056274,-4.712095742970513,-3.4001514189836834,-4.511822213688274,-3.647536335537211
140.7206747531891,-4.712095742970513,-3.4001514189836834,-4.520272015680792,-3.6477562238372085
140.77579379081726,-4.712095742970513,-3.4001514189836834,-4.529383881403541,-3.6479008081475337
140.82646799087524,-4.712095742970513,-3.4001514189836834,-4.53767189502937,-3.647946435758983
140.87726950645447,-4.712095742970513,-3.4001514189836834,-4.545894772020069,-3.6479083888221364
140.92779970169067,-4.712095742970513,-3.4001514189836834,-4.55398805126704,-3.6477874740650753
140.9783902168274,-4.8021431440130025,-3.4057454150126816,-4.562005087600235,-3.6475835722341143
141.02880883216858,-4.8021431440130025,-3.4057454150126816,-4.569909069810118,-3.6472980483530333
141.07955241203308,-4.8021431440130025,-3.4057454150126816,-4.577777202149097,-3.6469278720156324
141.13032221794128,-4.8021431440130025,-3.4057454150126816,-4.585561965099565,-3.6464745234828326
141.18413043022156,-4.8021431440130025,-3.4057454150126816,-4.59371682614594,-3.6459036243277563
141.23462104797363,-4.8021431440130025,-3.4057454150126816,-4.601278939070474,-3.6452834797390308
141.2858076095581,-4.8021431440130025,-3.4057454150126816,-4.608856085242104,-3.6445715041564295
141.33662962913513,-4.8021431440130025,-3.4057454150126816,-4.61629012396601,-3.6437818114202964
141.38856196403503,-4.8021431440130025,-3.4057454150126816,-4.623794517228204,-3.6428898319989713
141.43914008140564,-4.8021431440130025,-3.4057454150126816,-4.6310134887219,-3.6419386691488853
141.49001049995422,-4.8021431440130025,-3.4057454150126816,-4.638184578481862,-3.640900126962809
141.5404508113861,-4.8021431440130025,-3.4057454150126816,-4.645206036074317,-3.6397894627072636
141.59094715118408,-4.8021431440130025,-3.4057454150126816,-4.65214624750288,-3.6385970493673554
141.64163732528687,-4.8021431440130025,-3.4057454150126816,-4.659023216810951,-3.637319215593719
141.6924512386322,-4.8702351636947645,-3.394682345731534,-4.665826314242891,-3.6359571523032304
141.74294066429138,-4.8702351636947645,-3.394682345731534,-4.672495796377596,-3.634523539199844
141.7936668395996,-4.8702351636947645,-3.394682345731534,-4.679105766905985,-3.6330028375423056
141.8443841934204,-4.8702351636947645,-3.394682345731534,-4.685623346527734,-3.6314020573647583
141.89527201652527,-4.8702351636947645,-3.394682345731534,-4.692070871523459,-3.629715348877808
141.94572067260742,-4.8702351636947645,-3.394682345731534,-4.698371565426954,-3.6279637484292975
141.99616599082947,-4.8702351636947645,-3.394682345731534,-4.704580800263303,-3.626133361449114
142.04694414138794,-4.8702351636947645,-3.394682345731534,-4.710738802379348,-3.6242114129755043
142.09772086143494,-4.8702351636947645,-3.394682345731534,-4.716803873558099,-3.6222099764561335
142.14828896522522,-4.8702351636947645,-3.394682345731534,-4.7227515868877665,-3.6201379127678965
142.20048332214355,-4.8702351636947645,-3.394682345731534,-4.728793563428065,-3.6179169027887115
142.25335478782654,-4.8702351636947645,-3.394682345731534,-4.734813169898917,-3.6155820617248233
142.30393242835999,-4.8702351636947645,-3.394682345731534,-4.740476459862161,-3.61326865588319
142.35457015037537,-4.8702351636947645,-3.394682345731534,-4.746053016308839,-3.6108744838553912
142.4052700996399,-4.916018328798012,-3.3704273247516863,-4.751542493006481,-3.6083993728254944
142.45578980445862,-4.916018328798012,-3.3704273247516863,-4.7569187239353745,-3.6058556443258305
142.50631594657898,-4.916018328798012,-3.3704273247516863,-4.76220182127345,-3.6032345116659625
142.5589702129364,-4.916018328798012,-3.3704273247516863,-4.767607349430203,-3.600421187681532
142.60940265655518,-4.916018328798012,-3.3704273247516863,-4.772688764110207,-3.5976485314036433
142.6607313156128,-4.916018328798012,-3.3704273247516863,-4.777763768958584,-3.5947484216027643
142.7114007472992,-4.916018328798012,-3.3704273247516863,-4.7826776714625066,-3.591808426225225
142.76221823692322,-4.916018328798012,-3.3704273247516863,-4.787509981018049,-3.5887830968041374
142.81365656852722,-4.916018328798012,-3.3704273247516863,-4.792303234578144,-3.5856427707366367
142.86698603630066,-4.916018328798012,-3.3704273247516863,-4.797168265756117,-3.5823043522191407
142.91819095611572,-4.916018328798012,-3.3704273247516863,-4.8017391833957745,-3.579020007394881
142.9738426208496,-4.916018328798012,-3.3704273247516863,-4.806595350081761,-3.575363044313905
143.0250494480133,-4.916018328798012,-3.3704273247516863,-4.810960639763088,-3.5719179985375322
143.07554936408997,-4.945428876871886,-3.3322014790886403,-4.815168744237447,-3.568445513507226
143.12719440460205,-4.945428876871886,-3.3322014790886403,-4.81937250338234,-3.5648175043790506
143.1780707836151,-4.945428876871886,-3.3322014790886403,-4.823414836105369,-3.561167819082332
143.2291705608368,-4.945428876871886,-3.3322014790886403,-4.827375939955832,-3.55742675369756
143.27997279167175,-4.945428876871886,-3.3322014790886403,-4.831215439701221,-3.5536328572931004
143.33132815361023,-4.945428876871886,-3.3322014790886403,-4.8349966723183595,-3.5497222892435047
143.38199996948242,-4.945428876871886,-3.3322014790886403,-4.838628759495233,-3.5457897551017186
143.4326934814453,-4.945428876871886,-3.3322014790886403,-4.842163984259418,-3.541782219382756
143.48525524139404,-4.945428876871886,-3.3322014790886403,-4.845725338052622,-3.537549821356736
143.53599452972412,-4.945428876871886,-3.3322014790886403,-4.849062417997769,-3.5333899068376478
143.58678531646729,-4.945428876871886,-3.3322014790886403,-4.852303526004734,-3.529152961280176
143.63772249221802,-4.945428876871886,-3.3322014790886403,-4.855453944325284,-3.524830901460474
143.68854546546936,-4.945428876871886,-3.3322014790886403,-4.8584972717801,-3.5204460295571267
143.7392201423645,-4.945428876871886,-3.3322014790886403,-4.861432055198504,-3.5160021079892467
143.79039597511292,-4.955676856555359,-3.2841006258251073,-4.864294677292875,-3.5114416960190877
143.8411099910736,-4.955676856555359,-3.2841006258251073,-4.867030973974909,-3.5068507878870485
143.8926649093628,-4.955676856555359,-3.2841006258251073,-4.869709918647854,-3.5021109212559236
143.9433650970459,-4.955676856555359,-3.2841006258251073,-4.872243264413283,-3.497378288530199
143.99435257911682,-4.955676856555359,-3.2841006258251073,-4.87468959621691,-3.492547755479722
144.04525089263916,-4.955676856555359,-3.2841006258251073,-4.877030087833697,-3.4876548460612513
144.09592723846436,-4.955676856555359,-3.2841006258251073,-4.879259393179787,-3.482713246735311
144.14657187461853,-4.955676856555359,-3.2841006258251073,-4.881386473596278,-3.477705202430737
144.1973271369934,-4.955676856555359,-3.2841006258251073,-4.883416907619094,-3.4726167498695295
144.24838304519653,-4.955676856555359,-3.2841006258251073,-4.885356899439769,-3.467428271797024
144.2991681098938,-4.955676856555359,-3.2841006258251073,-4.887184484022468,-3.4621980636992973
144.34964561462402,-4.955676856555359,-3.2841006258251073,-4.888899923830479,-3.4569313642959294
144.40006637573242,-4.955676856555359,-3.2841006258251073,-4.890512683435274,-3.4516030177334303
144.45096349716187,-4.946261371868297,-3.223679719221003,-4.892038401549894,-3.446156123208567
144.50161576271057,-4.946261371868297,-3.223679719221003,-4.89345461176863,-3.440667681793591
144.55205416679382,-4.946261371868297,-3.223679719221003,-4.894763420111509,-3.435135535969618
144.60277938842773,-4.946261371868297,-3.223679719221003,-4.895977454486518,-3.429504910967014
144.65357279777527,-4.946261371868297,-3.223679719221003,-4.897090265645657,-3.4237996594498923
144.70414113998413,-4.946261371868297,-3.223679719221003,-4.898095765770091,-3.4180533196623433
144.75544714927673,-4.946261371868297,-3.223679719221003,-4.899011395037027,-3.412155775044255
144.80624842643738,-4.946261371868297,-3.223679719221003,-4.8998141336032734,-3.406249675394933
144.85757064819336,-4.946261371868297,-3.223679719221003,-4.900520003224608,-3.400216047296328
144.9082429409027,-4.946261371868297,-3.223679719221003,-4.90111316452966,-3.394193093329971
144.95905804634094,-4.946261371868297,-3.223679719221003,-4.901604325140722,-3.388087872551359
145.00972414016724,-4.946261371868297,-3.223679719221003,-4.9019905587965384,-3.381935757098396
145.06034922599792,-4.946261371868297,-3.223679719221003,-4.9022731488584474,-3.3757242961943428
145.11154222488403,-4.946261371868297,-3.223679719221003,-4.902453753845773,-3.369378076647465
145.1621618270874,-4.946261371868297,-3.223679719221003,-4.902528246608649,-3.363038897442569
145.21273970603943,-4.917017843705236,-3.150762599487815,-4.902499188577987,-3.3566416445756184
145.2638177871704,-4.917017843705236,-3.150762599487815,-4.902364743551264,-3.3501172192953326
145.3145968914032,-4.917017843705236,-3.150762599487815,-4.902126283826335,-3.343567636353429
145.365624666214,-4.917017843705236,-3.150762599487815,-4.901781284839915,-3.336922666701705
145.41918849945068,-4.917017843705236,-3.150762599487815,-4.901305389448581,-3.3298795126805576
145.46968531608582,-4.917017843705236,-3.150762599487815,-4.9007499447766225,-3.3231762502990767
145.5201859474182,-4.917017843705236,-3.150762599487815,-4.900090695411873,-3.3164112651704056
145.5706970691681,-4.917017843705236,-3.150762599487815,-4.899327414507819,-3.309583947425654
145.62129068374634,-4.917017843705236,-3.150762599487815,-4.898458633571932,-3.3026847092690934
145.6718339920044,-4.917017843705236,-3.150762599487815,-4.897486442659218,-3.2957319158721976
145.7223572731018,-4.917017843705236,-3.150762599487815,-4.8964103886887695,-3.2887218429416523
145.77311491966248,-4.917017843705236,-3.150762599487815,-4.895224302779461,-3.281619129705747
145.82384490966797,-4.917017843705236,-3.150762599487815,-4.893933581631968,-3.274460395226277
145.87450885772705,-4.917017843705236,-3.150762599487815,-4.892539411982744,-3.2672515437324856
145.92574667930603,-4.867520184276889,-3.06497292726867,-4.8910225179744655,-3.2599009556187513
145.97665858268738,-4.867520184276889,-3.06497292726867,-4.889408684316424,-3.252537608792063
146.02727913856506,-4.867520184276889,-3.06497292726867,-4.887698673811802,-3.2451579093890497
146.07802510261536,-4.867520184276889,-3.06497292726867,-4.885878855020605,-3.237701715781254
146.1286416053772,-4.867520184276889,-3.06497292726867,-4.88395831214395,-3.230206810477084
146.17956614494324,-4.867520184276889,-3.06497292726867,-4.881919820206749,-3.2226084376541184
146.23185801506042,-4.867520184276889,-3.06497292726867,-4.879715612496559,-3.214746008985874
146.2825608253479,-4.867520184276889,-3.06497292726867,-4.877470946077095,-3.2070647578827756
146.33335280418396,-4.867520184276889,-3.06497292726867,-4.875116210728704,-3.199313328406152
146.3838152885437,-4.867520184276889,-3.06497292726867,-4.872671512407422,-3.191556346386963
146.43452262878418,-4.867520184276889,-3.06497292726867,-4.870109238295154,-3.183705998674112
146.48568415641785,-4.867520184276889,-3.06497292726867,-4.867416565245568,-3.175729061973147
146.53659415245056,-4.867520184276889,-3.06497292726867,-4.864629948992597,-3.167735577996344
146.58717584609985,-4.867520184276889,-3.06497292726867,-4.861755372067622,-3.159738889900481
146.6378562450409,-4.792804223700444,-2.9627573325741996,-4.858769245895924,-3.1516722020259276
146.68831300735474,-4.792804223700444,-2.9627573325741996,-4.855690914815557,-3.1435873591851666
146.73883247375488,-4.792804223700444,-2.9627573325741996,-4.8525033764426215,-3.1354390754717962
146.78951811790466,-4.792804223700444,-2.9627573325741996,-4.8491993504231425,-3.127210639534664
146.83991980552673,-4.792804223700444,-2.9627573325741996,-4.84580851673818,-3.1189756528851382
146.8904218673706,-4.792804223700444,-2.9627573325741996,-4.842305565165866,-3.1106719493273536
146.94094848632812,-4.792804223700444,-2.9627573325741996,-4.838695336801653,-3.102312142902532
146.99170088768005,-4.792804223700444,-2.9627573325741996,-4.834962643610382,-3.0938628990281556
147.04263758659363,-4.792804223700444,-2.9627573325741996,-4.8311092235633595,-3.0853308427248067
147.09385561943054,-4.792804223700444,-2.9627573325741996,-4.827126243122958,-3.0766993608323077
147.14426398277283,-4.792804223700444,-2.9627573325741996,-4.8231001960700475,-3.0681534696956376
147.19471859931946,-4.792804223700444,-2.9627573325741996,-4.818965110438726,-3.059549562251709
147.24512934684753,-4.792804223700444,-2.9627573325741996,-4.814728353920584,-3.0509033497254707
147.2969524860382,-4.792804223700444,-2.9627573325741996,-4.810263200773459,-3.041963380580188
147.34780836105347,-4.697602246096033,-2.85420647135339,-4.8057732685779495,-3.0331398668927108
147.39859008789062,-4.697602246096033,-2.85420647135339,-4.80118301227597,-3.0242797550796894
147.44991302490234,-4.697602246096033,-2.85420647135339,-4.7964353286533505,-3.0152753611553975
147.50093293190002,-4.697602246096033,-2.85420647135339,-4.791607562071442,-3.0062748215256443
147.5517454147339,-4.697602246096033,-2.85420647135339,-4.786692289420727,-2.9972623711353616
147.6025049686432,-4.697602246096033,-2.85420647135339,-4.781675395886416,-2.9882113410114624
147.65309619903564,-4.697602246096033,-2.85420647135339,-4.7765689937585485,-2.9791429794643034
147.7038676738739,-4.697602246096033,-2.85420647135339,-4.771337875734832,-2.9699951507102296
147.75449872016907,-4.697602246096033,-2.85420647135339,-4.7660149717147835,-2.960825937711215
147.80519366264343,-4.697602246096033,-2.85420647135339,-4.760579059749644,-2.9515988053389823
147.85559844970703,-4.697602246096033,-2.85420647135339,-4.7550688349091255,-2.942378864340747
147.90621876716614,-4.697602246096033,-2.85420647135339,-4.749429273306786,-2.933074078163805
147.95672750473022,-4.697602246096033,-2.85420647135339,-4.743696517930038,-2.923744795806406
148.00759935379028,-4.697602246096033,-2.85420647135339,-4.7378159293064455,-2.9143033683765007
148.0582308769226,-4.586391968533698,-2.743106110758235,-4.73185690789421,-2.9048619921368495
148.108736038208,-4.586391968533698,-2.743106110758235,-4.725807226526911,-2.895400263686824
148.15921592712402,-4.586391968533698,-2.743106110758235,-4.719655287555473,-2.885899806038971
148.20993900299072,-4.586391968533698,-2.743106110758235,-4.71336773041899,-2.87631017968027
148.2605357170105,-4.586391968533698,-2.743106110758235,-4.70699003944199,-2.866701468632442
148.3111217021942,-4.586391968533698,-2.743106110758235,-4.700508113254914,-2.8570522559005864
148.36163973808289,-4.586391968533698,-2.743106110758235,-4.693929576939445,-2.8473739228969737
148.41276860237122,-4.586391968533698,-2.743106110758235,-4.687164385420203,-2.8375361232659424
148.4638214111328,-4.586391968533698,-2.743106110758235,-4.680301795317666,-2.8276707339792218
148.514741897583,-4.586391968533698,-2.743106110758235,-4.6733500834611785,-2.817789265388943
148.56538486480713,-4.586391968533698,-2.743106110758235,-4.666330418225739,-2.8079207707550013
148.61691999435425,-4.586391968533698,-2.743106110758235,-4.6590787951546115,-2.7978369591836003
148.6674928665161,-4.586391968533698,-2.743106110758235,-4.651856437816324,-2.7879011451441635
148.71840381622314,-4.586391968533698,-2.743106110758235,-4.644479673977464,-2.7778589828743288
148.76874709129333,-4.455313895667305,-2.6188767392022547,-4.637080526930828,-2.767889773391115
148.81920218467712,-4.455313895667305,-2.6188767392022547,-4.629560618896818,-2.7578598616154135
148.86965203285217,-4.455313895667305,-2.6188767392022547,-4.621937139353749,-2.7477927679608953
148.92019319534302,-4.455313895667305,-2.6188767392022547,-4.614195305689624,-2.737669500192475
148.97061896324158,-4.455313895667305,-2.6188767392022547,-4.606366934122853,-2.727531862016316
149.02112913131714,-4.455313895667305,-2.6188767392022547,-4.598421184388036,-2.717340095633708
149.07168197631836,-4.455313895667305,-2.6188767392022547,-4.590364309894585,-2.7071028554147443
149.12258529663086,-4.455313895667305,-2.6188767392022547,-4.582146121681976,-2.6967577610849625
149.17318439483643,-4.455313895667305,-2.6188767392022547,-4.573872264792648,-2.6864381971236306
149.22370076179504,-4.455313895667305,-2.6188767392022547,-4.565507813506311,-2.6760997854745816
149.2746479511261,-4.455313895667305,-2.6188767392022547,-4.55696675079047,-2.6656374387417787
149.3253448009491,-4.455313895667305,-2.6188767392022547,-4.54836280909613,-2.655191231534639
149.3758511543274,-4.455313895667305,-2.6188767392022547,-4.539687296883605,-2.6447496729455806
149.42639780044556,-4.455313895667305,-2.6188767392022547,-4.530901136869826,-2.6342655845293543
149.4767928123474,-4.30199782136533,-2.485135251616717,-4.522038136964096,-2.623779265727753
149.5273551940918,-4.30199782136533,-2.485135251616717,-4.513042252586521,-2.6132247016814114
149.57775592803955,-4.30199782136533,-2.485135251616717,-4.503972113239691,-2.6026709459384616
149.62837171554565,-4.30199782136533,-2.485135251616717,-4.49475987636578,-2.592039447772972
149.679673910141,-4.30199782136533,-2.485135251616717,-4.485317095891357,-2.581230716884377
149.7321696281433,-4.30199782136533,-2.485135251616717,-4.475544695414562,-2.5701364902116635
149.782799243927,-4.30199782136533,-2.485135251616717,-4.466014464080364,-2.5594044234844087
149.8334333896637,-4.30199782136533,-2.485135251616717,-4.45638017826319,-2.5486401508411847
149.88437867164612,-4.30199782136533,-2.485135251616717,-4.446582660089395,-2.537778588281499
149.93502521514893,-4.30199782136533,-2.485135251616717,-4.436739289262739,-2.5269501382198825
149.98545479774475,-4.30199782136533,-2.485135251616717,-4.426835877085633,-2.5161381665195925
150.03591132164001,-4.30199782136533,-2.485135251616717,-4.416825236267458,-2.5052909330523283
150.08636021614075,-4.30199782136533,-2.485135251616717,-4.40671430266439,-2.494416235707008
150.13701796531677,-4.30199782136533,-2.485135251616717,-4.396459217898579,-2.4834676210808735
150.18744325637817,-4.127609294036312,-2.3517577323680463,-4.386149533194457,-2.472540874234405
150.23811888694763,-4.127609294036312,-2.3517577323680463,-4.37568662879911,-2.4615317489528077
150.28855657577515,-4.127609294036312,-2.3517577323680463,-4.365171428128782,-2.450546697637552
150.3396110534668,-4.127609294036312,-2.3517577323680463,-4.354424743206092,-2.439399645644263
150.39047384262085,-4.127609294036312,-2.3517577323680463,-4.343615622727896,-2.4282671612869087
150.44099378585815,-4.127609294036312,-2.3517577323680463,-4.332777961254557,-2.4171831475091565
150.4913969039917,-4.127609294036312,-2.3517577323680463,-4.321864810079551,-2.4060987632661757
150.54190802574158,-4.127609294036312,-2.3517577323680463,-4.310827675326208,-2.3949649580754553
150.59269452095032,-4.127609294036312,-2.3517577323680463,-4.299629000771828,-2.3837449372016857
150.64319157600403,-4.127609294036312,-2.3517577323680463,-4.2883935378244145,-2.3725638812744343
150.69359755516052,-4.127609294036312,-2.3517577323680463,-4.277078453070008,-2.361378536577812
150.7449860572815,-4.127609294036312,-2.3517577323680463,-4.265440254652357,-2.349950412208048
150.79691338539124,-4.127609294036312,-2.3517577323680463,-4.253575027353195,-2.3383774870370706
150.84768843650818,-4.127609294036312,-2.3517577323680463,-4.241871214415566,-2.327037496027849
150.8981738090515,-3.931401101534089,-2.212366206750741,-4.23013447917362,-2.3157391920413177
150.94868350028992,-3.931401101534089,-2.212366206750741,-4.218292789752747,-2.3044128739944583
151.00015306472778,-3.931401101534089,-2.212366206750741,-4.206124079021958,-2.292848490132696
151.0515055656433,-3.931401101534089,-2.212366206750741,-4.193880644992111,-2.281287855094138
151.10213088989258,-3.931401101534089,-2.212366206750741,-4.181710655070264,-2.2698692703236807
151.1526174545288,-3.931401101534089,-2.212366206750741,-4.1694754046509335,-2.2584609622417804
151.20307111740112,-3.931401101534089,-2.212366206750741,-4.157149934481224,-2.247039505052542
151.2536256313324,-3.931401101534089,-2.212366206750741,-4.144701566595089,-2.235574967198019
151.30409264564514,-3.931401101534089,-2.212366206750741,-4.132176838449471,-2.224110441752688
151.354558467865,-3.931401101534089,-2.212366206750741,-4.119554788470644,-2.2126267620392976
151.40511846542358,-3.931401101534089,-2.212366206750741,-4.1068114972700185,-2.201102561669245
151.45559668540955,-3.931401101534089,-2.212366206750741,-4.093991481841207,-2.1895783267566866
151.50609064102173,-3.931401101534089,-2.212366206750741,-4.081070375327912,-2.178032219471897
151.556574344635,-3.931401101534089,-2.212366206750741,-4.06805502206526,-2.166470566872407
151.60699224472046,-3.7305535497809923,-2.0768611143225275,-4.054960174811027,-2.1549065182734024
151.65745544433594,-3.7305535497809923,-2.0768611143225275,-4.041757250684441,-2.143314988068686
151.70793890953064,-3.7305535497809923,-2.0768611143225275,-4.028452829036974,-2.1317020804225963
151.7582721710205,-3.7305535497809923,-2.0768611143225275,-4.0150924252024875,-2.120107458731071
151.80875778198242,-3.7305535497809923,-2.0768611143225275,-4.001595945647429,-2.1084618130244666
151.85954189300537,-3.7305535497809923,-2.0768611143225275,-3.987923262423749,-2.0967316074924063
151.91025018692017,-3.7305535497809923,-2.0768611143225275,-3.9741747495647117,-2.0850035914105325
151.96119022369385,-3.7305535497809923,-2.0768611143225275,-3.9602668091108555,-2.073206955935291
152.01181054115295,-3.7305535497809923,-2.0768611143225275,-3.946350489996903,-2.0614698391439923
152.0626187324524,-3.7305535497809923,-2.0768611143225275,-3.9322868596568523,-2.0496749976172453
152.11324048042297,-3.7305535497809923,-2.0768611143225275,-3.9181797645140723,-2.037909717303778
152.16388201713562,-3.7305535497809923,-2.0768611143225275,-3.90397244403689,-2.026126524665691
152.21475267410278,-3.7305535497809923,-2.0768611143225275,-3.889605718121773,-2.0142770074541514
152.26632595062256,-3.7305535497809923,-2.0768611143225275,-3.8749434915289136,-2.0022509164170224
152.31770706176758,-3.5026775995761676,-1.9296953708822149,-3.8602389685804237,-1.9902571163338327
152.36887121200562,-3.5026775995761676,-1.9296953708822149,-3.8455006622642203,-1.9783019482454294
152.4196879863739,-3.5026775995761676,-1.9296953708822149,-3.8307679809187825,-1.966416480162532
152.47049140930176,-3.5026775995761676,-1.9296953708822149,-3.8159453494244664,-1.9545231029834438
152.52149629592896,-3.5026775995761676,-1.9296953708822149,-3.800969834464444,-1.9425718609644833
152.5720329284668,-3.5026775995761676,-1.9296953708822149,-3.7860390707763094,-1.9307201526561166
152.62240839004517,-3.5026775995761676,-1.9296953708822149,-3.7710643222828084,-1.9188965360288937
152.67288064956665,-3.5026775995761676,-1.9296953708822149,-3.755969343804759,-1.9070408651529256
152.723406791687,-3.5026775995761676,-1.9296953708822149,-3.7407668272316745,-1.895163562754825
152.77491784095764,-3.5026775995761676,-1.9296953708822149,-3.725174083135281,-1.8830458901442582
152.82549738883972,-3.5026775995761676,-1.9296953708822149,-3.7097713528968805,-1.871139048567803
152.8761510848999,-3.5026775995761676,-1.9296953708822149,-3.694255001181717,-1.8592068986754635
152.92752981185913,-3.5026775995761676,-1.9296953708822149,-3.6784237690381696,-1.84709632594582
152.97788047790527,-3.5026775995761676,-1.9296953708822149,-3.662818932418781,-1.8352210083523604
153.02849745750427,-3.2502517252829626,-1.7762963739119322,-3.6470416657792875,-1.8232762099510567
153.07903289794922,-3.2502517252829626,-1.7762963739119322,-3.631200186356519,-1.8113443644376153
153.12950110435486,-3.2502517252829626,-1.7762963739119322,-3.6152906914289025,-1.7994225033956797
153.17984795570374,-3.2502517252829626,-1.7762963739119322,-3.5993310274941255,-1.787523823244915
153.2307312488556,-3.2502517252829626,-1.7762963739119322,-3.583111873654219,-1.7754931808373686
153.28154587745667,-3.2502517252829626,-1.7762963739119322,-3.566825171740278,-1.7634739600200735
153.33292150497437,-3.2502517252829626,-1.7762963739119322,-3.5502681098996045,-1.7513175506916756
153.3846824169159,-3.2502517252829626,-1.7762963739119322,-3.533495120378964,-1.739065808688012
153.43732523918152,-3.2502517252829626,-1.7762963739119322,-3.516342212229188,-1.72660144883543
153.4923655986786,-3.2502517252829626,-1.7762963739119322,-3.4983069539887937,-1.7135657070604584
153.54318070411682,-3.2502517252829626,-1.7762963739119322,-3.4815647378957126,-1.7015277214153062
153.59405875205994,-3.2502517252829626,-1.7762963739119322,-3.464714132885855,-1.6894723815480832
153.64456629753113,-3.2502517252829626,-1.7762963739119322,-3.447899799455037,-1.6775027925152532
153.69502472877502,-3.2502517252829626,-1.7762963739119322,-3.4310161328276276,-1.6655431917563728
153.74553298950195,-3.2502517252829626,-1.7762963739119322,-3.4140303381137267,-1.6535705032861634
153.79605531692505,-2.982880976631907,-1.6308731288263243,-3.39695459666568,-1.6415935774627888
153.84658646583557,-2.982880976631907,-1.6308731288263243,-3.3797909425297283,-1.629614032320565
153.8977494239807,-2.982880976631907,-1.6308731288263243,-3.362326475695066,-1.617484547908339
153.94875812530518,-2.982880976631907,-1.6308731288263243,-3.344828644234175,-1.6053918637365436
153.99926853179932,-2.982880976631907,-1.6308731288263243,-3.3274174398511676,-1.5934179146874123
154.050302028656,-2.982880976631907,-1.6308731288263243,-3.3097410587205034,-1.5813209535134194
154.1010036468506,-2.982880976631907,-1.6308731288263243,-3.292095493494795,-1.5693040250944716
154.15171003341675,-2.982880976631907,-1.6308731288263243,-3.2743647320029377,-1.5572877030665588
154.20212960243225,-2.982880976631907,-1.6308731288263243,-3.256651765254168,-1.5453414437097994
154.25277376174927,-2.982880976631907,-1.6308731288263243,-3.2387774210266023,-1.5333444435275347
154.3049237728119,-2.982880976631907,-1.6308731288263243,-3.220285578864733,-1.5209937074159328
154.35551071166992,-2.982880976631907,-1.6308731288263243,-3.2022649393378253,-1.5090164268214528
154.40802097320557,-2.982880976631907,-1.6308731288263243,-3.1834730198708425,-1.4965875763619434
154.4584219455719,-2.982880976631907,-1.6308731288263243,-3.1653537868785495,-1.484662008273165
154.50906085968018,-2.7061161044544275,-1.484765458534421,-3.1470683124082655,-1.4726844847409934
154.55955696105957,-2.7061161044544275,-1.484765458534421,-3.128754208057404,-1.4607454434432585
154.61001873016357,-2.7061161044544275,-1.484765458534421,-3.110372903222302,-1.4488195759558864
154.66048860549927,-2.7061161044544275,-1.484765458534421,-3.091909354715322,-1.4368972123573183
154.71131014823914,-2.7061161044544275,-1.484765458534421,-3.073237386789448,-1.424897619802025
154.7633900642395,-2.7061161044544275,-1.484765458534421,-3.0540204281264027,-1.4126073801975623
154.81407856941223,-2.7061161044544275,-1.484765458534421,-3.03523691049171,-1.4006521612758083
154.86509585380554,-2.7061161044544275,-1.484765458534421,-3.0162522705687005,-1.3886264089205738
154.9159915447235,-2.7061161044544275,-1.484765458534421,-2.997233992325323,-1.3766366966725538
154.96759867668152,-2.7061161044544275,-1.484765458534421,-2.977869802724407,-1.3644872899940692
155.0190179347992,-2.7061161044544275,-1.484765458534421,-2.958496315103546,-1.352390405751335
155.06970739364624,-2.7061161044544275,-1.484765458534421,-2.939320220134578,-1.340473685145584
155.1219277381897,-2.7061161044544275,-1.484765458534421,-2.9194848360395955,-1.3282062435497863
155.1724317073822,-2.4168448333262806,-1.336133373331498,-2.9002244139035724,-1.3163512360453162
155.2269310951233,-2.4168448333262806,-1.336133373331498,-2.879355800340345,-1.3035689608702863
155.27811980247498,-2.4168448333262806,-1.336133373331498,-2.859675443720547,-1.2915735748844224
155.3287591934204,-2.4168448333262806,-1.336133373331498,-2.840130951207863,-1.2797171983752453
155.3803689479828,-2.4168448333262806,-1.336133373331498,-2.8201352539169777,-1.2676445221049852
155.4310336112976,-2.4168448333262806,-1.336133373331498,-2.8004308155079913,-1.255803982839733
155.4820749759674,-2.4168448333262806,-1.336133373331498,-2.780505225107822,-1.243886847981923
155.53260946273804,-2.4168448333262806,-1.336133373331498,-2.7607040945524624,-1.2320997261420215
155.58370852470398,-2.4168448333262806,-1.336133373331498,-2.7406078680245325,-1.2201930804100898
155.63443660736084,-2.4168448333262806,-1.336133373331498,-2.7205844615611094,-1.2083853293007565
155.684912443161,-2.4168448333262806,-1.336133373331498,-2.7005887502952914,-1.1966489570712828
155.7358832359314,-2.4168448333262806,-1.336133373331498,-2.6803246190159022,-1.1848106723610345
155.78839349746704,-2.4168448333262806,-1.336133373331498,-2.6593728582819978,-1.1726290528534637
155.8395335674286,-2.4168448333262806,-1.336133373331498,-2.6388944936198397,-1.1607795316002516
155.89007115364075,-2.4168448333262806,-1.336133373331498,-2.618586727285971,-1.1490837608042344
155.94146060943604,-2.1360076891516933,-1.2089897494728237,-2.5978650451848373,-1.1372056242472297
155.99196076393127,-2.1360076891516933,-1.2089897494728237,-2.577432028200202,-1.1255479061051474
156.0431079864502,-2.1360076891516933,-1.2089897494728237,-2.556666966666623,-1.113756186562989
156.0936758518219,-2.1360076891516933,-1.2089897494728237,-2.5360680496121346,-1.1021135860107683
156.14408922195435,-2.1360076891516933,-1.2089897494728237,-2.5154641218801252,-1.090522287306349
156.19492983818054,-2.1360076891516933,-1.2089897494728237,-2.4946172930749344,-1.078849002934711
156.2454960346222,-2.1360076891516933,-1.2089897494728237,-2.473815388474767,-1.0672552515387896
156.29664826393127,-2.1360076891516933,-1.2089897494728237,-2.4527042388177875,-1.055544247509212
156.34749817848206,-2.1360076891516933,-1.2089897494728237,-2.4316503396976166,-1.0439198577059368
156.39803218841553,-2.1360076891516933,-1.2089897494728237,-2.4106609726631114,-1.032385209584337
156.4487099647522,-2.1360076891516933,-1.2089897494728237,-2.3895459795765657,-1.0208356267244796
156.49972891807556,-2.1360076891516933,-1.2089897494728237,-2.3682225958361265,-1.0092267146841518
156.55069303512573,-2.1360076891516933,-1.2089897494728237,-2.3468562166312044,-0.9976490769715554
156.60163712501526,-2.1360076891516933,-1.2089897494728237,-2.325432835201589,-0.9860951025317788
156.65283846855164,-1.842411064329827,-1.0723792733334974,-2.3038358370598297,-0.9745023783458842
156.70473384857178,-1.842411064329827,-1.0723792733334974,-2.2818796136917343,-0.962772907950515
156.75576734542847,-1.842411064329827,-1.0723792733334974,-2.2602232307124805,-0.9512586051064318
156.8066599369049,-1.842411064329827,-1.0723792733334974,-2.23856309104374,-0.9397965380473128
156.85890460014343,-1.842411064329827,-1.0723792733334974,-2.2162619601975004,-0.9280515407961962
156.90941762924194,-1.842411064329827,-1.0723792733334974,-2.194637311323077,-0.9167169526613081
156.95996737480164,-1.842411064329827,-1.0723792733334974,-2.172935698893467,-0.9053952422446949
157.01057243347168,-1.842411064329827,-1.0723792733334974,-2.1511494178379147,-0.8940826233228276
157.06100392341614,-1.842411064329827,-1.0723792733334974,-2.129377664202947,-0.8828305049369032
157.11173915863037,-1.842411064329827,-1.0723792733334974,-2.1074145945493994,-0.8715327942845867
157.162278175354,-1.842411064329827,-1.0723792733334974,-2.085476900991467,-0.8603012113021968
157.213063955307,-1.842411064329827,-1.0723792733334974,-2.063372663428159,-0.849037662100971
157.26435565948486,-1.842411064329827,-1.0723792733334974,-2.0409882245165774,-0.8376855034822324
157.31551051139832,-1.842411064329827,-1.0723792733334974,-2.0186039249092786,-0.8263875777790357
157.3681230545044,-1.5123445402983207,-0.9183689822179337,-1.9955201961314113,-0.8147929949450168
157.41892457008362,-1.5123445402983207,-0.9183689822179337,-1.9731722835777106,-0.8036221773827004
157.46992230415344,-1.5123445402983207,-0.9183689822179337,-1.9506804524075343,-0.7924328987810552
157.5207302570343,-1.5123445402983207,-0.9183689822179337,-1.928215401973845,-0.7813101689054598
157.5723578929901,-1.5123445402983207,-0.9183689822179337,-1.905330213266014,-0.7700337855309378
157.62306547164917,-1.5123445402983207,-0.9183689822179337,-1.882796712712254,-0.7589839769566469
157.67493796348572,-1.5123445402983207,-0.9183689822179337,-1.859688464055011,-0.7477069109166412
157.72567868232727,-1.5123445402983207,-0.9183689822179337,-1.837029027032033,-0.7367022238459127
157.77691435813904,-1.5123445402983207,-0.9183689822179337,-1.8140934772834407,-0.7256169266463668
157.82796716690063,-1.5123445402983207,-0.9183689822179337,-1.7911852241530566,-0.7145982266553568
157.87871265411377,-1.5123445402983207,-0.9183689822179337,-1.7683613788239587,-0.7036729014522622
157.93036222457886,-1.5123445402983207,-0.9183689822179337,-1.7450766353682803,-0.6925809308908826
157.98101162910461,-1.5123445402983207,-0.9183689822179337,-1.7221901085767866,-0.681731486045865
158.03172063827515,-1.5123445402983207,-0.9183689822179337,-1.6992248765681026,-0.6708970857472751
158.08231043815613,-1.1589652244264796,-0.7929637313560285,-1.6762624937241286,-0.6601161809554514
158.13341975212097,-1.1589652244264796,-0.7929637313560285,-1.6530129301083076,-0.6492532891953511
158.1850197315216,-1.1589652244264796,-0.7929637313560285,-1.6294882836447058,-0.638315702572366
158.23608684539795,-1.1589652244264796,-0.7929637313560285,-1.6061557529627664,-0.6275206424730415
158.28684544563293,-1.1589652244264796,-0.7929637313560285,-1.5829145793857067,-0.6168202496063495
158.3390073776245,-1.1589652244264796,-0.7929637313560285,-1.5589798499959202,-0.6058549169792946
158.38983273506165,-1.1589652244264796,-0.7929637313560285,-1.5356091918661268,-0.5952009749343405
158.44051432609558,-1.1589652244264796,-0.7929637313560285,-1.5122567629194301,-0.5846073559240601
158.49144005775452,-1.1589652244264796,-0.7929637313560285,-1.4887441852733319,-0.5739933553876759
158.54229021072388,-1.1589652244264796,-0.7929637313560285,-1.465219338737799,-0.5634260475995512
158.59318661689758,-1.1589652244264796,-0.7929637313560285,-1.4416264043882365,-0.5528803724566091
158.64383149147034,-1.1589652244264796,-0.7929637313560285,-1.418104202283137,-0.5424181227753984
158.69431972503662,-1.1589652244264796,-0.7929637313560285,-1.3946097106140556,-0.532019594979936
158.74500393867493,-1.1589652244264796,-0.7929637313560285,-1.3709792857414569,-0.5216124762092069
158.79544639587402,-0.8203413348059948,-0.6759723966529301,-1.3474175713090948,-0.5112868778231436
158.846373796463,-0.8203413348059948,-0.6759723966529301,-1.3235853128772803,-0.5008945504582387
158.89710116386414,-0.8203413348059948,-0.6759723966529301,-1.2998031937193422,-0.4905758183154587
158.94815182685852,-0.8203413348059948,-0.6759723966529301,-1.2758262217362724,-0.4802246231376155
158.9994170665741,-0.8203413348059948,-0.6759723966529301,-1.2517052953077057,-0.46986381362915086
159.0500030517578,-0.8203413348059948,-0.6759723966529301,-1.2278620715543194,-0.45967384602655503
159.10060715675354,-0.8203413348059948,-0.6759723966529301,-1.203969179608801,-0.44951385190180604
159.15202450752258,-0.8203413348059948,-0.6759723966529301,-1.1796507037546173,-0.4392252950584785
159.2027394771576,-0.8203413348059948,-0.6759723966529301,-1.1556238639665446,-0.42911182954564
159.25317072868347,-0.8203413348059948,-0.6759723966529301,-1.1316920040979805,-0.4190892239016599
159.30398654937744,-0.8203413348059948,-0.6759723966529301,-1.1075383898184508,-0.40902502745310043
159.35484218597412,-0.8203413348059948,-0.6759723966529301,-1.083326915880038,-0.3989882168594798
159.40607953071594,-0.8203413348059948,-0.6759723966529301,-1.0588948584283266,-0.38891201951156384
159.4567630290985,-0.8203413348059948,-0.6759723966529301,-1.0346890478976793,-0.37898049635352615
159.50720953941345,-0.4616913216652388,-0.5361192386053594,-1.0105595573559392,-0.3691309769462956
159.55848932266235,-0.4616913216652388,-0.5361192386053594,-0.985994335430378,-0.35915538651920453
159.60895323753357,-0.4616913216652388,-0.5361192386053594,-0.9617838956489752,-0.3493748061329782
159.65972924232483,-0.4616913216652388,-0.5361192386053594,-0.9373881568120094,-0.3395703291388674
159.7102129459381,-0.4616913216652388,-0.5361192386053594,-0.9130980038123027,-0.3298589260451341
159.76065850257874,-0.4616913216652388,-0.5361192386053594,-0.8887920125903019,-0.3201915897012464
159.81112575531006,-0.4616913216652388,-0.5361192386053594,-0.8644418861098577,-0.31055707483149897
159.8618175983429,-0.4616913216652388,-0.5361192386053594,-0.8399500078430775,-0.30091716010121505
159.91252827644348,-0.4616913216652388,-0.5361192386053594,-0.8154160771961678,-0.2913114843137712
159.9636311531067,-0.4616913216652388,-0.5361192386053594,-0.7906595970097047,-0.28167002852770473
160.0151116847992,-0.4616913216652388,-0.5361192386053594,-0.7656874193237111,-0.2719966562906522
160.06557297706604,-0.4616913216652388,-0.5361192386053594,-0.7411782950062322,-0.2625533552998669
160.1162393093109,-0.4616913216652388,-0.5361192386053594,-0.7165388810165334,-0.2531103176971068
160.16676211357117,-0.4616913216652388,-0.5361192386053594,-0.6919391629183624,-0.24373280959806864
160.21740317344666,-0.08752627266794423,-0.40974181186343317,-0.6672522329989901,-0.23437244221534836
160.2684841156006,-0.08752627266794423,-0.40974181186343317,-0.6423213535171263,-0.22497064726400673
160.3231749534607,-0.08752627266794423,-0.40974181186343317,-0.615596372685026,-0.21494908713792604
160.37402987480164,-0.08752627266794423,-0.40974181186343317,-0.5907165043319593,-0.20567210349133225
160.42502617835999,-0.08752627266794423,-0.40974181186343317,-0.565739646980729,-0.19640989699463418
160.475519657135,-0.08752627266794423,-0.40974181186343317,-0.5409821535901399,-0.18727926370859072
160.52592158317566,-0.08752627266794423,-0.40974181186343317,-0.5162433820281286,-0.17820534303870073
160.57641458511353,-0.08752627266794423,-0.40974181186343317,-0.4914342280442827,-0.16915547147488486
160.6305956840515,-0.08752627266794423,-0.40974181186343317,-0.46478499373537774,-0.1594898511750027
160.68186473846436,-0.08752627266794423,-0.40974181186343317,-0.43954198019578117,-0.15038711055864518
160.7323808670044,-0.08752627266794423,-0.40974181186343317,-0.4146454327556123,-0.1414595332985309
160.7828311920166,-0.08752627266794423,-0.40974181186343317,-0.3897578367123591,-0.13258489064912293
160.8333933353424,-0.08752627266794423,-0.40974181186343317,-0.36479207856622975,-0.12373220186311107
160.88413619995117,-0.08752627266794423,-0.40974181186343317,-0.33971448279959526,-0.11488997265917966
160.93585562705994,0.2665828306885073,-0.30890123260822583,-0.3141315271767371,-0.1059211878286912
160.98677349090576,0.2665828306885073,-0.30890123260822583,-0.28892320729794585,-0.09713462706129983
161.03731608390808,0.2665828306885073,-0.30890123260822583,-0.26387978140340085,-0.08845544083774382
161.08798551559448,0.2665828306885073,-0.30890123260822583,-0.23875316184333517,-0.07979729342088593
161.13979983329773,0.2665828306885073,-0.30890123260822583,-0.21303830689304193,-0.07098805788014717
161.19264340400696,0.2665828306885073,-0.30890123260822583,-0.1867919070637355,-0.0620504434970961
161.24322772026062,0.2665828306885073,-0.30890123260822583,-0.16164859190337222,-0.053539240838283764
161.2941222190857,0.2665828306885073,-0.30890123260822583,-0.13633286248509568,-0.04501977321518558
161.3449251651764,0.2665828306885073,-0.30890123260822583,-0.11104498840017973,-0.036559765379327036
161.39554238319397,0.2665828306885073,-0.30890123260822583,-0.08583254617861769,-0.0281747294305581
161.447172164917,0.2665828306885073,-0.30890123260822583,-0.06009882110054021,-0.01966744176521429
161.498193025589,0.2665828306885073,-0.30890123260822583,-0.034652379086696716,-0.011305806821578113
161.55011177062988,0.2665828306885073,-0.30890123260822583,-0.008742157157912045,-0.002843461038781303
161.60100150108337,0.2665828306885073,-0.30890123260822583,0.01666958534223839,0.005405513310259735
161.65232396125793,0.602827856073203,-0.2060176228616534,0.04231192766157865,0.013678672507751788
161.70395517349243,0.602827856073203,-0.2060176228616534,0.06812265799390327,0.02195484465802311
161.75650906562805,0.602827856073203,-0.2060176228616534,0.09440858218907267,0.030330561202450035
161.8076069355011,0.602827856073203,-0.2060176228616534,0.11997914310521018,0.03842726615205194
161.8585867881775,0.602827856073203,-0.2060176228616534,0.14550274020495735,0.04645895238649933
161.90955066680908,0.602827856073203,-0.2060176228616534,0.17102984442573932,0.054441704439648575
161.96071767807007,0.602827856073203,-0.2060176228616534,0.19666969224240638,0.062409412491150285
162.01141357421875,0.602827856073203,-0.2060176228616534,0.22208376398573426,0.0702572807778834
162.0623264312744,0.602827856073203,-0.2060176228616534,0.2476163492066058,0.078092007124821
162.11374473571777,0.602827856073203,-0.2060176228616534,0.27341175137094076,0.08595681776330677
162.16515159606934,0.602827856073203,-0.2060176228616534,0.29921020695907374,0.09377179329857732
162.2161672115326,0.602827856073203,-0.2060176228616534,0.32482043081061285,0.10147959440147147
162.26833319664001,0.8897596384563825,-0.11374731320921791,0.3510159068192743,0.10931189937961205
162.31968426704407,0.8897596384563825,-0.11374731320921791,0.37680923662326404,0.11697299734200772
162.37063193321228,0.8897596384563825,-0.11374731320921791,0.4024062873724841,0.12452585222485357
162.42241644859314,0.8897596384563825,-0.11374731320921791,0.42842967388266495,0.13215355245881577
162.4730474948883,0.8897596384563825,-0.11374731320921791,0.4538785678570143,0.13956322623072914
162.52363467216492,0.8897596384563825,-0.11374731320921791,0.4793099424738888,0.14691881069960866
162.5746955871582,0.8897596384563825,-0.11374731320921791,0.5049834961329216,0.15429481017670987
162.62536907196045,0.8897596384563825,-0.11374731320921791,0.5304656723297256,0.16156655642419926
162.67751717567444,0.8897596384563825,-0.11374731320921791,0.5566923522442162,0.16899953928639455
162.72860407829285,0.8897596384563825,-0.11374731320921791,0.5823876499576326,0.17623156888377034
162.77904319763184,0.8897596384563825,-0.11374731320921791,0.6077588159409737,0.18332350458792623
162.82964396476746,0.8897596384563825,-0.11374731320921791,0.6332124092019301,0.1903897179501337
162.88233351707458,0.8897596384563825,-0.11374731320921791,0.6597173008811452,0.1976959035290755
162.93280005455017,0.8897596384563825,-0.11374731320921791,0.6851039037477638,0.20464422618192835
162.98559284210205,1.247190883235913,-0.02524410512680851,0.7116600538426827,0.2118607406067472
163.03667736053467,1.247190883235913,-0.02524410512680851,0.7373556752871842,0.21879290097569282
163.08752965927124,1.247190883235913,-0.02524410512680851,0.762932709383615,0.22564375300672124
163.13814496994019,1.247190883235913,-0.02524410512680851,0.7883882117346162,0.23241321624948608
163.18891716003418,1.247190883235913,-0.02524410512680851,0.8139197011445952,0.2391539615994671
163.2397530078888,1.247190883235913,-0.02524410512680851,0.8394797078111939,0.2458531662274419
163.29050540924072,1.247190883235913,-0.02524410512680851,0.8649936978524615,0.25249135364625097
163.3440043926239,1.247190883235913,-0.02524410512680851,0.8918834129336969,0.25943454191043847
163.39621567726135,1.247190883235913,-0.02524410512680851,0.9181203032633378,0.26615680778384254
163.4499156475067,1.247190883235913,-0.02524410512680851,0.945098846408144,0.273015170130841
163.50042009353638,1.247190883235913,-0.02524410512680851,0.9704654248087401,0.27941387024652453
163.55094051361084,1.247190883235913,-0.02524410512680851,0.9958330955902015,0.28576449882982713
163.60187554359436,1.247190883235913,-0.02524410512680851,1.021401362715488,0.29211641588146353
163.652606010437,1.247190883235913,-0.02524410512680851,1.0468587951281676,0.29839198627666486
163.70339179039001,1.5691902153307649,0.038337655058591116,1.072335265574107,0.30462347795711464
163.7549569606781,1.5691902153307649,0.038337655058591116,1.0981931985440028,0.3108983692763698
163.8059275150299,1.5691902153307649,0.038337655058591116,1.1237429472619223,0.3170490769446639
163.85665130615234,1.5691902153307649,0.038337655058591116,1.1491585479944388,0.3231187569797078
163.90748190879822,1.5691902153307649,0.038337655058591116,1.174616631117491,0.3291498344299262
163.95967555046082,1.5691902153307649,0.038337655058591116,1.2007452812050867,0.3352890128554038
164.01058959960938,1.5691902153307649,0.038337655058591116,1.2262209523479823,0.3412252349199685
164.06145787239075,1.5691902153307649,0.038337655058591116,1.2516609049680296,0.34710430240401857
164.1119294166565,1.5691902153307649,0.038337655058591116,1.2768892215070324,0.35288624125836643
164.16267085075378,1.5691902153307649,0.038337655058591116,1.3022385928742113,0.3586475260541335
164.21341347694397,1.5691902153307649,0.038337655058591116,1.327574101515002,0.3643571509470762
164.26427936553955,1.5691902153307649,0.038337655058591116,1.3529560691397926,0.37002857850327775
164.32785964012146,1.5691902153307649,0.038337655058591116,1.3846603732917326,0.37704420380325976
164.37855434417725,1.5691902153307649,0.038337655058591116,1.4099209843729938,0.38257944659638854
164.4307894706726,1.9248993667367897,0.11403715973758581,1.4359315317159251,0.38822845640767634
164.48173332214355,1.9248993667367897,0.11403715973758581,1.4612812532505086,0.39368453327477315
164.53267407417297,1.9248993667367897,0.11403715973758581,1.4866112412620045,0.3990875901417872
164.58354926109314,1.9248993667367897,0.11403715973758581,1.5118898960641338,0.4044310380969076
164.6341667175293,1.9248993667367897,0.11403715973758581,1.5370213439399356,0.4096951276468421
164.68462777137756,1.9248993667367897,0.11403715973758581,1.562055565009106,0.4148909726088936
164.73551511764526,1.9248993667367897,0.11403715973758581,1.5872809130137246,0.42007809035687327
164.78751134872437,1.9248993667367897,0.11403715973758581,1.613034230351529,0.4253235937697042
164.83837962150574,1.9248993667367897,0.11403715973758581,1.6382070543697456,0.43040179395539147
164.88936042785645,1.9248993667367897,0.11403715973758581,1.6634133305098553,0.4354380690256674
164.9402105808258,1.9248993667367897,0.11403715973758581,1.6885322590843406,0.44040836776632775
164.99083018302917,1.9248993667367897,0.11403715973758581,1.7135141672503522,0.44530343704025244
165.04173707962036,1.9248993667367897,0.11403715973758581,1.7386140138286819,0.4501732139371737
165.09252047538757,1.9248993667367897,0.11403715973758581,1.7636285701560994,0.4549780960909713
165.14339780807495,2.2995757447007543,0.17631239141933752,1.7886643907947004,0.45973865532443847
165.19394898414612,2.2995757447007543,0.17631239141933752,1.8135143619995848,0.46441590245927467
165.2458426952362,2.2995757447007543,0.17631239141933752,1.8389974206413433,0.4691625837982527
165.2965567111969,2.2995757447007543,0.17631239141933752,1.8638742925561254,0.4737476939297549
165.3472981452942,2.2995757447007543,0.17631239141933752,1.8887374494619253,0.47828215226201776
165.39829182624817,2.2995757447007543,0.17631239141933752,1.9136962618295097,0.48278557299258873
165.44928884506226,2.2995757447007543,0.17631239141933752,1.9386281190514052,0.4872355354790927
165.49991536140442,2.2995757447007543,0.17631239141933752,1.9633499979394136,0.4915999647203324
165.5506317615509,2.2995757447007543,0.17631239141933752,1.9880863905603365,0.49591896096609256
165.60131525993347,2.2995757447007543,0.17631239141933752,2.012776798865117,0.5001819492856341
165.65192413330078,2.2995757447007543,0.17631239141933752,2.037400433470327,0.504385562716045
165.7029266357422,2.2995757447007543,0.17631239141933752,2.0621842682509826,0.5085681664361084
165.75377106666565,2.2995757447007543,0.17631239141933752,2.0868594308548825,0.5126841213908397
165.80433082580566,2.2995757447007543,0.17631239141933752,2.111364337366313,0.5167238576956055
165.85504937171936,2.6464065575754154,0.22032042142262087,2.1359134811943368,0.5207229874981381
165.9059329032898,2.6464065575754154,0.22032042142262087,2.16050898726012,0.5246814714213874
165.95647287368774,2.6464065575754154,0.22032042142262087,2.1849046597502126,0.5285600141578768
166.00732040405273,2.6464065575754154,0.22032042142262087,2.209414272055696,0.5324086280409475
166.0577414035797,2.6464065575754154,0.22032042142262087,2.233683545805362,0.5361719269630214
166.10820412635803,2.6464065575754154,0.22032042142262087,2.2579377151874582,0.5398854578340808
166.15884399414062,2.6464065575754154,0.22032042142262087,2.282241088685745,0.5435588349029601
166.2094075679779,2.6464065575754154,0.22032042142262087,2.3064713767189917,0.5471735100762123
166.25989532470703,2.6464065575754154,0.22032042142262087,2.3306284241207127,0.5507297542385894
166.31112504005432,2.6464065575754154,0.22032042142262087,2.355102219639379,0.5542841146586062
166.36162638664246,2.6464065575754154,0.22032042142262087,2.3791897811937788,0.5577345583124789
166.41219687461853,2.6464065575754154,0.22032042142262087,2.403271694909108,0.5611366203303763
166.46314024925232,2.6464065575754154,0.22032042142262087,2.4274915440889457,0.5645100416361002
166.5136377811432,2.6464065575754154,0.22032042142262087,2.4514596198980705,0.5678007289172458
166.56424736976624,2.9743157562001925,0.26401388784895236,2.4754405706822347,0.5710455739749749
166.61514258384705,2.9743157562001925,0.26401388784895236,2.4995156134418313,0.574255088383735
166.66568088531494,2.9743157562001925,0.26401388784895236,2.5233803478784673,0.5773888783336059
166.7164123058319,2.9743157562001925,0.26401388784895236,2.5472941596907104,0.5804813239426054
166.76892709732056,2.9743157562001925,0.26401388784895236,2.572003588826205,0.5836262260082745
166.81938886642456,2.9743157562001925,0.26401388784895236,2.5957033102861384,0.5865942874978551
166.86981439590454,2.9743157562001925,0.26401388784895236,2.619342672825816,0.5895074763927455
166.92047452926636,2.9743157562001925,0.26401388784895236,2.643047851582292,0.5923811509249339
166.97103118896484,2.9743157562001925,0.26401388784895236,2.666659941294232,0.5951959523603447
167.02166771888733,2.9743157562001925,0.26401388784895236,2.690264063388767,0.5979621523658127
167.0720989704132,2.9743157562001925,0.26401388784895236,2.713726929746529,0.600664398956265
167.1229362487793,2.9743157562001925,0.26401388784895236,2.737332134119221,0.6033351627425789
167.1734688282013,2.9743157562001925,0.26401388784895236,2.760748990962054,0.605936978782732
167.22429704666138,2.9743157562001925,0.26401388784895236,2.7842551705858893,0.6085008061863286
167.27467679977417,3.280281076740403,0.30850360732854454,2.8075062352005395,0.6109893872690324
167.32518935203552,3.280281076740403,0.30850360732854454,2.830770365680026,0.6134319668402806
167.3757827281952,3.280281076740403,0.30850360732854454,2.854022787635994,0.615825737946746
167.42815446853638,3.280281076740403,0.30850360732854454,2.8780403857150563,0.6182481221193048
167.47929334640503,3.280281076740403,0.30850360732854454,2.9014408468982755,0.6205590198129878
167.5298318862915,3.280281076740403,0.30850360732854454,2.9245158279069896,0.6227899664465388
167.5810170173645,3.280281076740403,0.30850360732854454,2.947834043557705,0.6249959823154061
167.63200497627258,3.280281076740403,0.30850360732854454,2.9710098792744666,0.627140048566067
167.68253326416016,3.280281076740403,0.30850360732854454,2.9939245020156924,0.6292122084236902
167.7333860397339,3.280281076740403,0.30850360732854454,3.0169332080731674,0.6312448856913031
167.78455185890198,3.280281076740403,0.30850360732854454,3.040029281921355,0.633236684226139
167.8352336883545,3.280281076740403,0.30850360732854454,3.0628526870203636,0.6351569023674752
167.88709545135498,3.280281076740403,0.30850360732854454,3.0861510617300847,0.6370675520696603
167.937655210495,3.5731160896185017,0.3471184184906906,3.108809088174058,0.6388774492724956
167.98849892616272,3.5731160896185017,0.3471184184906906,3.1315386467984476,0.6406450218781914
168.0391435623169,3.5731160896185017,0.3471184184906906,3.1541231373055454,0.6423534115581266
168.0913302898407,3.5731160896185017,0.3471184184906906,3.177336218447478,0.6440593258598128
168.14315104484558,3.5731160896185017,0.3471184184906906,3.2003266122177827,0.6456986199018502
168.19429349899292,3.5731160896185017,0.3471184184906906,3.2229570134671315,0.647263131289785
168.24489521980286,3.5731160896185017,0.3471184184906906,3.245289873257386,0.6487590384115034
168.29564595222473,3.5731160896185017,0.3471184184906906,3.2676297671791605,0.6502074114538261
168.34625267982483,3.5731160896185017,0.3471184184906906,3.289847191989665,0.6515999573867539
168.39687991142273,3.5731160896185017,0.3471184184906906,3.312014076258988,0.6529414711213004
168.44786429405212,3.5731160896185017,0.3471184184906906,3.334276635878538,0.6542403761085729
168.49847674369812,3.5731160896185017,0.3471184184906906,3.3563160289966167,0.6554782034628706
168.54895853996277,3.5731160896185017,0.3471184184906906,3.3782377201295426,0.6566617053624335
168.5996744632721,3.5731160896185017,0.3471184184906906,3.4001994223386047,0.6577993627704326
168.65011930465698,3.85511085572094,0.3652711345876576,3.4219819297399763,0.6588799865508568
168.70092034339905,3.85511085572094,0.3652711345876576,3.4438554457469572,0.6599169754455221
168.75163006782532,3.85511085572094,0.3652711345876576,3.4656262893623806,0.6609008856384424
168.8021583557129,3.85511085572094,0.3652711345876576,3.487255780219893,0.6618304747222572
168.85297656059265,3.85511085572094,0.3652711345876576,3.5089449832624684,0.6627143467004446
168.90374898910522,3.85511085572094,0.3652711345876576,3.5305496594048122,0.6635463929689052
168.9545121192932,3.85511085572094,0.3652711345876576,3.5520849366205303,0.6643273944460466
169.00517082214355,3.85511085572094,0.3652711345876576,3.573510181665828,0.6650561599853169
169.05602860450745,3.85511085572094,0.3652711345876576,3.5949530756334247,0.6657370176734037
169.10658049583435,3.85511085572094,0.3652711345876576,3.616200427874486,0.6663634718383906
169.15723943710327,3.85511085572094,0.3652711345876576,3.6374257027232697,0.6669410432249632
169.2081868648529,3.85511085572094,0.3652711345876576,3.65870363769678,0.6674713207083594
169.25861811637878,3.85511085572094,0.3652711345876576,3.6796981394386137,0.6679463773756908
169.30923891067505,3.85511085572094,0.3652711345876576,3.7007031724375947,0.6683734569358122
169.35988426208496,4.1207843894797325,0.3746873405453707,3.7216493583135177,0.6687509651919865
169.4104437828064,4.1207843894797325,0.3746873405453707,3.74249068602842,0.6690782849483674
169.46108388900757,4.1207843894797325,0.3746873405453707,3.763295284651426,0.6693566186037838
169.51186847686768,4.1207843894797325,0.3746873405453707,3.7840884558181433,0.6695861067134152
169.56246829032898,4.1207843894797325,0.3746873405453707,3.804734994822247,0.669765441596943
169.61300110816956,4.1207843894797325,0.3746873405453707,3.825283013789803,0.669895530757949
169.66348528862,4.1207843894797325,0.3746873405453707,3.8457397503283817,0.6699767132092411
169.71441388130188,4.1207843894797325,0.3746873405453707,3.8663036732878386,0.6700093338355955
169.76533842086792,4.1207843894797325,0.3746873405453707,3.8867922760947806,0.6699925952728265
169.81590509414673,4.1207843894797325,0.3746873405453707,3.9070635195691352,0.6699272691177356
169.86644887924194,4.1207843894797325,0.3746873405453707,3.927252050441869,0.6698136032450139
169.91723442077637,4.1207843894797325,0.3746873405453707,3.947462627769224,0.6696508216442147
169.967955827713,4.1207843894797325,0.3746873405453707,3.9675726605737505,0.6694397856073526
170.01879119873047,4.1207843894797325,0.3746873405453707,3.9876521826070057,0.6691798207990134
170.0695185661316,4.382292064134992,0.3827606004583412,4.007613039873382,0.6688721933455499
170.12108969688416,4.382292064134992,0.3827606004583412,4.027827606250558,0.6685102224794428
170.1728355884552,4.382292064134992,0.3827606004583412,4.048030836058214,0.6680972899768252
170.22463703155518,4.382292064134992,0.3827606004583412,4.0681751646041695,0.6676341683178157
170.27610898017883,4.382292064134992,0.3827606004583412,4.088111013279244,0.6671248476808369
170.3268220424652,4.382292064134992,0.3827606004583412,4.107674140939876,0.6665752772118614
170.3774344921112,4.382292064134992,0.3827606004583412,4.127120026400537,0.665979683442611
170.428626537323,4.382292064134992,0.3827606004583412,4.146708437085509,0.6653295444199521
170.4796130657196,4.382292064134992,0.3827606004583412,4.166137616037007,0.6646344633077452
170.53042221069336,4.382292064134992,0.3827606004583412,4.18541873659419,0.6638947476811494
170.58134174346924,4.382292064134992,0.3827606004583412,4.2046607101701765,0.6631064591266678
170.63239812850952,4.382292064134992,0.3827606004583412,4.223872494220655,0.6622690061299426
170.68299794197083,4.382292064134992,0.3827606004583412,4.242831114912762,0.661392723319552
170.73353672027588,4.382292064134992,0.3827606004583412,4.2616855783330525,0.6604716306532032
170.78484749794006,4.635856680902445,0.38052597865363774,4.280744492979149,0.6594897391062604
170.8354504108429,4.635856680902445,0.38052597865363774,4.2994575810444635,0.6584754456580808
170.88604259490967,4.635856680902445,0.38052597865363774,4.31808397204871,0.6574159191684426
170.9372889995575,4.635856680902445,0.38052597865363774,4.336866452496186,0.6562965339266542
170.98776245117188,4.635856680902445,0.38052597865363774,4.355281806628586,0.6551487934129077
171.038512468338,4.635856680902445,0.38052597865363774,4.373713759007977,0.6539496703930436
171.08922481536865,4.635856680902445,0.38052597865363774,4.392047158636777,0.6527064437153658
171.1396679878235,4.635856680902445,0.38052597865363774,4.410198659260242,0.6514253691755176
171.19022583961487,4.635856680902445,0.38052597865363774,4.428306355580357,0.6500970767401282
171.24162936210632,4.635856680902445,0.38052597865363774,4.446629188486214,0.6487012727223063
171.2921073436737,4.635856680902445,0.38052597865363774,4.4645355906032975,0.6472863371472899
171.34260845184326,4.635856680902445,0.38052597865363774,4.482363987212039,0.6458270412871538
171.3931758403778,4.635856680902445,0.38052597865363774,4.500128971578743,0.6443222025544684
171.44405245780945,4.635856680902445,0.38052597865363774,4.517914510110606,0.6427642883297675
171.494637966156,4.873013285696377,0.3655170889776948,4.535510277201187,0.6411718433943321
171.5450780391693,4.873013285696377,0.3655170889776948,4.5529676752221215,0.6395410282604084
171.5955948829651,4.873013285696377,0.3655170889776948,4.570363385841032,0.637864932613281
171.64605116844177,4.873013285696377,0.3655170889776948,4.587649675895602,0.6361482797397497
171.69666075706482,4.873013285696377,0.3655170889776948,4.6048991689882985,0.634383865979349
171.74721217155457,4.873013285696377,0.3655170889776948,4.6220391357111374,0.6325791355687125
171.79945373535156,4.873013285696377,0.3655170889776948,4.639657549990655,0.630669803795727
171.84990310668945,4.873013285696377,0.3655170889776948,4.656579866970354,0.6287834717419263
171.90052103996277,4.873013285696377,0.3655170889776948,4.673467793658447,0.6268490659072248
171.95106601715088,4.873013285696377,0.3655170889776948,4.690240102974139,0.6248758951459319
172.00286865234375,4.873013285696377,0.3655170889776948,4.707334690513068,0.6228107504332256
172.053373336792,4.873013285696377,0.3655170889776948,4.7239079361147605,0.6207557666394621
172.10394096374512,4.873013285696377,0.3655170889776948,4.74040943235145,0.6186572932442551
172.15993332862854,4.873013285696377,0.3655170889776948,4.758572823760799,0.6162861680942937
172.21052432060242,5.066868586460614,0.3428699850908178,4.7748857408463365,0.6141010422788629
172.26108765602112,5.066868586460614,0.3428699850908178,4.79109608739609,0.6118767895737924
172.3125159740448,5.066868586460614,0.3428699850908178,4.807487311854558,0.609573350531389
172.36291790008545,5.066868586460614,0.3428699850908178,4.823456671107701,0.6072758424376432
172.41341590881348,5.066868586460614,0.3428699850908178,4.839362054313213,0.6049344150679234
172.4639174938202,5.066868586460614,0.3428699850908178,4.855173677390207,0.6025534516952238
172.51472926139832,5.066868586460614,0.3428699850908178,4.870986280183764,0.6001183443858931
172.5651433467865,5.066868586460614,0.3428699850908178,4.886579459039528,0.5976633333040549
172.6162576675415,5.066868586460614,0.3428699850908178,4.902291568290485,0.595134821732958
172.6666841506958,5.066868586460614,0.3428699850908178,4.917695528905776,0.5926016785287402
172.71723794937134,5.066868586460614,0.3428699850908178,4.933041600168545,0.5900238178042656
172.7678825855255,5.066868586460614,0.3428699850908178,4.9483177249076675,0.5874030720948227
172.8185636997223,5.066868586460614,0.3428699850908178,4.963506782646171,0.5847423329545574
172.86942529678345,5.066868586460614,0.3428699850908178,4.978650944456472,0.5820340211601585
172.92010045051575,5.243311758653313,0.32512494774124,4.993640621699084,0.5792979082670033
172.97088432312012,5.243311758653313,0.32512494774124,5.008562999557882,0.5765183726809466
173.0215561389923,5.243311758653313,0.32512494774124,5.023352867119327,0.5737077306108378
173.07205414772034,5.243311758653313,0.32512494774124,5.037992699392691,0.570869950346443
173.12302994728088,5.243311758653313,0.32512494774124,5.05267015618249,0.5679683147680035
173.17383551597595,5.243311758653313,0.32512494774124,5.067197395916027,0.5650396097969534
173.224613904953,5.243311758653313,0.32512494774124,5.081615571057373,0.5620760388437553
173.27544474601746,5.243311758653313,0.32512494774124,5.095946878402723,0.5590731640933062
173.3260669708252,5.243311758653313,0.32512494774124,5.11011784660254,0.5560468117842479
173.37657380104065,5.243311758653313,0.32512494774124,5.1241552159333255,0.5529919882022596
173.4272906780243,5.243311758653313,0.32512494774124,5.138148823144089,0.5498891484409976
173.4778814315796,5.243311758653313,0.32512494774124,5.152005334731159,0.5467590108424001
173.52847504615784,5.243311758653313,0.32512494774124,5.165760129817896,0.5435939631304718
173.57960271835327,5.243311758653313,0.32512494774124,5.1795556601649855,0.5403604657631398
173.63013172149658,5.409153748413484,0.30622388468274253,5.193086165489754,0.5371304668413455
173.68090653419495,5.409153748413484,0.30622388468274253,5.20657854323882,0.5338505900035502
173.731614112854,5.409153748413484,0.30622388468274253,5.2199487448006305,0.5305411230881534
173.78222632408142,5.409153748413484,0.30622388468274253,5.233189541767036,0.5272043124011687
173.83284878730774,5.409153748413484,0.30622388468274253,5.246328519666926,0.5238335270780821
173.88358449935913,5.409153748413484,0.30622388468274253,5.259391720946137,0.5204220368839931
173.93415307998657,5.409153748413484,0.30622388468274253,5.272306818171078,0.5169889975711695
173.98468255996704,5.409153748413484,0.30622388468274253,5.285106851987921,0.5135261680667953
174.03582429885864,5.409153748413484,0.30622388468274253,5.297954724693145,0.5099886126298581
174.0872461795807,5.409153748413484,0.30622388468274253,5.3107638757617615,0.5063987063737017
174.13894152641296,5.409153748413484,0.30622388468274253,5.323530565046008,0.5027566504973182
174.1896572113037,5.409153748413484,0.30622388468274253,5.335947274189976,0.49915166704590863
174.24033999443054,5.409153748413484,0.30622388468274253,5.34824873073816,0.4955176714140239
174.29089999198914,5.409153748413484,0.30622388468274253,5.360413325642254,0.49186151053244065
174.34133505821228,5.557283907622361,0.2705532882390161,5.372441046457219,0.48818382409546857
174.3922553062439,5.557283907622361,0.2705532882390161,5.384475961217404,0.48444005688563463
174.44273781776428,5.557283907622361,0.2705532882390161,5.39629950951694,0.480698281917852
174.49312138557434,5.557283907622361,0.2705532882390161,5.4079924832795365,0.4769341282154107
174.54341888427734,5.557283907622361,0.2705532882390161,5.419558191864227,0.4731470564646867
174.5941116809845,5.557283907622361,0.2705532882390161,5.431106061519278,0.4693008148695348
174.64472198486328,5.557283907622361,0.2705532882390161,5.442525975054045,0.4654316477989253
174.6957585811615,5.557283907622361,0.2705532882390161,5.453931350981334,0.46150063096377514
174.74693965911865,5.557283907622361,0.2705532882390161,5.465257078688822,0.45752925319930593
174.79843258857727,5.557283907622361,0.2705532882390161,5.476538421205214,0.453504415916813
174.84910893440247,5.557283907622361,0.2705532882390161,5.487529550969959,0.4495150242078305
174.9000358581543,5.557283907622361,0.2705532882390161,5.498463525377929,0.44547781826976973
174.95068907737732,5.557283907622361,0.2705532882390161,5.509227601821768,0.4414346527025048
175.00135111808777,5.557283907622361,0.2705532882390161,5.51988243738736,0.4373634664420605
175.05193781852722,5.6709209795856514,0.22800579668467136,5.530410302077375,0.43327134978061665
175.10259079933167,5.6709209795856514,0.22800579668467136,5.540840452939985,0.4291471284172289
175.1530544757843,5.6709209795856514,0.22800579668467136,5.551120425241362,0.42501198347026437
175.2040410041809,5.6709209795856514,0.22800579668467136,5.5613939435338375,0.42080757608355257
175.25918531417847,5.6709209795856514,0.22800579668467136,5.572377139475374,0.4162307486507806
175.30975890159607,5.6709209795856514,0.22800579668467136,5.582332703241647,0.4120065694676385
175.36036157608032,5.6709209795856514,0.22800579668467136,5.592181454172879,0.40775467113293007
175.41112160682678,5.6709209795856514,0.22800579668467136,5.601947503330036,0.4034644170239977
175.46153497695923,5.6709209795856514,0.22800579668467136,5.611534286185476,0.3991788264435505
175.51265382766724,5.6709209795856514,0.22800579668467136,5.621140447125132,0.39480848000705193
175.56352829933167,5.6709209795856514,0.22800579668467136,5.630585710334687,0.39043453634119984
175.61399054527283,5.6709209795856514,0.22800579668467136,5.639840911789312,0.3860721824004282
175.66482162475586,5.6709209795856514,0.22800579668467136,5.649049232524096,0.3816542141650916
175.71581029891968,5.6709209795856514,0.22800579668467136,5.658170404649951,0.3771989114751185
175.7670919895172,5.768717151267166,0.19209096522240982,5.667226897469481,0.3726944222166002
175.81938648223877,5.768717151267166,0.19209096522240982,5.6763410961129255,0.3680769225215521
175.87045121192932,5.768717151267166,0.19209096522240982,5.685122687059702,0.36354487686834913
175.92162704467773,5.768717151267166,0.19209096522240982,5.693805921318402,0.3589803391793327
175.97263360023499,5.768717151267166,0.19209096522240982,5.702343219592898,0.35440865268470034
176.0232434272766,5.768717151267166,0.19209096522240982,5.710698256798478,0.34985086547265554
176.07382583618164,5.768717151267166,0.19209096522240982,5.718933260102551,0.3452742811736539
176.12447309494019,5.768717151267166,0.19209096522240982,5.727062930084112,0.34067081937951316
176.1752004623413,5.768717151267166,0.19209096522240982,5.735089027352938,0.3360392961644796
176.22573065757751,5.768717151267166,0.19209096522240982,5.742967896057751,0.33140539214761744
176.27665662765503,5.768717151267166,0.19209096522240982,5.750791118971694,0.32671490686839777
176.33046221733093,5.768717151267166,0.19209096522240982,5.758928507792857,0.3217374023417491
176.38158655166626,5.768717151267166,0.19209096522240982,5.76653815753718,0.3169875071429412
176.43215608596802,5.768717151267166,0.19209096522240982,5.773947867328091,0.3122698753370744
176.48260259628296,5.851013389243634,0.1536269266961794,5.781223083820878,0.3075449083763869
176.53321146965027,5.851013389243634,0.1536269266961794,5.788404658063638,0.30278614995370257
176.5840654373169,5.851013389243634,0.1536269266961794,5.7955027439870825,0.2979858956637892
176.63484597206116,5.851013389243634,0.1536269266961794,5.8024721163733535,0.29317441989286364
176.6861128807068,5.851013389243634,0.1536269266961794,5.809387989589893,0.28829876585194014
176.7369384765625,5.851013389243634,0.1536269266961794,5.816124898137485,0.2834474410933048
176.78749799728394,5.851013389243634,0.1536269266961794,5.822708397296596,0.2786043879827296
176.83815264701843,5.851013389243634,0.1536269266961794,5.829185965050582,0.2737353951202999
176.88874578475952,5.851013389243634,0.1536269266961794,5.835537301511682,0.2688558033651214
176.9395477771759,5.851013389243634,0.1536269266961794,5.841795680528961,0.26393976807213715
176.9901943206787,5.851013389243634,0.1536269266961794,5.847915888634816,0.2590228202734879
177.04087615013123,5.851013389243634,0.1536269266961794,5.853921254305324,0.2540868036946189
177.09210586547852,5.851013389243634,0.1536269266961794,5.859870309238589,0.24908183475116985
177.14270734786987,5.851013389243634,0.1536269266961794,5.865626622173487,0.24412315992141598
177.19326615333557,5.908669352107039,0.10390086735854208,5.8712590464996754,0.23915400216649163
177.24395060539246,5.908669352107039,0.10390086735854208,5.876785908693354,0.2341580872320581
177.2944266796112,5.908669352107039,0.10390086735854208,5.88217094907554,0.22916867905224303
177.34528970718384,5.908669352107039,0.10390086735854208,5.887476920097283,0.224127164548255
177.39615726470947,5.908669352107039,0.10390086735854208,5.892662411429909,0.21907159942458398
177.44679999351501,5.908669352107039,0.10390086735854208,5.8977047050361895,0.21402517621926753
177.4974353313446,5.908669352107039,0.10390086735854208,5.902626158693852,0.20896662686411005
177.54850578308105,5.908669352107039,0.10390086735854208,5.907468138033939,0.20385189415151916
177.59921860694885,5.908669352107039,0.10390086735854208,5.912155092938066,0.19876065447225166
177.64987707138062,5.908669352107039,0.10390086735854208,5.9167164154382395,0.1936629222574205
177.70140266418457,5.908669352107039,0.10390086735854208,5.921232047957275,0.18846599945444148
177.7523536682129,5.908669352107039,0.10390086735854208,5.9255744806140385,0.1833155157373315
177.80291533470154,5.908669352107039,0.10390086735854208,5.9297628706972425,0.17819338290270648
177.85337352752686,5.908669352107039,0.10390086735854208,5.933822564199879,0.17307111122529178
177.90402841567993,5.936698284006435,0.054333102551582586,5.937777283299737,0.167918509821682
177.95453715324402,5.936698284006435,0.054333102551582586,5.941599988539394,0.1627707471742752
178.00611853599548,5.936698284006435,0.054333102551582586,5.945379490361484,0.15750365001070393
178.0567774772644,5.936698284006435,0.054333102551582586,5.948968973367391,0.1523212147944557
178.10742783546448,5.936698284006435,0.054333102551582586,5.952436469831543,0.14713053002794785
178.15784001350403,5.936698284006435,0.054333102551582586,5.95576706666388,0.14195550201102036
178.20863103866577,5.936698284006435,0.054333102551582586,5.959000945047068,0.13673306730940804
178.25941276550293,5.936698284006435,0.054333102551582586,5.962111985332747,0.13150335819477343
178.31055307388306,5.936698284006435,0.054333102551582586,5.965121386509552,0.12622872436395494
178.36103320121765,5.936698284006435,0.054333102551582586,5.967970218445454,0.12101462709017488
178.41157722473145,5.936698284006435,0.054333102551582586,5.970701430366068,0.1157867234496093
178.46215534210205,5.936698284006435,0.054333102551582586,5.973312995363306,0.11054838807538575
178.51278352737427,5.936698284006435,0.054333102551582586,5.975805373724988,0.10529826348822252
178.56464099884033,5.936698284006435,0.054333102551582586,5.978231902462977,0.09991414173975571
178.61559391021729,5.936698284006435,0.054333102551582586,5.980491492085158,0.09461783435281756
178.66656851768494,5.946272410260607,0.010347901431006458,5.982628394654591,0.08931354319027826
178.7170433998108,5.946272410260607,0.010347901431006458,5.984622435637789,0.08405592259416833
178.76793789863586,5.946272410260607,0.010347901431006458,5.986510177459544,0.0787495423829867
178.81878304481506,5.946272410260607,0.010347901431006458,5.9882728386393556,0.0734435626261562
178.869868516922,5.946272410260607,0.010347901431006458,5.989919724146251,0.06810804991804864
178.92064762115479,5.946272410260607,0.010347901431006458,5.991433411329585,0.06280043188679013
178.9713273048401,5.946272410260607,0.010347901431006458,5.992821509309232,0.05749944537767168
179.02191758155823,5.946272410260607,0.010347901431006458,5.994084944558528,0.05220438056872086
179.0732340812683,5.946272410260607,0.010347901431006458,5.9952417382266665,0.04683012836423847
179.12377619743347,5.946272410260607,0.010347901431006458,5.996258211372537,0.04153416728243069
179.1746277809143,5.946272410260607,0.010347901431006458,5.997157832036716,0.036203287086663094
179.22511672973633,5.946272410260607,0.010347901431006458,5.99792888180688,0.03090826580039889
179.27544474601746,5.946272410260607,0.010347901431006458,5.998576318936397,0.02562829664647155
179.32625770568848,5.946272410260607,0.010347901431006458,5.99910726381206,0.02029591962009268
179.3769633769989,5.938524425602696,-0.0362100771795546,5.999514146295677,0.014973585452994865
179.42763090133667,5.938524425602696,-0.0362100771795546,5.999798040264247,0.009654360254906437
179.47821950912476,5.938524425602696,-0.0362100771795546,5.999959135535626,0.004342844260867489
