t,x_real,y_real,x_desejado,y_desejado
3.814697265625e-06,6.302443736557619,0.0001803603194516446,5.999999999999652,-4.005432128906025e-07
1.4274260997772217,6.036522307153773,0.00014335900841206048,5.951403624512686,-0.1486967352392768
1.479938268661499,6.036522307153773,0.00014335900841206048,5.9477684036876575,-0.1540752266915683
1.5373740196228027,6.036522307153773,0.00014335900841206048,5.943643004421331,-0.15994663402400644
1.5899765491485596,6.036522307153773,0.00014335900841206048,5.939727977683361,-0.16531315782148404
1.642967939376831,6.036522307153773,0.00014335900841206048,5.935651886798146,-0.17070854330996654
1.6936736106872559,6.036522307153773,0.00014335900841206048,5.931627556763466,-0.17586071873134984
1.7441811561584473,6.036522307153773,0.00014335900841206048,5.9274984347922866,-0.18098225214913283
1.7946772575378418,6.036522307153773,0.00014335900841206048,5.923250105030558,-0.1860918298678284
1.845186471939087,6.036522307153773,0.00014335900841206048,5.918880594510223,-0.19119162807063883
1.8956518173217773,5.906922347859579,-0.00711437809076362,5.914395044020578,-0.19627559623097846
1.9462971687316895,5.906922347859579,-0.00711437809076362,5.909773174367842,-0.20136593299457134
1.9967210292816162,5.906922347859579,-0.00711437809076362,5.905051880970767,-0.2064219918851804
2.0474941730499268,5.906922347859579,-0.00711437809076362,5.9001773767392205,-0.2115006499232603
2.0979347229003906,5.906922347859579,-0.00711437809076362,5.895215179472205,-0.21653338864484434
2.1484265327453613,5.906922347859579,-0.00711437809076362,5.890128642559467,-0.22155830734503734
2.1989665031433105,5.906922347859579,-0.00711437809076362,5.884917844335777,-0.2265747539338599
2.249800682067871,5.906922347859579,-0.00711437809076362,5.879556323566275,-0.23160670675860173
2.3004581928253174,5.906922347859579,-0.00711437809076362,5.874093452016468,-0.23660719966814897
2.3519113063812256,5.906922347859579,-0.00711437809076362,5.8684223033958105,-0.24167163417118376
2.403412103652954,5.906922347859579,-0.00711437809076362,5.862622429993649,-0.24672571456201786
2.4550719261169434,5.906922347859579,-0.00711437809076362,5.856680689864483,-0.25177995396110253
2.505683422088623,5.906922347859579,-0.00711437809076362,5.85073926867058,-0.25671631387793636
2.556157350540161,5.906922347859579,-0.00711437809076362,5.844695597574635,-0.2616238563089899
2.606933116912842,5.906922347859579,-0.00711437809076362,5.838496626224929,-0.26654492479283476
2.6574692726135254,5.757720671875565,-0.1658855428236868,5.832208382972695,-0.27142671205137103
2.708538293838501,5.757720671875565,-0.1658855428236868,5.825733863406531,-0.2763433920620073
2.7602312564849854,5.757720671875565,-0.1658855428236868,5.819057577893089,-0.28130285090638163
2.8109896183013916,5.757720671875565,-0.1658855428236868,5.8123820745493155,-0.286155407437531
2.8615739345550537,5.757720671875565,-0.1658855428236868,5.8056113982835065,-0.290974031125779
2.912226438522339,5.757720671875565,-0.1658855428236868,5.798713655633421,-0.29578155097705205
2.963056802749634,5.757720671875565,-0.1658855428236868,5.7916732136286,-0.3005879462536172
3.0141375064849854,5.757720671875565,-0.1658855428236868,5.78447870019207,-0.305399537729356
3.0647644996643066,5.757720671875565,-0.1658855428236868,5.77723015778603,-0.3101498162363606
3.115402936935425,5.757720671875565,-0.1658855428236868,5.769862701006985,-0.3148823714275263
3.1657931804656982,5.757720671875565,-0.1658855428236868,5.762415096937465,-0.3195727755065233
3.2162668704986572,5.757720671875565,-0.1658855428236868,5.754839073033052,-0.3242516977239075
3.267367124557495,5.757720671875565,-0.1658855428236868,5.747050827985502,-0.3289687779919058
3.3181166648864746,5.757720671875565,-0.1658855428236868,5.739198535617084,-0.3336333441988806
3.3701083660125732,5.757720671875565,-0.1658855428236868,5.731032812073232,-0.3383909583191592
3.421693801879883,5.597555482627141,-0.26240782295380294,5.722809825345367,-0.34308995680916554
3.4724507331848145,5.597555482627141,-0.26240782295380294,5.714601395033501,-0.3476923406652661
3.5231854915618896,5.597555482627141,-0.26240782295380294,5.70628026052651,-0.35227145864889653
3.5736711025238037,5.597555482627141,-0.26240782295380294,5.697884773422468,-0.35680670483151744
3.6240720748901367,5.597555482627141,-0.26240782295380294,5.6893889127794885,-0.36131278176631265
3.6745212078094482,5.597555482627141,-0.26240782295380294,5.680770614852094,-0.365801299375617
3.725038766860962,5.597555482627141,-0.26240782295380294,5.672026221649753,-0.37027369851089875
3.7754578590393066,5.597555482627141,-0.26240782295380294,5.663184926454651,-0.3747149386903753
3.8258891105651855,5.597555482627141,-0.26240782295380294,5.654227828023351,-0.37913453820508436
3.8763608932495117,5.597555482627141,-0.26240782295380294,5.645149917107553,-0.383534664353678
3.9271044731140137,5.597555482627141,-0.26240782295380294,5.635908754261052,-0.38793497904614327
3.977609157562256,5.597555482627141,-0.26240782295380294,5.626597447824068,-0.39229089009794393
4.028068542480469,5.597555482627141,-0.26240782295380294,5.617181480261415,-0.3966190125479424
4.078523397445679,5.597555482627141,-0.26240782295380294,5.607653629790381,-0.40092259840826294
4.128936767578125,5.436615693633861,-0.32577674864858785,5.598021249940407,-0.40519824963278506
4.179384469985962,5.436615693633861,-0.32577674864858785,5.588270101953427,-0.40945212332739533
4.229839086532593,5.436615693633861,-0.32577674864858785,5.578405574165454,-0.41368159967550744
4.280357360839844,5.436615693633861,-0.32577674864858785,5.568416566739371,-0.4178911054759187
4.331579208374023,5.436615693633861,-0.32577674864858785,5.558174222493257,-0.4221330992947545
4.382801294326782,5.436615693633861,-0.32577674864858785,5.5478170648623575,-0.4263485072644617
4.433321952819824,5.436615693633861,-0.32577674864858785,5.537489558720518,-0.4304798487544925
4.483927488327026,5.436615693633861,-0.32577674864858785,5.527033258596276,-0.4345916290054066
4.534436464309692,5.436615693633861,-0.32577674864858785,5.516485935195284,-0.4386688415644293
4.584953546524048,5.436615693633861,-0.32577674864858785,5.505826269006668,-0.4427197330090197
4.635419607162476,5.436615693633861,-0.32577674864858785,5.495067125020945,-0.4467393254271801
4.685826778411865,5.436615693633861,-0.32577674864858785,5.484210789796157,-0.4507268118226313
4.736274480819702,5.436615693633861,-0.32577674864858785,5.4732361625975,-0.45468980363689404
4.786743402481079,5.436615693633861,-0.32577674864858785,5.462147497987225,-0.45862646535202267
4.837579965591431,5.436615693633861,-0.32577674864858785,5.450867675522031,-0.4625632237730468
4.888227701187134,5.436615693633861,-0.32577674864858785,5.439519847513141,-0.46645656627126275
4.938822269439697,5.248719389197877,-0.4088636871160135,5.42807467062274,-0.47031685989310645
4.989411115646362,5.248719389197877,-0.4088636871160135,5.41652186967064,-0.474147509390634
5.0398266315460205,5.248719389197877,-0.4088636871160135,5.404900565939553,-0.4779357151347734
5.090642690658569,5.248719389197877,-0.4088636871160135,5.393078016617027,-0.48172413414034754
5.141801118850708,5.248719389197877,-0.4088636871160135,5.381065639829538,-0.48550750303604095
5.192361831665039,5.248719389197877,-0.4088636871160135,5.369085276435689,-0.4892162630036605
5.244003772735596,5.248719389197877,-0.4088636871160135,5.356737829708024,-0.49297285915206257
5.2947704792022705,5.248719389197877,-0.4088636871160135,5.344490711042138,-0.4966345188074841
5.345534801483154,5.248719389197877,-0.4088636871160135,5.332136456986448,-0.5002647442338544
5.396024227142334,5.248719389197877,-0.4088636871160135,5.3197425553040585,-0.5038440460644436
5.447288751602173,5.248719389197877,-0.4088636871160135,5.307049964394734,-0.5074461318392123
5.498080492019653,5.248719389197877,-0.4088636871160135,5.29436698616257,-0.510982775558191
5.548640727996826,5.248719389197877,-0.4088636871160135,5.281635895848783,-0.5144711901703451
5.599299669265747,5.248719389197877,-0.4088636871160135,5.268774261386353,-0.5179340314792316
5.649766206741333,5.248719389197877,-0.4088636871160135,5.25585658248557,-0.5213512394875579
5.700174570083618,5.034683095239717,-0.4727362294137293,5.242849580494348,-0.5247318964527683
5.750574111938477,5.034683095239717,-0.4727362294137293,5.229741029190359,-0.5280791305817298
5.800954103469849,5.034683095239717,-0.4727362294137293,5.2165341093836055,-0.5313920118525419
5.851380348205566,5.034683095239717,-0.4727362294137293,5.203211794085417,-0.5346745967191426
5.901666641235352,5.034683095239717,-0.4727362294137293,5.189823871552038,-0.5379146145779763
5.952243089675903,5.034683095239717,-0.4727362294137293,5.176255683748071,-0.5411393847112027
6.00261664390564,5.034683095239717,-0.4727362294137293,5.162639547675189,-0.5443171413263255
6.053105592727661,5.034683095239717,-0.4727362294137293,5.148890011468834,-0.5474678116393588
6.1035449504852295,5.034683095239717,-0.4727362294137293,5.135052123262929,-0.5505807938771419
6.154646635055542,5.034683095239717,-0.4727362294137293,5.120929034532341,-0.5536991491984458
6.20533299446106,5.034683095239717,-0.4727362294137293,5.106818157268633,-0.5567566180866239
6.2559003829956055,5.034683095239717,-0.4727362294137293,5.092638934968907,-0.5597713995223965
6.306373357772827,5.034683095239717,-0.4727362294137293,5.078385451959635,-0.5627449470067514
6.356823444366455,5.034683095239717,-0.4727362294137293,5.064038190407516,-0.5656813653128789
6.4073567390441895,5.034683095239717,-0.4727362294137293,5.049567131055419,-0.5685865331737672
6.458112478256226,4.798612182306961,-0.527580978701982,5.034931829352461,-0.5714678940524935
6.508651256561279,4.798612182306961,-0.527580978701982,5.020259309872362,-0.5743002662515928
6.5593273639678955,4.798612182306961,-0.527580978701982,5.005447292864767,-0.5771033616711461
6.609901666641235,4.798612182306961,-0.527580978701982,4.990565913407321,-0.5798636855080208
6.661940574645996,4.798612182306961,-0.527580978701982,4.975150579609899,-0.5826649773310166
6.712334156036377,4.798612182306961,-0.527580978701982,4.96012342494061,-0.5853397995658405
6.762732267379761,4.798612182306961,-0.527580978701982,4.9449976389798405,-0.5879773412687381
6.813094615936279,4.798612182306961,-0.527580978701982,4.92978575333588,-0.5905753083821252
6.863497018814087,4.798612182306961,-0.527580978701982,4.914465205970776,-0.593137388030401
6.91409969329834,4.798612182306961,-0.527580978701982,4.898986960573005,-0.5956712331358913
6.9646148681640625,4.798612182306961,-0.527580978701982,4.88343907440416,-0.5981620873954479
7.01501727104187,4.798612182306961,-0.527580978701982,4.867830257412145,-0.6006087180830812
7.065503835678101,4.798612182306961,-0.527580978701982,4.852099964953169,-0.603020502961233
7.115835189819336,4.798612182306961,-0.527580978701982,4.836323341900661,-0.6053858768598539
7.166506290435791,4.56570271152255,-0.5708009065549979,4.820345087178245,-0.6077276728546943
7.216829299926758,4.56570271152255,-0.5708009065549979,4.8043824885422595,-0.6100139018563664
7.267389297485352,4.56570271152255,-0.5708009065549979,4.788250639650136,-0.6122710657578978
7.317807912826538,4.56570271152255,-0.5708009065549979,4.772070369282915,-0.6144819523543035
7.368816137313843,4.56570271152255,-0.5708009065549979,4.755606218527772,-0.6166778708529721
7.421947240829468,4.56570271152255,-0.5708009065549979,4.738356033189281,-0.6189212936664361
7.47250509262085,4.56570271152255,-0.5708009065549979,4.721846183089159,-0.6210142686508209
7.523329019546509,4.56570271152255,-0.5708009065549979,4.705156337345342,-0.6230769707151378
7.574082851409912,4.56570271152255,-0.5708009065549979,4.688396739661767,-0.6250953133970356
7.62524938583374,4.56570271152255,-0.5708009065549979,4.67140741932519,-0.627087869180023
7.67695426940918,4.56570271152255,-0.5708009065549979,4.654144448409848,-0.6290581393538737
7.727461338043213,4.56570271152255,-0.5708009065549979,4.63718969254858,-0.6309405865673305
7.779352426528931,4.56570271152255,-0.5708009065549979,4.619676358904778,-0.6328309971368267
7.829782724380493,4.3328310921055895,-0.6018662091325344,4.602565185273,-0.6346256323809851
7.880201578140259,4.3328310921055895,-0.6018662091325344,4.585368760596848,-0.6363777309691572
7.930640935897827,4.3328310921055895,-0.6018662091325344,4.568076560400305,-0.638088201951962
7.981204271316528,4.3328310921055895,-0.6018662091325344,4.550653128869406,-0.6397601829631503
8.031633138656616,4.3328310921055895,-0.6018662091325344,4.533187951393319,-0.6413849540326813
8.082049131393433,4.3328310921055895,-0.6018662091325344,4.515639704138244,-0.6429664347573798
8.132432699203491,4.3328310921055895,-0.6018662091325344,4.498015713108721,-0.6445038862235042
8.18289852142334,4.3328310921055895,-0.6018662091325344,4.480276140832103,-0.6460005616942242
8.233316421508789,4.3328310921055895,-0.6018662091325344,4.46246706575021,-0.6474523756287729
8.284714937210083,4.3328310921055895,-0.6018662091325344,4.444223191483102,-0.6488875467864927
8.336372137069702,4.3328310921055895,-0.6018662091325344,4.425797990878579,-0.6502840973367308
8.387060165405273,4.3328310921055895,-0.6018662091325344,4.407631683466377,-0.6516095904194152
8.43783712387085,4.3328310921055895,-0.6018662091325344,4.389347732611313,-0.6528926819677832
8.488381385803223,4.3328310921055895,-0.6018662091325344,4.371062737010063,-0.654125259541593
8.539114713668823,4.072562263561502,-0.6250754134659969,4.352624654733869,-0.6553174921502656
8.589657545089722,4.072562263561502,-0.6250754134659969,4.334171859694963,-0.65646029054712
8.640194416046143,4.072562263561502,-0.6250754134659969,4.31563789479276,-0.6575579196513184
8.69084095954895,4.072562263561502,-0.6250754134659969,4.2969805253006115,-0.6586125838989716
8.741809844970703,4.072562263561502,-0.6250754134659969,4.278120777403151,-0.6596279613199947
8.7924644947052,4.072562263561502,-0.6250754134659969,4.259294617290315,-0.6605911929521504
8.84339690208435,4.072562263561502,-0.6250754134659969,4.240282557429914,-0.6615134196284149
8.893958568572998,4.072562263561502,-0.6250754134659969,4.221327334192015,-0.6623828631560693
8.94475269317627,4.072562263561502,-0.6250754134659969,4.20220358937716,-0.6632099235374915
8.99594235420227,4.072562263561502,-0.6250754134659969,4.182848861726633,-0.663996230743954
9.046524047851562,4.072562263561502,-0.6250754134659969,4.163643530598476,-0.664726504857029
9.096946954727173,4.072562263561502,-0.6250754134659969,4.144419313875119,-0.6654081347611527
9.147461891174316,4.072562263561502,-0.6250754134659969,4.1250811856623635,-0.6660444505893199
9.19779086112976,4.072562263561502,-0.6250754134659969,4.105736230032428,-0.66663193036428
9.250948905944824,3.7878254926596147,-0.6395175489312702,4.085219787468922,-0.6672018756811338
9.303007364273071,3.7878254926596147,-0.6395175489312702,4.06504451480589,-0.6677095295824329
9.353461742401123,3.7878254926596147,-0.6395175489312702,4.04541279212574,-0.6681537010704954
9.40420913696289,3.7878254926596147,-0.6395175489312702,4.025589956746792,-0.6685528028555658
9.45511269569397,3.7878254926596147,-0.6395175489312702,4.005628901833752,-0.6689049797478792
9.505656242370605,3.7878254926596147,-0.6395175489312702,3.9857329607313163,-0.6692068072164061
9.556325435638428,3.7878254926596147,-0.6395175489312702,3.9657119490453554,-0.6694613778873393
9.60770058631897,3.7878254926596147,-0.6395175489312702,3.9453351713253273,-0.6696702773923411
9.658530473709106,3.7878254926596147,-0.6395175489312702,3.9250990086427526,-0.6698280481363361
9.70940899848938,3.7878254926596147,-0.6395175489312702,3.9047686005261646,-0.6699371121289994
9.760474920272827,3.7878254926596147,-0.6395175489312702,3.8842884556337207,-0.6699972904246063
9.811474800109863,3.7878254926596147,-0.6395175489312702,3.8637604287398286,-0.6700079743598948
9.863129138946533,3.7878254926596147,-0.6395175489312702,3.8428937101263396,-0.6699683205505913
9.91379976272583,3.7878254926596147,-0.6395175489312702,3.8223512686425947,-0.6698799366645605
9.96438717842102,3.497478450885904,-0.6434576555780152,3.8017708054828065,-0.66974268228593
10.01523232460022,3.497478450885904,-0.6434576555780152,3.7810137234881864,-0.669555253196803
10.066741466522217,3.497478450885904,-0.6434576555780152,3.7599127004106223,-0.6693146726197727
10.117959976196289,3.497478450885904,-0.6434576555780152,3.7388585089765467,-0.6690247226113031
10.168396234512329,3.497478450885904,-0.6434576555780152,3.7180559767679386,-0.66868965063557
10.218743085861206,3.497478450885904,-0.6434576555780152,3.697221621812984,-0.6683060182933107
10.269241333007812,3.497478450885904,-0.6434576555780152,3.676256146707046,-0.6678717857972036
10.320002555847168,3.497478450885904,-0.6434576555780152,3.655112866615264,-0.6673852701039431
10.370662212371826,3.497478450885904,-0.6434576555780152,3.6339437817334823,-0.666849614511015
10.42178463935852,3.497478450885904,-0.6434576555780152,3.6125128397059028,-0.6662582024944461
10.47239899635315,3.497478450885904,-0.6434576555780152,3.5912276082724075,-0.6656222238143514
10.523199319839478,3.497478450885904,-0.6434576555780152,3.569797355787149,-0.6649333318417092
10.574018716812134,3.497478450885904,-0.6434576555780152,3.5482925781033283,-0.6641933778940801
10.624881744384766,3.497478450885904,-0.6434576555780152,3.5267032599334858,-0.663401806421791
10.675519943237305,3.1915554058008224,-0.6361991935859145,3.5051442013450345,-0.6625629661455998
10.726057291030884,3.1915554058008224,-0.6361991935859145,3.4835637421808316,-0.6616751936270657
10.776767492294312,3.1915554058008224,-0.6361991935859145,3.4618453655718997,-0.6607334753055074
10.828335523605347,3.1915554058008224,-0.6361991935859145,3.4396942565195006,-0.6597234304106481
10.878909826278687,3.1915554058008224,-0.6361991935859145,3.4179065186682394,-0.6586814364091862
10.92961573600769,3.1915554058008224,-0.6361991935859145,3.3959994750337215,-0.657585526952225
10.980425596237183,3.1915554058008224,-0.6361991935859145,3.3739851441435613,-0.6564358522192881
11.03097915649414,3.1915554058008224,-0.6361991935859145,3.3520203959524864,-0.655240707103542
11.082223176956177,3.1915554058008224,-0.6361991935859145,3.329693599646794,-0.6539769582980131
11.13291621208191,3.1915554058008224,-0.6361991935859145,3.307545907419363,-0.652674923322933
11.18467664718628,3.1915554058008224,-0.6361991935859145,3.284869845213644,-0.6512921516261181
11.2350594997406,3.1915554058008224,-0.6361991935859145,3.2627376200887737,-0.649894356061183
11.286954641342163,3.1915554058008224,-0.6361991935859145,3.2398800621073827,-0.6484010702332186
11.33793306350708,3.1915554058008224,-0.6361991935859145,3.2173665231936526,-0.6468811894229356
11.38921070098877,2.8880522473466415,-0.6193381098852327,3.194661628772418,-0.6452993455719138
11.44060492515564,2.8880522473466415,-0.6193381098852327,3.1718460578471586,-0.6436604505367121
11.491125583648682,2.8880522473466415,-0.6193381098852327,3.149361191325182,-0.6419971820165298
11.54218053817749,2.8880522473466415,-0.6193381098852327,3.126581544304465,-0.6402636459097852
11.59256625175476,2.8880522473466415,-0.6193381098852327,3.1040448516324566,-0.6385008489824915
11.643291473388672,2.8880522473466415,-0.6193381098852327,3.0813009831791884,-0.6366739441811116
11.695037126541138,2.8880522473466415,-0.6193381098852327,3.058042930011279,-0.6347562249249386
11.746944189071655,2.8880522473466415,-0.6193381098852327,3.0346554026633275,-0.6327776014425166
11.797415494918823,2.8880522473466415,-0.6193381098852327,3.011860641447103,-0.6308008997234866
11.84815239906311,2.8880522473466415,-0.6193381098852327,2.988892655679452,-0.6287612595834022
11.899066686630249,2.8880522473466415,-0.6193381098852327,2.965791210719444,-0.6266614818022069
11.94957423210144,2.8880522473466415,-0.6193381098852327,2.94282222792082,-0.6245259604192679
12.000070810317993,2.8880522473466415,-0.6193381098852327,2.9198068930281993,-0.6223385608465724
12.050628185272217,2.8880522473466415,-0.6193381098852327,2.896712946508147,-0.6200960475435813
12.101238489151001,2.5596795941202344,-0.5908279279398062,2.8735443380570698,-0.617798544719339
12.152298212051392,2.5596795941202344,-0.5908279279398062,2.8501193446718758,-0.615427220624154
12.202705144882202,2.5596795941202344,-0.5908279279398062,2.826944466115425,-0.613033538679665
12.253408670425415,2.5596795941202344,-0.5908279279398062,2.8035842745062087,-0.6105729316207906
12.303951501846313,2.5596795941202344,-0.5908279279398062,2.7802497861582465,-0.6080673389912263
12.354676723480225,2.5596795941202344,-0.5908279279398062,2.756783111090005,-0.6054996807000919
12.405269861221313,2.5596795941202344,-0.5908279279398062,2.7333301959575693,-0.602885760157915
12.456009149551392,2.5596795941202344,-0.5908279279398062,2.709762581050816,-0.6002111458562975
12.506965160369873,2.5596795941202344,-0.5908279279398062,2.686047526406881,-0.597471513937569
12.557746648788452,2.5596795941202344,-0.5908279279398062,2.6623676044812674,-0.594687802406006
12.608187437057495,2.5596795941202344,-0.5908279279398062,2.6388015427763456,-0.5918699038394712
12.658630609512329,2.5596795941202344,-0.5908279279398062,2.6151900387660074,-0.5889991568347108
12.709558010101318,2.5596795941202344,-0.5908279279398062,2.5913074509618084,-0.5860473496368526
12.760079860687256,2.5596795941202344,-0.5908279279398062,2.5675714825614744,-0.5830659084939391
12.810847282409668,2.224164475047272,-0.5514897419948956,2.5436769786609252,-0.5800166407801921
12.861509799957275,2.224164475047272,-0.5514897419948956,2.5197892613964186,-0.5769203570345387
12.911910772323608,2.224164475047272,-0.5514897419948956,2.495983189501346,-0.5737871913862826
12.962369918823242,2.224164475047272,-0.5514897419948956,2.4721085405052037,-0.5705975739703635
13.013126850128174,2.224164475047272,-0.5514897419948956,2.4480520530581966,-0.5673357856691363
13.063909530639648,2.224164475047272,-0.5514897419948956,2.423942817826278,-0.5640187869449722
13.114387512207031,2.224164475047272,-0.5514897419948956,2.3999385955741834,-0.5606685936560223
13.165948390960693,2.224164475047272,-0.5514897419948956,2.3753791744062127,-0.5571918696292149
13.216408491134644,2.224164475047272,-0.5514897419948956,2.3513052544577153,-0.5537358826364245
13.266891241073608,2.224164475047272,-0.5514897419948956,2.327182649536763,-0.5502253952645386
13.31749153137207,2.224164475047272,-0.5514897419948956,2.3029664070185687,-0.5466535875247982
13.367938041687012,2.224164475047272,-0.5514897419948956,2.278786961855958,-0.5430396698758253
13.418582439422607,2.224164475047272,-0.5514897419948956,2.2544762586742153,-0.5393583830683326
13.469357967376709,2.224164475047272,-0.5514897419948956,2.2300665420951526,-0.5356140657099546
13.519962072372437,1.8875764679063727,-0.5021192898128638,2.2057038575926438,-0.5318290996987343
13.570558786392212,1.8875764679063727,-0.5021192898128638,2.1813099747512394,-0.5279915076257726
13.62146806716919,1.8875764679063727,-0.5021192898128638,2.156730878692219,-0.524076550942969
13.6719651222229,1.8875764679063727,-0.5021192898128638,2.1323171563962937,-0.5201401371139314
13.722862243652344,1.8875764679063727,-0.5021192898128638,2.1076766632793076,-0.5161189797819556
13.77446961402893,1.8875764679063727,-0.5021192898128638,2.0826587127813063,-0.5119868276209529
13.824951887130737,1.8875764679063727,-0.5021192898128638,2.0581540012799087,-0.5078913128520597
13.875400304794312,1.8875764679063727,-0.5021192898128638,2.0336344863048597,-0.5037457599352302
13.926111459732056,1.8875764679063727,-0.5021192898128638,2.0089563587792885,-0.4995254599516392
13.976576089859009,1.8875764679063727,-0.5021192898128638,1.9843679867762671,-0.49527279438810234
14.027208089828491,1.8875764679063727,-0.5021192898128638,1.959668333164705,-0.4909530357702163
14.077635049819946,1.8875764679063727,-0.5021192898128638,1.9350396573192121,-0.48659804485329294
14.128185749053955,1.8875764679063727,-0.5021192898128638,1.9103220091532576,-0.4821795859214837
14.178639650344849,1.56168563098214,-0.44520920800700303,1.885623756677706,-0.47771692595431237
14.229153156280518,1.56168563098214,-0.44520920800700303,1.860868924948016,-0.47319632414127977
14.279640674591064,1.56168563098214,-0.44520920800700303,1.8360999889248095,-0.4686254245569579
14.330169916152954,1.56168563098214,-0.44520920800700303,1.8112842753423541,-0.46399811115241807
14.381345510482788,1.56168563098214,-0.44520920800700303,1.7861248731176482,-0.45925797565911486
14.43220853805542,1.56168563098214,-0.44520920800700303,1.7610935299662152,-0.4544933569427214
14.482811212539673,1.56168563098214,-0.44520920800700303,1.7361655479167826,-0.44970030955614426
14.533758401870728,1.56168563098214,-0.44520920800700303,1.7110434643887544,-0.4448214565346986
14.584595441818237,1.56168563098214,-0.44520920800700303,1.6859518769974293,-0.43990002045400445
14.63593578338623,1.56168563098214,-0.44520920800700303,1.660588310074616,-0.43487604879327524
14.686288356781006,1.56168563098214,-0.44520920800700303,1.6356902919134821,-0.42989626322118335
14.736705780029297,1.56168563098214,-0.44520920800700303,1.6107385062692403,-0.42485805480380856
14.787271499633789,1.56168563098214,-0.44520920800700303,1.5856920780870833,-0.41975281111605156
14.837849140167236,1.56168563098214,-0.44520920800700303,1.5606190192619915,-0.4145941114043259
14.888510465621948,1.2138791377561586,-0.37496932442560144,1.535484260684251,-0.4093745487877998
14.939414739608765,1.2138791377561586,-0.37496932442560144,1.5102091621873142,-0.4040772711736005
14.989867687225342,1.2138791377561586,-0.37496932442560144,1.4851391331692236,-0.3987749149010722
15.040394067764282,1.2138791377561586,-0.37496932442560144,1.4600141983346848,-0.3934129811267364
15.090842485427856,1.2138791377561586,-0.37496932442560144,1.4349102050886398,-0.38800761145618523
15.141308307647705,1.2138791377561586,-0.37496932442560144,1.409780290474693,-0.3825487509376444
15.19205904006958,1.2138791377561586,-0.37496932442560144,1.3844916595369927,-0.3770070717652758
15.242545127868652,1.2138791377561586,-0.37496932442560144,1.3593187051835667,-0.3714426255012948
15.29307770729065,1.2138791377561586,-0.37496932442560144,1.3341069606501899,-0.3658215306552606
15.344714641571045,1.2138791377561586,-0.37496932442560144,1.3083286859801018,-0.3600244219399431
15.395946025848389,1.2138791377561586,-0.37496932442560144,1.2827379318651817,-0.354219814995286
15.447232961654663,1.2138791377561586,-0.37496932442560144,1.257105115964317,-0.3483560953087408
15.498231887817383,1.2138791377561586,-0.37496932442560144,1.2316026287281054,-0.34247298853471886
15.548767566680908,0.8798853649043443,-0.29858974038834313,1.2063189710704278,-0.33659194848594787
15.599783658981323,0.8798853649043443,-0.29858974038834313,1.1807825873183155,-0.3306032214929324
15.650689363479614,0.8798853649043443,-0.29858974038834313,1.1552896487584408,-0.32457568951924953
15.701112508773804,0.8798853649043443,-0.29858974038834313,1.1300273078047733,-0.3185544137818681
15.751650094985962,0.8798853649043443,-0.29858974038834313,1.1046971498531086,-0.3124687545696956
15.802086353302002,0.8798853649043443,-0.29858974038834313,1.0794078799571545,-0.3063447704556692
15.852741718292236,0.8798853649043443,-0.29858974038834313,1.0539993608594322,-0.3001434753917298
15.903452396392822,0.8798853649043443,-0.29858974038834313,1.0285542438896196,-0.29388460953928375
15.954268217086792,0.8798853649043443,-0.29858974038834313,1.0030480570572855,-0.2875618849176531
16.005101442337036,0.8798853649043443,-0.29858974038834313,0.9775253835356675,-0.2811861398374602
16.05552077293396,0.8798853649043443,-0.29858974038834313,0.9522034297799687,-0.27481216949872067
16.106173038482666,0.8798853649043443,-0.29858974038834313,0.9267579460806072,-0.2683585805377553
16.15679931640625,0.8798853649043443,-0.29858974038834313,0.9013195311777995,-0.26185816484359936
16.207361698150635,0.8798853649043443,-0.29858974038834313,0.8759078158033524,-0.255316035446437
16.257813692092896,0.5294308803640091,-0.20903211024274151,0.8505467573742111,-0.24873857908403751
16.308271408081055,0.5294308803640091,-0.20903211024274151,0.8251785675405053,-0.24211092792789035
16.359129190444946,0.5294308803640091,-0.20903211024274151,0.7996055038694654,-0.23538080522631155
16.410271167755127,0.5294308803640091,-0.20903211024274151,0.773886334574944,-0.22856265648756846
16.461612462997437,0.5294308803640091,-0.20903211024274151,0.7480642864783217,-0.22166720726954203
16.5133798122406,0.5294308803640091,-0.20903211024274151,0.7220258742378021,-0.2146632066957146
16.56455159187317,0.5294308803640091,-0.20903211024274151,0.6962855653891548,-0.20768926106683105
16.615392208099365,0.5294308803640091,-0.20903211024274151,0.6707109790694117,-0.20071083378764687
16.66615128517151,0.5294308803640091,-0.20903211024274151,0.645177129397481,-0.19369439582214554
16.716660261154175,0.5294308803640091,-0.20903211024274151,0.6197693784470587,-0.18666386056181805
16.767144680023193,0.5294308803640091,-0.20903211024274151,0.5943748300544418,-0.17958836320861016
16.817626237869263,0.5294308803640091,-0.20903211024274151,0.568983131101911,-0.1724650369665377
16.868492364883423,0.5294308803640091,-0.20903211024274151,0.5433999928341707,-0.1652388024546685
16.920106887817383,0.5294308803640091,-0.20903211024274151,0.5174430829407175,-0.15785648283869635
16.971863746643066,0.17051578842462062,-0.10687018144638473,0.4914178558425383,-0.15040361901265697
17.02336573600769,0.17051578842462062,-0.10687018144638473,0.4655246275036491,-0.14293772276514938
17.074042797088623,0.17051578842462062,-0.10687018144638473,0.44005045936978193,-0.13554313490589198
17.12595224380493,0.17051578842462062,-0.10687018144638473,0.41396183480580195,-0.12791923051717768
17.176533222198486,0.17051578842462062,-0.10687018144638473,0.3885463474499312,-0.12044240934645245
17.22712755203247,0.17051578842462062,-0.10687018144638473,0.36313012568627734,-0.1129163423939219
17.27778124809265,0.17051578842462062,-0.10687018144638473,0.3376906296634312,-0.10533423584805535
17.329004287719727,0.17051578842462062,-0.10687018144638473,0.3119724337961307,-0.09761902954057255
17.379509449005127,0.17051578842462062,-0.10687018144638473,0.2866223635752321,-0.0899649699200964
17.430003881454468,0.17051578842462062,-0.10687018144638473,0.26128587321978847,-0.08226606078563004
17.480469942092896,0.17051578842462062,-0.10687018144638473,0.23597236215703832,-0.07452520523939121
17.531641721725464,0.17051578842462062,-0.10687018144638473,0.21031436098822365,-0.06662903221599992
17.58232355117798,0.17051578842462062,-0.10687018144638473,0.18491201507223032,-0.05876191049831414
17.632892370224,0.17051578842462062,-0.10687018144638473,0.15957678090861382,-0.05086632465208174
17.68368673324585,-0.1749513733244428,0.0003095003891447324,0.13413963838657617,-0.042889429494896714
17.7350971698761,-0.1749513733244428,0.0003095003891447324,0.10840586854022627,-0.03476891913712388
17.785715341567993,-0.1749513733244428,0.0003095003891447324,0.08308092776059728,-0.026727661228094668
17.836425065994263,-0.1749513733244428,0.0003095003891447324,0.0577229385829362,-0.018626377464970645
17.887247323989868,-0.1749513733244428,0.0003095003891447324,0.03232204824257778,-0.010461618025495056
17.938169240951538,-0.1749513733244428,0.0003095003891447324,0.006885339970433613,-0.0022353458532635706
17.98879647254944,-0.1749513733244428,0.0003095003891447324,-0.01838972265587524,0.005988292806288431
18.039375066757202,-0.1749513733244428,0.0003095003891447324,-0.04362556743501911,0.014248626941197884
18.090192079544067,-0.1749513733244428,0.0003095003891447324,-0.06896477658177336,0.022592605092789597
18.14165759086609,-0.1749513733244428,0.0003095003891447324,-0.09461084779151374,0.031088546504287162
18.192197799682617,-0.1749513733244428,0.0003095003891447324,-0.11977910375932821,0.039476093513641786
18.242789030075073,-0.1749513733244428,0.0003095003891447324,-0.1449556173135469,0.04791593823359985
18.293278455734253,-0.1749513733244428,0.0003095003891447324,-0.17006381200377296,0.056382330686824744
18.34371519088745,-0.1749513733244428,0.0003095003891447324,-0.19512764668927085,0.06488311694878268
18.394289016723633,-0.5195325277143937,0.11779693106742997,-0.22024083724556198,0.07345019951999276
18.444634199142456,-0.5195325277143937,0.11779693106742997,-0.24522128037875968,0.0820213137598591
18.495047330856323,-0.5195325277143937,0.11779693106742997,-0.2702156898722716,0.09064655429627733
18.545680284500122,-0.5195325277143937,0.11779693106742997,-0.2952986475692606,0.09935207224999454
18.596012353897095,-0.5195325277143937,0.11779693106742997,-0.32021170939303856,0.10804803992250145
18.646456718444824,-0.5195325277143937,0.11779693106742997,-0.34515896441014815,0.11680540587980115
18.69684147834778,-0.5195325277143937,0.11779693106742997,-0.3700548270120356,0.12559419186546483
18.74733304977417,-0.5195325277143937,0.11779693106742997,-0.39498095483140605,0.13444328119280735
18.797767400741577,-0.5195325277143937,0.11779693106742997,-0.419855798082132,0.14332378166975523
18.848544597625732,-0.5195325277143937,0.11779693106742997,-0.44487593341916964,0.15230628008476277
18.899271249771118,-0.5195325277143937,0.11779693106742997,-0.4698467684758627,0.16132133299367402
18.949804544448853,-0.5195325277143937,0.11779693106742997,-0.4946976354773104,0.17034304826646762
19.001117706298828,-0.5195325277143937,0.11779693106742997,-0.5199061510239176,0.17954567333051763
19.053969860076904,-0.5195325277143937,0.11779693106742997,-0.5458428816276649,0.18906797556973087
19.104715824127197,-0.8647520157324664,0.24519784398416658,-0.5707188660033294,0.1982522821707411
19.155160903930664,-0.8647520157324664,0.24519784398416658,-0.59542044671336,0.20742218069651264
19.20568537712097,-0.8647520157324664,0.24519784398416658,-0.6201334775792257,0.2166463139015553
19.25625991821289,-0.8647520157324664,0.24519784398416658,-0.6448429745396822,0.22591925860858897
19.306851148605347,-0.8647520157324664,0.24519784398416658,-0.6695320393815846,0.23523474885863616
19.357640504837036,-0.8647520157324664,0.24519784398416658,-0.6942884948071071,0.24462621690045117
19.40828537940979,-0.8647520157324664,0.24519784398416658,-0.7189447598857387,0.25403014446315364
19.458634614944458,-0.8647520157324664,0.24519784398416658,-0.7434271025178023,0.2634177264485116
19.509348154067993,-0.8647520157324664,0.24519784398416658,-0.7680558270057876,0.272911856134471
19.55981993675232,-0.8647520157324664,0.24519784398416658,-0.7925359642666242,0.282398980258034
19.610153436660767,-0.8647520157324664,0.24519784398416658,-0.8169175295389898,0.2918978850793219
19.66055393218994,-0.8647520157324664,0.24519784398416658,-0.8412995046696634,0.3014469968174023
19.71085286140442,-0.8647520157324664,0.24519784398416658,-0.8655998591466191,0.3110141059795133
19.76128077507019,-0.8647520157324664,0.24519784398416658,-0.8899294298405213,0.320642858184907
19.81180429458618,-1.2054644961481937,0.38109586579988086,-0.9142713700070735,0.33032688871762517
19.86247706413269,-1.2054644961481937,0.38109586579988086,-0.9386507548714852,0.3400765061890416
19.913161039352417,-1.2054644961481937,0.38109586579988086,-0.963000480292923,0.3498650805880956
19.96371054649353,-1.2054644961481937,0.38109586579988086,-0.9872501668351388,0.3596640976223662
20.01423478126526,-1.2054644961481937,0.38109586579988086,-1.011451846367136,0.36949430527397453
20.064685106277466,-1.2054644961481937,0.38109586579988086,-1.035581810268307,0.37934588653042844
20.115182638168335,-1.2054644961481937,0.38109586579988086,-1.0596975010229153,0.38924221442823903
20.165595531463623,-1.2054644961481937,0.38109586579988086,-1.083735482381972,0.3991571606196538
20.216094970703125,-1.2054644961481937,0.38109586579988086,-1.1077768640367758,0.4091241424576002
20.266783237457275,-1.2054644961481937,0.38109586579988086,-1.131869513630603,0.41916337804538184
20.318342208862305,-1.2054644961481937,0.38109586579988086,-1.156335782773563,0.4294107561714662
20.368756771087646,-1.2054644961481937,0.38109586579988086,-1.1802192408002792,0.4394652273674211
20.41984987258911,-1.2054644961481937,0.38109586579988086,-1.2043835223341341,0.44968960771354816
20.47029185295105,-1.2054644961481937,0.38109586579988086,-1.2281992258858754,0.459817580654843
20.52149200439453,-1.5466213322128508,0.5277092385061921,-1.2523310848827955,0.47013194902404853
20.57375955581665,-1.5466213322128508,0.5277092385061921,-1.2769220450185101,0.480696568327585
20.624370574951172,-1.5466213322128508,0.5277092385061921,-1.3006907595376975,0.4909599952208441
20.675241470336914,-1.5466213322128508,0.5277092385061921,-1.3245384933559845,0.5013091978252788
20.7259521484375,-1.5466213322128508,0.5277092385061921,-1.3482676761087773,0.5116585371931284
20.77645230293274,-1.5466213322128508,0.5277092385061921,-1.3718547403736405,0.5219971169915749
20.826959133148193,-1.5466213322128508,0.5277092385061921,-1.3954008976162604,0.5323689366131217
20.87757420539856,-1.5466213322128508,0.5277092385061921,-1.418952847915182,0.5427946882517936
20.92836833000183,-1.5466213322128508,0.5277092385061921,-1.4425426571234443,0.553288950273485
20.979047298431396,-1.5466213322128508,0.5277092385061921,-1.466033102406457,0.5637907188173474
21.029762506484985,-1.5466213322128508,0.5277092385061921,-1.489493965419759,0.574331012680914
21.080381870269775,-1.5466213322128508,0.5277092385061921,-1.5128637293622194,0.5848820448104188
21.13166356086731,-1.5466213322128508,0.5277092385061921,-1.5364911293772516,0.5956020751757034
21.18228244781494,-1.5466213322128508,0.5277092385061921,-1.5597651306672768,0.606213808879053
21.232982397079468,-1.872076746258875,0.678022090285846,-1.5830280860778427,0.616872382205957
21.284038305282593,-1.872076746258875,0.678022090285846,-1.6064050033345527,0.6276356819754327
21.335025548934937,-1.872076746258875,0.678022090285846,-1.6297005447131565,0.6384141503419656
21.386191368103027,-1.872076746258875,0.678022090285846,-1.6530270088543588,0.649259851174071
21.436858654022217,-1.872076746258875,0.678022090285846,-1.676075684307734,0.6600286864781926
21.487703561782837,-1.872076746258875,0.678022090285846,-1.6991541451401622,0.6708637972139506
21.538785457611084,-1.872076746258875,0.678022090285846,-1.722288219580852,0.6817778845720963
21.589340448379517,-1.872076746258875,0.678022090285846,-1.7451319108695311,0.6926071977338424
21.640250205993652,-1.872076746258875,0.678022090285846,-1.7680833886150487,0.7035401564963419
21.691648483276367,-1.872076746258875,0.678022090285846,-1.7912011477222198,0.7146058673082418
21.742692232131958,-1.872076746258875,0.678022090285846,-1.8141053026993275,0.7256226283400142
21.793452262878418,-1.872076746258875,0.678022090285846,-1.8368281565198044,0.7366049052293411
21.84433603286743,-1.872076746258875,0.678022090285846,-1.8595518832231515,0.7476404216986059
21.894953966140747,-1.872076746258875,0.678022090285846,-1.8821022592464243,0.7586442725210474
21.94588851928711,-2.1877855102993795,0.8339574057726024,-1.90473821112101,0.7697428090858183
21.996374368667603,-2.1877855102993795,0.8339574057726024,-1.9271193659119492,0.7807688629065006
22.047041416168213,-2.1877855102993795,0.8339574057726024,-1.9495249409809121,0.7918594956017087
22.097647428512573,-2.1877855102993795,0.8339574057726024,-1.9718471536239517,0.8029614651661565
22.14872169494629,-2.1877855102993795,0.8339574057726024,-1.994318318195747,0.8141908716986315
22.200607538223267,-2.1877855102993795,0.8339574057726024,-2.017086819497421,0.8256238072621027
22.254087924957275,-2.1877855102993795,0.8339574057726024,-2.0404915075736803,0.8374342114806095
22.304907083511353,-2.1877855102993795,0.8339574057726024,-2.0626713137858466,0.8486811506534222
22.357073068618774,-2.1877855102993795,0.8339574057726024,-2.085377380223447,0.8602503793465264
22.40873956680298,-2.1877855102993795,0.8339574057726024,-2.107804082680202,0.8717326812518285
22.45952582359314,-2.1877855102993795,0.8339574057726024,-2.1297881428157215,0.8830421617627753
22.510210037231445,-2.1877855102993795,0.8339574057726024,-2.151667715711326,0.8943511347359796
22.562485694885254,-2.1877855102993795,0.8339574057726024,-2.1741706884516114,0.9060381107638515
22.612995624542236,-2.1877855102993795,0.8339574057726024,-2.1958517641628426,0.9173521033848973
22.663673639297485,-2.474157313788463,0.9850950581406066,-2.217543487097766,0.9287249241003641
22.71427345275879,-2.474157313788463,0.9850950581406066,-2.239139830552413,0.9401010362394269
22.76503825187683,-2.474157313788463,0.9850950581406066,-2.2607439830829423,0.9515348418781944
22.815496683120728,-2.474157313788463,0.9850950581406066,-2.282155170094813,0.9629197672503684
22.8659508228302,-2.474157313788463,0.9850950581406066,-2.3035017133318267,0.974323459898689
22.916532278060913,-2.474157313788463,0.9850950581406066,-2.3248386282171944,0.9857754118203679
22.967875003814697,-2.474157313788463,0.9850950581406066,-2.3464312082762153,0.9974193333792192
23.018528938293457,-2.474157313788463,0.9850950581406066,-2.3676690401843645,1.0089260747543372
23.06929326057434,-2.474157313788463,0.9850950581406066,-2.3888878736315906,1.0204765202680695
23.120288848876953,-2.474157313788463,0.9850950581406066,-2.4101371358228323,1.0320980240025333
23.17125391960144,-2.474157313788463,0.9850950581406066,-2.431306915573715,1.043730696288502
23.222492218017578,-2.474157313788463,0.9850950581406066,-2.4525224637529712,1.0554436510708034
23.273053407669067,-2.474157313788463,0.9850950581406066,-2.473390655427253,1.067019093341377
23.32379126548767,-2.474157313788463,0.9850950581406066,-2.494264437978191,1.0786518906987475
23.374393939971924,-2.7689290840830707,1.152001963547498,-2.5150150095777524,1.0902702266912165
23.42642045021057,-2.7689290840830707,1.152001963547498,-2.536278628142796,1.1022323314362865
23.477271795272827,-2.7689290840830707,1.152001963547498,-2.556992125317325,1.113940403876771
23.527812719345093,-2.7689290840830707,1.152001963547498,-2.577510362657596,1.1255924949091765
23.57873225212097,-2.7689290840830707,1.152001963547498,-2.5981125091911452,1.137347144213984
23.629240036010742,-2.7689290840830707,1.152001963547498,-2.6184784402650507,1.149021541568815
23.679769277572632,-2.7689290840830707,1.152001963547498,-2.638783231948797,1.1607153042218847
23.73025918006897,-2.7689290840830707,1.152001963547498,-2.659002084993461,1.1724140118826112
23.780948638916016,-2.7689290840830707,1.152001963547498,-2.6792299252877605,1.1841727384833052
23.831464290618896,-2.7689290840830707,1.152001963547498,-2.699317303435422,1.195904537368894
23.88229465484619,-2.7689290840830707,1.152001963547498,-2.719457774552423,1.2077225686262538
23.932697772979736,-2.7689290840830707,1.152001963547498,-2.739357193297068,1.2194539364932004
23.98347520828247,-2.7689290840830707,1.152001963547498,-2.759331734236494,1.2312848343296814
24.0341956615448,-2.7689290840830707,1.152001963547498,-2.779210655054482,1.2431145353331257
24.08472990989685,-3.0457098425796905,1.3196087304760014,-2.79894344056207,1.2549124619994032
24.135408639907837,-3.0457098425796905,1.3196087304760014,-2.8186589158318935,1.2667554500733647
24.185855865478516,-3.0457098425796905,1.3196087304760014,-2.838210612880954,1.278555255561414
24.236396074295044,-3.0457098425796905,1.3196087304760014,-2.8577242095849,1.2903873798153949
24.28753423690796,-3.0457098425796905,1.3196087304760014,-2.877392755613674,1.3023698994714548
24.338423490524292,-3.0457098425796905,1.3196087304760014,-2.8968893651964187,1.3143041244477296
24.389167547225952,-3.0457098425796905,1.3196087304760014,-2.9162542687820587,1.3262138987541856
24.440167665481567,-3.0457098425796905,1.3196087304760014,-2.93563995753734,1.3381930660295471
24.49313497543335,-3.0457098425796905,1.3196087304760014,-2.955691336460755,1.3506437684525423
24.543749570846558,-3.0457098425796905,1.3196087304760014,-2.97477355210087,1.36255007490794
24.594345569610596,-3.0457098425796905,1.3196087304760014,-2.993771686404492,1.3744600823280244
24.645081520080566,-3.0457098425796905,1.3196087304760014,-3.0127446213099343,1.3864107784069377
24.695630311965942,-3.0457098425796905,1.3196087304760014,-3.0315697713330927,1.3983247406318609
24.74643635749817,-3.0457098425796905,1.3196087304760014,-3.0504121103658126,1.4103063635702595
24.79688787460327,-3.3092441538385047,1.4894530423569536,-3.0690446090735413,1.4222109876072102
24.84732484817505,-3.3092441538385047,1.4894530423569536,-3.087593327136453,1.4341184021402202
24.89844012260437,-3.3092441538385047,1.4894530423569536,-3.106311144168391,1.4461919303682422
24.948975324630737,-3.3092441538385047,1.4894530423569536,-3.124736666682076,1.4581339917877738
24.999945402145386,-3.3092441538385047,1.4894530423569536,-3.1432399347586846,1.470184034416899
25.05111002922058,-3.3092441538385047,1.4894530423569536,-3.1617318399462304,1.4822849619294016
25.10562539100647,-3.3092441538385047,1.4894530423569536,-3.1813439673058332,1.4951833352499828
25.15635395050049,-3.3092441538385047,1.4894530423569536,-3.199509257219454,1.5071899533674542
25.206998348236084,-3.3092441538385047,1.4894530423569536,-3.217562775849341,1.519180315125355
25.258311986923218,-3.3092441538385047,1.4894530423569536,-3.235771317658731,1.5313324766422223
25.309587955474854,-3.3092441538385047,1.4894530423569536,-3.2538821351858216,1.5434787040183915
25.36001443862915,-3.3092441538385047,1.4894530423569536,-3.2716103254831506,1.5554262429161323
25.41062331199646,-3.3092441538385047,1.4894530423569536,-3.2893199566095874,1.5674191525371133
25.461244106292725,-3.3092441538385047,1.4894530423569536,-3.306950562893001,1.5794166762866886
25.511709928512573,-3.5456951180439042,1.6525432784765175,-3.324444036852342,1.5913788800875341
25.562742471694946,-3.5456951180439042,1.6525432784765175,-3.3420491883966594,1.60347646935749
25.613306522369385,-3.5456951180439042,1.6525432784765175,-3.359408314611922,1.6154636668955789
25.663772106170654,-3.5456951180439042,1.6525432784765175,-3.3766495384836794,1.6274278092616354
25.714308977127075,-3.5456951180439042,1.6525432784765175,-3.393830599310831,1.639408766861476
25.764928579330444,-3.5456951180439042,1.6525432784765175,-3.4109546782287268,1.6514088766604447
25.815433502197266,-3.5456951180439042,1.6525432784765175,-3.427954754004969,1.663380964633628
25.867986917495728,-3.5456951180439042,1.6525432784765175,-3.4455536559814943,1.6758373535727866
25.918467044830322,-3.5456951180439042,1.6525432784765175,-3.4623708356348,1.6878006978153337
25.968833923339844,-3.5456951180439042,1.6525432784765175,-3.4790645925764876,1.6997352349553387
26.019203424453735,-3.5456951180439042,1.6525432784765175,-3.4956733060965517,1.7116680534422248
26.069535970687866,-3.5456951180439042,1.6525432784765175,-3.5121837089903822,1.7235894057995726
26.11986231803894,-3.5456951180439042,1.6525432784765175,-3.528605698450994,1.7355062062084
26.170424699783325,-3.5456951180439042,1.6525432784765175,-3.5450174224276108,1.747475414560046
26.221081495285034,-3.779244598787421,1.825630294404061,-3.561371753858997,1.7594630912844365
26.272411108016968,-3.779244598787421,1.825630294404061,-3.5778531098629283,1.771605632322471
26.324514865875244,-3.779244598787421,1.825630294404061,-3.5944898660931495,1.7839264144979703
26.375072240829468,-3.779244598787421,1.825630294404061,-3.610542828791854,1.7958764260838485
26.425694465637207,-3.779244598787421,1.825630294404061,-3.626527239339602,1.8078363434805051
26.476240158081055,-3.779244598787421,1.825630294404061,-3.6423981957276252,1.8197723835093584
26.52717089653015,-3.779244598787421,1.825630294404061,-3.658299519027366,1.8317931039568414
26.577944040298462,-3.779244598787421,1.825630294404061,-3.674060892987569,1.8437700001750874
26.628767490386963,-3.779244598787421,1.825630294404061,-3.689746855996563,1.8557517457090027
26.67936635017395,-3.779244598787421,1.825630294404061,-3.7052727500138136,1.8676731826426014
26.729766845703125,-3.779244598787421,1.825630294404061,-3.7206474806519516,1.8795401993670444
26.780400037765503,-3.779244598787421,1.825630294404061,-3.7360021753012442,1.8914538986576575
26.83108162879944,-3.779244598787421,1.825630294404061,-3.7512799116373436,1.903370462278556
26.881680965423584,-3.779244598787421,1.825630294404061,-3.766441124508172,1.9152587921817388
26.933273553848267,-3.9903633466918738,1.9933755547278238,-3.7818052987652333,1.9273709366609606
26.985111713409424,-3.9903633466918738,1.9933755547278238,-3.7971460675622204,1.9395306099445233
27.036001920700073,-3.9903633466918738,1.9933755547278238,-3.812111901800468,1.951457650439404
27.086472272872925,-3.9903633466918738,1.9933755547278238,-3.8268616245485827,1.9632758486325175
27.136857986450195,-3.9903633466918738,1.9933755547278238,-3.8414943302237,1.9750634711412411
27.187419176101685,-3.9903633466918738,1.9933755547278238,-3.8560850544233114,1.9868809566410028
27.23898696899414,-3.9903633466918738,1.9933755547278238,-3.8708700941884944,1.998921765421989
27.28964066505432,-3.9903633466918738,1.9933755547278238,-3.8852982495615986,2.0107369970147078
27.340474605560303,-3.9903633466918738,1.9933755547278238,-3.899683034688535,2.0225817809095394
27.39487910270691,-3.9903633466918738,1.9933755547278238,-3.9149728083236353,2.0352442297064197
27.448513507843018,-3.9903633466918738,1.9933755547278238,-3.9299392002213294,2.0477125008953907
27.498955249786377,-3.9903633466918738,1.9933755547278238,-3.9439175378251057,2.059424627757754
27.549396514892578,-3.9903633466918738,1.9933755547278238,-3.9578013240483303,2.0711227254833102
27.600010871887207,-3.9903633466918738,1.9933755547278238,-3.9716376116665306,2.0828465876829036
27.650425672531128,-4.187497147947831,2.1614444074631267,-3.985324372855597,2.094509522142583
27.700915098190308,-4.187497147947831,2.1614444074631267,-3.9989361657888174,2.106174625600376
27.751802444458008,-4.187497147947831,2.1614444074631267,-4.012558578026926,2.117915987323137
27.802875518798828,-4.187497147947831,2.1614444074631267,-4.0261329072054295,2.129683979080461
27.853644132614136,-4.187497147947831,2.1614444074631267,-4.039528982304025,2.1413653145449034
27.90462064743042,-4.187497147947831,2.1614444074631267,-4.052882049206358,2.153077532245968
27.95561408996582,-4.187497147947831,2.1614444074631267,-4.066141211162815,2.1647762438948916
28.006433963775635,-4.187497147947831,2.1614444074631267,-4.079257167884128,2.176417429825504
28.057077884674072,-4.187497147947831,2.1614444074631267,-4.092230098029557,2.1880003329874467
28.107815504074097,-4.187497147947831,2.1614444074631267,-4.1051290998744925,2.1995862768068397
28.15823721885681,-4.187497147947831,2.1614444074631267,-4.117850473894053,2.211081460177736
28.20871138572693,-4.187497147947831,2.1614444074631267,-4.130487713051843,2.222569619490189
28.25965642929077,-4.187497147947831,2.1614444074631267,-4.143143853065309,2.23414530005844
28.31008267402649,-4.187497147947831,2.1614444074631267,-4.155572969500657,2.2455832667740903
28.36040711402893,-4.366513866806065,2.3284930258353076,-4.167879453870315,2.2569780837010684
28.410872220993042,-4.366513866806065,2.3284930258353076,-4.180122293286541,2.268384243619934
28.46121335029602,-4.366513866806065,2.3284930258353076,-4.1922370448137425,2.2797415362018842
28.511825799942017,-4.366513866806065,2.3284930258353076,-4.204318216610806,2.2911386633352713
28.562307834625244,-4.366513866806065,2.3284930258353076,-4.216269313788471,2.3024846834438417
28.612908840179443,-4.366513866806065,2.3284930258353076,-4.228149223396551,2.3138352649989384
28.66357135772705,-4.366513866806065,2.3284930258353076,-4.239943739314637,2.325177009842923
28.7140531539917,-4.366513866806065,2.3284930258353076,-4.251596639571277,2.336455380823958
28.76449155807495,-4.366513866806065,2.3284930258353076,-4.263140109203439,2.347700824912911
28.815155744552612,-4.366513866806065,2.3284930258353076,-4.274635036274184,2.3589728403339354
28.86555027961731,-4.366513866806065,2.3284930258353076,-4.285968972146442,2.3701608448531566
28.916173219680786,-4.366513866806065,2.3284930258353076,-4.297253883665077,2.38137505216864
28.966620206832886,-4.366513866806065,2.3284930258353076,-4.308399307658863,2.3925254625446835
29.018956661224365,-4.366513866806065,2.3284930258353076,-4.319856219175118,2.404066907938618
29.06945514678955,-4.521077557877409,2.485829098435325,-4.3308083269109225,2.415176962025458
29.11984348297119,-4.521077557877409,2.485829098435325,-4.341636088472645,2.4262368677787034
29.170280694961548,-4.521077557877409,2.485829098435325,-4.352373702957464,2.4372811929748517
29.220938205718994,-4.521077557877409,2.485829098435325,-4.3630567025459035,2.4483468760914358
29.271741151809692,-4.521077557877409,2.485829098435325,-4.373668044345662,2.459416881558346
29.322563648223877,-4.521077557877409,2.485829098435325,-4.384180783619177,2.4704632528962325
29.373286247253418,-4.521077557877409,2.485829098435325,-4.394570306679212,2.4814597029443917
29.4238064289093,-4.521077557877409,2.485829098435325,-4.404816384529931,2.492383870203443
29.474345684051514,-4.521077557877409,2.485829098435325,-4.414964350908869,2.5032834171774256
29.525075674057007,-4.521077557877409,2.485829098435325,-4.4250478982083115,2.5141947981899633
29.57586097717285,-4.521077557877409,2.485829098435325,-4.435039222387098,2.5250882828198384
29.626503944396973,-4.521077557877409,2.485829098435325,-4.44489956844542,2.535921163682192
29.676851511001587,-4.521077557877409,2.485829098435325,-4.454600335074851,2.5466607053057686
29.727254152297974,-4.521077557877409,2.485829098435325,-4.464209652845517,2.557381501610093
29.778076887130737,-4.654463974866262,2.6350995788810025,-4.473795538324726,2.5681603746043606
29.828489303588867,-4.654463974866262,2.6350995788810025,-4.4832012106962384,2.5788208123352945
29.879006385803223,-4.654463974866262,2.6350995788810025,-4.49252356642825,2.5894716187604407
29.929625988006592,-4.654463974866262,2.6350995788810025,-4.5017614575441876,2.6001117627954136
29.980262756347656,-4.654463974866262,2.6350995788810025,-4.510898824062864,2.6107228048768207
30.03272032737732,-4.654463974866262,2.6350995788810025,-4.520255297666445,2.621680488912911
30.083114624023438,-4.654463974866262,2.6350995788810025,-4.529138743586866,2.6321733319455887
30.133472442626953,-4.654463974866262,2.6350995788810025,-4.537912852790251,2.642625062044555
30.183863878250122,-4.654463974866262,2.6350995788810025,-4.546589742774277,2.65304985348612
30.23425817489624,-4.654463974866262,2.6350995788810025,-4.55516390396952,2.66344093028478
30.284886121749878,-4.654463974866262,2.6350995788810025,-4.563673775361751,2.67384525893155
30.335416316986084,-4.654463974866262,2.6350995788810025,-4.572063136370313,2.684194214883967
30.385843515396118,-4.654463974866262,2.6350995788810025,-4.5803316412937,2.6944865569170027
30.436284065246582,-4.763505823136263,2.7720780898741912,-4.5884985525708215,2.70474575092788
30.486767530441284,-4.763505823136263,2.7720780898741912,-4.596568394045879,2.7149773742029857
30.537137508392334,-4.763505823136263,2.7720780898741912,-4.604516296274891,2.7251494303131527
30.587599277496338,-4.763505823136263,2.7720780898741912,-4.612374633478059,2.7353030241328664
30.638363122940063,-4.763505823136263,2.7720780898741912,-4.620174849882537,2.7454796557915144
30.688817024230957,-4.763505823136263,2.7720780898741912,-4.627822849631928,2.7555562670257023
30.739530086517334,-4.763505823136263,2.7720780898741912,-4.635404980987648,2.7656461992591765
30.7899432182312,-4.763505823136263,2.7720780898741912,-4.6428377069374385,2.7756378880655617
30.84062147140503,-4.763505823136263,2.7720780898741912,-4.6502043735577825,2.7856429895806145
30.891063928604126,-4.763505823136263,2.7720780898741912,-4.657432007111881,2.7955622046850777
30.941608428955078,-4.763505823136263,2.7720780898741912,-4.6645693654975275,2.8054617518733425
30.9920814037323,-4.763505823136263,2.7720780898741912,-4.671591781069284,2.8153072298473174
31.042714595794678,-4.763505823136263,2.7720780898741912,-4.678531159321512,2.8251433658874197
31.093143463134766,-4.763505823136263,2.7720780898741912,-4.685337618689159,2.8348990268989063
31.14365291595459,-4.858605525543991,2.9086635883342034,-4.692049944725455,2.844629111179333
31.195217609405518,-4.858605525543991,2.9086635883342034,-4.698794039324073,2.8545195942225923
31.245908737182617,-4.858605525543991,2.9086635883342034,-4.705317012648069,2.8641999143689176
31.296370029449463,-4.858605525543991,2.9086635883342034,-4.711705126751344,2.87379401787018
31.346848011016846,-4.858605525543991,2.9086635883342034,-4.717990212171297,2.8833486780898188
31.397405862808228,-4.858605525543991,2.9086635883342034,-4.724179791593799,2.892875366013148
31.44850444793701,-4.858605525543991,2.9086635883342034,-4.730328297024625,2.9024597535054406
31.499155521392822,-4.858605525543991,2.9086635883342034,-4.736316485884981,2.9119159885157337
31.549622774124146,-4.858605525543991,2.9086635883342034,-4.742177483711938,2.921293760017111
31.60015296936035,-4.858605525543991,2.9086635883342034,-4.747940295414226,2.9306387170790256
31.65063238143921,-4.858605525543991,2.9086635883342034,-4.753591883864003,2.9399294501573516
31.701322078704834,-4.858605525543991,2.9086635883342034,-4.759160950940414,2.949213433031158
31.752065896987915,-4.858605525543991,2.9086635883342034,-4.764629484731119,2.9584613435892715
31.80334448814392,-4.858605525543991,2.9086635883342034,-4.770047401597658,2.967759604558021
31.853954792022705,-4.933736728474106,3.036299667761901,-4.775287993209745,2.9768898857228763
31.904468774795532,-4.933736728474106,3.036299667761901,-4.780412881022835,2.9859560694033584
31.9552264213562,-4.933736728474106,3.036299667761901,-4.785456081550567,2.9950186107750505
32.006160736083984,-4.933736728474106,3.036299667761901,-4.790409602981442,3.004064595613601
32.05668234825134,-4.933736728474106,3.036299667761901,-4.795216862866348,3.0129893265354872
32.10725522041321,-4.933736728474106,3.036299667761901,-4.799923140678672,3.0218749215026675
32.157840728759766,-4.933736728474106,3.036299667761901,-4.804524638626976,3.0307141484509956
32.20872521400452,-4.933736728474106,3.036299667761901,-4.809046422407221,3.039556234529641
32.25929641723633,-4.933736728474106,3.036299667761901,-4.813434131902173,3.0482944551487465
32.310280084609985,-4.933736728474106,3.036299667761901,-4.81775042711417,3.0570537089350296
32.361130475997925,-4.933736728474106,3.036299667761901,-4.821948232325602,3.065739465388317
32.41189789772034,-4.933736728474106,3.036299667761901,-4.8260323940661785,3.0743602849187877
32.46286916732788,-4.933736728474106,3.036299667761901,-4.83002561772598,3.0829643348386297
32.5133843421936,-4.933736728474106,3.036299667761901,-4.833877012230908,3.0914402462207744
32.56417155265808,-4.9888896397695515,3.1551558515881406,-4.837642690302493,3.0999101210902293
32.614845275878906,-4.9888896397695515,3.1551558515881406,-4.841293589219763,3.1083090748229925
32.66547751426697,-4.9888896397695515,3.1551558515881406,-4.844835407666508,3.1166489332049165
32.71617245674133,-4.9888896397695515,3.1551558515881406,-4.848275393276186,3.1249464788839827
32.76682138442993,-4.9888896397695515,3.1551558515881406,-4.851606145037484,3.1331835466205895
32.817591428756714,-4.9888896397695515,3.1551558515881406,-4.854838449074146,3.1413868543539505
32.868308544158936,-4.9888896397695515,3.1551558515881406,-4.857961044367164,3.1495278287318493
32.91882634162903,-4.9888896397695515,3.1551558515881406,-4.860965746498662,3.1575830322206064
32.969197511672974,-4.9888896397695515,3.1551558515881406,-4.863856811256367,3.1655610818716857
33.01962661743164,-4.9888896397695515,3.1551558515881406,-4.866646297828906,3.1734941850055343
33.0699462890625,-4.9888896397695515,3.1551558515881406,-4.869325152302809,3.181355763144526
33.12058997154236,-4.9888896397695515,3.1551558515881406,-4.871915826311268,3.1892128521570475
33.17138862609863,-4.9888896397695515,3.1551558515881406,-4.874408223476218,3.197038106417285
33.224039793014526,-4.9888896397695515,3.1551558515881406,-4.876879312990822,3.2050893082518632
33.274582624435425,-5.022877721158886,3.259603466313611,-4.879144067323756,3.2127608673032766
33.32499814033508,-5.022877721158886,3.259603466313611,-4.8812983811825035,3.2203569053877077
33.375535011291504,-5.022877721158886,3.259603466313611,-4.88335295852165,3.2279145711868598
33.426023721694946,-5.022877721158886,3.259603466313611,-4.885300741616803,3.235408064167971
33.47671389579773,-5.022877721158886,3.259603466313611,-4.887150947489035,3.2428738455787087
33.528186321258545,-5.022877721158886,3.259603466313611,-4.888921760148893,3.250395431375173
33.5788152217865,-5.022877721158886,3.259603466313611,-4.890557511088861,3.2577350246787855
33.629509687423706,-5.022877721158886,3.259603466313611,-4.892090083483263,3.2650254382157304
33.68020510673523,-5.022877721158886,3.259603466313611,-4.893517392235901,3.2722569401691834
33.73069667816162,-5.022877721158886,3.259603466313611,-4.894834380024481,3.279400349439595
33.78109931945801,-5.022877721158886,3.259603466313611,-4.89604503230669,3.2864721192991784
33.831401109695435,-5.022877721158886,3.259603466313611,-4.897149731169968,3.293470596075773
33.88172364234924,-5.022877721158886,3.259603466313611,-4.898151478120333,3.300412525682292
33.93231225013733,-5.022877721158886,3.259603466313611,-4.899054358352107,3.307330928127883
33.9832239151001,-5.037096429182682,3.3559305757446776,-4.899857654940068,3.314232222734164
34.03370666503906,-5.037096429182682,3.3559305757446776,-4.900549923964357,3.3210143531268193
34.08408260345459,-5.037096429182682,3.3559305757446776,-4.901137333108661,3.327721251710218
34.13460350036621,-5.037096429182682,3.3559305757446776,-4.901622797750354,3.334386060216245
34.185149908065796,-5.037096429182682,3.3559305757446776,-4.902004745093388,3.3409924015263694
34.23562026023865,-5.037096429182682,3.3559305757446776,-4.902282665454992,3.3475267870951386
34.28665328025818,-5.037096429182682,3.3559305757446776,-4.90245868143353,3.3540707010328417
34.3373441696167,-5.037096429182682,3.3559305757446776,-4.902529100828668,3.360507402856235
34.38830304145813,-5.037096429182682,3.3559305757446776,-4.90249511272601,3.366914193702914
34.43937158584595,-5.037096429182682,3.3559305757446776,-4.902355771592919,3.3732701479527654
34.48993754386902,-5.037096429182682,3.3559305757446776,-4.902114075808443,3.3794995036169806
34.540791273117065,-5.037096429182682,3.3559305757446776,-4.901767027966168,3.3856997314165294
34.59309387207031,-5.037096429182682,3.3559305757446776,-4.901301450703963,3.3920087342072494
34.64577507972717,-5.037096429182682,3.3559305757446776,-4.900721272703295,3.3982934992727625
34.6962149143219,-5.031181761376329,3.4400727861765654,-4.900061300849178,3.404244819677201
34.74696660041809,-5.031181761376329,3.4400727861765654,-4.899294221577457,3.410167417631353
34.79797911643982,-5.031181761376329,3.4400727861765654,-4.898419189924166,3.416053929293198
34.848681926727295,-5.031181761376329,3.4400727861765654,-4.897446276090378,3.421838319232216
34.89910840988159,-5.031181761376329,3.4400727861765654,-4.896376758649312,3.4275252536461442
34.949657678604126,-5.031181761376329,3.4400727861765654,-4.8952027751755445,3.4331597569270174
35.0004768371582,-5.031181761376329,3.4400727861765654,-4.893919860691656,3.4387571634470833
35.050870180130005,-5.031181761376329,3.4400727861765654,-4.892546191617673,3.444240869999549
35.10126328468323,-5.031181761376329,3.4400727861765654,-4.891071596233496,3.449657751723989
35.15185856819153,-5.031181761376329,3.4400727861765654,-4.889489690581032,3.4550288838575396
35.202518463134766,-5.031181761376329,3.4400727861765654,-4.887804122875367,3.4603388469467093
35.2531201839447,-5.031181761376329,3.4400727861765654,-4.886019111451073,3.465574478491348
35.303518533706665,-5.031181761376329,3.4400727861765654,-4.88414071656401,3.470721007639431
35.35447120666504,-5.031181761376329,3.4400727861765654,-4.88213980321033,3.475854815960397
35.405547857284546,-5.00579329317677,3.509945827297999,-4.880031394626643,3.480930874690741
35.45632290840149,-5.00579329317677,3.509945827297999,-4.877833757307782,3.4859069776732126
35.50689911842346,-5.00579329317677,3.509945827297999,-4.875544108481467,3.490793954903305
35.55771350860596,-5.00579329317677,3.509945827297999,-4.873142714120391,3.4956336804954375
35.60822534561157,-5.00579329317677,3.509945827297999,-4.870655488857384,3.5003745183253896
35.658910512924194,-5.00579329317677,3.509945827297999,-4.868059556073475,3.505061134384448
35.709346532821655,-5.00579329317677,3.509945827297999,-4.865376951002197,3.5096543585104154
35.759843826293945,-5.00579329317677,3.509945827297999,-4.862591893182517,3.514182591950857
35.81022500991821,-5.00579329317677,3.509945827297999,-4.859714503671337,3.5186297841902396
35.860610246658325,-5.00579329317677,3.509945827297999,-4.856738427435785,3.5230065207249557
35.91114377975464,-5.00579329317677,3.509945827297999,-4.853654879163205,3.5273247533038465
35.96195077896118,-5.00579329317677,3.509945827297999,-4.850455168568959,3.531594024260253
36.013938426971436,-5.00579329317677,3.509945827297999,-4.847078053542596,3.5358871624911696
36.064399003982544,-5.00579329317677,3.509945827297999,-4.843700644770779,3.539981054863855
36.11478519439697,-4.959458763268182,3.5656382566287363,-4.840230614305878,3.5439967698905117
36.16544771194458,-4.959458763268182,3.5656382566287363,-4.836643415408876,3.547961575252238
36.215954303741455,-4.959458763268182,3.5656382566287363,-4.832969500379246,3.5518411359870523
36.26647710800171,-4.959458763268182,3.5656382566287363,-4.829196951460471,3.5556487319924317
36.316869020462036,-4.959458763268182,3.5656382566287363,-4.825337284000375,3.559373283544212
36.367443799972534,-4.959458763268182,3.5656382566287363,-4.82136651891527,3.563037625968118
36.41786432266235,-4.959458763268182,3.5656382566287363,-4.817311246581874,3.5666170315272567
36.46854090690613,-4.959458763268182,3.5656382566287363,-4.813138380618736,3.5701401660929273
36.51888346672058,-4.959458763268182,3.5656382566287363,-4.808896942520332,3.5735659417886483
36.56945037841797,-4.959458763268182,3.5656382566287363,-4.804540413890803,3.5769323633073373
36.61973857879639,-4.959458763268182,3.5656382566287363,-4.80011250240916,3.580205829113451
36.67026162147522,-4.959458763268182,3.5656382566287363,-4.795568329543117,3.583419635462592
36.720863342285156,-4.959458763268182,3.5656382566287363,-4.790921268816891,3.586562920304731
36.77194666862488,-4.959458763268182,3.5656382566287363,-4.786132945521026,3.589659221377193
36.82245707511902,-4.895473415869924,3.606329244002186,-4.781302690549736,3.5926445987395255
36.873117446899414,-4.895473415869924,3.606329244002186,-4.776362802120628,3.595562508184422
36.92358374595642,-4.895473415869924,3.606329244002186,-4.771347178799427,3.5983930113357
36.97405171394348,-4.895473415869924,3.606329244002186,-4.7662371364511955,3.601147302456547
37.024566411972046,-4.895473415869924,3.606329244002186,-4.761028207900493,3.603827512743261
37.075079917907715,-4.895473415869924,3.606329244002186,-4.7557254407540235,3.6064307793756845
37.12623071670532,-4.895473415869924,3.606329244002186,-4.750260267396254,3.608988329319033
37.1773202419281,-4.895473415869924,3.606329244002186,-4.7447059549859745,3.6114636852419344
37.22772836685181,-4.895473415869924,3.606329244002186,-4.739132240968576,3.613828305548411
37.27817940711975,-4.895473415869924,3.606329244002186,-4.733461051065493,3.6161174322583403
37.32858204841614,-4.895473415869924,3.606329244002186,-4.727702907714903,3.618326728779109
37.37903952598572,-4.895473415869924,3.606329244002186,-4.721846244471601,3.6204605009182527
37.429439306259155,-4.895473415869924,3.606329244002186,-4.715904377956153,3.6225137941992664
37.47989511489868,-4.895473415869924,3.606329244002186,-4.709864154377129,3.6244910450778676
37.53034257888794,-4.813804295060254,3.630783500793705,-4.703733401371428,3.626389421111555
37.58094120025635,-4.813804295060254,3.630783500793705,-4.697492600957661,3.628214392640319
37.63136124610901,-4.813804295060254,3.630783500793705,-4.691182752607025,3.629953935981007
37.68181490898132,-4.813804295060254,3.630783500793705,-4.6847779517927925,3.631615519330108
37.732226848602295,-4.813804295060254,3.630783500793705,-4.678288043706161,3.6331964897561964
37.7827672958374,-4.813804295060254,3.630783500793705,-4.671691142075399,3.6347017914348783
37.83322095870972,-4.813804295060254,3.630783500793705,-4.665015500485926,3.63612472593402
37.88371539115906,-4.813804295060254,3.630783500793705,-4.658244631567937,3.637468814093208
37.9341402053833,-4.813804295060254,3.630783500793705,-4.651393682070227,3.638731002818763
37.98460388183594,-4.813804295060254,3.630783500793705,-4.644448265016244,3.639913899344484
38.03511714935303,-4.813804295060254,3.630783500793705,-4.637406941574829,3.6410173642664994
38.085561990737915,-4.813804295060254,3.630783500793705,-4.630286486621704,3.642038687035569
38.13619589805603,-4.813804295060254,3.630783500793705,-4.623050513545898,3.6429826147290254
38.18665885925293,-4.813804295060254,3.630783500793705,-4.615750701805606,3.6438422183921717
38.23733448982239,-4.714613204727366,3.6402271249801963,-4.608331731567469,3.6446237589533244
38.28823208808899,-4.714613204727366,3.6402271249801963,-4.600791389137347,3.6453261538866304
38.33880567550659,-4.714613204727366,3.6402271249801963,-4.593211114003537,3.6459419470222696
38.38931369781494,-4.714613204727366,3.6402271249801963,-4.5855534707786,3.646475066380587
38.44006872177124,-4.714613204727366,3.6402271249801963,-4.577770891050334,3.6469282040261612
38.490946531295776,-4.714613204727366,3.6402271249801963,-4.5698817593675445,3.6472991823507357
38.541698932647705,-4.714613204727366,3.6402271249801963,-4.561924864611461,3.6475860357435455
38.592374086380005,-4.714613204727366,3.6402271249801963,-4.553893475917876,3.64778937477017
38.64316177368164,-4.714613204727366,3.6402271249801963,-4.5457577251385946,3.6479097163511995
38.69378614425659,-4.714613204727366,3.6402271249801963,-4.537562231681762,3.6479463769740916
38.74540400505066,-4.714613204727366,3.6402271249801963,-4.5291179094605285,3.6478979751239704
38.796255111694336,-4.714613204727366,3.6402271249801963,-4.5207124546962625,3.647765443184295
38.84998059272766,-4.714613204727366,3.6402271249801963,-4.511738880926234,3.647533763829503
38.90096473693848,-4.714613204727366,3.6402271249801963,-4.503135145747949,3.64722666028284
38.951478004455566,-4.59906624908399,3.6331924510492577,-4.4945266407059945,3.6468384580032644
39.00221133232117,-4.59906624908399,3.6331924510492577,-4.485796555859807,3.646364329879401
39.0547993183136,-4.59906624908399,3.6331924510492577,-4.476658725149767,3.645783616099894
39.10580825805664,-4.59906624908399,3.6331924510492577,-4.467709434759135,3.645133391535382
39.15652632713318,-4.59906624908399,3.6331924510492577,-4.45872769139093,3.644401845124678
39.20736598968506,-4.59906624908399,3.6331924510492577,-4.449641191474261,3.6435833186988806
39.25787329673767,-4.59906624908399,3.6331924510492577,-4.440531905688717,3.642685519193041
39.30875205993652,-4.59906624908399,3.6331924510492577,-4.431273127010273,3.6416957078017895
39.359267234802246,-4.59906624908399,3.6331924510492577,-4.42199892155819,3.640628038182065
39.41060519218445,-4.59906624908399,3.6331924510492577,-4.412490697594101,3.639456145253501
39.46113586425781,-4.59906624908399,3.6331924510492577,-4.403050650041556,3.638217076436071
39.51167297363281,-4.59906624908399,3.6331924510492577,-4.393529018684461,3.6368927882777173
39.56213665008545,-4.59906624908399,3.6331924510492577,-4.383941339950485,3.6354854260656873
39.61262011528015,-4.59906624908399,3.6331924510492577,-4.3742703598317325,3.633992411000904
39.663402795791626,-4.466768813500636,3.6090178822270724,-4.364462129093629,3.6324045574362054
39.71416521072388,-4.466768813500636,3.6090178822270724,-4.354578031915187,3.6307310338792456
39.765077352523804,-4.466768813500636,3.6090178822270724,-4.344585005586602,3.628965795275054
39.8157000541687,-4.466768813500636,3.6090178822270724,-4.334569919067414,3.627124318043926
39.866395473480225,-4.466768813500636,3.6090178822270724,-4.324461972787042,3.6251938770790035
39.91708421707153,-4.466768813500636,3.6090178822270724,-4.314277187333137,3.6231772244171276
39.967488050460815,-4.466768813500636,3.6090178822270724,-4.30407248329584,3.621086075038537
40.01787805557251,-4.466768813500636,3.6090178822270724,-4.293794005146362,3.6189098480797908
40.068315505981445,-4.466768813500636,3.6090178822270724,-4.28342952131377,3.6166457172584603
40.11910104751587,-4.466768813500636,3.6090178822270724,-4.2729167012611065,3.614279080909423
40.16973257064819,-4.466768813500636,3.6090178822270724,-4.262359395004147,3.6118327484688644
40.220107078552246,-4.466768813500636,3.6090178822270724,-4.251780356378743,3.6093126639335917
40.27066683769226,-4.466768813500636,3.6090178822270724,-4.241087218887612,3.6066968003794804
40.32105231285095,-4.466768813500636,3.6090178822270724,-4.2303563496765015,3.6040036481098046
40.371949195861816,-4.3208729777048775,3.568712431783062,-4.219441321737117,3.60119560525965
40.422938108444214,-4.3208729777048775,3.568712431783062,-4.208431095796506,3.5982941678667126
40.47329902648926,-4.3208729777048775,3.568712431783062,-4.197482694368222,3.595341617674759
40.52426362037659,-4.3208729777048775,3.568712431783062,-4.186328773053321,3.5922657317427493
40.57486534118652,-4.3208729777048775,3.568712431783062,-4.175180705442208,3.5891241485536725
40.625394105911255,-4.3208729777048775,3.568712431783062,-4.163975933073678,3.585899928216313
40.675968170166016,-4.3208729777048775,3.568712431783062,-4.152688657619283,3.5825855285238175
40.727190256118774,-4.3208729777048775,3.568712431783062,-4.141183240509628,3.579139579628114
40.777955532073975,-4.3208729777048775,3.568712431783062,-4.129707810694346,3.5756358458499435
40.82885527610779,-4.3208729777048775,3.568712431783062,-4.1181297786544935,3.572034298488173
40.88023543357849,-4.3208729777048775,3.568712431783062,-4.106369524708512,3.5683087883788898
40.93079423904419,-4.3208729777048775,3.568712431783062,-4.094726107677033,3.5645545397395426
40.98191547393799,-4.3208729777048775,3.568712431783062,-4.082881780939611,3.560669423238238
41.03287124633789,-4.3208729777048775,3.568712431783062,-4.071004742502107,3.5567076656689682
41.08380317687988,-4.3208729777048775,3.568712431783062,-4.059062763979069,3.552658702428633
41.13440799713135,-4.162582337074012,3.511932105031242,-4.047128061548587,3.54854751353595
41.18511724472046,-4.162582337074012,3.511932105031242,-4.03509970160411,3.544339577459082
41.23586940765381,-4.162582337074012,3.511932105031242,-4.022992358414886,3.5400395708246335
41.286319732666016,-4.162582337074012,3.511932105031242,-4.01088918347244,3.5356773390596254
41.33679938316345,-4.162582337074012,3.511932105031242,-3.998711661137766,3.53122492103565
41.38716506958008,-4.162582337074012,3.511932105031242,-3.9864949085853603,3.5266951404313165
41.437483072280884,-4.162582337074012,3.511932105031242,-3.974223551127944,3.522082424014319
41.488062381744385,-4.162582337074012,3.511932105031242,-3.96182219702504,3.5173578592922508
41.53912949562073,-4.162582337074012,3.511932105031242,-3.949234229337126,3.5124982998238927
41.58970880508423,-4.162582337074012,3.511932105031242,-3.9367005278412823,3.507596558500814
41.64080214500427,-4.162582337074012,3.511932105031242,-3.9239731839184597,3.5025554522420377
41.691757917404175,-4.162582337074012,3.511932105031242,-3.911214179418871,3.4974382584134025
41.742249965667725,-4.162582337074012,3.511932105031242,-3.8985067416713006,3.4922792934407934
41.793363094329834,-4.162582337074012,3.511932105031242,-3.8855779568744397,3.486967287740605
41.844058990478516,-3.993541429352238,3.4391967395480454,-3.8726904735401195,3.481609599534147
41.89476490020752,-3.993541429352238,3.4391967395480454,-3.8597368557698766,3.4761621357225194
41.94573616981506,-3.993541429352238,3.4391967395480454,-3.846651758537287,3.470596730164727
41.99636721611023,-3.993541429352238,3.4391967395480454,-3.8335911884867477,3.4649796943247173
42.04703879356384,-3.993541429352238,3.4391967395480454,-3.8204578894130363,3.4592695698945275
42.09750199317932,-3.993541429352238,3.4391967395480454,-3.8073170856400473,3.4534948434440738
42.14839315414429,-3.993541429352238,3.4391967395480454,-3.794003077773599,3.4475821197426777
42.19894075393677,-3.993541429352238,3.4391967395480454,-3.7807179623833354,3.4416208182735133
42.24932861328125,-3.993541429352238,3.4391967395480454,-3.7674147399948987,3.435590583821876
42.299800395965576,-3.993541429352238,3.4391967395480454,-3.7540296194470195,3.429462460813737
42.350441694259644,-3.993541429352238,3.4391967395480454,-3.7405398592528827,3.4232254038593415
42.40097141265869,-3.993541429352238,3.4391967395480454,-3.7270206438559947,3.4169138934079357
42.451677322387695,-3.993541429352238,3.4391967395480454,-3.7133952789582834,3.410491829919016
42.50215005874634,-3.993541429352238,3.4391967395480454,-3.6997742766954165,3.4040112264987803
42.55272555351257,-3.805684841202947,3.3455941122371207,-3.686067617989389,3.3974293105277633
42.6034209728241,-3.805684841202947,3.3455941122371207,-3.672270682915691,3.3907432869131044
42.654231786727905,-3.805684841202947,3.3455941122371207,-3.658384720810104,3.383953160292177
42.705121755599976,-3.805684841202947,3.3455941122371207,-3.644419726878068,3.3770632893029484
42.75656604766846,-3.805684841202947,3.3455941122371207,-3.6302446647246382,3.3700077004478852
42.80713200569153,-3.805684841202947,3.3455941122371207,-3.616255261590758,3.3629837676133074
42.85764765739441,-3.805684841202947,3.3455941122371207,-3.6022244061119544,3.3558789446926243
42.908188343048096,-3.805684841202947,3.3455941122371207,-3.588131632825016,3.348682737150443
42.96171855926514,-3.805684841202947,3.3455941122371207,-3.573145772942307,3.340965072514896
43.01249313354492,-3.805684841202947,3.3455941122371207,-3.5588752546444495,3.3335536755263013
43.06343150138855,-3.805684841202947,3.3455941122371207,-3.5445042526278847,3.3260293661850686
43.11407494544983,-3.805684841202947,3.3455941122371207,-3.5301628205384605,3.3184602927701436
43.16467213630676,-3.805684841202947,3.3455941122371207,-3.5157815065936187,3.310810229172893
43.21513533592224,-3.805684841202947,3.3455941122371207,-3.501385955732053,3.303092960521858
43.26560735702515,-3.6006028802893533,3.2313679890184863,-3.4869360467844785,3.2952870245482595
43.31603407859802,-3.6006028802893533,3.2313679890184863,-3.472447754582101,3.2874009410224745
43.36678671836853,-3.6006028802893533,3.2313679890184863,-3.4578144233052104,3.279375985235986
43.417348861694336,-3.6006028802893533,3.2313679890184863,-3.443185173041327,3.271293520562628
43.46784210205078,-3.6006028802893533,3.2313679890184863,-3.4285256428287014,3.263134846020529
43.51866555213928,-3.6006028802893533,3.2313679890184863,-3.4137200031226556,3.2548348601462767
43.569209575653076,-3.6006028802893533,3.2313679890184863,-3.3989462076087,3.2464930584849183
43.6197726726532,-3.6006028802893533,3.2313679890184863,-3.384117821346698,3.2380609213963254
43.670554399490356,-3.6006028802893533,3.2313679890184863,-3.3691764115728167,3.2295046268313508
43.72394895553589,-3.6006028802893533,3.2313679890184863,-3.353413855257976,3.220413388947768
43.77445912361145,-3.6006028802893533,3.2313679890184863,-3.3384538309974197,3.211723988578882
43.825838804244995,-3.6006028802893533,3.2313679890184863,-3.323187889579591,3.2027960374421673
43.87731385231018,-3.6006028802893533,3.2313679890184863,-3.3078451338956616,3.1937616251856227
43.928059101104736,-3.6006028802893533,3.2313679890184863,-3.2926728557249425,3.1847673183199294
43.9785053730011,-3.3908600968954827,3.102565133380409,-3.2775441079599337,3.17573950710691
44.02904486656189,-3.3908600968954827,3.102565133380409,-3.2623419889194674,3.1666086220872898
44.07949757575989,-3.3908600968954827,3.102565133380409,-3.247121071797751,3.157407259202007
44.130080461502075,-3.3908600968954827,3.102565133380409,-3.231816283407073,3.1480958325866775
44.180585861206055,-3.3908600968954827,3.102565133380409,-3.2164908253696574,3.1387125305182657
44.23093032836914,-3.3908600968954827,3.102565133380409,-3.201170767870157,3.129273563373701
44.28210234642029,-3.3908600968954827,3.102565133380409,-3.185554893416448,3.1195919978090534
44.33388638496399,-3.3908600968954827,3.102565133380409,-3.1697075713793676,3.1097050057578177
44.384527921676636,-3.3908600968954827,3.102565133380409,-3.1541668709307986,3.099949052333203
44.43496251106262,-3.3908600968954827,3.102565133380409,-3.138647848437346,3.0901474780682743
44.485591411590576,-3.3908600968954827,3.102565133380409,-3.1230274943810397,3.080222444496626
44.536359786987305,-3.3908600968954827,3.102565133380409,-3.107322763775917,3.0701839667160447
44.58698534965515,-3.3908600968954827,3.102565133380409,-3.0916214316544024,3.0600879864949597
44.63760280609131,-3.3908600968954827,3.102565133380409,-3.0758823492158487,3.049908141752455
44.688278913497925,-3.177679494164517,2.960295823566334,-3.060085147213015,3.0396309996784883
44.73917603492737,-3.177679494164517,2.960295823566334,-3.0441793349523585,3.029223048555731
44.789769887924194,-3.177679494164517,2.960295823566334,-3.0283293022343845,3.018791833173029
44.84317708015442,-3.177679494164517,2.960295823566334,-3.0115562229185335,3.0076884694617037
44.89378547668457,-3.177679494164517,2.960295823566334,-2.995623099412005,2.997079820315776
44.944435119628906,-3.177679494164517,2.960295823566334,-2.9796394182885133,2.986377746376117
45.00010538101196,-3.177679494164517,2.960295823566334,-2.962028540863662,2.974517156311267
45.050573110580444,-3.177679494164517,2.960295823566334,-2.9460251788412464,2.963676719225569
45.10114550590515,-3.177679494164517,2.960295823566334,-2.929952587240211,2.9527297585711505
45.15176582336426,-3.177679494164517,2.960295823566334,-2.9138290881240962,2.9416883190045233
45.20239543914795,-3.177679494164517,2.960295823566334,-2.8976673760061065,2.9305608277322555
45.25303840637207,-3.177679494164517,2.960295823566334,-2.8814665868790335,2.919346485202329
45.303874254226685,-3.177679494164517,2.960295823566334,-2.865169533203857,2.908005174447633
45.354618310928345,-3.177679494164517,2.960295823566334,-2.8488678300297283,2.896600306993325
45.405555963516235,-2.9535024394081946,2.799250323899674,-2.8324701541251813,2.885067645150487
45.45667266845703,-2.9535024394081946,2.799250323899674,-2.8159812814613936,2.873409715958683
45.508108615875244,-2.9535024394081946,2.799250323899674,-2.7993559716950305,2.8615934705956105
45.55971121788025,-2.9535024394081946,2.799250323899674,-2.782643549122971,2.8496529189040305
45.6106333732605,-2.9535024394081946,2.799250323899674,-2.7661193276446583,2.8377855247295587
45.66114163398743,-2.9535024394081946,2.799250323899674,-2.749698302471881,2.8259320400149246
45.71156573295593,-2.9535024394081946,2.799250323899674,-2.7332741845349355,2.8140164681907476
45.76213717460632,-2.9535024394081946,2.799250323899674,-2.7167719647866027,2.801984119573721
45.812902212142944,-2.9535024394081946,2.799250323899674,-2.700176703173786,2.789823333228035
45.86342692375183,-2.9535024394081946,2.799250323899674,-2.683630747656003,2.7776383447636417
45.91406011581421,-2.9535024394081946,2.799250323899674,-2.667020441846384,2.765345531380479
45.96482062339783,-2.9535024394081946,2.799250323899674,-2.6503398647671728,2.7529399307505558
46.01559925079346,-2.9535024394081946,2.799250323899674,-2.6336252383065784,2.7404480622676393
46.06647729873657,-2.9535024394081946,2.799250323899674,-2.6168501670468207,2.7278498289320265
46.11702346801758,-2.719219921985767,2.6183765709243603,-2.6001575040096783,2.715252776054273
46.17004370689392,-2.719219921985767,2.6183765709243603,-2.582619352139992,2.701952588695438
46.22053503990173,-2.719219921985767,2.6183765709243603,-2.5658911246211638,2.689204601309167
46.271193981170654,-2.719219921985767,2.6183765709243603,-2.549081759998184,2.6763339233780377
46.32377910614014,-2.719219921985767,2.6183765709243603,-2.531606620899025,2.6628889246379384
46.37627363204956,-2.719219921985767,2.6183765709243603,-2.514135030151509,2.6493810049977053
46.42695641517639,-2.719219921985767,2.6183765709243603,-2.497241737626636,2.636257885822023
46.4774968624115,-2.719219921985767,2.6183765709243603,-2.480372188684787,2.6230921953967106
46.52815508842468,-2.719219921985767,2.6183765709243603,-2.463440037931021,2.6098164390439433
46.578643798828125,-2.719219921985767,2.6183765709243603,-2.446541804049005,2.5965062361671074
46.62958359718323,-2.719219921985767,2.6183765709243603,-2.4294700480382785,2.582997530694479
46.68044686317444,-2.719219921985767,2.6183765709243603,-2.4124018107627636,2.569429579883159
46.73121762275696,-2.719219921985767,2.6183765709243603,-2.39534302740569,2.5558072594643084
46.78208780288696,-2.719219921985767,2.6183765709243603,-2.3782296721033305,2.5420792783924493
46.832874059677124,-2.496832130692738,2.4354279832790815,-2.3611238786827413,2.528295301296691
46.88335037231445,-2.496832130692738,2.4354279832790815,-2.344102474075519,2.514517808215454
46.93418097496033,-2.496832130692738,2.4354279832790815,-2.3269419038231103,2.5005656207227616
46.984915018081665,-2.496832130692738,2.4354279832790815,-2.3097946885036276,2.4865621252050736
47.035621643066406,-2.496832130692738,2.4354279832790815,-2.292637992113667,2.472488753605952
47.08710694313049,-2.496832130692738,2.4354279832790815,-2.275199127136635,2.4581202887974545
47.13776874542236,-2.496832130692738,2.4354279832790815,-2.258021265097259,2.4439042044154635
47.18891525268555,-2.496832130692738,2.4354279832790815,-2.24066148521739,2.429474428603872
47.23976159095764,-2.496832130692738,2.4354279832790815,-2.223386555450927,2.415052217578843
47.29101514816284,-2.496832130692738,2.4354279832790815,-2.2059565611252165,2.4004369300445694
47.34174704551697,-2.496832130692738,2.4354279832790815,-2.1886879114257365,2.3858939483074155
47.392250299453735,-2.496832130692738,2.4354279832790815,-2.171481680745239,2.371341211752661
47.442988872528076,-2.496832130692738,2.4354279832790815,-2.1541802558077014,2.3566452610962427
47.4937949180603,-2.496832130692738,2.4354279832790815,-2.1368411980623243,2.3418542877023274
47.544517993927,-2.2580903361076614,2.2267751560386517,-2.1195163184516677,2.3270123778746186
47.59591364860535,-2.2580903361076614,2.2267751560386517,-2.1019477778377693,2.311897400786658
47.646708726882935,-2.2580903361076614,2.2267751560386517,-2.084571215441378,2.2968838811649626
47.6975212097168,-2.2580903361076614,2.2267751560386517,-2.067175918413979,2.28179071701451
47.748719930648804,-2.2580903361076614,2.2267751560386517,-2.0496359353043654,2.266507729046319
47.799617290496826,-2.2580903361076614,2.2267751560386517,-2.032187263755281,2.251240250136271
47.851404428482056,-2.2580903361076614,2.2267751560386517,-2.0144218288040445,2.2356299609354195
47.90187406539917,-2.2580903361076614,2.2267751560386517,-1.9970974395253354,2.2203434125520785
47.95235085487366,-2.2580903361076614,2.2267751560386517,-1.9797602701293726,2.2049825020737144
48.00320315361023,-2.2580903361076614,2.2267751560386517,-1.9622841422783417,2.1894345830316038
48.053786754608154,-2.2580903361076614,2.2267751560386517,-1.944890871852822,2.1738966652330403
48.10529637336731,-2.2580903361076614,2.2267751560386517,-1.9271699382374585,2.1580006363179534
48.15589427947998,-2.2580903361076614,2.2267751560386517,-1.9097540359442262,2.1423138774664165
48.20707368850708,-2.2580903361076614,2.2267751560386517,-1.8921297480403478,2.1263744446628383
48.25762748718262,-2.0145122780756344,2.0015588007722274,-1.8747132273880724,2.110558662273136
48.30819320678711,-2.0145122780756344,2.0015588007722274,-1.8572854287046958,2.094668657357584
48.35859751701355,-2.0145122780756344,2.0015588007722274,-1.8399065725237247,2.0787594949441854
48.408974170684814,-2.0145122780756344,2.0015588007722274,-1.8225310273132158,2.062789637099261
48.45940542221069,-2.0145122780756344,2.0015588007722274,-1.8051308646857667,2.046733240647719
48.51024794578552,-2.0145122780756344,2.0015588007722274,-1.7875833957005773,2.0304760794910335
48.5611093044281,-2.0145122780756344,2.0015588007722274,-1.7700244518431234,2.0141430490937875
48.61184120178223,-2.0145122780756344,2.0015588007722274,-1.7525057016640084,1.9977822999926649
48.662473917007446,-2.0145122780756344,2.0015588007722274,-1.735017172320065,1.9813848363567603
48.713034868240356,-2.0145122780756344,2.0015588007722274,-1.7175498639977977,1.9649424280860648
48.763465881347656,-2.0145122780756344,2.0015588007722274,-1.7001243420654082,1.9484747027169336
48.81414556503296,-2.0145122780756344,2.0015588007722274,-1.6826102231819353,1.931858096333719
48.86458945274353,-2.0145122780756344,2.0015588007722274,-1.6651753766516137,1.915251733882883
48.914955377578735,-2.0145122780756344,2.0015588007722274,-1.6477657148680462,1.8986045875831448
48.96536469459534,-1.7750971287177222,1.7671522650031932,-1.6303397339344299,1.881876923410982
49.01586985588074,-1.7750971287177222,1.7671522650031932,-1.6128797396445613,1.8650513729237235
49.06639504432678,-1.7750971287177222,1.7671522650031932,-1.5954123835088878,1.8481532810226355
49.11690950393677,-1.7750971287177222,1.7671522650031932,-1.5779487419748786,1.831193232344058
49.167542934417725,-1.7750971287177222,1.7671522650031932,-1.5604444209042825,1.8141277897330297
49.218493938446045,-1.7750971287177222,1.7671522650031932,-1.5428312183138433,1.7968894940405558
49.26901817321777,-1.7750971287177222,1.7671522650031932,-1.5253668880844349,1.779730715805889
49.31977081298828,-1.7750971287177222,1.7671522650031932,-1.507825399712823,1.762429658541824
49.37125587463379,-1.7750971287177222,1.7671522650031932,-1.4900330607430212,1.744812999691726
49.422152519226074,-1.7750971287177222,1.7671522650031932,-1.4724467937798953,1.727332753846747
49.472630739212036,-1.7750971287177222,1.7671522650031932,-1.455008225508338,1.709932789661347
49.523951292037964,-1.7750971287177222,1.7671522650031932,-1.4372822977330855,1.6921780616665907
49.57436537742615,-1.7750971287177222,1.7671522650031932,-1.4198734750580009,1.6746740383004528
49.62493681907654,-1.7750971287177222,1.7671522650031932,-1.4024147521587338,1.6570530920772693
49.67550086975098,-1.5343287348024595,1.5188345291642977,-1.3849634620177342,1.6393726888260012
49.72631859779358,-1.5343287348024595,1.5188345291642977,-1.3674299786915356,1.6215414329483169
49.776822090148926,-1.5343287348024595,1.5188345291642977,-1.3500106754682335,1.6037590523310505
49.82750415802002,-1.5343287348024595,1.5188345291642977,-1.3325359903719227,1.5858526213870718
49.87788414955139,-1.5343287348024595,1.5188345291642977,-1.3151720578562025,1.5679925273095183
49.92824840545654,-1.5343287348024595,1.5188345291642977,-1.2978205559566547,1.5500781765760925
49.978620529174805,-1.5343287348024595,1.5188345291642977,-1.2804737799858015,1.5321015344178388
50.029009103775024,-1.5343287348024595,1.5188345291642977,-1.2631292078874923,1.5140598435833503
50.079448223114014,-1.5343287348024595,1.5188345291642977,-1.2457755481909187,1.4959411302111412
50.13001537322998,-1.5343287348024595,1.5188345291642977,-1.2283866159949075,1.4777176019558143
50.18054509162903,-1.5343287348024595,1.5188345291642977,-1.211019763595788,1.4594490881715894
50.23129463195801,-1.5343287348024595,1.5188345291642977,-1.193587056421969,1.4410426268097525
50.28168487548828,-1.5343287348024595,1.5188345291642977,-1.176287812123343,1.4227088611836276
50.332123041152954,-1.5343287348024595,1.5188345291642977,-1.1589825627670214,1.4043005258035106
50.38250803947449,-1.2895032056518758,1.2532066465208553,-1.1417064135687074,1.385854886258648
50.43284511566162,-1.2895032056518758,1.2532066465208553,-1.1244579547738358,1.3673705560731038
50.483500957489014,-1.2895032056518758,1.2532066465208553,-1.107112053472438,1.348712797502928
50.53427529335022,-1.2895032056518758,1.2532066465208553,-1.0897378688565174,1.3299550181518407
50.586405515670776,-1.2895032056518758,1.2532066465208553,-1.0719129751043042,1.310638000585699
50.637895822525024,-1.2895032056518758,1.2532066465208553,-1.0543205193305025,1.2915004916380273
50.688637256622314,-1.2895032056518758,1.2532066465208553,-1.0369976164284926,1.2725856914213993
50.739765882492065,-1.2895032056518758,1.2532066465208553,-1.0195567062192503,1.2534710955757977
50.790934324264526,-1.2895032056518758,1.2532066465208553,-1.002116896765793,1.2342862684743916
50.84159207344055,-1.2895032056518758,1.2532066465208553,-0.984866042996726,1.2152387649960676
50.893688917160034,-1.2895032056518758,1.2532066465208553,-0.9671410265810374,1.1955943653440833
50.947059631347656,-1.2895032056518758,1.2532066465208553,-0.9489997930481255,1.175411393783292
50.99751043319702,-1.2895032056518758,1.2532066465208553,-0.9318675049188139,1.1562788576781597
51.0480682849884,-1.2895032056518758,1.2532066465208553,-0.9147153132678312,1.1370536911332592
51.098665952682495,-1.0560861907359873,0.9862853668977684,-0.8975665139220512,1.1177616247269682
51.14940285682678,-1.0560861907359873,0.9862853668977684,-0.8803879166233832,1.098364871199617
51.200242042541504,-1.0560861907359873,0.9862853668977684,-0.8631925755427472,1.0788775889869726
51.25096321105957,-1.0560861907359873,0.9862853668977684,-0.84605540989043,1.0593846456189333
51.30230355262756,-1.0560861907359873,0.9862853668977684,-0.8287280403251103,1.03960238083971
51.35344886779785,-1.0560861907359873,0.9862853668977684,-0.8114859182909226,1.0198442952946134
51.40404677391052,-1.0560861907359873,0.9862853668977684,-0.7944478323978437,1.0002480313954205
51.454978704452515,-1.0560861907359873,0.9862853668977684,-0.777317263916306,0.9804729392809208
51.50604844093323,-1.0560861907359873,0.9862853668977684,-0.7601609037144046,0.9605949293606304
51.5566303730011,-1.0560861907359873,0.9862853668977684,-0.7431891178047647,0.940858426757099
51.60740852355957,-1.0560861907359873,0.9862853668977684,-0.7261726248154803,0.9209973636643034
51.6596097946167,-1.0560861907359873,0.9862853668977684,-0.7087017213185605,0.9005299734003884
51.709999084472656,-1.0560861907359873,0.9862853668977684,-0.6918593030278288,0.8807256654408131
51.76035499572754,-1.0560861907359873,0.9862853668977684,-0.6750500758280302,0.8608884013053015
51.811034202575684,-0.8260326435044465,0.7093258311179583,-0.6581555683866953,0.840877687460005
51.86195373535156,-0.8260326435044465,0.7093258311179583,-0.6412042214764386,0.820725934752897
51.91272711753845,-0.8260326435044465,0.7093258311179583,-0.624325161807338,0.8005863889739093
51.96330213546753,-0.8260326435044465,0.7093258311179583,-0.6075359050799163,0.7804806458610116
52.01405429840088,-0.8260326435044465,0.7093258311179583,-0.5907121770511203,0.7602598763512134
52.06471586227417,-0.8260326435044465,0.7093258311179583,-0.5739431896212208,0.7400310660191407
52.11523175239563,-0.8260326435044465,0.7093258311179583,-0.5572473922053756,0.7198169379252717
52.16565299034119,-0.8260326435044465,0.7093258311179583,-0.5406081324501071,0.699597808079649
52.21628928184509,-0.8260326435044465,0.7093258311179583,-0.5239236858896978,0.6792497556809378
52.26709580421448,-0.8260326435044465,0.7093258311179583,-0.5072095079201948,0.6587907361826877
52.317636013031006,-0.8260326435044465,0.7093258311179583,-0.49060952527384316,0.6383970908223233
52.3680317401886,-0.8260326435044465,0.7093258311179583,-0.4740837824078814,0.6180205969359518
52.4185791015625,-0.8260326435044465,0.7093258311179583,-0.45753556590297073,0.5975419479439226
52.4690043926239,-0.8260326435044465,0.7093258311179583,-0.4410548858432004,0.5770724269379699
52.52197527885437,-0.5950027077835413,0.41705354165147546,-0.4237722949452727,0.5555266461669768
52.57270956039429,-0.5950027077835413,0.41705354165147546,-0.4072487210198039,0.5348498372206398
52.62324023246765,-0.5950027077835413,0.41705354165147546,-0.39082033147235906,0.5142168122466078
52.6736695766449,-0.5950027077835413,0.41705354165147546,-0.3744539880444169,0.4935865987739869
52.724223375320435,-0.5950027077835413,0.41705354165147546,-0.3580768108007142,0.47286724415416725
52.775450706481934,-0.5950027077835413,0.41705354165147546,-0.34151201004463116,0.45183325294144683
52.82637286186218,-0.5950027077835413,0.41705354165147546,-0.32507677218838005,0.4308865215671225
52.876964807510376,-0.5950027077835413,0.41705354165147546,-0.3087789775110634,0.4100385074824695
52.928423166275024,-0.5950027077835413,0.41705354165147546,-0.2922340207388734,0.38879597376502906
52.979042291641235,-0.5950027077835413,0.41705354165147546,-0.27599070473823817,0.3678634542569994
53.03003430366516,-0.5950027077835413,0.41705354165147546,-0.25966000598076944,0.34674066347394716
53.08049726486206,-0.5950027077835413,0.41705354165147546,-0.24353099927187216,0.32580183483659053
53.13102436065674,-0.5950027077835413,0.41705354165147546,-0.22741401050349452,0.30480177238688566
53.181896686553955,-0.5950027077835413,0.41705354165147546,-0.21122014049071325,0.2836236828641423
53.23240041732788,-0.37288821086229024,0.12103623171535396,-0.1951769575187745,0.2625652100393643
53.2830548286438,-0.37288821086229024,0.12103623171535396,-0.1791196537166848,0.24141050857914736
53.3335964679718,-0.37288821086229024,0.12103623171535396,-0.16313214054628444,0.2202700230267669
53.38509178161621,-0.37288821086229024,0.12103623171535396,-0.14687830111987843,0.19869733000689216
53.435898542404175,-0.37288821086229024,0.12103623171535396,-0.13087712157938647,0.1773806136358429
53.487361907958984,-0.37288821086229024,0.12103623171535396,-0.11470529278193276,0.15575600459223193
53.538100481033325,-0.37288821086229024,0.12103623171535396,-0.09879719483615457,0.13440449456279868
53.58911204338074,-0.37288821086229024,0.12103623171535396,-0.08283987367099144,0.1129070973716979
53.63968563079834,-0.37288821086229024,0.12103623171535396,-0.06705590942118089,0.09156404743071267
53.69031858444214,-0.37288821086229024,0.12103623171535396,-0.05129002600237653,0.07016626398311754
53.741031646728516,-0.37288821086229024,0.12103623171535396,-0.035536266268839434,0.04870532804086336
53.791765213012695,-0.37288821086229024,0.12103623171535396,-0.01981360595114179,0.027206848016657847
53.84244084358215,-0.37288821086229024,0.12103623171535396,-0.004146660085424081,0.005704567390206972
53.89304304122925,-0.37288821086229024,0.12103623171535396,0.011459582157971937,-0.015794355999344534
53.943846702575684,-0.16020812879112084,-0.1773398119179047,0.02708941219972516,-0.03740634489996686
53.9943265914917,-0.16020812879112084,-0.1773398119179047,0.04258103871643559,-0.05890739088601182
54.04484581947327,-0.16020812879112084,-0.1773398119179047,0.058045883754906935,-0.08045145619490413
54.09555220603943,-0.16020812879112084,-0.1773398119179047,0.07352859754108554,-0.1021012794786762
54.14642810821533,-0.16020812879112084,-0.1773398119179047,0.08902303632238784,-0.12384912014142802
54.19732356071472,-0.16020812879112084,-0.1773398119179047,0.10448296437721094,-0.14563053053372954
54.24811053276062,-0.16020812879112084,-0.1773398119179047,0.11986925978869101,-0.16739016695106312
54.299673318862915,-0.16020812879112084,-0.1773398119179047,0.13544867589767184,-0.18950689372252127
54.350117683410645,-0.16020812879112084,-0.1773398119179047,0.15064896199372768,-0.21116748879794733
54.400593996047974,-0.16020812879112084,-0.1773398119179047,0.16581775513329822,-0.23286467503502206
54.45131158828735,-0.16020812879112084,-0.1773398119179047,0.18101730090256574,-0.254688135997569
54.50175142288208,-0.16020812879112084,-0.1773398119179047,0.1960917708369072,-0.2764140273664679
54.552688121795654,-0.16020812879112084,-0.1773398119179047,0.21127206903643492,-0.29837565468967875
54.60322594642639,-0.16020812879112084,-0.1773398119179047,0.22629079975084343,-0.3201863912928675
54.65368437767029,0.04974363002933521,-0.4874491920111405,0.24124319204330336,-0.3419833327586368
54.70436239242554,0.04974363002933521,-0.4874491920111405,0.25621734546537844,-0.36389522826152176
54.754984617233276,0.04974363002933521,-0.4874491920111405,0.2711313667897577,-0.3858026215453738
54.805798053741455,0.04974363002933521,-0.4874491920111405,0.2860575333329516,-0.4078119906562203
54.85640525817871,0.04974363002933521,-0.4874491920111405,0.30087880342631523,-0.42975068559121343
54.907153367996216,0.04974363002933521,-0.4874491920111405,0.3156966150728504,-0.4517686627741757
54.95783805847168,0.04974363002933521,-0.4874491920111405,0.33045089416692663,-0.4737768189341862
55.009010314941406,0.04974363002933521,-0.4874491920111405,0.3453011502942651,-0.49601411944007223
55.06002426147461,0.04974363002933521,-0.4874491920111405,0.3600591917085656,-0.518199555801079
55.11109924316406,0.04974363002933521,-0.4874491920111405,0.37478829299351135,-0.5404279617361454
55.16241407394409,0.04974363002933521,-0.4874491920111405,0.38953929447406344,-0.5627767904625953
55.212849378585815,0.04974363002933521,-0.4874491920111405,0.4039909954852554,-0.5847577280528384
55.26337480545044,0.04974363002933521,-0.4874491920111405,0.4184220280125288,-0.6067925187251602
55.31416845321655,0.04974363002933521,-0.4874491920111405,0.4328824659885986,-0.6289584884555994
55.36466979980469,0.24593537059483572,-0.7936975496457028,0.44721247255974594,-0.6510105209439612
55.415146827697754,0.24593537059483572,-0.7936975496457028,0.46148824012277334,-0.6730650087125105
55.46594285964966,0.24593537059483572,-0.7936975496457028,0.4758061574303838,-0.6952715687556981
55.51654624938965,0.24593537059483572,-0.7936975496457028,0.49002153594308595,-0.7174060688746215
55.5677924156189,0.24593537059483572,-0.7936975496457028,0.5043681177142769,-0.7398335789931167
55.619051933288574,0.24593537059483572,-0.7936975496457028,0.5186684456686987,-0.7622783436275802
55.671069383621216,0.24593537059483572,-0.7936975496457028,0.5331288041564273,-0.7850661102127281
55.72173523902893,0.24593537059483572,-0.7936975496457028,0.5471633475437181,-0.8072720296292628
55.77291131019592,0.24593537059483572,-0.7936975496457028,0.5612887572743896,-0.829711323390699
55.82371139526367,0.24593537059483572,-0.7936975496457028,0.5752599449739844,-0.851994940500997
55.87441635131836,0.24593537059483572,-0.7936975496457028,0.5891545726538086,-0.8742454405180047
55.925599336624146,0.24593537059483572,-0.7936975496457028,0.603128847441504,-0.8967139170315148
55.97608709335327,0.24593537059483572,-0.7936975496457028,0.6168624900558992,-0.9188847666475259
56.02702474594116,0.418631338770157,-1.0779019025586802,0.6306670912276067,-0.9412602808862696
56.078344106674194,0.418631338770157,-1.0779019025586802,0.6445226286476968,-0.9638101566708939
56.12981176376343,0.418631338770157,-1.0779019025586802,0.6583649884419205,-0.9864314030871268
56.1803503036499,0.418631338770157,-1.0779019025586802,0.6719053309504237,-1.0086498124298255
56.23085832595825,0.418631338770157,-1.0779019025586802,0.6853856251762926,-1.0308597704316889
56.28172755241394,0.418631338770157,-1.0779019025586802,0.6989096441866183,-1.0532330631279794
56.33226680755615,0.418631338770157,-1.0779019025586802,0.7122933235614366,-1.075465189505654
56.38282012939453,0.418631338770157,-1.0779019025586802,0.7256280049220796,-1.0977069424135115
56.433271408081055,0.418631338770157,-1.0779019025586802,0.7388829438436528,-1.119906719096668
56.48374676704407,0.418631338770157,-1.0779019025586802,0.7520911457799948,-1.1421195006185019
56.53428363800049,0.418631338770157,-1.0779019025586802,0.7652620190204376,-1.1643612547476125
56.584717750549316,0.418631338770157,-1.0779019025586802,0.7783525678145211,-1.1865591720241566
56.635103940963745,0.418631338770157,-1.0779019025586802,0.7913770186534328,-1.2087368726079109
56.68562173843384,0.418631338770157,-1.0779019025586802,0.8043813993264233,-1.2309728679996563
56.73603320121765,0.5938099087209903,-1.3812321715665006,0.8173041748968508,-1.2531619150054287
56.78661227226257,0.5938099087209903,-1.3812321715665006,0.8302152282708262,-1.2754240780137338
56.83802056312561,0.5938099087209903,-1.3812321715665006,0.8432815709217873,-1.2980500121184695
56.88887596130371,0.5938099087209903,-1.3812321715665006,0.8561512150142971,-1.320430880592501
56.939717054367065,0.5938099087209903,-1.3812321715665006,0.8689611534668469,-1.342803211634953
56.99041676521301,0.5938099087209903,-1.3812321715665006,0.8816793875410838,-1.3651105735710527
57.04081130027771,0.5938099087209903,-1.3812321715665006,0.8942653354760732,-1.3872804194028014
57.091437578201294,0.5938099087209903,-1.3812321715665006,0.906852982475604,-1.4095484430736054
57.14184904098511,0.5938099087209903,-1.3812321715665006,0.9193310409879265,-1.4317177090245767
57.19242262840271,0.5938099087209903,-1.3812321715665006,0.9317926740966596,-1.4539534724270673
57.242924451828,0.5938099087209903,-1.3812321715665006,0.9441798741979444,-1.476152369685897
57.29337930679321,0.5938099087209903,-1.3812321715665006,0.9564987011277499,-1.498324802877102
57.344186782836914,0.5938099087209903,-1.3812321715665006,0.9688459764422026,-1.520645796811472
57.39490795135498,0.5938099087209903,-1.3812321715665006,0.9811143566630758,-1.5429219451308678
57.44543743133545,0.7613050870044104,-1.6893895710674156,0.9932786099593673,-1.5651065017743044
57.49594283103943,0.7613050870044104,-1.6893895710674156,1.0053792404857025,-1.587272582500512
57.54631805419922,0.7613050870044104,-1.6893895710674156,1.01739088175031,-1.6093731437902528
57.59670639038086,0.7613050870044104,-1.6893895710674156,1.0293476925197154,-1.631470563839435
57.64729881286621,0.7613050870044104,-1.6893895710674156,1.0412944056892375,-1.6536480163685825
57.69823217391968,0.7613050870044104,-1.6893895710674156,1.0532621787798324,-1.6759648108318603
57.748613595962524,0.7613050870044104,-1.6893895710674156,1.0650413764721516,-1.6980292692195773
57.799480676651,0.7613050870044104,-1.6893895710674156,1.0768745007012854,-1.7202953002629873
57.85003972053528,0.7613050870044104,-1.6893895710674156,1.0885764015036319,-1.7424148989353778
57.900471448898315,0.7613050870044104,-1.6893895710674156,1.100189476361154,-1.7644667608507896
57.95113945007324,0.7613050870044104,-1.6893895710674156,1.111797060070446,-1.7866093082653884
58.00191617012024,0.7613050870044104,-1.6893895710674156,1.1233691219143878,-1.8087861436522146
58.05282688140869,0.7613050870044104,-1.6893895710674156,1.1349107915829206,-1.831007679722697
58.10477662086487,0.7613050870044104,-1.6893895710674156,1.1466249217464193,-1.8536679145307844
58.15578055381775,0.9174610981220291,-1.9957373640405724,1.158063586765237,-1.875900489461581
58.206814765930176,0.9174610981220291,-1.9957373640405724,1.1694471705311165,-1.89813074583149
58.25750231742859,0.9174610981220291,-1.9957373640405724,1.1806919804358689,-1.9201941049664288
58.30895209312439,0.9174610981220291,-1.9957373640405724,1.1920430697813993,-1.9425725065487076
58.359532594680786,0.9174610981220291,-1.9957373640405724,1.2031405019819215,-1.964555842241617
58.41006422042847,0.9174610981220291,-1.9957373640405724,1.21416577383219,-1.9865006105799323
58.46075248718262,0.9174610981220291,-1.9957373640405724,1.2251633525422307,-2.0084954837567697
58.511271476745605,0.9174610981220291,-1.9957373640405724,1.2360623742760168,-2.0303985229308372
58.561835050582886,0.9174610981220291,-1.9957373640405724,1.246909034581231,-2.052301996438291
58.61354851722717,0.9174610981220291,-1.9957373640405724,1.2579380487965879,-2.0746834912798517
58.66431736946106,0.9174610981220291,-1.9957373640405724,1.2687021637100495,-2.0966358538523915
58.71528935432434,0.9174610981220291,-1.9957373640405724,1.2794459443697974,-2.1186552771262783
58.76580739021301,0.9174610981220291,-1.9957373640405724,1.2900311946094019,-2.1404575363355116
58.816405057907104,0.9174610981220291,-1.9957373640405724,1.3005702536541945,-2.16227262202307
58.86725330352783,1.0595341202511337,-2.2928092500034722,1.311097950374751,-2.1841734994583604
58.918128490448,1.0595341202511337,-2.2928092500034722,1.321567302080414,-2.206063134316942
58.96883749961853,1.0595341202511337,-2.2928092500034722,1.3319386728860638,-2.2278580014452274
59.01959466934204,1.0595341202511337,-2.2928092500034722,1.342255968660611,-2.2496497786613627
59.070170164108276,1.0595341202511337,-2.2928092500034722,1.3524725716539319,-2.2713393607591885
59.12177610397339,1.0595341202511337,-2.2928092500034722,1.3628315688410801,-2.293445418428778
59.172837018966675,1.0595341202511337,-2.2928092500034722,1.3730156324159801,-2.315292181773311
59.22356104850769,1.0595341202511337,-2.2928092500034722,1.383067819121813,-2.336968840408941
59.27539420127869,1.0595341202511337,-2.2928092500034722,1.3932730542491665,-2.3590921952517734
59.32635998725891,1.0595341202511337,-2.2928092500034722,1.4032415826834042,-2.380817914556608
59.37713932991028,1.0595341202511337,-2.2928092500034722,1.4131084835353946,-2.402436578967529
59.42909812927246,1.0595341202511337,-2.2928092500034722,1.4231370952685343,-2.4245283397260335
59.479872703552246,1.0595341202511337,-2.2928092500034722,1.4328710728920457,-2.446087679030709
59.53035545349121,1.0595341202511337,-2.2928092500034722,1.4424842297855096,-2.4674942486169793
59.58267426490784,1.1954595528186915,-2.5973454586177613,1.4523786200961792,-2.4896484611014746
59.633304834365845,1.1954595528186915,-2.5973454586177613,1.4618873176206937,-2.5110572988872737
59.68370771408081,1.1954595528186915,-2.5973454586177613,1.4712882399433935,-2.532339546081303
59.734673738479614,1.1954595528186915,-2.5973454586177613,1.4807281146150588,-2.553828299951116
59.7852942943573,1.1954595528186915,-2.5973454586177613,1.4900381043785882,-2.575139742100853
59.835712909698486,1.1954595528186915,-2.5973454586177613,1.4992455543879075,-2.596334295279648
59.886252641677856,1.1954595528186915,-2.5973454586177613,1.5084095025249178,-2.6175473259745283
59.93663787841797,1.1954595528186915,-2.5973454586177613,1.5174799259400567,-2.63866267250936
59.98698544502258,1.1954595528186915,-2.5973454586177613,1.5264781192168364,-2.6597289721717328
60.03739023208618,1.1954595528186915,-2.5973454586177613,1.5354208943488978,-2.680785400400276
60.08774662017822,1.1954595528186915,-2.5973454586177613,1.5442893885636488,-2.701787318080548
60.13854098320007,1.1954595528186915,-2.5973454586177613,1.5531683888242718,-2.722936660464767
60.189438581466675,1.1954595528186915,-2.5973454586177613,1.5619982094627785,-2.7440929664047133
60.24029016494751,1.1954595528186915,-2.5973454586177613,1.5707527417204354,-2.7651936156905244
60.2908935546875,1.3149904422413288,-2.8871201502933346,1.5793976617699546,-2.7861545151021154
60.34134650230408,1.3149904422413288,-2.8871201502933346,1.5879503611522037,-2.807016078059445
60.391857862472534,1.3149904422413288,-2.8871201502933346,1.5964463319604691,-2.8278642549618063
60.442376136779785,1.3149904422413288,-2.8871201502933346,1.6048766904539293,-2.848677208554807
60.492835998535156,1.3149904422413288,-2.8871201502933346,1.6132305469922923,-2.869427575726113
60.54344964027405,1.3149904422413288,-2.8871201502933346,1.6215427531780073,-2.890201996833845
60.593931674957275,1.3149904422413288,-2.8871201502933346,1.6297663101831725,-2.910882801382979
60.64440059661865,1.3149904422413288,-2.8871201502933346,1.637920725129192,-2.9315181966800554
60.694881439208984,1.3149904422413288,-2.8871201502933346,1.646009963656514,-2.952117914858644
60.74555540084839,1.3149904422413288,-2.8871201502933346,1.6540625723004352,-2.972755142067946
60.79626441001892,1.3149904422413288,-2.8871201502933346,1.6620528969403456,-2.9933647140741133
60.846890926361084,1.3149904422413288,-2.8871201502933346,1.6699624358064753,-3.013898409562377
60.89748287200928,1.3149904422413288,-2.8871201502933346,1.6777988373988901,-3.0343753056220195
60.94859719276428,1.3149904422413288,-2.8871201502933346,1.6856473138779227,-3.0550196882603964
61.0014214515686,1.4236998692377028,-3.1741945113187837,1.6936855693644013,-3.0763077313183986
61.05181431770325,1.4236998692377028,-3.1741945113187837,1.701284825311674,-3.096570920792579
61.10229849815369,1.4236998692377028,-3.1741945113187837,1.708830213716501,-3.1168262535702955
61.152801513671875,1.4236998692377028,-3.1741945113187837,1.7163106182635133,-3.13704400433221
61.203256130218506,1.4236998692377028,-3.1741945113187837,1.72371608002502,-3.157196799070342
61.25391221046448,1.4236998692377028,-3.1741945113187837,1.7310829056417811,-3.1773837307695727
61.304396629333496,1.4236998692377028,-3.1741945113187837,1.7383567162554374,-3.197455566480029
61.35483264923096,1.4236998692377028,-3.1741945113187837,1.7455556626701245,-3.2174611226718937
61.40557622909546,1.4236998692377028,-3.1741945113187837,1.7527299763976494,-3.237540728434531
61.45598578453064,1.4236998692377028,-3.1741945113187837,1.7597889522041217,-3.2574400464873374
61.506396770477295,1.4236998692377028,-3.1741945113187837,1.7667801911259258,-3.2772914816767136
61.55707812309265,1.4236998692377028,-3.1741945113187837,1.7737403949976318,-3.297200050816741
61.60739326477051,1.4236998692377028,-3.1741945113187837,1.7805822924680244,-3.316915343885727
61.658379316329956,1.4236998692377028,-3.1741945113187837,1.7874462510903049,-3.3368427925696604
61.70880055427551,1.51646895853244,-3.441298881693161,1.7941656583462526,-3.3564987744626817
61.75961470603943,1.51646895853244,-3.441298881693161,1.8008684600265175,-3.3762564087336084
61.81020665168762,1.51646895853244,-3.441298881693161,1.807473134892133,-3.395875771091186
61.86088490486145,1.51646895853244,-3.441298881693161,1.8140202036860735,-3.4154762179544336
61.91130018234253,1.51646895853244,-3.441298881693161,1.820464872657837,-3.4349224458687284
61.9616539478302,1.51646895853244,-3.441298881693161,1.826833527482027,-3.4542921864134954
62.01203656196594,1.51646895853244,-3.441298881693161,1.8331376377525919,-3.4736197685045305
62.06261134147644,1.51646895853244,-3.441298881693161,1.8393971656864705,-3.492967007979695
62.11296582221985,1.51646895853244,-3.441298881693161,1.845561097553071,-3.512175681939362
62.16348457336426,1.51646895853244,-3.441298881693161,1.8516766037343546,-3.5313921005217077
62.21387505531311,1.51646895853244,-3.441298881693161,1.8577081809225076,-3.5505044491737197
62.26430940628052,1.51646895853244,-3.441298881693161,1.8636765905167751,-3.5695776778218025
62.314740896224976,1.51646895853244,-3.441298881693161,1.8695762063313093,-3.5885935688821906
62.36520195007324,1.51646895853244,-3.441298881693161,1.8754107565634808,-3.6075638271031547
62.41567397117615,1.5975488342693818,-3.7024412622132057,1.881177999939744,-3.626480916665816
62.46628022193909,1.5975488342693818,-3.7024412622132057,1.886891718620078,-3.6453903116595825
62.51705026626587,1.5975488342693818,-3.7024412622132057,1.892554637026539,-3.664302065197657
62.56776714324951,1.5975488342693818,-3.7024412622132057,1.898142326577281,-3.6831346871735198
62.61855483055115,1.5975488342693818,-3.7024412622132057,1.903668410278642,-3.7019337026757553
62.66916871070862,1.5975488342693818,-3.7024412622132057,1.909106485043675,-3.7206082721921576
62.72024917602539,1.5975488342693818,-3.7024412622132057,1.9145247595047348,-3.7393936704940627
62.770836353302,1.5975488342693818,-3.7024412622132057,1.919821477990565,-3.7579364659078522
62.82127094268799,1.5975488342693818,-3.7024412622132057,1.9250336444155227,-3.7763622416594407
62.871915102005005,1.5975488342693818,-3.7024412622132057,1.9301985804174222,-3.7948027355214804
62.92264723777771,1.5975488342693818,-3.7024412622132057,1.9353032903582574,-3.8132126564544926
62.973122119903564,1.5975488342693818,-3.7024412622132057,1.9403133977142117,-3.8314665720245955
63.02410364151001,1.5975488342693818,-3.7024412622132057,1.9453042328650625,-3.84983980152054
63.07514715194702,1.5975488342693818,-3.7024412622132057,1.9502311202176879,-3.8681705506692863
63.125606060028076,1.5975488342693818,-3.7024412622132057,1.9550327415535962,-3.886227141448974
63.17601799964905,1.6669922707164613,-3.95580345654656,1.959761570495715,-3.904202707974577
63.2269811630249,1.6669922707164613,-3.95580345654656,1.9644727168703489,-3.9223091173448497
63.2776620388031,1.6669922707164613,-3.95580345654656,1.969088607768203,-3.9402492523756045
63.3289270401001,1.6669922707164613,-3.95580345654656,1.9736875650329777,-3.9583287451768836
63.37999963760376,1.6669922707164613,-3.95580345654656,1.9781991551205997,-3.9762724953442588
63.430442571640015,1.6669922707164613,-3.95580345654656,1.9825864708645309,-3.9939280491148446
63.48111152648926,1.6669922707164613,-3.95580345654656,1.9869247959505891,-4.011595252096148
63.531657218933105,1.6669922707164613,-3.95580345654656,1.9911840538051064,-4.029151658686585
63.58267879486084,1.6669922707164613,-3.95580345654656,1.9954140538269582,-4.046804204131231
63.63387131690979,1.6669922707164613,-3.95580345654656,1.9995882360476769,-4.064445603478632
63.68493890762329,1.6669922707164613,-3.95580345654656,2.0036824265094335,-4.081973337188735
63.735310316085815,1.6669922707164613,-3.95580345654656,2.007652548980377,-4.099192582160063
63.78574872016907,1.6669922707164613,-3.95580345654656,2.011560079750627,-4.11636508424055
63.836326360702515,1.6669922707164613,-3.95580345654656,2.015410249254002,-4.133514568264706
63.886956214904785,1.7211527678046838,-4.188010893657339,2.0191960986137087,-4.150610683396195
63.93750476837158,1.7211527678046838,-4.188010893657339,2.022907758009368,-4.167607965545059
63.988614320755005,1.7211527678046838,-4.188010893657339,2.026591475171243,-4.184720923806253
64.03953528404236,1.7211527678046838,-4.188010893657339,2.0301925278022943,-4.201697328299446
64.09056448936462,1.7211527678046838,-4.188010893657339,2.033732133520465,-4.218635863874088
64.14141654968262,1.7211527678046838,-4.188010893657339,2.0371907009175865,-4.235441504855333
64.1922779083252,1.7211527678046838,-4.188010893657339,2.040581317050127,-4.252175791701793
64.24292421340942,1.7211527678046838,-4.188010893657339,2.0438895092403873,-4.2687649228967395
64.29364395141602,1.7211527678046838,-4.188010893657339,2.0471344767090454,-4.285303268901227
64.34417748451233,1.7211527678046838,-4.188010893657339,2.050299906340597,-4.301705987774471
64.3953754901886,1.7211527678046838,-4.188010893657339,2.053438196166558,-4.318247696020936
64.4458999633789,1.7211527678046838,-4.188010893657339,2.056467424603207,-4.334495683946859
64.49727368354797,1.7211527678046838,-4.188010893657339,2.0594786161437475,-4.350938819539582
64.54998230934143,1.7211527678046838,-4.188010893657339,2.0624958758291174,-4.367727055425798
64.60090255737305,1.7645171070058498,-4.413270375947585,2.065341424697517,-4.383866202023679
64.65137100219727,1.7645171070058498,-4.413270375947585,2.0680945747305732,-4.3997846580511935
64.70241451263428,1.7645171070058498,-4.413270375947585,2.0708111841553034,-4.415805601778591
64.75292611122131,1.7645171070058498,-4.413270375947585,2.0734323401080403,-4.431581069092452
64.80335998535156,1.7645171070058498,-4.413270375947585,2.0759829135513286,-4.447253913255598
64.85382890701294,1.7645171070058498,-4.413270375947585,2.0784687831636965,-4.4628588677229235
64.90423560142517,1.7645171070058498,-4.413270375947585,2.0808853041157165,-4.478365510315807
64.95483636856079,1.7645171070058498,-4.413270375947585,2.0832445985636276,-4.493851966773052
65.00897550582886,1.7645171070058498,-4.413270375947585,2.0856951694210513,-4.5103322507676396
65.05944180488586,1.7645171070058498,-4.413270375947585,2.0879109827068794,-4.5256111246851765
65.10990500450134,1.7645171070058498,-4.413270375947585,2.0900606657628287,-4.540808206951569
65.16040754318237,1.7645171070058498,-4.413270375947585,2.0921460583883555,-4.555935789390803
65.21122169494629,1.7645171070058498,-4.413270375947585,2.094177820697701,-4.571074174872203
65.26169896125793,1.7645171070058498,-4.413270375947585,2.0961301800602414,-4.586029826243261
65.31239819526672,1.7958329623824347,-4.626026530934853,2.0980250869808996,-4.60096820446733
65.36340999603271,1.7958329623824347,-4.626026530934853,2.099864993688502,-4.615914283872959
65.4137327671051,1.7958329623824347,-4.626026530934853,2.101614623154015,-4.630575140701572
65.46457076072693,1.7958329623824347,-4.626026530934853,2.1033163005674473,-4.64530165343549
65.51505136489868,1.7958329623824347,-4.626026530934853,2.104940627973945,-4.659840263894715
65.56568264961243,1.7958329623824347,-4.626026530934853,2.1065044746208863,-4.674337426006465
65.61623668670654,1.7958329623824347,-4.626026530934853,2.108000779372691,-4.688727305426179
65.6672728061676,1.7958329623824347,-4.626026530934853,2.109445437446463,-4.7031676934699576
65.71798086166382,1.7958329623824347,-4.626026530934853,2.1108153445719413,-4.71742858263188
65.76853203773499,1.7958329623824347,-4.626026530934853,2.1121161898552065,-4.73155897291436
65.8189046382904,1.7958329623824347,-4.626026530934853,2.1133481869382944,-4.745553280299137
65.86955404281616,1.7958329623824347,-4.626026530934853,2.1145224156301,-4.759537385895376
65.9200348854065,1.7958329623824347,-4.626026530934853,2.115628475936263,-4.773387671438883
65.97071051597595,1.7958329623824347,-4.626026530934853,2.1166744135829663,-4.787203384442659
66.02115607261658,1.8128542668028662,-4.8143622871938305,2.117651662364607,-4.800868415036996
66.0719575881958,1.8128542668028662,-4.8143622871938305,2.1185714743738924,-4.8145408085213255
66.12272930145264,1.8128542668028662,-4.8143622871938305,2.1194263861877745,-4.828115512324952
66.17328190803528,1.8128542668028662,-4.8143622871938305,2.1202138251213825,-4.84154220247105
66.22381329536438,1.8128542668028662,-4.8143622871938305,2.120937471559432,-4.854873709791846
66.27502965927124,1.8128542668028662,-4.8143622871938305,2.12160633150817,-4.868294203674142
66.32612800598145,1.8128542668028662,-4.8143622871938305,2.1222089957465573,-4.881591374126501
66.37745761871338,1.8128542668028662,-4.8143622871938305,2.1227495238357195,-4.894855432645474
66.42807006835938,1.8128542668028662,-4.8143622871938305,2.123218999330251,-4.907842252203807
66.47931385040283,1.8128542668028662,-4.8143622871938305,2.123630249965402,-4.9208977160631715
66.52985262870789,1.8128542668028662,-4.8143622871938305,2.1239728451606714,-4.93368120763404
66.58058476448059,1.8128542668028662,-4.8143622871938305,2.124253988386062,-4.946421008622852
66.63103580474854,1.8128542668028662,-4.8143622871938305,2.1244713708848266,-4.95899786631921
66.68141770362854,1.8128542668028662,-4.8143622871938305,2.124626711513425,-4.971465234342512
66.73181343078613,1.8187416141056958,-4.983039546656353,2.124720527877574,-4.983843454454394
66.78220224380493,1.8187416141056958,-4.983039546656353,2.1247529304875714,-4.996127073428638
66.83260583877563,1.8187416141056958,-4.983039546656353,2.124724082534616,-5.008321020938542
66.88366508483887,1.8187416141056958,-4.983039546656353,2.124632558976363,-5.02057812715118
66.9341402053833,1.8187416141056958,-4.983039546656353,2.1244806208268385,-5.032600237246344
66.98477864265442,1.8187416141056958,-4.983039546656353,2.1242669573891497,-5.0445662241899
67.03577280044556,1.8187416141056958,-4.983039546656353,2.1239899877246633,-5.0565197502909625
67.08618688583374,1.8187416141056958,-4.983039546656353,2.1236553756520986,-5.068241760667039
67.13667607307434,1.8187416141056958,-4.983039546656353,2.1232598600047297,-5.079885698717766
67.18735933303833,1.8187416141056958,-4.983039546656353,2.122802202811122,-5.091477909673131
67.23795557022095,1.8187416141056958,-4.983039546656353,2.1222849298376856,-5.102953471014443
67.28854370117188,1.8187416141056958,-4.983039546656353,2.121707585812259,-5.114330231567108
67.33953857421875,1.8187416141056958,-4.983039546656353,2.1210649088419813,-5.125700012311086
67.39042639732361,1.8187416141056958,-4.983039546656353,2.120363026553084,-5.13694706631453
67.44134831428528,1.8135373004299202,-5.138030667982265,2.1196003122935285,-5.148102479009715
67.49227952957153,1.8135373004299202,-5.138030667982265,2.118777251947828,-5.159160371584948
67.5431113243103,1.8135373004299202,-5.138030667982265,2.1178959548997405,-5.170097086873774
67.59391069412231,1.8135373004299202,-5.138030667982265,2.116955686242211,-5.180927112852375
67.6445779800415,1.8135373004299202,-5.138030667982265,2.115958773970587,-5.191629377263297
67.69555473327637,1.8135373004299202,-5.138030667982265,2.114896417331438,-5.202296313332026
67.74693441390991,1.8135373004299202,-5.138030667982265,2.113765623126115,-5.212945045480761
67.79769563674927,1.8135373004299202,-5.138030667982265,2.112589449590831,-5.223364221990643
67.84806966781616,1.8135373004299202,-5.138030667982265,2.1113644827490567,-5.23360401278039
67.89891266822815,1.8135373004299202,-5.138030667982265,2.1100699645532197,-5.2438379123957635
67.94968605041504,1.8135373004299202,-5.138030667982265,2.1087191268741727,-5.253956021179805
68.00043773651123,1.8135373004299202,-5.138030667982265,2.1073110579208083,-5.263967868909715
68.05090069770813,1.8135373004299202,-5.138030667982265,2.1058539013623383,-5.2738214228607605
68.10196137428284,1.7990324399248703,-5.260491766490975,2.104321745466552,-5.283688547003404
68.15248322486877,1.7990324399248703,-5.260491766490975,2.102748804283246,-5.293349148460262
68.20352101325989,1.7990324399248703,-5.260491766490975,2.1011024922646775,-5.303004697425411
68.25404691696167,1.7990324399248703,-5.260491766490975,2.0994161700483573,-5.312460452326917
68.3049635887146,1.7990324399248703,-5.260491766490975,2.0976601314471393,-5.321885430569495
68.35558104515076,1.7990324399248703,-5.260491766490975,2.09585823686543,-5.331151355017231
68.40633273124695,1.7990324399248703,-5.260491766490975,2.0939955498100664,-5.340337802586665
68.45709586143494,1.7990324399248703,-5.260491766490975,2.092076555932366,-5.349421826709975
68.50765562057495,1.7990324399248703,-5.260491766490975,2.0901099130236944,-5.358365309070505
68.55839800834656,1.7990324399248703,-5.260491766490975,2.088080863655879,-5.367236325333722
68.60913014411926,1.7990324399248703,-5.260491766490975,2.085997063335347,-5.37600035540904
68.65998768806458,1.7990324399248703,-5.260491766490975,2.0838529793809606,-5.384680211548268
68.71069002151489,1.7990324399248703,-5.260491766490975,2.0816607188705776,-5.39322783216362
68.76269102096558,1.7990324399248703,-5.260491766490975,2.079355793536391,-5.401884441391279
68.81418251991272,1.7738018044536898,-5.371875827751619,2.0770173042824513,-5.410346259792416
68.86511945724487,1.7738018044536898,-5.371875827751619,2.0746492679422803,-5.418609012369819
68.91564631462097,1.7738018044536898,-5.371875827751619,2.072246749582425,-5.426698936982861
68.9660873413086,1.7738018044536898,-5.371875827751619,2.0697953506188695,-5.434669265893959
69.01684308052063,1.7738018044536898,-5.371875827751619,2.0672754793832677,-5.442582323109953
69.06771802902222,1.7738018044536898,-5.371875827751619,2.0646963979857516,-5.4504060091862705
69.1181492805481,1.7738018044536898,-5.371875827751619,2.062087388961909,-5.4580545495634905
69.16920447349548,1.7738018044536898,-5.371875827751619,2.059393180341732,-5.465689049538586
69.22218537330627,1.7738018044536898,-5.371875827751619,2.0565413184292205,-5.473495650582381
69.27293801307678,1.7738018044536898,-5.371875827751619,2.0537561333037857,-5.480863017084587
69.323646068573,1.7738018044536898,-5.371875827751619,2.0509215903595774,-5.488115295953568
69.37411522865295,1.7738018044536898,-5.371875827751619,2.048049229519086,-5.495225379166536
69.42448711395264,1.7738018044536898,-5.371875827751619,2.045131745113302,-5.502214073377506
69.47489356994629,1.7738018044536898,-5.371875827751619,2.042161840116109,-5.509099652375756
69.52534127235413,1.737777570174644,-5.466046095076638,2.039139253817182,-5.515882566884642
69.57613492012024,1.737777570174644,-5.466046095076638,2.0360454012709117,-5.522602317105775
69.62696695327759,1.737777570174644,-5.466046095076638,2.032898695909136,-5.529216750654074
69.677654504776,1.737777570174644,-5.466046095076638,2.0297108709852223,-5.535702203474857
69.72980093955994,1.737777570174644,-5.466046095076638,2.0263793926676796,-5.542259278342167
69.78019118309021,1.737777570174644,-5.466046095076638,2.0231103635747285,-5.548484466736043
69.83060312271118,1.737777570174644,-5.466046095076638,2.0197912557542437,-5.554602905498397
69.88121628761292,1.737777570174644,-5.466046095076638,2.016410182899227,-5.560635455622181
69.93169474601746,1.737777570174644,-5.466046095076638,2.012989748018556,-5.56654166161381
69.98221206665039,1.737777570174644,-5.466046095076638,2.009518587174293,-5.5723419496800615
70.03268027305603,1.737777570174644,-5.466046095076638,2.006003020205415,-5.578026058939226
70.08322286605835,1.737777570174644,-5.466046095076638,2.002434670195366,-5.583607624810657
70.13386917114258,1.737777570174644,-5.466046095076638,1.9988114792975693,-5.5890891095110895
70.18430829048157,1.737777570174644,-5.466046095076638,1.9951560985486663,-5.594437019913624
70.23469710350037,1.6912133463710826,-5.539185680156578,1.9914577825548316,-5.599668657241207
70.28500699996948,1.6912133463710826,-5.539185680156578,1.9877190743029431,-5.604781298436035
70.33531641960144,1.6912133463710826,-5.539185680156578,1.983934518748056,-5.609783000760178
70.386070728302,1.6912133463710826,-5.539185680156578,1.9800702733740936,-5.614716391864169
70.43665957450867,1.6912133463710826,-5.539185680156578,1.9761726979181837,-5.619521040891066
70.4871039390564,1.6912133463710826,-5.539185680156578,1.9722408688640884,-5.624199803665953
70.53753709793091,1.6912133463710826,-5.539185680156578,1.9682648797403324,-5.628765393263073
70.58795142173767,1.6912133463710826,-5.539185680156578,1.9642456444752492,-5.6332170546910865
70.6384048461914,1.6912133463710826,-5.539185680156578,1.9601787908497077,-5.6375596739984175
70.6889533996582,1.6912133463710826,-5.539185680156578,1.9560599007504589,-5.641797464247157
70.73961281776428,1.6912133463710826,-5.539185680156578,1.9518876990571743,-5.64593089463689
70.79022979736328,1.6912133463710826,-5.539185680156578,1.9476750017148121,-5.649947070525154
70.84074640274048,1.6912133463710826,-5.539185680156578,1.943427096595701,-5.653841723465062
70.89140915870667,1.6912133463710826,-5.539185680156578,1.9391234764241227,-5.657633554560997
70.94185709953308,1.6374587902706108,-5.587287467757469,1.9347951735927245,-5.661295632118085
70.99232649803162,1.6374587902706108,-5.587287467757469,1.9304224451798246,-5.664845616432496
71.04273772239685,1.6374587902706108,-5.587287467757469,1.9260125191860022,-5.668277889105875
71.0931715965271,1.6374587902706108,-5.587287467757469,1.9215586530473479,-5.67159793465895
71.14396047592163,1.6374587902706108,-5.587287467757469,1.9170313115819853,-5.674826213339664
71.19488644599915,1.6374587902706108,-5.587287467757469,1.912449598404365,-5.6779470606502205
71.24553275108337,1.6374587902706108,-5.587287467757469,1.9078514765335233,-5.680935291033043
71.29670310020447,1.6374587902706108,-5.587287467757469,1.9031639735213464,-5.683837354689174
71.3482654094696,1.6374587902706108,-5.587287467757469,1.8983983660354817,-5.686642471004862
71.39904499053955,1.6374587902706108,-5.587287467757469,1.8936640014793942,-5.689287956624174
71.44973349571228,1.6374587902706108,-5.587287467757469,1.8888977489452548,-5.691812733976118
71.50133609771729,1.6374587902706108,-5.587287467757469,1.884004408452242,-5.694263906915184
71.55229830741882,1.6374587902706108,-5.587287467757469,1.8791313653626622,-5.696566569832332
71.6027820110321,1.6374587902706108,-5.587287467757469,1.8742647630646236,-5.698731792403269
71.6532051563263,1.576293083450869,-5.614058970985213,1.8693652352893497,-5.7007792420929135
71.7035813331604,1.576293083450869,-5.614058970985213,1.8644318798725048,-5.7027097327180085
71.75408673286438,1.576293083450869,-5.614058970985213,1.8594476445981512,-5.704529630286105
71.80494666099548,1.576293083450869,-5.614058970985213,1.854390045625702,-5.706245285993741
71.85556864738464,1.576293083450869,-5.614058970985213,1.8493181692690106,-5.707836212070015
71.90643525123596,1.576293083450869,-5.614058970985213,1.8441839649020624,-5.709317453304503
71.95995807647705,1.576293083450869,-5.614058970985213,1.8387410607570798,-5.710748907696444
72.01066517829895,1.576293083450869,-5.614058970985213,1.8335464156361263,-5.7119846963309175
72.06231880187988,1.576293083450869,-5.614058970985213,1.8282170315057935,-5.713123051255063
72.11293244361877,1.576293083450869,-5.614058970985213,1.8229582795341854,-5.7141204321689845
72.16358590126038,1.576293083450869,-5.614058970985213,1.8176593609751737,-5.715001522146647
72.21424269676208,1.576293083450869,-5.614058970985213,1.8123243533888924,-5.7157654568041405
72.26514744758606,1.576293083450869,-5.614058970985213,1.8069275393741508,-5.716414973299545
72.31597971916199,1.576293083450869,-5.614058970985213,1.8015030186672722,-5.71694529638285
72.36668705940247,1.5079028135631776,-5.6184041822158655,1.7960569066812546,-5.717356494637771
72.4174337387085,1.5079028135631776,-5.6184041822158655,1.79057196125233,-5.717650128891033
72.4690146446228,1.5079028135631776,-5.6184041822158655,1.7849616912431796,-5.717827668827951
72.52063155174255,1.5079028135631776,-5.6184041822158655,1.7793123529225168,-5.717883230951206
72.57094311714172,1.5079028135631776,-5.6184041822158655,1.773772354862769,-5.717819776567934
72.62139391899109,1.5079028135631776,-5.6184041822158655,1.7681841025310014,-5.717639501320022
72.67210245132446,1.5079028135631776,-5.6184041822158655,1.7625343948403458,-5.717340547071673
72.7230532169342,1.5079028135631776,-5.6184041822158655,1.7568247891389601,-5.716921206375897
72.77367949485779,1.5079028135631776,-5.6184041822158655,1.7511191898449971,-5.716386381333277
72.82456159591675,1.5079028135631776,-5.6184041822158655,1.745352581427683,-5.715730134635993
72.87606382369995,1.5079028135631776,-5.6184041822158655,1.739483169773023,-5.714944641388285
72.92679929733276,1.5079028135631776,-5.6184041822158655,1.7336694721513495,-5.714051528022322
72.9777021408081,1.5079028135631776,-5.6184041822158655,1.7278053330456844,-5.713036423152628
73.02872896194458,1.5079028135631776,-5.6184041822158655,1.7218958078239215,-5.71189913237623
73.08019018173218,1.434776103989974,-5.600007211586181,1.7159047658178999,-5.710630731567267
73.13136601448059,1.434776103989974,-5.600007211586181,1.7099161998957189,-5.709248403560538
73.18185329437256,1.434776103989974,-5.600007211586181,1.7039784851585456,-5.707766445436347
73.23245739936829,1.434776103989974,-5.600007211586181,1.6979977283084233,-5.706163197791952
73.28354597091675,1.434776103989974,-5.600007211586181,1.6919302816959991,-5.704424882903755
73.33414649963379,1.434776103989974,-5.600007211586181,1.6858919715097833,-5.702584584612378
73.38457989692688,1.434776103989974,-5.600007211586181,1.679845382522883,-5.70063291282208
73.43503308296204,1.434776103989974,-5.600007211586181,1.6737685486434157,-5.698563135595588
73.48550772666931,1.434776103989974,-5.600007211586181,1.6676615558294738,-5.696375030319846
73.53631520271301,1.434776103989974,-5.600007211586181,1.6614867652239271,-5.694053851785837
73.58705687522888,1.434776103989974,-5.600007211586181,1.6552927344602995,-5.691616871261679
73.63747954368591,1.434776103989974,-5.600007211586181,1.649111005276603,-5.689077595724418
73.68822312355042,1.434776103989974,-5.600007211586181,1.642863450557186,-5.686403793362605
73.73950839042664,1.434776103989974,-5.600007211586181,1.636522544894236,-5.683580802618723
73.79008340835571,1.3548084595080905,-5.5584572723853904,1.6302435391195131,-5.6806781358076055
73.8409628868103,1.3548084595080905,-5.5584572723853904,1.6239010984647675,-5.677638993833026
73.89147686958313,1.3548084595080905,-5.5584572723853904,1.6175791113545968,-5.6745036206147965
73.94249773025513,1.3548084595080905,-5.5584572723853904,1.6111686251754616,-5.671217386891877
73.99329376220703,1.3548084595080905,-5.5584572723853904,1.6047617000136323,-5.667826449334719
74.0440137386322,1.3548084595080905,-5.5584572723853904,1.5983401226117093,-5.664321954887377
74.09458637237549,1.3548084595080905,-5.5584572723853904,1.5919134087533582,-5.660709635404551
74.14522433280945,1.3548084595080905,-5.5584572723853904,1.5854549209840314,-5.656974613545641
74.19612383842468,1.3548084595080905,-5.5584572723853904,1.5789397394413596,-5.653101300580209
74.24697852134705,1.3548084595080905,-5.5584572723853904,1.5724072658165595,-5.649112282081838
74.29890847206116,1.3548084595080905,-5.5584572723853904,1.5657132648773373,-5.644916089836595
74.34957695007324,1.3548084595080905,-5.5584572723853904,1.5591594182338808,-5.640702239827652
74.40007281303406,1.3548084595080905,-5.5584572723853904,1.5526061668834827,-5.636385268353287
74.45061683654785,1.3548084595080905,-5.5584572723853904,1.5460252703369746,-5.631946778133777
74.50129580497742,1.2710154966257217,-5.494698838975734,1.5394056456106555,-5.6273785556040234
74.55168652534485,1.2710154966257217,-5.494698838975734,1.5328029960402563,-5.62271933005734
74.60246014595032,1.2710154966257217,-5.494698838975734,1.5261296574919805,-5.617906767361921
74.65319013595581,1.2710154966257217,-5.494698838975734,1.5194418198123532,-5.612980167585119
74.70359969139099,1.2710154966257217,-5.494698838975734,1.5127765243513205,-5.607967738476463
74.75395011901855,1.2710154966257217,-5.494698838975734,1.5060997726810508,-5.602844875428963
74.8045539855957,1.2710154966257217,-5.494698838975734,1.499370337328472,-5.5975791646858415
74.85504508018494,1.2710154966257217,-5.494698838975734,1.492637170971089,-5.592208290239961
74.90565490722656,1.2710154966257217,-5.494698838975734,1.4858697324927181,-5.586707673846212
74.95625162124634,1.2710154966257217,-5.494698838975734,1.4790859288605425,-5.581091349700623
75.0070743560791,1.2710154966257217,-5.494698838975734,1.4722539212063466,-5.575332107635
75.05753564834595,1.2710154966257217,-5.494698838975734,1.4654530873749838,-5.569497065894533
75.10842704772949,1.2710154966257217,-5.494698838975734,1.45857705073305,-5.563494535989957
75.15944218635559,1.2710154966257217,-5.494698838975734,1.451667265261671,-5.557358810697842
75.21066379547119,1.184716045836366,-5.408458919017317,1.4447127061218143,-5.551078873990679
75.26121687889099,1.184716045836366,-5.408458919017317,1.4378327413165217,-5.5447637015520215
75.3120698928833,1.184716045836366,-5.408458919017317,1.430896087040566,-5.5382936856491725
75.36251401901245,1.184716045836366,-5.408458919017317,1.423999816894853,-5.531759479029083
75.41367650032043,1.184716045836366,-5.408458919017317,1.4169900251112386,-5.525014091075831
75.46624040603638,1.184716045836366,-5.408458919017317,1.409772525171783,-5.5179601450565
75.51689124107361,1.184716045836366,-5.408458919017317,1.4028030041065733,-5.511044337227895
75.56728386878967,1.184716045836366,-5.408458919017317,1.395855030565734,-5.504048385592317
75.61756873130798,1.184716045836366,-5.408458919017317,1.3889083460111844,-5.496952765625199
75.66828513145447,1.184716045836366,-5.408458919017317,1.3818886521904343,-5.489680377357283
75.7188789844513,1.184716045836366,-5.408458919017317,1.374872854617236,-5.482309726276441
75.7692174911499,1.184716045836366,-5.408458919017317,1.3678798484178132,-5.474861568890605
75.8196051120758,1.184716045836366,-5.408458919017317,1.3608677484261926,-5.467291678571079
75.86990427970886,1.184716045836366,-5.408458919017317,1.3538560448721035,-5.459620975990257
75.92025232315063,1.0930272239395538,-5.29729273082603,1.3468259398986946,-5.451828775182998
75.9706666469574,1.0930272239395538,-5.29729273082603,1.3397752961561569,-5.443912116310507
76.02111220359802,1.0930272239395538,-5.29729273082603,1.3327093158978034,-5.435876299828483
76.07208633422852,1.0930272239395538,-5.29729273082603,1.325558492822246,-5.427640325931797
76.12326526641846,1.0930272239395538,-5.29729273082603,1.3183683586703052,-5.419254135662574
76.17424631118774,1.0930272239395538,-5.29729273082603,1.3111958307127565,-5.41078383156845
76.22504353523254,1.0930272239395538,-5.29729273082603,1.3040393867959241,-5.40222852614218
76.27560043334961,1.0930272239395538,-5.29729273082603,1.296907447825268,-5.393599324135831
76.32713794708252,1.0930272239395538,-5.29729273082603,1.2896279203211511,-5.384685456700748
76.37779545783997,1.0930272239395538,-5.29729273082603,1.282463926694907,-5.375808543260699
76.4284815788269,1.0930272239395538,-5.29729273082603,1.2752875309400147,-5.366812415025611
76.47888922691345,1.0930272239395538,-5.29729273082603,1.2681426076769629,-5.357752571997946
76.52932620048523,1.0930272239395538,-5.29729273082603,1.2609859209508076,-5.348574687264444
76.57982969284058,1.0930272239395538,-5.29729273082603,1.253812505119412,-5.339271830060056
76.63040041923523,1.0026203684804922,-5.167535609495445,1.246622564252971,-5.329843582082416
76.68093919754028,1.0026203684804922,-5.167535609495445,1.2394305269808075,-5.320308481159813
76.73133897781372,1.0026203684804922,-5.167535609495445,1.2322519936758094,-5.310687462824308
76.78180980682373,1.0026203684804922,-5.167535609495445,1.225057392265792,-5.300940826637326
76.83242201805115,1.0026203684804922,-5.167535609495445,1.2178369933211326,-5.2910544549862095
76.88290143013,1.0026203684804922,-5.167535609495445,1.2106302437614258,-5.281082052103101
76.9333291053772,1.0026203684804922,-5.167535609495445,1.2034259317066278,-5.27100839487515
76.98407077789307,1.0026203684804922,-5.167535609495445,1.196172103200138,-5.260759733316606
77.03461384773254,1.0026203684804922,-5.167535609495445,1.1889423556403886,-5.250439402267553
77.08529329299927,1.0026203684804922,-5.167535609495445,1.1816891163053878,-5.239979397052675
77.13579607009888,1.0026203684804922,-5.167535609495445,1.1744575256678593,-5.229444650997273
77.18611598014832,1.0026203684804922,-5.167535609495445,1.1672488399225514,-5.2188378328808325
77.23652577400208,1.0026203684804922,-5.167535609495445,1.1600243238834576,-5.208101948457838
77.28683257102966,1.0026203684804922,-5.167535609495445,1.1528119493283138,-5.197278313635434
77.33757257461548,0.9080815434688941,-5.010458491490624,1.1455351484294543,-5.186250680493076
77.38829183578491,0.9080815434688941,-5.010458491490624,1.138259329199014,-5.175116559929792
77.43875336647034,0.9080815434688941,-5.010458491490624,1.13101883593896,-5.1639290945259315
77.48937582969666,0.9080815434688941,-5.010458491490624,1.1237539328168735,-5.1525959901876135
77.54016470909119,0.9080815434688941,-5.010458491490624,1.1164641534952673,-5.1411151634260435
77.59094977378845,0.9080815434688941,-5.010458491490624,1.109174260902714,-5.129524780098544
77.64229559898376,0.9080815434688941,-5.010458491490624,1.1018035438042606,-5.117694390697524
77.69305467605591,0.9080815434688941,-5.010458491490624,1.0945170644795221,-5.105888696412851
77.74352288246155,0.9080815434688941,-5.010458491490624,1.0872726801311394,-5.094041958325752
77.7939043045044,0.9080815434688941,-5.010458491490624,1.080041418142821,-5.082107710478455
77.84438014030457,0.9080815434688941,-5.010458491490624,1.072797597324287,-5.070043231526996
77.8948118686676,0.9080815434688941,-5.010458491490624,1.0655614238933204,-5.057881696307143
77.94556283950806,0.9080815434688941,-5.010458491490624,1.058281102343479,-5.04553483398907
77.99613904953003,0.9080815434688941,-5.010458491490624,1.0510278333455862,-5.033122599703551
78.04665446281433,0.8156088693465985,-4.83636357246498,1.0437855856340266,-5.020618014688754
78.09747338294983,0.8156088693465985,-4.83636357246498,1.036502475579193,-5.007930366368077
78.14816737174988,0.8156088693465985,-4.83636357246498,1.029240247180351,-4.995166295532181
78.1986095905304,0.8156088693465985,-4.83636357246498,1.0220173626995288,-4.982359180109129
78.24920797348022,0.8156088693465985,-4.83636357246498,1.0147757248893838,-4.969405996970126
78.29964208602905,0.8156088693465985,-4.83636357246498,1.0075615159987823,-4.956389051593261
78.35026979446411,0.8156088693465985,-4.83636357246498,1.0003238731969244,-4.943216139621615
78.40080785751343,0.8156088693465985,-4.83636357246498,0.9931036240935485,-4.929960886477961
78.45138502120972,0.8156088693465985,-4.83636357246498,0.9858826908937499,-4.916589940563842
78.5019018650055,0.8156088693465985,-4.83636357246498,0.9786755863125265,-4.903129911477466
78.55233407020569,0.8156088693465985,-4.83636357246498,0.9714860770825811,-4.889587991847337
78.60268998146057,0.8156088693465985,-4.83636357246498,0.9643132648693116,-4.875962703107382
78.65351700782776,0.8156088693465985,-4.83636357246498,0.9570795660829574,-4.86210497170288
78.70455384254456,0.8156088693465985,-4.83636357246498,0.9498226214100416,-4.848084201805516
78.75527429580688,0.7226031779800409,-4.637122949860628,0.9426175532316998,-4.834045555604359
78.80602931976318,0.7226031779800409,-4.637122949860628,0.9354147723519755,-4.819893046413844
78.85683369636536,0.7226031779800409,-4.637122949860628,0.9282125208488838,-4.805622575132212
78.90735292434692,0.7226031779800409,-4.637122949860628,0.9210584850878749,-4.7913291056091225
78.9578468799591,0.7226031779800409,-4.637122949860628,0.9139161082442513,-4.776940342295336
79.00852108001709,0.7226031779800409,-4.637122949860628,0.9067566738899371,-4.762397535064364
79.05921459197998,0.7226031779800409,-4.637122949860628,0.8996032861911687,-4.747746552002294
79.10966777801514,0.7226031779800409,-4.637122949860628,0.8924928396801239,-4.733063391486018
79.16013145446777,0.7226031779800409,-4.637122949860628,0.8853902372034301,-4.7182760450251084
79.2108507156372,0.7226031779800409,-4.637122949860628,0.8782613705744828,-4.703312187764988
79.262286901474,0.7226031779800409,-4.637122949860628,0.8710419998120127,-4.688033078085512
79.31880855560303,0.7226031779800409,-4.637122949860628,0.8631211616924082,-4.671123238796065
79.36924004554749,0.7226031779800409,-4.637122949860628,0.8560650098310414,-4.655929599882527
79.41974020004272,0.7226031779800409,-4.637122949860628,0.8490101764324549,-4.640615590299991
79.47048330307007,0.632493463313804,-4.419751648204737,0.8419327263316776,-4.625127743870852
79.52188038825989,0.632493463313804,-4.419751648204737,0.8347759508065316,-4.609338255838929
79.57308459281921,0.632493463313804,-4.419751648204737,0.8276582510122772,-4.593506237945843
79.62442946434021,0.632493463313804,-4.419751648204737,0.8205335640347247,-4.577529044404173
79.67579102516174,0.632493463313804,-4.419751648204737,0.8134194716238143,-4.5614451185312035
79.7269058227539,0.632493463313804,-4.419751648204737,0.8063526953407167,-4.5453379743407005
79.77894592285156,0.632493463313804,-4.419751648204737,0.7991717823066997,-4.528836607232403
79.8295476436615,0.632493463313804,-4.419751648204737,0.792203002610536,-4.512692358613423
79.88035774230957,0.632493463313804,-4.419751648204737,0.7852193804619789,-4.496383768496173
79.93079113960266,0.632493463313804,-4.419751648204737,0.7783015657112764,-4.480099445438251
79.98123955726624,0.632493463313804,-4.419751648204737,0.7713959760683937,-4.463714276111895
80.03168535232544,0.632493463313804,-4.419751648204737,0.7645053301940685,-4.447234287328641
80.08230423927307,0.632493463313804,-4.419751648204737,0.7576059997516253,-4.4306019263099525
80.1328809261322,0.632493463313804,-4.419751648204737,0.7507276858684657,-4.413887901072392
80.18352317810059,0.545396279761275,-4.183985588512201,0.7438560421510629,-4.3970568747717955
80.24060773849487,0.545396279761275,-4.183985588512201,0.7361293140210352,-4.377970798482847
80.2913007736206,0.545396279761275,-4.183985588512201,0.7292849909129913,-4.3609208686360175
80.34194850921631,0.545396279761275,-4.183985588512201,0.7224633217763565,-4.343791803735152
80.393075466156,0.545396279761275,-4.183985588512201,0.715594173591994,-4.326405353170593
80.4443531036377,0.545396279761275,-4.183985588512201,0.7087223072702173,-4.308871841817949
80.49597978591919,0.545396279761275,-4.183985588512201,0.7018217045592938,-4.291122412736081
80.54671454429626,0.545396279761275,-4.183985588512201,0.6950582539656036,-4.273585599206568
80.59770393371582,0.545396279761275,-4.183985588512201,0.6882790683392437,-4.255867225350373
80.64819502830505,0.545396279761275,-4.183985588512201,0.68158441193007,-4.238229959534919
80.69866466522217,0.545396279761275,-4.183985588512201,0.6749110664552531,-4.220509018200821
80.74910354614258,0.545396279761275,-4.183985588512201,0.6682605180873882,-4.202708171902681
80.79965686798096,0.545396279761275,-4.183985588512201,0.6616139540869237,-4.184776319752418
80.85049390792847,0.545396279761275,-4.183985588512201,0.6549496321208843,-4.166652718610285
80.90371775627136,0.46237725802457746,-3.9314210418867863,0.6479937335382524,-4.147580722231321
80.95425581932068,0.46237725802457746,-3.9314210418867863,0.6414093206880485,-4.129379227328853
81.0047173500061,0.46237725802457746,-3.9314210418867863,0.6348550662059398,-4.111116350155524
81.05524206161499,0.46237725802457746,-3.9314210418867863,0.6283130953461724,-4.092741940164079
81.10583424568176,0.46237725802457746,-3.9314210418867863,0.6217832118365085,-4.074254474523654
81.15680623054504,0.46237725802457746,-3.9314210418867863,0.6152256637470765,-4.055539034832295
81.2078447341919,0.46237725802457746,-3.9314210418867863,0.6086813203394339,-4.036709871675747
81.2589418888092,0.46237725802457746,-3.9314210418867863,0.6021515556005372,-4.017769959281994
81.31066226959229,0.46237725802457746,-3.9314210418867863,0.5955649567477499,-3.9985086503805762
81.36114311218262,0.46237725802457746,-3.9314210418867863,0.5891586217507299,-3.9796216679844827
81.41158652305603,0.46237725802457746,-3.9314210418867863,0.5827794230055086,-3.9606629479070756
81.46243929862976,0.46237725802457746,-3.9314210418867863,0.5763713801412909,-3.941464015139654
81.51310110092163,0.46237725802457746,-3.9314210418867863,0.570010563570102,-3.9222513669080827
81.56370043754578,0.46237725802457746,-3.9314210418867863,0.5636809362076292,-3.902977315373186
81.6145691871643,0.38297449297475195,-3.6589581815324874,0.5573413978830355,-3.8835153284779356
81.6649329662323,0.38297449297475195,-3.6589581815324874,0.5510885587006364,-3.8641626751318974
81.71547269821167,0.38297449297475195,-3.6589581815324874,0.5448379127375813,-3.8446589335181294
81.76583290100098,0.38297449297475195,-3.6589581815324874,0.5386336855892755,-3.825141702121889
81.81620335578918,0.38297449297475195,-3.6589581815324874,0.5324526360848236,-3.8055382551346697
81.86657047271729,0.38297449297475195,-3.6589581815324874,0.5262966967543199,-3.785854273412284
81.91723465919495,0.38297449297475195,-3.6589581815324874,0.5201296293673514,-3.765972052685978
81.9689302444458,0.38297449297475195,-3.6589581815324874,0.5138633176500305,-3.74560059830907
82.01928663253784,0.38297449297475195,-3.6589581815324874,0.5077851435149969,-3.7256752557512662
82.0698139667511,0.38297449297475195,-3.6589581815324874,0.5017121915604004,-3.7056017355656965
82.12026238441467,0.38297449297475195,-3.6589581815324874,0.4956748190067515,-3.685479504272475
82.17095923423767,0.38297449297475195,-3.6589581815324874,0.48963423862072464,-3.6651780157534257
82.22137403488159,0.38297449297475195,-3.6589581815324874,0.4836538847340206,-3.6449102060685172
82.27176785469055,0.38297449297475195,-3.6589581815324874,0.47770279998824927,-3.6245722603286024
82.32246375083923,0.3093077896458025,-3.372080118122348,0.47174331059822183,-3.604033572236868
82.37361884117126,0.3093077896458025,-3.372080118122348,0.4657578196363268,-3.583229148210806
82.42501187324524,0.3093077896458025,-3.372080118122348,0.459773048299581,-3.562247789092573
82.47594976425171,0.3093077896458025,-3.372080118122348,0.4538697818373931,-3.541373406023497
82.52639842033386,0.3093077896458025,-3.372080118122348,0.4480514309085044,-3.5206225952229198
82.57687664031982,0.3093077896458025,-3.372080118122348,0.4422580208834659,-3.499783451206321
82.62733745574951,0.3093077896458025,-3.372080118122348,0.43649519512582646,-3.478875776876876
82.67879271507263,0.3093077896458025,-3.372080118122348,0.43064848217557916,-3.4574785729863002
82.73019933700562,0.3093077896458025,-3.372080118122348,0.4248374773528196,-3.436023919219214
82.78111100196838,0.3093077896458025,-3.372080118122348,0.4191124032976319,-3.4146997789237883
82.83193731307983,0.3093077896458025,-3.372080118122348,0.41342693176296397,-3.3933363488133326
82.88253283500671,0.3093077896458025,-3.372080118122348,0.4077972908751186,-3.371995913090716
82.93309497833252,0.3093077896458025,-3.372080118122348,0.40220151676127935,-3.3505962408966656
82.98372220993042,0.3093077896458025,-3.372080118122348,0.396628975396736,-3.3290960454443494
83.0341727733612,0.24229902357333438,-3.0756221223953863,0.39110640877171576,-3.307598692118656
83.0848696231842,0.24229902357333438,-3.0756221223953863,0.3855878139434643,-3.2859242681359024
83.13553643226624,0.24229902357333438,-3.0756221223953863,0.380103699972719,-3.2641909132877043
83.18601727485657,0.24229902357333438,-3.0756221223953863,0.37467097355216694,-3.242466432347582
83.23639965057373,0.24229902357333438,-3.0756221223953863,0.36928018000084295,-3.220714229344573
83.2871458530426,0.24229902357333438,-3.0756221223953863,0.3638823298635945,-3.1987346252864217
83.33775639533997,0.24229902357333438,-3.0756221223953863,0.3585309938004255,-3.1767439571487674
83.3902153968811,0.24229902357333438,-3.0756221223953863,0.35301826687453586,-3.153877027463156
83.44070434570312,0.24229902357333438,-3.0756221223953863,0.34774553329404645,-3.131799066762591
83.49170231819153,0.24229902357333438,-3.0756221223953863,0.34245269433318715,-3.1094295224764856
83.54288482666016,0.24229902357333438,-3.0756221223953863,0.337174328518008,-3.086909803734629
83.59327840805054,0.24229902357333438,-3.0756221223953863,0.33201045341675517,-3.0646699235650745
83.64388728141785,0.24229902357333438,-3.0756221223953863,0.32685781730609564,-3.042268323251382
83.69835376739502,0.24229902357333438,-3.0756221223953863,0.3213499559908799,-3.018085046552928
83.74875497817993,0.1794518914255227,-2.754346755289936,0.3162880762756415,-2.995638806749724
83.7999575138092,0.1794518914255227,-2.754346755289936,0.31118027624552225,-2.9727693129259687
83.85037064552307,0.1794518914255227,-2.754346755289936,0.3061854645793112,-2.950187523894742
83.90086269378662,0.1794518914255227,-2.754346755289936,0.3012170959863889,-2.927506343410445
83.95130276679993,0.1794518914255227,-2.754346755289936,0.2962882829523972,-2.9047850018302217
84.00175833702087,0.1794518914255227,-2.754346755289936,0.2913925989495434,-2.8819936605348873
84.05253481864929,0.1794518914255227,-2.754346755289936,0.28650096180900864,-2.858994222394254
84.10308647155762,0.1794518914255227,-2.754346755289936,0.2816662488735995,-2.8360341974149303
84.15362310409546,0.1794518914255227,-2.754346755289936,0.27686834426282436,-2.8130192309101583
84.20417761802673,0.1794518914255227,-2.754346755289936,0.27210432632054404,-2.789934828918641
84.25500130653381,0.1794518914255227,-2.754346755289936,0.26735101743249334,-2.766666223549863
84.30584263801575,0.1794518914255227,-2.754346755289936,0.26263244677369846,-2.7433285598490196
84.35676431655884,0.1794518914255227,-2.754346755289936,0.25794309833095097,-2.7198933881335376
84.40737748146057,0.1794518914255227,-2.754346755289936,0.253318730745447,-2.6965405829134546
84.45840907096863,0.1258327477984113,-2.433209889849136,0.24869324048377228,-2.67293505508467
84.50893712043762,0.1258327477984113,-2.433209889849136,0.24415029257178933,-2.649503931849838
84.55971050262451,0.1258327477984113,-2.433209889849136,0.23962246351932803,-2.6259009016471118
84.61024880409241,0.1258327477984113,-2.433209889849136,0.2351527935173907,-2.6023497851988013
84.66091108322144,0.1258327477984113,-2.433209889849136,0.23070959015558667,-2.578683959581008
84.71239471435547,0.1258327477984113,-2.433209889849136,0.22623293561619962,-2.5545765861353855
84.76466250419617,0.1258327477984113,-2.433209889849136,0.22172807905975622,-2.5300429047918813
84.81523394584656,0.1258327477984113,-2.433209889849136,0.21740795886553155,-2.506249292070165
84.86598300933838,0.1258327477984113,-2.433209889849136,0.21311094262607178,-2.48231709725946
84.9167377948761,0.1258327477984113,-2.433209889849136,0.20885197156241775,-2.4583276071945868
84.9675703048706,0.1258327477984113,-2.433209889849136,0.2046252764862584,-2.434247179149633
85.01820278167725,0.1258327477984113,-2.433209889849136,0.20045398786425794,-2.410208110683973
85.06860160827637,0.1258327477984113,-2.433209889849136,0.1963405494707029,-2.3862275648937334
85.11916875839233,0.1258327477984113,-2.433209889849136,0.1922522479086317,-2.3621148981064666
85.16961979866028,0.0780106081879919,-2.0923558118399415,0.18821230723705717,-2.338006179706878
85.22010540962219,0.0780106081879919,-2.0923558118399415,0.18420873316718023,-2.3138300505383986
85.2704668045044,0.0780106081879919,-2.0923558118399415,0.1802541772501698,-2.2896632042959757
85.32091450691223,0.0780106081879919,-2.0923558118399415,0.1763322264717595,-2.2654051956929147
85.37165951728821,0.0780106081879919,-2.0923558118399415,0.17242708972260656,-2.2409545243740085
85.4227454662323,0.0780106081879919,-2.0923558118399415,0.16853632872640967,-2.216289766526157
85.47352862358093,0.0780106081879919,-2.0923558118399415,0.1647091774917926,-2.1917222041472693
85.52417159080505,0.0780106081879919,-2.0923558118399415,0.1609330108037912,-2.167174350778852
85.57509231567383,0.0780106081879919,-2.0923558118399415,0.15717698710587857,-2.142443961183946
85.62587213516235,0.0780106081879919,-2.0923558118399415,0.15347230821184077,-2.117734712757259
85.67674803733826,0.0780106081879919,-2.0923558118399415,0.14980178459655713,-2.092931894223309
85.72753310203552,0.0780106081879919,-2.0923558118399415,0.1461790604718658,-2.068127168162798
85.77901840209961,0.0780106081879919,-2.0923558118399415,0.142548604820528,-2.0429338771135805
85.82986450195312,0.0780106081879919,-2.0923558118399415,0.1390050925885209,-2.018007916399811
85.88168048858643,0.03902121185141219,-1.7522558143652394,0.13543694825248842,-1.9925605978094958
85.93235516548157,0.03902121185141219,-1.7522558143652394,0.1319894872636338,-1.9676295308809615
85.98329949378967,0.03902121185141219,-1.7522558143652394,0.1285657809812597,-1.9425222406597198
86.03479075431824,0.03902121185141219,-1.7522558143652394,0.12514835678306113,-1.9171015849965347
86.08536005020142,0.03902121185141219,-1.7522558143652394,0.1218343759327376,-1.8920937712894512
86.13743495941162,0.03902121185141219,-1.7522558143652394,0.11846563178384661,-1.8662981402149859
86.18783783912659,0.03902121185141219,-1.7522558143652394,0.11524761474111322,-1.8412895186306841
86.23837804794312,0.03902121185141219,-1.7522558143652394,0.11206300283386295,-1.8161725736916954
86.28927946090698,0.03902121185141219,-1.7522558143652394,0.1088984472174972,-1.7908360031142347
86.34001803398132,0.03902121185141219,-1.7522558143652394,0.10578690858981155,-1.7655409738913526
86.39100003242493,0.03902121185141219,-1.7522558143652394,0.10270370477520663,-1.740085414021601
86.44216752052307,0.03902121185141219,-1.7522558143652394,0.09965301568925611,-1.7144983223934216
86.4930248260498,0.03902121185141219,-1.7522558143652394,0.09666436092818786,-1.6890282735426703
86.54405498504639,0.03902121185141219,-1.7522558143652394,0.09370930315907611,-1.6634340767155118
86.59480667114258,0.00790301924726714,-1.40034423493673,0.09081396406871756,-1.637942773318859
86.64529848098755,0.00790301924726714,-1.40034423493673,0.08797670949253256,-1.6125461620170036
86.69750165939331,0.00790301924726714,-1.40034423493673,0.08508877865202935,-1.5862517634753301
86.74811577796936,0.00790301924726714,-1.40034423493673,0.08233303136533277,-1.5607224237900692
86.79861283302307,0.00790301924726714,-1.40034423493673,0.07962721129773254,-1.5352180180870627
86.84922647476196,0.00790301924726714,-1.40034423493673,0.07695890897952173,-1.5096210955702252
86.89979028701782,0.00790301924726714,-1.40034423493673,0.07433709341359984,-1.4840163098603276
86.95035004615784,0.00790301924726714,-1.40034423493673,0.07175942820512349,-1.458381092241205
87.00094175338745,0.00790301924726714,-1.40034423493673,0.06922421983478166,-1.4326977223642223
87.05136680603027,0.00790301924726714,-1.40034423493673,0.0667413477590233,-1.407067708138958
87.10197925567627,0.00790301924726714,-1.40034423493673,0.0642935078086384,-1.3813116341484863
87.15247774124146,0.00790301924726714,-1.40034423493673,0.06189547116787386,-1.3555833529753603
87.20295071601868,0.00790301924726714,-1.40034423493673,0.059542951787029175,-1.3298384843589097
87.25339484214783,0.00790301924726714,-1.40034423493673,0.05723612940591716,-1.304079338524644
87.30383801460266,-0.015537076651438417,-1.0418982409180986,0.05497378291614119,-1.2782922568992343
87.35448956489563,-0.015537076651438417,-1.0418982409180986,0.05274689105320407,-1.2523706165133
87.4052402973175,-0.015537076651438417,-1.0418982409180986,0.0505607546822775,-1.2263706138557362
87.45625758171082,-0.015537076651438417,-1.0418982409180986,0.04840874365745451,-1.2002067826667595
87.50767016410828,-0.015537076651438417,-1.0418982409180986,0.046286408373591215,-1.1738131535076
87.55845284461975,-0.015537076651438417,-1.0418982409180986,0.044235840574964325,-1.147716798831739
87.609778881073,-0.015537076651438417,-1.0418982409180986,0.04220963426991098,-1.1213154575771531
87.6603033542633,-0.015537076651438417,-1.0418982409180986,0.04026061738628961,-1.0953017056641006
87.71072196960449,-0.015537076651438417,-1.0418982409180986,0.03836080921726337,-1.0693185749633352
87.76118397712708,-0.015537076651438417,-1.0418982409180986,0.03650457933564022,-1.0432897605260636
87.81172728538513,-0.015537076651438417,-1.0418982409180986,0.03469077663449038,-1.01719619086256
87.86231660842896,-0.015537076651438417,-1.0418982409180986,0.03292091313043466,-0.9910565675501176
87.91352772712708,-0.015537076651438417,-1.0418982409180986,0.03117582564237864,-0.964573525190965
87.96400761604309,-0.015537076651438417,-1.0418982409180986,0.029501542433656436,-0.938447407499897
88.01449298858643,-0.030140813049772657,-0.6707744170002,0.027872709878763224,-0.9122979540542651
88.06540369987488,-0.030140813049772657,-0.6707744170002,0.026276435019122246,-0.885908012560285
88.11608505249023,-0.030140813049772657,-0.6707744170002,0.024733577975917242,-0.8596174128981544
88.16649293899536,-0.030140813049772657,-0.6707744170002,0.02324485798036502,-0.8334498990404251
88.21693968772888,-0.030140813049772657,-0.6707744170002,0.02180079180297989,-0.8072440386852295
88.26727366447449,-0.030140813049772657,-0.6707744170002,0.020405677814599343,-0.7810792106793503
88.3177924156189,-0.030140813049772657,-0.6707744170002,0.01905142385759362,-0.7548012774570964
88.36822605133057,-0.030140813049772657,-0.6707744170002,0.01774545579563913,-0.7285511469327903
88.41855263710022,-0.030140813049772657,-0.6707744170002,0.016488131731098754,-0.7023408998430208
88.46900510787964,-0.030140813049772657,-0.6707744170002,0.015273708980900302,-0.6760497857251752
88.51945376396179,-0.030140813049772657,-0.6707744170002,0.014105525906016325,-0.6497459091597353
88.57009887695312,-0.030140813049772657,-0.6707744170002,0.012979257437644609,-0.6233253418306255
88.62090110778809,-0.030140813049772657,-0.6707744170002,0.011896312050590385,-0.5968090397956767
88.67218899726868,-0.030140813049772657,-0.6707744170002,0.010850623380302071,-0.5700258545147736
88.72301411628723,-0.03605937632172293,-0.31377842967538555,0.009861603376316364,-0.5434716506345834
88.77600836753845,-0.03605937632172293,-0.31377842967538555,0.00888048996202695,-0.5157713484841717
88.82670617103577,-0.03605937632172293,-0.31377842967538555,0.007989817760427176,-0.4892597764446288
88.87713718414307,-0.03605937632172293,-0.31377842967538555,0.007150364357088712,-0.46287702029602273
88.9277617931366,-0.03605937632172293,-0.31377842967538555,0.006354399329074667,-0.43638283453997134
88.97849655151367,-0.03605937632172293,-0.31377842967538555,0.0056036882498471385,-0.40982138268937396
89.02994298934937,-0.03605937632172293,-0.31377842967538555,0.004890509371437535,-0.38287810824168644
89.081618309021,-0.03605937632172293,-0.31377842967538555,0.004222908745162179,-0.3558062188900486
89.13246035575867,-0.03605937632172293,-0.31377842967538555,0.0036137847159594116,-0.3291629142625454
89.18299889564514,-0.03605937632172293,-0.31377842967538555,0.0030552225817959133,-0.30267142804058506
89.23339796066284,-0.03605937632172293,-0.31377842967538555,0.0025448162972141475,-0.27624645053040575
89.28404593467712,-0.03605937632172293,-0.31377842967538555,0.002078805442846665,-0.24968490601210405
89.33487296104431,-0.03605937632172293,-0.31377842967538555,0.0016584477301213596,-0.22302393977396043
89.38584208488464,-0.03605937632172293,-0.31377842967538555,0.0012845151344662575,-0.19628347672122548
89.43629455566406,-0.03306052995675094,0.05757438091144175,0.0009613325553829988,-0.16980976261961386
89.48678231239319,-0.03306052995675094,0.05757438091144175,0.0006847065363104754,-0.1433138229101681
89.53866386413574,-0.03306052995675094,0.05757438091144175,0.0004492103217774712,-0.11608316271136351
89.58945775032043,-0.03306052995675094,0.05757438091144175,0.00026654768705114407,-0.08942077703261939
89.64058828353882,-0.03306052995675094,0.05757438091144175,0.0001305434026046548,-0.06257968415783857
89.69126105308533,-0.03306052995675094,0.05757438091144175,4.31463499444007e-05,-0.03597750950590804
89.74195671081543,-0.03306052995675094,0.05757438091144175,2.92189811723631e-06,-0.009362526413356026
89.79249024391174,-0.03306052995675094,0.05757438091144175,9.824172864103531e-06,0.017167547971181682
89.84323501586914,-0.03306052995675094,0.05757438091144175,6.397246340350549e-05,0.04380814353074122
89.89367866516113,-0.03306052995675094,0.05757438091144175,0.00016469255932838323,0.07028969454864398
89.94426035881042,-0.03306052995675094,0.05757438091144175,0.0003126298493940638,0.0968421746021593
89.99596500396729,-0.03306052995675094,0.05757438091144175,0.0005124278076986677,0.12398193925834193
90.04657530784607,-0.03306052995675094,0.05757438091144175,0.0007555503923759588,0.15054453595278655
90.0971531867981,-0.03306052995675094,0.05757438091144175,0.0010455068222334774,0.17708681135735702
90.15009498596191,-0.020937235573065295,0.4280158363348572,0.0013993215414940252,0.2048654548026223
90.20064496994019,-0.020937235573065295,0.4280158363348572,0.0017851578029239867,0.2313845235047694
90.25122618675232,-0.020937235573065295,0.4280158363348572,0.002218156758377887,0.25791490262360006
90.30222415924072,-0.020937235573065295,0.4280158363348572,0.0027022259286395567,0.28465814464046624
90.3529577255249,-0.020937235573065295,0.4280158363348572,0.0032310927468044426,0.3112564347914287
90.40381169319153,-0.020937235573065295,0.4280158363348572,0.0038085453831202543,0.3379109539695445
90.45484471321106,-0.020937235573065295,0.4280158363348572,0.0044356446181850195,0.36465178808749765
90.50525140762329,-0.020937235573065295,0.4280158363348572,0.005101844725913907,0.39105644215717944
90.55594110488892,-0.020937235573065295,0.4280158363348572,0.005818658481569372,0.4176007499351039
90.60645484924316,-0.020937235573065295,0.4280158363348572,0.006579715045094581,0.4440437662867145
90.65689182281494,-0.020937235573065295,0.4280158363348572,0.00738612752540746,0.4704369024015294
90.7081823348999,-0.020937235573065295,0.4280158363348572,0.008253816736629283,0.4972661603904117
90.75863456726074,-0.020937235573065295,0.4280158363348572,0.009154148043847954,0.5236459884168372
90.80918025970459,-0.020937235573065295,0.4280158363348572,0.010102677057165277,0.5500632239219829
90.86002159118652,-0.0007222996896116151,0.7988433080427768,0.01110369730364491,0.5766228169402994
90.91049599647522,-0.0007222996896116151,0.7988433080427768,0.012144024268305298,0.602978088409961
90.96085047721863,-0.0007222996896116151,0.7988433080427768,0.013228034865210958,0.6292576187689268
91.0113115310669,-0.0007222996896116151,0.7988433080427768,0.014360542669668686,0.6555790465943931
91.06183862686157,-0.0007222996896116151,0.7988433080427768,0.015540829251350363,0.6819205843757894
91.11255979537964,-0.0007222996896116151,0.7988433080427768,0.016772195031475867,0.7083482881523426
91.16329050064087,-0.0007222996896116151,0.7988433080427768,0.018050390016645323,0.7347653351237704
91.21377468109131,-0.0007222996896116151,0.7988433080427768,0.01936858458648638,0.7610379182484112
91.26436138153076,-0.0007222996896116151,0.7988433080427768,0.02073564111868187,0.7873471769012694
91.31605529785156,-0.0007222996896116151,0.7988433080427768,0.022180321899198052,0.814214433393853
91.36638498306274,-0.0007222996896116151,0.7988433080427768,0.02363314575508868,0.8403547355782739
91.41685724258423,-0.0007222996896116151,0.7988433080427768,0.025135870132794835,0.8665507649041208
91.46725678443909,-0.0007222996896116151,0.7988433080427768,0.02668211930129072,0.8926901734592048
91.5176751613617,-0.0007222996896116151,0.7988433080427768,0.028274566099043774,0.918819905607253
91.56865620613098,0.027750922083704645,1.154928881399755,0.02993111361559997,0.9452208891160232
91.62124300003052,0.027750922083704645,1.154928881399755,0.03168857512647705,0.9724313583563198
91.67168498039246,0.027750922083704645,1.154928881399755,0.03342079198718384,0.9985103706595054
91.72230648994446,0.027750922083704645,1.154928881399755,0.03520481406289022,1.024660312657261
91.77340507507324,0.027750922083704645,1.154928881399755,0.03705194475639306,1.0510338799699368
91.8247184753418,0.027750922083704645,1.154928881399755,0.03895356951463835,1.0774946549854647
91.8758864402771,0.027750922083704645,1.154928881399755,0.040896353151559595,1.1038562271993617
91.92623257637024,0.027750922083704645,1.154928881399755,0.04285322272134762,1.1297702294467324
91.97720170021057,0.027750922083704645,1.154928881399755,0.044879985690331026,1.1559798986491607
92.02794694900513,0.027750922083704645,1.154928881399755,0.04694342073700364,1.1820488865121437
92.07846713066101,0.027750922083704645,1.154928881399755,0.04904279163857428,1.2079763487833035
92.12894225120544,0.027750922083704645,1.154928881399755,0.05118513174617112,1.2338543081288287
92.17943263053894,0.027750922083704645,1.154928881399755,0.05337287426717685,1.2597131489893423
92.22994589805603,0.027750922083704645,1.154928881399755,0.055606311340391734,1.2855561842943284
92.2806544303894,0.06379512693753786,1.5103606598022257,0.057893262860027495,1.3114708573341547
92.33114767074585,0.06379512693753786,1.5103606598022257,0.060215093042150336,1.3372468048123038
92.38188624382019,0.06379512693753786,1.5103606598022257,0.06259292701422536,1.3631185748393997
92.43286275863647,0.06379512693753786,1.5103606598022257,0.06502696033079136,1.3890814044188533
92.48337030410767,0.06379512693753786,1.5103606598022257,0.06748303449283632,1.4147748964213993
92.53383421897888,0.06379512693753786,1.5103606598022257,0.06998105728328863,1.4404153258006602
92.58694839477539,0.06379512693753786,1.5103606598022257,0.07265774142545789,1.4673683974217575
92.63742232322693,0.06379512693753786,1.5103606598022257,0.0752463773183254,1.4929488234593076
92.68888878822327,0.06379512693753786,1.5103606598022257,0.07793096762952834,1.5189987339434627
92.73967051506042,0.06379512693753786,1.5103606598022257,0.08062431579155005,1.5446682995813297
92.79047131538391,0.06379512693753786,1.5103606598022257,0.08336276600245984,1.570313383444787
92.84133100509644,0.06379512693753786,1.5103606598022257,0.08614845275079297,1.5959534407912037
92.89227938652039,0.06379512693753786,1.5103606598022257,0.08898308460818694,1.6216027771248855
92.94267058372498,0.06379512693753786,1.5103606598022257,0.09183000529579388,1.6469361649526744
92.99329566955566,0.10780320099801956,1.8599952272054965,0.09473337390075898,1.6723510894110016
93.04367733001709,0.10780320099801956,1.8599952272054965,0.09766568610013993,1.697607388691362
93.094313621521,0.10780320099801956,1.8599952272054965,0.10065582352859881,1.7229541735151046
93.14493584632874,0.10780320099801956,1.8599952272054965,0.10368810333833212,1.7482561252614461
93.19527316093445,0.10780320099801956,1.8599952272054965,0.10674579870861134,1.7733776583938465
93.24577355384827,0.10780320099801956,1.8599952272054965,0.10985584286832673,1.7985419391697492
93.29640865325928,0.10780320099801956,1.8599952272054965,0.11301673682411462,1.8237339388951395
93.34700512886047,0.10780320099801956,1.8599952272054965,0.11621765189945776,1.8488667611280722
93.39758324623108,0.10780320099801956,1.8599952272054965,0.11945966710554501,1.8739499922225047
93.44921684265137,0.10780320099801956,1.8599952272054965,0.12281278511116023,1.8995143599104705
93.50004363059998,0.10780320099801956,1.8599952272054965,0.1261562426569065,1.9246369600547455
93.55059170722961,0.10780320099801956,1.8599952272054965,0.1295232777859714,1.9495796195062858
93.60123538970947,0.10780320099801956,1.8599952272054965,0.1329384574397201,1.9745267269247617
93.65190601348877,0.10780320099801956,1.8599952272054965,0.13639716218218734,1.9994437584826268
93.70236921310425,0.15931236721997952,2.201381797750949,0.13988303045157968,2.024215157502919
93.75299549102783,0.15931236721997952,2.201381797750949,0.14342145744787338,2.0490223136740617
93.80368852615356,0.15931236721997952,2.201381797750949,0.1470058465203401,2.0738171859844057
93.85505938529968,0.15931236721997952,2.201381797750949,0.1506801672465765,2.0988971075582477
93.90625786781311,0.15931236721997952,2.201381797750949,0.15438407502781226,2.1238457561189645
93.95743417739868,0.15931236721997952,2.201381797750949,0.1581280412678603,2.148736037509403
94.00921511650085,0.15931236721997952,2.201381797750949,0.1619584745066911,2.1738714245940596
94.05972671508789,0.15931236721997952,2.201381797750949,0.1657357846051264,2.198342651294916
94.11038541793823,0.15931236721997952,2.201381797750949,0.16956438299235144,2.22283699634927
94.16210842132568,0.15931236721997952,2.201381797750949,0.17351487972806767,2.2477956460783166
94.21256279945374,0.15931236721997952,2.201381797750949,0.17740868470604454,2.272092619080132
94.26346731185913,0.15931236721997952,2.201381797750949,0.18137730204153923,2.2965562723531754
94.31414675712585,0.15931236721997952,2.201381797750949,0.18536819357914425,2.320861254335375
94.36464476585388,0.15931236721997952,2.201381797750949,0.1893841525842559,2.34502856956454
94.41510319709778,0.21934600110965102,2.5410340279040007,0.19343603748987803,2.36912591901186
94.46540069580078,0.21934600110965102,2.5410340279040007,0.19751370525344703,2.3930951342430826
94.51597571372986,0.21934600110965102,2.5410340279040007,0.2016526680756794,2.417144461087121
94.56634569168091,0.21934600110965102,2.5410340279040007,0.20581334835239184,2.44104380593492
94.61715984344482,0.21934600110965102,2.5410340279040007,0.21004947408208396,2.465100308260113
94.66770529747009,0.21934600110965102,2.5410340279040007,0.2143016429872806,2.4889756829368177
94.71815299987793,0.21934600110965102,2.5410340279040007,0.21858364346665393,2.5127507475290356
94.76852989196777,0.21934600110965102,2.5410340279040007,0.22289739601349234,2.5364379593762676
94.81994795799255,0.21934600110965102,2.5410340279040007,0.22733903393399046,2.5605580608818177
94.87041020393372,0.21934600110965102,2.5410340279040007,0.23173596523283857,2.584173608616474
94.92137813568115,0.21934600110965102,2.5410340279040007,0.23621484321815212,2.6079687957827313
94.97320508956909,0.21934600110965102,2.5410340279040007,0.24080805709012942,2.6321057398549614
95.02405166625977,0.21934600110965102,2.5410340279040007,0.24535226064866666,2.655727474232808
95.0754132270813,0.21934600110965102,2.5410340279040007,0.24998038061488703,2.6795289737514274
95.12614727020264,0.28598077504956515,2.8689651424400218,0.25458915085525335,2.7029804695359894
95.17660450935364,0.28598077504956515,2.8689651424400218,0.25920924917891686,2.7262451475548666
95.22795152664185,0.28598077504956515,2.8689651424400218,0.2639479640184472,2.749859297455018
95.27836012840271,0.28598077504956515,2.8689651424400218,0.2686363277519548,2.7729817268760977
95.32882070541382,0.28598077504956515,2.8689651424400218,0.27336530549669424,2.7960678113407207
95.37918424606323,0.28598077504956515,2.8689651424400218,0.27812068999811235,2.8190489643268792
95.42969679832458,0.28598077504956515,2.8689651424400218,0.282925571500658,2.8420368712992046
95.48029327392578,0.28598077504956515,2.8689651424400218,0.2877738045679772,2.865000992314969
95.53092527389526,0.28598077504956515,2.8689651424400218,0.2926606751871881,2.887918646076713
95.58140254020691,0.28598077504956515,2.8689651424400218,0.29756749353344736,2.910703445371642
95.632071018219,0.28598077504956515,2.8689651424400218,0.3025277215135782,2.9335109854614227
95.68272686004639,0.28598077504956515,2.8689651424400218,0.3075213808534438,2.956248680280042
95.73323631286621,0.28598077504956515,2.8689651424400218,0.31253491583006765,2.9788563069603695
95.78367877006531,0.28598077504956515,2.8689651424400218,0.3175757820348979,3.0013693252201485
95.83432698249817,0.3568149603406687,3.176391752478416,0.32267116628645187,3.0239087151717468
95.88526391983032,0.3568149603406687,3.176391752478416,0.3278296994590648,3.046509949237554
95.93616533279419,0.3568149603406687,3.176391752478416,0.33301858106317495,3.069028167243852
95.98676800727844,0.3568149603406687,3.176391752478416,0.33821042868654194,3.0913471033396926
96.03799939155579,0.3568149603406687,3.176391752478416,0.3435005045992594,3.1138746706347202
96.0885238647461,0.3568149603406687,3.176391752478416,0.3487505977864669,3.136023243247986
96.13960456848145,0.3568149603406687,3.176391752478416,0.35409159172209614,3.1583463686394304
96.1902527809143,0.3568149603406687,3.176391752478416,0.35942000281488173,3.1804112291259745
96.24096417427063,0.3568149603406687,3.176391752478416,0.36478739701926477,3.2024340448767648
96.29132294654846,0.3568149603406687,3.176391752478416,0.3701492663000412,3.224234369513457
96.34193682670593,0.3568149603406687,3.176391752478416,0.3755700004557858,3.246075023208558
96.3925428390503,0.3568149603406687,3.176391752478416,0.3810214407881989,3.267841547462073
96.4443941116333,0.3568149603406687,3.176391752478416,0.38663950605340736,3.290069832169353
96.49540209770203,0.3568149603406687,3.176391752478416,0.3921980423155156,3.31186319409941
96.54603457450867,0.4363427879764525,3.488827901342884,0.39774665493066363,3.333423641334857
96.59631371498108,0.4363427879764525,3.488827901342884,0.4032868762999011,3.35476171895072
96.64690828323364,0.4363427879764525,3.488827901342884,0.40889213008219505,3.376160870946636
96.6977949142456,0.4363427879764525,3.488827901342884,0.41456013745141096,3.3976094400362533
96.74844861030579,0.4363427879764525,3.488827901342884,0.4202322362965294,3.4188855545423396
96.7990128993988,0.4363427879764525,3.488827901342884,0.42592397392539905,3.440049755274378
96.84962725639343,0.4363427879764525,3.488827901342884,0.43165077622103,3.461160056629499
96.90021538734436,0.4363427879764525,3.488827901342884,0.43740379104240246,3.482184136076868
96.95075058937073,0.4363427879764525,3.488827901342884,0.44317967176365514,3.5031106265818552
97.00112652778625,0.4363427879764525,3.488827901342884,0.4489658421151952,3.5238955295155727
97.0517258644104,0.4363427879764525,3.488827901342884,0.45480606533540646,3.544696143314299
97.10207462310791,0.4363427879764525,3.488827901342884,0.4606453683770182,3.5653172482226667
97.15244579315186,0.4363427879764525,3.488827901342884,0.46651497727093183,3.5858707365407234
97.20289540290833,0.4363427879764525,3.488827901342884,0.472421258175284,3.606378806242896
97.2533917427063,0.518400143102101,3.7730955860113697,0.4783603532870764,3.6268278462611026
97.30387663841248,0.518400143102101,3.7730955860113697,0.4843251996822744,3.647193785495782
97.35429334640503,0.518400143102101,3.7730955860113697,0.49030877880852675,3.6674534906163974
97.40474104881287,0.518400143102101,3.7730955860113697,0.49632258081524316,3.687646478394096
97.45549058914185,0.518400143102101,3.7730955860113697,0.5023989004005225,3.707879946773809
97.50638723373413,0.518400143102101,3.7730955860113697,0.5085193044799556,3.7280907049676615
97.55709958076477,0.518400143102101,3.7730955860113697,0.5146436523804621,3.7481468158490876
97.60799908638,0.518400143102101,3.7730955860113697,0.5208165431803526,3.7681947503403137
97.65848851203918,0.518400143102101,3.7730955860113697,0.5269651156793786,3.78799939022972
97.70912504196167,0.518400143102101,3.7730955860113697,0.5331567633731162,3.8077795125487723
97.75983047485352,0.518400143102101,3.7730955860113697,0.5393818218598585,3.827503625135991
97.81195211410522,0.518400143102101,3.7730955860113697,0.5458065275455488,3.8476917047330406
97.862478017807,0.518400143102101,3.7730955860113697,0.5520592139433194,3.8671771719262122
97.91309452056885,0.518400143102101,3.7730955860113697,0.5583472023591136,3.8866137130741536
97.96353220939636,0.6030136863926308,4.034188749055139,0.564636695636366,3.905897688075304
98.01410174369812,0.6030136863926308,4.034188749055139,0.5709661319301513,3.925147584850442
98.06470656394958,0.6030136863926308,4.034188749055139,0.5773232729794158,3.944325824344237
98.11599159240723,0.6030136863926308,4.034188749055139,0.5837893547442254,3.9636745947372662
98.16669583320618,0.6030136863926308,4.034188749055139,0.5902051814931748,3.982717489453524
98.21704196929932,0.6030136863926308,4.034188749055139,0.5965980227550409,4.00154014411441
98.26808404922485,0.6030136863926308,4.034188749055139,0.6031016672300797,4.020535363946622
98.31925916671753,0.6030136863926308,4.034188749055139,0.6096446565962759,4.039491119040513
98.37035846710205,0.6030136863926308,4.034188749055139,0.6162000404605892,4.058329495066136
98.42073273658752,0.6030136863926308,4.034188749055139,0.6226837378440278,4.076812849650672
98.47105669975281,0.6030136863926308,4.034188749055139,0.6291818262182503,4.095190390103033
98.52138328552246,0.6030136863926308,4.034188749055139,0.6357008351932416,4.1134811906650155
98.57180786132812,0.6030136863926308,4.034188749055139,0.6422529027169208,4.131719270870237
98.62242436408997,0.6030136863926308,4.034188749055139,0.6488501300828227,4.149937464804015
98.6729691028595,0.6923517524389886,4.288196562328106,0.6554579385115544,4.168040167939583
98.72387194633484,0.6923517524389886,4.288196562328106,0.6621324085604956,4.186180195138995
98.77462363243103,0.6923517524389886,4.288196562328106,0.6688065981676228,4.204175130499788
98.82510495185852,0.6923517524389886,4.288196562328106,0.6754643016642219,4.221983468336361
98.87550401687622,0.6923517524389886,4.288196562328106,0.6821298440599919,4.239672152029643
98.92595529556274,0.6923517524389886,4.288196562328106,0.6888207075503816,4.257288093403931
98.9767837524414,0.6923517524389886,4.288196562328106,0.6955799345291536,4.274943227060958
99.02740669250488,0.6923517524389886,4.288196562328106,0.7023298394871536,4.292434322697443
99.07808780670166,0.6923517524389886,4.288196562328106,0.7091052112588185,4.3098525321659125
99.12957882881165,0.6923517524389886,4.288196562328106,0.7160067020706284,4.32745344043404
99.18024349212646,0.6923517524389886,4.288196562328106,0.7228146918322258,4.34467741440478
99.23066258430481,0.6923517524389886,4.288196562328106,0.7296063837892008,4.361724530024558
99.28109574317932,0.6923517524389886,4.288196562328106,0.7364163452532737,4.378682867253432
99.33179044723511,0.6923517524389886,4.288196562328106,0.7432778320671511,4.395634524615765
99.38226413726807,0.6923517524389886,4.288196562328106,0.7501252543060843,4.412417681707517
99.43280959129333,0.7860056483911292,4.526540983174145,0.756997964422709,4.4291297671591074
99.48329973220825,0.7860056483911292,4.526540983174145,0.7638783945352476,4.4457283782734205
99.53394794464111,0.7860056483911292,4.526540983174145,0.7707953705684725,4.462283034587286
99.58436441421509,0.7860056483911292,4.526540983174145,0.7776953250657275,4.478666196805771
99.63494277000427,0.7860056483911292,4.526540983174145,0.7846317993701208,4.495005642306432
99.6853940486908,0.7860056483911292,4.526540983174145,0.7915648791727521,4.511207590925006
99.73610162734985,0.7860056483911292,4.526540983174145,0.7985469994916734,4.527394458626658
99.7867419719696,0.7860056483911292,4.526540983174145,0.805533384741925,4.543462093149791
99.83739900588989,0.7860056483911292,4.526540983174145,0.8125352873478924,4.559436941950105
99.88942241668701,0.7860056483911292,4.526540983174145,0.8197394879337332,4.57574023925635
99.94064950942993,0.7860056483911292,4.526540983174145,0.8268463966934172,4.591692212708299
99.99119997024536,0.7860056483911292,4.526540983174145,0.8338717496550772,4.60733416689782
100.04192471504211,0.7860056483911292,4.526540983174145,0.8409333111030599,4.622930563146149
100.09246826171875,0.7860056483911292,4.526540983174145,0.8479812823657149,4.638371807717849
100.1431052684784,0.8811995387713211,4.743673321815174,0.8550536228383927,4.653741757025613
100.1936309337616,0.8811995387713211,4.743673321815174,0.8621214131697215,4.668977992054744
100.24428057670593,0.8811995387713211,4.743673321815174,0.8692172641326006,4.6841511301783285
100.29490733146667,0.8811995387713211,4.743673321815174,0.8763203204923626,4.699216569479242
100.34596085548401,0.8811995387713211,4.743673321815174,0.8834934775831669,4.714306601664815
100.39662861824036,0.8811995387713211,4.743673321815174,0.8906222688674321,4.7291806395226335
100.44855737686157,0.8811995387713211,4.743673321815174,0.8979383140590551,4.7443191323458205
100.50012302398682,0.8811995387713211,4.743673321815174,0.9052127216542283,4.7592455554145765
100.55054640769958,0.8811995387713211,4.743673321815174,0.9123348419003796,4.773738686502202
100.60104489326477,0.8811995387713211,4.743673321815174,0.9194760274132097,4.788151390518551
100.65151715278625,0.8811995387713211,4.743673321815174,0.9266216472210211,4.802454315083747
100.70274567604065,0.8811995387713211,4.743673321815174,0.9338823365287756,4.816866683590031
100.7533495426178,0.8811995387713211,4.743673321815174,0.9410620855425724,4.830999307294817
100.80388331413269,0.8811995387713211,4.743673321815174,0.9482391013163705,4.845008920918731
100.85438179969788,0.9763406366194137,4.941478947407817,0.9554179875290121,4.858905222887593
100.90486979484558,0.9763406366194137,4.941478947407817,0.9626019421006662,4.872694904945812
100.95538353919983,0.9763406366194137,4.941478947407817,0.9697958061164147,4.886387548179434
101.00593852996826,0.9763406366194137,4.941478947407817,0.9770014794035413,4.8999868783474465
101.05741715431213,0.9763406366194137,4.941478947407817,0.9843445694873632,4.913726973521834
101.10813617706299,0.9763406366194137,4.941478947407817,0.991584673385848,4.927157781047548
101.158940076828,0.9763406366194137,4.941478947407817,0.9988419054646396,4.940504782413134
101.20941925048828,0.9763406366194137,4.941478947407817,1.0060573962883472,4.953660860917294
101.2601728439331,0.9763406366194137,4.941478947407817,1.0133164555299121,4.966782068897102
101.31078553199768,0.9763406366194137,4.941478947407817,1.0205593733113134,4.97976035939484
101.36204385757446,0.9763406366194137,4.941478947407817,1.0278984349855977,4.992795564337175
101.41302871704102,0.9763406366194137,4.941478947407817,1.0352017526438284,5.005652513646742
101.46354460716248,0.9763406366194137,4.941478947407817,1.0424409190303219,5.018284024449862
101.51420593261719,0.9763406366194137,4.941478947407817,1.0497036248528104,5.03084451384011
101.56467318534851,1.0694175358294733,5.112993509334695,1.056940869739803,5.043249722403118
101.61797738075256,1.0694175358294733,5.112993509334695,1.064587145004984,5.056235863720252
101.66852688789368,1.0694175358294733,5.112993509334695,1.0718400169412854,5.068440174129719
101.71910881996155,1.0694175358294733,5.112993509334695,1.0790989088648701,5.080544184947198
101.76971387863159,1.0694175358294733,5.112993509334695,1.0863621602480642,5.092545263062829
101.82006335258484,1.0694175358294733,5.112993509334695,1.0935894350249664,5.104377832464462
101.8704993724823,1.0694175358294733,5.112993509334695,1.1008295137368838,5.116122617576751
101.92087650299072,1.0694175358294733,5.112993509334695,1.108061193784124,5.12774544329309
101.9713237285614,1.0694175358294733,5.112993509334695,1.1153026642206978,5.1392758150541535
102.02193808555603,1.0694175358294733,5.112993509334695,1.1225675228435419,5.150734928433982
102.0724663734436,1.0694175358294733,5.112993509334695,1.1298190956188543,5.1620649822636295
102.12312960624695,1.0694175358294733,5.112993509334695,1.1370887683602235,5.173315164029761
102.17389631271362,1.0694175358294733,5.112993509334695,1.14437168247191,5.184477496708723
102.2246720790863,1.0694175358294733,5.112993509334695,1.151653953011533,5.1955306442058955
102.2763364315033,1.1645724527838117,5.268520874993088,1.1590613233266913,5.206662888781131
102.3284261226654,1.1645724527838117,5.268520874993088,1.1665269281970938,5.217769811275615
102.37912678718567,1.1645724527838117,5.268520874993088,1.173790459863922,5.228467556535832
102.42973637580872,1.1645724527838117,5.268520874993088,1.1810376600146353,5.239034714971515
102.48017382621765,1.1645724527838117,5.268520874993088,1.1882566144317295,5.249455036810495
102.53073453903198,1.1645724527838117,5.268520874993088,1.195489275673142,5.2597895234586245
102.58125567436218,1.1645724527838117,5.268520874993088,1.2027120073622302,5.270004427979751
102.63165855407715,1.1645724527838117,5.268520874993088,1.2099132499073988,5.280084181325986
102.68205904960632,1.1645724527838117,5.268520874993088,1.2171092438647637,5.290052175142944
102.73262596130371,1.1645724527838117,5.268520874993088,1.2243237331096297,5.299941071947357
102.78334069252014,1.1645724527838117,5.268520874993088,1.2315536795282251,5.309746012314428
102.83384847640991,1.1645724527838117,5.268520874993088,1.2387481824072126,5.319398430982385
102.88427519798279,1.1645724527838117,5.268520874993088,1.2459248909844982,5.3289231767727525
102.9348680973053,1.1645724527838117,5.268520874993088,1.253118642223098,5.338366497042074
102.98538112640381,1.2568048284156237,5.400740139399431,1.2602940996697578,5.347682012513227
103.03611159324646,1.2568048284156237,5.400740139399431,1.2674931310584805,5.356923926893819
103.08673143386841,1.2568048284156237,5.400740139399431,1.2746688217697513,5.366031954824932
103.13715362548828,1.2568048284156237,5.400740139399431,1.2818085710514915,5.374991318816586
103.18796300888062,1.2568048284156237,5.400740139399431,1.2889948093066481,5.383905142937756
103.23935008049011,1.2568048284156237,5.400740139399431,1.296253893890481,5.3928034169447105
103.2911148071289,1.2568048284156237,5.400740139399431,1.3035569635205952,5.401648070807523
103.34155225753784,1.2568048284156237,5.400740139399431,1.310663396057502,5.410150897286409
103.39219617843628,1.2568048284156237,5.400740139399431,1.3177892631008565,5.4185741365149225
103.44263339042664,1.2568048284156237,5.400740139399431,1.3248760935338126,5.426848928048679
103.49330496788025,1.2568048284156237,5.400740139399431,1.3319855167418604,5.4350474029439395
103.5439829826355,1.2568048284156237,5.400740139399431,1.3390851418940874,5.443131728633672
103.59474778175354,1.2568048284156237,5.400740139399431,1.3461858559755289,5.4511142705873965
103.64564514160156,1.2568048284156237,5.400740139399431,1.3532936484513127,5.459001344896431
103.69619631767273,1.3438797226674373,5.507501074204655,1.3603413965480309,5.466719368347661
103.746755361557,1.3438797226674373,5.507501074204655,1.3673782419497131,5.474323429552097
103.79723024368286,1.3438797226674373,5.507501074204655,1.3743910679789813,5.481799826874532
103.8475615978241,1.3438797226674373,5.507501074204655,1.381371376765716,5.489140426710415
103.89845943450928,1.3438797226674373,5.507501074204655,1.3884171398053478,5.496447215651287
103.94897031784058,1.3438797226674373,5.507501074204655,1.395395967297189,5.5035825914897085
103.99964928627014,1.3438797226674373,5.507501074204655,1.40238429499248,5.510625603269933
104.05026149749756,1.3438797226674373,5.507501074204655,1.4093493612567585,5.517543158084911
104.10207104682922,1.3438797226674373,5.507501074204655,1.4164642997981338,5.524503997053568
104.15304374694824,1.3438797226674373,5.507501074204655,1.4234492550562068,5.531233458316249
104.2036120891571,1.3438797226674373,5.507501074204655,1.4303636990247004,5.5377928604088105
104.25400257110596,1.3438797226674373,5.507501074204655,1.4372385274678678,5.544213497135248
104.30439805984497,1.3438797226674373,5.507501074204655,1.4440984352710398,5.5505191712175215
104.35479593276978,1.3438797226674373,5.507501074204655,1.4509427299476665,5.5567094391789045
104.40534448623657,1.429161519324498,5.592833153279509,1.4577911444722529,5.562801900683121
104.45586133003235,1.429161519324498,5.592833153279509,1.464618576491471,5.568774077064756
104.5068416595459,1.429161519324498,5.592833153279509,1.4714913981848181,5.5746829298719
104.55736064910889,1.429161519324498,5.592833153279509,1.478284593358399,5.580421180087536
104.60785698890686,1.429161519324498,5.592833153279509,1.4850570675532855,5.586040260375439
104.65842628479004,1.429161519324498,5.592833153279509,1.4918212828731612,5.591550561167214
104.70901536941528,1.429161519324498,5.592833153279509,1.4985697435971377,5.596945896025489
104.7595112323761,1.429161519324498,5.592833153279509,1.5052870812065493,5.602214398879601
104.81036067008972,1.429161519324498,5.592833153279509,1.5120322502507544,5.607401714212373
104.86104989051819,1.429161519324498,5.592833153279509,1.5187366503711044,5.612454691403752
104.91194653511047,1.429161519324498,5.592833153279509,1.5254485417565116,5.617409752906864
104.96234488487244,1.429161519324498,5.592833153279509,1.5320746966529897,5.622199149857188
105.01341485977173,1.429161519324498,5.592833153279509,1.538768488837491,5.626933399190417
105.06399846076965,1.429161519324498,5.592833153279509,1.5453776908964363,5.631504454161679
105.11439561843872,1.5123440793025889,5.658331843648266,1.55194157483055,5.635941719402645
105.16548037528992,1.5123440793025889,5.658331843648266,1.5585733276864149,5.640320352796175
105.21690249443054,1.5123440793025889,5.658331843648266,1.5652264822427666,5.644606686832978
105.2676477432251,1.5123440793025889,5.658331843648266,1.5717696958266951,5.64871733434736
105.31923222541809,1.5123440793025889,5.658331843648266,1.5783980047369655,5.652774494533581
105.36960434913635,1.5123440793025889,5.658331843648266,1.5848477067382927,5.656618084009256
105.42019152641296,1.5123440793025889,5.658331843648266,1.5913019139341118,5.660360489603221
105.47397184371948,1.5123440793025889,5.658331843648266,1.5981378407256353,5.664209852647761
105.52596783638,1.5123440793025889,5.658331843648266,1.6047214370015583,5.667804805199355
105.57652258872986,1.5123440793025889,5.658331843648266,1.61109814014222,5.671180659290895
105.62749290466309,1.5123440793025889,5.658331843648266,1.6175025623275636,5.674465012208433
105.67794251441956,1.5123440793025889,5.658331843648266,1.6238168087259475,5.677597884370066
105.7283980846405,1.5123440793025889,5.658331843648266,1.630106848313811,5.680613768207876
105.77912592887878,1.5123440793025889,5.658331843648266,1.6364053460943575,5.683527597390386
105.8296959400177,1.5882095358932642,5.699587250092278,1.6426584853221944,5.686314256636301
105.88029193878174,1.5882095358932642,5.699587250092278,1.6488887698129533,5.688984330521144
105.93094754219055,1.5882095358932642,5.699587250092278,1.655099945990083,5.691539289700161
105.9813621044159,1.5882095358932642,5.699587250092278,1.6612549678649167,5.693964603762039
106.03207325935364,1.5882095358932642,5.699587250092278,1.6674191043709752,5.696285944290532
106.08279657363892,1.5882095358932642,5.699587250092278,1.6735572073227836,5.698489214775848
106.13332486152649,1.5882095358932642,5.699587250092278,1.6796440290907309,5.700566063810371
106.18404960632324,1.5882095358932642,5.699587250092278,1.6857264028807415,5.702532587660406
106.23490405082703,1.5882095358932642,5.699587250092278,1.6917957255816913,5.704385067733604
106.28539800643921,1.5882095358932642,5.699587250092278,1.6977933659696938,5.706106472701438
106.33615112304688,1.5882095358932642,5.699587250092278,1.7037926881159153,5.707718301156367
106.3866057395935,1.5882095358932642,5.699587250092278,1.7097274865331513,5.709203001625646
106.43731379508972,1.5882095358932642,5.699587250092278,1.7156624013194426,5.710576997685685
106.4877576828003,1.5882095358932642,5.699587250092278,1.72153654197446,5.711826328471581
106.53852963447571,1.6594120834661479,5.71720574403967,1.7274184953920457,5.712965467974482
106.58927607536316,1.6594120834661479,5.71720574403967,1.7332667065318457,5.71398545748931
106.63995146751404,1.6594120834661479,5.71720574403967,1.7390756948041801,5.714885755531035
106.69060444831848,1.6594120834661479,5.71720574403967,1.7448508022923497,5.715667591516168
106.74130368232727,1.6594120834661479,5.71720574403967,1.75059951683347,5.716331983027562
106.79221391677856,1.6594120834661479,5.71720574403967,1.7563399568251072,5.716880232571172
106.84294891357422,1.6594120834661479,5.71720574403967,1.7620282184872398,5.7173081025078805
106.89337491989136,1.6594120834661479,5.71720574403967,1.7676494543079153,5.717616205968724
106.94383883476257,1.6594120834661479,5.71720574403967,1.7732422835354649,5.717807658207291
106.99457478523254,1.6594120834661479,5.71720574403967,1.7788320386924066,5.717882323449754
107.04522013664246,1.6594120834661479,5.71720574403967,1.7843782749042372,5.717839093570857
107.09576940536499,1.6594120834661479,5.71720574403967,1.7898802647488394,5.717678684072098
107.1465048789978,1.6594120834661479,5.71720574403967,1.7953683304555554,5.71739994864866
107.19722867012024,1.6594120834661479,5.71720574403967,1.8008205772819814,5.717003432932669
107.24796891212463,1.7210746454727242,5.71235710814947,1.806239711940023,5.716488969544656
107.29851961135864,1.7210746454727242,5.71235710814947,1.811603602677259,5.715859320713638
107.34885025024414,1.7210746454727242,5.71235710814947,1.8169091304008709,5.715116360364949
107.39949345588684,1.7210746454727242,5.71235710814947,1.8222120379214364,5.71425198231387
107.44990229606628,1.7210746454727242,5.71235710814947,1.8274546686629778,5.713275330161154
107.50041437149048,1.7210746454727242,5.71235710814947,1.832671969155526,5.712180398524093
107.55095314979553,1.7210746454727242,5.71235710814947,1.837855591632653,5.710968482112369
107.60147142410278,1.7210746454727242,5.71235710814947,1.8430003845957759,5.709640778934299
107.65216279029846,1.7210746454727242,5.71235710814947,1.8481255933996394,5.708191764264141
107.70303869247437,1.7210746454727242,5.71235710814947,1.8532316747005257,5.706619967422219
107.75368046760559,1.7210746454727242,5.71235710814947,1.8582763615011757,5.704938591176283
107.80412697792053,1.7210746454727242,5.71235710814947,1.8632637061600998,5.703147926307858
107.85456705093384,1.7210746454727242,5.71235710814947,1.8682123064911815,5.701242064634082
107.9050989151001,1.7210746454727242,5.71235710814947,1.8731314055489403,5.699217104994693
107.95552682876587,1.7761523870969733,5.683863891642409,1.8780016668457953,5.697081039016787
108.00651979446411,1.7761523870969733,5.683863891642409,1.8828868684530944,5.694804052942679
108.05713772773743,1.7761523870969733,5.683863891642409,1.8876964294613787,5.69242758376379
108.1078827381134,1.7761523870969733,5.683863891642409,1.8924780527391258,5.689929027484262
108.15837907791138,1.7761523870969733,5.683863891642409,1.8971961818191028,5.687327419373961
108.2087631225586,1.7761523870969733,5.683863891642409,1.9018636969689409,5.684617086959461
108.25931119918823,1.7761523870969733,5.683863891642409,1.9065058443189133,5.681783111460575
108.30994081497192,1.7761523870969733,5.683863891642409,1.9111144610393829,5.678829405810738
108.36027789115906,1.7761523870969733,5.683863891642409,1.9156554644751993,5.675778639490733
108.41140270233154,1.7761523870969733,5.683863891642409,1.9202254071574087,5.672563782398793
108.46209478378296,1.7761523870969733,5.683863891642409,1.9247144642171197,5.669260504032092
108.51350784301758,1.7761523870969733,5.683863891642409,1.9292241441223346,5.66579277634629
108.56398797035217,1.7761523870969733,5.683863891642409,1.9336093519109128,5.662273017057045
108.61517310142517,1.7761523870969733,5.683863891642409,1.938012371925064,5.658587945182948
108.66563320159912,1.8229422421424106,5.634415193236536,1.9423099306322764,5.654840729069351
108.7164351940155,1.8229422421424106,5.634415193236536,1.9465931002458017,5.650953588543882
108.76764965057373,1.8229422421424106,5.634415193236536,1.950866568912042,5.646918716413094
108.81804251670837,1.8229422421424106,5.634415193236536,1.9550276126123336,5.642834875768976
108.86843776702881,1.8229422421424106,5.634415193236536,1.9591450575407698,5.6386382107339355
108.91910648345947,1.8229422421424106,5.634415193236536,1.963240413540794,5.634305377894127
108.96994924545288,1.8229422421424106,5.634415193236536,1.96730477495871,5.629843535387922
109.02034211158752,1.8229422421424106,5.634415193236536,1.9712883542156767,5.625308527937587
109.07087898254395,1.8229422421424106,5.634415193236536,1.9752382330410072,5.620648098661605
109.12154817581177,1.8229422421424106,5.634415193236536,1.9791528538260654,5.615862569501997
109.1719560623169,1.8229422421424106,5.634415193236536,1.9830017079428002,5.610989717645962
109.22252035140991,1.8229422421424106,5.634415193236536,1.9868165607410915,5.605989686195258
109.27325940132141,1.8229422421424106,5.634415193236536,1.9905980735730404,5.600859733650299
109.3239312171936,1.8229422421424106,5.634415193236536,1.9943277921732692,5.595624148134054
109.37451672554016,1.8604540459371985,5.563100668627358,1.9980042563312697,5.590285592470827
109.42508578300476,1.8604540459371985,5.563100668627358,2.0016324190551282,5.584837218721702
109.47551321983337,1.8604540459371985,5.563100668627358,2.0052032563720585,5.579293220434948
109.52679824829102,1.8604540459371985,5.563100668627358,2.0087862437186503,5.573541563403668
109.57772254943848,1.8604540459371985,5.563100668627358,2.012295288690031,5.567717430430796
109.62847638130188,1.8604540459371985,5.563100668627358,2.0157439960162353,5.561801022026574
109.67988562583923,1.8604540459371985,5.563100668627358,2.0191875151902954,5.5556946600347725
109.73225545883179,1.8604540459371985,5.563100668627358,2.0226436428752814,5.549356911988535
109.78287935256958,1.8604540459371985,5.563100668627358,2.0259346494558494,5.54311814518017
109.83341121673584,1.8604540459371985,5.563100668627358,2.0291704948170506,5.536780820247712
109.8838701248169,1.8604540459371985,5.563100668627358,2.03235238678234,5.530343288587806
109.9344573020935,1.8604540459371985,5.563100668627358,2.035492679696664,5.523779906754184
109.98510026931763,1.8604540459371985,5.563100668627358,2.0385863496112213,5.517099692494936
110.03581023216248,1.8604540459371985,5.563100668627358,2.0416336457797604,5.510300984291976
110.08657646179199,1.8881400850585432,5.4708571066717715,2.044633486808247,5.503385039211619
110.13735318183899,1.8881400850585432,5.4708571066717715,2.047582815770902,5.4963580986089635
110.18786954879761,1.8881400850585432,5.4708571066717715,2.0504660296346846,5.4892586737754865
110.23828125,1.8881400850585432,5.4708571066717715,2.053292321325949,5.48206628202496
110.28881764411926,1.8881400850585432,5.4708571066717715,2.056074275629465,5.474748361392463
110.33965301513672,1.8881400850585432,5.4708571066717715,2.058820594362935,5.467278547410426
110.39072775840759,1.8881400850585432,5.4708571066717715,2.061526980439224,5.459664105567828
110.44226908683777,1.8881400850585432,5.4708571066717715,2.064204121766192,5.451869128586866
110.49295973777771,1.8881400850585432,5.4708571066717715,2.0667839535899564,5.444094313357763
110.54362535476685,1.8881400850585432,5.4708571066717715,2.0693096279775247,5.43621606936359
110.59406733512878,1.8881400850585432,5.4708571066717715,2.071771397607761,5.428266307484924
110.64491391181946,1.8881400850585432,5.4708571066717715,2.0741994014552243,5.4201456895503775
110.69678473472595,1.8881400850585432,5.4708571066717715,2.0766207095028326,5.411750960676208
110.74740195274353,1.8881400850585432,5.4708571066717715,2.078929121879294,5.403451750640689
110.79795098304749,1.905802726789967,5.357975865288672,2.0811805877672933,5.39505813771744
110.84877347946167,1.905802726789967,5.357975865288672,2.083389764936883,5.386513002141182
110.89939403533936,1.905802726789967,5.357975865288672,2.085535644360082,5.377896310614697
110.95008301734924,1.905802726789967,5.357975865288672,2.087629675315135,5.369162718216171
111.00051474571228,1.905802726789967,5.357975865288672,2.0896584850337456,5.360369185856293
111.05128931999207,1.905802726789967,5.357975865288672,2.091645851230421,5.3514110757255935
111.10188579559326,1.905802726789967,5.357975865288672,2.0935708924602134,5.3423800536713655
111.15233612060547,1.905802726789967,5.357975865288672,2.095435136018568,5.333271685499648
111.20294690132141,1.905802726789967,5.357975865288672,2.097249669643658,5.324030841894857
111.25336647033691,1.905802726789967,5.357975865288672,2.099001719958063,5.314722097554776
111.30395603179932,1.905802726789967,5.357975865288672,2.100703658547217,5.305279104004528
111.3546314239502,1.905802726789967,5.357975865288672,2.1023520140011724,5.295717067387443
111.40590476989746,1.905802726789967,5.357975865288672,2.1039620784582964,5.285937547115088
111.456627368927,1.905802726789967,5.357975865288672,2.105497486663666,5.276159780579321
111.50840282440186,1.9125357570493953,5.224639905120779,2.1070057046512356,5.2660733989955
111.55888962745667,1.9125357570493953,5.224639905120779,2.1084187143890714,5.256135561359672
111.60963225364685,1.9125357570493953,5.224639905120779,2.109781298657124,5.246045682058778
111.66065120697021,1.9125357570493953,5.224639905120779,2.1110928914770266,5.235798376244752
111.7113835811615,1.9125357570493953,5.224639905120779,2.1123388334643267,5.225507033336482
111.76208519935608,1.9125357570493953,5.224639905120779,2.113525750281118,5.215121008646703
111.81258654594421,1.9125357570493953,5.224639905120779,2.1146498715152666,5.204676013259437
111.86317253112793,1.9125357570493953,5.224639905120779,2.1157175405279616,5.19411376350595
111.91368460655212,1.9125357570493953,5.224639905120779,2.116725196506403,5.183467633454946
111.9648687839508,1.9125357570493953,5.224639905120779,2.1176864798619044,5.172578929776364
112.01609325408936,1.9125357570493953,5.224639905120779,2.118588073913674,5.161580265478648
112.06660318374634,1.9125357570493953,5.224639905120779,2.119417687150952,5.150636019857141
112.11722445487976,1.9125357570493953,5.224639905120779,2.1201897561542604,5.139569327840628
112.16788029670715,1.9125357570493953,5.224639905120779,2.120902664412615,5.1283968615761575
112.21829319000244,1.9076732708685156,5.072172497591007,2.1215526883189524,5.117180748708304
112.26868510246277,1.9076732708685156,5.072172497591007,2.1221429733018855,5.1058726821978535
112.31914710998535,1.9076732708685156,5.072172497591007,2.122674317635679,5.094452400010956
112.36982083320618,1.9076732708685156,5.072172497591007,2.123147529596862,5.082887363616626
112.42074012756348,1.9076732708685156,5.072172497591007,2.123561924271746,5.071168860620706
112.47110915184021,1.9076732708685156,5.072172497591007,2.123911394099425,5.05948124249284
112.52146625518799,1.9076732708685156,5.072172497591007,2.1242005096627516,5.047701516012111
112.57181549072266,1.9076732708685156,5.072172497591007,2.1244291574936804,5.0358291148320715
112.62240529060364,1.9076732708685156,5.072172497591007,2.12459787422784,5.023805132877307
112.67291140556335,1.9076732708685156,5.072172497591007,2.1247051241320425,5.011706528194681
112.72440838813782,1.9076732708685156,5.072172497591007,2.1247513552723767,4.999273679670579
112.77508044242859,1.9076732708685156,5.072172497591007,2.1247344624384588,4.9869448499669575
112.82580375671387,1.9076732708685156,5.072172497591007,2.124655410909596,4.9745093758576795
112.87695002555847,1.9076732708685156,5.072172497591007,2.12451257943869,4.961875157980358
112.92795467376709,1.8916085984119202,4.90342509024543,2.1243068571419528,4.94918122757207
112.97877264022827,1.8916085984119202,4.90342509024543,2.124038872162247,4.936440065734237
113.03243350982666,1.8916085984119202,4.90342509024543,2.1236874404355106,4.922885003768526
113.08283305168152,1.8916085984119202,4.90342509024543,2.1232931665215995,4.910059543604311
113.13363528251648,1.8916085984119202,4.90342509024543,2.1228326471929093,4.897039597842537
113.18456864356995,1.8916085984119202,4.90342509024543,2.122307191930556,4.883893670516203
113.23519158363342,1.8916085984119202,4.90342509024543,2.12172153937256,4.870736573405603
113.28569197654724,1.8916085984119202,4.90342509024543,2.1210741783615563,4.8575210054922
113.3362443447113,1.8916085984119202,4.90342509024543,2.120362856627395,4.844201845172734
113.38674354553223,1.8916085984119202,4.90342509024543,2.1195889105745653,4.830807159344473
113.43703079223633,1.8916085984119202,4.90342509024543,2.118755129739022,4.81738012993368
113.48739743232727,1.8916085984119202,4.90342509024543,2.117856792530805,4.803843677380992
113.53817129135132,1.8916085984119202,4.90342509024543,2.116886992111914,4.790108782821957
113.58869862556458,1.8916085984119202,4.90342509024543,2.11585777207722,4.776352239436556
113.6392068862915,1.8629060402324304,4.717538750314422,2.114764868179648,4.762513189052117
113.69252395629883,1.8629060402324304,4.717538750314422,2.1135415356362093,4.747809815692701
113.74352836608887,1.8629060402324304,4.717538750314422,2.112304176416557,4.733653563926451
113.79393720626831,1.8629060402324304,4.717538750314422,2.1110166746229035,4.7195759074494985
113.84435200691223,1.8629060402324304,4.717538750314422,2.109664669293064,4.705410753387085
113.89486765861511,1.8629060402324304,4.717538750314422,2.108245284710476,4.691131546826146
113.94622802734375,1.8629060402324304,4.717538750314422,2.106735664645563,4.676525992996675
113.99701976776123,1.8629060402324304,4.717538750314422,2.1051766896431428,4.661995698638533
114.047847032547,1.8629060402324304,4.717538750314422,2.103550731112718,4.647369583343261
114.09856367111206,1.8629060402324304,4.717538750314422,2.1018624896510514,4.632690286741406
114.14932894706726,1.8629060402324304,4.717538750314422,2.100106665634251,4.617912263148767
114.20018172264099,1.8629060402324304,4.717538750314422,2.0982815321983708,4.603024257236781
114.25084590911865,1.8629060402324304,4.717538750314422,2.0963970811224946,4.588107748584643
114.30163288116455,1.8629060402324304,4.717538750314422,2.0944417467162757,4.573071626401989
114.35248017311096,1.8216332486094695,4.51083428769387,2.092417463761027,4.55793433643278
114.40309715270996,1.8216332486094695,4.51083428769387,2.0903360277306806,4.542783220286212
114.45366525650024,1.8216332486094695,4.51083428769387,2.088190419793375,4.5275650522532835
114.50406694412231,1.8216332486094695,4.51083428769387,2.0859859460884076,4.51231612727432
114.55488586425781,1.8216332486094695,4.51083428769387,2.0836964832358404,4.4968596663851255
114.60527873039246,1.8216332486094695,4.51083428769387,2.0813599402573164,4.481452579681756
114.65568447113037,1.8216332486094695,4.51083428769387,2.0789566823425525,4.465962059931963
114.70644879341125,1.8216332486094695,4.51083428769387,2.0764693978942166,4.450281396089099
114.75731754302979,1.8216332486094695,4.51083428769387,2.0739095270431394,4.434488415434985
114.8081271648407,1.8216332486094695,4.51083428769387,2.07128511690137,4.418634208741162
114.85891604423523,1.8216332486094695,4.51083428769387,2.0685942526964993,4.402707406897058
114.9102430343628,1.8216332486094695,4.51083428769387,2.0658061993871266,4.38653197808253
114.96084427833557,1.8216332486094695,4.51083428769387,2.0629898971866134,4.370507081393912
115.01165461540222,1.8216332486094695,4.51083428769387,2.0600942661721815,4.354338284862876
115.06211161613464,1.767520682497154,4.290471802742553,2.0571515644799057,4.338205315770779
115.11268544197083,1.767520682497154,4.290471802742553,2.054134764275137,4.321958807561177
115.16306614875793,1.767520682497154,4.290471802742553,2.0510624289662145,4.305698921428698
115.21377658843994,1.767520682497154,4.290471802742553,2.0479023245976835,4.2892570317804
115.26475358009338,1.767520682497154,4.290471802742553,2.0446571165614715,4.2726527214018635
115.3152220249176,1.767520682497154,4.290471802742553,2.0413765622491784,4.25613942755688
115.36580157279968,1.767520682497154,4.290471802742553,2.038021112444848,4.239515712696745
115.41633319854736,1.767520682497154,4.290471802742553,2.0346011224593297,4.22283413551763
115.46702909469604,1.767520682497154,4.290471802742553,2.0311019309887532,4.206024827793069
115.51763272285461,1.767520682497154,4.290471802742553,2.0275410362314457,4.1891731303821285
115.5682282447815,1.767520682497154,4.290471802742553,2.023912656568073,4.172251671159446
115.62007427215576,1.767520682497154,4.290471802742553,2.020123942944224,4.154837280980065
115.67112326622009,1.767520682497154,4.290471802742553,2.0163235361591143,4.13761717875672
115.72157788276672,1.767520682497154,4.290471802742553,2.0124991341440364,4.120526432818517
115.77196455001831,1.7010074162391118,4.0583447197388685,2.0086121217759674,4.1033885612376775
115.82266807556152,1.7010074162391118,4.0583447197388685,2.0046322592396795,4.086072604338954
115.87363815307617,1.7010074162391118,4.0583447197388685,2.000562261310262,4.068594977877577
115.92553162574768,1.7010074162391118,4.0583447197388685,1.9963471882764117,4.050728431781079
115.97645163536072,1.7010074162391118,4.0583447197388685,1.9921411696170617,4.033126609971324
116.02696299552917,1.7010074162391118,4.0583447197388685,1.9879003421089927,4.015597576151267
116.07771277427673,1.7010074162391118,4.0583447197388685,1.983570684861752,3.997917578142805
116.12849569320679,1.7010074162391118,4.0583447197388685,1.9791691189999323,3.980158038899485
116.17922186851501,1.7010074162391118,4.0583447197388685,1.9747034463023545,3.9623508979613282
116.22994089126587,1.7010074162391118,4.0583447197388685,1.9701693965975682,3.9444793334088875
116.28079462051392,1.7010074162391118,4.0583447197388685,1.9655539949531056,3.9264935691686347
116.33120536804199,1.7010074162391118,4.0583447197388685,1.960910269809954,3.908598982868412
116.38179230690002,1.7010074162391118,4.0583447197388685,1.9561817000035076,3.890576761840083
116.43276786804199,1.7010074162391118,4.0583447197388685,1.9513472495468382,3.8723505980481265
116.48329734802246,1.62271390927609,3.8141319635079673,1.946486173858939,3.854219511792987
116.53547501564026,1.62271390927609,3.8141319635079673,1.9413944924756894,3.8354302043737087
116.58600330352783,1.62271390927609,3.8141319635079673,1.9363939759559217,3.817170615786477
116.63655185699463,1.62271390927609,3.8141319635079673,1.9313227281057055,3.7988409397524023
116.68751263618469,1.62271390927609,3.8141319635079673,1.926140525684755,3.7802987105966515
116.73793697357178,1.62271390927609,3.8141319635079673,1.92094407930463,3.7618898020286347
116.78843235969543,1.62271390927609,3.8141319635079673,1.9156717244607955,3.7433937545364664
116.83885216712952,1.62271390927609,3.8141319635079673,1.9103387711443318,3.724864751221376
116.88930463790894,1.62271390927609,3.8141319635079673,1.9049338510434761,3.706263558924956
116.94031476974487,1.62271390927609,3.8141319635079673,1.8993995098303755,3.687396035767283
116.99096417427063,1.62271390927609,3.8141319635079673,1.893834982002664,3.668601999770687
117.04183197021484,1.62271390927609,3.8141319635079673,1.8881769352274524,3.649667296825843
117.09235858917236,1.62271390927609,3.8141319635079673,1.882487863508502,3.6308009102072587
117.14275217056274,1.62271390927609,3.8141319635079673,1.8767453041012199,3.6119264205158403
117.1936137676239,1.529570249399133,3.5538958960602898,1.8708800859275792,3.5928186121270222
117.24450993537903,1.529570249399133,3.5538958960602898,1.8649411714392852,3.573639947489278
117.29513764381409,1.529570249399133,3.5538958960602898,1.858964410270868,3.5545054969717187
117.34585237503052,1.529570249399133,3.5538958960602898,1.8529082208089322,3.5352816992829568
117.39639735221863,1.529570249399133,3.5538958960602898,1.8468034501099133,3.51606650862078
117.44686579704285,1.529570249399133,3.5538958960602898,1.8406393582503127,3.496825374381592
117.4972972869873,1.529570249399133,3.5538958960602898,1.8344113611487656,3.4775438739828535
117.54795360565186,1.529570249399133,3.5538958960602898,1.828086768142048,3.45812210004423
117.59845232963562,1.529570249399133,3.5538958960602898,1.8217132119816741,3.438707051752635
117.64931416511536,1.529570249399133,3.5538958960602898,1.8152245788765347,3.41909869875413
117.70025968551636,1.529570249399133,3.5538958960602898,1.808655630155237,3.399404554122984
117.75108098983765,1.529570249399133,3.5538958960602898,1.8020332858494492,3.3797055479846922
117.80183482170105,1.529570249399133,3.5538958960602898,1.7953505764387816,3.3599804811305463
117.85231137275696,1.529570249399133,3.5538958960602898,1.7886358643398588,3.3403119162601302
117.90265798568726,1.4244465352374147,3.2854206497031107,1.7818704124620974,3.320643547013686
117.95903587341309,1.4244465352374147,3.2854206497031107,1.774213907016644,3.29855982168102
118.00942993164062,1.4244465352374147,3.2854206497031107,1.7672980262011475,3.278767628998099
118.05997824668884,1.4244465352374147,3.2854206497031107,1.7602927231418355,3.2588656851651225
118.11063075065613,1.4244465352374147,3.2854206497031107,1.7532044574939545,3.2388738214774273
118.16116142272949,1.4244465352374147,3.2854206497031107,1.7460649412813583,3.218881766881884
118.21154999732971,1.4244465352374147,3.2854206497031107,1.7388776211690256,3.198898410658234
118.26208281517029,1.4244465352374147,3.2854206497031107,1.7316017009701317,3.178810686796293
118.31247305870056,1.4244465352374147,3.2854206497031107,1.72427852760912,3.1587331026263534
118.3628556728363,1.4244465352374147,3.2854206497031107,1.7168888477437967,3.1386125927658024
118.41325664520264,1.4244465352374147,3.2854206497031107,1.7094288854369495,3.118439259185
118.46367716789246,1.4244465352374147,3.2854206497031107,1.7018984474664283,3.098213069552458
118.51432847976685,1.4244465352374147,3.2854206497031107,1.6942655428095004,3.077849450792765
118.56503939628601,1.4244465352374147,3.2854206497031107,1.68655544743145,3.057417344095778
118.61541962623596,1.3066049188953803,3.0076908052520968,1.6788281133908762,3.037074860350984
118.66593408584595,1.3066049188953803,3.0076908052520968,1.6710126949636304,3.0166350327973155
118.71994614601135,1.3066049188953803,3.0076908052520968,1.6625814526329696,2.994732735915878
118.77037382125854,1.3066049188953803,3.0076908052520968,1.6546401338456658,2.9742404118725734
118.82075643539429,1.3066049188953803,3.0076908052520968,1.6466388699116952,2.9537249397232754
118.87117838859558,1.3066049188953803,3.0076908052520968,1.6385643454389298,2.933152461058892
118.92160630226135,1.3066049188953803,3.0076908052520968,1.6304218942842246,2.9125370419599173
118.97202324867249,1.3066049188953803,3.0076908052520968,1.6222143407886567,2.8918861119129917
119.02267003059387,1.3066049188953803,3.0076908052520968,1.6139021316322215,2.8711012845657766
119.0734691619873,1.3066049188953803,3.0076908052520968,1.6054973083578636,2.8502144217558576
119.12419295310974,1.3066049188953803,3.0076908052520968,1.5970374781534098,2.829319566409888
119.17493677139282,1.3066049188953803,3.0076908052520968,1.5885069371895255,2.808378012556012
119.22542333602905,1.3066049188953803,3.0076908052520968,1.5799528635200775,2.7875049719484375
119.2761583328247,1.3066049188953803,3.0076908052520968,1.5712896903181264,2.7664918991048504
119.32671999931335,1.1785726656657898,2.7269507225820635,1.5625893833758666,2.7455139065399856
119.37738132476807,1.1785726656657898,2.7269507225820635,1.553805213972462,2.724458325890217
119.42808842658997,1.1785726656657898,2.7269507225820635,1.5449463393017089,2.703347911428015
119.4785487651825,1.1785726656657898,2.7269507225820635,1.536064367738524,2.682305178671223
119.52921199798584,1.1785726656657898,2.7269507225820635,1.5270803433462563,2.6611431742967535
119.5799629688263,1.1785726656657898,2.7269507225820635,1.5180142235828136,2.6399102183074157
119.63060998916626,1.1785726656657898,2.7269507225820635,1.5089003940584562,2.6186870428013376
119.68115186691284,1.1785726656657898,2.7269507225820635,1.4997395915495542,2.5974748716406673
119.731525182724,1.1785726656657898,2.7269507225820635,1.4905439588199316,2.576301101540646
119.78190994262695,1.1785726656657898,2.7269507225820635,1.4812810567763464,2.5550907312109548
119.8323347568512,1.1785726656657898,2.7269507225820635,1.4719456430385707,2.5338321792278533
119.8832459449768,1.1785726656657898,2.7269507225820635,1.4624541861902642,2.512337311191309
119.93395781517029,1.1785726656657898,2.7269507225820635,1.4529340865638516,2.4908958859981447
119.98445248603821,1.1785726656657898,2.7269507225820635,1.4433896352059339,2.4695163599481917
120.03519082069397,1.033867160639758,2.430139188619183,1.4337337968324197,2.44800410000853
120.08664894104004,1.033867160639758,2.430139188619183,1.423874224973987,2.426156927230167
120.13715434074402,1.033867160639758,2.430139188619183,1.4141319628846385,2.4046856510191983
120.18759727478027,1.033867160639758,2.430139188619183,1.4043373779549049,2.3832131765587676
120.23793482780457,1.033867160639758,2.430139188619183,1.3944992583310367,2.361758423670148
120.2883517742157,1.033867160639758,2.430139188619183,1.3845816771321846,2.3402431731884485
120.33880662918091,1.033867160639758,2.430139188619183,1.3745927103951106,2.3186855507370185
120.38975262641907,1.033867160639758,2.430139188619183,1.3644417623734526,2.2968920170635454
120.44246506690979,1.033867160639758,2.430139188619183,1.3538705263160264,2.274315836490694
120.49291348457336,1.033867160639758,2.430139188619183,1.3436884036664514,2.25268413159192
120.54347729682922,1.033867160639758,2.430139188619183,1.3334194218755995,2.230978760092147
120.59429597854614,1.033867160639758,2.430139188619183,1.3230347072339086,2.2091401086287474
120.64473462104797,1.033867160639758,2.430139188619183,1.3126643908938531,2.1874416291770333
120.69515228271484,1.033867160639758,2.430139188619183,1.302235556860843,2.165729649823784
120.74589157104492,0.878354988999474,2.1305375754842903,1.291676931425016,2.1438569498734563
120.79651427268982,0.878354988999474,2.1305375754842903,1.2810794809648507,2.122012822829933
120.8469409942627,0.878354988999474,2.1305375754842903,1.2704605698148752,2.100232247766199
120.89747929573059,0.878354988999474,2.1305375754842903,1.2597557513464541,2.0783829543059213
120.94787907600403,0.878354988999474,2.1305375754842903,1.2490182149632476,2.0565736029492645
120.99845457077026,0.878354988999474,2.1305375754842903,1.2381811118669996,2.034668713438631
121.04955697059631,0.878354988999474,2.1305375754842903,1.2271680631252018,2.012516303889298
121.10027980804443,0.878354988999474,2.1305375754842903,1.2161743227095103,1.9905097652033794
121.1509690284729,0.878354988999474,2.1305375754842903,1.2051258479394575,1.968499760943972
121.20170736312866,0.878354988999474,2.1305375754842903,1.1940047553103994,1.9464508862571297
121.2530746459961,0.878354988999474,2.1305375754842903,1.182682891150069,1.9241113539387142
121.3036539554596,0.878354988999474,2.1305375754842903,1.1714730331239664,1.902097990203822
121.35414695739746,0.878354988999474,2.1305375754842903,1.16022144808299,1.8801063628822552
121.40454626083374,0.878354988999474,2.1305375754842903,1.1489302909564956,1.8581402935086964
121.45509099960327,0.7122704543798624,1.8294072952650058,1.1375460799649608,1.8360960538472233
121.50572204589844,0.7122704543798624,1.8294072952650058,1.1260819046141184,1.8139998517536204
121.55660080909729,0.7122704543798624,1.8294072952650058,1.1145008102406337,1.7917816315109383
121.60756230354309,0.7122704543798624,1.8294072952650058,1.1028399539460567,1.7695138367847933
121.65845537185669,0.7122704543798624,1.8294072952650058,1.0911340959205194,1.7472630426817033
121.7091817855835,0.7122704543798624,1.8294072952650058,1.0794064485607975,1.7250728130425939
121.76304316520691,0.7122704543798624,1.8294072952650058,1.0668885381888447,1.7014983438614624
121.8139123916626,0.7122704543798624,1.8294072952650058,1.0550043232833533,1.6792219059760105
121.86529850959778,0.7122704543798624,1.8294072952650058,1.0429387012456885,1.6567082252397067
121.91805529594421,0.7122704543798624,1.8294072952650058,1.0304880502437972,1.633583203639903
121.96855592727661,0.7122704543798624,1.8294072952650058,1.0185100940469782,1.6114374067849306
122.01918315887451,0.7122704543798624,1.8294072952650058,1.0064436483514023,1.5892270758938363
122.06957840919495,0.7122704543798624,1.8294072952650058,0.994374569299596,1.567110067121078
122.11990141868591,0.7122704543798624,1.8294072952650058,0.9822653353968307,1.5450168654758833
122.17066192626953,0.5357712159427983,1.5254015218092893,0.969992876323333,1.5227241157880664
122.22106909751892,0.5357712159427983,1.5254015218092893,0.9577484656752282,1.5005796314717097
122.2717432975769,0.5357712159427983,1.5254015218092893,0.9453817775501405,1.478311416786195
122.32222151756287,0.5357712159427983,1.5254015218092893,0.9330059058548474,1.456123439926233
122.37278461456299,0.5357712159427983,1.5254015218092893,0.9205524031915573,1.4338927861836626
122.42375946044922,0.5357712159427983,1.5254015218092893,0.9079401507993414,1.4114761888637153
122.47482013702393,0.5357712159427983,1.5254015218092893,0.8952491792177071,1.389017431863235
122.52531576156616,0.5357712159427983,1.5254015218092893,0.8826423006804307,1.3668033862367388
122.57594013214111,0.5357712159427983,1.5254015218092893,0.8699472611488164,1.344529405187518
122.62637066841125,0.5357712159427983,1.5254015218092893,0.8572452937273063,1.3223379403636482
122.67695832252502,0.5357712159427983,1.5254015218092893,0.8444482992205224,1.3000750777667132
122.72733855247498,0.5357712159427983,1.5254015218092893,0.8316488124140617,1.2779017626677691
122.77797102928162,0.5357712159427983,1.5254015218092893,0.8187302155862479,1.2556161981921259
122.82917618751526,0.5357712159427983,1.5254015218092893,0.8056096470257765,1.233077844260242
122.87964129447937,0.35680556069260844,1.2319884650358388,0.7926239926870049,1.21086503284844
122.9302225112915,0.35680556069260844,1.2319884650358388,0.779554204048273,1.1886014343762386
122.98071694374084,0.35680556069260844,1.2319884650358388,0.7664529060333738,1.166376866710436
123.0311975479126,0.35680556069260844,1.2319884650358388,0.7533015780351908,1.144159728093718
123.08178281784058,0.35680556069260844,1.2319884650358388,0.7400694550045781,1.1218983840768972
123.13229322433472,0.35680556069260844,1.2319884650358388,0.7268037027465204,1.0996723543054139
123.18287682533264,0.35680556069260844,1.2319884650358388,0.7134656930394305,1.077417001087784
123.23360776901245,0.35680556069260844,1.2319884650358388,0.7000357847078709,1.0551002349778837
123.28437328338623,0.35680556069260844,1.2319884650358388,0.6865438067844316,1.0327721996327819
123.33486771583557,0.35680556069260844,1.2319884650358388,0.6730716223146209,1.0105678133956781
123.38546371459961,0.35680556069260844,1.2319884650358388,0.6595203319632792,0.9883236967078977
123.43596577644348,0.35680556069260844,1.2319884650358388,0.6459425493318256,0.9661263104993649
123.48655891418457,0.35680556069260844,1.2319884650358388,0.6322888026117299,0.9438948439186103
123.53710269927979,0.35680556069260844,1.2319884650358388,0.6185971932996077,0.9216915190016632
123.58787369728088,0.1617902498494758,0.9294131788326355,0.6047928043712805,0.8993953892077156
123.63842415809631,0.1617902498494758,0.9294131788326355,0.5909976387005482,0.8772035943569878
123.68893814086914,0.1617902498494758,0.9294131788326355,0.5771621261363271,0.8550357811341431
123.73934078216553,0.1617902498494758,0.9294131788326355,0.5633072649528188,0.8329252705401913
123.79013776779175,0.1617902498494758,0.9294131788326355,0.5492939078254602,0.8106508088034574
123.84184145927429,0.1617902498494758,0.9294131788326355,0.5349790619160015,0.7879886025030061
123.89299869537354,0.1617902498494758,0.9294131788326355,0.5207648098054705,0.76557621378024
123.94496631622314,0.1617902498494758,0.9294131788326355,0.5062740559283085,0.7428198185718475
123.99576020240784,0.1617902498494758,0.9294131788326355,0.4920608859314428,0.7205886595220334
124.04652285575867,0.1617902498494758,0.9294131788326355,0.477807657594409,0.6983828062176858
124.0970561504364,0.1617902498494758,0.9294131788326355,0.4635706649205633,0.6762893412025801
124.14765071868896,0.1617902498494758,0.9294131788326355,0.4492685568977435,0.6541816394286182
124.1999523639679,0.1617902498494758,0.9294131788326355,0.43443386919622196,0.6313417513129587
124.25045847892761,0.1617902498494758,0.9294131788326355,0.420060498308207,0.6092997269673515
124.30083656311035,-0.04350419344699627,0.6263272440161682,0.40567691367960634,0.5873275502121373
124.3512053489685,-0.04350419344699627,0.6263272440161682,0.3912496998359667,0.5653738713229015
124.40153574943542,-0.04350419344699627,0.6263272440161682,0.3767875484612535,0.5434518376937629
124.45183491706848,-0.04350419344699627,0.6263272440161682,0.3622887952765912,0.5215587913517421
124.50220465660095,-0.04350419344699627,0.6263272440161682,0.34772433948469805,0.49965092758175755
124.55253314971924,-0.04350419344699627,0.6263272440161682,0.3331267733240204,0.47777738196580066
124.6031563282013,-0.04350419344699627,0.6263272440161682,0.31839862476127356,0.45579276889779097
124.65370416641235,-0.04350419344699627,0.6263272440161682,0.3036475612072609,0.43385838523057285
124.70595812797546,-0.04350419344699627,0.6263272440161682,0.28835184362889565,0.41120257362200263
124.75796604156494,-0.04350419344699627,0.6263272440161682,0.27308127744408495,0.38867306602261076
124.8085548877716,-0.04350419344699627,0.6263272440161682,0.2581828369385981,0.36677758129424864
124.85934662818909,-0.04350419344699627,0.6263272440161682,0.24318077412887762,0.34481391838387276
124.9099452495575,-0.04350419344699627,0.6263272440161682,0.22819236173597313,0.3229538195698445
124.96041584014893,-0.04350419344699627,0.6263272440161682,0.2131990485372226,0.30116946027759584
125.01097059249878,-0.2554418539316224,0.32792478446356116,0.1981381726936582,0.2793697113284044
125.06169414520264,-0.2554418539316224,0.32792478446356116,0.18298452166171053,0.25751872031212786
125.11233067512512,-0.2554418539316224,0.32792478446356116,0.16781474373580307,0.23572723073944135
125.16293931007385,-0.2554418539316224,0.32792478446356116,0.15261159379457112,0.21397020675836664
125.21345925331116,-0.2554418539316224,0.32792478446356116,0.13739380506916454,0.1922741894908626
125.26380848884583,-0.2554418539316224,0.32792478446356116,0.12218672467954139,0.17067470207915214
125.31416010856628,-0.2554418539316224,0.32792478446356116,0.10693860239218189,0.14909784725145125
125.36457514762878,-0.2554418539316224,0.32792478446356116,0.09163120267536096,0.12751799032641475
125.41530632972717,-0.2554418539316224,0.32792478446356116,0.07618767077183097,0.10582770693163956
125.46591520309448,-0.2554418539316224,0.32792478446356116,0.06074158429994592,0.08421507965972785
125.51668167114258,-0.2554418539316224,0.32792478446356116,0.04520781193578838,0.0625610817730371
125.56718564033508,-0.2554418539316224,0.32792478446356116,0.02971535576213391,0.04104529555652103
125.61770915985107,-0.2554418539316224,0.32792478446356116,0.014178314354307275,0.019547845689263044
125.66814136505127,-0.2554418539316224,0.32792478446356116,-0.0013687990007946738,-0.001883682722831459
125.71876645088196,-0.47112718098342327,0.038025293034507565,-0.017013369200967077,-0.023369507323760752
125.7692859172821,-0.47112718098342327,0.038025293034507565,-0.03266290710679565,-0.044782400495438246
125.81981492042542,-0.47112718098342327,0.038025293034507565,-0.04835263368818277,-0.06617078354443029
125.8703351020813,-0.47112718098342327,0.038025293034507565,-0.06407650412233812,-0.08752641828016716
125.92102003097534,-0.47112718098342327,0.038025293034507565,-0.07988836199080085,-0.1089220719907702
125.97156643867493,-0.47112718098342327,0.038025293034507565,-0.09569327756667345,-0.13022923678486298
126.02219104766846,-0.47112718098342327,0.038025293034507565,-0.1115585994347863,-0.15153885723635807
126.07452607154846,-0.47112718098342327,0.038025293034507565,-0.12799740138301763,-0.17353585815732098
126.12528014183044,-0.47112718098342327,0.038025293034507565,-0.14397561290456817,-0.19483624089794294
126.17663979530334,-0.47112718098342327,0.038025293034507565,-0.16018018425418568,-0.21635809137224005
126.22775340080261,-0.47112718098342327,0.038025293034507565,-0.17634242200513306,-0.2377437216603906
126.27854108810425,-0.47112718098342327,0.038025293034507565,-0.19243611411266093,-0.2589598001981359
126.32903575897217,-0.47112718098342327,0.038025293034507565,-0.20847069631518078,-0.2800202171326185
126.37984347343445,-0.47112718098342327,0.038025293034507565,-0.22463827876081455,-0.30117726948701495
126.43053817749023,-0.6962948366273551,-0.25108013316299854,-0.24080311931462361,-0.3222528837101497
126.48091530799866,-0.6962948366273551,-0.25108013316299854,-0.2568992047158418,-0.34316200070425307
126.53129410743713,-0.6962948366273551,-0.25108013316299854,-0.2730278692200132,-0.36403699871396356
126.58181977272034,-0.6962948366273551,-0.25108013316299854,-0.2892353745848024,-0.3849374395605394
126.63231539726257,-0.6962948366273551,-0.25108013316299854,-0.30546471706415845,-0.4057895739581894
126.68296766281128,-0.6962948366273551,-0.25108013316299854,-0.3217756447129734,-0.4266699082461405
126.73377656936646,-0.6962948366273551,-0.25108013316299854,-0.3381680733172172,-0.4475776524400157
126.78442001342773,-0.6962948366273551,-0.25108013316299854,-0.35453769986320527,-0.468379822847409
126.83507895469666,-0.6962948366273551,-0.25108013316299854,-0.3709425047684438,-0.48915046978030174
126.88567447662354,-0.6962948366273551,-0.25108013316299854,-0.387356513701687,-0.5098568465610862
126.93696117401123,-0.6962948366273551,-0.25108013316299854,-0.4040246987591054,-0.5308066049689066
126.98739886283875,-0.6962948366273551,-0.25108013316299854,-0.4204459816622763,-0.5513703442655595
127.03778743743896,-0.6962948366273551,-0.25108013316299854,-0.43687963814247777,-0.5718747935114519
127.08883333206177,-0.6962948366273551,-0.25108013316299854,-0.45355619386209955,-0.5926062627971143
127.13970994949341,-0.9167958605855028,-0.5218129095121469,-0.4702056227329696,-0.6132280187375438
127.19057965278625,-0.9167958605855028,-0.5218129095121469,-0.48688052166131923,-0.6338056419646294
127.24155616760254,-0.9167958605855028,-0.5218129095121469,-0.5036178585905189,-0.6543845724091912
127.29281902313232,-0.9167958605855028,-0.5218129095121469,-0.5204764983779353,-0.6750363532560166
127.34408020973206,-0.9167958605855028,-0.5218129095121469,-0.5373615496293724,-0.6956441536546167
127.39462804794312,-0.9167958605855028,-0.5218129095121469,-0.5540376350151677,-0.7159223344903123
127.44566893577576,-0.9167958605855028,-0.5218129095121469,-0.5709021858530452,-0.7363547086428741
127.49657273292542,-0.9167958605855028,-0.5218129095121469,-0.5877468676847792,-0.7566881321197727
127.54795384407043,-0.9167958605855028,-0.5218129095121469,-0.6047748431684945,-0.777167144667509
127.59842658042908,-0.9167958605855028,-0.5218129095121469,-0.6215261723031049,-0.7972395886262127
127.64895343780518,-0.9167958605855028,-0.5218129095121469,-0.6383192837679474,-0.8172889435137198
127.69943714141846,-0.9167958605855028,-0.5218129095121469,-0.6551214614034886,-0.8372761783935578
127.74984931945801,-0.9167958605855028,-0.5218129095121469,-0.6719227890135999,-0.8571897992376374
127.80022859573364,-0.9167958605855028,-0.5218129095121469,-0.6887356740359236,-0.8770447919529982
127.85070943832397,-1.1568576158096961,-0.8034310597327798,-0.7056046420824147,-0.8968936471053646
127.90131902694702,-1.1568576158096961,-0.8034310597327798,-0.7225385281406278,-0.9167463230260788
127.95186448097229,-1.1568576158096961,-0.8034310597327798,-0.7394724357041527,-0.9365266576914455
128.0025520324707,-1.1568576158096961,-0.8034310597327798,-0.7564751030567782,-0.9563148368698067
128.05337834358215,-1.1568576158096961,-0.8034310597327798,-0.7735451786497478,-0.9761087473700738
128.1039583683014,-1.1568576158096961,-0.8034310597327798,-0.7905528714488312,-0.9957581809618525
128.1551070213318,-1.1568576158096961,-0.8034310597327798,-0.8077719790106224,-1.0155788377275
128.20571732521057,-1.1568576158096961,-0.8034310597327798,-0.8248294458641472,-1.0351413002598575
128.2561812400818,-1.1568576158096961,-0.8034310597327798,-0.8418565717975794,-1.054597675068725
128.30698895454407,-1.1568576158096961,-0.8034310597327798,-0.8590184520969895,-1.074136260799916
128.35817742347717,-1.1568576158096961,-0.8034310597327798,-0.8763275514163458,-1.0937697795842514
128.40918040275574,-1.1568576158096961,-0.8034310597327798,-0.893592081455113,-1.1132803443903834
128.46004581451416,-1.1568576158096961,-0.8034310597327798,-0.9108276704709592,-1.1326863752523497
128.5107922554016,-1.1568576158096961,-0.8034310597327798,-0.9280400677208722,-1.151994960687646
128.5615713596344,-1.3954853681014974,-1.0704302186835442,-0.9452802421696593,-1.1712635327479688
128.61207485198975,-1.3954853681014974,-1.0704302186835442,-0.9624429946274269,-1.1903750989380713
128.66280817985535,-1.3954853681014974,-1.0704302186835442,-0.9796996520860626,-1.2095206119940944
128.7136414051056,-1.3954853681014974,-1.0704302186835442,-0.9970057490007338,-1.228650128003582
128.76424288749695,-1.3954853681014974,-1.0704302186835442,-1.014247898018621,-1.2476386660843428
128.814626455307,-1.3954853681014974,-1.0704302186835442,-1.031430195052746,-1.2664917495526264
128.8652057647705,-1.3954853681014974,-1.0704302186835442,-1.0486932807409444,-1.2853638203837054
128.9156653881073,-1.3954853681014974,-1.0704302186835442,-1.0659291101346833,-1.3041366870623619
128.96659088134766,-1.3954853681014974,-1.0704302186835442,-1.0833374091913446,-1.3230272538783876
129.01794290542603,-1.3954853681014974,-1.0704302186835442,-1.1009046453594178,-1.3420190715230147
129.06850028038025,-1.3954853681014974,-1.0704302186835442,-1.1182124892490797,-1.3606607348205224
129.11912846565247,-1.3954853681014974,-1.0704302186835442,-1.1355565283438622,-1.379272189638348
129.16963744163513,-1.3954853681014974,-1.0704302186835442,-1.1528712243039494,-1.3977832937996357
129.219952583313,-1.3954853681014974,-1.0704302186835442,-1.170130466507842,-1.4161668577890563
129.27056169509888,-1.6345971917333388,-1.326013537807821,-1.187501190022163,-1.4346005756778533
129.32089042663574,-1.6345971917333388,-1.326013537807821,-1.2047858391883484,-1.4528748635499338
129.3714623451233,-1.6345971917333388,-1.326013537807821,-1.2221637867290673,-1.4711795299046302
129.42213487625122,-1.6345971917333388,-1.326013537807821,-1.2395857092978435,-1.4894620162031127
129.4725468158722,-1.6345971917333388,-1.326013537807821,-1.2569269466248871,-1.5075919205504333
129.52499866485596,-1.6345971917333388,-1.326013537807821,-1.274978866735902,-1.5263930629668985
129.57597303390503,-1.6345971917333388,-1.326013537807821,-1.2925306109928543,-1.544603278313347
129.62651371955872,-1.6345971917333388,-1.326013537807821,-1.3099406796384179,-1.562598518415716
129.67794489860535,-1.6345971917333388,-1.326013537807821,-1.3276648760752467,-1.5808490813275011
129.72861003875732,-1.6345971917333388,-1.326013537807821,-1.3451319113131919,-1.5987665604282735
129.78011894226074,-1.6345971917333388,-1.326013537807821,-1.3628963342791443,-1.6169197507790736
129.830472946167,-1.6345971917333388,-1.326013537807821,-1.3802683467169174,-1.6346044837696918
129.88091111183167,-1.6345971917333388,-1.326013537807821,-1.3976747988197888,-1.6522575379750761
129.93143844604492,-1.6345971917333388,-1.326013537807821,-1.4151170112022935,-1.6698800096469752
129.98191380500793,-1.872630556755539,-1.5691257106224554,-1.432545830151819,-1.687422265407657
130.03242444992065,-1.872630556755539,-1.5691257106224554,-1.4499909471368455,-1.7049143262063438
130.08294582366943,-1.872630556755539,-1.5691257106224554,-1.4674434484095307,-1.7223472674853872
130.13352489471436,-1.872630556755539,-1.5691257106224554,-1.4849191268869215,-1.7397368346698365
130.18408131599426,-1.872630556755539,-1.5691257106224554,-1.502389784612256,-1.7570550059582264
130.2345244884491,-1.872630556755539,-1.5691257106224554,-1.5198236629065451,-1.774270674171553
130.28526616096497,-1.872630556755539,-1.5691257106224554,-1.5373626372429647,-1.7915236833732557
130.33598113059998,-1.872630556755539,-1.5691257106224554,-1.5548938701649044,-1.8087026116723006
130.3865053653717,-1.872630556755539,-1.5691257106224554,-1.5723602052158365,-1.8257519883843736
130.4369044303894,-1.872630556755539,-1.5691257106224554,-1.5897838575282774,-1.8426942263551667
130.487322807312,-1.872630556755539,-1.5691257106224554,-1.6072143339680294,-1.8595777817706467
130.53820705413818,-1.872630556755539,-1.5691257106224554,-1.6248055708166014,-1.876550928722816
130.58886671066284,-1.872630556755539,-1.5691257106224554,-1.6423184175150438,-1.8933825637279484
130.6393177509308,-1.872630556755539,-1.5691257106224554,-1.659757960062066,-1.910078532720659
130.68990802764893,-2.1144378694928614,-1.8054566135874557,-1.6772439977389337,-1.926753777059005
130.74065232276917,-2.1144378694928614,-1.8054566135874557,-1.694781175795756,-1.943412275533036
130.79183149337769,-2.1144378694928614,-1.8054566135874557,-1.7124660626270911,-1.9601447338660964
130.8452205657959,-2.1144378694928614,-1.8054566135874557,-1.7309113117269805,-1.9775257174011438
130.89567708969116,-2.1144378694928614,-1.8054566135874557,-1.7483398674642894,-1.993882251465233
130.9461395740509,-2.1144378694928614,-1.8054566135874557,-1.7657665914889544,-2.010172621006877
130.99734783172607,-2.1144378694928614,-1.8054566135874557,-1.7834464246537802,-2.026633818530392
131.0479874610901,-2.1144378694928614,-1.8054566135874557,-1.8009250865416053,-2.0428426583687274
131.09910106658936,-2.1144378694928614,-1.8054566135874557,-1.818561991964121,-2.0591327520587486
131.14987111091614,-2.1144378694928614,-1.8054566135874557,-1.8360745682711161,-2.0752429798607674
131.20054745674133,-2.1144378694928614,-1.8054566135874557,-1.853548621299939,-2.0912532408971276
131.250958442688,-2.1144378694928614,-1.8054566135874557,-1.8709245746490366,-2.1071097586250964
131.30165266990662,-2.1144378694928614,-1.8054566135874557,-1.8883910666108898,-2.1229847678952405
131.3521430492401,-2.1144378694928614,-1.8054566135874557,-1.9057798043312455,-2.1387252856774115
131.40284633636475,-2.3488302225948687,-2.0223610750434013,-1.9232338604337076,-2.1544609338616834
131.45348358154297,-2.3488302225948687,-2.0223610750434013,-1.94065671968055,-2.1701045497920135
131.50453805923462,-2.3488302225948687,-2.0223610750434013,-1.9582141126150217,-2.1858044039761837
131.55493879318237,-2.3488302225948687,-2.0223610750434013,-1.9755373432485803,-2.201231385210101
131.6053922176361,-2.3488302225948687,-2.0223610750434013,-1.9928689344499761,-2.2166027332375897
131.65575003623962,-2.3488302225948687,-2.0223610750434013,-2.0101575068139566,-2.2318730900573573
131.70627760887146,-2.3488302225948687,-2.0223610750434013,-2.0274936876739202,-2.2471224956454323
131.75695538520813,-2.3488302225948687,-2.0223610750434013,-2.0448702119236333,-2.262344092623973
131.80761170387268,-2.3488302225948687,-2.0223610750434013,-2.0622277198502506,-2.277485775324563
131.8583469390869,-2.3488302225948687,-2.0223610750434013,-2.079600125862286,-2.2925771562509882
131.9088897705078,-2.3488302225948687,-2.0223610750434013,-2.0968941102484018,-2.3075375162828737
131.9591772556305,-2.3488302225948687,-2.0223610750434013,-2.1140878509434526,-2.322348946804154
132.00957608222961,-2.3488302225948687,-2.0223610750434013,-2.1313063259087124,-2.3371195115165304
132.0599856376648,-2.3488302225948687,-2.0223610750434013,-2.1485146613374613,-2.351819204057576
132.11068320274353,-2.587615980045603,-2.230548357612984,-2.165806932816107,-2.3665279693454235
132.16103863716125,-2.587615980045603,-2.230548357612984,-2.1829677771244755,-2.381062857763804
132.21133136749268,-2.587615980045603,-2.230548357612984,-2.200092147517397,-2.395505178448303
132.26179146766663,-2.587615980045603,-2.230548357612984,-2.217257883076076,-2.4099205248392037
132.3120756149292,-2.587615980045603,-2.230548357612984,-2.23434774395154,-2.4242105963399188
132.3623743057251,-2.587615980045603,-2.230548357612984,-2.251426100097137,-2.4384296530005294
132.41275072097778,-2.587615980045603,-2.230548357612984,-2.268513907275736,-2.452595113000081
132.46310257911682,-2.587615980045603,-2.230548357612984,-2.2855759928543553,-2.4666778622988113
132.51345944404602,-2.587615980045603,-2.230548357612984,-2.302621933037212,-2.480685982213136
132.56394338607788,-2.587615980045603,-2.230548357612984,-2.319692524714754,-2.4946529002085622
132.61443781852722,-2.587615980045603,-2.230548357612984,-2.3367478150774392,-2.50854581965008
132.66501450538635,-2.587615980045603,-2.230548357612984,-2.3538115345135755,-2.522384046222628
132.71610403060913,-2.587615980045603,-2.230548357612984,-2.371028145629651,-2.536283792219076
132.7666575908661,-2.587615980045603,-2.230548357612984,-2.3880437652961044,-2.5499595419372683
132.8170449733734,-2.587615980045603,-2.230548357612984,-2.4049828257526817,-2.5635127342456987
132.868967294693,-2.819319703300453,-2.4236388063881558,-2.422415874961139,-2.577397514153013
132.92024970054626,-2.819319703300453,-2.4236388063881558,-2.439611650622946,-2.5910299642489796
132.970707654953,-2.819319703300453,-2.4236388063881558,-2.456508762784401,-2.6043642642572675
133.02140855789185,-2.819319703300453,-2.4236388063881558,-2.473464579400389,-2.617683641895756
133.07211542129517,-2.819319703300453,-2.4236388063881558,-2.490399217342155,-2.630925045401536
133.1227159500122,-2.819319703300453,-2.4236388063881558,-2.5072747824065567,-2.6440591785522085
133.17372035980225,-2.819319703300453,-2.4236388063881558,-2.524260760691771,-2.6572175644651796
133.22463989257812,-2.819319703300453,-2.4236388063881558,-2.541193686571772,-2.670273147722517
133.2752492427826,-2.819319703300453,-2.4236388063881558,-2.557998462081658,-2.683168898094859
133.3259551525116,-2.819319703300453,-2.4236388063881558,-2.574809842805812,-2.6960087663217935
133.376944065094,-2.819319703300453,-2.4236388063881558,-2.591688891684132,-2.708838859414318
133.42736291885376,-2.819319703300453,-2.4236388063881558,-2.6083529787797506,-2.721445017828592
133.4778368473053,-2.819319703300453,-2.4236388063881558,-2.62500866508813,-2.7339845840869588
133.52854776382446,-2.819319703300453,-2.4236388063881558,-2.6417152903112795,-2.7465018644547605
133.5791621208191,-3.0495549314092867,-2.60409229700588,-2.658362396485279,-2.7589140034605415
133.62987565994263,-3.0495549314092867,-2.60409229700588,-2.6750139016041405,-2.7712688113831225
133.6806070804596,-3.0495549314092867,-2.60409229700588,-2.6916425532662926,-2.7835460159341636
133.73119235038757,-3.0495549314092867,-2.60409229700588,-2.7081942364246303,-2.795706051436762
133.78171753883362,-3.0495549314092867,-2.60409229700588,-2.724696835262383,-2.807769930872855
133.83266353607178,-3.0495549314092867,-2.60409229700588,-2.7413066414545515,-2.8198514221934796
133.8831033706665,-3.0495549314092867,-2.60409229700588,-2.757721056784953,-2.831730736105206
133.93354558944702,-3.0495549314092867,-2.60409229700588,-2.774105576700165,-2.8435287024203433
133.98401927947998,-3.0495549314092867,-2.60409229700588,-2.790469166623794,-2.8552518755759997
134.03453302383423,-3.0495549314092867,-2.60409229700588,-2.806814090657405,-2.866901910140072
134.08517622947693,-3.0495549314092867,-2.60409229700588,-2.823168664563403,-2.8784988479017586
134.13617849349976,-3.0495549314092867,-2.60409229700588,-2.8396061047570313,-2.89009389837501
134.1867573261261,-3.0495549314092867,-2.60409229700588,-2.855873829410071,-2.9015091671425233
134.23727416992188,-3.0495549314092867,-2.60409229700588,-2.872088113974875,-2.912827273556949
134.2879605293274,-3.2668914161190155,-2.763066354120664,-2.888322702682478,-2.924099665816516
134.33859753608704,-3.2668914161190155,-2.763066354120664,-2.9045069177178995,-2.9352772196217556
134.38955640792847,-3.2668914161190155,-2.763066354120664,-2.920758666132433,-2.9464410480252554
134.44040822982788,-3.2668914161190155,-2.763066354120664,-2.9369404760250295,-2.95749650157662
134.49138617515564,-3.2668914161190155,-2.763066354120664,-2.953126065409863,-2.968494078754987
134.54312920570374,-3.2668914161190155,-2.763066354120664,-2.969516873211633,-2.979569226635616
134.59369468688965,-3.2668914161190155,-2.763066354120664,-2.9854975130712416,-2.9903070398419467
134.64443588256836,-3.2668914161190155,-2.763066354120664,-3.001496313599507,-3.000997279771001
134.69507694244385,-3.2668914161190155,-2.763066354120664,-3.0174257634241557,-3.0115815054122947
134.7459065914154,-3.2668914161190155,-2.763066354120664,-3.0333761295112573,-3.022119705771944
134.79639983177185,-3.2668914161190155,-2.763066354120664,-3.0491823853803854,-3.0325032788870354
134.8472146987915,-3.2668914161190155,-2.763066354120664,-3.0650500853639473,-3.0428674542541247
134.89781832695007,-3.2668914161190155,-2.763066354120664,-3.0808122569711864,-3.0531031451808364
134.94843220710754,-3.2668914161190155,-2.763066354120664,-3.0965376779170493,-3.0632555389686837
134.99893999099731,-3.47975943189754,-2.90900676846818,-3.1121898671945254,-3.0733014206837383
135.04952359199524,-3.47975943189754,-2.90900676846818,-3.1278247897233804,-3.0832769318694697
135.09996604919434,-3.47975943189754,-2.90900676846818,-3.1433750207686972,-3.0931393370874343
135.1508994102478,-3.47975943189754,-2.90900676846818,-3.1590345279812997,-3.103011209887548
135.2013442516327,-3.47975943189754,-2.90900676846818,-3.17450173949422,-3.112702602771873
135.25176572799683,-3.47975943189754,-2.90900676846818,-3.1899194778128925,-3.122304077049525
135.30233144760132,-3.47975943189754,-2.90900676846818,-3.205338400155651,-3.1318471369869996
135.35363245010376,-3.47975943189754,-2.90900676846818,-3.220937151926627,-3.1414409688804494
135.40405893325806,-3.47975943189754,-2.90900676846818,-3.2362259868788814,-3.1507847785041765
135.4547917842865,-3.47975943189754,-2.90900676846818,-3.2515632374240058,-3.1600987405165113
135.50516486167908,-3.47975943189754,-2.90900676846818,-3.2667471519393683,-3.1692606005037605
135.55559420585632,-3.47975943189754,-2.90900676846818,-3.281903103271815,-3.178346712422587
135.60605645179749,-3.47975943189754,-2.90900676846818,-3.2970235145621025,-3.1873525481475182
135.65648317337036,-3.47975943189754,-2.90900676846818,-3.3120874515539565,-3.1962658148264205
135.707421541214,-3.687338697813574,-3.0418861285796828,-3.3272572769585462,-3.2051819164099387
135.75812411308289,-3.687338697813574,-3.0418861285796828,-3.3423095743489686,-3.213969226625515
135.80898022651672,-3.687338697813574,-3.0418861285796828,-3.3573596006679653,-3.2226953524725444
135.8601837158203,-3.687338697813574,-3.0418861285796828,-3.37246356120401,-3.2313921710917604
135.91084837913513,-3.687338697813574,-3.0418861285796828,-3.387359876963232,-3.2399095825774653
135.96130228042603,-3.687338697813574,-3.0418861285796828,-3.4021456476891387,-3.248304609137624
136.01198887825012,-3.687338697813574,-3.0418861285796828,-3.4169503652656306,-3.25665090931742
136.0631501674652,-3.687338697813574,-3.0418861285796828,-3.43184323551226,-3.2649864227049874
136.1146490573883,-3.687338697813574,-3.0418861285796828,-3.4467826940520903,-3.2732866174896458
136.16569566726685,-3.687338697813574,-3.0418861285796828,-3.461539328119289,-3.2814244212270993
136.21615767478943,-3.687338697813574,-3.0418861285796828,-3.476076016376313,-3.289381389162181
136.26678085327148,-3.687338697813574,-3.0418861285796828,-3.4906078057284198,-3.297276159054215
136.31725096702576,-3.687338697813574,-3.0418861285796828,-3.505044053559284,-3.305059647425195
136.36774516105652,-3.687338697813574,-3.0418861285796828,-3.5194352020925432,-3.3127594540707306
136.41820979118347,-3.878487423333472,-3.1515809917179416,-3.5337655471783087,-3.320367361124
136.46889805793762,-3.878487423333472,-3.1515809917179416,-3.54810626101444,-3.327920985614826
136.52041172981262,-3.878487423333472,-3.1515809917179416,-3.562625496510269,-3.33550720598224
136.57126545906067,-3.878487423333472,-3.1515809917179416,-3.5769039059779058,-3.3429067996596005
136.62207961082458,-3.878487423333472,-3.1515809917179416,-3.591116369413838,-3.350211831898285
136.6731014251709,-3.878487423333472,-3.1515809917179416,-3.6053313352584384,-3.357457363632905
136.72397089004517,-3.878487423333472,-3.1515809917179416,-3.619447982800035,-3.3645920863015975
136.77494096755981,-3.878487423333472,-3.1515809917179416,-3.633536167087824,-3.3716515791410533
136.82565069198608,-3.878487423333472,-3.1515809917179416,-3.6474959572036,-3.378586233445856
136.87824201583862,-3.878487423333472,-3.1515809917179416,-3.661913819060265,-3.38568462602984
136.92872095108032,-3.878487423333472,-3.1515809917179416,-3.675694766478551,-3.3924082599019876
136.9792971611023,-3.878487423333472,-3.1515809917179416,-3.6894450656181474,-3.399056763794201
137.02991390228271,-3.878487423333472,-3.1515809917179416,-3.70314864053065,-3.4056222949457533
137.0805585384369,-3.878487423333472,-3.1515809917179416,-3.7168015381932076,-3.4121030142530255
137.13120293617249,-4.059855782818119,-3.245897086225287,-3.7303957125291007,-3.4184952306365597
137.18236184120178,-4.059855782818119,-3.245897086225287,-3.7440680163177182,-3.4248625454744355
137.23318314552307,-4.059855782818119,-3.245897086225287,-3.7575899931512655,-3.431098424400315
137.28359365463257,-4.059855782818119,-3.245897086225287,-3.7709430807983706,-3.4371958426432068
137.33396244049072,-4.059855782818119,-3.245897086225287,-3.7842254380478275,-3.443200616313857
137.38436603546143,-4.059855782818119,-3.245897086225287,-3.797456856271854,-3.4491218808834008
137.43503379821777,-4.059855782818119,-3.245897086225287,-3.8106966028408156,-3.454985795175506
137.48541641235352,-4.059855782818119,-3.245897086225287,-3.823800774336074,-3.460728838416152
137.53603839874268,-4.059855782818119,-3.245897086225287,-3.836905475063083,-3.466410920418031
137.58644676208496,-4.059855782818119,-3.245897086225287,-3.849892989583492,-3.47198113021848
137.63696002960205,-4.059855782818119,-3.245897086225287,-3.86284518599533,-3.4774749552616395
137.68813753128052,-4.059855782818119,-3.245897086225287,-3.875903644385689,-3.482951217272831
137.7391321659088,-4.059855782818119,-3.245897086225287,-3.8888509048637108,-3.4883180140104177
137.79409766197205,-4.059855782818119,-3.245897086225287,-3.9027337346670565,-3.4940022382523774
137.8453733921051,-4.229711973726639,-3.3252723980479995,-3.915616273609862,-3.4992109247467242
137.89594340324402,-4.229711973726639,-3.3252723980479995,-3.928256472470066,-3.504259105450645
137.94631958007812,-4.229711973726639,-3.3252723980479995,-3.940783615426787,-3.5092002606527397
137.9976134300232,-4.229711973726639,-3.3252723980479995,-3.9534723016849584,-3.5141415354559733
138.04869508743286,-4.229711973726639,-3.3252723980479995,-3.966041253533108,-3.518972254583956
138.099440574646,-4.229711973726639,-3.3252723980479995,-3.9784606476604676,-3.523682167926801
138.15134382247925,-4.229711973726639,-3.3252723980479995,-3.9910940631109715,-3.528407788892472
138.2018163204193,-4.229711973726639,-3.3252723980479995,-4.003311597281662,-3.5329141941231175
138.25264620780945,-4.229711973726639,-3.3252723980479995,-4.015547852953343,-3.5373639018924132
138.3032088279724,-4.229711973726639,-3.3252723980479995,-4.0276518907627965,-3.5417020299425683
138.35382556915283,-4.229711973726639,-3.3252723980479995,-4.039700691405833,-3.5459567485466046
138.4045033454895,-4.229711973726639,-3.3252723980479995,-4.051695284231012,-3.550128379397161
138.4550015926361,-4.229711973726639,-3.3252723980479995,-4.063578592159947,-3.554197472402027
138.50554490089417,-4.229711973726639,-3.3252723980479995,-4.075403362157061,-3.5581825207956603
138.55596208572388,-4.381763231691602,-3.384792365716635,-4.087129335949986,-3.562070286085604
138.6066234111786,-4.381763231691602,-3.384792365716635,-4.098842008978122,-3.5658890633028504
138.65749192237854,-4.381763231691602,-3.384792365716635,-4.110531519677175,-3.5696349440073196
138.70901489257812,-4.381763231691602,-3.384792365716635,-4.1222984475666955,-3.5733386617077527
138.75969743728638,-4.381763231691602,-3.384792365716635,-4.133801401230564,-3.5768933029955137
138.8105218410492,-4.381763231691602,-3.384792365716635,-4.145264430331837,-3.5803696511434993
138.8612198829651,-4.381763231691602,-3.384792365716635,-4.156626634146104,-3.583749382172847
138.9121413230896,-4.381763231691602,-3.384792365716635,-4.167965817554586,-3.587055624861698
138.96288800239563,-4.381763231691602,-3.384792365716635,-4.179192842839406,-3.590262468189762
139.01366710662842,-4.381763231691602,-3.384792365716635,-4.190353485695903,-3.5933834448587962
139.06424736976624,-4.381763231691602,-3.384792365716635,-4.201396912721574,-3.596404843916808
139.1150553226471,-4.381763231691602,-3.384792365716635,-4.212415822045997,-3.599352143371578
139.16561436653137,-4.381763231691602,-3.384792365716635,-4.223306536899,-3.602197827177919
139.21708846092224,-4.381763231691602,-3.384792365716635,-4.234317935635486,-3.6050057568059346
139.2676453590393,-4.51735503997783,-3.4277918570745767,-4.245057704379862,-3.6076760694726664
139.318128824234,-4.51735503997783,-3.4277918570745767,-4.255706935816152,-3.610255978988497
139.36859154701233,-4.51735503997783,-3.4277918570745767,-4.266276602267666,-3.612748504347379
139.41899847984314,-4.51735503997783,-3.4277918570745767,-4.276759184305563,-3.615152196992711
139.46978569030762,-4.51735503997783,-3.4277918570745767,-4.287244283998126,-3.6174871076661015
139.52022433280945,-4.51735503997783,-3.4277918570745767,-4.297581009926297,-3.6197197380915016
139.57068848609924,-4.51735503997783,-3.4277918570745767,-4.307846411864093,-3.6218675677586107
139.62152409553528,-4.51735503997783,-3.4277918570745767,-4.318109607868717,-3.6239444007409545
139.67257118225098,-4.51735503997783,-3.4277918570745767,-4.3283366070022,-3.625942304518167
139.72308921813965,-4.51735503997783,-3.4277918570745767,-4.338379437328268,-3.627833212077523
139.77370500564575,-4.51735503997783,-3.4277918570745767,-4.348363362833037,-3.6296417917534542
139.82442784309387,-4.51735503997783,-3.4277918570745767,-4.3582894001761865,-3.6313679588742946
139.8751142024994,-4.51735503997783,-3.4277918570745767,-4.368128957050462,-3.633006756836657
139.926438331604,-4.51735503997783,-3.4277918570745767,-4.378011158716458,-3.634578559314341
139.97733807563782,-4.6477807746133895,-3.457117686040499,-4.3877306439351225,-3.63605040612051
140.0281994342804,-4.6477807746133895,-3.457117686040499,-4.397361883869438,-3.6374347591700498
140.0788791179657,-4.6477807746133895,-3.457117686040499,-4.40687793466109,-3.6387283954985534
140.129802942276,-4.6477807746133895,-3.457117686040499,-4.4163582668336705,-3.6399421457376224
140.18077874183655,-4.6477807746133895,-3.457117686040499,-4.425766058802765,-3.6410708006084143
140.23137879371643,-4.6477807746133895,-3.457117686040499,-4.435022824975843,-3.6421058343118
140.28249335289001,-4.6477807746133895,-3.457117686040499,-4.444290760265693,-3.643065233137224
140.33294653892517,-4.6477807746133895,-3.457117686040499,-4.453356690368562,-3.6439274241673183
140.38334965705872,-4.6477807746133895,-3.457117686040499,-4.4623318735323565,-3.6447047714783025
140.4339952468872,-4.6477807746133895,-3.457117686040499,-4.471267614472875,-3.6454014362919875
140.48451924324036,-4.6477807746133895,-3.457117686040499,-4.480099066505581,-3.646012241549708
140.5352008342743,-4.6477807746133895,-3.457117686040499,-4.48887462601613,-3.6465406084385976
140.58572959899902,-4.6477807746133895,-3.457117686040499,-4.49754021824838,-3.6469834264899808
140.63618445396423,-4.6477807746133895,-3.457117686040499,-4.506109628531805,-3.6473420910271797
140.6865861415863,-4.762065171182474,-3.469530468708723,-4.514586387988722,-3.6476172055070144
140.73754930496216,-4.762065171182474,-3.469530468708723,-4.52307228915766,-3.6478110078198145
140.7881326675415,-4.762065171182474,-3.469530468708723,-4.531409836056721,-3.6479196145725243
140.8385784626007,-4.762065171182474,-3.469530468708723,-4.53963995484935,-3.6479449759909697
140.88999891281128,-4.762065171182474,-3.469530468708723,-4.547941668928328,-3.647885728933478
140.94136476516724,-4.762065171182474,-3.469530468708723,-4.5561461416904905,-3.6477409278178365
140.99239325523376,-4.762065171182474,-3.469530468708723,-4.564208908832188,-3.6475125075144272
141.0428786277771,-4.762065171182474,-3.469530468708723,-4.572099422910968,-3.647203725946005
141.09335064888,-4.762065171182474,-3.469530468708723,-4.579901615045076,-3.6468128676664113
141.1440794467926,-4.762065171182474,-3.469530468708723,-4.587656324174429,-3.6463374068369614
141.19449710845947,-4.762065171182474,-3.469530468708723,-4.5952765858441715,-3.6457829612213057
141.24514079093933,-4.762065171182474,-3.469530468708723,-4.602843518288579,-3.645143996315205
141.295743227005,-4.762065171182474,-3.469530468708723,-4.610316421327385,-3.6444236022592
141.34618425369263,-4.762065171182474,-3.469530468708723,-4.617677792669527,-3.6436241498624153
141.39663124084473,-4.858930333335404,-3.465878072950686,-4.6249521822096025,-3.6427435323254977
141.44706749916077,-4.858930333335404,-3.465878072950686,-4.6321369168812465,-3.6417822242442273
141.49738955497742,-4.858930333335404,-3.465878072950686,-4.639217307976487,-3.6407426711043835
141.5478160381317,-4.858930333335404,-3.465878072950686,-4.646223868361705,-3.639620555226055
141.59827613830566,-4.858930333335404,-3.465878072950686,-4.6531461225159205,-3.63841729966802
141.6487102508545,-4.858930333335404,-3.465878072950686,-4.659975602433194,-3.637134487256188
141.6991183757782,-4.858930333335404,-3.465878072950686,-4.666712177177715,-3.6357724234087967
141.74960803985596,-4.858930333335404,-3.465878072950686,-4.67336980143129,-3.6343282544270417
141.80005979537964,-4.858930333335404,-3.465878072950686,-4.679932342839606,-3.632805479170926
141.8505928516388,-4.858930333335404,-3.465878072950686,-4.686414927234508,-3.6312005850544806
141.9012486934662,-4.858930333335404,-3.465878072950686,-4.692822063877831,-3.629511962770293
141.95370316505432,-4.858930333335404,-3.465878072950686,-4.6993601876784865,-3.627679356824374
142.00635838508606,-4.858930333335404,-3.465878072950686,-4.705824287812543,-3.6257539708368363
142.05703234672546,-4.858930333335404,-3.465878072950686,-4.71195118896954,-3.6238200972735584
142.108140707016,-4.938017468520342,-3.4460660896962256,-4.718036987883632,-3.621789445820186
142.15937566757202,-4.938017468520342,-3.4460660896962256,-4.724043226869316,-3.6196731303095566
142.20997190475464,-4.938017468520342,-3.4460660896962256,-4.729881346794679,-3.6175041737180202
142.26053857803345,-4.938017468520342,-3.4460660896962256,-4.7356232300125845,-3.6152582304654506
142.31121182441711,-4.938017468520342,-3.4460660896962256,-4.741283875618995,-3.6129292825962764
142.36186122894287,-4.938017468520342,-3.4460660896962256,-4.746848241263182,-3.6105233418379576
142.41344785690308,-4.938017468520342,-3.4460660896962256,-4.752419110750051,-3.6079928494259663
142.4643051624298,-4.938017468520342,-3.4460660896962256,-4.757815684180578,-3.6054192902334314
142.517596244812,-4.938017468520342,-3.4460660896962256,-4.763368472382976,-3.6026388221103165
142.5701174736023,-4.938017468520342,-3.4460660896962256,-4.768738608827208,-3.599814903775372
142.62121295928955,-4.938017468520342,-3.4460660896962256,-4.773865131130435,-3.5969882176197205
142.67170524597168,-4.938017468520342,-3.4460660896962256,-4.778836109720082,-3.5941181741545853
142.7222752571106,-4.938017468520342,-3.4460660896962256,-4.783719833573593,-3.591167487265631
142.7733974456787,-4.938017468520342,-3.4460660896962256,-4.788560111071405,-3.5881072717230644
142.8241515159607,-4.997280333153289,-3.413806058087879,-4.793269057816743,-3.5849924290958435
142.87484884262085,-4.997280333153289,-3.413806058087879,-4.79787654782886,-3.581805041037553
142.92598032951355,-4.997280333153289,-3.413806058087879,-4.802425893324113,-3.5785136274505898
142.97681879997253,-4.997280333153289,-3.413806058087879,-4.8068517688269,-3.5751649159734393
143.02740097045898,-4.997280333153289,-3.413806058087879,-4.811158727850768,-3.571757954114344
143.07996439933777,-4.997280333153289,-3.413806058087879,-4.815532062245304,-3.568138393562122
143.13073110580444,-4.997280333153289,-3.413806058087879,-4.819656684279286,-3.5645662205887843
143.1811044216156,-4.997280333153289,-3.413806058087879,-4.823652766513232,-3.5609478295911576
143.23164200782776,-4.997280333153289,-3.413806058087879,-4.827565000755449,-3.557243906332616
143.28210377693176,-4.997280333153289,-3.413806058087879,-4.831374343829834,-3.5534720937836726
143.33258724212646,-4.997280333153289,-3.413806058087879,-4.835088112085645,-3.549625463683514
143.38299417495728,-4.997280333153289,-3.413806058087879,-4.838699039632425,-3.545711863162362
143.43340396881104,-4.997280333153289,-3.413806058087879,-4.842212831240714,-3.5417255324559873
143.4841148853302,-4.997280333153289,-3.413806058087879,-4.845649199394209,-3.5376424773846553
143.534809589386,-5.038605816006464,-3.365365445924515,-4.848985616104438,-3.5334878854810814
143.58694052696228,-5.038605816006464,-3.365365445924515,-4.852313277887118,-3.5291399023060377
143.6373348236084,-5.038605816006464,-3.365365445924515,-4.855430346150497,-3.524864070502174
143.68773245811462,-5.038605816006464,-3.365365445924515,-4.858449375489744,-3.520516742312669
143.73825931549072,-5.038605816006464,-3.365365445924515,-4.861377336382448,-3.5160870334296277
143.78927373886108,-5.038605816006464,-3.365365445924515,-4.864232994541405,-3.5115424812901095
143.83987498283386,-5.038605816006464,-3.365365445924515,-4.866965528386471,-3.5069634327838553
143.89058899879456,-5.038605816006464,-3.365365445924515,-4.869604051741176,-3.502303192174349
143.94178986549377,-5.038605816006464,-3.365365445924515,-4.872166066566278,-3.497526391562438
143.9930455684662,-5.038605816006464,-3.365365445924515,-4.874628158013498,-3.4926724691084594
144.04466605186462,-5.038605816006464,-3.365365445924515,-4.877003771631827,-3.487711468271178
144.09521770477295,-5.038605816006464,-3.365365445924515,-4.879228876313386,-3.482782916524987
144.1458933353424,-5.038605816006464,-3.365365445924515,-4.881358641791023,-3.4777727587008114
144.19661045074463,-5.038605816006464,-3.365365445924515,-4.883388943579472,-3.472689083815596
144.24717688560486,-5.061654589374016,-3.301207558864114,-4.885312255021537,-3.4675516521292775
144.2974886894226,-5.061654589374016,-3.301207558864114,-4.887125677223595,-3.4623721237290557
144.34795546531677,-5.061654589374016,-3.301207558864114,-4.888844117567789,-3.4571088070481886
144.399165391922,-5.061654589374016,-3.301207558864114,-4.890484749014428,-3.4516988225330767
144.45001792907715,-5.061654589374016,-3.301207558864114,-4.892010994424398,-3.4462579387756564
144.50048398971558,-5.061654589374016,-3.301207558864114,-4.893424082286867,-3.4407910515609093
144.5509433746338,-5.061654589374016,-3.301207558864114,-4.894735687467387,-3.4352580856771766
144.60195302963257,-5.061654589374016,-3.301207558864114,-4.895958498901718,-3.4295971758557293
144.6525480747223,-5.061654589374016,-3.301207558864114,-4.897068833611449,-3.4239154204053452
144.70308542251587,-5.061654589374016,-3.301207558864114,-4.898075818885301,-3.41817396111538
144.75377941131592,-5.061654589374016,-3.301207558864114,-4.898983289020585,-3.4123485429746427
144.80424761772156,-5.061654589374016,-3.301207558864114,-4.899784474828291,-3.406483536639591
144.85497307777405,-5.061654589374016,-3.301207558864114,-4.900486817151018,-3.4005230394796686
144.90564608573914,-5.061654589374016,-3.301207558864114,-4.901085274852386,-3.394503341007625
144.95608687400818,-5.064181610147455,-3.224578654215029,-4.901578466770918,-3.38844664078446
145.00657987594604,-5.064181610147455,-3.224578654215029,-4.901969599417998,-3.3823194259030736
145.05760073661804,-5.064181610147455,-3.224578654215029,-4.9022604603535544,-3.3760631686381317
145.10838866233826,-5.064181610147455,-3.224578654215029,-4.902445686857128,-3.369770898614011
145.1595299243927,-5.064181610147455,-3.224578654215029,-4.902526926150311,-3.3633700596721003
145.21107578277588,-5.064181610147455,-3.224578654215029,-4.902501791330852,-3.356853106319792
145.2621030807495,-5.064181610147455,-3.224578654215029,-4.902370971382345,-3.350337284630056
145.31278276443481,-5.064181610147455,-3.224578654215029,-4.902136604111709,-3.3438027102478207
145.36328959465027,-5.064181610147455,-3.224578654215029,-4.901799380022577,-3.3372281270283093
145.4141387939453,-5.064181610147455,-3.224578654215029,-4.901355231598243,-3.330546463642789
145.46470642089844,-5.064181610147455,-3.224578654215029,-4.900809319561407,-3.3238399049791063
145.51548671722412,-5.064181610147455,-3.224578654215029,-4.900156421703156,-3.3170433415876084
145.56603527069092,-5.064181610147455,-3.224578654215029,-4.899402214437382,-3.310216601805027
145.61671113967896,-5.064181610147455,-3.224578654215029,-4.8985415694963255,-3.303311697620061
145.66735005378723,-5.045839970558196,-3.135730008824783,-4.897576905533919,-3.296351164172978
145.71824097633362,-5.045839970558196,-3.135730008824783,-4.896501960344279,-3.2892952148390284
145.76903915405273,-5.045839970558196,-3.135730008824783,-4.895323433394072,-3.282191684905528
145.81986784934998,-5.045839970558196,-3.135730008824783,-4.894038574016255,-3.275023771442422
145.8704116344452,-5.045839970558196,-3.135730008824783,-4.892656065787397,-3.2678367276659994
145.92091059684753,-5.045839970558196,-3.135730008824783,-4.891170288025927,-3.260597314188976
145.97138905525208,-5.045839970558196,-3.135730008824783,-4.889580652322712,-3.25330247892048
146.02178049087524,-5.045839970558196,-3.135730008824783,-4.887889514194172,-3.2459623413341907
146.0720977783203,-5.045839970558196,-3.135730008824783,-4.886096871292972,-3.2385756236139853
146.1224181652069,-5.045839970558196,-3.135730008824783,-4.884200124366468,-3.231131427820375
146.17284321784973,-5.045839970558196,-3.135730008824783,-4.882195045639133,-3.2236148683184216
146.22398686408997,-5.045839970558196,-3.135730008824783,-4.880054589410199,-3.215933363786025
146.27694630622864,-5.045839970558196,-3.135730008824783,-4.877724716897873,-3.2079181215834502
146.32737517356873,-5.045839970558196,-3.135730008824783,-4.87539885233652,-3.2002285162312933
146.37806940078735,-5.009950397909195,-3.040902663452516,-4.872955170524337,-3.1924423888956617
146.42867469787598,-5.009950397909195,-3.040902663452516,-4.8704101454505455,-3.184614195530153
146.47934317588806,-5.009950397909195,-3.040902663452516,-4.867756157268968,-3.176720783711528
146.52978992462158,-5.009950397909195,-3.040902663452516,-4.865008577723032,-3.16880713209096
146.58025240898132,-5.009950397909195,-3.040902663452516,-4.862155072367949,-3.160836658640918
146.6307168006897,-5.009950397909195,-3.040902663452516,-4.859196325738248,-3.152811853815279
146.6813280582428,-5.009950397909195,-3.040902663452516,-4.856123333530178,-3.144709765005808
146.73209619522095,-5.009950397909195,-3.040902663452516,-4.852934497655972,-3.1365286445344496
146.78262281417847,-5.009950397909195,-3.040902663452516,-4.849655072850352,-3.1283331684202014
146.83315920829773,-5.009950397909195,-3.040902663452516,-4.846269443811055,-3.1200832839291253
146.88379454612732,-5.009950397909195,-3.040902663452516,-4.842771266200867,-3.1117646068840217
146.93471837043762,-5.009950397909195,-3.040902663452516,-4.839146199551412,-3.103345740633899
146.98586225509644,-5.009950397909195,-3.040902663452516,-4.835397483712709,-3.094837558627394
147.0371220111847,-5.009950397909195,-3.040902663452516,-4.831531667351583,-3.0862572294657853
147.08760929107666,-4.951737009786676,-2.931477683421778,-4.827617803929766,-3.0777548147242104
147.13805150985718,-4.951737009786676,-2.931477683421778,-4.823602061159261,-3.0692094041776663
147.18848729133606,-4.951737009786676,-2.931477683421778,-4.819481511645442,-3.0606148778169486
147.2389304637909,-4.951737009786676,-2.931477683421778,-4.8152550113672845,-3.0519692245157604
147.28927397727966,-4.951737009786676,-2.931477683421778,-4.810931809950351,-3.0432912751488876
147.33973240852356,-4.951737009786676,-2.931477683421778,-4.806493426934403,-3.034544367916884
147.39052319526672,-4.951737009786676,-2.931477683421778,-4.801919328788923,-3.025690508931884
147.44121074676514,-4.951737009786676,-2.931477683421778,-4.797248022034374,-3.016805652137492
147.49188899993896,-4.951737009786676,-2.931477683421778,-4.792471205794596,-3.007873851385366
147.5423665046692,-4.951737009786676,-2.931477683421778,-4.787607590418765,-2.9989295051075673
147.59293794631958,-4.951737009786676,-2.931477683421778,-4.78262912481563,-2.989920904320729
147.64328622817993,-4.951737009786676,-2.931477683421778,-4.777567439830444,-2.9809050713430185
147.69375038146973,-4.951737009786676,-2.931477683421778,-4.77238879980078,-2.9718218012048894
147.74411416053772,-4.951737009786676,-2.931477683421778,-4.767115362022062,-2.9627103500802625
147.79452252388,-4.871254508842938,-2.810544274056965,-4.761732140182606,-2.9535449257083175
147.8452010154724,-4.871254508842938,-2.810544274056965,-4.756214081651843,-2.944284448253882
147.89718079566956,-4.871254508842938,-2.810544274056965,-4.750443957398955,-2.9347387169707817
147.94769597053528,-4.871254508842938,-2.810544274056965,-4.744729344575227,-2.9254162616766077
147.99826169013977,-4.871254508842938,-2.810544274056965,-4.738903343355476,-2.9160397405360947
148.04898118972778,-4.871254508842938,-2.810544274056965,-4.732953448858727,-2.906590104113534
148.0993309020996,-4.871254508842938,-2.810544274056965,-4.726941790669398,-2.897165545619153
148.15274477005005,-4.871254508842938,-2.810544274056965,-4.7204498021722685,-2.8871201115262974
148.20316696166992,-4.871254508842938,-2.810544274056965,-4.714213326075554,-2.877592994493159
148.25356268882751,-4.871254508842938,-2.810544274056965,-4.707875262341657,-2.8680282375370902
148.3040144443512,-4.871254508842938,-2.810544274056965,-4.701425187425816,-2.858410510785793
148.35456776618958,-4.871254508842938,-2.810544274056965,-4.694856833581707,-2.8487313012649116
148.40509176254272,-4.871254508842938,-2.810544274056965,-4.688187030767352,-2.839015947543182
148.45552825927734,-4.871254508842938,-2.810544274056965,-4.681423875022757,-2.8292761479905475
148.5059576034546,-4.770513029549316,-2.680878418696352,-4.674556941614641,-2.8194968701130234
148.55694580078125,-4.770513029549316,-2.680878418696352,-4.667507490571163,-2.809568056021705
148.60796117782593,-4.770513029549316,-2.680878418696352,-4.660347251848364,-2.7995929057767905
148.65901112556458,-4.770513029549316,-2.680878418696352,-4.653075057772995,-2.7895702819805597
148.70963978767395,-4.770513029549316,-2.680878418696352,-4.6457571258579105,-2.7795905216905235
148.76047658920288,-4.770513029549316,-2.680878418696352,-4.638303214588162,-2.7695301847282465
148.81114673614502,-4.770513029549316,-2.680878418696352,-4.630768219197949,-2.759463769519327
148.86189150810242,-4.770513029549316,-2.680878418696352,-4.62311662087811,-2.7493438266653034
148.91273975372314,-4.770513029549316,-2.680878418696352,-4.615343590320956,-2.73916477921428
148.9634656906128,-4.770513029549316,-2.680878418696352,-4.6074837801497885,-2.7289722267063
149.01997423171997,-4.770513029549316,-2.680878418696352,-4.598604026753522,-2.717573539967364
149.07038283348083,-4.770513029549316,-2.680878418696352,-4.5905726681504255,-2.707366397848588
149.1209099292755,-4.770513029549316,-2.680878418696352,-4.582418287884934,-2.6970988313753144
149.1715042591095,-4.770513029549316,-2.680878418696352,-4.574148672918044,-2.6867814336083935
149.22219467163086,-4.648668838709843,-2.5430614041269743,-4.565758694214387,-2.6764085264933017
149.2726490497589,-4.648668838709843,-2.5430614041269743,-4.5573038488727695,-2.666048598729904
149.32333207130432,-4.648668838709843,-2.5430614041269743,-4.548706389049978,-2.6556066251827586
149.37404584884644,-4.648668838709843,-2.5430614041269743,-4.539999181513661,-2.645123488262919
149.4249029159546,-4.648668838709843,-2.5430614041269743,-4.531162469966745,-2.6345761320647423
149.47551941871643,-4.648668838709843,-2.5430614041269743,-4.522263357534394,-2.624044647723216
149.52689027786255,-4.648668838709843,-2.5430614041269743,-4.513125440556461,-2.6133219012094373
149.5780370235443,-4.648668838709843,-2.5430614041269743,-4.503921238964141,-2.602611993924946
149.62856793403625,-4.648668838709843,-2.5430614041269743,-4.494723962495907,-2.5919981701403234
149.6800365447998,-4.648668838709843,-2.5430614041269743,-4.485249970503114,-2.5811541967881446
149.73080229759216,-4.648668838709843,-2.5430614041269743,-4.475800641780809,-2.57042588929476
149.78158974647522,-4.648668838709843,-2.5430614041269743,-4.466243336600497,-2.5596611690020787
149.83258938789368,-4.648668838709843,-2.5430614041269743,-4.4565416137305744,-2.548819830497459
149.88301753997803,-4.648668838709843,-2.5430614041269743,-4.446845781123592,-2.538069185154097
149.9333996772766,-4.508776584638442,-2.4015617777551506,-4.4370568179991094,-2.527298154874007
149.98390293121338,-4.508776584638442,-2.4015617777551506,-4.427142153864362,-2.5164713240041525
150.0342311859131,-4.508776584638442,-2.4015617777551506,-4.4171602171084405,-2.5056526022841084
150.0850830078125,-4.508776584638442,-2.4015617777551506,-4.406971534774481,-2.4946919050016425
150.13608980178833,-4.508776584638442,-2.4015617777551506,-4.396648035046307,-2.48366848235864
150.18657851219177,-4.508776584638442,-2.4015617777551506,-4.386327188112962,-2.4727284936303238
150.2370207309723,-4.508776584638442,-2.4015617777551506,-4.375914446322801,-2.461770616203499
150.2875554561615,-4.508776584638442,-2.4015617777551506,-4.365381123889513,-2.450765001533712
150.33797359466553,-4.508776584638442,-2.4015617777551506,-4.3547710245169915,-2.439757590574979
150.3885338306427,-4.508776584638442,-2.4015617777551506,-4.344029784958098,-2.428692272092491
150.43897032737732,-4.508776584638442,-2.4015617777551506,-4.333213979299835,-2.4176275959986704
150.48964619636536,-4.508776584638442,-2.4015617777551506,-4.322245550651559,-2.4064842006893765
150.54012322425842,-4.508776584638442,-2.4015617777551506,-4.311219385073797,-2.3953588027413413
150.5908670425415,-4.361413472970496,-2.265212422871907,-4.300033729903708,-2.384149112716565
150.64159655570984,-4.361413472970496,-2.265212422871907,-4.288749958392082,-2.3729174276695657
150.692036151886,-4.361413472970496,-2.265212422871907,-4.277430451475452,-2.3617253828588645
150.74279928207397,-4.361413472970496,-2.265212422871907,-4.265937611075291,-2.350437225891289
150.79330706596375,-4.361413472970496,-2.265212422871907,-4.254402466335449,-2.339182021678568
150.84407901763916,-4.361413472970496,-2.265212422871907,-4.242706519143568,-2.327844386742487
150.89465737342834,-4.361413472970496,-2.265212422871907,-4.230955190033046,-2.3165268831606642
150.9452772140503,-4.361413472970496,-2.265212422871907,-4.219094492407051,-2.305177403387327
150.9965362548828,-4.361413472970496,-2.265212422871907,-4.206982543401507,-2.2936618732071485
151.04709196090698,-4.361413472970496,-2.265212422871907,-4.194936946902384,-2.2822823342116534
151.09755682945251,-4.361413472970496,-2.265212422871907,-4.182814300822304,-2.2709018267369276
151.1494677066803,-4.361413472970496,-2.265212422871907,-4.170241612283338,-2.259173308603586
151.19989609718323,-4.361413472970496,-2.265212422871907,-4.157928459847721,-2.247758850178764
151.2504153251648,-4.361413472970496,-2.265212422871907,-4.145494982107174,-2.2363035820700192
151.30079579353333,-4.1825333822512984,-2.111771931402494,-4.132998022261049,-2.224859980581991
151.351078748703,-4.1825333822512984,-2.111771931402494,-4.120428233216103,-2.2134192001888158
151.4015016555786,-4.1825333822512984,-2.111771931402494,-4.107726331431469,-2.201927571706541
151.4518620967865,-4.1825333822512984,-2.111771931402494,-4.09494328690143,-2.190431568221004
151.5022852420807,-4.1825333822512984,-2.111771931402494,-4.0820475333632364,-2.1789030023450744
151.5526213645935,-4.1825333822512984,-2.111771931402494,-4.069077641916621,-2.167376505086282
151.60293436050415,-4.1825333822512984,-2.111771931402494,-4.056017675410942,-2.155837887360638
151.653222322464,-4.1825333822512984,-2.111771931402494,-4.042868479304145,-2.144287994872858
151.7036416530609,-4.1825333822512984,-2.111771931402494,-4.029589069762821,-2.1326912366686503
151.75396275520325,-4.1825333822512984,-2.111771931402494,-4.016240041411344,-2.1211007892095277
151.80439233779907,-4.1825333822512984,-2.111771931402494,-4.002766751101145,-2.109469421613475
151.85477542877197,-4.1825333822512984,-2.111771931402494,-3.989210650205311,-2.097833233150383
151.90516996383667,-4.1825333822512984,-2.111771931402494,-3.975556475899632,-2.0861792445772145
151.9555938243866,-4.1825333822512984,-2.111771931402494,-3.961799496696458,-2.0745036876201217
152.0062222480774,-3.9808044638628926,-1.9528607529953441,-3.9478914751209344,-2.062766271519622
152.05666947364807,-3.9808044638628926,-1.9528607529953441,-3.9339385516691263,-2.051056805960397
152.10738730430603,-3.9808044638628926,-1.9528607529953441,-3.919815751733647,-2.039270774008739
152.1583707332611,-3.9808044638628926,-1.9528607529953441,-3.9055232032524625,-2.027409515278506
152.20947360992432,-3.9808044638628926,-1.9528607529953441,-3.8911010405908124,-2.015507277126458
152.25995254516602,-3.9808044638628926,-1.9528607529953441,-3.876760727672854,-2.003737786142555
152.31052088737488,-3.9808044638628926,-1.9528607529953441,-3.8623013561905335,-1.991935308476447
152.36172747612,-3.9808044638628926,-1.9528607529953441,-3.847564218100674,-1.9799718799383594
152.41246557235718,-3.9808044638628926,-1.9528607529953441,-3.832867614379503,-1.968106402929191
152.46320390701294,-3.9808044638628926,-1.9528607529953441,-3.8180773364776437,-1.9562298124398643
152.51402974128723,-3.9808044638628926,-1.9528607529953441,-3.8031679661191498,-1.9443220460385404
152.56450200080872,-3.9808044638628926,-1.9528607529953441,-3.7882698833784225,-1.932486912225657
152.61526656150818,-3.9808044638628926,-1.9528607529953441,-3.7731928758455373,-1.9205733685854722
152.66576528549194,-3.9808044638628926,-1.9528607529953441,-3.7581029026071224,-1.9087127785102496
152.71620965003967,-3.7697739699921917,-1.7987803575567156,-3.742937909903942,-1.8968559461561036
152.76661705970764,-3.7697739699921917,-1.7987803575567156,-3.7276931809452467,-1.884999187264224
152.81729292869568,-3.7697739699921917,-1.7987803575567156,-3.7122759949094437,-1.8730709885519057
152.86796736717224,-3.7697739699921917,-1.7987803575567156,-3.6967680148218673,-1.8611351981838316
152.9185106754303,-3.7697739699921917,-1.7987803575567156,-3.6812095682152837,-1.8492227815437559
152.96897506713867,-3.7697739699921917,-1.7987803575567156,-3.665585425316925,-1.8373218620375138
153.01960682868958,-3.7697739699921917,-1.7987803575567156,-3.6498193793794096,-1.8253747235874784
153.070081949234,-3.7697739699921917,-1.7987803575567156,-3.6340125778808177,-1.8134582002462296
153.1220076084137,-3.7697739699921917,-1.7987803575567156,-3.6176585429890187,-1.8011930130613119
153.17241263389587,-3.7697739699921917,-1.7987803575567156,-3.6016935292021834,-1.7892813738694453
153.22274827957153,-3.7697739699921917,-1.7987803575567156,-3.5856623960749974,-1.7773809710543849
153.27344942092896,-3.7697739699921917,-1.7987803575567156,-3.5694261571493735,-1.7653893269571792
153.32485628128052,-3.7697739699921917,-1.7987803575567156,-3.55287333915232,-1.7532262124646096
153.37546920776367,-3.7697739699921917,-1.7987803575567156,-3.5364873606338882,-1.7412468515290276
153.42648649215698,-3.545127166761444,-1.643968973422853,-3.5198816066523215,-1.7291680617844476
153.47720551490784,-3.545127166761444,-1.643968973422853,-3.503284804921618,-1.717156567881137
153.5278356075287,-3.545127166761444,-1.643968973422853,-3.486629771304436,-1.705163215339975
153.57868456840515,-3.545127166761444,-1.643968973422853,-3.4698152289334003,-1.6931154646028024
153.629248380661,-3.545127166761444,-1.643968973422853,-3.453008326766615,-1.681133118695818
153.6796944141388,-3.545127166761444,-1.643968973422853,-3.436154778340735,-1.6691769178302707
153.73015594482422,-3.545127166761444,-1.643968973422853,-3.4192106311175685,-1.657215654830935
153.78172206878662,-3.545127166761444,-1.643968973422853,-3.401807647389314,-1.6449915163991122
153.83263206481934,-3.545127166761444,-1.643968973422853,-3.384539232686383,-1.6329222681270614
153.88398838043213,-3.545127166761444,-1.643968973422853,-3.367032314638058,-1.620746947745519
153.93457078933716,-3.545127166761444,-1.643968973422853,-3.349704017209723,-1.6087552245367398
153.98494172096252,-3.545127166761444,-1.643968973422853,-3.332364471209511,-1.5968141320356015
154.03534936904907,-3.545127166761444,-1.643968973422853,-3.314928999945409,-1.5848652007277855
154.08594012260437,-3.545127166761444,-1.643968973422853,-3.297346753066127,-1.57287410758948
154.14078164100647,-3.2975847057327377,-1.4844226749114093,-3.278193164105755,-1.559877331128707
154.193505525589,-3.2975847057327377,-1.4844226749114093,-3.259687318917539,-1.5473846423167739
154.24433779716492,-3.2975847057327377,-1.4844226749114093,-3.2417605327214987,-1.5353426355988735
154.2949571609497,-3.2975847057327377,-1.4844226749114093,-3.2238263633106756,-1.5233538569359732
154.34543776512146,-3.2975847057327377,-1.4844226749114093,-3.2058597401687177,-1.5114010858449831
154.39595651626587,-3.2975847057327377,-1.4844226749114093,-3.187798287346361,-1.4994427935014034
154.44681763648987,-3.2975847057327377,-1.4844226749114093,-3.1695326687772747,-1.487407379486724
154.49753427505493,-3.2975847057327377,-1.4844226749114093,-3.1512376006046345,-1.4754104433575639
154.55036401748657,-3.2975847057327377,-1.4844226749114093,-3.132094284174494,-1.4629186100801106
154.60091638565063,-3.2975847057327377,-1.4844226749114093,-3.113694411641719,-1.4509703859215985
154.65152263641357,-3.2975847057327377,-1.4844226749114093,-3.0951951790826238,-1.4390148072159004
154.70228028297424,-3.2975847057327377,-1.4844226749114093,-3.076560814434835,-1.4270292374657123
154.7531213760376,-3.2975847057327377,-1.4844226749114093,-3.0578160734119932,-1.41503013122694
154.80382251739502,-3.2975847057327377,-1.4844226749114093,-3.0390438195400784,-1.4030705704576065
154.85488367080688,-3.039667002856007,-1.329118442980324,-3.020058795340719,-1.3910330354242937
154.90549397468567,-3.039667002856007,-1.329118442980324,-3.0011630682554675,-1.3791090321542128
154.95588493347168,-3.039667002856007,-1.329118442980324,-2.982272122823578,-1.3672442342176223
155.00751185417175,-3.039667002856007,-1.329118442980324,-2.9628384149617695,-1.3550965855348953
155.05920791625977,-3.039667002856007,-1.329118442980324,-2.943298534981625,-1.342941326871545
155.10988664627075,-3.039667002856007,-1.329118442980324,-2.9240657203758804,-1.3310340529146054
155.16056966781616,-3.039667002856007,-1.329118442980324,-2.9047549566080515,-1.3191348275621793
155.21110820770264,-3.039667002856007,-1.329118442980324,-2.88542362316854,-1.3072788996768387
155.26157450675964,-3.039667002856007,-1.329118442980324,-2.8660449525450655,-1.2954496171043093
155.31245732307434,-3.039667002856007,-1.329118442980324,-2.8464308824616382,-1.2835328735790839
155.36334991455078,-3.039667002856007,-1.329118442980324,-2.826737643129091,-1.2716244165007844
155.41424536705017,-3.039667002856007,-1.329118442980324,-2.8069682760120065,-1.2597262283449044
155.46517896652222,-3.039667002856007,-1.329118442980324,-2.787109380996668,-1.2478304335960753
155.51563453674316,-3.039667002856007,-1.329118442980324,-2.7673635711751112,-1.236057795137091
155.56609511375427,-2.7638293039994224,-1.1724877137731273,-2.747543230648196,-1.224295796015595
155.61648893356323,-2.7638293039994224,-1.1724877137731273,-2.727677071788011,-1.2125614893412244
155.66739416122437,-2.7638293039994224,-1.1724877137731273,-2.70753661497751,-1.2007207615225997
155.718279838562,-2.7638293039994224,-1.1724877137731273,-2.68733128153365,-1.1888976529013053
155.76977443695068,-2.7638293039994224,-1.1724877137731273,-2.666810673127445,-1.1769467301553345
155.82360887527466,-2.7638293039994224,-1.1724877137731273,-2.6452790567696094,-1.1644678692944554
155.87452125549316,-2.7638293039994224,-1.1724877137731273,-2.624842675745392,-1.152680910768926
155.92555332183838,-2.7638293039994224,-1.1724877137731273,-2.6042870037881496,-1.1408808136853428
155.97614765167236,-2.7638293039994224,-1.1724877137731273,-2.583837647611582,-1.1291966815928143
156.02686023712158,-2.7638293039994224,-1.1724877137731273,-2.5632709614106832,-1.1175003207791843
156.07732033729553,-2.7638293039994224,-1.1724877137731273,-2.542737988068971,-1.1058775200813755
156.128103017807,-2.7638293039994224,-1.1724877137731273,-2.522004998547561,-1.094196195599334
156.17884349822998,-2.7638293039994224,-1.1724877137731273,-2.501220771402394,-1.0825407293839082
156.22957801818848,-2.7638293039994224,-1.1724877137731273,-2.4803709819883593,-1.0709031156788424
156.28019165992737,-2.4725443372278018,-1.0170703663794012,-2.4595035337506643,-1.059309991918301
156.33065509796143,-2.4725443372278018,-1.0170703663794012,-2.438631478375345,-1.047768276149669
156.38133764266968,-2.4725443372278018,-1.0170703663794012,-2.417602354656573,-1.0361938726085205
156.43178844451904,-2.4725443372278018,-1.0170703663794012,-2.3966036773312496,-1.0246900685390732
156.48230814933777,-2.4725443372278018,-1.0170703663794012,-2.3755110553421943,-1.0131885569846024
156.53275680541992,-2.4725443372278018,-1.0170703663794012,-2.354383350998284,-1.0017215286024062
156.58320808410645,-2.4725443372278018,-1.0170703663794012,-2.3331902707769183,-0.9902725291398911
156.6336908340454,-2.4725443372278018,-1.0170703663794012,-2.3119200611955804,-0.9788353584880349
156.6840329170227,-2.4725443372278018,-1.0170703663794012,-2.2906458874452387,-0.9674492791703417
156.73487615585327,-2.4725443372278018,-1.0170703663794012,-2.269096277753912,-0.9559696636970387
156.7909882068634,-2.4725443372278018,-1.0170703663794012,-2.2452397925348744,-0.943323941270279
156.84166955947876,-2.4725443372278018,-1.0170703663794012,-2.22362621104205,-0.9319236702278846
156.8922781944275,-2.4725443372278018,-1.0170703663794012,-2.2019815901578808,-0.9205605118084579
156.942969083786,-2.1881313653695433,-0.8744450061947422,-2.1802400789251473,-0.9092000004642191
156.994065284729,-2.1881313653695433,-0.8744450061947422,-2.158262678713011,-0.8977703685957339
157.04613208770752,-2.1881313653695433,-0.8744450061947422,-2.135804198326304,-0.8861463921414261
157.0966510772705,-2.1881313653695433,-0.8744450061947422,-2.113952441358692,-0.8748902618177441
157.14755010604858,-2.1881313653695433,-0.8744450061947422,-2.091876090415133,-0.8635719864214328
157.19816780090332,-2.1881313653695433,-0.8744450061947422,-2.0698622818815777,-0.8523390178743164
157.24888396263123,-2.1881313653695433,-0.8744450061947422,-2.047746618827359,-0.8411072663096708
157.29923367500305,-2.1881313653695433,-0.8744450061947422,-2.0257327559584817,-0.8299798234304521
157.3499345779419,-2.1881313653695433,-0.8744450061947422,-2.0035074116947564,-0.8187983915376567
157.40028762817383,-2.1881313653695433,-0.8744450061947422,-1.981377469678671,-0.8077174473243391
157.45117568969727,-2.1881313653695433,-0.8744450061947422,-1.9589550604758037,-0.7965431492494344
157.50167226791382,-2.1881313653695433,-0.8744450061947422,-1.9366486382831805,-0.7854793548960171
157.5528383255005,-2.1881313653695433,-0.8744450061947422,-1.9139895380650438,-0.7742941254825788
157.60348773002625,-2.1881313653695433,-0.8744450061947422,-1.8915032595257684,-0.7632471804062151
157.65401196479797,-1.869024795921895,-0.7235948182550828,-1.8690175297841254,-0.7522529605669797
157.7044689655304,-1.869024795921895,-0.7235948182550828,-1.8465073449711669,-0.7412990164291022
157.75500917434692,-1.869024795921895,-0.7235948182550828,-1.8239060314633848,-0.7303530015689725
157.80542635917664,-1.869024795921895,-0.7235948182550828,-1.8013063471858912,-0.7194598502906633
157.8559033870697,-1.869024795921895,-0.7235948182550828,-1.7786268917797428,-0.7085803010849276
157.90628027915955,-1.869024795921895,-0.7235948182550828,-1.755940077504764,-0.6977490989172397
157.9567129611969,-1.869024795921895,-0.7235948182550828,-1.7331762254722147,-0.6869329785056477
158.00752592086792,-1.869024795921895,-0.7235948182550828,-1.710188676254068,-0.6760629976716017
158.05875849723816,-1.869024795921895,-0.7235948182550828,-1.6869588911491262,-0.6651317001189159
158.10983228683472,-1.869024795921895,-0.7235948182550828,-1.6637492239838412,-0.654263017126985
158.16201615333557,-1.869024795921895,-0.7235948182550828,-1.639982117889069,-0.6431880511885639
158.21269345283508,-1.869024795921895,-0.7235948182550828,-1.6168504216393567,-0.63246209286332
158.26354241371155,-1.869024795921895,-0.7235948182550828,-1.5935906002853162,-0.6217290848559021
158.31551051139832,-1.869024795921895,-0.7235948182550828,-1.5697678545037128,-0.6107904652863385
158.36607313156128,-1.5427854622586574,-0.5787799703988579,-1.5465404142977515,-0.6001776746759391
158.4168095588684,-1.5427854622586574,-0.5787799703988579,-1.523185068639695,-0.5895584273998127
158.46747493743896,-1.5427854622586574,-0.5787799703988579,-1.49981487898125,-0.5789843484763919
158.51817059516907,-1.5427854622586574,-0.5787799703988579,-1.4763836593003963,-0.5684345375446465
158.56873846054077,-1.5427854622586574,-0.5787799703988579,-1.4529650997223014,-0.5579420822559427
158.61928701400757,-1.5427854622586574,-0.5787799703988579,-1.4295096589195444,-0.5474846183979651
158.66995859146118,-1.5427854622586574,-0.5787799703988579,-1.4059516471668592,-0.5370330732955431
158.72053623199463,-1.5427854622586574,-0.5787799703988579,-1.382392392267985,-0.5266325008176556
158.77133297920227,-1.5427854622586574,-0.5787799703988579,-1.3586864137862258,-0.5162189223313445
158.82178783416748,-1.5427854622586574,-0.5787799703988579,-1.3350961820559148,-0.5059075021243329
158.87218928337097,-1.5427854622586574,-0.5787799703988579,-1.3114878271601496,-0.49563917580135985
158.92257857322693,-1.5427854622586574,-0.5787799703988579,-1.287842610809276,-0.4854057446611155
158.97306871414185,-1.5427854622586574,-0.5787799703988579,-1.264107890891701,-0.4751846099350341
159.02375650405884,-1.5427854622586574,-0.5787799703988579,-1.240238295582494,-0.4649567345847916
159.07470679283142,-1.2209372058690229,-0.4459021148982094,-1.2162032277125534,-0.45470975669721314
159.12545657157898,-1.2209372058690229,-0.4459021148982094,-1.1922215434752688,-0.44453712456691363
159.1764395236969,-1.2209372058690229,-0.4459021148982094,-1.1680887865749152,-0.4343522083517666
159.22760820388794,-1.2209372058690229,-0.4459021148982094,-1.1438274359043223,-0.42416518034980744
159.28030514717102,-1.2209372058690229,-0.4459021148982094,-1.1187994289645897,-0.4137108189493621
159.3312530517578,-1.2209372058690229,-0.4459021148982094,-1.0945620976904626,-0.40363933739479574
159.38197422027588,-1.2209372058690229,-0.4459021148982094,-1.070394079060879,-0.393647993410847
159.43262934684753,-1.2209372058690229,-0.4459021148982094,-1.046219656997195,-0.38370508365470446
159.48327493667603,-1.2209372058690229,-0.4459021148982094,-1.0220124689051888,-0.3737996918490203
159.53364944458008,-1.2209372058690229,-0.4459021148982094,-0.9978983504381203,-0.363982925904502
159.58412671089172,-1.2209372058690229,-0.4459021148982094,-0.9736990437378155,-0.3541820031988081
159.63491082191467,-1.2209372058690229,-0.4459021148982094,-0.9493167908538681,-0.3443579842575142
159.68563652038574,-1.2209372058690229,-0.4459021148982094,-0.924927219670894,-0.33458204339031195
159.7360987663269,-1.2209372058690229,-0.4459021148982094,-0.9006297739288113,-0.32489359178003907
159.78669691085815,-0.8787908739061296,-0.3134198990341609,-0.8762328211725499,-0.31521606051237683
159.8371160030365,-0.8787908739061296,-0.3134198990341609,-0.8518887862025475,-0.305609880878261
159.88977527618408,-0.8787908739061296,-0.3134198990341609,-0.8264280681017864,-0.295616690138111
159.94018959999084,-0.8787908739061296,-0.3134198990341609,-0.802019769520636,-0.2860878745701587
159.9909543991089,-0.8787908739061296,-0.3134198990341609,-0.777409693494158,-0.2765309629353765
160.04216694831848,-0.8787908739061296,-0.3134198990341609,-0.7525504642993209,-0.2669287869229011
160.09319424629211,-0.8787908739061296,-0.3134198990341609,-0.7277496465844685,-0.2574005723152153
160.14389896392822,-0.8787908739061296,-0.3134198990341609,-0.7030749947454354,-0.2479716138395891
160.19440937042236,-0.8787908739061296,-0.3134198990341609,-0.6784650885707542,-0.23861769422129564
160.24478101730347,-0.8787908739061296,-0.3134198990341609,-0.6538936847638499,-0.22932836845504223
160.2953007221222,-0.8787908739061296,-0.3134198990341609,-0.6292213952541967,-0.22005097906847704
160.34584188461304,-0.8787908739061296,-0.3134198990341609,-0.6045104358174052,-0.2108091967132797
160.39714360237122,-0.8787908739061296,-0.3134198990341609,-0.5793993326703567,-0.2014690241730248
160.44765901565552,-0.5568202487084155,-0.19683519140567918,-0.5546458033588684,-0.19231228145486057
160.49794673919678,-0.5568202487084155,-0.19683519140567918,-0.5299774681380875,-0.18323672137368874
160.548504114151,-0.5568202487084155,-0.19683519140567918,-0.5051508611008544,-0.17415285443004525
160.59884190559387,-0.5568202487084155,-0.19683519140567918,-0.4804067193958256,-0.16514885774732724
160.6491413116455,-0.5568202487084155,-0.19683519140567918,-0.4556566998080175,-0.15619222158263835
160.69948053359985,-0.5568202487084155,-0.19683519140567918,-0.43086285462723195,-0.1472692326314884
160.75021481513977,-0.5568202487084155,-0.19683519140567918,-0.40585044024035954,-0.1383176621226858
160.80126929283142,-0.5568202487084155,-0.19683519140567918,-0.3806564081060573,-0.1293518119557744
160.8517551422119,-0.5568202487084155,-0.19683519140567918,-0.3557200885488879,-0.12052767338447534
160.9026141166687,-0.5568202487084155,-0.19683519140567918,-0.33057700755432995,-0.11168060798246016
160.95326805114746,-0.5568202487084155,-0.19683519140567918,-0.3055134287524284,-0.10291160465462568
161.00396466255188,-0.5568202487084155,-0.19683519140567918,-0.28040743628179055,-0.09417778006191835
161.05459308624268,-0.5568202487084155,-0.19683519140567918,-0.255314497133208,-0.08549840318356061
161.10494089126587,-0.5568202487084155,-0.19683519140567918,-0.23034065519959035,-0.07690964908549835
161.15539169311523,-0.2142341139382961,-0.0821398292562168,-0.20529627601052658,-0.06834604822382051
161.20592784881592,-0.2142341139382961,-0.0821398292562168,-0.18019055427285946,-0.05981102938506755
161.2563693523407,-0.2142341139382961,-0.0821398292562168,-0.15511346542760207,-0.05133517433059698
161.30693578720093,-0.2142341139382961,-0.0821398292562168,-0.12995637466241017,-0.0428818160490847
161.3579761981964,-0.2142341139382961,-0.0821398292562168,-0.10454587026496698,-0.03439357214040717
161.40871167182922,-0.2142341139382961,-0.0821398292562168,-0.07927020583479982,-0.026000390476120572
161.4593586921692,-0.2142341139382961,-0.0821398292562168,-0.05402228552376609,-0.017666131168398103
161.5097017288208,-0.2142341139382961,-0.0821398292562168,-0.02891029098164899,-0.009425931023796519
161.5602376461029,-0.2142341139382961,-0.0821398292562168,-0.0036869794670126854,-0.0011984990386730843
161.61072254180908,-0.2142341139382961,-0.0821398292562168,0.021525426539336756,0.00697608971229835
161.66120433807373,-0.2142341139382961,-0.0821398292562168,0.046750284935727304,0.015105488051789795
161.71164989471436,-0.2142341139382961,-0.0821398292562168,0.07197046892030334,0.023184235143047793
161.76242017745972,-0.2142341139382961,-0.0821398292562168,0.09736600063815903,0.031269577225429224
161.8128252029419,-0.2142341139382961,-0.0821398292562168,0.12259117798603603,0.039251513200084354
161.8634912967682,-0.2142341139382961,-0.0821398292562168,0.14795884977987783,0.04722919348157095
161.91396808624268,0.13430942730053835,0.026784776223800752,0.17324299197376125,0.05513143772914875
161.9645745754242,0.13430942730053835,0.026784776223800752,0.1986028183612335,0.06300809918041805
162.01519656181335,0.13430942730053835,0.026784776223800752,0.22398058742716764,0.07084103843583511
162.06615209579468,0.13430942730053835,0.026784776223800752,0.24953528277957493,0.0786788234070892
162.11678099632263,0.13430942730053835,0.026784776223800752,0.2749352556017495,0.08641973392874736
162.16765022277832,0.13430942730053835,0.026784776223800752,0.30046435288507767,0.09415041146245429
162.2184054851532,0.13430942730053835,0.026784776223800752,0.3259442371499106,0.10181667806338002
162.26918721199036,0.13430942730053835,0.026784776223800752,0.3514448178347238,0.10943970725584196
162.31969618797302,0.13430942730053835,0.026784776223800752,0.37681522520161403,0.11697477019290803
162.37033486366272,0.13430942730053835,0.026784776223800752,0.40225701691252347,0.12448195150790031
162.4211564064026,0.13430942730053835,0.026784776223800752,0.42779639632959776,0.13196854231196076
162.47395491600037,0.13430942730053835,0.026784776223800752,0.45433471177996976,0.1396955891353544
162.52454948425293,0.13430942730053835,0.026784776223800752,0.4797698784248621,0.1470513886217275
162.57515501976013,0.13430942730053835,0.026784776223800752,0.5052145165557093,0.15436095597846444
162.62558937072754,0.4937487676285293,0.12874345120775632,0.5305764605908168,0.16159806451057657
162.67613077163696,0.4937487676285293,0.12874345120775632,0.5559950587751461,0.16880258923932168
162.72657108306885,0.4937487676285293,0.12874345120775632,0.5813650730199669,0.17594471288206925
162.7773859500885,0.4937487676285293,0.12874345120775632,0.6069251901918529,0.18309125454072328
162.82781720161438,0.4937487676285293,0.12874345120775632,0.6322934834772809,0.19013546299049278
162.8783450126648,0.4937487676285293,0.12874345120775632,0.6577109214945195,0.19714468764107584
162.9297125339508,0.4937487676285293,0.12874345120775632,0.6835507739128112,0.20422052730786255
162.98033046722412,0.4937487676285293,0.12874345120775632,0.7090129893909591,0.21114379396703686
163.03079509735107,0.4937487676285293,0.12874345120775632,0.7343969647273154,0.21799723065660004
163.08275294303894,0.4937487676285293,0.12874345120775632,0.7605302693542134,0.22500234863072022
163.13452172279358,0.4937487676285293,0.12874345120775632,0.7865660942102313,0.23193027329842675
163.18507933616638,0.4937487676285293,0.12874345120775632,0.8119899136445602,0.23864617657719034
163.23573422431946,0.4937487676285293,0.12874345120775632,0.8374592244498313,0.2453253902450605
163.28616762161255,0.4937487676285293,0.12874345120775632,0.8628132000612353,0.25192594666706825
163.33663058280945,0.8482958222005259,0.21969896968110375,0.8881775112466459,0.25848086899398215
163.38706398010254,0.8482958222005259,0.21969896968110375,0.9135218768783685,0.2649823627286749
163.43750309944153,0.8482958222005259,0.21969896968110375,0.9388634712180459,0.2714348997115712
163.48791646957397,0.8482958222005259,0.21969896968110375,0.9641859247085449,0.27783437342030215
163.53823947906494,0.8482958222005259,0.21969896968110375,0.9894562455101644,0.28417264613262816
163.58853554725647,0.8482958222005259,0.21969896968110375,1.014705746248873,0.29045777385149485
163.6388955116272,0.8482958222005259,0.21969896968110375,1.03997946236328,0.29670094921609547
163.68950748443604,0.8482958222005259,0.21969896968110375,1.0653711618139012,0.30292491902168095
163.7399296760559,0.8482958222005259,0.21969896968110375,1.0906586230439121,0.3090751607799782
163.7903275489807,0.8482958222005259,0.21969896968110375,1.1159243237501542,0.31517207888380794
163.8408408164978,0.8482958222005259,0.21969896968110375,1.1412377167051877,0.3212323417694387
163.89153814315796,0.8482958222005259,0.21969896968110375,1.1666325531181263,0.32726364083166626
163.942129611969,0.8482958222005259,0.21969896968110375,1.1919630177874205,0.3332312737015122
163.99264788627625,0.8482958222005259,0.21969896968110375,1.217244959157214,0.33913927265212696
164.0429790019989,1.1979739737172026,0.3012930522684156,1.2424208745430545,0.3449746147333248
164.09359622001648,1.1979739737172026,0.3012930522684156,1.2677268906454189,0.350791932037378
164.14431476593018,1.1979739737172026,0.3012930522684156,1.2930699115353825,0.35656931406474257
164.19511079788208,1.1979739737172026,0.3012930522684156,1.318437379548043,0.3623036873211505
164.24589276313782,1.1979739737172026,0.3012930522684156,1.343782973839831,0.3679845365454142
164.29728651046753,1.1979739737172026,0.3012930522684156,1.369418210655955,0.3736808706825925
164.34860587120056,1.1979739737172026,0.3012930522684156,1.3949999922952363,0.3793157238719207
164.39926075935364,1.1979739737172026,0.3012930522684156,1.4202339458009865,0.3848253718897783
164.449768781662,1.1979739737172026,0.3012930522684156,1.4453777493616022,0.39026729117099546
164.50046348571777,1.1979739737172026,0.3012930522684156,1.470596861631165,0.3956772860047719
164.55121111869812,1.1979739737172026,0.3012930522684156,1.495824050146841,0.40104064297012565
164.6020543575287,1.1979739737172026,0.3012930522684156,1.521079877587519,0.40636157392826044
164.65246891975403,1.1979739737172026,0.3012930522684156,1.546103533157072,0.41158565981860384
164.70315504074097,1.1979739737172026,0.3012930522684156,1.571242108010905,0.416785639804961
164.7540340423584,1.5469898173261734,0.3735071556499522,1.5964557361666536,0.42195265984702024
164.80459594726562,1.5469898173261734,0.3735071556499522,1.6214912016704546,0.4270350617917211
164.85506415367126,1.5469898173261734,0.3735071556499522,1.6464588125509472,0.4320558811494024
164.90552949905396,1.5469898173261734,0.3735071556499522,1.6714030096524546,0.4370242488696703
164.95626616477966,1.5469898173261734,0.3735071556499522,1.6964585758584414,0.44196668721294774
165.00694012641907,1.5469898173261734,0.3735071556499522,1.7214598521895679,0.4468502805433081
165.0577301979065,1.5469898173261734,0.3735071556499522,1.7464944561164488,0.45169212769109013
165.10858249664307,1.5469898173261734,0.3735071556499522,1.7715351326735236,0.45648676423795775
165.1589958667755,1.5469898173261734,0.3735071556499522,1.7963348140156432,0.4611874812949428
165.2094805240631,1.5469898173261734,0.3735071556499522,1.821144201884887,0.46584238336378014
165.26024866104126,1.5469898173261734,0.3735071556499522,1.84606674191095,0.4704704390750991
165.31105279922485,1.5469898173261734,0.3735071556499522,1.8709801312059262,0.4750485468672334
165.36238646507263,1.5469898173261734,0.3735071556499522,1.8961253582093036,0.47962024848728646
165.41323447227478,1.5469898173261734,0.3735071556499522,1.9210045368105688,0.484095026660607
165.46411895751953,1.8909030394502917,0.43586400783290846,1.9458729428866521,0.488519506395777
165.51493430137634,1.8909030394502917,0.43586400783290846,1.9706784182916206,0.49288452281878836
165.56700372695923,1.8909030394502917,0.43586400783290846,1.9960652740695735,0.49730182372055687
165.61773657798767,1.8909030394502917,0.43586400783290846,2.0207699130658514,0.5015517333505835
165.66875433921814,1.8909030394502917,0.43586400783290846,2.0455823011953878,0.5057717322464046
165.71977710723877,1.8909030394502917,0.43586400783290846,2.0703654735399413,0.5099381843087367
165.77171063423157,1.8909030394502917,0.43586400783290846,2.095557932404846,0.5141235672205142
165.82217812538147,1.8909030394502917,0.43586400783290846,2.1200066774878366,0.5181371951666893
165.87265348434448,1.8909030394502917,0.43586400783290846,2.144426582351515,0.522098580324994
165.9230773448944,1.8909030394502917,0.43586400783290846,2.1687884183743806,0.5260031160924488
165.97414422035217,1.8909030394502917,0.43586400783290846,2.193426586140053,0.5299036342721606
166.02508449554443,1.8909030394502917,0.43586400783290846,2.2179686848629236,0.5337405215528053
166.07679677009583,1.8909030394502917,0.43586400783290846,2.242846395030606,0.5375804206955372
166.1296911239624,1.8909030394502917,0.43586400783290846,2.268254306319861,0.5414506161977055
166.18016624450684,2.2268048694139617,0.4881018437692962,2.292463280664114,0.5450895924660735
166.2307629585266,2.2268048694139617,0.4881018437692962,2.316693894937276,0.5486842002094536
166.28127241134644,2.2268048694139617,0.4881018437692962,2.340845543976293,0.5522195453136698
166.33173513412476,2.2268048694139617,0.4881018437692962,2.364937210052303,0.5556986755833018
166.3825397491455,2.2268048694139617,0.4881018437692962,2.38915354505612,0.5591479207563297
166.4330234527588,2.2268048694139617,0.4881018437692962,2.413178048507178,0.5625222522396589
166.48342895507812,2.2268048694139617,0.4881018437692962,2.4371261398058017,0.5658385275208908
166.53427720069885,2.2268048694139617,0.4881018437692962,2.4612443485317765,0.5691304536929271
166.5854127407074,2.2268048694139617,0.4881018437692962,2.4854575151414675,0.5723868213403716
166.63615584373474,2.2268048694139617,0.4881018437692962,2.509443353921185,0.5755645230523534
166.68684601783752,2.2268048694139617,0.4881018437692962,2.533362343765966,0.5786855392346903
166.73737168312073,2.2268048694139617,0.4881018437692962,2.5571615593831973,0.5817433584652472
166.7877733707428,2.2268048694139617,0.4881018437692962,2.5808599143533835,0.5847409050360151
166.8384780883789,2.2268048694139617,0.4881018437692962,2.6046574148536505,0.5877033123415281
166.88895511627197,2.5558713381557308,0.5303098557720999,2.628304340217069,0.5905994762386007
166.93990111351013,2.5558713381557308,0.5303098557720999,2.6521261933793943,0.5934690114104759
166.99083709716797,2.5558713381557308,0.5303098557720999,2.6758978522751447,0.5962842404831523
167.04168581962585,2.5558713381557308,0.5303098557720999,2.6995828485871898,0.5990410756896081
167.09219813346863,2.5558713381557308,0.5303098557720999,2.723065164747177,0.6017267064453966
167.14256691932678,2.5558713381557308,0.5303098557720999,2.7464345896129334,0.6043521721556102
167.1934299468994,2.5558713381557308,0.5303098557720999,2.769986005082646,0.6069501996681086
167.24379181861877,2.5558713381557308,0.5303098557720999,2.7932579843540717,0.6094699909749917
167.29425406455994,2.5558713381557308,0.5303098557720999,2.816528526840279,0.6119423074273254
167.34474396705627,2.5558713381557308,0.5303098557720999,2.8397633883888687,0.6143634251967907
167.39504432678223,2.5558713381557308,0.5303098557720999,2.8628623246057923,0.6167232219198655
167.44553017616272,2.5558713381557308,0.5303098557720999,2.885997038316452,0.6190393407175168
167.49612641334534,2.5558713381557308,0.5303098557720999,2.9091321522988993,0.6213079197432374
167.54683351516724,2.5558713381557308,0.5303098557720999,2.9322670247913125,0.6235286818552783
167.59895658493042,2.884919332548054,0.5632347082351685,2.9559942219990774,0.6257564294111764
167.64947986602783,2.884919332548054,0.5632347082351685,2.978940670375065,0.6278626097613031
167.69989204406738,2.884919332548054,0.5632347082351685,3.0017846193647646,0.6299120208056386
167.75038647651672,2.884919332548054,0.5632347082351685,3.0246132118332087,0.6319126219813209
167.8008782863617,2.884919332548054,0.5632347082351685,3.047387430575067,0.6338609830576449
167.85126304626465,2.884919332548054,0.5632347082351685,3.070059830214988,0.6357533018891686
167.90194392204285,2.884919332548054,0.5632347082351685,3.0928110072574846,0.6376044877999321
167.95248317718506,2.884919332548054,0.5632347082351685,3.1154436893714395,0.6393983749172163
168.0028314590454,2.884919332548054,0.5632347082351685,3.137935802645149,0.641133788544908
168.05320239067078,2.884919332548054,0.5632347082351685,3.160382543919401,0.6428184160634509
168.10364317893982,2.884919332548054,0.5632347082351685,3.1828042863046724,0.644453761194606
168.15411567687988,2.884919332548054,0.5632347082351685,3.2051833924742246,0.6460385002738018
168.2046136856079,2.884919332548054,0.5632347082351685,3.227516506821894,0.6475724219175882
168.2551085948944,2.884919332548054,0.5632347082351685,3.249790428481298,0.6490546956847405
168.30645442008972,3.189890693630289,0.5848600645294968,3.272379885312044,0.6505091626533837
168.35703802108765,3.189890693630289,0.5848600645294968,3.2945745100228083,0.6518900692008653
168.4078323841095,3.189890693630289,0.5848600645294968,3.3168016775919367,0.653224906282794
168.45851755142212,3.189890693630289,0.5848600645294968,3.338920686543537,0.6545051917021176
168.50909757614136,3.189890693630289,0.5848600645294968,3.3609331806375207,0.6557314383349002
168.55967211723328,3.189890693630289,0.5848600645294968,3.382882225463501,0.6569063154447528
168.61046957969666,3.189890693630289,0.5848600645294968,3.404866045700384,0.6580348852574369
168.66153693199158,3.189890693630289,0.5848600645294968,3.426903551180634,0.6591175303742771
168.71192407608032,3.189890693630289,0.5848600645294968,3.4485849944349445,0.6601348223297889
168.7623372077942,3.189890693630289,0.5848600645294968,3.4702149683177517,0.6611021002548365
168.81278705596924,3.189890693630289,0.5848600645294968,3.4917974654212287,0.6620195687325046
168.8634958267212,3.189890693630289,0.5848600645294968,3.5134264915164004,0.6628909197489299
168.9142301082611,3.189890693630289,0.5848600645294968,3.5350014487118324,0.6637118126142205
168.9648244380951,3.189890693630289,0.5848600645294968,3.5564516971144347,0.664479841920913
169.01552772521973,3.4847836557196312,0.5975485985260788,3.577882330098526,0.6651989344185947
169.06591534614563,3.4847836557196312,0.5975485985260788,3.5991137861043874,0.6658634792930043
169.11633777618408,3.4847836557196312,0.5975485985260788,3.620293805862717,0.6664786211126186
169.16707181930542,3.4847836557196312,0.5975485985260788,3.6415374894875,0.6670473286535372
169.21752285957336,3.4847836557196312,0.5975485985260788,3.6625953134898968,0.6675630021446235
169.2681245803833,3.4847836557196312,0.5975485985260788,3.6836480733543313,0.6680303807484775
169.31859874725342,3.4847836557196312,0.5975485985260788,3.704579481737345,0.6684469719618378
169.36909747123718,3.4847836557196312,0.5975485985260788,3.725452347150323,0.6688142963447181
169.41941142082214,3.4847836557196312,0.5975485985260788,3.7461799970534555,0.6691311806420108
169.4700140953064,3.4847836557196312,0.5975485985260788,3.766956806135518,0.6694005715603493
169.52055382728577,3.4847836557196312,0.5975485985260788,3.7876374404456703,0.669620385540403
169.5710427761078,3.4847836557196312,0.5975485985260788,3.8082266382783465,0.6697909620367473
169.62296080589294,3.4847836557196312,0.5975485985260788,3.829324465158577,0.6699154035113843
169.67366576194763,3.4847836557196312,0.5975485985260788,3.8498562871115785,0.6699871877265631
169.72446274757385,3.7629395092725493,0.6013287309411215,3.87035251014526,0.670009935329761
169.77526473999023,3.7629395092725493,0.6013287309411215,3.890777336433856,0.6699835960196903
169.8264946937561,3.7629395092725493,0.6013287309411215,3.9112993907320504,0.6699074546868888
169.8772270679474,3.7629395092725493,0.6013287309411215,3.931547590518023,0.6697831216555028
169.92782402038574,3.7629395092725493,0.6013287309411215,3.9516674022529674,0.6696107570939551
169.97850894927979,3.7629395092725493,0.6013287309411215,3.9717472986281166,0.669389803681613
170.02898335456848,3.7629395092725493,0.6013287309411215,3.9916688329679326,0.6691218740678027
170.07966589927673,3.7629395092725493,0.6013287309411215,4.011596789511472,0.668804888093558
170.1309003829956,3.7629395092725493,0.6013287309411215,4.031664166563764,0.6684357558164633
170.18134093284607,3.7629395092725493,0.6013287309411215,4.051343904575446,0.6680246605304032
170.2320041656494,3.7629395092725493,0.6013287309411215,4.0710334873670835,0.6675642701155131
170.28248643875122,3.7629395092725493,0.6013287309411215,4.090575497475557,0.6670583387801363
170.33312344551086,3.7629395092725493,0.6013287309411215,4.110099491958495,0.666503686114964
170.38396310806274,3.7629395092725493,0.6013287309411215,4.129622667256816,0.6658994369940525
170.4344265460968,4.025070984264302,0.5955827504708034,4.1489226799876056,0.6652528642087634
170.48518347740173,4.025070984264302,0.5955827504708034,4.168255411642873,0.664555654973662
170.5365571975708,4.025070984264302,0.5955827504708034,4.187741392964032,0.6638022595386055
170.5873773097992,4.025070984264302,0.5955827504708034,4.206936090399395,0.6630099128319611
170.64017462730408,4.025070984264302,0.5955827504708034,4.22679145329832,0.6621373281698668
170.69066786766052,4.025070984264302,0.5955827504708034,4.245697768049319,0.6612558818586192
170.74142265319824,4.025070984264302,0.5955827504708034,4.264620221866665,0.6603237819658103
170.79240202903748,4.025070984264302,0.5955827504708034,4.283543416293954,0.6593412082195056
170.84353160858154,4.025070984264302,0.5955827504708034,4.302438376802739,0.6583092505655983
170.89434957504272,4.025070984264302,0.5955827504708034,4.321134395054037,0.65723761841598
170.94515657424927,4.025070984264302,0.5955827504708034,4.339742439132168,0.656120578601153
170.99581789970398,4.025070984264302,0.5955827504708034,4.358213128834007,0.6549614735650877
171.0468671321869,4.025070984264302,0.5955827504708034,4.376739964582848,0.6537479434711493
171.09736800193787,4.025070984264302,0.5955827504708034,4.394983128841325,0.6525026320454645
171.1480450630188,4.277659317748745,0.581406214869957,4.41320487324394,0.6512083417423329
171.19859194755554,4.277659317748745,0.581406214869957,4.431294501887368,0.6498730113341216
171.24922800064087,4.277659317748745,0.581406214869957,4.449330197781058,0.6484910771315682
171.29966187477112,4.277659317748745,0.581406214869957,4.467208060089357,0.6470708156996532
171.35043835639954,4.277659317748745,0.581406214869957,4.4851204293698546,0.6455968825370801
171.40082359313965,4.277659317748745,0.581406214869957,4.502808139000733,0.6440908233245621
171.45137286186218,4.277659317748745,0.581406214869957,4.520466294808379,0.6425365166247405
171.50256085395813,4.277659317748745,0.581406214869957,4.538258215744875,0.6409185170998757
171.55368280410767,4.277659317748745,0.581406214869957,4.555937018300112,0.6392585525195584
171.60494589805603,4.277659317748745,0.581406214869957,4.573573731364991,0.6375499928265236
171.65535163879395,4.277659317748745,0.581406214869957,4.59082631771423,0.635827225328536
171.70695090293884,4.277659317748745,0.581406214869957,4.6083954265144005,0.6340199229133199
171.75756359100342,4.277659317748745,0.581406214869957,4.625537794818818,0.6322043779174678
171.80831623077393,4.277659317748745,0.581406214869957,4.642636845512014,0.6303414477754581
171.85904335975647,4.513589437318251,0.5589730315545043,4.659636127591206,0.6284372592644734
171.90965580940247,4.513589437318251,0.5589730315545043,4.676505742561162,0.6264955317624641
171.9608747959137,4.513589437318251,0.5589730315545043,4.693484343486604,0.6244881867996981
172.01267671585083,4.513589437318251,0.5589730315545043,4.71056043095869,0.622414876310077
172.06334853172302,4.513589437318251,0.5589730315545043,4.72717042744111,0.6203450486056423
172.1137719154358,4.513589437318251,0.5589730315545043,4.743606752985993,0.6182445872253726
172.16420912742615,4.513589437318251,0.5589730315545043,4.759955159329648,0.6161030541262904
172.21495032310486,4.513589437318251,0.5589730315545043,4.77630843913185,0.6139079517457002
172.26538109779358,4.513589437318251,0.5589730315545043,4.792468218235646,0.6116860733851317
172.3160264492035,4.513589437318251,0.5589730315545043,4.808602614420452,0.6094146117154713
172.36733889579773,4.513589437318251,0.5589730315545043,4.824852934520251,0.6070724330690294
172.418221950531,4.513589437318251,0.5589730315545043,4.840870876931103,0.6047095197385048
172.4687819480896,4.513589437318251,0.5589730315545043,4.856691673515953,0.6023220396256057
172.51959991455078,4.513589437318251,0.5589730315545043,4.872496947258707,0.5998828487217782
172.56996130943298,4.728526397431433,0.5290594066500622,4.888064662985403,0.5974266894959017
172.6206078529358,4.728526397431433,0.5290594066500622,4.903624226267645,0.5949178030090922
172.67101454734802,4.728526397431433,0.5290594066500622,4.919013860545993,0.5923823606134608
172.72149348258972,4.728526397431433,0.5290594066500622,4.9343289733019144,0.5898050738979999
172.7719476222992,4.728526397431433,0.5290594066500622,4.949539634202792,0.5871910623729795
172.8225028514862,4.728526397431433,0.5290594066500622,4.9646832216232175,0.5845339389484931
172.87288618087769,4.728526397431433,0.5290594066500622,4.979677818716273,0.5818483525990574
172.923330783844,4.728526397431433,0.5290594066500622,4.994592794590529,0.5791222207453608
172.97379064559937,4.728526397431433,0.5290594066500622,5.009413976602019,0.5763581694615312
173.02465915679932,4.728526397431433,0.5290594066500622,5.024255322368589,0.5735344101868729
173.0752718448639,4.728526397431433,0.5290594066500622,5.038922171501583,0.5706878900594627
173.1259570121765,4.728526397431433,0.5290594066500622,5.053509861114543,0.5678005770526993
173.17755150794983,4.728526397431433,0.5290594066500622,5.068255964638581,0.5648239662914536
173.22850608825684,4.728526397431433,0.5290594066500622,5.082716541622065,0.5618473838048186
173.27940154075623,4.927424789055259,0.49187722277013907,5.097058180816052,0.5588378988350027
173.33007144927979,4.927424789055259,0.49187722277013907,5.111234509132105,0.5558058938288075
173.38055539131165,4.927424789055259,0.49187722277013907,5.1252575076228055,0.5527496728064649
173.43264365196228,4.927424789055259,0.49187722277013907,5.139619810343431,0.5495596008221613
173.48595428466797,4.927424789055259,0.49187722277013907,5.154206968069705,0.5462563100473099
173.53679060935974,4.927424789055259,0.49187722277013907,5.168011036702113,0.5430704491350438
173.58722829818726,4.927424789055259,0.49187722277013907,5.181604214427686,0.5398751934569568
173.63777327537537,4.927424789055259,0.49187722277013907,5.1951234224169145,0.5366390321982664
173.68835878372192,4.927424789055259,0.49187722277013907,5.2085500392974176,0.5333663332285306
173.73883843421936,4.927424789055259,0.49187722277013907,5.2218450989855105,0.5300668771227475
173.78927755355835,4.927424789055259,0.49187722277013907,5.2350259487769435,0.5267367845631037
173.83981847763062,4.927424789055259,0.49187722277013907,5.2481292892001665,0.5233668437786752
173.8902781009674,4.927424789055259,0.49187722277013907,5.26110728127403,0.5199694906205103
173.94089221954346,4.927424789055259,0.49187722277013907,5.274020041189068,0.516529027262681
173.99225091934204,5.105871087693602,0.44828906241234706,5.287014991853997,0.5130047245938756
174.042729139328,5.105871087693602,0.44828906241234706,5.299681080504122,0.5095084822010689
174.09376621246338,5.105871087693602,0.44828906241234706,5.312380180473036,0.5059411761056816
174.1445415019989,5.105871087693602,0.44828906241234706,5.3249068667190596,0.502360141048878
174.19795942306519,5.105871087693602,0.44828906241234706,5.337969689974184,0.49855853146714324
174.24860763549805,5.105871087693602,0.44828906241234706,5.350245222810345,0.49492191949581965
174.29927229881287,5.105871087693602,0.44828906241234706,5.362417340234556,0.49125311420824413
174.34982681274414,5.105871087693602,0.44828906241234706,5.374455641188556,0.4875616280354582
174.40053367614746,5.105871087693602,0.44828906241234706,5.386422216898264,0.4838285158846596
174.451318025589,5.105871087693602,0.44828906241234706,5.398298384271883,0.48005934495996816
174.50241208076477,5.105871087693602,0.44828906241234706,5.410136921236452,0.4762368000615347
174.55341243743896,5.105871087693602,0.44828906241234706,5.421843380573447,0.4723911382016692
174.60411071777344,5.105871087693602,0.44828906241234706,5.43337093923183,0.4685386897460042
174.65486764907837,5.105871087693602,0.44828906241234706,5.444802135506974,0.4646525245882316
174.7058300971985,5.262890546037348,0.398749782310045,5.456168917880575,0.4607214399906283
174.75650310516357,5.262890546037348,0.398749782310045,5.467360897362261,0.45678395732670185
174.80735683441162,5.262890546037348,0.398749782310045,5.478482007830195,0.4528039075506678
174.85910749435425,5.262890546037348,0.398749782310045,5.48968506129386,0.4487246062176191
174.90968942642212,5.262890546037348,0.398749782310045,5.500523516027574,0.4447093846617287
174.9602358341217,5.262890546037348,0.398749782310045,5.5112439042031465,0.44066955887968606
175.01125288009644,5.262890546037348,0.398749782310045,5.52195189346879,0.436564595762007
175.06194519996643,5.262890546037348,0.398749782310045,5.5324798130824355,0.4324586503203459
175.11286807060242,5.262890546037348,0.398749782310045,5.542943047328926,0.4283071007535222
175.1637315750122,5.262890546037348,0.398749782310045,5.553281212124974,0.4241337264651446
175.2144067287445,5.262890546037348,0.398749782310045,5.56346867214879,0.4199495838067442
175.26499795913696,5.262890546037348,0.398749782310045,5.57352708786863,0.41574653923000693
175.31582760810852,5.262890546037348,0.398749782310045,5.583519795129005,0.4114979748632095
175.36646461486816,5.262890546037348,0.398749782310045,5.593361664699658,0.40724016612517566
175.41708517074585,5.398235758978901,0.34447989511915267,5.603087410292094,0.40295873532090476
175.46769857406616,5.398235758978901,0.34447989511915267,5.612698670185848,0.39865319433261903
175.51825046539307,5.398235758978901,0.34447989511915267,5.622185127838417,0.3943284986502884
175.56902980804443,5.398235758978901,0.34447989511915267,5.631600228790775,0.3899600912283372
175.61971998214722,5.398235758978901,0.34447989511915267,5.640884581661448,0.3855753956953838
175.6703748703003,5.398235758978901,0.34447989511915267,5.650048258525153,0.3811701246629773
175.72075819969177,5.398235758978901,0.34447989511915267,5.659049340069232,0.3767653231540007
175.7712004184723,5.398235758978901,0.34447989511915267,5.667947370356822,0.37233253100015395
175.82163834571838,5.398235758978901,0.34447989511915267,5.676730813427497,0.36787754691433716
175.87214732170105,5.398235758978901,0.34447989511915267,5.685412358859571,0.3633939567216671
175.92314410209656,5.398235758978901,0.34447989511915267,5.694061530545214,0.3588446852464737
175.97380352020264,5.398235758978901,0.34447989511915267,5.702537662277657,0.35430353526107394
176.02472734451294,5.398235758978901,0.34447989511915267,5.710941489110347,0.3497169052168714
176.07547974586487,5.398235758978901,0.34447989511915267,5.719200570899855,0.3451242834672761
176.12657260894775,5.510937858208553,0.2862666844618333,5.727397428586775,0.3404795395391311
176.17726182937622,5.510937858208553,0.2862666844618333,5.7354127109225885,0.33585065321323515
176.22839951515198,5.510937858208553,0.2862666844618333,5.743380811621597,0.33116008279635767
176.27936601638794,5.510937858208553,0.2862666844618333,5.751204029663574,0.32646479648874727
176.33038997650146,5.510937858208553,0.2862666844618333,5.758917670719805,0.32174410013234656
176.38084244728088,5.510937858208553,0.2862666844618333,5.766428255708238,0.3170567822048499
176.43134021759033,5.510937858208553,0.2862666844618333,5.773829249354373,0.3123461383415169
176.48176836967468,5.510937858208553,0.2862666844618333,5.781103721458694,0.3076231956745903
176.5321238040924,5.510937858208553,0.2862666844618333,5.788251548546781,0.30288861694111713
176.58250904083252,5.510937858208553,0.2862666844618333,5.795287265851957,0.2981330798778101
176.63310289382935,5.510937858208553,0.2862666844618333,5.802234851435159,0.29333987461411104
176.68356466293335,5.510937858208553,0.2862666844618333,5.80904709272461,0.2885415344813236
176.7341275215149,5.510937858208553,0.2862666844618333,5.815755416599176,0.28371620163931677
176.7847695350647,5.596105587914543,0.22866968905860907,5.82235612684871,0.27886617606870023
176.83524537086487,5.596105587914543,0.22866968905860907,5.828817397308333,0.2740152967318292
176.88565802574158,5.596105587914543,0.22866968905860907,5.835153064185322,0.26915407785707635
176.9362030029297,5.596105587914543,0.22866968905860907,5.841387307853458,0.2642639332847858
176.98678588867188,5.596105587914543,0.22866968905860907,5.847507740967635,0.2593542168920663
177.037269115448,5.596105587914543,0.22866968905860907,5.853497792522136,0.25443861161373627
177.087881565094,5.596105587914543,0.22866968905860907,5.859384376181614,0.24949511998148843
177.13879537582397,5.596105587914543,0.22866968905860907,5.865185854039327,0.2445070398819138
177.18959665298462,5.596105587914543,0.22866968905860907,5.870854258897297,0.23951514473869817
177.2403392791748,5.596105587914543,0.22866968905860907,5.876396076902095,0.23451452278597407
177.2908329963684,5.596105587914543,0.22866968905860907,5.881791489361532,0.2295243603917091
177.34180212020874,5.596105587914543,0.22866968905860907,5.88711695961795,0.2244732900225384
177.39280533790588,5.596105587914543,0.22866968905860907,5.892324437650478,0.21940514924160848
177.44345617294312,5.596105587914543,0.22866968905860907,5.89737547703927,0.2143587797739206
177.4939479827881,5.6640555901644625,0.16460548545626152,5.90229106231747,0.2093154244732981
177.5456850528717,5.6640555901644625,0.16460548545626152,5.907203897650451,0.20413471959817953
177.5962553024292,5.6640555901644625,0.16460548545626152,5.911884542051242,0.19905848336454668
177.64688348770142,5.6640555901644625,0.16460548545626152,5.916450224272788,0.19396449132604104
177.69739413261414,5.6640555901644625,0.16460548545626152,5.920885225716195,0.1888707281763018
177.74808144569397,5.6640555901644625,0.16460548545626152,5.92521506373091,0.18374781384505628
177.79843497276306,5.6640555901644625,0.16460548545626152,5.929396593928311,0.17864769921160395
177.84895610809326,5.6640555901644625,0.16460548545626152,5.933471949167848,0.1735199622212389
177.89955139160156,5.6640555901644625,0.16460548545626152,5.937432632263931,0.1683743217620982
177.94989728927612,5.6640555901644625,0.16460548545626152,5.941253850626299,0.16324404348335536
178.0002086162567,5.6640555901644625,0.16460548545626152,5.944952833702853,0.15810762871288825
178.05084490776062,5.6640555901644625,0.16460548545626152,5.9485548909186505,0.15292859765859013
178.10132479667664,5.6640555901644625,0.16460548545626152,5.952025092762387,0.14775644700261809
178.15177273750305,5.6640555901644625,0.16460548545626152,5.955372589178921,0.14257878604580804
178.20223426818848,5.709026360133067,0.09896284945874646,5.958600389736418,0.13739125570449212
178.25294399261475,5.709026360133067,0.09896284945874646,5.961722485198039,0.13216998520110035
178.30331563949585,5.709026360133067,0.09896284945874646,5.964703030469716,0.1269756718655683
178.3539161682129,5.709026360133067,0.09896284945874646,5.9675758960635985,0.12175018886707312
178.40465545654297,5.709026360133067,0.09896284945874646,5.970334574464669,0.11650307513446642
178.45574474334717,5.709026360133067,0.09896284945874646,5.972988716398984,0.11121270012971934
178.5061502456665,5.709026360133067,0.09896284945874646,5.97548576104927,0.1059864973695851
178.5566852092743,5.709026360133067,0.09896284945874646,5.977867940053276,0.10074056979559806
178.60758996009827,5.709026360133067,0.09896284945874646,5.980144723516889,0.0954501932782087
178.6592140197754,5.709026360133067,0.09896284945874646,5.982327723877631,0.09007917540709454
178.71001195907593,5.709026360133067,0.09896284945874646,5.984351928691841,0.08478864555905472
178.76088047027588,5.709026360133067,0.09896284945874646,5.9862557786209925,0.07948565753134348
178.81171798706055,5.709026360133067,0.09896284945874646,5.988035283654304,0.07418111337205438
178.86245036125183,5.709026360133067,0.09896284945874646,5.989688300861694,0.06888308791816158
178.91295838356018,5.731110826907354,0.03301755801165678,5.99121210166728,0.06360438933242574
178.96349596977234,5.731110826907354,0.03301755801165678,5.992615015783331,0.05831881890310292
179.01403260231018,5.731110826907354,0.03301755801165678,5.993896059885081,0.053029879803377894
179.0644097328186,5.731110826907354,0.03301755801165678,5.995051764899683,0.04775449450361624
179.11478090286255,5.731110826907354,0.03301755801165678,5.996086223653338,0.042476912134683756
179.1652283668518,5.731110826907354,0.03301755801165678,5.997000847543804,0.03718882149543651
179.21566200256348,5.731110826907354,0.03301755801165678,5.997793755860405,0.03189997799619647
179.26616716384888,5.731110826907354,0.03301755801165678,5.998466063510671,0.026601741133917056
179.31693148612976,5.731110826907354,0.03301755801165678,5.999019054586923,0.021274725904934504
179.3675353527069,5.731110826907354,0.03301755801165678,5.999447787166443,0.015963277857113933
179.41884565353394,5.731110826907354,0.03301755801165678,5.999757604664415,0.010576711566206785
179.4702091217041,5.731110826907354,0.03301755801165678,5.999941774234201,0.005183914743022999
