t,x_real,y_real,x_desejado,y_desejado
7.62939453125e-06,6.347734024928093,0.00019603046986176742,5.999999999998609,-8.010864257810694e-07
1.42921781539917,6.053089135877027,0.0001485956838334998,5.951281740868707,-0.14888040917030432
1.479722023010254,6.053089135877027,0.0001485956838334998,5.947783641066891,-0.15405309811840961
1.5307502746582031,6.053089135877027,0.0001485956838334998,5.944126719143803,-0.1592701375854279
1.581587553024292,6.053089135877027,0.0001485956838334998,5.940361102513321,-0.16445801768096646
1.6324715614318848,6.053089135877027,0.0001485956838334998,5.936469793896688,-0.16964071998080243
1.6829965114593506,6.053089135877027,0.0001485956838334998,5.932485039345317,-0.17477669282607783
1.7336180210113525,6.053089135877027,0.0001485956838334998,5.928371940808282,-0.17991201875426371
1.7844111919403076,6.053089135877027,0.0001485956838334998,5.924123532028499,-0.18505392076003047
1.835456371307373,6.053089135877027,0.0001485956838334998,5.919731671802863,-0.19021008060819844
1.8863091468811035,6.053089135877027,0.0001485956838334998,5.915234486186108,-0.1953352726535661
1.9367001056671143,5.909392964941672,-0.004901950713568236,5.910658248816565,-0.2004022568445296
1.9871644973754883,5.909392964941672,-0.004901950713568236,5.905955842594316,-0.20546468237416282
2.0375962257385254,5.909392964941672,-0.004901950713568236,5.901137118249624,-0.21051158616177268
2.088059186935425,5.909392964941672,-0.004901950713568236,5.896196087723279,-0.21554905779638245
2.138607978820801,5.909392964941672,-0.004901950713568236,5.8911271049122975,-0.2205821979048893
2.1892805099487305,5.909392964941672,-0.004901950713568236,5.885925742892644,-0.2256143934236854
2.2398879528045654,5.909392964941672,-0.004901950713568236,5.880611297482689,-0.23062656228970835
2.2912240028381348,5.909392964941672,-0.004901950713568236,5.875098181781629,-0.23569672974679068
2.344825506210327,5.909392964941672,-0.004901950713568236,5.869210622260198,-0.24097507698186849
2.3954415321350098,5.909392964941672,-0.004901950713568236,5.863528126938688,-0.24594451242393012
2.445864677429199,5.909392964941672,-0.004901950713568236,5.857748762057147,-0.25088029216947505
2.4964566230773926,5.909392964941672,-0.004901950713568236,5.851831292851405,-0.25581752757485554
2.5471842288970947,5.909392964941672,-0.004901950713568236,5.845778660829534,-0.2607525437471496
2.597980499267578,5.909392964941672,-0.004901950713568236,5.839598280714188,-0.26567842377611195
2.6486434936523438,5.7645266653351435,-0.12092902783594937,5.833315095414747,-0.2705753106060773
2.699212074279785,5.7645266653351435,-0.12092902783594937,5.826925233658304,-0.2754467664652829
2.7498021125793457,5.7645266653351435,-0.12092902783594937,5.820414459451701,-0.28030368776623793
2.800261974334717,5.7645266653351435,-0.12092902783594937,5.813802819756022,-0.2851312711565104
2.8508129119873047,5.7645266653351435,-0.12092902783594937,5.8070616154489425,-0.2899504049109599
2.9017443656921387,5.7645266653351435,-0.12092902783594937,5.800150756984215,-0.29478813851730845
2.952181816101074,5.7645266653351435,-0.12092902783594937,5.793189464377851,-0.2995611658370909
3.002631187438965,5.7645266653351435,-0.12092902783594937,5.786109754568083,-0.30431732181465865
3.053135871887207,5.7645266653351435,-0.12092902783594937,5.778905469476977,-0.3090603656783857
3.1038708686828613,5.7645266653351435,-0.12092902783594937,5.771550822642238,-0.3138062786501823
3.1542818546295166,5.7645266653351435,-0.12092902783594937,5.764126665464827,-0.318502964633684
3.2046618461608887,5.7645266653351435,-0.12092902783594937,5.756591245870011,-0.32317763021142487
3.2556326389312744,5.7645266653351435,-0.12092902783594937,5.748849801324235,-0.3278873529465337
3.306040048599243,5.7645266653351435,-0.12092902783594937,5.741077713748516,-0.33252517611159427
3.3567960262298584,5.7645266653351435,-0.12092902783594937,5.733135299956285,-0.3371748371531109
3.4087469577789307,5.7645266653351435,-0.12092902783594937,5.724884943965187,-0.3419126327430563
3.460503578186035,5.601108064653777,-0.20873296320338183,5.7165439722680595,-0.34661093569620716
3.512065887451172,5.601108064653777,-0.20873296320338183,5.7081139531841085,-0.3512696805679715
3.56257963180542,5.601108064653777,-0.20873296320338183,5.699739067160856,-0.3558121740009217
3.6130099296569824,5.601108064653777,-0.20873296320338183,5.691263392729864,-0.36032563573182763
3.663698196411133,5.601108064653777,-0.20873296320338183,5.682629151943842,-0.36484022099565316
3.714360475540161,5.601108064653777,-0.20873296320338183,5.673884124361436,-0.36933019889665064
3.765098810195923,5.601108064653777,-0.20873296320338183,5.665010730373952,-0.3738042904075367
3.8159329891204834,5.601108064653777,-0.20873296320338183,5.65600513205737,-0.3782638352761689
3.8666577339172363,5.601108064653777,-0.20873296320338183,5.646903953350451,-0.38269054542728487
3.9172513484954834,5.601108064653777,-0.20873296320338183,5.637712116603344,-0.3870824062809459
3.967832088470459,5.601108064653777,-0.20873296320338183,5.628408839083768,-0.3914494985986927
4.0183868408203125,5.601108064653777,-0.20873296320338183,5.618996880631546,-0.3957904343791778
4.068878889083862,5.601108064653777,-0.20873296320338183,5.609483594202239,-0.4001018423563033
4.119345664978027,5.601108064653777,-0.20873296320338183,5.5998624434950965,-0.40438670179393776
4.169830560684204,5.601108064653777,-0.20873296320338183,5.590125403633995,-0.40864842294212933
4.220638751983643,5.41204502919204,-0.281499568743231,5.580212701110702,-0.412912234991639
4.271215915679932,5.41204502919204,-0.281499568743231,5.570232406992828,-0.4171312707649566
4.322008848190308,5.41204502919204,-0.281499568743231,5.56009664173865,-0.42134253182339243
4.372718095779419,5.41204502919204,-0.281499568743231,5.549864958430023,-0.42552081027079924
4.423430442810059,5.41204502919204,-0.281499568743231,5.539520354805001,-0.42967304027358566
4.47469687461853,5.41204502919204,-0.281499568743231,5.528948827523882,-0.43384361718918596
4.525138854980469,5.41204502919204,-0.281499568743231,5.51843578392366,-0.43792033219941773
4.576418161392212,5.41204502919204,-0.281499568743231,5.5076350885717895,-0.44203719851666645
4.626833438873291,5.41204502919204,-0.281499568743231,5.496905426697504,-0.4460573735049864
4.6772425174713135,5.41204502919204,-0.281499568743231,5.48606734445152,-0.4500496965325451
4.728299379348755,5.41204502919204,-0.281499568743231,5.474978386864956,-0.45406516316853973
4.779135465621948,5.41204502919204,-0.281499568743231,5.463826054030587,-0.4580348363534008
4.829526424407959,5.41204502919204,-0.281499568743231,5.452662002027969,-0.46194148469368523
4.879981994628906,5.41204502919204,-0.281499568743231,5.4413747959887555,-0.46582468029938817
4.930651903152466,5.41204502919204,-0.281499568743231,5.4299303007282145,-0.4696954434253853
4.981848478317261,5.2065462226659465,-0.35436513855949864,5.418255836424532,-0.4735767242853761
5.032306671142578,5.2065462226659465,-0.35436513855949864,5.406640831804907,-0.4773725352179694
5.082730531692505,5.2065462226659465,-0.35436513855949864,5.394925986646432,-0.48113625266599325
5.133551120758057,5.2065462226659465,-0.35436513855949864,5.383010264482259,-0.48489946874805967
5.184224367141724,5.2065462226659465,-0.35436513855949864,5.371020709310599,-0.4886214105679285
5.23494291305542,5.2065462226659465,-0.35436513855949864,5.358912349307572,-0.4923160567456246
5.2859015464782715,5.2065462226659465,-0.35436513855949864,5.346638053575634,-0.49599707414993555
5.336325168609619,5.2065462226659465,-0.35436513855949864,5.334385742996122,-0.4996084838973942
5.386791467666626,5.2065462226659465,-0.35436513855949864,5.3220168946008855,-0.5031918574302399
5.43857741355896,5.2065462226659465,-0.35436513855949864,5.309214497764143,-0.5068363294612293
5.488991975784302,5.2065462226659465,-0.35436513855949864,5.296644281764158,-0.5103523070889964
5.539417028427124,5.2065462226659465,-0.35436513855949864,5.283966295099691,-0.5138371995063415
5.590054988861084,5.2065462226659465,-0.35436513855949864,5.27112924127557,-0.5173045317051597
5.640569448471069,5.2065462226659465,-0.35436513855949864,5.258218420326399,-0.5207309322737947
5.691488027572632,5.2065462226659465,-0.35436513855949864,5.2450984063746695,-0.5241516651034557
5.742154359817505,4.98467651391162,-0.41480287902926116,5.231938155219677,-0.5275222358328202
5.793123483657837,4.98467651391162,-0.41480287902926116,5.218593652749586,-0.5308792659254524
5.84355616569519,4.98467651391162,-0.41480287902926116,5.205285656153866,-0.5341674637221512
5.893972158432007,4.98467651391162,-0.41480287902926116,5.191879030530922,-0.5374210226283394
5.94442081451416,4.98467651391162,-0.41480287902926116,5.178360913315925,-0.5406428690306486
5.995246171951294,4.98467651391162,-0.41480287902926116,5.1646381792824485,-0.5438543169645791
6.045642614364624,4.98467651391162,-0.41480287902926116,5.15092881911721,-0.5470042743948016
6.096085071563721,4.98467651391162,-0.41480287902926116,5.137105121559857,-0.5501225781019983
6.146505832672119,4.98467651391162,-0.41480287902926116,5.12318588844173,-0.5532047796755901
6.197169303894043,4.98467651391162,-0.41480287902926116,5.1090977836286395,-0.5562665747767501
6.248702526092529,4.98467651391162,-0.41480287902926116,5.094663405858544,-0.559344443869527
6.299093008041382,4.98467651391162,-0.41480287902926116,5.080447609227477,-0.5623182393429522
6.349526405334473,4.98467651391162,-0.41480287902926116,5.066119547651841,-0.565258867091381
6.399933338165283,4.98467651391162,-0.41480287902926116,5.0516992135367484,-0.5681620330435069
6.450392007827759,4.98467651391162,-0.41480287902926116,5.037164493659894,-0.5710319837439004
6.500859022140503,4.741159125513031,-0.4676042115342974,5.022528045463012,-0.5738659571392359
6.552708387374878,4.741159125513031,-0.4676042115342974,5.007387592195415,-0.5767393501522258
6.6057047843933105,4.741159125513031,-0.4676042115342974,4.99180459613728,-0.5796360387316399
6.656172037124634,4.741159125513031,-0.4676042115342974,4.976864513367701,-0.5823564082149764
6.706703186035156,4.741159125513031,-0.4676042115342974,4.96180739006482,-0.5850427731307868
6.758786916732788,4.741159125513031,-0.4676042115342974,4.946185243241582,-0.5877722235796714
6.8098578453063965,4.741159125513031,-0.4676042115342974,4.930766319841078,-0.5904094755001177
6.860305070877075,4.741159125513031,-0.4676042115342974,4.915438303615309,-0.592976263675097
6.910737752914429,4.741159125513031,-0.4676042115342974,4.900018305660456,-0.5955040876026045
6.961311340332031,4.741159125513031,-0.4676042115342974,4.884458791994344,-0.5980003768087139
7.011857748031616,4.741159125513031,-0.4676042115342974,4.868811510875099,-0.6004564873367384
7.063077926635742,4.741159125513031,-0.4676042115342974,4.8528579933056815,-0.6029055095970419
7.113476276397705,4.741159125513031,-0.4676042115342974,4.837064861930636,-0.6052758900243789
7.164199590682983,4.741159125513031,-0.4676042115342974,4.8210745336085425,-0.6076219323324414
7.215083122253418,4.4942066886870355,-0.5087173833818927,4.804937947593549,-0.609935232309774
7.265576124191284,4.4942066886870355,-0.5087173833818927,4.788830783030972,-0.6121908123498769
7.316624402999878,4.4942066886870355,-0.5087173833818927,4.772451247251085,-0.6144305137125832
7.367072582244873,4.4942066886870355,-0.5087173833818927,4.756170561030974,-0.6166034903616073
7.417597770690918,4.4942066886870355,-0.5087173833818927,4.739772040549848,-0.618739328897191
7.468289613723755,4.4942066886870355,-0.5087173833818927,4.723226298419153,-0.6208413204059822
7.518716096878052,4.4942066886870355,-0.5087173833818927,4.706674996449872,-0.6228914675528301
7.569286346435547,4.4942066886870355,-0.5087173833818927,4.689984566090346,-0.6249063499392409
7.619920015335083,4.4942066886870355,-0.5087173833818927,4.673181347208916,-0.6268823126503338
7.670324802398682,4.4942066886870355,-0.5087173833818927,4.6563631790624385,-0.6288079535776738
7.720691442489624,4.4942066886870355,-0.5087173833818927,4.639467529438626,-0.6306906923882472
7.771183013916016,4.4942066886870355,-0.5087173833818927,4.622439849980401,-0.6325363232092469
7.82152247428894,4.4942066886870355,-0.5087173833818927,4.60537403331764,-0.6343345604861113
7.872016191482544,4.4942066886870355,-0.5087173833818927,4.588166604737367,-0.6360961539356755
7.922502517700195,4.237649223070897,-0.5401058486350255,4.570872658024391,-0.637815089586943
7.972985744476318,4.237649223070897,-0.5401058486350255,4.553491149921093,-0.6394913376140252
8.02349591255188,4.237649223070897,-0.5401058486350255,4.536012075920452,-0.6411256775040428
8.074036598205566,4.237649223070897,-0.5401058486350255,4.518434451746367,-0.6427179653267752
8.125213384628296,4.237649223070897,-0.5401058486350255,4.500546328049294,-0.6442862353545222
8.177228689193726,4.237649223070897,-0.5401058486350255,4.482273500110059,-0.6458345761422932
8.228100538253784,4.237649223070897,-0.5401058486350255,4.46431345859987,-0.6473041999771043
8.27892780303955,4.237649223070897,-0.5401058486350255,4.4462817776499515,-0.6487282255592084
8.329607963562012,4.237649223070897,-0.5401058486350255,4.4282157406475715,-0.6501038498463969
8.38030219078064,4.237649223070897,-0.5401058486350255,4.410058655626075,-0.651435442678701
8.431283473968506,4.237649223070897,-0.5401058486350255,4.391712404628267,-0.6527295989425663
8.482638120651245,4.237649223070897,-0.5401058486350255,4.373144681324055,-0.6539874517118434
8.534125804901123,4.237649223070897,-0.5401058486350255,4.354441530170337,-0.6552022544469811
8.584694385528564,4.237649223070897,-0.5401058486350255,4.335987568586845,-0.6563500626812591
8.635184049606323,3.9673927300664324,-0.5627732502033503,4.317479113455722,-0.6574511133713437
8.685534000396729,3.9673927300664324,-0.5627732502033503,4.298939416352457,-0.6585042058509081
8.736050128936768,3.9673927300664324,-0.5627732502033503,4.280256205611042,-0.659515537034423
8.786441802978516,3.9673927300664324,-0.5627732502033503,4.2615372968455105,-0.6604790689830917
8.837196588516235,3.9673927300664324,-0.5627732502033503,4.242601428380079,-0.6614036380234767
8.887681007385254,3.9673927300664324,-0.5627732502033503,4.2236851520074925,-0.6622774172555479
8.93812346458435,3.9673927300664324,-0.5627732502033503,4.204704074242475,-0.6631046257584969
8.988564729690552,3.9673927300664324,-0.5627732502033503,4.1856433932714125,-0.6638858337088775
9.039294481277466,3.9673927300664324,-0.5627732502033503,4.1663934028784,-0.6646249767310444
9.089773416519165,3.9673927300664324,-0.5627732502033503,4.147159100607626,-0.6653139904248351
9.14038348197937,3.9673927300664324,-0.5627732502033503,4.127795678813501,-0.6659580998943464
9.190861225128174,3.9673927300664324,-0.5627732502033503,4.1084043822498355,-0.6665538025901891
9.241505861282349,3.9673927300664324,-0.5627732502033503,4.088870633869394,-0.6671044313025516
9.291986227035522,3.9673927300664324,-0.5627732502033503,4.069322606777547,-0.6676062338155933
9.34289288520813,3.6731753733785903,-0.5764481460511397,4.049531462174119,-0.6680645651899377
9.393928527832031,3.6731753733785903,-0.5764481460511397,4.029611969021056,-0.6684758180843682
9.445860624313354,3.6731753733785903,-0.5764481460511397,4.009262690573053,-0.6688445618775201
9.49660348892212,3.6731753733785903,-0.5764481460511397,3.98930203401273,-0.6691562595718088
9.547480344772339,3.6731753733785903,-0.5764481460511397,3.9692123600937093,-0.6694204077568184
9.59863805770874,3.6731753733785903,-0.5764481460511397,3.948935213564678,-0.669637033982853
9.649516582489014,3.6731753733785903,-0.5764481460511397,3.928693045705664,-0.6698036248011403
9.700430870056152,3.6731753733785903,-0.5764481460511397,3.9083615686355353,-0.6699214242365898
9.751231670379639,3.6731753733785903,-0.5764481460511397,3.888001026454252,-0.6699900638175444
9.80176830291748,3.6731753733785903,-0.5764481460511397,3.867673107408535,-0.6700097522344723
9.852272033691406,3.6731753733785903,-0.5764481460511397,3.8472858996486865,-0.6699808783387116
9.902926921844482,3.6731753733785903,-0.5764481460511397,3.826765318514056,-0.6699030383061111
9.95386791229248,3.6731753733785903,-0.5764481460511397,3.8060562363221244,-0.6697752625901947
10.004579067230225,3.6731753733785903,-0.5764481460511397,3.785368756178776,-0.6695986377086347
10.055199146270752,3.3709184281904094,-0.5795514519803453,3.764647430216826,-0.6693730256723445
10.105679512023926,3.3709184281904094,-0.5795514519803453,3.743913128624172,-0.6690988595633773
10.156245231628418,3.3709184281904094,-0.5795514519803453,3.723073997824083,-0.668774877729237
10.206714391708374,3.3709184281904094,-0.5795514519803453,3.702205508301124,-0.6684021455165099
10.25781512260437,3.3709184281904094,-0.5795514519803453,3.681005970917089,-0.667974380032144
10.308510541915894,3.3709184281904094,-0.5795514519803453,3.659905568866921,-0.6674998117442084
10.360238790512085,3.3709184281904094,-0.5795514519803453,3.638304939265712,-0.6669639237935048
10.41066861152649,3.3709184281904094,-0.5795514519803453,3.617178597488188,-0.6663911514798908
10.461084365844727,3.3709184281904094,-0.5795514519803453,3.5959916181176395,-0.6657687557618126
10.511497259140015,3.3709184281904094,-0.5795514519803453,3.574739809260695,-0.6650965180488759
10.562666654586792,3.3709184281904094,-0.5795514519803453,3.5531020679979193,-0.6643630820839408
10.614148139953613,3.3709184281904094,-0.5795514519803453,3.5312647234846413,-0.6635731025259464
10.665380477905273,3.3709184281904094,-0.5795514519803453,3.509466230587885,-0.6627349908623077
10.716350555419922,3.3709184281904094,-0.5795514519803453,3.487713676423338,-0.6618496354690828
10.766813039779663,3.067211829342839,-0.5728994746202678,3.466113741830445,-0.660922362670779
10.818154096603394,3.067211829342839,-0.5728994746202678,3.444072895623028,-0.6599270411715703
10.868797302246094,3.067211829342839,-0.5728994746202678,3.422268064035209,-0.6588938638370028
10.919525384902954,3.067211829342839,-0.5728994746202678,3.4003638949429194,-0.6578077007574379
10.970145463943481,3.067211829342839,-0.5728994746202678,3.3784442195005697,-0.6566726266401495
11.020574808120728,3.067211829342839,-0.5728994746202678,3.3565459119284298,-0.6554908617078934
11.070940494537354,3.067211829342839,-0.5728994746202678,3.3346147520431373,-0.6542597280440963
11.121484994888306,3.067211829342839,-0.5728994746202678,3.3125454526916083,-0.6529730403390674
11.172626256942749,3.067211829342839,-0.5728994746202678,3.290154646816111,-0.651618891787749
11.225706338882446,3.067211829342839,-0.5728994746202678,3.266850711842245,-0.6501577135331895
11.276281118392944,3.067211829342839,-0.5728994746202678,3.2445863169694142,-0.6487126431543571
11.326792001724243,3.067211829342839,-0.5728994746202678,3.2222917672107236,-0.6472178383711324
11.377240896224976,3.067211829342839,-0.5728994746202678,3.199966946753862,-0.6456733610115264
11.428238868713379,3.067211829342839,-0.5728994746202678,3.177341125666386,-0.6440596811076036
11.479799032211304,2.744398596520443,-0.5555138040045885,3.1544071147256396,-0.6423745878154135
11.530300855636597,2.744398596520443,-0.5555138040045885,3.1318870949695485,-0.6406717433273399
11.580892562866211,2.744398596520443,-0.5555138040045885,3.109271191839287,-0.6389138649222721
11.631659269332886,2.744398596520443,-0.5555138040045885,3.086521438150479,-0.63709752040252
11.682366609573364,2.744398596520443,-0.5555138040045885,3.06374319102131,-0.6352308520269121
11.733196020126343,2.744398596520443,-0.5555138040045885,3.040855371151774,-0.6333070210217704
11.798753261566162,2.744398596520443,-0.5555138040045885,3.011255733842893,-0.6307477974279867
11.849567890167236,2.744398596520443,-0.5555138040045885,2.9882511191790093,-0.6287036005660798
11.900496482849121,2.744398596520443,-0.5555138040045885,2.9651417028035523,-0.6266017479181984
11.951366186141968,2.744398596520443,-0.5555138040045885,2.9420063663708644,-0.6244492329130482
12.002504110336304,2.744398596520443,-0.5555138040045885,2.9186965559332267,-0.6222318331020213
12.054008483886719,2.744398596520443,-0.5555138040045885,2.895167066792474,-0.6199442376266684
12.104474782943726,2.744398596520443,-0.5555138040045885,2.8720611073252953,-0.61764983734435
12.154980421066284,2.744398596520443,-0.5555138040045885,2.8488874145030154,-0.6153011688560936
12.205482959747314,2.404677830989928,-0.5267600054577184,2.82566593414304,-0.6129001057821655
12.255956649780273,2.404677830989928,-0.5267600054577184,2.8024090802999067,-0.6104478807121527
12.306649923324585,2.404677830989928,-0.5267600054577184,2.779002638982538,-0.6079320857442663
12.357337236404419,2.404677830989928,-0.5267600054577184,2.7555509789857906,-0.6053635414847021
12.407845735549927,2.404677830989928,-0.5267600054577184,2.7321348705045114,-0.6027512609817953
12.458450078964233,2.404677830989928,-0.5267600054577184,2.708627631003334,-0.6000811351532458
12.509336471557617,2.404677830989928,-0.5267600054577184,2.684942779888298,-0.5973427128706339
12.559983491897583,2.404677830989928,-0.5267600054577184,2.6613234924326035,-0.5945639566918577
12.610409498214722,2.404677830989928,-0.5267600054577184,2.637762367026287,-0.5917445553284315
12.660818099975586,2.404677830989928,-0.5267600054577184,2.614165120831333,-0.5888734726385674
12.71123743057251,2.404677830989928,-0.5267600054577184,2.5905191267385312,-0.5859490927293294
12.761661767959595,2.404677830989928,-0.5267600054577184,2.566827582715854,-0.5829717007601181
12.812134027481079,2.404677830989928,-0.5267600054577184,2.543070793963149,-0.579938659514533
12.862844944000244,2.404677830989928,-0.5267600054577184,2.519159161624808,-0.5768380380735612
12.913427591323853,2.0612457963209305,-0.4873737424408272,2.495266106292269,-0.5736920811730428
12.964183807373047,2.0612457963209305,-0.4873737424408272,2.4712495437023425,-0.5704819301455819
13.01528811454773,2.0612457963209305,-0.4873737424408272,2.447026808405521,-0.5671957087223936
13.06604814529419,2.0612457963209305,-0.4873737424408272,2.422926622232338,-0.5638779223168591
13.116483449935913,2.0612457963209305,-0.4873737424408272,2.3989410499242743,-0.5605283427715575
13.16750693321228,2.0612457963209305,-0.4873737424408272,2.3746361841150105,-0.5570859177497787
13.220256090164185,2.0612457963209305,-0.4873737424408272,2.3494680501455876,-0.5534701913690494
13.27277421951294,2.0612457963209305,-0.4873737424408272,2.3243690957052987,-0.5498128570692771
13.32323956489563,2.0612457963209305,-0.4873737424408272,2.300213169755062,-0.546244475984706
13.373799085617065,2.0612457963209305,-0.4873737424408272,2.2759753557848095,-0.5426163639123973
13.42481541633606,2.0612457963209305,-0.4873737424408272,2.2514817642314813,-0.5389016315528381
13.475321769714355,2.0612457963209305,-0.4873737424408272,2.227197172589016,-0.5351707645865815
13.525805234909058,2.0612457963209305,-0.4873737424408272,2.202888494075609,-0.5313886309724514
13.57645058631897,2.0612457963209305,-0.4873737424408272,2.178467163696044,-0.5275411782006967
13.626967668533325,1.7139100440909867,-0.4375827259576838,2.1540736123280295,-0.5236504073579864
13.677601099014282,1.7139100440909867,-0.4375827259576838,2.1295902858583737,-0.5196975104288661
13.72813367843628,1.7139100440909867,-0.4375827259576838,2.105122746804152,-0.5156994348366108
13.778866291046143,1.7139100440909867,-0.4375827259576838,2.0805257691582417,-0.5116322360418901
13.829377889633179,1.7139100440909867,-0.4375827259576838,2.05600406672462,-0.5075297214312093
13.880201816558838,1.7139100440909867,-0.4375827259576838,2.031299193446868,-0.5033484507891681
13.931061506271362,1.7139100440909867,-0.4375827259576838,2.0065458237265745,-0.4991106514887944
13.983719825744629,1.7139100440909867,-0.4375827259576838,1.9808848716432887,-0.4946665293051806
14.034265756607056,1.7139100440909867,-0.4375827259576838,1.9562230798248543,-0.49034668522896574
14.085161924362183,1.7139100440909867,-0.4375827259576838,1.931361057386221,-0.4859434949586974
14.136719703674316,1.7139100440909867,-0.4375827259576838,1.9061464035923634,-0.48142845145288016
14.187329053878784,1.7139100440909867,-0.4375827259576838,1.8813673331649947,-0.476943037841393
14.238103866577148,1.7139100440909867,-0.4375827259576838,1.8564796900327003,-0.4723898050766788
14.288683414459229,1.7139100440909867,-0.4375827259576838,1.8316608731328743,-0.4678011855715658
14.339107275009155,1.3547602320122958,-0.37602495718652085,1.8068922992482213,-0.46317417755839196
14.389687538146973,1.3547602320122958,-0.37602495718652085,1.7820212260468846,-0.4584801829929437
14.440245389938354,1.3547602320122958,-0.37602495718652085,1.7571360368931965,-0.45373563026044605
14.49063515663147,1.3547602320122958,-0.37602495718652085,1.732309133354799,-0.4489545320176638
14.541049480438232,1.3547602320122958,-0.37602495718652085,1.7074462620672226,-0.44411888013680034
14.591746807098389,1.3547602320122958,-0.37602495718652085,1.6824203085379343,-0.4392034553303308
14.642645835876465,1.3547602320122958,-0.37602495718652085,1.6572716370948823,-0.43421543556959596
14.69304347038269,1.3547602320122958,-0.37602495718652085,1.632348406603546,-0.42922424344929366
14.74347186088562,1.3547602320122958,-0.37602495718652085,1.607388323187776,-0.4241779632496505
14.794090747833252,1.3547602320122958,-0.37602495718652085,1.5823127410614721,-0.419060324045625
14.844467639923096,1.3547602320122958,-0.37602495718652085,1.5573364994562802,-0.4139151896715112
14.894949436187744,1.3547602320122958,-0.37602495718652085,1.532288254193257,-0.40870740309331133
14.945251941680908,1.3547602320122958,-0.37602495718652085,1.507309619280501,-0.4034664592668804
14.995625734329224,1.3547602320122958,-0.37602495718652085,1.4822767853297567,-0.39816648137719124
15.046128749847412,0.9992318897501025,-0.3049555688313385,1.4571614095391774,-0.39280113182327003
15.0965416431427,0.9992318897501025,-0.3049555688313385,1.4320731120130779,-0.3873937216761294
15.147001028060913,0.9992318897501025,-0.3049555688313385,1.4069444899174706,-0.3819297348239825
15.197807550430298,0.9992318897501025,-0.3049555688313385,1.381626189205262,-0.3763760840072434
15.248496294021606,0.9992318897501025,-0.3049555688313385,1.3563503461719493,-0.3707833117704049
15.298959493637085,0.9992318897501025,-0.3049555688313385,1.3311714275565425,-0.36516391250774216
15.349565029144287,0.9992318897501025,-0.3049555688313385,1.3059064816591195,-0.3594771266885024
15.401198387145996,0.9992318897501025,-0.3049555688313385,1.2801134903495985,-0.35362173136774855
15.451963424682617,0.9992318897501025,-0.3049555688313385,1.254740166309152,-0.3478125947881012
15.502553939819336,0.9992318897501025,-0.3049555688313385,1.229440740916513,-0.3419720124820458
15.552998781204224,0.9992318897501025,-0.3049555688313385,1.2042014782293786,-0.33609722776353834
15.603447437286377,0.9992318897501025,-0.3049555688313385,1.178948200153081,-0.3301711344939542
15.654006719589233,0.9992318897501025,-0.3049555688313385,1.1536279627826262,-0.3241811028871848
15.704402446746826,0.9992318897501025,-0.3049555688313385,1.128378657257836,-0.3181597885401759
15.754886388778687,0.6422771151508716,-0.22345763657671613,1.1030747290546743,-0.3120773173805995
15.80543851852417,0.6422771151508716,-0.22345763657671613,1.0777267323501376,-0.3059359631335452
15.856064558029175,0.6422771151508716,-0.22345763657671613,1.0523323232415882,-0.2997349154296778
15.906639099121094,0.6422771151508716,-0.22345763657671613,1.0269549681018115,-0.2934896020050397
15.957200765609741,0.6422771151508716,-0.22345763657671613,1.001575869382319,-0.2871954522107516
16.007864236831665,0.6422771151508716,-0.22345763657671613,0.9761380110303182,-0.28083816175942067
16.058347940444946,0.6422771151508716,-0.22345763657671613,0.9507833519964496,-0.2744532850321275
16.1089289188385,0.6422771151508716,-0.22345763657671613,0.9253733352944262,-0.2680060144327099
16.16019868850708,0.6422771151508716,-0.22345763657671613,0.8996112329064856,-0.2614198922687212
16.210707664489746,0.6422771151508716,-0.22345763657671613,0.8742260183148036,-0.25488135284869573
16.26111888885498,0.6422771151508716,-0.22345763657671613,0.8488851562925557,-0.24830595180448656
16.31175947189331,0.6422771151508716,-0.22345763657671613,0.8234247609135061,-0.24165094421680067
16.362489461898804,0.6422771151508716,-0.22345763657671613,0.7979157241959167,-0.23493437086045343
16.413312673568726,0.6422771151508716,-0.22345763657671613,0.7723566805382749,-0.228155578756013
16.464040279388428,0.28892511831339424,-0.13348460429212852,0.7468431633095601,-0.22133988032533614
16.51466655731201,0.28892511831339424,-0.13348460429212852,0.721378634074508,-0.2144884577720041
16.56553626060486,0.28892511831339424,-0.13348460429212852,0.6957902492631244,-0.20755457377822495
16.61602234840393,0.28892511831339424,-0.13348460429212852,0.6703939937810464,-0.2006240304633473
16.666560411453247,0.28892511831339424,-0.13348460429212852,0.6449713228995578,-0.19363764284081242
16.717127084732056,0.28892511831339424,-0.13348460429212852,0.6195345532419114,-0.1865986556119954
16.76971435546875,0.28892511831339424,-0.13348460429212852,0.5930822711992947,-0.17922692660369854
16.82070541381836,0.28892511831339424,-0.13348460429212852,0.5674343957002549,-0.17202898458833538
16.87115216255188,0.28892511831339424,-0.13348460429212852,0.5420623124140102,-0.16485960083071793
16.921547412872314,0.28892511831339424,-0.13348460429212852,0.5167186876590062,-0.15764972987551884
16.971989631652832,0.28892511831339424,-0.13348460429212852,0.49135456076486916,-0.15038543073145982
17.022690534591675,0.28892511831339424,-0.13348460429212852,0.46586406558368154,-0.1430359224450899
17.073310375213623,0.28892511831339424,-0.13348460429212852,0.4404185974490832,-0.13565034722887992
17.12394666671753,0.28892511831339424,-0.13348460429212852,0.4149696948479772,-0.1282147164974745
17.17438316345215,-0.06666226157053193,-0.0329123115313773,0.38962657259401423,-0.12076119120986295
17.224915981292725,-0.06666226157053193,-0.0329123115313773,0.36424098270908023,-0.11324630662374435
17.275652408599854,-0.06666226157053193,-0.0329123115313773,0.3387596444023593,-0.10565384038805314
17.326026916503906,-0.06666226157053193,-0.0329123115313773,0.3134671105192558,-0.09806879578082262
17.376434326171875,-0.06666226157053193,-0.0329123115313773,0.28816563214065705,-0.09043233569241282
17.426843404769897,-0.06666226157053193,-0.0329123115313773,0.2628714483515515,-0.08274930038148076
17.477197647094727,-0.06666226157053193,-0.0329123115313773,0.23761345227302577,-0.07502853328998071
17.527737855911255,-0.06666226157053193,-0.0329123115313773,0.21227144537773857,-0.06723309292905189
17.578510284423828,-0.06666226157053193,-0.0329123115313773,0.1868229120267464,-0.059355435416154734
17.628899812698364,-0.06666226157053193,-0.0329123115313773,0.16157667918584895,-0.05149137147504623
17.679538011550903,-0.06666226157053193,-0.0329123115313773,0.1362168327724549,-0.04354268527718563
17.7301926612854,-0.06666226157053193,-0.0329123115313773,0.11086031439277999,-0.03554563788958243
17.78104305267334,-0.06666226157053193,-0.0329123115313773,0.08541801124613813,-0.027471808967293843
17.83195686340332,-0.06666226157053193,-0.0329123115313773,0.05995678812246852,-0.019342032907293305
17.88269066810608,-0.4210055954382721,0.07741223244967811,0.03459889724121212,-0.01119551364065341
17.933507204055786,-0.4210055954382721,0.07741223244967811,0.009213540879345228,-0.0029903722207897943
17.983990907669067,-0.4210055954382721,0.07741223244967811,-0.015991233522641646,0.005205779224928264
18.034691095352173,-0.4210055954382721,0.07741223244967811,-0.04128917387908415,0.013481787747926965
18.08544087409973,-0.4210055954382721,0.07741223244967811,-0.06659633030400525,0.02181057956509269
18.13645839691162,-0.4210055954382721,0.07741223244967811,-0.0920207786607552,0.03022818927606119
18.18720555305481,-0.4210055954382721,0.07741223244967811,-0.1172937940460198,0.038645639718677405
18.23797106742859,-0.4210055954382721,0.07741223244967811,-0.14255873273141773,0.04711030109323122
18.288933753967285,-0.4210055954382721,0.07741223244967811,-0.16790391608690902,0.055652077773862274
18.339600324630737,-0.4210055954382721,0.07741223244967811,-0.1930835140362548,0.06418796866012055
18.390718460083008,-0.4210055954382721,0.07741223244967811,-0.21846845206505194,0.07284394111314363
18.442128896713257,-0.4210055954382721,0.07741223244967811,-0.24397865244289163,0.08159378785238891
18.4931743144989,-0.4210055954382721,0.07741223244967811,-0.26928742382832405,0.09032533834253709
18.543689250946045,-0.4210055954382721,0.07741223244967811,-0.2943127070645666,0.09900894100526925
18.594698905944824,-0.7789914525811483,0.19895543027831442,-0.3195618554693225,0.1078205802565555
18.645125150680542,-0.7789914525811483,0.19895543027831442,-0.3445007174507504,0.11657370123834498
18.695566415786743,-0.7789914525811483,0.19895543027831442,-0.3694250740412146,0.12537126517030428
18.746012449264526,-0.7789914525811483,0.19895543027831442,-0.3943293067162992,0.13421130485998445
18.796449661254883,-0.7789914525811483,0.19895543027831442,-0.4192061701590539,0.14309122839195965
18.848382711410522,-0.7789914525811483,0.19895543027831442,-0.4447962035640759,0.15227757622493332
18.899402856826782,-0.7789914525811483,0.19895543027831442,-0.46991152152511606,0.1613447757282782
18.94983959197998,-0.7789914525811483,0.19895543027831442,-0.4947148621675854,0.1703493194664376
19.000444173812866,-0.7789914525811483,0.19895543027831442,-0.5195754372772304,0.17942460934175486
19.051138639450073,-0.7789914525811483,0.19895543027831442,-0.5444542111310424,0.18855675894253077
19.101623058319092,-0.7789914525811483,0.19895543027831442,-0.5692035445827364,0.19769137650713953
19.152056217193604,-0.7789914525811483,0.19895543027831442,-0.5939009509793347,0.2068566622364263
19.202632188796997,-0.7789914525811483,0.19895543027831442,-0.618640860883109,0.21608777377146682
19.25319743156433,-0.7789914525811483,0.19895543027831442,-0.6433475249861621,0.2253566206495714
19.30445408821106,-1.1258171581634933,0.3268515218165556,-0.6683629012009159,0.23479248417242227
19.355073928833008,-1.1258171581634933,0.3268515218165556,-0.6930381711896333,0.24415068512919902
19.40550661087036,-1.1258171581634933,0.3268515218165556,-0.7175927066253566,0.25351316199515006
19.456137895584106,-1.1258171581634933,0.3268515218165556,-0.7422137841199784,0.26295131250920223
19.50753402709961,-1.1258171581634933,0.3268515218165556,-0.7671753456167485,0.27257156583232467
19.55826234817505,-1.1258171581634933,0.3268515218165556,-0.791780963312364,0.2821056336911445
19.609731435775757,-1.1258171581634933,0.3268515218165556,-0.8167132443663038,0.2918180891878741
19.66035008430481,-1.1258171581634933,0.3268515218165556,-0.8412009555597031,0.3014082994586986
19.710880517959595,-1.1258171581634933,0.3268515218165556,-0.8656132115241065,0.311019376585723
19.76131510734558,-1.1258171581634933,0.3268515218165556,-0.889945982464198,0.3206494262242532
19.811814069747925,-1.1258171581634933,0.3268515218165556,-0.914276076320624,0.33032876592926597
19.86253809928894,-1.1258171581634933,0.3268515218165556,-0.9386800987247141,0.3400882717979443
19.91324281692505,-1.1258171581634933,0.3268515218165556,-0.9630397394756166,0.34988090386240245
19.96372389793396,-1.1258171581634933,0.3268515218165556,-0.9872565670876425,0.35966669057964706
20.01472282409668,-1.4591128774239148,0.4596648003402128,-1.0116854477682145,0.3695894360753016
20.06579351425171,-1.4591128774239148,0.4596648003402128,-1.0361115411766124,0.3795627277842524
20.119458436965942,-1.4591128774239148,0.4596648003402128,-1.0617377495655123,0.3900817946543915
20.16994619369507,-1.4591128774239148,0.4596648003402128,-1.0858082111467708,0.40001446693923937
20.220470428466797,-1.4591128774239148,0.4596648003402128,-1.1098580971674257,0.4099893599597335
20.271122217178345,-1.4591128774239148,0.4596648003402128,-1.1339300600618176,0.42002436957559564
20.321640014648438,-1.4591128774239148,0.4596648003402128,-1.1578992966115722,0.4300674156242015
20.372715950012207,-1.4591128774239148,0.4596648003402128,-1.1820931874540954,0.44025626852355604
20.423844814300537,-1.4591128774239148,0.4596648003402128,-1.2062711750522972,0.45049050613076025
20.474299907684326,-1.4591128774239148,0.4596648003402128,-1.2300898444753587,0.4606237726309108
20.524890899658203,-1.4591128774239148,0.4596648003402128,-1.2539315621103009,0.4708178746936471
20.57571268081665,-1.4591128774239148,0.4596648003402128,-1.277840087148809,0.4810920311080511
20.626795053482056,-1.4591128774239148,0.4596648003402128,-1.301828312262833,0.4914524820730324
20.677412509918213,-1.4591128774239148,0.4596648003402128,-1.3255552860425093,0.5017516089513538
20.72790813446045,-1.7945142737139317,0.6035797475873472,-1.3491820701832506,0.5120583774008809
20.77897024154663,-1.7945142737139317,0.6035797475873472,-1.373029643912208,0.5225134350720881
20.82952308654785,-1.7945142737139317,0.6035797475873472,-1.3965950229079183,0.5328963019020652
20.880097150802612,-1.7945142737139317,0.6035797475873472,-1.4201256332024714,0.5433151929955877
20.930506467819214,-1.7945142737139317,0.6035797475873472,-1.4435346448913835,0.5537313885629347
20.981220960617065,-1.7945142737139317,0.6035797475873472,-1.4670395940867462,0.5642418431477938
21.03178906440735,-1.7945142737139317,0.6035797475873472,-1.4904304803487332,0.5747528389955963
21.082579135894775,-1.7945142737139317,0.6035797475873472,-1.513877089382445,0.5853407291747161
21.133078575134277,-1.7945142737139317,0.6035797475873472,-1.5371423876994705,0.5958983114205565
21.183687925338745,-1.7945142737139317,0.6035797475873472,-1.5604106681149927,0.606508879068834
21.234122037887573,-1.7945142737139317,0.6035797475873472,-1.5835504346540634,0.6171123081911221
21.28485417366028,-1.7945142737139317,0.6035797475873472,-1.6067781593124228,0.6278079203566569
21.33530282974243,-1.7945142737139317,0.6035797475873472,-1.6298270940896908,0.6384728466768603
21.38599920272827,-1.7945142737139317,0.6035797475873472,-1.6529394963603568,0.6492190626908627
21.43644666671753,-2.1168881780821027,0.7522359003987191,-1.6758884742347275,0.6599410077923773
21.48699450492859,-2.1168881780821027,0.7522359003987191,-1.6988326584241875,0.6707125012405681
21.537720918655396,-2.1168881780821027,0.7522359003987191,-1.7218066436221862,0.6815501474883612
21.589721202850342,-2.1168881780821027,0.7522359003987191,-1.7453037613556075,0.6926888628023096
21.641759395599365,-2.1168881780821027,0.7522359003987191,-1.7687629622584475,0.7038646779534807
21.692290544509888,-2.1168881780821027,0.7522359003987191,-1.7914895870938936,0.7147442744566206
21.742801189422607,-2.1168881780821027,0.7522359003987191,-1.8141541355352353,0.7256461735289736
21.793286323547363,-2.1168881780821027,0.7522359003987191,-1.8367539616050004,0.736568959999151
21.843803882598877,-2.1168881780821027,0.7522359003987191,-1.8593145190969138,0.7475248745073269
21.894256114959717,-2.1168881780821027,0.7522359003987191,-1.8817917379117703,0.7584923915590993
21.9446964263916,-2.1168881780821027,0.7522359003987191,-1.9042090697369927,0.7694827603704844
21.995558977127075,-2.1168881780821027,0.7522359003987191,-1.9267583308368732,0.7805905838662124
22.046646118164062,-2.1168881780821027,0.7522359003987191,-1.9493503534476508,0.7917728716996182
22.097259044647217,-2.1168881780821027,0.7522359003987191,-1.9716760539661695,0.8028761681354877
22.147839784622192,-2.4219147952395907,0.9025191523753227,-1.9939307973343814,0.8139967622763891
22.19854760169983,-2.4219147952395907,0.9025191523753227,-2.0161840336936323,0.8251694266704064
22.249254941940308,-2.4219147952395907,0.9025191523753227,-2.0383791078263975,0.8363658339077245
22.300220489501953,-2.4219147952395907,0.9025191523753227,-2.0606283397881455,0.8476429669247381
22.351088523864746,-2.4219147952395907,0.9025191523753227,-2.082775695322522,0.8589219083961876
22.40154767036438,-2.4219147952395907,0.9025191523753227,-2.104686032422407,0.8701329533218338
22.45189595222473,-2.4219147952395907,0.9025191523753227,-2.126489218930984,0.8813416521215216
22.502387285232544,-2.4219147952395907,0.9025191523753227,-2.1482947079329815,0.8926042387684663
22.5528507232666,-2.4219147952395907,0.9025191523753227,-2.1700280230646776,0.9038823411148491
22.60333228111267,-2.4219147952395907,0.9025191523753227,-2.1917085539270658,0.915185918791662
22.6538827419281,-2.4219147952395907,0.9025191523753227,-2.213357509104303,0.9265260783940299
22.704696655273438,-2.4219147952395907,0.9025191523753227,-2.235057154970637,0.9379463483118324
22.75501012802124,-2.4219147952395907,0.9025191523753227,-2.256481270994154,0.949274577828187
22.805402278900146,-2.4219147952395907,0.9025191523753227,-2.2778767929183865,0.960640579179834
22.855854988098145,-2.720309271919107,1.0602401399763148,-2.29923533470931,0.9720400259375079
22.90625810623169,-2.720309271919107,1.0602401399763148,-2.3205098122033694,0.9834477133325055
22.9566171169281,-2.720309271919107,1.0602401399763148,-2.3417022850583415,0.9948645040863093
23.00710654258728,-2.720309271919107,1.0602401399763148,-2.362885603560382,1.0063296864246034
23.057496070861816,-2.720309271919107,1.0602401399763148,-2.3839626519354233,1.0177906508537053
23.107815265655518,-2.720309271919107,1.0602401399763148,-2.4049456973198127,1.029253701067148
23.158127546310425,-2.720309271919107,1.0602401399763148,-2.4258609120535564,1.0407329153516314
23.208836793899536,-2.720309271919107,1.0602401399763148,-2.446875009270062,1.0523203166620567
23.259403705596924,-2.720309271919107,1.0602401399763148,-2.4677635766154205,1.0638924688151041
23.309855937957764,-2.720309271919107,1.0602401399763148,-2.4885381239368183,1.0754552350281403
23.360371351242065,-2.720309271919107,1.0602401399763148,-2.509271570821791,1.0870490166669162
23.41142964363098,-2.720309271919107,1.0602401399763148,-2.530159165297986,1.0987838647754113
23.461849689483643,-2.720309271919107,1.0602401399763148,-2.5507174907226884,1.1103879329609534
23.512235403060913,-2.720309271919107,1.0602401399763148,-2.57119373560697,1.1219995555028874
23.562618494033813,-3.010926351141171,1.2246483813406306,-2.5916004522499225,1.133625685946623
23.613264560699463,-3.010926351141171,1.2246483813406306,-2.612044273623217,1.1453273884146975
23.665609121322632,-3.010926351141171,1.2246483813406306,-2.633100144422193,1.1574368475177976
23.71638774871826,-3.010926351141171,1.2246483813406306,-2.6534542305828808,1.1691985675748597
23.766838312149048,-3.010926351141171,1.2246483813406306,-2.673606301654177,1.180898117608054
23.817733764648438,-3.010926351141171,1.2246483813406306,-2.69386445370874,1.1927144448324545
23.868532419204712,-3.010926351141171,1.2246483813406306,-2.714011934034195,1.204521574998816
23.9190673828125,-3.010926351141171,1.2246483813406306,-2.7339829150050643,1.2162802268132693
23.969899892807007,-3.010926351141171,1.2246483813406306,-2.7539987182689134,1.2281206515150407
24.02049207687378,-3.010926351141171,1.2246483813406306,-2.7738470305532554,1.2399172322667988
24.070913553237915,-3.010926351141171,1.2246483813406306,-2.7935556579710026,1.251685704975642
24.121330738067627,-3.010926351141171,1.2246483813406306,-2.813189638252636,1.2634645019605313
24.171833276748657,-3.010926351141171,1.2246483813406306,-2.8327833182408706,1.2752742438462465
24.22226119041443,-3.010926351141171,1.2246483813406306,-2.8522742216401484,1.287077173280688
24.27299928665161,-3.2815196972310234,1.3881128790710293,-2.8718101750389633,1.2989630759660462
24.32362985610962,-3.2815196972310234,1.3881128790710293,-2.8912295115992057,1.3108338050775623
24.374387502670288,-3.2815196972310234,1.3881128790710293,-2.910621784630786,1.3227440120704137
24.42511796951294,-3.2815196972310234,1.3881128790710293,-2.929927452099835,1.3346571693492084
24.47685408592224,-3.2815196972310234,1.3881128790710293,-2.949536945969141,1.3468157160060255
24.527249813079834,-3.2815196972310234,1.3881128790710293,-2.968561429622236,1.3586678550411462
24.577728271484375,-3.2815196972310234,1.3881128790710293,-2.98754062955551,1.3705475975605423
24.628350019454956,-3.2815196972310234,1.3881128790710293,-3.0064964290696468,1.3824688905338987
24.679004907608032,-3.2815196972310234,1.3881128790710293,-3.0253868067137404,1.3944054729512398
24.72960376739502,-3.2815196972310234,1.3881128790710293,-3.044178193828014,1.406335964934981
24.78003191947937,-3.2815196972310234,1.3881128790710293,-3.062828161326146,1.41823291803423
24.830432176589966,-3.2815196972310234,1.3881128790710293,-3.0813896264253424,1.4301296246486817
24.8810875415802,-3.2815196972310234,1.3881128790710293,-3.0999659233964847,1.442092565232334
24.932043313980103,-3.2815196972310234,1.3881128790710293,-3.118571995235379,1.454132167188906
24.982499599456787,-3.5418351592806876,1.5564390282468092,-3.1369158795431775,1.4660590351633564
25.03366756439209,-3.5418351592806876,1.5564390282468092,-3.1554370403812664,1.4781591239296472
25.08522653579712,-3.5418351592806876,1.5564390282468092,-3.1740163897424885,1.490356380008276
25.136375427246094,-3.5418351592806876,1.5564390282468092,-3.1923649362970155,1.5024609055586984
25.18764042854309,-3.5418351592806876,1.5564390282468092,-3.21067179193435,1.5145968042110156
25.238409280776978,-3.5418351592806876,1.5564390282468092,-3.228718887981292,1.5266187161156224
25.288843631744385,-3.5418351592806876,1.5564390282468092,-3.246565360739722,1.5385644634563438
25.33923649787903,-3.5418351592806876,1.5564390282468092,-3.264315469295524,1.5505030476781179
25.38983178138733,-3.5418351592806876,1.5564390282468092,-3.282054394423683,1.5624918945222483
25.440423488616943,-3.5418351592806876,1.5564390282468092,-3.2997090902811648,1.5744818345278528
25.491760730743408,-3.5418351592806876,1.5564390282468092,-3.317538791231523,1.5866500626393418
25.543335676193237,-3.5418351592806876,1.5564390282468092,-3.3353643191383515,1.5988758644894598
25.59399652481079,-3.5418351592806876,1.5564390282468092,-3.35278894323779,1.610885799699278
25.644480228424072,-3.5418351592806876,1.5564390282468092,-3.3700685399461485,1.622854171691381
25.69508123397827,-3.781062589548698,1.7220841698041327,-3.387303716449688,1.6348504105584456
25.745452642440796,-3.781062589548698,1.7220841698041327,-3.404376275704514,1.6467919023928403
25.796027421951294,-3.781062589548698,1.7220841698041327,-3.4214327107511515,1.6587809159148386
25.84864091873169,-3.781062589548698,1.7220841698041327,-3.439085916815203,1.671252078393554
25.899853706359863,-3.781062589548698,1.7220841698041327,-3.4561798938367883,1.683389710928689
25.951037168502808,-3.781062589548698,1.7220841698041327,-3.47317577866147,1.6955185047509271
26.001819372177124,-3.781062589548698,1.7220841698041327,-3.4899508602317657,1.7075499613270209
26.052188396453857,-3.781062589548698,1.7220841698041327,-3.506502988871575,1.7194809316317845
26.10297966003418,-3.781062589548698,1.7220841698041327,-3.523106364894069,1.7315089202014398
26.15347933769226,-3.781062589548698,1.7220841698041327,-3.5395270003748793,1.743464493525872
26.203818321228027,-3.781062589548698,1.7220841698041327,-3.5558083282365542,1.75537830780041
26.254425287246704,-3.781062589548698,1.7220841698041327,-3.572088418724522,1.7673514273970719
26.305113792419434,-3.781062589548698,1.7220841698041327,-3.5883060824409365,1.7793393166714317
26.356504678726196,-3.781062589548698,1.7220841698041327,-3.604657584163805,1.7914883063659761
26.40694761276245,-4.003700109571467,1.8874340468596311,-3.6206181750499793,1.8034079020295657
26.457364797592163,-4.003700109571467,1.8874340468596311,-3.6364819348290722,1.8153157904032626
26.507815837860107,-4.003700109571467,1.8874340468596311,-3.6522673101747793,1.8272256682690766
26.55825114250183,-4.003700109571467,1.8874340468596311,-3.6679584526772016,1.8391254454943469
26.60903787612915,-4.003700109571467,1.8874340468596311,-3.6836684134057966,1.8511013022399712
26.65941882133484,-4.003700109571467,1.8874340468596311,-3.699162825432276,1.862974310271712
26.71015477180481,-4.003700109571467,1.8874340468596311,-3.714675522885273,1.874923386796026
26.760789155960083,-4.003700109571467,1.8874340468596311,-3.730065948030281,1.88684055946806
26.811251401901245,-4.003700109571467,1.8874340468596311,-3.745313114913029,1.8987088991497847
26.861624479293823,-4.003700109571467,1.8874340468596311,-3.7604425285415335,1.910547602320782
26.911978483200073,-4.003700109571467,1.8874340468596311,-3.7754752678114136,1.922372789717333
26.962335348129272,-4.003700109571467,1.8874340468596311,-3.7904176610357725,1.9341892358780466
27.012752056121826,-4.003700109571467,1.8874340468596311,-3.8052861839471843,1.9460099122491168
27.063018083572388,-4.003700109571467,1.8874340468596311,-3.8200187393196288,1.9577851054627924
27.113640546798706,-4.208530052641042,2.0509340756226493,-3.834763136682807,1.9696331638169697
27.164952754974365,-4.208530052641042,2.0509340756226493,-3.8496133041358362,1.9816313690550729
27.216728448867798,-4.208530052641042,2.0509340756226493,-3.8645002667318584,1.993726023735801
27.267271757125854,-4.208530052641042,2.0509340756226493,-3.8789383094938352,2.005520844454284
27.317862510681152,-4.208530052641042,2.0509340756226493,-3.893296086059628,2.0173145213866253
27.368561029434204,-4.208530052641042,2.0509340756226493,-3.907590034234284,2.0291206703192417
27.419461965560913,-4.208530052641042,2.0509340756226493,-3.9218457235001742,2.0409608230282252
27.4704167842865,-4.208530052641042,2.0509340756226493,-3.936020585553198,2.0527999331886084
27.522373914718628,-4.208530052641042,2.0509340756226493,-3.950375201898618,2.064857527199897
27.57299041748047,-4.208530052641042,2.0509340756226493,-3.9642629877690467,2.0765896242406794
27.62337827682495,-4.208530052641042,2.0509340756226493,-3.977993264023878,2.0882542393736863
27.674267530441284,-4.208530052641042,2.0509340756226493,-3.9917639534406826,2.1000198635869247
27.724957942962646,-4.208530052641042,2.0509340756226493,-4.005384480866311,2.111724075452448
27.775604486465454,-4.208530052641042,2.0509340756226493,-4.018896949238496,2.123402376431989
27.825990915298462,-4.395568848657065,2.212281667131416,-4.032244305088831,2.13500465808473
27.8763587474823,-4.395568848657065,2.212281667131416,-4.045491099138383,2.1465862813088807
27.926778316497803,-4.395568848657065,2.212281667131416,-4.058655516517007,2.1581630169978845
27.97716498374939,-4.395568848657065,2.212281667131416,-4.071715188860985,2.1697150366779168
28.027694702148438,-4.395568848657065,2.212281667131416,-4.084715191413357,2.181282236931084
28.078127145767212,-4.395568848657065,2.212281667131416,-4.097593351549416,2.1928091918404276
28.128589630126953,-4.395568848657065,2.212281667131416,-4.110382164397647,2.204324649807323
28.17920207977295,-4.395568848657065,2.212281667131416,-4.123111295344047,2.215855489908026
28.229551076889038,-4.395568848657065,2.212281667131416,-4.135676893414278,2.227307201547254
28.28011703491211,-4.395568848657065,2.212281667131416,-4.148198788045651,2.2387886914001998
28.33056902885437,-4.395568848657065,2.212281667131416,-4.160594532553776,2.2502243726226614
28.38108468055725,-4.395568848657065,2.212281667131416,-4.172907716994603,2.2616541475750025
28.431788444519043,-4.395568848657065,2.212281667131416,-4.185167746053862,2.2731056325676358
28.482378244400024,-4.395568848657065,2.212281667131416,-4.197301168158825,2.284510167198771
28.53306221961975,-4.395568848657065,2.212281667131416,-4.209357770278377,2.2959142935876033
28.583479166030884,-4.562206744990806,2.368264477710385,-4.221251950747179,2.307236461701324
28.63408398628235,-4.562206744990806,2.368264477710385,-4.2330910765651755,2.3185784917978793
28.687002182006836,-4.562206744990806,2.368264477710385,-4.245364730977756,2.330414666613839
28.73758864402771,-4.562206744990806,2.368264477710385,-4.256995412255743,2.3417056258961697
28.78848910331726,-4.562206744990806,2.368264477710385,-4.268597315057319,2.353042909081393
28.83973217010498,-4.562206744990806,2.368264477710385,-4.280174820473253,2.3644320268044203
28.890443086624146,-4.562206744990806,2.368264477710385,-4.291530683806426,2.3756782978658957
28.94117498397827,-4.562206744990806,2.368264477710385,-4.302790128795083,2.3869043688641076
28.992125272750854,-4.562206744990806,2.368264477710385,-4.313996082224489,2.3981533519635043
29.042870044708252,-4.562206744990806,2.368264477710385,-4.325055104975439,2.409331252091802
29.093367338180542,-4.562206744990806,2.368264477710385,-4.335959249075955,2.420428780469625
29.144891023635864,-4.562206744990806,2.368264477710385,-4.34698107389447,2.431724885861275
29.195659399032593,-4.562206744990806,2.368264477710385,-4.35773846280659,2.4428283371291735
29.26225733757019,-4.562206744990806,2.368264477710385,-4.371694922074235,2.457352454888345
29.312654972076416,-4.713870038695139,2.5243042842205927,-4.382139220480398,2.4683117903115175
29.36308479309082,-4.713870038695139,2.5243042842205927,-4.3924889778137945,2.479250352533738
29.413654565811157,-4.713870038695139,2.5243042842205927,-4.402765647284225,2.4901909890312663
29.464511394500732,-4.713870038695139,2.5243042842205927,-4.412997686469671,2.5011647764711804
29.515488862991333,-4.713870038695139,2.5243042842205927,-4.423150230483277,2.512135063637108
29.56639289855957,-4.713870038695139,2.5243042842205927,-4.433184343835775,2.5230596516342794
29.617059230804443,-4.713870038695139,2.5243042842205927,-4.4430684594308385,2.5339031699347196
29.667855262756348,-4.713870038695139,2.5243042842205927,-4.452874447186013,2.5447439559742637
29.71876072883606,-4.713870038695139,2.5243042842205927,-4.462597531939986,2.555577078120652
29.76970100402832,-4.713870038695139,2.5243042842205927,-4.4722228881085435,2.566386131403011
29.820637702941895,-4.713870038695139,2.5243042842205927,-4.48174303957869,2.577162549557963
29.871609687805176,-4.713870038695139,2.5243042842205927,-4.491165027600795,2.5879141322276475
29.92249870300293,-4.713870038695139,2.5243042842205927,-4.500467018448118,2.5986155897974483
29.972965240478516,-4.713870038695139,2.5243042842205927,-4.5095883911562185,2.609195627290178
30.024032831192017,-4.843818456674257,2.6725456180212954,-4.51871347363407,2.6198682596489036
30.077015161514282,-4.843818456674257,2.6725456180212954,-4.52806901539724,2.6309051103558314
30.12741208076477,-4.843818456674257,2.6725456180212954,-4.536862372364409,2.6413690241512264
30.17774248123169,-4.843818456674257,2.6725456180212954,-4.545541206231482,2.6517853047393936
30.22826099395752,-4.843818456674257,2.6725456180212954,-4.55414894906826,2.662206149424756
30.27882695198059,-4.843818456674257,2.6725456180212954,-4.562660807855732,2.672601922008339
30.330676794052124,-4.843818456674257,2.6725456180212954,-4.571280670668571,2.6832250340217763
30.381103992462158,-4.843818456674257,2.6725456180212954,-4.579558921336143,2.6935207270419004
30.43196201324463,-4.843818456674257,2.6725456180212954,-4.587802830279623,2.7038680957959906
30.483006715774536,-4.843818456674257,2.6725456180212954,-4.5959708126805285,2.714216419707003
30.533739805221558,-4.843818456674257,2.6725456180212954,-4.603983433846215,2.724464431379586
30.584418296813965,-4.843818456674257,2.6725456180212954,-4.611882341141801,2.7346640683622616
30.635007858276367,-4.843818456674257,2.6725456180212954,-4.619662547206004,2.7448082015813995
30.68731427192688,-4.951303891960883,2.8113459355435193,-4.627596563880853,2.7552566878620772
30.737629413604736,-4.951303891960883,2.8113459355435193,-4.635122712982961,2.765268738621536
30.787994384765625,-4.951303891960883,2.8113459355435193,-4.642552316160168,2.7752523558262805
30.838392734527588,-4.951303891960883,2.8113459355435193,-4.6498826182090065,2.785203813478084
30.88867688179016,-4.951303891960883,2.8113459355435193,-4.657092336614106,2.7950936958819304
30.9396493434906,-4.951303891960883,2.8113459355435193,-4.664294681053533,2.805078794682869
30.990047931671143,-4.951303891960883,2.8113459355435193,-4.671310885864987,2.81491135053696
31.04043984413147,-4.951303891960883,2.8113459355435193,-4.678221664259519,2.8247023441840167
31.090941190719604,-4.951303891960883,2.8113459355435193,-4.6850425618678475,2.834473843616578
31.141273021697998,-4.951303891960883,2.8113459355435193,-4.691736034712647,2.844171581276224
31.191643238067627,-4.951303891960883,2.8113459355435193,-4.698330086866688,2.8538354093680764
31.242372035980225,-4.951303891960883,2.8113459355435193,-4.704865346594441,2.86352590064865
31.292903423309326,-4.951303891960883,2.8113459355435193,-4.711269635280017,2.873136277491495
31.34362530708313,-4.951303891960883,2.8113459355435193,-4.717592092089338,2.882739953485468
31.394426822662354,-5.033956503068154,2.934771541623271,-4.723818007307742,2.8923152234582528
31.445483446121216,-5.033956503068154,2.934771541623271,-4.729967791105764,2.901894356869394
31.495894193649292,-5.033956503068154,2.934771541623271,-4.735934111177066,2.9113084523371127
31.547142267227173,-5.033956503068154,2.934771541623271,-4.741891871181998,2.9208338700484626
31.59785532951355,-5.033956503068154,2.934771541623271,-4.747680548001331,2.9302147676512216
31.64900851249695,-5.033956503068154,2.934771541623271,-4.753411718990334,2.93963127840279
31.699551105499268,-5.033956503068154,2.934771541623271,-4.758968173523097,2.9488898454056907
31.74998188018799,-5.033956503068154,2.934771541623271,-4.764406993601383,2.95808244836962
31.80035638809204,-5.033956503068154,2.934771541623271,-4.769734675429694,2.9672190834093457
31.851368188858032,-5.033956503068154,2.934771541623271,-4.775022726796463,2.9764243862775484
31.901796340942383,-5.033956503068154,2.934771541623271,-4.780144396237896,2.985477599654769
31.952331066131592,-5.033956503068154,2.934771541623271,-4.785171272447816,2.9945029420473066
32.00319170951843,-5.033956503068154,2.934771541623271,-4.790123804313234,3.0035386224830605
32.054760456085205,-5.103064559426728,3.0585335025401057,-4.795035923874675,3.012650699098561
32.1061806678772,-5.103064559426728,3.0585335025401057,-4.799824244852884,3.0216866276493346
32.15655827522278,-5.103064559426728,3.0585335025401057,-4.804409289791497,3.030490657917329
32.20696187019348,-5.103064559426728,3.0585335025401057,-4.808891518633391,3.03925065449451
32.257304430007935,-5.103064559426728,3.0585335025401057,-4.813263304714903,3.047951195387352
32.310699701309204,-5.103064559426728,3.0585335025401057,-4.817785505440115,3.0571255909442994
32.36217474937439,-5.103064559426728,3.0585335025401057,-4.8220333173808445,3.0659173056916083
32.41260552406311,-5.103064559426728,3.0585335025401057,-4.82608856754838,3.0744800868883844
32.46312594413757,-5.103064559426728,3.0585335025401057,-4.830045462052178,3.083007548320805
32.51437067985535,-5.103064559426728,3.0585335025401057,-4.833951161741583,3.0916052340892035
32.56513500213623,-5.103064559426728,3.0585335025401057,-4.837713094860566,3.1000702941816103
32.615943908691406,-5.103064559426728,3.0585335025401057,-4.841371566088477,3.1084905907253835
32.66681480407715,-5.103064559426728,3.0585335025401057,-4.844927516336315,3.1168684933917277
32.71728587150574,-5.103064559426728,3.0585335025401057,-4.848349753207861,3.12512812441324
32.76837682723999,-5.15233556110024,3.1731854988076558,-4.85170675505789,3.1334356680177273
32.81901693344116,-5.15233556110024,3.1731854988076558,-4.854927667287707,3.1416164083100986
32.8694212436676,-5.15233556110024,3.1731854988076558,-4.858028360813149,3.1497058310692494
32.91978144645691,-5.15233556110024,3.1731854988076558,-4.861021539229112,3.1577348071991427
32.97024464607239,-5.15233556110024,3.1731854988076558,-4.863915800491533,3.1657263603884496
33.02058410644531,-5.15233556110024,3.1731854988076558,-4.866698246241416,3.17364428347316
33.07115125656128,-5.15233556110024,3.1731854988076558,-4.869388020474895,3.1815433506282558
33.12185454368591,-5.15233556110024,3.1731854988076558,-4.871979162343472,3.1894083331892435
33.17236876487732,-5.15233556110024,3.1731854988076558,-4.874455267629889,3.1971885388807175
33.2230122089386,-5.15233556110024,3.1731854988076558,-4.876832177517832,3.204932755335477
33.273696184158325,-5.15233556110024,3.1731854988076558,-4.879105253090449,3.212626805480321
33.32408666610718,-5.15233556110024,3.1731854988076558,-4.881260360962606,3.2202200748906904
33.374693393707275,-5.15233556110024,3.1731854988076558,-4.8833196023582435,3.2277891755708845
33.425132036209106,-5.15233556110024,3.1731854988076558,-4.885267250262986,3.2352762167682156
33.47575759887695,-5.181273871312783,3.2766909809570475,-4.887117018898332,3.2427335359268263
33.52615928649902,-5.181273871312783,3.2766909809570475,-4.888854080340716,3.2501003604325227
33.57685995101929,-5.181273871312783,3.2766909809570475,-4.8904962903736156,3.2574526573327995
33.62734031677246,-5.181273871312783,3.2766909809570475,-4.892026657011266,3.264714666237129
33.67792105674744,-5.181273871312783,3.2766909809570475,-4.893455349756946,3.2719324042514755
33.72903108596802,-5.181273871312783,3.2766909809570475,-4.8947925997069985,3.279165648722178
33.779555559158325,-5.181273871312783,3.2766909809570475,-4.896009493758587,3.2862564002075185
33.82994341850281,-5.181273871312783,3.2766909809570475,-4.897119172606736,3.293268622003949
33.88034176826477,-5.181273871312783,3.2766909809570475,-4.898125350150141,3.3002226944203796
33.9311683177948,-5.181273871312783,3.2766909809570475,-4.8990350954663935,3.307175155743253
33.98211050033569,-5.181273871312783,3.2766909809570475,-4.899841216916959,3.3140819544419897
34.03270697593689,-5.181273871312783,3.2766909809570475,-4.900537222227598,3.320880641127421
34.08335566520691,-5.181273871312783,3.2766909809570475,-4.901129590652117,3.327624903296314
34.134217262268066,-5.181273871312783,3.2766909809570475,-4.901619479753547,3.334335340966513
34.185182332992554,-5.189570853333239,3.3677993608939323,-4.902004956818978,3.3409966195006415
34.23664975166321,-5.189570853333239,3.3677993608939323,-4.902287259369626,3.3476594280774945
34.287556886672974,-5.189570853333239,3.3677993608939323,-4.902460847379778,3.3541859940300855
34.33955526351929,-5.189570853333239,3.3677993608939323,-4.902529805559002,3.360786724752237
34.38996624946594,-5.189570853333239,3.3677993608939323,-4.902492234342249,3.3671222162371253
34.44050979614258,-5.189570853333239,3.3677993608939323,-4.9023514662058405,3.3734110693828376
34.49116659164429,-5.189570853333239,3.3677993608939323,-4.9021069173511655,3.37965011743421
34.54179930686951,-5.189570853333239,3.3677993608939323,-4.901759095600154,3.385821977037688
34.59224486351013,-5.189570853333239,3.3677993608939323,-4.901309887183661,3.3919068737984244
34.64302372932434,-5.189570853333239,3.3677993608939323,-4.900754333881741,3.3979670103086868
34.69390916824341,-5.189570853333239,3.3677993608939323,-4.900093697479281,3.403974181810331
34.74448323249817,-5.189570853333239,3.3677993608939323,-4.8993341588151615,3.409879148320379
34.79858088493347,-5.189570853333239,3.3677993608939323,-4.898408245860439,3.416122970235181
34.84943079948425,-5.189570853333239,3.3677993608939323,-4.897431135999932,3.4219232563481277
34.89987897872925,-5.178197073137056,3.446481199031908,-4.8963596276729895,3.427611644348418
34.95046257972717,-5.178197073137056,3.446481199031908,-4.895183257579864,3.433248937404139
35.001060009002686,-5.178197073137056,3.446481199031908,-4.893904541853901,3.4388210040639384
35.05230736732483,-5.178197073137056,3.446481199031908,-4.892505534404874,3.444396283567324
35.10296440124512,-5.178197073137056,3.446481199031908,-4.891020059039111,3.4498394402034918
35.15335702896118,-5.178197073137056,3.446481199031908,-4.889441292395336,3.4551869247327502
35.20376658439636,-5.178197073137056,3.446481199031908,-4.887761312636069,3.460468808317416
35.25414228439331,-5.178197073137056,3.446481199031908,-4.8859820132478475,3.4656795280553307
35.30574345588684,-5.178197073137056,3.446481199031908,-4.884055481044122,3.470946640275585
35.35655665397644,-5.178197073137056,3.446481199031908,-4.882055728286473,3.47606344920895
35.40747809410095,-5.178197073137056,3.446481199031908,-4.879949703091046,3.4811213211238434
35.45795750617981,-5.178197073137056,3.446481199031908,-4.877761326432445,3.486066010627366
35.508453607559204,-5.178197073137056,3.446481199031908,-4.875472145907407,3.49094305515974
35.558860540390015,-5.178197073137056,3.446481199031908,-4.873087340862364,3.4957421125080677
35.60957670211792,-5.147529550553246,3.5122953454512604,-4.870587577928275,3.5005003892137916
35.660096645355225,-5.147529550553246,3.5122953454512604,-4.867997605948986,3.505169962702965
35.71073770523071,-5.147529550553246,3.5122953454512604,-4.8653015529278925,3.5097800559119583
35.76186728477478,-5.147529550553246,3.5122953454512604,-4.862478228388984,3.5143625659795097
35.81232762336731,-5.147529550553246,3.5122953454512604,-4.859592277204302,3.518813846389158
35.86392283439636,-5.147529550553246,3.5122953454512604,-4.85653931963526,3.5232917830371777
35.91436696052551,-5.147529550553246,3.5122953454512604,-4.853454851653229,3.5275977518328245
35.96550726890564,-5.147529550553246,3.5122953454512604,-4.850227458298934,3.5318901504915523
36.016807556152344,-5.147529550553246,3.5122953454512604,-4.8468886441178025,3.5361218707166517
36.067261934280396,-5.147529550553246,3.5122953454512604,-4.843506090070422,3.5402111607655566
36.11771321296692,-5.147529550553246,3.5122953454512604,-4.840025971132869,3.544227907689594
36.16857600212097,-5.147529550553246,3.5122953454512604,-4.836418693035746,3.548203989681552
36.219051361083984,-5.147529550553246,3.5122953454512604,-4.832741044735409,3.552076651502984
36.26969313621521,-5.101382415914229,3.5605643646976746,-4.8289535148761695,3.555888619955134
36.32263231277466,-5.101382415914229,3.5605643646976746,-4.824889698770109,3.559794590091639
36.37308144569397,-5.101382415914229,3.5605643646976746,-4.820917875194687,3.563441509706484
36.42339611053467,-5.101382415914229,3.5605643646976746,-4.816860466552159,3.5670052454482333
36.4736852645874,-5.101382415914229,3.5605643646976746,-4.812709349738832,3.570493629551163
36.52398705482483,-5.101382415914229,3.5605643646976746,-4.808461619601083,3.5739091030574817
36.57434606552124,-5.101382415914229,3.5605643646976746,-4.804113521598818,3.5772543073738072
36.624802350997925,-5.101382415914229,3.5605643646976746,-4.799661370056497,3.5805313302841104
36.675336837768555,-5.101382415914229,3.5605643646976746,-4.795106564490378,3.5837383125723017
36.72595572471619,-5.101382415914229,3.5605643646976746,-4.790448302874015,3.5868750546942993
36.77636790275574,-5.101382415914229,3.5605643646976746,-4.785713942066291,3.5899235639531
36.82676362991333,-5.101382415914229,3.5605643646976746,-4.78088646707983,3.592895621578504
36.8771812915802,-5.101382415914229,3.5605643646976746,-4.775962409060581,3.595793256587701
36.92787003517151,-5.101382415914229,3.5605643646976746,-4.77091683777737,3.598629903989079
36.97856640815735,-5.034302248622164,3.5978435561149187,-4.76577542411667,3.601389966242333
37.02898406982422,-5.034302248622164,3.5978435561149187,-4.760568200423142,3.6040582522498084
37.07947254180908,-5.034302248622164,3.5978435561149187,-4.75525988242958,3.6066535174162833
37.13071155548096,-5.034302248622164,3.5978435561149187,-4.74977694513883,3.6092085989861884
37.18143677711487,-5.034302248622164,3.5978435561149187,-4.744254261051493,3.6116596875121734
37.23250460624695,-5.034302248622164,3.5978435561149187,-4.738599316786777,3.6140483450972294
37.283915758132935,-5.034302248622164,3.5978435561149187,-4.732810366273982,3.616372790414059
37.33438515663147,-5.034302248622164,3.5978435561149187,-4.7270340264882895,3.6185761055093155
37.384889364242554,-5.034302248622164,3.5978435561149187,-4.721161286505105,3.620702828873548
37.43570280075073,-5.034302248622164,3.5978435561149187,-4.715159540978581,3.6227635111014145
37.48786950111389,-5.034302248622164,3.5978435561149187,-4.708901130922248,3.624796358688747
37.539095401763916,-5.034302248622164,3.5978435561149187,-4.702660394410531,3.626710786077714
37.58951377868652,-5.034302248622164,3.5978435561149187,-4.696426187725791,3.6285157240537367
37.64001750946045,-5.034302248622164,3.5978435561149187,-4.690090333940655,3.630244641439676
37.69043326377869,-5.034302248622164,3.5978435561149187,-4.683674842861167,3.631891418083862
37.741046667099,-4.949164488662909,3.620198852867823,-4.677143333533399,3.633464933295461
37.79179763793945,-4.949164488662909,3.620198852867823,-4.670502920775361,3.6349623346340945
37.842222690582275,-4.949164488662909,3.620198852867823,-4.663815020522829,3.636370205941652
37.893507957458496,-4.949164488662909,3.620198852867823,-4.656921151035428,3.6377201972925732
37.94395613670349,-4.949164488662909,3.620198852867823,-4.650049676885104,3.6389673896391344
37.99442100524902,-4.949164488662909,3.620198852867823,-4.643086770841965,3.6401346731470854
38.04572033882141,-4.949164488662909,3.620198852867823,-4.635917612517209,3.6412387355099263
38.096113204956055,-4.949164488662909,3.620198852867823,-4.628785968483518,3.6422421025385185
38.146594285964966,-4.949164488662909,3.620198852867823,-4.621553514658325,3.643166375944123
38.19727969169617,-4.949164488662909,3.620198852867823,-4.614203127385355,3.6440128032263877
38.24785804748535,-4.949164488662909,3.620198852867823,-4.6067799894258705,3.6447757772543303
38.2988920211792,-4.949164488662909,3.620198852867823,-4.59920089487747,3.6454627662777925
38.34975481033325,-4.949164488662909,3.620198852867823,-4.591558476821215,3.646064468538328
38.40095114707947,-4.949164488662909,3.620198852867823,-4.583776767619236,3.6465862858578957
38.4520001411438,-4.845748061989661,3.626501943473695,-4.575928673312258,3.6470226905399157
38.50265383720398,-4.845748061989661,3.626501943473695,-4.5680540211591945,3.6473727324226672
38.55304527282715,-4.845748061989661,3.626501943473695,-4.56013411759268,3.6476387823960996
38.60353446006775,-4.845748061989661,3.626501943473695,-4.552113095583743,3.6478229866829683
38.65427255630493,-4.845748061989661,3.626501943473695,-4.543966355009227,3.6479248906708692
38.706573724746704,-4.845748061989661,3.626501943473695,-4.535478539498797,3.6479424631743713
38.75693893432617,-4.845748061989661,3.626501943473695,-4.527218761780141,3.647875302248022
38.807372093200684,-4.845748061989661,3.626501943473695,-4.518863454189487,3.647725236505972
38.858070611953735,-4.845748061989661,3.626501943473695,-4.510379378724929,3.647490708624205
38.90880870819092,-4.845748061989661,3.626501943473695,-4.501803861825113,3.6471718611746553
38.959163427352905,-4.845748061989661,3.626501943473695,-4.493209556805763,3.646772062849218
39.00954079627991,-4.845748061989661,3.626501943473695,-4.484528369772494,3.6462888451941433
39.059940814971924,-4.845748061989661,3.626501943473695,-4.475760497792025,3.6457219586962104
39.11039137840271,-4.845748061989661,3.626501943473695,-4.466901219275538,3.645070772304314
39.16068649291992,-4.728298461676551,3.616723713951531,-4.45798727671488,3.644338073104711
39.21106147766113,-4.728298461676551,3.616723713951531,-4.448977462470455,3.6435204905557406
39.262922286987305,-4.728298461676551,3.616723713951531,-4.439616799566847,3.642591127915864
39.31361722946167,-4.728298461676551,3.616723713951531,-4.430383451317706,3.6415965641788066
39.3677237033844,-4.728298461676551,3.616723713951531,-4.420438456466142,3.640441027408266
39.41841006278992,-4.728298461676551,3.616723713951531,-4.411037867067619,3.639270309787614
39.46893262863159,-4.728298461676551,3.616723713951531,-4.401586907768408,3.6380183204724683
39.51947069168091,-4.728298461676551,3.616723713951531,-4.392052723176885,3.636680871844539
39.570215463638306,-4.728298461676551,3.616723713951531,-4.382399042046493,3.6352522241894314
39.620646715164185,-4.728298461676551,3.616723713951531,-4.372725417720826,3.633747179664466
39.671045541763306,-4.728298461676551,3.616723713951531,-4.362979080094689,3.632158113503993
39.7217321395874,-4.728298461676551,3.616723713951531,-4.3530978428187534,3.6304741725226495
39.77259945869446,-4.728298461676551,3.616723713951531,-4.343101814854894,3.6286976116735143
39.82331371307373,-4.728298461676551,3.616723713951531,-4.333056866608796,3.62683991086955
39.87462615966797,-4.593378050574767,3.5900755293109725,-4.322813504415761,3.624872301494115
39.92526650428772,-4.593378050574767,3.5900755293109725,-4.312625833285078,3.6228435804046066
39.975926637649536,-4.593378050574767,3.5900755293109725,-4.302356520826649,3.6207276046595167
40.02641677856445,-4.593378050574767,3.5900755293109725,-4.292044727553872,3.6185325882818855
40.07709741592407,-4.593378050574767,3.5900755293109725,-4.281617130597591,3.6162427117490306
40.12772250175476,-4.593378050574767,3.5900755293109725,-4.2711243970537085,3.613868653418941
40.17887234687805,-4.593378050574767,3.5900755293109725,-4.260445539823264,3.6113818981874326
40.22956919670105,-4.593378050574767,3.5900755293109725,-4.249784884780099,3.608829707173579
40.279963970184326,-4.593378050574767,3.5900755293109725,-4.239112749768155,3.606206344224976
40.33045554161072,-4.593378050574767,3.5900755293109725,-4.228345476139129,3.6034914899661974
40.382099628448486,-4.593378050574767,3.5900755293109725,-4.21725551063486,3.6006250617860633
40.43345260620117,-4.593378050574767,3.5900755293109725,-4.206151301255144,3.5976848572933675
40.48422694206238,-4.593378050574767,3.5900755293109725,-4.195097332395193,3.5946895344386425
40.5349440574646,-4.593378050574767,3.5900755293109725,-4.183981856084493,3.5916099117062816
40.5854172706604,-4.443253539014318,3.5464996494958876,-4.172846806870338,3.588458032075457
40.636130809783936,-4.443253539014318,3.5464996494958876,-4.161585731230652,3.585203596336052
40.6866409778595,-4.443253539014318,3.5464996494958876,-4.150297438909275,3.581874914732742
40.73932957649231,-4.443253539014318,3.5464996494958876,-4.138445724436151,3.578309763083937
40.79005837440491,-4.443253539014318,3.5464996494958876,-4.126961346553925,3.5747875126231827
40.84109139442444,-4.443253539014318,3.5464996494958876,-4.11533572312459,3.5711552754159723
40.89154648780823,-4.443253539014318,3.5464996494958876,-4.1037707666224605,3.567476492208725
40.94201898574829,-4.443253539014318,3.5464996494958876,-4.092131572355892,3.563709158944033
40.99285650253296,-4.443253539014318,3.5464996494958876,-4.080337555581453,3.5598262808642804
41.04527282714844,-4.443253539014318,3.5464996494958876,-4.068103428149298,3.5557299730034098
41.09583020210266,-4.443253539014318,3.5464996494958876,-4.056232550069576,3.5516895830023563
41.146363496780396,-4.443253539014318,3.5464996494958876,-4.044298398278272,3.547563388152496
41.196918964385986,-4.443253539014318,3.5464996494958876,-4.032290432853825,3.5433475725648975
41.247434854507446,-4.443253539014318,3.5464996494958876,-4.020223736617863,3.5390472891663967
41.297866106033325,-4.277721636104751,3.4849902277139693,-4.008109704816775,3.5346666580835078
41.34841561317444,-4.277721636104751,3.4849902277139693,-3.995899915637585,3.5301879305522146
41.399176597595215,-4.277721636104751,3.4849902277139693,-3.9835715795998317,3.525601951127315
41.44960951805115,-4.277721636104751,3.4849902277139693,-3.9712563532863974,3.5209577364514297
41.50173234939575,-4.277721636104751,3.4849902277139693,-3.9584591533927878,3.516065830365295
41.55242872238159,-4.277721636104751,3.4849902277139693,-3.945944988320636,3.5112179907161947
41.6035680770874,-4.277721636104751,3.4849902277139693,-3.933254750791614,3.506238034883846
41.65407419204712,-4.277721636104751,3.4849902277139693,-3.9206562716745705,3.501231241710472
41.704607009887695,-4.277721636104751,3.4849902277139693,-3.9079865010400834,3.4961337599714604
41.75537991523743,-4.277721636104751,3.4849902277139693,-3.895191822572281,3.4909233476949857
41.805920362472534,-4.277721636104751,3.4849902277139693,-3.882391698801457,3.4856484624027844
41.85626292228699,-4.277721636104751,3.4849902277139693,-3.8695785842070674,3.4803066082528114
41.90666484832764,-4.277721636104751,3.4849902277139693,-3.856687657510923,3.474870838422173
41.95738649368286,-4.277721636104751,3.4849902277139693,-3.8436520209131757,3.4693120745420116
42.00794768333435,-4.101577562157942,3.406794712149238,-3.830595185552884,3.463682517236578
42.05826711654663,-4.101577562157942,3.406794712149238,-3.817539288230939,3.4579922668297796
42.11169624328613,-4.101577562157942,3.406794712149238,-3.8036098437470067,3.4518546928672107
42.17139792442322,-4.101577562157942,3.406794712149238,-3.7879643873040525,3.444880000875095
42.2252242565155,-4.101577562157942,3.406794712149238,-3.77378614594173,3.438486238192472
42.27585816383362,-4.101577562157942,3.406794712149238,-3.7603865297207215,3.432380410666176
42.326336145401,-4.101577562157942,3.406794712149238,-3.7469684924333584,3.4262053151202156
42.377788066864014,-4.101577562157942,3.406794712149238,-3.733230655855651,3.4198205899653904
42.42846918106079,-4.101577562157942,3.406794712149238,-3.719638930714905,3.4134422213477063
42.479048013687134,-4.101577562157942,3.406794712149238,-3.7060159829770565,3.4069883890948
42.529690742492676,-4.101577562157942,3.406794712149238,-3.6923175345425463,3.4004380076266334
42.58009934425354,-4.101577562157942,3.406794712149238,-3.678624903101317,3.3938300901289993
42.630807876586914,-4.101577562157942,3.406794712149238,-3.6647933237398083,3.3870944791946673
42.68173098564148,-3.912998829062492,3.3112811160634403,-3.6508456223678327,3.380241189598048
42.732710123062134,-3.912998829062492,3.3112811160634403,-3.636825190738045,3.3732908755251656
42.7833034992218,-3.912998829062492,3.3112811160634403,-3.6228545080406533,3.366304665402597
42.83368372917175,-3.912998829062492,3.3112811160634403,-3.6088873234907837,3.359260322914346
42.88448357582092,-3.912998829062492,3.3112811160634403,-3.5947482933411132,3.352068868452018
42.9351122379303,-3.912998829062492,3.3112811160634403,-3.5806018691684485,3.344813326905243
42.98573637008667,-3.912998829062492,3.3112811160634403,-3.56640219462108,3.337470314439869
43.036710023880005,-3.912998829062492,3.3112811160634403,-3.552049831401238,3.329987615804513
43.08795356750488,-3.912998829062492,3.3112811160634403,-3.5375666385277196,3.322375339622474
43.138368129730225,-3.912998829062492,3.3112811160634403,-3.5232645158437794,3.314798236996897
43.18971300125122,-3.912998829062492,3.3112811160634403,-3.5086446464705645,3.3069916783167916
43.240312814712524,-3.912998829062492,3.3112811160634403,-3.4941842128609983,3.2992099572830615
43.292145013809204,-3.912998829062492,3.3112811160634403,-3.4793177837280638,3.291147735797627
43.34363770484924,-3.912998829062492,3.3112811160634403,-3.4644952657633272,3.2830472182432713
43.394036054611206,-3.7165298258920845,3.1999701346591514,-3.4499365937724624,3.275030984626536
43.444385051727295,-3.7165298258920845,3.1999701346591514,-3.4353420621072157,3.266935862199505
43.49514126777649,-3.7165298258920845,3.1999701346591514,-3.420579221010655,3.258687580070787
43.54548120498657,-3.7165298258920845,3.1999701346591514,-3.4058880328697034,3.2504200522402504
43.59598636627197,-3.7165298258920845,3.1999701346591514,-3.391099591517093,3.2420384942624643
43.64649438858032,-3.7165298258920845,3.1999701346591514,-3.3762616242583303,3.2335694876122725
43.697527170181274,-3.7165298258920845,3.1999701346591514,-3.361220485318005,3.2249242291820797
43.74825072288513,-3.7165298258920845,3.1999701346591514,-3.346222109538641,3.2162435193517833
43.79913091659546,-3.7165298258920845,3.1999701346591514,-3.3311294052118514,3.207448106124034
43.84974241256714,-3.7165298258920845,3.1999701346591514,-3.316069139055433,3.1986118870001823
43.900564432144165,-3.7165298258920845,3.1999701346591514,-3.300899234316429,3.1896514296648406
43.95100688934326,-3.7165298258920845,3.1999701346591514,-3.2857964974488585,3.1806712936023867
44.00207233428955,-3.7165298258920845,3.1999701346591514,-3.270460870521286,3.1714924582415343
44.05293083190918,-3.7165298258920845,3.1999701346591514,-3.2551414735337514,3.162263119797693
44.10379481315613,-3.7165298258920845,3.1999701346591514,-3.239775039187537,3.1529453434396157
44.15522336959839,-3.5111728964987297,3.07217742233272,-3.2241923523599403,3.1434353324165833
44.20585894584656,-3.5111728964987297,3.07217742233272,-3.2088055002435576,3.1339848107252712
44.25901746749878,-3.5111728964987297,3.07217742233272,-3.1926050365007823,3.1239704830115977
44.30969262123108,-3.5111728964987297,3.07217742233272,-3.177117084211252,3.1143354735509883
44.360514879226685,-3.5111728964987297,3.07217742233272,-3.1615411847974757,3.104585829160778
44.41096496582031,-3.5111728964987297,3.07217742233272,-3.1460372133112364,3.094821848608942
44.464799642562866,-3.5111728964987297,3.07217742233272,-3.129447312699551,3.084308740586023
44.515586853027344,-3.5111728964987297,3.07217742233272,-3.1137536557059153,3.0743018326404568
44.56653833389282,-3.5111728964987297,3.07217742233272,-3.0979678718697126,3.064175922991189
44.61697554588318,-3.5111728964987297,3.07217742233272,-3.08230105817372,3.0540668695748034
44.667927742004395,-3.5111728964987297,3.07217742233272,-3.0664339596386383,3.0437685001262347
44.71896958351135,-3.5111728964987297,3.07217742233272,-3.0504987692057672,3.033365371962425
44.76984977722168,-3.5111728964987297,3.07217742233272,-3.0345744822002256,3.0229090127309695
44.82120704650879,-3.5111728964987297,3.07217742233272,-3.0184612890676097,3.0122674867041415
44.872281074523926,-3.2954834055820945,2.9262981440733955,-3.0023979763246333,3.001597976321136
44.92311429977417,-3.2954834055820945,2.9262981440733955,-2.9863722543725184,2.9908930812617567
44.97356915473938,-3.2954834055820945,2.9262981440733955,-2.970428638352596,2.9801834665346387
45.024214029312134,-3.2954834055820945,2.9262981440733955,-2.9543881774778793,2.969349094197969
45.07499933242798,-3.2954834055820945,2.9262981440733955,-2.9382666716574914,2.9583998854637894
45.125465869903564,-3.2954834055820945,2.9262981440733955,-2.9222105325398173,2.947435428692955
45.17590284347534,-3.2954834055820945,2.9262981440733955,-2.906128568573182,2.9363939023907486
45.22663354873657,-3.2954834055820945,2.9262981440733955,-2.889917871594712,2.925204020650885
45.27720785140991,-3.2954834055820945,2.9262981440733955,-2.8737225896674015,2.913964878658796
45.32957482337952,-3.2954834055820945,2.9262981440733955,-2.8569173629607723,2.902239383655376
45.380051374435425,-3.2954834055820945,2.9262981440733955,-2.8406847063164435,2.8908526185529495
45.430718183517456,-3.2954834055820945,2.9262981440733955,-2.824357671377332,2.8793396214706757
45.481239795684814,-3.2954834055820945,2.9262981440733955,-2.8080447649349236,2.867776664214448
45.531978607177734,-3.2954834055820945,2.9262981440733955,-2.7916293594786894,2.85608078818188
45.583744764328,-3.07255653906018,2.7634727155590615,-2.7748486256081266,2.8440623310846966
45.63679218292236,-3.07255653906018,2.7634727155590615,-2.757618529113654,2.8316567212151793
45.6872079372406,-3.07255653906018,2.7634727155590615,-2.7412117671354608,2.819782586787046
45.73768353462219,-3.07255653906018,2.7634727155590615,-2.7247552906129497,2.8078125565852083
45.78812909126282,-3.07255653906018,2.7634727155590615,-2.70827882937775,2.795768044492093
45.83881688117981,-3.07255653906018,2.7634727155590615,-2.691693721618304,2.7835837006691078
45.89071035385132,-3.07255653906018,2.7634727155590615,-2.6746839275244696,2.7710245723787814
45.94117522239685,-3.07255653906018,2.7634727155590615,-2.6581135792857498,2.758728930151721
45.99150490760803,-3.07255653906018,2.7634727155590615,-2.6415597646160394,2.7463856187763587
46.0421781539917,-3.07255653906018,2.7634727155590615,-2.6248653034173333,2.733876908718069
46.092567920684814,-3.07255653906018,2.7634727155590615,-2.6082371807343048,2.7213576259996466
46.1429705619812,-3.07255653906018,2.7634727155590615,-2.5915782732230417,2.7087549769194403
46.194727420806885,-3.07255653906018,2.7634727155590615,-2.5744446303874255,2.6957304801731983
46.245527505874634,-2.843344562895972,2.5844062931390464,-2.5576014423814444,2.6828649328026644
46.297080993652344,-2.843344562895972,2.5844062931390464,-2.5404823232338787,2.6697259153610275
46.347853899002075,-2.843344562895972,2.5844062931390464,-2.523597145474537,2.656704650170272
46.398510694503784,-2.843344562895972,2.5844062931390464,-2.5067260606527433,2.643633072440542
46.450401306152344,-2.843344562895972,2.5844062931390464,-2.489419143411351,2.6301603863752137
46.50165796279907,-2.843344562895972,2.5844062931390464,-2.4722993933330546,2.6167703133714566
46.55239176750183,-2.843344562895972,2.5844062931390464,-2.4553309888695214,2.603436802293788
46.60297393798828,-2.843344562895972,2.5844062931390464,-2.438390697099577,2.5900640948787013
46.653616189956665,-2.843344562895972,2.5844062931390464,-2.421408134016175,2.5765966457880216
46.70408511161804,-2.843344562895972,2.5844062931390464,-2.4044621037616567,2.5630970047557513
46.75439143180847,-2.843344562895972,2.5844062931390464,-2.387549672072921,2.549563296367425
46.805012226104736,-2.843344562895972,2.5844062931390464,-2.370510812561351,2.5358670410494577
46.85570764541626,-2.843344562895972,2.5844062931390464,-2.353426478399286,2.5220724553977703
46.907052993774414,-2.843344562895972,2.5844062931390464,-2.3361028259572745,2.508021542371174
46.957579612731934,-2.6126209547646786,2.392206338233768,-2.319035936020652,2.494116826589347
47.00819492340088,-2.6126209547646786,2.392206338233768,-2.30192018142668,2.48011050238002
47.05880784988403,-2.6126209547646786,2.392206338233768,-2.28478677011802,2.4660278053192095
47.10943245887756,-2.6126209547646786,2.392206338233768,-2.267631394213258,2.451865033172085
47.159834146499634,-2.6126209547646786,2.392206338233768,-2.2505341228387765,2.4376885323823196
47.210243940353394,-2.6126209547646786,2.392206338233768,-2.2334171519275525,2.423434042687396
47.26112365722656,-2.6126209547646786,2.392206338233768,-2.216123887591223,2.408970135632644
47.31295037269592,-2.6126209547646786,2.392206338233768,-2.198491955009019,2.3941582212578
47.36353635787964,-2.6126209547646786,2.392206338233768,-2.1812662499674023,2.379624461450224
47.41408395767212,-2.6126209547646786,2.392206338233768,-2.1640384063658162,2.3650265474508494
47.4660587310791,-2.6126209547646786,2.392206338233768,-2.1463087740100115,2.3499383661116533
47.517335176467896,-2.6126209547646786,2.392206338233768,-2.12880255978411,2.3349755661545433
47.56815052032471,-2.6126209547646786,2.392206338233768,-2.1114397420046314,2.3200717928977337
47.619563817977905,-2.6126209547646786,2.392206338233768,-2.09385887552481,2.304916392078935
47.67028331756592,-2.3783544498855704,2.18559011268159,-2.076502181203106,2.2898906160344166
47.72110915184021,-2.3783544498855704,2.18559011268159,-2.059096536647119,2.2747589862256175
47.7726149559021,-2.3783544498855704,2.18559011268159,-2.0414456775513807,2.2593492607103483
47.82374954223633,-2.3783544498855704,2.18559011268159,-2.0239102039215675,2.24397553167892
47.874945640563965,-2.3783544498855704,2.18559011268159,-2.0063423008672636,2.228508655443509
47.92578840255737,-2.3783544498855704,2.18559011268159,-1.988884885900798,2.213074873422911
47.97672891616821,-2.3783544498855704,2.18559011268159,-1.971383618910204,2.1975380850329245
48.027541160583496,-2.3783544498855704,2.18559011268159,-1.9539166234705942,2.1819675691047076
48.07836627960205,-2.3783544498855704,2.18559011268159,-1.9364358751839517,2.166320601539861
48.129557847976685,-2.3783544498855704,2.18559011268159,-1.9188201278945451,2.150487802098271
48.180089712142944,-2.3783544498855704,2.18559011268159,-1.9014230306282938,2.1347874522589576
48.23092532157898,-2.3783544498855704,2.18559011268159,-1.8839134346338604,2.11892124735495
48.281737327575684,-2.3783544498855704,2.18559011268159,-1.8664044834913027,2.10299105101643
48.332887172698975,-2.156052935262165,1.978461064011874,-1.8487720252350648,2.0868831761259536
48.38363075256348,-2.156052935262165,1.978461064011874,-1.8312730428603519,2.070832388871225
48.43415927886963,-2.156052935262165,1.978461064011874,-1.8138421710981834,2.0547797955391567
48.48463296890259,-2.156052935262165,1.978461064011874,-1.796424637889472,2.0386753457782634
48.53555679321289,-2.156052935262165,1.978461064011874,-1.7788465772849968,2.022357401431756
48.58595013618469,-2.156052935262165,1.978461064011874,-1.7614469436167535,2.0061406498636214
48.63645029067993,-2.156052935262165,1.978461064011874,-1.7440062022247336,1.9898211717217453
48.689582109451294,-2.156052935262165,1.978461064011874,-1.7256525107713734,1.972577712540173
48.739962100982666,-2.156052935262165,1.978461064011874,-1.7082460043862997,1.9561579965617257
48.790281772613525,-2.156052935262165,1.978461064011874,-1.6908574879694958,1.939690872198427
48.841373443603516,-2.156052935262165,1.978461064011874,-1.6731997377549188,1.9229028434922968
48.89204406738281,-2.156052935262165,1.978461064011874,-1.6556855085013071,1.906185537802535
48.943525314331055,-2.156052935262165,1.978461064011874,-1.6378895162230416,1.8891321406328028
48.99414134025574,-2.156052935262165,1.978461064011874,-1.6203915220191352,1.8722982098797294
49.04446768760681,-1.92479696795877,1.751240778225095,-1.6029930426377712,1.8554949320993301
49.09480595588684,-1.92479696795877,1.751240778225095,-1.5855902563723048,1.8386224635108281
49.145341634750366,-1.92479696795877,1.751240778225095,-1.568119477039073,1.8216185405947485
49.19593691825867,-1.92479696795877,1.751240778225095,-1.5506287914610677,1.804529353143182
49.24635171890259,-1.92479696795877,1.751240778225095,-1.5332016361642524,1.7874365480918692
49.29677891731262,-1.92479696795877,1.751240778225095,-1.5157717711189,1.7702753755623117
49.34730648994446,-1.92479696795877,1.751240778225095,-1.4983092333802304,1.7530160054604502
49.397658348083496,-1.92479696795877,1.751240778225095,-1.4809098734906245,1.7357532136968894
49.44823980331421,-1.92479696795877,1.751240778225095,-1.4634340774643246,1.718348269518387
49.49876165390015,-1.92479696795877,1.751240778225095,-1.4459822178626653,1.7009006981794421
49.54962372779846,-1.92479696795877,1.751240778225095,-1.4284166535568106,1.6832722310627939
49.60015392303467,-1.92479696795877,1.751240778225095,-1.4109699411069312,1.6656961363656206
49.65069031715393,-1.92479696795877,1.751240778225095,-1.393525749180218,1.648055763005135
49.7010772228241,-1.92479696795877,1.751240778225095,-1.376138232901952,1.630406057496818
49.7516975402832,-1.92479696795877,1.751240778225095,-1.3586757103213212,1.612613084224878
49.80227208137512,-1.6836023444255745,1.501237206480045,-1.3412349603721418,1.5947749795341382
49.852813959121704,-1.6836023444255745,1.501237206480045,-1.323811882597987,1.5768876067322473
49.90319848060608,-1.6836023444255745,1.501237206480045,-1.306449857674452,1.558995784203805
49.95368838310242,-1.6836023444255745,1.501237206480045,-1.2890587699429554,1.5410066534572342
50.00425457954407,-1.6836023444255745,1.501237206480045,-1.2716491098975256,1.5229306054593308
50.05458736419678,-1.6836023444255745,1.501237206480045,-1.2543279004316874,1.5048789802651785
50.10500454902649,-1.6836023444255745,1.501237206480045,-1.236986163727622,1.4867384104145063
50.15538573265076,-1.6836023444255745,1.501237206480045,-1.2196657523963772,1.468552486623667
50.20571827888489,-1.6836023444255745,1.501237206480045,-1.202371413021663,1.4503262718736587
50.25626802444458,-1.6836023444255745,1.501237206480045,-1.1850122778013188,1.4319635706574416
50.308624267578125,-1.6836023444255745,1.501237206480045,-1.167043624857402,1.4128839238709627
50.35930895805359,-1.6836023444255745,1.501237206480045,-1.1496596044703211,1.3943549453108322
50.40994739532471,-1.6836023444255745,1.501237206480045,-1.1323026456596232,1.3757857973583307
50.46038579940796,-1.6836023444255745,1.501237206480045,-1.1150258018275352,1.357233654661408
50.510871171951294,-1.4442146844618364,1.2402001613037803,-1.0977448373518137,1.338608290758999
50.56149768829346,-1.4442146844618364,1.2402001613037803,-1.080428007649647,1.3198750211348131
50.6119441986084,-1.4442146844618364,1.2402001613037803,-1.063185569688772,1.3011531172978401
50.6625497341156,-1.4442146844618364,1.2402001613037803,-1.045902058277281,1.282317166909817
50.71334433555603,-1.4442146844618364,1.2402001613037803,-1.0285677758134613,1.2633558003701943
50.76408839225769,-1.4442146844618364,1.2402001613037803,-1.0112649739723762,1.2443586212571356
50.81489872932434,-1.4442146844618364,1.2402001613037803,-0.9939542494903952,1.2252822542544908
50.86590909957886,-1.4442146844618364,1.2402001613037803,-0.9765905770738272,1.2060764458255833
50.916584491729736,-1.4442146844618364,1.2402001613037803,-0.9593564348715549,1.1869432368989492
50.96696376800537,-1.4442146844618364,1.2402001613037803,-0.9422387335001661,1.1678693368871835
51.01734185218811,-1.4442146844618364,1.2402001613037803,-0.9251375376624118,1.1487439346580057
51.06769585609436,-1.4442146844618364,1.2402001613037803,-0.9080610147137453,1.1295761436874594
51.118152141571045,-1.4442146844618364,1.2402001613037803,-0.8909667603772387,1.1103181310175665
51.16850185394287,-1.4442146844618364,1.2402001613037803,-0.8739259393887429,1.0910500071662284
51.21949601173401,-1.209366196945944,0.9704556877197822,-0.856685065327945,1.0714839503220344
51.27006411552429,-1.209366196945944,0.9704556877197822,-0.8396065978692069,1.0520307721564897
51.3204345703125,-1.209366196945944,0.9704556877197822,-0.8226134665973175,1.0326039370731037
51.37084436416626,-1.209366196945944,0.9704556877197822,-0.8056260379974445,1.0131126742960306
51.421483755111694,-1.209366196945944,0.9704556877197822,-0.7885807568835721,0.9934834256716107
51.47198748588562,-1.209366196945944,0.9704556877197822,-0.7716010293131994,0.9738580406606934
51.52283048629761,-1.209366196945944,0.9704556877197822,-0.7545277102002577,0.9540520785429267
51.573837757110596,-1.209366196945944,0.9704556877197822,-0.7374202824923797,0.934133399627556
51.62528705596924,-1.209366196945944,0.9704556877197822,-0.7201863852408517,0.9139930911215266
51.676902770996094,-1.209366196945944,0.9704556877197822,-0.7029191519921067,0.89373860514121
51.72745943069458,-1.209366196945944,0.9704556877197822,-0.6860283776701137,0.8738525128083807
51.77794623374939,-1.209366196945944,0.9704556877197822,-0.6691832367632298,0.8539477090495409
51.828728675842285,-1.209366196945944,0.9704556877197822,-0.6522623311029552,0.8338802013164599
51.879870891571045,-1.209366196945944,0.9704556877197822,-0.6352451422197531,0.8136241756145344
51.930803060531616,-0.9794596259668106,0.6926317855864179,-0.6183217831490588,0.7934055465458312
51.98160004615784,-0.9794596259668106,0.6926317855864179,-0.6014675381737367,0.773195487298364
52.032758951187134,-0.9794596259668106,0.6926317855864179,-0.58451803775568,0.7527963509493292
52.08353638648987,-0.9794596259668106,0.6926317855864179,-0.5677199607566417,0.7325050132039534
52.13409376144409,-0.9794596259668106,0.6926317855864179,-0.5510198606160528,0.7122581848514682
52.184890270233154,-0.9794596259668106,0.6926317855864179,-0.5342664646889856,0.6918723762363215
52.23548460006714,-0.9794596259668106,0.6926317855864179,-0.5176057429725582,0.67152507814293
52.28596258163452,-0.9794596259668106,0.6926317855864179,-0.5010095735912885,0.6511826022762728
52.33675146102905,-0.9794596259668106,0.6926317855864179,-0.4843380275123499,0.6306729594941807
52.387391090393066,-0.9794596259668106,0.6926317855864179,-0.46774266475714654,0.6101822012941536
52.437832832336426,-0.9794596259668106,0.6926317855864179,-0.45123952869530326,0.58973086503375
52.48853945732117,-0.9794596259668106,0.6926317855864179,-0.43467765233353717,0.5691316775770876
52.53919863700867,-0.9794596259668106,0.6926317855864179,-0.4181596117939317,0.5485116974032904
52.59045886993408,-0.9794596259668106,0.6926317855864179,-0.4014748132374093,0.5276067539217135
52.642255544662476,-0.758627639707463,0.4124987094501973,-0.384645665821318,0.5064423115438426
52.696691036224365,-0.758627639707463,0.4124987094501973,-0.36699236913030564,0.48415602788027456
52.747031450271606,-0.758627639707463,0.4124987094501973,-0.35069779896699815,0.46350699711235754
52.79754900932312,-0.758627639707463,0.4124987094501973,-0.3343759301084419,0.4427477902952148
52.84836769104004,-0.758627639707463,0.4124987094501973,-0.31798750980097035,0.4218273743862704
52.8993136882782,-0.758627639707463,0.4124987094501973,-0.30158935672667475,0.4008172789577007
52.95021176338196,-0.758627639707463,0.4124987094501973,-0.28523832641440894,0.3797901406792574
53.00077199935913,-0.758627639707463,0.4124987094501973,-0.26902756734790456,0.35886659996639425
53.05122137069702,-0.758627639707463,0.4124987094501973,-0.2528842515791081,0.3379536536773273
53.10185623168945,-0.758627639707463,0.4124987094501973,-0.23671398596044035,0.31692882586967985
53.15243935585022,-0.758627639707463,0.4124987094501973,-0.22059302261937752,0.29589093274167144
53.20315766334534,-0.758627639707463,0.4124987094501973,-0.2044622366350719,0.2747626036216977
53.25382208824158,-0.758627639707463,0.4124987094501973,-0.18838220411952067,0.2536229752986161
53.304667949676514,-0.5432659850427368,0.12493464285249795,-0.17227873112360959,0.23237419568727846
53.355581283569336,-0.5432659850427368,0.12493464285249795,-0.15618852804154804,0.21106411072022935
53.40770602226257,-0.5432659850427368,0.12493464285249795,-0.13975177346108536,0.18921315152117524
53.46074032783508,-0.5432659850427368,0.12493464285249795,-0.12306628387149976,0.16694628079321827
53.512444496154785,-0.5432659850427368,0.12493464285249795,-0.10683664602957066,0.14520477037202806
53.563095569610596,-0.5432659850427368,0.12493464285249795,-0.09097370935829519,0.12387486866498731
53.61384868621826,-0.5432659850427368,0.12493464285249795,-0.07511504912927514,0.10247147794925415
53.66435527801514,-0.5432659850427368,0.12493464285249795,-0.05936977742094296,0.08114219046392779
53.71480703353882,-0.5432659850427368,0.12493464285249795,-0.043678158238219744,0.059806785894952696
53.76592826843262,-0.5432659850427368,0.12493464285249795,-0.027815937576241012,0.03815889866554789
53.81639623641968,-0.5432659850427368,0.12493464285249795,-0.012193910702507083,0.01675911784248818
53.86709547042847,-0.5432659850427368,0.12493464285249795,0.003461847227061554,-0.004766792153532817
53.91776704788208,-0.5432659850427368,0.12493464285249795,0.019070809186849225,-0.02630859387729778
53.96846294403076,-0.34399128393867584,-0.1543485301451247,0.03464864599455719,-0.0478879054534711
54.019275188446045,-0.34399128393867584,-0.1543485301451247,0.05022313218879759,-0.06954353514527245
54.06965899467468,-0.34399128393867584,-0.1543485301451247,0.06562730707670106,-0.09104258148981037
54.12014150619507,-0.34399128393867584,-0.1543485301451247,0.08102238537248674,-0.112609251422509
54.17055654525757,-0.34399128393867584,-0.1543485301451247,0.09635732126196084,-0.1341721034350205
54.221142530441284,-0.34399128393867584,-0.1543485301451247,0.11170418116005765,-0.1558327117784768
54.271973609924316,-0.34399128393867584,-0.1543485301451247,0.12708463031313588,-0.17762264842088338
54.32244300842285,-0.34399128393867584,-0.1543485301451247,0.142314880669272,-0.1992812414199583
54.37301778793335,-0.34399128393867584,-0.1543485301451247,0.15753586033823685,-0.22100826626654313
54.42330050468445,-0.34399128393867584,-0.1543485301451247,0.17262785855849616,-0.24263237591992626
54.47371292114258,-0.34399128393867584,-0.1543485301451247,0.18771734152435338,-0.2643343629330792
54.52453804016113,-0.34399128393867584,-0.1543485301451247,0.20288802186045896,-0.28623592901112715
54.57508635520935,-0.34399128393867584,-0.1543485301451247,0.21793359792309497,-0.30803955425768526
54.627376556396484,-0.34399128393867584,-0.1543485301451247,0.23345272027477248,-0.3306164057412584
54.67782235145569,-0.1371289261276959,-0.45965735456464935,0.24838082435819198,-0.3524175017500859
54.72821760177612,-0.1371289261276959,-0.45965735456464935,0.2632508807595486,-0.37421645178628005
54.7786648273468,-0.1371289261276959,-0.45965735456464935,0.27809282550598935,-0.3960571184654653
54.82907557487488,-0.1371289261276959,-0.45965735456464935,0.29288030431728007,-0.417900730851668
54.87953281402588,-0.1371289261276959,-0.45965735456464935,0.3076373330448843,-0.43978275998771954
54.9299533367157,-0.1371289261276959,-0.45965735456464935,0.32233925585092704,-0.46166663910348005
54.980594635009766,-0.1371289261276959,-0.45965735456464935,0.3370606024032523,-0.4836637327253712
55.03099274635315,-0.1371289261276959,-0.45965735456464935,0.351666224527333,-0.5055720079093606
55.082600593566895,-0.1371289261276959,-0.45965735456464935,0.36657556596380925,-0.528023032525176
55.13372039794922,-0.1371289261276959,-0.45965735456464935,0.381296845840879,-0.5502780616843956
55.184306383132935,-0.1371289261276959,-0.45965735456464935,0.39581797941527697,-0.5723161763873459
55.23469567298889,-0.1371289261276959,-0.45965735456464935,0.4102364445268023,-0.5942834177413299
55.285380840301514,-0.1371289261276959,-0.45965735456464935,0.42469275177640586,-0.6163940694544616
55.335840702056885,-0.1371289261276959,-0.45965735456464935,0.4390378576221301,-0.6384203072636034
55.38651943206787,0.05430935673747778,-0.7578192540768255,0.4533977488590635,-0.660555514979783
55.43691372871399,0.05430935673747778,-0.7578192540768255,0.46762961513013934,-0.6825793403857807
55.48726511001587,0.05430935673747778,-0.7578192540768255,0.481801837270424,-0.7045967141386955
55.53778696060181,0.05430935673747778,-0.7578192540768255,0.49597400793721746,-0.7267004932303496
55.588258504867554,0.05430935673747778,-0.7578192540768255,0.510083739106018,-0.7487936300804829
55.638654708862305,0.05430935673747778,-0.7578192540768255,0.5241239295496092,-0.7708646260120422
55.68910002708435,0.05430935673747778,-0.7578192540768255,0.5381290082636645,-0.7929674785195235
55.73965549468994,0.05430935673747778,-0.7578192540768255,0.5521154082747599,-0.815128477799552
55.79013419151306,0.05430935673747778,-0.7578192540768255,0.5660310896676597,-0.8372651951046242
55.84047889709473,0.05430935673747778,-0.7578192540768255,0.5798603122481101,-0.859351978596524
55.89082884788513,0.05430935673747778,-0.7578192540768255,0.593641239841832,-0.8814493796347018
55.94119143486023,0.05430935673747778,-0.7578192540768255,0.6073755977702455,-0.9035601465285352
55.991589307785034,0.05430935673747778,-0.7578192540768255,0.6210692217045004,-0.9256937331723261
56.04196381568909,0.05430935673747778,-0.7578192540768255,0.6347058898645228,-0.9478238822569873
56.09249424934387,0.2400047097023822,-1.062565565563845,0.6483336698614592,-0.9700288802854846
56.142966508865356,0.2400047097023822,-1.062565565563845,0.6618944061277534,-0.9922141561622466
56.193683385849,0.2400047097023822,-1.062565565563845,0.6754689006246939,-1.014512324515161
56.24566650390625,0.2400047097023822,-1.062565565563845,0.6893279724737571,-1.0373722569851824
56.29627847671509,0.2400047097023822,-1.062565565563845,0.7027683709568491,-1.0596336060354308
56.34668707847595,0.2400047097023822,-1.062565565563845,0.7161024111134813,-1.0818092930372267
56.39716362953186,0.2400047097023822,-1.062565565563845,0.7294018170495584,-1.104018153115116
56.44755983352661,0.2400047097023822,-1.062565565563845,0.7426272819225925,-1.1261944296603827
56.49801325798035,0.2400047097023822,-1.062565565563845,0.7558146919038529,-1.1483981472625266
56.54888296127319,0.2400047097023822,-1.062565565563845,0.7690568936369049,-1.1707868365466312
56.599966049194336,0.2400047097023822,-1.062565565563845,0.7822998090031836,-1.1932707078708775
56.65077018737793,0.2400047097023822,-1.062565565563845,0.7954156564964343,-1.215632537512811
56.70147776603699,0.2400047097023822,-1.062565565563845,0.8084518797263014,-1.2379520770992387
56.75230002403259,0.2400047097023822,-1.062565565563845,0.8214625085166984,-1.2603217845277954
56.80301070213318,0.2400047097023822,-1.062565565563845,0.834389370077107,-1.2826415499981723
56.8538293838501,0.41944506850215535,-1.3745791339610873,0.8472882016348797,-1.3050074985775197
56.90450978279114,0.41944506850215535,-1.3745791339610873,0.8600962996544825,-1.3273107169902507
56.955239057540894,0.41944506850215535,-1.3745791339610873,0.8728608719375339,-1.34963305294734
57.01150727272034,0.41944506850215535,-1.3745791339610873,0.8869534794746745,-1.3743892504902437
57.061975955963135,0.41944506850215535,-1.3745791339610873,0.8995345484715436,-1.3965902059614352
57.11235284805298,0.41944506850215535,-1.3745791339610873,0.9120368356984467,-1.4187468221252784
57.1628053188324,0.41944506850215535,-1.3745791339610873,0.9245016786272582,-1.4409321993244637
57.21322774887085,0.41944506850215535,-1.3745791339610873,0.9369026822345248,-1.4630993738815141
57.26388382911682,0.41944506850215535,-1.3745791339610873,0.949304132623606,-1.4853637233165793
57.314719915390015,0.41944506850215535,-1.3745791339610873,0.9616919723414816,-1.5077010778694702
57.3656222820282,0.41944506850215535,-1.3745791339610873,0.9740378446909066,-1.5300608941423859
57.41630268096924,0.41944506850215535,-1.3745791339610873,0.9862718833270185,-1.5523160591290268
57.467124462127686,0.41944506850215535,-1.3745791339610873,0.998481718494606,-1.574625620443868
57.51778864860535,0.5835191342592452,-1.677575671401385,1.0105953332741322,-1.5968578138289957
57.56848168373108,0.5835191342592452,-1.677575671401385,1.0226573139078037,-1.6190939605266332
57.619317054748535,0.5835191342592452,-1.677575671401385,1.0346941539809063,-1.6413832701181015
57.67043447494507,0.5835191342592452,-1.677575671401385,1.0467379806884458,-1.6637863514211835
57.72123074531555,0.5835191342592452,-1.677575671401385,1.0586465319954574,-1.6860383229451297
57.772517681121826,0.5835191342592452,-1.677575671401385,1.0706096176832476,-1.7084942206648268
57.82313895225525,0.5835191342592452,-1.677575671401385,1.082357618053102,-1.7306472747311452
57.87351751327515,0.5835191342592452,-1.677575671401385,1.0939900949061734,-1.7526823648270464
57.92421889305115,0.5835191342592452,-1.677575671401385,1.1056372897292062,-1.7748462974324433
57.975385904312134,0.5835191342592452,-1.677575671401385,1.1173304079754134,-1.7972006800448095
58.02596855163574,0.5835191342592452,-1.677575671401385,1.1288295116097045,-1.819286297793532
58.076807498931885,0.5835191342592452,-1.677575671401385,1.1403261047883466,-1.8414698071454172
58.12769031524658,0.5835191342592452,-1.677575671401385,1.1517714171304154,-1.8636578599118536
58.17877721786499,0.5835191342592452,-1.677575671401385,1.1632008463793582,-1.8859196786597217
58.229175329208374,0.7375332444487166,-1.9802666853036235,1.1744153227473029,-1.9078658716164487
58.27961230278015,0.7375332444487166,-1.9802666853036235,1.1855777539696888,-1.9298130795301893
58.33027148246765,0.7375332444487166,-1.9802666853036235,1.19672806314602,-1.9518404374234075
58.38094782829285,0.7375332444487166,-1.9802666853036235,1.207820504916698,-1.9738581494142076
58.43147373199463,0.7375332444487166,-1.9802666853036235,1.2188184572447258,-1.9957929387870423
58.48236083984375,0.7375332444487166,-1.9802666853036235,1.229832726684907,-2.017866288449111
58.53370404243469,0.7375332444487166,-1.9802666853036235,1.2408821654930824,-2.0401183785527177
58.584068298339844,0.7375332444487166,-1.9802666853036235,1.2516587356581694,-2.0619270284247184
58.634721994400024,0.7375332444487166,-1.9802666853036235,1.262434942811472,-2.0838413418482986
58.685449838638306,0.7375332444487166,-1.9802666853036235,1.2731641455322444,-2.105767440364361
58.735990047454834,0.7375332444487166,-1.9802666853036235,1.2837910204906748,-2.127591718687809
58.786991119384766,0.7375332444487166,-1.9802666853036235,1.2944512501154237,-2.1495935132311526
58.83752226829529,0.7375332444487166,-1.9802666853036235,1.304950137130291,-2.1713707656582484
58.889082193374634,0.7375332444487166,-1.9802666853036235,1.3155978499574177,-2.193568460629904
58.94038391113281,0.8803231815988335,-2.2797831822550836,1.3261269908016724,-2.2156314647953033
58.99101662635803,0.8803231815988335,-2.2797831822550836,1.336454850530123,-2.2373832128014888
59.041776180267334,0.8803231815988335,-2.2797831822550836,1.3467446337453572,-2.259165447260842
59.092201471328735,0.8803231815988335,-2.2797831822550836,1.3569031092339183,-2.2807799248543934
59.142657995224,0.8803231815988335,-2.2797831822550836,1.3670043334819293,-2.302383014365097
59.19360613822937,0.8803231815988335,-2.2797831822550836,1.3771393358936872,-2.3241709191694353
59.24430966377258,0.8803231815988335,-2.2797831822550836,1.3871610433225179,-2.3458280767182687
59.294777631759644,0.8803231815988335,-2.2797831822550836,1.3970720208281011,-2.367358207045383
59.34510827064514,0.8803231815988335,-2.2797831822550836,1.4068921306086182,-2.38880299311659
59.39553380012512,0.8803231815988335,-2.2797831822550836,1.416666626431058,-2.410260898480191
59.446144342422485,0.8803231815988335,-2.2797831822550836,1.4264123080475053,-2.431769528108115
59.49710416793823,0.8803231815988335,-2.2797831822550836,1.4361596457182904,-2.4533977235983726
59.54800772666931,0.8803231815988335,-2.2797831822550836,1.4458303683086202,-2.474972585505361
59.59870100021362,1.0025600601566123,-2.5547573750959387,1.4553956013249594,-2.4964285414865763
59.649492502212524,1.0025600601566123,-2.5547573750959387,1.4649136469058697,-2.5178957448498154
59.700045347213745,1.0025600601566123,-2.5547573750959387,1.4743215219293582,-2.5392314161494993
59.75073719024658,1.0025600601566123,-2.5547573750959387,1.4836895785440092,-2.5605945143840287
59.80192708969116,1.0025600601566123,-2.5547573750959387,1.4930828062755217,-2.582135237503619
59.854915380477905,1.0025600601566123,-2.5547573750959387,1.5027351234241324,-2.604397997396717
59.90552282333374,1.0025600601566123,-2.5547573750959387,1.5118862791982908,-2.625626935785093
59.95597004890442,1.0025600601566123,-2.5547573750959387,1.5209427443331327,-2.6467555495997765
60.0063591003418,1.0025600601566123,-2.5547573750959387,1.5299231538893652,-2.667826281397736
60.05699443817139,1.0025600601566123,-2.5547573750959387,1.5388812922435635,-2.688965742976098
60.107378244400024,1.0025600601566123,-2.5547573750959387,1.547728991970069,-2.709965597932623
60.15769648551941,1.0025600601566123,-2.5547573750959387,1.556499427906446,-2.730903175331504
60.208091259002686,1.0025600601566123,-2.5547573750959387,1.5652172444617216,-2.751837083865507
60.258477210998535,1.0025600601566123,-2.5547573750959387,1.573867443759915,-2.7727312892369484
60.30931901931763,1.0025600601566123,-2.5547573750959387,1.5825288198963534,-2.793777489477335
60.359721660614014,1.12060328330249,-2.840963851373212,1.5910487682575756,-2.8146046572202734
60.41052961349487,1.12060328330249,-2.840963851373212,1.599570009905416,-2.83556126698462
60.46125340461731,1.12060328330249,-2.840963851373212,1.6080097223565633,-2.856444551396908
60.512375831604004,1.12060328330249,-2.840963851373212,1.6164475158177005,-2.877452398862176
60.56401991844177,1.12060328330249,-2.840963851373212,1.624901751943183,-2.898633755960562
60.61447811126709,1.12060328330249,-2.840963851373212,1.6330941497594393,-2.9192885507992736
60.665239334106445,1.12060328330249,-2.840963851373212,1.6412681404255007,-2.940026804729922
60.715877532958984,1.12060328330249,-2.840963851373212,1.6493546760277342,-2.960673729511048
60.76631689071655,1.12060328330249,-2.840963851373212,1.6573422142334069,-2.9811982970988047
60.81686973571777,1.12060328330249,-2.840963851373212,1.6652803092254402,-3.0017271985248257
60.867398500442505,1.12060328330249,-2.840963851373212,1.6731471060734295,-3.0222039539727703
60.91787886619568,1.12060328330249,-2.840963851373212,1.6809388916689703,-3.0426182965304456
60.96843147277832,1.12060328330249,-2.840963851373212,1.6886741691657123,-3.063018479745078
61.01908802986145,1.12060328330249,-2.840963851373212,1.6963573682818032,-3.083416568188537
61.06955027580261,1.229109874231253,-3.1279656329883117,1.7039433669210209,-3.103692075779699
61.11992883682251,1.229109874231253,-3.1279656329883117,1.7114492912770174,-3.123889319530822
61.17060375213623,1.229109874231253,-3.1279656329883117,1.7189312738370186,-3.144159876266002
61.2217493057251,1.229109874231253,-3.1279656329883117,1.72641343400272,-3.1645719130301426
61.27223181724548,1.229109874231253,-3.1279656329883117,1.7337302562869532,-3.1846727412475193
61.32311487197876,1.229109874231253,-3.1279656329883117,1.7410363717621844,-3.204885710597396
61.373783349990845,1.229109874231253,-3.1279656329883117,1.748243027263818,-3.224965706680705
61.42489457130432,1.229109874231253,-3.1279656329883117,1.7554431977388048,-3.2451723940963886
61.475454330444336,1.229109874231253,-3.1279656329883117,1.7624969989707449,-3.2651123703020897
61.52608799934387,1.229109874231253,-3.1279656329883117,1.7694926043100239,-3.2850324624298968
61.57678437232971,1.229109874231253,-3.1279656329883117,1.7764281436260088,-3.304927565627648
61.62726187705994,1.229109874231253,-3.1279656329883117,1.7832653714119506,-3.324686916061441
61.67829871177673,1.229109874231253,-3.1279656329883117,1.7901089610525411,-3.3446141310685267
61.72900700569153,1.229109874231253,-3.1279656329883117,1.7968393480940745,-3.3643616987356686
61.77960801124573,1.3230102333654334,-3.4010179945692562,1.8034867528923515,-3.3840159487995125
61.83026170730591,1.3230102333654334,-3.4010179945692562,1.810072269395067,-3.4036386102388017
61.88073015213013,1.3230102333654334,-3.4010179945692562,1.8165652012861968,-3.423137222598353
61.93115854263306,1.3230102333654334,-3.4010179945692562,1.8229846579993585,-3.4425677471703615
61.98154377937317,1.3230102333654334,-3.4010179945692562,1.829330387307476,-3.4619286367622353
62.032135009765625,1.3230102333654334,-3.4010179945692562,1.835633411962548,-3.4813148854611446
62.083048820495605,1.3230102333654334,-3.4010179945692562,1.8419071553876152,-3.5007698315657434
62.1369833946228,1.3230102333654334,-3.4010179945692562,1.8484770862478679,-3.521318420781049
62.18748688697815,1.3230102333654334,-3.4010179945692562,1.854558123924411,-3.5405027304586643
62.2381010055542,1.3230102333654334,-3.4010179945692562,1.8605836276111996,-3.5596731941331763
62.28880572319031,1.3230102333654334,-3.4010179945692562,1.866550788126683,-3.5788214085622103
62.33973455429077,1.3230102333654334,-3.4010179945692562,1.8724746613662875,-3.5979967785118268
62.39073944091797,1.3230102333654334,-3.4010179945692562,1.8783373992666625,-3.6171425588093573
62.441415786743164,1.3230102333654334,-3.4010179945692562,1.884093006750469,-3.636106821954029
62.49207663536072,1.4049822423272418,-3.6668915916511113,1.8897777382098193,-3.655006826640688
62.542957067489624,1.4049822423272418,-3.6668915916511113,1.8954175509868896,-3.6739294375848406
62.59385061264038,1.4049822423272418,-3.6668915916511113,1.9009890803888978,-3.692796976736897
62.644301414489746,1.4049822423272418,-3.6668915916511113,1.9064433035819217,-3.711440727716915
62.69571924209595,1.4049822423272418,-3.6668915916511113,1.911931555425587,-3.7303802387948135
62.746928453445435,1.4049822423272418,-3.6668915916511113,1.9173267925399191,-3.749180613204411
62.79736351966858,1.4049822423272418,-3.6668915916511113,1.922571465245106,-3.767635535909706
62.847760915756226,1.4049822423272418,-3.6668915916511113,1.9277438296163463,-3.7860155006453264
62.89821934700012,1.4049822423272418,-3.6668915916511113,1.9328539801040843,-3.8043559978975052
62.948907136917114,1.4049822423272418,-3.6668915916511113,1.9379183853915767,-3.822717207770621
62.99953007698059,1.4049822423272418,-3.6668915916511113,1.9429073302427264,-3.840991783120838
63.05010747909546,1.4049822423272418,-3.6668915916511113,1.9478229616051577,-3.859186436085754
63.10268807411194,1.4049822423272418,-3.6668915916511113,1.9528603699409586,-3.8780339423157546
63.153350591659546,1.4049822423272418,-3.6668915916511113,1.9576437308723555,-3.896128080015236
63.203697204589844,1.472229650878622,-3.9163284518448496,1.9623289510169728,-3.9140449202720244
63.25410008430481,1.472229650878622,-3.9163284518448496,1.9669512189454745,-3.9319169503828437
63.304558992385864,1.472229650878622,-3.9163284518448496,1.9715103133637797,-3.949743414217142
63.35495924949646,1.472229650878622,-3.9163284518448496,1.9759959086473098,-3.9674833490361276
63.405436992645264,1.472229650878622,-3.9163284518448496,1.980420115447743,-3.985184182717944
63.45582437515259,1.472229650878622,-3.9163284518448496,1.9847682834426403,-4.002786632019819
63.50627875328064,1.472229650878622,-3.9163284518448496,1.989054075931048,-4.0203452647254
63.55670237541199,1.472229650878622,-3.9163284518448496,1.9932691550054653,-4.037825541626516
63.60729002952576,1.472229650878622,-3.9163284518448496,1.9974295746173956,-4.055294271539305
63.65772342681885,1.472229650878622,-3.9163284518448496,2.001509181492808,-4.072641077608378
63.70804953575134,1.472229650878622,-3.9163284518448496,2.0055123492594267,-4.089882205231769
63.758508920669556,1.472229650878622,-3.9163284518448496,2.009458208130275,-4.107099573007999
63.80919551849365,1.472229650878622,-3.9163284518448496,2.0133534243714504,-4.124324042504236
63.85961866378784,1.472229650878622,-3.9163284518448496,2.0171604155997542,-4.141388507864662
63.91004967689514,1.5258255762037736,-4.151019543263674,2.020900236577388,-4.158384886765287
63.961262226104736,1.5258255762037736,-4.151019543263674,2.024628717961003,-4.175571803135992
64.01237916946411,1.5258255762037736,-4.151019543263674,2.0282806649804845,-4.192652969260252
64.06304550170898,1.5258255762037736,-4.151019543263674,2.0318318875161467,-4.209510488623102
64.11348176002502,1.5258255762037736,-4.151019543263674,2.035299282080948,-4.226218769045437
64.16387748718262,1.5258255762037736,-4.151019543263674,2.038696487250603,-4.242840754141843
64.21619486808777,1.5258255762037736,-4.151019543263674,2.04215202382498,-4.26001903887218
64.26722621917725,1.5258255762037736,-4.151019543263674,2.0454528022253475,-4.276698526997636
64.31779670715332,1.5258255762037736,-4.151019543263674,2.0486558263689867,-4.293152385507096
64.36821746826172,1.5258255762037736,-4.151019543263674,2.0517821025689225,-4.309482774183946
64.41884255409241,1.5258255762037736,-4.151019543263674,2.0548535483076606,-4.325803815343347
64.46937537193298,1.5258255762037736,-4.151019543263674,2.0578520213056413,-4.342019214353412
64.51989483833313,1.5258255762037736,-4.151019543263674,2.0607824936110117,-4.358154109099512
64.57033252716064,1.5258255762037736,-4.151019543263674,2.063641265686346,-4.374186440610766
64.62080979347229,1.5669785811239203,-4.37200017482928,2.0664353817980965,-4.3901544606110505
64.6711585521698,1.5669785811239203,-4.37200017482928,2.0691557979641715,-4.406004784825216
64.72291779518127,1.5669785811239203,-4.37200017482928,2.071883192177148,-4.4222185012505015
64.77352046966553,1.5669785811239203,-4.37200017482928,2.0744818787035935,-4.437990457946404
64.8238787651062,1.5669785811239203,-4.37200017482928,2.0770015922670004,-4.453607835498161
64.87481641769409,1.5669785811239203,-4.37200017482928,2.0794829776949193,-4.469324893415713
64.92651796340942,1.5669785811239203,-4.37200017482928,2.081932442073806,-4.485194954688457
64.97812032699585,1.5669785811239203,-4.37200017482928,2.0843078619624205,-4.500951061992014
65.02894735336304,1.5669785811239203,-4.37200017482928,2.086579967027796,-4.516388449953402
65.07972812652588,1.5669785811239203,-4.37200017482928,2.088783086608451,-4.531730127189382
65.13071942329407,1.5669785811239203,-4.37200017482928,2.0909281403431703,-4.547052860498497
65.18141841888428,1.5669785811239203,-4.37200017482928,2.0929942430637176,-4.5622053428347105
65.23244047164917,1.5669785811239203,-4.37200017482928,2.0950065199531527,-4.577371002531887
65.28310227394104,1.5669785811239203,-4.37200017482928,2.096938204511155,-4.592346422138489
65.33401441574097,1.5957057909478893,-4.578627640575817,2.098812906182716,-4.607311955995135
65.38554382324219,1.5957057909478893,-4.578627640575817,2.100642544031294,-4.6223728944918765
65.43635606765747,1.5957057909478893,-4.578627640575817,2.102380050789014,-4.6371390576602245
65.48669576644897,1.5957057909478893,-4.578627640575817,2.104036236099909,-4.6516841138149045
65.53718852996826,1.5957057909478893,-4.578627640575817,2.1056324200894263,-4.666189234336139
65.58763289451599,1.5957057909478893,-4.578627640575817,2.1071621508622744,-4.680595897008722
65.6382839679718,1.5957057909478893,-4.578627640575817,2.108632980493246,-4.694976173949526
65.689040184021,1.5957057909478893,-4.578627640575817,2.110041481621077,-4.709300051870118
65.7398750782013,1.5957057909478893,-4.578627640575817,2.1113866916866106,-4.723559205088002
65.79031991958618,1.5957057909478893,-4.578627640575817,2.1126569348513193,-4.737622570058784
65.8408100605011,1.5957057909478893,-4.578627640575817,2.1138639647366007,-4.751612023761596
65.89148020744324,1.5957057909478893,-4.578627640575817,2.1150107018695676,-4.765563931565019
65.94216322898865,1.5957057909478893,-4.578627640575817,2.116093128655896,-4.779431397062712
65.99296045303345,1.5957057909478893,-4.578627640575817,2.1171133025288835,-4.7932414357326625
66.04370951652527,1.6120909348917,-4.768244119981396,2.1180679750149167,-4.806949357640168
66.0947995185852,1.6120909348917,-4.768244119981396,2.1189640481738814,-4.820659112398555
66.14556932449341,1.6120909348917,-4.768244119981396,2.119790029839863,-4.834192858442348
66.19757294654846,1.6120909348917,-4.768244119981396,2.12056960094707,-4.847962013245793
66.25029921531677,1.6120909348917,-4.768244119981396,2.1212914741113638,-4.861825508237161
66.30163407325745,1.6120909348917,-4.768244119981396,2.121928158364124,-4.875228931388849
66.35217905044556,1.6120909348917,-4.768244119981396,2.1224914416795815,-4.888334919790351
66.4027853012085,1.6120909348917,-4.768244119981396,2.1229923327141274,-4.90136577965455
66.45439124107361,1.6120909348917,-4.768244119981396,2.1234382804095366,-4.914559896824255
66.50527811050415,1.6120909348917,-4.768244119981396,2.123814062339285,-4.927476703806541
66.55573391914368,1.6120909348917,-4.768244119981396,2.1241241190883526,-4.940192104661106
66.60648655891418,1.6120909348917,-4.768244119981396,2.124373331746067,-4.9528895506517605
66.65744805335999,1.6120909348917,-4.768244119981396,2.1245604912551035,-4.96554528809728
66.70817875862122,1.6120909348917,-4.768244119981396,2.1246841867768094,-4.978049846039757
66.75864934921265,1.6160144313339704,-4.9392038233338456,2.124745416406228,-4.990397010585035
66.80915212631226,1.6160144313339704,-4.9392038233338456,2.124745117313493,-5.002658581034415
66.86022710800171,1.6160144313339704,-4.9392038233338456,2.1246823457924924,-5.014963638432069
66.91148138046265,1.6160144313339704,-4.9392038233338456,2.1245563753668493,-5.027215059614278
66.9625928401947,1.6160144313339704,-4.9392038233338456,2.1243681061262594,-5.039335400753975
67.01328444480896,1.6160144313339704,-4.9392038233338456,2.12411976438799,-5.051260221326282
67.06372451782227,1.6160144313339704,-4.9392038233338456,2.12381191942168,-5.063030686964007
67.1143651008606,1.6160144313339704,-4.9392038233338456,2.123442079758525,-5.074752098691762
67.16486859321594,1.6160144313339704,-4.9392038233338456,2.1230127732039707,-5.086345807858399
67.21571922302246,1.6160144313339704,-4.9392038233338456,2.122519685791821,-5.097922046953237
67.26627278327942,1.6160144313339704,-4.9392038233338456,2.121969155297244,-5.10933369345582
67.31671071052551,1.6160144313339704,-4.9392038233338456,2.121360124559179,-5.120622569129663
67.36761689186096,1.6160144313339704,-4.9392038233338456,2.120685100225179,-5.131918019514458
67.4181227684021,1.6160144313339704,-4.9392038233338456,2.119955664532461,-5.143026808340177
67.46849179267883,1.6086036283026426,-5.0921258309036785,2.119169148939991,-5.154008126961841
67.5189437866211,1.6086036283026426,-5.0921258309036785,2.118322402779351,-5.164909746830286
67.56925082206726,1.6086036283026426,-5.0921258309036785,2.1174195477919797,-5.175682291384518
67.61981153488159,1.6086036283026426,-5.0921258309036785,2.116453430570037,-5.18641049938223
67.67028856277466,1.6086036283026426,-5.0921258309036785,2.1154303938248695,-5.197021985899546
67.72085380554199,1.6086036283026426,-5.0921258309036785,2.1143471405711285,-5.207552572099261
67.77134799957275,1.6086036283026426,-5.0921258309036785,2.1132072490994833,-5.217968739252957
67.82182502746582,1.6086036283026426,-5.0921258309036785,2.1120098529176112,-5.228281565784325
67.87226366996765,1.6086036283026426,-5.0921258309036785,2.110755749634019,-5.238486586303562
67.92320013046265,1.6086036283026426,-5.0921258309036785,2.1094310212030574,-5.248690620553939
67.97368884086609,1.6086036283026426,-5.0921258309036785,2.1080603774282776,-5.258703801355318
68.02479076385498,1.6086036283026426,-5.0921258309036785,2.1066149412006707,-5.2687357497160825
68.0752387046814,1.6086036283026426,-5.0921258309036785,2.105130832270148,-5.278537533311464
68.12564659118652,1.6086036283026426,-5.0921258309036785,2.1035913738244787,-5.2882302462740585
68.1776876449585,1.5900588431622562,-5.225681436153853,2.1019429775025964,-5.298130474609279
68.22809839248657,1.5900588431622562,-5.225681436153853,2.100289223633305,-5.307617084431727
68.27914524078369,1.5900588431622562,-5.225681436153853,2.098557663626295,-5.317119354383442
68.32969331741333,1.5900588431622562,-5.225681436153853,2.0967867796333466,-5.326425332903417
68.38021492958069,1.5900588431622562,-5.225681436153853,2.094961116147819,-5.335623307657075
68.43125557899475,1.5900588431622562,-5.225681436153853,2.093060364310741,-5.344810803485977
68.48272490501404,1.5900588431622562,-5.225681436153853,2.0910865409556294,-5.353968338026261
68.53344130516052,1.5900588431622562,-5.225681436153853,2.089085723370362,-5.3628864135962395
68.58405923843384,1.5900588431622562,-5.225681436153853,2.0870337191490655,-5.371682492670908
68.63469529151917,1.5900588431622562,-5.225681436153853,2.0849261575179554,-5.38037682091243
68.68640446662903,1.5900588431622562,-5.225681436153853,2.0827175773468563,-5.389146858476348
68.73704648017883,1.5900588431622562,-5.225681436153853,2.0804996152824136,-5.397629324823301
68.78765988349915,1.5900588431622562,-5.225681436153853,2.0782287936931088,-5.4060013646595975
68.8412413597107,1.5900588431622562,-5.225681436153853,2.0757661133149514,-5.414749001189794
68.89204478263855,1.560880494128778,-5.338599422539966,2.073375609258557,-5.422933256381071
68.94242310523987,1.560880494128778,-5.338599422539966,2.0709519907385587,-5.4309431987341785
68.99290585517883,1.560880494128778,-5.338599422539966,2.0684705226216265,-5.438863786587428
69.04343628883362,1.560880494128778,-5.338599422539966,2.065933989564152,-5.446685395985182
69.09396409988403,1.560880494128778,-5.338599422539966,2.06334508240589,-5.454399857818759
69.15146732330322,1.560880494128778,-5.338599422539966,2.060335199404485,-5.4630491473719065
69.20200395584106,1.560880494128778,-5.338599422539966,2.0576343579210317,-5.470535900282528
69.2524163722992,1.560880494128778,-5.338599422539966,2.054888573200774,-5.477897134202385
69.30287289619446,1.560880494128778,-5.338599422539966,2.0520890410391437,-5.48515745432168
69.35331177711487,1.560880494128778,-5.338599422539966,2.0492393892295655,-5.492307664605524
69.40404558181763,1.560880494128778,-5.338599422539966,2.0463217824903914,-5.499390959663602
69.4547700881958,1.560880494128778,-5.338599422539966,2.043353530970334,-5.50636372135639
69.50533390045166,1.560880494128778,-5.338599422539966,2.040343999718477,-5.513205465606834
69.55595660209656,1.5247923923067481,-5.425814718171627,2.0372805222978103,-5.519946014390397
69.60666704177856,1.5247923923067481,-5.425814718171627,2.0341613857103313,-5.526588517566683
69.65733313560486,1.5247923923067481,-5.425814718171627,2.030994903161326,-5.533115318480524
69.70808911323547,1.5247923923067481,-5.425814718171627,2.0277728737785488,-5.539543347932408
69.75887775421143,1.5247923923067481,-5.425814718171627,2.024499006596651,-5.545864748955319
69.80960631370544,1.5247923923067481,-5.425814718171627,2.021179578887684,-5.552067860133329
69.8607017993927,1.5247923923067481,-5.425814718171627,2.0177864630172997,-5.5582036809041755
69.91120481491089,1.5247923923067481,-5.425814718171627,2.0143839583430294,-5.564157540615431
69.96187806129456,1.5247923923067481,-5.425814718171627,2.0109215519043135,-5.570020544535614
70.0124340057373,1.5247923923067481,-5.425814718171627,2.0074190755804957,-5.575759055330518
70.06309652328491,1.5247923923067481,-5.425814718171627,2.003861298022232,-5.581398326507516
70.11349534988403,1.5247923923067481,-5.425814718171627,2.000274705849403,-5.586897471732758
70.16409182548523,1.5247923923067481,-5.425814718171627,1.996626825611608,-5.5923068594495025
70.21456527709961,1.5247923923067481,-5.425814718171627,1.9929409373760214,-5.597591775238988
70.2652690410614,1.4772522344940098,-5.4979278206559306,1.9891913567080972,-5.602788677397967
70.31601047515869,1.4772522344940098,-5.4979278206559306,1.9853922280712988,-5.607876749844622
70.36695289611816,1.4772522344940098,-5.4979278206559306,1.981531267351847,-5.612871392512689
70.4177348613739,1.4772522344940098,-5.4979278206559306,1.977636087480469,-5.617736854975045
70.46837425231934,1.4772522344940098,-5.4979278206559306,1.9737060056006688,-5.622475690875044
70.51934337615967,1.4772522344940098,-5.4979278206559306,1.9697043894917559,-5.627131299002658
70.57022380828857,1.4772522344940098,-5.4979278206559306,1.9656640430798957,-5.63166448008412
70.62070536613464,1.4772522344940098,-5.4979278206559306,1.9616105290208168,-5.636049071992229
70.67129445075989,1.4772522344940098,-5.4979278206559306,1.957503849654306,-5.64032987459861
70.72210550308228,1.4772522344940098,-5.4979278206559306,1.9533345590942253,-5.644515304168497
70.77255511283875,1.4772522344940098,-5.4979278206559306,1.949150990889891,-5.6485576166810265
70.8231110572815,1.4772522344940098,-5.4979278206559306,1.9449149669428762,-5.652494998799807
70.87348198890686,1.4772522344940098,-5.4979278206559306,1.94065127929441,-5.656304874597183
70.92580676078796,1.4772522344940098,-5.4979278206559306,1.9361768806280482,-5.660142831092465
70.97643780708313,1.4211598730804025,-5.549107667238636,1.9318036369464626,-5.663740285269304
71.02701878547668,1.4211598730804025,-5.549107667238636,1.9273921089943822,-5.66721984964448
71.0775854587555,1.4211598730804025,-5.549107667238636,1.922939544296916,-5.670584062067332
71.12804555892944,1.4211598730804025,-5.549107667238636,1.9184545039730843,-5.673827056427983
71.1789653301239,1.4211598730804025,-5.549107667238636,1.9138865084463748,-5.676983886608317
71.22944283485413,1.4211598730804025,-5.549107667238636,1.909316737451926,-5.679998443987553
71.28013586997986,1.4211598730804025,-5.549107667238636,1.9046862101889477,-5.682910656045015
71.33053851127625,1.4211598730804025,-5.549107667238636,1.9000415202412766,-5.685691586820909
71.3809711933136,1.4211598730804025,-5.549107667238636,1.895353743322317,-5.688359679712162
71.4314272403717,1.4211598730804025,-5.549107667238636,1.8906237259802063,-5.690914278742507
71.4822609424591,1.4211598730804025,-5.549107667238636,1.8858180715061603,-5.693371830440752
71.53298139572144,1.4211598730804025,-5.549107667238636,1.8809831711828544,-5.695707577806521
71.58346605300903,1.4211598730804025,-5.549107667238636,1.8761314138577179,-5.697916962031078
71.6349949836731,1.4211598730804025,-5.549107667238636,1.8711391360051477,-5.700053097014228
71.6859564781189,1.3572151308529232,-5.578131583174273,1.8661622334519752,-5.702047407099711
71.73691272735596,1.3572151308529232,-5.578131583174273,1.8611467748505803,-5.703923774840961
71.78881454467773,1.3572151308529232,-5.578131583174273,1.8559984029398322,-5.705713824227864
71.83966326713562,1.3572151308529232,-5.578131583174273,1.8509158076088945,-5.707348894531147
71.89011526107788,1.3572151308529232,-5.578131583174273,1.845835329610875,-5.708855037851493
71.94077825546265,1.3572151308529232,-5.578131583174273,1.840696280947564,-5.710250943346175
71.99158525466919,1.3572151308529232,-5.578131583174273,1.835505369714848,-5.711533445458404
72.04218673706055,1.3572151308529232,-5.578131583174273,1.8302986788748667,-5.712693844658755
72.09396457672119,1.3572151308529232,-5.578131583174273,1.8249332715056057,-5.713760351383866
72.14435410499573,1.3572151308529232,-5.578131583174273,1.8196754471153427,-5.714680792764175
72.19496035575867,1.3572151308529232,-5.578131583174273,1.8143592997591285,-5.715488489868053
72.2454035282135,1.3572151308529232,-5.578131583174273,1.8090249754948873,-5.716177117675311
72.29584455490112,1.3572151308529232,-5.578131583174273,1.8036559346423062,-5.716749370147607
72.34629511833191,1.3572151308529232,-5.578131583174273,1.7982512319869017,-5.717205282103016
72.39661312103271,1.2861333825873766,-5.5840596145280195,1.7928265221827555,-5.717543925910504
72.44709062576294,1.2861333825873766,-5.5840596145280195,1.7873505980840547,-5.7177671072544545
72.4984233379364,1.2861333825873766,-5.5840596145280195,1.7817472739060571,-5.717874300423954
72.54927897453308,1.2861333825873766,-5.5840596145280195,1.7761619134549893,-5.717861337318185
72.59988689422607,1.2861333825873766,-5.5840596145280195,1.7705703692136887,-5.717730639222132
72.65058517456055,1.2861333825873766,-5.5840596145280195,1.7649357585150756,-5.71748182577867
72.70199799537659,1.2861333825873766,-5.5840596145280195,1.7591882420709752,-5.717108957220756
72.75347065925598,1.2861333825873766,-5.5840596145280195,1.7534005800722754,-5.71661399772008
72.80477380752563,1.2861333825873766,-5.5840596145280195,1.747598998692647,-5.715999491203384
72.85526609420776,1.2861333825873766,-5.5840596145280195,1.741857284344987,-5.715276527297087
72.90563106536865,1.2861333825873766,-5.5840596145280195,1.7360989068262813,-5.714438558775337
72.95625233650208,1.2861333825873766,-5.5840596145280195,1.7302802027229143,-5.713478714388582
73.0071930885315,1.2861333825873766,-5.5840596145280195,1.7243937004780108,-5.712393746492944
73.05765509605408,1.2861333825873766,-5.5840596145280195,1.7185321041494694,-5.711201179466168
73.10847353935242,1.2088111715110332,-5.567139719171071,1.7125988329580992,-5.709881672749106
73.15909361839294,1.2088111715110332,-5.567139719171071,1.706658842084022,-5.708449050467457
73.20968675613403,1.2088111715110332,-5.567139719171071,1.7006925364191077,-5.706899224455263
73.26239681243896,1.2088111715110332,-5.567139719171071,1.6944455912222636,-5.705159086121384
73.31285452842712,1.2088111715110332,-5.567139719171071,1.6884362802049901,-5.703373338862802
73.36439442634583,1.2088111715110332,-5.567139719171071,1.6822688315465595,-5.701428124858076
73.41519260406494,1.2088111715110332,-5.567139719171071,1.6761615404631864,-5.699391068069563
73.46596240997314,1.2088111715110332,-5.567139719171071,1.6700296207849847,-5.697236268891807
73.5169472694397,1.2088111715110332,-5.567139719171071,1.663843846985964,-5.694952730419815
73.56781053543091,1.2088111715110332,-5.567139719171071,1.6576453165202887,-5.692555195833807
73.61884236335754,1.2088111715110332,-5.567139719171071,1.6513989635408275,-5.690029819508162
73.66996121406555,1.2088111715110332,-5.567139719171071,1.645114898099917,-5.68737973461569
73.7211046218872,1.2088111715110332,-5.567139719171071,1.638801046893323,-5.684607787835887
73.7720959186554,1.2088111715110332,-5.567139719171071,1.6324796557308408,-5.681724010847387
73.82293224334717,1.1247288982521912,-5.526673086321876,1.6261516499268969,-5.678729656965425
73.87360644340515,1.1247288982521912,-5.526673086321876,1.6198184916849272,-5.6756262735736644
73.92412877082825,1.1247288982521912,-5.526673086321876,1.6134794628700317,-5.6724143472168915
73.97459864616394,1.1247288982521912,-5.526673086321876,1.607122566515084,-5.669088288226423
74.02505898475647,1.1247288982521912,-5.526673086321876,1.6007427686696662,-5.665645504158901
74.07579588890076,1.1247288982521912,-5.526673086321876,1.5943040351345972,-5.662065564147184
74.12643361091614,1.1247288982521912,-5.526673086321876,1.5878542548286123,-5.65837438526782
74.17713117599487,1.1247288982521912,-5.526673086321876,1.5813735319013618,-5.654560541446751
74.2275984287262,1.1247288982521912,-5.526673086321876,1.5748994042410518,-5.650646486874138
74.27807140350342,1.1247288982521912,-5.526673086321876,1.568402073739542,-5.646614732973925
74.32872986793518,1.1247288982521912,-5.526673086321876,1.5618586022537606,-5.642450289194281
74.38020968437195,1.1247288982521912,-5.526673086321876,1.5551865310880562,-5.63809738881843
74.43070006370544,1.1247288982521912,-5.526673086321876,1.548620994001551,-5.633709776490301
74.48113083839417,1.1247288982521912,-5.526673086321876,1.5420420853442067,-5.62921037034074
74.53162598609924,1.037740141899703,-5.464234904042785,1.5354339588913846,-5.624588139823205
74.58265137672424,1.037740141899703,-5.464234904042785,1.528735615840813,-5.619798415388504
74.63334894180298,1.037740141899703,-5.464234904042785,1.522059911509118,-5.6149210896279245
74.68410682678223,1.037740141899703,-5.464234904042785,1.5153562342699156,-5.609919814133964
74.73491621017456,1.037740141899703,-5.464234904042785,1.5086260203658843,-5.604795126972334
74.78591680526733,1.037740141899703,-5.464234904042785,1.5018509621779803,-5.599532150223713
74.83674883842468,1.037740141899703,-5.464234904042785,1.4950791798151837,-5.594167996818779
74.88784408569336,1.037740141899703,-5.464234904042785,1.4882534418916133,-5.588656840095499
74.93899941444397,1.037740141899703,-5.464234904042785,1.4814010499114765,-5.58301952925859
74.98961567878723,1.037740141899703,-5.464234904042785,1.4746028611580206,-5.577323839226207
75.04087114334106,1.037740141899703,-5.464234904042785,1.4677009157902117,-5.5714369110598785
75.09153389930725,1.037740141899703,-5.464234904042785,1.4608614153627952,-5.565500152768664
75.1419312953949,1.037740141899703,-5.464234904042785,1.4540409421189036,-5.55947827062937
75.19280552864075,1.037740141899703,-5.464234904042785,1.447139283808338,-5.553281932614908
75.24398279190063,0.9470682313290767,-5.378483876981719,1.440179979078948,-5.546929686079206
75.2947678565979,0.9470682313290767,-5.378483876981719,1.4332579533904746,-5.540508226409479
75.3453164100647,0.9470682313290767,-5.378483876981719,1.4263526216209657,-5.534000144000908
75.39598751068115,0.9470682313290767,-5.378483876981719,1.4194153234204994,-5.527359700145155
75.44656324386597,0.9470682313290767,-5.378483876981719,1.4124762172776197,-5.52061545691107
75.50043654441833,0.9470682313290767,-5.378483876981719,1.4050687207409407,-5.513303800529027
75.55497193336487,0.9470682313290767,-5.378483876981719,1.3975538300307087,-5.505768257704642
75.60545349121094,0.9470682313290767,-5.378483876981719,1.3905832473988804,-5.498672793538248
75.65588736534119,0.9470682313290767,-5.378483876981719,1.3836058599457215,-5.491468873460059
75.70644068717957,0.9470682313290767,-5.378483876981719,1.3765988519845362,-5.484132490520485
75.75740313529968,0.9470682313290767,-5.378483876981719,1.3695222069130337,-5.476619907098859
75.80870389938354,0.9470682313290767,-5.378483876981719,1.3623858194656595,-5.468939104009244
75.86015892028809,0.9470682313290767,-5.378483876981719,1.3552154619613521,-5.461116057005414
75.91061973571777,0.9470682313290767,-5.378483876981719,1.3481718209497737,-5.453328399796204
75.96092748641968,0.8539798083017048,-5.2705602917781125,1.3411382208317335,-5.4454503752028875
76.01126337051392,0.8539798083017048,-5.2705602917781125,1.3340897020123814,-5.437454159872551
76.06171178817749,0.8539798083017048,-5.2705602917781125,1.3270147328374162,-5.429325999217638
76.11211681365967,0.8539798083017048,-5.2705602917781125,1.3199354916957955,-5.421090914330336
76.16254663467407,0.8539798083017048,-5.2705602917781125,1.312842740904475,-5.412737963837028
76.21317410469055,0.8539798083017048,-5.2705602917781125,1.3057124386238124,-5.404237902739803
76.26402306556702,0.8539798083017048,-5.2705602917781125,1.2985414451604973,-5.395585448886876
76.31469416618347,0.8539798083017048,-5.2705602917781125,1.291386405885032,-5.386848554250551
76.36528396606445,0.8539798083017048,-5.2705602917781125,1.284234093382432,-5.3780115974587055
76.41601181030273,0.8539798083017048,-5.2705602917781125,1.277053820332491,-5.369036223435203
76.46647644042969,0.8539798083017048,-5.2705602917781125,1.2699027494507042,-5.359994003561429
76.51701235771179,0.8539798083017048,-5.2705602917781125,1.2627338612604264,-5.350825804908855
76.5674831867218,0.8539798083017048,-5.2705602917781125,1.255566834044897,-5.341556506094574
76.61840033531189,0.8539798083017048,-5.2705602917781125,1.2483293013551617,-5.332091064458966
76.66913604736328,0.7578393952456577,-5.138610720717736,1.2411107778083315,-5.322545454325467
76.71958136558533,0.7578393952456577,-5.138610720717736,1.2339271950475545,-5.312941927499297
76.77007961273193,0.7578393952456577,-5.138610720717736,1.226730041390236,-5.303216087509924
76.82057619094849,0.7578393952456577,-5.138610720717736,1.2195274221728802,-5.293378450695325
76.87109565734863,0.7578393952456577,-5.138610720717736,1.2123161643450973,-5.283424336946444
76.9216845035553,0.7578393952456577,-5.138610720717736,1.205089950881396,-5.273344456669926
76.97227621078491,0.7578393952456577,-5.138610720717736,1.1978586068993635,-5.2631520045201015
77.02307462692261,0.7578393952456577,-5.138610720717736,1.1905933026555302,-5.2528054004804865
77.07394886016846,0.7578393952456577,-5.138610720717736,1.1833130602568724,-5.242330553781293
77.12462592124939,0.7578393952456577,-5.138610720717736,1.176057296603744,-5.231784266064659
77.17509579658508,0.7578393952456577,-5.138610720717736,1.1688278230946376,-5.221170151045014
77.22587537765503,0.7578393952456577,-5.138610720717736,1.1615509231179182,-5.210379360376155
77.27659511566162,0.7578393952456577,-5.138610720717736,1.1542798669250558,-5.199489798849097
77.32701349258423,0.7578393952456577,-5.138610720717736,1.147049638650988,-5.188554708138876
77.37768578529358,0.6617397334197744,-4.9860313577655635,1.1397809449351382,-5.177454014291472
77.42836141586304,0.6617397334197744,-4.9860313577655635,1.1325100473186778,-5.166241974368291
77.47886157035828,0.6617397334197744,-4.9860313577655635,1.1252629417890785,-5.154958921655044
77.52973175048828,0.6617397334197744,-4.9860313577655635,1.1179616715185858,-5.143482553350118
77.58031606674194,0.6617397334197744,-4.9860313577655635,1.1107007041854584,-5.131960778384411
77.63119721412659,0.6617397334197744,-4.9860313577655635,1.1033967330015844,-5.120261056844015
77.68179774284363,0.6617397334197744,-4.9860313577655635,1.0961329823154797,-5.108516335648263
77.73282170295715,0.6617397334197744,-4.9860313577655635,1.088808720491328,-5.096562960556933
77.78361415863037,0.6617397334197744,-4.9860313577655635,1.0815182963303873,-5.084553967603075
77.83431673049927,0.6617397334197744,-4.9860313577655635,1.0742417090741514,-5.072457142966531
77.88584923744202,0.6617397334197744,-4.9860313577655635,1.0668473122701583,-5.060050869621318
77.93695068359375,0.6617397334197744,-4.9860313577655635,1.059516400833906,-5.047637674050564
77.98750185966492,0.6617397334197744,-4.9860313577655635,1.0522663614585261,-5.035249923950254
78.03853058815002,0.6617397334197744,-4.9860313577655635,1.0449501131638,-5.022636222838388
78.0893542766571,0.5665876549510263,-4.813940823003567,1.0376658727300843,-5.009964670015041
78.1397955417633,0.5665876549510263,-4.813940823003567,1.0304393449463976,-4.997281609669747
78.19044876098633,0.5665876549510263,-4.813940823003567,1.0231856870709692,-4.984438377057518
78.24106478691101,0.5665876549510263,-4.813940823003567,1.015940919896536,-4.971497838233395
78.2915267944336,0.5665876549510263,-4.813940823003567,1.0087220681354192,-4.958490713891347
78.34265422821045,0.5665876549510263,-4.813940823003567,1.001412294964064,-4.94520442323061
78.3934645652771,0.5665876549510263,-4.813940823003567,0.9941524458340223,-4.931893449693339
78.44423007965088,0.5665876549510263,-4.813940823003567,0.9869038964332595,-4.918487868388567
78.49495458602905,0.5665876549510263,-4.813940823003567,0.9796664152307955,-4.904987204174485
78.54582405090332,0.5665876549510263,-4.813940823003567,0.9724138105482005,-4.891341901315931
78.5977087020874,0.5665876549510263,-4.813940823003567,0.9650225416320333,-4.8773151539875155
78.6481339931488,0.5665876549510263,-4.813940823003567,0.9578453708160253,-4.863577608227429
78.69862627983093,0.5665876549510263,-4.813940823003567,0.9506651128090666,-4.84971804816227
78.74960565567017,0.5665876549510263,-4.813940823003567,0.9434224580082311,-4.835619725130327
78.80016875267029,0.47223592811613047,-4.620639784611567,0.9362460830314712,-4.821532523310378
78.85107612609863,0.47223592811613047,-4.620639784611567,0.9290283504560699,-4.807245051318564
78.901620388031,0.47223592811613047,-4.620639784611567,0.9218698696169909,-4.792956181321385
78.95202469825745,0.47223592811613047,-4.620639784611567,0.9147392345238232,-4.778604646590832
79.00247144699097,0.47223592811613047,-4.620639784611567,0.9076109331516689,-4.764139095176672
79.05307865142822,0.47223592811613047,-4.620639784611567,0.9004686544935319,-4.749525357248622
79.10345363616943,0.47223592811613047,-4.620639784611567,0.893368111479647,-4.734877330038399
79.15401196479797,0.47223592811613047,-4.620639784611567,0.886251028828319,-4.72007461524751
79.20453572273254,0.47223592811613047,-4.620639784611567,0.8791484357924317,-4.7051808614982615
79.25531840324402,0.47223592811613047,-4.620639784611567,0.8720194523310227,-4.690109175456524
79.30616998672485,0.47223592811613047,-4.620639784611567,0.8648911670143478,-4.674915271536516
79.35668444633484,0.47223592811613047,-4.620639784611567,0.85782072656471,-4.65972157341798
79.40713739395142,0.47223592811613047,-4.620639784611567,0.850769738293728,-4.644446674786499
79.45750761032104,0.47223592811613047,-4.620639784611567,0.8437414280125197,-4.629097731526604
79.50780534744263,0.37947980196849945,-4.407012416278229,0.8367346185964983,-4.6136723827273
79.55811905860901,0.37947980196849945,-4.407012416278229,0.8297372723282628,-4.5981439748642465
79.60851621627808,0.37947980196849945,-4.407012416278229,0.8227403438823115,-4.5824917033609145
79.65887928009033,0.37947980196849945,-4.407012416278229,0.8157604727247023,-4.566752242728114
79.70916485786438,0.37947980196849945,-4.407012416278229,0.8088039330534813,-4.550939793216474
79.75949788093567,0.37947980196849945,-4.407012416278229,0.8018537311350173,-4.535015473908331
79.80989170074463,0.37947980196849945,-4.407012416278229,0.7949083655640696,-4.518975067901664
79.86060380935669,0.37947980196849945,-4.407012416278229,0.787932801620769,-4.502735846477649
79.91158056259155,0.37947980196849945,-4.407012416278229,0.7809349619716657,-4.48631363592834
79.96227359771729,0.37947980196849945,-4.407012416278229,0.7739904206760184,-4.469885482098605
80.01363062858582,0.37947980196849945,-4.407012416278229,0.7669698215374474,-4.453143503832752
80.06463193893433,0.37947980196849945,-4.407012416278229,0.7600130047251656,-4.436419578244157
80.11496329307556,0.37947980196849945,-4.407012416278229,0.7531626790426351,-4.419820023577815
80.16532778739929,0.37947980196849945,-4.407012416278229,0.7463231594697213,-4.40311509784747
80.21695470809937,0.2895462239808308,-4.1747061994269155,0.7393284117904932,-4.385893750158454
80.26749682426453,0.2895462239808308,-4.1747061994269155,0.7324968382927288,-4.368938801117515
80.31796216964722,0.2895462239808308,-4.1747061994269155,0.7256919273126781,-4.351915720005443
80.36857175827026,0.2895462239808308,-4.1747061994269155,0.7188842037456395,-4.334750115119358
80.4191734790802,0.2895462239808308,-4.1747061994269155,0.712094490003975,-4.317493551942659
80.46959567070007,0.2895462239808308,-4.1747061994269155,0.7053460168585675,-4.30020544390595
80.52012968063354,0.2895462239808308,-4.1747061994269155,0.6986000467379241,-4.282786439830005
80.57085013389587,0.2895462239808308,-4.1747061994269155,0.6918470645178108,-4.265210356125861
80.62163090705872,0.2895462239808308,-4.1747061994269155,0.6851042857253713,-4.247520584887026
80.67232656478882,0.2895462239808308,-4.1747061994269155,0.6783912996873185,-4.229768223965397
80.72295069694519,0.2895462239808308,-4.1747061994269155,0.6717065106556372,-4.211949309349453
80.77334356307983,0.2895462239808308,-4.1747061994269155,0.665071129755769,-4.1941212537308505
80.82382845878601,0.2895462239808308,-4.1747061994269155,0.6584427937221145,-4.176170424363811
80.874427318573,0.2895462239808308,-4.1747061994269155,0.6518190245020135,-4.158088841015679
80.92496800422668,0.20326641086273067,-3.92474889496133,0.6452226720528378,-4.139938242380426
80.97601819038391,0.20326641086273067,-3.92474889496133,0.6385801996343563,-4.121513936777294
81.02687335014343,0.20326641086273067,-3.92474889496133,0.6319837530326686,-4.103069739076637
81.07726073265076,0.20326641086273067,-3.92474889496133,0.6254685896872649,-4.0847067107296
81.12762689590454,0.20326641086273067,-3.92474889496133,0.618976946715136,-4.066263775341993
81.17811965942383,0.20326641086273067,-3.92474889496133,0.6124901135376042,-4.047686912068958
81.22853469848633,0.20326641086273067,-3.92474889496133,0.6060346456959509,-4.029051551498243
81.27908086776733,0.20326641086273067,-3.92474889496133,0.59958410934289,-4.01028074245405
81.32959508895874,0.20326641086273067,-3.92474889496133,0.5931596542504851,-3.9914351800060555
81.38028407096863,0.20326641086273067,-3.92474889496133,0.5867353593885625,-3.9724377738017527
81.43069767951965,0.20326641086273067,-3.92474889496133,0.5803684798775508,-3.9534578788776904
81.4811155796051,0.20326641086273067,-3.92474889496133,0.5740237844973652,-3.9343912917228043
81.5315408706665,0.20326641086273067,-3.92474889496133,0.5677011594970289,-3.9152372073122805
81.58202838897705,0.20326641086273067,-3.92474889496133,0.5613940447326959,-3.895975020242676
81.63373017311096,0.12240637759896875,-3.6617447273897765,0.5549596930407499,-3.876162390879089
81.68445754051208,0.12240637759896875,-3.6617447273897765,0.5486709321649319,-3.8566378547842612
81.73521089553833,0.12240637759896875,-3.6617447273897765,0.5424033306976868,-3.837019165471197
81.7915587425232,0.12240637759896875,-3.6617447273897765,0.5354737507366467,-3.815139830420068
81.8420615196228,0.12240637759896875,-3.6617447273897765,0.529289113626692,-3.795442817335469
81.89250922203064,0.12240637759896875,-3.6617447273897765,0.5231361467839086,-3.775685357751898
81.94295954704285,0.12240637759896875,-3.6617447273897765,0.5170080335855065,-3.7558453966916314
81.99334239959717,0.12240637759896875,-3.6617447273897765,0.5109134973459146,-3.735951071385489
82.04370784759521,0.12240637759896875,-3.6617447273897765,0.5048466733656838,-3.7159832322801756
82.09424161911011,0.12240637759896875,-3.6617447273897765,0.4987855608032681,-3.695868304361241
82.14470171928406,0.12240637759896875,-3.6617447273897765,0.49275951276277485,-3.6757028099207
82.19511270523071,0.12240637759896875,-3.6617447273897765,0.48676575397183974,-3.6554776499270156
82.24553990364075,0.12240637759896875,-3.6617447273897765,0.4807967430025326,-3.6351671175637463
82.29658889770508,0.12240637759896875,-3.6617447273897765,0.4747815620823861,-3.614526236053935
82.34707379341125,0.04777026523678193,-3.3883032897188645,0.46886024557509165,-3.5940348024546545
82.3986268043518,0.04777026523678193,-3.3883032897188645,0.4628420247943956,-3.5730295809047092
82.44931149482727,0.04777026523678193,-3.3883032897188645,0.45695337453449225,-3.552299549693285
82.50012516975403,0.04777026523678193,-3.3883032897188645,0.4510780616422605,-3.5314389735952996
82.55118751525879,0.04777026523678193,-3.3883032897188645,0.4452028155127943,-3.5103982989551437
82.60168886184692,0.04777026523678193,-3.3883032897188645,0.4394207797657943,-3.4895123159327865
82.65208911895752,0.04777026523678193,-3.3883032897188645,0.4336789783174031,-3.4685927607188862
82.702645778656,0.04777026523678193,-3.3883032897188645,0.42794836501838196,-3.4475330764145276
82.75324964523315,0.04777026523678193,-3.3883032897188645,0.4222417333252375,-3.426378741986536
82.80391597747803,0.04777026523678193,-3.3883032897188645,0.41655769825435485,-3.4051235859972007
82.85433316230774,0.04777026523678193,-3.3883032897188645,0.41093129189481914,-3.3838991958960056
82.90468788146973,0.04777026523678193,-3.3883032897188645,0.40534164072050016,-3.3626281149112973
82.95504665374756,0.04777026523678193,-3.3883032897188645,0.39978154142516953,-3.341282820175401
83.0057783126831,0.04777026523678193,-3.3883032897188645,0.3942108430501987,-3.319706617301434
83.05628108978271,-0.0242312028862427,-3.08869864493246,0.38869598650288095,-3.298155586545293
83.10680723190308,-0.0242312028862427,-3.08869864493246,0.38320947012462314,-3.276522986427807
83.15720343589783,-0.0242312028862427,-3.08869864493246,0.3777680711586453,-3.2548751380487966
83.2077956199646,-0.0242312028862427,-3.08869864493246,0.3723368882841904,-3.233072365375416
83.25818657875061,-0.0242312028862427,-3.08869864493246,0.3669587828223855,-3.2112863176551345
83.3086051940918,-0.0242312028862427,-3.08869864493246,0.36160938791110375,-3.189418864761177
83.35909700393677,-0.0242312028862427,-3.08869864493246,0.35628418972035014,-3.167450513387814
83.4094934463501,-0.0242312028862427,-3.08869864493246,0.351001165648233,-3.1454551147702756
83.45995807647705,-0.0242312028862427,-3.08869864493246,0.34574336401069194,-3.1233618099815867
83.5104706287384,-0.0242312028862427,-3.08869864493246,0.3405132267396893,-3.1011797074930283
83.56092047691345,-0.0242312028862427,-3.08869864493246,0.33532241094667325,-3.078957890232183
83.61135601997375,-0.0242312028862427,-3.08869864493246,0.33016607702470857,-3.056675667451317
83.66178178787231,-0.0242312028862427,-3.08869864493246,0.3250439518779653,-3.0343315605295564
83.71262550354004,-0.0242312028862427,-3.08869864493246,0.3199132081755849,-3.0117357193053564
83.7633728981018,-0.08979912610243547,-2.775713745720869,0.31482627774376715,-2.989116549026968
83.81422162055969,-0.08979912610243547,-2.775713745720869,0.30976356737452493,-2.9663864345623168
83.86470150947571,-0.08979912610243547,-2.775713745720869,0.3047718275863369,-2.943756549412481
83.91573143005371,-0.08979912610243547,-2.775713745720869,0.29976059211055883,-2.9208151171880132
83.96642565727234,-0.08979912610243547,-2.775713745720869,0.2948172694265092,-2.897960416690169
84.01766562461853,-0.08979912610243547,-2.775713745720869,0.2898563374581893,-2.8747951720854545
84.06812977790833,-0.08979912610243547,-2.775713745720869,0.2850057119367424,-2.851917777728305
84.11859822273254,-0.08979912610243547,-2.775713745720869,0.2801898055271814,-2.8289765122138415
84.16895008087158,-0.08979912610243547,-2.775713745720869,0.2754202340265399,-2.8060270188812497
84.21936964988708,-0.08979912610243547,-2.775713745720869,0.2706796854631657,-2.7829858786771418
84.26983213424683,-0.08979912610243547,-2.775713745720869,0.2659708035470212,-2.7598647165212267
84.32038068771362,-0.08979912610243547,-2.775713745720869,0.2612898933750061,-2.7366440256310987
84.37083077430725,-0.08979912610243547,-2.775713745720869,0.25665422322841946,-2.7134090970859157
84.42151737213135,-0.08979912610243547,-2.775713745720869,0.25203335462054177,-2.6900059145648436
84.47213792800903,-0.14826386211104148,-2.4516941290810026,0.24745524587411127,-2.666574379575165
84.52274298667908,-0.14826386211104148,-2.4516941290810026,0.24291542693815593,-2.643091744273363
84.57316422462463,-0.14826386211104148,-2.4516941290810026,0.23842896755098186,-2.619636965069594
84.62365221977234,-0.14826386211104148,-2.4516941290810026,0.23397362827393398,-2.5960941842151284
84.67405438423157,-0.14826386211104148,-2.4516941290810026,0.22956303638106723,-2.5725350913705296
84.72451829910278,-0.14826386211104148,-2.4516941290810026,0.22518443241690456,-2.5488912512177713
84.7752594947815,-0.14826386211104148,-2.4516941290810026,0.220819675044841,-2.5250616307948297
84.82600259780884,-0.14826386211104148,-2.4516941290810026,0.2164929463276466,-2.501175610113717
84.87686204910278,-0.14826386211104148,-2.4516941290810026,0.21219480256322099,-2.4771796470784593
84.92723274230957,-0.14826386211104148,-2.4516941290810026,0.20797613599306963,-2.453360356197611
84.97781753540039,-0.14826386211104148,-2.4516941290810026,0.20377794316992803,-2.4293863280016663
85.02905082702637,-0.14826386211104148,-2.4516941290810026,0.19956533648229824,-2.405050840292328
85.07955765724182,-0.14826386211104148,-2.4516941290810026,0.19545145403915365,-2.3810076380738208
85.13024520874023,-0.14826386211104148,-2.4516941290810026,0.19136194401210638,-2.356826247050667
85.18069362640381,-0.19930910827963505,-2.1164826815205156,0.1873307809167173,-2.3327075776914943
85.23115587234497,-0.19930910827963505,-2.1164826815205156,0.18333765572981386,-2.3085315574374516
85.28198981285095,-0.19930910827963505,-2.1164826815205156,0.17935486595088257,-2.284126681565651
85.33264088630676,-0.19930910827963505,-2.1164826815205156,0.17542624677393714,-2.2597594365517404
85.38362216949463,-0.19930910827963505,-2.1164826815205156,0.17151234137470928,-2.235183309063893
85.43531084060669,-0.19930910827963505,-2.1164826815205156,0.1675855990552897,-2.2102154944921635
85.48573780059814,-0.19930910827963505,-2.1164826815205156,0.16379510806965536,-2.185808499962133
85.53615427017212,-0.19930910827963505,-2.1164826815205156,0.16004545066959786,-2.1613590899506754
85.58661103248596,-0.19930910827963505,-2.1164826815205156,0.15633303905966223,-2.1368431234752374
85.63772106170654,-0.19930910827963505,-2.1164826815205156,0.15261376207508537,-2.111962337010511
85.68878531455994,-0.19930910827963505,-2.1164826815205156,0.14893938034117804,-2.087056732564042
85.73927712440491,-0.19930910827963505,-2.1164826815205156,0.14534718981041195,-2.062384574297065
85.78973340988159,-0.19930910827963505,-2.1164826815205156,0.14179840057394744,-2.0376848643963412
85.8415367603302,-0.19930910827963505,-2.1164826815205156,0.1381975298115381,-2.012279582870093
85.89302635192871,-0.24250412938272464,-1.772650344292341,0.13466145371235072,-1.9869824114307537
85.94401121139526,-0.24250412938272464,-1.772650344292341,0.13120241511998687,-1.9618888242726487
85.99584126472473,-0.24250412938272464,-1.772650344292341,0.12772940449813364,-1.9363345458675756
86.04626059532166,-0.24250412938272464,-1.772650344292341,0.1243930219382694,-1.9114331121154968
86.0967628955841,-0.24250412938272464,-1.772650344292341,0.12109290744920065,-1.886449033386012
86.14733004570007,-0.24250412938272464,-1.772650344292341,0.11783056389221036,-1.8613916340180867
86.19796562194824,-0.24250412938272464,-1.772650344292341,0.1146060608699746,-1.8362595252952911
86.2484610080719,-0.24250412938272464,-1.772650344292341,0.11143272533007176,-1.811156882680457
86.29889464378357,-0.24250412938272464,-1.772650344292341,0.10830550425061736,-1.7860454964615236
86.34947991371155,-0.24250412938272464,-1.772650344292341,0.10521140767679293,-1.7608195621854452
86.4003369808197,-0.24250412938272464,-1.772650344292341,0.10214374898316247,-1.7354192202458223
86.4513373374939,-0.24250412938272464,-1.772650344292341,0.09911093543768468,-1.709908738231349
86.50192761421204,-0.24250412938272464,-1.772650344292341,0.09614565797305019,-1.6845657714387638
86.55267381668091,-0.24250412938272464,-1.772650344292341,0.09321453853737882,-1.6591076227852855
86.6032874584198,-0.2782690653899733,-1.4143703655855722,0.09033439033522139,-1.6336795491454437
86.65399193763733,-0.2782690653899733,-1.4143703655855722,0.08749256609257472,-1.6081699191110204
86.70454359054565,-0.2782690653899733,-1.4143703655855722,0.08470275897772161,-1.5827019427306497
86.75545191764832,-0.2782690653899733,-1.4143703655855722,0.08193723011631437,-1.5570192825948395
86.80618286132812,-0.2782690653899733,-1.4143703655855722,0.07922533748043259,-1.5313917427121697
86.85860633850098,-0.2782690653899733,-1.4143703655855722,0.07646923279642248,-1.5048737476938756
86.9096028804779,-0.2782690653899733,-1.4143703655855722,0.07383338285784591,-1.4790435724048105
86.96011757850647,-0.2782690653899733,-1.4143703655855722,0.07126652757048912,-1.4534249823713714
87.01059436798096,-0.2782690653899733,-1.4143703655855722,0.06874553454665921,-1.427793894639553
87.0612428188324,-0.2782690653899733,-1.4143703655855722,0.06626021532345083,-1.4020443289444646
87.111811876297,-0.2782690653899733,-1.4143703655855722,0.06382311162486287,-1.3763043973372286
87.16236543655396,-0.2782690653899733,-1.4143703655855722,0.061431119016488456,-1.3505422250137131
87.21288585662842,-0.2782690653899733,-1.4143703655855722,0.0590851059145332,-1.324767408201684
87.26326870918274,-0.2782690653899733,-1.4143703655855722,0.056789791995460526,-1.2990339332425178
87.31386685371399,-0.3045152711230409,-1.0635518595447195,0.05452929845864629,-1.2731620704370061
87.36430644989014,-0.3045152711230409,-1.0635518595447195,0.05232049364967439,-1.247343486242937
87.41572833061218,-0.3045152711230409,-1.0635518595447195,0.0501146115729556,-1.2209941185192084
87.46729302406311,-0.3045152711230409,-1.0635518595447195,0.04794927064377008,-1.1945437983989455
87.51810240745544,-0.3045152711230409,-1.0635518595447195,0.045861447098592745,-1.1684542990613371
87.56871581077576,-0.3045152711230409,-1.0635518595447195,0.04382696181054779,-1.142439736377375
87.61934304237366,-0.3045152711230409,-1.0635518595447195,0.041837220255129814,-1.1163929814783458
87.67038559913635,-0.3045152711230409,-1.0635518595447195,0.03987710312262038,-1.0901077315736252
87.72108459472656,-0.3045152711230409,-1.0635518595447195,0.03797593000664801,-1.0639753131113672
87.77151370048523,-0.3045152711230409,-1.0635518595447195,0.03613018775757215,-1.0379587591112114
87.82263588905334,-0.3045152711230409,-1.0635518595447195,0.03430528028040447,-1.011561556386361
87.87401700019836,-0.3045152711230409,-1.0635518595447195,0.03251807795760131,-0.9850078315652675
87.92455863952637,-0.3045152711230409,-1.0635518595447195,0.030806067448990504,-0.9588662003986976
87.97522234916687,-0.3045152711230409,-1.0635518595447195,0.029135771332189808,-0.9326403642002278
88.02575635910034,-0.3220164808582805,-0.7093947241326947,0.027515547711151278,-0.9064612283944672
88.07694363594055,-0.3220164808582805,-0.7093947241326947,0.02592107519465703,-0.8799234448779137
88.12764930725098,-0.3220164808582805,-0.7093947241326947,0.02438800468918556,-0.8536158634782087
88.17821860313416,-0.3220164808582805,-0.7093947241326947,0.022905114864364418,-0.8273603021891086
88.2286446094513,-0.3220164808582805,-0.7093947241326947,0.021472287153626368,-0.801161078520499
88.27916073799133,-0.3220164808582805,-0.7093947241326947,0.020082875094729502,-0.774897523063199
88.32958316802979,-0.3220164808582805,-0.7093947241326947,0.018741985982888565,-0.7486657786000988
88.38002872467041,-0.3220164808582805,-0.7093947241326947,0.01744647106627495,-0.7224056756466589
88.43052124977112,-0.3220164808582805,-0.7093947241326947,0.01619586658363259,-0.6961053422846918
88.48097038269043,-0.3220164808582805,-0.7093947241326947,0.014992466228606727,-0.669812416842688
88.53159022331238,-0.3220164808582805,-0.7093947241326947,0.013831386849941563,-0.6434158348609235
88.58257579803467,-0.3220164808582805,-0.7093947241326947,0.012708942739197315,-0.6168142488764072
88.63338303565979,-0.3220164808582805,-0.7093947241326947,0.011637416945925239,-0.5902920351249807
88.68390917778015,-0.3220164808582805,-0.7093947241326947,0.010618384482100396,-0.5639036016314463
88.7345142364502,-0.33132381424126284,-0.3381738939665061,0.009644346748415966,-0.5374615816268175
88.785076379776,-0.33132381424126284,-0.3381738939665061,0.008717738122180574,-0.5110302002971769
88.83610320091248,-0.33132381424126284,-0.3381738939665061,0.00782987958531045,-0.4843445543219649
88.8869206905365,-0.33132381424126284,-0.3381738939665061,0.006992890077885061,-0.45775763635204286
88.93745946884155,-0.33132381424126284,-0.3381738939665061,0.006207267834402952,-0.43130648264261806
88.98925709724426,-0.33132381424126284,-0.3381738939665061,0.005450515843234083,-0.40418667160904187
89.03975415229797,-0.33132381424126284,-0.3381738939665061,0.0047599990732951625,-0.37773884917458195
89.09029364585876,-0.33132381424126284,-0.3381738939665061,0.004115622727444368,-0.3512605305166464
89.14176845550537,-0.33132381424126284,-0.3381738939665061,0.0035073941256169583,-0.32428428311612223
89.19220781326294,-0.33132381424126284,-0.3381738939665061,0.002958484776147685,-0.29784353118308254
89.24268198013306,-0.33132381424126284,-0.3381738939665061,0.0024558732336115163,-0.27137802806815897
89.29311060905457,-0.33132381424126284,-0.3381738939665061,0.0020003650547111285,-0.24493048181633092
89.34352850914001,-0.33132381424126284,-0.3381738939665061,0.0015915862080690957,-0.21848322312696483
89.39400553703308,-0.33132381424126284,-0.3381738939665061,0.0012290540664476879,-0.19200017794672347
89.44451332092285,-0.3314814692099244,0.0233460732154944,0.0009131119773586605,-0.16549679794013816
89.49493265151978,-0.3314814692099244,0.0233460732154944,0.0006444382525927494,-0.139036221756264
89.54537343978882,-0.3314814692099244,0.0233460732154944,0.0004223649968153609,-0.1125613517658847
89.59587001800537,-0.3314814692099244,0.0233460732154944,0.00024685743072794253,-0.08605473968620725
89.64629626274109,-0.3314814692099244,0.0233460732154944,0.00011834080185479934,-0.05958316903479079
89.69669604301453,-0.3314814692099244,0.0233460732154944,3.6573961252450715e-05,-0.03312419280965986
89.74722075462341,-0.3314814692099244,0.0233460732154944,1.4515191102404401e-06,-0.0065989061796231305
89.79788017272949,-0.3314814692099244,0.0233460732154944,1.3329690362162694e-05,0.019997245371516172
89.84865188598633,-0.3314814692099244,0.0233460732154944,7.254756683217067e-05,0.04665190981140859
89.89955186843872,-0.3314814692099244,0.0233460732154944,0.00017945801208796297,0.07337287873782045
89.95012140274048,-0.3314814692099244,0.0233460732154944,0.00033281040979105114,0.09991875932056933
90.00092816352844,-0.3314814692099244,0.0233460732154944,0.0005341895245347672,0.12658696172498426
90.053719997406,-0.3314814692099244,0.0233460732154944,0.0007936610667238497,0.154294142140679
90.10447931289673,-0.3314814692099244,0.0233460732154944,0.0010914007611297905,0.1809311098207302
90.15525579452515,-0.3227198898842001,0.3829321981574836,0.0014365635340194416,0.20757308636066696
90.2060387134552,-0.3227198898842001,0.3829321981574836,0.0018290952791479853,0.2342138506038428
90.25707244873047,-0.3227198898842001,0.3829321981574836,0.0022712288848860673,0.26098097467407355
90.30765581130981,-0.3227198898842001,0.3829321981574836,0.002756592577958017,0.2875061292955151
90.35838508605957,-0.3227198898842001,0.3829321981574836,0.0032904626550647187,0.31410146245645265
90.4091284275055,-0.3227198898842001,0.3829321981574836,0.0038716526699462683,0.3406972363293266
90.46011352539062,-0.3227198898842001,0.3829321981574836,0.004503103735926661,0.3674121437296518
90.5108540058136,-0.3227198898842001,0.3829321981574836,0.005178762235725998,0.393990748429336
90.56130290031433,-0.3227198898842001,0.3829321981574836,0.0058972285408551706,0.42040799478338325
90.61280345916748,-0.3227198898842001,0.3829321981574836,0.0066786636644917685,0.4473664715768236
90.66326379776001,-0.3227198898842001,0.3829321981574836,0.007491311095931152,0.47377057156274593
90.71475911140442,-0.3227198898842001,0.3829321981574836,0.008368549378782397,0.5007055698944489
90.76558327674866,-0.3227198898842001,0.3829321981574836,0.009281785610436355,0.527278359760547
90.81648898124695,-0.3227198898842001,0.3829321981574836,0.010243682625881156,0.553882075792268
90.86750674247742,-0.30510318401599146,0.7489770319333845,0.011255046713880557,0.5805320069668756
90.91833019256592,-0.30510318401599146,0.7489770319333845,0.012309648477758284,0.6070675571718046
90.96961855888367,-0.30510318401599146,0.7489770319333845,0.013421499872375175,0.633832216032035
91.02153086662292,-0.30510318401599146,0.7489770319333845,0.014595525172242496,0.6609079188740734
91.07224321365356,-0.30510318401599146,0.7489770319333845,0.01578962266321149,0.6873430243827331
91.12277340888977,-0.30510318401599146,0.7489770319333845,0.017025788985860046,0.713668107699658
91.17320013046265,-0.30510318401599146,0.7489770319333845,0.018305506173122765,0.7399237116022122
91.22354006767273,-0.30510318401599146,0.7489770319333845,0.019628885452191547,0.7661180432243235
91.27388405799866,-0.30510318401599146,0.7489770319333845,0.020998148295304997,0.7922978404049003
91.32423520088196,-0.30510318401599146,0.7489770319333845,0.02241333893724251,0.8184641409099478
91.37465620040894,-0.30510318401599146,0.7489770319333845,0.02387626737956028,0.8446489215054758
91.42511463165283,-0.30510318401599146,0.7489770319333845,0.025386079641237735,0.8708347156933566
91.47554039955139,-0.30510318401599146,0.7489770319333845,0.026940623613670667,0.8969845744203176
91.52630662918091,-0.30510318401599146,0.7489770319333845,0.028551757689878166,0.9232912426594588
91.5767011642456,-0.27806000261736624,1.1203043604201297,0.030196772951947448,0.9493851333284962
91.62703371047974,-0.27806000261736624,1.1203043604201297,0.031885123710045704,0.9754263021241323
91.67750453948975,-0.27806000261736624,1.1203043604201297,0.03362356244511444,1.0015177513345397
91.72803902626038,-0.27806000261736624,1.1203043604201297,0.03540972098927497,1.027620205372589
91.77874970436096,-0.27806000261736624,1.1203043604201297,0.03724782821568873,1.0537910609072867
91.82911205291748,-0.27806000261736624,1.1203043604201297,0.03911856503123712,1.0797591692005948
91.87990283966064,-0.27806000261736624,1.1203043604201297,0.04105081594853077,1.1059244228556702
91.9331271648407,-0.27806000261736624,1.1203043604201297,0.04312469657075546,1.1333170924950804
91.9835786819458,-0.27806000261736624,1.1203043604201297,0.04513679402906634,1.1592573120607963
92.03393936157227,-0.27806000261736624,1.1203043604201297,0.0471900860577632,1.185125614655204
92.08433294296265,-0.27806000261736624,1.1203043604201297,0.04928945706967447,1.2109850416949017
92.13476800918579,-0.27806000261736624,1.1203043604201297,0.051435278456448685,1.2368393782215241
92.18518996238708,-0.27806000261736624,1.1203043604201297,0.05362517789231003,1.2626600518301163
92.2358410358429,-0.27806000261736624,1.1203043604201297,0.05586987346864092,1.2885703689279775
92.28728079795837,-0.24364480148495976,1.47101343712119,0.05819542871293448,1.3148551509165896
92.33786678314209,-0.24364480148495976,1.47101343712119,0.06052740715800198,1.3406746091138428
92.38843631744385,-0.24364480148495976,1.47101343712119,0.06290315469403218,1.3664563011510642
92.43879103660583,-0.24364480148495976,1.47101343712119,0.0653129508213719,1.3920987378453527
92.48917722702026,-0.24364480148495976,1.47101343712119,0.06776824301902362,1.4177269425687349
92.53963017463684,-0.24364480148495976,1.47101343712119,0.07027077955574601,1.4433582175077306
92.59084248542786,-0.24364480148495976,1.47101343712119,0.07285589610833787,1.4693430876828235
92.64130020141602,-0.24364480148495976,1.47101343712119,0.07544707169910003,1.4949128103999465
92.6920473575592,-0.24364480148495976,1.47101343712119,0.07809720373511864,1.520596337598172
92.7438805103302,-0.24364480148495976,1.47101343712119,0.0808495840105703,1.5467948795506326
92.79434823989868,-0.24364480148495976,1.47101343712119,0.08357356208149502,1.5722691012698564
92.8447003364563,-0.24364480148495976,1.47101343712119,0.08633455205460905,1.5976507905894843
92.89510560035706,-0.24364480148495976,1.47101343712119,0.08914161700786005,1.6230245501483849
92.94673466682434,-0.24364480148495976,1.47101343712119,0.09206148387223223,1.6489777666777246
92.99758887290955,-0.20069913597208933,1.8217581153033549,0.09498158028986836,1.6745046937861037
93.0482006072998,-0.20069913597208933,1.8217581153033549,0.0979310395444628,1.6998731090880659
93.09942150115967,-0.20069913597208933,1.8217581153033549,0.100959839438993,1.7255089122247704
93.15012884140015,-0.20069913597208933,1.8217581153033549,0.10400158962833261,1.75084952419984
93.20130848884583,-0.20069913597208933,1.8217581153033549,0.10711524746964729,1.7763871014614026
93.25183510780334,-0.20069913597208933,1.8217581153033549,0.11023199250085636,1.8015597763160875
93.30242037773132,-0.20069913597208933,1.8217581153033549,0.11339484222481921,1.8267222488229855
93.35282635688782,-0.20069913597208933,1.8217581153033549,0.11658863855286672,1.851755756622353
93.40347456932068,-0.20069913597208933,1.8217581153033549,0.11984003742074645,1.876869022798857
93.45410704612732,-0.20069913597208933,1.8217581153033549,0.12313262841996986,1.9019333173515696
93.50482726097107,-0.20069913597208933,1.8217581153033549,0.1264730945136967,1.9269992256367046
93.55533337593079,-0.20069913597208933,1.8217581153033549,0.12984126224484172,1.9519171913851519
93.60590624809265,-0.20069913597208933,1.8217581153033549,0.1332555401398956,1.9768254211977296
93.65626358985901,-0.20069913597208933,1.8217581153033549,0.1366965476973303,2.0015845329774544
93.70671200752258,-0.150476822233471,2.161669131571769,0.14018494202368315,2.0263448981078414
93.75722742080688,-0.150476822233471,2.161669131571769,0.14371910872173022,2.0510939563597343
93.80788683891296,-0.150476822233471,2.161669131571769,0.1473045479452999,2.0758686203142176
93.85895824432373,-0.150476822233471,2.161669131571769,0.1509607566444644,2.100798654875614
93.91061329841614,-0.150476822233471,2.161669131571769,0.15470109102272733,2.125965937030054
93.96122360229492,-0.150476822233471,2.161669131571769,0.15840692075128793,2.1505771687718247
94.01170063018799,-0.150476822233471,2.161669131571769,0.16214340311008835,2.1750766884996295
94.06213235855103,-0.150476822233471,2.161669131571769,0.16591668305120866,2.199506915583109
94.1125693321228,-0.150476822233471,2.161669131571769,0.1697303399415646,2.2238918636936766
94.16344666481018,-0.150476822233471,2.161669131571769,0.17361764649279454,2.2484407285304466
94.21434807777405,-0.150476822233471,2.161669131571769,0.17754718844437978,2.2729514412204552
94.26516222953796,-0.150476822233471,2.161669131571769,0.18151013170233243,2.2973699429526535
94.31625604629517,-0.150476822233471,2.161669131571769,0.1855351541419843,2.321871732557184
94.36721420288086,-0.150476822233471,2.161669131571769,0.18958953967591263,2.3462568882597568
94.41786885261536,-0.09276146860023664,2.491804402694146,0.19365924940144819,2.3704452238205453
94.4683518409729,-0.09276146860023664,2.491804402694146,0.19775415417359055,2.394499898059223
94.51917362213135,-0.09276146860023664,2.491804402694146,0.20191568256762116,2.418663354311123
94.56971216201782,-0.09276146860023664,2.491804402694146,0.20609279232848898,2.4426392353994784
94.62036490440369,-0.09276146860023664,2.491804402694146,0.21031796522946067,2.4666158357073824
94.67069435119629,-0.09276146860023664,2.491804402694146,0.21455429600119746,2.4903858807845314
94.72125124931335,-0.09276146860023664,2.491804402694146,0.21884785805272422,2.514209120637822
94.77208948135376,-0.09276146860023664,2.491804402694146,0.22320362497324053,2.5381096054670644
94.82274174690247,-0.09276146860023664,2.491804402694146,0.2275814863528831,2.561866970792979
94.8730742931366,-0.09276146860023664,2.491804402694146,0.23196913435398825,2.5854188046114124
94.92336344718933,-0.09276146860023664,2.491804402694146,0.23639007307033566,2.6088945033855637
94.97380495071411,-0.09276146860023664,2.491804402694146,0.2408614489110179,2.6323847561563634
95.02452683448792,-0.09276146860023664,2.491804402694146,0.24539490317768298,2.6559479470762954
95.07490277290344,-0.09276146860023664,2.491804402694146,0.24993419756699886,2.679292719627079
95.12563419342041,-0.027375817353351872,2.8159022357149412,0.25454235766146427,2.70274359921216
95.17600679397583,-0.027375817353351872,2.8159022357149412,0.2591543074437097,2.725969900214544
95.22653341293335,-0.027375817353351872,2.8159022357149412,0.26381658774952355,2.749207944369581
95.27961206436157,-0.027375817353351872,2.8159022357149412,0.2687532222760898,2.773555227280368
95.33228349685669,-0.027375817353351872,2.8159022357149412,0.2736911331150149,2.797649843384686
95.38272857666016,-0.027375817353351872,2.8159022357149412,0.2784566805641502,2.820663970714773
95.43341588973999,-0.027375817353351872,2.8159022357149412,0.2832807377388189,2.8437269660888527
95.4839940071106,-0.027375817353351872,2.8159022357149412,0.2881297983572044,2.866678188820294
95.53473567962646,-0.027375817353351872,2.8159022357149412,0.29302986613847803,2.889640809762957
95.58529782295227,-0.027375817353351872,2.8159022357149412,0.29794758976342184,2.9124591058258096
95.63769125938416,-0.027375817353351872,2.8159022357149412,0.30308005976971186,2.9360368945128412
95.68810439109802,-0.027375817353351872,2.8159022357149412,0.30805352523526786,2.958658685492068
95.73885178565979,-0.027375817353351872,2.8159022357149412,0.3130944109194882,2.9813657569191854
95.78935265541077,-0.027375817353351872,2.8159022357149412,0.3181449059464061,3.0038975803363996
95.83983850479126,0.04371121520343556,3.125470744208867,0.32322768815803604,3.02635746660407
95.89018225669861,0.04371121520343556,3.125470744208867,0.32832959635615255,3.048688708697237
95.94059181213379,0.04371121520343556,3.125470744208867,0.33347141224489674,3.0709831988566445
95.9910523891449,0.04371121520343556,3.125470744208867,0.3386515304912012,3.0932336945862415
96.04151129722595,0.04371121520343556,3.125470744208867,0.3438643757325863,3.11541638991938
96.09197688102722,0.04371121520343556,3.125470744208867,0.3491105984779246,3.1375344701895393
96.14241003990173,0.04371121520343556,3.125470744208867,0.3543858912763356,3.159570379040469
96.19282126426697,0.04371121520343556,3.125470744208867,0.35969108015748663,3.181528341196136
96.2431583404541,0.04371121520343556,3.125470744208867,0.3650203587313987,3.2033853433864206
96.29375958442688,0.04371121520343556,3.125470744208867,0.37040950321423516,3.225287429644669
96.34416627883911,0.04371121520343556,3.125470744208867,0.3758095015111804,3.247035442029718
96.3950502872467,0.04371121520343556,3.125470744208867,0.38129236727987914,3.268918197103645
96.44558906555176,0.04371121520343556,3.125470744208867,0.38676936446963683,3.2905812156630136
96.49597501754761,0.04371121520343556,3.125470744208867,0.39226065402866617,3.3121075610402695
96.54641628265381,0.12154198111505668,3.4247575959954353,0.39778860150753026,3.3335859058332744
96.5972068309784,0.12154198111505668,3.4247575959954353,0.4033855598930933,3.3551400999621483
96.64828586578369,0.12154198111505668,3.4247575959954353,0.4090451717332506,3.376742498934358
96.69948101043701,0.12154198111505668,3.4247575959954353,0.41474846226497686,3.398318847235564
96.75071978569031,0.12154198111505668,3.4247575959954353,0.4204872560922812,3.4198377752003246
96.80169582366943,0.12154198111505668,3.4247575959954353,0.4262267986825874,3.441170636470111
96.85322070121765,0.12154198111505668,3.4247575959954353,0.43205847251976026,3.4626559561182058
96.90419030189514,0.12154198111505668,3.4247575959954353,0.43785705779524875,3.4838328808671193
96.95755648612976,0.12154198111505668,3.4247575959954353,0.44395973901953,3.5059231331305867
97.00805616378784,0.12154198111505668,3.4247575959954353,0.44976399102343834,3.5267487355658176
97.05851435661316,0.12154198111505668,3.4247575959954353,0.4555917512084737,3.547480934650662
97.10896039009094,0.12154198111505668,3.4247575959954353,0.46144611740474595,3.5681314636509667
97.1595344543457,0.12154198111505668,3.4247575959954353,0.4673432091404637,3.5887570086959304
97.21009826660156,0.12154198111505668,3.4247575959954353,0.47326675148466,3.609300467287808
97.2605562210083,0.20467194578785117,3.709805140522945,0.47920520045635007,3.6297228309733645
97.3110077381134,0.20467194578785117,3.709805140522945,0.48516991645693697,3.6500641694956086
97.36139345169067,0.20467194578785117,3.709805140522945,0.49115357295134165,3.670300288541987
97.41211152076721,0.20467194578785117,3.709805140522945,0.49720341270939317,3.690590042932688
97.47054624557495,0.20467194578785117,3.709805140522945,0.5042066181781788,3.7138669649061447
97.52101063728333,0.20467194578785117,3.709805140522945,0.5102826581418158,3.7338824438009963
97.57165193557739,0.20467194578785117,3.709805140522945,0.5164058630466015,3.7538870184118753
97.62213802337646,0.20467194578785117,3.709805140522945,0.5225358341673694,3.7737490222346786
97.67265486717224,0.20467194578785117,3.709805140522945,0.5286947978616698,3.7935414999170614
97.72335243225098,0.20467194578785117,3.709805140522945,0.534900934646553,3.813322276236025
97.77381777763367,0.20467194578785117,3.709805140522945,0.5411033943779662,3.832929944592365
97.82564759254456,0.20467194578785117,3.709805140522945,0.5474989830143011,3.8529816471868736
97.87607717514038,0.20467194578785117,3.709805140522945,0.5537462527217683,3.8724074593293456
97.92660975456238,0.20467194578785117,3.709805140522945,0.5600302177183973,3.8917892594431707
97.97707796096802,0.289305365797025,3.9710934557485973,0.5663298265536292,3.911062352102592
98.02743244171143,0.289305365797025,3.9710934557485973,0.5726385281910913,3.9302079337098155
98.07797002792358,0.289305365797025,3.9710934557485973,0.5789932916109266,3.949338289781476
98.12920022010803,0.289305365797025,3.9710934557485973,0.5854585106721508,3.9686436590234795
98.17997884750366,0.289305365797025,3.9710934557485973,0.5918896798679909,3.9876918563887442
98.231938123703,0.289305365797025,3.9710934557485973,0.5984937289759951,4.00709285621538
98.28298473358154,0.289305365797025,3.9710934557485973,0.6050044914224175,4.0260639322259095
98.33384656906128,0.289305365797025,3.9710934557485973,0.6115137943539404,4.044878059587894
98.38455414772034,0.289305365797025,3.9710934557485973,0.618025042961055,4.063547013150399
98.43529534339905,0.289305365797025,3.9710934557485973,0.6245620041686994,4.08213988470175
98.48784732818604,0.289305365797025,3.9710934557485973,0.6313545108075203,4.101302579007271
98.5385959148407,0.289305365797025,3.9710934557485973,0.6379351318217839,4.11971679055386
98.58929467201233,0.289305365797025,3.9710934557485973,0.6445298132476256,4.138023363434026
98.64270567893982,0.289305365797025,3.9710934557485973,0.6514991673116051,4.157212043801119
98.69320845603943,0.3808456125165431,4.224589187096126,0.6581093889529805,4.1752637285377165
98.74369168281555,0.3808456125165431,4.224589187096126,0.6647365318389036,4.193218505005789
98.79410338401794,0.3808456125165431,4.224589187096126,0.6713734376576799,4.211057761406755
98.84470534324646,0.3808456125165431,4.224589187096126,0.6780543537993342,4.228873447431758
98.8951678276062,0.3808456125165431,4.224589187096126,0.6847354890195616,4.246548969205561
98.94590950012207,0.3808456125165431,4.224589187096126,0.6914720618356685,4.264230225896089
98.9973931312561,0.3808456125165431,4.224589187096126,0.6983257724472556,4.282075301318612
99.04797530174255,0.3808456125165431,4.224589187096126,0.7050774612673689,4.299514630625497
99.09842896461487,0.3808456125165431,4.224589187096126,0.7118294632033533,4.316817185328061
99.14937567710876,0.3808456125165431,4.224589187096126,0.7186648532914359,4.334194755999224
99.20189881324768,0.3808456125165431,4.224589187096126,0.725729742739734,4.3520106914673935
99.25256180763245,0.3808456125165431,4.224589187096126,0.7325614292442109,4.369099736722784
99.30297660827637,0.3808456125165431,4.224589187096126,0.7393759264792625,4.386011204631977
99.35353875160217,0.3808456125165431,4.224589187096126,0.7462263548185053,4.402877711445532
99.40396022796631,0.4775288496714307,4.464817674356892,0.7530734018430789,4.419602821336217
99.45469832420349,0.4775288496714307,4.464817674356892,0.7599789491641953,4.436337379666151
99.50512719154358,0.4775288496714307,4.464817674356892,0.7668575237578201,4.4528746072019
99.55553579330444,0.4775288496714307,4.464817674356892,0.7737480956886413,4.469309861645071
99.60653162002563,0.4775288496714307,4.464817674356892,0.7807336519160635,4.485839255304386
99.65702819824219,0.4775288496714307,4.464817674356892,0.7876651003193447,4.502110040871923
99.7074363231659,0.4775288496714307,4.464817674356892,0.7945982798013507,4.518255939049696
99.75797820091248,0.4775288496714307,4.464817674356892,0.8015634701921961,4.534347665716936
99.80922317504883,0.4775288496714307,4.464817674356892,0.8086391623235449,4.550563735025408
99.85969161987305,0.4775288496714307,4.464817674356892,0.8156207200385599,4.566435817865793
99.91010284423828,0.4775288496714307,4.464817674356892,0.8226070215415389,4.58219224042081
99.96052837371826,0.4775288496714307,4.464817674356892,0.8296076598619282,4.59785516662338
100.01093673706055,0.4775288496714307,4.464817674356892,0.8366179609345972,4.613414515328623
100.06138920783997,0.4775288496714307,4.464817674356892,0.843646150717724,4.62888880871852
100.1117959022522,0.5744899979888235,4.681797686211689,0.8506794020508119,4.644250173998406
100.16295671463013,0.5744899979888235,4.681797686211689,0.8578292519864188,4.6597399679180445
100.21327781677246,0.5744899979888235,4.681797686211689,0.8648726210080815,4.674875578704151
100.26358532905579,0.5744899979888235,4.681797686211689,0.8719245567509257,4.689907720356876
100.31415724754333,0.5744899979888235,4.681797686211689,0.8790237967878567,4.704918414341121
100.36461043357849,0.5744899979888235,4.681797686211689,0.886116290611338,4.719793205586589
100.41498899459839,0.5744899979888235,4.681797686211689,0.8932078717692933,4.734545381197904
100.46538996696472,0.5744899979888235,4.681797686211689,0.9003118745509606,4.749203220216886
100.51583218574524,0.5744899979888235,4.681797686211689,0.907430659972863,4.763771718976967
100.56674075126648,0.5744899979888235,4.681797686211689,0.9146240396060674,4.778371825722722
100.61737871170044,0.5744899979888235,4.681797686211689,0.921787615094007,4.792791305305908
100.66807508468628,0.5744899979888235,4.681797686211689,0.9289675598362417,4.807124207290226
100.71909809112549,0.5744899979888235,4.681797686211689,0.9362016307717744,4.821444896484548
100.76989364624023,0.5744899979888235,4.681797686211689,0.9434109697223576,4.8355972676310195
100.82032489776611,0.6724899097393399,4.877844458459336,0.9505757039578171,4.849544733565635
100.87071204185486,0.6724899097393399,4.877844458459336,0.9577409211185164,4.863376830090394
100.92125153541565,0.6724899097393399,4.877844458459336,0.9649342621289181,4.877146883800457
100.97263669967651,0.6724899097393399,4.877844458459336,0.9722542718025995,4.891040424806715
101.0232949256897,0.6724899097393399,4.877844458459336,0.9794766221404463,4.904631608589069
101.07421469688416,0.6724899097393399,4.877844458459336,0.9867418328231088,4.918186823919205
101.12521076202393,0.6724899097393399,4.877844458459336,0.9940231991319859,4.931655429562339
101.17607355117798,0.6724899097393399,4.877844458459336,1.0012904605849289,4.944981989798497
101.22695708274841,0.6724899097393399,4.877844458459336,1.0085652780428578,4.9582069511907205
101.27754306793213,0.6724899097393399,4.877844458459336,1.0158017825948618,4.97124820339368
101.32803010940552,0.6724899097393399,4.877844458459336,1.0230280118517743,4.98415794345914
101.37836766242981,0.6724899097393399,4.877844458459336,1.0302363815408606,4.996923781049626
101.4289174079895,0.6724899097393399,4.877844458459336,1.0374783680517146,5.00963699668754
101.47959184646606,0.6724899097393399,4.877844458459336,1.0447411421863022,5.022274273711332
101.53027677536011,0.7708632946065063,5.053694816792877,1.052008020201379,5.034806459235624
101.58076333999634,0.7708632946065063,5.053694816792877,1.0592487172807064,5.047182271439372
101.63120460510254,0.7708632946065063,5.053694816792877,1.0664848443408677,5.059439771975701
101.68161749839783,0.7708632946065063,5.053694816792877,1.0737185010813013,5.071583076994877
101.73275065422058,0.7708632946065063,5.053694816792877,1.0810568075735372,5.083790060524055
101.78431844711304,0.7708632946065063,5.053694816792877,1.0884584740943541,5.095988556306001
101.83550143241882,0.7708632946065063,5.053694816792877,1.0958055423112432,5.107984324093307
101.88601064682007,0.7708632946065063,5.053694816792877,1.1030561796926954,5.119712858515456
101.93668627738953,0.7708632946065063,5.053694816792877,1.1103306598671285,5.1313706787879365
101.98728823661804,0.7708632946065063,5.053694816792877,1.1175941876430089,5.142902034224239
102.03801155090332,0.7708632946065063,5.053694816792877,1.1248744247190394,5.154350996133039
102.08956456184387,0.7708632946065063,5.053694816792877,1.1322726748639922,5.165874112656828
102.14019441604614,0.7708632946065063,5.053694816792877,1.1395370558993858,5.177079678595367
102.19168424606323,0.7708632946065063,5.053694816792877,1.1469230697735864,5.188362335182161
102.24332189559937,0.868411211477873,5.20781452793637,1.1543281588890792,5.199562478403342
102.2961893081665,0.868411211477873,5.20781452793637,1.1619070247108305,5.2109099190147905
102.34657645225525,0.868411211477873,5.20781452793637,1.1691275570151978,5.221612317348132
102.39699101448059,0.868411211477873,5.20781452793637,1.1763489762472865,5.2322102797512375
102.44738364219666,0.868411211477873,5.20781452793637,1.1835638832441697,5.242693221373701
102.49772262573242,0.868411211477873,5.20781452793637,1.1907674166607556,5.253054604997768
102.5482497215271,0.868411211477873,5.20781452793637,1.1979938260411918,5.2633435615264155
102.59876370429993,0.868411211477873,5.20781452793637,1.2052139789180694,5.273518351933779
102.64952683448792,0.868411211477873,5.20781452793637,1.2124649946856347,5.283630834907919
102.70029854774475,0.868411211477873,5.20781452793637,1.21971213748121,5.293632047832725
102.75068855285645,0.868411211477873,5.20781452793637,1.2268994197061003,5.303446174312031
102.8011167049408,0.868411211477873,5.20781452793637,1.2340864493309198,5.313155955849803
102.85195231437683,0.868411211477873,5.20781452793637,1.2413254481679112,5.322830842648161
102.90245747566223,0.868411211477873,5.20781452793637,1.2485109893021216,5.332329971248219
102.95293402671814,0.964728979330517,5.34041183231372,1.2556857503154004,5.3417111474140295
103.00356149673462,0.964728979330517,5.34041183231372,1.2628748899430882,5.351007163047918
103.05413484573364,0.964728979330517,5.34041183231372,1.270048936573688,5.360179882998642
103.10552477836609,0.964728979330517,5.34041183231372,1.27733088931202,5.369384490247751
103.15673327445984,0.964728979330517,5.34041183231372,1.2845788334077974,5.378439906510211
103.20771598815918,0.964728979330517,5.34041183231372,1.291786244814292,5.38733952072593
103.25834965705872,0.964728979330517,5.34041183231372,1.2989355022214537,5.396063617126223
103.30874300003052,0.964728979330517,5.34041183231372,1.3060417745993265,5.404632775442699
103.35913062095642,0.964728979330517,5.34041183231372,1.3131378781201124,5.413087575856569
103.40997672080994,0.964728979330517,5.34041183231372,1.320288721698949,5.421504232891303
103.46070075035095,0.964728979330517,5.34041183231372,1.3274122218273123,5.4297853632197555
103.51113700866699,0.964728979330517,5.34041183231372,1.3344848950384078,5.437905172265493
103.56157541275024,0.964728979330517,5.34041183231372,1.3415471504648127,5.445911171114867
103.61193513870239,0.964728979330517,5.34041183231372,1.3485873629961378,5.4537906603095045
103.66231679916382,1.0609834088491958,5.453837639518078,1.3556192841614858,5.4615594474746505
103.71273112297058,1.0609834088491958,5.453837639518078,1.3626440599978653,5.469218876658616
103.76387906074524,1.0609834088491958,5.453837639518078,1.3697587512642686,5.476872696582303
103.8149721622467,1.0609834088491958,5.453837639518078,1.3768530931873417,5.484400463931604
103.86543393135071,1.0609834088491958,5.453837639518078,1.3838469545469463,5.491719486119297
103.91580176353455,1.0609834088491958,5.453837639518078,1.3908147581208614,5.498910081481132
103.96630382537842,1.0609834088491958,5.453837639518078,1.3977877183985539,5.5060045741879335
104.01695466041565,1.0609834088491958,5.453837639518078,1.4047673942102596,5.513003927590512
104.06752324104309,1.0609834088491958,5.453837639518078,1.4117215863736587,5.519875881085264
104.11795496940613,1.0609834088491958,5.453837639518078,1.4186425439261583,5.526613665030904
104.16871905326843,1.0609834088491958,5.453837639518078,1.4255942367184624,5.533279191797119
104.21929478645325,1.0609834088491958,5.453837639518078,1.4325049586809007,5.539803495711883
104.26969408988953,1.0609834088491958,5.453837639518078,1.4393761685103448,5.546189277585267
104.32013940811157,1.0609834088491958,5.453837639518078,1.4462379198954525,5.552465079116702
104.37054395675659,1.0609834088491958,5.453837639518078,1.4530780732736843,5.558619996436936
104.42114996910095,1.1522501075214,5.542295159259233,1.4599290895122647,5.5646829672567755
104.47185850143433,1.1522501075214,5.542295159259233,1.4667770883268285,5.570641001077123
104.52270197868347,1.1522501075214,5.542295159259233,1.4736259905801425,5.576497000650731
104.57327938079834,1.1522501075214,5.542295159259233,1.4804215068221003,5.582205153901875
104.62394332885742,1.1522501075214,5.542295159259233,1.4872107717608456,5.587805804964329
104.67569375038147,1.1522501075214,5.542295159259233,1.494126806504925,5.593405311413528
104.72612857818604,1.1522501075214,5.542295159259233,1.5008483788736173,5.598744494142909
104.77653360366821,1.1522501075214,5.542295159259233,1.5075472582627887,5.603964102745411
104.82697701454163,1.1522501075214,5.542295159259233,1.514232171106016,5.609071104282383
104.87745499610901,1.1522501075214,5.542295159259233,1.5209022391706668,5.6140647979338
104.92808365821838,1.1522501075214,5.542295159259233,1.527572364793429,5.618955967298858
104.97868752479553,1.1522501075214,5.542295159259233,1.5342190221453733,5.623727165225986
105.02907347679138,1.1522501075214,5.542295159259233,1.5408166600013338,5.6283609747220265
105.07938051223755,1.1522501075214,5.542295159259233,1.5473833307704985,5.632871159929712
105.129714012146,1.2397233980207716,5.6081984602791035,1.5539324948907034,5.6372673031913685
105.18034219741821,1.2397233980207716,5.6081984602791035,1.5604985204213255,5.641571669461663
105.23079657554626,1.2397233980207716,5.6081984602791035,1.5670202412789824,5.64574396483708
105.28140354156494,1.2397233980207716,5.6081984602791035,1.573539529904635,5.649811214717877
105.33231806755066,1.2397233980207716,5.6081984602791035,1.5800757123164264,5.6537842279140165
105.38277173042297,1.2397233980207716,5.6081984602791035,1.586529913233887,5.65760354410625
105.4334728717804,1.2397233980207716,5.6081984602791035,1.5929925591449745,5.661323499940236
105.48417735099792,1.2397233980207716,5.6081984602791035,1.599432026442906,5.664925277059535
105.53522610664368,1.2397233980207716,5.6081984602791035,1.605891035017363,5.668431847153753
105.58565640449524,1.2397233980207716,5.6081984602791035,1.6122476378976787,5.671778017715785
105.63614749908447,1.2397233980207716,5.6081984602791035,1.6185875255257638,5.675010791598398
105.68708872795105,1.2397233980207716,5.6081984602791035,1.6249588819666916,5.678153291198916
105.73772287368774,1.2397233980207716,5.6081984602791035,1.6312665643834792,5.681158288784476
105.7883505821228,1.2397233980207716,5.6081984602791035,1.6375479308251064,5.684044715134846
105.83936429023743,1.322435584029909,5.6511746911576095,1.6438510508261,5.686833602704123
105.89111638069153,1.322435584029909,5.6511746911576095,1.6502182515387895,5.689540233230867
105.94172501564026,1.322435584029909,5.6511746911576095,1.6564179890307473,5.692067615916999
105.99223518371582,1.322435584029909,5.6511746911576095,1.6625789323967708,5.694472314377554
106.04268455505371,1.322435584029909,5.6511746911576095,1.6687054797493985,5.696756681011261
106.0932366847992,1.322435584029909,5.6511746911576095,1.6748171362952395,5.698927980252332
106.14472579956055,1.322435584029909,5.6511746911576095,1.6810135743837944,5.701018396244601
106.19524621963501,1.322435584029909,5.6511746911576095,1.6870651545784923,5.702950682421182
106.24569296836853,1.322435584029909,5.6511746911576095,1.6930796363875835,5.704762748272456
106.296213388443,1.322435584029909,5.6511746911576095,1.6990742660126985,5.706459902726257
106.346688747406,1.322435584029909,5.6511746911576095,1.7050346108486776,5.708038076371922
106.39719271659851,1.322435584029909,5.6511746911576095,1.7109690650180425,5.709499651921277
106.44838094711304,1.322435584029909,5.6511746911576095,1.716953721151855,5.710861129937155
106.49910712242126,1.3939082864846488,5.669822750699608,1.7228540369325946,5.712091269134358
106.54989981651306,1.3939082864846488,5.669822750699608,1.7287315250108806,5.713204309436846
106.60050916671753,1.3939082864846488,5.669822750699608,1.7345570574901579,5.714195217980317
106.65211844444275,1.3939082864846488,5.669822750699608,1.7404657592157606,5.715084324314225
106.70315742492676,1.3939082864846488,5.669822750699608,1.7462771298726782,5.715843102232926
106.7543134689331,1.3939082864846488,5.669822750699608,1.7520695317385973,5.716483416871492
106.80669212341309,1.3939082864846488,5.669822750699608,1.7579665255497778,5.717014392831166
106.85715556144714,1.3939082864846488,5.669822750699608,1.7636151836409304,5.717406721163717
106.90760540962219,1.3939082864846488,5.669822750699608,1.7692299134085119,5.717682029195476
106.95808434486389,1.3939082864846488,5.669822750699608,1.7748151378137256,5.717840548338418
107.00855660438538,1.3939082864846488,5.669822750699608,1.7803665669907693,5.717882143547252
107.05918192863464,1.3939082864846488,5.669822750699608,1.7859013146546596,5.7178064955827965
107.10969567298889,1.3939082864846488,5.669822750699608,1.791390095731003,5.717613916533965
107.16011238098145,1.3939082864846488,5.669822750699608,1.7968343906631048,5.717305138967173
107.21066546440125,1.4645155616978731,5.667896877811971,1.8022590560142349,5.716878663083592
107.26130962371826,1.4645155616978731,5.667896877811971,1.8076586891203268,5.716334150837625
107.3117516040802,1.4645155616978731,5.667896877811971,1.813001830506828,5.7156752124371755
107.3626401424408,1.4645155616978731,5.667896877811971,1.8183566334439618,5.7148925994237665
107.41328477859497,1.4645155616978731,5.667896877811971,1.8236499216029822,5.713996304543851
107.46402525901794,1.4645155616978731,5.667896877811971,1.828917052932477,5.712980910906908
107.5156147480011,1.4645155616978731,5.667896877811971,1.834234875876513,5.711828134283203
107.56655669212341,1.4645155616978731,5.667896877811971,1.8394485933322,5.710570799668988
107.6177122592926,1.4645155616978731,5.667896877811971,1.8446465056171328,5.709189263204619
107.669442653656,1.4645155616978731,5.667896877811971,1.8498641205830437,5.707671104490247
107.72033643722534,1.4645155616978731,5.667896877811971,1.8549590586146398,5.706058758986309
107.7708728313446,1.4645155616978731,5.667896877811971,1.8599803306154825,5.704341300047475
107.82127952575684,1.4645155616978731,5.667896877811971,1.8649508076995795,5.702512768740686
107.87178015708923,1.4645155616978731,5.667896877811971,1.8698922849864639,5.700565277076894
107.92246508598328,1.527150260257119,5.643651167912909,1.8748129887796283,5.698494489093884
107.97312521934509,1.527150260257119,5.643651167912909,1.879692137509564,5.696308506922328
108.02463626861572,1.527150260257119,5.643651167912909,1.8846128020731463,5.693966799844463
108.07505202293396,1.527150260257119,5.643651167912909,1.88938905596876,5.691558800574742
108.12543225288391,1.527150260257119,5.643651167912909,1.8941223388514932,5.689037897571028
108.17584037780762,1.527150260257119,5.643651167912909,1.8988183274753272,5.686401060762115
108.22623419761658,1.527150260257119,5.643651167912909,1.903472784838932,5.68365057116408
108.27680826187134,1.527150260257119,5.643651167912909,1.9081031906428354,5.68077536788026
108.32718539237976,1.527150260257119,5.643651167912909,1.9126747435160165,5.677797076246992
108.3778624534607,1.527150260257119,5.643651167912909,1.9172321170574758,5.674686099950195
108.42838668823242,1.527150260257119,5.643651167912909,1.92173412649444,5.671469864062501
108.47895336151123,1.527150260257119,5.643651167912909,1.9261980199521882,5.668136448608561
108.52946305274963,1.527150260257119,5.643651167912909,1.9306147531229585,5.664692593647881
108.57991528511047,1.527150260257119,5.643651167912909,1.9349841434340913,5.661138858603023
108.63025236129761,1.581505264028624,5.597016256752189,1.9393011296319818,5.657480031873918
108.68066263198853,1.581505264028624,5.597016256752189,1.943581637582907,5.653702708018847
108.7311999797821,1.581505264028624,5.597016256752189,1.947829706766759,5.649802321244875
108.78206181526184,1.581505264028624,5.597016256752189,1.9520610664694182,5.645762261739597
108.83269262313843,1.581505264028624,5.597016256752189,1.956229098347038,5.641626493409506
108.88391518592834,1.581505264028624,5.597016256752189,1.9604007761606028,5.63732674441685
108.93435049057007,1.581505264028624,5.597016256752189,1.9644637675803491,5.632979591707597
108.98598837852478,1.581505264028624,5.597016256752189,1.9685775295028283,5.628412283822572
109.03697156906128,1.581505264028624,5.597016256752189,1.9725930825429958,5.623787410217027
109.0873646736145,1.581505264028624,5.597016256752189,1.9765169156148694,5.619103480919936
109.13769102096558,1.581505264028624,5.597016256752189,1.9803903890126635,5.614314216867087
109.18800973892212,1.581505264028624,5.597016256752189,1.9842178853936296,5.6094144073559296
109.23863124847412,1.581505264028624,5.597016256752189,1.9880223467859133,5.6043730172620645
109.2900161743164,1.581505264028624,5.597016256752189,1.991836649558092,5.599140791762741
109.34054732322693,1.626569986566819,5.529684778468889,1.9955406024505962,5.59388288339167
109.39094424247742,1.626569986566819,5.529684778468889,1.9991880541228595,5.588527893457913
109.44152283668518,1.626569986566819,5.529684778468889,2.002801536542521,5.583042281939319
109.49187755584717,1.626569986566819,5.529684778468889,2.0063518722200144,5.5774703580407134
109.54220485687256,1.626569986566819,5.529684778468889,2.0098530046835736,5.571791397307027
109.59293627738953,1.626569986566819,5.529684778468889,2.013334160009121,5.565955657800274
109.64337944984436,1.626569986566819,5.529684778468889,2.0167474033045236,5.56004259710266
109.6939582824707,1.626569986566819,5.529684778468889,2.0201213768296737,5.554003221901058
109.74434232711792,1.626569986566819,5.529684778468889,2.0234338652618886,5.5478773809537705
109.79481291770935,1.626569986566819,5.529684778468889,2.0267032652123964,5.541631423170986
109.84516668319702,1.626569986566819,5.529684778468889,2.029916192953098,5.535290817617722
109.89550876617432,1.626569986566819,5.529684778468889,2.0330792926081505,5.528842946635269
109.94593954086304,1.626569986566819,5.529684778468889,2.0361985070822324,5.522274912023126
109.99653005599976,1.626569986566819,5.529684778468889,2.0392776132418016,5.515576866894767
110.04695725440979,1.663553833660714,5.438605321474118,2.0422967043978524,5.508791808086671
110.09751272201538,1.663553833660714,5.438605321474118,2.0452730410146582,5.501880832054093
110.14824485778809,1.663553833660714,5.438605321474118,2.048208765829737,5.494836558578857
110.1994891166687,1.663553833660714,5.438605321474118,2.0511219938396197,5.487610405488082
110.25077366828918,1.663553833660714,5.438605321474118,2.0539848017507616,5.480267346026754
110.30216646194458,1.663553833660714,5.438605321474118,2.056800497671152,5.472797405109253
110.35298466682434,1.663553833660714,5.438605321474118,2.059532142245137,5.465301578985048
110.40370345115662,1.663553833660714,5.438605321474118,2.062206075384619,5.45771218556054
110.45617723464966,1.663553833660714,5.438605321474118,2.064917212621511,5.44974662882017
110.50698471069336,1.663553833660714,5.438605321474118,2.067488398815409,5.441924225876992
110.55744552612305,1.663553833660714,5.438605321474118,2.069989352751878,5.434048519384861
110.6080584526062,1.663553833660714,5.438605321474118,2.0724448631792587,5.426042522275148
110.65869092941284,1.663553833660714,5.438605321474118,2.074847994154939,5.417926905582927
110.70931673049927,1.663553833660714,5.438605321474118,2.077197246798965,5.409706079871936
110.7598922252655,1.6890777616143238,5.330665779579948,2.079490454938652,5.401387558952044
110.81057262420654,1.6890777616143238,5.330665779579948,2.0817343380087023,5.392945895369065
110.86124658584595,1.6890777616143238,5.330665779579948,2.083923578743831,5.384399581574467
110.91194915771484,1.6890777616143238,5.330665779579948,2.0860594267685793,5.375742895479452
110.96242117881775,1.6890777616143238,5.330665779579948,2.0881310652689122,5.3670209730386205
111.01309299468994,1.6890777616143238,5.330665779579948,2.090155982864051,5.358159804999747
111.06386923789978,1.6890777616143238,5.330665779579948,2.0921296486469103,5.349175389958971
111.1143684387207,1.6890777616143238,5.330665779579948,2.0940372956032554,5.340136026414805
111.16509866714478,1.6890777616143238,5.330665779579948,2.0958979710162686,5.330951181710703
111.21663093566895,1.6890777616143238,5.330665779579948,2.097730680392489,5.321514553237876
111.2689266204834,1.6890777616143238,5.330665779579948,2.0995311811746706,5.311828615843272
111.31936287879944,1.6890777616143238,5.330665779579948,2.1012107976893972,5.3023828524860015
111.37024188041687,1.6890777616143238,5.330665779579948,2.1028483667262323,5.292750770442076
111.42092180252075,1.6890777616143238,5.330665779579948,2.104422609156675,5.28305341470584
111.47172522544861,1.7042385007398586,5.20141919719485,2.105943459492102,5.273229577124839
111.52233290672302,1.7042385007398586,5.20141919719485,2.1074012728175235,5.263341494836293
111.57287955284119,1.7042385007398586,5.20141919719485,2.108800156734856,5.253363911292526
111.62351822853088,1.7042385007398586,5.20141919719485,2.11014408860908,5.243266808884961
111.67408990859985,1.7042385007398586,5.20141919719485,2.111428601091088,5.233082112907107
111.72467947006226,1.7042385007398586,5.20141919719485,2.112655731330138,5.222793170820971
111.77524590492249,1.7042385007398586,5.20141919719485,2.1138242927399915,5.2124086343778675
111.82594156265259,1.7042385007398586,5.20141919719485,2.114937423193039,5.201897199966614
111.87663626670837,1.7042385007398586,5.20141919719485,2.1159918437024756,5.191285780097521
111.92722725868225,1.7042385007398586,5.20141919719485,2.1169854019207652,5.180596497825016
111.97770810127258,1.7042385007398586,5.20141919719485,2.117918149363788,5.169831648063447
112.03024387359619,1.7042385007398586,5.20141919719485,2.1188264505432657,5.158524077571046
112.08082365989685,1.7042385007398586,5.20141919719485,2.119640587523637,5.147537104058893
112.13156223297119,1.7042385007398586,5.20141919719485,2.1203976062572316,5.136416995432956
112.18363571166992,1.7079798569783886,5.0492310057106335,2.121112196232203,5.12490192326642
112.23446822166443,1.7079798569783886,5.0492310057106335,2.1217486488040245,5.113561544834303
112.28487801551819,1.7079798569783886,5.0492310057106335,2.1223200029201337,5.102218496964241
112.33541226387024,1.7079798569783886,5.0492310057106335,2.1228328086941985,5.0907508366851975
112.38601732254028,1.7079798569783886,5.0492310057106335,2.1232859931972965,5.0791704991046025
112.4367368221283,1.7079798569783886,5.0492310057106335,2.123679435364504,5.067467295168509
112.48745918273926,1.7079798569783886,5.0492310057106335,2.1240118799083683,5.055666964931131
112.537930727005,1.7079798569783886,5.0492310057106335,2.1242819352366293,5.0438295601191445
112.58838081359863,1.7079798569783886,5.0492310057106335,2.1244911465648455,5.031902388361776
112.63935422897339,1.7079798569783886,5.0492310057106335,2.1246406895393286,5.019755571301216
112.68987131118774,1.7079798569783886,5.0492310057106335,2.1247273971982916,5.0076227069302455
112.74045825004578,1.7079798569783886,5.0492310057106335,2.1247527085626516,4.995378842878367
112.79093480110168,1.7079798569783886,5.0492310057106335,2.124716440970326,4.983068055907047
112.841623544693,1.7079798569783886,5.0492310057106335,2.1246180106633874,4.970611730055774
112.89202928543091,1.6995321468124087,4.880463715835916,2.12445834636218,4.958132093275747
112.94247174263,1.6995321468124087,4.880463715835916,2.1242367272451337,4.945551011360689
112.99296426773071,1.6995321468124087,4.880463715835916,2.1239527760829344,4.932865261006213
113.04336404800415,1.6995321468124087,4.880463715835916,2.1236072179353576,4.920111185713143
113.0937876701355,1.6995321468124087,4.880463715835916,2.1231992258812995,4.907259818402508
113.144296169281,1.6995321468124087,4.880463715835916,2.1227279509375787,4.894295659079312
113.19483637809753,1.6995321468124087,4.880463715835916,2.122193520122705,4.881232392752436
113.24512958526611,1.6995321468124087,4.880463715835916,2.1215991324380505,4.868142992425282
113.29548907279968,1.6995321468124087,4.880463715835916,2.120941275266314,4.854946762331339
113.34586596488953,1.6995321468124087,4.880463715835916,2.1202202853313343,4.841656643293895
113.39663815498352,1.6995321468124087,4.880463715835916,2.11942983335509,4.828172205277764
113.44747161865234,1.6995321468124087,4.880463715835916,2.118574112258576,4.814581313637625
113.4982283115387,1.6995321468124087,4.880463715835916,2.1176553317537534,4.800921288864708
113.54876899719238,1.6995321468124087,4.880463715835916,2.116676427718726,4.787230748089045
113.59953904151917,1.679240223831246,4.697786490220563,2.11562860951057,4.773389388537681
113.6504282951355,1.679240223831246,4.697786490220563,2.114513347316997,4.759426703530176
113.70105290412903,1.679240223831246,4.697786490220563,2.113339196256009,4.745448770689943
113.75176525115967,1.679240223831246,4.697786490220563,2.1120981889243113,4.731359133834323
113.80231595039368,1.679240223831246,4.697786490220563,2.110796439002614,4.717227651181725
113.85348010063171,1.679240223831246,4.697786490220563,2.1094129847382224,4.702836864888322
113.90397191047668,1.679240223831246,4.697786490220563,2.1079825792566838,4.688548961590105
113.95437455177307,1.679240223831246,4.697786490220563,2.1064900465688146,4.674201246240981
114.00577688217163,1.679240223831246,4.697786490220563,2.104901253994018,4.659481839688
114.05726480484009,1.679240223831246,4.697786490220563,2.1032422095775085,4.644650135829491
114.10772109031677,1.679240223831246,4.697786490220563,2.1015506430571174,4.630030765695738
114.15825653076172,1.679240223831246,4.697786490220563,2.0997910540922247,4.615304672616778
114.20870661735535,1.679240223831246,4.697786490220563,2.0979690681991165,4.6005202009015544
114.25917100906372,1.679240223831246,4.697786490220563,2.0960811117261335,4.585648713602934
114.30972075462341,1.6474297599141379,4.502231280816845,2.0941242216591136,4.570669422955372
114.36031341552734,1.6474297599141379,4.502231280816845,2.0920996811658146,4.555594988133407
114.41077589988708,1.6474297599141379,4.502231280816845,2.090014480337319,4.540477594759752
114.46133255958557,1.6474297599141379,4.502231280816845,2.087859313791432,4.525250520630564
114.51208925247192,1.6474297599141379,4.502231280816845,2.0856289871032847,4.5098815761619395
114.56310081481934,1.6474297599141379,4.502231280816845,2.0833200893021893,4.494353470217128
114.61376309394836,1.6474297599141379,4.502231280816845,2.0809600516923425,4.478850748122585
114.6652569770813,1.6474297599141379,4.502231280816845,2.078492802621035,4.463011320348878
114.71577906608582,1.6474297599141379,4.502231280816845,2.0760049307406443,4.447390659684706
114.76619076728821,1.6474297599141379,4.502231280816845,2.073456074260198,4.431725409534037
114.81717324256897,1.6474297599141379,4.502231280816845,2.0708107873754065,4.415803237937842
114.86785054206848,1.6474297599141379,4.502231280816845,2.0681139013354986,4.399897507647918
114.91867589950562,1.6474297599141379,4.502231280816845,2.065341521225379,4.383866754785595
114.96908903121948,1.6474297599141379,4.502231280816845,2.0625246493611766,4.367888726878888
115.01996850967407,1.6018071677167292,4.284901540453482,2.0596140023213945,4.351685267405541
115.07290172576904,1.6018071677167292,4.284901540453482,2.0565135747500065,4.334745450478087
115.12511563301086,1.6018071677167292,4.284901540453482,2.053382963828989,4.317954061966035
115.17554545402527,1.6018071677167292,4.284901540453482,2.0502910604850895,4.301659763529333
115.22600150108337,1.6018071677167292,4.284901540453482,2.047130345984222,4.285282041780063
115.27650833129883,1.6018071677167292,4.284901540453482,2.043899055081499,4.268813179909587
115.32715225219727,1.6018071677167292,4.284901540453482,2.0405912182037635,4.252225048481025
115.37797236442566,1.6018071677167292,4.284901540453482,2.0372035815787246,4.23550458271005
115.42852926254272,1.6018071677167292,4.284901540453482,2.0337655433606665,4.218796978531408
115.47926712036133,1.6018071677167292,4.284901540453482,2.030246998409045,4.201956066725543
115.53019762039185,1.6018071677167292,4.284901540453482,2.026646317718033,4.184977598829617
115.58057475090027,1.6018071677167292,4.284901540453482,2.023016910151944,4.168111486291586
115.63100004196167,1.6018071677167292,4.284901540453482,2.0193163990313723,4.15115785786548
115.68155026435852,1.6018071677167292,4.284901540453482,2.015538745114732,4.134090972438891
115.73207426071167,1.5428619608260419,4.051476262887662,2.011694990576245,4.1169620956006385
115.78250813484192,1.5428619608260419,4.051476262887662,2.0077901788570776,4.099793574655005
115.83332967758179,1.5428619608260419,4.051476262887662,2.0037866637775474,4.08242258640302
115.88431310653687,1.5428619608260419,4.051476262887662,1.9997010651807026,4.064925611867902
115.93503999710083,1.5428619608260419,4.051476262887662,1.995567059389842,4.047446900019436
115.9854462146759,1.5428619608260419,4.051476262887662,1.991391002176915,4.030010185161717
116.036123752594,1.5428619608260419,4.051476262887662,1.9871239056734789,4.01241123426549
116.08671832084656,1.5428619608260419,4.051476262887662,1.982795178607125,3.9947731534125817
116.13738918304443,1.5428619608260419,4.051476262887662,1.9783911699227574,3.977040888992237
116.18813395500183,1.5428619608260419,4.051476262887662,1.97391174438547,3.9592154322931252
116.23891282081604,1.5428619608260419,4.051476262887662,1.9693601618205787,3.9413110150403963
116.28961062431335,1.5428619608260419,4.051476262887662,1.9647468078772867,3.9233687945508247
116.3419132232666,1.5428619608260419,4.051476262887662,1.9599150980536992,3.9047896021449278
116.39275240898132,1.5428619608260419,4.051476262887662,1.9551481523485792,3.886663541071278
116.44330263137817,1.470803078514419,3.805772201232169,1.950339439459026,3.8685757700899726
116.49370050430298,1.470803078514419,3.805772201232169,1.9454768402629798,3.850478711966775
116.54410934448242,1.470803078514419,3.805772201232169,1.9405448636696772,3.8323144496140795
116.59446620941162,1.470803078514419,3.805772201232169,1.9355497322077424,3.8141061997502543
116.6449522972107,1.470803078514419,3.805772201232169,1.9304732978062784,3.7957887614968033
116.69533920288086,1.470803078514419,3.805772201232169,1.9253384508031046,3.777445411634927
116.74586176872253,1.470803078514419,3.805772201232169,1.9201211716045425,3.7589910539666516
116.79704928398132,1.470803078514419,3.805772201232169,1.9147651527202814,3.740231362069503
116.84858775138855,1.470803078514419,3.805772201232169,1.9093011448284984,3.721280036930069
116.89913725852966,1.470803078514419,3.805772201232169,1.9038725125143965,3.7026314251573686
116.94965195655823,1.470803078514419,3.805772201232169,1.8983788859910997,3.6839358427621356
117.00071358680725,1.470803078514419,3.805772201232169,1.8927559479486196,3.6649775551178347
117.05132174491882,1.470803078514419,3.805772201232169,1.8871136719078732,3.646128308636352
117.10211777687073,1.470803078514419,3.805772201232169,1.8813811018021238,3.627150179563452
117.1527009010315,1.3853834657405582,3.547801327890295,1.8756035231239296,3.6081934283343005
117.20341682434082,1.3853834657405582,3.547801327890295,1.8697416197829975,3.589129115961227
117.25445008277893,1.3853834657405582,3.547801327890295,1.863773148130241,3.569887591751569
117.30518579483032,1.3853834657405582,3.547801327890295,1.8577699903019966,3.5507011435699036
117.35606646537781,1.3853834657405582,3.547801327890295,1.8516801146170438,3.5314031789069458
117.40704417228699,1.3853834657405582,3.547801327890295,1.8455087752385644,3.512011961172688
117.45744347572327,1.3853834657405582,3.547801327890295,1.8393387436696989,3.492785699723357
117.50815439224243,1.3853834657405582,3.547801327890295,1.8330616264757078,3.473385796199389
117.55895519256592,1.3853834657405582,3.547801327890295,1.8267040714062746,3.4538969135694115
117.61072039604187,1.3853834657405582,3.547801327890295,1.8201544879365519,3.4339823563056995
117.66141033172607,1.3853834657405582,3.547801327890295,1.8136711997653576,3.414427482945328
117.71209335327148,1.3853834657405582,3.547801327890295,1.8071198176186334,3.394822367770044
117.7626371383667,1.3853834657405582,3.547801327890295,1.8005177739345217,3.3752189141218074
117.8134458065033,1.3853834657405582,3.547801327890295,1.7938120586874764,3.3554606835206426
117.8642942905426,1.2871464204948366,3.2791640552127643,1.7870317890190595,3.3356352281901045
117.91464710235596,1.2871464204948366,3.2791640552127643,1.780249333813204,3.315952515777357
117.96524930000305,1.2871464204948366,3.2791640552127643,1.7733648744299706,3.2961221692405545
118.01571440696716,1.2871464204948366,3.2791640552127643,1.7664308042176744,3.276295968178436
118.06654167175293,1.2871464204948366,3.2791640552127643,1.7593781106464736,3.2562779391970293
118.1174521446228,1.2871464204948366,3.2791640552127643,1.7522446395251474,3.2361777960241613
118.1685242652893,1.2871464204948366,3.2791640552127643,1.7450189485259409,3.2159647221587613
118.21932888031006,1.2871464204948366,3.2791640552127643,1.7377620208897755,3.195809224933352
118.26990461349487,1.2871464204948366,3.2791640552127643,1.7304694017871307,3.175697188980092
118.32036566734314,1.2871464204948366,3.2791640552127643,1.7231253736717265,3.1555841795210977
118.37204647064209,1.2871464204948366,3.2791640552127643,1.7155335349479741,3.1349372906730584
118.42255735397339,1.2871464204948366,3.2791640552127643,1.7080448826390362,3.114711653469953
118.47337436676025,1.2871464204948366,3.2791640552127643,1.7004424000711487,3.094317916298112
118.52389311790466,1.2871464204948366,3.2791640552127643,1.6928165540705753,3.0739991237431266
118.57459807395935,1.1762365815639948,3.00189078963437,1.6850945054347277,3.0535610761725014
118.62521600723267,1.1762365815639948,3.00189078963437,1.677317732435334,3.0331142804707363
118.68083453178406,1.1762365815639948,3.00189078963437,1.6686944525854752,3.0105976397595993
118.7317726612091,1.1762365815639948,3.00189078963437,1.6607250501832973,2.98993054093586
118.78231382369995,1.1762365815639948,3.00189078963437,1.6527499976308087,2.969382248782391
118.83266758918762,1.1762365815639948,3.00189078963437,1.6447374737571758,2.9488687933695017
118.88313269615173,1.1762365815639948,3.00189078963437,1.6366401712505523,2.928269069112096
118.93419241905212,1.1762365815639948,3.00189078963437,1.6283792151558283,2.9073854572087714
118.98487591743469,1.1762365815639948,3.00189078963437,1.6201113234952575,2.886615284680939
119.03871297836304,1.1762365815639948,3.00189078963437,1.6112551033564242,2.8645092248522324
119.08944272994995,1.1762365815639948,3.00189078963437,1.6028404686932598,2.8436385419006935
119.1402039527893,1.1762365815639948,3.00189078963437,1.5943531417719394,2.8227160876198534
119.19244170188904,1.1762365815639948,3.00189078963437,1.585548569022615,2.8011450448861077
119.24315571784973,1.1762365815639948,3.00189078963437,1.576932629898364,2.780164922338097
119.29355764389038,1.0502975953968186,2.711389622598516,1.568303248188705,2.759277049244258
119.34407877922058,1.0502975953968186,2.711389622598516,1.5595870593733507,2.738303405557398
119.39449763298035,1.0502975953968186,2.711389622598516,1.5508223420706764,2.7173364326613862
119.4453284740448,1.0502975953968186,2.711389622598516,1.5419191882846617,2.696162454612135
119.49600028991699,1.0502975953968186,2.711389622598516,1.5329772183213897,2.675019581634698
119.54645824432373,1.0502975953968186,2.711389622598516,1.5240069498223896,2.6539315948587596
119.59682059288025,1.0502975953968186,2.711389622598516,1.514988073931152,2.632849896915517
119.64722037315369,1.0502975953968186,2.711389622598516,1.505896989486803,2.611719366019394
119.69811916351318,1.0502975953968186,2.711389622598516,1.4966495014978598,2.5903464694504974
119.74908876419067,1.0502975953968186,2.711389622598516,1.487322406808179,2.568910979921153
119.79953837394714,1.0502975953968186,2.711389622598516,1.478024815160437,2.5476623127475015
119.85017466545105,1.0502975953968186,2.711389622598516,1.4686272605142723,2.5263036609092024
119.90069770812988,1.0502975953968186,2.711389622598516,1.4591853854261374,2.5049619845355338
119.95111060142517,1.0502975953968186,2.711389622598516,1.4496991663538772,2.483636692416705
120.00183200836182,0.9162798228199935,2.423889959656042,1.440089565422124,2.4621510254041397
120.05254769325256,0.9162798228199935,2.423889959656042,1.4304156603836318,2.4406383478138185
120.10319066047668,0.9162798228199935,2.423889959656042,1.4206905128913998,2.419127667514873
120.15367674827576,0.9162798228199935,2.423889959656042,1.4109308590598855,2.39765544627665
120.20440125465393,0.9162798228199935,2.423889959656042,1.401060260497494,2.376054012895412
120.25478339195251,0.9162798228199935,2.423889959656042,1.3911920688112913,2.354571302297531
120.30515432357788,0.9162798228199935,2.423889959656042,1.381262232459509,2.3330669071214385
120.3556182384491,0.9162798228199935,2.423889959656042,1.3712501961454224,2.311496797694388
120.40598511695862,0.9162798228199935,2.423889959656042,1.3611938087085862,2.2899427128212504
120.45670223236084,0.9162798228199935,2.423889959656042,1.3510034308541965,2.2682135740244673
120.50722002983093,0.9162798228199935,2.423889959656042,1.3407893433178641,2.2465452389354175
120.55778217315674,0.9162798228199935,2.423889959656042,1.3305027225934358,2.2248338275762167
120.60820746421814,0.9162798228199935,2.423889959656042,1.3201807572375133,2.2031577301285807
120.65859460830688,0.9162798228199935,2.423889959656042,1.3098037231111257,2.1814751546590205
120.7094304561615,0.7675194435548736,2.1253997437902354,1.2992707408795265,2.1595768432735127
120.75981140136719,0.7675194435548736,2.1253997437902354,1.2887692027245259,2.137852561437292
120.81035351753235,0.7675194435548736,2.1253997437902354,1.2781714009644403,2.116037369651651
120.86096572875977,0.7675194435548736,2.1253997437902354,1.267496163811613,2.0941709526037053
120.91350150108337,0.7675194435548736,2.1253997437902354,1.2563489753217634,2.0714518464831606
120.96404910087585,0.7675194435548736,2.1253997437902354,1.245560130884253,2.0495722592832237
121.0146324634552,0.7675194435548736,2.1253997437902354,1.2347014704155188,2.02765782363241
121.06583952903748,0.7675194435548736,2.1253997437902354,1.2236457346370915,2.0054539772970874
121.11690306663513,0.7675194435548736,2.1253997437902354,1.21255785823623,1.9832936649309545
121.16784620285034,0.7675194435548736,2.1253997437902354,1.2014334873448091,1.9611675303581717
121.21829605102539,0.7675194435548736,2.1253997437902354,1.1903553538235232,1.9392383792953072
121.2687919139862,0.7675194435548736,2.1253997437902354,1.1792060285169887,1.9172725417245486
121.3194100856781,0.7675194435548736,2.1253997437902354,1.1679685408834781,1.8952372677370484
121.3700487613678,0.7675194435548736,2.1253997437902354,1.1566654164115184,1.8731773298384993
121.4208471775055,0.6067971518799921,1.8230722184781987,1.145265436098809,1.851032514608612
121.47163248062134,0.6067971518799921,1.8230722184781987,1.1338073151213368,1.8288786367442842
121.52208209037781,0.6067971518799921,1.8230722184781987,1.1223646506839806,1.8068570881663337
121.57255387306213,0.6067971518799921,1.8230722184781987,1.110857025453279,1.7848123089935652
121.62317252159119,0.6067971518799921,1.8230722184781987,1.0992559008760394,1.7626902895779315
121.67358088493347,0.6067971518799921,1.8230722184781987,1.0876434379619584,1.7406476597288105
121.72400188446045,0.6067971518799921,1.8230722184781987,1.0759688283998528,1.7185875309375407
121.77449941635132,0.6067971518799921,1.8230722184781987,1.0642173182861687,1.6964824336320274
121.8251805305481,0.6067971518799921,1.8230722184781987,1.0523637392512812,1.6742859402585883
121.87593817710876,0.6067971518799921,1.8230722184781987,1.0404328762984896,1.6520453749264004
121.92651724815369,0.6067971518799921,1.8230722184781987,1.0284850790329478,1.6298730733782139
121.97701263427734,0.6067971518799921,1.8230722184781987,1.0164985971302372,1.6077280359245507
122.02926445007324,0.6067971518799921,1.8230722184781987,1.0040339130827762,1.5848033484997757
122.07978105545044,0.6067971518799921,1.8230722184781987,0.9919241382281285,1.562631442652588
122.13076329231262,0.43201766556925725,1.5127098436081403,0.9796441278289847,1.540247214842035
122.18141484260559,0.43201766556925725,1.5127098436081403,0.9673856747069292,1.5180007889813385
122.23220181465149,0.43201766556925725,1.5127098436081403,0.9550365294747813,1.4956880162409543
122.2833366394043,0.43201766556925725,1.5127098436081403,0.9425444343290055,1.4732160008431094
122.33674335479736,0.43201766556925725,1.5127098436081403,0.9294350425933784,1.44973927253209
122.38721895217896,0.43201766556925725,1.5127098436081403,0.9169868763881357,1.4275456482408637
122.43771195411682,0.43201766556925725,1.5127098436081403,0.9044780046630547,1.4053396777743188
122.48825144767761,0.43201766556925725,1.5127098436081403,0.8919013413415253,1.383109076664193
122.53880596160889,0.43201766556925725,1.5127098436081403,0.8792648444422506,1.3608681972585246
122.58927798271179,0.43201766556925725,1.5127098436081403,0.8665932310192748,1.3386604619798754
122.63994526863098,0.43201766556925725,1.5127098436081403,0.853816813588657,1.3163641645672552
122.69070363044739,0.43201766556925725,1.5127098436081403,0.8409616286151342,1.2940256518728184
122.74118041992188,0.43201766556925725,1.5127098436081403,0.828122605055388,1.271809453042397
122.79168057441711,0.43201766556925725,1.5127098436081403,0.8152228421192276,1.249581883594342
122.8428955078125,0.2505176888901633,1.2081574151493348,0.8020847644095466,1.227039121415498
122.89360475540161,0.2505176888901633,1.2081574151493348,0.7890213616463302,1.2047188855005968
122.94457054138184,0.2505176888901633,1.2081574151493348,0.7758369304380892,1.182286200268356
122.99500274658203,0.2505176888901633,1.2081574151493348,0.7627365626929579,1.1600893497148954
123.04575562477112,0.2505176888901633,1.2081574151493348,0.7494989485091397,1.1377528600960318
123.09771990776062,0.2505176888901633,1.2081574151493348,0.7358895624554287,1.1148853269164976
123.14854431152344,0.2505176888901633,1.2081574151493348,0.7225243497943303,1.0925219964805688
123.19899249076843,0.2505176888901633,1.2081574151493348,0.7092051680447753,1.0703272536694663
123.2499623298645,0.2505176888901633,1.2081574151493348,0.6956949915663526,1.0479066052463102
123.3010606765747,0.2505176888901633,1.2081574151493348,0.6820972735375932,1.0254335843621525
123.35166525840759,0.2505176888901633,1.2081574151493348,0.6685784418308267,1.0031823387267567
123.40211820602417,0.2505176888901633,1.2081574151493348,0.6550483618264487,0.9810028525822951
123.45265913009644,0.2505176888901633,1.2081574151493348,0.6414431382118644,0.958790289812381
123.50353002548218,0.0732389667417724,0.9258416100884098,0.6276972556630684,0.9364388779961175
123.5540943145752,0.0732389667417724,0.9258416100884098,0.6139829582114569,0.9142288284966003
123.60449767112732,0.0732389667417724,0.9258416100884098,0.6002617139000948,0.8920965686697684
123.65512919425964,0.0732389667417724,0.9258416100884098,0.5864277691059692,0.8698717650469183
123.70571827888489,0.0732389667417724,0.9258416100884098,0.5725550560655339,0.8476737491538664
123.75660300254822,0.0732389667417724,0.9258416100884098,0.5585507660853928,0.8253547491356006
123.80716395378113,0.0732389667417724,0.9258416100884098,0.5445856917031682,0.803186951053952
123.85773229598999,0.0732389667417724,0.9258416100884098,0.5305691122103804,0.7810255799103176
123.90836381912231,0.0732389667417724,0.9258416100884098,0.5164857417382187,0.7588467111904849
123.95922517776489,0.0732389667417724,0.9258416100884098,0.5022890822294599,0.7365779403885213
124.01007318496704,0.0732389667417724,0.9258416100884098,0.4880469868481172,0.7143263217734805
124.06140494346619,0.0732389667417724,0.9258416100884098,0.4736198333497246,0.6918749944555254
124.11186456680298,0.0732389667417724,0.9258416100884098,0.45938955468094367,0.6698173626660757
124.16222310066223,0.0732389667417724,0.9258416100884098,0.44514038543448553,0.6478165209666367
124.21265029907227,-0.12578054139587153,0.6238810170860409,0.4308246278764658,0.625798789207173
124.26338267326355,-0.12578054139587153,0.6238810170860409,0.41637490759151197,0.6036615468015898
124.31399893760681,-0.12578054139587153,0.6238810170860409,0.4019112479844491,0.5815891996469256
124.36570167541504,-0.12578054139587153,0.6238810170860409,0.3870889585041297,0.5590582653407177
124.41625833511353,-0.12578054139587153,0.6238810170860409,0.37254846091493254,0.5370421209748606
124.46713447570801,-0.12578054139587153,0.6238810170860409,0.35786970014579556,0.5149026815053712
124.51810765266418,-0.12578054139587153,0.6238810170860409,0.3431165937113416,0.4927374458776437
124.56879258155823,-0.12578054139587153,0.6238810170860409,0.32840122253258386,0.4707143595522971
124.61933207511902,-0.12578054139587153,0.6238810170860409,0.31368301606096427,0.4487716484481148
124.6697723865509,-0.12578054139587153,0.6238810170860409,0.29894913740903384,0.4268895961941761
124.72005558013916,-0.12578054139587153,0.6238810170860409,0.2842171544786001,0.40509368761122966
124.77047729492188,-0.12578054139587153,0.6238810170860409,0.26940078295224534,0.38325624914361733
124.82093501091003,-0.12578054139587153,0.6238810170860409,0.254530230771961,0.36142226335593897
124.87173533439636,-0.12578054139587153,0.6238810170860409,0.2395149612919596,0.3394597621812625
124.92232465744019,-0.3350073074137491,0.3225371098633319,0.2245187541392588,0.31760865307362596
124.97269558906555,-0.3350073074137491,0.3225371098633319,0.2095446664667029,0.295872356266895
125.02308440208435,-0.3350073074137491,0.3225371098633319,0.1945230306340595,0.27414927305487025
125.07372379302979,-0.3350073074137491,0.3225371098633319,0.17938445888633314,0.25233973729533
125.12409090995789,-0.3350073074137491,0.3225371098633319,0.1642856045390495,0.23066939894464822
125.17457985877991,-0.3350073074137491,0.3225371098633319,0.1491088333193975,0.20896907659700958
125.2251513004303,-0.3350073074137491,0.3225371098633319,0.13386604405090496,0.18725629520904685
125.2755024433136,-0.3350073074137491,0.3225371098633319,0.11864899464254286,0.16566144084790624
125.32603526115417,-0.3350073074137491,0.3225371098633319,0.10333657563441978,0.14401256355032888
125.37723207473755,-0.3350073074137491,0.3225371098633319,0.08778195146672019,0.12210412273243954
125.42762637138367,-0.3350073074137491,0.3225371098633319,0.07243117787476372,0.10056405585404371
125.47821259498596,-0.3350073074137491,0.3225371098633319,0.05698239414785311,0.07896733171245418
125.52868342399597,-0.3350073074137491,0.3225371098633319,0.04152969921872529,0.0574456858284671
125.57908082008362,-0.3350073074137491,0.3225371098633319,0.026060799818395264,0.035981551105112475
125.62948846817017,-0.5539968113726781,0.02272954585362882,0.010550418219435365,0.014539706066606817
125.6798837184906,-0.5539968113726781,0.02272954585362882,-0.004994136881092626,-0.006869748938743925
125.73026943206787,-0.5539968113726781,0.02272954585362882,-0.020573384865683053,-0.02824758084608292
125.7809247970581,-0.5539968113726781,0.02272954585362882,-0.036273599475607377,-0.04971156116362274
125.83132576942444,-0.5539968113726781,0.02272954585362882,-0.05193203157177839,-0.07103916003617883
125.88192176818848,-0.5539968113726781,0.02272954585362882,-0.06768789378427442,-0.09242013627176404
125.93235182762146,-0.5539968113726781,0.02272954585362882,-0.08342846517413527,-0.11370146304728479
125.98303580284119,-0.5539968113726781,0.02272954585362882,-0.099284538816657,-0.13505977416414505
126.03419923782349,-0.5539968113726781,0.02272954585362882,-0.11532710521009859,-0.1565889820741786
126.08494520187378,-0.5539968113726781,0.02272954585362882,-0.13127463466776845,-0.1779111372659179
126.13579988479614,-0.5539968113726781,0.02272954585362882,-0.14729180141177434,-0.19924714765206963
126.18629240989685,-0.5539968113726781,0.02272954585362882,-0.16322967709067093,-0.22039923298278374
126.23708963394165,-0.5539968113726781,0.02272954585362882,-0.17929833426787223,-0.24164634085580383
126.28819108009338,-0.5539968113726781,0.02272954585362882,-0.19549787957725684,-0.2629872149894841
126.33879780769348,-0.7757967412764464,-0.2666589839936141,-0.2115744853194772,-0.2840879281389599
126.38921189308167,-0.7757967412764464,-0.2666589839936141,-0.22762306498171458,-0.3050746592666014
126.43971991539001,-0.7757967412764464,-0.2666589839936141,-0.24373438821939297,-0.3260663541430202
126.49022483825684,-0.7757967412764464,-0.2666589839936141,-0.25987722783097533,-0.34702214019295985
126.54071092605591,-0.7757967412764464,-0.2666589839936141,-0.27604616908308577,-0.3679350611381995
126.59124565124512,-0.7757967412764464,-0.2666589839936141,-0.29226248359355056,-0.3888325860869972
126.64204621315002,-0.7757967412764464,-0.2666589839936141,-0.3085957956827676,-0.40980374826049104
126.69266295433044,-0.7757967412764464,-0.2666589839936141,-0.3249012371800921,-0.43066238494045206
126.74325394630432,-0.7757967412764464,-0.2666589839936141,-0.3412291623533288,-0.4514734153418234
126.79377889633179,-0.7757967412764464,-0.2666589839936141,-0.35756611103653757,-0.4722199206793285
126.84472942352295,-0.7757967412764464,-0.2666589839936141,-0.3740709911845004,-0.49310291971066667
126.89513611793518,-0.7757967412764464,-0.2666589839936141,-0.3904292921325716,-0.5137247726877736
126.9454596042633,-0.7757967412764464,-0.2666589839936141,-0.4067895746979122,-0.5342742005382761
126.99599695205688,-0.7757967412764464,-0.2666589839936141,-0.42324815431931295,-0.5548719241690736
127.04658508300781,-0.9990081805803525,-0.5441597172980089,-0.4397517685428194,-0.5754507326162766
127.09708571434021,-0.9990081805803525,-0.5441597172980089,-0.4562548940337243,-0.5959539810717116
127.14751029014587,-0.9990081805803525,-0.5441597172980089,-0.47276075494066117,-0.6163860772411063
127.19789838790894,-0.9990081805803525,-0.5441597172980089,-0.48928183459223673,-0.6367627629112704
127.24839043617249,-0.9990081805803525,-0.5441597172980089,-0.5058638489656189,-0.6571403154793183
127.29903984069824,-0.9990081805803525,-0.5441597172980089,-0.5225241598317001,-0.6775395372107964
127.34970617294312,-0.9990081805803525,-0.5441597172980089,-0.5392163243158614,-0.6979032225827748
127.40055465698242,-0.9990081805803525,-0.5441597172980089,-0.555994538082289,-0.7182970948111511
127.45118284225464,-0.9990081805803525,-0.5441597172980089,-0.5727255849694606,-0.7385593611769812
127.5016040802002,-0.9990081805803525,-0.5441597172980089,-0.5894131651077461,-0.7586954875491301
127.55329060554504,-0.9990081805803525,-0.5441597172980089,-0.606544917741382,-0.7792916084535935
127.6042628288269,-0.9990081805803525,-0.5441597172980089,-0.6234646984335281,-0.7995577344953555
127.6577296257019,-0.9990081805803525,-0.5441597172980089,-0.6412385387008288,-0.8207668058859618
127.70832896232605,-0.9990081805803525,-0.5441597172980089,-0.6580832648968069,-0.8407918901662148
127.75898480415344,-1.234778167011316,-0.8232243004296981,-0.6749698799946671,-0.8607935859746272
127.80946016311646,-1.234778167011316,-0.8232243004296981,-0.6918188998320973,-0.8806780703135275
127.8599305152893,-1.234778167011316,-0.8232243004296981,-0.7086883778791575,-0.9005143118851859
127.91047620773315,-1.234778167011316,-0.8232243004296981,-0.7256048170117462,-0.9203333812810002
127.96144008636475,-1.234778167011316,-0.8232243004296981,-0.7426828727659247,-0.9402686054303382
128.01203656196594,-1.234778167011316,-0.8232243004296981,-0.7596589201088304,-0.9600122065297356
128.06246066093445,-1.234778167011316,-0.8232243004296981,-0.7765976542099204,-0.9796406452166986
128.11289167404175,-1.234778167011316,-0.8232243004296981,-0.7935588005743284,-0.9992235459328396
128.16341257095337,-1.234778167011316,-0.8232243004296981,-0.8105699179008241,-1.0187925852750994
128.21390962600708,-1.234778167011316,-0.8232243004296981,-0.8275923466341455,-1.038303215389399
128.26465463638306,-1.234778167011316,-0.8232243004296981,-0.8447174278462839,-1.0578597199740842
128.31527018547058,-1.234778167011316,-0.8232243004296981,-0.8618174495575412,-1.0773160712427157
128.36577820777893,-1.234778167011316,-0.8232243004296981,-0.8788992814313867,-1.096680655541305
128.4163782596588,-1.234778167011316,-0.8232243004296981,-0.8960299937884111,-1.1160296088780324
128.4673080444336,-1.4666174338065592,-1.0851086092676556,-0.913289866264432,-1.135452788745137
128.5178017616272,-1.4666174338065592,-1.0851086092676556,-0.9304189031038144,-1.1546579084738455
128.56848883628845,-1.4666174338065592,-1.0851086092676556,-0.9476300861610971,-1.173884347706943
128.6196415424347,-1.4666174338065592,-1.0851086092676556,-0.9650157674518425,-1.1932339639904592
128.6702742576599,-1.4666174338065592,-1.0851086092676556,-0.9822405079251415,-1.2123336167961898
128.7214424610138,-1.4666174338065592,-1.0851086092676556,-0.9996629497544054,-1.2315810327494605
128.77233338356018,-1.4666174338065592,-1.0851086092676556,-1.0170060404815473,-1.2506696777956976
128.8230016231537,-1.4666174338065592,-1.0851086092676556,-1.0342877404672999,-1.2696204444652834
128.87351655960083,-1.4666174338065592,-1.0851086092676556,-1.0515311314975702,-1.2884595045901654
128.92402744293213,-1.4666174338065592,-1.0851086092676556,-1.0687866750515935,-1.3072423954729349
128.97465133666992,-1.4666174338065592,-1.0851086092676556,-1.0860939839579657,-1.3260120938382085
129.02525210380554,-1.4666174338065592,-1.0851086092676556,-1.103406127102832,-1.3447176014848783
129.075923204422,-1.4666174338065592,-1.0851086092676556,-1.1207546722552397,-1.3633930145824635
129.1263988018036,-1.4666174338065592,-1.0851086092676556,-1.138048133692298,-1.3819401924607295
129.17695593833923,-1.7047695264912506,-1.3408975558230702,-1.155380963838733,-1.400460754741839
129.22756934165955,-1.7047695264912506,-1.3408975558230702,-1.1727441183903045,-1.4189448435829681
129.27816128730774,-1.7047695264912506,-1.3408975558230702,-1.1901105170686876,-1.437363648219864
129.32879281044006,-1.7047695264912506,-1.3408975558230702,-1.2075006873413576,-1.4557389931292215
129.37928819656372,-1.7047695264912506,-1.3408975558230702,-1.2248538199175338,-1.4740069108716096
129.42988443374634,-1.7047695264912506,-1.3408975558230702,-1.2422509175123624,-1.4922528376218902
129.48047852516174,-1.7047695264912506,-1.3408975558230702,-1.2596561617659745,-1.5104391005122733
129.53101086616516,-1.7047695264912506,-1.3408975558230702,-1.2770485997216539,-1.5285440291952983
129.58177065849304,-1.7047695264912506,-1.3408975558230702,-1.2945273766113004,-1.5466705913620185
129.63328289985657,-1.7047695264912506,-1.3408975558230702,-1.312273057000848,-1.5650041565129884
129.68423771858215,-1.7047695264912506,-1.3408975558230702,-1.3298339943996058,-1.5830778199986026
129.73493814468384,-1.7047695264912506,-1.3408975558230702,-1.3473140086770308,-1.6010001759286863
129.78572535514832,-1.7047695264912506,-1.3408975558230702,-1.3648302533624321,-1.618891779636043
129.83650994300842,-1.7047695264912506,-1.3408975558230702,-1.382351466764831,-1.636720631802146
129.88724613189697,-1.9407534811860025,-1.5822262306991925,-1.3998614051384204,-1.6544704075339352
129.93813180923462,-1.9407534811860025,-1.5822262306991925,-1.417427934760615,-1.672209803912488
129.9887969493866,-1.9407534811860025,-1.5822262306991925,-1.4349228641002552,-1.6898096133703298
130.03924345970154,-1.9407534811860025,-1.5822262306991925,-1.4523463544847184,-1.707270974505862
130.08992218971252,-1.9407534811860025,-1.5822262306991925,-1.4698536837828358,-1.72474958069512
130.14060926437378,-1.9407534811860025,-1.5822262306991925,-1.4873670961672514,-1.7421674340836442
130.19111824035645,-1.9407534811860025,-1.5822262306991925,-1.5048217146027367,-1.7594604534774496
130.24159121513367,-1.9407534811860025,-1.5822262306991925,-1.5222661871227772,-1.7766773651163774
130.29206919670105,-1.9407534811860025,-1.5822262306991925,-1.5397142450580756,-1.793831889868859
130.34248232841492,-1.9407534811860025,-1.5822262306991925,-1.557141299441139,-1.8109000780794433
130.39298176765442,-1.9407534811860025,-1.5822262306991925,-1.5745991632199645,-1.8279327433988277
130.44353938102722,-1.9407534811860025,-1.5822262306991925,-1.5920776720239451,-1.844919797753261
130.4945456981659,-1.9407534811860025,-1.5822262306991925,-1.6097113944935244,-1.861991147870927
130.54526090621948,-1.9407534811860025,-1.5822262306991925,-1.6272441150073473,-1.8788985553745394
130.5956826210022,-2.1725369038800264,-1.8079201542896426,-1.6446745700014935,-1.8956420563154532
130.64621806144714,-2.1725369038800264,-1.8079201542896426,-1.6621430917484987,-1.9123569158308462
130.6967294216156,-2.1725369038800264,-1.8079201542896426,-1.6796015966894415,-1.9289970665140301
130.74718379974365,-2.1725369038800264,-1.8079201542896426,-1.697038272103646,-1.9455515219337607
130.79878044128418,-2.1725369038800264,-1.8079201542896426,-1.7148670358494276,-1.962411269701875
130.84950494766235,-2.1725369038800264,-1.8079201542896426,-1.7323913513582097,-1.9789172268464665
130.90043997764587,-2.1725369038800264,-1.8079201542896426,-1.7499848573492787,-1.9954227287475637
130.95126032829285,-2.1725369038800264,-1.8079201542896426,-1.767534758813309,-2.0118218924154045
131.00172209739685,-2.1725369038800264,-1.8079201542896426,-1.784956433317201,-2.0280366768607374
131.052414894104,-2.1725369038800264,-1.8079201542896426,-1.8024530051556533,-2.044256501994451
131.10282373428345,-2.1725369038800264,-1.8079201542896426,-1.8198462871888554,-2.0603164063269674
131.1533968448639,-2.1725369038800264,-1.8079201542896426,-1.8372905062396214,-2.0763591452927956
131.20412421226501,-2.1725369038800264,-1.8079201542896426,-1.8547817005265448,-2.092380592451403
131.25458192825317,-2.1725369038800264,-1.8079201542896426,-1.8721732733451693,-2.108246813912419
131.30529594421387,-2.4116700050863815,-2.0286960084575307,-1.8896460561508908,-2.1241229327826376
131.3559799194336,-2.4116700050863815,-2.0286960084575307,-1.90710089154183,-2.1399185499214077
131.4068148136139,-2.4116700050863815,-2.0286960084575307,-1.9245996137571812,-2.1556895207202302
131.4576117992401,-2.4116700050863815,-2.0286960084575307,-1.9420767371107104,-2.171376740360616
131.50836610794067,-2.4116700050863815,-2.0286960084575307,-1.9595301822797397,-2.1869786259587443
131.55902981758118,-2.4116700050863815,-2.0286960084575307,-1.9769430477000602,-2.202480452050174
131.60944509506226,-2.4116700050863815,-2.0286960084575307,-1.9942607284754725,-2.217834376022121
131.65992403030396,-2.4116700050863815,-2.0286960084575307,-2.0115900294715927,-2.233135569355521
131.71066284179688,-2.4116700050863815,-2.0286960084575307,-2.028997756966645,-2.2484425447236562
131.76164317131042,-2.4116700050863815,-2.0286960084575307,-2.0464769894049217,-2.2637484072763367
131.81232237815857,-2.4116700050863815,-2.0286960084575307,-2.0638412349697455,-2.278890100874503
131.8628876209259,-2.4116700050863815,-2.0286960084575307,-2.0811543064399425,-2.2939241844299536
131.91354393959045,-2.4116700050863815,-2.0286960084575307,-2.098485958362641,-2.3089114087396174
131.96768832206726,-2.4116700050863815,-2.0286960084575307,-2.116996557946953,-2.324848497447203
132.01811027526855,-2.649709312065079,-2.236505496557159,-2.13422063093111,-2.339613339374295
132.06907987594604,-2.649709312065079,-2.236505496557159,-2.151617660999702,-2.3544632307122964
132.1197168827057,-2.649709312065079,-2.236505496557159,-2.168886653085015,-2.369140984583912
132.17111015319824,-2.649709312065079,-2.236505496557159,-2.1863982906079897,-2.3839610137224967
132.225576877594,-2.649709312065079,-2.236505496557159,-2.2049398518541965,-2.3995824337666827
132.27653288841248,-2.649709312065079,-2.236505496557159,-2.2222696643902675,-2.414117605038677
132.32702374458313,-2.649709312065079,-2.236505496557159,-2.239424951913332,-2.428444178450702
132.37746381759644,-2.649709312065079,-2.236505496557159,-2.2565462995655756,-2.442680651998232
132.42853999137878,-2.649709312065079,-2.236505496557159,-2.2738661065526076,-2.4570193306810486
132.47971200942993,-2.649709312065079,-2.236505496557159,-2.291200325819446,-2.471306637871949
132.53008818626404,-2.649709312065079,-2.236505496557159,-2.308246813036061,-2.485294976797276
132.5804898738861,-2.649709312065079,-2.236505496557159,-2.3252834604282597,-2.499213944914405
132.6308946609497,-2.649709312065079,-2.236505496557159,-2.3423022236634647,-2.5130570611040364
132.68127822875977,-2.649709312065079,-2.236505496557159,-2.3592944489687686,-2.5268174633391896
132.7318263053894,-2.8833630626294133,-2.4294187196537336,-2.376322236189055,-2.540545324476565
132.78306651115417,-2.8833630626294133,-2.4294187196537336,-2.393562343913313,-2.5543817289115274
132.83396172523499,-2.8833630626294133,-2.4294187196537336,-2.410665145919284,-2.5680455904083135
132.88515210151672,-2.8833630626294133,-2.4294187196537336,-2.4278453176079036,-2.5817086631416846
132.93564748764038,-2.8833630626294133,-2.4294187196537336,-2.4447703430823307,-2.5951073851523474
132.98632764816284,-2.8833630626294133,-2.4294187196537336,-2.4617349721019783,-2.6084761771533684
133.03677940368652,-2.8833630626294133,-2.4294187196537336,-2.4786004697837143,-2.62170593917677
133.08719038963318,-2.8833630626294133,-2.4294187196537336,-2.4954292874629465,-2.6348462967667023
133.13772559165955,-2.8833630626294133,-2.4294187196537336,-2.51227598990124,-2.64793985489483
133.18851900100708,-2.8833630626294133,-2.4294187196537336,-2.5291845163947593,-2.6610202243779635
133.23922848701477,-2.8833630626294133,-2.4294187196537336,-2.5460403894481978,-2.6739986836189775
133.28982996940613,-2.8833630626294133,-2.4294187196537336,-2.5628352853311185,-2.686869324613484
133.34043502807617,-2.8833630626294133,-2.4294187196537336,-2.5796058571132967,-2.699660578538256
133.39150428771973,-2.8833630626294133,-2.4294187196537336,-2.596503935721496,-2.712487560565171
133.44222259521484,-3.105197265608156,-2.6020050951979155,-2.6132592479636916,-2.725145063680959
133.4928321838379,-3.105197265608156,-2.6020050951979155,-2.6299517195080337,-2.7376944529344347
133.54406714439392,-3.105197265608156,-2.6020050951979155,-2.6468225919155386,-2.750316319551527
133.5952272415161,-3.105197265608156,-2.6020050951979155,-2.663640367324965,-2.762836633959661
133.6455943584442,-3.105197265608156,-2.6020050951979155,-2.6801692409428317,-2.775081571775285
133.69599056243896,-3.105197265608156,-2.6020050951979155,-2.6966791760810485,-2.7872526545251723
133.74652338027954,-3.105197265608156,-2.6020050951979155,-2.7132048048916166,-2.7993752738640496
133.7970154285431,-3.105197265608156,-2.6020050951979155,-2.7296875818936943,-2.8114064691998117
133.84777355194092,-3.105197265608156,-2.6020050951979155,-2.746227018751251,-2.823418633217668
133.89809703826904,-3.105197265608156,-2.6020050951979155,-2.7625944876765023,-2.835246178403189
133.94843363761902,-3.105197265608156,-2.6020050951979155,-2.77893554823171,-2.846995198379935
133.99925541877747,-3.105197265608156,-2.6020050951979155,-2.79540253769865,-2.85877449531096
134.0497145652771,-3.105197265608156,-2.6020050951979155,-2.8117201836102867,-2.8703871012943907
134.1003978252411,-3.105197265608156,-2.6020050951979155,-2.8280779059793093,-2.881968227635851
134.1511685848236,-3.3323686663753165,-2.767354626251337,-2.844430856895603,-2.8934857301556045
134.20161056518555,-3.3323686663753165,-2.767354626251337,-2.860644737384838,-2.904845612552363
134.25258421897888,-3.3323686663753165,-2.767354626251337,-2.8769954682764802,-2.9162409955063917
134.30330276489258,-3.3323686663753165,-2.767354626251337,-2.893229940335353,-2.927495150838727
134.3578815460205,-3.3323686663753165,-2.767354626251337,-2.9106611475491158,-2.9395118790788968
134.40835237503052,-3.3323686663753165,-2.767354626251337,-2.9267440144233317,-2.950537281150468
134.46030735969543,-3.3323686663753165,-2.767354626251337,-2.9432628421507387,-2.9617995517023386
134.51078248023987,-3.3323686663753165,-2.767354626251337,-2.9592747714912164,-2.9726560246259854
134.56127667427063,-3.3323686663753165,-2.767354626251337,-2.9752564210711068,-2.9834326318084354
134.61181044578552,-3.3323686663753165,-2.767354626251337,-2.991213768553108,-2.994133465403705
134.6623032093048,-3.3323686663753165,-2.767354626251337,-3.0071209206854568,-3.004741329470192
134.7127788066864,-3.3323686663753165,-2.767354626251337,-3.022985005981388,-3.0152612459512893
134.76352834701538,-3.3323686663753165,-2.767354626251337,-3.0388967792132413,-3.0257531104984468
134.81461215019226,-3.3323686663753165,-2.767354626251337,-3.054874002530841,-3.03622772701099
134.86516332626343,-3.3323686663753165,-2.767354626251337,-3.070645320108,-3.0465077163115937
134.91581392288208,-3.5459748090020153,-2.912355651910983,-3.086407977713905,-3.056722582761195
134.96637415885925,-3.5459748090020153,-2.912355651910983,-3.1021024570684146,-3.066833908363722
135.01686573028564,-3.5459748090020153,-2.912355651910983,-3.117735236744208,-3.076846315703624
135.06738924980164,-3.5459748090020153,-2.912355651910983,-3.1333370674534455,-3.0867797329551574
135.11795377731323,-3.5459748090020153,-2.912355651910983,-3.148910214115441,-3.0966356426209583
135.169038772583,-3.5459748090020153,-2.912355651910983,-3.1646011997267776,-3.1065059557262575
135.22205352783203,-3.5459748090020153,-2.912355651910983,-3.18083930801344,-3.1166564940374237
135.27240347862244,-3.5459748090020153,-2.912355651910983,-3.1962177300332253,-3.1262093482423468
135.32281231880188,-3.5459748090020153,-2.912355651910983,-3.2115712673216263,-3.1356879118735783
135.37317490577698,-3.5459748090020153,-2.912355651910983,-3.226867442594018,-3.1450722816917787
135.42357110977173,-3.5459748090020153,-2.912355651910983,-3.2421300938553346,-3.154377274115446
135.47433614730835,-3.5459748090020153,-2.912355651910983,-3.2574597754043033,-3.1636636565422616
135.52490830421448,-3.5459748090020153,-2.912355651910983,-3.272686191454408,-3.172828129598722
135.57525610923767,-3.5459748090020153,-2.912355651910983,-3.287799986182012,-3.181865968243173
135.62606930732727,-3.759813988580443,-3.046236876343624,-3.3030074472753714,-3.1909002780044373
135.67813658714294,-3.759813988580443,-3.046236876343624,-3.3185417918536673,-3.200066727958343
135.728698015213,-3.759813988580443,-3.046236876343624,-3.3335794907247944,-3.208879999269626
135.77948927879333,-3.759813988580443,-3.046236876343624,-3.348638105353501,-3.2176458750401506
135.82995080947876,-3.759813988580443,-3.046236876343624,-3.363551438900719,-3.2262679588814347
135.8812506198883,-3.759813988580443,-3.046236876343624,-3.3786635163164336,-3.234944423560146
135.9315915107727,-3.759813988580443,-3.046236876343624,-3.3934446491501364,-3.243371540971999
135.98224782943726,-3.759813988580443,-3.046236876343624,-3.4082695053276986,-3.2517642343414312
136.03264236450195,-3.759813988580443,-3.046236876343624,-3.4229686532873544,-3.2600266632094206
136.08343887329102,-3.759813988580443,-3.046236876343624,-3.4377350591306532,-3.2682672219973363
136.1343822479248,-3.759813988580443,-3.046236876343624,-3.4524933137067246,-3.27644303267384
136.18483686447144,-3.759813988580443,-3.046236876343624,-3.4670593561102447,-3.28445291074304
136.2352797985077,-3.759813988580443,-3.046236876343624,-3.4815712404112498,-3.2923738327282632
136.28601694107056,-3.759813988580443,-3.046236876343624,-3.4961161108544045,-3.3002530399999457
136.33643245697021,-3.9605528629765105,-3.160726740303474,-3.5105170411423208,-3.307994911883198
136.38698816299438,-3.9605528629765105,-3.160726740303474,-3.5249058002508282,-3.3156707836027537
136.4373915195465,-3.9605528629765105,-3.160726740303474,-3.5391987240351845,-3.323236219469199
136.48803448677063,-3.9605528629765105,-3.160726740303474,-3.5535063997416585,-3.33074977596144
136.53886723518372,-3.9605528629765105,-3.160726740303474,-3.56781364352003,-3.338202893718601
136.5895037651062,-3.9605528629765105,-3.160726740303474,-3.5820113971179355,-3.345538949675843
136.64060235023499,-3.9605528629765105,-3.160726740303474,-3.596283371203107,-3.3528525727877962
136.69117522239685,-3.9605528629765105,-3.160726740303474,-3.6103533575708306,-3.360002513071723
136.74159598350525,-3.9605528629765105,-3.160726740303474,-3.6243259832393218,-3.3670433263032797
136.7921178340912,-3.9605528629765105,-3.160726740303474,-3.63827108136184,-3.3740104683494363
136.8427860736847,-3.9605528629765105,-3.160726740303474,-3.6522003279633815,-3.380909508129321
136.89334750175476,-3.9605528629765105,-3.160726740303474,-3.666043631942102,-3.387705836420901
136.94412541389465,-3.9605528629765105,-3.160726740303474,-3.6798889051240393,-3.3944425950072836
136.99456429481506,-3.9605528629765105,-3.160726740303474,-3.6935844713900314,-3.401046378699286
137.0455334186554,-4.146264919471178,-3.256189621264071,-3.7073656167245126,-3.4076304740608494
137.09624767303467,-4.146264919471178,-3.256189621264071,-3.721019169773118,-3.4140927191768498
137.1467683315277,-4.146264919471178,-3.256189621264071,-3.7345619902862492,-3.420442081088778
137.19723796844482,-4.146264919471178,-3.256189621264071,-3.748032313200611,-3.4266971030910662
137.24795293807983,-4.146264919471178,-3.256189621264071,-3.7615084839366095,-3.4328939927110276
137.29851269721985,-4.146264919471178,-3.256189621264071,-3.7748835004100503,-3.4389835608035235
137.3522026538849,-4.146264919471178,-3.256189621264071,-3.7890206306303122,-3.4453535474091805
137.4025959968567,-4.146264919471178,-3.256189621264071,-3.8022275058792876,-3.4512418885949154
137.45298862457275,-4.146264919471178,-3.256189621264071,-3.815373533917198,-3.457042489520793
137.50348901748657,-4.146264919471178,-3.256189621264071,-3.8284864192926626,-3.4627675567254435
137.5539472103119,-4.146264919471178,-3.256189621264071,-3.8415267023630086,-3.4683999192799257
137.60532236099243,-4.146264919471178,-3.256189621264071,-3.854740240103368,-3.474044346621337
137.6561233997345,-4.146264919471178,-3.256189621264071,-3.8677424872400894,-3.4795361227622763
137.70673179626465,-4.146264919471178,-3.256189621264071,-3.8806321112316517,-3.48491851624847
137.7577257156372,-4.323647901750472,-3.3363028568517277,-3.893555598921572,-3.4902525210204276
137.80848598480225,-4.323647901750472,-3.3363028568517277,-3.906355342083674,-3.4954729853595667
137.85906744003296,-4.323647901750472,-3.3363028568517277,-3.9190455549226506,-3.5005866486241954
137.91036367416382,-4.323647901750472,-3.3363028568517277,-3.931848993886492,-3.5056824584732995
137.96086955070496,-4.323647901750472,-3.3363028568517277,-3.94438972838479,-3.5106111126424073
138.0127546787262,-4.323647901750472,-3.3363028568517277,-3.95720491340799,-3.5155827977613763
138.0638587474823,-4.323647901750472,-3.3363028568517277,-3.969759388098458,-3.5203889543546243
138.11498403549194,-4.323647901750472,-3.3363028568517277,-3.9822513482161854,-3.525107080204793
138.16545510292053,-4.323647901750472,-3.3363028568517277,-3.9945166175633346,-3.529676537125885
138.21583080291748,-4.323647901750472,-3.3363028568517277,-4.006692106286325,-3.534149915191047
138.26655340194702,-4.323647901750472,-3.3363028568517277,-4.018883821391233,-3.538565866254719
138.31742000579834,-4.323647901750472,-3.3363028568517277,-4.031041622613753,-3.5429054800150626
138.36802315711975,-4.323647901750472,-3.3363028568517277,-4.043067977679461,-3.5471343470436763
138.4186635017395,-4.323647901750472,-3.3363028568517277,-4.055034413697759,-3.551278225577599
138.46905255317688,-4.486620610547839,-3.3991853123339135,-4.066872817838902,-3.5553141104516883
138.51943373680115,-4.486620610547839,-3.3991853123339135,-4.0786405344050305,-3.5592622184546046
138.56991028785706,-4.486620610547839,-3.3991853123339135,-4.090361122513816,-3.563130460643215
138.62041020393372,-4.486620610547839,-3.3991853123339135,-4.102017244332557,-3.5669130614776403
138.6706943511963,-4.486620610547839,-3.3991853123339135,-4.113553733113932,-3.5705926606524483
138.72109580039978,-4.486620610547839,-3.3991853123339135,-4.125046840107168,-3.574193940973728
138.77164268493652,-4.486620610547839,-3.3991853123339135,-4.13650206053083,-3.5777182896796775
138.82241654396057,-4.486620610547839,-3.3991853123339135,-4.147936714019307,-3.581170485542324
138.8731870651245,-4.486620610547839,-3.3991853123339135,-4.159298083732143,-3.5845343506402707
138.9237940311432,-4.486620610547839,-3.3991853123339135,-4.170550304119379,-3.587799768622154
138.9742946624756,-4.486620610547839,-3.3991853123339135,-4.181706311861316,-3.5909711985867085
139.02468848228455,-4.486620610547839,-3.3991853123339135,-4.192766098831754,-3.5940492303916063
139.07507491111755,-4.486620610547839,-3.3991853123339135,-4.203751372074653,-3.597040302020747
139.1255238056183,-4.486620610547839,-3.3991853123339135,-4.214676883910242,-3.599948491665685
139.17622470855713,-4.637463334614873,-3.445206939357235,-4.225582635006752,-3.6027839908268526
139.22674989700317,-4.637463334614873,-3.445206939357235,-4.23637609628423,-3.6055227602243742
139.2772355079651,-4.637463334614873,-3.445206939357235,-4.247086470035296,-3.608172814694891
139.3288414478302,-4.637463334614873,-3.445206939357235,-4.2579570449478,-3.6107923251361926
139.38044095039368,-4.637463334614873,-3.445206939357235,-4.268747581985215,-3.613321283534506
139.43086910247803,-4.637463334614873,-3.445206939357235,-4.279216788228019,-3.615705750820868
139.48145413398743,-4.637463334614873,-3.445206939357235,-4.289642358722138,-3.618011242193189
139.53202891349792,-4.637463334614873,-3.445206939357235,-4.299989167510182,-3.6202298565208473
139.58244705200195,-4.637463334614873,-3.445206939357235,-4.3102272992586865,-3.622355693005595
139.6331102848053,-4.637463334614873,-3.445206939357235,-4.320437784268753,-3.624405560699378
139.68388843536377,-4.637463334614873,-3.445206939357235,-4.330593213932495,-3.6263733707311343
139.73763132095337,-4.637463334614873,-3.445206939357235,-4.34125589894694,-3.628361630976936
139.78952741622925,-4.637463334614873,-3.445206939357235,-4.351468180319047,-3.630189509369662
139.84032583236694,-4.637463334614873,-3.445206939357235,-4.361384171578165,-3.6318912368370255
139.89085865020752,-4.772671223943001,-3.4739841213679656,-4.371169170994081,-3.6334983000165417
139.94158029556274,-4.772671223943001,-3.4739841213679656,-4.3809110146944175,-3.635025456940973
139.99226808547974,-4.772671223943001,-3.4739841213679656,-4.390566231537269,-3.636465721982178
140.04339361190796,-4.772671223943001,-3.4739841213679656,-4.400223352068194,-3.637831583031268
140.0941104888916,-4.772671223943001,-3.4739841213679656,-4.409722097130059,-3.639100472552445
140.14496970176697,-4.772671223943001,-3.4739841213679656,-4.419165965538738,-3.640286973997299
140.19590497016907,-4.772671223943001,-3.4739841213679656,-4.428541791002451,-3.6413891102675664
140.24691104888916,-4.772671223943001,-3.4739841213679656,-4.437847919360103,-3.6424065211703893
140.29742646217346,-4.772671223943001,-3.4739841213679656,-4.446982601098118,-3.6433291952159514
140.34799122810364,-4.772671223943001,-3.4739841213679656,-4.4560442373418105,-3.6441682354745657
140.39865636825562,-4.772671223943001,-3.4739841213679656,-4.465041286295062,-3.644924242867516
140.44903922080994,-4.772671223943001,-3.4739841213679656,-4.473905922917964,-3.6455920940722706
140.49980306625366,-4.772671223943001,-3.4739841213679656,-4.4827542884125675,-3.6461804687544075
140.5528826713562,-4.89298703947546,-3.4869183691657852,-4.491916528820784,-3.646705094061984
140.60332322120667,-4.89298703947546,-3.4869183691657852,-4.500537865376735,-3.6471179612513906
140.65404605865479,-4.89298703947546,-3.4869183691657852,-4.5091232421773695,-3.64744908988139
140.70541882514954,-4.89298703947546,-3.4869183691657852,-4.5177322342362976,-3.647698697914323
140.75596165657043,-4.89298703947546,-3.4869183691657852,-4.526116988840474,-3.647860191008105
140.80641555786133,-4.89298703947546,-3.4869183691657852,-4.534402443363506,-3.647938369140739
140.8573009967804,-4.89298703947546,-3.4869183691657852,-4.542672898456579,-3.647933341278087
140.90787649154663,-4.89298703947546,-3.4869183691657852,-4.5508072298562,-3.647845032037761
140.9586489200592,-4.89298703947546,-3.4869183691657852,-4.558886946393078,-3.6476729903428646
141.00908589363098,-4.89298703947546,-3.4869183691657852,-4.566827381090941,-3.647419515977523
141.05980944633484,-4.89298703947546,-3.4869183691657852,-4.574726290153153,-3.6470817610965045
141.110276222229,-4.89298703947546,-3.4869183691657852,-4.582498689931495,-3.646663429925562
141.16073393821716,-4.89298703947546,-3.4869183691657852,-4.590183123660331,-3.6461632794072325
141.21121382713318,-4.89298703947546,-3.4869183691657852,-4.597784025659489,-3.6455811306518617
141.26242589950562,-4.89298703947546,-3.4869183691657852,-4.605406052221799,-3.6449071226420666
141.31309413909912,-4.997997335874681,-3.4835726502540694,-4.612858509207496,-3.6441577594919954
141.36358833312988,-4.997997335874681,-3.4835726502540694,-4.620197379019924,-3.643329490920233
141.41410756111145,-4.997997335874681,-3.4835726502540694,-4.627451703665768,-3.6424195832611455
141.46630907058716,-4.997997335874681,-3.4835726502540694,-4.634854638933126,-3.6413942079007873
141.51697611808777,-4.997997335874681,-3.4835726502540694,-4.641949323761002,-3.640316371224984
141.56761074066162,-4.997997335874681,-3.4835726502540694,-4.64894998418438,-3.639158112882238
141.6185119152069,-4.997997335874681,-3.4835726502540694,-4.655897056410977,-3.637912212723328
141.67136120796204,-4.997997335874681,-3.4835726502540694,-4.663013762885287,-3.636532315170034
141.72202467918396,-4.997997335874681,-3.4835726502540694,-4.669743787822371,-3.6351271273699
141.77256989479065,-4.997997335874681,-3.4835726502540694,-4.676367759563444,-3.633645067469438
141.8242588043213,-4.997997335874681,-3.4835726502540694,-4.683048010969879,-3.632046872450058
141.8746497631073,-4.997997335874681,-3.4835726502540694,-4.689469134713361,-3.6304085969557027
141.9251160621643,-4.997997335874681,-3.4835726502540694,-4.6958091748677475,-3.628688693877983
141.9756679534912,-4.997997335874681,-3.4835726502540694,-4.702068726112055,-3.626886628004762
142.0262475013733,-5.084315840803581,-3.4640098273742437,-4.708240050008493,-3.6250043939349834
142.07698893547058,-5.084315840803581,-3.4640098273742437,-4.714338750897789,-3.623036749967039
142.1277985572815,-5.084315840803581,-3.4640098273742437,-4.720352681302041,-3.62098699113127
142.17882895469666,-5.084315840803581,-3.4640098273742437,-4.726298850162834,-3.6188484887564782
142.22930002212524,-5.084315840803581,-3.4640098273742437,-4.732087038533686,-3.6166549312022966
142.27983331680298,-5.084315840803581,-3.4640098273742437,-4.737789650239664,-3.6143806681009476
142.33046698570251,-5.084315840803581,-3.4640098273742437,-4.743410296556613,-3.612023813487405
142.38091945648193,-5.084315840803581,-3.4640098273742437,-4.74891770195248,-3.6095978691461292
142.43139600753784,-5.084315840803581,-3.4640098273742437,-4.754334469501562,-3.6070935366811896
142.48183703422546,-5.084315840803581,-3.4640098273742437,-4.759653997208947,-3.6045140111772755
142.53225183486938,-5.084315840803581,-3.4640098273742437,-4.764877202257999,-3.601859171571763
142.58261513710022,-5.084315840803581,-3.4640098273742437,-4.7700014503615655,-3.599130740373998
142.6331126689911,-5.084315840803581,-3.4640098273742437,-4.77504517672004,-3.596318684763068
142.68354392051697,-5.084315840803581,-3.4640098273742437,-4.779987935461156,-3.593434235289209
142.7345027923584,-5.1517908106839165,-3.429216165233674,-4.784886404969797,-3.59044260086735
142.78769874572754,-5.1517908106839165,-3.429216165233674,-4.789896718188972,-3.58723730200045
142.83816504478455,-5.1517908106839165,-3.429216165233674,-4.794552263435815,-3.5841189746201305
142.88861465454102,-5.1517908106839165,-3.429216165233674,-4.799110991302522,-3.580926484555068
142.93922114372253,-5.1517908106839165,-3.429216165233674,-4.803587969182795,-3.5776487639613794
142.99001932144165,-5.1517908106839165,-3.429216165233674,-4.807985064732991,-3.574283012336288
143.04058837890625,-5.1517908106839165,-3.429216165233674,-4.812265743832949,-3.5708574291356876
143.0913348197937,-5.1517908106839165,-3.429216165233674,-4.816464350959685,-3.5673448296869674
143.14237713813782,-5.1517908106839165,-3.429216165233674,-4.82058911363227,-3.5637362018688568
143.19284343719482,-5.1517908106839165,-3.429216165233674,-4.824570171194111,-3.560094047844654
143.24341940879822,-5.1517908106839165,-3.429216165233674,-4.828462753570856,-3.5563701500607845
143.29669737815857,-5.1517908106839165,-3.429216165233674,-4.832457908383927,-3.55236763423128
143.347718000412,-5.1517908106839165,-3.429216165233674,-4.836182223711945,-3.548458339517749
143.39825201034546,-5.1517908106839165,-3.429216165233674,-4.839772861801525,-3.5445129373334816
143.4489357471466,-5.199951347540145,-3.380860266993328,-4.8432758198990555,-3.5404827286081035
143.4998505115509,-5.199951347540145,-3.380860266993328,-4.846695409632371,-3.536360675780995
143.55090308189392,-5.199951347540145,-3.380860266993328,-4.850024091927807,-3.532153783381683
143.60237526893616,-5.199951347540145,-3.380860266993328,-4.853278397306314,-3.5278378823775354
143.65435671806335,-5.199951347540145,-3.380860266993328,-4.856461025924296,-3.523403704272703
143.70482206344604,-5.199951347540145,-3.380860266993328,-4.8594507757457315,-3.5190264595930376
143.7597472667694,-5.199951347540145,-3.380860266993328,-4.862592504365749,-3.514181623229263
143.81014466285706,-5.199951347540145,-3.380860266993328,-4.865372129167589,-3.5096624024375744
143.86065673828125,-5.199951347540145,-3.380860266993328,-4.868058879803398,-3.5050623231240614
143.91100811958313,-5.199951347540145,-3.380860266993328,-4.870638070627704,-3.500406819892821
143.9614760875702,-5.199951347540145,-3.380860266993328,-4.873123863151601,-3.4956706098602988
144.01192951202393,-5.199951347540145,-3.380860266993328,-4.875509327365661,-3.4908660511114435
144.06459164619446,-5.199951347540145,-3.380860266993328,-4.877892806078559,-3.485777102595546
144.11499905586243,-5.199951347540145,-3.380860266993328,-4.880072252609224,-3.480835456737452
144.1656310558319,-5.230310637248414,-3.31682635726171,-4.882160823174823,-3.47580256971626
144.217059135437,-5.230310637248414,-3.31682635726171,-4.884178865452692,-3.470619810193626
144.26765322685242,-5.230310637248414,-3.31682635726171,-4.886062367878132,-3.4654518077114282
144.31849908828735,-5.230310637248414,-3.31682635726171,-4.88785334711482,-3.460189131006012
144.3691577911377,-5.230310637248414,-3.31682635726171,-4.889535992840532,-3.4548773584889982
144.41968750953674,-5.230310637248414,-3.31682635726171,-4.8911130361904736,-3.4495113097691883
144.47119283676147,-5.230310637248414,-3.31682635726171,-4.892616235541267,-3.443972257395122
144.52193903923035,-5.230310637248414,-3.31682635726171,-4.893994155553069,-3.438446611685719
144.57258200645447,-5.230310637248414,-3.31682635726171,-4.895267079794026,-3.432864974888037
144.62303566932678,-5.230310637248414,-3.31682635726171,-4.896433587054085,-3.4272376993039173
144.67359733581543,-5.230310637248414,-3.31682635726171,-4.897500657432852,-3.4215320719458777
144.72426176071167,-5.230310637248414,-3.31682635726171,-4.898467404548241,-3.4157485584770892
144.7749502658844,-5.230310637248414,-3.31682635726171,-4.899331806362696,-3.4098961824298417
144.82551646232605,-5.230310637248414,-3.31682635726171,-4.900091532317461,-3.40399232930268
144.8762559890747,-5.24038437819045,-3.240379678477485,-4.900750737922326,-3.3980026769147726
144.9268081188202,-5.24038437819045,-3.240379678477485,-4.9013046516562255,-3.39197012987507
144.97970986366272,-5.24038437819045,-3.240379678477485,-4.901774239141601,-3.385588026438299
145.03032040596008,-5.24038437819045,-3.240379678477485,-4.902117997206798,-3.379416433124448
145.08085656166077,-5.24038437819045,-3.240379678477485,-4.902358199137384,-3.3731899120039572
145.13130807876587,-5.24038437819045,-3.240379678477485,-4.902495165170089,-3.3669103264076488
145.18178486824036,-5.24038437819045,-3.240379678477485,-4.902529260688002,-3.3605644074777943
145.23284530639648,-5.24038437819045,-3.240379678477485,-4.902458878431696,-3.3540811157259194
145.2839858531952,-5.24038437819045,-3.240379678477485,-4.902282549289721,-3.347523448702255
145.33456802368164,-5.24038437819045,-3.240379678477485,-4.902003845302067,-3.3409744851692498
145.38511753082275,-5.24038437819045,-3.240379678477485,-4.90162158867936,-3.3343675679171354
145.43587636947632,-5.24038437819045,-3.240379678477485,-4.901133301618797,-3.327671051404505
145.48670268058777,-5.24038437819045,-3.240379678477485,-4.900539392042498,-3.320903454308973
145.53728246688843,-5.24038437819045,-3.240379678477485,-4.8998439847569575,-3.314107226445874
145.58797526359558,-5.230012291374573,-3.1506815200187943,-4.899042454149415,-3.3072346156504557
145.63911819458008,-5.230012291374573,-3.1506815200187943,-4.898127626742777,-3.3002392141730272
145.69002103805542,-5.230012291374573,-3.1506815200187943,-4.897111102831057,-3.2932153727741427
145.74042892456055,-5.230012291374573,-3.1506815200187943,-4.896000170858628,-3.286199898687859
145.79087710380554,-5.230012291374573,-3.1506815200187943,-4.894784359047067,-3.279119424395859
145.841322183609,-5.230012291374573,-3.1506815200187943,-4.89346451628391,-3.2719802904537163
145.89172863960266,-5.230012291374573,-3.1506815200187943,-4.892041621894035,-3.264787914628803
145.94221806526184,-5.230012291374573,-3.1506815200187943,-4.890512029170777,-3.2575251884800043
145.99254894256592,-5.230012291374573,-3.1506815200187943,-4.88888321504309,-3.250227303491454
146.04384350776672,-5.230012291374573,-3.1506815200187943,-4.887116276911395,-3.242730468987527
146.0947141647339,-5.230012291374573,-3.1506815200187943,-4.88525725324021,-3.2352368823381754
146.1453959941864,-5.230012291374573,-3.1506815200187943,-4.883299407578987,-3.227713302927086
146.19581294059753,-5.230012291374573,-3.1506815200187943,-4.88124702971607,-3.220172121965813
146.24619269371033,-5.230012291374573,-3.1506815200187943,-4.879091729760184,-3.2125801189283365
146.2966284751892,-5.199035397911961,-3.049697669722152,-4.876829401980151,-3.204923540609683
146.34706234931946,-5.199035397911961,-3.049697669722152,-4.874462420145207,-3.197211419636737
146.39766359329224,-5.199035397911961,-3.049697669722152,-4.871982269326752,-3.189417926961683
146.44852948188782,-5.199035397911961,-3.049697669722152,-4.869382777522459,-3.1815277009530067
146.4990975856781,-5.199035397911961,-3.049697669722152,-4.866692741873004,-3.173628375039052
146.5495457649231,-5.199035397911961,-3.049697669722152,-4.863903962391808,-3.1656931836043274
146.60006093978882,-5.199035397911961,-3.049697669722152,-4.861006227592522,-3.1576931461209883
146.65088486671448,-5.199035397911961,-3.049697669722152,-4.857984450566987,-3.1495897084817974
146.70147371292114,-5.199035397911961,-3.049697669722152,-4.8548706950934655,-3.1414698017057927
146.75369501113892,-5.199035397911961,-3.049697669722152,-4.851545541637286,-3.133031775491906
146.80413126945496,-5.199035397911961,-3.049697669722152,-4.848227045104469,-3.1248284279694114
146.8545994758606,-5.199035397911961,-3.049697669722152,-4.844801171706296,-3.116567360240807
146.90511918067932,-5.199035397911961,-3.049697669722152,-4.841266304698031,-3.1082455830748827
146.95631551742554,-5.199035397911961,-3.049697669722152,-4.837576385598082,-3.0997593380007196
147.00708508491516,-5.147970202422133,-2.938972515794536,-4.833810129037242,-3.091291486451539
147.05835342407227,-5.147970202422133,-2.938972515794536,-4.829898625632987,-3.082687903253947
147.10913395881653,-5.147970202422133,-2.938972515794536,-4.825917092783112,-3.074114487575244
147.15960836410522,-5.147970202422133,-2.938972515794536,-4.821853776506952,-3.06554212412929
147.21005082130432,-5.147970202422133,-2.938972515794536,-4.817687653256077,-3.056925102320754
147.2620186805725,-5.147970202422133,-2.938972515794536,-4.8132853616509,-3.0479955023145555
147.31260538101196,-5.147970202422133,-2.938972515794536,-4.80889265706131,-3.039252899573507
147.36309027671814,-5.147970202422133,-2.938972515794536,-4.8044031405031955,-3.030478746376798
147.41351771354675,-5.147970202422133,-2.938972515794536,-4.799813365647041,-3.021665918277934
147.46403741836548,-5.147970202422133,-2.938972515794536,-4.7951095958546235,-3.0127885501110194
147.51434087753296,-5.147970202422133,-2.938972515794536,-4.790320947210393,-3.0039013826232184
147.5650818347931,-5.147970202422133,-2.938972515794536,-4.785384497596895,-2.994888958039774
147.61587190628052,-5.147970202422133,-2.938972515794536,-4.780336510270659,-2.985819927987429
147.66641426086426,-5.147970202422133,-2.938972515794536,-4.775207123096845,-2.976747933276121
147.72171688079834,-5.078936312960312,-2.8221376496279444,-4.769473475578257,-2.966767986023319
147.7722623348236,-5.078936312960312,-2.8221376496279444,-4.76412232027551,-2.9575979907135608
147.82358074188232,-5.078936312960312,-2.8221376496279444,-4.758581172190761,-2.9482407297288935
147.87440633773804,-5.078936312960312,-2.8221376496279444,-4.752985840200093,-2.9389269826447433
147.92515587806702,-5.078936312960312,-2.8221376496279444,-4.74729226791969,-2.929581522875889
147.97560620307922,-5.078936312960312,-2.8221376496279444,-4.741526698281648,-2.9202463125671088
148.02597093582153,-5.078936312960312,-2.8221376496279444,-4.73566595310328,-2.910882695813005
148.07658457756042,-5.078936312960312,-2.8221376496279444,-4.729670628549391,-2.901428630807242
148.1282057762146,-5.078936312960312,-2.8221376496279444,-4.7234469345322925,-2.891741131841778
148.17906141281128,-5.078936312960312,-2.8221376496279444,-4.717207919675793,-2.8821530096526744
148.2294774055481,-5.078936312960312,-2.8221376496279444,-4.7109174454858,-2.8726047513025814
148.27985191345215,-5.078936312960312,-2.8221376496279444,-4.704527381517778,-2.86302192851189
148.3302264213562,-5.078936312960312,-2.8221376496279444,-4.698032639524586,-2.85339706537983
148.38061833381653,-5.078936312960312,-2.8221376496279444,-4.691430968660235,-2.84372717895835
148.43116545677185,-4.986997392992997,-2.69247957597129,-4.6847038272301855,-2.8339859778100758
148.481831073761,-4.986997392992997,-2.69247957597129,-4.677855299892529,-2.8241805703814666
148.53220534324646,-4.986997392992997,-2.69247957597129,-4.670941380501564,-2.8143908536862328
148.58254957199097,-4.986997392992997,-2.69247957597129,-4.663927263743746,-2.80456680149535
148.63526892662048,-4.986997392992997,-2.69247957597129,-4.656470516929913,-2.7942366238626826
148.68663668632507,-4.986997392992997,-2.69247957597129,-4.649095073780969,-2.784129714514877
148.7370376586914,-4.986997392992997,-2.69247957597129,-4.6417531108129575,-2.7741735259867664
148.78755950927734,-4.986997392992997,-2.69247957597129,-4.634288901238508,-2.764154567192778
148.83800268173218,-4.986997392992997,-2.69247957597129,-4.6267318681125635,-2.754112735100048
148.8885576725006,-4.986997392992997,-2.69247957597129,-4.619053443773079,-2.7440104429380567
148.9398946762085,-4.986997392992997,-2.69247957597129,-4.6111491259190105,-2.7337131340095437
148.9904339313507,-4.986997392992997,-2.69247957597129,-4.603262278837516,-2.7235380790095407
149.04094982147217,-4.986997392992997,-2.69247957597129,-4.59527469998701,-2.7133306667136523
149.09159755706787,-4.986997392992997,-2.69247957597129,-4.58716159603501,-2.703059793025918
149.14211583137512,-4.873899130895057,-2.5544462023970604,-4.578964904973002,-2.692778823114352
149.19270372390747,-4.873899130895057,-2.5544462023970604,-4.570652601330935,-2.682447685184925
149.2434983253479,-4.873899130895057,-2.5544462023970604,-4.56220139665869,-2.6720384686731453
149.29429149627686,-4.873899130895057,-2.5544462023970604,-4.5536453812224895,-2.661593993245929
149.34468626976013,-4.873899130895057,-2.5544462023970604,-4.545052758440665,-2.6511966841340815
149.39513421058655,-4.873899130895057,-2.5544462023970604,-4.536347698564074,-2.640754110470373
149.44632005691528,-4.873899130895057,-2.5544462023970604,-4.527409707974989,-2.6301241106851077
149.4979784488678,-4.873899130895057,-2.5544462023970604,-4.518281468037864,-2.6193609562098743
149.548734664917,-4.873899130895057,-2.5544462023970604,-4.5092073474000856,-2.6087519012578535
149.59920954704285,-4.873899130895057,-2.5544462023970604,-4.500080130288776,-2.5981687411363863
149.6497163772583,-4.873899130895057,-2.5544462023970604,-4.4908440462125165,-2.5875464145342884
149.70040774345398,-4.873899130895057,-2.5544462023970604,-4.481470644899678,-2.5768530047906553
149.75115656852722,-4.873899130895057,-2.5544462023970604,-4.4719828020583465,-2.5661154739415952
149.80181646347046,-4.873899130895057,-2.5544462023970604,-4.462408105287042,-2.555365211261882
149.85275101661682,-4.740851094674252,-2.409964723327855,-4.452677393020103,-2.5445252779513328
149.90364503860474,-4.740851094674252,-2.409964723327855,-4.442850291235193,-2.5336629277175255
149.95442390441895,-4.740851094674252,-2.409964723327855,-4.432941818285524,-2.5227946207257457
150.00514316558838,-4.740851094674252,-2.409964723327855,-4.422941802593236,-2.5119090139158806
150.05587100982666,-4.740851094674252,-2.409964723327855,-4.412837091841923,-2.500991906881752
150.10670113563538,-4.740851094674252,-2.409964723327855,-4.402608823207344,-2.49002342820886
150.15720415115356,-4.740851094674252,-2.409964723327855,-4.392344224753376,-2.479096816557947
150.20798683166504,-4.740851094674252,-2.409964723327855,-4.381920259064007,-2.4680812226298365
150.2584466934204,-4.740851094674252,-2.409964723327855,-4.371460871393204,-2.457107757398106
150.30893087387085,-4.740851094674252,-2.409964723327855,-4.360895155521545,-2.446101561877308
150.36156606674194,-4.740851094674252,-2.409964723327855,-4.349771542300796,-2.4345976064636403
150.41231870651245,-4.740851094674252,-2.409964723327855,-4.33894180142052,-2.423477651515387
150.4627001285553,-4.740851094674252,-2.409964723327855,-4.328090464433696,-2.4124127662114754
150.51315879821777,-4.740851094674252,-2.409964723327855,-4.317121978352575,-2.4013050726800054
150.5636043548584,-4.586022995727366,-2.2579232472886934,-4.30605595348684,-2.390174798124091
150.61445879936218,-4.586022995727366,-2.2579232472886934,-4.2947987975592605,-2.378928923080053
150.66543626785278,-4.586022995727366,-2.2579232472886934,-4.283412363887751,-2.3676306595254846
150.71599292755127,-4.586022995727366,-2.2579232472886934,-4.272019186245856,-2.3564011502446833
150.76652550697327,-4.586022995727366,-2.2579232472886934,-4.2605313591824245,-2.3451529870621997
150.81713366508484,-4.586022995727366,-2.2579232472886934,-4.24892624768814,-2.3338643389924467
150.86794781684875,-4.586022995727366,-2.2579232472886934,-4.237173287245516,-2.3225063104162524
150.9184639453888,-4.586022995727366,-2.2579232472886934,-4.22538950588689,-2.311192013186002
150.96911120414734,-4.586022995727366,-2.2579232472886934,-4.21347547249067,-2.2998258320102454
151.01970267295837,-4.586022995727366,-2.2579232472886934,-4.201475119397337,-2.2884500548940743
151.07269978523254,-4.586022995727366,-2.2579232472886934,-4.188797758781897,-2.2765100745080895
151.12316799163818,-4.586022995727366,-2.2579232472886934,-4.176624341144973,-2.265118104004603
151.17361068725586,-4.586022995727366,-2.2579232472886934,-4.164358821038375,-2.2537110928368094
151.22395277023315,-4.586022995727366,-2.2579232472886934,-4.152020020616794,-2.2423064875777077
151.2747986316681,-4.416927145908962,-2.1061685223475948,-4.139458824524297,-2.23076751466611
151.32534074783325,-4.416927145908962,-2.1061685223475948,-4.1268743435646424,-2.2192777047224928
151.3761305809021,-4.416927145908962,-2.1061685223475948,-4.11412963675921,-2.2077121192217395
151.4266586303711,-4.416927145908962,-2.1061685223475948,-4.10135279913447,-2.1961871772890307
151.4773383140564,-4.416927145908962,-2.1061685223475948,-4.088439819335894,-2.1846090359419215
151.52811646461487,-4.416927145908962,-2.1061685223475948,-4.07540373100663,-2.1729900968305227
151.57935285568237,-4.416927145908962,-2.1061685223475948,-4.062150771727165,-2.1612481360680764
151.62984919548035,-4.416927145908962,-2.1061685223475948,-4.048991928018678,-2.149658311590687
151.68023562431335,-4.416927145908962,-2.1061685223475948,-4.035765657229167,-2.1380768223991926
151.73062467575073,-4.416927145908962,-2.1061685223475948,-4.022442943968892,-2.1264782416795893
151.78132462501526,-4.416927145908962,-2.1061685223475948,-4.008941608064699,-2.1147918457591435
151.8319914340973,-4.416927145908962,-2.1061685223475948,-3.9953526991891817,-2.103097193071551
151.8824965953827,-4.416927145908962,-2.1061685223475948,-3.981711465795539,-2.0914244257894685
151.93288350105286,-4.239592535141223,-1.959029058700184,-3.9680072103071575,-2.079764029413707
151.98344826698303,-4.239592535141223,-1.959029058700184,-3.9541594577335086,-2.0680478385283343
152.03411316871643,-4.239592535141223,-1.959029058700184,-3.9401889436071196,-2.056294131131242
152.08513236045837,-4.239592535141223,-1.959029058700184,-3.9260245419258117,-2.0444441486495144
152.13572335243225,-4.239592535141223,-1.959029058700184,-3.9118839449200395,-2.0326800586176224
152.18653202056885,-4.239592535141223,-1.959029058700184,-3.8975874634888044,-2.020852150948685
152.23694825172424,-4.239592535141223,-1.959029058700184,-3.883307504209837,-2.0091029112328846
152.28737425804138,-4.239592535141223,-1.959029058700184,-3.8689314572864992,-1.9973391357839199
152.33794140815735,-4.239592535141223,-1.959029058700184,-3.8544216998795884,-1.9855305091165754
152.3883318901062,-4.239592535141223,-1.959029058700184,-3.839869773569509,-1.9737516449432644
152.43894910812378,-4.239592535141223,-1.959029058700184,-3.825159297513813,-1.9619086163830626
152.48979496955872,-4.239592535141223,-1.959029058700184,-3.810288717864658,-1.9500012168557161
152.5405547618866,-4.239592535141223,-1.959029058700184,-3.7953499449995394,-1.9381034932132717
152.591370344162,-4.239592535141223,-1.959029058700184,-3.7803015782156493,-1.9261825959311294
152.64177680015564,-4.032558607508967,-1.7994856451128964,-3.765282529669804,-1.9143480813127354
152.69218564033508,-4.032558607508967,-1.7994856451128964,-3.7501715610059696,-1.9025038334137259
152.74303317070007,-4.032558607508967,-1.7994856451128964,-3.7348369515920234,-1.8905476034255981
152.79383444786072,-4.032558607508967,-1.7994856451128964,-3.719424157494878,-1.8785937070266332
152.84469413757324,-4.032558607508967,-1.7994856451128964,-3.7039016688785877,-1.8666179037509125
152.89562439918518,-4.032558607508967,-1.7994856451128964,-3.688265706117095,-1.8546176914944486
152.9459891319275,-4.032558607508967,-1.7994856451128964,-3.6727131709912135,-1.8427434462135701
152.99634885787964,-4.032558607508967,-1.7994856451128964,-3.6570727835281573,-1.8308635204891959
153.04669380187988,-4.032558607508967,-1.7994856451128964,-3.6413479119616654,-1.818980602911231
153.09712600708008,-4.032558607508967,-1.7994856451128964,-3.6255067741974702,-1.8070709735312422
153.14760661125183,-4.032558607508967,-1.7994856451128964,-3.609561503789815,-1.79514416511034
153.1979944705963,-4.032558607508967,-1.7994856451128964,-3.593557088616792,-1.7832339115160059
153.24843215942383,-4.032558607508967,-1.7994856451128964,-3.5774486468406965,-1.7713068978385236
153.29897904396057,-4.032558607508967,-1.7994856451128964,-3.561217094788483,-1.7593494420591844
153.349378824234,-3.8071741546632047,-1.6376725256908717,-3.544945129558171,-1.7474225583833765
153.39983415603638,-3.8071741546632047,-1.6376725256908717,-3.5285678585098283,-1.7354786786690608
153.45027208328247,-3.8071741546632047,-1.6376725256908717,-3.5121091629998604,-1.7235354460673469
153.50070595741272,-3.8071741546632047,-1.6376725256908717,-3.4955650437440107,-1.7115900780234756
153.55123662948608,-3.8071741546632047,-1.6376725256908717,-3.478902483792562,-1.699619056716566
153.60198760032654,-3.8071741546632047,-1.6376725256908717,-3.462080251628534,-1.6875934789788634
153.65244936943054,-3.8071741546632047,-1.6376725256908717,-3.4452677173402906,-1.6756344548975088
153.7032389640808,-3.8071741546632047,-1.6376725256908717,-3.428259520466098,-1.6635961323151767
153.75513911247253,-3.8071741546632047,-1.6376725256908717,-3.4107901738311646,-1.651293314277986
153.80558919906616,-3.8071741546632047,-1.6376725256908717,-3.3937227635026055,-1.6393333853634289
153.85597395896912,-3.8071741546632047,-1.6376725256908717,-3.3765930115006064,-1.6273884878884393
153.9066183567047,-3.8071741546632047,-1.6376725256908717,-3.3592902698628677,-1.6153819537900316
153.95712971687317,-3.8071741546632047,-1.6376725256908717,-3.3419487033708872,-1.603407250536758
154.00748133659363,-3.8071741546632047,-1.6376725256908717,-3.324578535751805,-1.59147107727699
154.05809593200684,-3.5657034332547366,-1.475366223324814,-3.307034011222496,-1.5794736013723127
154.10916781425476,-3.5657034332547366,-1.475366223324814,-3.289246321048994,-1.5673691660679614
154.15998673439026,-3.5657034332547366,-1.475366223324814,-3.2714626677968317,-1.5553264936643898
154.2106578350067,-3.5657034332547366,-1.475366223324814,-3.2536475902531157,-1.5433210229847256
154.26138377189636,-3.5657034332547366,-1.475366223324814,-3.2357304084030063,-1.5313051075655706
154.31254720687866,-3.5657034332547366,-1.475366223324814,-3.217575099751387,-1.519188519890673
154.36330270767212,-3.5657034332547366,-1.475366223324814,-3.1994819417885774,-1.50717185532967
154.41471672058105,-3.5657034332547366,-1.475366223324814,-3.1810705157133086,-1.4950030343840488
154.46573328971863,-3.5657034332547366,-1.475366223324814,-3.1627186830045773,-1.4829323926430846
154.51774168014526,-3.5657034332547366,-1.475366223324814,-3.1439256124025086,-1.470631691252199
154.5689034461975,-3.5657034332547366,-1.475366223324814,-3.125355636433701,-1.4585361523373834
154.61967730522156,-3.5657034332547366,-1.475366223324814,-3.1068456019417043,-1.4465375260741757
154.6701204776764,-3.5657034332547366,-1.475366223324814,-3.0883767162321214,-1.4346225469991025
154.72052574157715,-3.3307540358773546,-1.3275056893221588,-3.069843008623065,-1.4227223615273004
154.77108645439148,-3.3307540358773546,-1.3275056893221588,-3.051173466046824,-1.4107917031470292
154.82158088684082,-3.3307540358773546,-1.3275056893221588,-3.03245011479647,-1.3988832711689434
154.87200665473938,-3.3307540358773546,-1.3275056893221588,-3.0136745146145483,-1.386997961848425
154.92239594459534,-3.3307540358773546,-1.3275056893221588,-2.994835287188406,-1.3751285257429189
154.97284770011902,-3.3307540358773546,-1.3275056893221588,-2.975895745966589,-1.3632520200288396
155.02333331108093,-3.3307540358773546,-1.3275056893221588,-2.9568667791692276,-1.351375559687158
155.073912858963,-3.3307540358773546,-1.3275056893221588,-2.9377258216200177,-1.3394854002420868
155.12470650672913,-3.3307540358773546,-1.3275056893221588,-2.9184270767021214,-1.3275537323477473
155.17655324935913,-3.3307540358773546,-1.3275056893221588,-2.898649274793352,-1.3153841808567661
155.22726035118103,-3.3307540358773546,-1.3275056893221588,-2.8792294578037008,-1.3034917715145813
155.27840614318848,-3.3307540358773546,-1.3275056893221588,-2.859565139542756,-1.291506503842409
155.32889986038208,-3.3307540358773546,-1.3275056893221588,-2.8400765561943455,-1.2796842781105155
155.3795027732849,-3.3307540358773546,-1.3275056893221588,-2.82047148139927,-1.2678470469706178
155.43029928207397,-3.0634737959189193,-1.1696240567320089,-2.800716938098988,-1.2559755186400952
155.48089718818665,-3.0634737959189193,-1.1696240567320089,-2.780965852844094,-1.2441617056926342
155.53138518333435,-3.0634737959189193,-1.1696240567320089,-2.76118466922517,-1.2323851482122181
155.58205199241638,-3.0634737959189193,-1.1696240567320089,-2.74126050954731,-1.2205788752165256
155.63304781913757,-3.0634737959189193,-1.1696240567320089,-2.721133610422083,-1.2087084231027063
155.6835060119629,-3.0634737959189193,-1.1696240567320089,-2.701146867336203,-1.1969757987692435
155.73418760299683,-3.0634737959189193,-1.1696240567320089,-2.680999905622427,-1.1852042771172289
155.7851152420044,-3.0634737959189193,-1.1696240567320089,-2.6606831294581696,-1.1733891311259397
155.83571863174438,-3.0634737959189193,-1.1696240567320089,-2.640424621871831,-1.161662986754985
155.88635659217834,-3.0634737959189193,-1.1696240567320089,-2.6200817504314267,-1.149942924742771
155.93670892715454,-3.0634737959189193,-1.1696240567320089,-2.599784075991671,-1.1383032911908324
155.9876310825348,-3.0634737959189193,-1.1696240567320089,-2.579186579766138,-1.1265468061164825
156.03814697265625,-3.0634737959189193,-1.1696240567320089,-2.5586841528430946,-1.1148992346659594
156.0884654521942,-3.0634737959189193,-1.1696240567320089,-2.538193677142745,-1.1033124889618384
156.13914585113525,-2.7777388680518085,-1.0115779309202722,-2.517487464291027,-1.0916581882648368
156.18962049484253,-2.7777388680518085,-1.0115779309202722,-2.496797545298682,-1.0800672841299033
156.24003672599792,-2.7777388680518085,-1.0115779309202722,-2.4760644705678647,-1.0685061508414764
156.29038500785828,-2.7777388680518085,-1.0115779309202722,-2.4552928296844763,-1.0569772471068708
156.34073066711426,-2.7777388680518085,-1.0115779309202722,-2.434456228102657,-1.0454659109052653
156.39142751693726,-2.7777388680518085,-1.0115779309202722,-2.4134079691540484,-1.0338917555700256
156.44221711158752,-2.7777388680518085,-1.0115779309202722,-2.3922549110054607,-1.022314351270036
156.4928650856018,-2.7777388680518085,-1.0115779309202722,-2.3710951895549095,-1.0107874305188944
156.54370856285095,-2.7777388680518085,-1.0115779309202722,-2.3497882912086276,-0.9992346325388342
156.59444093704224,-2.7777388680518085,-1.0115779309202722,-2.328462977930767,-0.9877260057518904
156.6457483768463,-2.7777388680518085,-1.0115779309202722,-2.3068303716584313,-0.9761064932387908
156.69912266731262,-2.7777388680518085,-1.0115779309202722,-2.2842568401588244,-0.9640401548032669
156.74999570846558,-2.7777388680518085,-1.0115779309202722,-2.262675669733505,-0.9525597926189873
156.80044317245483,-2.7777388680518085,-1.0115779309202722,-2.2412123644470574,-0.9411955765608506
156.8521420955658,-2.479232170037483,-0.8569426463342393,-2.2191523238854813,-0.9295705587810486
156.90281438827515,-2.479232170037483,-0.8569426463342393,-2.197467647048109,-0.918197458310225
156.9534411430359,-2.479232170037483,-0.8569426463342393,-2.1757409172919857,-0.9068557343873702
157.00387716293335,-2.479232170037483,-0.8569426463342393,-2.154035320922034,-0.8955780871843642
157.05432677268982,-2.479232170037483,-0.8569426463342393,-2.1322636891791755,-0.8843190346772642
157.10499501228333,-2.479232170037483,-0.8569426463342393,-2.1103375697396536,-0.8730332858266161
157.1557126045227,-2.479232170037483,-0.8569426463342393,-2.0883301912803662,-0.8617590401410427
157.20614528656006,-2.479232170037483,-0.8569426463342393,-2.0663874652280088,-0.8505707617394984
157.2565155029297,-2.479232170037483,-0.8569426463342393,-2.044413666970778,-0.8394191811561371
157.30695962905884,-2.479232170037483,-0.8569426463342393,-2.0223497351192155,-0.8282744248519611
157.35756587982178,-2.479232170037483,-0.8569426463342393,-2.0001571345692843,-0.8171174782368786
157.4080672264099,-2.479232170037483,-0.8569426463342393,-1.9779533264919182,-0.8060075626443046
157.45889496803284,-2.479232170037483,-0.8569426463342393,-1.9555487699918024,-0.7948502657964203
157.5093719959259,-2.479232170037483,-0.8569426463342393,-1.9332424338714254,-0.7837945126433854
157.56005358695984,-2.1712933371018273,-0.7074244748718053,-1.9107896459967204,-0.7727188856216305
157.61061477661133,-2.1712933371018273,-0.7074244748718053,-1.8883346972658,-0.7616947690306684
157.66165161132812,-2.1712933371018273,-0.7074244748718053,-1.8656127635909823,-0.7505927804434598
157.7124412059784,-2.1712933371018273,-0.7074244748718053,-1.8429457798943523,-0.739570650149088
157.76314043998718,-2.1712933371018273,-0.7074244748718053,-1.8202647564942225,-0.7285943790493432
157.81366300582886,-2.1712933371018273,-0.7074244748718053,-1.7976092057397024,-0.7176827470326881
157.86432075500488,-2.1712933371018273,-0.7074244748718053,-1.774839826565715,-0.7067686699897751
157.91511797904968,-2.1712933371018273,-0.7074244748718053,-1.7519547359247687,-0.6958517423268891
157.96546053886414,-2.1712933371018273,-0.7074244748718053,-1.729222571122519,-0.6850596949249033
158.01594042778015,-2.1712933371018273,-0.7074244748718053,-1.7063769834451734,-0.6742656581309698
158.06672477722168,-2.1712933371018273,-0.7074244748718053,-1.6833421395176091,-0.663434551416628
158.11741709709167,-2.1712933371018273,-0.7074244748718053,-1.6602980411762973,-0.6526514078103514
158.16795682907104,-2.1712933371018273,-0.7074244748718053,-1.6372730694779378,-0.6419291964876388
158.21918773651123,-2.1712933371018273,-0.7074244748718053,-1.6138825105714258,-0.6310896638087033
158.2697696685791,-1.8507626627312062,-0.5618167844466968,-1.5907386668146608,-0.6204166895147045
158.32012367248535,-1.8507626627312062,-0.5618167844466968,-1.5676506572155926,-0.6098209596517443
158.37049889564514,-1.8507626627312062,-0.5618167844466968,-1.5445050252891668,-0.5992501509268369
158.4210934638977,-1.8507626627312062,-0.5618167844466968,-1.5212108832197346,-0.5886631825563313
158.47139525413513,-1.8507626627312062,-0.5618167844466968,-1.4980046059710983,-0.5781674319643026
158.52182054519653,-1.8507626627312062,-0.5618167844466968,-1.4746948714581167,-0.5676761680023064
158.57217645645142,-1.8507626627312062,-0.5618167844466968,-1.4513712540959935,-0.5572298461190961
158.62262630462646,-1.8507626627312062,-0.5618167844466968,-1.4279585665372325,-0.5467948848915194
158.67307353019714,-1.8507626627312062,-0.5618167844466968,-1.4045019886367027,-0.5363916154043822
158.72356581687927,-1.8507626627312062,-0.5618167844466968,-1.3809797866530262,-0.5260105178528862
158.7746980190277,-1.8507626627312062,-0.5618167844466968,-1.3571144384370866,-0.515530213995592
158.82511591911316,-1.8507626627312062,-0.5618167844466968,-1.333538608844202,-0.5052284741107669
158.87564063072205,-1.8507626627312062,-0.5618167844466968,-1.3098696313249212,-0.4949372134826553
158.9262993335724,-1.8507626627312062,-0.5618167844466968,-1.286094967545333,-0.4846513974096047
158.97676396369934,-1.5235504975881367,-0.42302394816774275,-1.262369160478508,-0.474437845914327
159.02729988098145,-1.5235504975881367,-0.42302394816774275,-1.238568110192687,-0.4642429990227188
159.07893252372742,-1.5235504975881367,-0.42302394816774275,-1.2142079312808614,-0.4538614228177562
159.12936091423035,-1.5235504975881367,-0.42302394816774275,-1.190374867095163,-0.4437559256216952
159.17979454994202,-1.5235504975881367,-0.42302394816774275,-1.1664992618944963,-0.4336831888464352
159.23039650917053,-1.5235504975881367,-0.42302394816774275,-1.14250421567856,-0.42361107696960554
159.2809362411499,-1.5235504975881367,-0.42302394816774275,-1.1184994395789238,-0.4135858466425053
159.3314483165741,-1.5235504975881367,-0.42302394816774275,-1.0944691298083136,-0.4036008052893667
159.38179850578308,-1.5235504975881367,-0.42302394816774275,-1.0704778706755842,-0.39368254552898874
159.43222999572754,-1.5235504975881367,-0.42302394816774275,-1.046410388171798,-0.38378333171675116
159.4826545715332,-1.5235504975881367,-0.42302394816774275,-1.0223092098967732,-0.37392080778791836
159.5330855846405,-1.5235504975881367,-0.42302394816774275,-0.9981684679831506,-0.36409261105675794
159.5834105014801,-1.5235504975881367,-0.42302394816774275,-0.9740426513264585,-0.35432081380846014
159.63384246826172,-1.5235504975881367,-0.42302394816774275,-0.9498300909190613,-0.3445642752504354
159.68474054336548,-1.189214705193145,-0.29085715204454254,-0.9253583205974448,-0.3347543972592666
159.73549246788025,-1.189214705193145,-0.29085715204454254,-0.9009219075782787,-0.3250097791738056
159.78598952293396,-1.189214705193145,-0.29085715204454254,-0.8765741358113066,-0.3153511007916081
159.83646607398987,-1.189214705193145,-0.29085715204454254,-0.8522028038512172,-0.3057334730077774
159.88690090179443,-1.189214705193145,-0.29085715204454254,-0.8278187401793822,-0.29616110862635425
159.9374189376831,-1.189214705193145,-0.29085715204454254,-0.803362026483065,-0.2866105794433298
159.98786330223083,-1.189214705193145,-0.29085715204454254,-0.7789091256633894,-0.2771117897537101
160.03840827941895,-1.189214705193145,-0.29085715204454254,-0.7543760544836363,-0.2676321861458497
160.08898639678955,-1.189214705193145,-0.29085715204454254,-0.7297959661170331,-0.2581848076411646
160.13942956924438,-1.189214705193145,-0.29085715204454254,-0.70525116805847,-0.24880116528175567
160.19001579284668,-1.189214705193145,-0.29085715204454254,-0.6806069151950758,-0.23942978424022954
160.24048161506653,-1.189214705193145,-0.29085715204454254,-0.6559920643214164,-0.23011972417146254
160.29274034500122,-1.189214705193145,-0.29085715204454254,-0.6304724878970798,-0.2205202153597634
160.34354734420776,-1.189214705193145,-0.29085715204454254,-0.6056329029659604,-0.21122790814828107
160.3942174911499,-0.8425389079260845,-0.1637061380379133,-0.5808323587932476,-0.2020006561448664
160.44573879241943,-0.8425389079260845,-0.1637061380379133,-0.5555872388228753,-0.19265961994617387
160.49713969230652,-0.8425389079260845,-0.1637061380379133,-0.5303735650876911,-0.18338205576183908
160.5483362674713,-0.8425389079260845,-0.1637061380379133,-0.5052333261009058,-0.17418294499795195
160.5988528728485,-0.8425389079260845,-0.1637061380379133,-0.4804013255922014,-0.16514690042763513
160.6493318080902,-0.8425389079260845,-0.1637061380379133,-0.45556291894147394,-0.15615837776809594
160.69991946220398,-0.8425389079260845,-0.1637061380379133,-0.4306465617372577,-0.14719160921723606
160.75059127807617,-0.8425389079260845,-0.1637061380379133,-0.4056647522954129,-0.13825139494316074
160.80185675621033,-0.8425389079260845,-0.1637061380379133,-0.38036637396712014,-0.12924889279875895
160.85293126106262,-0.8425389079260845,-0.1637061380379133,-0.35513890485910693,-0.12032260389071192
160.90378046035767,-0.8425389079260845,-0.1637061380379133,-0.33000014372689535,-0.11147821863103191
160.95546221733093,-0.8425389079260845,-0.1637061380379133,-0.30442727021577,-0.10253271870739367
161.0062747001648,-0.8425389079260845,-0.1637061380379133,-0.27926296009293206,-0.09378083303665541
161.05711150169373,-0.8425389079260845,-0.1637061380379133,-0.2540657655203913,-0.08506778163113005
161.10801029205322,-0.4971998167289353,-0.0464226189969414,-0.2288175187723127,-0.07638742024595713
161.1584815979004,-0.4971998167289353,-0.0464226189969414,-0.20376178991348493,-0.06782295697866214
161.20929193496704,-0.4971998167289353,-0.0464226189969414,-0.17851865821884094,-0.0592444060362034
161.25987243652344,-0.4971998167289353,-0.0464226189969414,-0.15337123222668692,-0.05074814618411194
161.31042408943176,-0.4971998167289353,-0.0464226189969414,-0.12822027777581935,-0.04230027536979364
161.36091113090515,-0.4971998167289353,-0.0464226189969414,-0.10308418586062418,-0.033906838742041145
161.41173458099365,-0.4971998167289353,-0.0464226189969414,-0.07776371501596702,-0.025501709732157263
161.46244621276855,-0.4971998167289353,-0.0464226189969414,-0.05248261825183054,-0.017159497006971947
161.5128972530365,-0.4971998167289353,-0.0464226189969414,-0.027315794475548993,-0.008904370397526229
161.56334376335144,-0.4971998167289353,-0.0464226189969414,-0.002136183697924121,-0.0006942649891055197
161.61402106285095,-0.4971998167289353,-0.0464226189969414,0.023173217495028875,0.007508637595003975
161.66471409797668,-0.4971998167289353,-0.0464226189969414,0.04850455608318527,0.015669020582154136
161.71513652801514,-0.4971998167289353,-0.0464226189969414,0.07371408837975446,0.023740952295519868
161.76550817489624,-0.4971998167289353,-0.0464226189969414,0.09891103969475701,0.03175987788516155
161.81666111946106,-0.14893156251576975,0.06246737754673763,0.12451134923358653,0.039857102928383625
161.86732292175293,-0.14893156251576975,0.06246737754673763,0.14987774798725373,0.04783064166402129
161.91835355758667,-0.14893156251576975,0.06246737754673763,0.17544021426230183,0.055815836364046856
161.9692029953003,-0.14893156251576975,0.06246737754673763,0.20092271937704964,0.06372619182932393
162.0199327468872,-0.14893156251576975,0.06246737754673763,0.22635542821093868,0.07157152065636252
162.0709788799286,-0.14893156251576975,0.06246737754673763,0.2519564465343582,0.07941882211364915
162.12168550491333,-0.14893156251576975,0.06246737754673763,0.2773962549579245,0.08716713365957673
162.1723005771637,-0.14893156251576975,0.06246737754673763,0.3027985756712491,0.09485477846369195
162.22293639183044,-0.14893156251576975,0.06246737754673763,0.32821918698400476,0.10249875093099181
162.27380394935608,-0.14893156251576975,0.06246737754673763,0.3537635092741931,0.11013039405438985
162.3268337249756,-0.14893156251576975,0.06246737754673763,0.38040088848172937,0.11803577631852447
162.3793547153473,-0.14893156251576975,0.06246737754673763,0.40678936682454103,0.12581417049853627
162.42979645729065,-0.14893156251576975,0.06246737754673763,0.432138814304309,0.13323655645272225
162.48022055625916,-0.14893156251576975,0.06246737754673763,0.45748437353713267,0.14060912155047234
162.53084707260132,0.20060154016907086,0.16223476237682147,0.4829361234659645,0.14796363399471968
162.58136081695557,0.20060154016907086,0.16223476237682147,0.5083350578536102,0.15525403453639353
162.6317925453186,0.20060154016907086,0.16223476237682147,0.533696059268275,0.16248489509869257
162.6822636127472,0.20060154016907086,0.16223476237682147,0.5590795908407657,0.1696735352370604
162.7337920665741,0.20060154016907086,0.16223476237682147,0.584997170118703,0.1769632409486297
162.78473043441772,0.20060154016907086,0.16223476237682147,0.6106196088148158,0.18412012967561253
162.83518481254578,0.20060154016907086,0.16223476237682147,0.6359996536401729,0.19116052357999758
162.88598036766052,0.20060154016907086,0.16223476237682147,0.661551814368877,0.19819963711239197
162.936945438385,0.20060154016907086,0.16223476237682147,0.6871891719181602,0.20521280858775448
162.98751711845398,0.20060154016907086,0.16223476237682147,0.7126279945416418,0.21212277177378613
163.03800225257874,0.20060154016907086,0.16223476237682147,0.7380220774601814,0.2189720221261684
163.08849477767944,0.20060154016907086,0.16223476237682147,0.7634181112833301,0.22577329309770988
163.14025688171387,0.20060154016907086,0.16223476237682147,0.7894502774823462,0.23269459623020428
163.19065284729004,0.20060154016907086,0.16223476237682147,0.8147924568080401,0.2393835179070627
163.24108004570007,0.5407039016536441,0.2507460500158104,0.840146883680372,0.24602737369349414
163.2917037010193,0.5407039016536441,0.2507460500158104,0.8655960433357184,0.25264747994100656
163.34220957756042,0.5407039016536441,0.2507460500158104,0.8909813916117175,0.2592025116739345
163.39271092414856,0.5407039016536441,0.2507460500158104,0.9163593024418635,0.2657072331911299
163.44372057914734,0.5407039016536441,0.2507460500158104,0.9419868354453959,0.2722268386861595
163.49440836906433,0.5407039016536441,0.2507460500158104,0.9674463026350528,0.27865483340378594
163.54486417770386,0.5407039016536441,0.2507460500158104,0.9927823882514277,0.2850033321633507
163.59588956832886,0.5407039016536441,0.2507460500158104,1.018396948475498,0.29137257734154787
163.64680123329163,0.5407039016536441,0.2507460500158104,1.043946287051221,0.29767648492342724
163.69741034507751,0.5407039016536441,0.2507460500158104,1.0693351708964367,0.30389219591147487
163.74781107902527,0.5407039016536441,0.2507460500158104,1.0946104103729062,0.31003194248882915
163.79836654663086,0.5407039016536441,0.2507460500158104,1.1199535505888523,0.31613994004173884
163.84877014160156,0.5407039016536441,0.2507460500158104,1.1452103287497968,0.32217904436922096
163.89921522140503,0.5407039016536441,0.2507460500158104,1.1704771059609207,0.32817249410218174
163.9509027004242,0.8895722466543594,0.3324957327541176,1.1963543895892585,0.334260925960582
164.00184893608093,0.8895722466543594,0.3324957327541176,1.2218483156972588,0.3402098214448288
164.05368041992188,0.8895722466543594,0.3324957327541176,1.2477721418680692,0.3462087860725762
164.1043140888214,0.8895722466543594,0.3324957327541176,1.2730835487830823,0.3520171168208597
164.15534853935242,0.8895722466543594,0.3324957327541176,1.2985813966672106,0.3578193318710787
164.2057979106903,0.8895722466543594,0.3324957327541176,1.3237726366207792,0.3635035444568553
164.25624108314514,0.8895722466543594,0.3324957327541176,1.3489460120203747,0.3691358002397198
164.30689454078674,0.8895722466543594,0.3324957327541176,1.3742089025626028,0.37473987997548663
164.3582956790924,0.8895722466543594,0.3324957327541176,1.3998283056738596,0.38037368538358507
164.40880274772644,0.8895722466543594,0.3324957327541176,1.4249854363232308,0.3858574222540403
164.45950746536255,0.8895722466543594,0.3324957327541176,1.4502238434751673,0.39131062365152713
164.51029586791992,0.8895722466543594,0.3324957327541176,1.4754860877083877,0.3967205275516936
164.56108498573303,0.8895722466543594,0.3324957327541176,1.5007302835830045,0.4020780954294332
164.61150765419006,0.8895722466543594,0.3324957327541176,1.525773569800446,0.40734509368043437
164.66197896003723,1.2370307862434513,0.40437617082356553,1.5508217219661065,0.4125653061863126
164.71258115768433,1.2370307862434513,0.40437617082356553,1.57591489549052,0.4177469000152132
164.76308822631836,1.2370307862434513,0.40437617082356553,1.600940425180468,0.4228666142766291
164.81337094306946,1.2370307862434513,0.40437617082356553,1.6258339196892617,0.4279117850396039
164.86379957199097,1.2370307862434513,0.40437617082356553,1.6507781773182404,0.4329196273857172
164.914137840271,1.2370307862434513,0.40437617082356553,1.6756557356978241,0.4378665373319399
164.9647057056427,1.2370307862434513,0.40437617082356553,1.7006240691687864,0.4427836889646062
165.0150682926178,1.2370307862434513,0.40437617082356553,1.7254678806166905,0.447628706649172
165.06541323661804,1.2370307862434513,0.40437617082356553,1.7502793287055465,0.4524199384277967
165.115802526474,1.2370307862434513,0.40437617082356553,1.7750883895087468,0.45716319504003566
165.16609573364258,1.2370307862434513,0.40437617082356553,1.799825407621265,0.46184529289387743
165.21642923355103,1.2370307862434513,0.40437617082356553,1.824556948543624,0.46647897156135
165.26691198349,1.2370307862434513,0.40437617082356553,1.8493358504128568,0.4710739251516163
165.31721997261047,1.2370307862434513,0.40437617082356553,1.8740025428028972,0.47560066252254574
165.3677704334259,1.5866709728830073,0.46757971888315114,1.8987609907328653,0.48009658310698855
165.4182631969452,1.5866709728830073,0.46757971888315114,1.9234634732149378,0.4845346656909699
165.46864008903503,1.5866709728830073,0.46757971888315114,1.9480811186545237,0.48891003493309304
165.51926016807556,1.5866709728830073,0.46757971888315114,1.9727887239960764,0.49325364479558864
165.57025265693665,1.5866709728830073,0.46757971888315114,1.9976482683382826,0.497575585482426
165.62126970291138,1.5866709728830073,0.46757971888315114,2.0224892495099316,0.5018457185851526
165.67172932624817,1.5866709728830073,0.46757971888315114,2.047028209339465,0.5060161474993503
165.72211742401123,1.5866709728830073,0.46757971888315114,2.0715014617011795,0.5101279967454708
165.77251029014587,1.5866709728830073,0.46757971888315114,2.0959455737358685,0.5141875750642515
165.82293343544006,1.5866709728830073,0.46757971888315114,2.1203723374258714,0.5181968627960893
165.87344074249268,1.5866709728830073,0.46757971888315114,2.144807195137207,0.5221599467336775
165.92390751838684,1.5866709728830073,0.46757971888315114,2.1691892288915944,0.5260669582626862
165.9746356010437,1.5866709728830073,0.46757971888315114,2.193663492253274,0.5299409031481326
166.02532029151917,1.5866709728830073,0.46757971888315114,2.2180822049477142,0.5337581566811971
166.0759425163269,1.922816584364858,0.5193348043452907,2.24243573156675,0.5375174393139952
166.12633848190308,1.922816584364858,0.5193348043452907,2.266645024673959,0.5412070343069915
166.17713832855225,1.922816584364858,0.5193348043452907,2.291012050767807,0.5448727892143199
166.22785758972168,1.922816584364858,0.5193348043452907,2.3153035259953536,0.5484792300680628
166.2782826423645,1.922816584364858,0.5193348043452907,2.3394169972413454,0.552011756468521
166.32892537117004,1.922816584364858,0.5193348043452907,2.363596785112668,0.5555063489343897
166.3795826435089,1.922816584364858,0.5193348043452907,2.3877450924464476,0.5589486259498164
166.4299831390381,1.922816584364858,0.5193348043452907,2.411732311203385,0.5623205361549846
166.48057627677917,1.922816584364858,0.5193348043452907,2.4357718625519835,0.5656522534126323
166.5312466621399,1.922816584364858,0.5193348043452907,2.459808053728866,0.5689357610273986
166.5817849636078,1.922816584364858,0.5193348043452907,2.483741105185216,0.5721575900850446
166.63241362571716,1.922816584364858,0.5193348043452907,2.5076758631110185,0.5753319988327883
166.68319845199585,1.922816584364858,0.5193348043452907,2.5316425877203583,0.5784627378131764
166.73458194732666,1.922816584364858,0.5193348043452907,2.555848610681922,0.5815759049522677
166.78780460357666,2.2502389212709684,0.5608078483718835,2.5808745864509173,0.584742746214479
166.83844804763794,2.2502389212709684,0.5608078483718835,2.6046433286568944,0.5877015730024149
166.88958048820496,2.2502389212709684,0.5608078483718835,2.6285970318324194,0.590635026336368
166.94035649299622,2.2502389212709684,0.5608078483718835,2.652338919937544,0.5934944182321904
166.99091696739197,2.2502389212709684,0.5608078483718835,2.675935091427629,0.5962886127234146
167.0416362285614,2.2502389212709684,0.5608078483718835,2.6995597719367646,0.5990384131057187
167.0921573638916,2.2502389212709684,0.5608078483718835,2.7230462302882343,0.6017245600933689
167.14258694648743,2.2502389212709684,0.5608078483718835,2.746443872303689,0.6043532056394469
167.19306063652039,2.2502389212709684,0.5608078483718835,2.769815173738117,0.6069315282910481
167.24345803260803,2.2502389212709684,0.5608078483718835,2.7931038998055437,0.6094534627638595
167.2940001487732,2.2502389212709684,0.5608078483718835,2.816411554891371,0.6119299987120055
167.34465551376343,2.2502389212709684,0.5608078483718835,2.8397227258912565,0.6143592295819222
167.39513492584229,2.2502389212709684,0.5608078483718835,2.8629038853460185,0.6167274252842505
167.4455668926239,2.2502389212709684,0.5608078483718835,2.8860138451862527,0.6190410060584242
167.49606895446777,2.5595038274598694,0.5917072983440622,2.909105907938401,0.6213053733152769
167.54648518562317,2.5595038274598694,0.5917072983440622,2.932108276240257,0.6235136066095359
167.5971450805664,2.5595038274598694,0.5917072983440622,2.955170517680407,0.6256799405683409
167.64754438400269,2.5595038274598694,0.5917072983440622,2.9780625798374865,0.6277828886185346
167.69816517829895,2.5595038274598694,0.5917072983440622,3.0010029668766096,0.6298426792371705
167.7486927509308,2.5595038274598694,0.5917072983440622,3.0238483357815187,0.6318463616307777
167.79913306236267,2.5595038274598694,0.5917072983440622,3.0466011442531675,0.6337945081738079
167.8495523929596,2.5595038274598694,0.5917072983440622,3.0692909439774008,0.6356899040438808
167.9003622531891,2.5595038274598694,0.5917072983440622,3.0921018105326366,0.63754750689725
167.95119333267212,2.5595038274598694,0.5917072983440622,3.1148667524998173,0.6393532387491239
168.00190424919128,2.5595038274598694,0.5917072983440622,3.1375220893620455,0.6411022952775309
168.05241680145264,2.5595038274598694,0.5917072983440622,3.1600328913358373,0.6427925380737172
168.1033182144165,2.5595038274598694,0.5917072983440622,3.1826600151933304,0.6444433906660181
168.1549985408783,2.5595038274598694,0.5917072983440622,3.205574339317967,0.6460657612875012
168.20549845695496,2.8635295569790107,0.6130843528675303,3.2279072894496847,0.6475988378237152
168.25594115257263,2.8635295569790107,0.6130843528675303,3.2501571924559443,0.6490787037616768
168.30648374557495,2.8635295569790107,0.6130843528675303,3.272392769645452,0.6505099781595489
168.3569676876068,2.8635295569790107,0.6130843528675303,3.2945436909526284,0.6518881849059017
168.407723903656,2.8635295569790107,0.6130843528675303,3.316754271856749,0.6532221107770582
168.4581503868103,2.8635295569790107,0.6130843528675303,3.338760673974339,0.6544961027218994
168.5085117816925,2.8635295569790107,0.6130843528675303,3.3606785907028494,0.6557175299893587
168.55885910987854,2.8635295569790107,0.6130843528675303,3.3825298707137,0.656887833526365
168.60917258262634,2.8635295569790107,0.6130843528675303,3.4043055159087223,0.6580067109939156
168.65949273109436,2.8635295569790107,0.6130843528675303,3.426022623071829,0.6590751916972128
168.71054029464722,2.8635295569790107,0.6130843528675303,3.4479903910348977,0.6601075592670411
168.76100254058838,2.8635295569790107,0.6130843528675303,3.469643135310489,0.6610771426329132
168.8115041255951,2.8635295569790107,0.6130843528675303,3.491249414310719,0.6619968630819204
168.8623366355896,2.8635295569790107,0.6130843528675303,3.512932779784726,0.6628715692521889
168.91370368003845,3.1611645714377046,0.6248722364691884,3.534777918246495,0.6637035559209448
168.96504735946655,3.1611645714377046,0.6248722364691884,3.556546063289048,0.6644831142413881
169.01548099517822,3.1611645714377046,0.6248722364691884,3.577862609310075,0.6651982949612054
169.0658905506134,3.1611645714377046,0.6248722364691884,3.599103354396026,0.6658631645316371
169.11652207374573,3.1611645714377046,0.6248722364691884,3.6203710984559208,0.6664807781389799
169.16700792312622,3.1611645714377046,0.6248722364691884,3.6415107770879023,0.6670466440502751
169.2176628112793,3.1611645714377046,0.6248722364691884,3.662653634237791,0.6675643635733204
169.26831793785095,3.1611645714377046,0.6248722364691884,3.6837283882519514,0.6680320711013596
169.318856716156,3.1611645714377046,0.6248722364691884,3.7046862842838704,0.6684489740541772
169.3692991733551,3.1611645714377046,0.6248722364691884,3.725535579119471,0.6688156644517003
169.42006540298462,3.1611645714377046,0.6248722364691884,3.74644896116358,0.6691349773917152
169.47043251991272,3.1611645714377046,0.6248722364691884,3.7671283128382913,0.6694025932879226
169.5208921432495,3.1611645714377046,0.6248722364691884,3.787775639936379,0.669621691445299
169.57149457931519,3.1611645714377046,0.6248722364691884,3.8084105616432025,0.6697922676526082
169.6220507621765,3.4424888776793643,0.6277944135870244,3.828955302710852,0.669913666437723
169.67258715629578,3.4424888776793643,0.6277944135870244,3.8494202849763637,0.6699861716027069
169.72311091423035,3.4424888776793643,0.6277944135870244,3.8698080036473956,0.6700099662532546
169.7735207080841,3.4424888776793643,0.6277944135870244,3.8900773745036417,0.6699853125533841
169.8239243030548,3.4424888776793643,0.6277944135870244,3.910271523682344,0.6699124592268983
169.87434077262878,3.4424888776793643,0.6277944135870244,3.930397616274071,0.6697914992577858
169.92475938796997,3.4424888776793643,0.6277944135870244,3.9504508758922463,0.6696225687706874
169.97524285316467,3.4424888776793643,0.6277944135870244,3.970455634943821,0.6694054959411573
170.0264015197754,3.4424888776793643,0.6277944135870244,3.990651641771061,0.6691367367126388
170.07698464393616,3.4424888776793643,0.6277944135870244,4.010544450661989,0.6688228590594045
170.12852549552917,3.4424888776793643,0.6277944135870244,4.030735708560636,0.6684539462983365
170.18009305000305,3.4424888776793643,0.6277944135870244,4.050857955607114,0.668035400506221
170.23065447807312,3.4424888776793643,0.6277944135870244,4.070509954362272,0.6675771508037358
170.2810845375061,3.4424888776793643,0.6277944135870244,4.090033857457925,0.6670730231221831
170.33160185813904,3.7164743696269986,0.6211591128552408,4.1095139585039,0.666521039876246
170.38247060775757,3.7164743696269986,0.6211591128552408,4.129050656717464,0.6659178508688453
170.43308663368225,3.7164743696269986,0.6211591128552408,4.148411240218592,0.6652706333324048
170.4841547012329,3.7164743696269986,0.6211591128552408,4.167864357494935,0.6645702522533803
170.53473734855652,3.7164743696269986,0.6211591128552408,4.187052535758234,0.663829765900863
170.58607864379883,3.7164743696269986,0.6211591128552408,4.206446596211508,0.6630307421621477
170.63723349571228,3.7164743696269986,0.6211591128552408,4.2256877056022875,0.6621872578095651
170.68778538703918,3.7164743696269986,0.6211591128552408,4.244620653557763,0.6613074328610526
170.7386281490326,3.7164743696269986,0.6211591128552408,4.263580512436089,0.6603763016557251
170.7892186641693,3.7164743696269986,0.6211591128552408,4.282364216215639,0.6594039208230162
170.84045338630676,3.7164743696269986,0.6211591128552408,4.301303205972484,0.6583726928782172
170.89107704162598,3.7164743696269986,0.6211591128552408,4.319932949163872,0.6573080056376661
170.94154357910156,3.7164743696269986,0.6211591128552408,4.338421962281714,0.6562015172719811
170.99385786056519,3.7164743696269986,0.6211591128552408,4.35750008026254,0.6550071567745779
171.04460263252258,3.963863640448171,0.6064668487092325,4.375919950732097,0.6538027413338283
171.09509921073914,3.963863640448171,0.6064668487092325,4.394165352740073,0.6525595325156326
171.14564085006714,3.963863640448171,0.6064668487092325,4.412342331912182,0.6512707529664605
171.19807624816895,3.963863640448171,0.6064668487092325,4.431110375899097,0.6498868580324197
171.2485339641571,3.963863640448171,0.6064668487092325,4.449083576484599,0.6485103169841491
171.29924511909485,3.963863640448171,0.6064668487092325,4.467060680095421,0.6470827307130456
171.3498866558075,3.963863640448171,0.6064668487092325,4.484926276750528,0.6456131339477391
171.40128803253174,3.963863640448171,0.6064668487092325,4.502970777483199,0.6440767399114129
171.45243048667908,3.963863640448171,0.6064668487092325,4.520834815186397,0.6425035340438288
171.50298380851746,3.963863640448171,0.6064668487092325,4.538404850552157,0.6409049638197868
171.55366206169128,3.963863640448171,0.6064668487092325,4.55592986356392,0.639259234941485
171.60443115234375,3.963863640448171,0.6064668487092325,4.573397090456224,0.6375673673119393
171.6548719406128,3.963863640448171,0.6064668487092325,4.590662547315725,0.6358438197988052
171.70525407791138,3.963863640448171,0.6064668487092325,4.6078191563578725,0.6340800570885661
171.75607776641846,4.1989044968591545,0.5837026109200862,4.625035835636234,0.6322582784888957
171.8074653148651,4.1989044968591545,0.5837026109200862,4.64235091473709,0.6303730301592827
171.85787653923035,4.1989044968591545,0.5837026109200862,4.659246138892113,0.6284815317581627
171.90824818611145,4.1989044968591545,0.5837026109200862,4.676037803750001,0.6265500979892691
171.9585826396942,4.1989044968591545,0.5837026109200862,4.692726524887341,0.6245789273652163
172.00913548469543,4.1989044968591545,0.5837026109200862,4.709396167297937,0.6225579863646316
172.05953693389893,4.1989044968591545,0.5837026109200862,4.725924229632741,0.6205021751229041
172.10992407798767,4.1989044968591545,0.5837026109200862,4.742355738856004,0.618406303834095
172.1602852344513,4.1989044968591545,0.5837026109200862,4.7586866176142095,0.6162711084299048
172.21068120002747,4.1989044968591545,0.5837026109200862,4.774936180576724,0.6140942034741348
172.26110672950745,4.1989044968591545,0.5837026109200862,4.791102184545171,0.6118759429621483
172.31152749061584,4.1989044968591545,0.5837026109200862,4.807173181647618,0.6096180136905378
172.36198377609253,4.1989044968591545,0.5837026109200862,4.823161558176042,0.6073187825324105
172.41252326965332,4.1989044968591545,0.5837026109200862,4.839081721957163,0.6049761462287564
172.4629361629486,4.424018645945657,0.5516970378377474,4.8548673372423625,0.6026000915839764
172.5134711265564,4.424018645945657,0.5516970378377474,4.870595916316923,0.6001791162352499
172.5642650127411,4.424018645945657,0.5516970378377474,4.886308606207125,0.5977064364435916
172.61465740203857,4.424018645945657,0.5516970378377474,4.901801154922953,0.5952145826730293
172.66521835327148,4.424018645945657,0.5516970378377474,4.917249125302392,0.5926758517519151
172.7163565158844,4.424018645945657,0.5516970378377474,4.932774864978672,0.5900690916619606
172.76702404022217,4.424018645945657,0.5516970378377474,4.948059574065418,0.5874478176824836
172.81777358055115,4.424018645945657,0.5516970378377474,4.963270739665221,0.5847841052808047
172.86863088607788,4.424018645945657,0.5516970378377474,4.978415170898821,0.5820766147032161
172.91931247711182,4.424018645945657,0.5516970378377474,4.993408297574808,0.5793407405511359
172.9698736667633,4.424018645945657,0.5516970378377474,5.00826700066531,0.5765740537240112
173.020325422287,4.424018645945657,0.5516970378377474,5.022994832284846,0.5737764344400085
173.07446599006653,4.424018645945657,0.5516970378377474,5.038689428166617,0.5707334999723797
173.12495493888855,4.424018645945657,0.5516970378377474,5.05322242800421,0.5678580153462769
173.17613625526428,4.6267099899657556,0.5130411150704659,5.067852867806444,0.5649061181074406
173.22714495658875,4.6267099899657556,0.5130411150704659,5.08233159015466,0.5619273707059289
173.27816247940063,4.6267099899657556,0.5130411150704659,5.096710245545593,0.5589115950880508
173.3288929462433,4.6267099899657556,0.5130411150704659,5.1109059455834664,0.5558768181378526
173.37962698936462,4.6267099899657556,0.5130411150704659,5.125000538648017,0.5528061938638704
173.43004441261292,4.6267099899657556,0.5130411150704659,5.138905687130758,0.5497196678811715
173.48056650161743,4.6267099899657556,0.5130411150704659,5.152737898362918,0.54659190822742
173.53116989135742,4.6267099899657556,0.5130411150704659,5.166489891090816,0.5434244086538256
173.58200883865356,4.6267099899657556,0.5130411150704659,5.180202299236866,0.540207430424771
173.6326880455017,4.6267099899657556,0.5130411150704659,5.193767950475106,0.5369661538361992
173.68317127227783,4.6267099899657556,0.5130411150704659,5.207177918936637,0.5337035018399143
173.73389530181885,4.6267099899657556,0.5130411150704659,5.220547776678837,0.5303914465167143
173.78468346595764,4.6267099899657556,0.5130411150704659,5.2338297047304945,0.52704146629278
173.83561849594116,4.6267099899657556,0.5130411150704659,5.247044371464804,0.5236481452192652
173.88648295402527,4.809975198516167,0.46788123587832964,5.260134816308568,0.5202261462576991
173.93770551681519,4.809975198516167,0.46788123587832964,5.273210151015578,0.5167466029501242
173.98821640014648,4.809975198516167,0.46788123587832964,5.285998100311488,0.5132827839761602
174.03869676589966,4.809975198516167,0.46788123587832964,5.298673141710194,0.5097889470378507
174.08911728858948,4.809975198516167,0.46788123587832964,5.3112279008773005,0.5062674589626504
174.13971853256226,4.809975198516167,0.46788123587832964,5.323721607212667,0.5027016571775731
174.1901638507843,4.809975198516167,0.46788123587832964,5.336070773780631,0.49911549524330234
174.24066591262817,4.809975198516167,0.46788123587832964,5.3483274884794385,0.49549420196445504
174.29143238067627,4.809975198516167,0.46788123587832964,5.360540846962493,0.49182284809709786
174.3437638282776,4.809975198516167,0.46788123587832964,5.373017560645753,0.4880059541714912
174.394198179245,4.809975198516167,0.46788123587832964,5.38493299274025,0.48429660522788365
174.44455766677856,4.809975198516167,0.46788123587832964,5.39672372785815,0.48056283624853036
174.49499011039734,4.809975198516167,0.46788123587832964,5.408424108144667,0.4767939483796533
174.54548287391663,4.809975198516167,0.46788123587832964,5.420030504401239,0.4729910290147683
174.59622955322266,4.9714624826087555,0.4168198569830129,5.431586135352811,0.46913948590006416
174.6469509601593,4.9714624826087555,0.4168198569830129,5.443026418134416,0.4652605759682742
174.6976499557495,4.9714624826087555,0.4168198569830129,5.454351884673104,0.46135438962898223
174.74811124801636,4.9714624826087555,0.4168198569830129,5.465515022066831,0.4574380036325647
174.79897713661194,4.9714624826087555,0.4168198569830129,5.476657114921625,0.4534616966346051
174.85002398490906,4.9714624826087555,0.4168198569830129,5.487726998602418,0.44944273164139803
174.90081405639648,4.9714624826087555,0.4168198569830129,5.498629735570836,0.445415910017692
174.95150661468506,4.9714624826087555,0.4168198569830129,5.50940042255778,0.44136917178323776
175.00325965881348,4.9714624826087555,0.4168198569830129,5.520281651098186,0.437209566357202
175.05504822731018,4.9714624826087555,0.4168198569830129,5.531053996364074,0.43301886525517896
175.10674118995667,4.9714624826087555,0.4168198569830129,5.5416901224797535,0.4288080213402573
175.15734195709229,4.9714624826087555,0.4168198569830129,5.551988706266615,0.42465945157119767
175.2077693939209,4.9714624826087555,0.4168198569830129,5.562140732817449,0.4204990945425795
175.25860238075256,4.9714624826087555,0.4168198569830129,5.5722617326754404,0.4162792900076979
175.30902767181396,5.111372354074908,0.36051537961531704,5.582189559017891,0.41206782642963624
175.35976934432983,5.111372354074908,0.36051537961531704,5.59206684057979,0.40780457873554654
175.41018223762512,5.111372354074908,0.36051537961531704,5.601767804237989,0.40354403973192077
175.46077942848206,5.111372354074908,0.36051537961531704,5.611391437593396,0.3992432347309871
175.51138973236084,5.111372354074908,0.36051537961531704,5.620904296134393,0.3949168509977875
175.56235766410828,5.111372354074908,0.36051537961531704,5.630369663220312,0.39053545444185755
175.61291575431824,5.111372354074908,0.36051537961531704,5.639644966007142,0.3861653414367454
175.6633744239807,5.111372354074908,0.36051537961531704,5.6487886560680005,0.38178032395618366
175.71371340751648,5.111372354074908,0.36051537961531704,5.657797587132435,0.3773825972571607
175.76420974731445,5.111372354074908,0.36051537961531704,5.666721003598054,0.3729482152433602
175.81447052955627,5.111372354074908,0.36051537961531704,5.675489530280982,0.36851201695030555
175.86478567123413,5.111372354074908,0.36051537961531704,5.684154155749287,0.3640488172127687
175.91532731056213,5.111372354074908,0.36051537961531704,5.692743370790149,0.35954344555235596
175.96579146385193,5.111372354074908,0.36051537961531704,5.701204809991418,0.355023188323093
176.0161213874817,5.228468844605525,0.2998926381797255,5.70952948369667,0.3504935510440652
176.06646084785461,5.228468844605525,0.2998926381797255,5.717741402990072,0.3459419602701317
176.11679911613464,5.228468844605525,0.2998926381797255,5.725838599390147,0.34136966720498063
176.1672878265381,5.228468844605525,0.2998926381797255,5.733844766017947,0.3367630947427307
176.21770596504211,5.228468844605525,0.2998926381797255,5.741724396923486,0.3321426485758574
176.26850080490112,5.228468844605525,0.2998926381797255,5.7495461562147065,0.32746744804105343
176.31911945343018,5.228468844605525,0.2998926381797255,5.757224031583048,0.32278855657442673
176.3696050643921,5.228468844605525,0.2998926381797255,5.764765458043025,0.3181024611357982
176.42011642456055,5.228468844605525,0.2998926381797255,5.772194349584366,0.31339477886986533
176.47041392326355,5.228468844605525,0.2998926381797255,5.779475943422675,0.30868824060675026
176.52087545394897,5.228468844605525,0.2998926381797255,5.7866649502037095,0.303947806597185
176.57159042358398,5.228468844605525,0.2998926381797255,5.793772491986289,0.2991651442129608
176.6223111152649,5.228468844605525,0.2998926381797255,5.800762783409812,0.29436377235604216
176.67307043075562,5.3174672346836465,0.24038678143807063,5.807640039719505,0.28954085353377024
176.72375297546387,5.3174672346836465,0.24038678143807063,5.814388598479623,0.28470767309127876
176.77461123466492,5.3174672346836465,0.24038678143807063,5.821041572915953,0.2798404052601823
176.82533764839172,5.3174672346836465,0.24038678143807063,5.827558419778269,0.2749687649466457
176.87580490112305,5.3174672346836465,0.24038678143807063,5.833924002552585,0.2701054757391861
176.92620491981506,5.3174672346836465,0.24038678143807063,5.8401635245787915,0.2652325015750854
176.9765911102295,5.3174672346836465,0.24038678143807063,5.846283736355045,0.2603450162144134
177.0269968509674,5.3174672346836465,0.24038678143807063,5.85228853021645,0.25544007813974257
177.07742166519165,5.3174672346836465,0.24038678143807063,5.8581775745429265,0.25051801560710696
177.1280152797699,5.3174672346836465,0.24038678143807063,5.8639675577933605,0.24556443030763575
177.17882871627808,5.3174672346836465,0.24038678143807063,5.869662811393736,0.24057445912938358
177.23106384277344,5.3174672346836465,0.24038678143807063,5.875392033798162,0.23542967307917195
177.28157377243042,5.3174672346836465,0.24038678143807063,5.880811022523604,0.23044046243649396
177.3319389820099,5.3174672346836465,0.24038678143807063,5.886095888915966,0.22545180991583536
177.38232445716858,5.3174672346836465,0.24038678143807063,5.891264261843038,0.22044772704651905
177.4329583644867,5.390659426470146,0.17363675111597077,5.896338474456847,0.21540575109230986
177.48334860801697,5.390659426470146,0.17363675111597077,5.901269077507525,0.2103751861188764
177.53453278541565,5.390659426470146,0.17363675111597077,5.906155519315152,0.20525254813316163
177.5855028629303,5.390659426470146,0.17363675111597077,5.910899376688395,0.20013882029509134
177.6360740661621,5.390659426470146,0.17363675111597077,5.915485537394277,0.19505307684074158
177.686838388443,5.390659426470146,0.17363675111597077,5.919968315280295,0.1899361680549564
177.73756289482117,5.390659426470146,0.17363675111597077,5.924326487770996,0.1848118313240943
177.7882218360901,5.390659426470146,0.17363675111597077,5.928558117437852,0.17968301477635862
177.8389027118683,5.390659426470146,0.17363675111597077,5.9326705701279625,0.17454118556496745
177.88946270942688,5.390659426470146,0.17363675111597077,5.936652515470873,0.16940117478549943
177.9403464794159,5.390659426470146,0.17363675111597077,5.94053815077768,0.16421802944630215
177.9910168647766,5.390659426470146,0.17363675111597077,5.944285969875792,0.15904674568800908
178.04148960113525,5.390659426470146,0.17363675111597077,5.947898524926279,0.15388614841472298
178.09186816215515,5.390659426470146,0.17363675111597077,5.951384183066709,0.1487260488483756
178.14222526550293,5.440624621392764,0.10515735513776234,5.954748308259295,0.14355933814538635
178.19295120239258,5.440624621392764,0.10515735513776234,5.958015649916226,0.13834619260786224
178.24354767799377,5.440624621392764,0.10515735513776234,5.961153175968466,0.1331380743506475
178.2939076423645,5.440624621392764,0.10515735513776234,5.964155490709254,0.1279464026239825
178.34427428245544,5.440624621392764,0.10515735513776234,5.967037847144833,0.12274647038327396
178.39475417137146,5.440624621392764,0.10515735513776234,5.969805846905688,0.11752755824411859
178.44514536857605,5.440624621392764,0.10515735513776234,5.972448264481615,0.11231084901153415
178.49554467201233,5.440624621392764,0.10515735513776234,5.974970403906899,0.10708664887566016
178.5459713935852,5.440624621392764,0.10515735513776234,5.9773730453625795,0.10185325981707716
178.5964241027832,5.440624621392764,0.10515735513776234,5.979655872746405,0.0966111316965772
178.647047996521,5.440624621392764,0.10515735513776234,5.981824691856348,0.09134545665711336
178.69769835472107,5.440624621392764,0.10515735513776234,5.983872538270532,0.08607156935582594
178.7481951713562,5.440624621392764,0.10515735513776234,5.985792545522997,0.0808085473604856
178.79883551597595,5.440624621392764,0.10515735513776234,5.98759600006404,0.07552574544936644
178.84929513931274,5.467440646294287,0.0344644507752098,5.989271446771179,0.07025730842888409
178.89965844154358,5.467440646294287,0.0344644507752098,5.990822649119809,0.0649947733101264
178.95008301734924,5.467440646294287,0.0344644507752098,5.992254551364665,0.05972198933257841
179.0004825592041,5.467440646294287,0.0344644507752098,5.993564538757193,0.0544482894995601
179.05095148086548,5.467440646294287,0.0344644507752098,5.99475487478114,0.04916410296780743
179.10164380073547,5.467440646294287,0.0344644507752098,5.995828105452107,0.04385359165127817
179.15223908424377,5.467440646294287,0.0344644507752098,5.996776964008596,0.03855062954345222
179.20270133018494,5.467440646294287,0.0344644507752098,5.997601586509419,0.03325932267691731
179.25310158729553,5.467440646294287,0.0344644507752098,5.998303819977982,0.02797254772182551
179.30355095863342,5.467440646294287,0.0344644507752098,5.998885242600823,0.022678964573463647
179.35415744781494,5.467440646294287,0.0344644507752098,5.999346339624985,0.017367545753801533
179.40455532073975,5.467440646294287,0.0344644507752098,5.999683954264824,0.012076992993044967
179.45494747161865,5.467440646294287,0.0344644507752098,5.999900212908126,0.006786327046311375
179.50533032417297,5.467440646294287,0.0344644507752098,5.999995149426324,0.0014962363220055739
