t,x_real,y_real,x_desejado,y_desejado
0.0001671314239501953,6.28633066396945,9.983935421210231e-05,5.999999999332752,-1.754879951286899e-05
1.581587553024292,6.034207054957923,0.0001373517563472999,5.940361102513321,-0.16445801768096646
1.6326518058776855,6.034207054957923,0.0001373517563472999,5.936455792620741,-0.16965906040320444
1.6831870079040527,6.034207054957923,0.0001373517563472999,5.932469787591424,-0.1747960376642006
1.7346279621124268,6.034207054957923,0.0001373517563472999,5.928288652217583,-0.18001436408771776
1.7859315872192383,6.034207054957923,0.0001373517563472999,5.923994491257844,-0.18520766303190417
1.837207555770874,6.034207054957923,0.0001373517563472999,5.9195788269508105,-0.19038676674418953
1.8877158164978027,6.034207054957923,0.0001373517563472999,5.915108358759447,-0.19547687708247574
1.943211317062378,6.034207054957923,0.0001373517563472999,5.9100582340294245,-0.2010561186339095
1.998795747756958,6.034207054957923,0.0001373517563472999,5.904855065337038,-0.20662976504374653
2.054694890975952,5.9202140347091445,0.005010552013814541,5.899476283557876,-0.21221988494859156
2.105376958847046,5.9202140347091445,0.005010552013814541,5.894472946793247,-0.21727485658130263
2.1560206413269043,5.9202140347091445,0.005010552013814541,5.889353294735475,-0.22231293062041796
2.2253658771514893,5.9202140347091445,0.005010552013814541,5.882148543472196,-0.22918969828211277
2.30148983001709,5.9202140347091445,0.005010552013814541,5.8739809574099064,-0.23670888734536766
2.357832431793213,5.9202140347091445,0.005010552013814541,5.867761765044007,-0.24225348151345694
2.408449411392212,5.9202140347091445,0.005010552013814541,5.862048516011781,-0.24721923530586087
2.4591851234436035,5.9202140347091445,0.005010552013814541,5.856202272006563,-0.252181702068053
2.509788751602173,5.9202140347091445,0.005010552013814541,5.850252118293365,-0.25711605062743226
2.5605664253234863,5.9202140347091445,0.005010552013814541,5.844162050949094,-0.262051807032078
2.613616704940796,5.9202140347091445,0.005010552013814541,5.837671765339737,-0.2671914845193669
2.6644580364227295,5.9202140347091445,0.005010552013814541,5.831329468382531,-0.2721005480105212
2.717292308807373,5.9202140347091445,0.005010552013814541,5.8246119341439435,-0.2771844906089389
2.7695627212524414,5.9202140347091445,0.005010552013814541,5.81783925726018,-0.28219623983967557
2.82023024559021,5.9202140347091445,0.005010552013814541,5.811154016873934,-0.2870369602668188
2.8714792728424072,5.841216640689634,-0.05325842586394415,5.804271789813761,-0.2919155591496546
2.9329071044921875,5.841216640689634,-0.05325842586394415,5.795863517424737,-0.2977392577948198
2.9836299419403076,5.841216640689634,-0.05325842586394415,5.78878995488592,-0.30252809574516637
3.039285659790039,5.841216640689634,-0.05325842586394415,5.780892766663303,-0.30776149312119583
3.09002423286438,5.841216640689634,-0.05325842586394415,5.773569734370481,-0.31251290290209865
3.142442464828491,5.841216640689634,-0.05325842586394415,5.765880706269628,-0.31740162333791844
3.193094253540039,5.841216640689634,-0.05325842586394415,5.7583316620057765,-0.3221060017036568
3.244503974914551,5.841216640689634,-0.05325842586394415,5.750550112257006,-0.3268607710418341
3.2965831756591797,5.841216640689634,-0.05325842586394415,5.742544623996815,-0.3316565969254024
3.3472232818603516,5.841216640689634,-0.05325842586394415,5.734642207910534,-0.33629946286551804
3.3979907035827637,5.841216640689634,-0.05325842586394415,5.726603185251774,-0.34093347605352453
3.4486279487609863,5.841216640689634,-0.05325842586394415,5.718468527780055,-0.3455348408629588
3.4996178150177,5.841216640689634,-0.05325842586394415,5.710160101598411,-0.35014699531256666
3.55078387260437,5.7137833162944505,-0.19392750466146177,5.701705026339425,-0.35475335062653157
3.6025702953338623,5.7137833162944505,-0.19392750466146177,5.693027342653,-0.3593930783727156
3.6535067558288574,5.7137833162944505,-0.19392750466146177,5.684374429578609,-0.36393429591915427
3.7048215866088867,5.7137833162944505,-0.19392750466146177,5.675539464362113,-0.368486525012619
3.755802631378174,5.7137833162944505,-0.19392750466146177,5.666645116048727,-0.3729862635015826
3.8064849376678467,5.7137833162944505,-0.19392750466146177,5.657687647243796,-0.37743673821447765
3.858272075653076,5.7137833162944505,-0.19392750466146177,5.648416446602787,-0.38196034881328533
3.909201145172119,5.7137833162944505,-0.19392750466146177,5.639182295975794,-0.3863851707938901
3.9598090648651123,5.7137833162944505,-0.19392750466146177,5.629892090403135,-0.39075838810034536
4.010580062866211,5.7137833162944505,-0.19392750466146177,5.620457693255933,-0.39512166952374894
4.061279773712158,5.7137833162944505,-0.19392750466146177,5.610922566013102,-0.39945452364353207
4.112017393112183,5.7137833162944505,-0.19392750466146177,5.601266508625612,-0.4037660221530659
4.164258003234863,5.7137833162944505,-0.19392750466146177,5.591205699161148,-0.4081792316555073
4.214892387390137,5.7137833162944505,-0.19392750466146177,5.581339513291107,-0.4124312781888422
4.265827894210815,5.7137833162944505,-0.19392750466146177,5.571300957513426,-0.4166830277531286
4.316493988037109,5.517419646238919,-0.30706795198692916,5.561202603654965,-0.4208865511873383
4.3683576583862305,5.517419646238919,-0.30706795198692916,5.55074918655537,-0.4251625539166338
4.419480323791504,5.517419646238919,-0.30706795198692916,5.54033015075234,-0.42935056314473363
4.470032453536987,5.517419646238919,-0.30706795198692916,5.5299153955549025,-0.43346529267335443
4.520780324935913,5.517419646238919,-0.30706795198692916,5.519348542419809,-0.4375691321163142
4.571479320526123,5.517419646238919,-0.30706795198692916,5.508680288109848,-0.4416419079362446
4.629488945007324,5.517419646238919,-0.30706795198692916,5.4963372218829925,-0.4462683705243681
4.680826902389526,5.517419646238919,-0.30706795198692916,5.4852925202688825,-0.4503325256209324
4.745850086212158,5.517419646238919,-0.30706795198692916,5.471140685044977,-0.4554388777864733
4.79820704460144,5.517419646238919,-0.30706795198692916,5.459613563384048,-0.45951671860127197
4.848865270614624,5.517419646238919,-0.30706795198692916,5.448348646717579,-0.4634332344740666
4.905280590057373,5.517419646238919,-0.30706795198692916,5.435674440391072,-0.46776092473460285
4.9587578773498535,5.517419646238919,-0.30706795198692916,5.423535032463379,-0.4718299101661332
5.01108980178833,5.517419646238919,-0.30706795198692916,5.411537913239996,-0.4757800411123265
5.0643064975738525,5.517419646238919,-0.30706795198692916,5.399218865214662,-0.47976449010288835
5.114853143692017,5.308978849405839,-0.39658526414992,5.387406984470033,-0.48351843341339773
5.165458917617798,5.308978849405839,-0.39658526414992,5.375473312977894,-0.48724664297193643
5.216507911682129,5.308978849405839,-0.39658526414992,5.363325945358311,-0.4909767001302183
5.267104148864746,5.308978849405839,-0.39658526414992,5.35117839714764,-0.49464288407144563
5.31841778755188,5.308978849405839,-0.39658526414992,5.338749169333884,-0.49832947510870795
5.369707822799683,5.308978849405839,-0.39658526414992,5.326215820518023,-0.5019823269559569
5.426688194274902,5.308978849405839,-0.39658526414992,5.312163569836933,-0.5060025520440401
5.4774250984191895,5.308978849405839,-0.39658526414992,5.299537635431252,-0.5095484204590357
5.528203010559082,5.308978849405839,-0.39658526414992,5.2867948284646715,-0.5130649591623597
5.578904151916504,5.308978849405839,-0.39658526414992,5.27396511642935,-0.5165437903349956
5.629535436630249,5.308978849405839,-0.39658526414992,5.261047509428499,-0.5199852755859684
5.682719469070435,5.308978849405839,-0.39658526414992,5.247365335725394,-0.5235649675987861
5.7333083152771,5.308978849405839,-0.39658526414992,5.234243408204774,-0.5269361523846832
5.78410267829895,5.308978849405839,-0.39658526414992,5.220963138884136,-0.5302875913465714
5.837324857711792,5.308978849405839,-0.39658526414992,5.206935539304794,-0.5337629966455375
5.888940811157227,5.090969684042641,-0.4936386170259132,5.193221585414958,-0.5370978420515298
5.939570903778076,5.090969684042641,-0.4936386170259132,5.17966494475354,-0.5403346114936469
5.990350246429443,5.090969684042641,-0.4936386170259132,5.165964588764398,-0.5435464753507884
6.041228771209717,5.090969684042641,-0.4936386170259132,5.152133585611626,-0.5467297677850986
6.092448711395264,5.090969684042641,-0.4936386170259132,5.138105062084865,-0.5498989423841822
6.144153833389282,5.090969684042641,-0.4936386170259132,5.1238374363705965,-0.5530617790665682
6.19563364982605,5.090969684042641,-0.4936386170259132,5.109526303898477,-0.5561742905724378
6.246199607849121,5.090969684042641,-0.4936386170259132,5.095366897446691,-0.5591958087446258
6.296853303909302,5.090969684042641,-0.4936386170259132,5.081081584930818,-0.5621868185929715
6.34780216217041,5.090969684042641,-0.4936386170259132,5.0666110535790585,-0.565158923549129
6.398789405822754,5.090969684042641,-0.4936386170259132,5.052027571767766,-0.5680965486430423
6.449564218521118,5.090969684042641,-0.4936386170259132,5.037403742093917,-0.5709851947578799
6.503415107727051,5.090969684042641,-0.4936386170259132,5.021784092485467,-0.5740085199236504
6.554424524307251,5.090969684042641,-0.4936386170259132,5.006884683474096,-0.5768337903350667
6.6054205894470215,5.090969684042641,-0.4936386170259132,4.991888449873413,-0.5796206141738833
6.655947923660278,4.8494183747668504,-0.5717042472599658,4.976931075593095,-0.582344410138508
6.70678448677063,4.8494183747668504,-0.5717042472599658,4.961783085382912,-0.5850470649714181
6.759767770767212,4.8494183747668504,-0.5717042472599658,4.945890048317752,-0.5878232395080438
6.81037974357605,4.8494183747668504,-0.5717042472599658,4.93060823982508,-0.5904362250503628
6.863045692443848,4.8494183747668504,-0.5717042472599658,4.914602820817775,-0.5931146151024131
6.9136857986450195,4.8494183747668504,-0.5717042472599658,4.899113954391376,-0.5956506647640736
6.9651405811309814,4.8494183747668504,-0.5717042472599658,4.883276761918957,-0.5981878062063974
7.017974853515625,4.8494183747668504,-0.5717042472599658,4.86691138174859,-0.6007510807399494
7.069854497909546,4.8494183747668504,-0.5717042472599658,4.8507399552204,-0.6032265072186642
7.121819019317627,4.8494183747668504,-0.5717042472599658,4.834441408357792,-0.6056644934687494
7.1741814613342285,4.8494183747668504,-0.5717042472599658,4.817916553573569,-0.6080789121147983
7.224885702133179,4.8494183747668504,-0.5717042472599658,4.801818290937153,-0.6103762455011528
7.276119947433472,4.8494183747668504,-0.5717042472599658,4.78545548787103,-0.61265677288208
7.326658010482788,4.8494183747668504,-0.5717042472599658,4.76922060012175,-0.6148659014681115
7.3793275356292725,4.8494183747668504,-0.5717042472599658,4.752201610962171,-0.6171252677489099
7.429864406585693,4.616013281948805,-0.6294378748811701,4.735776769862348,-0.6192517424020976
7.481170892715454,4.616013281948805,-0.6294378748811701,4.71900705000329,-0.621368905418777
7.531992673873901,4.616013281948805,-0.6294378748811701,4.70230203320479,-0.62342444284302
7.582580804824829,4.616013281948805,-0.6294378748811701,4.68558156820302,-0.6254291850907143
7.633068799972534,4.616013281948805,-0.6294378748811701,4.6688028242221495,-0.6273886318735635
7.683748722076416,4.616013281948805,-0.6294378748811701,4.6518688806746855,-0.6293138061938133
7.735011577606201,4.616013281948805,-0.6294378748811701,4.6346473845046,-0.6312183976652901
7.78623366355896,4.616013281948805,-0.6294378748811701,4.617346799136192,-0.6330783518816454
7.837472200393677,4.616013281948805,-0.6294378748811701,4.59994827550916,-0.6348955753676853
7.888352394104004,4.616013281948805,-0.6294378748811701,4.582580409253009,-0.6366570105564917
7.943563222885132,4.616013281948805,-0.6294378748811701,4.563632152340633,-0.6385195778614805
7.994144678115845,4.616013281948805,-0.6294378748811701,4.546179813835309,-0.6401811915921933
8.04629635810852,4.616013281948805,-0.6294378748811701,4.528093145907172,-0.641849348407713
8.09688115119934,4.39149639272797,-0.6734292799265713,4.510460534850171,-0.6434235069356391
8.147629499435425,4.39149639272797,-0.6734292799265713,4.492682909522061,-0.6449591477019436
8.198455333709717,4.39149639272797,-0.6734292799265713,4.474790208076458,-0.6464531696698237
8.249328851699829,4.39149639272797,-0.6734292799265713,4.456793015762905,-0.6479043495450951
8.304413080215454,4.39149639272797,-0.6734292799265713,4.437207776178526,-0.6494255168614362
8.354914426803589,4.39149639272797,-0.6734292799265713,4.419162487189054,-0.6507741420279372
8.406170845031738,4.39149639272797,-0.6734292799265713,4.400760292663069,-0.6520977645839712
8.459655046463013,4.39149639272797,-0.6734292799265713,4.381465193907873,-0.6534302086785839
8.513603210449219,4.39149639272797,-0.6734292799265713,4.361906914006305,-0.6547236126667677
8.565566062927246,4.39149639272797,-0.6734292799265713,4.342977896214466,-0.655921177911023
8.616572618484497,4.39149639272797,-0.6734292799265713,4.324311333119303,-0.6570504848181735
8.667169094085693,4.39149639272797,-0.6734292799265713,4.30571119609616,-0.6581253017003199
8.718488931655884,4.169442829313666,-0.7033661559684194,4.286760475581444,-0.6591691107254987
8.769299983978271,4.169442829313666,-0.7033661559684194,4.267914073011239,-0.6601563913009798
8.821000337600708,4.169442829313666,-0.7033661559684194,4.248652934738692,-0.6611136157930275
8.871544361114502,4.169442829313666,-0.7033661559684194,4.229740265659086,-0.6620031093240608
8.922147274017334,4.169442829313666,-0.7033661559684194,4.210724465091281,-0.6628475994626577
8.972793817520142,4.169442829313666,-0.7033661559684194,4.191611460635804,-0.6636465321740936
9.024340867996216,4.169442829313666,-0.7033661559684194,4.172076067770891,-0.6644119591614985
9.07492971420288,4.169442829313666,-0.7033661559684194,4.152823292380996,-0.6651162017941903
9.125632762908936,4.169442829313666,-0.7033661559684194,4.133447464498655,-0.6657752055252184
9.176213502883911,4.169442829313666,-0.7033661559684194,4.114039431497035,-0.666385754906186
9.227028608322144,4.169442829313666,-0.7033661559684194,4.094462525548602,-0.6669518472846643
9.277651071548462,4.169442829313666,-0.7033661559684194,4.074881609543395,-0.6674685176912325
9.32846212387085,4.169442829313666,-0.7033661559684194,4.055149687725672,-0.667939513919003
9.379161596298218,4.169442829313666,-0.7033661559684194,4.035383606989173,-0.6683617985023875
9.4297456741333,3.885469734962908,-0.7259323657784347,4.01558583083862,-0.668735515047453
9.480315208435059,3.885469734962908,-0.7259323657784347,3.995717639914557,-0.6690614497252316
9.530919075012207,3.885469734962908,-0.7259323657784347,3.975760245339448,-0.6693397489712885
9.581304788589478,3.885469734962908,-0.7259323657784347,3.955814092276281,-0.6695691467917708
9.631988763809204,3.885469734962908,-0.7259323657784347,3.935675031345356,-0.6697517432687683
9.682565450668335,3.885469734962908,-0.7259323657784347,3.9155042463662344,-0.6698856696978917
9.73330307006836,3.885469734962908,-0.7259323657784347,3.895195115990537,-0.6699714249894284
9.78425407409668,3.885469734962908,-0.7259323657784347,3.874726296498535,-0.6700084249680252
9.83621335029602,3.885469734962908,-0.7259323657784347,3.8537762578681947,-0.6699953297820498
9.887107372283936,3.885469734962908,-0.7259323657784347,3.8331816601613484,-0.6699326122248936
9.939351797103882,3.885469734962908,-0.7259323657784347,3.8119648735347926,-0.6698167376828854
9.99119782447815,3.885469734962908,-0.7259323657784347,3.790834532243629,-0.6696500404713737
10.04276418685913,3.885469734962908,-0.7259323657784347,3.769744226639322,-0.6694330186003219
10.09578275680542,3.621818720376568,-0.7360511942326345,3.7479836206543835,-0.6691564860493704
10.146413564682007,3.621818720376568,-0.7360511942326345,3.727131267923972,-0.668841744426699
10.209206342697144,3.621818720376568,-0.7360511942326345,3.7011733302995258,-0.6683824617842586
10.265016794204712,3.621818720376568,-0.7360511942326345,3.678012674952471,-0.66791001330748
10.315609455108643,3.621818720376568,-0.7360511942326345,3.656945406881338,-0.6674293605290393
10.366548538208008,3.621818720376568,-0.7360511942326345,3.6356652839934696,-0.6668949811162481
10.417700052261353,3.621818720376568,-0.7360511942326345,3.6142276490255614,-0.6663073359276048
10.468727827072144,3.621818720376568,-0.7360511942326345,3.5927737133100783,-0.665670043298983
10.519965410232544,3.621818720376568,-0.7360511942326345,3.571163574654091,-0.6649786983279178
10.570686101913452,3.621818720376568,-0.7360511942326345,3.5497048375189095,-0.6642434612041459
10.622057437896729,3.621818720376568,-0.7360511942326345,3.5279037898597876,-0.663447099741739
10.673567533493042,3.621818720376568,-0.7360511942326345,3.505976633068016,-0.6625962486185379
10.724192142486572,3.621818720376568,-0.7360511942326345,3.484361334468635,-0.6617088576159524
10.774898290634155,3.621818720376568,-0.7360511942326345,3.462647049125793,-0.6607690938262643
10.82544493675232,3.3333368216539823,-0.7342811145872926,3.4409376456168355,-0.6597814468195997
10.876001358032227,3.3333368216539823,-0.7342811145872926,3.419161200598185,-0.658742741650733
10.926789999008179,3.3333368216539823,-0.7342811145872926,3.397221950776223,-0.6576479502814805
10.97784423828125,3.3333368216539823,-0.7342811145872926,3.375105063761981,-0.6564955054715833
11.028494596481323,3.3333368216539823,-0.7342811145872926,3.353101324119208,-0.6553006412399922
11.079609632492065,3.3333368216539823,-0.7342811145872926,3.330833813286441,-0.6540426870949498
11.131096363067627,3.3333368216539823,-0.7342811145872926,3.3083420394365266,-0.6527225593770027
11.181819915771484,3.3333368216539823,-0.7342811145872926,3.2861229939765098,-0.6513698748913379
11.233726024627686,3.3333368216539823,-0.7342811145872926,3.263324144383385,-0.6499320106425248
11.284247636795044,3.3333368216539823,-0.7342811145872926,3.2410739020434773,-0.6484803087481037
11.335834264755249,3.3333368216539823,-0.7342811145872926,3.2182945752749785,-0.6469448006822511
11.386492252349854,3.3333368216539823,-0.7342811145872926,3.195866795159352,-0.6453845425249054
11.437097787857056,3.3333368216539823,-0.7342811145872926,3.1734048589123454,-0.6437739914526794
11.490764141082764,3.3333368216539823,-0.7342811145872926,3.1495222558068727,-0.6420092656991963
11.541263580322266,3.0260795630550383,-0.7185632787476779,3.1269911737251457,-0.6402952479827677
11.593004703521729,3.0260795630550383,-0.7185632787476779,3.103848498340663,-0.6384852824525047
11.643936395645142,3.0260795630550383,-0.7185632787476779,3.081011461751104,-0.636650379197155
11.695064067840576,3.0260795630550383,-0.7185632787476779,3.0580308059333032,-0.6347552122344169
11.745711326599121,3.0260795630550383,-0.7185632787476779,3.035211544569527,-0.6328252346391641
11.796536922454834,3.0260795630550383,-0.7185632787476779,3.0122578917017053,-0.6308357545044379
11.847261905670166,3.0260795630550383,-0.7185632787476779,2.9892962287985902,-0.6287975121631817
11.898099660873413,3.0260795630550383,-0.7185632787476779,2.9662304741465464,-0.6267018583450219
11.948873043060303,3.0260795630550383,-0.7185632787476779,2.9431414557774502,-0.6245559658416764
11.999577045440674,3.0260795630550383,-0.7185632787476779,2.9200321880684825,-0.622360203178375
12.050154685974121,3.0260795630550383,-0.7185632787476779,2.8969294694359187,-0.6201172937344968
12.101289510726929,3.0260795630550383,-0.7185632787476779,2.873520955866261,-0.617796201955433
12.152470827102661,3.0260795630550383,-0.7185632787476779,2.850040067301903,-0.6154191129540942
12.203211307525635,3.0260795630550383,-0.7185632787476779,2.826711507958663,-0.6130092369065037
12.254031896591187,3.0260795630550383,-0.7185632787476779,2.8032968377508487,-0.6105423570124096
12.306899547576904,2.6855329647003234,-0.6880263825328882,2.778887261631469,-0.6079195662067352
12.359753608703613,2.6855329647003234,-0.6880263825328882,2.7544317996210532,-0.6052397682945827
12.412499189376831,2.6855329647003234,-0.6880263825328882,2.7299751445926237,-0.6025079333431935
12.465174674987793,2.6855329647003234,-0.6880263825328882,2.7055003642503728,-0.5997223269578025
12.515901327133179,2.6855329647003234,-0.6880263825328882,2.681883821904412,-0.5969855265042363
12.566514015197754,2.6855329647003234,-0.6880263825328882,2.6582746750624118,-0.5942017929839007
12.61808967590332,2.6855329647003234,-0.6880263825328882,2.6341699703899835,-0.5913105216170793
12.66971492767334,2.6855329647003234,-0.6880263825328882,2.60999578941564,-0.5883612754967191
12.72065806388855,2.6855329647003234,-0.6880263825328882,2.586096169738463,-0.5853968408268932
12.771310567855835,2.6855329647003234,-0.6880263825328882,2.5622892774466486,-0.5823959593052108
12.822765588760376,2.6855329647003234,-0.6880263825328882,2.538061223958892,-0.5792930348686487
12.87344765663147,2.6855329647003234,-0.6880263825328882,2.514154347426219,-0.5761830089042967
12.925548315048218,2.6855329647003234,-0.6880263825328882,2.4895346448683484,-0.5729303504525065
12.976150751113892,2.6855329647003234,-0.6880263825328882,2.4655810878607944,-0.5697172693407899
13.027461528778076,2.3559570362601665,-0.6461725744170236,2.4412507040269387,-0.5664049068875463
13.078370809555054,2.3559570362601665,-0.6461725744170236,2.417069939083295,-0.5630644113653971
13.129711627960205,2.3559570362601665,-0.6461725744170236,2.392643650950925,-0.5596410655790809
13.180588006973267,2.3559570362601665,-0.6461725744170236,2.368398715840755,-0.5561946583448019
13.231137990951538,2.3559570362601665,-0.6461725744170236,2.3442708216878287,-0.5527170894907161
13.281907796859741,2.3559570362601665,-0.6461725744170236,2.3199999294207427,-0.5491709486159557
13.3326256275177,2.3559570362601665,-0.6461725744170236,2.295716338018952,-0.5455749547689157
13.383833885192871,2.3559570362601665,-0.6461725744170236,2.2711604221172736,-0.5418899568107598
13.435144662857056,2.3559570362601665,-0.6461725744170236,2.246518113180264,-0.53814292883356
13.485958337783813,2.3559570362601665,-0.6461725744170236,2.2220783764019933,-0.5343782935428196
13.536670923233032,2.3559570362601665,-0.6461725744170236,2.1976519383359845,-0.5305676691866266
13.587507486343384,2.3559570362601665,-0.6461725744170236,2.173130927675805,-0.526694117583653
13.63805627822876,2.3559570362601665,-0.6461725744170236,2.148714674675985,-0.5227892829857188
13.69115138053894,2.3559570362601665,-0.6461725744170236,2.1230325393362532,-0.5186306285361448
13.7419753074646,2.0533859398930874,-0.5980372174943298,2.098415047171942,-0.5145950575227642
13.794657468795776,2.0533859398930874,-0.5980372174943298,2.0728630689716434,-0.5103553731769788
13.848315954208374,2.0533859398930874,-0.5980372174943298,2.046802179757147,-0.5059779505226314
13.899577617645264,2.0533859398930874,-0.5980372174943298,2.0218726460282945,-0.5017403138409886
13.95050048828125,2.0533859398930874,-0.5980372174943298,1.9970767844788808,-0.4974767762655894
14.001567125320435,2.0533859398930874,-0.5980372174943298,1.972180373785327,-0.49314727170869244
14.055750131607056,2.0533859398930874,-0.5980372174943298,1.9457318405809205,-0.48849453865875825
14.108718395233154,2.0533859398930874,-0.5980372174943298,1.9198442596641467,-0.48388741381862355
14.15964150428772,2.0533859398930874,-0.5980372174943298,1.894926991852994,-0.47940348996371984
14.210276126861572,2.0533859398930874,-0.5980372174943298,1.8701230435927374,-0.4748918498793486
14.260929107666016,2.0533859398930874,-0.5980372174943298,1.845282888788946,-0.47032561425092556
14.311524629592896,2.0533859398930874,-0.5980372174943298,1.8204443006250364,-0.46571171736729555
14.363288640975952,2.0533859398930874,-0.5980372174943298,1.7950051328486605,-0.46093665118012916
14.415252685546875,1.717243673350206,-0.5323967026608908,1.7694408554941912,-0.4560876211080571
14.466980457305908,1.717243673350206,-0.5323967026608908,1.7439667447113048,-0.4512054465949875
14.518075466156006,1.717243673350206,-0.5323967026608908,1.7187792999184504,-0.44632898177755065
14.56903862953186,1.717243673350206,-0.5323967026608908,1.6936327295647637,-0.44141167809361903
14.6206374168396,1.717243673350206,-0.5323967026608908,1.6681485739274298,-0.43637874198323523
14.671237468719482,1.717243673350206,-0.5323967026608908,1.6431348533959709,-0.43139021255290455
14.722668647766113,1.717243673350206,-0.5323967026608908,1.6176876886567015,-0.42626600865521036
14.77431058883667,1.717243673350206,-0.5323967026608908,1.5921139289425754,-0.4210663584215877
14.825334548950195,1.717243673350206,-0.5323967026608908,1.5668248275638952,-0.41587540763326025
14.876262426376343,1.717243673350206,-0.5323967026608908,1.54156274179871,-0.4106412432194495
14.929312705993652,1.717243673350206,-0.5323967026608908,1.5152265969730834,-0.4051327214065932
14.98064398765564,1.717243673350206,-0.5323967026608908,1.4897237712978677,-0.39974814765825784
15.031280279159546,1.717243673350206,-0.5323967026608908,1.464547491720995,-0.3943839830372653
15.08194351196289,1.717243673350206,-0.5323967026608908,1.4393397552469547,-0.3889648552486764
15.132732629776001,1.3584972424368005,-0.45197940663197306,1.4140518205675576,-0.38348001592172
15.183704137802124,1.3584972424368005,-0.45197940663197306,1.3886559692126037,-0.37792296013888205
15.234226703643799,1.3584972424368005,-0.45197940663197306,1.3634674564751958,-0.3723630032720835
15.28560471534729,1.3584972424368005,-0.45197940663197306,1.3378363522200287,-0.366656049087525
15.337933540344238,1.3584972424368005,-0.45197940663197306,1.3117148334927986,-0.3607887763166642
15.394005298614502,1.3584972424368005,-0.45197940663197306,1.2837076149104267,-0.35444066435663224
15.44747018814087,1.3584972424368005,-0.45197940663197306,1.2569865196342918,-0.3483288501633739
15.498178720474243,1.3584972424368005,-0.45197940663197306,1.2316292224207026,-0.3424791489187937
15.54958963394165,1.3584972424368005,-0.45197940663197306,1.2059075777793868,-0.33649585900714474
15.600192308425903,1.3584972424368005,-0.45197940663197306,1.1805779869972122,-0.33055504076875586
15.651155233383179,1.3584972424368005,-0.45197940663197306,1.1550562942639744,-0.32452028933117294
15.702316284179688,1.3584972424368005,-0.45197940663197306,1.1294240781840057,-0.3184100469141211
15.753003597259521,1.3584972424368005,-0.45197940663197306,1.1040186162038843,-0.31230507063355173
15.804803133010864,1.3584972424368005,-0.45197940663197306,1.0780453883073404,-0.30601346753068936
15.855332851409912,0.9770664632473484,-0.35576798753576644,1.0526994168661223,-0.299824901196855
15.90790581703186,0.9770664632473484,-0.35576798753576644,1.0263192451232537,-0.2933325304361736
15.959692239761353,0.9770664632473484,-0.35576798753576644,1.0003250881203316,-0.2868840003786257
16.01033878326416,0.9770664632473484,-0.35576798753576644,0.974895368044725,-0.2805263616856801
16.062300443649292,0.9770664632473484,-0.35576798753576644,0.9487979873925831,-0.2739512863579834
16.11308479309082,0.9770664632473484,-0.35576798753576644,0.9232853055419556,-0.26747406305005317
16.164618015289307,0.9770664632473484,-0.35576798753576644,0.897390337036025,-0.2608497824109963
16.216673612594604,0.9770664632473484,-0.35576798753576644,0.8712272760490276,-0.25410576138819696
16.267594814300537,0.9770664632473484,-0.35576798753576644,0.8456295021030236,-0.24745768314820094
16.318604707717896,0.9770664632473484,-0.35576798753576644,0.8199829097690435,-0.24074755280084403
16.369668006896973,0.9770664632473484,-0.35576798753576644,0.7943058036475126,-0.23397992246887434
16.420466661453247,0.9770664632473484,-0.35576798753576644,0.7687587141310301,-0.22719737985929012
16.47143793106079,0.9770664632473484,-0.35576798753576644,0.7431223254589208,-0.22034180345628096
16.522817611694336,0.9770664632473484,-0.35576798753576644,0.7172785861808134,-0.2133807502172198
16.574392318725586,0.5809762997337594,-0.24394834377451646,0.6913353886922641,-0.20634236993647503
16.625463008880615,0.5809762997337594,-0.24394834377451646,0.6656449668600455,-0.19932265012936057
16.67861795425415,0.5809762997337594,-0.24394834377451646,0.6389059178645902,-0.1919636205191244
16.73259687423706,0.5809762997337594,-0.24394834377451646,0.6117528641493317,-0.18443552880237224
16.78320050239563,0.5809762997337594,-0.24394834377451646,0.5862987386051041,-0.1773279901183651
16.83465838432312,0.5809762997337594,-0.24394834377451646,0.5604165551911539,-0.1700508163269001
16.885691165924072,0.5809762997337594,-0.24394834377451646,0.5347504029789983,-0.1627844547150583
16.939842462539673,0.5809762997337594,-0.24394834377451646,0.5075189014991298,-0.15502052699452262
16.990500926971436,0.5809762997337594,-0.24394834377451646,0.4820473214906239,-0.1477076326245239
17.04270315170288,0.5809762997337594,-0.24394834377451646,0.4558036264459967,-0.14012172871601525
17.093738555908203,0.5809762997337594,-0.24394834377451646,0.4301511422384807,-0.13265632069806754
17.145020961761475,0.5809762997337594,-0.24394834377451646,0.4043796866609469,-0.12510607370763616
17.195632457733154,0.5809762997337594,-0.24394834377451646,0.3789510536507035,-0.11760688437283173
17.24738073348999,0.5809762997337594,-0.24394834377451646,0.3529576765094975,-0.10989040066302902
17.298691987991333,0.20253096661209405,-0.12629563283827674,0.3271907995102934,-0.10219046974392576
17.349190711975098,0.20253096661209405,-0.12629563283827674,0.3018393082685904,-0.0945653634857555
17.39992356300354,0.20253096661209405,-0.12629563283827674,0.27637819633343663,-0.08685800766372109
17.450702667236328,0.20253096661209405,-0.12629563283827674,0.25090238202391424,-0.07909671537489293
17.501399278640747,0.20253096661209405,-0.12629563283827674,0.2254770121879761,-0.07130137709701012
17.55219006538391,0.20253096661209405,-0.12629563283827674,0.2000140524145111,-0.06344497587335685
17.613462209701538,0.20253096661209405,-0.12629563283827674,0.16931011689613173,-0.05390548748519519
17.663989305496216,0.20253096661209405,-0.12629563283827674,0.14400249333911186,-0.04598824393495482
17.72364377975464,0.20253096661209405,-0.12629563283827674,0.11413785866909043,-0.0365821064732228
17.77445363998413,0.20253096661209405,-0.12629563283827674,0.08871422531507622,-0.02852063672864924
17.82515287399292,0.20253096661209405,-0.12629563283827674,0.0633585973557339,-0.02043112614315401
17.875802755355835,0.20253096661209405,-0.12629563283827674,0.03804082999686309,-0.01230418919326759
17.926281213760376,0.20253096661209405,-0.12629563283827674,0.012822409277555402,-0.004159884306571993
17.977028131484985,0.20253096661209405,-0.12629563283827674,-0.01251582786965244,0.004072710589856143
18.02766227722168,0.20253096661209405,-0.12629563283827674,-0.037782908284477834,0.012331775192599537
18.078108549118042,-0.18239871017992493,0.005538465278945163,-0.06294093537322709,0.02060448008941762
18.128870010375977,-0.18239871017992493,0.005538465278945163,-0.08824017800062012,0.028973306202397797
18.184526443481445,-0.18239871017992493,0.005538465278945163,-0.11595997371460731,0.038200149422698004
18.235148191452026,-0.18239871017992493,0.005538465278945163,-0.14115430787103023,0.046638457042041725
18.287449836730957,-0.18239871017992493,0.005538465278945163,-0.16716618062827115,0.055402735996008534
18.349146604537964,-0.18239871017992493,0.005538465278945163,-0.19782560701669016,0.06580111560435897
18.40974259376526,-0.18239871017992493,0.005538465278945163,-0.22791070937091118,0.07607659474006034
18.60037136077881,-0.18239871017992493,0.005538465278945163,-0.32236830874911293,0.10880312619817412
18.740913152694702,-0.18239871017992493,0.005538465278945163,-0.391812919360198,0.1333158303712132
18.823229789733887,-0.18239871017992493,0.005538465278945163,-0.4324052452491396,0.14782287640796143
18.873831033706665,-0.18239871017992493,0.005538465278945163,-0.4573265827827482,0.15679497077594107
18.92455291748047,-0.18239871017992493,0.005538465278945163,-0.48228271461310834,0.1658297671666582
18.97615075111389,-0.18239871017992493,0.005538465278945163,-0.5076439754288065,0.17506280784368933
19.062689542770386,-0.18239871017992493,0.005538465278945163,-0.5501192321208299,0.19064323103638614
19.120073318481445,-0.37419780286710985,0.07553588371024689,-0.5782418775937033,0.20103974757327636
19.17229199409485,-0.37419780286710985,0.07553588371024689,-0.6038028775102795,0.2105453108609021
19.242961645126343,-0.37419780286710985,0.07553588371024689,-0.6383485069946373,0.22347715973057936
19.408368349075317,-0.37419780286710985,0.07553588371024689,-0.7189851286731348,0.2540455825481276
19.460021495819092,-0.37419780286710985,0.07553588371024689,-0.7441010458574858,0.2636768512538512
19.512308597564697,-0.37419780286710985,0.07553588371024689,-0.7694925835663255,0.2734672760655714
19.565569162368774,-0.37419780286710985,0.07553588371024689,-0.7953224924046345,0.2834820664203037
19.61620330810547,-0.37419780286710985,0.07553588371024689,-0.8198459468289666,0.2930421412256239
19.673832893371582,-0.37419780286710985,0.07553588371024689,-0.8477179936153658,0.303969117244685
19.74101710319519,-0.37419780286710985,0.07553588371024689,-0.8801569869114405,0.3167692436776788
19.792367696762085,-0.37419780286710985,0.07553588371024689,-0.9049109615911173,0.32659703324537714
19.84409260749817,-0.37419780286710985,0.07553588371024689,-0.929809755770805,0.3365350073453608
19.894816160202026,-0.37419780286710985,0.07553588371024689,-0.9541912672572543,0.3463179076169718
19.945562601089478,-0.37419780286710985,0.07553588371024689,-0.9785483116643131,0.3561419516220372
19.996520519256592,-0.5700442703264943,0.1488338319850295,-1.0029706310516913,0.3660436519920318
20.0507230758667,-0.5700442703264943,0.1488338319850295,-1.0289075502016938,0.37661591905808534
20.102449893951416,-0.5700442703264943,0.1488338319850295,-1.0536203335840733,0.38674355862521903
20.15356707572937,-0.5700442703264943,0.1488338319850295,-1.0780034605344853,0.39678828457677007
20.20423126220703,-0.5700442703264943,0.1488338319850295,-1.1021323146605018,0.4067794880757116
20.258835792541504,-0.5700442703264943,0.1488338319850295,-1.1280945912515923,0.4175870135457096
20.31432557106018,-0.5700442703264943,0.1488338319850295,-1.1544312382208983,0.42861116022299717
20.368366718292236,-0.5700442703264943,0.1488338319850295,-1.1800346088923004,0.43938730640476154
20.425711154937744,-0.5700442703264943,0.1488338319850295,-1.2071529541174986,0.45086473894585266
20.47648787498474,-0.5700442703264943,0.1488338319850295,-1.2311218101229082,0.46106395580124904
20.528980255126953,-0.5700442703264943,0.1488338319850295,-1.25585691505639,0.47164334037680833
20.579611778259277,-0.5700442703264943,0.1488338319850295,-1.2796726213947587,0.48188165577233333
20.63028860092163,-0.5700442703264943,0.1488338319850295,-1.3034672941350403,0.4921622624115516
20.68102240562439,-0.5700442703264943,0.1488338319850295,-1.3272457818106487,0.5024873605200084
20.73157048225403,-0.9812221460485667,0.3303608632163707,-1.350893987087621,0.5128071595353556
20.793871879577637,-0.9812221460485667,0.3303608632163707,-1.3799807023223578,0.5255707233250546
20.845414400100708,-0.9812221460485667,0.3303608632163707,-1.4039936155519581,0.5361667121207208
20.89655041694641,-0.9812221460485667,0.3303608632163707,-1.4277711360186003,0.5467115542367318
20.94770121574402,-0.9812221460485667,0.3303608632163707,-1.4515091673959089,0.5572914655395227
21.001052618026733,-0.9812221460485667,0.3303608632163707,-1.4762184940890664,0.5683603563665152
21.06814670562744,-0.9812221460485667,0.3303608632163707,-1.5072193509075344,0.5823289717573852
21.120832681655884,-0.9812221460485667,0.3303608632163707,-1.5315049984368971,0.5933353860398789
21.17346954345703,-0.9812221460485667,0.3303608632163707,-1.5557165069076913,0.6043641246326543
21.224465370178223,-0.9812221460485667,0.3303608632163707,-1.5791235689548835,0.615079785405555
21.27843713760376,-0.9812221460485667,0.3303608632163707,-1.6038428369035258,0.626453421517593
21.336264610290527,-0.9812221460485667,0.3303608632163707,-1.6302660336844719,0.6386764484240972
21.389378786087036,-0.9812221460485667,0.3303608632163707,-1.6544784598732103,0.6499364637050111
21.451721668243408,-0.9812221460485667,0.3303608632163707,-1.6828273016898538,0.6631930702955238
21.51788353919983,-1.4243034080839247,0.5405078475169076,-1.7128284419910944,0.6773085790023918
21.575517177581787,-1.4243034080839247,0.5405078475169076,-1.7388908935395766,0.6896434038600394
21.64015483856201,-1.4243034080839247,0.5405078475169076,-1.7680404440025774,0.7035196504213621
21.695192098617554,-1.4243034080839247,0.5405078475169076,-1.792792973784541,0.715369807290906
21.757712841033936,-1.4243034080839247,0.5405078475169076,-1.820834946123849,0.7288696736854425
21.82152557373047,-1.4243034080839247,0.5405078475169076,-1.8493719456233157,0.7426901016134257
21.903117179870605,-1.4243034080839247,0.5405078475169076,-1.885733850698012,0.7604212831119934
21.964489698410034,-1.4243034080839247,0.5405078475169076,-1.9129908408104552,0.7738023730654366
22.025495290756226,-1.4243034080839247,0.5405078475169076,-1.940003860757262,0.7871401705043835
22.076536655426025,-1.4243034080839247,0.5405078475169076,-1.96254211181358,0.7983271935916227
22.131821870803833,-1.4243034080839247,0.5405078475169076,-1.9868893302631359,0.8104724755115233
22.19329285621643,-1.4243034080839247,0.5405078475169076,-2.0138806608919784,0.8240105137365177
22.261409759521484,-1.4243034080839247,0.5405078475169076,-2.0436907225047993,0.839053180378297
22.32244324684143,-1.4243034080839247,0.5405078475169076,-2.070311187542474,0.8525675518491038
22.384578943252563,-1.6680945878463225,0.6578248028697578,-2.0973244680379852,0.8663603199515624
22.44062089920044,-1.6680945878463225,0.6578248028697578,-2.121611733012649,0.8788296447179538
22.49272918701172,-1.6680945878463225,0.6578248028697578,-2.14412834465194,0.8904482128095741
22.5436270236969,-1.6680945878463225,0.6578248028697578,-2.1660601205523977,0.9018193225684588
22.594529628753662,-1.6680945878463225,0.6578248028697578,-2.1879324227035153,0.9132133443330095
22.646722555160522,-1.6680945878463225,0.6578248028697578,-2.2102947947674876,0.9249185342268098
22.69869875907898,-1.6680945878463225,0.6578248028697578,-2.232499062218364,0.9365972539474758
22.749755382537842,-1.6680945878463225,0.6578248028697578,-2.254246623330585,0.9480905147777103
22.80144739151001,-1.6680945878463225,0.6578248028697578,-2.2761998823694465,0.9597478318544046
22.852245807647705,-1.6680945878463225,0.6578248028697578,-2.297709524472595,0.9712239055715437
22.90347385406494,-1.6680945878463225,0.6578248028697578,-2.3193362691207744,0.9828170546471782
22.956552743911743,-1.6680945878463225,0.6578248028697578,-2.3416752357284687,0.9948498981685994
23.007293462753296,-1.9694341958566313,0.8141238087974445,-2.3629639080298777,1.0063721670321233
23.06083083152771,-1.9694341958566313,0.8141238087974445,-2.385355244719976,1.0185497762115094
23.111485481262207,-1.9694341958566313,0.8141238087974445,-2.4064736361501553,1.0300904990390092
23.170467138290405,-1.9694341958566313,0.8141238087974445,-2.430980613206969,1.0435509791032977
23.256637573242188,-1.9694341958566313,0.8141238087974445,-2.4666226466885814,1.0632590037033212
23.312009811401367,-1.9694341958566313,0.8141238087974445,-2.4894235291818037,1.0759492347401465
23.374936819076538,-1.9694341958566313,0.8141238087974445,-2.5152372597692536,1.0903949596083158
23.42830991744995,-1.9694341958566313,0.8141238087974445,-2.537049510359459,1.102667080873291
23.51957082748413,-1.9694341958566313,0.8141238087974445,-2.5741690781167406,1.1236913065853125
23.571516036987305,-1.9694341958566313,0.8141238087974445,-2.5951970902360877,1.1356803795367496
23.629141092300415,-1.9694341958566313,0.8141238087974445,-2.618438611874731,1.1489986574790896
23.689047813415527,-1.9694341958566313,0.8141238087974445,-2.642504122825814,1.162864134121941
23.73966693878174,-1.9694341958566313,0.8141238087974445,-2.6627616733147264,1.1745953508303342
23.793708324432373,-2.2104486951759226,0.9477994018895727,-2.6843104871712096,1.1871348107098894
23.85286855697632,-2.2104486951759226,0.9477994018895727,-2.707807130070621,1.2008794306547084
23.926109075546265,-2.2104486951759226,0.9477994018895727,-2.7367600147744997,1.2179197070516765
23.993802547454834,-2.2104486951759226,0.9477994018895727,-2.76338528406399,1.2336925468643618
24.045592069625854,-2.2104486951759226,0.9477994018895727,-2.7836671542745863,1.2457741826999937
24.101765871047974,-2.2104486951759226,0.9477994018895727,-2.805579174246042,1.2588923055467096
24.16134023666382,-2.2104486951759226,0.9477994018895727,-2.828718366396505,1.2728196147901605
24.21827745437622,-2.2104486951759226,0.9477994018895727,-2.8507371595833746,1.2861443794988383
24.31872797012329,-2.2104486951759226,0.9477994018895727,-2.889352690709518,1.3096840924209592
24.377312898635864,-2.2104486951759226,0.9477994018895727,-2.911737128976167,1.3234307399077148
24.457763671875,-2.2104486951759226,0.9477994018895727,-2.942310421572187,1.3423282011821545
24.61083173751831,-2.2104486951759226,0.9477994018895727,-2.99994531955739,1.3783425151536504
24.730142831802368,-2.2104486951759226,0.9477994018895727,-3.044377969853214,1.406463105619581
24.832403659820557,-2.399714835111088,1.0549782613641725,-3.0821140930510205,1.4305951062698852
24.974887132644653,-2.399714835111088,1.0549782613641725,-3.134153392215259,1.4642592762883107
25.077988862991333,-2.399714835111088,1.0549782613641725,-3.1714133455055062,1.4886439004109129
25.142317295074463,-2.399714835111088,1.0549782613641725,-3.1944910734562764,1.5038673238809825
25.231353282928467,-2.399714835111088,1.0549782613641725,-3.2262155820392535,1.5249476845702832
25.283307790756226,-2.399714835111088,1.0549782613641725,-3.2446104626758117,1.537253121858544
25.337052822113037,-2.399714835111088,1.0549782613641725,-3.2635480002227673,1.5499856623967467
25.388017892837524,-2.399714835111088,1.0549782613641725,-3.281419869450541,1.5620620473100106
25.44261622428894,-2.399714835111088,1.0549782613641725,-3.300472395391811,1.5750015382498836
25.49779200553894,-2.399714835111088,1.0549782613641725,-3.319627838418798,1.5880797155924506
25.596094846725464,-2.459476454707961,1.0893328178292034,-3.3535088327399722,1.6113832512045885
25.65113067626953,-2.459476454707961,1.0893328178292034,-3.3723385844578577,1.6244308321118979
25.71915626525879,-2.459476454707961,1.0893328178292034,-3.395474078724443,1.6405579126490415
25.773414611816406,-2.459476454707961,1.0893328178292034,-3.41381705434457,1.6534205417378987
25.831427335739136,-2.459476454707961,1.0893328178292034,-3.433320520582165,1.6671720355213508
25.881774425506592,-2.459476454707961,1.0893328178292034,-3.4501554065893703,1.6791050457494925
25.93561291694641,-2.459476454707961,1.0893328178292034,-3.4680633428820355,1.6918636875259148
26.023597717285156,-2.459476454707961,1.0893328178292034,-3.497118184545587,1.7127089628330703
26.081254720687866,-2.459476454707961,1.0893328178292034,-3.516015379845444,1.726364583487466
26.132160425186157,-2.5835904078367498,1.1607781937048747,-3.532605526876379,1.7384177696293888
26.1826651096344,-2.5835904078367498,1.1607781937048747,-3.548977272092473,1.7503724166317258
26.233453035354614,-2.5835904078367498,1.1607781937048747,-3.565352430430861,1.7623901205203472
26.285391807556152,-2.5835904078367498,1.1607781937048747,-3.582006645803526,1.774675607068244
26.336565256118774,-2.5835904078367498,1.1607781937048747,-3.5983241628480984,1.7867751800790685
26.388073921203613,-2.5835904078367498,1.1607781937048747,-3.614656747760667,1.7989487132598987
26.438994884490967,-2.5835904078367498,1.1607781937048747,-3.6307121295219136,1.8109777289054745
26.48964214324951,-2.5835904078367498,1.1607781937048747,-3.646591314415061,1.82293615625303
26.542380571365356,-2.5835904078367498,1.1607781937048747,-3.6630305372326184,1.835381631964612
26.595589637756348,-2.5835904078367498,1.1607781937048747,-3.679517300737864,1.8479308059183503
26.647260904312134,-2.5835904078367498,1.1607781937048747,-3.6954319408172136,1.860109792341781
26.698060274124146,-2.5835904078367498,1.1607781937048747,-3.710985882244213,1.8720756637474798
26.748878955841064,-2.5835904078367498,1.1607781937048747,-3.726454029305537,1.8840381445703172
26.799695253372192,-2.5835904078367498,1.1607781937048747,-3.7418294532601823,1.8959917333052139
26.85050654411316,-2.5835904078367498,1.1607781937048747,-3.757111104046504,1.9079354241717545
26.90121555328369,-2.9623571938652717,1.4088671001364765,-3.772269744851123,1.9198459898576465
26.952534675598145,-2.9623571938652717,1.4088671001364765,-3.7875166675322145,1.9318902233538942
27.00361442565918,-2.9623571938652717,1.4088671001364765,-3.80259819572749,1.9438682536117327
27.054245471954346,-2.9623571938652717,1.4088671001364765,-3.817454154194046,1.9557308025597893
27.10484290122986,-2.9623571938652717,1.4088671001364765,-3.832207402008798,1.9675748802578514
27.15803289413452,-2.9623571938652717,1.4088671001364765,-3.8476162369568954,1.9800139927106117
27.20942735671997,-2.9623571938652717,1.4088671001364765,-3.8624069302791426,1.992021250477535
27.259937286376953,-2.9623571938652717,1.4088671001364765,-3.87684897289831,2.0038100148506937
27.310538053512573,-2.9623571938652717,1.4088671001364765,-3.8912232081302247,2.0156078211230897
27.361079931259155,-2.9623571938652717,1.4088671001364765,-3.90548676609753,2.027379360837611
27.41210103034973,-2.9623571938652717,1.4088671001364765,-3.9197900833287425,2.0392494124670755
27.462905168533325,-2.9623571938652717,1.4088671001364765,-3.9339370078404325,2.051055513966948
27.513736963272095,-2.9623571938652717,1.4088671001364765,-3.9479959449975155,2.0628541912324687
27.56486201286316,-2.9623571938652717,1.4088671001364765,-3.9620392008509895,2.0747065627329886
27.616837978363037,-3.330608792175768,1.6778924907113104,-3.9762164351944578,2.0867410127332127
27.667869567871094,-3.330608792175768,1.6778924907113104,-3.9900379794748027,2.0985414964400047
27.71860647201538,-3.330608792175768,1.6778924907113104,-4.0036831167294515,2.1102584043265153
27.769715070724487,-3.330608792175768,1.6778924907113104,-4.017330608280163,2.1220451924051362
27.820958375930786,-3.330608792175768,1.6778924907113104,-4.03091548405669,2.1338465655526826
27.872605085372925,-3.330608792175768,1.6778924907113104,-4.04450718423356,2.145723734127766
27.92629384994507,-3.330608792175768,1.6778924907113104,-4.058529481194746,2.1580518607284227
27.979142427444458,-3.330608792175768,1.6778924907113104,-4.072225757429935,2.170168044833565
28.03211522102356,-3.330608792175768,1.6778924907113104,-4.085847862043546,2.1822933245935134
28.08546471595764,-3.330608792175768,1.6778924907113104,-4.099458961928335,2.1944847640351868
28.14262104034424,-3.330608792175768,1.6778924907113104,-4.1139209021695065,2.2075232790511814
28.194366931915283,-3.330608792175768,1.6778924907113104,-4.126906206609199,2.2193067081716586
28.245749711990356,-3.330608792175768,1.6778924907113104,-4.139698925108997,2.2309874118125075
28.296775102615356,-3.330608792175768,1.6778924907113104,-4.152302399223497,2.2425667063102397
28.34807801246643,-3.767352735296353,2.0047246580105047,-4.164873482015184,2.254188314991895
28.398926973342896,-3.767352735296353,2.0047246580105047,-4.177233254802582,2.2656862458498206
28.449840784072876,-3.767352735296353,2.0047246580105047,-4.189508769966596,2.2771776502057848
28.50143527984619,-3.767352735296353,2.0047246580105047,-4.201846100076047,2.2888006492463635
28.552441596984863,-3.767352735296353,2.0047246580105047,-4.213941362513424,2.300268936151217
28.604340076446533,-3.767352735296353,2.0047246580105047,-4.226144485783353,2.311914738234453
28.655036687850952,-3.767352735296353,2.0047246580105047,-4.237963825308696,2.323267968636617
28.70554208755493,-3.767352735296353,2.0047246580105047,-4.249638970262952,2.3345555040227404
28.757704257965088,-3.767352735296353,2.0047246580105047,-4.26159254199014,2.3461889353845136
28.808638334274292,-3.767352735296353,2.0047246580105047,-4.273161971117217,2.357524163783663
28.862298488616943,-3.767352735296353,2.0047246580105047,-4.285240638858181,2.369439650756542
28.912989377975464,-3.767352735296353,2.0047246580105047,-4.296547107184291,2.3806704852831335
28.963757514953613,-3.767352735296353,2.0047246580105047,-4.307769525008944,2.3918933851339403
29.014289140701294,-3.767352735296353,2.0047246580105047,-4.318838844963743,2.403038718596166
29.065004348754883,-4.084810961885952,2.2547639315132075,-4.329847085923978,2.4141987914919563
29.118704319000244,-4.084810961885952,2.2547639315132075,-4.341392407586069,2.425987117634927
29.1692373752594,-4.084810961885952,2.2547639315132075,-4.352152610862671,2.4370530045917413
29.22060513496399,-4.084810961885952,2.2547639315132075,-4.362986794913321,2.4482742085692677
29.271661520004272,-4.084810961885952,2.2547639315132075,-4.373651491712444,2.4593995514319253
29.322511434555054,-4.084810961885952,2.2547639315132075,-4.384170035868754,2.4704519186018916
29.37362575531006,-4.084810961885952,2.2547639315132075,-4.394639502700769,2.481533211065687
29.425004243850708,-4.084810961885952,2.2547639315132075,-4.405058078910338,2.492642531071237
29.479360818862915,-4.084810961885952,2.2547639315132075,-4.415965790273361,2.504363423358855
29.53346824645996,-4.084810961885952,2.2547639315132075,-4.42670615056451,2.515997077626234
29.64702010154724,-4.084810961885952,2.2547639315132075,-4.448864831619465,2.5403010761135523
29.73936176300049,-4.084810961885952,2.2547639315132075,-4.466502756512839,2.559952240430599
29.813106298446655,-4.084810961885952,2.2547639315132075,-4.480341997644642,2.5755711919611715
29.865108728408813,-4.084810961885952,2.2547639315132075,-4.4899691833381095,2.5865446883220224
29.931532859802246,-4.351109285820842,2.478816525754949,-4.502107430413936,2.6005119470317632
29.982170343399048,-4.351109285820842,2.478816525754949,-4.511241018796168,2.611121899239793
30.032715797424316,-4.351109285820842,2.478816525754949,-4.52025449450439,2.6216795442123124
30.08519172668457,-4.351109285820842,2.478816525754949,-4.529502682908143,2.632605098235709
30.13580846786499,-4.351109285820842,2.478816525754949,-4.538317372437096,2.6431090830334796
30.20143413543701,-4.351109285820842,2.478816525754949,-4.549590898658261,2.6566766760503984
30.256171226501465,-4.351109285820842,2.478816525754949,-4.558859996821608,2.667948505095024
30.30730414390564,-4.351109285820842,2.478816525754949,-4.567408603387183,2.6784410077046483
30.359422206878662,-4.351109285820842,2.478816525754949,-4.576012293975003,2.689098337115586
30.409897327423096,-4.351109285820842,2.478816525754949,-4.584239185381058,2.6993834031206667
30.475956678390503,-4.351109285820842,2.478816525754949,-4.594849027191415,2.7127893834496817
30.588992595672607,-4.351109285820842,2.478816525754949,-4.612590134615381,2.7355828497222068
30.695944786071777,-4.351109285820842,2.478816525754949,-4.62889489336465,2.7569767513474583
30.836961269378662,-4.351109285820842,2.478816525754949,-4.649675854731495,2.7849217006321574
31.063611268997192,-4.351109285820842,2.478816525754949,-4.6813643218303245,2.829190868182643
31.15139651298523,-4.427070647883683,2.5461002487423525,-4.6930697160733414,2.8461171633647337
31.275169372558594,-4.427070647883683,2.5461002487423525,-4.709034042050691,2.869768347353857
31.383175134658813,-4.427070647883683,2.5461002487423525,-4.722448259306109,2.890198231736878
31.470551252365112,-4.427070647883683,2.5461002487423525,-4.732947795680255,2.9065811843641693
31.619976043701172,-4.427070647883683,2.5461002487423525,-4.7501722200105165,2.9342925160587874
31.849217891693115,-4.427070647883683,2.5461002487423525,-4.774801994469096,2.9760373137512275
32.03059196472168,-4.427070647883683,2.5461002487423525,-4.792747494323802,3.0083864006599548
32.226909160614014,-4.427070647883683,2.5461002487423525,-4.810636310127096,3.042703938639019
32.41529846191406,-4.427070647883683,2.5461002487423525,-4.826302151412017,3.074935913667352
32.62125110626221,-4.427070647883683,2.5461002487423525,-4.841747548060459,3.109367098667734
33.12356352806091,-4.427070647883683,2.5461002487423525,-4.872064652007609,3.1896724575708317
33.28720021247864,-4.427070647883683,2.5461002487423525,-4.879693043012904,3.2146672207603433
33.45674419403076,-4.427070647883683,2.5461002487423525,-4.886434644766142,3.239939567966114
33.564300537109375,-4.443498020937935,2.5607151734451072,-4.890099310210217,3.2556368278979217
33.63132095336914,-4.443498020937935,2.5607151734451072,-4.892142892255306,3.265284827277119
33.725858211517334,-4.443498020937935,2.5607151734451072,-4.894712696156725,3.278718376695813
33.7859308719635,-4.443498020937935,2.5607151734451072,-4.896155628822456,3.287146902076508
33.838587045669556,-4.443498020937935,2.5607151734451072,-4.897299106399736,3.294465532349652
33.90678834915161,-4.443498020937935,2.5607151734451072,-4.898611868633493,3.3038478954424266
33.99584078788757,-4.443498020937935,2.5607151734451072,-4.900040397275829,3.3159329506238358
34.05984020233154,-4.443498020937935,2.5607151734451072,-4.900867540806022,3.324501303428213
34.11129331588745,-4.443498020937935,2.5607151734451072,-4.901411695213291,3.3313185968752164
34.16968131065369,-4.443498020937935,2.5607151734451072,-4.901898873596878,3.338977264508525
34.295456647872925,-4.443498020937935,2.5607151734451072,-4.902478374969128,3.35519308623138
34.42844271659851,-4.485611710290374,2.598786344298047,-4.90239444913675,3.371915405308015
34.55138611793518,-4.485611710290374,2.598786344298047,-4.901681610480569,3.3869833044338327
34.62217903137207,-4.485611710290374,2.598786344298047,-4.900994929441831,3.3954872328697325
34.72319769859314,-4.485611710290374,2.598786344298047,-4.899666331321832,3.4074018454853086
34.82623291015625,-4.485611710290374,2.598786344298047,-4.897889723160003,3.4192854240190154
34.877787590026855,-4.485611710290374,2.598786344298047,-4.896841353240154,3.425128802458721
34.935094594955444,-4.485611710290374,2.598786344298047,-4.895551446445628,3.4315432962150947
34.98956489562988,-4.485611710290374,2.598786344298047,-4.894204000557527,3.437560976007025
35.04118728637695,-4.485611710290374,2.598786344298047,-4.892817975238529,3.443192372016448
35.16961312294006,-4.485611710290374,2.598786344298047,-4.888910525413528,3.4568976059727134
35.32674312591553,-4.485611710290374,2.598786344298047,-4.8832413782197275,3.4730696960859238
35.43146634101868,-4.485611710290374,2.598786344298047,-4.878922251344289,3.483479697077549
35.485429763793945,-4.485611710290374,2.598786344298047,-4.876528308898005,3.488727963907375
35.55485820770264,-4.485611710290374,2.598786344298047,-4.8732803309428165,3.4953636047382277
35.6101016998291,-4.572102895382078,2.6746150957620345,-4.870561175510038,3.5005492761152808
35.66240906715393,-4.572102895382078,2.6746150957620345,-4.867876673506844,3.5053820170914247
35.71283292770386,-4.572102895382078,2.6746150957620345,-4.865187854940562,3.5099692656006045
35.7650408744812,-4.572102895382078,2.6746150957620345,-4.862299636283091,3.5146446077701903
35.817126512527466,-4.572102895382078,2.6746150957620345,-4.859312672064639,3.5192334777813787
35.87318277359009,-4.572102895382078,2.6746150957620345,-4.855980484769246,3.5240875691530715
35.931045055389404,-4.572102895382078,2.6746150957620345,-4.852413414240758,3.529005695978281
35.98267412185669,-4.572102895382078,2.6746150957620345,-4.849121463508273,3.5333145066253095
36.03346538543701,-4.572102895382078,2.6746150957620345,-4.845782696839133,3.5374799546813387
36.08778762817383,-4.572102895382078,2.6746150957620345,-4.842102017979929,3.5418540782825874
36.14456486701965,-4.572102895382078,2.6746150957620345,-4.838133950360225,3.5463361771881514
36.230125188827515,-4.61056243831379,2.7115005705906077,-4.831921184063732,3.552916508359007
36.28061127662659,-4.61056243831379,2.7115005705906077,-4.828124128907495,3.5567007974684954
36.33299684524536,-4.61056243831379,2.7115005705906077,-4.824081597542458,3.5605498406494394
36.38350224494934,-4.61056243831379,2.7115005705906077,-4.820085414103643,3.5641856358801487
36.46510076522827,-4.61056243831379,2.7115005705906077,-4.813424724813703,3.5699033670089575
36.51986789703369,-4.61056243831379,2.7115005705906077,-4.808813049583563,3.57363219341988
36.570281982421875,-4.61056243831379,2.7115005705906077,-4.804467963558789,3.57698709979685
36.62100148200989,-4.61056243831379,2.7115005705906077,-4.800000080214296,3.580287079645638
36.67181730270386,-4.61056243831379,2.7115005705906077,-4.795426889467894,3.5835173988222024
36.7244017124176,-4.61056243831379,2.7115005705906077,-4.79059273780495,3.5867798839023024
36.782063722610474,-4.61056243831379,2.7115005705906077,-4.785173071545564,3.5902632572225497
36.855804204940796,-4.61056243831379,2.7115005705906077,-4.778061734923943,3.5945739215156
36.90688943862915,-4.699747973142882,2.846269245989358,-4.773016795757257,3.5974651125631834
36.95978903770447,-4.699747973142882,2.846269245989358,-4.767690819104843,3.6003766643427593
37.01584434509277,-4.699747973142882,2.846269245989358,-4.761934320072186,3.603370222466361
37.07601857185364,-4.699747973142882,2.846269245989358,-4.755626015754529,3.606478424953525
37.12655210494995,-4.699747973142882,2.846269245989358,-4.750225625584716,3.609004148418226
37.17717242240906,-4.699747973142882,2.846269245989358,-4.744722163221539,3.611456637474414
37.231170415878296,-4.699747973142882,2.846269245989358,-4.738748267021217,3.6139869494102053
37.28416633605957,-4.699747973142882,2.846269245989358,-4.7327819154993085,3.616383922170292
37.33471083641052,-4.699747973142882,2.846269245989358,-4.7269964516205505,3.6185900703624485
37.38620662689209,-4.699747973142882,2.846269245989358,-4.7210068774841645,3.6207572511461255
37.43866991996765,-4.699747973142882,2.846269245989358,-4.714806205904659,3.622881384393592
37.48999643325806,-4.699747973142882,2.846269245989358,-4.708643886651568,3.6248774604533054
37.541061878204346,-4.699747973142882,2.846269245989358,-4.702418946583466,3.6267826602092796
37.59335112571716,-4.731870666349923,3.124922775583024,-4.69594797753514,3.6286498704064396
37.64576697349548,-4.731870666349923,3.124922775583024,-4.689363276609258,3.6304364390630384
37.69675612449646,-4.731870666349923,3.124922775583024,-4.682863867526253,3.632092358621738
37.74739050865173,-4.731870666349923,3.124922775583024,-4.676318271908965,3.633656513809656
37.79863119125366,-4.731870666349923,3.124922775583024,-4.669601839852063,3.635157798119087
37.84932899475098,-4.731870666349923,3.124922775583024,-4.6628653003366,3.6365621999163737
37.90304374694824,-4.731870666349923,3.124922775583024,-4.655629137633244,3.637962088367821
37.95524001121521,-4.731870666349923,3.124922775583024,-4.64850051150924,3.6392353721257784
38.005929946899414,-4.731870666349923,3.124922775583024,-4.641486361936165,3.6403896137557155
38.0569794178009,-4.731870666349923,3.124922775583024,-4.634331874113774,3.64146990054598
38.10785150527954,-4.731870666349923,3.124922775583024,-4.627112093345678,3.6424642495339117
38.1584529876709,-4.731870666349923,3.124922775583024,-4.6198417188632845,3.6433717442707874
38.21118497848511,-4.731870666349923,3.124922775583024,-4.612171093558683,3.6442307026712664
38.26282024383545,-4.731870666349923,3.124922775583024,-4.6045672012184236,3.6449858208087154
38.32420229911804,-4.710973100633603,3.4139585951512976,-4.595408940420679,3.6457725503577176
38.37637996673584,-4.710973100633603,3.4139585951512976,-4.587522668986081,3.6463463516789085
38.42774844169617,-4.710973100633603,3.4139585951512976,-4.57966808004222,3.6468258273368246
38.47953510284424,-4.710973100633603,3.4139585951512976,-4.571658844863024,3.6472232350584575
38.53213405609131,-4.710973100633603,3.4139585951512976,-4.563431080411948,3.6475383377425787
38.586909770965576,-4.710973100633603,3.4139585951512976,-4.554763656292555,3.6477714465722824
38.64650535583496,-4.710973100633603,3.4139585951512976,-4.545219080221807,3.6479147042024103
38.700559854507446,-4.710973100633603,3.4139585951512976,-4.536459157852627,3.647944966077648
38.75228834152222,-4.710973100633603,3.4139585951512976,-4.527984981934102,3.647884964843405
38.8034930229187,-4.710973100633603,3.4139585951512976,-4.519509094142019,3.6477397240073346
38.854227781295776,-4.710973100633603,3.4139585951512976,-4.511025423344435,3.647511427005428
38.905040979385376,-4.710973100633603,3.4139585951512976,-4.502443575464836,3.6471984345370707
38.9563775062561,-4.710973100633603,3.4139585951512976,-4.493687215412271,3.646796354577293
39.00795030593872,-4.710973100633603,3.4139585951512976,-4.484803714376156,3.646305375292875
39.061136960983276,-4.70383213370576,3.624413151429421,-4.475551406146612,3.645707489629954
39.11172914505005,-4.70383213370576,3.624413151429421,-4.466665181187498,3.6450523638282766
39.16312575340271,-4.70383213370576,3.624413151429421,-4.457552884549411,3.644300415441047
39.2139790058136,-4.70383213370576,3.624413151429421,-4.448453149430794,3.6434705697498986
39.26467680931091,-4.70383213370576,3.624413151429421,-4.439298609662226,3.642558129314833
39.31590747833252,-4.70383213370576,3.624413151429421,-4.4299643809443925,3.6415496211502356
39.3665292263031,-4.70383213370576,3.624413151429421,-4.420659009896907,3.6404675867684344
39.42346382141113,-4.70383213370576,3.624413151429421,-4.410096113490285,3.6391488979029267
39.481842041015625,-4.70383213370576,3.624413151429421,-4.399159128123218,3.6376847795607286
39.58729958534241,-4.70383213370576,3.624413151429421,-4.37913086878489,3.6347518955769553
39.64584946632385,-4.70383213370576,3.624413151429421,-4.367861446152553,3.632963168470187
39.72852349281311,-4.70383213370576,3.624413151429421,-4.3517678644881865,3.6302420032803946
39.78285479545593,-4.70383213370576,3.624413151429421,-4.3410768967957,3.6283289201811337
39.87593483924866,-4.70383213370576,3.624413151429421,-4.322551208052348,3.624820960881478
39.946391105651855,-4.70383213370576,3.624413151429421,-4.30835308857237,3.621971764204539
40.018205642700195,-4.676567445431493,3.7271007980580437,-4.293726934673809,3.618895419965085
40.078874588012695,-4.676567445431493,3.7271007980580437,-4.28125008162916,3.6161608393951052
40.129451751708984,-4.676567445431493,3.7271007980580437,-4.270764639221882,3.6137860289819983
40.179940700531006,-4.676567445431493,3.7271007980580437,-4.260221666849295,3.6113290133196276
40.23055100440979,-4.676567445431493,3.7271007980580437,-4.249577679784181,3.6087794207939106
40.281091928482056,-4.676567445431493,3.7271007980580437,-4.238873028417137,3.6061466409304055
40.33161449432373,-4.676567445431493,3.7271007980580437,-4.228097456395342,3.6034281582794074
40.38238477706909,-4.676567445431493,3.7271007980580437,-4.217194063058729,3.600608983335024
40.43305492401123,-4.676567445431493,3.7271007980580437,-4.20623758638143,3.5977079712695086
40.48446035385132,-4.676567445431493,3.7271007980580437,-4.195046345468017,3.5946755620752855
40.53548455238342,-4.676567445431493,3.7271007980580437,-4.183863001099841,3.591576619849614
40.58631157875061,-4.676567445431493,3.7271007980580437,-4.172648856189639,3.5884014020450983
40.636887073516846,-4.676567445431493,3.7271007980580437,-4.161417248944103,3.585154400247797
40.68832325935364,-4.6059818387853735,3.822285563573832,-4.149920234680193,3.5817625504230697
40.74104690551758,-4.6059818387853735,3.822285563573832,-4.138058119209363,3.5781919634564923
40.79219961166382,-4.6059818387853735,3.822285563573832,-4.126475016372776,3.574636903463544
40.84357738494873,-4.6059818387853735,3.822285563573832,-4.114767552258472,3.5709760591937085
40.90144228935242,-4.6059818387853735,3.822285563573832,-4.101494274115111,3.5667447382558386
40.953187704086304,-4.6059818387853735,3.822285563573832,-4.089546556897893,3.562863709961248
41.00621938705444,-4.6059818387853735,3.822285563573832,-4.077225721584654,3.5587909330616747
41.056923151016235,-4.6059818387853735,3.822285563573832,-4.065374066485844,3.5548066968841345
41.1080756187439,-4.6059818387853735,3.822285563573832,-4.053346933615425,3.5506977615340185
41.15874624252319,-4.6059818387853735,3.822285563573832,-4.041363569148889,3.5465389154688394
41.20955967903137,-4.6059818387853735,3.822285563573832,-4.02927732782613,3.5422797338621423
41.26039242744446,-4.6059818387853735,3.822285563573832,-4.017117641184547,3.5379301023184624
41.31218695640564,-4.6059818387853735,3.822285563573832,-4.004657458215063,3.533406747107679
41.36280131340027,-4.6059818387853735,3.822285563573832,-3.99241290424749,3.5288972688564457
41.41475224494934,-4.6059818387853735,3.822285563573832,-3.9797752223536134,3.5241769867324892
41.46541666984558,-4.428732380658082,3.8589086743018726,-3.9673828051613054,3.5194840701648156
41.5225944519043,-4.428732380658082,3.8589086743018726,-3.953317439825785,3.5140816177226983
41.58618497848511,-4.428732380658082,3.8589086743018726,-3.9375758621239774,3.50794091763904
41.65409755706787,-4.428732380658082,3.8589086743018726,-3.92065042842067,3.501228905122993
41.71176743507385,-4.428732380658082,3.8589086743018726,-3.90618600682145,3.495404329876563
41.77696752548218,-4.428732380658082,3.8589086743018726,-3.889732229573518,3.488681040476483
41.82998180389404,-4.428732380658082,3.8589086743018726,-3.8762754496100644,3.4831062111928435
41.882551431655884,-4.428732380658082,3.8589086743018726,-3.8628627700268487,3.47748237184336
41.933804750442505,-4.428732380658082,3.8589086743018726,-3.84972043735821,3.4719075258340206
41.98423743247986,-4.428732380658082,3.8589086743018726,-3.8367258168690395,3.4663334390328377
42.03898072242737,-4.428732380658082,3.8589086743018726,-3.8225505675986984,3.4601835515683437
42.08957862854004,-4.428732380658082,3.8589086743018726,-3.8093844052927324,3.4544073663941917
42.14031004905701,-4.428732380658082,3.8589086743018726,-3.796121884233038,3.4485272168481194
42.1908061504364,-4.248878050034442,3.853377597652959,-3.782860017227359,3.4425861222763268
42.24882984161377,-4.248878050034442,3.853377597652959,-3.7675467165937917,3.435650704397749
42.29934573173523,-4.248878050034442,3.853377597652959,-3.75415046211433,3.4295180570974013
42.354737758636475,-4.248878050034442,3.853377597652959,-3.739392741617606,3.4226922222779743
42.40572166442871,-4.248878050034442,3.853377597652959,-3.725746689949964,3.416316024354306
42.456584215164185,-4.248878050034442,3.853377597652959,-3.712073608766037,3.4098656499381286
42.50772309303284,-4.248878050034442,3.853377597652959,-3.698266742496296,3.403290273532109
42.559449434280396,-4.248878050034442,3.853377597652959,-3.684241008560527,3.396547619938217
42.60999512672424,-4.248878050034442,3.853377597652959,-3.670477288774065,3.3898697581161215
42.6618926525116,-4.248878050034442,3.853377597652959,-3.6562861233437305,3.3829216789071963
42.71247696876526,-4.248878050034442,3.853377597652959,-3.6423966165358523,3.376060105558424
42.76315498352051,-4.248878050034442,3.853377597652959,-3.6284249493756087,3.369097443413105
42.81398963928223,-4.248878050034442,3.853377597652959,-3.614353772975466,3.3620244208278227
42.86549687385559,-4.248878050034442,3.853377597652959,-3.600039324844394,3.3547671020557535
42.916035175323486,-4.248878050034442,3.853377597652959,-3.585938717318367,3.3475575910245885
42.96657705307007,-4.049578969758221,3.816182581413364,-3.5717826184110373,3.340259727691306
43.017200231552124,-4.049578969758221,3.816182581413364,-3.557549543583419,3.3328621089513
43.06951975822449,-4.049578969758221,3.816182581413364,-3.542782973125565,3.325124083389207
43.1201274394989,-4.049578969758221,3.816182581413364,-3.5284452913239965,3.317549808917347
43.171425580978394,-4.049578969758221,3.816182581413364,-3.513857982161277,3.3097824955511386
43.22286081314087,-4.049578969758221,3.816182581413364,-3.4991775369016613,3.3019038073812528
43.2768497467041,-4.049578969758221,3.816182581413364,-3.4837103844295463,3.293536404884267
43.32786273956299,-4.049578969758221,3.816182581413364,-3.469041830674588,3.28553848443749
43.380370140075684,-4.049578969758221,3.816182581413364,-3.453889271163209,3.277213236645115
43.43093490600586,-4.049578969758221,3.816182581413364,-3.4392456999053955,3.269106862456696
43.48492217063904,-4.049578969758221,3.816182581413364,-3.4235555621590765,3.2603553385557165
43.53985238075256,-4.049578969758221,3.816182581413364,-3.4075331776037916,3.2513487914137267
43.59189319610596,-4.049578969758221,3.816182581413364,-3.3922999334001003,3.2427210136430245
43.648685455322266,-4.049578969758221,3.816182581413364,-3.3756168495480097,3.233200130023067
43.71893072128296,-3.825569351776491,3.731572567053017,-3.354897555947487,3.2212719507100505
43.776928663253784,-3.825569351776491,3.731572567053017,-3.337721193656626,3.211296922897634
43.831642627716064,-3.825569351776491,3.731572567053017,-3.3214604089239765,3.2017819041071336
43.88221025466919,-3.825569351776491,3.731572567053017,-3.3063831918118574,3.192897572045367
43.933173179626465,-3.825569351776491,3.731572567053017,-3.291141228065653,3.183856035037105
43.9867057800293,-3.825569351776491,3.731572567053017,-3.2750805295027714,3.174263828011715
44.06449866294861,-3.825569351776491,3.731572567053017,-3.251650706325359,3.160151686995454
44.13514709472656,-3.825569351776491,3.731572567053017,-3.230280836203203,3.147158395095588
44.1865713596344,-3.825569351776491,3.731572567053017,-3.2146716728980333,3.1375947959301413
44.23812913894653,-3.825569351776491,3.731572567053017,-3.1989766178771504,3.127916899852444
44.28889846801758,-3.825569351776491,3.731572567053017,-3.183477647839966,3.1182995698035865
44.33950400352478,-3.825569351776491,3.731572567053017,-3.16798574513102,3.108627031888382
44.390605211257935,-3.825569351776491,3.731572567053017,-3.152299056077328,3.0987724964254877
44.44172739982605,-3.825569351776491,3.731572567053017,-3.1365631008016006,3.0888262908409088
44.49246644973755,-3.825569351776491,3.731572567053017,-3.1209031782085352,3.0788680817013616
44.543169021606445,-3.653134472905739,3.6500734770313397,-3.105213265069262,3.06883101912608
44.59375882148743,-3.653134472905739,3.6500734770313397,-3.089517599742995,3.0587307021202927
44.644275426864624,-3.653134472905739,3.6500734770313397,-3.073804572777181,3.048559818733533
44.69485592842102,-3.653134472905739,3.6500734770313397,-3.0580319999840184,3.038290911708763
44.74559497833252,-3.653134472905739,3.6500734770313397,-3.042170553563942,3.0279043260614946
44.79649543762207,-3.653134472905739,3.6500734770313397,-3.0262194197964227,3.0173987936114828
44.84718871116638,-3.653134472905739,3.6500734770313397,-3.0102946145602725,3.0068506352004967
44.898417711257935,-3.653134472905739,3.6500734770313397,-2.994162844082824,2.996104568663647
44.95088219642639,-3.653134472905739,3.6500734770313397,-2.977602218471647,2.9850094259011315
45.002203702926636,-3.653134472905739,3.6500734770313397,-2.9613638827918742,2.9740681091601253
45.05430507659912,-3.653134472905739,3.6500734770313397,-2.9448403369574603,2.962871766757229
45.107861280441284,-3.653134472905739,3.6500734770313397,-2.927815533743657,2.9512697339102756
45.15941619873047,-3.653134472905739,3.6500734770313397,-2.9113892266165564,2.9400122880612543
45.21872663497925,-3.653134472905739,3.6500734770313397,-2.8924467748915617,2.9269536207217577
45.28508234024048,-3.3844231738609136,3.481589630303392,-2.8711978863095506,2.912207414125571
45.37974429130554,-3.3844231738609136,3.481589630303392,-2.8407835608365866,2.8909221425981597
45.44126343727112,-3.3844231738609136,3.481589630303392,-2.8209553960574785,2.8769329485780952
45.49582076072693,-3.3844231738609136,3.481589630303392,-2.803330721748713,2.864424116310919
45.546295166015625,-3.3844231738609136,3.481589630303392,-2.7869917531703243,2.852765596531017
45.60796856880188,-3.3844231738609136,3.481589630303392,-2.76698484072299,2.83840863022908
45.659175157547,-3.3844231738609136,3.481589630303392,-2.750338208846512,2.8263950767714405
45.71021032333374,-3.3844231738609136,3.481589630303392,-2.733716062132116,2.814337829093428
45.76096177101135,-3.3844231738609136,3.481589630303392,-2.7171558554791364,2.8022647110802676
45.81422209739685,-3.3844231738609136,3.481589630303392,-2.699744833237957,2.7895060549212665
45.869956493377686,-3.3844231738609136,3.481589630303392,-2.6814903221032376,2.776057672265914
45.92121338844299,-3.3844231738609136,3.481589630303392,-2.664671498471563,2.763602267402704
45.97328782081604,-3.3844231738609136,3.481589630303392,-2.647554686124481,2.750862627284227
46.03305912017822,-3.3844231738609136,3.481589630303392,-2.6278716243371916,2.736133944785927
46.103617668151855,-3.171879148336293,3.329806011000775,-2.6045873118835323,2.7186016085503333
46.15446138381958,-3.171879148336293,3.329806011000775,-2.5877766983818224,2.7058706145188633
46.20518708229065,-3.171879148336293,3.329806011000775,-2.5709787558431323,2.6930881032530776
46.25586557388306,-3.171879148336293,3.329806011000775,-2.5541706247456704,2.680236822114955
46.30660891532898,-3.171879148336293,3.329806011000775,-2.537315587989456,2.6672885108643296
46.357553482055664,-3.171879148336293,3.329806011000775,-2.5203686118926933,2.654207937128068
46.40813398361206,-3.171879148336293,3.329806011000775,-2.5035183243561208,2.6411408348389354
46.45957374572754,-3.171879148336293,3.329806011000775,-2.4863573021974728,2.627770196539591
46.51027846336365,-3.171879148336293,3.329806011000775,-2.4694178057957243,2.6145103412874855
46.56308054924011,-3.171879148336293,3.329806011000775,-2.451753112871689,2.600617516005927
46.61776900291443,-3.171879148336293,3.329806011000775,-2.4334315355794844,2.5861377470775824
46.66850471496582,-3.171879148336293,3.329806011000775,-2.4164112112725915,2.572622317283784
46.71936249732971,-3.171879148336293,3.329806011000775,-2.3993282105026847,2.5589951681384226
46.77025890350342,-3.171879148336293,3.329806011000775,-2.3822109256950337,2.5452785040853043
46.821325063705444,-2.8896146522301667,3.1139174057847785,-2.3650155941293094,2.5314367234561144
46.872180223464966,-2.8896146522301667,3.1139174057847785,-2.347870918697418,2.517573354282287
46.92274022102356,-2.8896146522301667,3.1139174057847785,-2.330806037644442,2.5037127381756408
46.97342300415039,-2.8896146522301667,3.1139174057847785,-2.313680447581666,2.4897409229621132
47.024786949157715,-2.8896146522301667,3.1139174057847785,-2.2963054857386638,2.4755023616024676
47.07600927352905,-2.8896146522301667,3.1139174057847785,-2.278959648071693,2.461224130633953
47.12662363052368,-2.8896146522301667,3.1139174057847785,-2.2618017336262444,2.447038186318269
47.18058800697327,-2.8896146522301667,3.1139174057847785,-2.243489042533799,2.43182907280641
47.24932384490967,-2.8896146522301667,3.1139174057847785,-2.2201359420086546,2.4123313803594773
47.30003213882446,-2.8896146522301667,3.1139174057847785,-2.202888418344252,2.3978576389160837
47.35088849067688,-2.8896146522301667,3.1139174057847785,-2.18557458854656,2.3832653618272786
47.41074252128601,-2.8896146522301667,3.1139174057847785,-2.1651777088617394,2.3659938537861143
47.46138072013855,-2.8896146522301667,3.1139174057847785,-2.1479051624900523,2.351299620286426
47.52241039276123,-2.8896146522301667,3.1139174057847785,-2.1270690567991353,2.333490417170919
47.5758740901947,-2.5492168481156536,2.8220368208828157,-2.1087995242035404,2.3177999597058423
47.66317558288574,-2.5492168481156536,2.8220368208828157,-2.0789352804975625,2.2920007714972845
47.7148334980011,-2.5492168481156536,2.8220368208828157,-2.0612463408094674,2.2766313632897344
47.76708388328552,-2.5492168481156536,2.8220368208828157,-2.0433417384118853,2.2610077124166446
47.82900333404541,-2.5492168481156536,2.8220368208828157,-2.022107883433342,2.2423917410775753
47.881829023361206,-2.5492168481156536,2.8220368208828157,-2.003979433789614,2.2264234318177047
47.93239116668701,-2.5492168481156536,2.8220368208828157,-1.9866169926060593,2.211065173889784
47.98294401168823,-2.5492168481156536,2.8220368208828157,-1.9692476607275544,2.1956374784774564
48.050002336502075,-2.5492168481156536,2.8220368208828157,-1.9461924686998002,2.175061620758173
48.13153386116028,-2.5492168481156536,2.8220368208828157,-1.9181399797139869,2.1498751852930287
48.21434235572815,-2.5492168481156536,2.8220368208828157,-1.8896260446848752,2.1241047867492293
48.2651641368866,-2.5492168481156536,2.8220368208828157,-1.8721161166958682,2.108194774690026
48.31594729423523,-2.5492168481156536,2.8220368208828157,-1.8546123273431798,2.092225760799134
48.37134003639221,-2.375002429466098,2.665683382242843,-1.8355120867114008,2.0747265465636135
48.42398190498352,-2.375002429466098,2.665683382242843,-1.8173535328869224,2.058018672963104
48.48238682746887,-2.375002429466098,2.665683382242843,-1.7971998519086076,2.039393481676205
48.55292987823486,-2.375002429466098,2.665683382242843,-1.7728485643009846,2.016774397232723
48.6036262512207,-2.375002429466098,2.665683382242843,-1.7553427763120557,2.0004362581716144
48.65424203872681,-2.375002429466098,2.665683382242843,-1.7378607165321038,1.984055399228095
48.705228090286255,-2.375002429466098,2.665683382242843,-1.7202470887377785,1.9674856261946239
48.759021043777466,-2.375002429466098,2.665683382242843,-1.7016602882163465,1.949928822558469
48.82444167137146,-2.375002429466098,2.665683382242843,-1.679051760094752,1.9284739950626888
48.87811517715454,-2.375002429466098,2.665683382242843,-1.6605001819369967,1.9107876660780543
48.94176268577576,-2.129624208064599,2.4362350044233607,-1.6384988412526464,1.8897171598142228
48.99247717857361,-2.129624208064599,2.4362350044233607,-1.6209668363231322,1.87285273361469
49.05008625984192,-2.129624208064599,2.4362350044233607,-1.6010506088286969,1.8536149169608493
49.100675106048584,-2.129624208064599,2.4362350044233607,-1.5835612004814974,1.8366510005993049
49.151509523391724,-2.129624208064599,2.4362350044233607,-1.5659872042391827,1.8195387451287204
49.202831745147705,-2.129624208064599,2.4362350044233607,-1.5482453426704983,1.8021955056090542
49.254430055618286,-2.129624208064599,2.4362350044233607,-1.5304092890757255,1.7846916707193068
49.308138370513916,-2.129624208064599,2.4362350044233607,-1.5118457052378114,1.7664007512316446
49.35909867286682,-2.129624208064599,2.4362350044233607,-1.4942341446351166,1.7489788030435511
49.409637689590454,-2.129624208064599,2.4362350044233607,-1.4767707546474154,1.7316368877325239
49.4601194858551,-2.129624208064599,2.4362350044233607,-1.4593301392534934,1.714251318245797
49.51109790802002,-2.129624208064599,2.4362350044233607,-1.4417214393860989,1.6966308624613402
49.56251096725464,-2.129624208064599,2.4362350044233607,-1.4239666191212512,1.6787955365319143
49.61314034461975,-2.129624208064599,2.4362350044233607,-1.4064868154959667,1.6611689777220278
49.66469717025757,-1.8047671126665559,2.1051777521004365,-1.3886917364113232,1.64315554191918
49.71703004837036,-1.8047671126665559,2.1051777521004365,-1.3706343568711405,1.6248052974967948
49.7678005695343,-1.8047671126665559,2.1051777521004365,-1.3531218731092816,1.6069400217986303
49.81886100769043,-1.8047671126665559,2.1051777521004365,-1.3355156057713131,1.5889106434579845
49.869386196136475,-1.8047671126665559,2.1051777521004365,-1.3181004767191697,1.5710093236917873
49.920006275177,-1.8047671126665559,2.1051777521004365,-1.3006596386378924,1.553013946753821
49.975223779678345,-1.8047671126665559,2.1051777521004365,-1.281643284702989,1.5333156192217576
50.02862858772278,-1.8047671126665559,2.1051777521004365,-1.263260157183046,1.5141963087428016
50.08002161979675,-1.8047671126665559,2.1051777521004365,-1.245578319595035,1.4957348174145446
50.1312038898468,-1.8047671126665559,2.1051777521004365,-1.227978020428977,1.4772885755448786
50.18384838104248,-1.8047671126665559,2.1051777521004365,-1.2098847676942563,1.4582527900124562
50.23725080490112,-1.8047671126665559,2.1051777521004365,-1.1915417400927382,1.4388785439946885
50.288811922073364,-1.8047671126665559,2.1051777521004365,-1.1738418906068464,1.420111174075181
50.33936953544617,-1.8047671126665559,2.1051777521004365,-1.1564971864101765,1.401651109699241
50.400052309036255,-1.8047671126665559,2.1051777521004365,-1.1356934103518834,1.3794187994232936
50.462082862854004,-1.4259163798701155,1.6999259166341736,-1.1144447061735843,1.3566084709704882
50.51352667808533,-1.4259163798701155,1.6999259166341736,-1.0968362064480743,1.3376270631849394
50.5644588470459,-1.4259163798701155,1.6999259166341736,-1.079415536442891,1.3187775842408094
50.61494779586792,-1.4259163798701155,1.6999259166341736,-1.0621593635988553,1.3000366793986284
50.66547632217407,-1.4259163798701155,1.6999259166341736,-1.0449029446546945,1.2812261799298328
50.71630668640137,-1.4259163798701155,1.6999259166341736,-1.0275572728859328,1.262248276120263
50.7671914100647,-1.4259163798701155,1.6999259166341736,-1.0102073722281832,1.243195172095747
50.81808948516846,-1.4259163798701155,1.6999259166341736,-0.9928676812868389,1.2240825016805332
50.87077331542969,-1.4259163798701155,1.6999259166341736,-0.9749356336748292,1.2042422008770313
50.92674922943115,-1.4259163798701155,1.6999259166341736,-0.9559014176740559,1.183099007864675
51.0437912940979,-1.4259163798701155,1.6999259166341736,-0.9161656718808122,1.1386820701205433
51.13670253753662,-1.4259163798701155,1.6999259166341736,-0.8846863578738153,1.1032250384143538
51.18746566772461,-1.4259163798701155,1.6999259166341736,-0.8675122222846539,1.0837797507246527
51.23956251144409,-1.1384606061424105,1.381384146645869,-0.8499057549668656,1.0637705226024174
51.29810619354248,-1.1384606061424105,1.381384146645869,-0.8301439217865914,1.0412216209558576
51.349143743515015,-1.1384606061424105,1.381384146645869,-0.8129365051502488,1.0215093701032218
51.399587869644165,-1.1384606061424105,1.381384146645869,-0.7959485120004013,1.001976911891714
51.456231117248535,-1.1384606061424105,1.381384146645869,-0.7768962806026791,0.9799860494296047
51.51254630088806,-1.1384606061424105,1.381384146645869,-0.7579795109920386,0.9580622229413664
51.57478737831116,-1.1384606061424105,1.381384146645869,-0.7371019897877842,0.9337621061356782
51.629350662231445,-1.1384606061424105,1.381384146645869,-0.7188261495833514,0.9124002696310825
51.685206174850464,-1.1384606061424105,1.381384146645869,-0.700143501991056,0.8904757159533823
51.73583364486694,-1.1384606061424105,1.381384146645869,-0.6832327328435845,0.870554097551139
51.78871703147888,-1.1384606061424105,1.381384146645869,-0.6655924348076316,0.8496953060830461
51.8396737575531,-1.1384606061424105,1.381384146645869,-0.648618431868834,0.8295490525932263
51.890318632125854,-1.1384606061424105,1.381384146645869,-0.6317716844886441,0.8094804303302101
51.941696643829346,-1.1384606061424105,1.381384146645869,-0.6147052849418828,0.789075210558281
51.99231028556824,-0.9641695353692825,1.1804442587938333,-0.5979170440103636,0.768928609208799
52.043134689331055,-0.9641695353692825,1.1804442587938333,-0.5810835185542302,0.7486536425424197
52.09491539001465,-0.9641695353692825,1.1804442587938333,-0.5639590462009587,0.7279518014384196
52.14570999145508,-0.9641695353692825,1.1804442587938333,-0.5471863805388595,0.7076001288790545
52.1967408657074,-0.9641695353692825,1.1804442587938333,-0.5303617206660354,0.6871102741671957
52.247374296188354,-0.9641695353692825,1.1804442587938333,-0.5136942704065746,0.6667373244092094
52.298038721084595,-0.9641695353692825,1.1804442587938333,-0.49704310365499715,0.6463097873533998
52.350340127944946,-0.9641695353692825,1.1804442587938333,-0.47988213697524973,0.6251784964793401
52.40105581283569,-0.9641695353692825,1.1804442587938333,-0.46326923310828283,0.6046459008250178
52.45213317871094,-0.9641695353692825,1.1804442587938333,-0.44656587651884916,0.5839255438618742
52.50444579124451,-0.9641695353692825,1.1804442587938333,-0.4294881302982909,0.5626615602266205
52.55796456336975,-0.9641695353692825,1.1804442587938333,-0.41204802032955845,0.5408632605939672
52.60856771469116,-0.9641695353692825,1.1804442587938333,-0.39558762830690286,0.5202119981973865
52.660643339157104,-0.9641695353692825,1.1804442587938333,-0.37867871837829803,0.49891918718221073
52.7132613658905,-0.6367792448610398,0.7761357121988725,-0.36162548154368324,0.4773632254197375
52.76401925086975,-0.6367792448610398,0.7761357121988725,-0.3452057829411759,0.4565303631738149
52.814624071121216,-0.6367792448610398,0.7761357121988725,-0.32886596790225386,0.4357227066065821
52.86510896682739,-0.6367792448610398,0.7761357121988725,-0.3125954627967742,0.4149273773566158
52.9156756401062,-0.6367792448610398,0.7761357121988725,-0.2963295985297245,0.3940617793875112
52.96705675125122,-0.6367792448610398,0.7761357121988725,-0.2798339086820385,0.37282307353990474
53.01828384399414,-0.6367792448610398,0.7761357121988725,-0.2634203157142201,0.35161132765469505
53.07016611099243,-0.6367792448610398,0.7761357121988725,-0.2468304196677824,0.33009141587086743
53.12085032463074,-0.6367792448610398,0.7761357121988725,-0.230656661735273,0.3090330672681625
53.17189431190491,-0.6367792448610398,0.7761357121988725,-0.21440148234237277,0.2877903752670985
53.22584104537964,-0.6367792448610398,0.7761357121988725,-0.1972587388224718,0.2653021510849669
53.27777171134949,-0.6367792448610398,0.7761357121988725,-0.18079279758850575,0.2436184352749451
53.3285117149353,-0.6367792448610398,0.7761357121988725,-0.1647390192251872,0.22239833917603047
53.37915635108948,-0.6367792448610398,0.7761357121988725,-0.1487499132064718,0.20118553110678317
53.42964053153992,-0.29834817478438747,0.335463009874075,-0.13284612450844024,0.1800079792431517
53.48013997077942,-0.29834817478438747,0.335463009874075,-0.11697250362988632,0.15879257000180047
53.53136372566223,-0.29834817478438747,0.335463009874075,-0.10090730494541145,0.13724119781782962
53.58184194564819,-0.29834817478438747,0.335463009874075,-0.08511184740480715,0.1159727587664019
53.63261961936951,-0.29834817478438747,0.335463009874075,-0.0692590159772255,0.09454783463986227
53.68307566642761,-0.29834817478438747,0.335463009874075,-0.05354303796083304,0.0732289661219041
53.73543310165405,-0.29834817478438747,0.335463009874075,-0.03727359392082752,0.05107596570155293
53.786134243011475,-0.29834817478438747,0.335463009874075,-0.021556820204202687,0.029594395907233118
53.83684730529785,-0.29834817478438747,0.335463009874075,-0.005874102306846485,0.008079349627542198
53.887749433517456,-0.29834817478438747,0.335463009874075,0.009828767284467688,-0.013544018984279482
53.93852972984314,-0.29834817478438747,0.335463009874075,0.025455456523832964,-0.03514321753671945
53.98938226699829,-0.29834817478438747,0.335463009874075,0.04106539832516454,-0.05680027386351605
54.04008078575134,-0.29834817478438747,0.335463009874075,0.05658889048697757,-0.07841828491954694
54.091325759887695,-0.29834817478438747,0.335463009874075,0.07223960943444618,-0.10029575606181673
54.14207148551941,-0.29834817478438747,0.335463009874075,0.0876977896952269,-0.12198580821007132
54.193625926971436,-0.013263954104681478,-0.054333743035038316,0.1033611472990339,-0.14404723825117283
54.24471044540405,-0.013263954104681478,-0.054333743035038316,0.11884045372024143,-0.1659326429594694
54.295408487319946,-0.013263954104681478,-0.054333743035038316,0.13416169080416296,-0.18767665610296147
54.34606146812439,-0.013263954104681478,-0.054333743035038316,0.14942822634719422,-0.20942491603129043
54.39793157577515,-0.013263954104681478,-0.054333743035038316,0.16501869580206918,-0.23171967285227768
54.450777769088745,-0.013263954104681478,-0.054333743035038316,0.18085753980293262,-0.2544583208700699
54.505823850631714,-0.013263954104681478,-0.054333743035038316,0.19730702839012526,-0.2781690797976537
54.6419358253479,-0.013263954104681478,-0.054333743035038316,0.23776556419350126,-0.33690641324492154
54.69585728645325,-0.013263954104681478,-0.054333743035038316,0.25370733237608345,-0.3602164492583628
54.75941348075867,-0.013263954104681478,-0.054333743035038316,0.27243408676178316,-0.3877201835658808
54.820281744003296,-0.013263954104681478,-0.054333743035038316,0.2903038852308004,-0.4140889255363198
54.879133224487305,-0.013263954104681478,-0.054333743035038316,0.3075206407522195,-0.4396093975678177
54.93004131317139,-0.013263954104681478,-0.054333743035038316,0.32236486962173627,-0.46170483852246136
54.98051905632019,0.1879421503227314,-0.34632029039526413,0.33703866551514094,-0.48363089081879784
55.03106999397278,0.1879421503227314,-0.34632029039526413,0.35168857663488984,-0.5056056004054559
55.087958574295044,0.1879421503227314,-0.34632029039526413,0.3681207391911179,-0.5303548787681838
55.14071726799011,0.1879421503227314,-0.34632029039526413,0.38330811495895833,-0.5533253872354973
55.19331693649292,0.1879421503227314,-0.34632029039526413,0.39839966674288885,-0.5762432609292805
55.24415183067322,0.1879421503227314,-0.34632029039526413,0.4129370802172483,-0.5984074435160476
55.296385765075684,0.1879421503227314,-0.34632029039526413,0.4278253174644999,-0.6211966669622118
55.3503258228302,0.1879421503227314,-0.34632029039526413,0.44314710235308574,-0.6447456954676154
55.405351638793945,0.1879421503227314,-0.34632029039526413,0.4587217075878316,-0.6687842834583306
55.45642399787903,0.1879421503227314,-0.34632029039526413,0.473126753418482,-0.6911092507408627
55.50821900367737,0.1879421503227314,-0.34632029039526413,0.4876855885579112,-0.7137628235997961
55.55915641784668,0.1879421503227314,-0.34632029039526413,0.5019539264398372,-0.7360532842468142
55.60965156555176,0.1879421503227314,-0.34632029039526413,0.5160496978952391,-0.7581614178321283
55.66019058227539,0.1879421503227314,-0.34632029039526413,0.5301088988579599,-0.7802994325276744
55.71091675758362,0.4803360203698567,-0.7828928948165411,0.5441707709368568,-0.8025296624025471
55.76377558708191,0.4803360203698567,-0.7828928948165411,0.5587708839740291,-0.8257048653380752
55.814594984054565,0.4803360203698567,-0.7828928948165411,0.572756435858079,-0.8479953474156414
55.866082191467285,0.4803360203698567,-0.7828928948165411,0.5868742407600398,-0.8705876502446586
55.91698718070984,0.4803360203698567,-0.7828928948165411,0.6007811287199765,-0.8929327696795668
55.97124409675598,0.4803360203698567,-0.7828928948165411,0.6155472975904215,-0.9167577342308322
56.025389671325684,0.4803360203698567,-0.7828928948165411,0.6302247752018566,-0.9405419319085657
56.07624816894531,0.4803360203698567,-0.7828928948165411,0.6439577895480282,-0.9628890708539588
56.12694573402405,0.4803360203698567,-0.7828928948165411,0.657595568284636,-0.9851715612224432
56.1785945892334,0.4803360203698567,-0.7828928948165411,0.6714358069558681,-1.007877856186609
56.22959065437317,0.4803360203698567,-0.7828928948165411,0.685047927612731,-1.0303022789325242
56.281378984451294,0.4803360203698567,-0.7828928948165411,0.6988171548941651,-1.053079741836243
56.34363269805908,0.4803360203698567,-0.7828928948165411,0.7152959606901312,-1.0804655156541387
56.41613745689392,0.4803360203698567,-0.7828928948165411,0.7343873170497308,-1.1123670728286388
56.4849534034729,0.6974370052879723,-1.1276497271818713,0.7524062422107565,-1.1426505325508025
56.56136894226074,0.6974370052879723,-1.1276497271818713,0.7722988762940068,-1.1762823584944502
56.616005420684814,0.6974370052879723,-1.1276497271818713,0.7864465224265023,-1.200330505299994
56.667014360427856,0.6974370052879723,-1.1276497271818713,0.799597771223949,-1.2227826040260141
56.72184658050537,0.6974370052879723,-1.1276497271818713,0.8136729834533036,-1.2469175937304704
56.85025715827942,0.6974370052879723,-1.1276497271818713,0.8463833195319554,-1.3034353719092249
56.94661474227905,0.6974370052879723,-1.1276497271818713,0.870694763869553,-1.3458382981047063
57.00481081008911,0.6974370052879723,-1.1276497271818713,0.8852799541134737,-1.3714432345560668
57.108622312545776,0.6974370052879723,-1.1276497271818713,0.9111129296236056,-1.4171062159425172
57.177425384521484,0.6974370052879723,-1.1276497271818713,0.928103185574825,-1.447360144247991
57.23449349403381,0.6974370052879723,-1.1276497271818713,0.9421158629128645,-1.4724467963517665
57.2872953414917,0.6974370052879723,-1.1276497271818713,0.9550162882596545,-1.4956515241128012
57.33841609954834,0.6974370052879723,-1.1276497271818713,0.967446499172973,-1.5181109312747694
57.39413857460022,0.7950904801333624,-1.2905743110815573,0.9809286940102817,-1.5425840980928058
57.44985890388489,0.7950904801333624,-1.2905743110815573,0.9943402663449366,-1.5670473444634554
57.528761863708496,0.7950904801333624,-1.2905743110815573,1.0132112897954801,-1.6016718946990767
57.60973334312439,0.7950904801333624,-1.2905743110815573,1.0324294447681135,-1.6371819243159735
57.66034746170044,0.7950904801333624,-1.2905743110815573,1.044366128277196,-1.6593663571899226
57.71100568771362,0.7950904801333624,-1.2905743110815573,1.0562541816947792,-1.6815599582950755
57.76215386390686,0.7950904801333624,-1.2905743110815573,1.0681970857117817,-1.7039573594192823
57.81274890899658,0.7950904801333624,-1.2905743110815573,1.079951191151029,-1.726101296490763
57.86328673362732,0.7950904801333624,-1.2905743110815573,1.0916325823750483,-1.7482084952425985
57.91572046279907,0.7950904801333624,-1.2905743110815573,1.103689212882737,-1.7711321250511771
57.99676322937012,0.8857821258463849,-1.44646062277278,1.1221975255514813,-1.806536205081896
58.064491987228394,0.8857821258463849,-1.44646062277278,1.1375467081513415,-1.836097267437104
58.11536383628845,0.8857821258463849,-1.44646062277278,1.149004393945108,-1.8582841223006803
58.16659998893738,0.8857821258463849,-1.44646062277278,1.1604821232240916,-1.8806146977671157
58.21711707115173,0.8857821258463849,-1.44646062277278,1.1717376561035495,-1.9026164495345235
58.26785612106323,0.8857821258463849,-1.44646062277278,1.1829813772739044,-1.9246989294896355
58.318645000457764,0.8857821258463849,-1.44646062277278,1.194174464299487,-1.946786564719394
58.37113857269287,0.8857821258463849,-1.44646062277278,1.2056781976495068,-1.9695976127695718
58.42180871963501,0.8857821258463849,-1.44646062277278,1.2167194407014672,-1.991598451477587
58.47336959838867,0.8857821258463849,-1.44646062277278,1.2278911715626015,-2.013967504498325
58.526599645614624,0.8857821258463849,-1.44646062277278,1.2393570583727014,-2.037040504215671
58.57769417762756,0.8857821258463849,-1.44646062277278,1.2502982587567408,-2.0591679839216623
58.62889122962952,0.8857821258463849,-1.44646062277278,1.2611976769744997,-2.0813197988756276
58.68033480644226,1.0918586083350779,-1.8380541803820556,1.272085142450217,-2.1035575054920823
58.731438398361206,1.0918586083350779,-1.8380541803820556,1.2828365308071377,-2.1256270860586666
58.78234124183655,1.0918586083350779,-1.8380541803820556,1.2934819831453566,-2.147588470801381
58.83347749710083,1.0918586083350779,-1.8380541803820556,1.3041120695946553,-2.169628415077403
58.88993692398071,1.0918586083350779,-1.8380541803820556,1.3157738080806285,-2.193936242953651
58.940545082092285,1.0918586083350779,-1.8380541803820556,1.326159966726115,-2.215700741014021
58.99330759048462,1.0918586083350779,-1.8380541803820556,1.3369206468928867,-2.238366846447527
59.044758319854736,1.0918586083350779,-1.8380541803820556,1.3473471671172694,-2.2604444016326544
59.09677743911743,1.0918586083350779,-1.8380541803820556,1.3578218254891965,-2.282740166789454
59.14794945716858,1.0918586083350779,-1.8380541803820556,1.3680599777266496,-2.3046471104793524
59.19872570037842,1.0918586083350779,-1.8380541803820556,1.378154161988665,-2.3263588461805376
59.249343395233154,1.0918586083350779,-1.8380541803820556,1.388152451939066,-2.3479767075622773
59.29986929893494,1.0918586083350779,-1.8380541803820556,1.3980683694952605,-2.3695288787086004
59.353923082351685,1.0918586083350779,-1.8380541803820556,1.4086054290924805,-2.392556003809934
59.41997265815735,1.3394035080071909,-2.346657139755816,1.4213807269589473,-2.420650537274312
59.47649693489075,1.3394035080071909,-2.346657139755816,1.4322259346126263,-2.444655194971614
59.53741121292114,1.3394035080071909,-2.346657139755816,1.4438226600888262,-2.470483832559888
59.739572286605835,1.3394035080071909,-2.346657139755816,1.4816319138026026,-2.5558919938283506
59.81983947753906,1.3394035080071909,-2.346657139755816,1.496353794139089,-2.5896650171746844
59.872949838638306,1.3394035080071909,-2.346657139755816,1.506003793207734,-2.611966921226554
59.950310468673706,1.3394035080071909,-2.346657139755816,1.5199299875642553,-2.644386832443313
60.01669907569885,1.3394035080071909,-2.346657139755816,1.5317578407734025,-2.6721458664557938
60.097578287124634,1.3394035080071909,-2.346657139755816,1.546013217987328,-2.705883725618175
60.191462993621826,1.3394035080071909,-2.346657139755816,1.5623480157054432,-2.744933688982955
60.2736759185791,1.3394035080071909,-2.346657139755816,1.5764637510080326,-2.779026786458391
60.3268985748291,1.3394035080071909,-2.346657139755816,1.5855079650301755,-2.801045876152782
60.38248372077942,1.3394035080071909,-2.346657139755816,1.5948746512873766,-2.8239980115596865
60.43534874916077,1.3394035080071909,-2.346657139755816,1.6037079802501022,-2.8457843039173856
60.48623442649841,1.454323029061543,-2.5926562916677502,1.612141423444161,-2.866715049731831
60.53677773475647,1.454323029061543,-2.5926562916677502,1.620450884714644,-2.8874657701465445
60.590869188308716,1.454323029061543,-2.5926562916677502,1.629269338139106,-2.9096293389366767
60.64950394630432,1.454323029061543,-2.5926562916677502,1.6387415555792892,-2.9336025718358796
60.709553718566895,1.454323029061543,-2.5926562916677502,1.6483485054998668,-2.9580975529963247
60.77863383293152,1.454323029061543,-2.5926562916677502,1.659282512034492,-2.986203938296299
60.865323305130005,1.454323029061543,-2.5926562916677502,1.672825350130056,-3.0213638227129835
60.95569825172424,1.454323029061543,-2.5926562916677502,1.6867321858206454,-3.057884186410314
61.02980995178223,1.454323029061543,-2.5926562916677502,1.6979748545503084,-3.087728308289104
61.092000007629395,1.454323029061543,-2.5926562916677502,1.7072964962223942,-3.112697925490793
61.17802572250366,1.454323029061543,-2.5926562916677502,1.7200213655734506,-3.1471248896333877
61.229591608047485,1.454323029061543,-2.5926562916677502,1.7275545355525754,-3.1676975640616702
61.28576183319092,1.454323029061543,-2.5926562916677502,1.7356797225622707,-3.190052113772613
61.34245181083679,1.454323029061543,-2.5926562916677502,1.7437947803320737,-3.212554617102288
61.423043966293335,1.5299731335617963,-2.765338093832694,1.7551837159563968,-3.244441622713753
61.474297761917114,1.5299731335617963,-2.765338093832694,1.7623364050983836,-3.264656782713364
61.52777981758118,1.5299731335617963,-2.765338093832694,1.7697251636977387,-3.285697197712946
61.5870156288147,1.5299731335617963,-2.765338093832694,1.777819491224219,-3.3089366132019427
61.65904426574707,1.5299731335617963,-2.765338093832694,1.7875353092683957,-3.3371023426147097
61.73721957206726,1.5299731335617963,-2.765338093832694,1.7979228939540783,-3.367555105170594
61.79838967323303,1.5299731335617963,-2.765338093832694,1.8059366004297064,-3.391297851084778
61.87932062149048,1.5299731335617963,-2.765338093832694,1.8163847889308946,-3.422593359625461
61.939080238342285,1.5299731335617963,-2.765338093832694,1.8239868691250065,-3.445615238382575
62.00230574607849,1.5299731335617963,-2.765338093832694,1.8319253883052546,-3.4698910441785165
62.06286311149597,1.5299731335617963,-2.765338093832694,1.839428154669444,-3.4930631855930265
62.16517400741577,1.5973676502268852,-2.9317332648699503,1.8518799303880291,-3.5320337744643178
62.221381425857544,1.5973676502268852,-2.9317332648699503,1.8586008220225214,-3.5533467482595413
62.2745246887207,1.5973676502268852,-2.9317332648699503,1.8648771315726453,-3.573434050141829
62.37315559387207,1.5973676502268852,-2.9317332648699503,1.8763241412102,-3.6105486959357327
62.431493282318115,1.5973676502268852,-2.9317332648699503,1.882971494152756,-3.632398180447125
62.51565361022949,1.5973676502268852,-2.9317332648699503,1.8923997816651905,-3.663782605866294
62.58563542366028,1.5973676502268852,-2.9317332648699503,1.900094449748209,-3.689755474014011
62.655678033828735,1.5973676502268852,-2.9317332648699503,1.9076637572545934,-3.715636625344897
62.70682120323181,1.5973676502268852,-2.9317332648699503,1.9131072160443385,-3.7344613828237927
62.75744676589966,1.5973676502268852,-2.9317332648699503,1.9184262283640516,-3.753034447729773
62.81280517578125,1.5973676502268852,-2.9317332648699503,1.9241635307625067,-3.7732736377783995
62.92090559005737,1.5973676502268852,-2.9317332648699503,1.9351291921661067,-3.8125816827487506
62.99093794822693,1.6332913700737004,-3.028175475987677,1.9420654233187922,-3.8378945428919584
63.0441312789917,1.6332913700737004,-3.028175475987677,1.9472457165885135,-3.8570398862562216
63.09838271141052,1.6332913700737004,-3.028175475987677,1.9524506942083324,-3.8764932949066377
63.19389724731445,1.6332913700737004,-3.028175475987677,1.9614223104843393,-3.910562470252523
63.25294089317322,1.6332913700737004,-3.028175475987677,1.9668456799729939,-3.931506652483133
63.30624318122864,1.6332913700737004,-3.028175475987677,1.9716613058468795,-3.9503372814475055
63.373522996902466,1.6332913700737004,-3.028175475987677,1.9776309023792122,-3.9740007724594983
63.4471070766449,1.636269370482994,-3.0363682806245635,1.9840208932096837,-3.9997460967023173
63.50950908660889,1.636269370482994,-3.0363682806245635,1.989326150895242,-4.021467151594795
63.56648302078247,1.636269370482994,-3.0363682806245635,1.9940788718098847,-4.041208312988478
63.61692833900452,1.636269370482994,-3.0363682806245635,1.9982144832233977,-4.058614726051348
63.66755437850952,1.636269370482994,-3.0363682806245635,2.002296498497386,-4.076014458346586
63.7468843460083,1.636269370482994,-3.0363682806245635,2.0085552071161237,-4.10313930929428
63.844223499298096,1.636269370482994,-3.0363682806245635,2.0160052545218163,-4.136185876493612
63.90411710739136,1.636269370482994,-3.0363682806245635,2.0204638094547143,-4.156389164583283
63.970255613327026,1.636269370482994,-3.0363682806245635,2.025276269474106,-4.1785823688067225
64.04328989982605,1.636269370482994,-3.0363682806245635,2.0304553209907894,-4.2029461568775615
64.09376692771912,1.636269370482994,-3.0363682806245635,2.033951963101246,-4.219696395933173
64.14432287216187,1.636269370482994,-3.0363682806245635,2.0373862947508394,-4.236399745686145
64.19491291046143,1.636269370482994,-3.0363682806245635,2.040755109027887,-4.25304071780575
64.24549102783203,1.6835824958895689,-3.1696611478443804,2.044055364595183,-4.26960369503445
64.29710030555725,1.6835824958895689,-3.1696611478443804,2.0473531330640746,-4.286427556687293
64.3474657535553,1.6835824958895689,-3.1696611478443804,2.0505035467788844,-4.302770728288515
64.39797711372375,1.6835824958895689,-3.1696611478443804,2.0535958217330537,-4.319086192934655
64.44846057891846,1.6835824958895689,-3.1696611478443804,2.0566191568627055,-4.3353171226386635
64.4989914894104,1.6835824958895689,-3.1696611478443804,2.059578102352055,-4.351487272618017
64.5510950088501,1.6835824958895689,-3.1696611478443804,2.062558784124284,-4.368080561264248
64.61596345901489,1.6835824958895689,-3.1696611478443804,2.066170020048324,-4.388624716789583
64.67668652534485,1.6835824958895689,-3.1696611478443804,2.0694504344224516,-4.407740343978449
64.72712254524231,1.6835824958895689,-3.1696611478443804,2.07210167696091,-4.423532046006301
64.77764439582825,1.6835824958895689,-3.1696611478443804,2.0746907120629885,-4.439272337557402
64.82825231552124,1.6835824958895689,-3.1696611478443804,2.077217301711178,-4.454960478679536
64.88508725166321,1.6835824958895689,-3.1696611478443804,2.079975119538413,-4.472484225216531
64.93557548522949,1.6835824958895689,-3.1696611478443804,2.0823543983812165,-4.4879665997170495
64.98644089698792,1.732908478918725,-3.3223351389300038,2.0846844051059996,-4.503483799207778
65.037926197052,1.732908478918725,-3.3223351389300038,2.0869743782665777,-4.519107053174972
65.09606432914734,1.732908478918725,-3.3223351389300038,2.0894776284149525,-4.536648132510929
65.14931035041809,1.732908478918725,-3.3223351389300038,2.0916934758215904,-4.552618721463164
65.21196413040161,1.732908478918725,-3.3223351389300038,2.094207012504924,-4.571294743129014
65.27043890953064,1.732908478918725,-3.3223351389300038,2.0964615576591736,-4.588610973667994
65.3215651512146,1.732908478918725,-3.3223351389300038,2.0983606496977347,-4.603660305782492
65.37229514122009,1.732908478918725,-3.3223351389300038,2.100178634160944,-4.618508878897821
65.42298626899719,1.732908478918725,-3.3223351389300038,2.1019292863134402,-4.633261982145541
65.47355961799622,1.732908478918725,-3.3223351389300038,2.103610302047714,-4.647896643266565
65.52424597740173,1.732908478918725,-3.3223351389300038,2.1052294800011175,-4.662479265936418
65.58584880828857,1.732908478918725,-3.3223351389300038,2.107109153856738,-4.6800878167012
65.66557335853577,1.732908478918725,-3.3223351389300038,2.1093983964977716,-4.702688250573548
65.74298024177551,1.732908478918725,-3.3223351389300038,2.1114667409540977,-4.724427373439109
65.80204916000366,1.8369654803701116,-3.7424779067302003,2.112943073282225,-4.740880159699204
65.85424256324768,1.8369654803701116,-3.7424779067302003,2.114174259340955,-4.755319178678012
65.90566873550415,1.8369654803701116,-3.7424779067302003,2.115320229428446,-4.769454963657536
65.95707583427429,1.8369654803701116,-3.7424779067302003,2.1163993319153604,-4.783494849705132
66.01401472091675,1.8369654803701116,-3.7424779067302003,2.1175171887951354,-4.798939264052059
66.0707836151123,1.8369654803701116,-3.7424779067302003,2.1185509460813163,-4.814225864541888
66.14475631713867,1.8369654803701116,-3.7424779067302003,2.1197773085275005,-4.83397684390415
66.1988615989685,1.8369654803701116,-3.7424779067302003,2.1205880658040415,-4.84830200894412
66.25321078300476,1.8369654803701116,-3.7424779067302003,2.121329329125995,-4.862588202863854
66.30667853355408,1.8369654803701116,-3.7424779067302003,2.121987207340863,-4.876540998505289
66.40405440330505,1.8369654803701116,-3.7424779067302003,2.1230040841375954,-4.901691393500911
66.45910310745239,1.8369654803701116,-3.7424779067302003,2.1234757412803305,-4.915759832278377
66.52237629890442,1.8369654803701116,-3.7424779067302003,2.1239261009544017,-4.931795907461658
66.60096168518066,1.899106283978594,-4.061868574464704,2.1243492464461022,-4.951511844522125
66.65512728691101,1.899106283978594,-4.061868574464704,2.124553339460906,-4.964971002017927
66.70582556724548,1.899106283978594,-4.061868574464704,2.12467982843225,-4.977471886730527
66.75638031959534,1.899106283978594,-4.061868574464704,2.1247439853896624,-4.989843915549303
66.80719423294067,1.899106283978594,-4.061868574464704,2.124746274427512,-5.002184970290937
66.8593692779541,1.899106283978594,-4.061868574464704,2.1246839178290196,-5.014757763133967
66.94256854057312,1.899106283978594,-4.061868574464704,2.124449308342755,-5.0345984847818555
67.02319049835205,1.899106283978594,-4.061868574464704,2.12406408126667,-5.053579355618203
67.10524392127991,1.899106283978594,-4.061868574464704,2.1235131819447695,-5.072647990424354
67.17310428619385,1.899106283978594,-4.061868574464704,2.12293705103373,-5.088227303307525
67.22509956359863,1.899106283978594,-4.061868574464704,2.122422072830725,-5.100046821669839
67.2944073677063,1.899106283978594,-4.061868574464704,2.1216367842366584,-5.115642626120909
67.35963273048401,1.899106283978594,-4.061868574464704,2.1207949720322934,-5.130152971160739
67.41601181030273,1.9637794312280048,-4.463452304259836,2.119987340940345,-5.1425644577941085
67.46826410293579,1.9637794312280048,-4.463452304259836,2.1191728367480427,-5.1539587059063505
67.52865099906921,1.9637794312280048,-4.463452304259836,2.1181527343092763,-5.166996019755253
67.59147024154663,1.9637794312280048,-4.463452304259836,2.117002215685667,-5.180409111563087
67.64539861679077,1.9637794312280048,-4.463452304259836,2.115942142849104,-5.1918018970392135
67.69718337059021,1.9637794312280048,-4.463452304259836,2.1148614972919275,-5.202635438853173
67.76889657974243,1.9637794312280048,-4.463452304259836,2.1132639285256745,-5.217465353187116
67.84454488754272,1.9637794312280048,-4.463452304259836,2.1114520645304355,-5.232890757022379
67.89530849456787,1.9637794312280048,-4.463452304259836,2.1101636501655947,-5.24311580380027
67.95122218132019,1.9637794312280048,-4.463452304259836,2.108677355185431,-5.254260552783543
68.0739426612854,1.9637794312280048,-4.463452304259836,2.1051696692773336,-5.2782869864979
68.18466186523438,1.9637794312280048,-4.463452304259836,2.101717522471019,-5.299449002585382
68.23744893074036,1.9637794312280048,-4.463452304259836,2.099976323974408,-5.309365509530225
68.28816771507263,1.993732360757474,-4.71960200400978,2.0982456704007975,-5.3187879608096384
68.34906792640686,1.993732360757474,-4.71960200400978,2.0960932249270723,-5.32996488118375
68.4162187576294,1.993732360757474,-4.71960200400978,2.0936262049736634,-5.342115102540926
68.4667477607727,1.993732360757474,-4.71960200400978,2.0917053804517947,-5.351137180140428
68.51730155944824,1.993732360757474,-4.71960200400978,2.0897284563340124,-5.360059744153525
68.56952786445618,1.993732360757474,-4.71960200400978,2.0876284246336105,-5.369168035533875
68.6477861404419,1.993732360757474,-4.71960200400978,2.0843724006621125,-5.38260744978219
68.73162198066711,1.993732360757474,-4.71960200400978,2.080739785360258,-5.396725780028972
68.84146428108215,1.993732360757474,-4.71960200400978,2.0757557418113386,-5.414785146786411
68.9036934375763,1.993732360757474,-4.71960200400978,2.072819904289526,-5.424794719354377
68.99675917625427,1.993732360757474,-4.71960200400978,2.068278947924125,-5.439463996878089
69.08780145645142,1.993732360757474,-4.71960200400978,2.0636636428317576,-5.453464683889305
69.20565891265869,1.993732360757474,-4.71960200400978,2.0574370147238406,-5.4710731978671845
69.28003573417664,1.993732360757474,-4.71960200400978,2.053362487040139,-5.481884674912761
69.33129858970642,2.0105662620912352,-4.894714252358099,2.0504893384627416,-5.489200318688486
69.38222551345825,2.0105662620912352,-4.894714252358099,2.0475829027057184,-5.496357888037577
69.43270254135132,2.0105662620912352,-4.894714252358099,2.044651132926072,-5.503343679016529
69.50436401367188,2.0105662620912352,-4.894714252358099,2.0404022013233574,-5.513075255485401
69.64109349250793,2.0105662620912352,-4.894714252358099,2.032015268137434,-5.531035303815956
69.72279024124146,2.0105662620912352,-4.894714252358099,2.0268303377551717,-5.5413845252794705
69.8174684047699,2.0105662620912352,-4.894714252358099,2.0206607171987123,-5.553019314994567
69.8968939781189,2.0105662620912352,-4.894714252358099,2.0153530165874427,-5.562481616736102
69.94731092453003,2.0105662620912352,-4.894714252358099,2.01192184997182,-5.568346486447704
69.99788093566895,2.0105662620912352,-4.894714252358099,2.0084322084954573,-5.574118530926674
70.05294585227966,2.0105662620912352,-4.894714252358099,2.0045779592774973,-5.580277387537134
70.14819002151489,2.0105662620912352,-4.894714252358099,1.9977783885589084,-5.59061879076042
70.20261478424072,2.0105662620912352,-4.894714252358099,1.9938178537223619,-5.5963505324810825
70.25300288200378,2.019069756693179,-4.992342877182227,1.9901027416683204,-5.601541767655334
70.30346083641052,2.019069756693179,-4.992342877182227,1.9863361879375159,-5.606628843640824
70.38202857971191,2.019069756693179,-4.992342877182227,1.9803797227182685,-5.614327636114098
70.46191573143005,2.019069756693179,-4.992342877182227,1.974209783308121,-5.621877584447229
70.51496267318726,2.019069756693179,-4.992342877182227,1.9700501246322932,-5.626735658116132
70.65968060493469,2.019069756693179,-4.992342877182227,1.9584505567530823,-5.639357144905707
70.7879843711853,2.019069756693179,-4.992342877182227,1.9478628098945432,-5.649771321561721
70.89234566688538,2.019069756693179,-4.992342877182227,1.9390435158215618,-5.657702570625977
70.96319437026978,2.019069756693179,-4.992342877182227,1.9329516680689136,-5.662810360389815
71.02626323699951,2.0264673039517547,-5.097337556680779,1.9274583177024966,-5.667168715418729
71.09519958496094,2.0264673039517547,-5.097337556680779,1.9213786856705695,-5.671729054647258
71.14566659927368,2.0264673039517547,-5.097337556680779,1.916878496598404,-5.674932651718657
71.19902682304382,2.0264673039517547,-5.097337556680779,1.9120752501836102,-5.678195675132608
71.2502498626709,2.0264673039517547,-5.097337556680779,1.9074211152178138,-5.681207742720856
71.30453610420227,2.0264673039517547,-5.097337556680779,1.9024427351761677,-5.684271199012941
71.39366936683655,2.0264673039517547,-5.097337556680779,1.8941671117544807,-5.689013401407379
71.48352813720703,2.0264673039517547,-5.097337556680779,1.8856977616656554,-5.693431602298241
71.5361156463623,2.0264673039517547,-5.097337556680779,1.8806830978901983,-5.695848099687325
71.5865249633789,2.0264673039517547,-5.097337556680779,1.8758361871667084,-5.698047125498628
71.63701510429382,2.0264673039517547,-5.097337556680779,1.870942598458217,-5.7001343918050456
71.6886055469513,2.0264673039517547,-5.097337556680779,1.865902454227057,-5.702147856137606
71.73930978775024,2.0264673039517547,-5.097337556680779,1.8609098829992206,-5.704009140900214
71.79206919670105,2.027587228943189,-5.313101025551732,1.8556742270836053,-5.705821998523589
71.85123705863953,2.027587228943189,-5.313101025551732,1.8497536294786752,-5.707704638244191
71.90332627296448,2.027587228943189,-5.313101025551732,1.8444988506929356,-5.709230297087997
71.95429921150208,2.027587228943189,-5.313101025551732,1.8393184860287604,-5.710603729228563
72.00700807571411,2.027587228943189,-5.313101025551732,1.83392229734565,-5.7118994891228585
72.07921957969666,2.027587228943189,-5.313101025551732,1.8264650635059743,-5.713469093501143
72.13481736183167,2.027587228943189,-5.313101025551732,1.8206732764536162,-5.714515483275369
72.18950772285461,2.027587228943189,-5.313101025551732,1.814933805502416,-5.715407087716348
72.24741792678833,2.027587228943189,-5.313101025551732,1.808811226835505,-5.716202201832277
72.34022307395935,2.027587228943189,-5.313101025551732,1.7989035461724718,-5.717156577378815
72.53332614898682,2.027587228943189,-5.313101025551732,1.7779176120477493,-5.717878174376898
72.6905198097229,2.027587228943189,-5.313101025551732,1.7604743131273521,-5.717202730291971
72.74514532089233,2.027587228943189,-5.313101025551732,1.7543389488926184,-5.716702308086797
72.79554867744446,2.027587228943189,-5.313101025551732,1.7486446294176383,-5.716118912482939
72.84595537185669,2.027587228943189,-5.313101025551732,1.7429184101248523,-5.715418658364271
72.90218305587769,2.027587228943189,-5.313101025551732,1.7364941133411027,-5.714499647863949
72.97245335578918,2.01487778366974,-5.423897310807205,1.7284114451824328,-5.713146609335619
73.02950191497803,2.01487778366974,-5.423897310807205,1.7218060527304582,-5.7118809829834625
73.10389995574951,2.01487778366974,-5.423897310807205,1.713134054014514,-5.710005297377263
73.15573978424072,2.01487778366974,-5.423897310807205,1.7070533123111256,-5.708547620535427
73.22384405136108,2.01487778366974,-5.423897310807205,1.6990177735781988,-5.706444421120214
73.27438569068909,2.01487778366974,-5.423897310807205,1.693020347772955,-5.704745417437952
73.32599759101868,2.01487778366974,-5.423897310807205,1.6868663292803956,-5.702888926979479
73.39092111587524,2.01487778366974,-5.423897310807205,1.679083139537271,-5.70037922108752
73.45111346244812,2.01487778366974,-5.423897310807205,1.6718259409450311,-5.697878793128433
73.51700949668884,2.01487778366974,-5.423897310807205,1.6638362802856559,-5.694949870111225
73.57383370399475,2.01487778366974,-5.423897310807205,1.6569094897335908,-5.692263382292227
73.62469434738159,2.01487778366974,-5.423897310807205,1.6506809427322364,-5.689732551001066
73.67524218559265,2.01487778366974,-5.423897310807205,1.6444641755861342,-5.687099092916404
73.7285144329071,1.978403207738045,-5.569480092307864,1.6378840765913518,-5.684196176451966
73.77906346321106,1.978403207738045,-5.569480092307864,1.631613866985848,-5.6813206560215495
73.82963848114014,1.978403207738045,-5.569480092307864,1.6253149629872872,-5.678325751184328
73.88023257255554,1.978403207738045,-5.569480092307864,1.6189885190163529,-5.675211725267159
73.93084573745728,1.978403207738045,-5.569480092307864,1.6126348347856532,-5.671978459117269
73.98137879371643,1.978403207738045,-5.569480092307864,1.6062667337948189,-5.668632519224342
74.03273868560791,1.978403207738045,-5.569480092307864,1.5997697167637785,-5.665111250203127
74.08415651321411,1.978403207738045,-5.569480092307864,1.593240751987724,-5.661464266580666
74.1350474357605,1.978403207738045,-5.569480092307864,1.5867547769331698,-5.657734736696465
74.18549466133118,1.978403207738045,-5.569480092307864,1.5803021996256612,-5.653920006070549
74.23634791374207,1.873922898114762,-5.718838000640789,1.573774693432302,-5.649955983591396
74.28792667388916,1.873922898114762,-5.718838000640789,1.5671308216148483,-5.645813818773545
74.34034013748169,1.873922898114762,-5.718838000640789,1.560355815713521,-5.641479222511171
74.40642261505127,1.873922898114762,-5.718838000640789,1.5517805833591805,-5.6358341148838615
74.56327319145203,1.873922898114762,-5.718838000640789,1.5312819252846603,-5.6216315142837825
74.64515566825867,1.873922898114762,-5.718838000640789,1.5205023541892855,-5.613768298200677
74.6965880393982,1.873922898114762,-5.718838000640789,1.513704788559917,-5.608671913534133
74.75004982948303,1.873922898114762,-5.718838000640789,1.5066176538944864,-5.603245859369251
74.82845783233643,1.873922898114762,-5.718838000640789,1.496184986043196,-5.595050998469669
74.89029812812805,1.873922898114762,-5.718838000640789,1.4879251392675177,-5.588389138752519
74.96667146682739,1.873922898114762,-5.718838000640789,1.4776866589316815,-5.579920192124175
75.0721390247345,1.873922898114762,-5.718838000640789,1.4634817525085382,-5.567786723688706
75.13682675361633,1.873922898114762,-5.718838000640789,1.4547325122518846,-5.560093475197192
75.2118821144104,1.873922898114762,-5.718838000640789,1.4445470879680204,-5.550928048418478
75.2668833732605,1.8035293678476765,-5.774723681993005,1.437060579503128,-5.54404858123608
75.35830163955688,1.8035293678476765,-5.774723681993005,1.4245762741558619,-5.532309550267766
75.42328929901123,1.8035293678476765,-5.774723681993005,1.415671278782199,-5.523733448271633
75.4771523475647,1.8035293678476765,-5.774723681993005,1.4082722569293586,-5.516480073740477
75.5552864074707,1.8035293678476765,-5.774723681993005,1.3975104490811259,-5.505724413801703
75.60760855674744,1.8035293678476765,-5.774723681993005,1.3902853713580137,-5.498367319659977
75.68244409561157,1.8035293678476765,-5.774723681993005,1.379926543688764,-5.487629314126408
75.73886132240295,1.8035293678476765,-5.774723681993005,1.372098403629035,-5.479366799083369
75.79624366760254,1.8035293678476765,-5.774723681993005,1.3641203059167162,-5.470815573567435
75.85775995254517,1.8035293678476765,-5.774723681993005,1.355550036155723,-5.46148343805054
75.91752457618713,1.8035293678476765,-5.774723681993005,1.3472071071562142,-5.452253860916984
75.99722361564636,1.8035293678476765,-5.774723681993005,1.336056770582505,-5.439695913620103
76.06481862068176,1.8035293678476765,-5.774723681993005,1.326578683116444,-5.428821701896552
76.1186728477478,1.8035293678476765,-5.774723681993005,1.3190139720507865,-5.420011439702984
76.26099133491516,1.7622697291558123,-5.812868863065994,1.2989692567225384,-5.396104561891379
76.32634043693542,1.7622697291558123,-5.812868863065994,1.2897406357709267,-5.384824294371115
76.37667536735535,1.7622697291558123,-5.812868863065994,1.282622421583612,-5.376006055250453
76.4279272556305,1.7622697291558123,-5.812868863065994,1.2753660587979199,-5.366911417459736
76.48284912109375,1.7622697291558123,-5.812868863065994,1.2675809947226586,-5.357036078867274
76.58273386955261,1.7622697291558123,-5.812868863065994,1.2533997867646727,-5.338733443428197
76.64777708053589,1.7622697291558123,-5.812868863065994,1.2441504701680826,-5.326577857751201
76.77828812599182,1.7622697291558123,-5.812868863065994,1.2255595930495264,-5.30162454898829
76.89292335510254,1.7622697291558123,-5.812868863065994,1.2091988522311266,-5.279088893189845
76.94470500946045,1.7622697291558123,-5.812868863065994,1.2018000719078898,-5.268720509606938
77.00509119033813,1.7622697291558123,-5.812868863065994,1.1931658189964982,-5.256481139744534
77.0744354724884,1.7622697291558123,-5.812868863065994,1.1832434060106782,-5.242229817400691
77.16924500465393,1.7622697291558123,-5.812868863065994,1.169666071943304,-5.222406274744261
77.26981544494629,1.7253106355733099,-5.847015806024298,1.1552519297579806,-5.2009518428670365
77.33811950683594,1.7253106355733099,-5.847015806024298,1.145456699506318,-5.186131206985964
77.41688203811646,1.7253106355733099,-5.847015806024298,1.1341572328267828,-5.168791479616285
77.46866202354431,1.7253106355733099,-5.847015806024298,1.1267267395654161,-5.157246592892017
77.54011058807373,1.7253106355733099,-5.847015806024298,1.1164719219508883,-5.141127456296815
77.60340595245361,1.7253106355733099,-5.847015806024298,1.1073861881852514,-5.126665140968928
77.66954708099365,1.7253106355733099,-5.847015806024298,1.0978915635600597,-5.111369804998505
77.72287726402283,1.7253106355733099,-5.847015806024298,1.0902361629560753,-5.098901327450507
77.7732880115509,1.7253106355733099,-5.847015806024298,1.083000380247789,-5.087004270570153
77.82382082939148,1.7253106355733099,-5.847015806024298,1.0757479369406129,-5.074970231637865
77.88834357261658,1.7253106355733099,-5.847015806024298,1.0664894394241156,-5.059447520719138
77.95925068855286,1.7253106355733099,-5.847015806024298,1.0563178823883776,-5.042186230519256
78.00973439216614,1.7253106355733099,-5.847015806024298,1.0490784688166874,-5.029767742584752
78.08629655838013,1.683526071049065,-5.866691330603904,1.0381040365992895,-5.010730089640358
78.14891600608826,1.683526071049065,-5.866691330603904,1.0291330245982253,-4.994976995277794
78.25563740730286,1.683526071049065,-5.866691330603904,1.013855819902047,-4.967752442873205
78.33639097213745,1.683526071049065,-5.866691330603904,1.0023075207298349,-4.946837846486382
78.39745998382568,1.683526071049065,-5.866691330603904,0.9935817786976373,-4.930842235439993
78.44807720184326,1.683526071049065,-5.866691330603904,0.9863547940992514,-4.917467638200008
78.50083756446838,1.683526071049065,-5.866691330603904,0.9788273713107736,-4.903414571141319
78.56066226959229,1.683526071049065,-5.866691330603904,0.9702993792181287,-4.8873417052154675
78.61110091209412,1.683526071049065,-5.866691330603904,0.9631157816768563,-4.873676779860046
78.66157650947571,1.683526071049065,-5.866691330603904,0.9559331337721408,-4.859897920599721
78.7133903503418,1.683526071049065,-5.866691330603904,0.9485668525955075,-4.845645898325132
78.81393194198608,1.683526071049065,-5.866691330603904,0.9342939587903281,-4.817680113962666
78.87115573883057,1.683526071049065,-5.866691330603904,0.9261835712530311,-4.8015808502171815
78.92158246040344,1.6571377301314594,-5.864700209151841,0.9190448842027401,-4.787284607482099
78.9719786643982,1.6571377301314594,-5.864700209151841,0.9119186550473668,-4.772895042952792
79.0224175453186,1.6571377301314594,-5.864700209151841,0.9047948498708172,-4.758391504320127
79.07295370101929,1.6571377301314594,-5.864700209151841,0.8976661064450837,-4.74375815551805
79.12330842018127,1.6571377301314594,-5.864700209151841,0.890572030048205,-4.729076243371022
79.18197178840637,1.6571377301314594,-5.864700209151841,0.8823192484815761,-4.711844896655299
79.25699925422668,1.6571377301314594,-5.864700209151841,0.8717836660156169,-4.689608581089249
79.30829000473022,1.6571377301314594,-5.864700209151841,0.8645942166525225,-4.674279626271789
79.35889768600464,1.6571377301314594,-5.864700209151841,0.8575111885432225,-4.65905359072806
79.4094021320343,1.6571377301314594,-5.864700209151841,0.850453491709434,-4.643758681399699
79.46705055236816,1.6571377301314594,-5.864700209151841,0.8424111487390373,-4.626178650563174
79.54926443099976,1.6571377301314594,-5.864700209151841,0.8309678628361596,-4.600883898850524
79.6004045009613,1.6571377301314594,-5.864700209151841,0.8238657150766815,-4.585017644728167
79.65118980407715,1.6571377301314594,-5.864700209151841,0.8168253565296366,-4.569161667207558
79.70197415351868,1.6000049143811799,-5.838632705031739,0.8097979173810097,-4.553206871202168
79.7535457611084,1.6000049143811799,-5.838632705031739,0.8026749428843867,-4.536903647052011
79.8040862083435,1.6000049143811799,-5.838632705031739,0.7957078044487975,-4.520827891018574
79.85600447654724,1.6000049143811799,-5.838632705031739,0.7885648767443545,-4.504212686600988
79.91023707389832,1.6000049143811799,-5.838632705031739,0.7811192052117386,-4.486747703028106
79.96076726913452,1.6000049143811799,-5.838632705031739,0.77419656648815,-4.470375036031957
80.01204347610474,1.6000049143811799,-5.838632705031739,0.7671865604477264,-4.453662386068604
80.06276082992554,1.6000049143811799,-5.838632705031739,0.7602679623005382,-4.437034856850605
80.11459875106812,1.6000049143811799,-5.838632705031739,0.7532122402067358,-4.419940591123126
80.16529107093811,1.6000049143811799,-5.838632705031739,0.7463281399285109,-4.403127310314076
80.21602058410645,1.6000049143811799,-5.838632705031739,0.7394548253168667,-4.386206225217075
80.26682877540588,1.6000049143811799,-5.838632705031739,0.7325870299544284,-4.369163520424161
80.31856322288513,1.3909149035731803,-5.594544980446401,0.7256109785918206,-4.351712407482472
80.36936259269714,1.3909149035731803,-5.594544980446401,0.718777958826605,-4.334481138285578
80.42052507400513,1.3909149035731803,-5.594544980446401,0.7119133688078847,-4.317031340886281
80.47170615196228,1.3909149035731803,-5.594544980446401,0.7050639290368768,-4.299479815520077
80.52284693717957,1.3909149035731803,-5.594544980446401,0.6982378112890069,-4.281847186994949
80.57347917556763,1.3909149035731803,-5.594544980446401,0.6914975244189381,-4.2642967902020885
80.6243417263031,1.3909149035731803,-5.594544980446401,0.6847448560152785,-4.246573652331286
80.67496180534363,1.3909149035731803,-5.594544980446401,0.6780428586293357,-4.228842915123564
80.72561526298523,1.3909149035731803,-5.594544980446401,0.6713551852717419,-4.211008894395385
80.77636480331421,1.3909149035731803,-5.594544980446401,0.6646739183239174,-4.1930495329765805
80.82766485214233,1.3909149035731803,-5.594544980446401,0.6579398925652049,-4.174802643273131
80.87830448150635,1.3909149035731803,-5.594544980446401,0.6513122894610537,-4.156699615206845
80.9314398765564,1.3909149035731803,-5.594544980446401,0.6443794349844265,-4.137607545718208
80.98209714889526,1.3909149035731803,-5.594544980446401,0.6377906048735666,-4.119313948336555
81.03267788887024,1.0782275636652061,-5.061818448345711,0.6312321668753915,-4.100958831637669
81.08337807655334,1.0782275636652061,-5.061818448345711,0.6246790177640891,-4.082471346786049
81.13397645950317,1.0782275636652061,-5.061818448345711,0.6181600462818571,-4.063932510278192
81.18630933761597,1.0782275636652061,-5.061818448345711,0.6114399935771573,-4.044665598336513
81.23694086074829,1.0782275636652061,-5.061818448345711,0.6049603635949203,-4.025935868811606
81.2877345085144,1.0782275636652061,-5.061818448345711,0.5984819606534932,-4.007058426148273
81.34037685394287,1.0782275636652061,-5.061818448345711,0.5917912920702479,-3.9874016037473092
81.39281225204468,1.0782275636652061,-5.061818448345711,0.5851510322616447,-3.967729084182845
81.44339227676392,1.0782275636652061,-5.061818448345711,0.5787688135116587,-3.9486651490776783
81.49530482292175,1.0782275636652061,-5.061818448345711,0.5722423149877252,-3.929010044341976
81.54589939117432,1.0782275636652061,-5.061818448345711,0.5659050469043372,-3.9097676736503266
81.60721278190613,1.0782275636652061,-5.061818448345711,0.5582567070463145,-3.886335106661293
81.69348573684692,1.0782275636652061,-5.061818448345711,0.5475542368888511,-3.8531541519085586
81.78580284118652,1.0782275636652061,-5.061818448345711,0.5361801992781823,-3.817379510159233
81.86376070976257,0.8947769124574835,-4.7101184407227175,0.5266394549708022,-3.7869545055276674
81.93492603302002,0.8947769124574835,-4.7101184407227175,0.517982154780372,-3.759010072096062
82.04048943519592,0.8947769124574835,-4.7101184407227175,0.505233580016974,-3.7172615968907587
82.10846829414368,0.8947769124574835,-4.7101184407227175,0.4970839182591149,-3.6901909258446493
82.16338968276978,0.8947769124574835,-4.7101184407227175,0.49053445964975273,-3.668214319812544
82.21384000778198,0.8947769124574835,-4.7101184407227175,0.48454589650776114,-3.6479440503432685
82.27310061454773,0.8947769124574835,-4.7101184407227175,0.4775457780056942,-3.624033322575163
82.35406160354614,0.8947769124574835,-4.7101184407227175,0.4680428136789274,-3.5911923670084303
82.45369744300842,0.8947769124574835,-4.7101184407227175,0.45644512903217693,-3.5505020480773917
82.5117769241333,0.8947769124574835,-4.7101184407227175,0.4497348548473905,-3.526644638969897
82.5673975944519,0.8947769124574835,-4.7101184407227175,0.4433437617510081,-3.503702517552944
82.61868405342102,0.8947769124574835,-4.7101184407227175,0.4374814071717492,-3.4824665417907337
82.6695818901062,0.8947769124574835,-4.7101184407227175,0.4316928680727323,-3.4613145405956747
82.7203631401062,0.8947769124574835,-4.7101184407227175,0.42594701542732993,-3.440135059679907
82.7789843082428,0.8947769124574835,-4.7101184407227175,0.41935095207649065,-3.415592044597445
82.8996376991272,0.8130119277865986,-4.540223500836686,0.4059008891883584,-3.364764715150648
82.96280884742737,0.8130119277865986,-4.540223500836686,0.39892720307265206,-3.337986281632798
83.01364302635193,0.8130119277865986,-4.540223500836686,0.39335000352378424,-3.316355233129655
83.06803011894226,0.8130119277865986,-4.540223500836686,0.38741742118037203,-3.2931316521368172
83.12431597709656,0.8130119277865986,-4.540223500836686,0.3813154868607094,-3.269010051035499
83.18857049942017,0.8130119277865986,-4.540223500836686,0.37439702971422584,-3.2413657779083196
83.24243950843811,0.8130119277865986,-4.540223500836686,0.36863604170163367,-3.2181018883191403
83.29575371742249,0.8130119277865986,-4.540223500836686,0.3629699046187205,-3.1949993505551904
83.35007238388062,0.8130119277865986,-4.540223500836686,0.3572336280174766,-3.171382070320283
83.43911385536194,0.8130119277865986,-4.540223500836686,0.3479111381094846,-3.1324956004865383
83.4905264377594,0.8130119277865986,-4.540223500836686,0.34257435760779886,-3.1099460833101187
83.5438985824585,0.8130119277865986,-4.540223500836686,0.3370701233356739,-3.0864630656669716
83.5946192741394,0.8130119277865986,-4.540223500836686,0.3318735046391401,-3.064077260248837
83.64674687385559,0.7289827016856096,-4.343381914372612,0.3265676743760779,-3.0410005627412753
83.7353630065918,0.7289827016856096,-4.343381914372612,0.3176297712288889,-3.0016092816341136
83.78937840461731,0.7289827016856096,-4.343381914372612,0.31223274870628703,-2.9774999068978194
83.84002828598022,0.7289827016856096,-4.343381914372612,0.3072073804926294,-2.954825450289249
83.89325833320618,0.7289827016856096,-4.343381914372612,0.3019631564019538,-2.930926325447744
83.96954083442688,0.7289827016856096,-4.343381914372612,0.29451464122556725,-2.8965539124356505
84.0212631225586,0.7289827016856096,-4.343381914372612,0.2895093866081284,-2.8731663442514863
84.07539796829224,0.7289827016856096,-4.343381914372612,0.28430998113890293,-2.8486177072362464
84.12664079666138,0.7289827016856096,-4.343381914372612,0.2794256088153859,-2.825314939280155
84.1816029548645,0.7289827016856096,-4.343381914372612,0.2742272450112595,-2.8002505043715726
84.2321503162384,0.7289827016856096,-4.343381914372612,0.26948367869896694,-2.777135662244988
84.2827467918396,0.7289827016856096,-4.343381914372612,0.26477144226923155,-2.753937759010878
84.33353734016418,0.7289827016856096,-4.343381914372612,0.260077491587106,-2.7305903990236597
84.39305353164673,0.6342694856920201,-4.085916699210051,0.25462375529060166,-2.703155623388701
84.46352624893188,0.6342694856920201,-4.085916699210051,0.2482314837523547,-2.670564732688919
84.51830840110779,0.6342694856920201,-4.085916699210051,0.24331177781107138,-2.6451518737042505
84.56895542144775,0.6342694856920201,-4.085916699210051,0.2388020526995147,-2.621596982802065
84.6198787689209,0.6342694856920201,-4.085916699210051,0.234305332046977,-2.5978557205851134
84.67084860801697,0.6342694856920201,-4.085916699210051,0.22984245785825674,-2.5740352089581613
84.73700761795044,0.6342694856920201,-4.085916699210051,0.22410656789739303,-2.543031061761438
84.83219814300537,0.6342694856920201,-4.085916699210051,0.2159672938175463,-2.4982554382836257
84.88456583023071,0.6342694856920201,-4.085916699210051,0.21154712735549186,-2.4735401469892615
84.94397473335266,0.6342694856920201,-4.085916699210051,0.20658239538618073,-2.4454316092274606
85.03450632095337,0.6342694856920201,-4.085916699210051,0.19911910754618978,-2.402456329508559
85.08615350723267,0.6342694856920201,-4.085916699210051,0.19491707577129347,-2.377863917550891
85.14579200744629,0.6342694856920201,-4.085916699210051,0.19011549066153233,-2.349398982192091
85.2229254245758,0.5362129755829953,-3.77589727692307,0.1839862601170017,-2.3124781345665344
85.27376461029053,0.5362129755829953,-3.77589727692307,0.1799965903987255,-2.2880789546066707
85.324533700943,0.5362129755829953,-3.77589727692307,0.1760523794180573,-2.263662989472367
85.378910779953,0.5362129755829953,-3.77589727692307,0.171872340438048,-2.2374565801521342
85.43281531333923,0.5362129755829953,-3.77589727692307,0.16777422020249633,-2.211422103753529
85.49235224723816,0.5362129755829953,-3.77589727692307,0.16330088214210514,-2.1826035266305794
85.54491806030273,0.5362129755829953,-3.77589727692307,0.15939775193374217,-2.157104293986155
85.5957932472229,0.5362129755829953,-3.77589727692307,0.1556617892555927,-2.132376645437631
85.6472384929657,0.5362129755829953,-3.77589727692307,0.15192577065508628,-2.1073239467150566
85.69962096214294,0.5362129755829953,-3.77589727692307,0.1481650478751222,-2.0817658515694806
85.75008702278137,0.5362129755829953,-3.77589727692307,0.144583442908234,-2.0570965986845997
85.80053687095642,0.5362129755829953,-3.77589727692307,0.14104387552226605,-2.032390495283747
85.85128808021545,0.5362129755829953,-3.77589727692307,0.13752455843459455,-2.007492180556982
85.90209007263184,0.5362129755829953,-3.77589727692307,0.13404344487274455,-1.9825246669374634
85.95315957069397,0.3851403165768538,-3.100608343372638,0.13058622288173094,-1.957381578532664
86.00463390350342,0.3851403165768538,-3.100608343372638,0.1271445791714667,-1.9319949948892485
86.05793333053589,0.3851403165768538,-3.100608343372638,0.12362653897373344,-1.9056621591268956
86.1085295677185,0.3851403165768538,-3.100608343372638,0.1203300220913226,-1.8806219909640425
86.16045379638672,0.3851403165768538,-3.100608343372638,0.11699077107249378,-1.854881780869924
86.21099138259888,0.3851403165768538,-3.100608343372638,0.11378342669698416,-1.8297878741918734
86.26195669174194,0.3851403165768538,-3.100608343372638,0.11059176169662388,-1.8044410937103987
86.31256532669067,0.3851403165768538,-3.100608343372638,0.10746511873247844,-1.7792320141970732
86.36309671401978,0.3851403165768538,-3.100608343372638,0.10438581490231735,-1.7540225075126805
86.41500043869019,0.3851403165768538,-3.100608343372638,0.10126729807490253,-1.728088460633278
86.46708583831787,0.3851403165768538,-3.100608343372638,0.09818324677506807,-1.702023588099109
86.51831483840942,0.3851403165768538,-3.100608343372638,0.09519437933400487,-1.6763487275075146
86.5687963962555,0.3851403165768538,-3.100608343372638,0.09229238912212612,-1.6510116308872904
86.61976552009583,0.3851403165768538,-3.100608343372638,0.08940606708442678,-1.6253932855505926
86.67136073112488,0.2636551761956413,-2.378034053159282,0.08652913165754184,-1.5994234416634883
86.7227668762207,0.2636551761956413,-2.378034053159282,0.08370772706905871,-1.573512512289284
86.77535200119019,0.2636551761956413,-2.378034053159282,0.08086820192048894,-1.5469704983016697
86.82640647888184,0.2636551761956413,-2.378034053159282,0.07815652606921031,-1.5211660232149848
86.87737488746643,0.2636551761956413,-2.378034053159282,0.07549395194480413,-1.4953711871196123
86.92982697486877,0.2636551761956413,-2.378034053159282,0.07280044197876467,-1.4687907464668748
86.98087120056152,0.2636551761956413,-2.378034053159282,0.07022469431104739,-1.4428905218949435
87.03162908554077,0.2636551761956413,-2.378034053159282,0.06770797386405158,-1.4171036644669397
87.0826907157898,0.2636551761956413,-2.378034053159282,0.06522115049145638,-1.3911309472290458
87.13396739959717,0.2636551761956413,-2.378034053159282,0.06276933478694557,-1.3650175834030511
87.18463921546936,0.2636551761956413,-2.378034053159282,0.060391315400589285,-1.3391820578273388
87.23551750183105,0.2636551761956413,-2.378034053159282,0.05804858620943998,-1.3132116308064061
87.28679537773132,0.2636551761956413,-2.378034053159282,0.05573315944820312,-1.2870077770232533
87.33788013458252,0.2636551761956413,-2.378034053159282,0.053472170993031476,-1.2608737858359684
87.39048624038696,0.15338162555743412,-1.6586365097749352,0.051191638473389034,-1.2339320494414698
87.44269466400146,0.15338162555743412,-1.6586365097749352,0.0489763872401352,-1.2071650587715363
87.49734330177307,0.15338162555743412,-1.6586365097749352,0.04670896737649333,-1.1791167977167971
87.54891562461853,0.15338162555743412,-1.6586365097749352,0.044617473821967124,-1.1526197652025596
87.59961891174316,0.15338162555743412,-1.6586365097749352,0.04260702184097287,-1.1265436210108644
87.65063381195068,0.15338162555743412,-1.6586365097749352,0.04063012646295894,-1.1002821755451495
87.70322513580322,0.15338162555743412,-1.6586365097749352,0.038640439011194516,-1.073183540854946
87.75576877593994,0.15338162555743412,-1.6586365097749352,0.036701607029567374,-1.0460840765526067
87.8076982498169,0.15338162555743412,-1.6586365097749352,0.03483369403133629,-1.0192770515648548
87.85928750038147,0.15338162555743412,-1.6586365097749352,0.033025601157596896,-0.9926223323315866
87.9281713962555,0.15338162555743412,-1.6586365097749352,0.030685440216509985,-0.956996765101145
87.99421525001526,0.15338162555743412,-1.6586365097749352,0.02852145181239285,-0.9228034582663717
88.05277156829834,0.15338162555743412,-1.6586365097749352,0.026668169209447257,-0.8924578292864496
88.13458514213562,0.15338162555743412,-1.6586365097749352,0.0241818958357638,-0.8500158745508043
88.18633270263672,0.10503653924206745,-1.2690701245388347,0.02267146396354569,-0.8231457611381244
88.23693537712097,0.10503653924206745,-1.2690701245388347,0.02124109718933065,-0.796851859014255
88.28745675086975,0.10503653924206745,-1.2690701245388347,0.01985910192933238,-0.770582754126182
88.33792066574097,0.10503653924206745,-1.2690701245388347,0.018524692465410553,-0.7443266948690312
88.38883590698242,0.10503653924206745,-1.2690701245388347,0.017225010366421767,-0.7178193482470048
88.43944811820984,0.10503653924206745,-1.2690701245388347,0.01597956835370029,-0.691453953727357
88.50181937217712,0.10503653924206745,-1.2690701245388347,0.014508616770289695,-0.6589421035330658
88.57956266403198,0.10503653924206745,-1.2690701245388347,0.01277396374394879,-0.618386731401424
88.63001036643982,0.10503653924206745,-1.2690701245388347,0.011707092099686012,-0.592053035199209
88.68076705932617,0.10503653924206745,-1.2690701245388347,0.010680401170645837,-0.5655450107249855
88.73430252075195,0.10503653924206745,-1.2690701245388347,0.009648324641815531,-0.537572231733205
88.80265784263611,0.10503653924206745,-1.2690701245388347,0.008406459999912741,-0.5018368292377277
88.87411165237427,0.10503653924206745,-1.2690701245388347,0.007199416852957885,-0.46446010387525705
88.92485117912292,0.10503653924206745,-1.2690701245388347,0.006398893986860887,-0.4379063580575045
88.97699642181396,0.06883496278784855,-0.9044001499895185,0.00562521021149287,-0.41060688663160433
89.03781270980835,0.06883496278784855,-0.9044001499895185,0.004785684791593692,-0.37875583564598037
89.08833003044128,0.06883496278784855,-0.9044001499895185,0.004139785687650832,-0.35228944236503645
89.1392297744751,0.06883496278784855,-0.9044001499895185,0.0035362535751857216,-0.32561489972903407
89.19429898262024,0.06883496278784855,-0.9044001499895185,0.002936734010458686,-0.29674717768947123
89.27277112007141,0.06883496278784855,-0.9044001499895185,0.0021784741970920507,-0.2555983034964969
89.32537245750427,0.06883496278784855,-0.9044001499895185,0.0017334187661872669,-0.22800775657714636
89.3788652420044,0.06883496278784855,-0.9044001499895185,0.0013328839971857853,-0.1999440821984185
89.45111417770386,0.06883496278784855,-0.9044001499895185,0.000875281909154868,-0.16203279420036137
89.50168538093567,0.06883496278784855,-0.9044001499895185,0.0006119992011033304,-0.13549207807159253
89.55374503135681,0.06883496278784855,-0.9044001499895185,0.00039002939905730116,-0.10816709911866978
89.60706377029419,0.06883496278784855,-0.9044001499895185,0.0002142948594130445,-0.08017865156483045
89.68935418128967,0.06883496278784855,-0.9044001499895185,4.558089951345323e-05,-0.036978596475216605
89.74851155281067,0.06883496278784855,-0.9044001499895185,1.168702029819002e-06,-0.00592123754482151
89.7998616695404,0.045345372229929744,-0.5333965118255428,1.4752617346402985e-05,0.0210375243836464
89.86454153060913,0.045345372229929744,-0.5333965118255428,0.00010081169863429551,0.05499363730106005
89.93429064750671,0.045345372229929744,-0.5333965118255428,0.00027975211402564426,0.09160879927824564
90.00339674949646,0.045345372229929744,-0.5333965118255428,0.000545181885114765,0.12788264294993257
90.05418825149536,0.045345372229929744,-0.5333965118255428,0.000796191522373757,0.15453988433775068
90.10595846176147,0.045345372229929744,-0.5333965118255428,0.0011007863214396174,0.1817072657360998
90.15743780136108,0.045345372229929744,-0.5333965118255428,0.001452456591395368,0.2087178676666055
90.2163257598877,0.045345372229929744,-0.5333965118255428,0.0019143732984101547,0.23960983250257134
90.27475309371948,0.045345372229929744,-0.5333965118255428,0.002435547143861516,0.27025311968350396
90.34685015678406,0.045345372229929744,-0.5333965118255428,0.0031649274910177105,0.30805474734871807
90.42053437232971,0.045345372229929744,-0.5333965118255428,0.004008782681900858,0.34667434466860003
90.47618103027344,0.039698874484524846,-0.38079526431409233,0.00471196092216708,0.37582944283324304
90.5268931388855,0.039698874484524846,-0.38079526431409233,0.005402136554587766,0.4023904992560338
90.57893824577332,0.039698874484524846,-0.38079526431409233,0.0061593581946199905,0.42964049800760973
90.62935590744019,0.039698874484524846,-0.38079526431409233,0.006940110367036567,0.4560288834029175
90.6798894405365,0.039698874484524846,-0.38079526431409233,0.0077692440387191475,0.4824679418816577
90.7305805683136,0.039698874484524846,-0.38079526431409233,0.008647788587802019,0.5089788403316959
90.7812442779541,0.039698874484524846,-0.38079526431409233,0.009572682033206714,0.5354641955139015
90.87711715698242,0.039698874484524846,-0.38079526431409233,0.011450863563952751,0.5855507264063495
90.94152402877808,0.039698874484524846,-0.38079526431409233,0.012806534397823643,0.6191729132272987
90.99395418167114,0.039698874484524846,-0.38079526431409233,0.013965772426464351,0.6465267146734623
91.04545474052429,0.039698874484524846,-0.38079526431409233,0.01515303765735787,0.6733807000287149
91.1507773399353,0.039698874484524846,-0.38079526431409233,0.01773078539456785,0.728250828945334
91.20193600654602,0.039698874484524846,-0.38079526431409233,0.019055329673297816,0.7548783987546754
91.25262212753296,0.039698874484524846,-0.38079526431409233,0.020414282579672705,0.7812433138653971
91.30393648147583,0.03368396256474182,-0.030998871741438172,0.02183731558502222,0.8079174833494078
91.35925626754761,0.03368396256474182,-0.030998871741438172,0.023424594415007327,0.8366533093555943
91.46615219116211,0.03368396256474182,-0.030998871741438172,0.026647741652096713,0.8921174892582211
91.51737952232361,0.03368396256474182,-0.030998871741438172,0.028265095576368804,0.9186667460698854
91.5731840133667,0.03368396256474182,-0.030998871741438172,0.03008048765674154,0.947564644659068
91.62747001647949,0.03368396256474182,-0.030998871741438172,0.03189995710233662,0.975651947362722
91.68493700027466,0.03368396256474182,-0.030998871741438172,0.03388340962642644,1.0053582104050904
91.735671043396,0.03368396256474182,-0.030998871741438172,0.035683432303936335,1.0315604118404376
91.78613424301147,0.03368396256474182,-0.030998871741438172,0.0375193111065899,1.057600163299443
91.83666443824768,0.03368396256474182,-0.030998871741438172,0.0394029865065586,1.0836513616164758
91.889808177948,0.03368396256474182,-0.030998871741438172,0.041432977454633146,1.1110244015014055
91.94050621986389,0.03368396256474182,-0.030998871741438172,0.043416177712364945,1.137112673884295
91.99176621437073,0.03368396256474182,-0.030998871741438172,0.04546756795686502,1.1634646553376085
92.04643845558167,0.03980307941381474,0.3278332508017311,0.047706621859266996,1.1915419413224089
92.11156463623047,0.03980307941381474,0.3278332508017311,0.050442511286707514,1.2249480346922073
92.16299676895142,0.03980307941381474,0.3278332508017311,0.052655801749483366,1.2512984522211101
92.21359872817993,0.03980307941381474,0.3278332508017311,0.05487863541629734,1.2771958752670365
92.26411890983582,0.03980307941381474,0.3278332508017311,0.057142576755710994,1.3030235003953314
92.31469821929932,0.03980307941381474,0.3278332508017311,0.05945381745224276,1.3288528170806682
92.36737370491028,0.03980307941381474,0.3278332508017311,0.06190823331787909,1.355721626119506
92.419358253479,0.03980307941381474,0.3278332508017311,0.06437775457435224,1.382206416359835
92.47005033493042,0.03980307941381474,0.3278332508017311,0.06683102450984624,1.4080019258625645
92.52101731300354,0.03980307941381474,0.3278332508017311,0.06934243772900173,1.4339060822725882
92.57562708854675,0.03980307941381474,0.3278332508017311,0.07208312838839293,1.4616262907833466
92.62629532814026,0.03980307941381474,0.3278332508017311,0.07467194845708258,1.487312388565102
92.67684197425842,0.03980307941381474,0.3278332508017311,0.07729851073505722,1.5129042681668408
92.72819495201111,0.03980307941381474,0.3278332508017311,0.08001182002518226,1.538870499845979
92.77960705757141,0.09412110409345949,1.002636690178087,0.08277341972223518,1.5648318237615766
92.83025074005127,0.09412110409345949,1.002636690178087,0.08553781412858807,1.5903705028924746
92.88084816932678,0.09412110409345949,1.002636690178087,0.08834324871142396,1.6158509864644797
92.93149042129517,0.09412110409345949,1.002636690178087,0.09119465620519573,1.641318583545934
92.98423552513123,0.09412110409345949,1.002636690178087,0.09421059263730447,1.6678053736170895
93.03588438034058,0.09412110409345949,1.002636690178087,0.09720932765610968,1.693703184544693
93.08672642707825,0.09412110409345949,1.002636690178087,0.10020504880486669,1.7191586796621063
93.1402633190155,0.09412110409345949,1.002636690178087,0.1034064215301087,1.7459223047999752
93.19647645950317,0.09412110409345949,1.002636690178087,0.1068194094114494,1.7739777127782959
93.24792003631592,0.09412110409345949,1.002636690178087,0.10998897298254873,1.7996106629376811
93.29855036735535,0.09412110409345949,1.002636690178087,0.11315137056267988,1.824798607538895
93.34991312026978,0.09412110409345949,1.002636690178087,0.11640290813518739,1.8503100243673543
93.40171337127686,0.09412110409345949,1.002636690178087,0.11972626668209863,1.8759964434041203
93.4532630443573,0.09412110409345949,1.002636690178087,0.12307739854430988,1.9015158564859844
93.50487041473389,0.09412110409345949,1.002636690178087,0.12647595457951244,1.9270205342312527
93.56291103363037,0.18699015380855555,1.7416082983333225,0.13035019371426948,1.9556520840576281
93.61391186714172,0.18699015380855555,1.7416082983333225,0.133799828303657,1.9807644107760627
93.66630959510803,0.18699015380855555,1.7416082983333225,0.1373879254935373,2.006518659401752
93.72116327285767,0.18699015380855555,1.7416082983333225,0.14119178594595017,2.0334295574665964
93.79470419883728,0.18699015380855555,1.7416082983333225,0.14636757884651663,2.06942609716312
93.86972117424011,0.18699015380855555,1.7416082983333225,0.15173659201879763,2.106046521554452
93.92692852020264,0.18699015380855555,1.7416082983333225,0.15589129702352844,2.133904959585411
94.06448078155518,0.18699015380855555,1.7416082983333225,0.16609336640666994,2.200643381825768
94.16801333427429,0.18699015380855555,1.7416082983333225,0.17396854168482978,2.2506417716160465
94.29114603996277,0.18699015380855555,1.7416082983333225,0.18355202547168714,2.3098367896033127
94.35239386558533,0.18699015380855555,1.7416082983333225,0.1884062739799397,2.3391702124799094
94.40318489074707,0.18699015380855555,1.7416082983333225,0.1924754658469654,2.363438741667903
94.45382142066956,0.23935333043966903,2.110698674500657,0.19657154651107422,2.387581607283453
94.53275346755981,0.23935333043966903,2.110698674500657,0.20303429168837273,2.4251109451247856
94.66167378425598,0.23935333043966903,2.110698674500657,0.21379222920297902,2.4861295130616314
94.7400815486908,0.23935333043966903,2.110698674500657,0.2204567484740041,2.5230682712750805
94.79332041740417,0.23935333043966903,2.110698674500657,0.22503399866622686,2.5480743201712226
94.84490060806274,0.23935333043966903,2.110698674500657,0.2295085592491688,2.57224250167495
94.89867997169495,0.23935333043966903,2.110698674500657,0.23421552004895618,2.5973789078729173
94.96736884117126,0.23935333043966903,2.110698674500657,0.24028886288914064,2.6293906758280796
95.01792192459106,0.23935333043966903,2.110698674500657,0.2448024579011392,2.6528828827943074
95.078293800354,0.23935333043966903,2.110698674500657,0.2502410689602863,2.6808620812915582
95.1516056060791,0.23935333043966903,2.110698674500657,0.25691569952493154,2.7147260945467506
95.23408818244934,0.23935333043966903,2.110698674500657,0.2645168010045005,2.752677377886493
95.29749941825867,0.23935333043966903,2.110698674500657,0.2704257873974316,2.781745207747524
95.34871864318848,0.23935333043966903,2.110698674500657,0.27523986482302076,2.8051546010779407
95.41869974136353,0.23935333043966903,2.110698674500657,0.28187649241280965,2.837037435767929
95.49114394187927,0.2878220450728988,2.451361174549754,0.2888181227615103,2.8699176379307656
95.5538158416748,0.2878220450728988,2.451361174549754,0.2948815287569633,2.8982589603841467
95.62071585655212,0.2878220450728988,2.451361174549754,0.3014130769814676,2.928405218189777
95.68068385124207,0.2878220450728988,2.451361174549754,0.3073193125858058,2.955332890334978
95.73717546463013,0.2878220450728988,2.451361174549754,0.31292734738528294,2.9806167241822146
95.78945183753967,0.2878220450728988,2.451361174549754,0.3181548582901397,3.0039417680757707
95.84722852706909,0.2878220450728988,2.451361174549754,0.3239745180572471,3.0296396004355044
95.90378046035767,0.2878220450728988,2.451361174549754,0.329713357121002,3.0547092661886657
95.9541974067688,0.2878220450728988,2.451361174549754,0.33486486650201996,3.0769891368689164
96.02589654922485,0.2878220450728988,2.451361174549754,0.34224773408993503,3.108559043809753
96.10430312156677,0.2878220450728988,2.451361174549754,0.35039693328574373,3.1429265019959485
96.17050623893738,0.2878220450728988,2.451361174549754,0.3573387300551034,3.1718168938889657
96.23301124572754,0.2878220450728988,2.451361174549754,0.36394351318077955,3.198984888946552
96.29006266593933,0.2878220450728988,2.451361174549754,0.37001469516887875,3.2236896406403694
96.38631916046143,0.3478129999017681,2.7767263248761465,0.3803493127932609,3.265168465343401
96.44979977607727,0.3478129999017681,2.7767263248761465,0.38722709024315227,3.2923828810920677
96.51604509353638,0.3478129999017681,2.7767263248761465,0.39445651093723155,3.320662190797557
96.59941101074219,0.3478129999017681,2.7767263248761465,0.4036291481204124,3.3560738339844933
96.655193567276,0.3478129999017681,2.7767263248761465,0.4098129151261638,3.379658172174198
96.7081446647644,0.3478129999017681,2.7767263248761465,0.41571665343168007,3.4019626929938154
96.76018118858337,0.3478129999017681,2.7767263248761465,0.42155027595189853,3.42380298117629
96.82433366775513,0.3478129999017681,2.7767263248761465,0.42878524730652234,3.4506199637511115
96.88009905815125,0.3478129999017681,2.7767263248761465,0.43511263107592457,3.473832970373845
96.93054819107056,0.3478129999017681,2.7767263248761465,0.44086720648281297,3.4947539610769893
96.98415994644165,0.3478129999017681,2.7767263248761465,0.447013901776697,3.516903649727543
97.04008460044861,0.3839908892783863,2.933917042609566,0.4534599121398606,3.5399174078157007
97.09216928482056,0.3839908892783863,2.933917042609566,0.4594943804825027,3.5612664156020646
97.14351391792297,0.3839908892783863,2.933917042609566,0.4654721608044605,3.582231789581153
97.19405937194824,0.3839908892783863,2.933917042609566,0.47138481918469965,3.6027925226715416
97.24930262565613,0.3839908892783863,2.933917042609566,0.47787840236758106,3.625174828993134
97.29986095428467,0.3839908892783863,2.933917042609566,0.48384975616448544,3.6455767143014235
97.35123062133789,0.3839908892783863,2.933917042609566,0.4899445279266472,3.6662250020080838
97.40522813796997,0.3839908892783863,2.933917042609566,0.4963807746519233,3.6878410609186876
97.45908427238464,0.3839908892783863,2.933917042609566,0.502830179880049,3.7093096556598026
97.51626324653625,0.3839908892783863,2.933917042609566,0.5097099599456287,3.7320029361577256
97.58355784416199,0.4641261410164834,3.254957843488424,0.5178491791939606,3.758578312263554
97.63965225219727,0.4641261410164834,3.254957843488424,0.5246683034887707,3.7806203576576842
97.71306371688843,0.4641261410164834,3.254957843488424,0.5336394185657207,3.809314611658239
97.77388763427734,0.4641261410164834,3.254957843488424,0.5411119971248164,3.832957029263019
97.824547290802,0.4641261410164834,3.254957843488424,0.5473629444686297,3.852556876614689
97.87568545341492,0.4641261410164834,3.254957843488424,0.5536976335203148,3.872256886496528
97.95289349555969,0.4641261410164834,3.254957843488424,0.5633081091364851,3.9018371503773066
98.0064742565155,0.4641261410164834,3.254957843488424,0.5700099560352201,3.922249524415071
98.05696058273315,0.4641261410164834,3.254957843488424,0.5763486985251745,3.941395781996004
98.10763597488403,0.4641261410164834,3.254957843488424,0.5827342670196836,3.9605282016384384
98.1582396030426,0.4641261410164834,3.254957843488424,0.5891336028773897,3.9795476099782165
98.20883965492249,0.4641261410164834,3.254957843488424,0.5955550052381824,3.998479429000935
98.26010346412659,0.4641261410164834,3.254957843488424,0.6020833241630703,4.017571238336142
98.31093287467957,0.4641261410164834,3.254957843488424,0.6085785839559841,4.036413065761334
98.3616898059845,0.5998763427965559,3.7218999077556907,0.6150864203031192,4.055139990045312
98.41224217414856,0.5998763427965559,3.7218999077556907,0.6215894415280907,4.073703607660185
98.46268224716187,0.5998763427965559,3.7218999077556907,0.6280990390576786,4.092138240274844
98.51307082176208,0.5998763427965559,3.7218999077556907,0.6346226802650201,4.1104661536252936
98.56377911567688,0.5998763427965559,3.7218999077556907,0.641208310652158,4.128821285314777
98.61420798301697,0.5998763427965559,3.7218999077556907,0.647777862022688,4.146986274805241
98.66671371459961,0.5998763427965559,3.7218999077556907,0.6546390893544087,4.165804658501245
98.71725821495056,0.5998763427965559,3.7218999077556907,0.6612640889585013,4.183828459478145
98.76787853240967,0.5998763427965559,3.7218999077556907,0.6679184580941802,4.20178879440268
98.81845712661743,0.5998763427965559,3.7218999077556907,0.6745864794049337,4.219643496241293
98.87114453315735,0.5998763427965559,3.7218999077556907,0.6815525488001608,4.238145680512035
98.92686176300049,0.5998763427965559,3.7218999077556907,0.6889410902681343,4.257603766799418
98.97755765914917,0.5998763427965559,3.7218999077556907,0.6956829903097952,4.275211322031552
99.02865862846375,0.5998763427965559,3.7218999077556907,0.702496993946689,4.292865713356038
99.07969284057617,0.5998763427965559,3.7218999077556907,0.7093200685742465,4.310402630245768
99.13063955307007,0.7877278446708283,4.26681068787779,0.7161490609318455,4.327815006156474
99.18155646324158,0.7877278446708283,4.26681068787779,0.7229913452938441,4.345122523655391
99.23219060897827,0.7877278446708283,4.26681068787779,0.7298124730097499,4.362239709967773
99.28381967544556,0.7877278446708283,4.26681068787779,0.7367846167683418,4.379596130130222
99.33454442024231,0.7877278446708283,4.26681068787779,0.7436510396298674,4.396552694071022
99.38631463050842,0.7877278446708283,4.26681068787779,0.7506754337805674,4.413760421683127
99.4379072189331,0.7877278446708283,4.26681068787779,0.7576919457582374,4.43080993321609
99.48852586746216,0.7877278446708283,4.26681068787779,0.7645914323787224,4.447441021154639
99.53991293907166,0.7877278446708283,4.26681068787779,0.7716109791766244,4.464226387674779
99.59050965309143,0.7877278446708283,4.26681068787779,0.7785373405575564,4.480656584792702
99.64173746109009,0.7877278446708283,4.26681068787779,0.7855647245151227,4.497193312771629
99.69239497184753,0.7877278446708283,4.26681068787779,0.7925280455383965,4.513448241769696
99.74290633201599,0.7877278446708283,4.26681068787779,0.7994850031413758,4.5295592075813085
99.79393243789673,0.7877278446708283,4.26681068787779,0.8065264655415065,4.545735609786261
99.84452366828918,0.9756177023266486,4.771906046653081,0.8135211131376929,4.561675838502712
99.89510655403137,0.9756177023266486,4.771906046653081,0.8205274381288752,4.577515250873825
99.9457061290741,0.9756177023266486,4.771906046653081,0.8275486051252827,4.593261341147238
100.00131702423096,0.9756177023266486,4.771906046653081,0.8352792298427325,4.610452835544974
100.09067177772522,0.9756177023266486,4.771906046653081,0.8477305786675591,4.637824679886114
100.18763995170593,0.9756177023266486,4.771906046653081,0.8612827996583234,4.6671766109547015
100.24140000343323,0.9756177023266486,4.771906046653081,0.868813422763228,4.683290898900317
100.35474872589111,0.9756177023266486,4.771906046653081,0.8847292092944072,4.71689366069442
100.42341089248657,0.9756177023266486,4.771906046653081,0.8943942992898202,4.737001706498136
100.52503824234009,0.9756177023266486,4.771906046653081,0.9087308316590115,4.7664196095301765
100.57810950279236,0.9756177023266486,4.771906046653081,0.9162316164089033,4.78161810418824
100.635498046875,0.9756177023266486,4.771906046653081,0.9243528764771078,4.797925885902932
100.74254202842712,0.9756177023266486,4.771906046653081,0.9395280822316681,4.827989684836014
100.81175398826599,0.9756177023266486,4.771906046653081,0.9493575551948688,4.847181608180726
100.86345386505127,1.0409091280972262,4.942235249493811,0.9567083807111831,4.861390709584462
100.91387891769409,1.0409091280972262,4.942235249493811,0.9638845186960074,4.875144621997526
100.96428799629211,1.0409091280972262,4.942235249493811,0.971064549092421,4.888790446029214
101.0165023803711,1.0409091280972262,4.942235249493811,0.9785078799151159,4.902815333200992
101.06701517105103,1.0409091280972262,4.942235249493811,0.9857142808573944,4.916276726731711
101.11863398551941,1.0409091280972262,4.942235249493811,0.9930838632140577,4.929924451833511
101.17315578460693,1.0409091280972262,4.942235249493811,1.0008734436708897,4.944220395378163
101.23539304733276,1.0409091280972262,4.942235249493811,1.00977178864586,4.9603891495953665
101.29105544090271,1.0671422121169445,5.009931255635925,1.0177354472197178,4.9747137607015866
101.34175086021423,1.0671422121169445,5.009931255635925,1.0249924954998366,4.987648061239064
101.39222884178162,1.0671422121169445,5.009931255635925,1.0322218886697476,5.0004204790784055
101.442950963974,1.0671422121169445,5.009931255635925,1.0394894096242073,5.013147475082373
101.50841975212097,1.0671422121169445,5.009931255635925,1.048874003384142,5.0294153906379995
101.58768224716187,1.0671422121169445,5.009931255635925,1.0602411727642442,5.048869949875736
101.63831830024719,1.0671422121169445,5.009931255635925,1.0675054864163203,5.06115980308059
101.69242572784424,1.0671422121169445,5.009931255635925,1.0752695317874847,5.074172544004936
101.74288415908813,1.0671422121169445,5.009931255635925,1.0825112301739446,5.086196074155751
101.7933075428009,1.0671422121169445,5.009931255635925,1.0897487789859284,5.098103395181846
101.84403848648071,1.0671422121169445,5.009931255635925,1.0970310322707453,5.10997431035703
101.89470100402832,1.0671422121169445,5.009931255635925,1.1043036918125924,5.1217198442429
101.9490692615509,1.0671422121169445,5.009931255635925,1.1121081908964354,5.13420267942022
102.00199389457703,1.1507717435414473,5.216061349992167,1.119704955396809,5.146232657752693
102.05307722091675,1.1507717435414473,5.216061349992167,1.1270365904084771,5.157730274305129
102.10409045219421,1.1507717435414473,5.216061349992167,1.134357007948135,5.169100312958603
102.15854859352112,1.1507717435414473,5.216061349992167,1.1421701116651595,5.181114628258133
102.20929670333862,1.1507717435414473,5.216061349992167,1.1494490387467782,5.192195397047614
102.25984311103821,1.1507717435414473,5.216061349992167,1.1566968734470553,5.203121577319843
102.3103015422821,1.1507717435414473,5.216061349992167,1.1639296105670345,5.213918500597958
102.37221646308899,1.1507717435414473,5.216061349992167,1.1728006521162064,5.2270160596707615
102.46356582641602,1.1507717435414473,5.216061349992167,1.185879980169902,5.246036078864686
102.55606508255005,1.1507717435414473,5.216061349992167,1.1991111996952148,5.26492506676308
102.61018419265747,1.1507717435414473,5.216061349992167,1.206845710769561,5.275803256182952
102.66083860397339,1.1507717435414473,5.216061349992167,1.2140800875219615,5.285868860937811
102.71131229400635,1.1507717435414473,5.216061349992167,1.2212835310485115,5.295786647816197
102.76197552680969,1.1507717435414473,5.216061349992167,1.2285085478366393,5.305629164388275
102.8127293586731,1.1507717435414473,5.216061349992167,1.2357406451360813,5.315376078155866
102.86803698539734,1.224307383243909,5.363532319149111,1.243614577523407,5.325868302175133
102.91879081726074,1.224307383243909,5.363532319149111,1.2508333684411692,5.335377882205572
102.97461223602295,1.224307383243909,5.363532319149111,1.2587649594438786,5.345705503838033
103.03952980041504,1.224307383243909,5.363532319149111,1.267977928206042,5.35754254350453
103.14111804962158,1.224307383243909,5.363532319149111,1.2823695857954782,5.375690954146239
103.22225046157837,1.224307383243909,5.363532319149111,1.2938393635181067,5.389855477893311
103.2726469039917,1.224307383243909,5.363532319149111,1.3009525762352,5.398506313505178
103.32399654388428,1.224307383243909,5.363532319149111,1.3081909389338353,5.407204219328496
103.39036631584167,1.224307383243909,5.363532319149111,1.3175319641051675,5.418271786284122
103.4460096359253,1.224307383243909,5.363532319149111,1.3253501200763158,5.427398770640451
103.49646210670471,1.224307383243909,5.363532319149111,1.3324281252568675,5.435554406396147
103.54711508750916,1.224307383243909,5.363532319149111,1.3395235684641695,5.443627589548823
103.60394740104675,1.224307383243909,5.363532319149111,1.347471438329685,5.45254847380207
103.65479254722595,1.224307383243909,5.363532319149111,1.3545698361357095,5.460406473860561
103.70523071289062,1.3413207631822113,5.550761120091791,1.3615997006951541,5.468086592875094
103.75578379631042,1.3413207631822113,5.550761120091791,1.3686335377244598,5.4756691738302345
103.80629801750183,1.3413207631822113,5.550761120091791,1.375649588182018,5.483130770719518
103.8568377494812,1.3413207631822113,5.550761120091791,1.3826564623089301,5.490480820012089
103.90766596794128,1.3413207631822113,5.550761120091791,1.3896901613723558,5.497756373381843
103.95819687843323,1.3413207631822113,5.550761120091791,1.3966692883954783,5.5048734975550815
104.0094096660614,1.3413207631822113,5.550761120091791,1.403728586215564,5.511968667801119
104.06016254425049,1.3413207631822113,5.550761120091791,1.4107102352902356,5.518882822249438
104.11083221435547,1.3413207631822113,5.550761120091791,1.4176659439026094,5.525669053191768
104.16183304786682,1.3413207631822113,5.550761120091791,1.4246521463558965,5.532381896964478
104.21273684501648,1.3413207631822113,5.550761120091791,1.4316097412673776,5.538964081184007
104.26388239860535,1.3413207631822113,5.550761120091791,1.4385846242306368,5.545458811834459
104.31630754470825,1.3413207631822113,5.550761120091791,1.4457172560834608,5.551992432918839
104.36920738220215,1.3413207631822113,5.550761120091791,1.452896903238292,5.558458281754403
104.53955864906311,1.5522918981201244,5.824206632823802,1.47589279234442,5.578412431355448
104.61160969734192,1.5522918981201244,5.824206632823802,1.4855596591262834,5.586453194907538
104.66249370574951,1.5522918981201244,5.824206632823802,1.4923645517882917,5.591988683934452
104.71316576004028,1.5522918981201244,5.824206632823802,1.4991225683690057,5.597383334186621
104.76381134986877,1.5522918981201244,5.824206632823802,1.5058582416738588,5.602657655063322
104.82201433181763,1.5522918981201244,5.824206632823802,1.5135753567473589,5.60857384566688
104.87275290489197,1.5522918981201244,5.824206632823802,1.5202817431288262,5.613604565634413
104.92460417747498,1.5522918981201244,5.824206632823802,1.5271146001352929,5.618623583881469
104.97583866119385,1.5522918981201244,5.824206632823802,1.5338453751904437,5.623461682883609
105.0264060497284,1.5522918981201244,5.824206632823802,1.540467897325174,5.628118584916902
105.07764339447021,1.5522918981201244,5.824206632823802,1.547156928807592,5.63271736053319
105.1281898021698,1.5522918981201244,5.824206632823802,1.5537344826784136,5.637135888381595
105.18180775642395,1.6929263474607494,5.989574292333248,1.5606882661993096,5.641694514411153
105.23235249519348,1.6929263474607494,5.989574292333248,1.5672210102100352,5.6458707691415295
105.28355598449707,1.6929263474607494,5.989574292333248,1.5738163148766435,5.649981591995086
105.33420372009277,1.6929263474607494,5.989574292333248,1.5803173419353218,5.653929079285707
105.3849241733551,1.6929263474607494,5.989574292333248,1.5868047507457925,5.657763875824685
105.4354395866394,1.6929263474607494,5.989574292333248,1.593242774048201,5.661465412786853
105.48642444610596,1.6929263474607494,5.989574292333248,1.599716855983389,5.665082157849151
105.54568123817444,1.6929263474607494,5.989574292333248,1.607210859655867,5.669135200844487
105.63230490684509,1.6929263474607494,5.989574292333248,1.6181058973919962,5.674768894736401
105.68759036064148,1.6929263474607494,5.989574292333248,1.62502149629029,5.678183641447582
105.74656462669373,1.6929263474607494,5.989574292333248,1.6323654063182538,5.681670899485282
105.80248618125916,1.6929263474607494,5.989574292333248,1.6392971303503432,5.684829518576055
105.85838508605957,1.6929263474607494,5.989574292333248,1.646194427927769,5.687842743757755
105.91249346733093,1.6929263474607494,5.989574292333248,1.6528402701924,5.690622207971842
105.96324038505554,1.6929263474607494,5.989574292333248,1.6590455954039078,5.693106308015972
106.01389908790588,1.8249531234536955,6.12177789789238,1.6652131086517301,5.69546764241443
106.0644633769989,1.8249531234536955,6.12177789789238,1.671341876015035,5.697706565768192
106.11699390411377,1.8249531234536955,6.12177789789238,1.6776797838465964,5.699907692352849
106.17566561698914,1.8249531234536955,6.12177789789238,1.684723040585249,5.702215735585092
106.27199411392212,1.8249531234536955,6.12177789789238,1.696204062308083,5.70566097341848
106.37538933753967,1.8249531234536955,6.12177789789238,1.7084106771987775,5.708883081385638
106.45190358161926,1.8249531234536955,6.12177789789238,1.7173644423212995,5.710950384670118
106.57914161682129,1.8249531234536955,6.12177789789238,1.732101248373394,5.7137912294161115
106.64882636070251,1.8249531234536955,6.12177789789238,1.7400898205770403,5.715031268541817
106.71410417556763,1.8249531234536955,6.12177789789238,1.7475193615086164,5.71599024051849
106.82477593421936,1.8249531234536955,6.12177789789238,1.7599944564595735,5.71716843562923
106.88720297813416,1.8249531234536955,6.12177789789238,1.7669631818825529,5.717584766822785
106.93796491622925,1.8249531234536955,6.12177789789238,1.7725929760079122,5.717791384692518
106.99391770362854,1.8249531234536955,6.12177789789238,1.778759859994285,5.717882111298888
107.04445552825928,1.9031346127335675,6.179888644966027,1.7842947923364068,5.717840620671112
107.09751605987549,1.9031346127335675,6.179888644966027,1.7900697718180911,5.717671048204139
107.15067172050476,1.9031346127335675,6.179888644966027,1.7958175266783378,5.717371817074384
107.2265305519104,1.9031346127335675,6.179888644966027,1.8039543386570382,5.716720707936708
107.29700660705566,1.9031346127335675,6.179888644966027,1.8114435692067579,5.715879862576285
107.38010454177856,1.9031346127335675,6.179888644966027,1.8201860373208238,5.714596748936815
107.45547437667847,1.9031346127335675,6.179888644966027,1.8280319759271753,5.713160256560123
107.55007457733154,1.9031346127335675,6.179888644966027,1.8377657918826946,5.710990544210686
107.61659812927246,1.9031346127335675,6.179888644966027,1.8445337032736373,5.709220620919239
107.67350816726685,1.9031346127335675,6.179888644966027,1.8502725160769598,5.707546633441538
107.72390818595886,1.9031346127335675,6.179888644966027,1.8553151892901352,5.705941183759888
107.77449584007263,1.9031346127335675,6.179888644966027,1.860338852704705,5.704213719026278
107.82532286643982,1.9031346127335675,6.179888644966027,1.8653478621873374,5.702361100624781
107.89759063720703,1.9031346127335675,6.179888644966027,1.8724029506333615,5.6995253001960995
107.96324253082275,1.954148886406905,6.210655843028615,1.8787434087574646,5.696744060582162
108.01440358161926,1.954148886406905,6.210655843028615,1.8836385705876655,5.69444152634308
108.06497406959534,1.954148886406905,6.210655843028615,1.8884374588438102,5.6920493300721615
108.115647315979,1.954148886406905,6.210655843028615,1.8932061440430583,5.689536470615635
108.1699366569519,1.954148886406905,6.210655843028615,1.8982704142420783,5.686715802455604
108.24538993835449,1.954148886406905,6.210655843028615,1.9052314381126674,5.682575074304548
108.29685807228088,1.954148886406905,6.210655843028615,1.9099275395059092,5.679603681978064
108.34769487380981,1.954148886406905,6.210655843028615,1.9145241730994171,5.676551915897782
108.39840126037598,1.954148886406905,6.210655843028615,1.9190672761365386,5.6733924559338735
108.45020151138306,1.954148886406905,6.210655843028615,1.923665039497409,5.670045843269336
108.50078654289246,1.954148886406905,6.210655843028615,1.9281123683626769,5.666661813703973
108.55284404754639,2.002048232420244,6.227156345645407,1.9326449281476585,5.6630598241221595
108.63998460769653,2.002048232420244,6.227156345645407,1.9401308693465549,5.656759596500086
108.731285572052,2.002048232420244,6.227156345645407,1.9478368646086226,5.64979561903017
108.792405128479,2.002048232420244,6.227156345645407,1.9529161352196698,5.644926614398036
108.84967041015625,2.002048232420244,6.227156345645407,1.9576168430573078,5.640214215103392
108.94318723678589,2.002048232420244,6.227156345645407,1.965171068589974,5.632206347498174
109.00310730934143,2.002048232420244,6.227156345645407,1.9699309726311711,5.626872148708127
109.05391359329224,2.002048232420244,6.227156345645407,1.9739172971731254,5.622225167200953
109.11191821098328,2.002048232420244,6.227156345645407,1.9784123851897801,5.616780779042722
109.20874238014221,2.002048232420244,6.227156345645407,1.985781649811838,5.607363230383889
109.26934504508972,2.002048232420244,6.227156345645407,1.990308007120817,5.601259505706358
109.3218822479248,2.002048232420244,6.227156345645407,1.9941778874382834,5.595838032120184
109.37231302261353,2.0191907545949537,6.227826638298084,1.9978450750563117,5.590520487359351
109.42291760444641,2.0191907545949537,6.227826638298084,2.0014778293582056,5.585073107089819
109.47369766235352,2.0191907545949537,6.227826638298084,2.005075514518575,5.579494742431738
109.52769255638123,2.0191907545949537,6.227826638298084,2.008848287646834,5.573440252976088
109.59040927886963,2.0191907545949537,6.227826638298084,2.013161905768541,5.566248982181971
109.64449167251587,2.0191907545949537,6.227826638298084,2.016822119222271,5.559910980090551
109.69774985313416,2.0191907545949537,6.227826638298084,2.020372340050949,5.553546039569586
109.80799698829651,2.0191907545949537,6.227826638298084,2.0275492333134646,5.5399817925959205
109.88636040687561,2.0191907545949537,6.227826638298084,2.0325081420031834,5.5300227532027275
109.93683910369873,2.0191907545949537,6.227826638298084,2.035639303844606,5.523468183633504
109.98911237716675,2.0191907545949537,6.227826638298084,2.038829290800609,5.516565781871938
110.0397880077362,2.0670217715802464,6.210054144467903,2.041870537463992,5.509763047197891
110.09394574165344,2.0670217715802464,6.210054144467903,2.045064704277726,5.502372004047298
110.14458084106445,2.0670217715802464,6.210054144467903,2.0479984570202534,5.4953489740634565
110.19546151161194,2.0670217715802464,6.210054144467903,2.0508949281837077,5.488182379499398
110.2461347579956,2.0670217715802464,6.210054144467903,2.053728024199995,5.480936128597557
110.29812550544739,2.0670217715802464,6.210054144467903,2.0565810360916346,5.47338879134186
110.35789012908936,2.0670217715802464,6.210054144467903,2.0597930511327753,5.4645722610316945
110.40937805175781,2.0670217715802464,6.210054144467903,2.062501979945601,5.456856341654566
110.48439002037048,2.0670217715802464,6.210054144467903,2.066351520163223,5.445416263495119
110.5347650051117,2.0670217715802464,6.210054144467903,2.0688717656502242,5.437601535049012
110.58527517318726,2.0670217715802464,6.210054144467903,2.0713461033120906,5.429659591989742
110.63582110404968,2.0670217715802464,6.210054144467903,2.073769160917501,5.421605769411755
110.6868064403534,2.0670217715802464,6.210054144467903,2.076159301111292,5.4133744985425505
110.7413592338562,2.0670217715802464,6.210054144467903,2.0786563731099474,5.404448082235917
110.79185891151428,2.1262898004642556,6.100469063867503,2.080912104308779,5.396075303136287
110.8423080444336,2.1262898004642556,6.100469063867503,2.083111762295317,5.387605978132403
110.89332175254822,2.1262898004642556,6.100469063867503,2.0852811109562426,5.378935491380363
110.94546556472778,2.1262898004642556,6.100469063867503,2.0874411960450847,5.369962647760745
111.0144464969635,2.1262898004642556,6.100469063867503,2.0902093140694884,5.357921676705838
111.06906771659851,2.1262898004642556,6.100469063867503,2.09232857306214,5.348249644410549
111.12112021446228,2.1262898004642556,6.100469063867503,2.0942881615279547,5.338919614022512
111.17257571220398,2.1262898004642556,6.100469063867503,2.0961674791803335,5.329588634338039
111.22403955459595,2.1262898004642556,6.100469063867503,2.097989394480789,5.32014906722722
111.27640342712402,2.1262898004642556,6.100469063867503,2.09978370248602,5.310434804257779
111.32790398597717,2.1262898004642556,6.100469063867503,2.1014896877838103,5.300773151532069
111.37870001792908,2.1262898004642556,6.100469063867503,2.103115052202871,5.291139483325502
111.42926287651062,2.1262898004642556,6.100469063867503,2.1046762444578806,5.281447562460499
111.47996878623962,2.1262898004642556,6.100469063867503,2.106184821170209,5.271625832344254
111.53102684020996,2.166722791115711,5.9204799264431545,2.1076459526672546,5.2616325781312305
111.58161354064941,2.166722791115711,5.9204799264431545,2.1090360663936623,5.251629628587706
111.63222599029541,2.166722791115711,5.9204799264431545,2.110369375343557,5.241520323352331
111.68350052833557,2.166722791115711,5.9204799264431545,2.1116612561236368,5.23117578630923
111.73457145690918,2.166722791115711,5.9204799264431545,2.1128888986326424,5.220769590725007
111.78540301322937,2.166722791115711,5.9204799264431545,2.1140520054991545,5.210310660227357
111.84244680404663,2.166722791115711,5.9204799264431545,2.1152871756216203,5.198453305574951
111.89316511154175,2.166722791115711,5.9204799264431545,2.116322913904389,5.187804354810854
111.94547009468079,2.166722791115711,5.9204799264431545,2.117329249663458,5.176717658762906
112.01267766952515,2.166722791115711,5.9204799264431545,2.1185298423304726,5.162316792543037
112.09684133529663,2.166722791115711,5.9204799264431545,2.11988603578133,5.1440372503537075
112.16831231117249,2.166722791115711,5.9204799264431545,2.120908487074973,5.128301156431942
112.25628685951233,2.166722791115711,5.9204799264431545,2.1220032662018324,5.10866382056933
112.33524131774902,2.166722791115711,5.9204799264431545,2.1228311753843894,5.090789791919109
112.42587327957153,2.1808564666795687,5.755116007140449,2.123600293183347,5.069982117711737
112.4763708114624,2.1808564666795687,5.755116007140449,2.1239444253355506,5.058254847473764
112.52700519561768,2.1808564666795687,5.755116007140449,2.1242286241084796,5.046400048818439
112.58124661445618,2.1808564666795687,5.755116007140449,2.124465254125703,5.033594763467805
112.66395449638367,2.1808564666795687,5.755116007140449,2.124690571330789,5.013859005618684
112.74097061157227,2.1808564666795687,5.755116007140449,2.1247526494497055,4.995254351745471
112.7968578338623,2.1808564666795687,5.755116007140449,2.124708148794953,4.981617364006074
112.87392783164978,2.1808564666795687,5.755116007140449,2.1245227842249155,4.962624351156266
112.92779994010925,2.1808564666795687,5.755116007140449,2.1243075769839646,4.949219880009801
112.97822189331055,2.1808564666795687,5.755116007140449,2.124042114212637,4.936578649903578
113.02887439727783,2.1808564666795687,5.755116007140449,2.123712930428168,4.92378726543006
113.07995414733887,2.1808564666795687,5.755116007140449,2.123317365574169,4.910794606612859
113.1344096660614,2.1808564666795687,5.755116007140449,2.1228251364883413,4.896840420562811
113.19205975532532,2.1808564666795687,5.755116007140449,2.1222245160753586,4.881952430358394
113.26540660858154,2.1833220471620005,5.647824509903516,2.1213418010552267,4.862840349192911
113.31583976745605,2.1833220471620005,5.647824509903516,2.1206576003647335,4.84958870418188
113.36831212043762,2.1833220471620005,5.647824509903516,2.119878738055272,4.8357063592051075
113.41901898384094,2.1833220471620005,5.647824509903516,2.119061016663588,4.822199538276701
113.47420310974121,2.1833220471620005,5.647824509903516,2.1180982519021763,4.807398276124967
113.54888820648193,2.1833220471620005,5.647824509903516,2.1166740431542332,4.787198352209667
113.61096382141113,2.1833220471620005,5.647824509903516,2.1153838984136986,4.770262454552951
113.66261863708496,2.1833220471620005,5.647824509903516,2.1142365159033254,4.7560688306955035
113.72192668914795,2.1833220471620005,5.647824509903516,2.1128362471585365,4.739659894810079
113.77284741401672,2.1833220471620005,5.647824509903516,2.1115631538706965,4.72547610825753
113.82374358177185,2.1833220471620005,5.647824509903516,2.1102251230849522,4.711211494955666
113.8742527961731,2.1833220471620005,5.647824509903516,2.1088323463910594,4.696969066861089
113.92493844032288,2.176324883312716,5.459423088931387,2.107369567899885,4.682590887194992
113.97765374183655,2.176324883312716,5.459423088931387,2.105778857793133,4.667545966942037
114.03881931304932,2.176324883312716,5.459423088931387,2.103844346388561,4.649973651514177
114.09718203544617,2.176324883312716,5.459423088931387,2.101909353388628,4.633091305695633
114.14784598350525,2.176324883312716,5.459423088931387,2.1001588939179126,4.6183451583566955
114.21336007118225,2.176324883312716,5.459423088931387,2.097797716429373,4.5991523231328175
114.30730605125427,2.176324883312716,5.459423088931387,2.0942191981052454,4.571386841956004
114.37000274658203,2.176324883312716,5.459423088931387,2.091704406804471,4.552698609244162
114.42054486274719,2.176324883312716,5.459423088931387,2.0896032000068203,4.537541641019033
114.47721552848816,2.176324883312716,5.459423088931387,2.0871685739796804,4.520449987320524
114.52835464477539,2.176324883312716,5.459423088931387,2.0849001183084725,4.504939237152582
114.58604216575623,2.176324883312716,5.459423088931387,2.0822596673791027,4.487343355722773
114.72953486442566,2.176324883312716,5.459423088931387,2.0753160123752483,4.443123879766819
114.79481506347656,2.1559414540530817,5.257085834986424,2.071979239892322,4.422795670694244
114.84986782073975,2.1559414540530817,5.257085834986424,2.069078586283765,4.405550592942459
114.90076637268066,2.1559414540530817,5.257085834986424,2.066326167289786,4.389524522516915
114.95323061943054,2.1559414540530817,5.257085834986424,2.063417946484382,4.37292319392089
115.03783631324768,2.1559414540530817,5.257085834986424,2.05857568861122,4.345976530499941
115.0988655090332,2.1559414540530817,5.257085834986424,2.0549658361052536,4.326405919337434
115.15303587913513,2.1559414540530817,5.257085834986424,2.051679438112064,4.308942074964664
115.20784115791321,2.1559414540530817,5.257085834986424,2.0482757107838645,4.291185386079004
115.2601945400238,2.1559414540530817,5.257085834986424,2.044950144284785,4.274140790635896
115.31103563308716,2.1559414540530817,5.257085834986424,2.0416512510015443,4.257512030310814
115.36865544319153,2.1559414540530817,5.257085834986424,2.0378297660164053,4.238575544981275
115.45580220222473,2.1559414540530817,5.257085834986424,2.0318827287810906,4.20975366813474
115.50765323638916,2.1559414540530817,5.257085834986424,2.0282486629638767,4.192502186469984
115.57550501823425,2.1559414540530817,5.257085834986424,2.023385213119602,4.169812050976869
115.67477488517761,2.120243808850644,5.015048692222378,2.0160490257120074,4.1363826163072694
115.72866439819336,2.120243808850644,5.015048692222378,2.0119565476394197,4.118120342640392
115.78809475898743,2.120243808850644,5.015048692222378,2.007353461351229,4.0978875001519
115.85182642936707,2.120243808850644,5.015048692222378,2.0023124406092085,4.076082852127042
115.90398526191711,2.120243808850644,5.015048692222378,1.9981060444192695,4.058155512672714
115.95769119262695,2.120243808850644,5.015048692222378,1.9936988633818187,4.0396197309471145
116.02330827713013,2.120243808850644,5.015048692222378,1.9882094771616452,4.016868157532938
116.07624793052673,2.120243808850644,5.015048692222378,1.983696623345888,3.9984288486139454
116.13280320167542,2.120243808850644,5.015048692222378,1.9787925888485252,3.9786485246299756
116.18405652046204,2.120243808850644,5.015048692222378,1.9742742261791952,3.9606502186482797
116.23468661308289,2.120243808850644,5.015048692222378,1.9697416192198016,3.9428037034169714
116.28661179542542,2.120243808850644,5.015048692222378,1.9650216127211355,3.924431933403912
116.35305380821228,2.120243808850644,5.015048692222378,1.9588764399376029,3.9008231790247097
116.43807196617126,2.068790988536617,4.788082726061404,1.950840204893897,3.870450375967298
116.50525760650635,2.068790988536617,4.788082726061404,1.944352136478733,3.846319812975016
116.55815291404724,2.068790988536617,4.788082726061404,1.9391586757246886,3.827242799238312
116.61033535003662,2.068790988536617,4.788082726061404,1.9339614621101422,3.8083552523002693
116.66154861450195,2.068790988536617,4.788082726061404,1.928789540313246,3.7897536799973026
116.7127730846405,2.068790988536617,4.788082726061404,1.9235458816140358,3.77108429331965
116.76420307159424,2.068790988536617,4.788082726061404,1.918210133585797,3.752276358314857
116.82228994369507,2.068790988536617,4.788082726061404,1.9120981226937641,3.7309579320343724
116.87302732467651,2.068790988536617,4.788082726061404,1.9066851114954955,3.7122713497969
116.92425751686096,2.068790988536617,4.788082726061404,1.901149196814166,3.693341815777544
116.97507309913635,2.068790988536617,4.788082726061404,1.8955882699482054,3.674504964187174
117.02722239494324,2.068790988536617,4.788082726061404,1.8898090964245826,3.6551115603241993
117.08064842224121,2.068790988536617,4.788082726061404,1.8838124955796913,3.6351786093690928
117.13314390182495,1.9477729725194433,4.390237563135869,1.877845481946011,3.615529546363181
117.18425846099854,1.9477729725194433,4.390237563135869,1.8719641407078487,3.596337589641355
117.2403130531311,1.9477729725194433,4.390237563135869,1.8654335302716802,3.575223592337761
117.2909185886383,1.9477729725194433,4.390237563135869,1.859465117853526,3.556102222074262
117.34151244163513,1.9477729725194433,4.390237563135869,1.853429189382717,3.5369289821880496
117.39204955101013,1.9477729725194433,4.390237563135869,1.847331274732821,3.5177215450861707
117.44265913963318,1.9477729725194433,4.390237563135869,1.8411557659537539,3.4984312550677465
117.49445748329163,1.9477729725194433,4.390237563135869,1.8347638773182366,3.4786310557996316
117.54520392417908,1.9477729725194433,4.390237563135869,1.8284318443623886,3.4591777246964215
117.59623670578003,1.9477729725194433,4.390237563135869,1.8219942879164128,3.439560001938548
117.64811444282532,1.9477729725194433,4.390237563135869,1.815378431991716,3.4195618348738925
117.70109939575195,1.9477729725194433,4.390237563135869,1.808546773678132,3.3990794991384345
117.75273561477661,1.9477729725194433,4.390237563135869,1.8018165125772092,3.3790633114897943
117.80494284629822,1.9477729725194433,4.390237563135869,1.7949391008359452,3.358770888059677
117.86325550079346,1.789876667769537,3.9225737810965473,1.7871709973904017,3.336040759404502
117.96313381195068,1.789876667769537,3.9225737810965473,1.7736540609535962,3.296952202141159
118.07101345062256,1.789876667769537,3.9225737810965473,1.7587543091950735,3.254514391414299
118.17228198051453,1.789876667769537,3.9225737810965473,1.7444845557784967,3.2144755832996488
118.23259592056274,1.789876667769537,3.9225737810965473,1.73585561846375,3.190537979956009
118.31673121452332,1.789876667769537,3.9225737810965473,1.723656593493096,3.1570343613121086
118.374027967453,1.789876667769537,3.9225737810965473,1.7152410407528986,3.134144713241784
118.44253468513489,1.789876667769537,3.9225737810965473,1.7050643584953344,3.1066998267443267
118.497629404068,1.789876667769537,3.9225737810965473,1.6967895384977187,3.0845680057460303
118.55787658691406,1.789876667769537,3.9225737810965473,1.6876486187280284,3.0603060187230953
118.65922427177429,1.789876667769537,3.9225737810965473,1.6720547036212987,3.0193525164966815
118.71526074409485,1.789876667769537,3.9225737810965473,1.6633158956730132,2.9966346198267284
118.76652574539185,1.789876667769537,3.9225737810965473,1.6552484932862315,2.975805626182945
118.81708097457886,1.716332452804711,3.7141689979496415,1.647224834222869,2.9552229538473194
118.86788749694824,1.716332452804711,3.7141689979496415,1.6390933891511847,2.934496406737616
118.92019701004028,1.716332452804711,3.7141689979496415,1.6306503576788165,2.9131137200169013
118.99694657325745,1.716332452804711,3.7141689979496415,1.618132312263275,2.8816628285374235
119.05182790756226,1.716332452804711,3.7141689979496415,1.6090861724702037,2.8591173694963032
119.10313606262207,1.716332452804711,3.7141689979496415,1.6005575737573015,2.837998310362399
119.15377044677734,1.716332452804711,3.7141689979496415,1.592073392655946,2.8171178214355073
119.2046115398407,1.716332452804711,3.7141689979496415,1.5834871254264793,2.7961138668710066
119.25697088241577,1.716332452804711,3.7141689979496415,1.5745739046508098,2.774443191942449
119.33191156387329,1.716332452804711,3.7141689979496415,1.5616922870812204,2.743357876625167
119.39055848121643,1.716332452804711,3.7141689979496415,1.551509495056122,2.718975827650803
119.46227264404297,1.716332452804711,3.7141689979496415,1.5389364817389495,2.6890963589880306
119.54292607307434,1.6677764389742997,3.5812302899810384,1.524637031777767,2.6554089067296975
119.60428643226624,1.6677764389742997,3.5812302899810384,1.5136455218528124,2.629721862035804
119.65510320663452,1.6677764389742997,3.5812302899810384,1.504469169439046,2.6084114547699464
119.74499702453613,1.6677764389742997,3.5812302899810384,1.4880736304698172,2.5706329804338557
119.83232879638672,1.6677764389742997,3.5812302899810384,1.4719467503778165,2.5338346939261442
119.89687871932983,1.6677764389742997,3.5812302899810384,1.4599013652523947,2.5065762446575777
119.9472143650055,1.6677764389742997,3.5812302899810384,1.4504346328763313,2.4852859117012005
119.99812316894531,1.6677764389742997,3.5812302899810384,1.440794454313238,2.4637230995231825
120.04899644851685,1.6677764389742997,3.5812302899810384,1.4310951786519355,2.442145669071223
120.09964609146118,1.6677764389742997,3.5812302899810384,1.4213733038757104,2.420634156121295
120.15011954307556,1.6677764389742997,3.5812302899810384,1.4116206261071447,2.3991692703994216
120.20461368560791,1.6677764389742997,3.5812302899810384,1.4010187865663042,2.375963489606931
120.25569915771484,1.5844927461422038,3.366811316120431,1.3910121092883556,2.354180577501047
120.31066489219666,1.5844927461422038,3.366811316120431,1.380172042894162,2.3307127473412885
120.36651635169983,1.5844927461422038,3.366811316120431,1.3690796314054186,2.306835179218093
120.41693830490112,1.5844927461422038,3.366811316120431,1.3589984678101696,2.2852520717212674
120.46735715866089,1.5844927461422038,3.366811316120431,1.3488544238133167,2.263645437000919
120.51874017715454,1.5844927461422038,3.366811316120431,1.3384512144067362,2.241600579744066
120.58215045928955,1.5844927461422038,3.366811316120431,1.325522448164614,2.2143616320330795
120.69835829734802,1.5844927461422038,3.366811316120431,1.3015702758248837,2.164348254640556
120.76611256599426,1.5844927461422038,3.366811316120431,1.2874513798725096,2.135133987010786
120.81979465484619,1.5844927461422038,3.366811316120431,1.2761848142192953,2.1119600126036238
120.87283444404602,1.5844927461422038,3.366811316120431,1.2649837189441175,2.089040231031738
120.95967936515808,1.5844927461422038,3.366811316120431,1.2464952594765517,2.0514644759110987
121.01281309127808,1.5844927461422038,3.366811316120431,1.2350931090458523,2.0284463676190185
121.06341457366943,1.5844927461422038,3.366811316120431,1.2241707200640373,2.006505887723496
121.13092374801636,1.4779731725001821,3.1187100763299207,1.209502416931556,1.9772058395886196
121.18931889533997,1.4779731725001821,3.1187100763299207,1.196725830274005,1.9518360158928272
121.27029848098755,1.4779731725001821,3.1187100763299207,1.1788724462940592,1.9166169299362685
121.32084584236145,1.4779731725001821,3.1187100763299207,1.1676489044869915,1.894612017408736
121.37172770500183,1.4779731725001821,3.1187100763299207,1.1562896129420954,1.8724456610822091
121.42342472076416,1.4779731725001821,3.1187100763299207,1.1446853634245424,1.849908474311571
121.47856879234314,1.4779731725001821,3.1187100763299207,1.1322376225552517,1.8258517183453877
121.55106163024902,1.4779731725001821,3.1187100763299207,1.1157645977863742,1.794201192825131
121.60474705696106,1.4779731725001821,3.1187100763299207,1.1034857181694084,1.7707443103151412
121.65524864196777,1.4779731725001821,3.1187100763299207,1.091873457898737,1.7486654170673201
121.70580983161926,1.4779731725001821,3.1187100763299207,1.0801878827498312,1.7265482420534615
121.75631737709045,1.4779731725001821,3.1187100763299207,1.06845535389074,1.7044428417138353
121.80824947357178,1.4779731725001821,3.1187100763299207,1.0563302691646825,1.6817023275317633
121.85999989509583,1.4779731725001821,3.1187100763299207,1.0441856450000402,1.6590301850461922
121.9170982837677,1.3318110779973493,2.809028100436377,1.0307144748138872,1.634002787448022
121.96841239929199,1.3318110779973493,2.809028100436377,1.0185442192595562,1.611500360390535
122.02059984207153,1.3318110779973493,2.809028100436377,1.0061051575920352,1.5886054475972038
122.07124304771423,1.3318110779973493,2.809028100436377,0.9939749240970852,1.5663793678653906
122.12331366539001,1.3318110779973493,2.809028100436377,0.981442172663932,1.5435185213064329
122.17652559280396,1.3318110779973493,2.809028100436377,0.9685714671659387,1.520148479729948
122.24191355705261,1.3318110779973493,2.809028100436377,0.9526684762921513,1.4914205149722553
122.30211615562439,1.3318110779973493,2.809028100436377,0.9379419919576888,1.4649615319507139
122.35539555549622,1.3318110779973493,2.809028100436377,0.9248416656349514,1.4415386622214124
122.4132490158081,1.3318110779973493,2.809028100436377,0.9105453566523574,1.4160986190699112
122.46403861045837,1.3318110779973493,2.809028100436377,0.8979336736673738,1.393759968416865
122.51642751693726,1.3318110779973493,2.809028100436377,0.8848654180608766,1.3707137575436155
122.56824970245361,1.3318110779973493,2.809028100436377,0.8718793889275607,1.3479132736524835
122.62483477592468,1.3318110779973493,2.809028100436377,0.8576329559266367,1.3230138306592192
122.69612956047058,1.1232869882929188,2.4025708975058158,0.8395841501524481,1.2916376211043397
122.7489264011383,1.1232869882929188,2.4025708975058158,0.8261475238096234,1.268400128475772
122.79939675331116,1.1232869882929188,2.4025708975058158,0.8132470089375348,1.2461855553732013
122.8501398563385,1.1232869882929188,2.4025708975058158,0.8002218679624642,1.2238504325480146
122.92820119857788,1.1232869882929188,2.4025708975058158,0.7800775342487238,1.189491113602439
122.98921203613281,1.1232869882929188,2.4025708975058158,0.7642434892236762,1.1626379635414226
123.03983855247498,1.1232869882929188,2.4025708975058158,0.7510450470626249,1.1403568866736025
123.09050250053406,1.1232869882929188,2.4025708975058158,0.7377831597483078,1.1180612899087252
123.14121627807617,1.1232869882929188,2.4025708975058158,0.7244546977768551,1.095746238879385
123.2021152973175,1.1232869882929188,2.4025708975058158,0.708378967181134,1.0689534820294389
123.2618510723114,1.1232869882929188,2.4025708975058158,0.6925360630206656,1.0426775530552301
123.31589722633362,1.1232869882929188,2.4025708975058158,0.6781391451600163,1.0189093337786457
123.36668086051941,1.1232869882929188,2.4025708975058158,0.6645570638331493,0.9965808162138918
123.4172134399414,1.1232869882929188,2.4025708975058158,0.6509902340912559,0.9743679391784517
123.46950078010559,1.1232869882929188,2.4025708975058158,0.6368980816928018,0.9513897748249802
123.52607750892639,0.9185520705268256,2.034564286565291,0.6215881130032233,0.92653418707955
123.57962274551392,0.9185520705268256,2.034564286565291,0.6070396810220933,0.9030183028791003
123.63643145561218,0.9185520705268256,2.034564286565291,0.591542400228088,0.8780782486670868
123.68940758705139,0.9185520705268256,2.034564286565291,0.5770333123470772,0.8548298059222765
123.74956464767456,0.9185520705268256,2.034564286565291,0.5604908421373667,0.8284413630811074
123.85637068748474,0.9185520705268256,2.034564286565291,0.5309471697371118,0.781622168322573
123.96217656135559,0.9185520705268256,2.034564286565291,0.5014637657147518,0.7352860701590769
124.03564667701721,0.9185520705268256,2.034564286565291,0.48086558220090936,0.7031395283088213
124.10773253440857,0.7935656949717964,1.827133816703695,0.46055663332798513,0.671623147356762
124.17400169372559,0.7935656949717964,1.827133816703695,0.4418007786711038,0.6426725106734419
124.23996210098267,0.7935656949717964,1.827133816703695,0.42305149277146104,0.6138794483869072
124.30741024017334,0.7935656949717964,1.827133816703695,0.4037966241622799,0.5844615252988035
124.36814308166504,0.7935656949717964,1.827133816703695,0.38638785085739125,0.5579947418433766
124.41903066635132,0.7935656949717964,1.827133816703695,0.37174978492707567,0.5358352899654191
124.48263931274414,0.7935656949717964,1.827133816703695,0.3533870487934867,0.5081587764182403
124.60111331939697,0.7935656949717964,1.827133816703695,0.3189938835208306,0.45667966938930316
124.73694467544556,0.7935656949717964,1.827133816703695,0.27925918074426637,0.3977770005611103
124.8338086605072,0.7935656949717964,1.827133816703695,0.2507292507165335,0.35585470623065163
124.9307930469513,0.7935656949717964,1.827133816703695,0.22200426721426103,0.3139528922477095
124.98283982276917,0.7935656949717964,1.827133816703695,0.20652390897591433,0.29149738491744226
125.03747725486755,0.7935656949717964,1.827133816703695,0.19022460115099227,0.2679482918944005
125.1518280506134,0.7935656949717964,1.827133816703695,0.15595304305782998,0.2187450704382501
125.21271181106567,0.7935656949717964,1.827133816703695,0.13761925118926532,0.19259501302857895
125.29839086532593,0.6711447953256762,1.6325347430942763,0.11171836357049614,0.15585276654397218
125.37805986404419,0.6711447953256762,1.6325347430942763,0.08753011524530674,0.12175009889096944
125.4320547580719,0.6711447953256762,1.6325347430942763,0.0710803479898301,0.09867242692316247
125.48288321495056,0.6711447953256762,1.6325347430942763,0.055554023558833876,0.07697460766857445
125.53578972816467,0.6711447953256762,1.6325347430942763,0.03935083467066214,0.054417531021011545
125.6159348487854,0.6711447953256762,1.6325347430942763,0.014724602353746175,0.02030234714486978
125.66741728782654,0.6711447953256762,1.6325347430942763,-0.001145314168411904,-0.0015761744393005817
125.71823596954346,0.6711447953256762,1.6325347430942763,-0.01684923941815253,-0.023144510750223724
125.76889133453369,0.6711447953256762,1.6325347430942763,-0.032540531567881725,-0.04461526489352652
125.81971669197083,0.6711447953256762,1.6325347430942763,-0.048322096935100145,-0.06612923250047897
125.8792188167572,0.6711447953256762,1.6325347430942763,-0.06684525281857034,-0.09127866280060615
125.92968797683716,0.6711447953256762,1.6325347430942763,-0.08259610298981235,-0.11257807131759145
125.9802029132843,0.6711447953256762,1.6325347430942763,-0.09839733934565986,-0.13386679573974036
126.03105759620667,0.5403898114164014,1.429215428122766,-0.11434097688190503,-0.15526791244089422
126.09804892539978,0.5403898114164014,1.429215428122766,-0.13539839562801026,-0.18341185173845131
126.26752638816833,0.5403898114164014,1.429215428122766,-0.18894285368463137,-0.25436134587138737
126.35072827339172,0.5403898114164014,1.429215428122766,-0.21536939582385495,-0.2890574777876067
126.40868496894836,0.5403898114164014,1.429215428122766,-0.23383081873080025,-0.31317195826112987
126.49380660057068,0.5403898114164014,1.429215428122766,-0.2610232878311023,-0.3485069786547277
126.57998180389404,0.5403898114164014,1.429215428122766,-0.28864524087122456,-0.38417777230083416
126.6912453174591,0.5403898114164014,1.429215428122766,-0.3244441452376683,-0.43007869327515147
126.74416494369507,0.5403898114164014,1.429215428122766,-0.3415234607789528,-0.45184782003566193
126.79660296440125,0.5403898114164014,1.429215428122766,-0.3584801441529759,-0.47337842607830316
126.883065700531,0.5403898114164014,1.429215428122766,-0.3865094636035562,-0.5087901388639104
126.95419812202454,0.5403898114164014,1.429215428122766,-0.40963341078359594,-0.5378386050088639
127.0057966709137,0.5403898114164014,1.429215428122766,-0.4264429499953959,-0.5588614726731402
127.05693197250366,0.5403898114164014,1.429215428122766,-0.4431307626042815,-0.5796548349286677
127.10797166824341,0.41046697205269533,1.2317815174029951,-0.45981595594688374,-0.6003684031075383
127.1584985256195,0.41046697205269533,1.2317815174029951,-0.4763612389782117,-0.6208331403295664
127.21195197105408,0.41046697205269533,1.2317815174029951,-0.49389446661946046,-0.6424386575367458
127.28416180610657,0.41046697205269533,1.2317815174029951,-0.5176275258687708,-0.6715517295337818
127.34114336967468,0.41046697205269533,1.2317815174029951,-0.5363934555121919,-0.6944646752335766
127.40452003479004,0.41046697205269533,1.2317815174029951,-0.5573040584341871,-0.7198856701606879
127.46631336212158,0.41046697205269533,1.2317815174029951,-0.5777306377611966,-0.7446064146040745
127.52737927436829,0.41046697205269533,1.2317815174029951,-0.5979532901064255,-0.7689721853401652
127.58042907714844,0.41046697205269533,1.2317815174029951,-0.6155502564295108,-0.7900872702484807
127.6312506198883,0.41046697205269533,1.2317815174029951,-0.6324328857440422,-0.8102694669884225
127.68202877044678,0.41046697205269533,1.2317815174029951,-0.6493249228002749,-0.8303890569278529
127.73266291618347,0.41046697205269533,1.2317815174029951,-0.666192366572602,-0.8504060045194839
127.78512167930603,0.41046697205269533,1.2317815174029951,-0.6836917599801648,-0.871095813183353
127.85997486114502,0.41046697205269533,1.2317815174029951,-0.7087032098865391,-0.9005317205655685
127.92949771881104,0.25822453108879134,1.0060180454922711,-0.7319764258141324,-0.9277795460282281
127.98165321350098,0.25822453108879134,1.0060180454922711,-0.749462248251421,-0.9481618585311158
128.0381076335907,0.25822453108879134,1.0060180454922711,-0.7684143219220547,-0.9701668104874837
128.08989143371582,0.25822453108879134,1.0060180454922711,-0.7858208076658637,-0.9902983152981846
128.14051580429077,0.25822453108879134,1.0060180454922711,-0.8028578227974528,-1.009929700187937
128.1910457611084,0.25822453108879134,1.0060180454922711,-0.8198826266278751,-1.0294753824242082
128.2434184551239,0.25822453108879134,1.0060180454922711,-0.8375484863767504,-1.0496816721106532
128.2942759990692,0.25822453108879134,1.0060180454922711,-0.8547225149862347,-1.069252134159886
128.3458387851715,0.25822453108879134,1.0060180454922711,-0.8721536230783458,-1.0890420004744406
128.40903663635254,0.25822453108879134,1.0060180454922711,-0.8935433913965936,-1.1132254213752568
128.55033016204834,0.25822453108879134,1.0060180454922711,-0.9414622894518088,-1.1670025039512053
128.60681748390198,0.25822453108879134,1.0060180454922711,-0.9606556286576895,-1.1883880514129306
128.65792155265808,0.25822453108879134,1.0060180454922711,-0.9780368156319521,-1.2076788426177667
128.7164704799652,0.25822453108879134,1.0060180454922711,-0.9979693494414539,-1.2297131762775686
128.7690749168396,-0.27667015462772265,0.2858972503540359,-1.015895147527122,-1.2494490967690142
128.85729789733887,-0.27667015462772265,0.2858972503540359,-1.0459933577629668,-1.2824168501994224
128.90936589241028,-0.27667015462772265,0.2858972503540359,-1.0637766220730276,-1.3017960282324
128.96345567703247,-0.27667015462772265,0.2858972503540359,-1.0822652962621382,-1.3218658861629602
129.02016639709473,-0.27667015462772265,0.2858972503540359,-1.1016655803110977,-1.3428401002576085
129.07069063186646,-0.27667015462772265,0.2858972503540359,-1.1189626082342239,-1.3614671001651564
129.12151050567627,-0.27667015462772265,0.2858972503540359,-1.1363728473546577,-1.3801464582510086
129.17225527763367,-0.27667015462772265,0.2858972503540359,-1.153768934872829,-1.3987411622530412
129.22280526161194,-0.27667015462772265,0.2858972503540359,-1.1711093203132386,-1.4172074396551277
129.27367281913757,-0.27667015462772265,0.2858972503540359,-1.1885693695043833,-1.4357318809921698
129.324289560318,-0.27667015462772265,0.2858972503540359,-1.2059535755245214,-1.4541070149196453
129.37478280067444,-0.27667015462772265,0.2858972503540359,-1.2233051221951587,-1.4723793393690494
129.4253363609314,-0.27667015462772265,0.2858972503540359,-1.2406867304446019,-1.490615123246846
129.47731041908264,-0.7000762298749538,-0.23833096241277588,-1.258566025815416,-1.5093020462968338
129.53164291381836,-0.7000762298749538,-0.23833096241277588,-1.2772661921536232,-1.5287701060029868
129.6083631515503,-0.7000762298749538,-0.23833096241277588,-1.3036873895592018,-1.556142829008504
129.68530297279358,-0.7000762298749538,-0.23833096241277588,-1.3302011949832133,-1.5834550100146658
129.75975894927979,-0.7000762298749538,-0.23833096241277588,-1.3558738134074386,-1.6097518914947055
129.81031465530396,-0.7000762298749538,-0.23833096241277588,-1.3733131127313538,-1.6275320422396267
129.86088871955872,-0.7000762298749538,-0.23833096241277588,-1.3907643558709861,-1.645257178714648
129.91143107414246,-0.7000762298749538,-0.23833096241277588,-1.4082098273711294,-1.6629094351884337
129.97852230072021,-0.7000762298749538,-0.23833096241277588,-1.4313746317283635,-1.686245530227665
130.04163146018982,-0.7000762298749538,-0.23833096241277588,-1.453171228003609,-1.708095996145738
130.1115746498108,-0.7000762298749538,-0.23833096241277588,-1.477334682151675,-1.732197929300489
130.16205191612244,-0.7000762298749538,-0.23833096241277588,-1.4947768227743765,-1.7495166440870504
130.21313738822937,-0.7000762298749538,-0.23833096241277588,-1.5124317175308646,-1.766979297421521
130.26364874839783,-0.7000762298749538,-0.23833096241277588,-1.5298903213721162,-1.784181339531477
130.31690096855164,-0.7000762298749538,-0.23833096241277588,-1.548298062590599,-1.8022471416569337
130.37182116508484,-1.0851054465133927,-0.6860571140804798,-1.5672837655372067,-1.820803513541979
130.4545602798462,-1.0851054465133927,-0.6860571140804798,-1.5958877858320266,-1.848614057418128
130.52336192131042,-1.0851054465133927,-0.6860571140804798,-1.6196735046861126,-1.8716060405346637
130.57422184944153,-1.0851054465133927,-0.6860571140804798,-1.6372558487254727,-1.888523665700304
130.62651300430298,-1.0851054465133927,-0.6860571140804798,-1.6553318465277749,-1.9058472930429615
130.68816828727722,-1.0851054465133927,-0.6860571140804798,-1.676642705427243,-1.9261814489738867
130.7488567829132,-1.0851054465133927,-0.6860571140804798,-1.6976164015229025,-1.9460992908778694
130.81622433662415,-1.0851054465133927,-0.6860571140804798,-1.7208939260518472,-1.9680952955127138
130.89892292022705,-1.0851054465133927,-0.6860571140804798,-1.749460905052481,-1.994932127491875
130.99165058135986,-1.0851054465133927,-0.6860571140804798,-1.7814796640610078,-2.024805895563519
131.06748008728027,-1.0851054465133927,-0.6860571140804798,-1.8076517361449096,-2.049063396292482
131.12513661384583,-1.0851054465133927,-0.6860571140804798,-1.8275434204561036,-2.0674030687400844
131.17745351791382,-1.4256606102844789,-1.0616535203583186,-1.8455862419213456,-2.0839658559757477
131.28782677650452,-1.4256606102844789,-1.0616535203583186,-1.8836281417991545,-2.118662196574769
131.3967547416687,-1.4256606102844789,-1.0616535203583186,-1.9211373342488713,-2.1525742043230833
131.50325417518616,-1.4256606102844789,-1.0616535203583186,-1.957772705796347,-2.185410491048784
131.57061648368835,-1.4256606102844789,-1.0616535203583186,-1.9809239566522403,-2.2060155164878146
131.62962460517883,-1.4256606102844789,-1.0616535203583186,-2.0011895627091327,-2.223959869396961
131.699045419693,-1.4256606102844789,-1.0616535203583186,-2.0250129717794225,-2.2449442536466693
131.74968576431274,-1.4256606102844789,-1.0616535203583186,-2.042378291900305,-2.2601650966580054
131.80020761489868,-1.4256606102844789,-1.0616535203583186,-2.0596914361860725,-2.2752772124435765
131.85063099861145,-1.4256606102844789,-1.0616535203583186,-2.076958889045587,-2.290286800010191
131.90380191802979,-1.4256606102844789,-1.0616535203583186,-2.095153805183756,-2.3060348851814165
132.01087141036987,-1.4256606102844789,-1.0616535203583186,-2.1317486874933773,-2.337498163745048
132.0806450843811,-1.4256606102844789,-1.0616535203583186,-2.1555630935348686,-2.357822164339836
132.13563919067383,-1.5375013654421283,-1.181907089167529,-2.1743136541195343,-2.373740722290875
132.202721118927,-1.5375013654421283,-1.181907089167529,-2.197161500384129,-2.3930379053553583
132.25315117835999,-1.5375013654421283,-1.181907089167529,-2.2143197220160644,-2.407457526841377
132.30361008644104,-1.5375013654421283,-1.181907089167529,-2.231471739176162,-2.4218100601967816
132.35425806045532,-1.5375013654421283,-1.181907089167529,-2.2486714517684403,-2.4361403474512695
132.40480399131775,-1.5375013654421283,-1.181907089167529,-2.265819501135599,-2.4503655874009653
132.46425914764404,-1.5375013654421283,-1.181907089167529,-2.285967696473668,-2.4670004469977043
132.51677656173706,-1.6160582702630089,-1.2658588922995828,-2.303744149380263,-2.4816060531876873
132.56729769706726,-1.6160582702630089,-1.2658588922995828,-2.3208260856588385,-2.4955781847654706
132.65743708610535,-1.6160582702630089,-1.2658588922995828,-2.351256292855853,-2.520315735064931
132.71061730384827,-1.6160582702630089,-1.2658588922995828,-2.369180162701347,-2.5347948407163194
132.76136445999146,-1.6160582702630089,-1.2658588922995828,-2.386263135314724,-2.5485312956128903
132.83528566360474,-1.6160582702630089,-1.2658588922995828,-2.411109754911914,-2.568399970938199
132.88767957687378,-1.6160582702630089,-1.2658588922995828,-2.42869299679107,-2.5823811809256125
132.98433542251587,-1.6160582702630089,-1.2658588922995828,-2.461068524441447,-2.6079521492341544
133.03583240509033,-1.6160582702630089,-1.2658588922995828,-2.47828410910835,-2.6214583366344546
133.08773732185364,-1.8065628685993846,-1.4716292240422677,-2.4956117431099925,-2.634988430402572
133.14474439620972,-1.8065628685993846,-1.4716292240422677,-2.514613925358131,-2.6497521301066733
133.20071077346802,-1.8065628685993846,-1.4716292240422677,-2.5332393435776135,-2.6641478898000455
133.25186777114868,-1.8065628685993846,-1.4716292240422677,-2.550237798737321,-2.6772210358565607
133.30250787734985,-1.8065628685993846,-1.4716292240422677,-2.567039170917784,-2.6900814189348456
133.35303735733032,-1.8065628685993846,-1.4716292240422677,-2.583778261643695,-2.702833511386077
133.40559601783752,-1.8065628685993846,-1.4716292240422677,-2.60116196640104,-2.716012499569965
133.45693731307983,-1.8065628685993846,-1.4716292240422677,-2.6181153709109646,-2.728802142855509
133.5079174041748,-1.8065628685993846,-1.4716292240422677,-2.634921980146539,-2.741419376717198
133.55988836288452,-1.8065628685993846,-1.4716292240422677,-2.6520265333268034,-2.754197095689862
133.6552972793579,-1.8065628685993846,-1.4716292240422677,-2.683350173226554,-2.777431201967826
133.78270959854126,-1.8065628685993846,-1.4716292240422677,-2.7250205655733892,-2.808005985919956
133.83338689804077,-1.8065628685993846,-1.4716292240422677,-2.741542256633551,-2.820022362530953
133.88457536697388,-1.8065628685993846,-1.4716292240422677,-2.7581996237433275,-2.8320761834581
133.94819331169128,-2.242836388432955,-1.93429145625723,-2.7788576034309553,-2.8469392982906805
134.00723433494568,-2.242836388432955,-1.93429145625723,-2.7979849097286675,-2.8606162384323115
134.09285140037537,-2.242836388432955,-1.93429145625723,-2.8256444171687938,-2.8802491499600658
134.143292427063,-2.242836388432955,-1.93429145625723,-2.8418961783614405,-2.8917044904722586
134.1937437057495,-2.242836388432955,-1.93429145625723,-2.8581182381794745,-2.903079395194785
134.24447464942932,-2.242836388432955,-1.93429145625723,-2.874396484081979,-2.9144337364094333
134.29676747322083,-2.242836388432955,-1.93429145625723,-2.891140005811766,-2.9260497260632916
134.36132955551147,-2.242836388432955,-1.93429145625723,-2.9117609960314654,-2.940267758403973
134.51806235313416,-2.242836388432955,-1.93429145625723,-2.961581137763562,-2.974214899264493
134.60930180549622,-2.242836388432955,-1.93429145625723,-2.9904224763696217,-2.9936042351116154
134.6662380695343,-2.242836388432955,-1.93429145625723,-3.008358975435073,-3.005564449205295
134.73358607292175,-2.242836388432955,-1.93429145625723,-3.0295135027478923,-3.019573234727008
134.80296802520752,-2.242836388432955,-1.93429145625723,-3.0512356263588223,-3.0338477560098425
134.8841643333435,-2.242836388432955,-1.93429145625723,-3.076563184613393,-3.050349728439184
134.9356107711792,-2.242836388432955,-1.93429145625723,-3.0925579394081946,-3.060691830393588
134.99159455299377,-2.6136705099994457,-2.306015154670115,-3.10991605786411,-3.0718457252685236
135.0441575050354,-2.6136705099994457,-2.306015154670115,-3.1261681294649013,-3.0822227525476467
135.09468603134155,-2.6136705099994457,-2.306015154670115,-3.141749249286698,-3.0921109923312504
135.14633202552795,-2.6136705099994457,-2.306015154670115,-3.157632018177947,-3.10212951333491
135.19712209701538,-2.6136705099994457,-2.306015154670115,-3.1732087754364118,-3.111894725034611
135.24775195121765,-2.6136705099994457,-2.306015154670115,-3.188693716235385,-3.121542887777158
135.29972338676453,-2.6136705099994457,-2.306015154670115,-3.2045441867588007,-3.1313570336081553
135.36632704734802,-2.6136705099994457,-2.306015154670115,-3.22479016093309,-3.1438013017280215
135.43632650375366,-2.6136705099994457,-2.306015154670115,-3.2459861159517724,-3.1567187917005475
135.49508142471313,-2.6136705099994457,-2.306015154670115,-3.2637112862986406,-3.1674334926809644
135.58063793182373,-2.6136705099994457,-2.306015154670115,-3.2894128648564545,-3.182826970128331
135.6311593055725,-2.6136705099994457,-2.306015154670115,-3.3045282250830943,-3.1918004286426362
135.68177223205566,-2.6136705099994457,-2.306015154670115,-3.3196246480225975,-3.2007033473603936
135.73241066932678,-2.6136705099994457,-2.306015154670115,-3.3346818360410375,-3.209523722957929
135.78626084327698,-3.165961677934992,-2.806948179211351,-3.3506421257176022,-3.2188079276051775
135.84044313430786,-3.165961677934992,-2.806948179211351,-3.3666463381621576,-3.228049841958214
135.89278721809387,-3.165961677934992,-2.806948179211351,-3.3820551573818896,-3.236883290825915
135.94558835029602,-3.165961677934992,-2.806948179211351,-3.3975458249083372,-3.2456992761263903
135.99608278274536,-3.165961677934992,-2.806948179211351,-3.4123097982877306,-3.254041175593305
136.05607175827026,-3.165961677934992,-2.806948179211351,-3.4297857760516037,-3.2638384939124556
136.1250660419464,-3.165961677934992,-2.806948179211351,-3.4497982405972714,-3.2749545218511114
136.2260229587555,-3.165961677934992,-2.806948179211351,-3.478911971718441,-3.2909267827213378
136.30688667297363,-3.165961677934992,-2.806948179211351,-3.502083721586293,-3.3034683925109367
136.35869789123535,-3.165961677934992,-2.806948179211351,-3.5168605186117134,-3.3113862759393955
136.40938520431519,-3.165961677934992,-2.806948179211351,-3.531263442215965,-3.319043296134749
136.4600133895874,-3.165961677934992,-2.806948179211351,-3.5455964804099276,-3.32660335852103
136.51071548461914,-3.165961677934992,-2.806948179211351,-3.55989684612865,-3.3340862422043314
136.56316089630127,-3.165961677934992,-2.806948179211351,-3.5746320210171603,-3.341733480201964
136.6138277053833,-3.6413428440541145,-3.19507411742335,-3.5888120985215335,-3.3490315785681952
136.66455078125,-3.6413428440541145,-3.19507411742335,-3.602952980565396,-3.3562493463808805
136.71557116508484,-3.6413428440541145,-3.19507411742335,-3.6171208613908923,-3.363420117625859
136.76620221138,-3.6413428440541145,-3.19507411742335,-3.631124792765437,-3.370447591311563
136.81745076179504,-3.6413428440541145,-3.19507411742335,-3.645242445565821,-3.377470880038476
136.86823630332947,-3.6413428440541145,-3.19507411742335,-3.6591754826453706,-3.3843414687337416
136.9494824409485,-3.6413428440541145,-3.19507411742335,-3.6813462039274105,-3.395148134584528
137.00585532188416,-3.6413428440541145,-3.19507411742335,-3.696642440864288,-3.4025126569582715
137.0582995414734,-3.6413428440541145,-3.19507411742335,-3.710808107195558,-3.409265547424979
137.1208348274231,-3.6413428440541145,-3.19507411742335,-3.727617458116323,-3.417193795401395
137.1759910583496,-3.6413428440541145,-3.19507411742335,-3.7423687141494457,-3.4240745507781414
137.24001359939575,-3.6413428440541145,-3.19507411742335,-3.7594027764034097,-3.431929740567144
137.30405640602112,-3.6413428440541145,-3.19507411742335,-3.776346369769056,-3.4396458943672474
137.3610496520996,-3.6413428440541145,-3.19507411742335,-3.7913435870297243,-3.44639364156433
137.4150083065033,-3.9472349451080384,-3.4446790612382108,-3.805471176442105,-3.4526787827104597
137.46760034561157,-3.9472349451080384,-3.4446790612382108,-3.819173922103639,-3.4587080240270325
137.52809953689575,-3.9472349451080384,-3.4446790612382108,-3.8348544199154215,-3.4655256684455766
137.61585021018982,-3.9472349451080384,-3.4446790612382108,-3.8574399964407196,-3.4751897617760705
137.66643524169922,-3.9472349451080384,-3.4446790612382108,-3.870373984828197,-3.4806399957927137
137.71710634231567,-3.9472349451080384,-3.4446790612382108,-3.8832665977108958,-3.486010972286917
137.76763534545898,-3.9472349451080384,-3.4446790612382108,-3.896059487925654,-3.491278664496471
137.82615780830383,-3.9472349451080384,-3.4446790612382108,-3.9107962984045384,-3.49726959394647
137.96719002723694,-3.9472349451080384,-3.4446790612382108,-3.9459545279165913,-3.5112217101814074
138.02238988876343,-3.9472349451080384,-3.4446790612382108,-3.9595771052238016,-3.5164958388981984
138.0755717754364,-3.9472349451080384,-3.4446790612382108,-3.9726273476346723,-3.5214778482994156
138.14606928825378,-3.9472349451080384,-3.4446790612382108,-3.9898134370244587,-3.5279317942226704
138.19937109947205,-3.9472349451080384,-3.4446790612382108,-4.002721242245551,-3.5326978952420225
138.27630615234375,-4.1715979558086635,-3.6298279121554478,-4.021220189019345,-3.539404803669076
138.32685446739197,-4.1715979558086635,-3.6298279121554478,-4.033289010032766,-3.5437005866755165
138.37738800048828,-4.1715979558086635,-3.6298279121554478,-4.045286108090986,-3.5479073088817117
138.4322054386139,-4.1715979558086635,-3.6298279121554478,-4.05822270102848,-3.5523714277498426
138.48263907432556,-4.1715979558086635,-3.6298279121554478,-4.070053065057502,-3.5563873937011796
138.53308963775635,-4.1715979558086635,-3.6298279121554478,-4.081818286914384,-3.5603173549543987
138.5868217945099,-4.1715979558086635,-3.6298279121554478,-4.0942723504575165,-3.564406921901995
138.66104531288147,-4.1715979558086635,-3.6298279121554478,-4.111345413089286,-3.569893297516301
138.82686066627502,-4.1715979558086635,-3.6298279121554478,-4.148934116592532,-3.581468453927623
139.03921699523926,-4.1715979558086635,-3.6298279121554478,-4.195941106099391,-3.5949205533356916
139.11068558692932,-4.1715979558086635,-3.6298279121554478,-4.211471074493817,-3.5991021138399955
139.18593335151672,-4.1715979558086635,-3.6298279121554478,-4.227662430160394,-3.6033169885681393
139.29007577896118,-4.1715979558086635,-3.6298279121554478,-4.2497985532385485,-3.6088330234513317
139.34348511695862,-4.1715979558086635,-3.6298279121554478,-4.2610273550148765,-3.611519195126588
139.39409923553467,-4.326351716645233,-3.754449531901873,-4.2715905991871,-3.613975604349064
139.4504144191742,-4.326351716645233,-3.754449531901873,-4.283254143190377,-3.6166068115421712
139.50177240371704,-4.326351716645233,-3.754449531901873,-4.293808388624191,-3.6189129418536186
139.55214738845825,-4.326351716645233,-3.754449531901873,-4.304083707856655,-3.6210884134524943
139.60273480415344,-4.326351716645233,-3.754449531901873,-4.314325354890024,-3.6231869285930918
139.65351819992065,-4.326351716645233,-3.754449531901873,-4.324528717456473,-3.625206857738696
139.70469689369202,-4.326351716645233,-3.754449531901873,-4.334732124103829,-3.627154711636269
139.75636887550354,-4.326351716645233,-3.754449531901873,-4.344952674704428,-3.629032030019403
139.80738496780396,-4.326351716645233,-3.754449531901873,-4.354963094683358,-3.6307975901659657
139.85855174064636,-4.326351716645233,-3.754449531901873,-4.364922491994243,-3.632480720637097
139.90973019599915,-4.326351716645233,-3.754449531901873,-4.37480307891165,-3.634076544083177
139.96066617965698,-4.326351716645233,-3.754449531901873,-4.384555991510628,-3.6355778416758486
140.01161074638367,-4.490320804803805,-3.8809263189830068,-4.394229515583435,-3.6369927273142943
140.06269311904907,-4.490320804803805,-3.8809263189830068,-4.4038474981768765,-3.6383245344057196
140.1135289669037,-4.490320804803805,-3.8809263189830068,-4.413337499948553,-3.639563639759972
140.16448211669922,-4.490320804803805,-3.8809263189830068,-4.422767415583388,-3.640719362713222
140.21537351608276,-4.490320804803805,-3.8809263189830068,-4.432103640921504,-3.641787625200586
140.26662755012512,-4.490320804803805,-3.8809263189830068,-4.441422964657349,-3.6427766987345596
140.31739211082458,-4.490320804803805,-3.8809263189830068,-4.45057043088772,-3.6436705901433726
140.36874842643738,-4.490320804803805,-3.8809263189830068,-4.459740286611247,-3.6444882117001747
140.4216103553772,-4.490320804803805,-3.8809263189830068,-4.469090132040856,-3.6452388832252276
140.4723711013794,-4.490320804803805,-3.8809263189830068,-4.477983177489579,-3.6458730487818936
140.52328777313232,-4.490320804803805,-3.8809263189830068,-4.486819399403875,-3.646423999355355
140.57559084892273,-4.490320804803805,-3.8809263189830068,-4.495808142503346,-3.6469012897270914
140.62606239318848,-4.490320804803805,-3.8809263189830068,-4.504397171964833,-3.647276821345172
140.67677640914917,-4.917345159337638,-4.112317493115356,-4.512943112274025,-3.64757016816269
140.72768545150757,-4.917345159337638,-4.112317493115356,-4.521436561957804,-3.6477801122543543
140.77831387519836,-4.917345159337638,-4.112317493115356,-4.529798072376865,-3.6479050519988476
140.82931184768677,-4.917345159337638,-4.112317493115356,-4.5381344867390965,-3.647946521221509
140.88143277168274,-4.917345159337638,-4.112317493115356,-4.546564824813711,-3.64790155617714
140.93212127685547,-4.917345159337638,-4.112317493115356,-4.554676249516455,-3.6477732920405566
140.9858615398407,-4.917345159337638,-4.112317493115356,-4.56318175941295,-3.647546444203069
141.04398345947266,-4.917345159337638,-4.112317493115356,-4.572271136891821,-3.6471960489077184
141.0946226119995,-4.917345159337638,-4.112317493115356,-4.580097124426142,-3.646801957699557
141.14554834365845,-4.917345159337638,-4.112317493115356,-4.587879563647209,-3.646322407261305
141.19615292549133,-4.917345159337638,-4.112317493115356,-4.595525378132638,-3.645763369203226
141.2470405101776,-4.917345159337638,-4.112317493115356,-4.603125654966775,-3.645118430115867
141.29773807525635,-4.917345159337638,-4.112317493115356,-4.61060921450013,-3.6443935269503536
141.34959292411804,-4.917345159337638,-4.112317493115356,-4.618172089278785,-3.64356719921597
141.4006519317627,-4.917345159337638,-4.112317493115356,-4.625528172042284,-3.6426698626485887
141.45131874084473,-5.282250488453951,-4.28454605334104,-4.632738479172787,-3.6416975061847805
141.5022633075714,-5.282250488453951,-4.28454605334104,-4.639898369464642,-3.640637728767986
141.55337691307068,-5.282250488453951,-4.28454605334104,-4.646991093233206,-3.639491891977037
141.60422253608704,-5.282250488453951,-4.28454605334104,-4.653955990479263,-3.6382702153105093
141.65519642829895,-5.282250488453951,-4.28454605334104,-4.660847434603047,-3.636963700815302
141.70687174797058,-5.282250488453951,-4.28454605334104,-4.667740396253615,-3.635555844156965
141.7575249671936,-5.282250488453951,-4.28454605334104,-4.674405563776782,-3.634094564040031
141.80804419517517,-5.282250488453951,-4.28454605334104,-4.680962647604613,-3.6325571989345926
141.85856294631958,-5.282250488453951,-4.28454605334104,-4.687429073817235,-3.630940193851265
141.93202686309814,-5.282250488453951,-4.28454605334104,-4.69667029421208,-3.6284470145720555
142.00555181503296,-5.282250488453951,-4.28454605334104,-4.705726020888655,-3.6257841107560966
142.05727577209473,-5.460012477918004,-4.373994175895056,-4.711980398237928,-3.623810616161968
142.11834073066711,-5.460012477918004,-4.373994175895056,-4.719240291984404,-3.6213745525787986
142.21893048286438,-5.460012477918004,-4.373994175895056,-4.730905370964942,-3.6171119703881276
142.29271268844604,-5.460012477918004,-4.373994175895056,-4.739228204649891,-3.6137885725848093
142.3433883190155,-5.460012477918004,-4.373994175895056,-4.744829657651804,-3.6114098704691395
142.39667534828186,-5.460012477918004,-4.373994175895056,-4.750618533117115,-3.6088244429165313
142.46424746513367,-5.460012477918004,-4.373994175895056,-4.757809615639491,-3.6054222541919434
142.52071022987366,-5.460012477918004,-4.373994175895056,-4.7636897063966845,-3.6024737043898636
142.66280460357666,-5.460012477918004,-4.373994175895056,-4.777966707244946,-3.5946296252496226
142.72088074684143,-5.460012477918004,-4.373994175895056,-4.783586436272797,-3.5912498757472266
142.77892756462097,-5.460012477918004,-4.373994175895056,-4.789077864266691,-3.5877715851092202
142.8416793346405,-5.460012477918004,-4.373994175895056,-4.794872911063247,-3.583899021173895
142.89434123039246,-5.460012477918004,-4.373994175895056,-4.799622426108078,-3.5805593612750695
142.95318937301636,-5.460012477918004,-4.373994175895056,-4.804806741282918,-3.5767308081789277
143.0293164253235,-5.460012477918004,-4.373994175895056,-4.8113199281283485,-3.5716274690880727
143.0959129333496,-5.551541722156829,-4.411343881147629,-4.816838340097923,-3.567024252332394
143.1475281715393,-5.551541722156829,-4.411343881147629,-4.8209998857805445,-3.563367830840691
143.20018696784973,-5.551541722156829,-4.411343881147629,-4.825141405282393,-3.5595579261875376
143.2586829662323,-5.551541722156829,-4.411343881147629,-4.8296183833143935,-3.555231815636894
143.39337801933289,-5.551541722156829,-4.411343881147629,-4.839430807774184,-3.544896646066919
143.45345401763916,-5.551541722156829,-4.411343881147629,-4.843583309114885,-3.5401199038125806
143.50737047195435,-5.551541722156829,-4.411343881147629,-4.847192022626481,-3.5357456347697402
143.55793929100037,-5.551541722156829,-4.411343881147629,-4.850474985086111,-3.531568206901208
143.60831332206726,-5.551541722156829,-4.411343881147629,-4.853647246862662,-3.527335185329163
143.65901923179626,-5.551541722156829,-4.411343881147629,-4.856741385872774,-3.5230022752513497
143.7098524570465,-5.551541722156829,-4.411343881147629,-4.859743384797911,-3.5185862359947238
143.77925300598145,-5.551541722156829,-4.411343881147629,-4.863680042282908,-3.51244086985188
143.90592074394226,-5.551541722156829,-4.411343881147629,-4.870381970116304,-3.500880369188488
144.0497829914093,-5.624326962487191,-4.431140800011769,-4.877233564664896,-3.4872157488690094
144.11874055862427,-5.624326962487191,-4.431140800011769,-4.8802300411192405,-3.4804659170797168
144.22582864761353,-5.624326962487191,-4.431140800011769,-4.884512573543123,-3.469728952163556
144.30074310302734,-5.624326962487191,-4.431140800011769,-4.8872395328226546,-3.462034758467891
144.4080512523651,-5.624326962487191,-4.431140800011769,-4.890758842029889,-3.4507530192203055
144.5118350982666,-5.624326962487191,-4.431140800011769,-4.89372796988633,-3.4395521943333964
144.62781238555908,-5.624326962487191,-4.431140800011769,-4.8965387634131625,-3.4267015058474044
144.7068750858307,-5.624326962487191,-4.431140800011769,-4.8981472141312175,-3.4177407661513772
144.84644508361816,-5.624326962487191,-4.431140800011769,-4.900375960311294,-3.401529707759568
144.91056656837463,-5.624326962487191,-4.431140800011769,-4.901137889955728,-3.3939153435554683
145.0842261314392,-5.624326962487191,-4.431140800011769,-4.9023705501444645,-3.372772483021925
145.1775131225586,-5.649611518688571,-4.432915264627516,-4.90253036618282,-3.3611038900309147
145.2592191696167,-5.649611518688571,-4.432915264627516,-4.902381177066911,-3.3507072431784426
145.34071898460388,-5.649611518688571,-4.432915264627516,-4.901962875099694,-3.34017385850438
145.41725254058838,-5.649611518688571,-4.432915264627516,-4.901324620472915,-3.3301352814380127
145.47448182106018,-5.649611518688571,-4.432915264627516,-4.9006917911680326,-3.322536344300433
145.52498650550842,-5.649611518688571,-4.432915264627516,-4.9000226232611315,-3.315765014929402
145.5791139602661,-5.649611518688571,-4.432915264627516,-4.899190119390664,-3.3084403804156715
145.64770436286926,-5.649611518688571,-4.432915264627516,-4.8979635782748705,-3.2990587271651033
145.70776915550232,-5.649611518688571,-4.432915264627516,-4.8967317967032535,-3.2907520798452157
145.7709150314331,-5.6688191743989975,-4.430292492083163,-4.895277892761637,-3.281928213511837
145.82458567619324,-5.6688191743989975,-4.430292492083163,-4.893913954249643,-3.2743554204352208
145.8770613670349,-5.6688191743989975,-4.430292492083163,-4.8924663907729355,-3.2668867874928966
145.92756128311157,-5.6688191743989975,-4.430292492083163,-4.8909668240807544,-3.259639528546388
145.9794464111328,-5.6688191743989975,-4.430292492083163,-4.889317244438134,-3.2521327007856518
146.05223488807678,-5.6688191743989975,-4.430292492083163,-4.8868169405034525,-3.241498380398445
146.1086094379425,-5.6688191743989975,-4.430292492083163,-4.884730979633048,-3.2331798941911556
146.15900802612305,-5.6688191743989975,-4.430292492083163,-4.882755587557122,-3.2256828466645047
146.20953750610352,-5.6688191743989975,-4.430292492083163,-4.880670226824948,-3.2181094637233283
146.26009249687195,-5.6688191743989975,-4.430292492083163,-4.8784786982071076,-3.210475603598149
146.3163707256317,-5.6688191743989975,-4.430292492083163,-4.875915329302014,-3.201911276348145
146.42630982398987,-5.6869727642111,-4.426538963731782,-4.870531430390317,-3.184981255946843
146.5797836780548,-5.6869727642111,-4.426538963731782,-4.862182061375898,-3.160910943094218
146.7015678882599,-5.6869727642111,-4.426538963731782,-4.854864799979008,-3.1414546358430613
146.7735550403595,-5.6869727642111,-4.426538963731782,-4.850251385559736,-3.1298078698554272
146.8750581741333,-5.6869727642111,-4.426538963731782,-4.843382394079063,-3.1132036168431343
146.9490225315094,-5.6869727642111,-4.426538963731782,-4.8381086429125,-3.1009714608279517
147.00048184394836,-5.6869727642111,-4.426538963731782,-4.834306013774858,-3.0923957770887713
147.05364871025085,-5.6869727642111,-4.426538963731782,-4.830262103920858,-3.0834796143255385
147.1756649017334,-5.6869727642111,-4.426538963731782,-4.82053907138112,-3.0628046215491835
147.2941496372223,-5.6869727642111,-4.426538963731782,-4.810507542892717,-3.042448227470138
147.34803104400635,-5.7016356346004216,-4.418504786762296,-4.805753372967281,-3.0331011220499353
147.43234372138977,-5.7016356346004216,-4.418504786762296,-4.798072875219823,-3.018363440756061
147.50242114067078,-5.7016356346004216,-4.418504786762296,-4.791465122126386,-3.006011548922475
147.57438611984253,-5.7016356346004216,-4.418504786762296,-4.78446774254805,-2.993231166582664
147.66660404205322,-5.7016356346004216,-4.418504786762296,-4.775187663500838,-2.9767137806226893
147.73790502548218,-5.7016356346004216,-4.418504786762296,-4.767771175253666,-2.9638361468305146
147.8104178905487,-5.7016356346004216,-4.418504786762296,-4.7600128326548194,-2.950645307141175
147.87146401405334,-5.7016356346004216,-4.418504786762296,-4.7533126713520675,-2.9394674121297424
147.92869067192078,-5.7016356346004216,-4.418504786762296,-4.746891732844718,-2.9289289054881253
147.99872612953186,-5.7016356346004216,-4.418504786762296,-4.738849342417401,-2.9159534121194275
148.05409932136536,-5.7016356346004216,-4.418504786762296,-4.732347136479403,-2.9056340694309446
148.11992073059082,-5.713469600337425,-4.403961392191106,-4.724453233974717,-2.893299007497782
148.17037963867188,-5.713469600337425,-4.403961392191106,-4.7182805667907495,-2.8837929329332423
148.22731280326843,-5.713469600337425,-4.403961392191106,-4.711189681411454,-2.8730155794382393
148.27797436714172,-5.713469600337425,-4.403961392191106,-4.704767428759395,-2.8633798536477113
148.33322620391846,-5.713469600337425,-4.403961392191106,-4.697642578779548,-2.852822590080673
148.38372159004211,-5.713469600337425,-4.403961392191106,-4.691021000390966,-2.8431303288577343
148.44317650794983,-5.713469600337425,-4.403961392191106,-4.683089840458228,-2.831665189390919
148.5863835811615,-5.713469600337425,-4.403961392191106,-4.663388825634031,-2.8038170067944126
148.63902807235718,-5.713469600337425,-4.403961392191106,-4.655934451112715,-2.793498376457613
148.69278407096863,-5.713469600337425,-4.403961392191106,-4.648205162981682,-2.782917450018119
148.7564914226532,-5.713469600337425,-4.403961392191106,-4.638891368363617,-2.770320251123956
148.82486581802368,-5.713469600337425,-4.403961392191106,-4.62870998519477,-2.756731600812852
148.90867161750793,-5.713469600337425,-4.403961392191106,-4.615969371936959,-2.7399805665825068
149.00670742988586,-5.713469600337425,-4.403961392191106,-4.600700500966539,-2.720253828125847
149.07270312309265,-5.713469600337425,-4.403961392191106,-4.5902004886352294,-2.7068956899813386
149.14351344108582,-5.715109661141933,-4.365108239681598,-4.578736659734746,-2.6924938832361405
149.24043679237366,-5.715109661141933,-4.365108239681598,-4.5627137505351865,-2.6726668720480076
149.31983065605164,-5.715109661141933,-4.365108239681598,-4.549303700335066,-2.6563291277993812
149.3879177570343,-5.715109661141933,-4.365108239681598,-4.537599271304107,-2.642249983709971
149.50954627990723,-5.715109661141933,-4.365108239681598,-4.516222567311409,-2.616945990030615
149.5741126537323,-5.715109661141933,-4.365108239681598,-4.504631204770032,-2.6034349305409354
149.6573829650879,-5.715109661141933,-4.365108239681598,-4.489433065040632,-2.5859312035090505
149.73641443252563,-5.715109661141933,-4.365108239681598,-4.474749643592667,-2.5692379193486863
149.89003944396973,-5.714497966501102,-4.361243288312089,-4.445487575358296,-2.53656979695444
150.00579142570496,-5.714497966501102,-4.361243288312089,-4.422813322199888,-2.511769688537919
150.1451289653778,-5.714497966501102,-4.361243288312089,-4.39480772766046,-2.4817119343573717
150.23851227760315,-5.714497966501102,-4.361243288312089,-4.375605006423463,-2.461446176742635
150.33842968940735,-5.714497966501102,-4.361243288312089,-4.354674582645961,-2.439657892093673
150.40110325813293,-5.7122658012996,-4.352328420091146,-4.341343763828227,-2.425937267023119
150.45147228240967,-5.7122658012996,-4.352328420091146,-4.330517448904013,-2.4148808982499315
150.521062374115,-5.7122658012996,-4.352328420091146,-4.315394832045936,-2.3995629053395717
150.6272313594818,-5.7122658012996,-4.352328420091146,-4.291955477585763,-2.376100460422704
150.67971467971802,-5.7122658012996,-4.352328420091146,-4.280204815542112,-2.3644616335332063
150.7303478717804,-5.7122658012996,-4.352328420091146,-4.268765970690371,-2.3532082734595994
150.78329205513,-5.7122658012996,-4.352328420091146,-4.256697658825946,-2.341415647206411
150.84826469421387,-5.7122658012996,-4.352328420091146,-4.241737807740282,-2.3269086619397563
150.96130561828613,-5.7122658012996,-4.352328420091146,-4.2153181207562325,-2.3015790035490435
151.13862371444702,-5.7122658012996,-4.352328420091146,-4.172876595251943,-2.2616251691507436
151.19807362556458,-5.7122658012996,-4.352328420091146,-4.158375160586894,-2.2481717203934206
151.2497489452362,-5.7122658012996,-4.352328420091146,-4.1456596258719625,-2.2364548143867498
151.3033766746521,-5.7122658012996,-4.352328420091146,-4.132355208763632,-2.2242732247003323
151.4231297969818,-5.7122658012996,-4.352328420091146,-4.102248286701759,-2.196992675208681
151.53689169883728,-5.7122658012996,-4.352328420091146,-4.073140970074935,-2.1709803403714014
151.61032032966614,-5.674531643810847,-4.255963361383289,-4.054092397722412,-2.154142570807635
151.70284748077393,-5.674531643810847,-4.255963361383289,-4.0297989812764,-2.1328740288071444
151.77705836296082,-5.674531643810847,-4.255963361383289,-4.010081429900104,-2.115775842579434
151.84101843833923,-5.674531643810847,-4.255963361383289,-3.9929215474499644,-2.101011988388879
151.89452409744263,-5.674531643810847,-4.255963361383289,-3.978448829607907,-2.0886423982732114
151.96405029296875,-5.674531643810847,-4.255963361383289,-3.959483070963445,-2.0725441860471374
152.1396963596344,-5.674531643810847,-4.255963361383289,-3.910769454502569,-2.0317556416318237
152.29149341583252,-5.674531643810847,-4.255963361383289,-3.8677530030244185,-1.9963776564360987
152.40445756912231,-5.674531643810847,-4.255963361383289,-3.8351934096915916,-1.9699798783040743
152.53809762001038,-5.674531643810847,-4.255963361383289,-3.79607523449742,-1.9386796645933981
152.68767476081848,-5.674531643810847,-4.255963361383289,-3.7515274883568246,-1.9035640902012894
152.80352091789246,-5.674531643810847,-4.255963361383289,-3.7164749114037345,-1.8763134758947189
152.95859098434448,-5.667149116024323,-4.241675751074525,-3.668807746877364,-1.8397712813849156
153.1022469997406,-5.667149116024323,-4.241675751074525,-3.623893260394955,-1.8058613171511508
153.16107201576233,-5.667149116024323,-4.241675751074525,-3.6052932016085277,-1.7919618357481515
153.31284070014954,-5.667149116024323,-4.241675751074525,-3.5567504632283766,-1.7560695476188974
153.44984817504883,-5.667149116024323,-4.241675751074525,-3.5122478529153303,-1.7236358370253104
153.62958312034607,-5.667149116024323,-4.241675751074525,-3.4528967754517534,-1.6810537875293623
153.79701232910156,-5.6629958724258485,-4.234261071299834,-3.396630321371006,-1.6413666999292205
153.87230110168457,-5.6629958724258485,-4.234261071299834,-3.3710240780787264,-1.6235177172280353
154.0312705039978,-5.6629958724258485,-4.234261071299834,-3.3163429264859134,-1.585832038382697
154.11562204360962,-5.6629958724258485,-4.234261071299834,-3.2869923595542367,-1.5658395850659388
154.22819137573242,-5.6629958724258485,-4.234261071299834,-3.2474638279533483,-1.5391673860113801
154.36718344688416,-5.6629958724258485,-4.234261071299834,-3.1980951724963984,-1.5062532139850093
154.53196120262146,-5.6629958724258485,-4.234261071299834,-3.1387726382013863,-1.4672694402236637
154.63689351081848,-5.6629958724258485,-4.234261071299834,-3.100551067947054,-1.4424703206894764
154.79438257217407,-5.6629958724258485,-4.234261071299834,-3.042544956916937,-1.4052967877103966
154.97903394699097,-5.6629958724258485,-4.234261071299834,-2.973568152549026,-1.3617963014835093
155.1824836730957,-5.6629958724258485,-4.234261071299834,-2.8963819514726974,-1.3139928105643532
155.37608742713928,-5.649645001554646,-4.210704657365658,-2.8217970224363222,-1.2686456382122697
155.5792236328125,-5.649645001554646,-4.210704657365658,-2.7423746487589407,-1.2212376109714347
155.74064779281616,-5.649645001554646,-4.210704657365658,-2.678426703842999,-1.183704763394366
155.90746450424194,-5.649645001554646,-4.210704657365658,-2.6115812985722515,-1.1450617830061272
155.97611451148987,-5.649645001554646,-4.210704657365658,-2.583851065025522,-1.1292043300251757
156.09829187393188,-5.649645001554646,-4.210704657365658,-2.5341842981261573,-1.1010515883430898
156.1557047367096,-5.649645001554646,-4.210704657365658,-2.510707292222536,-1.0878538509249327
156.29120588302612,-5.644979459354788,-4.2022737435268755,-2.4549536218473356,-1.0567894202788852
156.40384244918823,-5.644979459354788,-4.2022737435268755,-2.4082434582560284,-1.0310601225729004
156.63388323783875,-5.644979459354788,-4.2022737435268755,-2.311838872775465,-0.978791804969426
156.76505994796753,-5.644979459354788,-4.2022737435268755,-2.256272975706092,-0.9491641849477968
156.9096348285675,-5.644979459354788,-4.2022737435268755,-2.19454419578772,-0.9166682607503884
157.0317142009735,-5.644979459354788,-4.2022737435268755,-2.1420296057220973,-0.8893628820135029
157.1545214653015,-5.644979459354788,-4.2022737435268755,-2.0888477342256446,-0.8620235634300379
157.22694611549377,-5.644979459354788,-4.2022737435268755,-2.057320220333271,-0.8459628328100957
157.30264329910278,-5.644979459354788,-4.2022737435268755,-2.024239924874943,-0.8292271276645247
157.6142554283142,-5.644979459354788,-4.2022737435268755,-1.8867157046405603,-0.760901958513418
157.98694896697998,-5.629433186012574,-4.175655586687526,-1.7195038594018905,-0.6804614804436366
158.25574159622192,-5.629433186012574,-4.175655586687526,-1.5971621430774718,-0.6233737356968096
158.55040049552917,-5.629433186012574,-4.175655586687526,-1.4614629468839884,-0.5617435051639399
158.66663670539856,-5.629433186012574,-4.175655586687526,-1.4074974291794815,-0.5377172796866851
158.83602857589722,-5.629433186012574,-4.175655586687526,-1.328430073228296,-0.503002953275435
158.96684789657593,-5.629433186012574,-4.175655586687526,-1.26703447513979,-0.47644216000168393
159.08385396003723,-5.629433186012574,-4.175655586687526,-1.2118837791903025,-0.4528737199801558
159.20889258384705,-5.62362100631275,-4.166513523697715,-1.1527060387033097,-0.427887137283153
159.32379817962646,-5.62362100631275,-4.166513523697715,-1.0981110236124412,-0.4051108168145765
159.44012069702148,-5.62362100631275,-4.166513523697715,-1.0426413382152289,-0.38223765428655465
159.54123306274414,-5.62362100631275,-4.166513523697715,-0.9942649755926248,-0.3625081540616275
159.68373203277588,-5.62362100631275,-4.166513523697715,-0.9258435542519174,-0.3349484123634312
159.8211796283722,-5.62362100631275,-4.166513523697715,-0.8595869781572507,-0.30864216661140187
159.91506505012512,-5.6115249032452,-4.148370074705262,-0.8141879247837767,-0.2908319634783063
160.00200390815735,-5.6115249032452,-4.148370074705262,-0.7720488280238056,-0.2744558934646588
160.0539767742157,-5.6115249032452,-4.148370074705262,-0.7468133075671215,-0.26472007298957356
160.12549090385437,-5.6115249032452,-4.148370074705262,-0.7120364820868903,-0.2513902315876613
160.19629740715027,-5.6115249032452,-4.148370074705262,-0.6775446209582897,-0.23826880839145215
160.24676990509033,-5.6115249032452,-4.148370074705262,-0.6529229116851424,-0.22896238646569556
160.29936599731445,-5.6115249032452,-4.148370074705262,-0.6272348064817882,-0.2193061510345231
160.39021277427673,-5.6115249032452,-4.148370074705262,-0.5827934709227789,-0.20272847238012393
160.44926071166992,-5.6115249032452,-4.148370074705262,-0.5538605041448948,-0.1920226039921218
160.50355291366577,-5.522253467759636,-4.026284156541251,-0.5272257860612373,-0.18222743650464945
160.56469535827637,-5.522253467759636,-4.026284156541251,-0.4971945972871672,-0.1712522922180506
160.62742400169373,-5.522253467759636,-4.026284156541251,-0.46634578762408774,-0.16005436653111005
160.6795675754547,-5.522253467759636,-4.026284156541251,-0.44067355416955034,-0.15079406229356396
160.74251747131348,-5.522253467759636,-4.026284156541251,-0.4096468215893194,-0.1396730977450149
160.81637144088745,-5.522253467759636,-4.026284156541251,-0.37319941213460783,-0.12670782000791103
160.9208915233612,-5.522253467759636,-4.026284156541251,-0.32153582972979433,-0.10851160797015824
160.97508025169373,-5.522253467759636,-4.026284156541251,-0.29471416299764286,-0.09914864811287982
161.0312991142273,-5.522253467759636,-4.026284156541251,-0.266862212417053,-0.08948644328069966
161.08177947998047,-5.522253467759636,-4.026284156541251,-0.24183176812669815,-0.0808554400760042
161.13226413726807,-5.522253467759636,-4.026284156541251,-0.21677945232608975,-0.07226643572897729
161.18276262283325,-5.444831466813193,-3.925940403692929,-0.1917010671513899,-0.06371802614852662
161.24928617477417,-5.444831466813193,-3.925940403692929,-0.15863596892072673,-0.05252277381207193
161.39458870887756,-5.444831466813193,-3.925940403692929,-0.08630772508586959,-0.02833230362120931
161.53354358673096,-5.444831466813193,-3.925940403692929,-0.01701227768741609,-0.005538843089262446
161.59304785728455,-5.444831466813193,-3.925940403692929,0.012696980770646404,0.0041192540902907915
161.64472126960754,-5.444831466813193,-3.925940403692929,0.03851248243674443,0.01245604107199405
161.6985204219818,-5.444831466813193,-3.925940403692929,0.06540514579690071,0.021085900763521348
161.76064252853394,-5.444831466813193,-3.925940403692929,0.0964765982241631,0.030987252062603332
161.84892344474792,-5.444831466813193,-3.925940403692929,0.14066378464835183,0.044940090330638505
162.0129897594452,-5.444831466813193,-3.925940403692929,0.22287407065718945,0.07050053536042178
162.1523289680481,-5.444831466813193,-3.925940403692929,0.29277439930063265,0.09182698107672138
162.31224036216736,-5.444831466813193,-3.925940403692929,0.37306979664408824,0.11586544662897902
162.41474151611328,-5.327783489499016,-3.778426482812975,0.42457242181533517,0.13102619652806302
162.50376224517822,-5.327783489499016,-3.778426482812975,0.46931909767186686,0.14403496958825412
162.58937907218933,-5.327783489499016,-3.778426482812975,0.5123670547796121,0.15640687584815183
162.6697199344635,-5.327783489499016,-3.778426482812975,0.552770743337203,0.16789140638895628
162.73105669021606,-5.327783489499016,-3.778426482812975,0.5836212936492967,0.1765775289147724
162.7825825214386,-5.327783489499016,-3.778426482812975,0.6095391643843824,0.18381933833538167
162.84486651420593,-5.327783489499016,-3.778426482812975,0.6408699093004538,0.19250597601717034
162.92541122436523,-5.327783489499016,-3.778426482812975,0.6813870626951399,0.20362995716807042
163.01326155662537,-5.327783489499016,-3.778426482812975,0.7255776635848141,0.2156215963722503
163.0648398399353,-5.327783489499016,-3.778426482812975,0.7515207327067488,0.22259311358692457
163.11706256866455,-5.327783489499016,-3.778426482812975,0.7777857490121473,0.22959958870287167
163.22913908958435,-5.327783489499016,-3.778426482812975,0.8341434005654981,0.24445859005914627
163.30785059928894,-5.327783489499016,-3.778426482812975,0.8737123513284824,0.2547485465239485
163.36306595802307,-5.008681434088046,-3.386539865124494,0.901462786935117,0.26189490787084235
163.4149045944214,-5.008681434088046,-3.386539865124494,0.9275102770610383,0.26855008763435917
163.46539115905762,-5.008681434088046,-3.386539865124494,0.9528723451241055,0.27498116643046044
163.52659606933594,-5.008681434088046,-3.386539865124494,0.9836099919895569,0.2827105615783059
163.58129954338074,-5.008681434088046,-3.386539865124494,1.01107361662946,0.2895566110626775
163.6351912021637,-5.008681434088046,-3.386539865124494,1.0381206931471345,0.2962434270776746
163.6862940788269,-5.008681434088046,-3.386539865124494,1.063759280903668,0.3025312583448625
163.75828957557678,-5.008681434088046,-3.386539865124494,1.0998640317008426,0.3113020972608078
163.83821821212769,-5.008681434088046,-3.386539865124494,1.1399237269325033,0.32091894693708145
163.905339717865,-5.008681434088046,-3.386539865124494,1.1735439632255331,0.3288967018216935
163.96003246307373,-5.008681434088046,-3.386539865124494,1.2009239115482002,0.33533080675424287
164.04267263412476,-5.008681434088046,-3.386539865124494,1.2422676660096965,0.3449392481974023
164.17668199539185,-5.008681434088046,-3.386539865124494,1.3092357480681673,0.3602292578424531
164.25741529464722,-5.008681434088046,-3.386539865124494,1.3495318151257376,0.36926629628858976
164.35048699378967,-4.430749702670588,-2.677714622429055,1.3959373801317836,0.37952125891769395
164.40964198112488,-4.430749702670588,-2.677714622429055,1.42540330854974,0.38594810449932604
164.50361466407776,-4.430749702670588,-2.677714622429055,1.4721638836487225,0.396011848156542
164.6221022605896,-4.430749702670588,-2.677714622429055,1.5310331332546387,0.40844519176246097
164.68768048286438,-4.430749702670588,-2.677714622429055,1.5635694056916196,0.41520363626674683
164.74909472465515,-4.430749702670588,-2.677714622429055,1.594008925839659,0.4214533650573813
164.8054895401001,-4.430749702670588,-2.677714622429055,1.621933467665638,0.42712441407551616
164.86719465255737,-4.430749702670588,-2.677714622429055,1.6524567497313811,0.4332549064649003
164.91774201393127,-4.430749702670588,-2.677714622429055,1.67743608792691,0.4382187386081142
164.96900820732117,-4.430749702670588,-2.677714622429055,1.702747399705568,0.4431996360709216
165.03379440307617,-4.430749702670588,-2.677714622429055,1.734699443470787,0.44941692023748825
165.11410689353943,-4.234086242374569,-2.4498657443925085,1.7742539484478728,0.45700443083252384
165.17590022087097,-4.234086242374569,-2.4498657443925085,1.8046448784560045,0.4627519837750591
165.24516654014587,-4.234086242374569,-2.4498657443925085,1.8386655638147857,0.46910109342575046
165.31384992599487,-4.234086242374569,-2.4498657443925085,1.8723509986708162,0.4752990567067137
165.37030625343323,-4.234086242374569,-2.4498657443925085,1.9000022503890355,0.4803207266693792
165.43077301979065,-4.234086242374569,-2.4498657443925085,1.9295792864311956,0.48562607574472993
165.48872447013855,-4.234086242374569,-2.4498657443925085,1.957887778428315,0.49063978162366917
165.55060982704163,-4.234086242374569,-2.4498657443925085,1.9880756986700931,0.4959171045384756
165.65199995040894,-4.234086242374569,-2.4498657443925085,2.0374372990325265,0.5043918203295088
165.77603220939636,-4.234086242374569,-2.4498657443925085,2.0976527639371687,0.5144693265084275
165.83480215072632,-3.9407013711645353,-2.1341176494868734,2.126117246196758,0.5191329072560764
165.88658618927002,-3.9407013711645353,-2.1341176494868734,2.1511613802478946,0.5231827271650205
165.9430718421936,-3.9407013711645353,-2.1341176494868734,2.178439284011881,0.5275367585766726
166.00991654396057,-3.9407013711645353,-2.1341176494868734,2.2106647284789736,0.5326036871144031
166.07056951522827,-3.9407013711645353,-2.1341176494868734,2.23985254856421,0.5371209576539924
166.121417760849,-3.9407013711645353,-2.1341176494868734,2.264282771529272,0.5408491026942168
166.18255424499512,-3.9407013711645353,-2.1341176494868734,2.293607716935643,0.54526044244618
166.26224517822266,-3.9407013711645353,-2.1341176494868734,2.3317518591562827,0.5508939825214223
166.3836488723755,-3.9407013711645353,-2.1341176494868734,2.3896817798720535,0.559222623511777
166.47870063781738,-3.9407013711645353,-2.1341176494868734,2.4348813545884953,0.5655296858728107
166.5770616531372,-3.9407013711645353,-2.1341176494868734,2.4815060492242296,0.5718587249313649
166.6770806312561,-3.9407013711645353,-2.1341176494868734,2.5287576629115067,0.5780884277649441
166.77437019348145,-3.9407013711645353,-2.1341176494868734,2.574562048092689,0.5839489191947504
166.84282612800598,-3.529840397635957,-1.7528354399204158,2.6066960611561782,0.5879548636537697
166.97070503234863,-3.529840397635957,-1.7528354399204158,2.666507756578819,0.5951779628465497
167.08387279510498,-3.529840397635957,-1.7528354399204158,2.7191980333714216,0.6012876982107924
167.2036476135254,-3.529840397635957,-1.7528354399204158,2.7747113694974024,0.6074656615558602
167.36189103126526,-3.529840397635957,-1.7528354399204158,2.8476431519881147,0.6151737192498383
167.4426019191742,-3.529840397635957,-1.7528354399204158,2.884656550706203,0.6189064350706901
167.51515364646912,-3.529840397635957,-1.7528354399204158,2.917819241756737,0.6221474259668507
167.56906628608704,-3.529840397635957,-1.7528354399204158,2.9423944044470733,0.6244857333229668
167.61944270133972,-3.529840397635957,-1.7528354399204158,2.9653047787191342,0.6266167492506081
167.67190432548523,-3.2766600436491653,-1.5539711758622154,2.989108617115684,0.6287806610269713
167.72741651535034,-3.2766600436491653,-1.5539711758622154,3.0142350289852384,0.6310090146905725
167.79852294921875,-3.2766600436491653,-1.5539711758622154,3.0463262511569553,0.6337712545307936
167.90482020378113,-3.2766600436491653,-1.5539711758622154,3.094100551421349,0.637707977527818
167.9979121685028,-3.2766600436491653,-1.5539711758622154,3.135740641622654,0.6409665021203104
168.0725700855255,-3.2766600436491653,-1.5539711758622154,3.168998466801547,0.6434524431328228
168.1281497478485,-3.2766600436491653,-1.5539711758622154,3.1936774243504367,0.6452296667352857
168.2002112865448,-3.2766600436491653,-1.5539711758622154,3.2255718071672024,0.6474407477161832
168.2781343460083,-3.2766600436491653,-1.5539711758622154,3.2599280359699376,0.6497135211924281
168.32997703552246,-3.2766600436491653,-1.5539711758622154,3.2827083065267413,0.651157729267624
168.41348552703857,-3.2766600436491653,-1.5539711758622154,3.319271706982149,0.653370258664892
168.46650886535645,-3.2766600436491653,-1.5539711758622154,3.3424025587088497,0.6547023427425538
168.51719284057617,-2.4019189793384257,-1.0392749010750837,3.364450594085891,0.655922938049053
168.5678927898407,-2.4019189793384257,-1.0392749010750837,3.386444144233403,0.6570924517486509
168.6183865070343,-2.4019189793384257,-1.0392749010750837,3.4082866589153955,0.6582061341819556
168.67310786247253,-2.4019189793384257,-1.0392749010750837,3.4318880009908965,0.6593556134558858
168.72773098945618,-2.4019189793384257,-1.0392749010750837,3.455373786947521,0.6604435458646352
168.7916955947876,-2.4019189793384257,-1.0392749010750837,3.4827822425367816,0.6616421455128925
168.8576374053955,-2.4019189793384257,-1.0392749010750837,3.510930980767121,0.6627928522417301
168.93794536590576,-2.4019189793384257,-1.0392749010750837,3.5450640351486493,0.6640780989961561
169.01484966278076,-2.4019189793384257,-1.0392749010750837,3.577596171907386,0.6651896515533369
169.070574760437,-2.4019189793384257,-1.0392749010750837,3.6010737606342524,0.6659224131067627
169.12293529510498,-2.4019189793384257,-1.0392749010750837,3.623060186265694,0.6665554246171344
169.17535376548767,-2.4019189793384257,-1.0392749010750837,3.644998922699458,0.667135388922298
169.22630786895752,-2.4019189793384257,-1.0392749010750837,3.666255197441845,0.6676477212897249
169.27700209617615,-2.4019189793384257,-1.0392749010750837,3.687334495089965,0.6681072394367611
169.33055686950684,-0.8824411979579936,-0.490295165422382,3.70952841606593,0.6685384215996608
169.38249444961548,-0.8824411979579936,-0.490295165422382,3.730978182303457,0.6689034547815689
169.44244623184204,-0.8824411979579936,-0.490295165422382,3.755646501675541,0.6692599348078201
169.49303889274597,-0.8824411979579936,-0.490295165422382,3.7763871964470965,0.6695068096298531
169.54355382919312,-0.8824411979579936,-0.490295165422382,3.797025538443137,0.6697041591379189
169.59430480003357,-0.8824411979579936,-0.490295165422382,3.8176889068252744,0.6698531001349814
169.6453583240509,-0.8824411979579936,-0.490295165422382,3.8384027616117944,0.6699531663082752
169.69609022140503,-0.8824411979579936,-0.490295165422382,3.8589134167785297,0.670003289175849
169.7475757598877,-0.8824411979579936,-0.490295165422382,3.879654176217966,0.6700040307212927
169.79817175865173,-0.8824411979579936,-0.490295165422382,3.899962907833884,0.6699556959974349
169.85238122940063,-0.8824411979579936,-0.490295165422382,3.921640467771213,0.669850088443678
169.90735292434692,-0.8824411979579936,-0.490295165422382,3.9435360696254818,0.6696863032176408
169.9612307548523,-0.8824411979579936,-0.490295165422382,3.964910630497241,0.6694705465431463
170.01252698898315,-0.8824411979579936,-0.490295165422382,3.9851819846294854,0.6692144708325021
170.06361961364746,1.7498789498906953,0.25897333266361544,4.00529576023499,0.6689104367571712
170.1143672466278,1.7498789498906953,0.25897333266361544,4.0251970694155235,0.6685602144246237
170.16584300994873,1.7498789498906953,0.25897333266361544,4.045305403668783,0.6681559964822734
170.2183747291565,1.7498789498906953,0.25897333266361544,4.065744207574929,0.6676927949758804
170.26930403709412,1.7498789498906953,0.25897333266361544,4.085479969393509,0.6671949879740591
170.32015252113342,1.7498789498906953,0.25897333266361544,4.105105781619564,0.6666502557839737
170.37139987945557,1.7498789498906953,0.25897333266361544,4.1248055876963186,0.6660531635848754
170.42666149139404,1.7498789498906953,0.25897333266361544,4.145958014382376,0.6653553844516233
170.49085521697998,1.7498789498906953,0.25897333266361544,4.170410738168899,0.6644748332314769
170.54145979881287,1.7498789498906953,0.25897333266361544,4.189596631022804,0.6637278598086787
170.59758949279785,1.7498789498906953,0.25897333266361544,4.210783423264024,0.6628450578789433
170.64836072921753,1.7498789498906953,0.25897333266361544,4.229862090862413,0.6619975384546595
170.7000494003296,1.7498789498906953,0.25897333266361544,4.249201592126732,0.6610870684537882
170.75636315345764,1.7498789498906953,0.25897333266361544,4.270174668871622,0.6600406240617847
170.8247573375702,1.7498789498906953,0.25897333266361544,4.295510136403864,0.6586935734287378
170.9004671573639,4.463576470143269,0.9036819708341249,4.3233794103795855,0.6571055307843925
170.95102500915527,4.463576470143269,0.9036819708341249,4.34188632441152,0.655988623393597
171.00449061393738,4.463576470143269,0.9036819708341249,4.361366686865917,0.6547585272143726
171.0569200515747,4.463576470143269,0.9036819708341249,4.3803782530190825,0.653503594378773
171.11674332618713,4.463576470143269,0.9036819708341249,4.401959920304286,0.6520130568862639
171.1923577785492,4.463576470143269,0.9036819708341249,4.429068048790253,0.6500400928839662
171.2643690109253,4.463576470143269,0.9036819708341249,4.454706417573917,0.6480692815052447
171.3435254096985,4.463576470143269,0.9036819708341249,4.4826869010561445,0.6458001415611243
171.41080164909363,4.463576470143269,0.9036819708341249,4.506300656451927,0.6437874478534475
171.54534792900085,4.463576470143269,0.9036819708341249,4.553060848082531,0.6395321872361182
171.71278619766235,4.463576470143269,0.9036819708341249,4.610376418460751,0.6338127609899056
171.89853429794312,4.463576470143269,0.9036819708341249,4.6728066686559036,0.6269257773424151
172.08800625801086,4.463576470143269,0.9036819708341249,4.735219535314893,0.6193229643595353
172.2823269367218,4.463576470143269,0.9036819708341249,4.797877277400108,0.6109305129870957
172.41874504089355,5.294828934288405,1.067095653793489,4.841035045559142,0.6046850205852234
172.6010777950287,5.294828934288405,1.067095653793489,4.897635690506123,0.5958898645245962
172.71677112579346,5.294828934288405,1.067095653793489,4.9329003359308565,0.5900477971265272
172.8162362575531,5.294828934288405,1.067095653793489,4.962811405812094,0.5848653546710854
172.88178300857544,5.294828934288405,1.067095653793489,4.982315468929043,0.5813702523583695
172.93595170974731,5.294828934288405,1.067095653793489,4.99830907467224,0.5784343518919921
173.0175724029541,5.294828934288405,1.067095653793489,5.022193722531699,0.573930040691593
173.08960890769958,5.294828934288405,1.067095653793489,5.043058700395383,0.5698748867270438
173.141206741333,5.294828934288405,1.067095653793489,5.057879216324313,0.5669247108422673
173.19772028923035,5.294828934288405,1.067095653793489,5.073991947860975,0.5636501490969834
173.42785334587097,5.294828934288405,1.067095653793489,5.13830349701743,0.5498545270680768
173.53858947753906,5.294828934288405,1.067095653793489,5.168497599635225,0.5429570772363976
173.6659963130951,5.294828934288405,1.067095653793489,5.202627279573606,0.5348172759013747
173.72708582878113,5.831816227640644,1.1710462009159166,5.2187590070740955,0.5308380373480825
173.78231358528137,5.831816227640644,1.1710462009159166,5.233212280279217,0.5271985305431075
173.83982014656067,5.831816227640644,1.1710462009159166,5.248129720166165,0.5233667319538551
173.89668893814087,5.831816227640644,1.1710462009159166,5.262748645733513,0.5195355245707081
173.95816659927368,5.831816227640644,1.1710462009159166,5.278402993845291,0.5153473587707025
174.1137752532959,5.831816227640644,1.1710462009159166,5.317329368436862,0.5045337954956446
174.22115230560303,5.831816227640644,1.1710462009159166,5.343604220353792,0.49689711401321013
174.3001675605774,5.831816227640644,1.1710462009159166,5.362631458105057,0.49118800786181516
174.40995335578918,5.831816227640644,1.1710462009159166,5.388633280236713,0.4831316821382359
174.5191524028778,5.831816227640644,1.1710462009159166,5.413991611796294,0.4749778078616027
174.63779163360596,5.831816227640644,1.1710462009159166,5.4409686378840485,0.46596318783061785
174.73902487754822,5.831816227640644,1.1710462009159166,5.463512975085969,0.4581453002221916
174.80135869979858,5.831816227640644,1.1710462009159166,5.477176068215656,0.45327482704896616
174.8517460823059,5.831816227640644,1.1710462009159166,5.488098491209886,0.44930665456917473
174.90212321281433,6.239901420191962,1.2470925631036243,5.498909290567816,0.4453117475953834
174.95266914367676,6.239901420191962,1.2470925631036243,5.50964612189593,0.4412760463934693
175.01324033737183,6.239901420191962,1.2470925631036243,5.522366756756846,0.4364041240963108
175.07625079154968,6.239901420191962,1.2470925631036243,5.53543062055656,0.43129508356991075
175.14901566505432,6.239901420191962,1.2470925631036243,5.550301769431693,0.42534389703738984
175.20790338516235,6.239901420191962,1.2470925631036243,5.562167559677424,0.42048800568854783
175.25852870941162,6.482154606831437,1.2912147481561609,5.572247146460502,0.41628542444066596
175.30899024009705,6.482154606831437,1.2912147481561609,5.582182230820041,0.4120709620367775
175.35943508148193,6.482154606831437,1.2912147481561609,5.592002144443999,0.4078327456842341
175.40987992286682,6.482154606831437,1.2912147481561609,5.601709963859809,0.4035696626884764
175.46123790740967,6.482154606831437,1.2912147481561609,5.6114781234209,0.3992041514001433
175.5120096206665,6.482154606831437,1.2912147481561609,5.6210201089389304,0.39486370980926155
175.57802987098694,6.482154606831437,1.2912147481561609,5.63325700792824,0.38918332619262963
175.63685941696167,6.482154606831437,1.2912147481561609,5.643997966507376,0.3840874711174729
175.70257472991943,6.482154606831437,1.2912147481561609,5.655813891200537,0.37835767151547306
175.75516724586487,6.482154606831437,1.2912147481561609,5.665131443681203,0.37374396452441194
175.80584359169006,6.482154606831437,1.2912147481561609,5.673992511443777,0.3692750454042706
175.85643362998962,6.482154606831437,1.2912147481561609,5.6827237360630924,0.3647912100178414
175.90743565559387,6.482154606831437,1.2912147481561609,5.691409799361552,0.36024836805345317
175.9591348171234,6.482154606831437,1.2912147481561609,5.700095238700165,0.35562068485237686
176.00990629196167,6.482154606831437,1.2912147481561609,5.70850767590476,0.35105404986574207
176.06251549720764,7.130315417066568,1.3877514970390632,5.71710192858265,0.34629944611371544
176.12452244758606,7.130315417066568,1.3877514970390632,5.727070795330964,0.34066632343047853
176.17631888389587,7.130315417066568,1.3877514970390632,5.735264670009889,0.33593694967229326
176.26477098464966,7.130315417066568,1.3877514970390632,5.74897580163349,0.3278114282706248
176.33226251602173,7.130315417066568,1.3877514970390632,5.759198499419278,0.3215704752611649
176.3859372138977,7.130315417066568,1.3877514970390632,5.767180230515967,0.31658238358993196
176.43735194206238,7.130315417066568,1.3877514970390632,5.774702571717116,0.31178407929148
176.48805618286133,7.130315417066568,1.3877514970390632,5.782002606057028,0.3070329965587104
176.54050660133362,7.130315417066568,1.3877514970390632,5.789430184156308,0.3020986703849011
176.617835521698,7.507864397728422,1.410726251791348,5.800150713498171,0.2947881686420136
176.72014212608337,7.507864397728422,1.410726251791348,5.813911715377269,0.28505258429681657
176.79250741004944,7.507864397728422,1.410726251791348,5.823354265615604,0.27812362207542707
176.90522265434265,7.507864397728422,1.410726251791348,5.837580205881444,0.26726313549128355
176.988135099411,7.507864397728422,1.410726251791348,5.847669368611775,0.25922304366931237
177.05616736412048,7.507864397728422,1.410726251791348,5.855709714787908,0.25259453118620745
177.10905575752258,7.507864397728422,1.410726251791348,5.861811758322494,0.24742249022607843
177.20386052131653,7.507864397728422,1.410726251791348,5.872424204624008,0.23811090843611338
177.27717447280884,7.507864397728422,1.410726251791348,5.880343774389749,0.23087556414655164
177.33864855766296,7.507864397728422,1.410726251791348,5.886790984951869,0.2247862101194622
177.38931131362915,7.507864397728422,1.410726251791348,5.891971576605744,0.21975277763211626
177.4410879611969,7.507864397728422,1.410726251791348,5.897141989359131,0.21459501560797412
177.49758553504944,7.507864397728422,1.410726251791348,5.902640578832778,0.20895160245247935
177.56208777427673,7.507864397728422,1.410726251791348,5.908735244044447,0.20248954114573814
177.62282824516296,7.7825122690472,1.4064091270172547,5.914295925870875,0.19638629732261165
177.6928346157074,7.7825122690472,1.4064091270172547,5.920489812593322,0.18933100180079787
177.745747089386,7.7825122690472,1.4064091270172547,5.925018314044918,0.1839839898054052
177.8004493713379,7.7825122690472,1.4064091270172547,5.929561391301258,0.1784434461396056
177.85099601745605,7.7825122690472,1.4064091270172547,5.93363397321126,0.17331269823840645
177.90363788604736,7.7825122690472,1.4064091270172547,5.937747257147896,0.16795827331229585
177.96910643577576,7.7825122690472,1.4064091270172547,5.942680258896871,0.16128405445085148
178.06142473220825,7.7825122690472,1.4064091270172547,5.949292180213635,0.1518453363376654
178.1166045665741,7.7825122690472,1.4064091270172547,5.953051710973686,0.14618913985970522
178.1678659915924,7.7825122690472,1.4064091270172547,5.956415106284145,0.14092527813063016
178.21856665611267,7.7825122690472,1.4064091270172547,5.959619251236459,0.1357104945949829
178.27160024642944,7.7825122690472,1.4064091270172547,5.962840430302814,0.1302470523437239
178.3234703540802,7.7825122690472,1.4064091270172547,5.965861885407293,0.12489519927916548
178.37383890151978,8.113208127274907,1.3854308651566265,5.968673666904085,0.11969076893822311
178.42422342300415,8.113208127274907,1.3854308651566265,5.971365804679587,0.11447760216075276
178.47847318649292,8.113208127274907,1.3854308651566265,5.974129616106994,0.10885693991304674
178.52897095680237,8.113208127274907,1.3854308651566265,5.976576552057747,0.10361829027784747
178.5794174671173,8.113208127274907,1.3854308651566265,5.978899907481818,0.09837880796175147
178.63123440742493,8.113208127274907,1.3854308651566265,5.981160310530416,0.09299091743737128
178.71097660064697,8.113208127274907,1.3854308651566265,5.98438917885189,0.08468812924308336
178.8194386959076,8.113208127274907,1.3854308651566265,5.988294763555973,0.07337511214013423
178.87377452850342,8.113208127274907,1.3854308651566265,5.990040524951543,0.06769992042380701
178.93549180030823,8.113208127274907,1.3854308651566265,5.991852675543209,0.06124813732967273
179.04827642440796,8.113208127274907,1.3854308651566265,5.994694832914663,0.0494442621110712
179.14186072349548,8.113208127274907,1.3854308651566265,5.99659229278606,0.03963859763261346
179.22871565818787,8.113208127274907,1.3854308651566265,5.997979195541866,0.03053075495100034
179.2811017036438,8.403602949745611,1.3600348189147449,5.998641529052874,0.02503471859293603
179.34795951843262,8.403602949745611,1.3600348189147449,5.999296441478698,0.018018113237982622
179.4187936782837,8.403602949745611,1.3600348189147449,5.999757354468018,0.01058216832268949
179.49258637428284,8.403602949745611,1.3600348189147449,5.999982593978995,0.002834344227427979
