t,x_real,y_real,x_desejado,y_desejado
5.0067901611328125e-06,6.371763974643459,0.0001686607515072126,5.999999999999401,-5.257129669188941e-07
1.287214994430542,6.116182753598013,0.00018403556154194175,5.96047019016983,-0.13428983065608802
1.3381195068359375,6.116182753598013,0.00018403556154194175,5.957286207603643,-0.1395278202038715
1.3888096809387207,6.116182753598013,0.00018403556154194175,5.95399361970685,-0.14473536879955062
1.4391658306121826,6.116182753598013,0.00018403556154194175,5.95060225132908,-0.14990000547613075
1.4896624088287354,6.116182753598013,0.00018403556154194175,5.947080922977678,-0.1550701306508111
1.5401499271392822,6.116182753598013,0.00018403556154194175,5.943439670597818,-0.16023009434557295
1.5906898975372314,6.116182753598013,0.00018403556154194175,5.939673987337915,-0.165385861131435
1.6416873931884766,6.116182753598013,0.00018403556154194175,5.935751948985404,-0.17057829356854365
1.6920506954193115,6.116182753598013,0.00018403556154194175,5.931758240248147,-0.17569597732193232
1.7423951625823975,5.938181879426963,0.0009296312586279925,5.927646494716795,-0.18080133234879991
1.7929353713989258,5.938181879426963,0.0009296312586279925,5.923398652531119,-0.18591575575687447
1.8435759544372559,5.938181879426963,0.0009296312586279925,5.91902177160137,-0.19102919241579253
1.8945035934448242,5.938181879426963,0.0009296312586279925,5.914498433424725,-0.19616005106748008
1.9450833797454834,5.938181879426963,0.0009296312586279925,5.90988535308745,-0.20124407595874516
1.9954869747161865,5.938181879426963,0.0009296312586279925,5.905168852283836,-0.20629839733308647
2.048621654510498,5.938181879426963,0.0009296312586279925,5.900067760683165,-0.21161328404097268
2.0991599559783936,5.938181879426963,0.0009296312586279925,5.895093162234672,-0.21665547764102122
2.149686098098755,5.938181879426963,0.0009296312586279925,5.890000229282193,-0.22168349056327663
2.2005789279937744,5.938181879426963,0.0009296312586279925,5.884749634092604,-0.22673457654812457
2.2512896060943604,5.938181879426963,0.0009296312586279925,5.879397466867738,-0.2317538815516209
2.301689863204956,5.938181879426963,0.0009296312586279925,5.87395913910001,-0.23672860377692728
2.3520476818084717,5.938181879426963,0.0009296312586279925,5.868407108238829,-0.24168503752646797
2.4025964736938477,5.938181879426963,0.0009296312586279925,5.862715245867129,-0.24664579090728145
2.453235626220703,5.938181879426963,0.0009296312586279925,5.856894021392469,-0.2516005647995535
2.503660202026367,5.938181879426963,0.0009296312586279925,5.850979062134103,-0.25651927510292316
2.5540430545806885,5.83441698685252,-0.10683015149405369,5.844951131006006,-0.2614185974456411
2.6044507026672363,5.83441698685252,-0.10683015149405369,5.838802468831302,-0.2663047085607867
2.6547768115997314,5.83441698685252,-0.10683015149405369,5.8325463871589385,-0.27116702957696026
2.7052879333496094,5.83441698685252,-0.10683015149405369,5.8261495341116305,-0.2760309655949822
2.756019353866577,5.83441698685252,-0.10683015149405369,5.819606170552396,-0.2808994166319393
2.8064584732055664,5.83441698685252,-0.10683015149405369,5.812982816005904,-0.28572292704061075
2.856839418411255,5.83441698685252,-0.10683015149405369,5.806250105183391,-0.2905237650976137
2.907315969467163,5.83441698685252,-0.10683015149405369,5.799387513712623,-0.2953162687838512
2.9578380584716797,5.83441698685252,-0.10683015149405369,5.792401516939329,-0.3000953141879621
3.008286476135254,5.83441698685252,-0.10683015149405369,5.7853088588293495,-0.3048493437785552
3.0586512088775635,5.83441698685252,-0.10683015149405369,5.778111657836893,-0.30957720409221834
3.108968496322632,5.83441698685252,-0.10683015149405369,5.770805355674337,-0.3142820758817826
3.1593589782714844,5.83441698685252,-0.10683015149405369,5.7633725152556785,-0.31897493297308765
3.210495710372925,5.83441698685252,-0.10683015149405369,5.755711192483399,-0.32371769467255673
3.2608535289764404,5.83441698685252,-0.10683015149405369,5.748050177957886,-0.3283686312559214
3.311225652694702,5.721548877414716,-0.23117222050605518,5.740271620631992,-0.33300115581276246
3.361802577972412,5.721548877414716,-0.23117222050605518,5.732345531356094,-0.33763236681923425
3.4123342037200928,5.721548877414716,-0.23117222050605518,5.724310740328668,-0.34223897612733045
3.4635114669799805,5.721548877414716,-0.23117222050605518,5.716055504538907,-0.34688330760683894
3.5139434337615967,5.721548877414716,-0.23117222050605518,5.707804725310126,-0.3514389033862524
3.5643205642700195,5.721548877414716,-0.23117222050605518,5.699448381156713,-0.35596834584388815
3.61466121673584,5.721548877414716,-0.23117222050605518,5.6909839314735775,-0.3604730573145867
3.6649789810180664,5.721548877414716,-0.23117222050605518,5.682409488672199,-0.36495400718974413
3.7182185649871826,5.721548877414716,-0.23117222050605518,5.67321344941787,-0.3696712031844265
3.7686607837677,5.721548877414716,-0.23117222050605518,5.664383466340537,-0.37411752606761006
3.819061040878296,5.721548877414716,-0.23117222050605518,5.65544720856189,-0.3785374924383671
3.8693714141845703,5.721548877414716,-0.23117222050605518,5.646413824891068,-0.38292670665906003
3.919846534729004,5.721548877414716,-0.23117222050605518,5.637237552889111,-0.3873070501134708
3.970503568649292,5.721548877414716,-0.23117222050605518,5.627914316857744,-0.391679488746979
4.021037817001343,5.721548877414716,-0.23117222050605518,5.6185002130750314,-0.39601739817102477
4.071551084518433,5.561343606975282,-0.30147746071643555,5.608976979354129,-0.4003293377862993
4.122503995895386,5.561343606975282,-0.30147746071643555,5.599256590272546,-0.4046540413403279
4.172899484634399,5.561343606975282,-0.30147746071643555,5.589529878387415,-0.40890668656693285
4.2233288288116455,5.561343606975282,-0.30147746071643555,5.579684701755814,-0.41313727556630675
4.273802995681763,5.561343606975282,-0.30147746071643555,5.569718885798175,-0.41734639317879507
4.324414253234863,5.561343606975282,-0.30147746071643555,5.559613839777571,-0.4215413195660487
4.375021696090698,5.561343606975282,-0.30147746071643555,5.54939748933946,-0.42570999706309687
4.4254443645477295,5.561343606975282,-0.30147746071643555,5.539107228180798,-0.4298373893791846
4.476041316986084,5.561343606975282,-0.30147746071643555,5.528670054627613,-0.4339526208036987
4.526510953903198,5.561343606975282,-0.30147746071643555,5.518148269943659,-0.4380308512225679
4.577113628387451,5.561343606975282,-0.30147746071643555,5.507487823123129,-0.4420928408103153
4.6278557777404785,5.561343606975282,-0.30147746071643555,5.496686710524735,-0.4461386138842365
4.6782896518707275,5.561343606975282,-0.30147746071643555,5.4858410462341585,-0.45013233605166336
4.728665351867676,5.561343606975282,-0.30147746071643555,5.474898497102755,-0.45409384282944243
4.779636859893799,5.561343606975282,-0.30147746071643555,5.4637155066854675,-0.45807384688851915
4.830252170562744,5.395762607469033,-0.37751768286643567,5.4525004197478,-0.46199754257406966
4.880776882171631,5.395762607469033,-0.37751768286643567,5.4411961049967825,-0.4658856276715675
4.9312193393707275,5.395762607469033,-0.37751768286643567,5.429801518067522,-0.46973862571805935
4.981683254241943,5.395762607469033,-0.37751768286643567,5.41829369200714,-0.47356424676139985
5.032164096832275,5.395762607469033,-0.37751768286643567,5.406673803151133,-0.47736185129607067
5.0826616287231445,5.395762607469033,-0.37751768286643567,5.39494206806094,-0.4811311298852603
5.133466005325317,5.395762607469033,-0.37751768286643567,5.38303031227428,-0.4848931914529242
5.183899641036987,5.395762607469033,-0.37751768286643567,5.371097885148952,-0.4885976565681629
5.2343690395355225,5.395762607469033,-0.37751768286643567,5.359049957567111,-0.4922744246550286
5.284841299057007,5.395762607469033,-0.37751768286643567,5.3468945401953984,-0.4959208062600218
5.335273265838623,5.395762607469033,-0.37751768286643567,5.334642426148857,-0.4995334614272062
5.385697364807129,5.395762607469033,-0.37751768286643567,5.322286174018833,-0.5031145020106824
5.436154127120972,5.395762607469033,-0.37751768286643567,5.309816059834771,-0.50666652943099
5.486654996871948,5.395762607469033,-0.37751768286643567,5.29722930287837,-0.5101900242176205
5.537149667739868,5.395762607469033,-0.37751768286643567,5.284538614298185,-0.5136811881799013
5.587723255157471,5.233339074168767,-0.45401536656098845,5.271722669581756,-0.5171455848999202
5.638221263885498,5.233339074168767,-0.45401536656098845,5.2588209064746865,-0.5205723771455057
5.688711166381836,5.233339074168767,-0.45401536656098845,5.245816646625714,-0.5239659747722414
5.739117383956909,5.233339074168767,-0.45401536656098845,5.2327299418557836,-0.5273211394993964
5.789517402648926,5.233339074168767,-0.45401536656098845,5.219541255491973,-0.5306428709240492
5.839998722076416,5.233339074168767,-0.45401536656098845,5.206227764564966,-0.5339366168635005
5.890536308288574,5.233339074168767,-0.45401536656098845,5.1927959568483075,-0.5372003626885944
5.941181898117065,5.233339074168767,-0.45401536656098845,5.179231889884784,-0.5404370402821597
5.991625070571899,5.233339074168767,-0.45401536656098845,5.165619304727329,-0.5436266637081708
6.04223108291626,5.233339074168767,-0.45401536656098845,5.151860071272729,-0.5467921269579641
6.0927581787109375,5.233339074168767,-0.45401536656098845,5.138019984101042,-0.5499179816223445
6.144691705703735,5.233339074168767,-0.45401536656098845,5.123688455059218,-0.5530944882003108
6.195129156112671,5.233339074168767,-0.45401536656098845,5.109667061147082,-0.5561439661976288
6.245511293411255,5.233339074168767,-0.45401536656098845,5.095560317570464,-0.5591549180597213
6.295936584472656,5.233339074168767,-0.45401536656098845,5.081341016600533,-0.5621330072685737
6.346587657928467,5.036068021668065,-0.5185244449562157,5.066957185271361,-0.5650885011534983
6.398585319519043,5.036068021668065,-0.5185244449562157,5.052086148011325,-0.5680848637674476
6.449060916900635,5.036068021668065,-0.5185244449562157,5.037549193730708,-0.5709567419368271
6.499501466751099,5.036068021668065,-0.5185244449562157,5.0229230609750815,-0.5737902027585584
6.550213575363159,5.036068021668065,-0.5185244449562157,5.008118485838874,-0.5766019828162006
6.600683689117432,5.036068021668065,-0.5185244449562157,4.993285646969873,-0.5793633475168039
6.651148080825806,5.036068021668065,-0.5185244449562157,4.9783561764942394,-0.5820872701715876
6.70189094543457,5.036068021668065,-0.5185244449562157,4.963245547943305,-0.5847885626444529
6.75233006477356,5.036068021668065,-0.5185244449562157,4.948127561490877,-0.5874360348769154
6.802769422531128,5.036068021668065,-0.5185244449562157,4.932912336693601,-0.59004576020217
6.853277921676636,5.036068021668065,-0.5185244449562157,4.917579240387372,-0.5926210051277272
6.904040336608887,5.036068021668065,-0.5185244449562157,4.902071605360383,-0.5951706032816229
6.95670485496521,5.036068021668065,-0.5185244449562157,4.885880015133334,-0.5977746084553699
7.007126569747925,5.036068021668065,-0.5185244449562157,4.870280174012339,-0.600228246562416
7.057724237442017,4.8302167041111765,-0.5705205939440481,4.85453009320858,-0.6026514131208571
7.108319282531738,4.8302167041111765,-0.5705205939440481,4.838685232637403,-0.6050351403498639
7.158819675445557,4.8302167041111765,-0.5705205939440481,4.822775055406019,-0.6073749926127805
7.209615707397461,4.8302167041111765,-0.5705205939440481,4.806676404443726,-0.6096886040936293
7.260020971298218,4.8302167041111765,-0.5705205939440481,4.790607458987894,-0.611944612842394
7.310659408569336,4.8302167041111765,-0.5705205939440481,4.774370125565896,-0.6141709220381228
7.361069202423096,4.8302167041111765,-0.5705205939440481,4.7581128480191515,-0.6163470159479854
7.411871433258057,4.8302167041111765,-0.5705205939440481,4.741635251554801,-0.618499301587129
7.4629950523376465,4.8302167041111765,-0.5705205939440481,4.7249587868451455,-0.6206236974147743
7.513516426086426,4.8302167041111765,-0.5705205939440481,4.708385905355416,-0.6226819583471026
7.564024448394775,4.8302167041111765,-0.5705205939440481,4.691725506648722,-0.6246986237506396
7.614526033401489,4.8302167041111765,-0.5705205939440481,4.6749757491219635,-0.6266737939382017
7.665097236633301,4.8302167041111765,-0.5705205939440481,4.658111623882968,-0.6286101672171935
7.716985702514648,4.8302167041111765,-0.5705205939440481,4.6407136964831075,-0.6305535855344444
7.76743483543396,4.6038503603607115,-0.6198061358400994,4.623706970301701,-0.6324007567308101
7.8178980350494385,4.6038503603607115,-0.6198061358400994,4.606605746391287,-0.6342064870358515
7.86834979057312,4.6038503603607115,-0.6198061358400994,4.58941905714581,-0.6359696684217555
7.919000625610352,4.6038503603607115,-0.6198061358400994,4.57207508640976,-0.637697231082293
7.969607830047607,4.6038503603607115,-0.6198061358400994,4.554656933193214,-0.6393805101814984
8.025984525680542,4.6038503603607115,-0.6198061358400994,4.5351486141962045,-0.6412050907125266
8.077025890350342,4.6038503603607115,-0.6198061358400994,4.517392053011143,-0.6428107906930358
8.127418518066406,4.6038503603607115,-0.6198061358400994,4.499773542555347,-0.6443528106334826
8.177834749221802,4.6038503603607115,-0.6198061358400994,4.482060050386378,-0.6458523448823117
8.228335618972778,4.6038503603607115,-0.6198061358400994,4.464230261159118,-0.6473108883167653
8.27883768081665,4.6038503603607115,-0.6198061358400994,4.44631382681261,-0.648725739912438
8.3294677734375,4.6038503603607115,-0.6198061358400994,4.4282658332504745,-0.6501001057806104
8.3799147605896,4.6038503603607115,-0.6198061358400994,4.410197746217808,-0.6514254348802262
8.430318355560303,4.6038503603607115,-0.6198061358400994,4.392060516042946,-0.6527055194195848
8.480910062789917,4.369508780141373,-0.65710940738725,4.373770892618067,-0.6539458745863773
8.531431913375854,4.369508780141373,-0.65710940738725,4.355422259936725,-0.6551398471214496
8.581968545913696,4.369508780141373,-0.65710940738725,4.336984440278666,-0.6562893392117954
8.632955312728882,4.369508780141373,-0.65710940738725,4.318297871776183,-0.6574034605287624
8.683318138122559,4.369508780141373,-0.65710940738725,4.299757060412572,-0.6584588057879217
8.73369812965393,4.369508780141373,-0.65710940738725,4.281127908247708,-0.6594694581913885
8.784282684326172,4.369508780141373,-0.65710940738725,4.262341008988817,-0.6604387148636441
8.835567951202393,4.369508780141373,-0.65710940738725,4.243210323836534,-0.6613746872397659
8.886082649230957,4.369508780141373,-0.65710940738725,4.224285287551471,-0.6622504558270987
8.93666934967041,4.369508780141373,-0.65710940738725,4.20525236831911,-0.6630814225703561
8.987115144729614,4.369508780141373,-0.65710940738725,4.186192273776086,-0.663864026432845
9.037639379501343,4.369508780141373,-0.65710940738725,4.167022716511132,-0.6646015995894887
9.088769912719727,4.369508780141373,-0.65710940738725,4.147542241507599,-0.6653007457037936
9.139331579208374,4.369508780141373,-0.65710940738725,4.128198940575707,-0.6659451892373358
9.189954280853271,4.112719263111281,-0.6840302602143807,4.108753478820274,-0.6665435120050778
9.240381240844727,4.112719263111281,-0.6840302602143807,4.08930525112889,-0.6670927166192828
9.290749073028564,4.112719263111281,-0.6840302602143807,4.069802605548587,-0.6675944983621109
9.341140985488892,4.112719263111281,-0.6840302602143807,4.050213850904509,-0.6680495898053729
9.391582012176514,4.112719263111281,-0.6840302602143807,4.030529537688189,-0.668457970949655
9.4422128200531,4.112719263111281,-0.6840302602143807,4.010694681940709,-0.6688203019628625
9.492594003677368,4.112719263111281,-0.6840302602143807,3.9908820118860855,-0.6691333818441625
9.542964458465576,4.112719263111281,-0.6840302602143807,3.9709986199681078,-0.6693989241304688
9.593315362930298,4.112719263111281,-0.6840302602143807,3.951048510271891,-0.6696167885456561
9.643653869628906,4.112719263111281,-0.6840302602143807,3.931029375176877,-0.6697869165464616
9.694366216659546,4.112719263111281,-0.6840302602143807,3.9107872765232052,-0.6699099638398174
9.744765043258667,4.112719263111281,-0.6840302602143807,3.8905969079467346,-0.6699840440295692
9.795122146606445,4.112719263111281,-0.6840302602143807,3.870350621527593,-0.670009935497101
9.84588623046875,4.112719263111281,-0.6840302602143807,3.8498676910272236,-0.6699872140071883
9.896485090255737,3.833473673861661,-0.7017606055194693,3.829378946102426,-0.6699156585366943
9.94701600074768,3.833473673861661,-0.7017606055194693,3.808845969769737,-0.6697953430444521
9.998509407043457,3.833473673861661,-0.7017606055194693,3.78784861779564,-0.6696223801682439
10.049573421478271,3.833473673861661,-0.7017606055194693,3.766953809142729,-0.6694005362022022
10.10029673576355,3.833473673861661,-0.7017606055194693,3.746127372921973,-0.6691304368427153
10.150713682174683,3.833473673861661,-0.7017606055194693,3.7253570454553278,-0.6688127288994408
10.201371192932129,3.833473673861661,-0.7017606055194693,3.704418122854214,-0.6684439447855222
10.25217056274414,3.833473673861661,-0.7017606055194693,3.6833511008442565,-0.668024124364933
10.30259656906128,3.833473673861661,-0.7017606055194693,3.6623706031232466,-0.6675577530919676
10.353043556213379,3.833473673861661,-0.7017606055194693,3.641313753137882,-0.667041592210392
10.403924226760864,3.833473673861661,-0.7017606055194693,3.620007858798653,-0.6664706355422569
10.454972982406616,3.833473673861661,-0.7017606055194693,3.5985634247250595,-0.6658468571433778
10.505657434463501,3.833473673861661,-0.7017606055194693,3.5772049825782473,-0.6651769475163962
10.556214570999146,3.833473673861661,-0.7017606055194693,3.555834130680262,-0.6644584035946219
10.607094526290894,3.5347327184369224,-0.7078741330278497,3.5342607070007226,-0.6636844313723134
10.657505512237549,3.5347327184369224,-0.7078741330278497,3.51282121092989,-0.6628671929343617
10.707916259765625,3.5347327184369224,-0.7078741330278497,3.491317689478077,-0.6619996933942378
10.758436679840088,3.5347327184369224,-0.7078741330278497,3.469703541752459,-0.6610797806483673
10.808871746063232,3.5347327184369224,-0.7078741330278497,3.448062652897195,-0.6601108744513922
10.85965871810913,3.5347327184369224,-0.7078741330278497,3.426207399658247,-0.6590840788208658
10.910053491592407,3.5347327184369224,-0.7078741330278497,3.404458566509029,-0.6580144070022036
10.960448265075684,3.5347327184369224,-0.7078741330278497,3.3826481162006106,-0.6568940371886587
11.011205673217773,3.5347327184369224,-0.7078741330278497,3.3606189399051583,-0.6557142703142484
11.061629295349121,3.5347327184369224,-0.7078741330278497,3.3386737393351478,-0.6544911636317838
11.112055778503418,3.5347327184369224,-0.7078741330278497,3.3166671000843158,-0.6532169697021475
11.162455558776855,3.5347327184369224,-0.7078741330278497,3.294612467749441,-0.6518923898300635
11.213031530380249,3.5347327184369224,-0.7078741330278497,3.2724212966100437,-0.6505117836994638
11.263455152511597,3.5347327184369224,-0.7078741330278497,3.250238203217815,-0.6490840049145143
11.313949346542358,3.237454475775428,-0.7020489915508428,3.2279657666000903,-0.6476027894712932
11.364816665649414,3.237454475775428,-0.7020489915508428,3.205470278507117,-0.6460585064718609
11.415294885635376,3.237454475775428,-0.7020489915508428,3.183089363835048,-0.6444742474036098
11.466031074523926,3.237454475775428,-0.7020489915508428,3.1605368677151664,-0.6428298339918772
11.516518354415894,3.237454475775428,-0.7020489915508428,3.138038598564549,-0.6411416112323853
11.567978620529175,3.237454475775428,-0.7020489915508428,3.1150493641394768,-0.6393675285741107
11.619392156600952,3.237454475775428,-0.7020489915508428,3.092023696478414,-0.6375412279162815
11.669892311096191,3.237454475775428,-0.7020489915508428,3.069351849827523,-0.6356949279730886
11.720409870147705,3.237454475775428,-0.7020489915508428,3.0466179375827194,-0.6337959285232189
11.771536111831665,3.237454475775428,-0.7020489915508428,3.0235553901419054,-0.6318209699165696
11.82201099395752,3.237454475775428,-0.7020489915508428,3.0007331926527563,-0.6298187342577424
11.87249207496643,3.237454475775428,-0.7020489915508428,2.977855575191071,-0.6277640846623167
11.923206090927124,3.237454475775428,-0.7020489915508428,2.9548199334693215,-0.625647366912951
11.974536180496216,3.237454475775428,-0.7020489915508428,2.9314514522027384,-0.6234512085742963
12.026532888412476,2.9511882049220355,-0.6866530653420887,2.9077256817074164,-0.6211713665791962
12.077109813690186,2.9511882049220355,-0.6866530653420887,2.8845963364366565,-0.6189004612438849
12.127788782119751,2.9511882049220355,-0.6866530653420887,2.86137000610538,-0.6165721907320116
12.178209066390991,2.9511882049220355,-0.6866530653420887,2.8382127730396167,-0.6142033273257237
12.228617429733276,2.9511882049220355,-0.6866530653420887,2.8150122263880197,-0.611782657196807
12.27904725074768,2.9511882049220355,-0.6866530653420887,2.7917535159065174,-0.6093085221734795
12.331516027450562,2.9511882049220355,-0.6866530653420887,2.7675037202228294,-0.606678643431636
12.382164001464844,2.9511882049220355,-0.6866530653420887,2.744046962059982,-0.6040860988614898
12.432588338851929,2.9511882049220355,-0.6866530653420887,2.720646993710313,-0.6014523396555922
12.483013391494751,2.9511882049220355,-0.6866530653420887,2.6972005430909927,-0.5987659637071645
12.53357720375061,2.9511882049220355,-0.6866530653420887,2.673643764894263,-0.5960193674723628
12.5841543674469,2.9511882049220355,-0.6866530653420887,2.6500354138205147,-0.5932190954573642
12.634864807128906,2.9511882049220355,-0.6866530653420887,2.6263198544223285,-0.5903582501094684
12.685309410095215,2.9511882049220355,-0.6866530653420887,2.602684451566275,-0.587459530651381
12.735837936401367,2.6372943186242415,-0.6585557375383889,2.5789661046497083,-0.5845031013818063
12.786900997161865,2.6372943186242415,-0.6585557375383889,2.554953039506586,-0.5814616006571343
12.837505340576172,2.6372943186242415,-0.6585557375383889,2.53111279403788,-0.5783940509668652
12.888301134109497,2.6372943186242415,-0.6585557375383889,2.507139955444949,-0.5752614453874028
12.939036846160889,2.6372943186242415,-0.6585557375383889,2.4831536163536114,-0.5720790730454328
12.989690065383911,2.6372943186242415,-0.6585557375383889,2.4591650957878373,-0.5688485513601438
13.040350675582886,2.6372943186242415,-0.6585557375383889,2.43513246513606,-0.565564254804602
13.090859413146973,2.6372943186242415,-0.6585557375383889,2.411131995054533,-0.562236726627976
13.141584634780884,2.6372943186242415,-0.6585557375383889,2.38698912373841,-0.5588415898638162
13.192279815673828,2.6372943186242415,-0.6585557375383889,2.3628215177033316,-0.5553950449989973
13.242697477340698,2.6372943186242415,-0.6585557375383889,2.338748056253739,-0.5519143985990667
13.293152332305908,2.6372943186242415,-0.6585557375383889,2.314619287573602,-0.5483783009253216
13.34358811378479,2.6372943186242415,-0.6585557375383889,2.2904626439942626,-0.5447906672255489
13.393977880477905,2.6372943186242415,-0.6585557375383889,2.2662916449892916,-0.5411535184779459
13.44465970993042,2.2782108780789017,-0.6137579613869155,2.2419444043560963,-0.537442069064678
13.495113372802734,2.2782108780789017,-0.6137579613869155,2.2176713174833576,-0.5336943211832375
13.545659303665161,2.2782108780789017,-0.6137579613869155,2.1933189178120553,-0.5298866949449623
13.596336364746094,2.2782108780789017,-0.6137579613869155,2.168868803681811,-0.5260159211096487
13.646842241287231,2.2782108780789017,-0.6137579613869155,2.144467425729575,-0.5221051660791427
13.697331428527832,2.2782108780789017,-0.6137579613869155,2.1200408813955227,-0.5181427769406559
13.747934818267822,2.2782108780789017,-0.6137579613869155,2.0955263027243762,-0.5141183439596406
13.799424409866333,2.2782108780789017,-0.6137579613869155,2.070549293047589,-0.5099689056725984
13.850826263427734,2.2782108780789017,-0.6137579613869155,2.0455821079873675,-0.505771699575619
13.901278734207153,2.2782108780789017,-0.6137579613869155,2.02104481882628,-0.501598754488656
13.951698064804077,2.2782108780789017,-0.6137579613869155,1.9964932805218618,-0.4973758622639055
14.002116680145264,2.2782108780789017,-0.6137579613869155,1.9719122862011995,-0.4931003860246572
14.05551028251648,2.2782108780789017,-0.6137579613869155,1.9458489923767437,-0.48851526851659255
14.105937480926514,2.2782108780789017,-0.6137579613869155,1.9212041735137748,-0.48413073780957605
14.1563401222229,1.9264384364535676,-0.558409815995476,1.8965432536544706,-0.4796958103747686
14.207728147506714,1.9264384364535676,-0.558409815995476,1.8713718549803093,-0.4751201446950022
14.258166551589966,1.9264384364535676,-0.558409815995476,1.846638334989835,-0.4705760165933439
14.308674335479736,1.9264384364535676,-0.558409815995476,1.821844277501117,-0.465973043894929
14.359105110168457,1.9264384364535676,-0.558409815995476,1.7970621063457815,-0.461324619281577
14.409786462783813,1.9264384364535676,-0.558409815995476,1.7721312691694298,-0.4566003184340386
14.460255146026611,1.9264384364535676,-0.558409815995476,1.747280174137665,-0.45184330799912775
14.511470317840576,1.9264384364535676,-0.558409815995476,1.7220367034415238,-0.4469623909539471
14.56192922592163,1.9264384364535676,-0.558409815995476,1.6971421213441706,-0.44210084640680014
14.612317323684692,1.9264384364535676,-0.558409815995476,1.6722593947949587,-0.43719397492284706
14.662731170654297,1.9264384364535676,-0.558409815995476,1.6473414285676928,-0.4322324947919185
14.713195085525513,1.9264384364535676,-0.558409815995476,1.6223767101767446,-0.4272139486174109
14.763800382614136,1.9264384364535676,-0.558409815995476,1.5973205027256658,-0.42212901413402415
14.814198732376099,1.9264384364535676,-0.558409815995476,1.5723458761432691,-0.41701285139074296
14.864677667617798,1.561424998198816,-0.48943832101483875,1.5473109838302328,-0.4118365267601054
14.915301084518433,1.561424998198816,-0.48943832101483875,1.522184563878204,-0.4065932017657614
14.96577000617981,1.561424998198816,-0.48943832101483875,1.4971155784570287,-0.40131392202728033
15.017760038375854,1.561424998198816,-0.48943832101483875,1.4712715223586448,-0.3958213502239598
15.068196296691895,1.561424998198816,-0.48943832101483875,1.4461815023743703,-0.39044045732566435
15.118839502334595,1.561424998198816,-0.48943832101483875,1.4209709323090498,-0.384985561716662
15.169318437576294,1.561424998198816,-0.48943832101483875,1.3958251481711805,-0.3794966540416027
15.220524072647095,1.561424998198816,-0.48943832101483875,1.3703006109101108,-0.37387606077303914
15.271166324615479,1.561424998198816,-0.48943832101483875,1.3450408821473518,-0.36826521306144855
15.32161545753479,1.561424998198816,-0.48943832101483875,1.3198622026763094,-0.3626243293715681
15.372029542922974,1.561424998198816,-0.48943832101483875,1.2946863456381714,-0.3569361629185841
15.42245888710022,1.561424998198816,-0.48943832101483875,1.2694887586117523,-0.3511951487827285
15.472917556762695,1.561424998198816,-0.48943832101483875,1.244262956010167,-0.3453997007337213
15.523380041122437,1.561424998198816,-0.48943832101483875,1.2190222403025213,-0.33955278346459705
15.574204921722412,1.1983591628176977,-0.4097467657085396,1.1935876813744655,-0.3336123806120028
15.624614715576172,1.1983591628176977,-0.4097467657085396,1.168348943444681,-0.32766953347674566
15.67503809928894,1.1983591628176977,-0.4097467657085396,1.1430921051283418,-0.32167440396793223
15.726324796676636,1.1983591628176977,-0.4097467657085396,1.1173918264378746,-0.3155247293389789
15.77676773071289,1.1983591628176977,-0.4097467657085396,1.0921041043568533,-0.30942526779491697
15.827462911605835,1.1983591628176977,-0.4097467657085396,1.0666802449018369,-0.3032444853293721
15.877833604812622,1.1983591628176977,-0.4097467657085396,1.0414100666314305,-0.2970529048976034
15.92858362197876,1.1983591628176977,-0.4097467657085396,1.0159410322320235,-0.2907640330693466
15.979020357131958,1.1983591628176977,-0.4097467657085396,0.9906212757201366,-0.28446370067116966
16.029389142990112,1.1983591628176977,-0.4097467657085396,0.9653282890762929,-0.2781219353545956
16.079912662506104,1.1983591628176977,-0.4097467657085396,0.9399507946384562,-0.27171067719300224
16.13040781021118,1.1983591628176977,-0.4097467657085396,0.9145813024806513,-0.26525308245774193
16.18080186843872,1.1983591628176977,-0.4097467657085396,0.8892569326360433,-0.25875875267139214
16.231411933898926,1.1983591628176977,-0.4097467657085396,0.8638188809697533,-0.2521867659085384
16.281885147094727,0.8542260807516664,-0.32449133343947784,0.8384450562396359,-0.24558294038221185
16.332351446151733,0.8542260807516664,-0.32449133343947784,0.8130707184922414,-0.23893060325647486
16.383334398269653,0.8542260807516664,-0.32449133343947784,0.7874331315184344,-0.23216010823501287
16.433940887451172,0.8542260807516664,-0.32449133343947784,0.7619819682546637,-0.22538997565606378
16.48434543609619,0.8542260807516664,-0.32449133343947784,0.736630070562165,-0.2185978288849717
16.534782886505127,0.8542260807516664,-0.32449133343947784,0.7112598927544569,-0.2117523924283069
16.58551025390625,0.8542260807516664,-0.32449133343947784,0.6857427051345049,-0.2048184405820872
16.635941743850708,0.8542260807516664,-0.32449133343947784,0.6603737406785837,-0.19787618249127492
16.686352968215942,0.8542260807516664,-0.32449133343947784,0.6350149224292303,-0.1908882654388666
16.736871242523193,0.8542260807516664,-0.32449133343947784,0.6096027668410393,-0.18383704743858242
16.78734040260315,0.8542260807516664,-0.32449133343947784,0.5842163908379934,-0.17674437547576582
16.838359117507935,0.8542260807516664,-0.32449133343947784,0.5585552471853384,-0.16952553264608472
16.88908815383911,0.8542260807516664,-0.32449133343947784,0.5330420326985124,-0.1622990311962189
16.939752340316772,0.8542260807516664,-0.32449133343947784,0.5075642190030084,-0.15503349394182742
16.991012573242188,0.48375657143552553,-0.221318007452819,0.48179007967893295,-0.14763352819075726
17.041433334350586,0.48375657143552553,-0.221318007452819,0.45644194925942216,-0.1403068584740259
17.092262268066406,0.48375657143552553,-0.221318007452819,0.43089311550818743,-0.13287295051167325
17.142778635025024,0.48375657143552553,-0.221318007452819,0.40550642877468857,-0.1254372274397655
17.193130016326904,0.48375657143552553,-0.221318007452819,0.38020820942511624,-0.11797878695567876
17.24356174468994,0.48375657143552553,-0.221318007452819,0.354875736288514,-0.11046155681376657
17.29472303390503,0.48375657143552553,-0.221318007452819,0.32918362022767456,-0.10278778734699046
17.34513807296753,0.48375657143552553,-0.221318007452819,0.30387354118092846,-0.09517901675567053
17.395566701889038,0.48375657143552553,-0.221318007452819,0.278564432851945,-0.08752174487747011
17.446255683898926,0.48375657143552553,-0.221318007452819,0.25313307352022196,-0.07977828194758141
17.4966824054718,0.48375657143552553,-0.221318007452819,0.22784222193546733,-0.07202862714151692
17.548372745513916,0.48375657143552553,-0.221318007452819,0.2019274425094344,-0.06403706183962932
17.599107027053833,0.48375657143552553,-0.221318007452819,0.1765022217940856,-0.0561465015748186
17.649723052978516,0.48375657143552553,-0.221318007452819,0.151146939508906,-0.04822829427205377
17.700942277908325,0.12558355350975875,-0.1106519859394865,0.12550092005615887,-0.040169086232618056
17.75136971473694,0.12558355350975875,-0.1106519859394865,0.10026314563306504,-0.03218880257941947
17.8019540309906,0.12558355350975875,-0.1106519859394865,0.07495916521175117,-0.02413834716242036
17.85240340232849,0.12558355350975875,-0.1106519859394865,0.04973552002392512,-0.016064306814560503
17.90293526649475,0.12558355350975875,-0.1106519859394865,0.02448402897373292,-0.007932127381926612
17.953417539596558,0.12558355350975875,-0.1106519859394865,-0.0007287386458182388,0.00023680211778387417
18.003787755966187,0.12558355350975875,-0.1106519859394865,-0.025871102966346204,0.00843198152056246
18.054192304611206,0.12558355350975875,-0.1106519859394865,-0.05101561973294211,0.016676946357692124
18.10522150993347,0.12558355350975875,-0.1106519859394865,-0.07645591982475375,0.025068944908593238
18.15576410293579,0.12558355350975875,-0.1106519859394865,-0.10163736748502361,0.03342521993330827
18.206172466278076,0.12558355350975875,-0.1106519859394865,-0.12673527665642137,0.04180303138392949
18.25661540031433,0.12558355350975875,-0.1106519859394865,-0.15183319425600894,0.050230117325126944
18.306978940963745,0.12558355350975875,-0.1106519859394865,-0.1768738959036389,0.058687192838496216
18.357366800308228,0.12558355350975875,-0.1106519859394865,-0.20190843257481583,0.06719141276451612
18.40769100189209,-0.22474313635337081,0.006978552393935427,-0.22689257409156283,0.07572768754328196
18.458179712295532,-0.22474313635337081,0.006978552393935427,-0.2519389967288027,0.08433465520034078
18.50876498222351,-0.22474313635337081,0.006978552393935427,-0.27701329549218245,0.0930008679343155
18.559245347976685,-0.22474313635337081,0.006978552393935427,-0.3020150682339877,0.10169160254221676
18.60971713066101,-0.22474313635337081,0.006978552393935427,-0.32699154648339834,0.11042309893104951
18.660149574279785,-0.22474313635337081,0.006978552393935427,-0.3519269989496947,0.11918977539053888
18.711528062820435,-0.22474313635337081,0.006978552393935427,-0.377307487860544,0.12816385101252514
18.762123823165894,-0.22474313635337081,0.006978552393935427,-0.40227835651117316,0.1370433636720838
18.812514066696167,-0.22474313635337081,0.006978552393935427,-0.42712460753093207,0.14592817586370543
18.862972497940063,-0.22474313635337081,0.006978552393935427,-0.45198075459921416,0.15486617022588067
18.913727521896362,-0.22474313635337081,0.006978552393935427,-0.4769585103752554,0.16389804092774352
18.96437978744507,-0.22474313635337081,0.006978552393935427,-0.5018606609986773,0.17295274628855495
19.014930248260498,-0.22474313635337081,0.006978552393935427,-0.52668728623382,0.1820299930181477
19.065395832061768,-0.22474313635337081,0.006978552393935427,-0.5514463038983661,0.19113237984715337
19.11597442626953,-0.5721944668652194,0.13429436510169346,-0.5762342412056806,0.20029541553933683
19.166390657424927,-0.5721944668652194,0.13429436510169346,-0.6009156461670635,0.20946893504346198
19.2168710231781,-0.5721944668652194,0.13429436510169346,-0.6256009471048325,0.21869381420785716
19.267502069473267,-0.5721944668652194,0.13429436510169346,-0.6503317549055372,0.22798589926371093
19.319519996643066,-0.5721944668652194,0.13429436510169346,-0.675710034568926,0.23757365206164227
19.370517253875732,-0.5721944668652194,0.13429436510169346,-0.7005603303171886,0.24701351964524187
19.42111873626709,-0.5721944668652194,0.13429436510169346,-0.7251878470865009,0.2564192745547369
19.471506595611572,-0.5721944668652194,0.13429436510169346,-0.7496812468245412,0.26582384062745135
19.522133588790894,-0.5721944668652194,0.13429436510169346,-0.7742600605063277,0.2753115199243772
19.573237895965576,-0.5721944668652194,0.13429436510169346,-0.7990387252882626,0.2849275306524772
19.623769760131836,-0.5721944668652194,0.13429436510169346,-0.8235078075769572,0.29447400093153586
19.67427349090576,-0.5721944668652194,0.13429436510169346,-0.8479309209715794,0.3040528458986005
19.72479772567749,-0.5721944668652194,0.13429436510169346,-0.8723310686281915,0.3136730444572118
19.776827096939087,-0.5721944668652194,0.13429436510169346,-0.8974231811110112,0.3236187434616644
19.827245950698853,-0.9329169882797149,0.27792737397949946,-0.921704249206677,0.3332940052061897
19.87772488594055,-0.9329169882797149,0.27792737397949946,-0.9459798631075669,0.3430174520261091
19.928391933441162,-0.9329169882797149,0.27792737397949946,-0.9703108169903565,0.3528137715039015
19.978785037994385,-0.9329169882797149,0.27792737397949946,-0.9944747971342105,0.36259328872827323
20.02918529510498,-0.9329169882797149,0.27792737397949946,-1.0186063571258988,0.3724100216379078
20.080148458480835,-0.9329169882797149,0.27792737397949946,-1.0429704563354807,0.3823725754809346
20.130887508392334,-0.9329169882797149,0.27792737397949946,-1.0671899496273791,0.3923272063429746
20.181253671646118,-0.9329169882797149,0.27792737397949946,-1.091193966121704,0.4022438424796668
20.23168969154358,-0.9329169882797149,0.27792737397949946,-1.1151933392963547,0.41220908645513
20.282357454299927,-0.9329169882797149,0.27792737397949946,-1.1392642457530817,0.42225498142429174
20.332759857177734,-0.9329169882797149,0.27792737397949946,-1.1631700535054565,0.432282676190475
20.383235692977905,-0.9329169882797149,0.27792737397949946,-1.187071165559642,0.44235912052057325
20.433748245239258,-0.9329169882797149,0.27792737397949946,-1.210949558505673,0.45247683730519306
20.48436450958252,-0.9329169882797149,0.27792737397949946,-1.2348362258731531,0.4626491254530838
20.534815788269043,-1.2903299399678094,0.4304005326370798,-1.2586039324989422,0.4728216612706926
20.585212469100952,-1.2903299399678094,0.4304005326370798,-1.2823044475479293,0.48301622148469736
20.635682582855225,-1.2903299399678094,0.4304005326370798,-1.305997456032023,0.4932584588356823
20.68624210357666,-1.2903299399678094,0.4304005326370798,-1.3296897505191199,0.5035515067735554
20.736650466918945,-1.2903299399678094,0.4304005326370798,-1.3532681804951756,0.5138460629301811
20.787059545516968,-1.2903299399678094,0.4304005326370798,-1.3768034791830694,0.5241727299901378
20.83812713623047,-1.2903299399678094,0.4304005326370798,-1.4006013987709096,0.5346666156863789
20.89088225364685,-1.2903299399678094,0.4304005326370798,-1.4251377950426223,0.5455411304630964
20.941396474838257,-1.2903299399678094,0.4304005326370798,-1.4485857899207193,0.5559856869646014
20.991867780685425,-1.2903299399678094,0.4304005326370798,-1.47196826101705,0.5664523188965274
21.042382955551147,-1.2903299399678094,0.4304005326370798,-1.495324919594825,0.5769587468471098
21.0931179523468,-1.2903299399678094,0.4304005326370798,-1.518736263115699,0.5875415259923789
21.143895387649536,-1.2903299399678094,0.4304005326370798,-1.542119577457856,0.5981636095486769
21.194297552108765,-1.2903299399678094,0.4304005326370798,-1.5652824818121935,0.6087370361353757
21.244755268096924,-1.6206099276272172,0.5813607415037705,-1.5884229312354257,0.6193516176806537
21.29524302482605,-1.6206099276272172,0.5813607415037705,-1.6115286188106168,0.6300017786272685
21.345757484436035,-1.6206099276272172,0.5813607415037705,-1.6345974503851664,0.6406865782316662
21.39614701271057,-1.6206099276272172,0.5813607415037705,-1.6575598395995261,0.6513735720795841
21.446500062942505,-1.6206099276272172,0.5813607415037705,-1.6804558531090161,0.6620810958747159
21.49687623977661,-1.6206099276272172,0.5813607415037705,-1.7033121367683828,0.6728215253192271
21.54735779762268,-1.6206099276272172,0.5813607415037705,-1.7261653408099613,0.6836122141686416
21.597710609436035,-1.6206099276272172,0.5813607415037705,-1.7489090359004398,0.69440280631403
21.648164987564087,-1.6206099276272172,0.5813607415037705,-1.7716468185543,0.7052423424197243
21.698601961135864,-1.6206099276272172,0.5813607415037705,-1.7943244711195758,0.7161050366043629
21.749183177947998,-1.6206099276272172,0.5813607415037705,-1.8170140030885786,0.7270255073775451
21.79960012435913,-1.6206099276272172,0.5813607415037705,-1.8395765835215299,0.737936833246434
21.850043773651123,-1.6206099276272172,0.5813607415037705,-1.8620974260609175,0.7488799385857723
21.900882244110107,-1.6206099276272172,0.5813607415037705,-1.884739730868103,0.7599347045774985
21.95164155960083,-1.9292089670499053,0.7333929136136966,-1.9072914151087514,0.7709980014471429
22.002068281173706,-1.9292089670499053,0.7333929136136966,-1.929640084206897,0.7820139735068024
22.05256724357605,-1.9292089670499053,0.7333929136136966,-1.9519651209524531,0.7930705592237945
22.10299062728882,-1.9292089670499053,0.7333929136136966,-1.9742007208602992,0.8041350864370131
22.15351128578186,-1.9292089670499053,0.7333929136136966,-1.9964226120279092,0.8152451934122542
22.20435905456543,-1.9292089670499053,0.7333929136136966,-2.018730709653691,0.8264514173959783
22.255488634109497,-1.9292089670499053,0.7333929136136966,-2.041103630153011,0.8377438916854207
22.306087017059326,-1.9292089670499053,0.7333929136136966,-2.0631855895970057,0.8489425631253598
22.356481552124023,-1.9292089670499053,0.7333929136136966,-2.085120264738844,0.8601190581805449
22.407017707824707,-1.9292089670499053,0.7333929136136966,-2.1070576794464055,0.8713496386149151
22.45745825767517,-1.9292089670499053,0.7333929136136966,-2.128894325125839,0.8825813027262037
22.508000373840332,-1.9292089670499053,0.7333929136136966,-2.15071510134709,0.8938576427353842
22.55837655067444,-1.9292089670499053,0.7333929136136966,-2.1724041854368727,0.9051186179816795
22.60890293121338,-1.9292089670499053,0.7333929136136966,-2.1940972732405988,0.9164345699830063
22.659350872039795,-2.239333377469283,0.8966731954520362,-2.215695626373572,0.9277540181245199
22.709762811660767,-2.239333377469283,0.8966731954520362,-2.2372171812121677,0.9390860934708698
22.760221242904663,-2.239333377469283,0.8966731954520362,-2.2586966968388094,0.9504490250617308
22.810952186584473,-2.239333377469283,0.8966731954520362,-2.280229357485888,0.9618935798194799
22.861407995224,-2.239333377469283,0.8966731954520362,-2.3015822821004117,0.9732958856915874
22.911792039871216,-2.239333377469283,0.8966731954520362,-2.322841751954775,0.9847013732134782
22.96320629119873,-2.239333377469283,0.8966731954520362,-2.344470482900231,0.9963597169771821
23.015573978424072,-2.239333377469283,0.8966731954520362,-2.3664318880107964,1.008254301567319
23.065996408462524,-2.239333377469283,0.8966731954520362,-2.3875118246933495,1.019725825287062
23.116572618484497,-2.239333377469283,0.8966731954520362,-2.4085908785011165,1.0312505066724231
23.16699981689453,-2.239333377469283,0.8966731954520362,-2.4295424178471716,1.0427590214202778
23.21738910675049,-2.239333377469283,0.8966731954520362,-2.4504125448653222,1.0542762960674095
23.267831325531006,-2.239333377469283,0.8966731954520362,-2.4712384322590206,1.0658227689638555
23.318928241729736,-2.239333377469283,0.8966731954520362,-2.492266702133564,1.0775362083065336
23.370808124542236,-2.547145920745068,1.0693842584685593,-2.5135468102180436,1.0894463898094038
23.42124342918396,-2.547145920745068,1.0693842584685593,-2.5341659712801063,1.101041258486561
23.47171401977539,-2.547145920745068,1.0693842584685593,-2.554731625599089,1.112660008090102
23.522099256515503,-2.547145920745068,1.0693842584685593,-2.5751943049197625,1.1242745060674282
23.572840929031372,-2.547145920745068,1.0693842584685593,-2.5957324651388602,1.1359863737715155
23.623294353485107,-2.547145920745068,1.0693842584685593,-2.6160846147980608,1.1476464989580646
23.67371892929077,-2.547145920745068,1.0693842584685593,-2.636355637777905,1.159314350406206
23.724151611328125,-2.547145920745068,1.0693842584685593,-2.6565600289448055,1.1709981291251013
23.775339603424072,-2.547145920745068,1.0693842584685593,-2.676995125621258,1.1828709094539671
23.826130867004395,-2.547145920745068,1.0693842584685593,-2.6971998490156586,1.1946652775509956
23.876505374908447,-2.547145920745068,1.0693842584685593,-2.717167553114346,1.2063759101603038
23.92717933654785,-2.547145920745068,1.0693842584685593,-2.737181981181649,1.218168911353477
23.978146076202393,-2.547145920745068,1.0693842584685593,-2.7572388275163444,1.2300425977797633
24.02874255180359,-2.547145920745068,1.0693842584685593,-2.777076934209764,1.2418421197915985
24.079489946365356,-2.821673510608403,1.233573250056626,-2.79690072653766,1.2536885889857885
24.129896879196167,-2.821673510608403,1.233573250056626,-2.81651827360513,1.265466881153026
24.180309772491455,-2.821673510608403,1.233573250056626,-2.836064738666184,1.2772574804141568
24.230733394622803,-2.821673510608403,1.233573250056626,-2.8555415498897014,1.289061157191183
24.281156301498413,-2.821673510608403,1.233573250056626,-2.8749438825686306,1.300874884513676
24.331717491149902,-2.821673510608403,1.233573250056626,-2.8943245358834577,1.3127309166564625
24.382203340530396,-2.821673510608403,1.233573250056626,-2.913601105953379,1.3245788253837767
24.432647228240967,-2.821673510608403,1.233573250056626,-2.9327862221288292,1.336426055957662
24.4830379486084,-2.821673510608403,1.233573250056626,-2.9518754618139877,1.3482695962524354
24.53338313102722,-2.821673510608403,1.233573250056626,-2.9708715664183396,1.3601108593372144
24.58478879928589,-2.821673510608403,1.233573250056626,-2.9901891643860616,1.372209871681382
24.635509967803955,-2.821673510608403,1.233573250056626,-3.0091712723993544,1.3841556521669627
24.685961723327637,-2.821673510608403,1.233573250056626,-3.02797506280117,1.3960453779018436
24.7372567653656,-2.821673510608403,1.233573250056626,-3.047013543221391,1.408141029295624
24.788079261779785,-3.089627234687319,1.4046269957694506,-3.065797099004385,1.420132033917748
24.838595390319824,-3.089627234687319,1.4046269957694506,-3.0843886046563456,1.4320570783403075
24.88939142227173,-3.089627234687319,1.4046269957694506,-3.1030035242957243,1.444054187830824
24.940114736557007,-3.089627234687319,1.4046269957694506,-3.1215117860004815,1.4560397481895468
24.990800857543945,-3.089627234687319,1.4046269957694506,-3.139926252728157,1.4680217667052968
25.041348218917847,-3.089627234687319,1.4046269957694506,-3.1582100873472982,1.479975839094756
25.092062950134277,-3.089627234687319,1.4046269957694506,-3.1764735998250977,1.4919739977101747
25.14266610145569,-3.089627234687319,1.4046269957694506,-3.1946158495697503,1.5039498866875038
25.19349503517151,-3.089627234687319,1.4046269957694506,-3.2127571614347428,1.5159829887061855
25.24389338493347,-3.089627234687319,1.4046269957694506,-3.2306634211695258,1.5279175261432139
25.294546842575073,-3.089627234687319,1.4046269957694506,-3.248578332423871,1.5399154855602155
25.34550142288208,-3.089627234687319,1.4046269957694506,-3.266516469211288,1.5519874402004648
25.396031618118286,-3.089627234687319,1.4046269957694506,-3.2842223833713,1.5639611228877242
25.446458101272583,-3.089627234687319,1.4046269957694506,-3.3018093996042484,1.575912114550598
25.49695086479187,-3.34805034915696,1.580960938377234,-3.319336564616145,1.5878803306586244
25.54739999771118,-3.34805034915696,1.580960938377234,-3.3367653399112376,1.5998393496837988
25.597893953323364,-3.34805034915696,1.580960938377234,-3.354125952342525,1.6118097679746923
25.64831256866455,-3.34805034915696,1.580960938377234,-3.3713768384217864,1.6237627268541825
25.69876456260681,-3.34805034915696,1.580960938377234,-3.388554978043793,1.6357236282161098
25.749205350875854,-3.34805034915696,1.580960938377234,-3.40564481454971,1.6476815297720473
25.799899101257324,-3.34805034915696,1.580960938377234,-3.4227349205786055,1.6596986782971412
25.850463151931763,-3.34805034915696,1.580960938377234,-3.4396956606998335,1.671683982868702
25.900939226150513,-3.34805034915696,1.580960938377234,-3.456541266928618,1.68364696432673
25.95124340057373,-3.34805034915696,1.580960938377234,-3.4732440806938705,1.6955673706071375
26.00166392326355,-3.34805034915696,1.580960938377234,-3.489899643593637,1.7075131357652165
26.053410053253174,-3.34805034915696,1.580960938377234,-3.5069033741482567,1.7197702716730134
26.106518745422363,-3.34805034915696,1.580960938377234,-3.5242599891369544,1.7323468965984312
26.156940460205078,-3.5697518662084686,1.7417320854785407,-3.540649230325855,1.744283766424151
26.2074191570282,-3.5697518662084686,1.7417320854785407,-3.5569696212772297,1.756230371727049
26.25787091255188,-3.5697518662084686,1.7417320854785407,-3.573193652254644,1.7681664693859627
26.308417320251465,-3.5697518662084686,1.7417320854785407,-3.589359951182677,1.7801204385274698
26.35878324508667,-3.5697518662084686,1.7417320854785407,-3.6053804526464326,1.7920268444703085
26.4091215133667,-3.5697518662084686,1.7417320854785407,-3.6213040236552283,1.8039214679816284
26.459726333618164,-3.5697518662084686,1.7417320854785407,-3.6372228132940787,1.8158734105736396
26.510417222976685,-3.5697518662084686,1.7417320854785407,-3.6530788246987362,1.8278396021899417
26.56108069419861,-3.5697518662084686,1.7417320854785407,-3.668836115444822,1.8397928570529656
26.611521244049072,-3.5697518662084686,1.7417320854785407,-3.6844342642206027,1.85168671453562
26.66237449645996,-3.5697518662084686,1.7417320854785407,-3.7000690384200037,1.8636706288152087
26.712791204452515,-3.5697518662084686,1.7417320854785407,-3.715479123274039,1.8755440906742007
26.76324963569641,-3.5697518662084686,1.7417320854785407,-3.730811489445816,1.8874194414526984
26.813758373260498,-3.5697518662084686,1.7417320854785407,-3.7460682243859504,1.8992982965378808
26.86406636238098,-3.7976054681473017,1.917928009171593,-3.7611736309596946,1.9111212681582481
26.91444158554077,-3.7976054681473017,1.917928009171593,-3.776208267737098,1.9229509889025234
26.9648220539093,-3.7976054681473017,1.917928009171593,-3.791153173563031,1.9347725010031398
27.01571798324585,-3.7976054681473017,1.917928009171593,-3.806158012296338,1.9467049880979364
27.066237926483154,-3.7976054681473017,1.917928009171593,-3.8209593279004075,1.9585390233042137
27.116681814193726,-3.7976054681473017,1.917928009171593,-3.8356459765545354,1.97034461646096
27.167380332946777,-3.7976054681473017,1.917928009171593,-3.8503134877026683,1.9821987152498433
27.217684745788574,-3.7976054681473017,1.917928009171593,-3.864774307508937,1.9939492966772927
27.26808500289917,-3.7976054681473017,1.917928009171593,-3.8791698535500845,2.0057105253624408
27.318411588668823,-3.7976054681473017,1.917928009171593,-3.893451399895763,2.0174424535500526
27.369032859802246,-3.7976054681473017,1.917928009171593,-3.9077226174927766,2.029230484611978
27.419812440872192,-3.7976054681473017,1.917928009171593,-3.9219435485027514,2.0410423011506014
27.470689296722412,-3.7976054681473017,1.917928009171593,-3.936096135961403,2.052863212928272
27.522515535354614,-3.7976054681473017,1.917928009171593,-3.950414191632273,2.0648903725868317
27.572872161865234,-4.0089574684508165,2.094090966207847,-3.964230652773816,2.0765622313237313
27.623517751693726,-4.0089574684508165,2.094090966207847,-3.9780311383245603,2.0882865069073575
27.673930406570435,-4.0089574684508165,2.094090966207847,-3.991673045997243,2.099941971024607
27.72433829307556,-4.0089574684508165,2.094090966207847,-4.005218562294061,2.1115810953983534
27.774624347686768,-4.0089574684508165,2.094090966207847,-4.01863636332991,2.1231765238939273
27.825002193450928,-4.0089574684508165,2.094090966207847,-4.031983312549113,2.134777145404931
27.875667810440063,-4.0089574684508165,2.094090966207847,-4.045310029769593,2.146427519128612
27.926554441452026,-4.0089574684508165,2.094090966207847,-4.058597275905074,2.1581116511826632
27.977041959762573,-4.0089574684508165,2.094090966207847,-4.071683419624712,2.1696868524948507
28.027766227722168,-4.0089574684508165,2.094090966207847,-4.084733524343622,2.181298597789447
28.07827115058899,-4.0089574684508165,2.094090966207847,-4.0976299851677656,2.1928420798281487
28.12881064414978,-4.0089574684508165,2.094090966207847,-4.11043796268585,2.20437504388276
28.17918348312378,-4.0089574684508165,2.094090966207847,-4.123106636242204,2.2158512566175994
28.229569911956787,-4.0089574684508165,2.094090966207847,-4.135681575902641,2.2273114819066633
28.280126571655273,-4.198988517346077,2.2650869291052014,-4.148201140414359,2.2387908549358775
28.331268072128296,-4.198988517346077,2.2650869291052014,-4.160765595200562,2.250382679323151
28.38202714920044,-4.198988517346077,2.2650869291052014,-4.17313650863337,2.261867196623986
28.432416677474976,-4.198988517346077,2.2650869291052014,-4.185319028096736,2.2732473867979954
28.4827983379364,-4.198988517346077,2.2650869291052014,-4.19740150835873,2.2846047797215725
28.533389568328857,-4.198988517346077,2.2650869291052014,-4.209435315529816,2.2959878773003357
28.583926916122437,-4.198988517346077,2.2650869291052014,-4.221357139848875,2.3073369143433866
28.63430690765381,-4.198988517346077,2.2650869291052014,-4.233143009055397,2.3186284049752865
28.684681177139282,-4.198988517346077,2.2650869291052014,-4.2448286954173335,2.329896057087054
28.735570907592773,-4.198988517346077,2.2650869291052014,-4.256533414954576,2.341255712856034
28.78749990463257,-4.198988517346077,2.2650869291052014,-4.268372810041907,2.352822810089547
28.837934255599976,-4.198988517346077,2.2650869291052014,-4.279770354745058,2.3640328483360187
28.888518810272217,-4.198988517346077,2.2650869291052014,-4.291101617706464,2.3752519977708864
28.939119577407837,-4.352976702204174,2.4148031530844185,-4.302335919487479,2.386450031908593
28.989578008651733,-4.352976702204174,2.4148031530844185,-4.313438268769298,2.397591569018573
29.040136098861694,-4.352976702204174,2.4148031530844185,-4.324461874841126,2.4087296874204562
29.092791318893433,-4.352976702204174,2.4148031530844185,-4.335835434597028,2.420302338585504
29.146506786346436,-4.352976702204174,2.4148031530844185,-4.347325014228495,2.432078682057165
29.196882247924805,-4.352976702204174,2.4148031530844185,-4.357996313544766,2.4430954494431814
29.247265577316284,-4.352976702204174,2.4148031530844185,-4.368568570242807,2.454087088849159
29.29768705368042,-4.352976702204174,2.4148031530844185,-4.3790478502205055,2.4650597858630086
29.349303007125854,-4.352976702204174,2.4148031530844185,-4.389670591358204,2.4762637724642347
29.399877071380615,-4.352976702204174,2.4148031530844185,-4.399975930006153,2.4872130934989083
29.450295448303223,-4.352976702204174,2.4148031530844185,-4.410147943048456,2.498100233583113
29.500685930252075,-4.352976702204174,2.4148031530844185,-4.420212827850209,2.508952560537553
29.551146745681763,-4.352976702204174,2.4148031530844185,-4.430189938957231,2.5197908102429443
29.602925300598145,-4.352976702204174,2.4148031530844185,-4.440321533315778,2.530881289408721
29.653324604034424,-4.503033190878247,2.572833157052447,-4.450079939702215,2.541645992488817
29.703739166259766,-4.503033190878247,2.572833157052447,-4.45973921086328,2.552383612844927
29.75421905517578,-4.503033190878247,2.572833157052447,-4.469308567905325,2.563104359745366
29.804678678512573,-4.503033190878247,2.572833157052447,-4.478771523818396,2.573789632620442
29.855469703674316,-4.503033190878247,2.572833157052447,-4.4881929548287225,2.584513225431795
29.905912160873413,-4.503033190878247,2.572833157052447,-4.497446663414337,2.595131208531643
29.95631694793701,-4.503033190878247,2.572833157052447,-4.506590749623509,2.605709011803726
30.009503841400146,-4.503033190878247,2.572833157052447,-4.516128090444202,2.616835285008958
30.059880256652832,-4.503033190878247,2.572833157052447,-4.525055810021557,2.6273397366451166
30.110333681106567,-4.503033190878247,2.572833157052447,-4.533894044861065,2.637826812948691
30.16089701652527,-4.503033190878247,2.572833157052447,-4.542647878564948,2.6483027869085056
30.21131730079651,-4.503033190878247,2.572833157052447,-4.551273515229898,2.65871490353496
30.26203179359436,-4.503033190878247,2.572833157052447,-4.559845191422557,2.669152924374304
30.312474727630615,-4.503033190878247,2.572833157052447,-4.568267113830389,2.679500001696283
30.36302947998047,-4.629181932849997,2.7199880182520513,-4.576603688093989,2.6898345633019027
30.41349458694458,-4.629181932849997,2.7199880182520513,-4.584821530955865,2.7001150250658537
30.463828802108765,-4.629181932849997,2.7199880182520513,-4.5929145163838525,2.7103328443482284
30.51441526412964,-4.629181932849997,2.7199880182520513,-4.60094378444278,2.7205652915426155
30.564812898635864,-4.629181932849997,2.7199880182520513,-4.6088390451538235,2.730722704544808
30.615219354629517,-4.629181932849997,2.7199880182520513,-4.616631736812281,2.7408447424145543
30.66567873954773,-4.629181932849997,2.7199880182520513,-4.624328407414347,2.7509398207932354
30.71630549430847,-4.629181932849997,2.7199880182520513,-4.6319457518483595,2.7610302133941658
30.766920804977417,-4.629181932849997,2.7199880182520513,-4.639456305666701,2.771079728788933
30.817634105682373,-4.629181932849997,2.7199880182520513,-4.646875964621879,2.781109618966087
30.868139028549194,-4.629181932849997,2.7199880182520513,-4.654160179241586,2.791059045173374
30.91850996017456,-4.629181932849997,2.7199880182520513,-4.661320676951286,2.800942689563075
30.9691059589386,-4.629181932849997,2.7199880182520513,-4.66840815195599,2.8108305271216247
31.019745588302612,-4.629181932849997,2.7199880182520513,-4.6753962891508465,2.82068640896184
31.07016682624817,-4.7412832468089885,2.867608247888069,-4.682249416225584,2.8304591778438715
31.12064814567566,-4.7412832468089885,2.867608247888069,-4.68900581983236,2.840202630588078
31.171237468719482,-4.7412832468089885,2.867608247888069,-4.695671335510156,2.8499254426506337
31.22192883491516,-4.7412832468089885,2.867608247888069,-4.702244469500556,2.8596258390749614
31.272330045700073,-4.7412832468089885,2.867608247888069,-4.708674905050813,2.8692286345013254
31.32270884513855,-4.7412832468089885,2.867608247888069,-4.714997732845319,2.878784867839991
31.373071908950806,-4.7412832468089885,2.867608247888069,-4.721213866622046,2.888295490611481
31.423468351364136,-4.7412832468089885,2.867608247888069,-4.727329272843603,2.8977693928261266
31.473880290985107,-4.7412832468089885,2.867608247888069,-4.7333415911774885,2.9072027883927465
31.52428960800171,-4.7412832468089885,2.867608247888069,-4.739248585018218,2.9165919085828325
31.5749192237854,-4.7412832468089885,2.867608247888069,-4.745075662232459,2.9259776266267736
31.625275373458862,-4.7412832468089885,2.867608247888069,-4.750766130460847,2.935268117805931
31.67569065093994,-4.7412832468089885,2.867608247888069,-4.756358217621366,2.9445246690362454
31.726070880889893,-4.7412832468089885,2.867608247888069,-4.761841377542334,2.9537295991752917
31.776630401611328,-4.834155183885057,3.010986430852903,-4.767238463783734,2.962921516220153
31.827128648757935,-4.834155183885057,3.010986430852903,-4.772523407139291,2.972056165676416
31.88008165359497,-4.834155183885057,3.010986430852903,-4.777951878546967,2.981584950923646
31.933531045913696,-4.834155183885057,3.010986430852903,-4.783313515825001,2.9911508367048407
31.984020948410034,-4.834155183885057,3.010986430852903,-4.7882696381138246,3.0001384907659494
32.03446364402771,-4.834155183885057,3.010986430852903,-4.793115717110092,3.0090702602349144
32.08488345146179,-4.834155183885057,3.010986430852903,-4.797854302255012,3.017950197230026
32.135289669036865,-4.834155183885057,3.010986430852903,-4.802486377748768,3.026779639641317
32.18570852279663,-4.834155183885057,3.010986430852903,-4.8070143552732745,3.035562832028819
32.2362174987793,-4.834155183885057,3.010986430852903,-4.811444872882311,3.044312773563732
32.287351846694946,-4.834155183885057,3.010986430852903,-4.815822632456776,3.053120785064737
32.33774137496948,-4.834155183885057,3.010986430852903,-4.820030710432537,3.0617506714627796
32.38820004463196,-4.834155183885057,3.010986430852903,-4.824139216649794,3.0703424857357966
32.43881273269653,-4.834155183885057,3.010986430852903,-4.828154374031614,3.0789099999889693
32.48949861526489,-4.834155183885057,3.010986430852903,-4.832069071357704,3.08743884237545
32.540178060531616,-4.9024378776347985,3.1389241097812524,-4.835876965352745,3.095915163029086
32.5905122756958,-4.9024378776347985,3.1389241097812524,-4.839553723563745,3.1042824875749258
32.64095163345337,-4.9024378776347985,3.1389241097812524,-4.84313301859453,3.112615707850152
32.69176387786865,-4.9024378776347985,3.1389241097812524,-4.846632376119665,3.1209579771795526
32.7427773475647,-4.9024378776347985,3.1389241097812524,-4.850038194103636,3.1292798696035105
32.793264627456665,-4.9024378776347985,3.1389241097812524,-4.85330296150776,3.137462885705928
32.84371519088745,-4.9024378776347985,3.1389241097812524,-4.856460130580363,3.1455869047644103
32.89427328109741,-4.9024378776347985,3.1389241097812524,-4.859518541336955,3.153674703334757
32.944780349731445,-4.9024378776347985,3.1389241097812524,-4.862468463442088,3.161700490708945
32.997771978378296,-4.9024378776347985,3.1389241097812524,-4.865450292963899,3.170062858598518
33.04811239242554,-4.9024378776347985,3.1389241097812524,-4.868175614233651,3.177951278594746
33.098621129989624,-4.9024378776347985,3.1389241097812524,-4.870804997866742,3.185811318286731
33.14940309524536,-4.95030975217864,3.2552738809412474,-4.873342572554075,3.193658246564458
33.199784994125366,-4.95030975217864,3.2552738809412474,-4.875755140874906,3.2013879005768024
33.25057601928711,-4.95030975217864,3.2552738809412474,-4.8780814767644,3.209124078290059
33.30110549926758,-4.95030975217864,3.2552738809412474,-4.880290456896011,3.216764050622091
33.351701974868774,-4.95030975217864,3.2552738809412474,-4.882397110814639,3.2243574872255896
33.403125524520874,-4.95030975217864,3.2552738809412474,-4.884430342623075,3.2320166098010286
33.45361542701721,-4.95030975217864,3.2552738809412474,-4.886320933728914,3.2394790228386623
33.50402355194092,-4.95030975217864,3.2552738809412474,-4.888104026326447,3.246872039737096
33.554569721221924,-4.95030975217864,3.2552738809412474,-4.889787289619955,3.2542274803535607
33.605024337768555,-4.95030975217864,3.2552738809412474,-4.891363004044628,3.26151153193095
33.655354022979736,-4.95030975217864,3.2552738809412474,-4.892830871937715,3.2687194296124833
33.706093072891235,-4.95030975217864,3.2552738809412474,-4.89420566929076,3.2759268760612894
33.75645399093628,-4.95030975217864,3.2552738809412474,-4.895466039998368,3.2830216351704253
33.80699157714844,-4.95030975217864,3.2552738809412474,-4.8966265750682005,3.2900819021055656
33.857558250427246,-4.979046050235433,3.3635444544038027,-4.897683331990839,3.2970863792205383
33.909260511398315,-4.979046050235433,3.3635444544038027,-4.8986558888726925,3.3041859254506827
33.95967221260071,-4.979046050235433,3.3635444544038027,-4.899499181205847,3.3110473511798117
34.010252952575684,-4.979046050235433,3.3635444544038027,-4.900241209916899,3.3178710297479124
34.061103105545044,-4.979046050235433,3.3635444544038027,-4.900882185780819,3.324669394970933
34.111492395401,-4.979046050235433,3.3635444544038027,-4.901413591603932,3.3313448500022176
34.16214895248413,-4.979046050235433,3.3635444544038027,-4.901843803592403,3.3379938985868645
34.21306085586548,-4.979046050235433,3.3635444544038027,-4.902171209576164,3.3446137044484288
34.26357865333557,-4.979046050235433,3.3635444544038027,-4.902392165921293,3.351119770270409
34.31402778625488,-4.979046050235433,3.3635444544038027,-4.90250962764352,3.357554561118033
34.36442995071411,-4.979046050235433,3.3635444544038027,-4.902524107955898,3.3639207568739584
34.41489219665527,-4.979046050235433,3.3635444544038027,-4.902435708115369,3.370231553453194
34.46615219116211,-4.979046050235433,3.3635444544038027,-4.902240614230287,3.376577279903319
34.51697754859924,-4.979046050235433,3.3635444544038027,-4.9019425169333015,3.3828043779974495
34.567402601242065,-4.979046050235433,3.3635444544038027,-4.901543902725982,3.388918344987723
34.61783194541931,-4.986916556338725,3.4560656632663855,-4.901042904151503,3.3949686957765524
34.66845154762268,-4.986916556338725,3.4560656632663855,-4.900437204342398,3.4009770747406813
34.71976351737976,-4.986916556338725,3.4560656632663855,-4.8997182219756095,3.4070010744129826
34.770150899887085,-4.986916556338725,3.4560656632663855,-4.898909453413892,3.4128510202971323
34.82055902481079,-4.986916556338725,3.4560656632663855,-4.897998612317269,3.418638131542334
34.87146472930908,-4.986916556338725,3.4560656632663855,-4.896975642869768,3.424415849143154
34.92189812660217,-4.986916556338725,3.4560656632663855,-4.895860094669786,3.4300737543556936
34.97233271598816,-4.986916556338725,3.4560656632663855,-4.894643060126061,3.4356656073826173
35.02299213409424,-4.986916556338725,3.4560656632663855,-4.8933186006086995,3.4412154721535
35.07336783409119,-4.986916556338725,3.4560656632663855,-4.891900331876959,3.4466674701813687
35.123695611953735,-4.986916556338725,3.4560656632663855,-4.890382757872854,3.452047499990571
35.17410683631897,-4.986916556338725,3.4560656632663855,-4.888761957284322,3.45736925595076
35.22605109214783,-4.986916556338725,3.4560656632663855,-4.886986586701578,3.462782207945187
35.27678155899048,-4.986916556338725,3.4560656632663855,-4.88514971751359,3.46799918303
35.32744097709656,-4.972999812926658,3.541272218782564,-4.883214025828797,3.473140044946117
35.37788200378418,-4.972999812926658,3.541272218782564,-4.8811861666118626,3.478190155785247
35.42843556404114,-4.972999812926658,3.541272218782564,-4.879053312112412,3.483182590515338
35.47894215583801,-4.972999812926658,3.541272218782564,-4.876822158279604,3.48810119238636
35.52961301803589,-4.972999812926658,3.541272218782564,-4.874483189217376,3.4929660207335425
35.580050468444824,-4.972999812926658,3.541272218782564,-4.87205513428561,3.4977387696714417
35.63042736053467,-4.972999812926658,3.541272218782564,-4.869530712575049,3.5024361394092725
35.68088340759277,-4.972999812926658,3.541272218782564,-4.86690303856998,3.507070855588269
35.73130464553833,-4.972999812926658,3.541272218782564,-4.864178089313871,3.511632095958757
35.78176832199097,-4.972999812926658,3.541272218782564,-4.861351843006201,3.516126572251878
35.83218002319336,-4.972999812926658,3.541272218782564,-4.858429792897837,3.5205456373061375
35.88259530067444,-4.972999812926658,3.541272218782564,-4.855409040869977,3.5248940060707077
35.93309760093689,-4.972999812926658,3.541272218782564,-4.8522845039030225,3.529178428688448
35.983524322509766,-4.972999812926658,3.541272218782564,-4.8490663931117854,3.533384832697853
36.03414440155029,-4.938081919336027,3.608570843110551,-4.845737389141611,3.5375351469675334
36.0845103263855,-4.938081919336027,3.608570843110551,-4.842327288856877,3.54159255991972
36.13494944572449,-4.938081919336027,3.608570843110551,-4.838814646912818,3.545583582026554
36.18536925315857,-4.938081919336027,3.608570843110551,-4.835205942557497,3.5495005312572996
36.23578929901123,-4.938081919336027,3.608570843110551,-4.831500027447573,3.5533447226650843
36.28677153587341,-4.938081919336027,3.608570843110551,-4.827654167245575,3.557157530965911
36.3371901512146,-4.938081919336027,3.608570843110551,-4.82375349409206,3.560854519459509
36.38762831687927,-4.938081919336027,3.608570843110551,-4.819754666456683,3.5644793993464083
36.438026666641235,-4.938081919336027,3.608570843110551,-4.815662653743683,3.5680277105584333
36.48851490020752,-4.938081919336027,3.608570843110551,-4.81146698885982,3.571508237987225
36.539040088653564,-4.938081919336027,3.608570843110551,-4.807171917055465,3.5749168178003954
36.58958148956299,-4.938081919336027,3.608570843110551,-4.802779262170967,3.5782516987709707
36.64006018638611,-4.938081919336027,3.608570843110551,-4.798296230190415,3.5815075448202993
36.690443992614746,-4.938081919336027,3.608570843110551,-4.793726343743203,3.584682401103107
36.74143171310425,-4.883989782107611,3.658602181210676,-4.789004993260249,3.5878189308661614
36.79187202453613,-4.883989782107611,3.658602181210676,-4.784238850481669,3.5908459554015613
36.842281341552734,-4.883989782107611,3.658602181210676,-4.779380981072794,3.5937955428978134
36.8929226398468,-4.883989782107611,3.658602181210676,-4.774405701727956,3.5966824043747128
36.94551873207092,-4.883989782107611,3.658602181210676,-4.76913775862114,3.599599502145492
36.99615502357483,-4.883989782107611,3.658602181210676,-4.763969484985324,3.6023295071757824
37.04656910896301,-4.883989782107611,3.658602181210676,-4.758729962341629,3.604970907955025
37.09729194641113,-4.883989782107611,3.658602181210676,-4.753364002103082,3.607551108748897
37.147735595703125,-4.883989782107611,3.658602181210676,-4.747933956502534,3.6100399202819915
37.19814205169678,-4.883989782107611,3.658602181210676,-4.742414893326647,3.612449796258897
37.248541593551636,-4.883989782107611,3.658602181210676,-4.73680385857204,3.6147820766311516
37.29903197288513,-4.883989782107611,3.658602181210676,-4.731089979735201,3.617040884251788
37.34965658187866,-4.883989782107611,3.658602181210676,-4.725267971130897,3.6192274333730685
37.40020298957825,-4.883989782107611,3.658602181210676,-4.719362356574413,3.6213322137844397
37.45077109336853,-4.810704880120445,3.6921209117072795,-4.713361869742267,3.623359313439448
37.501394271850586,-4.810704880120445,3.6921209117072795,-4.707262592052807,3.62530968962633
37.55179476737976,-4.810704880120445,3.6921209117072795,-4.701098699257951,3.6271728341993037
37.6022207736969,-4.810704880120445,3.6921209117072795,-4.694840628306136,3.6289581873793497
37.652674436569214,-4.810704880120445,3.6921209117072795,-4.688488225187917,3.630665506529484
37.70323157310486,-4.810704880120445,3.6921209117072795,-4.682031848963212,3.6322968560118274
37.75420832633972,-4.810704880120445,3.6921209117072795,-4.675429976953188,3.6338610054437117
37.80462718009949,-4.810704880120445,3.6921209117072795,-4.668809842740396,3.635328099009695
37.85631346702576,-4.810704880120445,3.6921209117072795,-4.661930129528181,3.6367493566444242
37.90675735473633,-4.810704880120445,3.6921209117072795,-4.655125113648676,3.638055515610221
37.95717644691467,-4.810704880120445,3.6921209117072795,-4.648234209886915,3.6392809569152957
38.00762367248535,-4.810704880120445,3.6921209117072795,-4.641250445955696,3.640426778750511
38.05800104141235,-4.810704880120445,3.6921209117072795,-4.634187769570341,3.64149067710795
38.10850214958191,-4.810704880120445,3.6921209117072795,-4.627019172081372,3.6424764349321057
38.158982038497925,-4.716117604108226,3.710023521018863,-4.619765237463683,3.6433808020299243
38.20952248573303,-4.716117604108226,3.710023521018863,-4.612414390718298,3.6442049756319346
38.26060104370117,-4.716117604108226,3.710023521018863,-4.604895888569222,3.644955119069185
38.311009883880615,-4.716117604108226,3.710023521018863,-4.597388146903343,3.6456136432655124
38.361443281173706,-4.716117604108226,3.710023521018863,-4.5897897301982375,3.646191018012657
38.411890506744385,-4.716117604108226,3.710023521018863,-4.582102441662025,3.6466868632209817
38.46235918998718,-4.716117604108226,3.710023521018863,-4.574325316017514,3.6471010057660904
38.51299548149109,-4.716117604108226,3.710023521018863,-4.56643563691591,3.6474340227140867
38.563703536987305,-4.716117604108226,3.710023521018863,-4.558448018058895,3.6476845379153953
38.614116191864014,-4.716117604108226,3.710023521018863,-4.550421163944684,3.647851128623528
38.664520025253296,-4.716117604108226,3.710023521018863,-4.542310515777546,3.6479353335576024
38.71509122848511,-4.716117604108226,3.710023521018863,-4.534087618284735,3.6479369055273843
38.765538454055786,-4.716117604108226,3.710023521018863,-4.52580003491865,3.6478555786112237
38.81601548194885,-4.716117604108226,3.710023521018863,-4.517423041799679,3.6476911888549086
38.86669111251831,-4.603128427750748,3.7106465130129895,-4.508928356816924,3.647442475241772
38.91727089881897,-4.603128427750748,3.7106465130129895,-4.500365387664548,3.6471104834637984
38.967721462249756,-4.603128427750748,3.7106465130129895,-4.491740655571455,3.6466958488548684
39.018221855163574,-4.603128427750748,3.7106465130129895,-4.4830240577455545,3.6461971570706053
39.06877660751343,-4.603128427750748,3.7106465130129895,-4.474214866172614,3.6456139663853544
39.11987280845642,-4.603128427750748,3.7106465130129895,-4.465227049126982,3.6449390292533312
39.1703827381134,-4.603128427750748,3.7106465130129895,-4.456259401458259,3.6441872192506097
39.221039056777954,-4.603128427750748,3.7106465130129895,-4.447183247537527,3.6433486028348137
39.27172899246216,-4.603128427750748,3.7106465130129895,-4.4380186743593795,3.6424244651083
39.3222017288208,-4.603128427750748,3.7106465130129895,-4.428811797089309,3.641419712256395
39.37263011932373,-4.603128427750748,3.7106465130129895,-4.4195320399709495,3.6403314353632474
39.42304229736328,-4.603128427750748,3.7106465130129895,-4.410174694127076,3.6391590571114216
39.47372913360596,-4.603128427750748,3.7106465130129895,-4.400685475552502,3.637895041314688
39.524214029312134,-4.603128427750748,3.7106465130129895,-4.391153763509424,3.636550971252102
39.57461214065552,-4.476644363781908,3.693769674707329,-4.381558832251353,3.6351243942187565
39.62504267692566,-4.476644363781908,3.693769674707329,-4.3718784444535395,3.633611959500688
39.675739765167236,-4.476644363781908,3.693769674707329,-4.362067286094264,3.632005776284034
39.72619342803955,-4.476644363781908,3.693769674707329,-4.352224330599619,3.630321833202073
39.776670932769775,-4.476644363781908,3.693769674707329,-4.34229828751014,3.6285516600922167
39.82708954811096,-4.476644363781908,3.693769674707329,-4.332305843186941,3.6266981422525664
39.877673864364624,-4.476644363781908,3.693769674707329,-4.322202577733368,3.6247526482526986
39.92950510978699,-4.476644363781908,3.693769674707329,-4.311769598616924,3.622669858463305
39.983668088912964,-4.476644363781908,3.693769674707329,-4.300780431876469,3.6203966358528135
40.034122705459595,-4.476644363781908,3.693769674707329,-4.290464182522404,3.618190009558324
40.08468532562256,-4.476644363781908,3.693769674707329,-4.280049300480963,3.6158923997846113
40.13511681556702,-4.476644363781908,3.693769674707329,-4.269585441701069,3.6135146405040612
40.18563151359558,-4.476644363781908,3.693769674707329,-4.259028591007838,3.6110466592358765
40.236077308654785,-4.476644363781908,3.693769674707329,-4.248410854986157,3.6084957638384343
40.28650760650635,-4.335184822774127,3.6602183650861586,-4.237721532631816,3.605859385397859
40.33706712722778,-4.335184822774127,3.6602183650861586,-4.2269300491743245,3.60312958334576
40.387524366378784,-4.335184822774127,3.6602183650861586,-4.216086112211659,3.600318707268993
40.438048124313354,-4.335184822774127,3.6602183650861586,-4.205153880132812,3.5974173673156145
40.488515853881836,-4.335184822774127,3.6602183650861586,-4.194160204216966,3.5944324977691915
40.539079427719116,-4.335184822774127,3.6602183650861586,-4.183072274473366,3.5913549395897855
40.58950448036194,-4.335184822774127,3.6602183650861586,-4.171941937543923,3.5881989961447367
40.639981746673584,-4.335184822774127,3.6602183650861586,-4.160727641406698,3.584952883641229
40.69042778015137,-4.335184822774127,3.6602183650861586,-4.149448242963091,3.5816218473877806
40.74083471298218,-4.335184822774127,3.6602183650861586,-4.138106016040624,3.5782065241959793
40.7912495136261,-4.335184822774127,3.6602183650861586,-4.126690823899945,3.5747037502981573
40.84221363067627,-4.335184822774127,3.6602183650861586,-4.115079258267232,3.5710743990848823
40.89265322685242,-4.335184822774127,3.6602183650861586,-4.103516299492065,3.56739482006624
40.943087100982666,-4.189735193440252,3.614004421114685,-4.091884503519017,3.563628489792519
40.9935142993927,-4.189735193440252,3.614004421114685,-4.080184487453311,3.5597754585548596
41.04397416114807,-4.189735193440252,3.614004421114685,-4.068407443062276,3.55583260228793
41.094815731048584,-4.189735193440252,3.614004421114685,-4.05647142742005,3.5517715193906545
41.14523696899414,-4.189735193440252,3.614004421114685,-4.044565192005022,3.5476563286789293
41.195754528045654,-4.189735193440252,3.614004421114685,-4.032567779402596,3.5434456632985425
41.24619817733765,-4.189735193440252,3.614004421114685,-4.02051995107694,3.53915361213358
41.296695709228516,-4.189735193440252,3.614004421114685,-4.0083916066609895,3.5347693145772707
41.34713292121887,-4.189735193440252,3.614004421114685,-3.9962105692905583,3.5303026656602507
41.39774489402771,-4.189735193440252,3.614004421114685,-3.98392022091011,3.525732513671694
41.44834756851196,-4.189735193440252,3.614004421114685,-3.971565315295708,3.521075014225327
41.498775005340576,-4.189735193440252,3.614004421114685,-3.9591871187382064,3.5163458921620774
41.5500373840332,-4.189735193440252,3.614004421114685,-3.946536762248761,3.5114486530692424
41.60084056854248,-4.189735193440252,3.614004421114685,-3.9339332675819785,3.5065059161157945
41.65452027320862,-4.015710289103163,3.545681755071023,-3.9205447108382447,3.5011866287122375
41.70508623123169,-4.015710289103163,3.545681755071023,-3.907866040748072,3.496084997076923
41.75558519363403,-4.015710289103163,3.545681755071023,-3.895139961678156,3.4909021011263794
41.806021213531494,-4.015710289103163,3.545681755071023,-3.882366093168578,3.4856378485098216
41.858519315719604,-4.015710289103163,3.545681755071023,-3.8690028217475545,3.4800651342909834
41.90903449058533,-4.015710289103163,3.545681755071023,-3.8560800541422973,3.4746131182677926
41.95940113067627,-4.015710289103163,3.545681755071023,-3.8431329542764083,3.469089449832693
42.00980305671692,-4.015710289103163,3.545681755071023,-3.830114876557562,3.463474258782087
42.061503887176514,-4.015710289103163,3.545681755071023,-3.81669738406622,3.457623252643799
42.11189889907837,-4.015710289103163,3.545681755071023,-3.8035568793913215,3.451831225563628
42.16231894493103,-4.015710289103163,3.545681755071023,-3.7903490964475006,3.4459485913794867
42.21273612976074,-4.015710289103163,3.545681755071023,-3.777081703918274,3.439978549831403
42.263219594955444,-4.015710289103163,3.545681755071023,-3.763736796831071,3.4339127534677667
42.31383728981018,-4.015710289103163,3.545681755071023,-3.750296462231459,3.4277425214082924
42.36425304412842,-3.827593705980693,3.458906497841231,-3.7368504887589804,3.4215090195371123
42.414854288101196,-3.827593705980693,3.458906497841231,-3.7232959863399495,3.4151644008283797
42.46551012992859,-3.827593705980693,3.458906497841231,-3.709668007943899,3.4087244638871876
42.5159752368927,-3.827593705980693,3.458906497841231,-3.696033203551623,3.4022207717218502
42.56635761260986,-3.827593705980693,3.458906497841231,-3.6823632740998957,3.3956401394167117
42.61697959899902,-3.827593705980693,3.458906497841231,-3.668570904972655,3.3889400770503757
42.667508363723755,-3.827593705980693,3.458906497841231,-3.654746944102448,3.382164278665021
42.717912912368774,-3.827593705980693,3.458906497841231,-3.640900651973976,3.3753174951306693
42.76843857765198,-3.827593705980693,3.458906497841231,-3.626965055214594,3.368366438510818
42.819074630737305,-3.827593705980693,3.458906497841231,-3.61294314570113,3.361312012247014
42.86950945854187,-3.827593705980693,3.458906497841231,-3.598921781432241,3.3541979000995026
42.91989612579346,-3.827593705980693,3.458906497841231,-3.5848592342722276,3.347003197575351
42.97040319442749,-3.827593705980693,3.458906497841231,-3.570708760759021,3.3397036863124088
43.02125310897827,-3.827593705980693,3.458906497841231,-3.556407714911913,3.3322660505590367
43.07168769836426,-3.6267748757962415,3.354467051588372,-3.542169863938505,3.324801417985033
43.12212586402893,-3.6267748757962415,3.354467051588372,-3.5278780278302606,3.317248907467308
43.172590494155884,-3.6267748757962415,3.354467051588372,-3.513526095594419,3.309605061838179
43.22300148010254,-3.6267748757962415,3.354467051588372,-3.4991373143401274,3.301882136089819
43.27344489097595,-3.6267748757962415,3.354467051588372,-3.4846875734491256,3.294067052381265
43.32459378242493,-3.6267748757962415,3.354467051588372,-3.4699833682237253,3.2860536700537715
43.375568866729736,-3.6267748757962415,3.354467051588372,-3.455277095699865,3.277978415258608
43.42600679397583,-3.6267748757962415,3.354467051588372,-3.4406750977548692,3.2699007656616335
43.476438760757446,-3.6267748757962415,3.354467051588372,-3.4260248360511434,3.2617371231400947
43.526864528656006,-3.6267748757962415,3.354467051588372,-3.411326825122733,3.2534876224738776
43.5772750377655,-3.6267748757962415,3.354467051588372,-3.396584165066598,3.2451538683467405
43.62768864631653,-3.6267748757962415,3.354467051588372,-3.3817919331705597,3.2367329266408666
43.678307056427,-3.6267748757962415,3.354467051588372,-3.3668910774634204,3.2281906410816235
43.7292754650116,-3.6267748757962415,3.354467051588372,-3.351838495339278,3.2195011475967776
43.780500173568726,-3.4173384115813046,3.2330284235321876,-3.3366614357903472,3.210678923126398
43.83088731765747,-3.4173384115813046,3.2330284235321876,-3.3216852582894916,3.201913948238321
43.88169479370117,-3.4173384115813046,3.2330284235321876,-3.306537115907967,3.192988572164864
43.93249464035034,-3.4173384115813046,3.2330284235321876,-3.29134447244519,3.183976995691734
43.983115673065186,-3.4173384115813046,3.2330284235321876,-3.2761592219274402,3.1749101548402425
44.03355073928833,-3.4173384115813046,3.2330284235321876,-3.2609844445311142,3.1657903584009848
44.08418154716492,-3.4173384115813046,3.2330284235321876,-3.2457057189456,3.1565486516558185
44.134576082229614,-3.4173384115813046,3.2330284235321876,-3.2304539041585936,3.147264088151372
44.185163497924805,-3.4173384115813046,3.2330284235321876,-3.215099614679444,3.1378578092408325
44.2368369102478,-3.4173384115813046,3.2330284235321876,-3.199370545242834,3.1281605573738873
44.287251234054565,-3.4173384115813046,3.2330284235321876,-3.1839811985936866,3.1186129691832285
44.33765530586243,-3.4173384115813046,3.2330284235321876,-3.1685524373128136,3.1089818984441466
44.388065576553345,-3.4173384115813046,3.2330284235321876,-3.1530796697171777,3.099264317285529
44.43851017951965,-3.4173384115813046,3.2330284235321876,-3.137554649823393,3.08945480722628
44.48890209197998,-3.207766708784631,3.1004709505558887,-3.12200462285397,3.0795704473145498
44.53931379318237,-3.207766708784631,3.1004709505558887,-3.106407704010157,3.0695972164260255
44.58974766731262,-3.207766708784631,3.1004709505558887,-3.0907635462272025,3.0595346515250945
44.64016246795654,-3.207766708784631,3.1004709505558887,-3.0750853820467516,3.0493910913869455
44.69054889678955,-3.207766708784631,3.1004709505558887,-3.0593766014197015,3.0391686458756713
44.74127984046936,-3.207766708784631,3.1004709505558887,-3.0435210267360575,3.028790988666409
44.791773557662964,-3.207766708784631,3.1004709505558887,-3.0277007989197813,3.01837697695597
44.84236478805542,-3.207766708784631,3.1004709505558887,-3.01181164969848,3.007858052831648
44.894527196884155,-3.207766708784631,3.1004709505558887,-2.9953893023162808,2.996923709288129
44.94534182548523,-3.207766708784631,3.1004709505558887,-2.979352946327737,2.9861853910250504
44.9957709312439,-3.207766708784631,3.1004709505558887,-2.9634013088520197,2.975444282138434
45.0461688041687,-3.207766708784631,3.1004709505558887,-2.9474232257119732,2.964626100265416
45.096617460250854,-3.207766708784631,3.1004709505558887,-2.9313931202331247,2.953713330073718
45.14726281166077,-3.207766708784631,3.1004709505558887,-2.915264814613814,2.9426739339954358
45.197694540023804,-2.984076754053994,2.9481884356926344,-2.8991694441767724,2.9315975369103326
45.24812865257263,-2.984076754053994,2.9481884356926344,-2.883038738809202,2.920437367350816
45.29874229431152,-2.984076754053994,2.9481884356926344,-2.8668163049841784,2.9091539243135482
45.349305868148804,-2.984076754053994,2.9481884356926344,-2.850576052578743,2.8977982234147377
45.39970326423645,-2.984076754053994,2.9481884356926344,-2.8343559413190134,2.886397028388806
45.450406312942505,-2.984076754053994,2.9481884356926344,-2.818004431164825,2.874843411320484
45.50087022781372,-2.984076754053994,2.9481884356926344,-2.8016976005959635,2.8632615062138536
45.55268836021423,-2.984076754053994,2.9481884356926344,-2.7849199667697957,2.8512830273989773
45.60319495201111,-2.984076754053994,2.9481884356926344,-2.7685350680097045,2.839524262562033
45.6536648273468,-2.984076754053994,2.9481884356926344,-2.75213106539536,2.82769190515945
45.70421004295349,-2.984076754053994,2.9481884356926344,-2.7356719553610302,2.815759757496891
45.75653791427612,-2.984076754053994,2.9481884356926344,-2.718600557765568,2.803320374315792
45.807188272476196,-2.984076754053994,2.9481884356926344,-2.702046089434095,2.791196226384275
45.85775184631348,-2.984076754053994,2.9481884356926344,-2.6854906766413524,2.7790110582523515
45.908944845199585,-2.756206972999504,2.7816399526500657,-2.6686998123732866,2.766591132671129
45.95936679840088,-2.756206972999504,2.7816399526500657,-2.6521334186900654,2.7542767421747
46.009913206100464,-2.756206972999504,2.7816399526500657,-2.6354982767708104,2.741850929659237
46.060462474823,-2.756206972999504,2.7816399526500657,-2.618834753919583,2.729343464425221
46.111168384552,-2.756206972999504,2.7816399526500657,-2.6020924852888636,2.7167161007897853
46.1615629196167,-2.756206972999504,2.7816399526500657,-2.5854265807628463,2.704085948701615
46.211994886398315,-2.756206972999504,2.7816399526500657,-2.568722356278995,2.6913664332101326
46.26242017745972,-2.756206972999504,2.7816399526500657,-2.551994850605013,2.6785687978176664
46.31294846534729,-2.756206972999504,2.7816399526500657,-2.5352080641434878,2.665665174807961
46.36343741416931,-2.756206972999504,2.7816399526500657,-2.5184096922742243,2.6526919598636707
46.41387748718262,-2.756206972999504,2.7816399526500657,-2.5016034271349854,2.639652011703812
46.464221715927124,-2.756206972999504,2.7816399526500657,-2.4848054747255066,2.6265580147474035
46.51467800140381,-2.756206972999504,2.7816399526500657,-2.467946908626204,2.6133560617668627
46.56527018547058,-2.533552678606615,2.6078855938457264,-2.4510200478443,2.600039540067406
46.61576199531555,-2.533552678606615,2.6078855938457264,-2.434104375440282,2.586670765921159
46.66616153717041,-2.533552678606615,2.6078855938457264,-2.4171977581724144,2.5732482536523955
46.71686887741089,-2.533552678606615,2.6078855938457264,-2.400166311197192,2.5596651694498145
46.76756930351257,-2.533552678606615,2.6078855938457264,-2.383116007622566,2.546005333983844
46.81840229034424,-2.533552678606615,2.6078855938457264,-2.3660003275929173,2.532231099127038
46.868836641311646,-2.533552678606615,2.6078855938457264,-2.3489987481455192,2.5184872414251167
46.919230937957764,-2.533552678606615,2.6078855938457264,-2.331991107134505,2.5046772775220267
46.96964740753174,-2.533552678606615,2.6078855938457264,-2.314956867360415,2.49078441968912
47.02001619338989,-2.533552678606615,2.6078855938457264,-2.2979200985985933,2.4768282018336985
47.07151961326599,-2.533552678606615,2.6078855938457264,-2.280480756515889,2.4624787694748775
47.12280559539795,-2.533552678606615,2.6078855938457264,-2.2630966330911373,2.4481109567121986
47.17486834526062,-2.533552678606615,2.6078855938457264,-2.2454309169539792,2.4334451911291795
47.225287675857544,-2.533552678606615,2.6078855938457264,-2.228305737497898,2.4191654578287727
47.27572298049927,-2.2950900344189016,2.4097709091882415,-2.211158755596725,2.4048057288473434
47.32652950286865,-2.2950900344189016,2.4097709091882415,-2.1938694662518605,2.3902642326093106
47.37700057029724,-2.2950900344189016,2.4097709091882415,-2.1766787876910265,2.375743391880391
47.4273681640625,-2.2950900344189016,2.4097709091882415,-2.159508362035213,2.3611776899881205
47.47777533531189,-2.2950900344189016,2.4097709091882415,-2.142309903686324,2.346526146381162
47.52841758728027,-2.2950900344189016,2.4097709091882415,-2.1250170457469277,2.331731576677427
47.57919120788574,-2.2950900344189016,2.4097709091882415,-2.1076655085080533,2.3168237220021672
47.630725383758545,-2.2950900344189016,2.4097709091882415,-2.0900403798062577,2.3016161249438047
47.68152737617493,-2.2950900344189016,2.4097709091882415,-2.072652645661149,2.2865494897975753
47.73212695121765,-2.2950900344189016,2.4097709091882415,-2.0553218047229187,2.27146902822712
47.78260016441345,-2.2950900344189016,2.4097709091882415,-2.0380223827582546,2.2563530532284926
47.83329105377197,-2.2950900344189016,2.4097709091882415,-2.0206368871340827,2.241098596582091
47.88378643989563,-2.2950900344189016,2.4097709091882415,-2.0033074733404637,2.225830214534681
47.93436789512634,-2.2950900344189016,2.4097709091882415,-1.9859379996442508,2.210463272423423
47.98475360870361,-2.0460447614058,2.1913546442133724,-1.968625724379852,2.1950838903400016
48.035221338272095,-2.0460447614058,2.1913546442133724,-1.9512756966366884,2.1796078018068394
48.08572745323181,-2.0460447614058,2.1913546442133724,-1.9339033333155236,2.1640484030944505
48.13614273071289,-2.0460447614058,2.1913546442133724,-1.9165535472355373,2.1484458902105503
48.18658661842346,-2.0460447614058,2.1913546442133724,-1.8991856979661992,2.1327637051628083
48.23765730857849,-2.0460447614058,2.1913546442133724,-1.8815941267474616,2.1168147792076217
48.288036584854126,-2.0460447614058,2.1913546442133724,-1.8642333680888525,2.1010111993018006
48.338425397872925,-2.0460447614058,2.1913546442133724,-1.8468624718455995,2.0851347962101654
48.389835357666016,-2.0460447614058,2.1913546442133724,-1.829132950668129,2.068864972102179
48.440509557724,-2.0460447614058,2.1913546442133724,-1.8116511051188962,2.0527574376844733
48.49101734161377,-2.0460447614058,2.1913546442133724,-1.794221134854425,2.036633389858582
48.54141306877136,-2.0460447614058,2.1913546442133724,-1.7768247741663128,2.0204763403683983
48.59181475639343,-2.0460447614058,2.1913546442133724,-1.759421746145331,2.004248962952031
48.64276957511902,-1.81507608700414,1.9781374880903972,-1.7418234974824398,1.9877742486429466
48.693279504776,-1.81507608700414,1.9781374880903972,-1.724375151374141,1.9713749581761815
48.74366641044617,-1.81507608700414,1.9781374880903972,-1.7069660312310215,1.9549480422579162
48.79407477378845,-1.81507608700414,1.9781374880903972,-1.6895466715745182,1.938446903503773
48.844473123550415,-1.81507608700414,1.9781374880903972,-1.6721283902733837,1.921882124542499
48.894922733306885,-1.81507608700414,1.9781374880903972,-1.6546904513064624,1.9052337900106724
48.94547247886658,-1.81507608700414,1.9781374880903972,-1.6372163972245104,1.8884857798208337
48.99590563774109,-1.81507608700414,1.9781374880903972,-1.6197815892035328,1.8717102411724726
49.04632830619812,-1.81507608700414,1.9781374880903972,-1.6023497960912232,1.8548724455448606
49.09705853462219,-1.81507608700414,1.9781374880903972,-1.5848115046558495,1.8378659207198762
49.14751362800598,-1.81507608700414,1.9781374880903972,-1.56736860587634,1.8208862608874556
49.19796442985535,-1.81507608700414,1.9781374880903972,-1.5499279057540063,1.8038431806811053
49.24840521812439,-1.81507608700414,1.9781374880903972,-1.53249182245812,1.7867389610670035
49.29879641532898,-1.81507608700414,1.9781374880903972,-1.5150744737723132,1.769587458620546
49.349565267562866,-1.5741010770152617,1.7430401564172375,-1.4975286447599054,1.7522429533091133
49.39995527267456,-1.5741010770152617,1.7430401564172375,-1.4801162240702057,1.7349642236225908
49.45035219192505,-1.5741010770152617,1.7430401564172375,-1.46270432103487,1.717620024045128
49.50085663795471,-1.5741010770152617,1.7430401564172375,-1.445258622107108,1.7001758440194017
49.55146265029907,-1.5741010770152617,1.7430401564172375,-1.4277816465673192,1.6826336851529395
49.60219478607178,-1.5741010770152617,1.7430401564172375,-1.4102653811572978,1.6649849485936228
49.655569314956665,-1.5741010770152617,1.7430401564172375,-1.3918418758106381,1.6463494106022616
49.705952167510986,-1.5741010770152617,1.7430401564172375,-1.37445627164044,1.6286951982347335
49.756465435028076,-1.5741010770152617,1.7430401564172375,-1.3570312285184494,1.6109340112025126
49.806865215301514,-1.5741010770152617,1.7430401564172375,-1.339651318481976,1.5931519198377448
49.85729002952576,-1.5741010770152617,1.7430401564172375,-1.322269190035452,1.5753005545133543
49.9085009098053,-1.5741010770152617,1.7430401564172375,-1.3046231040988547,1.5571093842473585
49.95895719528198,-1.5741010770152617,1.7430401564172375,-1.287244379850638,1.5391259794013825
50.00935244560242,-1.5741010770152617,1.7430401564172375,-1.269894387766135,1.5211049527544303
50.05974340438843,-1.3284747927243865,1.4898806865560936,-1.2525540055873992,1.5030264790136154
50.110315799713135,-1.3284747927243865,1.4898806865560936,-1.2351597942531995,1.4848239686692604
50.16077756881714,-1.3284747927243865,1.4898806865560936,-1.2178126548158128,1.4666027759752924
50.21151947975159,-1.3284747927243865,1.4898806865560936,-1.200378731508562,1.4482218648842426
50.26212430000305,-1.3284747927243865,1.4898806865560936,-1.183001848434039,1.4298324900856643
50.3125376701355,-1.3284747927243865,1.4898806865560936,-1.1657010020997056,1.4114553323102828
50.363078117370605,-1.3284747927243865,1.4898806865560936,-1.1483672870673676,1.3929747528108063
50.41374111175537,-1.3284747927243865,1.4898806865560936,-1.1310027644135046,1.3743923521515833
50.46417808532715,-1.3284747927243865,1.4898806865560936,-1.1137272945980423,1.3558365216681618
50.514649868011475,-1.3284747927243865,1.4898806865560936,-1.0964518964217853,1.3372119905893074
50.56524872779846,-1.3284747927243865,1.4898806865560936,-1.0791454700628091,1.3184848139511254
50.615952014923096,-1.3284747927243865,1.4898806865560936,-1.0618162735701784,1.2996633676130742
50.666507720947266,-1.3284747927243865,1.4898806865560936,-1.044550844363433,1.2808416467297628
50.71695375442505,-1.0944768044500177,1.236803476510742,-1.0273365546012216,1.262006334173739
50.76723337173462,-1.0944768044500177,1.236803476510742,-1.0101930708055515,1.243179437547428
50.8175482749939,-1.0944768044500177,1.236803476510742,-0.9930519787981973,1.2242860165179694
50.867862939834595,-1.0944768044500177,1.236803476510742,-0.9759258083898026,1.2053397321329766
50.91885828971863,-1.0944768044500177,1.236803476510742,-0.9585835102450857,1.1860834881140525
50.97250056266785,-1.0944768044500177,1.236803476510742,-0.9403584345731808,1.1657698970559043
51.0229229927063,-1.0944768044500177,1.236803476510742,-0.9232439885764363,1.1466219453283357
51.073301553726196,-1.0944768044500177,1.236803476510742,-0.9061609960229386,1.1274391047623284
51.12372922897339,-1.0944768044500177,1.236803476510742,-0.8890783396103472,1.108186349914831
51.1743586063385,-1.0944768044500177,1.236803476510742,-0.8719448685374758,1.088805434635578
51.22478365898132,-1.0944768044500177,1.236803476510742,-0.854898394535778,1.0694521830426948
51.275190114974976,-1.0944768044500177,1.236803476510742,-0.8378764204375417,1.0500560409817183
51.325634479522705,-1.0944768044500177,1.236803476510742,-0.820860281615015,1.0305956320878167
51.37603783607483,-1.0944768044500177,1.236803476510742,-0.803877001808341,1.0111018018893332
51.42646050453186,-0.8498919793134359,0.9585420455164064,-0.786906648096446,0.9915516513562337
51.477023124694824,-0.8498919793134359,0.9585420455164064,-0.769909114872017,0.9718985756696745
51.527451038360596,-0.8498919793134359,0.9585420455164064,-0.7529771394512559,0.9522497261794953
51.577831506729126,-0.8498919793134359,0.9585420455164064,-0.7360817133542459,0.9325717658272745
51.628344774246216,-0.8498919793134359,0.9585420455164064,-0.7191628436242166,0.9127945782942661
51.67875337600708,-0.8498919793134359,0.9585420455164064,-0.7023004830693564,0.8930115040709343
51.72916555404663,-0.8498919793134359,0.9585420455164064,-0.6854587562484213,0.8731806120073933
51.77949523925781,-0.8498919793134359,0.9585420455164064,-0.6686667608709391,0.8533362765263581
51.82993197441101,-0.8498919793134359,0.9585420455164064,-0.6518616689267853,0.8334041404486998
51.88073992729187,-0.8498919793134359,0.9585420455164064,-0.6349561840671929,0.8132795750694435
51.93122863769531,-0.8498919793134359,0.9585420455164064,-0.6181804773428174,0.7932364131339433
51.98164200782776,-0.8498919793134359,0.9585420455164064,-0.6014536255518195,0.773178773954379
52.0320463180542,-0.8498919793134359,0.9585420455164064,-0.5847539678811438,0.7530808155173265
52.08398413658142,-0.8498919793134359,0.9585420455164064,-0.5675719492133315,0.7323258912601234
52.134586334228516,-0.6125636648630093,0.67525011352541,-0.5508572789532424,0.7120607113357056
52.184916973114014,-0.6125636648630093,0.67525011352541,-0.5342576645492652,0.6918616484398501
52.23539876937866,-0.6125636648630093,0.67525011352541,-0.5176339848472593,0.6715596320746413
52.285903453826904,-0.6125636648630093,0.67525011352541,-0.5010289981716385,0.6512064549628316
52.33649158477783,-0.6125636648630093,0.67525011352541,-0.48442326319915097,0.630778009296225
52.38681697845459,-0.6125636648630093,0.67525011352541,-0.467930656209369,0.6104147392353179
52.437331438064575,-0.6125636648630093,0.67525011352541,-0.4514034352789804,0.5899343509055859
52.4879584312439,-0.6125636648630093,0.67525011352541,-0.43486726797454045,0.5693679431623517
52.54071617126465,-0.6125636648630093,0.67525011352541,-0.41766524229261615,0.5478933969944486
52.59117341041565,-0.6125636648630093,0.67525011352541,-0.4012424455816732,0.5273150656625272
52.64152979850769,-0.6125636648630093,0.67525011352541,-0.3848812545121838,0.5067391365626674
52.69202923774719,-0.6125636648630093,0.67525011352541,-0.36850283445560805,0.4860663380962986
52.74550986289978,-0.6125636648630093,0.67525011352541,-0.3511898818952788,0.4641316830242519
52.79592514038086,-0.6125636648630093,0.67525011352541,-0.3349001188463063,0.4434156676663923
52.84637808799744,-0.38876579063893907,0.39419201250974384,-0.3186285485875806,0.42264713123913245
52.89673352241516,-0.38876579063893907,0.39419201250974384,-0.30241908315133204,0.40188222756379566
52.94712042808533,-0.38876579063893907,0.39419201250974384,-0.286230508655966,0.381068281650915
52.99756717681885,-0.38876579063893907,0.39419201250974384,-0.27005416006099336,0.3601939198357962
53.04803943634033,-0.38876579063893907,0.39419201250974384,-0.25390149171042964,0.3392737044225642
53.098400354385376,-0.38876579063893907,0.39419201250974384,-0.23781658218041413,0.31836489563642756
53.148722410202026,-0.38876579063893907,0.39419201250974384,-0.22177649886803374,0.2974380032784121
53.19902229309082,-0.38876579063893907,0.39419201250974384,-0.20577622132633522,0.27648659582393087
53.250314474105835,-0.38876579063893907,0.39419201250974384,-0.1894943715248245,0.2550875973530842
53.30109906196594,-0.38876579063893907,0.39419201250974384,-0.1734079153349386,0.23386673816677517
53.35148501396179,-0.38876579063893907,0.39419201250974384,-0.15748178628117415,0.21277984369551795
53.40249419212341,-0.38876579063893907,0.39419201250974384,-0.14139358285224457,0.19139950365205305
53.452935457229614,-0.38876579063893907,0.39419201250974384,-0.12551940188842803,0.170225387867335
53.50349760055542,-0.38876579063893907,0.39419201250974384,-0.1096423681580978,0.1489692409351786
53.55385637283325,-0.16624660582944403,0.09969347182504047,-0.09386456372383023,0.1277679109116272
53.60420250892639,-0.16624660582944403,0.09969347182504047,-0.07812635040461524,0.10654175268716104
53.65474581718445,-0.16624660582944403,0.09969347182504047,-0.062362686654793276,0.08520260602305152
53.705668210983276,-0.16624660582944403,0.09969347182504047,-0.04651781019725165,0.06367362661140485
53.75605821609497,-0.16624660582944403,0.09969347182504047,-0.03087551335843486,0.042340768508016824
53.80676007270813,-0.16624660582944403,0.09969347182504047,-0.015173828195603978,0.02084727876983994
53.85772657394409,-0.16624660582944403,0.09969347182504047,0.0005716362115379958,-0.0007868433881474957
53.90832471847534,-0.16624660582944403,0.09969347182504047,0.016165092529040415,-0.022292342138326315
53.95873808860779,-0.16624660582944403,0.09969347182504047,0.03166340212075491,-0.043746320551048656
54.00917387008667,-0.16624660582944403,0.09969347182504047,0.04713010608884538,-0.06523634912041576
54.05960035324097,-0.16624660582944403,0.09969347182504047,0.06255512988022804,-0.08674845728018199
54.11062717437744,-0.16624660582944403,0.09969347182504047,0.07812392942664204,-0.10854269633169666
54.16103959083557,-0.16624660582944403,0.09969347182504047,0.09346555550629798,-0.13009974627143595
54.21137309074402,0.03134031896652629,-0.17594207582433216,0.10874345550481213,-0.15164759690906138
54.26349234580994,0.03134031896652629,-0.17594207582433216,0.1245212272500229,-0.17398527718943457
54.3138210773468,0.03134031896652629,-0.17594207582433216,0.13971591425345942,-0.19557954755029794
54.36418843269348,0.03134031896652629,-0.17594207582433216,0.1548815553061207,-0.21721350502076597
54.41445708274841,0.03134031896652629,-0.17594207582433216,0.16997655144927837,-0.23882764857012173
54.4647798538208,0.03134031896652629,-0.17594207582433216,0.18504652832978374,-0.26048718438566576
54.51524329185486,0.03134031896652629,-0.17594207582433216,0.2001168430702709,-0.282229013052236
54.56567096710205,0.03134031896652629,-0.17594207582433216,0.2151343572597053,-0.30397670877952265
54.616084814071655,0.03134031896652629,-0.17594207582433216,0.23010534746562783,-0.32573921883285983
54.66643786430359,0.03134031896652629,-0.17594207582433216,0.24501564473290305,-0.3474957412779076
54.71707582473755,0.03134031896652629,-0.17594207582433216,0.2599670164551626,-0.3693952984605757
54.767502307891846,0.03134031896652629,-0.17594207582433216,0.27481249129723606,-0.39122277416237305
54.81788969039917,0.03134031896652629,-0.17594207582433216,0.2896028291107271,-0.41305215384102567
54.8683717250824,0.03134031896652629,-0.17594207582433216,0.304376908614576,-0.43494092819933017
54.91874051094055,0.2365334795971062,-0.4767368984469276,0.3190736024357901,-0.456798456327691
54.969096422195435,0.2365334795971062,-0.4767368984469276,0.3337220588865959,-0.47866774267256207
55.01950478553772,0.2365334795971062,-0.4767368984469276,0.34834092519108806,-0.5005766914874907
55.069976806640625,0.2365334795971062,-0.4767368984469276,0.3629329930531777,-0.5225297418765784
55.120431900024414,0.2365334795971062,-0.4767368984469276,0.3774745998613751,-0.5444913748203937
55.1710684299469,0.2365334795971062,-0.4767368984469276,0.3920223910279592,-0.5665475156310646
55.22246718406677,0.2365334795971062,-0.4767368984469276,0.4067416204436052,-0.5889510680674233
55.2738196849823,0.2365334795971062,-0.4767368984469276,0.4213994549357998,-0.6113494396649988
55.32419514656067,0.2365334795971062,-0.4767368984469276,0.43573134488450727,-0.6333357023895745
55.37550139427185,0.2365334795971062,-0.4767368984469276,0.45027983102252955,-0.6557419905424546
55.42594075202942,0.2365334795971062,-0.4767368984469276,0.4645347766543959,-0.6777827528038673
55.476280212402344,0.2365334795971062,-0.4767368984469276,0.47871402351341574,-0.6997922749910375
55.526657819747925,0.2365334795971062,-0.4767368984469276,0.49285625615317175,-0.7218303955571841
55.577245235443115,0.2365334795971062,-0.4767368984469276,0.507009024512731,-0.7439717981439611
55.62760782241821,0.4462887961973056,-0.7999883170544277,0.5210504688847544,-0.7660257453340273
55.678025007247925,0.4462887961973056,-0.7999883170544277,0.5350584592298202,-0.788114045196824
55.72836375236511,0.4462887961973056,-0.7999883170544277,0.548995787884329,-0.810177907907478
55.779693365097046,0.4462887961973056,-0.7999883170544277,0.5631568909575417,-0.8326857751835743
55.830286741256714,0.4462887961973056,-0.7999883170544277,0.577064627598912,-0.8548798787844367
55.880953550338745,0.4462887961973056,-0.7999883170544277,0.5909422761270005,-0.8771147134388118
55.93150877952576,0.4462887961973056,-0.7999883170544277,0.6047389429800742,-0.8993085710326874
55.98206186294556,0.4462887961973056,-0.7999883170544277,0.618484390084463,-0.9215089598333008
56.03262186050415,0.4462887961973056,-0.7999883170544277,0.6321808026389872,-0.9437193525877547
56.08304238319397,0.4462887961973056,-0.7999883170544277,0.6457884569078676,-0.9658749099417228
56.13342761993408,0.4462887961973056,-0.7999883170544277,0.6593354715137116,-0.9880208768192955
56.18409442901611,0.4462887961973056,-0.7999883170544277,0.6729063987777524,-1.010296057428415
56.234614610672,0.4462887961973056,-0.7999883170544277,0.6863860765727572,-1.0325117106279786
56.285194396972656,0.4462887961973056,-0.7999883170544277,0.6998294035922741,-1.0547580014368882
56.33894467353821,0.6304073279326765,-1.0982966115406383,0.7140578031058404,-1.0784030387390584
56.389435052871704,0.6304073279326765,-1.0982966115406383,0.7273689387992239,-1.1006175127437658
56.439777135849,0.6304073279326765,-1.0982966115406383,0.7405883231309573,-1.1227695818515528
56.49017095565796,0.6304073279326765,-1.0982966115406383,0.7537683829977992,-1.1449467517157597
56.54068613052368,0.6304073279326765,-1.0982966115406383,0.7669268028628471,-1.1671791621607053
56.59107208251953,0.6304073279326765,-1.0982966115406383,0.7799980753039288,-1.189356021142105
56.64153790473938,0.6304073279326765,-1.0982966115406383,0.7930362757509495,-1.2115688467459607
56.694103956222534,0.6304073279326765,-1.0982966115406383,0.8065595791671551,-1.234706414458693
56.74459791183472,0.6304073279326765,-1.0982966115406383,0.8194943027007788,-1.2569316964226513
56.794921875,0.6304073279326765,-1.0982966115406383,0.8323311211641697,-1.2790814157316581
56.845319986343384,0.6304073279326765,-1.0982966115406383,0.8451322280094535,-1.3012625211522322
56.895914793014526,0.6304073279326765,-1.0982966115406383,0.8579280712549275,-1.3235284236364606
56.946982622146606,0.6304073279326765,-1.0982966115406383,0.8707871947611219,-1.3460001693262011
56.997414112091064,0.813900293922581,-1.4141503468487293,0.8834302899527708,-1.3681890904707559
57.04823040962219,0.813900293922581,-1.4141503468487293,0.8961135391420985,-1.3905439715281602
57.09872913360596,0.813900293922581,-1.4141503468487293,0.9086612921934427,-1.41275529971849
57.14913201332092,0.813900293922581,-1.4141503468487293,0.9211291053985797,-1.4349201325996352
57.19984722137451,0.813900293922581,-1.4141503468487293,0.9336173559773762,-1.4572174182612425
57.250264406204224,0.813900293922581,-1.4141503468487293,0.9459755012773512,-1.4793782932151924
57.30102586746216,0.813900293922581,-1.4141503468487293,0.9583606779950262,-1.5016845513750936
57.35145711898804,0.813900293922581,-1.4141503468487293,0.9706080755809139,-1.5238392813457722
57.401944398880005,0.813900293922581,-1.4141503468487293,0.9828117413717532,-1.5460116948531066
57.452319622039795,0.813900293922581,-1.4141503468487293,0.9949309266611717,-1.5681274711049247
57.50305461883545,0.813900293922581,-1.4141503468487293,1.0070785039310186,-1.5903931777099132
57.553712129592896,0.813900293922581,-1.4141503468487293,1.0191490795609943,-1.6126163282902626
57.6040313243866,0.813900293922581,-1.4141503468487293,1.0310810117596676,-1.6346820865259237
57.65430974960327,0.813900293922581,-1.4141503468487293,1.042945305021012,-1.6567205193910177
57.70475888252258,0.9931874588392385,-1.7418018749474422,1.0547914323828844,-1.6788237716419712
57.75550317764282,0.9931874588392385,-1.7418018749474422,1.0666476003743375,-1.7010457094977505
57.80618500709534,0.9931874588392385,-1.7418018749474422,1.0784296388884789,-1.723229123285199
57.86051273345947,0.9931874588392385,-1.7418018749474422,1.0909929394231082,-1.7469953522223467
57.91112780570984,0.9931874588392385,-1.7418018749474422,1.1026357442212746,-1.7691247900350116
57.96212983131409,0.9931874588392385,-1.7418018749474422,1.114306914657496,-1.7914105202005597
58.012593269348145,0.9931874588392385,-1.7418018749474422,1.1257947269659119,-1.813447654494892
58.06295132637024,0.9931874588392385,-1.7418018749474422,1.1371987555257146,-1.8354251070963712
58.113499879837036,0.9931874588392385,-1.7418018749474422,1.1485856631869855,-1.8574714522618172
58.163902759552,0.9931874588392385,-1.7418018749474422,1.159879454948364,-1.879439535503987
58.21432590484619,0.9931874588392385,-1.7418018749474422,1.1711173530740424,-1.9014012189288847
58.26511216163635,0.9931874588392385,-1.7418018749474422,1.1823748922584856,-1.9235051300951127
58.31575131416321,0.9931874588392385,-1.7418018749474422,1.1935384012810748,-1.94552857961308
58.36628580093384,0.9931874588392385,-1.7418018749474422,1.2046175129930656,-1.9674896243512672
58.41661524772644,1.1571958185849944,-2.058999098818762,1.2155906078062595,-1.9893442818897664
58.467002391815186,1.1571958185849944,-2.058999098818762,1.226515063115715,-2.011206200864299
58.51746201515198,1.1571958185849944,-2.058999098818762,1.2373936740082585,-2.03308120855629
58.5693461894989,1.1571958185849944,-2.058999098818762,1.2485149887094882,-2.055554078282373
58.61981654167175,1.1571958185849944,-2.058999098818762,1.259270412577716,-2.0773948734765955
58.670156955718994,1.1571958185849944,-2.058999098818762,1.269936246261385,-2.0991595665483205
58.72059679031372,1.1571958185849944,-2.058999098818762,1.2805609772673865,-2.1209468220985968
58.77122116088867,1.1571958185849944,-2.058999098818762,1.291161845558612,-2.142792712078442
58.8222393989563,1.1571958185849944,-2.058999098818762,1.301781443161096,-2.164786676931561
58.87275147438049,1.1571958185849944,-2.058999098818762,1.3122324760968347,-2.186540261606413
58.923274755477905,1.1571958185849944,-2.058999098818762,1.3226227591498936,-2.208276080667476
58.97369122505188,1.1571958185849944,-2.058999098818762,1.3329280466667996,-2.2299429081325575
59.024038553237915,1.1571958185849944,-2.058999098818762,1.343156217047662,-2.251556538427864
59.074475049972534,1.1571958185849944,-2.058999098818762,1.3533392444011458,-2.2731844028546746
59.125282526016235,1.3117408808988325,-2.3780087161687695,1.3635330083339872,-2.2949464928288514
59.17593860626221,1.3117408808988325,-2.3780087161687695,1.3736321385946626,-2.31661837770046
59.22636270523071,1.3117408808988325,-2.3780087161687695,1.383621153090615,-2.33816534960103
59.27761507034302,1.3117408808988325,-2.3780087161687695,1.3937088031286344,-2.360039478999635
59.32798385620117,1.3117408808988325,-2.3780087161687695,1.4035581230537337,-2.3815096851474205
59.37830090522766,1.3117408808988325,-2.3780087161687695,1.4133334264589354,-2.402930778805455
59.42881107330322,1.3117408808988325,-2.3780087161687695,1.423081878085969,-2.424406371433458
59.47924518585205,1.3117408808988325,-2.3780087161687695,1.4327511707757914,-2.4458214059711665
59.52961182594299,1.3117408808988325,-2.3780087161687695,1.4423430948594704,-2.467179134085962
59.57996106147766,1.3117408808988325,-2.3780087161687695,1.4518672202970153,-2.488500347490866
59.6302649974823,1.3117408808988325,-2.3780087161687695,1.4613182653737629,-2.50977277779362
59.68068552017212,1.3117408808988325,-2.3780087161687695,1.4707263840663543,-2.531064308555103
59.731141805648804,1.3117408808988325,-2.3780087161687695,1.4800760791323935,-2.552340159807903
59.78151082992554,1.3117408808988325,-2.3780087161687695,1.4893445337779876,-2.5735479917848956
59.833821535110474,1.4509942862694385,-2.685123571424227,1.4989013311418247,-2.5955397954246258
59.88438820838928,1.4509942862694385,-2.685123571424227,1.5080726088426262,-2.616765350689909
59.934911489486694,1.4509942862694385,-2.685123571424227,1.5171702223304648,-2.637939728810809
59.985270500183105,1.4509942862694385,-2.685123571424227,1.5261726991482267,-2.659011961786047
60.036001443862915,1.4509942862694385,-2.685123571424227,1.5351753775766954,-2.6802056965792165
60.086787939071655,1.4509942862694385,-2.685123571424227,1.5441211646283521,-2.7013878083470453
60.13777947425842,1.4509942862694385,-2.685123571424227,1.553035769475622,-2.7226198534385317
60.18891263008118,1.4509942862694385,-2.685123571424227,1.5619073107781558,-2.743874533424947
60.23931956291199,1.4509942862694385,-2.685123571424227,1.5705862747439805,-2.7647912135209607
60.28969621658325,1.4509942862694385,-2.685123571424227,1.5791938837935868,-2.7856589820913698
60.34097385406494,1.4509942862694385,-2.685123571424227,1.5878874341578972,-2.806862130154799
60.39139533042908,1.4509942862694385,-2.685123571424227,1.5963688371657705,-2.8276735203322088
60.441797494888306,1.4509942862694385,-2.685123571424227,1.6047805066092442,-2.848439032181767
60.49381875991821,1.5599717171837924,-2.9430333167315337,1.61339258462468,-2.8698313263895057
60.54438900947571,1.5599717171837924,-2.9430333167315337,1.621696388604612,-2.8905871877091824
60.59493327140808,1.5599717171837924,-2.9430333167315337,1.629928793010374,-2.9112927184652797
60.6454222202301,1.5599717171837924,-2.9430333167315337,1.638085099521195,-2.9319354944221216
60.69623255729675,1.5599717171837924,-2.9430333167315337,1.6462255489749533,-2.9526687036854495
60.74697756767273,1.5599717171837924,-2.9430333167315337,1.6542875915926567,-2.973333724835526
60.797396183013916,1.5599717171837924,-2.9430333167315337,1.6622304578121099,-2.993824216119258
60.84780406951904,1.5599717171837924,-2.9430333167315337,1.6701044767038056,-3.014268381231408
60.8981876373291,1.5599717171837924,-2.9430333167315337,1.6779075229511569,-3.0346602522834814
60.9495689868927,1.5599717171837924,-2.9430333167315337,1.6857958597311369,-3.055411751534292
61.00108551979065,1.5599717171837924,-2.9430333167315337,1.6936346845836956,-3.0761725036560206
61.05184555053711,1.5599717171837924,-2.9430333167315337,1.7012895143201903,-3.0965834659171594
61.10257625579834,1.5599717171837924,-2.9430333167315337,1.7088715401234964,-3.116937571546498
61.15551996231079,1.5599717171837924,-2.9430333167315337,1.7167113449037132,-3.1381309841579554
61.20664429664612,1.6737221044148616,-3.2338610550414897,1.724210948481015,-3.1585484700327107
61.258015394210815,1.6737221044148616,-3.2338610550414897,1.731676630725439,-3.17901684092971
61.308910608291626,1.6737221044148616,-3.2338610550414897,1.7390037811880443,-3.199247968873384
61.35928511619568,1.6737221044148616,-3.2338610550414897,1.7461879207136737,-3.2192249283837087
61.410033226013184,1.6737221044148616,-3.2338610550414897,1.7533568373058128,-3.2393020805798196
61.460490226745605,1.6737221044148616,-3.2338610550414897,1.7604164147436516,-3.259215837476312
61.5113263130188,1.6737221044148616,-3.2338610550414897,1.7674601956313893,-3.279230076462782
61.56187891960144,1.6737221044148616,-3.2338610550414897,1.7743961367151322,-3.299083309389518
61.61221742630005,1.6737221044148616,-3.2338610550414897,1.7812347245226452,-3.318803020016804
61.663145303726196,1.6737221044148616,-3.2338610550414897,1.7880843086423521,-3.3387029089225835
61.713815689086914,1.6737221044148616,-3.2338610550414897,1.7948302755684589,-3.358451075062728
61.76423788070679,1.6737221044148616,-3.2338610550414897,1.8014748571840606,-3.3780514144061846
61.81459975242615,1.6737221044148616,-3.2338610550414897,1.8080434040094755,-3.3975769401596665
61.8652708530426,1.7635522572751023,-3.4852134006279507,1.8145835775807115,-3.4171700569348116
61.9166955947876,1.7635522572751023,-3.4852134006279507,1.8211505332831093,-3.4370004468175406
61.96727180480957,1.7635522572751023,-3.4852134006279507,1.827539839631998,-3.4564499344442035
62.018333435058594,1.7635522572751023,-3.4852134006279507,1.833920735621244,-3.476031581482639
62.069135427474976,1.7635522572751023,-3.4852134006279507,1.840199629256981,-3.4954588094981687
62.119654417037964,1.7635522572751023,-3.4852134006279507,1.8463747229622047,-3.514723072182498
62.17011547088623,1.7635522572751023,-3.4852134006279507,1.8524742042895013,-3.5339102645584815
62.22052812576294,1.7635522572751023,-3.4852134006279507,1.8584994258351457,-3.5530237071288244
62.27149844169617,1.7635522572751023,-3.4852134006279507,1.8645217676398578,-3.5722918521522944
62.32182312011719,1.7635522572751023,-3.4852134006279507,1.870399222401868,-3.5912594875156327
62.372363567352295,1.7635522572751023,-3.4852134006279507,1.876233262415486,-3.6102515255390233
62.42425489425659,1.7635522572751023,-3.4852134006279507,1.8821516873308848,-3.6296913435644367
62.47553539276123,1.7635522572751023,-3.4852134006279507,1.8879292184349052,-3.648842253735297
62.52851748466492,1.7635522572751023,-3.4852134006279507,1.8938240880270514,-3.668565375182891
62.57915115356445,1.851186780603595,-3.755689907390099,1.899387032169587,-3.6873536972487457
62.62971568107605,1.851186780603595,-3.755689907390099,1.9048734865180472,-3.706056799934596
62.68073916435242,1.851186780603595,-3.755689907390099,1.9103399555397524,-3.724868846744422
62.731245040893555,1.851186780603595,-3.755689907390099,1.9156819388263033,-3.743429414968369
62.7818398475647,1.851186780603595,-3.755689907390099,1.9209644743440355,-3.7619617014707885
62.832374572753906,1.851186780603595,-3.755689907390099,1.9261719541591193,-3.780410603496187
62.882747650146484,1.851186780603595,-3.755689907390099,1.9312943753323732,-3.798738979982923
62.93335461616516,1.851186780603595,-3.755689907390099,1.936371825813917,-3.8170901487792444
62.98410224914551,1.851186780603595,-3.755689907390099,1.9413942034833207,-3.835429143644589
63.03515362739563,1.851186780603595,-3.755689907390099,1.946376754680945,-3.853813590308885
63.08562135696411,1.851186780603595,-3.755689907390099,1.9512334637745177,-3.871923984427532
63.13649106025696,1.851186780603595,-3.755689907390099,1.956059575361382,-3.890113894179552
63.186901569366455,1.851186780603595,-3.755689907390099,1.9607735292685289,-3.9080750326844083
63.23751163482666,1.851186780603595,-3.755689907390099,1.9654374819967892,-3.926042149248906
63.28876709938049,1.9206524364610618,-3.9982742380341594,1.9700908208837538,-3.9441714136210058
63.33927011489868,1.9206524364610618,-3.9982742380341594,1.9746068887211574,-3.9619681486272267
63.38991141319275,1.9206524364610618,-3.9982742380341594,1.9790666247798967,-3.979746988781133
63.44039797782898,1.9206524364610618,-3.9982742380341594,1.983444292330375,-3.9974046420468854
63.49085760116577,1.9206524364610618,-3.9982742380341594,1.9877513777237277,-4.014985712862497
63.541574478149414,1.9206524364610618,-3.9982742380341594,1.992011709752013,-4.032588305712601
63.592318534851074,1.9206524364610618,-3.9982742380341594,1.9962054241034868,-4.050131539277038
63.644654989242554,1.9206524364610618,-3.9982742380341594,2.000458589704302,-4.06815273158117
63.69510746002197,1.9206524364610618,-3.9982742380341594,2.0044893403549295,-4.085454990349149
63.74550747871399,1.9206524364610618,-3.9982742380341594,2.0084480126836843,-4.102669992060685
63.79593086242676,1.9206524364610618,-3.9982742380341594,2.012340669183298,-4.119823251745748
63.846362590789795,1.9206524364610618,-3.9982742380341594,2.0161661370060697,-4.136909153582582
63.89679741859436,1.9206524364610618,-3.9982742380341594,2.019924047983193,-4.1539254575186035
63.94720101356506,1.9206524364610618,-3.9982742380341594,2.023611955498728,-4.1708602019689005
63.9975962638855,1.9206524364610618,-3.9982742380341594,2.02723167069004,-4.1877207251286475
64.04807090759277,1.982434575207555,-4.248745669957496,2.030789411432318,-4.204535794883874
64.09850835800171,1.982434575207555,-4.248745669957496,2.0342769361290136,-4.221266047697374
64.14894080162048,1.982434575207555,-4.248745669957496,2.0376966181366445,-4.237921818738309
64.19938731193542,1.982434575207555,-4.248745669957496,2.0410497976049644,-4.2545089568960694
64.24985718727112,1.982434575207555,-4.248745669957496,2.044337084609528,-4.271030008302581
64.30029058456421,1.982434575207555,-4.248745669957496,2.0475546767056425,-4.287464984608896
64.35163950920105,1.982434575207555,-4.248745669957496,2.0507616137009763,-4.3041217303285855
64.40220975875854,1.982434575207555,-4.248745669957496,2.053851885185343,-4.320449935574747
64.45264220237732,1.982434575207555,-4.248745669957496,2.0568665724943536,-4.336658156390592
64.50315809249878,1.982434575207555,-4.248745669957496,2.059819087364908,-4.352817199024734
64.55381321907043,1.982434575207555,-4.248745669957496,2.0627123257843576,-4.368943982724625
64.60452222824097,1.982434575207555,-4.248745669957496,2.0655411090563485,-4.385010470139281
64.6550612449646,1.982434575207555,-4.248745669957496,2.0682932640203906,-4.400945574390744
64.70572471618652,2.032622291733448,-4.487672771273249,2.070985001951764,-4.416841820284661
64.75618839263916,2.032622291733448,-4.487672771273249,2.0735993328514364,-4.43259722918972
64.80673575401306,2.032622291733448,-4.487672771273249,2.0761512627931547,-4.448300162438333
64.85761404037476,2.032622291733448,-4.487672771273249,2.0786525434749015,-4.4640260398916
64.90800046920776,2.032622291733448,-4.487672771273249,2.0810631376876074,-4.479520516120861
64.9589352607727,2.032622291733448,-4.487672771273249,2.083432796581289,-4.495102923232411
65.0092658996582,2.032622291733448,-4.487672771273249,2.0857081086724283,-4.5104203992024905
65.05955529212952,2.032622291733448,-4.487672771273249,2.087915891152808,-4.525645392429599
65.11020636558533,2.032622291733448,-4.487672771273249,2.0900733054307987,-4.540898718713522
65.1607882976532,2.032622291733448,-4.487672771273249,2.0921615304404124,-4.556049530877345
65.2111976146698,2.032622291733448,-4.487672771273249,2.0941768736476973,-4.571067020626874
65.26194357872009,2.032622291733448,-4.487672771273249,2.09613948155103,-4.586102102166952
65.31251454353333,2.032622291733448,-4.487672771273249,2.0980293595212802,-4.601002390121095
65.36320328712463,2.032622291733448,-4.487672771273249,2.099857672874405,-4.615853891062033
65.41375637054443,2.071660213874296,-4.718269072226895,2.101615428573308,-4.630581997760813
65.4641981124878,2.071660213874296,-4.718269072226895,2.1033040676459542,-4.645194016189178
65.51471900939941,2.071660213874296,-4.718269072226895,2.1049301465058825,-4.659744820017455
65.5652117729187,2.071660213874296,-4.718269072226895,2.1064902317083156,-4.674202993389357
65.61643648147583,2.071660213874296,-4.718269072226895,2.1080065639239756,-4.6887840063766575
65.66682291030884,2.071660213874296,-4.718269072226895,2.1094329913994336,-4.7030407796891724
65.71721267700195,2.071660213874296,-4.718269072226895,2.1107950777737594,-4.717213188485519
65.76767778396606,2.071660213874296,-4.718269072226895,2.1120947440690157,-4.731320904894858
65.81809854507446,2.071660213874296,-4.718269072226895,2.1133289760805107,-4.745330013981357
65.86843037605286,2.071660213874296,-4.718269072226895,2.1144970661298057,-4.759228095873346
65.91888499259949,2.071660213874296,-4.718269072226895,2.1156039942615994,-4.773073151166107
65.96941232681274,2.071660213874296,-4.718269072226895,2.1166484232136957,-4.786850562418458
66.02047181129456,2.071660213874296,-4.718269072226895,2.117638832809318,-4.800683646490233
66.07092642784119,2.071660213874296,-4.718269072226895,2.1185534451668513,-4.814264179743172
66.12142443656921,2.093719998925703,-4.912351558591017,2.1194052188012606,-4.82776775931565
66.17200183868408,2.093719998925703,-4.912351558591017,2.1201946701963283,-4.841203322320506
66.22247576713562,2.093719998925703,-4.912351558591017,2.1209191334431696,-4.854521991296987
66.27318382263184,2.093719998925703,-4.912351558591017,2.1215833537073503,-4.867812137707195
66.32426261901855,2.093719998925703,-4.912351558591017,2.1221881289671978,-4.881107577416806
66.37482261657715,2.093719998925703,-4.912351558591017,2.1227233563677217,-4.894176805829396
66.42519974708557,2.093719998925703,-4.912351558591017,2.1231940584299602,-4.907108194272789
66.47549891471863,2.093719998925703,-4.912351558591017,2.1236018515666757,-4.919929022719248
66.52586674690247,2.093719998925703,-4.912351558591017,2.123948094249222,-4.932676341651873
66.57640862464905,2.093719998925703,-4.912351558591017,2.1242332166709437,-4.945375813464636
66.627028465271,2.093719998925703,-4.912351558591017,2.1244563682745903,-4.958002258453126
66.6775872707367,2.093719998925703,-4.912351558591017,2.124617064885867,-4.970520611592542
66.7280056476593,2.093719998925703,-4.912351558591017,2.1247155861968365,-4.982911426132173
66.77936053276062,2.093719998925703,-4.912351558591017,2.1247527339274765,-4.995436808042804
66.83000183105469,2.104823269179693,-5.092489199077736,2.124727071196075,-5.007693334026584
66.8804361820221,2.104823269179693,-5.092489199077736,2.1246402007222067,-5.01980586026829
66.93085622787476,2.104823269179693,-5.092489199077736,2.1244923613346343,-5.031820935443398
66.98146057128906,2.104823269179693,-5.092489199077736,2.1242828319694516,-5.043785076232151
67.03194236755371,2.104823269179693,-5.092489199077736,2.1240129427944923,-5.055625231583015
67.08246183395386,2.104823269179693,-5.092489199077736,2.1236821641217705,-5.067378889179878
67.13288640975952,2.104823269179693,-5.092489199077736,2.1232916414314262,-5.079015043388695
67.18332648277283,2.104823269179693,-5.092489199077736,2.1228408383909407,-5.090559068888494
67.23388957977295,2.104823269179693,-5.092489199077736,2.1223287244294875,-5.1020348569888725
67.28452658653259,2.104823269179693,-5.092489199077736,2.121755625947337,-5.113430374311549
67.33517980575562,2.104823269179693,-5.092489199077736,2.121122218307269,-5.124732055835682
67.38584971427917,2.104823269179693,-5.092489199077736,2.1204286221295963,-5.135939593219868
67.43625450134277,2.104823269179693,-5.092489199077736,2.1196793205109934,-5.146991057419409
67.4866771697998,2.104823269179693,-5.092489199077736,2.1188707287992328,-5.15794890298133
67.53707909584045,2.1051747511630494,-5.267053804419799,2.118003658785586,-5.168804435968884
67.58752131462097,2.1051747511630494,-5.267053804419799,2.1170772155123037,-5.179570438436487
67.63812851905823,2.1051747511630494,-5.267053804419799,2.116088942320786,-5.1902726170955065
67.6885256767273,2.1051747511630494,-5.267053804419799,2.1150464343198667,-5.200831491023749
67.7390878200531,2.1051747511630494,-5.267053804419799,2.113942207138871,-5.211325465322076
67.78963422775269,2.1051747511630494,-5.267053804419799,2.11278014627295,-5.221716291529803
67.84011244773865,2.1051747511630494,-5.267053804419799,2.1115618007024795,-5.231993138546635
67.89096093177795,2.1051747511630494,-5.267053804419799,2.1102762698201083,-5.2422440728196324
67.94134068489075,2.1051747511630494,-5.267053804419799,2.108945135315223,-5.25229995569247
67.99175071716309,2.1051747511630494,-5.267053804419799,2.1075561637767724,-5.262261411879278
68.04305481910706,2.1051747511630494,-5.267053804419799,2.106084186704026,-5.27229605789112
68.09352779388428,2.1051747511630494,-5.267053804419799,2.1045788035548076,-5.282065980783705
68.14432334899902,2.1051747511630494,-5.267053804419799,2.1030066801676117,-5.2917957558374065
68.1948390007019,2.1051747511630494,-5.267053804419799,2.101386601940471,-5.301369566730523
68.24583315849304,2.092962825643004,-5.414472274696541,2.09969412660101,-5.310930258976654
68.29622197151184,2.092962825643004,-5.414472274696541,2.097965652406039,-5.32027473423543
68.34665012359619,2.092962825643004,-5.414472274696541,2.0961802221009425,-5.329524001246992
68.39728832244873,2.092962825643004,-5.414472274696541,2.0943315947731396,-5.3387083359185965
68.44769549369812,2.092962825643004,-5.414472274696541,2.092436123862739,-5.347747534806562
68.49810290336609,2.092962825643004,-5.414472274696541,2.090485710051908,-5.356683511497019
68.54865956306458,2.092962825643004,-5.414472274696541,2.088474563059768,-5.36554195717337
68.59936213493347,2.092962825643004,-5.414472274696541,2.0864025569310254,-5.374321110236378
68.64980363845825,2.092962825643004,-5.414472274696541,2.0842867340122093,-5.382950597988527
68.70020937919617,2.092962825643004,-5.414472274696541,2.082118347870682,-5.391469629336328
68.75107741355896,2.092962825643004,-5.414472274696541,2.079875513142328,-5.399960793536821
68.80151653289795,2.092962825643004,-5.414472274696541,2.0775976988810787,-5.408274966973648
68.85533738136292,2.092962825643004,-5.414472274696541,2.075108244559533,-5.417030549797415
68.90574550628662,2.092962825643004,-5.414472274696541,2.0727217165614884,-5.425122057382234
68.9561676979065,2.0698269246843712,-5.538008900162113,2.070281607370947,-5.433110201045699
69.00683665275574,2.0698269246843712,-5.538008900162113,2.0677764790025326,-5.441030780218807
69.05734610557556,2.0698269246843712,-5.538008900162113,2.0652265159216516,-5.448819770178529
69.10772466659546,2.0698269246843712,-5.538008900162113,2.0626309631775803,-5.456482263365034
69.1581916809082,2.0698269246843712,-5.538008900162113,2.0599788226644504,-5.464051520539462
69.20877504348755,2.0698269246843712,-5.538008900162113,2.057268550730947,-5.471530841060929
69.25922012329102,2.0698269246843712,-5.538008900162113,2.054514064523496,-5.478882413370346
69.30966234207153,2.0698269246843712,-5.538008900162113,2.0517084271814117,-5.4861261946767605
69.36036586761475,2.0698269246843712,-5.538008900162113,2.0488367950257325,-5.493299066317267
69.41078209877014,2.0698269246843712,-5.538008900162113,2.045930522423044,-5.500323278514629
69.46118140220642,2.0698269246843712,-5.538008900162113,2.0429747291244507,-5.507237255727763
69.51187348365784,2.0698269246843712,-5.538008900162113,2.0399510845985205,-5.514082377023661
69.56234502792358,2.0698269246843712,-5.538008900162113,2.0368903472235256,-5.520788877724826
69.61271834373474,2.0698269246843712,-5.538008900162113,2.0337858240376265,-5.527373826064771
69.66307759284973,2.035886845585178,-5.642863633140092,2.030632743616038,-5.533848376340785
69.71344923973083,2.035886845585178,-5.642863633140092,2.0274297018391456,-5.540215728733321
69.76391243934631,2.035886845585178,-5.642863633140092,2.024171765593603,-5.546485346123212
69.81510591506958,2.035886845585178,-5.642863633140092,2.0208167546098164,-5.552733691254158
69.86559057235718,2.035886845585178,-5.642863633140092,2.017459208907611,-5.55878484332824
69.91601395606995,2.035886845585178,-5.642863633140092,2.0140574384357115,-5.564718743822819
69.96668410301208,2.035886845585178,-5.642863633140092,2.0105906548727037,-5.5705708379568595
70.01736664772034,2.035886845585178,-5.642863633140092,2.007074784145104,-5.576313010821039
70.06798982620239,2.035886845585178,-5.642863633140092,2.0035151351009395,-5.581937093187808
70.11849975585938,2.035886845585178,-5.642863633140092,1.9999160047650433,-5.587437478113671
70.16934370994568,2.035886845585178,-5.642863633140092,1.9962454779282885,-5.592861953408818
70.2198793888092,2.035886845585178,-5.642863633140092,1.9925501541643715,-5.598141722425018
70.27180552482605,2.035886845585178,-5.642863633140092,1.9887045742242373,-5.603450449617235
70.32243204116821,2.035886845585178,-5.642863633140092,1.9849081095961432,-5.608512623968645
70.37302374839783,1.992195050781698,-5.723529383819811,1.981068040329221,-5.613459010523966
70.42343091964722,1.992195050781698,-5.723529383819811,1.9771963007581963,-5.618275526293136
70.47386431694031,1.992195050781698,-5.723529383819811,1.9732771874631243,-5.622982666113904
70.52438354492188,1.992195050781698,-5.723529383819811,1.9693061891291803,-5.627585451646161
70.57653760910034,1.992195050781698,-5.723529383819811,1.965159502420787,-5.632219031821888
70.6294994354248,1.992195050781698,-5.723529383819811,1.9608998445568204,-5.636801354823971
70.67990636825562,1.992195050781698,-5.723529383819811,1.9568003381479075,-5.641047315504485
70.73032736778259,1.992195050781698,-5.723529383819811,1.9526557339787256,-5.645181794445218
70.78077220916748,1.992195050781698,-5.723529383819811,1.94846545560191,-5.649205311405604
70.83120036125183,1.992195050781698,-5.723529383819811,1.9442331382078697,-5.653114457485387
70.88157939910889,1.992195050781698,-5.723529383819811,1.9399618663629763,-5.656906791103536
70.93198108673096,1.992195050781698,-5.723529383819811,1.9356458689528409,-5.660587656825018
70.98238062858582,1.992195050781698,-5.723529383819811,1.9312875234839098,-5.6641550307782556
71.03283309936523,1.992195050781698,-5.723529383819811,1.9268822849751945,-5.6676124982462115
71.08361840248108,1.9393200530473684,-5.780224144549425,1.9224055139685192,-5.670977793365677
71.13426566123962,1.9393200530473684,-5.780224144549425,1.9178987622447048,-5.674218913505756
71.18469667434692,1.9393200530473684,-5.780224144549425,1.9133697165594672,-5.677331924423786
71.23580431938171,1.9393200530473684,-5.780224144549425,1.9087379131152422,-5.680370236591525
71.28951287269592,1.9393200530473684,-5.780224144549425,1.9038251665146304,-5.683436681347031
71.33992290496826,1.9393200530473684,-5.780224144549425,1.8991722752798756,-5.686196735761687
71.39033579826355,1.9393200530473684,-5.780224144549425,1.894478875855704,-5.688842487817958
71.44151759147644,1.9393200530473684,-5.780224144549425,1.8896730197102034,-5.691411375218867
71.49207949638367,1.9393200530473684,-5.780224144549425,1.8848852287407842,-5.693833061938659
71.54258632659912,1.9393200530473684,-5.780224144549425,1.880063116522422,-5.696136802863313
71.59296441078186,1.9393200530473684,-5.780224144549425,1.8752142253714466,-5.698319754209123
71.64371943473816,1.9393200530473684,-5.780224144549425,1.8702898908983208,-5.700402866189369
71.69652247428894,1.9393200530473684,-5.780224144549425,1.865125457002102,-5.702446158541429
71.74723196029663,1.9393200530473684,-5.780224144549425,1.8601263567270903,-5.70428941658848
71.79763841629028,1.8812119348325884,-5.810759241188365,1.855119147792828,-5.706005985545387
71.84866070747375,1.8812119348325884,-5.810759241188365,1.8500125029258845,-5.707625975879321
71.89932012557983,1.8812119348325884,-5.810759241188365,1.8449043969701573,-5.709117341319158
71.94974088668823,1.8812119348325884,-5.810759241188365,1.839783277408666,-5.710485724628068
72.00016641616821,1.8812119348325884,-5.810759241188365,1.8346249783328783,-5.711738447679252
72.0505154132843,1.8812119348325884,-5.810759241188365,1.8294381947311447,-5.712873650110213
72.10100722312927,1.8812119348325884,-5.810759241188365,1.8242005606833793,-5.71389596364597
72.15141558647156,1.8812119348325884,-5.810759241188365,1.8189357853533308,-5.714800519918091
72.20182180404663,1.8812119348325884,-5.810759241188365,1.8136357717859983,-5.715588993597992
72.25222158432007,1.8812119348325884,-5.810759241188365,1.8083012839767152,-5.7162612701922235
72.30263996124268,1.8812119348325884,-5.810759241188365,1.8029299641826206,-5.716817567269159
72.35307264328003,1.8812119348325884,-5.810759241188365,1.7975225411494373,-5.717257652003617
72.4055061340332,1.8812119348325884,-5.810759241188365,1.7918642500884014,-5.717591717695731
72.4559395313263,1.8812119348325884,-5.810759241188365,1.786387159961111,-5.717794202739332
72.50634789466858,1.8138594330702267,-5.8189751012309054,1.7808791626784979,-5.717880082778471
72.55671215057373,1.8138594330702267,-5.8189751012309054,1.775342719486561,-5.717849504372332
72.60704302787781,1.8138594330702267,-5.8189751012309054,1.769777035776844,-5.717702671775561
72.65743446350098,1.8138594330702267,-5.8189751012309054,1.764172006345131,-5.717439161646924
72.7078640460968,1.8138594330702267,-5.8189751012309054,1.7585303385897995,-5.717058696251687
72.75829863548279,1.8138594330702267,-5.8189751012309054,1.7528560100197383,-5.716561325916028
72.80875086784363,1.8138594330702267,-5.8189751012309054,1.7471478899506945,-5.715946800167983
72.85936832427979,1.8138594330702267,-5.8189751012309054,1.741389423350388,-5.715212640017689
72.91023063659668,1.8138594330702267,-5.8189751012309054,1.735571485133349,-5.7143562156253225
72.96071934700012,1.8138594330702267,-5.8189751012309054,1.7297652557393648,-5.713388351386947
73.0121693611145,1.8138594330702267,-5.8189751012309054,1.7238170038484364,-5.712281353611457
73.06257772445679,1.8138594330702267,-5.8189751012309054,1.717958689830371,-5.711078565690977
73.11298751831055,1.8138594330702267,-5.8189751012309054,1.7120703484021065,-5.709758714437485
73.16345238685608,1.7430318725347922,-5.8051579879919135,1.7061459803064059,-5.708320170662875
73.21410989761353,1.7430318725347922,-5.8051579879919135,1.700169537707596,-5.706758123056644
73.26458382606506,1.7430318725347922,-5.8051579879919135,1.6941857185427975,-5.705084118628635
73.31513214111328,1.7430318725347922,-5.8051579879919135,1.688164354840983,-5.703289963642256
73.36638259887695,1.7430318725347922,-5.8051579879919135,1.6820303320732812,-5.701350634281141
73.4168267250061,1.7430318725347922,-5.8051579879919135,1.6759646080398014,-5.699323562983775
73.46731042861938,1.7430318725347922,-5.8051579879919135,1.6698664296069738,-5.6971774357995155
73.51800060272217,1.7430318725347922,-5.8051579879919135,1.663715758370017,-5.694904289324892
73.56878423690796,1.7430318725347922,-5.8051579879919135,1.6575263890254424,-5.692508134814427
73.61909055709839,1.7430318725347922,-5.8051579879919135,1.6513685181207012,-5.690017243855987
73.66941237449646,1.7430318725347922,-5.8051579879919135,1.6451825098673933,-5.687408827306513
73.72149848937988,1.7430318725347922,-5.8051579879919135,1.6387523194176055,-5.684585972400422
73.77184963226318,1.7430318725347922,-5.8051579879919135,1.6325102504776312,-5.68173822753675
73.822265625,1.7430318725347922,-5.8051579879919135,1.6262347947007958,-5.678769693005043
73.87278985977173,1.6625066272377071,-5.767624306723723,1.6199207454197153,-5.675677221138887
73.9239866733551,1.6625066272377071,-5.767624306723723,1.6134973263103738,-5.672423545970634
73.97435450553894,1.6625066272377071,-5.767624306723723,1.607153375363827,-5.669104660113447
74.0254979133606,1.6625066272377071,-5.767624306723723,1.6006871693093427,-5.665615042418885
74.07585954666138,1.6625066272377071,-5.767624306723723,1.5942959417306033,-5.662060998034994
74.12623405456543,1.6625066272377071,-5.767624306723723,1.5878797184391868,-5.658389163497125
74.17657113075256,1.6625066272377071,-5.767624306723723,1.5814452493290942,-5.6546033186566405
74.22701025009155,1.6625066272377071,-5.767624306723723,1.5749749880161155,-5.6506927791223
74.28055119514465,1.6625066272377071,-5.767624306723723,1.5680822795670704,-5.646413627047358
74.33200573921204,1.6625066272377071,-5.767624306723723,1.5614347033697509,-5.642176927850505
74.38237047195435,1.6625066272377071,-5.767624306723723,1.5549059900020714,-5.637912017181492
74.43281602859497,1.6625066272377071,-5.767624306723723,1.5483453793776616,-5.633523340562855
74.483318567276,1.6625066272377071,-5.767624306723723,1.5417562141576262,-5.6290125373771955
74.53434157371521,1.6625066272377071,-5.767624306723723,1.535077995357744,-5.624336241328496
74.58673667907715,1.5803714333823329,-5.70783995541524,1.528198424033582,-5.619409761778365
74.63723850250244,1.5803714333823329,-5.70783995541524,1.5215469156319412,-5.6145420251019695
74.6877326965332,1.5803714333823329,-5.70783995541524,1.514876601606772,-5.609558027502178
74.73815393447876,1.5803714333823329,-5.70783995541524,1.5081964898944324,-5.604464555476156
74.78845643997192,1.5803714333823329,-5.70783995541524,1.5015130852007517,-5.599266958909173
74.83879518508911,1.5803714333823329,-5.70783995541524,1.4948061731961158,-5.593949574264879
74.88922548294067,1.5803714333823329,-5.70783995541524,1.488068643376764,-5.588506183082051
74.9395923614502,1.5803714333823329,-5.70783995541524,1.4813215151724883,-5.58295348483883
74.99000096321106,1.5803714333823329,-5.70783995541524,1.474551046409382,-5.57728003526989
75.04153037071228,1.5803714333823329,-5.70783995541524,1.46761202986441,-5.571360414076705
75.09194278717041,1.5803714333823329,-5.70783995541524,1.4608061459537562,-5.565451761886327
75.14237833023071,1.5803714333823329,-5.70783995541524,1.4539803692155988,-5.55942433694538
75.19294285774231,1.5803714333823329,-5.70783995541524,1.4471206312448373,-5.553265046658925
75.2437674999237,1.5803714333823329,-5.70783995541524,1.4402092896668615,-5.5469566585074
75.29410243034363,1.4904227747313332,-5.621974194734294,1.4333487532055522,-5.540593124391851
75.34470677375793,1.4904227747313332,-5.621974194734294,1.4264359938093558,-5.534079326366639
75.39525413513184,1.4904227747313332,-5.621974194734294,1.4195158358030604,-5.52745664096121
75.44648456573486,1.4904227747313332,-5.621974194734294,1.4124870234561135,-5.520626038773243
75.49710369110107,1.4904227747313332,-5.621974194734294,1.4055274532650708,-5.513759953611649
75.54751396179199,1.4904227747313332,-5.621974194734294,1.3985824828693847,-5.506806733404241
75.5979688167572,1.4904227747313332,-5.621974194734294,1.391617599141969,-5.49973209044961
75.64863324165344,1.4904227747313332,-5.621974194734294,1.384610259264205,-5.492512127716524
75.69908475875854,1.4904227747313332,-5.621974194734294,1.3776192320428866,-5.485207173542362
75.74949026107788,1.4904227747313332,-5.621974194734294,1.3706218260793852,-5.477794063960584
75.7999336719513,1.4904227747313332,-5.621974194734294,1.3636067276208643,-5.4702606005436625
75.85043549537659,1.4904227747313332,-5.621974194734294,1.3565713840219806,-5.4626035116632945
75.90123414993286,1.4904227747313332,-5.621974194734294,1.3494827918010674,-5.454785556970913
75.95172715187073,1.4904227747313332,-5.621974194734294,1.3424253629166918,-5.446899615080319
76.00246596336365,1.3949824308142273,-5.509524277446675,1.3353223781791277,-5.438859893082227
76.05308556556702,1.3949824308142273,-5.509524277446675,1.3282252327732018,-5.430723929174598
76.10350370407104,1.3949824308142273,-5.509524277446675,1.321145897218198,-5.422506169501905
76.15389513969421,1.3949824308142273,-5.509524277446675,1.3140602370466534,-5.414179039329172
76.20433521270752,1.3949824308142273,-5.509524277446675,1.30695798519535,-5.405730152703963
76.25494146347046,1.3949824308142273,-5.509524277446675,1.2998228643802674,-5.3971392357029835
76.30546021461487,1.3949824308142273,-5.509524277446675,1.2926909545593648,-5.388449230880924
76.35590744018555,1.3949824308142273,-5.509524277446675,1.2855603779464788,-5.379658074937751
76.40646839141846,1.3949824308142273,-5.509524277446675,1.2784052737499805,-5.370733492702408
76.4568829536438,1.3949824308142273,-5.509524277446675,1.271262793683427,-5.36172165947817
76.50729560852051,1.3949824308142273,-5.509524277446675,1.2641128368536745,-5.352597401772941
76.55780863761902,1.3949824308142273,-5.509524277446675,1.256941207697834,-5.343342034538816
76.60833787918091,1.3949824308142273,-5.509524277446675,1.2497601636008164,-5.333970748021423
76.65887451171875,1.3949824308142273,-5.509524277446675,1.2425712877113262,-5.324485262729684
76.70922350883484,1.2972406431704169,-5.3731998681672755,1.235402691018691,-5.31492295229409
76.7601387500763,1.2972406431704169,-5.3731998681672755,1.2281473027732215,-5.305139542602321
76.81050252914429,1.2972406431704169,-5.3731998681672755,1.22096472629624,-5.295349924113549
76.86089539527893,1.2972406431704169,-5.3731998681672755,1.2137725887874216,-5.285443166587614
76.91125226020813,1.2972406431704169,-5.3731998681672755,1.2065805111237633,-5.275432264086534
76.96196460723877,1.2972406431704169,-5.3731998681672755,1.1993328665805376,-5.265238509532113
77.01240348815918,1.2972406431704169,-5.3731998681672755,1.1921198633253227,-5.2549882388405535
77.06281757354736,1.2972406431704169,-5.3731998681672755,1.1849063109143976,-5.24463208890808
77.11325359344482,1.2972406431704169,-5.3731998681672755,1.1776858538520798,-5.234160656516043
77.16386032104492,1.2972406431704169,-5.3731998681672755,1.1704375044878725,-5.223542608793416
77.21457648277283,1.2972406431704169,-5.3731998681672755,1.1631703447210717,-5.21279007213062
77.26502895355225,1.2972406431704169,-5.3731998681672755,1.1559381862016695,-5.201982858377998
77.31606197357178,1.2972406431704169,-5.3731998681672755,1.148620321683409,-5.190939283661066
77.36651682853699,1.2972406431704169,-5.3731998681672755,1.1413832372632118,-5.179910288763963
77.41699504852295,1.2028443868763514,-5.221413167868262,1.134141017229719,-5.168766408261748
77.46750783920288,1.2028443868763514,-5.221413167868262,1.12689238061665,-5.157505185338726
77.51804041862488,1.2028443868763514,-5.221413167868262,1.119639776242305,-5.146129947322644
77.56841540336609,1.2028443868763514,-5.221413167868262,1.1124089952723988,-5.134681282927719
77.61889338493347,1.2028443868763514,-5.221413167868262,1.1051629618767416,-5.123100358342715
77.6693344116211,1.2028443868763514,-5.221413167868262,1.097922092337758,-5.1114192842947865
77.72000217437744,1.2028443868763514,-5.221413167868262,1.0906488624101396,-5.0995766019841895
77.77041935920715,1.2028443868763514,-5.221413167868262,1.0834121166540325,-5.0876841736761165
77.8208396434784,1.2028443868763514,-5.221413167868262,1.0761757653649309,-5.075683182474562
77.87137532234192,1.2028443868763514,-5.221413167868262,1.0689240215030862,-5.0635467465216255
77.92177081108093,1.2028443868763514,-5.221413167868262,1.061693885192207,-5.0513365542200575
77.9721691608429,1.2028443868763514,-5.221413167868262,1.0544651514000158,-5.039018616056044
78.02281856536865,1.2028443868763514,-5.221413167868262,1.047202561480792,-5.026531695822037
78.07321882247925,1.2028443868763514,-5.221413167868262,1.0399781637651295,-5.0139993424866685
78.12362837791443,1.1075343831373055,-5.046468766613322,1.032755218260128,-5.001358293109053
78.17502212524414,1.1075343831373055,-5.046468766613322,1.0253944540194833,-4.988361161100915
78.22542262077332,1.1075343831373055,-5.046468766613322,1.018179412589962,-4.97550830521108
78.27584528923035,1.1075343831373055,-5.046468766613322,1.0109649554250915,-4.962544105760641
78.32706379890442,1.1075343831373055,-5.046468766613322,1.0036408087736508,-4.949267315265875
78.38050532341003,1.1075343831373055,-5.046468766613322,0.9960036270112451,-4.935298557690221
78.43092632293701,1.1075343831373055,-5.046468766613322,0.9888029807188463,-4.922011237666995
78.48131036758423,1.1075343831373055,-5.046468766613322,0.9816126708023423,-4.908629097200223
78.53174781799316,1.1075343831373055,-5.046468766613322,0.974420123311351,-4.895128344488333
78.5821738243103,1.1075343831373055,-5.046468766613322,0.9672349112232053,-4.881526469791484
78.6325135231018,1.1075343831373055,-5.046468766613322,0.9600680022083212,-4.86784423322751
78.68294858932495,1.1075343831373055,-5.046468766613322,0.9528938496399681,-4.854032494655769
78.73356890678406,1.1075343831373055,-5.046468766613322,0.9457000397569826,-4.840066044759819
78.78434872627258,1.1075343831373055,-5.046468766613322,0.9384906216163205,-4.8259512003535825
78.83502173423767,1.0138885009938041,-4.8534862742525124,0.9313037364538868,-4.811762102951734
78.88540196418762,1.0138885009938041,-4.8534862742525124,0.9241659890809473,-4.797552330611841
78.9358274936676,1.0138885009938041,-4.8534862742525124,0.9170297399671758,-4.783227564024609
78.98638916015625,1.0138885009938041,-4.8534862742525124,0.9098824915765473,-4.768761729313363
79.03718876838684,1.0138885009938041,-4.8534862742525124,0.9027102629553048,-4.754124850186193
79.08761429786682,1.0138885009938041,-4.8534862742525124,0.8955997430200995,-4.739493970115685
79.13823986053467,1.0138885009938041,-4.8534862742525124,0.8884702446681498,-4.724703330708648
79.18884348869324,1.0138885009938041,-4.8534862742525124,0.8813533898672326,-4.709817539114223
79.23919892311096,1.0138885009938041,-4.8534862742525124,0.8742812339218637,-4.694904259333635
79.28955459594727,1.0138885009938041,-4.8534862742525124,0.8672191223075878,-4.679890953230082
79.3398540019989,1.0138885009938041,-4.8534862742525124,0.8601752696548839,-4.664794931554726
79.39026308059692,1.0138885009938041,-4.8534862742525124,0.8531267617063767,-4.649566534058556
79.44072794914246,1.0138885009938041,-4.8534862742525124,0.846081492842794,-4.634221852406464
79.4911003112793,1.0138885009938041,-4.8534862742525124,0.8390604604662513,-4.618806392898828
79.54153251647949,0.9230745894657049,-4.644648831798402,0.8320427244276809,-4.603273936784225
79.59450387954712,0.9230745894657049,-4.644648831798402,0.8246845323133896,-4.58685347033647
79.64491724967957,0.9230745894657049,-4.644648831798402,0.8176942338637734,-4.571125429922297
79.69534349441528,0.9230745894657049,-4.644648831798402,0.8107147183244532,-4.5552956234942625
79.7457766532898,0.9230745894657049,-4.644648831798402,0.8037471208398914,-4.5393661829741765
79.79639339447021,0.9230745894657049,-4.644648831798402,0.7967674108716127,-4.523281077306351
79.84672331809998,0.9230745894657049,-4.644648831798402,0.7898407139196859,-4.507190412610878
79.8983085155487,0.9230745894657049,-4.644648831798402,0.7827555027942621,-4.490598703946108
79.96173787117004,0.9230745894657049,-4.644648831798402,0.7740637350636048,-4.470059601998008
80.01328778266907,0.9230745894657049,-4.644648831798402,0.7670166387690034,-4.453255597256224
80.06381440162659,0.9230745894657049,-4.644648831798402,0.7601243999226499,-4.436688425934996
80.11426854133606,0.9230745894657049,-4.644648831798402,0.7532571344327232,-4.420049799440968
80.16502737998962,0.9230745894657049,-4.644648831798402,0.7463639089217966,-4.403215016558931
80.2155773639679,0.9230745894657049,-4.644648831798402,0.739514807513661,-4.386354476088871
80.26592016220093,0.8324190565658802,-4.410614650941162,0.7327097042028776,-4.369469134749821
80.316565990448,0.8324190565658802,-4.410614650941162,0.7258799711727413,-4.352387941002631
80.36697316169739,0.8324190565658802,-4.410614650941162,0.7190989803856696,-4.3352937563736935
80.41732811927795,0.8324190565658802,-4.410614650941162,0.7123417982884748,-4.31812451057376
80.46794772148132,0.8324190565658802,-4.410614650941162,0.7055663036595807,-4.300771931561349
80.51828646659851,0.8324190565658802,-4.410614650941162,0.6988457934925625,-4.283423417309768
80.56885623931885,0.8324190565658802,-4.410614650941162,0.6921121922456166,-4.265903048800626
80.6194531917572,0.8324190565658802,-4.410614650941162,0.6853930690214214,-4.248281104823055
80.66986727714539,0.8324190565658802,-4.410614650941162,0.6787165213554851,-4.230631526927149
80.72027039527893,0.8324190565658802,-4.410614650941162,0.6720599639014262,-4.212895023128491
80.77063012123108,0.8324190565658802,-4.410614650941162,0.6654279325709718,-4.195083513904127
80.82134628295898,0.8324190565658802,-4.410614650941162,0.6587682345076806,-4.177055112506094
80.87172865867615,0.8324190565658802,-4.410614650941162,0.6521718010343105,-4.159055485777914
80.92233943939209,0.8324190565658802,-4.410614650941162,0.6455652486182526,-4.14088444138036
80.97315311431885,0.7483435082446127,-4.16736871466301,0.6389524459555469,-4.122550367745223
81.023592710495,0.7483435082446127,-4.16736871466301,0.6324086588751228,-4.104262275878779
81.07427263259888,0.7483435082446127,-4.16736871466301,0.6258543782888726,-4.0857981348790195
81.12476706504822,0.7483435082446127,-4.16736871466301,0.6193449863449514,-4.067313319669069
81.17513990402222,0.7483435082446127,-4.16736871466301,0.6128723320556633,-4.048785625604263
81.22551655769348,0.7483435082446127,-4.16736871466301,0.6064205017897235,-4.030169615773382
81.27595210075378,0.7483435082446127,-4.16736871466301,0.599982755674517,-4.011445161615615
81.3263053894043,0.7483435082446127,-4.16736871466301,0.593577366915147,-3.992665110913662
81.37668752670288,0.7483435082446127,-4.16736871466301,0.5871904385696842,-3.97378855238316
81.42736554145813,0.7483435082446127,-4.16736871466301,0.5807886067968799,-3.9547150038597048
81.47795796394348,0.7483435082446127,-4.16736871466301,0.5744204733374845,-3.9355879002333864
81.5284960269928,0.7483435082446127,-4.16736871466301,0.5680822827867211,-3.916396189204039
81.57941246032715,0.7483435082446127,-4.16736871466301,0.5617202603486453,-3.8969751288567007
81.63032627105713,0.7483435082446127,-4.16736871466301,0.5553825463687847,-3.8774695034240554
81.68079113960266,0.6643754320446064,-3.8927559278484427,0.5491246487590362,-3.858051845644107
81.73576068878174,0.6643754320446064,-3.8927559278484427,0.5423355704800299,-3.8368061837876883
81.7867820262909,0.6643754320446064,-3.8927559278484427,0.5360599966998643,-3.816998574926966
81.83718180656433,0.6643754320446064,-3.8927559278484427,0.5298856042951718,-3.7973495832992397
81.88800477981567,0.6643754320446064,-3.8927559278484427,0.5236845215374482,-3.777452806821617
81.93845725059509,0.6643754320446064,-3.8927559278484427,0.5175538899580618,-3.7576192582295267
81.988853931427,0.6643754320446064,-3.8927559278484427,0.5114554068359776,-3.737726671011907
82.03926110267639,0.6643754320446064,-3.8927559278484427,0.5053812738216124,-3.7177494087403598
82.09158372879028,0.6643754320446064,-3.8927559278484427,0.4991037003272836,-3.696928274066834
82.14200925827026,0.6643754320446064,-3.8927559278484427,0.4930803858594919,-3.676780814049459
82.19256520271301,0.6643754320446064,-3.8927559278484427,0.4870680090518569,-3.65650161644356
82.24292254447937,0.6643754320446064,-3.8927559278484427,0.481105896416818,-3.6362232437707536
82.2932767868042,0.6643754320446064,-3.8927559278484427,0.47517099088681736,-3.6158678678467715
82.34364986419678,0.6643754320446064,-3.8927559278484427,0.4692609680853477,-3.5954270122742824
82.3941159248352,0.5864280268331898,-3.6043745197999004,0.4633674668382599,-3.5748707597089613
82.44480562210083,0.5864280268331898,-3.6043745197999004,0.45747573696466626,-3.554145595906708
82.49527311325073,0.5864280268331898,-3.6043745197999004,0.45163784740967117,-3.533434243399683
82.54569959640503,0.5864280268331898,-3.6043745197999004,0.4458328636002964,-3.5126633796988784
82.59629607200623,0.5864280268331898,-3.6043745197999004,0.4400368481536243,-3.4917462406461284
82.64674806594849,0.5864280268331898,-3.6043745197999004,0.4342860892117999,-3.4708132172393182
82.6972029209137,0.5864280268331898,-3.6043745197999004,0.4285639119262248,-3.449803936725305
82.74762058258057,0.5864280268331898,-3.6043745197999004,0.42287506835020006,-3.428735597985211
82.79813933372498,0.5864280268331898,-3.6043745197999004,0.4172042491374701,-3.407550721097347
82.85162091255188,0.5864280268331898,-3.6043745197999004,0.41123321345746966,-3.385042851162849
82.90206217765808,0.5864280268331898,-3.6043745197999004,0.40563236898180577,-3.3637390726416214
82.95290398597717,0.5864280268331898,-3.6043745197999004,0.40001749862907277,-3.342192491779471
83.00342774391174,0.5864280268331898,-3.6043745197999004,0.39446827100263704,-3.3207079244232744
83.0538375377655,0.5864280268331898,-3.6043745197999004,0.3889621112860908,-3.2991999734440376
83.10421919822693,0.5129994325650771,-3.2987273887864195,0.3834897442568401,-3.27763277737865
83.15463376045227,0.5129994325650771,-3.2987273887864195,0.37804477235463807,-3.2559806557627313
83.20527863502502,0.5129994325650771,-3.2987273887864195,0.3726063455865143,-3.2341587318095155
83.25571537017822,0.5129994325650771,-3.2987273887864195,0.367221793077531,-3.2123563428063617
83.30618357658386,0.5129994325650771,-3.2987273887864195,0.3618655932002883,-3.190470744705646
83.35740923881531,0.5129994325650771,-3.2987273887864195,0.3564616734578734,-3.168185951755789
83.40831851959229,0.5129994325650771,-3.2987273887864195,0.3511239654594842,-3.1459686846478983
83.45869898796082,0.5129994325650771,-3.2987273887864195,0.34587414998150434,-3.123913861883529
83.50910925865173,0.5129994325650771,-3.2987273887864195,0.34065375452381286,-3.101778425688878
83.55967926979065,0.5129994325650771,-3.2987273887864195,0.33544972414020036,-3.079505411660869
83.61016011238098,0.5129994325650771,-3.2987273887864195,0.33028795831062974,-3.0572047830579976
83.66058921813965,0.5129994325650771,-3.2987273887864195,0.32516470517715046,-3.0348607594398183
83.7110903263092,0.5129994325650771,-3.2987273887864195,0.32006762655289034,-3.0124189525872715
83.76146364212036,0.5129994325650771,-3.2987273887864195,0.3150170428402359,-2.9899687345417814
83.8118782043457,0.44581907772489326,-2.978692116849691,0.3099961281906287,-2.9674354158183034
83.86238026618958,0.44581907772489326,-2.978692116849691,0.3050006139321506,-2.944798557173425
83.91309595108032,0.44581907772489326,-2.978692116849691,0.3000185386357055,-2.9220015366340775
83.96379971504211,0.44581907772489326,-2.978692116849691,0.29507247299886785,-2.8991458449098406
84.01554799079895,0.44581907772489326,-2.978692116849691,0.29006064985748736,-2.875753818211603
84.06606030464172,0.44581907772489326,-2.978692116849691,0.28520394080289124,-2.8528571725885743
84.116455078125,0.44581907772489326,-2.978692116849691,0.28039359625938154,-2.829951966546199
84.16951656341553,0.44581907772489326,-2.978692116849691,0.2753667748709794,-2.8057684800745744
84.22000622749329,0.44581907772489326,-2.978692116849691,0.27062006068723576,-2.7826945836023254
84.27068376541138,0.44581907772489326,-2.978692116849691,0.2658916416012218,-2.7594739960262418
84.32109713554382,0.44581907772489326,-2.978692116849691,0.26122380860702377,-2.7363144782711144
84.3714702129364,0.44581907772489326,-2.978692116849691,0.25659570001653753,-2.71311422269183
84.42191624641418,0.44581907772489326,-2.978692116849691,0.25199713678022606,-2.6898215105358205
84.47233414649963,0.44581907772489326,-2.978692116849691,0.24743757161152535,-2.6664834390684313
84.52353572845459,0.38721566866089985,-2.654865947340014,0.24284460388219786,-2.64272342170723
84.57650566101074,0.38721566866089985,-2.654865947340014,0.23813295277858026,-2.6180805935192857
84.6269257068634,0.38721566866089985,-2.654865947340014,0.23368604225812994,-2.5945657872215087
84.67738652229309,0.38721566866089985,-2.654865947340014,0.2292727610019729,-2.5709756045795222
84.72777342796326,0.38721566866089985,-2.654865947340014,0.2249032833521678,-2.5473642190515235
84.77820801734924,0.38721566866089985,-2.654865947340014,0.2205672154920526,-2.523675202957821
84.82890748977661,0.38721566866089985,-2.654865947340014,0.2162464135149258,-2.499806537427819
84.87973594665527,0.38721566866089985,-2.654865947340014,0.21195308321123774,-2.4758220773261455
84.93035817146301,0.38721566866089985,-2.654865947340014,0.20771562940644994,-2.451880646718089
84.9807653427124,0.38721566866089985,-2.654865947340014,0.2035344856802861,-2.4279876096633117
85.03134846687317,0.38721566866089985,-2.654865947340014,0.19937734730479484,-2.403958208699046
85.08190369606018,0.38721566866089985,-2.654865947340014,0.1952613081914194,-2.3798895680662406
85.13229846954346,0.38721566866089985,-2.654865947340014,0.1911971131353658,-2.355845609092839
85.18269157409668,0.38721566866089985,-2.654865947340014,0.1871719360313615,-2.3317513398409133
85.2331211566925,0.33552242443036495,-2.320676886616085,0.18318293519783868,-2.3075889874136393
85.2838978767395,0.33552242443036495,-2.320676886616085,0.1792061500072335,-2.283209653443135
85.33427810668945,0.33552242443036495,-2.320676886616085,0.17529992541490813,-2.2589709723098164
85.38471961021423,0.33552242443036495,-2.320676886616085,0.1714285353231313,-2.23465372704473
85.43524718284607,0.33552242443036495,-2.320676886616085,0.16759040932889713,-2.2102462750386307
85.48582196235657,0.33552242443036495,-2.320676886616085,0.1637888152437359,-2.1857677252361363
85.5362765789032,0.33552242443036495,-2.320676886616085,0.1600364029331396,-2.1612997191556875
85.58738708496094,0.33552242443036495,-2.320676886616085,0.1562762553087449,-2.1364656900631473
85.63832545280457,0.33552242443036495,-2.320676886616085,0.15257002922149265,-2.1116678311476647
85.68884611129761,0.33552242443036495,-2.320676886616085,0.1489350304711028,-2.08702705228653
85.73922395706177,0.33552242443036495,-2.320676886616085,0.14535095085485494,-2.0624105775582975
85.78955721855164,0.33552242443036495,-2.320676886616085,0.1418107215443971,-2.0377711922871513
85.84258031845093,0.33552242443036495,-2.320676886616085,0.1381254368942071,-2.011767327005584
85.89318919181824,0.29374460557648263,-1.996178097481812,0.13465033873347032,-1.9869023353662894
85.94385600090027,0.29374460557648263,-1.996178097481812,0.1312128811535458,-1.9619652818174669
85.99427437782288,0.29374460557648263,-1.996178097481812,0.1278337555220146,-1.9371077385968813
86.04640579223633,0.29374460557648263,-1.996178097481812,0.12438347395553251,-1.9113613410189376
86.09681797027588,0.29374460557648263,-1.996178097481812,0.12108933141045686,-1.8864217647255246
86.14721393585205,0.29374460557648263,-1.996178097481812,0.11783800647637088,-1.8614492164595264
86.19761371612549,0.29374460557648263,-1.996178097481812,0.11462832422340119,-1.8364343274137214
86.24808359146118,0.29374460557648263,-1.996178097481812,0.11145628694432874,-1.8113446540822458
86.29849743843079,0.29374460557648263,-1.996178097481812,0.10832996839204778,-1.7862434213663436
86.34906578063965,0.29374460557648263,-1.996178097481812,0.10523656526662828,-1.761026239943397
86.39945793151855,0.29374460557648263,-1.996178097481812,0.10219640512860018,-1.735858585464798
86.44986033439636,0.29374460557648263,-1.996178097481812,0.0991981541488629,-1.7106480761269958
86.50048565864563,0.29374460557648263,-1.996178097481812,0.09622958003659132,-1.6852886259880002
86.55088353157043,0.29374460557648263,-1.996178097481812,0.09331720677922739,-1.660006391355747
86.60130310058594,0.2565226999907006,-1.6361741099113705,0.09044649319173059,-1.6346771602468193
86.65186214447021,0.2565226999907006,-1.6361741099113705,0.08761105680347381,-1.6092421427467227
86.70229506492615,0.2565226999907006,-1.6361741099113705,0.08482592536756606,-1.583835492237297
86.75276327133179,0.2565226999907006,-1.6361741099113705,0.08208218202635686,-1.5583765425449763
86.80324125289917,0.2565226999907006,-1.6361741099113705,0.0793813836370103,-1.5328786698272854
86.8537528514862,0.2565226999907006,-1.6361741099113705,0.07672242090571402,-1.5073303421187676
86.90434193611145,0.2565226999907006,-1.6361741099113705,0.07410323744407332,-1.4817098181517334
86.95501112937927,0.2565226999907006,-1.6361741099113705,0.07152401008236664,-1.4560161764668533
87.00536870956421,0.2565226999907006,-1.6361741099113705,0.06900448170899054,-1.430448832940168
87.05575394630432,0.2565226999907006,-1.6361741099113705,0.066527409777978,-1.4048363583817718
87.10609698295593,0.2565226999907006,-1.6361741099113705,0.06409631004813354,-1.3792148310577494
87.15640664100647,0.2565226999907006,-1.6361741099113705,0.06171075613861188,-1.3535803841988465
87.20676803588867,0.2565226999907006,-1.6361741099113705,0.059366832887294496,-1.3278901877559188
87.2572033405304,0.2565226999907006,-1.6361741099113705,0.05706376866009988,-1.3021333789340557
87.3076581954956,0.22662150965637962,-1.2591764692338374,0.05480426254627302,-1.2763381981893844
87.35849690437317,0.22662150965637962,-1.2591764692338374,0.05257262771738258,-1.250318622018873
87.4089195728302,0.22662150965637962,-1.2591764692338374,0.05040402445807679,-1.2244846329814953
87.45938897132874,0.22662150965637962,-1.2591764692338374,0.048278146859204174,-1.1985999953540003
87.50970363616943,0.22662150965637962,-1.2591764692338374,0.04620342351037987,-1.1727686814622555
87.56018853187561,0.22662150965637962,-1.2591764692338374,0.044166559644048586,-1.1468244072547866
87.61048007011414,0.22662150965637962,-1.2591764692338374,0.04218227601430646,-1.120954599880163
87.66081953048706,0.22662150965637962,-1.2591764692338374,0.04024093899022807,-1.0950358152057658
87.71144652366638,0.22662150965637962,-1.2591764692338374,0.03833383645717481,-1.0689450063845616
87.76204991340637,0.22662150965637962,-1.2591764692338374,0.0364731213341809,-1.042842901527658
87.81250023841858,0.22662150965637962,-1.2591764692338374,0.03466339162438459,-1.016796970558406
87.86290645599365,0.22662150965637962,-1.2591764692338374,0.03290054665014397,-0.9907516626083995
87.9133825302124,0.22662150965637962,-1.2591764692338374,0.031180707176667877,-0.9646486424687094
87.96497941017151,0.22662150965637962,-1.2591764692338374,0.029469758021767767,-0.9379442477173222
88.01553153991699,0.20677879648085082,-0.8856958495863351,0.027839682138264266,-0.9117598138327971
88.06615567207336,0.20677879648085082,-0.8856958495863351,0.02625320600944825,-0.8855180733143565
88.11664843559265,0.20677879648085082,-0.8856958495863351,0.024716686737986215,-0.8593250544007113
88.16700863838196,0.20677879648085082,-0.8856958495863351,0.02322986389520132,-0.8331820967377278
88.2176661491394,0.20677879648085082,-0.8856958495863351,0.021780331393516317,-0.8068665296487822
88.26808452606201,0.20677879648085082,-0.8856958495863351,0.02038357717448669,-0.7806575647087823
88.3185350894928,0.20677879648085082,-0.8856958495863351,0.019031858891957132,-0.7544148421835157
88.3691520690918,0.20677879648085082,-0.8856958495863351,0.01772190683913788,-0.7280690150191358
88.41950631141663,0.20677879648085082,-0.8856958495863351,0.016464748530940376,-0.701844074188668
88.4699182510376,0.20677879648085082,-0.8856958495863351,0.015252154127674888,-0.675573803179811
88.52059721946716,0.20677879648085082,-0.8856958495863351,0.014079583381358063,-0.6491495461897784
88.57098484039307,0.20677879648085082,-0.8856958495863351,0.012959969589119158,-0.6228630283149108
88.62141966819763,0.20677879648085082,-0.8856958495863351,0.011885499866743476,-0.5965383073174408
88.67186260223389,0.20677879648085082,-0.8856958495863351,0.0108571267832418,-0.5701963434188936
88.72215962409973,0.19591647938805892,-0.5106626854963223,0.009877842340236143,-0.5439181916330009
88.77250957489014,0.19591647938805892,-0.5106626854963223,0.008943686830610531,-0.5176005712623553
88.82309055328369,0.19591647938805892,-0.5106626854963223,0.008051785133008416,-0.4911508674822975
88.87346601486206,0.19591647938805892,-0.5106626854963223,0.007209906118726739,-0.46479792345736903
88.9238007068634,0.19591647938805892,-0.5106626854963223,0.006414990610428273,-0.43845620646238515
88.97418236732483,0.19591647938805892,-0.5106626854963223,0.005665693697463059,-0.4120803717701516
89.02461647987366,0.19591647938805892,-0.5106626854963223,0.004962101468931834,-0.38566809515803135
89.07497310638428,0.19591647938805892,-0.5106626854963223,0.00430602047634876,-0.35928800582376
89.12540745735168,0.19591647938805892,-0.5106626854963223,0.0036954554500949754,-0.33285936969977475
89.17592811584473,0.19591647938805892,-0.5106626854963223,0.0031305544655668704,-0.30637822868269066
89.22657752037048,0.19591647938805892,-0.5106626854963223,0.0026111646313480286,-0.27982287332531547
89.27712488174438,0.19591647938805892,-0.5106626854963223,0.002139710846455145,-0.25331488191426527
89.3275043964386,0.19591647938805892,-0.5106626854963223,0.0017164509445168896,-0.22688938969850497
89.37794852256775,0.19591647938805892,-0.5106626854963223,0.0013393058106894173,-0.20042505979810715
89.42859292030334,0.19366742896854677,-0.14163654530170913,0.0010076446345643753,-0.17385126361851316
89.47901725769043,0.19366742896854677,-0.14163654530170913,0.0007242060037144782,-0.14738913656603686
89.52945065498352,0.19366742896854677,-0.14163654530170913,0.00048742007802760057,-0.12091904068321827
89.57987976074219,0.19366742896854677,-0.14163654530170913,0.00029736575580940894,-0.09444856023835094
89.63039970397949,0.19366742896854677,-0.14163654530170913,0.00015381256138624622,-0.06792833391537312
89.68078970909119,0.19366742896854677,-0.14163654530170913,5.733928376816522e-05,-0.04147483663628182
89.73123598098755,0.19366742896854677,-0.14163654530170913,7.490908474849789e-06,-0.014990896360218244
89.78170967102051,0.19366742896854677,-0.14163654530170913,4.414292169130363e-06,0.011507765536850963
89.83232164382935,0.19366742896854677,-0.14163654530170913,4.833348744837096e-05,0.038078772863215433
89.88274931907654,0.19366742896854677,-0.14163654530170913,0.00013890273999761504,0.06455219383506798
89.93318033218384,0.19366742896854677,-0.14163654530170913,0.00027620355756541315,0.09102595935197255
89.9840772151947,0.19366742896854677,-0.14163654530170913,0.00046214365949337477,0.11774226878599439
90.03461027145386,0.19366742896854677,-0.14163654530170913,0.0006938267288747468,0.14426501566927347
90.08496022224426,0.19366742896854677,-0.14163654530170913,0.0009713095796208826,0.170688516854694
90.13555335998535,0.20064664711514157,0.24490215183928077,0.0012970137927874603,0.19723590349757086
90.1861424446106,0.20064664711514157,0.24490215183928077,0.0016696670917655254,0.2237768348717098
90.23692727088928,0.20064664711514157,0.24490215183928077,0.0020909932543009546,0.25041551961178204
90.28813600540161,0.20064664711514157,0.24490215183928077,0.002563735060244543,0.2772709521858963
90.3387176990509,0.20064664711514157,0.24490215183928077,0.0030778870211287668,0.30379142720226265
90.38915038108826,0.20064664711514157,0.24490215183928077,0.0036372043480472627,0.33022713943055765
90.43955445289612,0.20064664711514157,0.24490215183928077,0.0042427532408839674,0.3566406592535819
90.49066877365112,0.20064664711514157,0.24490215183928077,0.0049043337155119104,0.383418438043226
90.54161310195923,0.20064664711514157,0.24490215183928077,0.0056112794056146775,0.4100986154616586
90.59246301651001,0.20064664711514157,0.24490215183928077,0.006364240074886229,0.4367202472299383
90.64352035522461,0.20064664711514157,0.24490215183928077,0.007167811853202366,0.46344073037739975
90.69422054290771,0.20064664711514157,0.24490215183928077,0.008012867438104365,0.4899640527627749
90.74563360214233,0.20064664711514157,0.24490215183928077,0.008917703530320509,0.5168492773640976
90.79603266716003,0.20064664711514157,0.24490215183928077,0.00985147285303034,0.543192893112058
90.84644889831543,0.21629747640981,0.6162459122474058,0.010831858795400606,0.5695336464289747
90.89691972732544,0.21629747640981,0.6162459122474058,0.011859648359636932,0.5958904939709154
90.94766092300415,0.21629747640981,0.6162459122474058,0.01293964179781959,0.622375413310324
90.9981689453125,0.21629747640981,0.6162459122474058,0.014061129033219544,0.6487249834589497
91.04906702041626,0.21629747640981,0.6162459122474058,0.015238118781270238,0.6752636870539156
91.09942579269409,0.21629747640981,0.6162459122474058,0.016448867102992537,0.7015064367097348
91.14989709854126,0.21629747640981,0.6162459122474058,0.017708409368855538,0.7277925274916448
91.20022964477539,0.21629747640981,0.6162459122474058,0.01901038764704266,0.7539905243662375
91.25070881843567,0.21629747640981,0.6162459122474058,0.020362142044572096,0.7802483949673011
91.30106449127197,0.21629747640981,0.6162459122474058,0.021756415912219218,0.8064250447777015
91.35149574279785,0.21629747640981,0.6162459122474058,0.023198599465985126,0.8326234160578787
91.40188431739807,0.21629747640981,0.6162459122474058,0.02468529740988501,0.8587814899365798
91.45246887207031,0.21629747640981,0.6162459122474058,0.02622369954555026,0.8850225039540893
91.50296306610107,0.21629747640981,0.6162459122474058,0.02780517887091971,0.9111972861206208
91.55383372306824,0.2407220882448133,0.9867299938572741,0.02944468138904277,0.9375470803290399
91.60422611236572,0.2407220882448133,0.9867299938572741,0.031114455241408656,0.9636286444028954
91.65464472770691,0.2407220882448133,0.9867299938572741,0.03283053525634383,0.9897027950698587
91.70520663261414,0.2407220882448133,0.9867299938572741,0.034597065308966446,1.0158293959881353
91.75559854507446,0.2407220882448133,0.9867299938572741,0.03640299232563615,1.0418460160752065
91.80603265762329,0.2407220882448133,0.9867299938572741,0.03825567499227711,1.0678617246440818
91.85653018951416,0.2407220882448133,0.9867299938572741,0.04015595962047236,1.0938868286434629
91.90728306770325,0.2407220882448133,0.9867299938572741,0.04211142009750679,1.1200194481693315
91.95776987075806,0.2407220882448133,0.9867299938572741,0.04410187259718423,1.1459905419856269
92.00821256637573,0.2407220882448133,0.9867299938572741,0.04613557075091723,1.171913952708346
92.05956554412842,0.2407220882448133,0.9867299938572741,0.048252072724900064,1.1982789276621042
92.11000442504883,0.2407220882448133,0.9867299938572741,0.05037609625566164,1.224148249025963
92.16043329238892,0.2407220882448133,0.9867299938572741,0.052544387968606276,1.2499857631234752
92.21084094047546,0.2407220882448133,0.9867299938572741,0.05475633650974299,1.2757851920992223
92.26164436340332,0.2743641477474534,1.3619789846700954,0.057030646987919376,1.3017590874778433
92.31229066848755,0.2743641477474534,1.3619789846700954,0.05934279223054695,1.3276240095670815
92.36271715164185,0.2743641477474534,1.3619789846700954,0.06168931556315016,1.3533476916871452
92.41335797309875,0.2743641477474534,1.3619789846700954,0.06409031648638353,1.3791510493735857
92.46376276016235,0.2743641477474534,1.3619789846700954,0.06652431572514717,1.404804060533377
92.51414895057678,0.2743641477474534,1.3619789846700954,0.06900137962647168,1.4304170584254523
92.56457757949829,0.2743641477474534,1.3619789846700954,0.07152443924164897,1.4560204912996157
92.61524176597595,0.2743641477474534,1.3619789846700954,0.07410341697502032,1.4817115902919356
92.66566824913025,0.2743641477474534,1.3619789846700954,0.07671411461809718,1.5072498161211483
92.71622037887573,0.2743641477474534,1.3619789846700954,0.07937509070576532,1.532818735446729
92.76660108566284,0.2743641477474534,1.3619789846700954,0.0820705405380937,1.558267583453235
92.8170166015625,0.2743641477474534,1.3619789846700954,0.0848112112323518,1.5837001174210779
92.86742782592773,0.2743641477474534,1.3619789846700954,0.08759490510738033,1.609096030572436
92.91783213615417,0.2743641477474534,1.3619789846700954,0.0904213496749211,1.6344534627404776
92.97103261947632,0.31729043277467217,1.7483532553506906,0.09345124863481669,1.6611790270213351
93.02143859863281,0.31729043277467217,1.7483532553506906,0.0963660789908598,1.6864636389338639
93.07189059257507,0.31729043277467217,1.7483532553506906,0.09932640421376826,1.7117346082424099
93.12248539924622,0.31729043277467217,1.7483532553506906,0.10233802342552689,1.737039662769322
93.17280769348145,0.31729043277467217,1.7483532553506906,0.10537592767347892,1.76217067478255
93.2231822013855,0.31729043277467217,1.7483532553506906,0.10845931758680605,1.787289516273563
93.27355289459229,0.31729043277467217,1.7483532553506906,0.11158469933163095,1.8123676512207885
93.32398319244385,0.31729043277467217,1.7483532553506906,0.11475595065688227,1.8374360466311812
93.37430620193481,0.31729043277467217,1.7483532553506906,0.11796238809309756,1.8624112569088964
93.42473673820496,0.31729043277467217,1.7483532553506906,0.12121756846176268,1.8873993530740134
93.47519063949585,0.31729043277467217,1.7483532553506906,0.12451608961328997,1.9123579346157265
93.52568888664246,0.31729043277467217,1.7483532553506906,0.12785927248221451,1.9372967560663175
93.57629418373108,0.31729043277467217,1.7483532553506906,0.1312513189324589,1.9622460533908805
93.62689638137817,0.31729043277467217,1.7483532553506906,0.13468483509682194,1.9871508472413173
93.67730498313904,0.36563202634401826,2.1034155386028486,0.13814651228331032,2.0119170929552985
93.727787733078,0.36563202634401826,2.1034155386028486,0.14165444846667707,2.0366759523331823
93.77823972702026,0.36563202634401826,2.1034155386028486,0.14520126373678766,2.061375383895698
93.82892894744873,0.36563202634401826,2.1034155386028486,0.14880590323427878,2.0861457702557216
93.87935423851013,0.36563202634401826,2.1034155386028486,0.15243254875634893,2.110741711566416
93.93004250526428,0.36563202634401826,2.1034155386028486,0.1561189447979987,2.135419680226282
93.98046278953552,0.36563202634401826,2.1034155386028486,0.15982631980644157,2.15992064964922
94.0308129787445,0.36563202634401826,2.1034155386028486,0.16356866634180234,2.1843407190856783
94.08139133453369,0.36563202634401826,2.1034155386028486,0.16736818828336641,2.2088237957545207
94.13368701934814,0.36563202634401826,2.1034155386028486,0.17133893606308348,2.234087379872826
94.18427610397339,0.36563202634401826,2.1034155386028486,0.17522078506477223,2.258476840219184
94.23468375205994,0.36563202634401826,2.1034155386028486,0.17912834271283185,2.2827297027405202
94.28511667251587,0.36563202634401826,2.1034155386028486,0.18307728852641647,2.3069451267269034
94.33550453186035,0.36563202634401826,2.1034155386028486,0.18706193056299547,2.331088849435602
94.38592004776001,0.4207763671850328,2.4406751526407877,0.19108783568563759,2.3551952197967885
94.43785810470581,0.4207763671850328,2.4406751526407877,0.19527602347529838,2.3799761165092983
94.48825812339783,0.4207763671850328,2.4406751526407877,0.1993795056394836,2.403970756640936
94.53864240646362,0.4207763671850328,2.4406751526407877,0.20352024672078928,2.4279057746822583
94.58933162689209,0.4207763671850328,2.4406751526407877,0.20772476158810171,2.451932536215888
94.63974237442017,0.4207763671850328,2.4406751526407877,0.21194451616132914,2.475773946200663
94.6900999546051,0.4207763671850328,2.4406751526407877,0.21619781921408876,2.499536574598718
94.7413821220398,0.4207763671850328,2.4406751526407877,0.22056806587042654,2.523679874470058
94.7919249534607,0.4207763671850328,2.4406751526407877,0.22491348763182506,2.5474196614414435
94.84233403205872,0.4207763671850328,2.4406751526407877,0.22928498407168174,2.571041294876145
94.89274907112122,0.4207763671850328,2.4406751526407877,0.2336943485790579,2.594609946785817
94.94321656227112,0.4207763671850328,2.4406751526407877,0.23814553072982747,2.618146747696284
94.99381756782532,0.4207763671850328,2.4406751526407877,0.24264570191160173,2.641688682641695
95.04422163963318,0.4207763671850328,2.4406751526407877,0.24716521904025068,2.665081614327835
95.09551000595093,0.48275272219142035,2.7761324661431477,0.2518015969669585,2.6888256510665074
95.1459572315216,0.48275272219142035,2.7761324661431477,0.25639871618170407,2.7121214167432868
95.19650483131409,0.48275272219142035,2.7761324661431477,0.2610413747525384,2.735404477933462
95.24737453460693,0.48275272219142035,2.7761324661431477,0.2657502009393724,2.7587757175417114
95.29788565635681,0.48275272219142035,2.7761324661431477,0.2704619523091196,2.78192196873913
95.34829616546631,0.48275272219142035,2.7761324661431477,0.2752000062946771,2.804961766507895
95.39875841140747,0.48275272219142035,2.7761324661431477,0.2799784344292169,2.827964334634205
95.44936680793762,0.48275272219142035,2.7761324661431477,0.28480618774566846,2.850971856375108
95.50108504295349,0.48275272219142035,2.7761324661431477,0.2897763192288294,2.874419613100521
95.5516107082367,0.48275272219142035,2.7761324661431477,0.2946672744467391,2.897263402177718
95.60206031799316,0.48275272219142035,2.7761324661431477,0.29958560115578514,2.9200099049934303
95.65305042266846,0.48275272219142035,2.7761324661431477,0.30459168047484253,2.942935741211093
95.70351386070251,0.48275272219142035,2.7761324661431477,0.30958054855667516,2.96556058486224
95.75389337539673,0.48275272219142035,2.7761324661431477,0.31459514413086875,2.98808361441446
95.80434107780457,0.5483412650548989,3.0914089147581403,0.3196503841535656,3.010572382424246
95.85752534866333,0.5483412650548989,3.0914089147581403,0.32501630502713663,3.0342103820630664
95.90800762176514,0.5483412650548989,3.0914089147581403,0.330144007898002,3.0565798474789156
95.95843863487244,0.5483412650548989,3.0914089147581403,0.33529973504025623,3.0788603572716178
96.00883626937866,0.5483412650548989,3.0914089147581403,0.3404850174309262,3.101059503652288
96.05916285514832,0.5483412650548989,3.0914089147581403,0.3456956627024348,3.1231604293626933
96.10982036590576,0.5483412650548989,3.0914089147581403,0.3509733255078378,3.145338667174314
96.16024208068848,0.5483412650548989,3.0914089147581403,0.35625883666026725,3.167345439612174
96.21090269088745,0.5483412650548989,3.0914089147581403,0.36160173762540815,3.1893874485505
96.26141166687012,0.5483412650548989,3.0914089147581403,0.36696070259258695,3.211294129732373
96.31179547309875,0.5483412650548989,3.0914089147581403,0.37233805372942674,3.2330770651369427
96.36224031448364,0.5483412650548989,3.0914089147581403,0.3777533800559647,3.254816427800957
96.41263556480408,0.5483412650548989,3.0914089147581403,0.3831945916016455,3.2764640582402382
96.46320295333862,0.6142320028349344,3.3655646034165874,0.3886855150732993,3.2981144829740288
96.51362562179565,0.6142320028349344,3.3655646034165874,0.39419154103884857,3.319631522353295
96.56409764289856,0.6142320028349344,3.3655646034165874,0.3997335445338872,3.34109773885164
96.61467289924622,0.6142320028349344,3.3655646034165874,0.4053173488780577,3.362535265640231
96.66517853736877,0.6142320028349344,3.3655646034165874,0.41092366713918205,3.383870306942785
96.71558427810669,0.6142320028349344,3.3655646034165874,0.41654875262687785,3.4050899873348714
96.76603484153748,0.6142320028349344,3.3655646034165874,0.4222084716884753,3.4262549009020993
96.81644368171692,0.6142320028349344,3.3655646034165874,0.4278928821007195,3.4473282860173
96.86716270446777,0.6142320028349344,3.3655646034165874,0.43364166215203026,3.468456213889223
96.91760468482971,0.6142320028349344,3.3655646034165874,0.4393880412853197,3.4893935455764993
96.96800303459167,0.6142320028349344,3.3655646034165874,0.4451580933959818,3.510237438687082
97.01888370513916,0.6142320028349344,3.3655646034165874,0.4510121639622562,3.5312039838603995
97.06933236122131,0.6142320028349344,3.3655646034165874,0.45684485226927407,3.551915852648873
97.11989998817444,0.6142320028349344,3.3655646034165874,0.4627193517368786,3.5725995268369752
97.17044878005981,0.6945413288763281,3.667932430959674,0.4686194897073266,3.5931979731824115
97.22104573249817,0.6945413288763281,3.667932430959674,0.47455286145208886,3.6137379880062763
97.27145957946777,0.6945413288763281,3.667932430959674,0.4804919880739673,3.6341255678097175
97.32203793525696,0.6945413288763281,3.667932430959674,0.4864775553724727,3.654500900891781
97.37274956703186,0.6945413288763281,3.667932430959674,0.49250585294625626,3.6748502760431645
97.42313289642334,0.6945413288763281,3.667932430959674,0.4985216032233253,3.694988504646054
97.47350335121155,0.6945413288763281,3.667932430959674,0.5045619468979115,3.7150420461079587
97.52395796775818,0.6945413288763281,3.667932430959674,0.5106383218938193,3.735048942585028
97.57447385787964,0.6945413288763281,3.667932430959674,0.51674782780937,3.7549993507157575
97.62497997283936,0.6945413288763281,3.667932430959674,0.5228816535484704,3.77486466823167
97.67568778991699,0.6945413288763281,3.667932430959674,0.5290653671190171,3.794727190425208
97.72675132751465,0.6945413288763281,3.667932430959674,0.5353179043564475,3.8146454636350073
97.7773654460907,0.6945413288763281,3.667932430959674,0.5415403438948565,3.8343052387208334
97.8280577659607,0.6945413288763281,3.667932430959674,0.5477970109360508,3.853911954512522
97.87851977348328,0.7763608241468635,3.950813231993749,0.5540494524033182,3.873346249395931
97.92900228500366,0.7763608241468635,3.950813231993749,0.5603283297555235,3.8927048319572295
97.98104906082153,0.7763608241468635,3.950813231993749,0.5668265075456691,3.9125752837267807
98.03187537193298,0.7763608241468635,3.950813231993749,0.573196272184793,3.931893161669595
98.08237361907959,0.7763608241468635,3.950813231993749,0.5795481019674662,3.9510011737746766
98.13277316093445,0.7763608241468635,3.950813231993749,0.5859102839448058,3.969986786699871
98.18322968482971,0.7763608241468635,3.950813231993749,0.5923021732775664,3.9889083583885854
98.23401522636414,0.7763608241468635,3.950813231993749,0.5987582165168011,4.007866522516193
98.28445410728455,0.7763608241468635,3.950813231993749,0.6051922338224893,4.026608701220468
98.33485651016235,0.7763608241468635,3.950813231993749,0.6116432682457913,4.045250748490047
98.38553214073181,0.7763608241468635,3.950813231993749,0.6181508358936321,4.063906212380307
98.43589735031128,0.7763608241468635,3.950813231993749,0.6246396877397902,4.082359942707074
98.48625373840332,0.7763608241468635,3.950813231993749,0.6311482043227716,4.100722894016291
98.53661131858826,0.7763608241468635,3.950813231993749,0.6376773992092641,4.1189983590540455
98.58707237243652,0.8663990364215163,4.224817521305761,0.6442403198817663,4.137222804946155
98.63740420341492,0.8663990364215163,4.224817521305761,0.650806408247327,4.155311884371564
98.68782925605774,0.8663990364215163,4.224817521305761,0.6574043822697839,4.17334526498769
98.7382378578186,0.8663990364215163,4.224817521305761,0.6640196557924745,4.19128314996952
98.78934478759766,0.8663990364215163,4.224817521305761,0.6707461387051463,4.209377688026397
98.84021162986755,0.8663990364215163,4.224817521305761,0.677460292943572,4.227295017257948
98.89060974121094,0.8663990364215163,4.224817521305761,0.684131250200942,4.244956151208386
98.94113326072693,0.8663990364215163,4.224817521305761,0.6908371761839227,4.262569860586545
98.99172616004944,0.8663990364215163,4.224817521305761,0.6975704522390114,4.28011572034607
99.0422887802124,0.8663990364215163,4.224817521305761,0.7043175464158518,4.297558700158369
99.092764377594,0.8663990364215163,4.224817521305761,0.711070535081892,4.314879187961267
99.14650583267212,0.8663990364215163,4.224817521305761,0.7182793538678538,4.333218390577735
99.1969485282898,0.8663990364215163,4.224817521305761,0.7250631086834982,4.350335861957483
99.24737787246704,0.8663990364215163,4.224817521305761,0.7318616398017206,4.3673554892656625
99.29786968231201,0.9566136911088235,4.469592404285236,0.7386848998203286,4.384302376054524
99.34826040267944,0.9566136911088235,4.469592404285236,0.7455104749828838,4.4011213901555095
99.39870882034302,0.9566136911088235,4.469592404285236,0.7523595587793039,4.417865308770974
99.44915175437927,0.9566136911088235,4.469592404285236,0.7592233029330997,4.434512675057154
99.49955105781555,0.9566136911088235,4.469592404285236,0.766096198866784,4.45105070017029
99.54999709129333,0.9566136911088235,4.469592404285236,0.7729902737486125,4.46750869051886
99.60036087036133,0.9566136911088235,4.469592404285236,0.7798875878984148,4.483844333069502
99.65073704719543,0.9566136911088235,4.469592404285236,0.7868007763991651,4.500088197098506
99.70123147964478,0.9566136911088235,4.469592404285236,0.7937441220285337,4.516273714499438
99.75186896324158,0.9566136911088235,4.469592404285236,0.8007208401686066,4.532407754196111
99.80237293243408,0.9566136911088235,4.469592404285236,0.8076925273442448,4.548401843571051
99.85283708572388,0.9566136911088235,4.469592404285236,0.8146717463931012,4.56428583410765
99.90325784683228,0.9566136911088235,4.469592404285236,0.8216576678629279,4.580058521535635
99.95413708686829,0.9566136911088235,4.469592404285236,0.8287196763403142,4.595875370295031
100.0051543712616,1.0470644285124582,4.696616178760286,0.8358132043485473,4.611634693136176
100.05558037757874,1.0470644285124582,4.696616178760286,0.8428363729181076,4.6271122188490965
100.10616970062256,1.0470644285124582,4.696616178760286,0.8498938202536621,4.642540507548468
100.15735030174255,1.0470644285124582,4.696616178760286,0.8570451925582065,4.658047525325627
100.20773696899414,1.0470644285124582,4.696616178760286,0.8640965582151823,4.673213864773274
100.25817894935608,1.0470644285124582,4.696616178760286,0.8711662161155864,4.688297041091628
100.30851411819458,1.0470644285124582,4.696616178760286,0.8782311201740312,4.703248429330722
100.3588285446167,1.0470644285124582,4.696616178760286,0.8853030044655421,4.71809367839943
100.40932726860046,1.0470644285124582,4.696616178760286,0.8924104264432868,4.732892501819109
100.45974040031433,1.0470644285124582,4.696616178760286,0.8995151182025587,4.747565219004073
100.51050424575806,1.0470644285124582,4.696616178760286,0.9066783264898124,4.762237723949579
100.56183171272278,1.0470644285124582,4.696616178760286,0.9139300171179843,4.776968478226169
100.61228466033936,1.0470644285124582,4.696616178760286,0.921066606088426,4.7913453982887875
100.66270971298218,1.0470644285124582,4.696616178760286,0.928207307326109,4.8056122018313925
100.71325874328613,1.1409839995354212,4.910014117800967,0.9353733351543856,4.819811284197387
100.76405334472656,1.1409839995354212,4.910014117800967,0.9425816930223903,4.8339753886568735
100.81439352035522,1.1409839995354212,4.910014117800967,0.9497326803399446,4.8479096837552955
100.86495184898376,1.1409839995354212,4.910014117800967,0.9569214713169001,4.861800792127159
100.91539478302002,1.1409839995354212,4.910014117800967,0.9641003430576454,4.875556483202496
100.96585512161255,1.1409839995354212,4.910014117800967,0.9712878583625937,4.889213004382712
101.01688742637634,1.1409839995354212,4.910014117800967,0.978562791904678,4.902918342215401
101.06769800186157,1.1409839995354212,4.910014117800967,0.9858117333132292,4.916457979240798
101.1183111667633,1.1409839995354212,4.910014117800967,0.99303775837125,4.929839441477064
101.16871166229248,1.1409839995354212,4.910014117800967,1.0002383040730771,4.943059715826653
101.21916079521179,1.1409839995354212,4.910014117800967,1.0074503581460252,4.956187600469304
101.26963567733765,1.1409839995354212,4.910014117800967,1.0146703375691382,4.969216653297456
101.32006859779358,1.1409839995354212,4.910014117800967,1.021888233505197,4.982129196207843
101.3704903125763,1.1409839995354212,4.910014117800967,1.0291081199448375,4.994933022865453
101.42088198661804,1.230129661987451,5.088513320243238,1.036326973909535,5.007623235175722
101.47135591506958,1.230129661987451,5.088513320243238,1.0435605644652508,5.02022770469442
101.52176833152771,1.230129661987451,5.088513320243238,1.0507879667977125,5.032710223833822
101.57231307029724,1.230129661987451,5.088513320243238,1.058036650744258,5.045118324043482
101.62301278114319,1.230129661987451,5.088513320243238,1.0653095565343076,5.057456412464878
101.67342472076416,1.230129661987451,5.088513320243238,1.072542838624589,5.069616935066488
101.7239019870758,1.230129661987451,5.088513320243238,1.079786823880116,5.081685547831826
101.77450394630432,1.230129661987451,5.088513320243238,1.0870497119145572,5.093675607024567
101.82485556602478,1.230129661987451,5.088513320243238,1.0942773448514866,5.105498427471922
101.87516927719116,1.230129661987451,5.088513320243238,1.1014998852267353,5.117204593509841
101.92549920082092,1.230129661987451,5.088513320243238,1.1087247773645823,5.128806548501135
101.97586131095886,1.230129661987451,5.088513320243238,1.1159539890851895,5.140307602954753
102.02619481086731,1.230129661987451,5.088513320243238,1.1231784677686456,5.151693648034257
102.07670021057129,1.230129661987451,5.088513320243238,1.1304266625238208,5.163009365841848
102.12722134590149,1.3185091740680015,5.2480073640542635,1.1376758271085772,5.1742189487788615
102.17765474319458,1.3185091740680015,5.2480073640542635,1.1449107880418123,5.185299465471649
102.22795987129211,1.3185091740680015,5.2480073640542635,1.1521254138664188,5.196242511123456
102.27840852737427,1.3185091740680015,5.2480073640542635,1.159358355584437,5.207106959879868
102.32892346382141,1.3185091740680015,5.2480073640542635,1.1665981937176468,5.217875291034
102.37926483154297,1.3185091740680015,5.2480073640542635,1.1738102321764328,5.2284965312864635
102.42962431907654,1.3185091740680015,5.2480073640542635,1.1810216175659929,5.239011440852922
102.48000025749207,1.3185091740680015,5.2480073640542635,1.1882317786164482,5.249419367746724
102.5306077003479,1.3185091740680015,5.2480073640542635,1.1954711367286637,5.259763737523319
102.58101153373718,1.3185091740680015,5.2480073640542635,1.2026771146969946,5.269955333291236
102.63141536712646,1.3185091740680015,5.2480073640542635,1.209878516422077,5.2800358149468085
102.68191933631897,1.3185091740680015,5.2480073640542635,1.217089303212859,5.290024697221995
102.73231482505798,1.3185091740680015,5.2480073640542635,1.224279359439857,5.299880569348933
102.78261280059814,1.3185091740680015,5.2480073640542635,1.2314499519523725,5.3096060855301825
102.83302021026611,1.4049856818543143,5.388176128882756,1.2386302509190454,5.319241049527207
102.88342428207397,1.4049856818543143,5.388176128882756,1.2458038426133218,5.328763383992083
102.93396520614624,1.4049856818543143,5.388176128882756,1.2529903210208464,5.338198960901002
102.98444700241089,1.4049856818543143,5.388176128882756,1.2601614707580726,5.347510767915054
103.0348768234253,1.4049856818543143,5.388176128882756,1.2673179976828566,5.356700334682669
103.08529424667358,1.4049856818543143,5.388176128882756,1.274465199507425,5.365774930158198
103.13597869873047,1.4049856818543143,5.388176128882756,1.2816422946796793,5.374783835358015
103.18630957603455,1.4049856818543143,5.388176128882756,1.2887610908480596,5.383616878678059
103.23670864105225,1.4049856818543143,5.388176128882756,1.2958809793655095,5.392348889316591
103.28699970245361,1.4049856818543143,5.388176128882756,1.3029767487054857,5.40094932767634
103.33727145195007,1.4049856818543143,5.388176128882756,1.310060615895174,5.409433645568452
103.3878288269043,1.4049856818543143,5.388176128882756,1.3171751433866767,5.417852266228519
103.43833637237549,1.4049856818543143,5.388176128882756,1.3242727235564136,5.4261483933190835
103.48893737792969,1.4049856818543143,5.388176128882756,1.3313731430907625,5.434345276645156
103.53962421417236,1.492173210705271,5.510775258112566,1.3384749389349087,5.442440934680219
103.59038710594177,1.492173210705271,5.510775258112566,1.3455763509517753,5.450433120232593
103.64111661911011,1.492173210705271,5.510775258112566,1.3526617164527759,5.458304326804894
103.69173908233643,1.492173210705271,5.510775258112566,1.359720454700815,5.46604347573286
103.74211120605469,1.492173210705271,5.510775258112566,1.3667323743766548,5.473629757306598
103.79282760620117,1.492173210705271,5.510775258112566,1.3737798769215233,5.481152280545417
103.84338927268982,1.492173210705271,5.510775258112566,1.3807932145836306,5.488536262488056
103.89386367797852,1.492173210705271,5.510775258112566,1.3877815017792345,5.495792269873942
103.94427156448364,1.492173210705271,5.510775258112566,1.3947473357282725,5.502923698262498
103.9949722290039,1.492173210705271,5.510775258112566,1.4017399414257787,5.509980492497863
104.0455002784729,1.492173210705271,5.510775258112566,1.4086947474945377,5.516897356346844
104.09586358070374,1.492173210705271,5.510775258112566,1.4156126431793563,5.523676421433107
104.14627075195312,1.492173210705271,5.510775258112566,1.4225220024440577,5.530346081676843
104.19662547111511,1.492173210705271,5.510775258112566,1.4294092942651981,5.5368935233821635
104.24713063240051,1.5715467997548807,5.6040014213508895,1.436301892698911,5.543344695296477
104.29769349098206,1.5715467997548807,5.6040014213508895,1.4431867113553167,5.54968694046593
104.34820318222046,1.5715467997548807,5.6040014213508895,1.4500483178001515,5.555906246241238
104.3994972705841,1.5715467997548807,5.6040014213508895,1.4569998004378246,5.562103114573464
104.45150828361511,1.5715467997548807,5.6040014213508895,1.464030920496365,5.568264039534871
104.5020079612732,1.5715467997548807,5.6040014213508895,1.4708405047993065,5.574127776292929
104.55243825912476,1.5715467997548807,5.6040014213508895,1.4776234610387484,5.579867194641336
104.60289263725281,1.5715467997548807,5.6040014213508895,1.4843920506466777,5.585493011184236
104.65420746803284,1.5715467997548807,5.6040014213508895,1.4912576669354722,5.591095330710042
104.70475316047668,1.5715467997548807,5.6040014213508895,1.4980018935485924,5.596495851456292
104.75535011291504,1.5715467997548807,5.6040014213508895,1.5047342518688225,5.601784663894488
104.8058021068573,1.5715467997548807,5.6040014213508895,1.5114283527705061,5.606941517196499
104.85625433921814,1.5715467997548807,5.6040014213508895,1.5181032113587503,5.611981691932214
104.9067018032074,1.5715467997548807,5.6040014213508895,1.5247578368761363,5.616904643682016
104.95712780952454,1.651748595485836,5.679753363135314,1.531389712681785,5.6217087776917305
105.00763893127441,1.651748595485836,5.679753363135314,1.5380124861845799,5.626403971624297
105.05801963806152,1.651748595485836,5.679753363135314,1.5445975957784743,5.6309702969376065
105.1089768409729,1.651748595485836,5.679753363135314,1.551236829912978,5.635470219972763
105.15952849388123,1.651748595485836,5.679753363135314,1.557801797296075,5.639816375060575
105.21025228500366,1.651748595485836,5.679753363135314,1.5643673344903457,5.644059201491748
105.26069402694702,1.651748595485836,5.679753363135314,1.5708743930448956,5.648161051169019
105.31109857559204,1.651748595485836,5.679753363135314,1.577354439510793,5.652142910728414
105.36152458190918,1.651748595485836,5.679753363135314,1.5838146968611837,5.6560094333264095
105.41213965415955,1.651748595485836,5.679753363135314,1.5902761670361838,5.659772704437879
105.46351361274719,1.651748595485836,5.679753363135314,1.596810603291377,5.663471733627327
105.51402521133423,1.651748595485836,5.679753363135314,1.6032115323857217,5.666990124133761
105.56446027755737,1.651748595485836,5.679753363135314,1.6095788690707789,5.670385883134006
105.61491060256958,1.651748595485836,5.679753363135314,1.6159239190373191,5.673665383518621
105.66534876823425,1.7281333577816456,5.733585059346572,1.622242906053028,5.676826813883722
105.71575260162354,1.7281333577816456,5.733585059346572,1.6285327613619296,5.679868931052074
105.76626968383789,1.7281333577816456,5.733585059346572,1.634811517653242,5.682800354147187
105.81668305397034,1.7281333577816456,5.733585059346572,1.641051877416029,5.685608450023704
105.86713743209839,1.7281333577816456,5.733585059346572,1.647271478181853,5.688301491413972
105.91787838935852,1.7281333577816456,5.733585059346572,1.6535000128586526,5.690891436270961
105.96827793121338,1.7281333577816456,5.733585059346572,1.659660112760534,5.693346420169803
106.01881623268127,1.7281333577816456,5.733585059346572,1.6658103033933536,5.695690542491853
106.06920504570007,1.7281333577816456,5.733585059346572,1.6719151936056833,5.697910474685972
106.1197738647461,1.7281333577816456,5.733585059346572,1.678014356044053,5.700020633024435
106.17014837265015,1.7281333577816456,5.733585059346572,1.6840623348969488,5.702005457113658
106.22060203552246,1.7281333577816456,5.733585059346572,1.6900917373167652,5.703876135949329
106.27099561691284,1.7281333577816456,5.733585059346572,1.6960855889355284,5.705627455418192
106.32149004936218,1.7281333577816456,5.733585059346572,1.7020626771201424,5.707264883845308
106.37189769744873,1.7972064914655848,5.7647398671549,1.7080004607632286,5.708782307958452
106.42231440544128,1.7972064914655848,5.7647398671549,1.7139099792636114,5.710182907084311
106.47271919250488,1.7972064914655848,5.7647398671549,1.7197884590079666,5.711466134196984
106.52313709259033,1.7972064914655848,5.7647398671549,1.7256385021610834,5.712632651088061
106.57350754737854,1.7972064914655848,5.7647398671549,1.7314527974106864,5.713681207454659
106.62405204772949,1.7972064914655848,5.7647398671549,1.7372564810453839,5.714616007272484
106.67458176612854,1.7972064914655848,5.7647398671549,1.7430274096768967,5.715433040275033
106.72498846054077,1.7972064914655848,5.7647398671549,1.7487530334280348,5.71613107618129
106.77546191215515,1.7972064914655848,5.7647398671549,1.7544546475211846,5.716712981469456
106.82622051239014,1.7972064914655848,5.7647398671549,1.760156274170388,5.717180092887456
106.87669777870178,1.7972064914655848,5.7647398671549,1.765793963254988,5.7175272322349215
106.92702889442444,1.7972064914655848,5.7647398671549,1.7713829118204392,5.717756868084313
106.97733068466187,1.7972064914655848,5.7647398671549,1.776935953054803,5.717870195296223
107.0277533531189,1.7972064914655848,5.7647398671549,1.782469270304521,5.717867290767062
107.07804727554321,1.8618173125617494,5.771676536195304,1.7879551703591479,5.717748254566095
107.12837529182434,1.8618173125617494,5.771676536195304,1.7934112024695503,5.717513090206187
107.17887306213379,1.8618173125617494,5.771676536195304,1.798851561339148,5.717160522082646
107.22947549819946,1.8618173125617494,5.771676536195304,1.8042686474084835,5.7166901202889555
107.28072905540466,1.8618173125617494,5.771676536195304,1.809719865506334,5.7160942412667115
107.33144283294678,1.8618173125617494,5.771676536195304,1.8150781249451335,5.715386416179273
107.38204336166382,1.8618173125617494,5.771676536195304,1.8203888667699126,5.714563045942382
107.43256974220276,1.8618173125617494,5.771676536195304,1.8256560856110657,5.713624222912813
107.48321962356567,1.8618173125617494,5.771676536195304,1.8309000269384537,5.712566185031548
107.53379034996033,1.8618173125617494,5.771676536195304,1.836099356487056,5.7113930961697275
107.58481574058533,1.8618173125617494,5.771676536195304,1.8413082418508888,5.7100913581152035
107.63520526885986,1.8618173125617494,5.771676536195304,1.8464152515961667,5.708689508872993
107.68568968772888,1.8618173125617494,5.771676536195304,1.8514947409624019,5.707169181262028
107.73787546157837,1.8618173125617494,5.771676536195304,1.8567060207852937,5.705475843490978
107.78837513923645,1.9184269982936795,5.755399611615505,1.8617104947776548,5.703719459324988
107.8389937877655,1.9184269982936795,5.755399611615505,1.866688520993228,5.701842805537746
107.88944888114929,1.9184269982936795,5.755399611615505,1.87161206761751,5.699856612663064
107.93983960151672,1.9184269982936795,5.755399611615505,1.8764907775592028,5.697757863913184
107.99029350280762,1.9184269982936795,5.755399611615505,1.8813367070455125,5.695541358490772
108.04074549674988,1.9184269982936795,5.755399611615505,1.8861432398394697,5.693209856455908
108.09113717079163,1.9184269982936795,5.755399611615505,1.890904591136061,5.690766382883041
108.14167904853821,1.9184269982936795,5.755399611615505,1.895640254303117,5.688200538323555
108.19208884239197,1.9184269982936795,5.755399611615505,1.9003234671643954,5.685526710119687
108.24249529838562,1.9184269982936795,5.755399611615505,1.904966062334174,5.682738652184914
108.2929174900055,1.9184269982936795,5.755399611615505,1.909569493073617,5.679835390827311
108.34405732154846,1.9184269982936795,5.755399611615505,1.9141966560705235,5.676774134202409
108.39460778236389,1.9184269982936795,5.755399611615505,1.9187288437524108,5.6736328133329295
108.44517040252686,1.9184269982936795,5.755399611615505,1.923220410205593,5.670376152783663
108.49557542800903,1.9670089371305788,5.7180396807383085,1.9276561702421042,5.667015714520903
108.54758381843567,1.9670089371305788,5.7180396807383085,1.9321889750842598,5.663429291495591
108.59851884841919,1.9670089371305788,5.7180396807383085,1.9365845663348509,5.659799795372098
108.64891338348389,1.9670089371305788,5.7180396807383085,1.9408907033376195,5.656094926341067
108.69934415817261,1.9670089371305788,5.7180396807383085,1.9451570273257208,5.6522741363876285
108.74974155426025,1.9670089371305788,5.7180396807383085,1.9493773659184286,5.648342837585345
108.80047106742859,1.9670089371305788,5.7180396807383085,1.9535816601852076,5.644271663508753
108.85086989402771,1.9670089371305788,5.7180396807383085,1.957714698865935,5.64011395423629
108.90128016471863,1.9670089371305788,5.7180396807383085,1.9618046786110375,5.6358427139432745
108.95196032524109,1.9670089371305788,5.7180396807383085,1.9658719215294542,5.631435259614175
109.00230550765991,1.9670089371305788,5.7180396807383085,1.969867696548823,5.6269445728842165
109.05270957946777,1.9670089371305788,5.7180396807383085,1.9738233576410023,5.62233660812021
109.10321474075317,1.9670089371305788,5.7180396807383085,1.9777417308571832,5.617607139457945
109.15364456176758,1.9670089371305788,5.7180396807383085,1.9816088225301507,5.612772770870208
109.20408153533936,2.005308355983016,5.660519781104692,1.9854307807661513,5.607825992213344
109.25458312034607,2.005308355983016,5.660519781104692,1.9892115929135608,5.602761103231838
109.3049943447113,2.005308355983016,5.660519781104692,1.9929394247381842,5.597593907748803
109.3559319972992,2.005308355983016,5.660519781104692,1.9966590141813163,5.59225991647901
109.40793251991272,2.005308355983016,5.660519781104692,2.0004070240280907,5.586697821458927
109.4592502117157,2.005308355983016,5.660519781104692,2.004056811468404,5.581093262743397
109.50968027114868,2.005308355983016,5.660519781104692,2.007595773412771,5.575474058082474
109.56013035774231,2.005308355983016,5.660519781104692,2.0110885699329013,5.569742132471125
109.61077404022217,2.005308355983016,5.660519781104692,2.014546653002814,5.563877255845355
109.661128282547,2.005308355983016,5.660519781104692,2.0179369170816863,5.557935875526443
109.71153831481934,2.005308355983016,5.660519781104692,2.0212826828211874,5.551878218745235
109.76208162307739,2.005308355983016,5.660519781104692,2.0245885641796146,5.5456945558522595
109.81250882148743,2.005308355983016,5.660519781104692,2.0278379693629924,5.539415543276562
109.8630039691925,2.005308355983016,5.660519781104692,2.031042574211377,5.5330186240103165
109.9134533405304,2.0363204251178773,5.5783173379830515,2.0341948759963517,5.526518339818509
109.96386694908142,2.0363204251178773,5.5783173379830515,2.03729536892316,5.519913873823551
110.01429867744446,2.0363204251178773,5.5783173379830515,2.040347143011074,5.513198435434832
110.0647542476654,2.0363204251178773,5.5783173379830515,2.043350233540366,5.506371341034612
110.11524629592896,2.0363204251178773,5.5783173379830515,2.046305054785451,5.499430902993479
110.16552972793579,2.0363204251178773,5.5783173379830515,2.0491972764165594,5.492411582418942
110.21586036682129,2.0363204251178773,5.5783173379830515,2.052041612296573,5.485278405191044
110.2664647102356,2.0363204251178773,5.5783173379830515,2.0548501334339235,5.477998467054757
110.31949710845947,2.0363204251178773,5.5783173379830515,2.057737962903854,5.470253298592665
110.36986708641052,2.0363204251178773,5.5783173379830515,2.0604280171114757,5.462787342689287
110.42024898529053,2.0363204251178773,5.5783173379830515,2.0630670108725893,5.45521301554727
110.47070169448853,2.0363204251178773,5.5783173379830515,2.0656576637739854,5.447521434400796
110.52145051956177,2.0363204251178773,5.5783173379830515,2.0682107366925675,5.439677324112207
110.57187581062317,2.0363204251178773,5.5783173379830515,2.070694862835101,5.431776788667725
110.62250971794128,2.057750362789088,5.474409147689875,2.073136202159903,5.423737058622141
110.67290091514587,2.057750362789088,5.474409147689875,2.0755128147339175,5.415630147200058
110.72551012039185,2.057750362789088,5.474409147689875,2.077937345560635,5.407054138551829
110.77681827545166,2.057750362789088,5.474409147689875,2.080245891102443,5.3985800200266745
110.82726311683655,2.057750362789088,5.474409147689875,2.0824614228651295,5.3901426572885365
110.87795305252075,2.057750362789088,5.474409147689875,2.084633386789126,5.3815588585740475
110.92836928367615,2.057750362789088,5.474409147689875,2.0867393736254076,5.372916822068258
110.97880244255066,2.057750362789088,5.474409147689875,2.0887917140751524,5.364167785518635
111.03150773048401,2.057750362789088,5.474409147689875,2.0908781849687252,5.354913609052393
111.08468532562256,2.057750362789088,5.474409147689875,2.092922680303224,5.345461853260332
111.13596177101135,2.057750362789088,5.474409147689875,2.0948361292078452,5.336239236742243
111.18653392791748,2.057750362789088,5.474409147689875,2.096667339137914,5.327038970726246
111.23731875419617,2.057750362789088,5.474409147689875,2.0984501079463698,5.317696033675289
111.28773880004883,2.057750362789088,5.474409147689875,2.1001642008433707,5.308317399280924
111.33812308311462,2.0679848233978344,5.353323011722528,2.101821255211896,5.298843364227774
111.38858556747437,2.0679848233978344,5.353323011722528,2.10342473735596,5.289252646443392
111.43901324272156,2.0679848233978344,5.353323011722528,2.104970774225602,5.279566871171002
111.48940753936768,2.0679848233978344,5.353323011722528,2.106459316078817,5.2697862501444295
111.5398600101471,2.0679848233978344,5.353323011722528,2.1078928189457407,5.259893222860574
111.59050464630127,2.0679848233978344,5.353323011722528,2.109274460278797,5.2498610492566815
111.64091396331787,2.0679848233978344,5.353323011722528,2.1105924470519066,5.239774827384748
111.69132113456726,2.0679848233978344,5.353323011722528,2.1118530780049505,5.229588902869596
111.74195432662964,2.0679848233978344,5.353323011722528,2.1130614754597032,5.219256795252463
111.79320168495178,2.0679848233978344,5.353323011722528,2.1142252498508265,5.208697090507831
111.84366416931152,2.0679848233978344,5.353323011722528,2.115312725527018,5.198198876492339
111.89427351951599,2.0679848233978344,5.353323011722528,2.1163448910079112,5.187570514260861
111.94472932815552,2.0679848233978344,5.353323011722528,2.1173154365638527,5.176875413437882
111.99513554573059,2.0679848233978344,5.353323011722528,2.11822652237713,5.166092440108351
112.04551005363464,2.0675569018901365,5.21523621221647,2.119078423070725,5.1552183114479515
112.09594440460205,2.0675569018901365,5.21523621221647,2.1198724491187093,5.1442334893126045
112.14670825004578,2.0675569018901365,5.21523621221647,2.1206119729050994,5.133078420703892
112.19776105880737,2.0675569018901365,5.21523621221647,2.1212951190776623,5.121760527527895
112.24809408187866,2.0675569018901365,5.21523621221647,2.12190896788947,5.1105050084230825
112.29846024513245,2.0675569018901365,5.21523621221647,2.1224637379073177,5.099145793999145
112.34885334968567,2.0675569018901365,5.21523621221647,2.122959074397464,5.08768442705723
112.3992292881012,2.0675569018901365,5.21523621221647,2.1233943481075013,5.0761312306087305
112.44957756996155,2.0675569018901365,5.21523621221647,2.123769371869715,5.064489059208816
112.49992823600769,2.0675569018901365,5.21523621221647,2.1240842399537163,5.052751361094038
112.5502655506134,2.0675569018901365,5.21523621221647,2.1243387007445746,5.040922160316287
112.60068392753601,2.0675569018901365,5.21523621221647,2.1245329380954665,5.028979406484659
112.65135025978088,2.0675569018901365,5.21523621221647,2.124666828633526,5.016882973501351
112.7017912864685,2.0675569018901365,5.21523621221647,2.1247389113019532,5.004746121412142
112.75234270095825,2.0558904893587626,5.0520753834217595,2.124749707082463,4.9924887361950026
112.80274486541748,2.0558904893587626,5.0520753834217595,2.1246990660068588,4.9801742186005
112.8531904220581,2.0558904893587626,5.0520753834217595,2.1245868243716384,4.967756134334085
112.90371513366699,2.0558904893587626,5.0520753834217595,2.1244125159179217,4.955225682782187
112.95451712608337,2.0558904893587626,5.0520753834217595,2.124174638481941,4.942533090614747
113.0055239200592,2.0558904893587626,5.0520753834217595,2.123872475644437,4.92969548878817
113.05631852149963,2.0558904893587626,5.0520753834217595,2.1235083510990447,4.916818204192314
113.10676956176758,2.0558904893587626,5.0520753834217595,2.1230840848512758,4.903936416809247
113.15719437599182,2.0558904893587626,5.0520753834217595,2.1225975425316177,4.890970458234641
113.20765542984009,2.0558904893587626,5.0520753834217595,2.1220479516494875,4.877904592563792
113.25834274291992,2.0558904893587626,5.0520753834217595,2.121432601954324,4.864689268355836
113.30875730514526,2.0558904893587626,5.0520753834217595,2.1207574905338027,4.851455071801962
113.35944557189941,2.0558904893587626,5.0520753834217595,2.1200151507664486,4.8380589143323744
113.41015076637268,2.0558904893587626,5.0520753834217595,2.1192086501857363,4.824568248200974
113.46058630943298,2.031126365778338,4.865198818075363,2.118342881209987,4.811060357737507
113.51126861572266,2.031126365778338,4.865198818075363,2.1174088808054643,4.797397363390349
113.56187772750854,2.031126365778338,4.865198818075363,2.116412076747553,4.783665432609978
113.61248993873596,2.031126365778338,4.865198818075363,2.115350961656622,4.769844420894181
113.66289758682251,2.031126365778338,4.865198818075363,2.1142301374139305,4.755991933578853
113.7134518623352,2.031126365778338,4.865198818075363,2.113041772190642,4.742011984859792
113.76385641098022,2.031126365778338,4.865198818075363,2.1117927072527123,4.727986908851042
113.8142466545105,2.031126365778338,4.865198818075363,2.1104797712051826,4.713879821886174
113.86467456817627,2.031126365778338,4.865198818075363,2.1091014381466047,4.6996764905236175
113.9150800704956,2.031126365778338,4.865198818075363,2.1076591959501747,4.685394177099444
113.96550416946411,2.031126365778338,4.865198818075363,2.1061517553122022,4.6710216526881165
114.01590490341187,2.031126365778338,4.865198818075363,2.1045802585492974,4.656571272267321
114.0663754940033,2.031126365778338,4.865198818075363,2.1029415896783688,4.642016576436541
114.11787271499634,1.995352186752454,4.668621185520654,2.101202429133561,4.6270792869565955
114.16844606399536,1.995352186752454,4.668621185520654,2.099428330209436,4.612325305840878
114.21897864341736,1.995352186752454,4.668621185520654,2.0975900846804225,4.597499811643642
114.26947212219238,1.995352186752454,4.668621185520654,2.0956876747682713,4.582602906227352
114.31999063491821,1.995352186752454,4.668621185520654,2.0937186009744204,4.5676160984171705
114.370352268219,1.995352186752454,4.668621185520654,2.0916901028054413,4.552594072436868
114.42100548744202,1.995352186752454,4.668621185520654,2.0895837464031595,4.537403130246084
114.47159719467163,1.995352186752454,4.668621185520654,2.0874136590750574,4.5221490100537824
114.52207827568054,1.995352186752454,4.668621185520654,2.085182182645534,4.506847339615766
114.57250213623047,1.995352186752454,4.668621185520654,2.0828871854456708,4.49148273682084
114.62291598320007,1.995352186752454,4.668621185520654,2.0805265526152206,4.476041381552191
114.67340540885925,1.995352186752454,4.668621185520654,2.0780960506827633,4.460497308116169
114.72382473945618,1.995352186752454,4.668621185520654,2.07560258688258,4.444895759208394
114.77511525154114,1.995352186752454,4.668621185520654,2.072997925677118,4.428943997430121
114.82558679580688,1.9481721062829442,4.461037690099799,2.0703677013897783,4.413167966912929
114.87619376182556,1.9481721062829442,4.461037690099799,2.0676634499431756,4.397271370329236
114.92657804489136,1.9481721062829442,4.461037690099799,2.0649043934738294,4.381367311582333
114.97711086273193,1.9481721062829442,4.461037690099799,2.0620702663413066,4.365339201853278
115.02788043022156,1.9481721062829442,4.461037690099799,2.059155270171937,4.349158599292939
115.07825589179993,1.9481721062829442,4.461037690099799,2.0561958590071643,4.333027341291469
115.12934303283691,1.9481721062829442,4.461037690099799,2.0531263544513125,4.316591039818341
115.17995262145996,1.9481721062829442,4.461037690099799,2.0500176630039944,4.3002322061841545
115.23029708862305,1.9481721062829442,4.461037690099799,2.0468581504189345,4.283884271252845
115.28090119361877,1.9481721062829442,4.461037690099799,2.0436148218502153,4.267377273886979
115.33128619194031,1.9481721062829442,4.461037690099799,2.040318209387392,4.250867716713652
115.38177537918091,1.9481721062829442,4.461037690099799,2.036947321888265,4.234250348169036
115.43227887153625,1.9481721062829442,4.461037690099799,2.0335078560502033,4.217554922662298
115.48283505439758,1.9481721062829442,4.461037690099799,2.0299969981537953,4.200769038137608
115.53375172615051,1.9481721062829442,4.461037690099799,2.0263924761414716,4.183790041339778
115.58424019813538,1.8875784881428888,4.232678692942722,2.022750198858482,4.166881518054827
115.63466715812683,1.8875784881428888,4.232678692942722,2.019044643055107,4.149922152147046
115.68524861335754,1.8875784881428888,4.232678692942722,2.015259691577123,4.1328395383814405
115.73586845397949,1.8875784881428888,4.232678692942722,2.0114035884424264,4.115672923955959
115.78625464439392,1.8875784881428888,4.232678692942722,2.0074973987894826,4.0985154147669185
115.83666634559631,1.8875784881428888,4.232678692942722,2.0035214013063403,4.081279636322106
115.88715481758118,1.8875784881428888,4.232678692942722,1.9994712982629537,4.063948293777081
115.93748950958252,1.8875784881428888,4.232678692942722,1.9953656936162367,4.04660112990862
115.98779916763306,1.8875784881428888,4.232678692942722,1.9911944034509528,4.0291945819619865
116.03814578056335,1.8875784881428888,4.232678692942722,1.9869522222527505,4.011707622109931
116.08848738670349,1.8875784881428888,4.232678692942722,1.98264258135947,3.994155205785165
116.13968420028687,1.8875784881428888,4.232678692942722,1.978190071360338,3.976236154130687
116.19008350372314,1.8875784881428888,4.232678692942722,1.9737382729251478,3.9585292634671063
116.24039030075073,1.8248427653373107,4.020065445999587,1.9692266914355945,3.9407890632374976
116.2908685207367,1.8248427653373107,4.020065445999587,1.964631465650674,3.922922778994167
116.34127593040466,1.8248427653373107,4.020065445999587,1.9599744132766441,3.905016404410855
116.39171719551086,1.8248427653373107,4.020065445999587,1.9552459119670065,3.887033285982417
116.44227051734924,1.8248427653373107,4.020065445999587,1.9504383086569532,3.8689457213828584
116.49281096458435,1.8248427653373107,4.020065445999587,1.9455632588386922,3.8507986808909105
116.54323720932007,1.8248427653373107,4.020065445999587,1.9406307739049895,3.832629249074552
116.59379506111145,1.8248427653373107,4.020065445999587,1.9356167550573895,3.8143492865654394
116.64436173439026,1.8248427653373107,4.020065445999587,1.9305330760120232,3.7960033901347314
116.69479298591614,1.8248427653373107,4.020065445999587,1.9253944812127406,3.777644591773737
116.7454149723053,1.8248427653373107,4.020065445999587,1.920167611742847,3.7591545241846607
116.79636311531067,1.8248427653373107,4.020065445999587,1.9148374165946846,3.7404832492792868
116.84703207015991,1.8248427653373107,4.020065445999587,1.9094671218829014,3.7218530006414006
116.89760184288025,1.8248427653373107,4.020065445999587,1.9040384176478127,3.703198751376217
116.94842100143433,1.7412540646271504,3.768961196667413,1.8985135728703044,3.684392128573906
116.99894881248474,1.7412540646271504,3.768961196667413,1.8929514572903363,3.6656337907364085
117.04937887191772,1.7412540646271504,3.768961196667413,1.8873315547362994,3.646853025200996
117.09980130195618,1.7412540646271504,3.768961196667413,1.881644038735838,3.6280169254422683
117.15149974822998,1.7412540646271504,3.768961196667413,1.8757415166675242,3.6086442467255897
117.20270347595215,1.7412540646271504,3.768961196667413,1.8698245509102793,3.58939766542687
117.2541332244873,1.7412540646271504,3.768961196667413,1.8638104217994549,3.570007237911544
117.3045015335083,1.7412540646271504,3.768961196667413,1.8578514144022442,3.5509602836188043
117.35497379302979,1.7412540646271504,3.768961196667413,1.85181162776041,3.531818199653161
117.40558290481567,1.7412540646271504,3.768961196667413,1.8456866488398274,3.512568589285413
117.45596981048584,1.7412540646271504,3.768961196667413,1.8395201235926848,3.4933486441309443
117.50658178329468,1.7412540646271504,3.768961196667413,1.8332573264800338,3.4739882320813376
117.55705451965332,1.7412540646271504,3.768961196667413,1.8269431833878635,3.4546270532824885
117.607590675354,1.7412540646271504,3.768961196667413,1.8205525199863448,3.435187976392385
117.65802073478699,1.641122699007228,3.499703614153355,1.814106885058365,3.415736758760924
117.70874428749084,1.641122699007228,3.499703614153355,1.807554851792053,3.396119470035224
117.75929284095764,1.641122699007228,3.499703614153355,1.800956724650674,3.3765176035867146
117.80999445915222,1.641122699007228,3.499703614153355,1.7942697582895173,3.356804468560172
117.86045813560486,1.641122699007228,3.499703614153355,1.7875457289299899,3.3371327112302183
117.91122269630432,1.641122699007228,3.499703614153355,1.7807127491679258,3.3172926855014917
117.96233320236206,1.641122699007228,3.499703614153355,1.7737634727749023,3.297266306620997
118.01270151138306,1.641122699007228,3.499703614153355,1.7668466985807465,3.277481023750301
118.06313633918762,1.641122699007228,3.499703614153355,1.7598527870853569,3.2576206540787918
118.1137535572052,1.641122699007228,3.499703614153355,1.7527652109950715,3.237639700919103
118.16428422927856,1.641122699007228,3.499703614153355,1.7456214805268209,3.2176446827119003
118.21469521522522,1.641122699007228,3.499703614153355,1.7384267474568025,3.1976495019641344
118.26508593559265,1.641122699007228,3.499703614153355,1.7311671561103181,3.1776154151311107
118.31564903259277,1.641122699007228,3.499703614153355,1.723814699674802,3.157466116198216
118.36614084243774,1.5326033113647153,3.22785986477615,1.716404661275312,3.1372990620510484
118.4169762134552,1.5326033113647153,3.22785986477615,1.7088756667169367,3.1169486872834695
118.4673445224762,1.5326033113647153,3.22785986477615,1.7013480829611445,3.096740166750029
118.51783990859985,1.5326033113647153,3.22785986477615,1.693733863174284,3.0764360789615677
118.56834149360657,1.5326033113647153,3.22785986477615,1.6860510309111079,3.0560853520644433
118.6187858581543,1.5326033113647153,3.22785986477615,1.6783094029979968,3.035714109154622
118.66927719116211,1.5326033113647153,3.22785986477615,1.6704930787707082,3.0152807893919316
118.7196433544159,1.5326033113647153,3.22785986477615,1.6626289331581494,2.994855655114793
118.77000975608826,1.5326033113647153,3.22785986477615,1.6546977072716875,2.9743885066320224
118.82050800323486,1.5326033113647153,3.22785986477615,1.646678487702443,2.953826200529717
118.87090826034546,1.5326033113647153,3.22785986477615,1.6386077820000766,2.933262783466662
118.92171931266785,1.5326033113647153,3.22785986477615,1.63040357166124,2.912490797094556
118.97222185134888,1.5326033113647153,3.22785986477615,1.622181877445838,2.89180468526092
119.02265214920044,1.4227574243550887,2.973108160110563,1.6139050782300437,2.8711086298452217
119.07317399978638,1.4227574243550887,2.973108160110563,1.6055463389679296,2.8503358956502685
119.12364029884338,1.4227574243550887,2.973108160110563,1.5971300140670774,2.8295474314919904
119.17407417297363,1.4227574243550887,2.973108160110563,1.588652511052627,2.808734318240849
119.22751092910767,1.4227574243550887,2.973108160110563,1.579597724333178,2.786641081490398
119.27797865867615,1.4227574243550887,2.973108160110563,1.5709776164542413,2.765737280286666
119.32838654518127,1.4227574243550887,2.973108160110563,1.5623014826163053,2.744821840148208
119.37884950637817,1.4227574243550887,2.973108160110563,1.5535496512319311,2.7238475926711367
119.42964005470276,1.4227574243550887,2.973108160110563,1.544674207171195,2.702701377209141
119.48005795478821,1.4227574243550887,2.973108160110563,1.535797705771491,2.681675290340463
119.53055548667908,1.4227574243550887,2.973108160110563,1.5268412010498178,2.660581531841651
119.58120393753052,1.4227574243550887,2.973108160110563,1.5177917045936422,2.639390601940319
119.63169455528259,1.4227574243550887,2.973108160110563,1.508704505277675,2.618232200715594
119.68212032318115,1.4227574243550887,2.973108160110563,1.4995634151944013,2.597068096393359
119.73251152038574,1.286303672559379,2.6761392647101556,1.490363252409999,2.5758861884126993
119.78309106826782,1.286303672559379,2.6761392647101556,1.4810631336702675,2.554593137883343
119.83350729942322,1.286303672559379,2.6761392647101556,1.4717277895849465,2.5333374794061885
119.88424229621887,1.286303672559379,2.6761392647101556,1.4622677740143497,2.5119163385756087
119.9349308013916,1.286303672559379,2.6761392647101556,1.452750787344612,2.4904842026254075
119.98533034324646,1.286303672559379,2.6761392647101556,1.4432231295579396,2.46914441268006
120.03573274612427,1.286303672559379,2.6761392647101556,1.4336303118696805,2.447774174028154
120.08627939224243,1.286303672559379,2.6761392647101556,1.4239452712584475,2.4263139291479203
120.13706374168396,1.286303672559379,2.6761392647101556,1.4141494968121495,2.4047241922954954
120.18747210502625,1.286303672559379,2.6761392647101556,1.4043617618745232,2.3832664925402365
120.23788404464722,1.286303672559379,2.6761392647101556,1.394509215710689,2.3617800818357906
120.28841829299927,1.286303672559379,2.6761392647101556,1.384568549926677,2.340214769140033
120.33921933174133,1.286303672559379,2.6761392647101556,1.3745107409352149,2.3185091105173696
120.3896336555481,1.286303672559379,2.6761392647101556,1.364465542895261,2.2969429401813666
120.4400269985199,1.1359802147745026,2.3659438598304203,1.3543610000256163,2.275360632808418
120.49079895019531,1.1359802147745026,2.3659438598304203,1.3441164581727219,2.2535913073591507
120.54134678840637,1.1359802147745026,2.3659438598304203,1.333853388168588,2.2318937986589367
120.59196758270264,1.1359802147745026,2.3659438598304203,1.3235119108129476,2.2101412213746556
120.6423614025116,1.1359802147745026,2.3659438598304203,1.3131537415078736,2.188463086586443
120.69280076026917,1.1359802147745026,2.3659438598304203,1.3027233608929438,2.166742808160846
120.7433352470398,1.1359802147745026,2.3659438598304203,1.2922104070346063,2.1449594553458278
120.79397487640381,1.1359802147745026,2.3659438598304203,1.281612581606317,2.1231091018793427
120.84469056129456,1.1359802147745026,2.3659438598304203,1.2709357955988274,2.101204706556361
120.89500379562378,1.1359802147745026,2.3659438598304203,1.2602815545269173,2.07945366137181
120.94536137580872,1.1359802147745026,2.3659438598304203,1.2495560722133532,2.057663544743419
120.99572587013245,1.1359802147745026,2.3659438598304203,1.2387673919168471,2.035851038309101
121.04618978500366,1.1359802147745026,2.3659438598304203,1.2278956700381323,2.0139765339022624
121.09668707847595,1.1359802147745026,2.3659438598304203,1.2169550610603173,1.9920691025443895
121.14719700813293,0.9741980043735042,2.055262523400187,1.2059501475529244,1.9701382374066205
121.19764065742493,0.9741980043735042,2.055262523400187,1.194898396243112,1.94821875043563
121.24805188179016,0.9741980043735042,2.055262523400187,1.1837927458113717,1.9262964988654123
121.29854941368103,0.9741980043735042,2.055262523400187,1.1726071202746402,1.9043203413130438
121.3492841720581,0.9741980043735042,2.055262523400187,1.1613076854774782,1.8822249650521399
121.39990973472595,0.9741980043735042,2.055262523400187,1.1499715480046433,1.8601617031148008
121.45051383972168,0.9741980043735042,2.055262523400187,1.1385794842251824,1.8380929013303242
121.50104308128357,0.9741980043735042,2.055262523400187,1.1271438782398935,1.816042414218098
121.55175399780273,0.9741980043735042,2.055262523400187,1.1156066705488181,1.7938987693968667
121.60226154327393,0.9741980043735042,2.055262523400187,1.1040556937139792,1.771830633029322
121.65268039703369,0.9741980043735042,2.055262523400187,1.0924654341180084,1.7497885322926736
121.7031672000885,0.9741980043735042,2.055262523400187,1.0808001151584425,1.7277045130314888
121.75382113456726,0.9741980043735042,2.055262523400187,1.0690366029513934,1.7055356270085373
121.80426454544067,0.823397900918875,1.7813423453439257,1.0572628775976485,1.6834476906169102
121.85492706298828,0.823397900918875,1.7813423453439257,1.0453788491368023,1.661253098303863
121.90553212165833,0.823397900918875,1.7813423453439257,1.0334493138597443,1.6390734803703342
121.9561915397644,0.823397900918875,1.7813423453439257,1.021448124800283,1.6168603519959577
122.00751662254333,0.823397900918875,1.7813423453439257,1.00922941860336,1.594345996494599
122.05807638168335,0.823397900918875,1.7813423453439257,0.9971342505135441,1.572158687824663
122.10856080055237,0.823397900918875,1.7813423453439257,0.9849992306998141,1.549996374796299
122.15894746780396,0.823397900918875,1.7813423453439257,0.9728302564789137,1.5278694528646797
122.20928764343262,0.823397900918875,1.7813423453439257,0.960615408556353,1.5057559572563664
122.25977349281311,0.823397900918875,1.7813423453439257,0.9483081067243444,1.4835719677837975
122.31026411056519,0.823397900918875,1.7813423453439257,0.9359426644619466,1.4613798866517456
122.36069750785828,0.823397900918875,1.7813423453439257,0.9235345730320101,1.4392074843092322
122.41142225265503,0.823397900918875,1.7813423453439257,0.9109979044872745,1.4169019990518055
122.46182513237,0.823397900918875,1.7813423453439257,0.8984844917544019,1.3947336027763513
122.51225137710571,0.6448012122429643,1.4688436176334947,0.8859093518960817,1.3725510087167472
122.56255841255188,0.6448012122429643,1.4688436176334947,0.873308426512966,1.3504174575462082
122.61289048194885,0.6448012122429643,1.4688436176334947,0.8606459706075587,1.328270006214062
122.6632924079895,0.6448012122429643,1.4688436176334947,0.8479107830939974,1.306089434138657
122.71761012077332,0.6448012122429643,1.4688436176334947,0.8341246578187524,1.2821835449325558
122.76819276809692,0.6448012122429643,1.4688436176334947,0.8212293714936032,1.2599201099181325
122.81860733032227,0.6448012122429643,1.4688436176334947,0.808322349255612,1.2377298439199769
122.86905527114868,0.6448012122429643,1.4688436176334947,0.7953524722261491,1.215524586428506
122.9202766418457,0.6448012122429643,1.4688436176334947,0.7821284171685474,1.1929791133454233
122.97099900245667,0.6448012122429643,1.4688436176334947,0.7689785014294914,1.17065402282062
123.02156329154968,0.6448012122429643,1.4688436176334947,0.7558156454672327,1.1483997561017616
123.07223773002625,0.6448012122429643,1.4688436176334947,0.7425703541794553,1.126098778344765
123.1226270198822,0.6448012122429643,1.4688436176334947,0.7293464794727922,1.1039255549463383
123.17300057411194,0.6448012122429643,1.4688436176334947,0.7160740449491931,1.0817620212282573
123.2234263420105,0.46043800117679184,1.1609597753679717,0.7027353434318195,1.059578790660306
123.27386212348938,0.46043800117679184,1.1609597753679717,0.689341696059445,1.0373949410046808
123.32431316375732,0.46043800117679184,1.1609597753679717,0.675891928283864,1.0152086751476623
123.37472534179688,0.46043800117679184,1.1609597753679717,0.662400764044667,0.9930442962647306
123.42533826828003,0.46043800117679184,1.1609597753679717,0.6488040926961385,0.9707969883915335
123.47598838806152,0.46043800117679184,1.1609597753679717,0.6351457521687776,0.9485391916798256
123.52636933326721,0.46043800117679184,1.1609597753679717,0.621508977955676,0.9264060029011725
123.57678723335266,0.46043800117679184,1.1609597753679717,0.6078115283182846,0.9042633945869349
123.62721824645996,0.46043800117679184,1.1609597753679717,0.5940600735274173,0.8821223508247815
123.67841625213623,0.46043800117679184,1.1609597753679717,0.5800481484153841,0.8596525787306029
123.7294852733612,0.46043800117679184,1.1609597753679717,0.5660202860474972,0.8372479747922035
123.77991509437561,0.46043800117679184,1.1609597753679717,0.5521180638944769,0.815132693913099
123.83039808273315,0.46043800117679184,1.1609597753679717,0.5381517603551829,0.7930034571313973
123.88081312179565,0.46043800117679184,1.1609597753679717,0.5241551823103414,0.7709138520944516
123.93123888969421,0.25903004146696357,0.8446390164519068,0.510106849627141,0.7488298881869173
123.98166632652283,0.25903004146696357,0.8446390164519068,0.49600954959940236,0.7267560355821139
124.0322597026825,0.25903004146696357,0.8446390164519068,0.481817402115325,0.7046209424262628
124.08290123939514,0.25903004146696357,0.8446390164519068,0.46756342575649246,0.6824767129482974
124.13372087478638,0.25903004146696357,0.8446390164519068,0.4532110149056354,0.6602671145896621
124.18445348739624,0.25903004146696357,0.8446390164519068,0.4388352088529195,0.638108551668132
124.23576164245605,0.25903004146696357,0.8446390164519068,0.4242478668383307,0.6157123378795186
124.28625130653381,0.25903004146696357,0.8446390164519068,0.4098459647291657,0.5936873807558976
124.3366584777832,0.25903004146696357,0.8446390164519068,0.3954211196076636,0.5717127413884504
124.38741135597229,0.25903004146696357,0.8446390164519068,0.38085072926908836,0.5496023602200599
124.4385347366333,0.25903004146696357,0.8446390164519068,0.3661269913755012,0.5273462600812813
124.48893547058105,0.25903004146696357,0.8446390164519068,0.35156552370226546,0.5054206692850205
124.53938961029053,0.25903004146696357,0.8446390164519068,0.3369433276432412,0.4834881618542246
124.590252161026,0.25903004146696357,0.8446390164519068,0.32215720207173115,0.46139513826981493
124.6408314704895,0.05283076185401473,0.5356551936771452,0.3074083553992959,0.43944258722212326
124.69126391410828,0.05283076185401473,0.5356551936771452,0.29265790193914176,0.41757158702532826
124.74211621284485,0.05283076185401473,0.5356551936771452,0.27774003844740847,0.3955370079895817
124.79249739646912,0.05283076185401473,0.5356551936771452,0.2629165151891115,0.3737253729451626
124.84298062324524,0.05283076185401473,0.5356551936771452,0.2480194869988659,0.351888823710109
124.89365839958191,0.05283076185401473,0.5356551936771452,0.2330215880391826,0.32998800539686957
124.9447591304779,0.05283076185401473,0.5356551936771452,0.217854748989895,0.3079250728323262
124.99511742591858,0.05283076185401473,0.5356551936771452,0.20286558896662266,0.2862034815277852
125.04551076889038,0.05283076185401473,0.5356551936771452,0.18782390536134885,0.2644879163948963
125.09586977958679,0.05283076185401473,0.5356551936771452,0.17275072415905202,0.24280875372191102
125.14647269248962,0.05283076185401473,0.5356551936771452,0.15756282714656722,0.22104683253766177
125.19689154624939,0.05283076185401473,0.5356551936771452,0.14238891123230557,0.19938671758112791
125.24738144874573,0.05283076185401473,0.5356551936771452,0.1271526636424265,0.177719216384856
125.29804801940918,0.05283076185401473,0.5356551936771452,0.11182223877108077,0.15599965433468643
125.34889459609985,-0.1623875022815352,0.2256401631006596,0.09639652806108501,0.1342273365455764
125.39977860450745,-0.1623875022815352,0.2256401631006596,0.08091886042843743,0.11246395579925217
125.45019125938416,-0.1623875022815352,0.2256401631006596,0.06554484731291943,0.09092728192378607
125.50108170509338,-0.1623875022815352,0.2256401631006596,0.04998536536329601,0.0692123194521479
125.55341839790344,-0.1623875022815352,0.2256401631006596,0.03394239426323775,0.046907817087986414
125.60427117347717,-0.1623875022815352,0.2256401631006596,0.018314525316204477,0.025262996991501918
125.65485858917236,-0.1623875022815352,0.2256401631006596,0.0027296604108624223,0.0037582787980745547
125.70523023605347,-0.1623875022815352,0.2256401631006596,-0.012826590287945638,-0.017627335781998266
125.75563549995422,-0.1623875022815352,0.2256401631006596,-0.02843069963809164,-0.03899940722871942
125.80607581138611,-0.1623875022815352,0.2256401631006596,-0.04408284584334066,-0.06035801979927902
125.85652136802673,-0.1623875022815352,0.2256401631006596,-0.05977348239834113,-0.08169005520353667
125.90714144706726,-0.1623875022815352,0.2256401631006596,-0.07555511181246644,-0.10306647527531743
125.95752215385437,-0.1623875022815352,0.2256401631006596,-0.09129827883358699,-0.1243120895054659
126.0081114768982,-0.36254285798123354,-0.050460445902181794,-0.10714259000666049,-0.1456153786045542
126.05848908424377,-0.36254285798123354,-0.050460445902181794,-0.12295604722795872,-0.16679888250385266
126.10891056060791,-0.36254285798123354,-0.050460445902181794,-0.13881835072580007,-0.18796976758360517
126.15981388092041,-0.36254285798123354,-0.050460445902181794,-0.15486747751932084,-0.20931097742260163
126.21029019355774,-0.36254285798123354,-0.050460445902181794,-0.1708165792416514,-0.23044096392144153
126.26068258285522,-0.36254285798123354,-0.050460445902181794,-0.18677318091178075,-0.2515033780729501
126.31108283996582,-0.36254285798123354,-0.050460445902181794,-0.20276591524320953,-0.27253620594784866
126.36151266098022,-0.36254285798123354,-0.050460445902181794,-0.21880134685700492,-0.29354801285199295
126.41196084022522,-0.36254285798123354,-0.050460445902181794,-0.23487560092422122,-0.31453363085657005
126.46250033378601,-0.36254285798123354,-0.050460445902181794,-0.2510116690107722,-0.3355228461552997
126.51328921318054,-0.36254285798123354,-0.050460445902181794,-0.26725998381512284,-0.35658050248575335
126.56390500068665,-0.36254285798123354,-0.050460445902181794,-0.2834850921334322,-0.3775309031194296
126.61431217193604,-0.36254285798123354,-0.050460445902181794,-0.2996748769656685,-0.3983592966493492
126.664705991745,-0.36254285798123354,-0.050460445902181794,-0.31589147942260665,-0.41914615783033526
126.71519041061401,-0.5853408849343307,-0.34681290897519285,-0.33216805423150575,-0.43993383814007525
126.76564192771912,-0.5853408849343307,-0.34681290897519285,-0.34846446731080283,-0.4606709788931991
126.81607627868652,-0.5853408849343307,-0.34681290897519285,-0.364785385718041,-0.48136366177909196
126.86650395393372,-0.5853408849343307,-0.34681290897519285,-0.38113381144100966,-0.5020157779111523
126.91690611839294,-0.5853408849343307,-0.34681290897519285,-0.39750323745626437,-0.5226192121529223
126.96734189987183,-0.5853408849343307,-0.34681290897519285,-0.4139125001523576,-0.5431976889859116
127.01788854598999,-0.5853408849343307,-0.34681290897519285,-0.4303864794297745,-0.5637821229032216
127.06872391700745,-0.5853408849343307,-0.34681290897519285,-0.4469831003048417,-0.584444037047275
127.11920547485352,-0.5853408849343307,-0.34681290897519285,-0.4634921520798079,-0.6049219136962858
127.16960597038269,-0.5853408849343307,-0.34681290897519285,-0.4800020921639412,-0.6253264812222552
127.22001028060913,-0.5853408849343307,-0.34681290897519285,-0.4965402810288553,-0.6456917656683707
127.27041053771973,-0.5853408849343307,-0.34681290897519285,-0.513103755806871,-0.6660141609141323
127.3208601474762,-0.5853408849343307,-0.34681290897519285,-0.5297097205081713,-0.6863147187883063
127.37126183509827,-0.5853408849343307,-0.34681290897519285,-0.5463257733783906,-0.7065538698967422
127.42168354988098,-0.818146584086853,-0.640517083976864,-0.5629739086717582,-0.7267585111272035
127.47208380699158,-0.818146584086853,-0.640517083976864,-0.5796400417098453,-0.7469115989770858
127.52250218391418,-0.818146584086853,-0.640517083976864,-0.5963368697070686,-0.767028542702251
127.57313680648804,-0.818146584086853,-0.640517083976864,-0.6131297856825055,-0.7871876691992092
127.62377524375916,-0.818146584086853,-0.640517083976864,-0.6299481021791578,-0.8073036933246696
127.67466187477112,-0.818146584086853,-0.640517083976864,-0.6468727641732932,-0.8274729352094563
127.72502136230469,-0.818146584086853,-0.640517083976864,-0.6636453066726804,-0.8473880396370486
127.775381565094,-0.818146584086853,-0.640517083976864,-0.6804407794499381,-0.8672580475226499
127.82575607299805,-0.818146584086853,-0.640517083976864,-0.6972633313391803,-0.8870878902934751
127.87673854827881,-0.818146584086853,-0.640517083976864,-0.7143112270553766,-0.9071099919529249
127.92763447761536,-0.818146584086853,-0.640517083976864,-0.7313521652723496,-0.9270504573388205
127.97795796394348,-0.818146584086853,-0.640517083976864,-0.7482226316158465,-0.946719428912572
128.0286843776703,-0.818146584086853,-0.640517083976864,-0.7652490980509645,-0.9664979593139689
128.07926964759827,-0.818146584086853,-0.640517083976864,-0.7822487028874467,-0.9861731329831567
128.12970852851868,-1.046164705382061,-0.915376182899601,-0.7992191050284119,-1.0057429170421859
128.1803638935089,-1.046164705382061,-0.915376182899601,-0.8162820299010032,-1.025347597167848
128.2307734489441,-1.046164705382061,-0.915376182899601,-0.8332813346912293,-1.0448078985104907
128.28121304512024,-1.046164705382061,-0.915376182899601,-0.8503095140116135,-1.0642302294349562
128.331627368927,-1.046164705382061,-0.915376182899601,-0.8673474912184624,-1.083592888493168
128.38204669952393,-1.046164705382061,-0.915376182899601,-0.8844050815064004,-1.1029071413081948
128.43396973609924,-1.046164705382061,-0.915376182899601,-0.9019896983876721,-1.1227444027120212
128.48446989059448,-1.046164705382061,-0.915376182899601,-0.9191098253702303,-1.141986041420962
128.53489565849304,-1.046164705382061,-0.915376182899601,-0.9362214335413435,-1.1611477709785645
128.58530116081238,-1.046164705382061,-0.915376182899601,-0.9533424304784219,-1.180249915327414
128.6357719898224,-1.046164705382061,-0.915376182899601,-0.9705014981090188,-1.1993244557092815
128.68647384643555,-1.046164705382061,-0.915376182899601,-0.9877546940735171,-1.2184331659158958
128.7371506690979,-1.046164705382061,-0.915376182899601,-1.0050145590782735,-1.2374788289756766
128.7875747680664,-1.046164705382061,-0.915376182899601,-1.0222030028867597,-1.2563759305788385
128.8384644985199,-1.2834894373584478,-1.1899093295200842,-1.0395645660122748,-1.2753929581058001
128.88921332359314,-1.2834894373584478,-1.1899093295200842,-1.0568920349436073,-1.294302347362862
128.93980836868286,-1.2834894373584478,-1.1899093295200842,-1.0741804683703755,-1.3130993987906858
128.99032282829285,-1.2834894373584478,-1.1899093295200842,-1.0914543613857024,-1.331811311216725
129.04072427749634,-1.2834894373584478,-1.1899093295200842,-1.1087021310340195,-1.3504260183883665
129.09112930297852,-1.2834894373584478,-1.1899093295200842,-1.125963213172726,-1.3689863897323233
129.14150762557983,-1.2834894373584478,-1.1899093295200842,-1.1432268100282452,-1.3874809468296783
129.1920530796051,-1.2834894373584478,-1.1899093295200842,-1.1605589696764111,-1.4059802470720815
129.2425079345703,-1.2834894373584478,-1.1899093295200842,-1.1778709171050972,-1.4243894688391956
129.2930040359497,-1.2834894373584478,-1.1899093295200842,-1.1952074493295535,-1.442756437481639
129.34411454200745,-1.2834894373584478,-1.1899093295200842,-1.2127651134639743,-1.4612881370600295
129.39459609985352,-1.2834894373584478,-1.1899093295200842,-1.2301163526337913,-1.4795334125163428
129.44500923156738,-1.2834894373584478,-1.1899093295200842,-1.2474531986999546,-1.4976956981007667
129.49575853347778,-1.5011240400882682,-1.4316046701878486,-1.2649144310178393,-1.5159199327590307
129.54630398750305,-1.5011240400882682,-1.4316046701878486,-1.282313848614462,-1.5340116061557685
129.5967812538147,-1.5011240400882682,-1.4316046701878486,-1.2996976517412657,-1.552019399999327
129.64727568626404,-1.5011240400882682,-1.4316046701878486,-1.3170947920649243,-1.5699735033775175
129.69792413711548,-1.5011240400882682,-1.4316046701878486,-1.3345520234578965,-1.5879219206831894
129.74836373329163,-1.5011240400882682,-1.4316046701878486,-1.351943828361139,-1.6057358102662767
129.79894924163818,-1.5011240400882682,-1.4316046701878486,-1.3693920847032754,-1.6235402328121906
129.84939241409302,-1.5011240400882682,-1.4316046701878486,-1.386796934931097,-1.6412333848352831
129.9003620147705,-1.5011240400882682,-1.4316046701878486,-1.404388751348831,-1.659048789913569
129.9508581161499,-1.5011240400882682,-1.4316046701878486,-1.4218219849680311,-1.6766365040874744
130.00126671791077,-1.5011240400882682,-1.4316046701878486,-1.4392293810911205,-1.694131666857466
130.05170321464539,-1.5011240400882682,-1.4316046701878486,-1.4566503451865112,-1.711574103365471
130.10210037231445,-1.5011240400882682,-1.4316046701878486,-1.474061217503501,-1.7289402511718546
130.15250325202942,-1.5011240400882682,-1.4316046701878486,-1.4914771259076114,-1.7462453702852576
130.2033338546753,-1.7384881231439209,-1.6854265173917649,-1.5090434821870813,-1.763633200535212
130.25381135940552,-1.7384881231439209,-1.6854265173917649,-1.526490009701326,-1.7808361728722089
130.30433583259583,-1.7384881231439209,-1.6854265173917649,-1.5439545217235515,-1.7979908872105526
130.3547065258026,-1.7384881231439209,-1.6854265173917649,-1.5613671820510922,-1.8150290638245867
130.40509557724,-1.7384881231439209,-1.6854265173917649,-1.5787870529673151,-1.8320088685738856
130.45551204681396,-1.7384881231439209,-1.6854265173917649,-1.5962168280535423,-1.8489329480927013
130.5060555934906,-1.7384881231439209,-1.6854265173917649,-1.613690520423214,-1.8658341396128868
130.55673027038574,-1.7384881231439209,-1.6854265173917649,-1.6312090849648393,-1.882712977363284
130.60713958740234,-1.7384881231439209,-1.6854265173917649,-1.6486350104896565,-1.8994373461558711
130.6575903892517,-1.7384881231439209,-1.6854265173917649,-1.6660739322522844,-1.9161091768425484
130.7079954147339,-1.7384881231439209,-1.6854265173917649,-1.6834952447692915,-1.9326993332617954
130.7584137916565,-1.7384881231439209,-1.6854265173917649,-1.7009189426106637,-1.9492270342654818
130.8088309764862,-1.7384881231439209,-1.6854265173917649,-1.718339555250088,-1.9656871837050198
130.86040234565735,-1.7384881231439209,-1.6854265173917649,-1.736155743522894,-1.9824543509826318
130.9111864566803,-1.9704067682241195,-1.9189121002078997,-1.7536963100873943,-1.9988962695560935
130.96170926094055,-1.9704067682241195,-1.9189121002078997,-1.771142575341237,-2.01518505535829
131.01227188110352,-1.9704067682241195,-1.9189121002078997,-1.7885980980840328,-2.0314179431137935
131.06284642219543,-1.9704067682241195,-1.9189121002078997,-1.8060527913249305,-2.0475855750261536
131.11325573921204,-1.9704067682241195,-1.9189121002078997,-1.8234450918400957,-2.0636313422818477
131.16370582580566,-1.9704067682241195,-1.9189121002078997,-1.8408456438920904,-2.0796207796737463
131.21430897712708,-1.9704067682241195,-1.9189121002078997,-1.8582926946575067,-2.0955887876881976
131.2649188041687,-1.9704067682241195,-1.9189121002078997,-1.8757352896955197,-2.1114885526380616
131.3153235912323,-1.9704067682241195,-1.9189121002078997,-1.8931000513390042,-2.1272536893920897
131.36573910713196,-1.9704067682241195,-1.9189121002078997,-1.910460905788511,-2.1429518079811256
131.41615796089172,-1.9704067682241195,-1.9189121002078997,-1.9278148559498318,-2.158580298120181
131.46653652191162,-1.9704067682241195,-1.9189121002078997,-1.9451464446834896,-2.1741254361864852
131.51687717437744,-1.9704067682241195,-1.9189121002078997,-1.9624560640316484,-2.1895878484794613
131.56732201576233,-1.9704067682241195,-1.9189121002078997,-1.9797921069634148,-2.2050107676858377
131.61775469779968,-2.2094086984533803,-2.1473311529028205,-1.9971141127760959,-2.220358154845777
131.6684868335724,-2.2094086984533803,-2.1473311529028205,-2.014528570379441,-2.235723951375142
131.71891593933105,-2.2094086984533803,-2.1473311529028205,-2.031828217315889,-2.2509254158659133
131.76929998397827,-2.2094086984533803,-2.1473311529028205,-2.049101209686512,-2.266040796401466
131.8198127746582,-2.2094086984533803,-2.1473311529028205,-2.0664066527376646,-2.281121791744634
131.8702211380005,-2.2094086984533803,-2.1473311529028205,-2.0836642020263705,-2.296098472896884
131.92068696022034,-2.2094086984533803,-2.1473311529028205,-2.100928844332241,-2.3110187809467573
131.97108221054077,-2.2094086984533803,-2.1473311529028205,-2.1181563326366932,-2.3258446360821172
132.0220708847046,-2.2094086984533803,-2.1473311529028205,-2.135572987432676,-2.34076997173588
132.07350993156433,-2.2094086984533803,-2.1473311529028205,-2.1531290492813966,-2.355750333365013
132.12397027015686,-2.2094086984533803,-2.1473311529028205,-2.170336533845541,-2.370370458768283
132.1743676662445,-2.2094086984533803,-2.1473311529028205,-2.1875077195592314,-2.384897748979869
132.22481203079224,-2.2094086984533803,-2.1473311529028205,-2.204679608635095,-2.399363676662619
132.27523517608643,-2.2094086984533803,-2.1473311529028205,-2.221828524218313,-2.413748387410237
132.32565546035767,-2.4442026437025457,-2.3634079085354505,-2.2389602679646425,-2.4280569316427387
132.37612509727478,-2.4442026437025457,-2.3634079085354505,-2.256092104449557,-2.4423037837847037
132.42652440071106,-2.4442026437025457,-2.3634079085354505,-2.2731829633875638,-2.4564549691818462
132.47704219818115,-2.4442026437025457,-2.3634079085354505,-2.290296398274779,-2.470563163588435
132.5282919406891,-2.4442026437025457,-2.3634079085354505,-2.3076393071105894,-2.4847975116335985
132.57874751091003,-2.4442026437025457,-2.3634079085354505,-2.3246948247081036,-2.498734051264364
132.62972569465637,-2.4442026437025457,-2.3634079085354505,-2.341907749603421,-2.512736888033364
132.68047308921814,-2.4442026437025457,-2.3634079085354505,-2.359023064437362,-2.5265981748889423
132.73091006278992,-2.4442026437025457,-2.3634079085354505,-2.3760137680039666,-2.5402971828747383
132.78129148483276,-2.4442026437025457,-2.3634079085354505,-2.3929654803923044,-2.553903757719152
132.83167600631714,-2.4442026437025457,-2.3634079085354505,-2.4098975144319885,-2.5674336423120088
132.88214993476868,-2.4442026437025457,-2.3634079085354505,-2.4268383629015435,-2.5809095831897015
132.93250799179077,-2.4442026437025457,-2.3634079085354505,-2.443718690692068,-2.5942766213640476
132.98288321495056,-2.4442026437025457,-2.3634079085354505,-2.4605827036751027,-2.6075700885176802
133.0333104133606,-2.668025855848356,-2.5578482043790736,-2.477441556068312,-2.62079880047812
133.08398151397705,-2.668025855848356,-2.5578482043790736,-2.4943587563749303,-2.6340122053549795
133.13627552986145,-2.668025855848356,-2.5578482043790736,-2.5117929222636337,-2.6475652537199457
133.18683862686157,-2.668025855848356,-2.5578482043790736,-2.528625533421,-2.660588779114459
133.23742032051086,-2.668025855848356,-2.5578482043790736,-2.5454397832714455,-2.673537287693002
133.28784608840942,-2.668025855848356,-2.5578482043790736,-2.5621773023302516,-2.6863662293484425
133.33850741386414,-2.668025855848356,-2.5578482043790736,-2.5789675165281953,-2.6991748160561784
133.38928985595703,-2.668025855848356,-2.5578482043790736,-2.5957717672402927,-2.7119330683428986
133.44102430343628,-2.668025855848356,-2.5578482043790736,-2.6128636897432447,-2.724846948570916
133.49242758750916,-2.668025855848356,-2.5578482043790736,-2.6298183800672437,-2.737594448611591
133.54289937019348,-2.668025855848356,-2.5578482043790736,-2.646438377789109,-2.750029562175741
133.59352135658264,-2.668025855848356,-2.5578482043790736,-2.6630800576421656,-2.762420496378242
133.64408564567566,-2.668025855848356,-2.5578482043790736,-2.6796745409863156,-2.7747159568224333
133.69452333450317,-2.668025855848356,-2.5578482043790736,-2.696198915041925,-2.786899453066986
133.74492931365967,-2.881210016431716,-2.73122170529401,-2.712683950091824,-2.7989941114096237
133.79545497894287,-2.881210016431716,-2.73122170529401,-2.72917863032765,-2.8110358706264393
133.84604048728943,-2.881210016431716,-2.73122170529401,-2.7456628071773874,-2.8230098594411372
133.8967649936676,-2.881210016431716,-2.73122170529401,-2.7621616397351727,-2.8349341578591276
133.94720268249512,-2.881210016431716,-2.73122170529401,-2.778536305617608,-2.8467088571126355
133.99760127067566,-2.881210016431716,-2.73122170529401,-2.7948670741805968,-2.8583924168503776
134.04797554016113,-2.881210016431716,-2.73122170529401,-2.8111583447823696,-2.8699882560214522
134.09836220741272,-2.881210016431716,-2.73122170529401,-2.8274215539674903,-2.881504695415272
134.1487898826599,-2.881210016431716,-2.73122170529401,-2.8436654358777878,-2.8929479852459434
134.1993203163147,-2.881210016431716,-2.73122170529401,-2.8599092913202986,-2.904331628496557
134.25012111663818,-2.881210016431716,-2.73122170529401,-2.876206177078695,-2.9156923075505694
134.30066227912903,-2.881210016431716,-2.73122170529401,-2.892385603405188,-2.9269113169888
134.3510708808899,-2.881210016431716,-2.73122170529401,-2.9084881977036257,-2.9380176870964108
134.40146112442017,-2.881210016431716,-2.73122170529401,-2.9245501477777176,-2.949036806787904
134.4518985748291,-3.0926863922074124,-2.89521403001425,-2.9405918752779017,-2.959982797894426
134.50236558914185,-3.0926863922074124,-2.89521403001425,-2.9566072404676698,-2.9708514988303545
134.55275535583496,-3.0926863922074124,-2.89521403001425,-2.9725619516185477,-2.981619885533709
134.6031665802002,-3.0926863922074124,-2.89521403001425,-2.9884868754894263,-2.992309053400332
134.6540858745575,-3.0926863922074124,-2.89521403001425,-3.0045347010463876,-3.0030207212781517
134.7068693637848,-3.0926863922074124,-2.89521403001425,-3.0211296748385856,-3.0140339867763086
134.75737595558167,-3.0926863922074124,-2.89521403001425,-3.036969853810462,-3.024485728732625
134.80822944641113,-3.0926863922074124,-2.89521403001425,-3.052879890582478,-3.0349237088700285
134.8587145805359,-3.0926863922074124,-2.89521403001425,-3.0686355864006614,-3.0452010443221997
134.909184217453,-3.0926863922074124,-2.89521403001425,-3.084347063220558,-3.055390412269921
134.95966029167175,-3.0926863922074124,-2.89521403001425,-3.1000207157842246,-3.06549614307601
135.01007413864136,-3.0926863922074124,-2.89521403001425,-3.1156348459618366,-3.075504512073787
135.06050515174866,-3.0926863922074124,-2.89521403001425,-3.131213655335862,-3.085431278792177
135.11102199554443,-3.0926863922074124,-2.89521403001425,-3.146777788006286,-3.095289584697587
135.16261911392212,-3.285603530575704,-3.0347123038023462,-3.162631732818122,-3.1052704010535397
135.214604139328,-3.285603530575704,-3.0347123038023462,-3.1785604281371884,-3.1152358890531766
135.26507878303528,-3.285603530575704,-3.0347123038023462,-3.193983192627746,-3.12482494022454
135.31594610214233,-3.285603530575704,-3.0347123038023462,-3.2094824928465284,-3.134401865712237
135.36653780937195,-3.285603530575704,-3.0347123038023462,-3.224854107131804,-3.143840443286553
135.41693711280823,-3.285603530575704,-3.0347123038023462,-3.240123482652775,-3.1531572941860206
135.46735525131226,-3.285603530575704,-3.0347123038023462,-3.255354406933111,-3.162391814667819
135.51776814460754,-3.285603530575704,-3.0347123038023462,-3.270539151686375,-3.1715394653410502
135.56823635101318,-3.285603530575704,-3.0347123038023462,-3.2856954548852104,-3.1806110147669147
135.61880946159363,-3.285603530575704,-3.0347123038023462,-3.3008375568970068,-3.189614876251128
135.6693651676178,-3.285603530575704,-3.0347123038023462,-3.315928281107379,-3.1985289619449917
135.7197630405426,-3.285603530575704,-3.0347123038023462,-3.3309255153332913,-3.207328876450608
135.77023124694824,-3.285603530575704,-3.0347123038023462,-3.345896843740735,-3.2160546019962566
135.82073163986206,-3.285603530575704,-3.0347123038023462,-3.360830373809884,-3.2246991993079512
135.8742573261261,-3.4894955866408006,-3.1706335009977993,-3.376606332203596,-3.233766906947198
135.9247272014618,-3.4894955866408006,-3.1706335009977993,-3.3914319875860865,-3.2422275350268723
135.9751615524292,-3.4894955866408006,-3.1706335009977993,-3.4061986333179073,-3.25059545297235
136.02560591697693,-3.4894955866408006,-3.1706335009977993,-3.420919209805994,-3.2588782117319233
136.07600378990173,-3.4894955866408006,-3.1706335009977993,-3.4355768530197137,-3.2670665596376978
136.12642621994019,-3.4894955866408006,-3.1706335009977993,-3.4501918316919924,-3.2751720313907255
136.1772689819336,-3.4894955866408006,-3.1706335009977993,-3.464877767407706,-3.283257031243949
136.22798037528992,-3.4894955866408006,-3.1706335009977993,-3.4794744343133086,-3.2912330151430447
136.27850317955017,-3.4894955866408006,-3.1706335009977993,-3.493965417502504,-3.299091756933016
136.32889914512634,-3.4894955866408006,-3.1706335009977993,-3.508368483860921,-3.306843624627092
136.37929940223694,-3.4894955866408006,-3.1706335009977993,-3.5227208752019337,-3.31450905271277
136.4296989440918,-3.4894955866408006,-3.1706335009977993,-3.537020738589032,-3.3220872192486435
136.4815104007721,-3.4894955866408006,-3.1706335009977993,-3.551666218747592,-3.3297867838933364
136.5333387851715,-3.6557577350850883,-3.2734397450874364,-3.566260258856924,-3.3373966133455606
136.5838119983673,-3.6557577350850883,-3.2734397450874364,-3.5804182227167276,-3.3447187422605986
136.63442850112915,-3.6557577350850883,-3.2734397450874364,-3.59456196492622,-3.3519736937112166
136.6848268508911,-3.6557577350850883,-3.2734397450874364,-3.6085901896833232,-3.3591098171127
136.73536801338196,-3.6557577350850883,-3.2734397450874364,-3.622603074240134,-3.366178382498317
136.78639101982117,-3.6557577350850883,-3.2734397450874364,-3.6366931666830973,-3.3732251373442006
136.83682489395142,-3.6557577350850883,-3.2734397450874364,-3.6505644731698905,-3.380102418027302
136.88777589797974,-3.6557577350850883,-3.2734397450874364,-3.664520956343316,-3.3869612355629033
136.93819904327393,-3.6557577350850883,-3.2734397450874364,-3.6782759748820597,-3.393660918271553
136.98863434791565,-3.6557577350850883,-3.2734397450874364,-3.691977299015469,-3.4002745417916906
137.03906893730164,-3.6557577350850883,-3.2734397450874364,-3.7056210008802006,-3.406800365389336
137.0896372795105,-3.6557577350850883,-3.2734397450874364,-3.7192428178043397,-3.4132554204296266
137.14053511619568,-3.6557577350850883,-3.2734397450874364,-3.732894260863821,-3.4196634616891224
137.19107794761658,-3.6557577350850883,-3.2734397450874364,-3.746391370069956,-3.4259383617603074
137.24153423309326,-3.8235654685069154,-3.368275992972671,-3.759806199921411,-3.4321145936794712
137.29220032691956,-3.8235654685069154,-3.368275992972671,-3.77321691568081,-3.4382281000175254
137.34267735481262,-3.8235654685069154,-3.368275992972671,-3.786517496507066,-3.4442306887958978
137.3931188583374,-3.8235654685069154,-3.368275992972671,-3.7997483965224292,-3.4501412001696123
137.44386625289917,-3.8235654685069154,-3.368275992972671,-3.812998276661288,-3.455998928236305
137.49474358558655,-3.8235654685069154,-3.368275992972671,-3.8262199961655847,-3.4617824176781022
137.54727482795715,-3.8235654685069154,-3.368275992972671,-3.839805859009018,-3.467660161194567
137.59766960144043,-3.8235654685069154,-3.368275992972671,-3.8527760644789035,-3.473209336165063
137.64809560775757,-3.8235654685069154,-3.368275992972671,-3.8656920439162135,-3.478674214695908
137.69849109649658,-3.8235654685069154,-3.368275992972671,-3.878537583657308,-3.4840481108972816
137.74890446662903,-3.8235654685069154,-3.368275992972671,-3.891324649183547,-3.4893362292108216
137.7995057106018,-3.8235654685069154,-3.368275992972671,-3.9040955754852535,-3.4945558764038895
137.8500714302063,-3.8235654685069154,-3.368275992972671,-3.91679329651454,-3.499683625271911
137.90051198005676,-3.8235654685069154,-3.368275992972671,-3.929395214043381,-3.5047108228519677
137.9510748386383,-4.00460502054275,-3.459029022098024,-3.9419627702243147,-3.5096621617051103
138.00228834152222,-4.00460502054275,-3.459029022098024,-3.9546253877692528,-3.5145873731578656
138.0527482032776,-4.00460502054275,-3.459029022098024,-3.967035661863531,-3.519351701966844
138.10316014289856,-4.00460502054275,-3.459029022098024,-3.979368339394021,-3.5240239084308826
138.1542477607727,-4.00460502054275,-3.459029022098024,-3.9917988115116794,-3.528669442836293
138.20467734336853,-4.00460502054275,-3.459029022098024,-4.004002140440475,-3.5331670126985326
138.25503015518188,-4.00460502054275,-3.459029022098024,-4.016120062890651,-3.5375704130613177
138.30545902252197,-4.00460502054275,-3.459029022098024,-4.0281889787015,-3.5418930466696636
138.3558988571167,-4.00460502054275,-3.459029022098024,-4.0401927563770705,-3.5461291463985094
138.40631413459778,-4.00460502054275,-3.459029022098024,-4.052122590627723,-3.5502758048667844
138.45669984817505,-4.00460502054275,-3.459029022098024,-4.063977029686157,-3.5543327938907647
138.50714468955994,-4.00460502054275,-3.459029022098024,-4.075776504333687,-3.5583072233260062
138.55760383605957,-4.00460502054275,-3.459029022098024,-4.087510004769113,-3.5621954186523914
138.608145236969,-4.159678163879263,-3.527983874823529,-4.099192757535627,-3.566002415033689
138.65887117385864,-4.159678163879263,-3.527983874823529,-4.110847474569485,-3.56973527549595
138.70991277694702,-4.159678163879263,-3.527983874823529,-4.122502854923315,-3.573402400133586
138.76033544540405,-4.159678163879263,-3.527983874823529,-4.1339457471495615,-3.5769374897803017
138.81076526641846,-4.159678163879263,-3.527983874823529,-4.145319158550144,-3.5803860887127787
138.86119604110718,-4.159678163879263,-3.527983874823529,-4.156621307857716,-3.583747813421102
138.9116575717926,-4.159678163879263,-3.527983874823529,-4.1678584416300675,-3.587024632234801
138.96222853660583,-4.159678163879263,-3.527983874823529,-4.1790474153174895,-3.590221357891507
139.0126919746399,-4.159678163879263,-3.527983874823529,-4.1901398584986085,-3.593324339213411
139.06310200691223,-4.159678163879263,-3.527983874823529,-4.201147654791082,-3.596337390204973
139.11350536346436,-4.159678163879263,-3.527983874823529,-4.212080780354975,-3.599263531445693
139.16403985023499,-4.159678163879263,-3.527983874823529,-4.222968497241331,-3.6021105176895882
139.214497089386,-4.159678163879263,-3.527983874823529,-4.233765435433879,-3.6048665480754867
139.26492547988892,-4.159678163879263,-3.527983874823529,-4.244481830557512,-3.607534618760689
139.31632113456726,-4.304569526366797,-3.58247750470088,-4.255326909510648,-3.610165090340223
139.36674618721008,-4.304569526366797,-3.58247750470088,-4.265891410835012,-3.612658875117698
139.4172170162201,-4.304569526366797,-3.58247750470088,-4.276390001123278,-3.6150687120585285
139.46795654296875,-4.304569526366797,-3.58247750470088,-4.286867991763109,-3.6174045271774355
139.51839303970337,-4.304569526366797,-3.58247750470088,-4.297207047018723,-3.6196401799483695
139.56890630722046,-4.304569526366797,-3.58247750470088,-4.307485189784281,-3.621793178633549
139.61929845809937,-4.304569526366797,-3.58247750470088,-4.317661912725341,-3.623855297127357
139.67001676559448,-4.304569526366797,-3.58247750470088,-4.3278267283244105,-3.6258444127032097
139.7204384803772,-4.304569526366797,-3.58247750470088,-4.337854417590334,-3.6277361262999914
139.77085161209106,-4.304569526366797,-3.58247750470088,-4.347802624617064,-3.6295421230971185
139.82130312919617,-4.304569526366797,-3.58247750470088,-4.357680211988532,-3.631264113881249
139.8720269203186,-4.304569526366797,-3.58247750470088,-4.367531908909491,-3.6329093987522367
139.92244148254395,-4.304569526366797,-3.58247750470088,-4.377244526019863,-3.634459318608379
139.97284936904907,-4.304569526366797,-3.58247750470088,-4.386876761584765,-3.635924086760162
140.0232241153717,-4.445556005457329,-3.622586993247743,-4.396423323040424,-3.637303147157073
140.0738823413849,-4.445556005457329,-3.622586993247743,-4.405943290030658,-3.6386046503851555
140.12436962127686,-4.445556005457329,-3.622586993247743,-4.415350668334735,-3.6398167547688915
140.1747612953186,-4.445556005457329,-3.622586993247743,-4.424659807354355,-3.6409420607253353
140.22517585754395,-4.445556005457329,-3.622586993247743,-4.433892448209855,-3.641983518420498
140.27556586265564,-4.445556005457329,-3.622586993247743,-4.443039585126086,-3.6429402750981197
140.32610368728638,-4.445556005457329,-3.622586993247743,-4.452131890761081,-3.6438154204290014
140.37671971321106,-4.445556005457329,-3.622586993247743,-4.461155970938978,-3.6446073107325723
140.4273669719696,-4.445556005457329,-3.622586993247743,-4.470102864860405,-3.6453150680204853
140.47804808616638,-4.445556005457329,-3.622586993247743,-4.478972557293699,-3.6459386995799
140.52852487564087,-4.445556005457329,-3.622586993247743,-4.487723468502928,-3.6464758359793668
140.57909226417542,-4.445556005457329,-3.622586993247743,-4.496406695244667,-3.646930036602864
140.63016152381897,-4.445556005457329,-3.622586993247743,-4.505091071418191,-3.647303657630696
140.68080615997314,-4.445556005457329,-3.622586993247743,-4.5136185397253605,-3.6475898711951027
140.73121809959412,-4.571005249479897,-3.646314653575981,-4.5220227530265555,-3.6477915419582665
140.78162026405334,-4.571005249479897,-3.646314653575981,-4.530341177053803,-3.6479103063416343
140.83291745185852,-4.571005249479897,-3.646314653575981,-4.538720599103704,-3.6479462516522716
140.8833556175232,-4.571005249479897,-3.646314653575981,-4.546874099548009,-3.6478982106135716
140.93423104286194,-4.571005249479897,-3.646314653575981,-4.555011995702024,-3.6477661487675066
140.9846546649933,-4.571005249479897,-3.646314653575981,-4.5629918140029435,-3.6475525638322805
141.03503227233887,-4.571005249479897,-3.646314653575981,-4.570878746524841,-3.647257114634999
141.08546948432922,-4.571005249479897,-3.646314653575981,-4.578689001684383,-3.646879305562941
141.1361494064331,-4.571005249479897,-3.646314653575981,-4.586449865665571,-3.6464171869528395
141.18656754493713,-4.571005249479897,-3.646314653575981,-4.594083842127663,-3.6458755673188827
141.23705434799194,-4.571005249479897,-3.646314653575981,-4.601641175987586,-3.6452515309346043
141.2879388332367,-4.571005249479897,-3.646314653575981,-4.609169618371936,-3.6445400442632727
141.33977556228638,-4.571005249479897,-3.646314653575981,-4.616747372386532,-3.64373022136946
141.3906147480011,-4.571005249479897,-3.646314653575981,-4.624089235255319,-3.6428528104429736
141.44106721878052,-4.679345492927359,-3.6552608483798172,-4.631286792378914,-3.6419008211901236
141.4914674758911,-4.679345492927359,-3.6552608483798172,-4.638388638638744,-3.6408691742819115
141.54193091392517,-4.679345492927359,-3.6552608483798172,-4.645410730000066,-3.6397556569500056
141.59299230575562,-4.679345492927359,-3.6552608483798172,-4.6524254521252555,-3.6385470604960215
141.6437475681305,-4.679345492927359,-3.6552608483798172,-4.659307549949858,-3.6372642656314973
141.69483852386475,-4.679345492927359,-3.6552608483798172,-4.666143693144237,-3.6358911671672463
141.74527072906494,-4.679345492927359,-3.6552608483798172,-4.672801415887739,-3.634455450701474
141.79569792747498,-4.679345492927359,-3.6552608483798172,-4.679368533143704,-3.632940273701585
141.84630370140076,-4.679345492927359,-3.6552608483798172,-4.6858682230721715,-3.631339897155401
141.89691066741943,-4.679345492927359,-3.6552608483798172,-4.692276955935354,-3.629659696102098
141.94738721847534,-4.679345492927359,-3.6552608483798172,-4.698578153479945,-3.6279045376881807
141.99789690971375,-4.679345492927359,-3.6552608483798172,-4.704792237770487,-3.626069158051912
142.04839968681335,-4.679345492927359,-3.6552608483798172,-4.710913953890643,-3.624155146987686
142.0992889404297,-4.679345492927359,-3.6552608483798172,-4.716989694933337,-3.6221469044620402
142.15016508102417,-4.773043463481922,-3.6477838950317243,-4.722970473618705,-3.6200595264007394
142.2005910873413,-4.773043463481922,-3.6477838950317243,-4.728805936107767,-3.617912230748013
142.25129961967468,-4.773043463481922,-3.6477838950317243,-4.734581079214976,-3.6156744149192224
142.30362057685852,-4.773043463481922,-3.6477838950317243,-4.74044182675588,-3.613283158704591
142.35415744781494,-4.773043463481922,-3.6477838950317243,-4.746007945441569,-3.6108943115586074
142.40443778038025,-4.773043463481922,-3.6477838950317243,-4.75145313475654,-3.6084406346178413
142.45486211776733,-4.773043463481922,-3.6477838950317243,-4.756820845601927,-3.6059030497102142
142.50540328025818,-4.773043463481922,-3.6477838950317243,-4.76210722483072,-3.603282540207649
142.55581426620483,-4.773043463481922,-3.6477838950317243,-4.7672862400988585,-3.6005921577052318
142.6063301563263,-4.773043463481922,-3.6477838950317243,-4.772381880492405,-3.597819630481569
142.657057762146,-4.773043463481922,-3.6477838950317243,-4.777403801107106,-3.594958595735455
142.70763087272644,-4.773043463481922,-3.6477838950317243,-4.782315357085303,-3.592029799616271
142.75835824012756,-4.773043463481922,-3.6477838950317243,-4.787146305664793,-3.5890155869391007
142.8089792728424,-4.773043463481922,-3.6477838950317243,-4.79187146829072,-3.5859315597342505
142.85955476760864,-4.844953280168206,-3.62442051601548,-4.796496726851248,-3.58277458380039
142.91002678871155,-4.844953280168206,-3.62442051601548,-4.8010169853884355,-3.5795488379262834
142.96042609214783,-4.844953280168206,-3.62442051601548,-4.805435281483911,-3.576252978780876
143.01084446907043,-4.844953280168206,-3.62442051601548,-4.809759600141279,-3.5728813532764643
143.06130838394165,-4.844953280168206,-3.62442051601548,-4.8139918148147025,-3.5694322807160663
143.11250567436218,-4.844953280168206,-3.62442051601548,-4.8181871617612,-3.5658572586778874
143.16550374031067,-4.844953280168206,-3.62442051601548,-4.822425470444134,-3.562076304208415
143.21600246429443,-4.844953280168206,-3.62442051601548,-4.826364687165782,-3.5583980122884293
143.26694250106812,-4.844953280168206,-3.62442051601548,-4.83024002427868,-3.5546130359135577
143.31754684448242,-4.844953280168206,-3.62442051601548,-4.833991860327349,-3.550779121700506
143.3695089817047,-4.844953280168206,-3.62442051601548,-4.837742549016611,-3.546765968991132
143.41993522644043,-4.844953280168206,-3.62442051601548,-4.841283539498107,-3.5427977050896775
143.47030591964722,-4.844953280168206,-3.62442051601548,-4.844723241101104,-3.5387615552948755
143.5206344127655,-4.844953280168206,-3.62442051601548,-4.848062657904716,-3.5346569067570828
143.57105803489685,-4.900070177329634,-3.5857121890577552,-4.851310559074888,-3.530472694876246
143.62203431129456,-4.900070177329634,-3.5857121890577552,-4.854494331237196,-3.526169820564825
143.67233538627625,-4.900070177329634,-3.5857121890577552,-4.857537460268658,-3.521852442186332
143.7226722240448,-4.900070177329634,-3.5857121890577552,-4.86048464981003,-3.5174611519024817
143.77389001846313,-4.900070177329634,-3.5857121890577552,-4.863382504249911,-3.512920532878283
143.82434511184692,-4.900070177329634,-3.5857121890577552,-4.86613749764945,-3.5083763114300783
143.87483596801758,-4.900070177329634,-3.5857121890577552,-4.868795201120898,-3.5037583714013167
143.92523980140686,-4.900070177329634,-3.5857121890577552,-4.8713491290203175,-3.499078311415821
143.97567987442017,-4.900070177329634,-3.5857121890577552,-4.873805505570028,-3.4943250551880607
144.02647066116333,-4.900070177329634,-3.5857121890577552,-4.876178327700071,-3.4894684303763652
144.07693195343018,-4.900070177329634,-3.5857121890577552,-4.878435586953843,-3.4845737025092065
144.12743616104126,-4.900070177329634,-3.5857121890577552,-4.880594629622099,-3.479605609566828
144.17790365219116,-4.900070177329634,-3.5857121890577552,-4.882651870677931,-3.4745722421079117
144.22834038734436,-4.935515656489376,-3.5349948303143757,-4.884607594267189,-3.4694734148785655
144.27906608581543,-4.935515656489376,-3.5349948303143757,-4.88647326747744,-3.4642765544873653
144.32963728904724,-4.935515656489376,-3.5349948303143757,-4.8882320210694905,-3.4590270963632292
144.3800287246704,-4.935515656489376,-3.5349948303143757,-4.889883825257197,-3.453728617329878
144.43037796020508,-4.935515656489376,-3.5349948303143757,-4.891433704496087,-3.448367375665198
144.4810106754303,-4.935515656489376,-3.5349948303143757,-4.892890811516686,-3.442908488822109
144.53150010108948,-4.935515656489376,-3.5349948303143757,-4.8942422971765485,-3.4373979694638352
144.5820701122284,-4.935515656489376,-3.5349948303143757,-4.895494199183354,-3.431811791956018
144.6324450969696,-4.935515656489376,-3.5349948303143757,-4.896639898904999,-3.4261809114695256
144.68307638168335,-4.935515656489376,-3.5349948303143757,-4.897689336735691,-3.4204550446222486
144.733642578125,-4.935515656489376,-3.5349948303143757,-4.898635135857061,-3.4146704493193063
144.7840440273285,-4.935515656489376,-3.5349948303143757,-4.899475995052388,-3.4088392643418164
144.8344156742096,-4.935515656489376,-3.5349948303143757,-4.900214624270581,-3.402946544242435
144.88486194610596,-4.935515656489376,-3.5349948303143757,-4.900852290524571,-3.3969802759862575
144.93759846687317,-4.95419617190058,-3.4648982497190235,-4.901409576571043,-3.390674107019785
144.98799872398376,-4.95419617190058,-3.4648982497190235,-4.901837606131723,-3.3845816639315744
145.0385286808014,-4.95419617190058,-3.4648982497190235,-4.902164019331275,-3.378409440043322
145.0890827178955,-4.95419617190058,-3.4648982497190235,-4.902387545328709,-3.372170341784042
145.13949632644653,-4.95419617190058,-3.4648982497190235,-4.902507695695727,-3.365885190536093
145.18997716903687,-4.95419617190058,-3.4648982497190235,-4.90252507508067,-3.359528534256829
145.24329829216003,-4.95419617190058,-3.4648982497190235,-4.902431453167497,-3.3527459609806645
145.29384541511536,-4.95419617190058,-3.4648982497190235,-4.902236366032696,-3.3462518120042266
145.34424495697021,-4.95419617190058,-3.4648982497190235,-4.901938696943558,-3.3397144930383678
145.3946921825409,-4.95419617190058,-3.4648982497190235,-4.901537495369329,-3.333109165656003
145.4451231956482,-4.95419617190058,-3.4648982497190235,-4.901033071502418,-3.3264444440314964
145.4958679676056,-4.95419617190058,-3.4648982497190235,-4.900421108365508,-3.3196764858175443
145.54631423950195,-4.95419617190058,-3.4648982497190235,-4.899708845593967,-3.31288723185283
145.59672665596008,-4.952858755846921,-3.392752263511624,-4.898893478100728,-3.306041978611853
145.6470558643341,-4.952858755846921,-3.392752263511624,-4.89797607361889,-3.299147948011815
145.69766664505005,-4.952858755846921,-3.392752263511624,-4.896949281394641,-3.2921551309213637
145.7480490207672,-4.952858755846921,-3.392752263511624,-4.895823197196564,-3.285134209045517
145.79841256141663,-4.952858755846921,-3.392752263511624,-4.89459381753908,-3.2780567311987787
145.8489170074463,-4.952858755846921,-3.392752263511624,-4.893256784204664,-3.270900350522206
145.89936518669128,-4.952858755846921,-3.392752263511624,-4.891816976014417,-3.263693175101388
145.94986844062805,-4.952858755846921,-3.392752263511624,-4.890271142266551,-3.256419620085675
146.00079607963562,-4.952858755846921,-3.392752263511624,-4.888606411645869,-3.249025987129352
146.0524344444275,-4.952858755846921,-3.392752263511624,-4.88680978675572,-3.241469060609318
146.10287952423096,-4.952858755846921,-3.392752263511624,-4.88494895719144,-3.234028647595978
146.15412950515747,-4.952858755846921,-3.392752263511624,-4.882951367211897,-3.2264110329341467
146.20469665527344,-4.952858755846921,-3.392752263511624,-4.8808745579768535,-3.2188374699239244
146.25518822669983,-4.952858755846921,-3.392752263511624,-4.878695902132773,-3.2112186267304432
146.3055715560913,-4.931646587522044,-3.3007374642879657,-4.876417323008241,-3.203560067844698
146.35594725608826,-4.931646587522044,-3.3007374642879657,-4.874034575125034,-3.195847020161257
146.4065318107605,-4.931646587522044,-3.3007374642879657,-4.871536738032312,-3.1880463345057866
146.45870923995972,-4.931646587522044,-3.3007374642879657,-4.868849731094205,-3.1799419254653642
146.5092511177063,-4.931646587522044,-3.3007374642879657,-4.866139894939295,-3.172035658943608
146.559588432312,-4.931646587522044,-3.3007374642879657,-4.863336267587556,-3.1641070537911204
146.6099669933319,-4.931646587522044,-3.3007374642879657,-4.860425624697458,-3.1561179898460177
146.66087412834167,-4.931646587522044,-3.3007374642879657,-4.85737798622074,-3.147990607690669
146.71134901046753,-4.931646587522044,-3.3007374642879657,-4.8542505333095365,-3.1398784889120903
146.76177310943604,-4.931646587522044,-3.3007374642879657,-4.851021108674226,-3.13172143359557
146.81215238571167,-4.931646587522044,-3.3007374642879657,-4.8476895964269895,-3.123518965921488
146.86251378059387,-4.931646587522044,-3.3007374642879657,-4.844254380515846,-3.1152671356647397
146.91294503211975,-4.931646587522044,-3.3007374642879657,-4.840709285918149,-3.106951825388695
146.96345496177673,-4.891778213624361,-3.202893063817284,-4.8370532023906865,-3.0985716924620332
147.01408410072327,-4.891778213624361,-3.202893063817284,-4.833282552796406,-3.0901200523634413
147.06453704833984,-4.891778213624361,-3.202893063817284,-4.829419495783346,-3.081646648980872
147.11492276191711,-4.891778213624361,-3.202893063817284,-4.825456434106487,-3.0731338974197118
147.16550946235657,-4.891778213624361,-3.202893063817284,-4.821371836719434,-3.064536626287927
147.21634078025818,-4.891778213624361,-3.202893063817284,-4.817160767870281,-3.0558471028250924
147.26829767227173,-4.891778213624361,-3.202893063817284,-4.812745884673193,-3.04691303248201
147.3194601535797,-4.891778213624361,-3.202893063817284,-4.8082892690224295,-3.038064429313428
147.3698627948761,-4.891778213624361,-3.202893063817284,-4.803792845265727,-3.0292979832277034
147.4202687740326,-4.891778213624361,-3.202893063817284,-4.79919090870662,-3.0204824133029016
147.47086834907532,-4.891778213624361,-3.202893063817284,-4.794465472485754,-3.011584512922073
147.52137279510498,-4.891778213624361,-3.202893063817284,-4.789643194599879,-3.0026552662072747
147.57249999046326,-4.891778213624361,-3.202893063817284,-4.784653873317813,-2.9935673575884953
147.62290358543396,-4.891778213624361,-3.202893063817284,-4.779629220076283,-2.9845606026666793
147.67333912849426,-4.833371825626667,-3.095428342126098,-4.7744961025177055,-2.975501321198007
147.72376251220703,-4.833371825626667,-3.095428342126098,-4.769258961354645,-2.966397763284599
147.77432537078857,-4.833371825626667,-3.095428342126098,-4.763901664617309,-2.9572227340932695
147.8247365951538,-4.833371825626667,-3.095428342126098,-4.758455113173841,-2.948029431699643
147.8751847743988,-4.833371825626667,-3.095428342126098,-4.752899312125048,-2.9387839781199117
147.92579698562622,-4.833371825626667,-3.095428342126098,-4.747219661005188,-2.9294631735845167
147.976215839386,-4.833371825626667,-3.095428342126098,-4.74145638425097,-2.9201332349218867
148.0266330242157,-4.833371825626667,-3.095428342126098,-4.7355882102759095,-2.9107593101129234
148.07703757286072,-4.833371825626667,-3.095428342126098,-4.72961649208251,-2.901343817496265
148.12742567062378,-4.833371825626667,-3.095428342126098,-4.723541806854337,-2.8918878685050426
148.17782020568848,-4.833371825626667,-3.095428342126098,-4.717361463451455,-2.882387542414652
148.2282464504242,-4.833371825626667,-3.095428342126098,-4.711072282955875,-2.872838388582112
148.27872681617737,-4.833371825626667,-3.095428342126098,-4.704671244430881,-2.863236417902372
148.33051824569702,-4.833371825626667,-3.095428342126098,-4.6979947099927735,-2.853341185858875
148.38608169555664,-4.746925716652923,-2.967522313409835,-4.690708943371984,-2.842676304228029
148.4365794658661,-4.746925716652923,-2.967522313409835,-4.683977054531058,-2.8329401649146844
148.48702478408813,-4.746925716652923,-2.967522313409835,-4.67714728730707,-2.8231730965179276
148.5375475883484,-4.746925716652923,-2.967522313409835,-4.670202027166917,-2.8133502791112863
148.58798503875732,-4.746925716652923,-2.967522313409835,-4.663163742186983,-2.803503750821733
148.63863682746887,-4.746925716652923,-2.967522313409835,-4.655990270920572,-2.793575222112728
148.689049243927,-4.746925716652923,-2.967522313409835,-4.648746010928363,-2.7836540274081227
148.73949909210205,-4.746925716652923,-2.967522313409835,-4.6413918803586025,-2.7736862998803202
148.79149961471558,-4.746925716652923,-2.967522313409835,-4.633702379689448,-2.7633715812336495
148.84193634986877,-4.746925716652923,-2.967522313409835,-4.6261381696998285,-2.753328046112203
148.89244198799133,-4.746925716652923,-2.967522313409835,-4.618459152390961,-2.743232677447539
148.94377899169922,-4.746925716652923,-2.967522313409835,-4.610546670676882,-2.7329324300084785
148.9943528175354,-4.746925716652923,-2.967522313409835,-4.602646356724165,-2.7227475364619576
149.04500079154968,-4.746925716652923,-2.967522313409835,-4.594629642908698,-2.7125105204232396
149.0954394340515,-4.647324278713569,-2.8410016237481943,-4.586541903241076,-2.7022792036297845
149.14583039283752,-4.647324278713569,-2.8410016237481943,-4.578358100170973,-2.6920214504979425
149.19643759727478,-4.647324278713569,-2.8410016237481943,-4.5700349390510375,-2.6816837305270003
149.24714136123657,-4.647324278713569,-2.8410016237481943,-4.561591229812982,-2.671290539036556
149.29763460159302,-4.647324278713569,-2.8410016237481943,-4.553078559183089,-2.6609053209994755
149.34807300567627,-4.647324278713569,-2.8410016237481943,-4.544471596666734,-2.6504967101322903
149.39853072166443,-4.647324278713569,-2.8410016237481943,-4.5357578989749765,-2.6400498192541444
149.44896030426025,-4.647324278713569,-2.8410016237481943,-4.526945789402351,-2.629574858228037
149.49969863891602,-4.647324278713569,-2.8410016237481943,-4.517975643078614,-2.6190019498157286
149.55009412765503,-4.647324278713569,-2.8410016237481943,-4.508962870542685,-2.608467288573646
149.6006782054901,-4.647324278713569,-2.8410016237481943,-4.499813014791299,-2.597860317371673
149.65109539031982,-4.647324278713569,-2.8410016237481943,-4.490590423676861,-2.587255936000052
149.70150899887085,-4.647324278713569,-2.8410016237481943,-4.48126585976337,-2.5766203375818706
149.751939535141,-4.647324278713569,-2.8410016237481943,-4.471835608021134,-2.565949563643287
149.8024513721466,-4.520263962743685,-2.6987882101685954,-4.462287452373579,-2.5552302823721122
149.85306906700134,-4.520263962743685,-2.6987882101685954,-4.452616303905333,-2.544457492157628
149.90546226501465,-4.520263962743685,-2.6987882101685954,-4.4424974808278375,-2.533274506839954
149.95588564872742,-4.520263962743685,-2.6987882101685954,-4.43265505723606,-2.52248131280555
150.00632190704346,-4.520263962743685,-2.6987882101685954,-4.4227081721797905,-2.5116556728105066
150.0567753314972,-4.520263962743685,-2.6987882101685954,-4.4126560221673214,-2.500797021674197
150.10774087905884,-4.520263962743685,-2.6987882101685954,-4.402398524312092,-2.4897987611498658
150.15816283226013,-4.520263962743685,-2.6987882101685954,-4.392148391612093,-2.4788891261561465
150.20850658416748,-4.520263962743685,-2.6987882101685954,-4.381813040468844,-2.4679683335463745
150.25890946388245,-4.520263962743685,-2.6987882101685954,-4.371364479108513,-2.457006991595965
150.3093101978302,-4.520263962743685,-2.6987882101685954,-4.360815384602246,-2.4460187614945217
150.3598132133484,-4.520263962743685,-2.6987882101685954,-4.350143748317621,-2.4349811792856766
150.4102442264557,-4.520263962743685,-2.6987882101685954,-4.339386458753446,-2.4239326953794187
150.4607572555542,-4.386125160783409,-2.564199830053305,-4.3285107876271525,-2.412839944950221
150.51120805740356,-4.386125160783409,-2.564199830053305,-4.317547889179074,-2.401734973938725
150.56164145469666,-4.386125160783409,-2.564199830053305,-4.306488421371903,-2.3906083625674066
150.61247062683105,-4.386125160783409,-2.564199830053305,-4.295240810994093,-2.379369058441516
150.66294527053833,-4.386125160783409,-2.564199830053305,-4.283971129879964,-2.3681833253953575
150.71331334114075,-4.386125160783409,-2.564199830053305,-4.2726255583113035,-2.35699693899549
150.76554155349731,-4.386125160783409,-2.564199830053305,-4.260756000341145,-2.345372234166425
150.81611704826355,-4.386125160783409,-2.564199830053305,-4.249160356027698,-2.3340913359141795
150.86653232574463,-4.386125160783409,-2.564199830053305,-4.237502043966681,-2.3228230167688104
150.91806197166443,-4.386125160783409,-2.564199830053305,-4.225483665463226,-2.3112821338664125
150.96878671646118,-4.386125160783409,-2.564199830053305,-4.2135521207542315,-2.2998987239727926
151.02151584625244,-4.386125160783409,-2.564199830053305,-4.201043190157301,-2.288041947269694
151.0720248222351,-4.386125160783409,-2.564199830053305,-4.1889598991588555,-2.2766622881824983
151.12243938446045,-4.386125160783409,-2.564199830053305,-4.176800788226874,-2.2652827183729674
151.1728856563568,-4.225894126362477,-2.4162156159283943,-4.164535812650289,-2.2538751953646115
151.22353148460388,-4.225894126362477,-2.4162156159283943,-4.152123681981314,-2.242402009820619
151.2741289138794,-4.225894126362477,-2.4162156159283943,-4.139624919913284,-2.230919631096807
151.32453393936157,-4.225894126362477,-2.4162156159283943,-4.127075999682091,-2.2194612703978214
151.37506198883057,-4.225894126362477,-2.4162156159283943,-4.114398794818577,-2.2079556514564618
151.42545771598816,-4.225894126362477,-2.4162156159283943,-4.101657600154503,-2.1964613103394326
151.47600317001343,-4.225894126362477,-2.4162156159283943,-4.088781263087819,-2.184914295057701
151.52641367912292,-4.225894126362477,-2.4162156159283943,-4.0758424685216275,-2.173380016958391
151.57709741592407,-4.225894126362477,-2.4162156159283943,-4.062736264800108,-2.1617653988134142
151.62751030921936,-4.225894126362477,-2.4162156159283943,-4.04960354892687,-2.1501955056121425
151.67797374725342,-4.225894126362477,-2.4162156159283943,-4.036361446690752,-2.138597078735067
151.72850394248962,-4.225894126362477,-2.4162156159283943,-4.023005586817354,-2.1269667205962333
151.7794144153595,-4.225894126362477,-2.4162156159283943,-4.0094520453198985,-2.1152324421612967
151.83137488365173,-4.225894126362477,-2.4162156159283943,-3.995518637165425,-2.10323959602668
151.88176131248474,-4.0342650822804025,-2.2531279124054664,-3.9819107467900867,-2.0915944732135574
151.93227100372314,-4.0342650822804025,-2.2531279124054664,-3.968174366212687,-2.0799058600130715
151.98297119140625,-4.0342650822804025,-2.2531279124054664,-3.954290555023183,-2.0681584474010215
152.0333878993988,-4.0342650822804025,-2.2531279124054664,-3.940389604032849,-2.0564624850079154
152.0837972164154,-4.0342650822804025,-2.2531279124054664,-3.9263964444458446,-2.0447544328908718
152.13459253311157,-4.0342650822804025,-2.2531279124054664,-3.9122010508906184,-2.0329431565210054
152.18508458137512,-4.0342650822804025,-2.2531279124054664,-3.8979960579675743,-2.0211892843087265
152.23551559448242,-4.0342650822804025,-2.2531279124054664,-3.883714580936326,-2.0094369555119718
152.2860233783722,-4.0342650822804025,-2.2531279124054664,-3.869317796656725,-1.9976544361293433
152.33633279800415,-4.0342650822804025,-2.2531279124054664,-3.8548847140027935,-1.9859063376444352
152.38674807548523,-4.0342650822804025,-2.2531279124054664,-3.840328561189029,-1.974122035219835
152.43720960617065,-4.0342650822804025,-2.2531279124054664,-3.8256663799841952,-1.962315793163044
152.4879777431488,-4.0342650822804025,-2.2531279124054664,-3.810821805482997,-1.9504269696018495
152.5384075641632,-4.0342650822804025,-2.2531279124054664,-3.795983758413067,-1.9386069875740382
152.58878350257874,-3.8290099837005274,-2.091856500350091,-3.7810698852613718,-1.9267896845553347
152.63917541503906,-3.8290099837005274,-2.091856500350091,-3.7660598695656673,-1.9149590667531944
152.68949389457703,-3.8290099837005274,-2.091856500350091,-3.7509807617419426,-1.9031365215603406
152.73980832099915,-3.8290099837005274,-2.091856500350091,-3.7358122454810525,-1.8913061490568626
152.79033041000366,-3.8290099837005274,-2.091856500350091,-3.7204902122053087,-1.8794184977705855
152.84101247787476,-3.8290099837005274,-2.091856500350091,-3.7050284031142384,-1.867485080657232
152.8920030593872,-3.8290099837005274,-2.091856500350091,-3.689380516080776,-1.8554712024430013
152.94297790527344,-3.8290099837005274,-2.091856500350091,-3.6736455479927432,-1.84345358493855
152.99368453025818,-3.8290099837005274,-2.091856500350091,-3.6579024876998583,-1.8314922046056612
153.0443193912506,-3.8290099837005274,-2.091856500350091,-3.6420915386319885,-1.819541175096713
153.09498620033264,-3.8290099837005274,-2.091856500350091,-3.6261807097152894,-1.8075764109280883
153.14541029930115,-3.8290099837005274,-2.091856500350091,-3.6102570985874545,-1.7956631916538086
153.1957643032074,-3.8290099837005274,-2.091856500350091,-3.5942673091110136,-1.7837611675083715
153.24615836143494,-3.8290099837005274,-2.091856500350091,-3.5781767320804523,-1.7718446854288743
153.29644989967346,-3.6120651390495984,-1.9326830935921426,-3.562031345140155,-1.7599478447305776
153.34689950942993,-3.6120651390495984,-1.9326830935921426,-3.5457476381885367,-1.748009370169591
153.3972611427307,-3.6120651390495984,-1.9326830935921426,-3.52940514224156,-1.7360878544285874
153.44757890701294,-3.6120651390495984,-1.9326830935921426,-3.5129901843642815,-1.7241732467611433
153.49827122688293,-3.6120651390495984,-1.9326830935921426,-3.496365710836285,-1.7121668144936022
153.54924988746643,-3.6120651390495984,-1.9326830935921426,-3.4795592497010457,-1.7000897747766879
153.60064363479614,-3.6120651390495984,-1.9326830935921426,-3.462526852386964,-1.6879119625243473
153.65102767944336,-3.6120651390495984,-1.9326830935921426,-3.4457425604377363,-1.6759714072783842
153.7013967037201,-3.6120651390495984,-1.9326830935921426,-3.428877960616535,-1.664032814947519
153.7517008781433,-3.6120651390495984,-1.9326830935921426,-3.411950250980255,-1.6521083719159737
153.8020703792572,-3.6120651390495984,-1.9326830935921426,-3.3949159388970553,-1.640167592034052
153.85254096984863,-3.6120651390495984,-1.9326830935921426,-3.3777628276261726,-1.6282023658909934
153.90339016914368,-3.6120651390495984,-1.9326830935921426,-3.36039571364058,-1.6161472724733392
153.95385432243347,-3.6120651390495984,-1.9326830935921426,-3.343075757749344,-1.6041837305630633
154.0042221546173,-3.3615734009706983,-1.760276419199155,-3.3257053950894604,-1.5922436600168042
154.05455350875854,-3.3615734009706983,-1.760276419199155,-3.308264642599092,-1.5803132411690282
154.10573029518127,-3.3615734009706983,-1.760276419199155,-3.290446227718787,-1.5681838320171964
154.15638327598572,-3.3615734009706983,-1.760276419199155,-3.2727264227704707,-1.5561803457516359
154.20751857757568,-3.3615734009706983,-1.760276419199155,-3.2547537048690214,-1.5440647351274641
154.25801372528076,-3.3615734009706983,-1.760276419199155,-3.236923323789603,-1.5321033147280767
154.30853986740112,-3.3615734009706983,-1.760276419199155,-3.219000123496202,-1.5201374267682721
154.3594024181366,-3.3615734009706983,-1.760276419199155,-3.200875214764756,-1.5080951462475833
154.40984749794006,-3.3615734009706983,-1.760276419199155,-3.1828177845505294,-1.4961553241447405
154.46031785011292,-3.3615734009706983,-1.760276419199155,-3.1646706400305233,-1.484213492907673
154.5107297897339,-3.3615734009706983,-1.760276419199155,-3.146464296729242,-1.4722898143503185
154.56140112876892,-3.3615734009706983,-1.760276419199155,-3.1280838475093833,-1.460309511401187
154.6118106842041,-3.3615734009706983,-1.760276419199155,-3.109718702870955,-1.4483961724957761
154.66221404075623,-3.3615734009706983,-1.760276419199155,-3.0912767359006117,-1.4364897175735425
154.71348905563354,-3.099018360602148,-1.5914056581123905,-3.072435066562994,-1.4243832896406128
154.76396346092224,-3.099018360602148,-1.5914056581123905,-3.0538083863619088,-1.4124721033294592
154.81432557106018,-3.099018360602148,-1.5914056581123905,-3.035145187135731,-1.4005939210067737
154.86462831497192,-3.099018360602148,-1.5914056581123905,-3.0164266119403527,-1.388736583737726
154.91514992713928,-3.099018360602148,-1.5914056581123905,-2.9975491196448774,-1.3768348981646907
154.965589761734,-3.099018360602148,-1.5914056581123905,-2.978625097405484,-1.3649600774103683
155.01598525047302,-3.099018360602148,-1.5914056581123905,-2.9596411577524737,-1.3531036379319268
155.06638383865356,-3.099018360602148,-1.5914056581123905,-2.9405798908881473,-1.3412547637402676
155.1169409751892,-3.099018360602148,-1.5914056581123905,-2.921382510566587,-1.3293773055023343
155.16733050346375,-3.099018360602148,-1.5914056581123905,-2.9021732580030317,-1.3175482405306482
155.21788239479065,-3.099018360602148,-1.5914056581123905,-2.8828267322379633,-1.3056904617176557
155.2682454586029,-3.099018360602148,-1.5914056581123905,-2.8634777726061773,-1.2938866923760286
155.31863498687744,-3.099018360602148,-1.5914056581123905,-2.844044406221455,-1.282086778722539
155.3691909313202,-3.099018360602148,-1.5914056581123905,-2.8244726151219046,-1.2702583584468812
155.4203326702118,-2.817039985935424,-1.4212470895546272,-2.8045987748817054,-1.258303906065586
155.470721244812,-2.817039985935424,-1.4212470895546272,-2.784943967398046,-1.2465367049063696
155.52113890647888,-2.817039985935424,-1.4212470895546272,-2.765205036887039,-1.234774185935317
155.57246255874634,-2.817039985935424,-1.4212470895546272,-2.745037033631413,-1.2228124467460302
155.62650775909424,-2.817039985935424,-1.4212470895546272,-2.723718923936575,-1.2102300597904263
155.677090883255,-2.817039985935424,-1.4212470895546272,-2.703691894032879,-1.1984667433862473
155.72819113731384,-2.817039985935424,-1.4212470895546272,-2.6833873589377433,-1.1865963482483264
155.7786192893982,-2.817039985935424,-1.4212470895546272,-2.6632785889600084,-1.1748954171170083
155.8294334411621,-2.817039985935424,-1.4212470895546272,-2.642944668523046,-1.1631186730266505
155.87982034683228,-2.817039985935424,-1.4212470895546272,-2.6227115181514185,-1.151454922052345
155.9302270412445,-2.817039985935424,-1.4212470895546272,-2.602400882675993,-1.1398008553754952
155.98064589500427,-2.817039985935424,-1.4212470895546272,-2.582016175029562,-1.1281585905785676
156.03105998039246,-2.817039985935424,-1.4212470895546272,-2.5615646308579723,-1.1165323788318031
156.08252000808716,-2.817039985935424,-1.4212470895546272,-2.5406182866108846,-1.104680728725052
156.13296365737915,-2.5209965357003647,-1.252871451512429,-2.5200169491419686,-1.0930789658781297
156.18335509300232,-2.5209965357003647,-1.252871451512429,-2.4993694409166896,-1.0815051755594205
156.23378038406372,-2.5209965357003647,-1.252871451512429,-2.4786409471072997,-1.0699399160413137
156.28436875343323,-2.5209965357003647,-1.252871451512429,-2.4577783728612017,-1.058353981309641
156.33480763435364,-2.5209965357003647,-1.252871451512429,-2.43691101292849,-1.0468192975682984
156.38517117500305,-2.5209965357003647,-1.252871451512429,-2.4160090545385815,-1.035319126332442
156.43551588058472,-2.5209965357003647,-1.252871451512429,-2.3950496515442232,-1.0238408463763928
156.48722457885742,-2.5209965357003647,-1.252871451512429,-2.373454912000152,-1.0120702379080735
156.53770446777344,-2.5209965357003647,-1.252871451512429,-2.3523078211691613,-1.0005979176532382
156.58815932273865,-2.5209965357003647,-1.252871451512429,-2.3311069553104815,-0.9891499516303495
156.63850712776184,-2.5209965357003647,-1.252871451512429,-2.3098874575860147,-0.9777452016995416
156.68889236450195,-2.5209965357003647,-1.252871451512429,-2.2885889967800774,-0.9663512254835958
156.73927974700928,-2.5209965357003647,-1.252871451512429,-2.267226845827793,-0.9549763487739331
156.7897298336029,-2.2317013832831063,-1.0973508754066454,-2.2457756437114686,-0.9436072617828608
156.84013438224792,-2.2317013832831063,-1.0973508754066454,-2.2242818186050144,-0.9322686893773624
156.89062118530273,-2.2317013832831063,-1.0973508754066454,-2.202691247533574,-0.9209322283335086
156.9410343170166,-2.2317013832831063,-1.0973508754066454,-2.1810710358910743,-0.909633215976168
156.9914128780365,-2.2317013832831063,-1.0973508754066454,-2.159405052448079,-0.8983631396824423
157.0418827533722,-2.2317013832831063,-1.0973508754066454,-2.1376394995779497,-0.8870941915937451
157.09250736236572,-2.2317013832831063,-1.0973508754066454,-2.115747033760706,-0.8758126880235575
157.14396023750305,-2.2317013832831063,-1.0973508754066454,-2.093435089363869,-0.8643695074261859
157.19444799423218,-2.2317013832831063,-1.0973508754066454,-2.0714820478732987,-0.8531637300613322
157.24493932724,-2.2317013832831063,-1.0973508754066454,-2.049468854233379,-0.8419800215324909
157.29540991783142,-2.2317013832831063,-1.0973508754066454,-2.0274065935883927,-0.8308240691863187
157.34588384628296,-2.2317013832831063,-1.0973508754066454,-2.0052852241184143,-0.8196908495455153
157.39639115333557,-2.2317013832831063,-1.0973508754066454,-1.983091973355903,-0.8085740723113095
157.4473216533661,-2.2317013832831063,-1.0973508754066454,-1.9606552411300722,-0.7973885761160755
157.4977376461029,-1.9220186223331552,-0.9401460898806082,-1.9383887346103958,-0.7863405448379432
157.54814338684082,-1.9220186223331552,-0.9401460898806082,-1.9160710867452095,-0.7753194019240213
157.59860968589783,-1.9220186223331552,-0.9401460898806082,-1.8936713237374385,-0.7643100060012924
157.64954447746277,-1.9220186223331552,-0.9401460898806082,-1.8710079806019912,-0.7532240675409323
157.7002830505371,-1.9220186223331552,-0.9401460898806082,-1.8483768466259398,-0.7422067739254441
157.7506639957428,-1.9220186223331552,-0.9401460898806082,-1.8258512843090176,-0.7312930520655394
157.80101871490479,-1.9220186223331552,-0.9401460898806082,-1.8032842046516562,-0.7204111149781331
157.85152649879456,-1.9220186223331552,-0.9401460898806082,-1.7805955244736196,-0.7095226135497557
157.90225481987,-1.9220186223331552,-0.9401460898806082,-1.757754821060975,-0.6986135964468416
157.95301747322083,-1.9220186223331552,-0.9401460898806082,-1.7348460149954694,-0.6877246105940968
158.00366806983948,-1.9220186223331552,-0.9401460898806082,-1.7119357721916113,-0.676887292748495
158.0544581413269,-1.9220186223331552,-0.9401460898806082,-1.688910761781227,-0.6660481448145434
158.10488367080688,-1.6382454096570669,-0.8041125693045684,-1.666000295901638,-0.6553148364984591
158.1552813053131,-1.6382454096570669,-0.8041125693045684,-1.6430524910992304,-0.6446156737706219
158.2060194015503,-1.6382454096570669,-0.8041125693045684,-1.6198996398482601,-0.6338730104868038
158.25638914108276,-1.6382454096570669,-0.8041125693045684,-1.5968657140251246,-0.6232371869310769
158.30703830718994,-1.6382454096570669,-0.8041125693045684,-1.5736551011621969,-0.6125716318259808
158.35743975639343,-1.6382454096570669,-0.8041125693045684,-1.5505098100984345,-0.601987661499308
158.40778350830078,-1.6382454096570669,-0.8041125693045684,-1.5273435017776664,-0.5914453878636285
158.45818066596985,-1.6382454096570669,-0.8041125693045684,-1.5041055418309677,-0.5809218217939023
158.5086019039154,-1.6382454096570669,-0.8041125693045684,-1.4808098305952844,-0.5704234350360204
158.558997631073,-1.6382454096570669,-0.8041125693045684,-1.4574797705452531,-0.5599608296176397
158.60947155952454,-1.6382454096570669,-0.8041125693045684,-1.4340677680606375,-0.5495127988473469
158.65981531143188,-1.6382454096570669,-0.8041125693045684,-1.4106710389717987,-0.539122703703109
158.71026420593262,-1.6382454096570669,-0.8041125693045684,-1.387180747764512,-0.5287422289704784
158.76066422462463,-1.3483079854185283,-0.671677506211956,-1.3636690283486863,-0.5184033902890297
158.81124997138977,-1.3483079854185283,-0.671677506211956,-1.3400267557345358,-0.508058463222345
158.86167740821838,-1.3483079854185283,-0.671677506211956,-1.3164151855644497,-0.49777810064440153
158.9120740890503,-1.3483079854185283,-0.671677506211956,-1.2927753349312614,-0.48753638590528325
158.96246576309204,-1.3483079854185283,-0.671677506211956,-1.2690956695771292,-0.4773283177570513
159.01287531852722,-1.3483079854185283,-0.671677506211956,-1.245365917981162,-0.46714953676658943
159.06360292434692,-1.3483079854185283,-0.671677506211956,-1.2214448685478287,-0.45694002823786306
159.11420369148254,-1.3483079854185283,-0.671677506211956,-1.1975425864093876,-0.4467897855029239
159.1648552417755,-1.3483079854185283,-0.671677506211956,-1.1735757719707158,-0.43666336638611947
159.21530556678772,-1.3483079854185283,-0.671677506211956,-1.149664357190781,-0.4266112622871776
159.26590394973755,-1.3483079854185283,-0.671677506211956,-1.1256433699297763,-0.41656408497505737
159.31639552116394,-1.3483079854185283,-0.671677506211956,-1.1016342691178784,-0.40657274247526454
159.36672401428223,-1.3483079854185283,-0.671677506211956,-1.0776646293995538,-0.3966483456812715
159.41708636283875,-1.3483079854185283,-0.671677506211956,-1.0536413136138565,-0.38675217912196924
159.46756076812744,-0.9966608613094018,-0.5204734800790599,-1.0295273672564118,-0.3768692793421504
159.51804304122925,-0.9966608613094018,-0.5204734800790599,-1.0053729475463973,-0.367020422609329
159.56853008270264,-0.9966608613094018,-0.5204734800790599,-0.9811800392974617,-0.35720647590162624
159.6191062927246,-0.9966608613094018,-0.5204734800790599,-0.9569086160976314,-0.3474113813203723
159.6694893836975,-0.9966608613094018,-0.5204734800790599,-0.9326947741394748,-0.33768994328576163
159.7198965549469,-0.9966608613094018,-0.5204734800790599,-0.9084348220470391,-0.3280003139462786
159.77039766311646,-0.9966608613094018,-0.5204734800790599,-0.8840955371515624,-0.3183294353067816
159.82086730003357,-0.9966608613094018,-0.5204734800790599,-0.8597378179472079,-0.30870163189012123
159.8712658882141,-0.9966608613094018,-0.5204734800790599,-0.8353813881119787,-0.2991245794045594
159.9219057559967,-0.9966608613094018,-0.5204734800790599,-0.8108756647376764,-0.2895393546962288
159.9723858833313,-0.9966608613094018,-0.5204734800790599,-0.7864151562868036,-0.28002219121340577
160.02299642562866,-0.9966608613094018,-0.5204734800790599,-0.761859821952354,-0.27051858790027783
160.07351183891296,-0.9966608613094018,-0.5204734800790599,-0.7373195864615466,-0.2610711706411797
160.12393498420715,-0.9966608613094018,-0.5204734800790599,-0.7127937593227804,-0.2516794222680754
160.17429852485657,-0.6646913615163581,-0.3872422330290358,-0.6882671158299235,-0.2423373138380569
160.22473788261414,-0.6646913615163581,-0.3872422330290358,-0.6636742192735413,-0.23301997104257843
160.2754728794098,-0.6646913615163581,-0.3872422330290358,-0.6389080996783321,-0.2236874453429638
160.32585167884827,-0.6646913615163581,-0.3872422330290358,-0.614287531825453,-0.21445979378508717
160.37640643119812,-0.6646913615163581,-0.3872422330290358,-0.5895531344153293,-0.20523955705893293
160.42757940292358,-0.6646913615163581,-0.3872422330290358,-0.5644884118166946,-0.1959472393932704
160.47799062728882,-0.6646913615163581,-0.3872422330290358,-0.5397699326799147,-0.18683347489853874
160.5283989906311,-0.6646913615163581,-0.3872422330290358,-0.5150267316982617,-0.1777603706269919
160.5789122581482,-0.6646913615163581,-0.3872422330290358,-0.49020636756692326,-0.16870886757515047
160.63050055503845,-0.6646913615163581,-0.3872422330290358,-0.46483180840468874,-0.15950678046783207
160.6810233592987,-0.6646913615163581,-0.3872422330290358,-0.439956446228577,-0.15053615440586743
160.73148679733276,-0.6646913615163581,-0.3872422330290358,-0.4150862753056812,-0.14161718064267292
160.78200507164001,-0.6646913615163581,-0.3872422330290358,-0.39016555537143516,-0.1327298787358897
160.83239459991455,-0.6646913615163581,-0.3872422330290358,-0.365285437468878,-0.1239066610338595
160.88298916816711,-0.30563819685439797,-0.25223224200606664,-0.3402816027342799,-0.1150893819646508
160.93340277671814,-0.30563819685439797,-0.25223224200606664,-0.31534533672726284,-0.10634554447308231
160.98397207260132,-0.30563819685439797,-0.25223224200606664,-0.29031068246239533,-0.0976169310464372
161.03666305541992,-0.30563819685439797,-0.25223224200606664,-0.2642034819101595,-0.08856730745175145
161.08713722229004,-0.30563819685439797,-0.25223224200606664,-0.23917398929002043,-0.07994189171639121
161.1375036239624,-0.30563819685439797,-0.25223224200606664,-0.21417832019714678,-0.0713774922871182
161.18793034553528,-0.30563819685439797,-0.25223224200606664,-0.1891336284552152,-0.06284566176914552
161.23834681510925,-0.30563819685439797,-0.25223224200606664,-0.16407547899644648,-0.05435859673788768
161.28876423835754,-0.30563819685439797,-0.25223224200606664,-0.1389988517670011,-0.045914589762309
161.33941888809204,-0.30563819685439797,-0.25223224200606664,-0.1137866512225858,-0.03747456683725048
161.38986372947693,-0.30563819685439797,-0.25223224200606664,-0.08866191281229341,-0.029113236088706973
161.44026684761047,-0.30563819685439797,-0.25223224200606664,-0.06354159330205111,-0.02080259606493673
161.4907364845276,-0.30563819685439797,-0.25223224200606664,-0.038372281947427034,-0.01252501580293508
161.54133415222168,-0.30563819685439797,-0.25223224200606664,-0.013123762420687246,-0.004270844752558567
161.59196209907532,0.06942475664381195,-0.12220595020375352,0.012154704658886795,0.003943579879224668
161.6423785686493,0.06942475664381195,-0.12220595020375352,0.037341779822537835,0.01207909335546642
161.69282412528992,0.06942475664381195,-0.12220595020375352,0.06255701667798141,0.02017457957909352
161.74326610565186,0.06942475664381195,-0.12220595020375352,0.08778354819324363,0.028224587873787232
161.7955141067505,0.06942475664381195,-0.12220595020375352,0.11392649312847425,0.03651529058623515
161.8460774421692,0.06942475664381195,-0.12220595020375352,0.13923871755795814,0.04449244429921162
161.89652800559998,0.06942475664381195,-0.12220595020375352,0.16450591037783635,0.05240631748595925
161.94731831550598,0.06942475664381195,-0.12220595020375352,0.18995422363007908,0.060327416503687115
161.99771571159363,0.06942475664381195,-0.12220595020375352,0.2152159875495443,0.068141383675691
162.0481674671173,0.06942475664381195,-0.12220595020375352,0.24051473975247428,0.07591786475020168
162.09855270385742,0.06942475664381195,-0.12220595020375352,0.2657893099807891,0.08363808276170337
162.14888334274292,0.06942475664381195,-0.12220595020375352,0.2910450930565025,0.09130387059719158
162.19932198524475,0.06942475664381195,-0.12220595020375352,0.316363141823937,0.09893976243671743
162.24982142448425,0.06942475664381195,-0.12220595020375352,0.34171924469189086,0.10653822202632401
162.30052256584167,0.44479776291584944,-0.002132230201393621,0.3671836482824897,0.11411993034600565
162.35105347633362,0.44479776291584944,-0.002132230201393621,0.39256899679562207,0.12162907165272818
162.40146923065186,0.44479776291584944,-0.002132230201393621,0.4179023457260146,0.12907407755514422
162.4520366191864,0.44479776291584944,-0.002132230201393621,0.44331720081395143,0.1364941446691894
162.5024139881134,0.44479776291584944,-0.002132230201393621,0.4686412856659209,0.1438390466514976
162.55293607711792,0.44479776291584944,-0.002132230201393621,0.49404230407385274,0.15115750576498632
162.60376000404358,0.44479776291584944,-0.002132230201393621,0.5195987393982309,0.1584715040193716
162.65417218208313,0.44479776291584944,-0.002132230201393621,0.5449511962061232,0.16567836373572176
162.7045018672943,0.44479776291584944,-0.002132230201393621,0.5702646558132807,0.17282571830776794
162.7549123764038,0.44479776291584944,-0.002132230201393621,0.595620701384522,0.17993662539500477
162.8052430152893,0.44479776291584944,-0.002132230201393621,0.6209379488094792,0.18698828084663432
162.8555564880371,0.44479776291584944,-0.002132230201393621,0.6462473795295252,0.19398947542594813
162.9058713912964,0.44479776291584944,-0.002132230201393621,0.6715577921956776,0.20094268818951821
162.95635533332825,0.44479776291584944,-0.002132230201393621,0.6969529424720199,0.2078707062953815
163.00684881210327,0.8077669492654381,0.10440238878928171,0.7223520324800011,0.21475125449616161
163.05724668502808,0.8077669492654381,0.10440238878928171,0.7477016155687697,0.22157000358956358
163.10804963111877,0.8077669492654381,0.10440238878928171,0.7732529468468264,0.228394118117194
163.15870261192322,0.8077669492654381,0.10440238878928171,0.7987262863092343,0.23514854555077136
163.209125995636,0.8077669492654381,0.10440238878928171,0.8240810519490231,0.24182310153727338
163.25955390930176,0.8077669492654381,0.10440238878928171,0.8494344308227082,0.2484489881120826
163.31094551086426,0.8077669492654381,0.10440238878928171,0.8752679667641158,0.2551506831212045
163.3633816242218,0.8077669492654381,0.10440238878928171,0.901621418339742,0.2619355927302016
163.41656804084778,0.8077669492654381,0.10440238878928171,0.9283460122360606,0.26876277555549644
163.4670262336731,0.8077669492654381,0.10440238878928171,0.9536936233102574,0.2751886108304715
163.51833701133728,0.8077669492654381,0.10440238878928171,0.9794628167718085,0.28167184109205046
163.56894826889038,0.8077669492654381,0.10440238878928171,1.004873494111291,0.28801601647320973
163.6194269657135,0.8077669492654381,0.10440238878928171,1.0302099213858869,0.2942933452964005
163.67076921463013,1.1391470027954698,0.19400480785661936,1.0559713211098818,0.3006264964959997
163.72115278244019,1.1391470027954698,0.19400480785661936,1.0812428267360266,0.30679073478085517
163.77163314819336,1.1391470027954698,0.19400480785661936,1.1065535092151726,0.3129163906057775
163.82211446762085,1.1391470027954698,0.19400480785661936,1.1318547223327646,0.3189915894180184
163.87272000312805,1.1391470027954698,0.19400480785661936,1.15720764223525,0.3250308808937099
163.92311692237854,1.1391470027954698,0.19400480785661936,1.1824449865310436,0.3309945780730703
163.97354316711426,1.1391470027954698,0.19400480785661936,1.2076854068529306,0.3369110165059257
164.02423000335693,1.1391470027954698,0.19400480785661936,1.2330439945104246,0.34280680160205534
164.07486033439636,1.1391470027954698,0.19400480785661936,1.258361464201713,0.34864465112742593
164.12553310394287,1.1391470027954698,0.19400480785661936,1.2836867284991857,0.3544359081374786
164.1764132976532,1.1391470027954698,0.19400480785661936,1.3091015710598795,0.3601989614439649
164.22850036621094,1.1391470027954698,0.19400480785661936,1.335104027822428,0.3660447453862621
164.27901029586792,1.1391470027954698,0.19400480785661936,1.3603038689588556,0.37166129665010095
164.32948660850525,1.1391470027954698,0.19400480785661936,1.3854713296854537,0.37722265627400997
164.379891872406,1.5166378626256685,0.2870008686572646,1.4105872341717591,0.3827247841612227
164.4302921295166,1.5166378626256685,0.2870008686572646,1.435683966395887,0.3881749317814571
164.48077869415283,1.5166378626256685,0.2870008686572646,1.460806394678714,0.3935827770250233
164.53352546691895,1.5166378626256685,0.2870008686572646,1.48703443342395,0.3991774455014401
164.58397006988525,1.5166378626256685,0.2870008686572646,1.512098906152718,0.404475016253655
164.634605884552,1.5166378626256685,0.2870008686572646,1.5372393041014127,0.40974057151177856
164.6850402355194,1.5166378626256685,0.2870008686572646,1.5622601104215004,0.41493322896641205
164.736013174057,1.5166378626256685,0.2870008686572646,1.5875277014450242,0.4201285975821434
164.78644561767578,1.5166378626256685,0.2870008686572646,1.612506606633057,0.42521663517053243
164.83685517311096,1.5166378626256685,0.2870008686572646,1.637452980604055,0.43025037749997574
164.88738822937012,1.5166378626256685,0.2870008686572646,1.6624386436861953,0.43524423037186866
164.93776059150696,1.5166378626256685,0.2870008686572646,1.6873225443047968,0.4401701120493646
164.98817610740662,1.5166378626256685,0.2870008686572646,1.7122049039119747,0.4450480867243214
165.03895092010498,1.5166378626256685,0.2870008686572646,1.737240915080859,0.4499080662833559
165.09388995170593,1.8695563884371815,0.36483548843208163,1.7643027951827004,0.45510693482611675
165.14435958862305,1.8695563884371815,0.36483548843208163,1.7891374209590363,0.45982813528563815
165.19545698165894,1.8695563884371815,0.36483548843208163,1.8142552701044672,0.46455462113465185
165.2458381652832,1.8695563884371815,0.36483548843208163,1.8389951973567362,0.46916217187015086
165.29616451263428,1.8695563884371815,0.36483548843208163,1.8636820098377462,0.4737124384660514
165.34656691551208,1.8695563884371815,0.36483548843208163,1.8883793445888515,0.47821718422420645
165.3969235420227,1.8695563884371815,0.36483548843208163,1.913026926983264,0.48266543687241725
165.4504053592682,1.8695563884371815,0.36483548843208163,1.939173645894943,0.48733236010473124
165.5009093284607,1.8695563884371815,0.36483548843208163,1.9638350792798605,0.4916851221911349
165.5511999130249,1.8695563884371815,0.36483548843208163,1.9883633318078249,0.49596704300614913
165.6018946170807,1.8695563884371815,0.36483548843208163,2.013058856861469,0.5002303714285428
165.652277469635,1.8695563884371815,0.36483548843208163,2.037572240309114,0.5044147245399917
165.7026722431183,1.8695563884371815,0.36483548843208163,2.062060729258166,0.5085474380763761
165.7531213760376,2.207050445788102,0.43032569103275686,2.086544334391415,0.5126318658588063
165.80347418785095,2.207050445788102,0.43032569103275686,2.1109494184810362,0.5166558538232042
165.85490942001343,2.207050445788102,0.43032569103275686,2.1358457863987237,0.5207120258387712
165.90557050704956,2.207050445788102,0.43032569103275686,2.1603339362067904,0.5246534688597446
165.95615220069885,2.207050445788102,0.43032569103275686,2.1847499779602235,0.528535572251764
166.0066545009613,2.207050445788102,0.43032569103275686,2.2090935184727116,0.5323585733386587
166.057799577713,2.207050445788102,0.43032569103275686,2.2337115267236336,0.5361762384340083
166.10860753059387,2.207050445788102,0.43032569103275686,2.258131462227422,0.5399149310143341
166.16069221496582,2.207050445788102,0.43032569103275686,2.283127409308465,0.5436918955184575
166.21296048164368,2.207050445788102,0.43032569103275686,2.3081725640736375,0.5474255020343373
166.263414144516,2.207050445788102,0.43032569103275686,2.332310696836147,0.5509756373523675
166.3143768310547,2.207050445788102,0.43032569103275686,2.3566543726728466,0.554507885798873
166.36504077911377,2.207050445788102,0.43032569103275686,2.380816954469025,0.5579659298390407
166.4154350757599,2.207050445788102,0.43032569103275686,2.4048124125508323,0.5613526557119104
166.4657804965973,2.5401368444085146,0.4860658129668431,2.428745693968661,0.5646834066300719
166.51620054244995,2.5401368444085146,0.4860658129668431,2.4526749385682898,0.5679663196861617
166.567036151886,2.5401368444085146,0.4860658129668431,2.4767608288773033,0.571222830941652
166.61745643615723,2.5401368444085146,0.4860658129668431,2.500609146614014,0.5743997245162329
166.66790533065796,2.5401368444085146,0.4860658129668431,2.5244297969582377,0.577525594023311
166.71831512451172,2.5401368444085146,0.4860658129668431,2.5481902834296344,0.5805962752419216
166.76868987083435,2.5401368444085146,0.4860658129668431,2.5718920721411944,0.5836121480942071
166.81900906562805,2.5401368444085146,0.4860658129668431,2.595525095564951,0.5865721455893969
166.86964559555054,2.5401368444085146,0.4860658129668431,2.6192636125046045,0.589497812365527
166.92008209228516,2.5401368444085146,0.4860658129668431,2.642864391741437,0.5923590944676964
166.97051429748535,2.5401368444085146,0.4860658129668431,2.666418758798261,0.5951674416423653
167.02098417282104,2.5401368444085146,0.4860658129668431,2.689945733732678,0.5979251646108481
167.0713939666748,2.5401368444085146,0.4860658129668431,2.71339924641234,0.6006269855043667
167.1218285560608,2.5401368444085146,0.4860658129668431,2.736818302695064,0.603277538929591
167.17408752441406,2.88152638256782,0.5342319230984581,2.761035403745115,0.605968507219024
167.22466254234314,2.88152638256782,0.5342319230984581,2.784424024420521,0.6085190490000785
167.27554082870483,2.88152638256782,0.5342319230984581,2.8079045809703613,0.611031610477379
167.3260064125061,2.88152638256782,0.5342319230984581,2.8311462724081817,0.6134710442023645
167.37646961212158,2.88152638256782,0.5342319230984581,2.854338136101074,0.6158578743076877
167.4268660545349,2.88152638256782,0.5342319230984581,2.8774501621392865,0.6181892056310034
167.47776222229004,2.88152638256782,0.5342319230984581,2.900740972953394,0.6204906113822775
167.52850794792175,2.88152638256782,0.5342319230984581,2.9239119898970367,0.6227321925930487
167.57910585403442,2.88152638256782,0.5342319230984581,2.946964328771719,0.6249145800784128
167.62949323654175,2.88152638256782,0.5342319230984581,2.9698694410197004,0.6270356772793511
167.67993116378784,2.88152638256782,0.5342319230984581,2.992745726509865,0.6291067739808955
167.73025512695312,2.88152638256782,0.5342319230984581,3.0155181519343714,0.631121266323722
167.78139638900757,2.88152638256782,0.5342319230984581,3.038606498894988,0.6331153956112705
167.83188724517822,2.88152638256782,0.5342319230984581,3.0613473663919324,0.6350317305938429
167.8822796344757,2.88152638256782,0.5342319230984581,3.0839900215416884,0.6368924420376239
167.93269729614258,3.207462652307541,0.5708963290270095,3.1065896662545107,0.6387022727022433
167.98312997817993,3.207462652307541,0.5708963290270095,3.129141126073777,0.6404608550728041
168.03440618515015,3.207462652307541,0.5708963290270095,3.152012935793806,0.6421958156921175
168.08786749839783,3.207462652307541,0.5708963290270095,3.1757978095571398,0.6439478436702277
168.13847470283508,3.207462652307541,0.5708963290270095,3.198254407289496,0.6455529225521794
168.18950080871582,3.207462652307541,0.5708963290270095,3.2208387666440883,0.6471187644447203
168.23997688293457,3.207462652307541,0.5708963290270095,3.2431217429295156,0.6486159107011598
168.2904143333435,3.207462652307541,0.5708963290270095,3.2653296023251444,0.6500605088855336
168.34105682373047,3.207462652307541,0.5708963290270095,3.2875688336839457,0.6514593596419171
168.39142489433289,3.207462652307541,0.5708963290270095,3.3096285020460874,0.6527994030772604
168.4424524307251,3.207462652307541,0.5708963290270095,3.331916426741984,0.654104977133533
168.4934642314911,3.207462652307541,0.5708963290270095,3.3541360257871173,0.6553579039701325
168.54411602020264,3.207462652307541,0.5708963290270095,3.376137505881477,0.6565503885881192
168.5975058078766,3.529457295099905,0.597456910121388,3.3992615931248924,0.6577517674405473
168.64791870117188,3.529457295099905,0.597456910121388,3.421032983275905,0.6588339043081977
168.6983072757721,3.529457295099905,0.597456910121388,3.44273187687126,0.6598648891472068
168.74867367744446,3.529457295099905,0.597456910121388,3.4643587899164867,0.660844926360924
168.79902577400208,3.529457295099905,0.597456910121388,3.485916676631775,0.661774316047719
168.84945464134216,3.529457295099905,0.597456910121388,3.507443921619119,0.6626547396876687
168.9001944065094,3.529457295099905,0.597456910121388,3.5290392391744145,0.663489799726587
168.95099878311157,3.529457295099905,0.597456910121388,3.5505965896754206,0.6642749780268824
169.00140190124512,3.529457295099905,0.597456910121388,3.571918451878218,0.665003680256989
169.0525040626526,3.529457295099905,0.597456910121388,3.593469202649504,0.6656914713198199
169.10295295715332,3.529457295099905,0.597456910121388,3.614677966120376,0.666320186478291
169.15433549880981,3.529457295099905,0.597456910121388,3.6362108223264147,0.6669092910563723
169.20531916618347,3.529457295099905,0.597456910121388,3.657507783203842,0.6674428181213465
169.2559370994568,3.529457295099905,0.597456910121388,3.6785837405456707,0.6679223688754583
169.307377576828,3.8228605439819385,0.6122169212974362,3.699932033103334,0.6683586347498189
169.357985496521,3.8228605439819385,0.6122169212974362,3.7208653079356417,0.6687377088818898
169.40838408470154,3.8228605439819385,0.6122169212974362,3.7416430104402245,0.6690659164043864
169.45881485939026,3.8228605439819385,0.6122169212974362,3.7623645984042278,0.6693452059547089
169.50923442840576,3.8228605439819385,0.6122169212974362,3.7830117253474342,0.6695754241964136
169.56001377105713,3.8228605439819385,0.6122169212974362,3.8037351051028523,0.6697578765788317
169.6105124950409,3.8228605439819385,0.6122169212974362,3.8242727485403987,0.6698902688943704
169.66133284568787,3.8228605439819385,0.6122169212974362,3.8448690220551995,0.6699742453597417
169.71205615997314,3.8228605439819385,0.6122169212974362,3.8653532968125077,0.6700089143978594
169.76280307769775,3.8228605439819385,0.6122169212974362,3.8857739750557228,0.6699945940244549
169.81309938430786,3.8228605439819385,0.6122169212974362,3.905940686356185,0.6699321632771755
169.86345410346985,3.8228605439819385,0.6122169212974362,3.926057914834639,0.6698216834489903
169.91429567337036,3.8228605439819385,0.6122169212974362,3.946295170348582,0.669661565914828
169.96484541893005,3.8228605439819385,0.6122169212974362,3.9663416116701136,0.6694541183691116
170.01534581184387,4.103742137067369,0.6175243300927405,3.9862936887332983,0.6691989696189276
170.06581377983093,4.103742137067369,0.6175243300927405,4.006157812961486,0.6688962876565534
170.11614966392517,4.103742137067369,0.6175243300927405,4.025894671885306,0.6685470412932417
170.16669130325317,4.103742137067369,0.6175243300927405,4.045636113342873,0.6681489229493582
170.2171654701233,4.103742137067369,0.6175243300927405,4.065274650000305,0.6677040323083294
170.26752948760986,4.103742137067369,0.6175243300927405,4.084793631255806,0.6672131383545916
170.31802678108215,4.103742137067369,0.6175243300927405,4.104286896735749,0.6666739814755474
170.3683807849884,4.103742137067369,0.6175243300927405,4.123647262351534,0.6660896750358065
170.41872549057007,4.103742137067369,0.6175243300927405,4.142926155126496,0.6654590241828506
170.46906423568726,4.103742137067369,0.6175243300927405,4.162124447870808,0.6647821575834669
170.5194091796875,4.103742137067369,0.6175243300927405,4.181246338284705,0.6640590624207374
170.5703945159912,4.103742137067369,0.6175243300927405,4.200530732576838,0.6632798933646007
170.62107276916504,4.103742137067369,0.6175243300927405,4.219618025878567,0.662458828064667
170.67449927330017,4.103742137067369,0.6175243300927405,4.239652531848417,0.6615431175594217
170.72489094734192,4.374193522032095,0.6141615833700192,4.258465885417891,0.6606324470584028
170.77539205551147,4.374193522032095,0.6141615833700192,4.277238704458312,0.6596742110964575
170.82662320137024,4.374193522032095,0.6141615833700192,4.2961992028574985,0.6586556579921039
170.87706589698792,4.374193522032095,0.6141615833700192,4.314785100522267,0.6576072224604181
170.92744326591492,4.374193522032095,0.6141615833700192,4.333264503738478,0.6565151932653657
170.97786712646484,4.374193522032095,0.6141615833700192,4.351678051212357,0.6553773380695682
171.0285849571228,4.374193522032095,0.6141615833700192,4.370114847001311,0.6541877872290305
171.07917952537537,4.374193522032095,0.6141615833700192,4.388422369389135,0.6529562705912302
171.12971234321594,4.374193522032095,0.6141615833700192,4.406622916243055,0.6516817094352314
171.18010783195496,4.374193522032095,0.6141615833700192,4.424689347471717,0.6503664460877081
171.2315320968628,4.374193522032095,0.6141615833700192,4.443037012316744,0.6489790480394695
171.2820327281952,4.374193522032095,0.6141615833700192,4.460968620960479,0.6475722309839922
171.33255434036255,4.374193522032095,0.6141615833700192,4.478821480530636,0.646121045217888
171.38377141952515,4.374193522032095,0.6141615833700192,4.496831669957419,0.6446053656650859
171.43416118621826,4.6158408622356895,0.6015993413549857,4.514463640046536,0.6430706104791086
171.48601412773132,4.6158408622356895,0.6015993413549857,4.532516766028667,0.6414463791599603
171.5364954471588,4.6158408622356895,0.6015993413549857,4.5500034308518735,0.6398215382151329
171.58689403533936,4.6158408622356895,0.6015993413549857,4.56737352216919,0.6381566626587936
171.63725423812866,4.6158408622356895,0.6015993413549857,4.584642241682992,0.6364506276222077
171.68766832351685,4.6158408622356895,0.6015993413549857,4.601840790400697,0.6347004756539263
171.7381739616394,4.6158408622356895,0.6015993413549857,4.61898123847846,0.6329049059756764
171.7887840270996,4.6158408622356895,0.6015993413549857,4.636067037591659,0.6310634074566681
171.83950686454773,4.6158408622356895,0.6015993413549857,4.653100026604548,0.6291755998354969
171.89021754264832,4.6158408622356895,0.6015993413549857,4.6700375859870675,0.6272462045445171
171.94086027145386,4.6158408622356895,0.6015993413549857,4.686860904400145,0.6252776422535149
171.99128699302673,4.6158408622356895,0.6015993413549857,4.703521178223713,0.6232762169300865
172.04165887832642,4.6158408622356895,0.6015993413549857,4.720072007078214,0.6212360621920365
172.0921037197113,4.6158408622356895,0.6015993413549857,4.736554949042599,0.6191521800436395
172.1425075531006,4.6158408622356895,0.6015993413549857,4.752932299489856,0.6170294408349819
172.19292211532593,4.845626041283184,0.5803990341947296,4.7692205745667895,0.6148659049038567
172.2436752319336,4.845626041283184,0.5803990341947296,4.785524346330634,0.6126472900192526
172.2940285205841,4.845626041283184,0.5803990341947296,4.801606214470752,0.6104061532460621
172.34439992904663,4.845626041283184,0.5803990341947296,4.817600353977342,0.6081245535885191
172.39482402801514,4.845626041283184,0.5803990341947296,4.833517175929744,0.6058010496391697
172.44556140899658,4.845626041283184,0.5803990341947296,4.849437541093872,0.6034234144909805
172.49592661857605,4.845626041283184,0.5803990341947296,4.865146167787094,0.6010240504415953
172.5462965965271,4.845626041283184,0.5803990341947296,4.880761296783276,0.5985856408110901
172.59671998023987,4.845626041283184,0.5803990341947296,4.896297481354177,0.5961059774483632
172.64714312553406,4.845626041283184,0.5803990341947296,4.9117376835766855,0.5935878524436775
172.69796442985535,4.845626041283184,0.5803990341947296,4.927202398045619,0.5910111330429659
172.74851155281067,4.845626041283184,0.5803990341947296,4.94248632008188,0.5884099867781967
172.79913973808289,4.845626041283184,0.5803990341947296,4.9576970662508355,0.58576657443419
172.8503909111023,4.845626041283184,0.5803990341947296,4.972995044422085,0.5830520310572913
172.90151381492615,5.066154478826123,0.5507761879382375,4.988154201256464,0.5803058188109274
172.95195817947388,5.066154478826123,0.5507761879382375,5.003013385644405,0.5775586304273326
173.00239896774292,5.066154478826123,0.5507761879382375,5.01777307260063,0.5747746908641989
173.05284786224365,5.066154478826123,0.5507761879382375,5.0324363261868665,0.5719535765839088
173.10321283340454,5.066154478826123,0.5507761879382375,5.046976282209119,0.5691007434938546
173.15350985527039,5.066154478826123,0.5507761879382375,5.0613976649041135,0.5662156785985288
173.20399641990662,5.066154478826123,0.5507761879382375,5.075773610446655,0.5632837107434896
173.25433659553528,5.066154478826123,0.5507761879382375,5.09000800433628,0.5603245330791489
173.30496096611023,5.066154478826123,0.5507761879382375,5.104221858125578,0.5573129212139576
173.3554244041443,5.066154478826123,0.5507761879382375,5.118289495994433,0.5542754595193276
173.4059703350067,5.066154478826123,0.5507761879382375,5.132278686044368,0.5511978147468481
173.45634078979492,5.066154478826123,0.5507761879382375,5.1461179893732565,0.5480960272743833
173.50677919387817,5.066154478826123,0.5507761879382375,5.159874291274676,0.5449554558943186
173.55737400054932,5.242892794228601,0.5182194230354992,5.173570717023261,0.5417706017406287
173.60785508155823,5.242892794228601,0.5182194230354992,5.187133693897021,0.5385586660217263
173.65827870368958,5.242892794228601,0.5182194230354992,5.200578547316089,0.5353164840118656
173.7086980342865,5.242892794228601,0.5182194230354992,5.21391933139458,0.5320409414103251
173.7601456642151,5.242892794228601,0.5182194230354992,5.227425789258614,0.5286641755315051
173.8109381198883,5.242892794228601,0.5182194230354992,5.24065448946584,0.5252965589131442
173.86206030845642,5.242892794228601,0.5182194230354992,5.253862648256298,0.521873371106961
173.91265320777893,5.242892794228601,0.5182194230354992,5.266828639021218,0.5184525815847101
173.9632694721222,5.242892794228601,0.5182194230354992,5.279695371989135,0.5149975694368414
174.01404762268066,5.242892794228601,0.5182194230354992,5.29249717939379,0.5114989532052474
174.06451225280762,5.242892794228601,0.5182194230354992,5.305114383064303,0.5079898862638454
174.11502122879028,5.242892794228601,0.5182194230354992,5.317637007485587,0.5044459933145933
174.16541242599487,5.242892794228601,0.5182194230354992,5.330024798198533,0.5008789712218595
174.2158169746399,5.242892794228601,0.5182194230354992,5.342310032881222,0.49727988850981464
174.2667055130005,5.423029324771653,0.4735474819664018,5.354605560831008,0.49361493641485366
174.3175117969513,5.423029324771653,0.4735474819664018,5.366773003539409,0.4899247853275177
174.36815333366394,5.423029324771653,0.4735474819664018,5.378793108739388,0.48621591461990943
174.4195008277893,5.423029324771653,0.4735474819664018,5.390870519278515,0.4824243300260034
174.4699466228485,5.423029324771653,0.4735474819664018,5.402627448155581,0.4786691835955996
174.5205054283142,5.423029324771653,0.4735474819664018,5.414302645396166,0.47487590929557366
174.57123231887817,5.423029324771653,0.4735474819664018,5.425907653202014,0.4710403912224306
174.62184238433838,5.423029324771653,0.4735474819664018,5.437376855755456,0.46718439207150686
174.67237496376038,5.423029324771653,0.4735474819664018,5.448719528657632,0.4633053485400256
174.72279739379883,5.423029324771653,0.4735474819664018,5.459928683654425,0.4594061937388403
174.7733974456787,5.423029324771653,0.4735474819664018,5.4710678137035496,0.4554648837879527
174.82376790046692,5.423029324771653,0.4735474819664018,5.482047184575994,0.4515134474393363
174.87432503700256,5.423029324771653,0.4735474819664018,5.49295741733266,0.44751953270619393
174.92475008964539,5.423029324771653,0.4735474819664018,5.503729291920548,0.4435085447117506
174.97542309761047,5.579235243746418,0.42332618587709137,5.514443361742403,0.43945043033080866
175.02611303329468,5.579235243746418,0.42332618587709137,5.525049659573874,0.4353637496671072
175.07652926445007,5.579235243746418,0.42332618587709137,5.535487972642004,0.43127241246364934
175.12753534317017,5.579235243746418,0.42332618587709137,5.545935801157622,0.42710636617998565
175.17811703681946,5.579235243746418,0.42332618587709137,5.556184604306694,0.42294859697047915
175.228524684906,5.579235243746418,0.42332618587709137,5.566286851690538,0.41877926926862763
175.28152585029602,5.579235243746418,0.42332618587709137,5.576788791226808,0.4143678798559084
175.33200573921204,5.579235243746418,0.42332618587709137,5.586676464263848,0.4101403746786312
175.3827896118164,5.579235243746418,0.42332618587709137,5.596510538046238,0.40586213366934576
175.43336009979248,5.579235243746418,0.42332618587709137,5.6061902948368,0.401576954703184
175.48382186889648,5.579235243746418,0.42332618587709137,5.615736621741048,0.39727648605425325
175.534428358078,5.579235243746418,0.42332618587709137,5.625197120617246,0.3929393838796924
175.58477902412415,5.579235243746418,0.42332618587709137,5.6344970666236955,0.38860033541296646
175.63518357276917,5.579235243746418,0.42332618587709137,5.643694125556392,0.3842330750281213
175.68590903282166,5.716592938734573,0.36868767804526553,5.652835543821057,0.37981448686089636
175.73763585090637,5.716592938734573,0.36868767804526553,5.662039225934895,0.3752846688634638
175.78826069831848,5.716592938734573,0.36868767804526553,5.670931058453556,0.3708281750413305
175.83878707885742,5.716592938734573,0.36868767804526553,5.679691190437765,0.3663577762065384
175.88925123214722,5.716592938734573,0.36868767804526553,5.68832624672688,0.36187065933336227
175.93971943855286,5.716592938734573,0.36868767804526553,5.6968475656010185,0.3573612554575203
175.99006009101868,5.716592938734573,0.36868767804526553,5.7052331484323,0.3528416896660791
176.04037857055664,5.716592938734573,0.36868767804526553,5.713500864561846,0.3483028823374391
176.09071588516235,5.716592938734573,0.36868767804526553,5.721657272129189,0.3437414225017107
176.1412947177887,5.716592938734573,0.36868767804526553,5.729737374315855,0.3391372574778371
176.19213008880615,5.716592938734573,0.36868767804526553,5.737741671224719,0.3344890055250167
176.2427773475647,5.716592938734573,0.36868767804526553,5.7455997273995685,0.32983757674656666
176.29344630241394,5.716592938734573,0.36868767804526553,5.753344485355482,0.32516409759514464
176.3438811302185,5.823187646300115,0.3136530431527343,5.760937395181358,0.3204925827636105
176.39429211616516,5.823187646300115,0.3136530431527343,5.76841082833398,0.3158039971971135
176.44520664215088,5.823187646300115,0.3136530431527343,5.775841133165492,0.3110493120726865
176.49563837051392,5.823187646300115,0.3136530431527343,5.783084122617353,0.30632092087421625
176.5461232662201,5.823187646300115,0.3136530431527343,5.7902180942182815,0.30156910763113487
176.59668612480164,5.823187646300115,0.3136530431527343,5.797245930603894,0.2967917627476677
176.64763951301575,5.823187646300115,0.3136530431527343,5.8042092769842375,0.29195940179067537
176.69956398010254,5.823187646300115,0.3136530431527343,5.8111825041893015,0.28701654930604226
176.74998998641968,5.823187646300115,0.3136530431527343,5.817835661244666,0.28219887157525425
176.800931930542,5.823187646300115,0.3136530431527343,5.824437834785731,0.2773147290619591
176.85249853134155,5.823187646300115,0.3136530431527343,5.830998933853805,0.2723534306234875
176.90471935272217,5.823187646300115,0.3136530431527343,5.837517989482141,0.26731181038273555
176.95529961585999,5.823187646300115,0.3136530431527343,5.84371189695406,0.2624122157809523
177.00576448440552,5.823187646300115,0.3136530431527343,5.849773506510063,0.25750805840686986
177.05608940124512,5.919494337730307,0.2489968404513157,5.855700623796715,0.2526021431265779
177.10652422904968,5.919494337730307,0.2489968404513157,5.861522644529172,0.24767042578920795
177.1569426059723,5.919494337730307,0.2489968404513157,5.867224518676563,0.2427255211295808
177.2073483467102,5.919494337730307,0.2489968404513157,5.8728066476353815,0.23776736884558108
177.25855946540833,5.919494337730307,0.2489968404513157,5.878356682211638,0.2327154718938833
177.30917406082153,5.919494337730307,0.2489968404513157,5.883721820103391,0.22770834517129324
177.35951209068298,5.919494337730307,0.2489968404513157,5.888938951650552,0.22271500350324747
177.4100067615509,5.919494337730307,0.2489968404513157,5.894053277763116,0.21769282688010855
177.46074056625366,5.919494337730307,0.2489968404513157,5.899071631182446,0.21263376121411887
177.51121306419373,5.919494337730307,0.2489968404513157,5.903944472664344,0.20758802428931022
177.56304359436035,5.919494337730307,0.2489968404513157,5.90882408934894,0.20239363379277497
177.6136178970337,5.919494337730307,0.2489968404513157,5.91346388173342,0.19731286361054623
177.66405510902405,5.919494337730307,0.2489968404513157,5.917971411245902,0.1922340975596465
177.71446299552917,5.919494337730307,0.2489968404513157,5.922356795993858,0.18714684844814455
177.7648994922638,5.992638440621057,0.18192547000115494,5.926624976884577,0.18204557583826647
177.815509557724,5.992638440621057,0.18192547000115494,5.930787400614784,0.17691585992394654
177.86593794822693,5.992638440621057,0.18192547000115494,5.934814782437685,0.17179401795950588
177.9164319038391,5.992638440621057,0.18192547000115494,5.9387271885902155,0.16665528351361303
177.9670045375824,5.992638440621057,0.18192547000115494,5.9425250282600866,0.16149858791805238
178.01748657226562,5.992638440621057,0.18192547000115494,5.946195543518158,0.15634150481014958
178.06951260566711,5.992638440621057,0.18192547000115494,5.949852238283732,0.1510169563805998
178.11987161636353,5.992638440621057,0.18192547000115494,5.953269783384535,0.14585392178154072
178.17043495178223,5.992638440621057,0.18192547000115494,5.9565803872896534,0.14066125015433406
178.22102665901184,5.992638440621057,0.18192547000115494,5.959771617605744,0.13545726296960642
178.27143096923828,5.992638440621057,0.18192547000115494,5.962830360864898,0.13026450482034613
178.32184529304504,5.992638440621057,0.18192547000115494,5.965769162257118,0.12506299051221298
178.37239909172058,5.992638440621057,0.18192547000115494,5.968594963178124,0.11983963995807584
178.42284989356995,5.992638440621057,0.18192547000115494,5.971294013442879,0.11461980925400111
178.47327947616577,6.041843817109911,0.11289586882352029,5.973871071901151,0.10939537478201508
178.52371311187744,6.041843817109911,0.11289586882352029,5.976327431819097,0.10416403290056339
178.57412147521973,6.041843817109911,0.11289586882352029,5.978661684151778,0.09892914054005539
178.62456893920898,6.041843817109911,0.11289586882352029,5.980876705769425,0.09368432156281739
178.67494463920593,6.041843817109911,0.11289586882352029,5.9829676950278134,0.08844141887163282
178.72542762756348,6.041843817109911,0.11289586882352029,5.984941907377955,0.08318210371882195
178.77872347831726,6.041843817109911,0.11289586882352029,5.986894379563109,0.07762439141210478
178.829176902771,6.041843817109911,0.11289586882352029,5.988617995896811,0.0723583496144253
178.87978529930115,6.041843817109911,0.11289586882352029,5.990224998254451,0.06707182289925759
178.9306879043579,6.041843817109911,0.11289586882352029,5.9917181429343,0.06175052805020702
178.98108291625977,6.041843817109911,0.11289586882352029,5.993074648591566,0.05647862477306985
179.0315065383911,6.041843817109911,0.11289586882352029,5.994310650019925,0.05120038571488936
179.08191990852356,6.041843817109911,0.11289586882352029,5.995425099675875,0.04592018964323555
179.13592004776,6.041843817109911,0.11289586882352029,5.9964842708606065,0.0402613167081738
179.18642163276672,6.066399674209706,0.042047911490543904,5.997348839823786,0.03496658930221845
179.23688101768494,6.066399674209706,0.042047911490543904,5.998091055143674,0.02967421277545828
179.28784370422363,6.066399674209706,0.042047911490543904,5.998717250584244,0.024327263911356506
179.3382909297943,6.066399674209706,0.042047911490543904,5.999214937823598,0.01903294710822237
179.38868021965027,6.066399674209706,0.042047911490543904,5.9995906976589986,0.013743584906230552
179.4391040802002,6.066399674209706,0.042047911490543904,5.999845295598509,0.00844978082898196
179.48954844474792,6.066399674209706,0.042047911490543904,5.999978455720136,0.003153323807825353
